[{"success":true,"timeout":false,"failed_images":[],"failed_audio":[],"failed_video":[],"trial_type":"preload","trial_index":0,"time_elapsed":957,"internal_node_id":"0.0-0.0"},{"success":true,"trial_type":"fullscreen","trial_index":1,"time_elapsed":6744,"internal_node_id":"0.0-1.0"},{"rt":3070,"stimulus":"Welcome to the experiment. Press any key to begin.","response":"g","trial_type":"html-keyboard-response","trial_index":2,"time_elapsed":9819,"internal_node_id":"0.0-2.0"},{"view_history":[{"page_index":0,"viewing_time":4421},{"page_index":1,"viewing_time":4509},{"page_index":2,"viewing_time":30754},{"page_index":3,"viewing_time":1760},{"page_index":4,"viewing_time":1528},{"page_index":5,"viewing_time":1087},{"page_index":6,"viewing_time":4865},{"page_index":7,"viewing_time":15681},{"page_index":8,"viewing_time":33779},{"page_index":9,"viewing_time":9365},{"page_index":10,"viewing_time":2008},{"page_index":11,"viewing_time":755},{"page_index":12,"viewing_time":1224},{"page_index":13,"viewing_time":2069},{"page_index":14,"viewing_time":2968},{"page_index":15,"viewing_time":7020},{"page_index":16,"viewing_time":1244},{"page_index":17,"viewing_time":923},{"page_index":18,"viewing_time":1311},{"page_index":19,"viewing_time":5870},{"page_index":20,"viewing_time":6596},{"page_index":21,"viewing_time":4968}],"rt":144706,"trial_type":"instructions","trial_index":3,"time_elapsed":154529,"internal_node_id":"0.0-3.0"},{"rt":55326,"url":"../static/nodeGraphsTraining_normal.html","skip":[],"edgeClickLog":[],"inference_edge":[],"inference_edgeClickLog":[],"trial_type":"external-html","trial_index":4,"time_elapsed":210019,"internal_node_id":"0.0-4.0"},{"rt":82528,"response":{"q1":"The goal is to help the student to get the most points","q2":"False","q3":"Possible paths you, as the teacher, can choose to teach the learner.","q4":"Possible paths you, as the teacher, can choose to teach the learner."},"question_order":[0,1,2,3],"trial_type":"survey-multi-choice","trial_index":5,"time_elapsed":292558,"internal_node_id":"0.0-5.0"},{"rt":50155,"response":{"q1":"The goal is to help the student to get the most points","q2":"False","q3":"Possible paths you, as the teacher, can choose to teach the learner.","q4":"Paths that the student took before."},"question_order":[0,1,2,3],"trial_type":"survey-multi-choice","trial_index":6,"time_elapsed":342722,"internal_node_id":"0.0-6.0-0.0"},{"rt":7894,"stimulus":"<p>You can take a 60 second break before starting the experiment.</p><br><br><p>This page will advance in 60 seconds or you can press any key to advance now.</p>","response":" ","trial_type":"html-keyboard-response","trial_index":7,"time_elapsed":350623,"internal_node_id":"0.0-7.0"},{"view_history":[{"page_index":0,"viewing_time":442649}],"rt":442650,"trial_type":"instructions","trial_index":8,"time_elapsed":793273,"internal_node_id":"0.0-8.0"},{"rt":34017,"url":"../static/nodeGraphs_normal.html","edge":"0to1","edgeRT":"28366","skip":"false","flipped":"FALSE","index":"0","edgeClickLog":"[{\"edgeSelection\":\"2to4\",\"edgeRTMS\":5366},{\"edgeSelection\":\"0to2\",\"edgeRTMS\":17108},{\"edgeSelection\":\"0to1\",\"edgeRTMS\":28366}]","trial_id":"incong_0","congruency":"I","trial_group":"1to5","condition":"normal","inference_edge":[],"inference_edgeClickLog":[],"task":"experiment","subjectId":"cvgoo0gm8tlsms9","trial_type":"external-html","trial_index":9,"time_elapsed":827585,"internal_node_id":"0.0-9.0-0.0"},{"rt":37246,"url":"../static/nodeGraphs_normal.html","edge":"3to6","edgeRT":"34151","skip":"false","flipped":"FALSE","index":"1","edgeClickLog":"[{\"edgeSelection\":\"3to6\",\"edgeRTMS\":34151}]","trial_id":"incong_5","congruency":"I","trial_group":"1to5","condition":"normal","inference_edge":[],"inference_edgeClickLog":[],"task":"experiment","subjectId":"cvgoo0gm8tlsms9","trial_type":"external-html","trial_index":10,"time_elapsed":865495,"internal_node_id":"0.0-9.0-0.1"},{"rt":24585,"url":"../static/nodeGraphs_normal.html","edge":"0to2","edgeRT":"20479","skip":"false","flipped":"FALSE","index":"2","edgeClickLog":"[{\"edgeSelection\":\"0to2\",\"edgeRTMS\":20479}]","trial_id":"incong_3","congruency":"I","trial_group":"1to5","condition":"normal","inference_edge":[],"inference_edgeClickLog":[],"task":"experiment","subjectId":"cvgoo0gm8tlsms9","trial_type":"external-html","trial_index":11,"time_elapsed":890712,"internal_node_id":"0.0-9.0-0.2"},{"rt":9099,"url":"../static/nodeGraphs_normal.html","edge":"0to2","edgeRT":"8635","skip":"false","flipped":"FALSE","index":"3","edgeClickLog":"[{\"edgeSelection\":\"0to2\",\"edgeRTMS\":8635}]","trial_id":"incong_10","congruency":"I","trial_group":"1to5","condition":"normal","inference_edge":[],"inference_edgeClickLog":[],"task":"experiment","subjectId":"cvgoo0gm8tlsms9","trial_type":"external-html","trial_index":12,"time_elapsed":900446,"internal_node_id":"0.0-9.0-0.3"},{"rt":11169,"url":"../static/nodeGraphs_normal.html","edge":"0to1","edgeRT":"10415","skip":"false","flipped":"FALSE","index":"4","edgeClickLog":"[{\"edgeSelection\":\"0to1\",\"edgeRTMS\":10415}]","trial_id":"incong_2","congruency":"I","trial_group":"1to5","condition":"normal","inference_edge":[],"inference_edgeClickLog":[],"task":"experiment","subjectId":"cvgoo0gm8tlsms9","trial_type":"external-html","trial_index":13,"time_elapsed":912256,"internal_node_id":"0.0-9.0-0.4"},{"rt":13103,"url":"../static/nodeGraphs_normal.html","edge":"0to3","edgeRT":"12286","skip":"false","flipped":"TRUE","index":"5","edgeClickLog":"[{\"edgeSelection\":\"0to3\",\"edgeRTMS\":12286}]","trial_id":"incong_0_flipped","congruency":"I","trial_group":"5to10","condition":"normal","inference_edge":[],"inference_edgeClickLog":[],"task":"experiment","subjectId":"cvgoo0gm8tlsms9","trial_type":"external-html","trial_index":14,"time_elapsed":925994,"internal_node_id":"0.0-9.0-0.5"},{"rt":24151,"url":"../static/nodeGraphs_normal.html","edge":"5to8","edgeRT":"21444","skip":"false","flipped":"TRUE","index":"6","edgeClickLog":"[{\"edgeSelection\":\"5to8\",\"edgeRTMS\":21444}]","trial_id":"incong_5_flipped","congruency":"I","trial_group":"5to10","condition":"normal","inference_edge":[],"inference_edgeClickLog":[],"task":"experiment","subjectId":"cvgoo0gm8tlsms9","trial_type":"external-html","trial_index":15,"time_elapsed":950783,"internal_node_id":"0.0-9.0-0.6"},{"rt":5066,"url":"../static/nodeGraphs_normal.html","edge":"0to2","edgeRT":"3745","skip":"false","flipped":"TRUE","index":"7","edgeClickLog":"[{\"edgeSelection\":\"0to2\",\"edgeRTMS\":3745}]","trial_id":"incong_3_flipped","congruency":"I","trial_group":"5to10","condition":"normal","inference_edge":[],"inference_edgeClickLog":[],"task":"experiment","subjectId":"cvgoo0gm8tlsms9","trial_type":"external-html","trial_index":16,"time_elapsed":956505,"internal_node_id":"0.0-9.0-0.7"},{"rt":8083,"url":"../static/nodeGraphs_normal.html","edge":"0to2","edgeRT":"7316","skip":"false","flipped":"TRUE","index":"8","edgeClickLog":"[{\"edgeSelection\":\"0to2\",\"edgeRTMS\":7316}]","trial_id":"incong_10_flipped","congruency":"I","trial_group":"5to10","condition":"normal","inference_edge":[],"inference_edgeClickLog":[],"task":"experiment","subjectId":"cvgoo0gm8tlsms9","trial_type":"external-html","trial_index":17,"time_elapsed":965235,"internal_node_id":"0.0-9.0-0.8"},{"rt":15269,"url":"../static/nodeGraphs_normal.html","edge":"0to2","edgeRT":"14758","skip":"false","flipped":"TRUE","index":"9","edgeClickLog":"[{\"edgeSelection\":\"0to2\",\"edgeRTMS\":14758}]","trial_id":"incong_2_flipped","congruency":"I","trial_group":"5to10","condition":"normal","inference_edge":[],"inference_edgeClickLog":[],"task":"experiment","subjectId":"cvgoo0gm8tlsms9","trial_type":"external-html","trial_index":18,"time_elapsed":981139,"internal_node_id":"0.0-9.0-0.9"},{"rt":5226,"url":"../static/nodeGraphs_normal.html","edge":"0to1","edgeRT":"4171","skip":"false","flipped":"FALSE","index":"10","edgeClickLog":"[{\"edgeSelection\":\"0to1\",\"edgeRTMS\":4171}]","trial_id":"incong_0","congruency":"I","trial_group":"10to15","condition":"normal","inference_edge":[],"inference_edgeClickLog":[],"task":"experiment","subjectId":"cvgoo0gm8tlsms9","trial_type":"external-html","trial_index":19,"time_elapsed":987001,"internal_node_id":"0.0-9.0-0.10"},{"rt":7441,"url":"../static/nodeGraphs_normal.html","edge":"0to1","edgeRT":"6693","skip":"false","flipped":"FALSE","index":"11","edgeClickLog":"[{\"edgeSelection\":\"0to1\",\"edgeRTMS\":6693}]","trial_id":"incong_5","congruency":"I","trial_group":"10to15","condition":"normal","inference_edge":[],"inference_edgeClickLog":[],"task":"experiment","subjectId":"cvgoo0gm8tlsms9","trial_type":"external-html","trial_index":20,"time_elapsed":995078,"internal_node_id":"0.0-9.0-0.11"},{"rt":5203,"url":"../static/nodeGraphs_normal.html","edge":"0to2","edgeRT":"4855","skip":"false","flipped":"FALSE","index":"12","edgeClickLog":"[{\"edgeSelection\":\"0to2\",\"edgeRTMS\":4855}]","trial_id":"incong_3","congruency":"I","trial_group":"10to15","condition":"normal","inference_edge":[],"inference_edgeClickLog":[],"task":"experiment","subjectId":"cvgoo0gm8tlsms9","trial_type":"external-html","trial_index":21,"time_elapsed":1000900,"internal_node_id":"0.0-9.0-0.12"},{"rt":2989,"url":"../static/nodeGraphs_normal.html","edge":"0to2","edgeRT":"2509","skip":"false","flipped":"FALSE","index":"13","edgeClickLog":"[{\"edgeSelection\":\"0to2\",\"edgeRTMS\":2509}]","trial_id":"incong_10","congruency":"I","trial_group":"10to15","condition":"normal","inference_edge":[],"inference_edgeClickLog":[],"task":"experiment","subjectId":"cvgoo0gm8tlsms9","trial_type":"external-html","trial_index":22,"time_elapsed":1004522,"internal_node_id":"0.0-9.0-0.13"},{"rt":6911,"url":"../static/nodeGraphs_normal.html","edge":"0to1","edgeRT":"6149","skip":"false","flipped":"FALSE","index":"14","edgeClickLog":"[{\"edgeSelection\":\"0to1\",\"edgeRTMS\":6149}]","trial_id":"incong_2","congruency":"I","trial_group":"10to15","condition":"normal","inference_edge":[],"inference_edgeClickLog":[],"task":"experiment","subjectId":"cvgoo0gm8tlsms9","trial_type":"external-html","trial_index":23,"time_elapsed":1012057,"internal_node_id":"0.0-9.0-0.14"},{"rt":15680,"url":"../static/nodeGraphs_normal.html","edge":"0to2","edgeRT":"9725","skip":"false","flipped":"FALSE","index":"15","edgeClickLog":"[{\"edgeSelection\":\"0to2\",\"edgeRTMS\":9725}]","trial_id":"test_0","congruency":"I","trial_group":"15to20","condition":"normal","inference_edge":[],"inference_edgeClickLog":[],"task":"experiment","subjectId":"cvgoo0gm8tlsms9","trial_type":"external-html","trial_index":24,"time_elapsed":1028358,"internal_node_id":"0.0-9.0-0.15"},{"rt":12743,"url":"../static/nodeGraphs_normal.html","edge":"0to3","edgeRT":"10586","skip":"false","flipped":"FALSE","index":"16","edgeClickLog":"[{\"edgeSelection\":\"0to3\",\"edgeRTMS\":10586}]","trial_id":"test_1","congruency":"I","trial_group":"15to20","condition":"normal","inference_edge":[],"inference_edgeClickLog":[],"task":"experiment","subjectId":"cvgoo0gm8tlsms9","trial_type":"external-html","trial_index":25,"time_elapsed":1041722,"internal_node_id":"0.0-9.0-0.16"},{"rt":7778,"url":"../static/nodeGraphs_normal.html","edge":"2to4","edgeRT":"7531","skip":"false","flipped":"FALSE","index":"17","edgeClickLog":"[{\"edgeSelection\":\"2to4\",\"edgeRTMS\":7531}]","trial_id":"test_2","congruency":"I","trial_group":"15to20","condition":"normal","inference_edge":[],"inference_edgeClickLog":[],"task":"experiment","subjectId":"cvgoo0gm8tlsms9","trial_type":"external-html","trial_index":26,"time_elapsed":1050135,"internal_node_id":"0.0-9.0-0.17"},{"rt":8370,"url":"../static/nodeGraphs_normal.html","edge":"0to1","edgeRT":"8025","skip":"false","flipped":"FALSE","index":"18","edgeClickLog":"[{\"edgeSelection\":\"0to1\",\"edgeRTMS\":8025}]","trial_id":"test_3","congruency":"I","trial_group":"15to20","condition":"normal","inference_edge":[],"inference_edgeClickLog":[],"task":"experiment","subjectId":"cvgoo0gm8tlsms9","trial_type":"external-html","trial_index":27,"time_elapsed":1059120,"internal_node_id":"0.0-9.0-0.18"},{"rt":22356,"url":"../static/nodeGraphs_normal.html","edge":"1to5","edgeRT":"21343","skip":"false","flipped":"FALSE","index":"19","edgeClickLog":"[{\"edgeSelection\":\"1to5\",\"edgeRTMS\":21343}]","trial_id":"test_4","congruency":"I","trial_group":"15to20","condition":"normal","inference_edge":[],"inference_edgeClickLog":[],"task":"experiment","subjectId":"cvgoo0gm8tlsms9","trial_type":"external-html","trial_index":28,"time_elapsed":1082101,"internal_node_id":"0.0-9.0-0.19"},{"rt":38355,"response":{"P0_Q0":null,"P0_Q1":4,"P0_Q2":4,"P0_Q3":4,"P0_Q4":4,"P0_Q5":3,"strategies":"the path that yields the most points efficiently","feedback":"no"},"accuracy":[],"trial_type":"survey","trial_index":29,"time_elapsed":1121124,"internal_node_id":"0.0-10.0"},{"rt":4062,"stimulus":"<p>Thanks for your time!</p>        <p>We need to manually calculate your bonus pay, please give us up to 7 days.</p><p>Press any key to conclude.</p>","response":"j","task":"end","subjectId":"cvgoo0gm8tlsms9","trial_type":"html-keyboard-response","trial_index":30,"time_elapsed":1125190,"internal_node_id":"0.0-11.0","interactions":"[{\"event\":\"fullscreenenter\",\"trial\":1,\"time\":5955},{\"event\":\"blur\",\"trial\":4,\"time\":177744},{\"event\":\"focus\",\"trial\":4,\"time\":177744}]"}]