[{"success":true,"timeout":false,"failed_images":[],"failed_audio":[],"failed_video":[],"trial_type":"preload","trial_index":0,"time_elapsed":586,"internal_node_id":"0.0-0.0"},{"success":true,"trial_type":"fullscreen","trial_index":1,"time_elapsed":21433,"internal_node_id":"0.0-1.0"},{"rt":3844,"stimulus":"Welcome to the experiment. Press any key to begin.","response":"enter","trial_type":"html-keyboard-response","trial_index":2,"time_elapsed":25279,"internal_node_id":"0.0-2.0"},{"view_history":[{"page_index":0,"viewing_time":4238},{"page_index":1,"viewing_time":6217},{"page_index":2,"viewing_time":25592},{"page_index":3,"viewing_time":4560},{"page_index":4,"viewing_time":1047},{"page_index":5,"viewing_time":681},{"page_index":6,"viewing_time":2024},{"page_index":7,"viewing_time":24152},{"page_index":8,"viewing_time":30425},{"page_index":9,"viewing_time":14552},{"page_index":10,"viewing_time":1319},{"page_index":11,"viewing_time":473},{"page_index":12,"viewing_time":440},{"page_index":13,"viewing_time":2624},{"page_index":14,"viewing_time":4999},{"page_index":15,"viewing_time":2425},{"page_index":16,"viewing_time":1695},{"page_index":17,"viewing_time":585},{"page_index":18,"viewing_time":1303},{"page_index":19,"viewing_time":3393},{"page_index":20,"viewing_time":4032},{"page_index":21,"viewing_time":3992}],"rt":140768,"trial_type":"instructions","trial_index":3,"time_elapsed":166048,"internal_node_id":"0.0-3.0"},{"rt":91373,"url":"../static/nodeGraphsTraining_normal.html","skip":[],"edgeClickLog":[],"inference_edge":[],"inference_edgeClickLog":[],"trial_type":"external-html","trial_index":4,"time_elapsed":257522,"internal_node_id":"0.0-4.0"},{"rt":34886,"response":{"q1":"The goal is to help the student to get the most points","q2":"False","q3":"Possible paths you, as the teacher, can choose to teach the learner.","q4":"Paths that the student took before."},"question_order":[0,1,2,3],"trial_type":"survey-multi-choice","trial_index":5,"time_elapsed":292412,"internal_node_id":"0.0-5.0"},{"rt":7974,"stimulus":"<p>You can take a 60 second break before starting the experiment.</p><br><br><p>This page will advance in 60 seconds or you can press any key to advance now.</p>","response":" ","trial_type":"html-keyboard-response","trial_index":6,"time_elapsed":300386,"internal_node_id":"0.0-7.0"},{"view_history":[{"page_index":0,"viewing_time":16551}],"rt":16551,"trial_type":"instructions","trial_index":7,"time_elapsed":316939,"internal_node_id":"0.0-8.0"},{"rt":19442,"url":"../static/nodeGraphs_normal.html","edge":"6to8","edgeRT":"18123","skip":"false","flipped":"FALSE","index":"0","edgeClickLog":"[{\"edgeSelection\":\"6to8\",\"edgeRTMS\":18123}]","trial_id":"incong_0","congruency":"I","trial_group":"1to5","condition":"normal","inference_edge":[],"inference_edgeClickLog":[],"task":"experiment","subjectId":"bqxhjf79uqttgyn","trial_type":"external-html","trial_index":8,"time_elapsed":336484,"internal_node_id":"0.0-9.0-0.0"},{"rt":25088,"url":"../static/nodeGraphs_normal.html","edge":"0to2","edgeRT":"19594","skip":"false","flipped":"FALSE","index":"1","edgeClickLog":"[{\"edgeSelection\":\"0to2\",\"edgeRTMS\":19594}]","trial_id":"incong_5","congruency":"I","trial_group":"1to5","condition":"normal","inference_edge":[],"inference_edgeClickLog":[],"task":"experiment","subjectId":"bqxhjf79uqttgyn","trial_type":"external-html","trial_index":9,"time_elapsed":362381,"internal_node_id":"0.0-9.0-0.1"},{"rt":16114,"url":"../static/nodeGraphs_normal.html","edge":"0to2","edgeRT":"15545","skip":"false","flipped":"FALSE","index":"2","edgeClickLog":"[{\"edgeSelection\":\"0to2\",\"edgeRTMS\":15545}]","trial_id":"incong_3","congruency":"I","trial_group":"1to5","condition":"normal","inference_edge":[],"inference_edgeClickLog":[],"task":"experiment","subjectId":"bqxhjf79uqttgyn","trial_type":"external-html","trial_index":10,"time_elapsed":379101,"internal_node_id":"0.0-9.0-0.2"},{"rt":18456,"url":"../static/nodeGraphs_normal.html","edge":"3to6","edgeRT":"11480","skip":"false","flipped":"FALSE","index":"3","edgeClickLog":"[{\"edgeSelection\":\"3to6\",\"edgeRTMS\":11480}]","trial_id":"incong_10","congruency":"I","trial_group":"1to5","condition":"normal","inference_edge":[],"inference_edgeClickLog":[],"task":"experiment","subjectId":"bqxhjf79uqttgyn","trial_type":"external-html","trial_index":11,"time_elapsed":398166,"internal_node_id":"0.0-9.0-0.3"},{"rt":32836,"url":"../static/nodeGraphs_normal.html","edge":"0to2","edgeRT":"29209","skip":"false","flipped":"FALSE","index":"4","edgeClickLog":"[{\"edgeSelection\":\"0to2\",\"edgeRTMS\":29209}]","trial_id":"incong_2","congruency":"I","trial_group":"1to5","condition":"normal","inference_edge":[],"inference_edgeClickLog":[],"task":"experiment","subjectId":"bqxhjf79uqttgyn","trial_type":"external-html","trial_index":12,"time_elapsed":431621,"internal_node_id":"0.0-9.0-0.4"},{"rt":12371,"url":"../static/nodeGraphs_normal.html","edge":"4to8","edgeRT":"12003","skip":"false","flipped":"TRUE","index":"5","edgeClickLog":"[{\"edgeSelection\":\"4to8\",\"edgeRTMS\":12003}]","trial_id":"incong_0_flipped","congruency":"I","trial_group":"5to10","condition":"normal","inference_edge":[],"inference_edgeClickLog":[],"task":"experiment","subjectId":"bqxhjf79uqttgyn","trial_type":"external-html","trial_index":13,"time_elapsed":444662,"internal_node_id":"0.0-9.0-0.5"},{"rt":12679,"url":"../static/nodeGraphs_normal.html","edge":"1to4","edgeRT":"9217","skip":"false","flipped":"TRUE","index":"6","edgeClickLog":"[{\"edgeSelection\":\"1to4\",\"edgeRTMS\":9217}]","trial_id":"incong_5_flipped","congruency":"I","trial_group":"5to10","condition":"normal","inference_edge":[],"inference_edgeClickLog":[],"task":"experiment","subjectId":"bqxhjf79uqttgyn","trial_type":"external-html","trial_index":14,"time_elapsed":457958,"internal_node_id":"0.0-9.0-0.6"},{"rt":8999,"url":"../static/nodeGraphs_normal.html","edge":"0to2","edgeRT":"7113","skip":"false","flipped":"TRUE","index":"7","edgeClickLog":"[{\"edgeSelection\":\"0to2\",\"edgeRTMS\":7113}]","trial_id":"incong_3_flipped","congruency":"I","trial_group":"5to10","condition":"normal","inference_edge":[],"inference_edgeClickLog":[],"task":"experiment","subjectId":"bqxhjf79uqttgyn","trial_type":"external-html","trial_index":15,"time_elapsed":467559,"internal_node_id":"0.0-9.0-0.7"},{"rt":8859,"url":"../static/nodeGraphs_normal.html","edge":"0to2","edgeRT":"7329","skip":"false","flipped":"TRUE","index":"8","edgeClickLog":"[{\"edgeSelection\":\"0to2\",\"edgeRTMS\":7329}]","trial_id":"incong_10_flipped","congruency":"I","trial_group":"5to10","condition":"normal","inference_edge":[],"inference_edgeClickLog":[],"task":"experiment","subjectId":"bqxhjf79uqttgyn","trial_type":"external-html","trial_index":16,"time_elapsed":477152,"internal_node_id":"0.0-9.0-0.8"},{"rt":16274,"url":"../static/nodeGraphs_normal.html","edge":"0to2","edgeRT":"9578","skip":"false","flipped":"TRUE","index":"9","edgeClickLog":"[{\"edgeSelection\":\"0to3\",\"edgeRTMS\":6263},{\"edgeSelection\":\"0to2\",\"edgeRTMS\":9578}]","trial_id":"incong_2_flipped","congruency":"I","trial_group":"5to10","condition":"normal","inference_edge":[],"inference_edgeClickLog":[],"task":"experiment","subjectId":"bqxhjf79uqttgyn","trial_type":"external-html","trial_index":17,"time_elapsed":494038,"internal_node_id":"0.0-9.0-0.9"},{"rt":16122,"url":"../static/nodeGraphs_normal.html","edge":"0to2","edgeRT":"14179","skip":"false","flipped":"FALSE","index":"10","edgeClickLog":"[{\"edgeSelection\":\"0to1\",\"edgeRTMS\":11097},{\"edgeSelection\":\"0to2\",\"edgeRTMS\":14179}]","trial_id":"incong_0","congruency":"I","trial_group":"10to15","condition":"normal","inference_edge":[],"inference_edgeClickLog":[],"task":"experiment","subjectId":"bqxhjf79uqttgyn","trial_type":"external-html","trial_index":18,"time_elapsed":510816,"internal_node_id":"0.0-9.0-0.10"},{"rt":18218,"url":"../static/nodeGraphs_normal.html","edge":"0to2","edgeRT":"17722","skip":"false","flipped":"FALSE","index":"11","edgeClickLog":"[{\"edgeSelection\":\"0to2\",\"edgeRTMS\":17722}]","trial_id":"incong_5","congruency":"I","trial_group":"10to15","condition":"normal","inference_edge":[],"inference_edgeClickLog":[],"task":"experiment","subjectId":"bqxhjf79uqttgyn","trial_type":"external-html","trial_index":19,"time_elapsed":529639,"internal_node_id":"0.0-9.0-0.11"},{"rt":8096,"url":"../static/nodeGraphs_normal.html","edge":"0to2","edgeRT":"7170","skip":"false","flipped":"FALSE","index":"12","edgeClickLog":"[{\"edgeSelection\":\"0to2\",\"edgeRTMS\":7170}]","trial_id":"incong_3","congruency":"I","trial_group":"10to15","condition":"normal","inference_edge":[],"inference_edgeClickLog":[],"task":"experiment","subjectId":"bqxhjf79uqttgyn","trial_type":"external-html","trial_index":20,"time_elapsed":538423,"internal_node_id":"0.0-9.0-0.12"},{"rt":11006,"url":"../static/nodeGraphs_normal.html","edge":"0to2","edgeRT":"6714","skip":"false","flipped":"FALSE","index":"13","edgeClickLog":"[{\"edgeSelection\":\"0to2\",\"edgeRTMS\":6714}]","trial_id":"incong_10","congruency":"I","trial_group":"10to15","condition":"normal","inference_edge":[],"inference_edgeClickLog":[],"task":"experiment","subjectId":"bqxhjf79uqttgyn","trial_type":"external-html","trial_index":21,"time_elapsed":550048,"internal_node_id":"0.0-9.0-0.13"},{"rt":11518,"url":"../static/nodeGraphs_normal.html","edge":"0to2","edgeRT":"10682","skip":"false","flipped":"FALSE","index":"14","edgeClickLog":"[{\"edgeSelection\":\"0to2\",\"edgeRTMS\":10682}]","trial_id":"incong_2","congruency":"I","trial_group":"10to15","condition":"normal","inference_edge":[],"inference_edgeClickLog":[],"task":"experiment","subjectId":"bqxhjf79uqttgyn","trial_type":"external-html","trial_index":22,"time_elapsed":562312,"internal_node_id":"0.0-9.0-0.14"},{"rt":27995,"url":"../static/nodeGraphs_normal.html","edge":"0to1","edgeRT":"21379","skip":"false","flipped":"FALSE","index":"15","edgeClickLog":"[{\"edgeSelection\":\"0to2\",\"edgeRTMS\":10642},{\"edgeSelection\":\"0to1\",\"edgeRTMS\":21379}]","trial_id":"test_0","congruency":"I","trial_group":"15to20","condition":"normal","inference_edge":[],"inference_edgeClickLog":[],"task":"experiment","subjectId":"bqxhjf79uqttgyn","trial_type":"external-html","trial_index":23,"time_elapsed":590928,"internal_node_id":"0.0-9.0-0.15"},{"rt":13736,"url":"../static/nodeGraphs_normal.html","edge":"0to3","edgeRT":"4106","skip":"false","flipped":"FALSE","index":"16","edgeClickLog":"[{\"edgeSelection\":\"0to3\",\"edgeRTMS\":4106}]","trial_id":"test_1","congruency":"I","trial_group":"15to20","condition":"normal","inference_edge":[],"inference_edgeClickLog":[],"task":"experiment","subjectId":"bqxhjf79uqttgyn","trial_type":"external-html","trial_index":24,"time_elapsed":605273,"internal_node_id":"0.0-9.0-0.16"},{"rt":18771,"url":"../static/nodeGraphs_normal.html","edge":"0to3","edgeRT":"13345","skip":"false","flipped":"FALSE","index":"17","edgeClickLog":"[{\"edgeSelection\":\"0to3\",\"edgeRTMS\":13345}]","trial_id":"test_2","congruency":"I","trial_group":"15to20","condition":"normal","inference_edge":[],"inference_edgeClickLog":[],"task":"experiment","subjectId":"bqxhjf79uqttgyn","trial_type":"external-html","trial_index":25,"time_elapsed":624666,"internal_node_id":"0.0-9.0-0.17"},{"rt":17469,"url":"../static/nodeGraphs_normal.html","edge":"0to1","edgeRT":"17161","skip":"false","flipped":"FALSE","index":"18","edgeClickLog":"[{\"edgeSelection\":\"0to1\",\"edgeRTMS\":17161}]","trial_id":"test_3","congruency":"I","trial_group":"15to20","condition":"normal","inference_edge":[],"inference_edgeClickLog":[],"task":"experiment","subjectId":"bqxhjf79uqttgyn","trial_type":"external-html","trial_index":26,"time_elapsed":642835,"internal_node_id":"0.0-9.0-0.18"},{"rt":22035,"url":"../static/nodeGraphs_normal.html","edge":"1to5","edgeRT":"21611","skip":"false","flipped":"FALSE","index":"19","edgeClickLog":"[{\"edgeSelection\":\"4to7\",\"edgeRTMS\":12040},{\"edgeSelection\":\"1to5\",\"edgeRTMS\":21611}]","trial_id":"test_4","congruency":"I","trial_group":"15to20","condition":"normal","inference_edge":[],"inference_edgeClickLog":[],"task":"experiment","subjectId":"bqxhjf79uqttgyn","trial_type":"external-html","trial_index":27,"time_elapsed":665490,"internal_node_id":"0.0-9.0-0.19"},{"rt":54999,"response":{"P0_Q0":null,"P0_Q1":5,"P0_Q2":6,"P0_Q3":3,"P0_Q4":5,"P0_Q5":4,"strategies":"I chose paths that might give the students the most points.","feedback":"n/a"},"accuracy":[],"trial_type":"survey","trial_index":28,"time_elapsed":721034,"internal_node_id":"0.0-10.0"},{"rt":2759,"stimulus":"<p>Thanks for your time!</p>        <p>We need to manually calculate your bonus pay, please give us up to 7 days.</p><p>Press any key to conclude.</p>","response":" ","task":"end","subjectId":"bqxhjf79uqttgyn","trial_type":"html-keyboard-response","trial_index":29,"time_elapsed":723794,"internal_node_id":"0.0-11.0","interactions":"[{\"event\":\"focus\",\"trial\":1,\"time\":18441},{\"event\":\"fullscreenenter\",\"trial\":1,\"time\":20642}]"}]