[{"success":true,"timeout":false,"failed_images":[],"failed_audio":[],"failed_video":[],"trial_type":"preload","trial_index":0,"time_elapsed":1231,"internal_node_id":"0.0-0.0"},{"success":true,"trial_type":"fullscreen","trial_index":1,"time_elapsed":19224,"internal_node_id":"0.0-1.0"},{"rt":1891,"stimulus":"Welcome to the experiment. Press any key to begin.","response":"enter","trial_type":"html-keyboard-response","trial_index":2,"time_elapsed":21116,"internal_node_id":"0.0-2.0"},{"view_history":[{"page_index":0,"viewing_time":2471},{"page_index":1,"viewing_time":3489},{"page_index":2,"viewing_time":23840},{"page_index":3,"viewing_time":2640},{"page_index":4,"viewing_time":1368},{"page_index":5,"viewing_time":2304},{"page_index":6,"viewing_time":3752},{"page_index":7,"viewing_time":12112},{"page_index":8,"viewing_time":15632},{"page_index":9,"viewing_time":5305},{"page_index":10,"viewing_time":2376},{"page_index":11,"viewing_time":896},{"page_index":12,"viewing_time":871},{"page_index":13,"viewing_time":1497},{"page_index":14,"viewing_time":3080},{"page_index":15,"viewing_time":3545},{"page_index":16,"viewing_time":2600},{"page_index":17,"viewing_time":512},{"page_index":18,"viewing_time":488},{"page_index":19,"viewing_time":4576},{"page_index":20,"viewing_time":4455},{"page_index":21,"viewing_time":2057}],"rt":99865,"trial_type":"instructions","trial_index":3,"time_elapsed":120982,"internal_node_id":"0.0-3.0"},{"rt":93192,"url":"../static/nodeGraphsTraining_scaffolding.html","skip":[],"edgeClickLog":[],"inference_edge":[],"inference_edgeClickLog":[],"trial_type":"external-html","trial_index":4,"time_elapsed":214367,"internal_node_id":"0.0-4.0"},{"rt":47801,"response":{"q1":"The goal is to help the student to get the most points.","q2":"False","q3":"Possible edges you, as the teacher, can choose to teach the learner.","q4":"Edges that the student took before."},"question_order":[0,1,2,3],"trial_type":"survey-multi-choice","trial_index":5,"time_elapsed":262171,"internal_node_id":"0.0-5.0"},{"rt":28703,"stimulus":"<p>You can take a 60 second break before starting the experiment.</p><br><br><p>This page will advance in 60 seconds or you can press any key to advance now.</p>","response":"enter","trial_type":"html-keyboard-response","trial_index":6,"time_elapsed":290875,"internal_node_id":"0.0-7.0"},{"view_history":[{"page_index":0,"viewing_time":18717}],"rt":18718,"trial_type":"instructions","trial_index":7,"time_elapsed":309593,"internal_node_id":"0.0-8.0"},{"rt":31561,"url":"../static/nodeGraphs_scaffolding.html","edge":"1to4","edgeRT":"11099","skip":"false","flipped":"FALSE","index":"0","edgeClickLog":"[{\"edgeSelection\":\"1to4\",\"edgeRTMS\":11099}]","trial_id":"cong_0","congruency":"C","trial_group":"1to5","condition":"scaffolding","inference_edge":"2to5,0to3,3to5","inference_edgeClickLog":"[{\"edgeSelection\":\"2to5\",\"edgeRTMS\":9063},{\"edgeSelection\":\"0to3\",\"edgeRTMS\":15430},{\"edgeSelection\":\"3to5\",\"edgeRTMS\":17486}]","inference_edgeRT":"17486","inference_edge_last":"3to5","task":"experiment","subjectId":"7mm5vt83l6wdrxr","trial_type":"external-html","trial_index":8,"time_elapsed":341346,"internal_node_id":"0.0-9.0-0.0"},{"rt":22284,"url":"../static/nodeGraphs_scaffolding.html","edge":"2to6","edgeRT":"6250","skip":"false","flipped":"FALSE","index":"1","edgeClickLog":"[{\"edgeSelection\":\"2to6\",\"edgeRTMS\":6250}]","trial_id":"cong_1","congruency":"C","trial_group":"1to5","condition":"scaffolding","inference_edge":"0to3,3to6,6to9","inference_edgeClickLog":"[{\"edgeSelection\":\"0to3\",\"edgeRTMS\":9318},{\"edgeSelection\":\"3to6\",\"edgeRTMS\":10782},{\"edgeSelection\":\"6to9\",\"edgeRTMS\":14631}]","inference_edgeRT":"14631","inference_edge_last":"6to9","task":"experiment","subjectId":"7mm5vt83l6wdrxr","trial_type":"external-html","trial_index":9,"time_elapsed":364323,"internal_node_id":"0.0-9.0-0.1"},{"rt":12795,"url":"../static/nodeGraphs_scaffolding.html","edge":"2to5","edgeRT":"1498","skip":"false","flipped":"FALSE","index":"2","edgeClickLog":"[{\"edgeSelection\":\"2to5\",\"edgeRTMS\":1498}]","trial_id":"cong_6","congruency":"C","trial_group":"1to5","condition":"scaffolding","inference_edge":"2to5,5to7,5to9","inference_edgeClickLog":"[{\"edgeSelection\":\"2to5\",\"edgeRTMS\":5591},{\"edgeSelection\":\"5to7\",\"edgeRTMS\":9350},{\"edgeSelection\":\"5to9\",\"edgeRTMS\":9958}]","inference_edgeRT":"9958","inference_edge_last":"5to9","task":"experiment","subjectId":"7mm5vt83l6wdrxr","trial_type":"external-html","trial_index":10,"time_elapsed":377812,"internal_node_id":"0.0-9.0-0.2"},{"rt":16020,"url":"../static/nodeGraphs_scaffolding.html","edge":"2to4","edgeRT":"1570","skip":"false","flipped":"FALSE","index":"3","edgeClickLog":"[{\"edgeSelection\":\"2to4\",\"edgeRTMS\":1570}]","trial_id":"cong_4","congruency":"C","trial_group":"1to5","condition":"scaffolding","inference_edge":"2to4,4to8,4to7","inference_edgeClickLog":"[{\"edgeSelection\":\"2to4\",\"edgeRTMS\":4997},{\"edgeSelection\":\"4to8\",\"edgeRTMS\":6364},{\"edgeSelection\":\"4to7\",\"edgeRTMS\":13445}]","inference_edgeRT":"13445","inference_edge_last":"4to7","task":"experiment","subjectId":"7mm5vt83l6wdrxr","trial_type":"external-html","trial_index":11,"time_elapsed":394523,"internal_node_id":"0.0-9.0-0.3"},{"rt":8579,"url":"../static/nodeGraphs_scaffolding.html","edge":"2to5","edgeRT":"1313","skip":"false","flipped":"FALSE","index":"4","edgeClickLog":"[{\"edgeSelection\":\"2to5\",\"edgeRTMS\":1313}]","trial_id":"cong_9","congruency":"C","trial_group":"1to5","condition":"scaffolding","inference_edge":"2to5,5to8,5to9","inference_edgeClickLog":"[{\"edgeSelection\":\"2to5\",\"edgeRTMS\":2813},{\"edgeSelection\":\"5to8\",\"edgeRTMS\":4541},{\"edgeSelection\":\"5to9\",\"edgeRTMS\":5950}]","inference_edgeRT":"5950","inference_edge_last":"5to9","task":"experiment","subjectId":"7mm5vt83l6wdrxr","trial_type":"external-html","trial_index":12,"time_elapsed":403796,"internal_node_id":"0.0-9.0-0.4"},{"rt":13764,"url":"../static/nodeGraphs_scaffolding.html","edge":"3to6","edgeRT":"962","skip":"false","flipped":"TRUE","index":"5","edgeClickLog":"[{\"edgeSelection\":\"3to6\",\"edgeRTMS\":962}]","trial_id":"cong_0_flipped","congruency":"C","trial_group":"5to10","condition":"scaffolding","inference_edge":"3to6,2to6,6to8","inference_edgeClickLog":"[{\"edgeSelection\":\"3to6\",\"edgeRTMS\":4150},{\"edgeSelection\":\"2to6\",\"edgeRTMS\":10646},{\"edgeSelection\":\"6to8\",\"edgeRTMS\":12077}]","inference_edgeRT":"12077","inference_edge_last":"6to8","task":"experiment","subjectId":"7mm5vt83l6wdrxr","trial_type":"external-html","trial_index":13,"time_elapsed":418252,"internal_node_id":"0.0-9.0-0.5"},{"rt":8393,"url":"../static/nodeGraphs_scaffolding.html","edge":"2to4","edgeRT":"1513","skip":"false","flipped":"TRUE","index":"6","edgeClickLog":"[{\"edgeSelection\":\"2to4\",\"edgeRTMS\":1513}]","trial_id":"cong_1_flipped","congruency":"C","trial_group":"5to10","condition":"scaffolding","inference_edge":"2to4,4to7,2to6","inference_edgeClickLog":"[{\"edgeSelection\":\"2to4\",\"edgeRTMS\":3189},{\"edgeSelection\":\"4to7\",\"edgeRTMS\":4605},{\"edgeSelection\":\"2to6\",\"edgeRTMS\":5924}]","inference_edgeRT":"5924","inference_edge_last":"2to6","task":"experiment","subjectId":"7mm5vt83l6wdrxr","trial_type":"external-html","trial_index":14,"time_elapsed":427340,"internal_node_id":"0.0-9.0-0.6"},{"rt":10691,"url":"../static/nodeGraphs_scaffolding.html","edge":"2to5","edgeRT":"3322","skip":"false","flipped":"TRUE","index":"7","edgeClickLog":"[{\"edgeSelection\":\"2to5\",\"edgeRTMS\":3322}]","trial_id":"cong_6_flipped","congruency":"C","trial_group":"5to10","condition":"scaffolding","inference_edge":"2to5,5to8,5to7","inference_edgeClickLog":"[{\"edgeSelection\":\"2to5\",\"edgeRTMS\":3509},{\"edgeSelection\":\"5to8\",\"edgeRTMS\":4614},{\"edgeSelection\":\"5to7\",\"edgeRTMS\":6214}]","inference_edgeRT":"6214","inference_edge_last":"5to7","task":"experiment","subjectId":"7mm5vt83l6wdrxr","trial_type":"external-html","trial_index":15,"time_elapsed":438724,"internal_node_id":"0.0-9.0-0.7"},{"rt":11813,"url":"../static/nodeGraphs_scaffolding.html","edge":"2to6","edgeRT":"3035","skip":"false","flipped":"TRUE","index":"8","edgeClickLog":"[{\"edgeSelection\":\"3to5\",\"edgeRTMS\":898},{\"edgeSelection\":\"3to5\",\"edgeRTMS\":1484},{\"edgeSelection\":\"3to5\",\"edgeRTMS\":2571},{\"edgeSelection\":\"2to6\",\"edgeRTMS\":3035}]","trial_id":"cong_4_flipped","congruency":"C","trial_group":"5to10","condition":"scaffolding","inference_edge":"2to6,6to8,6to9","inference_edgeClickLog":"[{\"edgeSelection\":\"2to6\",\"edgeRTMS\":2565},{\"edgeSelection\":\"6to8\",\"edgeRTMS\":4621},{\"edgeSelection\":\"6to9\",\"edgeRTMS\":6094},{\"edgeSelection\":\"6to9\",\"edgeRTMS\":6197},{\"edgeSelection\":\"6to9\",\"edgeRTMS\":6965}]","inference_edgeRT":"6965","inference_edge_last":"6to9","task":"experiment","subjectId":"7mm5vt83l6wdrxr","trial_type":"external-html","trial_index":16,"time_elapsed":451229,"internal_node_id":"0.0-9.0-0.8"},{"rt":6481,"url":"../static/nodeGraphs_scaffolding.html","edge":"2to5","edgeRT":"1177","skip":"false","flipped":"TRUE","index":"9","edgeClickLog":"[{\"edgeSelection\":\"2to5\",\"edgeRTMS\":1177}]","trial_id":"cong_9_flipped","congruency":"C","trial_group":"5to10","condition":"scaffolding","inference_edge":"2to5,5to8,5to7","inference_edgeClickLog":"[{\"edgeSelection\":\"2to5\",\"edgeRTMS\":2181},{\"edgeSelection\":\"5to8\",\"edgeRTMS\":3068},{\"edgeSelection\":\"5to7\",\"edgeRTMS\":4396}]","inference_edgeRT":"4396","inference_edge_last":"5to7","task":"experiment","subjectId":"7mm5vt83l6wdrxr","trial_type":"external-html","trial_index":17,"time_elapsed":458405,"internal_node_id":"0.0-9.0-0.9"},{"rt":12141,"url":"../static/nodeGraphs_scaffolding.html","edge":"1to4","edgeRT":"1497","skip":"false","flipped":"FALSE","index":"10","edgeClickLog":"[{\"edgeSelection\":\"1to4\",\"edgeRTMS\":1497}]","trial_id":"cong_0","congruency":"C","trial_group":"10to15","condition":"scaffolding","inference_edge":"1to4,4to7,4to8","inference_edgeClickLog":"[{\"edgeSelection\":\"1to4\",\"edgeRTMS\":2933},{\"edgeSelection\":\"4to7\",\"edgeRTMS\":9021},{\"edgeSelection\":\"4to8\",\"edgeRTMS\":9933}]","inference_edgeRT":"9933","inference_edge_last":"4to8","task":"experiment","subjectId":"7mm5vt83l6wdrxr","trial_type":"external-html","trial_index":18,"time_elapsed":471238,"internal_node_id":"0.0-9.0-0.10"},{"rt":10930,"url":"../static/nodeGraphs_scaffolding.html","edge":"2to6","edgeRT":"1026","skip":"false","flipped":"FALSE","index":"11","edgeClickLog":"[{\"edgeSelection\":\"2to6\",\"edgeRTMS\":1026}]","trial_id":"cong_1","congruency":"C","trial_group":"10to15","condition":"scaffolding","inference_edge":"2to6,2to4,6to9","inference_edgeClickLog":"[{\"edgeSelection\":\"2to6\",\"edgeRTMS\":3376},{\"edgeSelection\":\"2to4\",\"edgeRTMS\":7253},{\"edgeSelection\":\"6to9\",\"edgeRTMS\":8453}]","inference_edgeRT":"8453","inference_edge_last":"6to9","task":"experiment","subjectId":"7mm5vt83l6wdrxr","trial_type":"external-html","trial_index":19,"time_elapsed":482861,"internal_node_id":"0.0-9.0-0.11"},{"rt":10484,"url":"../static/nodeGraphs_scaffolding.html","edge":"2to5","edgeRT":"1097","skip":"false","flipped":"FALSE","index":"12","edgeClickLog":"[{\"edgeSelection\":\"2to5\",\"edgeRTMS\":1097}]","trial_id":"cong_6","congruency":"C","trial_group":"10to15","condition":"scaffolding","inference_edge":"2to5,5to9,5to7","inference_edgeClickLog":"[{\"edgeSelection\":\"2to5\",\"edgeRTMS\":2414},{\"edgeSelection\":\"5to9\",\"edgeRTMS\":6597},{\"edgeSelection\":\"5to7\",\"edgeRTMS\":8006}]","inference_edgeRT":"8006","inference_edge_last":"5to7","task":"experiment","subjectId":"7mm5vt83l6wdrxr","trial_type":"external-html","trial_index":20,"time_elapsed":494045,"internal_node_id":"0.0-9.0-0.12"},{"rt":6632,"url":"../static/nodeGraphs_scaffolding.html","edge":"2to4","edgeRT":"1001","skip":"false","flipped":"FALSE","index":"13","edgeClickLog":"[{\"edgeSelection\":\"2to4\",\"edgeRTMS\":1001}]","trial_id":"cong_4","congruency":"C","trial_group":"10to15","condition":"scaffolding","inference_edge":"2to4,4to8,4to7","inference_edgeClickLog":"[{\"edgeSelection\":\"2to4\",\"edgeRTMS\":2333},{\"edgeSelection\":\"4to8\",\"edgeRTMS\":3453},{\"edgeSelection\":\"4to7\",\"edgeRTMS\":4813}]","inference_edgeRT":"4813","inference_edge_last":"4to7","task":"experiment","subjectId":"7mm5vt83l6wdrxr","trial_type":"external-html","trial_index":21,"time_elapsed":501381,"internal_node_id":"0.0-9.0-0.13"},{"rt":5428,"url":"../static/nodeGraphs_scaffolding.html","edge":"2to5","edgeRT":"841","skip":"false","flipped":"FALSE","index":"14","edgeClickLog":"[{\"edgeSelection\":\"2to5\",\"edgeRTMS\":841}]","trial_id":"cong_9","congruency":"C","trial_group":"10to15","condition":"scaffolding","inference_edge":"2to5,5to8,5to9","inference_edgeClickLog":"[{\"edgeSelection\":\"2to5\",\"edgeRTMS\":1894},{\"edgeSelection\":\"5to8\",\"edgeRTMS\":3005},{\"edgeSelection\":\"5to9\",\"edgeRTMS\":3589}]","inference_edgeRT":"3589","inference_edge_last":"5to9","task":"experiment","subjectId":"7mm5vt83l6wdrxr","trial_type":"external-html","trial_index":22,"time_elapsed":507502,"internal_node_id":"0.0-9.0-0.14"},{"rt":73163,"url":"../static/nodeGraphs_scaffolding.html","edge":"6to8","edgeRT":"13878","skip":"false","flipped":"FALSE","index":"15","edgeClickLog":"[{\"edgeSelection\":\"6to8\",\"edgeRTMS\":5173},{\"edgeSelection\":\"6to9\",\"edgeRTMS\":5918},{\"edgeSelection\":\"2to6\",\"edgeRTMS\":10110},{\"edgeSelection\":\"6to8\",\"edgeRTMS\":13878}]","trial_id":"test_0","congruency":"I","trial_group":"15to20","condition":"scaffolding","inference_edge":"2to5,5to8,5to9","inference_edgeClickLog":"[{\"edgeSelection\":\"2to5\",\"edgeRTMS\":1894},{\"edgeSelection\":\"5to8\",\"edgeRTMS\":3005},{\"edgeSelection\":\"5to9\",\"edgeRTMS\":3589}]","inference_edgeRT":"3589","inference_edge_last":"","task":"experiment","subjectId":"7mm5vt83l6wdrxr","trial_type":"external-html","trial_index":23,"time_elapsed":581359,"internal_node_id":"0.0-9.0-0.15"},{"rt":5301,"url":"../static/nodeGraphs_scaffolding.html","edge":"3to6","edgeRT":"5066","skip":"false","flipped":"FALSE","index":"16","edgeClickLog":"[{\"edgeSelection\":\"3to6\",\"edgeRTMS\":5066}]","trial_id":"test_1","congruency":"I","trial_group":"15to20","condition":"scaffolding","inference_edge":"2to5,5to8,5to9","inference_edgeClickLog":"[{\"edgeSelection\":\"2to5\",\"edgeRTMS\":1894},{\"edgeSelection\":\"5to8\",\"edgeRTMS\":3005},{\"edgeSelection\":\"5to9\",\"edgeRTMS\":3589}]","inference_edgeRT":"3589","inference_edge_last":"","task":"experiment","subjectId":"7mm5vt83l6wdrxr","trial_type":"external-html","trial_index":24,"time_elapsed":587352,"internal_node_id":"0.0-9.0-0.16"},{"rt":4202,"url":"../static/nodeGraphs_scaffolding.html","edge":"3to6","edgeRT":"3313","skip":"false","flipped":"FALSE","index":"17","edgeClickLog":"[{\"edgeSelection\":\"3to6\",\"edgeRTMS\":3313}]","trial_id":"test_2","congruency":"I","trial_group":"15to20","condition":"scaffolding","inference_edge":"2to5,5to8,5to9","inference_edgeClickLog":"[{\"edgeSelection\":\"2to5\",\"edgeRTMS\":1894},{\"edgeSelection\":\"5to8\",\"edgeRTMS\":3005},{\"edgeSelection\":\"5to9\",\"edgeRTMS\":3589}]","inference_edgeRT":"3589","inference_edge_last":"","task":"experiment","subjectId":"7mm5vt83l6wdrxr","trial_type":"external-html","trial_index":25,"time_elapsed":592248,"internal_node_id":"0.0-9.0-0.17"},{"rt":2913,"url":"../static/nodeGraphs_scaffolding.html","edge":"1to5","edgeRT":"2929","skip":"false","flipped":"FALSE","index":"18","edgeClickLog":"[{\"edgeSelection\":\"1to5\",\"edgeRTMS\":2929}]","trial_id":"test_3","congruency":"I","trial_group":"15to20","condition":"scaffolding","inference_edge":"2to5,5to8,5to9","inference_edgeClickLog":"[{\"edgeSelection\":\"2to5\",\"edgeRTMS\":1894},{\"edgeSelection\":\"5to8\",\"edgeRTMS\":3005},{\"edgeSelection\":\"5to9\",\"edgeRTMS\":3589}]","inference_edgeRT":"3589","inference_edge_last":"","task":"experiment","subjectId":"7mm5vt83l6wdrxr","trial_type":"external-html","trial_index":26,"time_elapsed":595855,"internal_node_id":"0.0-9.0-0.18"},{"rt":2302,"url":"../static/nodeGraphs_scaffolding.html","edge":"6to9","edgeRT":"1987","skip":"false","flipped":"FALSE","index":"19","edgeClickLog":"[{\"edgeSelection\":\"6to9\",\"edgeRTMS\":1987}]","trial_id":"test_4","congruency":"I","trial_group":"15to20","condition":"scaffolding","inference_edge":"2to5,5to8,5to9","inference_edgeClickLog":"[{\"edgeSelection\":\"2to5\",\"edgeRTMS\":1894},{\"edgeSelection\":\"5to8\",\"edgeRTMS\":3005},{\"edgeSelection\":\"5to9\",\"edgeRTMS\":3589}]","inference_edgeRT":"3589","inference_edge_last":"","task":"experiment","subjectId":"7mm5vt83l6wdrxr","trial_type":"external-html","trial_index":27,"time_elapsed":598848,"internal_node_id":"0.0-9.0-0.19"},{"rt":32744,"response":{"P0_Q0":null,"P0_Q1":3,"P0_Q2":7,"P0_Q3":6,"P0_Q4":5,"P0_Q5":1,"strategies":"trying to lead to the largest points (3)","feedback":"none"},"accuracy":[],"trial_type":"survey","trial_index":28,"time_elapsed":632129,"internal_node_id":"0.0-10.0"},{"rt":2968,"stimulus":"<p>Thanks for your time!</p>        <p>We need to manually calculate your bonus pay, please give us up to 7 days.</p><p>Press any key to conclude.</p>","response":"enter","task":"end","subjectId":"7mm5vt83l6wdrxr","trial_type":"html-keyboard-response","trial_index":29,"time_elapsed":635098,"internal_node_id":"0.0-11.0","interactions":"[{\"event\":\"fullscreenenter\",\"trial\":1,\"time\":18235}]"}]