[{"success":true,"timeout":false,"failed_images":[],"failed_audio":[],"failed_video":[],"trial_type":"preload","trial_index":0,"time_elapsed":383,"internal_node_id":"0.0-0.0"},{"success":true,"trial_type":"fullscreen","trial_index":1,"time_elapsed":4328,"internal_node_id":"0.0-1.0"},{"rt":3124,"stimulus":"Welcome to the experiment. Press any key to begin.","response":" ","trial_type":"html-keyboard-response","trial_index":2,"time_elapsed":7453,"internal_node_id":"0.0-2.0"},{"view_history":[{"page_index":0,"viewing_time":4433},{"page_index":1,"viewing_time":4687},{"page_index":2,"viewing_time":53408},{"page_index":3,"viewing_time":5720},{"page_index":4,"viewing_time":11977},{"page_index":5,"viewing_time":4791},{"page_index":6,"viewing_time":4218},{"page_index":7,"viewing_time":9887},{"page_index":8,"viewing_time":11166},{"page_index":9,"viewing_time":14730},{"page_index":10,"viewing_time":3337},{"page_index":11,"viewing_time":8510},{"page_index":12,"viewing_time":2777},{"page_index":13,"viewing_time":2382},{"page_index":14,"viewing_time":3033},{"page_index":15,"viewing_time":6368},{"page_index":16,"viewing_time":3632},{"page_index":17,"viewing_time":2233},{"page_index":18,"viewing_time":1816},{"page_index":19,"viewing_time":11263},{"page_index":20,"viewing_time":4865},{"page_index":21,"viewing_time":3888}],"rt":179120,"trial_type":"instructions","trial_index":3,"time_elapsed":186574,"internal_node_id":"0.0-3.0"},{"rt":53610,"url":"../static/nodeGraphsTraining_normal.html","skip":[],"edgeClickLog":[],"inference_edge":[],"inference_edgeClickLog":[],"trial_type":"external-html","trial_index":4,"time_elapsed":240486,"internal_node_id":"0.0-4.0"},{"rt":47581,"response":{"q1":"The goal is to help the student to get the most points","q2":"True","q3":"Possible paths you, as the teacher, can choose to teach the learner.","q4":"Possible paths you, as the teacher, can choose to teach the learner."},"question_order":[0,1,2,3],"trial_type":"survey-multi-choice","trial_index":5,"time_elapsed":288069,"internal_node_id":"0.0-5.0"},{"rt":31998,"response":{"q1":"The goal is to help the student to get the most points","q2":"False","q3":"Possible paths you, as the teacher, can choose to teach the learner.","q4":"Paths that the student took before."},"question_order":[0,1,2,3],"trial_type":"survey-multi-choice","trial_index":6,"time_elapsed":320070,"internal_node_id":"0.0-6.0-0.0"},{"rt":6447,"stimulus":"<p>You can take a 60 second break before starting the experiment.</p><br><br><p>This page will advance in 60 seconds or you can press any key to advance now.</p>","response":" ","trial_type":"html-keyboard-response","trial_index":7,"time_elapsed":326517,"internal_node_id":"0.0-7.0"},{"view_history":[{"page_index":0,"viewing_time":17440}],"rt":17440,"trial_type":"instructions","trial_index":8,"time_elapsed":343958,"internal_node_id":"0.0-8.0"},{"rt":11151,"url":"../static/nodeGraphs_normal.html","edge":"2to4","edgeRT":"3543","skip":"false","flipped":"FALSE","index":"0","edgeClickLog":"[{\"edgeSelection\":\"2to4\",\"edgeRTMS\":3543}]","trial_id":"incong_0","congruency":"I","trial_group":"1to5","condition":"normal","inference_edge":[],"inference_edgeClickLog":[],"task":"experiment","subjectId":"sz3rak0gw0xtkq3","trial_type":"external-html","trial_index":9,"time_elapsed":355255,"internal_node_id":"0.0-9.0-0.0"},{"rt":7258,"url":"../static/nodeGraphs_normal.html","edge":"4to7","edgeRT":"5394","skip":"false","flipped":"FALSE","index":"1","edgeClickLog":"[{\"edgeSelection\":\"4to7\",\"edgeRTMS\":5394}]","trial_id":"incong_5","congruency":"I","trial_group":"1to5","condition":"normal","inference_edge":[],"inference_edgeClickLog":[],"task":"experiment","subjectId":"sz3rak0gw0xtkq3","trial_type":"external-html","trial_index":10,"time_elapsed":363207,"internal_node_id":"0.0-9.0-0.1"},{"rt":9416,"url":"../static/nodeGraphs_normal.html","edge":"5to7","edgeRT":"8200","skip":"false","flipped":"FALSE","index":"2","edgeClickLog":"[{\"edgeSelection\":\"5to7\",\"edgeRTMS\":8200}]","trial_id":"incong_3","congruency":"I","trial_group":"1to5","condition":"normal","inference_edge":[],"inference_edgeClickLog":[],"task":"experiment","subjectId":"sz3rak0gw0xtkq3","trial_type":"external-html","trial_index":11,"time_elapsed":373252,"internal_node_id":"0.0-9.0-0.2"},{"rt":18737,"url":"../static/nodeGraphs_normal.html","edge":"5to8","edgeRT":"17882","skip":"false","flipped":"FALSE","index":"3","edgeClickLog":"[{\"edgeSelection\":\"5to8\",\"edgeRTMS\":17882}]","trial_id":"incong_10","congruency":"I","trial_group":"1to5","condition":"normal","inference_edge":[],"inference_edgeClickLog":[],"task":"experiment","subjectId":"sz3rak0gw0xtkq3","trial_type":"external-html","trial_index":12,"time_elapsed":392621,"internal_node_id":"0.0-9.0-0.3"},{"rt":7865,"url":"../static/nodeGraphs_normal.html","edge":"4to8","edgeRT":"7067","skip":"false","flipped":"FALSE","index":"4","edgeClickLog":"[{\"edgeSelection\":\"4to8\",\"edgeRTMS\":6320},{\"edgeSelection\":\"4to8\",\"edgeRTMS\":7067}]","trial_id":"incong_2","congruency":"I","trial_group":"1to5","condition":"normal","inference_edge":[],"inference_edgeClickLog":[],"task":"experiment","subjectId":"sz3rak0gw0xtkq3","trial_type":"external-html","trial_index":13,"time_elapsed":401190,"internal_node_id":"0.0-9.0-0.4"},{"rt":10154,"url":"../static/nodeGraphs_normal.html","edge":"4to8","edgeRT":"8810","skip":"false","flipped":"TRUE","index":"5","edgeClickLog":"[{\"edgeSelection\":\"4to8\",\"edgeRTMS\":8810}]","trial_id":"incong_0_flipped","congruency":"I","trial_group":"5to10","condition":"normal","inference_edge":[],"inference_edgeClickLog":[],"task":"experiment","subjectId":"sz3rak0gw0xtkq3","trial_type":"external-html","trial_index":14,"time_elapsed":411974,"internal_node_id":"0.0-9.0-0.5"},{"rt":17670,"url":"../static/nodeGraphs_normal.html","edge":"5to8","edgeRT":"16630","skip":"false","flipped":"TRUE","index":"6","edgeClickLog":"[{\"edgeSelection\":\"5to8\",\"edgeRTMS\":16630}]","trial_id":"incong_5_flipped","congruency":"I","trial_group":"5to10","condition":"normal","inference_edge":[],"inference_edgeClickLog":[],"task":"experiment","subjectId":"sz3rak0gw0xtkq3","trial_type":"external-html","trial_index":15,"time_elapsed":430294,"internal_node_id":"0.0-9.0-0.6"},{"rt":16742,"url":"../static/nodeGraphs_normal.html","edge":"5to9","edgeRT":"16202","skip":"false","flipped":"TRUE","index":"7","edgeClickLog":"[{\"edgeSelection\":\"5to9\",\"edgeRTMS\":16202}]","trial_id":"incong_3_flipped","congruency":"I","trial_group":"5to10","condition":"normal","inference_edge":[],"inference_edgeClickLog":[],"task":"experiment","subjectId":"sz3rak0gw0xtkq3","trial_type":"external-html","trial_index":16,"time_elapsed":447886,"internal_node_id":"0.0-9.0-0.7"},{"rt":20828,"url":"../static/nodeGraphs_normal.html","edge":"4to7","edgeRT":"20042","skip":"false","flipped":"TRUE","index":"8","edgeClickLog":"[{\"edgeSelection\":\"4to7\",\"edgeRTMS\":16663},{\"edgeSelection\":\"4to7\",\"edgeRTMS\":20042}]","trial_id":"incong_10_flipped","congruency":"I","trial_group":"5to10","condition":"normal","inference_edge":[],"inference_edgeClickLog":[],"task":"experiment","subjectId":"sz3rak0gw0xtkq3","trial_type":"external-html","trial_index":17,"time_elapsed":469414,"internal_node_id":"0.0-9.0-0.8"},{"rt":5580,"url":"../static/nodeGraphs_normal.html","edge":"6to8","edgeRT":"4937","skip":"false","flipped":"TRUE","index":"9","edgeClickLog":"[{\"edgeSelection\":\"6to8\",\"edgeRTMS\":4937}]","trial_id":"incong_2_flipped","congruency":"I","trial_group":"5to10","condition":"normal","inference_edge":[],"inference_edgeClickLog":[],"task":"experiment","subjectId":"sz3rak0gw0xtkq3","trial_type":"external-html","trial_index":18,"time_elapsed":475694,"internal_node_id":"0.0-9.0-0.9"},{"rt":16829,"url":"../static/nodeGraphs_normal.html","edge":"6to8","edgeRT":"16321","skip":"false","flipped":"FALSE","index":"10","edgeClickLog":"[{\"edgeSelection\":\"6to8\",\"edgeRTMS\":15456},{\"edgeSelection\":\"6to8\",\"edgeRTMS\":16321}]","trial_id":"incong_0","congruency":"I","trial_group":"10to15","condition":"normal","inference_edge":[],"inference_edgeClickLog":[],"task":"experiment","subjectId":"sz3rak0gw0xtkq3","trial_type":"external-html","trial_index":19,"time_elapsed":493174,"internal_node_id":"0.0-9.0-0.10"},{"rt":5601,"url":"../static/nodeGraphs_normal.html","edge":"4to7","edgeRT":"5057","skip":"false","flipped":"FALSE","index":"11","edgeClickLog":"[{\"edgeSelection\":\"4to7\",\"edgeRTMS\":5057}]","trial_id":"incong_5","congruency":"I","trial_group":"10to15","condition":"normal","inference_edge":[],"inference_edgeClickLog":[],"task":"experiment","subjectId":"sz3rak0gw0xtkq3","trial_type":"external-html","trial_index":20,"time_elapsed":499406,"internal_node_id":"0.0-9.0-0.11"},{"rt":12243,"url":"../static/nodeGraphs_normal.html","edge":"6to8","edgeRT":"11243","skip":"false","flipped":"FALSE","index":"12","edgeClickLog":"[{\"edgeSelection\":\"6to8\",\"edgeRTMS\":11243}]","trial_id":"incong_3","congruency":"I","trial_group":"10to15","condition":"normal","inference_edge":[],"inference_edgeClickLog":[],"task":"experiment","subjectId":"sz3rak0gw0xtkq3","trial_type":"external-html","trial_index":21,"time_elapsed":512279,"internal_node_id":"0.0-9.0-0.12"},{"rt":11903,"url":"../static/nodeGraphs_normal.html","edge":"6to9","edgeRT":"11110","skip":"false","flipped":"FALSE","index":"13","edgeClickLog":"[{\"edgeSelection\":\"6to9\",\"edgeRTMS\":11110}]","trial_id":"incong_10","congruency":"I","trial_group":"10to15","condition":"normal","inference_edge":[],"inference_edgeClickLog":[],"task":"experiment","subjectId":"sz3rak0gw0xtkq3","trial_type":"external-html","trial_index":22,"time_elapsed":524840,"internal_node_id":"0.0-9.0-0.13"},{"rt":6884,"url":"../static/nodeGraphs_normal.html","edge":"4to8","edgeRT":"5928","skip":"false","flipped":"FALSE","index":"14","edgeClickLog":"[{\"edgeSelection\":\"4to8\",\"edgeRTMS\":5928}]","trial_id":"incong_2","congruency":"I","trial_group":"10to15","condition":"normal","inference_edge":[],"inference_edgeClickLog":[],"task":"experiment","subjectId":"sz3rak0gw0xtkq3","trial_type":"external-html","trial_index":23,"time_elapsed":532359,"internal_node_id":"0.0-9.0-0.14"},{"rt":12684,"url":"../static/nodeGraphs_normal.html","edge":"5to8","edgeRT":"6295","skip":"false","flipped":"FALSE","index":"15","edgeClickLog":"[{\"edgeSelection\":\"5to8\",\"edgeRTMS\":6295}]","trial_id":"test_0","congruency":"I","trial_group":"15to20","condition":"normal","inference_edge":[],"inference_edgeClickLog":[],"task":"experiment","subjectId":"sz3rak0gw0xtkq3","trial_type":"external-html","trial_index":24,"time_elapsed":545678,"internal_node_id":"0.0-9.0-0.15"},{"rt":9409,"url":"../static/nodeGraphs_normal.html","edge":"2to6","edgeRT":"8531","skip":"false","flipped":"FALSE","index":"16","edgeClickLog":"[{\"edgeSelection\":\"2to6\",\"edgeRTMS\":7384},{\"edgeSelection\":\"2to6\",\"edgeRTMS\":8531}]","trial_id":"test_1","congruency":"I","trial_group":"15to20","condition":"normal","inference_edge":[],"inference_edgeClickLog":[],"task":"experiment","subjectId":"sz3rak0gw0xtkq3","trial_type":"external-html","trial_index":25,"time_elapsed":555725,"internal_node_id":"0.0-9.0-0.16"},{"rt":6868,"url":"../static/nodeGraphs_normal.html","edge":"3to6","edgeRT":"6017","skip":"false","flipped":"FALSE","index":"17","edgeClickLog":"[{\"edgeSelection\":\"3to6\",\"edgeRTMS\":6017}]","trial_id":"test_2","congruency":"I","trial_group":"15to20","condition":"normal","inference_edge":[],"inference_edgeClickLog":[],"task":"experiment","subjectId":"sz3rak0gw0xtkq3","trial_type":"external-html","trial_index":26,"time_elapsed":563230,"internal_node_id":"0.0-9.0-0.17"},{"rt":6961,"url":"../static/nodeGraphs_normal.html","edge":"1to5","edgeRT":"6017","skip":"false","flipped":"FALSE","index":"18","edgeClickLog":"[{\"edgeSelection\":\"1to5\",\"edgeRTMS\":6017}]","trial_id":"test_3","congruency":"I","trial_group":"15to20","condition":"normal","inference_edge":[],"inference_edgeClickLog":[],"task":"experiment","subjectId":"sz3rak0gw0xtkq3","trial_type":"external-html","trial_index":27,"time_elapsed":570837,"internal_node_id":"0.0-9.0-0.18"},{"rt":6672,"url":"../static/nodeGraphs_normal.html","edge":"6to8","edgeRT":"5906","skip":"false","flipped":"FALSE","index":"19","edgeClickLog":"[{\"edgeSelection\":\"6to8\",\"edgeRTMS\":5906}]","trial_id":"test_4","congruency":"I","trial_group":"15to20","condition":"normal","inference_edge":[],"inference_edgeClickLog":[],"task":"experiment","subjectId":"sz3rak0gw0xtkq3","trial_type":"external-html","trial_index":28,"time_elapsed":578150,"internal_node_id":"0.0-9.0-0.19"},{"rt":49569,"response":{"P0_Q0":null,"P0_Q1":6,"P0_Q2":5,"P0_Q3":6,"P0_Q4":6,"P0_Q5":2,"strategies":"Tried to get to the most points","feedback":"no"},"accuracy":[],"trial_type":"survey","trial_index":29,"time_elapsed":628275,"internal_node_id":"0.0-10.0"},{"rt":4272,"stimulus":"<p>Thanks for your time!</p>        <p>We need to manually calculate your bonus pay, please give us up to 7 days.</p><p>Press any key to conclude.</p>","response":" ","task":"end","subjectId":"sz3rak0gw0xtkq3","trial_type":"html-keyboard-response","trial_index":30,"time_elapsed":632549,"internal_node_id":"0.0-11.0","interactions":"[{\"event\":\"fullscreenenter\",\"trial\":1,\"time\":3377}]"}]