[{"success":true,"timeout":false,"failed_images":[],"failed_audio":[],"failed_video":[],"trial_type":"preload","trial_index":0,"time_elapsed":1148,"internal_node_id":"0.0-0.0"},{"success":true,"trial_type":"fullscreen","trial_index":1,"time_elapsed":4666,"internal_node_id":"0.0-1.0"},{"rt":2173,"stimulus":"Welcome to the experiment. Press any key to begin.","response":"arrowright","trial_type":"html-keyboard-response","trial_index":2,"time_elapsed":6840,"internal_node_id":"0.0-2.0"},{"view_history":[{"page_index":0,"viewing_time":6781},{"page_index":1,"viewing_time":4059},{"page_index":2,"viewing_time":24493},{"page_index":3,"viewing_time":6395},{"page_index":4,"viewing_time":4660},{"page_index":5,"viewing_time":1934},{"page_index":6,"viewing_time":2904},{"page_index":7,"viewing_time":8736},{"page_index":8,"viewing_time":24252},{"page_index":9,"viewing_time":7734},{"page_index":10,"viewing_time":1071},{"page_index":11,"viewing_time":1145},{"page_index":12,"viewing_time":708},{"page_index":13,"viewing_time":2047},{"page_index":14,"viewing_time":3777},{"page_index":15,"viewing_time":4903},{"page_index":16,"viewing_time":1596},{"page_index":17,"viewing_time":1422},{"page_index":18,"viewing_time":1080},{"page_index":19,"viewing_time":3150},{"page_index":20,"viewing_time":5728},{"page_index":21,"viewing_time":2433}],"rt":121007,"trial_type":"instructions","trial_index":3,"time_elapsed":127848,"internal_node_id":"0.0-3.0"},{"rt":241122,"url":"../static/nodeGraphsTraining_scaffolding.html","skip":[],"edgeClickLog":[],"inference_edge":[],"inference_edgeClickLog":[],"trial_type":"external-html","trial_index":4,"time_elapsed":369204,"internal_node_id":"0.0-4.0"},{"rt":29893,"response":{"q1":"The goal is to help the student to get the most points.","q2":"False","q3":"Possible edges you, as the teacher, can choose to teach the learner.","q4":"Edges that the student took before."},"question_order":[0,1,2,3],"trial_type":"survey-multi-choice","trial_index":5,"time_elapsed":399100,"internal_node_id":"0.0-5.0"},{"rt":4243,"stimulus":"<p>You can take a 60 second break before starting the experiment.</p><br><br><p>This page will advance in 60 seconds or you can press any key to advance now.</p>","response":"arrowright","trial_type":"html-keyboard-response","trial_index":6,"time_elapsed":403349,"internal_node_id":"0.0-7.0"},{"view_history":[{"page_index":0,"viewing_time":15566}],"rt":15567,"trial_type":"instructions","trial_index":7,"time_elapsed":418918,"internal_node_id":"0.0-8.0"},{"rt":29776,"url":"../static/nodeGraphs_scaffolding.html","edge":"1to4","edgeRT":"10625","skip":"false","flipped":"FALSE","index":"0","edgeClickLog":"[{\"edgeSelection\":\"1to4\",\"edgeRTMS\":10625}]","trial_id":"cong_0","congruency":"C","trial_group":"1to5","condition":"scaffolding","inference_edge":"0to2,2to4,4to8","inference_edgeClickLog":"[{\"edgeSelection\":\"0to2\",\"edgeRTMS\":7014},{\"edgeSelection\":\"2to4\",\"edgeRTMS\":10557},{\"edgeSelection\":\"4to8\",\"edgeRTMS\":15322}]","inference_edgeRT":"15322","inference_edge_last":"4to8","task":"experiment","subjectId":"g6fvs8kc3gp1weo","trial_type":"external-html","trial_index":8,"time_elapsed":448927,"internal_node_id":"0.0-9.0-0.0"},{"rt":30983,"url":"../static/nodeGraphs_scaffolding.html","edge":"2to6","edgeRT":"7422","skip":"false","flipped":"FALSE","index":"1","edgeClickLog":"[{\"edgeSelection\":\"2to6\",\"edgeRTMS\":7422}]","trial_id":"cong_1","congruency":"C","trial_group":"1to5","condition":"scaffolding","inference_edge":"2to6,6to9,2to4","inference_edgeClickLog":"[{\"edgeSelection\":\"2to6\",\"edgeRTMS\":12870},{\"edgeSelection\":\"6to9\",\"edgeRTMS\":15005},{\"edgeSelection\":\"2to4\",\"edgeRTMS\":18565}]","inference_edgeRT":"18565","inference_edge_last":"2to4","task":"experiment","subjectId":"g6fvs8kc3gp1weo","trial_type":"external-html","trial_index":9,"time_elapsed":480631,"internal_node_id":"0.0-9.0-0.1"},{"rt":31684,"url":"../static/nodeGraphs_scaffolding.html","edge":"2to5","edgeRT":"11334","skip":"false","flipped":"FALSE","index":"2","edgeClickLog":"[{\"edgeSelection\":\"2to5\",\"edgeRTMS\":11334}]","trial_id":"cong_6","congruency":"C","trial_group":"1to5","condition":"scaffolding","inference_edge":"2to5,5to9,5to7","inference_edgeClickLog":"[{\"edgeSelection\":\"2to5\",\"edgeRTMS\":10601},{\"edgeSelection\":\"5to9\",\"edgeRTMS\":15229},{\"edgeSelection\":\"5to7\",\"edgeRTMS\":18001}]","inference_edgeRT":"18001","inference_edge_last":"5to7","task":"experiment","subjectId":"g6fvs8kc3gp1weo","trial_type":"external-html","trial_index":10,"time_elapsed":513038,"internal_node_id":"0.0-9.0-0.2"},{"rt":25749,"url":"../static/nodeGraphs_scaffolding.html","edge":"2to4","edgeRT":"8294","skip":"false","flipped":"FALSE","index":"3","edgeClickLog":"[{\"edgeSelection\":\"2to4\",\"edgeRTMS\":8294}]","trial_id":"cong_4","congruency":"C","trial_group":"1to5","condition":"scaffolding","inference_edge":"0to1,2to4,4to8","inference_edgeClickLog":"[{\"edgeSelection\":\"0to1\",\"edgeRTMS\":5113},{\"edgeSelection\":\"2to4\",\"edgeRTMS\":8277},{\"edgeSelection\":\"4to8\",\"edgeRTMS\":9669}]","inference_edgeRT":"9669","inference_edge_last":"4to8","task":"experiment","subjectId":"g6fvs8kc3gp1weo","trial_type":"external-html","trial_index":11,"time_elapsed":539562,"internal_node_id":"0.0-9.0-0.3"},{"rt":33744,"url":"../static/nodeGraphs_scaffolding.html","edge":"2to5","edgeRT":"4338","skip":"false","flipped":"FALSE","index":"4","edgeClickLog":"[{\"edgeSelection\":\"2to5\",\"edgeRTMS\":4338}]","trial_id":"cong_9","congruency":"C","trial_group":"1to5","condition":"scaffolding","inference_edge":"2to5,5to9,0to3","inference_edgeClickLog":"[{\"edgeSelection\":\"0to3\",\"edgeRTMS\":6550},{\"edgeSelection\":\"3to5\",\"edgeRTMS\":7933},{\"edgeSelection\":\"2to5\",\"edgeRTMS\":13797},{\"edgeSelection\":\"5to9\",\"edgeRTMS\":17485},{\"edgeSelection\":\"0to3\",\"edgeRTMS\":20960}]","inference_edgeRT":"20960","inference_edge_last":"0to3","task":"experiment","subjectId":"g6fvs8kc3gp1weo","trial_type":"external-html","trial_index":12,"time_elapsed":574039,"internal_node_id":"0.0-9.0-0.4"},{"rt":18236,"url":"../static/nodeGraphs_scaffolding.html","edge":"3to6","edgeRT":"2005","skip":"false","flipped":"TRUE","index":"5","edgeClickLog":"[{\"edgeSelection\":\"3to6\",\"edgeRTMS\":2005}]","trial_id":"cong_0_flipped","congruency":"C","trial_group":"5to10","condition":"scaffolding","inference_edge":"0to2,0to1,2to6","inference_edgeClickLog":"[{\"edgeSelection\":\"0to2\",\"edgeRTMS\":5054},{\"edgeSelection\":\"0to1\",\"edgeRTMS\":6144},{\"edgeSelection\":\"2to6\",\"edgeRTMS\":9373}]","inference_edgeRT":"9373","inference_edge_last":"2to6","task":"experiment","subjectId":"g6fvs8kc3gp1weo","trial_type":"external-html","trial_index":13,"time_elapsed":592998,"internal_node_id":"0.0-9.0-0.5"},{"rt":23685,"url":"../static/nodeGraphs_scaffolding.html","edge":"2to4","edgeRT":"4955","skip":"false","flipped":"TRUE","index":"6","edgeClickLog":"[{\"edgeSelection\":\"2to4\",\"edgeRTMS\":4955}]","trial_id":"cong_1_flipped","congruency":"C","trial_group":"5to10","condition":"scaffolding","inference_edge":"2to6,2to4,6to9","inference_edgeClickLog":"[{\"edgeSelection\":\"2to6\",\"edgeRTMS\":6825},{\"edgeSelection\":\"2to4\",\"edgeRTMS\":8717},{\"edgeSelection\":\"6to9\",\"edgeRTMS\":15987}]","inference_edgeRT":"15987","inference_edge_last":"6to9","task":"experiment","subjectId":"g6fvs8kc3gp1weo","trial_type":"external-html","trial_index":14,"time_elapsed":617414,"internal_node_id":"0.0-9.0-0.6"},{"rt":27608,"url":"../static/nodeGraphs_scaffolding.html","edge":"2to5","edgeRT":"4901","skip":"false","flipped":"TRUE","index":"7","edgeClickLog":"[{\"edgeSelection\":\"2to5\",\"edgeRTMS\":4901}]","trial_id":"cong_6_flipped","congruency":"C","trial_group":"5to10","condition":"scaffolding","inference_edge":"2to5,6to9,5to9","inference_edgeClickLog":"[{\"edgeSelection\":\"2to5\",\"edgeRTMS\":7928},{\"edgeSelection\":\"6to9\",\"edgeRTMS\":11436},{\"edgeSelection\":\"5to9\",\"edgeRTMS\":18135}]","inference_edgeRT":"18135","inference_edge_last":"5to9","task":"experiment","subjectId":"g6fvs8kc3gp1weo","trial_type":"external-html","trial_index":15,"time_elapsed":645770,"internal_node_id":"0.0-9.0-0.7"},{"rt":25905,"url":"../static/nodeGraphs_scaffolding.html","edge":"2to6","edgeRT":"2462","skip":"false","flipped":"TRUE","index":"8","edgeClickLog":"[{\"edgeSelection\":\"2to6\",\"edgeRTMS\":2462}]","trial_id":"cong_4_flipped","congruency":"C","trial_group":"5to10","condition":"scaffolding","inference_edge":"2to6,6to8,5to8","inference_edgeClickLog":"[{\"edgeSelection\":\"2to6\",\"edgeRTMS\":8443},{\"edgeSelection\":\"6to8\",\"edgeRTMS\":11237},{\"edgeSelection\":\"5to8\",\"edgeRTMS\":18705}]","inference_edgeRT":"18705","inference_edge_last":"5to8","task":"experiment","subjectId":"g6fvs8kc3gp1weo","trial_type":"external-html","trial_index":16,"time_elapsed":672405,"internal_node_id":"0.0-9.0-0.8"},{"rt":33123,"url":"../static/nodeGraphs_scaffolding.html","edge":"2to5","edgeRT":"13393","skip":"false","flipped":"TRUE","index":"9","edgeClickLog":"[{\"edgeSelection\":\"5to8\",\"edgeRTMS\":7406},{\"edgeSelection\":\"2to5\",\"edgeRTMS\":13393}]","trial_id":"cong_9_flipped","congruency":"C","trial_group":"5to10","condition":"scaffolding","inference_edge":"2to5,5to8,0to1","inference_edgeClickLog":"[{\"edgeSelection\":\"2to5\",\"edgeRTMS\":5176},{\"edgeSelection\":\"5to8\",\"edgeRTMS\":11401},{\"edgeSelection\":\"0to1\",\"edgeRTMS\":17643}]","inference_edgeRT":"17643","inference_edge_last":"0to1","task":"experiment","subjectId":"g6fvs8kc3gp1weo","trial_type":"external-html","trial_index":17,"time_elapsed":706293,"internal_node_id":"0.0-9.0-0.9"},{"rt":34636,"url":"../static/nodeGraphs_scaffolding.html","edge":"1to4","edgeRT":"10554","skip":"false","flipped":"FALSE","index":"10","edgeClickLog":"[{\"edgeSelection\":\"1to4\",\"edgeRTMS\":10554}]","trial_id":"cong_0","congruency":"C","trial_group":"10to15","condition":"scaffolding","inference_edge":"5to8,1to4,4to8","inference_edgeClickLog":"[{\"edgeSelection\":\"5to8\",\"edgeRTMS\":8629},{\"edgeSelection\":\"1to4\",\"edgeRTMS\":9856},{\"edgeSelection\":\"4to8\",\"edgeRTMS\":15477}]","inference_edgeRT":"15477","inference_edge_last":"4to8","task":"experiment","subjectId":"g6fvs8kc3gp1weo","trial_type":"external-html","trial_index":18,"time_elapsed":741657,"internal_node_id":"0.0-9.0-0.10"},{"rt":19769,"url":"../static/nodeGraphs_scaffolding.html","edge":"2to6","edgeRT":"3909","skip":"false","flipped":"FALSE","index":"11","edgeClickLog":"[{\"edgeSelection\":\"2to6\",\"edgeRTMS\":3909}]","trial_id":"cong_1","congruency":"C","trial_group":"10to15","condition":"scaffolding","inference_edge":"2to6,2to4,6to9","inference_edgeClickLog":"[{\"edgeSelection\":\"2to6\",\"edgeRTMS\":6432},{\"edgeSelection\":\"2to4\",\"edgeRTMS\":9084},{\"edgeSelection\":\"6to9\",\"edgeRTMS\":14347}]","inference_edgeRT":"14347","inference_edge_last":"6to9","task":"experiment","subjectId":"g6fvs8kc3gp1weo","trial_type":"external-html","trial_index":19,"time_elapsed":762193,"internal_node_id":"0.0-9.0-0.11"},{"rt":25344,"url":"../static/nodeGraphs_scaffolding.html","edge":"2to5","edgeRT":"10953","skip":"false","flipped":"FALSE","index":"12","edgeClickLog":"[{\"edgeSelection\":\"2to5\",\"edgeRTMS\":10953}]","trial_id":"cong_6","congruency":"C","trial_group":"10to15","condition":"scaffolding","inference_edge":"2to5,5to7,5to9","inference_edgeClickLog":"[{\"edgeSelection\":\"2to5\",\"edgeRTMS\":6953},{\"edgeSelection\":\"5to7\",\"edgeRTMS\":9993},{\"edgeSelection\":\"5to9\",\"edgeRTMS\":11033}]","inference_edgeRT":"11033","inference_edge_last":"5to9","task":"experiment","subjectId":"g6fvs8kc3gp1weo","trial_type":"external-html","trial_index":20,"time_elapsed":788264,"internal_node_id":"0.0-9.0-0.12"},{"rt":23822,"url":"../static/nodeGraphs_scaffolding.html","edge":"2to4","edgeRT":"3309","skip":"false","flipped":"FALSE","index":"13","edgeClickLog":"[{\"edgeSelection\":\"2to4\",\"edgeRTMS\":3309}]","trial_id":"cong_4","congruency":"C","trial_group":"10to15","condition":"scaffolding","inference_edge":"2to4,4to8,2to6","inference_edgeClickLog":"[{\"edgeSelection\":\"2to4\",\"edgeRTMS\":10712},{\"edgeSelection\":\"4to8\",\"edgeRTMS\":11864},{\"edgeSelection\":\"2to6\",\"edgeRTMS\":17359}]","inference_edgeRT":"17359","inference_edge_last":"2to6","task":"experiment","subjectId":"g6fvs8kc3gp1weo","trial_type":"external-html","trial_index":21,"time_elapsed":812812,"internal_node_id":"0.0-9.0-0.13"},{"rt":13782,"url":"../static/nodeGraphs_scaffolding.html","edge":"2to5","edgeRT":"5851","skip":"false","flipped":"FALSE","index":"14","edgeClickLog":"[{\"edgeSelection\":\"2to5\",\"edgeRTMS\":5851}]","trial_id":"cong_9","congruency":"C","trial_group":"10to15","condition":"scaffolding","inference_edge":"2to5,5to9,5to8","inference_edgeClickLog":"[{\"edgeSelection\":\"2to5\",\"edgeRTMS\":4087},{\"edgeSelection\":\"5to9\",\"edgeRTMS\":5545},{\"edgeSelection\":\"5to8\",\"edgeRTMS\":6120}]","inference_edgeRT":"6120","inference_edge_last":"5to8","task":"experiment","subjectId":"g6fvs8kc3gp1weo","trial_type":"external-html","trial_index":22,"time_elapsed":827348,"internal_node_id":"0.0-9.0-0.14"},{"rt":35857,"url":"../static/nodeGraphs_scaffolding.html","edge":"6to8","edgeRT":"17212","skip":"false","flipped":"FALSE","index":"15","edgeClickLog":"[{\"edgeSelection\":\"2to6\",\"edgeRTMS\":12770},{\"edgeSelection\":\"6to8\",\"edgeRTMS\":17212}]","trial_id":"test_0","congruency":"I","trial_group":"15to20","condition":"scaffolding","inference_edge":"2to5,5to9,5to8","inference_edgeClickLog":"[{\"edgeSelection\":\"2to5\",\"edgeRTMS\":4087},{\"edgeSelection\":\"5to9\",\"edgeRTMS\":5545},{\"edgeSelection\":\"5to8\",\"edgeRTMS\":6120}]","inference_edgeRT":"6120","inference_edge_last":"","task":"experiment","subjectId":"g6fvs8kc3gp1weo","trial_type":"external-html","trial_index":23,"time_elapsed":863944,"internal_node_id":"0.0-9.0-0.15"},{"rt":11160,"url":"../static/nodeGraphs_scaffolding.html","edge":"3to6","edgeRT":"10086","skip":"false","flipped":"FALSE","index":"16","edgeClickLog":"[{\"edgeSelection\":\"3to6\",\"edgeRTMS\":10086}]","trial_id":"test_1","congruency":"I","trial_group":"15to20","condition":"scaffolding","inference_edge":"2to5,5to9,5to8","inference_edgeClickLog":"[{\"edgeSelection\":\"2to5\",\"edgeRTMS\":4087},{\"edgeSelection\":\"5to9\",\"edgeRTMS\":5545},{\"edgeSelection\":\"5to8\",\"edgeRTMS\":6120}]","inference_edgeRT":"6120","inference_edge_last":"","task":"experiment","subjectId":"g6fvs8kc3gp1weo","trial_type":"external-html","trial_index":24,"time_elapsed":875832,"internal_node_id":"0.0-9.0-0.16"},{"rt":8493,"url":"../static/nodeGraphs_scaffolding.html","edge":"3to6","edgeRT":"5962","skip":"false","flipped":"FALSE","index":"17","edgeClickLog":"[{\"edgeSelection\":\"3to6\",\"edgeRTMS\":5962}]","trial_id":"test_2","congruency":"I","trial_group":"15to20","condition":"scaffolding","inference_edge":"2to5,5to9,5to8","inference_edgeClickLog":"[{\"edgeSelection\":\"2to5\",\"edgeRTMS\":4087},{\"edgeSelection\":\"5to9\",\"edgeRTMS\":5545},{\"edgeSelection\":\"5to8\",\"edgeRTMS\":6120}]","inference_edgeRT":"6120","inference_edge_last":"","task":"experiment","subjectId":"g6fvs8kc3gp1weo","trial_type":"external-html","trial_index":25,"time_elapsed":885036,"internal_node_id":"0.0-9.0-0.17"},{"rt":5561,"url":"../static/nodeGraphs_scaffolding.html","edge":"1to5","edgeRT":"4230","skip":"false","flipped":"FALSE","index":"18","edgeClickLog":"[{\"edgeSelection\":\"1to5\",\"edgeRTMS\":4230}]","trial_id":"test_3","congruency":"I","trial_group":"15to20","condition":"scaffolding","inference_edge":"2to5,5to9,5to8","inference_edgeClickLog":"[{\"edgeSelection\":\"2to5\",\"edgeRTMS\":4087},{\"edgeSelection\":\"5to9\",\"edgeRTMS\":5545},{\"edgeSelection\":\"5to8\",\"edgeRTMS\":6120}]","inference_edgeRT":"6120","inference_edge_last":"","task":"experiment","subjectId":"g6fvs8kc3gp1weo","trial_type":"external-html","trial_index":26,"time_elapsed":891332,"internal_node_id":"0.0-9.0-0.18"},{"rt":16660,"url":"../static/nodeGraphs_scaffolding.html","edge":"6to9","edgeRT":"3838","skip":"false","flipped":"FALSE","index":"19","edgeClickLog":"[{\"edgeSelection\":\"6to9\",\"edgeRTMS\":3838}]","trial_id":"test_4","congruency":"I","trial_group":"15to20","condition":"scaffolding","inference_edge":"2to5,5to9,5to8","inference_edgeClickLog":"[{\"edgeSelection\":\"2to5\",\"edgeRTMS\":4087},{\"edgeSelection\":\"5to9\",\"edgeRTMS\":5545},{\"edgeSelection\":\"5to8\",\"edgeRTMS\":6120}]","inference_edgeRT":"6120","inference_edge_last":"","task":"experiment","subjectId":"g6fvs8kc3gp1weo","trial_type":"external-html","trial_index":27,"time_elapsed":908724,"internal_node_id":"0.0-9.0-0.19"},{"rt":33547,"response":{"P0_Q0":null,"P0_Q1":3,"P0_Q2":5,"P0_Q3":5,"P0_Q4":5,"P0_Q5":3,"strategies":"more points for the student","feedback":""},"accuracy":[],"trial_type":"survey","trial_index":28,"time_elapsed":942931,"internal_node_id":"0.0-10.0"},{"rt":3433,"stimulus":"<p>Thanks for your time!</p>        <p>We need to manually calculate your bonus pay, please give us up to 7 days.</p><p>Press any key to conclude.</p>","response":"arrowright","task":"end","subjectId":"g6fvs8kc3gp1weo","trial_type":"html-keyboard-response","trial_index":29,"time_elapsed":946368,"internal_node_id":"0.0-11.0","interactions":"[{\"event\":\"fullscreenenter\",\"trial\":1,\"time\":3699}]"}]