[{"success":true,"timeout":false,"failed_images":[],"failed_audio":[],"failed_video":[],"trial_type":"preload","trial_index":0,"time_elapsed":246,"internal_node_id":"0.0-0.0"},{"success":true,"trial_type":"fullscreen","trial_index":1,"time_elapsed":112776,"internal_node_id":"0.0-1.0"},{"rt":2190,"stimulus":"Welcome to the experiment. Press any key to begin.","response":"f","trial_type":"html-keyboard-response","trial_index":2,"time_elapsed":114967,"internal_node_id":"0.0-2.0"},{"view_history":[{"page_index":0,"viewing_time":2275},{"page_index":1,"viewing_time":1937},{"page_index":2,"viewing_time":20466},{"page_index":3,"viewing_time":2123},{"page_index":4,"viewing_time":1843},{"page_index":5,"viewing_time":1247},{"page_index":6,"viewing_time":1894},{"page_index":7,"viewing_time":5860},{"page_index":8,"viewing_time":9244},{"page_index":9,"viewing_time":4170},{"page_index":10,"viewing_time":685},{"page_index":11,"viewing_time":419},{"page_index":12,"viewing_time":387},{"page_index":13,"viewing_time":1168},{"page_index":14,"viewing_time":964},{"page_index":15,"viewing_time":2794},{"page_index":16,"viewing_time":730},{"page_index":17,"viewing_time":404},{"page_index":18,"viewing_time":645},{"page_index":19,"viewing_time":3787},{"page_index":20,"viewing_time":1417},{"page_index":21,"viewing_time":1885}],"rt":66344,"trial_type":"instructions","trial_index":3,"time_elapsed":181319,"internal_node_id":"0.0-3.0"},{"rt":70788,"url":"../static/nodeGraphsTraining_distractor.html","skip":[],"edgeClickLog":[],"inference_edge":[],"inference_edgeClickLog":[],"trial_type":"external-html","trial_index":4,"time_elapsed":252319,"internal_node_id":"0.0-4.0"},{"rt":24469,"response":{"q1":"The goal is to help the student to get the most points.","q2":"False","q3":"Possible edges you, as the teacher, can choose to teach the learner.","q4":"Edges that the student took before."},"question_order":[0,1,2,3],"trial_type":"survey-multi-choice","trial_index":5,"time_elapsed":276790,"internal_node_id":"0.0-5.0"},{"rt":4531,"stimulus":"<p>You can take a 60 second break before starting the experiment.</p><br><br><p>This page will advance in 60 seconds or you can press any key to advance now.</p>","response":"arrowright","trial_type":"html-keyboard-response","trial_index":6,"time_elapsed":281324,"internal_node_id":"0.0-7.0"},{"view_history":[{"page_index":0,"viewing_time":2912}],"rt":2912,"trial_type":"instructions","trial_index":7,"time_elapsed":284238,"internal_node_id":"0.0-8.0"},{"rt":19033,"url":"../static/nodeGraphs_distractor.html","edge":"1to4","edgeRT":"3594","skip":"false","flipped":"FALSE","index":"0","edgeClickLog":"[{\"edgeSelection\":\"1to4\",\"edgeRTMS\":3594}]","trial_id":"cong_0","congruency":"C","trial_group":"1to5","condition":"distractor","inference_edge":"1to4,2to4,1to5","inference_edgeClickLog":"[{\"edgeSelection\":\"0to1\",\"edgeRTMS\":5088},{\"edgeSelection\":\"1to4\",\"edgeRTMS\":5816},{\"edgeSelection\":\"0to1\",\"edgeRTMS\":8063},{\"edgeSelection\":\"2to4\",\"edgeRTMS\":8848},{\"edgeSelection\":\"1to5\",\"edgeRTMS\":12384}]","inference_edgeRT":"12384","inference_edge_last":"1to5","task":"experiment","subjectId":"6qydn5rssctupd9","trial_type":"external-html","trial_index":8,"time_elapsed":303374,"internal_node_id":"0.0-9.0-0.0"},{"rt":16068,"url":"../static/nodeGraphs_distractor.html","edge":"2to6","edgeRT":"3291","skip":"false","flipped":"FALSE","index":"1","edgeClickLog":"[{\"edgeSelection\":\"2to6\",\"edgeRTMS\":3291}]","trial_id":"cong_1","congruency":"C","trial_group":"1to5","condition":"distractor","inference_edge":"2to6,2to4,3to6","inference_edgeClickLog":"[{\"edgeSelection\":\"2to6\",\"edgeRTMS\":3674},{\"edgeSelection\":\"2to4\",\"edgeRTMS\":4904},{\"edgeSelection\":\"3to6\",\"edgeRTMS\":8217}]","inference_edgeRT":"8217","inference_edge_last":"3to6","task":"experiment","subjectId":"6qydn5rssctupd9","trial_type":"external-html","trial_index":9,"time_elapsed":320046,"internal_node_id":"0.0-9.0-0.1"},{"rt":12687,"url":"../static/nodeGraphs_distractor.html","edge":"2to5","edgeRT":"1865","skip":"false","flipped":"FALSE","index":"2","edgeClickLog":"[{\"edgeSelection\":\"2to5\",\"edgeRTMS\":1865}]","trial_id":"cong_6","congruency":"C","trial_group":"1to5","condition":"distractor","inference_edge":"2to5,5to7,5to9","inference_edgeClickLog":"[{\"edgeSelection\":\"2to5\",\"edgeRTMS\":2441},{\"edgeSelection\":\"5to7\",\"edgeRTMS\":5041},{\"edgeSelection\":\"5to9\",\"edgeRTMS\":6360}]","inference_edgeRT":"6360","inference_edge_last":"5to9","task":"experiment","subjectId":"6qydn5rssctupd9","trial_type":"external-html","trial_index":10,"time_elapsed":333343,"internal_node_id":"0.0-9.0-0.2"},{"rt":26072,"url":"../static/nodeGraphs_distractor.html","edge":"4to8","edgeRT":"1721","skip":"false","flipped":"FALSE","index":"3","edgeClickLog":"[{\"edgeSelection\":\"4to8\",\"edgeRTMS\":1721}]","trial_id":"cong_4","congruency":"C","trial_group":"1to5","condition":"distractor","inference_edge":"2to4,4to8,1to4","inference_edgeClickLog":"[{\"edgeSelection\":\"2to4\",\"edgeRTMS\":2415},{\"edgeSelection\":\"2to5\",\"edgeRTMS\":4105},{\"edgeSelection\":\"4to8\",\"edgeRTMS\":5992},{\"edgeSelection\":\"2to5\",\"edgeRTMS\":11425},{\"edgeSelection\":\"1to4\",\"edgeRTMS\":23002}]","inference_edgeRT":"23002","inference_edge_last":"1to4","task":"experiment","subjectId":"6qydn5rssctupd9","trial_type":"external-html","trial_index":11,"time_elapsed":360022,"internal_node_id":"0.0-9.0-0.3"},{"rt":17028,"url":"../static/nodeGraphs_distractor.html","edge":"2to5","edgeRT":"2674","skip":"false","flipped":"FALSE","index":"4","edgeClickLog":"[{\"edgeSelection\":\"2to5\",\"edgeRTMS\":2674}]","trial_id":"cong_9","congruency":"C","trial_group":"1to5","condition":"distractor","inference_edge":"2to5,3to5,5to9","inference_edgeClickLog":"[{\"edgeSelection\":\"2to5\",\"edgeRTMS\":1769},{\"edgeSelection\":\"3to5\",\"edgeRTMS\":3089},{\"edgeSelection\":\"5to9\",\"edgeRTMS\":5024}]","inference_edgeRT":"5024","inference_edge_last":"5to9","task":"experiment","subjectId":"6qydn5rssctupd9","trial_type":"external-html","trial_index":12,"time_elapsed":377654,"internal_node_id":"0.0-9.0-0.4"},{"rt":27667,"url":"../static/nodeGraphs_distractor.html","edge":"3to6","edgeRT":"4090","skip":"false","flipped":"TRUE","index":"5","edgeClickLog":"[{\"edgeSelection\":\"3to6\",\"edgeRTMS\":2865},{\"edgeSelection\":\"3to6\",\"edgeRTMS\":4090}]","trial_id":"cong_0_flipped","congruency":"C","trial_group":"5to10","condition":"distractor","inference_edge":"3to5,2to6,3to6","inference_edgeClickLog":"[{\"edgeSelection\":\"0to3\",\"edgeRTMS\":2185},{\"edgeSelection\":\"3to6\",\"edgeRTMS\":3239},{\"edgeSelection\":\"6to9\",\"edgeRTMS\":4231},{\"edgeSelection\":\"0to3\",\"edgeRTMS\":5280},{\"edgeSelection\":\"3to5\",\"edgeRTMS\":7024},{\"edgeSelection\":\"5to9\",\"edgeRTMS\":11465},{\"edgeSelection\":\"3to6\",\"edgeRTMS\":12544},{\"edgeSelection\":\"6to9\",\"edgeRTMS\":14167},{\"edgeSelection\":\"3to5\",\"edgeRTMS\":15255},{\"edgeSelection\":\"2to6\",\"edgeRTMS\":16514},{\"edgeSelection\":\"3to6\",\"edgeRTMS\":17776},{\"edgeSelection\":\"3to6\",\"edgeRTMS\":18096},{\"edgeSelection\":\"3to6\",\"edgeRTMS\":18737}]","inference_edgeRT":"18737","inference_edge_last":"3to6","task":"experiment","subjectId":"6qydn5rssctupd9","trial_type":"external-html","trial_index":13,"time_elapsed":405925,"internal_node_id":"0.0-9.0-0.5"},{"rt":12661,"url":"../static/nodeGraphs_distractor.html","edge":"2to4","edgeRT":"2130","skip":"false","flipped":"TRUE","index":"6","edgeClickLog":"[{\"edgeSelection\":\"2to4\",\"edgeRTMS\":2130}]","trial_id":"cong_1_flipped","congruency":"C","trial_group":"5to10","condition":"distractor","inference_edge":"1to4,2to4,4to7","inference_edgeClickLog":"[{\"edgeSelection\":\"1to4\",\"edgeRTMS\":2427},{\"edgeSelection\":\"2to4\",\"edgeRTMS\":3239},{\"edgeSelection\":\"4to7\",\"edgeRTMS\":3960}]","inference_edgeRT":"3960","inference_edge_last":"4to7","task":"experiment","subjectId":"6qydn5rssctupd9","trial_type":"external-html","trial_index":14,"time_elapsed":419189,"internal_node_id":"0.0-9.0-0.6"},{"rt":14287,"url":"../static/nodeGraphs_distractor.html","edge":"2to5","edgeRT":"2978","skip":"false","flipped":"TRUE","index":"7","edgeClickLog":"[{\"edgeSelection\":\"2to5\",\"edgeRTMS\":2978}]","trial_id":"cong_6_flipped","congruency":"C","trial_group":"5to10","condition":"distractor","inference_edge":"2to5,5to7,5to9","inference_edgeClickLog":"[{\"edgeSelection\":\"2to5\",\"edgeRTMS\":1817},{\"edgeSelection\":\"5to7\",\"edgeRTMS\":6489},{\"edgeSelection\":\"5to9\",\"edgeRTMS\":7520}]","inference_edgeRT":"7520","inference_edge_last":"5to9","task":"experiment","subjectId":"6qydn5rssctupd9","trial_type":"external-html","trial_index":15,"time_elapsed":434077,"internal_node_id":"0.0-9.0-0.7"},{"rt":18287,"url":"../static/nodeGraphs_distractor.html","edge":"2to6","edgeRT":"1162","skip":"false","flipped":"TRUE","index":"8","edgeClickLog":"[{\"edgeSelection\":\"2to6\",\"edgeRTMS\":1162}]","trial_id":"cong_4_flipped","congruency":"C","trial_group":"5to10","condition":"distractor","inference_edge":"2to6,6to8,2to5","inference_edgeClickLog":"[{\"edgeSelection\":\"2to6\",\"edgeRTMS\":1680},{\"edgeSelection\":\"5to9\",\"edgeRTMS\":3825},{\"edgeSelection\":\"6to9\",\"edgeRTMS\":4760},{\"edgeSelection\":\"6to8\",\"edgeRTMS\":6864},{\"edgeSelection\":\"3to5\",\"edgeRTMS\":7528},{\"edgeSelection\":\"2to6\",\"edgeRTMS\":8758},{\"edgeSelection\":\"6to8\",\"edgeRTMS\":9240},{\"edgeSelection\":\"6to8\",\"edgeRTMS\":9912},{\"edgeSelection\":\"2to5\",\"edgeRTMS\":14751}]","inference_edgeRT":"14751","inference_edge_last":"2to5","task":"experiment","subjectId":"6qydn5rssctupd9","trial_type":"external-html","trial_index":16,"time_elapsed":452966,"internal_node_id":"0.0-9.0-0.8"},{"rt":7249,"url":"../static/nodeGraphs_distractor.html","edge":"2to5","edgeRT":"1090","skip":"false","flipped":"TRUE","index":"9","edgeClickLog":"[{\"edgeSelection\":\"2to5\",\"edgeRTMS\":1090}]","trial_id":"cong_9_flipped","congruency":"C","trial_group":"5to10","condition":"distractor","inference_edge":"2to5,5to8,5to7","inference_edgeClickLog":"[{\"edgeSelection\":\"2to5\",\"edgeRTMS\":1960},{\"edgeSelection\":\"5to8\",\"edgeRTMS\":3200},{\"edgeSelection\":\"5to7\",\"edgeRTMS\":4966}]","inference_edgeRT":"4966","inference_edge_last":"5to7","task":"experiment","subjectId":"6qydn5rssctupd9","trial_type":"external-html","trial_index":17,"time_elapsed":460830,"internal_node_id":"0.0-9.0-0.9"},{"rt":8468,"url":"../static/nodeGraphs_distractor.html","edge":"1to4","edgeRT":"1578","skip":"false","flipped":"FALSE","index":"10","edgeClickLog":"[{\"edgeSelection\":\"1to4\",\"edgeRTMS\":1578}]","trial_id":"cong_0","congruency":"C","trial_group":"10to15","condition":"distractor","inference_edge":"1to4,2to4,4to7","inference_edgeClickLog":"[{\"edgeSelection\":\"1to4\",\"edgeRTMS\":2904},{\"edgeSelection\":\"2to4\",\"edgeRTMS\":3575},{\"edgeSelection\":\"4to7\",\"edgeRTMS\":5696}]","inference_edgeRT":"5696","inference_edge_last":"4to7","task":"experiment","subjectId":"6qydn5rssctupd9","trial_type":"external-html","trial_index":18,"time_elapsed":469902,"internal_node_id":"0.0-9.0-0.10"},{"rt":10278,"url":"../static/nodeGraphs_distractor.html","edge":"2to6","edgeRT":"1498","skip":"false","flipped":"FALSE","index":"11","edgeClickLog":"[{\"edgeSelection\":\"2to6\",\"edgeRTMS\":1498}]","trial_id":"cong_1","congruency":"C","trial_group":"10to15","condition":"distractor","inference_edge":"2to6,3to6,6to9","inference_edgeClickLog":"[{\"edgeSelection\":\"6to8\",\"edgeRTMS\":1888},{\"edgeSelection\":\"6to8\",\"edgeRTMS\":2703},{\"edgeSelection\":\"2to6\",\"edgeRTMS\":3238},{\"edgeSelection\":\"3to6\",\"edgeRTMS\":3729},{\"edgeSelection\":\"6to9\",\"edgeRTMS\":4137}]","inference_edgeRT":"4137","inference_edge_last":"6to9","task":"experiment","subjectId":"6qydn5rssctupd9","trial_type":"external-html","trial_index":19,"time_elapsed":480790,"internal_node_id":"0.0-9.0-0.11"},{"rt":11414,"url":"../static/nodeGraphs_distractor.html","edge":"2to5","edgeRT":"4172","skip":"false","flipped":"FALSE","index":"12","edgeClickLog":"[{\"edgeSelection\":\"2to5\",\"edgeRTMS\":1538},{\"edgeSelection\":\"5to7\",\"edgeRTMS\":2136},{\"edgeSelection\":\"5to9\",\"edgeRTMS\":2881},{\"edgeSelection\":\"5to7\",\"edgeRTMS\":3730},{\"edgeSelection\":\"2to5\",\"edgeRTMS\":4172}]","trial_id":"cong_6","congruency":"C","trial_group":"10to15","condition":"distractor","inference_edge":"2to5,5to7,5to9","inference_edgeClickLog":"[{\"edgeSelection\":\"2to5\",\"edgeRTMS\":2152},{\"edgeSelection\":\"5to7\",\"edgeRTMS\":3640},{\"edgeSelection\":\"5to9\",\"edgeRTMS\":4422}]","inference_edgeRT":"4422","inference_edge_last":"5to9","task":"experiment","subjectId":"6qydn5rssctupd9","trial_type":"external-html","trial_index":20,"time_elapsed":492815,"internal_node_id":"0.0-9.0-0.12"},{"rt":9244,"url":"../static/nodeGraphs_distractor.html","edge":"2to4","edgeRT":"1266","skip":"false","flipped":"FALSE","index":"13","edgeClickLog":"[{\"edgeSelection\":\"2to4\",\"edgeRTMS\":1266}]","trial_id":"cong_4","congruency":"C","trial_group":"10to15","condition":"distractor","inference_edge":"2to5,4to8,2to4","inference_edgeClickLog":"[{\"edgeSelection\":\"2to5\",\"edgeRTMS\":2271},{\"edgeSelection\":\"4to8\",\"edgeRTMS\":3784},{\"edgeSelection\":\"2to4\",\"edgeRTMS\":4999}]","inference_edgeRT":"4999","inference_edge_last":"2to4","task":"experiment","subjectId":"6qydn5rssctupd9","trial_type":"external-html","trial_index":21,"time_elapsed":502661,"internal_node_id":"0.0-9.0-0.13"},{"rt":6973,"url":"../static/nodeGraphs_distractor.html","edge":"2to5","edgeRT":"1186","skip":"false","flipped":"FALSE","index":"14","edgeClickLog":"[{\"edgeSelection\":\"2to5\",\"edgeRTMS\":1186}]","trial_id":"cong_9","congruency":"C","trial_group":"10to15","condition":"distractor","inference_edge":"2to5,3to5,5to9","inference_edgeClickLog":"[{\"edgeSelection\":\"2to5\",\"edgeRTMS\":2089},{\"edgeSelection\":\"3to5\",\"edgeRTMS\":2616},{\"edgeSelection\":\"5to9\",\"edgeRTMS\":4334}]","inference_edgeRT":"4334","inference_edge_last":"5to9","task":"experiment","subjectId":"6qydn5rssctupd9","trial_type":"external-html","trial_index":22,"time_elapsed":510246,"internal_node_id":"0.0-9.0-0.14"},{"rt":28069,"url":"../static/nodeGraphs_distractor.html","edge":"6to8","edgeRT":"4553","skip":"false","flipped":"FALSE","index":"15","edgeClickLog":"[{\"edgeSelection\":\"6to8\",\"edgeRTMS\":4553}]","trial_id":"test_0","congruency":"I","trial_group":"15to20","condition":"distractor","inference_edge":"2to5,3to5,5to9","inference_edgeClickLog":"[{\"edgeSelection\":\"2to5\",\"edgeRTMS\":2089},{\"edgeSelection\":\"3to5\",\"edgeRTMS\":2616},{\"edgeSelection\":\"5to9\",\"edgeRTMS\":4334}]","inference_edgeRT":"4334","inference_edge_last":"","task":"experiment","subjectId":"6qydn5rssctupd9","trial_type":"external-html","trial_index":23,"time_elapsed":538918,"internal_node_id":"0.0-9.0-0.15"},{"rt":4566,"url":"../static/nodeGraphs_distractor.html","edge":"3to6","edgeRT":"3922","skip":"false","flipped":"FALSE","index":"16","edgeClickLog":"[{\"edgeSelection\":\"3to6\",\"edgeRTMS\":3922}]","trial_id":"test_1","congruency":"I","trial_group":"15to20","condition":"distractor","inference_edge":"2to5,3to5,5to9","inference_edgeClickLog":"[{\"edgeSelection\":\"2to5\",\"edgeRTMS\":2089},{\"edgeSelection\":\"3to5\",\"edgeRTMS\":2616},{\"edgeSelection\":\"5to9\",\"edgeRTMS\":4334}]","inference_edgeRT":"4334","inference_edge_last":"","task":"experiment","subjectId":"6qydn5rssctupd9","trial_type":"external-html","trial_index":24,"time_elapsed":544086,"internal_node_id":"0.0-9.0-0.16"},{"rt":1750,"url":"../static/nodeGraphs_distractor.html","edge":"3to6","edgeRT":"1466","skip":"false","flipped":"FALSE","index":"17","edgeClickLog":"[{\"edgeSelection\":\"3to6\",\"edgeRTMS\":1466}]","trial_id":"test_2","congruency":"I","trial_group":"15to20","condition":"distractor","inference_edge":"2to5,3to5,5to9","inference_edgeClickLog":"[{\"edgeSelection\":\"2to5\",\"edgeRTMS\":2089},{\"edgeSelection\":\"3to5\",\"edgeRTMS\":2616},{\"edgeSelection\":\"5to9\",\"edgeRTMS\":4334}]","inference_edgeRT":"4334","inference_edge_last":"","task":"experiment","subjectId":"6qydn5rssctupd9","trial_type":"external-html","trial_index":25,"time_elapsed":546438,"internal_node_id":"0.0-9.0-0.17"},{"rt":1571,"url":"../static/nodeGraphs_distractor.html","edge":"1to5","edgeRT":"1570","skip":"false","flipped":"FALSE","index":"18","edgeClickLog":"[{\"edgeSelection\":\"1to5\",\"edgeRTMS\":1570}]","trial_id":"test_3","congruency":"I","trial_group":"15to20","condition":"distractor","inference_edge":"2to5,3to5,5to9","inference_edgeClickLog":"[{\"edgeSelection\":\"2to5\",\"edgeRTMS\":2089},{\"edgeSelection\":\"3to5\",\"edgeRTMS\":2616},{\"edgeSelection\":\"5to9\",\"edgeRTMS\":4334}]","inference_edgeRT":"4334","inference_edge_last":"","task":"experiment","subjectId":"6qydn5rssctupd9","trial_type":"external-html","trial_index":26,"time_elapsed":548614,"internal_node_id":"0.0-9.0-0.18"},{"rt":1590,"url":"../static/nodeGraphs_distractor.html","edge":"6to9","edgeRT":"1762","skip":"false","flipped":"FALSE","index":"19","edgeClickLog":"[{\"edgeSelection\":\"6to9\",\"edgeRTMS\":1762}]","trial_id":"test_4","congruency":"I","trial_group":"15to20","condition":"distractor","inference_edge":"2to5,3to5,5to9","inference_edgeClickLog":"[{\"edgeSelection\":\"2to5\",\"edgeRTMS\":2089},{\"edgeSelection\":\"3to5\",\"edgeRTMS\":2616},{\"edgeSelection\":\"5to9\",\"edgeRTMS\":4334}]","inference_edgeRT":"4334","inference_edge_last":"","task":"experiment","subjectId":"6qydn5rssctupd9","trial_type":"external-html","trial_index":27,"time_elapsed":550805,"internal_node_id":"0.0-9.0-0.19"},{"rt":16604,"response":{"P0_Q0":null,"P0_Q1":3,"P0_Q2":7,"P0_Q3":7,"P0_Q4":6,"P0_Q5":1,"strategies":"I choose the path with the highest points. ","feedback":""},"accuracy":[],"trial_type":"survey","trial_index":28,"time_elapsed":567977,"internal_node_id":"0.0-10.0"},{"rt":3659,"stimulus":"<p>Thanks for your time!</p>        <p>We need to manually calculate your bonus pay, please give us up to 7 days.</p><p>Press any key to conclude.</p>","response":"n","task":"end","subjectId":"6qydn5rssctupd9","trial_type":"html-keyboard-response","trial_index":29,"time_elapsed":571639,"internal_node_id":"0.0-11.0","interactions":"[{\"event\":\"focus\",\"trial\":1,\"time\":18220},{\"event\":\"blur\",\"trial\":1,\"time\":19003},{\"event\":\"focus\",\"trial\":1,\"time\":107810},{\"event\":\"fullscreenenter\",\"trial\":1,\"time\":111790}]"}]