[{"success":true,"timeout":false,"failed_images":[],"failed_audio":[],"failed_video":[],"trial_type":"preload","trial_index":0,"time_elapsed":188,"internal_node_id":"0.0-0.0"},{"success":true,"trial_type":"fullscreen","trial_index":1,"time_elapsed":3743,"internal_node_id":"0.0-1.0"},{"rt":1247,"stimulus":"Welcome to the experiment. Press any key to begin.","response":"d","trial_type":"html-keyboard-response","trial_index":2,"time_elapsed":4990,"internal_node_id":"0.0-2.0"},{"view_history":[{"page_index":0,"viewing_time":1952},{"page_index":1,"viewing_time":2880},{"page_index":2,"viewing_time":11192},{"page_index":3,"viewing_time":672},{"page_index":2,"viewing_time":440},{"page_index":3,"viewing_time":3696},{"page_index":4,"viewing_time":760},{"page_index":5,"viewing_time":576},{"page_index":6,"viewing_time":3088},{"page_index":7,"viewing_time":8432},{"page_index":8,"viewing_time":19152},{"page_index":9,"viewing_time":4768},{"page_index":10,"viewing_time":1024},{"page_index":11,"viewing_time":464},{"page_index":12,"viewing_time":344},{"page_index":13,"viewing_time":568},{"page_index":14,"viewing_time":1000},{"page_index":15,"viewing_time":3040},{"page_index":16,"viewing_time":672},{"page_index":17,"viewing_time":672},{"page_index":18,"viewing_time":1336},{"page_index":17,"viewing_time":528},{"page_index":16,"viewing_time":576},{"page_index":15,"viewing_time":2288},{"page_index":16,"viewing_time":392},{"page_index":17,"viewing_time":320},{"page_index":18,"viewing_time":240},{"page_index":19,"viewing_time":1928},{"page_index":20,"viewing_time":2144},{"page_index":21,"viewing_time":2104}],"rt":77248,"trial_type":"instructions","trial_index":3,"time_elapsed":82238,"internal_node_id":"0.0-3.0"},{"rt":115766,"url":"../static/nodeGraphsTraining_distractor.html","skip":[],"edgeClickLog":[],"inference_edge":[],"inference_edgeClickLog":[],"trial_type":"external-html","trial_index":4,"time_elapsed":198114,"internal_node_id":"0.0-4.0"},{"rt":39563,"response":{"q1":"The goal is to help the student to get the most points.","q2":"False","q3":"Possible edges you, as the teacher, can choose to teach the learner.","q4":"Edges that the student took before."},"question_order":[0,1,2,3],"trial_type":"survey-multi-choice","trial_index":5,"time_elapsed":237678,"internal_node_id":"0.0-5.0"},{"rt":3049,"stimulus":"<p>You can take a 60 second break before starting the experiment.</p><br><br><p>This page will advance in 60 seconds or you can press any key to advance now.</p>","response":"arrowright","trial_type":"html-keyboard-response","trial_index":6,"time_elapsed":240727,"internal_node_id":"0.0-7.0"},{"view_history":[{"page_index":0,"viewing_time":17849}],"rt":17849,"trial_type":"instructions","trial_index":7,"time_elapsed":258576,"internal_node_id":"0.0-8.0"},{"rt":48569,"url":"../static/nodeGraphs_distractor.html","edge":"4to7","edgeRT":"16183","skip":"false","flipped":"FALSE","index":"0","edgeClickLog":"[{\"edgeSelection\":\"4to7\",\"edgeRTMS\":16183}]","trial_id":"incong_0","congruency":"I","trial_group":"1to5","condition":"distractor","inference_edge":"0to2,2to4,4to8","inference_edgeClickLog":"[{\"edgeSelection\":\"0to2\",\"edgeRTMS\":12628},{\"edgeSelection\":\"2to4\",\"edgeRTMS\":15652},{\"edgeSelection\":\"4to8\",\"edgeRTMS\":20449}]","inference_edgeRT":"20449","inference_edge_last":"4to8","task":"experiment","subjectId":"y9s0taapp3z1ea6","trial_type":"external-html","trial_index":8,"time_elapsed":307251,"internal_node_id":"0.0-9.0-0.0"},{"rt":49175,"url":"../static/nodeGraphs_distractor.html","edge":"2to4","edgeRT":"13508","skip":"false","flipped":"FALSE","index":"1","edgeClickLog":"[{\"edgeSelection\":\"2to4\",\"edgeRTMS\":13508}]","trial_id":"incong_5","congruency":"I","trial_group":"1to5","condition":"distractor","inference_edge":"4to8,2to4,4to7","inference_edgeClickLog":"[{\"edgeSelection\":\"4to8\",\"edgeRTMS\":17084},{\"edgeSelection\":\"2to4\",\"edgeRTMS\":18343},{\"edgeSelection\":\"0to2\",\"edgeRTMS\":24944},{\"edgeSelection\":\"0to2\",\"edgeRTMS\":27972},{\"edgeSelection\":\"4to7\",\"edgeRTMS\":29163}]","inference_edgeRT":"29163","inference_edge_last":"4to7","task":"experiment","subjectId":"y9s0taapp3z1ea6","trial_type":"external-html","trial_index":9,"time_elapsed":357032,"internal_node_id":"0.0-9.0-0.1"},{"rt":27941,"url":"../static/nodeGraphs_distractor.html","edge":"2to6","edgeRT":"4866","skip":"false","flipped":"FALSE","index":"2","edgeClickLog":"[{\"edgeSelection\":\"2to6\",\"edgeRTMS\":4200},{\"edgeSelection\":\"2to6\",\"edgeRTMS\":4866}]","trial_id":"incong_3","congruency":"I","trial_group":"1to5","condition":"distractor","inference_edge":"0to2,2to6,6to8","inference_edgeClickLog":"[{\"edgeSelection\":\"0to2\",\"edgeRTMS\":2772},{\"edgeSelection\":\"2to6\",\"edgeRTMS\":4105},{\"edgeSelection\":\"6to8\",\"edgeRTMS\":15483}]","inference_edgeRT":"15483","inference_edge_last":"6to8","task":"experiment","subjectId":"y9s0taapp3z1ea6","trial_type":"external-html","trial_index":10,"time_elapsed":385578,"internal_node_id":"0.0-9.0-0.2"},{"rt":26722,"url":"../static/nodeGraphs_distractor.html","edge":"4to8","edgeRT":"2645","skip":"false","flipped":"FALSE","index":"3","edgeClickLog":"[{\"edgeSelection\":\"4to8\",\"edgeRTMS\":2645}]","trial_id":"incong_10","congruency":"I","trial_group":"1to5","condition":"distractor","inference_edge":"4to8,2to4,0to2","inference_edgeClickLog":"[{\"edgeSelection\":\"4to8\",\"edgeRTMS\":5366},{\"edgeSelection\":\"2to4\",\"edgeRTMS\":6800},{\"edgeSelection\":\"0to2\",\"edgeRTMS\":11721}]","inference_edgeRT":"11721","inference_edge_last":"0to2","task":"experiment","subjectId":"y9s0taapp3z1ea6","trial_type":"external-html","trial_index":11,"time_elapsed":412907,"internal_node_id":"0.0-9.0-0.3"},{"rt":26302,"url":"../static/nodeGraphs_distractor.html","edge":"4to8","edgeRT":"1367","skip":"false","flipped":"FALSE","index":"4","edgeClickLog":"[{\"edgeSelection\":\"4to8\",\"edgeRTMS\":1367}]","trial_id":"incong_2","congruency":"I","trial_group":"1to5","condition":"distractor","inference_edge":"0to2,2to4,4to8","inference_edgeClickLog":"[{\"edgeSelection\":\"0to2\",\"edgeRTMS\":8792},{\"edgeSelection\":\"2to4\",\"edgeRTMS\":13325},{\"edgeSelection\":\"4to8\",\"edgeRTMS\":14075}]","inference_edgeRT":"14075","inference_edge_last":"4to8","task":"experiment","subjectId":"y9s0taapp3z1ea6","trial_type":"external-html","trial_index":12,"time_elapsed":439812,"internal_node_id":"0.0-9.0-0.4"},{"rt":73874,"url":"../static/nodeGraphs_distractor.html","edge":"6to9","edgeRT":"52124","skip":"false","flipped":"TRUE","index":"5","edgeClickLog":"[{\"edgeSelection\":\"3to6\",\"edgeRTMS\":3268},{\"edgeSelection\":\"3to6\",\"edgeRTMS\":6903},{\"edgeSelection\":\"6to9\",\"edgeRTMS\":52124}]","trial_id":"incong_0_flipped","congruency":"I","trial_group":"5to10","condition":"distractor","inference_edge":"3to6,0to3,6to8","inference_edgeClickLog":"[{\"edgeSelection\":\"3to6\",\"edgeRTMS\":7342},{\"edgeSelection\":\"0to3\",\"edgeRTMS\":13102},{\"edgeSelection\":\"6to8\",\"edgeRTMS\":14374}]","inference_edgeRT":"14374","inference_edge_last":"6to8","task":"experiment","subjectId":"y9s0taapp3z1ea6","trial_type":"external-html","trial_index":13,"time_elapsed":514293,"internal_node_id":"0.0-9.0-0.5"},{"rt":19702,"url":"../static/nodeGraphs_distractor.html","edge":"2to6","edgeRT":"3355","skip":"false","flipped":"TRUE","index":"6","edgeClickLog":"[{\"edgeSelection\":\"2to6\",\"edgeRTMS\":3355}]","trial_id":"incong_5_flipped","congruency":"I","trial_group":"5to10","condition":"distractor","inference_edge":"0to2,2to6,6to8","inference_edgeClickLog":"[{\"edgeSelection\":\"0to2\",\"edgeRTMS\":7255},{\"edgeSelection\":\"2to6\",\"edgeRTMS\":8562},{\"edgeSelection\":\"6to8\",\"edgeRTMS\":10204}]","inference_edgeRT":"10204","inference_edge_last":"6to8","task":"experiment","subjectId":"y9s0taapp3z1ea6","trial_type":"external-html","trial_index":14,"time_elapsed":534600,"internal_node_id":"0.0-9.0-0.6"},{"rt":10242,"url":"../static/nodeGraphs_distractor.html","edge":"2to4","edgeRT":"2889","skip":"false","flipped":"TRUE","index":"7","edgeClickLog":"[{\"edgeSelection\":\"2to4\",\"edgeRTMS\":2449},{\"edgeSelection\":\"2to4\",\"edgeRTMS\":2889}]","trial_id":"incong_3_flipped","congruency":"I","trial_group":"5to10","condition":"distractor","inference_edge":"0to2,2to4,4to8","inference_edgeClickLog":"[{\"edgeSelection\":\"0to2\",\"edgeRTMS\":2916},{\"edgeSelection\":\"2to4\",\"edgeRTMS\":3842},{\"edgeSelection\":\"4to8\",\"edgeRTMS\":4981}]","inference_edgeRT":"4981","inference_edge_last":"4to8","task":"experiment","subjectId":"y9s0taapp3z1ea6","trial_type":"external-html","trial_index":15,"time_elapsed":545445,"internal_node_id":"0.0-9.0-0.7"},{"rt":12047,"url":"../static/nodeGraphs_distractor.html","edge":"6to8","edgeRT":"1818","skip":"false","flipped":"TRUE","index":"8","edgeClickLog":"[{\"edgeSelection\":\"6to8\",\"edgeRTMS\":1818}]","trial_id":"incong_10_flipped","congruency":"I","trial_group":"5to10","condition":"distractor","inference_edge":"6to8,2to6,0to2","inference_edgeClickLog":"[{\"edgeSelection\":\"6to8\",\"edgeRTMS\":3251},{\"edgeSelection\":\"2to6\",\"edgeRTMS\":4314},{\"edgeSelection\":\"0to2\",\"edgeRTMS\":6319}]","inference_edgeRT":"6319","inference_edge_last":"0to2","task":"experiment","subjectId":"y9s0taapp3z1ea6","trial_type":"external-html","trial_index":16,"time_elapsed":558099,"internal_node_id":"0.0-9.0-0.8"},{"rt":17628,"url":"../static/nodeGraphs_distractor.html","edge":"6to8","edgeRT":"1590","skip":"false","flipped":"TRUE","index":"9","edgeClickLog":"[{\"edgeSelection\":\"6to8\",\"edgeRTMS\":1590}]","trial_id":"incong_2_flipped","congruency":"I","trial_group":"5to10","condition":"distractor","inference_edge":"6to8,2to6,3to6","inference_edgeClickLog":"[{\"edgeSelection\":\"6to8\",\"edgeRTMS\":2270},{\"edgeSelection\":\"2to6\",\"edgeRTMS\":3397},{\"edgeSelection\":\"3to6\",\"edgeRTMS\":5309}]","inference_edgeRT":"5309","inference_edge_last":"3to6","task":"experiment","subjectId":"y9s0taapp3z1ea6","trial_type":"external-html","trial_index":17,"time_elapsed":576332,"internal_node_id":"0.0-9.0-0.9"},{"rt":20285,"url":"../static/nodeGraphs_distractor.html","edge":"4to7","edgeRT":"2399","skip":"false","flipped":"FALSE","index":"10","edgeClickLog":"[{\"edgeSelection\":\"4to7\",\"edgeRTMS\":2399}]","trial_id":"incong_0","congruency":"I","trial_group":"10to15","condition":"distractor","inference_edge":"4to8,4to7,2to4","inference_edgeClickLog":"[{\"edgeSelection\":\"4to8\",\"edgeRTMS\":2809},{\"edgeSelection\":\"4to7\",\"edgeRTMS\":3852},{\"edgeSelection\":\"2to4\",\"edgeRTMS\":9382},{\"edgeSelection\":\"2to4\",\"edgeRTMS\":9952},{\"edgeSelection\":\"2to4\",\"edgeRTMS\":10900}]","inference_edgeRT":"10900","inference_edge_last":"2to4","task":"experiment","subjectId":"y9s0taapp3z1ea6","trial_type":"external-html","trial_index":18,"time_elapsed":597221,"internal_node_id":"0.0-9.0-0.10"},{"rt":23000,"url":"../static/nodeGraphs_distractor.html","edge":"2to4","edgeRT":"7078","skip":"false","flipped":"FALSE","index":"11","edgeClickLog":"[{\"edgeSelection\":\"2to4\",\"edgeRTMS\":5559},{\"edgeSelection\":\"2to4\",\"edgeRTMS\":7078}]","trial_id":"incong_5","congruency":"I","trial_group":"10to15","condition":"distractor","inference_edge":"4to7,4to8,2to4","inference_edgeClickLog":"[{\"edgeSelection\":\"4to7\",\"edgeRTMS\":4191},{\"edgeSelection\":\"4to8\",\"edgeRTMS\":4879},{\"edgeSelection\":\"2to4\",\"edgeRTMS\":9929}]","inference_edgeRT":"9929","inference_edge_last":"2to4","task":"experiment","subjectId":"y9s0taapp3z1ea6","trial_type":"external-html","trial_index":19,"time_elapsed":620826,"internal_node_id":"0.0-9.0-0.11"},{"rt":12170,"url":"../static/nodeGraphs_distractor.html","edge":"2to6","edgeRT":"1402","skip":"false","flipped":"FALSE","index":"12","edgeClickLog":"[{\"edgeSelection\":\"2to6\",\"edgeRTMS\":1402}]","trial_id":"incong_3","congruency":"I","trial_group":"10to15","condition":"distractor","inference_edge":"2to6,2to4,2to5","inference_edgeClickLog":"[{\"edgeSelection\":\"2to6\",\"edgeRTMS\":3403},{\"edgeSelection\":\"2to4\",\"edgeRTMS\":4818},{\"edgeSelection\":\"2to5\",\"edgeRTMS\":8707}]","inference_edgeRT":"8707","inference_edge_last":"2to5","task":"experiment","subjectId":"y9s0taapp3z1ea6","trial_type":"external-html","trial_index":20,"time_elapsed":633600,"internal_node_id":"0.0-9.0-0.12"},{"rt":8976,"url":"../static/nodeGraphs_distractor.html","edge":"4to8","edgeRT":"1792","skip":"false","flipped":"FALSE","index":"13","edgeClickLog":"[{\"edgeSelection\":\"4to8\",\"edgeRTMS\":1222},{\"edgeSelection\":\"4to8\",\"edgeRTMS\":1792}]","trial_id":"incong_10","congruency":"I","trial_group":"10to15","condition":"distractor","inference_edge":"4to8,2to4,4to7","inference_edgeClickLog":"[{\"edgeSelection\":\"4to8\",\"edgeRTMS\":3468},{\"edgeSelection\":\"2to4\",\"edgeRTMS\":5507},{\"edgeSelection\":\"4to7\",\"edgeRTMS\":6356}]","inference_edgeRT":"6356","inference_edge_last":"4to7","task":"experiment","subjectId":"y9s0taapp3z1ea6","trial_type":"external-html","trial_index":21,"time_elapsed":643181,"internal_node_id":"0.0-9.0-0.13"},{"rt":9587,"url":"../static/nodeGraphs_distractor.html","edge":"4to8","edgeRT":"4191","skip":"false","flipped":"FALSE","index":"14","edgeClickLog":"[{\"edgeSelection\":\"4to8\",\"edgeRTMS\":1896},{\"edgeSelection\":\"4to8\",\"edgeRTMS\":2682},{\"edgeSelection\":\"4to8\",\"edgeRTMS\":3259},{\"edgeSelection\":\"4to8\",\"edgeRTMS\":3537},{\"edgeSelection\":\"4to8\",\"edgeRTMS\":4191}]","trial_id":"incong_2","congruency":"I","trial_group":"10to15","condition":"distractor","inference_edge":"4to8,2to4,1to4","inference_edgeClickLog":"[{\"edgeSelection\":\"4to8\",\"edgeRTMS\":2009},{\"edgeSelection\":\"2to4\",\"edgeRTMS\":2990},{\"edgeSelection\":\"1to4\",\"edgeRTMS\":3726}]","inference_edgeRT":"3726","inference_edge_last":"1to4","task":"experiment","subjectId":"y9s0taapp3z1ea6","trial_type":"external-html","trial_index":22,"time_elapsed":653372,"internal_node_id":"0.0-9.0-0.14"},{"rt":26250,"url":"../static/nodeGraphs_distractor.html","edge":"6to8","edgeRT":"3261","skip":"false","flipped":"FALSE","index":"15","edgeClickLog":"[{\"edgeSelection\":\"6to8\",\"edgeRTMS\":1611},{\"edgeSelection\":\"6to8\",\"edgeRTMS\":2171},{\"edgeSelection\":\"6to8\",\"edgeRTMS\":2836},{\"edgeSelection\":\"6to8\",\"edgeRTMS\":3261}]","trial_id":"test_0","congruency":"I","trial_group":"15to20","condition":"distractor","inference_edge":"4to8,2to4,1to4","inference_edgeClickLog":"[{\"edgeSelection\":\"4to8\",\"edgeRTMS\":2009},{\"edgeSelection\":\"2to4\",\"edgeRTMS\":2990},{\"edgeSelection\":\"1to4\",\"edgeRTMS\":3726}]","inference_edgeRT":"3726","inference_edge_last":"","task":"experiment","subjectId":"y9s0taapp3z1ea6","trial_type":"external-html","trial_index":23,"time_elapsed":680228,"internal_node_id":"0.0-9.0-0.15"},{"rt":7300,"url":"../static/nodeGraphs_distractor.html","edge":"3to6","edgeRT":"7014","skip":"false","flipped":"FALSE","index":"16","edgeClickLog":"[{\"edgeSelection\":\"3to6\",\"edgeRTMS\":7014}]","trial_id":"test_1","congruency":"I","trial_group":"15to20","condition":"distractor","inference_edge":"4to8,2to4,1to4","inference_edgeClickLog":"[{\"edgeSelection\":\"4to8\",\"edgeRTMS\":2009},{\"edgeSelection\":\"2to4\",\"edgeRTMS\":2990},{\"edgeSelection\":\"1to4\",\"edgeRTMS\":3726}]","inference_edgeRT":"3726","inference_edge_last":"","task":"experiment","subjectId":"y9s0taapp3z1ea6","trial_type":"external-html","trial_index":24,"time_elapsed":688133,"internal_node_id":"0.0-9.0-0.16"},{"rt":7641,"url":"../static/nodeGraphs_distractor.html","edge":"0to3","edgeRT":"5082","skip":"false","flipped":"FALSE","index":"17","edgeClickLog":"[{\"edgeSelection\":\"3to6\",\"edgeRTMS\":3324},{\"edgeSelection\":\"0to3\",\"edgeRTMS\":5082}]","trial_id":"test_2","congruency":"I","trial_group":"15to20","condition":"distractor","inference_edge":"4to8,2to4,1to4","inference_edgeClickLog":"[{\"edgeSelection\":\"4to8\",\"edgeRTMS\":2009},{\"edgeSelection\":\"2to4\",\"edgeRTMS\":2990},{\"edgeSelection\":\"1to4\",\"edgeRTMS\":3726}]","inference_edgeRT":"3726","inference_edge_last":"","task":"experiment","subjectId":"y9s0taapp3z1ea6","trial_type":"external-html","trial_index":25,"time_elapsed":696379,"internal_node_id":"0.0-9.0-0.17"},{"rt":15738,"url":"../static/nodeGraphs_distractor.html","edge":"0to1","edgeRT":"8311","skip":"false","flipped":"FALSE","index":"18","edgeClickLog":"[{\"edgeSelection\":\"1to5\",\"edgeRTMS\":2812},{\"edgeSelection\":\"1to5\",\"edgeRTMS\":4094},{\"edgeSelection\":\"0to1\",\"edgeRTMS\":8311}]","trial_id":"test_3","congruency":"I","trial_group":"15to20","condition":"distractor","inference_edge":"4to8,2to4,1to4","inference_edgeClickLog":"[{\"edgeSelection\":\"4to8\",\"edgeRTMS\":2009},{\"edgeSelection\":\"2to4\",\"edgeRTMS\":2990},{\"edgeSelection\":\"1to4\",\"edgeRTMS\":3726}]","inference_edgeRT":"3726","inference_edge_last":"","task":"experiment","subjectId":"y9s0taapp3z1ea6","trial_type":"external-html","trial_index":26,"time_elapsed":712723,"internal_node_id":"0.0-9.0-0.18"},{"rt":5504,"url":"../static/nodeGraphs_distractor.html","edge":"6to9","edgeRT":"4470","skip":"false","flipped":"FALSE","index":"19","edgeClickLog":"[{\"edgeSelection\":\"6to9\",\"edgeRTMS\":4470}]","trial_id":"test_4","congruency":"I","trial_group":"15to20","condition":"distractor","inference_edge":"4to8,2to4,1to4","inference_edgeClickLog":"[{\"edgeSelection\":\"4to8\",\"edgeRTMS\":2009},{\"edgeSelection\":\"2to4\",\"edgeRTMS\":2990},{\"edgeSelection\":\"1to4\",\"edgeRTMS\":3726}]","inference_edgeRT":"3726","inference_edge_last":"","task":"experiment","subjectId":"y9s0taapp3z1ea6","trial_type":"external-html","trial_index":27,"time_elapsed":718828,"internal_node_id":"0.0-9.0-0.19"},{"rt":29708,"response":{"P0_Q0":null,"P0_Q1":2,"P0_Q2":7,"P0_Q3":6,"P0_Q4":2,"P0_Q5":2,"strategies":"Try to select the path with the highest chance of most points, particularly the ones with +3.","feedback":"No"},"accuracy":[],"trial_type":"survey","trial_index":28,"time_elapsed":749072,"internal_node_id":"0.0-10.0"},{"rt":2337,"stimulus":"<p>Thanks for your time!</p>        <p>We need to manually calculate your bonus pay, please give us up to 7 days.</p><p>Press any key to conclude.</p>","response":"s","task":"end","subjectId":"y9s0taapp3z1ea6","trial_type":"html-keyboard-response","trial_index":29,"time_elapsed":751410,"internal_node_id":"0.0-11.0","interactions":"[{\"event\":\"fullscreenenter\",\"trial\":1,\"time\":2765}]"}]