[{"success":true,"timeout":false,"failed_images":[],"failed_audio":[],"failed_video":[],"trial_type":"preload","trial_index":0,"time_elapsed":2950,"internal_node_id":"0.0-0.0"},{"success":true,"trial_type":"fullscreen","trial_index":1,"time_elapsed":15537,"internal_node_id":"0.0-1.0"},{"rt":2678,"stimulus":"Welcome to the experiment. Press any key to begin.","response":" ","trial_type":"html-keyboard-response","trial_index":2,"time_elapsed":18218,"internal_node_id":"0.0-2.0"},{"view_history":[{"page_index":0,"viewing_time":10548},{"page_index":1,"viewing_time":17563},{"page_index":0,"viewing_time":3704},{"page_index":1,"viewing_time":15468},{"page_index":2,"viewing_time":52584},{"page_index":3,"viewing_time":17168},{"page_index":4,"viewing_time":2624},{"page_index":5,"viewing_time":1110},{"page_index":6,"viewing_time":5142},{"page_index":7,"viewing_time":16592},{"page_index":8,"viewing_time":126283},{"page_index":9,"viewing_time":37663},{"page_index":10,"viewing_time":2715},{"page_index":11,"viewing_time":1184},{"page_index":12,"viewing_time":1055},{"page_index":13,"viewing_time":3202},{"page_index":14,"viewing_time":8316},{"page_index":15,"viewing_time":10326},{"page_index":16,"viewing_time":1842},{"page_index":17,"viewing_time":1109},{"page_index":18,"viewing_time":974},{"page_index":19,"viewing_time":9247},{"page_index":20,"viewing_time":9350},{"page_index":21,"viewing_time":1900}],"rt":357669,"trial_type":"instructions","trial_index":3,"time_elapsed":375888,"internal_node_id":"0.0-3.0"},{"rt":162054,"url":"../static/nodeGraphsTraining_scaffolding.html","skip":[],"edgeClickLog":[],"inference_edge":[],"inference_edgeClickLog":[],"trial_type":"external-html","trial_index":4,"time_elapsed":538525,"internal_node_id":"0.0-4.0"},{"rt":85458,"response":{"q1":"The goal is to help the student to get the most points.","q2":"False","q3":"Possible edges you, as the teacher, can choose to teach the learner.","q4":"Edges that the student took before."},"question_order":[0,1,2,3],"trial_type":"survey-multi-choice","trial_index":5,"time_elapsed":623984,"internal_node_id":"0.0-5.0"},{"rt":7346,"stimulus":"<p>You can take a 60 second break before starting the experiment.</p><br><br><p>This page will advance in 60 seconds or you can press any key to advance now.</p>","response":"f11","trial_type":"html-keyboard-response","trial_index":6,"time_elapsed":631333,"internal_node_id":"0.0-7.0"},{"view_history":[{"page_index":0,"viewing_time":16618}],"rt":16618,"trial_type":"instructions","trial_index":7,"time_elapsed":647952,"internal_node_id":"0.0-8.0"},{"rt":32301,"url":"../static/nodeGraphs_scaffolding.html","edge":"1to4","edgeRT":"9994","skip":"false","flipped":"FALSE","index":"0","edgeClickLog":"[{\"edgeSelection\":\"4to7\",\"edgeRTMS\":4581},{\"edgeSelection\":\"4to8\",\"edgeRTMS\":8512},{\"edgeSelection\":\"1to4\",\"edgeRTMS\":9994}]","trial_id":"incong_0","congruency":"I","trial_group":"1to5","condition":"scaffolding","inference_edge":"1to4,4to7,4to8","inference_edgeClickLog":"[{\"edgeSelection\":\"0to1\",\"edgeRTMS\":2001},{\"edgeSelection\":\"1to4\",\"edgeRTMS\":2803},{\"edgeSelection\":\"4to7\",\"edgeRTMS\":3793},{\"edgeSelection\":\"5to7\",\"edgeRTMS\":4911},{\"edgeSelection\":\"5to8\",\"edgeRTMS\":5571},{\"edgeSelection\":\"1to4\",\"edgeRTMS\":8861},{\"edgeSelection\":\"4to7\",\"edgeRTMS\":10713},{\"edgeSelection\":\"4to8\",\"edgeRTMS\":15241}]","inference_edgeRT":"15241","inference_edge_last":"4to8","task":"experiment","subjectId":"1vcfoq7m50w3oub","trial_type":"external-html","trial_index":8,"time_elapsed":680813,"internal_node_id":"0.0-9.0-0.0"},{"rt":20497,"url":"../static/nodeGraphs_scaffolding.html","edge":"4to7","edgeRT":"6150","skip":"false","flipped":"FALSE","index":"1","edgeClickLog":"[{\"edgeSelection\":\"4to8\",\"edgeRTMS\":4065},{\"edgeSelection\":\"4to7\",\"edgeRTMS\":6150}]","trial_id":"incong_5","congruency":"I","trial_group":"1to5","condition":"scaffolding","inference_edge":"4to7,4to8,6to8","inference_edgeClickLog":"[{\"edgeSelection\":\"4to7\",\"edgeRTMS\":9480},{\"edgeSelection\":\"4to8\",\"edgeRTMS\":11004},{\"edgeSelection\":\"6to8\",\"edgeRTMS\":12105}]","inference_edgeRT":"12105","inference_edge_last":"6to8","task":"experiment","subjectId":"1vcfoq7m50w3oub","trial_type":"external-html","trial_index":9,"time_elapsed":702412,"internal_node_id":"0.0-9.0-0.1"},{"rt":33316,"url":"../static/nodeGraphs_scaffolding.html","edge":"2to6","edgeRT":"10468","skip":"false","flipped":"FALSE","index":"2","edgeClickLog":"[{\"edgeSelection\":\"2to6\",\"edgeRTMS\":10468}]","trial_id":"incong_3","congruency":"I","trial_group":"1to5","condition":"scaffolding","inference_edge":"2to6,6to8,4to8","inference_edgeClickLog":"[{\"edgeSelection\":\"2to6\",\"edgeRTMS\":5238},{\"edgeSelection\":\"6to8\",\"edgeRTMS\":14660},{\"edgeSelection\":\"4to8\",\"edgeRTMS\":21320}]","inference_edgeRT":"21320","inference_edge_last":"4to8","task":"experiment","subjectId":"1vcfoq7m50w3oub","trial_type":"external-html","trial_index":10,"time_elapsed":736831,"internal_node_id":"0.0-9.0-0.2"},{"rt":24354,"url":"../static/nodeGraphs_scaffolding.html","edge":"4to8","edgeRT":"3907","skip":"false","flipped":"FALSE","index":"3","edgeClickLog":"[{\"edgeSelection\":\"4to8\",\"edgeRTMS\":3907}]","trial_id":"incong_10","congruency":"I","trial_group":"1to5","condition":"scaffolding","inference_edge":"2to4,4to8,6to8","inference_edgeClickLog":"[{\"edgeSelection\":\"4to8\",\"edgeRTMS\":4361},{\"edgeSelection\":\"6to8\",\"edgeRTMS\":8027},{\"edgeSelection\":\"2to6\",\"edgeRTMS\":10398},{\"edgeSelection\":\"2to4\",\"edgeRTMS\":12601},{\"edgeSelection\":\"4to8\",\"edgeRTMS\":14557},{\"edgeSelection\":\"2to6\",\"edgeRTMS\":16843},{\"edgeSelection\":\"6to8\",\"edgeRTMS\":18808}]","inference_edgeRT":"18808","inference_edge_last":"6to8","task":"experiment","subjectId":"1vcfoq7m50w3oub","trial_type":"external-html","trial_index":11,"time_elapsed":762246,"internal_node_id":"0.0-9.0-0.3"},{"rt":14121,"url":"../static/nodeGraphs_scaffolding.html","edge":"4to8","edgeRT":"2557","skip":"false","flipped":"FALSE","index":"4","edgeClickLog":"[{\"edgeSelection\":\"4to8\",\"edgeRTMS\":2557}]","trial_id":"incong_2","congruency":"I","trial_group":"1to5","condition":"scaffolding","inference_edge":"4to8,2to4,2to6","inference_edgeClickLog":"[{\"edgeSelection\":\"4to8\",\"edgeRTMS\":5297},{\"edgeSelection\":\"2to4\",\"edgeRTMS\":8004},{\"edgeSelection\":\"2to6\",\"edgeRTMS\":9720}]","inference_edgeRT":"9720","inference_edge_last":"2to6","task":"experiment","subjectId":"1vcfoq7m50w3oub","trial_type":"external-html","trial_index":12,"time_elapsed":777435,"internal_node_id":"0.0-9.0-0.4"},{"rt":19259,"url":"../static/nodeGraphs_scaffolding.html","edge":"6to9","edgeRT":"2211","skip":"false","flipped":"TRUE","index":"5","edgeClickLog":"[{\"edgeSelection\":\"6to9\",\"edgeRTMS\":2211}]","trial_id":"incong_0_flipped","congruency":"I","trial_group":"5to10","condition":"scaffolding","inference_edge":"6to8,6to9,5to9","inference_edgeClickLog":"[{\"edgeSelection\":\"6to8\",\"edgeRTMS\":5961},{\"edgeSelection\":\"6to9\",\"edgeRTMS\":10472},{\"edgeSelection\":\"5to9\",\"edgeRTMS\":14287}]","inference_edgeRT":"14287","inference_edge_last":"5to9","task":"experiment","subjectId":"1vcfoq7m50w3oub","trial_type":"external-html","trial_index":13,"time_elapsed":797774,"internal_node_id":"0.0-9.0-0.5"},{"rt":19087,"url":"../static/nodeGraphs_scaffolding.html","edge":"6to9","edgeRT":"3756","skip":"false","flipped":"TRUE","index":"6","edgeClickLog":"[{\"edgeSelection\":\"6to9\",\"edgeRTMS\":3756}]","trial_id":"incong_5_flipped","congruency":"I","trial_group":"5to10","condition":"scaffolding","inference_edge":"2to6,6to9,6to8","inference_edgeClickLog":"[{\"edgeSelection\":\"2to6\",\"edgeRTMS\":5381},{\"edgeSelection\":\"6to9\",\"edgeRTMS\":6565},{\"edgeSelection\":\"6to8\",\"edgeRTMS\":7899}]","inference_edgeRT":"7899","inference_edge_last":"6to8","task":"experiment","subjectId":"1vcfoq7m50w3oub","trial_type":"external-html","trial_index":14,"time_elapsed":817935,"internal_node_id":"0.0-9.0-0.6"},{"rt":24490,"url":"../static/nodeGraphs_scaffolding.html","edge":"2to4","edgeRT":"2431","skip":"false","flipped":"TRUE","index":"7","edgeClickLog":"[{\"edgeSelection\":\"2to4\",\"edgeRTMS\":2431}]","trial_id":"incong_3_flipped","congruency":"I","trial_group":"5to10","condition":"scaffolding","inference_edge":"2to4,4to8,6to8","inference_edgeClickLog":"[{\"edgeSelection\":\"2to4\",\"edgeRTMS\":6618},{\"edgeSelection\":\"4to8\",\"edgeRTMS\":7749},{\"edgeSelection\":\"6to8\",\"edgeRTMS\":19354}]","inference_edgeRT":"19354","inference_edge_last":"6to8","task":"experiment","subjectId":"1vcfoq7m50w3oub","trial_type":"external-html","trial_index":15,"time_elapsed":843566,"internal_node_id":"0.0-9.0-0.7"},{"rt":18013,"url":"../static/nodeGraphs_scaffolding.html","edge":"6to8","edgeRT":"1882","skip":"false","flipped":"TRUE","index":"8","edgeClickLog":"[{\"edgeSelection\":\"6to8\",\"edgeRTMS\":1882}]","trial_id":"incong_10_flipped","congruency":"I","trial_group":"5to10","condition":"scaffolding","inference_edge":"6to8,2to6,2to4","inference_edgeClickLog":"[{\"edgeSelection\":\"6to8\",\"edgeRTMS\":7554},{\"edgeSelection\":\"2to6\",\"edgeRTMS\":11335},{\"edgeSelection\":\"2to4\",\"edgeRTMS\":15113}]","inference_edgeRT":"15113","inference_edge_last":"2to4","task":"experiment","subjectId":"1vcfoq7m50w3oub","trial_type":"external-html","trial_index":16,"time_elapsed":862649,"internal_node_id":"0.0-9.0-0.8"},{"rt":10601,"url":"../static/nodeGraphs_scaffolding.html","edge":"6to8","edgeRT":"1343","skip":"false","flipped":"TRUE","index":"9","edgeClickLog":"[{\"edgeSelection\":\"6to8\",\"edgeRTMS\":1343}]","trial_id":"incong_2_flipped","congruency":"I","trial_group":"5to10","condition":"scaffolding","inference_edge":"2to6,4to8,6to8","inference_edgeClickLog":"[{\"edgeSelection\":\"2to6\",\"edgeRTMS\":4547},{\"edgeSelection\":\"4to8\",\"edgeRTMS\":7381},{\"edgeSelection\":\"6to8\",\"edgeRTMS\":8452}]","inference_edgeRT":"8452","inference_edge_last":"6to8","task":"experiment","subjectId":"1vcfoq7m50w3oub","trial_type":"external-html","trial_index":17,"time_elapsed":874359,"internal_node_id":"0.0-9.0-0.9"},{"rt":20556,"url":"../static/nodeGraphs_scaffolding.html","edge":"4to7","edgeRT":"5796","skip":"false","flipped":"FALSE","index":"10","edgeClickLog":"[{\"edgeSelection\":\"5to7\",\"edgeRTMS\":2518},{\"edgeSelection\":\"4to8\",\"edgeRTMS\":4140},{\"edgeSelection\":\"4to7\",\"edgeRTMS\":5796}]","trial_id":"incong_0","congruency":"I","trial_group":"10to15","condition":"scaffolding","inference_edge":"2to4,4to7,4to8","inference_edgeClickLog":"[{\"edgeSelection\":\"2to4\",\"edgeRTMS\":5126},{\"edgeSelection\":\"4to7\",\"edgeRTMS\":9382},{\"edgeSelection\":\"4to8\",\"edgeRTMS\":11693}]","inference_edgeRT":"11693","inference_edge_last":"4to8","task":"experiment","subjectId":"1vcfoq7m50w3oub","trial_type":"external-html","trial_index":18,"time_elapsed":895995,"internal_node_id":"0.0-9.0-0.10"},{"rt":14822,"url":"../static/nodeGraphs_scaffolding.html","edge":"4to7","edgeRT":"2137","skip":"false","flipped":"FALSE","index":"11","edgeClickLog":"[{\"edgeSelection\":\"4to7\",\"edgeRTMS\":2137}]","trial_id":"incong_5","congruency":"I","trial_group":"10to15","condition":"scaffolding","inference_edge":"4to8,4to7,2to4","inference_edgeClickLog":"[{\"edgeSelection\":\"4to8\",\"edgeRTMS\":3962},{\"edgeSelection\":\"4to7\",\"edgeRTMS\":5709},{\"edgeSelection\":\"2to4\",\"edgeRTMS\":7061}]","inference_edgeRT":"7061","inference_edge_last":"2to4","task":"experiment","subjectId":"1vcfoq7m50w3oub","trial_type":"external-html","trial_index":19,"time_elapsed":911904,"internal_node_id":"0.0-9.0-0.11"},{"rt":21523,"url":"../static/nodeGraphs_scaffolding.html","edge":"6to8","edgeRT":"3568","skip":"false","flipped":"FALSE","index":"12","edgeClickLog":"[{\"edgeSelection\":\"6to8\",\"edgeRTMS\":2093},{\"edgeSelection\":\"6to8\",\"edgeRTMS\":3568}]","trial_id":"incong_3","congruency":"I","trial_group":"10to15","condition":"scaffolding","inference_edge":"2to6,6to8,5to7","inference_edgeClickLog":"[{\"edgeSelection\":\"2to6\",\"edgeRTMS\":4487},{\"edgeSelection\":\"6to8\",\"edgeRTMS\":8611},{\"edgeSelection\":\"5to7\",\"edgeRTMS\":14339}]","inference_edgeRT":"14339","inference_edge_last":"5to7","task":"experiment","subjectId":"1vcfoq7m50w3oub","trial_type":"external-html","trial_index":20,"time_elapsed":934522,"internal_node_id":"0.0-9.0-0.12"},{"rt":8690,"url":"../static/nodeGraphs_scaffolding.html","edge":"4to8","edgeRT":"1574","skip":"false","flipped":"FALSE","index":"13","edgeClickLog":"[{\"edgeSelection\":\"4to8\",\"edgeRTMS\":1574}]","trial_id":"incong_10","congruency":"I","trial_group":"10to15","condition":"scaffolding","inference_edge":"4to8,2to4,6to8","inference_edgeClickLog":"[{\"edgeSelection\":\"4to8\",\"edgeRTMS\":3482},{\"edgeSelection\":\"2to4\",\"edgeRTMS\":4639},{\"edgeSelection\":\"6to8\",\"edgeRTMS\":6308}]","inference_edgeRT":"6308","inference_edge_last":"6to8","task":"experiment","subjectId":"1vcfoq7m50w3oub","trial_type":"external-html","trial_index":21,"time_elapsed":944285,"internal_node_id":"0.0-9.0-0.13"},{"rt":12687,"url":"../static/nodeGraphs_scaffolding.html","edge":"4to8","edgeRT":"1154","skip":"false","flipped":"FALSE","index":"14","edgeClickLog":"[{\"edgeSelection\":\"4to8\",\"edgeRTMS\":1154}]","trial_id":"incong_2","congruency":"I","trial_group":"10to15","condition":"scaffolding","inference_edge":"4to8,2to6,2to4","inference_edgeClickLog":"[{\"edgeSelection\":\"4to8\",\"edgeRTMS\":4703},{\"edgeSelection\":\"2to6\",\"edgeRTMS\":6518},{\"edgeSelection\":\"2to4\",\"edgeRTMS\":9081}]","inference_edgeRT":"9081","inference_edge_last":"2to4","task":"experiment","subjectId":"1vcfoq7m50w3oub","trial_type":"external-html","trial_index":22,"time_elapsed":958040,"internal_node_id":"0.0-9.0-0.14"},{"rt":30600,"url":"../static/nodeGraphs_scaffolding.html","edge":"6to8","edgeRT":"6142","skip":"false","flipped":"FALSE","index":"15","edgeClickLog":"[{\"edgeSelection\":\"4to8\",\"edgeRTMS\":5031},{\"edgeSelection\":\"6to8\",\"edgeRTMS\":6142}]","trial_id":"test_0","congruency":"I","trial_group":"15to20","condition":"scaffolding","inference_edge":"4to8,2to6,2to4","inference_edgeClickLog":"[{\"edgeSelection\":\"4to8\",\"edgeRTMS\":4703},{\"edgeSelection\":\"2to6\",\"edgeRTMS\":6518},{\"edgeSelection\":\"2to4\",\"edgeRTMS\":9081}]","inference_edgeRT":"9081","inference_edge_last":"","task":"experiment","subjectId":"1vcfoq7m50w3oub","trial_type":"external-html","trial_index":23,"time_elapsed":989717,"internal_node_id":"0.0-9.0-0.15"},{"rt":10205,"url":"../static/nodeGraphs_scaffolding.html","edge":"3to6","edgeRT":"9216","skip":"false","flipped":"FALSE","index":"16","edgeClickLog":"[{\"edgeSelection\":\"3to6\",\"edgeRTMS\":9216}]","trial_id":"test_1","congruency":"I","trial_group":"15to20","condition":"scaffolding","inference_edge":"4to8,2to6,2to4","inference_edgeClickLog":"[{\"edgeSelection\":\"4to8\",\"edgeRTMS\":4703},{\"edgeSelection\":\"2to6\",\"edgeRTMS\":6518},{\"edgeSelection\":\"2to4\",\"edgeRTMS\":9081}]","inference_edgeRT":"9081","inference_edge_last":"","task":"experiment","subjectId":"1vcfoq7m50w3oub","trial_type":"external-html","trial_index":24,"time_elapsed":1000985,"internal_node_id":"0.0-9.0-0.16"},{"rt":6338,"url":"../static/nodeGraphs_scaffolding.html","edge":"3to6","edgeRT":"5677","skip":"false","flipped":"FALSE","index":"17","edgeClickLog":"[{\"edgeSelection\":\"3to6\",\"edgeRTMS\":5677}]","trial_id":"test_2","congruency":"I","trial_group":"15to20","condition":"scaffolding","inference_edge":"4to8,2to6,2to4","inference_edgeClickLog":"[{\"edgeSelection\":\"4to8\",\"edgeRTMS\":4703},{\"edgeSelection\":\"2to6\",\"edgeRTMS\":6518},{\"edgeSelection\":\"2to4\",\"edgeRTMS\":9081}]","inference_edgeRT":"9081","inference_edge_last":"","task":"experiment","subjectId":"1vcfoq7m50w3oub","trial_type":"external-html","trial_index":25,"time_elapsed":1008415,"internal_node_id":"0.0-9.0-0.17"},{"rt":4228,"url":"../static/nodeGraphs_scaffolding.html","edge":"1to5","edgeRT":"3126","skip":"false","flipped":"FALSE","index":"18","edgeClickLog":"[{\"edgeSelection\":\"1to5\",\"edgeRTMS\":3126}]","trial_id":"test_3","congruency":"I","trial_group":"15to20","condition":"scaffolding","inference_edge":"4to8,2to6,2to4","inference_edgeClickLog":"[{\"edgeSelection\":\"4to8\",\"edgeRTMS\":4703},{\"edgeSelection\":\"2to6\",\"edgeRTMS\":6518},{\"edgeSelection\":\"2to4\",\"edgeRTMS\":9081}]","inference_edgeRT":"9081","inference_edge_last":"","task":"experiment","subjectId":"1vcfoq7m50w3oub","trial_type":"external-html","trial_index":26,"time_elapsed":1013706,"internal_node_id":"0.0-9.0-0.18"},{"rt":10468,"url":"../static/nodeGraphs_scaffolding.html","edge":"6to9","edgeRT":"6368","skip":"false","flipped":"FALSE","index":"19","edgeClickLog":"[{\"edgeSelection\":\"6to9\",\"edgeRTMS\":4215},{\"edgeSelection\":\"6to9\",\"edgeRTMS\":6368}]","trial_id":"test_4","congruency":"I","trial_group":"15to20","condition":"scaffolding","inference_edge":"4to8,2to6,2to4","inference_edgeClickLog":"[{\"edgeSelection\":\"4to8\",\"edgeRTMS\":4703},{\"edgeSelection\":\"2to6\",\"edgeRTMS\":6518},{\"edgeSelection\":\"2to4\",\"edgeRTMS\":9081}]","inference_edgeRT":"9081","inference_edge_last":"","task":"experiment","subjectId":"1vcfoq7m50w3oub","trial_type":"external-html","trial_index":27,"time_elapsed":1025312,"internal_node_id":"0.0-9.0-0.19"},{"rt":216171,"response":{"P0_Q0":null,"P0_Q1":6,"P0_Q2":7,"P0_Q3":7,"P0_Q4":5,"P0_Q5":1,"strategies":"I selected edges that led to a circle with a high number of points.","feedback":"none"},"accuracy":[],"trial_type":"survey","trial_index":28,"time_elapsed":1242023,"internal_node_id":"0.0-10.0"},{"rt":3870,"stimulus":"<p>Thanks for your time!</p>        <p>We need to manually calculate your bonus pay, please give us up to 7 days.</p><p>Press any key to conclude.</p>","response":" ","task":"end","subjectId":"1vcfoq7m50w3oub","trial_type":"html-keyboard-response","trial_index":29,"time_elapsed":1245895,"internal_node_id":"0.0-11.0","interactions":"[{\"event\":\"fullscreenenter\",\"trial\":1,\"time\":14545},{\"event\":\"fullscreenexit\",\"trial\":3,\"time\":41826},{\"event\":\"blur\",\"trial\":3,\"time\":55830},{\"event\":\"focus\",\"trial\":3,\"time\":63338},{\"event\":\"blur\",\"trial\":3,\"time\":86156},{\"event\":\"focus\",\"trial\":3,\"time\":89375},{\"event\":\"blur\",\"trial\":3,\"time\":125397},{\"event\":\"focus\",\"trial\":3,\"time\":128781},{\"event\":\"blur\",\"trial\":3,\"time\":192407},{\"event\":\"focus\",\"trial\":3,\"time\":240102},{\"event\":\"blur\",\"trial\":3,\"time\":275067},{\"event\":\"focus\",\"trial\":3,\"time\":279147},{\"event\":\"blur\",\"trial\":3,\"time\":308804},{\"event\":\"focus\",\"trial\":3,\"time\":314003},{\"event\":\"blur\",\"trial\":3,\"time\":318441},{\"event\":\"focus\",\"trial\":3,\"time\":322093},{\"event\":\"blur\",\"trial\":4,\"time\":404231},{\"event\":\"focus\",\"trial\":4,\"time\":404231},{\"event\":\"blur\",\"trial\":4,\"time\":411913},{\"event\":\"focus\",\"trial\":4,\"time\":411913},{\"event\":\"blur\",\"trial\":5,\"time\":562852},{\"event\":\"focus\",\"trial\":5,\"time\":573838},{\"event\":\"blur\",\"trial\":5,\"time\":592024},{\"event\":\"focus\",\"trial\":5,\"time\":594471},{\"event\":\"blur\",\"trial\":5,\"time\":600757},{\"event\":\"focus\",\"trial\":5,\"time\":603190},{\"event\":\"blur\",\"trial\":5,\"time\":604161},{\"event\":\"focus\",\"trial\":5,\"time\":606386},{\"event\":\"blur\",\"trial\":5,\"time\":610766},{\"event\":\"focus\",\"trial\":5,\"time\":616528},{\"event\":\"blur\",\"trial\":28,\"time\":1057358},{\"event\":\"focus\",\"trial\":28,\"time\":1060688},{\"event\":\"blur\",\"trial\":28,\"time\":1062716},{\"event\":\"focus\",\"trial\":28,\"time\":1082945},{\"event\":\"blur\",\"trial\":28,\"time\":1171426},{\"event\":\"focus\",\"trial\":28,\"time\":1184307}]"}]