[{"success":true,"timeout":false,"failed_images":[],"failed_audio":[],"failed_video":[],"trial_type":"preload","trial_index":0,"time_elapsed":148,"internal_node_id":"0.0-0.0"},{"success":true,"trial_type":"fullscreen","trial_index":1,"time_elapsed":28965,"internal_node_id":"0.0-1.0"},{"rt":2152,"stimulus":"Welcome to the experiment. Press any key to begin.","response":" ","trial_type":"html-keyboard-response","trial_index":2,"time_elapsed":31118,"internal_node_id":"0.0-2.0"},{"view_history":[{"page_index":0,"viewing_time":5911},{"page_index":1,"viewing_time":4399},{"page_index":2,"viewing_time":38625},{"page_index":3,"viewing_time":12592},{"page_index":4,"viewing_time":1071},{"page_index":5,"viewing_time":568},{"page_index":6,"viewing_time":3760},{"page_index":7,"viewing_time":10785},{"page_index":8,"viewing_time":20456},{"page_index":9,"viewing_time":13576},{"page_index":10,"viewing_time":1295},{"page_index":11,"viewing_time":464},{"page_index":12,"viewing_time":440},{"page_index":13,"viewing_time":1144},{"page_index":14,"viewing_time":2496},{"page_index":15,"viewing_time":4104},{"page_index":16,"viewing_time":953},{"page_index":17,"viewing_time":511},{"page_index":18,"viewing_time":832},{"page_index":19,"viewing_time":3400},{"page_index":20,"viewing_time":7816},{"page_index":21,"viewing_time":4368}],"rt":139566,"trial_type":"instructions","trial_index":3,"time_elapsed":170684,"internal_node_id":"0.0-3.0"},{"rt":106281,"url":"../static/nodeGraphsTraining_normal.html","skip":[],"edgeClickLog":[],"inference_edge":[],"inference_edgeClickLog":[],"trial_type":"external-html","trial_index":4,"time_elapsed":277163,"internal_node_id":"0.0-4.0"},{"rt":28941,"response":{"q1":"The goal is to help the student to get the most points","q2":"False","q3":"Possible paths you, as the teacher, can choose to teach the learner.","q4":"Paths that the student took before."},"question_order":[0,1,2,3],"trial_type":"survey-multi-choice","trial_index":5,"time_elapsed":306107,"internal_node_id":"0.0-5.0"},{"rt":6474,"stimulus":"<p>You can take a 60 second break before starting the experiment.</p><br><br><p>This page will advance in 60 seconds or you can press any key to advance now.</p>","response":"arrowright","trial_type":"html-keyboard-response","trial_index":6,"time_elapsed":312582,"internal_node_id":"0.0-7.0"},{"view_history":[{"page_index":0,"viewing_time":24395}],"rt":24395,"trial_type":"instructions","trial_index":7,"time_elapsed":336978,"internal_node_id":"0.0-8.0"},{"rt":18588,"url":"../static/nodeGraphs_normal.html","edge":"1to4","edgeRT":"17519","skip":"false","flipped":"FALSE","index":"0","edgeClickLog":"[{\"edgeSelection\":\"1to4\",\"edgeRTMS\":17519}]","trial_id":"cong_0","congruency":"C","trial_group":"1to5","condition":"normal","inference_edge":[],"inference_edgeClickLog":[],"task":"experiment","subjectId":"uv1mk1d6va5tydc","trial_type":"external-html","trial_index":8,"time_elapsed":355760,"internal_node_id":"0.0-9.0-0.0"},{"rt":10514,"url":"../static/nodeGraphs_normal.html","edge":"2to6","edgeRT":"9449","skip":"false","flipped":"FALSE","index":"1","edgeClickLog":"[{\"edgeSelection\":\"2to6\",\"edgeRTMS\":9449}]","trial_id":"cong_1","congruency":"C","trial_group":"1to5","condition":"normal","inference_edge":[],"inference_edgeClickLog":[],"task":"experiment","subjectId":"uv1mk1d6va5tydc","trial_type":"external-html","trial_index":9,"time_elapsed":366965,"internal_node_id":"0.0-9.0-0.1"},{"rt":27653,"url":"../static/nodeGraphs_normal.html","edge":"4to7","edgeRT":"27295","skip":"false","flipped":"FALSE","index":"2","edgeClickLog":"[{\"edgeSelection\":\"4to7\",\"edgeRTMS\":27295}]","trial_id":"cong_6","congruency":"C","trial_group":"1to5","condition":"normal","inference_edge":[],"inference_edgeClickLog":[],"task":"experiment","subjectId":"uv1mk1d6va5tydc","trial_type":"external-html","trial_index":10,"time_elapsed":395324,"internal_node_id":"0.0-9.0-0.2"},{"rt":11647,"url":"../static/nodeGraphs_normal.html","edge":"2to4","edgeRT":"11212","skip":"false","flipped":"FALSE","index":"3","edgeClickLog":"[{\"edgeSelection\":\"2to4\",\"edgeRTMS\":11212}]","trial_id":"cong_4","congruency":"C","trial_group":"1to5","condition":"normal","inference_edge":[],"inference_edgeClickLog":[],"task":"experiment","subjectId":"uv1mk1d6va5tydc","trial_type":"external-html","trial_index":11,"time_elapsed":407667,"internal_node_id":"0.0-9.0-0.3"},{"rt":9470,"url":"../static/nodeGraphs_normal.html","edge":"2to5","edgeRT":"9356","skip":"false","flipped":"FALSE","index":"4","edgeClickLog":"[{\"edgeSelection\":\"2to5\",\"edgeRTMS\":9356}]","trial_id":"cong_9","congruency":"C","trial_group":"1to5","condition":"normal","inference_edge":[],"inference_edgeClickLog":[],"task":"experiment","subjectId":"uv1mk1d6va5tydc","trial_type":"external-html","trial_index":12,"time_elapsed":417831,"internal_node_id":"0.0-9.0-0.4"},{"rt":6409,"url":"../static/nodeGraphs_normal.html","edge":"3to6","edgeRT":"6228","skip":"false","flipped":"TRUE","index":"5","edgeClickLog":"[{\"edgeSelection\":\"3to6\",\"edgeRTMS\":6228}]","trial_id":"cong_0_flipped","congruency":"C","trial_group":"5to10","condition":"normal","inference_edge":[],"inference_edgeClickLog":[],"task":"experiment","subjectId":"uv1mk1d6va5tydc","trial_type":"external-html","trial_index":13,"time_elapsed":424930,"internal_node_id":"0.0-9.0-0.5"},{"rt":6655,"url":"../static/nodeGraphs_normal.html","edge":"2to4","edgeRT":"6343","skip":"false","flipped":"TRUE","index":"6","edgeClickLog":"[{\"edgeSelection\":\"2to4\",\"edgeRTMS\":6343}]","trial_id":"cong_1_flipped","congruency":"C","trial_group":"5to10","condition":"normal","inference_edge":[],"inference_edgeClickLog":[],"task":"experiment","subjectId":"uv1mk1d6va5tydc","trial_type":"external-html","trial_index":14,"time_elapsed":432281,"internal_node_id":"0.0-9.0-0.6"},{"rt":9909,"url":"../static/nodeGraphs_normal.html","edge":"2to5","edgeRT":"9885","skip":"false","flipped":"TRUE","index":"7","edgeClickLog":"[{\"edgeSelection\":\"2to5\",\"edgeRTMS\":9885}]","trial_id":"cong_6_flipped","congruency":"C","trial_group":"5to10","condition":"normal","inference_edge":[],"inference_edgeClickLog":[],"task":"experiment","subjectId":"uv1mk1d6va5tydc","trial_type":"external-html","trial_index":15,"time_elapsed":442878,"internal_node_id":"0.0-9.0-0.7"},{"rt":8220,"url":"../static/nodeGraphs_normal.html","edge":"2to6","edgeRT":"8138","skip":"false","flipped":"TRUE","index":"8","edgeClickLog":"[{\"edgeSelection\":\"2to6\",\"edgeRTMS\":8138}]","trial_id":"cong_4_flipped","congruency":"C","trial_group":"5to10","condition":"normal","inference_edge":[],"inference_edgeClickLog":[],"task":"experiment","subjectId":"uv1mk1d6va5tydc","trial_type":"external-html","trial_index":16,"time_elapsed":451787,"internal_node_id":"0.0-9.0-0.8"},{"rt":7650,"url":"../static/nodeGraphs_normal.html","edge":"2to5","edgeRT":"6786","skip":"false","flipped":"TRUE","index":"9","edgeClickLog":"[{\"edgeSelection\":\"2to5\",\"edgeRTMS\":6786}]","trial_id":"cong_9_flipped","congruency":"C","trial_group":"5to10","condition":"normal","inference_edge":[],"inference_edgeClickLog":[],"task":"experiment","subjectId":"uv1mk1d6va5tydc","trial_type":"external-html","trial_index":17,"time_elapsed":460128,"internal_node_id":"0.0-9.0-0.9"},{"rt":5340,"url":"../static/nodeGraphs_normal.html","edge":"1to4","edgeRT":"4717","skip":"false","flipped":"FALSE","index":"10","edgeClickLog":"[{\"edgeSelection\":\"1to4\",\"edgeRTMS\":4717}]","trial_id":"cong_0","congruency":"C","trial_group":"10to15","condition":"normal","inference_edge":[],"inference_edgeClickLog":[],"task":"experiment","subjectId":"uv1mk1d6va5tydc","trial_type":"external-html","trial_index":18,"time_elapsed":466163,"internal_node_id":"0.0-9.0-0.10"},{"rt":7490,"url":"../static/nodeGraphs_normal.html","edge":"2to6","edgeRT":"4857","skip":"false","flipped":"FALSE","index":"11","edgeClickLog":"[{\"edgeSelection\":\"2to6\",\"edgeRTMS\":4857}]","trial_id":"cong_1","congruency":"C","trial_group":"10to15","condition":"normal","inference_edge":[],"inference_edgeClickLog":[],"task":"experiment","subjectId":"uv1mk1d6va5tydc","trial_type":"external-html","trial_index":19,"time_elapsed":474344,"internal_node_id":"0.0-9.0-0.11"},{"rt":10015,"url":"../static/nodeGraphs_normal.html","edge":"2to5","edgeRT":"9909","skip":"false","flipped":"FALSE","index":"12","edgeClickLog":"[{\"edgeSelection\":\"2to5\",\"edgeRTMS\":9909}]","trial_id":"cong_6","congruency":"C","trial_group":"10to15","condition":"normal","inference_edge":[],"inference_edgeClickLog":[],"task":"experiment","subjectId":"uv1mk1d6va5tydc","trial_type":"external-html","trial_index":20,"time_elapsed":485052,"internal_node_id":"0.0-9.0-0.12"},{"rt":5724,"url":"../static/nodeGraphs_normal.html","edge":"2to4","edgeRT":"5632","skip":"false","flipped":"FALSE","index":"13","edgeClickLog":"[{\"edgeSelection\":\"2to4\",\"edgeRTMS\":5632}]","trial_id":"cong_4","congruency":"C","trial_group":"10to15","condition":"normal","inference_edge":[],"inference_edgeClickLog":[],"task":"experiment","subjectId":"uv1mk1d6va5tydc","trial_type":"external-html","trial_index":21,"time_elapsed":491470,"internal_node_id":"0.0-9.0-0.13"},{"rt":7632,"url":"../static/nodeGraphs_normal.html","edge":"2to5","edgeRT":"7529","skip":"false","flipped":"FALSE","index":"14","edgeClickLog":"[{\"edgeSelection\":\"2to5\",\"edgeRTMS\":7529}]","trial_id":"cong_9","congruency":"C","trial_group":"10to15","condition":"normal","inference_edge":[],"inference_edgeClickLog":[],"task":"experiment","subjectId":"uv1mk1d6va5tydc","trial_type":"external-html","trial_index":22,"time_elapsed":499794,"internal_node_id":"0.0-9.0-0.14"},{"rt":32554,"url":"../static/nodeGraphs_normal.html","edge":"6to8","edgeRT":"26045","skip":"false","flipped":"FALSE","index":"15","edgeClickLog":"[{\"edgeSelection\":\"6to8\",\"edgeRTMS\":26045}]","trial_id":"test_0","congruency":"I","trial_group":"15to20","condition":"normal","inference_edge":[],"inference_edgeClickLog":[],"task":"experiment","subjectId":"uv1mk1d6va5tydc","trial_type":"external-html","trial_index":23,"time_elapsed":533046,"internal_node_id":"0.0-9.0-0.15"},{"rt":14101,"url":"../static/nodeGraphs_normal.html","edge":"3to6","edgeRT":"13992","skip":"false","flipped":"FALSE","index":"16","edgeClickLog":"[{\"edgeSelection\":\"3to6\",\"edgeRTMS\":13992}]","trial_id":"test_1","congruency":"I","trial_group":"15to20","condition":"normal","inference_edge":[],"inference_edgeClickLog":[],"task":"experiment","subjectId":"uv1mk1d6va5tydc","trial_type":"external-html","trial_index":24,"time_elapsed":547844,"internal_node_id":"0.0-9.0-0.16"},{"rt":19390,"url":"../static/nodeGraphs_normal.html","edge":"4to7","edgeRT":"19498","skip":"false","flipped":"FALSE","index":"17","edgeClickLog":"[{\"edgeSelection\":\"4to7\",\"edgeRTMS\":19498}]","trial_id":"test_2","congruency":"I","trial_group":"15to20","condition":"normal","inference_edge":[],"inference_edgeClickLog":[],"task":"experiment","subjectId":"uv1mk1d6va5tydc","trial_type":"external-html","trial_index":25,"time_elapsed":567930,"internal_node_id":"0.0-9.0-0.17"},{"rt":11824,"url":"../static/nodeGraphs_normal.html","edge":"1to5","edgeRT":"8498","skip":"false","flipped":"FALSE","index":"18","edgeClickLog":"[{\"edgeSelection\":\"1to5\",\"edgeRTMS\":8498}]","trial_id":"test_3","congruency":"I","trial_group":"15to20","condition":"normal","inference_edge":[],"inference_edgeClickLog":[],"task":"experiment","subjectId":"uv1mk1d6va5tydc","trial_type":"external-html","trial_index":26,"time_elapsed":580447,"internal_node_id":"0.0-9.0-0.18"},{"rt":21212,"url":"../static/nodeGraphs_normal.html","edge":"5to9","edgeRT":"19551","skip":"false","flipped":"FALSE","index":"19","edgeClickLog":"[{\"edgeSelection\":\"5to9\",\"edgeRTMS\":19551}]","trial_id":"test_4","congruency":"I","trial_group":"15to20","condition":"normal","inference_edge":[],"inference_edgeClickLog":[],"task":"experiment","subjectId":"uv1mk1d6va5tydc","trial_type":"external-html","trial_index":27,"time_elapsed":602345,"internal_node_id":"0.0-9.0-0.19"},{"rt":51511,"response":{"P0_Q0":null,"P0_Q1":3,"P0_Q2":7,"P0_Q3":6,"P0_Q4":5,"P0_Q5":1,"strategies":"Tried to choose the path that would lead to the most total points.","feedback":""},"accuracy":[],"trial_type":"survey","trial_index":28,"time_elapsed":654404,"internal_node_id":"0.0-10.0"},{"rt":7976,"stimulus":"<p>Thanks for your time!</p>        <p>We need to manually calculate your bonus pay, please give us up to 7 days.</p><p>Press any key to conclude.</p>","response":" ","task":"end","subjectId":"uv1mk1d6va5tydc","trial_type":"html-keyboard-response","trial_index":29,"time_elapsed":662382,"internal_node_id":"0.0-11.0","interactions":"[{\"event\":\"blur\",\"trial\":1,\"time\":2269},{\"event\":\"focus\",\"trial\":1,\"time\":26683},{\"event\":\"fullscreenenter\",\"trial\":1,\"time\":27969}]"}]