[{"success":true,"timeout":false,"failed_images":[],"failed_audio":[],"failed_video":[],"trial_type":"preload","trial_index":0,"time_elapsed":87,"internal_node_id":"0.0-0.0"},{"success":true,"trial_type":"fullscreen","trial_index":1,"time_elapsed":3734,"internal_node_id":"0.0-1.0"},{"rt":3155,"stimulus":"Welcome to the experiment. Press any key to begin.","response":"arrowright","trial_type":"html-keyboard-response","trial_index":2,"time_elapsed":6890,"internal_node_id":"0.0-2.0"},{"view_history":[{"page_index":0,"viewing_time":3546},{"page_index":1,"viewing_time":5721},{"page_index":2,"viewing_time":23011},{"page_index":3,"viewing_time":2584},{"page_index":4,"viewing_time":3482},{"page_index":5,"viewing_time":1535},{"page_index":6,"viewing_time":4485},{"page_index":7,"viewing_time":6880},{"page_index":8,"viewing_time":15348},{"page_index":9,"viewing_time":8867},{"page_index":10,"viewing_time":1202},{"page_index":11,"viewing_time":520},{"page_index":12,"viewing_time":446},{"page_index":13,"viewing_time":1055},{"page_index":14,"viewing_time":3287},{"page_index":15,"viewing_time":3906},{"page_index":16,"viewing_time":755},{"page_index":17,"viewing_time":245},{"page_index":18,"viewing_time":216},{"page_index":19,"viewing_time":2723},{"page_index":20,"viewing_time":7792},{"page_index":21,"viewing_time":4225}],"rt":101830,"trial_type":"instructions","trial_index":3,"time_elapsed":108720,"internal_node_id":"0.0-3.0"},{"rt":83908,"url":"../static/nodeGraphsTraining_normal.html","skip":[],"edgeClickLog":[],"inference_edge":[],"inference_edgeClickLog":[],"trial_type":"external-html","trial_index":4,"time_elapsed":192695,"internal_node_id":"0.0-4.0"},{"rt":40015,"response":{"q1":"The goal is to help the student to get the most points","q2":"False","q3":"Possible paths you, as the teacher, can choose to teach the learner.","q4":"Possible paths you, as the teacher, can choose to teach the learner."},"question_order":[0,1,2,3],"trial_type":"survey-multi-choice","trial_index":5,"time_elapsed":232712,"internal_node_id":"0.0-5.0"},{"rt":44146,"response":{"q1":"The goal is to help the student to get the most points","q2":"False","q3":"Possible paths you, as the teacher, can choose to teach the learner.","q4":"Paths that the student took before."},"question_order":[0,1,2,3],"trial_type":"survey-multi-choice","trial_index":6,"time_elapsed":276859,"internal_node_id":"0.0-6.0-0.0"},{"rt":3597,"stimulus":"<p>You can take a 60 second break before starting the experiment.</p><br><br><p>This page will advance in 60 seconds or you can press any key to advance now.</p>","response":"arrowright","trial_type":"html-keyboard-response","trial_index":7,"time_elapsed":280457,"internal_node_id":"0.0-7.0"},{"view_history":[{"page_index":0,"viewing_time":17144}],"rt":17144,"trial_type":"instructions","trial_index":8,"time_elapsed":297601,"internal_node_id":"0.0-8.0"},{"rt":20679,"url":"../static/nodeGraphs_normal.html","edge":"6to8","edgeRT":"17280","skip":"false","flipped":"FALSE","index":"0","edgeClickLog":"[{\"edgeSelection\":\"6to8\",\"edgeRTMS\":17280}]","trial_id":"incong_0","congruency":"I","trial_group":"1to5","condition":"normal","inference_edge":[],"inference_edgeClickLog":[],"task":"experiment","subjectId":"gt1vytkmjj8utoo","trial_type":"external-html","trial_index":9,"time_elapsed":318344,"internal_node_id":"0.0-9.0-0.0"},{"rt":35857,"url":"../static/nodeGraphs_normal.html","edge":"5to8","edgeRT":"30990","skip":"false","flipped":"FALSE","index":"1","edgeClickLog":"[{\"edgeSelection\":\"3to5\",\"edgeRTMS\":26118},{\"edgeSelection\":\"5to7\",\"edgeRTMS\":27606},{\"edgeSelection\":\"5to8\",\"edgeRTMS\":30990}]","trial_id":"incong_5","congruency":"I","trial_group":"1to5","condition":"normal","inference_edge":[],"inference_edgeClickLog":[],"task":"experiment","subjectId":"gt1vytkmjj8utoo","trial_type":"external-html","trial_index":10,"time_elapsed":354768,"internal_node_id":"0.0-9.0-0.1"},{"rt":15143,"url":"../static/nodeGraphs_normal.html","edge":"5to7","edgeRT":"10526","skip":"false","flipped":"FALSE","index":"2","edgeClickLog":"[{\"edgeSelection\":\"5to7\",\"edgeRTMS\":7878},{\"edgeSelection\":\"5to7\",\"edgeRTMS\":10160},{\"edgeSelection\":\"5to7\",\"edgeRTMS\":10526}]","trial_id":"incong_3","congruency":"I","trial_group":"1to5","condition":"normal","inference_edge":[],"inference_edgeClickLog":[],"task":"experiment","subjectId":"gt1vytkmjj8utoo","trial_type":"external-html","trial_index":11,"time_elapsed":370486,"internal_node_id":"0.0-9.0-0.2"},{"rt":20987,"url":"../static/nodeGraphs_normal.html","edge":"5to8","edgeRT":"11761","skip":"false","flipped":"FALSE","index":"3","edgeClickLog":"[{\"edgeSelection\":\"5to8\",\"edgeRTMS\":11761}]","trial_id":"incong_10","congruency":"I","trial_group":"1to5","condition":"normal","inference_edge":[],"inference_edgeClickLog":[],"task":"experiment","subjectId":"gt1vytkmjj8utoo","trial_type":"external-html","trial_index":12,"time_elapsed":392039,"internal_node_id":"0.0-9.0-0.3"},{"rt":40050,"url":"../static/nodeGraphs_normal.html","edge":"5to9","edgeRT":"38097","skip":"false","flipped":"FALSE","index":"4","edgeClickLog":"[{\"edgeSelection\":\"5to8\",\"edgeRTMS\":24983},{\"edgeSelection\":\"5to9\",\"edgeRTMS\":29090},{\"edgeSelection\":\"5to8\",\"edgeRTMS\":33669},{\"edgeSelection\":\"5to9\",\"edgeRTMS\":38097}]","trial_id":"incong_2","congruency":"I","trial_group":"1to5","condition":"normal","inference_edge":[],"inference_edgeClickLog":[],"task":"experiment","subjectId":"gt1vytkmjj8utoo","trial_type":"external-html","trial_index":13,"time_elapsed":432653,"internal_node_id":"0.0-9.0-0.4"},{"rt":8309,"url":"../static/nodeGraphs_normal.html","edge":"4to8","edgeRT":"7500","skip":"false","flipped":"TRUE","index":"5","edgeClickLog":"[{\"edgeSelection\":\"4to8\",\"edgeRTMS\":5956},{\"edgeSelection\":\"4to8\",\"edgeRTMS\":6483},{\"edgeSelection\":\"4to8\",\"edgeRTMS\":6778},{\"edgeSelection\":\"4to8\",\"edgeRTMS\":7500}]","trial_id":"incong_0_flipped","congruency":"I","trial_group":"5to10","condition":"normal","inference_edge":[],"inference_edgeClickLog":[],"task":"experiment","subjectId":"gt1vytkmjj8utoo","trial_type":"external-html","trial_index":14,"time_elapsed":441535,"internal_node_id":"0.0-9.0-0.5"},{"rt":26519,"url":"../static/nodeGraphs_normal.html","edge":"6to9","edgeRT":"25036","skip":"false","flipped":"TRUE","index":"6","edgeClickLog":"[{\"edgeSelection\":\"6to9\",\"edgeRTMS\":10296},{\"edgeSelection\":\"6to9\",\"edgeRTMS\":10842},{\"edgeSelection\":\"6to9\",\"edgeRTMS\":13675},{\"edgeSelection\":\"5to8\",\"edgeRTMS\":18680},{\"edgeSelection\":\"6to9\",\"edgeRTMS\":25036}]","trial_id":"incong_5_flipped","congruency":"I","trial_group":"5to10","condition":"normal","inference_edge":[],"inference_edgeClickLog":[],"task":"experiment","subjectId":"gt1vytkmjj8utoo","trial_type":"external-html","trial_index":15,"time_elapsed":468619,"internal_node_id":"0.0-9.0-0.6"},{"rt":11908,"url":"../static/nodeGraphs_normal.html","edge":"5to9","edgeRT":"11337","skip":"false","flipped":"TRUE","index":"7","edgeClickLog":"[{\"edgeSelection\":\"5to9\",\"edgeRTMS\":11337}]","trial_id":"incong_3_flipped","congruency":"I","trial_group":"5to10","condition":"normal","inference_edge":[],"inference_edgeClickLog":[],"task":"experiment","subjectId":"gt1vytkmjj8utoo","trial_type":"external-html","trial_index":16,"time_elapsed":481093,"internal_node_id":"0.0-9.0-0.7"},{"rt":17831,"url":"../static/nodeGraphs_normal.html","edge":"5to8","edgeRT":"10843","skip":"false","flipped":"TRUE","index":"8","edgeClickLog":"[{\"edgeSelection\":\"5to8\",\"edgeRTMS\":10843}]","trial_id":"incong_10_flipped","congruency":"I","trial_group":"5to10","condition":"normal","inference_edge":[],"inference_edgeClickLog":[],"task":"experiment","subjectId":"gt1vytkmjj8utoo","trial_type":"external-html","trial_index":17,"time_elapsed":499489,"internal_node_id":"0.0-9.0-0.8"},{"rt":19184,"url":"../static/nodeGraphs_normal.html","edge":"5to8","edgeRT":"19084","skip":"false","flipped":"TRUE","index":"9","edgeClickLog":"[{\"edgeSelection\":\"5to8\",\"edgeRTMS\":19084}]","trial_id":"incong_2_flipped","congruency":"I","trial_group":"5to10","condition":"normal","inference_edge":[],"inference_edgeClickLog":[],"task":"experiment","subjectId":"gt1vytkmjj8utoo","trial_type":"external-html","trial_index":18,"time_elapsed":519238,"internal_node_id":"0.0-9.0-0.9"},{"rt":5857,"url":"../static/nodeGraphs_normal.html","edge":"6to8","edgeRT":"4460","skip":"false","flipped":"FALSE","index":"10","edgeClickLog":"[{\"edgeSelection\":\"6to8\",\"edgeRTMS\":4460}]","trial_id":"incong_0","congruency":"I","trial_group":"10to15","condition":"normal","inference_edge":[],"inference_edgeClickLog":[],"task":"experiment","subjectId":"gt1vytkmjj8utoo","trial_type":"external-html","trial_index":19,"time_elapsed":525661,"internal_node_id":"0.0-9.0-0.10"},{"rt":27493,"url":"../static/nodeGraphs_normal.html","edge":"5to8","edgeRT":"22724","skip":"false","flipped":"FALSE","index":"11","edgeClickLog":"[{\"edgeSelection\":\"5to8\",\"edgeRTMS\":22724}]","trial_id":"incong_5","congruency":"I","trial_group":"10to15","condition":"normal","inference_edge":[],"inference_edgeClickLog":[],"task":"experiment","subjectId":"gt1vytkmjj8utoo","trial_type":"external-html","trial_index":20,"time_elapsed":553720,"internal_node_id":"0.0-9.0-0.11"},{"rt":14872,"url":"../static/nodeGraphs_normal.html","edge":"5to7","edgeRT":"7914","skip":"false","flipped":"FALSE","index":"12","edgeClickLog":"[{\"edgeSelection\":\"5to7\",\"edgeRTMS\":7914}]","trial_id":"incong_3","congruency":"I","trial_group":"10to15","condition":"normal","inference_edge":[],"inference_edgeClickLog":[],"task":"experiment","subjectId":"gt1vytkmjj8utoo","trial_type":"external-html","trial_index":21,"time_elapsed":569157,"internal_node_id":"0.0-9.0-0.12"},{"rt":8559,"url":"../static/nodeGraphs_normal.html","edge":"5to8","edgeRT":"6023","skip":"false","flipped":"FALSE","index":"13","edgeClickLog":"[{\"edgeSelection\":\"5to8\",\"edgeRTMS\":3953},{\"edgeSelection\":\"5to8\",\"edgeRTMS\":5862},{\"edgeSelection\":\"5to8\",\"edgeRTMS\":6023}]","trial_id":"incong_10","congruency":"I","trial_group":"10to15","condition":"normal","inference_edge":[],"inference_edgeClickLog":[],"task":"experiment","subjectId":"gt1vytkmjj8utoo","trial_type":"external-html","trial_index":22,"time_elapsed":578282,"internal_node_id":"0.0-9.0-0.13"},{"rt":11653,"url":"../static/nodeGraphs_normal.html","edge":"5to8","edgeRT":"8087","skip":"false","flipped":"FALSE","index":"14","edgeClickLog":"[{\"edgeSelection\":\"5to8\",\"edgeRTMS\":8087}]","trial_id":"incong_2","congruency":"I","trial_group":"10to15","condition":"normal","inference_edge":[],"inference_edgeClickLog":[],"task":"experiment","subjectId":"gt1vytkmjj8utoo","trial_type":"external-html","trial_index":23,"time_elapsed":590500,"internal_node_id":"0.0-9.0-0.14"},{"rt":23309,"url":"../static/nodeGraphs_normal.html","edge":"5to8","edgeRT":"6822","skip":"false","flipped":"FALSE","index":"15","edgeClickLog":"[{\"edgeSelection\":\"5to8\",\"edgeRTMS\":4283},{\"edgeSelection\":\"5to8\",\"edgeRTMS\":4658},{\"edgeSelection\":\"0to2\",\"edgeRTMS\":5643},{\"edgeSelection\":\"5to8\",\"edgeRTMS\":6488},{\"edgeSelection\":\"5to8\",\"edgeRTMS\":6648},{\"edgeSelection\":\"5to8\",\"edgeRTMS\":6822}]","trial_id":"test_0","congruency":"I","trial_group":"15to20","condition":"normal","inference_edge":[],"inference_edgeClickLog":[],"task":"experiment","subjectId":"gt1vytkmjj8utoo","trial_type":"external-html","trial_index":24,"time_elapsed":614373,"internal_node_id":"0.0-9.0-0.15"},{"rt":15270,"url":"../static/nodeGraphs_normal.html","edge":"4to7","edgeRT":"14148","skip":"false","flipped":"FALSE","index":"16","edgeClickLog":"[{\"edgeSelection\":\"4to7\",\"edgeRTMS\":14148}]","trial_id":"test_1","congruency":"I","trial_group":"15to20","condition":"normal","inference_edge":[],"inference_edgeClickLog":[],"task":"experiment","subjectId":"gt1vytkmjj8utoo","trial_type":"external-html","trial_index":25,"time_elapsed":630210,"internal_node_id":"0.0-9.0-0.16"},{"rt":8170,"url":"../static/nodeGraphs_normal.html","edge":"6to8","edgeRT":"7717","skip":"false","flipped":"FALSE","index":"17","edgeClickLog":"[{\"edgeSelection\":\"6to8\",\"edgeRTMS\":6105},{\"edgeSelection\":\"6to8\",\"edgeRTMS\":6373},{\"edgeSelection\":\"6to8\",\"edgeRTMS\":7269},{\"edgeSelection\":\"6to8\",\"edgeRTMS\":7503},{\"edgeSelection\":\"6to8\",\"edgeRTMS\":7717}]","trial_id":"test_2","congruency":"I","trial_group":"15to20","condition":"normal","inference_edge":[],"inference_edgeClickLog":[],"task":"experiment","subjectId":"gt1vytkmjj8utoo","trial_type":"external-html","trial_index":26,"time_elapsed":638946,"internal_node_id":"0.0-9.0-0.17"},{"rt":7297,"url":"../static/nodeGraphs_normal.html","edge":"5to9","edgeRT":"6951","skip":"false","flipped":"FALSE","index":"18","edgeClickLog":"[{\"edgeSelection\":\"5to9\",\"edgeRTMS\":6951}]","trial_id":"test_3","congruency":"I","trial_group":"15to20","condition":"normal","inference_edge":[],"inference_edgeClickLog":[],"task":"experiment","subjectId":"gt1vytkmjj8utoo","trial_type":"external-html","trial_index":27,"time_elapsed":646809,"internal_node_id":"0.0-9.0-0.18"},{"rt":10983,"url":"../static/nodeGraphs_normal.html","edge":"4to7","edgeRT":"9018","skip":"false","flipped":"FALSE","index":"19","edgeClickLog":"[{\"edgeSelection\":\"4to7\",\"edgeRTMS\":9018}]","trial_id":"test_4","congruency":"I","trial_group":"15to20","condition":"normal","inference_edge":[],"inference_edgeClickLog":[],"task":"experiment","subjectId":"gt1vytkmjj8utoo","trial_type":"external-html","trial_index":28,"time_elapsed":658357,"internal_node_id":"0.0-9.0-0.19"},{"rt":63985,"response":{"P0_Q0":null,"P0_Q1":3,"P0_Q2":6,"P0_Q3":6,"P0_Q4":2,"P0_Q5":1,"strategies":"I looked for one extra path that would result in an increase in points in total if taken.","feedback":""},"accuracy":[],"trial_type":"survey","trial_index":29,"time_elapsed":722882,"internal_node_id":"0.0-10.0"},{"rt":5230,"stimulus":"<p>Thanks for your time!</p>        <p>We need to manually calculate your bonus pay, please give us up to 7 days.</p><p>Press any key to conclude.</p>","response":"arrowright","task":"end","subjectId":"gt1vytkmjj8utoo","trial_type":"html-keyboard-response","trial_index":30,"time_elapsed":728113,"internal_node_id":"0.0-11.0","interactions":"[{\"event\":\"fullscreenenter\",\"trial\":1,\"time\":2728}]"}]