[{"success":true,"timeout":false,"failed_images":[],"failed_audio":[],"failed_video":[],"trial_type":"preload","trial_index":0,"time_elapsed":456,"internal_node_id":"0.0-0.0"},{"success":true,"trial_type":"fullscreen","trial_index":1,"time_elapsed":2738,"internal_node_id":"0.0-1.0"},{"rt":4668,"stimulus":"Welcome to the experiment. Press any key to begin.","response":" ","trial_type":"html-keyboard-response","trial_index":2,"time_elapsed":7408,"internal_node_id":"0.0-2.0"},{"view_history":[{"page_index":0,"viewing_time":61969},{"page_index":1,"viewing_time":3625},{"page_index":2,"viewing_time":57037},{"page_index":3,"viewing_time":1600},{"page_index":4,"viewing_time":746},{"page_index":5,"viewing_time":552},{"page_index":6,"viewing_time":1076},{"page_index":7,"viewing_time":10682},{"page_index":8,"viewing_time":13446},{"page_index":9,"viewing_time":5374},{"page_index":10,"viewing_time":1360},{"page_index":11,"viewing_time":192},{"page_index":12,"viewing_time":200},{"page_index":13,"viewing_time":434},{"page_index":14,"viewing_time":2740},{"page_index":15,"viewing_time":3870},{"page_index":16,"viewing_time":1466},{"page_index":17,"viewing_time":428},{"page_index":18,"viewing_time":505},{"page_index":19,"viewing_time":3902},{"page_index":20,"viewing_time":2574},{"page_index":21,"viewing_time":1545}],"rt":175321,"trial_type":"instructions","trial_index":3,"time_elapsed":182726,"internal_node_id":"0.0-3.0"},{"rt":115407,"url":"../static/nodeGraphsTraining_distractor.html","skip":[],"edgeClickLog":[],"inference_edge":[],"inference_edgeClickLog":[],"trial_type":"external-html","trial_index":4,"time_elapsed":298695,"internal_node_id":"0.0-4.0"},{"rt":21479,"response":{"q1":"The goal is to help the student to get the most points.","q2":"False","q3":"Possible edges you, as the teacher, can choose to teach the learner.","q4":"Edges that the student took before."},"question_order":[0,1,2,3],"trial_type":"survey-multi-choice","trial_index":5,"time_elapsed":320177,"internal_node_id":"0.0-5.0"},{"rt":null,"stimulus":"<p>You can take a 60 second break before starting the experiment.</p><br><br><p>This page will advance in 60 seconds or you can press any key to advance now.</p>","response":null,"trial_type":"html-keyboard-response","trial_index":6,"time_elapsed":380186,"internal_node_id":"0.0-7.0"},{"view_history":[{"page_index":0,"viewing_time":1965}],"rt":1966,"trial_type":"instructions","trial_index":7,"time_elapsed":382153,"internal_node_id":"0.0-8.0"},{"rt":21278,"url":"../static/nodeGraphs_distractor.html","edge":"4to8","edgeRT":"6473","skip":"false","flipped":"FALSE","index":"0","edgeClickLog":"[{\"edgeSelection\":\"4to8\",\"edgeRTMS\":6473}]","trial_id":"incong_0","congruency":"I","trial_group":"1to5","condition":"distractor","inference_edge":"4to7,4to8,5to7","inference_edgeClickLog":"[{\"edgeSelection\":\"4to7\",\"edgeRTMS\":5338},{\"edgeSelection\":\"4to8\",\"edgeRTMS\":6307},{\"edgeSelection\":\"5to7\",\"edgeRTMS\":12125}]","inference_edgeRT":"12125","inference_edge_last":"5to7","task":"experiment","subjectId":"152u1annyyz5pkc","trial_type":"external-html","trial_index":8,"time_elapsed":403688,"internal_node_id":"0.0-9.0-0.0"},{"rt":57782,"url":"../static/nodeGraphs_distractor.html","edge":"5to9","edgeRT":"43272","skip":"false","flipped":"FALSE","index":"1","edgeClickLog":"[{\"edgeSelection\":\"4to8\",\"edgeRTMS\":4584},{\"edgeSelection\":\"4to8\",\"edgeRTMS\":10775},{\"edgeSelection\":\"3to6\",\"edgeRTMS\":13199},{\"edgeSelection\":\"3to6\",\"edgeRTMS\":18674},{\"edgeSelection\":\"6to8\",\"edgeRTMS\":26161},{\"edgeSelection\":\"4to8\",\"edgeRTMS\":26947},{\"edgeSelection\":\"5to8\",\"edgeRTMS\":30977},{\"edgeSelection\":\"2to4\",\"edgeRTMS\":35383},{\"edgeSelection\":\"4to8\",\"edgeRTMS\":36378},{\"edgeSelection\":\"2to4\",\"edgeRTMS\":37378},{\"edgeSelection\":\"4to7\",\"edgeRTMS\":38293},{\"edgeSelection\":\"2to4\",\"edgeRTMS\":40376},{\"edgeSelection\":\"5to9\",\"edgeRTMS\":43272}]","trial_id":"incong_5","congruency":"I","trial_group":"1to5","condition":"distractor","inference_edge":"4to7,4to8,6to8","inference_edgeClickLog":"[{\"edgeSelection\":\"4to7\",\"edgeRTMS\":6806},{\"edgeSelection\":\"4to8\",\"edgeRTMS\":8553},{\"edgeSelection\":\"6to8\",\"edgeRTMS\":10023}]","inference_edgeRT":"10023","inference_edge_last":"6to8","task":"experiment","subjectId":"152u1annyyz5pkc","trial_type":"external-html","trial_index":9,"time_elapsed":462133,"internal_node_id":"0.0-9.0-0.1"},{"rt":27512,"url":"../static/nodeGraphs_distractor.html","edge":"2to5","edgeRT":"13378","skip":"false","flipped":"FALSE","index":"2","edgeClickLog":"[{\"edgeSelection\":\"2to5\",\"edgeRTMS\":13378}]","trial_id":"incong_3","congruency":"I","trial_group":"1to5","condition":"distractor","inference_edge":"2to6,2to4,1to4","inference_edgeClickLog":"[{\"edgeSelection\":\"2to6\",\"edgeRTMS\":5244},{\"edgeSelection\":\"2to4\",\"edgeRTMS\":10989},{\"edgeSelection\":\"1to4\",\"edgeRTMS\":11788}]","inference_edgeRT":"11788","inference_edge_last":"1to4","task":"experiment","subjectId":"152u1annyyz5pkc","trial_type":"external-html","trial_index":10,"time_elapsed":490277,"internal_node_id":"0.0-9.0-0.2"},{"rt":11020,"url":"../static/nodeGraphs_distractor.html","edge":"5to8","edgeRT":"3452","skip":"false","flipped":"FALSE","index":"3","edgeClickLog":"[{\"edgeSelection\":\"5to8\",\"edgeRTMS\":3452}]","trial_id":"incong_10","congruency":"I","trial_group":"1to5","condition":"distractor","inference_edge":"4to8,4to7,2to4","inference_edgeClickLog":"[{\"edgeSelection\":\"4to8\",\"edgeRTMS\":4159},{\"edgeSelection\":\"4to7\",\"edgeRTMS\":5731},{\"edgeSelection\":\"2to4\",\"edgeRTMS\":6793}]","inference_edgeRT":"6793","inference_edge_last":"2to4","task":"experiment","subjectId":"152u1annyyz5pkc","trial_type":"external-html","trial_index":11,"time_elapsed":501880,"internal_node_id":"0.0-9.0-0.3"},{"rt":31509,"url":"../static/nodeGraphs_distractor.html","edge":"2to4","edgeRT":"9915","skip":"false","flipped":"FALSE","index":"4","edgeClickLog":"[{\"edgeSelection\":\"4to8\",\"edgeRTMS\":3610},{\"edgeSelection\":\"2to4\",\"edgeRTMS\":9915}]","trial_id":"incong_2","congruency":"I","trial_group":"1to5","condition":"distractor","inference_edge":"1to5,1to4,4to8","inference_edgeClickLog":"[{\"edgeSelection\":\"4to8\",\"edgeRTMS\":3875},{\"edgeSelection\":\"2to4\",\"edgeRTMS\":9427},{\"edgeSelection\":\"1to4\",\"edgeRTMS\":12270},{\"edgeSelection\":\"1to4\",\"edgeRTMS\":13029},{\"edgeSelection\":\"1to5\",\"edgeRTMS\":13583},{\"edgeSelection\":\"1to4\",\"edgeRTMS\":17470},{\"edgeSelection\":\"2to4\",\"edgeRTMS\":18875},{\"edgeSelection\":\"4to8\",\"edgeRTMS\":19610}]","inference_edgeRT":"19610","inference_edge_last":"4to8","task":"experiment","subjectId":"152u1annyyz5pkc","trial_type":"external-html","trial_index":12,"time_elapsed":533980,"internal_node_id":"0.0-9.0-0.4"},{"rt":13409,"url":"../static/nodeGraphs_distractor.html","edge":"4to8","edgeRT":"4553","skip":"false","flipped":"TRUE","index":"5","edgeClickLog":"[{\"edgeSelection\":\"4to8\",\"edgeRTMS\":4553}]","trial_id":"incong_0_flipped","congruency":"I","trial_group":"5to10","condition":"distractor","inference_edge":"6to8,6to9,4to8","inference_edgeClickLog":"[{\"edgeSelection\":\"6to8\",\"edgeRTMS\":3625},{\"edgeSelection\":\"6to9\",\"edgeRTMS\":4359},{\"edgeSelection\":\"4to8\",\"edgeRTMS\":7358}]","inference_edgeRT":"7358","inference_edge_last":"4to8","task":"experiment","subjectId":"152u1annyyz5pkc","trial_type":"external-html","trial_index":13,"time_elapsed":548125,"internal_node_id":"0.0-9.0-0.5"},{"rt":16635,"url":"../static/nodeGraphs_distractor.html","edge":"6to8","edgeRT":"8704","skip":"false","flipped":"TRUE","index":"6","edgeClickLog":"[{\"edgeSelection\":\"6to8\",\"edgeRTMS\":8704}]","trial_id":"incong_5_flipped","congruency":"I","trial_group":"5to10","condition":"distractor","inference_edge":"6to9,6to8,4to8","inference_edgeClickLog":"[{\"edgeSelection\":\"6to9\",\"edgeRTMS\":5514},{\"edgeSelection\":\"6to8\",\"edgeRTMS\":6456},{\"edgeSelection\":\"4to8\",\"edgeRTMS\":7272}]","inference_edgeRT":"7272","inference_edge_last":"4to8","task":"experiment","subjectId":"152u1annyyz5pkc","trial_type":"external-html","trial_index":14,"time_elapsed":565341,"internal_node_id":"0.0-9.0-0.6"},{"rt":33742,"url":"../static/nodeGraphs_distractor.html","edge":"5to9","edgeRT":"4229","skip":"false","flipped":"TRUE","index":"7","edgeClickLog":"[{\"edgeSelection\":\"5to9\",\"edgeRTMS\":4229}]","trial_id":"incong_3_flipped","congruency":"I","trial_group":"5to10","condition":"distractor","inference_edge":"5to9,3to6,2to4","inference_edgeClickLog":"[{\"edgeSelection\":\"2to4\",\"edgeRTMS\":17765},{\"edgeSelection\":\"5to9\",\"edgeRTMS\":21747},{\"edgeSelection\":\"2to5\",\"edgeRTMS\":24028},{\"edgeSelection\":\"3to6\",\"edgeRTMS\":26073},{\"edgeSelection\":\"2to5\",\"edgeRTMS\":27017},{\"edgeSelection\":\"2to4\",\"edgeRTMS\":27652}]","inference_edgeRT":"27652","inference_edge_last":"2to4","task":"experiment","subjectId":"152u1annyyz5pkc","trial_type":"external-html","trial_index":15,"time_elapsed":599792,"internal_node_id":"0.0-9.0-0.7"},{"rt":11644,"url":"../static/nodeGraphs_distractor.html","edge":"4to8","edgeRT":"5702","skip":"false","flipped":"TRUE","index":"8","edgeClickLog":"[{\"edgeSelection\":\"4to8\",\"edgeRTMS\":5702}]","trial_id":"incong_10_flipped","congruency":"I","trial_group":"5to10","condition":"distractor","inference_edge":"6to8,4to8,2to4","inference_edgeClickLog":"[{\"edgeSelection\":\"6to8\",\"edgeRTMS\":2801},{\"edgeSelection\":\"4to8\",\"edgeRTMS\":4024},{\"edgeSelection\":\"2to4\",\"edgeRTMS\":4952}]","inference_edgeRT":"4952","inference_edge_last":"2to4","task":"experiment","subjectId":"152u1annyyz5pkc","trial_type":"external-html","trial_index":16,"time_elapsed":612030,"internal_node_id":"0.0-9.0-0.8"},{"rt":14251,"url":"../static/nodeGraphs_distractor.html","edge":"4to8","edgeRT":"4925","skip":"false","flipped":"TRUE","index":"9","edgeClickLog":"[{\"edgeSelection\":\"4to8\",\"edgeRTMS\":4925}]","trial_id":"incong_2_flipped","congruency":"I","trial_group":"5to10","condition":"distractor","inference_edge":"6to8,4to8,3to6","inference_edgeClickLog":"[{\"edgeSelection\":\"6to8\",\"edgeRTMS\":2959},{\"edgeSelection\":\"4to8\",\"edgeRTMS\":5514},{\"edgeSelection\":\"3to6\",\"edgeRTMS\":8337}]","inference_edgeRT":"8337","inference_edge_last":"3to6","task":"experiment","subjectId":"152u1annyyz5pkc","trial_type":"external-html","trial_index":17,"time_elapsed":626921,"internal_node_id":"0.0-9.0-0.9"},{"rt":12987,"url":"../static/nodeGraphs_distractor.html","edge":"6to8","edgeRT":"4368","skip":"false","flipped":"FALSE","index":"10","edgeClickLog":"[{\"edgeSelection\":\"6to8\",\"edgeRTMS\":4368}]","trial_id":"incong_0","congruency":"I","trial_group":"10to15","condition":"distractor","inference_edge":"4to8,4to7,6to8","inference_edgeClickLog":"[{\"edgeSelection\":\"4to8\",\"edgeRTMS\":4757},{\"edgeSelection\":\"4to7\",\"edgeRTMS\":5972},{\"edgeSelection\":\"6to8\",\"edgeRTMS\":8229}]","inference_edgeRT":"8229","inference_edge_last":"6to8","task":"experiment","subjectId":"152u1annyyz5pkc","trial_type":"external-html","trial_index":18,"time_elapsed":640571,"internal_node_id":"0.0-9.0-0.10"},{"rt":15175,"url":"../static/nodeGraphs_distractor.html","edge":"3to6","edgeRT":"6513","skip":"false","flipped":"FALSE","index":"11","edgeClickLog":"[{\"edgeSelection\":\"3to6\",\"edgeRTMS\":6513}]","trial_id":"incong_5","congruency":"I","trial_group":"10to15","condition":"distractor","inference_edge":"4to7,4to8,6to8","inference_edgeClickLog":"[{\"edgeSelection\":\"4to7\",\"edgeRTMS\":4289},{\"edgeSelection\":\"4to8\",\"edgeRTMS\":5028},{\"edgeSelection\":\"6to8\",\"edgeRTMS\":5732}]","inference_edgeRT":"5732","inference_edge_last":"6to8","task":"experiment","subjectId":"152u1annyyz5pkc","trial_type":"external-html","trial_index":19,"time_elapsed":656390,"internal_node_id":"0.0-9.0-0.11"},{"rt":17076,"url":"../static/nodeGraphs_distractor.html","edge":"5to7","edgeRT":"9277","skip":"false","flipped":"FALSE","index":"12","edgeClickLog":"[{\"edgeSelection\":\"5to7\",\"edgeRTMS\":9277}]","trial_id":"incong_3","congruency":"I","trial_group":"10to15","condition":"distractor","inference_edge":"2to6,5to7,1to4","inference_edgeClickLog":"[{\"edgeSelection\":\"2to6\",\"edgeRTMS\":3544},{\"edgeSelection\":\"5to7\",\"edgeRTMS\":5599},{\"edgeSelection\":\"1to4\",\"edgeRTMS\":6674}]","inference_edgeRT":"6674","inference_edge_last":"1to4","task":"experiment","subjectId":"152u1annyyz5pkc","trial_type":"external-html","trial_index":20,"time_elapsed":674194,"internal_node_id":"0.0-9.0-0.12"},{"rt":12849,"url":"../static/nodeGraphs_distractor.html","edge":"6to8","edgeRT":"2950","skip":"false","flipped":"FALSE","index":"13","edgeClickLog":"[{\"edgeSelection\":\"6to8\",\"edgeRTMS\":2950}]","trial_id":"incong_10","congruency":"I","trial_group":"10to15","condition":"distractor","inference_edge":"4to8,2to4,6to8","inference_edgeClickLog":"[{\"edgeSelection\":\"4to8\",\"edgeRTMS\":4435},{\"edgeSelection\":\"2to4\",\"edgeRTMS\":5807},{\"edgeSelection\":\"6to8\",\"edgeRTMS\":7673}]","inference_edgeRT":"7673","inference_edge_last":"6to8","task":"experiment","subjectId":"152u1annyyz5pkc","trial_type":"external-html","trial_index":21,"time_elapsed":687774,"internal_node_id":"0.0-9.0-0.13"},{"rt":15007,"url":"../static/nodeGraphs_distractor.html","edge":"2to4","edgeRT":"1740","skip":"false","flipped":"FALSE","index":"14","edgeClickLog":"[{\"edgeSelection\":\"2to4\",\"edgeRTMS\":1740}]","trial_id":"incong_2","congruency":"I","trial_group":"10to15","condition":"distractor","inference_edge":"4to8,2to4,1to5","inference_edgeClickLog":"[{\"edgeSelection\":\"4to8\",\"edgeRTMS\":3636},{\"edgeSelection\":\"2to4\",\"edgeRTMS\":4536},{\"edgeSelection\":\"2to6\",\"edgeRTMS\":6922},{\"edgeSelection\":\"2to6\",\"edgeRTMS\":10422},{\"edgeSelection\":\"1to5\",\"edgeRTMS\":10984}]","inference_edgeRT":"10984","inference_edge_last":"1to5","task":"experiment","subjectId":"152u1annyyz5pkc","trial_type":"external-html","trial_index":22,"time_elapsed":703365,"internal_node_id":"0.0-9.0-0.14"},{"rt":227982,"url":"../static/nodeGraphs_distractor.html","edge":"5to8","edgeRT":"5352","skip":"false","flipped":"FALSE","index":"15","edgeClickLog":"[{\"edgeSelection\":\"5to8\",\"edgeRTMS\":5352}]","trial_id":"test_0","congruency":"I","trial_group":"15to20","condition":"distractor","inference_edge":"4to8,2to4,1to5","inference_edgeClickLog":"[{\"edgeSelection\":\"4to8\",\"edgeRTMS\":3636},{\"edgeSelection\":\"2to4\",\"edgeRTMS\":4536},{\"edgeSelection\":\"2to6\",\"edgeRTMS\":6922},{\"edgeSelection\":\"2to6\",\"edgeRTMS\":10422},{\"edgeSelection\":\"1to5\",\"edgeRTMS\":10984}]","inference_edgeRT":"10984","inference_edge_last":"","task":"experiment","subjectId":"152u1annyyz5pkc","trial_type":"external-html","trial_index":23,"time_elapsed":932004,"internal_node_id":"0.0-9.0-0.15"},{"rt":7989,"url":"../static/nodeGraphs_distractor.html","edge":"2to6","edgeRT":"7804","skip":"false","flipped":"FALSE","index":"16","edgeClickLog":"[{\"edgeSelection\":\"2to6\",\"edgeRTMS\":7804}]","trial_id":"test_1","congruency":"I","trial_group":"15to20","condition":"distractor","inference_edge":"4to8,2to4,1to5","inference_edgeClickLog":"[{\"edgeSelection\":\"4to8\",\"edgeRTMS\":3636},{\"edgeSelection\":\"2to4\",\"edgeRTMS\":4536},{\"edgeSelection\":\"2to6\",\"edgeRTMS\":6922},{\"edgeSelection\":\"2to6\",\"edgeRTMS\":10422},{\"edgeSelection\":\"1to5\",\"edgeRTMS\":10984}]","inference_edgeRT":"10984","inference_edge_last":"","task":"experiment","subjectId":"152u1annyyz5pkc","trial_type":"external-html","trial_index":24,"time_elapsed":940798,"internal_node_id":"0.0-9.0-0.16"},{"rt":7189,"url":"../static/nodeGraphs_distractor.html","edge":"5to7","edgeRT":"7130","skip":"false","flipped":"FALSE","index":"17","edgeClickLog":"[{\"edgeSelection\":\"5to7\",\"edgeRTMS\":7130}]","trial_id":"test_2","congruency":"I","trial_group":"15to20","condition":"distractor","inference_edge":"4to8,2to4,1to5","inference_edgeClickLog":"[{\"edgeSelection\":\"4to8\",\"edgeRTMS\":3636},{\"edgeSelection\":\"2to4\",\"edgeRTMS\":4536},{\"edgeSelection\":\"2to6\",\"edgeRTMS\":6922},{\"edgeSelection\":\"2to6\",\"edgeRTMS\":10422},{\"edgeSelection\":\"1to5\",\"edgeRTMS\":10984}]","inference_edgeRT":"10984","inference_edge_last":"","task":"experiment","subjectId":"152u1annyyz5pkc","trial_type":"external-html","trial_index":25,"time_elapsed":948570,"internal_node_id":"0.0-9.0-0.17"},{"rt":4680,"url":"../static/nodeGraphs_distractor.html","edge":"5to9","edgeRT":"4878","skip":"false","flipped":"FALSE","index":"18","edgeClickLog":"[{\"edgeSelection\":\"5to9\",\"edgeRTMS\":4878}]","trial_id":"test_3","congruency":"I","trial_group":"15to20","condition":"distractor","inference_edge":"4to8,2to4,1to5","inference_edgeClickLog":"[{\"edgeSelection\":\"4to8\",\"edgeRTMS\":3636},{\"edgeSelection\":\"2to4\",\"edgeRTMS\":4536},{\"edgeSelection\":\"2to6\",\"edgeRTMS\":6922},{\"edgeSelection\":\"2to6\",\"edgeRTMS\":10422},{\"edgeSelection\":\"1to5\",\"edgeRTMS\":10984}]","inference_edgeRT":"10984","inference_edge_last":"","task":"experiment","subjectId":"152u1annyyz5pkc","trial_type":"external-html","trial_index":26,"time_elapsed":954016,"internal_node_id":"0.0-9.0-0.18"},{"rt":6235,"url":"../static/nodeGraphs_distractor.html","edge":"5to9","edgeRT":"6414","skip":"false","flipped":"FALSE","index":"19","edgeClickLog":"[{\"edgeSelection\":\"5to9\",\"edgeRTMS\":6414}]","trial_id":"test_4","congruency":"I","trial_group":"15to20","condition":"distractor","inference_edge":"4to8,2to4,1to5","inference_edgeClickLog":"[{\"edgeSelection\":\"4to8\",\"edgeRTMS\":3636},{\"edgeSelection\":\"2to4\",\"edgeRTMS\":4536},{\"edgeSelection\":\"2to6\",\"edgeRTMS\":6922},{\"edgeSelection\":\"2to6\",\"edgeRTMS\":10422},{\"edgeSelection\":\"1to5\",\"edgeRTMS\":10984}]","inference_edgeRT":"10984","inference_edge_last":"","task":"experiment","subjectId":"152u1annyyz5pkc","trial_type":"external-html","trial_index":27,"time_elapsed":960950,"internal_node_id":"0.0-9.0-0.19"},{"rt":46686,"response":{"P0_Q0":null,"P0_Q1":7,"P0_Q2":7,"P0_Q3":5,"P0_Q4":6,"P0_Q5":3,"strategies":"I tried to focus on the highest node(s) and look at what path the student would need to take to get there and if it seemed possible for them to do so.","feedback":"n/a"},"accuracy":[],"trial_type":"survey","trial_index":28,"time_elapsed":1008207,"internal_node_id":"0.0-10.0"},{"rt":3961,"stimulus":"<p>Thanks for your time!</p>        <p>We need to manually calculate your bonus pay, please give us up to 7 days.</p><p>Press any key to conclude.</p>","response":" ","task":"end","subjectId":"152u1annyyz5pkc","trial_type":"html-keyboard-response","trial_index":29,"time_elapsed":1012170,"internal_node_id":"0.0-11.0","interactions":"[{\"event\":\"fullscreenenter\",\"trial\":1,\"time\":1772},{\"event\":\"blur\",\"trial\":9,\"time\":461169},{\"event\":\"fullscreenexit\",\"trial\":9,\"time\":461176},{\"event\":\"focus\",\"trial\":9,\"time\":461339},{\"event\":\"blur\",\"trial\":10,\"time\":482497},{\"event\":\"focus\",\"trial\":10,\"time\":482664}]"}]