[{"success":true,"timeout":false,"failed_images":[],"failed_audio":[],"failed_video":[],"trial_type":"preload","trial_index":0,"time_elapsed":501,"internal_node_id":"0.0-0.0"},{"success":true,"trial_type":"fullscreen","trial_index":1,"time_elapsed":4051,"internal_node_id":"0.0-1.0"},{"rt":3233,"stimulus":"Welcome to the experiment. Press any key to begin.","response":"5","trial_type":"html-keyboard-response","trial_index":2,"time_elapsed":7285,"internal_node_id":"0.0-2.0"},{"view_history":[{"page_index":0,"viewing_time":5072},{"page_index":1,"viewing_time":1440},{"page_index":0,"viewing_time":2360},{"page_index":1,"viewing_time":4841},{"page_index":2,"viewing_time":42961},{"page_index":3,"viewing_time":3221},{"page_index":4,"viewing_time":1208},{"page_index":5,"viewing_time":585},{"page_index":6,"viewing_time":2038},{"page_index":7,"viewing_time":6090},{"page_index":8,"viewing_time":13233},{"page_index":9,"viewing_time":6004},{"page_index":10,"viewing_time":2252},{"page_index":11,"viewing_time":2788},{"page_index":12,"viewing_time":583},{"page_index":13,"viewing_time":1277},{"page_index":14,"viewing_time":2445},{"page_index":15,"viewing_time":4996},{"page_index":16,"viewing_time":1115},{"page_index":17,"viewing_time":359},{"page_index":18,"viewing_time":707},{"page_index":19,"viewing_time":4619},{"page_index":20,"viewing_time":4073},{"page_index":21,"viewing_time":3866}],"rt":118130,"trial_type":"instructions","trial_index":3,"time_elapsed":125416,"internal_node_id":"0.0-3.0"},{"rt":222009,"url":"../static/nodeGraphsTraining_scaffolding.html","skip":[],"edgeClickLog":[],"inference_edge":[],"inference_edgeClickLog":[],"trial_type":"external-html","trial_index":4,"time_elapsed":347585,"internal_node_id":"0.0-4.0"},{"rt":62991,"response":{"q1":"The goal is to help the student to get the most points.","q2":"False","q3":"Possible edges you, as the teacher, can choose to teach the learner.","q4":"Edges that the student took before."},"question_order":[0,1,2,3],"trial_type":"survey-multi-choice","trial_index":5,"time_elapsed":410578,"internal_node_id":"0.0-5.0"},{"rt":4288,"stimulus":"<p>You can take a 60 second break before starting the experiment.</p><br><br><p>This page will advance in 60 seconds or you can press any key to advance now.</p>","response":"5","trial_type":"html-keyboard-response","trial_index":6,"time_elapsed":414867,"internal_node_id":"0.0-7.0"},{"view_history":[{"page_index":0,"viewing_time":21904}],"rt":21904,"trial_type":"instructions","trial_index":7,"time_elapsed":436772,"internal_node_id":"0.0-8.0"},{"rt":39750,"url":"../static/nodeGraphs_scaffolding.html","edge":"1to4","edgeRT":"13673","skip":"false","flipped":"FALSE","index":"0","edgeClickLog":"[{\"edgeSelection\":\"1to4\",\"edgeRTMS\":13673}]","trial_id":"cong_0","congruency":"C","trial_group":"1to5","condition":"distractor","inference_edge":"1to4,5to8,0to2","inference_edgeClickLog":"[{\"edgeSelection\":\"1to4\",\"edgeRTMS\":4391},{\"edgeSelection\":\"5to8\",\"edgeRTMS\":7554},{\"edgeSelection\":\"0to2\",\"edgeRTMS\":23509}]","inference_edgeRT":"23509","inference_edge_last":"0to2","task":"experiment","subjectId":"2eo4sq6u1c5dafd","trial_type":"external-html","trial_index":8,"time_elapsed":476681,"internal_node_id":"0.0-9.0-0.0"},{"rt":50389,"url":"../static/nodeGraphs_scaffolding.html","edge":"2to6","edgeRT":"6674","skip":"false","flipped":"FALSE","index":"1","edgeClickLog":"[{\"edgeSelection\":\"2to6\",\"edgeRTMS\":6674}]","trial_id":"cong_1","congruency":"C","trial_group":"1to5","condition":"distractor","inference_edge":"2to6,2to4,5to7","inference_edgeClickLog":"[{\"edgeSelection\":\"2to6\",\"edgeRTMS\":8611},{\"edgeSelection\":\"2to4\",\"edgeRTMS\":15737},{\"edgeSelection\":\"5to7\",\"edgeRTMS\":22672}]","inference_edgeRT":"22672","inference_edge_last":"5to7","task":"experiment","subjectId":"2eo4sq6u1c5dafd","trial_type":"external-html","trial_index":9,"time_elapsed":527728,"internal_node_id":"0.0-9.0-0.1"},{"rt":62483,"url":"../static/nodeGraphs_scaffolding.html","edge":"2to5","edgeRT":"19698","skip":"false","flipped":"FALSE","index":"2","edgeClickLog":"[{\"edgeSelection\":\"2to5\",\"edgeRTMS\":19698}]","trial_id":"cong_6","congruency":"C","trial_group":"1to5","condition":"distractor","inference_edge":"2to5,4to7,1to5","inference_edgeClickLog":"[{\"edgeSelection\":\"2to5\",\"edgeRTMS\":4234},{\"edgeSelection\":\"4to7\",\"edgeRTMS\":7317},{\"edgeSelection\":\"1to5\",\"edgeRTMS\":39114}]","inference_edgeRT":"39114","inference_edge_last":"1to5","task":"experiment","subjectId":"2eo4sq6u1c5dafd","trial_type":"external-html","trial_index":10,"time_elapsed":590867,"internal_node_id":"0.0-9.0-0.2"},{"rt":59957,"url":"../static/nodeGraphs_scaffolding.html","edge":"2to4","edgeRT":"4457","skip":"false","flipped":"FALSE","index":"3","edgeClickLog":"[{\"edgeSelection\":\"2to4\",\"edgeRTMS\":4457}]","trial_id":"cong_4","congruency":"C","trial_group":"1to5","condition":"distractor","inference_edge":"2to4,5to8,2to6","inference_edgeClickLog":"[{\"edgeSelection\":\"2to4\",\"edgeRTMS\":5283},{\"edgeSelection\":\"5to8\",\"edgeRTMS\":7705},{\"edgeSelection\":\"2to6\",\"edgeRTMS\":50177}]","inference_edgeRT":"50177","inference_edge_last":"2to6","task":"experiment","subjectId":"2eo4sq6u1c5dafd","trial_type":"external-html","trial_index":11,"time_elapsed":651484,"internal_node_id":"0.0-9.0-0.3"},{"rt":39236,"url":"../static/nodeGraphs_scaffolding.html","edge":"2to5","edgeRT":"3802","skip":"false","flipped":"FALSE","index":"4","edgeClickLog":"[{\"edgeSelection\":\"2to5\",\"edgeRTMS\":3802}]","trial_id":"cong_9","congruency":"C","trial_group":"1to5","condition":"distractor","inference_edge":"2to5,3to5,1to5","inference_edgeClickLog":"[{\"edgeSelection\":\"2to5\",\"edgeRTMS\":6213},{\"edgeSelection\":\"3to5\",\"edgeRTMS\":19516},{\"edgeSelection\":\"1to5\",\"edgeRTMS\":32280}]","inference_edgeRT":"32280","inference_edge_last":"1to5","task":"experiment","subjectId":"2eo4sq6u1c5dafd","trial_type":"external-html","trial_index":12,"time_elapsed":691378,"internal_node_id":"0.0-9.0-0.4"},{"rt":26328,"url":"../static/nodeGraphs_scaffolding.html","edge":"3to6","edgeRT":"6748","skip":"false","flipped":"TRUE","index":"5","edgeClickLog":"[{\"edgeSelection\":\"3to6\",\"edgeRTMS\":6748}]","trial_id":"cong_0_flipped","congruency":"C","trial_group":"5to10","condition":"distractor","inference_edge":"3to6,5to9,5to8","inference_edgeClickLog":"[{\"edgeSelection\":\"3to6\",\"edgeRTMS\":4780},{\"edgeSelection\":\"5to9\",\"edgeRTMS\":12638},{\"edgeSelection\":\"5to8\",\"edgeRTMS\":13487}]","inference_edgeRT":"13487","inference_edge_last":"5to8","task":"experiment","subjectId":"2eo4sq6u1c5dafd","trial_type":"external-html","trial_index":13,"time_elapsed":718367,"internal_node_id":"0.0-9.0-0.5"},{"rt":48820,"url":"../static/nodeGraphs_scaffolding.html","edge":"2to4","edgeRT":"5602","skip":"false","flipped":"TRUE","index":"6","edgeClickLog":"[{\"edgeSelection\":\"2to4\",\"edgeRTMS\":5602}]","trial_id":"cong_1_flipped","congruency":"C","trial_group":"5to10","condition":"distractor","inference_edge":"2to4,2to6,0to1","inference_edgeClickLog":"[{\"edgeSelection\":\"2to4\",\"edgeRTMS\":6455},{\"edgeSelection\":\"2to6\",\"edgeRTMS\":8755},{\"edgeSelection\":\"0to1\",\"edgeRTMS\":39341}]","inference_edgeRT":"39341","inference_edge_last":"0to1","task":"experiment","subjectId":"2eo4sq6u1c5dafd","trial_type":"external-html","trial_index":14,"time_elapsed":767845,"internal_node_id":"0.0-9.0-0.6"},{"rt":32603,"url":"../static/nodeGraphs_scaffolding.html","edge":"2to5","edgeRT":"7319","skip":"false","flipped":"TRUE","index":"7","edgeClickLog":"[{\"edgeSelection\":\"2to5\",\"edgeRTMS\":7319}]","trial_id":"cong_6_flipped","congruency":"C","trial_group":"5to10","condition":"distractor","inference_edge":"2to5,6to9,0to3","inference_edgeClickLog":"[{\"edgeSelection\":\"2to5\",\"edgeRTMS\":3552},{\"edgeSelection\":\"6to9\",\"edgeRTMS\":5575},{\"edgeSelection\":\"0to3\",\"edgeRTMS\":11767}]","inference_edgeRT":"11767","inference_edge_last":"0to3","task":"experiment","subjectId":"2eo4sq6u1c5dafd","trial_type":"external-html","trial_index":15,"time_elapsed":801108,"internal_node_id":"0.0-9.0-0.7"},{"rt":30954,"url":"../static/nodeGraphs_scaffolding.html","edge":"2to6","edgeRT":"3805","skip":"false","flipped":"TRUE","index":"8","edgeClickLog":"[{\"edgeSelection\":\"2to6\",\"edgeRTMS\":3805}]","trial_id":"cong_4_flipped","congruency":"C","trial_group":"5to10","condition":"distractor","inference_edge":"2to6,5to8,2to4","inference_edgeClickLog":"[{\"edgeSelection\":\"2to6\",\"edgeRTMS\":7976},{\"edgeSelection\":\"5to8\",\"edgeRTMS\":9798},{\"edgeSelection\":\"2to4\",\"edgeRTMS\":24613}]","inference_edgeRT":"24613","inference_edge_last":"2to4","task":"experiment","subjectId":"2eo4sq6u1c5dafd","trial_type":"external-html","trial_index":16,"time_elapsed":832724,"internal_node_id":"0.0-9.0-0.8"},{"rt":54780,"url":"../static/nodeGraphs_scaffolding.html","edge":"2to5","edgeRT":"3312","skip":"false","flipped":"TRUE","index":"9","edgeClickLog":"[{\"edgeSelection\":\"2to5\",\"edgeRTMS\":3312}]","trial_id":"cong_9_flipped","congruency":"C","trial_group":"5to10","condition":"distractor","inference_edge":"2to5,0to1,4to8","inference_edgeClickLog":"[{\"edgeSelection\":\"2to5\",\"edgeRTMS\":5130},{\"edgeSelection\":\"0to1\",\"edgeRTMS\":25684},{\"edgeSelection\":\"4to8\",\"edgeRTMS\":49078}]","inference_edgeRT":"49078","inference_edge_last":"4to8","task":"experiment","subjectId":"2eo4sq6u1c5dafd","trial_type":"external-html","trial_index":17,"time_elapsed":888160,"internal_node_id":"0.0-9.0-0.9"},{"rt":24474,"url":"../static/nodeGraphs_scaffolding.html","edge":"1to4","edgeRT":"4013","skip":"false","flipped":"FALSE","index":"10","edgeClickLog":"[{\"edgeSelection\":\"1to4\",\"edgeRTMS\":4013}]","trial_id":"cong_0","congruency":"C","trial_group":"10to15","condition":"distractor","inference_edge":"1to4,5to7,5to8","inference_edgeClickLog":"[{\"edgeSelection\":\"1to4\",\"edgeRTMS\":5369},{\"edgeSelection\":\"5to7\",\"edgeRTMS\":9325},{\"edgeSelection\":\"5to8\",\"edgeRTMS\":9753}]","inference_edgeRT":"9753","inference_edge_last":"5to8","task":"experiment","subjectId":"2eo4sq6u1c5dafd","trial_type":"external-html","trial_index":18,"time_elapsed":913296,"internal_node_id":"0.0-9.0-0.10"},{"rt":47005,"url":"../static/nodeGraphs_scaffolding.html","edge":"2to6","edgeRT":"1924","skip":"false","flipped":"FALSE","index":"11","edgeClickLog":"[{\"edgeSelection\":\"2to6\",\"edgeRTMS\":1924}]","trial_id":"cong_1","congruency":"C","trial_group":"10to15","condition":"distractor","inference_edge":"2to6,2to4,3to6","inference_edgeClickLog":"[{\"edgeSelection\":\"2to6\",\"edgeRTMS\":7206},{\"edgeSelection\":\"2to4\",\"edgeRTMS\":11905},{\"edgeSelection\":\"0to3\",\"edgeRTMS\":33344},{\"edgeSelection\":\"0to3\",\"edgeRTMS\":39412},{\"edgeSelection\":\"3to6\",\"edgeRTMS\":41721}]","inference_edgeRT":"41721","inference_edge_last":"3to6","task":"experiment","subjectId":"2eo4sq6u1c5dafd","trial_type":"external-html","trial_index":19,"time_elapsed":960960,"internal_node_id":"0.0-9.0-0.11"},{"rt":34386,"url":"../static/nodeGraphs_scaffolding.html","edge":"2to5","edgeRT":"2035","skip":"false","flipped":"FALSE","index":"12","edgeClickLog":"[{\"edgeSelection\":\"2to5\",\"edgeRTMS\":2035}]","trial_id":"cong_6","congruency":"C","trial_group":"10to15","condition":"distractor","inference_edge":"2to5,4to7,1to5","inference_edgeClickLog":"[{\"edgeSelection\":\"2to5\",\"edgeRTMS\":13008},{\"edgeSelection\":\"4to7\",\"edgeRTMS\":14711},{\"edgeSelection\":\"1to5\",\"edgeRTMS\":30558}]","inference_edgeRT":"30558","inference_edge_last":"1to5","task":"experiment","subjectId":"2eo4sq6u1c5dafd","trial_type":"external-html","trial_index":20,"time_elapsed":996004,"internal_node_id":"0.0-9.0-0.12"},{"rt":44878,"url":"../static/nodeGraphs_scaffolding.html","edge":"2to4","edgeRT":"1546","skip":"false","flipped":"FALSE","index":"13","edgeClickLog":"[{\"edgeSelection\":\"2to4\",\"edgeRTMS\":1546}]","trial_id":"cong_4","congruency":"C","trial_group":"10to15","condition":"distractor","inference_edge":"2to4,5to8,1to4","inference_edgeClickLog":"[{\"edgeSelection\":\"2to4\",\"edgeRTMS\":4653},{\"edgeSelection\":\"5to8\",\"edgeRTMS\":6975},{\"edgeSelection\":\"1to4\",\"edgeRTMS\":41208}]","inference_edgeRT":"41208","inference_edge_last":"1to4","task":"experiment","subjectId":"2eo4sq6u1c5dafd","trial_type":"external-html","trial_index":21,"time_elapsed":1041542,"internal_node_id":"0.0-9.0-0.13"},{"rt":56008,"url":"../static/nodeGraphs_scaffolding.html","edge":"2to5","edgeRT":"1339","skip":"false","flipped":"FALSE","index":"14","edgeClickLog":"[{\"edgeSelection\":\"2to5\",\"edgeRTMS\":1339}]","trial_id":"cong_9","congruency":"C","trial_group":"10to15","condition":"distractor","inference_edge":"2to5,3to5,0to3","inference_edgeClickLog":"[{\"edgeSelection\":\"2to5\",\"edgeRTMS\":4499},{\"edgeSelection\":\"3to5\",\"edgeRTMS\":42925},{\"edgeSelection\":\"0to3\",\"edgeRTMS\":53708}]","inference_edgeRT":"53708","inference_edge_last":"0to3","task":"experiment","subjectId":"2eo4sq6u1c5dafd","trial_type":"external-html","trial_index":22,"time_elapsed":1098209,"internal_node_id":"0.0-9.0-0.14"},{"rt":43113,"url":"../static/nodeGraphs_scaffolding.html","edge":"5to8","edgeRT":"31446","skip":"false","flipped":"FALSE","index":"15","edgeClickLog":"[{\"edgeSelection\":\"5to8\",\"edgeRTMS\":31446}]","trial_id":"test_0","congruency":"I","trial_group":"15to20","condition":"distractor","inference_edge":"2to5,3to5,0to3","inference_edgeClickLog":"[{\"edgeSelection\":\"2to5\",\"edgeRTMS\":4499},{\"edgeSelection\":\"3to5\",\"edgeRTMS\":42925},{\"edgeSelection\":\"0to3\",\"edgeRTMS\":53708}]","inference_edgeRT":"53708","inference_edge_last":"","task":"experiment","subjectId":"2eo4sq6u1c5dafd","trial_type":"external-html","trial_index":23,"time_elapsed":1141983,"internal_node_id":"0.0-9.0-0.15"},{"rt":22343,"url":"../static/nodeGraphs_scaffolding.html","edge":"0to3","edgeRT":"20971","skip":"false","flipped":"FALSE","index":"16","edgeClickLog":"[{\"edgeSelection\":\"0to3\",\"edgeRTMS\":20971}]","trial_id":"test_1","congruency":"I","trial_group":"15to20","condition":"distractor","inference_edge":"2to5,3to5,0to3","inference_edgeClickLog":"[{\"edgeSelection\":\"2to5\",\"edgeRTMS\":4499},{\"edgeSelection\":\"3to5\",\"edgeRTMS\":42925},{\"edgeSelection\":\"0to3\",\"edgeRTMS\":53708}]","inference_edgeRT":"53708","inference_edge_last":"","task":"experiment","subjectId":"2eo4sq6u1c5dafd","trial_type":"external-html","trial_index":24,"time_elapsed":1164987,"internal_node_id":"0.0-9.0-0.16"},{"rt":21109,"url":"../static/nodeGraphs_scaffolding.html","edge":"6to8","edgeRT":"16865","skip":"false","flipped":"FALSE","index":"17","edgeClickLog":"[{\"edgeSelection\":\"6to8\",\"edgeRTMS\":16865}]","trial_id":"test_2","congruency":"I","trial_group":"15to20","condition":"distractor","inference_edge":"2to5,3to5,0to3","inference_edgeClickLog":"[{\"edgeSelection\":\"2to5\",\"edgeRTMS\":4499},{\"edgeSelection\":\"3to5\",\"edgeRTMS\":42925},{\"edgeSelection\":\"0to3\",\"edgeRTMS\":53708}]","inference_edgeRT":"53708","inference_edge_last":"","task":"experiment","subjectId":"2eo4sq6u1c5dafd","trial_type":"external-html","trial_index":25,"time_elapsed":1186754,"internal_node_id":"0.0-9.0-0.17"},{"rt":24590,"url":"../static/nodeGraphs_scaffolding.html","edge":"5to9","edgeRT":"19935","skip":"false","flipped":"FALSE","index":"18","edgeClickLog":"[{\"edgeSelection\":\"5to9\",\"edgeRTMS\":19935}]","trial_id":"test_3","congruency":"I","trial_group":"15to20","condition":"distractor","inference_edge":"2to5,3to5,0to3","inference_edgeClickLog":"[{\"edgeSelection\":\"2to5\",\"edgeRTMS\":4499},{\"edgeSelection\":\"3to5\",\"edgeRTMS\":42925},{\"edgeSelection\":\"0to3\",\"edgeRTMS\":53708}]","inference_edgeRT":"53708","inference_edge_last":"","task":"experiment","subjectId":"2eo4sq6u1c5dafd","trial_type":"external-html","trial_index":26,"time_elapsed":1212004,"internal_node_id":"0.0-9.0-0.18"},{"rt":21743,"url":"../static/nodeGraphs_scaffolding.html","edge":"1to5","edgeRT":"12043","skip":"false","flipped":"FALSE","index":"19","edgeClickLog":"[{\"edgeSelection\":\"1to5\",\"edgeRTMS\":12043}]","trial_id":"test_4","congruency":"I","trial_group":"15to20","condition":"distractor","inference_edge":"2to5,3to5,0to3","inference_edgeClickLog":"[{\"edgeSelection\":\"2to5\",\"edgeRTMS\":4499},{\"edgeSelection\":\"3to5\",\"edgeRTMS\":42925},{\"edgeSelection\":\"0to3\",\"edgeRTMS\":53708}]","inference_edgeRT":"53708","inference_edge_last":"","task":"experiment","subjectId":"2eo4sq6u1c5dafd","trial_type":"external-html","trial_index":27,"time_elapsed":1234405,"internal_node_id":"0.0-9.0-0.19"},{"rt":266331,"response":{"P0_Q0":null,"P0_Q1":6,"P0_Q2":7,"P0_Q3":5,"P0_Q4":6,"P0_Q5":1,"strategies":"I tried to choose the path that guaranteed an increase the amount of points the learner would get. There could be other paths that may have given more potential points but I couldn't be completely sure the learner would have been able to see the whole path even if I made one more plank visible.","feedback":"I'm not sure if I did too great but I enjoyed this test."},"accuracy":[],"trial_type":"survey","trial_index":28,"time_elapsed":1501273,"internal_node_id":"0.0-10.0"},{"rt":2939,"stimulus":"<p>Thanks for your time!</p>        <p>We need to manually calculate your bonus pay, please give us up to 7 days.</p><p>Press any key to conclude.</p>","response":"g","task":"end","subjectId":"2eo4sq6u1c5dafd","trial_type":"html-keyboard-response","trial_index":29,"time_elapsed":1504213,"internal_node_id":"0.0-11.0","interactions":"[{\"event\":\"fullscreenenter\",\"trial\":1,\"time\":3051}]"}]