[{"success":true,"timeout":false,"failed_images":[],"failed_audio":[],"failed_video":[],"trial_type":"preload","trial_index":0,"time_elapsed":554,"internal_node_id":"0.0-0.0"},{"success":true,"trial_type":"fullscreen","trial_index":1,"time_elapsed":4942,"internal_node_id":"0.0-1.0"},{"rt":2601,"stimulus":"Welcome to the experiment. Press any key to begin.","response":" ","trial_type":"html-keyboard-response","trial_index":2,"time_elapsed":7545,"internal_node_id":"0.0-2.0"},{"view_history":[{"page_index":0,"viewing_time":6575},{"page_index":1,"viewing_time":3392},{"page_index":2,"viewing_time":36128},{"page_index":3,"viewing_time":9360},{"page_index":4,"viewing_time":1376},{"page_index":5,"viewing_time":1144},{"page_index":6,"viewing_time":26},{"page_index":7,"viewing_time":8942},{"page_index":8,"viewing_time":14168},{"page_index":9,"viewing_time":9296},{"page_index":10,"viewing_time":1496},{"page_index":11,"viewing_time":736},{"page_index":12,"viewing_time":512},{"page_index":13,"viewing_time":1160},{"page_index":14,"viewing_time":1944},{"page_index":15,"viewing_time":3856},{"page_index":16,"viewing_time":1128},{"page_index":17,"viewing_time":616},{"page_index":18,"viewing_time":1192},{"page_index":19,"viewing_time":3880},{"page_index":20,"viewing_time":7328},{"page_index":21,"viewing_time":3816}],"rt":118071,"trial_type":"instructions","trial_index":3,"time_elapsed":125617,"internal_node_id":"0.0-3.0"},{"rt":159762,"url":"../static/nodeGraphsTraining_distractor.html","skip":[],"edgeClickLog":[],"inference_edge":[],"inference_edgeClickLog":[],"trial_type":"external-html","trial_index":4,"time_elapsed":285546,"internal_node_id":"0.0-4.0"},{"rt":25004,"response":{"q1":"The goal is to help the student to get the most points.","q2":"False","q3":"Possible edges you, as the teacher, can choose to teach the learner.","q4":"Edges that the student took before."},"question_order":[0,1,2,3],"trial_type":"survey-multi-choice","trial_index":5,"time_elapsed":310553,"internal_node_id":"0.0-5.0"},{"rt":null,"stimulus":"<p>You can take a 60 second break before starting the experiment.</p><br><br><p>This page will advance in 60 seconds or you can press any key to advance now.</p>","response":null,"trial_type":"html-keyboard-response","trial_index":6,"time_elapsed":370556,"internal_node_id":"0.0-7.0"},{"view_history":[{"page_index":0,"viewing_time":20611}],"rt":20612,"trial_type":"instructions","trial_index":7,"time_elapsed":391168,"internal_node_id":"0.0-8.0"},{"rt":53013,"url":"../static/nodeGraphs_distractor.html","edge":"0to1","edgeRT":"22899","skip":"false","flipped":"FALSE","index":"0","edgeClickLog":"[{\"edgeSelection\":\"0to1\",\"edgeRTMS\":13809},{\"edgeSelection\":\"1to4\",\"edgeRTMS\":14491},{\"edgeSelection\":\"4to8\",\"edgeRTMS\":20179},{\"edgeSelection\":\"1to4\",\"edgeRTMS\":22067},{\"edgeSelection\":\"0to1\",\"edgeRTMS\":22899}]","trial_id":"incong_0","congruency":"I","trial_group":"1to5","condition":"distractor","inference_edge":"0to1,1to4,4to8","inference_edgeClickLog":"[{\"edgeSelection\":\"0to1\",\"edgeRTMS\":15482},{\"edgeSelection\":\"1to4\",\"edgeRTMS\":16553},{\"edgeSelection\":\"4to8\",\"edgeRTMS\":20281},{\"edgeSelection\":\"4to8\",\"edgeRTMS\":20297},{\"edgeSelection\":\"4to8\",\"edgeRTMS\":21906}]","inference_edgeRT":"21906","inference_edge_last":"4to8","task":"experiment","subjectId":"f9dlr7dqzh85y4v","trial_type":"external-html","trial_index":8,"time_elapsed":444362,"internal_node_id":"0.0-9.0-0.0"},{"rt":34225,"url":"../static/nodeGraphs_distractor.html","edge":"3to6","edgeRT":"16537","skip":"false","flipped":"FALSE","index":"1","edgeClickLog":"[{\"edgeSelection\":\"3to6\",\"edgeRTMS\":16537}]","trial_id":"incong_5","congruency":"I","trial_group":"1to5","condition":"distractor","inference_edge":"5to8,0to2,2to4","inference_edgeClickLog":"[{\"edgeSelection\":\"5to8\",\"edgeRTMS\":8760},{\"edgeSelection\":\"0to2\",\"edgeRTMS\":15263},{\"edgeSelection\":\"2to4\",\"edgeRTMS\":16295}]","inference_edgeRT":"16295","inference_edge_last":"2to4","task":"experiment","subjectId":"f9dlr7dqzh85y4v","trial_type":"external-html","trial_index":9,"time_elapsed":479257,"internal_node_id":"0.0-9.0-0.1"},{"rt":21625,"url":"../static/nodeGraphs_distractor.html","edge":"0to2","edgeRT":"10721","skip":"false","flipped":"FALSE","index":"2","edgeClickLog":"[{\"edgeSelection\":\"0to2\",\"edgeRTMS\":10721}]","trial_id":"incong_3","congruency":"I","trial_group":"1to5","condition":"distractor","inference_edge":"0to2,2to6,5to7","inference_edgeClickLog":"[{\"edgeSelection\":\"0to2\",\"edgeRTMS\":5288},{\"edgeSelection\":\"2to6\",\"edgeRTMS\":6039},{\"edgeSelection\":\"5to7\",\"edgeRTMS\":10111}]","inference_edgeRT":"10111","inference_edge_last":"5to7","task":"experiment","subjectId":"f9dlr7dqzh85y4v","trial_type":"external-html","trial_index":10,"time_elapsed":501553,"internal_node_id":"0.0-9.0-0.2"},{"rt":19722,"url":"../static/nodeGraphs_distractor.html","edge":"3to6","edgeRT":"6585","skip":"false","flipped":"FALSE","index":"3","edgeClickLog":"[{\"edgeSelection\":\"3to6\",\"edgeRTMS\":6585}]","trial_id":"incong_10","congruency":"I","trial_group":"1to5","condition":"distractor","inference_edge":"0to2,2to4,4to8","inference_edgeClickLog":"[{\"edgeSelection\":\"0to2\",\"edgeRTMS\":9104},{\"edgeSelection\":\"2to4\",\"edgeRTMS\":11272},{\"edgeSelection\":\"4to8\",\"edgeRTMS\":12199}]","inference_edgeRT":"12199","inference_edge_last":"4to8","task":"experiment","subjectId":"f9dlr7dqzh85y4v","trial_type":"external-html","trial_index":11,"time_elapsed":521945,"internal_node_id":"0.0-9.0-0.3"},{"rt":28732,"url":"../static/nodeGraphs_distractor.html","edge":"0to1","edgeRT":"11569","skip":"false","flipped":"FALSE","index":"4","edgeClickLog":"[{\"edgeSelection\":\"0to1\",\"edgeRTMS\":11569}]","trial_id":"incong_2","congruency":"I","trial_group":"1to5","condition":"distractor","inference_edge":"0to1,1to4,4to8","inference_edgeClickLog":"[{\"edgeSelection\":\"0to1\",\"edgeRTMS\":8943},{\"edgeSelection\":\"1to4\",\"edgeRTMS\":10734},{\"edgeSelection\":\"5to7\",\"edgeRTMS\":11630},{\"edgeSelection\":\"5to7\",\"edgeRTMS\":12870},{\"edgeSelection\":\"4to8\",\"edgeRTMS\":14286}]","inference_edgeRT":"14286","inference_edge_last":"4to8","task":"experiment","subjectId":"f9dlr7dqzh85y4v","trial_type":"external-html","trial_index":12,"time_elapsed":551345,"internal_node_id":"0.0-9.0-0.4"},{"rt":25265,"url":"../static/nodeGraphs_distractor.html","edge":"0to3","edgeRT":"8890","skip":"false","flipped":"TRUE","index":"5","edgeClickLog":"[{\"edgeSelection\":\"0to3\",\"edgeRTMS\":8890}]","trial_id":"incong_0_flipped","congruency":"I","trial_group":"5to10","condition":"distractor","inference_edge":"0to3,3to6,6to8","inference_edgeClickLog":"[{\"edgeSelection\":\"0to3\",\"edgeRTMS\":9758},{\"edgeSelection\":\"3to6\",\"edgeRTMS\":10670},{\"edgeSelection\":\"6to8\",\"edgeRTMS\":14407}]","inference_edgeRT":"14407","inference_edge_last":"6to8","task":"experiment","subjectId":"f9dlr7dqzh85y4v","trial_type":"external-html","trial_index":13,"time_elapsed":577280,"internal_node_id":"0.0-9.0-0.5"},{"rt":22675,"url":"../static/nodeGraphs_distractor.html","edge":"3to6","edgeRT":"4546","skip":"false","flipped":"TRUE","index":"6","edgeClickLog":"[{\"edgeSelection\":\"3to6\",\"edgeRTMS\":4546}]","trial_id":"incong_5_flipped","congruency":"I","trial_group":"5to10","condition":"distractor","inference_edge":"0to3,3to6,6to9","inference_edgeClickLog":"[{\"edgeSelection\":\"0to3\",\"edgeRTMS\":4968},{\"edgeSelection\":\"3to6\",\"edgeRTMS\":5975},{\"edgeSelection\":\"6to9\",\"edgeRTMS\":11751}]","inference_edgeRT":"11751","inference_edge_last":"6to9","task":"experiment","subjectId":"f9dlr7dqzh85y4v","trial_type":"external-html","trial_index":14,"time_elapsed":600624,"internal_node_id":"0.0-9.0-0.6"},{"rt":19681,"url":"../static/nodeGraphs_distractor.html","edge":"0to2","edgeRT":"4820","skip":"false","flipped":"TRUE","index":"7","edgeClickLog":"[{\"edgeSelection\":\"0to2\",\"edgeRTMS\":2250},{\"edgeSelection\":\"2to4\",\"edgeRTMS\":3428},{\"edgeSelection\":\"0to2\",\"edgeRTMS\":4820}]","trial_id":"incong_3_flipped","congruency":"I","trial_group":"5to10","condition":"distractor","inference_edge":"0to2,2to4,4to8","inference_edgeClickLog":"[{\"edgeSelection\":\"0to2\",\"edgeRTMS\":3631},{\"edgeSelection\":\"2to4\",\"edgeRTMS\":4992},{\"edgeSelection\":\"4to8\",\"edgeRTMS\":8712}]","inference_edgeRT":"8712","inference_edge_last":"4to8","task":"experiment","subjectId":"f9dlr7dqzh85y4v","trial_type":"external-html","trial_index":15,"time_elapsed":620976,"internal_node_id":"0.0-9.0-0.7"},{"rt":17305,"url":"../static/nodeGraphs_distractor.html","edge":"0to2","edgeRT":"1578","skip":"false","flipped":"TRUE","index":"8","edgeClickLog":"[{\"edgeSelection\":\"0to2\",\"edgeRTMS\":1578}]","trial_id":"incong_10_flipped","congruency":"I","trial_group":"5to10","condition":"distractor","inference_edge":"0to2,2to6,6to9","inference_edgeClickLog":"[{\"edgeSelection\":\"0to2\",\"edgeRTMS\":3807},{\"edgeSelection\":\"2to6\",\"edgeRTMS\":4630},{\"edgeSelection\":\"6to9\",\"edgeRTMS\":6855}]","inference_edgeRT":"6855","inference_edge_last":"6to9","task":"experiment","subjectId":"f9dlr7dqzh85y4v","trial_type":"external-html","trial_index":16,"time_elapsed":638952,"internal_node_id":"0.0-9.0-0.8"},{"rt":21763,"url":"../static/nodeGraphs_distractor.html","edge":"0to3","edgeRT":"9810","skip":"false","flipped":"TRUE","index":"9","edgeClickLog":"[{\"edgeSelection\":\"0to3\",\"edgeRTMS\":9810}]","trial_id":"incong_2_flipped","congruency":"I","trial_group":"5to10","condition":"distractor","inference_edge":"0to3,3to6,6to8","inference_edgeClickLog":"[{\"edgeSelection\":\"0to3\",\"edgeRTMS\":4008},{\"edgeSelection\":\"3to6\",\"edgeRTMS\":4952},{\"edgeSelection\":\"6to8\",\"edgeRTMS\":6329}]","inference_edgeRT":"6329","inference_edge_last":"6to8","task":"experiment","subjectId":"f9dlr7dqzh85y4v","trial_type":"external-html","trial_index":17,"time_elapsed":661384,"internal_node_id":"0.0-9.0-0.9"},{"rt":31111,"url":"../static/nodeGraphs_distractor.html","edge":"0to1","edgeRT":"3177","skip":"false","flipped":"FALSE","index":"10","edgeClickLog":"[{\"edgeSelection\":\"0to1\",\"edgeRTMS\":3177}]","trial_id":"incong_0","congruency":"I","trial_group":"10to15","condition":"distractor","inference_edge":"4to7,1to4,0to1","inference_edgeClickLog":"[{\"edgeSelection\":\"0to1\",\"edgeRTMS\":8631},{\"edgeSelection\":\"1to4\",\"edgeRTMS\":9735},{\"edgeSelection\":\"5to7\",\"edgeRTMS\":14423},{\"edgeSelection\":\"4to8\",\"edgeRTMS\":15732},{\"edgeSelection\":\"0to1\",\"edgeRTMS\":17134},{\"edgeSelection\":\"5to7\",\"edgeRTMS\":18079},{\"edgeSelection\":\"4to7\",\"edgeRTMS\":18974},{\"edgeSelection\":\"1to4\",\"edgeRTMS\":20135},{\"edgeSelection\":\"4to8\",\"edgeRTMS\":21718},{\"edgeSelection\":\"4to8\",\"edgeRTMS\":24687},{\"edgeSelection\":\"0to1\",\"edgeRTMS\":25622}]","inference_edgeRT":"25622","inference_edge_last":"0to1","task":"experiment","subjectId":"f9dlr7dqzh85y4v","trial_type":"external-html","trial_index":18,"time_elapsed":693168,"internal_node_id":"0.0-9.0-0.10"},{"rt":26881,"url":"../static/nodeGraphs_distractor.html","edge":"0to2","edgeRT":"6377","skip":"false","flipped":"FALSE","index":"11","edgeClickLog":"[{\"edgeSelection\":\"0to2\",\"edgeRTMS\":5720},{\"edgeSelection\":\"0to2\",\"edgeRTMS\":6377}]","trial_id":"incong_5","congruency":"I","trial_group":"10to15","condition":"distractor","inference_edge":"0to2,2to4,4to8","inference_edgeClickLog":"[{\"edgeSelection\":\"0to2\",\"edgeRTMS\":6807},{\"edgeSelection\":\"2to4\",\"edgeRTMS\":8582},{\"edgeSelection\":\"4to8\",\"edgeRTMS\":15799}]","inference_edgeRT":"15799","inference_edge_last":"4to8","task":"experiment","subjectId":"f9dlr7dqzh85y4v","trial_type":"external-html","trial_index":19,"time_elapsed":720720,"internal_node_id":"0.0-9.0-0.11"},{"rt":16269,"url":"../static/nodeGraphs_distractor.html","edge":"0to2","edgeRT":"1594","skip":"false","flipped":"FALSE","index":"12","edgeClickLog":"[{\"edgeSelection\":\"0to2\",\"edgeRTMS\":1594}]","trial_id":"incong_3","congruency":"I","trial_group":"10to15","condition":"distractor","inference_edge":"0to2,2to6,6to8","inference_edgeClickLog":"[{\"edgeSelection\":\"0to2\",\"edgeRTMS\":2685},{\"edgeSelection\":\"3to5\",\"edgeRTMS\":6151},{\"edgeSelection\":\"3to5\",\"edgeRTMS\":8062},{\"edgeSelection\":\"2to6\",\"edgeRTMS\":8998},{\"edgeSelection\":\"6to8\",\"edgeRTMS\":10678}]","inference_edgeRT":"10678","inference_edge_last":"6to8","task":"experiment","subjectId":"f9dlr7dqzh85y4v","trial_type":"external-html","trial_index":20,"time_elapsed":737656,"internal_node_id":"0.0-9.0-0.12"},{"rt":15156,"url":"../static/nodeGraphs_distractor.html","edge":"0to2","edgeRT":"3953","skip":"false","flipped":"FALSE","index":"13","edgeClickLog":"[{\"edgeSelection\":\"0to2\",\"edgeRTMS\":3953}]","trial_id":"incong_10","congruency":"I","trial_group":"10to15","condition":"distractor","inference_edge":"0to2,2to4,4to8","inference_edgeClickLog":"[{\"edgeSelection\":\"0to2\",\"edgeRTMS\":2928},{\"edgeSelection\":\"2to4\",\"edgeRTMS\":4367},{\"edgeSelection\":\"4to8\",\"edgeRTMS\":5415}]","inference_edgeRT":"5415","inference_edge_last":"4to8","task":"experiment","subjectId":"f9dlr7dqzh85y4v","trial_type":"external-html","trial_index":21,"time_elapsed":753488,"internal_node_id":"0.0-9.0-0.13"},{"rt":15315,"url":"../static/nodeGraphs_distractor.html","edge":"0to1","edgeRT":"4378","skip":"false","flipped":"FALSE","index":"14","edgeClickLog":"[{\"edgeSelection\":\"0to1\",\"edgeRTMS\":4378}]","trial_id":"incong_2","congruency":"I","trial_group":"10to15","condition":"distractor","inference_edge":"0to2,2to4,4to8","inference_edgeClickLog":"[{\"edgeSelection\":\"0to2\",\"edgeRTMS\":4447},{\"edgeSelection\":\"2to4\",\"edgeRTMS\":5383},{\"edgeSelection\":\"4to8\",\"edgeRTMS\":6503}]","inference_edgeRT":"6503","inference_edge_last":"4to8","task":"experiment","subjectId":"f9dlr7dqzh85y4v","trial_type":"external-html","trial_index":22,"time_elapsed":769472,"internal_node_id":"0.0-9.0-0.14"},{"rt":23066,"url":"../static/nodeGraphs_distractor.html","edge":"0to1","edgeRT":"11586","skip":"false","flipped":"FALSE","index":"15","edgeClickLog":"[{\"edgeSelection\":\"0to1\",\"edgeRTMS\":11586}]","trial_id":"test_0","congruency":"I","trial_group":"15to20","condition":"distractor","inference_edge":"0to2,2to4,4to8","inference_edgeClickLog":"[{\"edgeSelection\":\"0to2\",\"edgeRTMS\":4447},{\"edgeSelection\":\"2to4\",\"edgeRTMS\":5383},{\"edgeSelection\":\"4to8\",\"edgeRTMS\":6503}]","inference_edgeRT":"6503","inference_edge_last":"","task":"experiment","subjectId":"f9dlr7dqzh85y4v","trial_type":"external-html","trial_index":23,"time_elapsed":793208,"internal_node_id":"0.0-9.0-0.15"},{"rt":5675,"url":"../static/nodeGraphs_distractor.html","edge":"0to3","edgeRT":"3169","skip":"false","flipped":"FALSE","index":"16","edgeClickLog":"[{\"edgeSelection\":\"0to3\",\"edgeRTMS\":3169}]","trial_id":"test_1","congruency":"I","trial_group":"15to20","condition":"distractor","inference_edge":"0to2,2to4,4to8","inference_edgeClickLog":"[{\"edgeSelection\":\"0to2\",\"edgeRTMS\":4447},{\"edgeSelection\":\"2to4\",\"edgeRTMS\":5383},{\"edgeSelection\":\"4to8\",\"edgeRTMS\":6503}]","inference_edgeRT":"6503","inference_edge_last":"","task":"experiment","subjectId":"f9dlr7dqzh85y4v","trial_type":"external-html","trial_index":24,"time_elapsed":799560,"internal_node_id":"0.0-9.0-0.16"},{"rt":2954,"url":"../static/nodeGraphs_distractor.html","edge":"0to3","edgeRT":"2594","skip":"false","flipped":"FALSE","index":"17","edgeClickLog":"[{\"edgeSelection\":\"0to3\",\"edgeRTMS\":2594}]","trial_id":"test_2","congruency":"I","trial_group":"15to20","condition":"distractor","inference_edge":"0to2,2to4,4to8","inference_edgeClickLog":"[{\"edgeSelection\":\"0to2\",\"edgeRTMS\":4447},{\"edgeSelection\":\"2to4\",\"edgeRTMS\":5383},{\"edgeSelection\":\"4to8\",\"edgeRTMS\":6503}]","inference_edgeRT":"6503","inference_edge_last":"","task":"experiment","subjectId":"f9dlr7dqzh85y4v","trial_type":"external-html","trial_index":25,"time_elapsed":803185,"internal_node_id":"0.0-9.0-0.17"},{"rt":7643,"url":"../static/nodeGraphs_distractor.html","edge":"0to1","edgeRT":"7433","skip":"false","flipped":"FALSE","index":"18","edgeClickLog":"[{\"edgeSelection\":\"0to1\",\"edgeRTMS\":7433}]","trial_id":"test_3","congruency":"I","trial_group":"15to20","condition":"distractor","inference_edge":"0to2,2to4,4to8","inference_edgeClickLog":"[{\"edgeSelection\":\"0to2\",\"edgeRTMS\":4447},{\"edgeSelection\":\"2to4\",\"edgeRTMS\":5383},{\"edgeSelection\":\"4to8\",\"edgeRTMS\":6503}]","inference_edgeRT":"6503","inference_edge_last":"","task":"experiment","subjectId":"f9dlr7dqzh85y4v","trial_type":"external-html","trial_index":26,"time_elapsed":811496,"internal_node_id":"0.0-9.0-0.18"},{"rt":19598,"url":"../static/nodeGraphs_distractor.html","edge":"6to9","edgeRT":"16193","skip":"false","flipped":"FALSE","index":"19","edgeClickLog":"[{\"edgeSelection\":\"6to9\",\"edgeRTMS\":14880},{\"edgeSelection\":\"6to9\",\"edgeRTMS\":16193}]","trial_id":"test_4","congruency":"I","trial_group":"15to20","condition":"distractor","inference_edge":"0to2,2to4,4to8","inference_edgeClickLog":"[{\"edgeSelection\":\"0to2\",\"edgeRTMS\":4447},{\"edgeSelection\":\"2to4\",\"edgeRTMS\":5383},{\"edgeSelection\":\"4to8\",\"edgeRTMS\":6503}]","inference_edgeRT":"6503","inference_edge_last":"","task":"experiment","subjectId":"f9dlr7dqzh85y4v","trial_type":"external-html","trial_index":27,"time_elapsed":831768,"internal_node_id":"0.0-9.0-0.19"},{"rt":78765,"response":{"P0_Q0":null,"P0_Q1":5,"P0_Q2":3,"P0_Q3":2,"P0_Q4":3,"P0_Q5":6,"strategies":"For the three bar approach, I simply added up the numbers to see what was highest","feedback":"I found this confusing, at least when it came to the one bar approach"},"accuracy":[],"trial_type":"survey","trial_index":28,"time_elapsed":911103,"internal_node_id":"0.0-10.0"},{"rt":2375,"stimulus":"<p>Thanks for your time!</p>        <p>We need to manually calculate your bonus pay, please give us up to 7 days.</p><p>Press any key to conclude.</p>","response":" ","task":"end","subjectId":"f9dlr7dqzh85y4v","trial_type":"html-keyboard-response","trial_index":29,"time_elapsed":913480,"internal_node_id":"0.0-11.0","interactions":"[{\"event\":\"fullscreenenter\",\"trial\":1,\"time\":3949},{\"event\":\"blur\",\"trial\":4,\"time\":137100},{\"event\":\"focus\",\"trial\":4,\"time\":137100},{\"event\":\"fullscreenexit\",\"trial\":4,\"time\":137106},{\"event\":\"blur\",\"trial\":7,\"time\":389092},{\"event\":\"focus\",\"trial\":7,\"time\":390293}]"}]