[{"success":true,"timeout":false,"failed_images":[],"failed_audio":[],"failed_video":[],"trial_type":"preload","trial_index":0,"time_elapsed":95,"internal_node_id":"0.0-0.0"},{"success":true,"trial_type":"fullscreen","trial_index":1,"time_elapsed":2359,"internal_node_id":"0.0-1.0"},{"rt":1646,"stimulus":"Welcome to the experiment. Press any key to begin.","response":" ","trial_type":"html-keyboard-response","trial_index":2,"time_elapsed":4008,"internal_node_id":"0.0-2.0"},{"view_history":[{"page_index":0,"viewing_time":2213},{"page_index":1,"viewing_time":2021},{"page_index":2,"viewing_time":24389},{"page_index":3,"viewing_time":3015},{"page_index":4,"viewing_time":1448},{"page_index":5,"viewing_time":605},{"page_index":6,"viewing_time":3409},{"page_index":7,"viewing_time":14031},{"page_index":8,"viewing_time":13082},{"page_index":9,"viewing_time":5427},{"page_index":10,"viewing_time":2082},{"page_index":11,"viewing_time":1180},{"page_index":12,"viewing_time":809},{"page_index":13,"viewing_time":11605},{"page_index":14,"viewing_time":3306},{"page_index":15,"viewing_time":3042},{"page_index":16,"viewing_time":1258},{"page_index":17,"viewing_time":589},{"page_index":18,"viewing_time":621},{"page_index":19,"viewing_time":5770},{"page_index":20,"viewing_time":2367},{"page_index":21,"viewing_time":5152}],"rt":107421,"trial_type":"instructions","trial_index":3,"time_elapsed":111430,"internal_node_id":"0.0-3.0"},{"rt":147785,"url":"../static/nodeGraphsTraining_scaffolding.html","skip":[],"edgeClickLog":[],"inference_edge":[],"inference_edgeClickLog":[],"trial_type":"external-html","trial_index":4,"time_elapsed":259257,"internal_node_id":"0.0-4.0"},{"rt":57245,"response":{"q1":"The goal is to help the student to get the most points.","q2":"False","q3":"Possible edges you, as the teacher, can choose to teach the learner.","q4":"Edges that the student took before."},"question_order":[0,1,2,3],"trial_type":"survey-multi-choice","trial_index":5,"time_elapsed":316503,"internal_node_id":"0.0-5.0"},{"rt":3637,"stimulus":"<p>You can take a 60 second break before starting the experiment.</p><br><br><p>This page will advance in 60 seconds or you can press any key to advance now.</p>","response":" ","trial_type":"html-keyboard-response","trial_index":6,"time_elapsed":320141,"internal_node_id":"0.0-7.0"},{"view_history":[{"page_index":0,"viewing_time":9982}],"rt":9982,"trial_type":"instructions","trial_index":7,"time_elapsed":330125,"internal_node_id":"0.0-8.0"},{"rt":42620,"url":"../static/nodeGraphs_scaffolding.html","edge":"6to8","edgeRT":"24519","skip":"false","flipped":"FALSE","index":"0","edgeClickLog":"[{\"edgeSelection\":\"2to6\",\"edgeRTMS\":10664},{\"edgeSelection\":\"2to4\",\"edgeRTMS\":11524},{\"edgeSelection\":\"4to8\",\"edgeRTMS\":12593},{\"edgeSelection\":\"6to8\",\"edgeRTMS\":24519}]","trial_id":"incong_0","congruency":"I","trial_group":"1to5","condition":"scaffolding","inference_edge":"0to2,2to4,4to8","inference_edgeClickLog":"[{\"edgeSelection\":\"0to2\",\"edgeRTMS\":11499},{\"edgeSelection\":\"2to4\",\"edgeRTMS\":12482},{\"edgeSelection\":\"4to8\",\"edgeRTMS\":13678}]","inference_edgeRT":"13678","inference_edge_last":"4to8","task":"experiment","subjectId":"9ne1mgc6vgyl8zn","trial_type":"external-html","trial_index":8,"time_elapsed":372788,"internal_node_id":"0.0-9.0-0.0"},{"rt":68607,"url":"../static/nodeGraphs_scaffolding.html","edge":"4to7","edgeRT":"10844","skip":"false","flipped":"FALSE","index":"1","edgeClickLog":"[{\"edgeSelection\":\"4to7\",\"edgeRTMS\":8349},{\"edgeSelection\":\"4to7\",\"edgeRTMS\":10844}]","trial_id":"incong_5","congruency":"I","trial_group":"1to5","condition":"scaffolding","inference_edge":"4to8,1to5,1to4","inference_edgeClickLog":"[{\"edgeSelection\":\"2to6\",\"edgeRTMS\":8658},{\"edgeSelection\":\"2to4\",\"edgeRTMS\":10497},{\"edgeSelection\":\"4to8\",\"edgeRTMS\":12481},{\"edgeSelection\":\"2to6\",\"edgeRTMS\":34127},{\"edgeSelection\":\"1to5\",\"edgeRTMS\":39785},{\"edgeSelection\":\"2to4\",\"edgeRTMS\":40665},{\"edgeSelection\":\"1to4\",\"edgeRTMS\":43464}]","inference_edgeRT":"43464","inference_edge_last":"1to4","task":"experiment","subjectId":"9ne1mgc6vgyl8zn","trial_type":"external-html","trial_index":9,"time_elapsed":441933,"internal_node_id":"0.0-9.0-0.1"},{"rt":17675,"url":"../static/nodeGraphs_scaffolding.html","edge":"0to2","edgeRT":"3173","skip":"false","flipped":"FALSE","index":"2","edgeClickLog":"[{\"edgeSelection\":\"0to2\",\"edgeRTMS\":3173}]","trial_id":"incong_3","congruency":"I","trial_group":"1to5","condition":"scaffolding","inference_edge":"0to2,2to6,6to8","inference_edgeClickLog":"[{\"edgeSelection\":\"0to2\",\"edgeRTMS\":5365},{\"edgeSelection\":\"2to6\",\"edgeRTMS\":7841},{\"edgeSelection\":\"6to8\",\"edgeRTMS\":9148}]","inference_edgeRT":"9148","inference_edge_last":"6to8","task":"experiment","subjectId":"9ne1mgc6vgyl8zn","trial_type":"external-html","trial_index":10,"time_elapsed":460150,"internal_node_id":"0.0-9.0-0.2"},{"rt":37073,"url":"../static/nodeGraphs_scaffolding.html","edge":"5to8","edgeRT":"9544","skip":"false","flipped":"FALSE","index":"3","edgeClickLog":"[{\"edgeSelection\":\"5to8\",\"edgeRTMS\":9544}]","trial_id":"incong_10","congruency":"I","trial_group":"1to5","condition":"scaffolding","inference_edge":"4to8,0to2,2to4","inference_edgeClickLog":"[{\"edgeSelection\":\"1to5\",\"edgeRTMS\":11494},{\"edgeSelection\":\"1to4\",\"edgeRTMS\":12609},{\"edgeSelection\":\"4to8\",\"edgeRTMS\":13979},{\"edgeSelection\":\"1to5\",\"edgeRTMS\":19481},{\"edgeSelection\":\"0to2\",\"edgeRTMS\":21992},{\"edgeSelection\":\"1to4\",\"edgeRTMS\":22946},{\"edgeSelection\":\"2to4\",\"edgeRTMS\":23699}]","inference_edgeRT":"23699","inference_edge_last":"2to4","task":"experiment","subjectId":"9ne1mgc6vgyl8zn","trial_type":"external-html","trial_index":11,"time_elapsed":497762,"internal_node_id":"0.0-9.0-0.3"},{"rt":32373,"url":"../static/nodeGraphs_scaffolding.html","edge":"6to8","edgeRT":"10439","skip":"false","flipped":"FALSE","index":"4","edgeClickLog":"[{\"edgeSelection\":\"6to8\",\"edgeRTMS\":10439}]","trial_id":"incong_2","congruency":"I","trial_group":"1to5","condition":"scaffolding","inference_edge":"0to1,1to4,4to8","inference_edgeClickLog":"[{\"edgeSelection\":\"0to1\",\"edgeRTMS\":6890},{\"edgeSelection\":\"1to4\",\"edgeRTMS\":7720},{\"edgeSelection\":\"4to8\",\"edgeRTMS\":8834}]","inference_edgeRT":"8834","inference_edge_last":"4to8","task":"experiment","subjectId":"9ne1mgc6vgyl8zn","trial_type":"external-html","trial_index":12,"time_elapsed":530684,"internal_node_id":"0.0-9.0-0.4"},{"rt":18059,"url":"../static/nodeGraphs_scaffolding.html","edge":"4to8","edgeRT":"4704","skip":"false","flipped":"TRUE","index":"5","edgeClickLog":"[{\"edgeSelection\":\"4to8\",\"edgeRTMS\":4704}]","trial_id":"incong_0_flipped","congruency":"I","trial_group":"5to10","condition":"scaffolding","inference_edge":"0to2,2to6,6to8","inference_edgeClickLog":"[{\"edgeSelection\":\"0to2\",\"edgeRTMS\":5819},{\"edgeSelection\":\"2to6\",\"edgeRTMS\":6901},{\"edgeSelection\":\"6to8\",\"edgeRTMS\":8494}]","inference_edgeRT":"8494","inference_edge_last":"6to8","task":"experiment","subjectId":"9ne1mgc6vgyl8zn","trial_type":"external-html","trial_index":13,"time_elapsed":549282,"internal_node_id":"0.0-9.0-0.5"},{"rt":35277,"url":"../static/nodeGraphs_scaffolding.html","edge":"1to4","edgeRT":"24875","skip":"false","flipped":"TRUE","index":"6","edgeClickLog":"[{\"edgeSelection\":\"1to4\",\"edgeRTMS\":24875}]","trial_id":"incong_5_flipped","congruency":"I","trial_group":"5to10","condition":"scaffolding","inference_edge":"0to2,2to6,6to9","inference_edgeClickLog":"[{\"edgeSelection\":\"0to2\",\"edgeRTMS\":4595},{\"edgeSelection\":\"2to6\",\"edgeRTMS\":5579},{\"edgeSelection\":\"6to9\",\"edgeRTMS\":8060}]","inference_edgeRT":"8060","inference_edge_last":"6to9","task":"experiment","subjectId":"9ne1mgc6vgyl8zn","trial_type":"external-html","trial_index":14,"time_elapsed":585101,"internal_node_id":"0.0-9.0-0.6"},{"rt":18028,"url":"../static/nodeGraphs_scaffolding.html","edge":"0to2","edgeRT":"6259","skip":"false","flipped":"TRUE","index":"7","edgeClickLog":"[{\"edgeSelection\":\"0to2\",\"edgeRTMS\":6259}]","trial_id":"incong_3_flipped","congruency":"I","trial_group":"5to10","condition":"scaffolding","inference_edge":"0to2,2to4,4to8","inference_edgeClickLog":"[{\"edgeSelection\":\"0to2\",\"edgeRTMS\":4022},{\"edgeSelection\":\"2to4\",\"edgeRTMS\":7128},{\"edgeSelection\":\"4to8\",\"edgeRTMS\":8547}]","inference_edgeRT":"8547","inference_edge_last":"4to8","task":"experiment","subjectId":"9ne1mgc6vgyl8zn","trial_type":"external-html","trial_index":15,"time_elapsed":603671,"internal_node_id":"0.0-9.0-0.7"},{"rt":26273,"url":"../static/nodeGraphs_scaffolding.html","edge":"1to4","edgeRT":"14496","skip":"false","flipped":"TRUE","index":"8","edgeClickLog":"[{\"edgeSelection\":\"5to8\",\"edgeRTMS\":3254},{\"edgeSelection\":\"5to8\",\"edgeRTMS\":10147},{\"edgeSelection\":\"1to4\",\"edgeRTMS\":13778},{\"edgeSelection\":\"1to4\",\"edgeRTMS\":14496}]","trial_id":"incong_10_flipped","congruency":"I","trial_group":"5to10","condition":"scaffolding","inference_edge":"0to2,2to6,6to8","inference_edgeClickLog":"[{\"edgeSelection\":\"0to2\",\"edgeRTMS\":4086},{\"edgeSelection\":\"2to6\",\"edgeRTMS\":5082},{\"edgeSelection\":\"6to8\",\"edgeRTMS\":5954}]","inference_edgeRT":"5954","inference_edge_last":"6to8","task":"experiment","subjectId":"9ne1mgc6vgyl8zn","trial_type":"external-html","trial_index":16,"time_elapsed":630500,"internal_node_id":"0.0-9.0-0.8"},{"rt":20067,"url":"../static/nodeGraphs_scaffolding.html","edge":"0to2","edgeRT":"9587","skip":"false","flipped":"TRUE","index":"9","edgeClickLog":"[{\"edgeSelection\":\"0to2\",\"edgeRTMS\":9587}]","trial_id":"incong_2_flipped","congruency":"I","trial_group":"5to10","condition":"scaffolding","inference_edge":"0to2,2to6,6to8","inference_edgeClickLog":"[{\"edgeSelection\":\"0to2\",\"edgeRTMS\":4328},{\"edgeSelection\":\"2to6\",\"edgeRTMS\":5498},{\"edgeSelection\":\"6to8\",\"edgeRTMS\":6269}]","inference_edgeRT":"6269","inference_edge_last":"6to8","task":"experiment","subjectId":"9ne1mgc6vgyl8zn","trial_type":"external-html","trial_index":17,"time_elapsed":651116,"internal_node_id":"0.0-9.0-0.9"},{"rt":9999,"url":"../static/nodeGraphs_scaffolding.html","edge":"6to8","edgeRT":"3112","skip":"false","flipped":"FALSE","index":"10","edgeClickLog":"[{\"edgeSelection\":\"6to8\",\"edgeRTMS\":3112}]","trial_id":"incong_0","congruency":"I","trial_group":"10to15","condition":"scaffolding","inference_edge":"0to1,1to4,4to8","inference_edgeClickLog":"[{\"edgeSelection\":\"0to1\",\"edgeRTMS\":3620},{\"edgeSelection\":\"1to4\",\"edgeRTMS\":4410},{\"edgeSelection\":\"4to8\",\"edgeRTMS\":5212}]","inference_edgeRT":"5212","inference_edge_last":"4to8","task":"experiment","subjectId":"9ne1mgc6vgyl8zn","trial_type":"external-html","trial_index":18,"time_elapsed":661660,"internal_node_id":"0.0-9.0-0.10"},{"rt":44458,"url":"../static/nodeGraphs_scaffolding.html","edge":"4to7","edgeRT":"37677","skip":"false","flipped":"FALSE","index":"11","edgeClickLog":"[{\"edgeSelection\":\"4to7\",\"edgeRTMS\":37677}]","trial_id":"incong_5","congruency":"I","trial_group":"10to15","condition":"scaffolding","inference_edge":"0to2,2to4,4to8","inference_edgeClickLog":"[{\"edgeSelection\":\"0to2\",\"edgeRTMS\":3653},{\"edgeSelection\":\"2to4\",\"edgeRTMS\":4529},{\"edgeSelection\":\"4to8\",\"edgeRTMS\":5375}]","inference_edgeRT":"5375","inference_edge_last":"4to8","task":"experiment","subjectId":"9ne1mgc6vgyl8zn","trial_type":"external-html","trial_index":19,"time_elapsed":706657,"internal_node_id":"0.0-9.0-0.11"},{"rt":16855,"url":"../static/nodeGraphs_scaffolding.html","edge":"0to2","edgeRT":"3566","skip":"false","flipped":"FALSE","index":"12","edgeClickLog":"[{\"edgeSelection\":\"0to2\",\"edgeRTMS\":3566}]","trial_id":"incong_3","congruency":"I","trial_group":"10to15","condition":"scaffolding","inference_edge":"0to2,2to6,6to8","inference_edgeClickLog":"[{\"edgeSelection\":\"0to2\",\"edgeRTMS\":6321},{\"edgeSelection\":\"2to6\",\"edgeRTMS\":7503},{\"edgeSelection\":\"6to8\",\"edgeRTMS\":8967}]","inference_edgeRT":"8967","inference_edge_last":"6to8","task":"experiment","subjectId":"9ne1mgc6vgyl8zn","trial_type":"external-html","trial_index":20,"time_elapsed":724057,"internal_node_id":"0.0-9.0-0.12"},{"rt":10179,"url":"../static/nodeGraphs_scaffolding.html","edge":"5to8","edgeRT":"1590","skip":"false","flipped":"FALSE","index":"13","edgeClickLog":"[{\"edgeSelection\":\"5to8\",\"edgeRTMS\":1590}]","trial_id":"incong_10","congruency":"I","trial_group":"10to15","condition":"scaffolding","inference_edge":"0to2,2to4,4to8","inference_edgeClickLog":"[{\"edgeSelection\":\"0to2\",\"edgeRTMS\":3219},{\"edgeSelection\":\"2to4\",\"edgeRTMS\":4555},{\"edgeSelection\":\"4to8\",\"edgeRTMS\":5310}]","inference_edgeRT":"5310","inference_edge_last":"4to8","task":"experiment","subjectId":"9ne1mgc6vgyl8zn","trial_type":"external-html","trial_index":21,"time_elapsed":734779,"internal_node_id":"0.0-9.0-0.13"},{"rt":20341,"url":"../static/nodeGraphs_scaffolding.html","edge":"4to8","edgeRT":"7751","skip":"false","flipped":"FALSE","index":"14","edgeClickLog":"[{\"edgeSelection\":\"4to8\",\"edgeRTMS\":7751}]","trial_id":"incong_2","congruency":"I","trial_group":"10to15","condition":"scaffolding","inference_edge":"0to2,2to4,4to8","inference_edgeClickLog":"[{\"edgeSelection\":\"0to2\",\"edgeRTMS\":3619},{\"edgeSelection\":\"2to4\",\"edgeRTMS\":4485},{\"edgeSelection\":\"5to7\",\"edgeRTMS\":5288},{\"edgeSelection\":\"5to7\",\"edgeRTMS\":6276},{\"edgeSelection\":\"4to8\",\"edgeRTMS\":7425}]","inference_edgeRT":"7425","inference_edge_last":"4to8","task":"experiment","subjectId":"9ne1mgc6vgyl8zn","trial_type":"external-html","trial_index":22,"time_elapsed":755662,"internal_node_id":"0.0-9.0-0.14"},{"rt":12553,"url":"../static/nodeGraphs_scaffolding.html","edge":"5to8","edgeRT":"3110","skip":"false","flipped":"FALSE","index":"15","edgeClickLog":"[{\"edgeSelection\":\"5to8\",\"edgeRTMS\":3110}]","trial_id":"test_0","congruency":"I","trial_group":"15to20","condition":"scaffolding","inference_edge":"0to2,2to4,4to8","inference_edgeClickLog":"[{\"edgeSelection\":\"0to2\",\"edgeRTMS\":3619},{\"edgeSelection\":\"2to4\",\"edgeRTMS\":4485},{\"edgeSelection\":\"5to7\",\"edgeRTMS\":5288},{\"edgeSelection\":\"5to7\",\"edgeRTMS\":6276},{\"edgeSelection\":\"4to8\",\"edgeRTMS\":7425}]","inference_edgeRT":"7425","inference_edge_last":"","task":"experiment","subjectId":"9ne1mgc6vgyl8zn","trial_type":"external-html","trial_index":23,"time_elapsed":768755,"internal_node_id":"0.0-9.0-0.15"},{"rt":9420,"url":"../static/nodeGraphs_scaffolding.html","edge":"4to7","edgeRT":"9129","skip":"false","flipped":"FALSE","index":"16","edgeClickLog":"[{\"edgeSelection\":\"4to7\",\"edgeRTMS\":9129}]","trial_id":"test_1","congruency":"I","trial_group":"15to20","condition":"scaffolding","inference_edge":"0to2,2to4,4to8","inference_edgeClickLog":"[{\"edgeSelection\":\"0to2\",\"edgeRTMS\":3619},{\"edgeSelection\":\"2to4\",\"edgeRTMS\":4485},{\"edgeSelection\":\"5to7\",\"edgeRTMS\":5288},{\"edgeSelection\":\"5to7\",\"edgeRTMS\":6276},{\"edgeSelection\":\"4to8\",\"edgeRTMS\":7425}]","inference_edgeRT":"7425","inference_edge_last":"","task":"experiment","subjectId":"9ne1mgc6vgyl8zn","trial_type":"external-html","trial_index":24,"time_elapsed":778711,"internal_node_id":"0.0-9.0-0.16"},{"rt":13952,"url":"../static/nodeGraphs_scaffolding.html","edge":"6to8","edgeRT":"11763","skip":"false","flipped":"FALSE","index":"17","edgeClickLog":"[{\"edgeSelection\":\"0to3\",\"edgeRTMS\":5283},{\"edgeSelection\":\"6to8\",\"edgeRTMS\":11763}]","trial_id":"test_2","congruency":"I","trial_group":"15to20","condition":"scaffolding","inference_edge":"0to2,2to4,4to8","inference_edgeClickLog":"[{\"edgeSelection\":\"0to2\",\"edgeRTMS\":3619},{\"edgeSelection\":\"2to4\",\"edgeRTMS\":4485},{\"edgeSelection\":\"5to7\",\"edgeRTMS\":5288},{\"edgeSelection\":\"5to7\",\"edgeRTMS\":6276},{\"edgeSelection\":\"4to8\",\"edgeRTMS\":7425}]","inference_edgeRT":"7425","inference_edge_last":"","task":"experiment","subjectId":"9ne1mgc6vgyl8zn","trial_type":"external-html","trial_index":25,"time_elapsed":793203,"internal_node_id":"0.0-9.0-0.17"},{"rt":5660,"url":"../static/nodeGraphs_scaffolding.html","edge":"5to9","edgeRT":"5411","skip":"false","flipped":"FALSE","index":"18","edgeClickLog":"[{\"edgeSelection\":\"5to9\",\"edgeRTMS\":5411}]","trial_id":"test_3","congruency":"I","trial_group":"15to20","condition":"scaffolding","inference_edge":"0to2,2to4,4to8","inference_edgeClickLog":"[{\"edgeSelection\":\"0to2\",\"edgeRTMS\":3619},{\"edgeSelection\":\"2to4\",\"edgeRTMS\":4485},{\"edgeSelection\":\"5to7\",\"edgeRTMS\":5288},{\"edgeSelection\":\"5to7\",\"edgeRTMS\":6276},{\"edgeSelection\":\"4to8\",\"edgeRTMS\":7425}]","inference_edgeRT":"7425","inference_edge_last":"","task":"experiment","subjectId":"9ne1mgc6vgyl8zn","trial_type":"external-html","trial_index":26,"time_elapsed":799402,"internal_node_id":"0.0-9.0-0.18"},{"rt":10915,"url":"../static/nodeGraphs_scaffolding.html","edge":"6to9","edgeRT":"6842","skip":"false","flipped":"FALSE","index":"19","edgeClickLog":"[{\"edgeSelection\":\"6to9\",\"edgeRTMS\":6842}]","trial_id":"test_4","congruency":"I","trial_group":"15to20","condition":"scaffolding","inference_edge":"0to2,2to4,4to8","inference_edgeClickLog":"[{\"edgeSelection\":\"0to2\",\"edgeRTMS\":3619},{\"edgeSelection\":\"2to4\",\"edgeRTMS\":4485},{\"edgeSelection\":\"5to7\",\"edgeRTMS\":5288},{\"edgeSelection\":\"5to7\",\"edgeRTMS\":6276},{\"edgeSelection\":\"4to8\",\"edgeRTMS\":7425}]","inference_edgeRT":"7425","inference_edge_last":"","task":"experiment","subjectId":"9ne1mgc6vgyl8zn","trial_type":"external-html","trial_index":27,"time_elapsed":810867,"internal_node_id":"0.0-9.0-0.19"},{"rt":26719,"response":{"P0_Q0":null,"P0_Q1":5,"P0_Q2":7,"P0_Q3":5,"P0_Q4":6,"P0_Q5":1,"strategies":"Tried to make an apparent new move rather than a far away move","feedback":"N/A"},"accuracy":[],"trial_type":"survey","trial_index":28,"time_elapsed":838154,"internal_node_id":"0.0-10.0"},{"rt":2394,"stimulus":"<p>Thanks for your time!</p>        <p>We need to manually calculate your bonus pay, please give us up to 7 days.</p><p>Press any key to conclude.</p>","response":" ","task":"end","subjectId":"9ne1mgc6vgyl8zn","trial_type":"html-keyboard-response","trial_index":29,"time_elapsed":840550,"internal_node_id":"0.0-11.0","interactions":"[{\"event\":\"fullscreenenter\",\"trial\":1,\"time\":1364}]"}]