[{"success":true,"timeout":false,"failed_images":[],"failed_audio":[],"failed_video":[],"trial_type":"preload","trial_index":0,"time_elapsed":244,"internal_node_id":"0.0-0.0"},{"success":true,"trial_type":"fullscreen","trial_index":1,"time_elapsed":4932,"internal_node_id":"0.0-1.0"},{"rt":2615,"stimulus":"Welcome to the experiment. Press any key to begin.","response":" ","trial_type":"html-keyboard-response","trial_index":2,"time_elapsed":7549,"internal_node_id":"0.0-2.0"},{"view_history":[{"page_index":0,"viewing_time":6289},{"page_index":1,"viewing_time":6240},{"page_index":2,"viewing_time":31627},{"page_index":3,"viewing_time":6187},{"page_index":4,"viewing_time":1097},{"page_index":5,"viewing_time":626},{"page_index":6,"viewing_time":1933},{"page_index":7,"viewing_time":8835},{"page_index":8,"viewing_time":13401},{"page_index":9,"viewing_time":14259},{"page_index":10,"viewing_time":1552},{"page_index":11,"viewing_time":570},{"page_index":12,"viewing_time":321},{"page_index":13,"viewing_time":1417},{"page_index":14,"viewing_time":3971},{"page_index":15,"viewing_time":3769},{"page_index":16,"viewing_time":1420},{"page_index":17,"viewing_time":998},{"page_index":18,"viewing_time":465},{"page_index":19,"viewing_time":4212},{"page_index":20,"viewing_time":4818},{"page_index":21,"viewing_time":3857}],"rt":117862,"trial_type":"instructions","trial_index":3,"time_elapsed":125414,"internal_node_id":"0.0-3.0"},{"rt":62450,"url":"../static/nodeGraphsTraining_normal.html","skip":[],"edgeClickLog":[],"inference_edge":[],"inference_edgeClickLog":[],"trial_type":"external-html","trial_index":4,"time_elapsed":188028,"internal_node_id":"0.0-4.0"},{"rt":34357,"response":{"q1":"The goal is to help the student to get the most points","q2":"False","q3":"Possible paths you, as the teacher, can choose to teach the learner.","q4":"Paths that the student took before."},"question_order":[0,1,2,3],"trial_type":"survey-multi-choice","trial_index":5,"time_elapsed":222388,"internal_node_id":"0.0-5.0"},{"rt":7775,"stimulus":"<p>You can take a 60 second break before starting the experiment.</p><br><br><p>This page will advance in 60 seconds or you can press any key to advance now.</p>","response":"arrowright","trial_type":"html-keyboard-response","trial_index":6,"time_elapsed":230166,"internal_node_id":"0.0-7.0"},{"view_history":[{"page_index":0,"viewing_time":10808}],"rt":10808,"trial_type":"instructions","trial_index":7,"time_elapsed":240974,"internal_node_id":"0.0-8.0"},{"rt":14336,"url":"../static/nodeGraphs_normal.html","edge":"6to8","edgeRT":"7436","skip":"false","flipped":"FALSE","index":"0","edgeClickLog":"[{\"edgeSelection\":\"6to8\",\"edgeRTMS\":7436}]","trial_id":"incong_0","congruency":"I","trial_group":"1to5","condition":"normal","inference_edge":[],"inference_edgeClickLog":[],"task":"experiment","subjectId":"mqqrsdnqade8jrv","trial_type":"external-html","trial_index":8,"time_elapsed":255395,"internal_node_id":"0.0-9.0-0.0"},{"rt":18470,"url":"../static/nodeGraphs_normal.html","edge":"3to6","edgeRT":"16415","skip":"false","flipped":"FALSE","index":"1","edgeClickLog":"[{\"edgeSelection\":\"3to6\",\"edgeRTMS\":16415}]","trial_id":"incong_5","congruency":"I","trial_group":"1to5","condition":"normal","inference_edge":[],"inference_edgeClickLog":[],"task":"experiment","subjectId":"mqqrsdnqade8jrv","trial_type":"external-html","trial_index":9,"time_elapsed":274427,"internal_node_id":"0.0-9.0-0.1"},{"rt":11363,"url":"../static/nodeGraphs_normal.html","edge":"0to2","edgeRT":"10378","skip":"false","flipped":"FALSE","index":"2","edgeClickLog":"[{\"edgeSelection\":\"0to2\",\"edgeRTMS\":10378}]","trial_id":"incong_3","congruency":"I","trial_group":"1to5","condition":"normal","inference_edge":[],"inference_edgeClickLog":[],"task":"experiment","subjectId":"mqqrsdnqade8jrv","trial_type":"external-html","trial_index":10,"time_elapsed":286371,"internal_node_id":"0.0-9.0-0.2"},{"rt":12029,"url":"../static/nodeGraphs_normal.html","edge":"5to8","edgeRT":"11773","skip":"false","flipped":"FALSE","index":"3","edgeClickLog":"[{\"edgeSelection\":\"5to8\",\"edgeRTMS\":11773}]","trial_id":"incong_10","congruency":"I","trial_group":"1to5","condition":"normal","inference_edge":[],"inference_edgeClickLog":[],"task":"experiment","subjectId":"mqqrsdnqade8jrv","trial_type":"external-html","trial_index":11,"time_elapsed":298964,"internal_node_id":"0.0-9.0-0.3"},{"rt":17353,"url":"../static/nodeGraphs_normal.html","edge":"0to2","edgeRT":"15924","skip":"false","flipped":"FALSE","index":"4","edgeClickLog":"[{\"edgeSelection\":\"0to2\",\"edgeRTMS\":13148},{\"edgeSelection\":\"0to2\",\"edgeRTMS\":15924}]","trial_id":"incong_2","congruency":"I","trial_group":"1to5","condition":"normal","inference_edge":[],"inference_edgeClickLog":[],"task":"experiment","subjectId":"mqqrsdnqade8jrv","trial_type":"external-html","trial_index":12,"time_elapsed":316880,"internal_node_id":"0.0-9.0-0.4"},{"rt":8028,"url":"../static/nodeGraphs_normal.html","edge":"4to8","edgeRT":"8167","skip":"false","flipped":"TRUE","index":"5","edgeClickLog":"[{\"edgeSelection\":\"4to8\",\"edgeRTMS\":8167}]","trial_id":"incong_0_flipped","congruency":"I","trial_group":"5to10","condition":"normal","inference_edge":[],"inference_edgeClickLog":[],"task":"experiment","subjectId":"mqqrsdnqade8jrv","trial_type":"external-html","trial_index":13,"time_elapsed":325626,"internal_node_id":"0.0-9.0-0.5"},{"rt":9698,"url":"../static/nodeGraphs_normal.html","edge":"5to8","edgeRT":"9760","skip":"false","flipped":"TRUE","index":"6","edgeClickLog":"[{\"edgeSelection\":\"5to8\",\"edgeRTMS\":9760}]","trial_id":"incong_5_flipped","congruency":"I","trial_group":"5to10","condition":"normal","inference_edge":[],"inference_edgeClickLog":[],"task":"experiment","subjectId":"mqqrsdnqade8jrv","trial_type":"external-html","trial_index":14,"time_elapsed":335893,"internal_node_id":"0.0-9.0-0.6"},{"rt":14524,"url":"../static/nodeGraphs_normal.html","edge":"0to2","edgeRT":"14158","skip":"false","flipped":"TRUE","index":"7","edgeClickLog":"[{\"edgeSelection\":\"0to2\",\"edgeRTMS\":14158}]","trial_id":"incong_3_flipped","congruency":"I","trial_group":"5to10","condition":"normal","inference_edge":[],"inference_edgeClickLog":[],"task":"experiment","subjectId":"mqqrsdnqade8jrv","trial_type":"external-html","trial_index":15,"time_elapsed":350983,"internal_node_id":"0.0-9.0-0.7"},{"rt":4765,"url":"../static/nodeGraphs_normal.html","edge":"5to8","edgeRT":"4741","skip":"false","flipped":"TRUE","index":"8","edgeClickLog":"[{\"edgeSelection\":\"5to8\",\"edgeRTMS\":4741}]","trial_id":"incong_10_flipped","congruency":"I","trial_group":"5to10","condition":"normal","inference_edge":[],"inference_edgeClickLog":[],"task":"experiment","subjectId":"mqqrsdnqade8jrv","trial_type":"external-html","trial_index":16,"time_elapsed":356308,"internal_node_id":"0.0-9.0-0.8"},{"rt":13813,"url":"../static/nodeGraphs_normal.html","edge":"0to3","edgeRT":"12188","skip":"false","flipped":"TRUE","index":"9","edgeClickLog":"[{\"edgeSelection\":\"0to3\",\"edgeRTMS\":12188}]","trial_id":"incong_2_flipped","congruency":"I","trial_group":"5to10","condition":"normal","inference_edge":[],"inference_edgeClickLog":[],"task":"experiment","subjectId":"mqqrsdnqade8jrv","trial_type":"external-html","trial_index":17,"time_elapsed":370681,"internal_node_id":"0.0-9.0-0.9"},{"rt":12814,"url":"../static/nodeGraphs_normal.html","edge":"6to8","edgeRT":"12196","skip":"false","flipped":"FALSE","index":"10","edgeClickLog":"[{\"edgeSelection\":\"6to8\",\"edgeRTMS\":12196}]","trial_id":"incong_0","congruency":"I","trial_group":"10to15","condition":"normal","inference_edge":[],"inference_edgeClickLog":[],"task":"experiment","subjectId":"mqqrsdnqade8jrv","trial_type":"external-html","trial_index":18,"time_elapsed":384059,"internal_node_id":"0.0-9.0-0.10"},{"rt":9239,"url":"../static/nodeGraphs_normal.html","edge":"3to6","edgeRT":"8480","skip":"false","flipped":"FALSE","index":"11","edgeClickLog":"[{\"edgeSelection\":\"3to6\",\"edgeRTMS\":8480}]","trial_id":"incong_5","congruency":"I","trial_group":"10to15","condition":"normal","inference_edge":[],"inference_edgeClickLog":[],"task":"experiment","subjectId":"mqqrsdnqade8jrv","trial_type":"external-html","trial_index":19,"time_elapsed":393857,"internal_node_id":"0.0-9.0-0.11"},{"rt":5591,"url":"../static/nodeGraphs_normal.html","edge":"0to2","edgeRT":"4148","skip":"false","flipped":"FALSE","index":"12","edgeClickLog":"[{\"edgeSelection\":\"0to2\",\"edgeRTMS\":4148}]","trial_id":"incong_3","congruency":"I","trial_group":"10to15","condition":"normal","inference_edge":[],"inference_edgeClickLog":[],"task":"experiment","subjectId":"mqqrsdnqade8jrv","trial_type":"external-html","trial_index":20,"time_elapsed":400006,"internal_node_id":"0.0-9.0-0.12"},{"rt":5029,"url":"../static/nodeGraphs_normal.html","edge":"5to8","edgeRT":"3056","skip":"false","flipped":"FALSE","index":"13","edgeClickLog":"[{\"edgeSelection\":\"5to8\",\"edgeRTMS\":3056}]","trial_id":"incong_10","congruency":"I","trial_group":"10to15","condition":"normal","inference_edge":[],"inference_edgeClickLog":[],"task":"experiment","subjectId":"mqqrsdnqade8jrv","trial_type":"external-html","trial_index":21,"time_elapsed":405601,"internal_node_id":"0.0-9.0-0.13"},{"rt":5416,"url":"../static/nodeGraphs_normal.html","edge":"0to2","edgeRT":"4817","skip":"false","flipped":"FALSE","index":"14","edgeClickLog":"[{\"edgeSelection\":\"0to2\",\"edgeRTMS\":4817}]","trial_id":"incong_2","congruency":"I","trial_group":"10to15","condition":"normal","inference_edge":[],"inference_edgeClickLog":[],"task":"experiment","subjectId":"mqqrsdnqade8jrv","trial_type":"external-html","trial_index":22,"time_elapsed":411580,"internal_node_id":"0.0-9.0-0.14"},{"rt":21394,"url":"../static/nodeGraphs_normal.html","edge":"3to6","edgeRT":"13600","skip":"false","flipped":"FALSE","index":"15","edgeClickLog":"[{\"edgeSelection\":\"5to8\",\"edgeRTMS\":6561},{\"edgeSelection\":\"5to8\",\"edgeRTMS\":11310},{\"edgeSelection\":\"3to6\",\"edgeRTMS\":13600}]","trial_id":"test_0","congruency":"I","trial_group":"15to20","condition":"normal","inference_edge":[],"inference_edgeClickLog":[],"task":"experiment","subjectId":"mqqrsdnqade8jrv","trial_type":"external-html","trial_index":23,"time_elapsed":433562,"internal_node_id":"0.0-9.0-0.15"},{"rt":13145,"url":"../static/nodeGraphs_normal.html","edge":"4to7","edgeRT":"13152","skip":"false","flipped":"FALSE","index":"16","edgeClickLog":"[{\"edgeSelection\":\"4to7\",\"edgeRTMS\":13152}]","trial_id":"test_1","congruency":"I","trial_group":"15to20","condition":"normal","inference_edge":[],"inference_edgeClickLog":[],"task":"experiment","subjectId":"mqqrsdnqade8jrv","trial_type":"external-html","trial_index":24,"time_elapsed":447291,"internal_node_id":"0.0-9.0-0.16"},{"rt":8451,"url":"../static/nodeGraphs_normal.html","edge":"0to3","edgeRT":"7643","skip":"false","flipped":"FALSE","index":"17","edgeClickLog":"[{\"edgeSelection\":\"0to3\",\"edgeRTMS\":7643}]","trial_id":"test_2","congruency":"I","trial_group":"15to20","condition":"normal","inference_edge":[],"inference_edgeClickLog":[],"task":"experiment","subjectId":"mqqrsdnqade8jrv","trial_type":"external-html","trial_index":25,"time_elapsed":456312,"internal_node_id":"0.0-9.0-0.17"},{"rt":13200,"url":"../static/nodeGraphs_normal.html","edge":"5to9","edgeRT":"12804","skip":"false","flipped":"FALSE","index":"18","edgeClickLog":"[{\"edgeSelection\":\"0to1\",\"edgeRTMS\":6650},{\"edgeSelection\":\"5to9\",\"edgeRTMS\":12285},{\"edgeSelection\":\"5to9\",\"edgeRTMS\":12804}]","trial_id":"test_3","congruency":"I","trial_group":"15to20","condition":"normal","inference_edge":[],"inference_edgeClickLog":[],"task":"experiment","subjectId":"mqqrsdnqade8jrv","trial_type":"external-html","trial_index":26,"time_elapsed":470084,"internal_node_id":"0.0-9.0-0.18"},{"rt":10132,"url":"../static/nodeGraphs_normal.html","edge":"1to5","edgeRT":"8865","skip":"false","flipped":"FALSE","index":"19","edgeClickLog":"[{\"edgeSelection\":\"1to5\",\"edgeRTMS\":8865}]","trial_id":"test_4","congruency":"I","trial_group":"15to20","condition":"normal","inference_edge":[],"inference_edgeClickLog":[],"task":"experiment","subjectId":"mqqrsdnqade8jrv","trial_type":"external-html","trial_index":27,"time_elapsed":480780,"internal_node_id":"0.0-9.0-0.19"},{"rt":50969,"response":{"P0_Q0":null,"P0_Q1":2,"P0_Q2":7,"P0_Q3":5,"P0_Q4":1,"P0_Q5":1,"strategies":"choosing paths that would give options for more point-giving paths","feedback":"no"},"accuracy":[],"trial_type":"survey","trial_index":28,"time_elapsed":532324,"internal_node_id":"0.0-10.0"},{"rt":3634,"stimulus":"<p>Thanks for your time!</p>        <p>We need to manually calculate your bonus pay, please give us up to 7 days.</p><p>Press any key to conclude.</p>","response":" ","task":"end","subjectId":"mqqrsdnqade8jrv","trial_type":"html-keyboard-response","trial_index":29,"time_elapsed":535960,"internal_node_id":"0.0-11.0","interactions":"[{\"event\":\"fullscreenenter\",\"trial\":1,\"time\":3991},{\"event\":\"blur\",\"trial\":3,\"time\":24044},{\"event\":\"focus\",\"trial\":3,\"time\":27717},{\"event\":\"blur\",\"trial\":28,\"time\":487558},{\"event\":\"focus\",\"trial\":28,\"time\":491126},{\"event\":\"blur\",\"trial\":28,\"time\":496948},{\"event\":\"focus\",\"trial\":28,\"time\":498022}]"}]