[{"success":true,"timeout":false,"failed_images":[],"failed_audio":[],"failed_video":[],"trial_type":"preload","trial_index":0,"time_elapsed":1010,"internal_node_id":"0.0-0.0"},{"success":true,"trial_type":"fullscreen","trial_index":1,"time_elapsed":11917,"internal_node_id":"0.0-1.0"},{"rt":2912,"stimulus":"Welcome to the experiment. Press any key to begin.","response":" ","trial_type":"html-keyboard-response","trial_index":2,"time_elapsed":14831,"internal_node_id":"0.0-2.0"},{"view_history":[{"page_index":0,"viewing_time":3781},{"page_index":1,"viewing_time":2552},{"page_index":2,"viewing_time":15743},{"page_index":3,"viewing_time":5263},{"page_index":4,"viewing_time":2789},{"page_index":5,"viewing_time":759},{"page_index":6,"viewing_time":3008},{"page_index":7,"viewing_time":1522},{"page_index":8,"viewing_time":18007},{"page_index":9,"viewing_time":2729},{"page_index":10,"viewing_time":1488},{"page_index":11,"viewing_time":1044},{"page_index":12,"viewing_time":540},{"page_index":13,"viewing_time":2919},{"page_index":14,"viewing_time":4423},{"page_index":15,"viewing_time":3406},{"page_index":16,"viewing_time":1161},{"page_index":17,"viewing_time":450},{"page_index":18,"viewing_time":1660},{"page_index":19,"viewing_time":5287},{"page_index":20,"viewing_time":2069},{"page_index":21,"viewing_time":3166}],"rt":83766,"trial_type":"instructions","trial_index":3,"time_elapsed":98598,"internal_node_id":"0.0-3.0"},{"rt":60258,"url":"../static/nodeGraphsTraining_normal.html","skip":[],"edgeClickLog":[],"inference_edge":[],"inference_edgeClickLog":[],"trial_type":"external-html","trial_index":4,"time_elapsed":159012,"internal_node_id":"0.0-4.0"},{"rt":28965,"response":{"q1":"The goal is to help the student to get the most points","q2":"False","q3":"Possible paths you, as the teacher, can choose to teach the learner.","q4":"Paths that the student took before."},"question_order":[0,1,2,3],"trial_type":"survey-multi-choice","trial_index":5,"time_elapsed":187979,"internal_node_id":"0.0-5.0"},{"rt":3398,"stimulus":"<p>You can take a 60 second break before starting the experiment.</p><br><br><p>This page will advance in 60 seconds or you can press any key to advance now.</p>","response":" ","trial_type":"html-keyboard-response","trial_index":6,"time_elapsed":191379,"internal_node_id":"0.0-7.0"},{"view_history":[{"page_index":0,"viewing_time":8651}],"rt":8651,"trial_type":"instructions","trial_index":7,"time_elapsed":200029,"internal_node_id":"0.0-8.0"},{"rt":12484,"url":"../static/nodeGraphs_normal.html","edge":"2to4","edgeRT":"11341","skip":"false","flipped":"FALSE","index":"0","edgeClickLog":"[{\"edgeSelection\":\"2to4\",\"edgeRTMS\":8740},{\"edgeSelection\":\"4to7\",\"edgeRTMS\":10112},{\"edgeSelection\":\"2to4\",\"edgeRTMS\":11341}]","trial_id":"cong_0","congruency":"C","trial_group":"1to5","condition":"normal","inference_edge":[],"inference_edgeClickLog":[],"task":"experiment","subjectId":"rp183l9dz9nohn2","trial_type":"external-html","trial_index":8,"time_elapsed":212664,"internal_node_id":"0.0-9.0-0.0"},{"rt":8041,"url":"../static/nodeGraphs_normal.html","edge":"2to6","edgeRT":"4721","skip":"false","flipped":"FALSE","index":"1","edgeClickLog":"[{\"edgeSelection\":\"2to6\",\"edgeRTMS\":4721}]","trial_id":"cong_1","congruency":"C","trial_group":"1to5","condition":"normal","inference_edge":[],"inference_edgeClickLog":[],"task":"experiment","subjectId":"rp183l9dz9nohn2","trial_type":"external-html","trial_index":9,"time_elapsed":221378,"internal_node_id":"0.0-9.0-0.1"},{"rt":17872,"url":"../static/nodeGraphs_normal.html","edge":"5to9","edgeRT":"17501","skip":"false","flipped":"FALSE","index":"2","edgeClickLog":"[{\"edgeSelection\":\"2to5\",\"edgeRTMS\":9838},{\"edgeSelection\":\"5to9\",\"edgeRTMS\":17501}]","trial_id":"cong_6","congruency":"C","trial_group":"1to5","condition":"normal","inference_edge":[],"inference_edgeClickLog":[],"task":"experiment","subjectId":"rp183l9dz9nohn2","trial_type":"external-html","trial_index":10,"time_elapsed":239893,"internal_node_id":"0.0-9.0-0.2"},{"rt":6872,"url":"../static/nodeGraphs_normal.html","edge":"2to4","edgeRT":"5834","skip":"false","flipped":"FALSE","index":"3","edgeClickLog":"[{\"edgeSelection\":\"2to4\",\"edgeRTMS\":5834}]","trial_id":"cong_4","congruency":"C","trial_group":"1to5","condition":"normal","inference_edge":[],"inference_edgeClickLog":[],"task":"experiment","subjectId":"rp183l9dz9nohn2","trial_type":"external-html","trial_index":11,"time_elapsed":247421,"internal_node_id":"0.0-9.0-0.3"},{"rt":10292,"url":"../static/nodeGraphs_normal.html","edge":"5to8","edgeRT":"9282","skip":"false","flipped":"FALSE","index":"4","edgeClickLog":"[{\"edgeSelection\":\"5to8\",\"edgeRTMS\":9282}]","trial_id":"cong_9","congruency":"C","trial_group":"1to5","condition":"normal","inference_edge":[],"inference_edgeClickLog":[],"task":"experiment","subjectId":"rp183l9dz9nohn2","trial_type":"external-html","trial_index":12,"time_elapsed":258371,"internal_node_id":"0.0-9.0-0.4"},{"rt":11535,"url":"../static/nodeGraphs_normal.html","edge":"6to8","edgeRT":"11385","skip":"false","flipped":"TRUE","index":"5","edgeClickLog":"[{\"edgeSelection\":\"6to8\",\"edgeRTMS\":11385}]","trial_id":"cong_0_flipped","congruency":"C","trial_group":"5to10","condition":"normal","inference_edge":[],"inference_edgeClickLog":[],"task":"experiment","subjectId":"rp183l9dz9nohn2","trial_type":"external-html","trial_index":13,"time_elapsed":270564,"internal_node_id":"0.0-9.0-0.5"},{"rt":15453,"url":"../static/nodeGraphs_normal.html","edge":"2to4","edgeRT":"13752","skip":"false","flipped":"TRUE","index":"6","edgeClickLog":"[{\"edgeSelection\":\"2to4\",\"edgeRTMS\":13752}]","trial_id":"cong_1_flipped","congruency":"C","trial_group":"5to10","condition":"normal","inference_edge":[],"inference_edgeClickLog":[],"task":"experiment","subjectId":"rp183l9dz9nohn2","trial_type":"external-html","trial_index":14,"time_elapsed":286667,"internal_node_id":"0.0-9.0-0.6"},{"rt":9692,"url":"../static/nodeGraphs_normal.html","edge":"5to8","edgeRT":"9673","skip":"false","flipped":"TRUE","index":"7","edgeClickLog":"[{\"edgeSelection\":\"5to8\",\"edgeRTMS\":9673}]","trial_id":"cong_6_flipped","congruency":"C","trial_group":"5to10","condition":"normal","inference_edge":[],"inference_edgeClickLog":[],"task":"experiment","subjectId":"rp183l9dz9nohn2","trial_type":"external-html","trial_index":15,"time_elapsed":297039,"internal_node_id":"0.0-9.0-0.7"},{"rt":10373,"url":"../static/nodeGraphs_normal.html","edge":"6to8","edgeRT":"10225","skip":"false","flipped":"TRUE","index":"8","edgeClickLog":"[{\"edgeSelection\":\"6to8\",\"edgeRTMS\":10225}]","trial_id":"cong_4_flipped","congruency":"C","trial_group":"5to10","condition":"normal","inference_edge":[],"inference_edgeClickLog":[],"task":"experiment","subjectId":"rp183l9dz9nohn2","trial_type":"external-html","trial_index":16,"time_elapsed":308049,"internal_node_id":"0.0-9.0-0.8"},{"rt":4394,"url":"../static/nodeGraphs_normal.html","edge":"5to8","edgeRT":"4322","skip":"false","flipped":"TRUE","index":"9","edgeClickLog":"[{\"edgeSelection\":\"5to8\",\"edgeRTMS\":4322}]","trial_id":"cong_9_flipped","congruency":"C","trial_group":"5to10","condition":"normal","inference_edge":[],"inference_edgeClickLog":[],"task":"experiment","subjectId":"rp183l9dz9nohn2","trial_type":"external-html","trial_index":17,"time_elapsed":313086,"internal_node_id":"0.0-9.0-0.9"},{"rt":8562,"url":"../static/nodeGraphs_normal.html","edge":"4to7","edgeRT":"7098","skip":"false","flipped":"FALSE","index":"10","edgeClickLog":"[{\"edgeSelection\":\"4to7\",\"edgeRTMS\":7098}]","trial_id":"cong_0","congruency":"C","trial_group":"10to15","condition":"normal","inference_edge":[],"inference_edgeClickLog":[],"task":"experiment","subjectId":"rp183l9dz9nohn2","trial_type":"external-html","trial_index":18,"time_elapsed":322294,"internal_node_id":"0.0-9.0-0.10"},{"rt":10209,"url":"../static/nodeGraphs_normal.html","edge":"6to9","edgeRT":"6517","skip":"false","flipped":"FALSE","index":"11","edgeClickLog":"[{\"edgeSelection\":\"6to9\",\"edgeRTMS\":6517}]","trial_id":"cong_1","congruency":"C","trial_group":"10to15","condition":"normal","inference_edge":[],"inference_edgeClickLog":[],"task":"experiment","subjectId":"rp183l9dz9nohn2","trial_type":"external-html","trial_index":19,"time_elapsed":333171,"internal_node_id":"0.0-9.0-0.11"},{"rt":13073,"url":"../static/nodeGraphs_normal.html","edge":"5to7","edgeRT":"11494","skip":"false","flipped":"FALSE","index":"12","edgeClickLog":"[{\"edgeSelection\":\"4to7\",\"edgeRTMS\":6968},{\"edgeSelection\":\"5to7\",\"edgeRTMS\":11494}]","trial_id":"cong_6","congruency":"C","trial_group":"10to15","condition":"normal","inference_edge":[],"inference_edgeClickLog":[],"task":"experiment","subjectId":"rp183l9dz9nohn2","trial_type":"external-html","trial_index":20,"time_elapsed":346907,"internal_node_id":"0.0-9.0-0.12"},{"rt":6510,"url":"../static/nodeGraphs_normal.html","edge":"4to8","edgeRT":"5978","skip":"false","flipped":"FALSE","index":"13","edgeClickLog":"[{\"edgeSelection\":\"4to8\",\"edgeRTMS\":5978}]","trial_id":"cong_4","congruency":"C","trial_group":"10to15","condition":"normal","inference_edge":[],"inference_edgeClickLog":[],"task":"experiment","subjectId":"rp183l9dz9nohn2","trial_type":"external-html","trial_index":21,"time_elapsed":354072,"internal_node_id":"0.0-9.0-0.13"},{"rt":5450,"url":"../static/nodeGraphs_normal.html","edge":"5to8","edgeRT":"3840","skip":"false","flipped":"FALSE","index":"14","edgeClickLog":"[{\"edgeSelection\":\"5to8\",\"edgeRTMS\":3840}]","trial_id":"cong_9","congruency":"C","trial_group":"10to15","condition":"normal","inference_edge":[],"inference_edgeClickLog":[],"task":"experiment","subjectId":"rp183l9dz9nohn2","trial_type":"external-html","trial_index":22,"time_elapsed":360182,"internal_node_id":"0.0-9.0-0.14"},{"rt":16319,"url":"../static/nodeGraphs_normal.html","edge":"5to8","edgeRT":"10803","skip":"false","flipped":"FALSE","index":"15","edgeClickLog":"[{\"edgeSelection\":\"5to8\",\"edgeRTMS\":10803}]","trial_id":"test_0","congruency":"I","trial_group":"15to20","condition":"normal","inference_edge":[],"inference_edgeClickLog":[],"task":"experiment","subjectId":"rp183l9dz9nohn2","trial_type":"external-html","trial_index":23,"time_elapsed":377160,"internal_node_id":"0.0-9.0-0.15"},{"rt":8849,"url":"../static/nodeGraphs_normal.html","edge":"3to6","edgeRT":"7658","skip":"false","flipped":"FALSE","index":"16","edgeClickLog":"[{\"edgeSelection\":\"3to6\",\"edgeRTMS\":7658}]","trial_id":"test_1","congruency":"I","trial_group":"15to20","condition":"normal","inference_edge":[],"inference_edgeClickLog":[],"task":"experiment","subjectId":"rp183l9dz9nohn2","trial_type":"external-html","trial_index":24,"time_elapsed":386658,"internal_node_id":"0.0-9.0-0.16"},{"rt":14587,"url":"../static/nodeGraphs_normal.html","edge":"5to7","edgeRT":"14147","skip":"false","flipped":"FALSE","index":"17","edgeClickLog":"[{\"edgeSelection\":\"5to7\",\"edgeRTMS\":14147}]","trial_id":"test_2","congruency":"I","trial_group":"15to20","condition":"normal","inference_edge":[],"inference_edgeClickLog":[],"task":"experiment","subjectId":"rp183l9dz9nohn2","trial_type":"external-html","trial_index":25,"time_elapsed":401907,"internal_node_id":"0.0-9.0-0.17"},{"rt":11423,"url":"../static/nodeGraphs_normal.html","edge":"5to9","edgeRT":"10921","skip":"false","flipped":"FALSE","index":"18","edgeClickLog":"[{\"edgeSelection\":\"5to9\",\"edgeRTMS\":10921}]","trial_id":"test_3","congruency":"I","trial_group":"15to20","condition":"normal","inference_edge":[],"inference_edgeClickLog":[],"task":"experiment","subjectId":"rp183l9dz9nohn2","trial_type":"external-html","trial_index":26,"time_elapsed":413985,"internal_node_id":"0.0-9.0-0.18"},{"rt":8967,"url":"../static/nodeGraphs_normal.html","edge":"6to9","edgeRT":"8782","skip":"false","flipped":"FALSE","index":"19","edgeClickLog":"[{\"edgeSelection\":\"6to9\",\"edgeRTMS\":8782}]","trial_id":"test_4","congruency":"I","trial_group":"15to20","condition":"normal","inference_edge":[],"inference_edgeClickLog":[],"task":"experiment","subjectId":"rp183l9dz9nohn2","trial_type":"external-html","trial_index":27,"time_elapsed":423597,"internal_node_id":"0.0-9.0-0.19"},{"rt":20767,"response":{"P0_Q0":null,"P0_Q1":3,"P0_Q2":6,"P0_Q3":6,"P0_Q4":6,"P0_Q5":7,"strategies":"just trying to make them pick the best path ","feedback":""},"accuracy":[],"trial_type":"survey","trial_index":28,"time_elapsed":444921,"internal_node_id":"0.0-10.0"},{"rt":2116,"stimulus":"<p>Thanks for your time!</p>        <p>We need to manually calculate your bonus pay, please give us up to 7 days.</p><p>Press any key to conclude.</p>","response":" ","task":"end","subjectId":"rp183l9dz9nohn2","trial_type":"html-keyboard-response","trial_index":29,"time_elapsed":447040,"internal_node_id":"0.0-11.0","interactions":"[{\"event\":\"blur\",\"trial\":1,\"time\":6143},{\"event\":\"focus\",\"trial\":1,\"time\":9763},{\"event\":\"fullscreenenter\",\"trial\":1,\"time\":10924},{\"event\":\"fullscreenexit\",\"trial\":3,\"time\":53464},{\"event\":\"blur\",\"trial\":3,\"time\":55032},{\"event\":\"focus\",\"trial\":3,\"time\":57919},{\"event\":\"blur\",\"trial\":4,\"time\":108802},{\"event\":\"focus\",\"trial\":4,\"time\":108802}]"}]