[{"success":true,"timeout":false,"failed_images":[],"failed_audio":[],"failed_video":[],"trial_type":"preload","trial_index":0,"time_elapsed":153,"internal_node_id":"0.0-0.0"},{"success":true,"trial_type":"fullscreen","trial_index":1,"time_elapsed":3286,"internal_node_id":"0.0-1.0"},{"rt":3395,"stimulus":"Welcome to the experiment. Press any key to begin.","response":"enter","trial_type":"html-keyboard-response","trial_index":2,"time_elapsed":6682,"internal_node_id":"0.0-2.0"},{"view_history":[{"page_index":0,"viewing_time":3834},{"page_index":1,"viewing_time":6844},{"page_index":2,"viewing_time":33492},{"page_index":3,"viewing_time":5092},{"page_index":4,"viewing_time":1932},{"page_index":5,"viewing_time":1390},{"page_index":6,"viewing_time":6766},{"page_index":7,"viewing_time":8934},{"page_index":8,"viewing_time":16250},{"page_index":9,"viewing_time":12884},{"page_index":10,"viewing_time":1583},{"page_index":11,"viewing_time":1030},{"page_index":12,"viewing_time":810},{"page_index":13,"viewing_time":1996},{"page_index":14,"viewing_time":4600},{"page_index":15,"viewing_time":7350},{"page_index":16,"viewing_time":1296},{"page_index":17,"viewing_time":645},{"page_index":18,"viewing_time":1764},{"page_index":19,"viewing_time":5243},{"page_index":20,"viewing_time":5398},{"page_index":21,"viewing_time":4649}],"rt":133782,"trial_type":"instructions","trial_index":3,"time_elapsed":140464,"internal_node_id":"0.0-3.0"},{"rt":153776,"url":"../static/nodeGraphsTraining_distractor.html","skip":[],"edgeClickLog":[],"inference_edge":[],"inference_edgeClickLog":[],"trial_type":"external-html","trial_index":4,"time_elapsed":294370,"internal_node_id":"0.0-4.0"},{"rt":29635,"response":{"q1":"The goal is to help the student to get the most points.","q2":"False","q3":"Possible edges you, as the teacher, can choose to teach the learner.","q4":"Edges that the student took before."},"question_order":[0,1,2,3],"trial_type":"survey-multi-choice","trial_index":5,"time_elapsed":324007,"internal_node_id":"0.0-5.0"},{"rt":5348,"stimulus":"<p>You can take a 60 second break before starting the experiment.</p><br><br><p>This page will advance in 60 seconds or you can press any key to advance now.</p>","response":"enter","trial_type":"html-keyboard-response","trial_index":6,"time_elapsed":329356,"internal_node_id":"0.0-7.0"},{"view_history":[{"page_index":0,"viewing_time":37902}],"rt":37902,"trial_type":"instructions","trial_index":7,"time_elapsed":367259,"internal_node_id":"0.0-8.0"},{"rt":43412,"url":"../static/nodeGraphs_distractor.html","edge":"1to4","edgeRT":"8474","skip":"false","flipped":"FALSE","index":"0","edgeClickLog":"[{\"edgeSelection\":\"1to4\",\"edgeRTMS\":8474}]","trial_id":"cong_0","congruency":"C","trial_group":"1to5","condition":"distractor","inference_edge":"1to4,4to7,4to8","inference_edgeClickLog":"[{\"edgeSelection\":\"1to4\",\"edgeRTMS\":7313},{\"edgeSelection\":\"4to7\",\"edgeRTMS\":29577},{\"edgeSelection\":\"4to8\",\"edgeRTMS\":30399}]","inference_edgeRT":"30399","inference_edge_last":"4to8","task":"experiment","subjectId":"5ufz675nj79gmv5","trial_type":"external-html","trial_index":8,"time_elapsed":410800,"internal_node_id":"0.0-9.0-0.0"},{"rt":28056,"url":"../static/nodeGraphs_distractor.html","edge":"2to6","edgeRT":"6893","skip":"false","flipped":"FALSE","index":"1","edgeClickLog":"[{\"edgeSelection\":\"2to6\",\"edgeRTMS\":6893}]","trial_id":"cong_1","congruency":"C","trial_group":"1to5","condition":"distractor","inference_edge":"2to6,2to4,6to9","inference_edgeClickLog":"[{\"edgeSelection\":\"2to6\",\"edgeRTMS\":6657},{\"edgeSelection\":\"2to4\",\"edgeRTMS\":9127},{\"edgeSelection\":\"6to9\",\"edgeRTMS\":16869}]","inference_edgeRT":"16869","inference_edge_last":"6to9","task":"experiment","subjectId":"5ufz675nj79gmv5","trial_type":"external-html","trial_index":9,"time_elapsed":439482,"internal_node_id":"0.0-9.0-0.1"},{"rt":28739,"url":"../static/nodeGraphs_distractor.html","edge":"2to5","edgeRT":"6002","skip":"false","flipped":"FALSE","index":"2","edgeClickLog":"[{\"edgeSelection\":\"2to5\",\"edgeRTMS\":6002}]","trial_id":"cong_6","congruency":"C","trial_group":"1to5","condition":"distractor","inference_edge":"2to5,5to9,5to7","inference_edgeClickLog":"[{\"edgeSelection\":\"2to5\",\"edgeRTMS\":7577},{\"edgeSelection\":\"5to9\",\"edgeRTMS\":14861},{\"edgeSelection\":\"5to7\",\"edgeRTMS\":16107}]","inference_edgeRT":"16107","inference_edge_last":"5to7","task":"experiment","subjectId":"5ufz675nj79gmv5","trial_type":"external-html","trial_index":10,"time_elapsed":468847,"internal_node_id":"0.0-9.0-0.2"},{"rt":25102,"url":"../static/nodeGraphs_distractor.html","edge":"2to4","edgeRT":"3575","skip":"false","flipped":"FALSE","index":"3","edgeClickLog":"[{\"edgeSelection\":\"2to4\",\"edgeRTMS\":3575}]","trial_id":"cong_4","congruency":"C","trial_group":"1to5","condition":"distractor","inference_edge":"2to4,4to8,5to8","inference_edgeClickLog":"[{\"edgeSelection\":\"2to4\",\"edgeRTMS\":4269},{\"edgeSelection\":\"4to8\",\"edgeRTMS\":5801},{\"edgeSelection\":\"5to8\",\"edgeRTMS\":16751}]","inference_edgeRT":"16751","inference_edge_last":"5to8","task":"experiment","subjectId":"5ufz675nj79gmv5","trial_type":"external-html","trial_index":11,"time_elapsed":494585,"internal_node_id":"0.0-9.0-0.3"},{"rt":14081,"url":"../static/nodeGraphs_distractor.html","edge":"2to5","edgeRT":"1990","skip":"false","flipped":"FALSE","index":"4","edgeClickLog":"[{\"edgeSelection\":\"2to5\",\"edgeRTMS\":1990}]","trial_id":"cong_9","congruency":"C","trial_group":"1to5","condition":"distractor","inference_edge":"2to5,5to8,5to9","inference_edgeClickLog":"[{\"edgeSelection\":\"2to5\",\"edgeRTMS\":3325},{\"edgeSelection\":\"5to8\",\"edgeRTMS\":4751},{\"edgeSelection\":\"5to9\",\"edgeRTMS\":7829}]","inference_edgeRT":"7829","inference_edge_last":"5to9","task":"experiment","subjectId":"5ufz675nj79gmv5","trial_type":"external-html","trial_index":12,"time_elapsed":509293,"internal_node_id":"0.0-9.0-0.4"},{"rt":18151,"url":"../static/nodeGraphs_distractor.html","edge":"3to6","edgeRT":"1511","skip":"false","flipped":"TRUE","index":"5","edgeClickLog":"[{\"edgeSelection\":\"3to6\",\"edgeRTMS\":1511}]","trial_id":"cong_0_flipped","congruency":"C","trial_group":"5to10","condition":"distractor","inference_edge":"3to6,0to2,2to6","inference_edgeClickLog":"[{\"edgeSelection\":\"3to6\",\"edgeRTMS\":3395},{\"edgeSelection\":\"0to2\",\"edgeRTMS\":12216},{\"edgeSelection\":\"2to6\",\"edgeRTMS\":13131}]","inference_edgeRT":"13131","inference_edge_last":"2to6","task":"experiment","subjectId":"5ufz675nj79gmv5","trial_type":"external-html","trial_index":13,"time_elapsed":528073,"internal_node_id":"0.0-9.0-0.5"},{"rt":23196,"url":"../static/nodeGraphs_distractor.html","edge":"2to4","edgeRT":"1787","skip":"false","flipped":"TRUE","index":"6","edgeClickLog":"[{\"edgeSelection\":\"2to4\",\"edgeRTMS\":1787}]","trial_id":"cong_1_flipped","congruency":"C","trial_group":"5to10","condition":"distractor","inference_edge":"2to4,4to7,2to6","inference_edgeClickLog":"[{\"edgeSelection\":\"2to4\",\"edgeRTMS\":4571},{\"edgeSelection\":\"4to7\",\"edgeRTMS\":12822},{\"edgeSelection\":\"2to6\",\"edgeRTMS\":17032}]","inference_edgeRT":"17032","inference_edge_last":"2to6","task":"experiment","subjectId":"5ufz675nj79gmv5","trial_type":"external-html","trial_index":14,"time_elapsed":551912,"internal_node_id":"0.0-9.0-0.6"},{"rt":13987,"url":"../static/nodeGraphs_distractor.html","edge":"2to5","edgeRT":"1037","skip":"false","flipped":"TRUE","index":"7","edgeClickLog":"[{\"edgeSelection\":\"2to5\",\"edgeRTMS\":1037}]","trial_id":"cong_6_flipped","congruency":"C","trial_group":"5to10","condition":"distractor","inference_edge":"2to5,5to9,5to7","inference_edgeClickLog":"[{\"edgeSelection\":\"2to5\",\"edgeRTMS\":4059},{\"edgeSelection\":\"5to9\",\"edgeRTMS\":7587},{\"edgeSelection\":\"5to7\",\"edgeRTMS\":8631}]","inference_edgeRT":"8631","inference_edge_last":"5to7","task":"experiment","subjectId":"5ufz675nj79gmv5","trial_type":"external-html","trial_index":15,"time_elapsed":566524,"internal_node_id":"0.0-9.0-0.7"},{"rt":17850,"url":"../static/nodeGraphs_distractor.html","edge":"2to6","edgeRT":"1351","skip":"false","flipped":"TRUE","index":"8","edgeClickLog":"[{\"edgeSelection\":\"2to6\",\"edgeRTMS\":1351}]","trial_id":"cong_4_flipped","congruency":"C","trial_group":"5to10","condition":"distractor","inference_edge":"2to6,6to8,5to8","inference_edgeClickLog":"[{\"edgeSelection\":\"2to6\",\"edgeRTMS\":4043},{\"edgeSelection\":\"6to8\",\"edgeRTMS\":5501},{\"edgeSelection\":\"5to8\",\"edgeRTMS\":14335}]","inference_edgeRT":"14335","inference_edge_last":"5to8","task":"experiment","subjectId":"5ufz675nj79gmv5","trial_type":"external-html","trial_index":16,"time_elapsed":585002,"internal_node_id":"0.0-9.0-0.8"},{"rt":10250,"url":"../static/nodeGraphs_distractor.html","edge":"2to5","edgeRT":"1555","skip":"false","flipped":"TRUE","index":"9","edgeClickLog":"[{\"edgeSelection\":\"2to5\",\"edgeRTMS\":1555}]","trial_id":"cong_9_flipped","congruency":"C","trial_group":"5to10","condition":"distractor","inference_edge":"2to5,5to8,5to7","inference_edgeClickLog":"[{\"edgeSelection\":\"2to5\",\"edgeRTMS\":2889},{\"edgeSelection\":\"5to8\",\"edgeRTMS\":4016},{\"edgeSelection\":\"5to7\",\"edgeRTMS\":5215}]","inference_edgeRT":"5215","inference_edge_last":"5to7","task":"experiment","subjectId":"5ufz675nj79gmv5","trial_type":"external-html","trial_index":17,"time_elapsed":595878,"internal_node_id":"0.0-9.0-0.9"},{"rt":17563,"url":"../static/nodeGraphs_distractor.html","edge":"1to4","edgeRT":"1258","skip":"false","flipped":"FALSE","index":"10","edgeClickLog":"[{\"edgeSelection\":\"1to4\",\"edgeRTMS\":1258}]","trial_id":"cong_0","congruency":"C","trial_group":"10to15","condition":"distractor","inference_edge":"1to4,4to7,4to8","inference_edgeClickLog":"[{\"edgeSelection\":\"1to4\",\"edgeRTMS\":2787},{\"edgeSelection\":\"4to7\",\"edgeRTMS\":8358},{\"edgeSelection\":\"5to7\",\"edgeRTMS\":9083},{\"edgeSelection\":\"5to7\",\"edgeRTMS\":10485},{\"edgeSelection\":\"4to8\",\"edgeRTMS\":11619}]","inference_edgeRT":"11619","inference_edge_last":"4to8","task":"experiment","subjectId":"5ufz675nj79gmv5","trial_type":"external-html","trial_index":18,"time_elapsed":614074,"internal_node_id":"0.0-9.0-0.10"},{"rt":19882,"url":"../static/nodeGraphs_distractor.html","edge":"2to6","edgeRT":"1094","skip":"false","flipped":"FALSE","index":"11","edgeClickLog":"[{\"edgeSelection\":\"2to6\",\"edgeRTMS\":1094}]","trial_id":"cong_1","congruency":"C","trial_group":"10to15","condition":"distractor","inference_edge":"2to6,6to9,2to4","inference_edgeClickLog":"[{\"edgeSelection\":\"2to6\",\"edgeRTMS\":5265},{\"edgeSelection\":\"6to9\",\"edgeRTMS\":8258},{\"edgeSelection\":\"2to4\",\"edgeRTMS\":16754}]","inference_edgeRT":"16754","inference_edge_last":"2to4","task":"experiment","subjectId":"5ufz675nj79gmv5","trial_type":"external-html","trial_index":19,"time_elapsed":634583,"internal_node_id":"0.0-9.0-0.11"},{"rt":12488,"url":"../static/nodeGraphs_distractor.html","edge":"2to5","edgeRT":"1075","skip":"false","flipped":"FALSE","index":"12","edgeClickLog":"[{\"edgeSelection\":\"2to5\",\"edgeRTMS\":1075}]","trial_id":"cong_6","congruency":"C","trial_group":"10to15","condition":"distractor","inference_edge":"2to5,5to7,5to9","inference_edgeClickLog":"[{\"edgeSelection\":\"2to5\",\"edgeRTMS\":4001},{\"edgeSelection\":\"5to7\",\"edgeRTMS\":6229},{\"edgeSelection\":\"5to9\",\"edgeRTMS\":7691}]","inference_edgeRT":"7691","inference_edge_last":"5to9","task":"experiment","subjectId":"5ufz675nj79gmv5","trial_type":"external-html","trial_index":20,"time_elapsed":647703,"internal_node_id":"0.0-9.0-0.12"},{"rt":18794,"url":"../static/nodeGraphs_distractor.html","edge":"2to4","edgeRT":"1097","skip":"false","flipped":"FALSE","index":"13","edgeClickLog":"[{\"edgeSelection\":\"2to4\",\"edgeRTMS\":1097}]","trial_id":"cong_4","congruency":"C","trial_group":"10to15","condition":"distractor","inference_edge":"2to4,4to8,5to8","inference_edgeClickLog":"[{\"edgeSelection\":\"2to4\",\"edgeRTMS\":2451},{\"edgeSelection\":\"4to8\",\"edgeRTMS\":3627},{\"edgeSelection\":\"5to8\",\"edgeRTMS\":16679}]","inference_edgeRT":"16679","inference_edge_last":"5to8","task":"experiment","subjectId":"5ufz675nj79gmv5","trial_type":"external-html","trial_index":21,"time_elapsed":667133,"internal_node_id":"0.0-9.0-0.13"},{"rt":10397,"url":"../static/nodeGraphs_distractor.html","edge":"2to5","edgeRT":"997","skip":"false","flipped":"FALSE","index":"14","edgeClickLog":"[{\"edgeSelection\":\"2to5\",\"edgeRTMS\":997}]","trial_id":"cong_9","congruency":"C","trial_group":"10to15","condition":"distractor","inference_edge":"2to5,5to8,5to9","inference_edgeClickLog":"[{\"edgeSelection\":\"2to5\",\"edgeRTMS\":3465},{\"edgeSelection\":\"5to8\",\"edgeRTMS\":4525},{\"edgeSelection\":\"5to9\",\"edgeRTMS\":6191}]","inference_edgeRT":"6191","inference_edge_last":"5to9","task":"experiment","subjectId":"5ufz675nj79gmv5","trial_type":"external-html","trial_index":22,"time_elapsed":678157,"internal_node_id":"0.0-9.0-0.14"},{"rt":27197,"url":"../static/nodeGraphs_distractor.html","edge":"3to6","edgeRT":"15608","skip":"false","flipped":"FALSE","index":"15","edgeClickLog":"[{\"edgeSelection\":\"3to6\",\"edgeRTMS\":15608}]","trial_id":"test_0","congruency":"I","trial_group":"15to20","condition":"distractor","inference_edge":"2to5,5to8,5to9","inference_edgeClickLog":"[{\"edgeSelection\":\"2to5\",\"edgeRTMS\":3465},{\"edgeSelection\":\"5to8\",\"edgeRTMS\":4525},{\"edgeSelection\":\"5to9\",\"edgeRTMS\":6191}]","inference_edgeRT":"6191","inference_edge_last":"","task":"experiment","subjectId":"5ufz675nj79gmv5","trial_type":"external-html","trial_index":23,"time_elapsed":705982,"internal_node_id":"0.0-9.0-0.15"},{"rt":7817,"url":"../static/nodeGraphs_distractor.html","edge":"0to3","edgeRT":"4503","skip":"false","flipped":"FALSE","index":"16","edgeClickLog":"[{\"edgeSelection\":\"0to3\",\"edgeRTMS\":4503}]","trial_id":"test_1","congruency":"I","trial_group":"15to20","condition":"distractor","inference_edge":"2to5,5to8,5to9","inference_edgeClickLog":"[{\"edgeSelection\":\"2to5\",\"edgeRTMS\":3465},{\"edgeSelection\":\"5to8\",\"edgeRTMS\":4525},{\"edgeSelection\":\"5to9\",\"edgeRTMS\":6191}]","inference_edgeRT":"6191","inference_edge_last":"","task":"experiment","subjectId":"5ufz675nj79gmv5","trial_type":"external-html","trial_index":24,"time_elapsed":714426,"internal_node_id":"0.0-9.0-0.16"},{"rt":5828,"url":"../static/nodeGraphs_distractor.html","edge":"0to3","edgeRT":"5119","skip":"false","flipped":"FALSE","index":"17","edgeClickLog":"[{\"edgeSelection\":\"0to3\",\"edgeRTMS\":3638},{\"edgeSelection\":\"0to3\",\"edgeRTMS\":5119}]","trial_id":"test_2","congruency":"I","trial_group":"15to20","condition":"distractor","inference_edge":"2to5,5to8,5to9","inference_edgeClickLog":"[{\"edgeSelection\":\"2to5\",\"edgeRTMS\":3465},{\"edgeSelection\":\"5to8\",\"edgeRTMS\":4525},{\"edgeSelection\":\"5to9\",\"edgeRTMS\":6191}]","inference_edgeRT":"6191","inference_edge_last":"","task":"experiment","subjectId":"5ufz675nj79gmv5","trial_type":"external-html","trial_index":25,"time_elapsed":720884,"internal_node_id":"0.0-9.0-0.17"},{"rt":5065,"url":"../static/nodeGraphs_distractor.html","edge":"0to1","edgeRT":"3099","skip":"false","flipped":"FALSE","index":"18","edgeClickLog":"[{\"edgeSelection\":\"0to1\",\"edgeRTMS\":3099}]","trial_id":"test_3","congruency":"I","trial_group":"15to20","condition":"distractor","inference_edge":"2to5,5to8,5to9","inference_edgeClickLog":"[{\"edgeSelection\":\"2to5\",\"edgeRTMS\":3465},{\"edgeSelection\":\"5to8\",\"edgeRTMS\":4525},{\"edgeSelection\":\"5to9\",\"edgeRTMS\":6191}]","inference_edgeRT":"6191","inference_edge_last":"","task":"experiment","subjectId":"5ufz675nj79gmv5","trial_type":"external-html","trial_index":26,"time_elapsed":726584,"internal_node_id":"0.0-9.0-0.18"},{"rt":10468,"url":"../static/nodeGraphs_distractor.html","edge":"0to3","edgeRT":"9565","skip":"false","flipped":"FALSE","index":"19","edgeClickLog":"[{\"edgeSelection\":\"0to3\",\"edgeRTMS\":9565}]","trial_id":"test_4","congruency":"I","trial_group":"15to20","condition":"distractor","inference_edge":"2to5,5to8,5to9","inference_edgeClickLog":"[{\"edgeSelection\":\"2to5\",\"edgeRTMS\":3465},{\"edgeSelection\":\"5to8\",\"edgeRTMS\":4525},{\"edgeSelection\":\"5to9\",\"edgeRTMS\":6191}]","inference_edgeRT":"6191","inference_edge_last":"","task":"experiment","subjectId":"5ufz675nj79gmv5","trial_type":"external-html","trial_index":27,"time_elapsed":737680,"internal_node_id":"0.0-9.0-0.19"},{"rt":67726,"response":{"P0_Q0":null,"P0_Q1":2,"P0_Q2":6,"P0_Q3":6,"P0_Q4":3,"P0_Q5":1,"strategies":"I tried to point them to the highest scoring route","feedback":"No"},"accuracy":[],"trial_type":"survey","trial_index":28,"time_elapsed":805938,"internal_node_id":"0.0-10.0"},{"rt":7483,"stimulus":"<p>Thanks for your time!</p>        <p>We need to manually calculate your bonus pay, please give us up to 7 days.</p><p>Press any key to conclude.</p>","response":" ","task":"end","subjectId":"5ufz675nj79gmv5","trial_type":"html-keyboard-response","trial_index":29,"time_elapsed":813422,"internal_node_id":"0.0-11.0","interactions":"[{\"event\":\"fullscreenenter\",\"trial\":1,\"time\":2291}]"}]