[{"success":true,"timeout":false,"failed_images":[],"failed_audio":[],"failed_video":[],"trial_type":"preload","trial_index":0,"time_elapsed":558,"internal_node_id":"0.0-0.0"},{"success":true,"trial_type":"fullscreen","trial_index":1,"time_elapsed":3781,"internal_node_id":"0.0-1.0"},{"rt":7176,"stimulus":"Welcome to the experiment. Press any key to begin.","response":"enter","trial_type":"html-keyboard-response","trial_index":2,"time_elapsed":10959,"internal_node_id":"0.0-2.0"},{"view_history":[{"page_index":0,"viewing_time":4268},{"page_index":1,"viewing_time":7151},{"page_index":2,"viewing_time":50563},{"page_index":3,"viewing_time":71488},{"page_index":4,"viewing_time":4030},{"page_index":5,"viewing_time":2300},{"page_index":6,"viewing_time":3692},{"page_index":7,"viewing_time":12350},{"page_index":8,"viewing_time":15736},{"page_index":9,"viewing_time":13766},{"page_index":10,"viewing_time":2550},{"page_index":11,"viewing_time":3262},{"page_index":12,"viewing_time":836},{"page_index":13,"viewing_time":1880},{"page_index":14,"viewing_time":2970},{"page_index":15,"viewing_time":4554},{"page_index":16,"viewing_time":1685},{"page_index":17,"viewing_time":654},{"page_index":18,"viewing_time":788},{"page_index":19,"viewing_time":6004},{"page_index":20,"viewing_time":8195},{"page_index":21,"viewing_time":5409}],"rt":224130,"trial_type":"instructions","trial_index":3,"time_elapsed":235090,"internal_node_id":"0.0-3.0"},{"rt":109212,"url":"../static/nodeGraphsTraining_normal.html","skip":[],"edgeClickLog":[],"inference_edge":[],"inference_edgeClickLog":[],"trial_type":"external-html","trial_index":4,"time_elapsed":344661,"internal_node_id":"0.0-4.0"},{"rt":39989,"response":{"q1":"The goal is to help the student to get the most points","q2":"False","q3":"Possible paths you, as the teacher, can choose to teach the learner.","q4":"Paths that the student took before."},"question_order":[0,1,2,3],"trial_type":"survey-multi-choice","trial_index":5,"time_elapsed":384655,"internal_node_id":"0.0-5.0"},{"rt":null,"stimulus":"<p>You can take a 60 second break before starting the experiment.</p><br><br><p>This page will advance in 60 seconds or you can press any key to advance now.</p>","response":null,"trial_type":"html-keyboard-response","trial_index":6,"time_elapsed":444659,"internal_node_id":"0.0-7.0"},{"view_history":[{"page_index":0,"viewing_time":299321}],"rt":299322,"trial_type":"instructions","trial_index":7,"time_elapsed":743981,"internal_node_id":"0.0-8.0"},{"rt":9389,"url":"../static/nodeGraphs_normal.html","edge":"2to4","edgeRT":"7746","skip":"false","flipped":"FALSE","index":"0","edgeClickLog":"[{\"edgeSelection\":\"2to4\",\"edgeRTMS\":7746}]","trial_id":"cong_0","congruency":"C","trial_group":"1to5","condition":"normal","inference_edge":[],"inference_edgeClickLog":[],"task":"experiment","subjectId":"swvxauzfvex04cx","trial_type":"external-html","trial_index":8,"time_elapsed":753879,"internal_node_id":"0.0-9.0-0.0"},{"rt":7009,"url":"../static/nodeGraphs_normal.html","edge":"2to6","edgeRT":"5612","skip":"false","flipped":"FALSE","index":"1","edgeClickLog":"[{\"edgeSelection\":\"2to6\",\"edgeRTMS\":5612}]","trial_id":"cong_1","congruency":"C","trial_group":"1to5","condition":"normal","inference_edge":[],"inference_edgeClickLog":[],"task":"experiment","subjectId":"swvxauzfvex04cx","trial_type":"external-html","trial_index":9,"time_elapsed":761749,"internal_node_id":"0.0-9.0-0.1"},{"rt":12073,"url":"../static/nodeGraphs_normal.html","edge":"5to7","edgeRT":"11655","skip":"false","flipped":"FALSE","index":"2","edgeClickLog":"[{\"edgeSelection\":\"5to7\",\"edgeRTMS\":11655}]","trial_id":"cong_6","congruency":"C","trial_group":"1to5","condition":"normal","inference_edge":[],"inference_edgeClickLog":[],"task":"experiment","subjectId":"swvxauzfvex04cx","trial_type":"external-html","trial_index":10,"time_elapsed":774668,"internal_node_id":"0.0-9.0-0.2"},{"rt":7714,"url":"../static/nodeGraphs_normal.html","edge":"2to4","edgeRT":"5860","skip":"false","flipped":"FALSE","index":"3","edgeClickLog":"[{\"edgeSelection\":\"2to4\",\"edgeRTMS\":5860}]","trial_id":"cong_4","congruency":"C","trial_group":"1to5","condition":"normal","inference_edge":[],"inference_edgeClickLog":[],"task":"experiment","subjectId":"swvxauzfvex04cx","trial_type":"external-html","trial_index":11,"time_elapsed":783230,"internal_node_id":"0.0-9.0-0.3"},{"rt":9454,"url":"../static/nodeGraphs_normal.html","edge":"5to8","edgeRT":"8476","skip":"false","flipped":"FALSE","index":"4","edgeClickLog":"[{\"edgeSelection\":\"5to8\",\"edgeRTMS\":8476}]","trial_id":"cong_9","congruency":"C","trial_group":"1to5","condition":"normal","inference_edge":[],"inference_edgeClickLog":[],"task":"experiment","subjectId":"swvxauzfvex04cx","trial_type":"external-html","trial_index":12,"time_elapsed":793622,"internal_node_id":"0.0-9.0-0.4"},{"rt":8965,"url":"../static/nodeGraphs_normal.html","edge":"2to6","edgeRT":"8816","skip":"false","flipped":"TRUE","index":"5","edgeClickLog":"[{\"edgeSelection\":\"2to6\",\"edgeRTMS\":8816}]","trial_id":"cong_0_flipped","congruency":"C","trial_group":"5to10","condition":"normal","inference_edge":[],"inference_edgeClickLog":[],"task":"experiment","subjectId":"swvxauzfvex04cx","trial_type":"external-html","trial_index":13,"time_elapsed":803431,"internal_node_id":"0.0-9.0-0.5"},{"rt":6013,"url":"../static/nodeGraphs_normal.html","edge":"2to4","edgeRT":"5403","skip":"false","flipped":"TRUE","index":"6","edgeClickLog":"[{\"edgeSelection\":\"2to4\",\"edgeRTMS\":5403}]","trial_id":"cong_1_flipped","congruency":"C","trial_group":"5to10","condition":"normal","inference_edge":[],"inference_edgeClickLog":[],"task":"experiment","subjectId":"swvxauzfvex04cx","trial_type":"external-html","trial_index":14,"time_elapsed":810292,"internal_node_id":"0.0-9.0-0.6"},{"rt":7199,"url":"../static/nodeGraphs_normal.html","edge":"5to8","edgeRT":"5967","skip":"false","flipped":"TRUE","index":"7","edgeClickLog":"[{\"edgeSelection\":\"5to8\",\"edgeRTMS\":5967}]","trial_id":"cong_6_flipped","congruency":"C","trial_group":"5to10","condition":"normal","inference_edge":[],"inference_edgeClickLog":[],"task":"experiment","subjectId":"swvxauzfvex04cx","trial_type":"external-html","trial_index":15,"time_elapsed":818336,"internal_node_id":"0.0-9.0-0.7"},{"rt":11404,"url":"../static/nodeGraphs_normal.html","edge":"2to6","edgeRT":"10822","skip":"false","flipped":"TRUE","index":"8","edgeClickLog":"[{\"edgeSelection\":\"2to6\",\"edgeRTMS\":10822}]","trial_id":"cong_4_flipped","congruency":"C","trial_group":"5to10","condition":"normal","inference_edge":[],"inference_edgeClickLog":[],"task":"experiment","subjectId":"swvxauzfvex04cx","trial_type":"external-html","trial_index":16,"time_elapsed":830587,"internal_node_id":"0.0-9.0-0.8"},{"rt":15264,"url":"../static/nodeGraphs_normal.html","edge":"5to8","edgeRT":"14912","skip":"false","flipped":"TRUE","index":"9","edgeClickLog":"[{\"edgeSelection\":\"5to8\",\"edgeRTMS\":14912}]","trial_id":"cong_9_flipped","congruency":"C","trial_group":"5to10","condition":"normal","inference_edge":[],"inference_edgeClickLog":[],"task":"experiment","subjectId":"swvxauzfvex04cx","trial_type":"external-html","trial_index":17,"time_elapsed":846998,"internal_node_id":"0.0-9.0-0.9"},{"rt":7025,"url":"../static/nodeGraphs_normal.html","edge":"2to4","edgeRT":"6703","skip":"false","flipped":"FALSE","index":"10","edgeClickLog":"[{\"edgeSelection\":\"2to4\",\"edgeRTMS\":6703}]","trial_id":"cong_0","congruency":"C","trial_group":"10to15","condition":"normal","inference_edge":[],"inference_edgeClickLog":[],"task":"experiment","subjectId":"swvxauzfvex04cx","trial_type":"external-html","trial_index":18,"time_elapsed":854874,"internal_node_id":"0.0-9.0-0.10"},{"rt":6625,"url":"../static/nodeGraphs_normal.html","edge":"2to6","edgeRT":"6181","skip":"false","flipped":"FALSE","index":"11","edgeClickLog":"[{\"edgeSelection\":\"2to6\",\"edgeRTMS\":6181}]","trial_id":"cong_1","congruency":"C","trial_group":"10to15","condition":"normal","inference_edge":[],"inference_edgeClickLog":[],"task":"experiment","subjectId":"swvxauzfvex04cx","trial_type":"external-html","trial_index":19,"time_elapsed":862174,"internal_node_id":"0.0-9.0-0.11"},{"rt":5047,"url":"../static/nodeGraphs_normal.html","edge":"5to8","edgeRT":"4910","skip":"false","flipped":"FALSE","index":"12","edgeClickLog":"[{\"edgeSelection\":\"5to8\",\"edgeRTMS\":4910}]","trial_id":"cong_6","congruency":"C","trial_group":"10to15","condition":"normal","inference_edge":[],"inference_edgeClickLog":[],"task":"experiment","subjectId":"swvxauzfvex04cx","trial_type":"external-html","trial_index":20,"time_elapsed":868383,"internal_node_id":"0.0-9.0-0.12"},{"rt":15218,"url":"../static/nodeGraphs_normal.html","edge":"2to4","edgeRT":"14721","skip":"false","flipped":"FALSE","index":"13","edgeClickLog":"[{\"edgeSelection\":\"2to4\",\"edgeRTMS\":14721}]","trial_id":"cong_4","congruency":"C","trial_group":"10to15","condition":"normal","inference_edge":[],"inference_edgeClickLog":[],"task":"experiment","subjectId":"swvxauzfvex04cx","trial_type":"external-html","trial_index":21,"time_elapsed":884440,"internal_node_id":"0.0-9.0-0.13"},{"rt":4979,"url":"../static/nodeGraphs_normal.html","edge":"5to8","edgeRT":"4776","skip":"false","flipped":"FALSE","index":"14","edgeClickLog":"[{\"edgeSelection\":\"5to8\",\"edgeRTMS\":4776}]","trial_id":"cong_9","congruency":"C","trial_group":"10to15","condition":"normal","inference_edge":[],"inference_edgeClickLog":[],"task":"experiment","subjectId":"swvxauzfvex04cx","trial_type":"external-html","trial_index":22,"time_elapsed":890264,"internal_node_id":"0.0-9.0-0.14"},{"rt":58343,"url":"../static/nodeGraphs_normal.html","edge":"1to5","edgeRT":"17376","skip":"false","flipped":"FALSE","index":"15","edgeClickLog":"[{\"edgeSelection\":\"1to5\",\"edgeRTMS\":17376}]","trial_id":"test_0","congruency":"I","trial_group":"15to20","condition":"normal","inference_edge":[],"inference_edgeClickLog":[],"task":"experiment","subjectId":"swvxauzfvex04cx","trial_type":"external-html","trial_index":23,"time_elapsed":949458,"internal_node_id":"0.0-9.0-0.15"},{"rt":14865,"url":"../static/nodeGraphs_normal.html","edge":"3to5","edgeRT":"14186","skip":"false","flipped":"FALSE","index":"16","edgeClickLog":"[{\"edgeSelection\":\"3to5\",\"edgeRTMS\":13048},{\"edgeSelection\":\"3to5\",\"edgeRTMS\":14186}]","trial_id":"test_1","congruency":"I","trial_group":"15to20","condition":"normal","inference_edge":[],"inference_edgeClickLog":[],"task":"experiment","subjectId":"swvxauzfvex04cx","trial_type":"external-html","trial_index":24,"time_elapsed":965176,"internal_node_id":"0.0-9.0-0.16"},{"rt":12526,"url":"../static/nodeGraphs_normal.html","edge":"5to7","edgeRT":"12434","skip":"false","flipped":"FALSE","index":"17","edgeClickLog":"[{\"edgeSelection\":\"5to7\",\"edgeRTMS\":11441},{\"edgeSelection\":\"5to7\",\"edgeRTMS\":12434}]","trial_id":"test_2","congruency":"I","trial_group":"15to20","condition":"normal","inference_edge":[],"inference_edgeClickLog":[],"task":"experiment","subjectId":"swvxauzfvex04cx","trial_type":"external-html","trial_index":25,"time_elapsed":978552,"internal_node_id":"0.0-9.0-0.17"},{"rt":10575,"url":"../static/nodeGraphs_normal.html","edge":"1to5","edgeRT":"10213","skip":"false","flipped":"FALSE","index":"18","edgeClickLog":"[{\"edgeSelection\":\"1to5\",\"edgeRTMS\":10213}]","trial_id":"test_3","congruency":"I","trial_group":"15to20","condition":"normal","inference_edge":[],"inference_edgeClickLog":[],"task":"experiment","subjectId":"swvxauzfvex04cx","trial_type":"external-html","trial_index":26,"time_elapsed":989981,"internal_node_id":"0.0-9.0-0.18"},{"rt":10321,"url":"../static/nodeGraphs_normal.html","edge":"6to8","edgeRT":"10474","skip":"false","flipped":"FALSE","index":"19","edgeClickLog":"[{\"edgeSelection\":\"6to8\",\"edgeRTMS\":10474}]","trial_id":"test_4","congruency":"I","trial_group":"15to20","condition":"normal","inference_edge":[],"inference_edgeClickLog":[],"task":"experiment","subjectId":"swvxauzfvex04cx","trial_type":"external-html","trial_index":27,"time_elapsed":1001162,"internal_node_id":"0.0-9.0-0.19"},{"rt":31994,"response":{"P0_Q0":null,"P0_Q1":3,"P0_Q2":6,"P0_Q3":5,"P0_Q4":3,"P0_Q5":1,"strategies":"just counted which path would yield the most points","feedback":""},"accuracy":[],"trial_type":"survey","trial_index":28,"time_elapsed":1033740,"internal_node_id":"0.0-10.0"},{"rt":115543,"stimulus":"<p>Thanks for your time!</p>        <p>We need to manually calculate your bonus pay, please give us up to 7 days.</p><p>Press any key to conclude.</p>","response":"enter","task":"end","subjectId":"swvxauzfvex04cx","trial_type":"html-keyboard-response","trial_index":29,"time_elapsed":1149286,"internal_node_id":"0.0-11.0","interactions":"[{\"event\":\"fullscreenenter\",\"trial\":1,\"time\":2799},{\"event\":\"blur\",\"trial\":4,\"time\":255839},{\"event\":\"focus\",\"trial\":4,\"time\":255839},{\"event\":\"fullscreenexit\",\"trial\":4,\"time\":255861},{\"event\":\"blur\",\"trial\":4,\"time\":272187},{\"event\":\"focus\",\"trial\":4,\"time\":272187},{\"event\":\"blur\",\"trial\":4,\"time\":317749},{\"event\":\"focus\",\"trial\":4,\"time\":317750},{\"event\":\"blur\",\"trial\":16,\"time\":828286},{\"event\":\"focus\",\"trial\":16,\"time\":828286},{\"event\":\"blur\",\"trial\":21,\"time\":874293},{\"event\":\"focus\",\"trial\":21,\"time\":874293}]"}]