[{"success":true,"timeout":false,"failed_images":[],"failed_audio":[],"failed_video":[],"trial_type":"preload","trial_index":0,"time_elapsed":1832,"internal_node_id":"0.0-0.0"},{"success":true,"trial_type":"fullscreen","trial_index":1,"time_elapsed":5627,"internal_node_id":"0.0-1.0"},{"rt":2742,"stimulus":"Welcome to the experiment. Press any key to begin.","response":"l","trial_type":"html-keyboard-response","trial_index":2,"time_elapsed":8370,"internal_node_id":"0.0-2.0"},{"view_history":[{"page_index":0,"viewing_time":3578},{"page_index":1,"viewing_time":2498},{"page_index":2,"viewing_time":30233},{"page_index":3,"viewing_time":3947},{"page_index":4,"viewing_time":1305},{"page_index":5,"viewing_time":729},{"page_index":6,"viewing_time":4059},{"page_index":7,"viewing_time":4990},{"page_index":8,"viewing_time":17297},{"page_index":9,"viewing_time":3545},{"page_index":10,"viewing_time":1101},{"page_index":11,"viewing_time":285},{"page_index":12,"viewing_time":313},{"page_index":13,"viewing_time":911},{"page_index":14,"viewing_time":1812},{"page_index":15,"viewing_time":8673},{"page_index":16,"viewing_time":728},{"page_index":17,"viewing_time":372},{"page_index":18,"viewing_time":366},{"page_index":19,"viewing_time":2411},{"page_index":20,"viewing_time":3857},{"page_index":21,"viewing_time":2792}],"rt":95800,"trial_type":"instructions","trial_index":3,"time_elapsed":104170,"internal_node_id":"0.0-3.0"},{"rt":76912,"url":"../static/nodeGraphsTraining_normal.html","skip":[],"edgeClickLog":[],"inference_edge":[],"inference_edgeClickLog":[],"trial_type":"external-html","trial_index":4,"time_elapsed":181330,"internal_node_id":"0.0-4.0"},{"rt":14901,"response":{"q1":"The goal is to help the student to get the most points","q2":"False","q3":"Possible paths you, as the teacher, can choose to teach the learner.","q4":"Paths that the student took before."},"question_order":[0,1,2,3],"trial_type":"survey-multi-choice","trial_index":5,"time_elapsed":196233,"internal_node_id":"0.0-5.0"},{"rt":4419,"stimulus":"<p>You can take a 60 second break before starting the experiment.</p><br><br><p>This page will advance in 60 seconds or you can press any key to advance now.</p>","response":"arrowright","trial_type":"html-keyboard-response","trial_index":6,"time_elapsed":200653,"internal_node_id":"0.0-7.0"},{"view_history":[{"page_index":0,"viewing_time":27944}],"rt":27945,"trial_type":"instructions","trial_index":7,"time_elapsed":228599,"internal_node_id":"0.0-8.0"},{"rt":10432,"url":"../static/nodeGraphs_normal.html","edge":"1to4","edgeRT":"9066","skip":"false","flipped":"FALSE","index":"0","edgeClickLog":"[{\"edgeSelection\":\"1to4\",\"edgeRTMS\":6918},{\"edgeSelection\":\"4to7\",\"edgeRTMS\":8093},{\"edgeSelection\":\"1to4\",\"edgeRTMS\":9066}]","trial_id":"cong_0","congruency":"C","trial_group":"1to5","condition":"normal","inference_edge":[],"inference_edgeClickLog":[],"task":"experiment","subjectId":"qul86z53rk2mdd7","trial_type":"external-html","trial_index":8,"time_elapsed":239271,"internal_node_id":"0.0-9.0-0.0"},{"rt":5152,"url":"../static/nodeGraphs_normal.html","edge":"2to6","edgeRT":"3981","skip":"false","flipped":"FALSE","index":"1","edgeClickLog":"[{\"edgeSelection\":\"2to6\",\"edgeRTMS\":3981}]","trial_id":"cong_1","congruency":"C","trial_group":"1to5","condition":"normal","inference_edge":[],"inference_edgeClickLog":[],"task":"experiment","subjectId":"qul86z53rk2mdd7","trial_type":"external-html","trial_index":9,"time_elapsed":245147,"internal_node_id":"0.0-9.0-0.1"},{"rt":5445,"url":"../static/nodeGraphs_normal.html","edge":"2to5","edgeRT":"3589","skip":"false","flipped":"FALSE","index":"2","edgeClickLog":"[{\"edgeSelection\":\"2to5\",\"edgeRTMS\":3589}]","trial_id":"cong_6","congruency":"C","trial_group":"1to5","condition":"normal","inference_edge":[],"inference_edgeClickLog":[],"task":"experiment","subjectId":"qul86z53rk2mdd7","trial_type":"external-html","trial_index":10,"time_elapsed":251293,"internal_node_id":"0.0-9.0-0.2"},{"rt":8736,"url":"../static/nodeGraphs_normal.html","edge":"2to4","edgeRT":"3440","skip":"false","flipped":"FALSE","index":"3","edgeClickLog":"[{\"edgeSelection\":\"2to4\",\"edgeRTMS\":3440}]","trial_id":"cong_4","congruency":"C","trial_group":"1to5","condition":"normal","inference_edge":[],"inference_edgeClickLog":[],"task":"experiment","subjectId":"qul86z53rk2mdd7","trial_type":"external-html","trial_index":11,"time_elapsed":260775,"internal_node_id":"0.0-9.0-0.3"},{"rt":5684,"url":"../static/nodeGraphs_normal.html","edge":"2to5","edgeRT":"4852","skip":"false","flipped":"FALSE","index":"4","edgeClickLog":"[{\"edgeSelection\":\"2to5\",\"edgeRTMS\":3019},{\"edgeSelection\":\"2to5\",\"edgeRTMS\":4852}]","trial_id":"cong_9","congruency":"C","trial_group":"1to5","condition":"normal","inference_edge":[],"inference_edgeClickLog":[],"task":"experiment","subjectId":"qul86z53rk2mdd7","trial_type":"external-html","trial_index":12,"time_elapsed":267222,"internal_node_id":"0.0-9.0-0.4"},{"rt":5811,"url":"../static/nodeGraphs_normal.html","edge":"3to6","edgeRT":"5500","skip":"false","flipped":"TRUE","index":"5","edgeClickLog":"[{\"edgeSelection\":\"3to6\",\"edgeRTMS\":3761},{\"edgeSelection\":\"3to6\",\"edgeRTMS\":5500}]","trial_id":"cong_0_flipped","congruency":"C","trial_group":"5to10","condition":"normal","inference_edge":[],"inference_edgeClickLog":[],"task":"experiment","subjectId":"qul86z53rk2mdd7","trial_type":"external-html","trial_index":13,"time_elapsed":273769,"internal_node_id":"0.0-9.0-0.5"},{"rt":11148,"url":"../static/nodeGraphs_normal.html","edge":"2to4","edgeRT":"10312","skip":"false","flipped":"TRUE","index":"6","edgeClickLog":"[{\"edgeSelection\":\"2to4\",\"edgeRTMS\":10312}]","trial_id":"cong_1_flipped","congruency":"C","trial_group":"5to10","condition":"normal","inference_edge":[],"inference_edgeClickLog":[],"task":"experiment","subjectId":"qul86z53rk2mdd7","trial_type":"external-html","trial_index":14,"time_elapsed":285666,"internal_node_id":"0.0-9.0-0.6"},{"rt":10303,"url":"../static/nodeGraphs_normal.html","edge":"2to5","edgeRT":"9493","skip":"false","flipped":"TRUE","index":"7","edgeClickLog":"[{\"edgeSelection\":\"2to5\",\"edgeRTMS\":8375},{\"edgeSelection\":\"2to5\",\"edgeRTMS\":9493}]","trial_id":"cong_6_flipped","congruency":"C","trial_group":"5to10","condition":"normal","inference_edge":[],"inference_edgeClickLog":[],"task":"experiment","subjectId":"qul86z53rk2mdd7","trial_type":"external-html","trial_index":15,"time_elapsed":296694,"internal_node_id":"0.0-9.0-0.7"},{"rt":5442,"url":"../static/nodeGraphs_normal.html","edge":"2to6","edgeRT":"3490","skip":"false","flipped":"TRUE","index":"8","edgeClickLog":"[{\"edgeSelection\":\"2to6\",\"edgeRTMS\":3490}]","trial_id":"cong_4_flipped","congruency":"C","trial_group":"5to10","condition":"normal","inference_edge":[],"inference_edgeClickLog":[],"task":"experiment","subjectId":"qul86z53rk2mdd7","trial_type":"external-html","trial_index":16,"time_elapsed":302902,"internal_node_id":"0.0-9.0-0.8"},{"rt":3893,"url":"../static/nodeGraphs_normal.html","edge":"2to5","edgeRT":"2953","skip":"false","flipped":"TRUE","index":"9","edgeClickLog":"[{\"edgeSelection\":\"2to5\",\"edgeRTMS\":2953}]","trial_id":"cong_9_flipped","congruency":"C","trial_group":"5to10","condition":"normal","inference_edge":[],"inference_edgeClickLog":[],"task":"experiment","subjectId":"qul86z53rk2mdd7","trial_type":"external-html","trial_index":17,"time_elapsed":307533,"internal_node_id":"0.0-9.0-0.9"},{"rt":14707,"url":"../static/nodeGraphs_normal.html","edge":"1to4","edgeRT":"10704","skip":"false","flipped":"FALSE","index":"10","edgeClickLog":"[{\"edgeSelection\":\"1to4\",\"edgeRTMS\":10704}]","trial_id":"cong_0","congruency":"C","trial_group":"10to15","condition":"normal","inference_edge":[],"inference_edgeClickLog":[],"task":"experiment","subjectId":"qul86z53rk2mdd7","trial_type":"external-html","trial_index":18,"time_elapsed":322978,"internal_node_id":"0.0-9.0-0.10"},{"rt":23622,"url":"../static/nodeGraphs_normal.html","edge":"2to6","edgeRT":"22314","skip":"false","flipped":"FALSE","index":"11","edgeClickLog":"[{\"edgeSelection\":\"2to6\",\"edgeRTMS\":22314}]","trial_id":"cong_1","congruency":"C","trial_group":"10to15","condition":"normal","inference_edge":[],"inference_edgeClickLog":[],"task":"experiment","subjectId":"qul86z53rk2mdd7","trial_type":"external-html","trial_index":19,"time_elapsed":347345,"internal_node_id":"0.0-9.0-0.11"},{"rt":4973,"url":"../static/nodeGraphs_normal.html","edge":"2to5","edgeRT":"3829","skip":"false","flipped":"FALSE","index":"12","edgeClickLog":"[{\"edgeSelection\":\"2to5\",\"edgeRTMS\":3829}]","trial_id":"cong_6","congruency":"C","trial_group":"10to15","condition":"normal","inference_edge":[],"inference_edgeClickLog":[],"task":"experiment","subjectId":"qul86z53rk2mdd7","trial_type":"external-html","trial_index":20,"time_elapsed":353050,"internal_node_id":"0.0-9.0-0.12"},{"rt":4470,"url":"../static/nodeGraphs_normal.html","edge":"2to4","edgeRT":"2428","skip":"false","flipped":"FALSE","index":"13","edgeClickLog":"[{\"edgeSelection\":\"2to4\",\"edgeRTMS\":2428}]","trial_id":"cong_4","congruency":"C","trial_group":"10to15","condition":"normal","inference_edge":[],"inference_edgeClickLog":[],"task":"experiment","subjectId":"qul86z53rk2mdd7","trial_type":"external-html","trial_index":21,"time_elapsed":358280,"internal_node_id":"0.0-9.0-0.13"},{"rt":4482,"url":"../static/nodeGraphs_normal.html","edge":"2to5","edgeRT":"3027","skip":"false","flipped":"FALSE","index":"14","edgeClickLog":"[{\"edgeSelection\":\"2to5\",\"edgeRTMS\":3027}]","trial_id":"cong_9","congruency":"C","trial_group":"10to15","condition":"normal","inference_edge":[],"inference_edgeClickLog":[],"task":"experiment","subjectId":"qul86z53rk2mdd7","trial_type":"external-html","trial_index":22,"time_elapsed":363480,"internal_node_id":"0.0-9.0-0.14"},{"rt":20978,"url":"../static/nodeGraphs_normal.html","edge":"0to1","edgeRT":"16364","skip":"false","flipped":"FALSE","index":"15","edgeClickLog":"[{\"edgeSelection\":\"0to1\",\"edgeRTMS\":16364}]","trial_id":"test_0","congruency":"I","trial_group":"15to20","condition":"normal","inference_edge":[],"inference_edgeClickLog":[],"task":"experiment","subjectId":"qul86z53rk2mdd7","trial_type":"external-html","trial_index":23,"time_elapsed":385190,"internal_node_id":"0.0-9.0-0.15"},{"rt":8704,"url":"../static/nodeGraphs_normal.html","edge":"0to3","edgeRT":"8096","skip":"false","flipped":"FALSE","index":"16","edgeClickLog":"[{\"edgeSelection\":\"0to3\",\"edgeRTMS\":7422},{\"edgeSelection\":\"0to3\",\"edgeRTMS\":8096}]","trial_id":"test_1","congruency":"I","trial_group":"15to20","condition":"normal","inference_edge":[],"inference_edgeClickLog":[],"task":"experiment","subjectId":"qul86z53rk2mdd7","trial_type":"external-html","trial_index":24,"time_elapsed":394615,"internal_node_id":"0.0-9.0-0.16"},{"rt":11551,"url":"../static/nodeGraphs_normal.html","edge":"0to3","edgeRT":"3585","skip":"false","flipped":"FALSE","index":"17","edgeClickLog":"[{\"edgeSelection\":\"0to3\",\"edgeRTMS\":3585}]","trial_id":"test_2","congruency":"I","trial_group":"15to20","condition":"normal","inference_edge":[],"inference_edgeClickLog":[],"task":"experiment","subjectId":"qul86z53rk2mdd7","trial_type":"external-html","trial_index":25,"time_elapsed":406903,"internal_node_id":"0.0-9.0-0.17"},{"rt":3880,"url":"../static/nodeGraphs_normal.html","edge":"0to1","edgeRT":"2966","skip":"false","flipped":"FALSE","index":"18","edgeClickLog":"[{\"edgeSelection\":\"0to1\",\"edgeRTMS\":2966}]","trial_id":"test_3","congruency":"I","trial_group":"15to20","condition":"normal","inference_edge":[],"inference_edgeClickLog":[],"task":"experiment","subjectId":"qul86z53rk2mdd7","trial_type":"external-html","trial_index":26,"time_elapsed":411519,"internal_node_id":"0.0-9.0-0.18"},{"rt":17865,"url":"../static/nodeGraphs_normal.html","edge":"1to5","edgeRT":"17477","skip":"false","flipped":"FALSE","index":"19","edgeClickLog":"[{\"edgeSelection\":\"1to5\",\"edgeRTMS\":17477}]","trial_id":"test_4","congruency":"I","trial_group":"15to20","condition":"normal","inference_edge":[],"inference_edgeClickLog":[],"task":"experiment","subjectId":"qul86z53rk2mdd7","trial_type":"external-html","trial_index":27,"time_elapsed":430105,"internal_node_id":"0.0-9.0-0.19"},{"rt":47823,"response":{"P0_Q0":null,"P0_Q1":2,"P0_Q2":6,"P0_Q3":6,"P0_Q4":3,"P0_Q5":1,"strategies":"I tried to choose the soonest point in the path that led to the most points early on, in hopes they would continue on to gain more points on top of those. ","feedback":"N/A"},"accuracy":[],"trial_type":"survey","trial_index":28,"time_elapsed":478475,"internal_node_id":"0.0-10.0"},{"rt":2811,"stimulus":"<p>Thanks for your time!</p>        <p>We need to manually calculate your bonus pay, please give us up to 7 days.</p><p>Press any key to conclude.</p>","response":"arrowright","task":"end","subjectId":"qul86z53rk2mdd7","trial_type":"html-keyboard-response","trial_index":29,"time_elapsed":481287,"internal_node_id":"0.0-11.0","interactions":"[{\"event\":\"fullscreenenter\",\"trial\":1,\"time\":4679},{\"event\":\"blur\",\"trial\":4,\"time\":120559},{\"event\":\"focus\",\"trial\":4,\"time\":120559},{\"event\":\"fullscreenexit\",\"trial\":4,\"time\":120566},{\"event\":\"blur\",\"trial\":4,\"time\":162836},{\"event\":\"focus\",\"trial\":4,\"time\":166012}]"}]