[{"success":true,"timeout":false,"failed_images":[],"failed_audio":[],"failed_video":[],"trial_type":"preload","trial_index":0,"time_elapsed":738,"internal_node_id":"0.0-0.0"},{"success":true,"trial_type":"fullscreen","trial_index":1,"time_elapsed":3725,"internal_node_id":"0.0-1.0"},{"rt":1963,"stimulus":"Welcome to the experiment. Press any key to begin.","response":" ","trial_type":"html-keyboard-response","trial_index":2,"time_elapsed":5688,"internal_node_id":"0.0-2.0"},{"view_history":[{"page_index":0,"viewing_time":3015},{"page_index":1,"viewing_time":3610},{"page_index":2,"viewing_time":23109},{"page_index":3,"viewing_time":2743},{"page_index":4,"viewing_time":1107},{"page_index":5,"viewing_time":808},{"page_index":6,"viewing_time":11082},{"page_index":7,"viewing_time":10853},{"page_index":8,"viewing_time":31062},{"page_index":7,"viewing_time":4175},{"page_index":6,"viewing_time":837},{"page_index":7,"viewing_time":286},{"page_index":8,"viewing_time":752},{"page_index":9,"viewing_time":11692},{"page_index":8,"viewing_time":199},{"page_index":7,"viewing_time":167},{"page_index":6,"viewing_time":205},{"page_index":5,"viewing_time":627},{"page_index":4,"viewing_time":362},{"page_index":3,"viewing_time":268},{"page_index":2,"viewing_time":1292},{"page_index":1,"viewing_time":2006},{"page_index":0,"viewing_time":1451},{"page_index":1,"viewing_time":260},{"page_index":2,"viewing_time":7024},{"page_index":3,"viewing_time":150},{"page_index":4,"viewing_time":140},{"page_index":5,"viewing_time":132},{"page_index":6,"viewing_time":151},{"page_index":7,"viewing_time":157},{"page_index":8,"viewing_time":349},{"page_index":9,"viewing_time":1915},{"page_index":8,"viewing_time":6218},{"page_index":9,"viewing_time":4323},{"page_index":10,"viewing_time":2797},{"page_index":11,"viewing_time":627},{"page_index":12,"viewing_time":588},{"page_index":13,"viewing_time":2772},{"page_index":12,"viewing_time":300},{"page_index":11,"viewing_time":190},{"page_index":10,"viewing_time":195},{"page_index":9,"viewing_time":2228},{"page_index":8,"viewing_time":534},{"page_index":7,"viewing_time":1615},{"page_index":8,"viewing_time":169},{"page_index":9,"viewing_time":157},{"page_index":10,"viewing_time":173},{"page_index":11,"viewing_time":400},{"page_index":12,"viewing_time":306},{"page_index":13,"viewing_time":329},{"page_index":14,"viewing_time":1167},{"page_index":13,"viewing_time":1401},{"page_index":14,"viewing_time":3547},{"page_index":15,"viewing_time":5610},{"page_index":16,"viewing_time":524},{"page_index":17,"viewing_time":461},{"page_index":18,"viewing_time":1210},{"page_index":19,"viewing_time":4181},{"page_index":20,"viewing_time":5836},{"page_index":21,"viewing_time":5692}],"rt":175535,"trial_type":"instructions","trial_index":3,"time_elapsed":181222,"internal_node_id":"0.0-3.0"},{"rt":241856,"url":"../static/nodeGraphsTraining_scaffolding.html","skip":[],"edgeClickLog":[],"inference_edge":[],"inference_edgeClickLog":[],"trial_type":"external-html","trial_index":4,"time_elapsed":423436,"internal_node_id":"0.0-4.0"},{"rt":25909,"response":{"q1":"The goal is to help the student to get the most points.","q2":"False","q3":"Possible edges you, as the teacher, can choose to teach the learner.","q4":"Edges that the student took before."},"question_order":[0,1,2,3],"trial_type":"survey-multi-choice","trial_index":5,"time_elapsed":449348,"internal_node_id":"0.0-5.0"},{"rt":3614,"stimulus":"<p>You can take a 60 second break before starting the experiment.</p><br><br><p>This page will advance in 60 seconds or you can press any key to advance now.</p>","response":" ","trial_type":"html-keyboard-response","trial_index":6,"time_elapsed":452963,"internal_node_id":"0.0-7.0"},{"view_history":[{"page_index":0,"viewing_time":27634}],"rt":27634,"trial_type":"instructions","trial_index":7,"time_elapsed":480597,"internal_node_id":"0.0-8.0"},{"rt":80696,"url":"../static/nodeGraphs_scaffolding.html","edge":"0to1","edgeRT":"46565","skip":"false","flipped":"FALSE","index":"0","edgeClickLog":"[{\"edgeSelection\":\"6to8\",\"edgeRTMS\":34232},{\"edgeSelection\":\"0to1\",\"edgeRTMS\":46565}]","trial_id":"incong_0","congruency":"I","trial_group":"1to5","condition":"scaffolding","inference_edge":"0to1,0to2,6to8","inference_edgeClickLog":"[{\"edgeSelection\":\"0to1\",\"edgeRTMS\":11796},{\"edgeSelection\":\"0to2\",\"edgeRTMS\":21932},{\"edgeSelection\":\"6to8\",\"edgeRTMS\":30900}]","inference_edgeRT":"30900","inference_edge_last":"6to8","task":"experiment","subjectId":"8v8nzrep49kkdje","trial_type":"external-html","trial_index":8,"time_elapsed":561445,"internal_node_id":"0.0-9.0-0.0"},{"rt":66821,"url":"../static/nodeGraphs_scaffolding.html","edge":"3to6","edgeRT":"16401","skip":"false","flipped":"FALSE","index":"1","edgeClickLog":"[{\"edgeSelection\":\"3to6\",\"edgeRTMS\":15190},{\"edgeSelection\":\"3to6\",\"edgeRTMS\":16401}]","trial_id":"incong_5","congruency":"I","trial_group":"1to5","condition":"scaffolding","inference_edge":"3to6,0to2,2to4","inference_edgeClickLog":"[{\"edgeSelection\":\"3to6\",\"edgeRTMS\":14101},{\"edgeSelection\":\"0to2\",\"edgeRTMS\":40070},{\"edgeSelection\":\"2to4\",\"edgeRTMS\":49835}]","inference_edgeRT":"49835","inference_edge_last":"2to4","task":"experiment","subjectId":"8v8nzrep49kkdje","trial_type":"external-html","trial_index":9,"time_elapsed":628962,"internal_node_id":"0.0-9.0-0.1"},{"rt":46530,"url":"../static/nodeGraphs_scaffolding.html","edge":"5to7","edgeRT":"5737","skip":"false","flipped":"FALSE","index":"2","edgeClickLog":"[{\"edgeSelection\":\"5to7\",\"edgeRTMS\":5737}]","trial_id":"incong_3","congruency":"I","trial_group":"1to5","condition":"scaffolding","inference_edge":"0to2,2to6,5to7","inference_edgeClickLog":"[{\"edgeSelection\":\"0to2\",\"edgeRTMS\":8542},{\"edgeSelection\":\"2to6\",\"edgeRTMS\":22689},{\"edgeSelection\":\"5to7\",\"edgeRTMS\":38417}]","inference_edgeRT":"38417","inference_edge_last":"5to7","task":"experiment","subjectId":"8v8nzrep49kkdje","trial_type":"external-html","trial_index":10,"time_elapsed":676137,"internal_node_id":"0.0-9.0-0.2"},{"rt":36137,"url":"../static/nodeGraphs_scaffolding.html","edge":"5to8","edgeRT":"5275","skip":"false","flipped":"FALSE","index":"3","edgeClickLog":"[{\"edgeSelection\":\"5to8\",\"edgeRTMS\":5275}]","trial_id":"incong_10","congruency":"I","trial_group":"1to5","condition":"scaffolding","inference_edge":"5to8,0to2,2to4","inference_edgeClickLog":"[{\"edgeSelection\":\"5to8\",\"edgeRTMS\":22316},{\"edgeSelection\":\"0to2\",\"edgeRTMS\":26193},{\"edgeSelection\":\"2to4\",\"edgeRTMS\":28973}]","inference_edgeRT":"28973","inference_edge_last":"2to4","task":"experiment","subjectId":"8v8nzrep49kkdje","trial_type":"external-html","trial_index":11,"time_elapsed":712924,"internal_node_id":"0.0-9.0-0.3"},{"rt":34241,"url":"../static/nodeGraphs_scaffolding.html","edge":"3to6","edgeRT":"9335","skip":"false","flipped":"FALSE","index":"4","edgeClickLog":"[{\"edgeSelection\":\"3to6\",\"edgeRTMS\":9335}]","trial_id":"incong_2","congruency":"I","trial_group":"1to5","condition":"scaffolding","inference_edge":"0to2,2to6,4to8","inference_edgeClickLog":"[{\"edgeSelection\":\"0to2\",\"edgeRTMS\":4306},{\"edgeSelection\":\"2to6\",\"edgeRTMS\":15759},{\"edgeSelection\":\"4to8\",\"edgeRTMS\":24087}]","inference_edgeRT":"24087","inference_edge_last":"4to8","task":"experiment","subjectId":"8v8nzrep49kkdje","trial_type":"external-html","trial_index":12,"time_elapsed":747813,"internal_node_id":"0.0-9.0-0.4"},{"rt":25386,"url":"../static/nodeGraphs_scaffolding.html","edge":"4to8","edgeRT":"2939","skip":"false","flipped":"TRUE","index":"5","edgeClickLog":"[{\"edgeSelection\":\"4to8\",\"edgeRTMS\":2939}]","trial_id":"incong_0_flipped","congruency":"I","trial_group":"5to10","condition":"scaffolding","inference_edge":"0to3,6to9,3to6","inference_edgeClickLog":"[{\"edgeSelection\":\"0to3\",\"edgeRTMS\":12164},{\"edgeSelection\":\"6to9\",\"edgeRTMS\":17765},{\"edgeSelection\":\"3to6\",\"edgeRTMS\":21789}]","inference_edgeRT":"21789","inference_edge_last":"3to6","task":"experiment","subjectId":"8v8nzrep49kkdje","trial_type":"external-html","trial_index":13,"time_elapsed":773891,"internal_node_id":"0.0-9.0-0.5"},{"rt":31911,"url":"../static/nodeGraphs_scaffolding.html","edge":"2to6","edgeRT":"21491","skip":"false","flipped":"TRUE","index":"6","edgeClickLog":"[{\"edgeSelection\":\"2to6\",\"edgeRTMS\":21491}]","trial_id":"incong_5_flipped","congruency":"I","trial_group":"5to10","condition":"scaffolding","inference_edge":"0to2,2to6,6to8","inference_edgeClickLog":"[{\"edgeSelection\":\"0to2\",\"edgeRTMS\":3777},{\"edgeSelection\":\"2to6\",\"edgeRTMS\":8852},{\"edgeSelection\":\"6to8\",\"edgeRTMS\":9316}]","inference_edgeRT":"9316","inference_edge_last":"6to8","task":"experiment","subjectId":"8v8nzrep49kkdje","trial_type":"external-html","trial_index":14,"time_elapsed":806500,"internal_node_id":"0.0-9.0-0.6"},{"rt":24817,"url":"../static/nodeGraphs_scaffolding.html","edge":"0to2","edgeRT":"8307","skip":"false","flipped":"TRUE","index":"7","edgeClickLog":"[{\"edgeSelection\":\"0to2\",\"edgeRTMS\":8307}]","trial_id":"incong_3_flipped","congruency":"I","trial_group":"5to10","condition":"scaffolding","inference_edge":"0to2,2to4,5to9","inference_edgeClickLog":"[{\"edgeSelection\":\"0to2\",\"edgeRTMS\":6173},{\"edgeSelection\":\"2to4\",\"edgeRTMS\":10065},{\"edgeSelection\":\"5to9\",\"edgeRTMS\":15800}]","inference_edgeRT":"15800","inference_edge_last":"5to9","task":"experiment","subjectId":"8v8nzrep49kkdje","trial_type":"external-html","trial_index":15,"time_elapsed":832047,"internal_node_id":"0.0-9.0-0.7"},{"rt":7809,"url":"../static/nodeGraphs_scaffolding.html","edge":"0to2","edgeRT":"1773","skip":"false","flipped":"TRUE","index":"8","edgeClickLog":"[{\"edgeSelection\":\"0to2\",\"edgeRTMS\":1773}]","trial_id":"incong_10_flipped","congruency":"I","trial_group":"5to10","condition":"scaffolding","inference_edge":"0to2,2to6,6to8","inference_edgeClickLog":"[{\"edgeSelection\":\"0to2\",\"edgeRTMS\":3499},{\"edgeSelection\":\"2to6\",\"edgeRTMS\":4586},{\"edgeSelection\":\"6to8\",\"edgeRTMS\":5443}]","inference_edgeRT":"5443","inference_edge_last":"6to8","task":"experiment","subjectId":"8v8nzrep49kkdje","trial_type":"external-html","trial_index":16,"time_elapsed":840560,"internal_node_id":"0.0-9.0-0.8"},{"rt":23682,"url":"../static/nodeGraphs_scaffolding.html","edge":"0to2","edgeRT":"6398","skip":"false","flipped":"TRUE","index":"9","edgeClickLog":"[{\"edgeSelection\":\"0to2\",\"edgeRTMS\":6398}]","trial_id":"incong_2_flipped","congruency":"I","trial_group":"5to10","condition":"scaffolding","inference_edge":"0to3,3to6,5to7","inference_edgeClickLog":"[{\"edgeSelection\":\"0to3\",\"edgeRTMS\":8888},{\"edgeSelection\":\"3to6\",\"edgeRTMS\":12610},{\"edgeSelection\":\"5to7\",\"edgeRTMS\":15196}]","inference_edgeRT":"15196","inference_edge_last":"5to7","task":"experiment","subjectId":"8v8nzrep49kkdje","trial_type":"external-html","trial_index":17,"time_elapsed":864827,"internal_node_id":"0.0-9.0-0.9"},{"rt":22659,"url":"../static/nodeGraphs_scaffolding.html","edge":"6to8","edgeRT":"2248","skip":"false","flipped":"FALSE","index":"10","edgeClickLog":"[{\"edgeSelection\":\"6to8\",\"edgeRTMS\":2248}]","trial_id":"incong_0","congruency":"I","trial_group":"10to15","condition":"scaffolding","inference_edge":"4to7,0to1,0to2","inference_edgeClickLog":"[{\"edgeSelection\":\"4to7\",\"edgeRTMS\":11307},{\"edgeSelection\":\"0to1\",\"edgeRTMS\":13180},{\"edgeSelection\":\"0to2\",\"edgeRTMS\":19548}]","inference_edgeRT":"19548","inference_edge_last":"0to2","task":"experiment","subjectId":"8v8nzrep49kkdje","trial_type":"external-html","trial_index":18,"time_elapsed":888182,"internal_node_id":"0.0-9.0-0.10"},{"rt":24737,"url":"../static/nodeGraphs_scaffolding.html","edge":"0to2","edgeRT":"4403","skip":"false","flipped":"FALSE","index":"11","edgeClickLog":"[{\"edgeSelection\":\"0to2\",\"edgeRTMS\":4403}]","trial_id":"incong_5","congruency":"I","trial_group":"10to15","condition":"scaffolding","inference_edge":"0to2,2to4,4to7","inference_edgeClickLog":"[{\"edgeSelection\":\"0to2\",\"edgeRTMS\":17706},{\"edgeSelection\":\"2to4\",\"edgeRTMS\":18261},{\"edgeSelection\":\"4to7\",\"edgeRTMS\":19633}]","inference_edgeRT":"19633","inference_edge_last":"4to7","task":"experiment","subjectId":"8v8nzrep49kkdje","trial_type":"external-html","trial_index":19,"time_elapsed":913581,"internal_node_id":"0.0-9.0-0.11"},{"rt":15842,"url":"../static/nodeGraphs_scaffolding.html","edge":"5to7","edgeRT":"2479","skip":"false","flipped":"FALSE","index":"12","edgeClickLog":"[{\"edgeSelection\":\"5to7\",\"edgeRTMS\":2479}]","trial_id":"incong_3","congruency":"I","trial_group":"10to15","condition":"scaffolding","inference_edge":"0to2,0to3,6to8","inference_edgeClickLog":"[{\"edgeSelection\":\"0to2\",\"edgeRTMS\":10155},{\"edgeSelection\":\"0to3\",\"edgeRTMS\":11655},{\"edgeSelection\":\"6to8\",\"edgeRTMS\":12966}]","inference_edgeRT":"12966","inference_edge_last":"6to8","task":"experiment","subjectId":"8v8nzrep49kkdje","trial_type":"external-html","trial_index":20,"time_elapsed":930081,"internal_node_id":"0.0-9.0-0.12"},{"rt":11913,"url":"../static/nodeGraphs_scaffolding.html","edge":"0to2","edgeRT":"4885","skip":"false","flipped":"FALSE","index":"13","edgeClickLog":"[{\"edgeSelection\":\"5to8\",\"edgeRTMS\":1799},{\"edgeSelection\":\"0to2\",\"edgeRTMS\":4885}]","trial_id":"incong_10","congruency":"I","trial_group":"10to15","condition":"scaffolding","inference_edge":"0to2,2to4,4to8","inference_edgeClickLog":"[{\"edgeSelection\":\"0to2\",\"edgeRTMS\":4318},{\"edgeSelection\":\"2to4\",\"edgeRTMS\":5068},{\"edgeSelection\":\"4to8\",\"edgeRTMS\":5706}]","inference_edgeRT":"5706","inference_edge_last":"4to8","task":"experiment","subjectId":"8v8nzrep49kkdje","trial_type":"external-html","trial_index":21,"time_elapsed":942589,"internal_node_id":"0.0-9.0-0.13"},{"rt":32538,"url":"../static/nodeGraphs_scaffolding.html","edge":"0to1","edgeRT":"8705","skip":"false","flipped":"FALSE","index":"14","edgeClickLog":"[{\"edgeSelection\":\"0to1\",\"edgeRTMS\":8705}]","trial_id":"incong_2","congruency":"I","trial_group":"10to15","condition":"scaffolding","inference_edge":"0to1,0to2,2to4","inference_edgeClickLog":"[{\"edgeSelection\":\"5to9\",\"edgeRTMS\":7544},{\"edgeSelection\":\"0to1\",\"edgeRTMS\":11308},{\"edgeSelection\":\"0to2\",\"edgeRTMS\":14218},{\"edgeSelection\":\"2to4\",\"edgeRTMS\":18268}]","inference_edgeRT":"18268","inference_edge_last":"2to4","task":"experiment","subjectId":"8v8nzrep49kkdje","trial_type":"external-html","trial_index":22,"time_elapsed":975825,"internal_node_id":"0.0-9.0-0.14"},{"rt":25282,"url":"../static/nodeGraphs_scaffolding.html","edge":"0to1","edgeRT":"11631","skip":"false","flipped":"FALSE","index":"15","edgeClickLog":"[{\"edgeSelection\":\"0to1\",\"edgeRTMS\":11631}]","trial_id":"test_0","congruency":"I","trial_group":"15to20","condition":"scaffolding","inference_edge":"0to1,0to2,2to4","inference_edgeClickLog":"[{\"edgeSelection\":\"5to9\",\"edgeRTMS\":7544},{\"edgeSelection\":\"0to1\",\"edgeRTMS\":11308},{\"edgeSelection\":\"0to2\",\"edgeRTMS\":14218},{\"edgeSelection\":\"2to4\",\"edgeRTMS\":18268}]","inference_edgeRT":"18268","inference_edge_last":"","task":"experiment","subjectId":"8v8nzrep49kkdje","trial_type":"external-html","trial_index":23,"time_elapsed":1001731,"internal_node_id":"0.0-9.0-0.15"},{"rt":26810,"url":"../static/nodeGraphs_scaffolding.html","edge":"0to3","edgeRT":"26312","skip":"false","flipped":"FALSE","index":"16","edgeClickLog":"[{\"edgeSelection\":\"0to3\",\"edgeRTMS\":26312}]","trial_id":"test_1","congruency":"I","trial_group":"15to20","condition":"scaffolding","inference_edge":"0to1,0to2,2to4","inference_edgeClickLog":"[{\"edgeSelection\":\"5to9\",\"edgeRTMS\":7544},{\"edgeSelection\":\"0to1\",\"edgeRTMS\":11308},{\"edgeSelection\":\"0to2\",\"edgeRTMS\":14218},{\"edgeSelection\":\"2to4\",\"edgeRTMS\":18268}]","inference_edgeRT":"18268","inference_edge_last":"","task":"experiment","subjectId":"8v8nzrep49kkdje","trial_type":"external-html","trial_index":24,"time_elapsed":1029146,"internal_node_id":"0.0-9.0-0.16"},{"rt":12642,"url":"../static/nodeGraphs_scaffolding.html","edge":"0to3","edgeRT":"12081","skip":"false","flipped":"FALSE","index":"17","edgeClickLog":"[{\"edgeSelection\":\"0to3\",\"edgeRTMS\":12081}]","trial_id":"test_2","congruency":"I","trial_group":"15to20","condition":"scaffolding","inference_edge":"0to1,0to2,2to4","inference_edgeClickLog":"[{\"edgeSelection\":\"5to9\",\"edgeRTMS\":7544},{\"edgeSelection\":\"0to1\",\"edgeRTMS\":11308},{\"edgeSelection\":\"0to2\",\"edgeRTMS\":14218},{\"edgeSelection\":\"2to4\",\"edgeRTMS\":18268}]","inference_edgeRT":"18268","inference_edge_last":"","task":"experiment","subjectId":"8v8nzrep49kkdje","trial_type":"external-html","trial_index":25,"time_elapsed":1042412,"internal_node_id":"0.0-9.0-0.17"},{"rt":6218,"url":"../static/nodeGraphs_scaffolding.html","edge":"5to7","edgeRT":"5871","skip":"false","flipped":"FALSE","index":"18","edgeClickLog":"[{\"edgeSelection\":\"5to7\",\"edgeRTMS\":5871}]","trial_id":"test_3","congruency":"I","trial_group":"15to20","condition":"scaffolding","inference_edge":"0to1,0to2,2to4","inference_edgeClickLog":"[{\"edgeSelection\":\"5to9\",\"edgeRTMS\":7544},{\"edgeSelection\":\"0to1\",\"edgeRTMS\":11308},{\"edgeSelection\":\"0to2\",\"edgeRTMS\":14218},{\"edgeSelection\":\"2to4\",\"edgeRTMS\":18268}]","inference_edgeRT":"18268","inference_edge_last":"","task":"experiment","subjectId":"8v8nzrep49kkdje","trial_type":"external-html","trial_index":26,"time_elapsed":1049251,"internal_node_id":"0.0-9.0-0.18"},{"rt":21872,"url":"../static/nodeGraphs_scaffolding.html","edge":"0to3","edgeRT":"17519","skip":"false","flipped":"FALSE","index":"19","edgeClickLog":"[{\"edgeSelection\":\"0to3\",\"edgeRTMS\":17519}]","trial_id":"test_4","congruency":"I","trial_group":"15to20","condition":"scaffolding","inference_edge":"0to1,0to2,2to4","inference_edgeClickLog":"[{\"edgeSelection\":\"5to9\",\"edgeRTMS\":7544},{\"edgeSelection\":\"0to1\",\"edgeRTMS\":11308},{\"edgeSelection\":\"0to2\",\"edgeRTMS\":14218},{\"edgeSelection\":\"2to4\",\"edgeRTMS\":18268}]","inference_edgeRT":"18268","inference_edge_last":"","task":"experiment","subjectId":"8v8nzrep49kkdje","trial_type":"external-html","trial_index":27,"time_elapsed":1071790,"internal_node_id":"0.0-9.0-0.19"},{"rt":228858,"response":{"P0_Q0":null,"P0_Q1":4,"P0_Q2":6,"P0_Q3":5,"P0_Q4":7,"P0_Q5":5,"strategies":"To start at the top of the tree and work down. If one of the first branches wasn't selected and there was a node connected to it with a higher point value than the first node that the student selected, then I always started by selecting this branch to teach the student. From after the first level, it was a matter of selecting branches that maximized the points.","feedback":""},"accuracy":[],"trial_type":"survey","trial_index":28,"time_elapsed":1301324,"internal_node_id":"0.0-10.0"},{"rt":3616,"stimulus":"<p>Thanks for your time!</p>        <p>We need to manually calculate your bonus pay, please give us up to 7 days.</p><p>Press any key to conclude.</p>","response":"enter","task":"end","subjectId":"8v8nzrep49kkdje","trial_type":"html-keyboard-response","trial_index":29,"time_elapsed":1304942,"internal_node_id":"0.0-11.0","interactions":"[{\"event\":\"fullscreenenter\",\"trial\":1,\"time\":2742},{\"event\":\"blur\",\"trial\":28,\"time\":1276975},{\"event\":\"focus\",\"trial\":28,\"time\":1281280},{\"event\":\"blur\",\"trial\":28,\"time\":1282905},{\"event\":\"focus\",\"trial\":28,\"time\":1285017}]"}]