[{"success":true,"timeout":false,"failed_images":[],"failed_audio":[],"failed_video":[],"trial_type":"preload","trial_index":0,"time_elapsed":460,"internal_node_id":"0.0-0.0"},{"success":true,"trial_type":"fullscreen","trial_index":1,"time_elapsed":11152,"internal_node_id":"0.0-1.0"},{"rt":2263,"stimulus":"Welcome to the experiment. Press any key to begin.","response":"enter","trial_type":"html-keyboard-response","trial_index":2,"time_elapsed":13416,"internal_node_id":"0.0-2.0"},{"view_history":[{"page_index":0,"viewing_time":3422},{"page_index":1,"viewing_time":4145},{"page_index":2,"viewing_time":34984},{"page_index":3,"viewing_time":8696},{"page_index":4,"viewing_time":2018},{"page_index":5,"viewing_time":1566},{"page_index":6,"viewing_time":11787},{"page_index":7,"viewing_time":8301},{"page_index":8,"viewing_time":13002},{"page_index":9,"viewing_time":6719},{"page_index":10,"viewing_time":1424},{"page_index":11,"viewing_time":496},{"page_index":12,"viewing_time":496},{"page_index":13,"viewing_time":1811},{"page_index":14,"viewing_time":5022},{"page_index":15,"viewing_time":8881},{"page_index":16,"viewing_time":878},{"page_index":17,"viewing_time":488},{"page_index":18,"viewing_time":1023},{"page_index":19,"viewing_time":6864},{"page_index":20,"viewing_time":3027},{"page_index":21,"viewing_time":3662}],"rt":128711,"trial_type":"instructions","trial_index":3,"time_elapsed":142127,"internal_node_id":"0.0-3.0"},{"rt":136984,"url":"../static/nodeGraphsTraining_distractor.html","skip":[],"edgeClickLog":[],"inference_edge":[],"inference_edgeClickLog":[],"trial_type":"external-html","trial_index":4,"time_elapsed":279176,"internal_node_id":"0.0-4.0"},{"rt":21767,"response":{"q1":"The goal is to help the student to get the most points.","q2":"False","q3":"Possible edges you, as the teacher, can choose to teach the learner.","q4":"Edges that the student took before."},"question_order":[0,1,2,3],"trial_type":"survey-multi-choice","trial_index":5,"time_elapsed":300945,"internal_node_id":"0.0-5.0"},{"rt":4885,"stimulus":"<p>You can take a 60 second break before starting the experiment.</p><br><br><p>This page will advance in 60 seconds or you can press any key to advance now.</p>","response":"arrowright","trial_type":"html-keyboard-response","trial_index":6,"time_elapsed":305832,"internal_node_id":"0.0-7.0"},{"view_history":[{"page_index":0,"viewing_time":9543}],"rt":9543,"trial_type":"instructions","trial_index":7,"time_elapsed":315376,"internal_node_id":"0.0-8.0"},{"rt":51837,"url":"../static/nodeGraphs_distractor.html","edge":"1to4","edgeRT":"29003","skip":"false","flipped":"FALSE","index":"0","edgeClickLog":"[{\"edgeSelection\":\"1to4\",\"edgeRTMS\":29003}]","trial_id":"incong_0","congruency":"I","trial_group":"1to5","condition":"distractor","inference_edge":"0to1,1to4,4to7","inference_edgeClickLog":"[{\"edgeSelection\":\"0to1\",\"edgeRTMS\":7896},{\"edgeSelection\":\"1to4\",\"edgeRTMS\":17192},{\"edgeSelection\":\"4to7\",\"edgeRTMS\":19088}]","inference_edgeRT":"19088","inference_edge_last":"4to7","task":"experiment","subjectId":"9keg1o2kxk5gogw","trial_type":"external-html","trial_index":8,"time_elapsed":367269,"internal_node_id":"0.0-9.0-0.0"},{"rt":26790,"url":"../static/nodeGraphs_distractor.html","edge":"2to4","edgeRT":"3647","skip":"false","flipped":"FALSE","index":"1","edgeClickLog":"[{\"edgeSelection\":\"2to4\",\"edgeRTMS\":3647}]","trial_id":"incong_5","congruency":"I","trial_group":"1to5","condition":"distractor","inference_edge":"0to2,2to4,4to7","inference_edgeClickLog":"[{\"edgeSelection\":\"0to2\",\"edgeRTMS\":14709},{\"edgeSelection\":\"2to4\",\"edgeRTMS\":16184},{\"edgeSelection\":\"4to7\",\"edgeRTMS\":20366}]","inference_edgeRT":"20366","inference_edge_last":"4to7","task":"experiment","subjectId":"9keg1o2kxk5gogw","trial_type":"external-html","trial_index":9,"time_elapsed":394616,"internal_node_id":"0.0-9.0-0.1"},{"rt":15268,"url":"../static/nodeGraphs_distractor.html","edge":"0to2","edgeRT":"3240","skip":"false","flipped":"FALSE","index":"2","edgeClickLog":"[{\"edgeSelection\":\"0to2\",\"edgeRTMS\":3240}]","trial_id":"incong_3","congruency":"I","trial_group":"1to5","condition":"distractor","inference_edge":"0to2,2to6,6to8","inference_edgeClickLog":"[{\"edgeSelection\":\"0to2\",\"edgeRTMS\":3711},{\"edgeSelection\":\"2to6\",\"edgeRTMS\":4955},{\"edgeSelection\":\"6to8\",\"edgeRTMS\":10230}]","inference_edgeRT":"10230","inference_edge_last":"6to8","task":"experiment","subjectId":"9keg1o2kxk5gogw","trial_type":"external-html","trial_index":10,"time_elapsed":410440,"internal_node_id":"0.0-9.0-0.2"},{"rt":14732,"url":"../static/nodeGraphs_distractor.html","edge":"2to4","edgeRT":"4465","skip":"false","flipped":"FALSE","index":"3","edgeClickLog":"[{\"edgeSelection\":\"2to4\",\"edgeRTMS\":4465}]","trial_id":"incong_10","congruency":"I","trial_group":"1to5","condition":"distractor","inference_edge":"0to2,2to4,4to8","inference_edgeClickLog":"[{\"edgeSelection\":\"0to2\",\"edgeRTMS\":6143},{\"edgeSelection\":\"2to4\",\"edgeRTMS\":7126},{\"edgeSelection\":\"4to8\",\"edgeRTMS\":7896}]","inference_edgeRT":"7896","inference_edge_last":"4to8","task":"experiment","subjectId":"9keg1o2kxk5gogw","trial_type":"external-html","trial_index":11,"time_elapsed":425764,"internal_node_id":"0.0-9.0-0.3"},{"rt":19998,"url":"../static/nodeGraphs_distractor.html","edge":"4to8","edgeRT":"6857","skip":"false","flipped":"FALSE","index":"4","edgeClickLog":"[{\"edgeSelection\":\"4to8\",\"edgeRTMS\":6857}]","trial_id":"incong_2","congruency":"I","trial_group":"1to5","condition":"distractor","inference_edge":"0to1,1to4,4to8","inference_edgeClickLog":"[{\"edgeSelection\":\"0to1\",\"edgeRTMS\":7571},{\"edgeSelection\":\"1to4\",\"edgeRTMS\":9572},{\"edgeSelection\":\"4to8\",\"edgeRTMS\":10591}]","inference_edgeRT":"10591","inference_edge_last":"4to8","task":"experiment","subjectId":"9keg1o2kxk5gogw","trial_type":"external-html","trial_index":12,"time_elapsed":446321,"internal_node_id":"0.0-9.0-0.4"},{"rt":26301,"url":"../static/nodeGraphs_distractor.html","edge":"3to6","edgeRT":"3441","skip":"false","flipped":"TRUE","index":"5","edgeClickLog":"[{\"edgeSelection\":\"3to6\",\"edgeRTMS\":3441}]","trial_id":"incong_0_flipped","congruency":"I","trial_group":"5to10","condition":"distractor","inference_edge":"6to9,6to8,3to6","inference_edgeClickLog":"[{\"edgeSelection\":\"6to9\",\"edgeRTMS\":9006},{\"edgeSelection\":\"6to8\",\"edgeRTMS\":17954},{\"edgeSelection\":\"3to6\",\"edgeRTMS\":19771}]","inference_edgeRT":"19771","inference_edge_last":"3to6","task":"experiment","subjectId":"9keg1o2kxk5gogw","trial_type":"external-html","trial_index":13,"time_elapsed":473182,"internal_node_id":"0.0-9.0-0.5"},{"rt":20976,"url":"../static/nodeGraphs_distractor.html","edge":"2to6","edgeRT":"4337","skip":"false","flipped":"TRUE","index":"6","edgeClickLog":"[{\"edgeSelection\":\"2to6\",\"edgeRTMS\":4337}]","trial_id":"incong_5_flipped","congruency":"I","trial_group":"5to10","condition":"distractor","inference_edge":"6to9,6to8,3to6","inference_edgeClickLog":"[{\"edgeSelection\":\"6to9\",\"edgeRTMS\":5375},{\"edgeSelection\":\"6to8\",\"edgeRTMS\":6085},{\"edgeSelection\":\"2to4\",\"edgeRTMS\":9181},{\"edgeSelection\":\"2to4\",\"edgeRTMS\":10989},{\"edgeSelection\":\"3to6\",\"edgeRTMS\":12442}]","inference_edgeRT":"12442","inference_edge_last":"3to6","task":"experiment","subjectId":"9keg1o2kxk5gogw","trial_type":"external-html","trial_index":14,"time_elapsed":494715,"internal_node_id":"0.0-9.0-0.6"},{"rt":19330,"url":"../static/nodeGraphs_distractor.html","edge":"2to4","edgeRT":"3184","skip":"false","flipped":"TRUE","index":"7","edgeClickLog":"[{\"edgeSelection\":\"2to4\",\"edgeRTMS\":3184}]","trial_id":"incong_3_flipped","congruency":"I","trial_group":"5to10","condition":"distractor","inference_edge":"0to2,2to4,5to9","inference_edgeClickLog":"[{\"edgeSelection\":\"0to2\",\"edgeRTMS\":2640},{\"edgeSelection\":\"2to4\",\"edgeRTMS\":5369},{\"edgeSelection\":\"5to9\",\"edgeRTMS\":14248}]","inference_edgeRT":"14248","inference_edge_last":"5to9","task":"experiment","subjectId":"9keg1o2kxk5gogw","trial_type":"external-html","trial_index":15,"time_elapsed":514605,"internal_node_id":"0.0-9.0-0.7"},{"rt":16710,"url":"../static/nodeGraphs_distractor.html","edge":"2to6","edgeRT":"2425","skip":"false","flipped":"TRUE","index":"8","edgeClickLog":"[{\"edgeSelection\":\"2to6\",\"edgeRTMS\":2425}]","trial_id":"incong_10_flipped","congruency":"I","trial_group":"5to10","condition":"distractor","inference_edge":"2to6,6to8,4to8","inference_edgeClickLog":"[{\"edgeSelection\":\"2to6\",\"edgeRTMS\":5922},{\"edgeSelection\":\"6to8\",\"edgeRTMS\":7009},{\"edgeSelection\":\"4to8\",\"edgeRTMS\":12263}]","inference_edgeRT":"12263","inference_edge_last":"4to8","task":"experiment","subjectId":"9keg1o2kxk5gogw","trial_type":"external-html","trial_index":16,"time_elapsed":531872,"internal_node_id":"0.0-9.0-0.8"},{"rt":14250,"url":"../static/nodeGraphs_distractor.html","edge":"6to8","edgeRT":"8008","skip":"false","flipped":"TRUE","index":"9","edgeClickLog":"[{\"edgeSelection\":\"2to6\",\"edgeRTMS\":2975},{\"edgeSelection\":\"2to6\",\"edgeRTMS\":5486},{\"edgeSelection\":\"2to6\",\"edgeRTMS\":6266},{\"edgeSelection\":\"2to6\",\"edgeRTMS\":6696},{\"edgeSelection\":\"2to6\",\"edgeRTMS\":7136},{\"edgeSelection\":\"6to8\",\"edgeRTMS\":8008}]","trial_id":"incong_2_flipped","congruency":"I","trial_group":"5to10","condition":"distractor","inference_edge":"2to6,6to8,3to6","inference_edgeClickLog":"[{\"edgeSelection\":\"2to6\",\"edgeRTMS\":3288},{\"edgeSelection\":\"6to8\",\"edgeRTMS\":4261},{\"edgeSelection\":\"3to6\",\"edgeRTMS\":4993}]","inference_edgeRT":"4993","inference_edge_last":"3to6","task":"experiment","subjectId":"9keg1o2kxk5gogw","trial_type":"external-html","trial_index":17,"time_elapsed":546690,"internal_node_id":"0.0-9.0-0.9"},{"rt":12649,"url":"../static/nodeGraphs_distractor.html","edge":"1to4","edgeRT":"2661","skip":"false","flipped":"FALSE","index":"10","edgeClickLog":"[{\"edgeSelection\":\"1to4\",\"edgeRTMS\":2661}]","trial_id":"incong_0","congruency":"I","trial_group":"10to15","condition":"distractor","inference_edge":"1to4,4to7,4to8","inference_edgeClickLog":"[{\"edgeSelection\":\"1to4\",\"edgeRTMS\":5820},{\"edgeSelection\":\"4to7\",\"edgeRTMS\":6701},{\"edgeSelection\":\"4to8\",\"edgeRTMS\":7401}]","inference_edgeRT":"7401","inference_edge_last":"4to8","task":"experiment","subjectId":"9keg1o2kxk5gogw","trial_type":"external-html","trial_index":18,"time_elapsed":559900,"internal_node_id":"0.0-9.0-0.10"},{"rt":8074,"url":"../static/nodeGraphs_distractor.html","edge":"2to4","edgeRT":"2013","skip":"false","flipped":"FALSE","index":"11","edgeClickLog":"[{\"edgeSelection\":\"2to4\",\"edgeRTMS\":2013}]","trial_id":"incong_5","congruency":"I","trial_group":"10to15","condition":"distractor","inference_edge":"2to4,4to8,4to7","inference_edgeClickLog":"[{\"edgeSelection\":\"2to4\",\"edgeRTMS\":3535},{\"edgeSelection\":\"4to8\",\"edgeRTMS\":4487},{\"edgeSelection\":\"4to7\",\"edgeRTMS\":5039}]","inference_edgeRT":"5039","inference_edge_last":"4to7","task":"experiment","subjectId":"9keg1o2kxk5gogw","trial_type":"external-html","trial_index":19,"time_elapsed":568536,"internal_node_id":"0.0-9.0-0.11"},{"rt":10319,"url":"../static/nodeGraphs_distractor.html","edge":"2to6","edgeRT":"1723","skip":"false","flipped":"FALSE","index":"12","edgeClickLog":"[{\"edgeSelection\":\"2to6\",\"edgeRTMS\":1723}]","trial_id":"incong_3","congruency":"I","trial_group":"10to15","condition":"distractor","inference_edge":"0to2,2to6,6to8","inference_edgeClickLog":"[{\"edgeSelection\":\"0to2\",\"edgeRTMS\":2278},{\"edgeSelection\":\"2to6\",\"edgeRTMS\":4909},{\"edgeSelection\":\"6to8\",\"edgeRTMS\":7197}]","inference_edgeRT":"7197","inference_edge_last":"6to8","task":"experiment","subjectId":"9keg1o2kxk5gogw","trial_type":"external-html","trial_index":20,"time_elapsed":579414,"internal_node_id":"0.0-9.0-0.12"},{"rt":16118,"url":"../static/nodeGraphs_distractor.html","edge":"4to8","edgeRT":"3046","skip":"false","flipped":"FALSE","index":"13","edgeClickLog":"[{\"edgeSelection\":\"4to8\",\"edgeRTMS\":3046}]","trial_id":"incong_10","congruency":"I","trial_group":"10to15","condition":"distractor","inference_edge":"2to4,4to8,0to2","inference_edgeClickLog":"[{\"edgeSelection\":\"0to2\",\"edgeRTMS\":2619},{\"edgeSelection\":\"2to4\",\"edgeRTMS\":3294},{\"edgeSelection\":\"4to8\",\"edgeRTMS\":4408},{\"edgeSelection\":\"0to2\",\"edgeRTMS\":6179},{\"edgeSelection\":\"0to2\",\"edgeRTMS\":12065}]","inference_edgeRT":"12065","inference_edge_last":"0to2","task":"experiment","subjectId":"9keg1o2kxk5gogw","trial_type":"external-html","trial_index":21,"time_elapsed":596088,"internal_node_id":"0.0-9.0-0.13"},{"rt":7168,"url":"../static/nodeGraphs_distractor.html","edge":"4to8","edgeRT":"1386","skip":"false","flipped":"FALSE","index":"14","edgeClickLog":"[{\"edgeSelection\":\"4to8\",\"edgeRTMS\":1386}]","trial_id":"incong_2","congruency":"I","trial_group":"10to15","condition":"distractor","inference_edge":"4to8,2to4,1to4","inference_edgeClickLog":"[{\"edgeSelection\":\"4to8\",\"edgeRTMS\":3658},{\"edgeSelection\":\"2to4\",\"edgeRTMS\":4337},{\"edgeSelection\":\"1to4\",\"edgeRTMS\":4858}]","inference_edgeRT":"4858","inference_edge_last":"1to4","task":"experiment","subjectId":"9keg1o2kxk5gogw","trial_type":"external-html","trial_index":22,"time_elapsed":603814,"internal_node_id":"0.0-9.0-0.14"},{"rt":19114,"url":"../static/nodeGraphs_distractor.html","edge":"6to8","edgeRT":"2573","skip":"false","flipped":"FALSE","index":"15","edgeClickLog":"[{\"edgeSelection\":\"6to8\",\"edgeRTMS\":2573}]","trial_id":"test_0","congruency":"I","trial_group":"15to20","condition":"distractor","inference_edge":"4to8,2to4,1to4","inference_edgeClickLog":"[{\"edgeSelection\":\"4to8\",\"edgeRTMS\":3658},{\"edgeSelection\":\"2to4\",\"edgeRTMS\":4337},{\"edgeSelection\":\"1to4\",\"edgeRTMS\":4858}]","inference_edgeRT":"4858","inference_edge_last":"","task":"experiment","subjectId":"9keg1o2kxk5gogw","trial_type":"external-html","trial_index":23,"time_elapsed":623589,"internal_node_id":"0.0-9.0-0.15"},{"rt":4595,"url":"../static/nodeGraphs_distractor.html","edge":"3to6","edgeRT":"3478","skip":"false","flipped":"FALSE","index":"16","edgeClickLog":"[{\"edgeSelection\":\"3to6\",\"edgeRTMS\":3478}]","trial_id":"test_1","congruency":"I","trial_group":"15to20","condition":"distractor","inference_edge":"4to8,2to4,1to4","inference_edgeClickLog":"[{\"edgeSelection\":\"4to8\",\"edgeRTMS\":3658},{\"edgeSelection\":\"2to4\",\"edgeRTMS\":4337},{\"edgeSelection\":\"1to4\",\"edgeRTMS\":4858}]","inference_edgeRT":"4858","inference_edge_last":"","task":"experiment","subjectId":"9keg1o2kxk5gogw","trial_type":"external-html","trial_index":24,"time_elapsed":628742,"internal_node_id":"0.0-9.0-0.16"},{"rt":14918,"url":"../static/nodeGraphs_distractor.html","edge":"0to3","edgeRT":"13953","skip":"false","flipped":"FALSE","index":"17","edgeClickLog":"[{\"edgeSelection\":\"0to3\",\"edgeRTMS\":13953}]","trial_id":"test_2","congruency":"I","trial_group":"15to20","condition":"distractor","inference_edge":"4to8,2to4,1to4","inference_edgeClickLog":"[{\"edgeSelection\":\"4to8\",\"edgeRTMS\":3658},{\"edgeSelection\":\"2to4\",\"edgeRTMS\":4337},{\"edgeSelection\":\"1to4\",\"edgeRTMS\":4858}]","inference_edgeRT":"4858","inference_edge_last":"","task":"experiment","subjectId":"9keg1o2kxk5gogw","trial_type":"external-html","trial_index":25,"time_elapsed":644219,"internal_node_id":"0.0-9.0-0.17"},{"rt":6498,"url":"../static/nodeGraphs_distractor.html","edge":"0to1","edgeRT":"4817","skip":"false","flipped":"FALSE","index":"18","edgeClickLog":"[{\"edgeSelection\":\"0to1\",\"edgeRTMS\":4817}]","trial_id":"test_3","congruency":"I","trial_group":"15to20","condition":"distractor","inference_edge":"4to8,2to4,1to4","inference_edgeClickLog":"[{\"edgeSelection\":\"4to8\",\"edgeRTMS\":3658},{\"edgeSelection\":\"2to4\",\"edgeRTMS\":4337},{\"edgeSelection\":\"1to4\",\"edgeRTMS\":4858}]","inference_edgeRT":"4858","inference_edge_last":"","task":"experiment","subjectId":"9keg1o2kxk5gogw","trial_type":"external-html","trial_index":26,"time_elapsed":651284,"internal_node_id":"0.0-9.0-0.18"},{"rt":15254,"url":"../static/nodeGraphs_distractor.html","edge":"3to6","edgeRT":"11999","skip":"false","flipped":"FALSE","index":"19","edgeClickLog":"[{\"edgeSelection\":\"3to6\",\"edgeRTMS\":11999}]","trial_id":"test_4","congruency":"I","trial_group":"15to20","condition":"distractor","inference_edge":"4to8,2to4,1to4","inference_edgeClickLog":"[{\"edgeSelection\":\"4to8\",\"edgeRTMS\":3658},{\"edgeSelection\":\"2to4\",\"edgeRTMS\":4337},{\"edgeSelection\":\"1to4\",\"edgeRTMS\":4858}]","inference_edgeRT":"4858","inference_edge_last":"","task":"experiment","subjectId":"9keg1o2kxk5gogw","trial_type":"external-html","trial_index":27,"time_elapsed":667176,"internal_node_id":"0.0-9.0-0.19"},{"rt":29232,"response":{"P0_Q0":null,"P0_Q1":3,"P0_Q2":5,"P0_Q3":5,"P0_Q4":3,"P0_Q5":3,"strategies":"Prioritize total score possible for student","feedback":""},"accuracy":[],"trial_type":"survey","trial_index":28,"time_elapsed":696944,"internal_node_id":"0.0-10.0"},{"rt":8351,"stimulus":"<p>Thanks for your time!</p>        <p>We need to manually calculate your bonus pay, please give us up to 7 days.</p><p>Press any key to conclude.</p>","response":" ","task":"end","subjectId":"9keg1o2kxk5gogw","trial_type":"html-keyboard-response","trial_index":29,"time_elapsed":705295,"internal_node_id":"0.0-11.0","interactions":"[{\"event\":\"blur\",\"trial\":1,\"time\":5241},{\"event\":\"focus\",\"trial\":1,\"time\":10043},{\"event\":\"fullscreenenter\",\"trial\":1,\"time\":10157},{\"event\":\"blur\",\"trial\":4,\"time\":163899},{\"event\":\"focus\",\"trial\":4,\"time\":163899},{\"event\":\"fullscreenexit\",\"trial\":4,\"time\":163902},{\"event\":\"blur\",\"trial\":11,\"time\":411432},{\"event\":\"focus\",\"trial\":11,\"time\":411872},{\"event\":\"blur\",\"trial\":29,\"time\":704890},{\"event\":\"focus\",\"trial\":29,\"time\":704893}]"}]