[{"success":true,"timeout":false,"failed_images":[],"failed_audio":[],"failed_video":[],"trial_type":"preload","trial_index":0,"time_elapsed":589,"internal_node_id":"0.0-0.0"},{"success":true,"trial_type":"fullscreen","trial_index":1,"time_elapsed":71466,"internal_node_id":"0.0-1.0"},{"rt":1802,"stimulus":"Welcome to the experiment. Press any key to begin.","response":"k","trial_type":"html-keyboard-response","trial_index":2,"time_elapsed":73273,"internal_node_id":"0.0-2.0"},{"view_history":[{"page_index":0,"viewing_time":5599},{"page_index":1,"viewing_time":5431},{"page_index":2,"viewing_time":55194},{"page_index":3,"viewing_time":5630},{"page_index":4,"viewing_time":1416},{"page_index":5,"viewing_time":485},{"page_index":6,"viewing_time":1645},{"page_index":7,"viewing_time":18956},{"page_index":8,"viewing_time":39462},{"page_index":9,"viewing_time":23590},{"page_index":10,"viewing_time":1439},{"page_index":11,"viewing_time":775},{"page_index":12,"viewing_time":1405},{"page_index":13,"viewing_time":3071},{"page_index":14,"viewing_time":3521},{"page_index":15,"viewing_time":5340},{"page_index":16,"viewing_time":750},{"page_index":17,"viewing_time":446},{"page_index":18,"viewing_time":2169},{"page_index":19,"viewing_time":4971},{"page_index":20,"viewing_time":5076},{"page_index":21,"viewing_time":3961}],"rt":190333,"trial_type":"instructions","trial_index":3,"time_elapsed":263607,"internal_node_id":"0.0-3.0"},{"rt":236241,"url":"../static/nodeGraphsTraining_distractor.html","skip":[],"edgeClickLog":[],"inference_edge":[],"inference_edgeClickLog":[],"trial_type":"external-html","trial_index":4,"time_elapsed":500038,"internal_node_id":"0.0-4.0"},{"rt":31531,"response":{"q1":"The goal is to help the student to get the most points.","q2":"False","q3":"Possible edges you, as the teacher, can choose to teach the learner.","q4":"Edges that the student took before."},"question_order":[0,1,2,3],"trial_type":"survey-multi-choice","trial_index":5,"time_elapsed":531573,"internal_node_id":"0.0-5.0"},{"rt":2820,"stimulus":"<p>You can take a 60 second break before starting the experiment.</p><br><br><p>This page will advance in 60 seconds or you can press any key to advance now.</p>","response":"k","trial_type":"html-keyboard-response","trial_index":6,"time_elapsed":534402,"internal_node_id":"0.0-7.0"},{"view_history":[{"page_index":0,"viewing_time":49108}],"rt":49109,"trial_type":"instructions","trial_index":7,"time_elapsed":583513,"internal_node_id":"0.0-8.0"},{"rt":36491,"url":"../static/nodeGraphs_distractor.html","edge":"2to4","edgeRT":"15918","skip":"false","flipped":"FALSE","index":"0","edgeClickLog":"[{\"edgeSelection\":\"1to4\",\"edgeRTMS\":11583},{\"edgeSelection\":\"1to4\",\"edgeRTMS\":13815},{\"edgeSelection\":\"2to4\",\"edgeRTMS\":15918}]","trial_id":"incong_0","congruency":"I","trial_group":"1to5","condition":"distractor","inference_edge":"0to1,1to4,4to7","inference_edgeClickLog":"[{\"edgeSelection\":\"0to1\",\"edgeRTMS\":8064},{\"edgeSelection\":\"1to4\",\"edgeRTMS\":9681},{\"edgeSelection\":\"4to7\",\"edgeRTMS\":11514}]","inference_edgeRT":"11514","inference_edge_last":"4to7","task":"experiment","subjectId":"1vjbc11auv2815f","trial_type":"external-html","trial_index":8,"time_elapsed":620238,"internal_node_id":"0.0-9.0-0.0"},{"rt":33160,"url":"../static/nodeGraphs_distractor.html","edge":"3to6","edgeRT":"14444","skip":"false","flipped":"FALSE","index":"1","edgeClickLog":"[{\"edgeSelection\":\"3to6\",\"edgeRTMS\":14444}]","trial_id":"incong_5","congruency":"I","trial_group":"1to5","condition":"distractor","inference_edge":"0to2,2to4,4to7","inference_edgeClickLog":"[{\"edgeSelection\":\"0to2\",\"edgeRTMS\":10995},{\"edgeSelection\":\"2to4\",\"edgeRTMS\":12798},{\"edgeSelection\":\"4to7\",\"edgeRTMS\":14384}]","inference_edgeRT":"14384","inference_edge_last":"4to7","task":"experiment","subjectId":"1vjbc11auv2815f","trial_type":"external-html","trial_index":9,"time_elapsed":654071,"internal_node_id":"0.0-9.0-0.1"},{"rt":23253,"url":"../static/nodeGraphs_distractor.html","edge":"5to7","edgeRT":"8000","skip":"false","flipped":"FALSE","index":"2","edgeClickLog":"[{\"edgeSelection\":\"5to7\",\"edgeRTMS\":8000}]","trial_id":"incong_3","congruency":"I","trial_group":"1to5","condition":"distractor","inference_edge":"0to2,2to6,6to8","inference_edgeClickLog":"[{\"edgeSelection\":\"0to2\",\"edgeRTMS\":7765},{\"edgeSelection\":\"2to6\",\"edgeRTMS\":10043},{\"edgeSelection\":\"6to8\",\"edgeRTMS\":12074}]","inference_edgeRT":"12074","inference_edge_last":"6to8","task":"experiment","subjectId":"1vjbc11auv2815f","trial_type":"external-html","trial_index":10,"time_elapsed":678001,"internal_node_id":"0.0-9.0-0.2"},{"rt":27852,"url":"../static/nodeGraphs_distractor.html","edge":"5to8","edgeRT":"6149","skip":"false","flipped":"FALSE","index":"3","edgeClickLog":"[{\"edgeSelection\":\"5to8\",\"edgeRTMS\":6149}]","trial_id":"incong_10","congruency":"I","trial_group":"1to5","condition":"distractor","inference_edge":"2to4,4to8,0to2","inference_edgeClickLog":"[{\"edgeSelection\":\"0to2\",\"edgeRTMS\":5420},{\"edgeSelection\":\"2to6\",\"edgeRTMS\":8644},{\"edgeSelection\":\"2to4\",\"edgeRTMS\":11817},{\"edgeSelection\":\"4to8\",\"edgeRTMS\":14136},{\"edgeSelection\":\"0to2\",\"edgeRTMS\":17370}]","inference_edgeRT":"17370","inference_edge_last":"0to2","task":"experiment","subjectId":"1vjbc11auv2815f","trial_type":"external-html","trial_index":11,"time_elapsed":706535,"internal_node_id":"0.0-9.0-0.3"},{"rt":25553,"url":"../static/nodeGraphs_distractor.html","edge":"0to1","edgeRT":"12141","skip":"false","flipped":"FALSE","index":"4","edgeClickLog":"[{\"edgeSelection\":\"0to1\",\"edgeRTMS\":12141}]","trial_id":"incong_2","congruency":"I","trial_group":"1to5","condition":"distractor","inference_edge":"0to1,1to4,4to8","inference_edgeClickLog":"[{\"edgeSelection\":\"0to1\",\"edgeRTMS\":5430},{\"edgeSelection\":\"1to4\",\"edgeRTMS\":6594},{\"edgeSelection\":\"4to8\",\"edgeRTMS\":8038}]","inference_edgeRT":"8038","inference_edge_last":"4to8","task":"experiment","subjectId":"1vjbc11auv2815f","trial_type":"external-html","trial_index":12,"time_elapsed":732747,"internal_node_id":"0.0-9.0-0.4"},{"rt":33755,"url":"../static/nodeGraphs_distractor.html","edge":"0to3","edgeRT":"9395","skip":"false","flipped":"TRUE","index":"5","edgeClickLog":"[{\"edgeSelection\":\"0to3\",\"edgeRTMS\":9395}]","trial_id":"incong_0_flipped","congruency":"I","trial_group":"5to10","condition":"distractor","inference_edge":"0to2,2to6,6to9","inference_edgeClickLog":"[{\"edgeSelection\":\"0to2\",\"edgeRTMS\":14105},{\"edgeSelection\":\"2to6\",\"edgeRTMS\":18997},{\"edgeSelection\":\"6to9\",\"edgeRTMS\":20582}]","inference_edgeRT":"20582","inference_edge_last":"6to9","task":"experiment","subjectId":"1vjbc11auv2815f","trial_type":"external-html","trial_index":13,"time_elapsed":767170,"internal_node_id":"0.0-9.0-0.5"},{"rt":22602,"url":"../static/nodeGraphs_distractor.html","edge":"0to2","edgeRT":"9143","skip":"false","flipped":"TRUE","index":"6","edgeClickLog":"[{\"edgeSelection\":\"0to2\",\"edgeRTMS\":9143}]","trial_id":"incong_5_flipped","congruency":"I","trial_group":"5to10","condition":"distractor","inference_edge":"0to2,2to6,6to9","inference_edgeClickLog":"[{\"edgeSelection\":\"0to2\",\"edgeRTMS\":5517},{\"edgeSelection\":\"2to6\",\"edgeRTMS\":7336},{\"edgeSelection\":\"6to9\",\"edgeRTMS\":8635}]","inference_edgeRT":"8635","inference_edge_last":"6to9","task":"experiment","subjectId":"1vjbc11auv2815f","trial_type":"external-html","trial_index":14,"time_elapsed":790436,"internal_node_id":"0.0-9.0-0.6"},{"rt":27067,"url":"../static/nodeGraphs_distractor.html","edge":"5to9","edgeRT":"3857","skip":"false","flipped":"TRUE","index":"7","edgeClickLog":"[{\"edgeSelection\":\"5to9\",\"edgeRTMS\":3857}]","trial_id":"incong_3_flipped","congruency":"I","trial_group":"5to10","condition":"distractor","inference_edge":"0to2,2to4,4to8","inference_edgeClickLog":"[{\"edgeSelection\":\"0to2\",\"edgeRTMS\":7780},{\"edgeSelection\":\"2to4\",\"edgeRTMS\":9699},{\"edgeSelection\":\"4to8\",\"edgeRTMS\":12032}]","inference_edgeRT":"12032","inference_edge_last":"4to8","task":"experiment","subjectId":"1vjbc11auv2815f","trial_type":"external-html","trial_index":15,"time_elapsed":818183,"internal_node_id":"0.0-9.0-0.7"},{"rt":22710,"url":"../static/nodeGraphs_distractor.html","edge":"5to8","edgeRT":"8087","skip":"false","flipped":"TRUE","index":"8","edgeClickLog":"[{\"edgeSelection\":\"5to8\",\"edgeRTMS\":8087}]","trial_id":"incong_10_flipped","congruency":"I","trial_group":"5to10","condition":"distractor","inference_edge":"0to2,2to6,6to8","inference_edgeClickLog":"[{\"edgeSelection\":\"0to2\",\"edgeRTMS\":4691},{\"edgeSelection\":\"2to6\",\"edgeRTMS\":6366},{\"edgeSelection\":\"6to8\",\"edgeRTMS\":7449}]","inference_edgeRT":"7449","inference_edge_last":"6to8","task":"experiment","subjectId":"1vjbc11auv2815f","trial_type":"external-html","trial_index":16,"time_elapsed":841563,"internal_node_id":"0.0-9.0-0.8"},{"rt":17086,"url":"../static/nodeGraphs_distractor.html","edge":"0to3","edgeRT":"6749","skip":"false","flipped":"TRUE","index":"9","edgeClickLog":"[{\"edgeSelection\":\"0to3\",\"edgeRTMS\":6749}]","trial_id":"incong_2_flipped","congruency":"I","trial_group":"5to10","condition":"distractor","inference_edge":"0to2,2to6,6to8","inference_edgeClickLog":"[{\"edgeSelection\":\"0to2\",\"edgeRTMS\":3418},{\"edgeSelection\":\"2to6\",\"edgeRTMS\":4973},{\"edgeSelection\":\"6to8\",\"edgeRTMS\":6447}]","inference_edgeRT":"6447","inference_edge_last":"6to8","task":"experiment","subjectId":"1vjbc11auv2815f","trial_type":"external-html","trial_index":17,"time_elapsed":859323,"internal_node_id":"0.0-9.0-0.9"},{"rt":22455,"url":"../static/nodeGraphs_distractor.html","edge":"6to8","edgeRT":"12198","skip":"false","flipped":"FALSE","index":"10","edgeClickLog":"[{\"edgeSelection\":\"0to1\",\"edgeRTMS\":3721},{\"edgeSelection\":\"0to1\",\"edgeRTMS\":7398},{\"edgeSelection\":\"6to8\",\"edgeRTMS\":12198}]","trial_id":"incong_0","congruency":"I","trial_group":"10to15","condition":"distractor","inference_edge":"0to1,1to4,4to7","inference_edgeClickLog":"[{\"edgeSelection\":\"0to1\",\"edgeRTMS\":4736},{\"edgeSelection\":\"1to4\",\"edgeRTMS\":5879},{\"edgeSelection\":\"4to7\",\"edgeRTMS\":7074}]","inference_edgeRT":"7074","inference_edge_last":"4to7","task":"experiment","subjectId":"1vjbc11auv2815f","trial_type":"external-html","trial_index":18,"time_elapsed":882446,"internal_node_id":"0.0-9.0-0.10"},{"rt":30555,"url":"../static/nodeGraphs_distractor.html","edge":"3to6","edgeRT":"9082","skip":"false","flipped":"FALSE","index":"11","edgeClickLog":"[{\"edgeSelection\":\"3to6\",\"edgeRTMS\":9082}]","trial_id":"incong_5","congruency":"I","trial_group":"10to15","condition":"distractor","inference_edge":"0to2,2to4,4to7","inference_edgeClickLog":"[{\"edgeSelection\":\"0to2\",\"edgeRTMS\":6167},{\"edgeSelection\":\"2to4\",\"edgeRTMS\":8161},{\"edgeSelection\":\"4to7\",\"edgeRTMS\":9349}]","inference_edgeRT":"9349","inference_edge_last":"4to7","task":"experiment","subjectId":"1vjbc11auv2815f","trial_type":"external-html","trial_index":19,"time_elapsed":913666,"internal_node_id":"0.0-9.0-0.11"},{"rt":16053,"url":"../static/nodeGraphs_distractor.html","edge":"5to7","edgeRT":"4689","skip":"false","flipped":"FALSE","index":"12","edgeClickLog":"[{\"edgeSelection\":\"5to7\",\"edgeRTMS\":4689}]","trial_id":"incong_3","congruency":"I","trial_group":"10to15","condition":"distractor","inference_edge":"0to2,2to6,6to8","inference_edgeClickLog":"[{\"edgeSelection\":\"0to2\",\"edgeRTMS\":5740},{\"edgeSelection\":\"2to6\",\"edgeRTMS\":7130},{\"edgeSelection\":\"6to8\",\"edgeRTMS\":9535}]","inference_edgeRT":"9535","inference_edge_last":"6to8","task":"experiment","subjectId":"1vjbc11auv2815f","trial_type":"external-html","trial_index":20,"time_elapsed":930392,"internal_node_id":"0.0-9.0-0.12"},{"rt":15497,"url":"../static/nodeGraphs_distractor.html","edge":"5to8","edgeRT":"3744","skip":"false","flipped":"FALSE","index":"13","edgeClickLog":"[{\"edgeSelection\":\"5to8\",\"edgeRTMS\":3744}]","trial_id":"incong_10","congruency":"I","trial_group":"10to15","condition":"distractor","inference_edge":"0to2,2to4,4to8","inference_edgeClickLog":"[{\"edgeSelection\":\"0to2\",\"edgeRTMS\":5101},{\"edgeSelection\":\"2to4\",\"edgeRTMS\":7406},{\"edgeSelection\":\"4to8\",\"edgeRTMS\":9181}]","inference_edgeRT":"9181","inference_edge_last":"4to8","task":"experiment","subjectId":"1vjbc11auv2815f","trial_type":"external-html","trial_index":21,"time_elapsed":946555,"internal_node_id":"0.0-9.0-0.13"},{"rt":27556,"url":"../static/nodeGraphs_distractor.html","edge":"3to6","edgeRT":"17900","skip":"false","flipped":"FALSE","index":"14","edgeClickLog":"[{\"edgeSelection\":\"3to6\",\"edgeRTMS\":17900}]","trial_id":"incong_2","congruency":"I","trial_group":"10to15","condition":"distractor","inference_edge":"0to1,1to4,4to8","inference_edgeClickLog":"[{\"edgeSelection\":\"0to1\",\"edgeRTMS\":3637},{\"edgeSelection\":\"1to4\",\"edgeRTMS\":4985},{\"edgeSelection\":\"4to8\",\"edgeRTMS\":6453}]","inference_edgeRT":"6453","inference_edge_last":"4to8","task":"experiment","subjectId":"1vjbc11auv2815f","trial_type":"external-html","trial_index":22,"time_elapsed":974779,"internal_node_id":"0.0-9.0-0.14"},{"rt":26512,"url":"../static/nodeGraphs_distractor.html","edge":"5to8","edgeRT":"5607","skip":"false","flipped":"FALSE","index":"15","edgeClickLog":"[{\"edgeSelection\":\"5to8\",\"edgeRTMS\":5607}]","trial_id":"test_0","congruency":"I","trial_group":"15to20","condition":"distractor","inference_edge":"0to1,1to4,4to8","inference_edgeClickLog":"[{\"edgeSelection\":\"0to1\",\"edgeRTMS\":3637},{\"edgeSelection\":\"1to4\",\"edgeRTMS\":4985},{\"edgeSelection\":\"4to8\",\"edgeRTMS\":6453}]","inference_edgeRT":"6453","inference_edge_last":"","task":"experiment","subjectId":"1vjbc11auv2815f","trial_type":"external-html","trial_index":23,"time_elapsed":1001969,"internal_node_id":"0.0-9.0-0.15"},{"rt":18815,"url":"../static/nodeGraphs_distractor.html","edge":"0to3","edgeRT":"13862","skip":"false","flipped":"FALSE","index":"16","edgeClickLog":"[{\"edgeSelection\":\"0to3\",\"edgeRTMS\":12182},{\"edgeSelection\":\"0to3\",\"edgeRTMS\":13862}]","trial_id":"test_1","congruency":"I","trial_group":"15to20","condition":"distractor","inference_edge":"0to1,1to4,4to8","inference_edgeClickLog":"[{\"edgeSelection\":\"0to1\",\"edgeRTMS\":3637},{\"edgeSelection\":\"1to4\",\"edgeRTMS\":4985},{\"edgeSelection\":\"4to8\",\"edgeRTMS\":6453}]","inference_edgeRT":"6453","inference_edge_last":"","task":"experiment","subjectId":"1vjbc11auv2815f","trial_type":"external-html","trial_index":24,"time_elapsed":1021451,"internal_node_id":"0.0-9.0-0.16"},{"rt":20226,"url":"../static/nodeGraphs_distractor.html","edge":"0to3","edgeRT":"19125","skip":"false","flipped":"FALSE","index":"17","edgeClickLog":"[{\"edgeSelection\":\"0to3\",\"edgeRTMS\":19125}]","trial_id":"test_2","congruency":"I","trial_group":"15to20","condition":"distractor","inference_edge":"0to1,1to4,4to8","inference_edgeClickLog":"[{\"edgeSelection\":\"0to1\",\"edgeRTMS\":3637},{\"edgeSelection\":\"1to4\",\"edgeRTMS\":4985},{\"edgeSelection\":\"4to8\",\"edgeRTMS\":6453}]","inference_edgeRT":"6453","inference_edge_last":"","task":"experiment","subjectId":"1vjbc11auv2815f","trial_type":"external-html","trial_index":25,"time_elapsed":1042338,"internal_node_id":"0.0-9.0-0.17"},{"rt":7728,"url":"../static/nodeGraphs_distractor.html","edge":"0to1","edgeRT":"6996","skip":"false","flipped":"FALSE","index":"18","edgeClickLog":"[{\"edgeSelection\":\"0to1\",\"edgeRTMS\":6996}]","trial_id":"test_3","congruency":"I","trial_group":"15to20","condition":"distractor","inference_edge":"0to1,1to4,4to8","inference_edgeClickLog":"[{\"edgeSelection\":\"0to1\",\"edgeRTMS\":3637},{\"edgeSelection\":\"1to4\",\"edgeRTMS\":4985},{\"edgeSelection\":\"4to8\",\"edgeRTMS\":6453}]","inference_edgeRT":"6453","inference_edge_last":"","task":"experiment","subjectId":"1vjbc11auv2815f","trial_type":"external-html","trial_index":26,"time_elapsed":1050753,"internal_node_id":"0.0-9.0-0.18"},{"rt":29114,"url":"../static/nodeGraphs_distractor.html","edge":"3to6","edgeRT":"27943","skip":"false","flipped":"FALSE","index":"19","edgeClickLog":"[{\"edgeSelection\":\"3to6\",\"edgeRTMS\":27943}]","trial_id":"test_4","congruency":"I","trial_group":"15to20","condition":"distractor","inference_edge":"0to1,1to4,4to8","inference_edgeClickLog":"[{\"edgeSelection\":\"0to1\",\"edgeRTMS\":3637},{\"edgeSelection\":\"1to4\",\"edgeRTMS\":4985},{\"edgeSelection\":\"4to8\",\"edgeRTMS\":6453}]","inference_edgeRT":"6453","inference_edge_last":"","task":"experiment","subjectId":"1vjbc11auv2815f","trial_type":"external-html","trial_index":27,"time_elapsed":1080480,"internal_node_id":"0.0-9.0-0.19"},{"rt":23333,"response":{"P0_Q0":null,"P0_Q1":6,"P0_Q2":6,"P0_Q3":5,"P0_Q4":6,"P0_Q5":3,"strategies":"logic","feedback":"none"},"accuracy":[],"trial_type":"survey","trial_index":28,"time_elapsed":1104489,"internal_node_id":"0.0-10.0"},{"rt":2098,"stimulus":"<p>Thanks for your time!</p>        <p>We need to manually calculate your bonus pay, please give us up to 7 days.</p><p>Press any key to conclude.</p>","response":"l","task":"end","subjectId":"1vjbc11auv2815f","trial_type":"html-keyboard-response","trial_index":29,"time_elapsed":1106593,"internal_node_id":"0.0-11.0","interactions":"[{\"event\":\"blur\",\"trial\":1,\"time\":5256},{\"event\":\"focus\",\"trial\":1,\"time\":65705},{\"event\":\"blur\",\"trial\":1,\"time\":67309},{\"event\":\"focus\",\"trial\":1,\"time\":68828},{\"event\":\"fullscreenenter\",\"trial\":1,\"time\":70496},{\"event\":\"blur\",\"trial\":4,\"time\":367775},{\"event\":\"focus\",\"trial\":4,\"time\":367776},{\"event\":\"fullscreenexit\",\"trial\":4,\"time\":367809},{\"event\":\"blur\",\"trial\":4,\"time\":373467},{\"event\":\"focus\",\"trial\":4,\"time\":389035},{\"event\":\"blur\",\"trial\":13,\"time\":744151},{\"event\":\"focus\",\"trial\":13,\"time\":744151}]"}]