[{"success":true,"timeout":false,"failed_images":[],"failed_audio":[],"failed_video":[],"trial_type":"preload","trial_index":0,"time_elapsed":167,"internal_node_id":"0.0-0.0"},{"success":true,"trial_type":"fullscreen","trial_index":1,"time_elapsed":5632,"internal_node_id":"0.0-1.0"},{"rt":3721,"stimulus":"Welcome to the experiment. Press any key to begin.","response":" ","trial_type":"html-keyboard-response","trial_index":2,"time_elapsed":9356,"internal_node_id":"0.0-2.0"},{"view_history":[{"page_index":0,"viewing_time":3479},{"page_index":1,"viewing_time":6244},{"page_index":2,"viewing_time":27311},{"page_index":3,"viewing_time":11254},{"page_index":4,"viewing_time":1935},{"page_index":5,"viewing_time":2072},{"page_index":6,"viewing_time":3753},{"page_index":7,"viewing_time":9677},{"page_index":8,"viewing_time":12259},{"page_index":9,"viewing_time":11379},{"page_index":10,"viewing_time":1256},{"page_index":11,"viewing_time":2080},{"page_index":12,"viewing_time":2149},{"page_index":13,"viewing_time":1921},{"page_index":14,"viewing_time":1944},{"page_index":15,"viewing_time":4264},{"page_index":16,"viewing_time":898},{"page_index":17,"viewing_time":767},{"page_index":18,"viewing_time":1010},{"page_index":19,"viewing_time":2344},{"page_index":20,"viewing_time":3499},{"page_index":21,"viewing_time":4293}],"rt":115787,"trial_type":"instructions","trial_index":3,"time_elapsed":125141,"internal_node_id":"0.0-3.0"},{"rt":161650,"url":"../static/nodeGraphsTraining_distractor.html","skip":[],"edgeClickLog":[],"inference_edge":[],"inference_edgeClickLog":[],"trial_type":"external-html","trial_index":4,"time_elapsed":286844,"internal_node_id":"0.0-4.0"},{"rt":19548,"response":{"q1":"The goal is to help the student to get the most points.","q2":"False","q3":"Possible edges you, as the teacher, can choose to teach the learner.","q4":"Edges that the student took before."},"question_order":[0,1,2,3],"trial_type":"survey-multi-choice","trial_index":5,"time_elapsed":306396,"internal_node_id":"0.0-5.0"},{"rt":33644,"stimulus":"<p>You can take a 60 second break before starting the experiment.</p><br><br><p>This page will advance in 60 seconds or you can press any key to advance now.</p>","response":" ","trial_type":"html-keyboard-response","trial_index":6,"time_elapsed":340043,"internal_node_id":"0.0-7.0"},{"view_history":[{"page_index":0,"viewing_time":17071}],"rt":17071,"trial_type":"instructions","trial_index":7,"time_elapsed":357115,"internal_node_id":"0.0-8.0"},{"rt":48852,"url":"../static/nodeGraphs_distractor.html","edge":"1to4","edgeRT":"12213","skip":"false","flipped":"FALSE","index":"0","edgeClickLog":"[{\"edgeSelection\":\"1to4\",\"edgeRTMS\":12213}]","trial_id":"cong_0","congruency":"C","trial_group":"1to5","condition":"distractor","inference_edge":"1to4,4to7,4to8","inference_edgeClickLog":"[{\"edgeSelection\":\"1to4\",\"edgeRTMS\":18783},{\"edgeSelection\":\"4to7\",\"edgeRTMS\":27576},{\"edgeSelection\":\"4to8\",\"edgeRTMS\":29517}]","inference_edgeRT":"29517","inference_edge_last":"4to8","task":"experiment","subjectId":"3618s9cb60sla7u","trial_type":"external-html","trial_index":8,"time_elapsed":406013,"internal_node_id":"0.0-9.0-0.0"},{"rt":33320,"url":"../static/nodeGraphs_distractor.html","edge":"2to6","edgeRT":"5444","skip":"false","flipped":"FALSE","index":"1","edgeClickLog":"[{\"edgeSelection\":\"2to6\",\"edgeRTMS\":5444}]","trial_id":"cong_1","congruency":"C","trial_group":"1to5","condition":"distractor","inference_edge":"2to6,2to4,4to7","inference_edgeClickLog":"[{\"edgeSelection\":\"2to6\",\"edgeRTMS\":12747},{\"edgeSelection\":\"2to4\",\"edgeRTMS\":21489},{\"edgeSelection\":\"4to7\",\"edgeRTMS\":23932}]","inference_edgeRT":"23932","inference_edge_last":"4to7","task":"experiment","subjectId":"3618s9cb60sla7u","trial_type":"external-html","trial_index":9,"time_elapsed":439880,"internal_node_id":"0.0-9.0-0.1"},{"rt":30135,"url":"../static/nodeGraphs_distractor.html","edge":"2to5","edgeRT":"8510","skip":"false","flipped":"FALSE","index":"2","edgeClickLog":"[{\"edgeSelection\":\"2to5\",\"edgeRTMS\":8510}]","trial_id":"cong_6","congruency":"C","trial_group":"1to5","condition":"distractor","inference_edge":"2to5,5to7,5to9","inference_edgeClickLog":"[{\"edgeSelection\":\"2to5\",\"edgeRTMS\":5850},{\"edgeSelection\":\"5to7\",\"edgeRTMS\":8939},{\"edgeSelection\":\"5to9\",\"edgeRTMS\":14815}]","inference_edgeRT":"14815","inference_edge_last":"5to9","task":"experiment","subjectId":"3618s9cb60sla7u","trial_type":"external-html","trial_index":10,"time_elapsed":470572,"internal_node_id":"0.0-9.0-0.2"},{"rt":33397,"url":"../static/nodeGraphs_distractor.html","edge":"2to4","edgeRT":"3252","skip":"false","flipped":"FALSE","index":"3","edgeClickLog":"[{\"edgeSelection\":\"2to4\",\"edgeRTMS\":3252}]","trial_id":"cong_4","congruency":"C","trial_group":"1to5","condition":"distractor","inference_edge":"2to4,4to8,4to7","inference_edgeClickLog":"[{\"edgeSelection\":\"2to4\",\"edgeRTMS\":7235},{\"edgeSelection\":\"4to8\",\"edgeRTMS\":10506},{\"edgeSelection\":\"4to7\",\"edgeRTMS\":25838}]","inference_edgeRT":"25838","inference_edge_last":"4to7","task":"experiment","subjectId":"3618s9cb60sla7u","trial_type":"external-html","trial_index":11,"time_elapsed":504523,"internal_node_id":"0.0-9.0-0.3"},{"rt":22103,"url":"../static/nodeGraphs_distractor.html","edge":"2to5","edgeRT":"11322","skip":"false","flipped":"FALSE","index":"4","edgeClickLog":"[{\"edgeSelection\":\"2to5\",\"edgeRTMS\":3975},{\"edgeSelection\":\"5to8\",\"edgeRTMS\":8130},{\"edgeSelection\":\"2to5\",\"edgeRTMS\":11322}]","trial_id":"cong_9","congruency":"C","trial_group":"1to5","condition":"distractor","inference_edge":"2to5,5to8,5to9","inference_edgeClickLog":"[{\"edgeSelection\":\"2to5\",\"edgeRTMS\":5709},{\"edgeSelection\":\"5to8\",\"edgeRTMS\":7006},{\"edgeSelection\":\"5to9\",\"edgeRTMS\":8138}]","inference_edgeRT":"8138","inference_edge_last":"5to9","task":"experiment","subjectId":"3618s9cb60sla7u","trial_type":"external-html","trial_index":12,"time_elapsed":527179,"internal_node_id":"0.0-9.0-0.4"},{"rt":15376,"url":"../static/nodeGraphs_distractor.html","edge":"3to6","edgeRT":"3799","skip":"false","flipped":"TRUE","index":"5","edgeClickLog":"[{\"edgeSelection\":\"3to6\",\"edgeRTMS\":3799}]","trial_id":"cong_0_flipped","congruency":"C","trial_group":"5to10","condition":"distractor","inference_edge":"3to6,6to8,6to9","inference_edgeClickLog":"[{\"edgeSelection\":\"3to6\",\"edgeRTMS\":4739},{\"edgeSelection\":\"6to8\",\"edgeRTMS\":8068},{\"edgeSelection\":\"6to9\",\"edgeRTMS\":9237}]","inference_edgeRT":"9237","inference_edge_last":"6to9","task":"experiment","subjectId":"3618s9cb60sla7u","trial_type":"external-html","trial_index":13,"time_elapsed":543117,"internal_node_id":"0.0-9.0-0.5"},{"rt":30585,"url":"../static/nodeGraphs_distractor.html","edge":"2to4","edgeRT":"3397","skip":"false","flipped":"TRUE","index":"6","edgeClickLog":"[{\"edgeSelection\":\"2to4\",\"edgeRTMS\":3397}]","trial_id":"cong_1_flipped","congruency":"C","trial_group":"5to10","condition":"distractor","inference_edge":"2to4,4to7,2to6","inference_edgeClickLog":"[{\"edgeSelection\":\"2to4\",\"edgeRTMS\":8314},{\"edgeSelection\":\"4to7\",\"edgeRTMS\":10862},{\"edgeSelection\":\"2to6\",\"edgeRTMS\":24621}]","inference_edgeRT":"24621","inference_edge_last":"2to6","task":"experiment","subjectId":"3618s9cb60sla7u","trial_type":"external-html","trial_index":14,"time_elapsed":574248,"internal_node_id":"0.0-9.0-0.6"},{"rt":13087,"url":"../static/nodeGraphs_distractor.html","edge":"2to5","edgeRT":"4218","skip":"false","flipped":"TRUE","index":"7","edgeClickLog":"[{\"edgeSelection\":\"2to5\",\"edgeRTMS\":4218}]","trial_id":"cong_6_flipped","congruency":"C","trial_group":"5to10","condition":"distractor","inference_edge":"2to5,5to7,5to9","inference_edgeClickLog":"[{\"edgeSelection\":\"2to5\",\"edgeRTMS\":3814},{\"edgeSelection\":\"5to7\",\"edgeRTMS\":4769},{\"edgeSelection\":\"5to9\",\"edgeRTMS\":5628}]","inference_edgeRT":"5628","inference_edge_last":"5to9","task":"experiment","subjectId":"3618s9cb60sla7u","trial_type":"external-html","trial_index":15,"time_elapsed":587887,"internal_node_id":"0.0-9.0-0.7"},{"rt":16832,"url":"../static/nodeGraphs_distractor.html","edge":"2to6","edgeRT":"3914","skip":"false","flipped":"TRUE","index":"8","edgeClickLog":"[{\"edgeSelection\":\"2to6\",\"edgeRTMS\":3914}]","trial_id":"cong_4_flipped","congruency":"C","trial_group":"5to10","condition":"distractor","inference_edge":"2to6,6to8,6to9","inference_edgeClickLog":"[{\"edgeSelection\":\"2to6\",\"edgeRTMS\":5151},{\"edgeSelection\":\"6to8\",\"edgeRTMS\":6259},{\"edgeSelection\":\"6to9\",\"edgeRTMS\":8685}]","inference_edgeRT":"8685","inference_edge_last":"6to9","task":"experiment","subjectId":"3618s9cb60sla7u","trial_type":"external-html","trial_index":16,"time_elapsed":605260,"internal_node_id":"0.0-9.0-0.8"},{"rt":14197,"url":"../static/nodeGraphs_distractor.html","edge":"2to5","edgeRT":"4674","skip":"false","flipped":"TRUE","index":"9","edgeClickLog":"[{\"edgeSelection\":\"2to5\",\"edgeRTMS\":4674}]","trial_id":"cong_9_flipped","congruency":"C","trial_group":"5to10","condition":"distractor","inference_edge":"2to5,5to8,5to7","inference_edgeClickLog":"[{\"edgeSelection\":\"2to5\",\"edgeRTMS\":3158},{\"edgeSelection\":\"5to8\",\"edgeRTMS\":4112},{\"edgeSelection\":\"5to7\",\"edgeRTMS\":4943}]","inference_edgeRT":"4943","inference_edge_last":"5to7","task":"experiment","subjectId":"3618s9cb60sla7u","trial_type":"external-html","trial_index":17,"time_elapsed":620002,"internal_node_id":"0.0-9.0-0.9"},{"rt":17197,"url":"../static/nodeGraphs_distractor.html","edge":"1to4","edgeRT":"4518","skip":"false","flipped":"FALSE","index":"10","edgeClickLog":"[{\"edgeSelection\":\"1to4\",\"edgeRTMS\":4518}]","trial_id":"cong_0","congruency":"C","trial_group":"10to15","condition":"distractor","inference_edge":"1to4,4to7,4to8","inference_edgeClickLog":"[{\"edgeSelection\":\"1to4\",\"edgeRTMS\":4875},{\"edgeSelection\":\"4to7\",\"edgeRTMS\":7339},{\"edgeSelection\":\"4to8\",\"edgeRTMS\":8164}]","inference_edgeRT":"8164","inference_edge_last":"4to8","task":"experiment","subjectId":"3618s9cb60sla7u","trial_type":"external-html","trial_index":18,"time_elapsed":637763,"internal_node_id":"0.0-9.0-0.10"},{"rt":16475,"url":"../static/nodeGraphs_distractor.html","edge":"2to6","edgeRT":"2968","skip":"false","flipped":"FALSE","index":"11","edgeClickLog":"[{\"edgeSelection\":\"2to6\",\"edgeRTMS\":2968}]","trial_id":"cong_1","congruency":"C","trial_group":"10to15","condition":"distractor","inference_edge":"2to6,6to9,2to4","inference_edgeClickLog":"[{\"edgeSelection\":\"2to6\",\"edgeRTMS\":7251},{\"edgeSelection\":\"6to9\",\"edgeRTMS\":9205},{\"edgeSelection\":\"2to4\",\"edgeRTMS\":11340}]","inference_edgeRT":"11340","inference_edge_last":"2to4","task":"experiment","subjectId":"3618s9cb60sla7u","trial_type":"external-html","trial_index":19,"time_elapsed":654776,"internal_node_id":"0.0-9.0-0.11"},{"rt":10991,"url":"../static/nodeGraphs_distractor.html","edge":"2to5","edgeRT":"2722","skip":"false","flipped":"FALSE","index":"12","edgeClickLog":"[{\"edgeSelection\":\"2to5\",\"edgeRTMS\":2722}]","trial_id":"cong_6","congruency":"C","trial_group":"10to15","condition":"distractor","inference_edge":"2to5,5to7,5to9","inference_edgeClickLog":"[{\"edgeSelection\":\"2to5\",\"edgeRTMS\":4282},{\"edgeSelection\":\"5to7\",\"edgeRTMS\":5198},{\"edgeSelection\":\"5to9\",\"edgeRTMS\":6128}]","inference_edgeRT":"6128","inference_edge_last":"5to9","task":"experiment","subjectId":"3618s9cb60sla7u","trial_type":"external-html","trial_index":20,"time_elapsed":666317,"internal_node_id":"0.0-9.0-0.12"},{"rt":14374,"url":"../static/nodeGraphs_distractor.html","edge":"2to4","edgeRT":"3556","skip":"false","flipped":"FALSE","index":"13","edgeClickLog":"[{\"edgeSelection\":\"2to4\",\"edgeRTMS\":3556}]","trial_id":"cong_4","congruency":"C","trial_group":"10to15","condition":"distractor","inference_edge":"2to4,4to8,5to8","inference_edgeClickLog":"[{\"edgeSelection\":\"2to4\",\"edgeRTMS\":3124},{\"edgeSelection\":\"4to8\",\"edgeRTMS\":5484},{\"edgeSelection\":\"5to8\",\"edgeRTMS\":8741}]","inference_edgeRT":"8741","inference_edge_last":"5to8","task":"experiment","subjectId":"3618s9cb60sla7u","trial_type":"external-html","trial_index":21,"time_elapsed":681245,"internal_node_id":"0.0-9.0-0.13"},{"rt":11398,"url":"../static/nodeGraphs_distractor.html","edge":"2to5","edgeRT":"2193","skip":"false","flipped":"FALSE","index":"14","edgeClickLog":"[{\"edgeSelection\":\"2to5\",\"edgeRTMS\":2193}]","trial_id":"cong_9","congruency":"C","trial_group":"10to15","condition":"distractor","inference_edge":"2to5,5to8,5to9","inference_edgeClickLog":"[{\"edgeSelection\":\"2to5\",\"edgeRTMS\":4840},{\"edgeSelection\":\"5to8\",\"edgeRTMS\":5494},{\"edgeSelection\":\"5to9\",\"edgeRTMS\":6413}]","inference_edgeRT":"6413","inference_edge_last":"5to9","task":"experiment","subjectId":"3618s9cb60sla7u","trial_type":"external-html","trial_index":22,"time_elapsed":693197,"internal_node_id":"0.0-9.0-0.14"},{"rt":17491,"url":"../static/nodeGraphs_distractor.html","edge":"6to8","edgeRT":"6514","skip":"false","flipped":"FALSE","index":"15","edgeClickLog":"[{\"edgeSelection\":\"6to8\",\"edgeRTMS\":6514}]","trial_id":"test_0","congruency":"I","trial_group":"15to20","condition":"distractor","inference_edge":"2to5,5to8,5to9","inference_edgeClickLog":"[{\"edgeSelection\":\"2to5\",\"edgeRTMS\":4840},{\"edgeSelection\":\"5to8\",\"edgeRTMS\":5494},{\"edgeSelection\":\"5to9\",\"edgeRTMS\":6413}]","inference_edgeRT":"6413","inference_edge_last":"","task":"experiment","subjectId":"3618s9cb60sla7u","trial_type":"external-html","trial_index":23,"time_elapsed":711236,"internal_node_id":"0.0-9.0-0.15"},{"rt":20837,"url":"../static/nodeGraphs_distractor.html","edge":"3to6","edgeRT":"11945","skip":"false","flipped":"FALSE","index":"16","edgeClickLog":"[{\"edgeSelection\":\"3to6\",\"edgeRTMS\":11945}]","trial_id":"test_1","congruency":"I","trial_group":"15to20","condition":"distractor","inference_edge":"2to5,5to8,5to9","inference_edgeClickLog":"[{\"edgeSelection\":\"2to5\",\"edgeRTMS\":4840},{\"edgeSelection\":\"5to8\",\"edgeRTMS\":5494},{\"edgeSelection\":\"5to9\",\"edgeRTMS\":6413}]","inference_edgeRT":"6413","inference_edge_last":"","task":"experiment","subjectId":"3618s9cb60sla7u","trial_type":"external-html","trial_index":24,"time_elapsed":732625,"internal_node_id":"0.0-9.0-0.16"},{"rt":21061,"url":"../static/nodeGraphs_distractor.html","edge":"0to3","edgeRT":"19864","skip":"false","flipped":"FALSE","index":"17","edgeClickLog":"[{\"edgeSelection\":\"0to3\",\"edgeRTMS\":19864}]","trial_id":"test_2","congruency":"I","trial_group":"15to20","condition":"distractor","inference_edge":"2to5,5to8,5to9","inference_edgeClickLog":"[{\"edgeSelection\":\"2to5\",\"edgeRTMS\":4840},{\"edgeSelection\":\"5to8\",\"edgeRTMS\":5494},{\"edgeSelection\":\"5to9\",\"edgeRTMS\":6413}]","inference_edgeRT":"6413","inference_edge_last":"","task":"experiment","subjectId":"3618s9cb60sla7u","trial_type":"external-html","trial_index":25,"time_elapsed":754233,"internal_node_id":"0.0-9.0-0.17"},{"rt":8817,"url":"../static/nodeGraphs_distractor.html","edge":"1to5","edgeRT":"8212","skip":"false","flipped":"FALSE","index":"18","edgeClickLog":"[{\"edgeSelection\":\"1to5\",\"edgeRTMS\":8212}]","trial_id":"test_3","congruency":"I","trial_group":"15to20","condition":"distractor","inference_edge":"2to5,5to8,5to9","inference_edgeClickLog":"[{\"edgeSelection\":\"2to5\",\"edgeRTMS\":4840},{\"edgeSelection\":\"5to8\",\"edgeRTMS\":5494},{\"edgeSelection\":\"5to9\",\"edgeRTMS\":6413}]","inference_edgeRT":"6413","inference_edge_last":"","task":"experiment","subjectId":"3618s9cb60sla7u","trial_type":"external-html","trial_index":26,"time_elapsed":763604,"internal_node_id":"0.0-9.0-0.18"},{"rt":27046,"url":"../static/nodeGraphs_distractor.html","edge":"6to9","edgeRT":"26059","skip":"false","flipped":"FALSE","index":"19","edgeClickLog":"[{\"edgeSelection\":\"6to9\",\"edgeRTMS\":26059}]","trial_id":"test_4","congruency":"I","trial_group":"15to20","condition":"distractor","inference_edge":"2to5,5to8,5to9","inference_edgeClickLog":"[{\"edgeSelection\":\"2to5\",\"edgeRTMS\":4840},{\"edgeSelection\":\"5to8\",\"edgeRTMS\":5494},{\"edgeSelection\":\"5to9\",\"edgeRTMS\":6413}]","inference_edgeRT":"6413","inference_edge_last":"","task":"experiment","subjectId":"3618s9cb60sla7u","trial_type":"external-html","trial_index":27,"time_elapsed":791203,"internal_node_id":"0.0-9.0-0.19"},{"rt":30132,"response":{"P0_Q0":null,"P0_Q1":6,"P0_Q2":3,"P0_Q3":4,"P0_Q4":6,"P0_Q5":6,"strategies":"whatever numbers added up to the most","feedback":""},"accuracy":[],"trial_type":"survey","trial_index":28,"time_elapsed":821905,"internal_node_id":"0.0-10.0"},{"rt":4894,"stimulus":"<p>Thanks for your time!</p>        <p>We need to manually calculate your bonus pay, please give us up to 7 days.</p><p>Press any key to conclude.</p>","response":" ","task":"end","subjectId":"3618s9cb60sla7u","trial_type":"html-keyboard-response","trial_index":29,"time_elapsed":826801,"internal_node_id":"0.0-11.0","interactions":"[{\"event\":\"fullscreenenter\",\"trial\":1,\"time\":4640},{\"event\":\"blur\",\"trial\":4,\"time\":152384},{\"event\":\"fullscreenexit\",\"trial\":4,\"time\":152389},{\"event\":\"focus\",\"trial\":4,\"time\":152552},{\"event\":\"blur\",\"trial\":4,\"time\":156187},{\"event\":\"focus\",\"trial\":4,\"time\":156361}]"}]