[{"success":true,"timeout":false,"failed_images":[],"failed_audio":[],"failed_video":[],"trial_type":"preload","trial_index":0,"time_elapsed":426,"internal_node_id":"0.0-0.0"},{"success":true,"trial_type":"fullscreen","trial_index":1,"time_elapsed":2633,"internal_node_id":"0.0-1.0"},{"rt":2217,"stimulus":"Welcome to the experiment. Press any key to begin.","response":"arrowright","trial_type":"html-keyboard-response","trial_index":2,"time_elapsed":4851,"internal_node_id":"0.0-2.0"},{"view_history":[{"page_index":0,"viewing_time":2400},{"page_index":1,"viewing_time":3232},{"page_index":2,"viewing_time":24440},{"page_index":3,"viewing_time":1760},{"page_index":4,"viewing_time":840},{"page_index":5,"viewing_time":536},{"page_index":6,"viewing_time":1160},{"page_index":7,"viewing_time":36530},{"page_index":8,"viewing_time":25342},{"page_index":9,"viewing_time":5290},{"page_index":10,"viewing_time":2368},{"page_index":11,"viewing_time":456},{"page_index":12,"viewing_time":322},{"page_index":13,"viewing_time":978},{"page_index":14,"viewing_time":878},{"page_index":15,"viewing_time":1432},{"page_index":16,"viewing_time":1538},{"page_index":17,"viewing_time":474},{"page_index":18,"viewing_time":444},{"page_index":19,"viewing_time":612},{"page_index":20,"viewing_time":70840},{"page_index":21,"viewing_time":12352}],"rt":194223,"trial_type":"instructions","trial_index":3,"time_elapsed":199074,"internal_node_id":"0.0-3.0"},{"rt":71238,"url":"../static/nodeGraphsTraining_normal.html","skip":[],"edgeClickLog":[],"inference_edge":[],"inference_edgeClickLog":[],"trial_type":"external-html","trial_index":4,"time_elapsed":270516,"internal_node_id":"0.0-4.0"},{"rt":82371,"response":{"q1":"The goal is to help the student to get the most points","q2":"False","q3":"Possible paths you, as the teacher, can choose to teach the learner.","q4":"Paths that the student took before."},"question_order":[0,1,2,3],"trial_type":"survey-multi-choice","trial_index":5,"time_elapsed":352889,"internal_node_id":"0.0-5.0"},{"rt":19446,"stimulus":"<p>You can take a 60 second break before starting the experiment.</p><br><br><p>This page will advance in 60 seconds or you can press any key to advance now.</p>","response":"arrowright","trial_type":"html-keyboard-response","trial_index":6,"time_elapsed":372336,"internal_node_id":"0.0-7.0"},{"view_history":[{"page_index":0,"viewing_time":115115}],"rt":115116,"trial_type":"instructions","trial_index":7,"time_elapsed":487451,"internal_node_id":"0.0-8.0"},{"rt":10788,"url":"../static/nodeGraphs_normal.html","edge":"0to1","edgeRT":"9476","skip":"false","flipped":"FALSE","index":"0","edgeClickLog":"[{\"edgeSelection\":\"0to1\",\"edgeRTMS\":9476}]","trial_id":"incong_0","congruency":"I","trial_group":"1to5","condition":"normal","inference_edge":[],"inference_edgeClickLog":[],"task":"experiment","subjectId":"y5ltul86wvffaag","trial_type":"external-html","trial_index":8,"time_elapsed":498448,"internal_node_id":"0.0-9.0-0.0"},{"rt":3910,"url":"../static/nodeGraphs_normal.html","edge":"0to1","edgeRT":"3477","skip":"false","flipped":"FALSE","index":"1","edgeClickLog":"[{\"edgeSelection\":\"0to1\",\"edgeRTMS\":3477}]","trial_id":"incong_5","congruency":"I","trial_group":"1to5","condition":"normal","inference_edge":[],"inference_edgeClickLog":[],"task":"experiment","subjectId":"y5ltul86wvffaag","trial_type":"external-html","trial_index":9,"time_elapsed":502969,"internal_node_id":"0.0-9.0-0.1"},{"rt":3897,"url":"../static/nodeGraphs_normal.html","edge":"0to2","edgeRT":"3678","skip":"false","flipped":"FALSE","index":"2","edgeClickLog":"[{\"edgeSelection\":\"0to2\",\"edgeRTMS\":3678}]","trial_id":"incong_3","congruency":"I","trial_group":"1to5","condition":"normal","inference_edge":[],"inference_edgeClickLog":[],"task":"experiment","subjectId":"y5ltul86wvffaag","trial_type":"external-html","trial_index":10,"time_elapsed":507471,"internal_node_id":"0.0-9.0-0.2"},{"rt":5697,"url":"../static/nodeGraphs_normal.html","edge":"0to2","edgeRT":"5213","skip":"false","flipped":"FALSE","index":"3","edgeClickLog":"[{\"edgeSelection\":\"0to2\",\"edgeRTMS\":5213}]","trial_id":"incong_10","congruency":"I","trial_group":"1to5","condition":"normal","inference_edge":[],"inference_edgeClickLog":[],"task":"experiment","subjectId":"y5ltul86wvffaag","trial_type":"external-html","trial_index":11,"time_elapsed":513773,"internal_node_id":"0.0-9.0-0.3"},{"rt":2697,"url":"../static/nodeGraphs_normal.html","edge":"0to1","edgeRT":"2445","skip":"false","flipped":"FALSE","index":"4","edgeClickLog":"[{\"edgeSelection\":\"0to1\",\"edgeRTMS\":2445}]","trial_id":"incong_2","congruency":"I","trial_group":"1to5","condition":"normal","inference_edge":[],"inference_edgeClickLog":[],"task":"experiment","subjectId":"y5ltul86wvffaag","trial_type":"external-html","trial_index":12,"time_elapsed":517077,"internal_node_id":"0.0-9.0-0.4"},{"rt":2673,"url":"../static/nodeGraphs_normal.html","edge":"0to3","edgeRT":"2597","skip":"false","flipped":"TRUE","index":"5","edgeClickLog":"[{\"edgeSelection\":\"0to3\",\"edgeRTMS\":2597}]","trial_id":"incong_0_flipped","congruency":"I","trial_group":"5to10","condition":"normal","inference_edge":[],"inference_edgeClickLog":[],"task":"experiment","subjectId":"y5ltul86wvffaag","trial_type":"external-html","trial_index":13,"time_elapsed":520355,"internal_node_id":"0.0-9.0-0.5"},{"rt":6247,"url":"../static/nodeGraphs_normal.html","edge":"0to2","edgeRT":"6068","skip":"false","flipped":"TRUE","index":"6","edgeClickLog":"[{\"edgeSelection\":\"0to2\",\"edgeRTMS\":6068}]","trial_id":"incong_5_flipped","congruency":"I","trial_group":"5to10","condition":"normal","inference_edge":[],"inference_edgeClickLog":[],"task":"experiment","subjectId":"y5ltul86wvffaag","trial_type":"external-html","trial_index":14,"time_elapsed":527207,"internal_node_id":"0.0-9.0-0.6"},{"rt":2721,"url":"../static/nodeGraphs_normal.html","edge":"0to2","edgeRT":"2485","skip":"false","flipped":"TRUE","index":"7","edgeClickLog":"[{\"edgeSelection\":\"0to2\",\"edgeRTMS\":2485}]","trial_id":"incong_3_flipped","congruency":"I","trial_group":"5to10","condition":"normal","inference_edge":[],"inference_edgeClickLog":[],"task":"experiment","subjectId":"y5ltul86wvffaag","trial_type":"external-html","trial_index":15,"time_elapsed":530533,"internal_node_id":"0.0-9.0-0.7"},{"rt":2272,"url":"../static/nodeGraphs_normal.html","edge":"0to2","edgeRT":"2114","skip":"false","flipped":"TRUE","index":"8","edgeClickLog":"[{\"edgeSelection\":\"0to2\",\"edgeRTMS\":2114}]","trial_id":"incong_10_flipped","congruency":"I","trial_group":"5to10","condition":"normal","inference_edge":[],"inference_edgeClickLog":[],"task":"experiment","subjectId":"y5ltul86wvffaag","trial_type":"external-html","trial_index":16,"time_elapsed":533411,"internal_node_id":"0.0-9.0-0.8"},{"rt":2120,"url":"../static/nodeGraphs_normal.html","edge":"0to3","edgeRT":"1902","skip":"false","flipped":"TRUE","index":"9","edgeClickLog":"[{\"edgeSelection\":\"0to3\",\"edgeRTMS\":1902}]","trial_id":"incong_2_flipped","congruency":"I","trial_group":"5to10","condition":"normal","inference_edge":[],"inference_edgeClickLog":[],"task":"experiment","subjectId":"y5ltul86wvffaag","trial_type":"external-html","trial_index":17,"time_elapsed":536135,"internal_node_id":"0.0-9.0-0.9"},{"rt":2567,"url":"../static/nodeGraphs_normal.html","edge":"0to1","edgeRT":"2259","skip":"false","flipped":"FALSE","index":"10","edgeClickLog":"[{\"edgeSelection\":\"0to1\",\"edgeRTMS\":2259}]","trial_id":"incong_0","congruency":"I","trial_group":"10to15","condition":"normal","inference_edge":[],"inference_edgeClickLog":[],"task":"experiment","subjectId":"y5ltul86wvffaag","trial_type":"external-html","trial_index":18,"time_elapsed":539308,"internal_node_id":"0.0-9.0-0.10"},{"rt":5485,"url":"../static/nodeGraphs_normal.html","edge":"3to6","edgeRT":"5379","skip":"false","flipped":"FALSE","index":"11","edgeClickLog":"[{\"edgeSelection\":\"3to6\",\"edgeRTMS\":5379}]","trial_id":"incong_5","congruency":"I","trial_group":"10to15","condition":"normal","inference_edge":[],"inference_edgeClickLog":[],"task":"experiment","subjectId":"y5ltul86wvffaag","trial_type":"external-html","trial_index":19,"time_elapsed":545398,"internal_node_id":"0.0-9.0-0.11"},{"rt":2222,"url":"../static/nodeGraphs_normal.html","edge":"0to2","edgeRT":"1915","skip":"false","flipped":"FALSE","index":"12","edgeClickLog":"[{\"edgeSelection\":\"0to2\",\"edgeRTMS\":1915}]","trial_id":"incong_3","congruency":"I","trial_group":"10to15","condition":"normal","inference_edge":[],"inference_edgeClickLog":[],"task":"experiment","subjectId":"y5ltul86wvffaag","trial_type":"external-html","trial_index":20,"time_elapsed":548239,"internal_node_id":"0.0-9.0-0.12"},{"rt":2577,"url":"../static/nodeGraphs_normal.html","edge":"0to2","edgeRT":"1942","skip":"false","flipped":"FALSE","index":"13","edgeClickLog":"[{\"edgeSelection\":\"0to2\",\"edgeRTMS\":1942}]","trial_id":"incong_10","congruency":"I","trial_group":"10to15","condition":"normal","inference_edge":[],"inference_edgeClickLog":[],"task":"experiment","subjectId":"y5ltul86wvffaag","trial_type":"external-html","trial_index":21,"time_elapsed":551423,"internal_node_id":"0.0-9.0-0.13"},{"rt":4220,"url":"../static/nodeGraphs_normal.html","edge":"0to1","edgeRT":"1796","skip":"false","flipped":"FALSE","index":"14","edgeClickLog":"[{\"edgeSelection\":\"0to1\",\"edgeRTMS\":1796}]","trial_id":"incong_2","congruency":"I","trial_group":"10to15","condition":"normal","inference_edge":[],"inference_edgeClickLog":[],"task":"experiment","subjectId":"y5ltul86wvffaag","trial_type":"external-html","trial_index":22,"time_elapsed":556253,"internal_node_id":"0.0-9.0-0.14"},{"rt":18276,"url":"../static/nodeGraphs_normal.html","edge":"0to1","edgeRT":"3401","skip":"false","flipped":"FALSE","index":"15","edgeClickLog":"[{\"edgeSelection\":\"0to1\",\"edgeRTMS\":3401}]","trial_id":"test_0","congruency":"I","trial_group":"15to20","condition":"normal","inference_edge":[],"inference_edgeClickLog":[],"task":"experiment","subjectId":"y5ltul86wvffaag","trial_type":"external-html","trial_index":23,"time_elapsed":575135,"internal_node_id":"0.0-9.0-0.15"},{"rt":2772,"url":"../static/nodeGraphs_normal.html","edge":"0to3","edgeRT":"2614","skip":"false","flipped":"FALSE","index":"16","edgeClickLog":"[{\"edgeSelection\":\"0to3\",\"edgeRTMS\":2614}]","trial_id":"test_1","congruency":"I","trial_group":"15to20","condition":"normal","inference_edge":[],"inference_edgeClickLog":[],"task":"experiment","subjectId":"y5ltul86wvffaag","trial_type":"external-html","trial_index":24,"time_elapsed":578516,"internal_node_id":"0.0-9.0-0.16"},{"rt":1916,"url":"../static/nodeGraphs_normal.html","edge":"0to3","edgeRT":"1923","skip":"false","flipped":"FALSE","index":"17","edgeClickLog":"[{\"edgeSelection\":\"0to3\",\"edgeRTMS\":1923}]","trial_id":"test_2","congruency":"I","trial_group":"15to20","condition":"normal","inference_edge":[],"inference_edgeClickLog":[],"task":"experiment","subjectId":"y5ltul86wvffaag","trial_type":"external-html","trial_index":25,"time_elapsed":581038,"internal_node_id":"0.0-9.0-0.17"},{"rt":2104,"url":"../static/nodeGraphs_normal.html","edge":"0to1","edgeRT":"1865","skip":"false","flipped":"FALSE","index":"18","edgeClickLog":"[{\"edgeSelection\":\"0to1\",\"edgeRTMS\":1865}]","trial_id":"test_3","congruency":"I","trial_group":"15to20","condition":"normal","inference_edge":[],"inference_edgeClickLog":[],"task":"experiment","subjectId":"y5ltul86wvffaag","trial_type":"external-html","trial_index":26,"time_elapsed":583748,"internal_node_id":"0.0-9.0-0.18"},{"rt":4698,"url":"../static/nodeGraphs_normal.html","edge":"1to5","edgeRT":"4605","skip":"false","flipped":"FALSE","index":"19","edgeClickLog":"[{\"edgeSelection\":\"1to5\",\"edgeRTMS\":4605}]","trial_id":"test_4","congruency":"I","trial_group":"15to20","condition":"normal","inference_edge":[],"inference_edgeClickLog":[],"task":"experiment","subjectId":"y5ltul86wvffaag","trial_type":"external-html","trial_index":27,"time_elapsed":589050,"internal_node_id":"0.0-9.0-0.19"},{"rt":34692,"response":{"P0_Q0":null,"P0_Q1":2,"P0_Q2":7,"P0_Q3":7,"P0_Q4":5,"P0_Q5":3,"strategies":"I tried to help the students in the best way.","feedback":"No"},"accuracy":[],"trial_type":"survey","trial_index":28,"time_elapsed":624292,"internal_node_id":"0.0-10.0"},{"rt":2433,"stimulus":"<p>Thanks for your time!</p>        <p>We need to manually calculate your bonus pay, please give us up to 7 days.</p><p>Press any key to conclude.</p>","response":"arrowright","task":"end","subjectId":"y5ltul86wvffaag","trial_type":"html-keyboard-response","trial_index":29,"time_elapsed":626726,"internal_node_id":"0.0-11.0","interactions":"[{\"event\":\"fullscreenenter\",\"trial\":1,\"time\":1655},{\"event\":\"blur\",\"trial\":3,\"time\":125824},{\"event\":\"focus\",\"trial\":3,\"time\":185793},{\"event\":\"blur\",\"trial\":3,\"time\":188588},{\"event\":\"focus\",\"trial\":3,\"time\":198469},{\"event\":\"blur\",\"trial\":6,\"time\":369869},{\"event\":\"focus\",\"trial\":6,\"time\":370935}]"}]