[{"success":true,"timeout":false,"failed_images":[],"failed_audio":[],"failed_video":[],"trial_type":"preload","trial_index":0,"time_elapsed":198,"internal_node_id":"0.0-0.0"},{"success":true,"trial_type":"fullscreen","trial_index":1,"time_elapsed":4683,"internal_node_id":"0.0-1.0"},{"rt":2624,"stimulus":"Welcome to the experiment. Press any key to begin.","response":"enter","trial_type":"html-keyboard-response","trial_index":2,"time_elapsed":7309,"internal_node_id":"0.0-2.0"},{"view_history":[{"page_index":0,"viewing_time":3417},{"page_index":1,"viewing_time":3893},{"page_index":2,"viewing_time":26128},{"page_index":3,"viewing_time":6706},{"page_index":4,"viewing_time":1964},{"page_index":5,"viewing_time":1154},{"page_index":6,"viewing_time":1634},{"page_index":7,"viewing_time":11024},{"page_index":8,"viewing_time":29544},{"page_index":9,"viewing_time":16836},{"page_index":10,"viewing_time":2406},{"page_index":11,"viewing_time":970},{"page_index":12,"viewing_time":1070},{"page_index":13,"viewing_time":3152},{"page_index":14,"viewing_time":7528},{"page_index":15,"viewing_time":12071},{"page_index":16,"viewing_time":3144},{"page_index":17,"viewing_time":750},{"page_index":18,"viewing_time":822},{"page_index":19,"viewing_time":12318},{"page_index":20,"viewing_time":14702},{"page_index":21,"viewing_time":5872}],"rt":167105,"trial_type":"instructions","trial_index":3,"time_elapsed":174413,"internal_node_id":"0.0-3.0"},{"rt":198293,"url":"../static/nodeGraphsTraining_distractor.html","skip":[],"edgeClickLog":[],"inference_edge":[],"inference_edgeClickLog":[],"trial_type":"external-html","trial_index":4,"time_elapsed":372831,"internal_node_id":"0.0-4.0"},{"rt":171212,"response":{"q1":"The goal is to help the student to get the most points.","q2":"False","q3":"Possible edges you, as the teacher, can choose to teach the learner.","q4":"Edges that the student took before."},"question_order":[0,1,2,3],"trial_type":"survey-multi-choice","trial_index":5,"time_elapsed":544045,"internal_node_id":"0.0-5.0"},{"rt":10436,"stimulus":"<p>You can take a 60 second break before starting the experiment.</p><br><br><p>This page will advance in 60 seconds or you can press any key to advance now.</p>","response":"enter","trial_type":"html-keyboard-response","trial_index":6,"time_elapsed":554483,"internal_node_id":"0.0-7.0"},{"view_history":[{"page_index":0,"viewing_time":28980}],"rt":28981,"trial_type":"instructions","trial_index":7,"time_elapsed":583464,"internal_node_id":"0.0-8.0"},{"rt":24839,"url":"../static/nodeGraphs_distractor.html","edge":"1to4","edgeRT":"8384","skip":"false","flipped":"FALSE","index":"0","edgeClickLog":"[{\"edgeSelection\":\"1to4\",\"edgeRTMS\":8384}]","trial_id":"incong_0","congruency":"I","trial_group":"1to5","condition":"distractor","inference_edge":"1to4,4to7,4to8","inference_edgeClickLog":"[{\"edgeSelection\":\"1to4\",\"edgeRTMS\":6302},{\"edgeSelection\":\"4to7\",\"edgeRTMS\":9060},{\"edgeSelection\":\"4to8\",\"edgeRTMS\":9689}]","inference_edgeRT":"9689","inference_edge_last":"4to8","task":"experiment","subjectId":"txjvcr17ufyjjzj","trial_type":"external-html","trial_index":8,"time_elapsed":608582,"internal_node_id":"0.0-9.0-0.0"},{"rt":44798,"url":"../static/nodeGraphs_distractor.html","edge":"3to6","edgeRT":"26973","skip":"false","flipped":"FALSE","index":"1","edgeClickLog":"[{\"edgeSelection\":\"2to4\",\"edgeRTMS\":7134},{\"edgeSelection\":\"2to4\",\"edgeRTMS\":14224},{\"edgeSelection\":\"3to6\",\"edgeRTMS\":26973}]","trial_id":"incong_5","congruency":"I","trial_group":"1to5","condition":"distractor","inference_edge":"4to7,4to8,6to8","inference_edgeClickLog":"[{\"edgeSelection\":\"4to7\",\"edgeRTMS\":7246},{\"edgeSelection\":\"4to8\",\"edgeRTMS\":8952},{\"edgeSelection\":\"6to8\",\"edgeRTMS\":11563}]","inference_edgeRT":"11563","inference_edge_last":"6to8","task":"experiment","subjectId":"txjvcr17ufyjjzj","trial_type":"external-html","trial_index":9,"time_elapsed":653989,"internal_node_id":"0.0-9.0-0.1"},{"rt":49394,"url":"../static/nodeGraphs_distractor.html","edge":"0to2","edgeRT":"8633","skip":"false","flipped":"FALSE","index":"2","edgeClickLog":"[{\"edgeSelection\":\"0to2\",\"edgeRTMS\":8633}]","trial_id":"incong_3","congruency":"I","trial_group":"1to5","condition":"distractor","inference_edge":"2to6,5to7,0to2","inference_edgeClickLog":"[{\"edgeSelection\":\"2to5\",\"edgeRTMS\":8229},{\"edgeSelection\":\"2to6\",\"edgeRTMS\":9885},{\"edgeSelection\":\"2to5\",\"edgeRTMS\":10840},{\"edgeSelection\":\"2to5\",\"edgeRTMS\":20593},{\"edgeSelection\":\"2to5\",\"edgeRTMS\":22317},{\"edgeSelection\":\"5to7\",\"edgeRTMS\":24916},{\"edgeSelection\":\"6to8\",\"edgeRTMS\":30473},{\"edgeSelection\":\"6to8\",\"edgeRTMS\":32088},{\"edgeSelection\":\"6to8\",\"edgeRTMS\":34107},{\"edgeSelection\":\"6to8\",\"edgeRTMS\":34528},{\"edgeSelection\":\"0to2\",\"edgeRTMS\":37509}]","inference_edgeRT":"37509","inference_edge_last":"0to2","task":"experiment","subjectId":"txjvcr17ufyjjzj","trial_type":"external-html","trial_index":10,"time_elapsed":703994,"internal_node_id":"0.0-9.0-0.2"},{"rt":20263,"url":"../static/nodeGraphs_distractor.html","edge":"0to2","edgeRT":"4669","skip":"false","flipped":"FALSE","index":"3","edgeClickLog":"[{\"edgeSelection\":\"0to2\",\"edgeRTMS\":4669}]","trial_id":"incong_10","congruency":"I","trial_group":"1to5","condition":"distractor","inference_edge":"2to4,4to8,6to8","inference_edgeClickLog":"[{\"edgeSelection\":\"2to4\",\"edgeRTMS\":6047},{\"edgeSelection\":\"4to8\",\"edgeRTMS\":7852},{\"edgeSelection\":\"6to8\",\"edgeRTMS\":9037}]","inference_edgeRT":"9037","inference_edge_last":"6to8","task":"experiment","subjectId":"txjvcr17ufyjjzj","trial_type":"external-html","trial_index":11,"time_elapsed":724867,"internal_node_id":"0.0-9.0-0.3"},{"rt":29721,"url":"../static/nodeGraphs_distractor.html","edge":"0to1","edgeRT":"12206","skip":"false","flipped":"FALSE","index":"4","edgeClickLog":"[{\"edgeSelection\":\"4to8\",\"edgeRTMS\":4504},{\"edgeSelection\":\"2to4\",\"edgeRTMS\":6528},{\"edgeSelection\":\"4to8\",\"edgeRTMS\":7116},{\"edgeSelection\":\"1to4\",\"edgeRTMS\":8583},{\"edgeSelection\":\"2to4\",\"edgeRTMS\":9303},{\"edgeSelection\":\"0to1\",\"edgeRTMS\":12206}]","trial_id":"incong_2","congruency":"I","trial_group":"1to5","condition":"distractor","inference_edge":"4to8,6to8,0to2","inference_edgeClickLog":"[{\"edgeSelection\":\"2to4\",\"edgeRTMS\":4254},{\"edgeSelection\":\"4to8\",\"edgeRTMS\":5473},{\"edgeSelection\":\"6to8\",\"edgeRTMS\":8651},{\"edgeSelection\":\"0to2\",\"edgeRTMS\":10588}]","inference_edgeRT":"10588","inference_edge_last":"0to2","task":"experiment","subjectId":"txjvcr17ufyjjzj","trial_type":"external-html","trial_index":12,"time_elapsed":755214,"internal_node_id":"0.0-9.0-0.4"},{"rt":12235,"url":"../static/nodeGraphs_distractor.html","edge":"0to3","edgeRT":"1461","skip":"false","flipped":"TRUE","index":"5","edgeClickLog":"[{\"edgeSelection\":\"0to3\",\"edgeRTMS\":1461}]","trial_id":"incong_0_flipped","congruency":"I","trial_group":"5to10","condition":"distractor","inference_edge":"6to8,6to9,3to6","inference_edgeClickLog":"[{\"edgeSelection\":\"6to8\",\"edgeRTMS\":4665},{\"edgeSelection\":\"6to9\",\"edgeRTMS\":5241},{\"edgeSelection\":\"3to6\",\"edgeRTMS\":7837}]","inference_edgeRT":"7837","inference_edge_last":"3to6","task":"experiment","subjectId":"txjvcr17ufyjjzj","trial_type":"external-html","trial_index":13,"time_elapsed":768064,"internal_node_id":"0.0-9.0-0.5"},{"rt":45881,"url":"../static/nodeGraphs_distractor.html","edge":"1to4","edgeRT":"37359","skip":"false","flipped":"TRUE","index":"6","edgeClickLog":"[{\"edgeSelection\":\"1to4\",\"edgeRTMS\":37359}]","trial_id":"incong_5_flipped","congruency":"I","trial_group":"5to10","condition":"distractor","inference_edge":"6to9,6to8,4to8","inference_edgeClickLog":"[{\"edgeSelection\":\"6to9\",\"edgeRTMS\":5079},{\"edgeSelection\":\"6to8\",\"edgeRTMS\":5807},{\"edgeSelection\":\"4to8\",\"edgeRTMS\":7323}]","inference_edgeRT":"7323","inference_edge_last":"4to8","task":"experiment","subjectId":"txjvcr17ufyjjzj","trial_type":"external-html","trial_index":14,"time_elapsed":814551,"internal_node_id":"0.0-9.0-0.6"},{"rt":48592,"url":"../static/nodeGraphs_distractor.html","edge":"0to2","edgeRT":"3367","skip":"false","flipped":"TRUE","index":"7","edgeClickLog":"[{\"edgeSelection\":\"0to2\",\"edgeRTMS\":3367}]","trial_id":"incong_3_flipped","congruency":"I","trial_group":"5to10","condition":"distractor","inference_edge":"4to8,2to4,6to9","inference_edgeClickLog":"[{\"edgeSelection\":\"2to4\",\"edgeRTMS\":5428},{\"edgeSelection\":\"0to2\",\"edgeRTMS\":19401},{\"edgeSelection\":\"4to8\",\"edgeRTMS\":23684},{\"edgeSelection\":\"3to6\",\"edgeRTMS\":26481},{\"edgeSelection\":\"2to4\",\"edgeRTMS\":28016},{\"edgeSelection\":\"3to6\",\"edgeRTMS\":36018},{\"edgeSelection\":\"6to9\",\"edgeRTMS\":41797}]","inference_edgeRT":"41797","inference_edge_last":"6to9","task":"experiment","subjectId":"txjvcr17ufyjjzj","trial_type":"external-html","trial_index":15,"time_elapsed":863786,"internal_node_id":"0.0-9.0-0.7"},{"rt":25198,"url":"../static/nodeGraphs_distractor.html","edge":"0to2","edgeRT":"4258","skip":"false","flipped":"TRUE","index":"8","edgeClickLog":"[{\"edgeSelection\":\"0to2\",\"edgeRTMS\":4258}]","trial_id":"incong_10_flipped","congruency":"I","trial_group":"5to10","condition":"distractor","inference_edge":"2to4,4to8,6to8","inference_edgeClickLog":"[{\"edgeSelection\":\"6to8\",\"edgeRTMS\":7748},{\"edgeSelection\":\"5to7\",\"edgeRTMS\":9699},{\"edgeSelection\":\"2to4\",\"edgeRTMS\":11858},{\"edgeSelection\":\"4to8\",\"edgeRTMS\":15597},{\"edgeSelection\":\"5to7\",\"edgeRTMS\":16661},{\"edgeSelection\":\"6to8\",\"edgeRTMS\":17485}]","inference_edgeRT":"17485","inference_edge_last":"6to8","task":"experiment","subjectId":"txjvcr17ufyjjzj","trial_type":"external-html","trial_index":16,"time_elapsed":889608,"internal_node_id":"0.0-9.0-0.8"},{"rt":15661,"url":"../static/nodeGraphs_distractor.html","edge":"0to3","edgeRT":"6092","skip":"false","flipped":"TRUE","index":"9","edgeClickLog":"[{\"edgeSelection\":\"0to3\",\"edgeRTMS\":6092}]","trial_id":"incong_2_flipped","congruency":"I","trial_group":"5to10","condition":"distractor","inference_edge":"6to8,3to6,2to6","inference_edgeClickLog":"[{\"edgeSelection\":\"6to8\",\"edgeRTMS\":4372},{\"edgeSelection\":\"3to6\",\"edgeRTMS\":5243},{\"edgeSelection\":\"3to5\",\"edgeRTMS\":6524},{\"edgeSelection\":\"3to5\",\"edgeRTMS\":7215},{\"edgeSelection\":\"2to6\",\"edgeRTMS\":7771}]","inference_edgeRT":"7771","inference_edge_last":"2to6","task":"experiment","subjectId":"txjvcr17ufyjjzj","trial_type":"external-html","trial_index":17,"time_elapsed":905893,"internal_node_id":"0.0-9.0-0.9"},{"rt":23925,"url":"../static/nodeGraphs_distractor.html","edge":"0to1","edgeRT":"3353","skip":"false","flipped":"FALSE","index":"10","edgeClickLog":"[{\"edgeSelection\":\"0to1\",\"edgeRTMS\":1450},{\"edgeSelection\":\"0to1\",\"edgeRTMS\":3353}]","trial_id":"incong_0","congruency":"I","trial_group":"10to15","condition":"distractor","inference_edge":"4to8,4to7,2to4","inference_edgeClickLog":"[{\"edgeSelection\":\"4to8\",\"edgeRTMS\":9375},{\"edgeSelection\":\"2to4\",\"edgeRTMS\":11886},{\"edgeSelection\":\"2to4\",\"edgeRTMS\":13666},{\"edgeSelection\":\"4to7\",\"edgeRTMS\":14373},{\"edgeSelection\":\"2to4\",\"edgeRTMS\":19341}]","inference_edgeRT":"19341","inference_edge_last":"2to4","task":"experiment","subjectId":"txjvcr17ufyjjzj","trial_type":"external-html","trial_index":18,"time_elapsed":930430,"internal_node_id":"0.0-9.0-0.10"},{"rt":22444,"url":"../static/nodeGraphs_distractor.html","edge":"0to2","edgeRT":"6208","skip":"false","flipped":"FALSE","index":"11","edgeClickLog":"[{\"edgeSelection\":\"0to2\",\"edgeRTMS\":6208}]","trial_id":"incong_5","congruency":"I","trial_group":"10to15","condition":"distractor","inference_edge":"4to8,4to7,6to8","inference_edgeClickLog":"[{\"edgeSelection\":\"4to8\",\"edgeRTMS\":2787},{\"edgeSelection\":\"4to7\",\"edgeRTMS\":3798},{\"edgeSelection\":\"6to8\",\"edgeRTMS\":7486}]","inference_edgeRT":"7486","inference_edge_last":"6to8","task":"experiment","subjectId":"txjvcr17ufyjjzj","trial_type":"external-html","trial_index":19,"time_elapsed":953472,"internal_node_id":"0.0-9.0-0.11"},{"rt":19518,"url":"../static/nodeGraphs_distractor.html","edge":"0to2","edgeRT":"1652","skip":"false","flipped":"FALSE","index":"12","edgeClickLog":"[{\"edgeSelection\":\"0to2\",\"edgeRTMS\":1652}]","trial_id":"incong_3","congruency":"I","trial_group":"10to15","condition":"distractor","inference_edge":"2to6,5to7,2to5","inference_edgeClickLog":"[{\"edgeSelection\":\"2to6\",\"edgeRTMS\":4092},{\"edgeSelection\":\"5to7\",\"edgeRTMS\":12109},{\"edgeSelection\":\"2to5\",\"edgeRTMS\":14374}]","inference_edgeRT":"14374","inference_edge_last":"2to5","task":"experiment","subjectId":"txjvcr17ufyjjzj","trial_type":"external-html","trial_index":20,"time_elapsed":973607,"internal_node_id":"0.0-9.0-0.12"},{"rt":19015,"url":"../static/nodeGraphs_distractor.html","edge":"0to2","edgeRT":"1660","skip":"false","flipped":"FALSE","index":"13","edgeClickLog":"[{\"edgeSelection\":\"0to2\",\"edgeRTMS\":1660}]","trial_id":"incong_10","congruency":"I","trial_group":"10to15","condition":"distractor","inference_edge":"4to8,4to7,5to8","inference_edgeClickLog":"[{\"edgeSelection\":\"4to8\",\"edgeRTMS\":5298},{\"edgeSelection\":\"4to7\",\"edgeRTMS\":7102},{\"edgeSelection\":\"5to8\",\"edgeRTMS\":10543}]","inference_edgeRT":"10543","inference_edge_last":"5to8","task":"experiment","subjectId":"txjvcr17ufyjjzj","trial_type":"external-html","trial_index":21,"time_elapsed":993237,"internal_node_id":"0.0-9.0-0.13"},{"rt":15247,"url":"../static/nodeGraphs_distractor.html","edge":"0to1","edgeRT":"2323","skip":"false","flipped":"FALSE","index":"14","edgeClickLog":"[{\"edgeSelection\":\"0to1\",\"edgeRTMS\":2323}]","trial_id":"incong_2","congruency":"I","trial_group":"10to15","condition":"distractor","inference_edge":"4to8,2to4,1to4","inference_edgeClickLog":"[{\"edgeSelection\":\"4to8\",\"edgeRTMS\":2849},{\"edgeSelection\":\"2to4\",\"edgeRTMS\":5071},{\"edgeSelection\":\"1to4\",\"edgeRTMS\":6211}]","inference_edgeRT":"6211","inference_edge_last":"1to4","task":"experiment","subjectId":"txjvcr17ufyjjzj","trial_type":"external-html","trial_index":22,"time_elapsed":1009095,"internal_node_id":"0.0-9.0-0.14"},{"rt":41386,"url":"../static/nodeGraphs_distractor.html","edge":"0to1","edgeRT":"25543","skip":"false","flipped":"FALSE","index":"15","edgeClickLog":"[{\"edgeSelection\":\"0to1\",\"edgeRTMS\":25543}]","trial_id":"test_0","congruency":"I","trial_group":"15to20","condition":"distractor","inference_edge":"4to8,2to4,1to4","inference_edgeClickLog":"[{\"edgeSelection\":\"4to8\",\"edgeRTMS\":2849},{\"edgeSelection\":\"2to4\",\"edgeRTMS\":5071},{\"edgeSelection\":\"1to4\",\"edgeRTMS\":6211}]","inference_edgeRT":"6211","inference_edge_last":"","task":"experiment","subjectId":"txjvcr17ufyjjzj","trial_type":"external-html","trial_index":23,"time_elapsed":1051117,"internal_node_id":"0.0-9.0-0.15"},{"rt":22672,"url":"../static/nodeGraphs_distractor.html","edge":"0to3","edgeRT":"18694","skip":"false","flipped":"FALSE","index":"16","edgeClickLog":"[{\"edgeSelection\":\"4to7\",\"edgeRTMS\":11513},{\"edgeSelection\":\"4to7\",\"edgeRTMS\":16040},{\"edgeSelection\":\"0to3\",\"edgeRTMS\":18694}]","trial_id":"test_1","congruency":"I","trial_group":"15to20","condition":"distractor","inference_edge":"4to8,2to4,1to4","inference_edgeClickLog":"[{\"edgeSelection\":\"4to8\",\"edgeRTMS\":2849},{\"edgeSelection\":\"2to4\",\"edgeRTMS\":5071},{\"edgeSelection\":\"1to4\",\"edgeRTMS\":6211}]","inference_edgeRT":"6211","inference_edge_last":"","task":"experiment","subjectId":"txjvcr17ufyjjzj","trial_type":"external-html","trial_index":24,"time_elapsed":1074427,"internal_node_id":"0.0-9.0-0.16"},{"rt":20888,"url":"../static/nodeGraphs_distractor.html","edge":"0to3","edgeRT":"20069","skip":"false","flipped":"FALSE","index":"17","edgeClickLog":"[{\"edgeSelection\":\"0to3\",\"edgeRTMS\":20069}]","trial_id":"test_2","congruency":"I","trial_group":"15to20","condition":"distractor","inference_edge":"4to8,2to4,1to4","inference_edgeClickLog":"[{\"edgeSelection\":\"4to8\",\"edgeRTMS\":2849},{\"edgeSelection\":\"2to4\",\"edgeRTMS\":5071},{\"edgeSelection\":\"1to4\",\"edgeRTMS\":6211}]","inference_edgeRT":"6211","inference_edge_last":"","task":"experiment","subjectId":"txjvcr17ufyjjzj","trial_type":"external-html","trial_index":25,"time_elapsed":1095940,"internal_node_id":"0.0-9.0-0.17"},{"rt":7672,"url":"../static/nodeGraphs_distractor.html","edge":"0to1","edgeRT":"7289","skip":"false","flipped":"FALSE","index":"18","edgeClickLog":"[{\"edgeSelection\":\"0to1\",\"edgeRTMS\":7289}]","trial_id":"test_3","congruency":"I","trial_group":"15to20","condition":"distractor","inference_edge":"4to8,2to4,1to4","inference_edgeClickLog":"[{\"edgeSelection\":\"4to8\",\"edgeRTMS\":2849},{\"edgeSelection\":\"2to4\",\"edgeRTMS\":5071},{\"edgeSelection\":\"1to4\",\"edgeRTMS\":6211}]","inference_edgeRT":"6211","inference_edge_last":"","task":"experiment","subjectId":"txjvcr17ufyjjzj","trial_type":"external-html","trial_index":26,"time_elapsed":1104221,"internal_node_id":"0.0-9.0-0.18"},{"rt":15612,"url":"../static/nodeGraphs_distractor.html","edge":"1to5","edgeRT":"13869","skip":"false","flipped":"FALSE","index":"19","edgeClickLog":"[{\"edgeSelection\":\"1to5\",\"edgeRTMS\":13869}]","trial_id":"test_4","congruency":"I","trial_group":"15to20","condition":"distractor","inference_edge":"4to8,2to4,1to4","inference_edgeClickLog":"[{\"edgeSelection\":\"4to8\",\"edgeRTMS\":2849},{\"edgeSelection\":\"2to4\",\"edgeRTMS\":5071},{\"edgeSelection\":\"1to4\",\"edgeRTMS\":6211}]","inference_edgeRT":"6211","inference_edge_last":"","task":"experiment","subjectId":"txjvcr17ufyjjzj","trial_type":"external-html","trial_index":27,"time_elapsed":1120446,"internal_node_id":"0.0-9.0-0.19"},{"rt":84338,"response":{"P0_Q0":null,"P0_Q1":5,"P0_Q2":6,"P0_Q3":5,"P0_Q4":6,"P0_Q5":1,"strategies":"I tend to suggest the top connections so they can start the path and hope the student made a good choice.","feedback":"no"},"accuracy":[],"trial_type":"survey","trial_index":28,"time_elapsed":1205332,"internal_node_id":"0.0-10.0"},{"rt":7107,"stimulus":"<p>Thanks for your time!</p>        <p>We need to manually calculate your bonus pay, please give us up to 7 days.</p><p>Press any key to conclude.</p>","response":"enter","task":"end","subjectId":"txjvcr17ufyjjzj","trial_type":"html-keyboard-response","trial_index":29,"time_elapsed":1212440,"internal_node_id":"0.0-11.0","interactions":"[{\"event\":\"fullscreenenter\",\"trial\":1,\"time\":3697},{\"event\":\"blur\",\"trial\":14,\"time\":789085},{\"event\":\"focus\",\"trial\":14,\"time\":789085},{\"event\":\"fullscreenexit\",\"trial\":14,\"time\":789088},{\"event\":\"blur\",\"trial\":14,\"time\":802598},{\"event\":\"focus\",\"trial\":14,\"time\":802598},{\"event\":\"blur\",\"trial\":18,\"time\":912843},{\"event\":\"focus\",\"trial\":18,\"time\":912843}]"}]