[{"success":true,"timeout":false,"failed_images":[],"failed_audio":[],"failed_video":[],"trial_type":"preload","trial_index":0,"time_elapsed":395,"internal_node_id":"0.0-0.0"},{"success":true,"trial_type":"fullscreen","trial_index":1,"time_elapsed":4741,"internal_node_id":"0.0-1.0"},{"rt":2948,"stimulus":"Welcome to the experiment. Press any key to begin.","response":"g","trial_type":"html-keyboard-response","trial_index":2,"time_elapsed":7691,"internal_node_id":"0.0-2.0"},{"view_history":[{"page_index":0,"viewing_time":5621},{"page_index":1,"viewing_time":37256},{"page_index":2,"viewing_time":49800},{"page_index":3,"viewing_time":14992},{"page_index":4,"viewing_time":12840},{"page_index":5,"viewing_time":3112},{"page_index":6,"viewing_time":7248},{"page_index":7,"viewing_time":15640},{"page_index":8,"viewing_time":46368},{"page_index":9,"viewing_time":27104},{"page_index":10,"viewing_time":15680},{"page_index":11,"viewing_time":2480},{"page_index":12,"viewing_time":1632},{"page_index":13,"viewing_time":3912},{"page_index":14,"viewing_time":5336},{"page_index":15,"viewing_time":20800},{"page_index":16,"viewing_time":8616},{"page_index":17,"viewing_time":1008},{"page_index":18,"viewing_time":872},{"page_index":19,"viewing_time":4088},{"page_index":20,"viewing_time":9240},{"page_index":21,"viewing_time":5704}],"rt":299350,"trial_type":"instructions","trial_index":3,"time_elapsed":307043,"internal_node_id":"0.0-3.0"},{"rt":387192,"url":"../static/nodeGraphsTraining_distractor.html","skip":[],"edgeClickLog":[],"inference_edge":[],"inference_edgeClickLog":[],"trial_type":"external-html","trial_index":4,"time_elapsed":694388,"internal_node_id":"0.0-4.0"},{"rt":21645,"response":{"q1":"The goal is to help the student to get the most points.","q2":"False","q3":"Possible edges you, as the teacher, can choose to teach the learner.","q4":"Edges that the student took before."},"question_order":[0,1,2,3],"trial_type":"survey-multi-choice","trial_index":5,"time_elapsed":716036,"internal_node_id":"0.0-5.0"},{"rt":28894,"stimulus":"<p>You can take a 60 second break before starting the experiment.</p><br><br><p>This page will advance in 60 seconds or you can press any key to advance now.</p>","response":"enter","trial_type":"html-keyboard-response","trial_index":6,"time_elapsed":744932,"internal_node_id":"0.0-7.0"},{"view_history":[{"page_index":0,"viewing_time":52135}],"rt":52135,"trial_type":"instructions","trial_index":7,"time_elapsed":797067,"internal_node_id":"0.0-8.0"},{"rt":112460,"url":"../static/nodeGraphs_distractor.html","edge":"0to2","edgeRT":"54674","skip":"false","flipped":"FALSE","index":"0","edgeClickLog":"[{\"edgeSelection\":\"0to1\",\"edgeRTMS\":12369},{\"edgeSelection\":\"0to2\",\"edgeRTMS\":38859},{\"edgeSelection\":\"0to1\",\"edgeRTMS\":49018},{\"edgeSelection\":\"0to2\",\"edgeRTMS\":54674}]","trial_id":"incong_0","congruency":"I","trial_group":"1to5","condition":"distractor","inference_edge":"1to4,2to4,4to8","inference_edgeClickLog":"[{\"edgeSelection\":\"1to4\",\"edgeRTMS\":11623},{\"edgeSelection\":\"2to4\",\"edgeRTMS\":13791},{\"edgeSelection\":\"4to8\",\"edgeRTMS\":21879},{\"edgeSelection\":\"4to8\",\"edgeRTMS\":24583},{\"edgeSelection\":\"4to7\",\"edgeRTMS\":28390},{\"edgeSelection\":\"4to7\",\"edgeRTMS\":30342},{\"edgeSelection\":\"4to8\",\"edgeRTMS\":34351}]","inference_edgeRT":"34351","inference_edge_last":"4to8","task":"experiment","subjectId":"n7rx10415g1d92d","trial_type":"external-html","trial_index":8,"time_elapsed":909589,"internal_node_id":"0.0-9.0-0.0"},{"rt":76416,"url":"../static/nodeGraphs_distractor.html","edge":"0to2","edgeRT":"21865","skip":"false","flipped":"FALSE","index":"1","edgeClickLog":"[{\"edgeSelection\":\"0to2\",\"edgeRTMS\":21865}]","trial_id":"incong_5","congruency":"I","trial_group":"1to5","condition":"distractor","inference_edge":"0to2,2to4,4to7","inference_edgeClickLog":"[{\"edgeSelection\":\"0to2\",\"edgeRTMS\":19222},{\"edgeSelection\":\"2to4\",\"edgeRTMS\":25118},{\"edgeSelection\":\"4to7\",\"edgeRTMS\":50550}]","inference_edgeRT":"50550","inference_edge_last":"4to7","task":"experiment","subjectId":"n7rx10415g1d92d","trial_type":"external-html","trial_index":9,"time_elapsed":986572,"internal_node_id":"0.0-9.0-0.1"},{"rt":59437,"url":"../static/nodeGraphs_distractor.html","edge":"","edgeRT":"undefined","skip":"true","flipped":"FALSE","index":"2","edgeClickLog":"","trial_id":"incong_3","congruency":"I","trial_group":"1to5","condition":"distractor","inference_edge":"0to2,2to6,5to7","inference_edgeClickLog":"[{\"edgeSelection\":\"0to2\",\"edgeRTMS\":25919},{\"edgeSelection\":\"2to6\",\"edgeRTMS\":30439},{\"edgeSelection\":\"5to7\",\"edgeRTMS\":48118}]","inference_edgeRT":"48118","inference_edge_last":"5to7","task":"experiment","subjectId":"n7rx10415g1d92d","trial_type":"external-html","trial_index":10,"time_elapsed":1046574,"internal_node_id":"0.0-9.0-0.2"},{"rt":67106,"url":"../static/nodeGraphs_distractor.html","edge":"0to2","edgeRT":"15097","skip":"false","flipped":"FALSE","index":"3","edgeClickLog":"[{\"edgeSelection\":\"0to2\",\"edgeRTMS\":15097}]","trial_id":"incong_10","congruency":"I","trial_group":"1to5","condition":"distractor","inference_edge":"0to2,2to4,4to8","inference_edgeClickLog":"[{\"edgeSelection\":\"0to2\",\"edgeRTMS\":30380},{\"edgeSelection\":\"2to4\",\"edgeRTMS\":48101},{\"edgeSelection\":\"4to8\",\"edgeRTMS\":49692}]","inference_edgeRT":"49692","inference_edge_last":"4to8","task":"experiment","subjectId":"n7rx10415g1d92d","trial_type":"external-html","trial_index":11,"time_elapsed":1114244,"internal_node_id":"0.0-9.0-0.3"},{"rt":55587,"url":"../static/nodeGraphs_distractor.html","edge":"0to2","edgeRT":"13498","skip":"false","flipped":"FALSE","index":"4","edgeClickLog":"[{\"edgeSelection\":\"0to2\",\"edgeRTMS\":13498}]","trial_id":"incong_2","congruency":"I","trial_group":"1to5","condition":"distractor","inference_edge":"0to1,1to4,4to8","inference_edgeClickLog":"[{\"edgeSelection\":\"0to1\",\"edgeRTMS\":15303},{\"edgeSelection\":\"1to4\",\"edgeRTMS\":32600},{\"edgeSelection\":\"4to8\",\"edgeRTMS\":37415}]","inference_edgeRT":"37415","inference_edge_last":"4to8","task":"experiment","subjectId":"n7rx10415g1d92d","trial_type":"external-html","trial_index":12,"time_elapsed":1170396,"internal_node_id":"0.0-9.0-0.4"},{"rt":48669,"url":"../static/nodeGraphs_distractor.html","edge":"0to2","edgeRT":"10426","skip":"false","flipped":"TRUE","index":"5","edgeClickLog":"[{\"edgeSelection\":\"0to2\",\"edgeRTMS\":10426}]","trial_id":"incong_0_flipped","congruency":"I","trial_group":"5to10","condition":"distractor","inference_edge":"0to3,0to2,6to9","inference_edgeClickLog":"[{\"edgeSelection\":\"0to3\",\"edgeRTMS\":15182},{\"edgeSelection\":\"0to2\",\"edgeRTMS\":16654},{\"edgeSelection\":\"6to9\",\"edgeRTMS\":31686}]","inference_edgeRT":"31686","inference_edge_last":"6to9","task":"experiment","subjectId":"n7rx10415g1d92d","trial_type":"external-html","trial_index":13,"time_elapsed":1219628,"internal_node_id":"0.0-9.0-0.5"},{"rt":59435,"url":"../static/nodeGraphs_distractor.html","edge":"","edgeRT":"undefined","skip":"true","flipped":"TRUE","index":"6","edgeClickLog":"","trial_id":"incong_5_flipped","congruency":"I","trial_group":"5to10","condition":"distractor","inference_edge":"0to2,2to6,2to4","inference_edgeClickLog":"[{\"edgeSelection\":\"0to2\",\"edgeRTMS\":26966},{\"edgeSelection\":\"2to6\",\"edgeRTMS\":38423},{\"edgeSelection\":\"2to4\",\"edgeRTMS\":51806}]","inference_edgeRT":"51806","inference_edge_last":"2to4","task":"experiment","subjectId":"n7rx10415g1d92d","trial_type":"external-html","trial_index":14,"time_elapsed":1279629,"internal_node_id":"0.0-9.0-0.6"},{"rt":38556,"url":"../static/nodeGraphs_distractor.html","edge":"0to2","edgeRT":"8369","skip":"false","flipped":"TRUE","index":"7","edgeClickLog":"[{\"edgeSelection\":\"0to2\",\"edgeRTMS\":8369}]","trial_id":"incong_3_flipped","congruency":"I","trial_group":"5to10","condition":"distractor","inference_edge":"0to2,2to4,4to8","inference_edgeClickLog":"[{\"edgeSelection\":\"0to2\",\"edgeRTMS\":12533},{\"edgeSelection\":\"2to4\",\"edgeRTMS\":14805},{\"edgeSelection\":\"4to8\",\"edgeRTMS\":27741}]","inference_edgeRT":"27741","inference_edge_last":"4to8","task":"experiment","subjectId":"n7rx10415g1d92d","trial_type":"external-html","trial_index":15,"time_elapsed":1318756,"internal_node_id":"0.0-9.0-0.7"},{"rt":21483,"url":"../static/nodeGraphs_distractor.html","edge":"0to2","edgeRT":"4113","skip":"false","flipped":"TRUE","index":"8","edgeClickLog":"[{\"edgeSelection\":\"0to2\",\"edgeRTMS\":4113}]","trial_id":"incong_10_flipped","congruency":"I","trial_group":"5to10","condition":"distractor","inference_edge":"0to2,2to6,6to8","inference_edgeClickLog":"[{\"edgeSelection\":\"0to2\",\"edgeRTMS\":12038},{\"edgeSelection\":\"2to6\",\"edgeRTMS\":14342},{\"edgeSelection\":\"6to8\",\"edgeRTMS\":15543}]","inference_edgeRT":"15543","inference_edge_last":"6to8","task":"experiment","subjectId":"n7rx10415g1d92d","trial_type":"external-html","trial_index":16,"time_elapsed":1340804,"internal_node_id":"0.0-9.0-0.8"},{"rt":50913,"url":"../static/nodeGraphs_distractor.html","edge":"0to3","edgeRT":"21033","skip":"false","flipped":"TRUE","index":"9","edgeClickLog":"[{\"edgeSelection\":\"0to3\",\"edgeRTMS\":21033}]","trial_id":"incong_2_flipped","congruency":"I","trial_group":"5to10","condition":"distractor","inference_edge":"0to2,0to3,2to6","inference_edgeClickLog":"[{\"edgeSelection\":\"0to2\",\"edgeRTMS\":15854},{\"edgeSelection\":\"0to3\",\"edgeRTMS\":17126},{\"edgeSelection\":\"2to6\",\"edgeRTMS\":21765}]","inference_edgeRT":"21765","inference_edge_last":"2to6","task":"experiment","subjectId":"n7rx10415g1d92d","trial_type":"external-html","trial_index":17,"time_elapsed":1392284,"internal_node_id":"0.0-9.0-0.9"},{"rt":33884,"url":"../static/nodeGraphs_distractor.html","edge":"0to2","edgeRT":"13001","skip":"false","flipped":"FALSE","index":"10","edgeClickLog":"[{\"edgeSelection\":\"0to2\",\"edgeRTMS\":13001}]","trial_id":"incong_0","congruency":"I","trial_group":"10to15","condition":"distractor","inference_edge":"0to1,0to2,2to4","inference_edgeClickLog":"[{\"edgeSelection\":\"0to1\",\"edgeRTMS\":12270},{\"edgeSelection\":\"0to2\",\"edgeRTMS\":14206},{\"edgeSelection\":\"2to4\",\"edgeRTMS\":15694}]","inference_edgeRT":"15694","inference_edge_last":"2to4","task":"experiment","subjectId":"n7rx10415g1d92d","trial_type":"external-html","trial_index":18,"time_elapsed":1426732,"internal_node_id":"0.0-9.0-0.10"},{"rt":78859,"url":"../static/nodeGraphs_distractor.html","edge":"2to4","edgeRT":"28705","skip":"false","flipped":"FALSE","index":"11","edgeClickLog":"[{\"edgeSelection\":\"2to4\",\"edgeRTMS\":28705}]","trial_id":"incong_5","congruency":"I","trial_group":"10to15","condition":"distractor","inference_edge":"2to4,4to7,2to6","inference_edgeClickLog":"[{\"edgeSelection\":\"2to4\",\"edgeRTMS\":20015},{\"edgeSelection\":\"4to7\",\"edgeRTMS\":30599},{\"edgeSelection\":\"2to6\",\"edgeRTMS\":36622}]","inference_edgeRT":"36622","inference_edge_last":"2to6","task":"experiment","subjectId":"n7rx10415g1d92d","trial_type":"external-html","trial_index":19,"time_elapsed":1506155,"internal_node_id":"0.0-9.0-0.11"},{"rt":42817,"url":"../static/nodeGraphs_distractor.html","edge":"0to2","edgeRT":"5321","skip":"false","flipped":"FALSE","index":"12","edgeClickLog":"[{\"edgeSelection\":\"0to2\",\"edgeRTMS\":5321}]","trial_id":"incong_3","congruency":"I","trial_group":"10to15","condition":"distractor","inference_edge":"0to2,2to6,6to8","inference_edgeClickLog":"[{\"edgeSelection\":\"0to2\",\"edgeRTMS\":13103},{\"edgeSelection\":\"2to6\",\"edgeRTMS\":17783},{\"edgeSelection\":\"6to8\",\"edgeRTMS\":26999}]","inference_edgeRT":"26999","inference_edge_last":"6to8","task":"experiment","subjectId":"n7rx10415g1d92d","trial_type":"external-html","trial_index":20,"time_elapsed":1549540,"internal_node_id":"0.0-9.0-0.12"},{"rt":55469,"url":"../static/nodeGraphs_distractor.html","edge":"0to2","edgeRT":"4513","skip":"false","flipped":"FALSE","index":"13","edgeClickLog":"[{\"edgeSelection\":\"0to2\",\"edgeRTMS\":4513}]","trial_id":"incong_10","congruency":"I","trial_group":"10to15","condition":"distractor","inference_edge":"0to2,2to4,4to8","inference_edgeClickLog":"[{\"edgeSelection\":\"0to2\",\"edgeRTMS\":15886},{\"edgeSelection\":\"2to4\",\"edgeRTMS\":22718},{\"edgeSelection\":\"2to6\",\"edgeRTMS\":25478},{\"edgeSelection\":\"2to6\",\"edgeRTMS\":38742},{\"edgeSelection\":\"4to8\",\"edgeRTMS\":40438}]","inference_edgeRT":"40438","inference_edge_last":"4to8","task":"experiment","subjectId":"n7rx10415g1d92d","trial_type":"external-html","trial_index":21,"time_elapsed":1605572,"internal_node_id":"0.0-9.0-0.13"},{"rt":35228,"url":"../static/nodeGraphs_distractor.html","edge":"0to1","edgeRT":"9769","skip":"false","flipped":"FALSE","index":"14","edgeClickLog":"[{\"edgeSelection\":\"0to1\",\"edgeRTMS\":9769}]","trial_id":"incong_2","congruency":"I","trial_group":"10to15","condition":"distractor","inference_edge":"0to2,2to4,4to8","inference_edgeClickLog":"[{\"edgeSelection\":\"0to2\",\"edgeRTMS\":13584},{\"edgeSelection\":\"2to4\",\"edgeRTMS\":18798},{\"edgeSelection\":\"4to8\",\"edgeRTMS\":20438}]","inference_edgeRT":"20438","inference_edge_last":"4to8","task":"experiment","subjectId":"n7rx10415g1d92d","trial_type":"external-html","trial_index":22,"time_elapsed":1641364,"internal_node_id":"0.0-9.0-0.14"},{"rt":69356,"url":"../static/nodeGraphs_distractor.html","edge":"6to8","edgeRT":"51922","skip":"false","flipped":"FALSE","index":"15","edgeClickLog":"[{\"edgeSelection\":\"0to2\",\"edgeRTMS\":25681},{\"edgeSelection\":\"0to2\",\"edgeRTMS\":41826},{\"edgeSelection\":\"0to2\",\"edgeRTMS\":44690},{\"edgeSelection\":\"0to2\",\"edgeRTMS\":45818},{\"edgeSelection\":\"0to2\",\"edgeRTMS\":46320},{\"edgeSelection\":\"0to2\",\"edgeRTMS\":46626},{\"edgeSelection\":\"0to2\",\"edgeRTMS\":46866},{\"edgeSelection\":\"2to6\",\"edgeRTMS\":47994},{\"edgeSelection\":\"6to8\",\"edgeRTMS\":51922}]","trial_id":"test_0","congruency":"I","trial_group":"15to20","condition":"distractor","inference_edge":"0to2,2to4,4to8","inference_edgeClickLog":"[{\"edgeSelection\":\"0to2\",\"edgeRTMS\":13584},{\"edgeSelection\":\"2to4\",\"edgeRTMS\":18798},{\"edgeSelection\":\"4to8\",\"edgeRTMS\":20438}]","inference_edgeRT":"20438","inference_edge_last":"","task":"experiment","subjectId":"n7rx10415g1d92d","trial_type":"external-html","trial_index":23,"time_elapsed":1711284,"internal_node_id":"0.0-9.0-0.15"},{"rt":26803,"url":"../static/nodeGraphs_distractor.html","edge":"0to3","edgeRT":"24521","skip":"false","flipped":"FALSE","index":"16","edgeClickLog":"[{\"edgeSelection\":\"0to3\",\"edgeRTMS\":24521}]","trial_id":"test_1","congruency":"I","trial_group":"15to20","condition":"distractor","inference_edge":"0to2,2to4,4to8","inference_edgeClickLog":"[{\"edgeSelection\":\"0to2\",\"edgeRTMS\":13584},{\"edgeSelection\":\"2to4\",\"edgeRTMS\":18798},{\"edgeSelection\":\"4to8\",\"edgeRTMS\":20438}]","inference_edgeRT":"20438","inference_edge_last":"","task":"experiment","subjectId":"n7rx10415g1d92d","trial_type":"external-html","trial_index":24,"time_elapsed":1738652,"internal_node_id":"0.0-9.0-0.16"},{"rt":17462,"url":"../static/nodeGraphs_distractor.html","edge":"0to3","edgeRT":"16865","skip":"false","flipped":"FALSE","index":"17","edgeClickLog":"[{\"edgeSelection\":\"0to3\",\"edgeRTMS\":16865}]","trial_id":"test_2","congruency":"I","trial_group":"15to20","condition":"distractor","inference_edge":"0to2,2to4,4to8","inference_edgeClickLog":"[{\"edgeSelection\":\"0to2\",\"edgeRTMS\":13584},{\"edgeSelection\":\"2to4\",\"edgeRTMS\":18798},{\"edgeSelection\":\"4to8\",\"edgeRTMS\":20438}]","inference_edgeRT":"20438","inference_edge_last":"","task":"experiment","subjectId":"n7rx10415g1d92d","trial_type":"external-html","trial_index":25,"time_elapsed":1756685,"internal_node_id":"0.0-9.0-0.17"},{"rt":13324,"url":"../static/nodeGraphs_distractor.html","edge":"1to5","edgeRT":"9081","skip":"false","flipped":"FALSE","index":"18","edgeClickLog":"[{\"edgeSelection\":\"1to5\",\"edgeRTMS\":9081}]","trial_id":"test_3","congruency":"I","trial_group":"15to20","condition":"distractor","inference_edge":"0to2,2to4,4to8","inference_edgeClickLog":"[{\"edgeSelection\":\"0to2\",\"edgeRTMS\":13584},{\"edgeSelection\":\"2to4\",\"edgeRTMS\":18798},{\"edgeSelection\":\"4to8\",\"edgeRTMS\":20438}]","inference_edgeRT":"20438","inference_edge_last":"","task":"experiment","subjectId":"n7rx10415g1d92d","trial_type":"external-html","trial_index":26,"time_elapsed":1770589,"internal_node_id":"0.0-9.0-0.18"},{"rt":27219,"url":"../static/nodeGraphs_distractor.html","edge":"2to6","edgeRT":"24505","skip":"false","flipped":"FALSE","index":"19","edgeClickLog":"[{\"edgeSelection\":\"2to6\",\"edgeRTMS\":24505}]","trial_id":"test_4","congruency":"I","trial_group":"15to20","condition":"distractor","inference_edge":"0to2,2to4,4to8","inference_edgeClickLog":"[{\"edgeSelection\":\"0to2\",\"edgeRTMS\":13584},{\"edgeSelection\":\"2to4\",\"edgeRTMS\":18798},{\"edgeSelection\":\"4to8\",\"edgeRTMS\":20438}]","inference_edgeRT":"20438","inference_edge_last":"","task":"experiment","subjectId":"n7rx10415g1d92d","trial_type":"external-html","trial_index":27,"time_elapsed":1798373,"internal_node_id":"0.0-9.0-0.19"},{"rt":91863,"response":{"P0_Q0":null,"P0_Q1":7,"P0_Q2":2,"P0_Q3":2,"P0_Q4":6,"P0_Q5":7,"strategies":"It morphed. Mostly, when the student looked like they could not see the first big number, I'd direct them that way.","feedback":"Aaargh! :)"},"accuracy":[],"trial_type":"survey","trial_index":28,"time_elapsed":1890812,"internal_node_id":"0.0-10.0"},{"rt":3807,"stimulus":"<p>Thanks for your time!</p>        <p>We need to manually calculate your bonus pay, please give us up to 7 days.</p><p>Press any key to conclude.</p>","response":"f","task":"end","subjectId":"n7rx10415g1d92d","trial_type":"html-keyboard-response","trial_index":29,"time_elapsed":1894621,"internal_node_id":"0.0-11.0","interactions":"[{\"event\":\"fullscreenenter\",\"trial\":1,\"time\":3751},{\"event\":\"blur\",\"trial\":14,\"time\":1244151},{\"event\":\"focus\",\"trial\":14,\"time\":1244151},{\"event\":\"fullscreenexit\",\"trial\":14,\"time\":1244158}]"}]