[{"success":true,"timeout":false,"failed_images":[],"failed_audio":[],"failed_video":[],"trial_type":"preload","trial_index":0,"time_elapsed":1132,"internal_node_id":"0.0-0.0"},{"success":true,"trial_type":"fullscreen","trial_index":1,"time_elapsed":5374,"internal_node_id":"0.0-1.0"},{"rt":2013,"stimulus":"Welcome to the experiment. Press any key to begin.","response":" ","trial_type":"html-keyboard-response","trial_index":2,"time_elapsed":7389,"internal_node_id":"0.0-2.0"},{"view_history":[{"page_index":0,"viewing_time":4631},{"page_index":1,"viewing_time":6562},{"page_index":2,"viewing_time":18560},{"page_index":3,"viewing_time":7142},{"page_index":4,"viewing_time":1422},{"page_index":5,"viewing_time":1148},{"page_index":6,"viewing_time":2972},{"page_index":7,"viewing_time":7948},{"page_index":8,"viewing_time":15274},{"page_index":9,"viewing_time":10646},{"page_index":10,"viewing_time":1270},{"page_index":11,"viewing_time":549},{"page_index":12,"viewing_time":484},{"page_index":13,"viewing_time":1630},{"page_index":14,"viewing_time":3105},{"page_index":15,"viewing_time":4033},{"page_index":16,"viewing_time":844},{"page_index":17,"viewing_time":474},{"page_index":18,"viewing_time":758},{"page_index":19,"viewing_time":4093},{"page_index":20,"viewing_time":5557},{"page_index":21,"viewing_time":4187}],"rt":103292,"trial_type":"instructions","trial_index":3,"time_elapsed":110679,"internal_node_id":"0.0-3.0"},{"rt":50568,"url":"../static/nodeGraphsTraining_normal.html","skip":[],"edgeClickLog":[],"inference_edge":[],"inference_edgeClickLog":[],"trial_type":"external-html","trial_index":4,"time_elapsed":161351,"internal_node_id":"0.0-4.0"},{"rt":31843,"response":{"q1":"The goal is to help the student to get the most points","q2":"False","q3":"Possible paths you, as the teacher, can choose to teach the learner.","q4":"Paths that the student took before."},"question_order":[0,1,2,3],"trial_type":"survey-multi-choice","trial_index":5,"time_elapsed":193201,"internal_node_id":"0.0-5.0"},{"rt":3915,"stimulus":"<p>You can take a 60 second break before starting the experiment.</p><br><br><p>This page will advance in 60 seconds or you can press any key to advance now.</p>","response":"arrowright","trial_type":"html-keyboard-response","trial_index":6,"time_elapsed":197122,"internal_node_id":"0.0-7.0"},{"view_history":[{"page_index":0,"viewing_time":21308}],"rt":21308,"trial_type":"instructions","trial_index":7,"time_elapsed":218430,"internal_node_id":"0.0-8.0"},{"rt":14678,"url":"../static/nodeGraphs_normal.html","edge":"0to1","edgeRT":"11005","skip":"false","flipped":"FALSE","index":"0","edgeClickLog":"[{\"edgeSelection\":\"0to1\",\"edgeRTMS\":11005}]","trial_id":"incong_0","congruency":"I","trial_group":"1to5","condition":"normal","inference_edge":[],"inference_edgeClickLog":[],"task":"experiment","subjectId":"2pz2jmb2ythzq9f","trial_type":"external-html","trial_index":8,"time_elapsed":233390,"internal_node_id":"0.0-9.0-0.0"},{"rt":34158,"url":"../static/nodeGraphs_normal.html","edge":"0to2","edgeRT":"33528","skip":"false","flipped":"FALSE","index":"1","edgeClickLog":"[{\"edgeSelection\":\"0to2\",\"edgeRTMS\":33528}]","trial_id":"incong_5","congruency":"I","trial_group":"1to5","condition":"normal","inference_edge":[],"inference_edgeClickLog":[],"task":"experiment","subjectId":"2pz2jmb2ythzq9f","trial_type":"external-html","trial_index":9,"time_elapsed":268314,"internal_node_id":"0.0-9.0-0.1"},{"rt":12415,"url":"../static/nodeGraphs_normal.html","edge":"0to2","edgeRT":"8560","skip":"false","flipped":"FALSE","index":"2","edgeClickLog":"[{\"edgeSelection\":\"0to2\",\"edgeRTMS\":8560}]","trial_id":"incong_3","congruency":"I","trial_group":"1to5","condition":"normal","inference_edge":[],"inference_edgeClickLog":[],"task":"experiment","subjectId":"2pz2jmb2ythzq9f","trial_type":"external-html","trial_index":10,"time_elapsed":281353,"internal_node_id":"0.0-9.0-0.2"},{"rt":10227,"url":"../static/nodeGraphs_normal.html","edge":"5to8","edgeRT":"9932","skip":"false","flipped":"FALSE","index":"3","edgeClickLog":"[{\"edgeSelection\":\"5to8\",\"edgeRTMS\":9932}]","trial_id":"incong_10","congruency":"I","trial_group":"1to5","condition":"normal","inference_edge":[],"inference_edgeClickLog":[],"task":"experiment","subjectId":"2pz2jmb2ythzq9f","trial_type":"external-html","trial_index":11,"time_elapsed":292183,"internal_node_id":"0.0-9.0-0.3"},{"rt":16405,"url":"../static/nodeGraphs_normal.html","edge":"0to1","edgeRT":"15659","skip":"false","flipped":"FALSE","index":"4","edgeClickLog":"[{\"edgeSelection\":\"0to1\",\"edgeRTMS\":15659}]","trial_id":"incong_2","congruency":"I","trial_group":"1to5","condition":"normal","inference_edge":[],"inference_edgeClickLog":[],"task":"experiment","subjectId":"2pz2jmb2ythzq9f","trial_type":"external-html","trial_index":12,"time_elapsed":309196,"internal_node_id":"0.0-9.0-0.4"},{"rt":13803,"url":"../static/nodeGraphs_normal.html","edge":"0to2","edgeRT":"12925","skip":"false","flipped":"TRUE","index":"5","edgeClickLog":"[{\"edgeSelection\":\"0to2\",\"edgeRTMS\":12925}]","trial_id":"incong_0_flipped","congruency":"I","trial_group":"5to10","condition":"normal","inference_edge":[],"inference_edgeClickLog":[],"task":"experiment","subjectId":"2pz2jmb2ythzq9f","trial_type":"external-html","trial_index":13,"time_elapsed":323605,"internal_node_id":"0.0-9.0-0.5"},{"rt":13009,"url":"../static/nodeGraphs_normal.html","edge":"0to2","edgeRT":"11934","skip":"false","flipped":"TRUE","index":"6","edgeClickLog":"[{\"edgeSelection\":\"0to2\",\"edgeRTMS\":11934}]","trial_id":"incong_5_flipped","congruency":"I","trial_group":"5to10","condition":"normal","inference_edge":[],"inference_edgeClickLog":[],"task":"experiment","subjectId":"2pz2jmb2ythzq9f","trial_type":"external-html","trial_index":14,"time_elapsed":337217,"internal_node_id":"0.0-9.0-0.6"},{"rt":9052,"url":"../static/nodeGraphs_normal.html","edge":"0to2","edgeRT":"6027","skip":"false","flipped":"TRUE","index":"7","edgeClickLog":"[{\"edgeSelection\":\"0to2\",\"edgeRTMS\":6027}]","trial_id":"incong_3_flipped","congruency":"I","trial_group":"5to10","condition":"normal","inference_edge":[],"inference_edgeClickLog":[],"task":"experiment","subjectId":"2pz2jmb2ythzq9f","trial_type":"external-html","trial_index":15,"time_elapsed":346867,"internal_node_id":"0.0-9.0-0.7"},{"rt":26184,"url":"../static/nodeGraphs_normal.html","edge":"5to8","edgeRT":"25894","skip":"false","flipped":"TRUE","index":"8","edgeClickLog":"[{\"edgeSelection\":\"5to8\",\"edgeRTMS\":25894}]","trial_id":"incong_10_flipped","congruency":"I","trial_group":"5to10","condition":"normal","inference_edge":[],"inference_edgeClickLog":[],"task":"experiment","subjectId":"2pz2jmb2ythzq9f","trial_type":"external-html","trial_index":16,"time_elapsed":373676,"internal_node_id":"0.0-9.0-0.8"},{"rt":16132,"url":"../static/nodeGraphs_normal.html","edge":"0to2","edgeRT":"15766","skip":"false","flipped":"TRUE","index":"9","edgeClickLog":"[{\"edgeSelection\":\"0to2\",\"edgeRTMS\":15766}]","trial_id":"incong_2_flipped","congruency":"I","trial_group":"5to10","condition":"normal","inference_edge":[],"inference_edgeClickLog":[],"task":"experiment","subjectId":"2pz2jmb2ythzq9f","trial_type":"external-html","trial_index":17,"time_elapsed":390615,"internal_node_id":"0.0-9.0-0.9"},{"rt":23001,"url":"../static/nodeGraphs_normal.html","edge":"0to1","edgeRT":"21674","skip":"false","flipped":"FALSE","index":"10","edgeClickLog":"[{\"edgeSelection\":\"0to1\",\"edgeRTMS\":21674}]","trial_id":"incong_0","congruency":"I","trial_group":"10to15","condition":"normal","inference_edge":[],"inference_edgeClickLog":[],"task":"experiment","subjectId":"2pz2jmb2ythzq9f","trial_type":"external-html","trial_index":18,"time_elapsed":414242,"internal_node_id":"0.0-9.0-0.10"},{"rt":13216,"url":"../static/nodeGraphs_normal.html","edge":"3to6","edgeRT":"12627","skip":"false","flipped":"FALSE","index":"11","edgeClickLog":"[{\"edgeSelection\":\"3to6\",\"edgeRTMS\":12627}]","trial_id":"incong_5","congruency":"I","trial_group":"10to15","condition":"normal","inference_edge":[],"inference_edgeClickLog":[],"task":"experiment","subjectId":"2pz2jmb2ythzq9f","trial_type":"external-html","trial_index":19,"time_elapsed":428071,"internal_node_id":"0.0-9.0-0.11"},{"rt":15089,"url":"../static/nodeGraphs_normal.html","edge":"5to7","edgeRT":"14540","skip":"false","flipped":"FALSE","index":"12","edgeClickLog":"[{\"edgeSelection\":\"5to7\",\"edgeRTMS\":14540}]","trial_id":"incong_3","congruency":"I","trial_group":"10to15","condition":"normal","inference_edge":[],"inference_edgeClickLog":[],"task":"experiment","subjectId":"2pz2jmb2ythzq9f","trial_type":"external-html","trial_index":20,"time_elapsed":443762,"internal_node_id":"0.0-9.0-0.12"},{"rt":17655,"url":"../static/nodeGraphs_normal.html","edge":"0to2","edgeRT":"15510","skip":"false","flipped":"FALSE","index":"13","edgeClickLog":"[{\"edgeSelection\":\"0to2\",\"edgeRTMS\":15510}]","trial_id":"incong_10","congruency":"I","trial_group":"10to15","condition":"normal","inference_edge":[],"inference_edgeClickLog":[],"task":"experiment","subjectId":"2pz2jmb2ythzq9f","trial_type":"external-html","trial_index":21,"time_elapsed":462017,"internal_node_id":"0.0-9.0-0.13"},{"rt":12118,"url":"../static/nodeGraphs_normal.html","edge":"0to1","edgeRT":"11751","skip":"false","flipped":"FALSE","index":"14","edgeClickLog":"[{\"edgeSelection\":\"0to1\",\"edgeRTMS\":11751}]","trial_id":"incong_2","congruency":"I","trial_group":"10to15","condition":"normal","inference_edge":[],"inference_edgeClickLog":[],"task":"experiment","subjectId":"2pz2jmb2ythzq9f","trial_type":"external-html","trial_index":22,"time_elapsed":474742,"internal_node_id":"0.0-9.0-0.14"},{"rt":25894,"url":"../static/nodeGraphs_normal.html","edge":"3to6","edgeRT":"19108","skip":"false","flipped":"FALSE","index":"15","edgeClickLog":"[{\"edgeSelection\":\"3to6\",\"edgeRTMS\":19108}]","trial_id":"test_0","congruency":"I","trial_group":"15to20","condition":"normal","inference_edge":[],"inference_edgeClickLog":[],"task":"experiment","subjectId":"2pz2jmb2ythzq9f","trial_type":"external-html","trial_index":23,"time_elapsed":501230,"internal_node_id":"0.0-9.0-0.15"},{"rt":15319,"url":"../static/nodeGraphs_normal.html","edge":"0to3","edgeRT":"14773","skip":"false","flipped":"FALSE","index":"16","edgeClickLog":"[{\"edgeSelection\":\"0to3\",\"edgeRTMS\":14773}]","trial_id":"test_1","congruency":"I","trial_group":"15to20","condition":"normal","inference_edge":[],"inference_edgeClickLog":[],"task":"experiment","subjectId":"2pz2jmb2ythzq9f","trial_type":"external-html","trial_index":24,"time_elapsed":517176,"internal_node_id":"0.0-9.0-0.16"},{"rt":12174,"url":"../static/nodeGraphs_normal.html","edge":"0to3","edgeRT":"11876","skip":"false","flipped":"FALSE","index":"17","edgeClickLog":"[{\"edgeSelection\":\"0to3\",\"edgeRTMS\":11876}]","trial_id":"test_2","congruency":"I","trial_group":"15to20","condition":"normal","inference_edge":[],"inference_edgeClickLog":[],"task":"experiment","subjectId":"2pz2jmb2ythzq9f","trial_type":"external-html","trial_index":25,"time_elapsed":530121,"internal_node_id":"0.0-9.0-0.17"},{"rt":14395,"url":"../static/nodeGraphs_normal.html","edge":"5to7","edgeRT":"13144","skip":"false","flipped":"FALSE","index":"18","edgeClickLog":"[{\"edgeSelection\":\"5to7\",\"edgeRTMS\":13144}]","trial_id":"test_3","congruency":"I","trial_group":"15to20","condition":"normal","inference_edge":[],"inference_edgeClickLog":[],"task":"experiment","subjectId":"2pz2jmb2ythzq9f","trial_type":"external-html","trial_index":26,"time_elapsed":545121,"internal_node_id":"0.0-9.0-0.18"},{"rt":18605,"url":"../static/nodeGraphs_normal.html","edge":"1to5","edgeRT":"18002","skip":"false","flipped":"FALSE","index":"19","edgeClickLog":"[{\"edgeSelection\":\"1to5\",\"edgeRTMS\":18002}]","trial_id":"test_4","congruency":"I","trial_group":"15to20","condition":"normal","inference_edge":[],"inference_edgeClickLog":[],"task":"experiment","subjectId":"2pz2jmb2ythzq9f","trial_type":"external-html","trial_index":27,"time_elapsed":564325,"internal_node_id":"0.0-9.0-0.19"},{"rt":42406,"response":{"P0_Q0":null,"P0_Q1":5,"P0_Q2":6,"P0_Q3":4,"P0_Q4":5,"P0_Q5":3,"strategies":"looked at the total points they had and tried to increase the amount based on what i could see","feedback":""},"accuracy":[],"trial_type":"survey","trial_index":28,"time_elapsed":607307,"internal_node_id":"0.0-10.0"},{"rt":4749,"stimulus":"<p>Thanks for your time!</p>        <p>We need to manually calculate your bonus pay, please give us up to 7 days.</p><p>Press any key to conclude.</p>","response":"arrowright","task":"end","subjectId":"2pz2jmb2ythzq9f","trial_type":"html-keyboard-response","trial_index":29,"time_elapsed":612060,"internal_node_id":"0.0-11.0","interactions":"[{\"event\":\"fullscreenenter\",\"trial\":1,\"time\":4420}]"}]