[{"success":true,"timeout":false,"failed_images":[],"failed_audio":[],"failed_video":[],"trial_type":"preload","trial_index":0,"time_elapsed":377,"internal_node_id":"0.0-0.0"},{"success":true,"trial_type":"fullscreen","trial_index":1,"time_elapsed":3517,"internal_node_id":"0.0-1.0"},{"rt":1387,"stimulus":"Welcome to the experiment. Press any key to begin.","response":" ","trial_type":"html-keyboard-response","trial_index":2,"time_elapsed":4907,"internal_node_id":"0.0-2.0"},{"view_history":[{"page_index":0,"viewing_time":1724},{"page_index":1,"viewing_time":4475},{"page_index":2,"viewing_time":15258},{"page_index":3,"viewing_time":2563},{"page_index":4,"viewing_time":1247},{"page_index":5,"viewing_time":1059},{"page_index":6,"viewing_time":3083},{"page_index":7,"viewing_time":9842},{"page_index":8,"viewing_time":14366},{"page_index":9,"viewing_time":11875},{"page_index":10,"viewing_time":1520},{"page_index":11,"viewing_time":1667},{"page_index":12,"viewing_time":467},{"page_index":13,"viewing_time":948},{"page_index":14,"viewing_time":2442},{"page_index":15,"viewing_time":6927},{"page_index":16,"viewing_time":1487},{"page_index":17,"viewing_time":437},{"page_index":18,"viewing_time":873},{"page_index":19,"viewing_time":7003},{"page_index":20,"viewing_time":2046},{"page_index":21,"viewing_time":2441}],"rt":93749,"trial_type":"instructions","trial_index":3,"time_elapsed":98656,"internal_node_id":"0.0-3.0"},{"rt":111441,"url":"../static/nodeGraphsTraining_scaffolding.html","skip":[],"edgeClickLog":[],"inference_edge":[],"inference_edgeClickLog":[],"trial_type":"external-html","trial_index":4,"time_elapsed":210326,"internal_node_id":"0.0-4.0"},{"rt":22915,"response":{"q1":"The goal is to help the student to get the most points.","q2":"False","q3":"Possible edges you, as the teacher, can choose to teach the learner.","q4":"Edges that the student took before."},"question_order":[0,1,2,3],"trial_type":"survey-multi-choice","trial_index":5,"time_elapsed":233244,"internal_node_id":"0.0-5.0"},{"rt":4283,"stimulus":"<p>You can take a 60 second break before starting the experiment.</p><br><br><p>This page will advance in 60 seconds or you can press any key to advance now.</p>","response":" ","trial_type":"html-keyboard-response","trial_index":6,"time_elapsed":237530,"internal_node_id":"0.0-7.0"},{"view_history":[{"page_index":0,"viewing_time":10147}],"rt":10148,"trial_type":"instructions","trial_index":7,"time_elapsed":247679,"internal_node_id":"0.0-8.0"},{"rt":26446,"url":"../static/nodeGraphs_scaffolding.html","edge":"5to8","edgeRT":"10768","skip":"false","flipped":"FALSE","index":"0","edgeClickLog":"[{\"edgeSelection\":\"0to1\",\"edgeRTMS\":3675},{\"edgeSelection\":\"1to4\",\"edgeRTMS\":4889},{\"edgeSelection\":\"0to2\",\"edgeRTMS\":7250},{\"edgeSelection\":\"2to5\",\"edgeRTMS\":9280},{\"edgeSelection\":\"5to8\",\"edgeRTMS\":10768}]","trial_id":"incong_0","congruency":"I","trial_group":"1to5","condition":"scaffolding","inference_edge":"0to1,1to4,4to7","inference_edgeClickLog":"[{\"edgeSelection\":\"0to1\",\"edgeRTMS\":6296},{\"edgeSelection\":\"1to4\",\"edgeRTMS\":7815},{\"edgeSelection\":\"4to7\",\"edgeRTMS\":9182}]","inference_edgeRT":"9182","inference_edge_last":"4to7","task":"experiment","subjectId":"ogtc33eta2po353","trial_type":"external-html","trial_index":8,"time_elapsed":274322,"internal_node_id":"0.0-9.0-0.0"},{"rt":22335,"url":"../static/nodeGraphs_scaffolding.html","edge":"2to4","edgeRT":"10248","skip":"false","flipped":"FALSE","index":"1","edgeClickLog":"[{\"edgeSelection\":\"2to4\",\"edgeRTMS\":10248}]","trial_id":"incong_5","congruency":"I","trial_group":"1to5","condition":"scaffolding","inference_edge":"0to2,2to4,4to7","inference_edgeClickLog":"[{\"edgeSelection\":\"0to2\",\"edgeRTMS\":6681},{\"edgeSelection\":\"2to4\",\"edgeRTMS\":9349},{\"edgeSelection\":\"4to7\",\"edgeRTMS\":11233}]","inference_edgeRT":"11233","inference_edge_last":"4to7","task":"experiment","subjectId":"ogtc33eta2po353","trial_type":"external-html","trial_index":9,"time_elapsed":297381,"internal_node_id":"0.0-9.0-0.1"},{"rt":13945,"url":"../static/nodeGraphs_scaffolding.html","edge":"0to2","edgeRT":"2533","skip":"false","flipped":"FALSE","index":"2","edgeClickLog":"[{\"edgeSelection\":\"0to2\",\"edgeRTMS\":2533}]","trial_id":"incong_3","congruency":"I","trial_group":"1to5","condition":"scaffolding","inference_edge":"0to2,2to6,6to8","inference_edgeClickLog":"[{\"edgeSelection\":\"0to2\",\"edgeRTMS\":4874},{\"edgeSelection\":\"2to6\",\"edgeRTMS\":6422},{\"edgeSelection\":\"6to8\",\"edgeRTMS\":9717}]","inference_edgeRT":"9717","inference_edge_last":"6to8","task":"experiment","subjectId":"ogtc33eta2po353","trial_type":"external-html","trial_index":10,"time_elapsed":312025,"internal_node_id":"0.0-9.0-0.2"},{"rt":10952,"url":"../static/nodeGraphs_scaffolding.html","edge":"0to2","edgeRT":"1336","skip":"false","flipped":"FALSE","index":"3","edgeClickLog":"[{\"edgeSelection\":\"0to2\",\"edgeRTMS\":1336}]","trial_id":"incong_10","congruency":"I","trial_group":"1to5","condition":"scaffolding","inference_edge":"0to2,2to4,4to8","inference_edgeClickLog":"[{\"edgeSelection\":\"0to2\",\"edgeRTMS\":4342},{\"edgeSelection\":\"2to4\",\"edgeRTMS\":5512},{\"edgeSelection\":\"4to8\",\"edgeRTMS\":7801}]","inference_edgeRT":"7801","inference_edge_last":"4to8","task":"experiment","subjectId":"ogtc33eta2po353","trial_type":"external-html","trial_index":11,"time_elapsed":323664,"internal_node_id":"0.0-9.0-0.3"},{"rt":18081,"url":"../static/nodeGraphs_scaffolding.html","edge":"0to1","edgeRT":"4853","skip":"false","flipped":"FALSE","index":"4","edgeClickLog":"[{\"edgeSelection\":\"0to1\",\"edgeRTMS\":4853}]","trial_id":"incong_2","congruency":"I","trial_group":"1to5","condition":"scaffolding","inference_edge":"0to2,2to4,4to8","inference_edgeClickLog":"[{\"edgeSelection\":\"0to2\",\"edgeRTMS\":6578},{\"edgeSelection\":\"2to4\",\"edgeRTMS\":9941},{\"edgeSelection\":\"4to8\",\"edgeRTMS\":11944}]","inference_edgeRT":"11944","inference_edge_last":"4to8","task":"experiment","subjectId":"ogtc33eta2po353","trial_type":"external-html","trial_index":12,"time_elapsed":342496,"internal_node_id":"0.0-9.0-0.4"},{"rt":14432,"url":"../static/nodeGraphs_scaffolding.html","edge":"3to6","edgeRT":"5881","skip":"false","flipped":"TRUE","index":"5","edgeClickLog":"[{\"edgeSelection\":\"3to6\",\"edgeRTMS\":5881}]","trial_id":"incong_0_flipped","congruency":"I","trial_group":"5to10","condition":"scaffolding","inference_edge":"0to3,3to6,6to9","inference_edgeClickLog":"[{\"edgeSelection\":\"0to3\",\"edgeRTMS\":4943},{\"edgeSelection\":\"3to6\",\"edgeRTMS\":6138},{\"edgeSelection\":\"6to9\",\"edgeRTMS\":7320}]","inference_edgeRT":"7320","inference_edge_last":"6to9","task":"experiment","subjectId":"ogtc33eta2po353","trial_type":"external-html","trial_index":13,"time_elapsed":357858,"internal_node_id":"0.0-9.0-0.5"},{"rt":14530,"url":"../static/nodeGraphs_scaffolding.html","edge":"0to2","edgeRT":"2930","skip":"false","flipped":"TRUE","index":"6","edgeClickLog":"[{\"edgeSelection\":\"0to2\",\"edgeRTMS\":2930}]","trial_id":"incong_5_flipped","congruency":"I","trial_group":"5to10","condition":"scaffolding","inference_edge":"0to2,2to6,6to9","inference_edgeClickLog":"[{\"edgeSelection\":\"0to2\",\"edgeRTMS\":5226},{\"edgeSelection\":\"2to6\",\"edgeRTMS\":7596},{\"edgeSelection\":\"6to9\",\"edgeRTMS\":9237}]","inference_edgeRT":"9237","inference_edge_last":"6to9","task":"experiment","subjectId":"ogtc33eta2po353","trial_type":"external-html","trial_index":14,"time_elapsed":373083,"internal_node_id":"0.0-9.0-0.6"},{"rt":10109,"url":"../static/nodeGraphs_scaffolding.html","edge":"0to2","edgeRT":"3317","skip":"false","flipped":"TRUE","index":"7","edgeClickLog":"[{\"edgeSelection\":\"0to2\",\"edgeRTMS\":1543},{\"edgeSelection\":\"0to2\",\"edgeRTMS\":3317}]","trial_id":"incong_3_flipped","congruency":"I","trial_group":"5to10","condition":"scaffolding","inference_edge":"0to2,2to4,4to8","inference_edgeClickLog":"[{\"edgeSelection\":\"0to2\",\"edgeRTMS\":2712},{\"edgeSelection\":\"2to4\",\"edgeRTMS\":4118},{\"edgeSelection\":\"4to8\",\"edgeRTMS\":5588}]","inference_edgeRT":"5588","inference_edge_last":"4to8","task":"experiment","subjectId":"ogtc33eta2po353","trial_type":"external-html","trial_index":15,"time_elapsed":383886,"internal_node_id":"0.0-9.0-0.7"},{"rt":19053,"url":"../static/nodeGraphs_scaffolding.html","edge":"0to2","edgeRT":"3562","skip":"false","flipped":"TRUE","index":"8","edgeClickLog":"[{\"edgeSelection\":\"0to2\",\"edgeRTMS\":3562}]","trial_id":"incong_10_flipped","congruency":"I","trial_group":"5to10","condition":"scaffolding","inference_edge":"0to2,2to6,6to8","inference_edgeClickLog":"[{\"edgeSelection\":\"0to2\",\"edgeRTMS\":4482},{\"edgeSelection\":\"2to6\",\"edgeRTMS\":5978},{\"edgeSelection\":\"6to8\",\"edgeRTMS\":7678}]","inference_edgeRT":"7678","inference_edge_last":"6to8","task":"experiment","subjectId":"ogtc33eta2po353","trial_type":"external-html","trial_index":16,"time_elapsed":403821,"internal_node_id":"0.0-9.0-0.8"},{"rt":12328,"url":"../static/nodeGraphs_scaffolding.html","edge":"0to2","edgeRT":"3048","skip":"false","flipped":"TRUE","index":"9","edgeClickLog":"[{\"edgeSelection\":\"0to2\",\"edgeRTMS\":3048}]","trial_id":"incong_2_flipped","congruency":"I","trial_group":"5to10","condition":"scaffolding","inference_edge":"0to3,3to6,6to8","inference_edgeClickLog":"[{\"edgeSelection\":\"0to3\",\"edgeRTMS\":5342},{\"edgeSelection\":\"3to6\",\"edgeRTMS\":6553},{\"edgeSelection\":\"6to8\",\"edgeRTMS\":7563}]","inference_edgeRT":"7563","inference_edge_last":"6to8","task":"experiment","subjectId":"ogtc33eta2po353","trial_type":"external-html","trial_index":17,"time_elapsed":416899,"internal_node_id":"0.0-9.0-0.9"},{"rt":10707,"url":"../static/nodeGraphs_scaffolding.html","edge":"0to1","edgeRT":"2105","skip":"false","flipped":"FALSE","index":"10","edgeClickLog":"[{\"edgeSelection\":\"0to1\",\"edgeRTMS\":2105}]","trial_id":"incong_0","congruency":"I","trial_group":"10to15","condition":"scaffolding","inference_edge":"0to1,1to4,4to7","inference_edgeClickLog":"[{\"edgeSelection\":\"0to1\",\"edgeRTMS\":4352},{\"edgeSelection\":\"1to4\",\"edgeRTMS\":6099},{\"edgeSelection\":\"4to7\",\"edgeRTMS\":6880}]","inference_edgeRT":"6880","inference_edge_last":"4to7","task":"experiment","subjectId":"ogtc33eta2po353","trial_type":"external-html","trial_index":18,"time_elapsed":428315,"internal_node_id":"0.0-9.0-0.10"},{"rt":10765,"url":"../static/nodeGraphs_scaffolding.html","edge":"0to2","edgeRT":"2146","skip":"false","flipped":"FALSE","index":"11","edgeClickLog":"[{\"edgeSelection\":\"0to2\",\"edgeRTMS\":2146}]","trial_id":"incong_5","congruency":"I","trial_group":"10to15","condition":"scaffolding","inference_edge":"0to2,2to4,4to7","inference_edgeClickLog":"[{\"edgeSelection\":\"0to2\",\"edgeRTMS\":4531},{\"edgeSelection\":\"2to4\",\"edgeRTMS\":6221},{\"edgeSelection\":\"4to7\",\"edgeRTMS\":7434}]","inference_edgeRT":"7434","inference_edge_last":"4to7","task":"experiment","subjectId":"ogtc33eta2po353","trial_type":"external-html","trial_index":19,"time_elapsed":439782,"internal_node_id":"0.0-9.0-0.11"},{"rt":11012,"url":"../static/nodeGraphs_scaffolding.html","edge":"0to2","edgeRT":"2506","skip":"false","flipped":"FALSE","index":"12","edgeClickLog":"[{\"edgeSelection\":\"0to2\",\"edgeRTMS\":2506}]","trial_id":"incong_3","congruency":"I","trial_group":"10to15","condition":"scaffolding","inference_edge":"0to2,2to6,6to8","inference_edgeClickLog":"[{\"edgeSelection\":\"0to2\",\"edgeRTMS\":3104},{\"edgeSelection\":\"2to6\",\"edgeRTMS\":5254},{\"edgeSelection\":\"6to8\",\"edgeRTMS\":7638}]","inference_edgeRT":"7638","inference_edge_last":"6to8","task":"experiment","subjectId":"ogtc33eta2po353","trial_type":"external-html","trial_index":20,"time_elapsed":451591,"internal_node_id":"0.0-9.0-0.12"},{"rt":11493,"url":"../static/nodeGraphs_scaffolding.html","edge":"5to8","edgeRT":"2874","skip":"false","flipped":"FALSE","index":"13","edgeClickLog":"[{\"edgeSelection\":\"5to8\",\"edgeRTMS\":2874}]","trial_id":"incong_10","congruency":"I","trial_group":"10to15","condition":"scaffolding","inference_edge":"0to2,2to4,4to8","inference_edgeClickLog":"[{\"edgeSelection\":\"0to2\",\"edgeRTMS\":3739},{\"edgeSelection\":\"2to4\",\"edgeRTMS\":4750},{\"edgeSelection\":\"4to8\",\"edgeRTMS\":5863}]","inference_edgeRT":"5863","inference_edge_last":"4to8","task":"experiment","subjectId":"ogtc33eta2po353","trial_type":"external-html","trial_index":21,"time_elapsed":463903,"internal_node_id":"0.0-9.0-0.13"},{"rt":13282,"url":"../static/nodeGraphs_scaffolding.html","edge":"0to2","edgeRT":"3786","skip":"false","flipped":"FALSE","index":"14","edgeClickLog":"[{\"edgeSelection\":\"0to2\",\"edgeRTMS\":3786}]","trial_id":"incong_2","congruency":"I","trial_group":"10to15","condition":"scaffolding","inference_edge":"0to2,2to4,4to8","inference_edgeClickLog":"[{\"edgeSelection\":\"0to2\",\"edgeRTMS\":5363},{\"edgeSelection\":\"2to4\",\"edgeRTMS\":6503},{\"edgeSelection\":\"4to8\",\"edgeRTMS\":7440}]","inference_edgeRT":"7440","inference_edge_last":"4to8","task":"experiment","subjectId":"ogtc33eta2po353","trial_type":"external-html","trial_index":22,"time_elapsed":477897,"internal_node_id":"0.0-9.0-0.14"},{"rt":18011,"url":"../static/nodeGraphs_scaffolding.html","edge":"3to6","edgeRT":"8267","skip":"false","flipped":"FALSE","index":"15","edgeClickLog":"[{\"edgeSelection\":\"3to6\",\"edgeRTMS\":8267}]","trial_id":"test_0","congruency":"I","trial_group":"15to20","condition":"scaffolding","inference_edge":"0to2,2to4,4to8","inference_edgeClickLog":"[{\"edgeSelection\":\"0to2\",\"edgeRTMS\":5363},{\"edgeSelection\":\"2to4\",\"edgeRTMS\":6503},{\"edgeSelection\":\"4to8\",\"edgeRTMS\":7440}]","inference_edgeRT":"7440","inference_edge_last":"","task":"experiment","subjectId":"ogtc33eta2po353","trial_type":"external-html","trial_index":23,"time_elapsed":497001,"internal_node_id":"0.0-9.0-0.15"},{"rt":5316,"url":"../static/nodeGraphs_scaffolding.html","edge":"0to3","edgeRT":"5356","skip":"false","flipped":"FALSE","index":"16","edgeClickLog":"[{\"edgeSelection\":\"0to3\",\"edgeRTMS\":5356}]","trial_id":"test_1","congruency":"I","trial_group":"15to20","condition":"scaffolding","inference_edge":"0to2,2to4,4to8","inference_edgeClickLog":"[{\"edgeSelection\":\"0to2\",\"edgeRTMS\":5363},{\"edgeSelection\":\"2to4\",\"edgeRTMS\":6503},{\"edgeSelection\":\"4to8\",\"edgeRTMS\":7440}]","inference_edgeRT":"7440","inference_edge_last":"","task":"experiment","subjectId":"ogtc33eta2po353","trial_type":"external-html","trial_index":24,"time_elapsed":503325,"internal_node_id":"0.0-9.0-0.16"},{"rt":3884,"url":"../static/nodeGraphs_scaffolding.html","edge":"0to3","edgeRT":"3544","skip":"false","flipped":"FALSE","index":"17","edgeClickLog":"[{\"edgeSelection\":\"0to3\",\"edgeRTMS\":3544}]","trial_id":"test_2","congruency":"I","trial_group":"15to20","condition":"scaffolding","inference_edge":"0to2,2to4,4to8","inference_edgeClickLog":"[{\"edgeSelection\":\"0to2\",\"edgeRTMS\":5363},{\"edgeSelection\":\"2to4\",\"edgeRTMS\":6503},{\"edgeSelection\":\"4to8\",\"edgeRTMS\":7440}]","inference_edgeRT":"7440","inference_edge_last":"","task":"experiment","subjectId":"ogtc33eta2po353","trial_type":"external-html","trial_index":25,"time_elapsed":507982,"internal_node_id":"0.0-9.0-0.17"},{"rt":12122,"url":"../static/nodeGraphs_scaffolding.html","edge":"5to9","edgeRT":"10269","skip":"false","flipped":"FALSE","index":"18","edgeClickLog":"[{\"edgeSelection\":\"0to1\",\"edgeRTMS\":6096},{\"edgeSelection\":\"5to9\",\"edgeRTMS\":10269}]","trial_id":"test_3","congruency":"I","trial_group":"15to20","condition":"scaffolding","inference_edge":"0to2,2to4,4to8","inference_edgeClickLog":"[{\"edgeSelection\":\"0to2\",\"edgeRTMS\":5363},{\"edgeSelection\":\"2to4\",\"edgeRTMS\":6503},{\"edgeSelection\":\"4to8\",\"edgeRTMS\":7440}]","inference_edgeRT":"7440","inference_edge_last":"","task":"experiment","subjectId":"ogtc33eta2po353","trial_type":"external-html","trial_index":26,"time_elapsed":520997,"internal_node_id":"0.0-9.0-0.18"},{"rt":15617,"url":"../static/nodeGraphs_scaffolding.html","edge":"2to6","edgeRT":"15186","skip":"false","flipped":"FALSE","index":"19","edgeClickLog":"[{\"edgeSelection\":\"2to6\",\"edgeRTMS\":15186}]","trial_id":"test_4","congruency":"I","trial_group":"15to20","condition":"scaffolding","inference_edge":"0to2,2to4,4to8","inference_edgeClickLog":"[{\"edgeSelection\":\"0to2\",\"edgeRTMS\":5363},{\"edgeSelection\":\"2to4\",\"edgeRTMS\":6503},{\"edgeSelection\":\"4to8\",\"edgeRTMS\":7440}]","inference_edgeRT":"7440","inference_edge_last":"","task":"experiment","subjectId":"ogtc33eta2po353","trial_type":"external-html","trial_index":27,"time_elapsed":537377,"internal_node_id":"0.0-9.0-0.19"},{"rt":30117,"response":{"P0_Q0":null,"P0_Q1":6,"P0_Q2":6,"P0_Q3":5,"P0_Q4":5,"P0_Q5":4,"strategies":"I tried to find the path with the most points","feedback":"none"},"accuracy":[],"trial_type":"survey","trial_index":28,"time_elapsed":568039,"internal_node_id":"0.0-10.0"},{"rt":3724,"stimulus":"<p>Thanks for your time!</p>        <p>We need to manually calculate your bonus pay, please give us up to 7 days.</p><p>Press any key to conclude.</p>","response":" ","task":"end","subjectId":"ogtc33eta2po353","trial_type":"html-keyboard-response","trial_index":29,"time_elapsed":571765,"internal_node_id":"0.0-11.0","interactions":"[{\"event\":\"fullscreenenter\",\"trial\":1,\"time\":2524},{\"event\":\"blur\",\"trial\":4,\"time\":116470},{\"event\":\"fullscreenexit\",\"trial\":4,\"time\":116477},{\"event\":\"focus\",\"trial\":4,\"time\":116644},{\"event\":\"blur\",\"trial\":4,\"time\":151225},{\"event\":\"focus\",\"trial\":4,\"time\":153072}]"}]