[{"success":true,"timeout":false,"failed_images":[],"failed_audio":[],"failed_video":[],"trial_type":"preload","trial_index":0,"time_elapsed":288,"internal_node_id":"0.0-0.0"},{"success":true,"trial_type":"fullscreen","trial_index":1,"time_elapsed":3839,"internal_node_id":"0.0-1.0"},{"rt":1484,"stimulus":"Welcome to the experiment. Press any key to begin.","response":"c","trial_type":"html-keyboard-response","trial_index":2,"time_elapsed":5325,"internal_node_id":"0.0-2.0"},{"view_history":[{"page_index":0,"viewing_time":4088},{"page_index":1,"viewing_time":3709},{"page_index":2,"viewing_time":19910},{"page_index":3,"viewing_time":3522},{"page_index":4,"viewing_time":1920},{"page_index":5,"viewing_time":1876},{"page_index":6,"viewing_time":3584},{"page_index":7,"viewing_time":14603},{"page_index":8,"viewing_time":16136},{"page_index":9,"viewing_time":10000},{"page_index":10,"viewing_time":1407},{"page_index":11,"viewing_time":728},{"page_index":12,"viewing_time":618},{"page_index":13,"viewing_time":1320},{"page_index":14,"viewing_time":5103},{"page_index":15,"viewing_time":4306},{"page_index":16,"viewing_time":946},{"page_index":17,"viewing_time":507},{"page_index":18,"viewing_time":481},{"page_index":19,"viewing_time":2499},{"page_index":20,"viewing_time":7134},{"page_index":21,"viewing_time":3314}],"rt":107713,"trial_type":"instructions","trial_index":3,"time_elapsed":113048,"internal_node_id":"0.0-3.0"},{"rt":58137,"url":"../static/nodeGraphsTraining_normal.html","skip":[],"edgeClickLog":[],"inference_edge":[],"inference_edgeClickLog":[],"trial_type":"external-html","trial_index":4,"time_elapsed":171367,"internal_node_id":"0.0-4.0"},{"rt":46966,"response":{"q1":"The goal is to help the student to get the most points","q2":"False","q3":"Possible paths you, as the teacher, can choose to teach the learner.","q4":"Paths that the student took before."},"question_order":[0,1,2,3],"trial_type":"survey-multi-choice","trial_index":5,"time_elapsed":218341,"internal_node_id":"0.0-5.0"},{"rt":4362,"stimulus":"<p>You can take a 60 second break before starting the experiment.</p><br><br><p>This page will advance in 60 seconds or you can press any key to advance now.</p>","response":" ","trial_type":"html-keyboard-response","trial_index":6,"time_elapsed":222706,"internal_node_id":"0.0-7.0"},{"view_history":[{"page_index":0,"viewing_time":18403}],"rt":18403,"trial_type":"instructions","trial_index":7,"time_elapsed":241111,"internal_node_id":"0.0-8.0"},{"rt":11338,"url":"../static/nodeGraphs_normal.html","edge":"6to8","edgeRT":"6421","skip":"false","flipped":"FALSE","index":"0","edgeClickLog":"[{\"edgeSelection\":\"6to8\",\"edgeRTMS\":6421}]","trial_id":"incong_0","congruency":"I","trial_group":"1to5","condition":"normal","inference_edge":[],"inference_edgeClickLog":[],"task":"experiment","subjectId":"sdmn3vg6g8szxo5","trial_type":"external-html","trial_index":8,"time_elapsed":252622,"internal_node_id":"0.0-9.0-0.0"},{"rt":32957,"url":"../static/nodeGraphs_normal.html","edge":"3to6","edgeRT":"32337","skip":"false","flipped":"FALSE","index":"1","edgeClickLog":"[{\"edgeSelection\":\"3to6\",\"edgeRTMS\":28628},{\"edgeSelection\":\"3to6\",\"edgeRTMS\":32337}]","trial_id":"incong_5","congruency":"I","trial_group":"1to5","condition":"normal","inference_edge":[],"inference_edgeClickLog":[],"task":"experiment","subjectId":"sdmn3vg6g8szxo5","trial_type":"external-html","trial_index":9,"time_elapsed":286263,"internal_node_id":"0.0-9.0-0.1"},{"rt":8027,"url":"../static/nodeGraphs_normal.html","edge":"5to7","edgeRT":"7461","skip":"false","flipped":"FALSE","index":"2","edgeClickLog":"[{\"edgeSelection\":\"5to7\",\"edgeRTMS\":7461}]","trial_id":"incong_3","congruency":"I","trial_group":"1to5","condition":"normal","inference_edge":[],"inference_edgeClickLog":[],"task":"experiment","subjectId":"sdmn3vg6g8szxo5","trial_type":"external-html","trial_index":10,"time_elapsed":294976,"internal_node_id":"0.0-9.0-0.2"},{"rt":6035,"url":"../static/nodeGraphs_normal.html","edge":"5to8","edgeRT":"4187","skip":"false","flipped":"FALSE","index":"3","edgeClickLog":"[{\"edgeSelection\":\"5to8\",\"edgeRTMS\":4187}]","trial_id":"incong_10","congruency":"I","trial_group":"1to5","condition":"normal","inference_edge":[],"inference_edgeClickLog":[],"task":"experiment","subjectId":"sdmn3vg6g8szxo5","trial_type":"external-html","trial_index":11,"time_elapsed":301686,"internal_node_id":"0.0-9.0-0.3"},{"rt":13183,"url":"../static/nodeGraphs_normal.html","edge":"0to1","edgeRT":"10426","skip":"false","flipped":"FALSE","index":"4","edgeClickLog":"[{\"edgeSelection\":\"0to1\",\"edgeRTMS\":10426}]","trial_id":"incong_2","congruency":"I","trial_group":"1to5","condition":"normal","inference_edge":[],"inference_edgeClickLog":[],"task":"experiment","subjectId":"sdmn3vg6g8szxo5","trial_type":"external-html","trial_index":12,"time_elapsed":315558,"internal_node_id":"0.0-9.0-0.4"},{"rt":7148,"url":"../static/nodeGraphs_normal.html","edge":"4to8","edgeRT":"5842","skip":"false","flipped":"TRUE","index":"5","edgeClickLog":"[{\"edgeSelection\":\"4to8\",\"edgeRTMS\":5842}]","trial_id":"incong_0_flipped","congruency":"I","trial_group":"5to10","condition":"normal","inference_edge":[],"inference_edgeClickLog":[],"task":"experiment","subjectId":"sdmn3vg6g8szxo5","trial_type":"external-html","trial_index":13,"time_elapsed":323404,"internal_node_id":"0.0-9.0-0.5"},{"rt":10657,"url":"../static/nodeGraphs_normal.html","edge":"1to4","edgeRT":"9553","skip":"false","flipped":"TRUE","index":"6","edgeClickLog":"[{\"edgeSelection\":\"1to4\",\"edgeRTMS\":9553}]","trial_id":"incong_5_flipped","congruency":"I","trial_group":"5to10","condition":"normal","inference_edge":[],"inference_edgeClickLog":[],"task":"experiment","subjectId":"sdmn3vg6g8szxo5","trial_type":"external-html","trial_index":14,"time_elapsed":334754,"internal_node_id":"0.0-9.0-0.6"},{"rt":8917,"url":"../static/nodeGraphs_normal.html","edge":"5to9","edgeRT":"8100","skip":"false","flipped":"TRUE","index":"7","edgeClickLog":"[{\"edgeSelection\":\"5to9\",\"edgeRTMS\":8100}]","trial_id":"incong_3_flipped","congruency":"I","trial_group":"5to10","condition":"normal","inference_edge":[],"inference_edgeClickLog":[],"task":"experiment","subjectId":"sdmn3vg6g8szxo5","trial_type":"external-html","trial_index":15,"time_elapsed":344350,"internal_node_id":"0.0-9.0-0.7"},{"rt":4503,"url":"../static/nodeGraphs_normal.html","edge":"5to8","edgeRT":"3504","skip":"false","flipped":"TRUE","index":"8","edgeClickLog":"[{\"edgeSelection\":\"5to8\",\"edgeRTMS\":3504}]","trial_id":"incong_10_flipped","congruency":"I","trial_group":"5to10","condition":"normal","inference_edge":[],"inference_edgeClickLog":[],"task":"experiment","subjectId":"sdmn3vg6g8szxo5","trial_type":"external-html","trial_index":16,"time_elapsed":349543,"internal_node_id":"0.0-9.0-0.8"},{"rt":15523,"url":"../static/nodeGraphs_normal.html","edge":"0to3","edgeRT":"14191","skip":"false","flipped":"TRUE","index":"9","edgeClickLog":"[{\"edgeSelection\":\"0to3\",\"edgeRTMS\":14191}]","trial_id":"incong_2_flipped","congruency":"I","trial_group":"5to10","condition":"normal","inference_edge":[],"inference_edgeClickLog":[],"task":"experiment","subjectId":"sdmn3vg6g8szxo5","trial_type":"external-html","trial_index":17,"time_elapsed":365755,"internal_node_id":"0.0-9.0-0.9"},{"rt":6421,"url":"../static/nodeGraphs_normal.html","edge":"6to8","edgeRT":"5642","skip":"false","flipped":"FALSE","index":"10","edgeClickLog":"[{\"edgeSelection\":\"6to8\",\"edgeRTMS\":5642}]","trial_id":"incong_0","congruency":"I","trial_group":"10to15","condition":"normal","inference_edge":[],"inference_edgeClickLog":[],"task":"experiment","subjectId":"sdmn3vg6g8szxo5","trial_type":"external-html","trial_index":18,"time_elapsed":372863,"internal_node_id":"0.0-9.0-0.10"},{"rt":7700,"url":"../static/nodeGraphs_normal.html","edge":"3to6","edgeRT":"6325","skip":"false","flipped":"FALSE","index":"11","edgeClickLog":"[{\"edgeSelection\":\"3to6\",\"edgeRTMS\":6325}]","trial_id":"incong_5","congruency":"I","trial_group":"10to15","condition":"normal","inference_edge":[],"inference_edgeClickLog":[],"task":"experiment","subjectId":"sdmn3vg6g8szxo5","trial_type":"external-html","trial_index":19,"time_elapsed":381237,"internal_node_id":"0.0-9.0-0.11"},{"rt":6980,"url":"../static/nodeGraphs_normal.html","edge":"0to2","edgeRT":"6119","skip":"false","flipped":"FALSE","index":"12","edgeClickLog":"[{\"edgeSelection\":\"0to2\",\"edgeRTMS\":6119}]","trial_id":"incong_3","congruency":"I","trial_group":"10to15","condition":"normal","inference_edge":[],"inference_edgeClickLog":[],"task":"experiment","subjectId":"sdmn3vg6g8szxo5","trial_type":"external-html","trial_index":20,"time_elapsed":388892,"internal_node_id":"0.0-9.0-0.12"},{"rt":9443,"url":"../static/nodeGraphs_normal.html","edge":"5to8","edgeRT":"6790","skip":"false","flipped":"FALSE","index":"13","edgeClickLog":"[{\"edgeSelection\":\"5to8\",\"edgeRTMS\":6790}]","trial_id":"incong_10","congruency":"I","trial_group":"10to15","condition":"normal","inference_edge":[],"inference_edgeClickLog":[],"task":"experiment","subjectId":"sdmn3vg6g8szxo5","trial_type":"external-html","trial_index":21,"time_elapsed":399006,"internal_node_id":"0.0-9.0-0.13"},{"rt":12574,"url":"../static/nodeGraphs_normal.html","edge":"0to2","edgeRT":"11808","skip":"false","flipped":"FALSE","index":"14","edgeClickLog":"[{\"edgeSelection\":\"0to2\",\"edgeRTMS\":11808}]","trial_id":"incong_2","congruency":"I","trial_group":"10to15","condition":"normal","inference_edge":[],"inference_edgeClickLog":[],"task":"experiment","subjectId":"sdmn3vg6g8szxo5","trial_type":"external-html","trial_index":22,"time_elapsed":412267,"internal_node_id":"0.0-9.0-0.14"},{"rt":14131,"url":"../static/nodeGraphs_normal.html","edge":"5to8","edgeRT":"5193","skip":"false","flipped":"FALSE","index":"15","edgeClickLog":"[{\"edgeSelection\":\"5to8\",\"edgeRTMS\":5193}]","trial_id":"test_0","congruency":"I","trial_group":"15to20","condition":"normal","inference_edge":[],"inference_edgeClickLog":[],"task":"experiment","subjectId":"sdmn3vg6g8szxo5","trial_type":"external-html","trial_index":23,"time_elapsed":427083,"internal_node_id":"0.0-9.0-0.15"},{"rt":20282,"url":"../static/nodeGraphs_normal.html","edge":"4to7","edgeRT":"15167","skip":"false","flipped":"FALSE","index":"16","edgeClickLog":"[{\"edgeSelection\":\"4to7\",\"edgeRTMS\":15167}]","trial_id":"test_1","congruency":"I","trial_group":"15to20","condition":"normal","inference_edge":[],"inference_edgeClickLog":[],"task":"experiment","subjectId":"sdmn3vg6g8szxo5","trial_type":"external-html","trial_index":24,"time_elapsed":448074,"internal_node_id":"0.0-9.0-0.16"},{"rt":13137,"url":"../static/nodeGraphs_normal.html","edge":"0to3","edgeRT":"10714","skip":"false","flipped":"FALSE","index":"17","edgeClickLog":"[{\"edgeSelection\":\"0to3\",\"edgeRTMS\":10714}]","trial_id":"test_2","congruency":"I","trial_group":"15to20","condition":"normal","inference_edge":[],"inference_edgeClickLog":[],"task":"experiment","subjectId":"sdmn3vg6g8szxo5","trial_type":"external-html","trial_index":25,"time_elapsed":461886,"internal_node_id":"0.0-9.0-0.17"},{"rt":8873,"url":"../static/nodeGraphs_normal.html","edge":"5to9","edgeRT":"7627","skip":"false","flipped":"FALSE","index":"18","edgeClickLog":"[{\"edgeSelection\":\"6to8\",\"edgeRTMS\":6217},{\"edgeSelection\":\"5to9\",\"edgeRTMS\":7627}]","trial_id":"test_3","congruency":"I","trial_group":"15to20","condition":"normal","inference_edge":[],"inference_edgeClickLog":[],"task":"experiment","subjectId":"sdmn3vg6g8szxo5","trial_type":"external-html","trial_index":26,"time_elapsed":471449,"internal_node_id":"0.0-9.0-0.18"},{"rt":37901,"url":"../static/nodeGraphs_normal.html","edge":"2to6","edgeRT":"36585","skip":"false","flipped":"FALSE","index":"19","edgeClickLog":"[{\"edgeSelection\":\"2to6\",\"edgeRTMS\":36585}]","trial_id":"test_4","congruency":"I","trial_group":"15to20","condition":"normal","inference_edge":[],"inference_edgeClickLog":[],"task":"experiment","subjectId":"sdmn3vg6g8szxo5","trial_type":"external-html","trial_index":27,"time_elapsed":510036,"internal_node_id":"0.0-9.0-0.19"},{"rt":38457,"response":{"P0_Q0":null,"P0_Q1":3,"P0_Q2":7,"P0_Q3":6,"P0_Q4":3,"P0_Q5":1,"strategies":"Whatever path I could reveal that is based on their already taken path to improve their points","feedback":""},"accuracy":[],"trial_type":"survey","trial_index":28,"time_elapsed":549094,"internal_node_id":"0.0-10.0"},{"rt":2212,"stimulus":"<p>Thanks for your time!</p>        <p>We need to manually calculate your bonus pay, please give us up to 7 days.</p><p>Press any key to conclude.</p>","response":"f","task":"end","subjectId":"sdmn3vg6g8szxo5","trial_type":"html-keyboard-response","trial_index":29,"time_elapsed":551310,"internal_node_id":"0.0-11.0","interactions":"[{\"event\":\"fullscreenenter\",\"trial\":1,\"time\":2889}]"}]