[{"success":true,"timeout":false,"failed_images":[],"failed_audio":[],"failed_video":[],"trial_type":"preload","trial_index":0,"time_elapsed":16116,"internal_node_id":"0.0-0.0"},{"success":true,"trial_type":"fullscreen","trial_index":1,"time_elapsed":1819180,"internal_node_id":"0.0-1.0"},{"rt":1954,"stimulus":"Welcome to the experiment. Press any key to begin.","response":"enter","trial_type":"html-keyboard-response","trial_index":2,"time_elapsed":1821138,"internal_node_id":"0.0-2.0"},{"view_history":[{"page_index":0,"viewing_time":5479},{"page_index":1,"viewing_time":4065},{"page_index":2,"viewing_time":24359},{"page_index":3,"viewing_time":7233},{"page_index":4,"viewing_time":3007},{"page_index":5,"viewing_time":1927},{"page_index":6,"viewing_time":6287},{"page_index":7,"viewing_time":16869},{"page_index":8,"viewing_time":21153},{"page_index":9,"viewing_time":15010},{"page_index":10,"viewing_time":2593},{"page_index":11,"viewing_time":1675},{"page_index":12,"viewing_time":1318},{"page_index":13,"viewing_time":1692},{"page_index":14,"viewing_time":3401},{"page_index":15,"viewing_time":6959},{"page_index":16,"viewing_time":3054},{"page_index":17,"viewing_time":1135},{"page_index":18,"viewing_time":1263},{"page_index":19,"viewing_time":5323},{"page_index":20,"viewing_time":14417},{"page_index":21,"viewing_time":9460}],"rt":157681,"trial_type":"instructions","trial_index":3,"time_elapsed":1978821,"internal_node_id":"0.0-3.0"},{"rt":46666,"url":"../static/nodeGraphsTraining_normal.html","skip":[],"edgeClickLog":[],"inference_edge":[],"inference_edgeClickLog":[],"trial_type":"external-html","trial_index":4,"time_elapsed":2026211,"internal_node_id":"0.0-4.0"},{"rt":26308,"response":{"q1":"The goal is to help the student to get the most points","q2":"True","q3":"Possible paths you, as the teacher, can choose to teach the learner.","q4":"Paths that the student took before."},"question_order":[0,1,2,3],"trial_type":"survey-multi-choice","trial_index":5,"time_elapsed":2052533,"internal_node_id":"0.0-5.0"},{"rt":34839,"response":{"q1":"The goal is to help the student to get the most points","q2":"False","q3":"Possible paths you, as the teacher, can choose to teach the learner.","q4":"Paths that the student took before."},"question_order":[0,1,2,3],"trial_type":"survey-multi-choice","trial_index":6,"time_elapsed":2087381,"internal_node_id":"0.0-6.0-0.0"},{"rt":3840,"stimulus":"<p>You can take a 60 second break before starting the experiment.</p><br><br><p>This page will advance in 60 seconds or you can press any key to advance now.</p>","response":" ","trial_type":"html-keyboard-response","trial_index":7,"time_elapsed":2091226,"internal_node_id":"0.0-7.0"},{"view_history":[{"page_index":0,"viewing_time":12750}],"rt":12751,"trial_type":"instructions","trial_index":8,"time_elapsed":2103978,"internal_node_id":"0.0-8.0"},{"rt":13912,"url":"../static/nodeGraphs_normal.html","edge":"1to4","edgeRT":"6032","skip":"false","flipped":"FALSE","index":"0","edgeClickLog":"[{\"edgeSelection\":\"1to4\",\"edgeRTMS\":6032}]","trial_id":"cong_0","congruency":"C","trial_group":"1to5","condition":"normal","inference_edge":[],"inference_edgeClickLog":[],"task":"experiment","subjectId":"qc3j23hg3jujfm8","trial_type":"external-html","trial_index":9,"time_elapsed":2118421,"internal_node_id":"0.0-9.0-0.0"},{"rt":8128,"url":"../static/nodeGraphs_normal.html","edge":"2to6","edgeRT":"7238","skip":"false","flipped":"FALSE","index":"1","edgeClickLog":"[{\"edgeSelection\":\"2to6\",\"edgeRTMS\":7238}]","trial_id":"cong_1","congruency":"C","trial_group":"1to5","condition":"normal","inference_edge":[],"inference_edgeClickLog":[],"task":"experiment","subjectId":"qc3j23hg3jujfm8","trial_type":"external-html","trial_index":10,"time_elapsed":2127475,"internal_node_id":"0.0-9.0-0.1"},{"rt":6860,"url":"../static/nodeGraphs_normal.html","edge":"2to5","edgeRT":"4875","skip":"false","flipped":"FALSE","index":"2","edgeClickLog":"[{\"edgeSelection\":\"2to5\",\"edgeRTMS\":4875}]","trial_id":"cong_6","congruency":"C","trial_group":"1to5","condition":"normal","inference_edge":[],"inference_edgeClickLog":[],"task":"experiment","subjectId":"qc3j23hg3jujfm8","trial_type":"external-html","trial_index":11,"time_elapsed":2135294,"internal_node_id":"0.0-9.0-0.2"},{"rt":8946,"url":"../static/nodeGraphs_normal.html","edge":"2to4","edgeRT":"7573","skip":"false","flipped":"FALSE","index":"3","edgeClickLog":"[{\"edgeSelection\":\"2to4\",\"edgeRTMS\":7573}]","trial_id":"cong_4","congruency":"C","trial_group":"1to5","condition":"normal","inference_edge":[],"inference_edgeClickLog":[],"task":"experiment","subjectId":"qc3j23hg3jujfm8","trial_type":"external-html","trial_index":12,"time_elapsed":2145571,"internal_node_id":"0.0-9.0-0.3"},{"rt":4925,"url":"../static/nodeGraphs_normal.html","edge":"2to5","edgeRT":"4574","skip":"false","flipped":"FALSE","index":"4","edgeClickLog":"[{\"edgeSelection\":\"2to5\",\"edgeRTMS\":4574}]","trial_id":"cong_9","congruency":"C","trial_group":"1to5","condition":"normal","inference_edge":[],"inference_edgeClickLog":[],"task":"experiment","subjectId":"qc3j23hg3jujfm8","trial_type":"external-html","trial_index":13,"time_elapsed":2151516,"internal_node_id":"0.0-9.0-0.4"},{"rt":5015,"url":"../static/nodeGraphs_normal.html","edge":"3to6","edgeRT":"4690","skip":"false","flipped":"TRUE","index":"5","edgeClickLog":"[{\"edgeSelection\":\"3to6\",\"edgeRTMS\":4690}]","trial_id":"cong_0_flipped","congruency":"C","trial_group":"5to10","condition":"normal","inference_edge":[],"inference_edgeClickLog":[],"task":"experiment","subjectId":"qc3j23hg3jujfm8","trial_type":"external-html","trial_index":14,"time_elapsed":2157532,"internal_node_id":"0.0-9.0-0.5"},{"rt":4497,"url":"../static/nodeGraphs_normal.html","edge":"2to4","edgeRT":"4259","skip":"false","flipped":"TRUE","index":"6","edgeClickLog":"[{\"edgeSelection\":\"2to4\",\"edgeRTMS\":4259}]","trial_id":"cong_1_flipped","congruency":"C","trial_group":"5to10","condition":"normal","inference_edge":[],"inference_edgeClickLog":[],"task":"experiment","subjectId":"qc3j23hg3jujfm8","trial_type":"external-html","trial_index":15,"time_elapsed":2163087,"internal_node_id":"0.0-9.0-0.6"},{"rt":3560,"url":"../static/nodeGraphs_normal.html","edge":"2to5","edgeRT":"3244","skip":"false","flipped":"TRUE","index":"7","edgeClickLog":"[{\"edgeSelection\":\"2to5\",\"edgeRTMS\":3244}]","trial_id":"cong_6_flipped","congruency":"C","trial_group":"5to10","condition":"normal","inference_edge":[],"inference_edgeClickLog":[],"task":"experiment","subjectId":"qc3j23hg3jujfm8","trial_type":"external-html","trial_index":16,"time_elapsed":2167603,"internal_node_id":"0.0-9.0-0.7"},{"rt":3626,"url":"../static/nodeGraphs_normal.html","edge":"2to6","edgeRT":"3500","skip":"false","flipped":"TRUE","index":"8","edgeClickLog":"[{\"edgeSelection\":\"2to6\",\"edgeRTMS\":3500}]","trial_id":"cong_4_flipped","congruency":"C","trial_group":"5to10","condition":"normal","inference_edge":[],"inference_edgeClickLog":[],"task":"experiment","subjectId":"qc3j23hg3jujfm8","trial_type":"external-html","trial_index":17,"time_elapsed":2172400,"internal_node_id":"0.0-9.0-0.8"},{"rt":2887,"url":"../static/nodeGraphs_normal.html","edge":"2to5","edgeRT":"2784","skip":"false","flipped":"TRUE","index":"9","edgeClickLog":"[{\"edgeSelection\":\"2to5\",\"edgeRTMS\":2784}]","trial_id":"cong_9_flipped","congruency":"C","trial_group":"5to10","condition":"normal","inference_edge":[],"inference_edgeClickLog":[],"task":"experiment","subjectId":"qc3j23hg3jujfm8","trial_type":"external-html","trial_index":18,"time_elapsed":2176378,"internal_node_id":"0.0-9.0-0.9"},{"rt":4758,"url":"../static/nodeGraphs_normal.html","edge":"1to4","edgeRT":"3803","skip":"false","flipped":"FALSE","index":"10","edgeClickLog":"[{\"edgeSelection\":\"1to4\",\"edgeRTMS\":3803}]","trial_id":"cong_0","congruency":"C","trial_group":"10to15","condition":"normal","inference_edge":[],"inference_edgeClickLog":[],"task":"experiment","subjectId":"qc3j23hg3jujfm8","trial_type":"external-html","trial_index":19,"time_elapsed":2182040,"internal_node_id":"0.0-9.0-0.10"},{"rt":3324,"url":"../static/nodeGraphs_normal.html","edge":"2to6","edgeRT":"3036","skip":"false","flipped":"FALSE","index":"11","edgeClickLog":"[{\"edgeSelection\":\"2to6\",\"edgeRTMS\":3036}]","trial_id":"cong_1","congruency":"C","trial_group":"10to15","condition":"normal","inference_edge":[],"inference_edgeClickLog":[],"task":"experiment","subjectId":"qc3j23hg3jujfm8","trial_type":"external-html","trial_index":20,"time_elapsed":2186370,"internal_node_id":"0.0-9.0-0.11"},{"rt":3647,"url":"../static/nodeGraphs_normal.html","edge":"2to5","edgeRT":"3169","skip":"false","flipped":"FALSE","index":"12","edgeClickLog":"[{\"edgeSelection\":\"2to5\",\"edgeRTMS\":3169}]","trial_id":"cong_6","congruency":"C","trial_group":"10to15","condition":"normal","inference_edge":[],"inference_edgeClickLog":[],"task":"experiment","subjectId":"qc3j23hg3jujfm8","trial_type":"external-html","trial_index":21,"time_elapsed":2190890,"internal_node_id":"0.0-9.0-0.12"},{"rt":4316,"url":"../static/nodeGraphs_normal.html","edge":"2to4","edgeRT":"3475","skip":"false","flipped":"FALSE","index":"13","edgeClickLog":"[{\"edgeSelection\":\"2to4\",\"edgeRTMS\":3475}]","trial_id":"cong_4","congruency":"C","trial_group":"10to15","condition":"normal","inference_edge":[],"inference_edgeClickLog":[],"task":"experiment","subjectId":"qc3j23hg3jujfm8","trial_type":"external-html","trial_index":22,"time_elapsed":2196139,"internal_node_id":"0.0-9.0-0.13"},{"rt":3129,"url":"../static/nodeGraphs_normal.html","edge":"2to5","edgeRT":"2835","skip":"false","flipped":"FALSE","index":"14","edgeClickLog":"[{\"edgeSelection\":\"2to5\",\"edgeRTMS\":2835}]","trial_id":"cong_9","congruency":"C","trial_group":"10to15","condition":"normal","inference_edge":[],"inference_edgeClickLog":[],"task":"experiment","subjectId":"qc3j23hg3jujfm8","trial_type":"external-html","trial_index":23,"time_elapsed":2200246,"internal_node_id":"0.0-9.0-0.14"},{"rt":27127,"url":"../static/nodeGraphs_normal.html","edge":"5to8","edgeRT":"19824","skip":"false","flipped":"FALSE","index":"15","edgeClickLog":"[{\"edgeSelection\":\"5to8\",\"edgeRTMS\":19824}]","trial_id":"test_0","congruency":"I","trial_group":"15to20","condition":"normal","inference_edge":[],"inference_edgeClickLog":[],"task":"experiment","subjectId":"qc3j23hg3jujfm8","trial_type":"external-html","trial_index":24,"time_elapsed":2228256,"internal_node_id":"0.0-9.0-0.15"},{"rt":8856,"url":"../static/nodeGraphs_normal.html","edge":"0to3","edgeRT":"8450","skip":"false","flipped":"FALSE","index":"16","edgeClickLog":"[{\"edgeSelection\":\"0to3\",\"edgeRTMS\":8450}]","trial_id":"test_1","congruency":"I","trial_group":"15to20","condition":"normal","inference_edge":[],"inference_edgeClickLog":[],"task":"experiment","subjectId":"qc3j23hg3jujfm8","trial_type":"external-html","trial_index":25,"time_elapsed":2238251,"internal_node_id":"0.0-9.0-0.16"},{"rt":5834,"url":"../static/nodeGraphs_normal.html","edge":"0to3","edgeRT":"5253","skip":"false","flipped":"FALSE","index":"17","edgeClickLog":"[{\"edgeSelection\":\"0to3\",\"edgeRTMS\":5253}]","trial_id":"test_2","congruency":"I","trial_group":"15to20","condition":"normal","inference_edge":[],"inference_edgeClickLog":[],"task":"experiment","subjectId":"qc3j23hg3jujfm8","trial_type":"external-html","trial_index":26,"time_elapsed":2244970,"internal_node_id":"0.0-9.0-0.17"},{"rt":7502,"url":"../static/nodeGraphs_normal.html","edge":"0to1","edgeRT":"7208","skip":"false","flipped":"FALSE","index":"18","edgeClickLog":"[{\"edgeSelection\":\"0to1\",\"edgeRTMS\":7208}]","trial_id":"test_3","congruency":"I","trial_group":"15to20","condition":"normal","inference_edge":[],"inference_edgeClickLog":[],"task":"experiment","subjectId":"qc3j23hg3jujfm8","trial_type":"external-html","trial_index":27,"time_elapsed":2253485,"internal_node_id":"0.0-9.0-0.18"},{"rt":29122,"url":"../static/nodeGraphs_normal.html","edge":"1to5","edgeRT":"22945","skip":"false","flipped":"FALSE","index":"19","edgeClickLog":"[{\"edgeSelection\":\"4to7\",\"edgeRTMS\":9115},{\"edgeSelection\":\"2to6\",\"edgeRTMS\":11909},{\"edgeSelection\":\"1to5\",\"edgeRTMS\":22945}]","trial_id":"test_4","congruency":"I","trial_group":"15to20","condition":"normal","inference_edge":[],"inference_edgeClickLog":[],"task":"experiment","subjectId":"qc3j23hg3jujfm8","trial_type":"external-html","trial_index":28,"time_elapsed":2283608,"internal_node_id":"0.0-9.0-0.19"},{"rt":43542,"response":{"P0_Q0":null,"P0_Q1":2,"P0_Q2":6,"P0_Q3":7,"P0_Q4":6,"P0_Q5":2,"strategies":"I selected a path that led to the highest point from a spot the student is already aware of","feedback":"No please"},"accuracy":[],"trial_type":"survey","trial_index":29,"time_elapsed":2327779,"internal_node_id":"0.0-10.0"},{"rt":4129,"stimulus":"<p>Thanks for your time!</p>        <p>We need to manually calculate your bonus pay, please give us up to 7 days.</p><p>Press any key to conclude.</p>","response":" ","task":"end","subjectId":"qc3j23hg3jujfm8","trial_type":"html-keyboard-response","trial_index":30,"time_elapsed":2331912,"internal_node_id":"0.0-11.0","interactions":"[{\"event\":\"focus\",\"trial\":1,\"time\":809451},{\"event\":\"blur\",\"trial\":1,\"time\":809453},{\"event\":\"focus\",\"trial\":1,\"time\":1816731},{\"event\":\"fullscreenenter\",\"trial\":1,\"time\":1818230}]"}]