[{"success":true,"timeout":false,"failed_images":[],"failed_audio":[],"failed_video":[],"trial_type":"preload","trial_index":0,"time_elapsed":386,"internal_node_id":"0.0-0.0"},{"success":true,"trial_type":"fullscreen","trial_index":1,"time_elapsed":3903,"internal_node_id":"0.0-1.0"},{"rt":6168,"stimulus":"Welcome to the experiment. Press any key to begin.","response":"d","trial_type":"html-keyboard-response","trial_index":2,"time_elapsed":10072,"internal_node_id":"0.0-2.0"},{"view_history":[{"page_index":0,"viewing_time":5246},{"page_index":1,"viewing_time":4691},{"page_index":2,"viewing_time":24202},{"page_index":3,"viewing_time":8189},{"page_index":4,"viewing_time":5002},{"page_index":5,"viewing_time":1084},{"page_index":6,"viewing_time":2062},{"page_index":7,"viewing_time":8664},{"page_index":8,"viewing_time":15039},{"page_index":9,"viewing_time":11327},{"page_index":10,"viewing_time":5161},{"page_index":11,"viewing_time":1115},{"page_index":12,"viewing_time":740},{"page_index":13,"viewing_time":2170},{"page_index":14,"viewing_time":3920},{"page_index":15,"viewing_time":7436},{"page_index":16,"viewing_time":1498},{"page_index":17,"viewing_time":696},{"page_index":18,"viewing_time":983},{"page_index":19,"viewing_time":4745},{"page_index":20,"viewing_time":5847},{"page_index":21,"viewing_time":5719}],"rt":125535,"trial_type":"instructions","trial_index":3,"time_elapsed":135609,"internal_node_id":"0.0-3.0"},{"rt":73980,"url":"../static/nodeGraphsTraining_normal.html","skip":[],"edgeClickLog":[],"inference_edge":[],"inference_edgeClickLog":[],"trial_type":"external-html","trial_index":4,"time_elapsed":209762,"internal_node_id":"0.0-4.0"},{"rt":71710,"response":{"q1":"The goal is to help the student to get the most points","q2":"True","q3":"Possible paths you, as the teacher, can choose to teach the learner.","q4":"Paths that the student took before."},"question_order":[0,1,2,3],"trial_type":"survey-multi-choice","trial_index":5,"time_elapsed":281474,"internal_node_id":"0.0-5.0"},{"rt":53760,"response":{"q1":"The goal is to help the student to get the most points","q2":"False","q3":"Possible paths you, as the teacher, can choose to teach the learner.","q4":"Paths that the student took before."},"question_order":[0,1,2,3],"trial_type":"survey-multi-choice","trial_index":6,"time_elapsed":335237,"internal_node_id":"0.0-6.0-0.0"},{"rt":12245,"stimulus":"<p>You can take a 60 second break before starting the experiment.</p><br><br><p>This page will advance in 60 seconds or you can press any key to advance now.</p>","response":"j","trial_type":"html-keyboard-response","trial_index":7,"time_elapsed":347485,"internal_node_id":"0.0-7.0"},{"view_history":[{"page_index":0,"viewing_time":24357}],"rt":24358,"trial_type":"instructions","trial_index":8,"time_elapsed":371843,"internal_node_id":"0.0-8.0"},{"rt":19961,"url":"../static/nodeGraphs_normal.html","edge":"4to8","edgeRT":"14733","skip":"false","flipped":"FALSE","index":"0","edgeClickLog":"[{\"edgeSelection\":\"0to2\",\"edgeRTMS\":5093},{\"edgeSelection\":\"2to4\",\"edgeRTMS\":7173},{\"edgeSelection\":\"4to8\",\"edgeRTMS\":8280},{\"edgeSelection\":\"0to2\",\"edgeRTMS\":12144},{\"edgeSelection\":\"2to4\",\"edgeRTMS\":13423},{\"edgeSelection\":\"4to8\",\"edgeRTMS\":14733}]","trial_id":"incong_0","congruency":"I","trial_group":"1to5","condition":"normal","inference_edge":[],"inference_edgeClickLog":[],"task":"experiment","subjectId":"4qdvx2efvde6azh","trial_type":"external-html","trial_index":9,"time_elapsed":392214,"internal_node_id":"0.0-9.0-0.0"},{"rt":13275,"url":"../static/nodeGraphs_normal.html","edge":"4to7","edgeRT":"12398","skip":"false","flipped":"FALSE","index":"1","edgeClickLog":"[{\"edgeSelection\":\"0to2\",\"edgeRTMS\":7745},{\"edgeSelection\":\"2to4\",\"edgeRTMS\":9082},{\"edgeSelection\":\"4to7\",\"edgeRTMS\":12398}]","trial_id":"incong_5","congruency":"I","trial_group":"1to5","condition":"normal","inference_edge":[],"inference_edgeClickLog":[],"task":"experiment","subjectId":"4qdvx2efvde6azh","trial_type":"external-html","trial_index":10,"time_elapsed":406129,"internal_node_id":"0.0-9.0-0.1"},{"rt":8865,"url":"../static/nodeGraphs_normal.html","edge":"6to8","edgeRT":"8466","skip":"false","flipped":"FALSE","index":"2","edgeClickLog":"[{\"edgeSelection\":\"0to2\",\"edgeRTMS\":4085},{\"edgeSelection\":\"2to6\",\"edgeRTMS\":6631},{\"edgeSelection\":\"6to8\",\"edgeRTMS\":8466}]","trial_id":"incong_3","congruency":"I","trial_group":"1to5","condition":"normal","inference_edge":[],"inference_edgeClickLog":[],"task":"experiment","subjectId":"4qdvx2efvde6azh","trial_type":"external-html","trial_index":11,"time_elapsed":415636,"internal_node_id":"0.0-9.0-0.2"},{"rt":8557,"url":"../static/nodeGraphs_normal.html","edge":"4to8","edgeRT":"7246","skip":"false","flipped":"FALSE","index":"3","edgeClickLog":"[{\"edgeSelection\":\"0to2\",\"edgeRTMS\":3950},{\"edgeSelection\":\"2to4\",\"edgeRTMS\":5436},{\"edgeSelection\":\"4to8\",\"edgeRTMS\":7246}]","trial_id":"incong_10","congruency":"I","trial_group":"1to5","condition":"normal","inference_edge":[],"inference_edgeClickLog":[],"task":"experiment","subjectId":"4qdvx2efvde6azh","trial_type":"external-html","trial_index":12,"time_elapsed":424843,"internal_node_id":"0.0-9.0-0.3"},{"rt":8520,"url":"../static/nodeGraphs_normal.html","edge":"4to8","edgeRT":"7849","skip":"false","flipped":"FALSE","index":"4","edgeClickLog":"[{\"edgeSelection\":\"0to1\",\"edgeRTMS\":4442},{\"edgeSelection\":\"1to4\",\"edgeRTMS\":6018},{\"edgeSelection\":\"4to8\",\"edgeRTMS\":7849}]","trial_id":"incong_2","congruency":"I","trial_group":"1to5","condition":"normal","inference_edge":[],"inference_edgeClickLog":[],"task":"experiment","subjectId":"4qdvx2efvde6azh","trial_type":"external-html","trial_index":13,"time_elapsed":434046,"internal_node_id":"0.0-9.0-0.4"},{"rt":15279,"url":"../static/nodeGraphs_normal.html","edge":"6to8","edgeRT":"14489","skip":"false","flipped":"TRUE","index":"5","edgeClickLog":"[{\"edgeSelection\":\"0to3\",\"edgeRTMS\":3490},{\"edgeSelection\":\"3to6\",\"edgeRTMS\":5177},{\"edgeSelection\":\"0to3\",\"edgeRTMS\":11394},{\"edgeSelection\":\"3to6\",\"edgeRTMS\":12930},{\"edgeSelection\":\"6to8\",\"edgeRTMS\":14489}]","trial_id":"incong_0_flipped","congruency":"I","trial_group":"5to10","condition":"normal","inference_edge":[],"inference_edgeClickLog":[],"task":"experiment","subjectId":"4qdvx2efvde6azh","trial_type":"external-html","trial_index":14,"time_elapsed":449991,"internal_node_id":"0.0-9.0-0.5"},{"rt":7173,"url":"../static/nodeGraphs_normal.html","edge":"4to8","edgeRT":"6605","skip":"false","flipped":"TRUE","index":"6","edgeClickLog":"[{\"edgeSelection\":\"1to4\",\"edgeRTMS\":4363},{\"edgeSelection\":\"4to8\",\"edgeRTMS\":6605}]","trial_id":"incong_5_flipped","congruency":"I","trial_group":"5to10","condition":"normal","inference_edge":[],"inference_edgeClickLog":[],"task":"experiment","subjectId":"4qdvx2efvde6azh","trial_type":"external-html","trial_index":15,"time_elapsed":457794,"internal_node_id":"0.0-9.0-0.6"},{"rt":20479,"url":"../static/nodeGraphs_normal.html","edge":"4to8","edgeRT":"19852","skip":"false","flipped":"TRUE","index":"7","edgeClickLog":"[{\"edgeSelection\":\"0to2\",\"edgeRTMS\":3420},{\"edgeSelection\":\"2to4\",\"edgeRTMS\":5962},{\"edgeSelection\":\"4to8\",\"edgeRTMS\":7724},{\"edgeSelection\":\"2to6\",\"edgeRTMS\":13655},{\"edgeSelection\":\"6to9\",\"edgeRTMS\":15155},{\"edgeSelection\":\"2to4\",\"edgeRTMS\":17923},{\"edgeSelection\":\"4to8\",\"edgeRTMS\":19852}]","trial_id":"incong_3_flipped","congruency":"I","trial_group":"5to10","condition":"normal","inference_edge":[],"inference_edgeClickLog":[],"task":"experiment","subjectId":"4qdvx2efvde6azh","trial_type":"external-html","trial_index":16,"time_elapsed":478938,"internal_node_id":"0.0-9.0-0.7"},{"rt":8778,"url":"../static/nodeGraphs_normal.html","edge":"6to8","edgeRT":"8432","skip":"false","flipped":"TRUE","index":"8","edgeClickLog":"[{\"edgeSelection\":\"0to2\",\"edgeRTMS\":4412},{\"edgeSelection\":\"2to6\",\"edgeRTMS\":6892},{\"edgeSelection\":\"6to8\",\"edgeRTMS\":8432}]","trial_id":"incong_10_flipped","congruency":"I","trial_group":"5to10","condition":"normal","inference_edge":[],"inference_edgeClickLog":[],"task":"experiment","subjectId":"4qdvx2efvde6azh","trial_type":"external-html","trial_index":17,"time_elapsed":488350,"internal_node_id":"0.0-9.0-0.8"},{"rt":5887,"url":"../static/nodeGraphs_normal.html","edge":"6to8","edgeRT":"5687","skip":"false","flipped":"TRUE","index":"9","edgeClickLog":"[{\"edgeSelection\":\"2to6\",\"edgeRTMS\":4428},{\"edgeSelection\":\"6to8\",\"edgeRTMS\":5687}]","trial_id":"incong_2_flipped","congruency":"I","trial_group":"5to10","condition":"normal","inference_edge":[],"inference_edgeClickLog":[],"task":"experiment","subjectId":"4qdvx2efvde6azh","trial_type":"external-html","trial_index":18,"time_elapsed":494898,"internal_node_id":"0.0-9.0-0.9"},{"rt":7542,"url":"../static/nodeGraphs_normal.html","edge":"4to8","edgeRT":"7123","skip":"false","flipped":"FALSE","index":"10","edgeClickLog":"[{\"edgeSelection\":\"0to2\",\"edgeRTMS\":2670},{\"edgeSelection\":\"0to1\",\"edgeRTMS\":3984},{\"edgeSelection\":\"1to4\",\"edgeRTMS\":5827},{\"edgeSelection\":\"4to8\",\"edgeRTMS\":7123}]","trial_id":"incong_0","congruency":"I","trial_group":"10to15","condition":"normal","inference_edge":[],"inference_edgeClickLog":[],"task":"experiment","subjectId":"4qdvx2efvde6azh","trial_type":"external-html","trial_index":19,"time_elapsed":503132,"internal_node_id":"0.0-9.0-0.10"},{"rt":9034,"url":"../static/nodeGraphs_normal.html","edge":"4to8","edgeRT":"8840","skip":"false","flipped":"FALSE","index":"11","edgeClickLog":"[{\"edgeSelection\":\"0to2\",\"edgeRTMS\":3124},{\"edgeSelection\":\"2to4\",\"edgeRTMS\":4313},{\"edgeSelection\":\"4to8\",\"edgeRTMS\":8840}]","trial_id":"incong_5","congruency":"I","trial_group":"10to15","condition":"normal","inference_edge":[],"inference_edgeClickLog":[],"task":"experiment","subjectId":"4qdvx2efvde6azh","trial_type":"external-html","trial_index":20,"time_elapsed":512801,"internal_node_id":"0.0-9.0-0.11"},{"rt":9785,"url":"../static/nodeGraphs_normal.html","edge":"4to7","edgeRT":"9284","skip":"false","flipped":"FALSE","index":"12","edgeClickLog":"[{\"edgeSelection\":\"0to2\",\"edgeRTMS\":2350},{\"edgeSelection\":\"2to6\",\"edgeRTMS\":3657},{\"edgeSelection\":\"2to4\",\"edgeRTMS\":7879},{\"edgeSelection\":\"4to7\",\"edgeRTMS\":9284}]","trial_id":"incong_3","congruency":"I","trial_group":"10to15","condition":"normal","inference_edge":[],"inference_edgeClickLog":[],"task":"experiment","subjectId":"4qdvx2efvde6azh","trial_type":"external-html","trial_index":21,"time_elapsed":523236,"internal_node_id":"0.0-9.0-0.12"},{"rt":6135,"url":"../static/nodeGraphs_normal.html","edge":"4to8","edgeRT":"5678","skip":"false","flipped":"FALSE","index":"13","edgeClickLog":"[{\"edgeSelection\":\"0to2\",\"edgeRTMS\":2951},{\"edgeSelection\":\"2to4\",\"edgeRTMS\":4181},{\"edgeSelection\":\"4to8\",\"edgeRTMS\":5678}]","trial_id":"incong_10","congruency":"I","trial_group":"10to15","condition":"normal","inference_edge":[],"inference_edgeClickLog":[],"task":"experiment","subjectId":"4qdvx2efvde6azh","trial_type":"external-html","trial_index":22,"time_elapsed":530026,"internal_node_id":"0.0-9.0-0.13"},{"rt":7846,"url":"../static/nodeGraphs_normal.html","edge":"4to8","edgeRT":"7449","skip":"false","flipped":"FALSE","index":"14","edgeClickLog":"[{\"edgeSelection\":\"0to1\",\"edgeRTMS\":4287},{\"edgeSelection\":\"1to4\",\"edgeRTMS\":5943},{\"edgeSelection\":\"4to8\",\"edgeRTMS\":7449}]","trial_id":"incong_2","congruency":"I","trial_group":"10to15","condition":"normal","inference_edge":[],"inference_edgeClickLog":[],"task":"experiment","subjectId":"4qdvx2efvde6azh","trial_type":"external-html","trial_index":23,"time_elapsed":538571,"internal_node_id":"0.0-9.0-0.14"},{"rt":11135,"url":"../static/nodeGraphs_normal.html","edge":"6to8","edgeRT":"4858","skip":"false","flipped":"FALSE","index":"15","edgeClickLog":"[{\"edgeSelection\":\"0to2\",\"edgeRTMS\":2172},{\"edgeSelection\":\"2to6\",\"edgeRTMS\":3306},{\"edgeSelection\":\"6to8\",\"edgeRTMS\":4858}]","trial_id":"test_0","congruency":"I","trial_group":"15to20","condition":"normal","inference_edge":[],"inference_edgeClickLog":[],"task":"experiment","subjectId":"4qdvx2efvde6azh","trial_type":"external-html","trial_index":24,"time_elapsed":550364,"internal_node_id":"0.0-9.0-0.15"},{"rt":12926,"url":"../static/nodeGraphs_normal.html","edge":"6to9","edgeRT":"12756","skip":"false","flipped":"FALSE","index":"16","edgeClickLog":"[{\"edgeSelection\":\"0to2\",\"edgeRTMS\":2610},{\"edgeSelection\":\"2to6\",\"edgeRTMS\":5328},{\"edgeSelection\":\"0to3\",\"edgeRTMS\":7873},{\"edgeSelection\":\"3to6\",\"edgeRTMS\":9526},{\"edgeSelection\":\"6to9\",\"edgeRTMS\":12756}]","trial_id":"test_1","congruency":"I","trial_group":"15to20","condition":"normal","inference_edge":[],"inference_edgeClickLog":[],"task":"experiment","subjectId":"4qdvx2efvde6azh","trial_type":"external-html","trial_index":25,"time_elapsed":563959,"internal_node_id":"0.0-9.0-0.16"},{"rt":8126,"url":"../static/nodeGraphs_normal.html","edge":"6to8","edgeRT":"7551","skip":"false","flipped":"FALSE","index":"17","edgeClickLog":"[{\"edgeSelection\":\"0to3\",\"edgeRTMS\":3318},{\"edgeSelection\":\"3to6\",\"edgeRTMS\":4570},{\"edgeSelection\":\"6to8\",\"edgeRTMS\":5870},{\"edgeSelection\":\"6to8\",\"edgeRTMS\":7551}]","trial_id":"test_2","congruency":"I","trial_group":"15to20","condition":"normal","inference_edge":[],"inference_edgeClickLog":[],"task":"experiment","subjectId":"4qdvx2efvde6azh","trial_type":"external-html","trial_index":26,"time_elapsed":572740,"internal_node_id":"0.0-9.0-0.17"},{"rt":6764,"url":"../static/nodeGraphs_normal.html","edge":"5to7","edgeRT":"6222","skip":"false","flipped":"FALSE","index":"18","edgeClickLog":"[{\"edgeSelection\":\"0to1\",\"edgeRTMS\":2793},{\"edgeSelection\":\"1to5\",\"edgeRTMS\":4381},{\"edgeSelection\":\"5to7\",\"edgeRTMS\":6222}]","trial_id":"test_3","congruency":"I","trial_group":"15to20","condition":"normal","inference_edge":[],"inference_edgeClickLog":[],"task":"experiment","subjectId":"4qdvx2efvde6azh","trial_type":"external-html","trial_index":27,"time_elapsed":580143,"internal_node_id":"0.0-9.0-0.18"},{"rt":12274,"url":"../static/nodeGraphs_normal.html","edge":"5to9","edgeRT":"11781","skip":"false","flipped":"FALSE","index":"19","edgeClickLog":"[{\"edgeSelection\":\"0to3\",\"edgeRTMS\":3606},{\"edgeSelection\":\"0to3\",\"edgeRTMS\":4372},{\"edgeSelection\":\"3to6\",\"edgeRTMS\":5499},{\"edgeSelection\":\"0to1\",\"edgeRTMS\":9050},{\"edgeSelection\":\"1to5\",\"edgeRTMS\":10010},{\"edgeSelection\":\"5to9\",\"edgeRTMS\":11781}]","trial_id":"test_4","congruency":"I","trial_group":"15to20","condition":"normal","inference_edge":[],"inference_edgeClickLog":[],"task":"experiment","subjectId":"4qdvx2efvde6azh","trial_type":"external-html","trial_index":28,"time_elapsed":593089,"internal_node_id":"0.0-9.0-0.19"},{"rt":57786,"response":{"P0_Q0":null,"P0_Q1":2,"P0_Q2":5,"P0_Q3":7,"P0_Q4":null,"P0_Q5":5,"strategies":"looking at the highest numbers connected","feedback":"The path the teacher takes should remain highlighted."},"accuracy":[],"trial_type":"survey","trial_index":29,"time_elapsed":651433,"internal_node_id":"0.0-10.0"},{"rt":14978,"stimulus":"<p>Thanks for your time!</p>        <p>We need to manually calculate your bonus pay, please give us up to 7 days.</p><p>Press any key to conclude.</p>","response":"j","task":"end","subjectId":"4qdvx2efvde6azh","trial_type":"html-keyboard-response","trial_index":30,"time_elapsed":666414,"internal_node_id":"0.0-11.0","interactions":"[{\"event\":\"fullscreenenter\",\"trial\":1,\"time\":2915},{\"event\":\"blur\",\"trial\":4,\"time\":146549},{\"event\":\"focus\",\"trial\":4,\"time\":146549},{\"event\":\"fullscreenexit\",\"trial\":4,\"time\":146559},{\"event\":\"blur\",\"trial\":4,\"time\":153612},{\"event\":\"focus\",\"trial\":4,\"time\":153612},{\"event\":\"blur\",\"trial\":9,\"time\":390616},{\"event\":\"focus\",\"trial\":9,\"time\":390616},{\"event\":\"blur\",\"trial\":14,\"time\":444070},{\"event\":\"focus\",\"trial\":14,\"time\":444070},{\"event\":\"blur\",\"trial\":30,\"time\":665221},{\"event\":\"focus\",\"trial\":30,\"time\":665228}]"}]