[{"success":true,"timeout":false,"failed_images":[],"failed_audio":[],"failed_video":[],"trial_type":"preload","trial_index":0,"time_elapsed":1038,"internal_node_id":"0.0-0.0"},{"success":true,"trial_type":"fullscreen","trial_index":1,"time_elapsed":4510,"internal_node_id":"0.0-1.0"},{"rt":2297,"stimulus":"Welcome to the experiment. Press any key to begin.","response":" ","trial_type":"html-keyboard-response","trial_index":2,"time_elapsed":6810,"internal_node_id":"0.0-2.0"},{"view_history":[{"page_index":0,"viewing_time":2368},{"page_index":1,"viewing_time":2337},{"page_index":2,"viewing_time":50566},{"page_index":3,"viewing_time":18849},{"page_index":4,"viewing_time":1400},{"page_index":5,"viewing_time":1366},{"page_index":6,"viewing_time":6610},{"page_index":7,"viewing_time":7046},{"page_index":8,"viewing_time":64870},{"page_index":9,"viewing_time":10971},{"page_index":10,"viewing_time":15578},{"page_index":11,"viewing_time":3504},{"page_index":12,"viewing_time":1108},{"page_index":13,"viewing_time":1760},{"page_index":14,"viewing_time":1825},{"page_index":15,"viewing_time":4329},{"page_index":16,"viewing_time":1545},{"page_index":17,"viewing_time":1036},{"page_index":18,"viewing_time":1018},{"page_index":19,"viewing_time":3537},{"page_index":20,"viewing_time":3296},{"page_index":21,"viewing_time":2752}],"rt":207672,"trial_type":"instructions","trial_index":3,"time_elapsed":214483,"internal_node_id":"0.0-3.0"},{"rt":116076,"url":"../static/nodeGraphsTraining_distractor.html","skip":[],"edgeClickLog":[],"inference_edge":[],"inference_edgeClickLog":[],"trial_type":"external-html","trial_index":4,"time_elapsed":330907,"internal_node_id":"0.0-4.0"},{"rt":28656,"response":{"q1":"The goal is to help the student to get the most points.","q2":"False","q3":"Possible edges you, as the teacher, can choose to teach the learner.","q4":"Edges that the student took before."},"question_order":[0,1,2,3],"trial_type":"survey-multi-choice","trial_index":5,"time_elapsed":359571,"internal_node_id":"0.0-5.0"},{"rt":15182,"stimulus":"<p>You can take a 60 second break before starting the experiment.</p><br><br><p>This page will advance in 60 seconds or you can press any key to advance now.</p>","response":" ","trial_type":"html-keyboard-response","trial_index":6,"time_elapsed":374758,"internal_node_id":"0.0-7.0"},{"view_history":[{"page_index":0,"viewing_time":15956}],"rt":15957,"trial_type":"instructions","trial_index":7,"time_elapsed":390717,"internal_node_id":"0.0-8.0"},{"rt":26581,"url":"../static/nodeGraphs_distractor.html","edge":"1to4","edgeRT":"11249","skip":"false","flipped":"FALSE","index":"0","edgeClickLog":"[{\"edgeSelection\":\"1to4\",\"edgeRTMS\":11249}]","trial_id":"incong_0","congruency":"I","trial_group":"1to5","condition":"distractor","inference_edge":"2to4,4to8,2to5","inference_edgeClickLog":"[{\"edgeSelection\":\"2to4\",\"edgeRTMS\":6007},{\"edgeSelection\":\"4to8\",\"edgeRTMS\":9309},{\"edgeSelection\":\"2to5\",\"edgeRTMS\":12227}]","inference_edgeRT":"12227","inference_edge_last":"2to5","task":"experiment","subjectId":"k074a3kes81yjvo","trial_type":"external-html","trial_index":8,"time_elapsed":417687,"internal_node_id":"0.0-9.0-0.0"},{"rt":18982,"url":"../static/nodeGraphs_distractor.html","edge":"4to8","edgeRT":"4752","skip":"false","flipped":"FALSE","index":"1","edgeClickLog":"[{\"edgeSelection\":\"4to8\",\"edgeRTMS\":4752}]","trial_id":"incong_5","congruency":"I","trial_group":"1to5","condition":"distractor","inference_edge":"2to4,6to8,4to7","inference_edgeClickLog":"[{\"edgeSelection\":\"2to4\",\"edgeRTMS\":5773},{\"edgeSelection\":\"6to8\",\"edgeRTMS\":7583},{\"edgeSelection\":\"4to7\",\"edgeRTMS\":11314}]","inference_edgeRT":"11314","inference_edge_last":"4to7","task":"experiment","subjectId":"k074a3kes81yjvo","trial_type":"external-html","trial_index":9,"time_elapsed":437630,"internal_node_id":"0.0-9.0-0.1"},{"rt":24178,"url":"../static/nodeGraphs_distractor.html","edge":"5to7","edgeRT":"2995","skip":"false","flipped":"FALSE","index":"2","edgeClickLog":"[{\"edgeSelection\":\"5to7\",\"edgeRTMS\":2995}]","trial_id":"incong_3","congruency":"I","trial_group":"1to5","condition":"distractor","inference_edge":"2to6,2to4,4to7","inference_edgeClickLog":"[{\"edgeSelection\":\"2to6\",\"edgeRTMS\":11184},{\"edgeSelection\":\"2to4\",\"edgeRTMS\":4516},{\"edgeSelection\":\"4to7\",\"edgeRTMS\":6417}]","inference_edgeRT":"6417","inference_edge_last":"4to7","task":"experiment","subjectId":"k074a3kes81yjvo","trial_type":"external-html","trial_index":10,"time_elapsed":462812,"internal_node_id":"0.0-9.0-0.2"},{"rt":17960,"url":"../static/nodeGraphs_distractor.html","edge":"6to8","edgeRT":"4145","skip":"false","flipped":"FALSE","index":"3","edgeClickLog":"[{\"edgeSelection\":\"6to8\",\"edgeRTMS\":4145}]","trial_id":"incong_10","congruency":"I","trial_group":"1to5","condition":"distractor","inference_edge":"4to8,6to8,2to4","inference_edgeClickLog":"[{\"edgeSelection\":\"4to8\",\"edgeRTMS\":5134},{\"edgeSelection\":\"6to8\",\"edgeRTMS\":7073},{\"edgeSelection\":\"2to5\",\"edgeRTMS\":8621},{\"edgeSelection\":\"2to5\",\"edgeRTMS\":9450},{\"edgeSelection\":\"2to4\",\"edgeRTMS\":11009}]","inference_edgeRT":"11009","inference_edge_last":"2to4","task":"experiment","subjectId":"k074a3kes81yjvo","trial_type":"external-html","trial_index":11,"time_elapsed":481766,"internal_node_id":"0.0-9.0-0.3"},{"rt":13872,"url":"../static/nodeGraphs_distractor.html","edge":"4to8","edgeRT":"5236","skip":"false","flipped":"FALSE","index":"4","edgeClickLog":"[{\"edgeSelection\":\"4to7\",\"edgeRTMS\":2661},{\"edgeSelection\":\"5to7\",\"edgeRTMS\":4137},{\"edgeSelection\":\"4to8\",\"edgeRTMS\":5236}]","trial_id":"incong_2","congruency":"I","trial_group":"1to5","condition":"distractor","inference_edge":"6to8,4to8,2to4","inference_edgeClickLog":"[{\"edgeSelection\":\"6to8\",\"edgeRTMS\":3974},{\"edgeSelection\":\"4to8\",\"edgeRTMS\":4910},{\"edgeSelection\":\"2to4\",\"edgeRTMS\":6670}]","inference_edgeRT":"6670","inference_edge_last":"2to4","task":"experiment","subjectId":"k074a3kes81yjvo","trial_type":"external-html","trial_index":12,"time_elapsed":496621,"internal_node_id":"0.0-9.0-0.4"},{"rt":19154,"url":"../static/nodeGraphs_distractor.html","edge":"4to8","edgeRT":"4526","skip":"false","flipped":"TRUE","index":"5","edgeClickLog":"[{\"edgeSelection\":\"4to8\",\"edgeRTMS\":4526}]","trial_id":"incong_0_flipped","congruency":"I","trial_group":"5to10","condition":"distractor","inference_edge":"6to8,6to9,2to6","inference_edgeClickLog":"[{\"edgeSelection\":\"6to8\",\"edgeRTMS\":5942},{\"edgeSelection\":\"6to9\",\"edgeRTMS\":7343},{\"edgeSelection\":\"2to6\",\"edgeRTMS\":10644}]","inference_edgeRT":"10644","inference_edge_last":"2to6","task":"experiment","subjectId":"k074a3kes81yjvo","trial_type":"external-html","trial_index":13,"time_elapsed":516665,"internal_node_id":"0.0-9.0-0.5"},{"rt":22096,"url":"../static/nodeGraphs_distractor.html","edge":"6to9","edgeRT":"2569","skip":"false","flipped":"TRUE","index":"6","edgeClickLog":"[{\"edgeSelection\":\"6to9\",\"edgeRTMS\":2569}]","trial_id":"incong_5_flipped","congruency":"I","trial_group":"5to10","condition":"distractor","inference_edge":"3to6,6to8,4to8","inference_edgeClickLog":"[{\"edgeSelection\":\"3to6\",\"edgeRTMS\":15248},{\"edgeSelection\":\"6to8\",\"edgeRTMS\":16870},{\"edgeSelection\":\"4to8\",\"edgeRTMS\":17889}]","inference_edgeRT":"17889","inference_edge_last":"4to8","task":"experiment","subjectId":"k074a3kes81yjvo","trial_type":"external-html","trial_index":14,"time_elapsed":539658,"internal_node_id":"0.0-9.0-0.6"},{"rt":12390,"url":"../static/nodeGraphs_distractor.html","edge":"4to8","edgeRT":"2688","skip":"false","flipped":"TRUE","index":"7","edgeClickLog":"[{\"edgeSelection\":\"4to8\",\"edgeRTMS\":2688}]","trial_id":"incong_3_flipped","congruency":"I","trial_group":"5to10","condition":"distractor","inference_edge":"2to4,4to8,2to5","inference_edgeClickLog":"[{\"edgeSelection\":\"2to4\",\"edgeRTMS\":3968},{\"edgeSelection\":\"4to8\",\"edgeRTMS\":5505},{\"edgeSelection\":\"2to5\",\"edgeRTMS\":6819}]","inference_edgeRT":"6819","inference_edge_last":"2to5","task":"experiment","subjectId":"k074a3kes81yjvo","trial_type":"external-html","trial_index":15,"time_elapsed":552995,"internal_node_id":"0.0-9.0-0.7"},{"rt":16284,"url":"../static/nodeGraphs_distractor.html","edge":"6to8","edgeRT":"3006","skip":"false","flipped":"TRUE","index":"8","edgeClickLog":"[{\"edgeSelection\":\"6to8\",\"edgeRTMS\":3006}]","trial_id":"incong_10_flipped","congruency":"I","trial_group":"5to10","condition":"distractor","inference_edge":"2to6,6to8,4to8","inference_edgeClickLog":"[{\"edgeSelection\":\"2to6\",\"edgeRTMS\":9558},{\"edgeSelection\":\"6to8\",\"edgeRTMS\":10455},{\"edgeSelection\":\"4to8\",\"edgeRTMS\":11520}]","inference_edgeRT":"11520","inference_edge_last":"4to8","task":"experiment","subjectId":"k074a3kes81yjvo","trial_type":"external-html","trial_index":16,"time_elapsed":570196,"internal_node_id":"0.0-9.0-0.8"},{"rt":8946,"url":"../static/nodeGraphs_distractor.html","edge":"6to8","edgeRT":"2627","skip":"false","flipped":"TRUE","index":"9","edgeClickLog":"[{\"edgeSelection\":\"6to8\",\"edgeRTMS\":2627}]","trial_id":"incong_2_flipped","congruency":"I","trial_group":"5to10","condition":"distractor","inference_edge":"2to6,6to8,4to8","inference_edgeClickLog":"[{\"edgeSelection\":\"2to6\",\"edgeRTMS\":3392},{\"edgeSelection\":\"6to8\",\"edgeRTMS\":4471},{\"edgeSelection\":\"4to8\",\"edgeRTMS\":5433}]","inference_edgeRT":"5433","inference_edge_last":"4to8","task":"experiment","subjectId":"k074a3kes81yjvo","trial_type":"external-html","trial_index":17,"time_elapsed":580379,"internal_node_id":"0.0-9.0-0.9"},{"rt":10487,"url":"../static/nodeGraphs_distractor.html","edge":"6to8","edgeRT":"2126","skip":"false","flipped":"FALSE","index":"10","edgeClickLog":"[{\"edgeSelection\":\"6to8\",\"edgeRTMS\":2126}]","trial_id":"incong_0","congruency":"I","trial_group":"10to15","condition":"distractor","inference_edge":"4to8,4to7,1to4","inference_edgeClickLog":"[{\"edgeSelection\":\"4to8\",\"edgeRTMS\":3211},{\"edgeSelection\":\"4to7\",\"edgeRTMS\":4314},{\"edgeSelection\":\"1to4\",\"edgeRTMS\":6022}]","inference_edgeRT":"6022","inference_edge_last":"1to4","task":"experiment","subjectId":"k074a3kes81yjvo","trial_type":"external-html","trial_index":18,"time_elapsed":591843,"internal_node_id":"0.0-9.0-0.10"},{"rt":16643,"url":"../static/nodeGraphs_distractor.html","edge":"4to7","edgeRT":"3641","skip":"false","flipped":"FALSE","index":"11","edgeClickLog":"[{\"edgeSelection\":\"4to7\",\"edgeRTMS\":3641}]","trial_id":"incong_5","congruency":"I","trial_group":"10to15","condition":"distractor","inference_edge":"4to8,4to7,6to8","inference_edgeClickLog":"[{\"edgeSelection\":\"4to8\",\"edgeRTMS\":3141},{\"edgeSelection\":\"4to7\",\"edgeRTMS\":4175},{\"edgeSelection\":\"6to8\",\"edgeRTMS\":6939}]","inference_edgeRT":"6939","inference_edge_last":"6to8","task":"experiment","subjectId":"k074a3kes81yjvo","trial_type":"external-html","trial_index":19,"time_elapsed":609478,"internal_node_id":"0.0-9.0-0.11"},{"rt":12739,"url":"../static/nodeGraphs_distractor.html","edge":"6to8","edgeRT":"2799","skip":"false","flipped":"FALSE","index":"12","edgeClickLog":"[{\"edgeSelection\":\"6to8\",\"edgeRTMS\":2799}]","trial_id":"incong_3","congruency":"I","trial_group":"10to15","condition":"distractor","inference_edge":"2to6,2to4,6to8","inference_edgeClickLog":"[{\"edgeSelection\":\"2to6\",\"edgeRTMS\":2971},{\"edgeSelection\":\"2to4\",\"edgeRTMS\":3888},{\"edgeSelection\":\"6to8\",\"edgeRTMS\":5427}]","inference_edgeRT":"5427","inference_edge_last":"6to8","task":"experiment","subjectId":"k074a3kes81yjvo","trial_type":"external-html","trial_index":20,"time_elapsed":623191,"internal_node_id":"0.0-9.0-0.12"},{"rt":13174,"url":"../static/nodeGraphs_distractor.html","edge":"5to7","edgeRT":"3233","skip":"false","flipped":"FALSE","index":"13","edgeClickLog":"[{\"edgeSelection\":\"5to7\",\"edgeRTMS\":3233}]","trial_id":"incong_10","congruency":"I","trial_group":"10to15","condition":"distractor","inference_edge":"4to8,6to8,4to7","inference_edgeClickLog":"[{\"edgeSelection\":\"4to8\",\"edgeRTMS\":3755},{\"edgeSelection\":\"6to8\",\"edgeRTMS\":4988},{\"edgeSelection\":\"4to7\",\"edgeRTMS\":7371}]","inference_edgeRT":"7371","inference_edge_last":"4to7","task":"experiment","subjectId":"k074a3kes81yjvo","trial_type":"external-html","trial_index":21,"time_elapsed":637344,"internal_node_id":"0.0-9.0-0.13"},{"rt":16047,"url":"../static/nodeGraphs_distractor.html","edge":"4to8","edgeRT":"1677","skip":"false","flipped":"FALSE","index":"14","edgeClickLog":"[{\"edgeSelection\":\"4to8\",\"edgeRTMS\":1677}]","trial_id":"incong_2","congruency":"I","trial_group":"10to15","condition":"distractor","inference_edge":"4to8,4to7,6to8","inference_edgeClickLog":"[{\"edgeSelection\":\"4to8\",\"edgeRTMS\":5519},{\"edgeSelection\":\"4to7\",\"edgeRTMS\":6615},{\"edgeSelection\":\"6to8\",\"edgeRTMS\":7777}]","inference_edgeRT":"7777","inference_edge_last":"6to8","task":"experiment","subjectId":"k074a3kes81yjvo","trial_type":"external-html","trial_index":22,"time_elapsed":654265,"internal_node_id":"0.0-9.0-0.14"},{"rt":14157,"url":"../static/nodeGraphs_distractor.html","edge":"6to8","edgeRT":"7355","skip":"false","flipped":"FALSE","index":"15","edgeClickLog":"[{\"edgeSelection\":\"6to8\",\"edgeRTMS\":2040},{\"edgeSelection\":\"4to8\",\"edgeRTMS\":3190},{\"edgeSelection\":\"6to8\",\"edgeRTMS\":7355}]","trial_id":"test_0","congruency":"I","trial_group":"15to20","condition":"distractor","inference_edge":"4to8,4to7,6to8","inference_edgeClickLog":"[{\"edgeSelection\":\"4to8\",\"edgeRTMS\":5519},{\"edgeSelection\":\"4to7\",\"edgeRTMS\":6615},{\"edgeSelection\":\"6to8\",\"edgeRTMS\":7777}]","inference_edgeRT":"7777","inference_edge_last":"","task":"experiment","subjectId":"k074a3kes81yjvo","trial_type":"external-html","trial_index":23,"time_elapsed":669348,"internal_node_id":"0.0-9.0-0.15"},{"rt":7077,"url":"../static/nodeGraphs_distractor.html","edge":"4to7","edgeRT":"6669","skip":"false","flipped":"FALSE","index":"16","edgeClickLog":"[{\"edgeSelection\":\"4to7\",\"edgeRTMS\":6669}]","trial_id":"test_1","congruency":"I","trial_group":"15to20","condition":"distractor","inference_edge":"4to8,4to7,6to8","inference_edgeClickLog":"[{\"edgeSelection\":\"4to8\",\"edgeRTMS\":5519},{\"edgeSelection\":\"4to7\",\"edgeRTMS\":6615},{\"edgeSelection\":\"6to8\",\"edgeRTMS\":7777}]","inference_edgeRT":"7777","inference_edge_last":"","task":"experiment","subjectId":"k074a3kes81yjvo","trial_type":"external-html","trial_index":24,"time_elapsed":677748,"internal_node_id":"0.0-9.0-0.16"},{"rt":3183,"url":"../static/nodeGraphs_distractor.html","edge":"6to8","edgeRT":"2741","skip":"false","flipped":"FALSE","index":"17","edgeClickLog":"[{\"edgeSelection\":\"6to8\",\"edgeRTMS\":2741}]","trial_id":"test_2","congruency":"I","trial_group":"15to20","condition":"distractor","inference_edge":"4to8,4to7,6to8","inference_edgeClickLog":"[{\"edgeSelection\":\"4to8\",\"edgeRTMS\":5519},{\"edgeSelection\":\"4to7\",\"edgeRTMS\":6615},{\"edgeSelection\":\"6to8\",\"edgeRTMS\":7777}]","inference_edgeRT":"7777","inference_edge_last":"","task":"experiment","subjectId":"k074a3kes81yjvo","trial_type":"external-html","trial_index":25,"time_elapsed":681620,"internal_node_id":"0.0-9.0-0.17"},{"rt":4225,"url":"../static/nodeGraphs_distractor.html","edge":"5to7","edgeRT":"4133","skip":"false","flipped":"FALSE","index":"18","edgeClickLog":"[{\"edgeSelection\":\"5to7\",\"edgeRTMS\":4133}]","trial_id":"test_3","congruency":"I","trial_group":"15to20","condition":"distractor","inference_edge":"4to8,4to7,6to8","inference_edgeClickLog":"[{\"edgeSelection\":\"4to8\",\"edgeRTMS\":5519},{\"edgeSelection\":\"4to7\",\"edgeRTMS\":6615},{\"edgeSelection\":\"6to8\",\"edgeRTMS\":7777}]","inference_edgeRT":"7777","inference_edge_last":"","task":"experiment","subjectId":"k074a3kes81yjvo","trial_type":"external-html","trial_index":26,"time_elapsed":686765,"internal_node_id":"0.0-9.0-0.18"},{"rt":5852,"url":"../static/nodeGraphs_distractor.html","edge":"4to7","edgeRT":"5819","skip":"false","flipped":"FALSE","index":"19","edgeClickLog":"[{\"edgeSelection\":\"4to7\",\"edgeRTMS\":5819}]","trial_id":"test_4","congruency":"I","trial_group":"15to20","condition":"distractor","inference_edge":"4to8,4to7,6to8","inference_edgeClickLog":"[{\"edgeSelection\":\"4to8\",\"edgeRTMS\":5519},{\"edgeSelection\":\"4to7\",\"edgeRTMS\":6615},{\"edgeSelection\":\"6to8\",\"edgeRTMS\":7777}]","inference_edgeRT":"7777","inference_edge_last":"","task":"experiment","subjectId":"k074a3kes81yjvo","trial_type":"external-html","trial_index":27,"time_elapsed":693410,"internal_node_id":"0.0-9.0-0.19"},{"rt":36442,"response":{"P0_Q0":null,"P0_Q1":5,"P0_Q2":4,"P0_Q3":4,"P0_Q4":5,"P0_Q5":5,"strategies":"I tried to select a path that had the highest amount of points available. ","feedback":"no"},"accuracy":[],"trial_type":"survey","trial_index":28,"time_elapsed":730560,"internal_node_id":"0.0-10.0"},{"rt":2585,"stimulus":"<p>Thanks for your time!</p>        <p>We need to manually calculate your bonus pay, please give us up to 7 days.</p><p>Press any key to conclude.</p>","response":" ","task":"end","subjectId":"k074a3kes81yjvo","trial_type":"html-keyboard-response","trial_index":29,"time_elapsed":733149,"internal_node_id":"0.0-11.0","interactions":"[{\"event\":\"fullscreenenter\",\"trial\":1,\"time\":3559},{\"event\":\"blur\",\"trial\":4,\"time\":227265},{\"event\":\"focus\",\"trial\":4,\"time\":227265},{\"event\":\"fullscreenexit\",\"trial\":4,\"time\":227284},{\"event\":\"blur\",\"trial\":10,\"time\":452781},{\"event\":\"focus\",\"trial\":10,\"time\":452782},{\"event\":\"blur\",\"trial\":13,\"time\":512243},{\"event\":\"focus\",\"trial\":13,\"time\":512243}]"}]