[{"success":true,"timeout":false,"failed_images":[],"failed_audio":[],"failed_video":[],"trial_type":"preload","trial_index":0,"time_elapsed":288,"internal_node_id":"0.0-0.0"},{"success":true,"trial_type":"fullscreen","trial_index":1,"time_elapsed":7897,"internal_node_id":"0.0-1.0"},{"rt":3974,"stimulus":"Welcome to the experiment. Press any key to begin.","response":"audiovolumeup","trial_type":"html-keyboard-response","trial_index":2,"time_elapsed":11873,"internal_node_id":"0.0-2.0"},{"view_history":[{"page_index":0,"viewing_time":36259},{"page_index":1,"viewing_time":3706},{"page_index":2,"viewing_time":26502},{"page_index":3,"viewing_time":14983},{"page_index":4,"viewing_time":3778},{"page_index":5,"viewing_time":2108},{"page_index":6,"viewing_time":1677},{"page_index":7,"viewing_time":2306},{"page_index":8,"viewing_time":5850},{"page_index":9,"viewing_time":7092},{"page_index":10,"viewing_time":2399},{"page_index":11,"viewing_time":438},{"page_index":12,"viewing_time":420},{"page_index":13,"viewing_time":439},{"page_index":14,"viewing_time":741},{"page_index":15,"viewing_time":1432},{"page_index":16,"viewing_time":1023},{"page_index":17,"viewing_time":208},{"page_index":18,"viewing_time":327},{"page_index":19,"viewing_time":2475},{"page_index":20,"viewing_time":3248},{"page_index":21,"viewing_time":870}],"rt":118281,"trial_type":"instructions","trial_index":3,"time_elapsed":130156,"internal_node_id":"0.0-3.0"},{"rt":51067,"url":"../static/nodeGraphsTraining_normal.html","skip":[],"edgeClickLog":[],"inference_edge":[],"inference_edgeClickLog":[],"trial_type":"external-html","trial_index":4,"time_elapsed":181485,"internal_node_id":"0.0-4.0"},{"rt":18972,"response":{"q1":"The goal is to help the student to get the most points","q2":"False","q3":"Possible paths you, as the teacher, can choose to teach the learner.","q4":"Paths that the student took before."},"question_order":[0,1,2,3],"trial_type":"survey-multi-choice","trial_index":5,"time_elapsed":200463,"internal_node_id":"0.0-5.0"},{"rt":2980,"stimulus":"<p>You can take a 60 second break before starting the experiment.</p><br><br><p>This page will advance in 60 seconds or you can press any key to advance now.</p>","response":" ","trial_type":"html-keyboard-response","trial_index":6,"time_elapsed":203448,"internal_node_id":"0.0-7.0"},{"view_history":[{"page_index":0,"viewing_time":13867}],"rt":13868,"trial_type":"instructions","trial_index":7,"time_elapsed":217318,"internal_node_id":"0.0-8.0"},{"rt":21669,"url":"../static/nodeGraphs_normal.html","edge":"5to8","edgeRT":"19715","skip":"false","flipped":"FALSE","index":"0","edgeClickLog":"[{\"edgeSelection\":\"1to4\",\"edgeRTMS\":5682},{\"edgeSelection\":\"4to8\",\"edgeRTMS\":7783},{\"edgeSelection\":\"1to4\",\"edgeRTMS\":9048},{\"edgeSelection\":\"4to8\",\"edgeRTMS\":17763},{\"edgeSelection\":\"5to8\",\"edgeRTMS\":19715}]","trial_id":"cong_0","congruency":"C","trial_group":"1to5","condition":"normal","inference_edge":[],"inference_edgeClickLog":[],"task":"experiment","subjectId":"cn7281q1vdscv0n","trial_type":"external-html","trial_index":8,"time_elapsed":239103,"internal_node_id":"0.0-9.0-0.0"},{"rt":12003,"url":"../static/nodeGraphs_normal.html","edge":"2to4","edgeRT":"11882","skip":"false","flipped":"FALSE","index":"1","edgeClickLog":"[{\"edgeSelection\":\"2to6\",\"edgeRTMS\":3807},{\"edgeSelection\":\"6to9\",\"edgeRTMS\":5002},{\"edgeSelection\":\"2to6\",\"edgeRTMS\":6215},{\"edgeSelection\":\"2to4\",\"edgeRTMS\":9821},{\"edgeSelection\":\"4to7\",\"edgeRTMS\":10957},{\"edgeSelection\":\"2to4\",\"edgeRTMS\":11882}]","trial_id":"cong_1","congruency":"C","trial_group":"1to5","condition":"normal","inference_edge":[],"inference_edgeClickLog":[],"task":"experiment","subjectId":"cn7281q1vdscv0n","trial_type":"external-html","trial_index":9,"time_elapsed":251818,"internal_node_id":"0.0-9.0-0.1"},{"rt":12525,"url":"../static/nodeGraphs_normal.html","edge":"2to5","edgeRT":"11675","skip":"false","flipped":"FALSE","index":"2","edgeClickLog":"[{\"edgeSelection\":\"2to5\",\"edgeRTMS\":4289},{\"edgeSelection\":\"5to7\",\"edgeRTMS\":9735},{\"edgeSelection\":\"2to5\",\"edgeRTMS\":11675}]","trial_id":"cong_6","congruency":"C","trial_group":"1to5","condition":"normal","inference_edge":[],"inference_edgeClickLog":[],"task":"experiment","subjectId":"cn7281q1vdscv0n","trial_type":"external-html","trial_index":10,"time_elapsed":264999,"internal_node_id":"0.0-9.0-0.2"},{"rt":4904,"url":"../static/nodeGraphs_normal.html","edge":"2to4","edgeRT":"4777","skip":"false","flipped":"FALSE","index":"3","edgeClickLog":"[{\"edgeSelection\":\"2to4\",\"edgeRTMS\":4777}]","trial_id":"cong_4","congruency":"C","trial_group":"1to5","condition":"normal","inference_edge":[],"inference_edgeClickLog":[],"task":"experiment","subjectId":"cn7281q1vdscv0n","trial_type":"external-html","trial_index":11,"time_elapsed":270519,"internal_node_id":"0.0-9.0-0.3"},{"rt":3521,"url":"../static/nodeGraphs_normal.html","edge":"2to5","edgeRT":"2875","skip":"false","flipped":"FALSE","index":"4","edgeClickLog":"[{\"edgeSelection\":\"2to5\",\"edgeRTMS\":2875}]","trial_id":"cong_9","congruency":"C","trial_group":"1to5","condition":"normal","inference_edge":[],"inference_edgeClickLog":[],"task":"experiment","subjectId":"cn7281q1vdscv0n","trial_type":"external-html","trial_index":12,"time_elapsed":274653,"internal_node_id":"0.0-9.0-0.4"},{"rt":27781,"url":"../static/nodeGraphs_normal.html","edge":"3to6","edgeRT":"26249","skip":"false","flipped":"TRUE","index":"5","edgeClickLog":"[{\"edgeSelection\":\"3to6\",\"edgeRTMS\":26249}]","trial_id":"cong_0_flipped","congruency":"C","trial_group":"5to10","condition":"normal","inference_edge":[],"inference_edgeClickLog":[],"task":"experiment","subjectId":"cn7281q1vdscv0n","trial_type":"external-html","trial_index":13,"time_elapsed":303045,"internal_node_id":"0.0-9.0-0.5"},{"rt":3840,"url":"../static/nodeGraphs_normal.html","edge":"2to4","edgeRT":"2899","skip":"false","flipped":"TRUE","index":"6","edgeClickLog":"[{\"edgeSelection\":\"1to5\",\"edgeRTMS\":2293},{\"edgeSelection\":\"2to4\",\"edgeRTMS\":2899}]","trial_id":"cong_1_flipped","congruency":"C","trial_group":"5to10","condition":"normal","inference_edge":[],"inference_edgeClickLog":[],"task":"experiment","subjectId":"cn7281q1vdscv0n","trial_type":"external-html","trial_index":14,"time_elapsed":307524,"internal_node_id":"0.0-9.0-0.6"},{"rt":4439,"url":"../static/nodeGraphs_normal.html","edge":"2to5","edgeRT":"1863","skip":"false","flipped":"TRUE","index":"7","edgeClickLog":"[{\"edgeSelection\":\"2to5\",\"edgeRTMS\":1863}]","trial_id":"cong_6_flipped","congruency":"C","trial_group":"5to10","condition":"normal","inference_edge":[],"inference_edgeClickLog":[],"task":"experiment","subjectId":"cn7281q1vdscv0n","trial_type":"external-html","trial_index":15,"time_elapsed":312585,"internal_node_id":"0.0-9.0-0.7"},{"rt":59384,"url":"../static/nodeGraphs_normal.html","edge":"","edgeRT":"undefined","skip":"true","flipped":"TRUE","index":"8","edgeClickLog":"","trial_id":"cong_4_flipped","congruency":"C","trial_group":"5to10","condition":"normal","inference_edge":[],"inference_edgeClickLog":[],"task":"experiment","subjectId":"cn7281q1vdscv0n","trial_type":"external-html","trial_index":16,"time_elapsed":372586,"internal_node_id":"0.0-9.0-0.8"},{"rt":51188,"url":"../static/nodeGraphs_normal.html","edge":"2to5","edgeRT":"51030","skip":"false","flipped":"TRUE","index":"9","edgeClickLog":"[{\"edgeSelection\":\"2to5\",\"edgeRTMS\":51030}]","trial_id":"cong_9_flipped","congruency":"C","trial_group":"5to10","condition":"normal","inference_edge":[],"inference_edgeClickLog":[],"task":"experiment","subjectId":"cn7281q1vdscv0n","trial_type":"external-html","trial_index":17,"time_elapsed":424512,"internal_node_id":"0.0-9.0-0.9"},{"rt":4556,"url":"../static/nodeGraphs_normal.html","edge":"1to4","edgeRT":"4388","skip":"false","flipped":"FALSE","index":"10","edgeClickLog":"[{\"edgeSelection\":\"1to4\",\"edgeRTMS\":4388}]","trial_id":"cong_0","congruency":"C","trial_group":"10to15","condition":"normal","inference_edge":[],"inference_edgeClickLog":[],"task":"experiment","subjectId":"cn7281q1vdscv0n","trial_type":"external-html","trial_index":18,"time_elapsed":429679,"internal_node_id":"0.0-9.0-0.10"},{"rt":2045,"url":"../static/nodeGraphs_normal.html","edge":"2to6","edgeRT":"1829","skip":"false","flipped":"FALSE","index":"11","edgeClickLog":"[{\"edgeSelection\":\"2to6\",\"edgeRTMS\":1829}]","trial_id":"cong_1","congruency":"C","trial_group":"10to15","condition":"normal","inference_edge":[],"inference_edgeClickLog":[],"task":"experiment","subjectId":"cn7281q1vdscv0n","trial_type":"external-html","trial_index":19,"time_elapsed":432328,"internal_node_id":"0.0-9.0-0.11"},{"rt":1871,"url":"../static/nodeGraphs_normal.html","edge":"2to5","edgeRT":"1752","skip":"false","flipped":"FALSE","index":"12","edgeClickLog":"[{\"edgeSelection\":\"2to5\",\"edgeRTMS\":1752}]","trial_id":"cong_6","congruency":"C","trial_group":"10to15","condition":"normal","inference_edge":[],"inference_edgeClickLog":[],"task":"experiment","subjectId":"cn7281q1vdscv0n","trial_type":"external-html","trial_index":20,"time_elapsed":434899,"internal_node_id":"0.0-9.0-0.12"},{"rt":2578,"url":"../static/nodeGraphs_normal.html","edge":"2to4","edgeRT":"2399","skip":"false","flipped":"FALSE","index":"13","edgeClickLog":"[{\"edgeSelection\":\"2to4\",\"edgeRTMS\":2399}]","trial_id":"cong_4","congruency":"C","trial_group":"10to15","condition":"normal","inference_edge":[],"inference_edgeClickLog":[],"task":"experiment","subjectId":"cn7281q1vdscv0n","trial_type":"external-html","trial_index":21,"time_elapsed":438226,"internal_node_id":"0.0-9.0-0.13"},{"rt":3012,"url":"../static/nodeGraphs_normal.html","edge":"2to5","edgeRT":"2430","skip":"false","flipped":"FALSE","index":"14","edgeClickLog":"[{\"edgeSelection\":\"2to5\",\"edgeRTMS\":2430}]","trial_id":"cong_9","congruency":"C","trial_group":"10to15","condition":"normal","inference_edge":[],"inference_edgeClickLog":[],"task":"experiment","subjectId":"cn7281q1vdscv0n","trial_type":"external-html","trial_index":22,"time_elapsed":441856,"internal_node_id":"0.0-9.0-0.14"},{"rt":9437,"url":"../static/nodeGraphs_normal.html","edge":"5to8","edgeRT":"3684","skip":"false","flipped":"FALSE","index":"15","edgeClickLog":"[{\"edgeSelection\":\"5to8\",\"edgeRTMS\":3684}]","trial_id":"test_0","congruency":"I","trial_group":"15to20","condition":"normal","inference_edge":[],"inference_edgeClickLog":[],"task":"experiment","subjectId":"cn7281q1vdscv0n","trial_type":"external-html","trial_index":23,"time_elapsed":451900,"internal_node_id":"0.0-9.0-0.15"},{"rt":3403,"url":"../static/nodeGraphs_normal.html","edge":"4to7","edgeRT":"3065","skip":"false","flipped":"FALSE","index":"16","edgeClickLog":"[{\"edgeSelection\":\"4to7\",\"edgeRTMS\":3065}]","trial_id":"test_1","congruency":"I","trial_group":"15to20","condition":"normal","inference_edge":[],"inference_edgeClickLog":[],"task":"experiment","subjectId":"cn7281q1vdscv0n","trial_type":"external-html","trial_index":24,"time_elapsed":455907,"internal_node_id":"0.0-9.0-0.16"},{"rt":3113,"url":"../static/nodeGraphs_normal.html","edge":"6to8","edgeRT":"2585","skip":"false","flipped":"FALSE","index":"17","edgeClickLog":"[{\"edgeSelection\":\"6to8\",\"edgeRTMS\":2585}]","trial_id":"test_2","congruency":"I","trial_group":"15to20","condition":"normal","inference_edge":[],"inference_edgeClickLog":[],"task":"experiment","subjectId":"cn7281q1vdscv0n","trial_type":"external-html","trial_index":25,"time_elapsed":459631,"internal_node_id":"0.0-9.0-0.17"},{"rt":3966,"url":"../static/nodeGraphs_normal.html","edge":"5to7","edgeRT":"2457","skip":"false","flipped":"FALSE","index":"18","edgeClickLog":"[{\"edgeSelection\":\"5to7\",\"edgeRTMS\":2457}]","trial_id":"test_3","congruency":"I","trial_group":"15to20","condition":"normal","inference_edge":[],"inference_edgeClickLog":[],"task":"experiment","subjectId":"cn7281q1vdscv0n","trial_type":"external-html","trial_index":26,"time_elapsed":464203,"internal_node_id":"0.0-9.0-0.18"},{"rt":54313,"url":"../static/nodeGraphs_normal.html","edge":"4to7","edgeRT":"6389","skip":"false","flipped":"FALSE","index":"19","edgeClickLog":"[{\"edgeSelection\":\"4to7\",\"edgeRTMS\":6389}]","trial_id":"test_4","congruency":"I","trial_group":"15to20","condition":"normal","inference_edge":[],"inference_edgeClickLog":[],"task":"experiment","subjectId":"cn7281q1vdscv0n","trial_type":"external-html","trial_index":27,"time_elapsed":519123,"internal_node_id":"0.0-9.0-0.19"},{"rt":36368,"response":{"P0_Q0":null,"P0_Q1":6,"P0_Q2":3,"P0_Q3":5,"P0_Q4":5,"P0_Q5":4,"strategies":"more points","feedback":"interesting exercise!"},"accuracy":[],"trial_type":"survey","trial_index":28,"time_elapsed":556068,"internal_node_id":"0.0-10.0"},{"rt":3430,"stimulus":"<p>Thanks for your time!</p>        <p>We need to manually calculate your bonus pay, please give us up to 7 days.</p><p>Press any key to conclude.</p>","response":" ","task":"end","subjectId":"cn7281q1vdscv0n","trial_type":"html-keyboard-response","trial_index":29,"time_elapsed":559500,"internal_node_id":"0.0-11.0","interactions":"[{\"event\":\"fullscreenenter\",\"trial\":1,\"time\":6954},{\"event\":\"fullscreenexit\",\"trial\":3,\"time\":27687},{\"event\":\"blur\",\"trial\":3,\"time\":31059},{\"event\":\"focus\",\"trial\":3,\"time\":43795},{\"event\":\"blur\",\"trial\":3,\"time\":86023},{\"event\":\"focus\",\"trial\":3,\"time\":93263},{\"event\":\"blur\",\"trial\":4,\"time\":140490},{\"event\":\"focus\",\"trial\":4,\"time\":140490},{\"event\":\"blur\",\"trial\":27,\"time\":471612},{\"event\":\"focus\",\"trial\":27,\"time\":511729},{\"event\":\"blur\",\"trial\":27,\"time\":514619},{\"event\":\"focus\",\"trial\":27,\"time\":514619}]"}]