[{"success":true,"timeout":false,"failed_images":[],"failed_audio":[],"failed_video":[],"trial_type":"preload","trial_index":0,"time_elapsed":4308,"internal_node_id":"0.0-0.0"},{"success":true,"trial_type":"fullscreen","trial_index":1,"time_elapsed":16820,"internal_node_id":"0.0-1.0"},{"rt":2002,"stimulus":"Welcome to the experiment. Press any key to begin.","response":" ","trial_type":"html-keyboard-response","trial_index":2,"time_elapsed":18823,"internal_node_id":"0.0-2.0"},{"view_history":[{"page_index":0,"viewing_time":4216},{"page_index":1,"viewing_time":2856},{"page_index":2,"viewing_time":22119},{"page_index":3,"viewing_time":5594},{"page_index":4,"viewing_time":1156},{"page_index":5,"viewing_time":805},{"page_index":6,"viewing_time":1643},{"page_index":7,"viewing_time":11457},{"page_index":8,"viewing_time":11233},{"page_index":9,"viewing_time":6901},{"page_index":10,"viewing_time":648},{"page_index":11,"viewing_time":324},{"page_index":12,"viewing_time":279},{"page_index":13,"viewing_time":1235},{"page_index":14,"viewing_time":2121},{"page_index":15,"viewing_time":6837},{"page_index":16,"viewing_time":1854},{"page_index":17,"viewing_time":421},{"page_index":18,"viewing_time":894},{"page_index":19,"viewing_time":4025},{"page_index":20,"viewing_time":8594},{"page_index":21,"viewing_time":3646}],"rt":98858,"trial_type":"instructions","trial_index":3,"time_elapsed":117681,"internal_node_id":"0.0-3.0"},{"rt":161946,"url":"../static/nodeGraphsTraining_scaffolding.html","skip":[],"edgeClickLog":[],"inference_edge":[],"inference_edgeClickLog":[],"trial_type":"external-html","trial_index":4,"time_elapsed":279858,"internal_node_id":"0.0-4.0"},{"rt":21269,"response":{"q1":"The goal is to help the student to get the most points.","q2":"False","q3":"Possible edges you, as the teacher, can choose to teach the learner.","q4":"Edges that the student took before."},"question_order":[0,1,2,3],"trial_type":"survey-multi-choice","trial_index":5,"time_elapsed":301129,"internal_node_id":"0.0-5.0"},{"rt":2883,"stimulus":"<p>You can take a 60 second break before starting the experiment.</p><br><br><p>This page will advance in 60 seconds or you can press any key to advance now.</p>","response":"enter","trial_type":"html-keyboard-response","trial_index":6,"time_elapsed":304013,"internal_node_id":"0.0-7.0"},{"view_history":[{"page_index":0,"viewing_time":10109}],"rt":10109,"trial_type":"instructions","trial_index":7,"time_elapsed":314123,"internal_node_id":"0.0-8.0"},{"rt":40447,"url":"../static/nodeGraphs_scaffolding.html","edge":"0to2","edgeRT":"10325","skip":"false","flipped":"FALSE","index":"0","edgeClickLog":"[{\"edgeSelection\":\"0to2\",\"edgeRTMS\":8589},{\"edgeSelection\":\"0to2\",\"edgeRTMS\":10325}]","trial_id":"incong_0","congruency":"I","trial_group":"1to5","condition":"scaffolding","inference_edge":"0to2,2to4,4to8","inference_edgeClickLog":"[{\"edgeSelection\":\"0to2\",\"edgeRTMS\":15778},{\"edgeSelection\":\"2to4\",\"edgeRTMS\":17465},{\"edgeSelection\":\"4to8\",\"edgeRTMS\":25249}]","inference_edgeRT":"25249","inference_edge_last":"4to8","task":"experiment","subjectId":"6vwx4wuu9045wjb","trial_type":"external-html","trial_index":8,"time_elapsed":354764,"internal_node_id":"0.0-9.0-0.0"},{"rt":20921,"url":"../static/nodeGraphs_scaffolding.html","edge":"0to2","edgeRT":"4159","skip":"false","flipped":"FALSE","index":"1","edgeClickLog":"[{\"edgeSelection\":\"0to2\",\"edgeRTMS\":4159}]","trial_id":"incong_5","congruency":"I","trial_group":"1to5","condition":"scaffolding","inference_edge":"2to4,0to2,4to7","inference_edgeClickLog":"[{\"edgeSelection\":\"2to4\",\"edgeRTMS\":5070},{\"edgeSelection\":\"0to2\",\"edgeRTMS\":7041},{\"edgeSelection\":\"4to7\",\"edgeRTMS\":15597}]","inference_edgeRT":"15597","inference_edge_last":"4to7","task":"experiment","subjectId":"6vwx4wuu9045wjb","trial_type":"external-html","trial_index":9,"time_elapsed":376420,"internal_node_id":"0.0-9.0-0.1"},{"rt":23707,"url":"../static/nodeGraphs_scaffolding.html","edge":"5to7","edgeRT":"10169","skip":"false","flipped":"FALSE","index":"2","edgeClickLog":"[{\"edgeSelection\":\"0to2\",\"edgeRTMS\":2469},{\"edgeSelection\":\"5to7\",\"edgeRTMS\":10169}]","trial_id":"incong_3","congruency":"I","trial_group":"1to5","condition":"scaffolding","inference_edge":"0to2,2to6,6to8","inference_edgeClickLog":"[{\"edgeSelection\":\"0to2\",\"edgeRTMS\":6349},{\"edgeSelection\":\"2to6\",\"edgeRTMS\":7826},{\"edgeSelection\":\"6to8\",\"edgeRTMS\":10819}]","inference_edgeRT":"10819","inference_edge_last":"6to8","task":"experiment","subjectId":"6vwx4wuu9045wjb","trial_type":"external-html","trial_index":10,"time_elapsed":400824,"internal_node_id":"0.0-9.0-0.2"},{"rt":15732,"url":"../static/nodeGraphs_scaffolding.html","edge":"5to8","edgeRT":"7349","skip":"false","flipped":"FALSE","index":"3","edgeClickLog":"[{\"edgeSelection\":\"5to8\",\"edgeRTMS\":6361},{\"edgeSelection\":\"5to8\",\"edgeRTMS\":7349}]","trial_id":"incong_10","congruency":"I","trial_group":"1to5","condition":"scaffolding","inference_edge":"0to2,2to4,4to8","inference_edgeClickLog":"[{\"edgeSelection\":\"0to2\",\"edgeRTMS\":4682},{\"edgeSelection\":\"2to4\",\"edgeRTMS\":5870},{\"edgeSelection\":\"4to8\",\"edgeRTMS\":7053}]","inference_edgeRT":"7053","inference_edge_last":"4to8","task":"experiment","subjectId":"6vwx4wuu9045wjb","trial_type":"external-html","trial_index":11,"time_elapsed":417232,"internal_node_id":"0.0-9.0-0.3"},{"rt":18817,"url":"../static/nodeGraphs_scaffolding.html","edge":"2to4","edgeRT":"10440","skip":"false","flipped":"FALSE","index":"4","edgeClickLog":"[{\"edgeSelection\":\"2to4\",\"edgeRTMS\":10440}]","trial_id":"incong_2","congruency":"I","trial_group":"1to5","condition":"scaffolding","inference_edge":"0to2,2to4,4to8","inference_edgeClickLog":"[{\"edgeSelection\":\"0to2\",\"edgeRTMS\":7099},{\"edgeSelection\":\"2to4\",\"edgeRTMS\":7975},{\"edgeSelection\":\"4to8\",\"edgeRTMS\":8865}]","inference_edgeRT":"8865","inference_edge_last":"4to8","task":"experiment","subjectId":"6vwx4wuu9045wjb","trial_type":"external-html","trial_index":12,"time_elapsed":437998,"internal_node_id":"0.0-9.0-0.4"},{"rt":15136,"url":"../static/nodeGraphs_scaffolding.html","edge":"2to6","edgeRT":"3522","skip":"false","flipped":"TRUE","index":"5","edgeClickLog":"[{\"edgeSelection\":\"2to6\",\"edgeRTMS\":3522}]","trial_id":"incong_0_flipped","congruency":"I","trial_group":"5to10","condition":"scaffolding","inference_edge":"0to2,2to6,6to9","inference_edgeClickLog":"[{\"edgeSelection\":\"0to2\",\"edgeRTMS\":6081},{\"edgeSelection\":\"2to6\",\"edgeRTMS\":7134},{\"edgeSelection\":\"6to9\",\"edgeRTMS\":10539}]","inference_edgeRT":"10539","inference_edge_last":"6to9","task":"experiment","subjectId":"6vwx4wuu9045wjb","trial_type":"external-html","trial_index":13,"time_elapsed":453945,"internal_node_id":"0.0-9.0-0.5"},{"rt":13680,"url":"../static/nodeGraphs_scaffolding.html","edge":"2to6","edgeRT":"5568","skip":"false","flipped":"TRUE","index":"6","edgeClickLog":"[{\"edgeSelection\":\"2to6\",\"edgeRTMS\":5568}]","trial_id":"incong_5_flipped","congruency":"I","trial_group":"5to10","condition":"scaffolding","inference_edge":"2to6,0to2,6to8","inference_edgeClickLog":"[{\"edgeSelection\":\"2to6\",\"edgeRTMS\":3614},{\"edgeSelection\":\"0to2\",\"edgeRTMS\":4414},{\"edgeSelection\":\"6to8\",\"edgeRTMS\":6388}]","inference_edgeRT":"6388","inference_edge_last":"6to8","task":"experiment","subjectId":"6vwx4wuu9045wjb","trial_type":"external-html","trial_index":14,"time_elapsed":468393,"internal_node_id":"0.0-9.0-0.6"},{"rt":14155,"url":"../static/nodeGraphs_scaffolding.html","edge":"0to2","edgeRT":"4723","skip":"false","flipped":"TRUE","index":"7","edgeClickLog":"[{\"edgeSelection\":\"0to2\",\"edgeRTMS\":4723}]","trial_id":"incong_3_flipped","congruency":"I","trial_group":"5to10","condition":"scaffolding","inference_edge":"0to2,2to4,5to9","inference_edgeClickLog":"[{\"edgeSelection\":\"0to2\",\"edgeRTMS\":4020},{\"edgeSelection\":\"2to4\",\"edgeRTMS\":5595},{\"edgeSelection\":\"5to9\",\"edgeRTMS\":8142}]","inference_edgeRT":"8142","inference_edge_last":"5to9","task":"experiment","subjectId":"6vwx4wuu9045wjb","trial_type":"external-html","trial_index":15,"time_elapsed":483234,"internal_node_id":"0.0-9.0-0.7"},{"rt":12260,"url":"../static/nodeGraphs_scaffolding.html","edge":"5to8","edgeRT":"4008","skip":"false","flipped":"TRUE","index":"8","edgeClickLog":"[{\"edgeSelection\":\"5to8\",\"edgeRTMS\":4008}]","trial_id":"incong_10_flipped","congruency":"I","trial_group":"5to10","condition":"scaffolding","inference_edge":"0to2,2to6,6to8","inference_edgeClickLog":"[{\"edgeSelection\":\"0to2\",\"edgeRTMS\":4293},{\"edgeSelection\":\"2to6\",\"edgeRTMS\":5750},{\"edgeSelection\":\"6to8\",\"edgeRTMS\":6669}]","inference_edgeRT":"6669","inference_edge_last":"6to8","task":"experiment","subjectId":"6vwx4wuu9045wjb","trial_type":"external-html","trial_index":16,"time_elapsed":496182,"internal_node_id":"0.0-9.0-0.8"},{"rt":17045,"url":"../static/nodeGraphs_scaffolding.html","edge":"0to3","edgeRT":"8925","skip":"false","flipped":"TRUE","index":"9","edgeClickLog":"[{\"edgeSelection\":\"0to3\",\"edgeRTMS\":6967},{\"edgeSelection\":\"0to3\",\"edgeRTMS\":8324},{\"edgeSelection\":\"0to3\",\"edgeRTMS\":8925}]","trial_id":"incong_2_flipped","congruency":"I","trial_group":"5to10","condition":"scaffolding","inference_edge":"2to6,0to2,6to8","inference_edgeClickLog":"[{\"edgeSelection\":\"2to6\",\"edgeRTMS\":4233},{\"edgeSelection\":\"0to2\",\"edgeRTMS\":5501},{\"edgeSelection\":\"6to8\",\"edgeRTMS\":7022}]","inference_edgeRT":"7022","inference_edge_last":"6to8","task":"experiment","subjectId":"6vwx4wuu9045wjb","trial_type":"external-html","trial_index":17,"time_elapsed":513902,"internal_node_id":"0.0-9.0-0.9"},{"rt":20666,"url":"../static/nodeGraphs_scaffolding.html","edge":"6to8","edgeRT":"8837","skip":"false","flipped":"FALSE","index":"10","edgeClickLog":"[{\"edgeSelection\":\"6to8\",\"edgeRTMS\":7688},{\"edgeSelection\":\"6to8\",\"edgeRTMS\":8837}]","trial_id":"incong_0","congruency":"I","trial_group":"10to15","condition":"scaffolding","inference_edge":"2to4,6to8,5to7","inference_edgeClickLog":"[{\"edgeSelection\":\"2to4\",\"edgeRTMS\":6671},{\"edgeSelection\":\"6to8\",\"edgeRTMS\":9386},{\"edgeSelection\":\"5to7\",\"edgeRTMS\":12519}]","inference_edgeRT":"12519","inference_edge_last":"5to7","task":"experiment","subjectId":"6vwx4wuu9045wjb","trial_type":"external-html","trial_index":18,"time_elapsed":536539,"internal_node_id":"0.0-9.0-0.10"},{"rt":24146,"url":"../static/nodeGraphs_scaffolding.html","edge":"2to4","edgeRT":"6554","skip":"false","flipped":"FALSE","index":"11","edgeClickLog":"[{\"edgeSelection\":\"5to8\",\"edgeRTMS\":3084},{\"edgeSelection\":\"5to8\",\"edgeRTMS\":3858},{\"edgeSelection\":\"5to8\",\"edgeRTMS\":4466},{\"edgeSelection\":\"5to8\",\"edgeRTMS\":4950},{\"edgeSelection\":\"5to8\",\"edgeRTMS\":5320},{\"edgeSelection\":\"2to4\",\"edgeRTMS\":6554}]","trial_id":"incong_5","congruency":"I","trial_group":"10to15","condition":"scaffolding","inference_edge":"3to6,6to8,2to4","inference_edgeClickLog":"[{\"edgeSelection\":\"3to6\",\"edgeRTMS\":9715},{\"edgeSelection\":\"6to8\",\"edgeRTMS\":11024},{\"edgeSelection\":\"2to4\",\"edgeRTMS\":14658}]","inference_edgeRT":"14658","inference_edge_last":"2to4","task":"experiment","subjectId":"6vwx4wuu9045wjb","trial_type":"external-html","trial_index":19,"time_elapsed":561376,"internal_node_id":"0.0-9.0-0.11"},{"rt":21256,"url":"../static/nodeGraphs_scaffolding.html","edge":"0to2","edgeRT":"3885","skip":"false","flipped":"FALSE","index":"12","edgeClickLog":"[{\"edgeSelection\":\"0to2\",\"edgeRTMS\":3885}]","trial_id":"incong_3","congruency":"I","trial_group":"10to15","condition":"scaffolding","inference_edge":"0to2,5to7,3to6","inference_edgeClickLog":"[{\"edgeSelection\":\"0to2\",\"edgeRTMS\":3917},{\"edgeSelection\":\"5to7\",\"edgeRTMS\":8666},{\"edgeSelection\":\"3to6\",\"edgeRTMS\":16135}]","inference_edgeRT":"16135","inference_edge_last":"3to6","task":"experiment","subjectId":"6vwx4wuu9045wjb","trial_type":"external-html","trial_index":20,"time_elapsed":583281,"internal_node_id":"0.0-9.0-0.12"},{"rt":24195,"url":"../static/nodeGraphs_scaffolding.html","edge":"5to8","edgeRT":"6207","skip":"false","flipped":"FALSE","index":"13","edgeClickLog":"[{\"edgeSelection\":\"5to8\",\"edgeRTMS\":6207}]","trial_id":"incong_10","congruency":"I","trial_group":"10to15","condition":"scaffolding","inference_edge":"3to6,6to8,0to2","inference_edgeClickLog":"[{\"edgeSelection\":\"3to6\",\"edgeRTMS\":8451},{\"edgeSelection\":\"6to8\",\"edgeRTMS\":11084},{\"edgeSelection\":\"0to2\",\"edgeRTMS\":16837}]","inference_edgeRT":"16837","inference_edge_last":"0to2","task":"experiment","subjectId":"6vwx4wuu9045wjb","trial_type":"external-html","trial_index":21,"time_elapsed":608154,"internal_node_id":"0.0-9.0-0.13"},{"rt":14764,"url":"../static/nodeGraphs_scaffolding.html","edge":"0to2","edgeRT":"6186","skip":"false","flipped":"FALSE","index":"14","edgeClickLog":"[{\"edgeSelection\":\"0to2\",\"edgeRTMS\":6186}]","trial_id":"incong_2","congruency":"I","trial_group":"10to15","condition":"scaffolding","inference_edge":"0to1,1to4,4to8","inference_edgeClickLog":"[{\"edgeSelection\":\"0to1\",\"edgeRTMS\":5600},{\"edgeSelection\":\"1to4\",\"edgeRTMS\":6875},{\"edgeSelection\":\"4to8\",\"edgeRTMS\":7964}]","inference_edgeRT":"7964","inference_edge_last":"4to8","task":"experiment","subjectId":"6vwx4wuu9045wjb","trial_type":"external-html","trial_index":22,"time_elapsed":623738,"internal_node_id":"0.0-9.0-0.14"},{"rt":16709,"url":"../static/nodeGraphs_scaffolding.html","edge":"3to6","edgeRT":"4915","skip":"false","flipped":"FALSE","index":"15","edgeClickLog":"[{\"edgeSelection\":\"3to6\",\"edgeRTMS\":4915}]","trial_id":"test_0","congruency":"I","trial_group":"15to20","condition":"scaffolding","inference_edge":"0to1,1to4,4to8","inference_edgeClickLog":"[{\"edgeSelection\":\"0to1\",\"edgeRTMS\":5600},{\"edgeSelection\":\"1to4\",\"edgeRTMS\":6875},{\"edgeSelection\":\"4to8\",\"edgeRTMS\":7964}]","inference_edgeRT":"7964","inference_edge_last":"","task":"experiment","subjectId":"6vwx4wuu9045wjb","trial_type":"external-html","trial_index":23,"time_elapsed":641110,"internal_node_id":"0.0-9.0-0.15"},{"rt":4970,"url":"../static/nodeGraphs_scaffolding.html","edge":"0to3","edgeRT":"3938","skip":"false","flipped":"FALSE","index":"16","edgeClickLog":"[{\"edgeSelection\":\"0to3\",\"edgeRTMS\":3938}]","trial_id":"test_1","congruency":"I","trial_group":"15to20","condition":"scaffolding","inference_edge":"0to1,1to4,4to8","inference_edgeClickLog":"[{\"edgeSelection\":\"0to1\",\"edgeRTMS\":5600},{\"edgeSelection\":\"1to4\",\"edgeRTMS\":6875},{\"edgeSelection\":\"4to8\",\"edgeRTMS\":7964}]","inference_edgeRT":"7964","inference_edge_last":"","task":"experiment","subjectId":"6vwx4wuu9045wjb","trial_type":"external-html","trial_index":24,"time_elapsed":646752,"internal_node_id":"0.0-9.0-0.16"},{"rt":8274,"url":"../static/nodeGraphs_scaffolding.html","edge":"0to3","edgeRT":"8155","skip":"false","flipped":"FALSE","index":"17","edgeClickLog":"[{\"edgeSelection\":\"0to3\",\"edgeRTMS\":8155}]","trial_id":"test_2","congruency":"I","trial_group":"15to20","condition":"scaffolding","inference_edge":"0to1,1to4,4to8","inference_edgeClickLog":"[{\"edgeSelection\":\"0to1\",\"edgeRTMS\":5600},{\"edgeSelection\":\"1to4\",\"edgeRTMS\":6875},{\"edgeSelection\":\"4to8\",\"edgeRTMS\":7964}]","inference_edgeRT":"7964","inference_edge_last":"","task":"experiment","subjectId":"6vwx4wuu9045wjb","trial_type":"external-html","trial_index":25,"time_elapsed":655729,"internal_node_id":"0.0-9.0-0.17"},{"rt":13442,"url":"../static/nodeGraphs_scaffolding.html","edge":"0to1","edgeRT":"13352","skip":"false","flipped":"FALSE","index":"18","edgeClickLog":"[{\"edgeSelection\":\"0to1\",\"edgeRTMS\":13352}]","trial_id":"test_3","congruency":"I","trial_group":"15to20","condition":"scaffolding","inference_edge":"0to1,1to4,4to8","inference_edgeClickLog":"[{\"edgeSelection\":\"0to1\",\"edgeRTMS\":5600},{\"edgeSelection\":\"1to4\",\"edgeRTMS\":6875},{\"edgeSelection\":\"4to8\",\"edgeRTMS\":7964}]","inference_edgeRT":"7964","inference_edge_last":"","task":"experiment","subjectId":"6vwx4wuu9045wjb","trial_type":"external-html","trial_index":26,"time_elapsed":669843,"internal_node_id":"0.0-9.0-0.18"},{"rt":12896,"url":"../static/nodeGraphs_scaffolding.html","edge":"6to9","edgeRT":"12889","skip":"false","flipped":"FALSE","index":"19","edgeClickLog":"[{\"edgeSelection\":\"6to9\",\"edgeRTMS\":12889}]","trial_id":"test_4","congruency":"I","trial_group":"15to20","condition":"scaffolding","inference_edge":"0to1,1to4,4to8","inference_edgeClickLog":"[{\"edgeSelection\":\"0to1\",\"edgeRTMS\":5600},{\"edgeSelection\":\"1to4\",\"edgeRTMS\":6875},{\"edgeSelection\":\"4to8\",\"edgeRTMS\":7964}]","inference_edgeRT":"7964","inference_edge_last":"","task":"experiment","subjectId":"6vwx4wuu9045wjb","trial_type":"external-html","trial_index":27,"time_elapsed":683596,"internal_node_id":"0.0-9.0-0.19"},{"rt":91750,"response":{"P0_Q0":null,"P0_Q1":7,"P0_Q2":7,"P0_Q3":4,"P0_Q4":7,"P0_Q5":3,"strategies":"the one i feel would help the students get the most points ","feedback":"thank you . i hope my performance was ok"},"accuracy":[],"trial_type":"survey","trial_index":28,"time_elapsed":775887,"internal_node_id":"0.0-10.0"},{"rt":3998,"stimulus":"<p>Thanks for your time!</p>        <p>We need to manually calculate your bonus pay, please give us up to 7 days.</p><p>Press any key to conclude.</p>","response":"enter","task":"end","subjectId":"6vwx4wuu9045wjb","trial_type":"html-keyboard-response","trial_index":29,"time_elapsed":779885,"internal_node_id":"0.0-11.0","interactions":"[{\"event\":\"focus\",\"trial\":1,\"time\":6461},{\"event\":\"blur\",\"trial\":1,\"time\":10312},{\"event\":\"focus\",\"trial\":1,\"time\":15025},{\"event\":\"fullscreenenter\",\"trial\":1,\"time\":15816},{\"event\":\"blur\",\"trial\":3,\"time\":105629},{\"event\":\"focus\",\"trial\":3,\"time\":110765},{\"event\":\"blur\",\"trial\":28,\"time\":699167},{\"event\":\"focus\",\"trial\":28,\"time\":699715},{\"event\":\"blur\",\"trial\":28,\"time\":722478},{\"event\":\"focus\",\"trial\":28,\"time\":723583},{\"event\":\"blur\",\"trial\":28,\"time\":744346},{\"event\":\"focus\",\"trial\":28,\"time\":745495},{\"event\":\"blur\",\"trial\":28,\"time\":746676},{\"event\":\"focus\",\"trial\":28,\"time\":747753},{\"event\":\"blur\",\"trial\":29,\"time\":777348},{\"event\":\"focus\",\"trial\":29,\"time\":777759}]"}]