[{"success":true,"timeout":false,"failed_images":[],"failed_audio":[],"failed_video":[],"trial_type":"preload","trial_index":0,"time_elapsed":850,"internal_node_id":"0.0-0.0"},{"success":true,"trial_type":"fullscreen","trial_index":1,"time_elapsed":91361,"internal_node_id":"0.0-1.0"},{"rt":199768,"stimulus":"Welcome to the experiment. Press any key to begin.","response":"enter","trial_type":"html-keyboard-response","trial_index":2,"time_elapsed":291137,"internal_node_id":"0.0-2.0"},{"view_history":[{"page_index":0,"viewing_time":2570},{"page_index":1,"viewing_time":5805},{"page_index":2,"viewing_time":970},{"page_index":1,"viewing_time":1122},{"page_index":2,"viewing_time":26951},{"page_index":3,"viewing_time":4550},{"page_index":4,"viewing_time":2249},{"page_index":5,"viewing_time":923},{"page_index":6,"viewing_time":2859},{"page_index":7,"viewing_time":10457},{"page_index":8,"viewing_time":14894},{"page_index":9,"viewing_time":11992},{"page_index":10,"viewing_time":1782},{"page_index":11,"viewing_time":518},{"page_index":12,"viewing_time":472},{"page_index":13,"viewing_time":1665},{"page_index":14,"viewing_time":3105},{"page_index":15,"viewing_time":5942},{"page_index":16,"viewing_time":673},{"page_index":17,"viewing_time":473},{"page_index":18,"viewing_time":405},{"page_index":19,"viewing_time":7989},{"page_index":20,"viewing_time":7516},{"page_index":21,"viewing_time":4701}],"rt":120581,"trial_type":"instructions","trial_index":3,"time_elapsed":411722,"internal_node_id":"0.0-3.0"},{"rt":218799,"url":"../static/nodeGraphsTraining_distractor.html","skip":[],"edgeClickLog":[],"inference_edge":[],"inference_edgeClickLog":[],"trial_type":"external-html","trial_index":4,"time_elapsed":630663,"internal_node_id":"0.0-4.0"},{"rt":27975,"response":{"q1":"The goal is to help the student to get the most points.","q2":"False","q3":"Possible edges you, as the teacher, can choose to teach the learner.","q4":"Edges that the student took before."},"question_order":[0,1,2,3],"trial_type":"survey-multi-choice","trial_index":5,"time_elapsed":658645,"internal_node_id":"0.0-5.0"},{"rt":null,"stimulus":"<p>You can take a 60 second break before starting the experiment.</p><br><br><p>This page will advance in 60 seconds or you can press any key to advance now.</p>","response":null,"trial_type":"html-keyboard-response","trial_index":6,"time_elapsed":718653,"internal_node_id":"0.0-7.0"},{"view_history":[{"page_index":0,"viewing_time":71887}],"rt":71887,"trial_type":"instructions","trial_index":7,"time_elapsed":790543,"internal_node_id":"0.0-8.0"},{"rt":27446,"url":"../static/nodeGraphs_distractor.html","edge":"1to4","edgeRT":"5590","skip":"false","flipped":"FALSE","index":"0","edgeClickLog":"[{\"edgeSelection\":\"1to4\",\"edgeRTMS\":5590}]","trial_id":"cong_0","congruency":"C","trial_group":"1to5","condition":"distractor","inference_edge":"1to4,4to8,4to7","inference_edgeClickLog":"[{\"edgeSelection\":\"1to4\",\"edgeRTMS\":8536},{\"edgeSelection\":\"4to8\",\"edgeRTMS\":14966},{\"edgeSelection\":\"4to7\",\"edgeRTMS\":17287}]","inference_edgeRT":"17287","inference_edge_last":"4to7","task":"experiment","subjectId":"x6xeoes8rwd0fo2","trial_type":"external-html","trial_index":8,"time_elapsed":818232,"internal_node_id":"0.0-9.0-0.0"},{"rt":29160,"url":"../static/nodeGraphs_distractor.html","edge":"6to9","edgeRT":"4157","skip":"false","flipped":"FALSE","index":"1","edgeClickLog":"[{\"edgeSelection\":\"6to9\",\"edgeRTMS\":4157}]","trial_id":"cong_1","congruency":"C","trial_group":"1to5","condition":"distractor","inference_edge":"6to9,2to6,2to4","inference_edgeClickLog":"[{\"edgeSelection\":\"6to9\",\"edgeRTMS\":10038},{\"edgeSelection\":\"2to6\",\"edgeRTMS\":13306},{\"edgeSelection\":\"2to6\",\"edgeRTMS\":14765},{\"edgeSelection\":\"2to6\",\"edgeRTMS\":17589},{\"edgeSelection\":\"2to4\",\"edgeRTMS\":22086}]","inference_edgeRT":"22086","inference_edge_last":"2to4","task":"experiment","subjectId":"x6xeoes8rwd0fo2","trial_type":"external-html","trial_index":9,"time_elapsed":848133,"internal_node_id":"0.0-9.0-0.1"},{"rt":17918,"url":"../static/nodeGraphs_distractor.html","edge":"2to5","edgeRT":"2297","skip":"false","flipped":"FALSE","index":"2","edgeClickLog":"[{\"edgeSelection\":\"2to5\",\"edgeRTMS\":2297}]","trial_id":"cong_6","congruency":"C","trial_group":"1to5","condition":"distractor","inference_edge":"5to9,5to7,2to5","inference_edgeClickLog":"[{\"edgeSelection\":\"5to9\",\"edgeRTMS\":5456},{\"edgeSelection\":\"5to7\",\"edgeRTMS\":7104},{\"edgeSelection\":\"2to5\",\"edgeRTMS\":9988}]","inference_edgeRT":"9988","inference_edge_last":"2to5","task":"experiment","subjectId":"x6xeoes8rwd0fo2","trial_type":"external-html","trial_index":10,"time_elapsed":866893,"internal_node_id":"0.0-9.0-0.2"},{"rt":11546,"url":"../static/nodeGraphs_distractor.html","edge":"4to8","edgeRT":"1918","skip":"false","flipped":"FALSE","index":"3","edgeClickLog":"[{\"edgeSelection\":\"4to8\",\"edgeRTMS\":1918}]","trial_id":"cong_4","congruency":"C","trial_group":"1to5","condition":"distractor","inference_edge":"2to4,2to6,4to8","inference_edgeClickLog":"[{\"edgeSelection\":\"2to4\",\"edgeRTMS\":3279},{\"edgeSelection\":\"2to6\",\"edgeRTMS\":4943},{\"edgeSelection\":\"4to8\",\"edgeRTMS\":8343}]","inference_edgeRT":"8343","inference_edge_last":"4to8","task":"experiment","subjectId":"x6xeoes8rwd0fo2","trial_type":"external-html","trial_index":11,"time_elapsed":879092,"internal_node_id":"0.0-9.0-0.3"},{"rt":15996,"url":"../static/nodeGraphs_distractor.html","edge":"2to5","edgeRT":"3346","skip":"false","flipped":"FALSE","index":"4","edgeClickLog":"[{\"edgeSelection\":\"2to5\",\"edgeRTMS\":3346}]","trial_id":"cong_9","congruency":"C","trial_group":"1to5","condition":"distractor","inference_edge":"2to5,5to8,5to9","inference_edgeClickLog":"[{\"edgeSelection\":\"2to5\",\"edgeRTMS\":3045},{\"edgeSelection\":\"5to8\",\"edgeRTMS\":9041},{\"edgeSelection\":\"5to9\",\"edgeRTMS\":10169}]","inference_edgeRT":"10169","inference_edge_last":"5to9","task":"experiment","subjectId":"x6xeoes8rwd0fo2","trial_type":"external-html","trial_index":12,"time_elapsed":895741,"internal_node_id":"0.0-9.0-0.4"},{"rt":12338,"url":"../static/nodeGraphs_distractor.html","edge":"3to6","edgeRT":"2210","skip":"false","flipped":"TRUE","index":"5","edgeClickLog":"[{\"edgeSelection\":\"3to6\",\"edgeRTMS\":2210}]","trial_id":"cong_0_flipped","congruency":"C","trial_group":"5to10","condition":"distractor","inference_edge":"6to9,6to8,3to6","inference_edgeClickLog":"[{\"edgeSelection\":\"6to9\",\"edgeRTMS\":3934},{\"edgeSelection\":\"6to8\",\"edgeRTMS\":5792},{\"edgeSelection\":\"3to6\",\"edgeRTMS\":7870}]","inference_edgeRT":"7870","inference_edge_last":"3to6","task":"experiment","subjectId":"x6xeoes8rwd0fo2","trial_type":"external-html","trial_index":13,"time_elapsed":908758,"internal_node_id":"0.0-9.0-0.5"},{"rt":15598,"url":"../static/nodeGraphs_distractor.html","edge":"2to4","edgeRT":"1154","skip":"false","flipped":"TRUE","index":"6","edgeClickLog":"[{\"edgeSelection\":\"2to4\",\"edgeRTMS\":1154}]","trial_id":"cong_1_flipped","congruency":"C","trial_group":"5to10","condition":"distractor","inference_edge":"4to7,2to6,2to4","inference_edgeClickLog":"[{\"edgeSelection\":\"4to7\",\"edgeRTMS\":3458},{\"edgeSelection\":\"2to6\",\"edgeRTMS\":10481},{\"edgeSelection\":\"2to4\",\"edgeRTMS\":11945}]","inference_edgeRT":"11945","inference_edge_last":"2to4","task":"experiment","subjectId":"x6xeoes8rwd0fo2","trial_type":"external-html","trial_index":14,"time_elapsed":925021,"internal_node_id":"0.0-9.0-0.6"},{"rt":11944,"url":"../static/nodeGraphs_distractor.html","edge":"2to5","edgeRT":"2562","skip":"false","flipped":"TRUE","index":"7","edgeClickLog":"[{\"edgeSelection\":\"2to5\",\"edgeRTMS\":2562}]","trial_id":"cong_6_flipped","congruency":"C","trial_group":"5to10","condition":"distractor","inference_edge":"5to7,5to9,2to5","inference_edgeClickLog":"[{\"edgeSelection\":\"5to7\",\"edgeRTMS\":4674},{\"edgeSelection\":\"5to9\",\"edgeRTMS\":5619},{\"edgeSelection\":\"2to5\",\"edgeRTMS\":7545}]","inference_edgeRT":"7545","inference_edge_last":"2to5","task":"experiment","subjectId":"x6xeoes8rwd0fo2","trial_type":"external-html","trial_index":15,"time_elapsed":937693,"internal_node_id":"0.0-9.0-0.7"},{"rt":15129,"url":"../static/nodeGraphs_distractor.html","edge":"2to6","edgeRT":"1325","skip":"false","flipped":"TRUE","index":"8","edgeClickLog":"[{\"edgeSelection\":\"2to6\",\"edgeRTMS\":1325}]","trial_id":"cong_4_flipped","congruency":"C","trial_group":"5to10","condition":"distractor","inference_edge":"6to8,6to9,2to6","inference_edgeClickLog":"[{\"edgeSelection\":\"2to6\",\"edgeRTMS\":3691},{\"edgeSelection\":\"2to4\",\"edgeRTMS\":4585},{\"edgeSelection\":\"6to8\",\"edgeRTMS\":6073},{\"edgeSelection\":\"6to9\",\"edgeRTMS\":7656},{\"edgeSelection\":\"2to6\",\"edgeRTMS\":9353}]","inference_edgeRT":"9353","inference_edge_last":"2to6","task":"experiment","subjectId":"x6xeoes8rwd0fo2","trial_type":"external-html","trial_index":16,"time_elapsed":953526,"internal_node_id":"0.0-9.0-0.8"},{"rt":8196,"url":"../static/nodeGraphs_distractor.html","edge":"2to5","edgeRT":"1474","skip":"false","flipped":"TRUE","index":"9","edgeClickLog":"[{\"edgeSelection\":\"2to5\",\"edgeRTMS\":1474}]","trial_id":"cong_9_flipped","congruency":"C","trial_group":"5to10","condition":"distractor","inference_edge":"2to5,5to8,5to7","inference_edgeClickLog":"[{\"edgeSelection\":\"2to5\",\"edgeRTMS\":2517},{\"edgeSelection\":\"5to8\",\"edgeRTMS\":4816},{\"edgeSelection\":\"5to7\",\"edgeRTMS\":6010}]","inference_edgeRT":"6010","inference_edge_last":"5to7","task":"experiment","subjectId":"x6xeoes8rwd0fo2","trial_type":"external-html","trial_index":17,"time_elapsed":962479,"internal_node_id":"0.0-9.0-0.9"},{"rt":10040,"url":"../static/nodeGraphs_distractor.html","edge":"1to4","edgeRT":"1213","skip":"false","flipped":"FALSE","index":"10","edgeClickLog":"[{\"edgeSelection\":\"1to4\",\"edgeRTMS\":1213}]","trial_id":"cong_0","congruency":"C","trial_group":"10to15","condition":"distractor","inference_edge":"1to4,4to7,4to8","inference_edgeClickLog":"[{\"edgeSelection\":\"1to4\",\"edgeRTMS\":3552},{\"edgeSelection\":\"4to7\",\"edgeRTMS\":6808},{\"edgeSelection\":\"4to8\",\"edgeRTMS\":7770}]","inference_edgeRT":"7770","inference_edge_last":"4to8","task":"experiment","subjectId":"x6xeoes8rwd0fo2","trial_type":"external-html","trial_index":18,"time_elapsed":973219,"internal_node_id":"0.0-9.0-0.10"},{"rt":14220,"url":"../static/nodeGraphs_distractor.html","edge":"2to6","edgeRT":"1233","skip":"false","flipped":"FALSE","index":"11","edgeClickLog":"[{\"edgeSelection\":\"2to6\",\"edgeRTMS\":1233}]","trial_id":"cong_1","congruency":"C","trial_group":"10to15","condition":"distractor","inference_edge":"2to4,2to6,6to9","inference_edgeClickLog":"[{\"edgeSelection\":\"2to4\",\"edgeRTMS\":5064},{\"edgeSelection\":\"2to6\",\"edgeRTMS\":9852},{\"edgeSelection\":\"6to9\",\"edgeRTMS\":12003}]","inference_edgeRT":"12003","inference_edge_last":"6to9","task":"experiment","subjectId":"x6xeoes8rwd0fo2","trial_type":"external-html","trial_index":19,"time_elapsed":988179,"internal_node_id":"0.0-9.0-0.11"},{"rt":12788,"url":"../static/nodeGraphs_distractor.html","edge":"2to5","edgeRT":"5026","skip":"false","flipped":"FALSE","index":"12","edgeClickLog":"[{\"edgeSelection\":\"2to5\",\"edgeRTMS\":5026}]","trial_id":"cong_6","congruency":"C","trial_group":"10to15","condition":"distractor","inference_edge":"2to5,5to7,5to9","inference_edgeClickLog":"[{\"edgeSelection\":\"2to5\",\"edgeRTMS\":4853},{\"edgeSelection\":\"5to7\",\"edgeRTMS\":5957},{\"edgeSelection\":\"5to9\",\"edgeRTMS\":6716}]","inference_edgeRT":"6716","inference_edge_last":"5to9","task":"experiment","subjectId":"x6xeoes8rwd0fo2","trial_type":"external-html","trial_index":20,"time_elapsed":1001711,"internal_node_id":"0.0-9.0-0.12"},{"rt":9973,"url":"../static/nodeGraphs_distractor.html","edge":"2to4","edgeRT":"1910","skip":"false","flipped":"FALSE","index":"13","edgeClickLog":"[{\"edgeSelection\":\"2to4\",\"edgeRTMS\":1910}]","trial_id":"cong_4","congruency":"C","trial_group":"10to15","condition":"distractor","inference_edge":"2to4,2to6,4to8","inference_edgeClickLog":"[{\"edgeSelection\":\"2to4\",\"edgeRTMS\":2553},{\"edgeSelection\":\"2to6\",\"edgeRTMS\":3972},{\"edgeSelection\":\"4to8\",\"edgeRTMS\":7192}]","inference_edgeRT":"7192","inference_edge_last":"4to8","task":"experiment","subjectId":"x6xeoes8rwd0fo2","trial_type":"external-html","trial_index":21,"time_elapsed":1012418,"internal_node_id":"0.0-9.0-0.13"},{"rt":8308,"url":"../static/nodeGraphs_distractor.html","edge":"2to5","edgeRT":"1680","skip":"false","flipped":"FALSE","index":"14","edgeClickLog":"[{\"edgeSelection\":\"2to5\",\"edgeRTMS\":1680}]","trial_id":"cong_9","congruency":"C","trial_group":"10to15","condition":"distractor","inference_edge":"2to5,5to9,5to8","inference_edgeClickLog":"[{\"edgeSelection\":\"2to5\",\"edgeRTMS\":2558},{\"edgeSelection\":\"5to9\",\"edgeRTMS\":5186},{\"edgeSelection\":\"5to8\",\"edgeRTMS\":5865}]","inference_edgeRT":"5865","inference_edge_last":"5to8","task":"experiment","subjectId":"x6xeoes8rwd0fo2","trial_type":"external-html","trial_index":22,"time_elapsed":1021488,"internal_node_id":"0.0-9.0-0.14"},{"rt":14376,"url":"../static/nodeGraphs_distractor.html","edge":"6to8","edgeRT":"2578","skip":"false","flipped":"FALSE","index":"15","edgeClickLog":"[{\"edgeSelection\":\"6to8\",\"edgeRTMS\":2578}]","trial_id":"test_0","congruency":"I","trial_group":"15to20","condition":"distractor","inference_edge":"2to5,5to9,5to8","inference_edgeClickLog":"[{\"edgeSelection\":\"2to5\",\"edgeRTMS\":2558},{\"edgeSelection\":\"5to9\",\"edgeRTMS\":5186},{\"edgeSelection\":\"5to8\",\"edgeRTMS\":5865}]","inference_edgeRT":"5865","inference_edge_last":"","task":"experiment","subjectId":"x6xeoes8rwd0fo2","trial_type":"external-html","trial_index":23,"time_elapsed":1036576,"internal_node_id":"0.0-9.0-0.15"},{"rt":6723,"url":"../static/nodeGraphs_distractor.html","edge":"3to6","edgeRT":"6454","skip":"false","flipped":"FALSE","index":"16","edgeClickLog":"[{\"edgeSelection\":\"3to6\",\"edgeRTMS\":6454}]","trial_id":"test_1","congruency":"I","trial_group":"15to20","condition":"distractor","inference_edge":"2to5,5to9,5to8","inference_edgeClickLog":"[{\"edgeSelection\":\"2to5\",\"edgeRTMS\":2558},{\"edgeSelection\":\"5to9\",\"edgeRTMS\":5186},{\"edgeSelection\":\"5to8\",\"edgeRTMS\":5865}]","inference_edgeRT":"5865","inference_edge_last":"","task":"experiment","subjectId":"x6xeoes8rwd0fo2","trial_type":"external-html","trial_index":24,"time_elapsed":1044012,"internal_node_id":"0.0-9.0-0.16"},{"rt":2558,"url":"../static/nodeGraphs_distractor.html","edge":"3to6","edgeRT":"2306","skip":"false","flipped":"FALSE","index":"17","edgeClickLog":"[{\"edgeSelection\":\"3to6\",\"edgeRTMS\":2306}]","trial_id":"test_2","congruency":"I","trial_group":"15to20","condition":"distractor","inference_edge":"2to5,5to9,5to8","inference_edgeClickLog":"[{\"edgeSelection\":\"2to5\",\"edgeRTMS\":2558},{\"edgeSelection\":\"5to9\",\"edgeRTMS\":5186},{\"edgeSelection\":\"5to8\",\"edgeRTMS\":5865}]","inference_edgeRT":"5865","inference_edge_last":"","task":"experiment","subjectId":"x6xeoes8rwd0fo2","trial_type":"external-html","trial_index":25,"time_elapsed":1047268,"internal_node_id":"0.0-9.0-0.17"},{"rt":4259,"url":"../static/nodeGraphs_distractor.html","edge":"1to5","edgeRT":"4274","skip":"false","flipped":"FALSE","index":"18","edgeClickLog":"[{\"edgeSelection\":\"1to5\",\"edgeRTMS\":4274}]","trial_id":"test_3","congruency":"I","trial_group":"15to20","condition":"distractor","inference_edge":"2to5,5to9,5to8","inference_edgeClickLog":"[{\"edgeSelection\":\"2to5\",\"edgeRTMS\":2558},{\"edgeSelection\":\"5to9\",\"edgeRTMS\":5186},{\"edgeSelection\":\"5to8\",\"edgeRTMS\":5865}]","inference_edgeRT":"5865","inference_edge_last":"","task":"experiment","subjectId":"x6xeoes8rwd0fo2","trial_type":"external-html","trial_index":26,"time_elapsed":1052320,"internal_node_id":"0.0-9.0-0.18"},{"rt":3346,"url":"../static/nodeGraphs_distractor.html","edge":"6to9","edgeRT":"3310","skip":"false","flipped":"FALSE","index":"19","edgeClickLog":"[{\"edgeSelection\":\"6to9\",\"edgeRTMS\":3310}]","trial_id":"test_4","congruency":"I","trial_group":"15to20","condition":"distractor","inference_edge":"2to5,5to9,5to8","inference_edgeClickLog":"[{\"edgeSelection\":\"2to5\",\"edgeRTMS\":2558},{\"edgeSelection\":\"5to9\",\"edgeRTMS\":5186},{\"edgeSelection\":\"5to8\",\"edgeRTMS\":5865}]","inference_edgeRT":"5865","inference_edge_last":"","task":"experiment","subjectId":"x6xeoes8rwd0fo2","trial_type":"external-html","trial_index":27,"time_elapsed":1056484,"internal_node_id":"0.0-9.0-0.19"},{"rt":34060,"response":{"P0_Q0":null,"P0_Q1":3,"P0_Q2":3,"P0_Q3":3,"P0_Q4":5,"P0_Q5":5,"strategies":"Edges that led to the most possible points","feedback":""},"accuracy":[],"trial_type":"survey","trial_index":28,"time_elapsed":1091128,"internal_node_id":"0.0-10.0"},{"rt":4960,"stimulus":"<p>Thanks for your time!</p>        <p>We need to manually calculate your bonus pay, please give us up to 7 days.</p><p>Press any key to conclude.</p>","response":"enter","task":"end","subjectId":"x6xeoes8rwd0fo2","trial_type":"html-keyboard-response","trial_index":29,"time_elapsed":1096089,"internal_node_id":"0.0-11.0","interactions":"[{\"event\":\"blur\",\"trial\":1,\"time\":1446},{\"event\":\"focus\",\"trial\":1,\"time\":90284},{\"event\":\"fullscreenenter\",\"trial\":1,\"time\":90433},{\"event\":\"blur\",\"trial\":1,\"time\":91262},{\"event\":\"focus\",\"trial\":2,\"time\":289983},{\"event\":\"blur\",\"trial\":4,\"time\":428537},{\"event\":\"focus\",\"trial\":4,\"time\":428537},{\"event\":\"fullscreenexit\",\"trial\":4,\"time\":428548},{\"event\":\"blur\",\"trial\":6,\"time\":664701},{\"event\":\"focus\",\"trial\":6,\"time\":712774},{\"event\":\"blur\",\"trial\":6,\"time\":716422},{\"event\":\"focus\",\"trial\":7,\"time\":790406}]"}]