[{"success":true,"timeout":false,"failed_images":[],"failed_audio":[],"failed_video":[],"trial_type":"preload","trial_index":0,"time_elapsed":303,"internal_node_id":"0.0-0.0"},{"success":true,"trial_type":"fullscreen","trial_index":1,"time_elapsed":4706,"internal_node_id":"0.0-1.0"},{"rt":2337,"stimulus":"Welcome to the experiment. Press any key to begin.","response":" ","trial_type":"html-keyboard-response","trial_index":2,"time_elapsed":7044,"internal_node_id":"0.0-2.0"},{"view_history":[{"page_index":0,"viewing_time":5974},{"page_index":1,"viewing_time":7119},{"page_index":2,"viewing_time":32870},{"page_index":3,"viewing_time":16593},{"page_index":4,"viewing_time":2922},{"page_index":5,"viewing_time":1552},{"page_index":6,"viewing_time":3444},{"page_index":7,"viewing_time":11502},{"page_index":8,"viewing_time":20381},{"page_index":9,"viewing_time":15605},{"page_index":10,"viewing_time":1771},{"page_index":11,"viewing_time":1887},{"page_index":12,"viewing_time":1989},{"page_index":13,"viewing_time":3272},{"page_index":14,"viewing_time":4565},{"page_index":15,"viewing_time":7223},{"page_index":16,"viewing_time":1731},{"page_index":17,"viewing_time":1628},{"page_index":18,"viewing_time":4434},{"page_index":19,"viewing_time":3402},{"page_index":20,"viewing_time":5949},{"page_index":21,"viewing_time":3762}],"rt":159577,"trial_type":"instructions","trial_index":3,"time_elapsed":166621,"internal_node_id":"0.0-3.0"},{"rt":175088,"url":"../static/nodeGraphsTraining_distractor.html","skip":[],"edgeClickLog":[],"inference_edge":[],"inference_edgeClickLog":[],"trial_type":"external-html","trial_index":4,"time_elapsed":341775,"internal_node_id":"0.0-4.0"},{"rt":28997,"response":{"q1":"The goal is to help the student to get the most points.","q2":"False","q3":"Possible edges you, as the teacher, can choose to teach the learner.","q4":"Edges that the student took before."},"question_order":[0,1,2,3],"trial_type":"survey-multi-choice","trial_index":5,"time_elapsed":370774,"internal_node_id":"0.0-5.0"},{"rt":4908,"stimulus":"<p>You can take a 60 second break before starting the experiment.</p><br><br><p>This page will advance in 60 seconds or you can press any key to advance now.</p>","response":" ","trial_type":"html-keyboard-response","trial_index":6,"time_elapsed":375685,"internal_node_id":"0.0-7.0"},{"view_history":[{"page_index":0,"viewing_time":21873}],"rt":21873,"trial_type":"instructions","trial_index":7,"time_elapsed":397558,"internal_node_id":"0.0-8.0"},{"rt":46746,"url":"../static/nodeGraphs_distractor.html","edge":"1to4","edgeRT":"11914","skip":"false","flipped":"FALSE","index":"0","edgeClickLog":"[{\"edgeSelection\":\"1to4\",\"edgeRTMS\":11914}]","trial_id":"cong_0","congruency":"C","trial_group":"1to5","condition":"distractor","inference_edge":"1to4,2to4,4to8","inference_edgeClickLog":"[{\"edgeSelection\":\"1to4\",\"edgeRTMS\":7594},{\"edgeSelection\":\"2to4\",\"edgeRTMS\":10062},{\"edgeSelection\":\"4to8\",\"edgeRTMS\":30334}]","inference_edgeRT":"30334","inference_edge_last":"4to8","task":"experiment","subjectId":"zfhrzl8953pep27","trial_type":"external-html","trial_index":8,"time_elapsed":444392,"internal_node_id":"0.0-9.0-0.0"},{"rt":29331,"url":"../static/nodeGraphs_distractor.html","edge":"2to6","edgeRT":"8345","skip":"false","flipped":"FALSE","index":"1","edgeClickLog":"[{\"edgeSelection\":\"2to6\",\"edgeRTMS\":8345}]","trial_id":"cong_1","congruency":"C","trial_group":"1to5","condition":"distractor","inference_edge":"2to6,2to4,3to6","inference_edgeClickLog":"[{\"edgeSelection\":\"3to5\",\"edgeRTMS\":8167},{\"edgeSelection\":\"3to5\",\"edgeRTMS\":10198},{\"edgeSelection\":\"2to6\",\"edgeRTMS\":11494},{\"edgeSelection\":\"2to4\",\"edgeRTMS\":14246},{\"edgeSelection\":\"3to6\",\"edgeRTMS\":18446}]","inference_edgeRT":"18446","inference_edge_last":"3to6","task":"experiment","subjectId":"zfhrzl8953pep27","trial_type":"external-html","trial_index":9,"time_elapsed":474354,"internal_node_id":"0.0-9.0-0.1"},{"rt":35789,"url":"../static/nodeGraphs_distractor.html","edge":"2to5","edgeRT":"10449","skip":"false","flipped":"FALSE","index":"2","edgeClickLog":"[{\"edgeSelection\":\"2to5\",\"edgeRTMS\":10449}]","trial_id":"cong_6","congruency":"C","trial_group":"1to5","condition":"distractor","inference_edge":"2to5,1to5,5to7","inference_edgeClickLog":"[{\"edgeSelection\":\"2to5\",\"edgeRTMS\":9235},{\"edgeSelection\":\"1to5\",\"edgeRTMS\":21339},{\"edgeSelection\":\"5to7\",\"edgeRTMS\":23891}]","inference_edgeRT":"23891","inference_edge_last":"5to7","task":"experiment","subjectId":"zfhrzl8953pep27","trial_type":"external-html","trial_index":10,"time_elapsed":511176,"internal_node_id":"0.0-9.0-0.2"},{"rt":23219,"url":"../static/nodeGraphs_distractor.html","edge":"2to4","edgeRT":"5545","skip":"false","flipped":"FALSE","index":"3","edgeClickLog":"[{\"edgeSelection\":\"2to4\",\"edgeRTMS\":5545}]","trial_id":"cong_4","congruency":"C","trial_group":"1to5","condition":"distractor","inference_edge":"2to4,4to8,2to6","inference_edgeClickLog":"[{\"edgeSelection\":\"2to4\",\"edgeRTMS\":4958},{\"edgeSelection\":\"4to8\",\"edgeRTMS\":7446},{\"edgeSelection\":\"2to6\",\"edgeRTMS\":16054}]","inference_edgeRT":"16054","inference_edge_last":"2to6","task":"experiment","subjectId":"zfhrzl8953pep27","trial_type":"external-html","trial_index":11,"time_elapsed":535104,"internal_node_id":"0.0-9.0-0.3"},{"rt":21150,"url":"../static/nodeGraphs_distractor.html","edge":"2to5","edgeRT":"6121","skip":"false","flipped":"FALSE","index":"4","edgeClickLog":"[{\"edgeSelection\":\"2to5\",\"edgeRTMS\":6121}]","trial_id":"cong_9","congruency":"C","trial_group":"1to5","condition":"distractor","inference_edge":"2to5,3to5,5to8","inference_edgeClickLog":"[{\"edgeSelection\":\"2to5\",\"edgeRTMS\":6006},{\"edgeSelection\":\"3to5\",\"edgeRTMS\":11591},{\"edgeSelection\":\"5to8\",\"edgeRTMS\":13213}]","inference_edgeRT":"13213","inference_edge_last":"5to8","task":"experiment","subjectId":"zfhrzl8953pep27","trial_type":"external-html","trial_index":12,"time_elapsed":557031,"internal_node_id":"0.0-9.0-0.4"},{"rt":30123,"url":"../static/nodeGraphs_distractor.html","edge":"3to6","edgeRT":"6066","skip":"false","flipped":"TRUE","index":"5","edgeClickLog":"[{\"edgeSelection\":\"3to6\",\"edgeRTMS\":6066}]","trial_id":"cong_0_flipped","congruency":"C","trial_group":"5to10","condition":"distractor","inference_edge":"3to6,2to6,6to9","inference_edgeClickLog":"[{\"edgeSelection\":\"3to6\",\"edgeRTMS\":8404},{\"edgeSelection\":\"2to6\",\"edgeRTMS\":10485},{\"edgeSelection\":\"6to9\",\"edgeRTMS\":20437}]","inference_edgeRT":"20437","inference_edge_last":"6to9","task":"experiment","subjectId":"zfhrzl8953pep27","trial_type":"external-html","trial_index":13,"time_elapsed":587848,"internal_node_id":"0.0-9.0-0.5"},{"rt":22551,"url":"../static/nodeGraphs_distractor.html","edge":"2to4","edgeRT":"5577","skip":"false","flipped":"TRUE","index":"6","edgeClickLog":"[{\"edgeSelection\":\"2to4\",\"edgeRTMS\":5577}]","trial_id":"cong_1_flipped","congruency":"C","trial_group":"5to10","condition":"distractor","inference_edge":"2to4,2to6,1to4","inference_edgeClickLog":"[{\"edgeSelection\":\"2to4\",\"edgeRTMS\":4541},{\"edgeSelection\":\"2to6\",\"edgeRTMS\":7877},{\"edgeSelection\":\"1to4\",\"edgeRTMS\":11901}]","inference_edgeRT":"11901","inference_edge_last":"1to4","task":"experiment","subjectId":"zfhrzl8953pep27","trial_type":"external-html","trial_index":14,"time_elapsed":611071,"internal_node_id":"0.0-9.0-0.6"},{"rt":22017,"url":"../static/nodeGraphs_distractor.html","edge":"2to5","edgeRT":"7361","skip":"false","flipped":"TRUE","index":"7","edgeClickLog":"[{\"edgeSelection\":\"2to5\",\"edgeRTMS\":6048},{\"edgeSelection\":\"2to5\",\"edgeRTMS\":7361}]","trial_id":"cong_6_flipped","congruency":"C","trial_group":"5to10","condition":"distractor","inference_edge":"2to5,5to9,5to7","inference_edgeClickLog":"[{\"edgeSelection\":\"2to5\",\"edgeRTMS\":4589},{\"edgeSelection\":\"5to9\",\"edgeRTMS\":9982},{\"edgeSelection\":\"5to7\",\"edgeRTMS\":11725}]","inference_edgeRT":"11725","inference_edge_last":"5to7","task":"experiment","subjectId":"zfhrzl8953pep27","trial_type":"external-html","trial_index":15,"time_elapsed":633840,"internal_node_id":"0.0-9.0-0.7"},{"rt":22769,"url":"../static/nodeGraphs_distractor.html","edge":"2to6","edgeRT":"3298","skip":"false","flipped":"TRUE","index":"8","edgeClickLog":"[{\"edgeSelection\":\"2to6\",\"edgeRTMS\":3298}]","trial_id":"cong_4_flipped","congruency":"C","trial_group":"5to10","condition":"distractor","inference_edge":"2to6,6to8,2to4","inference_edgeClickLog":"[{\"edgeSelection\":\"2to6\",\"edgeRTMS\":4245},{\"edgeSelection\":\"6to8\",\"edgeRTMS\":9325},{\"edgeSelection\":\"2to4\",\"edgeRTMS\":16356}]","inference_edgeRT":"16356","inference_edge_last":"2to4","task":"experiment","subjectId":"zfhrzl8953pep27","trial_type":"external-html","trial_index":16,"time_elapsed":657248,"internal_node_id":"0.0-9.0-0.8"},{"rt":14195,"url":"../static/nodeGraphs_distractor.html","edge":"2to5","edgeRT":"3785","skip":"false","flipped":"TRUE","index":"9","edgeClickLog":"[{\"edgeSelection\":\"2to5\",\"edgeRTMS\":3785}]","trial_id":"cong_9_flipped","congruency":"C","trial_group":"5to10","condition":"distractor","inference_edge":"2to5,1to5,5to7","inference_edgeClickLog":"[{\"edgeSelection\":\"2to5\",\"edgeRTMS\":4109},{\"edgeSelection\":\"1to5\",\"edgeRTMS\":6661},{\"edgeSelection\":\"5to7\",\"edgeRTMS\":8358}]","inference_edgeRT":"8358","inference_edge_last":"5to7","task":"experiment","subjectId":"zfhrzl8953pep27","trial_type":"external-html","trial_index":17,"time_elapsed":672096,"internal_node_id":"0.0-9.0-0.9"},{"rt":16360,"url":"../static/nodeGraphs_distractor.html","edge":"1to4","edgeRT":"2729","skip":"false","flipped":"FALSE","index":"10","edgeClickLog":"[{\"edgeSelection\":\"1to4\",\"edgeRTMS\":2729}]","trial_id":"cong_0","congruency":"C","trial_group":"10to15","condition":"distractor","inference_edge":"1to4,2to4,4to7","inference_edgeClickLog":"[{\"edgeSelection\":\"1to4\",\"edgeRTMS\":4845},{\"edgeSelection\":\"2to4\",\"edgeRTMS\":6157},{\"edgeSelection\":\"4to7\",\"edgeRTMS\":11741}]","inference_edgeRT":"11741","inference_edge_last":"4to7","task":"experiment","subjectId":"zfhrzl8953pep27","trial_type":"external-html","trial_index":18,"time_elapsed":689192,"internal_node_id":"0.0-9.0-0.10"},{"rt":23577,"url":"../static/nodeGraphs_distractor.html","edge":"2to6","edgeRT":"2824","skip":"false","flipped":"FALSE","index":"11","edgeClickLog":"[{\"edgeSelection\":\"2to6\",\"edgeRTMS\":2824}]","trial_id":"cong_1","congruency":"C","trial_group":"10to15","condition":"distractor","inference_edge":"2to6,2to4,6to9","inference_edgeClickLog":"[{\"edgeSelection\":\"2to6\",\"edgeRTMS\":8637},{\"edgeSelection\":\"2to4\",\"edgeRTMS\":11021},{\"edgeSelection\":\"6to9\",\"edgeRTMS\":18205}]","inference_edgeRT":"18205","inference_edge_last":"6to9","task":"experiment","subjectId":"zfhrzl8953pep27","trial_type":"external-html","trial_index":19,"time_elapsed":713560,"internal_node_id":"0.0-9.0-0.11"},{"rt":19661,"url":"../static/nodeGraphs_distractor.html","edge":"2to5","edgeRT":"1809","skip":"false","flipped":"FALSE","index":"12","edgeClickLog":"[{\"edgeSelection\":\"2to5\",\"edgeRTMS\":1809}]","trial_id":"cong_6","congruency":"C","trial_group":"10to15","condition":"distractor","inference_edge":"2to5,5to7,5to9","inference_edgeClickLog":"[{\"edgeSelection\":\"2to5\",\"edgeRTMS\":4669},{\"edgeSelection\":\"5to7\",\"edgeRTMS\":15094},{\"edgeSelection\":\"5to9\",\"edgeRTMS\":15989}]","inference_edgeRT":"15989","inference_edge_last":"5to9","task":"experiment","subjectId":"zfhrzl8953pep27","trial_type":"external-html","trial_index":20,"time_elapsed":733968,"internal_node_id":"0.0-9.0-0.12"},{"rt":15022,"url":"../static/nodeGraphs_distractor.html","edge":"2to4","edgeRT":"1906","skip":"false","flipped":"FALSE","index":"13","edgeClickLog":"[{\"edgeSelection\":\"2to4\",\"edgeRTMS\":1906}]","trial_id":"cong_4","congruency":"C","trial_group":"10to15","condition":"distractor","inference_edge":"2to4,4to8,1to4","inference_edgeClickLog":"[{\"edgeSelection\":\"2to4\",\"edgeRTMS\":4012},{\"edgeSelection\":\"4to8\",\"edgeRTMS\":6763},{\"edgeSelection\":\"1to4\",\"edgeRTMS\":11516}]","inference_edgeRT":"11516","inference_edge_last":"1to4","task":"experiment","subjectId":"zfhrzl8953pep27","trial_type":"external-html","trial_index":21,"time_elapsed":749655,"internal_node_id":"0.0-9.0-0.13"},{"rt":11367,"url":"../static/nodeGraphs_distractor.html","edge":"2to5","edgeRT":"1482","skip":"false","flipped":"FALSE","index":"14","edgeClickLog":"[{\"edgeSelection\":\"2to5\",\"edgeRTMS\":1482}]","trial_id":"cong_9","congruency":"C","trial_group":"10to15","condition":"distractor","inference_edge":"2to5,3to5,5to9","inference_edgeClickLog":"[{\"edgeSelection\":\"2to5\",\"edgeRTMS\":3510},{\"edgeSelection\":\"3to5\",\"edgeRTMS\":5453},{\"edgeSelection\":\"5to9\",\"edgeRTMS\":8092}]","inference_edgeRT":"8092","inference_edge_last":"5to9","task":"experiment","subjectId":"zfhrzl8953pep27","trial_type":"external-html","trial_index":22,"time_elapsed":761751,"internal_node_id":"0.0-9.0-0.14"},{"rt":27543,"url":"../static/nodeGraphs_distractor.html","edge":"6to8","edgeRT":"9490","skip":"false","flipped":"FALSE","index":"15","edgeClickLog":"[{\"edgeSelection\":\"6to8\",\"edgeRTMS\":9490}]","trial_id":"test_0","congruency":"I","trial_group":"15to20","condition":"distractor","inference_edge":"2to5,3to5,5to9","inference_edgeClickLog":"[{\"edgeSelection\":\"2to5\",\"edgeRTMS\":3510},{\"edgeSelection\":\"3to5\",\"edgeRTMS\":5453},{\"edgeSelection\":\"5to9\",\"edgeRTMS\":8092}]","inference_edgeRT":"8092","inference_edge_last":"","task":"experiment","subjectId":"zfhrzl8953pep27","trial_type":"external-html","trial_index":23,"time_elapsed":790040,"internal_node_id":"0.0-9.0-0.15"},{"rt":6910,"url":"../static/nodeGraphs_distractor.html","edge":"3to6","edgeRT":"6313","skip":"false","flipped":"FALSE","index":"16","edgeClickLog":"[{\"edgeSelection\":\"3to6\",\"edgeRTMS\":6313}]","trial_id":"test_1","congruency":"I","trial_group":"15to20","condition":"distractor","inference_edge":"2to5,3to5,5to9","inference_edgeClickLog":"[{\"edgeSelection\":\"2to5\",\"edgeRTMS\":3510},{\"edgeSelection\":\"3to5\",\"edgeRTMS\":5453},{\"edgeSelection\":\"5to9\",\"edgeRTMS\":8092}]","inference_edgeRT":"8092","inference_edge_last":"","task":"experiment","subjectId":"zfhrzl8953pep27","trial_type":"external-html","trial_index":24,"time_elapsed":797734,"internal_node_id":"0.0-9.0-0.16"},{"rt":15505,"url":"../static/nodeGraphs_distractor.html","edge":"3to5","edgeRT":"14386","skip":"false","flipped":"FALSE","index":"17","edgeClickLog":"[{\"edgeSelection\":\"3to5\",\"edgeRTMS\":14386}]","trial_id":"test_2","congruency":"I","trial_group":"15to20","condition":"distractor","inference_edge":"2to5,3to5,5to9","inference_edgeClickLog":"[{\"edgeSelection\":\"2to5\",\"edgeRTMS\":3510},{\"edgeSelection\":\"3to5\",\"edgeRTMS\":5453},{\"edgeSelection\":\"5to9\",\"edgeRTMS\":8092}]","inference_edgeRT":"8092","inference_edge_last":"","task":"experiment","subjectId":"zfhrzl8953pep27","trial_type":"external-html","trial_index":25,"time_elapsed":813992,"internal_node_id":"0.0-9.0-0.17"},{"rt":7190,"url":"../static/nodeGraphs_distractor.html","edge":"1to5","edgeRT":"6649","skip":"false","flipped":"FALSE","index":"18","edgeClickLog":"[{\"edgeSelection\":\"1to5\",\"edgeRTMS\":6649}]","trial_id":"test_3","congruency":"I","trial_group":"15to20","condition":"distractor","inference_edge":"2to5,3to5,5to9","inference_edgeClickLog":"[{\"edgeSelection\":\"2to5\",\"edgeRTMS\":3510},{\"edgeSelection\":\"3to5\",\"edgeRTMS\":5453},{\"edgeSelection\":\"5to9\",\"edgeRTMS\":8092}]","inference_edgeRT":"8092","inference_edge_last":"","task":"experiment","subjectId":"zfhrzl8953pep27","trial_type":"external-html","trial_index":26,"time_elapsed":821911,"internal_node_id":"0.0-9.0-0.18"},{"rt":18344,"url":"../static/nodeGraphs_distractor.html","edge":"2to6","edgeRT":"17137","skip":"false","flipped":"FALSE","index":"19","edgeClickLog":"[{\"edgeSelection\":\"2to6\",\"edgeRTMS\":17137}]","trial_id":"test_4","congruency":"I","trial_group":"15to20","condition":"distractor","inference_edge":"2to5,3to5,5to9","inference_edgeClickLog":"[{\"edgeSelection\":\"2to5\",\"edgeRTMS\":3510},{\"edgeSelection\":\"3to5\",\"edgeRTMS\":5453},{\"edgeSelection\":\"5to9\",\"edgeRTMS\":8092}]","inference_edgeRT":"8092","inference_edge_last":"","task":"experiment","subjectId":"zfhrzl8953pep27","trial_type":"external-html","trial_index":27,"time_elapsed":840991,"internal_node_id":"0.0-9.0-0.19"},{"rt":41376,"response":{"P0_Q0":null,"P0_Q1":5,"P0_Q2":7,"P0_Q3":6,"P0_Q4":5,"P0_Q5":1,"strategies":"I considered various paths and looked for the ones that would give the most overall points.","feedback":"I don't have any further comments."},"accuracy":[],"trial_type":"survey","trial_index":28,"time_elapsed":882912,"internal_node_id":"0.0-10.0"},{"rt":3717,"stimulus":"<p>Thanks for your time!</p>        <p>We need to manually calculate your bonus pay, please give us up to 7 days.</p><p>Press any key to conclude.</p>","response":" ","task":"end","subjectId":"zfhrzl8953pep27","trial_type":"html-keyboard-response","trial_index":29,"time_elapsed":886631,"internal_node_id":"0.0-11.0","interactions":"[{\"event\":\"fullscreenenter\",\"trial\":1,\"time\":3717},{\"event\":\"blur\",\"trial\":8,\"time\":424789},{\"event\":\"focus\",\"trial\":8,\"time\":424789},{\"event\":\"fullscreenexit\",\"trial\":8,\"time\":424794}]"}]