[{"success":true,"timeout":false,"failed_images":[],"failed_audio":[],"failed_video":[],"trial_type":"preload","trial_index":0,"time_elapsed":195,"internal_node_id":"0.0-0.0"},{"success":true,"trial_type":"fullscreen","trial_index":1,"time_elapsed":5171,"internal_node_id":"0.0-1.0"},{"rt":2743,"stimulus":"Welcome to the experiment. Press any key to begin.","response":"enter","trial_type":"html-keyboard-response","trial_index":2,"time_elapsed":7915,"internal_node_id":"0.0-2.0"},{"view_history":[{"page_index":0,"viewing_time":5160},{"page_index":1,"viewing_time":6711},{"page_index":2,"viewing_time":33664},{"page_index":3,"viewing_time":2496},{"page_index":4,"viewing_time":1288},{"page_index":5,"viewing_time":912},{"page_index":6,"viewing_time":2056},{"page_index":7,"viewing_time":8881},{"page_index":8,"viewing_time":19448},{"page_index":9,"viewing_time":13272},{"page_index":10,"viewing_time":664},{"page_index":11,"viewing_time":424},{"page_index":12,"viewing_time":424},{"page_index":13,"viewing_time":1312},{"page_index":14,"viewing_time":2697},{"page_index":15,"viewing_time":9752},{"page_index":16,"viewing_time":1952},{"page_index":17,"viewing_time":848},{"page_index":18,"viewing_time":1992},{"page_index":19,"viewing_time":2760},{"page_index":20,"viewing_time":8040},{"page_index":21,"viewing_time":4087}],"rt":128839,"trial_type":"instructions","trial_index":3,"time_elapsed":136756,"internal_node_id":"0.0-3.0"},{"rt":67791,"url":"../static/nodeGraphsTraining_normal.html","skip":[],"edgeClickLog":[],"inference_edge":[],"inference_edgeClickLog":[],"trial_type":"external-html","trial_index":4,"time_elapsed":204612,"internal_node_id":"0.0-4.0"},{"rt":32733,"response":{"q1":"The goal is to help the student to get the most points","q2":"False","q3":"Possible paths you, as the teacher, can choose to teach the learner.","q4":"Paths that the student took before."},"question_order":[0,1,2,3],"trial_type":"survey-multi-choice","trial_index":5,"time_elapsed":237348,"internal_node_id":"0.0-5.0"},{"rt":6949,"stimulus":"<p>You can take a 60 second break before starting the experiment.</p><br><br><p>This page will advance in 60 seconds or you can press any key to advance now.</p>","response":"arrowright","trial_type":"html-keyboard-response","trial_index":6,"time_elapsed":244299,"internal_node_id":"0.0-7.0"},{"view_history":[{"page_index":0,"viewing_time":18543}],"rt":18544,"trial_type":"instructions","trial_index":7,"time_elapsed":262843,"internal_node_id":"0.0-8.0"},{"rt":26352,"url":"../static/nodeGraphs_normal.html","edge":"6to8","edgeRT":"25227","skip":"false","flipped":"FALSE","index":"0","edgeClickLog":"[{\"edgeSelection\":\"2to4\",\"edgeRTMS\":11209},{\"edgeSelection\":\"2to4\",\"edgeRTMS\":19611},{\"edgeSelection\":\"6to8\",\"edgeRTMS\":25227}]","trial_id":"incong_0","congruency":"I","trial_group":"1to5","condition":"normal","inference_edge":[],"inference_edgeClickLog":[],"task":"experiment","subjectId":"ohp4a9gvwakwp2c","trial_type":"external-html","trial_index":8,"time_elapsed":289260,"internal_node_id":"0.0-9.0-0.0"},{"rt":21867,"url":"../static/nodeGraphs_normal.html","edge":"2to4","edgeRT":"20675","skip":"false","flipped":"FALSE","index":"1","edgeClickLog":"[{\"edgeSelection\":\"2to4\",\"edgeRTMS\":20675}]","trial_id":"incong_5","congruency":"I","trial_group":"1to5","condition":"normal","inference_edge":[],"inference_edgeClickLog":[],"task":"experiment","subjectId":"ohp4a9gvwakwp2c","trial_type":"external-html","trial_index":9,"time_elapsed":311692,"internal_node_id":"0.0-9.0-0.1"},{"rt":11837,"url":"../static/nodeGraphs_normal.html","edge":"0to2","edgeRT":"11081","skip":"false","flipped":"FALSE","index":"2","edgeClickLog":"[{\"edgeSelection\":\"0to2\",\"edgeRTMS\":11081}]","trial_id":"incong_3","congruency":"I","trial_group":"1to5","condition":"normal","inference_edge":[],"inference_edgeClickLog":[],"task":"experiment","subjectId":"ohp4a9gvwakwp2c","trial_type":"external-html","trial_index":10,"time_elapsed":324092,"internal_node_id":"0.0-9.0-0.2"},{"rt":18675,"url":"../static/nodeGraphs_normal.html","edge":"5to8","edgeRT":"18473","skip":"false","flipped":"FALSE","index":"3","edgeClickLog":"[{\"edgeSelection\":\"5to8\",\"edgeRTMS\":18473}]","trial_id":"incong_10","congruency":"I","trial_group":"1to5","condition":"normal","inference_edge":[],"inference_edgeClickLog":[],"task":"experiment","subjectId":"ohp4a9gvwakwp2c","trial_type":"external-html","trial_index":11,"time_elapsed":343332,"internal_node_id":"0.0-9.0-0.3"},{"rt":14740,"url":"../static/nodeGraphs_normal.html","edge":"3to6","edgeRT":"14161","skip":"false","flipped":"FALSE","index":"4","edgeClickLog":"[{\"edgeSelection\":\"3to6\",\"edgeRTMS\":14161}]","trial_id":"incong_2","congruency":"I","trial_group":"1to5","condition":"normal","inference_edge":[],"inference_edgeClickLog":[],"task":"experiment","subjectId":"ohp4a9gvwakwp2c","trial_type":"external-html","trial_index":12,"time_elapsed":358636,"internal_node_id":"0.0-9.0-0.4"},{"rt":18092,"url":"../static/nodeGraphs_normal.html","edge":"4to8","edgeRT":"16553","skip":"false","flipped":"TRUE","index":"5","edgeClickLog":"[{\"edgeSelection\":\"4to8\",\"edgeRTMS\":16553}]","trial_id":"incong_0_flipped","congruency":"I","trial_group":"5to10","condition":"normal","inference_edge":[],"inference_edgeClickLog":[],"task":"experiment","subjectId":"ohp4a9gvwakwp2c","trial_type":"external-html","trial_index":13,"time_elapsed":377292,"internal_node_id":"0.0-9.0-0.5"},{"rt":15380,"url":"../static/nodeGraphs_normal.html","edge":"1to4","edgeRT":"14441","skip":"false","flipped":"TRUE","index":"6","edgeClickLog":"[{\"edgeSelection\":\"1to4\",\"edgeRTMS\":14441}]","trial_id":"incong_5_flipped","congruency":"I","trial_group":"5to10","condition":"normal","inference_edge":[],"inference_edgeClickLog":[],"task":"experiment","subjectId":"ohp4a9gvwakwp2c","trial_type":"external-html","trial_index":14,"time_elapsed":393237,"internal_node_id":"0.0-9.0-0.6"},{"rt":16499,"url":"../static/nodeGraphs_normal.html","edge":"5to9","edgeRT":"16033","skip":"false","flipped":"TRUE","index":"7","edgeClickLog":"[{\"edgeSelection\":\"5to9\",\"edgeRTMS\":16033}]","trial_id":"incong_3_flipped","congruency":"I","trial_group":"5to10","condition":"normal","inference_edge":[],"inference_edgeClickLog":[],"task":"experiment","subjectId":"ohp4a9gvwakwp2c","trial_type":"external-html","trial_index":15,"time_elapsed":410309,"internal_node_id":"0.0-9.0-0.7"},{"rt":7956,"url":"../static/nodeGraphs_normal.html","edge":"5to8","edgeRT":"7146","skip":"false","flipped":"TRUE","index":"8","edgeClickLog":"[{\"edgeSelection\":\"5to8\",\"edgeRTMS\":7146}]","trial_id":"incong_10_flipped","congruency":"I","trial_group":"5to10","condition":"normal","inference_edge":[],"inference_edgeClickLog":[],"task":"experiment","subjectId":"ohp4a9gvwakwp2c","trial_type":"external-html","trial_index":16,"time_elapsed":418829,"internal_node_id":"0.0-9.0-0.8"},{"rt":10084,"url":"../static/nodeGraphs_normal.html","edge":"0to3","edgeRT":"7337","skip":"false","flipped":"TRUE","index":"9","edgeClickLog":"[{\"edgeSelection\":\"0to3\",\"edgeRTMS\":7337}]","trial_id":"incong_2_flipped","congruency":"I","trial_group":"5to10","condition":"normal","inference_edge":[],"inference_edgeClickLog":[],"task":"experiment","subjectId":"ohp4a9gvwakwp2c","trial_type":"external-html","trial_index":17,"time_elapsed":429476,"internal_node_id":"0.0-9.0-0.9"},{"rt":7732,"url":"../static/nodeGraphs_normal.html","edge":"6to8","edgeRT":"6793","skip":"false","flipped":"FALSE","index":"10","edgeClickLog":"[{\"edgeSelection\":\"6to8\",\"edgeRTMS\":6793}]","trial_id":"incong_0","congruency":"I","trial_group":"10to15","condition":"normal","inference_edge":[],"inference_edgeClickLog":[],"task":"experiment","subjectId":"ohp4a9gvwakwp2c","trial_type":"external-html","trial_index":18,"time_elapsed":437772,"internal_node_id":"0.0-9.0-0.10"},{"rt":8283,"url":"../static/nodeGraphs_normal.html","edge":"3to6","edgeRT":"7497","skip":"false","flipped":"FALSE","index":"11","edgeClickLog":"[{\"edgeSelection\":\"3to6\",\"edgeRTMS\":7497}]","trial_id":"incong_5","congruency":"I","trial_group":"10to15","condition":"normal","inference_edge":[],"inference_edgeClickLog":[],"task":"experiment","subjectId":"ohp4a9gvwakwp2c","trial_type":"external-html","trial_index":19,"time_elapsed":446620,"internal_node_id":"0.0-9.0-0.11"},{"rt":10826,"url":"../static/nodeGraphs_normal.html","edge":"5to7","edgeRT":"10546","skip":"false","flipped":"FALSE","index":"12","edgeClickLog":"[{\"edgeSelection\":\"5to7\",\"edgeRTMS\":10546}]","trial_id":"incong_3","congruency":"I","trial_group":"10to15","condition":"normal","inference_edge":[],"inference_edgeClickLog":[],"task":"experiment","subjectId":"ohp4a9gvwakwp2c","trial_type":"external-html","trial_index":20,"time_elapsed":458012,"internal_node_id":"0.0-9.0-0.12"},{"rt":8517,"url":"../static/nodeGraphs_normal.html","edge":"5to8","edgeRT":"7425","skip":"false","flipped":"FALSE","index":"13","edgeClickLog":"[{\"edgeSelection\":\"5to8\",\"edgeRTMS\":7425}]","trial_id":"incong_10","congruency":"I","trial_group":"10to15","condition":"normal","inference_edge":[],"inference_edgeClickLog":[],"task":"experiment","subjectId":"ohp4a9gvwakwp2c","trial_type":"external-html","trial_index":21,"time_elapsed":467093,"internal_node_id":"0.0-9.0-0.13"},{"rt":14586,"url":"../static/nodeGraphs_normal.html","edge":"0to1","edgeRT":"12385","skip":"false","flipped":"FALSE","index":"14","edgeClickLog":"[{\"edgeSelection\":\"0to1\",\"edgeRTMS\":12385}]","trial_id":"incong_2","congruency":"I","trial_group":"10to15","condition":"normal","inference_edge":[],"inference_edgeClickLog":[],"task":"experiment","subjectId":"ohp4a9gvwakwp2c","trial_type":"external-html","trial_index":22,"time_elapsed":482244,"internal_node_id":"0.0-9.0-0.14"},{"rt":23124,"url":"../static/nodeGraphs_normal.html","edge":"5to8","edgeRT":"18153","skip":"false","flipped":"FALSE","index":"15","edgeClickLog":"[{\"edgeSelection\":\"5to8\",\"edgeRTMS\":18153}]","trial_id":"test_0","congruency":"I","trial_group":"15to20","condition":"normal","inference_edge":[],"inference_edgeClickLog":[],"task":"experiment","subjectId":"ohp4a9gvwakwp2c","trial_type":"external-html","trial_index":23,"time_elapsed":505932,"internal_node_id":"0.0-9.0-0.15"},{"rt":20956,"url":"../static/nodeGraphs_normal.html","edge":"0to3","edgeRT":"20778","skip":"false","flipped":"FALSE","index":"16","edgeClickLog":"[{\"edgeSelection\":\"0to3\",\"edgeRTMS\":20778}]","trial_id":"test_1","congruency":"I","trial_group":"15to20","condition":"normal","inference_edge":[],"inference_edgeClickLog":[],"task":"experiment","subjectId":"ohp4a9gvwakwp2c","trial_type":"external-html","trial_index":24,"time_elapsed":527452,"internal_node_id":"0.0-9.0-0.16"},{"rt":18140,"url":"../static/nodeGraphs_normal.html","edge":"6to8","edgeRT":"16978","skip":"false","flipped":"FALSE","index":"17","edgeClickLog":"[{\"edgeSelection\":\"6to8\",\"edgeRTMS\":16978}]","trial_id":"test_2","congruency":"I","trial_group":"15to20","condition":"normal","inference_edge":[],"inference_edgeClickLog":[],"task":"experiment","subjectId":"ohp4a9gvwakwp2c","trial_type":"external-html","trial_index":25,"time_elapsed":546157,"internal_node_id":"0.0-9.0-0.17"},{"rt":10877,"url":"../static/nodeGraphs_normal.html","edge":"5to7","edgeRT":"9256","skip":"false","flipped":"FALSE","index":"18","edgeClickLog":"[{\"edgeSelection\":\"5to7\",\"edgeRTMS\":9256}]","trial_id":"test_3","congruency":"I","trial_group":"15to20","condition":"normal","inference_edge":[],"inference_edgeClickLog":[],"task":"experiment","subjectId":"ohp4a9gvwakwp2c","trial_type":"external-html","trial_index":26,"time_elapsed":557604,"internal_node_id":"0.0-9.0-0.18"},{"rt":19156,"url":"../static/nodeGraphs_normal.html","edge":"1to5","edgeRT":"17473","skip":"false","flipped":"FALSE","index":"19","edgeClickLog":"[{\"edgeSelection\":\"1to5\",\"edgeRTMS\":17473}]","trial_id":"test_4","congruency":"I","trial_group":"15to20","condition":"normal","inference_edge":[],"inference_edgeClickLog":[],"task":"experiment","subjectId":"ohp4a9gvwakwp2c","trial_type":"external-html","trial_index":27,"time_elapsed":577325,"internal_node_id":"0.0-9.0-0.19"},{"rt":92076,"response":{"P0_Q0":null,"P0_Q1":2,"P0_Q2":7,"P0_Q3":5,"P0_Q4":2,"P0_Q5":1,"strategies":"Consider first the guaranteed extra point(s) - the final line.  If the final line produces no benefit, go back up.","feedback":"No"},"accuracy":[],"trial_type":"survey","trial_index":28,"time_elapsed":669971,"internal_node_id":"0.0-10.0"},{"rt":3895,"stimulus":"<p>Thanks for your time!</p>        <p>We need to manually calculate your bonus pay, please give us up to 7 days.</p><p>Press any key to conclude.</p>","response":"enter","task":"end","subjectId":"ohp4a9gvwakwp2c","trial_type":"html-keyboard-response","trial_index":29,"time_elapsed":673867,"internal_node_id":"0.0-11.0","interactions":"[{\"event\":\"fullscreenenter\",\"trial\":1,\"time\":4187}]"}]