[{"success":true,"timeout":false,"failed_images":[],"failed_audio":[],"failed_video":[],"trial_type":"preload","trial_index":0,"time_elapsed":480,"internal_node_id":"0.0-0.0"},{"success":true,"trial_type":"fullscreen","trial_index":1,"time_elapsed":6107,"internal_node_id":"0.0-1.0"},{"rt":1195,"stimulus":"Welcome to the experiment. Press any key to begin.","response":"e","trial_type":"html-keyboard-response","trial_index":2,"time_elapsed":7305,"internal_node_id":"0.0-2.0"},{"view_history":[{"page_index":0,"viewing_time":2080},{"page_index":1,"viewing_time":2559},{"page_index":2,"viewing_time":18662},{"page_index":3,"viewing_time":3614},{"page_index":4,"viewing_time":1507},{"page_index":5,"viewing_time":886},{"page_index":6,"viewing_time":1604},{"page_index":7,"viewing_time":5936},{"page_index":8,"viewing_time":13510},{"page_index":9,"viewing_time":9189},{"page_index":10,"viewing_time":1625},{"page_index":11,"viewing_time":581},{"page_index":12,"viewing_time":611},{"page_index":13,"viewing_time":2355},{"page_index":14,"viewing_time":2028},{"page_index":15,"viewing_time":3092},{"page_index":16,"viewing_time":1871},{"page_index":17,"viewing_time":542},{"page_index":18,"viewing_time":571},{"page_index":19,"viewing_time":2560},{"page_index":20,"viewing_time":5217},{"page_index":21,"viewing_time":4352}],"rt":84950,"trial_type":"instructions","trial_index":3,"time_elapsed":92258,"internal_node_id":"0.0-3.0"},{"rt":90134,"url":"../static/nodeGraphsTraining_distractor.html","skip":[],"edgeClickLog":[],"inference_edge":[],"inference_edgeClickLog":[],"trial_type":"external-html","trial_index":4,"time_elapsed":182804,"internal_node_id":"0.0-4.0"},{"rt":45542,"response":{"q1":"The goal is to help the student to get the most points.","q2":"False","q3":"Possible edges you, as the teacher, can choose to teach the learner.","q4":"Edges that the student took before."},"question_order":[0,1,2,3],"trial_type":"survey-multi-choice","trial_index":5,"time_elapsed":228379,"internal_node_id":"0.0-5.0"},{"rt":3531,"stimulus":"<p>You can take a 60 second break before starting the experiment.</p><br><br><p>This page will advance in 60 seconds or you can press any key to advance now.</p>","response":"i","trial_type":"html-keyboard-response","trial_index":6,"time_elapsed":231922,"internal_node_id":"0.0-7.0"},{"view_history":[{"page_index":0,"viewing_time":16084}],"rt":16086,"trial_type":"instructions","trial_index":7,"time_elapsed":248010,"internal_node_id":"0.0-8.0"},{"rt":34441,"url":"../static/nodeGraphs_distractor.html","edge":"1to4","edgeRT":"6940","skip":"false","flipped":"FALSE","index":"0","edgeClickLog":"[{\"edgeSelection\":\"1to4\",\"edgeRTMS\":6940}]","trial_id":"cong_0","congruency":"C","trial_group":"1to5","condition":"distractor","inference_edge":"1to4,2to4,4to8","inference_edgeClickLog":"[{\"edgeSelection\":\"1to4\",\"edgeRTMS\":5115},{\"edgeSelection\":\"2to4\",\"edgeRTMS\":8409},{\"edgeSelection\":\"4to8\",\"edgeRTMS\":14068}]","inference_edgeRT":"14068","inference_edge_last":"4to8","task":"experiment","subjectId":"7h24wav6274ko5b","trial_type":"external-html","trial_index":8,"time_elapsed":282809,"internal_node_id":"0.0-9.0-0.0"},{"rt":27069,"url":"../static/nodeGraphs_distractor.html","edge":"2to6","edgeRT":"2597","skip":"false","flipped":"FALSE","index":"1","edgeClickLog":"[{\"edgeSelection\":\"2to6\",\"edgeRTMS\":2597}]","trial_id":"cong_1","congruency":"C","trial_group":"1to5","condition":"distractor","inference_edge":"2to6,3to6,6to9","inference_edgeClickLog":"[{\"edgeSelection\":\"2to6\",\"edgeRTMS\":5372},{\"edgeSelection\":\"3to6\",\"edgeRTMS\":7235},{\"edgeSelection\":\"6to9\",\"edgeRTMS\":8537}]","inference_edgeRT":"8537","inference_edge_last":"6to9","task":"experiment","subjectId":"7h24wav6274ko5b","trial_type":"external-html","trial_index":9,"time_elapsed":310737,"internal_node_id":"0.0-9.0-0.1"},{"rt":28072,"url":"../static/nodeGraphs_distractor.html","edge":"2to5","edgeRT":"2435","skip":"false","flipped":"FALSE","index":"2","edgeClickLog":"[{\"edgeSelection\":\"2to5\",\"edgeRTMS\":2435}]","trial_id":"cong_6","congruency":"C","trial_group":"1to5","condition":"distractor","inference_edge":"2to5,2to4,1to5","inference_edgeClickLog":"[{\"edgeSelection\":\"2to5\",\"edgeRTMS\":3976},{\"edgeSelection\":\"2to4\",\"edgeRTMS\":9078},{\"edgeSelection\":\"1to5\",\"edgeRTMS\":13404}]","inference_edgeRT":"13404","inference_edge_last":"1to5","task":"experiment","subjectId":"7h24wav6274ko5b","trial_type":"external-html","trial_index":10,"time_elapsed":339665,"internal_node_id":"0.0-9.0-0.2"},{"rt":25225,"url":"../static/nodeGraphs_distractor.html","edge":"2to4","edgeRT":"3349","skip":"false","flipped":"FALSE","index":"3","edgeClickLog":"[{\"edgeSelection\":\"2to4\",\"edgeRTMS\":3349}]","trial_id":"cong_4","congruency":"C","trial_group":"1to5","condition":"distractor","inference_edge":"2to4,4to8,2to6","inference_edgeClickLog":"[{\"edgeSelection\":\"2to4\",\"edgeRTMS\":5679},{\"edgeSelection\":\"4to8\",\"edgeRTMS\":7958},{\"edgeSelection\":\"2to6\",\"edgeRTMS\":12578}]","inference_edgeRT":"12578","inference_edge_last":"2to6","task":"experiment","subjectId":"7h24wav6274ko5b","trial_type":"external-html","trial_index":11,"time_elapsed":365731,"internal_node_id":"0.0-9.0-0.3"},{"rt":19245,"url":"../static/nodeGraphs_distractor.html","edge":"2to5","edgeRT":"2457","skip":"false","flipped":"FALSE","index":"4","edgeClickLog":"[{\"edgeSelection\":\"2to5\",\"edgeRTMS\":2457}]","trial_id":"cong_9","congruency":"C","trial_group":"1to5","condition":"distractor","inference_edge":"2to5,5to8,3to5","inference_edgeClickLog":"[{\"edgeSelection\":\"2to5\",\"edgeRTMS\":4110},{\"edgeSelection\":\"5to8\",\"edgeRTMS\":5081},{\"edgeSelection\":\"3to5\",\"edgeRTMS\":7725}]","inference_edgeRT":"7725","inference_edge_last":"3to5","task":"experiment","subjectId":"7h24wav6274ko5b","trial_type":"external-html","trial_index":12,"time_elapsed":385833,"internal_node_id":"0.0-9.0-0.4"},{"rt":19917,"url":"../static/nodeGraphs_distractor.html","edge":"3to6","edgeRT":"2609","skip":"false","flipped":"TRUE","index":"5","edgeClickLog":"[{\"edgeSelection\":\"3to6\",\"edgeRTMS\":2609}]","trial_id":"cong_0_flipped","congruency":"C","trial_group":"5to10","condition":"distractor","inference_edge":"3to6,2to6,6to9","inference_edgeClickLog":"[{\"edgeSelection\":\"3to6\",\"edgeRTMS\":4777},{\"edgeSelection\":\"2to6\",\"edgeRTMS\":6381},{\"edgeSelection\":\"6to9\",\"edgeRTMS\":11125}]","inference_edgeRT":"11125","inference_edge_last":"6to9","task":"experiment","subjectId":"7h24wav6274ko5b","trial_type":"external-html","trial_index":13,"time_elapsed":406716,"internal_node_id":"0.0-9.0-0.5"},{"rt":20911,"url":"../static/nodeGraphs_distractor.html","edge":"2to4","edgeRT":"2265","skip":"false","flipped":"TRUE","index":"6","edgeClickLog":"[{\"edgeSelection\":\"2to4\",\"edgeRTMS\":2265}]","trial_id":"cong_1_flipped","congruency":"C","trial_group":"5to10","condition":"distractor","inference_edge":"2to4,1to4,2to6","inference_edgeClickLog":"[{\"edgeSelection\":\"2to4\",\"edgeRTMS\":3790},{\"edgeSelection\":\"1to4\",\"edgeRTMS\":5301},{\"edgeSelection\":\"2to6\",\"edgeRTMS\":7463}]","inference_edgeRT":"7463","inference_edge_last":"2to6","task":"experiment","subjectId":"7h24wav6274ko5b","trial_type":"external-html","trial_index":14,"time_elapsed":428502,"internal_node_id":"0.0-9.0-0.6"},{"rt":17678,"url":"../static/nodeGraphs_distractor.html","edge":"2to5","edgeRT":"1654","skip":"false","flipped":"TRUE","index":"7","edgeClickLog":"[{\"edgeSelection\":\"2to5\",\"edgeRTMS\":1654}]","trial_id":"cong_6_flipped","congruency":"C","trial_group":"5to10","condition":"distractor","inference_edge":"2to5,5to9,3to5","inference_edgeClickLog":"[{\"edgeSelection\":\"2to5\",\"edgeRTMS\":3592},{\"edgeSelection\":\"5to9\",\"edgeRTMS\":6463},{\"edgeSelection\":\"3to5\",\"edgeRTMS\":8500}]","inference_edgeRT":"8500","inference_edge_last":"3to5","task":"experiment","subjectId":"7h24wav6274ko5b","trial_type":"external-html","trial_index":15,"time_elapsed":447048,"internal_node_id":"0.0-9.0-0.7"},{"rt":19105,"url":"../static/nodeGraphs_distractor.html","edge":"2to6","edgeRT":"1397","skip":"false","flipped":"TRUE","index":"8","edgeClickLog":"[{\"edgeSelection\":\"2to6\",\"edgeRTMS\":1397}]","trial_id":"cong_4_flipped","congruency":"C","trial_group":"5to10","condition":"distractor","inference_edge":"2to6,6to8,2to5","inference_edgeClickLog":"[{\"edgeSelection\":\"2to6\",\"edgeRTMS\":3712},{\"edgeSelection\":\"6to8\",\"edgeRTMS\":5230},{\"edgeSelection\":\"2to5\",\"edgeRTMS\":7650}]","inference_edgeRT":"7650","inference_edge_last":"2to5","task":"experiment","subjectId":"7h24wav6274ko5b","trial_type":"external-html","trial_index":16,"time_elapsed":467061,"internal_node_id":"0.0-9.0-0.8"},{"rt":16784,"url":"../static/nodeGraphs_distractor.html","edge":"2to5","edgeRT":"1218","skip":"false","flipped":"TRUE","index":"9","edgeClickLog":"[{\"edgeSelection\":\"2to5\",\"edgeRTMS\":1218}]","trial_id":"cong_9_flipped","congruency":"C","trial_group":"5to10","condition":"distractor","inference_edge":"2to5,5to8,5to7","inference_edgeClickLog":"[{\"edgeSelection\":\"2to5\",\"edgeRTMS\":3372},{\"edgeSelection\":\"5to8\",\"edgeRTMS\":4777},{\"edgeSelection\":\"5to7\",\"edgeRTMS\":7874}]","inference_edgeRT":"7874","inference_edge_last":"5to7","task":"experiment","subjectId":"7h24wav6274ko5b","trial_type":"external-html","trial_index":17,"time_elapsed":484704,"internal_node_id":"0.0-9.0-0.9"},{"rt":23763,"url":"../static/nodeGraphs_distractor.html","edge":"1to4","edgeRT":"6358","skip":"false","flipped":"FALSE","index":"10","edgeClickLog":"[{\"edgeSelection\":\"1to4\",\"edgeRTMS\":6358}]","trial_id":"cong_0","congruency":"C","trial_group":"10to15","condition":"distractor","inference_edge":"1to4,2to4,4to8","inference_edgeClickLog":"[{\"edgeSelection\":\"1to4\",\"edgeRTMS\":3666},{\"edgeSelection\":\"2to4\",\"edgeRTMS\":5622},{\"edgeSelection\":\"4to8\",\"edgeRTMS\":9879}]","inference_edgeRT":"9879","inference_edge_last":"4to8","task":"experiment","subjectId":"7h24wav6274ko5b","trial_type":"external-html","trial_index":18,"time_elapsed":509326,"internal_node_id":"0.0-9.0-0.10"},{"rt":16439,"url":"../static/nodeGraphs_distractor.html","edge":"2to6","edgeRT":"1594","skip":"false","flipped":"FALSE","index":"11","edgeClickLog":"[{\"edgeSelection\":\"2to6\",\"edgeRTMS\":1594}]","trial_id":"cong_1","congruency":"C","trial_group":"10to15","condition":"distractor","inference_edge":"2to6,2to4,6to9","inference_edgeClickLog":"[{\"edgeSelection\":\"2to6\",\"edgeRTMS\":3439},{\"edgeSelection\":\"2to4\",\"edgeRTMS\":4934},{\"edgeSelection\":\"6to9\",\"edgeRTMS\":9663}]","inference_edgeRT":"9663","inference_edge_last":"6to9","task":"experiment","subjectId":"7h24wav6274ko5b","trial_type":"external-html","trial_index":19,"time_elapsed":526870,"internal_node_id":"0.0-9.0-0.11"},{"rt":16837,"url":"../static/nodeGraphs_distractor.html","edge":"2to5","edgeRT":"1849","skip":"false","flipped":"FALSE","index":"12","edgeClickLog":"[{\"edgeSelection\":\"2to5\",\"edgeRTMS\":1849}]","trial_id":"cong_6","congruency":"C","trial_group":"10to15","condition":"distractor","inference_edge":"2to5,1to5,2to4","inference_edgeClickLog":"[{\"edgeSelection\":\"2to5\",\"edgeRTMS\":3723},{\"edgeSelection\":\"1to5\",\"edgeRTMS\":5903},{\"edgeSelection\":\"2to4\",\"edgeRTMS\":7327}]","inference_edgeRT":"7327","inference_edge_last":"2to4","task":"experiment","subjectId":"7h24wav6274ko5b","trial_type":"external-html","trial_index":20,"time_elapsed":544552,"internal_node_id":"0.0-9.0-0.12"},{"rt":16853,"url":"../static/nodeGraphs_distractor.html","edge":"2to4","edgeRT":"2005","skip":"false","flipped":"FALSE","index":"13","edgeClickLog":"[{\"edgeSelection\":\"2to4\",\"edgeRTMS\":2005}]","trial_id":"cong_4","congruency":"C","trial_group":"10to15","condition":"distractor","inference_edge":"2to4,4to8,2to5","inference_edgeClickLog":"[{\"edgeSelection\":\"2to4\",\"edgeRTMS\":3864},{\"edgeSelection\":\"4to8\",\"edgeRTMS\":5070},{\"edgeSelection\":\"2to5\",\"edgeRTMS\":8122}]","inference_edgeRT":"8122","inference_edge_last":"2to5","task":"experiment","subjectId":"7h24wav6274ko5b","trial_type":"external-html","trial_index":21,"time_elapsed":562389,"internal_node_id":"0.0-9.0-0.13"},{"rt":17865,"url":"../static/nodeGraphs_distractor.html","edge":"2to5","edgeRT":"1863","skip":"false","flipped":"FALSE","index":"14","edgeClickLog":"[{\"edgeSelection\":\"2to5\",\"edgeRTMS\":1863}]","trial_id":"cong_9","congruency":"C","trial_group":"10to15","condition":"distractor","inference_edge":"2to5,5to8,5to9","inference_edgeClickLog":"[{\"edgeSelection\":\"2to5\",\"edgeRTMS\":2680},{\"edgeSelection\":\"5to8\",\"edgeRTMS\":4089},{\"edgeSelection\":\"5to9\",\"edgeRTMS\":5092}]","inference_edgeRT":"5092","inference_edge_last":"5to9","task":"experiment","subjectId":"7h24wav6274ko5b","trial_type":"external-html","trial_index":22,"time_elapsed":581220,"internal_node_id":"0.0-9.0-0.14"},{"rt":21693,"url":"../static/nodeGraphs_distractor.html","edge":"5to8","edgeRT":"12581","skip":"false","flipped":"FALSE","index":"15","edgeClickLog":"[{\"edgeSelection\":\"5to8\",\"edgeRTMS\":12581}]","trial_id":"test_0","congruency":"I","trial_group":"15to20","condition":"distractor","inference_edge":"2to5,5to8,5to9","inference_edgeClickLog":"[{\"edgeSelection\":\"2to5\",\"edgeRTMS\":2680},{\"edgeSelection\":\"5to8\",\"edgeRTMS\":4089},{\"edgeSelection\":\"5to9\",\"edgeRTMS\":5092}]","inference_edgeRT":"5092","inference_edge_last":"","task":"experiment","subjectId":"7h24wav6274ko5b","trial_type":"external-html","trial_index":23,"time_elapsed":603774,"internal_node_id":"0.0-9.0-0.15"},{"rt":13260,"url":"../static/nodeGraphs_distractor.html","edge":"3to6","edgeRT":"6832","skip":"false","flipped":"FALSE","index":"16","edgeClickLog":"[{\"edgeSelection\":\"3to6\",\"edgeRTMS\":6832}]","trial_id":"test_1","congruency":"I","trial_group":"15to20","condition":"distractor","inference_edge":"2to5,5to8,5to9","inference_edgeClickLog":"[{\"edgeSelection\":\"2to5\",\"edgeRTMS\":2680},{\"edgeSelection\":\"5to8\",\"edgeRTMS\":4089},{\"edgeSelection\":\"5to9\",\"edgeRTMS\":5092}]","inference_edgeRT":"5092","inference_edge_last":"","task":"experiment","subjectId":"7h24wav6274ko5b","trial_type":"external-html","trial_index":24,"time_elapsed":617877,"internal_node_id":"0.0-9.0-0.16"},{"rt":12613,"url":"../static/nodeGraphs_distractor.html","edge":"3to6","edgeRT":"4965","skip":"false","flipped":"FALSE","index":"17","edgeClickLog":"[{\"edgeSelection\":\"3to6\",\"edgeRTMS\":4965}]","trial_id":"test_2","congruency":"I","trial_group":"15to20","condition":"distractor","inference_edge":"2to5,5to8,5to9","inference_edgeClickLog":"[{\"edgeSelection\":\"2to5\",\"edgeRTMS\":2680},{\"edgeSelection\":\"5to8\",\"edgeRTMS\":4089},{\"edgeSelection\":\"5to9\",\"edgeRTMS\":5092}]","inference_edgeRT":"5092","inference_edge_last":"","task":"experiment","subjectId":"7h24wav6274ko5b","trial_type":"external-html","trial_index":25,"time_elapsed":631511,"internal_node_id":"0.0-9.0-0.17"},{"rt":15016,"url":"../static/nodeGraphs_distractor.html","edge":"1to5","edgeRT":"6580","skip":"false","flipped":"FALSE","index":"18","edgeClickLog":"[{\"edgeSelection\":\"1to5\",\"edgeRTMS\":6580}]","trial_id":"test_3","congruency":"I","trial_group":"15to20","condition":"distractor","inference_edge":"2to5,5to8,5to9","inference_edgeClickLog":"[{\"edgeSelection\":\"2to5\",\"edgeRTMS\":2680},{\"edgeSelection\":\"5to8\",\"edgeRTMS\":4089},{\"edgeSelection\":\"5to9\",\"edgeRTMS\":5092}]","inference_edgeRT":"5092","inference_edge_last":"","task":"experiment","subjectId":"7h24wav6274ko5b","trial_type":"external-html","trial_index":26,"time_elapsed":647367,"internal_node_id":"0.0-9.0-0.18"},{"rt":10473,"url":"../static/nodeGraphs_distractor.html","edge":"6to9","edgeRT":"5176","skip":"false","flipped":"FALSE","index":"19","edgeClickLog":"[{\"edgeSelection\":\"6to9\",\"edgeRTMS\":5176}]","trial_id":"test_4","congruency":"I","trial_group":"15to20","condition":"distractor","inference_edge":"2to5,5to8,5to9","inference_edgeClickLog":"[{\"edgeSelection\":\"2to5\",\"edgeRTMS\":2680},{\"edgeSelection\":\"5to8\",\"edgeRTMS\":4089},{\"edgeSelection\":\"5to9\",\"edgeRTMS\":5092}]","inference_edgeRT":"5092","inference_edge_last":"","task":"experiment","subjectId":"7h24wav6274ko5b","trial_type":"external-html","trial_index":27,"time_elapsed":658680,"internal_node_id":"0.0-9.0-0.19"},{"rt":55829,"response":{"P0_Q0":null,"P0_Q1":5,"P0_Q2":4,"P0_Q3":5,"P0_Q4":6,"P0_Q5":4,"strategies":"I selected the paths between the highest value points.","feedback":"None"},"accuracy":[],"trial_type":"survey","trial_index":28,"time_elapsed":715168,"internal_node_id":"0.0-10.0"},{"rt":3854,"stimulus":"<p>Thanks for your time!</p>        <p>We need to manually calculate your bonus pay, please give us up to 7 days.</p><p>Press any key to conclude.</p>","response":"d","task":"end","subjectId":"7h24wav6274ko5b","trial_type":"html-keyboard-response","trial_index":29,"time_elapsed":719039,"internal_node_id":"0.0-11.0","interactions":"[{\"event\":\"fullscreenenter\",\"trial\":1,\"time\":5271},{\"event\":\"blur\",\"trial\":23,\"time\":595319},{\"event\":\"focus\",\"trial\":23,\"time\":595321},{\"event\":\"fullscreenexit\",\"trial\":23,\"time\":595335}]"}]