[{"success":true,"timeout":false,"failed_images":[],"failed_audio":[],"failed_video":[],"trial_type":"preload","trial_index":0,"time_elapsed":211,"internal_node_id":"0.0-0.0"},{"success":true,"trial_type":"fullscreen","trial_index":1,"time_elapsed":4760,"internal_node_id":"0.0-1.0"},{"rt":6545,"stimulus":"Welcome to the experiment. Press any key to begin.","response":"enter","trial_type":"html-keyboard-response","trial_index":2,"time_elapsed":11307,"internal_node_id":"0.0-2.0"},{"view_history":[{"page_index":0,"viewing_time":6454},{"page_index":1,"viewing_time":8457},{"page_index":2,"viewing_time":37903},{"page_index":3,"viewing_time":7649},{"page_index":4,"viewing_time":3416},{"page_index":5,"viewing_time":2576},{"page_index":6,"viewing_time":2967},{"page_index":7,"viewing_time":9657},{"page_index":8,"viewing_time":18879},{"page_index":9,"viewing_time":9936},{"page_index":10,"viewing_time":1481},{"page_index":11,"viewing_time":1056},{"page_index":12,"viewing_time":1032},{"page_index":13,"viewing_time":1863},{"page_index":14,"viewing_time":3912},{"page_index":15,"viewing_time":5265},{"page_index":16,"viewing_time":1104},{"page_index":17,"viewing_time":895},{"page_index":18,"viewing_time":817},{"page_index":19,"viewing_time":3640},{"page_index":20,"viewing_time":8631},{"page_index":21,"viewing_time":5865}],"rt":143455,"trial_type":"instructions","trial_index":3,"time_elapsed":154762,"internal_node_id":"0.0-3.0"},{"rt":129349,"url":"../static/nodeGraphsTraining_distractor.html","skip":[],"edgeClickLog":[],"inference_edge":[],"inference_edgeClickLog":[],"trial_type":"external-html","trial_index":4,"time_elapsed":284336,"internal_node_id":"0.0-4.0"},{"rt":40325,"response":{"q1":"The goal is to help the student to get the most points.","q2":"False","q3":"Possible edges you, as the teacher, can choose to teach the learner.","q4":"Edges that the student took before."},"question_order":[0,1,2,3],"trial_type":"survey-multi-choice","trial_index":5,"time_elapsed":324663,"internal_node_id":"0.0-5.0"},{"rt":19898,"stimulus":"<p>You can take a 60 second break before starting the experiment.</p><br><br><p>This page will advance in 60 seconds or you can press any key to advance now.</p>","response":"arrowright","trial_type":"html-keyboard-response","trial_index":6,"time_elapsed":344562,"internal_node_id":"0.0-7.0"},{"view_history":[{"page_index":0,"viewing_time":27448}],"rt":27448,"trial_type":"instructions","trial_index":7,"time_elapsed":372011,"internal_node_id":"0.0-8.0"},{"rt":32227,"url":"../static/nodeGraphs_distractor.html","edge":"2to4","edgeRT":"10015","skip":"false","flipped":"FALSE","index":"0","edgeClickLog":"[{\"edgeSelection\":\"2to4\",\"edgeRTMS\":7999},{\"edgeSelection\":\"2to4\",\"edgeRTMS\":10015}]","trial_id":"incong_0","congruency":"I","trial_group":"1to5","condition":"distractor","inference_edge":"2to4,4to8,4to7","inference_edgeClickLog":"[{\"edgeSelection\":\"2to4\",\"edgeRTMS\":11091},{\"edgeSelection\":\"4to8\",\"edgeRTMS\":15381},{\"edgeSelection\":\"4to7\",\"edgeRTMS\":16852}]","inference_edgeRT":"16852","inference_edge_last":"4to7","task":"experiment","subjectId":"quqepta7zhn7vr9","trial_type":"external-html","trial_index":8,"time_elapsed":404440,"internal_node_id":"0.0-9.0-0.0"},{"rt":36308,"url":"../static/nodeGraphs_distractor.html","edge":"2to4","edgeRT":"7437","skip":"false","flipped":"FALSE","index":"1","edgeClickLog":"[{\"edgeSelection\":\"2to4\",\"edgeRTMS\":7437}]","trial_id":"incong_5","congruency":"I","trial_group":"1to5","condition":"distractor","inference_edge":"2to4,6to8,3to6","inference_edgeClickLog":"[{\"edgeSelection\":\"2to4\",\"edgeRTMS\":8177},{\"edgeSelection\":\"4to7\",\"edgeRTMS\":10881},{\"edgeSelection\":\"4to7\",\"edgeRTMS\":19556},{\"edgeSelection\":\"6to8\",\"edgeRTMS\":20707},{\"edgeSelection\":\"3to6\",\"edgeRTMS\":24951}]","inference_edgeRT":"24951","inference_edge_last":"3to6","task":"experiment","subjectId":"quqepta7zhn7vr9","trial_type":"external-html","trial_index":9,"time_elapsed":441503,"internal_node_id":"0.0-9.0-0.1"},{"rt":30901,"url":"../static/nodeGraphs_distractor.html","edge":"2to6","edgeRT":"8243","skip":"false","flipped":"FALSE","index":"2","edgeClickLog":"[{\"edgeSelection\":\"2to6\",\"edgeRTMS\":8243}]","trial_id":"incong_3","congruency":"I","trial_group":"1to5","condition":"distractor","inference_edge":"0to2,2to6,5to7","inference_edgeClickLog":"[{\"edgeSelection\":\"0to2\",\"edgeRTMS\":7416},{\"edgeSelection\":\"2to6\",\"edgeRTMS\":10041},{\"edgeSelection\":\"5to7\",\"edgeRTMS\":17019}]","inference_edgeRT":"17019","inference_edge_last":"5to7","task":"experiment","subjectId":"quqepta7zhn7vr9","trial_type":"external-html","trial_index":10,"time_elapsed":473086,"internal_node_id":"0.0-9.0-0.2"},{"rt":35456,"url":"../static/nodeGraphs_distractor.html","edge":"4to8","edgeRT":"7850","skip":"false","flipped":"FALSE","index":"3","edgeClickLog":"[{\"edgeSelection\":\"4to8\",\"edgeRTMS\":7850}]","trial_id":"incong_10","congruency":"I","trial_group":"1to5","condition":"distractor","inference_edge":"2to4,4to8,0to2","inference_edgeClickLog":"[{\"edgeSelection\":\"2to4\",\"edgeRTMS\":12269},{\"edgeSelection\":\"4to8\",\"edgeRTMS\":17437},{\"edgeSelection\":\"0to2\",\"edgeRTMS\":23253}]","inference_edgeRT":"23253","inference_edge_last":"0to2","task":"experiment","subjectId":"quqepta7zhn7vr9","trial_type":"external-html","trial_index":11,"time_elapsed":509221,"internal_node_id":"0.0-9.0-0.3"},{"rt":25979,"url":"../static/nodeGraphs_distractor.html","edge":"4to8","edgeRT":"5732","skip":"false","flipped":"FALSE","index":"4","edgeClickLog":"[{\"edgeSelection\":\"4to8\",\"edgeRTMS\":5732}]","trial_id":"incong_2","congruency":"I","trial_group":"1to5","condition":"distractor","inference_edge":"1to4,4to8,2to4","inference_edgeClickLog":"[{\"edgeSelection\":\"1to4\",\"edgeRTMS\":6615},{\"edgeSelection\":\"4to8\",\"edgeRTMS\":7923},{\"edgeSelection\":\"2to4\",\"edgeRTMS\":16140}]","inference_edgeRT":"16140","inference_edge_last":"2to4","task":"experiment","subjectId":"quqepta7zhn7vr9","trial_type":"external-html","trial_index":12,"time_elapsed":535876,"internal_node_id":"0.0-9.0-0.4"},{"rt":23454,"url":"../static/nodeGraphs_distractor.html","edge":"2to6","edgeRT":"8013","skip":"false","flipped":"TRUE","index":"5","edgeClickLog":"[{\"edgeSelection\":\"2to6\",\"edgeRTMS\":8013}]","trial_id":"incong_0_flipped","congruency":"I","trial_group":"5to10","condition":"distractor","inference_edge":"2to6,6to8,6to9","inference_edgeClickLog":"[{\"edgeSelection\":\"2to6\",\"edgeRTMS\":6119},{\"edgeSelection\":\"6to8\",\"edgeRTMS\":10655},{\"edgeSelection\":\"6to9\",\"edgeRTMS\":11871}]","inference_edgeRT":"11871","inference_edge_last":"6to9","task":"experiment","subjectId":"quqepta7zhn7vr9","trial_type":"external-html","trial_index":13,"time_elapsed":560021,"internal_node_id":"0.0-9.0-0.5"},{"rt":18556,"url":"../static/nodeGraphs_distractor.html","edge":"2to6","edgeRT":"4617","skip":"false","flipped":"TRUE","index":"6","edgeClickLog":"[{\"edgeSelection\":\"2to6\",\"edgeRTMS\":4617}]","trial_id":"incong_5_flipped","congruency":"I","trial_group":"5to10","condition":"distractor","inference_edge":"2to6,6to9,6to8","inference_edgeClickLog":"[{\"edgeSelection\":\"2to6\",\"edgeRTMS\":4746},{\"edgeSelection\":\"6to9\",\"edgeRTMS\":8864},{\"edgeSelection\":\"6to8\",\"edgeRTMS\":9860}]","inference_edgeRT":"9860","inference_edge_last":"6to8","task":"experiment","subjectId":"quqepta7zhn7vr9","trial_type":"external-html","trial_index":14,"time_elapsed":579267,"internal_node_id":"0.0-9.0-0.6"},{"rt":17745,"url":"../static/nodeGraphs_distractor.html","edge":"2to4","edgeRT":"3139","skip":"false","flipped":"TRUE","index":"7","edgeClickLog":"[{\"edgeSelection\":\"2to4\",\"edgeRTMS\":3139}]","trial_id":"incong_3_flipped","congruency":"I","trial_group":"5to10","condition":"distractor","inference_edge":"0to2,2to4,4to8","inference_edgeClickLog":"[{\"edgeSelection\":\"0to2\",\"edgeRTMS\":4683},{\"edgeSelection\":\"2to4\",\"edgeRTMS\":6038},{\"edgeSelection\":\"4to8\",\"edgeRTMS\":10454}]","inference_edgeRT":"10454","inference_edge_last":"4to8","task":"experiment","subjectId":"quqepta7zhn7vr9","trial_type":"external-html","trial_index":15,"time_elapsed":597923,"internal_node_id":"0.0-9.0-0.7"},{"rt":18243,"url":"../static/nodeGraphs_distractor.html","edge":"6to8","edgeRT":"4790","skip":"false","flipped":"TRUE","index":"8","edgeClickLog":"[{\"edgeSelection\":\"6to8\",\"edgeRTMS\":3387},{\"edgeSelection\":\"6to8\",\"edgeRTMS\":4790}]","trial_id":"incong_10_flipped","congruency":"I","trial_group":"5to10","condition":"distractor","inference_edge":"2to6,6to8,0to2","inference_edgeClickLog":"[{\"edgeSelection\":\"2to6\",\"edgeRTMS\":5295},{\"edgeSelection\":\"6to8\",\"edgeRTMS\":6780},{\"edgeSelection\":\"0to2\",\"edgeRTMS\":9449}]","inference_edgeRT":"9449","inference_edge_last":"0to2","task":"experiment","subjectId":"quqepta7zhn7vr9","trial_type":"external-html","trial_index":16,"time_elapsed":616843,"internal_node_id":"0.0-9.0-0.8"},{"rt":14890,"url":"../static/nodeGraphs_distractor.html","edge":"6to8","edgeRT":"2445","skip":"false","flipped":"TRUE","index":"9","edgeClickLog":"[{\"edgeSelection\":\"6to8\",\"edgeRTMS\":2445}]","trial_id":"incong_2_flipped","congruency":"I","trial_group":"5to10","condition":"distractor","inference_edge":"6to8,2to6,0to2","inference_edgeClickLog":"[{\"edgeSelection\":\"6to8\",\"edgeRTMS\":5244},{\"edgeSelection\":\"2to6\",\"edgeRTMS\":6599},{\"edgeSelection\":\"0to2\",\"edgeRTMS\":8125}]","inference_edgeRT":"8125","inference_edge_last":"0to2","task":"experiment","subjectId":"quqepta7zhn7vr9","trial_type":"external-html","trial_index":17,"time_elapsed":632423,"internal_node_id":"0.0-9.0-0.9"},{"rt":12983,"url":"../static/nodeGraphs_distractor.html","edge":"2to4","edgeRT":"2328","skip":"false","flipped":"FALSE","index":"10","edgeClickLog":"[{\"edgeSelection\":\"2to4\",\"edgeRTMS\":2328}]","trial_id":"incong_0","congruency":"I","trial_group":"10to15","condition":"distractor","inference_edge":"2to4,4to8,4to7","inference_edgeClickLog":"[{\"edgeSelection\":\"2to4\",\"edgeRTMS\":3858},{\"edgeSelection\":\"4to8\",\"edgeRTMS\":5671},{\"edgeSelection\":\"4to7\",\"edgeRTMS\":6963}]","inference_edgeRT":"6963","inference_edge_last":"4to7","task":"experiment","subjectId":"quqepta7zhn7vr9","trial_type":"external-html","trial_index":18,"time_elapsed":646087,"internal_node_id":"0.0-9.0-0.10"},{"rt":16358,"url":"../static/nodeGraphs_distractor.html","edge":"2to4","edgeRT":"3255","skip":"false","flipped":"FALSE","index":"11","edgeClickLog":"[{\"edgeSelection\":\"2to4\",\"edgeRTMS\":3255}]","trial_id":"incong_5","congruency":"I","trial_group":"10to15","condition":"distractor","inference_edge":"2to4,4to8,4to7","inference_edgeClickLog":"[{\"edgeSelection\":\"2to4\",\"edgeRTMS\":3842},{\"edgeSelection\":\"4to8\",\"edgeRTMS\":6334},{\"edgeSelection\":\"4to7\",\"edgeRTMS\":7440}]","inference_edgeRT":"7440","inference_edge_last":"4to7","task":"experiment","subjectId":"quqepta7zhn7vr9","trial_type":"external-html","trial_index":19,"time_elapsed":663153,"internal_node_id":"0.0-9.0-0.11"},{"rt":14806,"url":"../static/nodeGraphs_distractor.html","edge":"2to6","edgeRT":"2135","skip":"false","flipped":"FALSE","index":"12","edgeClickLog":"[{\"edgeSelection\":\"2to6\",\"edgeRTMS\":2135}]","trial_id":"incong_3","congruency":"I","trial_group":"10to15","condition":"distractor","inference_edge":"0to2,2to6,6to8","inference_edgeClickLog":"[{\"edgeSelection\":\"0to2\",\"edgeRTMS\":3844},{\"edgeSelection\":\"2to6\",\"edgeRTMS\":4973},{\"edgeSelection\":\"6to8\",\"edgeRTMS\":6404}]","inference_edgeRT":"6404","inference_edge_last":"6to8","task":"experiment","subjectId":"quqepta7zhn7vr9","trial_type":"external-html","trial_index":20,"time_elapsed":678640,"internal_node_id":"0.0-9.0-0.12"},{"rt":21115,"url":"../static/nodeGraphs_distractor.html","edge":"2to4","edgeRT":"9102","skip":"false","flipped":"FALSE","index":"13","edgeClickLog":"[{\"edgeSelection\":\"4to8\",\"edgeRTMS\":2431},{\"edgeSelection\":\"2to4\",\"edgeRTMS\":9102}]","trial_id":"incong_10","congruency":"I","trial_group":"10to15","condition":"distractor","inference_edge":"2to4,4to8,0to2","inference_edgeClickLog":"[{\"edgeSelection\":\"2to4\",\"edgeRTMS\":3616},{\"edgeSelection\":\"4to8\",\"edgeRTMS\":5041},{\"edgeSelection\":\"0to2\",\"edgeRTMS\":7984}]","inference_edgeRT":"7984","inference_edge_last":"0to2","task":"experiment","subjectId":"quqepta7zhn7vr9","trial_type":"external-html","trial_index":21,"time_elapsed":700461,"internal_node_id":"0.0-9.0-0.13"},{"rt":16930,"url":"../static/nodeGraphs_distractor.html","edge":"4to8","edgeRT":"1901","skip":"false","flipped":"FALSE","index":"14","edgeClickLog":"[{\"edgeSelection\":\"4to8\",\"edgeRTMS\":1901}]","trial_id":"incong_2","congruency":"I","trial_group":"10to15","condition":"distractor","inference_edge":"4to8,2to4,0to2","inference_edgeClickLog":"[{\"edgeSelection\":\"4to8\",\"edgeRTMS\":4364},{\"edgeSelection\":\"2to4\",\"edgeRTMS\":8342},{\"edgeSelection\":\"0to2\",\"edgeRTMS\":12281}]","inference_edgeRT":"12281","inference_edge_last":"0to2","task":"experiment","subjectId":"quqepta7zhn7vr9","trial_type":"external-html","trial_index":22,"time_elapsed":718079,"internal_node_id":"0.0-9.0-0.14"},{"rt":18911,"url":"../static/nodeGraphs_distractor.html","edge":"6to8","edgeRT":"4144","skip":"false","flipped":"FALSE","index":"15","edgeClickLog":"[{\"edgeSelection\":\"6to8\",\"edgeRTMS\":4144}]","trial_id":"test_0","congruency":"I","trial_group":"15to20","condition":"distractor","inference_edge":"4to8,2to4,0to2","inference_edgeClickLog":"[{\"edgeSelection\":\"4to8\",\"edgeRTMS\":4364},{\"edgeSelection\":\"2to4\",\"edgeRTMS\":8342},{\"edgeSelection\":\"0to2\",\"edgeRTMS\":12281}]","inference_edgeRT":"12281","inference_edge_last":"","task":"experiment","subjectId":"quqepta7zhn7vr9","trial_type":"external-html","trial_index":23,"time_elapsed":737678,"internal_node_id":"0.0-9.0-0.15"},{"rt":7387,"url":"../static/nodeGraphs_distractor.html","edge":"3to6","edgeRT":"4976","skip":"false","flipped":"FALSE","index":"16","edgeClickLog":"[{\"edgeSelection\":\"3to6\",\"edgeRTMS\":4976}]","trial_id":"test_1","congruency":"I","trial_group":"15to20","condition":"distractor","inference_edge":"4to8,2to4,0to2","inference_edgeClickLog":"[{\"edgeSelection\":\"4to8\",\"edgeRTMS\":4364},{\"edgeSelection\":\"2to4\",\"edgeRTMS\":8342},{\"edgeSelection\":\"0to2\",\"edgeRTMS\":12281}]","inference_edgeRT":"12281","inference_edge_last":"","task":"experiment","subjectId":"quqepta7zhn7vr9","trial_type":"external-html","trial_index":24,"time_elapsed":745759,"internal_node_id":"0.0-9.0-0.16"},{"rt":7721,"url":"../static/nodeGraphs_distractor.html","edge":"3to6","edgeRT":"6261","skip":"false","flipped":"FALSE","index":"17","edgeClickLog":"[{\"edgeSelection\":\"3to6\",\"edgeRTMS\":6261}]","trial_id":"test_2","congruency":"I","trial_group":"15to20","condition":"distractor","inference_edge":"4to8,2to4,0to2","inference_edgeClickLog":"[{\"edgeSelection\":\"4to8\",\"edgeRTMS\":4364},{\"edgeSelection\":\"2to4\",\"edgeRTMS\":8342},{\"edgeSelection\":\"0to2\",\"edgeRTMS\":12281}]","inference_edgeRT":"12281","inference_edge_last":"","task":"experiment","subjectId":"quqepta7zhn7vr9","trial_type":"external-html","trial_index":25,"time_elapsed":754175,"internal_node_id":"0.0-9.0-0.17"},{"rt":5427,"url":"../static/nodeGraphs_distractor.html","edge":"1to5","edgeRT":"4462","skip":"false","flipped":"FALSE","index":"18","edgeClickLog":"[{\"edgeSelection\":\"1to5\",\"edgeRTMS\":4462}]","trial_id":"test_3","congruency":"I","trial_group":"15to20","condition":"distractor","inference_edge":"4to8,2to4,0to2","inference_edgeClickLog":"[{\"edgeSelection\":\"4to8\",\"edgeRTMS\":4364},{\"edgeSelection\":\"2to4\",\"edgeRTMS\":8342},{\"edgeSelection\":\"0to2\",\"edgeRTMS\":12281}]","inference_edgeRT":"12281","inference_edge_last":"","task":"experiment","subjectId":"quqepta7zhn7vr9","trial_type":"external-html","trial_index":26,"time_elapsed":760273,"internal_node_id":"0.0-9.0-0.18"},{"rt":4708,"url":"../static/nodeGraphs_distractor.html","edge":"6to9","edgeRT":"3286","skip":"false","flipped":"FALSE","index":"19","edgeClickLog":"[{\"edgeSelection\":\"6to9\",\"edgeRTMS\":3286}]","trial_id":"test_4","congruency":"I","trial_group":"15to20","condition":"distractor","inference_edge":"4to8,2to4,0to2","inference_edgeClickLog":"[{\"edgeSelection\":\"4to8\",\"edgeRTMS\":4364},{\"edgeSelection\":\"2to4\",\"edgeRTMS\":8342},{\"edgeSelection\":\"0to2\",\"edgeRTMS\":12281}]","inference_edgeRT":"12281","inference_edge_last":"","task":"experiment","subjectId":"quqepta7zhn7vr9","trial_type":"external-html","trial_index":27,"time_elapsed":765675,"internal_node_id":"0.0-9.0-0.19"},{"rt":40141,"response":{"P0_Q0":null,"P0_Q1":5,"P0_Q2":7,"P0_Q3":5,"P0_Q4":5,"P0_Q5":2,"strategies":"Picking paths with the highest points.","feedback":"No."},"accuracy":[],"trial_type":"survey","trial_index":28,"time_elapsed":806342,"internal_node_id":"0.0-10.0"},{"rt":5507,"stimulus":"<p>Thanks for your time!</p>        <p>We need to manually calculate your bonus pay, please give us up to 7 days.</p><p>Press any key to conclude.</p>","response":"arrowright","task":"end","subjectId":"quqepta7zhn7vr9","trial_type":"html-keyboard-response","trial_index":29,"time_elapsed":811851,"internal_node_id":"0.0-11.0","interactions":"[{\"event\":\"fullscreenenter\",\"trial\":1,\"time\":3960}]"}]