[{"success":true,"timeout":false,"failed_images":[],"failed_audio":[],"failed_video":[],"trial_type":"preload","trial_index":0,"time_elapsed":1401,"internal_node_id":"0.0-0.0"},{"success":true,"trial_type":"fullscreen","trial_index":1,"time_elapsed":4537,"internal_node_id":"0.0-1.0"},{"rt":1110,"stimulus":"Welcome to the experiment. Press any key to begin.","response":" ","trial_type":"html-keyboard-response","trial_index":2,"time_elapsed":5648,"internal_node_id":"0.0-2.0"},{"view_history":[{"page_index":0,"viewing_time":2030},{"page_index":1,"viewing_time":2140},{"page_index":2,"viewing_time":22268},{"page_index":3,"viewing_time":1796},{"page_index":4,"viewing_time":1731},{"page_index":5,"viewing_time":1954},{"page_index":6,"viewing_time":1098},{"page_index":7,"viewing_time":8471},{"page_index":8,"viewing_time":9375},{"page_index":9,"viewing_time":4521},{"page_index":10,"viewing_time":1160},{"page_index":11,"viewing_time":290},{"page_index":12,"viewing_time":281},{"page_index":13,"viewing_time":895},{"page_index":14,"viewing_time":1208},{"page_index":15,"viewing_time":4192},{"page_index":16,"viewing_time":1470},{"page_index":17,"viewing_time":287},{"page_index":18,"viewing_time":413},{"page_index":19,"viewing_time":2990},{"page_index":20,"viewing_time":4070},{"page_index":21,"viewing_time":2855}],"rt":75497,"trial_type":"instructions","trial_index":3,"time_elapsed":81139,"internal_node_id":"0.0-3.0"},{"rt":32874,"url":"../static/nodeGraphsTraining_normal.html","skip":[],"edgeClickLog":[],"inference_edge":[],"inference_edgeClickLog":[],"trial_type":"external-html","trial_index":4,"time_elapsed":114241,"internal_node_id":"0.0-4.0"},{"rt":19578,"response":{"q1":"The goal is to help the student to get the most points","q2":"False","q3":"Possible paths you, as the teacher, can choose to teach the learner.","q4":"Paths that the student took before."},"question_order":[0,1,2,3],"trial_type":"survey-multi-choice","trial_index":5,"time_elapsed":133823,"internal_node_id":"0.0-5.0"},{"rt":2724,"stimulus":"<p>You can take a 60 second break before starting the experiment.</p><br><br><p>This page will advance in 60 seconds or you can press any key to advance now.</p>","response":"arrowright","trial_type":"html-keyboard-response","trial_index":6,"time_elapsed":136549,"internal_node_id":"0.0-7.0"},{"view_history":[{"page_index":0,"viewing_time":13057}],"rt":13057,"trial_type":"instructions","trial_index":7,"time_elapsed":149607,"internal_node_id":"0.0-8.0"},{"rt":11049,"url":"../static/nodeGraphs_normal.html","edge":"2to4","edgeRT":"7258","skip":"false","flipped":"FALSE","index":"0","edgeClickLog":"[{\"edgeSelection\":\"2to4\",\"edgeRTMS\":7258}]","trial_id":"incong_0","congruency":"I","trial_group":"1to5","condition":"normal","inference_edge":[],"inference_edgeClickLog":[],"task":"experiment","subjectId":"ee9fmfj2auxg1kp","trial_type":"external-html","trial_index":8,"time_elapsed":160808,"internal_node_id":"0.0-9.0-0.0"},{"rt":13804,"url":"../static/nodeGraphs_normal.html","edge":"2to4","edgeRT":"12986","skip":"false","flipped":"FALSE","index":"1","edgeClickLog":"[{\"edgeSelection\":\"2to4\",\"edgeRTMS\":12986}]","trial_id":"incong_5","congruency":"I","trial_group":"1to5","condition":"normal","inference_edge":[],"inference_edgeClickLog":[],"task":"experiment","subjectId":"ee9fmfj2auxg1kp","trial_type":"external-html","trial_index":9,"time_elapsed":175277,"internal_node_id":"0.0-9.0-0.1"},{"rt":16579,"url":"../static/nodeGraphs_normal.html","edge":"5to7","edgeRT":"15720","skip":"false","flipped":"FALSE","index":"2","edgeClickLog":"[{\"edgeSelection\":\"5to7\",\"edgeRTMS\":15720}]","trial_id":"incong_3","congruency":"I","trial_group":"1to5","condition":"normal","inference_edge":[],"inference_edgeClickLog":[],"task":"experiment","subjectId":"ee9fmfj2auxg1kp","trial_type":"external-html","trial_index":10,"time_elapsed":192524,"internal_node_id":"0.0-9.0-0.2"},{"rt":7974,"url":"../static/nodeGraphs_normal.html","edge":"5to8","edgeRT":"7504","skip":"false","flipped":"FALSE","index":"3","edgeClickLog":"[{\"edgeSelection\":\"5to8\",\"edgeRTMS\":7504}]","trial_id":"incong_10","congruency":"I","trial_group":"1to5","condition":"normal","inference_edge":[],"inference_edgeClickLog":[],"task":"experiment","subjectId":"ee9fmfj2auxg1kp","trial_type":"external-html","trial_index":11,"time_elapsed":201191,"internal_node_id":"0.0-9.0-0.3"},{"rt":17676,"url":"../static/nodeGraphs_normal.html","edge":"3to6","edgeRT":"12942","skip":"false","flipped":"FALSE","index":"4","edgeClickLog":"[{\"edgeSelection\":\"3to6\",\"edgeRTMS\":12942}]","trial_id":"incong_2","congruency":"I","trial_group":"1to5","condition":"normal","inference_edge":[],"inference_edgeClickLog":[],"task":"experiment","subjectId":"ee9fmfj2auxg1kp","trial_type":"external-html","trial_index":12,"time_elapsed":219552,"internal_node_id":"0.0-9.0-0.4"},{"rt":7337,"url":"../static/nodeGraphs_normal.html","edge":"4to8","edgeRT":"7015","skip":"false","flipped":"TRUE","index":"5","edgeClickLog":"[{\"edgeSelection\":\"4to8\",\"edgeRTMS\":7015}]","trial_id":"incong_0_flipped","congruency":"I","trial_group":"5to10","condition":"normal","inference_edge":[],"inference_edgeClickLog":[],"task":"experiment","subjectId":"ee9fmfj2auxg1kp","trial_type":"external-html","trial_index":13,"time_elapsed":227562,"internal_node_id":"0.0-9.0-0.5"},{"rt":10216,"url":"../static/nodeGraphs_normal.html","edge":"1to4","edgeRT":"8586","skip":"false","flipped":"TRUE","index":"6","edgeClickLog":"[{\"edgeSelection\":\"1to4\",\"edgeRTMS\":8586}]","trial_id":"incong_5_flipped","congruency":"I","trial_group":"5to10","condition":"normal","inference_edge":[],"inference_edgeClickLog":[],"task":"experiment","subjectId":"ee9fmfj2auxg1kp","trial_type":"external-html","trial_index":14,"time_elapsed":238530,"internal_node_id":"0.0-9.0-0.6"},{"rt":15997,"url":"../static/nodeGraphs_normal.html","edge":"5to9","edgeRT":"15121","skip":"false","flipped":"TRUE","index":"7","edgeClickLog":"[{\"edgeSelection\":\"0to2\",\"edgeRTMS\":6410},{\"edgeSelection\":\"5to9\",\"edgeRTMS\":15121}]","trial_id":"incong_3_flipped","congruency":"I","trial_group":"5to10","condition":"normal","inference_edge":[],"inference_edgeClickLog":[],"task":"experiment","subjectId":"ee9fmfj2auxg1kp","trial_type":"external-html","trial_index":15,"time_elapsed":255211,"internal_node_id":"0.0-9.0-0.7"},{"rt":6920,"url":"../static/nodeGraphs_normal.html","edge":"5to8","edgeRT":"6381","skip":"false","flipped":"TRUE","index":"8","edgeClickLog":"[{\"edgeSelection\":\"5to8\",\"edgeRTMS\":6381}]","trial_id":"incong_10_flipped","congruency":"I","trial_group":"5to10","condition":"normal","inference_edge":[],"inference_edgeClickLog":[],"task":"experiment","subjectId":"ee9fmfj2auxg1kp","trial_type":"external-html","trial_index":16,"time_elapsed":262783,"internal_node_id":"0.0-9.0-0.8"},{"rt":12478,"url":"../static/nodeGraphs_normal.html","edge":"0to3","edgeRT":"11794","skip":"false","flipped":"TRUE","index":"9","edgeClickLog":"[{\"edgeSelection\":\"0to2\",\"edgeRTMS\":8152},{\"edgeSelection\":\"0to3\",\"edgeRTMS\":11794}]","trial_id":"incong_2_flipped","congruency":"I","trial_group":"5to10","condition":"normal","inference_edge":[],"inference_edgeClickLog":[],"task":"experiment","subjectId":"ee9fmfj2auxg1kp","trial_type":"external-html","trial_index":17,"time_elapsed":275962,"internal_node_id":"0.0-9.0-0.9"},{"rt":8662,"url":"../static/nodeGraphs_normal.html","edge":"6to8","edgeRT":"7189","skip":"false","flipped":"FALSE","index":"10","edgeClickLog":"[{\"edgeSelection\":\"6to8\",\"edgeRTMS\":7189}]","trial_id":"incong_0","congruency":"I","trial_group":"10to15","condition":"normal","inference_edge":[],"inference_edgeClickLog":[],"task":"experiment","subjectId":"ee9fmfj2auxg1kp","trial_type":"external-html","trial_index":18,"time_elapsed":285360,"internal_node_id":"0.0-9.0-0.10"},{"rt":6747,"url":"../static/nodeGraphs_normal.html","edge":"3to6","edgeRT":"5899","skip":"false","flipped":"FALSE","index":"11","edgeClickLog":"[{\"edgeSelection\":\"3to6\",\"edgeRTMS\":5899}]","trial_id":"incong_5","congruency":"I","trial_group":"10to15","condition":"normal","inference_edge":[],"inference_edgeClickLog":[],"task":"experiment","subjectId":"ee9fmfj2auxg1kp","trial_type":"external-html","trial_index":19,"time_elapsed":292765,"internal_node_id":"0.0-9.0-0.11"},{"rt":4995,"url":"../static/nodeGraphs_normal.html","edge":"5to7","edgeRT":"4951","skip":"false","flipped":"FALSE","index":"12","edgeClickLog":"[{\"edgeSelection\":\"5to7\",\"edgeRTMS\":4951}]","trial_id":"incong_3","congruency":"I","trial_group":"10to15","condition":"normal","inference_edge":[],"inference_edgeClickLog":[],"task":"experiment","subjectId":"ee9fmfj2auxg1kp","trial_type":"external-html","trial_index":20,"time_elapsed":298498,"internal_node_id":"0.0-9.0-0.12"},{"rt":6926,"url":"../static/nodeGraphs_normal.html","edge":"5to8","edgeRT":"6845","skip":"false","flipped":"FALSE","index":"13","edgeClickLog":"[{\"edgeSelection\":\"5to8\",\"edgeRTMS\":6845}]","trial_id":"incong_10","congruency":"I","trial_group":"10to15","condition":"normal","inference_edge":[],"inference_edgeClickLog":[],"task":"experiment","subjectId":"ee9fmfj2auxg1kp","trial_type":"external-html","trial_index":21,"time_elapsed":306198,"internal_node_id":"0.0-9.0-0.13"},{"rt":8978,"url":"../static/nodeGraphs_normal.html","edge":"0to1","edgeRT":"7112","skip":"false","flipped":"FALSE","index":"14","edgeClickLog":"[{\"edgeSelection\":\"0to1\",\"edgeRTMS\":7112}]","trial_id":"incong_2","congruency":"I","trial_group":"10to15","condition":"normal","inference_edge":[],"inference_edgeClickLog":[],"task":"experiment","subjectId":"ee9fmfj2auxg1kp","trial_type":"external-html","trial_index":22,"time_elapsed":315931,"internal_node_id":"0.0-9.0-0.14"},{"rt":14226,"url":"../static/nodeGraphs_normal.html","edge":"5to8","edgeRT":"9755","skip":"false","flipped":"FALSE","index":"15","edgeClickLog":"[{\"edgeSelection\":\"5to8\",\"edgeRTMS\":9755}]","trial_id":"test_0","congruency":"I","trial_group":"15to20","condition":"normal","inference_edge":[],"inference_edgeClickLog":[],"task":"experiment","subjectId":"ee9fmfj2auxg1kp","trial_type":"external-html","trial_index":23,"time_elapsed":330828,"internal_node_id":"0.0-9.0-0.15"},{"rt":28461,"url":"../static/nodeGraphs_normal.html","edge":"4to7","edgeRT":"27227","skip":"false","flipped":"FALSE","index":"16","edgeClickLog":"[{\"edgeSelection\":\"4to7\",\"edgeRTMS\":27227}]","trial_id":"test_1","congruency":"I","trial_group":"15to20","condition":"normal","inference_edge":[],"inference_edgeClickLog":[],"task":"experiment","subjectId":"ee9fmfj2auxg1kp","trial_type":"external-html","trial_index":24,"time_elapsed":359973,"internal_node_id":"0.0-9.0-0.16"},{"rt":21900,"url":"../static/nodeGraphs_normal.html","edge":"2to4","edgeRT":"19299","skip":"false","flipped":"FALSE","index":"17","edgeClickLog":"[{\"edgeSelection\":\"2to5\",\"edgeRTMS\":15726},{\"edgeSelection\":\"2to4\",\"edgeRTMS\":19299}]","trial_id":"test_2","congruency":"I","trial_group":"15to20","condition":"normal","inference_edge":[],"inference_edgeClickLog":[],"task":"experiment","subjectId":"ee9fmfj2auxg1kp","trial_type":"external-html","trial_index":25,"time_elapsed":382557,"internal_node_id":"0.0-9.0-0.17"},{"rt":19774,"url":"../static/nodeGraphs_normal.html","edge":"5to7","edgeRT":"13646","skip":"false","flipped":"FALSE","index":"18","edgeClickLog":"[{\"edgeSelection\":\"0to1\",\"edgeRTMS\":9619},{\"edgeSelection\":\"5to7\",\"edgeRTMS\":13646}]","trial_id":"test_3","congruency":"I","trial_group":"15to20","condition":"normal","inference_edge":[],"inference_edgeClickLog":[],"task":"experiment","subjectId":"ee9fmfj2auxg1kp","trial_type":"external-html","trial_index":26,"time_elapsed":402994,"internal_node_id":"0.0-9.0-0.18"},{"rt":26459,"url":"../static/nodeGraphs_normal.html","edge":"1to5","edgeRT":"12764","skip":"false","flipped":"FALSE","index":"19","edgeClickLog":"[{\"edgeSelection\":\"1to5\",\"edgeRTMS\":12764}]","trial_id":"test_4","congruency":"I","trial_group":"15to20","condition":"normal","inference_edge":[],"inference_edgeClickLog":[],"task":"experiment","subjectId":"ee9fmfj2auxg1kp","trial_type":"external-html","trial_index":27,"time_elapsed":430146,"internal_node_id":"0.0-9.0-0.19"},{"rt":59417,"response":{"P0_Q0":null,"P0_Q1":3,"P0_Q2":6,"P0_Q3":5,"P0_Q4":5,"P0_Q5":5,"strategies":"I tended to start from the bottom, because that would be a clearer/more obvious path for the student to take.","feedback":"N/A"},"accuracy":[],"trial_type":"survey","trial_index":28,"time_elapsed":490134,"internal_node_id":"0.0-10.0"},{"rt":3484,"stimulus":"<p>Thanks for your time!</p>        <p>We need to manually calculate your bonus pay, please give us up to 7 days.</p><p>Press any key to conclude.</p>","response":"arrowright","task":"end","subjectId":"ee9fmfj2auxg1kp","trial_type":"html-keyboard-response","trial_index":29,"time_elapsed":493621,"internal_node_id":"0.0-11.0","interactions":"[{\"event\":\"fullscreenenter\",\"trial\":1,\"time\":3566}]"}]