[{"success":true,"timeout":false,"failed_images":[],"failed_audio":[],"failed_video":[],"trial_type":"preload","trial_index":0,"time_elapsed":2744,"internal_node_id":"0.0-0.0"},{"success":true,"trial_type":"fullscreen","trial_index":1,"time_elapsed":7715,"internal_node_id":"0.0-1.0"},{"rt":2631,"stimulus":"Welcome to the experiment. Press any key to begin.","response":" ","trial_type":"html-keyboard-response","trial_index":2,"time_elapsed":10350,"internal_node_id":"0.0-2.0"},{"view_history":[{"page_index":0,"viewing_time":5445},{"page_index":1,"viewing_time":7650},{"page_index":2,"viewing_time":20849},{"page_index":3,"viewing_time":7812},{"page_index":4,"viewing_time":2568},{"page_index":5,"viewing_time":2956},{"page_index":6,"viewing_time":5747},{"page_index":7,"viewing_time":13130},{"page_index":8,"viewing_time":16083},{"page_index":9,"viewing_time":15479},{"page_index":10,"viewing_time":4484},{"page_index":11,"viewing_time":2148},{"page_index":12,"viewing_time":1842},{"page_index":13,"viewing_time":2486},{"page_index":14,"viewing_time":3832},{"page_index":15,"viewing_time":5249},{"page_index":16,"viewing_time":2161},{"page_index":17,"viewing_time":1198},{"page_index":18,"viewing_time":1488},{"page_index":19,"viewing_time":7399},{"page_index":20,"viewing_time":12220},{"page_index":21,"viewing_time":8578}],"rt":150805,"trial_type":"instructions","trial_index":3,"time_elapsed":161155,"internal_node_id":"0.0-3.0"},{"rt":162159,"url":"../static/nodeGraphsTraining_distractor.html","skip":[],"edgeClickLog":[],"inference_edge":[],"inference_edgeClickLog":[],"trial_type":"external-html","trial_index":4,"time_elapsed":323869,"internal_node_id":"0.0-4.0"},{"rt":44519,"response":{"q1":"The goal is to help the student to get the most points.","q2":"False","q3":"Possible edges you, as the teacher, can choose to teach the learner.","q4":"Edges that the student took before."},"question_order":[0,1,2,3],"trial_type":"survey-multi-choice","trial_index":5,"time_elapsed":368395,"internal_node_id":"0.0-5.0"},{"rt":6501,"stimulus":"<p>You can take a 60 second break before starting the experiment.</p><br><br><p>This page will advance in 60 seconds or you can press any key to advance now.</p>","response":" ","trial_type":"html-keyboard-response","trial_index":6,"time_elapsed":374901,"internal_node_id":"0.0-7.0"},{"view_history":[{"page_index":0,"viewing_time":30615}],"rt":30615,"trial_type":"instructions","trial_index":7,"time_elapsed":405518,"internal_node_id":"0.0-8.0"},{"rt":25973,"url":"../static/nodeGraphs_distractor.html","edge":"4to8","edgeRT":"8142","skip":"false","flipped":"FALSE","index":"0","edgeClickLog":"[{\"edgeSelection\":\"4to8\",\"edgeRTMS\":8142}]","trial_id":"incong_0","congruency":"I","trial_group":"1to5","condition":"distractor","inference_edge":"2to4,4to7,4to8","inference_edgeClickLog":"[{\"edgeSelection\":\"2to4\",\"edgeRTMS\":7597},{\"edgeSelection\":\"4to7\",\"edgeRTMS\":11519},{\"edgeSelection\":\"4to8\",\"edgeRTMS\":13472}]","inference_edgeRT":"13472","inference_edge_last":"4to8","task":"experiment","subjectId":"mqq6yeynh8b6fsq","trial_type":"external-html","trial_index":8,"time_elapsed":431890,"internal_node_id":"0.0-9.0-0.0"},{"rt":31218,"url":"../static/nodeGraphs_distractor.html","edge":"4to7","edgeRT":"11387","skip":"false","flipped":"FALSE","index":"1","edgeClickLog":"[{\"edgeSelection\":\"4to7\",\"edgeRTMS\":11387}]","trial_id":"incong_5","congruency":"I","trial_group":"1to5","condition":"distractor","inference_edge":"4to7,4to8,6to8","inference_edgeClickLog":"[{\"edgeSelection\":\"4to7\",\"edgeRTMS\":6589},{\"edgeSelection\":\"4to8\",\"edgeRTMS\":8002},{\"edgeSelection\":\"6to8\",\"edgeRTMS\":15240}]","inference_edgeRT":"15240","inference_edge_last":"6to8","task":"experiment","subjectId":"mqq6yeynh8b6fsq","trial_type":"external-html","trial_index":9,"time_elapsed":463898,"internal_node_id":"0.0-9.0-0.1"},{"rt":31525,"url":"../static/nodeGraphs_distractor.html","edge":"2to6","edgeRT":"3540","skip":"false","flipped":"FALSE","index":"2","edgeClickLog":"[{\"edgeSelection\":\"2to6\",\"edgeRTMS\":3540}]","trial_id":"incong_3","congruency":"I","trial_group":"1to5","condition":"distractor","inference_edge":"2to6,1to4,5to7","inference_edgeClickLog":"[{\"edgeSelection\":\"2to6\",\"edgeRTMS\":10836},{\"edgeSelection\":\"1to4\",\"edgeRTMS\":19642},{\"edgeSelection\":\"5to7\",\"edgeRTMS\":22158}]","inference_edgeRT":"22158","inference_edge_last":"5to7","task":"experiment","subjectId":"mqq6yeynh8b6fsq","trial_type":"external-html","trial_index":10,"time_elapsed":496220,"internal_node_id":"0.0-9.0-0.2"},{"rt":20296,"url":"../static/nodeGraphs_distractor.html","edge":"4to8","edgeRT":"2924","skip":"false","flipped":"FALSE","index":"3","edgeClickLog":"[{\"edgeSelection\":\"4to8\",\"edgeRTMS\":2924}]","trial_id":"incong_10","congruency":"I","trial_group":"1to5","condition":"distractor","inference_edge":"4to8,6to8,2to4","inference_edgeClickLog":"[{\"edgeSelection\":\"4to8\",\"edgeRTMS\":6071},{\"edgeSelection\":\"6to8\",\"edgeRTMS\":9143},{\"edgeSelection\":\"2to4\",\"edgeRTMS\":11614}]","inference_edgeRT":"11614","inference_edge_last":"2to4","task":"experiment","subjectId":"mqq6yeynh8b6fsq","trial_type":"external-html","trial_index":11,"time_elapsed":517448,"internal_node_id":"0.0-9.0-0.3"},{"rt":22361,"url":"../static/nodeGraphs_distractor.html","edge":"4to8","edgeRT":"2244","skip":"false","flipped":"FALSE","index":"4","edgeClickLog":"[{\"edgeSelection\":\"4to8\",\"edgeRTMS\":2244}]","trial_id":"incong_2","congruency":"I","trial_group":"1to5","condition":"distractor","inference_edge":"4to8,6to8,2to4","inference_edgeClickLog":"[{\"edgeSelection\":\"5to7\",\"edgeRTMS\":6576},{\"edgeSelection\":\"4to8\",\"edgeRTMS\":9138},{\"edgeSelection\":\"5to7\",\"edgeRTMS\":10386},{\"edgeSelection\":\"6to8\",\"edgeRTMS\":14404},{\"edgeSelection\":\"2to4\",\"edgeRTMS\":17336}]","inference_edgeRT":"17336","inference_edge_last":"2to4","task":"experiment","subjectId":"mqq6yeynh8b6fsq","trial_type":"external-html","trial_index":12,"time_elapsed":540721,"internal_node_id":"0.0-9.0-0.4"},{"rt":25464,"url":"../static/nodeGraphs_distractor.html","edge":"6to8","edgeRT":"4489","skip":"false","flipped":"TRUE","index":"5","edgeClickLog":"[{\"edgeSelection\":\"6to8\",\"edgeRTMS\":4489}]","trial_id":"incong_0_flipped","congruency":"I","trial_group":"5to10","condition":"distractor","inference_edge":"6to8,6to9,2to6","inference_edgeClickLog":"[{\"edgeSelection\":\"6to8\",\"edgeRTMS\":5981},{\"edgeSelection\":\"6to9\",\"edgeRTMS\":7443},{\"edgeSelection\":\"2to6\",\"edgeRTMS\":14638}]","inference_edgeRT":"14638","inference_edge_last":"2to6","task":"experiment","subjectId":"mqq6yeynh8b6fsq","trial_type":"external-html","trial_index":13,"time_elapsed":567058,"internal_node_id":"0.0-9.0-0.5"},{"rt":20042,"url":"../static/nodeGraphs_distractor.html","edge":"6to9","edgeRT":"4554","skip":"false","flipped":"TRUE","index":"6","edgeClickLog":"[{\"edgeSelection\":\"6to9\",\"edgeRTMS\":4554}]","trial_id":"incong_5_flipped","congruency":"I","trial_group":"5to10","condition":"distractor","inference_edge":"6to9,6to8,4to8","inference_edgeClickLog":"[{\"edgeSelection\":\"6to9\",\"edgeRTMS\":4390},{\"edgeSelection\":\"6to8\",\"edgeRTMS\":7931},{\"edgeSelection\":\"4to8\",\"edgeRTMS\":11577}]","inference_edgeRT":"11577","inference_edge_last":"4to8","task":"experiment","subjectId":"mqq6yeynh8b6fsq","trial_type":"external-html","trial_index":14,"time_elapsed":588055,"internal_node_id":"0.0-9.0-0.6"},{"rt":18546,"url":"../static/nodeGraphs_distractor.html","edge":"2to4","edgeRT":"3011","skip":"false","flipped":"TRUE","index":"7","edgeClickLog":"[{\"edgeSelection\":\"2to4\",\"edgeRTMS\":3011}]","trial_id":"incong_3_flipped","congruency":"I","trial_group":"5to10","condition":"distractor","inference_edge":"2to4,2to6,4to8","inference_edgeClickLog":"[{\"edgeSelection\":\"2to4\",\"edgeRTMS\":4789},{\"edgeSelection\":\"2to6\",\"edgeRTMS\":11447},{\"edgeSelection\":\"4to8\",\"edgeRTMS\":13599}]","inference_edgeRT":"13599","inference_edge_last":"4to8","task":"experiment","subjectId":"mqq6yeynh8b6fsq","trial_type":"external-html","trial_index":15,"time_elapsed":607455,"internal_node_id":"0.0-9.0-0.7"},{"rt":17999,"url":"../static/nodeGraphs_distractor.html","edge":"6to8","edgeRT":"5905","skip":"false","flipped":"TRUE","index":"8","edgeClickLog":"[{\"edgeSelection\":\"6to8\",\"edgeRTMS\":5905}]","trial_id":"incong_10_flipped","congruency":"I","trial_group":"5to10","condition":"distractor","inference_edge":"6to8,2to6,6to9","inference_edgeClickLog":"[{\"edgeSelection\":\"6to8\",\"edgeRTMS\":3588},{\"edgeSelection\":\"2to6\",\"edgeRTMS\":5772},{\"edgeSelection\":\"6to9\",\"edgeRTMS\":7163}]","inference_edgeRT":"7163","inference_edge_last":"6to9","task":"experiment","subjectId":"mqq6yeynh8b6fsq","trial_type":"external-html","trial_index":16,"time_elapsed":626282,"internal_node_id":"0.0-9.0-0.8"},{"rt":18674,"url":"../static/nodeGraphs_distractor.html","edge":"6to8","edgeRT":"2763","skip":"false","flipped":"TRUE","index":"9","edgeClickLog":"[{\"edgeSelection\":\"6to8\",\"edgeRTMS\":2763}]","trial_id":"incong_2_flipped","congruency":"I","trial_group":"5to10","condition":"distractor","inference_edge":"6to8,2to6,3to6","inference_edgeClickLog":"[{\"edgeSelection\":\"6to8\",\"edgeRTMS\":4727},{\"edgeSelection\":\"2to6\",\"edgeRTMS\":10105},{\"edgeSelection\":\"3to6\",\"edgeRTMS\":14136}]","inference_edgeRT":"14136","inference_edge_last":"3to6","task":"experiment","subjectId":"mqq6yeynh8b6fsq","trial_type":"external-html","trial_index":17,"time_elapsed":645777,"internal_node_id":"0.0-9.0-0.9"},{"rt":29129,"url":"../static/nodeGraphs_distractor.html","edge":"4to7","edgeRT":"5480","skip":"false","flipped":"FALSE","index":"10","edgeClickLog":"[{\"edgeSelection\":\"4to7\",\"edgeRTMS\":5480}]","trial_id":"incong_0","congruency":"I","trial_group":"10to15","condition":"distractor","inference_edge":"4to7,4to8,2to4","inference_edgeClickLog":"[{\"edgeSelection\":\"4to7\",\"edgeRTMS\":4152},{\"edgeSelection\":\"5to7\",\"edgeRTMS\":5982},{\"edgeSelection\":\"5to7\",\"edgeRTMS\":7395},{\"edgeSelection\":\"4to8\",\"edgeRTMS\":8828},{\"edgeSelection\":\"2to4\",\"edgeRTMS\":21688}]","inference_edgeRT":"21688","inference_edge_last":"2to4","task":"experiment","subjectId":"mqq6yeynh8b6fsq","trial_type":"external-html","trial_index":18,"time_elapsed":675785,"internal_node_id":"0.0-9.0-0.10"},{"rt":29287,"url":"../static/nodeGraphs_distractor.html","edge":"4to7","edgeRT":"13472","skip":"false","flipped":"FALSE","index":"11","edgeClickLog":"[{\"edgeSelection\":\"4to8\",\"edgeRTMS\":4846},{\"edgeSelection\":\"4to8\",\"edgeRTMS\":8435},{\"edgeSelection\":\"4to8\",\"edgeRTMS\":10216},{\"edgeSelection\":\"4to8\",\"edgeRTMS\":11694},{\"edgeSelection\":\"4to7\",\"edgeRTMS\":13472}]","trial_id":"incong_5","congruency":"I","trial_group":"10to15","condition":"distractor","inference_edge":"4to7,4to8,6to8","inference_edgeClickLog":"[{\"edgeSelection\":\"4to7\",\"edgeRTMS\":3672},{\"edgeSelection\":\"4to8\",\"edgeRTMS\":5461},{\"edgeSelection\":\"6to8\",\"edgeRTMS\":9946}]","inference_edgeRT":"9946","inference_edge_last":"6to8","task":"experiment","subjectId":"mqq6yeynh8b6fsq","trial_type":"external-html","trial_index":19,"time_elapsed":705951,"internal_node_id":"0.0-9.0-0.11"},{"rt":22730,"url":"../static/nodeGraphs_distractor.html","edge":"2to6","edgeRT":"2210","skip":"false","flipped":"FALSE","index":"12","edgeClickLog":"[{\"edgeSelection\":\"2to6\",\"edgeRTMS\":2210}]","trial_id":"incong_3","congruency":"I","trial_group":"10to15","condition":"distractor","inference_edge":"2to6,6to8,2to4","inference_edgeClickLog":"[{\"edgeSelection\":\"2to6\",\"edgeRTMS\":3744},{\"edgeSelection\":\"6to8\",\"edgeRTMS\":11993},{\"edgeSelection\":\"2to4\",\"edgeRTMS\":18391}]","inference_edgeRT":"18391","inference_edge_last":"2to4","task":"experiment","subjectId":"mqq6yeynh8b6fsq","trial_type":"external-html","trial_index":20,"time_elapsed":729495,"internal_node_id":"0.0-9.0-0.12"},{"rt":16653,"url":"../static/nodeGraphs_distractor.html","edge":"4to8","edgeRT":"2236","skip":"false","flipped":"FALSE","index":"13","edgeClickLog":"[{\"edgeSelection\":\"4to8\",\"edgeRTMS\":2236}]","trial_id":"incong_10","congruency":"I","trial_group":"10to15","condition":"distractor","inference_edge":"4to8,2to4,6to8","inference_edgeClickLog":"[{\"edgeSelection\":\"5to7\",\"edgeRTMS\":3399},{\"edgeSelection\":\"5to7\",\"edgeRTMS\":5319},{\"edgeSelection\":\"4to8\",\"edgeRTMS\":6583},{\"edgeSelection\":\"2to4\",\"edgeRTMS\":9184},{\"edgeSelection\":\"6to8\",\"edgeRTMS\":12200}]","inference_edgeRT":"12200","inference_edge_last":"6to8","task":"experiment","subjectId":"mqq6yeynh8b6fsq","trial_type":"external-html","trial_index":21,"time_elapsed":747178,"internal_node_id":"0.0-9.0-0.13"},{"rt":17822,"url":"../static/nodeGraphs_distractor.html","edge":"4to8","edgeRT":"2105","skip":"false","flipped":"FALSE","index":"14","edgeClickLog":"[{\"edgeSelection\":\"4to8\",\"edgeRTMS\":2105}]","trial_id":"incong_2","congruency":"I","trial_group":"10to15","condition":"distractor","inference_edge":"4to8,1to4,6to8","inference_edgeClickLog":"[{\"edgeSelection\":\"4to8\",\"edgeRTMS\":3689},{\"edgeSelection\":\"1to4\",\"edgeRTMS\":8509},{\"edgeSelection\":\"6to8\",\"edgeRTMS\":11125}]","inference_edgeRT":"11125","inference_edge_last":"6to8","task":"experiment","subjectId":"mqq6yeynh8b6fsq","trial_type":"external-html","trial_index":22,"time_elapsed":765829,"internal_node_id":"0.0-9.0-0.14"},{"rt":23480,"url":"../static/nodeGraphs_distractor.html","edge":"6to8","edgeRT":"3492","skip":"false","flipped":"FALSE","index":"15","edgeClickLog":"[{\"edgeSelection\":\"6to8\",\"edgeRTMS\":3492}]","trial_id":"test_0","congruency":"I","trial_group":"15to20","condition":"distractor","inference_edge":"4to8,1to4,6to8","inference_edgeClickLog":"[{\"edgeSelection\":\"4to8\",\"edgeRTMS\":3689},{\"edgeSelection\":\"1to4\",\"edgeRTMS\":8509},{\"edgeSelection\":\"6to8\",\"edgeRTMS\":11125}]","inference_edgeRT":"11125","inference_edge_last":"","task":"experiment","subjectId":"mqq6yeynh8b6fsq","trial_type":"external-html","trial_index":23,"time_elapsed":790251,"internal_node_id":"0.0-9.0-0.15"},{"rt":13585,"url":"../static/nodeGraphs_distractor.html","edge":"3to6","edgeRT":"12880","skip":"false","flipped":"FALSE","index":"16","edgeClickLog":"[{\"edgeSelection\":\"3to6\",\"edgeRTMS\":7042},{\"edgeSelection\":\"1to5\",\"edgeRTMS\":11269},{\"edgeSelection\":\"3to6\",\"edgeRTMS\":12880}]","trial_id":"test_1","congruency":"I","trial_group":"15to20","condition":"distractor","inference_edge":"4to8,1to4,6to8","inference_edgeClickLog":"[{\"edgeSelection\":\"4to8\",\"edgeRTMS\":3689},{\"edgeSelection\":\"1to4\",\"edgeRTMS\":8509},{\"edgeSelection\":\"6to8\",\"edgeRTMS\":11125}]","inference_edgeRT":"11125","inference_edge_last":"","task":"experiment","subjectId":"mqq6yeynh8b6fsq","trial_type":"external-html","trial_index":24,"time_elapsed":804727,"internal_node_id":"0.0-9.0-0.16"},{"rt":6122,"url":"../static/nodeGraphs_distractor.html","edge":"3to6","edgeRT":"4686","skip":"false","flipped":"FALSE","index":"17","edgeClickLog":"[{\"edgeSelection\":\"3to6\",\"edgeRTMS\":4686}]","trial_id":"test_2","congruency":"I","trial_group":"15to20","condition":"distractor","inference_edge":"4to8,1to4,6to8","inference_edgeClickLog":"[{\"edgeSelection\":\"4to8\",\"edgeRTMS\":3689},{\"edgeSelection\":\"1to4\",\"edgeRTMS\":8509},{\"edgeSelection\":\"6to8\",\"edgeRTMS\":11125}]","inference_edgeRT":"11125","inference_edge_last":"","task":"experiment","subjectId":"mqq6yeynh8b6fsq","trial_type":"external-html","trial_index":25,"time_elapsed":811805,"internal_node_id":"0.0-9.0-0.17"},{"rt":4245,"url":"../static/nodeGraphs_distractor.html","edge":"1to5","edgeRT":"3058","skip":"false","flipped":"FALSE","index":"18","edgeClickLog":"[{\"edgeSelection\":\"1to5\",\"edgeRTMS\":3058}]","trial_id":"test_3","congruency":"I","trial_group":"15to20","condition":"distractor","inference_edge":"4to8,1to4,6to8","inference_edgeClickLog":"[{\"edgeSelection\":\"4to8\",\"edgeRTMS\":3689},{\"edgeSelection\":\"1to4\",\"edgeRTMS\":8509},{\"edgeSelection\":\"6to8\",\"edgeRTMS\":11125}]","inference_edgeRT":"11125","inference_edge_last":"","task":"experiment","subjectId":"mqq6yeynh8b6fsq","trial_type":"external-html","trial_index":26,"time_elapsed":816921,"internal_node_id":"0.0-9.0-0.18"},{"rt":5070,"url":"../static/nodeGraphs_distractor.html","edge":"6to9","edgeRT":"4146","skip":"false","flipped":"FALSE","index":"19","edgeClickLog":"[{\"edgeSelection\":\"6to9\",\"edgeRTMS\":4146}]","trial_id":"test_4","congruency":"I","trial_group":"15to20","condition":"distractor","inference_edge":"4to8,1to4,6to8","inference_edgeClickLog":"[{\"edgeSelection\":\"4to8\",\"edgeRTMS\":3689},{\"edgeSelection\":\"1to4\",\"edgeRTMS\":8509},{\"edgeSelection\":\"6to8\",\"edgeRTMS\":11125}]","inference_edgeRT":"11125","inference_edge_last":"","task":"experiment","subjectId":"mqq6yeynh8b6fsq","trial_type":"external-html","trial_index":27,"time_elapsed":822942,"internal_node_id":"0.0-9.0-0.19"},{"rt":32119,"response":{"P0_Q0":null,"P0_Q1":2,"P0_Q2":6,"P0_Q3":7,"P0_Q4":2,"P0_Q5":1,"strategies":"to connect the highest numbers together","feedback":""},"accuracy":[],"trial_type":"survey","trial_index":28,"time_elapsed":855722,"internal_node_id":"0.0-10.0"},{"rt":5007,"stimulus":"<p>Thanks for your time!</p>        <p>We need to manually calculate your bonus pay, please give us up to 7 days.</p><p>Press any key to conclude.</p>","response":" ","task":"end","subjectId":"mqq6yeynh8b6fsq","trial_type":"html-keyboard-response","trial_index":29,"time_elapsed":860733,"internal_node_id":"0.0-11.0","interactions":"[{\"event\":\"fullscreenenter\",\"trial\":1,\"time\":6813}]"}]