[{"success":true,"timeout":false,"failed_images":[],"failed_audio":[],"failed_video":[],"trial_type":"preload","trial_index":0,"time_elapsed":284,"internal_node_id":"0.0-0.0"},{"success":true,"trial_type":"fullscreen","trial_index":1,"time_elapsed":6273,"internal_node_id":"0.0-1.0"},{"rt":8843,"stimulus":"Welcome to the experiment. Press any key to begin.","response":"arrowright","trial_type":"html-keyboard-response","trial_index":2,"time_elapsed":15116,"internal_node_id":"0.0-2.0"},{"view_history":[{"page_index":0,"viewing_time":494},{"page_index":1,"viewing_time":348},{"page_index":2,"viewing_time":481},{"page_index":3,"viewing_time":268},{"page_index":4,"viewing_time":257},{"page_index":5,"viewing_time":244},{"page_index":6,"viewing_time":221},{"page_index":7,"viewing_time":186},{"page_index":8,"viewing_time":155},{"page_index":9,"viewing_time":157},{"page_index":10,"viewing_time":204},{"page_index":11,"viewing_time":168},{"page_index":12,"viewing_time":140},{"page_index":13,"viewing_time":154},{"page_index":14,"viewing_time":177},{"page_index":15,"viewing_time":174},{"page_index":16,"viewing_time":146},{"page_index":17,"viewing_time":255},{"page_index":18,"viewing_time":161},{"page_index":19,"viewing_time":344},{"page_index":20,"viewing_time":185},{"page_index":21,"viewing_time":201}],"rt":5119,"trial_type":"instructions","trial_index":3,"time_elapsed":20235,"internal_node_id":"0.0-3.0"},{"rt":33864,"url":"../static/nodeGraphsTraining_scaffolding.html","skip":[],"edgeClickLog":[],"inference_edge":[],"inference_edgeClickLog":[],"trial_type":"external-html","trial_index":4,"time_elapsed":54151,"internal_node_id":"0.0-4.0"},{"rt":338578,"response":{"q1":"The goal is to help the student to get the most points.","q2":"False","q3":"Possible edges you, as the teacher, can choose to teach the learner.","q4":"Edges that the student took before."},"question_order":[0,1,2,3],"trial_type":"survey-multi-choice","trial_index":5,"time_elapsed":392731,"internal_node_id":"0.0-5.0"},{"rt":2011,"stimulus":"<p>You can take a 60 second break before starting the experiment.</p><br><br><p>This page will advance in 60 seconds or you can press any key to advance now.</p>","response":"arrowright","trial_type":"html-keyboard-response","trial_index":6,"time_elapsed":394744,"internal_node_id":"0.0-7.0"},{"view_history":[{"page_index":0,"viewing_time":543}],"rt":543,"trial_type":"instructions","trial_index":7,"time_elapsed":395288,"internal_node_id":"0.0-8.0"},{"rt":19390,"url":"../static/nodeGraphs_scaffolding.html","edge":"3to5","edgeRT":"7907","skip":"false","flipped":"FALSE","index":"0","edgeClickLog":"[{\"edgeSelection\":\"6to8\",\"edgeRTMS\":4840},{\"edgeSelection\":\"6to8\",\"edgeRTMS\":5308},{\"edgeSelection\":\"6to8\",\"edgeRTMS\":5723},{\"edgeSelection\":\"3to5\",\"edgeRTMS\":7907}]","trial_id":"incong_0","congruency":"I","trial_group":"1to5","condition":"scaffolding","inference_edge":"6to8,0to2,3to5","inference_edgeClickLog":"[{\"edgeSelection\":\"6to8\",\"edgeRTMS\":3586},{\"edgeSelection\":\"0to2\",\"edgeRTMS\":5902},{\"edgeSelection\":\"3to5\",\"edgeRTMS\":6798}]","inference_edgeRT":"6798","inference_edge_last":"3to5","task":"experiment","subjectId":"v6duyvl1wepdsjn","trial_type":"external-html","trial_index":8,"time_elapsed":414779,"internal_node_id":"0.0-9.0-0.0"},{"rt":17565,"url":"../static/nodeGraphs_scaffolding.html","edge":"3to6","edgeRT":"2494","skip":"false","flipped":"FALSE","index":"1","edgeClickLog":"[{\"edgeSelection\":\"3to6\",\"edgeRTMS\":1476},{\"edgeSelection\":\"3to6\",\"edgeRTMS\":2047},{\"edgeSelection\":\"3to6\",\"edgeRTMS\":2494}]","trial_id":"incong_5","congruency":"I","trial_group":"1to5","condition":"scaffolding","inference_edge":"3to6,0to2,2to4","inference_edgeClickLog":"[{\"edgeSelection\":\"3to6\",\"edgeRTMS\":2592},{\"edgeSelection\":\"2to6\",\"edgeRTMS\":3792},{\"edgeSelection\":\"0to2\",\"edgeRTMS\":6698},{\"edgeSelection\":\"2to6\",\"edgeRTMS\":11124},{\"edgeSelection\":\"2to4\",\"edgeRTMS\":13563}]","inference_edgeRT":"13563","inference_edge_last":"2to4","task":"experiment","subjectId":"v6duyvl1wepdsjn","trial_type":"external-html","trial_index":9,"time_elapsed":432893,"internal_node_id":"0.0-9.0-0.1"},{"rt":12713,"url":"../static/nodeGraphs_scaffolding.html","edge":"5to7","edgeRT":"4050","skip":"false","flipped":"FALSE","index":"2","edgeClickLog":"[{\"edgeSelection\":\"5to7\",\"edgeRTMS\":1884},{\"edgeSelection\":\"5to7\",\"edgeRTMS\":3612},{\"edgeSelection\":\"5to7\",\"edgeRTMS\":4050}]","trial_id":"incong_3","congruency":"I","trial_group":"1to5","condition":"scaffolding","inference_edge":"1to4,0to2,2to6","inference_edgeClickLog":"[{\"edgeSelection\":\"1to4\",\"edgeRTMS\":2372},{\"edgeSelection\":\"0to2\",\"edgeRTMS\":5870},{\"edgeSelection\":\"2to6\",\"edgeRTMS\":7249}]","inference_edgeRT":"7249","inference_edge_last":"2to6","task":"experiment","subjectId":"v6duyvl1wepdsjn","trial_type":"external-html","trial_index":10,"time_elapsed":446156,"internal_node_id":"0.0-9.0-0.2"},{"rt":10798,"url":"../static/nodeGraphs_scaffolding.html","edge":"5to8","edgeRT":"2546","skip":"false","flipped":"FALSE","index":"3","edgeClickLog":"[{\"edgeSelection\":\"5to8\",\"edgeRTMS\":2076},{\"edgeSelection\":\"5to8\",\"edgeRTMS\":2546}]","trial_id":"incong_10","congruency":"I","trial_group":"1to5","condition":"scaffolding","inference_edge":"5to8,2to5,0to2","inference_edgeClickLog":"[{\"edgeSelection\":\"5to8\",\"edgeRTMS\":2062},{\"edgeSelection\":\"2to5\",\"edgeRTMS\":5203},{\"edgeSelection\":\"0to2\",\"edgeRTMS\":6677}]","inference_edgeRT":"6677","inference_edge_last":"0to2","task":"experiment","subjectId":"v6duyvl1wepdsjn","trial_type":"external-html","trial_index":11,"time_elapsed":457515,"internal_node_id":"0.0-9.0-0.3"},{"rt":10620,"url":"../static/nodeGraphs_scaffolding.html","edge":"0to2","edgeRT":"1484","skip":"false","flipped":"FALSE","index":"4","edgeClickLog":"[{\"edgeSelection\":\"0to2\",\"edgeRTMS\":1484}]","trial_id":"incong_2","congruency":"I","trial_group":"1to5","condition":"scaffolding","inference_edge":"5to9,2to5,0to2","inference_edgeClickLog":"[{\"edgeSelection\":\"5to9\",\"edgeRTMS\":1716},{\"edgeSelection\":\"2to5\",\"edgeRTMS\":2950},{\"edgeSelection\":\"0to2\",\"edgeRTMS\":4163}]","inference_edgeRT":"4163","inference_edge_last":"0to2","task":"experiment","subjectId":"v6duyvl1wepdsjn","trial_type":"external-html","trial_index":12,"time_elapsed":468689,"internal_node_id":"0.0-9.0-0.4"},{"rt":18382,"url":"../static/nodeGraphs_scaffolding.html","edge":"1to5","edgeRT":"7154","skip":"false","flipped":"TRUE","index":"5","edgeClickLog":"[{\"edgeSelection\":\"4to8\",\"edgeRTMS\":2299},{\"edgeSelection\":\"1to5\",\"edgeRTMS\":7154}]","trial_id":"incong_0_flipped","congruency":"I","trial_group":"5to10","condition":"scaffolding","inference_edge":"4to8,1to5,0to2","inference_edgeClickLog":"[{\"edgeSelection\":\"4to8\",\"edgeRTMS\":2332},{\"edgeSelection\":\"1to5\",\"edgeRTMS\":3589},{\"edgeSelection\":\"0to2\",\"edgeRTMS\":4629}]","inference_edgeRT":"4629","inference_edge_last":"0to2","task":"experiment","subjectId":"v6duyvl1wepdsjn","trial_type":"external-html","trial_index":13,"time_elapsed":487621,"internal_node_id":"0.0-9.0-0.5"},{"rt":12232,"url":"../static/nodeGraphs_scaffolding.html","edge":"1to4","edgeRT":"2350","skip":"false","flipped":"TRUE","index":"6","edgeClickLog":"[{\"edgeSelection\":\"1to4\",\"edgeRTMS\":2350}]","trial_id":"incong_5_flipped","congruency":"I","trial_group":"5to10","condition":"scaffolding","inference_edge":"5to8,5to7,1to4","inference_edgeClickLog":"[{\"edgeSelection\":\"5to8\",\"edgeRTMS\":2009},{\"edgeSelection\":\"5to7\",\"edgeRTMS\":3421},{\"edgeSelection\":\"1to4\",\"edgeRTMS\":6389}]","inference_edgeRT":"6389","inference_edge_last":"1to4","task":"experiment","subjectId":"v6duyvl1wepdsjn","trial_type":"external-html","trial_index":14,"time_elapsed":500409,"internal_node_id":"0.0-9.0-0.6"},{"rt":11612,"url":"../static/nodeGraphs_scaffolding.html","edge":"0to2","edgeRT":"2277","skip":"false","flipped":"TRUE","index":"7","edgeClickLog":"[{\"edgeSelection\":\"0to2\",\"edgeRTMS\":2277}]","trial_id":"incong_3_flipped","congruency":"I","trial_group":"5to10","condition":"scaffolding","inference_edge":"2to5,0to2,3to6","inference_edgeClickLog":"[{\"edgeSelection\":\"2to5\",\"edgeRTMS\":3304},{\"edgeSelection\":\"0to2\",\"edgeRTMS\":4151},{\"edgeSelection\":\"3to6\",\"edgeRTMS\":6367}]","inference_edgeRT":"6367","inference_edge_last":"3to6","task":"experiment","subjectId":"v6duyvl1wepdsjn","trial_type":"external-html","trial_index":15,"time_elapsed":512569,"internal_node_id":"0.0-9.0-0.7"},{"rt":11660,"url":"../static/nodeGraphs_scaffolding.html","edge":"5to8","edgeRT":"3502","skip":"false","flipped":"TRUE","index":"8","edgeClickLog":"[{\"edgeSelection\":\"5to8\",\"edgeRTMS\":2983},{\"edgeSelection\":\"5to8\",\"edgeRTMS\":3502}]","trial_id":"incong_10_flipped","congruency":"I","trial_group":"5to10","condition":"scaffolding","inference_edge":"5to8,0to2,1to4","inference_edgeClickLog":"[{\"edgeSelection\":\"5to8\",\"edgeRTMS\":2372},{\"edgeSelection\":\"0to2\",\"edgeRTMS\":4094},{\"edgeSelection\":\"1to4\",\"edgeRTMS\":6822}]","inference_edgeRT":"6822","inference_edge_last":"1to4","task":"experiment","subjectId":"v6duyvl1wepdsjn","trial_type":"external-html","trial_index":16,"time_elapsed":524781,"internal_node_id":"0.0-9.0-0.8"},{"rt":12148,"url":"../static/nodeGraphs_scaffolding.html","edge":"1to4","edgeRT":"3006","skip":"false","flipped":"TRUE","index":"9","edgeClickLog":"[{\"edgeSelection\":\"1to4\",\"edgeRTMS\":3006}]","trial_id":"incong_2_flipped","congruency":"I","trial_group":"5to10","condition":"scaffolding","inference_edge":"5to7,0to2,1to4","inference_edgeClickLog":"[{\"edgeSelection\":\"5to7\",\"edgeRTMS\":1738},{\"edgeSelection\":\"0to2\",\"edgeRTMS\":3151},{\"edgeSelection\":\"1to4\",\"edgeRTMS\":4775},{\"edgeSelection\":\"1to4\",\"edgeRTMS\":5187},{\"edgeSelection\":\"1to4\",\"edgeRTMS\":5695}]","inference_edgeRT":"5695","inference_edge_last":"1to4","task":"experiment","subjectId":"v6duyvl1wepdsjn","trial_type":"external-html","trial_index":17,"time_elapsed":537481,"internal_node_id":"0.0-9.0-0.9"},{"rt":8844,"url":"../static/nodeGraphs_scaffolding.html","edge":"6to8","edgeRT":"1390","skip":"false","flipped":"FALSE","index":"10","edgeClickLog":"[{\"edgeSelection\":\"6to8\",\"edgeRTMS\":1390}]","trial_id":"incong_0","congruency":"I","trial_group":"10to15","condition":"scaffolding","inference_edge":"4to8,6to8,3to5","inference_edgeClickLog":"[{\"edgeSelection\":\"4to8\",\"edgeRTMS\":1637},{\"edgeSelection\":\"6to8\",\"edgeRTMS\":3984},{\"edgeSelection\":\"3to5\",\"edgeRTMS\":5235}]","inference_edgeRT":"5235","inference_edge_last":"3to5","task":"experiment","subjectId":"v6duyvl1wepdsjn","trial_type":"external-html","trial_index":18,"time_elapsed":546878,"internal_node_id":"0.0-9.0-0.10"},{"rt":10691,"url":"../static/nodeGraphs_scaffolding.html","edge":"0to2","edgeRT":"2416","skip":"false","flipped":"FALSE","index":"11","edgeClickLog":"[{\"edgeSelection\":\"0to2\",\"edgeRTMS\":2416}]","trial_id":"incong_5","congruency":"I","trial_group":"10to15","condition":"scaffolding","inference_edge":"5to8,0to2,3to6","inference_edgeClickLog":"[{\"edgeSelection\":\"5to8\",\"edgeRTMS\":1777},{\"edgeSelection\":\"0to2\",\"edgeRTMS\":3698},{\"edgeSelection\":\"3to6\",\"edgeRTMS\":5011}]","inference_edgeRT":"5011","inference_edge_last":"3to6","task":"experiment","subjectId":"v6duyvl1wepdsjn","trial_type":"external-html","trial_index":19,"time_elapsed":558124,"internal_node_id":"0.0-9.0-0.11"},{"rt":9933,"url":"../static/nodeGraphs_scaffolding.html","edge":"5to7","edgeRT":"2198","skip":"false","flipped":"FALSE","index":"12","edgeClickLog":"[{\"edgeSelection\":\"5to7\",\"edgeRTMS\":2198}]","trial_id":"incong_3","congruency":"I","trial_group":"10to15","condition":"scaffolding","inference_edge":"1to4,0to2,5to7","inference_edgeClickLog":"[{\"edgeSelection\":\"1to4\",\"edgeRTMS\":2601},{\"edgeSelection\":\"0to2\",\"edgeRTMS\":4455},{\"edgeSelection\":\"5to7\",\"edgeRTMS\":6026}]","inference_edgeRT":"6026","inference_edge_last":"5to7","task":"experiment","subjectId":"v6duyvl1wepdsjn","trial_type":"external-html","trial_index":20,"time_elapsed":568604,"internal_node_id":"0.0-9.0-0.12"},{"rt":13477,"url":"../static/nodeGraphs_scaffolding.html","edge":"5to8","edgeRT":"3502","skip":"false","flipped":"FALSE","index":"13","edgeClickLog":"[{\"edgeSelection\":\"5to8\",\"edgeRTMS\":2232},{\"edgeSelection\":\"5to8\",\"edgeRTMS\":3093},{\"edgeSelection\":\"5to8\",\"edgeRTMS\":3502}]","trial_id":"incong_10","congruency":"I","trial_group":"10to15","condition":"scaffolding","inference_edge":"5to8,0to2,3to6","inference_edgeClickLog":"[{\"edgeSelection\":\"5to8\",\"edgeRTMS\":2461},{\"edgeSelection\":\"0to2\",\"edgeRTMS\":3842},{\"edgeSelection\":\"3to6\",\"edgeRTMS\":5509}]","inference_edgeRT":"5509","inference_edge_last":"3to6","task":"experiment","subjectId":"v6duyvl1wepdsjn","trial_type":"external-html","trial_index":21,"time_elapsed":582638,"internal_node_id":"0.0-9.0-0.13"},{"rt":16334,"url":"../static/nodeGraphs_scaffolding.html","edge":"3to6","edgeRT":"4035","skip":"false","flipped":"FALSE","index":"14","edgeClickLog":"[{\"edgeSelection\":\"3to6\",\"edgeRTMS\":4035}]","trial_id":"incong_2","congruency":"I","trial_group":"10to15","condition":"scaffolding","inference_edge":"0to2,3to6,2to6","inference_edgeClickLog":"[{\"edgeSelection\":\"0to2\",\"edgeRTMS\":2998},{\"edgeSelection\":\"3to6\",\"edgeRTMS\":4072},{\"edgeSelection\":\"2to6\",\"edgeRTMS\":7406}]","inference_edgeRT":"7406","inference_edge_last":"2to6","task":"experiment","subjectId":"v6duyvl1wepdsjn","trial_type":"external-html","trial_index":22,"time_elapsed":599522,"internal_node_id":"0.0-9.0-0.14"},{"rt":13040,"url":"../static/nodeGraphs_scaffolding.html","edge":"0to1","edgeRT":"7490","skip":"false","flipped":"FALSE","index":"15","edgeClickLog":"[{\"edgeSelection\":\"0to1\",\"edgeRTMS\":7490}]","trial_id":"test_0","congruency":"I","trial_group":"15to20","condition":"scaffolding","inference_edge":"0to2,3to6,2to6","inference_edgeClickLog":"[{\"edgeSelection\":\"0to2\",\"edgeRTMS\":2998},{\"edgeSelection\":\"3to6\",\"edgeRTMS\":4072},{\"edgeSelection\":\"2to6\",\"edgeRTMS\":7406}]","inference_edgeRT":"7406","inference_edge_last":"","task":"experiment","subjectId":"v6duyvl1wepdsjn","trial_type":"external-html","trial_index":23,"time_elapsed":613128,"internal_node_id":"0.0-9.0-0.15"},{"rt":10863,"url":"../static/nodeGraphs_scaffolding.html","edge":"4to7","edgeRT":"9298","skip":"false","flipped":"FALSE","index":"16","edgeClickLog":"[{\"edgeSelection\":\"4to7\",\"edgeRTMS\":1867},{\"edgeSelection\":\"5to7\",\"edgeRTMS\":4506},{\"edgeSelection\":\"5to7\",\"edgeRTMS\":4946},{\"edgeSelection\":\"1to5\",\"edgeRTMS\":6634},{\"edgeSelection\":\"1to5\",\"edgeRTMS\":7127},{\"edgeSelection\":\"4to7\",\"edgeRTMS\":8830},{\"edgeSelection\":\"4to7\",\"edgeRTMS\":9298}]","trial_id":"test_1","congruency":"I","trial_group":"15to20","condition":"scaffolding","inference_edge":"0to2,3to6,2to6","inference_edgeClickLog":"[{\"edgeSelection\":\"0to2\",\"edgeRTMS\":2998},{\"edgeSelection\":\"3to6\",\"edgeRTMS\":4072},{\"edgeSelection\":\"2to6\",\"edgeRTMS\":7406}]","inference_edgeRT":"7406","inference_edge_last":"","task":"experiment","subjectId":"v6duyvl1wepdsjn","trial_type":"external-html","trial_index":24,"time_elapsed":624544,"internal_node_id":"0.0-9.0-0.16"},{"rt":16361,"url":"../static/nodeGraphs_scaffolding.html","edge":"6to8","edgeRT":"9388","skip":"false","flipped":"FALSE","index":"17","edgeClickLog":"[{\"edgeSelection\":\"3to6\",\"edgeRTMS\":4407},{\"edgeSelection\":\"3to6\",\"edgeRTMS\":4725},{\"edgeSelection\":\"3to6\",\"edgeRTMS\":5200},{\"edgeSelection\":\"0to3\",\"edgeRTMS\":6326},{\"edgeSelection\":\"3to5\",\"edgeRTMS\":7245},{\"edgeSelection\":\"3to6\",\"edgeRTMS\":8428},{\"edgeSelection\":\"6to8\",\"edgeRTMS\":9388}]","trial_id":"test_2","congruency":"I","trial_group":"15to20","condition":"scaffolding","inference_edge":"0to2,3to6,2to6","inference_edgeClickLog":"[{\"edgeSelection\":\"0to2\",\"edgeRTMS\":2998},{\"edgeSelection\":\"3to6\",\"edgeRTMS\":4072},{\"edgeSelection\":\"2to6\",\"edgeRTMS\":7406}]","inference_edgeRT":"7406","inference_edge_last":"","task":"experiment","subjectId":"v6duyvl1wepdsjn","trial_type":"external-html","trial_index":25,"time_elapsed":641494,"internal_node_id":"0.0-9.0-0.17"},{"rt":11007,"url":"../static/nodeGraphs_scaffolding.html","edge":"5to9","edgeRT":"9112","skip":"false","flipped":"FALSE","index":"18","edgeClickLog":"[{\"edgeSelection\":\"5to9\",\"edgeRTMS\":8488},{\"edgeSelection\":\"5to9\",\"edgeRTMS\":9112}]","trial_id":"test_3","congruency":"I","trial_group":"15to20","condition":"scaffolding","inference_edge":"0to2,3to6,2to6","inference_edgeClickLog":"[{\"edgeSelection\":\"0to2\",\"edgeRTMS\":2998},{\"edgeSelection\":\"3to6\",\"edgeRTMS\":4072},{\"edgeSelection\":\"2to6\",\"edgeRTMS\":7406}]","inference_edgeRT":"7406","inference_edge_last":"","task":"experiment","subjectId":"v6duyvl1wepdsjn","trial_type":"external-html","trial_index":26,"time_elapsed":653050,"internal_node_id":"0.0-9.0-0.18"},{"rt":11037,"url":"../static/nodeGraphs_scaffolding.html","edge":"1to5","edgeRT":"2404","skip":"false","flipped":"FALSE","index":"19","edgeClickLog":"[{\"edgeSelection\":\"1to5\",\"edgeRTMS\":2404}]","trial_id":"test_4","congruency":"I","trial_group":"15to20","condition":"scaffolding","inference_edge":"0to2,3to6,2to6","inference_edgeClickLog":"[{\"edgeSelection\":\"0to2\",\"edgeRTMS\":2998},{\"edgeSelection\":\"3to6\",\"edgeRTMS\":4072},{\"edgeSelection\":\"2to6\",\"edgeRTMS\":7406}]","inference_edgeRT":"7406","inference_edge_last":"","task":"experiment","subjectId":"v6duyvl1wepdsjn","trial_type":"external-html","trial_index":27,"time_elapsed":664640,"internal_node_id":"0.0-9.0-0.19"},{"rt":83481,"response":{"P0_Q0":null,"P0_Q1":6,"P0_Q2":4,"P0_Q3":4,"P0_Q4":5,"P0_Q5":null,"strategies":"I tried to intuitively guess which paths in the graph the learner might not know yet, and focused on teaching those to help","feedback":""},"accuracy":[],"trial_type":"survey","trial_index":28,"time_elapsed":748668,"internal_node_id":"0.0-10.0"},{"rt":1594,"stimulus":"<p>Thanks for your time!</p>        <p>We need to manually calculate your bonus pay, please give us up to 7 days.</p><p>Press any key to conclude.</p>","response":"c","task":"end","subjectId":"v6duyvl1wepdsjn","trial_type":"html-keyboard-response","trial_index":29,"time_elapsed":750263,"internal_node_id":"0.0-11.0","interactions":"[{\"event\":\"blur\",\"trial\":1,\"time\":1746},{\"event\":\"focus\",\"trial\":1,\"time\":3883},{\"event\":\"fullscreenenter\",\"trial\":1,\"time\":5286},{\"event\":\"fullscreenexit\",\"trial\":2,\"time\":7870},{\"event\":\"blur\",\"trial\":4,\"time\":48675},{\"event\":\"focus\",\"trial\":4,\"time\":48937},{\"event\":\"blur\",\"trial\":23,\"time\":605723},{\"event\":\"focus\",\"trial\":23,\"time\":609315},{\"event\":\"blur\",\"trial\":28,\"time\":686730},{\"event\":\"focus\",\"trial\":28,\"time\":740340}]"}]