[{"success":true,"timeout":false,"failed_images":[],"failed_audio":[],"failed_video":[],"trial_type":"preload","trial_index":0,"time_elapsed":250,"internal_node_id":"0.0-0.0"},{"success":true,"trial_type":"fullscreen","trial_index":1,"time_elapsed":2851,"internal_node_id":"0.0-1.0"},{"rt":2647,"stimulus":"Welcome to the experiment. Press any key to begin.","response":" ","trial_type":"html-keyboard-response","trial_index":2,"time_elapsed":5501,"internal_node_id":"0.0-2.0"},{"view_history":[{"page_index":0,"viewing_time":1530},{"page_index":1,"viewing_time":16224},{"page_index":2,"viewing_time":21504},{"page_index":3,"viewing_time":2976},{"page_index":4,"viewing_time":2771},{"page_index":5,"viewing_time":1029},{"page_index":6,"viewing_time":752},{"page_index":7,"viewing_time":9768},{"page_index":8,"viewing_time":7160},{"page_index":9,"viewing_time":8360},{"page_index":10,"viewing_time":1632},{"page_index":11,"viewing_time":1072},{"page_index":12,"viewing_time":768},{"page_index":13,"viewing_time":1960},{"page_index":14,"viewing_time":1952},{"page_index":15,"viewing_time":14488},{"page_index":16,"viewing_time":1672},{"page_index":17,"viewing_time":3728},{"page_index":18,"viewing_time":1216},{"page_index":19,"viewing_time":3552},{"page_index":20,"viewing_time":10448},{"page_index":21,"viewing_time":2776}],"rt":117338,"trial_type":"instructions","trial_index":3,"time_elapsed":122840,"internal_node_id":"0.0-3.0"},{"rt":69333,"url":"../static/nodeGraphsTraining_distractor.html","skip":[],"edgeClickLog":[],"inference_edge":[],"inference_edgeClickLog":[],"trial_type":"external-html","trial_index":4,"time_elapsed":192521,"internal_node_id":"0.0-4.0"},{"rt":123949,"response":{"q1":"The goal is to help the student to get the most points.","q2":"True","q3":"Possible edges you, as the teacher, can choose to teach the learner.","q4":"Edges that the student took before."},"question_order":[0,1,2,3],"trial_type":"survey-multi-choice","trial_index":5,"time_elapsed":316472,"internal_node_id":"0.0-5.0"},{"rt":331277,"response":{"q1":"The goal is to help the student to get the most points.","q2":"False","q3":"Possible edges you, as the teacher, can choose to teach the learner.","q4":"Edges that the student took before."},"question_order":[0,1,2,3],"trial_type":"survey-multi-choice","trial_index":6,"time_elapsed":647752,"internal_node_id":"0.0-6.0-0.0"},{"rt":27073,"stimulus":"<p>You can take a 60 second break before starting the experiment.</p><br><br><p>This page will advance in 60 seconds or you can press any key to advance now.</p>","response":" ","trial_type":"html-keyboard-response","trial_index":7,"time_elapsed":674829,"internal_node_id":"0.0-7.0"},{"view_history":[{"page_index":0,"viewing_time":3682}],"rt":3682,"trial_type":"instructions","trial_index":8,"time_elapsed":678511,"internal_node_id":"0.0-8.0"},{"rt":29466,"url":"../static/nodeGraphs_distractor.html","edge":"0to1","edgeRT":"14717","skip":"false","flipped":"FALSE","index":"0","edgeClickLog":"[{\"edgeSelection\":\"0to1\",\"edgeRTMS\":5098},{\"edgeSelection\":\"1to4\",\"edgeRTMS\":5917},{\"edgeSelection\":\"5to7\",\"edgeRTMS\":10030},{\"edgeSelection\":\"0to1\",\"edgeRTMS\":11612},{\"edgeSelection\":\"1to4\",\"edgeRTMS\":13012},{\"edgeSelection\":\"0to1\",\"edgeRTMS\":14717}]","trial_id":"incong_0","congruency":"I","trial_group":"1to5","condition":"distractor","inference_edge":"2to4,4to8,0to2","inference_edgeClickLog":"[{\"edgeSelection\":\"1to5\",\"edgeRTMS\":2468},{\"edgeSelection\":\"1to5\",\"edgeRTMS\":3738},{\"edgeSelection\":\"2to4\",\"edgeRTMS\":4547},{\"edgeSelection\":\"5to7\",\"edgeRTMS\":5780},{\"edgeSelection\":\"5to7\",\"edgeRTMS\":6613},{\"edgeSelection\":\"4to8\",\"edgeRTMS\":9723},{\"edgeSelection\":\"0to2\",\"edgeRTMS\":12114}]","inference_edgeRT":"12114","inference_edge_last":"0to2","task":"experiment","subjectId":"z0sdjf1geogjtj8","trial_type":"external-html","trial_index":9,"time_elapsed":708377,"internal_node_id":"0.0-9.0-0.0"},{"rt":19243,"url":"../static/nodeGraphs_distractor.html","edge":"0to2","edgeRT":"10341","skip":"false","flipped":"FALSE","index":"1","edgeClickLog":"[{\"edgeSelection\":\"0to2\",\"edgeRTMS\":2968},{\"edgeSelection\":\"0to2\",\"edgeRTMS\":7250},{\"edgeSelection\":\"2to4\",\"edgeRTMS\":9004},{\"edgeSelection\":\"0to2\",\"edgeRTMS\":10341}]","trial_id":"incong_5","congruency":"I","trial_group":"1to5","condition":"distractor","inference_edge":"0to2,2to4,4to7","inference_edgeClickLog":"[{\"edgeSelection\":\"0to2\",\"edgeRTMS\":4052},{\"edgeSelection\":\"2to4\",\"edgeRTMS\":4940},{\"edgeSelection\":\"4to7\",\"edgeRTMS\":7378}]","inference_edgeRT":"7378","inference_edge_last":"4to7","task":"experiment","subjectId":"z0sdjf1geogjtj8","trial_type":"external-html","trial_index":10,"time_elapsed":728248,"internal_node_id":"0.0-9.0-0.1"},{"rt":12701,"url":"../static/nodeGraphs_distractor.html","edge":"0to2","edgeRT":"2898","skip":"false","flipped":"FALSE","index":"2","edgeClickLog":"[{\"edgeSelection\":\"0to2\",\"edgeRTMS\":2898}]","trial_id":"incong_3","congruency":"I","trial_group":"1to5","condition":"distractor","inference_edge":"0to2,2to6,6to8","inference_edgeClickLog":"[{\"edgeSelection\":\"0to2\",\"edgeRTMS\":2795},{\"edgeSelection\":\"2to6\",\"edgeRTMS\":4571},{\"edgeSelection\":\"6to8\",\"edgeRTMS\":7724}]","inference_edgeRT":"7724","inference_edge_last":"6to8","task":"experiment","subjectId":"z0sdjf1geogjtj8","trial_type":"external-html","trial_index":11,"time_elapsed":741584,"internal_node_id":"0.0-9.0-0.2"},{"rt":12272,"url":"../static/nodeGraphs_distractor.html","edge":"0to2","edgeRT":"4559","skip":"false","flipped":"FALSE","index":"3","edgeClickLog":"[{\"edgeSelection\":\"0to2\",\"edgeRTMS\":1858},{\"edgeSelection\":\"2to4\",\"edgeRTMS\":2797},{\"edgeSelection\":\"0to2\",\"edgeRTMS\":4559}]","trial_id":"incong_10","congruency":"I","trial_group":"1to5","condition":"distractor","inference_edge":"0to2,2to4,4to8","inference_edgeClickLog":"[{\"edgeSelection\":\"0to2\",\"edgeRTMS\":3611},{\"edgeSelection\":\"2to4\",\"edgeRTMS\":5307},{\"edgeSelection\":\"4to8\",\"edgeRTMS\":6212}]","inference_edgeRT":"6212","inference_edge_last":"4to8","task":"experiment","subjectId":"z0sdjf1geogjtj8","trial_type":"external-html","trial_index":12,"time_elapsed":754488,"internal_node_id":"0.0-9.0-0.3"},{"rt":10516,"url":"../static/nodeGraphs_distractor.html","edge":"0to2","edgeRT":"4485","skip":"false","flipped":"FALSE","index":"4","edgeClickLog":"[{\"edgeSelection\":\"0to2\",\"edgeRTMS\":2066},{\"edgeSelection\":\"2to4\",\"edgeRTMS\":3077},{\"edgeSelection\":\"0to2\",\"edgeRTMS\":4485}]","trial_id":"incong_2","congruency":"I","trial_group":"1to5","condition":"distractor","inference_edge":"0to2,2to4,4to8","inference_edgeClickLog":"[{\"edgeSelection\":\"0to2\",\"edgeRTMS\":2027},{\"edgeSelection\":\"2to4\",\"edgeRTMS\":3251},{\"edgeSelection\":\"4to8\",\"edgeRTMS\":4494}]","inference_edgeRT":"4494","inference_edge_last":"4to8","task":"experiment","subjectId":"z0sdjf1geogjtj8","trial_type":"external-html","trial_index":13,"time_elapsed":765648,"internal_node_id":"0.0-9.0-0.4"},{"rt":13657,"url":"../static/nodeGraphs_distractor.html","edge":"0to2","edgeRT":"5876","skip":"false","flipped":"TRUE","index":"5","edgeClickLog":"[{\"edgeSelection\":\"0to2\",\"edgeRTMS\":3138},{\"edgeSelection\":\"2to6\",\"edgeRTMS\":4044},{\"edgeSelection\":\"0to2\",\"edgeRTMS\":5876}]","trial_id":"incong_0_flipped","congruency":"I","trial_group":"5to10","condition":"distractor","inference_edge":"0to2,2to6,6to9","inference_edgeClickLog":"[{\"edgeSelection\":\"0to2\",\"edgeRTMS\":2699},{\"edgeSelection\":\"2to6\",\"edgeRTMS\":4563},{\"edgeSelection\":\"6to9\",\"edgeRTMS\":5898}]","inference_edgeRT":"5898","inference_edge_last":"6to9","task":"experiment","subjectId":"z0sdjf1geogjtj8","trial_type":"external-html","trial_index":14,"time_elapsed":779936,"internal_node_id":"0.0-9.0-0.5"},{"rt":13284,"url":"../static/nodeGraphs_distractor.html","edge":"0to2","edgeRT":"4538","skip":"false","flipped":"TRUE","index":"6","edgeClickLog":"[{\"edgeSelection\":\"0to2\",\"edgeRTMS\":4538}]","trial_id":"incong_5_flipped","congruency":"I","trial_group":"5to10","condition":"distractor","inference_edge":"0to2,2to6,6to9","inference_edgeClickLog":"[{\"edgeSelection\":\"0to2\",\"edgeRTMS\":2628},{\"edgeSelection\":\"2to6\",\"edgeRTMS\":3539},{\"edgeSelection\":\"6to9\",\"edgeRTMS\":7210}]","inference_edgeRT":"7210","inference_edge_last":"6to9","task":"experiment","subjectId":"z0sdjf1geogjtj8","trial_type":"external-html","trial_index":15,"time_elapsed":793850,"internal_node_id":"0.0-9.0-0.6"},{"rt":12590,"url":"../static/nodeGraphs_distractor.html","edge":"0to2","edgeRT":"2034","skip":"false","flipped":"TRUE","index":"7","edgeClickLog":"[{\"edgeSelection\":\"0to2\",\"edgeRTMS\":2034}]","trial_id":"incong_3_flipped","congruency":"I","trial_group":"5to10","condition":"distractor","inference_edge":"0to2,2to4,4to8","inference_edgeClickLog":"[{\"edgeSelection\":\"0to2\",\"edgeRTMS\":5081},{\"edgeSelection\":\"2to4\",\"edgeRTMS\":6313},{\"edgeSelection\":\"4to8\",\"edgeRTMS\":9714}]","inference_edgeRT":"9714","inference_edge_last":"4to8","task":"experiment","subjectId":"z0sdjf1geogjtj8","trial_type":"external-html","trial_index":16,"time_elapsed":807136,"internal_node_id":"0.0-9.0-0.7"},{"rt":16611,"url":"../static/nodeGraphs_distractor.html","edge":"0to2","edgeRT":"5290","skip":"false","flipped":"TRUE","index":"8","edgeClickLog":"[{\"edgeSelection\":\"0to2\",\"edgeRTMS\":5290}]","trial_id":"incong_10_flipped","congruency":"I","trial_group":"5to10","condition":"distractor","inference_edge":"2to6,6to8,0to2","inference_edgeClickLog":"[{\"edgeSelection\":\"0to2\",\"edgeRTMS\":2546},{\"edgeSelection\":\"2to6\",\"edgeRTMS\":3283},{\"edgeSelection\":\"5to9\",\"edgeRTMS\":4338},{\"edgeSelection\":\"6to8\",\"edgeRTMS\":5345},{\"edgeSelection\":\"6to8\",\"edgeRTMS\":5826},{\"edgeSelection\":\"5to9\",\"edgeRTMS\":6522},{\"edgeSelection\":\"6to8\",\"edgeRTMS\":7138},{\"edgeSelection\":\"0to2\",\"edgeRTMS\":9019}]","inference_edgeRT":"9019","inference_edge_last":"0to2","task":"experiment","subjectId":"z0sdjf1geogjtj8","trial_type":"external-html","trial_index":17,"time_elapsed":824377,"internal_node_id":"0.0-9.0-0.8"},{"rt":11263,"url":"../static/nodeGraphs_distractor.html","edge":"3to6","edgeRT":"2872","skip":"false","flipped":"TRUE","index":"9","edgeClickLog":"[{\"edgeSelection\":\"0to3\",\"edgeRTMS\":2066},{\"edgeSelection\":\"3to6\",\"edgeRTMS\":2872}]","trial_id":"incong_2_flipped","congruency":"I","trial_group":"5to10","condition":"distractor","inference_edge":"0to3,3to6,6to8","inference_edgeClickLog":"[{\"edgeSelection\":\"0to3\",\"edgeRTMS\":4633},{\"edgeSelection\":\"3to6\",\"edgeRTMS\":5866},{\"edgeSelection\":\"6to8\",\"edgeRTMS\":6937}]","inference_edgeRT":"6937","inference_edge_last":"6to8","task":"experiment","subjectId":"z0sdjf1geogjtj8","trial_type":"external-html","trial_index":18,"time_elapsed":836272,"internal_node_id":"0.0-9.0-0.9"},{"rt":8546,"url":"../static/nodeGraphs_distractor.html","edge":"0to1","edgeRT":"1594","skip":"false","flipped":"FALSE","index":"10","edgeClickLog":"[{\"edgeSelection\":\"0to1\",\"edgeRTMS\":1594}]","trial_id":"incong_0","congruency":"I","trial_group":"10to15","condition":"distractor","inference_edge":"0to1,1to4,4to7","inference_edgeClickLog":"[{\"edgeSelection\":\"0to1\",\"edgeRTMS\":2642},{\"edgeSelection\":\"1to4\",\"edgeRTMS\":3898},{\"edgeSelection\":\"4to7\",\"edgeRTMS\":5722}]","inference_edgeRT":"5722","inference_edge_last":"4to7","task":"experiment","subjectId":"z0sdjf1geogjtj8","trial_type":"external-html","trial_index":19,"time_elapsed":845448,"internal_node_id":"0.0-9.0-0.10"},{"rt":9017,"url":"../static/nodeGraphs_distractor.html","edge":"0to2","edgeRT":"1466","skip":"false","flipped":"FALSE","index":"11","edgeClickLog":"[{\"edgeSelection\":\"0to2\",\"edgeRTMS\":1466}]","trial_id":"incong_5","congruency":"I","trial_group":"10to15","condition":"distractor","inference_edge":"0to2,2to4,4to8","inference_edgeClickLog":"[{\"edgeSelection\":\"0to2\",\"edgeRTMS\":3498},{\"edgeSelection\":\"2to4\",\"edgeRTMS\":4555},{\"edgeSelection\":\"4to8\",\"edgeRTMS\":6258}]","inference_edgeRT":"6258","inference_edge_last":"4to8","task":"experiment","subjectId":"z0sdjf1geogjtj8","trial_type":"external-html","trial_index":20,"time_elapsed":855096,"internal_node_id":"0.0-9.0-0.11"},{"rt":10682,"url":"../static/nodeGraphs_distractor.html","edge":"0to2","edgeRT":"1633","skip":"false","flipped":"FALSE","index":"12","edgeClickLog":"[{\"edgeSelection\":\"0to2\",\"edgeRTMS\":1633}]","trial_id":"incong_3","congruency":"I","trial_group":"10to15","condition":"distractor","inference_edge":"0to2,2to6,6to8","inference_edgeClickLog":"[{\"edgeSelection\":\"0to2\",\"edgeRTMS\":3394},{\"edgeSelection\":\"2to6\",\"edgeRTMS\":5723},{\"edgeSelection\":\"6to8\",\"edgeRTMS\":6787}]","inference_edgeRT":"6787","inference_edge_last":"6to8","task":"experiment","subjectId":"z0sdjf1geogjtj8","trial_type":"external-html","trial_index":21,"time_elapsed":866408,"internal_node_id":"0.0-9.0-0.12"},{"rt":6915,"url":"../static/nodeGraphs_distractor.html","edge":"0to2","edgeRT":"1579","skip":"false","flipped":"FALSE","index":"13","edgeClickLog":"[{\"edgeSelection\":\"0to2\",\"edgeRTMS\":1579}]","trial_id":"incong_10","congruency":"I","trial_group":"10to15","condition":"distractor","inference_edge":"0to2,2to4,4to8","inference_edgeClickLog":"[{\"edgeSelection\":\"0to2\",\"edgeRTMS\":2306},{\"edgeSelection\":\"2to4\",\"edgeRTMS\":3483},{\"edgeSelection\":\"4to8\",\"edgeRTMS\":4394}]","inference_edgeRT":"4394","inference_edge_last":"4to8","task":"experiment","subjectId":"z0sdjf1geogjtj8","trial_type":"external-html","trial_index":22,"time_elapsed":873952,"internal_node_id":"0.0-9.0-0.13"},{"rt":7839,"url":"../static/nodeGraphs_distractor.html","edge":"0to1","edgeRT":"1594","skip":"false","flipped":"FALSE","index":"14","edgeClickLog":"[{\"edgeSelection\":\"0to1\",\"edgeRTMS\":1594}]","trial_id":"incong_2","congruency":"I","trial_group":"10to15","condition":"distractor","inference_edge":"0to1,1to4,4to8","inference_edgeClickLog":"[{\"edgeSelection\":\"0to1\",\"edgeRTMS\":2267},{\"edgeSelection\":\"1to4\",\"edgeRTMS\":3578},{\"edgeSelection\":\"4to8\",\"edgeRTMS\":4690}]","inference_edgeRT":"4690","inference_edge_last":"4to8","task":"experiment","subjectId":"z0sdjf1geogjtj8","trial_type":"external-html","trial_index":23,"time_elapsed":882424,"internal_node_id":"0.0-9.0-0.14"},{"rt":22078,"url":"../static/nodeGraphs_distractor.html","edge":"0to1","edgeRT":"13490","skip":"false","flipped":"FALSE","index":"15","edgeClickLog":"[{\"edgeSelection\":\"0to1\",\"edgeRTMS\":13490}]","trial_id":"test_0","congruency":"I","trial_group":"15to20","condition":"distractor","inference_edge":"0to1,1to4,4to8","inference_edgeClickLog":"[{\"edgeSelection\":\"0to1\",\"edgeRTMS\":2267},{\"edgeSelection\":\"1to4\",\"edgeRTMS\":3578},{\"edgeSelection\":\"4to8\",\"edgeRTMS\":4690}]","inference_edgeRT":"4690","inference_edge_last":"","task":"experiment","subjectId":"z0sdjf1geogjtj8","trial_type":"external-html","trial_index":24,"time_elapsed":905144,"internal_node_id":"0.0-9.0-0.15"},{"rt":5694,"url":"../static/nodeGraphs_distractor.html","edge":"0to3","edgeRT":"4738","skip":"false","flipped":"FALSE","index":"16","edgeClickLog":"[{\"edgeSelection\":\"0to3\",\"edgeRTMS\":4738}]","trial_id":"test_1","congruency":"I","trial_group":"15to20","condition":"distractor","inference_edge":"0to1,1to4,4to8","inference_edgeClickLog":"[{\"edgeSelection\":\"0to1\",\"edgeRTMS\":2267},{\"edgeSelection\":\"1to4\",\"edgeRTMS\":3578},{\"edgeSelection\":\"4to8\",\"edgeRTMS\":4690}]","inference_edgeRT":"4690","inference_edge_last":"","task":"experiment","subjectId":"z0sdjf1geogjtj8","trial_type":"external-html","trial_index":25,"time_elapsed":911504,"internal_node_id":"0.0-9.0-0.16"},{"rt":3686,"url":"../static/nodeGraphs_distractor.html","edge":"0to3","edgeRT":"1826","skip":"false","flipped":"FALSE","index":"17","edgeClickLog":"[{\"edgeSelection\":\"0to3\",\"edgeRTMS\":1826}]","trial_id":"test_2","congruency":"I","trial_group":"15to20","condition":"distractor","inference_edge":"0to1,1to4,4to8","inference_edgeClickLog":"[{\"edgeSelection\":\"0to1\",\"edgeRTMS\":2267},{\"edgeSelection\":\"1to4\",\"edgeRTMS\":3578},{\"edgeSelection\":\"4to8\",\"edgeRTMS\":4690}]","inference_edgeRT":"4690","inference_edge_last":"","task":"experiment","subjectId":"z0sdjf1geogjtj8","trial_type":"external-html","trial_index":26,"time_elapsed":915824,"internal_node_id":"0.0-9.0-0.17"},{"rt":2569,"url":"../static/nodeGraphs_distractor.html","edge":"0to1","edgeRT":"2217","skip":"false","flipped":"FALSE","index":"18","edgeClickLog":"[{\"edgeSelection\":\"0to1\",\"edgeRTMS\":2217}]","trial_id":"test_3","congruency":"I","trial_group":"15to20","condition":"distractor","inference_edge":"0to1,1to4,4to8","inference_edgeClickLog":"[{\"edgeSelection\":\"0to1\",\"edgeRTMS\":2267},{\"edgeSelection\":\"1to4\",\"edgeRTMS\":3578},{\"edgeSelection\":\"4to8\",\"edgeRTMS\":4690}]","inference_edgeRT":"4690","inference_edge_last":"","task":"experiment","subjectId":"z0sdjf1geogjtj8","trial_type":"external-html","trial_index":27,"time_elapsed":919024,"internal_node_id":"0.0-9.0-0.18"},{"rt":12865,"url":"../static/nodeGraphs_distractor.html","edge":"0to1","edgeRT":"3769","skip":"false","flipped":"FALSE","index":"19","edgeClickLog":"[{\"edgeSelection\":\"0to1\",\"edgeRTMS\":3769}]","trial_id":"test_4","congruency":"I","trial_group":"15to20","condition":"distractor","inference_edge":"0to1,1to4,4to8","inference_edgeClickLog":"[{\"edgeSelection\":\"0to1\",\"edgeRTMS\":2267},{\"edgeSelection\":\"1to4\",\"edgeRTMS\":3578},{\"edgeSelection\":\"4to8\",\"edgeRTMS\":4690}]","inference_edgeRT":"4690","inference_edge_last":"","task":"experiment","subjectId":"z0sdjf1geogjtj8","trial_type":"external-html","trial_index":28,"time_elapsed":932520,"internal_node_id":"0.0-9.0-0.19"},{"rt":30826,"response":{"P0_Q0":null,"P0_Q1":7,"P0_Q2":7,"P0_Q3":7,"P0_Q4":6,"P0_Q5":1,"strategies":"I chose paths with the highest score","feedback":"done"},"accuracy":[],"trial_type":"survey","trial_index":29,"time_elapsed":963931,"internal_node_id":"0.0-10.0"},{"rt":1799,"stimulus":"<p>Thanks for your time!</p>        <p>We need to manually calculate your bonus pay, please give us up to 7 days.</p><p>Press any key to conclude.</p>","response":" ","task":"end","subjectId":"z0sdjf1geogjtj8","trial_type":"html-keyboard-response","trial_index":30,"time_elapsed":965732,"internal_node_id":"0.0-11.0","interactions":"[{\"event\":\"fullscreenenter\",\"trial\":1,\"time\":1874},{\"event\":\"fullscreenexit\",\"trial\":3,\"time\":12964},{\"event\":\"blur\",\"trial\":3,\"time\":17069},{\"event\":\"focus\",\"trial\":3,\"time\":20845},{\"event\":\"blur\",\"trial\":3,\"time\":27503},{\"event\":\"focus\",\"trial\":3,\"time\":31202},{\"event\":\"blur\",\"trial\":3,\"time\":57756},{\"event\":\"focus\",\"trial\":3,\"time\":62001},{\"event\":\"blur\",\"trial\":3,\"time\":66782},{\"event\":\"focus\",\"trial\":3,\"time\":69142},{\"event\":\"blur\",\"trial\":3,\"time\":116260},{\"event\":\"focus\",\"trial\":3,\"time\":119986},{\"event\":\"blur\",\"trial\":5,\"time\":199943},{\"event\":\"focus\",\"trial\":5,\"time\":205982},{\"event\":\"blur\",\"trial\":5,\"time\":209026},{\"event\":\"focus\",\"trial\":5,\"time\":228683},{\"event\":\"blur\",\"trial\":5,\"time\":231225},{\"event\":\"focus\",\"trial\":5,\"time\":236460},{\"event\":\"blur\",\"trial\":6,\"time\":347417},{\"event\":\"focus\",\"trial\":6,\"time\":412028},{\"event\":\"blur\",\"trial\":6,\"time\":413187},{\"event\":\"focus\",\"trial\":6,\"time\":647715},{\"event\":\"blur\",\"trial\":7,\"time\":650689},{\"event\":\"focus\",\"trial\":7,\"time\":673379},{\"event\":\"blur\",\"trial\":29,\"time\":946084},{\"event\":\"focus\",\"trial\":29,\"time\":959004}]"}]