[{"success":true,"timeout":false,"failed_images":[],"failed_audio":[],"failed_video":[],"trial_type":"preload","trial_index":0,"time_elapsed":110,"internal_node_id":"0.0-0.0"},{"success":true,"trial_type":"fullscreen","trial_index":1,"time_elapsed":2639,"internal_node_id":"0.0-1.0"},{"rt":1375,"stimulus":"Welcome to the experiment. Press any key to begin.","response":"b","trial_type":"html-keyboard-response","trial_index":2,"time_elapsed":4014,"internal_node_id":"0.0-2.0"},{"view_history":[{"page_index":0,"viewing_time":2029},{"page_index":1,"viewing_time":4859},{"page_index":2,"viewing_time":26174},{"page_index":3,"viewing_time":1434},{"page_index":2,"viewing_time":355},{"page_index":3,"viewing_time":447},{"page_index":2,"viewing_time":515},{"page_index":3,"viewing_time":638},{"page_index":4,"viewing_time":743},{"page_index":5,"viewing_time":1372},{"page_index":6,"viewing_time":2862},{"page_index":7,"viewing_time":3428},{"page_index":8,"viewing_time":9315},{"page_index":9,"viewing_time":5237},{"page_index":10,"viewing_time":1299},{"page_index":11,"viewing_time":305},{"page_index":12,"viewing_time":196},{"page_index":13,"viewing_time":1081},{"page_index":14,"viewing_time":3215},{"page_index":15,"viewing_time":2642},{"page_index":16,"viewing_time":658},{"page_index":15,"viewing_time":68792},{"page_index":16,"viewing_time":521},{"page_index":15,"viewing_time":1711},{"page_index":16,"viewing_time":337},{"page_index":17,"viewing_time":408},{"page_index":18,"viewing_time":370},{"page_index":19,"viewing_time":3885},{"page_index":20,"viewing_time":2219},{"page_index":21,"viewing_time":2317}],"rt":149364,"trial_type":"instructions","trial_index":3,"time_elapsed":153378,"internal_node_id":"0.0-3.0"},{"rt":99120,"url":"../static/nodeGraphsTraining_distractor.html","skip":[],"edgeClickLog":[],"inference_edge":[],"inference_edgeClickLog":[],"trial_type":"external-html","trial_index":4,"time_elapsed":252592,"internal_node_id":"0.0-4.0"},{"rt":15509,"response":{"q1":"The goal is to help the student to get the most points.","q2":"False","q3":"Possible edges you, as the teacher, can choose to teach the learner.","q4":"Edges that the student took before."},"question_order":[0,1,2,3],"trial_type":"survey-multi-choice","trial_index":5,"time_elapsed":268101,"internal_node_id":"0.0-5.0"},{"rt":47904,"stimulus":"<p>You can take a 60 second break before starting the experiment.</p><br><br><p>This page will advance in 60 seconds or you can press any key to advance now.</p>","response":"h","trial_type":"html-keyboard-response","trial_index":6,"time_elapsed":316007,"internal_node_id":"0.0-7.0"},{"view_history":[{"page_index":0,"viewing_time":8627}],"rt":8627,"trial_type":"instructions","trial_index":7,"time_elapsed":324635,"internal_node_id":"0.0-8.0"},{"rt":30525,"url":"../static/nodeGraphs_distractor.html","edge":"1to4","edgeRT":"6754","skip":"false","flipped":"FALSE","index":"0","edgeClickLog":"[{\"edgeSelection\":\"1to4\",\"edgeRTMS\":5406},{\"edgeSelection\":\"1to4\",\"edgeRTMS\":6754}]","trial_id":"cong_0","congruency":"C","trial_group":"1to5","condition":"distractor","inference_edge":"4to7,1to4,4to8","inference_edgeClickLog":"[{\"edgeSelection\":\"4to7\",\"edgeRTMS\":14218},{\"edgeSelection\":\"1to4\",\"edgeRTMS\":16056},{\"edgeSelection\":\"4to8\",\"edgeRTMS\":21829}]","inference_edgeRT":"21829","inference_edge_last":"4to8","task":"experiment","subjectId":"ocnxonhrbh3bapa","trial_type":"external-html","trial_index":8,"time_elapsed":355254,"internal_node_id":"0.0-9.0-0.0"},{"rt":28121,"url":"../static/nodeGraphs_distractor.html","edge":"2to6","edgeRT":"6382","skip":"false","flipped":"FALSE","index":"1","edgeClickLog":"[{\"edgeSelection\":\"2to6\",\"edgeRTMS\":6382}]","trial_id":"cong_1","congruency":"C","trial_group":"1to5","condition":"distractor","inference_edge":"2to6,6to9,4to7","inference_edgeClickLog":"[{\"edgeSelection\":\"2to6\",\"edgeRTMS\":3314},{\"edgeSelection\":\"6to9\",\"edgeRTMS\":7755},{\"edgeSelection\":\"4to7\",\"edgeRTMS\":16346}]","inference_edgeRT":"16346","inference_edge_last":"4to7","task":"experiment","subjectId":"ocnxonhrbh3bapa","trial_type":"external-html","trial_index":9,"time_elapsed":383969,"internal_node_id":"0.0-9.0-0.1"},{"rt":39470,"url":"../static/nodeGraphs_distractor.html","edge":"4to7","edgeRT":"4429","skip":"false","flipped":"FALSE","index":"2","edgeClickLog":"[{\"edgeSelection\":\"4to7\",\"edgeRTMS\":4429}]","trial_id":"cong_6","congruency":"C","trial_group":"1to5","condition":"distractor","inference_edge":"2to5,5to9,4to7","inference_edgeClickLog":"[{\"edgeSelection\":\"2to5\",\"edgeRTMS\":16230},{\"edgeSelection\":\"5to7\",\"edgeRTMS\":18035},{\"edgeSelection\":\"5to7\",\"edgeRTMS\":24706},{\"edgeSelection\":\"5to9\",\"edgeRTMS\":28582},{\"edgeSelection\":\"4to7\",\"edgeRTMS\":31120}]","inference_edgeRT":"31120","inference_edge_last":"4to7","task":"experiment","subjectId":"ocnxonhrbh3bapa","trial_type":"external-html","trial_index":10,"time_elapsed":424032,"internal_node_id":"0.0-9.0-0.2"},{"rt":18849,"url":"../static/nodeGraphs_distractor.html","edge":"2to4","edgeRT":"4669","skip":"false","flipped":"FALSE","index":"3","edgeClickLog":"[{\"edgeSelection\":\"2to4\",\"edgeRTMS\":4669}]","trial_id":"cong_4","congruency":"C","trial_group":"1to5","condition":"distractor","inference_edge":"2to4,4to8,5to8","inference_edgeClickLog":"[{\"edgeSelection\":\"2to4\",\"edgeRTMS\":4609},{\"edgeSelection\":\"4to8\",\"edgeRTMS\":5673},{\"edgeSelection\":\"5to8\",\"edgeRTMS\":11123},{\"edgeSelection\":\"5to8\",\"edgeRTMS\":11644},{\"edgeSelection\":\"5to8\",\"edgeRTMS\":12779}]","inference_edgeRT":"12779","inference_edge_last":"5to8","task":"experiment","subjectId":"ocnxonhrbh3bapa","trial_type":"external-html","trial_index":11,"time_elapsed":443475,"internal_node_id":"0.0-9.0-0.3"},{"rt":10203,"url":"../static/nodeGraphs_distractor.html","edge":"2to5","edgeRT":"1376","skip":"false","flipped":"FALSE","index":"4","edgeClickLog":"[{\"edgeSelection\":\"2to5\",\"edgeRTMS\":1376}]","trial_id":"cong_9","congruency":"C","trial_group":"1to5","condition":"distractor","inference_edge":"2to5,5to8,5to9","inference_edgeClickLog":"[{\"edgeSelection\":\"2to5\",\"edgeRTMS\":4992},{\"edgeSelection\":\"5to8\",\"edgeRTMS\":6220},{\"edgeSelection\":\"5to9\",\"edgeRTMS\":7820}]","inference_edgeRT":"7820","inference_edge_last":"5to9","task":"experiment","subjectId":"ocnxonhrbh3bapa","trial_type":"external-html","trial_index":12,"time_elapsed":454270,"internal_node_id":"0.0-9.0-0.4"},{"rt":24718,"url":"../static/nodeGraphs_distractor.html","edge":"0to2","edgeRT":"1467","skip":"false","flipped":"TRUE","index":"5","edgeClickLog":"[{\"edgeSelection\":\"0to2\",\"edgeRTMS\":1467}]","trial_id":"cong_0_flipped","congruency":"C","trial_group":"5to10","condition":"distractor","inference_edge":"0to2,2to6,6to9","inference_edgeClickLog":"[{\"edgeSelection\":\"0to2\",\"edgeRTMS\":8383},{\"edgeSelection\":\"2to6\",\"edgeRTMS\":9440},{\"edgeSelection\":\"6to9\",\"edgeRTMS\":14764}]","inference_edgeRT":"14764","inference_edge_last":"6to9","task":"experiment","subjectId":"ocnxonhrbh3bapa","trial_type":"external-html","trial_index":13,"time_elapsed":479581,"internal_node_id":"0.0-9.0-0.5"},{"rt":25505,"url":"../static/nodeGraphs_distractor.html","edge":"2to4","edgeRT":"5324","skip":"false","flipped":"TRUE","index":"6","edgeClickLog":"[{\"edgeSelection\":\"2to4\",\"edgeRTMS\":5324}]","trial_id":"cong_1_flipped","congruency":"C","trial_group":"5to10","condition":"distractor","inference_edge":"2to4,4to7,2to6","inference_edgeClickLog":"[{\"edgeSelection\":\"2to4\",\"edgeRTMS\":5854},{\"edgeSelection\":\"4to7\",\"edgeRTMS\":6674},{\"edgeSelection\":\"2to6\",\"edgeRTMS\":9250},{\"edgeSelection\":\"2to6\",\"edgeRTMS\":13695},{\"edgeSelection\":\"6to9\",\"edgeRTMS\":14924},{\"edgeSelection\":\"6to9\",\"edgeRTMS\":17143},{\"edgeSelection\":\"2to6\",\"edgeRTMS\":17978}]","inference_edgeRT":"17978","inference_edge_last":"2to6","task":"experiment","subjectId":"ocnxonhrbh3bapa","trial_type":"external-html","trial_index":14,"time_elapsed":505685,"internal_node_id":"0.0-9.0-0.6"},{"rt":24678,"url":"../static/nodeGraphs_distractor.html","edge":"6to9","edgeRT":"4497","skip":"false","flipped":"TRUE","index":"7","edgeClickLog":"[{\"edgeSelection\":\"6to9\",\"edgeRTMS\":4497}]","trial_id":"cong_6_flipped","congruency":"C","trial_group":"5to10","condition":"distractor","inference_edge":"0to3,3to5,5to9","inference_edgeClickLog":"[{\"edgeSelection\":\"6to9\",\"edgeRTMS\":5782},{\"edgeSelection\":\"6to9\",\"edgeRTMS\":9303},{\"edgeSelection\":\"0to3\",\"edgeRTMS\":13013},{\"edgeSelection\":\"3to5\",\"edgeRTMS\":14780},{\"edgeSelection\":\"5to9\",\"edgeRTMS\":16823}]","inference_edgeRT":"16823","inference_edge_last":"5to9","task":"experiment","subjectId":"ocnxonhrbh3bapa","trial_type":"external-html","trial_index":15,"time_elapsed":530953,"internal_node_id":"0.0-9.0-0.7"},{"rt":11219,"url":"../static/nodeGraphs_distractor.html","edge":"2to6","edgeRT":"983","skip":"false","flipped":"TRUE","index":"8","edgeClickLog":"[{\"edgeSelection\":\"2to6\",\"edgeRTMS\":983}]","trial_id":"cong_4_flipped","congruency":"C","trial_group":"5to10","condition":"distractor","inference_edge":"2to6,6to8,6to9","inference_edgeClickLog":"[{\"edgeSelection\":\"2to6\",\"edgeRTMS\":5341},{\"edgeSelection\":\"6to8\",\"edgeRTMS\":6791},{\"edgeSelection\":\"6to9\",\"edgeRTMS\":8514}]","inference_edgeRT":"8514","inference_edge_last":"6to9","task":"experiment","subjectId":"ocnxonhrbh3bapa","trial_type":"external-html","trial_index":16,"time_elapsed":542764,"internal_node_id":"0.0-9.0-0.8"},{"rt":10425,"url":"../static/nodeGraphs_distractor.html","edge":"2to5","edgeRT":"2276","skip":"false","flipped":"TRUE","index":"9","edgeClickLog":"[{\"edgeSelection\":\"2to5\",\"edgeRTMS\":1246},{\"edgeSelection\":\"2to5\",\"edgeRTMS\":2276}]","trial_id":"cong_9_flipped","congruency":"C","trial_group":"5to10","condition":"distractor","inference_edge":"2to5,5to8,5to7","inference_edgeClickLog":"[{\"edgeSelection\":\"2to5\",\"edgeRTMS\":3420},{\"edgeSelection\":\"5to8\",\"edgeRTMS\":4983},{\"edgeSelection\":\"5to7\",\"edgeRTMS\":6407}]","inference_edgeRT":"6407","inference_edge_last":"5to7","task":"experiment","subjectId":"ocnxonhrbh3bapa","trial_type":"external-html","trial_index":17,"time_elapsed":553785,"internal_node_id":"0.0-9.0-0.9"},{"rt":30382,"url":"../static/nodeGraphs_distractor.html","edge":"1to4","edgeRT":"13372","skip":"false","flipped":"FALSE","index":"10","edgeClickLog":"[{\"edgeSelection\":\"2to4\",\"edgeRTMS\":7811},{\"edgeSelection\":\"2to4\",\"edgeRTMS\":9252},{\"edgeSelection\":\"2to4\",\"edgeRTMS\":11471},{\"edgeSelection\":\"2to4\",\"edgeRTMS\":12230},{\"edgeSelection\":\"1to4\",\"edgeRTMS\":13372}]","trial_id":"cong_0","congruency":"C","trial_group":"10to15","condition":"distractor","inference_edge":"0to2,2to4,4to7","inference_edgeClickLog":"[{\"edgeSelection\":\"1to4\",\"edgeRTMS\":3481},{\"edgeSelection\":\"4to8\",\"edgeRTMS\":5018},{\"edgeSelection\":\"4to7\",\"edgeRTMS\":5495},{\"edgeSelection\":\"4to7\",\"edgeRTMS\":7407},{\"edgeSelection\":\"4to8\",\"edgeRTMS\":9520},{\"edgeSelection\":\"1to4\",\"edgeRTMS\":10134},{\"edgeSelection\":\"0to2\",\"edgeRTMS\":11145},{\"edgeSelection\":\"2to4\",\"edgeRTMS\":12211},{\"edgeSelection\":\"4to7\",\"edgeRTMS\":13375}]","inference_edgeRT":"13375","inference_edge_last":"4to7","task":"experiment","subjectId":"ocnxonhrbh3bapa","trial_type":"external-html","trial_index":18,"time_elapsed":584762,"internal_node_id":"0.0-9.0-0.10"},{"rt":18381,"url":"../static/nodeGraphs_distractor.html","edge":"2to6","edgeRT":"3389","skip":"false","flipped":"FALSE","index":"11","edgeClickLog":"[{\"edgeSelection\":\"2to6\",\"edgeRTMS\":1502},{\"edgeSelection\":\"2to6\",\"edgeRTMS\":2588},{\"edgeSelection\":\"2to6\",\"edgeRTMS\":3389}]","trial_id":"cong_1","congruency":"C","trial_group":"10to15","condition":"distractor","inference_edge":"2to6,6to9,2to4","inference_edgeClickLog":"[{\"edgeSelection\":\"2to6\",\"edgeRTMS\":5793},{\"edgeSelection\":\"6to9\",\"edgeRTMS\":6488},{\"edgeSelection\":\"2to4\",\"edgeRTMS\":11732}]","inference_edgeRT":"11732","inference_edge_last":"2to4","task":"experiment","subjectId":"ocnxonhrbh3bapa","trial_type":"external-html","trial_index":19,"time_elapsed":603737,"internal_node_id":"0.0-9.0-0.11"},{"rt":20836,"url":"../static/nodeGraphs_distractor.html","edge":"4to7","edgeRT":"10852","skip":"false","flipped":"FALSE","index":"12","edgeClickLog":"[{\"edgeSelection\":\"4to7\",\"edgeRTMS\":10852}]","trial_id":"cong_6","congruency":"C","trial_group":"10to15","condition":"distractor","inference_edge":"2to5,5to7,5to9","inference_edgeClickLog":"[{\"edgeSelection\":\"2to5\",\"edgeRTMS\":6904},{\"edgeSelection\":\"5to7\",\"edgeRTMS\":7888},{\"edgeSelection\":\"5to9\",\"edgeRTMS\":8599}]","inference_edgeRT":"8599","inference_edge_last":"5to9","task":"experiment","subjectId":"ocnxonhrbh3bapa","trial_type":"external-html","trial_index":20,"time_elapsed":625169,"internal_node_id":"0.0-9.0-0.12"},{"rt":17923,"url":"../static/nodeGraphs_distractor.html","edge":"2to4","edgeRT":"2069","skip":"false","flipped":"FALSE","index":"13","edgeClickLog":"[{\"edgeSelection\":\"2to4\",\"edgeRTMS\":2069}]","trial_id":"cong_4","congruency":"C","trial_group":"10to15","condition":"distractor","inference_edge":"2to4,4to8,5to8","inference_edgeClickLog":"[{\"edgeSelection\":\"2to4\",\"edgeRTMS\":3229},{\"edgeSelection\":\"4to8\",\"edgeRTMS\":4800},{\"edgeSelection\":\"5to8\",\"edgeRTMS\":10099}]","inference_edgeRT":"10099","inference_edge_last":"5to8","task":"experiment","subjectId":"ocnxonhrbh3bapa","trial_type":"external-html","trial_index":21,"time_elapsed":643685,"internal_node_id":"0.0-9.0-0.13"},{"rt":9285,"url":"../static/nodeGraphs_distractor.html","edge":"2to5","edgeRT":"4144","skip":"false","flipped":"FALSE","index":"14","edgeClickLog":"[{\"edgeSelection\":\"2to5\",\"edgeRTMS\":4144}]","trial_id":"cong_9","congruency":"C","trial_group":"10to15","condition":"distractor","inference_edge":"2to5,5to8,5to9","inference_edgeClickLog":"[{\"edgeSelection\":\"2to5\",\"edgeRTMS\":2755},{\"edgeSelection\":\"5to8\",\"edgeRTMS\":3801},{\"edgeSelection\":\"5to9\",\"edgeRTMS\":4439}]","inference_edgeRT":"4439","inference_edge_last":"5to9","task":"experiment","subjectId":"ocnxonhrbh3bapa","trial_type":"external-html","trial_index":22,"time_elapsed":653562,"internal_node_id":"0.0-9.0-0.14"},{"rt":41464,"url":"../static/nodeGraphs_distractor.html","edge":"0to1","edgeRT":"25967","skip":"false","flipped":"FALSE","index":"15","edgeClickLog":"[{\"edgeSelection\":\"0to1\",\"edgeRTMS\":16048},{\"edgeSelection\":\"1to4\",\"edgeRTMS\":16805},{\"edgeSelection\":\"4to8\",\"edgeRTMS\":17380},{\"edgeSelection\":\"0to1\",\"edgeRTMS\":25967}]","trial_id":"test_0","congruency":"I","trial_group":"15to20","condition":"distractor","inference_edge":"2to5,5to8,5to9","inference_edgeClickLog":"[{\"edgeSelection\":\"2to5\",\"edgeRTMS\":2755},{\"edgeSelection\":\"5to8\",\"edgeRTMS\":3801},{\"edgeSelection\":\"5to9\",\"edgeRTMS\":4439}]","inference_edgeRT":"4439","inference_edge_last":"","task":"experiment","subjectId":"ocnxonhrbh3bapa","trial_type":"external-html","trial_index":23,"time_elapsed":695618,"internal_node_id":"0.0-9.0-0.15"},{"rt":14913,"url":"../static/nodeGraphs_distractor.html","edge":"4to7","edgeRT":"14583","skip":"false","flipped":"FALSE","index":"16","edgeClickLog":"[{\"edgeSelection\":\"4to7\",\"edgeRTMS\":14583}]","trial_id":"test_1","congruency":"I","trial_group":"15to20","condition":"distractor","inference_edge":"2to5,5to8,5to9","inference_edgeClickLog":"[{\"edgeSelection\":\"2to5\",\"edgeRTMS\":2755},{\"edgeSelection\":\"5to8\",\"edgeRTMS\":3801},{\"edgeSelection\":\"5to9\",\"edgeRTMS\":4439}]","inference_edgeRT":"4439","inference_edge_last":"","task":"experiment","subjectId":"ocnxonhrbh3bapa","trial_type":"external-html","trial_index":24,"time_elapsed":711123,"internal_node_id":"0.0-9.0-0.16"},{"rt":15087,"url":"../static/nodeGraphs_distractor.html","edge":"5to7","edgeRT":"9903","skip":"false","flipped":"FALSE","index":"17","edgeClickLog":"[{\"edgeSelection\":\"4to8\",\"edgeRTMS\":9211},{\"edgeSelection\":\"5to7\",\"edgeRTMS\":9903}]","trial_id":"test_2","congruency":"I","trial_group":"15to20","condition":"distractor","inference_edge":"2to5,5to8,5to9","inference_edgeClickLog":"[{\"edgeSelection\":\"2to5\",\"edgeRTMS\":2755},{\"edgeSelection\":\"5to8\",\"edgeRTMS\":3801},{\"edgeSelection\":\"5to9\",\"edgeRTMS\":4439}]","inference_edgeRT":"4439","inference_edge_last":"","task":"experiment","subjectId":"ocnxonhrbh3bapa","trial_type":"external-html","trial_index":25,"time_elapsed":726805,"internal_node_id":"0.0-9.0-0.17"},{"rt":26766,"url":"../static/nodeGraphs_distractor.html","edge":"5to9","edgeRT":"25786","skip":"false","flipped":"FALSE","index":"18","edgeClickLog":"[{\"edgeSelection\":\"5to7\",\"edgeRTMS\":10082},{\"edgeSelection\":\"5to7\",\"edgeRTMS\":12882},{\"edgeSelection\":\"6to9\",\"edgeRTMS\":21297},{\"edgeSelection\":\"5to9\",\"edgeRTMS\":24395},{\"edgeSelection\":\"5to9\",\"edgeRTMS\":25268},{\"edgeSelection\":\"5to9\",\"edgeRTMS\":25786}]","trial_id":"test_3","congruency":"I","trial_group":"15to20","condition":"distractor","inference_edge":"2to5,5to8,5to9","inference_edgeClickLog":"[{\"edgeSelection\":\"2to5\",\"edgeRTMS\":2755},{\"edgeSelection\":\"5to8\",\"edgeRTMS\":3801},{\"edgeSelection\":\"5to9\",\"edgeRTMS\":4439}]","inference_edgeRT":"4439","inference_edge_last":"","task":"experiment","subjectId":"ocnxonhrbh3bapa","trial_type":"external-html","trial_index":26,"time_elapsed":754164,"internal_node_id":"0.0-9.0-0.18"},{"rt":22153,"url":"../static/nodeGraphs_distractor.html","edge":"4to7","edgeRT":"20881","skip":"false","flipped":"FALSE","index":"19","edgeClickLog":"[{\"edgeSelection\":\"6to9\",\"edgeRTMS\":6613},{\"edgeSelection\":\"6to8\",\"edgeRTMS\":16316},{\"edgeSelection\":\"1to5\",\"edgeRTMS\":19426},{\"edgeSelection\":\"4to7\",\"edgeRTMS\":20881}]","trial_id":"test_4","congruency":"I","trial_group":"15to20","condition":"distractor","inference_edge":"2to5,5to8,5to9","inference_edgeClickLog":"[{\"edgeSelection\":\"2to5\",\"edgeRTMS\":2755},{\"edgeSelection\":\"5to8\",\"edgeRTMS\":3801},{\"edgeSelection\":\"5to9\",\"edgeRTMS\":4439}]","inference_edgeRT":"4439","inference_edge_last":"","task":"experiment","subjectId":"ocnxonhrbh3bapa","trial_type":"external-html","trial_index":27,"time_elapsed":776910,"internal_node_id":"0.0-9.0-0.19"},{"rt":66590,"response":{"P0_Q0":null,"P0_Q1":5,"P0_Q2":7,"P0_Q3":6,"P0_Q4":4,"P0_Q5":2,"strategies":"Picked the general direction of the most points. Tallied up the number of points in each row. Tried to give the student insight into the best path if there was a 3-3 node, no matter what","feedback":"Cool study broskis"},"accuracy":[],"trial_type":"survey","trial_index":28,"time_elapsed":844040,"internal_node_id":"0.0-10.0"},{"rt":2578,"stimulus":"<p>Thanks for your time!</p>        <p>We need to manually calculate your bonus pay, please give us up to 7 days.</p><p>Press any key to conclude.</p>","response":"d","task":"end","subjectId":"ocnxonhrbh3bapa","trial_type":"html-keyboard-response","trial_index":29,"time_elapsed":846619,"internal_node_id":"0.0-11.0","interactions":"[{\"event\":\"fullscreenenter\",\"trial\":1,\"time\":1646},{\"event\":\"blur\",\"trial\":3,\"time\":77614},{\"event\":\"focus\",\"trial\":3,\"time\":137024},{\"event\":\"blur\",\"trial\":4,\"time\":175260},{\"event\":\"focus\",\"trial\":4,\"time\":175260},{\"event\":\"fullscreenexit\",\"trial\":4,\"time\":175263},{\"event\":\"blur\",\"trial\":6,\"time\":289794},{\"event\":\"focus\",\"trial\":6,\"time\":315249}]"}]