[{"success":true,"timeout":false,"failed_images":[],"failed_audio":[],"failed_video":[],"trial_type":"preload","trial_index":0,"time_elapsed":347,"internal_node_id":"0.0-0.0"},{"success":true,"trial_type":"fullscreen","trial_index":1,"time_elapsed":5174,"internal_node_id":"0.0-1.0"},{"rt":5407,"stimulus":"Welcome to the experiment. Press any key to begin.","response":"enter","trial_type":"html-keyboard-response","trial_index":2,"time_elapsed":10582,"internal_node_id":"0.0-2.0"},{"view_history":[{"page_index":0,"viewing_time":5620},{"page_index":1,"viewing_time":6524},{"page_index":2,"viewing_time":43774},{"page_index":3,"viewing_time":12172},{"page_index":4,"viewing_time":1021},{"page_index":5,"viewing_time":950},{"page_index":6,"viewing_time":3851},{"page_index":7,"viewing_time":9313},{"page_index":8,"viewing_time":18011},{"page_index":9,"viewing_time":17177},{"page_index":10,"viewing_time":3164},{"page_index":11,"viewing_time":2437},{"page_index":12,"viewing_time":837},{"page_index":13,"viewing_time":2914},{"page_index":14,"viewing_time":3306},{"page_index":15,"viewing_time":6870},{"page_index":16,"viewing_time":1317},{"page_index":17,"viewing_time":743},{"page_index":18,"viewing_time":1475},{"page_index":19,"viewing_time":4267},{"page_index":20,"viewing_time":8133},{"page_index":21,"viewing_time":7484}],"rt":161358,"trial_type":"instructions","trial_index":3,"time_elapsed":171940,"internal_node_id":"0.0-3.0"},{"rt":358314,"url":"../static/nodeGraphsTraining_scaffolding.html","skip":[],"edgeClickLog":[],"inference_edge":[],"inference_edgeClickLog":[],"trial_type":"external-html","trial_index":4,"time_elapsed":530350,"internal_node_id":"0.0-4.0"},{"rt":94653,"response":{"q1":"The goal is to help the student to get the most points.","q2":"False","q3":"Possible edges you, as the teacher, can choose to teach the learner.","q4":"Edges that the student took before."},"question_order":[0,1,2,3],"trial_type":"survey-multi-choice","trial_index":5,"time_elapsed":625005,"internal_node_id":"0.0-5.0"},{"rt":4995,"stimulus":"<p>You can take a 60 second break before starting the experiment.</p><br><br><p>This page will advance in 60 seconds or you can press any key to advance now.</p>","response":" ","trial_type":"html-keyboard-response","trial_index":6,"time_elapsed":630002,"internal_node_id":"0.0-7.0"},{"view_history":[{"page_index":0,"viewing_time":27886}],"rt":27886,"trial_type":"instructions","trial_index":7,"time_elapsed":657889,"internal_node_id":"0.0-8.0"},{"rt":46055,"url":"../static/nodeGraphs_scaffolding.html","edge":"6to8","edgeRT":"9398","skip":"false","flipped":"FALSE","index":"0","edgeClickLog":"[{\"edgeSelection\":\"6to8\",\"edgeRTMS\":9398}]","trial_id":"incong_0","congruency":"I","trial_group":"1to5","condition":"scaffolding","inference_edge":"0to1,3to5,6to8","inference_edgeClickLog":"[{\"edgeSelection\":\"0to1\",\"edgeRTMS\":11331},{\"edgeSelection\":\"3to5\",\"edgeRTMS\":15419},{\"edgeSelection\":\"6to8\",\"edgeRTMS\":26314}]","inference_edgeRT":"26314","inference_edge_last":"6to8","task":"experiment","subjectId":"jnl8791kk2128e5","trial_type":"external-html","trial_index":8,"time_elapsed":704258,"internal_node_id":"0.0-9.0-0.0"},{"rt":59424,"url":"../static/nodeGraphs_scaffolding.html","edge":"","edgeRT":"undefined","skip":"true","flipped":"FALSE","index":"1","edgeClickLog":"","trial_id":"incong_5","congruency":"I","trial_group":"1to5","condition":"scaffolding","inference_edge":"3to6,5to8,0to2","inference_edgeClickLog":"[{\"edgeSelection\":\"3to6\",\"edgeRTMS\":25358},{\"edgeSelection\":\"5to8\",\"edgeRTMS\":38581},{\"edgeSelection\":\"0to2\",\"edgeRTMS\":53308}]","inference_edgeRT":"53308","inference_edge_last":"0to2","task":"experiment","subjectId":"jnl8791kk2128e5","trial_type":"external-html","trial_index":9,"time_elapsed":764258,"internal_node_id":"0.0-9.0-0.1"},{"rt":53060,"url":"../static/nodeGraphs_scaffolding.html","edge":"5to7","edgeRT":"5244","skip":"false","flipped":"FALSE","index":"2","edgeClickLog":"[{\"edgeSelection\":\"5to7\",\"edgeRTMS\":5244}]","trial_id":"incong_3","congruency":"I","trial_group":"1to5","condition":"scaffolding","inference_edge":"0to2,2to4,2to6","inference_edgeClickLog":"[{\"edgeSelection\":\"5to7\",\"edgeRTMS\":8616},{\"edgeSelection\":\"0to2\",\"edgeRTMS\":23630},{\"edgeSelection\":\"2to4\",\"edgeRTMS\":41358},{\"edgeSelection\":\"2to6\",\"edgeRTMS\":45950}]","inference_edgeRT":"45950","inference_edge_last":"2to6","task":"experiment","subjectId":"jnl8791kk2128e5","trial_type":"external-html","trial_index":10,"time_elapsed":817890,"internal_node_id":"0.0-9.0-0.2"},{"rt":21812,"url":"../static/nodeGraphs_scaffolding.html","edge":"5to8","edgeRT":"3808","skip":"false","flipped":"FALSE","index":"3","edgeClickLog":"[{\"edgeSelection\":\"5to8\",\"edgeRTMS\":3808}]","trial_id":"incong_10","congruency":"I","trial_group":"1to5","condition":"scaffolding","inference_edge":"5to8,3to6,0to2","inference_edgeClickLog":"[{\"edgeSelection\":\"5to8\",\"edgeRTMS\":6764},{\"edgeSelection\":\"3to6\",\"edgeRTMS\":11262},{\"edgeSelection\":\"0to2\",\"edgeRTMS\":15349}]","inference_edgeRT":"15349","inference_edge_last":"0to2","task":"experiment","subjectId":"jnl8791kk2128e5","trial_type":"external-html","trial_index":11,"time_elapsed":840280,"internal_node_id":"0.0-9.0-0.3"},{"rt":69733,"url":"../static/nodeGraphs_scaffolding.html","edge":"3to6","edgeRT":"10560","skip":"false","flipped":"FALSE","index":"4","edgeClickLog":"[{\"edgeSelection\":\"3to6\",\"edgeRTMS\":10560}]","trial_id":"incong_2","congruency":"I","trial_group":"1to5","condition":"scaffolding","inference_edge":"3to6,0to2,2to5","inference_edgeClickLog":"[{\"edgeSelection\":\"3to6\",\"edgeRTMS\":20419},{\"edgeSelection\":\"0to2\",\"edgeRTMS\":38597},{\"edgeSelection\":\"2to5\",\"edgeRTMS\":52581}]","inference_edgeRT":"52581","inference_edge_last":"2to5","task":"experiment","subjectId":"jnl8791kk2128e5","trial_type":"external-html","trial_index":12,"time_elapsed":910591,"internal_node_id":"0.0-9.0-0.4"},{"rt":40490,"url":"../static/nodeGraphs_scaffolding.html","edge":"4to8","edgeRT":"4649","skip":"false","flipped":"TRUE","index":"5","edgeClickLog":"[{\"edgeSelection\":\"4to8\",\"edgeRTMS\":4649}]","trial_id":"incong_0_flipped","congruency":"I","trial_group":"5to10","condition":"scaffolding","inference_edge":"4to8,0to2,1to5","inference_edgeClickLog":"[{\"edgeSelection\":\"4to8\",\"edgeRTMS\":5107},{\"edgeSelection\":\"0to2\",\"edgeRTMS\":17984},{\"edgeSelection\":\"1to5\",\"edgeRTMS\":33943}]","inference_edgeRT":"33943","inference_edge_last":"1to5","task":"experiment","subjectId":"jnl8791kk2128e5","trial_type":"external-html","trial_index":13,"time_elapsed":951720,"internal_node_id":"0.0-9.0-0.5"},{"rt":34032,"url":"../static/nodeGraphs_scaffolding.html","edge":"1to4","edgeRT":"4650","skip":"false","flipped":"TRUE","index":"6","edgeClickLog":"[{\"edgeSelection\":\"1to4\",\"edgeRTMS\":4650}]","trial_id":"incong_5_flipped","congruency":"I","trial_group":"5to10","condition":"scaffolding","inference_edge":"1to4,0to2,2to6","inference_edgeClickLog":"[{\"edgeSelection\":\"1to4\",\"edgeRTMS\":11823},{\"edgeSelection\":\"0to2\",\"edgeRTMS\":21357},{\"edgeSelection\":\"2to6\",\"edgeRTMS\":27352}]","inference_edgeRT":"27352","inference_edge_last":"2to6","task":"experiment","subjectId":"jnl8791kk2128e5","trial_type":"external-html","trial_index":14,"time_elapsed":986326,"internal_node_id":"0.0-9.0-0.6"},{"rt":54645,"url":"../static/nodeGraphs_scaffolding.html","edge":"5to9","edgeRT":"3664","skip":"false","flipped":"TRUE","index":"7","edgeClickLog":"[{\"edgeSelection\":\"5to9\",\"edgeRTMS\":3664}]","trial_id":"incong_3_flipped","congruency":"I","trial_group":"5to10","condition":"scaffolding","inference_edge":"5to9,0to2,2to4","inference_edgeClickLog":"[{\"edgeSelection\":\"5to9\",\"edgeRTMS\":5759},{\"edgeSelection\":\"0to2\",\"edgeRTMS\":16016},{\"edgeSelection\":\"2to4\",\"edgeRTMS\":49758}]","inference_edgeRT":"49758","inference_edge_last":"2to4","task":"experiment","subjectId":"jnl8791kk2128e5","trial_type":"external-html","trial_index":15,"time_elapsed":1041546,"internal_node_id":"0.0-9.0-0.7"},{"rt":23015,"url":"../static/nodeGraphs_scaffolding.html","edge":"5to8","edgeRT":"1281","skip":"false","flipped":"TRUE","index":"8","edgeClickLog":"[{\"edgeSelection\":\"5to8\",\"edgeRTMS\":1281}]","trial_id":"incong_10_flipped","congruency":"I","trial_group":"5to10","condition":"scaffolding","inference_edge":"5to8,1to4,0to2","inference_edgeClickLog":"[{\"edgeSelection\":\"5to8\",\"edgeRTMS\":7063},{\"edgeSelection\":\"1to4\",\"edgeRTMS\":14507},{\"edgeSelection\":\"0to2\",\"edgeRTMS\":19171}]","inference_edgeRT":"19171","inference_edge_last":"0to2","task":"experiment","subjectId":"jnl8791kk2128e5","trial_type":"external-html","trial_index":16,"time_elapsed":1065136,"internal_node_id":"0.0-9.0-0.8"},{"rt":43750,"url":"../static/nodeGraphs_scaffolding.html","edge":"1to4","edgeRT":"4016","skip":"false","flipped":"TRUE","index":"9","edgeClickLog":"[{\"edgeSelection\":\"1to4\",\"edgeRTMS\":4016}]","trial_id":"incong_2_flipped","congruency":"I","trial_group":"5to10","condition":"scaffolding","inference_edge":"1to4,0to3,0to2","inference_edgeClickLog":"[{\"edgeSelection\":\"1to4\",\"edgeRTMS\":9963},{\"edgeSelection\":\"0to3\",\"edgeRTMS\":36528},{\"edgeSelection\":\"0to2\",\"edgeRTMS\":37881}]","inference_edgeRT":"37881","inference_edge_last":"0to2","task":"experiment","subjectId":"jnl8791kk2128e5","trial_type":"external-html","trial_index":17,"time_elapsed":1109462,"internal_node_id":"0.0-9.0-0.9"},{"rt":22388,"url":"../static/nodeGraphs_scaffolding.html","edge":"6to8","edgeRT":"1421","skip":"false","flipped":"FALSE","index":"10","edgeClickLog":"[{\"edgeSelection\":\"6to8\",\"edgeRTMS\":1421}]","trial_id":"incong_0","congruency":"I","trial_group":"10to15","condition":"scaffolding","inference_edge":"6to8,3to5,0to2","inference_edgeClickLog":"[{\"edgeSelection\":\"6to8\",\"edgeRTMS\":8355},{\"edgeSelection\":\"3to5\",\"edgeRTMS\":13818},{\"edgeSelection\":\"0to2\",\"edgeRTMS\":18707}]","inference_edgeRT":"18707","inference_edge_last":"0to2","task":"experiment","subjectId":"jnl8791kk2128e5","trial_type":"external-html","trial_index":18,"time_elapsed":1132426,"internal_node_id":"0.0-9.0-0.10"},{"rt":56299,"url":"../static/nodeGraphs_scaffolding.html","edge":"3to6","edgeRT":"2178","skip":"false","flipped":"FALSE","index":"11","edgeClickLog":"[{\"edgeSelection\":\"3to6\",\"edgeRTMS\":2178}]","trial_id":"incong_5","congruency":"I","trial_group":"10to15","condition":"scaffolding","inference_edge":"0to2,2to6,3to6","inference_edgeClickLog":"[{\"edgeSelection\":\"3to6\",\"edgeRTMS\":14184},{\"edgeSelection\":\"5to8\",\"edgeRTMS\":35511},{\"edgeSelection\":\"0to2\",\"edgeRTMS\":41813},{\"edgeSelection\":\"2to6\",\"edgeRTMS\":45932},{\"edgeSelection\":\"3to6\",\"edgeRTMS\":47338}]","inference_edgeRT":"47338","inference_edge_last":"3to6","task":"experiment","subjectId":"jnl8791kk2128e5","trial_type":"external-html","trial_index":19,"time_elapsed":1189299,"internal_node_id":"0.0-9.0-0.11"},{"rt":41518,"url":"../static/nodeGraphs_scaffolding.html","edge":"5to7","edgeRT":"3150","skip":"false","flipped":"FALSE","index":"12","edgeClickLog":"[{\"edgeSelection\":\"5to7\",\"edgeRTMS\":3150}]","trial_id":"incong_3","congruency":"I","trial_group":"10to15","condition":"scaffolding","inference_edge":"5to7,0to2,2to5","inference_edgeClickLog":"[{\"edgeSelection\":\"5to7\",\"edgeRTMS\":5700},{\"edgeSelection\":\"0to2\",\"edgeRTMS\":11707},{\"edgeSelection\":\"2to5\",\"edgeRTMS\":36126}]","inference_edgeRT":"36126","inference_edge_last":"2to5","task":"experiment","subjectId":"jnl8791kk2128e5","trial_type":"external-html","trial_index":20,"time_elapsed":1231399,"internal_node_id":"0.0-9.0-0.12"},{"rt":21170,"url":"../static/nodeGraphs_scaffolding.html","edge":"5to8","edgeRT":"1636","skip":"false","flipped":"FALSE","index":"13","edgeClickLog":"[{\"edgeSelection\":\"5to8\",\"edgeRTMS\":1636}]","trial_id":"incong_10","congruency":"I","trial_group":"10to15","condition":"scaffolding","inference_edge":"5to8,3to6,0to2","inference_edgeClickLog":"[{\"edgeSelection\":\"5to8\",\"edgeRTMS\":3000},{\"edgeSelection\":\"3to6\",\"edgeRTMS\":10133},{\"edgeSelection\":\"0to2\",\"edgeRTMS\":15197}]","inference_edgeRT":"15197","inference_edge_last":"0to2","task":"experiment","subjectId":"jnl8791kk2128e5","trial_type":"external-html","trial_index":21,"time_elapsed":1253142,"internal_node_id":"0.0-9.0-0.13"},{"rt":35429,"url":"../static/nodeGraphs_scaffolding.html","edge":"3to6","edgeRT":"5259","skip":"false","flipped":"FALSE","index":"14","edgeClickLog":"[{\"edgeSelection\":\"3to6\",\"edgeRTMS\":5259}]","trial_id":"incong_2","congruency":"I","trial_group":"10to15","condition":"scaffolding","inference_edge":"3to6,0to2,0to1","inference_edgeClickLog":"[{\"edgeSelection\":\"3to6\",\"edgeRTMS\":9322},{\"edgeSelection\":\"0to2\",\"edgeRTMS\":14769},{\"edgeSelection\":\"0to1\",\"edgeRTMS\":27244}]","inference_edgeRT":"27244","inference_edge_last":"0to1","task":"experiment","subjectId":"jnl8791kk2128e5","trial_type":"external-html","trial_index":22,"time_elapsed":1289155,"internal_node_id":"0.0-9.0-0.14"},{"rt":22053,"url":"../static/nodeGraphs_scaffolding.html","edge":"5to8","edgeRT":"3547","skip":"false","flipped":"FALSE","index":"15","edgeClickLog":"[{\"edgeSelection\":\"5to8\",\"edgeRTMS\":3547}]","trial_id":"test_0","congruency":"I","trial_group":"15to20","condition":"scaffolding","inference_edge":"3to6,0to2,0to1","inference_edgeClickLog":"[{\"edgeSelection\":\"3to6\",\"edgeRTMS\":9322},{\"edgeSelection\":\"0to2\",\"edgeRTMS\":14769},{\"edgeSelection\":\"0to1\",\"edgeRTMS\":27244}]","inference_edgeRT":"27244","inference_edge_last":"","task":"experiment","subjectId":"jnl8791kk2128e5","trial_type":"external-html","trial_index":23,"time_elapsed":1311796,"internal_node_id":"0.0-9.0-0.15"},{"rt":4370,"url":"../static/nodeGraphs_scaffolding.html","edge":"4to7","edgeRT":"2982","skip":"false","flipped":"FALSE","index":"16","edgeClickLog":"[{\"edgeSelection\":\"4to7\",\"edgeRTMS\":2982}]","trial_id":"test_1","congruency":"I","trial_group":"15to20","condition":"scaffolding","inference_edge":"3to6,0to2,0to1","inference_edgeClickLog":"[{\"edgeSelection\":\"3to6\",\"edgeRTMS\":9322},{\"edgeSelection\":\"0to2\",\"edgeRTMS\":14769},{\"edgeSelection\":\"0to1\",\"edgeRTMS\":27244}]","inference_edgeRT":"27244","inference_edge_last":"","task":"experiment","subjectId":"jnl8791kk2128e5","trial_type":"external-html","trial_index":24,"time_elapsed":1316740,"internal_node_id":"0.0-9.0-0.16"},{"rt":5166,"url":"../static/nodeGraphs_scaffolding.html","edge":"6to8","edgeRT":"3515","skip":"false","flipped":"FALSE","index":"17","edgeClickLog":"[{\"edgeSelection\":\"6to8\",\"edgeRTMS\":3515}]","trial_id":"test_2","congruency":"I","trial_group":"15to20","condition":"scaffolding","inference_edge":"3to6,0to2,0to1","inference_edgeClickLog":"[{\"edgeSelection\":\"3to6\",\"edgeRTMS\":9322},{\"edgeSelection\":\"0to2\",\"edgeRTMS\":14769},{\"edgeSelection\":\"0to1\",\"edgeRTMS\":27244}]","inference_edgeRT":"27244","inference_edge_last":"","task":"experiment","subjectId":"jnl8791kk2128e5","trial_type":"external-html","trial_index":25,"time_elapsed":1322487,"internal_node_id":"0.0-9.0-0.17"},{"rt":7779,"url":"../static/nodeGraphs_scaffolding.html","edge":"5to9","edgeRT":"4995","skip":"false","flipped":"FALSE","index":"18","edgeClickLog":"[{\"edgeSelection\":\"5to9\",\"edgeRTMS\":4995}]","trial_id":"test_3","congruency":"I","trial_group":"15to20","condition":"scaffolding","inference_edge":"3to6,0to2,0to1","inference_edgeClickLog":"[{\"edgeSelection\":\"3to6\",\"edgeRTMS\":9322},{\"edgeSelection\":\"0to2\",\"edgeRTMS\":14769},{\"edgeSelection\":\"0to1\",\"edgeRTMS\":27244}]","inference_edgeRT":"27244","inference_edge_last":"","task":"experiment","subjectId":"jnl8791kk2128e5","trial_type":"external-html","trial_index":26,"time_elapsed":1330855,"internal_node_id":"0.0-9.0-0.18"},{"rt":20406,"url":"../static/nodeGraphs_scaffolding.html","edge":"1to5","edgeRT":"18296","skip":"false","flipped":"FALSE","index":"19","edgeClickLog":"[{\"edgeSelection\":\"1to5\",\"edgeRTMS\":18296}]","trial_id":"test_4","congruency":"I","trial_group":"15to20","condition":"scaffolding","inference_edge":"3to6,0to2,0to1","inference_edgeClickLog":"[{\"edgeSelection\":\"3to6\",\"edgeRTMS\":9322},{\"edgeSelection\":\"0to2\",\"edgeRTMS\":14769},{\"edgeSelection\":\"0to1\",\"edgeRTMS\":27244}]","inference_edgeRT":"27244","inference_edge_last":"","task":"experiment","subjectId":"jnl8791kk2128e5","trial_type":"external-html","trial_index":27,"time_elapsed":1351838,"internal_node_id":"0.0-9.0-0.19"},{"rt":76530,"response":{"P0_Q0":null,"P0_Q1":4,"P0_Q2":6,"P0_Q3":5,"P0_Q4":4,"P0_Q5":3,"strategies":"the last tier they obviously would've chosen a higher number if they knew it was available, so that was the best guarantee to increase their points.","feedback":"this was fun"},"accuracy":[],"trial_type":"survey","trial_index":28,"time_elapsed":1428918,"internal_node_id":"0.0-10.0"},{"rt":5713,"stimulus":"<p>Thanks for your time!</p>        <p>We need to manually calculate your bonus pay, please give us up to 7 days.</p><p>Press any key to conclude.</p>","response":"enter","task":"end","subjectId":"jnl8791kk2128e5","trial_type":"html-keyboard-response","trial_index":29,"time_elapsed":1434633,"internal_node_id":"0.0-11.0","interactions":"[{\"event\":\"fullscreenenter\",\"trial\":1,\"time\":4208}]"}]