[{"success":true,"timeout":false,"failed_images":[],"failed_audio":[],"failed_video":[],"trial_type":"preload","trial_index":0,"time_elapsed":119,"internal_node_id":"0.0-0.0"},{"success":true,"trial_type":"fullscreen","trial_index":1,"time_elapsed":3632,"internal_node_id":"0.0-1.0"},{"rt":2359,"stimulus":"Welcome to the experiment. Press any key to begin.","response":" ","trial_type":"html-keyboard-response","trial_index":2,"time_elapsed":5995,"internal_node_id":"0.0-2.0"},{"view_history":[{"page_index":0,"viewing_time":5259},{"page_index":1,"viewing_time":8258},{"page_index":2,"viewing_time":50520},{"page_index":3,"viewing_time":6941},{"page_index":4,"viewing_time":4428},{"page_index":5,"viewing_time":2141},{"page_index":6,"viewing_time":4200},{"page_index":7,"viewing_time":27803},{"page_index":8,"viewing_time":27532},{"page_index":9,"viewing_time":12472},{"page_index":10,"viewing_time":3565},{"page_index":11,"viewing_time":937},{"page_index":12,"viewing_time":969},{"page_index":13,"viewing_time":2687},{"page_index":14,"viewing_time":3809},{"page_index":15,"viewing_time":12163},{"page_index":16,"viewing_time":1934},{"page_index":17,"viewing_time":1176},{"page_index":18,"viewing_time":1775},{"page_index":19,"viewing_time":7234},{"page_index":20,"viewing_time":11502},{"page_index":21,"viewing_time":7048}],"rt":204354,"trial_type":"instructions","trial_index":3,"time_elapsed":210345,"internal_node_id":"0.0-3.0"},{"rt":150329,"url":"../static/nodeGraphsTraining_distractor.html","skip":[],"edgeClickLog":[],"inference_edge":[],"inference_edgeClickLog":[],"trial_type":"external-html","trial_index":4,"time_elapsed":360875,"internal_node_id":"0.0-4.0"},{"rt":50519,"response":{"q1":"The goal is to help the student to get the most points.","q2":"False","q3":"Possible edges you, as the teacher, can choose to teach the learner.","q4":"Edges that the student took before."},"question_order":[0,1,2,3],"trial_type":"survey-multi-choice","trial_index":5,"time_elapsed":411397,"internal_node_id":"0.0-5.0"},{"rt":20839,"stimulus":"<p>You can take a 60 second break before starting the experiment.</p><br><br><p>This page will advance in 60 seconds or you can press any key to advance now.</p>","response":" ","trial_type":"html-keyboard-response","trial_index":6,"time_elapsed":432238,"internal_node_id":"0.0-7.0"},{"view_history":[{"page_index":0,"viewing_time":30495}],"rt":30496,"trial_type":"instructions","trial_index":7,"time_elapsed":462733,"internal_node_id":"0.0-8.0"},{"rt":31391,"url":"../static/nodeGraphs_distractor.html","edge":"4to8","edgeRT":"6830","skip":"false","flipped":"FALSE","index":"0","edgeClickLog":"[{\"edgeSelection\":\"4to8\",\"edgeRTMS\":6830}]","trial_id":"incong_0","congruency":"I","trial_group":"1to5","condition":"distractor","inference_edge":"2to4,4to8,4to7","inference_edgeClickLog":"[{\"edgeSelection\":\"2to4\",\"edgeRTMS\":7769},{\"edgeSelection\":\"4to8\",\"edgeRTMS\":9916},{\"edgeSelection\":\"4to7\",\"edgeRTMS\":11719}]","inference_edgeRT":"11719","inference_edge_last":"4to7","task":"experiment","subjectId":"97gp7jw88ovy9b5","trial_type":"external-html","trial_index":8,"time_elapsed":494227,"internal_node_id":"0.0-9.0-0.0"},{"rt":39296,"url":"../static/nodeGraphs_distractor.html","edge":"2to4","edgeRT":"4308","skip":"false","flipped":"FALSE","index":"1","edgeClickLog":"[{\"edgeSelection\":\"2to4\",\"edgeRTMS\":4308}]","trial_id":"incong_5","congruency":"I","trial_group":"1to5","condition":"distractor","inference_edge":"2to4,4to8,0to2","inference_edgeClickLog":"[{\"edgeSelection\":\"2to4\",\"edgeRTMS\":15895},{\"edgeSelection\":\"4to8\",\"edgeRTMS\":17514},{\"edgeSelection\":\"0to2\",\"edgeRTMS\":21564}]","inference_edgeRT":"21564","inference_edge_last":"0to2","task":"experiment","subjectId":"97gp7jw88ovy9b5","trial_type":"external-html","trial_index":9,"time_elapsed":534126,"internal_node_id":"0.0-9.0-0.1"},{"rt":41548,"url":"../static/nodeGraphs_distractor.html","edge":"2to6","edgeRT":"5386","skip":"false","flipped":"FALSE","index":"2","edgeClickLog":"[{\"edgeSelection\":\"2to6\",\"edgeRTMS\":5386}]","trial_id":"incong_3","congruency":"I","trial_group":"1to5","condition":"distractor","inference_edge":"2to6,0to2,6to8","inference_edgeClickLog":"[{\"edgeSelection\":\"2to6\",\"edgeRTMS\":15198},{\"edgeSelection\":\"0to1\",\"edgeRTMS\":19327},{\"edgeSelection\":\"0to1\",\"edgeRTMS\":20810},{\"edgeSelection\":\"0to2\",\"edgeRTMS\":27978},{\"edgeSelection\":\"6to8\",\"edgeRTMS\":32284}]","inference_edgeRT":"32284","inference_edge_last":"6to8","task":"experiment","subjectId":"97gp7jw88ovy9b5","trial_type":"external-html","trial_index":10,"time_elapsed":576278,"internal_node_id":"0.0-9.0-0.2"},{"rt":21497,"url":"../static/nodeGraphs_distractor.html","edge":"0to2","edgeRT":"3494","skip":"false","flipped":"FALSE","index":"3","edgeClickLog":"[{\"edgeSelection\":\"0to2\",\"edgeRTMS\":3494}]","trial_id":"incong_10","congruency":"I","trial_group":"1to5","condition":"distractor","inference_edge":"0to2,2to4,4to8","inference_edgeClickLog":"[{\"edgeSelection\":\"0to2\",\"edgeRTMS\":8091},{\"edgeSelection\":\"2to4\",\"edgeRTMS\":8824},{\"edgeSelection\":\"4to8\",\"edgeRTMS\":10241}]","inference_edgeRT":"10241","inference_edge_last":"4to8","task":"experiment","subjectId":"97gp7jw88ovy9b5","trial_type":"external-html","trial_index":11,"time_elapsed":598380,"internal_node_id":"0.0-9.0-0.3"},{"rt":29298,"url":"../static/nodeGraphs_distractor.html","edge":"4to8","edgeRT":"9383","skip":"false","flipped":"FALSE","index":"4","edgeClickLog":"[{\"edgeSelection\":\"4to8\",\"edgeRTMS\":9383}]","trial_id":"incong_2","congruency":"I","trial_group":"1to5","condition":"distractor","inference_edge":"4to8,2to4,6to8","inference_edgeClickLog":"[{\"edgeSelection\":\"4to8\",\"edgeRTMS\":7815},{\"edgeSelection\":\"2to4\",\"edgeRTMS\":10425},{\"edgeSelection\":\"6to8\",\"edgeRTMS\":18405}]","inference_edgeRT":"18405","inference_edge_last":"6to8","task":"experiment","subjectId":"97gp7jw88ovy9b5","trial_type":"external-html","trial_index":12,"time_elapsed":628285,"internal_node_id":"0.0-9.0-0.4"},{"rt":28382,"url":"../static/nodeGraphs_distractor.html","edge":"0to3","edgeRT":"10442","skip":"false","flipped":"TRUE","index":"5","edgeClickLog":"[{\"edgeSelection\":\"0to3\",\"edgeRTMS\":10442}]","trial_id":"incong_0_flipped","congruency":"I","trial_group":"5to10","condition":"distractor","inference_edge":"6to8,6to9,2to6","inference_edgeClickLog":"[{\"edgeSelection\":\"6to8\",\"edgeRTMS\":9088},{\"edgeSelection\":\"6to9\",\"edgeRTMS\":10409},{\"edgeSelection\":\"2to6\",\"edgeRTMS\":14166}]","inference_edgeRT":"14166","inference_edge_last":"2to6","task":"experiment","subjectId":"97gp7jw88ovy9b5","trial_type":"external-html","trial_index":13,"time_elapsed":657274,"internal_node_id":"0.0-9.0-0.5"},{"rt":31422,"url":"../static/nodeGraphs_distractor.html","edge":"4to8","edgeRT":"13296","skip":"false","flipped":"TRUE","index":"6","edgeClickLog":"[{\"edgeSelection\":\"6to8\",\"edgeRTMS\":7044},{\"edgeSelection\":\"6to8\",\"edgeRTMS\":11101},{\"edgeSelection\":\"4to8\",\"edgeRTMS\":12392},{\"edgeSelection\":\"4to8\",\"edgeRTMS\":13296}]","trial_id":"incong_5_flipped","congruency":"I","trial_group":"5to10","condition":"distractor","inference_edge":"6to8,4to8,2to6","inference_edgeClickLog":"[{\"edgeSelection\":\"6to8\",\"edgeRTMS\":3644},{\"edgeSelection\":\"4to8\",\"edgeRTMS\":6190},{\"edgeSelection\":\"2to6\",\"edgeRTMS\":9098}]","inference_edgeRT":"9098","inference_edge_last":"2to6","task":"experiment","subjectId":"97gp7jw88ovy9b5","trial_type":"external-html","trial_index":14,"time_elapsed":689305,"internal_node_id":"0.0-9.0-0.6"},{"rt":33895,"url":"../static/nodeGraphs_distractor.html","edge":"2to4","edgeRT":"2829","skip":"false","flipped":"TRUE","index":"7","edgeClickLog":"[{\"edgeSelection\":\"2to4\",\"edgeRTMS\":2829}]","trial_id":"incong_3_flipped","congruency":"I","trial_group":"5to10","condition":"distractor","inference_edge":"0to2,5to9,2to4","inference_edgeClickLog":"[{\"edgeSelection\":\"2to4\",\"edgeRTMS\":9936},{\"edgeSelection\":\"2to5\",\"edgeRTMS\":15619},{\"edgeSelection\":\"0to2\",\"edgeRTMS\":16833},{\"edgeSelection\":\"2to5\",\"edgeRTMS\":18558},{\"edgeSelection\":\"4to8\",\"edgeRTMS\":20086},{\"edgeSelection\":\"5to9\",\"edgeRTMS\":23369},{\"edgeSelection\":\"4to8\",\"edgeRTMS\":24993},{\"edgeSelection\":\"2to4\",\"edgeRTMS\":26848}]","inference_edgeRT":"26848","inference_edge_last":"2to4","task":"experiment","subjectId":"97gp7jw88ovy9b5","trial_type":"external-html","trial_index":15,"time_elapsed":723815,"internal_node_id":"0.0-9.0-0.7"},{"rt":25296,"url":"../static/nodeGraphs_distractor.html","edge":"0to2","edgeRT":"11889","skip":"false","flipped":"TRUE","index":"8","edgeClickLog":"[{\"edgeSelection\":\"4to8\",\"edgeRTMS\":2194},{\"edgeSelection\":\"0to2\",\"edgeRTMS\":11889}]","trial_id":"incong_10_flipped","congruency":"I","trial_group":"5to10","condition":"distractor","inference_edge":"6to8,2to6,4to8","inference_edgeClickLog":"[{\"edgeSelection\":\"6to8\",\"edgeRTMS\":5824},{\"edgeSelection\":\"2to6\",\"edgeRTMS\":7436},{\"edgeSelection\":\"4to8\",\"edgeRTMS\":11139}]","inference_edgeRT":"11139","inference_edge_last":"4to8","task":"experiment","subjectId":"97gp7jw88ovy9b5","trial_type":"external-html","trial_index":16,"time_elapsed":749714,"internal_node_id":"0.0-9.0-0.8"},{"rt":27467,"url":"../static/nodeGraphs_distractor.html","edge":"6to8","edgeRT":"9686","skip":"false","flipped":"TRUE","index":"9","edgeClickLog":"[{\"edgeSelection\":\"6to8\",\"edgeRTMS\":9686}]","trial_id":"incong_2_flipped","congruency":"I","trial_group":"5to10","condition":"distractor","inference_edge":"6to8,2to6,2to4","inference_edgeClickLog":"[{\"edgeSelection\":\"6to8\",\"edgeRTMS\":4961},{\"edgeSelection\":\"2to6\",\"edgeRTMS\":11591},{\"edgeSelection\":\"2to4\",\"edgeRTMS\":16296}]","inference_edgeRT":"16296","inference_edge_last":"2to4","task":"experiment","subjectId":"97gp7jw88ovy9b5","trial_type":"external-html","trial_index":17,"time_elapsed":777778,"internal_node_id":"0.0-9.0-0.9"},{"rt":27624,"url":"../static/nodeGraphs_distractor.html","edge":"2to4","edgeRT":"2103","skip":"false","flipped":"FALSE","index":"10","edgeClickLog":"[{\"edgeSelection\":\"2to4\",\"edgeRTMS\":2103}]","trial_id":"incong_0","congruency":"I","trial_group":"10to15","condition":"distractor","inference_edge":"4to7,4to8,2to4","inference_edgeClickLog":"[{\"edgeSelection\":\"4to7\",\"edgeRTMS\":9652},{\"edgeSelection\":\"4to8\",\"edgeRTMS\":4691},{\"edgeSelection\":\"2to4\",\"edgeRTMS\":9809}]","inference_edgeRT":"9809","inference_edge_last":"2to4","task":"experiment","subjectId":"97gp7jw88ovy9b5","trial_type":"external-html","trial_index":18,"time_elapsed":806002,"internal_node_id":"0.0-9.0-0.10"},{"rt":22235,"url":"../static/nodeGraphs_distractor.html","edge":"2to4","edgeRT":"7319","skip":"false","flipped":"FALSE","index":"11","edgeClickLog":"[{\"edgeSelection\":\"2to4\",\"edgeRTMS\":7319}]","trial_id":"incong_5","congruency":"I","trial_group":"10to15","condition":"distractor","inference_edge":"4to8,6to8,5to7","inference_edgeClickLog":"[{\"edgeSelection\":\"4to8\",\"edgeRTMS\":7271},{\"edgeSelection\":\"6to8\",\"edgeRTMS\":9422},{\"edgeSelection\":\"5to7\",\"edgeRTMS\":11354}]","inference_edgeRT":"11354","inference_edge_last":"5to7","task":"experiment","subjectId":"97gp7jw88ovy9b5","trial_type":"external-html","trial_index":19,"time_elapsed":828844,"internal_node_id":"0.0-9.0-0.11"},{"rt":18556,"url":"../static/nodeGraphs_distractor.html","edge":"2to6","edgeRT":"2437","skip":"false","flipped":"FALSE","index":"12","edgeClickLog":"[{\"edgeSelection\":\"2to6\",\"edgeRTMS\":2437}]","trial_id":"incong_3","congruency":"I","trial_group":"10to15","condition":"distractor","inference_edge":"2to6,1to5,5to7","inference_edgeClickLog":"[{\"edgeSelection\":\"2to6\",\"edgeRTMS\":3627},{\"edgeSelection\":\"1to5\",\"edgeRTMS\":6775},{\"edgeSelection\":\"5to7\",\"edgeRTMS\":10115}]","inference_edgeRT":"10115","inference_edge_last":"5to7","task":"experiment","subjectId":"97gp7jw88ovy9b5","trial_type":"external-html","trial_index":20,"time_elapsed":848007,"internal_node_id":"0.0-9.0-0.12"},{"rt":19965,"url":"../static/nodeGraphs_distractor.html","edge":"2to4","edgeRT":"3377","skip":"false","flipped":"FALSE","index":"13","edgeClickLog":"[{\"edgeSelection\":\"2to4\",\"edgeRTMS\":3377}]","trial_id":"incong_10","congruency":"I","trial_group":"10to15","condition":"distractor","inference_edge":"2to4,4to8,4to7","inference_edgeClickLog":"[{\"edgeSelection\":\"2to6\",\"edgeRTMS\":3866},{\"edgeSelection\":\"2to4\",\"edgeRTMS\":5215},{\"edgeSelection\":\"4to8\",\"edgeRTMS\":6858},{\"edgeSelection\":\"2to6\",\"edgeRTMS\":13248},{\"edgeSelection\":\"4to7\",\"edgeRTMS\":14802}]","inference_edgeRT":"14802","inference_edge_last":"4to7","task":"experiment","subjectId":"97gp7jw88ovy9b5","trial_type":"external-html","trial_index":21,"time_elapsed":868580,"internal_node_id":"0.0-9.0-0.13"},{"rt":12623,"url":"../static/nodeGraphs_distractor.html","edge":"0to2","edgeRT":"1525","skip":"false","flipped":"FALSE","index":"14","edgeClickLog":"[{\"edgeSelection\":\"0to2\",\"edgeRTMS\":1525}]","trial_id":"incong_2","congruency":"I","trial_group":"10to15","condition":"distractor","inference_edge":"1to4,2to4,4to8","inference_edgeClickLog":"[{\"edgeSelection\":\"1to4\",\"edgeRTMS\":4929},{\"edgeSelection\":\"2to4\",\"edgeRTMS\":6463},{\"edgeSelection\":\"4to8\",\"edgeRTMS\":8884}]","inference_edgeRT":"8884","inference_edge_last":"4to8","task":"experiment","subjectId":"97gp7jw88ovy9b5","trial_type":"external-html","trial_index":22,"time_elapsed":881810,"internal_node_id":"0.0-9.0-0.14"},{"rt":26476,"url":"../static/nodeGraphs_distractor.html","edge":"6to8","edgeRT":"7645","skip":"false","flipped":"FALSE","index":"15","edgeClickLog":"[{\"edgeSelection\":\"6to8\",\"edgeRTMS\":7645}]","trial_id":"test_0","congruency":"I","trial_group":"15to20","condition":"distractor","inference_edge":"1to4,2to4,4to8","inference_edgeClickLog":"[{\"edgeSelection\":\"1to4\",\"edgeRTMS\":4929},{\"edgeSelection\":\"2to4\",\"edgeRTMS\":6463},{\"edgeSelection\":\"4to8\",\"edgeRTMS\":8884}]","inference_edgeRT":"8884","inference_edge_last":"","task":"experiment","subjectId":"97gp7jw88ovy9b5","trial_type":"external-html","trial_index":23,"time_elapsed":908897,"internal_node_id":"0.0-9.0-0.15"},{"rt":7539,"url":"../static/nodeGraphs_distractor.html","edge":"3to6","edgeRT":"6657","skip":"false","flipped":"FALSE","index":"16","edgeClickLog":"[{\"edgeSelection\":\"3to6\",\"edgeRTMS\":6657}]","trial_id":"test_1","congruency":"I","trial_group":"15to20","condition":"distractor","inference_edge":"1to4,2to4,4to8","inference_edgeClickLog":"[{\"edgeSelection\":\"1to4\",\"edgeRTMS\":4929},{\"edgeSelection\":\"2to4\",\"edgeRTMS\":6463},{\"edgeSelection\":\"4to8\",\"edgeRTMS\":8884}]","inference_edgeRT":"8884","inference_edge_last":"","task":"experiment","subjectId":"97gp7jw88ovy9b5","trial_type":"external-html","trial_index":24,"time_elapsed":917043,"internal_node_id":"0.0-9.0-0.16"},{"rt":7373,"url":"../static/nodeGraphs_distractor.html","edge":"0to3","edgeRT":"6949","skip":"false","flipped":"FALSE","index":"17","edgeClickLog":"[{\"edgeSelection\":\"0to3\",\"edgeRTMS\":6949}]","trial_id":"test_2","congruency":"I","trial_group":"15to20","condition":"distractor","inference_edge":"1to4,2to4,4to8","inference_edgeClickLog":"[{\"edgeSelection\":\"1to4\",\"edgeRTMS\":4929},{\"edgeSelection\":\"2to4\",\"edgeRTMS\":6463},{\"edgeSelection\":\"4to8\",\"edgeRTMS\":8884}]","inference_edgeRT":"8884","inference_edge_last":"","task":"experiment","subjectId":"97gp7jw88ovy9b5","trial_type":"external-html","trial_index":25,"time_elapsed":925021,"internal_node_id":"0.0-9.0-0.17"},{"rt":10877,"url":"../static/nodeGraphs_distractor.html","edge":"1to5","edgeRT":"5390","skip":"false","flipped":"FALSE","index":"18","edgeClickLog":"[{\"edgeSelection\":\"1to5\",\"edgeRTMS\":5390}]","trial_id":"test_3","congruency":"I","trial_group":"15to20","condition":"distractor","inference_edge":"1to4,2to4,4to8","inference_edgeClickLog":"[{\"edgeSelection\":\"1to4\",\"edgeRTMS\":4929},{\"edgeSelection\":\"2to4\",\"edgeRTMS\":6463},{\"edgeSelection\":\"4to8\",\"edgeRTMS\":8884}]","inference_edgeRT":"8884","inference_edge_last":"","task":"experiment","subjectId":"97gp7jw88ovy9b5","trial_type":"external-html","trial_index":26,"time_elapsed":936505,"internal_node_id":"0.0-9.0-0.18"},{"rt":15527,"url":"../static/nodeGraphs_distractor.html","edge":"6to9","edgeRT":"15177","skip":"false","flipped":"FALSE","index":"19","edgeClickLog":"[{\"edgeSelection\":\"1to5\",\"edgeRTMS\":11143},{\"edgeSelection\":\"6to9\",\"edgeRTMS\":15177}]","trial_id":"test_4","congruency":"I","trial_group":"15to20","condition":"distractor","inference_edge":"1to4,2to4,4to8","inference_edgeClickLog":"[{\"edgeSelection\":\"1to4\",\"edgeRTMS\":4929},{\"edgeSelection\":\"2to4\",\"edgeRTMS\":6463},{\"edgeSelection\":\"4to8\",\"edgeRTMS\":8884}]","inference_edgeRT":"8884","inference_edge_last":"","task":"experiment","subjectId":"97gp7jw88ovy9b5","trial_type":"external-html","trial_index":27,"time_elapsed":952642,"internal_node_id":"0.0-9.0-0.19"},{"rt":151507,"response":{"P0_Q0":null,"P0_Q1":4,"P0_Q2":6,"P0_Q3":6,"P0_Q4":4,"P0_Q5":2,"strategies":"by Point values","feedback":"None"},"accuracy":[],"trial_type":"survey","trial_index":28,"time_elapsed":1104699,"internal_node_id":"0.0-10.0"},{"rt":2725,"stimulus":"<p>Thanks for your time!</p>        <p>We need to manually calculate your bonus pay, please give us up to 7 days.</p><p>Press any key to conclude.</p>","response":" ","task":"end","subjectId":"97gp7jw88ovy9b5","trial_type":"html-keyboard-response","trial_index":29,"time_elapsed":1107425,"internal_node_id":"0.0-11.0","interactions":"[{\"event\":\"fullscreenenter\",\"trial\":1,\"time\":2664},{\"event\":\"blur\",\"trial\":18,\"time\":793959},{\"event\":\"focus\",\"trial\":18,\"time\":793959}]"}]