[{"success":true,"timeout":false,"failed_images":[],"failed_audio":[],"failed_video":[],"trial_type":"preload","trial_index":0,"time_elapsed":744,"internal_node_id":"0.0-0.0"},{"success":true,"trial_type":"fullscreen","trial_index":1,"time_elapsed":5607,"internal_node_id":"0.0-1.0"},{"rt":3723,"stimulus":"Welcome to the experiment. Press any key to begin.","response":" ","trial_type":"html-keyboard-response","trial_index":2,"time_elapsed":9331,"internal_node_id":"0.0-2.0"},{"view_history":[{"page_index":0,"viewing_time":4828},{"page_index":1,"viewing_time":8947},{"page_index":2,"viewing_time":49716},{"page_index":3,"viewing_time":4806},{"page_index":4,"viewing_time":1120},{"page_index":5,"viewing_time":971},{"page_index":6,"viewing_time":1932},{"page_index":7,"viewing_time":15943},{"page_index":8,"viewing_time":14376},{"page_index":9,"viewing_time":12125},{"page_index":10,"viewing_time":1324},{"page_index":11,"viewing_time":550},{"page_index":12,"viewing_time":432},{"page_index":13,"viewing_time":984},{"page_index":14,"viewing_time":2138},{"page_index":15,"viewing_time":7688},{"page_index":16,"viewing_time":749},{"page_index":17,"viewing_time":1162},{"page_index":18,"viewing_time":967},{"page_index":19,"viewing_time":7690},{"page_index":20,"viewing_time":2958},{"page_index":21,"viewing_time":3451}],"rt":144856,"trial_type":"instructions","trial_index":3,"time_elapsed":154188,"internal_node_id":"0.0-3.0"},{"rt":154033,"url":"../static/nodeGraphsTraining_distractor.html","skip":[],"edgeClickLog":[],"inference_edge":[],"inference_edgeClickLog":[],"trial_type":"external-html","trial_index":4,"time_elapsed":308395,"internal_node_id":"0.0-4.0"},{"rt":40874,"response":{"q1":"The goal is to help the student to get the most points.","q2":"False","q3":"Possible edges you, as the teacher, can choose to teach the learner.","q4":"Edges that the student took before."},"question_order":[0,1,2,3],"trial_type":"survey-multi-choice","trial_index":5,"time_elapsed":349270,"internal_node_id":"0.0-5.0"},{"rt":6931,"stimulus":"<p>You can take a 60 second break before starting the experiment.</p><br><br><p>This page will advance in 60 seconds or you can press any key to advance now.</p>","response":" ","trial_type":"html-keyboard-response","trial_index":6,"time_elapsed":356202,"internal_node_id":"0.0-7.0"},{"view_history":[{"page_index":0,"viewing_time":19783}],"rt":19783,"trial_type":"instructions","trial_index":7,"time_elapsed":375986,"internal_node_id":"0.0-8.0"},{"rt":48638,"url":"../static/nodeGraphs_distractor.html","edge":"4to7","edgeRT":"13542","skip":"false","flipped":"FALSE","index":"0","edgeClickLog":"[{\"edgeSelection\":\"4to7\",\"edgeRTMS\":13542}]","trial_id":"cong_0","congruency":"C","trial_group":"1to5","condition":"distractor","inference_edge":"4to8,4to7,1to4","inference_edgeClickLog":"[{\"edgeSelection\":\"0to1\",\"edgeRTMS\":2241},{\"edgeSelection\":\"1to4\",\"edgeRTMS\":4048},{\"edgeSelection\":\"0to1\",\"edgeRTMS\":5341},{\"edgeSelection\":\"4to8\",\"edgeRTMS\":7431},{\"edgeSelection\":\"0to1\",\"edgeRTMS\":11679},{\"edgeSelection\":\"4to7\",\"edgeRTMS\":22136},{\"edgeSelection\":\"0to1\",\"edgeRTMS\":23282},{\"edgeSelection\":\"1to4\",\"edgeRTMS\":23849}]","inference_edgeRT":"23849","inference_edge_last":"1to4","task":"experiment","subjectId":"4m64c7tvmt61axg","trial_type":"external-html","trial_index":8,"time_elapsed":424780,"internal_node_id":"0.0-9.0-0.0"},{"rt":33493,"url":"../static/nodeGraphs_distractor.html","edge":"2to6","edgeRT":"4192","skip":"false","flipped":"FALSE","index":"1","edgeClickLog":"[{\"edgeSelection\":\"2to6\",\"edgeRTMS\":4192}]","trial_id":"cong_1","congruency":"C","trial_group":"1to5","condition":"distractor","inference_edge":"2to6,6to9,0to2","inference_edgeClickLog":"[{\"edgeSelection\":\"3to5\",\"edgeRTMS\":6484},{\"edgeSelection\":\"3to5\",\"edgeRTMS\":7248},{\"edgeSelection\":\"2to6\",\"edgeRTMS\":7775},{\"edgeSelection\":\"6to9\",\"edgeRTMS\":15467},{\"edgeSelection\":\"0to2\",\"edgeRTMS\":17920}]","inference_edgeRT":"17920","inference_edge_last":"0to2","task":"experiment","subjectId":"4m64c7tvmt61axg","trial_type":"external-html","trial_index":9,"time_elapsed":458935,"internal_node_id":"0.0-9.0-0.1"},{"rt":26427,"url":"../static/nodeGraphs_distractor.html","edge":"2to5","edgeRT":"1307","skip":"false","flipped":"FALSE","index":"2","edgeClickLog":"[{\"edgeSelection\":\"2to5\",\"edgeRTMS\":1307}]","trial_id":"cong_6","congruency":"C","trial_group":"1to5","condition":"distractor","inference_edge":"2to5,5to7,5to9","inference_edgeClickLog":"[{\"edgeSelection\":\"0to2\",\"edgeRTMS\":9168},{\"edgeSelection\":\"2to5\",\"edgeRTMS\":12246},{\"edgeSelection\":\"0to2\",\"edgeRTMS\":15620},{\"edgeSelection\":\"5to7\",\"edgeRTMS\":17182},{\"edgeSelection\":\"5to9\",\"edgeRTMS\":18131}]","inference_edgeRT":"18131","inference_edge_last":"5to9","task":"experiment","subjectId":"4m64c7tvmt61axg","trial_type":"external-html","trial_index":10,"time_elapsed":486055,"internal_node_id":"0.0-9.0-0.2"},{"rt":23668,"url":"../static/nodeGraphs_distractor.html","edge":"2to4","edgeRT":"1194","skip":"false","flipped":"FALSE","index":"3","edgeClickLog":"[{\"edgeSelection\":\"2to4\",\"edgeRTMS\":1194}]","trial_id":"cong_4","congruency":"C","trial_group":"1to5","condition":"distractor","inference_edge":"2to4,4to8,0to2","inference_edgeClickLog":"[{\"edgeSelection\":\"2to4\",\"edgeRTMS\":5644},{\"edgeSelection\":\"4to8\",\"edgeRTMS\":7275},{\"edgeSelection\":\"0to2\",\"edgeRTMS\":12223}]","inference_edgeRT":"12223","inference_edge_last":"0to2","task":"experiment","subjectId":"4m64c7tvmt61axg","trial_type":"external-html","trial_index":11,"time_elapsed":510379,"internal_node_id":"0.0-9.0-0.3"},{"rt":14291,"url":"../static/nodeGraphs_distractor.html","edge":"2to5","edgeRT":"858","skip":"false","flipped":"FALSE","index":"4","edgeClickLog":"[{\"edgeSelection\":\"2to5\",\"edgeRTMS\":858}]","trial_id":"cong_9","congruency":"C","trial_group":"1to5","condition":"distractor","inference_edge":"2to5,5to8,5to9","inference_edgeClickLog":"[{\"edgeSelection\":\"0to2\",\"edgeRTMS\":4339},{\"edgeSelection\":\"2to5\",\"edgeRTMS\":5313},{\"edgeSelection\":\"5to8\",\"edgeRTMS\":6773},{\"edgeSelection\":\"0to2\",\"edgeRTMS\":7288},{\"edgeSelection\":\"5to9\",\"edgeRTMS\":8743}]","inference_edgeRT":"8743","inference_edge_last":"5to9","task":"experiment","subjectId":"4m64c7tvmt61axg","trial_type":"external-html","trial_index":12,"time_elapsed":525329,"internal_node_id":"0.0-9.0-0.4"},{"rt":10752,"url":"../static/nodeGraphs_distractor.html","edge":"3to6","edgeRT":"775","skip":"false","flipped":"TRUE","index":"5","edgeClickLog":"[{\"edgeSelection\":\"3to6\",\"edgeRTMS\":775}]","trial_id":"cong_0_flipped","congruency":"C","trial_group":"5to10","condition":"distractor","inference_edge":"3to6,6to8,6to9","inference_edgeClickLog":"[{\"edgeSelection\":\"3to6\",\"edgeRTMS\":3794},{\"edgeSelection\":\"6to8\",\"edgeRTMS\":5846},{\"edgeSelection\":\"6to9\",\"edgeRTMS\":6488}]","inference_edgeRT":"6488","inference_edge_last":"6to9","task":"experiment","subjectId":"4m64c7tvmt61axg","trial_type":"external-html","trial_index":13,"time_elapsed":536736,"internal_node_id":"0.0-9.0-0.5"},{"rt":25196,"url":"../static/nodeGraphs_distractor.html","edge":"2to4","edgeRT":"4659","skip":"false","flipped":"TRUE","index":"6","edgeClickLog":"[{\"edgeSelection\":\"2to4\",\"edgeRTMS\":4659}]","trial_id":"cong_1_flipped","congruency":"C","trial_group":"5to10","condition":"distractor","inference_edge":"2to4,4to7,0to2","inference_edgeClickLog":"[{\"edgeSelection\":\"2to4\",\"edgeRTMS\":3343},{\"edgeSelection\":\"4to7\",\"edgeRTMS\":13859},{\"edgeSelection\":\"0to2\",\"edgeRTMS\":14963}]","inference_edgeRT":"14963","inference_edge_last":"0to2","task":"experiment","subjectId":"4m64c7tvmt61axg","trial_type":"external-html","trial_index":14,"time_elapsed":562589,"internal_node_id":"0.0-9.0-0.6"},{"rt":17365,"url":"../static/nodeGraphs_distractor.html","edge":"2to5","edgeRT":"736","skip":"false","flipped":"TRUE","index":"7","edgeClickLog":"[{\"edgeSelection\":\"2to5\",\"edgeRTMS\":736}]","trial_id":"cong_6_flipped","congruency":"C","trial_group":"5to10","condition":"distractor","inference_edge":"2to5,5to7,5to9","inference_edgeClickLog":"[{\"edgeSelection\":\"2to5\",\"edgeRTMS\":4361},{\"edgeSelection\":\"5to7\",\"edgeRTMS\":10282},{\"edgeSelection\":\"5to9\",\"edgeRTMS\":11015}]","inference_edgeRT":"11015","inference_edge_last":"5to9","task":"experiment","subjectId":"4m64c7tvmt61axg","trial_type":"external-html","trial_index":15,"time_elapsed":580609,"internal_node_id":"0.0-9.0-0.7"},{"rt":11814,"url":"../static/nodeGraphs_distractor.html","edge":"2to6","edgeRT":"789","skip":"false","flipped":"TRUE","index":"8","edgeClickLog":"[{\"edgeSelection\":\"2to6\",\"edgeRTMS\":789}]","trial_id":"cong_4_flipped","congruency":"C","trial_group":"5to10","condition":"distractor","inference_edge":"2to6,6to8,0to2","inference_edgeClickLog":"[{\"edgeSelection\":\"2to6\",\"edgeRTMS\":3570},{\"edgeSelection\":\"6to8\",\"edgeRTMS\":4569},{\"edgeSelection\":\"0to2\",\"edgeRTMS\":7233}]","inference_edgeRT":"7233","inference_edge_last":"0to2","task":"experiment","subjectId":"4m64c7tvmt61axg","trial_type":"external-html","trial_index":16,"time_elapsed":593081,"internal_node_id":"0.0-9.0-0.8"},{"rt":9917,"url":"../static/nodeGraphs_distractor.html","edge":"2to5","edgeRT":"983","skip":"false","flipped":"TRUE","index":"9","edgeClickLog":"[{\"edgeSelection\":\"2to5\",\"edgeRTMS\":983}]","trial_id":"cong_9_flipped","congruency":"C","trial_group":"5to10","condition":"distractor","inference_edge":"2to5,5to8,5to7","inference_edgeClickLog":"[{\"edgeSelection\":\"2to5\",\"edgeRTMS\":3155},{\"edgeSelection\":\"5to8\",\"edgeRTMS\":4937},{\"edgeSelection\":\"5to7\",\"edgeRTMS\":5695}]","inference_edgeRT":"5695","inference_edge_last":"5to7","task":"experiment","subjectId":"4m64c7tvmt61axg","trial_type":"external-html","trial_index":17,"time_elapsed":603653,"internal_node_id":"0.0-9.0-0.9"},{"rt":12278,"url":"../static/nodeGraphs_distractor.html","edge":"1to4","edgeRT":"811","skip":"false","flipped":"FALSE","index":"10","edgeClickLog":"[{\"edgeSelection\":\"1to4\",\"edgeRTMS\":811}]","trial_id":"cong_0","congruency":"C","trial_group":"10to15","condition":"distractor","inference_edge":"1to4,4to7,4to8","inference_edgeClickLog":"[{\"edgeSelection\":\"1to4\",\"edgeRTMS\":2994},{\"edgeSelection\":\"4to7\",\"edgeRTMS\":6145},{\"edgeSelection\":\"4to8\",\"edgeRTMS\":7430}]","inference_edgeRT":"7430","inference_edge_last":"4to8","task":"experiment","subjectId":"4m64c7tvmt61axg","trial_type":"external-html","trial_index":18,"time_elapsed":616590,"internal_node_id":"0.0-9.0-0.10"},{"rt":12313,"url":"../static/nodeGraphs_distractor.html","edge":"2to6","edgeRT":"760","skip":"false","flipped":"FALSE","index":"11","edgeClickLog":"[{\"edgeSelection\":\"2to6\",\"edgeRTMS\":760}]","trial_id":"cong_1","congruency":"C","trial_group":"10to15","condition":"distractor","inference_edge":"2to6,6to9,0to2","inference_edgeClickLog":"[{\"edgeSelection\":\"2to6\",\"edgeRTMS\":3982},{\"edgeSelection\":\"6to9\",\"edgeRTMS\":5357},{\"edgeSelection\":\"0to2\",\"edgeRTMS\":9721}]","inference_edgeRT":"9721","inference_edge_last":"0to2","task":"experiment","subjectId":"4m64c7tvmt61axg","trial_type":"external-html","trial_index":19,"time_elapsed":629558,"internal_node_id":"0.0-9.0-0.11"},{"rt":8925,"url":"../static/nodeGraphs_distractor.html","edge":"2to5","edgeRT":"740","skip":"false","flipped":"FALSE","index":"12","edgeClickLog":"[{\"edgeSelection\":\"2to5\",\"edgeRTMS\":740}]","trial_id":"cong_6","congruency":"C","trial_group":"10to15","condition":"distractor","inference_edge":"2to5,5to7,5to9","inference_edgeClickLog":"[{\"edgeSelection\":\"2to5\",\"edgeRTMS\":2814},{\"edgeSelection\":\"5to7\",\"edgeRTMS\":4503},{\"edgeSelection\":\"5to9\",\"edgeRTMS\":6006}]","inference_edgeRT":"6006","inference_edge_last":"5to9","task":"experiment","subjectId":"4m64c7tvmt61axg","trial_type":"external-html","trial_index":20,"time_elapsed":639138,"internal_node_id":"0.0-9.0-0.12"},{"rt":16867,"url":"../static/nodeGraphs_distractor.html","edge":"2to4","edgeRT":"742","skip":"false","flipped":"FALSE","index":"13","edgeClickLog":"[{\"edgeSelection\":\"2to4\",\"edgeRTMS\":742}]","trial_id":"cong_4","congruency":"C","trial_group":"10to15","condition":"distractor","inference_edge":"2to4,4to8,0to2","inference_edgeClickLog":"[{\"edgeSelection\":\"2to4\",\"edgeRTMS\":2398},{\"edgeSelection\":\"4to8\",\"edgeRTMS\":3778},{\"edgeSelection\":\"0to2\",\"edgeRTMS\":7835}]","inference_edgeRT":"7835","inference_edge_last":"0to2","task":"experiment","subjectId":"4m64c7tvmt61axg","trial_type":"external-html","trial_index":21,"time_elapsed":656672,"internal_node_id":"0.0-9.0-0.13"},{"rt":9576,"url":"../static/nodeGraphs_distractor.html","edge":"2to5","edgeRT":"1010","skip":"false","flipped":"FALSE","index":"14","edgeClickLog":"[{\"edgeSelection\":\"2to5\",\"edgeRTMS\":1010}]","trial_id":"cong_9","congruency":"C","trial_group":"10to15","condition":"distractor","inference_edge":"2to5,5to8,5to9","inference_edgeClickLog":"[{\"edgeSelection\":\"2to5\",\"edgeRTMS\":3246},{\"edgeSelection\":\"5to8\",\"edgeRTMS\":4218},{\"edgeSelection\":\"5to9\",\"edgeRTMS\":4861}]","inference_edgeRT":"4861","inference_edge_last":"5to9","task":"experiment","subjectId":"4m64c7tvmt61axg","trial_type":"external-html","trial_index":22,"time_elapsed":666905,"internal_node_id":"0.0-9.0-0.14"},{"rt":17778,"url":"../static/nodeGraphs_distractor.html","edge":"6to8","edgeRT":"5247","skip":"false","flipped":"FALSE","index":"15","edgeClickLog":"[{\"edgeSelection\":\"2to6\",\"edgeRTMS\":3951},{\"edgeSelection\":\"6to8\",\"edgeRTMS\":5247}]","trial_id":"test_0","congruency":"I","trial_group":"15to20","condition":"distractor","inference_edge":"2to5,5to8,5to9","inference_edgeClickLog":"[{\"edgeSelection\":\"2to5\",\"edgeRTMS\":3246},{\"edgeSelection\":\"5to8\",\"edgeRTMS\":4218},{\"edgeSelection\":\"5to9\",\"edgeRTMS\":4861}]","inference_edgeRT":"4861","inference_edge_last":"","task":"experiment","subjectId":"4m64c7tvmt61axg","trial_type":"external-html","trial_index":23,"time_elapsed":685339,"internal_node_id":"0.0-9.0-0.15"},{"rt":4636,"url":"../static/nodeGraphs_distractor.html","edge":"3to6","edgeRT":"3189","skip":"false","flipped":"FALSE","index":"16","edgeClickLog":"[{\"edgeSelection\":\"3to6\",\"edgeRTMS\":3189}]","trial_id":"test_1","congruency":"I","trial_group":"15to20","condition":"distractor","inference_edge":"2to5,5to8,5to9","inference_edgeClickLog":"[{\"edgeSelection\":\"2to5\",\"edgeRTMS\":3246},{\"edgeSelection\":\"5to8\",\"edgeRTMS\":4218},{\"edgeSelection\":\"5to9\",\"edgeRTMS\":4861}]","inference_edgeRT":"4861","inference_edge_last":"","task":"experiment","subjectId":"4m64c7tvmt61axg","trial_type":"external-html","trial_index":24,"time_elapsed":690630,"internal_node_id":"0.0-9.0-0.16"},{"rt":22007,"url":"../static/nodeGraphs_distractor.html","edge":"3to6","edgeRT":"2215","skip":"false","flipped":"FALSE","index":"17","edgeClickLog":"[{\"edgeSelection\":\"3to6\",\"edgeRTMS\":2215}]","trial_id":"test_2","congruency":"I","trial_group":"15to20","condition":"distractor","inference_edge":"2to5,5to8,5to9","inference_edgeClickLog":"[{\"edgeSelection\":\"2to5\",\"edgeRTMS\":3246},{\"edgeSelection\":\"5to8\",\"edgeRTMS\":4218},{\"edgeSelection\":\"5to9\",\"edgeRTMS\":4861}]","inference_edgeRT":"4861","inference_edge_last":"","task":"experiment","subjectId":"4m64c7tvmt61axg","trial_type":"external-html","trial_index":25,"time_elapsed":713292,"internal_node_id":"0.0-9.0-0.17"},{"rt":3255,"url":"../static/nodeGraphs_distractor.html","edge":"1to5","edgeRT":"1871","skip":"false","flipped":"FALSE","index":"18","edgeClickLog":"[{\"edgeSelection\":\"1to5\",\"edgeRTMS\":1871}]","trial_id":"test_3","congruency":"I","trial_group":"15to20","condition":"distractor","inference_edge":"2to5,5to8,5to9","inference_edgeClickLog":"[{\"edgeSelection\":\"2to5\",\"edgeRTMS\":3246},{\"edgeSelection\":\"5to8\",\"edgeRTMS\":4218},{\"edgeSelection\":\"5to9\",\"edgeRTMS\":4861}]","inference_edgeRT":"4861","inference_edge_last":"","task":"experiment","subjectId":"4m64c7tvmt61axg","trial_type":"external-html","trial_index":26,"time_elapsed":717208,"internal_node_id":"0.0-9.0-0.18"},{"rt":10524,"url":"../static/nodeGraphs_distractor.html","edge":"6to9","edgeRT":"2198","skip":"false","flipped":"FALSE","index":"19","edgeClickLog":"[{\"edgeSelection\":\"6to9\",\"edgeRTMS\":2198}]","trial_id":"test_4","congruency":"I","trial_group":"15to20","condition":"distractor","inference_edge":"2to5,5to8,5to9","inference_edgeClickLog":"[{\"edgeSelection\":\"2to5\",\"edgeRTMS\":3246},{\"edgeSelection\":\"5to8\",\"edgeRTMS\":4218},{\"edgeSelection\":\"5to9\",\"edgeRTMS\":4861}]","inference_edgeRT":"4861","inference_edge_last":"","task":"experiment","subjectId":"4m64c7tvmt61axg","trial_type":"external-html","trial_index":27,"time_elapsed":728390,"internal_node_id":"0.0-9.0-0.19"},{"rt":25492,"response":{"P0_Q0":null,"P0_Q1":4,"P0_Q2":7,"P0_Q3":4,"P0_Q4":7,"P0_Q5":1,"strategies":"What I thought would lead to the most points.","feedback":"Thank you."},"accuracy":[],"trial_type":"survey","trial_index":28,"time_elapsed":754416,"internal_node_id":"0.0-10.0"},{"rt":3971,"stimulus":"<p>Thanks for your time!</p>        <p>We need to manually calculate your bonus pay, please give us up to 7 days.</p><p>Press any key to conclude.</p>","response":" ","task":"end","subjectId":"4m64c7tvmt61axg","trial_type":"html-keyboard-response","trial_index":29,"time_elapsed":758387,"internal_node_id":"0.0-11.0","interactions":"[{\"event\":\"fullscreenenter\",\"trial\":1,\"time\":4613},{\"event\":\"blur\",\"trial\":14,\"time\":554189},{\"event\":\"focus\",\"trial\":14,\"time\":555838}]"}]