[{"success":true,"timeout":false,"failed_images":[],"failed_audio":[],"failed_video":[],"trial_type":"preload","trial_index":0,"time_elapsed":1045,"internal_node_id":"0.0-0.0"},{"success":true,"trial_type":"fullscreen","trial_index":1,"time_elapsed":5673,"internal_node_id":"0.0-1.0"},{"rt":1888,"stimulus":"Welcome to the experiment. Press any key to begin.","response":"k","trial_type":"html-keyboard-response","trial_index":2,"time_elapsed":7564,"internal_node_id":"0.0-2.0"},{"view_history":[{"page_index":0,"viewing_time":13112},{"page_index":1,"viewing_time":6125},{"page_index":2,"viewing_time":38049},{"page_index":3,"viewing_time":3742},{"page_index":4,"viewing_time":796},{"page_index":5,"viewing_time":395},{"page_index":6,"viewing_time":2542},{"page_index":7,"viewing_time":11997},{"page_index":8,"viewing_time":21415},{"page_index":9,"viewing_time":10049},{"page_index":10,"viewing_time":1645},{"page_index":11,"viewing_time":862},{"page_index":12,"viewing_time":436},{"page_index":13,"viewing_time":2582},{"page_index":14,"viewing_time":2068},{"page_index":15,"viewing_time":5456},{"page_index":16,"viewing_time":3878},{"page_index":17,"viewing_time":497},{"page_index":18,"viewing_time":1507},{"page_index":19,"viewing_time":6587},{"page_index":20,"viewing_time":2892},{"page_index":21,"viewing_time":2670}],"rt":139302,"trial_type":"instructions","trial_index":3,"time_elapsed":146870,"internal_node_id":"0.0-3.0"},{"rt":38512,"url":"../static/nodeGraphsTraining_normal.html","skip":[],"edgeClickLog":[],"inference_edge":[],"inference_edgeClickLog":[],"trial_type":"external-html","trial_index":4,"time_elapsed":185765,"internal_node_id":"0.0-4.0"},{"rt":40591,"response":{"q1":"The goal is to help the student to get the most points","q2":"False","q3":"Possible paths you, as the teacher, can choose to teach the learner.","q4":"Paths that the student took before."},"question_order":[0,1,2,3],"trial_type":"survey-multi-choice","trial_index":5,"time_elapsed":226372,"internal_node_id":"0.0-5.0"},{"rt":3920,"stimulus":"<p>You can take a 60 second break before starting the experiment.</p><br><br><p>This page will advance in 60 seconds or you can press any key to advance now.</p>","response":" ","trial_type":"html-keyboard-response","trial_index":6,"time_elapsed":230302,"internal_node_id":"0.0-7.0"},{"view_history":[{"page_index":0,"viewing_time":15845}],"rt":15847,"trial_type":"instructions","trial_index":7,"time_elapsed":246151,"internal_node_id":"0.0-8.0"},{"rt":7564,"url":"../static/nodeGraphs_normal.html","edge":"2to4","edgeRT":"6378","skip":"false","flipped":"FALSE","index":"0","edgeClickLog":"[{\"edgeSelection\":\"2to4\",\"edgeRTMS\":6378}]","trial_id":"incong_0","congruency":"I","trial_group":"1to5","condition":"normal","inference_edge":[],"inference_edgeClickLog":[],"task":"experiment","subjectId":"1crqe6d1q9uoj7c","trial_type":"external-html","trial_index":8,"time_elapsed":253908,"internal_node_id":"0.0-9.0-0.0"},{"rt":8716,"url":"../static/nodeGraphs_normal.html","edge":"2to4","edgeRT":"6564","skip":"false","flipped":"FALSE","index":"1","edgeClickLog":"[{\"edgeSelection\":\"2to4\",\"edgeRTMS\":6564}]","trial_id":"incong_5","congruency":"I","trial_group":"1to5","condition":"normal","inference_edge":[],"inference_edgeClickLog":[],"task":"experiment","subjectId":"1crqe6d1q9uoj7c","trial_type":"external-html","trial_index":9,"time_elapsed":263308,"internal_node_id":"0.0-9.0-0.1"},{"rt":4931,"url":"../static/nodeGraphs_normal.html","edge":"2to6","edgeRT":"3888","skip":"false","flipped":"FALSE","index":"2","edgeClickLog":"[{\"edgeSelection\":\"2to6\",\"edgeRTMS\":3888}]","trial_id":"incong_3","congruency":"I","trial_group":"1to5","condition":"normal","inference_edge":[],"inference_edgeClickLog":[],"task":"experiment","subjectId":"1crqe6d1q9uoj7c","trial_type":"external-html","trial_index":10,"time_elapsed":268955,"internal_node_id":"0.0-9.0-0.2"},{"rt":8749,"url":"../static/nodeGraphs_normal.html","edge":"2to6","edgeRT":"7246","skip":"false","flipped":"FALSE","index":"3","edgeClickLog":"[{\"edgeSelection\":\"2to4\",\"edgeRTMS\":4353},{\"edgeSelection\":\"2to6\",\"edgeRTMS\":7246}]","trial_id":"incong_10","congruency":"I","trial_group":"1to5","condition":"normal","inference_edge":[],"inference_edgeClickLog":[],"task":"experiment","subjectId":"1crqe6d1q9uoj7c","trial_type":"external-html","trial_index":11,"time_elapsed":278391,"internal_node_id":"0.0-9.0-0.3"},{"rt":5492,"url":"../static/nodeGraphs_normal.html","edge":"2to4","edgeRT":"5038","skip":"false","flipped":"FALSE","index":"4","edgeClickLog":"[{\"edgeSelection\":\"2to4\",\"edgeRTMS\":5038}]","trial_id":"incong_2","congruency":"I","trial_group":"1to5","condition":"normal","inference_edge":[],"inference_edgeClickLog":[],"task":"experiment","subjectId":"1crqe6d1q9uoj7c","trial_type":"external-html","trial_index":12,"time_elapsed":284570,"internal_node_id":"0.0-9.0-0.4"},{"rt":3292,"url":"../static/nodeGraphs_normal.html","edge":"2to6","edgeRT":"2986","skip":"false","flipped":"TRUE","index":"5","edgeClickLog":"[{\"edgeSelection\":\"2to6\",\"edgeRTMS\":2986}]","trial_id":"incong_0_flipped","congruency":"I","trial_group":"5to10","condition":"normal","inference_edge":[],"inference_edgeClickLog":[],"task":"experiment","subjectId":"1crqe6d1q9uoj7c","trial_type":"external-html","trial_index":13,"time_elapsed":288544,"internal_node_id":"0.0-9.0-0.5"},{"rt":3219,"url":"../static/nodeGraphs_normal.html","edge":"2to6","edgeRT":"2965","skip":"false","flipped":"TRUE","index":"6","edgeClickLog":"[{\"edgeSelection\":\"2to6\",\"edgeRTMS\":2965}]","trial_id":"incong_5_flipped","congruency":"I","trial_group":"5to10","condition":"normal","inference_edge":[],"inference_edgeClickLog":[],"task":"experiment","subjectId":"1crqe6d1q9uoj7c","trial_type":"external-html","trial_index":14,"time_elapsed":292442,"internal_node_id":"0.0-9.0-0.6"},{"rt":2714,"url":"../static/nodeGraphs_normal.html","edge":"2to4","edgeRT":"2633","skip":"false","flipped":"TRUE","index":"7","edgeClickLog":"[{\"edgeSelection\":\"2to4\",\"edgeRTMS\":2633}]","trial_id":"incong_3_flipped","congruency":"I","trial_group":"5to10","condition":"normal","inference_edge":[],"inference_edgeClickLog":[],"task":"experiment","subjectId":"1crqe6d1q9uoj7c","trial_type":"external-html","trial_index":15,"time_elapsed":295858,"internal_node_id":"0.0-9.0-0.7"},{"rt":3862,"url":"../static/nodeGraphs_normal.html","edge":"6to8","edgeRT":"3699","skip":"false","flipped":"TRUE","index":"8","edgeClickLog":"[{\"edgeSelection\":\"6to8\",\"edgeRTMS\":3699}]","trial_id":"incong_10_flipped","congruency":"I","trial_group":"5to10","condition":"normal","inference_edge":[],"inference_edgeClickLog":[],"task":"experiment","subjectId":"1crqe6d1q9uoj7c","trial_type":"external-html","trial_index":16,"time_elapsed":300410,"internal_node_id":"0.0-9.0-0.8"},{"rt":2835,"url":"../static/nodeGraphs_normal.html","edge":"6to8","edgeRT":"2925","skip":"false","flipped":"TRUE","index":"9","edgeClickLog":"[{\"edgeSelection\":\"6to8\",\"edgeRTMS\":2925}]","trial_id":"incong_2_flipped","congruency":"I","trial_group":"5to10","condition":"normal","inference_edge":[],"inference_edgeClickLog":[],"task":"experiment","subjectId":"1crqe6d1q9uoj7c","trial_type":"external-html","trial_index":17,"time_elapsed":303954,"internal_node_id":"0.0-9.0-0.9"},{"rt":4391,"url":"../static/nodeGraphs_normal.html","edge":"4to8","edgeRT":"3557","skip":"false","flipped":"FALSE","index":"10","edgeClickLog":"[{\"edgeSelection\":\"4to8\",\"edgeRTMS\":3557}]","trial_id":"incong_0","congruency":"I","trial_group":"10to15","condition":"normal","inference_edge":[],"inference_edgeClickLog":[],"task":"experiment","subjectId":"1crqe6d1q9uoj7c","trial_type":"external-html","trial_index":18,"time_elapsed":309041,"internal_node_id":"0.0-9.0-0.10"},{"rt":6866,"url":"../static/nodeGraphs_normal.html","edge":"2to4","edgeRT":"6608","skip":"false","flipped":"FALSE","index":"11","edgeClickLog":"[{\"edgeSelection\":\"2to4\",\"edgeRTMS\":6608}]","trial_id":"incong_5","congruency":"I","trial_group":"10to15","condition":"normal","inference_edge":[],"inference_edgeClickLog":[],"task":"experiment","subjectId":"1crqe6d1q9uoj7c","trial_type":"external-html","trial_index":19,"time_elapsed":316612,"internal_node_id":"0.0-9.0-0.11"},{"rt":2943,"url":"../static/nodeGraphs_normal.html","edge":"2to6","edgeRT":"2840","skip":"false","flipped":"FALSE","index":"12","edgeClickLog":"[{\"edgeSelection\":\"2to6\",\"edgeRTMS\":2840}]","trial_id":"incong_3","congruency":"I","trial_group":"10to15","condition":"normal","inference_edge":[],"inference_edgeClickLog":[],"task":"experiment","subjectId":"1crqe6d1q9uoj7c","trial_type":"external-html","trial_index":20,"time_elapsed":320252,"internal_node_id":"0.0-9.0-0.12"},{"rt":3844,"url":"../static/nodeGraphs_normal.html","edge":"4to8","edgeRT":"3904","skip":"false","flipped":"FALSE","index":"13","edgeClickLog":"[{\"edgeSelection\":\"2to4\",\"edgeRTMS\":2262},{\"edgeSelection\":\"4to8\",\"edgeRTMS\":3904}]","trial_id":"incong_10","congruency":"I","trial_group":"10to15","condition":"normal","inference_edge":[],"inference_edgeClickLog":[],"task":"experiment","subjectId":"1crqe6d1q9uoj7c","trial_type":"external-html","trial_index":21,"time_elapsed":324796,"internal_node_id":"0.0-9.0-0.13"},{"rt":4471,"url":"../static/nodeGraphs_normal.html","edge":"4to8","edgeRT":"2709","skip":"false","flipped":"FALSE","index":"14","edgeClickLog":"[{\"edgeSelection\":\"4to8\",\"edgeRTMS\":2709}]","trial_id":"incong_2","congruency":"I","trial_group":"10to15","condition":"normal","inference_edge":[],"inference_edgeClickLog":[],"task":"experiment","subjectId":"1crqe6d1q9uoj7c","trial_type":"external-html","trial_index":22,"time_elapsed":329959,"internal_node_id":"0.0-9.0-0.14"},{"rt":10868,"url":"../static/nodeGraphs_normal.html","edge":"6to8","edgeRT":"5957","skip":"false","flipped":"FALSE","index":"15","edgeClickLog":"[{\"edgeSelection\":\"6to8\",\"edgeRTMS\":5957}]","trial_id":"test_0","congruency":"I","trial_group":"15to20","condition":"normal","inference_edge":[],"inference_edgeClickLog":[],"task":"experiment","subjectId":"1crqe6d1q9uoj7c","trial_type":"external-html","trial_index":23,"time_elapsed":341535,"internal_node_id":"0.0-9.0-0.15"},{"rt":12446,"url":"../static/nodeGraphs_normal.html","edge":"3to6","edgeRT":"11749","skip":"false","flipped":"FALSE","index":"16","edgeClickLog":"[{\"edgeSelection\":\"3to6\",\"edgeRTMS\":11749}]","trial_id":"test_1","congruency":"I","trial_group":"15to20","condition":"normal","inference_edge":[],"inference_edgeClickLog":[],"task":"experiment","subjectId":"1crqe6d1q9uoj7c","trial_type":"external-html","trial_index":24,"time_elapsed":354686,"internal_node_id":"0.0-9.0-0.16"},{"rt":6175,"url":"../static/nodeGraphs_normal.html","edge":"3to6","edgeRT":"3615","skip":"false","flipped":"FALSE","index":"17","edgeClickLog":"[{\"edgeSelection\":\"3to6\",\"edgeRTMS\":3615}]","trial_id":"test_2","congruency":"I","trial_group":"15to20","condition":"normal","inference_edge":[],"inference_edgeClickLog":[],"task":"experiment","subjectId":"1crqe6d1q9uoj7c","trial_type":"external-html","trial_index":25,"time_elapsed":361542,"internal_node_id":"0.0-9.0-0.17"},{"rt":2300,"url":"../static/nodeGraphs_normal.html","edge":"1to5","edgeRT":"2179","skip":"false","flipped":"FALSE","index":"18","edgeClickLog":"[{\"edgeSelection\":\"1to5\",\"edgeRTMS\":2179}]","trial_id":"test_3","congruency":"I","trial_group":"15to20","condition":"normal","inference_edge":[],"inference_edgeClickLog":[],"task":"experiment","subjectId":"1crqe6d1q9uoj7c","trial_type":"external-html","trial_index":26,"time_elapsed":364537,"internal_node_id":"0.0-9.0-0.18"},{"rt":19336,"url":"../static/nodeGraphs_normal.html","edge":"1to5","edgeRT":"17684","skip":"false","flipped":"FALSE","index":"19","edgeClickLog":"[{\"edgeSelection\":\"6to8\",\"edgeRTMS\":3306},{\"edgeSelection\":\"6to8\",\"edgeRTMS\":10936},{\"edgeSelection\":\"5to7\",\"edgeRTMS\":13431},{\"edgeSelection\":\"1to5\",\"edgeRTMS\":16872},{\"edgeSelection\":\"1to5\",\"edgeRTMS\":17684}]","trial_id":"test_4","congruency":"I","trial_group":"15to20","condition":"normal","inference_edge":[],"inference_edgeClickLog":[],"task":"experiment","subjectId":"1crqe6d1q9uoj7c","trial_type":"external-html","trial_index":27,"time_elapsed":384563,"internal_node_id":"0.0-9.0-0.19"},{"rt":24751,"response":{"P0_Q0":null,"P0_Q1":4,"P0_Q2":6,"P0_Q3":6,"P0_Q4":5,"P0_Q5":2,"strategies":"I just tried to choose the path with the most points","feedback":""},"accuracy":[],"trial_type":"survey","trial_index":28,"time_elapsed":410092,"internal_node_id":"0.0-10.0"},{"rt":4199,"stimulus":"<p>Thanks for your time!</p>        <p>We need to manually calculate your bonus pay, please give us up to 7 days.</p><p>Press any key to conclude.</p>","response":" ","task":"end","subjectId":"1crqe6d1q9uoj7c","trial_type":"html-keyboard-response","trial_index":29,"time_elapsed":414300,"internal_node_id":"0.0-11.0","interactions":"[{\"event\":\"fullscreenenter\",\"trial\":1,\"time\":4706}]"}]