[{"success":true,"timeout":false,"failed_images":[],"failed_audio":[],"failed_video":[],"trial_type":"preload","trial_index":0,"time_elapsed":300,"internal_node_id":"0.0-0.0"},{"success":true,"trial_type":"fullscreen","trial_index":1,"time_elapsed":4479,"internal_node_id":"0.0-1.0"},{"rt":11139,"stimulus":"Welcome to the experiment. Press any key to begin.","response":"d","trial_type":"html-keyboard-response","trial_index":2,"time_elapsed":15620,"internal_node_id":"0.0-2.0"},{"view_history":[{"page_index":0,"viewing_time":3239},{"page_index":1,"viewing_time":3481},{"page_index":2,"viewing_time":23640},{"page_index":3,"viewing_time":2705},{"page_index":4,"viewing_time":1318},{"page_index":5,"viewing_time":1200},{"page_index":6,"viewing_time":2546},{"page_index":7,"viewing_time":8940},{"page_index":8,"viewing_time":20071},{"page_index":9,"viewing_time":14252},{"page_index":10,"viewing_time":626},{"page_index":11,"viewing_time":362},{"page_index":12,"viewing_time":329},{"page_index":13,"viewing_time":1256},{"page_index":14,"viewing_time":4005},{"page_index":15,"viewing_time":4309},{"page_index":16,"viewing_time":3360},{"page_index":17,"viewing_time":990},{"page_index":18,"viewing_time":811},{"page_index":19,"viewing_time":3178},{"page_index":20,"viewing_time":6451},{"page_index":21,"viewing_time":5939}],"rt":113008,"trial_type":"instructions","trial_index":3,"time_elapsed":128612,"internal_node_id":"0.0-3.0"},{"rt":123752,"url":"../static/nodeGraphsTraining_distractor.html","skip":[],"edgeClickLog":[],"inference_edge":[],"inference_edgeClickLog":[],"trial_type":"external-html","trial_index":4,"time_elapsed":252553,"internal_node_id":"0.0-4.0"},{"rt":33536,"response":{"q1":"The goal is to help the student to get the most points.","q2":"False","q3":"Possible edges you, as the teacher, can choose to teach the learner.","q4":"Possible edges you, as the teacher, can navigate."},"question_order":[0,1,2,3],"trial_type":"survey-multi-choice","trial_index":5,"time_elapsed":286092,"internal_node_id":"0.0-5.0"},{"rt":40198,"response":{"q1":"The goal is to help the student to get the most points.","q2":"False","q3":"Possible edges you, as the teacher, can choose to teach the learner.","q4":"Edges that the student took before."},"question_order":[0,1,2,3],"trial_type":"survey-multi-choice","trial_index":6,"time_elapsed":326293,"internal_node_id":"0.0-6.0-0.0"},{"rt":7306,"stimulus":"<p>You can take a 60 second break before starting the experiment.</p><br><br><p>This page will advance in 60 seconds or you can press any key to advance now.</p>","response":"k","trial_type":"html-keyboard-response","trial_index":7,"time_elapsed":333602,"internal_node_id":"0.0-7.0"},{"view_history":[{"page_index":0,"viewing_time":26122}],"rt":26123,"trial_type":"instructions","trial_index":8,"time_elapsed":359726,"internal_node_id":"0.0-8.0"},{"rt":21022,"url":"../static/nodeGraphs_distractor.html","edge":"1to4","edgeRT":"6175","skip":"false","flipped":"FALSE","index":"0","edgeClickLog":"[{\"edgeSelection\":\"1to4\",\"edgeRTMS\":6175}]","trial_id":"cong_0","congruency":"C","trial_group":"1to5","condition":"distractor","inference_edge":"1to4,2to4,3to5","inference_edgeClickLog":"[{\"edgeSelection\":\"1to4\",\"edgeRTMS\":4784},{\"edgeSelection\":\"2to4\",\"edgeRTMS\":5547},{\"edgeSelection\":\"3to5\",\"edgeRTMS\":9328}]","inference_edgeRT":"9328","inference_edge_last":"3to5","task":"experiment","subjectId":"ezttblbmj1pd0hk","trial_type":"external-html","trial_index":9,"time_elapsed":380929,"internal_node_id":"0.0-9.0-0.0"},{"rt":17872,"url":"../static/nodeGraphs_distractor.html","edge":"2to6","edgeRT":"4532","skip":"false","flipped":"FALSE","index":"1","edgeClickLog":"[{\"edgeSelection\":\"2to6\",\"edgeRTMS\":4532}]","trial_id":"cong_1","congruency":"C","trial_group":"1to5","condition":"distractor","inference_edge":"2to6,2to4,4to7","inference_edgeClickLog":"[{\"edgeSelection\":\"2to6\",\"edgeRTMS\":4623},{\"edgeSelection\":\"2to4\",\"edgeRTMS\":6630},{\"edgeSelection\":\"4to7\",\"edgeRTMS\":11870}]","inference_edgeRT":"11870","inference_edge_last":"4to7","task":"experiment","subjectId":"ezttblbmj1pd0hk","trial_type":"external-html","trial_index":10,"time_elapsed":399477,"internal_node_id":"0.0-9.0-0.1"},{"rt":17184,"url":"../static/nodeGraphs_distractor.html","edge":"2to5","edgeRT":"3309","skip":"false","flipped":"FALSE","index":"2","edgeClickLog":"[{\"edgeSelection\":\"2to5\",\"edgeRTMS\":3309}]","trial_id":"cong_6","congruency":"C","trial_group":"1to5","condition":"distractor","inference_edge":"1to5,1to4,5to9","inference_edgeClickLog":"[{\"edgeSelection\":\"1to5\",\"edgeRTMS\":2877},{\"edgeSelection\":\"1to4\",\"edgeRTMS\":3733},{\"edgeSelection\":\"4to7\",\"edgeRTMS\":4451},{\"edgeSelection\":\"4to7\",\"edgeRTMS\":6371},{\"edgeSelection\":\"5to9\",\"edgeRTMS\":7715}]","inference_edgeRT":"7715","inference_edge_last":"5to9","task":"experiment","subjectId":"ezttblbmj1pd0hk","trial_type":"external-html","trial_index":11,"time_elapsed":417345,"internal_node_id":"0.0-9.0-0.2"},{"rt":15563,"url":"../static/nodeGraphs_distractor.html","edge":"2to4","edgeRT":"2590","skip":"false","flipped":"FALSE","index":"3","edgeClickLog":"[{\"edgeSelection\":\"2to4\",\"edgeRTMS\":2590}]","trial_id":"cong_4","congruency":"C","trial_group":"1to5","condition":"distractor","inference_edge":"2to4,4to8,2to6","inference_edgeClickLog":"[{\"edgeSelection\":\"2to4\",\"edgeRTMS\":3744},{\"edgeSelection\":\"4to8\",\"edgeRTMS\":6639},{\"edgeSelection\":\"2to6\",\"edgeRTMS\":11728}]","inference_edgeRT":"11728","inference_edge_last":"2to6","task":"experiment","subjectId":"ezttblbmj1pd0hk","trial_type":"external-html","trial_index":12,"time_elapsed":433587,"internal_node_id":"0.0-9.0-0.3"},{"rt":9111,"url":"../static/nodeGraphs_distractor.html","edge":"2to5","edgeRT":"1592","skip":"false","flipped":"FALSE","index":"4","edgeClickLog":"[{\"edgeSelection\":\"2to5\",\"edgeRTMS\":1592}]","trial_id":"cong_9","congruency":"C","trial_group":"1to5","condition":"distractor","inference_edge":"2to5,5to8,5to9","inference_edgeClickLog":"[{\"edgeSelection\":\"2to5\",\"edgeRTMS\":3133},{\"edgeSelection\":\"5to8\",\"edgeRTMS\":3925},{\"edgeSelection\":\"5to9\",\"edgeRTMS\":4617}]","inference_edgeRT":"4617","inference_edge_last":"5to9","task":"experiment","subjectId":"ezttblbmj1pd0hk","trial_type":"external-html","trial_index":13,"time_elapsed":443383,"internal_node_id":"0.0-9.0-0.4"},{"rt":18433,"url":"../static/nodeGraphs_distractor.html","edge":"3to6","edgeRT":"1849","skip":"false","flipped":"TRUE","index":"5","edgeClickLog":"[{\"edgeSelection\":\"3to6\",\"edgeRTMS\":1849}]","trial_id":"cong_0_flipped","congruency":"C","trial_group":"5to10","condition":"distractor","inference_edge":"3to6,2to6,2to5","inference_edgeClickLog":"[{\"edgeSelection\":\"3to6\",\"edgeRTMS\":4753},{\"edgeSelection\":\"2to6\",\"edgeRTMS\":6282},{\"edgeSelection\":\"1to5\",\"edgeRTMS\":7315},{\"edgeSelection\":\"1to5\",\"edgeRTMS\":10627},{\"edgeSelection\":\"1to5\",\"edgeRTMS\":10946},{\"edgeSelection\":\"1to5\",\"edgeRTMS\":11892},{\"edgeSelection\":\"2to5\",\"edgeRTMS\":13480}]","inference_edgeRT":"13480","inference_edge_last":"2to5","task":"experiment","subjectId":"ezttblbmj1pd0hk","trial_type":"external-html","trial_index":14,"time_elapsed":462495,"internal_node_id":"0.0-9.0-0.5"},{"rt":10441,"url":"../static/nodeGraphs_distractor.html","edge":"2to4","edgeRT":"1430","skip":"false","flipped":"TRUE","index":"6","edgeClickLog":"[{\"edgeSelection\":\"2to4\",\"edgeRTMS\":1430}]","trial_id":"cong_1_flipped","congruency":"C","trial_group":"5to10","condition":"distractor","inference_edge":"2to4,2to6,4to7","inference_edgeClickLog":"[{\"edgeSelection\":\"2to4\",\"edgeRTMS\":3198},{\"edgeSelection\":\"2to6\",\"edgeRTMS\":4600},{\"edgeSelection\":\"4to7\",\"edgeRTMS\":6730}]","inference_edgeRT":"6730","inference_edge_last":"4to7","task":"experiment","subjectId":"ezttblbmj1pd0hk","trial_type":"external-html","trial_index":15,"time_elapsed":473627,"internal_node_id":"0.0-9.0-0.6"},{"rt":12508,"url":"../static/nodeGraphs_distractor.html","edge":"2to5","edgeRT":"3635","skip":"false","flipped":"TRUE","index":"7","edgeClickLog":"[{\"edgeSelection\":\"3to5\",\"edgeRTMS\":1291},{\"edgeSelection\":\"3to5\",\"edgeRTMS\":1443},{\"edgeSelection\":\"2to5\",\"edgeRTMS\":3635}]","trial_id":"cong_6_flipped","congruency":"C","trial_group":"5to10","condition":"distractor","inference_edge":"3to5,2to5,5to9","inference_edgeClickLog":"[{\"edgeSelection\":\"3to5\",\"edgeRTMS\":2843},{\"edgeSelection\":\"2to5\",\"edgeRTMS\":3275},{\"edgeSelection\":\"5to9\",\"edgeRTMS\":5062}]","inference_edgeRT":"5062","inference_edge_last":"5to9","task":"experiment","subjectId":"ezttblbmj1pd0hk","trial_type":"external-html","trial_index":16,"time_elapsed":486810,"internal_node_id":"0.0-9.0-0.7"},{"rt":13441,"url":"../static/nodeGraphs_distractor.html","edge":"2to6","edgeRT":"2012","skip":"false","flipped":"TRUE","index":"8","edgeClickLog":"[{\"edgeSelection\":\"2to6\",\"edgeRTMS\":2012}]","trial_id":"cong_4_flipped","congruency":"C","trial_group":"5to10","condition":"distractor","inference_edge":"2to6,6to8,6to9","inference_edgeClickLog":"[{\"edgeSelection\":\"2to6\",\"edgeRTMS\":3681},{\"edgeSelection\":\"6to8\",\"edgeRTMS\":6382},{\"edgeSelection\":\"3to6\",\"edgeRTMS\":7269},{\"edgeSelection\":\"3to6\",\"edgeRTMS\":9263},{\"edgeSelection\":\"6to9\",\"edgeRTMS\":10106}]","inference_edgeRT":"10106","inference_edge_last":"6to9","task":"experiment","subjectId":"ezttblbmj1pd0hk","trial_type":"external-html","trial_index":17,"time_elapsed":500943,"internal_node_id":"0.0-9.0-0.8"},{"rt":9595,"url":"../static/nodeGraphs_distractor.html","edge":"2to5","edgeRT":"1362","skip":"false","flipped":"TRUE","index":"9","edgeClickLog":"[{\"edgeSelection\":\"2to5\",\"edgeRTMS\":1362}]","trial_id":"cong_9_flipped","congruency":"C","trial_group":"5to10","condition":"distractor","inference_edge":"2to5,1to5,5to7","inference_edgeClickLog":"[{\"edgeSelection\":\"2to5\",\"edgeRTMS\":2600},{\"edgeSelection\":\"1to5\",\"edgeRTMS\":4762},{\"edgeSelection\":\"5to7\",\"edgeRTMS\":6172}]","inference_edgeRT":"6172","inference_edge_last":"5to7","task":"experiment","subjectId":"ezttblbmj1pd0hk","trial_type":"external-html","trial_index":18,"time_elapsed":511213,"internal_node_id":"0.0-9.0-0.9"},{"rt":9677,"url":"../static/nodeGraphs_distractor.html","edge":"1to4","edgeRT":"2839","skip":"false","flipped":"FALSE","index":"10","edgeClickLog":"[{\"edgeSelection\":\"1to4\",\"edgeRTMS\":2839}]","trial_id":"cong_0","congruency":"C","trial_group":"10to15","condition":"distractor","inference_edge":"1to4,2to4,4to7","inference_edgeClickLog":"[{\"edgeSelection\":\"1to4\",\"edgeRTMS\":2772},{\"edgeSelection\":\"2to4\",\"edgeRTMS\":3401},{\"edgeSelection\":\"4to7\",\"edgeRTMS\":4662}]","inference_edgeRT":"4662","inference_edge_last":"4to7","task":"experiment","subjectId":"ezttblbmj1pd0hk","trial_type":"external-html","trial_index":19,"time_elapsed":521579,"internal_node_id":"0.0-9.0-0.10"},{"rt":13748,"url":"../static/nodeGraphs_distractor.html","edge":"2to6","edgeRT":"2224","skip":"false","flipped":"FALSE","index":"11","edgeClickLog":"[{\"edgeSelection\":\"2to6\",\"edgeRTMS\":2224}]","trial_id":"cong_1","congruency":"C","trial_group":"10to15","condition":"distractor","inference_edge":"2to6,2to4,6to9","inference_edgeClickLog":"[{\"edgeSelection\":\"2to6\",\"edgeRTMS\":3221},{\"edgeSelection\":\"2to4\",\"edgeRTMS\":6746},{\"edgeSelection\":\"3to6\",\"edgeRTMS\":7796},{\"edgeSelection\":\"3to6\",\"edgeRTMS\":9777},{\"edgeSelection\":\"6to9\",\"edgeRTMS\":10346}]","inference_edgeRT":"10346","inference_edge_last":"6to9","task":"experiment","subjectId":"ezttblbmj1pd0hk","trial_type":"external-html","trial_index":20,"time_elapsed":536012,"internal_node_id":"0.0-9.0-0.11"},{"rt":8949,"url":"../static/nodeGraphs_distractor.html","edge":"2to5","edgeRT":"1199","skip":"false","flipped":"FALSE","index":"12","edgeClickLog":"[{\"edgeSelection\":\"2to5\",\"edgeRTMS\":1199}]","trial_id":"cong_6","congruency":"C","trial_group":"10to15","condition":"distractor","inference_edge":"2to5,5to7,5to9","inference_edgeClickLog":"[{\"edgeSelection\":\"2to5\",\"edgeRTMS\":2168},{\"edgeSelection\":\"5to7\",\"edgeRTMS\":4203},{\"edgeSelection\":\"5to9\",\"edgeRTMS\":5543}]","inference_edgeRT":"5543","inference_edge_last":"5to9","task":"experiment","subjectId":"ezttblbmj1pd0hk","trial_type":"external-html","trial_index":21,"time_elapsed":545645,"internal_node_id":"0.0-9.0-0.12"},{"rt":8718,"url":"../static/nodeGraphs_distractor.html","edge":"2to4","edgeRT":"873","skip":"false","flipped":"FALSE","index":"13","edgeClickLog":"[{\"edgeSelection\":\"2to4\",\"edgeRTMS\":873}]","trial_id":"cong_4","congruency":"C","trial_group":"10to15","condition":"distractor","inference_edge":"2to4,4to8,4to7","inference_edgeClickLog":"[{\"edgeSelection\":\"2to4\",\"edgeRTMS\":3910},{\"edgeSelection\":\"4to8\",\"edgeRTMS\":5868},{\"edgeSelection\":\"4to7\",\"edgeRTMS\":6996}]","inference_edgeRT":"6996","inference_edge_last":"4to7","task":"experiment","subjectId":"ezttblbmj1pd0hk","trial_type":"external-html","trial_index":22,"time_elapsed":555044,"internal_node_id":"0.0-9.0-0.13"},{"rt":5142,"url":"../static/nodeGraphs_distractor.html","edge":"2to5","edgeRT":"948","skip":"false","flipped":"FALSE","index":"14","edgeClickLog":"[{\"edgeSelection\":\"2to5\",\"edgeRTMS\":948}]","trial_id":"cong_9","congruency":"C","trial_group":"10to15","condition":"distractor","inference_edge":"2to5,3to5,5to8","inference_edgeClickLog":"[{\"edgeSelection\":\"2to5\",\"edgeRTMS\":1945},{\"edgeSelection\":\"3to5\",\"edgeRTMS\":2611},{\"edgeSelection\":\"5to8\",\"edgeRTMS\":3395}]","inference_edgeRT":"3395","inference_edge_last":"5to8","task":"experiment","subjectId":"ezttblbmj1pd0hk","trial_type":"external-html","trial_index":23,"time_elapsed":560879,"internal_node_id":"0.0-9.0-0.14"},{"rt":36073,"url":"../static/nodeGraphs_distractor.html","edge":"5to8","edgeRT":"22211","skip":"false","flipped":"FALSE","index":"15","edgeClickLog":"[{\"edgeSelection\":\"5to8\",\"edgeRTMS\":22211}]","trial_id":"test_0","congruency":"I","trial_group":"15to20","condition":"distractor","inference_edge":"2to5,3to5,5to8","inference_edgeClickLog":"[{\"edgeSelection\":\"2to5\",\"edgeRTMS\":1945},{\"edgeSelection\":\"3to5\",\"edgeRTMS\":2611},{\"edgeSelection\":\"5to8\",\"edgeRTMS\":3395}]","inference_edgeRT":"3395","inference_edge_last":"","task":"experiment","subjectId":"ezttblbmj1pd0hk","trial_type":"external-html","trial_index":24,"time_elapsed":597644,"internal_node_id":"0.0-9.0-0.15"},{"rt":8187,"url":"../static/nodeGraphs_distractor.html","edge":"4to7","edgeRT":"5567","skip":"false","flipped":"FALSE","index":"16","edgeClickLog":"[{\"edgeSelection\":\"4to7\",\"edgeRTMS\":5567}]","trial_id":"test_1","congruency":"I","trial_group":"15to20","condition":"distractor","inference_edge":"2to5,3to5,5to8","inference_edgeClickLog":"[{\"edgeSelection\":\"2to5\",\"edgeRTMS\":1945},{\"edgeSelection\":\"3to5\",\"edgeRTMS\":2611},{\"edgeSelection\":\"5to8\",\"edgeRTMS\":3395}]","inference_edgeRT":"3395","inference_edge_last":"","task":"experiment","subjectId":"ezttblbmj1pd0hk","trial_type":"external-html","trial_index":25,"time_elapsed":606513,"internal_node_id":"0.0-9.0-0.16"},{"rt":8264,"url":"../static/nodeGraphs_distractor.html","edge":"6to8","edgeRT":"6239","skip":"false","flipped":"FALSE","index":"17","edgeClickLog":"[{\"edgeSelection\":\"6to8\",\"edgeRTMS\":6239}]","trial_id":"test_2","congruency":"I","trial_group":"15to20","condition":"distractor","inference_edge":"2to5,3to5,5to8","inference_edgeClickLog":"[{\"edgeSelection\":\"2to5\",\"edgeRTMS\":1945},{\"edgeSelection\":\"3to5\",\"edgeRTMS\":2611},{\"edgeSelection\":\"5to8\",\"edgeRTMS\":3395}]","inference_edgeRT":"3395","inference_edge_last":"","task":"experiment","subjectId":"ezttblbmj1pd0hk","trial_type":"external-html","trial_index":26,"time_elapsed":615464,"internal_node_id":"0.0-9.0-0.17"},{"rt":7698,"url":"../static/nodeGraphs_distractor.html","edge":"5to9","edgeRT":"5118","skip":"false","flipped":"FALSE","index":"18","edgeClickLog":"[{\"edgeSelection\":\"5to9\",\"edgeRTMS\":5118}]","trial_id":"test_3","congruency":"I","trial_group":"15to20","condition":"distractor","inference_edge":"2to5,3to5,5to8","inference_edgeClickLog":"[{\"edgeSelection\":\"2to5\",\"edgeRTMS\":1945},{\"edgeSelection\":\"3to5\",\"edgeRTMS\":2611},{\"edgeSelection\":\"5to8\",\"edgeRTMS\":3395}]","inference_edgeRT":"3395","inference_edge_last":"","task":"experiment","subjectId":"ezttblbmj1pd0hk","trial_type":"external-html","trial_index":27,"time_elapsed":623850,"internal_node_id":"0.0-9.0-0.18"},{"rt":10584,"url":"../static/nodeGraphs_distractor.html","edge":"4to7","edgeRT":"10534","skip":"false","flipped":"FALSE","index":"19","edgeClickLog":"[{\"edgeSelection\":\"4to7\",\"edgeRTMS\":10534}]","trial_id":"test_4","congruency":"I","trial_group":"15to20","condition":"distractor","inference_edge":"2to5,3to5,5to8","inference_edgeClickLog":"[{\"edgeSelection\":\"2to5\",\"edgeRTMS\":1945},{\"edgeSelection\":\"3to5\",\"edgeRTMS\":2611},{\"edgeSelection\":\"5to8\",\"edgeRTMS\":3395}]","inference_edgeRT":"3395","inference_edge_last":"","task":"experiment","subjectId":"ezttblbmj1pd0hk","trial_type":"external-html","trial_index":28,"time_elapsed":635114,"internal_node_id":"0.0-9.0-0.19"},{"rt":26783,"response":{"P0_Q0":null,"P0_Q1":3,"P0_Q2":6,"P0_Q3":6,"P0_Q4":3,"P0_Q5":2,"strategies":"Highest total between two nodes","feedback":""},"accuracy":[],"trial_type":"survey","trial_index":29,"time_elapsed":662439,"internal_node_id":"0.0-10.0"},{"rt":5215,"stimulus":"<p>Thanks for your time!</p>        <p>We need to manually calculate your bonus pay, please give us up to 7 days.</p><p>Press any key to conclude.</p>","response":"d","task":"end","subjectId":"ezttblbmj1pd0hk","trial_type":"html-keyboard-response","trial_index":30,"time_elapsed":667656,"internal_node_id":"0.0-11.0","interactions":"[{\"event\":\"fullscreenenter\",\"trial\":1,\"time\":3482},{\"event\":\"fullscreenexit\",\"trial\":2,\"time\":12746}]"}]