[{"success":true,"timeout":false,"failed_images":[],"failed_audio":[],"failed_video":[],"trial_type":"preload","trial_index":0,"time_elapsed":860,"internal_node_id":"0.0-0.0"},{"success":true,"trial_type":"fullscreen","trial_index":1,"time_elapsed":4886,"internal_node_id":"0.0-1.0"},{"rt":3056,"stimulus":"Welcome to the experiment. Press any key to begin.","response":"j","trial_type":"html-keyboard-response","trial_index":2,"time_elapsed":7943,"internal_node_id":"0.0-2.0"},{"view_history":[{"page_index":0,"viewing_time":5665},{"page_index":1,"viewing_time":7248},{"page_index":2,"viewing_time":32768},{"page_index":3,"viewing_time":11385},{"page_index":4,"viewing_time":3792},{"page_index":5,"viewing_time":1728},{"page_index":4,"viewing_time":712},{"page_index":3,"viewing_time":1904},{"page_index":4,"viewing_time":1081},{"page_index":5,"viewing_time":784},{"page_index":6,"viewing_time":4240},{"page_index":7,"viewing_time":16432},{"page_index":8,"viewing_time":17760},{"page_index":9,"viewing_time":34903},{"page_index":10,"viewing_time":3152},{"page_index":11,"viewing_time":729},{"page_index":12,"viewing_time":919},{"page_index":13,"viewing_time":1696},{"page_index":14,"viewing_time":3608},{"page_index":15,"viewing_time":7744},{"page_index":16,"viewing_time":9551},{"page_index":17,"viewing_time":609},{"page_index":18,"viewing_time":536},{"page_index":19,"viewing_time":5696},{"page_index":20,"viewing_time":5656},{"page_index":21,"viewing_time":12088}],"rt":192384,"trial_type":"instructions","trial_index":3,"time_elapsed":200327,"internal_node_id":"0.0-3.0"},{"rt":184742,"url":"../static/nodeGraphsTraining_scaffolding.html","skip":[],"edgeClickLog":[],"inference_edge":[],"inference_edgeClickLog":[],"trial_type":"external-html","trial_index":4,"time_elapsed":385241,"internal_node_id":"0.0-4.0"},{"rt":38330,"response":{"q1":"The goal is to help the student to get the most points.","q2":"False","q3":"Possible edges you, as the teacher, can choose to teach the learner.","q4":"Edges that the student took before."},"question_order":[0,1,2,3],"trial_type":"survey-multi-choice","trial_index":5,"time_elapsed":423575,"internal_node_id":"0.0-5.0"},{"rt":55589,"stimulus":"<p>You can take a 60 second break before starting the experiment.</p><br><br><p>This page will advance in 60 seconds or you can press any key to advance now.</p>","response":"j","trial_type":"html-keyboard-response","trial_index":6,"time_elapsed":479167,"internal_node_id":"0.0-7.0"},{"view_history":[{"page_index":0,"viewing_time":14916}],"rt":14917,"trial_type":"instructions","trial_index":7,"time_elapsed":494086,"internal_node_id":"0.0-8.0"},{"rt":62703,"url":"../static/nodeGraphs_scaffolding.html","edge":"5to8","edgeRT":"29826","skip":"false","flipped":"FALSE","index":"0","edgeClickLog":"[{\"edgeSelection\":\"1to4\",\"edgeRTMS\":8984},{\"edgeSelection\":\"1to4\",\"edgeRTMS\":12721},{\"edgeSelection\":\"4to8\",\"edgeRTMS\":15982},{\"edgeSelection\":\"1to4\",\"edgeRTMS\":17812},{\"edgeSelection\":\"5to8\",\"edgeRTMS\":29826}]","trial_id":"cong_0","congruency":"C","trial_group":"1to5","condition":"scaffolding","inference_edge":"1to4,4to7,4to8","inference_edgeClickLog":"[{\"edgeSelection\":\"1to4\",\"edgeRTMS\":12816},{\"edgeSelection\":\"4to7\",\"edgeRTMS\":13855},{\"edgeSelection\":\"4to8\",\"edgeRTMS\":28023}]","inference_edgeRT":"28023","inference_edge_last":"4to8","task":"experiment","subjectId":"h5b7xs0rs423354","trial_type":"external-html","trial_index":8,"time_elapsed":556872,"internal_node_id":"0.0-9.0-0.0"},{"rt":45906,"url":"../static/nodeGraphs_scaffolding.html","edge":"5to7","edgeRT":"14353","skip":"false","flipped":"FALSE","index":"1","edgeClickLog":"[{\"edgeSelection\":\"5to7\",\"edgeRTMS\":9289},{\"edgeSelection\":\"5to7\",\"edgeRTMS\":11680},{\"edgeSelection\":\"5to7\",\"edgeRTMS\":14353}]","trial_id":"cong_1","congruency":"C","trial_group":"1to5","condition":"scaffolding","inference_edge":"2to6,6to9,2to4","inference_edgeClickLog":"[{\"edgeSelection\":\"2to6\",\"edgeRTMS\":10201},{\"edgeSelection\":\"6to9\",\"edgeRTMS\":13064},{\"edgeSelection\":\"2to4\",\"edgeRTMS\":30127}]","inference_edgeRT":"30127","inference_edge_last":"2to4","task":"experiment","subjectId":"h5b7xs0rs423354","trial_type":"external-html","trial_index":9,"time_elapsed":603358,"internal_node_id":"0.0-9.0-0.1"},{"rt":66120,"url":"../static/nodeGraphs_scaffolding.html","edge":"4to7","edgeRT":"36586","skip":"false","flipped":"FALSE","index":"2","edgeClickLog":"[{\"edgeSelection\":\"4to7\",\"edgeRTMS\":36586}]","trial_id":"cong_6","congruency":"C","trial_group":"1to5","condition":"scaffolding","inference_edge":"2to5,5to7,1to5","inference_edgeClickLog":"[{\"edgeSelection\":\"2to5\",\"edgeRTMS\":6328},{\"edgeSelection\":\"5to7\",\"edgeRTMS\":27049},{\"edgeSelection\":\"1to5\",\"edgeRTMS\":27875}]","inference_edgeRT":"27875","inference_edge_last":"1to5","task":"experiment","subjectId":"h5b7xs0rs423354","trial_type":"external-html","trial_index":10,"time_elapsed":670087,"internal_node_id":"0.0-9.0-0.2"},{"rt":38796,"url":"../static/nodeGraphs_scaffolding.html","edge":"5to8","edgeRT":"7113","skip":"false","flipped":"FALSE","index":"3","edgeClickLog":"[{\"edgeSelection\":\"5to8\",\"edgeRTMS\":7113}]","trial_id":"cong_4","congruency":"C","trial_group":"1to5","condition":"scaffolding","inference_edge":"2to4,4to8,0to1","inference_edgeClickLog":"[{\"edgeSelection\":\"2to4\",\"edgeRTMS\":15002},{\"edgeSelection\":\"4to8\",\"edgeRTMS\":16217},{\"edgeSelection\":\"0to1\",\"edgeRTMS\":29854}]","inference_edgeRT":"29854","inference_edge_last":"0to1","task":"experiment","subjectId":"h5b7xs0rs423354","trial_type":"external-html","trial_index":11,"time_elapsed":709485,"internal_node_id":"0.0-9.0-0.3"},{"rt":26848,"url":"../static/nodeGraphs_scaffolding.html","edge":"2to5","edgeRT":"13913","skip":"false","flipped":"FALSE","index":"4","edgeClickLog":"[{\"edgeSelection\":\"2to5\",\"edgeRTMS\":13913}]","trial_id":"cong_9","congruency":"C","trial_group":"1to5","condition":"scaffolding","inference_edge":"2to5,5to9,5to8","inference_edgeClickLog":"[{\"edgeSelection\":\"2to5\",\"edgeRTMS\":5586},{\"edgeSelection\":\"5to9\",\"edgeRTMS\":9953},{\"edgeSelection\":\"5to8\",\"edgeRTMS\":11185}]","inference_edgeRT":"11185","inference_edge_last":"5to8","task":"experiment","subjectId":"h5b7xs0rs423354","trial_type":"external-html","trial_index":12,"time_elapsed":736925,"internal_node_id":"0.0-9.0-0.4"},{"rt":57476,"url":"../static/nodeGraphs_scaffolding.html","edge":"5to8","edgeRT":"8322","skip":"false","flipped":"TRUE","index":"5","edgeClickLog":"[{\"edgeSelection\":\"5to8\",\"edgeRTMS\":8322}]","trial_id":"cong_0_flipped","congruency":"C","trial_group":"5to10","condition":"scaffolding","inference_edge":"5to8,5to9,3to6","inference_edgeClickLog":"[{\"edgeSelection\":\"3to6\",\"edgeRTMS\":8026},{\"edgeSelection\":\"5to8\",\"edgeRTMS\":30712},{\"edgeSelection\":\"6to8\",\"edgeRTMS\":34902},{\"edgeSelection\":\"5to9\",\"edgeRTMS\":36426},{\"edgeSelection\":\"6to8\",\"edgeRTMS\":37552},{\"edgeSelection\":\"3to6\",\"edgeRTMS\":38777}]","inference_edgeRT":"38777","inference_edge_last":"3to6","task":"experiment","subjectId":"h5b7xs0rs423354","trial_type":"external-html","trial_index":13,"time_elapsed":795062,"internal_node_id":"0.0-9.0-0.5"},{"rt":59230,"url":"../static/nodeGraphs_scaffolding.html","edge":"2to4","edgeRT":"15474","skip":"false","flipped":"TRUE","index":"6","edgeClickLog":"[{\"edgeSelection\":\"2to4\",\"edgeRTMS\":15474}]","trial_id":"cong_1_flipped","congruency":"C","trial_group":"5to10","condition":"scaffolding","inference_edge":"2to4,2to6,4to7","inference_edgeClickLog":"[{\"edgeSelection\":\"2to4\",\"edgeRTMS\":7665},{\"edgeSelection\":\"2to6\",\"edgeRTMS\":36440},{\"edgeSelection\":\"4to7\",\"edgeRTMS\":41183}]","inference_edgeRT":"41183","inference_edge_last":"4to7","task":"experiment","subjectId":"h5b7xs0rs423354","trial_type":"external-html","trial_index":14,"time_elapsed":854926,"internal_node_id":"0.0-9.0-0.6"},{"rt":30564,"url":"../static/nodeGraphs_scaffolding.html","edge":"6to9","edgeRT":"5938","skip":"false","flipped":"TRUE","index":"7","edgeClickLog":"[{\"edgeSelection\":\"6to9\",\"edgeRTMS\":5938}]","trial_id":"cong_6_flipped","congruency":"C","trial_group":"5to10","condition":"scaffolding","inference_edge":"2to5,5to7,5to9","inference_edgeClickLog":"[{\"edgeSelection\":\"2to5\",\"edgeRTMS\":15184},{\"edgeSelection\":\"5to7\",\"edgeRTMS\":17089},{\"edgeSelection\":\"5to9\",\"edgeRTMS\":22040}]","inference_edgeRT":"22040","inference_edge_last":"5to9","task":"experiment","subjectId":"h5b7xs0rs423354","trial_type":"external-html","trial_index":15,"time_elapsed":886148,"internal_node_id":"0.0-9.0-0.7"},{"rt":32452,"url":"../static/nodeGraphs_scaffolding.html","edge":"5to8","edgeRT":"5026","skip":"false","flipped":"TRUE","index":"8","edgeClickLog":"[{\"edgeSelection\":\"5to8\",\"edgeRTMS\":5026}]","trial_id":"cong_4_flipped","congruency":"C","trial_group":"5to10","condition":"scaffolding","inference_edge":"2to6,6to8,5to8","inference_edgeClickLog":"[{\"edgeSelection\":\"2to6\",\"edgeRTMS\":6896},{\"edgeSelection\":\"6to8\",\"edgeRTMS\":8080},{\"edgeSelection\":\"5to8\",\"edgeRTMS\":26001}]","inference_edgeRT":"26001","inference_edge_last":"5to8","task":"experiment","subjectId":"h5b7xs0rs423354","trial_type":"external-html","trial_index":16,"time_elapsed":919220,"internal_node_id":"0.0-9.0-0.8"},{"rt":35979,"url":"../static/nodeGraphs_scaffolding.html","edge":"2to5","edgeRT":"15780","skip":"false","flipped":"TRUE","index":"9","edgeClickLog":"[{\"edgeSelection\":\"4to8\",\"edgeRTMS\":9289},{\"edgeSelection\":\"4to8\",\"edgeRTMS\":10532},{\"edgeSelection\":\"2to5\",\"edgeRTMS\":15780}]","trial_id":"cong_9_flipped","congruency":"C","trial_group":"5to10","condition":"scaffolding","inference_edge":"1to5,5to8,0to1","inference_edgeClickLog":"[{\"edgeSelection\":\"1to5\",\"edgeRTMS\":7192},{\"edgeSelection\":\"5to8\",\"edgeRTMS\":8760},{\"edgeSelection\":\"0to1\",\"edgeRTMS\":6826}]","inference_edgeRT":"6826","inference_edge_last":"0to1","task":"experiment","subjectId":"h5b7xs0rs423354","trial_type":"external-html","trial_index":17,"time_elapsed":955804,"internal_node_id":"0.0-9.0-0.9"},{"rt":24876,"url":"../static/nodeGraphs_scaffolding.html","edge":"5to8","edgeRT":"3481","skip":"false","flipped":"FALSE","index":"10","edgeClickLog":"[{\"edgeSelection\":\"5to8\",\"edgeRTMS\":3481}]","trial_id":"cong_0","congruency":"C","trial_group":"10to15","condition":"scaffolding","inference_edge":"0to2,2to4,4to7","inference_edgeClickLog":"[{\"edgeSelection\":\"1to4\",\"edgeRTMS\":4856},{\"edgeSelection\":\"1to4\",\"edgeRTMS\":13569},{\"edgeSelection\":\"0to2\",\"edgeRTMS\":14913},{\"edgeSelection\":\"2to4\",\"edgeRTMS\":16227},{\"edgeSelection\":\"4to7\",\"edgeRTMS\":20160}]","inference_edgeRT":"20160","inference_edge_last":"4to7","task":"experiment","subjectId":"h5b7xs0rs423354","trial_type":"external-html","trial_index":18,"time_elapsed":981283,"internal_node_id":"0.0-9.0-0.10"},{"rt":23697,"url":"../static/nodeGraphs_scaffolding.html","edge":"5to7","edgeRT":"4562","skip":"false","flipped":"FALSE","index":"11","edgeClickLog":"[{\"edgeSelection\":\"5to7\",\"edgeRTMS\":4562}]","trial_id":"cong_1","congruency":"C","trial_group":"10to15","condition":"scaffolding","inference_edge":"2to6,6to9,2to4","inference_edgeClickLog":"[{\"edgeSelection\":\"2to6\",\"edgeRTMS\":10011},{\"edgeSelection\":\"6to9\",\"edgeRTMS\":11513},{\"edgeSelection\":\"2to4\",\"edgeRTMS\":15236}]","inference_edgeRT":"15236","inference_edge_last":"2to4","task":"experiment","subjectId":"h5b7xs0rs423354","trial_type":"external-html","trial_index":19,"time_elapsed":1005570,"internal_node_id":"0.0-9.0-0.11"},{"rt":20446,"url":"../static/nodeGraphs_scaffolding.html","edge":"4to7","edgeRT":"7841","skip":"false","flipped":"FALSE","index":"12","edgeClickLog":"[{\"edgeSelection\":\"4to7\",\"edgeRTMS\":7841}]","trial_id":"cong_6","congruency":"C","trial_group":"10to15","condition":"scaffolding","inference_edge":"2to5,5to9,5to7","inference_edgeClickLog":"[{\"edgeSelection\":\"2to5\",\"edgeRTMS\":6761},{\"edgeSelection\":\"5to9\",\"edgeRTMS\":8361},{\"edgeSelection\":\"5to7\",\"edgeRTMS\":11322}]","inference_edgeRT":"11322","inference_edge_last":"5to7","task":"experiment","subjectId":"h5b7xs0rs423354","trial_type":"external-html","trial_index":20,"time_elapsed":1026603,"internal_node_id":"0.0-9.0-0.12"},{"rt":27405,"url":"../static/nodeGraphs_scaffolding.html","edge":"5to8","edgeRT":"7017","skip":"false","flipped":"FALSE","index":"13","edgeClickLog":"[{\"edgeSelection\":\"5to8\",\"edgeRTMS\":7017}]","trial_id":"cong_4","congruency":"C","trial_group":"10to15","condition":"scaffolding","inference_edge":"5to8,2to4,4to8","inference_edgeClickLog":"[{\"edgeSelection\":\"5to8\",\"edgeRTMS\":11950},{\"edgeSelection\":\"2to4\",\"edgeRTMS\":14733},{\"edgeSelection\":\"4to8\",\"edgeRTMS\":18117}]","inference_edgeRT":"18117","inference_edge_last":"4to8","task":"experiment","subjectId":"h5b7xs0rs423354","trial_type":"external-html","trial_index":21,"time_elapsed":1054604,"internal_node_id":"0.0-9.0-0.13"},{"rt":48931,"url":"../static/nodeGraphs_scaffolding.html","edge":"2to5","edgeRT":"31881","skip":"false","flipped":"FALSE","index":"14","edgeClickLog":"[{\"edgeSelection\":\"2to5\",\"edgeRTMS\":29817},{\"edgeSelection\":\"2to5\",\"edgeRTMS\":31881}]","trial_id":"cong_9","congruency":"C","trial_group":"10to15","condition":"scaffolding","inference_edge":"2to5,5to8,5to9","inference_edgeClickLog":"[{\"edgeSelection\":\"2to5\",\"edgeRTMS\":10089},{\"edgeSelection\":\"5to8\",\"edgeRTMS\":12455},{\"edgeSelection\":\"5to9\",\"edgeRTMS\":13689}]","inference_edgeRT":"13689","inference_edge_last":"5to9","task":"experiment","subjectId":"h5b7xs0rs423354","trial_type":"external-html","trial_index":22,"time_elapsed":1104124,"internal_node_id":"0.0-9.0-0.14"},{"rt":39748,"url":"../static/nodeGraphs_scaffolding.html","edge":"5to8","edgeRT":"22457","skip":"false","flipped":"FALSE","index":"15","edgeClickLog":"[{\"edgeSelection\":\"5to8\",\"edgeRTMS\":10424},{\"edgeSelection\":\"5to8\",\"edgeRTMS\":22457}]","trial_id":"test_0","congruency":"I","trial_group":"15to20","condition":"scaffolding","inference_edge":"2to5,5to8,5to9","inference_edgeClickLog":"[{\"edgeSelection\":\"2to5\",\"edgeRTMS\":10089},{\"edgeSelection\":\"5to8\",\"edgeRTMS\":12455},{\"edgeSelection\":\"5to9\",\"edgeRTMS\":13689}]","inference_edgeRT":"13689","inference_edge_last":"","task":"experiment","subjectId":"h5b7xs0rs423354","trial_type":"external-html","trial_index":23,"time_elapsed":1144461,"internal_node_id":"0.0-9.0-0.15"},{"rt":13131,"url":"../static/nodeGraphs_scaffolding.html","edge":"4to7","edgeRT":"11929","skip":"false","flipped":"FALSE","index":"16","edgeClickLog":"[{\"edgeSelection\":\"4to7\",\"edgeRTMS\":11929}]","trial_id":"test_1","congruency":"I","trial_group":"15to20","condition":"scaffolding","inference_edge":"2to5,5to8,5to9","inference_edgeClickLog":"[{\"edgeSelection\":\"2to5\",\"edgeRTMS\":10089},{\"edgeSelection\":\"5to8\",\"edgeRTMS\":12455},{\"edgeSelection\":\"5to9\",\"edgeRTMS\":13689}]","inference_edgeRT":"13689","inference_edge_last":"","task":"experiment","subjectId":"h5b7xs0rs423354","trial_type":"external-html","trial_index":24,"time_elapsed":1158202,"internal_node_id":"0.0-9.0-0.16"},{"rt":11522,"url":"../static/nodeGraphs_scaffolding.html","edge":"6to8","edgeRT":"10018","skip":"false","flipped":"FALSE","index":"17","edgeClickLog":"[{\"edgeSelection\":\"6to8\",\"edgeRTMS\":10018}]","trial_id":"test_2","congruency":"I","trial_group":"15to20","condition":"scaffolding","inference_edge":"2to5,5to8,5to9","inference_edgeClickLog":"[{\"edgeSelection\":\"2to5\",\"edgeRTMS\":10089},{\"edgeSelection\":\"5to8\",\"edgeRTMS\":12455},{\"edgeSelection\":\"5to9\",\"edgeRTMS\":13689}]","inference_edgeRT":"13689","inference_edge_last":"","task":"experiment","subjectId":"h5b7xs0rs423354","trial_type":"external-html","trial_index":25,"time_elapsed":1170315,"internal_node_id":"0.0-9.0-0.17"},{"rt":9286,"url":"../static/nodeGraphs_scaffolding.html","edge":"5to7","edgeRT":"8881","skip":"false","flipped":"FALSE","index":"18","edgeClickLog":"[{\"edgeSelection\":\"5to7\",\"edgeRTMS\":8881}]","trial_id":"test_3","congruency":"I","trial_group":"15to20","condition":"scaffolding","inference_edge":"2to5,5to8,5to9","inference_edgeClickLog":"[{\"edgeSelection\":\"2to5\",\"edgeRTMS\":10089},{\"edgeSelection\":\"5to8\",\"edgeRTMS\":12455},{\"edgeSelection\":\"5to9\",\"edgeRTMS\":13689}]","inference_edgeRT":"13689","inference_edge_last":"","task":"experiment","subjectId":"h5b7xs0rs423354","trial_type":"external-html","trial_index":26,"time_elapsed":1180202,"internal_node_id":"0.0-9.0-0.18"},{"rt":34743,"url":"../static/nodeGraphs_scaffolding.html","edge":"1to5","edgeRT":"40306","skip":"false","flipped":"FALSE","index":"19","edgeClickLog":"[{\"edgeSelection\":\"1to5\",\"edgeRTMS\":40306}]","trial_id":"test_4","congruency":"I","trial_group":"15to20","condition":"scaffolding","inference_edge":"2to5,5to8,5to9","inference_edgeClickLog":"[{\"edgeSelection\":\"2to5\",\"edgeRTMS\":10089},{\"edgeSelection\":\"5to8\",\"edgeRTMS\":12455},{\"edgeSelection\":\"5to9\",\"edgeRTMS\":13689}]","inference_edgeRT":"13689","inference_edge_last":"","task":"experiment","subjectId":"h5b7xs0rs423354","trial_type":"external-html","trial_index":27,"time_elapsed":1222076,"internal_node_id":"0.0-9.0-0.19"},{"rt":69979,"response":{"P0_Q0":null,"P0_Q1":5,"P0_Q2":7,"P0_Q3":5,"P0_Q4":5,"P0_Q5":3,"strategies":"Most points, or best information to possibly give most points, if they have more information that i am unaware of.","feedback":"Interesting!"},"accuracy":[],"trial_type":"survey","trial_index":28,"time_elapsed":1292681,"internal_node_id":"0.0-10.0"},{"rt":34382,"stimulus":"<p>Thanks for your time!</p>        <p>We need to manually calculate your bonus pay, please give us up to 7 days.</p><p>Press any key to conclude.</p>","response":"j","task":"end","subjectId":"h5b7xs0rs423354","trial_type":"html-keyboard-response","trial_index":29,"time_elapsed":1327066,"internal_node_id":"0.0-11.0","interactions":"[{\"event\":\"fullscreenenter\",\"trial\":1,\"time\":3903},{\"event\":\"blur\",\"trial\":17,\"time\":934718},{\"event\":\"focus\",\"trial\":17,\"time\":934719},{\"event\":\"fullscreenexit\",\"trial\":17,\"time\":934728},{\"event\":\"blur\",\"trial\":29,\"time\":1298409},{\"event\":\"focus\",\"trial\":29,\"time\":1300911},{\"event\":\"blur\",\"trial\":29,\"time\":1302920},{\"event\":\"focus\",\"trial\":29,\"time\":1323640}]"}]