[{"success":true,"timeout":false,"failed_images":[],"failed_audio":[],"failed_video":[],"trial_type":"preload","trial_index":0,"time_elapsed":6269,"internal_node_id":"0.0-0.0"},{"success":true,"trial_type":"fullscreen","trial_index":1,"time_elapsed":18151,"internal_node_id":"0.0-1.0"},{"rt":3230,"stimulus":"Welcome to the experiment. Press any key to begin.","response":" ","trial_type":"html-keyboard-response","trial_index":2,"time_elapsed":21383,"internal_node_id":"0.0-2.0"},{"view_history":[{"page_index":0,"viewing_time":5133},{"page_index":1,"viewing_time":20200},{"page_index":2,"viewing_time":11232},{"page_index":3,"viewing_time":4016},{"page_index":4,"viewing_time":2552},{"page_index":5,"viewing_time":1792},{"page_index":6,"viewing_time":4905},{"page_index":7,"viewing_time":11951},{"page_index":8,"viewing_time":11192},{"page_index":9,"viewing_time":11928},{"page_index":10,"viewing_time":3008},{"page_index":11,"viewing_time":1272},{"page_index":12,"viewing_time":648},{"page_index":13,"viewing_time":1856},{"page_index":14,"viewing_time":9912},{"page_index":15,"viewing_time":9880},{"page_index":16,"viewing_time":4672},{"page_index":17,"viewing_time":2096},{"page_index":18,"viewing_time":488},{"page_index":19,"viewing_time":400},{"page_index":20,"viewing_time":9168},{"page_index":21,"viewing_time":10360}],"rt":138662,"trial_type":"instructions","trial_index":3,"time_elapsed":160045,"internal_node_id":"0.0-3.0"},{"rt":76230,"url":"../static/nodeGraphsTraining_normal.html","skip":[],"edgeClickLog":[],"inference_edge":[],"inference_edgeClickLog":[],"trial_type":"external-html","trial_index":4,"time_elapsed":237006,"internal_node_id":"0.0-4.0"},{"rt":31829,"response":{"q1":"The goal is to help the student to get the most points","q2":"True","q3":"Possible paths you, as the teacher, can navigate.","q4":"Possible paths you, as the teacher, can choose to teach the learner."},"question_order":[0,1,2,3],"trial_type":"survey-multi-choice","trial_index":5,"time_elapsed":268839,"internal_node_id":"0.0-5.0"},{"rt":353125,"response":{"q1":"The goal is to help the student to get the most points","q2":"False","q3":"Possible paths you, as the teacher, can choose to teach the learner.","q4":"Paths that the student took before."},"question_order":[0,1,2,3],"trial_type":"survey-multi-choice","trial_index":6,"time_elapsed":621967,"internal_node_id":"0.0-6.0-0.0"},{"rt":8214,"stimulus":"<p>You can take a 60 second break before starting the experiment.</p><br><br><p>This page will advance in 60 seconds or you can press any key to advance now.</p>","response":" ","trial_type":"html-keyboard-response","trial_index":7,"time_elapsed":630183,"internal_node_id":"0.0-7.0"},{"view_history":[{"page_index":0,"viewing_time":430830}],"rt":430830,"trial_type":"instructions","trial_index":8,"time_elapsed":1061014,"internal_node_id":"0.0-8.0"},{"rt":10556,"url":"../static/nodeGraphs_normal.html","edge":"0to1","edgeRT":"8449","skip":"false","flipped":"FALSE","index":"0","edgeClickLog":"[{\"edgeSelection\":\"0to1\",\"edgeRTMS\":5422},{\"edgeSelection\":\"2to4\",\"edgeRTMS\":7146},{\"edgeSelection\":\"0to1\",\"edgeRTMS\":8449}]","trial_id":"cong_0","congruency":"C","trial_group":"1to5","condition":"normal","inference_edge":[],"inference_edgeClickLog":[],"task":"experiment","subjectId":"8pvfecq5c8mryqb","trial_type":"external-html","trial_index":9,"time_elapsed":1072527,"internal_node_id":"0.0-9.0-0.0"},{"rt":6010,"url":"../static/nodeGraphs_normal.html","edge":"1to5","edgeRT":"5378","skip":"false","flipped":"FALSE","index":"1","edgeClickLog":"[{\"edgeSelection\":\"1to5\",\"edgeRTMS\":5378}]","trial_id":"cong_1","congruency":"C","trial_group":"1to5","condition":"normal","inference_edge":[],"inference_edgeClickLog":[],"task":"experiment","subjectId":"8pvfecq5c8mryqb","trial_type":"external-html","trial_index":10,"time_elapsed":1079367,"internal_node_id":"0.0-9.0-0.1"},{"rt":6313,"url":"../static/nodeGraphs_normal.html","edge":"5to9","edgeRT":"5942","skip":"false","flipped":"FALSE","index":"2","edgeClickLog":"[{\"edgeSelection\":\"5to8\",\"edgeRTMS\":3489},{\"edgeSelection\":\"5to9\",\"edgeRTMS\":5942}]","trial_id":"cong_6","congruency":"C","trial_group":"1to5","condition":"normal","inference_edge":[],"inference_edgeClickLog":[],"task":"experiment","subjectId":"8pvfecq5c8mryqb","trial_type":"external-html","trial_index":11,"time_elapsed":1086542,"internal_node_id":"0.0-9.0-0.2"},{"rt":5264,"url":"../static/nodeGraphs_normal.html","edge":"0to2","edgeRT":"4961","skip":"false","flipped":"FALSE","index":"3","edgeClickLog":"[{\"edgeSelection\":\"0to2\",\"edgeRTMS\":4961}]","trial_id":"cong_4","congruency":"C","trial_group":"1to5","condition":"normal","inference_edge":[],"inference_edgeClickLog":[],"task":"experiment","subjectId":"8pvfecq5c8mryqb","trial_type":"external-html","trial_index":12,"time_elapsed":1092606,"internal_node_id":"0.0-9.0-0.3"},{"rt":4170,"url":"../static/nodeGraphs_normal.html","edge":"2to5","edgeRT":"3610","skip":"false","flipped":"FALSE","index":"4","edgeClickLog":"[{\"edgeSelection\":\"2to5\",\"edgeRTMS\":3610}]","trial_id":"cong_9","congruency":"C","trial_group":"1to5","condition":"normal","inference_edge":[],"inference_edgeClickLog":[],"task":"experiment","subjectId":"8pvfecq5c8mryqb","trial_type":"external-html","trial_index":13,"time_elapsed":1097606,"internal_node_id":"0.0-9.0-0.4"},{"rt":6938,"url":"../static/nodeGraphs_normal.html","edge":"5to9","edgeRT":"6771","skip":"false","flipped":"TRUE","index":"5","edgeClickLog":"[{\"edgeSelection\":\"5to9\",\"edgeRTMS\":6771}]","trial_id":"cong_0_flipped","congruency":"C","trial_group":"5to10","condition":"normal","inference_edge":[],"inference_edgeClickLog":[],"task":"experiment","subjectId":"8pvfecq5c8mryqb","trial_type":"external-html","trial_index":14,"time_elapsed":1105350,"internal_node_id":"0.0-9.0-0.5"},{"rt":9557,"url":"../static/nodeGraphs_normal.html","edge":"0to2","edgeRT":"9313","skip":"false","flipped":"TRUE","index":"6","edgeClickLog":"[{\"edgeSelection\":\"0to2\",\"edgeRTMS\":3985},{\"edgeSelection\":\"0to2\",\"edgeRTMS\":9313}]","trial_id":"cong_1_flipped","congruency":"C","trial_group":"5to10","condition":"normal","inference_edge":[],"inference_edgeClickLog":[],"task":"experiment","subjectId":"8pvfecq5c8mryqb","trial_type":"external-html","trial_index":15,"time_elapsed":1115782,"internal_node_id":"0.0-9.0-0.6"},{"rt":8417,"url":"../static/nodeGraphs_normal.html","edge":"2to5","edgeRT":"20772","skip":"false","flipped":"TRUE","index":"7","edgeClickLog":"[{\"edgeSelection\":\"2to5\",\"edgeRTMS\":20772}]","trial_id":"cong_6_flipped","congruency":"C","trial_group":"5to10","condition":"normal","inference_edge":[],"inference_edgeClickLog":[],"task":"experiment","subjectId":"8pvfecq5c8mryqb","trial_type":"external-html","trial_index":16,"time_elapsed":1137919,"internal_node_id":"0.0-9.0-0.7"},{"rt":3830,"url":"../static/nodeGraphs_normal.html","edge":"5to8","edgeRT":"4706","skip":"false","flipped":"TRUE","index":"8","edgeClickLog":"[{\"edgeSelection\":\"5to8\",\"edgeRTMS\":4706}]","trial_id":"cong_4_flipped","congruency":"C","trial_group":"5to10","condition":"normal","inference_edge":[],"inference_edgeClickLog":[],"task":"experiment","subjectId":"8pvfecq5c8mryqb","trial_type":"external-html","trial_index":17,"time_elapsed":1143639,"internal_node_id":"0.0-9.0-0.8"},{"rt":3587,"url":"../static/nodeGraphs_normal.html","edge":"0to2","edgeRT":"3874","skip":"false","flipped":"TRUE","index":"9","edgeClickLog":"[{\"edgeSelection\":\"0to2\",\"edgeRTMS\":3874}]","trial_id":"cong_9_flipped","congruency":"C","trial_group":"5to10","condition":"normal","inference_edge":[],"inference_edgeClickLog":[],"task":"experiment","subjectId":"8pvfecq5c8mryqb","trial_type":"external-html","trial_index":18,"time_elapsed":1148535,"internal_node_id":"0.0-9.0-0.9"},{"rt":4263,"url":"../static/nodeGraphs_normal.html","edge":"2to4","edgeRT":"4250","skip":"false","flipped":"FALSE","index":"10","edgeClickLog":"[{\"edgeSelection\":\"2to4\",\"edgeRTMS\":4250}]","trial_id":"cong_0","congruency":"C","trial_group":"10to15","condition":"normal","inference_edge":[],"inference_edgeClickLog":[],"task":"experiment","subjectId":"8pvfecq5c8mryqb","trial_type":"external-html","trial_index":19,"time_elapsed":1153726,"internal_node_id":"0.0-9.0-0.10"},{"rt":4298,"url":"../static/nodeGraphs_normal.html","edge":"4to7","edgeRT":"4587","skip":"false","flipped":"FALSE","index":"11","edgeClickLog":"[{\"edgeSelection\":\"4to7\",\"edgeRTMS\":4587}]","trial_id":"cong_1","congruency":"C","trial_group":"10to15","condition":"normal","inference_edge":[],"inference_edgeClickLog":[],"task":"experiment","subjectId":"8pvfecq5c8mryqb","trial_type":"external-html","trial_index":20,"time_elapsed":1159263,"internal_node_id":"0.0-9.0-0.11"},{"rt":5680,"url":"../static/nodeGraphs_normal.html","edge":"2to5","edgeRT":"5882","skip":"false","flipped":"FALSE","index":"12","edgeClickLog":"[{\"edgeSelection\":\"2to5\",\"edgeRTMS\":5882}]","trial_id":"cong_6","congruency":"C","trial_group":"10to15","condition":"normal","inference_edge":[],"inference_edgeClickLog":[],"task":"experiment","subjectId":"8pvfecq5c8mryqb","trial_type":"external-html","trial_index":21,"time_elapsed":1166199,"internal_node_id":"0.0-9.0-0.12"},{"rt":4231,"url":"../static/nodeGraphs_normal.html","edge":"5to8","edgeRT":"4738","skip":"false","flipped":"FALSE","index":"13","edgeClickLog":"[{\"edgeSelection\":\"5to8\",\"edgeRTMS\":4738}]","trial_id":"cong_4","congruency":"C","trial_group":"10to15","condition":"normal","inference_edge":[],"inference_edgeClickLog":[],"task":"experiment","subjectId":"8pvfecq5c8mryqb","trial_type":"external-html","trial_index":22,"time_elapsed":1171846,"internal_node_id":"0.0-9.0-0.13"},{"rt":11185,"url":"../static/nodeGraphs_normal.html","edge":"0to2","edgeRT":"11293","skip":"false","flipped":"FALSE","index":"14","edgeClickLog":"[{\"edgeSelection\":\"0to2\",\"edgeRTMS\":8529},{\"edgeSelection\":\"2to6\",\"edgeRTMS\":9615},{\"edgeSelection\":\"0to2\",\"edgeRTMS\":11293}]","trial_id":"cong_9","congruency":"C","trial_group":"10to15","condition":"normal","inference_edge":[],"inference_edgeClickLog":[],"task":"experiment","subjectId":"8pvfecq5c8mryqb","trial_type":"external-html","trial_index":23,"time_elapsed":1184095,"internal_node_id":"0.0-9.0-0.14"},{"rt":11668,"url":"../static/nodeGraphs_normal.html","edge":"0to3","edgeRT":"3409","skip":"false","flipped":"FALSE","index":"15","edgeClickLog":"[{\"edgeSelection\":\"0to3\",\"edgeRTMS\":3409}]","trial_id":"test_0","congruency":"I","trial_group":"15to20","condition":"normal","inference_edge":[],"inference_edgeClickLog":[],"task":"experiment","subjectId":"8pvfecq5c8mryqb","trial_type":"external-html","trial_index":24,"time_elapsed":1197343,"internal_node_id":"0.0-9.0-0.15"},{"rt":4350,"url":"../static/nodeGraphs_normal.html","edge":"3to6","edgeRT":"4641","skip":"false","flipped":"FALSE","index":"16","edgeClickLog":"[{\"edgeSelection\":\"3to6\",\"edgeRTMS\":4641}]","trial_id":"test_1","congruency":"I","trial_group":"15to20","condition":"normal","inference_edge":[],"inference_edgeClickLog":[],"task":"experiment","subjectId":"8pvfecq5c8mryqb","trial_type":"external-html","trial_index":25,"time_elapsed":1203854,"internal_node_id":"0.0-9.0-0.16"},{"rt":6524,"url":"../static/nodeGraphs_normal.html","edge":"2to6","edgeRT":"7515","skip":"false","flipped":"FALSE","index":"17","edgeClickLog":"[{\"edgeSelection\":\"2to6\",\"edgeRTMS\":7515}]","trial_id":"test_2","congruency":"I","trial_group":"15to20","condition":"normal","inference_edge":[],"inference_edgeClickLog":[],"task":"experiment","subjectId":"8pvfecq5c8mryqb","trial_type":"external-html","trial_index":26,"time_elapsed":1212247,"internal_node_id":"0.0-9.0-0.17"},{"rt":3789,"url":"../static/nodeGraphs_normal.html","edge":"0to1","edgeRT":"4034","skip":"false","flipped":"FALSE","index":"18","edgeClickLog":"[{\"edgeSelection\":\"0to1\",\"edgeRTMS\":4034}]","trial_id":"test_3","congruency":"I","trial_group":"15to20","condition":"normal","inference_edge":[],"inference_edgeClickLog":[],"task":"experiment","subjectId":"8pvfecq5c8mryqb","trial_type":"external-html","trial_index":27,"time_elapsed":1217206,"internal_node_id":"0.0-9.0-0.18"},{"rt":4126,"url":"../static/nodeGraphs_normal.html","edge":"2to6","edgeRT":"3411","skip":"false","flipped":"FALSE","index":"19","edgeClickLog":"[{\"edgeSelection\":\"2to6\",\"edgeRTMS\":3411}]","trial_id":"test_4","congruency":"I","trial_group":"15to20","condition":"normal","inference_edge":[],"inference_edgeClickLog":[],"task":"experiment","subjectId":"8pvfecq5c8mryqb","trial_type":"external-html","trial_index":28,"time_elapsed":1222558,"internal_node_id":"0.0-9.0-0.19"},{"rt":62812,"response":{"P0_Q0":null,"P0_Q1":4,"P0_Q2":7,"P0_Q3":7,"P0_Q4":4,"P0_Q5":1,"strategies":"the best strategy to maximize profits","feedback":"good study"},"accuracy":[],"trial_type":"survey","trial_index":29,"time_elapsed":1285982,"internal_node_id":"0.0-10.0"},{"rt":4302,"stimulus":"<p>Thanks for your time!</p>        <p>We need to manually calculate your bonus pay, please give us up to 7 days.</p><p>Press any key to conclude.</p>","response":" ","task":"end","subjectId":"8pvfecq5c8mryqb","trial_type":"html-keyboard-response","trial_index":30,"time_elapsed":1290287,"internal_node_id":"0.0-11.0","interactions":"[{\"event\":\"focus\",\"trial\":0,\"time\":1504},{\"event\":\"fullscreenenter\",\"trial\":1,\"time\":17157},{\"event\":\"fullscreenexit\",\"trial\":3,\"time\":36430},{\"event\":\"blur\",\"trial\":3,\"time\":42072},{\"event\":\"focus\",\"trial\":3,\"time\":45780},{\"event\":\"blur\",\"trial\":3,\"time\":52389},{\"event\":\"focus\",\"trial\":3,\"time\":56877},{\"event\":\"blur\",\"trial\":3,\"time\":76125},{\"event\":\"focus\",\"trial\":3,\"time\":81503},{\"event\":\"blur\",\"trial\":3,\"time\":88006},{\"event\":\"focus\",\"trial\":3,\"time\":92574},{\"event\":\"blur\",\"trial\":3,\"time\":100454},{\"event\":\"focus\",\"trial\":3,\"time\":104523},{\"event\":\"blur\",\"trial\":3,\"time\":117454},{\"event\":\"focus\",\"trial\":3,\"time\":121458},{\"event\":\"blur\",\"trial\":3,\"time\":126973},{\"event\":\"focus\",\"trial\":3,\"time\":131509},{\"event\":\"blur\",\"trial\":3,\"time\":144798},{\"event\":\"focus\",\"trial\":3,\"time\":148738},{\"event\":\"blur\",\"trial\":3,\"time\":155060},{\"event\":\"focus\",\"trial\":3,\"time\":159202},{\"event\":\"blur\",\"trial\":4,\"time\":173088},{\"event\":\"focus\",\"trial\":4,\"time\":173088},{\"event\":\"blur\",\"trial\":4,\"time\":176963},{\"event\":\"focus\",\"trial\":4,\"time\":176963},{\"event\":\"blur\",\"trial\":4,\"time\":179113},{\"event\":\"focus\",\"trial\":4,\"time\":179113},{\"event\":\"blur\",\"trial\":4,\"time\":181958},{\"event\":\"focus\",\"trial\":4,\"time\":181958},{\"event\":\"blur\",\"trial\":4,\"time\":186730},{\"event\":\"focus\",\"trial\":4,\"time\":186730},{\"event\":\"blur\",\"trial\":4,\"time\":190629},{\"event\":\"focus\",\"trial\":4,\"time\":190629},{\"event\":\"blur\",\"trial\":4,\"time\":191970},{\"event\":\"focus\",\"trial\":4,\"time\":191970},{\"event\":\"blur\",\"trial\":4,\"time\":193832},{\"event\":\"focus\",\"trial\":4,\"time\":193832},{\"event\":\"blur\",\"trial\":4,\"time\":197393},{\"event\":\"focus\",\"trial\":4,\"time\":197393},{\"event\":\"blur\",\"trial\":4,\"time\":205380},{\"event\":\"focus\",\"trial\":4,\"time\":205380},{\"event\":\"blur\",\"trial\":4,\"time\":211817},{\"event\":\"focus\",\"trial\":4,\"time\":211818},{\"event\":\"blur\",\"trial\":6,\"time\":282300},{\"event\":\"focus\",\"trial\":6,\"time\":303092},{\"event\":\"blur\",\"trial\":6,\"time\":305670},{\"event\":\"focus\",\"trial\":6,\"time\":335733},{\"event\":\"blur\",\"trial\":6,\"time\":342377},{\"event\":\"focus\",\"trial\":6,\"time\":365759},{\"event\":\"blur\",\"trial\":6,\"time\":374654},{\"event\":\"focus\",\"trial\":6,\"time\":385378},{\"event\":\"blur\",\"trial\":6,\"time\":393366},{\"event\":\"focus\",\"trial\":6,\"time\":491766},{\"event\":\"blur\",\"trial\":6,\"time\":496984},{\"event\":\"focus\",\"trial\":6,\"time\":540488},{\"event\":\"blur\",\"trial\":6,\"time\":549454},{\"event\":\"focus\",\"trial\":6,\"time\":618146},{\"event\":\"blur\",\"trial\":8,\"time\":636446},{\"event\":\"focus\",\"trial\":8,\"time\":648459},{\"event\":\"blur\",\"trial\":8,\"time\":671910},{\"event\":\"focus\",\"trial\":8,\"time\":1059464},{\"event\":\"blur\",\"trial\":15,\"time\":1113213},{\"event\":\"focus\",\"trial\":15,\"time\":1113213},{\"event\":\"blur\",\"trial\":16,\"time\":1123471},{\"event\":\"focus\",\"trial\":16,\"time\":1124084},{\"event\":\"blur\",\"trial\":16,\"time\":1129557},{\"event\":\"focus\",\"trial\":16,\"time\":1131375},{\"event\":\"blur\",\"trial\":23,\"time\":1179475},{\"event\":\"focus\",\"trial\":23,\"time\":1179475},{\"event\":\"blur\",\"trial\":29,\"time\":1239192},{\"event\":\"focus\",\"trial\":29,\"time\":1275522}]"}]