[{"success":true,"timeout":false,"failed_images":[],"failed_audio":[],"failed_video":[],"trial_type":"preload","trial_index":0,"time_elapsed":620,"internal_node_id":"0.0-0.0"},{"success":true,"trial_type":"fullscreen","trial_index":1,"time_elapsed":6979,"internal_node_id":"0.0-1.0"},{"rt":2434,"stimulus":"Welcome to the experiment. Press any key to begin.","response":"f","trial_type":"html-keyboard-response","trial_index":2,"time_elapsed":9414,"internal_node_id":"0.0-2.0"},{"view_history":[{"page_index":0,"viewing_time":5077},{"page_index":1,"viewing_time":19919},{"page_index":2,"viewing_time":121956},{"page_index":3,"viewing_time":8711},{"page_index":4,"viewing_time":3709},{"page_index":5,"viewing_time":2169},{"page_index":6,"viewing_time":3388},{"page_index":7,"viewing_time":15610},{"page_index":8,"viewing_time":28441},{"page_index":9,"viewing_time":25640},{"page_index":10,"viewing_time":2465},{"page_index":11,"viewing_time":1752},{"page_index":12,"viewing_time":1470},{"page_index":13,"viewing_time":1909},{"page_index":14,"viewing_time":4577},{"page_index":15,"viewing_time":21006},{"page_index":16,"viewing_time":3805},{"page_index":17,"viewing_time":1249},{"page_index":18,"viewing_time":484},{"page_index":19,"viewing_time":626},{"page_index":20,"viewing_time":20134},{"page_index":21,"viewing_time":10036}],"rt":304137,"trial_type":"instructions","trial_index":3,"time_elapsed":313555,"internal_node_id":"0.0-3.0"},{"rt":88698,"url":"../static/nodeGraphsTraining_normal.html","skip":[],"edgeClickLog":[],"inference_edge":[],"inference_edgeClickLog":[],"trial_type":"external-html","trial_index":4,"time_elapsed":402756,"internal_node_id":"0.0-4.0"},{"rt":58928,"response":{"q1":"The goal is to help the student to get the most points","q2":"False","q3":"Possible paths you, as the teacher, can choose to teach the learner.","q4":"Paths that the student took before."},"question_order":[0,1,2,3],"trial_type":"survey-multi-choice","trial_index":5,"time_elapsed":461694,"internal_node_id":"0.0-5.0"},{"rt":51259,"stimulus":"<p>You can take a 60 second break before starting the experiment.</p><br><br><p>This page will advance in 60 seconds or you can press any key to advance now.</p>","response":"v","trial_type":"html-keyboard-response","trial_index":6,"time_elapsed":512959,"internal_node_id":"0.0-7.0"},{"view_history":[{"page_index":0,"viewing_time":15868}],"rt":15869,"trial_type":"instructions","trial_index":7,"time_elapsed":528829,"internal_node_id":"0.0-8.0"},{"rt":21333,"url":"../static/nodeGraphs_normal.html","edge":"2to4","edgeRT":"11590","skip":"false","flipped":"FALSE","index":"0","edgeClickLog":"[{\"edgeSelection\":\"0to2\",\"edgeRTMS\":7993},{\"edgeSelection\":\"1to5\",\"edgeRTMS\":9740},{\"edgeSelection\":\"2to4\",\"edgeRTMS\":11590}]","trial_id":"cong_0","congruency":"C","trial_group":"1to5","condition":"normal","inference_edge":[],"inference_edgeClickLog":[],"task":"experiment","subjectId":"bupzrdtxnolueld","trial_type":"external-html","trial_index":8,"time_elapsed":550647,"internal_node_id":"0.0-9.0-0.0"},{"rt":16186,"url":"../static/nodeGraphs_normal.html","edge":"2to6","edgeRT":"13215","skip":"false","flipped":"FALSE","index":"1","edgeClickLog":"[{\"edgeSelection\":\"2to4\",\"edgeRTMS\":7558},{\"edgeSelection\":\"2to6\",\"edgeRTMS\":13215}]","trial_id":"cong_1","congruency":"C","trial_group":"1to5","condition":"normal","inference_edge":[],"inference_edgeClickLog":[],"task":"experiment","subjectId":"bupzrdtxnolueld","trial_type":"external-html","trial_index":9,"time_elapsed":567957,"internal_node_id":"0.0-9.0-0.1"},{"rt":22079,"url":"../static/nodeGraphs_normal.html","edge":"1to5","edgeRT":"15322","skip":"false","flipped":"FALSE","index":"2","edgeClickLog":"[{\"edgeSelection\":\"1to5\",\"edgeRTMS\":8825},{\"edgeSelection\":\"5to9\",\"edgeRTMS\":13087},{\"edgeSelection\":\"1to5\",\"edgeRTMS\":15322}]","trial_id":"cong_6","congruency":"C","trial_group":"1to5","condition":"normal","inference_edge":[],"inference_edgeClickLog":[],"task":"experiment","subjectId":"bupzrdtxnolueld","trial_type":"external-html","trial_index":10,"time_elapsed":590915,"internal_node_id":"0.0-9.0-0.2"},{"rt":8183,"url":"../static/nodeGraphs_normal.html","edge":"2to4","edgeRT":"6815","skip":"false","flipped":"FALSE","index":"3","edgeClickLog":"[{\"edgeSelection\":\"2to4\",\"edgeRTMS\":6815}]","trial_id":"cong_4","congruency":"C","trial_group":"1to5","condition":"normal","inference_edge":[],"inference_edgeClickLog":[],"task":"experiment","subjectId":"bupzrdtxnolueld","trial_type":"external-html","trial_index":11,"time_elapsed":599986,"internal_node_id":"0.0-9.0-0.3"},{"rt":7230,"url":"../static/nodeGraphs_normal.html","edge":"2to5","edgeRT":"5634","skip":"false","flipped":"FALSE","index":"4","edgeClickLog":"[{\"edgeSelection\":\"2to5\",\"edgeRTMS\":5634}]","trial_id":"cong_9","congruency":"C","trial_group":"1to5","condition":"normal","inference_edge":[],"inference_edgeClickLog":[],"task":"experiment","subjectId":"bupzrdtxnolueld","trial_type":"external-html","trial_index":12,"time_elapsed":607928,"internal_node_id":"0.0-9.0-0.4"},{"rt":11154,"url":"../static/nodeGraphs_normal.html","edge":"3to6","edgeRT":"9157","skip":"false","flipped":"TRUE","index":"5","edgeClickLog":"[{\"edgeSelection\":\"0to2\",\"edgeRTMS\":7032},{\"edgeSelection\":\"3to6\",\"edgeRTMS\":9157}]","trial_id":"cong_0_flipped","congruency":"C","trial_group":"5to10","condition":"normal","inference_edge":[],"inference_edgeClickLog":[],"task":"experiment","subjectId":"bupzrdtxnolueld","trial_type":"external-html","trial_index":13,"time_elapsed":619956,"internal_node_id":"0.0-9.0-0.5"},{"rt":9497,"url":"../static/nodeGraphs_normal.html","edge":"2to4","edgeRT":"7802","skip":"false","flipped":"TRUE","index":"6","edgeClickLog":"[{\"edgeSelection\":\"2to4\",\"edgeRTMS\":7802}]","trial_id":"cong_1_flipped","congruency":"C","trial_group":"5to10","condition":"normal","inference_edge":[],"inference_edgeClickLog":[],"task":"experiment","subjectId":"bupzrdtxnolueld","trial_type":"external-html","trial_index":14,"time_elapsed":630346,"internal_node_id":"0.0-9.0-0.6"},{"rt":8315,"url":"../static/nodeGraphs_normal.html","edge":"2to5","edgeRT":"7390","skip":"false","flipped":"TRUE","index":"7","edgeClickLog":"[{\"edgeSelection\":\"2to5\",\"edgeRTMS\":7390}]","trial_id":"cong_6_flipped","congruency":"C","trial_group":"5to10","condition":"normal","inference_edge":[],"inference_edgeClickLog":[],"task":"experiment","subjectId":"bupzrdtxnolueld","trial_type":"external-html","trial_index":15,"time_elapsed":639545,"internal_node_id":"0.0-9.0-0.7"},{"rt":9406,"url":"../static/nodeGraphs_normal.html","edge":"2to6","edgeRT":"7019","skip":"false","flipped":"TRUE","index":"8","edgeClickLog":"[{\"edgeSelection\":\"2to6\",\"edgeRTMS\":7019}]","trial_id":"cong_4_flipped","congruency":"C","trial_group":"5to10","condition":"normal","inference_edge":[],"inference_edgeClickLog":[],"task":"experiment","subjectId":"bupzrdtxnolueld","trial_type":"external-html","trial_index":16,"time_elapsed":650043,"internal_node_id":"0.0-9.0-0.8"},{"rt":7179,"url":"../static/nodeGraphs_normal.html","edge":"2to5","edgeRT":"4960","skip":"false","flipped":"TRUE","index":"9","edgeClickLog":"[{\"edgeSelection\":\"2to5\",\"edgeRTMS\":4960}]","trial_id":"cong_9_flipped","congruency":"C","trial_group":"5to10","condition":"normal","inference_edge":[],"inference_edgeClickLog":[],"task":"experiment","subjectId":"bupzrdtxnolueld","trial_type":"external-html","trial_index":17,"time_elapsed":658134,"internal_node_id":"0.0-9.0-0.9"},{"rt":6540,"url":"../static/nodeGraphs_normal.html","edge":"1to4","edgeRT":"4788","skip":"false","flipped":"FALSE","index":"10","edgeClickLog":"[{\"edgeSelection\":\"1to4\",\"edgeRTMS\":4788}]","trial_id":"cong_0","congruency":"C","trial_group":"10to15","condition":"normal","inference_edge":[],"inference_edgeClickLog":[],"task":"experiment","subjectId":"bupzrdtxnolueld","trial_type":"external-html","trial_index":18,"time_elapsed":665577,"internal_node_id":"0.0-9.0-0.10"},{"rt":13098,"url":"../static/nodeGraphs_normal.html","edge":"2to4","edgeRT":"12189","skip":"false","flipped":"FALSE","index":"11","edgeClickLog":"[{\"edgeSelection\":\"2to6\",\"edgeRTMS\":8679},{\"edgeSelection\":\"2to4\",\"edgeRTMS\":12189}]","trial_id":"cong_1","congruency":"C","trial_group":"10to15","condition":"normal","inference_edge":[],"inference_edgeClickLog":[],"task":"experiment","subjectId":"bupzrdtxnolueld","trial_type":"external-html","trial_index":19,"time_elapsed":679582,"internal_node_id":"0.0-9.0-0.11"},{"rt":6418,"url":"../static/nodeGraphs_normal.html","edge":"2to5","edgeRT":"3840","skip":"false","flipped":"FALSE","index":"12","edgeClickLog":"[{\"edgeSelection\":\"2to5\",\"edgeRTMS\":3840}]","trial_id":"cong_6","congruency":"C","trial_group":"10to15","condition":"normal","inference_edge":[],"inference_edgeClickLog":[],"task":"experiment","subjectId":"bupzrdtxnolueld","trial_type":"external-html","trial_index":20,"time_elapsed":686901,"internal_node_id":"0.0-9.0-0.12"},{"rt":8447,"url":"../static/nodeGraphs_normal.html","edge":"2to4","edgeRT":"7700","skip":"false","flipped":"FALSE","index":"13","edgeClickLog":"[{\"edgeSelection\":\"2to4\",\"edgeRTMS\":7700}]","trial_id":"cong_4","congruency":"C","trial_group":"10to15","condition":"normal","inference_edge":[],"inference_edgeClickLog":[],"task":"experiment","subjectId":"bupzrdtxnolueld","trial_type":"external-html","trial_index":21,"time_elapsed":696233,"internal_node_id":"0.0-9.0-0.13"},{"rt":8393,"url":"../static/nodeGraphs_normal.html","edge":"2to5","edgeRT":"3899","skip":"false","flipped":"FALSE","index":"14","edgeClickLog":"[{\"edgeSelection\":\"2to5\",\"edgeRTMS\":3899}]","trial_id":"cong_9","congruency":"C","trial_group":"10to15","condition":"normal","inference_edge":[],"inference_edgeClickLog":[],"task":"experiment","subjectId":"bupzrdtxnolueld","trial_type":"external-html","trial_index":22,"time_elapsed":705515,"internal_node_id":"0.0-9.0-0.14"},{"rt":18600,"url":"../static/nodeGraphs_normal.html","edge":"0to2","edgeRT":"8390","skip":"false","flipped":"FALSE","index":"15","edgeClickLog":"[{\"edgeSelection\":\"0to2\",\"edgeRTMS\":8390}]","trial_id":"test_0","congruency":"I","trial_group":"15to20","condition":"normal","inference_edge":[],"inference_edgeClickLog":[],"task":"experiment","subjectId":"bupzrdtxnolueld","trial_type":"external-html","trial_index":23,"time_elapsed":725017,"internal_node_id":"0.0-9.0-0.15"},{"rt":16076,"url":"../static/nodeGraphs_normal.html","edge":"0to3","edgeRT":"14614","skip":"false","flipped":"FALSE","index":"16","edgeClickLog":"[{\"edgeSelection\":\"0to3\",\"edgeRTMS\":14614}]","trial_id":"test_1","congruency":"I","trial_group":"15to20","condition":"normal","inference_edge":[],"inference_edgeClickLog":[],"task":"experiment","subjectId":"bupzrdtxnolueld","trial_type":"external-html","trial_index":24,"time_elapsed":741979,"internal_node_id":"0.0-9.0-0.16"},{"rt":15910,"url":"../static/nodeGraphs_normal.html","edge":"0to3","edgeRT":"14133","skip":"false","flipped":"FALSE","index":"17","edgeClickLog":"[{\"edgeSelection\":\"0to3\",\"edgeRTMS\":14133}]","trial_id":"test_2","congruency":"I","trial_group":"15to20","condition":"normal","inference_edge":[],"inference_edgeClickLog":[],"task":"experiment","subjectId":"bupzrdtxnolueld","trial_type":"external-html","trial_index":25,"time_elapsed":758763,"internal_node_id":"0.0-9.0-0.17"},{"rt":18281,"url":"../static/nodeGraphs_normal.html","edge":"5to9","edgeRT":"17158","skip":"false","flipped":"FALSE","index":"18","edgeClickLog":"[{\"edgeSelection\":\"0to1\",\"edgeRTMS\":9966},{\"edgeSelection\":\"2to4\",\"edgeRTMS\":12981},{\"edgeSelection\":\"1to5\",\"edgeRTMS\":15129},{\"edgeSelection\":\"5to9\",\"edgeRTMS\":17158}]","trial_id":"test_3","congruency":"I","trial_group":"15to20","condition":"normal","inference_edge":[],"inference_edgeClickLog":[],"task":"experiment","subjectId":"bupzrdtxnolueld","trial_type":"external-html","trial_index":26,"time_elapsed":777920,"internal_node_id":"0.0-9.0-0.18"},{"rt":22496,"url":"../static/nodeGraphs_normal.html","edge":"6to8","edgeRT":"20548","skip":"false","flipped":"FALSE","index":"19","edgeClickLog":"[{\"edgeSelection\":\"6to8\",\"edgeRTMS\":20548}]","trial_id":"test_4","congruency":"I","trial_group":"15to20","condition":"normal","inference_edge":[],"inference_edgeClickLog":[],"task":"experiment","subjectId":"bupzrdtxnolueld","trial_type":"external-html","trial_index":27,"time_elapsed":801304,"internal_node_id":"0.0-9.0-0.19"},{"rt":62710,"response":{"P0_Q0":null,"P0_Q1":1,"P0_Q2":7,"P0_Q3":7,"P0_Q4":6,"P0_Q5":1,"strategies":"I chose to minimize waiting in lines as much as possible.","feedback":""},"accuracy":[],"trial_type":"survey","trial_index":28,"time_elapsed":864672,"internal_node_id":"0.0-10.0"},{"rt":5617,"stimulus":"<p>Thanks for your time!</p>        <p>We need to manually calculate your bonus pay, please give us up to 7 days.</p><p>Press any key to conclude.</p>","response":"v","task":"end","subjectId":"bupzrdtxnolueld","trial_type":"html-keyboard-response","trial_index":29,"time_elapsed":870293,"internal_node_id":"0.0-11.0","interactions":"[{\"event\":\"fullscreenenter\",\"trial\":1,\"time\":6031},{\"event\":\"blur\",\"trial\":4,\"time\":348122},{\"event\":\"focus\",\"trial\":4,\"time\":348122},{\"event\":\"fullscreenexit\",\"trial\":4,\"time\":348150},{\"event\":\"blur\",\"trial\":5,\"time\":419430},{\"event\":\"focus\",\"trial\":5,\"time\":422087},{\"event\":\"blur\",\"trial\":25,\"time\":754815},{\"event\":\"focus\",\"trial\":25,\"time\":754815}]"}]