[{"success":true,"timeout":false,"failed_images":[],"failed_audio":[],"failed_video":[],"trial_type":"preload","trial_index":0,"time_elapsed":237,"internal_node_id":"0.0-0.0"},{"success":true,"trial_type":"fullscreen","trial_index":1,"time_elapsed":2313,"internal_node_id":"0.0-1.0"},{"rt":1730,"stimulus":"Welcome to the experiment. Press any key to begin.","response":"g","trial_type":"html-keyboard-response","trial_index":2,"time_elapsed":4044,"internal_node_id":"0.0-2.0"},{"view_history":[{"page_index":0,"viewing_time":2568},{"page_index":1,"viewing_time":3600},{"page_index":2,"viewing_time":16047},{"page_index":3,"viewing_time":2016},{"page_index":4,"viewing_time":800},{"page_index":5,"viewing_time":896},{"page_index":6,"viewing_time":1672},{"page_index":7,"viewing_time":9216},{"page_index":8,"viewing_time":9128},{"page_index":9,"viewing_time":7359},{"page_index":10,"viewing_time":1320},{"page_index":11,"viewing_time":400},{"page_index":12,"viewing_time":336},{"page_index":13,"viewing_time":936},{"page_index":14,"viewing_time":2552},{"page_index":15,"viewing_time":2015},{"page_index":16,"viewing_time":1712},{"page_index":17,"viewing_time":544},{"page_index":18,"viewing_time":400},{"page_index":19,"viewing_time":2416},{"page_index":20,"viewing_time":4488},{"page_index":21,"viewing_time":3408}],"rt":73832,"trial_type":"instructions","trial_index":3,"time_elapsed":77877,"internal_node_id":"0.0-3.0"},{"rt":150088,"url":"../static/nodeGraphsTraining_scaffolding.html","skip":[],"edgeClickLog":[],"inference_edge":[],"inference_edgeClickLog":[],"trial_type":"external-html","trial_index":4,"time_elapsed":228046,"internal_node_id":"0.0-4.0"},{"rt":30023,"response":{"q1":"The goal is to help the student to get the most points.","q2":"False","q3":"Possible edges you, as the teacher, can choose to teach the learner.","q4":"Edges that the student took before."},"question_order":[0,1,2,3],"trial_type":"survey-multi-choice","trial_index":5,"time_elapsed":258070,"internal_node_id":"0.0-5.0"},{"rt":3524,"stimulus":"<p>You can take a 60 second break before starting the experiment.</p><br><br><p>This page will advance in 60 seconds or you can press any key to advance now.</p>","response":"c","trial_type":"html-keyboard-response","trial_index":6,"time_elapsed":261595,"internal_node_id":"0.0-7.0"},{"view_history":[{"page_index":0,"viewing_time":28153}],"rt":28154,"trial_type":"instructions","trial_index":7,"time_elapsed":289749,"internal_node_id":"0.0-8.0"},{"rt":25776,"url":"../static/nodeGraphs_scaffolding.html","edge":"6to8","edgeRT":"5017","skip":"false","flipped":"FALSE","index":"0","edgeClickLog":"[{\"edgeSelection\":\"6to8\",\"edgeRTMS\":5017}]","trial_id":"incong_0","congruency":"I","trial_group":"1to5","condition":"scaffolding","inference_edge":"6to8,0to2,0to1","inference_edgeClickLog":"[{\"edgeSelection\":\"6to8\",\"edgeRTMS\":6180},{\"edgeSelection\":\"0to2\",\"edgeRTMS\":16692},{\"edgeSelection\":\"0to1\",\"edgeRTMS\":19467}]","inference_edgeRT":"19467","inference_edge_last":"0to1","task":"experiment","subjectId":"ko8e59ts9z53nm1","trial_type":"external-html","trial_index":8,"time_elapsed":315590,"internal_node_id":"0.0-9.0-0.0"},{"rt":41015,"url":"../static/nodeGraphs_scaffolding.html","edge":"5to8","edgeRT":"25065","skip":"false","flipped":"FALSE","index":"1","edgeClickLog":"[{\"edgeSelection\":\"5to8\",\"edgeRTMS\":25065}]","trial_id":"incong_5","congruency":"I","trial_group":"1to5","condition":"scaffolding","inference_edge":"0to2,5to8,2to4","inference_edgeClickLog":"[{\"edgeSelection\":\"0to2\",\"edgeRTMS\":11525},{\"edgeSelection\":\"5to8\",\"edgeRTMS\":14716},{\"edgeSelection\":\"2to4\",\"edgeRTMS\":15324}]","inference_edgeRT":"15324","inference_edge_last":"2to4","task":"experiment","subjectId":"ko8e59ts9z53nm1","trial_type":"external-html","trial_index":9,"time_elapsed":357182,"internal_node_id":"0.0-9.0-0.1"},{"rt":29004,"url":"../static/nodeGraphs_scaffolding.html","edge":"5to7","edgeRT":"13201","skip":"false","flipped":"FALSE","index":"2","edgeClickLog":"[{\"edgeSelection\":\"5to7\",\"edgeRTMS\":13201}]","trial_id":"incong_3","congruency":"I","trial_group":"1to5","condition":"scaffolding","inference_edge":"0to2,5to7,2to6","inference_edgeClickLog":"[{\"edgeSelection\":\"0to2\",\"edgeRTMS\":7964},{\"edgeSelection\":\"5to7\",\"edgeRTMS\":10708},{\"edgeSelection\":\"2to6\",\"edgeRTMS\":15244}]","inference_edgeRT":"15244","inference_edge_last":"2to6","task":"experiment","subjectId":"ko8e59ts9z53nm1","trial_type":"external-html","trial_index":10,"time_elapsed":386765,"internal_node_id":"0.0-9.0-0.2"},{"rt":18463,"url":"../static/nodeGraphs_scaffolding.html","edge":"5to8","edgeRT":"2265","skip":"false","flipped":"FALSE","index":"3","edgeClickLog":"[{\"edgeSelection\":\"5to8\",\"edgeRTMS\":2265}]","trial_id":"incong_10","congruency":"I","trial_group":"1to5","condition":"scaffolding","inference_edge":"0to2,5to8,3to6","inference_edgeClickLog":"[{\"edgeSelection\":\"0to2\",\"edgeRTMS\":9628},{\"edgeSelection\":\"5to8\",\"edgeRTMS\":11876},{\"edgeSelection\":\"3to6\",\"edgeRTMS\":15843}]","inference_edgeRT":"15843","inference_edge_last":"3to6","task":"experiment","subjectId":"ko8e59ts9z53nm1","trial_type":"external-html","trial_index":11,"time_elapsed":405798,"internal_node_id":"0.0-9.0-0.3"},{"rt":44289,"url":"../static/nodeGraphs_scaffolding.html","edge":"2to6","edgeRT":"22417","skip":"false","flipped":"FALSE","index":"4","edgeClickLog":"[{\"edgeSelection\":\"2to6\",\"edgeRTMS\":22417}]","trial_id":"incong_2","congruency":"I","trial_group":"1to5","condition":"scaffolding","inference_edge":"0to2,0to1,3to6","inference_edgeClickLog":"[{\"edgeSelection\":\"0to2\",\"edgeRTMS\":7628},{\"edgeSelection\":\"0to1\",\"edgeRTMS\":14492},{\"edgeSelection\":\"3to6\",\"edgeRTMS\":20901}]","inference_edgeRT":"20901","inference_edge_last":"3to6","task":"experiment","subjectId":"ko8e59ts9z53nm1","trial_type":"external-html","trial_index":12,"time_elapsed":450654,"internal_node_id":"0.0-9.0-0.4"},{"rt":16647,"url":"../static/nodeGraphs_scaffolding.html","edge":"4to8","edgeRT":"8577","skip":"false","flipped":"TRUE","index":"5","edgeClickLog":"[{\"edgeSelection\":\"4to8\",\"edgeRTMS\":8577}]","trial_id":"incong_0_flipped","congruency":"I","trial_group":"5to10","condition":"scaffolding","inference_edge":"0to3,3to6,6to9","inference_edgeClickLog":"[{\"edgeSelection\":\"0to3\",\"edgeRTMS\":6731},{\"edgeSelection\":\"3to6\",\"edgeRTMS\":7236},{\"edgeSelection\":\"6to9\",\"edgeRTMS\":7699}]","inference_edgeRT":"7699","inference_edge_last":"6to9","task":"experiment","subjectId":"ko8e59ts9z53nm1","trial_type":"external-html","trial_index":13,"time_elapsed":467933,"internal_node_id":"0.0-9.0-0.5"},{"rt":19926,"url":"../static/nodeGraphs_scaffolding.html","edge":"5to8","edgeRT":"3913","skip":"false","flipped":"TRUE","index":"6","edgeClickLog":"[{\"edgeSelection\":\"5to8\",\"edgeRTMS\":3913}]","trial_id":"incong_5_flipped","congruency":"I","trial_group":"5to10","condition":"scaffolding","inference_edge":"1to4,5to8,0to2","inference_edgeClickLog":"[{\"edgeSelection\":\"1to4\",\"edgeRTMS\":7275},{\"edgeSelection\":\"5to8\",\"edgeRTMS\":8916},{\"edgeSelection\":\"0to2\",\"edgeRTMS\":15652}]","inference_edgeRT":"15652","inference_edge_last":"0to2","task":"experiment","subjectId":"ko8e59ts9z53nm1","trial_type":"external-html","trial_index":14,"time_elapsed":488510,"internal_node_id":"0.0-9.0-0.6"},{"rt":16905,"url":"../static/nodeGraphs_scaffolding.html","edge":"5to9","edgeRT":"3864","skip":"false","flipped":"TRUE","index":"7","edgeClickLog":"[{\"edgeSelection\":\"5to9\",\"edgeRTMS\":3864}]","trial_id":"incong_3_flipped","congruency":"I","trial_group":"5to10","condition":"scaffolding","inference_edge":"0to2,5to9,2to4","inference_edgeClickLog":"[{\"edgeSelection\":\"0to2\",\"edgeRTMS\":4571},{\"edgeSelection\":\"5to9\",\"edgeRTMS\":10900},{\"edgeSelection\":\"2to4\",\"edgeRTMS\":12779}]","inference_edgeRT":"12779","inference_edge_last":"2to4","task":"experiment","subjectId":"ko8e59ts9z53nm1","trial_type":"external-html","trial_index":15,"time_elapsed":506045,"internal_node_id":"0.0-9.0-0.7"},{"rt":19607,"url":"../static/nodeGraphs_scaffolding.html","edge":"0to2","edgeRT":"6665","skip":"false","flipped":"TRUE","index":"8","edgeClickLog":"[{\"edgeSelection\":\"0to2\",\"edgeRTMS\":6665}]","trial_id":"incong_10_flipped","congruency":"I","trial_group":"5to10","condition":"scaffolding","inference_edge":"0to2,5to8,1to4","inference_edgeClickLog":"[{\"edgeSelection\":\"0to2\",\"edgeRTMS\":4076},{\"edgeSelection\":\"5to8\",\"edgeRTMS\":9060},{\"edgeSelection\":\"2to4\",\"edgeRTMS\":10380},{\"edgeSelection\":\"2to4\",\"edgeRTMS\":11581},{\"edgeSelection\":\"1to4\",\"edgeRTMS\":12284}]","inference_edgeRT":"12284","inference_edge_last":"1to4","task":"experiment","subjectId":"ko8e59ts9z53nm1","trial_type":"external-html","trial_index":16,"time_elapsed":526213,"internal_node_id":"0.0-9.0-0.8"},{"rt":36158,"url":"../static/nodeGraphs_scaffolding.html","edge":"4to8","edgeRT":"17001","skip":"false","flipped":"TRUE","index":"9","edgeClickLog":"[{\"edgeSelection\":\"4to8\",\"edgeRTMS\":17001}]","trial_id":"incong_2_flipped","congruency":"I","trial_group":"5to10","condition":"scaffolding","inference_edge":"0to2,0to3,1to4","inference_edgeClickLog":"[{\"edgeSelection\":\"0to2\",\"edgeRTMS\":7261},{\"edgeSelection\":\"0to3\",\"edgeRTMS\":7908},{\"edgeSelection\":\"5to7\",\"edgeRTMS\":12005},{\"edgeSelection\":\"5to7\",\"edgeRTMS\":12949},{\"edgeSelection\":\"1to4\",\"edgeRTMS\":18422}]","inference_edgeRT":"18422","inference_edge_last":"1to4","task":"experiment","subjectId":"ko8e59ts9z53nm1","trial_type":"external-html","trial_index":17,"time_elapsed":562941,"internal_node_id":"0.0-9.0-0.9"},{"rt":10299,"url":"../static/nodeGraphs_scaffolding.html","edge":"6to8","edgeRT":"2169","skip":"false","flipped":"FALSE","index":"10","edgeClickLog":"[{\"edgeSelection\":\"6to8\",\"edgeRTMS\":2169}]","trial_id":"incong_0","congruency":"I","trial_group":"10to15","condition":"scaffolding","inference_edge":"0to2,0to1,6to8","inference_edgeClickLog":"[{\"edgeSelection\":\"0to2\",\"edgeRTMS\":4677},{\"edgeSelection\":\"0to1\",\"edgeRTMS\":5269},{\"edgeSelection\":\"6to8\",\"edgeRTMS\":7820}]","inference_edgeRT":"7820","inference_edge_last":"6to8","task":"experiment","subjectId":"ko8e59ts9z53nm1","trial_type":"external-html","trial_index":18,"time_elapsed":573805,"internal_node_id":"0.0-9.0-0.10"},{"rt":26452,"url":"../static/nodeGraphs_scaffolding.html","edge":"5to8","edgeRT":"13145","skip":"false","flipped":"FALSE","index":"11","edgeClickLog":"[{\"edgeSelection\":\"5to8\",\"edgeRTMS\":13145}]","trial_id":"incong_5","congruency":"I","trial_group":"10to15","condition":"scaffolding","inference_edge":"0to2,3to6,6to8","inference_edgeClickLog":"[{\"edgeSelection\":\"0to2\",\"edgeRTMS\":6589},{\"edgeSelection\":\"3to6\",\"edgeRTMS\":11573},{\"edgeSelection\":\"6to8\",\"edgeRTMS\":12716}]","inference_edgeRT":"12716","inference_edge_last":"6to8","task":"experiment","subjectId":"ko8e59ts9z53nm1","trial_type":"external-html","trial_index":19,"time_elapsed":600838,"internal_node_id":"0.0-9.0-0.11"},{"rt":18623,"url":"../static/nodeGraphs_scaffolding.html","edge":"5to7","edgeRT":"3961","skip":"false","flipped":"FALSE","index":"12","edgeClickLog":"[{\"edgeSelection\":\"5to7\",\"edgeRTMS\":3961}]","trial_id":"incong_3","congruency":"I","trial_group":"10to15","condition":"scaffolding","inference_edge":"0to2,5to7,1to4","inference_edgeClickLog":"[{\"edgeSelection\":\"0to2\",\"edgeRTMS\":6515},{\"edgeSelection\":\"5to7\",\"edgeRTMS\":10451},{\"edgeSelection\":\"1to4\",\"edgeRTMS\":14056}]","inference_edgeRT":"14056","inference_edge_last":"1to4","task":"experiment","subjectId":"ko8e59ts9z53nm1","trial_type":"external-html","trial_index":20,"time_elapsed":620030,"internal_node_id":"0.0-9.0-0.12"},{"rt":18968,"url":"../static/nodeGraphs_scaffolding.html","edge":"5to8","edgeRT":"6730","skip":"false","flipped":"FALSE","index":"13","edgeClickLog":"[{\"edgeSelection\":\"5to8\",\"edgeRTMS\":6730}]","trial_id":"incong_10","congruency":"I","trial_group":"10to15","condition":"scaffolding","inference_edge":"0to2,5to8,3to6","inference_edgeClickLog":"[{\"edgeSelection\":\"0to2\",\"edgeRTMS\":4028},{\"edgeSelection\":\"5to8\",\"edgeRTMS\":8316},{\"edgeSelection\":\"3to6\",\"edgeRTMS\":11523}]","inference_edgeRT":"11523","inference_edge_last":"3to6","task":"experiment","subjectId":"ko8e59ts9z53nm1","trial_type":"external-html","trial_index":21,"time_elapsed":639565,"internal_node_id":"0.0-9.0-0.13"},{"rt":23528,"url":"../static/nodeGraphs_scaffolding.html","edge":"0to2","edgeRT":"9576","skip":"false","flipped":"FALSE","index":"14","edgeClickLog":"[{\"edgeSelection\":\"0to2\",\"edgeRTMS\":9576}]","trial_id":"incong_2","congruency":"I","trial_group":"10to15","condition":"scaffolding","inference_edge":"0to2,0to1,3to6","inference_edgeClickLog":"[{\"edgeSelection\":\"0to2\",\"edgeRTMS\":3580},{\"edgeSelection\":\"0to1\",\"edgeRTMS\":4188},{\"edgeSelection\":\"3to6\",\"edgeRTMS\":13309}]","inference_edgeRT":"13309","inference_edge_last":"3to6","task":"experiment","subjectId":"ko8e59ts9z53nm1","trial_type":"external-html","trial_index":22,"time_elapsed":663661,"internal_node_id":"0.0-9.0-0.14"},{"rt":23511,"url":"../static/nodeGraphs_scaffolding.html","edge":"3to6","edgeRT":"15409","skip":"false","flipped":"FALSE","index":"15","edgeClickLog":"[{\"edgeSelection\":\"3to6\",\"edgeRTMS\":15409}]","trial_id":"test_0","congruency":"I","trial_group":"15to20","condition":"scaffolding","inference_edge":"0to2,0to1,3to6","inference_edgeClickLog":"[{\"edgeSelection\":\"0to2\",\"edgeRTMS\":3580},{\"edgeSelection\":\"0to1\",\"edgeRTMS\":4188},{\"edgeSelection\":\"3to6\",\"edgeRTMS\":13309}]","inference_edgeRT":"13309","inference_edge_last":"","task":"experiment","subjectId":"ko8e59ts9z53nm1","trial_type":"external-html","trial_index":23,"time_elapsed":687741,"internal_node_id":"0.0-9.0-0.15"},{"rt":16250,"url":"../static/nodeGraphs_scaffolding.html","edge":"4to7","edgeRT":"16146","skip":"false","flipped":"FALSE","index":"16","edgeClickLog":"[{\"edgeSelection\":\"4to7\",\"edgeRTMS\":16146}]","trial_id":"test_1","congruency":"I","trial_group":"15to20","condition":"scaffolding","inference_edge":"0to2,0to1,3to6","inference_edgeClickLog":"[{\"edgeSelection\":\"0to2\",\"edgeRTMS\":3580},{\"edgeSelection\":\"0to1\",\"edgeRTMS\":4188},{\"edgeSelection\":\"3to6\",\"edgeRTMS\":13309}]","inference_edgeRT":"13309","inference_edge_last":"","task":"experiment","subjectId":"ko8e59ts9z53nm1","trial_type":"external-html","trial_index":24,"time_elapsed":704557,"internal_node_id":"0.0-9.0-0.16"},{"rt":12591,"url":"../static/nodeGraphs_scaffolding.html","edge":"2to4","edgeRT":"12209","skip":"false","flipped":"FALSE","index":"17","edgeClickLog":"[{\"edgeSelection\":\"2to4\",\"edgeRTMS\":12209}]","trial_id":"test_2","congruency":"I","trial_group":"15to20","condition":"scaffolding","inference_edge":"0to2,0to1,3to6","inference_edgeClickLog":"[{\"edgeSelection\":\"0to2\",\"edgeRTMS\":3580},{\"edgeSelection\":\"0to1\",\"edgeRTMS\":4188},{\"edgeSelection\":\"3to6\",\"edgeRTMS\":13309}]","inference_edgeRT":"13309","inference_edge_last":"","task":"experiment","subjectId":"ko8e59ts9z53nm1","trial_type":"external-html","trial_index":25,"time_elapsed":717709,"internal_node_id":"0.0-9.0-0.17"},{"rt":20764,"url":"../static/nodeGraphs_scaffolding.html","edge":"5to9","edgeRT":"21402","skip":"false","flipped":"FALSE","index":"18","edgeClickLog":"[{\"edgeSelection\":\"5to9\",\"edgeRTMS\":21402}]","trial_id":"test_3","congruency":"I","trial_group":"15to20","condition":"scaffolding","inference_edge":"0to2,0to1,3to6","inference_edgeClickLog":"[{\"edgeSelection\":\"0to2\",\"edgeRTMS\":3580},{\"edgeSelection\":\"0to1\",\"edgeRTMS\":4188},{\"edgeSelection\":\"3to6\",\"edgeRTMS\":13309}]","inference_edgeRT":"13309","inference_edge_last":"","task":"experiment","subjectId":"ko8e59ts9z53nm1","trial_type":"external-html","trial_index":26,"time_elapsed":739757,"internal_node_id":"0.0-9.0-0.18"},{"rt":11627,"url":"../static/nodeGraphs_scaffolding.html","edge":"4to7","edgeRT":"11641","skip":"false","flipped":"FALSE","index":"19","edgeClickLog":"[{\"edgeSelection\":\"4to7\",\"edgeRTMS\":11641}]","trial_id":"test_4","congruency":"I","trial_group":"15to20","condition":"scaffolding","inference_edge":"0to2,0to1,3to6","inference_edgeClickLog":"[{\"edgeSelection\":\"0to2\",\"edgeRTMS\":3580},{\"edgeSelection\":\"0to1\",\"edgeRTMS\":4188},{\"edgeSelection\":\"3to6\",\"edgeRTMS\":13309}]","inference_edgeRT":"13309","inference_edge_last":"","task":"experiment","subjectId":"ko8e59ts9z53nm1","trial_type":"external-html","trial_index":27,"time_elapsed":751957,"internal_node_id":"0.0-9.0-0.19"},{"rt":53407,"response":{"P0_Q0":null,"P0_Q1":6,"P0_Q2":5,"P0_Q3":4,"P0_Q4":7,"P0_Q5":1,"strategies":"I tried to imagine the possible paths that the student could see. I revealed edges and just tried to pretend I was the student","feedback":"No"},"accuracy":[],"trial_type":"survey","trial_index":28,"time_elapsed":805899,"internal_node_id":"0.0-10.0"},{"rt":6408,"stimulus":"<p>Thanks for your time!</p>        <p>We need to manually calculate your bonus pay, please give us up to 7 days.</p><p>Press any key to conclude.</p>","response":"k","task":"end","subjectId":"ko8e59ts9z53nm1","trial_type":"html-keyboard-response","trial_index":29,"time_elapsed":812308,"internal_node_id":"0.0-11.0","interactions":"[{\"event\":\"fullscreenenter\",\"trial\":1,\"time\":1323}]"}]