[{"success":true,"timeout":false,"failed_images":[],"failed_audio":[],"failed_video":[],"trial_type":"preload","trial_index":0,"time_elapsed":308,"internal_node_id":"0.0-0.0"},{"success":true,"trial_type":"fullscreen","trial_index":1,"time_elapsed":65794,"internal_node_id":"0.0-1.0"},{"rt":2753,"stimulus":"Welcome to the experiment. Press any key to begin.","response":" ","trial_type":"html-keyboard-response","trial_index":2,"time_elapsed":68549,"internal_node_id":"0.0-2.0"},{"view_history":[{"page_index":0,"viewing_time":6555},{"page_index":1,"viewing_time":8693},{"page_index":2,"viewing_time":2411},{"page_index":1,"viewing_time":1526},{"page_index":2,"viewing_time":40656},{"page_index":3,"viewing_time":11405},{"page_index":4,"viewing_time":5900},{"page_index":5,"viewing_time":3989},{"page_index":6,"viewing_time":10112},{"page_index":7,"viewing_time":15923},{"page_index":8,"viewing_time":18036},{"page_index":9,"viewing_time":40784},{"page_index":10,"viewing_time":2323},{"page_index":11,"viewing_time":2040},{"page_index":12,"viewing_time":817},{"page_index":13,"viewing_time":4583},{"page_index":14,"viewing_time":4252},{"page_index":15,"viewing_time":7574},{"page_index":16,"viewing_time":1540},{"page_index":17,"viewing_time":875},{"page_index":18,"viewing_time":2155},{"page_index":19,"viewing_time":10468},{"page_index":20,"viewing_time":13730},{"page_index":21,"viewing_time":9016}],"rt":225366,"trial_type":"instructions","trial_index":3,"time_elapsed":293923,"internal_node_id":"0.0-3.0"},{"rt":302892,"url":"../static/nodeGraphsTraining_scaffolding.html","skip":[],"edgeClickLog":[],"inference_edge":[],"inference_edgeClickLog":[],"trial_type":"external-html","trial_index":4,"time_elapsed":597202,"internal_node_id":"0.0-4.0"},{"rt":49959,"response":{"q1":"The goal is to help the student to get the most points.","q2":"True","q3":"Possible edges you, as the teacher, can choose to teach the learner.","q4":"Edges that the student took before."},"question_order":[0,1,2,3],"trial_type":"survey-multi-choice","trial_index":5,"time_elapsed":647170,"internal_node_id":"0.0-5.0"},{"rt":42455,"response":{"q1":"The goal is to help the student to get the most points.","q2":"False","q3":"Possible edges you, as the teacher, can choose to teach the learner.","q4":"Edges that the student took before."},"question_order":[0,1,2,3],"trial_type":"survey-multi-choice","trial_index":6,"time_elapsed":689634,"internal_node_id":"0.0-6.0-0.0"},{"rt":null,"stimulus":"<p>You can take a 60 second break before starting the experiment.</p><br><br><p>This page will advance in 60 seconds or you can press any key to advance now.</p>","response":null,"trial_type":"html-keyboard-response","trial_index":7,"time_elapsed":749642,"internal_node_id":"0.0-7.0"},{"view_history":[{"page_index":0,"viewing_time":40713}],"rt":40713,"trial_type":"instructions","trial_index":8,"time_elapsed":790358,"internal_node_id":"0.0-8.0"},{"rt":70976,"url":"../static/nodeGraphs_scaffolding.html","edge":"5to8","edgeRT":"35110","skip":"false","flipped":"FALSE","index":"0","edgeClickLog":"[{\"edgeSelection\":\"5to8\",\"edgeRTMS\":15485},{\"edgeSelection\":\"2to4\",\"edgeRTMS\":22976},{\"edgeSelection\":\"5to8\",\"edgeRTMS\":25574},{\"edgeSelection\":\"1to4\",\"edgeRTMS\":29835},{\"edgeSelection\":\"5to8\",\"edgeRTMS\":35110}]","trial_id":"cong_0","congruency":"C","trial_group":"1to5","condition":"scaffolding","inference_edge":"0to2,0to3,2to5","inference_edgeClickLog":"[{\"edgeSelection\":\"0to3\",\"edgeRTMS\":17852},{\"edgeSelection\":\"0to3\",\"edgeRTMS\":20501},{\"edgeSelection\":\"3to5\",\"edgeRTMS\":22119},{\"edgeSelection\":\"3to5\",\"edgeRTMS\":23217},{\"edgeSelection\":\"0to2\",\"edgeRTMS\":25917},{\"edgeSelection\":\"0to3\",\"edgeRTMS\":27617},{\"edgeSelection\":\"2to5\",\"edgeRTMS\":31402}]","inference_edgeRT":"31402","inference_edge_last":"2to5","task":"experiment","subjectId":"xn6pnx45ujf36dc","trial_type":"external-html","trial_index":9,"time_elapsed":861687,"internal_node_id":"0.0-9.0-0.0"},{"rt":30538,"url":"../static/nodeGraphs_scaffolding.html","edge":"2to6","edgeRT":"10005","skip":"false","flipped":"FALSE","index":"1","edgeClickLog":"[{\"edgeSelection\":\"2to6\",\"edgeRTMS\":10005}]","trial_id":"cong_1","congruency":"C","trial_group":"1to5","condition":"scaffolding","inference_edge":"2to6,6to9,2to4","inference_edgeClickLog":"[{\"edgeSelection\":\"2to6\",\"edgeRTMS\":9146},{\"edgeSelection\":\"6to9\",\"edgeRTMS\":11449},{\"edgeSelection\":\"2to4\",\"edgeRTMS\":18499}]","inference_edgeRT":"18499","inference_edge_last":"2to4","task":"experiment","subjectId":"xn6pnx45ujf36dc","trial_type":"external-html","trial_index":10,"time_elapsed":892905,"internal_node_id":"0.0-9.0-0.1"},{"rt":35895,"url":"../static/nodeGraphs_scaffolding.html","edge":"2to5","edgeRT":"8021","skip":"false","flipped":"FALSE","index":"2","edgeClickLog":"[{\"edgeSelection\":\"2to5\",\"edgeRTMS\":8021}]","trial_id":"cong_6","congruency":"C","trial_group":"1to5","condition":"scaffolding","inference_edge":"2to5,5to7,5to9","inference_edgeClickLog":"[{\"edgeSelection\":\"2to5\",\"edgeRTMS\":18149},{\"edgeSelection\":\"5to7\",\"edgeRTMS\":22650},{\"edgeSelection\":\"5to9\",\"edgeRTMS\":25084}]","inference_edgeRT":"25084","inference_edge_last":"5to9","task":"experiment","subjectId":"xn6pnx45ujf36dc","trial_type":"external-html","trial_index":11,"time_elapsed":929479,"internal_node_id":"0.0-9.0-0.2"},{"rt":42867,"url":"../static/nodeGraphs_scaffolding.html","edge":"2to4","edgeRT":"7274","skip":"false","flipped":"FALSE","index":"3","edgeClickLog":"[{\"edgeSelection\":\"2to4\",\"edgeRTMS\":7274}]","trial_id":"cong_4","congruency":"C","trial_group":"1to5","condition":"scaffolding","inference_edge":"2to4,4to8,2to6","inference_edgeClickLog":"[{\"edgeSelection\":\"2to4\",\"edgeRTMS\":9679},{\"edgeSelection\":\"4to8\",\"edgeRTMS\":11430},{\"edgeSelection\":\"0to1\",\"edgeRTMS\":16646},{\"edgeSelection\":\"0to1\",\"edgeRTMS\":25577},{\"edgeSelection\":\"2to6\",\"edgeRTMS\":28081},{\"edgeSelection\":\"2to6\",\"edgeRTMS\":29577},{\"edgeSelection\":\"2to6\",\"edgeRTMS\":33147}]","inference_edgeRT":"33147","inference_edge_last":"2to6","task":"experiment","subjectId":"xn6pnx45ujf36dc","trial_type":"external-html","trial_index":12,"time_elapsed":973017,"internal_node_id":"0.0-9.0-0.3"},{"rt":48968,"url":"../static/nodeGraphs_scaffolding.html","edge":"2to5","edgeRT":"10905","skip":"false","flipped":"FALSE","index":"4","edgeClickLog":"[{\"edgeSelection\":\"2to5\",\"edgeRTMS\":10905}]","trial_id":"cong_9","congruency":"C","trial_group":"1to5","condition":"scaffolding","inference_edge":"2to5,0to3,5to8","inference_edgeClickLog":"[{\"edgeSelection\":\"2to5\",\"edgeRTMS\":10946},{\"edgeSelection\":\"0to3\",\"edgeRTMS\":24563},{\"edgeSelection\":\"5to8\",\"edgeRTMS\":28080}]","inference_edgeRT":"28080","inference_edge_last":"5to8","task":"experiment","subjectId":"xn6pnx45ujf36dc","trial_type":"external-html","trial_index":13,"time_elapsed":1022734,"internal_node_id":"0.0-9.0-0.4"},{"rt":24822,"url":"../static/nodeGraphs_scaffolding.html","edge":"3to6","edgeRT":"2668","skip":"false","flipped":"TRUE","index":"5","edgeClickLog":"[{\"edgeSelection\":\"3to6\",\"edgeRTMS\":2668}]","trial_id":"cong_0_flipped","congruency":"C","trial_group":"5to10","condition":"scaffolding","inference_edge":"3to6,6to9,6to8","inference_edgeClickLog":"[{\"edgeSelection\":\"3to6\",\"edgeRTMS\":8166},{\"edgeSelection\":\"6to9\",\"edgeRTMS\":18615},{\"edgeSelection\":\"6to8\",\"edgeRTMS\":19966}]","inference_edgeRT":"19966","inference_edge_last":"6to8","task":"experiment","subjectId":"xn6pnx45ujf36dc","trial_type":"external-html","trial_index":14,"time_elapsed":1048241,"internal_node_id":"0.0-9.0-0.5"},{"rt":46925,"url":"../static/nodeGraphs_scaffolding.html","edge":"2to4","edgeRT":"2457","skip":"false","flipped":"TRUE","index":"6","edgeClickLog":"[{\"edgeSelection\":\"2to4\",\"edgeRTMS\":2457}]","trial_id":"cong_1_flipped","congruency":"C","trial_group":"5to10","condition":"scaffolding","inference_edge":"2to4,4to7,4to8","inference_edgeClickLog":"[{\"edgeSelection\":\"2to4\",\"edgeRTMS\":6096},{\"edgeSelection\":\"4to7\",\"edgeRTMS\":18330},{\"edgeSelection\":\"4to8\",\"edgeRTMS\":42132}]","inference_edgeRT":"42132","inference_edge_last":"4to8","task":"experiment","subjectId":"xn6pnx45ujf36dc","trial_type":"external-html","trial_index":15,"time_elapsed":1095847,"internal_node_id":"0.0-9.0-0.6"},{"rt":19119,"url":"../static/nodeGraphs_scaffolding.html","edge":"2to5","edgeRT":"1323","skip":"false","flipped":"TRUE","index":"7","edgeClickLog":"[{\"edgeSelection\":\"2to5\",\"edgeRTMS\":1323}]","trial_id":"cong_6_flipped","congruency":"C","trial_group":"5to10","condition":"scaffolding","inference_edge":"2to5,5to9,5to7","inference_edgeClickLog":"[{\"edgeSelection\":\"2to5\",\"edgeRTMS\":8796},{\"edgeSelection\":\"5to9\",\"edgeRTMS\":11444},{\"edgeSelection\":\"5to7\",\"edgeRTMS\":15160}]","inference_edgeRT":"15160","inference_edge_last":"5to7","task":"experiment","subjectId":"xn6pnx45ujf36dc","trial_type":"external-html","trial_index":16,"time_elapsed":1115660,"internal_node_id":"0.0-9.0-0.7"},{"rt":26458,"url":"../static/nodeGraphs_scaffolding.html","edge":"2to6","edgeRT":"1185","skip":"false","flipped":"TRUE","index":"8","edgeClickLog":"[{\"edgeSelection\":\"2to6\",\"edgeRTMS\":1185}]","trial_id":"cong_4_flipped","congruency":"C","trial_group":"5to10","condition":"scaffolding","inference_edge":"2to6,6to8,6to9","inference_edgeClickLog":"[{\"edgeSelection\":\"2to6\",\"edgeRTMS\":5597},{\"edgeSelection\":\"6to8\",\"edgeRTMS\":6799},{\"edgeSelection\":\"6to9\",\"edgeRTMS\":23350}]","inference_edgeRT":"23350","inference_edge_last":"6to9","task":"experiment","subjectId":"xn6pnx45ujf36dc","trial_type":"external-html","trial_index":17,"time_elapsed":1142796,"internal_node_id":"0.0-9.0-0.8"},{"rt":25997,"url":"../static/nodeGraphs_scaffolding.html","edge":"2to5","edgeRT":"1935","skip":"false","flipped":"TRUE","index":"9","edgeClickLog":"[{\"edgeSelection\":\"2to5\",\"edgeRTMS\":1935}]","trial_id":"cong_9_flipped","congruency":"C","trial_group":"5to10","condition":"scaffolding","inference_edge":"2to5,5to8,5to7","inference_edgeClickLog":"[{\"edgeSelection\":\"2to5\",\"edgeRTMS\":14134},{\"edgeSelection\":\"5to8\",\"edgeRTMS\":15933},{\"edgeSelection\":\"5to7\",\"edgeRTMS\":21000}]","inference_edgeRT":"21000","inference_edge_last":"5to7","task":"experiment","subjectId":"xn6pnx45ujf36dc","trial_type":"external-html","trial_index":18,"time_elapsed":1169470,"internal_node_id":"0.0-9.0-0.9"},{"rt":24215,"url":"../static/nodeGraphs_scaffolding.html","edge":"1to4","edgeRT":"1550","skip":"false","flipped":"FALSE","index":"10","edgeClickLog":"[{\"edgeSelection\":\"1to4\",\"edgeRTMS\":1550}]","trial_id":"cong_0","congruency":"C","trial_group":"10to15","condition":"scaffolding","inference_edge":"1to4,4to8,2to4","inference_edgeClickLog":"[{\"edgeSelection\":\"1to4\",\"edgeRTMS\":9894},{\"edgeSelection\":\"4to8\",\"edgeRTMS\":14778},{\"edgeSelection\":\"2to4\",\"edgeRTMS\":20929}]","inference_edgeRT":"20929","inference_edge_last":"2to4","task":"experiment","subjectId":"xn6pnx45ujf36dc","trial_type":"external-html","trial_index":19,"time_elapsed":1194372,"internal_node_id":"0.0-9.0-0.10"},{"rt":21193,"url":"../static/nodeGraphs_scaffolding.html","edge":"2to6","edgeRT":"1497","skip":"false","flipped":"FALSE","index":"11","edgeClickLog":"[{\"edgeSelection\":\"2to6\",\"edgeRTMS\":1497}]","trial_id":"cong_1","congruency":"C","trial_group":"10to15","condition":"scaffolding","inference_edge":"2to6,6to9,6to8","inference_edgeClickLog":"[{\"edgeSelection\":\"2to6\",\"edgeRTMS\":6311},{\"edgeSelection\":\"6to9\",\"edgeRTMS\":10112},{\"edgeSelection\":\"6to8\",\"edgeRTMS\":18243}]","inference_edgeRT":"18243","inference_edge_last":"6to8","task":"experiment","subjectId":"xn6pnx45ujf36dc","trial_type":"external-html","trial_index":20,"time_elapsed":1216270,"internal_node_id":"0.0-9.0-0.11"},{"rt":11752,"url":"../static/nodeGraphs_scaffolding.html","edge":"2to5","edgeRT":"1155","skip":"false","flipped":"FALSE","index":"12","edgeClickLog":"[{\"edgeSelection\":\"2to5\",\"edgeRTMS\":1155}]","trial_id":"cong_6","congruency":"C","trial_group":"10to15","condition":"scaffolding","inference_edge":"2to5,5to7,5to9","inference_edgeClickLog":"[{\"edgeSelection\":\"2to5\",\"edgeRTMS\":5048},{\"edgeSelection\":\"5to7\",\"edgeRTMS\":8031},{\"edgeSelection\":\"5to9\",\"edgeRTMS\":9097}]","inference_edgeRT":"9097","inference_edge_last":"5to9","task":"experiment","subjectId":"xn6pnx45ujf36dc","trial_type":"external-html","trial_index":21,"time_elapsed":1228692,"internal_node_id":"0.0-9.0-0.12"},{"rt":17158,"url":"../static/nodeGraphs_scaffolding.html","edge":"2to4","edgeRT":"1386","skip":"false","flipped":"FALSE","index":"13","edgeClickLog":"[{\"edgeSelection\":\"2to4\",\"edgeRTMS\":1386}]","trial_id":"cong_4","congruency":"C","trial_group":"10to15","condition":"scaffolding","inference_edge":"2to4,4to8,2to6","inference_edgeClickLog":"[{\"edgeSelection\":\"2to4\",\"edgeRTMS\":5012},{\"edgeSelection\":\"4to8\",\"edgeRTMS\":6277},{\"edgeSelection\":\"2to6\",\"edgeRTMS\":12310}]","inference_edgeRT":"12310","inference_edge_last":"2to6","task":"experiment","subjectId":"xn6pnx45ujf36dc","trial_type":"external-html","trial_index":22,"time_elapsed":1246542,"internal_node_id":"0.0-9.0-0.13"},{"rt":12300,"url":"../static/nodeGraphs_scaffolding.html","edge":"2to5","edgeRT":"1256","skip":"false","flipped":"FALSE","index":"14","edgeClickLog":"[{\"edgeSelection\":\"2to5\",\"edgeRTMS\":1256}]","trial_id":"cong_9","congruency":"C","trial_group":"10to15","condition":"scaffolding","inference_edge":"2to5,5to8,5to9","inference_edgeClickLog":"[{\"edgeSelection\":\"2to5\",\"edgeRTMS\":4962},{\"edgeSelection\":\"5to8\",\"edgeRTMS\":5979},{\"edgeSelection\":\"5to9\",\"edgeRTMS\":8011}]","inference_edgeRT":"8011","inference_edge_last":"5to9","task":"experiment","subjectId":"xn6pnx45ujf36dc","trial_type":"external-html","trial_index":23,"time_elapsed":1259511,"internal_node_id":"0.0-9.0-0.14"},{"rt":39596,"url":"../static/nodeGraphs_scaffolding.html","edge":"3to6","edgeRT":"22284","skip":"false","flipped":"FALSE","index":"15","edgeClickLog":"[{\"edgeSelection\":\"3to6\",\"edgeRTMS\":22284}]","trial_id":"test_0","congruency":"I","trial_group":"15to20","condition":"scaffolding","inference_edge":"2to5,5to8,5to9","inference_edgeClickLog":"[{\"edgeSelection\":\"2to5\",\"edgeRTMS\":4962},{\"edgeSelection\":\"5to8\",\"edgeRTMS\":5979},{\"edgeSelection\":\"5to9\",\"edgeRTMS\":8011}]","inference_edgeRT":"8011","inference_edge_last":"","task":"experiment","subjectId":"xn6pnx45ujf36dc","trial_type":"external-html","trial_index":24,"time_elapsed":1299779,"internal_node_id":"0.0-9.0-0.15"},{"rt":10175,"url":"../static/nodeGraphs_scaffolding.html","edge":"0to3","edgeRT":"6169","skip":"false","flipped":"FALSE","index":"16","edgeClickLog":"[{\"edgeSelection\":\"0to3\",\"edgeRTMS\":6169}]","trial_id":"test_1","congruency":"I","trial_group":"15to20","condition":"scaffolding","inference_edge":"2to5,5to8,5to9","inference_edgeClickLog":"[{\"edgeSelection\":\"2to5\",\"edgeRTMS\":4962},{\"edgeSelection\":\"5to8\",\"edgeRTMS\":5979},{\"edgeSelection\":\"5to9\",\"edgeRTMS\":8011}]","inference_edgeRT":"8011","inference_edge_last":"","task":"experiment","subjectId":"xn6pnx45ujf36dc","trial_type":"external-html","trial_index":25,"time_elapsed":1310630,"internal_node_id":"0.0-9.0-0.16"},{"rt":9169,"url":"../static/nodeGraphs_scaffolding.html","edge":"0to3","edgeRT":"8402","skip":"false","flipped":"FALSE","index":"17","edgeClickLog":"[{\"edgeSelection\":\"0to3\",\"edgeRTMS\":8402}]","trial_id":"test_2","congruency":"I","trial_group":"15to20","condition":"scaffolding","inference_edge":"2to5,5to8,5to9","inference_edgeClickLog":"[{\"edgeSelection\":\"2to5\",\"edgeRTMS\":4962},{\"edgeSelection\":\"5to8\",\"edgeRTMS\":5979},{\"edgeSelection\":\"5to9\",\"edgeRTMS\":8011}]","inference_edgeRT":"8011","inference_edge_last":"","task":"experiment","subjectId":"xn6pnx45ujf36dc","trial_type":"external-html","trial_index":26,"time_elapsed":1320481,"internal_node_id":"0.0-9.0-0.17"},{"rt":4490,"url":"../static/nodeGraphs_scaffolding.html","edge":"0to1","edgeRT":"3200","skip":"false","flipped":"FALSE","index":"18","edgeClickLog":"[{\"edgeSelection\":\"0to1\",\"edgeRTMS\":3200}]","trial_id":"test_3","congruency":"I","trial_group":"15to20","condition":"scaffolding","inference_edge":"2to5,5to8,5to9","inference_edgeClickLog":"[{\"edgeSelection\":\"2to5\",\"edgeRTMS\":4962},{\"edgeSelection\":\"5to8\",\"edgeRTMS\":5979},{\"edgeSelection\":\"5to9\",\"edgeRTMS\":8011}]","inference_edgeRT":"8011","inference_edge_last":"","task":"experiment","subjectId":"xn6pnx45ujf36dc","trial_type":"external-html","trial_index":27,"time_elapsed":1325643,"internal_node_id":"0.0-9.0-0.18"},{"rt":20865,"url":"../static/nodeGraphs_scaffolding.html","edge":"0to3","edgeRT":"20459","skip":"false","flipped":"FALSE","index":"19","edgeClickLog":"[{\"edgeSelection\":\"0to3\",\"edgeRTMS\":20459}]","trial_id":"test_4","congruency":"I","trial_group":"15to20","condition":"scaffolding","inference_edge":"2to5,5to8,5to9","inference_edgeClickLog":"[{\"edgeSelection\":\"2to5\",\"edgeRTMS\":4962},{\"edgeSelection\":\"5to8\",\"edgeRTMS\":5979},{\"edgeSelection\":\"5to9\",\"edgeRTMS\":8011}]","inference_edgeRT":"8011","inference_edge_last":"","task":"experiment","subjectId":"xn6pnx45ujf36dc","trial_type":"external-html","trial_index":28,"time_elapsed":1347180,"internal_node_id":"0.0-9.0-0.19"},{"rt":62364,"response":{"P0_Q0":null,"P0_Q1":6,"P0_Q2":4,"P0_Q3":4,"P0_Q4":5,"P0_Q5":4,"strategies":"Whichever would gain the most points","feedback":"no"},"accuracy":[],"trial_type":"survey","trial_index":29,"time_elapsed":1410134,"internal_node_id":"0.0-10.0"},{"rt":4517,"stimulus":"<p>Thanks for your time!</p>        <p>We need to manually calculate your bonus pay, please give us up to 7 days.</p><p>Press any key to conclude.</p>","response":" ","task":"end","subjectId":"xn6pnx45ujf36dc","trial_type":"html-keyboard-response","trial_index":30,"time_elapsed":1414655,"internal_node_id":"0.0-11.0","interactions":"[{\"event\":\"fullscreenenter\",\"trial\":1,\"time\":64805}]"}]