[{"success":true,"timeout":false,"failed_images":[],"failed_audio":[],"failed_video":[],"trial_type":"preload","trial_index":0,"time_elapsed":144,"internal_node_id":"0.0-0.0"},{"success":true,"trial_type":"fullscreen","trial_index":1,"time_elapsed":3758,"internal_node_id":"0.0-1.0"},{"rt":2029,"stimulus":"Welcome to the experiment. Press any key to begin.","response":" ","trial_type":"html-keyboard-response","trial_index":2,"time_elapsed":5788,"internal_node_id":"0.0-2.0"},{"view_history":[{"page_index":0,"viewing_time":4519},{"page_index":1,"viewing_time":4732},{"page_index":2,"viewing_time":31193},{"page_index":3,"viewing_time":3976},{"page_index":4,"viewing_time":1214},{"page_index":5,"viewing_time":852},{"page_index":6,"viewing_time":1538},{"page_index":7,"viewing_time":10126},{"page_index":8,"viewing_time":24381},{"page_index":9,"viewing_time":10105},{"page_index":10,"viewing_time":2185},{"page_index":11,"viewing_time":317},{"page_index":12,"viewing_time":308},{"page_index":13,"viewing_time":1807},{"page_index":14,"viewing_time":2951},{"page_index":15,"viewing_time":131},{"page_index":16,"viewing_time":751},{"page_index":15,"viewing_time":4138},{"page_index":16,"viewing_time":448},{"page_index":17,"viewing_time":370},{"page_index":18,"viewing_time":468},{"page_index":19,"viewing_time":4100},{"page_index":20,"viewing_time":6153},{"page_index":21,"viewing_time":3595}],"rt":120358,"trial_type":"instructions","trial_index":3,"time_elapsed":126147,"internal_node_id":"0.0-3.0"},{"rt":200704,"url":"../static/nodeGraphsTraining_scaffolding.html","skip":[],"edgeClickLog":[],"inference_edge":[],"inference_edgeClickLog":[],"trial_type":"external-html","trial_index":4,"time_elapsed":326974,"internal_node_id":"0.0-4.0"},{"rt":32857,"response":{"q1":"The goal is to help the student to get the most points.","q2":"False","q3":"Possible edges you, as the teacher, can choose to teach the learner.","q4":"Edges that the student took before."},"question_order":[0,1,2,3],"trial_type":"survey-multi-choice","trial_index":5,"time_elapsed":359834,"internal_node_id":"0.0-5.0"},{"rt":3538,"stimulus":"<p>You can take a 60 second break before starting the experiment.</p><br><br><p>This page will advance in 60 seconds or you can press any key to advance now.</p>","response":" ","trial_type":"html-keyboard-response","trial_index":6,"time_elapsed":363374,"internal_node_id":"0.0-7.0"},{"view_history":[{"page_index":0,"viewing_time":30984}],"rt":30984,"trial_type":"instructions","trial_index":7,"time_elapsed":394359,"internal_node_id":"0.0-8.0"},{"rt":78791,"url":"../static/nodeGraphs_scaffolding.html","edge":"5to7","edgeRT":"36609","skip":"false","flipped":"FALSE","index":"0","edgeClickLog":"[{\"edgeSelection\":\"5to7\",\"edgeRTMS\":36609}]","trial_id":"cong_0","congruency":"C","trial_group":"1to5","condition":"scaffolding","inference_edge":"1to4,5to8,5to7","inference_edgeClickLog":"[{\"edgeSelection\":\"1to4\",\"edgeRTMS\":25187},{\"edgeSelection\":\"5to8\",\"edgeRTMS\":31273},{\"edgeSelection\":\"5to7\",\"edgeRTMS\":35175}]","inference_edgeRT":"35175","inference_edge_last":"5to7","task":"experiment","subjectId":"2g7564lmeyvug3d","trial_type":"external-html","trial_index":8,"time_elapsed":473272,"internal_node_id":"0.0-9.0-0.0"},{"rt":54712,"url":"../static/nodeGraphs_scaffolding.html","edge":"5to7","edgeRT":"10511","skip":"false","flipped":"FALSE","index":"1","edgeClickLog":"[{\"edgeSelection\":\"5to7\",\"edgeRTMS\":10511}]","trial_id":"cong_1","congruency":"C","trial_group":"1to5","condition":"scaffolding","inference_edge":"2to6,2to4,0to1","inference_edgeClickLog":"[{\"edgeSelection\":\"2to6\",\"edgeRTMS\":26285},{\"edgeSelection\":\"2to4\",\"edgeRTMS\":31949},{\"edgeSelection\":\"0to1\",\"edgeRTMS\":42800}]","inference_edgeRT":"42800","inference_edge_last":"0to1","task":"experiment","subjectId":"2g7564lmeyvug3d","trial_type":"external-html","trial_index":9,"time_elapsed":528604,"internal_node_id":"0.0-9.0-0.1"},{"rt":49227,"url":"../static/nodeGraphs_scaffolding.html","edge":"2to5","edgeRT":"12785","skip":"false","flipped":"FALSE","index":"2","edgeClickLog":"[{\"edgeSelection\":\"2to5\",\"edgeRTMS\":12785}]","trial_id":"cong_6","congruency":"C","trial_group":"1to5","condition":"scaffolding","inference_edge":"4to7,2to5,5to8","inference_edgeClickLog":"[{\"edgeSelection\":\"4to7\",\"edgeRTMS\":11440},{\"edgeSelection\":\"2to5\",\"edgeRTMS\":29688},{\"edgeSelection\":\"5to8\",\"edgeRTMS\":31217}]","inference_edgeRT":"31217","inference_edge_last":"5to8","task":"experiment","subjectId":"2g7564lmeyvug3d","trial_type":"external-html","trial_index":10,"time_elapsed":578451,"internal_node_id":"0.0-9.0-0.2"},{"rt":39351,"url":"../static/nodeGraphs_scaffolding.html","edge":"2to4","edgeRT":"3099","skip":"false","flipped":"FALSE","index":"3","edgeClickLog":"[{\"edgeSelection\":\"2to4\",\"edgeRTMS\":3099}]","trial_id":"cong_4","congruency":"C","trial_group":"1to5","condition":"scaffolding","inference_edge":"2to4,5to8,4to8","inference_edgeClickLog":"[{\"edgeSelection\":\"2to4\",\"edgeRTMS\":8167},{\"edgeSelection\":\"5to8\",\"edgeRTMS\":17578},{\"edgeSelection\":\"4to8\",\"edgeRTMS\":32853}]","inference_edgeRT":"32853","inference_edge_last":"4to8","task":"experiment","subjectId":"2g7564lmeyvug3d","trial_type":"external-html","trial_index":11,"time_elapsed":618424,"internal_node_id":"0.0-9.0-0.3"},{"rt":36066,"url":"../static/nodeGraphs_scaffolding.html","edge":"2to5","edgeRT":"6965","skip":"false","flipped":"FALSE","index":"4","edgeClickLog":"[{\"edgeSelection\":\"2to5\",\"edgeRTMS\":6965}]","trial_id":"cong_9","congruency":"C","trial_group":"1to5","condition":"scaffolding","inference_edge":"2to5,3to5,0to3","inference_edgeClickLog":"[{\"edgeSelection\":\"2to5\",\"edgeRTMS\":9438},{\"edgeSelection\":\"3to5\",\"edgeRTMS\":26457},{\"edgeSelection\":\"0to3\",\"edgeRTMS\":27413}]","inference_edgeRT":"27413","inference_edge_last":"0to3","task":"experiment","subjectId":"2g7564lmeyvug3d","trial_type":"external-html","trial_index":12,"time_elapsed":655112,"internal_node_id":"0.0-9.0-0.4"},{"rt":34231,"url":"../static/nodeGraphs_scaffolding.html","edge":"3to6","edgeRT":"3223","skip":"false","flipped":"TRUE","index":"5","edgeClickLog":"[{\"edgeSelection\":\"3to6\",\"edgeRTMS\":3223}]","trial_id":"cong_0_flipped","congruency":"C","trial_group":"5to10","condition":"scaffolding","inference_edge":"3to6,0to2,2to6","inference_edgeClickLog":"[{\"edgeSelection\":\"3to6\",\"edgeRTMS\":9876},{\"edgeSelection\":\"6to8\",\"edgeRTMS\":16365},{\"edgeSelection\":\"6to8\",\"edgeRTMS\":27503},{\"edgeSelection\":\"0to2\",\"edgeRTMS\":28496},{\"edgeSelection\":\"2to6\",\"edgeRTMS\":29577}]","inference_edgeRT":"29577","inference_edge_last":"2to6","task":"experiment","subjectId":"2g7564lmeyvug3d","trial_type":"external-html","trial_index":13,"time_elapsed":689966,"internal_node_id":"0.0-9.0-0.5"},{"rt":26613,"url":"../static/nodeGraphs_scaffolding.html","edge":"2to4","edgeRT":"1753","skip":"false","flipped":"TRUE","index":"6","edgeClickLog":"[{\"edgeSelection\":\"2to4\",\"edgeRTMS\":1753}]","trial_id":"cong_1_flipped","congruency":"C","trial_group":"5to10","condition":"scaffolding","inference_edge":"2to4,2to6,6to9","inference_edgeClickLog":"[{\"edgeSelection\":\"2to4\",\"edgeRTMS\":9261},{\"edgeSelection\":\"2to6\",\"edgeRTMS\":19119},{\"edgeSelection\":\"6to9\",\"edgeRTMS\":23803}]","inference_edgeRT":"23803","inference_edge_last":"6to9","task":"experiment","subjectId":"2g7564lmeyvug3d","trial_type":"external-html","trial_index":14,"time_elapsed":717204,"internal_node_id":"0.0-9.0-0.6"},{"rt":29310,"url":"../static/nodeGraphs_scaffolding.html","edge":"2to5","edgeRT":"4927","skip":"false","flipped":"TRUE","index":"7","edgeClickLog":"[{\"edgeSelection\":\"2to5\",\"edgeRTMS\":4927}]","trial_id":"cong_6_flipped","congruency":"C","trial_group":"5to10","condition":"scaffolding","inference_edge":"2to5,5to7,6to9","inference_edgeClickLog":"[{\"edgeSelection\":\"2to5\",\"edgeRTMS\":8455},{\"edgeSelection\":\"5to7\",\"edgeRTMS\":10078},{\"edgeSelection\":\"6to9\",\"edgeRTMS\":14931}]","inference_edgeRT":"14931","inference_edge_last":"6to9","task":"experiment","subjectId":"2g7564lmeyvug3d","trial_type":"external-html","trial_index":15,"time_elapsed":747138,"internal_node_id":"0.0-9.0-0.7"},{"rt":36957,"url":"../static/nodeGraphs_scaffolding.html","edge":"2to6","edgeRT":"6695","skip":"false","flipped":"TRUE","index":"8","edgeClickLog":"[{\"edgeSelection\":\"2to6\",\"edgeRTMS\":6695}]","trial_id":"cong_4_flipped","congruency":"C","trial_group":"5to10","condition":"scaffolding","inference_edge":"2to6,5to8,6to8","inference_edgeClickLog":"[{\"edgeSelection\":\"2to6\",\"edgeRTMS\":12237},{\"edgeSelection\":\"5to8\",\"edgeRTMS\":18325},{\"edgeSelection\":\"6to8\",\"edgeRTMS\":27251}]","inference_edgeRT":"27251","inference_edge_last":"6to8","task":"experiment","subjectId":"2g7564lmeyvug3d","trial_type":"external-html","trial_index":16,"time_elapsed":784715,"internal_node_id":"0.0-9.0-0.8"},{"rt":38354,"url":"../static/nodeGraphs_scaffolding.html","edge":"2to5","edgeRT":"5119","skip":"false","flipped":"TRUE","index":"9","edgeClickLog":"[{\"edgeSelection\":\"2to5\",\"edgeRTMS\":5119}]","trial_id":"cong_9_flipped","congruency":"C","trial_group":"5to10","condition":"scaffolding","inference_edge":"2to5,0to1,5to8","inference_edgeClickLog":"[{\"edgeSelection\":\"2to5\",\"edgeRTMS\":15176},{\"edgeSelection\":\"0to1\",\"edgeRTMS\":28557},{\"edgeSelection\":\"5to8\",\"edgeRTMS\":32013}]","inference_edgeRT":"32013","inference_edge_last":"5to8","task":"experiment","subjectId":"2g7564lmeyvug3d","trial_type":"external-html","trial_index":17,"time_elapsed":823693,"internal_node_id":"0.0-9.0-0.9"},{"rt":36272,"url":"../static/nodeGraphs_scaffolding.html","edge":"1to4","edgeRT":"6269","skip":"false","flipped":"FALSE","index":"10","edgeClickLog":"[{\"edgeSelection\":\"1to4\",\"edgeRTMS\":6269}]","trial_id":"cong_0","congruency":"C","trial_group":"10to15","condition":"scaffolding","inference_edge":"1to4,5to8,5to7","inference_edgeClickLog":"[{\"edgeSelection\":\"1to4\",\"edgeRTMS\":6049},{\"edgeSelection\":\"4to7\",\"edgeRTMS\":11343},{\"edgeSelection\":\"4to8\",\"edgeRTMS\":14636},{\"edgeSelection\":\"4to8\",\"edgeRTMS\":15602},{\"edgeSelection\":\"5to8\",\"edgeRTMS\":21097},{\"edgeSelection\":\"4to7\",\"edgeRTMS\":25560},{\"edgeSelection\":\"5to7\",\"edgeRTMS\":27125}]","inference_edgeRT":"27125","inference_edge_last":"5to7","task":"experiment","subjectId":"2g7564lmeyvug3d","trial_type":"external-html","trial_index":18,"time_elapsed":860588,"internal_node_id":"0.0-9.0-0.10"},{"rt":31561,"url":"../static/nodeGraphs_scaffolding.html","edge":"2to6","edgeRT":"6663","skip":"false","flipped":"FALSE","index":"11","edgeClickLog":"[{\"edgeSelection\":\"2to6\",\"edgeRTMS\":6663}]","trial_id":"cong_1","congruency":"C","trial_group":"10to15","condition":"scaffolding","inference_edge":"2to6,2to4,6to8","inference_edgeClickLog":"[{\"edgeSelection\":\"2to6\",\"edgeRTMS\":11909},{\"edgeSelection\":\"2to4\",\"edgeRTMS\":14245},{\"edgeSelection\":\"6to8\",\"edgeRTMS\":22743}]","inference_edgeRT":"22743","inference_edge_last":"6to8","task":"experiment","subjectId":"2g7564lmeyvug3d","trial_type":"external-html","trial_index":19,"time_elapsed":892773,"internal_node_id":"0.0-9.0-0.11"},{"rt":19471,"url":"../static/nodeGraphs_scaffolding.html","edge":"2to5","edgeRT":"4735","skip":"false","flipped":"FALSE","index":"12","edgeClickLog":"[{\"edgeSelection\":\"2to5\",\"edgeRTMS\":4735}]","trial_id":"cong_6","congruency":"C","trial_group":"10to15","condition":"scaffolding","inference_edge":"4to7,2to5,5to9","inference_edgeClickLog":"[{\"edgeSelection\":\"4to7\",\"edgeRTMS\":5699},{\"edgeSelection\":\"2to5\",\"edgeRTMS\":9031},{\"edgeSelection\":\"5to9\",\"edgeRTMS\":13583}]","inference_edgeRT":"13583","inference_edge_last":"5to9","task":"experiment","subjectId":"2g7564lmeyvug3d","trial_type":"external-html","trial_index":20,"time_elapsed":912871,"internal_node_id":"0.0-9.0-0.12"},{"rt":19763,"url":"../static/nodeGraphs_scaffolding.html","edge":"2to4","edgeRT":"1701","skip":"false","flipped":"FALSE","index":"13","edgeClickLog":"[{\"edgeSelection\":\"2to4\",\"edgeRTMS\":1701}]","trial_id":"cong_4","congruency":"C","trial_group":"10to15","condition":"scaffolding","inference_edge":"5to8,2to4,4to8","inference_edgeClickLog":"[{\"edgeSelection\":\"5to8\",\"edgeRTMS\":10549},{\"edgeSelection\":\"2to4\",\"edgeRTMS\":14633},{\"edgeSelection\":\"4to8\",\"edgeRTMS\":16777}]","inference_edgeRT":"16777","inference_edge_last":"4to8","task":"experiment","subjectId":"2g7564lmeyvug3d","trial_type":"external-html","trial_index":21,"time_elapsed":933255,"internal_node_id":"0.0-9.0-0.13"},{"rt":26731,"url":"../static/nodeGraphs_scaffolding.html","edge":"2to5","edgeRT":"2985","skip":"false","flipped":"FALSE","index":"14","edgeClickLog":"[{\"edgeSelection\":\"2to5\",\"edgeRTMS\":2985}]","trial_id":"cong_9","congruency":"C","trial_group":"10to15","condition":"scaffolding","inference_edge":"2to5,5to8,0to3","inference_edgeClickLog":"[{\"edgeSelection\":\"2to5\",\"edgeRTMS\":11158},{\"edgeSelection\":\"5to8\",\"edgeRTMS\":12883},{\"edgeSelection\":\"0to3\",\"edgeRTMS\":23009}]","inference_edgeRT":"23009","inference_edge_last":"0to3","task":"experiment","subjectId":"2g7564lmeyvug3d","trial_type":"external-html","trial_index":22,"time_elapsed":960611,"internal_node_id":"0.0-9.0-0.14"},{"rt":20990,"url":"../static/nodeGraphs_scaffolding.html","edge":"5to8","edgeRT":"7078","skip":"false","flipped":"FALSE","index":"15","edgeClickLog":"[{\"edgeSelection\":\"5to8\",\"edgeRTMS\":7078}]","trial_id":"test_0","congruency":"I","trial_group":"15to20","condition":"scaffolding","inference_edge":"2to5,5to8,0to3","inference_edgeClickLog":"[{\"edgeSelection\":\"2to5\",\"edgeRTMS\":11158},{\"edgeSelection\":\"5to8\",\"edgeRTMS\":12883},{\"edgeSelection\":\"0to3\",\"edgeRTMS\":23009}]","inference_edgeRT":"23009","inference_edge_last":"","task":"experiment","subjectId":"2g7564lmeyvug3d","trial_type":"external-html","trial_index":23,"time_elapsed":982235,"internal_node_id":"0.0-9.0-0.15"},{"rt":19967,"url":"../static/nodeGraphs_scaffolding.html","edge":"0to3","edgeRT":"19255","skip":"false","flipped":"FALSE","index":"16","edgeClickLog":"[{\"edgeSelection\":\"0to3\",\"edgeRTMS\":19255}]","trial_id":"test_1","congruency":"I","trial_group":"15to20","condition":"scaffolding","inference_edge":"2to5,5to8,0to3","inference_edgeClickLog":"[{\"edgeSelection\":\"2to5\",\"edgeRTMS\":11158},{\"edgeSelection\":\"5to8\",\"edgeRTMS\":12883},{\"edgeSelection\":\"0to3\",\"edgeRTMS\":23009}]","inference_edgeRT":"23009","inference_edge_last":"","task":"experiment","subjectId":"2g7564lmeyvug3d","trial_type":"external-html","trial_index":24,"time_elapsed":1002824,"internal_node_id":"0.0-9.0-0.16"},{"rt":18250,"url":"../static/nodeGraphs_scaffolding.html","edge":"6to8","edgeRT":"17891","skip":"false","flipped":"FALSE","index":"17","edgeClickLog":"[{\"edgeSelection\":\"6to8\",\"edgeRTMS\":17891}]","trial_id":"test_2","congruency":"I","trial_group":"15to20","condition":"scaffolding","inference_edge":"2to5,5to8,0to3","inference_edgeClickLog":"[{\"edgeSelection\":\"2to5\",\"edgeRTMS\":11158},{\"edgeSelection\":\"5to8\",\"edgeRTMS\":12883},{\"edgeSelection\":\"0to3\",\"edgeRTMS\":23009}]","inference_edgeRT":"23009","inference_edge_last":"","task":"experiment","subjectId":"2g7564lmeyvug3d","trial_type":"external-html","trial_index":25,"time_elapsed":1021695,"internal_node_id":"0.0-9.0-0.17"},{"rt":19110,"url":"../static/nodeGraphs_scaffolding.html","edge":"5to7","edgeRT":"18735","skip":"false","flipped":"FALSE","index":"18","edgeClickLog":"[{\"edgeSelection\":\"5to7\",\"edgeRTMS\":18735}]","trial_id":"test_3","congruency":"I","trial_group":"15to20","condition":"scaffolding","inference_edge":"2to5,5to8,0to3","inference_edgeClickLog":"[{\"edgeSelection\":\"2to5\",\"edgeRTMS\":11158},{\"edgeSelection\":\"5to8\",\"edgeRTMS\":12883},{\"edgeSelection\":\"0to3\",\"edgeRTMS\":23009}]","inference_edgeRT":"23009","inference_edge_last":"","task":"experiment","subjectId":"2g7564lmeyvug3d","trial_type":"external-html","trial_index":26,"time_elapsed":1041431,"internal_node_id":"0.0-9.0-0.18"},{"rt":27177,"url":"../static/nodeGraphs_scaffolding.html","edge":"1to5","edgeRT":"20341","skip":"false","flipped":"FALSE","index":"19","edgeClickLog":"[{\"edgeSelection\":\"1to5\",\"edgeRTMS\":20341}]","trial_id":"test_4","congruency":"I","trial_group":"15to20","condition":"scaffolding","inference_edge":"2to5,5to8,0to3","inference_edgeClickLog":"[{\"edgeSelection\":\"2to5\",\"edgeRTMS\":11158},{\"edgeSelection\":\"5to8\",\"edgeRTMS\":12883},{\"edgeSelection\":\"0to3\",\"edgeRTMS\":23009}]","inference_edgeRT":"23009","inference_edge_last":"","task":"experiment","subjectId":"2g7564lmeyvug3d","trial_type":"external-html","trial_index":27,"time_elapsed":1069231,"internal_node_id":"0.0-9.0-0.19"},{"rt":39502,"response":{"P0_Q0":null,"P0_Q1":4,"P0_Q2":6,"P0_Q3":7,"P0_Q4":4,"P0_Q5":1,"strategies":"A sense of risk/reward intuition.","feedback":"no"},"accuracy":[],"trial_type":"survey","trial_index":28,"time_elapsed":1109276,"internal_node_id":"0.0-10.0"},{"rt":4890,"stimulus":"<p>Thanks for your time!</p>        <p>We need to manually calculate your bonus pay, please give us up to 7 days.</p><p>Press any key to conclude.</p>","response":"c","task":"end","subjectId":"2g7564lmeyvug3d","trial_type":"html-keyboard-response","trial_index":29,"time_elapsed":1114166,"internal_node_id":"0.0-11.0","interactions":"[{\"event\":\"fullscreenenter\",\"trial\":1,\"time\":2762}]"}]