[{"success":true,"timeout":false,"failed_images":[],"failed_audio":[],"failed_video":[],"trial_type":"preload","trial_index":0,"time_elapsed":330,"internal_node_id":"0.0-0.0"},{"success":true,"trial_type":"fullscreen","trial_index":1,"time_elapsed":4379,"internal_node_id":"0.0-1.0"},{"rt":10702,"stimulus":"Welcome to the experiment. Press any key to begin.","response":" ","trial_type":"html-keyboard-response","trial_index":2,"time_elapsed":15084,"internal_node_id":"0.0-2.0"},{"view_history":[{"page_index":0,"viewing_time":11828},{"page_index":1,"viewing_time":86297},{"page_index":2,"viewing_time":33585},{"page_index":3,"viewing_time":5258},{"page_index":4,"viewing_time":2177},{"page_index":5,"viewing_time":1118},{"page_index":6,"viewing_time":5159},{"page_index":7,"viewing_time":13028},{"page_index":8,"viewing_time":18476},{"page_index":9,"viewing_time":6119},{"page_index":10,"viewing_time":5452},{"page_index":11,"viewing_time":564},{"page_index":12,"viewing_time":691},{"page_index":13,"viewing_time":2800},{"page_index":14,"viewing_time":3463},{"page_index":15,"viewing_time":7073},{"page_index":16,"viewing_time":3051},{"page_index":17,"viewing_time":539},{"page_index":18,"viewing_time":960},{"page_index":19,"viewing_time":3475},{"page_index":20,"viewing_time":5104},{"page_index":21,"viewing_time":4486}],"rt":220706,"trial_type":"instructions","trial_index":3,"time_elapsed":235805,"internal_node_id":"0.0-3.0"},{"rt":82333,"url":"../static/nodeGraphsTraining_normal.html","skip":[],"edgeClickLog":[],"inference_edge":[],"inference_edgeClickLog":[],"trial_type":"external-html","trial_index":4,"time_elapsed":318496,"internal_node_id":"0.0-4.0"},{"rt":32112,"response":{"q1":"The goal is to help the student to get the most points","q2":"False","q3":"Possible paths you, as the teacher, can choose to teach the learner.","q4":"Paths that the student took before."},"question_order":[0,1,2,3],"trial_type":"survey-multi-choice","trial_index":5,"time_elapsed":350617,"internal_node_id":"0.0-5.0"},{"rt":14475,"stimulus":"<p>You can take a 60 second break before starting the experiment.</p><br><br><p>This page will advance in 60 seconds or you can press any key to advance now.</p>","response":"k","trial_type":"html-keyboard-response","trial_index":6,"time_elapsed":365097,"internal_node_id":"0.0-7.0"},{"view_history":[{"page_index":0,"viewing_time":12431}],"rt":12431,"trial_type":"instructions","trial_index":7,"time_elapsed":377530,"internal_node_id":"0.0-8.0"},{"rt":10870,"url":"../static/nodeGraphs_normal.html","edge":"2to4","edgeRT":"8544","skip":"false","flipped":"FALSE","index":"0","edgeClickLog":"[{\"edgeSelection\":\"2to4\",\"edgeRTMS\":8544}]","trial_id":"cong_0","congruency":"C","trial_group":"1to5","condition":"normal","inference_edge":[],"inference_edgeClickLog":[],"task":"experiment","subjectId":"zqe8ptq4aubtz39","trial_type":"external-html","trial_index":8,"time_elapsed":388861,"internal_node_id":"0.0-9.0-0.0"},{"rt":4312,"url":"../static/nodeGraphs_normal.html","edge":"2to6","edgeRT":"4212","skip":"false","flipped":"FALSE","index":"1","edgeClickLog":"[{\"edgeSelection\":\"2to6\",\"edgeRTMS\":4212}]","trial_id":"cong_1","congruency":"C","trial_group":"1to5","condition":"normal","inference_edge":[],"inference_edgeClickLog":[],"task":"experiment","subjectId":"zqe8ptq4aubtz39","trial_type":"external-html","trial_index":9,"time_elapsed":394151,"internal_node_id":"0.0-9.0-0.1"},{"rt":4522,"url":"../static/nodeGraphs_normal.html","edge":"2to5","edgeRT":"4289","skip":"false","flipped":"FALSE","index":"2","edgeClickLog":"[{\"edgeSelection\":\"2to5\",\"edgeRTMS\":4289}]","trial_id":"cong_6","congruency":"C","trial_group":"1to5","condition":"normal","inference_edge":[],"inference_edgeClickLog":[],"task":"experiment","subjectId":"zqe8ptq4aubtz39","trial_type":"external-html","trial_index":10,"time_elapsed":399612,"internal_node_id":"0.0-9.0-0.2"},{"rt":9434,"url":"../static/nodeGraphs_normal.html","edge":"2to4","edgeRT":"8949","skip":"false","flipped":"FALSE","index":"3","edgeClickLog":"[{\"edgeSelection\":\"2to4\",\"edgeRTMS\":6753},{\"edgeSelection\":\"2to4\",\"edgeRTMS\":8949}]","trial_id":"cong_4","congruency":"C","trial_group":"1to5","condition":"normal","inference_edge":[],"inference_edgeClickLog":[],"task":"experiment","subjectId":"zqe8ptq4aubtz39","trial_type":"external-html","trial_index":11,"time_elapsed":409746,"internal_node_id":"0.0-9.0-0.3"},{"rt":3611,"url":"../static/nodeGraphs_normal.html","edge":"2to5","edgeRT":"3357","skip":"false","flipped":"FALSE","index":"4","edgeClickLog":"[{\"edgeSelection\":\"2to5\",\"edgeRTMS\":3357}]","trial_id":"cong_9","congruency":"C","trial_group":"1to5","condition":"normal","inference_edge":[],"inference_edgeClickLog":[],"task":"experiment","subjectId":"zqe8ptq4aubtz39","trial_type":"external-html","trial_index":12,"time_elapsed":414267,"internal_node_id":"0.0-9.0-0.4"},{"rt":5411,"url":"../static/nodeGraphs_normal.html","edge":"3to6","edgeRT":"4372","skip":"false","flipped":"TRUE","index":"5","edgeClickLog":"[{\"edgeSelection\":\"3to6\",\"edgeRTMS\":4372}]","trial_id":"cong_0_flipped","congruency":"C","trial_group":"5to10","condition":"normal","inference_edge":[],"inference_edgeClickLog":[],"task":"experiment","subjectId":"zqe8ptq4aubtz39","trial_type":"external-html","trial_index":13,"time_elapsed":420676,"internal_node_id":"0.0-9.0-0.5"},{"rt":7177,"url":"../static/nodeGraphs_normal.html","edge":"2to4","edgeRT":"4632","skip":"false","flipped":"TRUE","index":"6","edgeClickLog":"[{\"edgeSelection\":\"2to4\",\"edgeRTMS\":4632}]","trial_id":"cong_1_flipped","congruency":"C","trial_group":"5to10","condition":"normal","inference_edge":[],"inference_edgeClickLog":[],"task":"experiment","subjectId":"zqe8ptq4aubtz39","trial_type":"external-html","trial_index":14,"time_elapsed":428583,"internal_node_id":"0.0-9.0-0.6"},{"rt":4653,"url":"../static/nodeGraphs_normal.html","edge":"2to5","edgeRT":"4365","skip":"false","flipped":"TRUE","index":"7","edgeClickLog":"[{\"edgeSelection\":\"2to5\",\"edgeRTMS\":4365}]","trial_id":"cong_6_flipped","congruency":"C","trial_group":"5to10","condition":"normal","inference_edge":[],"inference_edgeClickLog":[],"task":"experiment","subjectId":"zqe8ptq4aubtz39","trial_type":"external-html","trial_index":15,"time_elapsed":434223,"internal_node_id":"0.0-9.0-0.7"},{"rt":3093,"url":"../static/nodeGraphs_normal.html","edge":"2to6","edgeRT":"2697","skip":"false","flipped":"TRUE","index":"8","edgeClickLog":"[{\"edgeSelection\":\"2to6\",\"edgeRTMS\":2697}]","trial_id":"cong_4_flipped","congruency":"C","trial_group":"5to10","condition":"normal","inference_edge":[],"inference_edgeClickLog":[],"task":"experiment","subjectId":"zqe8ptq4aubtz39","trial_type":"external-html","trial_index":16,"time_elapsed":438223,"internal_node_id":"0.0-9.0-0.8"},{"rt":6824,"url":"../static/nodeGraphs_normal.html","edge":"2to5","edgeRT":"5501","skip":"false","flipped":"TRUE","index":"9","edgeClickLog":"[{\"edgeSelection\":\"2to5\",\"edgeRTMS\":5501}]","trial_id":"cong_9_flipped","congruency":"C","trial_group":"5to10","condition":"normal","inference_edge":[],"inference_edgeClickLog":[],"task":"experiment","subjectId":"zqe8ptq4aubtz39","trial_type":"external-html","trial_index":17,"time_elapsed":445744,"internal_node_id":"0.0-9.0-0.9"},{"rt":5785,"url":"../static/nodeGraphs_normal.html","edge":"1to4","edgeRT":"5649","skip":"false","flipped":"FALSE","index":"10","edgeClickLog":"[{\"edgeSelection\":\"1to4\",\"edgeRTMS\":5649}]","trial_id":"cong_0","congruency":"C","trial_group":"10to15","condition":"normal","inference_edge":[],"inference_edgeClickLog":[],"task":"experiment","subjectId":"zqe8ptq4aubtz39","trial_type":"external-html","trial_index":18,"time_elapsed":452487,"internal_node_id":"0.0-9.0-0.10"},{"rt":6881,"url":"../static/nodeGraphs_normal.html","edge":"2to6","edgeRT":"4745","skip":"false","flipped":"FALSE","index":"11","edgeClickLog":"[{\"edgeSelection\":\"2to6\",\"edgeRTMS\":4745}]","trial_id":"cong_1","congruency":"C","trial_group":"10to15","condition":"normal","inference_edge":[],"inference_edgeClickLog":[],"task":"experiment","subjectId":"zqe8ptq4aubtz39","trial_type":"external-html","trial_index":19,"time_elapsed":460347,"internal_node_id":"0.0-9.0-0.11"},{"rt":6284,"url":"../static/nodeGraphs_normal.html","edge":"2to5","edgeRT":"2973","skip":"false","flipped":"FALSE","index":"12","edgeClickLog":"[{\"edgeSelection\":\"2to5\",\"edgeRTMS\":2973}]","trial_id":"cong_6","congruency":"C","trial_group":"10to15","condition":"normal","inference_edge":[],"inference_edgeClickLog":[],"task":"experiment","subjectId":"zqe8ptq4aubtz39","trial_type":"external-html","trial_index":20,"time_elapsed":467423,"internal_node_id":"0.0-9.0-0.12"},{"rt":3320,"url":"../static/nodeGraphs_normal.html","edge":"2to4","edgeRT":"3409","skip":"false","flipped":"FALSE","index":"13","edgeClickLog":"[{\"edgeSelection\":\"2to4\",\"edgeRTMS\":3409}]","trial_id":"cong_4","congruency":"C","trial_group":"10to15","condition":"normal","inference_edge":[],"inference_edgeClickLog":[],"task":"experiment","subjectId":"zqe8ptq4aubtz39","trial_type":"external-html","trial_index":21,"time_elapsed":471835,"internal_node_id":"0.0-9.0-0.13"},{"rt":2697,"url":"../static/nodeGraphs_normal.html","edge":"2to5","edgeRT":"2909","skip":"false","flipped":"FALSE","index":"14","edgeClickLog":"[{\"edgeSelection\":\"2to5\",\"edgeRTMS\":2909}]","trial_id":"cong_9","congruency":"C","trial_group":"10to15","condition":"normal","inference_edge":[],"inference_edgeClickLog":[],"task":"experiment","subjectId":"zqe8ptq4aubtz39","trial_type":"external-html","trial_index":22,"time_elapsed":475613,"internal_node_id":"0.0-9.0-0.14"},{"rt":10261,"url":"../static/nodeGraphs_normal.html","edge":"6to8","edgeRT":"1865","skip":"false","flipped":"FALSE","index":"15","edgeClickLog":"[{\"edgeSelection\":\"6to8\",\"edgeRTMS\":1865}]","trial_id":"test_0","congruency":"I","trial_group":"15to20","condition":"normal","inference_edge":[],"inference_edgeClickLog":[],"task":"experiment","subjectId":"zqe8ptq4aubtz39","trial_type":"external-html","trial_index":23,"time_elapsed":486660,"internal_node_id":"0.0-9.0-0.15"},{"rt":7472,"url":"../static/nodeGraphs_normal.html","edge":"0to3","edgeRT":"6637","skip":"false","flipped":"FALSE","index":"16","edgeClickLog":"[{\"edgeSelection\":\"0to3\",\"edgeRTMS\":6637}]","trial_id":"test_1","congruency":"I","trial_group":"15to20","condition":"normal","inference_edge":[],"inference_edgeClickLog":[],"task":"experiment","subjectId":"zqe8ptq4aubtz39","trial_type":"external-html","trial_index":24,"time_elapsed":495032,"internal_node_id":"0.0-9.0-0.16"},{"rt":4200,"url":"../static/nodeGraphs_normal.html","edge":"0to3","edgeRT":"3195","skip":"false","flipped":"FALSE","index":"17","edgeClickLog":"[{\"edgeSelection\":\"0to3\",\"edgeRTMS\":3195}]","trial_id":"test_2","congruency":"I","trial_group":"15to20","condition":"normal","inference_edge":[],"inference_edgeClickLog":[],"task":"experiment","subjectId":"zqe8ptq4aubtz39","trial_type":"external-html","trial_index":25,"time_elapsed":500047,"internal_node_id":"0.0-9.0-0.17"},{"rt":6607,"url":"../static/nodeGraphs_normal.html","edge":"1to5","edgeRT":"6212","skip":"false","flipped":"FALSE","index":"18","edgeClickLog":"[{\"edgeSelection\":\"1to5\",\"edgeRTMS\":6212}]","trial_id":"test_3","congruency":"I","trial_group":"15to20","condition":"normal","inference_edge":[],"inference_edgeClickLog":[],"task":"experiment","subjectId":"zqe8ptq4aubtz39","trial_type":"external-html","trial_index":26,"time_elapsed":507369,"internal_node_id":"0.0-9.0-0.18"},{"rt":6796,"url":"../static/nodeGraphs_normal.html","edge":"6to9","edgeRT":"3403","skip":"false","flipped":"FALSE","index":"19","edgeClickLog":"[{\"edgeSelection\":\"6to9\",\"edgeRTMS\":3403}]","trial_id":"test_4","congruency":"I","trial_group":"15to20","condition":"normal","inference_edge":[],"inference_edgeClickLog":[],"task":"experiment","subjectId":"zqe8ptq4aubtz39","trial_type":"external-html","trial_index":27,"time_elapsed":515236,"internal_node_id":"0.0-9.0-0.19"},{"rt":33706,"response":{"P0_Q0":null,"P0_Q1":5,"P0_Q2":5,"P0_Q3":6,"P0_Q4":5,"P0_Q5":3,"strategies":"the most points","feedback":"no"},"accuracy":[],"trial_type":"survey","trial_index":28,"time_elapsed":549624,"internal_node_id":"0.0-10.0"},{"rt":8732,"stimulus":"<p>Thanks for your time!</p>        <p>We need to manually calculate your bonus pay, please give us up to 7 days.</p><p>Press any key to conclude.</p>","response":"arrowright","task":"end","subjectId":"zqe8ptq4aubtz39","trial_type":"html-keyboard-response","trial_index":29,"time_elapsed":558369,"internal_node_id":"0.0-11.0","interactions":"[{\"event\":\"fullscreenenter\",\"trial\":1,\"time\":3465}]"}]