[{"success":true,"timeout":false,"failed_images":[],"failed_audio":[],"failed_video":[],"trial_type":"preload","trial_index":0,"time_elapsed":1491,"internal_node_id":"0.0-0.0"},{"success":true,"trial_type":"fullscreen","trial_index":1,"time_elapsed":10418,"internal_node_id":"0.0-1.0"},{"rt":5686,"stimulus":"Welcome to the experiment. Press any key to begin.","response":" ","trial_type":"html-keyboard-response","trial_index":2,"time_elapsed":16107,"internal_node_id":"0.0-2.0"},{"view_history":[{"page_index":0,"viewing_time":67810},{"page_index":1,"viewing_time":4501},{"page_index":2,"viewing_time":170811},{"page_index":3,"viewing_time":23846},{"page_index":4,"viewing_time":8780},{"page_index":5,"viewing_time":52073},{"page_index":6,"viewing_time":34703},{"page_index":7,"viewing_time":10533},{"page_index":8,"viewing_time":43330},{"page_index":9,"viewing_time":9772},{"page_index":10,"viewing_time":1866},{"page_index":11,"viewing_time":1190},{"page_index":12,"viewing_time":1122},{"page_index":13,"viewing_time":1738},{"page_index":14,"viewing_time":4088},{"page_index":15,"viewing_time":6607},{"page_index":16,"viewing_time":3124},{"page_index":17,"viewing_time":1068},{"page_index":18,"viewing_time":1386},{"page_index":19,"viewing_time":5633},{"page_index":20,"viewing_time":5548},{"page_index":21,"viewing_time":4152}],"rt":463680,"trial_type":"instructions","trial_index":3,"time_elapsed":479780,"internal_node_id":"0.0-3.0"},{"rt":153493,"url":"../static/nodeGraphsTraining_distractor.html","skip":[],"edgeClickLog":[],"inference_edge":[],"inference_edgeClickLog":[],"trial_type":"external-html","trial_index":4,"time_elapsed":633650,"internal_node_id":"0.0-4.0"},{"rt":49829,"response":{"q1":"The goal is to help the student to get the most points.","q2":"False","q3":"Possible edges you, as the teacher, can choose to teach the learner.","q4":"Edges that the student took before."},"question_order":[0,1,2,3],"trial_type":"survey-multi-choice","trial_index":5,"time_elapsed":683484,"internal_node_id":"0.0-5.0"},{"rt":10497,"stimulus":"<p>You can take a 60 second break before starting the experiment.</p><br><br><p>This page will advance in 60 seconds or you can press any key to advance now.</p>","response":" ","trial_type":"html-keyboard-response","trial_index":6,"time_elapsed":693987,"internal_node_id":"0.0-7.0"},{"view_history":[{"page_index":0,"viewing_time":38102}],"rt":38103,"trial_type":"instructions","trial_index":7,"time_elapsed":732090,"internal_node_id":"0.0-8.0"},{"rt":19280,"url":"../static/nodeGraphs_distractor.html","edge":"2to4","edgeRT":"8417","skip":"false","flipped":"FALSE","index":"0","edgeClickLog":"[{\"edgeSelection\":\"2to4\",\"edgeRTMS\":8417}]","trial_id":"incong_0","congruency":"I","trial_group":"1to5","condition":"distractor","inference_edge":"2to4,1to4,4to8","inference_edgeClickLog":"[{\"edgeSelection\":\"2to4\",\"edgeRTMS\":4281},{\"edgeSelection\":\"1to4\",\"edgeRTMS\":6486},{\"edgeSelection\":\"4to8\",\"edgeRTMS\":7829}]","inference_edgeRT":"7829","inference_edge_last":"4to8","task":"experiment","subjectId":"qz0zc144842urz1","trial_type":"external-html","trial_index":8,"time_elapsed":751549,"internal_node_id":"0.0-9.0-0.0"},{"rt":16658,"url":"../static/nodeGraphs_distractor.html","edge":"2to4","edgeRT":"3555","skip":"false","flipped":"FALSE","index":"1","edgeClickLog":"[{\"edgeSelection\":\"2to4\",\"edgeRTMS\":3555}]","trial_id":"incong_5","congruency":"I","trial_group":"1to5","condition":"distractor","inference_edge":"2to4,4to8,1to4","inference_edgeClickLog":"[{\"edgeSelection\":\"2to4\",\"edgeRTMS\":5451},{\"edgeSelection\":\"4to8\",\"edgeRTMS\":7133},{\"edgeSelection\":\"1to4\",\"edgeRTMS\":9075}]","inference_edgeRT":"9075","inference_edge_last":"1to4","task":"experiment","subjectId":"qz0zc144842urz1","trial_type":"external-html","trial_index":9,"time_elapsed":768944,"internal_node_id":"0.0-9.0-0.1"},{"rt":25686,"url":"../static/nodeGraphs_distractor.html","edge":"2to6","edgeRT":"7286","skip":"false","flipped":"FALSE","index":"2","edgeClickLog":"[{\"edgeSelection\":\"2to6\",\"edgeRTMS\":7286}]","trial_id":"incong_3","congruency":"I","trial_group":"1to5","condition":"distractor","inference_edge":"0to2,2to6,2to5","inference_edgeClickLog":"[{\"edgeSelection\":\"0to2\",\"edgeRTMS\":4684},{\"edgeSelection\":\"2to6\",\"edgeRTMS\":6534},{\"edgeSelection\":\"2to5\",\"edgeRTMS\":14208}]","inference_edgeRT":"14208","inference_edge_last":"2to5","task":"experiment","subjectId":"qz0zc144842urz1","trial_type":"external-html","trial_index":10,"time_elapsed":795383,"internal_node_id":"0.0-9.0-0.2"},{"rt":19379,"url":"../static/nodeGraphs_distractor.html","edge":"4to8","edgeRT":"4554","skip":"false","flipped":"FALSE","index":"3","edgeClickLog":"[{\"edgeSelection\":\"4to8\",\"edgeRTMS\":4554}]","trial_id":"incong_10","congruency":"I","trial_group":"1to5","condition":"distractor","inference_edge":"2to4,5to8,4to8","inference_edgeClickLog":"[{\"edgeSelection\":\"2to4\",\"edgeRTMS\":5631},{\"edgeSelection\":\"5to8\",\"edgeRTMS\":6688},{\"edgeSelection\":\"4to8\",\"edgeRTMS\":10235}]","inference_edgeRT":"10235","inference_edge_last":"4to8","task":"experiment","subjectId":"qz0zc144842urz1","trial_type":"external-html","trial_index":11,"time_elapsed":815567,"internal_node_id":"0.0-9.0-0.3"},{"rt":20688,"url":"../static/nodeGraphs_distractor.html","edge":"4to8","edgeRT":"5453","skip":"false","flipped":"FALSE","index":"4","edgeClickLog":"[{\"edgeSelection\":\"4to8\",\"edgeRTMS\":5453}]","trial_id":"incong_2","congruency":"I","trial_group":"1to5","condition":"distractor","inference_edge":"2to4,4to8,6to8","inference_edgeClickLog":"[{\"edgeSelection\":\"2to4\",\"edgeRTMS\":7579},{\"edgeSelection\":\"4to8\",\"edgeRTMS\":8714},{\"edgeSelection\":\"6to8\",\"edgeRTMS\":10085}]","inference_edgeRT":"10085","inference_edge_last":"6to8","task":"experiment","subjectId":"qz0zc144842urz1","trial_type":"external-html","trial_index":12,"time_elapsed":836998,"internal_node_id":"0.0-9.0-0.4"},{"rt":18521,"url":"../static/nodeGraphs_distractor.html","edge":"6to9","edgeRT":"4242","skip":"false","flipped":"TRUE","index":"5","edgeClickLog":"[{\"edgeSelection\":\"6to9\",\"edgeRTMS\":4242}]","trial_id":"incong_0_flipped","congruency":"I","trial_group":"5to10","condition":"distractor","inference_edge":"3to6,6to9,2to6","inference_edgeClickLog":"[{\"edgeSelection\":\"3to6\",\"edgeRTMS\":6488},{\"edgeSelection\":\"6to9\",\"edgeRTMS\":8034},{\"edgeSelection\":\"2to6\",\"edgeRTMS\":10181}]","inference_edgeRT":"10181","inference_edge_last":"2to6","task":"experiment","subjectId":"qz0zc144842urz1","trial_type":"external-html","trial_index":13,"time_elapsed":856244,"internal_node_id":"0.0-9.0-0.5"},{"rt":24732,"url":"../static/nodeGraphs_distractor.html","edge":"6to9","edgeRT":"5793","skip":"false","flipped":"TRUE","index":"6","edgeClickLog":"[{\"edgeSelection\":\"6to9\",\"edgeRTMS\":5793}]","trial_id":"incong_5_flipped","congruency":"I","trial_group":"5to10","condition":"distractor","inference_edge":"2to6,6to8,6to9","inference_edgeClickLog":"[{\"edgeSelection\":\"3to6\",\"edgeRTMS\":4883},{\"edgeSelection\":\"2to6\",\"edgeRTMS\":6163},{\"edgeSelection\":\"6to8\",\"edgeRTMS\":7308},{\"edgeSelection\":\"3to6\",\"edgeRTMS\":11066},{\"edgeSelection\":\"6to9\",\"edgeRTMS\":12299}]","inference_edgeRT":"12299","inference_edge_last":"6to9","task":"experiment","subjectId":"qz0zc144842urz1","trial_type":"external-html","trial_index":14,"time_elapsed":881671,"internal_node_id":"0.0-9.0-0.6"},{"rt":18296,"url":"../static/nodeGraphs_distractor.html","edge":"2to4","edgeRT":"4202","skip":"false","flipped":"TRUE","index":"7","edgeClickLog":"[{\"edgeSelection\":\"2to4\",\"edgeRTMS\":4202}]","trial_id":"incong_3_flipped","congruency":"I","trial_group":"5to10","condition":"distractor","inference_edge":"0to2,2to4,4to8","inference_edgeClickLog":"[{\"edgeSelection\":\"0to2\",\"edgeRTMS\":4655},{\"edgeSelection\":\"2to4\",\"edgeRTMS\":5969},{\"edgeSelection\":\"4to8\",\"edgeRTMS\":8733}]","inference_edgeRT":"8733","inference_edge_last":"4to8","task":"experiment","subjectId":"qz0zc144842urz1","trial_type":"external-html","trial_index":15,"time_elapsed":900697,"internal_node_id":"0.0-9.0-0.7"},{"rt":16587,"url":"../static/nodeGraphs_distractor.html","edge":"6to8","edgeRT":"2528","skip":"false","flipped":"TRUE","index":"8","edgeClickLog":"[{\"edgeSelection\":\"6to8\",\"edgeRTMS\":2528}]","trial_id":"incong_10_flipped","congruency":"I","trial_group":"5to10","condition":"distractor","inference_edge":"5to8,6to8,2to6","inference_edgeClickLog":"[{\"edgeSelection\":\"5to8\",\"edgeRTMS\":3739},{\"edgeSelection\":\"6to8\",\"edgeRTMS\":4955},{\"edgeSelection\":\"2to6\",\"edgeRTMS\":6239}]","inference_edgeRT":"6239","inference_edge_last":"2to6","task":"experiment","subjectId":"qz0zc144842urz1","trial_type":"external-html","trial_index":16,"time_elapsed":918025,"internal_node_id":"0.0-9.0-0.8"},{"rt":16560,"url":"../static/nodeGraphs_distractor.html","edge":"6to8","edgeRT":"1693","skip":"false","flipped":"TRUE","index":"9","edgeClickLog":"[{\"edgeSelection\":\"6to8\",\"edgeRTMS\":1693}]","trial_id":"incong_2_flipped","congruency":"I","trial_group":"5to10","condition":"distractor","inference_edge":"2to6,3to6,6to8","inference_edgeClickLog":"[{\"edgeSelection\":\"2to6\",\"edgeRTMS\":5978},{\"edgeSelection\":\"3to6\",\"edgeRTMS\":7212},{\"edgeSelection\":\"6to8\",\"edgeRTMS\":8413}]","inference_edgeRT":"8413","inference_edge_last":"6to8","task":"experiment","subjectId":"qz0zc144842urz1","trial_type":"external-html","trial_index":17,"time_elapsed":935363,"internal_node_id":"0.0-9.0-0.9"},{"rt":19861,"url":"../static/nodeGraphs_distractor.html","edge":"4to8","edgeRT":"4467","skip":"false","flipped":"FALSE","index":"10","edgeClickLog":"[{\"edgeSelection\":\"4to8\",\"edgeRTMS\":4467}]","trial_id":"incong_0","congruency":"I","trial_group":"10to15","condition":"distractor","inference_edge":"2to4,4to8,4to7","inference_edgeClickLog":"[{\"edgeSelection\":\"2to4\",\"edgeRTMS\":3732},{\"edgeSelection\":\"4to8\",\"edgeRTMS\":5022},{\"edgeSelection\":\"4to7\",\"edgeRTMS\":8332}]","inference_edgeRT":"8332","inference_edge_last":"4to7","task":"experiment","subjectId":"qz0zc144842urz1","trial_type":"external-html","trial_index":18,"time_elapsed":956235,"internal_node_id":"0.0-9.0-0.10"},{"rt":15524,"url":"../static/nodeGraphs_distractor.html","edge":"4to8","edgeRT":"4044","skip":"false","flipped":"FALSE","index":"11","edgeClickLog":"[{\"edgeSelection\":\"4to8\",\"edgeRTMS\":4044}]","trial_id":"incong_5","congruency":"I","trial_group":"10to15","condition":"distractor","inference_edge":"2to4,4to8,4to7","inference_edgeClickLog":"[{\"edgeSelection\":\"2to4\",\"edgeRTMS\":4911},{\"edgeSelection\":\"4to8\",\"edgeRTMS\":7592},{\"edgeSelection\":\"4to7\",\"edgeRTMS\":8866}]","inference_edgeRT":"8866","inference_edge_last":"4to7","task":"experiment","subjectId":"qz0zc144842urz1","trial_type":"external-html","trial_index":19,"time_elapsed":972546,"internal_node_id":"0.0-9.0-0.11"},{"rt":19048,"url":"../static/nodeGraphs_distractor.html","edge":"2to6","edgeRT":"1434","skip":"false","flipped":"FALSE","index":"12","edgeClickLog":"[{\"edgeSelection\":\"2to6\",\"edgeRTMS\":1434}]","trial_id":"incong_3","congruency":"I","trial_group":"10to15","condition":"distractor","inference_edge":"2to6,2to4,2to5","inference_edgeClickLog":"[{\"edgeSelection\":\"2to6\",\"edgeRTMS\":5087},{\"edgeSelection\":\"2to4\",\"edgeRTMS\":6777},{\"edgeSelection\":\"2to5\",\"edgeRTMS\":8442}]","inference_edgeRT":"8442","inference_edge_last":"2to5","task":"experiment","subjectId":"qz0zc144842urz1","trial_type":"external-html","trial_index":20,"time_elapsed":992547,"internal_node_id":"0.0-9.0-0.12"},{"rt":17219,"url":"../static/nodeGraphs_distractor.html","edge":"4to8","edgeRT":"2035","skip":"false","flipped":"FALSE","index":"13","edgeClickLog":"[{\"edgeSelection\":\"4to8\",\"edgeRTMS\":2035}]","trial_id":"incong_10","congruency":"I","trial_group":"10to15","condition":"distractor","inference_edge":"6to8,4to8,2to4","inference_edgeClickLog":"[{\"edgeSelection\":\"6to8\",\"edgeRTMS\":6183},{\"edgeSelection\":\"4to8\",\"edgeRTMS\":7546},{\"edgeSelection\":\"2to4\",\"edgeRTMS\":9429}]","inference_edgeRT":"9429","inference_edge_last":"2to4","task":"experiment","subjectId":"qz0zc144842urz1","trial_type":"external-html","trial_index":21,"time_elapsed":1010519,"internal_node_id":"0.0-9.0-0.13"},{"rt":14169,"url":"../static/nodeGraphs_distractor.html","edge":"4to8","edgeRT":"2095","skip":"false","flipped":"FALSE","index":"14","edgeClickLog":"[{\"edgeSelection\":\"4to8\",\"edgeRTMS\":2095}]","trial_id":"incong_2","congruency":"I","trial_group":"10to15","condition":"distractor","inference_edge":"4to8,2to4,6to8","inference_edgeClickLog":"[{\"edgeSelection\":\"4to8\",\"edgeRTMS\":4693},{\"edgeSelection\":\"2to4\",\"edgeRTMS\":6025},{\"edgeSelection\":\"6to8\",\"edgeRTMS\":7100}]","inference_edgeRT":"7100","inference_edge_last":"6to8","task":"experiment","subjectId":"qz0zc144842urz1","trial_type":"external-html","trial_index":22,"time_elapsed":1025501,"internal_node_id":"0.0-9.0-0.14"},{"rt":21830,"url":"../static/nodeGraphs_distractor.html","edge":"6to8","edgeRT":"6346","skip":"false","flipped":"FALSE","index":"15","edgeClickLog":"[{\"edgeSelection\":\"6to8\",\"edgeRTMS\":6346}]","trial_id":"test_0","congruency":"I","trial_group":"15to20","condition":"distractor","inference_edge":"4to8,2to4,6to8","inference_edgeClickLog":"[{\"edgeSelection\":\"4to8\",\"edgeRTMS\":4693},{\"edgeSelection\":\"2to4\",\"edgeRTMS\":6025},{\"edgeSelection\":\"6to8\",\"edgeRTMS\":7100}]","inference_edgeRT":"7100","inference_edge_last":"","task":"experiment","subjectId":"qz0zc144842urz1","trial_type":"external-html","trial_index":23,"time_elapsed":1048109,"internal_node_id":"0.0-9.0-0.15"},{"rt":13320,"url":"../static/nodeGraphs_distractor.html","edge":"3to6","edgeRT":"7457","skip":"false","flipped":"FALSE","index":"16","edgeClickLog":"[{\"edgeSelection\":\"3to6\",\"edgeRTMS\":7457}]","trial_id":"test_1","congruency":"I","trial_group":"15to20","condition":"distractor","inference_edge":"4to8,2to4,6to8","inference_edgeClickLog":"[{\"edgeSelection\":\"4to8\",\"edgeRTMS\":4693},{\"edgeSelection\":\"2to4\",\"edgeRTMS\":6025},{\"edgeSelection\":\"6to8\",\"edgeRTMS\":7100}]","inference_edgeRT":"7100","inference_edge_last":"","task":"experiment","subjectId":"qz0zc144842urz1","trial_type":"external-html","trial_index":24,"time_elapsed":1062181,"internal_node_id":"0.0-9.0-0.16"},{"rt":12389,"url":"../static/nodeGraphs_distractor.html","edge":"3to6","edgeRT":"4918","skip":"false","flipped":"FALSE","index":"17","edgeClickLog":"[{\"edgeSelection\":\"3to6\",\"edgeRTMS\":4918}]","trial_id":"test_2","congruency":"I","trial_group":"15to20","condition":"distractor","inference_edge":"4to8,2to4,6to8","inference_edgeClickLog":"[{\"edgeSelection\":\"4to8\",\"edgeRTMS\":4693},{\"edgeSelection\":\"2to4\",\"edgeRTMS\":6025},{\"edgeSelection\":\"6to8\",\"edgeRTMS\":7100}]","inference_edgeRT":"7100","inference_edge_last":"","task":"experiment","subjectId":"qz0zc144842urz1","trial_type":"external-html","trial_index":25,"time_elapsed":1075323,"internal_node_id":"0.0-9.0-0.17"},{"rt":6911,"url":"../static/nodeGraphs_distractor.html","edge":"1to5","edgeRT":"3946","skip":"false","flipped":"FALSE","index":"18","edgeClickLog":"[{\"edgeSelection\":\"1to5\",\"edgeRTMS\":3946}]","trial_id":"test_3","congruency":"I","trial_group":"15to20","condition":"distractor","inference_edge":"4to8,2to4,6to8","inference_edgeClickLog":"[{\"edgeSelection\":\"4to8\",\"edgeRTMS\":4693},{\"edgeSelection\":\"2to4\",\"edgeRTMS\":6025},{\"edgeSelection\":\"6to8\",\"edgeRTMS\":7100}]","inference_edgeRT":"7100","inference_edge_last":"","task":"experiment","subjectId":"qz0zc144842urz1","trial_type":"external-html","trial_index":26,"time_elapsed":1083009,"internal_node_id":"0.0-9.0-0.18"},{"rt":6063,"url":"../static/nodeGraphs_distractor.html","edge":"6to9","edgeRT":"4783","skip":"false","flipped":"FALSE","index":"19","edgeClickLog":"[{\"edgeSelection\":\"6to9\",\"edgeRTMS\":4783}]","trial_id":"test_4","congruency":"I","trial_group":"15to20","condition":"distractor","inference_edge":"4to8,2to4,6to8","inference_edgeClickLog":"[{\"edgeSelection\":\"4to8\",\"edgeRTMS\":4693},{\"edgeSelection\":\"2to4\",\"edgeRTMS\":6025},{\"edgeSelection\":\"6to8\",\"edgeRTMS\":7100}]","inference_edgeRT":"7100","inference_edge_last":"","task":"experiment","subjectId":"qz0zc144842urz1","trial_type":"external-html","trial_index":27,"time_elapsed":1089935,"internal_node_id":"0.0-9.0-0.19"},{"rt":42227,"response":{"P0_Q0":null,"P0_Q1":3,"P0_Q2":7,"P0_Q3":7,"P0_Q4":5,"P0_Q5":1,"strategies":"I chose to connect the two numbers that would make the most points. ","feedback":"Very interesting study, I had a lot of fun. "},"accuracy":[],"trial_type":"survey","trial_index":28,"time_elapsed":1132857,"internal_node_id":"0.0-10.0"},{"rt":3798,"stimulus":"<p>Thanks for your time!</p>        <p>We need to manually calculate your bonus pay, please give us up to 7 days.</p><p>Press any key to conclude.</p>","response":" ","task":"end","subjectId":"qz0zc144842urz1","trial_type":"html-keyboard-response","trial_index":29,"time_elapsed":1136663,"internal_node_id":"0.0-11.0","interactions":"[{\"event\":\"fullscreenenter\",\"trial\":1,\"time\":9445},{\"event\":\"blur\",\"trial\":4,\"time\":490398},{\"event\":\"fullscreenexit\",\"trial\":4,\"time\":490405},{\"event\":\"focus\",\"trial\":4,\"time\":490590},{\"event\":\"blur\",\"trial\":4,\"time\":513623},{\"event\":\"focus\",\"trial\":4,\"time\":513783},{\"event\":\"blur\",\"trial\":5,\"time\":643821},{\"event\":\"focus\",\"trial\":5,\"time\":646551}]"}]