[{"success":true,"timeout":false,"failed_images":[],"failed_audio":[],"failed_video":[],"trial_type":"preload","trial_index":0,"time_elapsed":438,"internal_node_id":"0.0-0.0"},{"success":true,"trial_type":"fullscreen","trial_index":1,"time_elapsed":3750,"internal_node_id":"0.0-1.0"},{"rt":5320,"stimulus":"Welcome to the experiment. Press any key to begin.","response":" ","trial_type":"html-keyboard-response","trial_index":2,"time_elapsed":9071,"internal_node_id":"0.0-2.0"},{"view_history":[{"page_index":0,"viewing_time":3307},{"page_index":1,"viewing_time":3116},{"page_index":2,"viewing_time":49465},{"page_index":3,"viewing_time":8145},{"page_index":2,"viewing_time":1822},{"page_index":3,"viewing_time":3331},{"page_index":4,"viewing_time":1800},{"page_index":5,"viewing_time":900},{"page_index":6,"viewing_time":2025},{"page_index":7,"viewing_time":10463},{"page_index":8,"viewing_time":22679},{"page_index":9,"viewing_time":7875},{"page_index":10,"viewing_time":3015},{"page_index":11,"viewing_time":720},{"page_index":12,"viewing_time":574},{"page_index":13,"viewing_time":1451},{"page_index":14,"viewing_time":2205},{"page_index":15,"viewing_time":10035},{"page_index":16,"viewing_time":1192},{"page_index":17,"viewing_time":506},{"page_index":18,"viewing_time":518},{"page_index":19,"viewing_time":7821},{"page_index":20,"viewing_time":3306},{"page_index":21,"viewing_time":3218}],"rt":149486,"trial_type":"instructions","trial_index":3,"time_elapsed":158555,"internal_node_id":"0.0-3.0"},{"rt":98869,"url":"../static/nodeGraphsTraining_normal.html","skip":[],"edgeClickLog":[],"inference_edge":[],"inference_edgeClickLog":[],"trial_type":"external-html","trial_index":4,"time_elapsed":257495,"internal_node_id":"0.0-4.0"},{"rt":29663,"response":{"q1":"The goal is to help the student to get the most points","q2":"False","q3":"Possible paths you, as the teacher, can choose to teach the learner.","q4":"Paths that the student took before."},"question_order":[0,1,2,3],"trial_type":"survey-multi-choice","trial_index":5,"time_elapsed":287160,"internal_node_id":"0.0-5.0"},{"rt":3351,"stimulus":"<p>You can take a 60 second break before starting the experiment.</p><br><br><p>This page will advance in 60 seconds or you can press any key to advance now.</p>","response":" ","trial_type":"html-keyboard-response","trial_index":6,"time_elapsed":290512,"internal_node_id":"0.0-7.0"},{"view_history":[{"page_index":0,"viewing_time":14636}],"rt":14636,"trial_type":"instructions","trial_index":7,"time_elapsed":305148,"internal_node_id":"0.0-8.0"},{"rt":7886,"url":"../static/nodeGraphs_normal.html","edge":"2to4","edgeRT":"6671","skip":"false","flipped":"FALSE","index":"0","edgeClickLog":"[{\"edgeSelection\":\"2to4\",\"edgeRTMS\":6671}]","trial_id":"incong_0","congruency":"I","trial_group":"1to5","condition":"normal","inference_edge":[],"inference_edgeClickLog":[],"task":"experiment","subjectId":"6hbx7lzajgcl2no","trial_type":"external-html","trial_index":8,"time_elapsed":313112,"internal_node_id":"0.0-9.0-0.0"},{"rt":14818,"url":"../static/nodeGraphs_normal.html","edge":"5to8","edgeRT":"14536","skip":"false","flipped":"FALSE","index":"1","edgeClickLog":"[{\"edgeSelection\":\"5to8\",\"edgeRTMS\":14536}]","trial_id":"incong_5","congruency":"I","trial_group":"1to5","condition":"normal","inference_edge":[],"inference_edgeClickLog":[],"task":"experiment","subjectId":"6hbx7lzajgcl2no","trial_type":"external-html","trial_index":9,"time_elapsed":328513,"internal_node_id":"0.0-9.0-0.1"},{"rt":6071,"url":"../static/nodeGraphs_normal.html","edge":"0to2","edgeRT":"5008","skip":"false","flipped":"FALSE","index":"2","edgeClickLog":"[{\"edgeSelection\":\"0to2\",\"edgeRTMS\":5008}]","trial_id":"incong_3","congruency":"I","trial_group":"1to5","condition":"normal","inference_edge":[],"inference_edgeClickLog":[],"task":"experiment","subjectId":"6hbx7lzajgcl2no","trial_type":"external-html","trial_index":10,"time_elapsed":335353,"internal_node_id":"0.0-9.0-0.2"},{"rt":9795,"url":"../static/nodeGraphs_normal.html","edge":"3to6","edgeRT":"9237","skip":"false","flipped":"FALSE","index":"3","edgeClickLog":"[{\"edgeSelection\":\"3to6\",\"edgeRTMS\":9237}]","trial_id":"incong_10","congruency":"I","trial_group":"1to5","condition":"normal","inference_edge":[],"inference_edgeClickLog":[],"task":"experiment","subjectId":"6hbx7lzajgcl2no","trial_type":"external-html","trial_index":11,"time_elapsed":345724,"internal_node_id":"0.0-9.0-0.3"},{"rt":14609,"url":"../static/nodeGraphs_normal.html","edge":"0to2","edgeRT":"12502","skip":"false","flipped":"FALSE","index":"4","edgeClickLog":"[{\"edgeSelection\":\"0to1\",\"edgeRTMS\":8068},{\"edgeSelection\":\"0to2\",\"edgeRTMS\":12502}]","trial_id":"incong_2","congruency":"I","trial_group":"1to5","condition":"normal","inference_edge":[],"inference_edgeClickLog":[],"task":"experiment","subjectId":"6hbx7lzajgcl2no","trial_type":"external-html","trial_index":12,"time_elapsed":360903,"internal_node_id":"0.0-9.0-0.4"},{"rt":9240,"url":"../static/nodeGraphs_normal.html","edge":"3to6","edgeRT":"8662","skip":"false","flipped":"TRUE","index":"5","edgeClickLog":"[{\"edgeSelection\":\"3to6\",\"edgeRTMS\":8662}]","trial_id":"incong_0_flipped","congruency":"I","trial_group":"5to10","condition":"normal","inference_edge":[],"inference_edgeClickLog":[],"task":"experiment","subjectId":"6hbx7lzajgcl2no","trial_type":"external-html","trial_index":13,"time_elapsed":370722,"internal_node_id":"0.0-9.0-0.5"},{"rt":7544,"url":"../static/nodeGraphs_normal.html","edge":"1to4","edgeRT":"6773","skip":"false","flipped":"TRUE","index":"6","edgeClickLog":"[{\"edgeSelection\":\"1to4\",\"edgeRTMS\":6773}]","trial_id":"incong_5_flipped","congruency":"I","trial_group":"5to10","condition":"normal","inference_edge":[],"inference_edgeClickLog":[],"task":"experiment","subjectId":"6hbx7lzajgcl2no","trial_type":"external-html","trial_index":14,"time_elapsed":378843,"internal_node_id":"0.0-9.0-0.6"},{"rt":8901,"url":"../static/nodeGraphs_normal.html","edge":"0to2","edgeRT":"6740","skip":"false","flipped":"TRUE","index":"7","edgeClickLog":"[{\"edgeSelection\":\"0to2\",\"edgeRTMS\":6740}]","trial_id":"incong_3_flipped","congruency":"I","trial_group":"5to10","condition":"normal","inference_edge":[],"inference_edgeClickLog":[],"task":"experiment","subjectId":"6hbx7lzajgcl2no","trial_type":"external-html","trial_index":15,"time_elapsed":388327,"internal_node_id":"0.0-9.0-0.7"},{"rt":12400,"url":"../static/nodeGraphs_normal.html","edge":"5to8","edgeRT":"12086","skip":"false","flipped":"TRUE","index":"8","edgeClickLog":"[{\"edgeSelection\":\"1to4\",\"edgeRTMS\":7595},{\"edgeSelection\":\"5to8\",\"edgeRTMS\":11182},{\"edgeSelection\":\"5to8\",\"edgeRTMS\":12086}]","trial_id":"incong_10_flipped","congruency":"I","trial_group":"5to10","condition":"normal","inference_edge":[],"inference_edgeClickLog":[],"task":"experiment","subjectId":"6hbx7lzajgcl2no","trial_type":"external-html","trial_index":16,"time_elapsed":401457,"internal_node_id":"0.0-9.0-0.8"},{"rt":11195,"url":"../static/nodeGraphs_normal.html","edge":"1to4","edgeRT":"9866","skip":"false","flipped":"TRUE","index":"9","edgeClickLog":"[{\"edgeSelection\":\"1to4\",\"edgeRTMS\":9866}]","trial_id":"incong_2_flipped","congruency":"I","trial_group":"5to10","condition":"normal","inference_edge":[],"inference_edgeClickLog":[],"task":"experiment","subjectId":"6hbx7lzajgcl2no","trial_type":"external-html","trial_index":17,"time_elapsed":413234,"internal_node_id":"0.0-9.0-0.9"},{"rt":12818,"url":"../static/nodeGraphs_normal.html","edge":"6to8","edgeRT":"11138","skip":"false","flipped":"FALSE","index":"10","edgeClickLog":"[{\"edgeSelection\":\"6to8\",\"edgeRTMS\":11138}]","trial_id":"incong_0","congruency":"I","trial_group":"10to15","condition":"normal","inference_edge":[],"inference_edgeClickLog":[],"task":"experiment","subjectId":"6hbx7lzajgcl2no","trial_type":"external-html","trial_index":18,"time_elapsed":426621,"internal_node_id":"0.0-9.0-0.10"},{"rt":15739,"url":"../static/nodeGraphs_normal.html","edge":"3to6","edgeRT":"13535","skip":"false","flipped":"FALSE","index":"11","edgeClickLog":"[{\"edgeSelection\":\"3to6\",\"edgeRTMS\":13535}]","trial_id":"incong_5","congruency":"I","trial_group":"10to15","condition":"normal","inference_edge":[],"inference_edgeClickLog":[],"task":"experiment","subjectId":"6hbx7lzajgcl2no","trial_type":"external-html","trial_index":19,"time_elapsed":442945,"internal_node_id":"0.0-9.0-0.11"},{"rt":5247,"url":"../static/nodeGraphs_normal.html","edge":"0to2","edgeRT":"3386","skip":"false","flipped":"FALSE","index":"12","edgeClickLog":"[{\"edgeSelection\":\"0to2\",\"edgeRTMS\":3386}]","trial_id":"incong_3","congruency":"I","trial_group":"10to15","condition":"normal","inference_edge":[],"inference_edgeClickLog":[],"task":"experiment","subjectId":"6hbx7lzajgcl2no","trial_type":"external-html","trial_index":20,"time_elapsed":448771,"internal_node_id":"0.0-9.0-0.12"},{"rt":7801,"url":"../static/nodeGraphs_normal.html","edge":"3to6","edgeRT":"7427","skip":"false","flipped":"FALSE","index":"13","edgeClickLog":"[{\"edgeSelection\":\"3to6\",\"edgeRTMS\":7427}]","trial_id":"incong_10","congruency":"I","trial_group":"10to15","condition":"normal","inference_edge":[],"inference_edgeClickLog":[],"task":"experiment","subjectId":"6hbx7lzajgcl2no","trial_type":"external-html","trial_index":21,"time_elapsed":457253,"internal_node_id":"0.0-9.0-0.13"},{"rt":5819,"url":"../static/nodeGraphs_normal.html","edge":"0to2","edgeRT":"5423","skip":"false","flipped":"FALSE","index":"14","edgeClickLog":"[{\"edgeSelection\":\"0to2\",\"edgeRTMS\":5423}]","trial_id":"incong_2","congruency":"I","trial_group":"10to15","condition":"normal","inference_edge":[],"inference_edgeClickLog":[],"task":"experiment","subjectId":"6hbx7lzajgcl2no","trial_type":"external-html","trial_index":22,"time_elapsed":463642,"internal_node_id":"0.0-9.0-0.14"},{"rt":19509,"url":"../static/nodeGraphs_normal.html","edge":"5to8","edgeRT":"9880","skip":"false","flipped":"FALSE","index":"15","edgeClickLog":"[{\"edgeSelection\":\"5to8\",\"edgeRTMS\":5784},{\"edgeSelection\":\"3to6\",\"edgeRTMS\":7346},{\"edgeSelection\":\"3to6\",\"edgeRTMS\":8370},{\"edgeSelection\":\"3to6\",\"edgeRTMS\":8868},{\"edgeSelection\":\"5to8\",\"edgeRTMS\":9880}]","trial_id":"test_0","congruency":"I","trial_group":"15to20","condition":"normal","inference_edge":[],"inference_edgeClickLog":[],"task":"experiment","subjectId":"6hbx7lzajgcl2no","trial_type":"external-html","trial_index":23,"time_elapsed":483724,"internal_node_id":"0.0-9.0-0.15"},{"rt":15827,"url":"../static/nodeGraphs_normal.html","edge":"0to1","edgeRT":"9889","skip":"false","flipped":"FALSE","index":"16","edgeClickLog":"[{\"edgeSelection\":\"0to1\",\"edgeRTMS\":9889}]","trial_id":"test_1","congruency":"I","trial_group":"15to20","condition":"normal","inference_edge":[],"inference_edgeClickLog":[],"task":"experiment","subjectId":"6hbx7lzajgcl2no","trial_type":"external-html","trial_index":24,"time_elapsed":500148,"internal_node_id":"0.0-9.0-0.16"},{"rt":7812,"url":"../static/nodeGraphs_normal.html","edge":"0to3","edgeRT":"4377","skip":"false","flipped":"FALSE","index":"17","edgeClickLog":"[{\"edgeSelection\":\"0to3\",\"edgeRTMS\":4377}]","trial_id":"test_2","congruency":"I","trial_group":"15to20","condition":"normal","inference_edge":[],"inference_edgeClickLog":[],"task":"experiment","subjectId":"6hbx7lzajgcl2no","trial_type":"external-html","trial_index":25,"time_elapsed":508539,"internal_node_id":"0.0-9.0-0.17"},{"rt":11789,"url":"../static/nodeGraphs_normal.html","edge":"5to7","edgeRT":"11544","skip":"false","flipped":"FALSE","index":"18","edgeClickLog":"[{\"edgeSelection\":\"5to7\",\"edgeRTMS\":11544}]","trial_id":"test_3","congruency":"I","trial_group":"15to20","condition":"normal","inference_edge":[],"inference_edgeClickLog":[],"task":"experiment","subjectId":"6hbx7lzajgcl2no","trial_type":"external-html","trial_index":26,"time_elapsed":521027,"internal_node_id":"0.0-9.0-0.18"},{"rt":21956,"url":"../static/nodeGraphs_normal.html","edge":"2to6","edgeRT":"21556","skip":"false","flipped":"FALSE","index":"19","edgeClickLog":"[{\"edgeSelection\":\"2to6\",\"edgeRTMS\":21556}]","trial_id":"test_4","congruency":"I","trial_group":"15to20","condition":"normal","inference_edge":[],"inference_edgeClickLog":[],"task":"experiment","subjectId":"6hbx7lzajgcl2no","trial_type":"external-html","trial_index":27,"time_elapsed":543560,"internal_node_id":"0.0-9.0-0.19"},{"rt":127366,"response":{"P0_Q0":null,"P0_Q1":3,"P0_Q2":6,"P0_Q3":5,"P0_Q4":4,"P0_Q5":1,"strategies":"I tried to base the path choice on the highest value deviation from the existing path. There might be other options with higher points, but not knowing what paths the student's had access to, it was optimal to chose based on the knowledge I had based on their current options.","feedback":"I was an interesting set of choices, especially teaching blind per se."},"accuracy":[],"trial_type":"survey","trial_index":28,"time_elapsed":671477,"internal_node_id":"0.0-10.0"},{"rt":3814,"stimulus":"<p>Thanks for your time!</p>        <p>We need to manually calculate your bonus pay, please give us up to 7 days.</p><p>Press any key to conclude.</p>","response":" ","task":"end","subjectId":"6hbx7lzajgcl2no","trial_type":"html-keyboard-response","trial_index":29,"time_elapsed":675292,"internal_node_id":"0.0-11.0","interactions":"[{\"event\":\"fullscreenenter\",\"trial\":1,\"time\":2759},{\"event\":\"blur\",\"trial\":4,\"time\":186111},{\"event\":\"fullscreenexit\",\"trial\":4,\"time\":186114},{\"event\":\"focus\",\"trial\":4,\"time\":186291}]"}]