[{"success":true,"timeout":false,"failed_images":[],"failed_audio":[],"failed_video":[],"trial_type":"preload","trial_index":0,"time_elapsed":1064,"internal_node_id":"0.0-0.0"},{"success":true,"trial_type":"fullscreen","trial_index":1,"time_elapsed":8639,"internal_node_id":"0.0-1.0"},{"rt":4209,"stimulus":"Welcome to the experiment. Press any key to begin.","response":" ","trial_type":"html-keyboard-response","trial_index":2,"time_elapsed":12852,"internal_node_id":"0.0-2.0"},{"view_history":[{"page_index":0,"viewing_time":7710},{"page_index":1,"viewing_time":11202},{"page_index":2,"viewing_time":42520},{"page_index":3,"viewing_time":5626},{"page_index":4,"viewing_time":1892},{"page_index":5,"viewing_time":1013},{"page_index":6,"viewing_time":2196},{"page_index":7,"viewing_time":18844},{"page_index":8,"viewing_time":29578},{"page_index":9,"viewing_time":11870},{"page_index":10,"viewing_time":2188},{"page_index":11,"viewing_time":960},{"page_index":12,"viewing_time":882},{"page_index":13,"viewing_time":2422},{"page_index":14,"viewing_time":8292},{"page_index":15,"viewing_time":7266},{"page_index":16,"viewing_time":2218},{"page_index":17,"viewing_time":726},{"page_index":18,"viewing_time":838},{"page_index":19,"viewing_time":4516},{"page_index":20,"viewing_time":13860},{"page_index":21,"viewing_time":4978}],"rt":181598,"trial_type":"instructions","trial_index":3,"time_elapsed":194452,"internal_node_id":"0.0-3.0"},{"rt":120663,"url":"../static/nodeGraphsTraining_distractor.html","skip":[],"edgeClickLog":[],"inference_edge":[],"inference_edgeClickLog":[],"trial_type":"external-html","trial_index":4,"time_elapsed":315369,"internal_node_id":"0.0-4.0"},{"rt":44537,"response":{"q1":"The goal is to help the student to get the most points.","q2":"False","q3":"Possible edges you, as the teacher, can navigate.","q4":"Edges that the student took before."},"question_order":[0,1,2,3],"trial_type":"survey-multi-choice","trial_index":5,"time_elapsed":359911,"internal_node_id":"0.0-5.0"},{"rt":42607,"response":{"q1":"The goal is to help the student to get the most points.","q2":"False","q3":"Possible edges you, as the teacher, can choose to teach the learner.","q4":"Edges that the student took before."},"question_order":[0,1,2,3],"trial_type":"survey-multi-choice","trial_index":6,"time_elapsed":402520,"internal_node_id":"0.0-6.0-0.0"},{"rt":22198,"stimulus":"<p>You can take a 60 second break before starting the experiment.</p><br><br><p>This page will advance in 60 seconds or you can press any key to advance now.</p>","response":" ","trial_type":"html-keyboard-response","trial_index":7,"time_elapsed":424721,"internal_node_id":"0.0-7.0"},{"view_history":[{"page_index":0,"viewing_time":39971}],"rt":39971,"trial_type":"instructions","trial_index":8,"time_elapsed":464694,"internal_node_id":"0.0-8.0"},{"rt":50977,"url":"../static/nodeGraphs_distractor.html","edge":"6to8","edgeRT":"16746","skip":"false","flipped":"FALSE","index":"0","edgeClickLog":"[{\"edgeSelection\":\"6to8\",\"edgeRTMS\":16746}]","trial_id":"incong_0","congruency":"I","trial_group":"1to5","condition":"distractor","inference_edge":"0to1,1to4,4to7","inference_edgeClickLog":"[{\"edgeSelection\":\"0to1\",\"edgeRTMS\":11164},{\"edgeSelection\":\"1to4\",\"edgeRTMS\":13544},{\"edgeSelection\":\"4to7\",\"edgeRTMS\":30232}]","inference_edgeRT":"30232","inference_edge_last":"4to7","task":"experiment","subjectId":"8pussmtho41emb2","trial_type":"external-html","trial_index":9,"time_elapsed":515792,"internal_node_id":"0.0-9.0-0.0"},{"rt":75481,"url":"../static/nodeGraphs_distractor.html","edge":"4to8","edgeRT":"37400","skip":"false","flipped":"FALSE","index":"1","edgeClickLog":"[{\"edgeSelection\":\"4to8\",\"edgeRTMS\":37400}]","trial_id":"incong_5","congruency":"I","trial_group":"1to5","condition":"distractor","inference_edge":"0to2,2to4,4to7","inference_edgeClickLog":"[{\"edgeSelection\":\"0to2\",\"edgeRTMS\":26258},{\"edgeSelection\":\"2to4\",\"edgeRTMS\":28409},{\"edgeSelection\":\"4to7\",\"edgeRTMS\":35305}]","inference_edgeRT":"35305","inference_edge_last":"4to7","task":"experiment","subjectId":"8pussmtho41emb2","trial_type":"external-html","trial_index":10,"time_elapsed":591904,"internal_node_id":"0.0-9.0-0.1"},{"rt":26128,"url":"../static/nodeGraphs_distractor.html","edge":"2to6","edgeRT":"13743","skip":"false","flipped":"FALSE","index":"2","edgeClickLog":"[{\"edgeSelection\":\"2to6\",\"edgeRTMS\":13743}]","trial_id":"incong_3","congruency":"I","trial_group":"1to5","condition":"distractor","inference_edge":"2to6,6to8,0to2","inference_edgeClickLog":"[{\"edgeSelection\":\"2to6\",\"edgeRTMS\":4549},{\"edgeSelection\":\"6to8\",\"edgeRTMS\":7290},{\"edgeSelection\":\"0to2\",\"edgeRTMS\":9829}]","inference_edgeRT":"9829","inference_edge_last":"0to2","task":"experiment","subjectId":"8pussmtho41emb2","trial_type":"external-html","trial_index":11,"time_elapsed":618664,"internal_node_id":"0.0-9.0-0.2"},{"rt":27949,"url":"../static/nodeGraphs_distractor.html","edge":"5to8","edgeRT":"10158","skip":"false","flipped":"FALSE","index":"3","edgeClickLog":"[{\"edgeSelection\":\"5to8\",\"edgeRTMS\":10158}]","trial_id":"incong_10","congruency":"I","trial_group":"1to5","condition":"distractor","inference_edge":"2to4,4to8,0to2","inference_edgeClickLog":"[{\"edgeSelection\":\"2to4\",\"edgeRTMS\":6966},{\"edgeSelection\":\"4to8\",\"edgeRTMS\":8248},{\"edgeSelection\":\"0to2\",\"edgeRTMS\":15187}]","inference_edgeRT":"15187","inference_edge_last":"0to2","task":"experiment","subjectId":"8pussmtho41emb2","trial_type":"external-html","trial_index":12,"time_elapsed":647232,"internal_node_id":"0.0-9.0-0.3"},{"rt":22534,"url":"../static/nodeGraphs_distractor.html","edge":"2to5","edgeRT":"11344","skip":"false","flipped":"FALSE","index":"4","edgeClickLog":"[{\"edgeSelection\":\"2to5\",\"edgeRTMS\":11344}]","trial_id":"incong_2","congruency":"I","trial_group":"1to5","condition":"distractor","inference_edge":"4to8,2to4,0to2","inference_edgeClickLog":"[{\"edgeSelection\":\"4to8\",\"edgeRTMS\":4915},{\"edgeSelection\":\"2to4\",\"edgeRTMS\":6632},{\"edgeSelection\":\"0to2\",\"edgeRTMS\":7797}]","inference_edgeRT":"7797","inference_edge_last":"0to2","task":"experiment","subjectId":"8pussmtho41emb2","trial_type":"external-html","trial_index":13,"time_elapsed":670409,"internal_node_id":"0.0-9.0-0.4"},{"rt":21964,"url":"../static/nodeGraphs_distractor.html","edge":"4to8","edgeRT":"5649","skip":"false","flipped":"TRUE","index":"5","edgeClickLog":"[{\"edgeSelection\":\"4to8\",\"edgeRTMS\":5649}]","trial_id":"incong_0_flipped","congruency":"I","trial_group":"5to10","condition":"distractor","inference_edge":"0to2,2to6,6to9","inference_edgeClickLog":"[{\"edgeSelection\":\"0to2\",\"edgeRTMS\":6455},{\"edgeSelection\":\"2to6\",\"edgeRTMS\":8678},{\"edgeSelection\":\"6to9\",\"edgeRTMS\":14305}]","inference_edgeRT":"14305","inference_edge_last":"6to9","task":"experiment","subjectId":"8pussmtho41emb2","trial_type":"external-html","trial_index":14,"time_elapsed":692999,"internal_node_id":"0.0-9.0-0.5"},{"rt":37772,"url":"../static/nodeGraphs_distractor.html","edge":"6to8","edgeRT":"25462","skip":"false","flipped":"TRUE","index":"6","edgeClickLog":"[{\"edgeSelection\":\"6to8\",\"edgeRTMS\":25462}]","trial_id":"incong_5_flipped","congruency":"I","trial_group":"5to10","condition":"distractor","inference_edge":"0to2,2to6,6to9","inference_edgeClickLog":"[{\"edgeSelection\":\"0to2\",\"edgeRTMS\":6435},{\"edgeSelection\":\"2to6\",\"edgeRTMS\":7575},{\"edgeSelection\":\"6to9\",\"edgeRTMS\":9729}]","inference_edgeRT":"9729","inference_edge_last":"6to9","task":"experiment","subjectId":"8pussmtho41emb2","trial_type":"external-html","trial_index":15,"time_elapsed":731392,"internal_node_id":"0.0-9.0-0.6"},{"rt":21625,"url":"../static/nodeGraphs_distractor.html","edge":"2to6","edgeRT":"9526","skip":"false","flipped":"TRUE","index":"7","edgeClickLog":"[{\"edgeSelection\":\"2to6\",\"edgeRTMS\":9526}]","trial_id":"incong_3_flipped","congruency":"I","trial_group":"5to10","condition":"distractor","inference_edge":"0to2,2to4,4to8","inference_edgeClickLog":"[{\"edgeSelection\":\"0to2\",\"edgeRTMS\":6705},{\"edgeSelection\":\"2to4\",\"edgeRTMS\":7570},{\"edgeSelection\":\"4to8\",\"edgeRTMS\":9036}]","inference_edgeRT":"9036","inference_edge_last":"4to8","task":"experiment","subjectId":"8pussmtho41emb2","trial_type":"external-html","trial_index":16,"time_elapsed":753650,"internal_node_id":"0.0-9.0-0.7"},{"rt":19898,"url":"../static/nodeGraphs_distractor.html","edge":"6to8","edgeRT":"9685","skip":"false","flipped":"TRUE","index":"8","edgeClickLog":"[{\"edgeSelection\":\"5to8\",\"edgeRTMS\":4244},{\"edgeSelection\":\"6to8\",\"edgeRTMS\":9685}]","trial_id":"incong_10_flipped","congruency":"I","trial_group":"5to10","condition":"distractor","inference_edge":"0to2,2to6,6to8","inference_edgeClickLog":"[{\"edgeSelection\":\"0to2\",\"edgeRTMS\":4220},{\"edgeSelection\":\"2to6\",\"edgeRTMS\":5477},{\"edgeSelection\":\"6to8\",\"edgeRTMS\":6969}]","inference_edgeRT":"6969","inference_edge_last":"6to8","task":"experiment","subjectId":"8pussmtho41emb2","trial_type":"external-html","trial_index":17,"time_elapsed":774173,"internal_node_id":"0.0-9.0-0.8"},{"rt":21439,"url":"../static/nodeGraphs_distractor.html","edge":"6to8","edgeRT":"6894","skip":"false","flipped":"TRUE","index":"9","edgeClickLog":"[{\"edgeSelection\":\"4to8\",\"edgeRTMS\":4875},{\"edgeSelection\":\"6to8\",\"edgeRTMS\":6894}]","trial_id":"incong_2_flipped","congruency":"I","trial_group":"5to10","condition":"distractor","inference_edge":"0to3,3to6,6to8","inference_edgeClickLog":"[{\"edgeSelection\":\"0to3\",\"edgeRTMS\":9327},{\"edgeSelection\":\"3to6\",\"edgeRTMS\":12061},{\"edgeSelection\":\"6to8\",\"edgeRTMS\":13031}]","inference_edgeRT":"13031","inference_edge_last":"6to8","task":"experiment","subjectId":"8pussmtho41emb2","trial_type":"external-html","trial_index":18,"time_elapsed":796234,"internal_node_id":"0.0-9.0-0.9"},{"rt":17982,"url":"../static/nodeGraphs_distractor.html","edge":"4to8","edgeRT":"5306","skip":"false","flipped":"FALSE","index":"10","edgeClickLog":"[{\"edgeSelection\":\"4to8\",\"edgeRTMS\":5306}]","trial_id":"incong_0","congruency":"I","trial_group":"10to15","condition":"distractor","inference_edge":"0to1,1to4,4to8","inference_edgeClickLog":"[{\"edgeSelection\":\"0to1\",\"edgeRTMS\":6657},{\"edgeSelection\":\"1to4\",\"edgeRTMS\":8468},{\"edgeSelection\":\"4to8\",\"edgeRTMS\":10954}]","inference_edgeRT":"10954","inference_edge_last":"4to8","task":"experiment","subjectId":"8pussmtho41emb2","trial_type":"external-html","trial_index":19,"time_elapsed":814842,"internal_node_id":"0.0-9.0-0.10"},{"rt":19757,"url":"../static/nodeGraphs_distractor.html","edge":"4to8","edgeRT":"6166","skip":"false","flipped":"FALSE","index":"11","edgeClickLog":"[{\"edgeSelection\":\"5to7\",\"edgeRTMS\":5501},{\"edgeSelection\":\"4to8\",\"edgeRTMS\":6166}]","trial_id":"incong_5","congruency":"I","trial_group":"10to15","condition":"distractor","inference_edge":"0to2,2to4,4to8","inference_edgeClickLog":"[{\"edgeSelection\":\"0to2\",\"edgeRTMS\":7220},{\"edgeSelection\":\"2to4\",\"edgeRTMS\":10874},{\"edgeSelection\":\"4to8\",\"edgeRTMS\":11976}]","inference_edgeRT":"11976","inference_edge_last":"4to8","task":"experiment","subjectId":"8pussmtho41emb2","trial_type":"external-html","trial_index":20,"time_elapsed":835226,"internal_node_id":"0.0-9.0-0.11"},{"rt":14142,"url":"../static/nodeGraphs_distractor.html","edge":"2to6","edgeRT":"2947","skip":"false","flipped":"FALSE","index":"12","edgeClickLog":"[{\"edgeSelection\":\"2to6\",\"edgeRTMS\":2947}]","trial_id":"incong_3","congruency":"I","trial_group":"10to15","condition":"distractor","inference_edge":"0to2,2to6,6to8","inference_edgeClickLog":"[{\"edgeSelection\":\"0to2\",\"edgeRTMS\":3608},{\"edgeSelection\":\"2to6\",\"edgeRTMS\":5622},{\"edgeSelection\":\"6to8\",\"edgeRTMS\":8827}]","inference_edgeRT":"8827","inference_edge_last":"6to8","task":"experiment","subjectId":"8pussmtho41emb2","trial_type":"external-html","trial_index":21,"time_elapsed":849990,"internal_node_id":"0.0-9.0-0.12"},{"rt":18224,"url":"../static/nodeGraphs_distractor.html","edge":"4to8","edgeRT":"7220","skip":"false","flipped":"FALSE","index":"13","edgeClickLog":"[{\"edgeSelection\":\"4to8\",\"edgeRTMS\":7220}]","trial_id":"incong_10","congruency":"I","trial_group":"10to15","condition":"distractor","inference_edge":"0to2,2to4,4to8","inference_edgeClickLog":"[{\"edgeSelection\":\"0to2\",\"edgeRTMS\":6157},{\"edgeSelection\":\"2to4\",\"edgeRTMS\":7991},{\"edgeSelection\":\"4to8\",\"edgeRTMS\":9041}]","inference_edgeRT":"9041","inference_edge_last":"4to8","task":"experiment","subjectId":"8pussmtho41emb2","trial_type":"external-html","trial_index":22,"time_elapsed":868842,"internal_node_id":"0.0-9.0-0.13"},{"rt":20823,"url":"../static/nodeGraphs_distractor.html","edge":"4to8","edgeRT":"11693","skip":"false","flipped":"FALSE","index":"14","edgeClickLog":"[{\"edgeSelection\":\"0to2\",\"edgeRTMS\":2690},{\"edgeSelection\":\"0to2\",\"edgeRTMS\":6392},{\"edgeSelection\":\"2to4\",\"edgeRTMS\":7599},{\"edgeSelection\":\"4to8\",\"edgeRTMS\":8469},{\"edgeSelection\":\"4to8\",\"edgeRTMS\":10891},{\"edgeSelection\":\"4to8\",\"edgeRTMS\":11693}]","trial_id":"incong_2","congruency":"I","trial_group":"10to15","condition":"distractor","inference_edge":"0to2,2to4,4to8","inference_edgeClickLog":"[{\"edgeSelection\":\"0to2\",\"edgeRTMS\":5524},{\"edgeSelection\":\"2to4\",\"edgeRTMS\":6594},{\"edgeSelection\":\"4to8\",\"edgeRTMS\":7820}]","inference_edgeRT":"7820","inference_edge_last":"4to8","task":"experiment","subjectId":"8pussmtho41emb2","trial_type":"external-html","trial_index":23,"time_elapsed":890286,"internal_node_id":"0.0-9.0-0.14"},{"rt":16573,"url":"../static/nodeGraphs_distractor.html","edge":"6to8","edgeRT":"3463","skip":"false","flipped":"FALSE","index":"15","edgeClickLog":"[{\"edgeSelection\":\"6to8\",\"edgeRTMS\":3463}]","trial_id":"test_0","congruency":"I","trial_group":"15to20","condition":"distractor","inference_edge":"0to2,2to4,4to8","inference_edgeClickLog":"[{\"edgeSelection\":\"0to2\",\"edgeRTMS\":5524},{\"edgeSelection\":\"2to4\",\"edgeRTMS\":6594},{\"edgeSelection\":\"4to8\",\"edgeRTMS\":7820}]","inference_edgeRT":"7820","inference_edge_last":"","task":"experiment","subjectId":"8pussmtho41emb2","trial_type":"external-html","trial_index":24,"time_elapsed":907490,"internal_node_id":"0.0-9.0-0.15"},{"rt":10659,"url":"../static/nodeGraphs_distractor.html","edge":"3to6","edgeRT":"9568","skip":"false","flipped":"FALSE","index":"16","edgeClickLog":"[{\"edgeSelection\":\"4to8\",\"edgeRTMS\":5618},{\"edgeSelection\":\"3to6\",\"edgeRTMS\":9568}]","trial_id":"test_1","congruency":"I","trial_group":"15to20","condition":"distractor","inference_edge":"0to2,2to4,4to8","inference_edgeClickLog":"[{\"edgeSelection\":\"0to2\",\"edgeRTMS\":5524},{\"edgeSelection\":\"2to4\",\"edgeRTMS\":6594},{\"edgeSelection\":\"4to8\",\"edgeRTMS\":7820}]","inference_edgeRT":"7820","inference_edge_last":"","task":"experiment","subjectId":"8pussmtho41emb2","trial_type":"external-html","trial_index":25,"time_elapsed":918786,"internal_node_id":"0.0-9.0-0.16"},{"rt":5317,"url":"../static/nodeGraphs_distractor.html","edge":"3to6","edgeRT":"3462","skip":"false","flipped":"FALSE","index":"17","edgeClickLog":"[{\"edgeSelection\":\"3to6\",\"edgeRTMS\":3462}]","trial_id":"test_2","congruency":"I","trial_group":"15to20","condition":"distractor","inference_edge":"0to2,2to4,4to8","inference_edgeClickLog":"[{\"edgeSelection\":\"0to2\",\"edgeRTMS\":5524},{\"edgeSelection\":\"2to4\",\"edgeRTMS\":6594},{\"edgeSelection\":\"4to8\",\"edgeRTMS\":7820}]","inference_edgeRT":"7820","inference_edge_last":"","task":"experiment","subjectId":"8pussmtho41emb2","trial_type":"external-html","trial_index":26,"time_elapsed":924737,"internal_node_id":"0.0-9.0-0.17"},{"rt":3140,"url":"../static/nodeGraphs_distractor.html","edge":"1to5","edgeRT":"2347","skip":"false","flipped":"FALSE","index":"18","edgeClickLog":"[{\"edgeSelection\":\"1to5\",\"edgeRTMS\":2347}]","trial_id":"test_3","congruency":"I","trial_group":"15to20","condition":"distractor","inference_edge":"0to2,2to4,4to8","inference_edgeClickLog":"[{\"edgeSelection\":\"0to2\",\"edgeRTMS\":5524},{\"edgeSelection\":\"2to4\",\"edgeRTMS\":6594},{\"edgeSelection\":\"4to8\",\"edgeRTMS\":7820}]","inference_edgeRT":"7820","inference_edge_last":"","task":"experiment","subjectId":"8pussmtho41emb2","trial_type":"external-html","trial_index":27,"time_elapsed":928511,"internal_node_id":"0.0-9.0-0.18"},{"rt":3460,"url":"../static/nodeGraphs_distractor.html","edge":"6to9","edgeRT":"2884","skip":"false","flipped":"FALSE","index":"19","edgeClickLog":"[{\"edgeSelection\":\"6to9\",\"edgeRTMS\":2884}]","trial_id":"test_4","congruency":"I","trial_group":"15to20","condition":"distractor","inference_edge":"0to2,2to4,4to8","inference_edgeClickLog":"[{\"edgeSelection\":\"0to2\",\"edgeRTMS\":5524},{\"edgeSelection\":\"2to4\",\"edgeRTMS\":6594},{\"edgeSelection\":\"4to8\",\"edgeRTMS\":7820}]","inference_edgeRT":"7820","inference_edge_last":"","task":"experiment","subjectId":"8pussmtho41emb2","trial_type":"external-html","trial_index":28,"time_elapsed":932607,"internal_node_id":"0.0-9.0-0.19"},{"rt":43545,"response":{"P0_Q0":null,"P0_Q1":5,"P0_Q2":5,"P0_Q3":4,"P0_Q4":5,"P0_Q5":4,"strategies":"picking the highest numbers to get a better score","feedback":""},"accuracy":[],"trial_type":"survey","trial_index":29,"time_elapsed":976764,"internal_node_id":"0.0-10.0"},{"rt":3724,"stimulus":"<p>Thanks for your time!</p>        <p>We need to manually calculate your bonus pay, please give us up to 7 days.</p><p>Press any key to conclude.</p>","response":" ","task":"end","subjectId":"8pussmtho41emb2","trial_type":"html-keyboard-response","trial_index":30,"time_elapsed":980492,"internal_node_id":"0.0-11.0","interactions":"[{\"event\":\"fullscreenenter\",\"trial\":1,\"time\":7655}]"}]