[{"success":true,"timeout":false,"failed_images":[],"failed_audio":[],"failed_video":[],"trial_type":"preload","trial_index":0,"time_elapsed":283,"internal_node_id":"0.0-0.0"},{"success":true,"trial_type":"fullscreen","trial_index":1,"time_elapsed":6678,"internal_node_id":"0.0-1.0"},{"rt":4483,"stimulus":"Welcome to the experiment. Press any key to begin.","response":" ","trial_type":"html-keyboard-response","trial_index":2,"time_elapsed":11162,"internal_node_id":"0.0-2.0"},{"view_history":[{"page_index":0,"viewing_time":12527},{"page_index":1,"viewing_time":11472},{"page_index":2,"viewing_time":68880},{"page_index":3,"viewing_time":18444},{"page_index":4,"viewing_time":2188},{"page_index":5,"viewing_time":2377},{"page_index":6,"viewing_time":6208},{"page_index":7,"viewing_time":24352},{"page_index":8,"viewing_time":33092},{"page_index":9,"viewing_time":19888},{"page_index":10,"viewing_time":3388},{"page_index":11,"viewing_time":1895},{"page_index":12,"viewing_time":1197},{"page_index":13,"viewing_time":3283},{"page_index":14,"viewing_time":11092},{"page_index":15,"viewing_time":26088},{"page_index":16,"viewing_time":3885},{"page_index":17,"viewing_time":1475},{"page_index":18,"viewing_time":1692},{"page_index":19,"viewing_time":6612},{"page_index":20,"viewing_time":11360},{"page_index":21,"viewing_time":10020}],"rt":281415,"trial_type":"instructions","trial_index":3,"time_elapsed":292589,"internal_node_id":"0.0-3.0"},{"rt":180954,"url":"../static/nodeGraphsTraining_normal.html","skip":[],"edgeClickLog":[],"inference_edge":[],"inference_edgeClickLog":[],"trial_type":"external-html","trial_index":4,"time_elapsed":473910,"internal_node_id":"0.0-4.0"},{"rt":59791,"response":{"q1":"The goal is to help the student to get the most points","q2":"False","q3":"Possible paths you, as the teacher, can choose to teach the learner.","q4":"Paths that the student took before."},"question_order":[0,1,2,3],"trial_type":"survey-multi-choice","trial_index":5,"time_elapsed":533705,"internal_node_id":"0.0-5.0"},{"rt":null,"stimulus":"<p>You can take a 60 second break before starting the experiment.</p><br><br><p>This page will advance in 60 seconds or you can press any key to advance now.</p>","response":null,"trial_type":"html-keyboard-response","trial_index":6,"time_elapsed":593711,"internal_node_id":"0.0-7.0"},{"view_history":[{"page_index":0,"viewing_time":40020}],"rt":40020,"trial_type":"instructions","trial_index":7,"time_elapsed":633732,"internal_node_id":"0.0-8.0"},{"rt":19463,"url":"../static/nodeGraphs_normal.html","edge":"1to4","edgeRT":"16007","skip":"false","flipped":"FALSE","index":"0","edgeClickLog":"[{\"edgeSelection\":\"1to4\",\"edgeRTMS\":16007}]","trial_id":"cong_0","congruency":"C","trial_group":"1to5","condition":"normal","inference_edge":[],"inference_edgeClickLog":[],"task":"experiment","subjectId":"4a3wrx0hf7tz7r5","trial_type":"external-html","trial_index":8,"time_elapsed":653541,"internal_node_id":"0.0-9.0-0.0"},{"rt":38447,"url":"../static/nodeGraphs_normal.html","edge":"2to6","edgeRT":"29926","skip":"false","flipped":"FALSE","index":"1","edgeClickLog":"[{\"edgeSelection\":\"2to6\",\"edgeRTMS\":29926}]","trial_id":"cong_1","congruency":"C","trial_group":"1to5","condition":"normal","inference_edge":[],"inference_edgeClickLog":[],"task":"experiment","subjectId":"4a3wrx0hf7tz7r5","trial_type":"external-html","trial_index":9,"time_elapsed":692609,"internal_node_id":"0.0-9.0-0.1"},{"rt":55451,"url":"../static/nodeGraphs_normal.html","edge":"2to5","edgeRT":"47922","skip":"false","flipped":"FALSE","index":"2","edgeClickLog":"[{\"edgeSelection\":\"2to5\",\"edgeRTMS\":47922}]","trial_id":"cong_6","congruency":"C","trial_group":"1to5","condition":"normal","inference_edge":[],"inference_edgeClickLog":[],"task":"experiment","subjectId":"4a3wrx0hf7tz7r5","trial_type":"external-html","trial_index":10,"time_elapsed":748873,"internal_node_id":"0.0-9.0-0.2"},{"rt":49607,"url":"../static/nodeGraphs_normal.html","edge":"5to8","edgeRT":"18198","skip":"false","flipped":"FALSE","index":"3","edgeClickLog":"[{\"edgeSelection\":\"5to8\",\"edgeRTMS\":18198}]","trial_id":"cong_4","congruency":"C","trial_group":"1to5","condition":"normal","inference_edge":[],"inference_edgeClickLog":[],"task":"experiment","subjectId":"4a3wrx0hf7tz7r5","trial_type":"external-html","trial_index":11,"time_elapsed":799093,"internal_node_id":"0.0-9.0-0.3"},{"rt":48600,"url":"../static/nodeGraphs_normal.html","edge":"2to5","edgeRT":"33094","skip":"false","flipped":"FALSE","index":"4","edgeClickLog":"[{\"edgeSelection\":\"2to5\",\"edgeRTMS\":33094}]","trial_id":"cong_9","congruency":"C","trial_group":"1to5","condition":"normal","inference_edge":[],"inference_edgeClickLog":[],"task":"experiment","subjectId":"4a3wrx0hf7tz7r5","trial_type":"external-html","trial_index":12,"time_elapsed":848313,"internal_node_id":"0.0-9.0-0.4"},{"rt":67128,"url":"../static/nodeGraphs_normal.html","edge":"6to9","edgeRT":"53480","skip":"true","flipped":"TRUE","index":"5","edgeClickLog":"[{\"edgeSelection\":\"2to6\",\"edgeRTMS\":25018},{\"edgeSelection\":\"5to9\",\"edgeRTMS\":52069},{\"edgeSelection\":\"6to9\",\"edgeRTMS\":53480}]","trial_id":"cong_0_flipped","congruency":"C","trial_group":"5to10","condition":"normal","inference_edge":[],"inference_edgeClickLog":[],"task":"experiment","subjectId":"4a3wrx0hf7tz7r5","trial_type":"external-html","trial_index":13,"time_elapsed":916064,"internal_node_id":"0.0-9.0-0.5"},{"rt":35073,"url":"../static/nodeGraphs_normal.html","edge":"2to4","edgeRT":"27754","skip":"false","flipped":"TRUE","index":"6","edgeClickLog":"[{\"edgeSelection\":\"2to4\",\"edgeRTMS\":27754}]","trial_id":"cong_1_flipped","congruency":"C","trial_group":"5to10","condition":"normal","inference_edge":[],"inference_edgeClickLog":[],"task":"experiment","subjectId":"4a3wrx0hf7tz7r5","trial_type":"external-html","trial_index":14,"time_elapsed":951992,"internal_node_id":"0.0-9.0-0.6"},{"rt":21281,"url":"../static/nodeGraphs_normal.html","edge":"2to5","edgeRT":"10293","skip":"false","flipped":"TRUE","index":"7","edgeClickLog":"[{\"edgeSelection\":\"2to5\",\"edgeRTMS\":10293}]","trial_id":"cong_6_flipped","congruency":"C","trial_group":"5to10","condition":"normal","inference_edge":[],"inference_edgeClickLog":[],"task":"experiment","subjectId":"4a3wrx0hf7tz7r5","trial_type":"external-html","trial_index":15,"time_elapsed":974160,"internal_node_id":"0.0-9.0-0.7"},{"rt":30173,"url":"../static/nodeGraphs_normal.html","edge":"2to6","edgeRT":"10057","skip":"false","flipped":"TRUE","index":"8","edgeClickLog":"[{\"edgeSelection\":\"2to6\",\"edgeRTMS\":10057}]","trial_id":"cong_4_flipped","congruency":"C","trial_group":"5to10","condition":"normal","inference_edge":[],"inference_edgeClickLog":[],"task":"experiment","subjectId":"4a3wrx0hf7tz7r5","trial_type":"external-html","trial_index":16,"time_elapsed":1004948,"internal_node_id":"0.0-9.0-0.8"},{"rt":17762,"url":"../static/nodeGraphs_normal.html","edge":"2to5","edgeRT":"9005","skip":"false","flipped":"TRUE","index":"9","edgeClickLog":"[{\"edgeSelection\":\"2to5\",\"edgeRTMS\":9005}]","trial_id":"cong_9_flipped","congruency":"C","trial_group":"5to10","condition":"normal","inference_edge":[],"inference_edgeClickLog":[],"task":"experiment","subjectId":"4a3wrx0hf7tz7r5","trial_type":"external-html","trial_index":17,"time_elapsed":1025184,"internal_node_id":"0.0-9.0-0.9"},{"rt":17998,"url":"../static/nodeGraphs_normal.html","edge":"1to4","edgeRT":"6062","skip":"false","flipped":"FALSE","index":"10","edgeClickLog":"[{\"edgeSelection\":\"1to4\",\"edgeRTMS\":6062}]","trial_id":"cong_0","congruency":"C","trial_group":"10to15","condition":"normal","inference_edge":[],"inference_edgeClickLog":[],"task":"experiment","subjectId":"4a3wrx0hf7tz7r5","trial_type":"external-html","trial_index":18,"time_elapsed":1043805,"internal_node_id":"0.0-9.0-0.10"},{"rt":30927,"url":"../static/nodeGraphs_normal.html","edge":"2to6","edgeRT":"6529","skip":"false","flipped":"FALSE","index":"11","edgeClickLog":"[{\"edgeSelection\":\"2to6\",\"edgeRTMS\":6401},{\"edgeSelection\":\"2to6\",\"edgeRTMS\":6529}]","trial_id":"cong_1","congruency":"C","trial_group":"10to15","condition":"normal","inference_edge":[],"inference_edgeClickLog":[],"task":"experiment","subjectId":"4a3wrx0hf7tz7r5","trial_type":"external-html","trial_index":19,"time_elapsed":1075351,"internal_node_id":"0.0-9.0-0.11"},{"rt":32463,"url":"../static/nodeGraphs_normal.html","edge":"2to5","edgeRT":"17506","skip":"false","flipped":"FALSE","index":"12","edgeClickLog":"[{\"edgeSelection\":\"2to5\",\"edgeRTMS\":17506}]","trial_id":"cong_6","congruency":"C","trial_group":"10to15","condition":"normal","inference_edge":[],"inference_edgeClickLog":[],"task":"experiment","subjectId":"4a3wrx0hf7tz7r5","trial_type":"external-html","trial_index":20,"time_elapsed":1108431,"internal_node_id":"0.0-9.0-0.12"},{"rt":18557,"url":"../static/nodeGraphs_normal.html","edge":"2to4","edgeRT":"13557","skip":"false","flipped":"FALSE","index":"13","edgeClickLog":"[{\"edgeSelection\":\"2to4\",\"edgeRTMS\":13557}]","trial_id":"cong_4","congruency":"C","trial_group":"10to15","condition":"normal","inference_edge":[],"inference_edgeClickLog":[],"task":"experiment","subjectId":"4a3wrx0hf7tz7r5","trial_type":"external-html","trial_index":21,"time_elapsed":1127607,"internal_node_id":"0.0-9.0-0.13"},{"rt":10287,"url":"../static/nodeGraphs_normal.html","edge":"2to5","edgeRT":"2961","skip":"false","flipped":"FALSE","index":"14","edgeClickLog":"[{\"edgeSelection\":\"2to5\",\"edgeRTMS\":2961}]","trial_id":"cong_9","congruency":"C","trial_group":"10to15","condition":"normal","inference_edge":[],"inference_edgeClickLog":[],"task":"experiment","subjectId":"4a3wrx0hf7tz7r5","trial_type":"external-html","trial_index":22,"time_elapsed":1138520,"internal_node_id":"0.0-9.0-0.14"},{"rt":78993,"url":"../static/nodeGraphs_normal.html","edge":"","edgeRT":"undefined","skip":"true","flipped":"FALSE","index":"15","edgeClickLog":"","trial_id":"test_0","congruency":"I","trial_group":"15to20","condition":"normal","inference_edge":[],"inference_edgeClickLog":[],"task":"experiment","subjectId":"4a3wrx0hf7tz7r5","trial_type":"external-html","trial_index":23,"time_elapsed":1218134,"internal_node_id":"0.0-9.0-0.15"},{"rt":27876,"url":"../static/nodeGraphs_normal.html","edge":"0to3","edgeRT":"16180","skip":"false","flipped":"FALSE","index":"16","edgeClickLog":"[{\"edgeSelection\":\"0to3\",\"edgeRTMS\":16180}]","trial_id":"test_1","congruency":"I","trial_group":"15to20","condition":"normal","inference_edge":[],"inference_edgeClickLog":[],"task":"experiment","subjectId":"4a3wrx0hf7tz7r5","trial_type":"external-html","trial_index":24,"time_elapsed":1246992,"internal_node_id":"0.0-9.0-0.16"},{"rt":39051,"url":"../static/nodeGraphs_normal.html","edge":"0to3","edgeRT":"25422","skip":"false","flipped":"FALSE","index":"17","edgeClickLog":"[{\"edgeSelection\":\"0to3\",\"edgeRTMS\":25422}]","trial_id":"test_2","congruency":"I","trial_group":"15to20","condition":"normal","inference_edge":[],"inference_edgeClickLog":[],"task":"experiment","subjectId":"4a3wrx0hf7tz7r5","trial_type":"external-html","trial_index":25,"time_elapsed":1286660,"internal_node_id":"0.0-9.0-0.17"},{"rt":17531,"url":"../static/nodeGraphs_normal.html","edge":"1to5","edgeRT":"18442","skip":"false","flipped":"FALSE","index":"18","edgeClickLog":"[{\"edgeSelection\":\"1to5\",\"edgeRTMS\":18442}]","trial_id":"test_3","congruency":"I","trial_group":"15to20","condition":"normal","inference_edge":[],"inference_edgeClickLog":[],"task":"experiment","subjectId":"4a3wrx0hf7tz7r5","trial_type":"external-html","trial_index":26,"time_elapsed":1306476,"internal_node_id":"0.0-9.0-0.18"},{"rt":33980,"url":"../static/nodeGraphs_normal.html","edge":"6to9","edgeRT":"20306","skip":"false","flipped":"FALSE","index":"19","edgeClickLog":"[{\"edgeSelection\":\"6to9\",\"edgeRTMS\":20306}]","trial_id":"test_4","congruency":"I","trial_group":"15to20","condition":"normal","inference_edge":[],"inference_edgeClickLog":[],"task":"experiment","subjectId":"4a3wrx0hf7tz7r5","trial_type":"external-html","trial_index":27,"time_elapsed":1341084,"internal_node_id":"0.0-9.0-0.19"},{"rt":236244,"response":{"P0_Q0":null,"P0_Q1":4,"P0_Q2":6,"P0_Q3":6,"P0_Q4":5,"P0_Q5":2,"strategies":"It changed a couple of times, started with adding 1 point, then going towards the 3's then finally getting most points early on with a positive next level","feedback":"Fun, annoyed when time ran out 2 or 3 times"},"accuracy":[],"trial_type":"survey","trial_index":28,"time_elapsed":1577922,"internal_node_id":"0.0-10.0"},{"rt":6052,"stimulus":"<p>Thanks for your time!</p>        <p>We need to manually calculate your bonus pay, please give us up to 7 days.</p><p>Press any key to conclude.</p>","response":" ","task":"end","subjectId":"4a3wrx0hf7tz7r5","trial_type":"html-keyboard-response","trial_index":29,"time_elapsed":1583978,"internal_node_id":"0.0-11.0","interactions":"[{\"event\":\"fullscreenenter\",\"trial\":1,\"time\":5726},{\"event\":\"blur\",\"trial\":13,\"time\":916056},{\"event\":\"focus\",\"trial\":13,\"time\":916056},{\"event\":\"fullscreenexit\",\"trial\":13,\"time\":916065}]"}]