[{"success":true,"timeout":false,"failed_images":[],"failed_audio":[],"failed_video":[],"trial_type":"preload","trial_index":0,"time_elapsed":186,"internal_node_id":"0.0-0.0"},{"success":true,"trial_type":"fullscreen","trial_index":1,"time_elapsed":2363,"internal_node_id":"0.0-1.0"},{"rt":736,"stimulus":"Welcome to the experiment. Press any key to begin.","response":"arrowright","trial_type":"html-keyboard-response","trial_index":2,"time_elapsed":3101,"internal_node_id":"0.0-2.0"},{"view_history":[{"page_index":0,"viewing_time":499},{"page_index":1,"viewing_time":289},{"page_index":2,"viewing_time":203},{"page_index":3,"viewing_time":538},{"page_index":4,"viewing_time":189},{"page_index":5,"viewing_time":172},{"page_index":6,"viewing_time":199},{"page_index":7,"viewing_time":210},{"page_index":8,"viewing_time":178},{"page_index":9,"viewing_time":169},{"page_index":10,"viewing_time":164},{"page_index":11,"viewing_time":156},{"page_index":12,"viewing_time":191},{"page_index":13,"viewing_time":161},{"page_index":14,"viewing_time":150},{"page_index":15,"viewing_time":159},{"page_index":16,"viewing_time":374},{"page_index":17,"viewing_time":184},{"page_index":18,"viewing_time":129},{"page_index":19,"viewing_time":138},{"page_index":20,"viewing_time":152},{"page_index":21,"viewing_time":147}],"rt":4750,"trial_type":"instructions","trial_index":3,"time_elapsed":7851,"internal_node_id":"0.0-3.0"},{"rt":10283,"url":"../static/nodeGraphsTraining_normal.html","skip":[],"edgeClickLog":[],"inference_edge":[],"inference_edgeClickLog":[],"trial_type":"external-html","trial_index":4,"time_elapsed":18187,"internal_node_id":"0.0-4.0"},{"rt":13803,"response":{"q1":"The goal is to help the student to get the most points","q2":"False","q3":"Possible paths you, as the teacher, can choose to teach the learner.","q4":"Paths that the student took before."},"question_order":[0,1,2,3],"trial_type":"survey-multi-choice","trial_index":5,"time_elapsed":31992,"internal_node_id":"0.0-5.0"},{"rt":889,"stimulus":"<p>You can take a 60 second break before starting the experiment.</p><br><br><p>This page will advance in 60 seconds or you can press any key to advance now.</p>","response":"arrowright","trial_type":"html-keyboard-response","trial_index":6,"time_elapsed":32882,"internal_node_id":"0.0-7.0"},{"view_history":[{"page_index":0,"viewing_time":1082}],"rt":1082,"trial_type":"instructions","trial_index":7,"time_elapsed":33964,"internal_node_id":"0.0-8.0"},{"rt":17919,"url":"../static/nodeGraphs_normal.html","edge":"0to2","edgeRT":"16253","skip":"false","flipped":"FALSE","index":"0","edgeClickLog":"[{\"edgeSelection\":\"1to4\",\"edgeRTMS\":6895},{\"edgeSelection\":\"5to7\",\"edgeRTMS\":12150},{\"edgeSelection\":\"0to2\",\"edgeRTMS\":16253}]","trial_id":"cong_0","congruency":"C","trial_group":"1to5","condition":"normal","inference_edge":[],"inference_edgeClickLog":[],"task":"experiment","subjectId":"fkfuhd5ozvlw833","trial_type":"external-html","trial_index":8,"time_elapsed":51961,"internal_node_id":"0.0-9.0-0.0"},{"rt":13766,"url":"../static/nodeGraphs_normal.html","edge":"2to6","edgeRT":"10718","skip":"false","flipped":"FALSE","index":"1","edgeClickLog":"[{\"edgeSelection\":\"5to7\",\"edgeRTMS\":3958},{\"edgeSelection\":\"2to6\",\"edgeRTMS\":10718}]","trial_id":"cong_1","congruency":"C","trial_group":"1to5","condition":"normal","inference_edge":[],"inference_edgeClickLog":[],"task":"experiment","subjectId":"fkfuhd5ozvlw833","trial_type":"external-html","trial_index":9,"time_elapsed":66317,"internal_node_id":"0.0-9.0-0.1"},{"rt":5148,"url":"../static/nodeGraphs_normal.html","edge":"2to5","edgeRT":"4618","skip":"false","flipped":"FALSE","index":"2","edgeClickLog":"[{\"edgeSelection\":\"2to5\",\"edgeRTMS\":4618}]","trial_id":"cong_6","congruency":"C","trial_group":"1to5","condition":"normal","inference_edge":[],"inference_edgeClickLog":[],"task":"experiment","subjectId":"fkfuhd5ozvlw833","trial_type":"external-html","trial_index":10,"time_elapsed":72019,"internal_node_id":"0.0-9.0-0.2"},{"rt":18049,"url":"../static/nodeGraphs_normal.html","edge":"2to4","edgeRT":"17089","skip":"false","flipped":"FALSE","index":"3","edgeClickLog":"[{\"edgeSelection\":\"2to4\",\"edgeRTMS\":2547},{\"edgeSelection\":\"5to8\",\"edgeRTMS\":13901},{\"edgeSelection\":\"2to4\",\"edgeRTMS\":17089}]","trial_id":"cong_4","congruency":"C","trial_group":"1to5","condition":"normal","inference_edge":[],"inference_edgeClickLog":[],"task":"experiment","subjectId":"fkfuhd5ozvlw833","trial_type":"external-html","trial_index":11,"time_elapsed":90620,"internal_node_id":"0.0-9.0-0.3"},{"rt":9835,"url":"../static/nodeGraphs_normal.html","edge":"2to5","edgeRT":"8964","skip":"false","flipped":"FALSE","index":"4","edgeClickLog":"[{\"edgeSelection\":\"6to8\",\"edgeRTMS\":6501},{\"edgeSelection\":\"2to5\",\"edgeRTMS\":8964}]","trial_id":"cong_9","congruency":"C","trial_group":"1to5","condition":"normal","inference_edge":[],"inference_edgeClickLog":[],"task":"experiment","subjectId":"fkfuhd5ozvlw833","trial_type":"external-html","trial_index":12,"time_elapsed":101017,"internal_node_id":"0.0-9.0-0.4"},{"rt":3596,"url":"../static/nodeGraphs_normal.html","edge":"3to6","edgeRT":"2201","skip":"false","flipped":"TRUE","index":"5","edgeClickLog":"[{\"edgeSelection\":\"3to6\",\"edgeRTMS\":2201}]","trial_id":"cong_0_flipped","congruency":"C","trial_group":"5to10","condition":"normal","inference_edge":[],"inference_edgeClickLog":[],"task":"experiment","subjectId":"fkfuhd5ozvlw833","trial_type":"external-html","trial_index":13,"time_elapsed":105163,"internal_node_id":"0.0-9.0-0.5"},{"rt":4641,"url":"../static/nodeGraphs_normal.html","edge":"2to4","edgeRT":"4084","skip":"false","flipped":"TRUE","index":"6","edgeClickLog":"[{\"edgeSelection\":\"2to4\",\"edgeRTMS\":4084}]","trial_id":"cong_1_flipped","congruency":"C","trial_group":"5to10","condition":"normal","inference_edge":[],"inference_edgeClickLog":[],"task":"experiment","subjectId":"fkfuhd5ozvlw833","trial_type":"external-html","trial_index":14,"time_elapsed":110368,"internal_node_id":"0.0-9.0-0.6"},{"rt":2316,"url":"../static/nodeGraphs_normal.html","edge":"2to5","edgeRT":"1760","skip":"false","flipped":"TRUE","index":"7","edgeClickLog":"[{\"edgeSelection\":\"2to5\",\"edgeRTMS\":1760}]","trial_id":"cong_6_flipped","congruency":"C","trial_group":"5to10","condition":"normal","inference_edge":[],"inference_edgeClickLog":[],"task":"experiment","subjectId":"fkfuhd5ozvlw833","trial_type":"external-html","trial_index":15,"time_elapsed":113250,"internal_node_id":"0.0-9.0-0.7"},{"rt":2051,"url":"../static/nodeGraphs_normal.html","edge":"2to6","edgeRT":"1718","skip":"false","flipped":"TRUE","index":"8","edgeClickLog":"[{\"edgeSelection\":\"2to6\",\"edgeRTMS\":1718}]","trial_id":"cong_4_flipped","congruency":"C","trial_group":"5to10","condition":"normal","inference_edge":[],"inference_edgeClickLog":[],"task":"experiment","subjectId":"fkfuhd5ozvlw833","trial_type":"external-html","trial_index":16,"time_elapsed":115860,"internal_node_id":"0.0-9.0-0.8"},{"rt":3172,"url":"../static/nodeGraphs_normal.html","edge":"2to5","edgeRT":"1658","skip":"false","flipped":"TRUE","index":"9","edgeClickLog":"[{\"edgeSelection\":\"2to5\",\"edgeRTMS\":1658}]","trial_id":"cong_9_flipped","congruency":"C","trial_group":"5to10","condition":"normal","inference_edge":[],"inference_edgeClickLog":[],"task":"experiment","subjectId":"fkfuhd5ozvlw833","trial_type":"external-html","trial_index":17,"time_elapsed":119608,"internal_node_id":"0.0-9.0-0.9"},{"rt":3857,"url":"../static/nodeGraphs_normal.html","edge":"1to4","edgeRT":"3238","skip":"false","flipped":"FALSE","index":"10","edgeClickLog":"[{\"edgeSelection\":\"1to4\",\"edgeRTMS\":2164},{\"edgeSelection\":\"1to4\",\"edgeRTMS\":3238}]","trial_id":"cong_0","congruency":"C","trial_group":"10to15","condition":"normal","inference_edge":[],"inference_edgeClickLog":[],"task":"experiment","subjectId":"fkfuhd5ozvlw833","trial_type":"external-html","trial_index":18,"time_elapsed":124034,"internal_node_id":"0.0-9.0-0.10"},{"rt":3289,"url":"../static/nodeGraphs_normal.html","edge":"2to6","edgeRT":"3155","skip":"false","flipped":"FALSE","index":"11","edgeClickLog":"[{\"edgeSelection\":\"2to6\",\"edgeRTMS\":3155}]","trial_id":"cong_1","congruency":"C","trial_group":"10to15","condition":"normal","inference_edge":[],"inference_edgeClickLog":[],"task":"experiment","subjectId":"fkfuhd5ozvlw833","trial_type":"external-html","trial_index":19,"time_elapsed":127876,"internal_node_id":"0.0-9.0-0.11"},{"rt":1804,"url":"../static/nodeGraphs_normal.html","edge":"2to5","edgeRT":"1701","skip":"false","flipped":"FALSE","index":"12","edgeClickLog":"[{\"edgeSelection\":\"2to5\",\"edgeRTMS\":1701}]","trial_id":"cong_6","congruency":"C","trial_group":"10to15","condition":"normal","inference_edge":[],"inference_edgeClickLog":[],"task":"experiment","subjectId":"fkfuhd5ozvlw833","trial_type":"external-html","trial_index":20,"time_elapsed":130233,"internal_node_id":"0.0-9.0-0.12"},{"rt":5004,"url":"../static/nodeGraphs_normal.html","edge":"2to4","edgeRT":"4687","skip":"false","flipped":"FALSE","index":"13","edgeClickLog":"[{\"edgeSelection\":\"2to4\",\"edgeRTMS\":4687}]","trial_id":"cong_4","congruency":"C","trial_group":"10to15","condition":"normal","inference_edge":[],"inference_edgeClickLog":[],"task":"experiment","subjectId":"fkfuhd5ozvlw833","trial_type":"external-html","trial_index":21,"time_elapsed":135789,"internal_node_id":"0.0-9.0-0.13"},{"rt":2521,"url":"../static/nodeGraphs_normal.html","edge":"2to5","edgeRT":"2119","skip":"false","flipped":"FALSE","index":"14","edgeClickLog":"[{\"edgeSelection\":\"2to5\",\"edgeRTMS\":2119}]","trial_id":"cong_9","congruency":"C","trial_group":"10to15","condition":"normal","inference_edge":[],"inference_edgeClickLog":[],"task":"experiment","subjectId":"fkfuhd5ozvlw833","trial_type":"external-html","trial_index":22,"time_elapsed":138860,"internal_node_id":"0.0-9.0-0.14"},{"rt":7980,"url":"../static/nodeGraphs_normal.html","edge":"6to8","edgeRT":"4970","skip":"false","flipped":"FALSE","index":"15","edgeClickLog":"[{\"edgeSelection\":\"6to8\",\"edgeRTMS\":4970}]","trial_id":"test_0","congruency":"I","trial_group":"15to20","condition":"normal","inference_edge":[],"inference_edgeClickLog":[],"task":"experiment","subjectId":"fkfuhd5ozvlw833","trial_type":"external-html","trial_index":23,"time_elapsed":147391,"internal_node_id":"0.0-9.0-0.15"},{"rt":3123,"url":"../static/nodeGraphs_normal.html","edge":"3to6","edgeRT":"2365","skip":"false","flipped":"FALSE","index":"16","edgeClickLog":"[{\"edgeSelection\":\"3to6\",\"edgeRTMS\":2365}]","trial_id":"test_1","congruency":"I","trial_group":"15to20","condition":"normal","inference_edge":[],"inference_edgeClickLog":[],"task":"experiment","subjectId":"fkfuhd5ozvlw833","trial_type":"external-html","trial_index":24,"time_elapsed":151069,"internal_node_id":"0.0-9.0-0.16"},{"rt":2466,"url":"../static/nodeGraphs_normal.html","edge":"3to6","edgeRT":"2165","skip":"false","flipped":"FALSE","index":"17","edgeClickLog":"[{\"edgeSelection\":\"3to6\",\"edgeRTMS\":2165}]","trial_id":"test_2","congruency":"I","trial_group":"15to20","condition":"normal","inference_edge":[],"inference_edgeClickLog":[],"task":"experiment","subjectId":"fkfuhd5ozvlw833","trial_type":"external-html","trial_index":25,"time_elapsed":154099,"internal_node_id":"0.0-9.0-0.17"},{"rt":1882,"url":"../static/nodeGraphs_normal.html","edge":"1to5","edgeRT":"1704","skip":"false","flipped":"FALSE","index":"18","edgeClickLog":"[{\"edgeSelection\":\"1to5\",\"edgeRTMS\":1704}]","trial_id":"test_3","congruency":"I","trial_group":"15to20","condition":"normal","inference_edge":[],"inference_edgeClickLog":[],"task":"experiment","subjectId":"fkfuhd5ozvlw833","trial_type":"external-html","trial_index":26,"time_elapsed":156533,"internal_node_id":"0.0-9.0-0.18"},{"rt":2451,"url":"../static/nodeGraphs_normal.html","edge":"6to9","edgeRT":"2202","skip":"false","flipped":"FALSE","index":"19","edgeClickLog":"[{\"edgeSelection\":\"6to9\",\"edgeRTMS\":2202}]","trial_id":"test_4","congruency":"I","trial_group":"15to20","condition":"normal","inference_edge":[],"inference_edgeClickLog":[],"task":"experiment","subjectId":"fkfuhd5ozvlw833","trial_type":"external-html","trial_index":27,"time_elapsed":159539,"internal_node_id":"0.0-9.0-0.19"},{"rt":7479,"response":{"P0_Q0":null,"P0_Q1":4,"P0_Q2":4,"P0_Q3":4,"P0_Q4":4,"P0_Q5":4,"strategies":"","feedback":""},"accuracy":[],"trial_type":"survey","trial_index":28,"time_elapsed":167555,"internal_node_id":"0.0-10.0"},{"rt":1735,"stimulus":"<p>Thanks for your time!</p>        <p>We need to manually calculate your bonus pay, please give us up to 7 days.</p><p>Press any key to conclude.</p>","response":" ","task":"end","subjectId":"fkfuhd5ozvlw833","trial_type":"html-keyboard-response","trial_index":29,"time_elapsed":169292,"internal_node_id":"0.0-11.0","interactions":"[{\"event\":\"fullscreenenter\",\"trial\":1,\"time\":1387},{\"event\":\"blur\",\"trial\":12,\"time\":93084},{\"event\":\"focus\",\"trial\":12,\"time\":93924}]"}]