[{"success":true,"timeout":false,"failed_images":[],"failed_audio":[],"failed_video":[],"trial_type":"preload","trial_index":0,"time_elapsed":821,"internal_node_id":"0.0-0.0"},{"success":true,"trial_type":"fullscreen","trial_index":1,"time_elapsed":4262,"internal_node_id":"0.0-1.0"},{"rt":2986,"stimulus":"Welcome to the experiment. Press any key to begin.","response":" ","trial_type":"html-keyboard-response","trial_index":2,"time_elapsed":7250,"internal_node_id":"0.0-2.0"},{"view_history":[{"page_index":0,"viewing_time":5339},{"page_index":1,"viewing_time":3559},{"page_index":2,"viewing_time":33211},{"page_index":3,"viewing_time":12512},{"page_index":4,"viewing_time":6758},{"page_index":5,"viewing_time":1487},{"page_index":6,"viewing_time":1762},{"page_index":7,"viewing_time":10520},{"page_index":8,"viewing_time":11353},{"page_index":9,"viewing_time":4669},{"page_index":10,"viewing_time":1753},{"page_index":11,"viewing_time":600},{"page_index":12,"viewing_time":584},{"page_index":13,"viewing_time":2800},{"page_index":14,"viewing_time":5152},{"page_index":15,"viewing_time":5904},{"page_index":16,"viewing_time":9240},{"page_index":17,"viewing_time":727},{"page_index":18,"viewing_time":529},{"page_index":19,"viewing_time":3407},{"page_index":20,"viewing_time":4153},{"page_index":21,"viewing_time":3184}],"rt":129204,"trial_type":"instructions","trial_index":3,"time_elapsed":136454,"internal_node_id":"0.0-3.0"},{"rt":265104,"url":"../static/nodeGraphsTraining_scaffolding.html","skip":[],"edgeClickLog":[],"inference_edge":[],"inference_edgeClickLog":[],"trial_type":"external-html","trial_index":4,"time_elapsed":401940,"internal_node_id":"0.0-4.0"},{"rt":24145,"response":{"q1":"The goal is to help the student to get the most points.","q2":"True","q3":"Possible edges you, as the teacher, can choose to teach the learner.","q4":"Edges that the student took before."},"question_order":[0,1,2,3],"trial_type":"survey-multi-choice","trial_index":5,"time_elapsed":426089,"internal_node_id":"0.0-5.0"},{"rt":35206,"response":{"q1":"The goal is to help the student to get the most points.","q2":"False","q3":"Possible edges you, as the teacher, can choose to teach the learner.","q4":"Edges that the student took before."},"question_order":[0,1,2,3],"trial_type":"survey-multi-choice","trial_index":6,"time_elapsed":461297,"internal_node_id":"0.0-6.0-0.0"},{"rt":40923,"stimulus":"<p>You can take a 60 second break before starting the experiment.</p><br><br><p>This page will advance in 60 seconds or you can press any key to advance now.</p>","response":"enter","trial_type":"html-keyboard-response","trial_index":7,"time_elapsed":502222,"internal_node_id":"0.0-7.0"},{"view_history":[{"page_index":0,"viewing_time":48053}],"rt":48054,"trial_type":"instructions","trial_index":8,"time_elapsed":550277,"internal_node_id":"0.0-8.0"},{"rt":39662,"url":"../static/nodeGraphs_scaffolding.html","edge":"1to4","edgeRT":"18735","skip":"false","flipped":"FALSE","index":"0","edgeClickLog":"[{\"edgeSelection\":\"1to4\",\"edgeRTMS\":18735}]","trial_id":"incong_0","congruency":"I","trial_group":"1to5","condition":"scaffolding","inference_edge":"2to4,4to8,0to1","inference_edgeClickLog":"[{\"edgeSelection\":\"2to4\",\"edgeRTMS\":6974},{\"edgeSelection\":\"4to8\",\"edgeRTMS\":11692},{\"edgeSelection\":\"0to1\",\"edgeRTMS\":15546}]","inference_edgeRT":"15546","inference_edge_last":"0to1","task":"experiment","subjectId":"b37lsnq2qf0ast9","trial_type":"external-html","trial_index":9,"time_elapsed":590075,"internal_node_id":"0.0-9.0-0.0"},{"rt":31581,"url":"../static/nodeGraphs_scaffolding.html","edge":"2to4","edgeRT":"6085","skip":"false","flipped":"FALSE","index":"1","edgeClickLog":"[{\"edgeSelection\":\"2to4\",\"edgeRTMS\":6085}]","trial_id":"incong_5","congruency":"I","trial_group":"1to5","condition":"scaffolding","inference_edge":"2to4,4to8,3to6","inference_edgeClickLog":"[{\"edgeSelection\":\"2to4\",\"edgeRTMS\":6147},{\"edgeSelection\":\"4to8\",\"edgeRTMS\":8177},{\"edgeSelection\":\"3to6\",\"edgeRTMS\":23746}]","inference_edgeRT":"23746","inference_edge_last":"3to6","task":"experiment","subjectId":"b37lsnq2qf0ast9","trial_type":"external-html","trial_index":10,"time_elapsed":622832,"internal_node_id":"0.0-9.0-0.1"},{"rt":33713,"url":"../static/nodeGraphs_scaffolding.html","edge":"2to6","edgeRT":"9425","skip":"false","flipped":"FALSE","index":"2","edgeClickLog":"[{\"edgeSelection\":\"0to2\",\"edgeRTMS\":8070},{\"edgeSelection\":\"2to6\",\"edgeRTMS\":9425}]","trial_id":"incong_3","congruency":"I","trial_group":"1to5","condition":"scaffolding","inference_edge":"2to6,0to2,5to7","inference_edgeClickLog":"[{\"edgeSelection\":\"2to6\",\"edgeRTMS\":5097},{\"edgeSelection\":\"0to2\",\"edgeRTMS\":14049},{\"edgeSelection\":\"5to7\",\"edgeRTMS\":17798}]","inference_edgeRT":"17798","inference_edge_last":"5to7","task":"experiment","subjectId":"b37lsnq2qf0ast9","trial_type":"external-html","trial_index":11,"time_elapsed":657213,"internal_node_id":"0.0-9.0-0.2"},{"rt":29829,"url":"../static/nodeGraphs_scaffolding.html","edge":"4to8","edgeRT":"3842","skip":"false","flipped":"FALSE","index":"3","edgeClickLog":"[{\"edgeSelection\":\"4to8\",\"edgeRTMS\":3842}]","trial_id":"incong_10","congruency":"I","trial_group":"1to5","condition":"scaffolding","inference_edge":"4to8,2to4,5to7","inference_edgeClickLog":"[{\"edgeSelection\":\"4to8\",\"edgeRTMS\":4382},{\"edgeSelection\":\"2to4\",\"edgeRTMS\":7228},{\"edgeSelection\":\"5to7\",\"edgeRTMS\":11095},{\"edgeSelection\":\"5to7\",\"edgeRTMS\":11784},{\"edgeSelection\":\"5to7\",\"edgeRTMS\":5421}]","inference_edgeRT":"5421","inference_edge_last":"5to7","task":"experiment","subjectId":"b37lsnq2qf0ast9","trial_type":"external-html","trial_index":12,"time_elapsed":687729,"internal_node_id":"0.0-9.0-0.3"},{"rt":31076,"url":"../static/nodeGraphs_scaffolding.html","edge":"4to8","edgeRT":"9665","skip":"false","flipped":"FALSE","index":"4","edgeClickLog":"[{\"edgeSelection\":\"5to7\",\"edgeRTMS\":8344},{\"edgeSelection\":\"4to8\",\"edgeRTMS\":9665}]","trial_id":"incong_2","congruency":"I","trial_group":"1to5","condition":"scaffolding","inference_edge":"4to8,2to4,0to1","inference_edgeClickLog":"[{\"edgeSelection\":\"4to8\",\"edgeRTMS\":5382},{\"edgeSelection\":\"2to4\",\"edgeRTMS\":7731},{\"edgeSelection\":\"0to1\",\"edgeRTMS\":17390}]","inference_edgeRT":"17390","inference_edge_last":"0to1","task":"experiment","subjectId":"b37lsnq2qf0ast9","trial_type":"external-html","trial_index":13,"time_elapsed":719517,"internal_node_id":"0.0-9.0-0.4"},{"rt":17545,"url":"../static/nodeGraphs_scaffolding.html","edge":"3to6","edgeRT":"7570","skip":"false","flipped":"TRUE","index":"5","edgeClickLog":"[{\"edgeSelection\":\"3to6\",\"edgeRTMS\":7570}]","trial_id":"incong_0_flipped","congruency":"I","trial_group":"5to10","condition":"scaffolding","inference_edge":"3to6,6to9,6to8","inference_edgeClickLog":"[{\"edgeSelection\":\"3to6\",\"edgeRTMS\":3992},{\"edgeSelection\":\"6to9\",\"edgeRTMS\":5021},{\"edgeSelection\":\"6to8\",\"edgeRTMS\":7348}]","inference_edgeRT":"7348","inference_edge_last":"6to8","task":"experiment","subjectId":"b37lsnq2qf0ast9","trial_type":"external-html","trial_index":14,"time_elapsed":737750,"internal_node_id":"0.0-9.0-0.5"},{"rt":46311,"url":"../static/nodeGraphs_scaffolding.html","edge":"2to6","edgeRT":"5476","skip":"false","flipped":"TRUE","index":"6","edgeClickLog":"[{\"edgeSelection\":\"2to6\",\"edgeRTMS\":5476}]","trial_id":"incong_5_flipped","congruency":"I","trial_group":"5to10","condition":"scaffolding","inference_edge":"6to9,3to6,2to4","inference_edgeClickLog":"[{\"edgeSelection\":\"6to9\",\"edgeRTMS\":15740},{\"edgeSelection\":\"3to6\",\"edgeRTMS\":3681},{\"edgeSelection\":\"2to4\",\"edgeRTMS\":8752}]","inference_edgeRT":"8752","inference_edge_last":"2to4","task":"experiment","subjectId":"b37lsnq2qf0ast9","trial_type":"external-html","trial_index":15,"time_elapsed":784667,"internal_node_id":"0.0-9.0-0.6"},{"rt":20073,"url":"../static/nodeGraphs_scaffolding.html","edge":"2to4","edgeRT":"7190","skip":"false","flipped":"TRUE","index":"7","edgeClickLog":"[{\"edgeSelection\":\"2to4\",\"edgeRTMS\":7190}]","trial_id":"incong_3_flipped","congruency":"I","trial_group":"5to10","condition":"scaffolding","inference_edge":"2to4,2to5,1to5","inference_edgeClickLog":"[{\"edgeSelection\":\"2to4\",\"edgeRTMS\":3893},{\"edgeSelection\":\"2to5\",\"edgeRTMS\":6416},{\"edgeSelection\":\"1to5\",\"edgeRTMS\":10663}]","inference_edgeRT":"10663","inference_edge_last":"1to5","task":"experiment","subjectId":"b37lsnq2qf0ast9","trial_type":"external-html","trial_index":16,"time_elapsed":805538,"internal_node_id":"0.0-9.0-0.7"},{"rt":16605,"url":"../static/nodeGraphs_scaffolding.html","edge":"5to8","edgeRT":"5685","skip":"false","flipped":"TRUE","index":"8","edgeClickLog":"[{\"edgeSelection\":\"5to8\",\"edgeRTMS\":5685}]","trial_id":"incong_10_flipped","congruency":"I","trial_group":"5to10","condition":"scaffolding","inference_edge":"6to8,6to9,2to6","inference_edgeClickLog":"[{\"edgeSelection\":\"6to8\",\"edgeRTMS\":4200},{\"edgeSelection\":\"6to9\",\"edgeRTMS\":5403},{\"edgeSelection\":\"2to6\",\"edgeRTMS\":8587}]","inference_edgeRT":"8587","inference_edge_last":"2to6","task":"experiment","subjectId":"b37lsnq2qf0ast9","trial_type":"external-html","trial_index":17,"time_elapsed":822732,"internal_node_id":"0.0-9.0-0.8"},{"rt":27759,"url":"../static/nodeGraphs_scaffolding.html","edge":"6to8","edgeRT":"17921","skip":"false","flipped":"TRUE","index":"9","edgeClickLog":"[{\"edgeSelection\":\"6to8\",\"edgeRTMS\":10209},{\"edgeSelection\":\"6to8\",\"edgeRTMS\":17921}]","trial_id":"incong_2_flipped","congruency":"I","trial_group":"5to10","condition":"scaffolding","inference_edge":"6to8,2to6,3to6","inference_edgeClickLog":"[{\"edgeSelection\":\"6to8\",\"edgeRTMS\":3797},{\"edgeSelection\":\"2to6\",\"edgeRTMS\":5371},{\"edgeSelection\":\"3to6\",\"edgeRTMS\":7246}]","inference_edgeRT":"7246","inference_edge_last":"3to6","task":"experiment","subjectId":"b37lsnq2qf0ast9","trial_type":"external-html","trial_index":18,"time_elapsed":851074,"internal_node_id":"0.0-9.0-0.9"},{"rt":18810,"url":"../static/nodeGraphs_scaffolding.html","edge":"2to4","edgeRT":"5580","skip":"false","flipped":"FALSE","index":"10","edgeClickLog":"[{\"edgeSelection\":\"1to4\",\"edgeRTMS\":3077},{\"edgeSelection\":\"2to4\",\"edgeRTMS\":5580}]","trial_id":"incong_0","congruency":"I","trial_group":"10to15","condition":"scaffolding","inference_edge":"1to4,2to4,4to7","inference_edgeClickLog":"[{\"edgeSelection\":\"1to4\",\"edgeRTMS\":5348},{\"edgeSelection\":\"2to4\",\"edgeRTMS\":6312},{\"edgeSelection\":\"4to7\",\"edgeRTMS\":7832}]","inference_edgeRT":"7832","inference_edge_last":"4to7","task":"experiment","subjectId":"b37lsnq2qf0ast9","trial_type":"external-html","trial_index":19,"time_elapsed":870459,"internal_node_id":"0.0-9.0-0.10"},{"rt":28528,"url":"../static/nodeGraphs_scaffolding.html","edge":"4to7","edgeRT":"7026","skip":"false","flipped":"FALSE","index":"11","edgeClickLog":"[{\"edgeSelection\":\"4to7\",\"edgeRTMS\":7026}]","trial_id":"incong_5","congruency":"I","trial_group":"10to15","condition":"scaffolding","inference_edge":"1to4,2to6,5to8","inference_edgeClickLog":"[{\"edgeSelection\":\"1to4\",\"edgeRTMS\":3420},{\"edgeSelection\":\"2to6\",\"edgeRTMS\":11097},{\"edgeSelection\":\"5to8\",\"edgeRTMS\":18095}]","inference_edgeRT":"18095","inference_edge_last":"5to8","task":"experiment","subjectId":"b37lsnq2qf0ast9","trial_type":"external-html","trial_index":20,"time_elapsed":899562,"internal_node_id":"0.0-9.0-0.11"},{"rt":42169,"url":"../static/nodeGraphs_scaffolding.html","edge":"2to6","edgeRT":"12674","skip":"false","flipped":"FALSE","index":"12","edgeClickLog":"[{\"edgeSelection\":\"2to6\",\"edgeRTMS\":3956},{\"edgeSelection\":\"0to2\",\"edgeRTMS\":9142},{\"edgeSelection\":\"0to2\",\"edgeRTMS\":10774},{\"edgeSelection\":\"2to6\",\"edgeRTMS\":12674}]","trial_id":"incong_3","congruency":"I","trial_group":"10to15","condition":"scaffolding","inference_edge":"2to6,5to7,3to6","inference_edgeClickLog":"[{\"edgeSelection\":\"3to5\",\"edgeRTMS\":5603},{\"edgeSelection\":\"3to5\",\"edgeRTMS\":6790},{\"edgeSelection\":\"2to6\",\"edgeRTMS\":7740},{\"edgeSelection\":\"5to7\",\"edgeRTMS\":10726},{\"edgeSelection\":\"3to6\",\"edgeRTMS\":27587}]","inference_edgeRT":"27587","inference_edge_last":"3to6","task":"experiment","subjectId":"b37lsnq2qf0ast9","trial_type":"external-html","trial_index":21,"time_elapsed":942316,"internal_node_id":"0.0-9.0-0.12"},{"rt":13627,"url":"../static/nodeGraphs_scaffolding.html","edge":"4to8","edgeRT":"4012","skip":"false","flipped":"FALSE","index":"13","edgeClickLog":"[{\"edgeSelection\":\"4to8\",\"edgeRTMS\":4012}]","trial_id":"incong_10","congruency":"I","trial_group":"10to15","condition":"scaffolding","inference_edge":"4to8,2to4,5to8","inference_edgeClickLog":"[{\"edgeSelection\":\"4to8\",\"edgeRTMS\":5107},{\"edgeSelection\":\"2to4\",\"edgeRTMS\":6192},{\"edgeSelection\":\"5to8\",\"edgeRTMS\":8318}]","inference_edgeRT":"8318","inference_edge_last":"5to8","task":"experiment","subjectId":"b37lsnq2qf0ast9","trial_type":"external-html","trial_index":22,"time_elapsed":956520,"internal_node_id":"0.0-9.0-0.13"},{"rt":21244,"url":"../static/nodeGraphs_scaffolding.html","edge":"4to8","edgeRT":"2888","skip":"false","flipped":"FALSE","index":"14","edgeClickLog":"[{\"edgeSelection\":\"4to8\",\"edgeRTMS\":2888}]","trial_id":"incong_2","congruency":"I","trial_group":"10to15","condition":"scaffolding","inference_edge":"4to8,4to7,0to1","inference_edgeClickLog":"[{\"edgeSelection\":\"4to8\",\"edgeRTMS\":4537},{\"edgeSelection\":\"4to7\",\"edgeRTMS\":7504},{\"edgeSelection\":\"0to1\",\"edgeRTMS\":14154}]","inference_edgeRT":"14154","inference_edge_last":"0to1","task":"experiment","subjectId":"b37lsnq2qf0ast9","trial_type":"external-html","trial_index":23,"time_elapsed":978338,"internal_node_id":"0.0-9.0-0.14"},{"rt":16336,"url":"../static/nodeGraphs_scaffolding.html","edge":"6to8","edgeRT":"3365","skip":"false","flipped":"FALSE","index":"15","edgeClickLog":"[{\"edgeSelection\":\"6to8\",\"edgeRTMS\":3365}]","trial_id":"test_0","congruency":"I","trial_group":"15to20","condition":"scaffolding","inference_edge":"4to8,4to7,0to1","inference_edgeClickLog":"[{\"edgeSelection\":\"4to8\",\"edgeRTMS\":4537},{\"edgeSelection\":\"4to7\",\"edgeRTMS\":7504},{\"edgeSelection\":\"0to1\",\"edgeRTMS\":14154}]","inference_edgeRT":"14154","inference_edge_last":"","task":"experiment","subjectId":"b37lsnq2qf0ast9","trial_type":"external-html","trial_index":24,"time_elapsed":995251,"internal_node_id":"0.0-9.0-0.15"},{"rt":4045,"url":"../static/nodeGraphs_scaffolding.html","edge":"3to6","edgeRT":"3532","skip":"false","flipped":"FALSE","index":"16","edgeClickLog":"[{\"edgeSelection\":\"3to6\",\"edgeRTMS\":2611},{\"edgeSelection\":\"3to6\",\"edgeRTMS\":3532}]","trial_id":"test_1","congruency":"I","trial_group":"15to20","condition":"scaffolding","inference_edge":"4to8,4to7,0to1","inference_edgeClickLog":"[{\"edgeSelection\":\"4to8\",\"edgeRTMS\":4537},{\"edgeSelection\":\"4to7\",\"edgeRTMS\":7504},{\"edgeSelection\":\"0to1\",\"edgeRTMS\":14154}]","inference_edgeRT":"14154","inference_edge_last":"","task":"experiment","subjectId":"b37lsnq2qf0ast9","trial_type":"external-html","trial_index":25,"time_elapsed":999908,"internal_node_id":"0.0-9.0-0.16"},{"rt":3782,"url":"../static/nodeGraphs_scaffolding.html","edge":"3to6","edgeRT":"2627","skip":"false","flipped":"FALSE","index":"17","edgeClickLog":"[{\"edgeSelection\":\"3to6\",\"edgeRTMS\":2627}]","trial_id":"test_2","congruency":"I","trial_group":"15to20","condition":"scaffolding","inference_edge":"4to8,4to7,0to1","inference_edgeClickLog":"[{\"edgeSelection\":\"4to8\",\"edgeRTMS\":4537},{\"edgeSelection\":\"4to7\",\"edgeRTMS\":7504},{\"edgeSelection\":\"0to1\",\"edgeRTMS\":14154}]","inference_edgeRT":"14154","inference_edge_last":"","task":"experiment","subjectId":"b37lsnq2qf0ast9","trial_type":"external-html","trial_index":26,"time_elapsed":1004271,"internal_node_id":"0.0-9.0-0.17"},{"rt":14250,"url":"../static/nodeGraphs_scaffolding.html","edge":"1to5","edgeRT":"13449","skip":"false","flipped":"FALSE","index":"18","edgeClickLog":"[{\"edgeSelection\":\"1to5\",\"edgeRTMS\":13449}]","trial_id":"test_3","congruency":"I","trial_group":"15to20","condition":"scaffolding","inference_edge":"4to8,4to7,0to1","inference_edgeClickLog":"[{\"edgeSelection\":\"4to8\",\"edgeRTMS\":4537},{\"edgeSelection\":\"4to7\",\"edgeRTMS\":7504},{\"edgeSelection\":\"0to1\",\"edgeRTMS\":14154}]","inference_edgeRT":"14154","inference_edge_last":"","task":"experiment","subjectId":"b37lsnq2qf0ast9","trial_type":"external-html","trial_index":27,"time_elapsed":1019116,"internal_node_id":"0.0-9.0-0.18"},{"rt":3838,"url":"../static/nodeGraphs_scaffolding.html","edge":"6to9","edgeRT":"3337","skip":"false","flipped":"FALSE","index":"19","edgeClickLog":"[{\"edgeSelection\":\"6to9\",\"edgeRTMS\":3337}]","trial_id":"test_4","congruency":"I","trial_group":"15to20","condition":"scaffolding","inference_edge":"4to8,4to7,0to1","inference_edgeClickLog":"[{\"edgeSelection\":\"4to8\",\"edgeRTMS\":4537},{\"edgeSelection\":\"4to7\",\"edgeRTMS\":7504},{\"edgeSelection\":\"0to1\",\"edgeRTMS\":14154}]","inference_edgeRT":"14154","inference_edge_last":"","task":"experiment","subjectId":"b37lsnq2qf0ast9","trial_type":"external-html","trial_index":28,"time_elapsed":1023526,"internal_node_id":"0.0-9.0-0.19"},{"rt":90408,"response":{"P0_Q0":null,"P0_Q1":5,"P0_Q2":2,"P0_Q3":5,"P0_Q4":7,"P0_Q5":3,"strategies":"Points to be increased from one circle to the next","feedback":"no"},"accuracy":[],"trial_type":"survey","trial_index":29,"time_elapsed":1114496,"internal_node_id":"0.0-10.0"},{"rt":2057,"stimulus":"<p>Thanks for your time!</p>        <p>We need to manually calculate your bonus pay, please give us up to 7 days.</p><p>Press any key to conclude.</p>","response":" ","task":"end","subjectId":"b37lsnq2qf0ast9","trial_type":"html-keyboard-response","trial_index":30,"time_elapsed":1116556,"internal_node_id":"0.0-11.0","interactions":"[{\"event\":\"fullscreenenter\",\"trial\":1,\"time\":3509},{\"event\":\"blur\",\"trial\":4,\"time\":165357},{\"event\":\"focus\",\"trial\":4,\"time\":165357},{\"event\":\"blur\",\"trial\":4,\"time\":175614},{\"event\":\"focus\",\"trial\":4,\"time\":175614},{\"event\":\"blur\",\"trial\":4,\"time\":317667},{\"event\":\"focus\",\"trial\":4,\"time\":357996},{\"event\":\"blur\",\"trial\":12,\"time\":677568},{\"event\":\"focus\",\"trial\":12,\"time\":677568},{\"event\":\"blur\",\"trial\":15,\"time\":757365},{\"event\":\"focus\",\"trial\":15,\"time\":757365},{\"event\":\"blur\",\"trial\":18,\"time\":841278},{\"event\":\"focus\",\"trial\":18,\"time\":841493},{\"event\":\"blur\",\"trial\":18,\"time\":841762},{\"event\":\"focus\",\"trial\":18,\"time\":844901},{\"event\":\"blur\",\"trial\":18,\"time\":845128},{\"event\":\"focus\",\"trial\":18,\"time\":845147},{\"event\":\"blur\",\"trial\":29,\"time\":1091032},{\"event\":\"focus\",\"trial\":29,\"time\":1096895}]"}]