[{"success":true,"timeout":false,"failed_images":[],"failed_audio":[],"failed_video":[],"trial_type":"preload","trial_index":0,"time_elapsed":158,"internal_node_id":"0.0-0.0"},{"success":true,"trial_type":"fullscreen","trial_index":1,"time_elapsed":4083,"internal_node_id":"0.0-1.0"},{"rt":2289,"stimulus":"Welcome to the experiment. Press any key to begin.","response":" ","trial_type":"html-keyboard-response","trial_index":2,"time_elapsed":6374,"internal_node_id":"0.0-2.0"},{"view_history":[{"page_index":0,"viewing_time":6303},{"page_index":1,"viewing_time":8418},{"page_index":2,"viewing_time":33879},{"page_index":3,"viewing_time":2756},{"page_index":4,"viewing_time":2312},{"page_index":5,"viewing_time":1306},{"page_index":6,"viewing_time":2360},{"page_index":7,"viewing_time":12391},{"page_index":8,"viewing_time":39228},{"page_index":9,"viewing_time":12257},{"page_index":10,"viewing_time":1341},{"page_index":11,"viewing_time":1299},{"page_index":12,"viewing_time":733},{"page_index":13,"viewing_time":1493},{"page_index":14,"viewing_time":2304},{"page_index":15,"viewing_time":5819},{"page_index":16,"viewing_time":1651},{"page_index":17,"viewing_time":701},{"page_index":18,"viewing_time":1000},{"page_index":19,"viewing_time":2571},{"page_index":20,"viewing_time":18536},{"page_index":21,"viewing_time":2643}],"rt":161298,"trial_type":"instructions","trial_index":3,"time_elapsed":167673,"internal_node_id":"0.0-3.0"},{"rt":127183,"url":"../static/nodeGraphsTraining_normal.html","skip":[],"edgeClickLog":[],"inference_edge":[],"inference_edgeClickLog":[],"trial_type":"external-html","trial_index":4,"time_elapsed":294949,"internal_node_id":"0.0-4.0"},{"rt":29941,"response":{"q1":"The goal is to help the student to get the most points","q2":"False","q3":"Possible paths you, as the teacher, can choose to teach the learner.","q4":"Paths that the student took before."},"question_order":[0,1,2,3],"trial_type":"survey-multi-choice","trial_index":5,"time_elapsed":324896,"internal_node_id":"0.0-5.0"},{"rt":2899,"stimulus":"<p>You can take a 60 second break before starting the experiment.</p><br><br><p>This page will advance in 60 seconds or you can press any key to advance now.</p>","response":" ","trial_type":"html-keyboard-response","trial_index":6,"time_elapsed":327797,"internal_node_id":"0.0-7.0"},{"view_history":[{"page_index":0,"viewing_time":11318}],"rt":11319,"trial_type":"instructions","trial_index":7,"time_elapsed":339118,"internal_node_id":"0.0-8.0"},{"rt":11819,"url":"../static/nodeGraphs_normal.html","edge":"6to8","edgeRT":"9931","skip":"false","flipped":"FALSE","index":"0","edgeClickLog":"[{\"edgeSelection\":\"6to8\",\"edgeRTMS\":9931}]","trial_id":"incong_0","congruency":"I","trial_group":"1to5","condition":"normal","inference_edge":[],"inference_edgeClickLog":[],"task":"experiment","subjectId":"7ravjclu1l76ouf","trial_type":"external-html","trial_index":8,"time_elapsed":351016,"internal_node_id":"0.0-9.0-0.0"},{"rt":11502,"url":"../static/nodeGraphs_normal.html","edge":"5to8","edgeRT":"10625","skip":"false","flipped":"FALSE","index":"1","edgeClickLog":"[{\"edgeSelection\":\"5to8\",\"edgeRTMS\":10625}]","trial_id":"incong_5","congruency":"I","trial_group":"1to5","condition":"normal","inference_edge":[],"inference_edgeClickLog":[],"task":"experiment","subjectId":"7ravjclu1l76ouf","trial_type":"external-html","trial_index":9,"time_elapsed":363110,"internal_node_id":"0.0-9.0-0.1"},{"rt":14022,"url":"../static/nodeGraphs_normal.html","edge":"5to7","edgeRT":"13293","skip":"false","flipped":"FALSE","index":"2","edgeClickLog":"[{\"edgeSelection\":\"5to7\",\"edgeRTMS\":13293}]","trial_id":"incong_3","congruency":"I","trial_group":"1to5","condition":"normal","inference_edge":[],"inference_edgeClickLog":[],"task":"experiment","subjectId":"7ravjclu1l76ouf","trial_type":"external-html","trial_index":10,"time_elapsed":377730,"internal_node_id":"0.0-9.0-0.2"},{"rt":9748,"url":"../static/nodeGraphs_normal.html","edge":"5to8","edgeRT":"9174","skip":"false","flipped":"FALSE","index":"3","edgeClickLog":"[{\"edgeSelection\":\"5to8\",\"edgeRTMS\":9174}]","trial_id":"incong_10","congruency":"I","trial_group":"1to5","condition":"normal","inference_edge":[],"inference_edgeClickLog":[],"task":"experiment","subjectId":"7ravjclu1l76ouf","trial_type":"external-html","trial_index":11,"time_elapsed":388066,"internal_node_id":"0.0-9.0-0.3"},{"rt":43430,"url":"../static/nodeGraphs_normal.html","edge":"0to2","edgeRT":"42858","skip":"false","flipped":"FALSE","index":"4","edgeClickLog":"[{\"edgeSelection\":\"0to2\",\"edgeRTMS\":42858}]","trial_id":"incong_2","congruency":"I","trial_group":"1to5","condition":"normal","inference_edge":[],"inference_edgeClickLog":[],"task":"experiment","subjectId":"7ravjclu1l76ouf","trial_type":"external-html","trial_index":12,"time_elapsed":432090,"internal_node_id":"0.0-9.0-0.4"},{"rt":15906,"url":"../static/nodeGraphs_normal.html","edge":"4to8","edgeRT":"15284","skip":"false","flipped":"TRUE","index":"5","edgeClickLog":"[{\"edgeSelection\":\"4to8\",\"edgeRTMS\":15284}]","trial_id":"incong_0_flipped","congruency":"I","trial_group":"5to10","condition":"normal","inference_edge":[],"inference_edgeClickLog":[],"task":"experiment","subjectId":"7ravjclu1l76ouf","trial_type":"external-html","trial_index":13,"time_elapsed":448582,"internal_node_id":"0.0-9.0-0.5"},{"rt":29941,"url":"../static/nodeGraphs_normal.html","edge":"5to8","edgeRT":"29515","skip":"false","flipped":"TRUE","index":"6","edgeClickLog":"[{\"edgeSelection\":\"5to8\",\"edgeRTMS\":29515}]","trial_id":"incong_5_flipped","congruency":"I","trial_group":"5to10","condition":"normal","inference_edge":[],"inference_edgeClickLog":[],"task":"experiment","subjectId":"7ravjclu1l76ouf","trial_type":"external-html","trial_index":14,"time_elapsed":479110,"internal_node_id":"0.0-9.0-0.6"},{"rt":7190,"url":"../static/nodeGraphs_normal.html","edge":"5to9","edgeRT":"6562","skip":"false","flipped":"TRUE","index":"7","edgeClickLog":"[{\"edgeSelection\":\"6to8\",\"edgeRTMS\":5377},{\"edgeSelection\":\"5to9\",\"edgeRTMS\":6562}]","trial_id":"incong_3_flipped","congruency":"I","trial_group":"5to10","condition":"normal","inference_edge":[],"inference_edgeClickLog":[],"task":"experiment","subjectId":"7ravjclu1l76ouf","trial_type":"external-html","trial_index":15,"time_elapsed":486891,"internal_node_id":"0.0-9.0-0.7"},{"rt":5654,"url":"../static/nodeGraphs_normal.html","edge":"5to8","edgeRT":"5127","skip":"false","flipped":"TRUE","index":"8","edgeClickLog":"[{\"edgeSelection\":\"5to8\",\"edgeRTMS\":5127}]","trial_id":"incong_10_flipped","congruency":"I","trial_group":"5to10","condition":"normal","inference_edge":[],"inference_edgeClickLog":[],"task":"experiment","subjectId":"7ravjclu1l76ouf","trial_type":"external-html","trial_index":16,"time_elapsed":493135,"internal_node_id":"0.0-9.0-0.8"},{"rt":42273,"url":"../static/nodeGraphs_normal.html","edge":"5to8","edgeRT":"41337","skip":"false","flipped":"TRUE","index":"9","edgeClickLog":"[{\"edgeSelection\":\"5to8\",\"edgeRTMS\":7236},{\"edgeSelection\":\"5to7\",\"edgeRTMS\":11031},{\"edgeSelection\":\"5to8\",\"edgeRTMS\":41337}]","trial_id":"incong_2_flipped","congruency":"I","trial_group":"5to10","condition":"normal","inference_edge":[],"inference_edgeClickLog":[],"task":"experiment","subjectId":"7ravjclu1l76ouf","trial_type":"external-html","trial_index":17,"time_elapsed":536002,"internal_node_id":"0.0-9.0-0.9"},{"rt":12443,"url":"../static/nodeGraphs_normal.html","edge":"6to8","edgeRT":"11046","skip":"false","flipped":"FALSE","index":"10","edgeClickLog":"[{\"edgeSelection\":\"6to8\",\"edgeRTMS\":11046}]","trial_id":"incong_0","congruency":"I","trial_group":"10to15","condition":"normal","inference_edge":[],"inference_edgeClickLog":[],"task":"experiment","subjectId":"7ravjclu1l76ouf","trial_type":"external-html","trial_index":18,"time_elapsed":549039,"internal_node_id":"0.0-9.0-0.10"},{"rt":13759,"url":"../static/nodeGraphs_normal.html","edge":"5to8","edgeRT":"13225","skip":"false","flipped":"FALSE","index":"11","edgeClickLog":"[{\"edgeSelection\":\"5to8\",\"edgeRTMS\":13225}]","trial_id":"incong_5","congruency":"I","trial_group":"10to15","condition":"normal","inference_edge":[],"inference_edgeClickLog":[],"task":"experiment","subjectId":"7ravjclu1l76ouf","trial_type":"external-html","trial_index":19,"time_elapsed":563391,"internal_node_id":"0.0-9.0-0.11"},{"rt":7279,"url":"../static/nodeGraphs_normal.html","edge":"5to7","edgeRT":"6531","skip":"false","flipped":"FALSE","index":"12","edgeClickLog":"[{\"edgeSelection\":\"5to7\",\"edgeRTMS\":6531}]","trial_id":"incong_3","congruency":"I","trial_group":"10to15","condition":"normal","inference_edge":[],"inference_edgeClickLog":[],"task":"experiment","subjectId":"7ravjclu1l76ouf","trial_type":"external-html","trial_index":20,"time_elapsed":571266,"internal_node_id":"0.0-9.0-0.12"},{"rt":5510,"url":"../static/nodeGraphs_normal.html","edge":"5to8","edgeRT":"4291","skip":"false","flipped":"FALSE","index":"13","edgeClickLog":"[{\"edgeSelection\":\"5to8\",\"edgeRTMS\":4291}]","trial_id":"incong_10","congruency":"I","trial_group":"10to15","condition":"normal","inference_edge":[],"inference_edgeClickLog":[],"task":"experiment","subjectId":"7ravjclu1l76ouf","trial_type":"external-html","trial_index":21,"time_elapsed":577365,"internal_node_id":"0.0-9.0-0.13"},{"rt":27528,"url":"../static/nodeGraphs_normal.html","edge":"5to8","edgeRT":"26851","skip":"false","flipped":"FALSE","index":"14","edgeClickLog":"[{\"edgeSelection\":\"5to8\",\"edgeRTMS\":26851}]","trial_id":"incong_2","congruency":"I","trial_group":"10to15","condition":"normal","inference_edge":[],"inference_edgeClickLog":[],"task":"experiment","subjectId":"7ravjclu1l76ouf","trial_type":"external-html","trial_index":22,"time_elapsed":605485,"internal_node_id":"0.0-9.0-0.14"},{"rt":10064,"url":"../static/nodeGraphs_normal.html","edge":"5to8","edgeRT":"4565","skip":"false","flipped":"FALSE","index":"15","edgeClickLog":"[{\"edgeSelection\":\"5to8\",\"edgeRTMS\":4565}]","trial_id":"test_0","congruency":"I","trial_group":"15to20","condition":"normal","inference_edge":[],"inference_edgeClickLog":[],"task":"experiment","subjectId":"7ravjclu1l76ouf","trial_type":"external-html","trial_index":23,"time_elapsed":616135,"internal_node_id":"0.0-9.0-0.15"},{"rt":11661,"url":"../static/nodeGraphs_normal.html","edge":"4to7","edgeRT":"10772","skip":"false","flipped":"FALSE","index":"16","edgeClickLog":"[{\"edgeSelection\":\"4to7\",\"edgeRTMS\":10772}]","trial_id":"test_1","congruency":"I","trial_group":"15to20","condition":"normal","inference_edge":[],"inference_edgeClickLog":[],"task":"experiment","subjectId":"7ravjclu1l76ouf","trial_type":"external-html","trial_index":24,"time_elapsed":628381,"internal_node_id":"0.0-9.0-0.16"},{"rt":5444,"url":"../static/nodeGraphs_normal.html","edge":"6to8","edgeRT":"4287","skip":"false","flipped":"FALSE","index":"17","edgeClickLog":"[{\"edgeSelection\":\"6to8\",\"edgeRTMS\":4287}]","trial_id":"test_2","congruency":"I","trial_group":"15to20","condition":"normal","inference_edge":[],"inference_edgeClickLog":[],"task":"experiment","subjectId":"7ravjclu1l76ouf","trial_type":"external-html","trial_index":25,"time_elapsed":634418,"internal_node_id":"0.0-9.0-0.17"},{"rt":8936,"url":"../static/nodeGraphs_normal.html","edge":"5to7","edgeRT":"8174","skip":"false","flipped":"FALSE","index":"18","edgeClickLog":"[{\"edgeSelection\":\"5to7\",\"edgeRTMS\":8174}]","trial_id":"test_3","congruency":"I","trial_group":"15to20","condition":"normal","inference_edge":[],"inference_edgeClickLog":[],"task":"experiment","subjectId":"7ravjclu1l76ouf","trial_type":"external-html","trial_index":26,"time_elapsed":643940,"internal_node_id":"0.0-9.0-0.18"},{"rt":9219,"url":"../static/nodeGraphs_normal.html","edge":"4to7","edgeRT":"8269","skip":"false","flipped":"FALSE","index":"19","edgeClickLog":"[{\"edgeSelection\":\"4to7\",\"edgeRTMS\":8269}]","trial_id":"test_4","congruency":"I","trial_group":"15to20","condition":"normal","inference_edge":[],"inference_edgeClickLog":[],"task":"experiment","subjectId":"7ravjclu1l76ouf","trial_type":"external-html","trial_index":27,"time_elapsed":653743,"internal_node_id":"0.0-9.0-0.19"},{"rt":44265,"response":{"P0_Q0":null,"P0_Q1":4,"P0_Q2":6,"P0_Q3":5,"P0_Q4":5,"P0_Q5":3,"strategies":"Figure out the path the student was taking and find a link to the most points from that.","feedback":"No"},"accuracy":[],"trial_type":"survey","trial_index":28,"time_elapsed":698586,"internal_node_id":"0.0-10.0"},{"rt":3753,"stimulus":"<p>Thanks for your time!</p>        <p>We need to manually calculate your bonus pay, please give us up to 7 days.</p><p>Press any key to conclude.</p>","response":" ","task":"end","subjectId":"7ravjclu1l76ouf","trial_type":"html-keyboard-response","trial_index":29,"time_elapsed":702343,"internal_node_id":"0.0-11.0","interactions":"[{\"event\":\"fullscreenenter\",\"trial\":1,\"time\":3127}]"}]