[{"success":true,"timeout":false,"failed_images":[],"failed_audio":[],"failed_video":[],"trial_type":"preload","trial_index":0,"time_elapsed":137,"internal_node_id":"0.0-0.0"},{"success":true,"trial_type":"fullscreen","trial_index":1,"time_elapsed":3214,"internal_node_id":"0.0-1.0"},{"rt":2227,"stimulus":"Welcome to the experiment. Press any key to begin.","response":" ","trial_type":"html-keyboard-response","trial_index":2,"time_elapsed":5443,"internal_node_id":"0.0-2.0"},{"view_history":[{"page_index":0,"viewing_time":5265},{"page_index":1,"viewing_time":6647},{"page_index":2,"viewing_time":30433},{"page_index":3,"viewing_time":8280},{"page_index":4,"viewing_time":1080},{"page_index":5,"viewing_time":904},{"page_index":6,"viewing_time":1648},{"page_index":7,"viewing_time":5736},{"page_index":8,"viewing_time":6042},{"page_index":9,"viewing_time":14686},{"page_index":10,"viewing_time":1439},{"page_index":11,"viewing_time":608},{"page_index":12,"viewing_time":689},{"page_index":13,"viewing_time":1465},{"page_index":14,"viewing_time":2647},{"page_index":15,"viewing_time":4593},{"page_index":16,"viewing_time":808},{"page_index":17,"viewing_time":1136},{"page_index":18,"viewing_time":1866},{"page_index":19,"viewing_time":3903},{"page_index":20,"viewing_time":3560},{"page_index":21,"viewing_time":3095}],"rt":106528,"trial_type":"instructions","trial_index":3,"time_elapsed":111972,"internal_node_id":"0.0-3.0"},{"rt":101750,"url":"../static/nodeGraphsTraining_normal.html","skip":[],"edgeClickLog":[],"inference_edge":[],"inference_edgeClickLog":[],"trial_type":"external-html","trial_index":4,"time_elapsed":213794,"internal_node_id":"0.0-4.0"},{"rt":22151,"response":{"q1":"The goal is to help the student to get the most points","q2":"False","q3":"Possible paths you, as the teacher, can choose to teach the learner.","q4":"Paths that the student took before."},"question_order":[0,1,2,3],"trial_type":"survey-multi-choice","trial_index":5,"time_elapsed":235946,"internal_node_id":"0.0-5.0"},{"rt":4943,"stimulus":"<p>You can take a 60 second break before starting the experiment.</p><br><br><p>This page will advance in 60 seconds or you can press any key to advance now.</p>","response":" ","trial_type":"html-keyboard-response","trial_index":6,"time_elapsed":240892,"internal_node_id":"0.0-7.0"},{"view_history":[{"page_index":0,"viewing_time":8317}],"rt":8317,"trial_type":"instructions","trial_index":7,"time_elapsed":249210,"internal_node_id":"0.0-8.0"},{"rt":6119,"url":"../static/nodeGraphs_normal.html","edge":"1to4","edgeRT":"4870","skip":"false","flipped":"FALSE","index":"0","edgeClickLog":"[{\"edgeSelection\":\"1to4\",\"edgeRTMS\":4870}]","trial_id":"cong_0","congruency":"C","trial_group":"1to5","condition":"normal","inference_edge":[],"inference_edgeClickLog":[],"task":"experiment","subjectId":"x7latnf7pjvmjgd","trial_type":"external-html","trial_index":8,"time_elapsed":255395,"internal_node_id":"0.0-9.0-0.0"},{"rt":7622,"url":"../static/nodeGraphs_normal.html","edge":"2to6","edgeRT":"5552","skip":"false","flipped":"FALSE","index":"1","edgeClickLog":"[{\"edgeSelection\":\"2to6\",\"edgeRTMS\":5552}]","trial_id":"cong_1","congruency":"C","trial_group":"1to5","condition":"normal","inference_edge":[],"inference_edgeClickLog":[],"task":"experiment","subjectId":"x7latnf7pjvmjgd","trial_type":"external-html","trial_index":9,"time_elapsed":263586,"internal_node_id":"0.0-9.0-0.1"},{"rt":9321,"url":"../static/nodeGraphs_normal.html","edge":"2to5","edgeRT":"8618","skip":"false","flipped":"FALSE","index":"2","edgeClickLog":"[{\"edgeSelection\":\"2to5\",\"edgeRTMS\":5409},{\"edgeSelection\":\"2to5\",\"edgeRTMS\":8618}]","trial_id":"cong_6","congruency":"C","trial_group":"1to5","condition":"normal","inference_edge":[],"inference_edgeClickLog":[],"task":"experiment","subjectId":"x7latnf7pjvmjgd","trial_type":"external-html","trial_index":10,"time_elapsed":273474,"internal_node_id":"0.0-9.0-0.2"},{"rt":5474,"url":"../static/nodeGraphs_normal.html","edge":"2to4","edgeRT":"2424","skip":"false","flipped":"FALSE","index":"3","edgeClickLog":"[{\"edgeSelection\":\"2to4\",\"edgeRTMS\":2424}]","trial_id":"cong_4","congruency":"C","trial_group":"1to5","condition":"normal","inference_edge":[],"inference_edgeClickLog":[],"task":"experiment","subjectId":"x7latnf7pjvmjgd","trial_type":"external-html","trial_index":11,"time_elapsed":279522,"internal_node_id":"0.0-9.0-0.3"},{"rt":5075,"url":"../static/nodeGraphs_normal.html","edge":"2to5","edgeRT":"4569","skip":"false","flipped":"FALSE","index":"4","edgeClickLog":"[{\"edgeSelection\":\"2to5\",\"edgeRTMS\":4569}]","trial_id":"cong_9","congruency":"C","trial_group":"1to5","condition":"normal","inference_edge":[],"inference_edgeClickLog":[],"task":"experiment","subjectId":"x7latnf7pjvmjgd","trial_type":"external-html","trial_index":12,"time_elapsed":285170,"internal_node_id":"0.0-9.0-0.4"},{"rt":15079,"url":"../static/nodeGraphs_normal.html","edge":"3to6","edgeRT":"14485","skip":"false","flipped":"TRUE","index":"5","edgeClickLog":"[{\"edgeSelection\":\"3to6\",\"edgeRTMS\":3401},{\"edgeSelection\":\"2to6\",\"edgeRTMS\":12132},{\"edgeSelection\":\"3to6\",\"edgeRTMS\":14485}]","trial_id":"cong_0_flipped","congruency":"C","trial_group":"5to10","condition":"normal","inference_edge":[],"inference_edgeClickLog":[],"task":"experiment","subjectId":"x7latnf7pjvmjgd","trial_type":"external-html","trial_index":13,"time_elapsed":300818,"internal_node_id":"0.0-9.0-0.5"},{"rt":6735,"url":"../static/nodeGraphs_normal.html","edge":"2to4","edgeRT":"4578","skip":"false","flipped":"TRUE","index":"6","edgeClickLog":"[{\"edgeSelection\":\"2to4\",\"edgeRTMS\":4578}]","trial_id":"cong_1_flipped","congruency":"C","trial_group":"5to10","condition":"normal","inference_edge":[],"inference_edgeClickLog":[],"task":"experiment","subjectId":"x7latnf7pjvmjgd","trial_type":"external-html","trial_index":14,"time_elapsed":308123,"internal_node_id":"0.0-9.0-0.6"},{"rt":3376,"url":"../static/nodeGraphs_normal.html","edge":"2to5","edgeRT":"2370","skip":"false","flipped":"TRUE","index":"7","edgeClickLog":"[{\"edgeSelection\":\"2to5\",\"edgeRTMS\":2370}]","trial_id":"cong_6_flipped","congruency":"C","trial_group":"5to10","condition":"normal","inference_edge":[],"inference_edgeClickLog":[],"task":"experiment","subjectId":"x7latnf7pjvmjgd","trial_type":"external-html","trial_index":15,"time_elapsed":312069,"internal_node_id":"0.0-9.0-0.7"},{"rt":2816,"url":"../static/nodeGraphs_normal.html","edge":"2to6","edgeRT":"2560","skip":"false","flipped":"TRUE","index":"8","edgeClickLog":"[{\"edgeSelection\":\"2to6\",\"edgeRTMS\":2560}]","trial_id":"cong_4_flipped","congruency":"C","trial_group":"5to10","condition":"normal","inference_edge":[],"inference_edgeClickLog":[],"task":"experiment","subjectId":"x7latnf7pjvmjgd","trial_type":"external-html","trial_index":16,"time_elapsed":315451,"internal_node_id":"0.0-9.0-0.8"},{"rt":2167,"url":"../static/nodeGraphs_normal.html","edge":"2to5","edgeRT":"1968","skip":"false","flipped":"TRUE","index":"9","edgeClickLog":"[{\"edgeSelection\":\"2to5\",\"edgeRTMS\":1968}]","trial_id":"cong_9_flipped","congruency":"C","trial_group":"5to10","condition":"normal","inference_edge":[],"inference_edgeClickLog":[],"task":"experiment","subjectId":"x7latnf7pjvmjgd","trial_type":"external-html","trial_index":17,"time_elapsed":318187,"internal_node_id":"0.0-9.0-0.9"},{"rt":3310,"url":"../static/nodeGraphs_normal.html","edge":"1to4","edgeRT":"2233","skip":"false","flipped":"FALSE","index":"10","edgeClickLog":"[{\"edgeSelection\":\"1to4\",\"edgeRTMS\":2233}]","trial_id":"cong_0","congruency":"C","trial_group":"10to15","condition":"normal","inference_edge":[],"inference_edgeClickLog":[],"task":"experiment","subjectId":"x7latnf7pjvmjgd","trial_type":"external-html","trial_index":18,"time_elapsed":322067,"internal_node_id":"0.0-9.0-0.10"},{"rt":3011,"url":"../static/nodeGraphs_normal.html","edge":"2to6","edgeRT":"2762","skip":"false","flipped":"FALSE","index":"11","edgeClickLog":"[{\"edgeSelection\":\"2to6\",\"edgeRTMS\":2762}]","trial_id":"cong_1","congruency":"C","trial_group":"10to15","condition":"normal","inference_edge":[],"inference_edgeClickLog":[],"task":"experiment","subjectId":"x7latnf7pjvmjgd","trial_type":"external-html","trial_index":19,"time_elapsed":325651,"internal_node_id":"0.0-9.0-0.11"},{"rt":2855,"url":"../static/nodeGraphs_normal.html","edge":"2to5","edgeRT":"2264","skip":"false","flipped":"FALSE","index":"12","edgeClickLog":"[{\"edgeSelection\":\"2to5\",\"edgeRTMS\":2264}]","trial_id":"cong_6","congruency":"C","trial_group":"10to15","condition":"normal","inference_edge":[],"inference_edgeClickLog":[],"task":"experiment","subjectId":"x7latnf7pjvmjgd","trial_type":"external-html","trial_index":20,"time_elapsed":329074,"internal_node_id":"0.0-9.0-0.12"},{"rt":2034,"url":"../static/nodeGraphs_normal.html","edge":"2to4","edgeRT":"1833","skip":"false","flipped":"FALSE","index":"13","edgeClickLog":"[{\"edgeSelection\":\"2to4\",\"edgeRTMS\":1833}]","trial_id":"cong_4","congruency":"C","trial_group":"10to15","condition":"normal","inference_edge":[],"inference_edgeClickLog":[],"task":"experiment","subjectId":"x7latnf7pjvmjgd","trial_type":"external-html","trial_index":21,"time_elapsed":331675,"internal_node_id":"0.0-9.0-0.13"},{"rt":3593,"url":"../static/nodeGraphs_normal.html","edge":"2to5","edgeRT":"2832","skip":"false","flipped":"FALSE","index":"14","edgeClickLog":"[{\"edgeSelection\":\"2to5\",\"edgeRTMS\":2832}]","trial_id":"cong_9","congruency":"C","trial_group":"10to15","condition":"normal","inference_edge":[],"inference_edgeClickLog":[],"task":"experiment","subjectId":"x7latnf7pjvmjgd","trial_type":"external-html","trial_index":22,"time_elapsed":335835,"internal_node_id":"0.0-9.0-0.14"},{"rt":7034,"url":"../static/nodeGraphs_normal.html","edge":"2to6","edgeRT":"2473","skip":"false","flipped":"FALSE","index":"15","edgeClickLog":"[{\"edgeSelection\":\"2to6\",\"edgeRTMS\":2473}]","trial_id":"test_0","congruency":"I","trial_group":"15to20","condition":"normal","inference_edge":[],"inference_edgeClickLog":[],"task":"experiment","subjectId":"x7latnf7pjvmjgd","trial_type":"external-html","trial_index":23,"time_elapsed":343436,"internal_node_id":"0.0-9.0-0.15"},{"rt":7326,"url":"../static/nodeGraphs_normal.html","edge":"0to3","edgeRT":"6490","skip":"false","flipped":"FALSE","index":"16","edgeClickLog":"[{\"edgeSelection\":\"0to3\",\"edgeRTMS\":6490}]","trial_id":"test_1","congruency":"I","trial_group":"15to20","condition":"normal","inference_edge":[],"inference_edgeClickLog":[],"task":"experiment","subjectId":"x7latnf7pjvmjgd","trial_type":"external-html","trial_index":24,"time_elapsed":351331,"internal_node_id":"0.0-9.0-0.16"},{"rt":4192,"url":"../static/nodeGraphs_normal.html","edge":"0to3","edgeRT":"3713","skip":"false","flipped":"FALSE","index":"17","edgeClickLog":"[{\"edgeSelection\":\"0to3\",\"edgeRTMS\":3713}]","trial_id":"test_2","congruency":"I","trial_group":"15to20","condition":"normal","inference_edge":[],"inference_edgeClickLog":[],"task":"experiment","subjectId":"x7latnf7pjvmjgd","trial_type":"external-html","trial_index":25,"time_elapsed":356091,"internal_node_id":"0.0-9.0-0.17"},{"rt":3120,"url":"../static/nodeGraphs_normal.html","edge":"0to1","edgeRT":"2569","skip":"false","flipped":"FALSE","index":"18","edgeClickLog":"[{\"edgeSelection\":\"0to1\",\"edgeRTMS\":2569}]","trial_id":"test_3","congruency":"I","trial_group":"15to20","condition":"normal","inference_edge":[],"inference_edgeClickLog":[],"task":"experiment","subjectId":"x7latnf7pjvmjgd","trial_type":"external-html","trial_index":26,"time_elapsed":359778,"internal_node_id":"0.0-9.0-0.18"},{"rt":24032,"url":"../static/nodeGraphs_normal.html","edge":"1to5","edgeRT":"8833","skip":"false","flipped":"FALSE","index":"19","edgeClickLog":"[{\"edgeSelection\":\"1to5\",\"edgeRTMS\":8833}]","trial_id":"test_4","congruency":"I","trial_group":"15to20","condition":"normal","inference_edge":[],"inference_edgeClickLog":[],"task":"experiment","subjectId":"x7latnf7pjvmjgd","trial_type":"external-html","trial_index":27,"time_elapsed":384380,"internal_node_id":"0.0-9.0-0.19"},{"rt":30820,"response":{"P0_Q0":null,"P0_Q1":5,"P0_Q2":6,"P0_Q3":6,"P0_Q4":6,"P0_Q5":3,"strategies":"seeing the potential for the most points","feedback":"no"},"accuracy":[],"trial_type":"survey","trial_index":28,"time_elapsed":415739,"internal_node_id":"0.0-10.0"},{"rt":3711,"stimulus":"<p>Thanks for your time!</p>        <p>We need to manually calculate your bonus pay, please give us up to 7 days.</p><p>Press any key to conclude.</p>","response":" ","task":"end","subjectId":"x7latnf7pjvmjgd","trial_type":"html-keyboard-response","trial_index":29,"time_elapsed":419452,"internal_node_id":"0.0-11.0","interactions":"[{\"event\":\"fullscreenenter\",\"trial\":1,\"time\":2208},{\"event\":\"blur\",\"trial\":3,\"time\":80108},{\"event\":\"focus\",\"trial\":3,\"time\":80325},{\"event\":\"blur\",\"trial\":4,\"time\":140173},{\"event\":\"focus\",\"trial\":4,\"time\":140173},{\"event\":\"fullscreenexit\",\"trial\":4,\"time\":140177},{\"event\":\"blur\",\"trial\":27,\"time\":374844},{\"event\":\"focus\",\"trial\":27,\"time\":374845}]"}]