[{"success":true,"timeout":false,"failed_images":[],"failed_audio":[],"failed_video":[],"trial_type":"preload","trial_index":0,"time_elapsed":233,"internal_node_id":"0.0-0.0"},{"success":true,"trial_type":"fullscreen","trial_index":1,"time_elapsed":3549,"internal_node_id":"0.0-1.0"},{"rt":3599,"stimulus":"Welcome to the experiment. Press any key to begin.","response":" ","trial_type":"html-keyboard-response","trial_index":2,"time_elapsed":7150,"internal_node_id":"0.0-2.0"},{"view_history":[{"page_index":0,"viewing_time":9328},{"page_index":1,"viewing_time":6332},{"page_index":2,"viewing_time":50480},{"page_index":3,"viewing_time":8136},{"page_index":4,"viewing_time":2160},{"page_index":5,"viewing_time":1400},{"page_index":6,"viewing_time":2521},{"page_index":7,"viewing_time":14040},{"page_index":8,"viewing_time":20564},{"page_index":9,"viewing_time":12932},{"page_index":10,"viewing_time":1484},{"page_index":11,"viewing_time":532},{"page_index":12,"viewing_time":524},{"page_index":13,"viewing_time":1876},{"page_index":14,"viewing_time":2964},{"page_index":15,"viewing_time":7068},{"page_index":16,"viewing_time":1800},{"page_index":17,"viewing_time":596},{"page_index":18,"viewing_time":788},{"page_index":19,"viewing_time":8196},{"page_index":20,"viewing_time":4484},{"page_index":21,"viewing_time":4760}],"rt":162965,"trial_type":"instructions","trial_index":3,"time_elapsed":170115,"internal_node_id":"0.0-3.0"},{"rt":99865,"url":"../static/nodeGraphsTraining_normal.html","skip":[],"edgeClickLog":[],"inference_edge":[],"inference_edgeClickLog":[],"trial_type":"external-html","trial_index":4,"time_elapsed":270012,"internal_node_id":"0.0-4.0"},{"rt":41302,"response":{"q1":"The goal is to help the student to get the most points","q2":"False","q3":"Possible paths you, as the teacher, can choose to teach the learner.","q4":"Paths that the student took before."},"question_order":[0,1,2,3],"trial_type":"survey-multi-choice","trial_index":5,"time_elapsed":311315,"internal_node_id":"0.0-5.0"},{"rt":6617,"stimulus":"<p>You can take a 60 second break before starting the experiment.</p><br><br><p>This page will advance in 60 seconds or you can press any key to advance now.</p>","response":" ","trial_type":"html-keyboard-response","trial_index":6,"time_elapsed":317934,"internal_node_id":"0.0-7.0"},{"view_history":[{"page_index":0,"viewing_time":22036}],"rt":22036,"trial_type":"instructions","trial_index":7,"time_elapsed":339971,"internal_node_id":"0.0-8.0"},{"rt":20102,"url":"../static/nodeGraphs_normal.html","edge":"2to4","edgeRT":"17826","skip":"false","flipped":"FALSE","index":"0","edgeClickLog":"[{\"edgeSelection\":\"2to4\",\"edgeRTMS\":17826}]","trial_id":"incong_0","congruency":"I","trial_group":"1to5","condition":"normal","inference_edge":[],"inference_edgeClickLog":[],"task":"experiment","subjectId":"5r2wezz7fb2d5qr","trial_type":"external-html","trial_index":8,"time_elapsed":360108,"internal_node_id":"0.0-9.0-0.0"},{"rt":18935,"url":"../static/nodeGraphs_normal.html","edge":"3to6","edgeRT":"18185","skip":"false","flipped":"FALSE","index":"1","edgeClickLog":"[{\"edgeSelection\":\"3to6\",\"edgeRTMS\":18185}]","trial_id":"incong_5","congruency":"I","trial_group":"1to5","condition":"normal","inference_edge":[],"inference_edgeClickLog":[],"task":"experiment","subjectId":"5r2wezz7fb2d5qr","trial_type":"external-html","trial_index":9,"time_elapsed":379583,"internal_node_id":"0.0-9.0-0.1"},{"rt":14060,"url":"../static/nodeGraphs_normal.html","edge":"2to6","edgeRT":"12861","skip":"false","flipped":"FALSE","index":"2","edgeClickLog":"[{\"edgeSelection\":\"2to6\",\"edgeRTMS\":12861}]","trial_id":"incong_3","congruency":"I","trial_group":"1to5","condition":"normal","inference_edge":[],"inference_edgeClickLog":[],"task":"experiment","subjectId":"5r2wezz7fb2d5qr","trial_type":"external-html","trial_index":10,"time_elapsed":394183,"internal_node_id":"0.0-9.0-0.2"},{"rt":23116,"url":"../static/nodeGraphs_normal.html","edge":"0to2","edgeRT":"20397","skip":"false","flipped":"FALSE","index":"3","edgeClickLog":"[{\"edgeSelection\":\"0to2\",\"edgeRTMS\":20397}]","trial_id":"incong_10","congruency":"I","trial_group":"1to5","condition":"normal","inference_edge":[],"inference_edgeClickLog":[],"task":"experiment","subjectId":"5r2wezz7fb2d5qr","trial_type":"external-html","trial_index":11,"time_elapsed":417836,"internal_node_id":"0.0-9.0-0.3"},{"rt":13728,"url":"../static/nodeGraphs_normal.html","edge":"0to1","edgeRT":"12858","skip":"false","flipped":"FALSE","index":"4","edgeClickLog":"[{\"edgeSelection\":\"0to1\",\"edgeRTMS\":12858}]","trial_id":"incong_2","congruency":"I","trial_group":"1to5","condition":"normal","inference_edge":[],"inference_edgeClickLog":[],"task":"experiment","subjectId":"5r2wezz7fb2d5qr","trial_type":"external-html","trial_index":12,"time_elapsed":432104,"internal_node_id":"0.0-9.0-0.4"},{"rt":6711,"url":"../static/nodeGraphs_normal.html","edge":"0to3","edgeRT":"5373","skip":"false","flipped":"TRUE","index":"5","edgeClickLog":"[{\"edgeSelection\":\"0to3\",\"edgeRTMS\":5373}]","trial_id":"incong_0_flipped","congruency":"I","trial_group":"5to10","condition":"normal","inference_edge":[],"inference_edgeClickLog":[],"task":"experiment","subjectId":"5r2wezz7fb2d5qr","trial_type":"external-html","trial_index":13,"time_elapsed":439352,"internal_node_id":"0.0-9.0-0.5"},{"rt":18321,"url":"../static/nodeGraphs_normal.html","edge":"0to2","edgeRT":"16813","skip":"false","flipped":"TRUE","index":"6","edgeClickLog":"[{\"edgeSelection\":\"0to2\",\"edgeRTMS\":16813}]","trial_id":"incong_5_flipped","congruency":"I","trial_group":"5to10","condition":"normal","inference_edge":[],"inference_edgeClickLog":[],"task":"experiment","subjectId":"5r2wezz7fb2d5qr","trial_type":"external-html","trial_index":14,"time_elapsed":458208,"internal_node_id":"0.0-9.0-0.6"},{"rt":10478,"url":"../static/nodeGraphs_normal.html","edge":"0to2","edgeRT":"9421","skip":"false","flipped":"TRUE","index":"7","edgeClickLog":"[{\"edgeSelection\":\"0to2\",\"edgeRTMS\":9421}]","trial_id":"incong_3_flipped","congruency":"I","trial_group":"5to10","condition":"normal","inference_edge":[],"inference_edgeClickLog":[],"task":"experiment","subjectId":"5r2wezz7fb2d5qr","trial_type":"external-html","trial_index":15,"time_elapsed":469220,"internal_node_id":"0.0-9.0-0.7"},{"rt":18679,"url":"../static/nodeGraphs_normal.html","edge":"0to2","edgeRT":"17609","skip":"false","flipped":"TRUE","index":"8","edgeClickLog":"[{\"edgeSelection\":\"0to2\",\"edgeRTMS\":17609}]","trial_id":"incong_10_flipped","congruency":"I","trial_group":"5to10","condition":"normal","inference_edge":[],"inference_edgeClickLog":[],"task":"experiment","subjectId":"5r2wezz7fb2d5qr","trial_type":"external-html","trial_index":16,"time_elapsed":488452,"internal_node_id":"0.0-9.0-0.8"},{"rt":10017,"url":"../static/nodeGraphs_normal.html","edge":"0to3","edgeRT":"9021","skip":"false","flipped":"TRUE","index":"9","edgeClickLog":"[{\"edgeSelection\":\"0to3\",\"edgeRTMS\":9021}]","trial_id":"incong_2_flipped","congruency":"I","trial_group":"5to10","condition":"normal","inference_edge":[],"inference_edgeClickLog":[],"task":"experiment","subjectId":"5r2wezz7fb2d5qr","trial_type":"external-html","trial_index":17,"time_elapsed":499012,"internal_node_id":"0.0-9.0-0.9"},{"rt":7499,"url":"../static/nodeGraphs_normal.html","edge":"0to1","edgeRT":"5806","skip":"false","flipped":"FALSE","index":"10","edgeClickLog":"[{\"edgeSelection\":\"0to1\",\"edgeRTMS\":5806}]","trial_id":"incong_0","congruency":"I","trial_group":"10to15","condition":"normal","inference_edge":[],"inference_edgeClickLog":[],"task":"experiment","subjectId":"5r2wezz7fb2d5qr","trial_type":"external-html","trial_index":18,"time_elapsed":507056,"internal_node_id":"0.0-9.0-0.10"},{"rt":24422,"url":"../static/nodeGraphs_normal.html","edge":"3to6","edgeRT":"23204","skip":"false","flipped":"FALSE","index":"11","edgeClickLog":"[{\"edgeSelection\":\"3to6\",\"edgeRTMS\":23204}]","trial_id":"incong_5","congruency":"I","trial_group":"10to15","condition":"normal","inference_edge":[],"inference_edgeClickLog":[],"task":"experiment","subjectId":"5r2wezz7fb2d5qr","trial_type":"external-html","trial_index":19,"time_elapsed":532016,"internal_node_id":"0.0-9.0-0.11"},{"rt":13403,"url":"../static/nodeGraphs_normal.html","edge":"0to2","edgeRT":"9814","skip":"false","flipped":"FALSE","index":"12","edgeClickLog":"[{\"edgeSelection\":\"0to2\",\"edgeRTMS\":9814}]","trial_id":"incong_3","congruency":"I","trial_group":"10to15","condition":"normal","inference_edge":[],"inference_edgeClickLog":[],"task":"experiment","subjectId":"5r2wezz7fb2d5qr","trial_type":"external-html","trial_index":20,"time_elapsed":545960,"internal_node_id":"0.0-9.0-0.12"},{"rt":21828,"url":"../static/nodeGraphs_normal.html","edge":"0to2","edgeRT":"21193","skip":"false","flipped":"FALSE","index":"13","edgeClickLog":"[{\"edgeSelection\":\"0to2\",\"edgeRTMS\":21193}]","trial_id":"incong_10","congruency":"I","trial_group":"10to15","condition":"normal","inference_edge":[],"inference_edgeClickLog":[],"task":"experiment","subjectId":"5r2wezz7fb2d5qr","trial_type":"external-html","trial_index":21,"time_elapsed":568319,"internal_node_id":"0.0-9.0-0.13"},{"rt":10978,"url":"../static/nodeGraphs_normal.html","edge":"0to1","edgeRT":"8881","skip":"false","flipped":"FALSE","index":"14","edgeClickLog":"[{\"edgeSelection\":\"0to1\",\"edgeRTMS\":8881}]","trial_id":"incong_2","congruency":"I","trial_group":"10to15","condition":"normal","inference_edge":[],"inference_edgeClickLog":[],"task":"experiment","subjectId":"5r2wezz7fb2d5qr","trial_type":"external-html","trial_index":22,"time_elapsed":579840,"internal_node_id":"0.0-9.0-0.14"},{"rt":32956,"url":"../static/nodeGraphs_normal.html","edge":"0to1","edgeRT":"27748","skip":"false","flipped":"FALSE","index":"15","edgeClickLog":"[{\"edgeSelection\":\"0to1\",\"edgeRTMS\":27748}]","trial_id":"test_0","congruency":"I","trial_group":"15to20","condition":"normal","inference_edge":[],"inference_edgeClickLog":[],"task":"experiment","subjectId":"5r2wezz7fb2d5qr","trial_type":"external-html","trial_index":23,"time_elapsed":613327,"internal_node_id":"0.0-9.0-0.15"},{"rt":10894,"url":"../static/nodeGraphs_normal.html","edge":"0to3","edgeRT":"10590","skip":"false","flipped":"FALSE","index":"16","edgeClickLog":"[{\"edgeSelection\":\"0to3\",\"edgeRTMS\":10590}]","trial_id":"test_1","congruency":"I","trial_group":"15to20","condition":"normal","inference_edge":[],"inference_edgeClickLog":[],"task":"experiment","subjectId":"5r2wezz7fb2d5qr","trial_type":"external-html","trial_index":24,"time_elapsed":624908,"internal_node_id":"0.0-9.0-0.16"},{"rt":16329,"url":"../static/nodeGraphs_normal.html","edge":"6to8","edgeRT":"15633","skip":"false","flipped":"FALSE","index":"17","edgeClickLog":"[{\"edgeSelection\":\"6to8\",\"edgeRTMS\":15633}]","trial_id":"test_2","congruency":"I","trial_group":"15to20","condition":"normal","inference_edge":[],"inference_edgeClickLog":[],"task":"experiment","subjectId":"5r2wezz7fb2d5qr","trial_type":"external-html","trial_index":25,"time_elapsed":641776,"internal_node_id":"0.0-9.0-0.17"},{"rt":16222,"url":"../static/nodeGraphs_normal.html","edge":"5to9","edgeRT":"15369","skip":"false","flipped":"FALSE","index":"18","edgeClickLog":"[{\"edgeSelection\":\"5to9\",\"edgeRTMS\":15369}]","trial_id":"test_3","congruency":"I","trial_group":"15to20","condition":"normal","inference_edge":[],"inference_edgeClickLog":[],"task":"experiment","subjectId":"5r2wezz7fb2d5qr","trial_type":"external-html","trial_index":26,"time_elapsed":658536,"internal_node_id":"0.0-9.0-0.18"},{"rt":22929,"url":"../static/nodeGraphs_normal.html","edge":"6to9","edgeRT":"22253","skip":"false","flipped":"FALSE","index":"19","edgeClickLog":"[{\"edgeSelection\":\"6to9\",\"edgeRTMS\":22253}]","trial_id":"test_4","congruency":"I","trial_group":"15to20","condition":"normal","inference_edge":[],"inference_edgeClickLog":[],"task":"experiment","subjectId":"5r2wezz7fb2d5qr","trial_type":"external-html","trial_index":27,"time_elapsed":682000,"internal_node_id":"0.0-9.0-0.19"},{"rt":226316,"response":{"P0_Q0":null,"P0_Q1":5,"P0_Q2":7,"P0_Q3":5,"P0_Q4":5,"P0_Q5":1,"strategies":"I tried to guess at what path the student might have based on their previous choices, and then I went row by row seeing what placement I thought would be most likely to boost their score","feedback":"No, I had no issues to speak of"},"accuracy":[],"trial_type":"survey","trial_index":28,"time_elapsed":908926,"internal_node_id":"0.0-10.0"},{"rt":3343,"stimulus":"<p>Thanks for your time!</p>        <p>We need to manually calculate your bonus pay, please give us up to 7 days.</p><p>Press any key to conclude.</p>","response":" ","task":"end","subjectId":"5r2wezz7fb2d5qr","trial_type":"html-keyboard-response","trial_index":29,"time_elapsed":912271,"internal_node_id":"0.0-11.0","interactions":"[{\"event\":\"fullscreenenter\",\"trial\":1,\"time\":2558}]"}]