[{"success":true,"timeout":false,"failed_images":[],"failed_audio":[],"failed_video":[],"trial_type":"preload","trial_index":0,"time_elapsed":896,"internal_node_id":"0.0-0.0"},{"success":true,"trial_type":"fullscreen","trial_index":1,"time_elapsed":4360,"internal_node_id":"0.0-1.0"},{"rt":15604,"stimulus":"Welcome to the experiment. Press any key to begin.","response":" ","trial_type":"html-keyboard-response","trial_index":2,"time_elapsed":19969,"internal_node_id":"0.0-2.0"},{"view_history":[{"page_index":0,"viewing_time":5315},{"page_index":1,"viewing_time":7067},{"page_index":2,"viewing_time":32977},{"page_index":3,"viewing_time":9272},{"page_index":4,"viewing_time":3156},{"page_index":5,"viewing_time":2471},{"page_index":6,"viewing_time":1938},{"page_index":7,"viewing_time":15438},{"page_index":8,"viewing_time":23442},{"page_index":9,"viewing_time":12510},{"page_index":10,"viewing_time":1308},{"page_index":11,"viewing_time":900},{"page_index":12,"viewing_time":809},{"page_index":13,"viewing_time":1305},{"page_index":14,"viewing_time":4500},{"page_index":15,"viewing_time":9000},{"page_index":16,"viewing_time":2160},{"page_index":17,"viewing_time":1260},{"page_index":18,"viewing_time":2116},{"page_index":19,"viewing_time":8099},{"page_index":20,"viewing_time":21152},{"page_index":21,"viewing_time":4721}],"rt":170917,"trial_type":"instructions","trial_index":3,"time_elapsed":190887,"internal_node_id":"0.0-3.0"},{"rt":550923,"url":"../static/nodeGraphsTraining_scaffolding.html","skip":[],"edgeClickLog":[],"inference_edge":[],"inference_edgeClickLog":[],"trial_type":"external-html","trial_index":4,"time_elapsed":742170,"internal_node_id":"0.0-4.0"},{"rt":83525,"response":{"q1":"The goal is to help the student to get the most points.","q2":"False","q3":"Possible edges you, as the teacher, can choose to teach the learner.","q4":"Edges that the student took before."},"question_order":[0,1,2,3],"trial_type":"survey-multi-choice","trial_index":5,"time_elapsed":825716,"internal_node_id":"0.0-5.0"},{"rt":5512,"stimulus":"<p>You can take a 60 second break before starting the experiment.</p><br><br><p>This page will advance in 60 seconds or you can press any key to advance now.</p>","response":" ","trial_type":"html-keyboard-response","trial_index":6,"time_elapsed":831242,"internal_node_id":"0.0-7.0"},{"view_history":[{"page_index":0,"viewing_time":19768}],"rt":19769,"trial_type":"instructions","trial_index":7,"time_elapsed":851014,"internal_node_id":"0.0-8.0"},{"rt":108340,"url":"../static/nodeGraphs_scaffolding.html","edge":"1to4","edgeRT":"49010","skip":"false","flipped":"FALSE","index":"0","edgeClickLog":"[{\"edgeSelection\":\"1to4\",\"edgeRTMS\":31019},{\"edgeSelection\":\"1to4\",\"edgeRTMS\":40129},{\"edgeSelection\":\"1to4\",\"edgeRTMS\":49010}]","trial_id":"cong_0","congruency":"C","trial_group":"1to5","condition":"scaffolding","inference_edge":"1to4,4to7,2to4","inference_edgeClickLog":"[{\"edgeSelection\":\"1to4\",\"edgeRTMS\":33338},{\"edgeSelection\":\"4to7\",\"edgeRTMS\":43289},{\"edgeSelection\":\"2to4\",\"edgeRTMS\":2208}]","inference_edgeRT":"2208","inference_edge_last":"2to4","task":"experiment","subjectId":"0o5swhe37od4ygg","trial_type":"external-html","trial_index":8,"time_elapsed":959475,"internal_node_id":"0.0-9.0-0.0"},{"rt":62231,"url":"../static/nodeGraphs_scaffolding.html","edge":"2to6","edgeRT":"13550","skip":"false","flipped":"FALSE","index":"1","edgeClickLog":"[{\"edgeSelection\":\"2to6\",\"edgeRTMS\":13550}]","trial_id":"cong_1","congruency":"C","trial_group":"1to5","condition":"scaffolding","inference_edge":"2to6,2to4,6to9","inference_edgeClickLog":"[{\"edgeSelection\":\"2to6\",\"edgeRTMS\":20742},{\"edgeSelection\":\"2to4\",\"edgeRTMS\":26932},{\"edgeSelection\":\"6to9\",\"edgeRTMS\":44113}]","inference_edgeRT":"44113","inference_edge_last":"6to9","task":"experiment","subjectId":"0o5swhe37od4ygg","trial_type":"external-html","trial_index":9,"time_elapsed":1022331,"internal_node_id":"0.0-9.0-0.1"},{"rt":58771,"url":"../static/nodeGraphs_scaffolding.html","edge":"4to7","edgeRT":"19687","skip":"false","flipped":"FALSE","index":"2","edgeClickLog":"[{\"edgeSelection\":\"4to7\",\"edgeRTMS\":19687}]","trial_id":"cong_6","congruency":"C","trial_group":"1to5","condition":"scaffolding","inference_edge":"2to5,5to7,4to7","inference_edgeClickLog":"[{\"edgeSelection\":\"2to5\",\"edgeRTMS\":18228},{\"edgeSelection\":\"5to7\",\"edgeRTMS\":32211},{\"edgeSelection\":\"4to7\",\"edgeRTMS\":33850},{\"edgeSelection\":\"4to7\",\"edgeRTMS\":33957},{\"edgeSelection\":\"4to7\",\"edgeRTMS\":35942}]","inference_edgeRT":"35942","inference_edge_last":"4to7","task":"experiment","subjectId":"0o5swhe37od4ygg","trial_type":"external-html","trial_index":10,"time_elapsed":1081729,"internal_node_id":"0.0-9.0-0.2"},{"rt":50703,"url":"../static/nodeGraphs_scaffolding.html","edge":"2to4","edgeRT":"8323","skip":"false","flipped":"FALSE","index":"3","edgeClickLog":"[{\"edgeSelection\":\"2to4\",\"edgeRTMS\":4895},{\"edgeSelection\":\"2to4\",\"edgeRTMS\":6303},{\"edgeSelection\":\"2to4\",\"edgeRTMS\":7938},{\"edgeSelection\":\"2to4\",\"edgeRTMS\":8117},{\"edgeSelection\":\"2to4\",\"edgeRTMS\":8323}]","trial_id":"cong_4","congruency":"C","trial_group":"1to5","condition":"scaffolding","inference_edge":"2to4,4to8,5to8","inference_edgeClickLog":"[{\"edgeSelection\":\"2to4\",\"edgeRTMS\":12836},{\"edgeSelection\":\"2to4\",\"edgeRTMS\":12934},{\"edgeSelection\":\"2to4\",\"edgeRTMS\":13732},{\"edgeSelection\":\"2to4\",\"edgeRTMS\":13832},{\"edgeSelection\":\"2to4\",\"edgeRTMS\":16188},{\"edgeSelection\":\"2to4\",\"edgeRTMS\":16299},{\"edgeSelection\":\"2to4\",\"edgeRTMS\":17013},{\"edgeSelection\":\"4to8\",\"edgeRTMS\":18619},{\"edgeSelection\":\"4to8\",\"edgeRTMS\":18696},{\"edgeSelection\":\"4to8\",\"edgeRTMS\":19572},{\"edgeSelection\":\"5to8\",\"edgeRTMS\":37150},{\"edgeSelection\":\"5to8\",\"edgeRTMS\":37226},{\"edgeSelection\":\"5to8\",\"edgeRTMS\":38200}]","inference_edgeRT":"38200","inference_edge_last":"5to8","task":"experiment","subjectId":"0o5swhe37od4ygg","trial_type":"external-html","trial_index":11,"time_elapsed":1133048,"internal_node_id":"0.0-9.0-0.3"},{"rt":28297,"url":"../static/nodeGraphs_scaffolding.html","edge":"2to5","edgeRT":"5527","skip":"false","flipped":"FALSE","index":"4","edgeClickLog":"[{\"edgeSelection\":\"2to5\",\"edgeRTMS\":3541},{\"edgeSelection\":\"2to5\",\"edgeRTMS\":4390},{\"edgeSelection\":\"2to5\",\"edgeRTMS\":4501},{\"edgeSelection\":\"2to5\",\"edgeRTMS\":5527}]","trial_id":"cong_9","congruency":"C","trial_group":"1to5","condition":"scaffolding","inference_edge":"2to5,5to8,5to9","inference_edgeClickLog":"[{\"edgeSelection\":\"2to5\",\"edgeRTMS\":7237},{\"edgeSelection\":\"2to5\",\"edgeRTMS\":7344},{\"edgeSelection\":\"2to5\",\"edgeRTMS\":8077},{\"edgeSelection\":\"5to8\",\"edgeRTMS\":12747},{\"edgeSelection\":\"5to9\",\"edgeRTMS\":18995}]","inference_edgeRT":"18995","inference_edge_last":"5to9","task":"experiment","subjectId":"0o5swhe37od4ygg","trial_type":"external-html","trial_index":12,"time_elapsed":1161967,"internal_node_id":"0.0-9.0-0.4"},{"rt":43493,"url":"../static/nodeGraphs_scaffolding.html","edge":"3to6","edgeRT":"8417","skip":"false","flipped":"TRUE","index":"5","edgeClickLog":"[{\"edgeSelection\":\"3to6\",\"edgeRTMS\":3592},{\"edgeSelection\":\"3to6\",\"edgeRTMS\":3721},{\"edgeSelection\":\"3to6\",\"edgeRTMS\":4758},{\"edgeSelection\":\"3to6\",\"edgeRTMS\":4908},{\"edgeSelection\":\"3to6\",\"edgeRTMS\":7144},{\"edgeSelection\":\"3to6\",\"edgeRTMS\":7271},{\"edgeSelection\":\"3to6\",\"edgeRTMS\":7506},{\"edgeSelection\":\"3to6\",\"edgeRTMS\":8417}]","trial_id":"cong_0_flipped","congruency":"C","trial_group":"5to10","condition":"scaffolding","inference_edge":"3to6,6to9,6to8","inference_edgeClickLog":"[{\"edgeSelection\":\"3to6\",\"edgeRTMS\":12000},{\"edgeSelection\":\"3to6\",\"edgeRTMS\":12112},{\"edgeSelection\":\"3to6\",\"edgeRTMS\":12925},{\"edgeSelection\":\"6to9\",\"edgeRTMS\":21215},{\"edgeSelection\":\"6to8\",\"edgeRTMS\":23200},{\"edgeSelection\":\"6to8\",\"edgeRTMS\":23393},{\"edgeSelection\":\"6to8\",\"edgeRTMS\":32149}]","inference_edgeRT":"32149","inference_edge_last":"6to8","task":"experiment","subjectId":"0o5swhe37od4ygg","trial_type":"external-html","trial_index":13,"time_elapsed":1206088,"internal_node_id":"0.0-9.0-0.5"},{"rt":40876,"url":"../static/nodeGraphs_scaffolding.html","edge":"2to4","edgeRT":"5742","skip":"false","flipped":"TRUE","index":"6","edgeClickLog":"[{\"edgeSelection\":\"2to4\",\"edgeRTMS\":5742}]","trial_id":"cong_1_flipped","congruency":"C","trial_group":"5to10","condition":"scaffolding","inference_edge":"2to4,4to7,4to8","inference_edgeClickLog":"[{\"edgeSelection\":\"2to4\",\"edgeRTMS\":10296},{\"edgeSelection\":\"2to4\",\"edgeRTMS\":10429},{\"edgeSelection\":\"2to4\",\"edgeRTMS\":11769},{\"edgeSelection\":\"4to7\",\"edgeRTMS\":13028},{\"edgeSelection\":\"4to8\",\"edgeRTMS\":31212}]","inference_edgeRT":"31212","inference_edge_last":"4to8","task":"experiment","subjectId":"0o5swhe37od4ygg","trial_type":"external-html","trial_index":14,"time_elapsed":1247586,"internal_node_id":"0.0-9.0-0.6"},{"rt":32714,"url":"../static/nodeGraphs_scaffolding.html","edge":"2to5","edgeRT":"4699","skip":"false","flipped":"TRUE","index":"7","edgeClickLog":"[{\"edgeSelection\":\"2to5\",\"edgeRTMS\":4541},{\"edgeSelection\":\"2to5\",\"edgeRTMS\":4699}]","trial_id":"cong_6_flipped","congruency":"C","trial_group":"5to10","condition":"scaffolding","inference_edge":"2to5,5to9,5to7","inference_edgeClickLog":"[{\"edgeSelection\":\"2to5\",\"edgeRTMS\":10033},{\"edgeSelection\":\"5to9\",\"edgeRTMS\":17022},{\"edgeSelection\":\"5to7\",\"edgeRTMS\":22353}]","inference_edgeRT":"22353","inference_edge_last":"5to7","task":"experiment","subjectId":"0o5swhe37od4ygg","trial_type":"external-html","trial_index":15,"time_elapsed":1280925,"internal_node_id":"0.0-9.0-0.7"},{"rt":25331,"url":"../static/nodeGraphs_scaffolding.html","edge":"2to6","edgeRT":"2326","skip":"false","flipped":"TRUE","index":"8","edgeClickLog":"[{\"edgeSelection\":\"2to6\",\"edgeRTMS\":2326}]","trial_id":"cong_4_flipped","congruency":"C","trial_group":"5to10","condition":"scaffolding","inference_edge":"2to6,5to8,6to8","inference_edgeClickLog":"[{\"edgeSelection\":\"2to6\",\"edgeRTMS\":9870},{\"edgeSelection\":\"5to8\",\"edgeRTMS\":15948},{\"edgeSelection\":\"6to8\",\"edgeRTMS\":17210}]","inference_edgeRT":"17210","inference_edge_last":"6to8","task":"experiment","subjectId":"0o5swhe37od4ygg","trial_type":"external-html","trial_index":16,"time_elapsed":1306877,"internal_node_id":"0.0-9.0-0.8"},{"rt":44696,"url":"../static/nodeGraphs_scaffolding.html","edge":"2to5","edgeRT":"4393","skip":"false","flipped":"TRUE","index":"9","edgeClickLog":"[{\"edgeSelection\":\"5to8\",\"edgeRTMS\":1557},{\"edgeSelection\":\"2to5\",\"edgeRTMS\":3521},{\"edgeSelection\":\"2to5\",\"edgeRTMS\":4393}]","trial_id":"cong_9_flipped","congruency":"C","trial_group":"5to10","condition":"scaffolding","inference_edge":"2to5,5to7,5to8","inference_edgeClickLog":"[{\"edgeSelection\":\"2to5\",\"edgeRTMS\":5730},{\"edgeSelection\":\"5to7\",\"edgeRTMS\":11772},{\"edgeSelection\":\"5to7\",\"edgeRTMS\":11868},{\"edgeSelection\":\"5to7\",\"edgeRTMS\":12064},{\"edgeSelection\":\"4to8\",\"edgeRTMS\":15754},{\"edgeSelection\":\"4to8\",\"edgeRTMS\":19330},{\"edgeSelection\":\"5to8\",\"edgeRTMS\":21036},{\"edgeSelection\":\"5to8\",\"edgeRTMS\":21123},{\"edgeSelection\":\"5to8\",\"edgeRTMS\":21941}]","inference_edgeRT":"21941","inference_edge_last":"5to8","task":"experiment","subjectId":"0o5swhe37od4ygg","trial_type":"external-html","trial_index":17,"time_elapsed":1352198,"internal_node_id":"0.0-9.0-0.9"},{"rt":36441,"url":"../static/nodeGraphs_scaffolding.html","edge":"1to4","edgeRT":"5385","skip":"false","flipped":"FALSE","index":"10","edgeClickLog":"[{\"edgeSelection\":\"1to4\",\"edgeRTMS\":4552},{\"edgeSelection\":\"1to4\",\"edgeRTMS\":5385}]","trial_id":"cong_0","congruency":"C","trial_group":"10to15","condition":"scaffolding","inference_edge":"1to4,4to8,4to7","inference_edgeClickLog":"[{\"edgeSelection\":\"1to4\",\"edgeRTMS\":6027},{\"edgeSelection\":\"4to8\",\"edgeRTMS\":15771},{\"edgeSelection\":\"4to7\",\"edgeRTMS\":22419}]","inference_edgeRT":"22419","inference_edge_last":"4to7","task":"experiment","subjectId":"0o5swhe37od4ygg","trial_type":"external-html","trial_index":18,"time_elapsed":1389259,"internal_node_id":"0.0-9.0-0.10"},{"rt":32118,"url":"../static/nodeGraphs_scaffolding.html","edge":"2to6","edgeRT":"4935","skip":"false","flipped":"FALSE","index":"11","edgeClickLog":"[{\"edgeSelection\":\"2to6\",\"edgeRTMS\":4935}]","trial_id":"cong_1","congruency":"C","trial_group":"10to15","condition":"scaffolding","inference_edge":"2to6,6to9,5to7","inference_edgeClickLog":"[{\"edgeSelection\":\"2to6\",\"edgeRTMS\":11652},{\"edgeSelection\":\"6to9\",\"edgeRTMS\":13217},{\"edgeSelection\":\"5to7\",\"edgeRTMS\":19470}]","inference_edgeRT":"19470","inference_edge_last":"5to7","task":"experiment","subjectId":"0o5swhe37od4ygg","trial_type":"external-html","trial_index":19,"time_elapsed":1422002,"internal_node_id":"0.0-9.0-0.11"},{"rt":38880,"url":"../static/nodeGraphs_scaffolding.html","edge":"2to5","edgeRT":"5789","skip":"false","flipped":"FALSE","index":"12","edgeClickLog":"[{\"edgeSelection\":\"2to5\",\"edgeRTMS\":4714},{\"edgeSelection\":\"2to5\",\"edgeRTMS\":4849},{\"edgeSelection\":\"2to5\",\"edgeRTMS\":5789}]","trial_id":"cong_6","congruency":"C","trial_group":"10to15","condition":"scaffolding","inference_edge":"2to5,5to7,5to9","inference_edgeClickLog":"[{\"edgeSelection\":\"2to5\",\"edgeRTMS\":8078},{\"edgeSelection\":\"5to7\",\"edgeRTMS\":21816},{\"edgeSelection\":\"5to7\",\"edgeRTMS\":21943},{\"edgeSelection\":\"5to7\",\"edgeRTMS\":23248},{\"edgeSelection\":\"5to7\",\"edgeRTMS\":23337},{\"edgeSelection\":\"5to7\",\"edgeRTMS\":24226},{\"edgeSelection\":\"5to9\",\"edgeRTMS\":25679}]","inference_edgeRT":"25679","inference_edge_last":"5to9","task":"experiment","subjectId":"0o5swhe37od4ygg","trial_type":"external-html","trial_index":20,"time_elapsed":1461504,"internal_node_id":"0.0-9.0-0.12"},{"rt":39149,"url":"../static/nodeGraphs_scaffolding.html","edge":"2to4","edgeRT":"2110","skip":"false","flipped":"FALSE","index":"13","edgeClickLog":"[{\"edgeSelection\":\"2to4\",\"edgeRTMS\":510},{\"edgeSelection\":\"2to4\",\"edgeRTMS\":2110}]","trial_id":"cong_4","congruency":"C","trial_group":"10to15","condition":"scaffolding","inference_edge":"2to4,4to8,4to7","inference_edgeClickLog":"[{\"edgeSelection\":\"2to4\",\"edgeRTMS\":6619},{\"edgeSelection\":\"4to8\",\"edgeRTMS\":7561},{\"edgeSelection\":\"4to8\",\"edgeRTMS\":7656},{\"edgeSelection\":\"4to8\",\"edgeRTMS\":8955},{\"edgeSelection\":\"4to7\",\"edgeRTMS\":17189}]","inference_edgeRT":"17189","inference_edge_last":"4to7","task":"experiment","subjectId":"0o5swhe37od4ygg","trial_type":"external-html","trial_index":21,"time_elapsed":1501273,"internal_node_id":"0.0-9.0-0.13"},{"rt":23088,"url":"../static/nodeGraphs_scaffolding.html","edge":"2to5","edgeRT":"3877","skip":"false","flipped":"FALSE","index":"14","edgeClickLog":"[{\"edgeSelection\":\"2to5\",\"edgeRTMS\":3877}]","trial_id":"cong_9","congruency":"C","trial_group":"10to15","condition":"scaffolding","inference_edge":"2to5,5to8,5to9","inference_edgeClickLog":"[{\"edgeSelection\":\"2to5\",\"edgeRTMS\":11267},{\"edgeSelection\":\"5to8\",\"edgeRTMS\":14828},{\"edgeSelection\":\"5to9\",\"edgeRTMS\":15973}]","inference_edgeRT":"15973","inference_edge_last":"5to9","task":"experiment","subjectId":"0o5swhe37od4ygg","trial_type":"external-html","trial_index":22,"time_elapsed":1524989,"internal_node_id":"0.0-9.0-0.14"},{"rt":33810,"url":"../static/nodeGraphs_scaffolding.html","edge":"5to8","edgeRT":"23846","skip":"false","flipped":"FALSE","index":"15","edgeClickLog":"[{\"edgeSelection\":\"5to8\",\"edgeRTMS\":16915},{\"edgeSelection\":\"5to8\",\"edgeRTMS\":23846}]","trial_id":"test_0","congruency":"I","trial_group":"15to20","condition":"scaffolding","inference_edge":"2to5,5to8,5to9","inference_edgeClickLog":"[{\"edgeSelection\":\"2to5\",\"edgeRTMS\":11267},{\"edgeSelection\":\"5to8\",\"edgeRTMS\":14828},{\"edgeSelection\":\"5to9\",\"edgeRTMS\":15973}]","inference_edgeRT":"15973","inference_edge_last":"","task":"experiment","subjectId":"0o5swhe37od4ygg","trial_type":"external-html","trial_index":23,"time_elapsed":1559422,"internal_node_id":"0.0-9.0-0.15"},{"rt":23287,"url":"../static/nodeGraphs_scaffolding.html","edge":"4to7","edgeRT":"22309","skip":"false","flipped":"FALSE","index":"16","edgeClickLog":"[{\"edgeSelection\":\"4to7\",\"edgeRTMS\":19525},{\"edgeSelection\":\"4to7\",\"edgeRTMS\":19893},{\"edgeSelection\":\"4to7\",\"edgeRTMS\":21373},{\"edgeSelection\":\"4to7\",\"edgeRTMS\":22309}]","trial_id":"test_1","congruency":"I","trial_group":"15to20","condition":"scaffolding","inference_edge":"2to5,5to8,5to9","inference_edgeClickLog":"[{\"edgeSelection\":\"2to5\",\"edgeRTMS\":11267},{\"edgeSelection\":\"5to8\",\"edgeRTMS\":14828},{\"edgeSelection\":\"5to9\",\"edgeRTMS\":15973}]","inference_edgeRT":"15973","inference_edge_last":"","task":"experiment","subjectId":"0o5swhe37od4ygg","trial_type":"external-html","trial_index":24,"time_elapsed":1583331,"internal_node_id":"0.0-9.0-0.16"},{"rt":17205,"url":"../static/nodeGraphs_scaffolding.html","edge":"6to8","edgeRT":"14680","skip":"false","flipped":"FALSE","index":"17","edgeClickLog":"[{\"edgeSelection\":\"6to8\",\"edgeRTMS\":14680}]","trial_id":"test_2","congruency":"I","trial_group":"15to20","condition":"scaffolding","inference_edge":"2to5,5to8,5to9","inference_edgeClickLog":"[{\"edgeSelection\":\"2to5\",\"edgeRTMS\":11267},{\"edgeSelection\":\"5to8\",\"edgeRTMS\":14828},{\"edgeSelection\":\"5to9\",\"edgeRTMS\":15973}]","inference_edgeRT":"15973","inference_edge_last":"","task":"experiment","subjectId":"0o5swhe37od4ygg","trial_type":"external-html","trial_index":25,"time_elapsed":1601143,"internal_node_id":"0.0-9.0-0.17"},{"rt":14441,"url":"../static/nodeGraphs_scaffolding.html","edge":"1to5","edgeRT":"13457","skip":"false","flipped":"FALSE","index":"18","edgeClickLog":"[{\"edgeSelection\":\"1to5\",\"edgeRTMS\":13457}]","trial_id":"test_3","congruency":"I","trial_group":"15to20","condition":"scaffolding","inference_edge":"2to5,5to8,5to9","inference_edgeClickLog":"[{\"edgeSelection\":\"2to5\",\"edgeRTMS\":11267},{\"edgeSelection\":\"5to8\",\"edgeRTMS\":14828},{\"edgeSelection\":\"5to9\",\"edgeRTMS\":15973}]","inference_edgeRT":"15973","inference_edge_last":"","task":"experiment","subjectId":"0o5swhe37od4ygg","trial_type":"external-html","trial_index":26,"time_elapsed":1616197,"internal_node_id":"0.0-9.0-0.18"},{"rt":37217,"url":"../static/nodeGraphs_scaffolding.html","edge":"4to7","edgeRT":"37163","skip":"false","flipped":"FALSE","index":"19","edgeClickLog":"[{\"edgeSelection\":\"4to7\",\"edgeRTMS\":33292},{\"edgeSelection\":\"4to7\",\"edgeRTMS\":34920},{\"edgeSelection\":\"4to7\",\"edgeRTMS\":35403},{\"edgeSelection\":\"4to7\",\"edgeRTMS\":37163}]","trial_id":"test_4","congruency":"I","trial_group":"15to20","condition":"scaffolding","inference_edge":"2to5,5to8,5to9","inference_edgeClickLog":"[{\"edgeSelection\":\"2to5\",\"edgeRTMS\":11267},{\"edgeSelection\":\"5to8\",\"edgeRTMS\":14828},{\"edgeSelection\":\"5to9\",\"edgeRTMS\":15973}]","inference_edgeRT":"15973","inference_edge_last":"","task":"experiment","subjectId":"0o5swhe37od4ygg","trial_type":"external-html","trial_index":27,"time_elapsed":1654032,"internal_node_id":"0.0-9.0-0.19"},{"rt":27408,"response":{"P0_Q0":null,"P0_Q1":5,"P0_Q2":7,"P0_Q3":6,"P0_Q4":4,"P0_Q5":2,"strategies":"the most points","feedback":"none"},"accuracy":[],"trial_type":"survey","trial_index":28,"time_elapsed":1682144,"internal_node_id":"0.0-10.0"},{"rt":3293,"stimulus":"<p>Thanks for your time!</p>        <p>We need to manually calculate your bonus pay, please give us up to 7 days.</p><p>Press any key to conclude.</p>","response":" ","task":"end","subjectId":"0o5swhe37od4ygg","trial_type":"html-keyboard-response","trial_index":29,"time_elapsed":1685438,"internal_node_id":"0.0-11.0","interactions":"[{\"event\":\"blur\",\"trial\":1,\"time\":3427},{\"event\":\"fullscreenenter\",\"trial\":1,\"time\":3461},{\"event\":\"focus\",\"trial\":1,\"time\":3703},{\"event\":\"blur\",\"trial\":3,\"time\":67131},{\"event\":\"focus\",\"trial\":3,\"time\":67154},{\"event\":\"fullscreenexit\",\"trial\":3,\"time\":67159},{\"event\":\"blur\",\"trial\":4,\"time\":391919},{\"event\":\"focus\",\"trial\":4,\"time\":397842}]"}]