[{"success":true,"timeout":false,"failed_images":[],"failed_audio":[],"failed_video":[],"trial_type":"preload","trial_index":0,"time_elapsed":190,"internal_node_id":"0.0-0.0"},{"success":true,"trial_type":"fullscreen","trial_index":1,"time_elapsed":2773,"internal_node_id":"0.0-1.0"},{"rt":3838,"stimulus":"Welcome to the experiment. Press any key to begin.","response":" ","trial_type":"html-keyboard-response","trial_index":2,"time_elapsed":6614,"internal_node_id":"0.0-2.0"},{"view_history":[{"page_index":0,"viewing_time":4499},{"page_index":1,"viewing_time":11868},{"page_index":2,"viewing_time":21752},{"page_index":3,"viewing_time":4296},{"page_index":4,"viewing_time":1050},{"page_index":5,"viewing_time":602},{"page_index":6,"viewing_time":1659},{"page_index":7,"viewing_time":5954},{"page_index":8,"viewing_time":14014},{"page_index":9,"viewing_time":9932},{"page_index":10,"viewing_time":810},{"page_index":11,"viewing_time":257},{"page_index":12,"viewing_time":257},{"page_index":13,"viewing_time":744},{"page_index":14,"viewing_time":1300},{"page_index":15,"viewing_time":7636},{"page_index":16,"viewing_time":1275},{"page_index":17,"viewing_time":481},{"page_index":18,"viewing_time":200},{"page_index":19,"viewing_time":329},{"page_index":20,"viewing_time":4514},{"page_index":21,"viewing_time":2092}],"rt":95520,"trial_type":"instructions","trial_index":3,"time_elapsed":102138,"internal_node_id":"0.0-3.0"},{"rt":77081,"url":"../static/nodeGraphsTraining_scaffolding.html","skip":[],"edgeClickLog":[],"inference_edge":[],"inference_edgeClickLog":[],"trial_type":"external-html","trial_index":4,"time_elapsed":179304,"internal_node_id":"0.0-4.0"},{"rt":29125,"response":{"q1":"The goal is to help the student to get the most points.","q2":"False","q3":"Possible edges you, as the teacher, can choose to teach the learner.","q4":"Edges that the student took before."},"question_order":[0,1,2,3],"trial_type":"survey-multi-choice","trial_index":5,"time_elapsed":208436,"internal_node_id":"0.0-5.0"},{"rt":3585,"stimulus":"<p>You can take a 60 second break before starting the experiment.</p><br><br><p>This page will advance in 60 seconds or you can press any key to advance now.</p>","response":" ","trial_type":"html-keyboard-response","trial_index":6,"time_elapsed":212024,"internal_node_id":"0.0-7.0"},{"view_history":[{"page_index":0,"viewing_time":20126}],"rt":20126,"trial_type":"instructions","trial_index":7,"time_elapsed":232153,"internal_node_id":"0.0-8.0"},{"rt":17415,"url":"../static/nodeGraphs_scaffolding.html","edge":"1to4","edgeRT":"6206","skip":"false","flipped":"FALSE","index":"0","edgeClickLog":"[{\"edgeSelection\":\"1to4\",\"edgeRTMS\":6206}]","trial_id":"cong_0","congruency":"C","trial_group":"1to5","condition":"scaffolding","inference_edge":"1to4,4to7,4to8","inference_edgeClickLog":"[{\"edgeSelection\":\"1to4\",\"edgeRTMS\":6243},{\"edgeSelection\":\"4to7\",\"edgeRTMS\":7372},{\"edgeSelection\":\"4to8\",\"edgeRTMS\":8106}]","inference_edgeRT":"8106","inference_edge_last":"4to8","task":"experiment","subjectId":"t8qd6porx9w48hy","trial_type":"external-html","trial_index":8,"time_elapsed":249648,"internal_node_id":"0.0-9.0-0.0"},{"rt":22196,"url":"../static/nodeGraphs_scaffolding.html","edge":"2to6","edgeRT":"3631","skip":"false","flipped":"FALSE","index":"1","edgeClickLog":"[{\"edgeSelection\":\"2to6\",\"edgeRTMS\":3631}]","trial_id":"cong_1","congruency":"C","trial_group":"1to5","condition":"scaffolding","inference_edge":"4to7,2to6,2to4","inference_edgeClickLog":"[{\"edgeSelection\":\"2to6\",\"edgeRTMS\":7155},{\"edgeSelection\":\"2to4\",\"edgeRTMS\":8278},{\"edgeSelection\":\"6to9\",\"edgeRTMS\":11288},{\"edgeSelection\":\"4to7\",\"edgeRTMS\":13991},{\"edgeSelection\":\"2to6\",\"edgeRTMS\":15582},{\"edgeSelection\":\"2to4\",\"edgeRTMS\":16634}]","inference_edgeRT":"16634","inference_edge_last":"2to4","task":"experiment","subjectId":"t8qd6porx9w48hy","trial_type":"external-html","trial_index":9,"time_elapsed":272427,"internal_node_id":"0.0-9.0-0.1"},{"rt":21391,"url":"../static/nodeGraphs_scaffolding.html","edge":"2to5","edgeRT":"7010","skip":"false","flipped":"FALSE","index":"2","edgeClickLog":"[{\"edgeSelection\":\"2to5\",\"edgeRTMS\":7010}]","trial_id":"cong_6","congruency":"C","trial_group":"1to5","condition":"scaffolding","inference_edge":"2to5,5to7,1to5","inference_edgeClickLog":"[{\"edgeSelection\":\"2to5\",\"edgeRTMS\":4101},{\"edgeSelection\":\"5to7\",\"edgeRTMS\":6065},{\"edgeSelection\":\"1to5\",\"edgeRTMS\":11135}]","inference_edgeRT":"11135","inference_edge_last":"1to5","task":"experiment","subjectId":"t8qd6porx9w48hy","trial_type":"external-html","trial_index":10,"time_elapsed":294402,"internal_node_id":"0.0-9.0-0.2"},{"rt":8587,"url":"../static/nodeGraphs_scaffolding.html","edge":"2to4","edgeRT":"1959","skip":"false","flipped":"FALSE","index":"3","edgeClickLog":"[{\"edgeSelection\":\"2to4\",\"edgeRTMS\":1959}]","trial_id":"cong_4","congruency":"C","trial_group":"1to5","condition":"scaffolding","inference_edge":"2to4,5to8,4to8","inference_edgeClickLog":"[{\"edgeSelection\":\"2to4\",\"edgeRTMS\":3604},{\"edgeSelection\":\"5to8\",\"edgeRTMS\":4725},{\"edgeSelection\":\"4to8\",\"edgeRTMS\":5453}]","inference_edgeRT":"5453","inference_edge_last":"4to8","task":"experiment","subjectId":"t8qd6porx9w48hy","trial_type":"external-html","trial_index":11,"time_elapsed":303569,"internal_node_id":"0.0-9.0-0.3"},{"rt":14961,"url":"../static/nodeGraphs_scaffolding.html","edge":"3to5","edgeRT":"1872","skip":"false","flipped":"FALSE","index":"4","edgeClickLog":"[{\"edgeSelection\":\"3to5\",\"edgeRTMS\":1872}]","trial_id":"cong_9","congruency":"C","trial_group":"1to5","condition":"scaffolding","inference_edge":"0to3,3to5,5to8","inference_edgeClickLog":"[{\"edgeSelection\":\"0to3\",\"edgeRTMS\":5106},{\"edgeSelection\":\"3to5\",\"edgeRTMS\":7481},{\"edgeSelection\":\"5to8\",\"edgeRTMS\":10021}]","inference_edgeRT":"10021","inference_edge_last":"5to8","task":"experiment","subjectId":"t8qd6porx9w48hy","trial_type":"external-html","trial_index":12,"time_elapsed":319118,"internal_node_id":"0.0-9.0-0.4"},{"rt":16947,"url":"../static/nodeGraphs_scaffolding.html","edge":"3to6","edgeRT":"7187","skip":"false","flipped":"TRUE","index":"5","edgeClickLog":"[{\"edgeSelection\":\"3to6\",\"edgeRTMS\":5645},{\"edgeSelection\":\"3to6\",\"edgeRTMS\":7187}]","trial_id":"cong_0_flipped","congruency":"C","trial_group":"5to10","condition":"scaffolding","inference_edge":"3to6,6to9,2to6","inference_edgeClickLog":"[{\"edgeSelection\":\"3to6\",\"edgeRTMS\":4259},{\"edgeSelection\":\"6to9\",\"edgeRTMS\":5806},{\"edgeSelection\":\"2to6\",\"edgeRTMS\":6627}]","inference_edgeRT":"6627","inference_edge_last":"2to6","task":"experiment","subjectId":"t8qd6porx9w48hy","trial_type":"external-html","trial_index":13,"time_elapsed":336648,"internal_node_id":"0.0-9.0-0.5"},{"rt":17340,"url":"../static/nodeGraphs_scaffolding.html","edge":"2to4","edgeRT":"1652","skip":"false","flipped":"TRUE","index":"6","edgeClickLog":"[{\"edgeSelection\":\"2to4\",\"edgeRTMS\":1652}]","trial_id":"cong_1_flipped","congruency":"C","trial_group":"5to10","condition":"scaffolding","inference_edge":"2to4,4to7,2to6","inference_edgeClickLog":"[{\"edgeSelection\":\"2to4\",\"edgeRTMS\":6069},{\"edgeSelection\":\"4to7\",\"edgeRTMS\":7753},{\"edgeSelection\":\"2to6\",\"edgeRTMS\":9269}]","inference_edgeRT":"9269","inference_edge_last":"2to6","task":"experiment","subjectId":"t8qd6porx9w48hy","trial_type":"external-html","trial_index":14,"time_elapsed":354577,"internal_node_id":"0.0-9.0-0.6"},{"rt":19170,"url":"../static/nodeGraphs_scaffolding.html","edge":"6to9","edgeRT":"924","skip":"false","flipped":"TRUE","index":"7","edgeClickLog":"[{\"edgeSelection\":\"6to9\",\"edgeRTMS\":924}]","trial_id":"cong_6_flipped","congruency":"C","trial_group":"5to10","condition":"scaffolding","inference_edge":"2to5,5to9,6to9","inference_edgeClickLog":"[{\"edgeSelection\":\"2to5\",\"edgeRTMS\":4283},{\"edgeSelection\":\"5to9\",\"edgeRTMS\":6870},{\"edgeSelection\":\"6to9\",\"edgeRTMS\":10234}]","inference_edgeRT":"10234","inference_edge_last":"6to9","task":"experiment","subjectId":"t8qd6porx9w48hy","trial_type":"external-html","trial_index":15,"time_elapsed":374336,"internal_node_id":"0.0-9.0-0.7"},{"rt":17301,"url":"../static/nodeGraphs_scaffolding.html","edge":"5to8","edgeRT":"2256","skip":"false","flipped":"TRUE","index":"8","edgeClickLog":"[{\"edgeSelection\":\"5to8\",\"edgeRTMS\":2256}]","trial_id":"cong_4_flipped","congruency":"C","trial_group":"5to10","condition":"scaffolding","inference_edge":"2to6,6to8,6to9","inference_edgeClickLog":"[{\"edgeSelection\":\"2to6\",\"edgeRTMS\":7017},{\"edgeSelection\":\"6to8\",\"edgeRTMS\":7768},{\"edgeSelection\":\"6to9\",\"edgeRTMS\":8939}]","inference_edgeRT":"8939","inference_edge_last":"6to9","task":"experiment","subjectId":"t8qd6porx9w48hy","trial_type":"external-html","trial_index":16,"time_elapsed":392218,"internal_node_id":"0.0-9.0-0.8"},{"rt":25391,"url":"../static/nodeGraphs_scaffolding.html","edge":"2to5","edgeRT":"3363","skip":"false","flipped":"TRUE","index":"9","edgeClickLog":"[{\"edgeSelection\":\"2to5\",\"edgeRTMS\":3363}]","trial_id":"cong_9_flipped","congruency":"C","trial_group":"5to10","condition":"scaffolding","inference_edge":"1to5,2to5,5to7","inference_edgeClickLog":"[{\"edgeSelection\":\"1to5\",\"edgeRTMS\":11640},{\"edgeSelection\":\"2to5\",\"edgeRTMS\":14100},{\"edgeSelection\":\"5to7\",\"edgeRTMS\":16515}]","inference_edgeRT":"16515","inference_edge_last":"5to7","task":"experiment","subjectId":"t8qd6porx9w48hy","trial_type":"external-html","trial_index":17,"time_elapsed":418194,"internal_node_id":"0.0-9.0-0.9"},{"rt":27575,"url":"../static/nodeGraphs_scaffolding.html","edge":"1to4","edgeRT":"3587","skip":"false","flipped":"FALSE","index":"10","edgeClickLog":"[{\"edgeSelection\":\"1to4\",\"edgeRTMS\":3587}]","trial_id":"cong_0","congruency":"C","trial_group":"10to15","condition":"scaffolding","inference_edge":"1to4,2to4,4to7","inference_edgeClickLog":"[{\"edgeSelection\":\"1to4\",\"edgeRTMS\":12534},{\"edgeSelection\":\"2to4\",\"edgeRTMS\":13225},{\"edgeSelection\":\"4to7\",\"edgeRTMS\":19415}]","inference_edgeRT":"19415","inference_edge_last":"4to7","task":"experiment","subjectId":"t8qd6porx9w48hy","trial_type":"external-html","trial_index":18,"time_elapsed":446370,"internal_node_id":"0.0-9.0-0.10"},{"rt":13830,"url":"../static/nodeGraphs_scaffolding.html","edge":"2to6","edgeRT":"3644","skip":"false","flipped":"FALSE","index":"11","edgeClickLog":"[{\"edgeSelection\":\"2to6\",\"edgeRTMS\":3644}]","trial_id":"cong_1","congruency":"C","trial_group":"10to15","condition":"scaffolding","inference_edge":"2to6,6to9,2to4","inference_edgeClickLog":"[{\"edgeSelection\":\"2to6\",\"edgeRTMS\":5053},{\"edgeSelection\":\"6to9\",\"edgeRTMS\":6088},{\"edgeSelection\":\"2to4\",\"edgeRTMS\":7097}]","inference_edgeRT":"7097","inference_edge_last":"2to4","task":"experiment","subjectId":"t8qd6porx9w48hy","trial_type":"external-html","trial_index":19,"time_elapsed":460781,"internal_node_id":"0.0-9.0-0.11"},{"rt":14884,"url":"../static/nodeGraphs_scaffolding.html","edge":"4to7","edgeRT":"981","skip":"false","flipped":"FALSE","index":"12","edgeClickLog":"[{\"edgeSelection\":\"4to7\",\"edgeRTMS\":981}]","trial_id":"cong_6","congruency":"C","trial_group":"10to15","condition":"scaffolding","inference_edge":"2to5,5to7,4to7","inference_edgeClickLog":"[{\"edgeSelection\":\"2to5\",\"edgeRTMS\":7661},{\"edgeSelection\":\"5to7\",\"edgeRTMS\":9069},{\"edgeSelection\":\"4to7\",\"edgeRTMS\":12045}]","inference_edgeRT":"12045","inference_edge_last":"4to7","task":"experiment","subjectId":"t8qd6porx9w48hy","trial_type":"external-html","trial_index":20,"time_elapsed":476332,"internal_node_id":"0.0-9.0-0.12"},{"rt":38479,"url":"../static/nodeGraphs_scaffolding.html","edge":"5to8","edgeRT":"5864","skip":"false","flipped":"FALSE","index":"13","edgeClickLog":"[{\"edgeSelection\":\"5to8\",\"edgeRTMS\":5864}]","trial_id":"cong_4","congruency":"C","trial_group":"10to15","condition":"scaffolding","inference_edge":"2to4,4to8,4to7","inference_edgeClickLog":"[{\"edgeSelection\":\"2to4\",\"edgeRTMS\":28742},{\"edgeSelection\":\"4to8\",\"edgeRTMS\":29426},{\"edgeSelection\":\"4to7\",\"edgeRTMS\":30481}]","inference_edgeRT":"30481","inference_edge_last":"4to7","task":"experiment","subjectId":"t8qd6porx9w48hy","trial_type":"external-html","trial_index":21,"time_elapsed":515409,"internal_node_id":"0.0-9.0-0.13"},{"rt":15460,"url":"../static/nodeGraphs_scaffolding.html","edge":"2to5","edgeRT":"1215","skip":"false","flipped":"FALSE","index":"14","edgeClickLog":"[{\"edgeSelection\":\"2to5\",\"edgeRTMS\":1215}]","trial_id":"cong_9","congruency":"C","trial_group":"10to15","condition":"scaffolding","inference_edge":"2to5,5to8,5to9","inference_edgeClickLog":"[{\"edgeSelection\":\"2to5\",\"edgeRTMS\":7306},{\"edgeSelection\":\"5to8\",\"edgeRTMS\":8173},{\"edgeSelection\":\"5to9\",\"edgeRTMS\":9251}]","inference_edgeRT":"9251","inference_edge_last":"5to9","task":"experiment","subjectId":"t8qd6porx9w48hy","trial_type":"external-html","trial_index":22,"time_elapsed":531526,"internal_node_id":"0.0-9.0-0.14"},{"rt":18592,"url":"../static/nodeGraphs_scaffolding.html","edge":"5to8","edgeRT":"4807","skip":"false","flipped":"FALSE","index":"15","edgeClickLog":"[{\"edgeSelection\":\"5to8\",\"edgeRTMS\":4807}]","trial_id":"test_0","congruency":"I","trial_group":"15to20","condition":"scaffolding","inference_edge":"2to5,5to8,5to9","inference_edgeClickLog":"[{\"edgeSelection\":\"2to5\",\"edgeRTMS\":7306},{\"edgeSelection\":\"5to8\",\"edgeRTMS\":8173},{\"edgeSelection\":\"5to9\",\"edgeRTMS\":9251}]","inference_edgeRT":"9251","inference_edge_last":"","task":"experiment","subjectId":"t8qd6porx9w48hy","trial_type":"external-html","trial_index":23,"time_elapsed":550716,"internal_node_id":"0.0-9.0-0.15"},{"rt":3440,"url":"../static/nodeGraphs_scaffolding.html","edge":"4to7","edgeRT":"2897","skip":"false","flipped":"FALSE","index":"16","edgeClickLog":"[{\"edgeSelection\":\"4to7\",\"edgeRTMS\":2897}]","trial_id":"test_1","congruency":"I","trial_group":"15to20","condition":"scaffolding","inference_edge":"2to5,5to8,5to9","inference_edgeClickLog":"[{\"edgeSelection\":\"2to5\",\"edgeRTMS\":7306},{\"edgeSelection\":\"5to8\",\"edgeRTMS\":8173},{\"edgeSelection\":\"5to9\",\"edgeRTMS\":9251}]","inference_edgeRT":"9251","inference_edge_last":"","task":"experiment","subjectId":"t8qd6porx9w48hy","trial_type":"external-html","trial_index":24,"time_elapsed":554805,"internal_node_id":"0.0-9.0-0.16"},{"rt":4190,"url":"../static/nodeGraphs_scaffolding.html","edge":"6to8","edgeRT":"3283","skip":"false","flipped":"FALSE","index":"17","edgeClickLog":"[{\"edgeSelection\":\"6to8\",\"edgeRTMS\":3283}]","trial_id":"test_2","congruency":"I","trial_group":"15to20","condition":"scaffolding","inference_edge":"2to5,5to8,5to9","inference_edgeClickLog":"[{\"edgeSelection\":\"2to5\",\"edgeRTMS\":7306},{\"edgeSelection\":\"5to8\",\"edgeRTMS\":8173},{\"edgeSelection\":\"5to9\",\"edgeRTMS\":9251}]","inference_edgeRT":"9251","inference_edge_last":"","task":"experiment","subjectId":"t8qd6porx9w48hy","trial_type":"external-html","trial_index":25,"time_elapsed":559585,"internal_node_id":"0.0-9.0-0.17"},{"rt":5823,"url":"../static/nodeGraphs_scaffolding.html","edge":"5to9","edgeRT":"4428","skip":"false","flipped":"FALSE","index":"18","edgeClickLog":"[{\"edgeSelection\":\"5to9\",\"edgeRTMS\":4428}]","trial_id":"test_3","congruency":"I","trial_group":"15to20","condition":"scaffolding","inference_edge":"2to5,5to8,5to9","inference_edgeClickLog":"[{\"edgeSelection\":\"2to5\",\"edgeRTMS\":7306},{\"edgeSelection\":\"5to8\",\"edgeRTMS\":8173},{\"edgeSelection\":\"5to9\",\"edgeRTMS\":9251}]","inference_edgeRT":"9251","inference_edge_last":"","task":"experiment","subjectId":"t8qd6porx9w48hy","trial_type":"external-html","trial_index":26,"time_elapsed":566006,"internal_node_id":"0.0-9.0-0.18"},{"rt":12137,"url":"../static/nodeGraphs_scaffolding.html","edge":"1to5","edgeRT":"11728","skip":"false","flipped":"FALSE","index":"19","edgeClickLog":"[{\"edgeSelection\":\"1to5\",\"edgeRTMS\":11728}]","trial_id":"test_4","congruency":"I","trial_group":"15to20","condition":"scaffolding","inference_edge":"2to5,5to8,5to9","inference_edgeClickLog":"[{\"edgeSelection\":\"2to5\",\"edgeRTMS\":7306},{\"edgeSelection\":\"5to8\",\"edgeRTMS\":8173},{\"edgeSelection\":\"5to9\",\"edgeRTMS\":9251}]","inference_edgeRT":"9251","inference_edge_last":"","task":"experiment","subjectId":"t8qd6porx9w48hy","trial_type":"external-html","trial_index":27,"time_elapsed":578748,"internal_node_id":"0.0-9.0-0.19"},{"rt":84043,"response":{"P0_Q0":null,"P0_Q1":5,"P0_Q2":7,"P0_Q3":4,"P0_Q4":5,"P0_Q5":2,"strategies":"I tried to use the students chosen path to deduce which would most likely lead to more points.","feedback":"No. Really fun study."},"accuracy":[],"trial_type":"survey","trial_index":28,"time_elapsed":663419,"internal_node_id":"0.0-10.0"},{"rt":3526,"stimulus":"<p>Thanks for your time!</p>        <p>We need to manually calculate your bonus pay, please give us up to 7 days.</p><p>Press any key to conclude.</p>","response":" ","task":"end","subjectId":"t8qd6porx9w48hy","trial_type":"html-keyboard-response","trial_index":29,"time_elapsed":666948,"internal_node_id":"0.0-11.0","interactions":"[{\"event\":\"fullscreenenter\",\"trial\":1,\"time\":1779}]"}]