[{"success":true,"timeout":false,"failed_images":[],"failed_audio":[],"failed_video":[],"trial_type":"preload","trial_index":0,"time_elapsed":569,"internal_node_id":"0.0-0.0"},{"success":true,"trial_type":"fullscreen","trial_index":1,"time_elapsed":3276,"internal_node_id":"0.0-1.0"},{"rt":1379,"stimulus":"Welcome to the experiment. Press any key to begin.","response":" ","trial_type":"html-keyboard-response","trial_index":2,"time_elapsed":4657,"internal_node_id":"0.0-2.0"},{"view_history":[{"page_index":0,"viewing_time":3056},{"page_index":1,"viewing_time":2670},{"page_index":2,"viewing_time":20379},{"page_index":3,"viewing_time":4528},{"page_index":4,"viewing_time":1021},{"page_index":5,"viewing_time":1630},{"page_index":6,"viewing_time":2244},{"page_index":7,"viewing_time":10127},{"page_index":8,"viewing_time":12194},{"page_index":9,"viewing_time":5998},{"page_index":10,"viewing_time":1856},{"page_index":11,"viewing_time":787},{"page_index":12,"viewing_time":695},{"page_index":13,"viewing_time":970},{"page_index":14,"viewing_time":2676},{"page_index":15,"viewing_time":4729},{"page_index":16,"viewing_time":1574},{"page_index":17,"viewing_time":654},{"page_index":18,"viewing_time":997},{"page_index":19,"viewing_time":1082},{"page_index":20,"viewing_time":1899},{"page_index":21,"viewing_time":3387}],"rt":85151,"trial_type":"instructions","trial_index":3,"time_elapsed":89807,"internal_node_id":"0.0-3.0"},{"rt":190989,"url":"../static/nodeGraphsTraining_scaffolding.html","skip":[],"edgeClickLog":[],"inference_edge":[],"inference_edgeClickLog":[],"trial_type":"external-html","trial_index":4,"time_elapsed":280977,"internal_node_id":"0.0-4.0"},{"rt":24262,"response":{"q1":"The goal is to help the student to get the most points.","q2":"False","q3":"Possible edges you, as the teacher, can choose to teach the learner.","q4":"Edges that the student took before."},"question_order":[0,1,2,3],"trial_type":"survey-multi-choice","trial_index":5,"time_elapsed":305241,"internal_node_id":"0.0-5.0"},{"rt":5495,"stimulus":"<p>You can take a 60 second break before starting the experiment.</p><br><br><p>This page will advance in 60 seconds or you can press any key to advance now.</p>","response":"arrowdown","trial_type":"html-keyboard-response","trial_index":6,"time_elapsed":310737,"internal_node_id":"0.0-7.0"},{"view_history":[{"page_index":0,"viewing_time":2591}],"rt":2592,"trial_type":"instructions","trial_index":7,"time_elapsed":313329,"internal_node_id":"0.0-8.0"},{"rt":49699,"url":"../static/nodeGraphs_scaffolding.html","edge":"1to4","edgeRT":"8835","skip":"false","flipped":"FALSE","index":"0","edgeClickLog":"[{\"edgeSelection\":\"1to4\",\"edgeRTMS\":8835}]","trial_id":"cong_0","congruency":"C","trial_group":"1to5","condition":"scaffolding","inference_edge":"1to4,4to8,5to8","inference_edgeClickLog":"[{\"edgeSelection\":\"1to4\",\"edgeRTMS\":24395},{\"edgeSelection\":\"4to8\",\"edgeRTMS\":27370},{\"edgeSelection\":\"5to8\",\"edgeRTMS\":35234}]","inference_edgeRT":"35234","inference_edge_last":"5to8","task":"experiment","subjectId":"9gdl4vcx926dvjg","trial_type":"external-html","trial_index":8,"time_elapsed":363167,"internal_node_id":"0.0-9.0-0.0"},{"rt":59370,"url":"../static/nodeGraphs_scaffolding.html","edge":"","edgeRT":"undefined","skip":"true","flipped":"FALSE","index":"1","edgeClickLog":"","trial_id":"cong_1","congruency":"C","trial_group":"1to5","condition":"scaffolding","inference_edge":"2to6,6to9","inference_edgeClickLog":"[{\"edgeSelection\":\"2to6\",\"edgeRTMS\":44754},{\"edgeSelection\":\"6to9\",\"edgeRTMS\":46193}]","inference_edgeRT":"46193","inference_edge_last":"6to9","task":"experiment","subjectId":"9gdl4vcx926dvjg","trial_type":"external-html","trial_index":9,"time_elapsed":423168,"internal_node_id":"0.0-9.0-0.1"},{"rt":16939,"url":"../static/nodeGraphs_scaffolding.html","edge":"2to5","edgeRT":"4777","skip":"false","flipped":"FALSE","index":"2","edgeClickLog":"[{\"edgeSelection\":\"2to5\",\"edgeRTMS\":4777}]","trial_id":"cong_6","congruency":"C","trial_group":"1to5","condition":"scaffolding","inference_edge":"2to5,5to9,4to7","inference_edgeClickLog":"[{\"edgeSelection\":\"2to5\",\"edgeRTMS\":6375},{\"edgeSelection\":\"5to9\",\"edgeRTMS\":7874},{\"edgeSelection\":\"4to7\",\"edgeRTMS\":10255}]","inference_edgeRT":"10255","inference_edge_last":"4to7","task":"experiment","subjectId":"9gdl4vcx926dvjg","trial_type":"external-html","trial_index":10,"time_elapsed":440756,"internal_node_id":"0.0-9.0-0.2"},{"rt":21502,"url":"../static/nodeGraphs_scaffolding.html","edge":"2to4","edgeRT":"4865","skip":"false","flipped":"FALSE","index":"3","edgeClickLog":"[{\"edgeSelection\":\"2to4\",\"edgeRTMS\":4865}]","trial_id":"cong_4","congruency":"C","trial_group":"1to5","condition":"scaffolding","inference_edge":"2to4,4to8,1to4","inference_edgeClickLog":"[{\"edgeSelection\":\"2to4\",\"edgeRTMS\":4093},{\"edgeSelection\":\"4to8\",\"edgeRTMS\":5476},{\"edgeSelection\":\"1to4\",\"edgeRTMS\":15513}]","inference_edgeRT":"15513","inference_edge_last":"1to4","task":"experiment","subjectId":"9gdl4vcx926dvjg","trial_type":"external-html","trial_index":11,"time_elapsed":462879,"internal_node_id":"0.0-9.0-0.3"},{"rt":23395,"url":"../static/nodeGraphs_scaffolding.html","edge":"2to5","edgeRT":"2981","skip":"false","flipped":"FALSE","index":"4","edgeClickLog":"[{\"edgeSelection\":\"2to5\",\"edgeRTMS\":2981}]","trial_id":"cong_9","congruency":"C","trial_group":"1to5","condition":"scaffolding","inference_edge":"2to5,5to8,3to5","inference_edgeClickLog":"[{\"edgeSelection\":\"2to5\",\"edgeRTMS\":5910},{\"edgeSelection\":\"5to8\",\"edgeRTMS\":11295},{\"edgeSelection\":\"3to5\",\"edgeRTMS\":15592}]","inference_edgeRT":"15592","inference_edge_last":"3to5","task":"experiment","subjectId":"9gdl4vcx926dvjg","trial_type":"external-html","trial_index":12,"time_elapsed":486928,"internal_node_id":"0.0-9.0-0.4"},{"rt":17651,"url":"../static/nodeGraphs_scaffolding.html","edge":"3to6","edgeRT":"2017","skip":"false","flipped":"TRUE","index":"5","edgeClickLog":"[{\"edgeSelection\":\"3to6\",\"edgeRTMS\":2017}]","trial_id":"cong_0_flipped","congruency":"C","trial_group":"5to10","condition":"scaffolding","inference_edge":"3to6,6to8,6to9","inference_edgeClickLog":"[{\"edgeSelection\":\"3to6\",\"edgeRTMS\":7010},{\"edgeSelection\":\"6to8\",\"edgeRTMS\":9197},{\"edgeSelection\":\"6to9\",\"edgeRTMS\":14819}]","inference_edgeRT":"14819","inference_edge_last":"6to9","task":"experiment","subjectId":"9gdl4vcx926dvjg","trial_type":"external-html","trial_index":13,"time_elapsed":505531,"internal_node_id":"0.0-9.0-0.5"},{"rt":25552,"url":"../static/nodeGraphs_scaffolding.html","edge":"2to4","edgeRT":"2013","skip":"false","flipped":"TRUE","index":"6","edgeClickLog":"[{\"edgeSelection\":\"2to4\",\"edgeRTMS\":2013}]","trial_id":"cong_1_flipped","congruency":"C","trial_group":"5to10","condition":"scaffolding","inference_edge":"2to4,4to7,6to9","inference_edgeClickLog":"[{\"edgeSelection\":\"2to4\",\"edgeRTMS\":5941},{\"edgeSelection\":\"4to7\",\"edgeRTMS\":8513},{\"edgeSelection\":\"6to9\",\"edgeRTMS\":5261}]","inference_edgeRT":"5261","inference_edge_last":"6to9","task":"experiment","subjectId":"9gdl4vcx926dvjg","trial_type":"external-html","trial_index":14,"time_elapsed":531703,"internal_node_id":"0.0-9.0-0.6"},{"rt":27377,"url":"../static/nodeGraphs_scaffolding.html","edge":"2to5","edgeRT":"1645","skip":"false","flipped":"TRUE","index":"7","edgeClickLog":"[{\"edgeSelection\":\"2to5\",\"edgeRTMS\":1645}]","trial_id":"cong_6_flipped","congruency":"C","trial_group":"5to10","condition":"scaffolding","inference_edge":"5to9,2to5,5to7","inference_edgeClickLog":"[{\"edgeSelection\":\"0to3\",\"edgeRTMS\":7876},{\"edgeSelection\":\"3to5\",\"edgeRTMS\":8789},{\"edgeSelection\":\"5to9\",\"edgeRTMS\":11907},{\"edgeSelection\":\"2to5\",\"edgeRTMS\":16578},{\"edgeSelection\":\"5to7\",\"edgeRTMS\":21550}]","inference_edgeRT":"21550","inference_edge_last":"5to7","task":"experiment","subjectId":"9gdl4vcx926dvjg","trial_type":"external-html","trial_index":15,"time_elapsed":559732,"internal_node_id":"0.0-9.0-0.7"},{"rt":21982,"url":"../static/nodeGraphs_scaffolding.html","edge":"2to6","edgeRT":"2005","skip":"false","flipped":"TRUE","index":"8","edgeClickLog":"[{\"edgeSelection\":\"2to6\",\"edgeRTMS\":2005}]","trial_id":"cong_4_flipped","congruency":"C","trial_group":"5to10","condition":"scaffolding","inference_edge":"2to6,6to8,3to5","inference_edgeClickLog":"[{\"edgeSelection\":\"2to6\",\"edgeRTMS\":6246},{\"edgeSelection\":\"6to8\",\"edgeRTMS\":8220},{\"edgeSelection\":\"3to5\",\"edgeRTMS\":19188}]","inference_edgeRT":"19188","inference_edge_last":"3to5","task":"experiment","subjectId":"9gdl4vcx926dvjg","trial_type":"external-html","trial_index":16,"time_elapsed":582367,"internal_node_id":"0.0-9.0-0.8"},{"rt":20358,"url":"../static/nodeGraphs_scaffolding.html","edge":"2to5","edgeRT":"2724","skip":"false","flipped":"TRUE","index":"9","edgeClickLog":"[{\"edgeSelection\":\"2to5\",\"edgeRTMS\":2724}]","trial_id":"cong_9_flipped","congruency":"C","trial_group":"5to10","condition":"scaffolding","inference_edge":"2to5,5to7,5to8","inference_edgeClickLog":"[{\"edgeSelection\":\"2to5\",\"edgeRTMS\":3871},{\"edgeSelection\":\"5to7\",\"edgeRTMS\":13310},{\"edgeSelection\":\"5to8\",\"edgeRTMS\":16511}]","inference_edgeRT":"16511","inference_edge_last":"5to8","task":"experiment","subjectId":"9gdl4vcx926dvjg","trial_type":"external-html","trial_index":17,"time_elapsed":603373,"internal_node_id":"0.0-9.0-0.9"},{"rt":20196,"url":"../static/nodeGraphs_scaffolding.html","edge":"1to4","edgeRT":"2149","skip":"false","flipped":"FALSE","index":"10","edgeClickLog":"[{\"edgeSelection\":\"1to4\",\"edgeRTMS\":2149}]","trial_id":"cong_0","congruency":"C","trial_group":"10to15","condition":"scaffolding","inference_edge":"2to4,0to2,4to7","inference_edgeClickLog":"[{\"edgeSelection\":\"1to4\",\"edgeRTMS\":4142},{\"edgeSelection\":\"2to4\",\"edgeRTMS\":8738},{\"edgeSelection\":\"0to2\",\"edgeRTMS\":9750},{\"edgeSelection\":\"4to7\",\"edgeRTMS\":12990}]","inference_edgeRT":"12990","inference_edge_last":"4to7","task":"experiment","subjectId":"9gdl4vcx926dvjg","trial_type":"external-html","trial_index":18,"time_elapsed":624204,"internal_node_id":"0.0-9.0-0.10"},{"rt":44327,"url":"../static/nodeGraphs_scaffolding.html","edge":"2to6","edgeRT":"1168","skip":"false","flipped":"FALSE","index":"11","edgeClickLog":"[{\"edgeSelection\":\"2to6\",\"edgeRTMS\":1168}]","trial_id":"cong_1","congruency":"C","trial_group":"10to15","condition":"scaffolding","inference_edge":"2to6,6to9,3to6","inference_edgeClickLog":"[{\"edgeSelection\":\"2to6\",\"edgeRTMS\":6737},{\"edgeSelection\":\"6to9\",\"edgeRTMS\":8339},{\"edgeSelection\":\"4to7\",\"edgeRTMS\":36691},{\"edgeSelection\":\"4to7\",\"edgeRTMS\":38582},{\"edgeSelection\":\"3to6\",\"edgeRTMS\":43008}]","inference_edgeRT":"43008","inference_edge_last":"3to6","task":"experiment","subjectId":"9gdl4vcx926dvjg","trial_type":"external-html","trial_index":19,"time_elapsed":669852,"internal_node_id":"0.0-9.0-0.11"},{"rt":9292,"url":"../static/nodeGraphs_scaffolding.html","edge":"2to5","edgeRT":"1674","skip":"false","flipped":"FALSE","index":"12","edgeClickLog":"[{\"edgeSelection\":\"2to5\",\"edgeRTMS\":1674}]","trial_id":"cong_6","congruency":"C","trial_group":"10to15","condition":"scaffolding","inference_edge":"2to5,5to9,5to7","inference_edgeClickLog":"[{\"edgeSelection\":\"2to5\",\"edgeRTMS\":3581},{\"edgeSelection\":\"5to9\",\"edgeRTMS\":5123},{\"edgeSelection\":\"5to7\",\"edgeRTMS\":6713}]","inference_edgeRT":"6713","inference_edge_last":"5to7","task":"experiment","subjectId":"9gdl4vcx926dvjg","trial_type":"external-html","trial_index":20,"time_elapsed":679780,"internal_node_id":"0.0-9.0-0.12"},{"rt":18460,"url":"../static/nodeGraphs_scaffolding.html","edge":"2to4","edgeRT":"1679","skip":"false","flipped":"FALSE","index":"13","edgeClickLog":"[{\"edgeSelection\":\"2to4\",\"edgeRTMS\":1679}]","trial_id":"cong_4","congruency":"C","trial_group":"10to15","condition":"scaffolding","inference_edge":"2to4,4to8,5to8","inference_edgeClickLog":"[{\"edgeSelection\":\"2to4\",\"edgeRTMS\":6091},{\"edgeSelection\":\"4to8\",\"edgeRTMS\":7034},{\"edgeSelection\":\"5to8\",\"edgeRTMS\":15929}]","inference_edgeRT":"15929","inference_edge_last":"5to8","task":"experiment","subjectId":"9gdl4vcx926dvjg","trial_type":"external-html","trial_index":21,"time_elapsed":698866,"internal_node_id":"0.0-9.0-0.13"},{"rt":14530,"url":"../static/nodeGraphs_scaffolding.html","edge":"2to5","edgeRT":"5287","skip":"false","flipped":"FALSE","index":"14","edgeClickLog":"[{\"edgeSelection\":\"2to5\",\"edgeRTMS\":1638},{\"edgeSelection\":\"5to8\",\"edgeRTMS\":3853},{\"edgeSelection\":\"2to5\",\"edgeRTMS\":5287}]","trial_id":"cong_9","congruency":"C","trial_group":"10to15","condition":"scaffolding","inference_edge":"2to5,5to8,5to9","inference_edgeClickLog":"[{\"edgeSelection\":\"2to5\",\"edgeRTMS\":3394},{\"edgeSelection\":\"5to8\",\"edgeRTMS\":7433},{\"edgeSelection\":\"5to9\",\"edgeRTMS\":8270}]","inference_edgeRT":"8270","inference_edge_last":"5to9","task":"experiment","subjectId":"9gdl4vcx926dvjg","trial_type":"external-html","trial_index":22,"time_elapsed":714047,"internal_node_id":"0.0-9.0-0.14"},{"rt":12579,"url":"../static/nodeGraphs_scaffolding.html","edge":"5to8","edgeRT":"4507","skip":"false","flipped":"FALSE","index":"15","edgeClickLog":"[{\"edgeSelection\":\"5to8\",\"edgeRTMS\":4507}]","trial_id":"test_0","congruency":"I","trial_group":"15to20","condition":"scaffolding","inference_edge":"2to5,5to8,5to9","inference_edgeClickLog":"[{\"edgeSelection\":\"2to5\",\"edgeRTMS\":3394},{\"edgeSelection\":\"5to8\",\"edgeRTMS\":7433},{\"edgeSelection\":\"5to9\",\"edgeRTMS\":8270}]","inference_edgeRT":"8270","inference_edge_last":"","task":"experiment","subjectId":"9gdl4vcx926dvjg","trial_type":"external-html","trial_index":23,"time_elapsed":727264,"internal_node_id":"0.0-9.0-0.15"},{"rt":17979,"url":"../static/nodeGraphs_scaffolding.html","edge":"4to7","edgeRT":"13241","skip":"false","flipped":"FALSE","index":"16","edgeClickLog":"[{\"edgeSelection\":\"2to6\",\"edgeRTMS\":3307},{\"edgeSelection\":\"0to3\",\"edgeRTMS\":6338},{\"edgeSelection\":\"4to7\",\"edgeRTMS\":13241}]","trial_id":"test_1","congruency":"I","trial_group":"15to20","condition":"scaffolding","inference_edge":"2to5,5to8,5to9","inference_edgeClickLog":"[{\"edgeSelection\":\"2to5\",\"edgeRTMS\":3394},{\"edgeSelection\":\"5to8\",\"edgeRTMS\":7433},{\"edgeSelection\":\"5to9\",\"edgeRTMS\":8270}]","inference_edgeRT":"8270","inference_edge_last":"","task":"experiment","subjectId":"9gdl4vcx926dvjg","trial_type":"external-html","trial_index":24,"time_elapsed":745865,"internal_node_id":"0.0-9.0-0.16"},{"rt":9883,"url":"../static/nodeGraphs_scaffolding.html","edge":"0to3","edgeRT":"3302","skip":"false","flipped":"FALSE","index":"17","edgeClickLog":"[{\"edgeSelection\":\"0to3\",\"edgeRTMS\":3302}]","trial_id":"test_2","congruency":"I","trial_group":"15to20","condition":"scaffolding","inference_edge":"2to5,5to8,5to9","inference_edgeClickLog":"[{\"edgeSelection\":\"2to5\",\"edgeRTMS\":3394},{\"edgeSelection\":\"5to8\",\"edgeRTMS\":7433},{\"edgeSelection\":\"5to9\",\"edgeRTMS\":8270}]","inference_edgeRT":"8270","inference_edge_last":"","task":"experiment","subjectId":"9gdl4vcx926dvjg","trial_type":"external-html","trial_index":25,"time_elapsed":756347,"internal_node_id":"0.0-9.0-0.17"},{"rt":7828,"url":"../static/nodeGraphs_scaffolding.html","edge":"5to7","edgeRT":"7502","skip":"false","flipped":"FALSE","index":"18","edgeClickLog":"[{\"edgeSelection\":\"5to7\",\"edgeRTMS\":7502}]","trial_id":"test_3","congruency":"I","trial_group":"15to20","condition":"scaffolding","inference_edge":"2to5,5to8,5to9","inference_edgeClickLog":"[{\"edgeSelection\":\"2to5\",\"edgeRTMS\":3394},{\"edgeSelection\":\"5to8\",\"edgeRTMS\":7433},{\"edgeSelection\":\"5to9\",\"edgeRTMS\":8270}]","inference_edgeRT":"8270","inference_edge_last":"","task":"experiment","subjectId":"9gdl4vcx926dvjg","trial_type":"external-html","trial_index":26,"time_elapsed":764790,"internal_node_id":"0.0-9.0-0.18"},{"rt":17545,"url":"../static/nodeGraphs_scaffolding.html","edge":"5to9","edgeRT":"17378","skip":"false","flipped":"FALSE","index":"19","edgeClickLog":"[{\"edgeSelection\":\"5to9\",\"edgeRTMS\":17378}]","trial_id":"test_4","congruency":"I","trial_group":"15to20","condition":"scaffolding","inference_edge":"2to5,5to8,5to9","inference_edgeClickLog":"[{\"edgeSelection\":\"2to5\",\"edgeRTMS\":3394},{\"edgeSelection\":\"5to8\",\"edgeRTMS\":7433},{\"edgeSelection\":\"5to9\",\"edgeRTMS\":8270}]","inference_edgeRT":"8270","inference_edge_last":"","task":"experiment","subjectId":"9gdl4vcx926dvjg","trial_type":"external-html","trial_index":27,"time_elapsed":782953,"internal_node_id":"0.0-9.0-0.19"},{"rt":34175,"response":{"P0_Q0":null,"P0_Q1":2,"P0_Q2":5,"P0_Q3":5,"P0_Q4":4,"P0_Q5":2,"strategies":"Aiming for high numbers","feedback":""},"accuracy":[],"trial_type":"survey","trial_index":28,"time_elapsed":817670,"internal_node_id":"0.0-10.0"},{"rt":3343,"stimulus":"<p>Thanks for your time!</p>        <p>We need to manually calculate your bonus pay, please give us up to 7 days.</p><p>Press any key to conclude.</p>","response":" ","task":"end","subjectId":"9gdl4vcx926dvjg","trial_type":"html-keyboard-response","trial_index":29,"time_elapsed":821014,"internal_node_id":"0.0-11.0","interactions":"[{\"event\":\"fullscreenenter\",\"trial\":1,\"time\":2306},{\"event\":\"blur\",\"trial\":4,\"time\":230018},{\"event\":\"focus\",\"trial\":4,\"time\":230019},{\"event\":\"fullscreenexit\",\"trial\":4,\"time\":230024},{\"event\":\"blur\",\"trial\":4,\"time\":274104},{\"event\":\"focus\",\"trial\":4,\"time\":274923},{\"event\":\"blur\",\"trial\":8,\"time\":314339},{\"event\":\"focus\",\"trial\":8,\"time\":315414},{\"event\":\"blur\",\"trial\":14,\"time\":523869},{\"event\":\"focus\",\"trial\":14,\"time\":523869}]"}]