[{"success":true,"timeout":false,"failed_images":[],"failed_audio":[],"failed_video":[],"trial_type":"preload","trial_index":0,"time_elapsed":616,"internal_node_id":"0.0-0.0"},{"success":true,"trial_type":"fullscreen","trial_index":1,"time_elapsed":5441,"internal_node_id":"0.0-1.0"},{"rt":3002,"stimulus":"Welcome to the experiment. Press any key to begin.","response":"arrowright","trial_type":"html-keyboard-response","trial_index":2,"time_elapsed":8443,"internal_node_id":"0.0-2.0"},{"view_history":[{"page_index":0,"viewing_time":4257},{"page_index":1,"viewing_time":4272},{"page_index":2,"viewing_time":41476},{"page_index":3,"viewing_time":1992},{"page_index":4,"viewing_time":1280},{"page_index":5,"viewing_time":920},{"page_index":6,"viewing_time":2592},{"page_index":7,"viewing_time":13745},{"page_index":8,"viewing_time":10657},{"page_index":9,"viewing_time":9265},{"page_index":10,"viewing_time":2128},{"page_index":11,"viewing_time":1288},{"page_index":12,"viewing_time":1200},{"page_index":13,"viewing_time":4792},{"page_index":14,"viewing_time":2000},{"page_index":15,"viewing_time":7849},{"page_index":16,"viewing_time":760},{"page_index":17,"viewing_time":568},{"page_index":18,"viewing_time":952},{"page_index":19,"viewing_time":5785},{"page_index":20,"viewing_time":5168},{"page_index":21,"viewing_time":7217}],"rt":130165,"trial_type":"instructions","trial_index":3,"time_elapsed":141783,"internal_node_id":"0.0-3.0"},{"rt":76993,"url":"../static/nodeGraphsTraining_normal.html","skip":[],"edgeClickLog":[],"inference_edge":[],"inference_edgeClickLog":[],"trial_type":"external-html","trial_index":4,"time_elapsed":218901,"internal_node_id":"0.0-4.0"},{"rt":102369,"response":{"q1":"The goal is to help the student to get the most points","q2":"False","q3":"Possible paths you, as the teacher, can choose to teach the learner.","q4":"Paths that the student took before."},"question_order":[0,1,2,3],"trial_type":"survey-multi-choice","trial_index":5,"time_elapsed":321271,"internal_node_id":"0.0-5.0"},{"rt":4649,"stimulus":"<p>You can take a 60 second break before starting the experiment.</p><br><br><p>This page will advance in 60 seconds or you can press any key to advance now.</p>","response":"arrowright","trial_type":"html-keyboard-response","trial_index":6,"time_elapsed":325922,"internal_node_id":"0.0-7.0"},{"view_history":[{"page_index":0,"viewing_time":20272}],"rt":20273,"trial_type":"instructions","trial_index":7,"time_elapsed":346195,"internal_node_id":"0.0-8.0"},{"rt":12699,"url":"../static/nodeGraphs_normal.html","edge":"2to4","edgeRT":"11085","skip":"false","flipped":"FALSE","index":"0","edgeClickLog":"[{\"edgeSelection\":\"2to4\",\"edgeRTMS\":11085}]","trial_id":"cong_0","congruency":"C","trial_group":"1to5","condition":"normal","inference_edge":[],"inference_edgeClickLog":[],"task":"experiment","subjectId":"dnlok76km3j5wcy","trial_type":"external-html","trial_index":8,"time_elapsed":359015,"internal_node_id":"0.0-9.0-0.0"},{"rt":8800,"url":"../static/nodeGraphs_normal.html","edge":"2to6","edgeRT":"5502","skip":"false","flipped":"FALSE","index":"1","edgeClickLog":"[{\"edgeSelection\":\"2to6\",\"edgeRTMS\":5502}]","trial_id":"cong_1","congruency":"C","trial_group":"1to5","condition":"normal","inference_edge":[],"inference_edgeClickLog":[],"task":"experiment","subjectId":"dnlok76km3j5wcy","trial_type":"external-html","trial_index":9,"time_elapsed":368380,"internal_node_id":"0.0-9.0-0.1"},{"rt":8926,"url":"../static/nodeGraphs_normal.html","edge":"2to5","edgeRT":"6977","skip":"false","flipped":"FALSE","index":"2","edgeClickLog":"[{\"edgeSelection\":\"2to5\",\"edgeRTMS\":6977}]","trial_id":"cong_6","congruency":"C","trial_group":"1to5","condition":"normal","inference_edge":[],"inference_edgeClickLog":[],"task":"experiment","subjectId":"dnlok76km3j5wcy","trial_type":"external-html","trial_index":10,"time_elapsed":377866,"internal_node_id":"0.0-9.0-0.2"},{"rt":11095,"url":"../static/nodeGraphs_normal.html","edge":"4to8","edgeRT":"6636","skip":"false","flipped":"FALSE","index":"3","edgeClickLog":"[{\"edgeSelection\":\"2to4\",\"edgeRTMS\":3696},{\"edgeSelection\":\"4to8\",\"edgeRTMS\":6636}]","trial_id":"cong_4","congruency":"C","trial_group":"1to5","condition":"normal","inference_edge":[],"inference_edgeClickLog":[],"task":"experiment","subjectId":"dnlok76km3j5wcy","trial_type":"external-html","trial_index":11,"time_elapsed":389526,"internal_node_id":"0.0-9.0-0.3"},{"rt":7402,"url":"../static/nodeGraphs_normal.html","edge":"2to5","edgeRT":"3572","skip":"false","flipped":"FALSE","index":"4","edgeClickLog":"[{\"edgeSelection\":\"2to5\",\"edgeRTMS\":3572}]","trial_id":"cong_9","congruency":"C","trial_group":"1to5","condition":"normal","inference_edge":[],"inference_edgeClickLog":[],"task":"experiment","subjectId":"dnlok76km3j5wcy","trial_type":"external-html","trial_index":12,"time_elapsed":397484,"internal_node_id":"0.0-9.0-0.4"},{"rt":15803,"url":"../static/nodeGraphs_normal.html","edge":"3to6","edgeRT":"4765","skip":"false","flipped":"TRUE","index":"5","edgeClickLog":"[{\"edgeSelection\":\"3to6\",\"edgeRTMS\":4765}]","trial_id":"cong_0_flipped","congruency":"C","trial_group":"5to10","condition":"normal","inference_edge":[],"inference_edgeClickLog":[],"task":"experiment","subjectId":"dnlok76km3j5wcy","trial_type":"external-html","trial_index":13,"time_elapsed":413841,"internal_node_id":"0.0-9.0-0.5"},{"rt":10880,"url":"../static/nodeGraphs_normal.html","edge":"2to4","edgeRT":"6894","skip":"false","flipped":"TRUE","index":"6","edgeClickLog":"[{\"edgeSelection\":\"2to4\",\"edgeRTMS\":6894}]","trial_id":"cong_1_flipped","congruency":"C","trial_group":"5to10","condition":"normal","inference_edge":[],"inference_edgeClickLog":[],"task":"experiment","subjectId":"dnlok76km3j5wcy","trial_type":"external-html","trial_index":14,"time_elapsed":425275,"internal_node_id":"0.0-9.0-0.6"},{"rt":10161,"url":"../static/nodeGraphs_normal.html","edge":"5to9","edgeRT":"7926","skip":"false","flipped":"TRUE","index":"7","edgeClickLog":"[{\"edgeSelection\":\"5to9\",\"edgeRTMS\":7926}]","trial_id":"cong_6_flipped","congruency":"C","trial_group":"5to10","condition":"normal","inference_edge":[],"inference_edgeClickLog":[],"task":"experiment","subjectId":"dnlok76km3j5wcy","trial_type":"external-html","trial_index":15,"time_elapsed":435991,"internal_node_id":"0.0-9.0-0.7"},{"rt":8549,"url":"../static/nodeGraphs_normal.html","edge":"2to6","edgeRT":"6441","skip":"false","flipped":"TRUE","index":"8","edgeClickLog":"[{\"edgeSelection\":\"2to6\",\"edgeRTMS\":6441}]","trial_id":"cong_4_flipped","congruency":"C","trial_group":"5to10","condition":"normal","inference_edge":[],"inference_edgeClickLog":[],"task":"experiment","subjectId":"dnlok76km3j5wcy","trial_type":"external-html","trial_index":16,"time_elapsed":445094,"internal_node_id":"0.0-9.0-0.8"},{"rt":28355,"url":"../static/nodeGraphs_normal.html","edge":"5to8","edgeRT":"24328","skip":"false","flipped":"TRUE","index":"9","edgeClickLog":"[{\"edgeSelection\":\"5to8\",\"edgeRTMS\":24328}]","trial_id":"cong_9_flipped","congruency":"C","trial_group":"5to10","condition":"normal","inference_edge":[],"inference_edgeClickLog":[],"task":"experiment","subjectId":"dnlok76km3j5wcy","trial_type":"external-html","trial_index":17,"time_elapsed":474003,"internal_node_id":"0.0-9.0-0.9"},{"rt":34967,"url":"../static/nodeGraphs_normal.html","edge":"1to4","edgeRT":"17947","skip":"false","flipped":"FALSE","index":"10","edgeClickLog":"[{\"edgeSelection\":\"1to4\",\"edgeRTMS\":17092},{\"edgeSelection\":\"1to4\",\"edgeRTMS\":17947}]","trial_id":"cong_0","congruency":"C","trial_group":"10to15","condition":"normal","inference_edge":[],"inference_edgeClickLog":[],"task":"experiment","subjectId":"dnlok76km3j5wcy","trial_type":"external-html","trial_index":18,"time_elapsed":509525,"internal_node_id":"0.0-9.0-0.10"},{"rt":13273,"url":"../static/nodeGraphs_normal.html","edge":"2to6","edgeRT":"8630","skip":"false","flipped":"FALSE","index":"11","edgeClickLog":"[{\"edgeSelection\":\"2to6\",\"edgeRTMS\":8630}]","trial_id":"cong_1","congruency":"C","trial_group":"10to15","condition":"normal","inference_edge":[],"inference_edgeClickLog":[],"task":"experiment","subjectId":"dnlok76km3j5wcy","trial_type":"external-html","trial_index":19,"time_elapsed":523360,"internal_node_id":"0.0-9.0-0.11"},{"rt":19571,"url":"../static/nodeGraphs_normal.html","edge":"2to5","edgeRT":"19017","skip":"false","flipped":"FALSE","index":"12","edgeClickLog":"[{\"edgeSelection\":\"5to7\",\"edgeRTMS\":15146},{\"edgeSelection\":\"2to5\",\"edgeRTMS\":19017}]","trial_id":"cong_6","congruency":"C","trial_group":"10to15","condition":"normal","inference_edge":[],"inference_edgeClickLog":[],"task":"experiment","subjectId":"dnlok76km3j5wcy","trial_type":"external-html","trial_index":20,"time_elapsed":543491,"internal_node_id":"0.0-9.0-0.12"},{"rt":14289,"url":"../static/nodeGraphs_normal.html","edge":"2to4","edgeRT":"13249","skip":"false","flipped":"FALSE","index":"13","edgeClickLog":"[{\"edgeSelection\":\"2to4\",\"edgeRTMS\":13249}]","trial_id":"cong_4","congruency":"C","trial_group":"10to15","condition":"normal","inference_edge":[],"inference_edgeClickLog":[],"task":"experiment","subjectId":"dnlok76km3j5wcy","trial_type":"external-html","trial_index":21,"time_elapsed":558333,"internal_node_id":"0.0-9.0-0.13"},{"rt":10099,"url":"../static/nodeGraphs_normal.html","edge":"2to5","edgeRT":"7100","skip":"false","flipped":"FALSE","index":"14","edgeClickLog":"[{\"edgeSelection\":\"5to8\",\"edgeRTMS\":4242},{\"edgeSelection\":\"2to5\",\"edgeRTMS\":6204},{\"edgeSelection\":\"2to5\",\"edgeRTMS\":7100}]","trial_id":"cong_9","congruency":"C","trial_group":"10to15","condition":"normal","inference_edge":[],"inference_edgeClickLog":[],"task":"experiment","subjectId":"dnlok76km3j5wcy","trial_type":"external-html","trial_index":22,"time_elapsed":568988,"internal_node_id":"0.0-9.0-0.14"},{"rt":19395,"url":"../static/nodeGraphs_normal.html","edge":"6to8","edgeRT":"13333","skip":"false","flipped":"FALSE","index":"15","edgeClickLog":"[{\"edgeSelection\":\"6to8\",\"edgeRTMS\":13333}]","trial_id":"test_0","congruency":"I","trial_group":"15to20","condition":"normal","inference_edge":[],"inference_edgeClickLog":[],"task":"experiment","subjectId":"dnlok76km3j5wcy","trial_type":"external-html","trial_index":23,"time_elapsed":589043,"internal_node_id":"0.0-9.0-0.15"},{"rt":10393,"url":"../static/nodeGraphs_normal.html","edge":"3to6","edgeRT":"7581","skip":"false","flipped":"FALSE","index":"16","edgeClickLog":"[{\"edgeSelection\":\"3to6\",\"edgeRTMS\":7581}]","trial_id":"test_1","congruency":"I","trial_group":"15to20","condition":"normal","inference_edge":[],"inference_edgeClickLog":[],"task":"experiment","subjectId":"dnlok76km3j5wcy","trial_type":"external-html","trial_index":24,"time_elapsed":600016,"internal_node_id":"0.0-9.0-0.16"},{"rt":11737,"url":"../static/nodeGraphs_normal.html","edge":"0to3","edgeRT":"7425","skip":"false","flipped":"FALSE","index":"17","edgeClickLog":"[{\"edgeSelection\":\"0to3\",\"edgeRTMS\":7425}]","trial_id":"test_2","congruency":"I","trial_group":"15to20","condition":"normal","inference_edge":[],"inference_edgeClickLog":[],"task":"experiment","subjectId":"dnlok76km3j5wcy","trial_type":"external-html","trial_index":25,"time_elapsed":612335,"internal_node_id":"0.0-9.0-0.17"},{"rt":9978,"url":"../static/nodeGraphs_normal.html","edge":"0to1","edgeRT":"9892","skip":"false","flipped":"FALSE","index":"18","edgeClickLog":"[{\"edgeSelection\":\"0to1\",\"edgeRTMS\":9892}]","trial_id":"test_3","congruency":"I","trial_group":"15to20","condition":"normal","inference_edge":[],"inference_edgeClickLog":[],"task":"experiment","subjectId":"dnlok76km3j5wcy","trial_type":"external-html","trial_index":26,"time_elapsed":622946,"internal_node_id":"0.0-9.0-0.18"},{"rt":9362,"url":"../static/nodeGraphs_normal.html","edge":"5to9","edgeRT":"9390","skip":"false","flipped":"FALSE","index":"19","edgeClickLog":"[{\"edgeSelection\":\"5to9\",\"edgeRTMS\":9390}]","trial_id":"test_4","congruency":"I","trial_group":"15to20","condition":"normal","inference_edge":[],"inference_edgeClickLog":[],"task":"experiment","subjectId":"dnlok76km3j5wcy","trial_type":"external-html","trial_index":27,"time_elapsed":632881,"internal_node_id":"0.0-9.0-0.19"},{"rt":88088,"response":{"P0_Q0":null,"P0_Q1":3,"P0_Q2":6,"P0_Q3":5,"P0_Q4":4,"P0_Q5":2,"strategies":"I would see what lines would yield the most points, or have the highest chance of providing the most points. ","feedback":"Timer for each question might yield better results of it was cut in half to 30 seconds"},"accuracy":[],"trial_type":"survey","trial_index":28,"time_elapsed":721504,"internal_node_id":"0.0-10.0"},{"rt":4920,"stimulus":"<p>Thanks for your time!</p>        <p>We need to manually calculate your bonus pay, please give us up to 7 days.</p><p>Press any key to conclude.</p>","response":"arrowright","task":"end","subjectId":"dnlok76km3j5wcy","trial_type":"html-keyboard-response","trial_index":29,"time_elapsed":726425,"internal_node_id":"0.0-11.0","interactions":"[{\"event\":\"fullscreenenter\",\"trial\":1,\"time\":4449}]"}]