[{"success":true,"timeout":false,"failed_images":[],"failed_audio":[],"failed_video":[],"trial_type":"preload","trial_index":0,"time_elapsed":2908,"internal_node_id":"0.0-0.0"},{"success":true,"trial_type":"fullscreen","trial_index":1,"time_elapsed":5662,"internal_node_id":"0.0-1.0"},{"rt":2245,"stimulus":"Welcome to the experiment. Press any key to begin.","response":" ","trial_type":"html-keyboard-response","trial_index":2,"time_elapsed":7910,"internal_node_id":"0.0-2.0"},{"view_history":[{"page_index":0,"viewing_time":6909},{"page_index":1,"viewing_time":7036},{"page_index":2,"viewing_time":204209},{"page_index":3,"viewing_time":6067},{"page_index":4,"viewing_time":2096},{"page_index":5,"viewing_time":1001},{"page_index":6,"viewing_time":5903},{"page_index":7,"viewing_time":12433},{"page_index":8,"viewing_time":23632},{"page_index":9,"viewing_time":3574},{"page_index":10,"viewing_time":2283},{"page_index":11,"viewing_time":1550},{"page_index":12,"viewing_time":1066},{"page_index":13,"viewing_time":3212},{"page_index":14,"viewing_time":22611},{"page_index":15,"viewing_time":51160},{"page_index":16,"viewing_time":1495},{"page_index":17,"viewing_time":1061},{"page_index":18,"viewing_time":612},{"page_index":19,"viewing_time":5256},{"page_index":18,"viewing_time":824},{"page_index":17,"viewing_time":792},{"page_index":16,"viewing_time":768},{"page_index":15,"viewing_time":3713},{"page_index":16,"viewing_time":1463},{"page_index":17,"viewing_time":1129},{"page_index":18,"viewing_time":809},{"page_index":19,"viewing_time":3330},{"page_index":20,"viewing_time":3965},{"page_index":21,"viewing_time":2950}],"rt":382909,"trial_type":"instructions","trial_index":3,"time_elapsed":390820,"internal_node_id":"0.0-3.0"},{"rt":189224,"url":"../static/nodeGraphsTraining_distractor.html","skip":[],"edgeClickLog":[],"inference_edge":[],"inference_edgeClickLog":[],"trial_type":"external-html","trial_index":4,"time_elapsed":581109,"internal_node_id":"0.0-4.0"},{"rt":59964,"response":{"q1":"The goal is to help the student to get the most points.","q2":"False","q3":"Possible edges you, as the teacher, can choose to teach the learner.","q4":"Edges that the student took before."},"question_order":[0,1,2,3],"trial_type":"survey-multi-choice","trial_index":5,"time_elapsed":641077,"internal_node_id":"0.0-5.0"},{"rt":59552,"stimulus":"<p>You can take a 60 second break before starting the experiment.</p><br><br><p>This page will advance in 60 seconds or you can press any key to advance now.</p>","response":" ","trial_type":"html-keyboard-response","trial_index":6,"time_elapsed":700632,"internal_node_id":"0.0-7.0"},{"view_history":[{"page_index":0,"viewing_time":48899}],"rt":48900,"trial_type":"instructions","trial_index":7,"time_elapsed":749533,"internal_node_id":"0.0-8.0"},{"rt":32992,"url":"../static/nodeGraphs_distractor.html","edge":"0to1","edgeRT":"12662","skip":"false","flipped":"FALSE","index":"0","edgeClickLog":"[{\"edgeSelection\":\"0to1\",\"edgeRTMS\":7602},{\"edgeSelection\":\"1to4\",\"edgeRTMS\":8902},{\"edgeSelection\":\"4to7\",\"edgeRTMS\":9668},{\"edgeSelection\":\"1to4\",\"edgeRTMS\":11232},{\"edgeSelection\":\"1to4\",\"edgeRTMS\":11702},{\"edgeSelection\":\"0to1\",\"edgeRTMS\":12662}]","trial_id":"incong_0","congruency":"I","trial_group":"1to5","condition":"distractor","inference_edge":"0to1,1to4,4to7","inference_edgeClickLog":"[{\"edgeSelection\":\"0to1\",\"edgeRTMS\":8682},{\"edgeSelection\":\"1to4\",\"edgeRTMS\":10340},{\"edgeSelection\":\"4to7\",\"edgeRTMS\":11787}]","inference_edgeRT":"11787","inference_edge_last":"4to7","task":"experiment","subjectId":"v0e8aud2d10cxs5","trial_type":"external-html","trial_index":8,"time_elapsed":784062,"internal_node_id":"0.0-9.0-0.0"},{"rt":24343,"url":"../static/nodeGraphs_distractor.html","edge":"2to4","edgeRT":"9141","skip":"false","flipped":"FALSE","index":"1","edgeClickLog":"[{\"edgeSelection\":\"2to4\",\"edgeRTMS\":9141}]","trial_id":"incong_5","congruency":"I","trial_group":"1to5","condition":"distractor","inference_edge":"0to2,2to4,4to7","inference_edgeClickLog":"[{\"edgeSelection\":\"0to2\",\"edgeRTMS\":9874},{\"edgeSelection\":\"2to4\",\"edgeRTMS\":11119},{\"edgeSelection\":\"4to7\",\"edgeRTMS\":14107}]","inference_edgeRT":"14107","inference_edge_last":"4to7","task":"experiment","subjectId":"v0e8aud2d10cxs5","trial_type":"external-html","trial_index":9,"time_elapsed":809562,"internal_node_id":"0.0-9.0-0.1"},{"rt":31594,"url":"../static/nodeGraphs_distractor.html","edge":"0to2","edgeRT":"9796","skip":"false","flipped":"FALSE","index":"2","edgeClickLog":"[{\"edgeSelection\":\"0to2\",\"edgeRTMS\":9796}]","trial_id":"incong_3","congruency":"I","trial_group":"1to5","condition":"distractor","inference_edge":"0to2,2to6,6to8","inference_edgeClickLog":"[{\"edgeSelection\":\"0to2\",\"edgeRTMS\":14694},{\"edgeSelection\":\"3to5\",\"edgeRTMS\":16486},{\"edgeSelection\":\"2to6\",\"edgeRTMS\":17792},{\"edgeSelection\":\"3to5\",\"edgeRTMS\":18951},{\"edgeSelection\":\"6to8\",\"edgeRTMS\":20704}]","inference_edgeRT":"20704","inference_edge_last":"6to8","task":"experiment","subjectId":"v0e8aud2d10cxs5","trial_type":"external-html","trial_index":10,"time_elapsed":842304,"internal_node_id":"0.0-9.0-0.2"},{"rt":27360,"url":"../static/nodeGraphs_distractor.html","edge":"5to8","edgeRT":"5438","skip":"false","flipped":"FALSE","index":"3","edgeClickLog":"[{\"edgeSelection\":\"5to8\",\"edgeRTMS\":5438}]","trial_id":"incong_10","congruency":"I","trial_group":"1to5","condition":"distractor","inference_edge":"0to2,2to5,5to8","inference_edgeClickLog":"[{\"edgeSelection\":\"0to2\",\"edgeRTMS\":15309},{\"edgeSelection\":\"2to5\",\"edgeRTMS\":3844},{\"edgeSelection\":\"5to8\",\"edgeRTMS\":4807}]","inference_edgeRT":"4807","inference_edge_last":"5to8","task":"experiment","subjectId":"v0e8aud2d10cxs5","trial_type":"external-html","trial_index":11,"time_elapsed":870821,"internal_node_id":"0.0-9.0-0.3"},{"rt":36122,"url":"../static/nodeGraphs_distractor.html","edge":"2to4","edgeRT":"22448","skip":"false","flipped":"FALSE","index":"4","edgeClickLog":"[{\"edgeSelection\":\"5to8\",\"edgeRTMS\":13090},{\"edgeSelection\":\"5to8\",\"edgeRTMS\":16202},{\"edgeSelection\":\"2to4\",\"edgeRTMS\":22448}]","trial_id":"incong_2","congruency":"I","trial_group":"1to5","condition":"distractor","inference_edge":"0to2,2to5,5to8","inference_edgeClickLog":"[{\"edgeSelection\":\"0to2\",\"edgeRTMS\":11003},{\"edgeSelection\":\"2to5\",\"edgeRTMS\":12203},{\"edgeSelection\":\"5to8\",\"edgeRTMS\":13175}]","inference_edgeRT":"13175","inference_edge_last":"5to8","task":"experiment","subjectId":"v0e8aud2d10cxs5","trial_type":"external-html","trial_index":12,"time_elapsed":908085,"internal_node_id":"0.0-9.0-0.4"},{"rt":58844,"url":"../static/nodeGraphs_distractor.html","edge":"","edgeRT":"undefined","skip":"true","flipped":"TRUE","index":"5","edgeClickLog":"","trial_id":"incong_0_flipped","congruency":"I","trial_group":"5to10","condition":"distractor","inference_edge":"0to2,2to5,5to8","inference_edgeClickLog":"[{\"edgeSelection\":\"0to2\",\"edgeRTMS\":11003},{\"edgeSelection\":\"2to5\",\"edgeRTMS\":12203},{\"edgeSelection\":\"5to8\",\"edgeRTMS\":13175}]","inference_edgeRT":"13175","inference_edge_last":"","task":"experiment","subjectId":"v0e8aud2d10cxs5","trial_type":"external-html","trial_index":13,"time_elapsed":968087,"internal_node_id":"0.0-9.0-0.5"},{"rt":16377,"url":"../static/nodeGraphs_distractor.html","edge":"2to6","edgeRT":"1557","skip":"false","flipped":"TRUE","index":"6","edgeClickLog":"[{\"edgeSelection\":\"2to6\",\"edgeRTMS\":1557}]","trial_id":"incong_5_flipped","congruency":"I","trial_group":"5to10","condition":"distractor","inference_edge":"0to2,2to6,6to9","inference_edgeClickLog":"[{\"edgeSelection\":\"0to2\",\"edgeRTMS\":11108},{\"edgeSelection\":\"2to6\",\"edgeRTMS\":12008},{\"edgeSelection\":\"6to9\",\"edgeRTMS\":13514}]","inference_edgeRT":"13514","inference_edge_last":"6to9","task":"experiment","subjectId":"v0e8aud2d10cxs5","trial_type":"external-html","trial_index":14,"time_elapsed":985621,"internal_node_id":"0.0-9.0-0.6"},{"rt":18495,"url":"../static/nodeGraphs_distractor.html","edge":"0to2","edgeRT":"8124","skip":"false","flipped":"TRUE","index":"7","edgeClickLog":"[{\"edgeSelection\":\"0to2\",\"edgeRTMS\":8124}]","trial_id":"incong_3_flipped","congruency":"I","trial_group":"5to10","condition":"distractor","inference_edge":"0to2,2to4,4to8","inference_edgeClickLog":"[{\"edgeSelection\":\"0to2\",\"edgeRTMS\":3484},{\"edgeSelection\":\"2to4\",\"edgeRTMS\":5088},{\"edgeSelection\":\"4to8\",\"edgeRTMS\":6843}]","inference_edgeRT":"6843","inference_edge_last":"4to8","task":"experiment","subjectId":"v0e8aud2d10cxs5","trial_type":"external-html","trial_index":15,"time_elapsed":1005270,"internal_node_id":"0.0-9.0-0.7"},{"rt":23692,"url":"../static/nodeGraphs_distractor.html","edge":"6to8","edgeRT":"13205","skip":"false","flipped":"TRUE","index":"8","edgeClickLog":"[{\"edgeSelection\":\"0to2\",\"edgeRTMS\":4584},{\"edgeSelection\":\"0to2\",\"edgeRTMS\":6084},{\"edgeSelection\":\"3to5\",\"edgeRTMS\":6972},{\"edgeSelection\":\"2to6\",\"edgeRTMS\":10486},{\"edgeSelection\":\"6to8\",\"edgeRTMS\":12361},{\"edgeSelection\":\"6to8\",\"edgeRTMS\":12859},{\"edgeSelection\":\"6to8\",\"edgeRTMS\":13205}]","trial_id":"incong_10_flipped","congruency":"I","trial_group":"5to10","condition":"distractor","inference_edge":"0to2,2to6,6to8","inference_edgeClickLog":"[{\"edgeSelection\":\"0to2\",\"edgeRTMS\":5876},{\"edgeSelection\":\"2to6\",\"edgeRTMS\":7449},{\"edgeSelection\":\"6to8\",\"edgeRTMS\":9220}]","inference_edgeRT":"9220","inference_edge_last":"6to8","task":"experiment","subjectId":"v0e8aud2d10cxs5","trial_type":"external-html","trial_index":16,"time_elapsed":1029984,"internal_node_id":"0.0-9.0-0.8"},{"rt":28696,"url":"../static/nodeGraphs_distractor.html","edge":"6to8","edgeRT":"6218","skip":"false","flipped":"TRUE","index":"9","edgeClickLog":"[{\"edgeSelection\":\"6to8\",\"edgeRTMS\":5059},{\"edgeSelection\":\"6to8\",\"edgeRTMS\":6218}]","trial_id":"incong_2_flipped","congruency":"I","trial_group":"5to10","condition":"distractor","inference_edge":"6to8,4to8,2to4","inference_edgeClickLog":"[{\"edgeSelection\":\"6to8\",\"edgeRTMS\":3540},{\"edgeSelection\":\"4to8\",\"edgeRTMS\":13303},{\"edgeSelection\":\"2to4\",\"edgeRTMS\":15088}]","inference_edgeRT":"15088","inference_edge_last":"2to4","task":"experiment","subjectId":"v0e8aud2d10cxs5","trial_type":"external-html","trial_index":17,"time_elapsed":1059834,"internal_node_id":"0.0-9.0-0.9"},{"rt":61118,"url":"../static/nodeGraphs_distractor.html","edge":"2to4","edgeRT":"7214","skip":"false","flipped":"FALSE","index":"10","edgeClickLog":"[{\"edgeSelection\":\"2to4\",\"edgeRTMS\":4345},{\"edgeSelection\":\"2to4\",\"edgeRTMS\":6604},{\"edgeSelection\":\"2to4\",\"edgeRTMS\":6934},{\"edgeSelection\":\"2to4\",\"edgeRTMS\":7214}]","trial_id":"incong_0","congruency":"I","trial_group":"10to15","condition":"distractor","inference_edge":"2to4,4to8,6to8","inference_edgeClickLog":"[{\"edgeSelection\":\"2to4\",\"edgeRTMS\":42326},{\"edgeSelection\":\"4to7\",\"edgeRTMS\":43881},{\"edgeSelection\":\"4to8\",\"edgeRTMS\":48077},{\"edgeSelection\":\"4to7\",\"edgeRTMS\":49501},{\"edgeSelection\":\"4to7\",\"edgeRTMS\":49840},{\"edgeSelection\":\"4to7\",\"edgeRTMS\":50731},{\"edgeSelection\":\"6to8\",\"edgeRTMS\":52828}]","inference_edgeRT":"52828","inference_edge_last":"6to8","task":"experiment","subjectId":"v0e8aud2d10cxs5","trial_type":"external-html","trial_index":18,"time_elapsed":1122106,"internal_node_id":"0.0-9.0-0.10"},{"rt":32995,"url":"../static/nodeGraphs_distractor.html","edge":"4to7","edgeRT":"13555","skip":"false","flipped":"FALSE","index":"11","edgeClickLog":"[{\"edgeSelection\":\"0to2\",\"edgeRTMS\":4510},{\"edgeSelection\":\"0to2\",\"edgeRTMS\":9682},{\"edgeSelection\":\"2to4\",\"edgeRTMS\":11042},{\"edgeSelection\":\"4to7\",\"edgeRTMS\":13555}]","trial_id":"incong_5","congruency":"I","trial_group":"10to15","condition":"distractor","inference_edge":"0to2,2to4,4to7","inference_edgeClickLog":"[{\"edgeSelection\":\"0to2\",\"edgeRTMS\":12338},{\"edgeSelection\":\"2to4\",\"edgeRTMS\":14251},{\"edgeSelection\":\"4to7\",\"edgeRTMS\":16413}]","inference_edgeRT":"16413","inference_edge_last":"4to7","task":"experiment","subjectId":"v0e8aud2d10cxs5","trial_type":"external-html","trial_index":19,"time_elapsed":1156262,"internal_node_id":"0.0-9.0-0.11"},{"rt":29306,"url":"../static/nodeGraphs_distractor.html","edge":"2to6","edgeRT":"4914","skip":"false","flipped":"FALSE","index":"12","edgeClickLog":"[{\"edgeSelection\":\"2to6\",\"edgeRTMS\":4389},{\"edgeSelection\":\"2to6\",\"edgeRTMS\":4914}]","trial_id":"incong_3","congruency":"I","trial_group":"10to15","condition":"distractor","inference_edge":"0to2,2to6,6to8","inference_edgeClickLog":"[{\"edgeSelection\":\"0to2\",\"edgeRTMS\":18287},{\"edgeSelection\":\"2to6\",\"edgeRTMS\":19854},{\"edgeSelection\":\"6to8\",\"edgeRTMS\":22829}]","inference_edgeRT":"22829","inference_edge_last":"6to8","task":"experiment","subjectId":"v0e8aud2d10cxs5","trial_type":"external-html","trial_index":20,"time_elapsed":1186725,"internal_node_id":"0.0-9.0-0.12"},{"rt":33133,"url":"../static/nodeGraphs_distractor.html","edge":"4to8","edgeRT":"3984","skip":"false","flipped":"FALSE","index":"13","edgeClickLog":"[{\"edgeSelection\":\"4to8\",\"edgeRTMS\":3984}]","trial_id":"incong_10","congruency":"I","trial_group":"10to15","condition":"distractor","inference_edge":"0to2,2to4,4to8","inference_edgeClickLog":"[{\"edgeSelection\":\"0to2\",\"edgeRTMS\":12198},{\"edgeSelection\":\"2to4\",\"edgeRTMS\":15420},{\"edgeSelection\":\"4to8\",\"edgeRTMS\":21476}]","inference_edgeRT":"21476","inference_edge_last":"4to8","task":"experiment","subjectId":"v0e8aud2d10cxs5","trial_type":"external-html","trial_index":21,"time_elapsed":1221001,"internal_node_id":"0.0-9.0-0.13"},{"rt":32089,"url":"../static/nodeGraphs_distractor.html","edge":"4to8","edgeRT":"2723","skip":"false","flipped":"FALSE","index":"14","edgeClickLog":"[{\"edgeSelection\":\"4to8\",\"edgeRTMS\":2723}]","trial_id":"incong_2","congruency":"I","trial_group":"10to15","condition":"distractor","inference_edge":"0to2,2to4,4to8","inference_edgeClickLog":"[{\"edgeSelection\":\"0to2\",\"edgeRTMS\":22585},{\"edgeSelection\":\"2to4\",\"edgeRTMS\":24788},{\"edgeSelection\":\"4to8\",\"edgeRTMS\":27995}]","inference_edgeRT":"27995","inference_edge_last":"4to8","task":"experiment","subjectId":"v0e8aud2d10cxs5","trial_type":"external-html","trial_index":22,"time_elapsed":1254265,"internal_node_id":"0.0-9.0-0.14"},{"rt":34026,"url":"../static/nodeGraphs_distractor.html","edge":"6to8","edgeRT":"13086","skip":"false","flipped":"FALSE","index":"15","edgeClickLog":"[{\"edgeSelection\":\"0to2\",\"edgeRTMS\":8550},{\"edgeSelection\":\"2to6\",\"edgeRTMS\":10182},{\"edgeSelection\":\"6to8\",\"edgeRTMS\":11644},{\"edgeSelection\":\"6to8\",\"edgeRTMS\":12204},{\"edgeSelection\":\"6to8\",\"edgeRTMS\":12624},{\"edgeSelection\":\"6to8\",\"edgeRTMS\":13086}]","trial_id":"test_0","congruency":"I","trial_group":"15to20","condition":"distractor","inference_edge":"0to2,2to4,4to8","inference_edgeClickLog":"[{\"edgeSelection\":\"0to2\",\"edgeRTMS\":22585},{\"edgeSelection\":\"2to4\",\"edgeRTMS\":24788},{\"edgeSelection\":\"4to8\",\"edgeRTMS\":27995}]","inference_edgeRT":"27995","inference_edge_last":"","task":"experiment","subjectId":"v0e8aud2d10cxs5","trial_type":"external-html","trial_index":23,"time_elapsed":1290561,"internal_node_id":"0.0-9.0-0.15"},{"rt":7111,"url":"../static/nodeGraphs_distractor.html","edge":"3to6","edgeRT":"7042","skip":"false","flipped":"FALSE","index":"16","edgeClickLog":"[{\"edgeSelection\":\"3to6\",\"edgeRTMS\":7042}]","trial_id":"test_1","congruency":"I","trial_group":"15to20","condition":"distractor","inference_edge":"0to2,2to4,4to8","inference_edgeClickLog":"[{\"edgeSelection\":\"0to2\",\"edgeRTMS\":22585},{\"edgeSelection\":\"2to4\",\"edgeRTMS\":24788},{\"edgeSelection\":\"4to8\",\"edgeRTMS\":27995}]","inference_edgeRT":"27995","inference_edge_last":"","task":"experiment","subjectId":"v0e8aud2d10cxs5","trial_type":"external-html","trial_index":24,"time_elapsed":1298822,"internal_node_id":"0.0-9.0-0.16"},{"rt":19610,"url":"../static/nodeGraphs_distractor.html","edge":"3to6","edgeRT":"20217","skip":"false","flipped":"FALSE","index":"17","edgeClickLog":"[{\"edgeSelection\":\"3to6\",\"edgeRTMS\":19348},{\"edgeSelection\":\"3to6\",\"edgeRTMS\":19860},{\"edgeSelection\":\"3to6\",\"edgeRTMS\":20217}]","trial_id":"test_2","congruency":"I","trial_group":"15to20","condition":"distractor","inference_edge":"0to2,2to4,4to8","inference_edgeClickLog":"[{\"edgeSelection\":\"0to2\",\"edgeRTMS\":22585},{\"edgeSelection\":\"2to4\",\"edgeRTMS\":24788},{\"edgeSelection\":\"4to8\",\"edgeRTMS\":27995}]","inference_edgeRT":"27995","inference_edge_last":"","task":"experiment","subjectId":"v0e8aud2d10cxs5","trial_type":"external-html","trial_index":25,"time_elapsed":1320282,"internal_node_id":"0.0-9.0-0.17"},{"rt":7003,"url":"../static/nodeGraphs_distractor.html","edge":"1to5","edgeRT":"7318","skip":"false","flipped":"FALSE","index":"18","edgeClickLog":"[{\"edgeSelection\":\"1to5\",\"edgeRTMS\":7318}]","trial_id":"test_3","congruency":"I","trial_group":"15to20","condition":"distractor","inference_edge":"0to2,2to4,4to8","inference_edgeClickLog":"[{\"edgeSelection\":\"0to2\",\"edgeRTMS\":22585},{\"edgeSelection\":\"2to4\",\"edgeRTMS\":24788},{\"edgeSelection\":\"4to8\",\"edgeRTMS\":27995}]","inference_edgeRT":"27995","inference_edge_last":"","task":"experiment","subjectId":"v0e8aud2d10cxs5","trial_type":"external-html","trial_index":26,"time_elapsed":1329217,"internal_node_id":"0.0-9.0-0.18"},{"rt":8975,"url":"../static/nodeGraphs_distractor.html","edge":"6to9","edgeRT":"9422","skip":"false","flipped":"FALSE","index":"19","edgeClickLog":"[{\"edgeSelection\":\"6to9\",\"edgeRTMS\":9422}]","trial_id":"test_4","congruency":"I","trial_group":"15to20","condition":"distractor","inference_edge":"0to2,2to4,4to8","inference_edgeClickLog":"[{\"edgeSelection\":\"0to2\",\"edgeRTMS\":22585},{\"edgeSelection\":\"2to4\",\"edgeRTMS\":24788},{\"edgeSelection\":\"4to8\",\"edgeRTMS\":27995}]","inference_edgeRT":"27995","inference_edge_last":"","task":"experiment","subjectId":"v0e8aud2d10cxs5","trial_type":"external-html","trial_index":27,"time_elapsed":1339538,"internal_node_id":"0.0-9.0-0.19"},{"rt":77374,"response":{"P0_Q0":null,"P0_Q1":5,"P0_Q2":7,"P0_Q3":7,"P0_Q4":2,"P0_Q5":2,"strategies":"I selected the path with that leads to the highest points being accumulated.","feedback":""},"accuracy":[],"trial_type":"survey","trial_index":28,"time_elapsed":1417474,"internal_node_id":"0.0-10.0"},{"rt":3063,"stimulus":"<p>Thanks for your time!</p>        <p>We need to manually calculate your bonus pay, please give us up to 7 days.</p><p>Press any key to conclude.</p>","response":" ","task":"end","subjectId":"v0e8aud2d10cxs5","trial_type":"html-keyboard-response","trial_index":29,"time_elapsed":1420538,"internal_node_id":"0.0-11.0","interactions":"[{\"event\":\"fullscreenenter\",\"trial\":1,\"time\":4670},{\"event\":\"blur\",\"trial\":4,\"time\":408938},{\"event\":\"focus\",\"trial\":4,\"time\":408939},{\"event\":\"fullscreenexit\",\"trial\":4,\"time\":408955},{\"event\":\"blur\",\"trial\":4,\"time\":413817},{\"event\":\"focus\",\"trial\":4,\"time\":413817},{\"event\":\"blur\",\"trial\":4,\"time\":473032},{\"event\":\"focus\",\"trial\":4,\"time\":474007},{\"event\":\"blur\",\"trial\":4,\"time\":538961},{\"event\":\"focus\",\"trial\":4,\"time\":542822},{\"event\":\"blur\",\"trial\":4,\"time\":543537},{\"event\":\"focus\",\"trial\":4,\"time\":545126},{\"event\":\"blur\",\"trial\":6,\"time\":645928},{\"event\":\"focus\",\"trial\":6,\"time\":651692},{\"event\":\"blur\",\"trial\":7,\"time\":705623},{\"event\":\"focus\",\"trial\":7,\"time\":706899},{\"event\":\"blur\",\"trial\":8,\"time\":771978},{\"event\":\"focus\",\"trial\":8,\"time\":771978},{\"event\":\"blur\",\"trial\":11,\"time\":862138},{\"event\":\"focus\",\"trial\":11,\"time\":862138},{\"event\":\"blur\",\"trial\":13,\"time\":920378},{\"event\":\"focus\",\"trial\":13,\"time\":922206},{\"event\":\"blur\",\"trial\":13,\"time\":936692},{\"event\":\"focus\",\"trial\":13,\"time\":938421},{\"event\":\"blur\",\"trial\":13,\"time\":939009},{\"event\":\"focus\",\"trial\":13,\"time\":940558},{\"event\":\"blur\",\"trial\":19,\"time\":1126275},{\"event\":\"focus\",\"trial\":19,\"time\":1127359},{\"event\":\"blur\",\"trial\":19,\"time\":1147633},{\"event\":\"focus\",\"trial\":19,\"time\":1147633},{\"event\":\"blur\",\"trial\":20,\"time\":1173542},{\"event\":\"focus\",\"trial\":20,\"time\":1173543},{\"event\":\"blur\",\"trial\":20,\"time\":1183434},{\"event\":\"focus\",\"trial\":20,\"time\":1183434},{\"event\":\"blur\",\"trial\":21,\"time\":1205389},{\"event\":\"focus\",\"trial\":21,\"time\":1205390},{\"event\":\"blur\",\"trial\":22,\"time\":1227254},{\"event\":\"focus\",\"trial\":22,\"time\":1234953},{\"event\":\"blur\",\"trial\":25,\"time\":1304686},{\"event\":\"focus\",\"trial\":25,\"time\":1315721},{\"event\":\"blur\",\"trial\":28,\"time\":1377740},{\"event\":\"focus\",\"trial\":28,\"time\":1380868}]"}]