[{"success":true,"timeout":false,"failed_images":[],"failed_audio":[],"failed_video":[],"trial_type":"preload","trial_index":0,"time_elapsed":243,"internal_node_id":"0.0-0.0"},{"success":true,"trial_type":"fullscreen","trial_index":1,"time_elapsed":4296,"internal_node_id":"0.0-1.0"},{"rt":2752,"stimulus":"Welcome to the experiment. Press any key to begin.","response":" ","trial_type":"html-keyboard-response","trial_index":2,"time_elapsed":7051,"internal_node_id":"0.0-2.0"},{"view_history":[{"page_index":0,"viewing_time":4593},{"page_index":1,"viewing_time":4478},{"page_index":2,"viewing_time":18197},{"page_index":3,"viewing_time":7372},{"page_index":4,"viewing_time":2097},{"page_index":5,"viewing_time":1013},{"page_index":6,"viewing_time":2320},{"page_index":7,"viewing_time":6365},{"page_index":8,"viewing_time":8036},{"page_index":9,"viewing_time":10230},{"page_index":10,"viewing_time":4075},{"page_index":11,"viewing_time":2037},{"page_index":12,"viewing_time":1448},{"page_index":13,"viewing_time":4966},{"page_index":14,"viewing_time":8131},{"page_index":15,"viewing_time":5745},{"page_index":16,"viewing_time":1273},{"page_index":17,"viewing_time":707},{"page_index":18,"viewing_time":874},{"page_index":19,"viewing_time":4984},{"page_index":20,"viewing_time":4072},{"page_index":21,"viewing_time":2638}],"rt":105651,"trial_type":"instructions","trial_index":3,"time_elapsed":112707,"internal_node_id":"0.0-3.0"},{"rt":77902,"url":"../static/nodeGraphsTraining_distractor.html","skip":[],"edgeClickLog":[],"inference_edge":[],"inference_edgeClickLog":[],"trial_type":"external-html","trial_index":4,"time_elapsed":190655,"internal_node_id":"0.0-4.0"},{"rt":48369,"response":{"q1":"The goal is to help the student to get the most points.","q2":"True","q3":"Possible edges you, as the teacher, can choose to teach the learner.","q4":"Possible edges you, as the teacher, can choose to teach the learner."},"question_order":[0,1,2,3],"trial_type":"survey-multi-choice","trial_index":5,"time_elapsed":239027,"internal_node_id":"0.0-5.0"},{"rt":38215,"response":{"q1":"The goal is to help the student to get the most points.","q2":"False","q3":"Possible edges you, as the teacher, can choose to teach the learner.","q4":"Edges that the student took before."},"question_order":[0,1,2,3],"trial_type":"survey-multi-choice","trial_index":6,"time_elapsed":277248,"internal_node_id":"0.0-6.0-0.0"},{"rt":5260,"stimulus":"<p>You can take a 60 second break before starting the experiment.</p><br><br><p>This page will advance in 60 seconds or you can press any key to advance now.</p>","response":" ","trial_type":"html-keyboard-response","trial_index":7,"time_elapsed":282509,"internal_node_id":"0.0-7.0"},{"view_history":[{"page_index":0,"viewing_time":5109}],"rt":5109,"trial_type":"instructions","trial_index":8,"time_elapsed":287619,"internal_node_id":"0.0-8.0"},{"rt":20984,"url":"../static/nodeGraphs_distractor.html","edge":"4to8","edgeRT":"6949","skip":"false","flipped":"FALSE","index":"0","edgeClickLog":"[{\"edgeSelection\":\"4to8\",\"edgeRTMS\":6949}]","trial_id":"incong_0","congruency":"I","trial_group":"1to5","condition":"distractor","inference_edge":"1to4,4to7,4to8","inference_edgeClickLog":"[{\"edgeSelection\":\"1to4\",\"edgeRTMS\":9287},{\"edgeSelection\":\"4to7\",\"edgeRTMS\":10308},{\"edgeSelection\":\"4to8\",\"edgeRTMS\":11001}]","inference_edgeRT":"11001","inference_edge_last":"4to8","task":"experiment","subjectId":"n8ufayomg4125y4","trial_type":"external-html","trial_index":9,"time_elapsed":308648,"internal_node_id":"0.0-9.0-0.0"},{"rt":19074,"url":"../static/nodeGraphs_distractor.html","edge":"4to7","edgeRT":"4085","skip":"false","flipped":"FALSE","index":"1","edgeClickLog":"[{\"edgeSelection\":\"4to7\",\"edgeRTMS\":4085}]","trial_id":"incong_5","congruency":"I","trial_group":"1to5","condition":"distractor","inference_edge":"4to8,6to8,4to7","inference_edgeClickLog":"[{\"edgeSelection\":\"4to8\",\"edgeRTMS\":9179},{\"edgeSelection\":\"6to8\",\"edgeRTMS\":10895},{\"edgeSelection\":\"4to7\",\"edgeRTMS\":11894}]","inference_edgeRT":"11894","inference_edge_last":"4to7","task":"experiment","subjectId":"n8ufayomg4125y4","trial_type":"external-html","trial_index":10,"time_elapsed":328271,"internal_node_id":"0.0-9.0-0.1"},{"rt":33425,"url":"../static/nodeGraphs_distractor.html","edge":"6to8","edgeRT":"11624","skip":"false","flipped":"FALSE","index":"2","edgeClickLog":"[{\"edgeSelection\":\"2to5\",\"edgeRTMS\":6203},{\"edgeSelection\":\"2to5\",\"edgeRTMS\":7963},{\"edgeSelection\":\"6to8\",\"edgeRTMS\":11624}]","trial_id":"incong_3","congruency":"I","trial_group":"1to5","condition":"distractor","inference_edge":"4to7,2to4,6to8","inference_edgeClickLog":"[{\"edgeSelection\":\"6to8\",\"edgeRTMS\":6473},{\"edgeSelection\":\"4to7\",\"edgeRTMS\":11349},{\"edgeSelection\":\"1to4\",\"edgeRTMS\":12040},{\"edgeSelection\":\"2to4\",\"edgeRTMS\":14531},{\"edgeSelection\":\"1to4\",\"edgeRTMS\":16185},{\"edgeSelection\":\"6to8\",\"edgeRTMS\":19856}]","inference_edgeRT":"19856","inference_edge_last":"6to8","task":"experiment","subjectId":"n8ufayomg4125y4","trial_type":"external-html","trial_index":11,"time_elapsed":362245,"internal_node_id":"0.0-9.0-0.2"},{"rt":17074,"url":"../static/nodeGraphs_distractor.html","edge":"4to7","edgeRT":"3782","skip":"false","flipped":"FALSE","index":"3","edgeClickLog":"[{\"edgeSelection\":\"4to7\",\"edgeRTMS\":3782}]","trial_id":"incong_10","congruency":"I","trial_group":"1to5","condition":"distractor","inference_edge":"4to7,4to8,5to8","inference_edgeClickLog":"[{\"edgeSelection\":\"4to7\",\"edgeRTMS\":5370},{\"edgeSelection\":\"4to8\",\"edgeRTMS\":8405},{\"edgeSelection\":\"5to8\",\"edgeRTMS\":10936}]","inference_edgeRT":"10936","inference_edge_last":"5to8","task":"experiment","subjectId":"n8ufayomg4125y4","trial_type":"external-html","trial_index":12,"time_elapsed":379870,"internal_node_id":"0.0-9.0-0.3"},{"rt":13920,"url":"../static/nodeGraphs_distractor.html","edge":"4to8","edgeRT":"2163","skip":"false","flipped":"FALSE","index":"4","edgeClickLog":"[{\"edgeSelection\":\"4to8\",\"edgeRTMS\":2163}]","trial_id":"incong_2","congruency":"I","trial_group":"1to5","condition":"distractor","inference_edge":"4to8,6to8,1to4","inference_edgeClickLog":"[{\"edgeSelection\":\"4to8\",\"edgeRTMS\":4014},{\"edgeSelection\":\"6to8\",\"edgeRTMS\":5144},{\"edgeSelection\":\"1to4\",\"edgeRTMS\":10526}]","inference_edgeRT":"10526","inference_edge_last":"1to4","task":"experiment","subjectId":"n8ufayomg4125y4","trial_type":"external-html","trial_index":13,"time_elapsed":394338,"internal_node_id":"0.0-9.0-0.4"},{"rt":9109,"url":"../static/nodeGraphs_distractor.html","edge":"6to8","edgeRT":"1815","skip":"false","flipped":"TRUE","index":"5","edgeClickLog":"[{\"edgeSelection\":\"6to8\",\"edgeRTMS\":1815}]","trial_id":"incong_0_flipped","congruency":"I","trial_group":"5to10","condition":"distractor","inference_edge":"6to8,5to8,5to9","inference_edgeClickLog":"[{\"edgeSelection\":\"6to8\",\"edgeRTMS\":3026},{\"edgeSelection\":\"5to8\",\"edgeRTMS\":4904},{\"edgeSelection\":\"5to9\",\"edgeRTMS\":5952}]","inference_edgeRT":"5952","inference_edge_last":"5to9","task":"experiment","subjectId":"n8ufayomg4125y4","trial_type":"external-html","trial_index":14,"time_elapsed":403992,"internal_node_id":"0.0-9.0-0.5"},{"rt":11799,"url":"../static/nodeGraphs_distractor.html","edge":"6to8","edgeRT":"1929","skip":"false","flipped":"TRUE","index":"6","edgeClickLog":"[{\"edgeSelection\":\"6to8\",\"edgeRTMS\":1929}]","trial_id":"incong_5_flipped","congruency":"I","trial_group":"5to10","condition":"distractor","inference_edge":"4to8,6to8,4to7","inference_edgeClickLog":"[{\"edgeSelection\":\"4to8\",\"edgeRTMS\":3884},{\"edgeSelection\":\"6to8\",\"edgeRTMS\":6921},{\"edgeSelection\":\"4to7\",\"edgeRTMS\":8026}]","inference_edgeRT":"8026","inference_edge_last":"4to7","task":"experiment","subjectId":"n8ufayomg4125y4","trial_type":"external-html","trial_index":15,"time_elapsed":416331,"internal_node_id":"0.0-9.0-0.6"},{"rt":20090,"url":"../static/nodeGraphs_distractor.html","edge":"4to8","edgeRT":"4612","skip":"false","flipped":"TRUE","index":"7","edgeClickLog":"[{\"edgeSelection\":\"5to7\",\"edgeRTMS\":3069},{\"edgeSelection\":\"4to8\",\"edgeRTMS\":4612}]","trial_id":"incong_3_flipped","congruency":"I","trial_group":"5to10","condition":"distractor","inference_edge":"4to8,2to5,6to9","inference_edgeClickLog":"[{\"edgeSelection\":\"4to8\",\"edgeRTMS\":3018},{\"edgeSelection\":\"2to5\",\"edgeRTMS\":6689},{\"edgeSelection\":\"3to6\",\"edgeRTMS\":10941},{\"edgeSelection\":\"3to6\",\"edgeRTMS\":12676},{\"edgeSelection\":\"6to9\",\"edgeRTMS\":13626}]","inference_edgeRT":"13626","inference_edge_last":"6to9","task":"experiment","subjectId":"n8ufayomg4125y4","trial_type":"external-html","trial_index":16,"time_elapsed":436966,"internal_node_id":"0.0-9.0-0.7"},{"rt":8612,"url":"../static/nodeGraphs_distractor.html","edge":"6to8","edgeRT":"1858","skip":"false","flipped":"TRUE","index":"8","edgeClickLog":"[{\"edgeSelection\":\"6to8\",\"edgeRTMS\":1858}]","trial_id":"incong_10_flipped","congruency":"I","trial_group":"5to10","condition":"distractor","inference_edge":"6to8,4to8,4to7","inference_edgeClickLog":"[{\"edgeSelection\":\"6to8\",\"edgeRTMS\":3281},{\"edgeSelection\":\"4to8\",\"edgeRTMS\":4520},{\"edgeSelection\":\"4to7\",\"edgeRTMS\":6018}]","inference_edgeRT":"6018","inference_edge_last":"4to7","task":"experiment","subjectId":"n8ufayomg4125y4","trial_type":"external-html","trial_index":17,"time_elapsed":446127,"internal_node_id":"0.0-9.0-0.8"},{"rt":6748,"url":"../static/nodeGraphs_distractor.html","edge":"6to8","edgeRT":"821","skip":"false","flipped":"TRUE","index":"9","edgeClickLog":"[{\"edgeSelection\":\"6to8\",\"edgeRTMS\":821}]","trial_id":"incong_2_flipped","congruency":"I","trial_group":"5to10","condition":"distractor","inference_edge":"4to8,4to7,6to8","inference_edgeClickLog":"[{\"edgeSelection\":\"4to8\",\"edgeRTMS\":3105},{\"edgeSelection\":\"4to7\",\"edgeRTMS\":4270},{\"edgeSelection\":\"6to8\",\"edgeRTMS\":5150}]","inference_edgeRT":"5150","inference_edge_last":"6to8","task":"experiment","subjectId":"n8ufayomg4125y4","trial_type":"external-html","trial_index":18,"time_elapsed":453423,"internal_node_id":"0.0-9.0-0.9"},{"rt":10013,"url":"../static/nodeGraphs_distractor.html","edge":"4to7","edgeRT":"1470","skip":"false","flipped":"FALSE","index":"10","edgeClickLog":"[{\"edgeSelection\":\"4to7\",\"edgeRTMS\":1470}]","trial_id":"incong_0","congruency":"I","trial_group":"10to15","condition":"distractor","inference_edge":"4to7,4to8,5to8","inference_edgeClickLog":"[{\"edgeSelection\":\"4to7\",\"edgeRTMS\":3745},{\"edgeSelection\":\"4to8\",\"edgeRTMS\":4715},{\"edgeSelection\":\"5to8\",\"edgeRTMS\":7454}]","inference_edgeRT":"7454","inference_edge_last":"5to8","task":"experiment","subjectId":"n8ufayomg4125y4","trial_type":"external-html","trial_index":19,"time_elapsed":463986,"internal_node_id":"0.0-9.0-0.10"},{"rt":5571,"url":"../static/nodeGraphs_distractor.html","edge":"4to8","edgeRT":"734","skip":"false","flipped":"FALSE","index":"11","edgeClickLog":"[{\"edgeSelection\":\"4to8\",\"edgeRTMS\":734}]","trial_id":"incong_5","congruency":"I","trial_group":"10to15","condition":"distractor","inference_edge":"4to7,4to8,6to8","inference_edgeClickLog":"[{\"edgeSelection\":\"4to7\",\"edgeRTMS\":2213},{\"edgeSelection\":\"4to8\",\"edgeRTMS\":3267},{\"edgeSelection\":\"6to8\",\"edgeRTMS\":4058}]","inference_edgeRT":"4058","inference_edge_last":"6to8","task":"experiment","subjectId":"n8ufayomg4125y4","trial_type":"external-html","trial_index":20,"time_elapsed":470100,"internal_node_id":"0.0-9.0-0.11"},{"rt":7644,"url":"../static/nodeGraphs_distractor.html","edge":"6to8","edgeRT":"868","skip":"false","flipped":"FALSE","index":"12","edgeClickLog":"[{\"edgeSelection\":\"6to8\",\"edgeRTMS\":868}]","trial_id":"incong_3","congruency":"I","trial_group":"10to15","condition":"distractor","inference_edge":"2to5,6to8,4to7","inference_edgeClickLog":"[{\"edgeSelection\":\"2to5\",\"edgeRTMS\":3649},{\"edgeSelection\":\"6to8\",\"edgeRTMS\":4405},{\"edgeSelection\":\"4to7\",\"edgeRTMS\":5931}]","inference_edgeRT":"5931","inference_edge_last":"4to7","task":"experiment","subjectId":"n8ufayomg4125y4","trial_type":"external-html","trial_index":21,"time_elapsed":478289,"internal_node_id":"0.0-9.0-0.12"},{"rt":6270,"url":"../static/nodeGraphs_distractor.html","edge":"4to8","edgeRT":"950","skip":"false","flipped":"FALSE","index":"13","edgeClickLog":"[{\"edgeSelection\":\"4to8\",\"edgeRTMS\":950}]","trial_id":"incong_10","congruency":"I","trial_group":"10to15","condition":"distractor","inference_edge":"4to8,4to7,6to8","inference_edgeClickLog":"[{\"edgeSelection\":\"4to8\",\"edgeRTMS\":2759},{\"edgeSelection\":\"4to7\",\"edgeRTMS\":3583},{\"edgeSelection\":\"6to8\",\"edgeRTMS\":4324}]","inference_edgeRT":"4324","inference_edge_last":"6to8","task":"experiment","subjectId":"n8ufayomg4125y4","trial_type":"external-html","trial_index":22,"time_elapsed":485107,"internal_node_id":"0.0-9.0-0.13"},{"rt":8726,"url":"../static/nodeGraphs_distractor.html","edge":"4to8","edgeRT":"1440","skip":"false","flipped":"FALSE","index":"14","edgeClickLog":"[{\"edgeSelection\":\"4to8\",\"edgeRTMS\":1440}]","trial_id":"incong_2","congruency":"I","trial_group":"10to15","condition":"distractor","inference_edge":"4to8,6to8,4to7","inference_edgeClickLog":"[{\"edgeSelection\":\"4to8\",\"edgeRTMS\":2490},{\"edgeSelection\":\"6to8\",\"edgeRTMS\":4236},{\"edgeSelection\":\"4to7\",\"edgeRTMS\":6442}]","inference_edgeRT":"6442","inference_edge_last":"4to7","task":"experiment","subjectId":"n8ufayomg4125y4","trial_type":"external-html","trial_index":23,"time_elapsed":494379,"internal_node_id":"0.0-9.0-0.14"},{"rt":11112,"url":"../static/nodeGraphs_distractor.html","edge":"6to8","edgeRT":"1597","skip":"false","flipped":"FALSE","index":"15","edgeClickLog":"[{\"edgeSelection\":\"6to8\",\"edgeRTMS\":1597}]","trial_id":"test_0","congruency":"I","trial_group":"15to20","condition":"distractor","inference_edge":"4to8,6to8,4to7","inference_edgeClickLog":"[{\"edgeSelection\":\"4to8\",\"edgeRTMS\":2490},{\"edgeSelection\":\"6to8\",\"edgeRTMS\":4236},{\"edgeSelection\":\"4to7\",\"edgeRTMS\":6442}]","inference_edgeRT":"6442","inference_edge_last":"","task":"experiment","subjectId":"n8ufayomg4125y4","trial_type":"external-html","trial_index":24,"time_elapsed":506035,"internal_node_id":"0.0-9.0-0.15"},{"rt":12921,"url":"../static/nodeGraphs_distractor.html","edge":"2to6","edgeRT":"11273","skip":"false","flipped":"FALSE","index":"16","edgeClickLog":"[{\"edgeSelection\":\"2to6\",\"edgeRTMS\":11273}]","trial_id":"test_1","congruency":"I","trial_group":"15to20","condition":"distractor","inference_edge":"4to8,6to8,4to7","inference_edgeClickLog":"[{\"edgeSelection\":\"4to8\",\"edgeRTMS\":2490},{\"edgeSelection\":\"6to8\",\"edgeRTMS\":4236},{\"edgeSelection\":\"4to7\",\"edgeRTMS\":6442}]","inference_edgeRT":"6442","inference_edge_last":"","task":"experiment","subjectId":"n8ufayomg4125y4","trial_type":"external-html","trial_index":25,"time_elapsed":519508,"internal_node_id":"0.0-9.0-0.16"},{"rt":4013,"url":"../static/nodeGraphs_distractor.html","edge":"6to8","edgeRT":"3616","skip":"false","flipped":"FALSE","index":"17","edgeClickLog":"[{\"edgeSelection\":\"6to8\",\"edgeRTMS\":3616}]","trial_id":"test_2","congruency":"I","trial_group":"15to20","condition":"distractor","inference_edge":"4to8,6to8,4to7","inference_edgeClickLog":"[{\"edgeSelection\":\"4to8\",\"edgeRTMS\":2490},{\"edgeSelection\":\"6to8\",\"edgeRTMS\":4236},{\"edgeSelection\":\"4to7\",\"edgeRTMS\":6442}]","inference_edgeRT":"6442","inference_edge_last":"","task":"experiment","subjectId":"n8ufayomg4125y4","trial_type":"external-html","trial_index":26,"time_elapsed":524072,"internal_node_id":"0.0-9.0-0.17"},{"rt":7723,"url":"../static/nodeGraphs_distractor.html","edge":"1to5","edgeRT":"5916","skip":"false","flipped":"FALSE","index":"18","edgeClickLog":"[{\"edgeSelection\":\"1to5\",\"edgeRTMS\":5916}]","trial_id":"test_3","congruency":"I","trial_group":"15to20","condition":"distractor","inference_edge":"4to8,6to8,4to7","inference_edgeClickLog":"[{\"edgeSelection\":\"4to8\",\"edgeRTMS\":2490},{\"edgeSelection\":\"6to8\",\"edgeRTMS\":4236},{\"edgeSelection\":\"4to7\",\"edgeRTMS\":6442}]","inference_edgeRT":"6442","inference_edge_last":"","task":"experiment","subjectId":"n8ufayomg4125y4","trial_type":"external-html","trial_index":27,"time_elapsed":532443,"internal_node_id":"0.0-9.0-0.18"},{"rt":4009,"url":"../static/nodeGraphs_distractor.html","edge":"6to9","edgeRT":"3833","skip":"false","flipped":"FALSE","index":"19","edgeClickLog":"[{\"edgeSelection\":\"6to9\",\"edgeRTMS\":3833}]","trial_id":"test_4","congruency":"I","trial_group":"15to20","condition":"distractor","inference_edge":"4to8,6to8,4to7","inference_edgeClickLog":"[{\"edgeSelection\":\"4to8\",\"edgeRTMS\":2490},{\"edgeSelection\":\"6to8\",\"edgeRTMS\":4236},{\"edgeSelection\":\"4to7\",\"edgeRTMS\":6442}]","inference_edgeRT":"6442","inference_edge_last":"","task":"experiment","subjectId":"n8ufayomg4125y4","trial_type":"external-html","trial_index":28,"time_elapsed":536997,"internal_node_id":"0.0-9.0-0.19"},{"rt":20362,"response":{"P0_Q0":null,"P0_Q1":7,"P0_Q2":6,"P0_Q3":3,"P0_Q4":7,"P0_Q5":6,"strategies":"highest amount of points ","feedback":"no"},"accuracy":[],"trial_type":"survey","trial_index":29,"time_elapsed":557934,"internal_node_id":"0.0-10.0"},{"rt":3760,"stimulus":"<p>Thanks for your time!</p>        <p>We need to manually calculate your bonus pay, please give us up to 7 days.</p><p>Press any key to conclude.</p>","response":" ","task":"end","subjectId":"n8ufayomg4125y4","trial_type":"html-keyboard-response","trial_index":30,"time_elapsed":561696,"internal_node_id":"0.0-11.0","interactions":"[{\"event\":\"blur\",\"trial\":1,\"time\":3543},{\"event\":\"focus\",\"trial\":1,\"time\":3563},{\"event\":\"fullscreenenter\",\"trial\":1,\"time\":3648},{\"event\":\"blur\",\"trial\":16,\"time\":426389},{\"event\":\"focus\",\"trial\":16,\"time\":426389}]"}]