[{"success":true,"timeout":false,"failed_images":[],"failed_audio":[],"failed_video":[],"trial_type":"preload","trial_index":0,"time_elapsed":1179,"internal_node_id":"0.0-0.0"},{"success":true,"trial_type":"fullscreen","trial_index":1,"time_elapsed":5957,"internal_node_id":"0.0-1.0"},{"rt":1981,"stimulus":"Welcome to the experiment. Press any key to begin.","response":" ","trial_type":"html-keyboard-response","trial_index":2,"time_elapsed":7939,"internal_node_id":"0.0-2.0"},{"view_history":[{"page_index":0,"viewing_time":120839},{"page_index":1,"viewing_time":942464},{"page_index":2,"viewing_time":65326},{"page_index":3,"viewing_time":4611},{"page_index":4,"viewing_time":1878},{"page_index":5,"viewing_time":894},{"page_index":6,"viewing_time":3274},{"page_index":7,"viewing_time":23129},{"page_index":8,"viewing_time":24730},{"page_index":9,"viewing_time":20431},{"page_index":10,"viewing_time":2259},{"page_index":11,"viewing_time":746},{"page_index":12,"viewing_time":606},{"page_index":13,"viewing_time":8774},{"page_index":14,"viewing_time":11239},{"page_index":15,"viewing_time":9895},{"page_index":16,"viewing_time":3042},{"page_index":17,"viewing_time":764},{"page_index":18,"viewing_time":779},{"page_index":19,"viewing_time":7318},{"page_index":20,"viewing_time":15686},{"page_index":21,"viewing_time":8143}],"rt":1276826,"trial_type":"instructions","trial_index":3,"time_elapsed":1284766,"internal_node_id":"0.0-3.0"},{"rt":305978,"url":"../static/nodeGraphsTraining_scaffolding.html","skip":[],"edgeClickLog":[],"inference_edge":[],"inference_edgeClickLog":[],"trial_type":"external-html","trial_index":4,"time_elapsed":1591446,"internal_node_id":"0.0-4.0"},{"rt":131641,"response":{"q1":"The goal is to help the student to get the most points.","q2":"False","q3":"Possible edges you, as the teacher, can choose to teach the learner.","q4":"Edges that the student took before."},"question_order":[0,1,2,3],"trial_type":"survey-multi-choice","trial_index":5,"time_elapsed":1723090,"internal_node_id":"0.0-5.0"},{"rt":6916,"stimulus":"<p>You can take a 60 second break before starting the experiment.</p><br><br><p>This page will advance in 60 seconds or you can press any key to advance now.</p>","response":" ","trial_type":"html-keyboard-response","trial_index":6,"time_elapsed":1730008,"internal_node_id":"0.0-7.0"},{"view_history":[{"page_index":0,"viewing_time":58385}],"rt":58386,"trial_type":"instructions","trial_index":7,"time_elapsed":1788394,"internal_node_id":"0.0-8.0"},{"rt":31331,"url":"../static/nodeGraphs_scaffolding.html","edge":"1to4","edgeRT":"10761","skip":"false","flipped":"FALSE","index":"0","edgeClickLog":"[{\"edgeSelection\":\"1to4\",\"edgeRTMS\":10761}]","trial_id":"cong_0","congruency":"C","trial_group":"1to5","condition":"scaffolding","inference_edge":"1to4,4to8,4to7","inference_edgeClickLog":"[{\"edgeSelection\":\"1to4\",\"edgeRTMS\":9858},{\"edgeSelection\":\"4to8\",\"edgeRTMS\":13907},{\"edgeSelection\":\"4to7\",\"edgeRTMS\":15402}]","inference_edgeRT":"15402","inference_edge_last":"4to7","task":"experiment","subjectId":"v1yr8d4nzpme08e","trial_type":"external-html","trial_index":8,"time_elapsed":1820241,"internal_node_id":"0.0-9.0-0.0"},{"rt":31638,"url":"../static/nodeGraphs_scaffolding.html","edge":"2to6","edgeRT":"8989","skip":"false","flipped":"FALSE","index":"1","edgeClickLog":"[{\"edgeSelection\":\"2to6\",\"edgeRTMS\":8989}]","trial_id":"cong_1","congruency":"C","trial_group":"1to5","condition":"scaffolding","inference_edge":"2to6,2to4,4to7","inference_edgeClickLog":"[{\"edgeSelection\":\"2to6\",\"edgeRTMS\":11352},{\"edgeSelection\":\"2to4\",\"edgeRTMS\":16304},{\"edgeSelection\":\"4to7\",\"edgeRTMS\":18590}]","inference_edgeRT":"18590","inference_edge_last":"4to7","task":"experiment","subjectId":"v1yr8d4nzpme08e","trial_type":"external-html","trial_index":9,"time_elapsed":1852595,"internal_node_id":"0.0-9.0-0.1"},{"rt":37292,"url":"../static/nodeGraphs_scaffolding.html","edge":"2to5","edgeRT":"5101","skip":"false","flipped":"FALSE","index":"2","edgeClickLog":"[{\"edgeSelection\":\"2to5\",\"edgeRTMS\":5101}]","trial_id":"cong_6","congruency":"C","trial_group":"1to5","condition":"scaffolding","inference_edge":"2to5,4to7,5to7","inference_edgeClickLog":"[{\"edgeSelection\":\"2to5\",\"edgeRTMS\":10966},{\"edgeSelection\":\"4to7\",\"edgeRTMS\":18132},{\"edgeSelection\":\"5to7\",\"edgeRTMS\":27113}]","inference_edgeRT":"27113","inference_edge_last":"5to7","task":"experiment","subjectId":"v1yr8d4nzpme08e","trial_type":"external-html","trial_index":10,"time_elapsed":1890680,"internal_node_id":"0.0-9.0-0.2"},{"rt":25822,"url":"../static/nodeGraphs_scaffolding.html","edge":"2to4","edgeRT":"6487","skip":"false","flipped":"FALSE","index":"3","edgeClickLog":"[{\"edgeSelection\":\"2to4\",\"edgeRTMS\":6487}]","trial_id":"cong_4","congruency":"C","trial_group":"1to5","condition":"scaffolding","inference_edge":"2to4,4to8,5to8","inference_edgeClickLog":"[{\"edgeSelection\":\"2to4\",\"edgeRTMS\":8329},{\"edgeSelection\":\"4to8\",\"edgeRTMS\":14579},{\"edgeSelection\":\"5to8\",\"edgeRTMS\":17306}]","inference_edgeRT":"17306","inference_edge_last":"5to8","task":"experiment","subjectId":"v1yr8d4nzpme08e","trial_type":"external-html","trial_index":11,"time_elapsed":1917213,"internal_node_id":"0.0-9.0-0.3"},{"rt":23153,"url":"../static/nodeGraphs_scaffolding.html","edge":"2to5","edgeRT":"3940","skip":"false","flipped":"FALSE","index":"4","edgeClickLog":"[{\"edgeSelection\":\"2to5\",\"edgeRTMS\":3940}]","trial_id":"cong_9","congruency":"C","trial_group":"1to5","condition":"scaffolding","inference_edge":"2to5,5to8,5to9","inference_edgeClickLog":"[{\"edgeSelection\":\"2to5\",\"edgeRTMS\":9242},{\"edgeSelection\":\"5to8\",\"edgeRTMS\":10412},{\"edgeSelection\":\"5to9\",\"edgeRTMS\":16806}]","inference_edgeRT":"16806","inference_edge_last":"5to9","task":"experiment","subjectId":"v1yr8d4nzpme08e","trial_type":"external-html","trial_index":12,"time_elapsed":1941171,"internal_node_id":"0.0-9.0-0.4"},{"rt":44068,"url":"../static/nodeGraphs_scaffolding.html","edge":"2to6","edgeRT":"9687","skip":"false","flipped":"TRUE","index":"5","edgeClickLog":"[{\"edgeSelection\":\"3to6\",\"edgeRTMS\":2527},{\"edgeSelection\":\"3to6\",\"edgeRTMS\":5992},{\"edgeSelection\":\"3to6\",\"edgeRTMS\":8196},{\"edgeSelection\":\"2to6\",\"edgeRTMS\":9687}]","trial_id":"cong_0_flipped","congruency":"C","trial_group":"5to10","condition":"scaffolding","inference_edge":"3to6,6to8,2to6","inference_edgeClickLog":"[{\"edgeSelection\":\"3to6\",\"edgeRTMS\":7483},{\"edgeSelection\":\"6to8\",\"edgeRTMS\":18209},{\"edgeSelection\":\"6to9\",\"edgeRTMS\":20695},{\"edgeSelection\":\"6to9\",\"edgeRTMS\":28072},{\"edgeSelection\":\"2to6\",\"edgeRTMS\":31776}]","inference_edgeRT":"31776","inference_edge_last":"2to6","task":"experiment","subjectId":"v1yr8d4nzpme08e","trial_type":"external-html","trial_index":13,"time_elapsed":1986100,"internal_node_id":"0.0-9.0-0.5"},{"rt":38962,"url":"../static/nodeGraphs_scaffolding.html","edge":"2to4","edgeRT":"1993","skip":"false","flipped":"TRUE","index":"6","edgeClickLog":"[{\"edgeSelection\":\"2to4\",\"edgeRTMS\":1993}]","trial_id":"cong_1_flipped","congruency":"C","trial_group":"5to10","condition":"scaffolding","inference_edge":"2to4,4to7,2to6","inference_edgeClickLog":"[{\"edgeSelection\":\"2to4\",\"edgeRTMS\":7963},{\"edgeSelection\":\"4to7\",\"edgeRTMS\":32232},{\"edgeSelection\":\"2to6\",\"edgeRTMS\":34714}]","inference_edgeRT":"34714","inference_edge_last":"2to6","task":"experiment","subjectId":"v1yr8d4nzpme08e","trial_type":"external-html","trial_index":14,"time_elapsed":2025705,"internal_node_id":"0.0-9.0-0.6"},{"rt":48171,"url":"../static/nodeGraphs_scaffolding.html","edge":"2to5","edgeRT":"9417","skip":"false","flipped":"TRUE","index":"7","edgeClickLog":"[{\"edgeSelection\":\"0to3\",\"edgeRTMS\":3068},{\"edgeSelection\":\"2to5\",\"edgeRTMS\":9417}]","trial_id":"cong_6_flipped","congruency":"C","trial_group":"5to10","condition":"scaffolding","inference_edge":"3to5,5to7,0to3","inference_edgeClickLog":"[{\"edgeSelection\":\"2to5\",\"edgeRTMS\":5319},{\"edgeSelection\":\"5to7\",\"edgeRTMS\":11435},{\"edgeSelection\":\"3to5\",\"edgeRTMS\":14473},{\"edgeSelection\":\"0to3\",\"edgeRTMS\":23060},{\"edgeSelection\":\"2to5\",\"edgeRTMS\":25392},{\"edgeSelection\":\"3to5\",\"edgeRTMS\":26681},{\"edgeSelection\":\"3to5\",\"edgeRTMS\":29867},{\"edgeSelection\":\"5to7\",\"edgeRTMS\":31639},{\"edgeSelection\":\"2to5\",\"edgeRTMS\":33066},{\"edgeSelection\":\"0to3\",\"edgeRTMS\":34579}]","inference_edgeRT":"34579","inference_edge_last":"0to3","task":"experiment","subjectId":"v1yr8d4nzpme08e","trial_type":"external-html","trial_index":15,"time_elapsed":2074627,"internal_node_id":"0.0-9.0-0.7"},{"rt":42566,"url":"../static/nodeGraphs_scaffolding.html","edge":"2to6","edgeRT":"2264","skip":"false","flipped":"TRUE","index":"8","edgeClickLog":"[{\"edgeSelection\":\"2to6\",\"edgeRTMS\":2264}]","trial_id":"cong_4_flipped","congruency":"C","trial_group":"5to10","condition":"scaffolding","inference_edge":"2to6,2to4,4to8","inference_edgeClickLog":"[{\"edgeSelection\":\"2to6\",\"edgeRTMS\":7395},{\"edgeSelection\":\"2to4\",\"edgeRTMS\":35512},{\"edgeSelection\":\"4to8\",\"edgeRTMS\":38419}]","inference_edgeRT":"38419","inference_edge_last":"4to8","task":"experiment","subjectId":"v1yr8d4nzpme08e","trial_type":"external-html","trial_index":16,"time_elapsed":2117857,"internal_node_id":"0.0-9.0-0.8"},{"rt":54571,"url":"../static/nodeGraphs_scaffolding.html","edge":"0to1","edgeRT":"7452","skip":"false","flipped":"TRUE","index":"9","edgeClickLog":"[{\"edgeSelection\":\"0to1\",\"edgeRTMS\":7452}]","trial_id":"cong_9_flipped","congruency":"C","trial_group":"5to10","condition":"scaffolding","inference_edge":"0to1,2to5,5to8","inference_edgeClickLog":"[{\"edgeSelection\":\"0to1\",\"edgeRTMS\":15652},{\"edgeSelection\":\"2to5\",\"edgeRTMS\":37995},{\"edgeSelection\":\"5to8\",\"edgeRTMS\":44161}]","inference_edgeRT":"44161","inference_edge_last":"5to8","task":"experiment","subjectId":"v1yr8d4nzpme08e","trial_type":"external-html","trial_index":17,"time_elapsed":2173201,"internal_node_id":"0.0-9.0-0.9"},{"rt":35564,"url":"../static/nodeGraphs_scaffolding.html","edge":"1to4","edgeRT":"4782","skip":"false","flipped":"FALSE","index":"10","edgeClickLog":"[{\"edgeSelection\":\"1to4\",\"edgeRTMS\":4782}]","trial_id":"cong_0","congruency":"C","trial_group":"10to15","condition":"scaffolding","inference_edge":"0to2,1to4,5to8","inference_edgeClickLog":"[{\"edgeSelection\":\"0to2\",\"edgeRTMS\":15338},{\"edgeSelection\":\"1to4\",\"edgeRTMS\":17740},{\"edgeSelection\":\"5to8\",\"edgeRTMS\":26603}]","inference_edgeRT":"26603","inference_edge_last":"5to8","task":"experiment","subjectId":"v1yr8d4nzpme08e","trial_type":"external-html","trial_index":18,"time_elapsed":2209457,"internal_node_id":"0.0-9.0-0.10"},{"rt":57152,"url":"../static/nodeGraphs_scaffolding.html","edge":"2to6","edgeRT":"1943","skip":"false","flipped":"FALSE","index":"11","edgeClickLog":"[{\"edgeSelection\":\"2to6\",\"edgeRTMS\":1943}]","trial_id":"cong_1","congruency":"C","trial_group":"10to15","condition":"scaffolding","inference_edge":"2to6,1to4,2to4","inference_edgeClickLog":"[{\"edgeSelection\":\"2to6\",\"edgeRTMS\":8807},{\"edgeSelection\":\"1to4\",\"edgeRTMS\":40713},{\"edgeSelection\":\"2to4\",\"edgeRTMS\":51086}]","inference_edgeRT":"51086","inference_edge_last":"2to4","task":"experiment","subjectId":"v1yr8d4nzpme08e","trial_type":"external-html","trial_index":19,"time_elapsed":2267283,"internal_node_id":"0.0-9.0-0.11"},{"rt":42929,"url":"../static/nodeGraphs_scaffolding.html","edge":"2to5","edgeRT":"3735","skip":"false","flipped":"FALSE","index":"12","edgeClickLog":"[{\"edgeSelection\":\"2to5\",\"edgeRTMS\":3735}]","trial_id":"cong_6","congruency":"C","trial_group":"10to15","condition":"scaffolding","inference_edge":"2to5,4to7,5to7","inference_edgeClickLog":"[{\"edgeSelection\":\"2to5\",\"edgeRTMS\":8810},{\"edgeSelection\":\"4to7\",\"edgeRTMS\":24416},{\"edgeSelection\":\"5to7\",\"edgeRTMS\":28542}]","inference_edgeRT":"28542","inference_edge_last":"5to7","task":"experiment","subjectId":"v1yr8d4nzpme08e","trial_type":"external-html","trial_index":20,"time_elapsed":2310930,"internal_node_id":"0.0-9.0-0.12"},{"rt":37617,"url":"../static/nodeGraphs_scaffolding.html","edge":"2to4","edgeRT":"9840","skip":"false","flipped":"FALSE","index":"13","edgeClickLog":"[{\"edgeSelection\":\"2to4\",\"edgeRTMS\":9840}]","trial_id":"cong_4","congruency":"C","trial_group":"10to15","condition":"scaffolding","inference_edge":"2to4,0to1,5to8","inference_edgeClickLog":"[{\"edgeSelection\":\"2to4\",\"edgeRTMS\":11677},{\"edgeSelection\":\"0to1\",\"edgeRTMS\":15138},{\"edgeSelection\":\"5to8\",\"edgeRTMS\":19795}]","inference_edgeRT":"19795","inference_edge_last":"5to8","task":"experiment","subjectId":"v1yr8d4nzpme08e","trial_type":"external-html","trial_index":21,"time_elapsed":2349252,"internal_node_id":"0.0-9.0-0.13"},{"rt":54778,"url":"../static/nodeGraphs_scaffolding.html","edge":"2to5","edgeRT":"4398","skip":"false","flipped":"FALSE","index":"14","edgeClickLog":"[{\"edgeSelection\":\"2to5\",\"edgeRTMS\":4398}]","trial_id":"cong_9","congruency":"C","trial_group":"10to15","condition":"scaffolding","inference_edge":"2to5,3to5,5to8","inference_edgeClickLog":"[{\"edgeSelection\":\"2to5\",\"edgeRTMS\":7203},{\"edgeSelection\":\"3to5\",\"edgeRTMS\":41444},{\"edgeSelection\":\"5to8\",\"edgeRTMS\":47620}]","inference_edgeRT":"47620","inference_edge_last":"5to8","task":"experiment","subjectId":"v1yr8d4nzpme08e","trial_type":"external-html","trial_index":22,"time_elapsed":2404728,"internal_node_id":"0.0-9.0-0.14"},{"rt":41473,"url":"../static/nodeGraphs_scaffolding.html","edge":"0to2","edgeRT":"25746","skip":"false","flipped":"FALSE","index":"15","edgeClickLog":"[{\"edgeSelection\":\"0to2\",\"edgeRTMS\":25746}]","trial_id":"test_0","congruency":"I","trial_group":"15to20","condition":"scaffolding","inference_edge":"2to5,3to5,5to8","inference_edgeClickLog":"[{\"edgeSelection\":\"2to5\",\"edgeRTMS\":7203},{\"edgeSelection\":\"3to5\",\"edgeRTMS\":41444},{\"edgeSelection\":\"5to8\",\"edgeRTMS\":47620}]","inference_edgeRT":"47620","inference_edge_last":"","task":"experiment","subjectId":"v1yr8d4nzpme08e","trial_type":"external-html","trial_index":23,"time_elapsed":2446893,"internal_node_id":"0.0-9.0-0.15"},{"rt":32015,"url":"../static/nodeGraphs_scaffolding.html","edge":"0to3","edgeRT":"30488","skip":"false","flipped":"FALSE","index":"16","edgeClickLog":"[{\"edgeSelection\":\"0to3\",\"edgeRTMS\":30488}]","trial_id":"test_1","congruency":"I","trial_group":"15to20","condition":"scaffolding","inference_edge":"2to5,3to5,5to8","inference_edgeClickLog":"[{\"edgeSelection\":\"2to5\",\"edgeRTMS\":7203},{\"edgeSelection\":\"3to5\",\"edgeRTMS\":41444},{\"edgeSelection\":\"5to8\",\"edgeRTMS\":47620}]","inference_edgeRT":"47620","inference_edge_last":"","task":"experiment","subjectId":"v1yr8d4nzpme08e","trial_type":"external-html","trial_index":24,"time_elapsed":2479586,"internal_node_id":"0.0-9.0-0.16"},{"rt":17093,"url":"../static/nodeGraphs_scaffolding.html","edge":"0to3","edgeRT":"11135","skip":"false","flipped":"FALSE","index":"17","edgeClickLog":"[{\"edgeSelection\":\"0to3\",\"edgeRTMS\":11135}]","trial_id":"test_2","congruency":"I","trial_group":"15to20","condition":"scaffolding","inference_edge":"2to5,3to5,5to8","inference_edgeClickLog":"[{\"edgeSelection\":\"2to5\",\"edgeRTMS\":7203},{\"edgeSelection\":\"3to5\",\"edgeRTMS\":41444},{\"edgeSelection\":\"5to8\",\"edgeRTMS\":47620}]","inference_edgeRT":"47620","inference_edge_last":"","task":"experiment","subjectId":"v1yr8d4nzpme08e","trial_type":"external-html","trial_index":25,"time_elapsed":2497356,"internal_node_id":"0.0-9.0-0.17"},{"rt":24238,"url":"../static/nodeGraphs_scaffolding.html","edge":"0to1","edgeRT":"21149","skip":"false","flipped":"FALSE","index":"18","edgeClickLog":"[{\"edgeSelection\":\"0to1\",\"edgeRTMS\":21149}]","trial_id":"test_3","congruency":"I","trial_group":"15to20","condition":"scaffolding","inference_edge":"2to5,3to5,5to8","inference_edgeClickLog":"[{\"edgeSelection\":\"2to5\",\"edgeRTMS\":7203},{\"edgeSelection\":\"3to5\",\"edgeRTMS\":41444},{\"edgeSelection\":\"5to8\",\"edgeRTMS\":47620}]","inference_edgeRT":"47620","inference_edge_last":"","task":"experiment","subjectId":"v1yr8d4nzpme08e","trial_type":"external-html","trial_index":26,"time_elapsed":2522335,"internal_node_id":"0.0-9.0-0.18"},{"rt":38095,"url":"../static/nodeGraphs_scaffolding.html","edge":"0to3","edgeRT":"37272","skip":"false","flipped":"FALSE","index":"19","edgeClickLog":"[{\"edgeSelection\":\"3to6\",\"edgeRTMS\":34629},{\"edgeSelection\":\"0to3\",\"edgeRTMS\":37272}]","trial_id":"test_4","congruency":"I","trial_group":"15to20","condition":"scaffolding","inference_edge":"2to5,3to5,5to8","inference_edgeClickLog":"[{\"edgeSelection\":\"2to5\",\"edgeRTMS\":7203},{\"edgeSelection\":\"3to5\",\"edgeRTMS\":41444},{\"edgeSelection\":\"5to8\",\"edgeRTMS\":47620}]","inference_edgeRT":"47620","inference_edge_last":"","task":"experiment","subjectId":"v1yr8d4nzpme08e","trial_type":"external-html","trial_index":27,"time_elapsed":2561170,"internal_node_id":"0.0-9.0-0.19"},{"rt":103636,"response":{"P0_Q0":null,"P0_Q1":5,"P0_Q2":3,"P0_Q3":3,"P0_Q4":3,"P0_Q5":2,"strategies":"Analyzing for highest potential points.","feedback":""},"accuracy":[],"trial_type":"survey","trial_index":28,"time_elapsed":2665361,"internal_node_id":"0.0-10.0"},{"rt":6325,"stimulus":"<p>Thanks for your time!</p>        <p>We need to manually calculate your bonus pay, please give us up to 7 days.</p><p>Press any key to conclude.</p>","response":" ","task":"end","subjectId":"v1yr8d4nzpme08e","trial_type":"html-keyboard-response","trial_index":29,"time_elapsed":2671687,"internal_node_id":"0.0-11.0","interactions":"[{\"event\":\"fullscreenenter\",\"trial\":1,\"time\":4971},{\"event\":\"blur\",\"trial\":3,\"time\":144515},{\"event\":\"fullscreenexit\",\"trial\":3,\"time\":145703},{\"event\":\"focus\",\"trial\":3,\"time\":147106},{\"event\":\"blur\",\"trial\":3,\"time\":151131},{\"event\":\"focus\",\"trial\":3,\"time\":152097},{\"event\":\"blur\",\"trial\":3,\"time\":152104},{\"event\":\"focus\",\"trial\":3,\"time\":935411}]"}]