[{"success":true,"timeout":false,"failed_images":[],"failed_audio":[],"failed_video":[],"trial_type":"preload","trial_index":0,"time_elapsed":228,"internal_node_id":"0.0-0.0"},{"success":true,"trial_type":"fullscreen","trial_index":1,"time_elapsed":3583,"internal_node_id":"0.0-1.0"},{"rt":3128,"stimulus":"Welcome to the experiment. Press any key to begin.","response":"arrowright","trial_type":"html-keyboard-response","trial_index":2,"time_elapsed":6712,"internal_node_id":"0.0-2.0"},{"view_history":[{"page_index":0,"viewing_time":4731},{"page_index":1,"viewing_time":7136},{"page_index":2,"viewing_time":39262},{"page_index":3,"viewing_time":6682},{"page_index":4,"viewing_time":2406},{"page_index":5,"viewing_time":1848},{"page_index":6,"viewing_time":2996},{"page_index":7,"viewing_time":7984},{"page_index":8,"viewing_time":20820},{"page_index":9,"viewing_time":14138},{"page_index":10,"viewing_time":2983},{"page_index":11,"viewing_time":1376},{"page_index":12,"viewing_time":1116},{"page_index":13,"viewing_time":2140},{"page_index":14,"viewing_time":3641},{"page_index":15,"viewing_time":8260},{"page_index":16,"viewing_time":3448},{"page_index":17,"viewing_time":1162},{"page_index":18,"viewing_time":1246},{"page_index":19,"viewing_time":6292},{"page_index":20,"viewing_time":6246},{"page_index":21,"viewing_time":4382}],"rt":150294,"trial_type":"instructions","trial_index":3,"time_elapsed":157003,"internal_node_id":"0.0-3.0"},{"rt":74837,"url":"../static/nodeGraphsTraining_normal.html","skip":[],"edgeClickLog":[],"inference_edge":[],"inference_edgeClickLog":[],"trial_type":"external-html","trial_index":4,"time_elapsed":231941,"internal_node_id":"0.0-4.0"},{"rt":56706,"response":{"q1":"The goal is to help the student to get the most points","q2":"False","q3":"Possible paths you, as the teacher, can choose to teach the learner.","q4":"Paths that the student took before."},"question_order":[0,1,2,3],"trial_type":"survey-multi-choice","trial_index":5,"time_elapsed":288650,"internal_node_id":"0.0-5.0"},{"rt":7110,"stimulus":"<p>You can take a 60 second break before starting the experiment.</p><br><br><p>This page will advance in 60 seconds or you can press any key to advance now.</p>","response":" ","trial_type":"html-keyboard-response","trial_index":6,"time_elapsed":295762,"internal_node_id":"0.0-7.0"},{"view_history":[{"page_index":0,"viewing_time":28801}],"rt":28801,"trial_type":"instructions","trial_index":7,"time_elapsed":324563,"internal_node_id":"0.0-8.0"},{"rt":16195,"url":"../static/nodeGraphs_normal.html","edge":"4to8","edgeRT":"14640","skip":"false","flipped":"FALSE","index":"0","edgeClickLog":"[{\"edgeSelection\":\"0to1\",\"edgeRTMS\":10631},{\"edgeSelection\":\"1to4\",\"edgeRTMS\":11909},{\"edgeSelection\":\"4to8\",\"edgeRTMS\":14640}]","trial_id":"incong_0","congruency":"I","trial_group":"1to5","condition":"normal","inference_edge":[],"inference_edgeClickLog":[],"task":"experiment","subjectId":"2jovuwlrojxz5u4","trial_type":"external-html","trial_index":8,"time_elapsed":340836,"internal_node_id":"0.0-9.0-0.0"},{"rt":22955,"url":"../static/nodeGraphs_normal.html","edge":"4to8","edgeRT":"22071","skip":"false","flipped":"FALSE","index":"1","edgeClickLog":"[{\"edgeSelection\":\"0to2\",\"edgeRTMS\":18411},{\"edgeSelection\":\"2to4\",\"edgeRTMS\":20133},{\"edgeSelection\":\"4to8\",\"edgeRTMS\":22071}]","trial_id":"incong_5","congruency":"I","trial_group":"1to5","condition":"normal","inference_edge":[],"inference_edgeClickLog":[],"task":"experiment","subjectId":"2jovuwlrojxz5u4","trial_type":"external-html","trial_index":9,"time_elapsed":364371,"internal_node_id":"0.0-9.0-0.1"},{"rt":23374,"url":"../static/nodeGraphs_normal.html","edge":"6to8","edgeRT":"22820","skip":"false","flipped":"FALSE","index":"2","edgeClickLog":"[{\"edgeSelection\":\"0to2\",\"edgeRTMS\":19855},{\"edgeSelection\":\"2to6\",\"edgeRTMS\":21477},{\"edgeSelection\":\"6to8\",\"edgeRTMS\":22820}]","trial_id":"incong_3","congruency":"I","trial_group":"1to5","condition":"normal","inference_edge":[],"inference_edgeClickLog":[],"task":"experiment","subjectId":"2jovuwlrojxz5u4","trial_type":"external-html","trial_index":10,"time_elapsed":388326,"internal_node_id":"0.0-9.0-0.2"},{"rt":8739,"url":"../static/nodeGraphs_normal.html","edge":"4to8","edgeRT":"8248","skip":"false","flipped":"FALSE","index":"3","edgeClickLog":"[{\"edgeSelection\":\"0to2\",\"edgeRTMS\":5314},{\"edgeSelection\":\"2to4\",\"edgeRTMS\":6854},{\"edgeSelection\":\"4to8\",\"edgeRTMS\":8248}]","trial_id":"incong_10","congruency":"I","trial_group":"1to5","condition":"normal","inference_edge":[],"inference_edgeClickLog":[],"task":"experiment","subjectId":"2jovuwlrojxz5u4","trial_type":"external-html","trial_index":11,"time_elapsed":397642,"internal_node_id":"0.0-9.0-0.3"},{"rt":12733,"url":"../static/nodeGraphs_normal.html","edge":"4to8","edgeRT":"11740","skip":"false","flipped":"FALSE","index":"4","edgeClickLog":"[{\"edgeSelection\":\"0to2\",\"edgeRTMS\":9075},{\"edgeSelection\":\"2to4\",\"edgeRTMS\":10465},{\"edgeSelection\":\"4to8\",\"edgeRTMS\":11740}]","trial_id":"incong_2","congruency":"I","trial_group":"1to5","condition":"normal","inference_edge":[],"inference_edgeClickLog":[],"task":"experiment","subjectId":"2jovuwlrojxz5u4","trial_type":"external-html","trial_index":12,"time_elapsed":411067,"internal_node_id":"0.0-9.0-0.4"},{"rt":12072,"url":"../static/nodeGraphs_normal.html","edge":"6to8","edgeRT":"11155","skip":"false","flipped":"TRUE","index":"5","edgeClickLog":"[{\"edgeSelection\":\"0to2\",\"edgeRTMS\":7846},{\"edgeSelection\":\"2to6\",\"edgeRTMS\":9403},{\"edgeSelection\":\"6to8\",\"edgeRTMS\":11155}]","trial_id":"incong_0_flipped","congruency":"I","trial_group":"5to10","condition":"normal","inference_edge":[],"inference_edgeClickLog":[],"task":"experiment","subjectId":"2jovuwlrojxz5u4","trial_type":"external-html","trial_index":13,"time_elapsed":423797,"internal_node_id":"0.0-9.0-0.5"},{"rt":14148,"url":"../static/nodeGraphs_normal.html","edge":"6to9","edgeRT":"12828","skip":"false","flipped":"TRUE","index":"6","edgeClickLog":"[{\"edgeSelection\":\"0to2\",\"edgeRTMS\":8951},{\"edgeSelection\":\"2to6\",\"edgeRTMS\":11276},{\"edgeSelection\":\"6to9\",\"edgeRTMS\":12828}]","trial_id":"incong_5_flipped","congruency":"I","trial_group":"5to10","condition":"normal","inference_edge":[],"inference_edgeClickLog":[],"task":"experiment","subjectId":"2jovuwlrojxz5u4","trial_type":"external-html","trial_index":14,"time_elapsed":438520,"internal_node_id":"0.0-9.0-0.6"},{"rt":9736,"url":"../static/nodeGraphs_normal.html","edge":"4to8","edgeRT":"8925","skip":"false","flipped":"TRUE","index":"7","edgeClickLog":"[{\"edgeSelection\":\"0to2\",\"edgeRTMS\":4985},{\"edgeSelection\":\"2to4\",\"edgeRTMS\":7064},{\"edgeSelection\":\"4to8\",\"edgeRTMS\":8925}]","trial_id":"incong_3_flipped","congruency":"I","trial_group":"5to10","condition":"normal","inference_edge":[],"inference_edgeClickLog":[],"task":"experiment","subjectId":"2jovuwlrojxz5u4","trial_type":"external-html","trial_index":15,"time_elapsed":448832,"internal_node_id":"0.0-9.0-0.7"},{"rt":11871,"url":"../static/nodeGraphs_normal.html","edge":"6to8","edgeRT":"11363","skip":"false","flipped":"TRUE","index":"8","edgeClickLog":"[{\"edgeSelection\":\"0to2\",\"edgeRTMS\":8396},{\"edgeSelection\":\"2to6\",\"edgeRTMS\":9408},{\"edgeSelection\":\"6to8\",\"edgeRTMS\":11363}]","trial_id":"incong_10_flipped","congruency":"I","trial_group":"5to10","condition":"normal","inference_edge":[],"inference_edgeClickLog":[],"task":"experiment","subjectId":"2jovuwlrojxz5u4","trial_type":"external-html","trial_index":16,"time_elapsed":461282,"internal_node_id":"0.0-9.0-0.8"},{"rt":11553,"url":"../static/nodeGraphs_normal.html","edge":"6to8","edgeRT":"11172","skip":"false","flipped":"TRUE","index":"9","edgeClickLog":"[{\"edgeSelection\":\"0to2\",\"edgeRTMS\":6054},{\"edgeSelection\":\"0to2\",\"edgeRTMS\":7520},{\"edgeSelection\":\"0to2\",\"edgeRTMS\":8041},{\"edgeSelection\":\"2to6\",\"edgeRTMS\":9375},{\"edgeSelection\":\"6to8\",\"edgeRTMS\":11172}]","trial_id":"incong_2_flipped","congruency":"I","trial_group":"5to10","condition":"normal","inference_edge":[],"inference_edgeClickLog":[],"task":"experiment","subjectId":"2jovuwlrojxz5u4","trial_type":"external-html","trial_index":17,"time_elapsed":473425,"internal_node_id":"0.0-9.0-0.9"},{"rt":12750,"url":"../static/nodeGraphs_normal.html","edge":"4to8","edgeRT":"12161","skip":"false","flipped":"FALSE","index":"10","edgeClickLog":"[{\"edgeSelection\":\"0to2\",\"edgeRTMS\":8916},{\"edgeSelection\":\"2to4\",\"edgeRTMS\":10882},{\"edgeSelection\":\"4to8\",\"edgeRTMS\":12161}]","trial_id":"incong_0","congruency":"I","trial_group":"10to15","condition":"normal","inference_edge":[],"inference_edgeClickLog":[],"task":"experiment","subjectId":"2jovuwlrojxz5u4","trial_type":"external-html","trial_index":18,"time_elapsed":486751,"internal_node_id":"0.0-9.0-0.10"},{"rt":11656,"url":"../static/nodeGraphs_normal.html","edge":"4to8","edgeRT":"9198","skip":"false","flipped":"FALSE","index":"11","edgeClickLog":"[{\"edgeSelection\":\"0to2\",\"edgeRTMS\":6282},{\"edgeSelection\":\"2to4\",\"edgeRTMS\":7725},{\"edgeSelection\":\"4to8\",\"edgeRTMS\":9198}]","trial_id":"incong_5","congruency":"I","trial_group":"10to15","condition":"normal","inference_edge":[],"inference_edgeClickLog":[],"task":"experiment","subjectId":"2jovuwlrojxz5u4","trial_type":"external-html","trial_index":19,"time_elapsed":498986,"internal_node_id":"0.0-9.0-0.11"},{"rt":12303,"url":"../static/nodeGraphs_normal.html","edge":"6to8","edgeRT":"11718","skip":"false","flipped":"FALSE","index":"12","edgeClickLog":"[{\"edgeSelection\":\"0to2\",\"edgeRTMS\":8257},{\"edgeSelection\":\"2to6\",\"edgeRTMS\":9876},{\"edgeSelection\":\"6to8\",\"edgeRTMS\":11718}]","trial_id":"incong_3","congruency":"I","trial_group":"10to15","condition":"normal","inference_edge":[],"inference_edgeClickLog":[],"task":"experiment","subjectId":"2jovuwlrojxz5u4","trial_type":"external-html","trial_index":20,"time_elapsed":511868,"internal_node_id":"0.0-9.0-0.12"},{"rt":9473,"url":"../static/nodeGraphs_normal.html","edge":"4to8","edgeRT":"8713","skip":"false","flipped":"FALSE","index":"13","edgeClickLog":"[{\"edgeSelection\":\"0to2\",\"edgeRTMS\":5918},{\"edgeSelection\":\"2to4\",\"edgeRTMS\":7735},{\"edgeSelection\":\"4to8\",\"edgeRTMS\":8713}]","trial_id":"incong_10","congruency":"I","trial_group":"10to15","condition":"normal","inference_edge":[],"inference_edgeClickLog":[],"task":"experiment","subjectId":"2jovuwlrojxz5u4","trial_type":"external-html","trial_index":21,"time_elapsed":521922,"internal_node_id":"0.0-9.0-0.13"},{"rt":7679,"url":"../static/nodeGraphs_normal.html","edge":"4to8","edgeRT":"7061","skip":"false","flipped":"FALSE","index":"14","edgeClickLog":"[{\"edgeSelection\":\"0to2\",\"edgeRTMS\":4710},{\"edgeSelection\":\"2to4\",\"edgeRTMS\":6166},{\"edgeSelection\":\"4to8\",\"edgeRTMS\":7061}]","trial_id":"incong_2","congruency":"I","trial_group":"10to15","condition":"normal","inference_edge":[],"inference_edgeClickLog":[],"task":"experiment","subjectId":"2jovuwlrojxz5u4","trial_type":"external-html","trial_index":22,"time_elapsed":530189,"internal_node_id":"0.0-9.0-0.14"},{"rt":19106,"url":"../static/nodeGraphs_normal.html","edge":"6to8","edgeRT":"13304","skip":"false","flipped":"FALSE","index":"15","edgeClickLog":"[{\"edgeSelection\":\"0to2\",\"edgeRTMS\":10854},{\"edgeSelection\":\"2to6\",\"edgeRTMS\":12062},{\"edgeSelection\":\"6to8\",\"edgeRTMS\":13304}]","trial_id":"test_0","congruency":"I","trial_group":"15to20","condition":"normal","inference_edge":[],"inference_edgeClickLog":[],"task":"experiment","subjectId":"2jovuwlrojxz5u4","trial_type":"external-html","trial_index":23,"time_elapsed":549913,"internal_node_id":"0.0-9.0-0.15"},{"rt":18845,"url":"../static/nodeGraphs_normal.html","edge":"6to9","edgeRT":"18369","skip":"false","flipped":"FALSE","index":"16","edgeClickLog":"[{\"edgeSelection\":\"0to3\",\"edgeRTMS\":14721},{\"edgeSelection\":\"3to6\",\"edgeRTMS\":17194},{\"edgeSelection\":\"6to9\",\"edgeRTMS\":18369}]","trial_id":"test_1","congruency":"I","trial_group":"15to20","condition":"normal","inference_edge":[],"inference_edgeClickLog":[],"task":"experiment","subjectId":"2jovuwlrojxz5u4","trial_type":"external-html","trial_index":24,"time_elapsed":569336,"internal_node_id":"0.0-9.0-0.16"},{"rt":16248,"url":"../static/nodeGraphs_normal.html","edge":"6to8","edgeRT":"16046","skip":"false","flipped":"FALSE","index":"17","edgeClickLog":"[{\"edgeSelection\":\"0to3\",\"edgeRTMS\":11269},{\"edgeSelection\":\"3to6\",\"edgeRTMS\":14281},{\"edgeSelection\":\"6to8\",\"edgeRTMS\":16046}]","trial_id":"test_2","congruency":"I","trial_group":"15to20","condition":"normal","inference_edge":[],"inference_edgeClickLog":[],"task":"experiment","subjectId":"2jovuwlrojxz5u4","trial_type":"external-html","trial_index":25,"time_elapsed":586160,"internal_node_id":"0.0-9.0-0.17"},{"rt":7401,"url":"../static/nodeGraphs_normal.html","edge":"5to9","edgeRT":"6819","skip":"false","flipped":"FALSE","index":"18","edgeClickLog":"[{\"edgeSelection\":\"0to1\",\"edgeRTMS\":3844},{\"edgeSelection\":\"1to5\",\"edgeRTMS\":5074},{\"edgeSelection\":\"5to9\",\"edgeRTMS\":6819}]","trial_id":"test_3","congruency":"I","trial_group":"15to20","condition":"normal","inference_edge":[],"inference_edgeClickLog":[],"task":"experiment","subjectId":"2jovuwlrojxz5u4","trial_type":"external-html","trial_index":26,"time_elapsed":594228,"internal_node_id":"0.0-9.0-0.18"},{"rt":19469,"url":"../static/nodeGraphs_normal.html","edge":"5to9","edgeRT":"18498","skip":"false","flipped":"FALSE","index":"19","edgeClickLog":"[{\"edgeSelection\":\"0to1\",\"edgeRTMS\":15597},{\"edgeSelection\":\"1to5\",\"edgeRTMS\":16974},{\"edgeSelection\":\"5to9\",\"edgeRTMS\":18498}]","trial_id":"test_4","congruency":"I","trial_group":"15to20","condition":"normal","inference_edge":[],"inference_edgeClickLog":[],"task":"experiment","subjectId":"2jovuwlrojxz5u4","trial_type":"external-html","trial_index":27,"time_elapsed":614275,"internal_node_id":"0.0-9.0-0.19"},{"rt":32496,"response":{"P0_Q0":null,"P0_Q1":5,"P0_Q2":6,"P0_Q3":5,"P0_Q4":5,"P0_Q5":4,"strategies":"I tried to add up the most points","feedback":"No"},"accuracy":[],"trial_type":"survey","trial_index":28,"time_elapsed":647397,"internal_node_id":"0.0-10.0"},{"rt":5098,"stimulus":"<p>Thanks for your time!</p>        <p>We need to manually calculate your bonus pay, please give us up to 7 days.</p><p>Press any key to conclude.</p>","response":" ","task":"end","subjectId":"2jovuwlrojxz5u4","trial_type":"html-keyboard-response","trial_index":29,"time_elapsed":652498,"internal_node_id":"0.0-11.0","interactions":"[{\"event\":\"fullscreenenter\",\"trial\":1,\"time\":2616}]"}]