[{"success":true,"timeout":false,"failed_images":[],"failed_audio":[],"failed_video":[],"trial_type":"preload","trial_index":0,"time_elapsed":1291,"internal_node_id":"0.0-0.0"},{"success":true,"trial_type":"fullscreen","trial_index":1,"time_elapsed":4764,"internal_node_id":"0.0-1.0"},{"rt":1433,"stimulus":"Welcome to the experiment. Press any key to begin.","response":" ","trial_type":"html-keyboard-response","trial_index":2,"time_elapsed":6205,"internal_node_id":"0.0-2.0"},{"view_history":[{"page_index":0,"viewing_time":3580},{"page_index":1,"viewing_time":4449},{"page_index":2,"viewing_time":27975},{"page_index":3,"viewing_time":3396},{"page_index":4,"viewing_time":2305},{"page_index":5,"viewing_time":1188},{"page_index":6,"viewing_time":2458},{"page_index":7,"viewing_time":9678},{"page_index":8,"viewing_time":18131},{"page_index":9,"viewing_time":8991},{"page_index":10,"viewing_time":838},{"page_index":11,"viewing_time":455},{"page_index":12,"viewing_time":431},{"page_index":13,"viewing_time":2517},{"page_index":14,"viewing_time":7039},{"page_index":15,"viewing_time":8981},{"page_index":16,"viewing_time":995},{"page_index":17,"viewing_time":416},{"page_index":18,"viewing_time":587},{"page_index":19,"viewing_time":5911},{"page_index":20,"viewing_time":7002},{"page_index":21,"viewing_time":4153}],"rt":121474,"trial_type":"instructions","trial_index":3,"time_elapsed":127682,"internal_node_id":"0.0-3.0"},{"rt":194588,"url":"../static/nodeGraphsTraining_distractor.html","skip":[],"edgeClickLog":[],"inference_edge":[],"inference_edgeClickLog":[],"trial_type":"external-html","trial_index":4,"time_elapsed":323036,"internal_node_id":"0.0-4.0"},{"rt":21910,"response":{"q1":"The goal is to help the student to get the most points.","q2":"False","q3":"Possible edges you, as the teacher, can choose to teach the learner.","q4":"Edges that the student took before."},"question_order":[0,1,2,3],"trial_type":"survey-multi-choice","trial_index":5,"time_elapsed":344961,"internal_node_id":"0.0-5.0"},{"rt":27887,"stimulus":"<p>You can take a 60 second break before starting the experiment.</p><br><br><p>This page will advance in 60 seconds or you can press any key to advance now.</p>","response":" ","trial_type":"html-keyboard-response","trial_index":6,"time_elapsed":372860,"internal_node_id":"0.0-7.0"},{"view_history":[{"page_index":0,"viewing_time":24647}],"rt":24648,"trial_type":"instructions","trial_index":7,"time_elapsed":397512,"internal_node_id":"0.0-8.0"},{"rt":27462,"url":"../static/nodeGraphs_distractor.html","edge":"0to1","edgeRT":"5833","skip":"false","flipped":"FALSE","index":"0","edgeClickLog":"[{\"edgeSelection\":\"0to1\",\"edgeRTMS\":5833}]","trial_id":"incong_0","congruency":"I","trial_group":"1to5","condition":"distractor","inference_edge":"2to4,4to7,4to8","inference_edgeClickLog":"[{\"edgeSelection\":\"2to4\",\"edgeRTMS\":3609},{\"edgeSelection\":\"4to7\",\"edgeRTMS\":6882},{\"edgeSelection\":\"4to8\",\"edgeRTMS\":9016}]","inference_edgeRT":"9016","inference_edge_last":"4to8","task":"experiment","subjectId":"wgaqomq4arz4ysg","trial_type":"external-html","trial_index":8,"time_elapsed":425776,"internal_node_id":"0.0-9.0-0.0"},{"rt":22506,"url":"../static/nodeGraphs_distractor.html","edge":"4to7","edgeRT":"6078","skip":"false","flipped":"FALSE","index":"1","edgeClickLog":"[{\"edgeSelection\":\"4to7\",\"edgeRTMS\":6078}]","trial_id":"incong_5","congruency":"I","trial_group":"1to5","condition":"distractor","inference_edge":"4to7,4to8,3to6","inference_edgeClickLog":"[{\"edgeSelection\":\"4to7\",\"edgeRTMS\":8921},{\"edgeSelection\":\"4to8\",\"edgeRTMS\":11525},{\"edgeSelection\":\"3to6\",\"edgeRTMS\":14634}]","inference_edgeRT":"14634","inference_edge_last":"3to6","task":"experiment","subjectId":"wgaqomq4arz4ysg","trial_type":"external-html","trial_index":9,"time_elapsed":449481,"internal_node_id":"0.0-9.0-0.1"},{"rt":25555,"url":"../static/nodeGraphs_distractor.html","edge":"2to5","edgeRT":"4900","skip":"false","flipped":"FALSE","index":"2","edgeClickLog":"[{\"edgeSelection\":\"2to5\",\"edgeRTMS\":4900}]","trial_id":"incong_3","congruency":"I","trial_group":"1to5","condition":"distractor","inference_edge":"2to5,2to6,5to7","inference_edgeClickLog":"[{\"edgeSelection\":\"2to5\",\"edgeRTMS\":11947},{\"edgeSelection\":\"2to6\",\"edgeRTMS\":15557},{\"edgeSelection\":\"5to7\",\"edgeRTMS\":18072}]","inference_edgeRT":"18072","inference_edge_last":"5to7","task":"experiment","subjectId":"wgaqomq4arz4ysg","trial_type":"external-html","trial_index":10,"time_elapsed":476598,"internal_node_id":"0.0-9.0-0.2"},{"rt":30610,"url":"../static/nodeGraphs_distractor.html","edge":"5to8","edgeRT":"7486","skip":"false","flipped":"FALSE","index":"3","edgeClickLog":"[{\"edgeSelection\":\"5to8\",\"edgeRTMS\":7486}]","trial_id":"incong_10","congruency":"I","trial_group":"1to5","condition":"distractor","inference_edge":"5to8,4to8,4to7","inference_edgeClickLog":"[{\"edgeSelection\":\"5to8\",\"edgeRTMS\":11633},{\"edgeSelection\":\"4to8\",\"edgeRTMS\":18948},{\"edgeSelection\":\"4to7\",\"edgeRTMS\":20493}]","inference_edgeRT":"20493","inference_edge_last":"4to7","task":"experiment","subjectId":"wgaqomq4arz4ysg","trial_type":"external-html","trial_index":11,"time_elapsed":508563,"internal_node_id":"0.0-9.0-0.3"},{"rt":27452,"url":"../static/nodeGraphs_distractor.html","edge":"4to8","edgeRT":"7569","skip":"false","flipped":"FALSE","index":"4","edgeClickLog":"[{\"edgeSelection\":\"5to7\",\"edgeRTMS\":4051},{\"edgeSelection\":\"5to7\",\"edgeRTMS\":5010},{\"edgeSelection\":\"5to7\",\"edgeRTMS\":6053},{\"edgeSelection\":\"4to8\",\"edgeRTMS\":7569}]","trial_id":"incong_2","congruency":"I","trial_group":"1to5","condition":"distractor","inference_edge":"4to8,2to5,2to4","inference_edgeClickLog":"[{\"edgeSelection\":\"4to8\",\"edgeRTMS\":10924},{\"edgeSelection\":\"2to5\",\"edgeRTMS\":14201},{\"edgeSelection\":\"2to4\",\"edgeRTMS\":17163}]","inference_edgeRT":"17163","inference_edge_last":"2to4","task":"experiment","subjectId":"wgaqomq4arz4ysg","trial_type":"external-html","trial_index":12,"time_elapsed":537800,"internal_node_id":"0.0-9.0-0.4"},{"rt":25380,"url":"../static/nodeGraphs_distractor.html","edge":"2to4","edgeRT":"5190","skip":"false","flipped":"TRUE","index":"5","edgeClickLog":"[{\"edgeSelection\":\"2to4\",\"edgeRTMS\":5190}]","trial_id":"incong_0_flipped","congruency":"I","trial_group":"5to10","condition":"distractor","inference_edge":"2to4,2to6,6to8","inference_edgeClickLog":"[{\"edgeSelection\":\"2to4\",\"edgeRTMS\":10200},{\"edgeSelection\":\"2to6\",\"edgeRTMS\":12015},{\"edgeSelection\":\"6to8\",\"edgeRTMS\":15982}]","inference_edgeRT":"15982","inference_edge_last":"6to8","task":"experiment","subjectId":"wgaqomq4arz4ysg","trial_type":"external-html","trial_index":13,"time_elapsed":564392,"internal_node_id":"0.0-9.0-0.5"},{"rt":20766,"url":"../static/nodeGraphs_distractor.html","edge":"6to9","edgeRT":"3839","skip":"false","flipped":"TRUE","index":"6","edgeClickLog":"[{\"edgeSelection\":\"6to9\",\"edgeRTMS\":3839}]","trial_id":"incong_5_flipped","congruency":"I","trial_group":"5to10","condition":"distractor","inference_edge":"6to9,1to4,5to8","inference_edgeClickLog":"[{\"edgeSelection\":\"6to9\",\"edgeRTMS\":5593},{\"edgeSelection\":\"1to4\",\"edgeRTMS\":12077},{\"edgeSelection\":\"5to8\",\"edgeRTMS\":15485}]","inference_edgeRT":"15485","inference_edge_last":"5to8","task":"experiment","subjectId":"wgaqomq4arz4ysg","trial_type":"external-html","trial_index":14,"time_elapsed":586852,"internal_node_id":"0.0-9.0-0.6"},{"rt":26424,"url":"../static/nodeGraphs_distractor.html","edge":"0to2","edgeRT":"4545","skip":"false","flipped":"TRUE","index":"7","edgeClickLog":"[{\"edgeSelection\":\"0to2\",\"edgeRTMS\":4545}]","trial_id":"incong_3_flipped","congruency":"I","trial_group":"5to10","condition":"distractor","inference_edge":"0to2,2to4,5to9","inference_edgeClickLog":"[{\"edgeSelection\":\"0to2\",\"edgeRTMS\":11531},{\"edgeSelection\":\"2to4\",\"edgeRTMS\":13136},{\"edgeSelection\":\"5to9\",\"edgeRTMS\":19954}]","inference_edgeRT":"19954","inference_edge_last":"5to9","task":"experiment","subjectId":"wgaqomq4arz4ysg","trial_type":"external-html","trial_index":15,"time_elapsed":614807,"internal_node_id":"0.0-9.0-0.7"},{"rt":39306,"url":"../static/nodeGraphs_distractor.html","edge":"5to8","edgeRT":"3291","skip":"false","flipped":"TRUE","index":"8","edgeClickLog":"[{\"edgeSelection\":\"5to8\",\"edgeRTMS\":3291}]","trial_id":"incong_10_flipped","congruency":"I","trial_group":"5to10","condition":"distractor","inference_edge":"0to2,2to6,5to8","inference_edgeClickLog":"[{\"edgeSelection\":\"0to2\",\"edgeRTMS\":10834},{\"edgeSelection\":\"4to8\",\"edgeRTMS\":17665},{\"edgeSelection\":\"2to6\",\"edgeRTMS\":21105},{\"edgeSelection\":\"4to8\",\"edgeRTMS\":28857},{\"edgeSelection\":\"5to8\",\"edgeRTMS\":30595}]","inference_edgeRT":"30595","inference_edge_last":"5to8","task":"experiment","subjectId":"wgaqomq4arz4ysg","trial_type":"external-html","trial_index":16,"time_elapsed":655590,"internal_node_id":"0.0-9.0-0.8"},{"rt":30780,"url":"../static/nodeGraphs_distractor.html","edge":"1to4","edgeRT":"9190","skip":"false","flipped":"TRUE","index":"9","edgeClickLog":"[{\"edgeSelection\":\"1to4\",\"edgeRTMS\":9190}]","trial_id":"incong_2_flipped","congruency":"I","trial_group":"5to10","condition":"distractor","inference_edge":"0to2,2to6,6to8","inference_edgeClickLog":"[{\"edgeSelection\":\"0to2\",\"edgeRTMS\":13415},{\"edgeSelection\":\"2to6\",\"edgeRTMS\":15178},{\"edgeSelection\":\"6to8\",\"edgeRTMS\":19344}]","inference_edgeRT":"19344","inference_edge_last":"6to8","task":"experiment","subjectId":"wgaqomq4arz4ysg","trial_type":"external-html","trial_index":17,"time_elapsed":687844,"internal_node_id":"0.0-9.0-0.9"},{"rt":28569,"url":"../static/nodeGraphs_distractor.html","edge":"6to8","edgeRT":"10885","skip":"false","flipped":"FALSE","index":"10","edgeClickLog":"[{\"edgeSelection\":\"0to1\",\"edgeRTMS\":5213},{\"edgeSelection\":\"0to1\",\"edgeRTMS\":8379},{\"edgeSelection\":\"6to8\",\"edgeRTMS\":10885}]","trial_id":"incong_0","congruency":"I","trial_group":"10to15","condition":"distractor","inference_edge":"0to1,1to4,4to8","inference_edgeClickLog":"[{\"edgeSelection\":\"0to1\",\"edgeRTMS\":11840},{\"edgeSelection\":\"1to4\",\"edgeRTMS\":13885},{\"edgeSelection\":\"4to8\",\"edgeRTMS\":16111}]","inference_edgeRT":"16111","inference_edge_last":"4to8","task":"experiment","subjectId":"wgaqomq4arz4ysg","trial_type":"external-html","trial_index":18,"time_elapsed":717863,"internal_node_id":"0.0-9.0-0.10"},{"rt":38224,"url":"../static/nodeGraphs_distractor.html","edge":"3to6","edgeRT":"4691","skip":"false","flipped":"FALSE","index":"11","edgeClickLog":"[{\"edgeSelection\":\"3to6\",\"edgeRTMS\":4691}]","trial_id":"incong_5","congruency":"I","trial_group":"10to15","condition":"distractor","inference_edge":"3to6,5to8,0to2","inference_edgeClickLog":"[{\"edgeSelection\":\"3to6\",\"edgeRTMS\":8512},{\"edgeSelection\":\"3to6\",\"edgeRTMS\":14452},{\"edgeSelection\":\"0to2\",\"edgeRTMS\":16348},{\"edgeSelection\":\"0to2\",\"edgeRTMS\":23170},{\"edgeSelection\":\"3to6\",\"edgeRTMS\":25057},{\"edgeSelection\":\"5to8\",\"edgeRTMS\":27463},{\"edgeSelection\":\"0to2\",\"edgeRTMS\":31802}]","inference_edgeRT":"31802","inference_edge_last":"0to2","task":"experiment","subjectId":"wgaqomq4arz4ysg","trial_type":"external-html","trial_index":19,"time_elapsed":757827,"internal_node_id":"0.0-9.0-0.11"},{"rt":26645,"url":"../static/nodeGraphs_distractor.html","edge":"0to2","edgeRT":"3048","skip":"false","flipped":"FALSE","index":"12","edgeClickLog":"[{\"edgeSelection\":\"0to2\",\"edgeRTMS\":3048}]","trial_id":"incong_3","congruency":"I","trial_group":"10to15","condition":"distractor","inference_edge":"0to2,2to6,5to7","inference_edgeClickLog":"[{\"edgeSelection\":\"0to2\",\"edgeRTMS\":8542},{\"edgeSelection\":\"2to6\",\"edgeRTMS\":18165},{\"edgeSelection\":\"5to7\",\"edgeRTMS\":21352}]","inference_edgeRT":"21352","inference_edge_last":"5to7","task":"experiment","subjectId":"wgaqomq4arz4ysg","trial_type":"external-html","trial_index":20,"time_elapsed":786041,"internal_node_id":"0.0-9.0-0.12"},{"rt":27812,"url":"../static/nodeGraphs_distractor.html","edge":"5to8","edgeRT":"1677","skip":"false","flipped":"FALSE","index":"13","edgeClickLog":"[{\"edgeSelection\":\"5to8\",\"edgeRTMS\":1677}]","trial_id":"incong_10","congruency":"I","trial_group":"10to15","condition":"distractor","inference_edge":"5to8,0to2,2to4","inference_edgeClickLog":"[{\"edgeSelection\":\"5to8\",\"edgeRTMS\":13281},{\"edgeSelection\":\"0to2\",\"edgeRTMS\":18680},{\"edgeSelection\":\"2to4\",\"edgeRTMS\":24765}]","inference_edgeRT":"24765","inference_edge_last":"2to4","task":"experiment","subjectId":"wgaqomq4arz4ysg","trial_type":"external-html","trial_index":21,"time_elapsed":815281,"internal_node_id":"0.0-9.0-0.13"},{"rt":28923,"url":"../static/nodeGraphs_distractor.html","edge":"0to2","edgeRT":"8008","skip":"false","flipped":"FALSE","index":"14","edgeClickLog":"[{\"edgeSelection\":\"0to2\",\"edgeRTMS\":8008}]","trial_id":"incong_2","congruency":"I","trial_group":"10to15","condition":"distractor","inference_edge":"0to1,1to4,4to8","inference_edgeClickLog":"[{\"edgeSelection\":\"0to1\",\"edgeRTMS\":12583},{\"edgeSelection\":\"1to4\",\"edgeRTMS\":15519},{\"edgeSelection\":\"4to8\",\"edgeRTMS\":17739}]","inference_edgeRT":"17739","inference_edge_last":"4to8","task":"experiment","subjectId":"wgaqomq4arz4ysg","trial_type":"external-html","trial_index":22,"time_elapsed":845527,"internal_node_id":"0.0-9.0-0.14"},{"rt":25732,"url":"../static/nodeGraphs_distractor.html","edge":"3to6","edgeRT":"14921","skip":"false","flipped":"FALSE","index":"15","edgeClickLog":"[{\"edgeSelection\":\"3to6\",\"edgeRTMS\":14921}]","trial_id":"test_0","congruency":"I","trial_group":"15to20","condition":"distractor","inference_edge":"0to1,1to4,4to8","inference_edgeClickLog":"[{\"edgeSelection\":\"0to1\",\"edgeRTMS\":12583},{\"edgeSelection\":\"1to4\",\"edgeRTMS\":15519},{\"edgeSelection\":\"4to8\",\"edgeRTMS\":17739}]","inference_edgeRT":"17739","inference_edge_last":"","task":"experiment","subjectId":"wgaqomq4arz4ysg","trial_type":"external-html","trial_index":23,"time_elapsed":872852,"internal_node_id":"0.0-9.0-0.15"},{"rt":17004,"url":"../static/nodeGraphs_distractor.html","edge":"0to1","edgeRT":"16703","skip":"false","flipped":"FALSE","index":"16","edgeClickLog":"[{\"edgeSelection\":\"0to1\",\"edgeRTMS\":16703}]","trial_id":"test_1","congruency":"I","trial_group":"15to20","condition":"distractor","inference_edge":"0to1,1to4,4to8","inference_edgeClickLog":"[{\"edgeSelection\":\"0to1\",\"edgeRTMS\":12583},{\"edgeSelection\":\"1to4\",\"edgeRTMS\":15519},{\"edgeSelection\":\"4to8\",\"edgeRTMS\":17739}]","inference_edgeRT":"17739","inference_edge_last":"","task":"experiment","subjectId":"wgaqomq4arz4ysg","trial_type":"external-html","trial_index":24,"time_elapsed":891477,"internal_node_id":"0.0-9.0-0.16"},{"rt":10005,"url":"../static/nodeGraphs_distractor.html","edge":"0to3","edgeRT":"9917","skip":"false","flipped":"FALSE","index":"17","edgeClickLog":"[{\"edgeSelection\":\"0to3\",\"edgeRTMS\":9917}]","trial_id":"test_2","congruency":"I","trial_group":"15to20","condition":"distractor","inference_edge":"0to1,1to4,4to8","inference_edgeClickLog":"[{\"edgeSelection\":\"0to1\",\"edgeRTMS\":12583},{\"edgeSelection\":\"1to4\",\"edgeRTMS\":15519},{\"edgeSelection\":\"4to8\",\"edgeRTMS\":17739}]","inference_edgeRT":"17739","inference_edge_last":"","task":"experiment","subjectId":"wgaqomq4arz4ysg","trial_type":"external-html","trial_index":25,"time_elapsed":903122,"internal_node_id":"0.0-9.0-0.17"},{"rt":7764,"url":"../static/nodeGraphs_distractor.html","edge":"0to1","edgeRT":"11685","skip":"false","flipped":"FALSE","index":"18","edgeClickLog":"[{\"edgeSelection\":\"0to1\",\"edgeRTMS\":11685}]","trial_id":"test_3","congruency":"I","trial_group":"15to20","condition":"distractor","inference_edge":"0to1,1to4,4to8","inference_edgeClickLog":"[{\"edgeSelection\":\"0to1\",\"edgeRTMS\":12583},{\"edgeSelection\":\"1to4\",\"edgeRTMS\":15519},{\"edgeSelection\":\"4to8\",\"edgeRTMS\":17739}]","inference_edgeRT":"17739","inference_edge_last":"","task":"experiment","subjectId":"wgaqomq4arz4ysg","trial_type":"external-html","trial_index":26,"time_elapsed":916948,"internal_node_id":"0.0-9.0-0.18"},{"rt":12926,"url":"../static/nodeGraphs_distractor.html","edge":"1to5","edgeRT":"11833","skip":"false","flipped":"FALSE","index":"19","edgeClickLog":"[{\"edgeSelection\":\"1to5\",\"edgeRTMS\":11833}]","trial_id":"test_4","congruency":"I","trial_group":"15to20","condition":"distractor","inference_edge":"0to1,1to4,4to8","inference_edgeClickLog":"[{\"edgeSelection\":\"0to1\",\"edgeRTMS\":12583},{\"edgeSelection\":\"1to4\",\"edgeRTMS\":15519},{\"edgeSelection\":\"4to8\",\"edgeRTMS\":17739}]","inference_edgeRT":"17739","inference_edge_last":"","task":"experiment","subjectId":"wgaqomq4arz4ysg","trial_type":"external-html","trial_index":27,"time_elapsed":931058,"internal_node_id":"0.0-9.0-0.19"},{"rt":44028,"response":{"P0_Q0":null,"P0_Q1":5,"P0_Q2":7,"P0_Q3":5,"P0_Q4":7,"P0_Q5":1,"strategies":"I looked at the best paths or circles that would be near them.","feedback":""},"accuracy":[],"trial_type":"survey","trial_index":28,"time_elapsed":975878,"internal_node_id":"0.0-10.0"},{"rt":5869,"stimulus":"<p>Thanks for your time!</p>        <p>We need to manually calculate your bonus pay, please give us up to 7 days.</p><p>Press any key to conclude.</p>","response":" ","task":"end","subjectId":"wgaqomq4arz4ysg","trial_type":"html-keyboard-response","trial_index":29,"time_elapsed":981754,"internal_node_id":"0.0-11.0","interactions":"[{\"event\":\"fullscreenenter\",\"trial\":1,\"time\":3812}]"}]