[{"success":true,"timeout":false,"failed_images":[],"failed_audio":[],"failed_video":[],"trial_type":"preload","trial_index":0,"time_elapsed":223,"internal_node_id":"0.0-0.0"},{"success":true,"trial_type":"fullscreen","trial_index":1,"time_elapsed":3158,"internal_node_id":"0.0-1.0"},{"rt":1180,"stimulus":"Welcome to the experiment. Press any key to begin.","response":"control","trial_type":"html-keyboard-response","trial_index":2,"time_elapsed":4341,"internal_node_id":"0.0-2.0"},{"view_history":[{"page_index":0,"viewing_time":3492},{"page_index":1,"viewing_time":3828},{"page_index":2,"viewing_time":31327},{"page_index":3,"viewing_time":3219},{"page_index":4,"viewing_time":782},{"page_index":5,"viewing_time":1343},{"page_index":6,"viewing_time":4186},{"page_index":7,"viewing_time":10467},{"page_index":8,"viewing_time":19920},{"page_index":9,"viewing_time":9412},{"page_index":10,"viewing_time":578},{"page_index":11,"viewing_time":393},{"page_index":12,"viewing_time":3027},{"page_index":13,"viewing_time":1915},{"page_index":14,"viewing_time":2307},{"page_index":15,"viewing_time":7597},{"page_index":16,"viewing_time":1555},{"page_index":17,"viewing_time":979},{"page_index":18,"viewing_time":3619},{"page_index":19,"viewing_time":5258},{"page_index":20,"viewing_time":7548},{"page_index":21,"viewing_time":5306}],"rt":128060,"trial_type":"instructions","trial_index":3,"time_elapsed":132418,"internal_node_id":"0.0-3.0"},{"rt":81148,"url":"../static/nodeGraphsTraining_normal.html","skip":[],"edgeClickLog":[],"inference_edge":[],"inference_edgeClickLog":[],"trial_type":"external-html","trial_index":4,"time_elapsed":213739,"internal_node_id":"0.0-4.0"},{"rt":33939,"response":{"q1":"The goal is to help the student to get the most points","q2":"False","q3":"Possible paths you, as the teacher, can choose to teach the learner.","q4":"Paths that the student took before."},"question_order":[0,1,2,3],"trial_type":"survey-multi-choice","trial_index":5,"time_elapsed":247682,"internal_node_id":"0.0-5.0"},{"rt":null,"stimulus":"<p>You can take a 60 second break before starting the experiment.</p><br><br><p>This page will advance in 60 seconds or you can press any key to advance now.</p>","response":null,"trial_type":"html-keyboard-response","trial_index":6,"time_elapsed":307685,"internal_node_id":"0.0-7.0"},{"view_history":[{"page_index":0,"viewing_time":31686}],"rt":31687,"trial_type":"instructions","trial_index":7,"time_elapsed":339373,"internal_node_id":"0.0-8.0"},{"rt":7075,"url":"../static/nodeGraphs_normal.html","edge":"1to4","edgeRT":"4581","skip":"false","flipped":"FALSE","index":"0","edgeClickLog":"[{\"edgeSelection\":\"1to4\",\"edgeRTMS\":4581}]","trial_id":"cong_0","congruency":"C","trial_group":"1to5","condition":"normal","inference_edge":[],"inference_edgeClickLog":[],"task":"experiment","subjectId":"q9z00ozr4gp5kha","trial_type":"external-html","trial_index":8,"time_elapsed":346618,"internal_node_id":"0.0-9.0-0.0"},{"rt":6669,"url":"../static/nodeGraphs_normal.html","edge":"2to6","edgeRT":"3961","skip":"false","flipped":"FALSE","index":"1","edgeClickLog":"[{\"edgeSelection\":\"2to6\",\"edgeRTMS\":3961}]","trial_id":"cong_1","congruency":"C","trial_group":"1to5","condition":"normal","inference_edge":[],"inference_edgeClickLog":[],"task":"experiment","subjectId":"q9z00ozr4gp5kha","trial_type":"external-html","trial_index":9,"time_elapsed":353961,"internal_node_id":"0.0-9.0-0.1"},{"rt":10809,"url":"../static/nodeGraphs_normal.html","edge":"2to5","edgeRT":"3292","skip":"false","flipped":"FALSE","index":"2","edgeClickLog":"[{\"edgeSelection\":\"2to5\",\"edgeRTMS\":3292}]","trial_id":"cong_6","congruency":"C","trial_group":"1to5","condition":"normal","inference_edge":[],"inference_edgeClickLog":[],"task":"experiment","subjectId":"q9z00ozr4gp5kha","trial_type":"external-html","trial_index":10,"time_elapsed":365447,"internal_node_id":"0.0-9.0-0.2"},{"rt":5783,"url":"../static/nodeGraphs_normal.html","edge":"2to4","edgeRT":"4113","skip":"false","flipped":"FALSE","index":"3","edgeClickLog":"[{\"edgeSelection\":\"2to4\",\"edgeRTMS\":4113}]","trial_id":"cong_4","congruency":"C","trial_group":"1to5","condition":"normal","inference_edge":[],"inference_edgeClickLog":[],"task":"experiment","subjectId":"q9z00ozr4gp5kha","trial_type":"external-html","trial_index":11,"time_elapsed":371915,"internal_node_id":"0.0-9.0-0.3"},{"rt":6865,"url":"../static/nodeGraphs_normal.html","edge":"2to5","edgeRT":"5276","skip":"false","flipped":"FALSE","index":"4","edgeClickLog":"[{\"edgeSelection\":\"2to5\",\"edgeRTMS\":5276}]","trial_id":"cong_9","congruency":"C","trial_group":"1to5","condition":"normal","inference_edge":[],"inference_edgeClickLog":[],"task":"experiment","subjectId":"q9z00ozr4gp5kha","trial_type":"external-html","trial_index":12,"time_elapsed":379448,"internal_node_id":"0.0-9.0-0.4"},{"rt":4239,"url":"../static/nodeGraphs_normal.html","edge":"3to6","edgeRT":"3668","skip":"false","flipped":"TRUE","index":"5","edgeClickLog":"[{\"edgeSelection\":\"3to6\",\"edgeRTMS\":3668}]","trial_id":"cong_0_flipped","congruency":"C","trial_group":"5to10","condition":"normal","inference_edge":[],"inference_edgeClickLog":[],"task":"experiment","subjectId":"q9z00ozr4gp5kha","trial_type":"external-html","trial_index":13,"time_elapsed":384363,"internal_node_id":"0.0-9.0-0.5"},{"rt":9654,"url":"../static/nodeGraphs_normal.html","edge":"2to4","edgeRT":"5551","skip":"false","flipped":"TRUE","index":"6","edgeClickLog":"[{\"edgeSelection\":\"2to4\",\"edgeRTMS\":5551}]","trial_id":"cong_1_flipped","congruency":"C","trial_group":"5to10","condition":"normal","inference_edge":[],"inference_edgeClickLog":[],"task":"experiment","subjectId":"q9z00ozr4gp5kha","trial_type":"external-html","trial_index":14,"time_elapsed":394686,"internal_node_id":"0.0-9.0-0.6"},{"rt":10954,"url":"../static/nodeGraphs_normal.html","edge":"2to5","edgeRT":"7404","skip":"false","flipped":"TRUE","index":"7","edgeClickLog":"[{\"edgeSelection\":\"2to5\",\"edgeRTMS\":7404}]","trial_id":"cong_6_flipped","congruency":"C","trial_group":"5to10","condition":"normal","inference_edge":[],"inference_edgeClickLog":[],"task":"experiment","subjectId":"q9z00ozr4gp5kha","trial_type":"external-html","trial_index":15,"time_elapsed":406311,"internal_node_id":"0.0-9.0-0.7"},{"rt":4991,"url":"../static/nodeGraphs_normal.html","edge":"2to6","edgeRT":"3019","skip":"false","flipped":"TRUE","index":"8","edgeClickLog":"[{\"edgeSelection\":\"2to6\",\"edgeRTMS\":3019}]","trial_id":"cong_4_flipped","congruency":"C","trial_group":"5to10","condition":"normal","inference_edge":[],"inference_edgeClickLog":[],"task":"experiment","subjectId":"q9z00ozr4gp5kha","trial_type":"external-html","trial_index":16,"time_elapsed":411969,"internal_node_id":"0.0-9.0-0.8"},{"rt":8552,"url":"../static/nodeGraphs_normal.html","edge":"2to5","edgeRT":"3696","skip":"false","flipped":"TRUE","index":"9","edgeClickLog":"[{\"edgeSelection\":\"2to5\",\"edgeRTMS\":3696}]","trial_id":"cong_9_flipped","congruency":"C","trial_group":"5to10","condition":"normal","inference_edge":[],"inference_edgeClickLog":[],"task":"experiment","subjectId":"q9z00ozr4gp5kha","trial_type":"external-html","trial_index":17,"time_elapsed":421188,"internal_node_id":"0.0-9.0-0.9"},{"rt":6701,"url":"../static/nodeGraphs_normal.html","edge":"1to4","edgeRT":"4210","skip":"false","flipped":"FALSE","index":"10","edgeClickLog":"[{\"edgeSelection\":\"1to4\",\"edgeRTMS\":4210}]","trial_id":"cong_0","congruency":"C","trial_group":"10to15","condition":"normal","inference_edge":[],"inference_edgeClickLog":[],"task":"experiment","subjectId":"q9z00ozr4gp5kha","trial_type":"external-html","trial_index":18,"time_elapsed":428552,"internal_node_id":"0.0-9.0-0.10"},{"rt":5651,"url":"../static/nodeGraphs_normal.html","edge":"2to6","edgeRT":"4387","skip":"false","flipped":"FALSE","index":"11","edgeClickLog":"[{\"edgeSelection\":\"2to6\",\"edgeRTMS\":4387}]","trial_id":"cong_1","congruency":"C","trial_group":"10to15","condition":"normal","inference_edge":[],"inference_edgeClickLog":[],"task":"experiment","subjectId":"q9z00ozr4gp5kha","trial_type":"external-html","trial_index":19,"time_elapsed":434872,"internal_node_id":"0.0-9.0-0.11"},{"rt":6087,"url":"../static/nodeGraphs_normal.html","edge":"2to5","edgeRT":"5535","skip":"false","flipped":"FALSE","index":"12","edgeClickLog":"[{\"edgeSelection\":\"2to5\",\"edgeRTMS\":5535}]","trial_id":"cong_6","congruency":"C","trial_group":"10to15","condition":"normal","inference_edge":[],"inference_edgeClickLog":[],"task":"experiment","subjectId":"q9z00ozr4gp5kha","trial_type":"external-html","trial_index":20,"time_elapsed":441626,"internal_node_id":"0.0-9.0-0.12"},{"rt":4886,"url":"../static/nodeGraphs_normal.html","edge":"2to4","edgeRT":"2584","skip":"false","flipped":"FALSE","index":"13","edgeClickLog":"[{\"edgeSelection\":\"2to4\",\"edgeRTMS\":2584}]","trial_id":"cong_4","congruency":"C","trial_group":"10to15","condition":"normal","inference_edge":[],"inference_edgeClickLog":[],"task":"experiment","subjectId":"q9z00ozr4gp5kha","trial_type":"external-html","trial_index":21,"time_elapsed":447167,"internal_node_id":"0.0-9.0-0.13"},{"rt":3954,"url":"../static/nodeGraphs_normal.html","edge":"2to5","edgeRT":"3423","skip":"false","flipped":"FALSE","index":"14","edgeClickLog":"[{\"edgeSelection\":\"2to5\",\"edgeRTMS\":3423}]","trial_id":"cong_9","congruency":"C","trial_group":"10to15","condition":"normal","inference_edge":[],"inference_edgeClickLog":[],"task":"experiment","subjectId":"q9z00ozr4gp5kha","trial_type":"external-html","trial_index":22,"time_elapsed":451794,"internal_node_id":"0.0-9.0-0.14"},{"rt":14835,"url":"../static/nodeGraphs_normal.html","edge":"6to8","edgeRT":"5638","skip":"false","flipped":"FALSE","index":"15","edgeClickLog":"[{\"edgeSelection\":\"6to8\",\"edgeRTMS\":5638}]","trial_id":"test_0","congruency":"I","trial_group":"15to20","condition":"normal","inference_edge":[],"inference_edgeClickLog":[],"task":"experiment","subjectId":"q9z00ozr4gp5kha","trial_type":"external-html","trial_index":23,"time_elapsed":467295,"internal_node_id":"0.0-9.0-0.15"},{"rt":6560,"url":"../static/nodeGraphs_normal.html","edge":"3to6","edgeRT":"4277","skip":"false","flipped":"FALSE","index":"16","edgeClickLog":"[{\"edgeSelection\":\"3to6\",\"edgeRTMS\":4277}]","trial_id":"test_1","congruency":"I","trial_group":"15to20","condition":"normal","inference_edge":[],"inference_edgeClickLog":[],"task":"experiment","subjectId":"q9z00ozr4gp5kha","trial_type":"external-html","trial_index":24,"time_elapsed":474518,"internal_node_id":"0.0-9.0-0.16"},{"rt":7145,"url":"../static/nodeGraphs_normal.html","edge":"3to6","edgeRT":"3644","skip":"false","flipped":"FALSE","index":"17","edgeClickLog":"[{\"edgeSelection\":\"3to6\",\"edgeRTMS\":3644}]","trial_id":"test_2","congruency":"I","trial_group":"15to20","condition":"normal","inference_edge":[],"inference_edgeClickLog":[],"task":"experiment","subjectId":"q9z00ozr4gp5kha","trial_type":"external-html","trial_index":25,"time_elapsed":482332,"internal_node_id":"0.0-9.0-0.17"},{"rt":9873,"url":"../static/nodeGraphs_normal.html","edge":"1to5","edgeRT":"5121","skip":"false","flipped":"FALSE","index":"18","edgeClickLog":"[{\"edgeSelection\":\"1to5\",\"edgeRTMS\":5121}]","trial_id":"test_3","congruency":"I","trial_group":"15to20","condition":"normal","inference_edge":[],"inference_edgeClickLog":[],"task":"experiment","subjectId":"q9z00ozr4gp5kha","trial_type":"external-html","trial_index":26,"time_elapsed":492882,"internal_node_id":"0.0-9.0-0.18"},{"rt":18078,"url":"../static/nodeGraphs_normal.html","edge":"5to9","edgeRT":"16217","skip":"false","flipped":"FALSE","index":"19","edgeClickLog":"[{\"edgeSelection\":\"5to9\",\"edgeRTMS\":16217}]","trial_id":"test_4","congruency":"I","trial_group":"15to20","condition":"normal","inference_edge":[],"inference_edgeClickLog":[],"task":"experiment","subjectId":"q9z00ozr4gp5kha","trial_type":"external-html","trial_index":27,"time_elapsed":511625,"internal_node_id":"0.0-9.0-0.19"},{"rt":27371,"response":{"P0_Q0":null,"P0_Q1":2,"P0_Q2":6,"P0_Q3":5,"P0_Q4":3,"P0_Q5":3,"strategies":"Choosing the path between two of the highest values","feedback":""},"accuracy":[],"trial_type":"survey","trial_index":28,"time_elapsed":539565,"internal_node_id":"0.0-10.0"},{"rt":3404,"stimulus":"<p>Thanks for your time!</p>        <p>We need to manually calculate your bonus pay, please give us up to 7 days.</p><p>Press any key to conclude.</p>","response":"enter","task":"end","subjectId":"q9z00ozr4gp5kha","trial_type":"html-keyboard-response","trial_index":29,"time_elapsed":542972,"internal_node_id":"0.0-11.0","interactions":"[{\"event\":\"fullscreenenter\",\"trial\":1,\"time\":2171}]"}]