[{"success":true,"timeout":false,"failed_images":[],"failed_audio":[],"failed_video":[],"trial_type":"preload","trial_index":0,"time_elapsed":624,"internal_node_id":"0.0-0.0"},{"success":true,"trial_type":"fullscreen","trial_index":1,"time_elapsed":3032,"internal_node_id":"0.0-1.0"},{"rt":1806,"stimulus":"Welcome to the experiment. Press any key to begin.","response":" ","trial_type":"html-keyboard-response","trial_index":2,"time_elapsed":4838,"internal_node_id":"0.0-2.0"},{"view_history":[{"page_index":0,"viewing_time":5909},{"page_index":1,"viewing_time":7244},{"page_index":2,"viewing_time":33827},{"page_index":3,"viewing_time":8436},{"page_index":4,"viewing_time":1946},{"page_index":5,"viewing_time":1612},{"page_index":6,"viewing_time":3010},{"page_index":7,"viewing_time":8181},{"page_index":8,"viewing_time":164585},{"page_index":9,"viewing_time":8682},{"page_index":10,"viewing_time":982},{"page_index":11,"viewing_time":478},{"page_index":12,"viewing_time":450},{"page_index":13,"viewing_time":2290},{"page_index":14,"viewing_time":3928},{"page_index":15,"viewing_time":10508},{"page_index":16,"viewing_time":3177},{"page_index":17,"viewing_time":859},{"page_index":18,"viewing_time":1380},{"page_index":19,"viewing_time":7194},{"page_index":20,"viewing_time":4689},{"page_index":21,"viewing_time":5473}],"rt":284841,"trial_type":"instructions","trial_index":3,"time_elapsed":289680,"internal_node_id":"0.0-3.0"},{"rt":103133,"url":"../static/nodeGraphsTraining_normal.html","skip":[],"edgeClickLog":[],"inference_edge":[],"inference_edgeClickLog":[],"trial_type":"external-html","trial_index":4,"time_elapsed":393085,"internal_node_id":"0.0-4.0"},{"rt":34436,"response":{"q1":"The goal is to help the student to get the most points","q2":"False","q3":"Possible paths you, as the teacher, can choose to teach the learner.","q4":"Paths that the student took before."},"question_order":[0,1,2,3],"trial_type":"survey-multi-choice","trial_index":5,"time_elapsed":427530,"internal_node_id":"0.0-5.0"},{"rt":4406,"stimulus":"<p>You can take a 60 second break before starting the experiment.</p><br><br><p>This page will advance in 60 seconds or you can press any key to advance now.</p>","response":"enter","trial_type":"html-keyboard-response","trial_index":6,"time_elapsed":431942,"internal_node_id":"0.0-7.0"},{"view_history":[{"page_index":0,"viewing_time":26082}],"rt":26083,"trial_type":"instructions","trial_index":7,"time_elapsed":458027,"internal_node_id":"0.0-8.0"},{"rt":8012,"url":"../static/nodeGraphs_normal.html","edge":"5to7","edgeRT":"3958","skip":"false","flipped":"FALSE","index":"0","edgeClickLog":"[{\"edgeSelection\":\"5to7\",\"edgeRTMS\":3958}]","trial_id":"cong_0","congruency":"C","trial_group":"1to5","condition":"normal","inference_edge":[],"inference_edgeClickLog":[],"task":"experiment","subjectId":"l3hfx7eo84zlaee","trial_type":"external-html","trial_index":8,"time_elapsed":466183,"internal_node_id":"0.0-9.0-0.0"},{"rt":19458,"url":"../static/nodeGraphs_normal.html","edge":"2to6","edgeRT":"17946","skip":"false","flipped":"FALSE","index":"1","edgeClickLog":"[{\"edgeSelection\":\"2to6\",\"edgeRTMS\":11149},{\"edgeSelection\":\"6to9\",\"edgeRTMS\":14094},{\"edgeSelection\":\"2to6\",\"edgeRTMS\":17946}]","trial_id":"cong_1","congruency":"C","trial_group":"1to5","condition":"normal","inference_edge":[],"inference_edgeClickLog":[],"task":"experiment","subjectId":"l3hfx7eo84zlaee","trial_type":"external-html","trial_index":9,"time_elapsed":486285,"internal_node_id":"0.0-9.0-0.1"},{"rt":12976,"url":"../static/nodeGraphs_normal.html","edge":"2to5","edgeRT":"6243","skip":"false","flipped":"FALSE","index":"2","edgeClickLog":"[{\"edgeSelection\":\"2to5\",\"edgeRTMS\":6243}]","trial_id":"cong_6","congruency":"C","trial_group":"1to5","condition":"normal","inference_edge":[],"inference_edgeClickLog":[],"task":"experiment","subjectId":"l3hfx7eo84zlaee","trial_type":"external-html","trial_index":10,"time_elapsed":499901,"internal_node_id":"0.0-9.0-0.2"},{"rt":9279,"url":"../static/nodeGraphs_normal.html","edge":"2to4","edgeRT":"6675","skip":"false","flipped":"FALSE","index":"3","edgeClickLog":"[{\"edgeSelection\":\"2to4\",\"edgeRTMS\":6675}]","trial_id":"cong_4","congruency":"C","trial_group":"1to5","condition":"normal","inference_edge":[],"inference_edgeClickLog":[],"task":"experiment","subjectId":"l3hfx7eo84zlaee","trial_type":"external-html","trial_index":11,"time_elapsed":509819,"internal_node_id":"0.0-9.0-0.3"},{"rt":7652,"url":"../static/nodeGraphs_normal.html","edge":"2to5","edgeRT":"5090","skip":"false","flipped":"FALSE","index":"4","edgeClickLog":"[{\"edgeSelection\":\"2to5\",\"edgeRTMS\":5090}]","trial_id":"cong_9","congruency":"C","trial_group":"1to5","condition":"normal","inference_edge":[],"inference_edgeClickLog":[],"task":"experiment","subjectId":"l3hfx7eo84zlaee","trial_type":"external-html","trial_index":12,"time_elapsed":518126,"internal_node_id":"0.0-9.0-0.4"},{"rt":9409,"url":"../static/nodeGraphs_normal.html","edge":"3to6","edgeRT":"7564","skip":"false","flipped":"TRUE","index":"5","edgeClickLog":"[{\"edgeSelection\":\"3to6\",\"edgeRTMS\":7564}]","trial_id":"cong_0_flipped","congruency":"C","trial_group":"5to10","condition":"normal","inference_edge":[],"inference_edgeClickLog":[],"task":"experiment","subjectId":"l3hfx7eo84zlaee","trial_type":"external-html","trial_index":13,"time_elapsed":528174,"internal_node_id":"0.0-9.0-0.5"},{"rt":7198,"url":"../static/nodeGraphs_normal.html","edge":"2to4","edgeRT":"6080","skip":"false","flipped":"TRUE","index":"6","edgeClickLog":"[{\"edgeSelection\":\"2to4\",\"edgeRTMS\":6080}]","trial_id":"cong_1_flipped","congruency":"C","trial_group":"5to10","condition":"normal","inference_edge":[],"inference_edgeClickLog":[],"task":"experiment","subjectId":"l3hfx7eo84zlaee","trial_type":"external-html","trial_index":14,"time_elapsed":536008,"internal_node_id":"0.0-9.0-0.6"},{"rt":4839,"url":"../static/nodeGraphs_normal.html","edge":"2to5","edgeRT":"4208","skip":"false","flipped":"TRUE","index":"7","edgeClickLog":"[{\"edgeSelection\":\"2to5\",\"edgeRTMS\":4208}]","trial_id":"cong_6_flipped","congruency":"C","trial_group":"5to10","condition":"normal","inference_edge":[],"inference_edgeClickLog":[],"task":"experiment","subjectId":"l3hfx7eo84zlaee","trial_type":"external-html","trial_index":15,"time_elapsed":541482,"internal_node_id":"0.0-9.0-0.7"},{"rt":6149,"url":"../static/nodeGraphs_normal.html","edge":"2to6","edgeRT":"5297","skip":"false","flipped":"TRUE","index":"8","edgeClickLog":"[{\"edgeSelection\":\"2to6\",\"edgeRTMS\":5297}]","trial_id":"cong_4_flipped","congruency":"C","trial_group":"5to10","condition":"normal","inference_edge":[],"inference_edgeClickLog":[],"task":"experiment","subjectId":"l3hfx7eo84zlaee","trial_type":"external-html","trial_index":16,"time_elapsed":548276,"internal_node_id":"0.0-9.0-0.8"},{"rt":5557,"url":"../static/nodeGraphs_normal.html","edge":"2to5","edgeRT":"4239","skip":"false","flipped":"TRUE","index":"9","edgeClickLog":"[{\"edgeSelection\":\"2to5\",\"edgeRTMS\":4239}]","trial_id":"cong_9_flipped","congruency":"C","trial_group":"5to10","condition":"normal","inference_edge":[],"inference_edgeClickLog":[],"task":"experiment","subjectId":"l3hfx7eo84zlaee","trial_type":"external-html","trial_index":17,"time_elapsed":554474,"internal_node_id":"0.0-9.0-0.9"},{"rt":4252,"url":"../static/nodeGraphs_normal.html","edge":"1to4","edgeRT":"3726","skip":"false","flipped":"FALSE","index":"10","edgeClickLog":"[{\"edgeSelection\":\"1to4\",\"edgeRTMS\":3726}]","trial_id":"cong_0","congruency":"C","trial_group":"10to15","condition":"normal","inference_edge":[],"inference_edgeClickLog":[],"task":"experiment","subjectId":"l3hfx7eo84zlaee","trial_type":"external-html","trial_index":18,"time_elapsed":559360,"internal_node_id":"0.0-9.0-0.10"},{"rt":9579,"url":"../static/nodeGraphs_normal.html","edge":"2to6","edgeRT":"8450","skip":"false","flipped":"FALSE","index":"11","edgeClickLog":"[{\"edgeSelection\":\"2to4\",\"edgeRTMS\":6774},{\"edgeSelection\":\"2to6\",\"edgeRTMS\":8450}]","trial_id":"cong_1","congruency":"C","trial_group":"10to15","condition":"normal","inference_edge":[],"inference_edgeClickLog":[],"task":"experiment","subjectId":"l3hfx7eo84zlaee","trial_type":"external-html","trial_index":19,"time_elapsed":569572,"internal_node_id":"0.0-9.0-0.11"},{"rt":8437,"url":"../static/nodeGraphs_normal.html","edge":"2to5","edgeRT":"7139","skip":"false","flipped":"FALSE","index":"12","edgeClickLog":"[{\"edgeSelection\":\"2to5\",\"edgeRTMS\":7139}]","trial_id":"cong_6","congruency":"C","trial_group":"10to15","condition":"normal","inference_edge":[],"inference_edgeClickLog":[],"task":"experiment","subjectId":"l3hfx7eo84zlaee","trial_type":"external-html","trial_index":20,"time_elapsed":578823,"internal_node_id":"0.0-9.0-0.12"},{"rt":3820,"url":"../static/nodeGraphs_normal.html","edge":"2to4","edgeRT":"3184","skip":"false","flipped":"FALSE","index":"13","edgeClickLog":"[{\"edgeSelection\":\"2to4\",\"edgeRTMS\":3184}]","trial_id":"cong_4","congruency":"C","trial_group":"10to15","condition":"normal","inference_edge":[],"inference_edgeClickLog":[],"task":"experiment","subjectId":"l3hfx7eo84zlaee","trial_type":"external-html","trial_index":21,"time_elapsed":583343,"internal_node_id":"0.0-9.0-0.13"},{"rt":5033,"url":"../static/nodeGraphs_normal.html","edge":"2to5","edgeRT":"3977","skip":"false","flipped":"FALSE","index":"14","edgeClickLog":"[{\"edgeSelection\":\"2to5\",\"edgeRTMS\":3977}]","trial_id":"cong_9","congruency":"C","trial_group":"10to15","condition":"normal","inference_edge":[],"inference_edgeClickLog":[],"task":"experiment","subjectId":"l3hfx7eo84zlaee","trial_type":"external-html","trial_index":22,"time_elapsed":589019,"internal_node_id":"0.0-9.0-0.14"},{"rt":63790,"url":"../static/nodeGraphs_normal.html","edge":"3to6","edgeRT":"3993","skip":"false","flipped":"FALSE","index":"15","edgeClickLog":"[{\"edgeSelection\":\"3to6\",\"edgeRTMS\":3993}]","trial_id":"test_0","congruency":"I","trial_group":"15to20","condition":"normal","inference_edge":[],"inference_edgeClickLog":[],"task":"experiment","subjectId":"l3hfx7eo84zlaee","trial_type":"external-html","trial_index":23,"time_elapsed":653453,"internal_node_id":"0.0-9.0-0.15"},{"rt":6575,"url":"../static/nodeGraphs_normal.html","edge":"0to3","edgeRT":"5074","skip":"false","flipped":"FALSE","index":"16","edgeClickLog":"[{\"edgeSelection\":\"0to3\",\"edgeRTMS\":5074}]","trial_id":"test_1","congruency":"I","trial_group":"15to20","condition":"normal","inference_edge":[],"inference_edgeClickLog":[],"task":"experiment","subjectId":"l3hfx7eo84zlaee","trial_type":"external-html","trial_index":24,"time_elapsed":660670,"internal_node_id":"0.0-9.0-0.16"},{"rt":4941,"url":"../static/nodeGraphs_normal.html","edge":"0to3","edgeRT":"3877","skip":"false","flipped":"FALSE","index":"17","edgeClickLog":"[{\"edgeSelection\":\"0to3\",\"edgeRTMS\":3877}]","trial_id":"test_2","congruency":"I","trial_group":"15to20","condition":"normal","inference_edge":[],"inference_edgeClickLog":[],"task":"experiment","subjectId":"l3hfx7eo84zlaee","trial_type":"external-html","trial_index":25,"time_elapsed":666263,"internal_node_id":"0.0-9.0-0.17"},{"rt":4675,"url":"../static/nodeGraphs_normal.html","edge":"0to1","edgeRT":"3186","skip":"false","flipped":"FALSE","index":"18","edgeClickLog":"[{\"edgeSelection\":\"0to1\",\"edgeRTMS\":3186}]","trial_id":"test_3","congruency":"I","trial_group":"15to20","condition":"normal","inference_edge":[],"inference_edgeClickLog":[],"task":"experiment","subjectId":"l3hfx7eo84zlaee","trial_type":"external-html","trial_index":26,"time_elapsed":671585,"internal_node_id":"0.0-9.0-0.18"},{"rt":24683,"url":"../static/nodeGraphs_normal.html","edge":"4to8","edgeRT":"24760","skip":"false","flipped":"FALSE","index":"19","edgeClickLog":"[{\"edgeSelection\":\"4to8\",\"edgeRTMS\":24760}]","trial_id":"test_4","congruency":"I","trial_group":"15to20","condition":"normal","inference_edge":[],"inference_edgeClickLog":[],"task":"experiment","subjectId":"l3hfx7eo84zlaee","trial_type":"external-html","trial_index":27,"time_elapsed":696907,"internal_node_id":"0.0-9.0-0.19"},{"rt":36847,"response":{"P0_Q0":null,"P0_Q1":7,"P0_Q2":7,"P0_Q3":5,"P0_Q4":7,"P0_Q5":7,"strategies":"Just trying my best to pick the best route for the highest points for the student.","feedback":"No"},"accuracy":[],"trial_type":"survey","trial_index":28,"time_elapsed":734389,"internal_node_id":"0.0-10.0"},{"rt":2858,"stimulus":"<p>Thanks for your time!</p>        <p>We need to manually calculate your bonus pay, please give us up to 7 days.</p><p>Press any key to conclude.</p>","response":" ","task":"end","subjectId":"l3hfx7eo84zlaee","trial_type":"html-keyboard-response","trial_index":29,"time_elapsed":737253,"internal_node_id":"0.0-11.0","interactions":"[{\"event\":\"fullscreenenter\",\"trial\":1,\"time\":2054},{\"event\":\"blur\",\"trial\":4,\"time\":301426},{\"event\":\"focus\",\"trial\":4,\"time\":301427},{\"event\":\"fullscreenexit\",\"trial\":4,\"time\":301447},{\"event\":\"blur\",\"trial\":4,\"time\":304658},{\"event\":\"focus\",\"trial\":4,\"time\":304659}]"}]