[{"success":true,"timeout":false,"failed_images":[],"failed_audio":[],"failed_video":[],"trial_type":"preload","trial_index":0,"time_elapsed":790,"internal_node_id":"0.0-0.0"},{"success":true,"trial_type":"fullscreen","trial_index":1,"time_elapsed":3659,"internal_node_id":"0.0-1.0"},{"rt":2074,"stimulus":"Welcome to the experiment. Press any key to begin.","response":" ","trial_type":"html-keyboard-response","trial_index":2,"time_elapsed":5734,"internal_node_id":"0.0-2.0"},{"view_history":[{"page_index":0,"viewing_time":2317},{"page_index":1,"viewing_time":5611},{"page_index":2,"viewing_time":29636},{"page_index":3,"viewing_time":11403},{"page_index":4,"viewing_time":3299},{"page_index":5,"viewing_time":3198},{"page_index":6,"viewing_time":2089},{"page_index":7,"viewing_time":9003},{"page_index":8,"viewing_time":13842},{"page_index":9,"viewing_time":12418},{"page_index":10,"viewing_time":1712},{"page_index":11,"viewing_time":983},{"page_index":12,"viewing_time":921},{"page_index":13,"viewing_time":1210},{"page_index":14,"viewing_time":7102},{"page_index":15,"viewing_time":4615},{"page_index":16,"viewing_time":1582},{"page_index":17,"viewing_time":742},{"page_index":18,"viewing_time":1362},{"page_index":19,"viewing_time":4193},{"page_index":20,"viewing_time":7627},{"page_index":21,"viewing_time":4862}],"rt":129727,"trial_type":"instructions","trial_index":3,"time_elapsed":135461,"internal_node_id":"0.0-3.0"},{"rt":140882,"url":"../static/nodeGraphsTraining_distractor.html","skip":[],"edgeClickLog":[],"inference_edge":[],"inference_edgeClickLog":[],"trial_type":"external-html","trial_index":4,"time_elapsed":276444,"internal_node_id":"0.0-4.0"},{"rt":61208,"response":{"q1":"The goal is to help the student to get the most points.","q2":"False","q3":"Possible edges you, as the teacher, can choose to teach the learner.","q4":"Edges that the student took before."},"question_order":[0,1,2,3],"trial_type":"survey-multi-choice","trial_index":5,"time_elapsed":337654,"internal_node_id":"0.0-5.0"},{"rt":58531,"stimulus":"<p>You can take a 60 second break before starting the experiment.</p><br><br><p>This page will advance in 60 seconds or you can press any key to advance now.</p>","response":" ","trial_type":"html-keyboard-response","trial_index":6,"time_elapsed":396187,"internal_node_id":"0.0-7.0"},{"view_history":[{"page_index":0,"viewing_time":14049}],"rt":14049,"trial_type":"instructions","trial_index":7,"time_elapsed":410235,"internal_node_id":"0.0-8.0"},{"rt":72747,"url":"../static/nodeGraphs_distractor.html","edge":"1to4","edgeRT":"14695","skip":"false","flipped":"FALSE","index":"0","edgeClickLog":"[{\"edgeSelection\":\"1to4\",\"edgeRTMS\":6045},{\"edgeSelection\":\"4to7\",\"edgeRTMS\":12569},{\"edgeSelection\":\"1to4\",\"edgeRTMS\":14695}]","trial_id":"cong_0","congruency":"C","trial_group":"1to5","condition":"distractor","inference_edge":"1to4,4to7,2to4","inference_edgeClickLog":"[{\"edgeSelection\":\"1to4\",\"edgeRTMS\":9814},{\"edgeSelection\":\"4to7\",\"edgeRTMS\":14193},{\"edgeSelection\":\"2to4\",\"edgeRTMS\":19398}]","inference_edgeRT":"19398","inference_edge_last":"2to4","task":"experiment","subjectId":"u4798lwbnfjcn7e","trial_type":"external-html","trial_index":8,"time_elapsed":483083,"internal_node_id":"0.0-9.0-0.0"},{"rt":42395,"url":"../static/nodeGraphs_distractor.html","edge":"2to6","edgeRT":"11424","skip":"false","flipped":"FALSE","index":"1","edgeClickLog":"[{\"edgeSelection\":\"2to6\",\"edgeRTMS\":6139},{\"edgeSelection\":\"6to9\",\"edgeRTMS\":10243},{\"edgeSelection\":\"2to6\",\"edgeRTMS\":11424}]","trial_id":"cong_1","congruency":"C","trial_group":"1to5","condition":"distractor","inference_edge":"2to4,2to6,6to9","inference_edgeClickLog":"[{\"edgeSelection\":\"2to4\",\"edgeRTMS\":5496},{\"edgeSelection\":\"3to5\",\"edgeRTMS\":8995},{\"edgeSelection\":\"3to5\",\"edgeRTMS\":10374},{\"edgeSelection\":\"2to6\",\"edgeRTMS\":10938},{\"edgeSelection\":\"6to9\",\"edgeRTMS\":16503}]","inference_edgeRT":"16503","inference_edge_last":"6to9","task":"experiment","subjectId":"u4798lwbnfjcn7e","trial_type":"external-html","trial_index":9,"time_elapsed":526088,"internal_node_id":"0.0-9.0-0.1"},{"rt":26324,"url":"../static/nodeGraphs_distractor.html","edge":"2to5","edgeRT":"5766","skip":"false","flipped":"FALSE","index":"2","edgeClickLog":"[{\"edgeSelection\":\"2to5\",\"edgeRTMS\":5766}]","trial_id":"cong_6","congruency":"C","trial_group":"1to5","condition":"distractor","inference_edge":"2to5,5to7,5to9","inference_edgeClickLog":"[{\"edgeSelection\":\"2to5\",\"edgeRTMS\":7318},{\"edgeSelection\":\"5to7\",\"edgeRTMS\":9987},{\"edgeSelection\":\"5to9\",\"edgeRTMS\":16112}]","inference_edgeRT":"16112","inference_edge_last":"5to9","task":"experiment","subjectId":"u4798lwbnfjcn7e","trial_type":"external-html","trial_index":10,"time_elapsed":553025,"internal_node_id":"0.0-9.0-0.2"},{"rt":23892,"url":"../static/nodeGraphs_distractor.html","edge":"2to4","edgeRT":"5047","skip":"false","flipped":"FALSE","index":"3","edgeClickLog":"[{\"edgeSelection\":\"2to4\",\"edgeRTMS\":5047}]","trial_id":"cong_4","congruency":"C","trial_group":"1to5","condition":"distractor","inference_edge":"2to4,4to8,1to4","inference_edgeClickLog":"[{\"edgeSelection\":\"2to4\",\"edgeRTMS\":4107},{\"edgeSelection\":\"4to8\",\"edgeRTMS\":6005},{\"edgeSelection\":\"1to4\",\"edgeRTMS\":12384}]","inference_edgeRT":"12384","inference_edge_last":"1to4","task":"experiment","subjectId":"u4798lwbnfjcn7e","trial_type":"external-html","trial_index":11,"time_elapsed":577525,"internal_node_id":"0.0-9.0-0.3"},{"rt":17870,"url":"../static/nodeGraphs_distractor.html","edge":"2to5","edgeRT":"5279","skip":"false","flipped":"FALSE","index":"4","edgeClickLog":"[{\"edgeSelection\":\"2to5\",\"edgeRTMS\":5279}]","trial_id":"cong_9","congruency":"C","trial_group":"1to5","condition":"distractor","inference_edge":"2to5,5to8,5to9","inference_edgeClickLog":"[{\"edgeSelection\":\"2to5\",\"edgeRTMS\":4071},{\"edgeSelection\":\"5to8\",\"edgeRTMS\":5515},{\"edgeSelection\":\"5to9\",\"edgeRTMS\":6987}]","inference_edgeRT":"6987","inference_edge_last":"5to9","task":"experiment","subjectId":"u4798lwbnfjcn7e","trial_type":"external-html","trial_index":12,"time_elapsed":595995,"internal_node_id":"0.0-9.0-0.4"},{"rt":23741,"url":"../static/nodeGraphs_distractor.html","edge":"3to6","edgeRT":"5592","skip":"false","flipped":"TRUE","index":"5","edgeClickLog":"[{\"edgeSelection\":\"3to6\",\"edgeRTMS\":5592}]","trial_id":"cong_0_flipped","congruency":"C","trial_group":"5to10","condition":"distractor","inference_edge":"0to2,2to6,3to6","inference_edgeClickLog":"[{\"edgeSelection\":\"0to2\",\"edgeRTMS\":6863},{\"edgeSelection\":\"2to6\",\"edgeRTMS\":8570},{\"edgeSelection\":\"3to6\",\"edgeRTMS\":11106}]","inference_edgeRT":"11106","inference_edge_last":"3to6","task":"experiment","subjectId":"u4798lwbnfjcn7e","trial_type":"external-html","trial_index":13,"time_elapsed":620337,"internal_node_id":"0.0-9.0-0.5"},{"rt":21220,"url":"../static/nodeGraphs_distractor.html","edge":"2to4","edgeRT":"8997","skip":"false","flipped":"TRUE","index":"6","edgeClickLog":"[{\"edgeSelection\":\"2to4\",\"edgeRTMS\":8997}]","trial_id":"cong_1_flipped","congruency":"C","trial_group":"5to10","condition":"distractor","inference_edge":"2to4,2to6,6to9","inference_edgeClickLog":"[{\"edgeSelection\":\"2to4\",\"edgeRTMS\":3982},{\"edgeSelection\":\"2to6\",\"edgeRTMS\":6549},{\"edgeSelection\":\"6to9\",\"edgeRTMS\":9196}]","inference_edgeRT":"9196","inference_edge_last":"6to9","task":"experiment","subjectId":"u4798lwbnfjcn7e","trial_type":"external-html","trial_index":14,"time_elapsed":642169,"internal_node_id":"0.0-9.0-0.6"},{"rt":22952,"url":"../static/nodeGraphs_distractor.html","edge":"2to5","edgeRT":"5432","skip":"false","flipped":"TRUE","index":"7","edgeClickLog":"[{\"edgeSelection\":\"2to5\",\"edgeRTMS\":5432}]","trial_id":"cong_6_flipped","congruency":"C","trial_group":"5to10","condition":"distractor","inference_edge":"2to5,5to9,3to6","inference_edgeClickLog":"[{\"edgeSelection\":\"2to5\",\"edgeRTMS\":7210},{\"edgeSelection\":\"5to9\",\"edgeRTMS\":12019},{\"edgeSelection\":\"3to6\",\"edgeRTMS\":13460}]","inference_edgeRT":"13460","inference_edge_last":"3to6","task":"experiment","subjectId":"u4798lwbnfjcn7e","trial_type":"external-html","trial_index":15,"time_elapsed":665723,"internal_node_id":"0.0-9.0-0.7"},{"rt":21203,"url":"../static/nodeGraphs_distractor.html","edge":"2to6","edgeRT":"4778","skip":"false","flipped":"TRUE","index":"8","edgeClickLog":"[{\"edgeSelection\":\"2to6\",\"edgeRTMS\":4778}]","trial_id":"cong_4_flipped","congruency":"C","trial_group":"5to10","condition":"distractor","inference_edge":"2to6,5to8,6to9","inference_edgeClickLog":"[{\"edgeSelection\":\"2to6\",\"edgeRTMS\":2974},{\"edgeSelection\":\"5to8\",\"edgeRTMS\":11890},{\"edgeSelection\":\"6to9\",\"edgeRTMS\":13718}]","inference_edgeRT":"13718","inference_edge_last":"6to9","task":"experiment","subjectId":"u4798lwbnfjcn7e","trial_type":"external-html","trial_index":16,"time_elapsed":687536,"internal_node_id":"0.0-9.0-0.8"},{"rt":13044,"url":"../static/nodeGraphs_distractor.html","edge":"2to5","edgeRT":"2644","skip":"false","flipped":"TRUE","index":"9","edgeClickLog":"[{\"edgeSelection\":\"2to5\",\"edgeRTMS\":2644}]","trial_id":"cong_9_flipped","congruency":"C","trial_group":"5to10","condition":"distractor","inference_edge":"2to5,5to8,5to7","inference_edgeClickLog":"[{\"edgeSelection\":\"2to5\",\"edgeRTMS\":3378},{\"edgeSelection\":\"5to8\",\"edgeRTMS\":4133},{\"edgeSelection\":\"5to7\",\"edgeRTMS\":5394}]","inference_edgeRT":"5394","inference_edge_last":"5to7","task":"experiment","subjectId":"u4798lwbnfjcn7e","trial_type":"external-html","trial_index":17,"time_elapsed":701179,"internal_node_id":"0.0-9.0-0.9"},{"rt":24124,"url":"../static/nodeGraphs_distractor.html","edge":"1to4","edgeRT":"3753","skip":"false","flipped":"FALSE","index":"10","edgeClickLog":"[{\"edgeSelection\":\"1to4\",\"edgeRTMS\":3753}]","trial_id":"cong_0","congruency":"C","trial_group":"10to15","condition":"distractor","inference_edge":"1to4,0to2,2to4","inference_edgeClickLog":"[{\"edgeSelection\":\"1to4\",\"edgeRTMS\":3264},{\"edgeSelection\":\"0to2\",\"edgeRTMS\":8704},{\"edgeSelection\":\"2to4\",\"edgeRTMS\":12544}]","inference_edgeRT":"12544","inference_edge_last":"2to4","task":"experiment","subjectId":"u4798lwbnfjcn7e","trial_type":"external-html","trial_index":18,"time_elapsed":725901,"internal_node_id":"0.0-9.0-0.10"},{"rt":18376,"url":"../static/nodeGraphs_distractor.html","edge":"2to6","edgeRT":"3921","skip":"false","flipped":"FALSE","index":"11","edgeClickLog":"[{\"edgeSelection\":\"2to6\",\"edgeRTMS\":3921}]","trial_id":"cong_1","congruency":"C","trial_group":"10to15","condition":"distractor","inference_edge":"2to6,2to4,4to7","inference_edgeClickLog":"[{\"edgeSelection\":\"2to6\",\"edgeRTMS\":3258},{\"edgeSelection\":\"2to4\",\"edgeRTMS\":6248},{\"edgeSelection\":\"4to7\",\"edgeRTMS\":10430}]","inference_edgeRT":"10430","inference_edge_last":"4to7","task":"experiment","subjectId":"u4798lwbnfjcn7e","trial_type":"external-html","trial_index":19,"time_elapsed":744889,"internal_node_id":"0.0-9.0-0.11"},{"rt":21717,"url":"../static/nodeGraphs_distractor.html","edge":"2to5","edgeRT":"3754","skip":"false","flipped":"FALSE","index":"12","edgeClickLog":"[{\"edgeSelection\":\"2to5\",\"edgeRTMS\":3754}]","trial_id":"cong_6","congruency":"C","trial_group":"10to15","condition":"distractor","inference_edge":"2to5,0to1,1to5","inference_edgeClickLog":"[{\"edgeSelection\":\"2to5\",\"edgeRTMS\":2650},{\"edgeSelection\":\"0to1\",\"edgeRTMS\":11197},{\"edgeSelection\":\"1to5\",\"edgeRTMS\":13451}]","inference_edgeRT":"13451","inference_edge_last":"1to5","task":"experiment","subjectId":"u4798lwbnfjcn7e","trial_type":"external-html","trial_index":20,"time_elapsed":767207,"internal_node_id":"0.0-9.0-0.12"},{"rt":17262,"url":"../static/nodeGraphs_distractor.html","edge":"2to4","edgeRT":"5205","skip":"false","flipped":"FALSE","index":"13","edgeClickLog":"[{\"edgeSelection\":\"2to4\",\"edgeRTMS\":5205}]","trial_id":"cong_4","congruency":"C","trial_group":"10to15","condition":"distractor","inference_edge":"2to4,4to8,1to4","inference_edgeClickLog":"[{\"edgeSelection\":\"2to4\",\"edgeRTMS\":4410},{\"edgeSelection\":\"4to8\",\"edgeRTMS\":5575},{\"edgeSelection\":\"1to4\",\"edgeRTMS\":9017}]","inference_edgeRT":"9017","inference_edge_last":"1to4","task":"experiment","subjectId":"u4798lwbnfjcn7e","trial_type":"external-html","trial_index":21,"time_elapsed":785074,"internal_node_id":"0.0-9.0-0.13"},{"rt":10799,"url":"../static/nodeGraphs_distractor.html","edge":"2to5","edgeRT":"2272","skip":"false","flipped":"FALSE","index":"14","edgeClickLog":"[{\"edgeSelection\":\"2to5\",\"edgeRTMS\":2272}]","trial_id":"cong_9","congruency":"C","trial_group":"10to15","condition":"distractor","inference_edge":"2to5,5to8,5to9","inference_edgeClickLog":"[{\"edgeSelection\":\"2to5\",\"edgeRTMS\":3340},{\"edgeSelection\":\"5to8\",\"edgeRTMS\":4532},{\"edgeSelection\":\"5to9\",\"edgeRTMS\":5821}]","inference_edgeRT":"5821","inference_edge_last":"5to9","task":"experiment","subjectId":"u4798lwbnfjcn7e","trial_type":"external-html","trial_index":22,"time_elapsed":796481,"internal_node_id":"0.0-9.0-0.14"},{"rt":20465,"url":"../static/nodeGraphs_distractor.html","edge":"5to8","edgeRT":"6948","skip":"false","flipped":"FALSE","index":"15","edgeClickLog":"[{\"edgeSelection\":\"5to8\",\"edgeRTMS\":6948}]","trial_id":"test_0","congruency":"I","trial_group":"15to20","condition":"distractor","inference_edge":"2to5,5to8,5to9","inference_edgeClickLog":"[{\"edgeSelection\":\"2to5\",\"edgeRTMS\":3340},{\"edgeSelection\":\"5to8\",\"edgeRTMS\":4532},{\"edgeSelection\":\"5to9\",\"edgeRTMS\":5821}]","inference_edgeRT":"5821","inference_edge_last":"","task":"experiment","subjectId":"u4798lwbnfjcn7e","trial_type":"external-html","trial_index":23,"time_elapsed":817556,"internal_node_id":"0.0-9.0-0.15"},{"rt":15692,"url":"../static/nodeGraphs_distractor.html","edge":"1to4","edgeRT":"12592","skip":"false","flipped":"FALSE","index":"16","edgeClickLog":"[{\"edgeSelection\":\"1to4\",\"edgeRTMS\":12592}]","trial_id":"test_1","congruency":"I","trial_group":"15to20","condition":"distractor","inference_edge":"2to5,5to8,5to9","inference_edgeClickLog":"[{\"edgeSelection\":\"2to5\",\"edgeRTMS\":3340},{\"edgeSelection\":\"5to8\",\"edgeRTMS\":4532},{\"edgeSelection\":\"5to9\",\"edgeRTMS\":5821}]","inference_edgeRT":"5821","inference_edge_last":"","task":"experiment","subjectId":"u4798lwbnfjcn7e","trial_type":"external-html","trial_index":24,"time_elapsed":833863,"internal_node_id":"0.0-9.0-0.16"},{"rt":15001,"url":"../static/nodeGraphs_distractor.html","edge":"0to3","edgeRT":"11198","skip":"false","flipped":"FALSE","index":"17","edgeClickLog":"[{\"edgeSelection\":\"0to3\",\"edgeRTMS\":6347},{\"edgeSelection\":\"3to6\",\"edgeRTMS\":8684},{\"edgeSelection\":\"0to3\",\"edgeRTMS\":11198}]","trial_id":"test_2","congruency":"I","trial_group":"15to20","condition":"distractor","inference_edge":"2to5,5to8,5to9","inference_edgeClickLog":"[{\"edgeSelection\":\"2to5\",\"edgeRTMS\":3340},{\"edgeSelection\":\"5to8\",\"edgeRTMS\":4532},{\"edgeSelection\":\"5to9\",\"edgeRTMS\":5821}]","inference_edgeRT":"5821","inference_edge_last":"","task":"experiment","subjectId":"u4798lwbnfjcn7e","trial_type":"external-html","trial_index":25,"time_elapsed":849466,"internal_node_id":"0.0-9.0-0.17"},{"rt":7144,"url":"../static/nodeGraphs_distractor.html","edge":"0to1","edgeRT":"4236","skip":"false","flipped":"FALSE","index":"18","edgeClickLog":"[{\"edgeSelection\":\"0to1\",\"edgeRTMS\":4236}]","trial_id":"test_3","congruency":"I","trial_group":"15to20","condition":"distractor","inference_edge":"2to5,5to8,5to9","inference_edgeClickLog":"[{\"edgeSelection\":\"2to5\",\"edgeRTMS\":3340},{\"edgeSelection\":\"5to8\",\"edgeRTMS\":4532},{\"edgeSelection\":\"5to9\",\"edgeRTMS\":5821}]","inference_edgeRT":"5821","inference_edge_last":"","task":"experiment","subjectId":"u4798lwbnfjcn7e","trial_type":"external-html","trial_index":26,"time_elapsed":857209,"internal_node_id":"0.0-9.0-0.18"},{"rt":18860,"url":"../static/nodeGraphs_distractor.html","edge":"5to9","edgeRT":"17770","skip":"false","flipped":"FALSE","index":"19","edgeClickLog":"[{\"edgeSelection\":\"5to9\",\"edgeRTMS\":17770}]","trial_id":"test_4","congruency":"I","trial_group":"15to20","condition":"distractor","inference_edge":"2to5,5to8,5to9","inference_edgeClickLog":"[{\"edgeSelection\":\"2to5\",\"edgeRTMS\":3340},{\"edgeSelection\":\"5to8\",\"edgeRTMS\":4532},{\"edgeSelection\":\"5to9\",\"edgeRTMS\":5821}]","inference_edgeRT":"5821","inference_edge_last":"","task":"experiment","subjectId":"u4798lwbnfjcn7e","trial_type":"external-html","trial_index":27,"time_elapsed":876671,"internal_node_id":"0.0-9.0-0.19"},{"rt":41620,"response":{"P0_Q0":null,"P0_Q1":5,"P0_Q2":7,"P0_Q3":6,"P0_Q4":7,"P0_Q5":2,"strategies":"To try and gain the student the most points possible","feedback":"This was a fun game "},"accuracy":[],"trial_type":"survey","trial_index":28,"time_elapsed":918829,"internal_node_id":"0.0-10.0"},{"rt":4624,"stimulus":"<p>Thanks for your time!</p>        <p>We need to manually calculate your bonus pay, please give us up to 7 days.</p><p>Press any key to conclude.</p>","response":" ","task":"end","subjectId":"u4798lwbnfjcn7e","trial_type":"html-keyboard-response","trial_index":29,"time_elapsed":923456,"internal_node_id":"0.0-11.0","interactions":"[{\"event\":\"fullscreenenter\",\"trial\":1,\"time\":2864}]"}]