[{"success":true,"timeout":false,"failed_images":[],"failed_audio":[],"failed_video":[],"trial_type":"preload","trial_index":0,"time_elapsed":200,"internal_node_id":"0.0-0.0"},{"success":true,"trial_type":"fullscreen","trial_index":1,"time_elapsed":2357,"internal_node_id":"0.0-1.0"},{"rt":10845,"stimulus":"Welcome to the experiment. Press any key to begin.","response":" ","trial_type":"html-keyboard-response","trial_index":2,"time_elapsed":13204,"internal_node_id":"0.0-2.0"},{"view_history":[{"page_index":0,"viewing_time":2351},{"page_index":1,"viewing_time":424037},{"page_index":2,"viewing_time":12372},{"page_index":3,"viewing_time":5906},{"page_index":4,"viewing_time":1286},{"page_index":5,"viewing_time":938},{"page_index":6,"viewing_time":4166},{"page_index":7,"viewing_time":4340},{"page_index":8,"viewing_time":10547},{"page_index":9,"viewing_time":4511},{"page_index":10,"viewing_time":1213},{"page_index":11,"viewing_time":475},{"page_index":12,"viewing_time":424},{"page_index":13,"viewing_time":1241},{"page_index":14,"viewing_time":1507},{"page_index":15,"viewing_time":3234},{"page_index":16,"viewing_time":732},{"page_index":17,"viewing_time":502},{"page_index":18,"viewing_time":460},{"page_index":19,"viewing_time":1797},{"page_index":20,"viewing_time":6550},{"page_index":21,"viewing_time":3109}],"rt":491698,"trial_type":"instructions","trial_index":3,"time_elapsed":504903,"internal_node_id":"0.0-3.0"},{"rt":108546,"url":"../static/nodeGraphsTraining_distractor.html","skip":[],"edgeClickLog":[],"inference_edge":[],"inference_edgeClickLog":[],"trial_type":"external-html","trial_index":4,"time_elapsed":613633,"internal_node_id":"0.0-4.0"},{"rt":32251,"response":{"q1":"The goal is to help the student to get the most points.","q2":"False","q3":"Possible edges you, as the teacher, can choose to teach the learner.","q4":"Edges that the student took before."},"question_order":[0,1,2,3],"trial_type":"survey-multi-choice","trial_index":5,"time_elapsed":645887,"internal_node_id":"0.0-5.0"},{"rt":3913,"stimulus":"<p>You can take a 60 second break before starting the experiment.</p><br><br><p>This page will advance in 60 seconds or you can press any key to advance now.</p>","response":" ","trial_type":"html-keyboard-response","trial_index":6,"time_elapsed":649803,"internal_node_id":"0.0-7.0"},{"view_history":[{"page_index":0,"viewing_time":14171}],"rt":14171,"trial_type":"instructions","trial_index":7,"time_elapsed":663976,"internal_node_id":"0.0-8.0"},{"rt":19001,"url":"../static/nodeGraphs_distractor.html","edge":"2to4","edgeRT":"3438","skip":"false","flipped":"FALSE","index":"0","edgeClickLog":"[{\"edgeSelection\":\"2to4\",\"edgeRTMS\":3438}]","trial_id":"incong_0","congruency":"I","trial_group":"1to5","condition":"distractor","inference_edge":"2to4,4to8,4to7","inference_edgeClickLog":"[{\"edgeSelection\":\"2to4\",\"edgeRTMS\":4107},{\"edgeSelection\":\"4to8\",\"edgeRTMS\":6061},{\"edgeSelection\":\"4to7\",\"edgeRTMS\":6928}]","inference_edgeRT":"6928","inference_edge_last":"4to7","task":"experiment","subjectId":"fx81f3f0jg3h1zy","trial_type":"external-html","trial_index":8,"time_elapsed":683049,"internal_node_id":"0.0-9.0-0.0"},{"rt":49363,"url":"../static/nodeGraphs_distractor.html","edge":"2to6","edgeRT":"9066","skip":"false","flipped":"FALSE","index":"1","edgeClickLog":"[{\"edgeSelection\":\"2to6\",\"edgeRTMS\":9066}]","trial_id":"incong_5","congruency":"I","trial_group":"1to5","condition":"distractor","inference_edge":"2to4,4to8,6to8","inference_edgeClickLog":"[{\"edgeSelection\":\"5to8\",\"edgeRTMS\":7665},{\"edgeSelection\":\"5to8\",\"edgeRTMS\":10899},{\"edgeSelection\":\"2to6\",\"edgeRTMS\":13877},{\"edgeSelection\":\"2to6\",\"edgeRTMS\":15233},{\"edgeSelection\":\"3to6\",\"edgeRTMS\":16132},{\"edgeSelection\":\"6to8\",\"edgeRTMS\":16935},{\"edgeSelection\":\"3to6\",\"edgeRTMS\":24047},{\"edgeSelection\":\"6to8\",\"edgeRTMS\":25453},{\"edgeSelection\":\"2to4\",\"edgeRTMS\":26429},{\"edgeSelection\":\"4to8\",\"edgeRTMS\":29874},{\"edgeSelection\":\"6to8\",\"edgeRTMS\":39027}]","inference_edgeRT":"39027","inference_edge_last":"6to8","task":"experiment","subjectId":"fx81f3f0jg3h1zy","trial_type":"external-html","trial_index":9,"time_elapsed":733004,"internal_node_id":"0.0-9.0-0.1"},{"rt":38368,"url":"../static/nodeGraphs_distractor.html","edge":"2to6","edgeRT":"2225","skip":"false","flipped":"FALSE","index":"2","edgeClickLog":"[{\"edgeSelection\":\"3to5\",\"edgeRTMS\":1595},{\"edgeSelection\":\"2to6\",\"edgeRTMS\":2225}]","trial_id":"incong_3","congruency":"I","trial_group":"1to5","condition":"distractor","inference_edge":"2to6,5to7,6to8","inference_edgeClickLog":"[{\"edgeSelection\":\"2to6\",\"edgeRTMS\":6850},{\"edgeSelection\":\"5to7\",\"edgeRTMS\":32003},{\"edgeSelection\":\"6to8\",\"edgeRTMS\":34529}]","inference_edgeRT":"34529","inference_edge_last":"6to8","task":"experiment","subjectId":"fx81f3f0jg3h1zy","trial_type":"external-html","trial_index":10,"time_elapsed":771942,"internal_node_id":"0.0-9.0-0.2"},{"rt":31970,"url":"../static/nodeGraphs_distractor.html","edge":"5to8","edgeRT":"11763","skip":"false","flipped":"FALSE","index":"3","edgeClickLog":"[{\"edgeSelection\":\"3to6\",\"edgeRTMS\":5650},{\"edgeSelection\":\"3to6\",\"edgeRTMS\":10921},{\"edgeSelection\":\"5to8\",\"edgeRTMS\":11763}]","trial_id":"incong_10","congruency":"I","trial_group":"1to5","condition":"distractor","inference_edge":"2to4,4to8,2to6","inference_edgeClickLog":"[{\"edgeSelection\":\"2to6\",\"edgeRTMS\":4527},{\"edgeSelection\":\"6to8\",\"edgeRTMS\":5400},{\"edgeSelection\":\"2to4\",\"edgeRTMS\":6905},{\"edgeSelection\":\"2to6\",\"edgeRTMS\":8509},{\"edgeSelection\":\"6to8\",\"edgeRTMS\":9297},{\"edgeSelection\":\"4to8\",\"edgeRTMS\":10526},{\"edgeSelection\":\"2to6\",\"edgeRTMS\":17731}]","inference_edgeRT":"17731","inference_edge_last":"2to6","task":"experiment","subjectId":"fx81f3f0jg3h1zy","trial_type":"external-html","trial_index":11,"time_elapsed":804484,"internal_node_id":"0.0-9.0-0.3"},{"rt":29764,"url":"../static/nodeGraphs_distractor.html","edge":"0to2","edgeRT":"12106","skip":"false","flipped":"FALSE","index":"4","edgeClickLog":"[{\"edgeSelection\":\"0to2\",\"edgeRTMS\":6765},{\"edgeSelection\":\"0to2\",\"edgeRTMS\":11303},{\"edgeSelection\":\"0to2\",\"edgeRTMS\":12106}]","trial_id":"incong_2","congruency":"I","trial_group":"1to5","condition":"distractor","inference_edge":"0to1,1to4,4to8","inference_edgeClickLog":"[{\"edgeSelection\":\"0to1\",\"edgeRTMS\":12542},{\"edgeSelection\":\"0to1\",\"edgeRTMS\":12781},{\"edgeSelection\":\"0to1\",\"edgeRTMS\":13280},{\"edgeSelection\":\"1to4\",\"edgeRTMS\":14165},{\"edgeSelection\":\"4to8\",\"edgeRTMS\":14923}]","inference_edgeRT":"14923","inference_edge_last":"4to8","task":"experiment","subjectId":"fx81f3f0jg3h1zy","trial_type":"external-html","trial_index":12,"time_elapsed":834813,"internal_node_id":"0.0-9.0-0.4"},{"rt":13018,"url":"../static/nodeGraphs_distractor.html","edge":"6to9","edgeRT":"3964","skip":"false","flipped":"TRUE","index":"5","edgeClickLog":"[{\"edgeSelection\":\"6to9\",\"edgeRTMS\":3964}]","trial_id":"incong_0_flipped","congruency":"I","trial_group":"5to10","condition":"distractor","inference_edge":"0to3,3to6,6to9","inference_edgeClickLog":"[{\"edgeSelection\":\"0to3\",\"edgeRTMS\":3706},{\"edgeSelection\":\"3to6\",\"edgeRTMS\":5908},{\"edgeSelection\":\"6to9\",\"edgeRTMS\":6896}]","inference_edgeRT":"6896","inference_edge_last":"6to9","task":"experiment","subjectId":"fx81f3f0jg3h1zy","trial_type":"external-html","trial_index":13,"time_elapsed":848402,"internal_node_id":"0.0-9.0-0.5"},{"rt":26794,"url":"../static/nodeGraphs_distractor.html","edge":"1to4","edgeRT":"4840","skip":"false","flipped":"TRUE","index":"6","edgeClickLog":"[{\"edgeSelection\":\"1to4\",\"edgeRTMS\":4840}]","trial_id":"incong_5_flipped","congruency":"I","trial_group":"5to10","condition":"distractor","inference_edge":"6to8,2to6,0to2","inference_edgeClickLog":"[{\"edgeSelection\":\"1to4\",\"edgeRTMS\":6082},{\"edgeSelection\":\"4to8\",\"edgeRTMS\":7030},{\"edgeSelection\":\"6to8\",\"edgeRTMS\":11646},{\"edgeSelection\":\"1to4\",\"edgeRTMS\":16903},{\"edgeSelection\":\"4to8\",\"edgeRTMS\":17746},{\"edgeSelection\":\"2to6\",\"edgeRTMS\":18938},{\"edgeSelection\":\"0to2\",\"edgeRTMS\":20616}]","inference_edgeRT":"20616","inference_edge_last":"0to2","task":"experiment","subjectId":"fx81f3f0jg3h1zy","trial_type":"external-html","trial_index":14,"time_elapsed":875768,"internal_node_id":"0.0-9.0-0.6"},{"rt":12490,"url":"../static/nodeGraphs_distractor.html","edge":"0to2","edgeRT":"2405","skip":"false","flipped":"TRUE","index":"7","edgeClickLog":"[{\"edgeSelection\":\"0to2\",\"edgeRTMS\":2405}]","trial_id":"incong_3_flipped","congruency":"I","trial_group":"5to10","condition":"distractor","inference_edge":"0to2,2to4,4to8","inference_edgeClickLog":"[{\"edgeSelection\":\"0to2\",\"edgeRTMS\":3272},{\"edgeSelection\":\"2to4\",\"edgeRTMS\":6781},{\"edgeSelection\":\"4to8\",\"edgeRTMS\":8632}]","inference_edgeRT":"8632","inference_edge_last":"4to8","task":"experiment","subjectId":"fx81f3f0jg3h1zy","trial_type":"external-html","trial_index":15,"time_elapsed":888827,"internal_node_id":"0.0-9.0-0.7"},{"rt":10499,"url":"../static/nodeGraphs_distractor.html","edge":"5to8","edgeRT":"2920","skip":"false","flipped":"TRUE","index":"8","edgeClickLog":"[{\"edgeSelection\":\"5to8\",\"edgeRTMS\":2920}]","trial_id":"incong_10_flipped","congruency":"I","trial_group":"5to10","condition":"distractor","inference_edge":"0to2,2to6,6to8","inference_edgeClickLog":"[{\"edgeSelection\":\"0to2\",\"edgeRTMS\":4651},{\"edgeSelection\":\"2to6\",\"edgeRTMS\":5436},{\"edgeSelection\":\"6to8\",\"edgeRTMS\":6417}]","inference_edgeRT":"6417","inference_edge_last":"6to8","task":"experiment","subjectId":"fx81f3f0jg3h1zy","trial_type":"external-html","trial_index":16,"time_elapsed":899892,"internal_node_id":"0.0-9.0-0.8"},{"rt":17515,"url":"../static/nodeGraphs_distractor.html","edge":"2to6","edgeRT":"7950","skip":"false","flipped":"TRUE","index":"9","edgeClickLog":"[{\"edgeSelection\":\"0to2\",\"edgeRTMS\":6359},{\"edgeSelection\":\"2to6\",\"edgeRTMS\":7303},{\"edgeSelection\":\"2to6\",\"edgeRTMS\":7950}]","trial_id":"incong_2_flipped","congruency":"I","trial_group":"5to10","condition":"distractor","inference_edge":"0to2,2to6,6to8","inference_edgeClickLog":"[{\"edgeSelection\":\"0to2\",\"edgeRTMS\":5215},{\"edgeSelection\":\"2to6\",\"edgeRTMS\":5992},{\"edgeSelection\":\"6to8\",\"edgeRTMS\":7432}]","inference_edgeRT":"7432","inference_edge_last":"6to8","task":"experiment","subjectId":"fx81f3f0jg3h1zy","trial_type":"external-html","trial_index":17,"time_elapsed":917987,"internal_node_id":"0.0-9.0-0.9"},{"rt":15178,"url":"../static/nodeGraphs_distractor.html","edge":"4to8","edgeRT":"2201","skip":"false","flipped":"FALSE","index":"10","edgeClickLog":"[{\"edgeSelection\":\"4to8\",\"edgeRTMS\":2201}]","trial_id":"incong_0","congruency":"I","trial_group":"10to15","condition":"distractor","inference_edge":"2to4,4to8,0to2","inference_edgeClickLog":"[{\"edgeSelection\":\"2to4\",\"edgeRTMS\":4727},{\"edgeSelection\":\"4to8\",\"edgeRTMS\":6125},{\"edgeSelection\":\"0to2\",\"edgeRTMS\":7537},{\"edgeSelection\":\"0to2\",\"edgeRTMS\":9300},{\"edgeSelection\":\"0to2\",\"edgeRTMS\":12104}]","inference_edgeRT":"12104","inference_edge_last":"0to2","task":"experiment","subjectId":"fx81f3f0jg3h1zy","trial_type":"external-html","trial_index":18,"time_elapsed":933748,"internal_node_id":"0.0-9.0-0.10"},{"rt":13435,"url":"../static/nodeGraphs_distractor.html","edge":"4to8","edgeRT":"1558","skip":"false","flipped":"FALSE","index":"11","edgeClickLog":"[{\"edgeSelection\":\"4to8\",\"edgeRTMS\":1558}]","trial_id":"incong_5","congruency":"I","trial_group":"10to15","condition":"distractor","inference_edge":"4to8,2to4,0to2","inference_edgeClickLog":"[{\"edgeSelection\":\"6to8\",\"edgeRTMS\":3401},{\"edgeSelection\":\"4to8\",\"edgeRTMS\":6667},{\"edgeSelection\":\"2to4\",\"edgeRTMS\":8491},{\"edgeSelection\":\"6to8\",\"edgeRTMS\":10169},{\"edgeSelection\":\"0to2\",\"edgeRTMS\":11020}]","inference_edgeRT":"11020","inference_edge_last":"0to2","task":"experiment","subjectId":"fx81f3f0jg3h1zy","trial_type":"external-html","trial_index":19,"time_elapsed":947759,"internal_node_id":"0.0-9.0-0.11"},{"rt":50260,"url":"../static/nodeGraphs_distractor.html","edge":"2to6","edgeRT":"40073","skip":"false","flipped":"FALSE","index":"12","edgeClickLog":"[{\"edgeSelection\":\"2to6\",\"edgeRTMS\":40073}]","trial_id":"incong_3","congruency":"I","trial_group":"10to15","condition":"distractor","inference_edge":"2to6,6to8,0to2","inference_edgeClickLog":"[{\"edgeSelection\":\"2to6\",\"edgeRTMS\":2327},{\"edgeSelection\":\"6to8\",\"edgeRTMS\":4436},{\"edgeSelection\":\"0to2\",\"edgeRTMS\":9005}]","inference_edgeRT":"9005","inference_edge_last":"0to2","task":"experiment","subjectId":"fx81f3f0jg3h1zy","trial_type":"external-html","trial_index":20,"time_elapsed":998598,"internal_node_id":"0.0-9.0-0.12"},{"rt":13430,"url":"../static/nodeGraphs_distractor.html","edge":"5to8","edgeRT":"3668","skip":"false","flipped":"FALSE","index":"13","edgeClickLog":"[{\"edgeSelection\":\"5to8\",\"edgeRTMS\":3668}]","trial_id":"incong_10","congruency":"I","trial_group":"10to15","condition":"distractor","inference_edge":"2to4,4to8,6to8","inference_edgeClickLog":"[{\"edgeSelection\":\"2to4\",\"edgeRTMS\":2780},{\"edgeSelection\":\"4to8\",\"edgeRTMS\":3745},{\"edgeSelection\":\"0to2\",\"edgeRTMS\":5415},{\"edgeSelection\":\"0to2\",\"edgeRTMS\":6459},{\"edgeSelection\":\"2to6\",\"edgeRTMS\":7321},{\"edgeSelection\":\"2to6\",\"edgeRTMS\":7819},{\"edgeSelection\":\"6to8\",\"edgeRTMS\":9134}]","inference_edgeRT":"9134","inference_edge_last":"6to8","task":"experiment","subjectId":"fx81f3f0jg3h1zy","trial_type":"external-html","trial_index":21,"time_elapsed":1012602,"internal_node_id":"0.0-9.0-0.13"},{"rt":13417,"url":"../static/nodeGraphs_distractor.html","edge":"2to5","edgeRT":"5422","skip":"false","flipped":"FALSE","index":"14","edgeClickLog":"[{\"edgeSelection\":\"2to5\",\"edgeRTMS\":5422}]","trial_id":"incong_2","congruency":"I","trial_group":"10to15","condition":"distractor","inference_edge":"0to1,1to4,4to8","inference_edgeClickLog":"[{\"edgeSelection\":\"0to1\",\"edgeRTMS\":4517},{\"edgeSelection\":\"1to4\",\"edgeRTMS\":5442},{\"edgeSelection\":\"4to8\",\"edgeRTMS\":6123}]","inference_edgeRT":"6123","inference_edge_last":"4to8","task":"experiment","subjectId":"fx81f3f0jg3h1zy","trial_type":"external-html","trial_index":22,"time_elapsed":1026586,"internal_node_id":"0.0-9.0-0.14"},{"rt":13295,"url":"../static/nodeGraphs_distractor.html","edge":"5to8","edgeRT":"6395","skip":"false","flipped":"FALSE","index":"15","edgeClickLog":"[{\"edgeSelection\":\"5to8\",\"edgeRTMS\":6395}]","trial_id":"test_0","congruency":"I","trial_group":"15to20","condition":"distractor","inference_edge":"0to1,1to4,4to8","inference_edgeClickLog":"[{\"edgeSelection\":\"0to1\",\"edgeRTMS\":4517},{\"edgeSelection\":\"1to4\",\"edgeRTMS\":5442},{\"edgeSelection\":\"4to8\",\"edgeRTMS\":6123}]","inference_edgeRT":"6123","inference_edge_last":"","task":"experiment","subjectId":"fx81f3f0jg3h1zy","trial_type":"external-html","trial_index":23,"time_elapsed":1040459,"internal_node_id":"0.0-9.0-0.15"},{"rt":6442,"url":"../static/nodeGraphs_distractor.html","edge":"3to6","edgeRT":"4670","skip":"false","flipped":"FALSE","index":"16","edgeClickLog":"[{\"edgeSelection\":\"3to6\",\"edgeRTMS\":4670}]","trial_id":"test_1","congruency":"I","trial_group":"15to20","condition":"distractor","inference_edge":"0to1,1to4,4to8","inference_edgeClickLog":"[{\"edgeSelection\":\"0to1\",\"edgeRTMS\":4517},{\"edgeSelection\":\"1to4\",\"edgeRTMS\":5442},{\"edgeSelection\":\"4to8\",\"edgeRTMS\":6123}]","inference_edgeRT":"6123","inference_edge_last":"","task":"experiment","subjectId":"fx81f3f0jg3h1zy","trial_type":"external-html","trial_index":24,"time_elapsed":1047468,"internal_node_id":"0.0-9.0-0.16"},{"rt":14654,"url":"../static/nodeGraphs_distractor.html","edge":"2to4","edgeRT":"13639","skip":"false","flipped":"FALSE","index":"17","edgeClickLog":"[{\"edgeSelection\":\"3to6\",\"edgeRTMS\":4144},{\"edgeSelection\":\"2to4\",\"edgeRTMS\":13639}]","trial_id":"test_2","congruency":"I","trial_group":"15to20","condition":"distractor","inference_edge":"0to1,1to4,4to8","inference_edgeClickLog":"[{\"edgeSelection\":\"0to1\",\"edgeRTMS\":4517},{\"edgeSelection\":\"1to4\",\"edgeRTMS\":5442},{\"edgeSelection\":\"4to8\",\"edgeRTMS\":6123}]","inference_edgeRT":"6123","inference_edge_last":"","task":"experiment","subjectId":"fx81f3f0jg3h1zy","trial_type":"external-html","trial_index":25,"time_elapsed":1062697,"internal_node_id":"0.0-9.0-0.17"},{"rt":7533,"url":"../static/nodeGraphs_distractor.html","edge":"1to5","edgeRT":"4625","skip":"false","flipped":"FALSE","index":"18","edgeClickLog":"[{\"edgeSelection\":\"1to5\",\"edgeRTMS\":4625}]","trial_id":"test_3","congruency":"I","trial_group":"15to20","condition":"distractor","inference_edge":"0to1,1to4,4to8","inference_edgeClickLog":"[{\"edgeSelection\":\"0to1\",\"edgeRTMS\":4517},{\"edgeSelection\":\"1to4\",\"edgeRTMS\":5442},{\"edgeSelection\":\"4to8\",\"edgeRTMS\":6123}]","inference_edgeRT":"6123","inference_edge_last":"","task":"experiment","subjectId":"fx81f3f0jg3h1zy","trial_type":"external-html","trial_index":26,"time_elapsed":1070798,"internal_node_id":"0.0-9.0-0.18"},{"rt":5263,"url":"../static/nodeGraphs_distractor.html","edge":"4to7","edgeRT":"5097","skip":"false","flipped":"FALSE","index":"19","edgeClickLog":"[{\"edgeSelection\":\"4to7\",\"edgeRTMS\":5097}]","trial_id":"test_4","congruency":"I","trial_group":"15to20","condition":"distractor","inference_edge":"0to1,1to4,4to8","inference_edgeClickLog":"[{\"edgeSelection\":\"0to1\",\"edgeRTMS\":4517},{\"edgeSelection\":\"1to4\",\"edgeRTMS\":5442},{\"edgeSelection\":\"4to8\",\"edgeRTMS\":6123}]","inference_edgeRT":"6123","inference_edge_last":"","task":"experiment","subjectId":"fx81f3f0jg3h1zy","trial_type":"external-html","trial_index":27,"time_elapsed":1076626,"internal_node_id":"0.0-9.0-0.19"},{"rt":25026,"response":{"P0_Q0":null,"P0_Q1":3,"P0_Q2":7,"P0_Q3":6,"P0_Q4":7,"P0_Q5":1,"strategies":"I tried to maximize point values for the students while considering what paths they seemed to know.","feedback":"No"},"accuracy":[],"trial_type":"survey","trial_index":28,"time_elapsed":1102199,"internal_node_id":"0.0-10.0"},{"rt":1858,"stimulus":"<p>Thanks for your time!</p>        <p>We need to manually calculate your bonus pay, please give us up to 7 days.</p><p>Press any key to conclude.</p>","response":" ","task":"end","subjectId":"fx81f3f0jg3h1zy","trial_type":"html-keyboard-response","trial_index":29,"time_elapsed":1104059,"internal_node_id":"0.0-11.0","interactions":"[{\"event\":\"fullscreenenter\",\"trial\":1,\"time\":1368},{\"event\":\"blur\",\"trial\":3,\"time\":19393},{\"event\":\"focus\",\"trial\":3,\"time\":438667},{\"event\":\"blur\",\"trial\":5,\"time\":622435},{\"event\":\"focus\",\"trial\":5,\"time\":626203},{\"event\":\"blur\",\"trial\":5,\"time\":629251},{\"event\":\"focus\",\"trial\":5,\"time\":634499},{\"event\":\"blur\",\"trial\":20,\"time\":959299},{\"event\":\"focus\",\"trial\":20,\"time\":994936}]"}]