[{"success":true,"timeout":false,"failed_images":[],"failed_audio":[],"failed_video":[],"trial_type":"preload","trial_index":0,"time_elapsed":233,"internal_node_id":"0.0-0.0"},{"success":true,"trial_type":"fullscreen","trial_index":1,"time_elapsed":2276,"internal_node_id":"0.0-1.0"},{"rt":2514,"stimulus":"Welcome to the experiment. Press any key to begin.","response":" ","trial_type":"html-keyboard-response","trial_index":2,"time_elapsed":4791,"internal_node_id":"0.0-2.0"},{"view_history":[{"page_index":0,"viewing_time":16489},{"page_index":1,"viewing_time":2477},{"page_index":2,"viewing_time":23952},{"page_index":3,"viewing_time":1787},{"page_index":4,"viewing_time":1122},{"page_index":5,"viewing_time":825},{"page_index":6,"viewing_time":1157},{"page_index":7,"viewing_time":7489},{"page_index":8,"viewing_time":12882},{"page_index":9,"viewing_time":3712},{"page_index":8,"viewing_time":4764},{"page_index":9,"viewing_time":1407},{"page_index":10,"viewing_time":1341},{"page_index":11,"viewing_time":634},{"page_index":12,"viewing_time":997},{"page_index":13,"viewing_time":1054},{"page_index":14,"viewing_time":2853},{"page_index":15,"viewing_time":3536},{"page_index":16,"viewing_time":1433},{"page_index":17,"viewing_time":682},{"page_index":18,"viewing_time":725},{"page_index":19,"viewing_time":1384},{"page_index":20,"viewing_time":3917},{"page_index":21,"viewing_time":7058}],"rt":103678,"trial_type":"instructions","trial_index":3,"time_elapsed":108468,"internal_node_id":"0.0-3.0"},{"rt":95142,"url":"../static/nodeGraphsTraining_scaffolding.html","skip":[],"edgeClickLog":[],"inference_edge":[],"inference_edgeClickLog":[],"trial_type":"external-html","trial_index":4,"time_elapsed":203866,"internal_node_id":"0.0-4.0"},{"rt":17387,"response":{"q1":"The goal is to help the student to get the most points.","q2":"False","q3":"Possible edges you, as the teacher, can choose to teach the learner.","q4":"Edges that the student took before."},"question_order":[0,1,2,3],"trial_type":"survey-multi-choice","trial_index":5,"time_elapsed":221254,"internal_node_id":"0.0-5.0"},{"rt":3269,"stimulus":"<p>You can take a 60 second break before starting the experiment.</p><br><br><p>This page will advance in 60 seconds or you can press any key to advance now.</p>","response":" ","trial_type":"html-keyboard-response","trial_index":6,"time_elapsed":224525,"internal_node_id":"0.0-7.0"},{"view_history":[{"page_index":0,"viewing_time":5898}],"rt":5899,"trial_type":"instructions","trial_index":7,"time_elapsed":230424,"internal_node_id":"0.0-8.0"},{"rt":15701,"url":"../static/nodeGraphs_scaffolding.html","edge":"1to4","edgeRT":"4943","skip":"false","flipped":"FALSE","index":"0","edgeClickLog":"[{\"edgeSelection\":\"1to4\",\"edgeRTMS\":4943}]","trial_id":"cong_0","congruency":"C","trial_group":"1to5","condition":"scaffolding","inference_edge":"1to4,0to2,0to3","inference_edgeClickLog":"[{\"edgeSelection\":\"1to4\",\"edgeRTMS\":4316},{\"edgeSelection\":\"0to2\",\"edgeRTMS\":7716},{\"edgeSelection\":\"0to3\",\"edgeRTMS\":8910}]","inference_edgeRT":"8910","inference_edge_last":"0to3","task":"experiment","subjectId":"d2kgsrlumrac6jm","trial_type":"external-html","trial_index":8,"time_elapsed":246304,"internal_node_id":"0.0-9.0-0.0"},{"rt":23181,"url":"../static/nodeGraphs_scaffolding.html","edge":"2to6","edgeRT":"1598","skip":"false","flipped":"FALSE","index":"1","edgeClickLog":"[{\"edgeSelection\":\"2to6\",\"edgeRTMS\":1598}]","trial_id":"cong_1","congruency":"C","trial_group":"1to5","condition":"scaffolding","inference_edge":"2to6,2to4,6to9","inference_edgeClickLog":"[{\"edgeSelection\":\"2to6\",\"edgeRTMS\":5595},{\"edgeSelection\":\"2to4\",\"edgeRTMS\":7509},{\"edgeSelection\":\"6to9\",\"edgeRTMS\":20830}]","inference_edgeRT":"20830","inference_edge_last":"6to9","task":"experiment","subjectId":"d2kgsrlumrac6jm","trial_type":"external-html","trial_index":9,"time_elapsed":270129,"internal_node_id":"0.0-9.0-0.1"},{"rt":12693,"url":"../static/nodeGraphs_scaffolding.html","edge":"2to5","edgeRT":"1196","skip":"false","flipped":"FALSE","index":"2","edgeClickLog":"[{\"edgeSelection\":\"2to5\",\"edgeRTMS\":1196}]","trial_id":"cong_6","congruency":"C","trial_group":"1to5","condition":"scaffolding","inference_edge":"2to5,5to9,5to7","inference_edgeClickLog":"[{\"edgeSelection\":\"2to5\",\"edgeRTMS\":4919},{\"edgeSelection\":\"5to9\",\"edgeRTMS\":8296},{\"edgeSelection\":\"5to7\",\"edgeRTMS\":9334}]","inference_edgeRT":"9334","inference_edge_last":"5to7","task":"experiment","subjectId":"d2kgsrlumrac6jm","trial_type":"external-html","trial_index":10,"time_elapsed":283482,"internal_node_id":"0.0-9.0-0.2"},{"rt":10329,"url":"../static/nodeGraphs_scaffolding.html","edge":"2to4","edgeRT":"2391","skip":"false","flipped":"FALSE","index":"3","edgeClickLog":"[{\"edgeSelection\":\"2to4\",\"edgeRTMS\":2391}]","trial_id":"cong_4","congruency":"C","trial_group":"1to5","condition":"scaffolding","inference_edge":"2to4,5to8,2to6","inference_edgeClickLog":"[{\"edgeSelection\":\"2to4\",\"edgeRTMS\":4118},{\"edgeSelection\":\"5to8\",\"edgeRTMS\":5522},{\"edgeSelection\":\"2to6\",\"edgeRTMS\":6893}]","inference_edgeRT":"6893","inference_edge_last":"2to6","task":"experiment","subjectId":"d2kgsrlumrac6jm","trial_type":"external-html","trial_index":11,"time_elapsed":294437,"internal_node_id":"0.0-9.0-0.3"},{"rt":17666,"url":"../static/nodeGraphs_scaffolding.html","edge":"2to5","edgeRT":"1559","skip":"false","flipped":"FALSE","index":"4","edgeClickLog":"[{\"edgeSelection\":\"2to5\",\"edgeRTMS\":1559}]","trial_id":"cong_9","congruency":"C","trial_group":"1to5","condition":"scaffolding","inference_edge":"2to5,5to8,5to9","inference_edgeClickLog":"[{\"edgeSelection\":\"2to5\",\"edgeRTMS\":5511},{\"edgeSelection\":\"2to5\",\"edgeRTMS\":9403},{\"edgeSelection\":\"2to5\",\"edgeRTMS\":9852},{\"edgeSelection\":\"2to5\",\"edgeRTMS\":10479},{\"edgeSelection\":\"2to5\",\"edgeRTMS\":11741},{\"edgeSelection\":\"5to8\",\"edgeRTMS\":12594},{\"edgeSelection\":\"5to9\",\"edgeRTMS\":15285}]","inference_edgeRT":"15285","inference_edge_last":"5to9","task":"experiment","subjectId":"d2kgsrlumrac6jm","trial_type":"external-html","trial_index":12,"time_elapsed":312740,"internal_node_id":"0.0-9.0-0.4"},{"rt":17800,"url":"../static/nodeGraphs_scaffolding.html","edge":"3to6","edgeRT":"2256","skip":"false","flipped":"TRUE","index":"5","edgeClickLog":"[{\"edgeSelection\":\"3to6\",\"edgeRTMS\":2256}]","trial_id":"cong_0_flipped","congruency":"C","trial_group":"5to10","condition":"scaffolding","inference_edge":"3to6,6to9,6to8","inference_edgeClickLog":"[{\"edgeSelection\":\"3to6\",\"edgeRTMS\":5143},{\"edgeSelection\":\"0to2\",\"edgeRTMS\":7423},{\"edgeSelection\":\"0to1\",\"edgeRTMS\":8019},{\"edgeSelection\":\"0to2\",\"edgeRTMS\":9616},{\"edgeSelection\":\"0to1\",\"edgeRTMS\":10855},{\"edgeSelection\":\"6to9\",\"edgeRTMS\":13780},{\"edgeSelection\":\"6to8\",\"edgeRTMS\":14842}]","inference_edgeRT":"14842","inference_edge_last":"6to8","task":"experiment","subjectId":"d2kgsrlumrac6jm","trial_type":"external-html","trial_index":13,"time_elapsed":331199,"internal_node_id":"0.0-9.0-0.5"},{"rt":11911,"url":"../static/nodeGraphs_scaffolding.html","edge":"2to4","edgeRT":"1251","skip":"false","flipped":"TRUE","index":"6","edgeClickLog":"[{\"edgeSelection\":\"2to4\",\"edgeRTMS\":1251}]","trial_id":"cong_1_flipped","congruency":"C","trial_group":"5to10","condition":"scaffolding","inference_edge":"2to4,4to7,2to6","inference_edgeClickLog":"[{\"edgeSelection\":\"2to4\",\"edgeRTMS\":4815},{\"edgeSelection\":\"4to7\",\"edgeRTMS\":8215},{\"edgeSelection\":\"2to6\",\"edgeRTMS\":9592}]","inference_edgeRT":"9592","inference_edge_last":"2to6","task":"experiment","subjectId":"d2kgsrlumrac6jm","trial_type":"external-html","trial_index":14,"time_elapsed":343938,"internal_node_id":"0.0-9.0-0.6"},{"rt":19057,"url":"../static/nodeGraphs_scaffolding.html","edge":"2to5","edgeRT":"2310","skip":"false","flipped":"TRUE","index":"7","edgeClickLog":"[{\"edgeSelection\":\"2to5\",\"edgeRTMS\":2310}]","trial_id":"cong_6_flipped","congruency":"C","trial_group":"5to10","condition":"scaffolding","inference_edge":"2to5,5to7,5to9","inference_edgeClickLog":"[{\"edgeSelection\":\"2to5\",\"edgeRTMS\":9212},{\"edgeSelection\":\"5to7\",\"edgeRTMS\":15086},{\"edgeSelection\":\"5to9\",\"edgeRTMS\":15774}]","inference_edgeRT":"15774","inference_edge_last":"5to9","task":"experiment","subjectId":"d2kgsrlumrac6jm","trial_type":"external-html","trial_index":15,"time_elapsed":363624,"internal_node_id":"0.0-9.0-0.7"},{"rt":9343,"url":"../static/nodeGraphs_scaffolding.html","edge":"2to6","edgeRT":"740","skip":"false","flipped":"TRUE","index":"8","edgeClickLog":"[{\"edgeSelection\":\"2to6\",\"edgeRTMS\":740}]","trial_id":"cong_4_flipped","congruency":"C","trial_group":"5to10","condition":"scaffolding","inference_edge":"2to6,6to8,5to8","inference_edgeClickLog":"[{\"edgeSelection\":\"2to6\",\"edgeRTMS\":3321},{\"edgeSelection\":\"6to8\",\"edgeRTMS\":7027},{\"edgeSelection\":\"5to8\",\"edgeRTMS\":8082}]","inference_edgeRT":"8082","inference_edge_last":"5to8","task":"experiment","subjectId":"d2kgsrlumrac6jm","trial_type":"external-html","trial_index":16,"time_elapsed":373626,"internal_node_id":"0.0-9.0-0.8"},{"rt":15470,"url":"../static/nodeGraphs_scaffolding.html","edge":"2to5","edgeRT":"1661","skip":"false","flipped":"TRUE","index":"9","edgeClickLog":"[{\"edgeSelection\":\"2to5\",\"edgeRTMS\":1661}]","trial_id":"cong_9_flipped","congruency":"C","trial_group":"5to10","condition":"scaffolding","inference_edge":"2to5,5to8,5to7","inference_edgeClickLog":"[{\"edgeSelection\":\"2to5\",\"edgeRTMS\":2494},{\"edgeSelection\":\"2to5\",\"edgeRTMS\":7763},{\"edgeSelection\":\"2to5\",\"edgeRTMS\":9411},{\"edgeSelection\":\"5to8\",\"edgeRTMS\":10759},{\"edgeSelection\":\"5to7\",\"edgeRTMS\":12125}]","inference_edgeRT":"12125","inference_edge_last":"5to7","task":"experiment","subjectId":"d2kgsrlumrac6jm","trial_type":"external-html","trial_index":17,"time_elapsed":389804,"internal_node_id":"0.0-9.0-0.9"},{"rt":11920,"url":"../static/nodeGraphs_scaffolding.html","edge":"1to4","edgeRT":"2667","skip":"false","flipped":"FALSE","index":"10","edgeClickLog":"[{\"edgeSelection\":\"1to4\",\"edgeRTMS\":1126},{\"edgeSelection\":\"1to4\",\"edgeRTMS\":2667}]","trial_id":"cong_0","congruency":"C","trial_group":"10to15","condition":"scaffolding","inference_edge":"0to2,2to4,1to4","inference_edgeClickLog":"[{\"edgeSelection\":\"0to2\",\"edgeRTMS\":4068},{\"edgeSelection\":\"2to4\",\"edgeRTMS\":5254},{\"edgeSelection\":\"1to4\",\"edgeRTMS\":7934}]","inference_edgeRT":"7934","inference_edge_last":"1to4","task":"experiment","subjectId":"d2kgsrlumrac6jm","trial_type":"external-html","trial_index":18,"time_elapsed":402353,"internal_node_id":"0.0-9.0-0.10"},{"rt":18545,"url":"../static/nodeGraphs_scaffolding.html","edge":"2to6","edgeRT":"3311","skip":"false","flipped":"FALSE","index":"11","edgeClickLog":"[{\"edgeSelection\":\"2to6\",\"edgeRTMS\":1920},{\"edgeSelection\":\"2to6\",\"edgeRTMS\":3311}]","trial_id":"cong_1","congruency":"C","trial_group":"10to15","condition":"scaffolding","inference_edge":"2to4,2to6,6to9","inference_edgeClickLog":"[{\"edgeSelection\":\"2to4\",\"edgeRTMS\":5720},{\"edgeSelection\":\"2to6\",\"edgeRTMS\":6770},{\"edgeSelection\":\"6to9\",\"edgeRTMS\":14342}]","inference_edgeRT":"14342","inference_edge_last":"6to9","task":"experiment","subjectId":"d2kgsrlumrac6jm","trial_type":"external-html","trial_index":19,"time_elapsed":421569,"internal_node_id":"0.0-9.0-0.11"},{"rt":12435,"url":"../static/nodeGraphs_scaffolding.html","edge":"2to5","edgeRT":"1199","skip":"false","flipped":"FALSE","index":"12","edgeClickLog":"[{\"edgeSelection\":\"2to5\",\"edgeRTMS\":1199}]","trial_id":"cong_6","congruency":"C","trial_group":"10to15","condition":"scaffolding","inference_edge":"2to5,5to9,5to7","inference_edgeClickLog":"[{\"edgeSelection\":\"2to5\",\"edgeRTMS\":7785},{\"edgeSelection\":\"5to9\",\"edgeRTMS\":9626},{\"edgeSelection\":\"5to7\",\"edgeRTMS\":10395}]","inference_edgeRT":"10395","inference_edge_last":"5to7","task":"experiment","subjectId":"d2kgsrlumrac6jm","trial_type":"external-html","trial_index":20,"time_elapsed":434639,"internal_node_id":"0.0-9.0-0.12"},{"rt":13079,"url":"../static/nodeGraphs_scaffolding.html","edge":"2to4","edgeRT":"2417","skip":"false","flipped":"FALSE","index":"13","edgeClickLog":"[{\"edgeSelection\":\"2to4\",\"edgeRTMS\":1013},{\"edgeSelection\":\"2to4\",\"edgeRTMS\":2417}]","trial_id":"cong_4","congruency":"C","trial_group":"10to15","condition":"scaffolding","inference_edge":"2to4,4to8,5to8","inference_edgeClickLog":"[{\"edgeSelection\":\"2to4\",\"edgeRTMS\":4518},{\"edgeSelection\":\"4to8\",\"edgeRTMS\":7203},{\"edgeSelection\":\"5to8\",\"edgeRTMS\":9915}]","inference_edgeRT":"9915","inference_edge_last":"5to8","task":"experiment","subjectId":"d2kgsrlumrac6jm","trial_type":"external-html","trial_index":21,"time_elapsed":448397,"internal_node_id":"0.0-9.0-0.13"},{"rt":17410,"url":"../static/nodeGraphs_scaffolding.html","edge":"2to5","edgeRT":"3719","skip":"false","flipped":"FALSE","index":"14","edgeClickLog":"[{\"edgeSelection\":\"2to5\",\"edgeRTMS\":3719}]","trial_id":"cong_9","congruency":"C","trial_group":"10to15","condition":"scaffolding","inference_edge":"2to5,5to9,5to8","inference_edgeClickLog":"[{\"edgeSelection\":\"2to5\",\"edgeRTMS\":8602},{\"edgeSelection\":\"5to9\",\"edgeRTMS\":11518},{\"edgeSelection\":\"5to8\",\"edgeRTMS\":12072}]","inference_edgeRT":"12072","inference_edge_last":"5to8","task":"experiment","subjectId":"d2kgsrlumrac6jm","trial_type":"external-html","trial_index":22,"time_elapsed":466465,"internal_node_id":"0.0-9.0-0.14"},{"rt":19916,"url":"../static/nodeGraphs_scaffolding.html","edge":"5to8","edgeRT":"9694","skip":"false","flipped":"FALSE","index":"15","edgeClickLog":"[{\"edgeSelection\":\"5to8\",\"edgeRTMS\":9694}]","trial_id":"test_0","congruency":"I","trial_group":"15to20","condition":"scaffolding","inference_edge":"2to5,5to9,5to8","inference_edgeClickLog":"[{\"edgeSelection\":\"2to5\",\"edgeRTMS\":8602},{\"edgeSelection\":\"5to9\",\"edgeRTMS\":11518},{\"edgeSelection\":\"5to8\",\"edgeRTMS\":12072}]","inference_edgeRT":"12072","inference_edge_last":"","task":"experiment","subjectId":"d2kgsrlumrac6jm","trial_type":"external-html","trial_index":23,"time_elapsed":487206,"internal_node_id":"0.0-9.0-0.15"},{"rt":9587,"url":"../static/nodeGraphs_scaffolding.html","edge":"0to3","edgeRT":"7224","skip":"false","flipped":"FALSE","index":"16","edgeClickLog":"[{\"edgeSelection\":\"3to6\",\"edgeRTMS\":6164},{\"edgeSelection\":\"0to3\",\"edgeRTMS\":7224}]","trial_id":"test_1","congruency":"I","trial_group":"15to20","condition":"scaffolding","inference_edge":"2to5,5to9,5to8","inference_edgeClickLog":"[{\"edgeSelection\":\"2to5\",\"edgeRTMS\":8602},{\"edgeSelection\":\"5to9\",\"edgeRTMS\":11518},{\"edgeSelection\":\"5to8\",\"edgeRTMS\":12072}]","inference_edgeRT":"12072","inference_edge_last":"","task":"experiment","subjectId":"d2kgsrlumrac6jm","trial_type":"external-html","trial_index":24,"time_elapsed":497483,"internal_node_id":"0.0-9.0-0.16"},{"rt":4874,"url":"../static/nodeGraphs_scaffolding.html","edge":"0to3","edgeRT":"4498","skip":"false","flipped":"FALSE","index":"17","edgeClickLog":"[{\"edgeSelection\":\"0to3\",\"edgeRTMS\":4498}]","trial_id":"test_2","congruency":"I","trial_group":"15to20","condition":"scaffolding","inference_edge":"2to5,5to9,5to8","inference_edgeClickLog":"[{\"edgeSelection\":\"2to5\",\"edgeRTMS\":8602},{\"edgeSelection\":\"5to9\",\"edgeRTMS\":11518},{\"edgeSelection\":\"5to8\",\"edgeRTMS\":12072}]","inference_edgeRT":"12072","inference_edge_last":"","task":"experiment","subjectId":"d2kgsrlumrac6jm","trial_type":"external-html","trial_index":25,"time_elapsed":503023,"internal_node_id":"0.0-9.0-0.17"},{"rt":14489,"url":"../static/nodeGraphs_scaffolding.html","edge":"0to1","edgeRT":"14596","skip":"false","flipped":"FALSE","index":"18","edgeClickLog":"[{\"edgeSelection\":\"0to1\",\"edgeRTMS\":4278},{\"edgeSelection\":\"1to5\",\"edgeRTMS\":5180},{\"edgeSelection\":\"0to1\",\"edgeRTMS\":6864},{\"edgeSelection\":\"1to5\",\"edgeRTMS\":9095},{\"edgeSelection\":\"1to5\",\"edgeRTMS\":11432},{\"edgeSelection\":\"0to1\",\"edgeRTMS\":14596}]","trial_id":"test_3","congruency":"I","trial_group":"15to20","condition":"scaffolding","inference_edge":"2to5,5to9,5to8","inference_edgeClickLog":"[{\"edgeSelection\":\"2to5\",\"edgeRTMS\":8602},{\"edgeSelection\":\"5to9\",\"edgeRTMS\":11518},{\"edgeSelection\":\"5to8\",\"edgeRTMS\":12072}]","inference_edgeRT":"12072","inference_edge_last":"","task":"experiment","subjectId":"d2kgsrlumrac6jm","trial_type":"external-html","trial_index":26,"time_elapsed":518399,"internal_node_id":"0.0-9.0-0.18"},{"rt":18996,"url":"../static/nodeGraphs_scaffolding.html","edge":"6to8","edgeRT":"17747","skip":"false","flipped":"FALSE","index":"19","edgeClickLog":"[{\"edgeSelection\":\"6to8\",\"edgeRTMS\":17747}]","trial_id":"test_4","congruency":"I","trial_group":"15to20","condition":"scaffolding","inference_edge":"2to5,5to9,5to8","inference_edgeClickLog":"[{\"edgeSelection\":\"2to5\",\"edgeRTMS\":8602},{\"edgeSelection\":\"5to9\",\"edgeRTMS\":11518},{\"edgeSelection\":\"5to8\",\"edgeRTMS\":12072}]","inference_edgeRT":"12072","inference_edge_last":"","task":"experiment","subjectId":"d2kgsrlumrac6jm","trial_type":"external-html","trial_index":27,"time_elapsed":538066,"internal_node_id":"0.0-9.0-0.19"},{"rt":96360,"response":{"P0_Q0":null,"P0_Q1":2,"P0_Q2":7,"P0_Q3":5,"P0_Q4":6,"P0_Q5":2,"strategies":"I simply tried to guide them towards the most highest point path","feedback":"n/a"},"accuracy":[],"trial_type":"survey","trial_index":28,"time_elapsed":634973,"internal_node_id":"0.0-10.0"},{"rt":2132,"stimulus":"<p>Thanks for your time!</p>        <p>We need to manually calculate your bonus pay, please give us up to 7 days.</p><p>Press any key to conclude.</p>","response":" ","task":"end","subjectId":"d2kgsrlumrac6jm","trial_type":"html-keyboard-response","trial_index":29,"time_elapsed":637107,"internal_node_id":"0.0-11.0","interactions":"[{\"event\":\"fullscreenenter\",\"trial\":1,\"time\":1284},{\"event\":\"fullscreenexit\",\"trial\":1,\"time\":1859},{\"event\":\"blur\",\"trial\":3,\"time\":6242},{\"event\":\"focus\",\"trial\":3,\"time\":20527},{\"event\":\"blur\",\"trial\":3,\"time\":26749},{\"event\":\"focus\",\"trial\":3,\"time\":26760},{\"event\":\"blur\",\"trial\":4,\"time\":119468},{\"event\":\"focus\",\"trial\":4,\"time\":119468},{\"event\":\"blur\",\"trial\":4,\"time\":135392},{\"event\":\"focus\",\"trial\":4,\"time\":136086},{\"event\":\"blur\",\"trial\":11,\"time\":285049},{\"event\":\"focus\",\"trial\":11,\"time\":287446},{\"event\":\"blur\",\"trial\":28,\"time\":565173},{\"event\":\"focus\",\"trial\":28,\"time\":583409}]"}]