[{"success":true,"timeout":false,"failed_images":[],"failed_audio":[],"failed_video":[],"trial_type":"preload","trial_index":0,"time_elapsed":87,"internal_node_id":"0.0-0.0"},{"success":true,"trial_type":"fullscreen","trial_index":1,"time_elapsed":2806,"internal_node_id":"0.0-1.0"},{"rt":1949,"stimulus":"Welcome to the experiment. Press any key to begin.","response":"enter","trial_type":"html-keyboard-response","trial_index":2,"time_elapsed":4755,"internal_node_id":"0.0-2.0"},{"view_history":[{"page_index":0,"viewing_time":2958},{"page_index":1,"viewing_time":12258},{"page_index":2,"viewing_time":29840},{"page_index":3,"viewing_time":1981},{"page_index":2,"viewing_time":10343},{"page_index":3,"viewing_time":5625},{"page_index":4,"viewing_time":881},{"page_index":5,"viewing_time":544},{"page_index":6,"viewing_time":1968},{"page_index":7,"viewing_time":11236},{"page_index":8,"viewing_time":19694},{"page_index":9,"viewing_time":7806},{"page_index":10,"viewing_time":1280},{"page_index":11,"viewing_time":384},{"page_index":12,"viewing_time":512},{"page_index":13,"viewing_time":1203},{"page_index":14,"viewing_time":3117},{"page_index":15,"viewing_time":6592},{"page_index":16,"viewing_time":674},{"page_index":17,"viewing_time":334},{"page_index":18,"viewing_time":416},{"page_index":19,"viewing_time":2512},{"page_index":20,"viewing_time":4304},{"page_index":21,"viewing_time":3475}],"rt":129937,"trial_type":"instructions","trial_index":3,"time_elapsed":134694,"internal_node_id":"0.0-3.0"},{"rt":176752,"url":"../static/nodeGraphsTraining_scaffolding.html","skip":[],"edgeClickLog":[],"inference_edge":[],"inference_edgeClickLog":[],"trial_type":"external-html","trial_index":4,"time_elapsed":311494,"internal_node_id":"0.0-4.0"},{"rt":37585,"response":{"q1":"The goal is to help the student to get the most points.","q2":"False","q3":"Possible edges you, as the teacher, can choose to teach the learner.","q4":"Edges that the student took before."},"question_order":[0,1,2,3],"trial_type":"survey-multi-choice","trial_index":5,"time_elapsed":349080,"internal_node_id":"0.0-5.0"},{"rt":4556,"stimulus":"<p>You can take a 60 second break before starting the experiment.</p><br><br><p>This page will advance in 60 seconds or you can press any key to advance now.</p>","response":"enter","trial_type":"html-keyboard-response","trial_index":6,"time_elapsed":353638,"internal_node_id":"0.0-7.0"},{"view_history":[{"page_index":0,"viewing_time":17102}],"rt":17102,"trial_type":"instructions","trial_index":7,"time_elapsed":370740,"internal_node_id":"0.0-8.0"},{"rt":49505,"url":"../static/nodeGraphs_scaffolding.html","edge":"0to1","edgeRT":"8503","skip":"false","flipped":"FALSE","index":"0","edgeClickLog":"[{\"edgeSelection\":\"0to1\",\"edgeRTMS\":8503}]","trial_id":"incong_0","congruency":"I","trial_group":"1to5","condition":"scaffolding","inference_edge":"4to7,1to4,0to1","inference_edgeClickLog":"[{\"edgeSelection\":\"0to2\",\"edgeRTMS\":17015},{\"edgeSelection\":\"2to4\",\"edgeRTMS\":18283},{\"edgeSelection\":\"4to7\",\"edgeRTMS\":20037},{\"edgeSelection\":\"2to4\",\"edgeRTMS\":34621},{\"edgeSelection\":\"1to4\",\"edgeRTMS\":35285},{\"edgeSelection\":\"0to1\",\"edgeRTMS\":36125}]","inference_edgeRT":"36125","inference_edge_last":"0to1","task":"experiment","subjectId":"9uzq35dqgdgdoop","trial_type":"external-html","trial_index":8,"time_elapsed":420293,"internal_node_id":"0.0-9.0-0.0"},{"rt":37612,"url":"../static/nodeGraphs_scaffolding.html","edge":"2to4","edgeRT":"11843","skip":"false","flipped":"FALSE","index":"1","edgeClickLog":"[{\"edgeSelection\":\"0to2\",\"edgeRTMS\":5174},{\"edgeSelection\":\"2to4\",\"edgeRTMS\":11843}]","trial_id":"incong_5","congruency":"I","trial_group":"1to5","condition":"scaffolding","inference_edge":"0to2,2to4,4to7","inference_edgeClickLog":"[{\"edgeSelection\":\"0to2\",\"edgeRTMS\":10369},{\"edgeSelection\":\"2to4\",\"edgeRTMS\":13381},{\"edgeSelection\":\"4to7\",\"edgeRTMS\":17752}]","inference_edgeRT":"17752","inference_edge_last":"4to7","task":"experiment","subjectId":"9uzq35dqgdgdoop","trial_type":"external-html","trial_index":9,"time_elapsed":458472,"internal_node_id":"0.0-9.0-0.1"},{"rt":22416,"url":"../static/nodeGraphs_scaffolding.html","edge":"0to2","edgeRT":"3779","skip":"false","flipped":"FALSE","index":"2","edgeClickLog":"[{\"edgeSelection\":\"0to2\",\"edgeRTMS\":3779}]","trial_id":"incong_3","congruency":"I","trial_group":"1to5","condition":"scaffolding","inference_edge":"0to2,2to6,6to8","inference_edgeClickLog":"[{\"edgeSelection\":\"0to2\",\"edgeRTMS\":7039},{\"edgeSelection\":\"2to6\",\"edgeRTMS\":12649},{\"edgeSelection\":\"6to8\",\"edgeRTMS\":14804}]","inference_edgeRT":"14804","inference_edge_last":"6to8","task":"experiment","subjectId":"9uzq35dqgdgdoop","trial_type":"external-html","trial_index":10,"time_elapsed":481554,"internal_node_id":"0.0-9.0-0.2"},{"rt":18876,"url":"../static/nodeGraphs_scaffolding.html","edge":"0to2","edgeRT":"5751","skip":"false","flipped":"FALSE","index":"3","edgeClickLog":"[{\"edgeSelection\":\"0to2\",\"edgeRTMS\":5751}]","trial_id":"incong_10","congruency":"I","trial_group":"1to5","condition":"scaffolding","inference_edge":"0to2,2to4,4to8","inference_edgeClickLog":"[{\"edgeSelection\":\"0to2\",\"edgeRTMS\":3828},{\"edgeSelection\":\"2to4\",\"edgeRTMS\":6319},{\"edgeSelection\":\"4to8\",\"edgeRTMS\":7606}]","inference_edgeRT":"7606","inference_edge_last":"4to8","task":"experiment","subjectId":"9uzq35dqgdgdoop","trial_type":"external-html","trial_index":11,"time_elapsed":501005,"internal_node_id":"0.0-9.0-0.3"},{"rt":13416,"url":"../static/nodeGraphs_scaffolding.html","edge":"0to1","edgeRT":"2166","skip":"false","flipped":"FALSE","index":"4","edgeClickLog":"[{\"edgeSelection\":\"0to1\",\"edgeRTMS\":2166}]","trial_id":"incong_2","congruency":"I","trial_group":"1to5","condition":"scaffolding","inference_edge":"0to1,1to4,4to8","inference_edgeClickLog":"[{\"edgeSelection\":\"0to1\",\"edgeRTMS\":5364},{\"edgeSelection\":\"1to4\",\"edgeRTMS\":6331},{\"edgeSelection\":\"4to8\",\"edgeRTMS\":7210}]","inference_edgeRT":"7210","inference_edge_last":"4to8","task":"experiment","subjectId":"9uzq35dqgdgdoop","trial_type":"external-html","trial_index":12,"time_elapsed":514995,"internal_node_id":"0.0-9.0-0.4"},{"rt":16851,"url":"../static/nodeGraphs_scaffolding.html","edge":"0to3","edgeRT":"2262","skip":"false","flipped":"TRUE","index":"5","edgeClickLog":"[{\"edgeSelection\":\"0to3\",\"edgeRTMS\":2262}]","trial_id":"incong_0_flipped","congruency":"I","trial_group":"5to10","condition":"scaffolding","inference_edge":"0to3,3to6,6to9","inference_edgeClickLog":"[{\"edgeSelection\":\"0to3\",\"edgeRTMS\":8690},{\"edgeSelection\":\"3to6\",\"edgeRTMS\":10240},{\"edgeSelection\":\"6to9\",\"edgeRTMS\":11696}]","inference_edgeRT":"11696","inference_edge_last":"6to9","task":"experiment","subjectId":"9uzq35dqgdgdoop","trial_type":"external-html","trial_index":13,"time_elapsed":532434,"internal_node_id":"0.0-9.0-0.5"},{"rt":17714,"url":"../static/nodeGraphs_scaffolding.html","edge":"2to6","edgeRT":"2392","skip":"false","flipped":"TRUE","index":"6","edgeClickLog":"[{\"edgeSelection\":\"2to6\",\"edgeRTMS\":2392}]","trial_id":"incong_5_flipped","congruency":"I","trial_group":"5to10","condition":"scaffolding","inference_edge":"0to2,2to6,6to9","inference_edgeClickLog":"[{\"edgeSelection\":\"0to2\",\"edgeRTMS\":6751},{\"edgeSelection\":\"2to6\",\"edgeRTMS\":7989},{\"edgeSelection\":\"6to9\",\"edgeRTMS\":9845}]","inference_edgeRT":"9845","inference_edge_last":"6to9","task":"experiment","subjectId":"9uzq35dqgdgdoop","trial_type":"external-html","trial_index":14,"time_elapsed":550716,"internal_node_id":"0.0-9.0-0.6"},{"rt":12174,"url":"../static/nodeGraphs_scaffolding.html","edge":"0to2","edgeRT":"2519","skip":"false","flipped":"TRUE","index":"7","edgeClickLog":"[{\"edgeSelection\":\"0to2\",\"edgeRTMS\":2519}]","trial_id":"incong_3_flipped","congruency":"I","trial_group":"5to10","condition":"scaffolding","inference_edge":"0to2,2to4,4to8","inference_edgeClickLog":"[{\"edgeSelection\":\"0to2\",\"edgeRTMS\":3200},{\"edgeSelection\":\"2to4\",\"edgeRTMS\":4328},{\"edgeSelection\":\"4to8\",\"edgeRTMS\":5659}]","inference_edgeRT":"5659","inference_edge_last":"4to8","task":"experiment","subjectId":"9uzq35dqgdgdoop","trial_type":"external-html","trial_index":15,"time_elapsed":563452,"internal_node_id":"0.0-9.0-0.7"},{"rt":22859,"url":"../static/nodeGraphs_scaffolding.html","edge":"0to2","edgeRT":"13431","skip":"false","flipped":"TRUE","index":"8","edgeClickLog":"[{\"edgeSelection\":\"0to2\",\"edgeRTMS\":2501},{\"edgeSelection\":\"0to2\",\"edgeRTMS\":6908},{\"edgeSelection\":\"5to8\",\"edgeRTMS\":7542},{\"edgeSelection\":\"5to8\",\"edgeRTMS\":12246},{\"edgeSelection\":\"0to2\",\"edgeRTMS\":13431}]","trial_id":"incong_10_flipped","congruency":"I","trial_group":"5to10","condition":"scaffolding","inference_edge":"0to2,2to6,6to8","inference_edgeClickLog":"[{\"edgeSelection\":\"0to2\",\"edgeRTMS\":3706},{\"edgeSelection\":\"2to6\",\"edgeRTMS\":4531},{\"edgeSelection\":\"6to8\",\"edgeRTMS\":5395}]","inference_edgeRT":"5395","inference_edge_last":"6to8","task":"experiment","subjectId":"9uzq35dqgdgdoop","trial_type":"external-html","trial_index":16,"time_elapsed":586904,"internal_node_id":"0.0-9.0-0.8"},{"rt":13746,"url":"../static/nodeGraphs_scaffolding.html","edge":"0to3","edgeRT":"1441","skip":"false","flipped":"TRUE","index":"9","edgeClickLog":"[{\"edgeSelection\":\"0to3\",\"edgeRTMS\":1441}]","trial_id":"incong_2_flipped","congruency":"I","trial_group":"5to10","condition":"scaffolding","inference_edge":"0to3,3to6,6to8","inference_edgeClickLog":"[{\"edgeSelection\":\"0to3\",\"edgeRTMS\":6152},{\"edgeSelection\":\"3to6\",\"edgeRTMS\":6925},{\"edgeSelection\":\"6to8\",\"edgeRTMS\":7936}]","inference_edgeRT":"7936","inference_edge_last":"6to8","task":"experiment","subjectId":"9uzq35dqgdgdoop","trial_type":"external-html","trial_index":17,"time_elapsed":601217,"internal_node_id":"0.0-9.0-0.9"},{"rt":10307,"url":"../static/nodeGraphs_scaffolding.html","edge":"0to1","edgeRT":"1926","skip":"false","flipped":"FALSE","index":"10","edgeClickLog":"[{\"edgeSelection\":\"0to1\",\"edgeRTMS\":1926}]","trial_id":"incong_0","congruency":"I","trial_group":"10to15","condition":"scaffolding","inference_edge":"0to1,1to4,4to7","inference_edgeClickLog":"[{\"edgeSelection\":\"0to1\",\"edgeRTMS\":3756},{\"edgeSelection\":\"1to4\",\"edgeRTMS\":4459},{\"edgeSelection\":\"4to7\",\"edgeRTMS\":5992}]","inference_edgeRT":"5992","inference_edge_last":"4to7","task":"experiment","subjectId":"9uzq35dqgdgdoop","trial_type":"external-html","trial_index":18,"time_elapsed":612086,"internal_node_id":"0.0-9.0-0.10"},{"rt":14955,"url":"../static/nodeGraphs_scaffolding.html","edge":"2to4","edgeRT":"7261","skip":"false","flipped":"FALSE","index":"11","edgeClickLog":"[{\"edgeSelection\":\"2to4\",\"edgeRTMS\":7261}]","trial_id":"incong_5","congruency":"I","trial_group":"10to15","condition":"scaffolding","inference_edge":"0to2,2to4,4to7","inference_edgeClickLog":"[{\"edgeSelection\":\"0to2\",\"edgeRTMS\":3770},{\"edgeSelection\":\"2to4\",\"edgeRTMS\":4889},{\"edgeSelection\":\"4to7\",\"edgeRTMS\":5613}]","inference_edgeRT":"5613","inference_edge_last":"4to7","task":"experiment","subjectId":"9uzq35dqgdgdoop","trial_type":"external-html","trial_index":19,"time_elapsed":627596,"internal_node_id":"0.0-9.0-0.11"},{"rt":13227,"url":"../static/nodeGraphs_scaffolding.html","edge":"0to2","edgeRT":"1834","skip":"false","flipped":"FALSE","index":"12","edgeClickLog":"[{\"edgeSelection\":\"0to2\",\"edgeRTMS\":1834}]","trial_id":"incong_3","congruency":"I","trial_group":"10to15","condition":"scaffolding","inference_edge":"0to2,2to6,6to8","inference_edgeClickLog":"[{\"edgeSelection\":\"0to2\",\"edgeRTMS\":2621},{\"edgeSelection\":\"2to6\",\"edgeRTMS\":3361},{\"edgeSelection\":\"6to8\",\"edgeRTMS\":5106}]","inference_edgeRT":"5106","inference_edge_last":"6to8","task":"experiment","subjectId":"9uzq35dqgdgdoop","trial_type":"external-html","trial_index":20,"time_elapsed":641383,"internal_node_id":"0.0-9.0-0.12"},{"rt":10031,"url":"../static/nodeGraphs_scaffolding.html","edge":"0to2","edgeRT":"1241","skip":"false","flipped":"FALSE","index":"13","edgeClickLog":"[{\"edgeSelection\":\"0to2\",\"edgeRTMS\":1241}]","trial_id":"incong_10","congruency":"I","trial_group":"10to15","condition":"scaffolding","inference_edge":"0to2,2to4,4to8","inference_edgeClickLog":"[{\"edgeSelection\":\"0to2\",\"edgeRTMS\":4889},{\"edgeSelection\":\"2to4\",\"edgeRTMS\":5707},{\"edgeSelection\":\"4to8\",\"edgeRTMS\":6361}]","inference_edgeRT":"6361","inference_edge_last":"4to8","task":"experiment","subjectId":"9uzq35dqgdgdoop","trial_type":"external-html","trial_index":21,"time_elapsed":652023,"internal_node_id":"0.0-9.0-0.13"},{"rt":10089,"url":"../static/nodeGraphs_scaffolding.html","edge":"0to1","edgeRT":"2494","skip":"false","flipped":"FALSE","index":"14","edgeClickLog":"[{\"edgeSelection\":\"0to1\",\"edgeRTMS\":2494}]","trial_id":"incong_2","congruency":"I","trial_group":"10to15","condition":"scaffolding","inference_edge":"0to1,1to4,4to8","inference_edgeClickLog":"[{\"edgeSelection\":\"0to1\",\"edgeRTMS\":3248},{\"edgeSelection\":\"1to4\",\"edgeRTMS\":3884},{\"edgeSelection\":\"4to8\",\"edgeRTMS\":4787}]","inference_edgeRT":"4787","inference_edge_last":"4to8","task":"experiment","subjectId":"9uzq35dqgdgdoop","trial_type":"external-html","trial_index":22,"time_elapsed":662695,"internal_node_id":"0.0-9.0-0.14"},{"rt":22840,"url":"../static/nodeGraphs_scaffolding.html","edge":"0to2","edgeRT":"10486","skip":"false","flipped":"FALSE","index":"15","edgeClickLog":"[{\"edgeSelection\":\"0to2\",\"edgeRTMS\":10486}]","trial_id":"test_0","congruency":"I","trial_group":"15to20","condition":"scaffolding","inference_edge":"0to1,1to4,4to8","inference_edgeClickLog":"[{\"edgeSelection\":\"0to1\",\"edgeRTMS\":3248},{\"edgeSelection\":\"1to4\",\"edgeRTMS\":3884},{\"edgeSelection\":\"4to8\",\"edgeRTMS\":4787}]","inference_edgeRT":"4787","inference_edge_last":"","task":"experiment","subjectId":"9uzq35dqgdgdoop","trial_type":"external-html","trial_index":23,"time_elapsed":686102,"internal_node_id":"0.0-9.0-0.15"},{"rt":5715,"url":"../static/nodeGraphs_scaffolding.html","edge":"0to3","edgeRT":"4877","skip":"false","flipped":"FALSE","index":"16","edgeClickLog":"[{\"edgeSelection\":\"0to3\",\"edgeRTMS\":4877}]","trial_id":"test_1","congruency":"I","trial_group":"15to20","condition":"scaffolding","inference_edge":"0to1,1to4,4to8","inference_edgeClickLog":"[{\"edgeSelection\":\"0to1\",\"edgeRTMS\":3248},{\"edgeSelection\":\"1to4\",\"edgeRTMS\":3884},{\"edgeSelection\":\"4to8\",\"edgeRTMS\":4787}]","inference_edgeRT":"4787","inference_edge_last":"","task":"experiment","subjectId":"9uzq35dqgdgdoop","trial_type":"external-html","trial_index":24,"time_elapsed":692441,"internal_node_id":"0.0-9.0-0.16"},{"rt":4860,"url":"../static/nodeGraphs_scaffolding.html","edge":"0to3","edgeRT":"2284","skip":"false","flipped":"FALSE","index":"17","edgeClickLog":"[{\"edgeSelection\":\"0to3\",\"edgeRTMS\":2284}]","trial_id":"test_2","congruency":"I","trial_group":"15to20","condition":"scaffolding","inference_edge":"0to1,1to4,4to8","inference_edgeClickLog":"[{\"edgeSelection\":\"0to1\",\"edgeRTMS\":3248},{\"edgeSelection\":\"1to4\",\"edgeRTMS\":3884},{\"edgeSelection\":\"4to8\",\"edgeRTMS\":4787}]","inference_edgeRT":"4787","inference_edge_last":"","task":"experiment","subjectId":"9uzq35dqgdgdoop","trial_type":"external-html","trial_index":25,"time_elapsed":697862,"internal_node_id":"0.0-9.0-0.17"},{"rt":3023,"url":"../static/nodeGraphs_scaffolding.html","edge":"0to1","edgeRT":"2337","skip":"false","flipped":"FALSE","index":"18","edgeClickLog":"[{\"edgeSelection\":\"0to1\",\"edgeRTMS\":2337}]","trial_id":"test_3","congruency":"I","trial_group":"15to20","condition":"scaffolding","inference_edge":"0to1,1to4,4to8","inference_edgeClickLog":"[{\"edgeSelection\":\"0to1\",\"edgeRTMS\":3248},{\"edgeSelection\":\"1to4\",\"edgeRTMS\":3884},{\"edgeSelection\":\"4to8\",\"edgeRTMS\":4787}]","inference_edgeRT":"4787","inference_edge_last":"","task":"experiment","subjectId":"9uzq35dqgdgdoop","trial_type":"external-html","trial_index":26,"time_elapsed":701443,"internal_node_id":"0.0-9.0-0.18"},{"rt":11284,"url":"../static/nodeGraphs_scaffolding.html","edge":"2to6","edgeRT":"8937","skip":"false","flipped":"FALSE","index":"19","edgeClickLog":"[{\"edgeSelection\":\"2to6\",\"edgeRTMS\":8937}]","trial_id":"test_4","congruency":"I","trial_group":"15to20","condition":"scaffolding","inference_edge":"0to1,1to4,4to8","inference_edgeClickLog":"[{\"edgeSelection\":\"0to1\",\"edgeRTMS\":3248},{\"edgeSelection\":\"1to4\",\"edgeRTMS\":3884},{\"edgeSelection\":\"4to8\",\"edgeRTMS\":4787}]","inference_edgeRT":"4787","inference_edge_last":"","task":"experiment","subjectId":"9uzq35dqgdgdoop","trial_type":"external-html","trial_index":27,"time_elapsed":713292,"internal_node_id":"0.0-9.0-0.19"},{"rt":30420,"response":{"P0_Q0":null,"P0_Q1":4,"P0_Q2":5,"P0_Q3":4,"P0_Q4":5,"P0_Q5":3,"strategies":"Tried to ensure the student gets to a 3 as quickly as possible","feedback":"N/A"},"accuracy":[],"trial_type":"survey","trial_index":28,"time_elapsed":744253,"internal_node_id":"0.0-10.0"},{"rt":3099,"stimulus":"<p>Thanks for your time!</p>        <p>We need to manually calculate your bonus pay, please give us up to 7 days.</p><p>Press any key to conclude.</p>","response":" ","task":"end","subjectId":"9uzq35dqgdgdoop","trial_type":"html-keyboard-response","trial_index":29,"time_elapsed":747354,"internal_node_id":"0.0-11.0","interactions":"[{\"event\":\"fullscreenenter\",\"trial\":1,\"time\":1845}]"}]