[{"success":true,"timeout":false,"failed_images":[],"failed_audio":[],"failed_video":[],"trial_type":"preload","trial_index":0,"time_elapsed":206,"internal_node_id":"0.0-0.0"},{"success":true,"trial_type":"fullscreen","trial_index":1,"time_elapsed":11402,"internal_node_id":"0.0-1.0"},{"rt":1079,"stimulus":"Welcome to the experiment. Press any key to begin.","response":" ","trial_type":"html-keyboard-response","trial_index":2,"time_elapsed":12483,"internal_node_id":"0.0-2.0"},{"view_history":[{"page_index":0,"viewing_time":4703},{"page_index":1,"viewing_time":4451},{"page_index":2,"viewing_time":30460},{"page_index":3,"viewing_time":5963},{"page_index":4,"viewing_time":1292},{"page_index":5,"viewing_time":855},{"page_index":6,"viewing_time":3218},{"page_index":7,"viewing_time":11942},{"page_index":8,"viewing_time":10718},{"page_index":9,"viewing_time":6156},{"page_index":10,"viewing_time":1583},{"page_index":11,"viewing_time":674},{"page_index":12,"viewing_time":563},{"page_index":13,"viewing_time":2325},{"page_index":14,"viewing_time":3048},{"page_index":15,"viewing_time":4846},{"page_index":16,"viewing_time":829},{"page_index":17,"viewing_time":517},{"page_index":18,"viewing_time":765},{"page_index":19,"viewing_time":5060},{"page_index":20,"viewing_time":5604},{"page_index":21,"viewing_time":5287}],"rt":110859,"trial_type":"instructions","trial_index":3,"time_elapsed":123344,"internal_node_id":"0.0-3.0"},{"rt":55486,"url":"../static/nodeGraphsTraining_normal.html","skip":[],"edgeClickLog":[],"inference_edge":[],"inference_edgeClickLog":[],"trial_type":"external-html","trial_index":4,"time_elapsed":179216,"internal_node_id":"0.0-4.0"},{"rt":24520,"response":{"q1":"The goal is to help the student to get the most points","q2":"False","q3":"Possible paths you, as the teacher, can choose to teach the learner.","q4":"Paths that the student took before."},"question_order":[0,1,2,3],"trial_type":"survey-multi-choice","trial_index":5,"time_elapsed":203741,"internal_node_id":"0.0-5.0"},{"rt":3009,"stimulus":"<p>You can take a 60 second break before starting the experiment.</p><br><br><p>This page will advance in 60 seconds or you can press any key to advance now.</p>","response":" ","trial_type":"html-keyboard-response","trial_index":6,"time_elapsed":206754,"internal_node_id":"0.0-7.0"},{"view_history":[{"page_index":0,"viewing_time":11454}],"rt":11455,"trial_type":"instructions","trial_index":7,"time_elapsed":218209,"internal_node_id":"0.0-8.0"},{"rt":6560,"url":"../static/nodeGraphs_normal.html","edge":"1to4","edgeRT":"4266","skip":"false","flipped":"FALSE","index":"0","edgeClickLog":"[{\"edgeSelection\":\"1to4\",\"edgeRTMS\":4266}]","trial_id":"cong_0","congruency":"C","trial_group":"1to5","condition":"normal","inference_edge":[],"inference_edgeClickLog":[],"task":"experiment","subjectId":"207rucr02hooub8","trial_type":"external-html","trial_index":8,"time_elapsed":225028,"internal_node_id":"0.0-9.0-0.0"},{"rt":7885,"url":"../static/nodeGraphs_normal.html","edge":"2to6","edgeRT":"5246","skip":"false","flipped":"FALSE","index":"1","edgeClickLog":"[{\"edgeSelection\":\"2to6\",\"edgeRTMS\":5246}]","trial_id":"cong_1","congruency":"C","trial_group":"1to5","condition":"normal","inference_edge":[],"inference_edgeClickLog":[],"task":"experiment","subjectId":"207rucr02hooub8","trial_type":"external-html","trial_index":9,"time_elapsed":233555,"internal_node_id":"0.0-9.0-0.1"},{"rt":9910,"url":"../static/nodeGraphs_normal.html","edge":"2to5","edgeRT":"9229","skip":"false","flipped":"FALSE","index":"2","edgeClickLog":"[{\"edgeSelection\":\"2to5\",\"edgeRTMS\":9229}]","trial_id":"cong_6","congruency":"C","trial_group":"1to5","condition":"normal","inference_edge":[],"inference_edgeClickLog":[],"task":"experiment","subjectId":"207rucr02hooub8","trial_type":"external-html","trial_index":10,"time_elapsed":244085,"internal_node_id":"0.0-9.0-0.2"},{"rt":5343,"url":"../static/nodeGraphs_normal.html","edge":"2to4","edgeRT":"3468","skip":"false","flipped":"FALSE","index":"3","edgeClickLog":"[{\"edgeSelection\":\"2to4\",\"edgeRTMS\":3468}]","trial_id":"cong_4","congruency":"C","trial_group":"1to5","condition":"normal","inference_edge":[],"inference_edgeClickLog":[],"task":"experiment","subjectId":"207rucr02hooub8","trial_type":"external-html","trial_index":11,"time_elapsed":250047,"internal_node_id":"0.0-9.0-0.3"},{"rt":13497,"url":"../static/nodeGraphs_normal.html","edge":"2to5","edgeRT":"4370","skip":"false","flipped":"FALSE","index":"4","edgeClickLog":"[{\"edgeSelection\":\"2to5\",\"edgeRTMS\":4370}]","trial_id":"cong_9","congruency":"C","trial_group":"1to5","condition":"normal","inference_edge":[],"inference_edgeClickLog":[],"task":"experiment","subjectId":"207rucr02hooub8","trial_type":"external-html","trial_index":12,"time_elapsed":264178,"internal_node_id":"0.0-9.0-0.4"},{"rt":6158,"url":"../static/nodeGraphs_normal.html","edge":"3to6","edgeRT":"4415","skip":"false","flipped":"TRUE","index":"5","edgeClickLog":"[{\"edgeSelection\":\"3to6\",\"edgeRTMS\":4415}]","trial_id":"cong_0_flipped","congruency":"C","trial_group":"5to10","condition":"normal","inference_edge":[],"inference_edgeClickLog":[],"task":"experiment","subjectId":"207rucr02hooub8","trial_type":"external-html","trial_index":13,"time_elapsed":270973,"internal_node_id":"0.0-9.0-0.5"},{"rt":15754,"url":"../static/nodeGraphs_normal.html","edge":"4to7","edgeRT":"14763","skip":"false","flipped":"TRUE","index":"6","edgeClickLog":"[{\"edgeSelection\":\"4to7\",\"edgeRTMS\":14763}]","trial_id":"cong_1_flipped","congruency":"C","trial_group":"5to10","condition":"normal","inference_edge":[],"inference_edgeClickLog":[],"task":"experiment","subjectId":"207rucr02hooub8","trial_type":"external-html","trial_index":14,"time_elapsed":287354,"internal_node_id":"0.0-9.0-0.6"},{"rt":16249,"url":"../static/nodeGraphs_normal.html","edge":"5to9","edgeRT":"14732","skip":"false","flipped":"TRUE","index":"7","edgeClickLog":"[{\"edgeSelection\":\"5to9\",\"edgeRTMS\":14732}]","trial_id":"cong_6_flipped","congruency":"C","trial_group":"5to10","condition":"normal","inference_edge":[],"inference_edgeClickLog":[],"task":"experiment","subjectId":"207rucr02hooub8","trial_type":"external-html","trial_index":15,"time_elapsed":304230,"internal_node_id":"0.0-9.0-0.7"},{"rt":6708,"url":"../static/nodeGraphs_normal.html","edge":"2to6","edgeRT":"4796","skip":"false","flipped":"TRUE","index":"8","edgeClickLog":"[{\"edgeSelection\":\"2to6\",\"edgeRTMS\":4796}]","trial_id":"cong_4_flipped","congruency":"C","trial_group":"5to10","condition":"normal","inference_edge":[],"inference_edgeClickLog":[],"task":"experiment","subjectId":"207rucr02hooub8","trial_type":"external-html","trial_index":16,"time_elapsed":311565,"internal_node_id":"0.0-9.0-0.8"},{"rt":5133,"url":"../static/nodeGraphs_normal.html","edge":"2to5","edgeRT":"4008","skip":"false","flipped":"TRUE","index":"9","edgeClickLog":"[{\"edgeSelection\":\"2to5\",\"edgeRTMS\":4008}]","trial_id":"cong_9_flipped","congruency":"C","trial_group":"5to10","condition":"normal","inference_edge":[],"inference_edgeClickLog":[],"task":"experiment","subjectId":"207rucr02hooub8","trial_type":"external-html","trial_index":17,"time_elapsed":317325,"internal_node_id":"0.0-9.0-0.9"},{"rt":6131,"url":"../static/nodeGraphs_normal.html","edge":"1to4","edgeRT":"4076","skip":"false","flipped":"FALSE","index":"10","edgeClickLog":"[{\"edgeSelection\":\"1to4\",\"edgeRTMS\":4076}]","trial_id":"cong_0","congruency":"C","trial_group":"10to15","condition":"normal","inference_edge":[],"inference_edgeClickLog":[],"task":"experiment","subjectId":"207rucr02hooub8","trial_type":"external-html","trial_index":18,"time_elapsed":324075,"internal_node_id":"0.0-9.0-0.10"},{"rt":11124,"url":"../static/nodeGraphs_normal.html","edge":"2to6","edgeRT":"9408","skip":"false","flipped":"FALSE","index":"11","edgeClickLog":"[{\"edgeSelection\":\"2to6\",\"edgeRTMS\":9408}]","trial_id":"cong_1","congruency":"C","trial_group":"10to15","condition":"normal","inference_edge":[],"inference_edgeClickLog":[],"task":"experiment","subjectId":"207rucr02hooub8","trial_type":"external-html","trial_index":19,"time_elapsed":335823,"internal_node_id":"0.0-9.0-0.11"},{"rt":22157,"url":"../static/nodeGraphs_normal.html","edge":"5to7","edgeRT":"21053","skip":"false","flipped":"FALSE","index":"12","edgeClickLog":"[{\"edgeSelection\":\"5to7\",\"edgeRTMS\":21053}]","trial_id":"cong_6","congruency":"C","trial_group":"10to15","condition":"normal","inference_edge":[],"inference_edgeClickLog":[],"task":"experiment","subjectId":"207rucr02hooub8","trial_type":"external-html","trial_index":20,"time_elapsed":358613,"internal_node_id":"0.0-9.0-0.12"},{"rt":11958,"url":"../static/nodeGraphs_normal.html","edge":"4to8","edgeRT":"11185","skip":"false","flipped":"FALSE","index":"13","edgeClickLog":"[{\"edgeSelection\":\"4to8\",\"edgeRTMS\":11185}]","trial_id":"cong_4","congruency":"C","trial_group":"10to15","condition":"normal","inference_edge":[],"inference_edgeClickLog":[],"task":"experiment","subjectId":"207rucr02hooub8","trial_type":"external-html","trial_index":21,"time_elapsed":371190,"internal_node_id":"0.0-9.0-0.13"},{"rt":4958,"url":"../static/nodeGraphs_normal.html","edge":"2to5","edgeRT":"4123","skip":"false","flipped":"FALSE","index":"14","edgeClickLog":"[{\"edgeSelection\":\"2to5\",\"edgeRTMS\":4123}]","trial_id":"cong_9","congruency":"C","trial_group":"10to15","condition":"normal","inference_edge":[],"inference_edgeClickLog":[],"task":"experiment","subjectId":"207rucr02hooub8","trial_type":"external-html","trial_index":22,"time_elapsed":376770,"internal_node_id":"0.0-9.0-0.14"},{"rt":19368,"url":"../static/nodeGraphs_normal.html","edge":"2to6","edgeRT":"12464","skip":"false","flipped":"FALSE","index":"15","edgeClickLog":"[{\"edgeSelection\":\"2to6\",\"edgeRTMS\":12464}]","trial_id":"test_0","congruency":"I","trial_group":"15to20","condition":"normal","inference_edge":[],"inference_edgeClickLog":[],"task":"experiment","subjectId":"207rucr02hooub8","trial_type":"external-html","trial_index":23,"time_elapsed":396775,"internal_node_id":"0.0-9.0-0.15"},{"rt":8868,"url":"../static/nodeGraphs_normal.html","edge":"3to6","edgeRT":"7810","skip":"false","flipped":"FALSE","index":"16","edgeClickLog":"[{\"edgeSelection\":\"3to6\",\"edgeRTMS\":7810}]","trial_id":"test_1","congruency":"I","trial_group":"15to20","condition":"normal","inference_edge":[],"inference_edgeClickLog":[],"task":"experiment","subjectId":"207rucr02hooub8","trial_type":"external-html","trial_index":24,"time_elapsed":406336,"internal_node_id":"0.0-9.0-0.16"},{"rt":18663,"url":"../static/nodeGraphs_normal.html","edge":"3to6","edgeRT":"18298","skip":"false","flipped":"FALSE","index":"17","edgeClickLog":"[{\"edgeSelection\":\"3to6\",\"edgeRTMS\":18298}]","trial_id":"test_2","congruency":"I","trial_group":"15to20","condition":"normal","inference_edge":[],"inference_edgeClickLog":[],"task":"experiment","subjectId":"207rucr02hooub8","trial_type":"external-html","trial_index":25,"time_elapsed":425620,"internal_node_id":"0.0-9.0-0.17"},{"rt":19180,"url":"../static/nodeGraphs_normal.html","edge":"1to5","edgeRT":"18805","skip":"false","flipped":"FALSE","index":"18","edgeClickLog":"[{\"edgeSelection\":\"1to5\",\"edgeRTMS\":18805}]","trial_id":"test_3","congruency":"I","trial_group":"15to20","condition":"normal","inference_edge":[],"inference_edgeClickLog":[],"task":"experiment","subjectId":"207rucr02hooub8","trial_type":"external-html","trial_index":26,"time_elapsed":445421,"internal_node_id":"0.0-9.0-0.18"},{"rt":18473,"url":"../static/nodeGraphs_normal.html","edge":"4to7","edgeRT":"17823","skip":"false","flipped":"FALSE","index":"19","edgeClickLog":"[{\"edgeSelection\":\"4to7\",\"edgeRTMS\":17823}]","trial_id":"test_4","congruency":"I","trial_group":"15to20","condition":"normal","inference_edge":[],"inference_edgeClickLog":[],"task":"experiment","subjectId":"207rucr02hooub8","trial_type":"external-html","trial_index":27,"time_elapsed":464523,"internal_node_id":"0.0-9.0-0.19"},{"rt":51059,"response":{"P0_Q0":null,"P0_Q1":6,"P0_Q2":6,"P0_Q3":5,"P0_Q4":6,"P0_Q5":3,"strategies":"I tried to maximize the points the student would get without making too many changes.","feedback":"Nothing comes to mind. Thank you."},"accuracy":[],"trial_type":"survey","trial_index":28,"time_elapsed":516217,"internal_node_id":"0.0-10.0"},{"rt":2527,"stimulus":"<p>Thanks for your time!</p>        <p>We need to manually calculate your bonus pay, please give us up to 7 days.</p><p>Press any key to conclude.</p>","response":" ","task":"end","subjectId":"207rucr02hooub8","trial_type":"html-keyboard-response","trial_index":29,"time_elapsed":518748,"internal_node_id":"0.0-11.0","interactions":"[{\"event\":\"blur\",\"trial\":1,\"time\":6191},{\"event\":\"focus\",\"trial\":1,\"time\":9052},{\"event\":\"fullscreenenter\",\"trial\":1,\"time\":10427}]"}]