[{"success":true,"timeout":false,"failed_images":[],"failed_audio":[],"failed_video":[],"trial_type":"preload","trial_index":0,"time_elapsed":387,"internal_node_id":"0.0-0.0"},{"success":true,"trial_type":"fullscreen","trial_index":1,"time_elapsed":3381,"internal_node_id":"0.0-1.0"},{"rt":2881,"stimulus":"Welcome to the experiment. Press any key to begin.","response":" ","trial_type":"html-keyboard-response","trial_index":2,"time_elapsed":6263,"internal_node_id":"0.0-2.0"},{"view_history":[{"page_index":0,"viewing_time":3433},{"page_index":1,"viewing_time":1712},{"page_index":0,"viewing_time":2389},{"page_index":1,"viewing_time":6189},{"page_index":2,"viewing_time":20741},{"page_index":3,"viewing_time":4722},{"page_index":4,"viewing_time":1790},{"page_index":5,"viewing_time":1246},{"page_index":6,"viewing_time":2152},{"page_index":7,"viewing_time":8908},{"page_index":8,"viewing_time":12008},{"page_index":9,"viewing_time":12699},{"page_index":10,"viewing_time":1822},{"page_index":11,"viewing_time":852},{"page_index":12,"viewing_time":954},{"page_index":13,"viewing_time":1718},{"page_index":14,"viewing_time":3999},{"page_index":15,"viewing_time":6713},{"page_index":16,"viewing_time":1886},{"page_index":17,"viewing_time":684},{"page_index":18,"viewing_time":783},{"page_index":19,"viewing_time":3981},{"page_index":20,"viewing_time":5022},{"page_index":21,"viewing_time":4076}],"rt":110479,"trial_type":"instructions","trial_index":3,"time_elapsed":116740,"internal_node_id":"0.0-3.0"},{"rt":63625,"url":"../static/nodeGraphsTraining_normal.html","skip":[],"edgeClickLog":[],"inference_edge":[],"inference_edgeClickLog":[],"trial_type":"external-html","trial_index":4,"time_elapsed":180713,"internal_node_id":"0.0-4.0"},{"rt":21702,"response":{"q1":"The goal is to help the student to get the most points","q2":"False","q3":"Possible paths you, as the teacher, can choose to teach the learner.","q4":"Paths that the student took before."},"question_order":[0,1,2,3],"trial_type":"survey-multi-choice","trial_index":5,"time_elapsed":202419,"internal_node_id":"0.0-5.0"},{"rt":5539,"stimulus":"<p>You can take a 60 second break before starting the experiment.</p><br><br><p>This page will advance in 60 seconds or you can press any key to advance now.</p>","response":" ","trial_type":"html-keyboard-response","trial_index":6,"time_elapsed":207960,"internal_node_id":"0.0-7.0"},{"view_history":[{"page_index":0,"viewing_time":9553}],"rt":9553,"trial_type":"instructions","trial_index":7,"time_elapsed":217514,"internal_node_id":"0.0-8.0"},{"rt":11722,"url":"../static/nodeGraphs_normal.html","edge":"4to8","edgeRT":"10280","skip":"false","flipped":"FALSE","index":"0","edgeClickLog":"[{\"edgeSelection\":\"0to2\",\"edgeRTMS\":5084},{\"edgeSelection\":\"2to4\",\"edgeRTMS\":8705},{\"edgeSelection\":\"4to8\",\"edgeRTMS\":10280}]","trial_id":"incong_0","congruency":"I","trial_group":"1to5","condition":"normal","inference_edge":[],"inference_edgeClickLog":[],"task":"experiment","subjectId":"z2vkofum642qf3n","trial_type":"external-html","trial_index":8,"time_elapsed":229409,"internal_node_id":"0.0-9.0-0.0"},{"rt":8666,"url":"../static/nodeGraphs_normal.html","edge":"4to8","edgeRT":"7506","skip":"false","flipped":"FALSE","index":"1","edgeClickLog":"[{\"edgeSelection\":\"0to2\",\"edgeRTMS\":4145},{\"edgeSelection\":\"2to4\",\"edgeRTMS\":5669},{\"edgeSelection\":\"4to8\",\"edgeRTMS\":7506}]","trial_id":"incong_5","congruency":"I","trial_group":"1to5","condition":"normal","inference_edge":[],"inference_edgeClickLog":[],"task":"experiment","subjectId":"z2vkofum642qf3n","trial_type":"external-html","trial_index":9,"time_elapsed":238750,"internal_node_id":"0.0-9.0-0.1"},{"rt":8006,"url":"../static/nodeGraphs_normal.html","edge":"6to8","edgeRT":"7533","skip":"false","flipped":"FALSE","index":"2","edgeClickLog":"[{\"edgeSelection\":\"0to2\",\"edgeRTMS\":3960},{\"edgeSelection\":\"2to6\",\"edgeRTMS\":6076},{\"edgeSelection\":\"6to8\",\"edgeRTMS\":7533}]","trial_id":"incong_3","congruency":"I","trial_group":"1to5","condition":"normal","inference_edge":[],"inference_edgeClickLog":[],"task":"experiment","subjectId":"z2vkofum642qf3n","trial_type":"external-html","trial_index":10,"time_elapsed":247429,"internal_node_id":"0.0-9.0-0.2"},{"rt":6875,"url":"../static/nodeGraphs_normal.html","edge":"4to8","edgeRT":"6601","skip":"false","flipped":"FALSE","index":"3","edgeClickLog":"[{\"edgeSelection\":\"0to2\",\"edgeRTMS\":3494},{\"edgeSelection\":\"2to4\",\"edgeRTMS\":5223},{\"edgeSelection\":\"4to8\",\"edgeRTMS\":6601}]","trial_id":"incong_10","congruency":"I","trial_group":"1to5","condition":"normal","inference_edge":[],"inference_edgeClickLog":[],"task":"experiment","subjectId":"z2vkofum642qf3n","trial_type":"external-html","trial_index":11,"time_elapsed":254981,"internal_node_id":"0.0-9.0-0.3"},{"rt":8265,"url":"../static/nodeGraphs_normal.html","edge":"4to8","edgeRT":"8035","skip":"false","flipped":"FALSE","index":"4","edgeClickLog":"[{\"edgeSelection\":\"0to2\",\"edgeRTMS\":4724},{\"edgeSelection\":\"2to4\",\"edgeRTMS\":5915},{\"edgeSelection\":\"4to8\",\"edgeRTMS\":8035}]","trial_id":"incong_2","congruency":"I","trial_group":"1to5","condition":"normal","inference_edge":[],"inference_edgeClickLog":[],"task":"experiment","subjectId":"z2vkofum642qf3n","trial_type":"external-html","trial_index":12,"time_elapsed":263920,"internal_node_id":"0.0-9.0-0.4"},{"rt":9894,"url":"../static/nodeGraphs_normal.html","edge":"6to8","edgeRT":"9820","skip":"false","flipped":"TRUE","index":"5","edgeClickLog":"[{\"edgeSelection\":\"0to3\",\"edgeRTMS\":5907},{\"edgeSelection\":\"3to6\",\"edgeRTMS\":7131},{\"edgeSelection\":\"6to8\",\"edgeRTMS\":8279},{\"edgeSelection\":\"6to8\",\"edgeRTMS\":9820}]","trial_id":"incong_0_flipped","congruency":"I","trial_group":"5to10","condition":"normal","inference_edge":[],"inference_edgeClickLog":[],"task":"experiment","subjectId":"z2vkofum642qf3n","trial_type":"external-html","trial_index":13,"time_elapsed":274491,"internal_node_id":"0.0-9.0-0.5"},{"rt":8116,"url":"../static/nodeGraphs_normal.html","edge":"6to8","edgeRT":"7959","skip":"false","flipped":"TRUE","index":"6","edgeClickLog":"[{\"edgeSelection\":\"0to2\",\"edgeRTMS\":5040},{\"edgeSelection\":\"2to6\",\"edgeRTMS\":6984},{\"edgeSelection\":\"6to8\",\"edgeRTMS\":7959}]","trial_id":"incong_5_flipped","congruency":"I","trial_group":"5to10","condition":"normal","inference_edge":[],"inference_edgeClickLog":[],"task":"experiment","subjectId":"z2vkofum642qf3n","trial_type":"external-html","trial_index":14,"time_elapsed":283280,"internal_node_id":"0.0-9.0-0.6"},{"rt":6816,"url":"../static/nodeGraphs_normal.html","edge":"4to8","edgeRT":"6708","skip":"false","flipped":"TRUE","index":"7","edgeClickLog":"[{\"edgeSelection\":\"0to2\",\"edgeRTMS\":2912},{\"edgeSelection\":\"2to4\",\"edgeRTMS\":5460},{\"edgeSelection\":\"4to8\",\"edgeRTMS\":6708}]","trial_id":"incong_3_flipped","congruency":"I","trial_group":"5to10","condition":"normal","inference_edge":[],"inference_edgeClickLog":[],"task":"experiment","subjectId":"z2vkofum642qf3n","trial_type":"external-html","trial_index":15,"time_elapsed":290770,"internal_node_id":"0.0-9.0-0.7"},{"rt":6594,"url":"../static/nodeGraphs_normal.html","edge":"6to8","edgeRT":"5863","skip":"false","flipped":"TRUE","index":"8","edgeClickLog":"[{\"edgeSelection\":\"0to2\",\"edgeRTMS\":3446},{\"edgeSelection\":\"2to6\",\"edgeRTMS\":4677},{\"edgeSelection\":\"6to8\",\"edgeRTMS\":5863}]","trial_id":"incong_10_flipped","congruency":"I","trial_group":"5to10","condition":"normal","inference_edge":[],"inference_edgeClickLog":[],"task":"experiment","subjectId":"z2vkofum642qf3n","trial_type":"external-html","trial_index":16,"time_elapsed":298038,"internal_node_id":"0.0-9.0-0.8"},{"rt":6627,"url":"../static/nodeGraphs_normal.html","edge":"6to8","edgeRT":"6225","skip":"false","flipped":"TRUE","index":"9","edgeClickLog":"[{\"edgeSelection\":\"0to2\",\"edgeRTMS\":4118},{\"edgeSelection\":\"2to6\",\"edgeRTMS\":5240},{\"edgeSelection\":\"6to8\",\"edgeRTMS\":6225}]","trial_id":"incong_2_flipped","congruency":"I","trial_group":"5to10","condition":"normal","inference_edge":[],"inference_edgeClickLog":[],"task":"experiment","subjectId":"z2vkofum642qf3n","trial_type":"external-html","trial_index":17,"time_elapsed":305339,"internal_node_id":"0.0-9.0-0.9"},{"rt":7186,"url":"../static/nodeGraphs_normal.html","edge":"4to8","edgeRT":"6051","skip":"false","flipped":"FALSE","index":"10","edgeClickLog":"[{\"edgeSelection\":\"0to1\",\"edgeRTMS\":2645},{\"edgeSelection\":\"1to4\",\"edgeRTMS\":4700},{\"edgeSelection\":\"4to8\",\"edgeRTMS\":6051}]","trial_id":"incong_0","congruency":"I","trial_group":"10to15","condition":"normal","inference_edge":[],"inference_edgeClickLog":[],"task":"experiment","subjectId":"z2vkofum642qf3n","trial_type":"external-html","trial_index":18,"time_elapsed":313214,"internal_node_id":"0.0-9.0-0.10"},{"rt":7122,"url":"../static/nodeGraphs_normal.html","edge":"4to8","edgeRT":"7123","skip":"false","flipped":"FALSE","index":"11","edgeClickLog":"[{\"edgeSelection\":\"0to2\",\"edgeRTMS\":4534},{\"edgeSelection\":\"2to4\",\"edgeRTMS\":5926},{\"edgeSelection\":\"4to8\",\"edgeRTMS\":7123}]","trial_id":"incong_5","congruency":"I","trial_group":"10to15","condition":"normal","inference_edge":[],"inference_edgeClickLog":[],"task":"experiment","subjectId":"z2vkofum642qf3n","trial_type":"external-html","trial_index":19,"time_elapsed":321011,"internal_node_id":"0.0-9.0-0.11"},{"rt":7076,"url":"../static/nodeGraphs_normal.html","edge":"6to8","edgeRT":"6354","skip":"false","flipped":"FALSE","index":"12","edgeClickLog":"[{\"edgeSelection\":\"0to2\",\"edgeRTMS\":3470},{\"edgeSelection\":\"2to6\",\"edgeRTMS\":4527},{\"edgeSelection\":\"6to8\",\"edgeRTMS\":6354}]","trial_id":"incong_3","congruency":"I","trial_group":"10to15","condition":"normal","inference_edge":[],"inference_edgeClickLog":[],"task":"experiment","subjectId":"z2vkofum642qf3n","trial_type":"external-html","trial_index":20,"time_elapsed":328759,"internal_node_id":"0.0-9.0-0.12"},{"rt":10411,"url":"../static/nodeGraphs_normal.html","edge":"4to8","edgeRT":"10212","skip":"false","flipped":"FALSE","index":"13","edgeClickLog":"[{\"edgeSelection\":\"0to2\",\"edgeRTMS\":3700},{\"edgeSelection\":\"2to4\",\"edgeRTMS\":4908},{\"edgeSelection\":\"4to8\",\"edgeRTMS\":6362},{\"edgeSelection\":\"4to8\",\"edgeRTMS\":8048},{\"edgeSelection\":\"4to8\",\"edgeRTMS\":8956},{\"edgeSelection\":\"4to8\",\"edgeRTMS\":10212}]","trial_id":"incong_10","congruency":"I","trial_group":"10to15","condition":"normal","inference_edge":[],"inference_edgeClickLog":[],"task":"experiment","subjectId":"z2vkofum642qf3n","trial_type":"external-html","trial_index":21,"time_elapsed":339844,"internal_node_id":"0.0-9.0-0.13"},{"rt":6363,"url":"../static/nodeGraphs_normal.html","edge":"4to8","edgeRT":"6246","skip":"false","flipped":"FALSE","index":"14","edgeClickLog":"[{\"edgeSelection\":\"0to1\",\"edgeRTMS\":2112},{\"edgeSelection\":\"1to4\",\"edgeRTMS\":3549},{\"edgeSelection\":\"4to8\",\"edgeRTMS\":4611},{\"edgeSelection\":\"4to8\",\"edgeRTMS\":6246}]","trial_id":"incong_2","congruency":"I","trial_group":"10to15","condition":"normal","inference_edge":[],"inference_edgeClickLog":[],"task":"experiment","subjectId":"z2vkofum642qf3n","trial_type":"external-html","trial_index":22,"time_elapsed":346882,"internal_node_id":"0.0-9.0-0.14"},{"rt":24426,"url":"../static/nodeGraphs_normal.html","edge":"6to8","edgeRT":"8250","skip":"false","flipped":"FALSE","index":"15","edgeClickLog":"[{\"edgeSelection\":\"0to2\",\"edgeRTMS\":4683},{\"edgeSelection\":\"2to6\",\"edgeRTMS\":7066},{\"edgeSelection\":\"6to8\",\"edgeRTMS\":8250}]","trial_id":"test_0","congruency":"I","trial_group":"15to20","condition":"normal","inference_edge":[],"inference_edgeClickLog":[],"task":"experiment","subjectId":"z2vkofum642qf3n","trial_type":"external-html","trial_index":23,"time_elapsed":371983,"internal_node_id":"0.0-9.0-0.15"},{"rt":7172,"url":"../static/nodeGraphs_normal.html","edge":"6to9","edgeRT":"6730","skip":"false","flipped":"FALSE","index":"16","edgeClickLog":"[{\"edgeSelection\":\"0to3\",\"edgeRTMS\":4291},{\"edgeSelection\":\"3to6\",\"edgeRTMS\":5838},{\"edgeSelection\":\"6to9\",\"edgeRTMS\":6730}]","trial_id":"test_1","congruency":"I","trial_group":"15to20","condition":"normal","inference_edge":[],"inference_edgeClickLog":[],"task":"experiment","subjectId":"z2vkofum642qf3n","trial_type":"external-html","trial_index":24,"time_elapsed":379828,"internal_node_id":"0.0-9.0-0.16"},{"rt":7051,"url":"../static/nodeGraphs_normal.html","edge":"6to8","edgeRT":"6501","skip":"false","flipped":"FALSE","index":"17","edgeClickLog":"[{\"edgeSelection\":\"0to3\",\"edgeRTMS\":3329},{\"edgeSelection\":\"3to6\",\"edgeRTMS\":4528},{\"edgeSelection\":\"6to8\",\"edgeRTMS\":6501}]","trial_id":"test_2","congruency":"I","trial_group":"15to20","condition":"normal","inference_edge":[],"inference_edgeClickLog":[],"task":"experiment","subjectId":"z2vkofum642qf3n","trial_type":"external-html","trial_index":25,"time_elapsed":387553,"internal_node_id":"0.0-9.0-0.17"},{"rt":9063,"url":"../static/nodeGraphs_normal.html","edge":"5to9","edgeRT":"8754","skip":"false","flipped":"FALSE","index":"18","edgeClickLog":"[{\"edgeSelection\":\"0to1\",\"edgeRTMS\":3338},{\"edgeSelection\":\"1to5\",\"edgeRTMS\":4818},{\"edgeSelection\":\"1to5\",\"edgeRTMS\":7668},{\"edgeSelection\":\"5to9\",\"edgeRTMS\":8754}]","trial_id":"test_3","congruency":"I","trial_group":"15to20","condition":"normal","inference_edge":[],"inference_edgeClickLog":[],"task":"experiment","subjectId":"z2vkofum642qf3n","trial_type":"external-html","trial_index":26,"time_elapsed":397292,"internal_node_id":"0.0-9.0-0.18"},{"rt":8843,"url":"../static/nodeGraphs_normal.html","edge":"5to9","edgeRT":"8580","skip":"false","flipped":"FALSE","index":"19","edgeClickLog":"[{\"edgeSelection\":\"0to1\",\"edgeRTMS\":5424},{\"edgeSelection\":\"1to5\",\"edgeRTMS\":7485},{\"edgeSelection\":\"5to9\",\"edgeRTMS\":8580}]","trial_id":"test_4","congruency":"I","trial_group":"15to20","condition":"normal","inference_edge":[],"inference_edgeClickLog":[],"task":"experiment","subjectId":"z2vkofum642qf3n","trial_type":"external-html","trial_index":27,"time_elapsed":406807,"internal_node_id":"0.0-9.0-0.19"},{"rt":19009,"response":{"P0_Q0":null,"P0_Q1":1,"P0_Q2":7,"P0_Q3":7,"P0_Q4":1,"P0_Q5":1,"strategies":"the most points","feedback":""},"accuracy":[],"trial_type":"survey","trial_index":28,"time_elapsed":426367,"internal_node_id":"0.0-10.0"},{"rt":4440,"stimulus":"<p>Thanks for your time!</p>        <p>We need to manually calculate your bonus pay, please give us up to 7 days.</p><p>Press any key to conclude.</p>","response":" ","task":"end","subjectId":"z2vkofum642qf3n","trial_type":"html-keyboard-response","trial_index":29,"time_elapsed":430810,"internal_node_id":"0.0-11.0","interactions":"[{\"event\":\"fullscreenenter\",\"trial\":1,\"time\":2423},{\"event\":\"blur\",\"trial\":4,\"time\":137771},{\"event\":\"focus\",\"trial\":4,\"time\":137771},{\"event\":\"fullscreenexit\",\"trial\":4,\"time\":137774},{\"event\":\"blur\",\"trial\":23,\"time\":350779},{\"event\":\"focus\",\"trial\":23,\"time\":358835}]"}]