[{"success":true,"timeout":false,"failed_images":[],"failed_audio":[],"failed_video":[],"trial_type":"preload","trial_index":0,"time_elapsed":173,"internal_node_id":"0.0-0.0"},{"success":true,"trial_type":"fullscreen","trial_index":1,"time_elapsed":2447,"internal_node_id":"0.0-1.0"},{"rt":2608,"stimulus":"Welcome to the experiment. Press any key to begin.","response":"j","trial_type":"html-keyboard-response","trial_index":2,"time_elapsed":5057,"internal_node_id":"0.0-2.0"},{"view_history":[{"page_index":0,"viewing_time":54173},{"page_index":1,"viewing_time":16899},{"page_index":2,"viewing_time":173304},{"page_index":3,"viewing_time":57164},{"page_index":2,"viewing_time":6990},{"page_index":3,"viewing_time":1198},{"page_index":4,"viewing_time":971},{"page_index":5,"viewing_time":1754},{"page_index":6,"viewing_time":4258},{"page_index":7,"viewing_time":26259},{"page_index":8,"viewing_time":12658},{"page_index":9,"viewing_time":2691},{"page_index":10,"viewing_time":1365},{"page_index":11,"viewing_time":315},{"page_index":12,"viewing_time":195},{"page_index":13,"viewing_time":1537},{"page_index":14,"viewing_time":1595},{"page_index":15,"viewing_time":22389},{"page_index":16,"viewing_time":1269},{"page_index":17,"viewing_time":419},{"page_index":18,"viewing_time":843},{"page_index":19,"viewing_time":10596},{"page_index":18,"viewing_time":810},{"page_index":17,"viewing_time":338},{"page_index":16,"viewing_time":523},{"page_index":17,"viewing_time":244},{"page_index":18,"viewing_time":219},{"page_index":19,"viewing_time":247},{"page_index":20,"viewing_time":1084},{"page_index":21,"viewing_time":600}],"rt":402907,"trial_type":"instructions","trial_index":3,"time_elapsed":407965,"internal_node_id":"0.0-3.0"},{"rt":245339,"url":"../static/nodeGraphsTraining_distractor.html","skip":[],"edgeClickLog":[],"inference_edge":[],"inference_edgeClickLog":[],"trial_type":"external-html","trial_index":4,"time_elapsed":653471,"internal_node_id":"0.0-4.0"},{"rt":74336,"response":{"q1":"The goal is to help the student to get the most points.","q2":"False","q3":"Possible edges you, as the teacher, can choose to teach the learner.","q4":"Edges that the student took before."},"question_order":[0,1,2,3],"trial_type":"survey-multi-choice","trial_index":5,"time_elapsed":727814,"internal_node_id":"0.0-5.0"},{"rt":3203,"stimulus":"<p>You can take a 60 second break before starting the experiment.</p><br><br><p>This page will advance in 60 seconds or you can press any key to advance now.</p>","response":" ","trial_type":"html-keyboard-response","trial_index":6,"time_elapsed":731022,"internal_node_id":"0.0-7.0"},{"view_history":[{"page_index":0,"viewing_time":14384}],"rt":14384,"trial_type":"instructions","trial_index":7,"time_elapsed":745408,"internal_node_id":"0.0-8.0"},{"rt":30439,"url":"../static/nodeGraphs_distractor.html","edge":"1to4","edgeRT":"5600","skip":"false","flipped":"FALSE","index":"0","edgeClickLog":"[{\"edgeSelection\":\"1to4\",\"edgeRTMS\":5600}]","trial_id":"cong_0","congruency":"C","trial_group":"1to5","condition":"distractor","inference_edge":"2to4,1to4,3to5","inference_edgeClickLog":"[{\"edgeSelection\":\"2to4\",\"edgeRTMS\":6266},{\"edgeSelection\":\"1to4\",\"edgeRTMS\":9221},{\"edgeSelection\":\"4to8\",\"edgeRTMS\":13458},{\"edgeSelection\":\"4to8\",\"edgeRTMS\":16705},{\"edgeSelection\":\"3to5\",\"edgeRTMS\":22742}]","inference_edgeRT":"22742","inference_edge_last":"3to5","task":"experiment","subjectId":"wrt6wfdac03gfl4","trial_type":"external-html","trial_index":8,"time_elapsed":775941,"internal_node_id":"0.0-9.0-0.0"},{"rt":26567,"url":"../static/nodeGraphs_distractor.html","edge":"2to6","edgeRT":"4100","skip":"false","flipped":"FALSE","index":"1","edgeClickLog":"[{\"edgeSelection\":\"2to6\",\"edgeRTMS\":2158},{\"edgeSelection\":\"2to6\",\"edgeRTMS\":4100}]","trial_id":"cong_1","congruency":"C","trial_group":"1to5","condition":"distractor","inference_edge":"2to6,3to6,2to4","inference_edgeClickLog":"[{\"edgeSelection\":\"2to6\",\"edgeRTMS\":9152},{\"edgeSelection\":\"3to6\",\"edgeRTMS\":16279},{\"edgeSelection\":\"2to4\",\"edgeRTMS\":18336}]","inference_edgeRT":"18336","inference_edge_last":"2to4","task":"experiment","subjectId":"wrt6wfdac03gfl4","trial_type":"external-html","trial_index":9,"time_elapsed":803093,"internal_node_id":"0.0-9.0-0.1"},{"rt":19467,"url":"../static/nodeGraphs_distractor.html","edge":"2to5","edgeRT":"1590","skip":"false","flipped":"FALSE","index":"2","edgeClickLog":"[{\"edgeSelection\":\"2to5\",\"edgeRTMS\":1590}]","trial_id":"cong_6","congruency":"C","trial_group":"1to5","condition":"distractor","inference_edge":"2to5,1to5,1to4","inference_edgeClickLog":"[{\"edgeSelection\":\"2to5\",\"edgeRTMS\":12037},{\"edgeSelection\":\"1to5\",\"edgeRTMS\":12991},{\"edgeSelection\":\"1to4\",\"edgeRTMS\":15330}]","inference_edgeRT":"15330","inference_edge_last":"1to4","task":"experiment","subjectId":"wrt6wfdac03gfl4","trial_type":"external-html","trial_index":10,"time_elapsed":823143,"internal_node_id":"0.0-9.0-0.2"},{"rt":27300,"url":"../static/nodeGraphs_distractor.html","edge":"2to4","edgeRT":"4357","skip":"false","flipped":"FALSE","index":"3","edgeClickLog":"[{\"edgeSelection\":\"2to4\",\"edgeRTMS\":4357}]","trial_id":"cong_4","congruency":"C","trial_group":"1to5","condition":"distractor","inference_edge":"2to4,1to4,4to8","inference_edgeClickLog":"[{\"edgeSelection\":\"2to4\",\"edgeRTMS\":16242},{\"edgeSelection\":\"1to4\",\"edgeRTMS\":16888},{\"edgeSelection\":\"4to8\",\"edgeRTMS\":18673}]","inference_edgeRT":"18673","inference_edge_last":"4to8","task":"experiment","subjectId":"wrt6wfdac03gfl4","trial_type":"external-html","trial_index":11,"time_elapsed":851033,"internal_node_id":"0.0-9.0-0.3"},{"rt":20825,"url":"../static/nodeGraphs_distractor.html","edge":"2to5","edgeRT":"2224","skip":"false","flipped":"FALSE","index":"4","edgeClickLog":"[{\"edgeSelection\":\"2to5\",\"edgeRTMS\":2224}]","trial_id":"cong_9","congruency":"C","trial_group":"1to5","condition":"distractor","inference_edge":"2to5,3to5,5to8","inference_edgeClickLog":"[{\"edgeSelection\":\"2to5\",\"edgeRTMS\":9792},{\"edgeSelection\":\"3to5\",\"edgeRTMS\":17056},{\"edgeSelection\":\"5to8\",\"edgeRTMS\":17484}]","inference_edgeRT":"17484","inference_edge_last":"5to8","task":"experiment","subjectId":"wrt6wfdac03gfl4","trial_type":"external-html","trial_index":12,"time_elapsed":872440,"internal_node_id":"0.0-9.0-0.4"},{"rt":40252,"url":"../static/nodeGraphs_distractor.html","edge":"3to6","edgeRT":"2317","skip":"false","flipped":"TRUE","index":"5","edgeClickLog":"[{\"edgeSelection\":\"3to6\",\"edgeRTMS\":2317}]","trial_id":"cong_0_flipped","congruency":"C","trial_group":"5to10","condition":"distractor","inference_edge":"3to6,2to6,0to2","inference_edgeClickLog":"[{\"edgeSelection\":\"3to6\",\"edgeRTMS\":8899},{\"edgeSelection\":\"2to6\",\"edgeRTMS\":10081},{\"edgeSelection\":\"0to2\",\"edgeRTMS\":34325}]","inference_edgeRT":"34325","inference_edge_last":"0to2","task":"experiment","subjectId":"wrt6wfdac03gfl4","trial_type":"external-html","trial_index":13,"time_elapsed":913276,"internal_node_id":"0.0-9.0-0.5"},{"rt":16264,"url":"../static/nodeGraphs_distractor.html","edge":"2to4","edgeRT":"1790","skip":"false","flipped":"TRUE","index":"6","edgeClickLog":"[{\"edgeSelection\":\"2to4\",\"edgeRTMS\":1790}]","trial_id":"cong_1_flipped","congruency":"C","trial_group":"5to10","condition":"distractor","inference_edge":"2to4,2to6,1to4","inference_edgeClickLog":"[{\"edgeSelection\":\"2to4\",\"edgeRTMS\":4150},{\"edgeSelection\":\"2to6\",\"edgeRTMS\":7767},{\"edgeSelection\":\"1to4\",\"edgeRTMS\":9330}]","inference_edgeRT":"9330","inference_edge_last":"1to4","task":"experiment","subjectId":"wrt6wfdac03gfl4","trial_type":"external-html","trial_index":14,"time_elapsed":930110,"internal_node_id":"0.0-9.0-0.6"},{"rt":17978,"url":"../static/nodeGraphs_distractor.html","edge":"2to5","edgeRT":"1523","skip":"false","flipped":"TRUE","index":"7","edgeClickLog":"[{\"edgeSelection\":\"2to5\",\"edgeRTMS\":1523}]","trial_id":"cong_6_flipped","congruency":"C","trial_group":"5to10","condition":"distractor","inference_edge":"2to5,3to5,5to9","inference_edgeClickLog":"[{\"edgeSelection\":\"2to5\",\"edgeRTMS\":2798},{\"edgeSelection\":\"3to5\",\"edgeRTMS\":6332},{\"edgeSelection\":\"5to9\",\"edgeRTMS\":15285}]","inference_edgeRT":"15285","inference_edge_last":"5to9","task":"experiment","subjectId":"wrt6wfdac03gfl4","trial_type":"external-html","trial_index":15,"time_elapsed":948672,"internal_node_id":"0.0-9.0-0.7"},{"rt":20615,"url":"../static/nodeGraphs_distractor.html","edge":"2to6","edgeRT":"2434","skip":"false","flipped":"TRUE","index":"8","edgeClickLog":"[{\"edgeSelection\":\"2to6\",\"edgeRTMS\":2434}]","trial_id":"cong_4_flipped","congruency":"C","trial_group":"5to10","condition":"distractor","inference_edge":"2to6,5to8,3to6","inference_edgeClickLog":"[{\"edgeSelection\":\"2to6\",\"edgeRTMS\":8813},{\"edgeSelection\":\"5to8\",\"edgeRTMS\":13405},{\"edgeSelection\":\"3to6\",\"edgeRTMS\":16253}]","inference_edgeRT":"16253","inference_edge_last":"3to6","task":"experiment","subjectId":"wrt6wfdac03gfl4","trial_type":"external-html","trial_index":16,"time_elapsed":969870,"internal_node_id":"0.0-9.0-0.8"},{"rt":28216,"url":"../static/nodeGraphs_distractor.html","edge":"2to5","edgeRT":"15721","skip":"false","flipped":"TRUE","index":"9","edgeClickLog":"[{\"edgeSelection\":\"2to5\",\"edgeRTMS\":15721}]","trial_id":"cong_9_flipped","congruency":"C","trial_group":"5to10","condition":"distractor","inference_edge":"2to5,3to5,5to8","inference_edgeClickLog":"[{\"edgeSelection\":\"2to5\",\"edgeRTMS\":3371},{\"edgeSelection\":\"3to5\",\"edgeRTMS\":5276},{\"edgeSelection\":\"5to7\",\"edgeRTMS\":6756},{\"edgeSelection\":\"5to7\",\"edgeRTMS\":8758},{\"edgeSelection\":\"5to8\",\"edgeRTMS\":11210}]","inference_edgeRT":"11210","inference_edge_last":"5to8","task":"experiment","subjectId":"wrt6wfdac03gfl4","trial_type":"external-html","trial_index":17,"time_elapsed":998673,"internal_node_id":"0.0-9.0-0.9"},{"rt":27038,"url":"../static/nodeGraphs_distractor.html","edge":"1to4","edgeRT":"5423","skip":"false","flipped":"FALSE","index":"10","edgeClickLog":"[{\"edgeSelection\":\"1to4\",\"edgeRTMS\":5423}]","trial_id":"cong_0","congruency":"C","trial_group":"10to15","condition":"distractor","inference_edge":"1to4,2to4,0to2","inference_edgeClickLog":"[{\"edgeSelection\":\"1to4\",\"edgeRTMS\":4869},{\"edgeSelection\":\"2to4\",\"edgeRTMS\":6472},{\"edgeSelection\":\"0to2\",\"edgeRTMS\":19129}]","inference_edgeRT":"19129","inference_edge_last":"0to2","task":"experiment","subjectId":"wrt6wfdac03gfl4","trial_type":"external-html","trial_index":18,"time_elapsed":1026305,"internal_node_id":"0.0-9.0-0.10"},{"rt":18476,"url":"../static/nodeGraphs_distractor.html","edge":"2to6","edgeRT":"1749","skip":"false","flipped":"FALSE","index":"11","edgeClickLog":"[{\"edgeSelection\":\"2to6\",\"edgeRTMS\":1749}]","trial_id":"cong_1","congruency":"C","trial_group":"10to15","condition":"distractor","inference_edge":"2to6,6to9,2to4","inference_edgeClickLog":"[{\"edgeSelection\":\"2to6\",\"edgeRTMS\":2614},{\"edgeSelection\":\"6to9\",\"edgeRTMS\":12331},{\"edgeSelection\":\"2to4\",\"edgeRTMS\":15514}]","inference_edgeRT":"15514","inference_edge_last":"2to4","task":"experiment","subjectId":"wrt6wfdac03gfl4","trial_type":"external-html","trial_index":19,"time_elapsed":1045387,"internal_node_id":"0.0-9.0-0.11"},{"rt":27022,"url":"../static/nodeGraphs_distractor.html","edge":"2to5","edgeRT":"5893","skip":"false","flipped":"FALSE","index":"12","edgeClickLog":"[{\"edgeSelection\":\"2to5\",\"edgeRTMS\":5893}]","trial_id":"cong_6","congruency":"C","trial_group":"10to15","condition":"distractor","inference_edge":"2to5,5to7,5to9","inference_edgeClickLog":"[{\"edgeSelection\":\"2to5\",\"edgeRTMS\":4641},{\"edgeSelection\":\"5to7\",\"edgeRTMS\":12272},{\"edgeSelection\":\"5to9\",\"edgeRTMS\":16722}]","inference_edgeRT":"16722","inference_edge_last":"5to9","task":"experiment","subjectId":"wrt6wfdac03gfl4","trial_type":"external-html","trial_index":20,"time_elapsed":1072987,"internal_node_id":"0.0-9.0-0.12"},{"rt":18836,"url":"../static/nodeGraphs_distractor.html","edge":"2to4","edgeRT":"2812","skip":"false","flipped":"FALSE","index":"13","edgeClickLog":"[{\"edgeSelection\":\"2to4\",\"edgeRTMS\":2812}]","trial_id":"cong_4","congruency":"C","trial_group":"10to15","condition":"distractor","inference_edge":"2to4,4to8,5to8","inference_edgeClickLog":"[{\"edgeSelection\":\"2to4\",\"edgeRTMS\":7203},{\"edgeSelection\":\"4to8\",\"edgeRTMS\":10126},{\"edgeSelection\":\"5to8\",\"edgeRTMS\":13495}]","inference_edgeRT":"13495","inference_edge_last":"5to8","task":"experiment","subjectId":"wrt6wfdac03gfl4","trial_type":"external-html","trial_index":21,"time_elapsed":1092412,"internal_node_id":"0.0-9.0-0.13"},{"rt":21703,"url":"../static/nodeGraphs_distractor.html","edge":"2to5","edgeRT":"3462","skip":"false","flipped":"FALSE","index":"14","edgeClickLog":"[{\"edgeSelection\":\"2to5\",\"edgeRTMS\":3462}]","trial_id":"cong_9","congruency":"C","trial_group":"10to15","condition":"distractor","inference_edge":"2to5,3to5,5to8","inference_edgeClickLog":"[{\"edgeSelection\":\"2to5\",\"edgeRTMS\":6049},{\"edgeSelection\":\"3to5\",\"edgeRTMS\":13083},{\"edgeSelection\":\"5to8\",\"edgeRTMS\":15901}]","inference_edgeRT":"15901","inference_edge_last":"5to8","task":"experiment","subjectId":"wrt6wfdac03gfl4","trial_type":"external-html","trial_index":22,"time_elapsed":1114708,"internal_node_id":"0.0-9.0-0.14"},{"rt":20971,"url":"../static/nodeGraphs_distractor.html","edge":"2to6","edgeRT":"8274","skip":"false","flipped":"FALSE","index":"15","edgeClickLog":"[{\"edgeSelection\":\"2to6\",\"edgeRTMS\":8274}]","trial_id":"test_0","congruency":"I","trial_group":"15to20","condition":"distractor","inference_edge":"2to5,3to5,5to8","inference_edgeClickLog":"[{\"edgeSelection\":\"2to5\",\"edgeRTMS\":6049},{\"edgeSelection\":\"3to5\",\"edgeRTMS\":13083},{\"edgeSelection\":\"5to8\",\"edgeRTMS\":15901}]","inference_edgeRT":"15901","inference_edge_last":"","task":"experiment","subjectId":"wrt6wfdac03gfl4","trial_type":"external-html","trial_index":23,"time_elapsed":1136275,"internal_node_id":"0.0-9.0-0.15"},{"rt":8104,"url":"../static/nodeGraphs_distractor.html","edge":"0to3","edgeRT":"4556","skip":"false","flipped":"FALSE","index":"16","edgeClickLog":"[{\"edgeSelection\":\"0to3\",\"edgeRTMS\":4556}]","trial_id":"test_1","congruency":"I","trial_group":"15to20","condition":"distractor","inference_edge":"2to5,3to5,5to8","inference_edgeClickLog":"[{\"edgeSelection\":\"2to5\",\"edgeRTMS\":6049},{\"edgeSelection\":\"3to5\",\"edgeRTMS\":13083},{\"edgeSelection\":\"5to8\",\"edgeRTMS\":15901}]","inference_edgeRT":"15901","inference_edge_last":"","task":"experiment","subjectId":"wrt6wfdac03gfl4","trial_type":"external-html","trial_index":24,"time_elapsed":1144955,"internal_node_id":"0.0-9.0-0.16"},{"rt":9245,"url":"../static/nodeGraphs_distractor.html","edge":"4to7","edgeRT":"7555","skip":"false","flipped":"FALSE","index":"17","edgeClickLog":"[{\"edgeSelection\":\"5to7\",\"edgeRTMS\":5459},{\"edgeSelection\":\"4to7\",\"edgeRTMS\":7555}]","trial_id":"test_2","congruency":"I","trial_group":"15to20","condition":"distractor","inference_edge":"2to5,3to5,5to8","inference_edgeClickLog":"[{\"edgeSelection\":\"2to5\",\"edgeRTMS\":6049},{\"edgeSelection\":\"3to5\",\"edgeRTMS\":13083},{\"edgeSelection\":\"5to8\",\"edgeRTMS\":15901}]","inference_edgeRT":"15901","inference_edge_last":"","task":"experiment","subjectId":"wrt6wfdac03gfl4","trial_type":"external-html","trial_index":25,"time_elapsed":1154791,"internal_node_id":"0.0-9.0-0.17"},{"rt":5888,"url":"../static/nodeGraphs_distractor.html","edge":"1to5","edgeRT":"4034","skip":"false","flipped":"FALSE","index":"18","edgeClickLog":"[{\"edgeSelection\":\"1to5\",\"edgeRTMS\":4034}]","trial_id":"test_3","congruency":"I","trial_group":"15to20","condition":"distractor","inference_edge":"2to5,3to5,5to8","inference_edgeClickLog":"[{\"edgeSelection\":\"2to5\",\"edgeRTMS\":6049},{\"edgeSelection\":\"3to5\",\"edgeRTMS\":13083},{\"edgeSelection\":\"5to8\",\"edgeRTMS\":15901}]","inference_edgeRT":"15901","inference_edge_last":"","task":"experiment","subjectId":"wrt6wfdac03gfl4","trial_type":"external-html","trial_index":26,"time_elapsed":1161277,"internal_node_id":"0.0-9.0-0.18"},{"rt":4655,"url":"../static/nodeGraphs_distractor.html","edge":"6to9","edgeRT":"3649","skip":"false","flipped":"FALSE","index":"19","edgeClickLog":"[{\"edgeSelection\":\"6to9\",\"edgeRTMS\":3649}]","trial_id":"test_4","congruency":"I","trial_group":"15to20","condition":"distractor","inference_edge":"2to5,3to5,5to8","inference_edgeClickLog":"[{\"edgeSelection\":\"2to5\",\"edgeRTMS\":6049},{\"edgeSelection\":\"3to5\",\"edgeRTMS\":13083},{\"edgeSelection\":\"5to8\",\"edgeRTMS\":15901}]","inference_edgeRT":"15901","inference_edge_last":"","task":"experiment","subjectId":"wrt6wfdac03gfl4","trial_type":"external-html","trial_index":27,"time_elapsed":1166530,"internal_node_id":"0.0-9.0-0.19"},{"rt":28207,"response":{"P0_Q0":null,"P0_Q1":4,"P0_Q2":6,"P0_Q3":7,"P0_Q4":5,"P0_Q5":1,"strategies":"just try to show them to reach the big numbers","feedback":"none"},"accuracy":[],"trial_type":"survey","trial_index":28,"time_elapsed":1195425,"internal_node_id":"0.0-10.0"},{"rt":3345,"stimulus":"<p>Thanks for your time!</p>        <p>We need to manually calculate your bonus pay, please give us up to 7 days.</p><p>Press any key to conclude.</p>","response":"h","task":"end","subjectId":"wrt6wfdac03gfl4","trial_type":"html-keyboard-response","trial_index":29,"time_elapsed":1198774,"internal_node_id":"0.0-11.0","interactions":"[{\"event\":\"fullscreenenter\",\"trial\":1,\"time\":1514},{\"event\":\"blur\",\"trial\":4,\"time\":454765},{\"event\":\"focus\",\"trial\":4,\"time\":454766},{\"event\":\"fullscreenexit\",\"trial\":4,\"time\":454773}]"}]