[{"success":true,"timeout":false,"failed_images":[],"failed_audio":[],"failed_video":[],"trial_type":"preload","trial_index":0,"time_elapsed":234,"internal_node_id":"0.0-0.0"},{"success":true,"trial_type":"fullscreen","trial_index":1,"time_elapsed":4322,"internal_node_id":"0.0-1.0"},{"rt":4852,"stimulus":"Welcome to the experiment. Press any key to begin.","response":"n","trial_type":"html-keyboard-response","trial_index":2,"time_elapsed":9175,"internal_node_id":"0.0-2.0"},{"view_history":[{"page_index":0,"viewing_time":6174},{"page_index":1,"viewing_time":4700},{"page_index":2,"viewing_time":27124},{"page_index":3,"viewing_time":9562},{"page_index":4,"viewing_time":2183},{"page_index":5,"viewing_time":1496},{"page_index":6,"viewing_time":2274},{"page_index":7,"viewing_time":13219},{"page_index":8,"viewing_time":15096},{"page_index":9,"viewing_time":12556},{"page_index":10,"viewing_time":1912},{"page_index":11,"viewing_time":923},{"page_index":12,"viewing_time":856},{"page_index":13,"viewing_time":1877},{"page_index":14,"viewing_time":3669},{"page_index":15,"viewing_time":10440},{"page_index":16,"viewing_time":1925},{"page_index":17,"viewing_time":899},{"page_index":18,"viewing_time":967},{"page_index":19,"viewing_time":4423},{"page_index":20,"viewing_time":3342},{"page_index":21,"viewing_time":2857}],"rt":128473,"trial_type":"instructions","trial_index":3,"time_elapsed":137649,"internal_node_id":"0.0-3.0"},{"rt":87657,"url":"../static/nodeGraphsTraining_normal.html","skip":[],"edgeClickLog":[],"inference_edge":[],"inference_edgeClickLog":[],"trial_type":"external-html","trial_index":4,"time_elapsed":225444,"internal_node_id":"0.0-4.0"},{"rt":24006,"response":{"q1":"The goal is to help the student to get the most points","q2":"False","q3":"Possible paths you, as the teacher, can choose to teach the learner.","q4":"Paths that the student took before."},"question_order":[0,1,2,3],"trial_type":"survey-multi-choice","trial_index":5,"time_elapsed":249454,"internal_node_id":"0.0-5.0"},{"rt":5469,"stimulus":"<p>You can take a 60 second break before starting the experiment.</p><br><br><p>This page will advance in 60 seconds or you can press any key to advance now.</p>","response":"b","trial_type":"html-keyboard-response","trial_index":6,"time_elapsed":254925,"internal_node_id":"0.0-7.0"},{"view_history":[{"page_index":0,"viewing_time":16563}],"rt":16564,"trial_type":"instructions","trial_index":7,"time_elapsed":271490,"internal_node_id":"0.0-8.0"},{"rt":27025,"url":"../static/nodeGraphs_normal.html","edge":"1to4","edgeRT":"20266","skip":"false","flipped":"FALSE","index":"0","edgeClickLog":"[{\"edgeSelection\":\"1to4\",\"edgeRTMS\":7058},{\"edgeSelection\":\"4to7\",\"edgeRTMS\":9026},{\"edgeSelection\":\"1to4\",\"edgeRTMS\":10301},{\"edgeSelection\":\"1to4\",\"edgeRTMS\":10929},{\"edgeSelection\":\"1to4\",\"edgeRTMS\":11196},{\"edgeSelection\":\"4to7\",\"edgeRTMS\":12072},{\"edgeSelection\":\"4to7\",\"edgeRTMS\":13000},{\"edgeSelection\":\"1to4\",\"edgeRTMS\":14226},{\"edgeSelection\":\"1to4\",\"edgeRTMS\":14923},{\"edgeSelection\":\"4to7\",\"edgeRTMS\":16272},{\"edgeSelection\":\"1to4\",\"edgeRTMS\":17375},{\"edgeSelection\":\"1to4\",\"edgeRTMS\":17611},{\"edgeSelection\":\"4to7\",\"edgeRTMS\":18715},{\"edgeSelection\":\"1to4\",\"edgeRTMS\":20266}]","trial_id":"cong_0","congruency":"C","trial_group":"1to5","condition":"normal","inference_edge":[],"inference_edgeClickLog":[],"task":"experiment","subjectId":"e5mx0bzf0kh9ymx","trial_type":"external-html","trial_index":8,"time_elapsed":298581,"internal_node_id":"0.0-9.0-0.0"},{"rt":7332,"url":"../static/nodeGraphs_normal.html","edge":"2to6","edgeRT":"6471","skip":"false","flipped":"FALSE","index":"1","edgeClickLog":"[{\"edgeSelection\":\"2to6\",\"edgeRTMS\":6471}]","trial_id":"cong_1","congruency":"C","trial_group":"1to5","condition":"normal","inference_edge":[],"inference_edgeClickLog":[],"task":"experiment","subjectId":"e5mx0bzf0kh9ymx","trial_type":"external-html","trial_index":9,"time_elapsed":306478,"internal_node_id":"0.0-9.0-0.1"},{"rt":6591,"url":"../static/nodeGraphs_normal.html","edge":"2to5","edgeRT":"5492","skip":"false","flipped":"FALSE","index":"2","edgeClickLog":"[{\"edgeSelection\":\"2to5\",\"edgeRTMS\":5492}]","trial_id":"cong_6","congruency":"C","trial_group":"1to5","condition":"normal","inference_edge":[],"inference_edgeClickLog":[],"task":"experiment","subjectId":"e5mx0bzf0kh9ymx","trial_type":"external-html","trial_index":10,"time_elapsed":313633,"internal_node_id":"0.0-9.0-0.2"},{"rt":5274,"url":"../static/nodeGraphs_normal.html","edge":"2to4","edgeRT":"3994","skip":"false","flipped":"FALSE","index":"3","edgeClickLog":"[{\"edgeSelection\":\"2to4\",\"edgeRTMS\":3994}]","trial_id":"cong_4","congruency":"C","trial_group":"1to5","condition":"normal","inference_edge":[],"inference_edgeClickLog":[],"task":"experiment","subjectId":"e5mx0bzf0kh9ymx","trial_type":"external-html","trial_index":11,"time_elapsed":319483,"internal_node_id":"0.0-9.0-0.3"},{"rt":5927,"url":"../static/nodeGraphs_normal.html","edge":"2to5","edgeRT":"4582","skip":"false","flipped":"FALSE","index":"4","edgeClickLog":"[{\"edgeSelection\":\"2to5\",\"edgeRTMS\":4582}]","trial_id":"cong_9","congruency":"C","trial_group":"1to5","condition":"normal","inference_edge":[],"inference_edgeClickLog":[],"task":"experiment","subjectId":"e5mx0bzf0kh9ymx","trial_type":"external-html","trial_index":12,"time_elapsed":325975,"internal_node_id":"0.0-9.0-0.4"},{"rt":4630,"url":"../static/nodeGraphs_normal.html","edge":"3to6","edgeRT":"3670","skip":"false","flipped":"TRUE","index":"5","edgeClickLog":"[{\"edgeSelection\":\"3to6\",\"edgeRTMS\":3670}]","trial_id":"cong_0_flipped","congruency":"C","trial_group":"5to10","condition":"normal","inference_edge":[],"inference_edgeClickLog":[],"task":"experiment","subjectId":"e5mx0bzf0kh9ymx","trial_type":"external-html","trial_index":13,"time_elapsed":331240,"internal_node_id":"0.0-9.0-0.5"},{"rt":4191,"url":"../static/nodeGraphs_normal.html","edge":"2to4","edgeRT":"3266","skip":"false","flipped":"TRUE","index":"6","edgeClickLog":"[{\"edgeSelection\":\"2to4\",\"edgeRTMS\":3266}]","trial_id":"cong_1_flipped","congruency":"C","trial_group":"5to10","condition":"normal","inference_edge":[],"inference_edgeClickLog":[],"task":"experiment","subjectId":"e5mx0bzf0kh9ymx","trial_type":"external-html","trial_index":14,"time_elapsed":336021,"internal_node_id":"0.0-9.0-0.6"},{"rt":4894,"url":"../static/nodeGraphs_normal.html","edge":"2to5","edgeRT":"3975","skip":"false","flipped":"TRUE","index":"7","edgeClickLog":"[{\"edgeSelection\":\"2to5\",\"edgeRTMS\":3975}]","trial_id":"cong_6_flipped","congruency":"C","trial_group":"5to10","condition":"normal","inference_edge":[],"inference_edgeClickLog":[],"task":"experiment","subjectId":"e5mx0bzf0kh9ymx","trial_type":"external-html","trial_index":15,"time_elapsed":341477,"internal_node_id":"0.0-9.0-0.7"},{"rt":5119,"url":"../static/nodeGraphs_normal.html","edge":"2to6","edgeRT":"3433","skip":"false","flipped":"TRUE","index":"8","edgeClickLog":"[{\"edgeSelection\":\"2to6\",\"edgeRTMS\":3433}]","trial_id":"cong_4_flipped","congruency":"C","trial_group":"5to10","condition":"normal","inference_edge":[],"inference_edgeClickLog":[],"task":"experiment","subjectId":"e5mx0bzf0kh9ymx","trial_type":"external-html","trial_index":16,"time_elapsed":347159,"internal_node_id":"0.0-9.0-0.8"},{"rt":3944,"url":"../static/nodeGraphs_normal.html","edge":"2to5","edgeRT":"3051","skip":"false","flipped":"TRUE","index":"9","edgeClickLog":"[{\"edgeSelection\":\"2to5\",\"edgeRTMS\":3051}]","trial_id":"cong_9_flipped","congruency":"C","trial_group":"5to10","condition":"normal","inference_edge":[],"inference_edgeClickLog":[],"task":"experiment","subjectId":"e5mx0bzf0kh9ymx","trial_type":"external-html","trial_index":17,"time_elapsed":351669,"internal_node_id":"0.0-9.0-0.9"},{"rt":5885,"url":"../static/nodeGraphs_normal.html","edge":"1to4","edgeRT":"4986","skip":"false","flipped":"FALSE","index":"10","edgeClickLog":"[{\"edgeSelection\":\"1to4\",\"edgeRTMS\":4986}]","trial_id":"cong_0","congruency":"C","trial_group":"10to15","condition":"normal","inference_edge":[],"inference_edgeClickLog":[],"task":"experiment","subjectId":"e5mx0bzf0kh9ymx","trial_type":"external-html","trial_index":18,"time_elapsed":358116,"internal_node_id":"0.0-9.0-0.10"},{"rt":17617,"url":"../static/nodeGraphs_normal.html","edge":"2to6","edgeRT":"16607","skip":"false","flipped":"FALSE","index":"11","edgeClickLog":"[{\"edgeSelection\":\"2to6\",\"edgeRTMS\":16607}]","trial_id":"cong_1","congruency":"C","trial_group":"10to15","condition":"normal","inference_edge":[],"inference_edgeClickLog":[],"task":"experiment","subjectId":"e5mx0bzf0kh9ymx","trial_type":"external-html","trial_index":19,"time_elapsed":376297,"internal_node_id":"0.0-9.0-0.11"},{"rt":7956,"url":"../static/nodeGraphs_normal.html","edge":"2to5","edgeRT":"6954","skip":"false","flipped":"FALSE","index":"12","edgeClickLog":"[{\"edgeSelection\":\"2to5\",\"edgeRTMS\":6954}]","trial_id":"cong_6","congruency":"C","trial_group":"10to15","condition":"normal","inference_edge":[],"inference_edgeClickLog":[],"task":"experiment","subjectId":"e5mx0bzf0kh9ymx","trial_type":"external-html","trial_index":20,"time_elapsed":384880,"internal_node_id":"0.0-9.0-0.12"},{"rt":7333,"url":"../static/nodeGraphs_normal.html","edge":"2to4","edgeRT":"4153","skip":"false","flipped":"FALSE","index":"13","edgeClickLog":"[{\"edgeSelection\":\"2to4\",\"edgeRTMS\":4153}]","trial_id":"cong_4","congruency":"C","trial_group":"10to15","condition":"normal","inference_edge":[],"inference_edgeClickLog":[],"task":"experiment","subjectId":"e5mx0bzf0kh9ymx","trial_type":"external-html","trial_index":21,"time_elapsed":392778,"internal_node_id":"0.0-9.0-0.13"},{"rt":4645,"url":"../static/nodeGraphs_normal.html","edge":"2to5","edgeRT":"3747","skip":"false","flipped":"FALSE","index":"14","edgeClickLog":"[{\"edgeSelection\":\"2to5\",\"edgeRTMS\":3747}]","trial_id":"cong_9","congruency":"C","trial_group":"10to15","condition":"normal","inference_edge":[],"inference_edgeClickLog":[],"task":"experiment","subjectId":"e5mx0bzf0kh9ymx","trial_type":"external-html","trial_index":22,"time_elapsed":397987,"internal_node_id":"0.0-9.0-0.14"},{"rt":22077,"url":"../static/nodeGraphs_normal.html","edge":"2to6","edgeRT":"15931","skip":"false","flipped":"FALSE","index":"15","edgeClickLog":"[{\"edgeSelection\":\"3to5\",\"edgeRTMS\":13625},{\"edgeSelection\":\"2to6\",\"edgeRTMS\":15931}]","trial_id":"test_0","congruency":"I","trial_group":"15to20","condition":"normal","inference_edge":[],"inference_edgeClickLog":[],"task":"experiment","subjectId":"e5mx0bzf0kh9ymx","trial_type":"external-html","trial_index":23,"time_elapsed":420633,"internal_node_id":"0.0-9.0-0.15"},{"rt":9065,"url":"../static/nodeGraphs_normal.html","edge":"4to7","edgeRT":"6976","skip":"false","flipped":"FALSE","index":"16","edgeClickLog":"[{\"edgeSelection\":\"4to7\",\"edgeRTMS\":6976}]","trial_id":"test_1","congruency":"I","trial_group":"15to20","condition":"normal","inference_edge":[],"inference_edgeClickLog":[],"task":"experiment","subjectId":"e5mx0bzf0kh9ymx","trial_type":"external-html","trial_index":24,"time_elapsed":430263,"internal_node_id":"0.0-9.0-0.16"},{"rt":14380,"url":"../static/nodeGraphs_normal.html","edge":"2to4","edgeRT":"11691","skip":"false","flipped":"FALSE","index":"17","edgeClickLog":"[{\"edgeSelection\":\"2to4\",\"edgeRTMS\":11691}]","trial_id":"test_2","congruency":"I","trial_group":"15to20","condition":"normal","inference_edge":[],"inference_edgeClickLog":[],"task":"experiment","subjectId":"e5mx0bzf0kh9ymx","trial_type":"external-html","trial_index":25,"time_elapsed":445204,"internal_node_id":"0.0-9.0-0.17"},{"rt":12978,"url":"../static/nodeGraphs_normal.html","edge":"5to7","edgeRT":"11792","skip":"false","flipped":"FALSE","index":"18","edgeClickLog":"[{\"edgeSelection\":\"5to7\",\"edgeRTMS\":11792}]","trial_id":"test_3","congruency":"I","trial_group":"15to20","condition":"normal","inference_edge":[],"inference_edgeClickLog":[],"task":"experiment","subjectId":"e5mx0bzf0kh9ymx","trial_type":"external-html","trial_index":26,"time_elapsed":458749,"internal_node_id":"0.0-9.0-0.18"},{"rt":43048,"url":"../static/nodeGraphs_normal.html","edge":"2to6","edgeRT":"38543","skip":"false","flipped":"FALSE","index":"19","edgeClickLog":"[{\"edgeSelection\":\"2to6\",\"edgeRTMS\":38543}]","trial_id":"test_4","congruency":"I","trial_group":"15to20","condition":"normal","inference_edge":[],"inference_edgeClickLog":[],"task":"experiment","subjectId":"e5mx0bzf0kh9ymx","trial_type":"external-html","trial_index":27,"time_elapsed":502365,"internal_node_id":"0.0-9.0-0.19"},{"rt":39823,"response":{"P0_Q0":null,"P0_Q1":2,"P0_Q2":7,"P0_Q3":6,"P0_Q4":5,"P0_Q5":1,"strategies":"highest points with first clue","feedback":"no"},"accuracy":[],"trial_type":"survey","trial_index":28,"time_elapsed":542744,"internal_node_id":"0.0-10.0"},{"rt":5247,"stimulus":"<p>Thanks for your time!</p>        <p>We need to manually calculate your bonus pay, please give us up to 7 days.</p><p>Press any key to conclude.</p>","response":"f","task":"end","subjectId":"e5mx0bzf0kh9ymx","trial_type":"html-keyboard-response","trial_index":29,"time_elapsed":547993,"internal_node_id":"0.0-11.0","interactions":"[{\"event\":\"fullscreenenter\",\"trial\":1,\"time\":3336},{\"event\":\"blur\",\"trial\":4,\"time\":161722},{\"event\":\"fullscreenexit\",\"trial\":4,\"time\":161728},{\"event\":\"focus\",\"trial\":4,\"time\":161900}]"}]