[{"success":true,"timeout":false,"failed_images":[],"failed_audio":[],"failed_video":[],"trial_type":"preload","trial_index":0,"time_elapsed":238,"internal_node_id":"0.0-0.0"},{"success":true,"trial_type":"fullscreen","trial_index":1,"time_elapsed":4280,"internal_node_id":"0.0-1.0"},{"rt":1846,"stimulus":"Welcome to the experiment. Press any key to begin.","response":" ","trial_type":"html-keyboard-response","trial_index":2,"time_elapsed":6127,"internal_node_id":"0.0-2.0"},{"view_history":[{"page_index":0,"viewing_time":5468},{"page_index":1,"viewing_time":6956},{"page_index":2,"viewing_time":34255},{"page_index":3,"viewing_time":4882},{"page_index":4,"viewing_time":3138},{"page_index":5,"viewing_time":2990},{"page_index":6,"viewing_time":2603},{"page_index":7,"viewing_time":10187},{"page_index":8,"viewing_time":18113},{"page_index":9,"viewing_time":12112},{"page_index":10,"viewing_time":1229},{"page_index":11,"viewing_time":1216},{"page_index":12,"viewing_time":691},{"page_index":13,"viewing_time":1275},{"page_index":14,"viewing_time":2981},{"page_index":15,"viewing_time":7346},{"page_index":16,"viewing_time":2366},{"page_index":17,"viewing_time":588},{"page_index":18,"viewing_time":636},{"page_index":19,"viewing_time":3351},{"page_index":20,"viewing_time":6652},{"page_index":21,"viewing_time":5241}],"rt":134277,"trial_type":"instructions","trial_index":3,"time_elapsed":140403,"internal_node_id":"0.0-3.0"},{"rt":264432,"url":"../static/nodeGraphsTraining_scaffolding.html","skip":[],"edgeClickLog":[],"inference_edge":[],"inference_edgeClickLog":[],"trial_type":"external-html","trial_index":4,"time_elapsed":404987,"internal_node_id":"0.0-4.0"},{"rt":26015,"response":{"q1":"The goal is to help the student to get the most points.","q2":"False","q3":"Possible edges you, as the teacher, can choose to teach the learner.","q4":"Edges that the student took before."},"question_order":[0,1,2,3],"trial_type":"survey-multi-choice","trial_index":5,"time_elapsed":431005,"internal_node_id":"0.0-5.0"},{"rt":33127,"stimulus":"<p>You can take a 60 second break before starting the experiment.</p><br><br><p>This page will advance in 60 seconds or you can press any key to advance now.</p>","response":"arrowright","trial_type":"html-keyboard-response","trial_index":6,"time_elapsed":464135,"internal_node_id":"0.0-7.0"},{"view_history":[{"page_index":0,"viewing_time":22282}],"rt":22282,"trial_type":"instructions","trial_index":7,"time_elapsed":486419,"internal_node_id":"0.0-8.0"},{"rt":60005,"url":"../static/nodeGraphs_scaffolding.html","edge":"","edgeRT":"undefined","skip":"true","flipped":"FALSE","index":"0","edgeClickLog":"","trial_id":"cong_0","congruency":"C","trial_group":"1to5","condition":"scaffolding","inference_edge":"1to4","inference_edgeClickLog":"[{\"edgeSelection\":\"0to3\",\"edgeRTMS\":19945},{\"edgeSelection\":\"1to4\",\"edgeRTMS\":34553},{\"edgeSelection\":\"0to3\",\"edgeRTMS\":36904}]","inference_edgeRT":"36904","inference_edge_last":"0to3","task":"experiment","subjectId":"ugzuye0orj64ag4","trial_type":"external-html","trial_index":8,"time_elapsed":546583,"internal_node_id":"0.0-9.0-0.0"},{"rt":21840,"url":"../static/nodeGraphs_scaffolding.html","edge":"2to6","edgeRT":"7679","skip":"false","flipped":"FALSE","index":"1","edgeClickLog":"[{\"edgeSelection\":\"2to6\",\"edgeRTMS\":7679}]","trial_id":"cong_1","congruency":"C","trial_group":"1to5","condition":"scaffolding","inference_edge":"2to6,2to4,5to7","inference_edgeClickLog":"[{\"edgeSelection\":\"2to6\",\"edgeRTMS\":7980},{\"edgeSelection\":\"2to4\",\"edgeRTMS\":9188},{\"edgeSelection\":\"5to7\",\"edgeRTMS\":10919}]","inference_edgeRT":"10919","inference_edge_last":"5to7","task":"experiment","subjectId":"ugzuye0orj64ag4","trial_type":"external-html","trial_index":9,"time_elapsed":569068,"internal_node_id":"0.0-9.0-0.1"},{"rt":22806,"url":"../static/nodeGraphs_scaffolding.html","edge":"2to5","edgeRT":"12636","skip":"false","flipped":"FALSE","index":"2","edgeClickLog":"[{\"edgeSelection\":\"2to5\",\"edgeRTMS\":12636}]","trial_id":"cong_6","congruency":"C","trial_group":"1to5","condition":"scaffolding","inference_edge":"2to5,5to7,5to9","inference_edgeClickLog":"[{\"edgeSelection\":\"2to5\",\"edgeRTMS\":5302},{\"edgeSelection\":\"5to7\",\"edgeRTMS\":7069},{\"edgeSelection\":\"5to9\",\"edgeRTMS\":8585}]","inference_edgeRT":"8585","inference_edge_last":"5to9","task":"experiment","subjectId":"ugzuye0orj64ag4","trial_type":"external-html","trial_index":10,"time_elapsed":592535,"internal_node_id":"0.0-9.0-0.2"},{"rt":22768,"url":"../static/nodeGraphs_scaffolding.html","edge":"2to4","edgeRT":"5141","skip":"false","flipped":"FALSE","index":"3","edgeClickLog":"[{\"edgeSelection\":\"2to4\",\"edgeRTMS\":5141}]","trial_id":"cong_4","congruency":"C","trial_group":"1to5","condition":"scaffolding","inference_edge":"2to4,4to8,4to7","inference_edgeClickLog":"[{\"edgeSelection\":\"2to4\",\"edgeRTMS\":4167},{\"edgeSelection\":\"4to8\",\"edgeRTMS\":11461},{\"edgeSelection\":\"4to7\",\"edgeRTMS\":16524}]","inference_edgeRT":"16524","inference_edge_last":"4to7","task":"experiment","subjectId":"ugzuye0orj64ag4","trial_type":"external-html","trial_index":11,"time_elapsed":615948,"internal_node_id":"0.0-9.0-0.3"},{"rt":14369,"url":"../static/nodeGraphs_scaffolding.html","edge":"2to5","edgeRT":"4020","skip":"false","flipped":"FALSE","index":"4","edgeClickLog":"[{\"edgeSelection\":\"2to5\",\"edgeRTMS\":4020}]","trial_id":"cong_9","congruency":"C","trial_group":"1to5","condition":"scaffolding","inference_edge":"2to5,5to7,5to8","inference_edgeClickLog":"[{\"edgeSelection\":\"2to5\",\"edgeRTMS\":5631},{\"edgeSelection\":\"5to7\",\"edgeRTMS\":8321},{\"edgeSelection\":\"5to8\",\"edgeRTMS\":9174}]","inference_edgeRT":"9174","inference_edge_last":"5to8","task":"experiment","subjectId":"ugzuye0orj64ag4","trial_type":"external-html","trial_index":12,"time_elapsed":630970,"internal_node_id":"0.0-9.0-0.4"},{"rt":10941,"url":"../static/nodeGraphs_scaffolding.html","edge":"3to6","edgeRT":"1686","skip":"false","flipped":"TRUE","index":"5","edgeClickLog":"[{\"edgeSelection\":\"3to6\",\"edgeRTMS\":1686}]","trial_id":"cong_0_flipped","congruency":"C","trial_group":"5to10","condition":"scaffolding","inference_edge":"3to6,6to8,6to9","inference_edgeClickLog":"[{\"edgeSelection\":\"3to6\",\"edgeRTMS\":5100},{\"edgeSelection\":\"6to8\",\"edgeRTMS\":6510},{\"edgeSelection\":\"6to9\",\"edgeRTMS\":7264}]","inference_edgeRT":"7264","inference_edge_last":"6to9","task":"experiment","subjectId":"ugzuye0orj64ag4","trial_type":"external-html","trial_index":13,"time_elapsed":642570,"internal_node_id":"0.0-9.0-0.5"},{"rt":10165,"url":"../static/nodeGraphs_scaffolding.html","edge":"2to4","edgeRT":"1132","skip":"false","flipped":"TRUE","index":"6","edgeClickLog":"[{\"edgeSelection\":\"2to4\",\"edgeRTMS\":1132}]","trial_id":"cong_1_flipped","congruency":"C","trial_group":"5to10","condition":"scaffolding","inference_edge":"2to4,2to6,4to7","inference_edgeClickLog":"[{\"edgeSelection\":\"2to4\",\"edgeRTMS\":4398},{\"edgeSelection\":\"2to6\",\"edgeRTMS\":5492},{\"edgeSelection\":\"4to7\",\"edgeRTMS\":7467}]","inference_edgeRT":"7467","inference_edge_last":"4to7","task":"experiment","subjectId":"ugzuye0orj64ag4","trial_type":"external-html","trial_index":14,"time_elapsed":653380,"internal_node_id":"0.0-9.0-0.6"},{"rt":15933,"url":"../static/nodeGraphs_scaffolding.html","edge":"2to5","edgeRT":"2275","skip":"false","flipped":"TRUE","index":"7","edgeClickLog":"[{\"edgeSelection\":\"2to5\",\"edgeRTMS\":2275}]","trial_id":"cong_6_flipped","congruency":"C","trial_group":"5to10","condition":"scaffolding","inference_edge":"2to5,5to7,6to9","inference_edgeClickLog":"[{\"edgeSelection\":\"2to5\",\"edgeRTMS\":4945},{\"edgeSelection\":\"5to7\",\"edgeRTMS\":6962},{\"edgeSelection\":\"6to9\",\"edgeRTMS\":9174},{\"edgeSelection\":\"6to9\",\"edgeRTMS\":9686},{\"edgeSelection\":\"6to9\",\"edgeRTMS\":10262}]","inference_edgeRT":"10262","inference_edge_last":"6to9","task":"experiment","subjectId":"ugzuye0orj64ag4","trial_type":"external-html","trial_index":15,"time_elapsed":669961,"internal_node_id":"0.0-9.0-0.7"},{"rt":19753,"url":"../static/nodeGraphs_scaffolding.html","edge":"2to6","edgeRT":"7240","skip":"false","flipped":"TRUE","index":"8","edgeClickLog":"[{\"edgeSelection\":\"2to6\",\"edgeRTMS\":7240}]","trial_id":"cong_4_flipped","congruency":"C","trial_group":"5to10","condition":"scaffolding","inference_edge":"2to6,6to9,5to8","inference_edgeClickLog":"[{\"edgeSelection\":\"3to5\",\"edgeRTMS\":3542},{\"edgeSelection\":\"3to5\",\"edgeRTMS\":4919},{\"edgeSelection\":\"2to6\",\"edgeRTMS\":5933},{\"edgeSelection\":\"6to9\",\"edgeRTMS\":7753},{\"edgeSelection\":\"5to8\",\"edgeRTMS\":11102}]","inference_edgeRT":"11102","inference_edge_last":"5to8","task":"experiment","subjectId":"ugzuye0orj64ag4","trial_type":"external-html","trial_index":16,"time_elapsed":690366,"internal_node_id":"0.0-9.0-0.8"},{"rt":12957,"url":"../static/nodeGraphs_scaffolding.html","edge":"2to5","edgeRT":"2595","skip":"false","flipped":"TRUE","index":"9","edgeClickLog":"[{\"edgeSelection\":\"2to5\",\"edgeRTMS\":2595}]","trial_id":"cong_9_flipped","congruency":"C","trial_group":"5to10","condition":"scaffolding","inference_edge":"2to5,5to8,5to9","inference_edgeClickLog":"[{\"edgeSelection\":\"2to5\",\"edgeRTMS\":4035},{\"edgeSelection\":\"5to8\",\"edgeRTMS\":5454},{\"edgeSelection\":\"5to9\",\"edgeRTMS\":6645}]","inference_edgeRT":"6645","inference_edge_last":"5to9","task":"experiment","subjectId":"ugzuye0orj64ag4","trial_type":"external-html","trial_index":17,"time_elapsed":703972,"internal_node_id":"0.0-9.0-0.9"},{"rt":10009,"url":"../static/nodeGraphs_scaffolding.html","edge":"1to4","edgeRT":"1659","skip":"false","flipped":"FALSE","index":"10","edgeClickLog":"[{\"edgeSelection\":\"1to4\",\"edgeRTMS\":1659}]","trial_id":"cong_0","congruency":"C","trial_group":"10to15","condition":"scaffolding","inference_edge":"1to4,4to8,4to7","inference_edgeClickLog":"[{\"edgeSelection\":\"1to4\",\"edgeRTMS\":4641},{\"edgeSelection\":\"4to8\",\"edgeRTMS\":6660},{\"edgeSelection\":\"4to7\",\"edgeRTMS\":7408}]","inference_edgeRT":"7408","inference_edge_last":"4to7","task":"experiment","subjectId":"ugzuye0orj64ag4","trial_type":"external-html","trial_index":18,"time_elapsed":714637,"internal_node_id":"0.0-9.0-0.10"},{"rt":9517,"url":"../static/nodeGraphs_scaffolding.html","edge":"2to6","edgeRT":"1467","skip":"false","flipped":"FALSE","index":"11","edgeClickLog":"[{\"edgeSelection\":\"2to6\",\"edgeRTMS\":1467}]","trial_id":"cong_1","congruency":"C","trial_group":"10to15","condition":"scaffolding","inference_edge":"2to4,2to6,6to9","inference_edgeClickLog":"[{\"edgeSelection\":\"2to4\",\"edgeRTMS\":4094},{\"edgeSelection\":\"2to6\",\"edgeRTMS\":5149},{\"edgeSelection\":\"6to9\",\"edgeRTMS\":6630}]","inference_edgeRT":"6630","inference_edge_last":"6to9","task":"experiment","subjectId":"ugzuye0orj64ag4","trial_type":"external-html","trial_index":19,"time_elapsed":724806,"internal_node_id":"0.0-9.0-0.11"},{"rt":15675,"url":"../static/nodeGraphs_scaffolding.html","edge":"2to5","edgeRT":"1268","skip":"false","flipped":"FALSE","index":"12","edgeClickLog":"[{\"edgeSelection\":\"2to5\",\"edgeRTMS\":1268}]","trial_id":"cong_6","congruency":"C","trial_group":"10to15","condition":"scaffolding","inference_edge":"2to5,5to9,5to7","inference_edgeClickLog":"[{\"edgeSelection\":\"2to5\",\"edgeRTMS\":4682},{\"edgeSelection\":\"5to9\",\"edgeRTMS\":11036},{\"edgeSelection\":\"5to7\",\"edgeRTMS\":12453}]","inference_edgeRT":"12453","inference_edge_last":"5to7","task":"experiment","subjectId":"ugzuye0orj64ag4","trial_type":"external-html","trial_index":20,"time_elapsed":741125,"internal_node_id":"0.0-9.0-0.12"},{"rt":11520,"url":"../static/nodeGraphs_scaffolding.html","edge":"2to4","edgeRT":"920","skip":"false","flipped":"FALSE","index":"13","edgeClickLog":"[{\"edgeSelection\":\"2to4\",\"edgeRTMS\":920}]","trial_id":"cong_4","congruency":"C","trial_group":"10to15","condition":"scaffolding","inference_edge":"2to4,4to8,4to7","inference_edgeClickLog":"[{\"edgeSelection\":\"2to4\",\"edgeRTMS\":2882},{\"edgeSelection\":\"4to8\",\"edgeRTMS\":8006},{\"edgeSelection\":\"4to7\",\"edgeRTMS\":9418}]","inference_edgeRT":"9418","inference_edge_last":"4to7","task":"experiment","subjectId":"ugzuye0orj64ag4","trial_type":"external-html","trial_index":21,"time_elapsed":753309,"internal_node_id":"0.0-9.0-0.13"},{"rt":14457,"url":"../static/nodeGraphs_scaffolding.html","edge":"2to5","edgeRT":"1222","skip":"false","flipped":"FALSE","index":"14","edgeClickLog":"[{\"edgeSelection\":\"2to5\",\"edgeRTMS\":1222}]","trial_id":"cong_9","congruency":"C","trial_group":"10to15","condition":"scaffolding","inference_edge":"2to5,5to8,5to9","inference_edgeClickLog":"[{\"edgeSelection\":\"2to5\",\"edgeRTMS\":5736},{\"edgeSelection\":\"5to8\",\"edgeRTMS\":7797},{\"edgeSelection\":\"5to9\",\"edgeRTMS\":9407}]","inference_edgeRT":"9407","inference_edge_last":"5to9","task":"experiment","subjectId":"ugzuye0orj64ag4","trial_type":"external-html","trial_index":22,"time_elapsed":768420,"internal_node_id":"0.0-9.0-0.14"},{"rt":43065,"url":"../static/nodeGraphs_scaffolding.html","edge":"0to1","edgeRT":"28701","skip":"false","flipped":"FALSE","index":"15","edgeClickLog":"[{\"edgeSelection\":\"0to1\",\"edgeRTMS\":28701}]","trial_id":"test_0","congruency":"I","trial_group":"15to20","condition":"scaffolding","inference_edge":"2to5,5to8,5to9","inference_edgeClickLog":"[{\"edgeSelection\":\"2to5\",\"edgeRTMS\":5736},{\"edgeSelection\":\"5to8\",\"edgeRTMS\":7797},{\"edgeSelection\":\"5to9\",\"edgeRTMS\":9407}]","inference_edgeRT":"9407","inference_edge_last":"","task":"experiment","subjectId":"ugzuye0orj64ag4","trial_type":"external-html","trial_index":23,"time_elapsed":812131,"internal_node_id":"0.0-9.0-0.15"},{"rt":11770,"url":"../static/nodeGraphs_scaffolding.html","edge":"0to1","edgeRT":"11246","skip":"false","flipped":"FALSE","index":"16","edgeClickLog":"[{\"edgeSelection\":\"0to3\",\"edgeRTMS\":9177},{\"edgeSelection\":\"0to1\",\"edgeRTMS\":11246}]","trial_id":"test_1","congruency":"I","trial_group":"15to20","condition":"scaffolding","inference_edge":"2to5,5to8,5to9","inference_edgeClickLog":"[{\"edgeSelection\":\"2to5\",\"edgeRTMS\":5736},{\"edgeSelection\":\"5to8\",\"edgeRTMS\":7797},{\"edgeSelection\":\"5to9\",\"edgeRTMS\":9407}]","inference_edgeRT":"9407","inference_edge_last":"","task":"experiment","subjectId":"ugzuye0orj64ag4","trial_type":"external-html","trial_index":24,"time_elapsed":824561,"internal_node_id":"0.0-9.0-0.16"},{"rt":9330,"url":"../static/nodeGraphs_scaffolding.html","edge":"6to8","edgeRT":"7720","skip":"false","flipped":"FALSE","index":"17","edgeClickLog":"[{\"edgeSelection\":\"6to8\",\"edgeRTMS\":7720}]","trial_id":"test_2","congruency":"I","trial_group":"15to20","condition":"scaffolding","inference_edge":"2to5,5to8,5to9","inference_edgeClickLog":"[{\"edgeSelection\":\"2to5\",\"edgeRTMS\":5736},{\"edgeSelection\":\"5to8\",\"edgeRTMS\":7797},{\"edgeSelection\":\"5to9\",\"edgeRTMS\":9407}]","inference_edgeRT":"9407","inference_edge_last":"","task":"experiment","subjectId":"ugzuye0orj64ag4","trial_type":"external-html","trial_index":25,"time_elapsed":834542,"internal_node_id":"0.0-9.0-0.17"},{"rt":5133,"url":"../static/nodeGraphs_scaffolding.html","edge":"5to9","edgeRT":"4486","skip":"false","flipped":"FALSE","index":"18","edgeClickLog":"[{\"edgeSelection\":\"5to9\",\"edgeRTMS\":4486}]","trial_id":"test_3","congruency":"I","trial_group":"15to20","condition":"scaffolding","inference_edge":"2to5,5to8,5to9","inference_edgeClickLog":"[{\"edgeSelection\":\"2to5\",\"edgeRTMS\":5736},{\"edgeSelection\":\"5to8\",\"edgeRTMS\":7797},{\"edgeSelection\":\"5to9\",\"edgeRTMS\":9407}]","inference_edgeRT":"9407","inference_edge_last":"","task":"experiment","subjectId":"ugzuye0orj64ag4","trial_type":"external-html","trial_index":26,"time_elapsed":840329,"internal_node_id":"0.0-9.0-0.18"},{"rt":15350,"url":"../static/nodeGraphs_scaffolding.html","edge":"5to9","edgeRT":"15110","skip":"false","flipped":"FALSE","index":"19","edgeClickLog":"[{\"edgeSelection\":\"5to9\",\"edgeRTMS\":15110}]","trial_id":"test_4","congruency":"I","trial_group":"15to20","condition":"scaffolding","inference_edge":"2to5,5to8,5to9","inference_edgeClickLog":"[{\"edgeSelection\":\"2to5\",\"edgeRTMS\":5736},{\"edgeSelection\":\"5to8\",\"edgeRTMS\":7797},{\"edgeSelection\":\"5to9\",\"edgeRTMS\":9407}]","inference_edgeRT":"9407","inference_edge_last":"","task":"experiment","subjectId":"ugzuye0orj64ag4","trial_type":"external-html","trial_index":27,"time_elapsed":856322,"internal_node_id":"0.0-9.0-0.19"},{"rt":37465,"response":{"P0_Q0":null,"P0_Q1":6,"P0_Q2":4,"P0_Q3":4,"P0_Q4":6,"P0_Q5":5,"strategies":"Tried to maximize potential earnings for student.","feedback":"More practice rounds."},"accuracy":[],"trial_type":"survey","trial_index":28,"time_elapsed":894365,"internal_node_id":"0.0-10.0"},{"rt":2633,"stimulus":"<p>Thanks for your time!</p>        <p>We need to manually calculate your bonus pay, please give us up to 7 days.</p><p>Press any key to conclude.</p>","response":" ","task":"end","subjectId":"ugzuye0orj64ag4","trial_type":"html-keyboard-response","trial_index":29,"time_elapsed":897001,"internal_node_id":"0.0-11.0","interactions":"[{\"event\":\"fullscreenenter\",\"trial\":1,\"time\":3321}]"}]