[{"success":true,"timeout":false,"failed_images":[],"failed_audio":[],"failed_video":[],"trial_type":"preload","trial_index":0,"time_elapsed":409,"internal_node_id":"0.0-0.0"},{"success":true,"trial_type":"fullscreen","trial_index":1,"time_elapsed":5256,"internal_node_id":"0.0-1.0"},{"rt":2480,"stimulus":"Welcome to the experiment. Press any key to begin.","response":" ","trial_type":"html-keyboard-response","trial_index":2,"time_elapsed":7742,"internal_node_id":"0.0-2.0"},{"view_history":[{"page_index":0,"viewing_time":2942},{"page_index":1,"viewing_time":23819},{"page_index":2,"viewing_time":26705},{"page_index":3,"viewing_time":8895},{"page_index":4,"viewing_time":1311},{"page_index":5,"viewing_time":705},{"page_index":6,"viewing_time":1827},{"page_index":7,"viewing_time":4042},{"page_index":8,"viewing_time":11323},{"page_index":9,"viewing_time":5073},{"page_index":10,"viewing_time":2514},{"page_index":11,"viewing_time":711},{"page_index":12,"viewing_time":624},{"page_index":13,"viewing_time":1049},{"page_index":14,"viewing_time":2055},{"page_index":15,"viewing_time":13543},{"page_index":16,"viewing_time":907},{"page_index":17,"viewing_time":452},{"page_index":18,"viewing_time":504},{"page_index":19,"viewing_time":4287},{"page_index":20,"viewing_time":2229},{"page_index":21,"viewing_time":4113}],"rt":119631,"trial_type":"instructions","trial_index":3,"time_elapsed":127376,"internal_node_id":"0.0-3.0"},{"rt":116164,"url":"../static/nodeGraphsTraining_scaffolding.html","skip":[],"edgeClickLog":[],"inference_edge":[],"inference_edgeClickLog":[],"trial_type":"external-html","trial_index":4,"time_elapsed":243956,"internal_node_id":"0.0-4.0"},{"rt":20849,"response":{"q1":"The goal is to help the student to get the most points.","q2":"True","q3":"Possible edges you, as the teacher, can choose to teach the learner.","q4":"Edges that the student took before."},"question_order":[0,1,2,3],"trial_type":"survey-multi-choice","trial_index":5,"time_elapsed":264818,"internal_node_id":"0.0-5.0"},{"rt":17303,"response":{"q1":"The goal is to help the student to get the most points.","q2":"False","q3":"Possible edges you, as the teacher, can choose to teach the learner.","q4":"Edges that the student took before."},"question_order":[0,1,2,3],"trial_type":"survey-multi-choice","trial_index":6,"time_elapsed":282132,"internal_node_id":"0.0-6.0-0.0"},{"rt":4163,"stimulus":"<p>You can take a 60 second break before starting the experiment.</p><br><br><p>This page will advance in 60 seconds or you can press any key to advance now.</p>","response":"arrowright","trial_type":"html-keyboard-response","trial_index":7,"time_elapsed":286304,"internal_node_id":"0.0-7.0"},{"view_history":[{"page_index":0,"viewing_time":3738}],"rt":3739,"trial_type":"instructions","trial_index":8,"time_elapsed":290044,"internal_node_id":"0.0-8.0"},{"rt":21715,"url":"../static/nodeGraphs_scaffolding.html","edge":"1to4","edgeRT":"7616","skip":"false","flipped":"FALSE","index":"0","edgeClickLog":"[{\"edgeSelection\":\"1to4\",\"edgeRTMS\":7616}]","trial_id":"incong_0","congruency":"I","trial_group":"1to5","condition":"scaffolding","inference_edge":"0to1,1to4,4to7","inference_edgeClickLog":"[{\"edgeSelection\":\"0to1\",\"edgeRTMS\":6766},{\"edgeSelection\":\"1to4\",\"edgeRTMS\":8192},{\"edgeSelection\":\"4to7\",\"edgeRTMS\":9659}]","inference_edgeRT":"9659","inference_edge_last":"4to7","task":"experiment","subjectId":"uu8pgpme3veh1hl","trial_type":"external-html","trial_index":9,"time_elapsed":312158,"internal_node_id":"0.0-9.0-0.0"},{"rt":21283,"url":"../static/nodeGraphs_scaffolding.html","edge":"4to7","edgeRT":"3674","skip":"false","flipped":"FALSE","index":"1","edgeClickLog":"[{\"edgeSelection\":\"4to7\",\"edgeRTMS\":3674}]","trial_id":"incong_5","congruency":"I","trial_group":"1to5","condition":"scaffolding","inference_edge":"0to2,2to4,4to7","inference_edgeClickLog":"[{\"edgeSelection\":\"0to2\",\"edgeRTMS\":11292},{\"edgeSelection\":\"2to4\",\"edgeRTMS\":12824},{\"edgeSelection\":\"4to7\",\"edgeRTMS\":14784}]","inference_edgeRT":"14784","inference_edge_last":"4to7","task":"experiment","subjectId":"uu8pgpme3veh1hl","trial_type":"external-html","trial_index":10,"time_elapsed":334329,"internal_node_id":"0.0-9.0-0.1"},{"rt":19734,"url":"../static/nodeGraphs_scaffolding.html","edge":"2to6","edgeRT":"2922","skip":"false","flipped":"FALSE","index":"2","edgeClickLog":"[{\"edgeSelection\":\"2to6\",\"edgeRTMS\":2922}]","trial_id":"incong_3","congruency":"I","trial_group":"1to5","condition":"scaffolding","inference_edge":"0to2,2to6,6to8","inference_edgeClickLog":"[{\"edgeSelection\":\"0to2\",\"edgeRTMS\":6355},{\"edgeSelection\":\"2to6\",\"edgeRTMS\":8141},{\"edgeSelection\":\"6to8\",\"edgeRTMS\":9769}]","inference_edgeRT":"9769","inference_edge_last":"6to8","task":"experiment","subjectId":"uu8pgpme3veh1hl","trial_type":"external-html","trial_index":11,"time_elapsed":355229,"internal_node_id":"0.0-9.0-0.2"},{"rt":13196,"url":"../static/nodeGraphs_scaffolding.html","edge":"4to8","edgeRT":"2543","skip":"false","flipped":"FALSE","index":"3","edgeClickLog":"[{\"edgeSelection\":\"4to8\",\"edgeRTMS\":2543}]","trial_id":"incong_10","congruency":"I","trial_group":"1to5","condition":"scaffolding","inference_edge":"0to2,2to4,4to8","inference_edgeClickLog":"[{\"edgeSelection\":\"0to2\",\"edgeRTMS\":5202},{\"edgeSelection\":\"2to4\",\"edgeRTMS\":6610},{\"edgeSelection\":\"4to8\",\"edgeRTMS\":8318}]","inference_edgeRT":"8318","inference_edge_last":"4to8","task":"experiment","subjectId":"uu8pgpme3veh1hl","trial_type":"external-html","trial_index":12,"time_elapsed":369312,"internal_node_id":"0.0-9.0-0.3"},{"rt":32157,"url":"../static/nodeGraphs_scaffolding.html","edge":"4to8","edgeRT":"2095","skip":"false","flipped":"FALSE","index":"4","edgeClickLog":"[{\"edgeSelection\":\"4to8\",\"edgeRTMS\":2095}]","trial_id":"incong_2","congruency":"I","trial_group":"1to5","condition":"scaffolding","inference_edge":"0to1,1to4,4to8","inference_edgeClickLog":"[{\"edgeSelection\":\"0to1\",\"edgeRTMS\":6124},{\"edgeSelection\":\"1to4\",\"edgeRTMS\":7550},{\"edgeSelection\":\"4to8\",\"edgeRTMS\":9805}]","inference_edgeRT":"9805","inference_edge_last":"4to8","task":"experiment","subjectId":"uu8pgpme3veh1hl","trial_type":"external-html","trial_index":13,"time_elapsed":402355,"internal_node_id":"0.0-9.0-0.4"},{"rt":10434,"url":"../static/nodeGraphs_scaffolding.html","edge":"6to9","edgeRT":"1523","skip":"false","flipped":"TRUE","index":"5","edgeClickLog":"[{\"edgeSelection\":\"6to9\",\"edgeRTMS\":1523}]","trial_id":"incong_0_flipped","congruency":"I","trial_group":"5to10","condition":"scaffolding","inference_edge":"0to3,3to6,6to9","inference_edgeClickLog":"[{\"edgeSelection\":\"0to3\",\"edgeRTMS\":3342},{\"edgeSelection\":\"3to6\",\"edgeRTMS\":4561},{\"edgeSelection\":\"6to9\",\"edgeRTMS\":7295}]","inference_edgeRT":"7295","inference_edge_last":"6to9","task":"experiment","subjectId":"uu8pgpme3veh1hl","trial_type":"external-html","trial_index":14,"time_elapsed":413929,"internal_node_id":"0.0-9.0-0.5"},{"rt":27278,"url":"../static/nodeGraphs_scaffolding.html","edge":"6to9","edgeRT":"2344","skip":"false","flipped":"TRUE","index":"6","edgeClickLog":"[{\"edgeSelection\":\"6to9\",\"edgeRTMS\":2344}]","trial_id":"incong_5_flipped","congruency":"I","trial_group":"5to10","condition":"scaffolding","inference_edge":"0to2,2to6,6to9","inference_edgeClickLog":"[{\"edgeSelection\":\"0to2\",\"edgeRTMS\":18927},{\"edgeSelection\":\"2to6\",\"edgeRTMS\":20524},{\"edgeSelection\":\"6to9\",\"edgeRTMS\":22748}]","inference_edgeRT":"22748","inference_edge_last":"6to9","task":"experiment","subjectId":"uu8pgpme3veh1hl","trial_type":"external-html","trial_index":15,"time_elapsed":442076,"internal_node_id":"0.0-9.0-0.6"},{"rt":39307,"url":"../static/nodeGraphs_scaffolding.html","edge":"2to4","edgeRT":"2492","skip":"false","flipped":"TRUE","index":"7","edgeClickLog":"[{\"edgeSelection\":\"2to4\",\"edgeRTMS\":2492}]","trial_id":"incong_3_flipped","congruency":"I","trial_group":"5to10","condition":"scaffolding","inference_edge":"0to2,2to4,4to8","inference_edgeClickLog":"[{\"edgeSelection\":\"0to2\",\"edgeRTMS\":32163},{\"edgeSelection\":\"2to4\",\"edgeRTMS\":34521},{\"edgeSelection\":\"4to8\",\"edgeRTMS\":36309}]","inference_edgeRT":"36309","inference_edge_last":"4to8","task":"experiment","subjectId":"uu8pgpme3veh1hl","trial_type":"external-html","trial_index":16,"time_elapsed":483928,"internal_node_id":"0.0-9.0-0.7"},{"rt":14248,"url":"../static/nodeGraphs_scaffolding.html","edge":"6to8","edgeRT":"3189","skip":"false","flipped":"TRUE","index":"8","edgeClickLog":"[{\"edgeSelection\":\"6to8\",\"edgeRTMS\":3189}]","trial_id":"incong_10_flipped","congruency":"I","trial_group":"5to10","condition":"scaffolding","inference_edge":"0to2,2to6,6to8","inference_edgeClickLog":"[{\"edgeSelection\":\"0to2\",\"edgeRTMS\":4620},{\"edgeSelection\":\"2to6\",\"edgeRTMS\":6172},{\"edgeSelection\":\"6to8\",\"edgeRTMS\":8890}]","inference_edgeRT":"8890","inference_edge_last":"6to8","task":"experiment","subjectId":"uu8pgpme3veh1hl","trial_type":"external-html","trial_index":17,"time_elapsed":499074,"internal_node_id":"0.0-9.0-0.8"},{"rt":10139,"url":"../static/nodeGraphs_scaffolding.html","edge":"6to8","edgeRT":"1974","skip":"false","flipped":"TRUE","index":"9","edgeClickLog":"[{\"edgeSelection\":\"6to8\",\"edgeRTMS\":1974}]","trial_id":"incong_2_flipped","congruency":"I","trial_group":"5to10","condition":"scaffolding","inference_edge":"0to2,2to6,6to8","inference_edgeClickLog":"[{\"edgeSelection\":\"0to2\",\"edgeRTMS\":3193},{\"edgeSelection\":\"2to6\",\"edgeRTMS\":4780},{\"edgeSelection\":\"6to8\",\"edgeRTMS\":6283}]","inference_edgeRT":"6283","inference_edge_last":"6to8","task":"experiment","subjectId":"uu8pgpme3veh1hl","trial_type":"external-html","trial_index":18,"time_elapsed":510185,"internal_node_id":"0.0-9.0-0.9"},{"rt":11944,"url":"../static/nodeGraphs_scaffolding.html","edge":"4to7","edgeRT":"2441","skip":"false","flipped":"FALSE","index":"10","edgeClickLog":"[{\"edgeSelection\":\"4to7\",\"edgeRTMS\":2441}]","trial_id":"incong_0","congruency":"I","trial_group":"10to15","condition":"scaffolding","inference_edge":"0to1,1to4,4to7","inference_edgeClickLog":"[{\"edgeSelection\":\"0to1\",\"edgeRTMS\":4173},{\"edgeSelection\":\"1to4\",\"edgeRTMS\":5820},{\"edgeSelection\":\"4to7\",\"edgeRTMS\":7693}]","inference_edgeRT":"7693","inference_edge_last":"4to7","task":"experiment","subjectId":"uu8pgpme3veh1hl","trial_type":"external-html","trial_index":19,"time_elapsed":523008,"internal_node_id":"0.0-9.0-0.10"},{"rt":26725,"url":"../static/nodeGraphs_scaffolding.html","edge":"4to8","edgeRT":"3300","skip":"false","flipped":"FALSE","index":"11","edgeClickLog":"[{\"edgeSelection\":\"4to8\",\"edgeRTMS\":3300}]","trial_id":"incong_5","congruency":"I","trial_group":"10to15","condition":"scaffolding","inference_edge":"0to2,2to4,4to8","inference_edgeClickLog":"[{\"edgeSelection\":\"0to2\",\"edgeRTMS\":18062},{\"edgeSelection\":\"2to4\",\"edgeRTMS\":19752},{\"edgeSelection\":\"4to8\",\"edgeRTMS\":21118}]","inference_edgeRT":"21118","inference_edge_last":"4to8","task":"experiment","subjectId":"uu8pgpme3veh1hl","trial_type":"external-html","trial_index":20,"time_elapsed":550621,"internal_node_id":"0.0-9.0-0.11"},{"rt":13697,"url":"../static/nodeGraphs_scaffolding.html","edge":"2to6","edgeRT":"2229","skip":"false","flipped":"FALSE","index":"12","edgeClickLog":"[{\"edgeSelection\":\"2to6\",\"edgeRTMS\":2229}]","trial_id":"incong_3","congruency":"I","trial_group":"10to15","condition":"scaffolding","inference_edge":"0to2,2to6,6to8","inference_edgeClickLog":"[{\"edgeSelection\":\"0to2\",\"edgeRTMS\":5754},{\"edgeSelection\":\"2to6\",\"edgeRTMS\":7304},{\"edgeSelection\":\"6to8\",\"edgeRTMS\":9613}]","inference_edgeRT":"9613","inference_edge_last":"6to8","task":"experiment","subjectId":"uu8pgpme3veh1hl","trial_type":"external-html","trial_index":21,"time_elapsed":565200,"internal_node_id":"0.0-9.0-0.12"},{"rt":9600,"url":"../static/nodeGraphs_scaffolding.html","edge":"4to8","edgeRT":"1712","skip":"false","flipped":"FALSE","index":"13","edgeClickLog":"[{\"edgeSelection\":\"4to8\",\"edgeRTMS\":1712}]","trial_id":"incong_10","congruency":"I","trial_group":"10to15","condition":"scaffolding","inference_edge":"0to2,2to4,4to8","inference_edgeClickLog":"[{\"edgeSelection\":\"0to2\",\"edgeRTMS\":3250},{\"edgeSelection\":\"2to4\",\"edgeRTMS\":4563},{\"edgeSelection\":\"4to8\",\"edgeRTMS\":6364}]","inference_edgeRT":"6364","inference_edge_last":"4to8","task":"experiment","subjectId":"uu8pgpme3veh1hl","trial_type":"external-html","trial_index":22,"time_elapsed":575691,"internal_node_id":"0.0-9.0-0.13"},{"rt":11593,"url":"../static/nodeGraphs_scaffolding.html","edge":"4to8","edgeRT":"2932","skip":"false","flipped":"FALSE","index":"14","edgeClickLog":"[{\"edgeSelection\":\"4to8\",\"edgeRTMS\":2932}]","trial_id":"incong_2","congruency":"I","trial_group":"10to15","condition":"scaffolding","inference_edge":"0to2,2to4,4to8","inference_edgeClickLog":"[{\"edgeSelection\":\"0to2\",\"edgeRTMS\":4393},{\"edgeSelection\":\"2to4\",\"edgeRTMS\":5751},{\"edgeSelection\":\"4to8\",\"edgeRTMS\":6977}]","inference_edgeRT":"6977","inference_edge_last":"4to8","task":"experiment","subjectId":"uu8pgpme3veh1hl","trial_type":"external-html","trial_index":23,"time_elapsed":588156,"internal_node_id":"0.0-9.0-0.14"},{"rt":20700,"url":"../static/nodeGraphs_scaffolding.html","edge":"4to7","edgeRT":"9341","skip":"false","flipped":"FALSE","index":"15","edgeClickLog":"[{\"edgeSelection\":\"0to2\",\"edgeRTMS\":6140},{\"edgeSelection\":\"2to6\",\"edgeRTMS\":8029},{\"edgeSelection\":\"4to7\",\"edgeRTMS\":9341}]","trial_id":"test_0","congruency":"I","trial_group":"15to20","condition":"scaffolding","inference_edge":"0to2,2to4,4to8","inference_edgeClickLog":"[{\"edgeSelection\":\"0to2\",\"edgeRTMS\":4393},{\"edgeSelection\":\"2to4\",\"edgeRTMS\":5751},{\"edgeSelection\":\"4to8\",\"edgeRTMS\":6977}]","inference_edgeRT":"6977","inference_edge_last":"","task":"experiment","subjectId":"uu8pgpme3veh1hl","trial_type":"external-html","trial_index":24,"time_elapsed":609727,"internal_node_id":"0.0-9.0-0.15"},{"rt":5115,"url":"../static/nodeGraphs_scaffolding.html","edge":"6to8","edgeRT":"4503","skip":"false","flipped":"FALSE","index":"16","edgeClickLog":"[{\"edgeSelection\":\"6to8\",\"edgeRTMS\":4503}]","trial_id":"test_1","congruency":"I","trial_group":"15to20","condition":"scaffolding","inference_edge":"0to2,2to4,4to8","inference_edgeClickLog":"[{\"edgeSelection\":\"0to2\",\"edgeRTMS\":4393},{\"edgeSelection\":\"2to4\",\"edgeRTMS\":5751},{\"edgeSelection\":\"4to8\",\"edgeRTMS\":6977}]","inference_edgeRT":"6977","inference_edge_last":"","task":"experiment","subjectId":"uu8pgpme3veh1hl","trial_type":"external-html","trial_index":25,"time_elapsed":615760,"internal_node_id":"0.0-9.0-0.16"},{"rt":3489,"url":"../static/nodeGraphs_scaffolding.html","edge":"3to6","edgeRT":"2895","skip":"false","flipped":"FALSE","index":"17","edgeClickLog":"[{\"edgeSelection\":\"3to6\",\"edgeRTMS\":2895}]","trial_id":"test_2","congruency":"I","trial_group":"15to20","condition":"scaffolding","inference_edge":"0to2,2to4,4to8","inference_edgeClickLog":"[{\"edgeSelection\":\"0to2\",\"edgeRTMS\":4393},{\"edgeSelection\":\"2to4\",\"edgeRTMS\":5751},{\"edgeSelection\":\"4to8\",\"edgeRTMS\":6977}]","inference_edgeRT":"6977","inference_edge_last":"","task":"experiment","subjectId":"uu8pgpme3veh1hl","trial_type":"external-html","trial_index":26,"time_elapsed":620177,"internal_node_id":"0.0-9.0-0.17"},{"rt":5528,"url":"../static/nodeGraphs_scaffolding.html","edge":"5to9","edgeRT":"2602","skip":"false","flipped":"FALSE","index":"18","edgeClickLog":"[{\"edgeSelection\":\"5to9\",\"edgeRTMS\":2602}]","trial_id":"test_3","congruency":"I","trial_group":"15to20","condition":"scaffolding","inference_edge":"0to2,2to4,4to8","inference_edgeClickLog":"[{\"edgeSelection\":\"0to2\",\"edgeRTMS\":4393},{\"edgeSelection\":\"2to4\",\"edgeRTMS\":5751},{\"edgeSelection\":\"4to8\",\"edgeRTMS\":6977}]","inference_edgeRT":"6977","inference_edge_last":"","task":"experiment","subjectId":"uu8pgpme3veh1hl","trial_type":"external-html","trial_index":27,"time_elapsed":626409,"internal_node_id":"0.0-9.0-0.18"},{"rt":3512,"url":"../static/nodeGraphs_scaffolding.html","edge":"1to5","edgeRT":"2911","skip":"false","flipped":"FALSE","index":"19","edgeClickLog":"[{\"edgeSelection\":\"1to5\",\"edgeRTMS\":2911}]","trial_id":"test_4","congruency":"I","trial_group":"15to20","condition":"scaffolding","inference_edge":"0to2,2to4,4to8","inference_edgeClickLog":"[{\"edgeSelection\":\"0to2\",\"edgeRTMS\":4393},{\"edgeSelection\":\"2to4\",\"edgeRTMS\":5751},{\"edgeSelection\":\"4to8\",\"edgeRTMS\":6977}]","inference_edgeRT":"6977","inference_edge_last":"","task":"experiment","subjectId":"uu8pgpme3veh1hl","trial_type":"external-html","trial_index":28,"time_elapsed":630843,"internal_node_id":"0.0-9.0-0.19"},{"rt":23937,"response":{"P0_Q0":null,"P0_Q1":2,"P0_Q2":4,"P0_Q3":5,"P0_Q4":5,"P0_Q5":1,"strategies":"Get the most points","feedback":"no"},"accuracy":[],"trial_type":"survey","trial_index":29,"time_elapsed":655506,"internal_node_id":"0.0-10.0"},{"rt":3996,"stimulus":"<p>Thanks for your time!</p>        <p>We need to manually calculate your bonus pay, please give us up to 7 days.</p><p>Press any key to conclude.</p>","response":" ","task":"end","subjectId":"uu8pgpme3veh1hl","trial_type":"html-keyboard-response","trial_index":30,"time_elapsed":659505,"internal_node_id":"0.0-11.0","interactions":"[{\"event\":\"fullscreenenter\",\"trial\":1,\"time\":4362},{\"event\":\"blur\",\"trial\":4,\"time\":141931},{\"event\":\"focus\",\"trial\":4,\"time\":141932},{\"event\":\"fullscreenexit\",\"trial\":4,\"time\":141966},{\"event\":\"blur\",\"trial\":13,\"time\":391383},{\"event\":\"focus\",\"trial\":13,\"time\":391396}]"}]