[{"success":true,"timeout":false,"failed_images":[],"failed_audio":[],"failed_video":[],"trial_type":"preload","trial_index":0,"time_elapsed":119,"internal_node_id":"0.0-0.0"},{"success":true,"trial_type":"fullscreen","trial_index":1,"time_elapsed":2254,"internal_node_id":"0.0-1.0"},{"rt":1988,"stimulus":"Welcome to the experiment. Press any key to begin.","response":" ","trial_type":"html-keyboard-response","trial_index":2,"time_elapsed":4244,"internal_node_id":"0.0-2.0"},{"view_history":[{"page_index":0,"viewing_time":2853},{"page_index":1,"viewing_time":3536},{"page_index":2,"viewing_time":13563},{"page_index":3,"viewing_time":7070},{"page_index":4,"viewing_time":1443},{"page_index":5,"viewing_time":1711},{"page_index":6,"viewing_time":9232},{"page_index":7,"viewing_time":12597},{"page_index":8,"viewing_time":6408},{"page_index":9,"viewing_time":6686},{"page_index":10,"viewing_time":2100},{"page_index":11,"viewing_time":3030},{"page_index":12,"viewing_time":889},{"page_index":13,"viewing_time":1981},{"page_index":14,"viewing_time":1427},{"page_index":15,"viewing_time":11489},{"page_index":16,"viewing_time":4126},{"page_index":17,"viewing_time":1981},{"page_index":18,"viewing_time":1042},{"page_index":19,"viewing_time":4753},{"page_index":20,"viewing_time":3933},{"page_index":21,"viewing_time":3185}],"rt":105035,"trial_type":"instructions","trial_index":3,"time_elapsed":109277,"internal_node_id":"0.0-3.0"},{"rt":82036,"url":"../static/nodeGraphsTraining_normal.html","skip":[],"edgeClickLog":[],"inference_edge":[],"inference_edgeClickLog":[],"trial_type":"external-html","trial_index":4,"time_elapsed":191366,"internal_node_id":"0.0-4.0"},{"rt":41808,"response":{"q1":"The goal is to help the student to get the most points","q2":"False","q3":"Possible paths you, as the teacher, can choose to teach the learner.","q4":"Paths that the student took before."},"question_order":[0,1,2,3],"trial_type":"survey-multi-choice","trial_index":5,"time_elapsed":233175,"internal_node_id":"0.0-5.0"},{"rt":4691,"stimulus":"<p>You can take a 60 second break before starting the experiment.</p><br><br><p>This page will advance in 60 seconds or you can press any key to advance now.</p>","response":"arrowright","trial_type":"html-keyboard-response","trial_index":6,"time_elapsed":237869,"internal_node_id":"0.0-7.0"},{"view_history":[{"page_index":0,"viewing_time":7684}],"rt":7684,"trial_type":"instructions","trial_index":7,"time_elapsed":245553,"internal_node_id":"0.0-8.0"},{"rt":18975,"url":"../static/nodeGraphs_normal.html","edge":"2to4","edgeRT":"6863","skip":"false","flipped":"FALSE","index":"0","edgeClickLog":"[{\"edgeSelection\":\"2to4\",\"edgeRTMS\":6863}]","trial_id":"incong_0","congruency":"I","trial_group":"1to5","condition":"normal","inference_edge":[],"inference_edgeClickLog":[],"task":"experiment","subjectId":"v36w3duoxl0ku98","trial_type":"external-html","trial_index":8,"time_elapsed":264581,"internal_node_id":"0.0-9.0-0.0"},{"rt":22792,"url":"../static/nodeGraphs_normal.html","edge":"2to4","edgeRT":"20396","skip":"false","flipped":"FALSE","index":"1","edgeClickLog":"[{\"edgeSelection\":\"2to4\",\"edgeRTMS\":20396}]","trial_id":"incong_5","congruency":"I","trial_group":"1to5","condition":"normal","inference_edge":[],"inference_edgeClickLog":[],"task":"experiment","subjectId":"v36w3duoxl0ku98","trial_type":"external-html","trial_index":9,"time_elapsed":287928,"internal_node_id":"0.0-9.0-0.1"},{"rt":8041,"url":"../static/nodeGraphs_normal.html","edge":"2to6","edgeRT":"7376","skip":"false","flipped":"FALSE","index":"2","edgeClickLog":"[{\"edgeSelection\":\"2to6\",\"edgeRTMS\":7376}]","trial_id":"incong_3","congruency":"I","trial_group":"1to5","condition":"normal","inference_edge":[],"inference_edgeClickLog":[],"task":"experiment","subjectId":"v36w3duoxl0ku98","trial_type":"external-html","trial_index":10,"time_elapsed":296525,"internal_node_id":"0.0-9.0-0.2"},{"rt":2566,"url":"../static/nodeGraphs_normal.html","edge":"4to8","edgeRT":"2163","skip":"false","flipped":"FALSE","index":"3","edgeClickLog":"[{\"edgeSelection\":\"4to8\",\"edgeRTMS\":2163}]","trial_id":"incong_10","congruency":"I","trial_group":"1to5","condition":"normal","inference_edge":[],"inference_edgeClickLog":[],"task":"experiment","subjectId":"v36w3duoxl0ku98","trial_type":"external-html","trial_index":11,"time_elapsed":299652,"internal_node_id":"0.0-9.0-0.3"},{"rt":9919,"url":"../static/nodeGraphs_normal.html","edge":"4to8","edgeRT":"2045","skip":"false","flipped":"FALSE","index":"4","edgeClickLog":"[{\"edgeSelection\":\"4to8\",\"edgeRTMS\":2045}]","trial_id":"incong_2","congruency":"I","trial_group":"1to5","condition":"normal","inference_edge":[],"inference_edgeClickLog":[],"task":"experiment","subjectId":"v36w3duoxl0ku98","trial_type":"external-html","trial_index":12,"time_elapsed":310129,"internal_node_id":"0.0-9.0-0.4"},{"rt":4503,"url":"../static/nodeGraphs_normal.html","edge":"6to8","edgeRT":"2068","skip":"false","flipped":"TRUE","index":"5","edgeClickLog":"[{\"edgeSelection\":\"6to8\",\"edgeRTMS\":2068}]","trial_id":"incong_0_flipped","congruency":"I","trial_group":"5to10","condition":"normal","inference_edge":[],"inference_edgeClickLog":[],"task":"experiment","subjectId":"v36w3duoxl0ku98","trial_type":"external-html","trial_index":13,"time_elapsed":315181,"internal_node_id":"0.0-9.0-0.5"},{"rt":7155,"url":"../static/nodeGraphs_normal.html","edge":"6to8","edgeRT":"2870","skip":"false","flipped":"TRUE","index":"6","edgeClickLog":"[{\"edgeSelection\":\"6to8\",\"edgeRTMS\":2870}]","trial_id":"incong_5_flipped","congruency":"I","trial_group":"5to10","condition":"normal","inference_edge":[],"inference_edgeClickLog":[],"task":"experiment","subjectId":"v36w3duoxl0ku98","trial_type":"external-html","trial_index":14,"time_elapsed":322889,"internal_node_id":"0.0-9.0-0.6"},{"rt":3324,"url":"../static/nodeGraphs_normal.html","edge":"2to4","edgeRT":"1881","skip":"false","flipped":"TRUE","index":"7","edgeClickLog":"[{\"edgeSelection\":\"2to4\",\"edgeRTMS\":1881}]","trial_id":"incong_3_flipped","congruency":"I","trial_group":"5to10","condition":"normal","inference_edge":[],"inference_edgeClickLog":[],"task":"experiment","subjectId":"v36w3duoxl0ku98","trial_type":"external-html","trial_index":15,"time_elapsed":326769,"internal_node_id":"0.0-9.0-0.7"},{"rt":2455,"url":"../static/nodeGraphs_normal.html","edge":"6to8","edgeRT":"1845","skip":"false","flipped":"TRUE","index":"8","edgeClickLog":"[{\"edgeSelection\":\"6to8\",\"edgeRTMS\":1845}]","trial_id":"incong_10_flipped","congruency":"I","trial_group":"5to10","condition":"normal","inference_edge":[],"inference_edgeClickLog":[],"task":"experiment","subjectId":"v36w3duoxl0ku98","trial_type":"external-html","trial_index":16,"time_elapsed":329775,"internal_node_id":"0.0-9.0-0.8"},{"rt":2516,"url":"../static/nodeGraphs_normal.html","edge":"6to8","edgeRT":"1561","skip":"false","flipped":"TRUE","index":"9","edgeClickLog":"[{\"edgeSelection\":\"6to8\",\"edgeRTMS\":1561}]","trial_id":"incong_2_flipped","congruency":"I","trial_group":"5to10","condition":"normal","inference_edge":[],"inference_edgeClickLog":[],"task":"experiment","subjectId":"v36w3duoxl0ku98","trial_type":"external-html","trial_index":17,"time_elapsed":332850,"internal_node_id":"0.0-9.0-0.9"},{"rt":7138,"url":"../static/nodeGraphs_normal.html","edge":"4to7","edgeRT":"3033","skip":"false","flipped":"FALSE","index":"10","edgeClickLog":"[{\"edgeSelection\":\"4to7\",\"edgeRTMS\":3033}]","trial_id":"incong_0","congruency":"I","trial_group":"10to15","condition":"normal","inference_edge":[],"inference_edgeClickLog":[],"task":"experiment","subjectId":"v36w3duoxl0ku98","trial_type":"external-html","trial_index":18,"time_elapsed":340542,"internal_node_id":"0.0-9.0-0.10"},{"rt":4304,"url":"../static/nodeGraphs_normal.html","edge":"4to7","edgeRT":"2601","skip":"false","flipped":"FALSE","index":"11","edgeClickLog":"[{\"edgeSelection\":\"4to7\",\"edgeRTMS\":2601}]","trial_id":"incong_5","congruency":"I","trial_group":"10to15","condition":"normal","inference_edge":[],"inference_edgeClickLog":[],"task":"experiment","subjectId":"v36w3duoxl0ku98","trial_type":"external-html","trial_index":19,"time_elapsed":345400,"internal_node_id":"0.0-9.0-0.11"},{"rt":4119,"url":"../static/nodeGraphs_normal.html","edge":"2to6","edgeRT":"2508","skip":"false","flipped":"FALSE","index":"12","edgeClickLog":"[{\"edgeSelection\":\"2to6\",\"edgeRTMS\":2508}]","trial_id":"incong_3","congruency":"I","trial_group":"10to15","condition":"normal","inference_edge":[],"inference_edgeClickLog":[],"task":"experiment","subjectId":"v36w3duoxl0ku98","trial_type":"external-html","trial_index":20,"time_elapsed":350067,"internal_node_id":"0.0-9.0-0.12"},{"rt":3575,"url":"../static/nodeGraphs_normal.html","edge":"4to8","edgeRT":"2064","skip":"false","flipped":"FALSE","index":"13","edgeClickLog":"[{\"edgeSelection\":\"4to8\",\"edgeRTMS\":2064}]","trial_id":"incong_10","congruency":"I","trial_group":"10to15","condition":"normal","inference_edge":[],"inference_edgeClickLog":[],"task":"experiment","subjectId":"v36w3duoxl0ku98","trial_type":"external-html","trial_index":21,"time_elapsed":354196,"internal_node_id":"0.0-9.0-0.13"},{"rt":2253,"url":"../static/nodeGraphs_normal.html","edge":"4to8","edgeRT":"1672","skip":"false","flipped":"FALSE","index":"14","edgeClickLog":"[{\"edgeSelection\":\"4to8\",\"edgeRTMS\":1672}]","trial_id":"incong_2","congruency":"I","trial_group":"10to15","condition":"normal","inference_edge":[],"inference_edgeClickLog":[],"task":"experiment","subjectId":"v36w3duoxl0ku98","trial_type":"external-html","trial_index":22,"time_elapsed":357006,"internal_node_id":"0.0-9.0-0.14"},{"rt":14845,"url":"../static/nodeGraphs_normal.html","edge":"6to8","edgeRT":"1388","skip":"false","flipped":"FALSE","index":"15","edgeClickLog":"[{\"edgeSelection\":\"6to8\",\"edgeRTMS\":1388}]","trial_id":"test_0","congruency":"I","trial_group":"15to20","condition":"normal","inference_edge":[],"inference_edgeClickLog":[],"task":"experiment","subjectId":"v36w3duoxl0ku98","trial_type":"external-html","trial_index":23,"time_elapsed":372402,"internal_node_id":"0.0-9.0-0.15"},{"rt":6224,"url":"../static/nodeGraphs_normal.html","edge":"3to6","edgeRT":"2685","skip":"false","flipped":"FALSE","index":"16","edgeClickLog":"[{\"edgeSelection\":\"3to6\",\"edgeRTMS\":2685}]","trial_id":"test_1","congruency":"I","trial_group":"15to20","condition":"normal","inference_edge":[],"inference_edgeClickLog":[],"task":"experiment","subjectId":"v36w3duoxl0ku98","trial_type":"external-html","trial_index":24,"time_elapsed":379188,"internal_node_id":"0.0-9.0-0.16"},{"rt":3507,"url":"../static/nodeGraphs_normal.html","edge":"3to6","edgeRT":"2273","skip":"false","flipped":"FALSE","index":"17","edgeClickLog":"[{\"edgeSelection\":\"3to6\",\"edgeRTMS\":2273}]","trial_id":"test_2","congruency":"I","trial_group":"15to20","condition":"normal","inference_edge":[],"inference_edgeClickLog":[],"task":"experiment","subjectId":"v36w3duoxl0ku98","trial_type":"external-html","trial_index":25,"time_elapsed":383247,"internal_node_id":"0.0-9.0-0.17"},{"rt":4426,"url":"../static/nodeGraphs_normal.html","edge":"1to5","edgeRT":"1876","skip":"false","flipped":"FALSE","index":"18","edgeClickLog":"[{\"edgeSelection\":\"1to5\",\"edgeRTMS\":1876}]","trial_id":"test_3","congruency":"I","trial_group":"15to20","condition":"normal","inference_edge":[],"inference_edgeClickLog":[],"task":"experiment","subjectId":"v36w3duoxl0ku98","trial_type":"external-html","trial_index":26,"time_elapsed":388230,"internal_node_id":"0.0-9.0-0.18"},{"rt":2752,"url":"../static/nodeGraphs_normal.html","edge":"6to9","edgeRT":"1974","skip":"false","flipped":"FALSE","index":"19","edgeClickLog":"[{\"edgeSelection\":\"6to9\",\"edgeRTMS\":1974}]","trial_id":"test_4","congruency":"I","trial_group":"15to20","condition":"normal","inference_edge":[],"inference_edgeClickLog":[],"task":"experiment","subjectId":"v36w3duoxl0ku98","trial_type":"external-html","trial_index":27,"time_elapsed":391544,"internal_node_id":"0.0-9.0-0.19"},{"rt":84165,"response":{"P0_Q0":null,"P0_Q1":4,"P0_Q2":4,"P0_Q3":7,"P0_Q4":6,"P0_Q5":4,"strategies":"The one with the most connecting points","feedback":""},"accuracy":[],"trial_type":"survey","trial_index":28,"time_elapsed":476252,"internal_node_id":"0.0-10.0"},{"rt":46274,"stimulus":"<p>Thanks for your time!</p>        <p>We need to manually calculate your bonus pay, please give us up to 7 days.</p><p>Press any key to conclude.</p>","response":" ","task":"end","subjectId":"v36w3duoxl0ku98","trial_type":"html-keyboard-response","trial_index":29,"time_elapsed":522526,"internal_node_id":"0.0-11.0","interactions":"[{\"event\":\"fullscreenenter\",\"trial\":1,\"time\":1264},{\"event\":\"blur\",\"trial\":4,\"time\":126150},{\"event\":\"focus\",\"trial\":4,\"time\":126150},{\"event\":\"fullscreenexit\",\"trial\":4,\"time\":126153}]"}]