[{"success":true,"timeout":false,"failed_images":[],"failed_audio":[],"failed_video":[],"trial_type":"preload","trial_index":0,"time_elapsed":2876,"internal_node_id":"0.0-0.0"},{"success":true,"trial_type":"fullscreen","trial_index":1,"time_elapsed":18647,"internal_node_id":"0.0-1.0"},{"rt":2114,"stimulus":"Welcome to the experiment. Press any key to begin.","response":"k","trial_type":"html-keyboard-response","trial_index":2,"time_elapsed":20764,"internal_node_id":"0.0-2.0"},{"view_history":[{"page_index":0,"viewing_time":2187},{"page_index":1,"viewing_time":8283},{"page_index":2,"viewing_time":22883},{"page_index":3,"viewing_time":6562},{"page_index":4,"viewing_time":5925},{"page_index":5,"viewing_time":2534},{"page_index":6,"viewing_time":2875},{"page_index":7,"viewing_time":9331},{"page_index":8,"viewing_time":12364},{"page_index":9,"viewing_time":13134},{"page_index":10,"viewing_time":977},{"page_index":11,"viewing_time":826},{"page_index":12,"viewing_time":835},{"page_index":13,"viewing_time":1220},{"page_index":14,"viewing_time":1497},{"page_index":15,"viewing_time":5192},{"page_index":16,"viewing_time":1827},{"page_index":17,"viewing_time":667},{"page_index":18,"viewing_time":1308},{"page_index":19,"viewing_time":5790},{"page_index":20,"viewing_time":9310},{"page_index":21,"viewing_time":5041}],"rt":120568,"trial_type":"instructions","trial_index":3,"time_elapsed":141332,"internal_node_id":"0.0-3.0"},{"rt":56319,"url":"../static/nodeGraphsTraining_normal.html","skip":[],"edgeClickLog":[],"inference_edge":[],"inference_edgeClickLog":[],"trial_type":"external-html","trial_index":4,"time_elapsed":197934,"internal_node_id":"0.0-4.0"},{"rt":29610,"response":{"q1":"The goal is to help the student to get the most points","q2":"False","q3":"Possible paths you, as the teacher, can choose to teach the learner.","q4":"Paths that the student took before."},"question_order":[0,1,2,3],"trial_type":"survey-multi-choice","trial_index":5,"time_elapsed":227548,"internal_node_id":"0.0-5.0"},{"rt":4549,"stimulus":"<p>You can take a 60 second break before starting the experiment.</p><br><br><p>This page will advance in 60 seconds or you can press any key to advance now.</p>","response":"h","trial_type":"html-keyboard-response","trial_index":6,"time_elapsed":232098,"internal_node_id":"0.0-7.0"},{"view_history":[{"page_index":0,"viewing_time":14745}],"rt":14745,"trial_type":"instructions","trial_index":7,"time_elapsed":246843,"internal_node_id":"0.0-8.0"},{"rt":13892,"url":"../static/nodeGraphs_normal.html","edge":"6to8","edgeRT":"12247","skip":"false","flipped":"FALSE","index":"0","edgeClickLog":"[{\"edgeSelection\":\"6to8\",\"edgeRTMS\":12247}]","trial_id":"incong_0","congruency":"I","trial_group":"1to5","condition":"normal","inference_edge":[],"inference_edgeClickLog":[],"task":"experiment","subjectId":"g86fvl8h5hddr2n","trial_type":"external-html","trial_index":8,"time_elapsed":260970,"internal_node_id":"0.0-9.0-0.0"},{"rt":10459,"url":"../static/nodeGraphs_normal.html","edge":"3to6","edgeRT":"10040","skip":"false","flipped":"FALSE","index":"1","edgeClickLog":"[{\"edgeSelection\":\"3to6\",\"edgeRTMS\":9221},{\"edgeSelection\":\"3to6\",\"edgeRTMS\":10040}]","trial_id":"incong_5","congruency":"I","trial_group":"1to5","condition":"normal","inference_edge":[],"inference_edgeClickLog":[],"task":"experiment","subjectId":"g86fvl8h5hddr2n","trial_type":"external-html","trial_index":9,"time_elapsed":272178,"internal_node_id":"0.0-9.0-0.1"},{"rt":14372,"url":"../static/nodeGraphs_normal.html","edge":"5to7","edgeRT":"13385","skip":"false","flipped":"FALSE","index":"2","edgeClickLog":"[{\"edgeSelection\":\"5to7\",\"edgeRTMS\":13385}]","trial_id":"incong_3","congruency":"I","trial_group":"1to5","condition":"normal","inference_edge":[],"inference_edgeClickLog":[],"task":"experiment","subjectId":"g86fvl8h5hddr2n","trial_type":"external-html","trial_index":10,"time_elapsed":287289,"internal_node_id":"0.0-9.0-0.2"},{"rt":7137,"url":"../static/nodeGraphs_normal.html","edge":"5to8","edgeRT":"7086","skip":"false","flipped":"FALSE","index":"3","edgeClickLog":"[{\"edgeSelection\":\"5to8\",\"edgeRTMS\":7086}]","trial_id":"incong_10","congruency":"I","trial_group":"1to5","condition":"normal","inference_edge":[],"inference_edgeClickLog":[],"task":"experiment","subjectId":"g86fvl8h5hddr2n","trial_type":"external-html","trial_index":11,"time_elapsed":295167,"internal_node_id":"0.0-9.0-0.3"},{"rt":7545,"url":"../static/nodeGraphs_normal.html","edge":"3to6","edgeRT":"7511","skip":"false","flipped":"FALSE","index":"4","edgeClickLog":"[{\"edgeSelection\":\"3to6\",\"edgeRTMS\":7511}]","trial_id":"incong_2","congruency":"I","trial_group":"1to5","condition":"normal","inference_edge":[],"inference_edgeClickLog":[],"task":"experiment","subjectId":"g86fvl8h5hddr2n","trial_type":"external-html","trial_index":12,"time_elapsed":303455,"internal_node_id":"0.0-9.0-0.4"},{"rt":15483,"url":"../static/nodeGraphs_normal.html","edge":"4to8","edgeRT":"14747","skip":"false","flipped":"TRUE","index":"5","edgeClickLog":"[{\"edgeSelection\":\"3to6\",\"edgeRTMS\":10100},{\"edgeSelection\":\"4to8\",\"edgeRTMS\":14747}]","trial_id":"incong_0_flipped","congruency":"I","trial_group":"5to10","condition":"normal","inference_edge":[],"inference_edgeClickLog":[],"task":"experiment","subjectId":"g86fvl8h5hddr2n","trial_type":"external-html","trial_index":13,"time_elapsed":319680,"internal_node_id":"0.0-9.0-0.5"},{"rt":5624,"url":"../static/nodeGraphs_normal.html","edge":"5to8","edgeRT":"5408","skip":"false","flipped":"TRUE","index":"6","edgeClickLog":"[{\"edgeSelection\":\"5to8\",\"edgeRTMS\":5408}]","trial_id":"incong_5_flipped","congruency":"I","trial_group":"5to10","condition":"normal","inference_edge":[],"inference_edgeClickLog":[],"task":"experiment","subjectId":"g86fvl8h5hddr2n","trial_type":"external-html","trial_index":14,"time_elapsed":326044,"internal_node_id":"0.0-9.0-0.6"},{"rt":6916,"url":"../static/nodeGraphs_normal.html","edge":"5to9","edgeRT":"6886","skip":"false","flipped":"TRUE","index":"7","edgeClickLog":"[{\"edgeSelection\":\"5to9\",\"edgeRTMS\":6886}]","trial_id":"incong_3_flipped","congruency":"I","trial_group":"5to10","condition":"normal","inference_edge":[],"inference_edgeClickLog":[],"task":"experiment","subjectId":"g86fvl8h5hddr2n","trial_type":"external-html","trial_index":15,"time_elapsed":333716,"internal_node_id":"0.0-9.0-0.7"},{"rt":4516,"url":"../static/nodeGraphs_normal.html","edge":"5to8","edgeRT":"4177","skip":"false","flipped":"TRUE","index":"8","edgeClickLog":"[{\"edgeSelection\":\"5to8\",\"edgeRTMS\":4177}]","trial_id":"incong_10_flipped","congruency":"I","trial_group":"5to10","condition":"normal","inference_edge":[],"inference_edgeClickLog":[],"task":"experiment","subjectId":"g86fvl8h5hddr2n","trial_type":"external-html","trial_index":16,"time_elapsed":338970,"internal_node_id":"0.0-9.0-0.8"},{"rt":15800,"url":"../static/nodeGraphs_normal.html","edge":"0to2","edgeRT":"15416","skip":"false","flipped":"TRUE","index":"9","edgeClickLog":"[{\"edgeSelection\":\"0to2\",\"edgeRTMS\":15416}]","trial_id":"incong_2_flipped","congruency":"I","trial_group":"5to10","condition":"normal","inference_edge":[],"inference_edgeClickLog":[],"task":"experiment","subjectId":"g86fvl8h5hddr2n","trial_type":"external-html","trial_index":17,"time_elapsed":355518,"internal_node_id":"0.0-9.0-0.9"},{"rt":5042,"url":"../static/nodeGraphs_normal.html","edge":"6to8","edgeRT":"5112","skip":"false","flipped":"FALSE","index":"10","edgeClickLog":"[{\"edgeSelection\":\"6to8\",\"edgeRTMS\":5112}]","trial_id":"incong_0","congruency":"I","trial_group":"10to15","condition":"normal","inference_edge":[],"inference_edgeClickLog":[],"task":"experiment","subjectId":"g86fvl8h5hddr2n","trial_type":"external-html","trial_index":18,"time_elapsed":361303,"internal_node_id":"0.0-9.0-0.10"},{"rt":5714,"url":"../static/nodeGraphs_normal.html","edge":"3to6","edgeRT":"5472","skip":"false","flipped":"FALSE","index":"11","edgeClickLog":"[{\"edgeSelection\":\"3to6\",\"edgeRTMS\":5032},{\"edgeSelection\":\"3to6\",\"edgeRTMS\":5472}]","trial_id":"incong_5","congruency":"I","trial_group":"10to15","condition":"normal","inference_edge":[],"inference_edgeClickLog":[],"task":"experiment","subjectId":"g86fvl8h5hddr2n","trial_type":"external-html","trial_index":19,"time_elapsed":367763,"internal_node_id":"0.0-9.0-0.11"},{"rt":5121,"url":"../static/nodeGraphs_normal.html","edge":"5to7","edgeRT":"5165","skip":"false","flipped":"FALSE","index":"12","edgeClickLog":"[{\"edgeSelection\":\"5to7\",\"edgeRTMS\":4734},{\"edgeSelection\":\"5to7\",\"edgeRTMS\":5165}]","trial_id":"incong_3","congruency":"I","trial_group":"10to15","condition":"normal","inference_edge":[],"inference_edgeClickLog":[],"task":"experiment","subjectId":"g86fvl8h5hddr2n","trial_type":"external-html","trial_index":20,"time_elapsed":373632,"internal_node_id":"0.0-9.0-0.12"},{"rt":2632,"url":"../static/nodeGraphs_normal.html","edge":"5to8","edgeRT":"2761","skip":"false","flipped":"FALSE","index":"13","edgeClickLog":"[{\"edgeSelection\":\"5to8\",\"edgeRTMS\":2761}]","trial_id":"incong_10","congruency":"I","trial_group":"10to15","condition":"normal","inference_edge":[],"inference_edgeClickLog":[],"task":"experiment","subjectId":"g86fvl8h5hddr2n","trial_type":"external-html","trial_index":21,"time_elapsed":377005,"internal_node_id":"0.0-9.0-0.13"},{"rt":4652,"url":"../static/nodeGraphs_normal.html","edge":"3to6","edgeRT":"4071","skip":"false","flipped":"FALSE","index":"14","edgeClickLog":"[{\"edgeSelection\":\"3to6\",\"edgeRTMS\":4071}]","trial_id":"incong_2","congruency":"I","trial_group":"10to15","condition":"normal","inference_edge":[],"inference_edgeClickLog":[],"task":"experiment","subjectId":"g86fvl8h5hddr2n","trial_type":"external-html","trial_index":22,"time_elapsed":382408,"internal_node_id":"0.0-9.0-0.14"},{"rt":6771,"url":"../static/nodeGraphs_normal.html","edge":"5to8","edgeRT":"2821","skip":"false","flipped":"FALSE","index":"15","edgeClickLog":"[{\"edgeSelection\":\"5to8\",\"edgeRTMS\":2821}]","trial_id":"test_0","congruency":"I","trial_group":"15to20","condition":"normal","inference_edge":[],"inference_edgeClickLog":[],"task":"experiment","subjectId":"g86fvl8h5hddr2n","trial_type":"external-html","trial_index":23,"time_elapsed":389932,"internal_node_id":"0.0-9.0-0.15"},{"rt":4067,"url":"../static/nodeGraphs_normal.html","edge":"4to7","edgeRT":"4133","skip":"false","flipped":"FALSE","index":"16","edgeClickLog":"[{\"edgeSelection\":\"4to7\",\"edgeRTMS\":4133}]","trial_id":"test_1","congruency":"I","trial_group":"15to20","condition":"normal","inference_edge":[],"inference_edgeClickLog":[],"task":"experiment","subjectId":"g86fvl8h5hddr2n","trial_type":"external-html","trial_index":24,"time_elapsed":394737,"internal_node_id":"0.0-9.0-0.16"},{"rt":4865,"url":"../static/nodeGraphs_normal.html","edge":"6to8","edgeRT":"4516","skip":"false","flipped":"FALSE","index":"17","edgeClickLog":"[{\"edgeSelection\":\"6to8\",\"edgeRTMS\":4516}]","trial_id":"test_2","congruency":"I","trial_group":"15to20","condition":"normal","inference_edge":[],"inference_edgeClickLog":[],"task":"experiment","subjectId":"g86fvl8h5hddr2n","trial_type":"external-html","trial_index":25,"time_elapsed":400345,"internal_node_id":"0.0-9.0-0.17"},{"rt":9923,"url":"../static/nodeGraphs_normal.html","edge":"5to7","edgeRT":"2988","skip":"false","flipped":"FALSE","index":"18","edgeClickLog":"[{\"edgeSelection\":\"5to7\",\"edgeRTMS\":2988}]","trial_id":"test_3","congruency":"I","trial_group":"15to20","condition":"normal","inference_edge":[],"inference_edgeClickLog":[],"task":"experiment","subjectId":"g86fvl8h5hddr2n","trial_type":"external-html","trial_index":26,"time_elapsed":411008,"internal_node_id":"0.0-9.0-0.18"},{"rt":11004,"url":"../static/nodeGraphs_normal.html","edge":"6to9","edgeRT":"10411","skip":"false","flipped":"FALSE","index":"19","edgeClickLog":"[{\"edgeSelection\":\"6to9\",\"edgeRTMS\":10411}]","trial_id":"test_4","congruency":"I","trial_group":"15to20","condition":"normal","inference_edge":[],"inference_edgeClickLog":[],"task":"experiment","subjectId":"g86fvl8h5hddr2n","trial_type":"external-html","trial_index":27,"time_elapsed":422747,"internal_node_id":"0.0-9.0-0.19"},{"rt":48270,"response":{"P0_Q0":null,"P0_Q1":2,"P0_Q2":6,"P0_Q3":7,"P0_Q4":7,"P0_Q5":2,"strategies":"I chose to provide them with a higher point option at some point in their route. I always tried to make sure my recommendation was based off the path they were already on.","feedback":""},"accuracy":[],"trial_type":"survey","trial_index":28,"time_elapsed":471556,"internal_node_id":"0.0-10.0"},{"rt":2844,"stimulus":"<p>Thanks for your time!</p>        <p>We need to manually calculate your bonus pay, please give us up to 7 days.</p><p>Press any key to conclude.</p>","response":"d","task":"end","subjectId":"g86fvl8h5hddr2n","trial_type":"html-keyboard-response","trial_index":29,"time_elapsed":474401,"internal_node_id":"0.0-11.0","interactions":"[{\"event\":\"blur\",\"trial\":1,\"time\":5730},{\"event\":\"focus\",\"trial\":1,\"time\":16240},{\"event\":\"fullscreenenter\",\"trial\":1,\"time\":17852}]"}]