[{"success":true,"timeout":false,"failed_images":[],"failed_audio":[],"failed_video":[],"trial_type":"preload","trial_index":0,"time_elapsed":174,"internal_node_id":"0.0-0.0"},{"success":true,"trial_type":"fullscreen","trial_index":1,"time_elapsed":2917,"internal_node_id":"0.0-1.0"},{"rt":2041,"stimulus":"Welcome to the experiment. Press any key to begin.","response":" ","trial_type":"html-keyboard-response","trial_index":2,"time_elapsed":4958,"internal_node_id":"0.0-2.0"},{"view_history":[{"page_index":0,"viewing_time":3783},{"page_index":1,"viewing_time":6439},{"page_index":2,"viewing_time":32005},{"page_index":3,"viewing_time":5887},{"page_index":2,"viewing_time":12947},{"page_index":3,"viewing_time":448},{"page_index":4,"viewing_time":768},{"page_index":5,"viewing_time":488},{"page_index":6,"viewing_time":2240},{"page_index":7,"viewing_time":7747},{"page_index":8,"viewing_time":27649},{"page_index":9,"viewing_time":8803},{"page_index":10,"viewing_time":2463},{"page_index":11,"viewing_time":272},{"page_index":12,"viewing_time":264},{"page_index":13,"viewing_time":1592},{"page_index":14,"viewing_time":3104},{"page_index":15,"viewing_time":4200},{"page_index":16,"viewing_time":2080},{"page_index":17,"viewing_time":384},{"page_index":18,"viewing_time":620},{"page_index":19,"viewing_time":7455},{"page_index":20,"viewing_time":6168},{"page_index":21,"viewing_time":5027}],"rt":142834,"trial_type":"instructions","trial_index":3,"time_elapsed":147792,"internal_node_id":"0.0-3.0"},{"rt":299242,"url":"../static/nodeGraphsTraining_scaffolding.html","skip":[],"edgeClickLog":[],"inference_edge":[],"inference_edgeClickLog":[],"trial_type":"external-html","trial_index":4,"time_elapsed":447169,"internal_node_id":"0.0-4.0"},{"rt":38779,"response":{"q1":"The goal is to help the student to get the most points.","q2":"False","q3":"Possible edges you, as the teacher, can choose to teach the learner.","q4":"Edges that the student took before."},"question_order":[0,1,2,3],"trial_type":"survey-multi-choice","trial_index":5,"time_elapsed":485949,"internal_node_id":"0.0-5.0"},{"rt":4996,"stimulus":"<p>You can take a 60 second break before starting the experiment.</p><br><br><p>This page will advance in 60 seconds or you can press any key to advance now.</p>","response":" ","trial_type":"html-keyboard-response","trial_index":6,"time_elapsed":490946,"internal_node_id":"0.0-7.0"},{"view_history":[{"page_index":0,"viewing_time":17959}],"rt":17959,"trial_type":"instructions","trial_index":7,"time_elapsed":508906,"internal_node_id":"0.0-8.0"},{"rt":46982,"url":"../static/nodeGraphs_scaffolding.html","edge":"5to7","edgeRT":"20445","skip":"false","flipped":"FALSE","index":"0","edgeClickLog":"[{\"edgeSelection\":\"5to7\",\"edgeRTMS\":19837},{\"edgeSelection\":\"5to7\",\"edgeRTMS\":20445}]","trial_id":"cong_0","congruency":"C","trial_group":"1to5","condition":"scaffolding","inference_edge":"1to4,4to7,5to8","inference_edgeClickLog":"[{\"edgeSelection\":\"1to4\",\"edgeRTMS\":10055},{\"edgeSelection\":\"4to7\",\"edgeRTMS\":19075},{\"edgeSelection\":\"5to8\",\"edgeRTMS\":22055}]","inference_edgeRT":"22055","inference_edge_last":"5to8","task":"experiment","subjectId":"rylyye5sylvf4uv","trial_type":"external-html","trial_index":8,"time_elapsed":556032,"internal_node_id":"0.0-9.0-0.0"},{"rt":31957,"url":"../static/nodeGraphs_scaffolding.html","edge":"2to6","edgeRT":"8001","skip":"false","flipped":"FALSE","index":"1","edgeClickLog":"[{\"edgeSelection\":\"2to6\",\"edgeRTMS\":8001}]","trial_id":"cong_1","congruency":"C","trial_group":"1to5","condition":"scaffolding","inference_edge":"2to6,2to4,4to7","inference_edgeClickLog":"[{\"edgeSelection\":\"2to6\",\"edgeRTMS\":8311},{\"edgeSelection\":\"2to4\",\"edgeRTMS\":15845},{\"edgeSelection\":\"4to7\",\"edgeRTMS\":21639}]","inference_edgeRT":"21639","inference_edge_last":"4to7","task":"experiment","subjectId":"rylyye5sylvf4uv","trial_type":"external-html","trial_index":9,"time_elapsed":588631,"internal_node_id":"0.0-9.0-0.1"},{"rt":26735,"url":"../static/nodeGraphs_scaffolding.html","edge":"2to5","edgeRT":"8720","skip":"false","flipped":"FALSE","index":"2","edgeClickLog":"[{\"edgeSelection\":\"2to5\",\"edgeRTMS\":8720}]","trial_id":"cong_6","congruency":"C","trial_group":"1to5","condition":"scaffolding","inference_edge":"2to5,4to7,5to9","inference_edgeClickLog":"[{\"edgeSelection\":\"2to5\",\"edgeRTMS\":5972},{\"edgeSelection\":\"4to7\",\"edgeRTMS\":9916},{\"edgeSelection\":\"5to9\",\"edgeRTMS\":13412}]","inference_edgeRT":"13412","inference_edge_last":"5to9","task":"experiment","subjectId":"rylyye5sylvf4uv","trial_type":"external-html","trial_index":10,"time_elapsed":616032,"internal_node_id":"0.0-9.0-0.2"},{"rt":28376,"url":"../static/nodeGraphs_scaffolding.html","edge":"5to8","edgeRT":"5553","skip":"false","flipped":"FALSE","index":"3","edgeClickLog":"[{\"edgeSelection\":\"5to8\",\"edgeRTMS\":3975},{\"edgeSelection\":\"5to8\",\"edgeRTMS\":5553}]","trial_id":"cong_4","congruency":"C","trial_group":"1to5","condition":"scaffolding","inference_edge":"2to4,5to8,2to6","inference_edgeClickLog":"[{\"edgeSelection\":\"2to4\",\"edgeRTMS\":6344},{\"edgeSelection\":\"5to8\",\"edgeRTMS\":13949},{\"edgeSelection\":\"2to6\",\"edgeRTMS\":18251}]","inference_edgeRT":"18251","inference_edge_last":"2to6","task":"experiment","subjectId":"rylyye5sylvf4uv","trial_type":"external-html","trial_index":11,"time_elapsed":645055,"internal_node_id":"0.0-9.0-0.3"},{"rt":64787,"url":"../static/nodeGraphs_scaffolding.html","edge":"0to3","edgeRT":"26671","skip":"false","flipped":"FALSE","index":"4","edgeClickLog":"[{\"edgeSelection\":\"2to5\",\"edgeRTMS\":9164},{\"edgeSelection\":\"6to8\",\"edgeRTMS\":16385},{\"edgeSelection\":\"6to8\",\"edgeRTMS\":19166},{\"edgeSelection\":\"6to8\",\"edgeRTMS\":20525},{\"edgeSelection\":\"0to3\",\"edgeRTMS\":26671}]","trial_id":"cong_9","congruency":"C","trial_group":"1to5","condition":"scaffolding","inference_edge":"2to5,0to3,2to4","inference_edgeClickLog":"[{\"edgeSelection\":\"2to5\",\"edgeRTMS\":7651},{\"edgeSelection\":\"0to3\",\"edgeRTMS\":12242},{\"edgeSelection\":\"5to9\",\"edgeRTMS\":27168},{\"edgeSelection\":\"5to9\",\"edgeRTMS\":30403},{\"edgeSelection\":\"2to4\",\"edgeRTMS\":36296}]","inference_edgeRT":"36296","inference_edge_last":"2to4","task":"experiment","subjectId":"rylyye5sylvf4uv","trial_type":"external-html","trial_index":12,"time_elapsed":710489,"internal_node_id":"0.0-9.0-0.4"},{"rt":69836,"url":"../static/nodeGraphs_scaffolding.html","edge":"0to2","edgeRT":"12687","skip":"false","flipped":"TRUE","index":"5","edgeClickLog":"[{\"edgeSelection\":\"3to6\",\"edgeRTMS\":4053},{\"edgeSelection\":\"3to6\",\"edgeRTMS\":5125},{\"edgeSelection\":\"3to6\",\"edgeRTMS\":6363},{\"edgeSelection\":\"3to6\",\"edgeRTMS\":6705},{\"edgeSelection\":\"3to6\",\"edgeRTMS\":7104},{\"edgeSelection\":\"0to2\",\"edgeRTMS\":12687}]","trial_id":"cong_0_flipped","congruency":"C","trial_group":"5to10","condition":"scaffolding","inference_edge":"0to2,2to6,5to8","inference_edgeClickLog":"[{\"edgeSelection\":\"0to2\",\"edgeRTMS\":26863},{\"edgeSelection\":\"2to6\",\"edgeRTMS\":28384},{\"edgeSelection\":\"2to5\",\"edgeRTMS\":42299},{\"edgeSelection\":\"2to5\",\"edgeRTMS\":44380},{\"edgeSelection\":\"5to8\",\"edgeRTMS\":55400}]","inference_edgeRT":"55400","inference_edge_last":"5to8","task":"experiment","subjectId":"rylyye5sylvf4uv","trial_type":"external-html","trial_index":13,"time_elapsed":780964,"internal_node_id":"0.0-9.0-0.5"},{"rt":46701,"url":"../static/nodeGraphs_scaffolding.html","edge":"2to4","edgeRT":"3593","skip":"false","flipped":"TRUE","index":"6","edgeClickLog":"[{\"edgeSelection\":\"2to4\",\"edgeRTMS\":3593}]","trial_id":"cong_1_flipped","congruency":"C","trial_group":"5to10","condition":"scaffolding","inference_edge":"2to4,4to7,0to1","inference_edgeClickLog":"[{\"edgeSelection\":\"2to4\",\"edgeRTMS\":11129},{\"edgeSelection\":\"2to6\",\"edgeRTMS\":14713},{\"edgeSelection\":\"2to6\",\"edgeRTMS\":26186},{\"edgeSelection\":\"4to7\",\"edgeRTMS\":30458},{\"edgeSelection\":\"0to1\",\"edgeRTMS\":40117},{\"edgeSelection\":\"0to1\",\"edgeRTMS\":40392},{\"edgeSelection\":\"0to1\",\"edgeRTMS\":40970}]","inference_edgeRT":"40970","inference_edge_last":"0to1","task":"experiment","subjectId":"rylyye5sylvf4uv","trial_type":"external-html","trial_index":14,"time_elapsed":828309,"internal_node_id":"0.0-9.0-0.6"},{"rt":24159,"url":"../static/nodeGraphs_scaffolding.html","edge":"2to5","edgeRT":"2235","skip":"false","flipped":"TRUE","index":"7","edgeClickLog":"[{\"edgeSelection\":\"2to5\",\"edgeRTMS\":2235}]","trial_id":"cong_6_flipped","congruency":"C","trial_group":"5to10","condition":"scaffolding","inference_edge":"2to5,5to9,0to3","inference_edgeClickLog":"[{\"edgeSelection\":\"2to5\",\"edgeRTMS\":7172},{\"edgeSelection\":\"5to9\",\"edgeRTMS\":10509},{\"edgeSelection\":\"6to9\",\"edgeRTMS\":12945},{\"edgeSelection\":\"6to9\",\"edgeRTMS\":14807},{\"edgeSelection\":\"0to3\",\"edgeRTMS\":18988}]","inference_edgeRT":"18988","inference_edge_last":"0to3","task":"experiment","subjectId":"rylyye5sylvf4uv","trial_type":"external-html","trial_index":15,"time_elapsed":853105,"internal_node_id":"0.0-9.0-0.7"},{"rt":30988,"url":"../static/nodeGraphs_scaffolding.html","edge":"2to6","edgeRT":"1020","skip":"false","flipped":"TRUE","index":"8","edgeClickLog":"[{\"edgeSelection\":\"2to6\",\"edgeRTMS\":1020}]","trial_id":"cong_4_flipped","congruency":"C","trial_group":"5to10","condition":"scaffolding","inference_edge":"2to6,6to8,2to4","inference_edgeClickLog":"[{\"edgeSelection\":\"2to6\",\"edgeRTMS\":5152},{\"edgeSelection\":\"6to8\",\"edgeRTMS\":8604},{\"edgeSelection\":\"5to8\",\"edgeRTMS\":23359},{\"edgeSelection\":\"5to8\",\"edgeRTMS\":26461},{\"edgeSelection\":\"2to4\",\"edgeRTMS\":29101}]","inference_edgeRT":"29101","inference_edge_last":"2to4","task":"experiment","subjectId":"rylyye5sylvf4uv","trial_type":"external-html","trial_index":16,"time_elapsed":884734,"internal_node_id":"0.0-9.0-0.8"},{"rt":21744,"url":"../static/nodeGraphs_scaffolding.html","edge":"2to5","edgeRT":"844","skip":"false","flipped":"TRUE","index":"9","edgeClickLog":"[{\"edgeSelection\":\"2to5\",\"edgeRTMS\":844}]","trial_id":"cong_9_flipped","congruency":"C","trial_group":"5to10","condition":"scaffolding","inference_edge":"2to5,5to7,0to1","inference_edgeClickLog":"[{\"edgeSelection\":\"2to5\",\"edgeRTMS\":3588},{\"edgeSelection\":\"5to7\",\"edgeRTMS\":4547},{\"edgeSelection\":\"0to1\",\"edgeRTMS\":16701}]","inference_edgeRT":"16701","inference_edge_last":"0to1","task":"experiment","subjectId":"rylyye5sylvf4uv","trial_type":"external-html","trial_index":17,"time_elapsed":907119,"internal_node_id":"0.0-9.0-0.9"},{"rt":17233,"url":"../static/nodeGraphs_scaffolding.html","edge":"1to4","edgeRT":"1889","skip":"false","flipped":"FALSE","index":"10","edgeClickLog":"[{\"edgeSelection\":\"1to4\",\"edgeRTMS\":1889}]","trial_id":"cong_0","congruency":"C","trial_group":"10to15","condition":"scaffolding","inference_edge":"1to4,0to2,2to4","inference_edgeClickLog":"[{\"edgeSelection\":\"1to4\",\"edgeRTMS\":4792},{\"edgeSelection\":\"0to2\",\"edgeRTMS\":9293},{\"edgeSelection\":\"2to4\",\"edgeRTMS\":10162}]","inference_edgeRT":"10162","inference_edge_last":"2to4","task":"experiment","subjectId":"rylyye5sylvf4uv","trial_type":"external-html","trial_index":18,"time_elapsed":924993,"internal_node_id":"0.0-9.0-0.10"},{"rt":18706,"url":"../static/nodeGraphs_scaffolding.html","edge":"2to6","edgeRT":"2047","skip":"false","flipped":"FALSE","index":"11","edgeClickLog":"[{\"edgeSelection\":\"2to6\",\"edgeRTMS\":2047}]","trial_id":"cong_1","congruency":"C","trial_group":"10to15","condition":"scaffolding","inference_edge":"2to6,6to9,0to3","inference_edgeClickLog":"[{\"edgeSelection\":\"2to6\",\"edgeRTMS\":6070},{\"edgeSelection\":\"6to9\",\"edgeRTMS\":11057},{\"edgeSelection\":\"0to3\",\"edgeRTMS\":13424}]","inference_edgeRT":"13424","inference_edge_last":"0to3","task":"experiment","subjectId":"rylyye5sylvf4uv","trial_type":"external-html","trial_index":19,"time_elapsed":944338,"internal_node_id":"0.0-9.0-0.11"},{"rt":17693,"url":"../static/nodeGraphs_scaffolding.html","edge":"2to5","edgeRT":"608","skip":"false","flipped":"FALSE","index":"12","edgeClickLog":"[{\"edgeSelection\":\"2to5\",\"edgeRTMS\":608}]","trial_id":"cong_6","congruency":"C","trial_group":"10to15","condition":"scaffolding","inference_edge":"2to5,5to9,0to1","inference_edgeClickLog":"[{\"edgeSelection\":\"2to5\",\"edgeRTMS\":8529},{\"edgeSelection\":\"5to9\",\"edgeRTMS\":11771},{\"edgeSelection\":\"0to1\",\"edgeRTMS\":14556}]","inference_edgeRT":"14556","inference_edge_last":"0to1","task":"experiment","subjectId":"rylyye5sylvf4uv","trial_type":"external-html","trial_index":20,"time_elapsed":962669,"internal_node_id":"0.0-9.0-0.12"},{"rt":24881,"url":"../static/nodeGraphs_scaffolding.html","edge":"2to4","edgeRT":"973","skip":"false","flipped":"FALSE","index":"13","edgeClickLog":"[{\"edgeSelection\":\"2to4\",\"edgeRTMS\":973}]","trial_id":"cong_4","congruency":"C","trial_group":"10to15","condition":"scaffolding","inference_edge":"2to4,2to6,4to8","inference_edgeClickLog":"[{\"edgeSelection\":\"2to4\",\"edgeRTMS\":6097},{\"edgeSelection\":\"2to6\",\"edgeRTMS\":9781},{\"edgeSelection\":\"4to8\",\"edgeRTMS\":19863}]","inference_edgeRT":"19863","inference_edge_last":"4to8","task":"experiment","subjectId":"rylyye5sylvf4uv","trial_type":"external-html","trial_index":21,"time_elapsed":988193,"internal_node_id":"0.0-9.0-0.13"},{"rt":24238,"url":"../static/nodeGraphs_scaffolding.html","edge":"2to5","edgeRT":"1418","skip":"false","flipped":"FALSE","index":"14","edgeClickLog":"[{\"edgeSelection\":\"2to5\",\"edgeRTMS\":1418}]","trial_id":"cong_9","congruency":"C","trial_group":"10to15","condition":"scaffolding","inference_edge":"2to5,5to8,0to3","inference_edgeClickLog":"[{\"edgeSelection\":\"2to5\",\"edgeRTMS\":8614},{\"edgeSelection\":\"5to8\",\"edgeRTMS\":11779},{\"edgeSelection\":\"0to3\",\"edgeRTMS\":14269}]","inference_edgeRT":"14269","inference_edge_last":"0to3","task":"experiment","subjectId":"rylyye5sylvf4uv","trial_type":"external-html","trial_index":22,"time_elapsed":1013073,"internal_node_id":"0.0-9.0-0.14"},{"rt":24577,"url":"../static/nodeGraphs_scaffolding.html","edge":"5to8","edgeRT":"7610","skip":"false","flipped":"FALSE","index":"15","edgeClickLog":"[{\"edgeSelection\":\"5to8\",\"edgeRTMS\":7610}]","trial_id":"test_0","congruency":"I","trial_group":"15to20","condition":"scaffolding","inference_edge":"2to5,5to8,0to3","inference_edgeClickLog":"[{\"edgeSelection\":\"2to5\",\"edgeRTMS\":8614},{\"edgeSelection\":\"5to8\",\"edgeRTMS\":11779},{\"edgeSelection\":\"0to3\",\"edgeRTMS\":14269}]","inference_edgeRT":"14269","inference_edge_last":"","task":"experiment","subjectId":"rylyye5sylvf4uv","trial_type":"external-html","trial_index":23,"time_elapsed":1038286,"internal_node_id":"0.0-9.0-0.15"},{"rt":16057,"url":"../static/nodeGraphs_scaffolding.html","edge":"0to1","edgeRT":"11048","skip":"false","flipped":"FALSE","index":"16","edgeClickLog":"[{\"edgeSelection\":\"0to1\",\"edgeRTMS\":11048}]","trial_id":"test_1","congruency":"I","trial_group":"15to20","condition":"scaffolding","inference_edge":"2to5,5to8,0to3","inference_edgeClickLog":"[{\"edgeSelection\":\"2to5\",\"edgeRTMS\":8614},{\"edgeSelection\":\"5to8\",\"edgeRTMS\":11779},{\"edgeSelection\":\"0to3\",\"edgeRTMS\":14269}]","inference_edgeRT":"14269","inference_edge_last":"","task":"experiment","subjectId":"rylyye5sylvf4uv","trial_type":"external-html","trial_index":24,"time_elapsed":1054986,"internal_node_id":"0.0-9.0-0.16"},{"rt":14755,"url":"../static/nodeGraphs_scaffolding.html","edge":"2to4","edgeRT":"10780","skip":"false","flipped":"FALSE","index":"17","edgeClickLog":"[{\"edgeSelection\":\"2to4\",\"edgeRTMS\":10780}]","trial_id":"test_2","congruency":"I","trial_group":"15to20","condition":"scaffolding","inference_edge":"2to5,5to8,0to3","inference_edgeClickLog":"[{\"edgeSelection\":\"2to5\",\"edgeRTMS\":8614},{\"edgeSelection\":\"5to8\",\"edgeRTMS\":11779},{\"edgeSelection\":\"0to3\",\"edgeRTMS\":14269}]","inference_edgeRT":"14269","inference_edge_last":"","task":"experiment","subjectId":"rylyye5sylvf4uv","trial_type":"external-html","trial_index":25,"time_elapsed":1070386,"internal_node_id":"0.0-9.0-0.17"},{"rt":14541,"url":"../static/nodeGraphs_scaffolding.html","edge":"0to1","edgeRT":"7624","skip":"false","flipped":"FALSE","index":"18","edgeClickLog":"[{\"edgeSelection\":\"0to1\",\"edgeRTMS\":7624}]","trial_id":"test_3","congruency":"I","trial_group":"15to20","condition":"scaffolding","inference_edge":"2to5,5to8,0to3","inference_edgeClickLog":"[{\"edgeSelection\":\"2to5\",\"edgeRTMS\":8614},{\"edgeSelection\":\"5to8\",\"edgeRTMS\":11779},{\"edgeSelection\":\"0to3\",\"edgeRTMS\":14269}]","inference_edgeRT":"14269","inference_edge_last":"","task":"experiment","subjectId":"rylyye5sylvf4uv","trial_type":"external-html","trial_index":26,"time_elapsed":1085566,"internal_node_id":"0.0-9.0-0.18"},{"rt":22419,"url":"../static/nodeGraphs_scaffolding.html","edge":"4to7","edgeRT":"20345","skip":"false","flipped":"FALSE","index":"19","edgeClickLog":"[{\"edgeSelection\":\"4to7\",\"edgeRTMS\":20345}]","trial_id":"test_4","congruency":"I","trial_group":"15to20","condition":"scaffolding","inference_edge":"2to5,5to8,0to3","inference_edgeClickLog":"[{\"edgeSelection\":\"2to5\",\"edgeRTMS\":8614},{\"edgeSelection\":\"5to8\",\"edgeRTMS\":11779},{\"edgeSelection\":\"0to3\",\"edgeRTMS\":14269}]","inference_edgeRT":"14269","inference_edge_last":"","task":"experiment","subjectId":"rylyye5sylvf4uv","trial_type":"external-html","trial_index":27,"time_elapsed":1108623,"internal_node_id":"0.0-9.0-0.19"},{"rt":74234,"response":{"P0_Q0":null,"P0_Q1":3,"P0_Q2":7,"P0_Q3":4,"P0_Q4":3,"P0_Q5":1,"strategies":"I added up the total amount of points the student got with their path, then tried to choose the better based on that.","feedback":"None, thanks."},"accuracy":[],"trial_type":"survey","trial_index":28,"time_elapsed":1183390,"internal_node_id":"0.0-10.0"},{"rt":3367,"stimulus":"<p>Thanks for your time!</p>        <p>We need to manually calculate your bonus pay, please give us up to 7 days.</p><p>Press any key to conclude.</p>","response":"enter","task":"end","subjectId":"rylyye5sylvf4uv","trial_type":"html-keyboard-response","trial_index":29,"time_elapsed":1186757,"internal_node_id":"0.0-11.0","interactions":"[{\"event\":\"fullscreenenter\",\"trial\":1,\"time\":1926}]"}]