[{"success":true,"timeout":false,"failed_images":[],"failed_audio":[],"failed_video":[],"trial_type":"preload","trial_index":0,"time_elapsed":299,"internal_node_id":"0.0-0.0"},{"success":true,"trial_type":"fullscreen","trial_index":1,"time_elapsed":6333,"internal_node_id":"0.0-1.0"},{"rt":1818,"stimulus":"Welcome to the experiment. Press any key to begin.","response":"arrowright","trial_type":"html-keyboard-response","trial_index":2,"time_elapsed":8154,"internal_node_id":"0.0-2.0"},{"view_history":[{"page_index":0,"viewing_time":4170},{"page_index":1,"viewing_time":4245},{"page_index":2,"viewing_time":144272},{"page_index":3,"viewing_time":18612},{"page_index":4,"viewing_time":1631},{"page_index":5,"viewing_time":958},{"page_index":6,"viewing_time":2559},{"page_index":7,"viewing_time":15281},{"page_index":8,"viewing_time":17374},{"page_index":9,"viewing_time":20534},{"page_index":10,"viewing_time":2686},{"page_index":11,"viewing_time":1573},{"page_index":12,"viewing_time":533},{"page_index":13,"viewing_time":2024},{"page_index":14,"viewing_time":5092},{"page_index":15,"viewing_time":10053},{"page_index":16,"viewing_time":6200},{"page_index":17,"viewing_time":626},{"page_index":18,"viewing_time":376},{"page_index":19,"viewing_time":2938},{"page_index":20,"viewing_time":10623},{"page_index":21,"viewing_time":6804}],"rt":279163,"trial_type":"instructions","trial_index":3,"time_elapsed":287331,"internal_node_id":"0.0-3.0"},{"rt":304092,"url":"../static/nodeGraphsTraining_scaffolding.html","skip":[],"edgeClickLog":[],"inference_edge":[],"inference_edgeClickLog":[],"trial_type":"external-html","trial_index":4,"time_elapsed":591605,"internal_node_id":"0.0-4.0"},{"rt":62291,"response":{"q1":"The goal is to help the student to get the most points.","q2":"False","q3":"Possible edges you, as the teacher, can choose to teach the learner.","q4":"Edges that the student took before."},"question_order":[0,1,2,3],"trial_type":"survey-multi-choice","trial_index":5,"time_elapsed":653903,"internal_node_id":"0.0-5.0"},{"rt":4453,"stimulus":"<p>You can take a 60 second break before starting the experiment.</p><br><br><p>This page will advance in 60 seconds or you can press any key to advance now.</p>","response":" ","trial_type":"html-keyboard-response","trial_index":6,"time_elapsed":658358,"internal_node_id":"0.0-7.0"},{"view_history":[{"page_index":0,"viewing_time":31647}],"rt":31647,"trial_type":"instructions","trial_index":7,"time_elapsed":690007,"internal_node_id":"0.0-8.0"},{"rt":64270,"url":"../static/nodeGraphs_scaffolding.html","edge":"1to4","edgeRT":"15202","skip":"false","flipped":"FALSE","index":"0","edgeClickLog":"[{\"edgeSelection\":\"1to4\",\"edgeRTMS\":15202}]","trial_id":"cong_0","congruency":"C","trial_group":"1to5","condition":"scaffolding","inference_edge":"5to8,1to4,5to7","inference_edgeClickLog":"[{\"edgeSelection\":\"5to8\",\"edgeRTMS\":7225},{\"edgeSelection\":\"1to4\",\"edgeRTMS\":16168},{\"edgeSelection\":\"2to5\",\"edgeRTMS\":34501},{\"edgeSelection\":\"2to5\",\"edgeRTMS\":40494},{\"edgeSelection\":\"5to7\",\"edgeRTMS\":42777}]","inference_edgeRT":"42777","inference_edge_last":"5to7","task":"experiment","subjectId":"8a2dxdwu38x5twa","trial_type":"external-html","trial_index":8,"time_elapsed":754381,"internal_node_id":"0.0-9.0-0.0"},{"rt":59431,"url":"../static/nodeGraphs_scaffolding.html","edge":"2to6","edgeRT":"10078","skip":"false","flipped":"FALSE","index":"1","edgeClickLog":"[{\"edgeSelection\":\"2to6\",\"edgeRTMS\":10078}]","trial_id":"cong_1","congruency":"C","trial_group":"1to5","condition":"scaffolding","inference_edge":"2to6,2to4,3to6","inference_edgeClickLog":"[{\"edgeSelection\":\"2to6\",\"edgeRTMS\":12054},{\"edgeSelection\":\"2to4\",\"edgeRTMS\":19576},{\"edgeSelection\":\"5to7\",\"edgeRTMS\":32920},{\"edgeSelection\":\"5to7\",\"edgeRTMS\":36223},{\"edgeSelection\":\"3to6\",\"edgeRTMS\":44005}]","inference_edgeRT":"44005","inference_edge_last":"3to6","task":"experiment","subjectId":"8a2dxdwu38x5twa","trial_type":"external-html","trial_index":9,"time_elapsed":814418,"internal_node_id":"0.0-9.0-0.1"},{"rt":59430,"url":"../static/nodeGraphs_scaffolding.html","edge":"","edgeRT":"undefined","skip":"true","flipped":"FALSE","index":"2","edgeClickLog":"","trial_id":"cong_6","congruency":"C","trial_group":"1to5","condition":"scaffolding","inference_edge":"2to5,4to7","inference_edgeClickLog":"[{\"edgeSelection\":\"2to5\",\"edgeRTMS\":6786},{\"edgeSelection\":\"4to7\",\"edgeRTMS\":13336},{\"edgeSelection\":\"1to4\",\"edgeRTMS\":34883},{\"edgeSelection\":\"1to4\",\"edgeRTMS\":38055}]","inference_edgeRT":"38055","inference_edge_last":"1to4","task":"experiment","subjectId":"8a2dxdwu38x5twa","trial_type":"external-html","trial_index":10,"time_elapsed":874421,"internal_node_id":"0.0-9.0-0.2"},{"rt":67284,"url":"../static/nodeGraphs_scaffolding.html","edge":"2to4","edgeRT":"31527","skip":"false","flipped":"FALSE","index":"3","edgeClickLog":"[{\"edgeSelection\":\"5to8\",\"edgeRTMS\":15335},{\"edgeSelection\":\"2to4\",\"edgeRTMS\":31527}]","trial_id":"cong_4","congruency":"C","trial_group":"1to5","condition":"scaffolding","inference_edge":"5to8,2to4,1to4","inference_edgeClickLog":"[{\"edgeSelection\":\"5to8\",\"edgeRTMS\":7881},{\"edgeSelection\":\"2to4\",\"edgeRTMS\":10192},{\"edgeSelection\":\"1to4\",\"edgeRTMS\":24473}]","inference_edgeRT":"24473","inference_edge_last":"1to4","task":"experiment","subjectId":"8a2dxdwu38x5twa","trial_type":"external-html","trial_index":11,"time_elapsed":942290,"internal_node_id":"0.0-9.0-0.3"},{"rt":59423,"url":"../static/nodeGraphs_scaffolding.html","edge":"","edgeRT":"undefined","skip":"true","flipped":"FALSE","index":"4","edgeClickLog":"","trial_id":"cong_9","congruency":"C","trial_group":"1to5","condition":"scaffolding","inference_edge":"2to5,3to5","inference_edgeClickLog":"[{\"edgeSelection\":\"2to5\",\"edgeRTMS\":5018},{\"edgeSelection\":\"3to5\",\"edgeRTMS\":49369}]","inference_edgeRT":"49369","inference_edge_last":"3to5","task":"experiment","subjectId":"8a2dxdwu38x5twa","trial_type":"external-html","trial_index":12,"time_elapsed":1002293,"internal_node_id":"0.0-9.0-0.4"},{"rt":36902,"url":"../static/nodeGraphs_scaffolding.html","edge":"3to6","edgeRT":"7595","skip":"false","flipped":"TRUE","index":"5","edgeClickLog":"[{\"edgeSelection\":\"3to6\",\"edgeRTMS\":7595}]","trial_id":"cong_0_flipped","congruency":"C","trial_group":"5to10","condition":"scaffolding","inference_edge":"5to8,3to6,2to6","inference_edgeClickLog":"[{\"edgeSelection\":\"5to8\",\"edgeRTMS\":8775},{\"edgeSelection\":\"3to6\",\"edgeRTMS\":12926},{\"edgeSelection\":\"2to6\",\"edgeRTMS\":23622}]","inference_edgeRT":"23622","inference_edge_last":"2to6","task":"experiment","subjectId":"8a2dxdwu38x5twa","trial_type":"external-html","trial_index":13,"time_elapsed":1039783,"internal_node_id":"0.0-9.0-0.5"},{"rt":67375,"url":"../static/nodeGraphs_scaffolding.html","edge":"2to4","edgeRT":"5512","skip":"false","flipped":"TRUE","index":"6","edgeClickLog":"[{\"edgeSelection\":\"2to4\",\"edgeRTMS\":5512}]","trial_id":"cong_1_flipped","congruency":"C","trial_group":"5to10","condition":"scaffolding","inference_edge":"2to4,2to6,1to4","inference_edgeClickLog":"[{\"edgeSelection\":\"2to4\",\"edgeRTMS\":10386},{\"edgeSelection\":\"2to6\",\"edgeRTMS\":13767},{\"edgeSelection\":\"1to4\",\"edgeRTMS\":57099}]","inference_edgeRT":"57099","inference_edge_last":"1to4","task":"experiment","subjectId":"8a2dxdwu38x5twa","trial_type":"external-html","trial_index":14,"time_elapsed":1107731,"internal_node_id":"0.0-9.0-0.6"},{"rt":58707,"url":"../static/nodeGraphs_scaffolding.html","edge":"2to5","edgeRT":"4853","skip":"false","flipped":"TRUE","index":"7","edgeClickLog":"[{\"edgeSelection\":\"2to5\",\"edgeRTMS\":4853}]","trial_id":"cong_6_flipped","congruency":"C","trial_group":"5to10","condition":"scaffolding","inference_edge":"2to5,6to9,0to3","inference_edgeClickLog":"[{\"edgeSelection\":\"2to5\",\"edgeRTMS\":5971},{\"edgeSelection\":\"6to9\",\"edgeRTMS\":8962},{\"edgeSelection\":\"0to3\",\"edgeRTMS\":44146}]","inference_edgeRT":"44146","inference_edge_last":"0to3","task":"experiment","subjectId":"8a2dxdwu38x5twa","trial_type":"external-html","trial_index":15,"time_elapsed":1167367,"internal_node_id":"0.0-9.0-0.7"},{"rt":36320,"url":"../static/nodeGraphs_scaffolding.html","edge":"5to8","edgeRT":"2469","skip":"false","flipped":"TRUE","index":"8","edgeClickLog":"[{\"edgeSelection\":\"5to8\",\"edgeRTMS\":2469}]","trial_id":"cong_4_flipped","congruency":"C","trial_group":"5to10","condition":"scaffolding","inference_edge":"2to6,5to8,2to4","inference_edgeClickLog":"[{\"edgeSelection\":\"2to6\",\"edgeRTMS\":8669},{\"edgeSelection\":\"5to8\",\"edgeRTMS\":15275},{\"edgeSelection\":\"2to4\",\"edgeRTMS\":26067}]","inference_edgeRT":"26067","inference_edge_last":"2to4","task":"experiment","subjectId":"8a2dxdwu38x5twa","trial_type":"external-html","trial_index":16,"time_elapsed":1204260,"internal_node_id":"0.0-9.0-0.8"},{"rt":62301,"url":"../static/nodeGraphs_scaffolding.html","edge":"2to5","edgeRT":"3351","skip":"false","flipped":"TRUE","index":"9","edgeClickLog":"[{\"edgeSelection\":\"2to5\",\"edgeRTMS\":3351}]","trial_id":"cong_9_flipped","congruency":"C","trial_group":"5to10","condition":"scaffolding","inference_edge":"2to5,5to7,5to9","inference_edgeClickLog":"[{\"edgeSelection\":\"2to5\",\"edgeRTMS\":6095},{\"edgeSelection\":\"5to7\",\"edgeRTMS\":48472},{\"edgeSelection\":\"5to9\",\"edgeRTMS\":55178}]","inference_edgeRT":"55178","inference_edge_last":"5to9","task":"experiment","subjectId":"8a2dxdwu38x5twa","trial_type":"external-html","trial_index":17,"time_elapsed":1267142,"internal_node_id":"0.0-9.0-0.9"},{"rt":41085,"url":"../static/nodeGraphs_scaffolding.html","edge":"1to4","edgeRT":"2062","skip":"false","flipped":"FALSE","index":"10","edgeClickLog":"[{\"edgeSelection\":\"1to4\",\"edgeRTMS\":2062}]","trial_id":"cong_0","congruency":"C","trial_group":"10to15","condition":"scaffolding","inference_edge":"1to4,5to8,5to7","inference_edgeClickLog":"[{\"edgeSelection\":\"1to4\",\"edgeRTMS\":5883},{\"edgeSelection\":\"5to8\",\"edgeRTMS\":10403},{\"edgeSelection\":\"5to7\",\"edgeRTMS\":15716}]","inference_edgeRT":"15716","inference_edge_last":"5to7","task":"experiment","subjectId":"8a2dxdwu38x5twa","trial_type":"external-html","trial_index":18,"time_elapsed":1308813,"internal_node_id":"0.0-9.0-0.10"},{"rt":78910,"url":"../static/nodeGraphs_scaffolding.html","edge":"2to6","edgeRT":"33516","skip":"false","flipped":"FALSE","index":"11","edgeClickLog":"[{\"edgeSelection\":\"3to5\",\"edgeRTMS\":4387},{\"edgeSelection\":\"3to5\",\"edgeRTMS\":6886},{\"edgeSelection\":\"3to5\",\"edgeRTMS\":8167},{\"edgeSelection\":\"2to6\",\"edgeRTMS\":9235},{\"edgeSelection\":\"2to4\",\"edgeRTMS\":30726},{\"edgeSelection\":\"2to6\",\"edgeRTMS\":33516}]","trial_id":"cong_1","congruency":"C","trial_group":"10to15","condition":"scaffolding","inference_edge":"2to6,2to4,3to6","inference_edgeClickLog":"[{\"edgeSelection\":\"2to6\",\"edgeRTMS\":8337},{\"edgeSelection\":\"2to4\",\"edgeRTMS\":11532},{\"edgeSelection\":\"3to6\",\"edgeRTMS\":38000}]","inference_edgeRT":"38000","inference_edge_last":"3to6","task":"experiment","subjectId":"8a2dxdwu38x5twa","trial_type":"external-html","trial_index":19,"time_elapsed":1388300,"internal_node_id":"0.0-9.0-0.11"},{"rt":59190,"url":"../static/nodeGraphs_scaffolding.html","edge":"2to5","edgeRT":"1847","skip":"false","flipped":"FALSE","index":"12","edgeClickLog":"[{\"edgeSelection\":\"2to5\",\"edgeRTMS\":1847}]","trial_id":"cong_6","congruency":"C","trial_group":"10to15","condition":"scaffolding","inference_edge":"2to5,4to7,0to1","inference_edgeClickLog":"[{\"edgeSelection\":\"2to5\",\"edgeRTMS\":4572},{\"edgeSelection\":\"4to7\",\"edgeRTMS\":10056},{\"edgeSelection\":\"0to1\",\"edgeRTMS\":47271}]","inference_edgeRT":"47271","inference_edge_last":"0to1","task":"experiment","subjectId":"8a2dxdwu38x5twa","trial_type":"external-html","trial_index":20,"time_elapsed":1448061,"internal_node_id":"0.0-9.0-0.12"},{"rt":53771,"url":"../static/nodeGraphs_scaffolding.html","edge":"2to4","edgeRT":"2418","skip":"false","flipped":"FALSE","index":"13","edgeClickLog":"[{\"edgeSelection\":\"2to4\",\"edgeRTMS\":2418}]","trial_id":"cong_4","congruency":"C","trial_group":"10to15","condition":"scaffolding","inference_edge":"2to4,5to8,2to6","inference_edgeClickLog":"[{\"edgeSelection\":\"2to4\",\"edgeRTMS\":6339},{\"edgeSelection\":\"5to8\",\"edgeRTMS\":11272},{\"edgeSelection\":\"3to5\",\"edgeRTMS\":40536},{\"edgeSelection\":\"3to5\",\"edgeRTMS\":41440},{\"edgeSelection\":\"2to6\",\"edgeRTMS\":43112}]","inference_edgeRT":"43112","inference_edge_last":"2to6","task":"experiment","subjectId":"8a2dxdwu38x5twa","trial_type":"external-html","trial_index":21,"time_elapsed":1502412,"internal_node_id":"0.0-9.0-0.13"},{"rt":41280,"url":"../static/nodeGraphs_scaffolding.html","edge":"2to5","edgeRT":"1547","skip":"false","flipped":"FALSE","index":"14","edgeClickLog":"[{\"edgeSelection\":\"2to5\",\"edgeRTMS\":1547}]","trial_id":"cong_9","congruency":"C","trial_group":"10to15","condition":"scaffolding","inference_edge":"2to5,0to3,3to5","inference_edgeClickLog":"[{\"edgeSelection\":\"2to5\",\"edgeRTMS\":7641},{\"edgeSelection\":\"0to3\",\"edgeRTMS\":24717},{\"edgeSelection\":\"3to5\",\"edgeRTMS\":36161}]","inference_edgeRT":"36161","inference_edge_last":"3to5","task":"experiment","subjectId":"8a2dxdwu38x5twa","trial_type":"external-html","trial_index":22,"time_elapsed":1544271,"internal_node_id":"0.0-9.0-0.14"},{"rt":65540,"url":"../static/nodeGraphs_scaffolding.html","edge":"5to8","edgeRT":"27279","skip":"false","flipped":"FALSE","index":"15","edgeClickLog":"[{\"edgeSelection\":\"0to1\",\"edgeRTMS\":7966},{\"edgeSelection\":\"3to6\",\"edgeRTMS\":14761},{\"edgeSelection\":\"5to8\",\"edgeRTMS\":27279}]","trial_id":"test_0","congruency":"I","trial_group":"15to20","condition":"scaffolding","inference_edge":"2to5,0to3,3to5","inference_edgeClickLog":"[{\"edgeSelection\":\"2to5\",\"edgeRTMS\":7641},{\"edgeSelection\":\"0to3\",\"edgeRTMS\":24717},{\"edgeSelection\":\"3to5\",\"edgeRTMS\":36161}]","inference_edgeRT":"36161","inference_edge_last":"","task":"experiment","subjectId":"8a2dxdwu38x5twa","trial_type":"external-html","trial_index":23,"time_elapsed":1610393,"internal_node_id":"0.0-9.0-0.15"},{"rt":32886,"url":"../static/nodeGraphs_scaffolding.html","edge":"0to3","edgeRT":"18638","skip":"false","flipped":"FALSE","index":"16","edgeClickLog":"[{\"edgeSelection\":\"0to3\",\"edgeRTMS\":18638}]","trial_id":"test_1","congruency":"I","trial_group":"15to20","condition":"scaffolding","inference_edge":"2to5,0to3,3to5","inference_edgeClickLog":"[{\"edgeSelection\":\"2to5\",\"edgeRTMS\":7641},{\"edgeSelection\":\"0to3\",\"edgeRTMS\":24717},{\"edgeSelection\":\"3to5\",\"edgeRTMS\":36161}]","inference_edgeRT":"36161","inference_edge_last":"","task":"experiment","subjectId":"8a2dxdwu38x5twa","trial_type":"external-html","trial_index":24,"time_elapsed":1643873,"internal_node_id":"0.0-9.0-0.16"},{"rt":16333,"url":"../static/nodeGraphs_scaffolding.html","edge":"0to3","edgeRT":"12717","skip":"false","flipped":"FALSE","index":"17","edgeClickLog":"[{\"edgeSelection\":\"0to3\",\"edgeRTMS\":12717}]","trial_id":"test_2","congruency":"I","trial_group":"15to20","condition":"scaffolding","inference_edge":"2to5,0to3,3to5","inference_edgeClickLog":"[{\"edgeSelection\":\"2to5\",\"edgeRTMS\":7641},{\"edgeSelection\":\"0to3\",\"edgeRTMS\":24717},{\"edgeSelection\":\"3to5\",\"edgeRTMS\":36161}]","inference_edgeRT":"36161","inference_edge_last":"","task":"experiment","subjectId":"8a2dxdwu38x5twa","trial_type":"external-html","trial_index":25,"time_elapsed":1660784,"internal_node_id":"0.0-9.0-0.17"},{"rt":10534,"url":"../static/nodeGraphs_scaffolding.html","edge":"0to1","edgeRT":"5567","skip":"false","flipped":"FALSE","index":"18","edgeClickLog":"[{\"edgeSelection\":\"0to1\",\"edgeRTMS\":5567}]","trial_id":"test_3","congruency":"I","trial_group":"15to20","condition":"scaffolding","inference_edge":"2to5,0to3,3to5","inference_edgeClickLog":"[{\"edgeSelection\":\"2to5\",\"edgeRTMS\":7641},{\"edgeSelection\":\"0to3\",\"edgeRTMS\":24717},{\"edgeSelection\":\"3to5\",\"edgeRTMS\":36161}]","inference_edgeRT":"36161","inference_edge_last":"","task":"experiment","subjectId":"8a2dxdwu38x5twa","trial_type":"external-html","trial_index":26,"time_elapsed":1671893,"internal_node_id":"0.0-9.0-0.18"},{"rt":45077,"url":"../static/nodeGraphs_scaffolding.html","edge":"1to5","edgeRT":"19352","skip":"false","flipped":"FALSE","index":"19","edgeClickLog":"[{\"edgeSelection\":\"1to5\",\"edgeRTMS\":19352}]","trial_id":"test_4","congruency":"I","trial_group":"15to20","condition":"scaffolding","inference_edge":"2to5,0to3,3to5","inference_edgeClickLog":"[{\"edgeSelection\":\"2to5\",\"edgeRTMS\":7641},{\"edgeSelection\":\"0to3\",\"edgeRTMS\":24717},{\"edgeSelection\":\"3to5\",\"edgeRTMS\":36161}]","inference_edgeRT":"36161","inference_edge_last":"","task":"experiment","subjectId":"8a2dxdwu38x5twa","trial_type":"external-html","trial_index":27,"time_elapsed":1717542,"internal_node_id":"0.0-9.0-0.19"},{"rt":84055,"response":{"P0_Q0":null,"P0_Q1":5,"P0_Q2":6,"P0_Q3":4,"P0_Q4":6,"P0_Q5":5,"strategies":"I tried to calculate value of an each possible path and try to find out why the student didn't take the most value path.","feedback":"No"},"accuracy":[],"trial_type":"survey","trial_index":28,"time_elapsed":1802178,"internal_node_id":"0.0-10.0"},{"rt":1979,"stimulus":"<p>Thanks for your time!</p>        <p>We need to manually calculate your bonus pay, please give us up to 7 days.</p><p>Press any key to conclude.</p>","response":" ","task":"end","subjectId":"8a2dxdwu38x5twa","trial_type":"html-keyboard-response","trial_index":29,"time_elapsed":1804159,"internal_node_id":"0.0-11.0","interactions":"[{\"event\":\"blur\",\"trial\":1,\"time\":2115},{\"event\":\"focus\",\"trial\":1,\"time\":2232},{\"event\":\"fullscreenenter\",\"trial\":1,\"time\":5364},{\"event\":\"blur\",\"trial\":3,\"time\":113694},{\"event\":\"focus\",\"trial\":3,\"time\":121491},{\"event\":\"blur\",\"trial\":19,\"time\":1371456},{\"event\":\"focus\",\"trial\":19,\"time\":1374573}]"}]