[{"success":true,"timeout":false,"failed_images":[],"failed_audio":[],"failed_video":[],"trial_type":"preload","trial_index":0,"time_elapsed":718,"internal_node_id":"0.0-0.0"},{"success":true,"trial_type":"fullscreen","trial_index":1,"time_elapsed":3435,"internal_node_id":"0.0-1.0"},{"rt":3056,"stimulus":"Welcome to the experiment. Press any key to begin.","response":"f","trial_type":"html-keyboard-response","trial_index":2,"time_elapsed":6495,"internal_node_id":"0.0-2.0"},{"view_history":[{"page_index":0,"viewing_time":1682},{"page_index":1,"viewing_time":4429},{"page_index":2,"viewing_time":21216},{"page_index":3,"viewing_time":8577},{"page_index":4,"viewing_time":1466},{"page_index":5,"viewing_time":958},{"page_index":6,"viewing_time":2625},{"page_index":7,"viewing_time":7484},{"page_index":8,"viewing_time":24413},{"page_index":9,"viewing_time":12914},{"page_index":10,"viewing_time":1640},{"page_index":11,"viewing_time":503},{"page_index":12,"viewing_time":356},{"page_index":13,"viewing_time":1361},{"page_index":14,"viewing_time":7122},{"page_index":15,"viewing_time":10580},{"page_index":16,"viewing_time":2234},{"page_index":17,"viewing_time":708},{"page_index":18,"viewing_time":645},{"page_index":19,"viewing_time":9511},{"page_index":20,"viewing_time":7185},{"page_index":21,"viewing_time":3597}],"rt":131207,"trial_type":"instructions","trial_index":3,"time_elapsed":137704,"internal_node_id":"0.0-3.0"},{"rt":193016,"url":"../static/nodeGraphsTraining_distractor.html","skip":[],"edgeClickLog":[],"inference_edge":[],"inference_edgeClickLog":[],"trial_type":"external-html","trial_index":4,"time_elapsed":330890,"internal_node_id":"0.0-4.0"},{"rt":60997,"response":{"q1":"The goal is to help the student to get the most points.","q2":"True","q3":"Possible edges you, as the teacher, can choose to teach the learner.","q4":"Edges that the student took before."},"question_order":[0,1,2,3],"trial_type":"survey-multi-choice","trial_index":5,"time_elapsed":391934,"internal_node_id":"0.0-5.0"},{"rt":27931,"response":{"q1":"The goal is to help the student to get the most points.","q2":"False","q3":"Possible edges you, as the teacher, can choose to teach the learner.","q4":"Edges that the student took before."},"question_order":[0,1,2,3],"trial_type":"survey-multi-choice","trial_index":6,"time_elapsed":419872,"internal_node_id":"0.0-6.0-0.0"},{"rt":5405,"stimulus":"<p>You can take a 60 second break before starting the experiment.</p><br><br><p>This page will advance in 60 seconds or you can press any key to advance now.</p>","response":"h","trial_type":"html-keyboard-response","trial_index":7,"time_elapsed":425280,"internal_node_id":"0.0-7.0"},{"view_history":[{"page_index":0,"viewing_time":4509}],"rt":4510,"trial_type":"instructions","trial_index":8,"time_elapsed":429792,"internal_node_id":"0.0-8.0"},{"rt":85863,"url":"../static/nodeGraphs_distractor.html","edge":"1to4","edgeRT":"51710","skip":"false","flipped":"FALSE","index":"0","edgeClickLog":"[{\"edgeSelection\":\"1to4\",\"edgeRTMS\":9736},{\"edgeSelection\":\"2to4\",\"edgeRTMS\":11010},{\"edgeSelection\":\"1to4\",\"edgeRTMS\":31597},{\"edgeSelection\":\"2to4\",\"edgeRTMS\":36985},{\"edgeSelection\":\"2to4\",\"edgeRTMS\":37350},{\"edgeSelection\":\"1to4\",\"edgeRTMS\":51710}]","trial_id":"cong_0","congruency":"C","trial_group":"1to5","condition":"distractor","inference_edge":"2to4,1to4,4to8","inference_edgeClickLog":"[{\"edgeSelection\":\"2to4\",\"edgeRTMS\":7146},{\"edgeSelection\":\"1to4\",\"edgeRTMS\":17756},{\"edgeSelection\":\"4to8\",\"edgeRTMS\":25830}]","inference_edgeRT":"25830","inference_edge_last":"4to8","task":"experiment","subjectId":"hyxps4ryd0rj5z2","trial_type":"external-html","trial_index":9,"time_elapsed":515727,"internal_node_id":"0.0-9.0-0.0"},{"rt":25611,"url":"../static/nodeGraphs_distractor.html","edge":"2to6","edgeRT":"3535","skip":"false","flipped":"FALSE","index":"1","edgeClickLog":"[{\"edgeSelection\":\"2to6\",\"edgeRTMS\":3535}]","trial_id":"cong_1","congruency":"C","trial_group":"1to5","condition":"distractor","inference_edge":"3to6,6to9,2to6","inference_edgeClickLog":"[{\"edgeSelection\":\"3to6\",\"edgeRTMS\":4928},{\"edgeSelection\":\"6to9\",\"edgeRTMS\":6767},{\"edgeSelection\":\"2to6\",\"edgeRTMS\":9122}]","inference_edgeRT":"9122","inference_edge_last":"2to6","task":"experiment","subjectId":"hyxps4ryd0rj5z2","trial_type":"external-html","trial_index":10,"time_elapsed":541918,"internal_node_id":"0.0-9.0-0.1"},{"rt":32352,"url":"../static/nodeGraphs_distractor.html","edge":"2to5","edgeRT":"4206","skip":"false","flipped":"FALSE","index":"2","edgeClickLog":"[{\"edgeSelection\":\"2to5\",\"edgeRTMS\":4206}]","trial_id":"cong_6","congruency":"C","trial_group":"1to5","condition":"distractor","inference_edge":"2to5,1to5,5to9","inference_edgeClickLog":"[{\"edgeSelection\":\"2to5\",\"edgeRTMS\":7152},{\"edgeSelection\":\"1to5\",\"edgeRTMS\":13708},{\"edgeSelection\":\"5to9\",\"edgeRTMS\":15829}]","inference_edgeRT":"15829","inference_edge_last":"5to9","task":"experiment","subjectId":"hyxps4ryd0rj5z2","trial_type":"external-html","trial_index":11,"time_elapsed":574855,"internal_node_id":"0.0-9.0-0.2"},{"rt":36146,"url":"../static/nodeGraphs_distractor.html","edge":"2to4","edgeRT":"8379","skip":"false","flipped":"FALSE","index":"3","edgeClickLog":"[{\"edgeSelection\":\"2to4\",\"edgeRTMS\":8379}]","trial_id":"cong_4","congruency":"C","trial_group":"1to5","condition":"distractor","inference_edge":"2to6,4to8,2to4","inference_edgeClickLog":"[{\"edgeSelection\":\"2to4\",\"edgeRTMS\":4670},{\"edgeSelection\":\"2to6\",\"edgeRTMS\":9007},{\"edgeSelection\":\"4to7\",\"edgeRTMS\":13079},{\"edgeSelection\":\"4to8\",\"edgeRTMS\":15636},{\"edgeSelection\":\"4to7\",\"edgeRTMS\":17508},{\"edgeSelection\":\"2to4\",\"edgeRTMS\":18963}]","inference_edgeRT":"18963","inference_edge_last":"2to4","task":"experiment","subjectId":"hyxps4ryd0rj5z2","trial_type":"external-html","trial_index":12,"time_elapsed":611597,"internal_node_id":"0.0-9.0-0.3"},{"rt":59731,"url":"../static/nodeGraphs_distractor.html","edge":"2to5","edgeRT":"20758","skip":"false","flipped":"FALSE","index":"4","edgeClickLog":"[{\"edgeSelection\":\"2to5\",\"edgeRTMS\":2439},{\"edgeSelection\":\"5to9\",\"edgeRTMS\":15201},{\"edgeSelection\":\"2to5\",\"edgeRTMS\":20758}]","trial_id":"cong_9","congruency":"C","trial_group":"1to5","condition":"distractor","inference_edge":"2to5,5to9,5to8","inference_edgeClickLog":"[{\"edgeSelection\":\"2to5\",\"edgeRTMS\":4398},{\"edgeSelection\":\"3to5\",\"edgeRTMS\":10498},{\"edgeSelection\":\"3to5\",\"edgeRTMS\":16466},{\"edgeSelection\":\"5to9\",\"edgeRTMS\":18908},{\"edgeSelection\":\"5to8\",\"edgeRTMS\":31033}]","inference_edgeRT":"31033","inference_edge_last":"5to8","task":"experiment","subjectId":"hyxps4ryd0rj5z2","trial_type":"external-html","trial_index":13,"time_elapsed":671968,"internal_node_id":"0.0-9.0-0.4"},{"rt":40820,"url":"../static/nodeGraphs_distractor.html","edge":"3to6","edgeRT":"12643","skip":"false","flipped":"TRUE","index":"5","edgeClickLog":"[{\"edgeSelection\":\"3to6\",\"edgeRTMS\":12643}]","trial_id":"cong_0_flipped","congruency":"C","trial_group":"5to10","condition":"distractor","inference_edge":"3to6,2to6,6to8","inference_edgeClickLog":"[{\"edgeSelection\":\"3to6\",\"edgeRTMS\":3851},{\"edgeSelection\":\"2to6\",\"edgeRTMS\":11458},{\"edgeSelection\":\"6to8\",\"edgeRTMS\":18879}]","inference_edgeRT":"18879","inference_edge_last":"6to8","task":"experiment","subjectId":"hyxps4ryd0rj5z2","trial_type":"external-html","trial_index":14,"time_elapsed":713388,"internal_node_id":"0.0-9.0-0.5"},{"rt":28159,"url":"../static/nodeGraphs_distractor.html","edge":"2to4","edgeRT":"5385","skip":"false","flipped":"TRUE","index":"6","edgeClickLog":"[{\"edgeSelection\":\"2to4\",\"edgeRTMS\":5385}]","trial_id":"cong_1_flipped","congruency":"C","trial_group":"5to10","condition":"distractor","inference_edge":"2to4,2to6,1to4","inference_edgeClickLog":"[{\"edgeSelection\":\"2to4\",\"edgeRTMS\":4176},{\"edgeSelection\":\"2to6\",\"edgeRTMS\":8877},{\"edgeSelection\":\"1to4\",\"edgeRTMS\":18475}]","inference_edgeRT":"18475","inference_edge_last":"1to4","task":"experiment","subjectId":"hyxps4ryd0rj5z2","trial_type":"external-html","trial_index":15,"time_elapsed":742156,"internal_node_id":"0.0-9.0-0.6"},{"rt":33554,"url":"../static/nodeGraphs_distractor.html","edge":"2to5","edgeRT":"5998","skip":"false","flipped":"TRUE","index":"7","edgeClickLog":"[{\"edgeSelection\":\"2to5\",\"edgeRTMS\":5998}]","trial_id":"cong_6_flipped","congruency":"C","trial_group":"5to10","condition":"distractor","inference_edge":"2to5,3to5,5to9","inference_edgeClickLog":"[{\"edgeSelection\":\"2to5\",\"edgeRTMS\":6631},{\"edgeSelection\":\"3to5\",\"edgeRTMS\":19171},{\"edgeSelection\":\"5to9\",\"edgeRTMS\":24275}]","inference_edgeRT":"24275","inference_edge_last":"5to9","task":"experiment","subjectId":"hyxps4ryd0rj5z2","trial_type":"external-html","trial_index":16,"time_elapsed":776302,"internal_node_id":"0.0-9.0-0.7"},{"rt":31291,"url":"../static/nodeGraphs_distractor.html","edge":"2to6","edgeRT":"2725","skip":"false","flipped":"TRUE","index":"8","edgeClickLog":"[{\"edgeSelection\":\"2to6\",\"edgeRTMS\":2725}]","trial_id":"cong_4_flipped","congruency":"C","trial_group":"5to10","condition":"distractor","inference_edge":"2to6,6to8,3to6","inference_edgeClickLog":"[{\"edgeSelection\":\"2to6\",\"edgeRTMS\":6088},{\"edgeSelection\":\"6to8\",\"edgeRTMS\":9349},{\"edgeSelection\":\"3to6\",\"edgeRTMS\":21587}]","inference_edgeRT":"21587","inference_edge_last":"3to6","task":"experiment","subjectId":"hyxps4ryd0rj5z2","trial_type":"external-html","trial_index":17,"time_elapsed":808183,"internal_node_id":"0.0-9.0-0.8"},{"rt":21378,"url":"../static/nodeGraphs_distractor.html","edge":"2to5","edgeRT":"2636","skip":"false","flipped":"TRUE","index":"9","edgeClickLog":"[{\"edgeSelection\":\"2to5\",\"edgeRTMS\":2636}]","trial_id":"cong_9_flipped","congruency":"C","trial_group":"5to10","condition":"distractor","inference_edge":"2to5,5to8,5to7","inference_edgeClickLog":"[{\"edgeSelection\":\"2to5\",\"edgeRTMS\":4079},{\"edgeSelection\":\"5to8\",\"edgeRTMS\":6326},{\"edgeSelection\":\"5to7\",\"edgeRTMS\":8505}]","inference_edgeRT":"8505","inference_edge_last":"5to7","task":"experiment","subjectId":"hyxps4ryd0rj5z2","trial_type":"external-html","trial_index":18,"time_elapsed":830153,"internal_node_id":"0.0-9.0-0.9"},{"rt":29219,"url":"../static/nodeGraphs_distractor.html","edge":"1to4","edgeRT":"3139","skip":"false","flipped":"FALSE","index":"10","edgeClickLog":"[{\"edgeSelection\":\"1to4\",\"edgeRTMS\":3139}]","trial_id":"cong_0","congruency":"C","trial_group":"10to15","condition":"distractor","inference_edge":"1to4,2to4,4to7","inference_edgeClickLog":"[{\"edgeSelection\":\"1to4\",\"edgeRTMS\":6405},{\"edgeSelection\":\"2to4\",\"edgeRTMS\":8589},{\"edgeSelection\":\"4to7\",\"edgeRTMS\":15065}]","inference_edgeRT":"15065","inference_edge_last":"4to7","task":"experiment","subjectId":"hyxps4ryd0rj5z2","trial_type":"external-html","trial_index":19,"time_elapsed":859957,"internal_node_id":"0.0-9.0-0.10"},{"rt":26674,"url":"../static/nodeGraphs_distractor.html","edge":"2to6","edgeRT":"3420","skip":"false","flipped":"FALSE","index":"11","edgeClickLog":"[{\"edgeSelection\":\"2to6\",\"edgeRTMS\":3420}]","trial_id":"cong_1","congruency":"C","trial_group":"10to15","condition":"distractor","inference_edge":"2to6,2to4,6to9","inference_edgeClickLog":"[{\"edgeSelection\":\"2to6\",\"edgeRTMS\":3696},{\"edgeSelection\":\"2to4\",\"edgeRTMS\":6996},{\"edgeSelection\":\"6to9\",\"edgeRTMS\":11612}]","inference_edgeRT":"11612","inference_edge_last":"6to9","task":"experiment","subjectId":"hyxps4ryd0rj5z2","trial_type":"external-html","trial_index":20,"time_elapsed":887234,"internal_node_id":"0.0-9.0-0.11"},{"rt":33579,"url":"../static/nodeGraphs_distractor.html","edge":"2to5","edgeRT":"2145","skip":"false","flipped":"FALSE","index":"12","edgeClickLog":"[{\"edgeSelection\":\"2to5\",\"edgeRTMS\":2145}]","trial_id":"cong_6","congruency":"C","trial_group":"10to15","condition":"distractor","inference_edge":"2to5,1to5,5to7","inference_edgeClickLog":"[{\"edgeSelection\":\"2to5\",\"edgeRTMS\":13050},{\"edgeSelection\":\"1to5\",\"edgeRTMS\":17372},{\"edgeSelection\":\"5to7\",\"edgeRTMS\":23076}]","inference_edgeRT":"23076","inference_edge_last":"5to7","task":"experiment","subjectId":"hyxps4ryd0rj5z2","trial_type":"external-html","trial_index":21,"time_elapsed":921394,"internal_node_id":"0.0-9.0-0.12"},{"rt":26117,"url":"../static/nodeGraphs_distractor.html","edge":"2to4","edgeRT":"5647","skip":"false","flipped":"FALSE","index":"13","edgeClickLog":"[{\"edgeSelection\":\"2to4\",\"edgeRTMS\":5647}]","trial_id":"cong_4","congruency":"C","trial_group":"10to15","condition":"distractor","inference_edge":"2to4,4to8,4to7","inference_edgeClickLog":"[{\"edgeSelection\":\"2to4\",\"edgeRTMS\":3456},{\"edgeSelection\":\"4to8\",\"edgeRTMS\":10389},{\"edgeSelection\":\"4to7\",\"edgeRTMS\":13843}]","inference_edgeRT":"13843","inference_edge_last":"4to7","task":"experiment","subjectId":"hyxps4ryd0rj5z2","trial_type":"external-html","trial_index":22,"time_elapsed":948200,"internal_node_id":"0.0-9.0-0.13"},{"rt":24314,"url":"../static/nodeGraphs_distractor.html","edge":"2to5","edgeRT":"2319","skip":"false","flipped":"FALSE","index":"14","edgeClickLog":"[{\"edgeSelection\":\"2to5\",\"edgeRTMS\":2319}]","trial_id":"cong_9","congruency":"C","trial_group":"10to15","condition":"distractor","inference_edge":"2to5,5to9,5to8","inference_edgeClickLog":"[{\"edgeSelection\":\"2to5\",\"edgeRTMS\":3265},{\"edgeSelection\":\"5to9\",\"edgeRTMS\":9201},{\"edgeSelection\":\"5to8\",\"edgeRTMS\":10281}]","inference_edgeRT":"10281","inference_edge_last":"5to8","task":"experiment","subjectId":"hyxps4ryd0rj5z2","trial_type":"external-html","trial_index":23,"time_elapsed":973083,"internal_node_id":"0.0-9.0-0.14"},{"rt":20533,"url":"../static/nodeGraphs_distractor.html","edge":"6to8","edgeRT":"4283","skip":"false","flipped":"FALSE","index":"15","edgeClickLog":"[{\"edgeSelection\":\"6to8\",\"edgeRTMS\":4283}]","trial_id":"test_0","congruency":"I","trial_group":"15to20","condition":"distractor","inference_edge":"2to5,5to9,5to8","inference_edgeClickLog":"[{\"edgeSelection\":\"2to5\",\"edgeRTMS\":3265},{\"edgeSelection\":\"5to9\",\"edgeRTMS\":9201},{\"edgeSelection\":\"5to8\",\"edgeRTMS\":10281}]","inference_edgeRT":"10281","inference_edge_last":"","task":"experiment","subjectId":"hyxps4ryd0rj5z2","trial_type":"external-html","trial_index":24,"time_elapsed":994267,"internal_node_id":"0.0-9.0-0.15"},{"rt":4207,"url":"../static/nodeGraphs_distractor.html","edge":"3to6","edgeRT":"3647","skip":"false","flipped":"FALSE","index":"16","edgeClickLog":"[{\"edgeSelection\":\"3to6\",\"edgeRTMS\":3647}]","trial_id":"test_1","congruency":"I","trial_group":"15to20","condition":"distractor","inference_edge":"2to5,5to9,5to8","inference_edgeClickLog":"[{\"edgeSelection\":\"2to5\",\"edgeRTMS\":3265},{\"edgeSelection\":\"5to9\",\"edgeRTMS\":9201},{\"edgeSelection\":\"5to8\",\"edgeRTMS\":10281}]","inference_edgeRT":"10281","inference_edge_last":"","task":"experiment","subjectId":"hyxps4ryd0rj5z2","trial_type":"external-html","trial_index":25,"time_elapsed":999058,"internal_node_id":"0.0-9.0-0.16"},{"rt":5126,"url":"../static/nodeGraphs_distractor.html","edge":"3to6","edgeRT":"2266","skip":"false","flipped":"FALSE","index":"17","edgeClickLog":"[{\"edgeSelection\":\"3to6\",\"edgeRTMS\":2266}]","trial_id":"test_2","congruency":"I","trial_group":"15to20","condition":"distractor","inference_edge":"2to5,5to9,5to8","inference_edgeClickLog":"[{\"edgeSelection\":\"2to5\",\"edgeRTMS\":3265},{\"edgeSelection\":\"5to9\",\"edgeRTMS\":9201},{\"edgeSelection\":\"5to8\",\"edgeRTMS\":10281}]","inference_edgeRT":"10281","inference_edge_last":"","task":"experiment","subjectId":"hyxps4ryd0rj5z2","trial_type":"external-html","trial_index":26,"time_elapsed":1004795,"internal_node_id":"0.0-9.0-0.17"},{"rt":5126,"url":"../static/nodeGraphs_distractor.html","edge":"1to5","edgeRT":"2873","skip":"false","flipped":"FALSE","index":"18","edgeClickLog":"[{\"edgeSelection\":\"2to4\",\"edgeRTMS\":1884},{\"edgeSelection\":\"1to5\",\"edgeRTMS\":2873}]","trial_id":"test_3","congruency":"I","trial_group":"15to20","condition":"distractor","inference_edge":"2to5,5to9,5to8","inference_edgeClickLog":"[{\"edgeSelection\":\"2to5\",\"edgeRTMS\":3265},{\"edgeSelection\":\"5to9\",\"edgeRTMS\":9201},{\"edgeSelection\":\"5to8\",\"edgeRTMS\":10281}]","inference_edgeRT":"10281","inference_edge_last":"","task":"experiment","subjectId":"hyxps4ryd0rj5z2","trial_type":"external-html","trial_index":27,"time_elapsed":1010511,"internal_node_id":"0.0-9.0-0.18"},{"rt":3015,"url":"../static/nodeGraphs_distractor.html","edge":"6to9","edgeRT":"2176","skip":"false","flipped":"FALSE","index":"19","edgeClickLog":"[{\"edgeSelection\":\"6to9\",\"edgeRTMS\":2176}]","trial_id":"test_4","congruency":"I","trial_group":"15to20","condition":"distractor","inference_edge":"2to5,5to9,5to8","inference_edgeClickLog":"[{\"edgeSelection\":\"2to5\",\"edgeRTMS\":3265},{\"edgeSelection\":\"5to9\",\"edgeRTMS\":9201},{\"edgeSelection\":\"5to8\",\"edgeRTMS\":10281}]","inference_edgeRT":"10281","inference_edge_last":"","task":"experiment","subjectId":"hyxps4ryd0rj5z2","trial_type":"external-html","trial_index":28,"time_elapsed":1014112,"internal_node_id":"0.0-9.0-0.19"},{"rt":44111,"response":{"P0_Q0":null,"P0_Q1":4,"P0_Q2":7,"P0_Q3":7,"P0_Q4":5,"P0_Q5":1,"strategies":"I chose the nodes with the highest values","feedback":"I had a great time completing the survey."},"accuracy":[],"trial_type":"survey","trial_index":29,"time_elapsed":1059003,"internal_node_id":"0.0-10.0"},{"rt":2880,"stimulus":"<p>Thanks for your time!</p>        <p>We need to manually calculate your bonus pay, please give us up to 7 days.</p><p>Press any key to conclude.</p>","response":"h","task":"end","subjectId":"hyxps4ryd0rj5z2","trial_type":"html-keyboard-response","trial_index":30,"time_elapsed":1061885,"internal_node_id":"0.0-11.0","interactions":"[{\"event\":\"fullscreenenter\",\"trial\":1,\"time\":3270},{\"event\":\"fullscreenexit\",\"trial\":2,\"time\":4834},{\"event\":\"blur\",\"trial\":3,\"time\":71425},{\"event\":\"focus\",\"trial\":3,\"time\":75233},{\"event\":\"blur\",\"trial\":3,\"time\":82994},{\"event\":\"focus\",\"trial\":3,\"time\":85467},{\"event\":\"blur\",\"trial\":3,\"time\":98607},{\"event\":\"focus\",\"trial\":3,\"time\":100931},{\"event\":\"blur\",\"trial\":5,\"time\":343625},{\"event\":\"focus\",\"trial\":5,\"time\":360967}]"}]