[{"success":true,"timeout":false,"failed_images":[],"failed_audio":[],"failed_video":[],"trial_type":"preload","trial_index":0,"time_elapsed":129,"internal_node_id":"0.0-0.0"},{"success":true,"trial_type":"fullscreen","trial_index":1,"time_elapsed":15876,"internal_node_id":"0.0-1.0"},{"rt":50006,"stimulus":"Welcome to the experiment. Press any key to begin.","response":"enter","trial_type":"html-keyboard-response","trial_index":2,"time_elapsed":65882,"internal_node_id":"0.0-2.0"},{"view_history":[{"page_index":0,"viewing_time":49211},{"page_index":1,"viewing_time":21612},{"page_index":2,"viewing_time":34568},{"page_index":3,"viewing_time":4896},{"page_index":4,"viewing_time":1542},{"page_index":5,"viewing_time":1000},{"page_index":6,"viewing_time":2448},{"page_index":7,"viewing_time":10174},{"page_index":8,"viewing_time":21182},{"page_index":9,"viewing_time":11184},{"page_index":10,"viewing_time":1550},{"page_index":11,"viewing_time":492},{"page_index":12,"viewing_time":586},{"page_index":13,"viewing_time":1416},{"page_index":14,"viewing_time":6202},{"page_index":15,"viewing_time":25634},{"page_index":16,"viewing_time":2184},{"page_index":17,"viewing_time":703},{"page_index":18,"viewing_time":946},{"page_index":19,"viewing_time":4085},{"page_index":20,"viewing_time":10762},{"page_index":21,"viewing_time":3621}],"rt":215999,"trial_type":"instructions","trial_index":3,"time_elapsed":281881,"internal_node_id":"0.0-3.0"},{"rt":206331,"url":"../static/nodeGraphsTraining_scaffolding.html","skip":[],"edgeClickLog":[],"inference_edge":[],"inference_edgeClickLog":[],"trial_type":"external-html","trial_index":4,"time_elapsed":488360,"internal_node_id":"0.0-4.0"},{"rt":35075,"response":{"q1":"The goal is to help the student to get the most points.","q2":"False","q3":"Possible edges you, as the teacher, can choose to teach the learner.","q4":"Edges that the student took before."},"question_order":[0,1,2,3],"trial_type":"survey-multi-choice","trial_index":5,"time_elapsed":523438,"internal_node_id":"0.0-5.0"},{"rt":null,"stimulus":"<p>You can take a 60 second break before starting the experiment.</p><br><br><p>This page will advance in 60 seconds or you can press any key to advance now.</p>","response":null,"trial_type":"html-keyboard-response","trial_index":6,"time_elapsed":583442,"internal_node_id":"0.0-7.0"},{"view_history":[{"page_index":0,"viewing_time":48070}],"rt":48071,"trial_type":"instructions","trial_index":7,"time_elapsed":631514,"internal_node_id":"0.0-8.0"},{"rt":58415,"url":"../static/nodeGraphs_scaffolding.html","edge":"2to5","edgeRT":"25634","skip":"false","flipped":"FALSE","index":"0","edgeClickLog":"[{\"edgeSelection\":\"2to5\",\"edgeRTMS\":25634}]","trial_id":"cong_0","congruency":"C","trial_group":"1to5","condition":"scaffolding","inference_edge":"1to4,4to7,2to4","inference_edgeClickLog":"[{\"edgeSelection\":\"1to4\",\"edgeRTMS\":17469},{\"edgeSelection\":\"4to7\",\"edgeRTMS\":18667},{\"edgeSelection\":\"2to4\",\"edgeRTMS\":21719}]","inference_edgeRT":"21719","inference_edge_last":"2to4","task":"experiment","subjectId":"b4clq0q7tbasra3","trial_type":"external-html","trial_index":8,"time_elapsed":690068,"internal_node_id":"0.0-9.0-0.0"},{"rt":52937,"url":"../static/nodeGraphs_scaffolding.html","edge":"2to6","edgeRT":"19713","skip":"false","flipped":"FALSE","index":"1","edgeClickLog":"[{\"edgeSelection\":\"2to6\",\"edgeRTMS\":19713}]","trial_id":"cong_1","congruency":"C","trial_group":"1to5","condition":"scaffolding","inference_edge":"2to6,6to9,3to6","inference_edgeClickLog":"[{\"edgeSelection\":\"2to6\",\"edgeRTMS\":10988},{\"edgeSelection\":\"6to9\",\"edgeRTMS\":12223},{\"edgeSelection\":\"3to6\",\"edgeRTMS\":25304}]","inference_edgeRT":"25304","inference_edge_last":"3to6","task":"experiment","subjectId":"b4clq0q7tbasra3","trial_type":"external-html","trial_index":9,"time_elapsed":743651,"internal_node_id":"0.0-9.0-0.1"},{"rt":31046,"url":"../static/nodeGraphs_scaffolding.html","edge":"4to7","edgeRT":"13321","skip":"false","flipped":"FALSE","index":"2","edgeClickLog":"[{\"edgeSelection\":\"4to7\",\"edgeRTMS\":13321}]","trial_id":"cong_6","congruency":"C","trial_group":"1to5","condition":"scaffolding","inference_edge":"2to5,5to9,5to7","inference_edgeClickLog":"[{\"edgeSelection\":\"2to5\",\"edgeRTMS\":7815},{\"edgeSelection\":\"5to9\",\"edgeRTMS\":10987},{\"edgeSelection\":\"5to7\",\"edgeRTMS\":16215}]","inference_edgeRT":"16215","inference_edge_last":"5to7","task":"experiment","subjectId":"b4clq0q7tbasra3","trial_type":"external-html","trial_index":10,"time_elapsed":775349,"internal_node_id":"0.0-9.0-0.2"},{"rt":31991,"url":"../static/nodeGraphs_scaffolding.html","edge":"5to8","edgeRT":"7087","skip":"false","flipped":"FALSE","index":"3","edgeClickLog":"[{\"edgeSelection\":\"5to8\",\"edgeRTMS\":7087}]","trial_id":"cong_4","congruency":"C","trial_group":"1to5","condition":"scaffolding","inference_edge":"2to4,4to8,5to8","inference_edgeClickLog":"[{\"edgeSelection\":\"2to4\",\"edgeRTMS\":10848},{\"edgeSelection\":\"4to8\",\"edgeRTMS\":13357},{\"edgeSelection\":\"5to8\",\"edgeRTMS\":23387}]","inference_edgeRT":"23387","inference_edge_last":"5to8","task":"experiment","subjectId":"b4clq0q7tbasra3","trial_type":"external-html","trial_index":11,"time_elapsed":807988,"internal_node_id":"0.0-9.0-0.3"},{"rt":70983,"url":"../static/nodeGraphs_scaffolding.html","edge":"3to5","edgeRT":"48948","skip":"false","flipped":"FALSE","index":"4","edgeClickLog":"[{\"edgeSelection\":\"3to5\",\"edgeRTMS\":48948}]","trial_id":"cong_9","congruency":"C","trial_group":"1to5","condition":"scaffolding","inference_edge":"2to5,5to8,5to9","inference_edgeClickLog":"[{\"edgeSelection\":\"2to5\",\"edgeRTMS\":7299},{\"edgeSelection\":\"5to8\",\"edgeRTMS\":9012},{\"edgeSelection\":\"5to9\",\"edgeRTMS\":17563}]","inference_edgeRT":"17563","inference_edge_last":"5to9","task":"experiment","subjectId":"b4clq0q7tbasra3","trial_type":"external-html","trial_index":12,"time_elapsed":879616,"internal_node_id":"0.0-9.0-0.4"},{"rt":26229,"url":"../static/nodeGraphs_scaffolding.html","edge":"5to8","edgeRT":"6736","skip":"false","flipped":"TRUE","index":"5","edgeClickLog":"[{\"edgeSelection\":\"5to8\",\"edgeRTMS\":6736}]","trial_id":"cong_0_flipped","congruency":"C","trial_group":"5to10","condition":"scaffolding","inference_edge":"3to6,6to8,2to6","inference_edgeClickLog":"[{\"edgeSelection\":\"3to6\",\"edgeRTMS\":5576},{\"edgeSelection\":\"6to8\",\"edgeRTMS\":8933},{\"edgeSelection\":\"2to6\",\"edgeRTMS\":17540}]","inference_edgeRT":"17540","inference_edge_last":"2to6","task":"experiment","subjectId":"b4clq0q7tbasra3","trial_type":"external-html","trial_index":13,"time_elapsed":906484,"internal_node_id":"0.0-9.0-0.5"},{"rt":49140,"url":"../static/nodeGraphs_scaffolding.html","edge":"2to4","edgeRT":"31022","skip":"false","flipped":"TRUE","index":"6","edgeClickLog":"[{\"edgeSelection\":\"2to4\",\"edgeRTMS\":27270},{\"edgeSelection\":\"2to4\",\"edgeRTMS\":29117},{\"edgeSelection\":\"2to4\",\"edgeRTMS\":31022}]","trial_id":"cong_1_flipped","congruency":"C","trial_group":"5to10","condition":"scaffolding","inference_edge":"2to4,4to7,2to6","inference_edgeClickLog":"[{\"edgeSelection\":\"2to4\",\"edgeRTMS\":6389},{\"edgeSelection\":\"4to7\",\"edgeRTMS\":8295},{\"edgeSelection\":\"2to6\",\"edgeRTMS\":13957}]","inference_edgeRT":"13957","inference_edge_last":"2to6","task":"experiment","subjectId":"b4clq0q7tbasra3","trial_type":"external-html","trial_index":14,"time_elapsed":956267,"internal_node_id":"0.0-9.0-0.6"},{"rt":17305,"url":"../static/nodeGraphs_scaffolding.html","edge":"6to9","edgeRT":"6997","skip":"false","flipped":"TRUE","index":"7","edgeClickLog":"[{\"edgeSelection\":\"6to9\",\"edgeRTMS\":6997}]","trial_id":"cong_6_flipped","congruency":"C","trial_group":"5to10","condition":"scaffolding","inference_edge":"2to5,5to9,5to7","inference_edgeClickLog":"[{\"edgeSelection\":\"2to5\",\"edgeRTMS\":3670},{\"edgeSelection\":\"5to9\",\"edgeRTMS\":6572},{\"edgeSelection\":\"5to7\",\"edgeRTMS\":8326}]","inference_edgeRT":"8326","inference_edge_last":"5to7","task":"experiment","subjectId":"b4clq0q7tbasra3","trial_type":"external-html","trial_index":15,"time_elapsed":974240,"internal_node_id":"0.0-9.0-0.7"},{"rt":23083,"url":"../static/nodeGraphs_scaffolding.html","edge":"5to8","edgeRT":"6465","skip":"false","flipped":"TRUE","index":"8","edgeClickLog":"[{\"edgeSelection\":\"5to8\",\"edgeRTMS\":6465}]","trial_id":"cong_4_flipped","congruency":"C","trial_group":"5to10","condition":"scaffolding","inference_edge":"2to6,6to8,6to9","inference_edgeClickLog":"[{\"edgeSelection\":\"2to6\",\"edgeRTMS\":5770},{\"edgeSelection\":\"6to8\",\"edgeRTMS\":7536},{\"edgeSelection\":\"6to9\",\"edgeRTMS\":14925}]","inference_edgeRT":"14925","inference_edge_last":"6to9","task":"experiment","subjectId":"b4clq0q7tbasra3","trial_type":"external-html","trial_index":16,"time_elapsed":997973,"internal_node_id":"0.0-9.0-0.8"},{"rt":40357,"url":"../static/nodeGraphs_scaffolding.html","edge":"1to5","edgeRT":"30725","skip":"false","flipped":"TRUE","index":"9","edgeClickLog":"[{\"edgeSelection\":\"1to5\",\"edgeRTMS\":30725}]","trial_id":"cong_9_flipped","congruency":"C","trial_group":"5to10","condition":"scaffolding","inference_edge":"2to5,5to8,5to7","inference_edgeClickLog":"[{\"edgeSelection\":\"2to5\",\"edgeRTMS\":5098},{\"edgeSelection\":\"5to8\",\"edgeRTMS\":7370},{\"edgeSelection\":\"5to7\",\"edgeRTMS\":8257}]","inference_edgeRT":"8257","inference_edge_last":"5to7","task":"experiment","subjectId":"b4clq0q7tbasra3","trial_type":"external-html","trial_index":17,"time_elapsed":1038968,"internal_node_id":"0.0-9.0-0.9"},{"rt":24963,"url":"../static/nodeGraphs_scaffolding.html","edge":"5to7","edgeRT":"9098","skip":"false","flipped":"FALSE","index":"10","edgeClickLog":"[{\"edgeSelection\":\"5to7\",\"edgeRTMS\":9098}]","trial_id":"cong_0","congruency":"C","trial_group":"10to15","condition":"scaffolding","inference_edge":"1to4,4to7,3to5","inference_edgeClickLog":"[{\"edgeSelection\":\"1to4\",\"edgeRTMS\":3851},{\"edgeSelection\":\"4to7\",\"edgeRTMS\":7015},{\"edgeSelection\":\"3to5\",\"edgeRTMS\":12753}]","inference_edgeRT":"12753","inference_edge_last":"3to5","task":"experiment","subjectId":"b4clq0q7tbasra3","trial_type":"external-html","trial_index":18,"time_elapsed":1064576,"internal_node_id":"0.0-9.0-0.10"},{"rt":36591,"url":"../static/nodeGraphs_scaffolding.html","edge":"2to6","edgeRT":"16371","skip":"false","flipped":"FALSE","index":"11","edgeClickLog":"[{\"edgeSelection\":\"2to6\",\"edgeRTMS\":16371}]","trial_id":"cong_1","congruency":"C","trial_group":"10to15","condition":"scaffolding","inference_edge":"2to6,6to9,2to4","inference_edgeClickLog":"[{\"edgeSelection\":\"2to6\",\"edgeRTMS\":7571},{\"edgeSelection\":\"6to9\",\"edgeRTMS\":8847},{\"edgeSelection\":\"2to4\",\"edgeRTMS\":18591}]","inference_edgeRT":"18591","inference_edge_last":"2to4","task":"experiment","subjectId":"b4clq0q7tbasra3","trial_type":"external-html","trial_index":19,"time_elapsed":1101791,"internal_node_id":"0.0-9.0-0.11"},{"rt":22678,"url":"../static/nodeGraphs_scaffolding.html","edge":"4to7","edgeRT":"8286","skip":"false","flipped":"FALSE","index":"12","edgeClickLog":"[{\"edgeSelection\":\"4to7\",\"edgeRTMS\":8286}]","trial_id":"cong_6","congruency":"C","trial_group":"10to15","condition":"scaffolding","inference_edge":"2to5,5to7,5to9","inference_edgeClickLog":"[{\"edgeSelection\":\"2to5\",\"edgeRTMS\":6505},{\"edgeSelection\":\"5to7\",\"edgeRTMS\":10298},{\"edgeSelection\":\"5to9\",\"edgeRTMS\":11701}]","inference_edgeRT":"11701","inference_edge_last":"5to9","task":"experiment","subjectId":"b4clq0q7tbasra3","trial_type":"external-html","trial_index":20,"time_elapsed":1125107,"internal_node_id":"0.0-9.0-0.12"},{"rt":16570,"url":"../static/nodeGraphs_scaffolding.html","edge":"5to8","edgeRT":"5039","skip":"false","flipped":"FALSE","index":"13","edgeClickLog":"[{\"edgeSelection\":\"5to8\",\"edgeRTMS\":5039}]","trial_id":"cong_4","congruency":"C","trial_group":"10to15","condition":"scaffolding","inference_edge":"2to4,4to8,5to8","inference_edgeClickLog":"[{\"edgeSelection\":\"2to4\",\"edgeRTMS\":4203},{\"edgeSelection\":\"4to8\",\"edgeRTMS\":6229},{\"edgeSelection\":\"5to8\",\"edgeRTMS\":9118}]","inference_edgeRT":"9118","inference_edge_last":"5to8","task":"experiment","subjectId":"b4clq0q7tbasra3","trial_type":"external-html","trial_index":21,"time_elapsed":1142314,"internal_node_id":"0.0-9.0-0.13"},{"rt":44071,"url":"../static/nodeGraphs_scaffolding.html","edge":"2to5","edgeRT":"22192","skip":"false","flipped":"FALSE","index":"14","edgeClickLog":"[{\"edgeSelection\":\"2to5\",\"edgeRTMS\":22192}]","trial_id":"cong_9","congruency":"C","trial_group":"10to15","condition":"scaffolding","inference_edge":"2to5,5to9,5to8","inference_edgeClickLog":"[{\"edgeSelection\":\"2to5\",\"edgeRTMS\":11360},{\"edgeSelection\":\"5to9\",\"edgeRTMS\":14293},{\"edgeSelection\":\"5to8\",\"edgeRTMS\":15698}]","inference_edgeRT":"15698","inference_edge_last":"5to8","task":"experiment","subjectId":"b4clq0q7tbasra3","trial_type":"external-html","trial_index":22,"time_elapsed":1187012,"internal_node_id":"0.0-9.0-0.14"},{"rt":45310,"url":"../static/nodeGraphs_scaffolding.html","edge":"5to8","edgeRT":"29823","skip":"false","flipped":"FALSE","index":"15","edgeClickLog":"[{\"edgeSelection\":\"5to8\",\"edgeRTMS\":29823}]","trial_id":"test_0","congruency":"I","trial_group":"15to20","condition":"scaffolding","inference_edge":"2to5,5to9,5to8","inference_edgeClickLog":"[{\"edgeSelection\":\"2to5\",\"edgeRTMS\":11360},{\"edgeSelection\":\"5to9\",\"edgeRTMS\":14293},{\"edgeSelection\":\"5to8\",\"edgeRTMS\":15698}]","inference_edgeRT":"15698","inference_edge_last":"","task":"experiment","subjectId":"b4clq0q7tbasra3","trial_type":"external-html","trial_index":23,"time_elapsed":1232954,"internal_node_id":"0.0-9.0-0.15"},{"rt":13899,"url":"../static/nodeGraphs_scaffolding.html","edge":"4to7","edgeRT":"12841","skip":"false","flipped":"FALSE","index":"16","edgeClickLog":"[{\"edgeSelection\":\"4to7\",\"edgeRTMS\":12841}]","trial_id":"test_1","congruency":"I","trial_group":"15to20","condition":"scaffolding","inference_edge":"2to5,5to9,5to8","inference_edgeClickLog":"[{\"edgeSelection\":\"2to5\",\"edgeRTMS\":11360},{\"edgeSelection\":\"5to9\",\"edgeRTMS\":14293},{\"edgeSelection\":\"5to8\",\"edgeRTMS\":15698}]","inference_edgeRT":"15698","inference_edge_last":"","task":"experiment","subjectId":"b4clq0q7tbasra3","trial_type":"external-html","trial_index":24,"time_elapsed":1247493,"internal_node_id":"0.0-9.0-0.16"},{"rt":14244,"url":"../static/nodeGraphs_scaffolding.html","edge":"6to8","edgeRT":"12733","skip":"false","flipped":"FALSE","index":"17","edgeClickLog":"[{\"edgeSelection\":\"6to8\",\"edgeRTMS\":12733}]","trial_id":"test_2","congruency":"I","trial_group":"15to20","condition":"scaffolding","inference_edge":"2to5,5to9,5to8","inference_edgeClickLog":"[{\"edgeSelection\":\"2to5\",\"edgeRTMS\":11360},{\"edgeSelection\":\"5to9\",\"edgeRTMS\":14293},{\"edgeSelection\":\"5to8\",\"edgeRTMS\":15698}]","inference_edgeRT":"15698","inference_edge_last":"","task":"experiment","subjectId":"b4clq0q7tbasra3","trial_type":"external-html","trial_index":25,"time_elapsed":1262382,"internal_node_id":"0.0-9.0-0.17"},{"rt":12640,"url":"../static/nodeGraphs_scaffolding.html","edge":"5to9","edgeRT":"12209","skip":"false","flipped":"FALSE","index":"18","edgeClickLog":"[{\"edgeSelection\":\"5to9\",\"edgeRTMS\":12209}]","trial_id":"test_3","congruency":"I","trial_group":"15to20","condition":"scaffolding","inference_edge":"2to5,5to9,5to8","inference_edgeClickLog":"[{\"edgeSelection\":\"2to5\",\"edgeRTMS\":11360},{\"edgeSelection\":\"5to9\",\"edgeRTMS\":14293},{\"edgeSelection\":\"5to8\",\"edgeRTMS\":15698}]","inference_edgeRT":"15698","inference_edge_last":"","task":"experiment","subjectId":"b4clq0q7tbasra3","trial_type":"external-html","trial_index":26,"time_elapsed":1275664,"internal_node_id":"0.0-9.0-0.18"},{"rt":33032,"url":"../static/nodeGraphs_scaffolding.html","edge":"1to5","edgeRT":"32233","skip":"false","flipped":"FALSE","index":"19","edgeClickLog":"[{\"edgeSelection\":\"1to5\",\"edgeRTMS\":32233}]","trial_id":"test_4","congruency":"I","trial_group":"15to20","condition":"scaffolding","inference_edge":"2to5,5to9,5to8","inference_edgeClickLog":"[{\"edgeSelection\":\"2to5\",\"edgeRTMS\":11360},{\"edgeSelection\":\"5to9\",\"edgeRTMS\":14293},{\"edgeSelection\":\"5to8\",\"edgeRTMS\":15698}]","inference_edgeRT":"15698","inference_edge_last":"","task":"experiment","subjectId":"b4clq0q7tbasra3","trial_type":"external-html","trial_index":27,"time_elapsed":1309342,"internal_node_id":"0.0-9.0-0.19"},{"rt":47862,"response":{"P0_Q0":null,"P0_Q1":4,"P0_Q2":7,"P0_Q3":6,"P0_Q4":4,"P0_Q5":2,"strategies":"Tried to imagine why the student took the path that he did. ","feedback":"None"},"accuracy":[],"trial_type":"survey","trial_index":28,"time_elapsed":1357772,"internal_node_id":"0.0-10.0"},{"rt":5114,"stimulus":"<p>Thanks for your time!</p>        <p>We need to manually calculate your bonus pay, please give us up to 7 days.</p><p>Press any key to conclude.</p>","response":" ","task":"end","subjectId":"b4clq0q7tbasra3","trial_type":"html-keyboard-response","trial_index":29,"time_elapsed":1362889,"internal_node_id":"0.0-11.0","interactions":"[{\"event\":\"fullscreenenter\",\"trial\":1,\"time\":14905},{\"event\":\"blur\",\"trial\":3,\"time\":90139},{\"event\":\"focus\",\"trial\":3,\"time\":114987},{\"event\":\"blur\",\"trial\":3,\"time\":242884},{\"event\":\"focus\",\"trial\":3,\"time\":259460}]"}]