[{"success":true,"timeout":false,"failed_images":[],"failed_audio":[],"failed_video":[],"trial_type":"preload","trial_index":0,"time_elapsed":126,"internal_node_id":"0.0-0.0"},{"success":true,"trial_type":"fullscreen","trial_index":1,"time_elapsed":4204,"internal_node_id":"0.0-1.0"},{"rt":1884,"stimulus":"Welcome to the experiment. Press any key to begin.","response":" ","trial_type":"html-keyboard-response","trial_index":2,"time_elapsed":6091,"internal_node_id":"0.0-2.0"},{"view_history":[{"page_index":0,"viewing_time":6991},{"page_index":1,"viewing_time":12043},{"page_index":2,"viewing_time":35055},{"page_index":3,"viewing_time":5617},{"page_index":4,"viewing_time":1971},{"page_index":5,"viewing_time":677},{"page_index":6,"viewing_time":5239},{"page_index":7,"viewing_time":12684},{"page_index":8,"viewing_time":29412},{"page_index":9,"viewing_time":10928},{"page_index":10,"viewing_time":3031},{"page_index":11,"viewing_time":481},{"page_index":12,"viewing_time":655},{"page_index":13,"viewing_time":1716},{"page_index":14,"viewing_time":2962},{"page_index":15,"viewing_time":5242},{"page_index":16,"viewing_time":1308},{"page_index":17,"viewing_time":808},{"page_index":18,"viewing_time":533},{"page_index":19,"viewing_time":4210},{"page_index":20,"viewing_time":10000},{"page_index":21,"viewing_time":4254}],"rt":155818,"trial_type":"instructions","trial_index":3,"time_elapsed":161904,"internal_node_id":"0.0-3.0"},{"rt":189431,"url":"../static/nodeGraphsTraining_distractor.html","skip":[],"edgeClickLog":[],"inference_edge":[],"inference_edgeClickLog":[],"trial_type":"external-html","trial_index":4,"time_elapsed":351415,"internal_node_id":"0.0-4.0"},{"rt":41413,"response":{"q1":"The goal is to help the student to get the most points.","q2":"False","q3":"Possible edges you, as the teacher, can choose to teach the learner.","q4":"Edges that the student took before."},"question_order":[0,1,2,3],"trial_type":"survey-multi-choice","trial_index":5,"time_elapsed":392831,"internal_node_id":"0.0-5.0"},{"rt":10375,"stimulus":"<p>You can take a 60 second break before starting the experiment.</p><br><br><p>This page will advance in 60 seconds or you can press any key to advance now.</p>","response":" ","trial_type":"html-keyboard-response","trial_index":6,"time_elapsed":403209,"internal_node_id":"0.0-7.0"},{"view_history":[{"page_index":0,"viewing_time":108205}],"rt":108205,"trial_type":"instructions","trial_index":7,"time_elapsed":511411,"internal_node_id":"0.0-8.0"},{"rt":66622,"url":"../static/nodeGraphs_distractor.html","edge":"1to4","edgeRT":"27650","skip":"false","flipped":"FALSE","index":"0","edgeClickLog":"[{\"edgeSelection\":\"1to4\",\"edgeRTMS\":27650}]","trial_id":"cong_0","congruency":"C","trial_group":"1to5","condition":"scaffolding","inference_edge":"1to4,2to4,4to7","inference_edgeClickLog":"[{\"edgeSelection\":\"1to4\",\"edgeRTMS\":17481},{\"edgeSelection\":\"2to4\",\"edgeRTMS\":22029},{\"edgeSelection\":\"4to7\",\"edgeRTMS\":36129}]","inference_edgeRT":"36129","inference_edge_last":"4to7","task":"experiment","subjectId":"ow9arq909jcr0f1","trial_type":"external-html","trial_index":8,"time_elapsed":578113,"internal_node_id":"0.0-9.0-0.0"},{"rt":57088,"url":"../static/nodeGraphs_distractor.html","edge":"2to6","edgeRT":"8253","skip":"false","flipped":"FALSE","index":"1","edgeClickLog":"[{\"edgeSelection\":\"2to6\",\"edgeRTMS\":8253}]","trial_id":"cong_1","congruency":"C","trial_group":"1to5","condition":"scaffolding","inference_edge":"2to6,2to4,6to9","inference_edgeClickLog":"[{\"edgeSelection\":\"2to6\",\"edgeRTMS\":9062},{\"edgeSelection\":\"6to9\",\"edgeRTMS\":14763},{\"edgeSelection\":\"6to9\",\"edgeRTMS\":20429},{\"edgeSelection\":\"2to4\",\"edgeRTMS\":24411},{\"edgeSelection\":\"6to9\",\"edgeRTMS\":46695}]","inference_edgeRT":"46695","inference_edge_last":"6to9","task":"experiment","subjectId":"ow9arq909jcr0f1","trial_type":"external-html","trial_index":9,"time_elapsed":635778,"internal_node_id":"0.0-9.0-0.1"},{"rt":38619,"url":"../static/nodeGraphs_distractor.html","edge":"2to5","edgeRT":"11054","skip":"false","flipped":"FALSE","index":"2","edgeClickLog":"[{\"edgeSelection\":\"2to5\",\"edgeRTMS\":11054}]","trial_id":"cong_6","congruency":"C","trial_group":"1to5","condition":"scaffolding","inference_edge":"2to5,5to7,1to5","inference_edgeClickLog":"[{\"edgeSelection\":\"2to5\",\"edgeRTMS\":5729},{\"edgeSelection\":\"5to7\",\"edgeRTMS\":20847},{\"edgeSelection\":\"1to5\",\"edgeRTMS\":22196}]","inference_edgeRT":"22196","inference_edge_last":"1to5","task":"experiment","subjectId":"ow9arq909jcr0f1","trial_type":"external-html","trial_index":10,"time_elapsed":674981,"internal_node_id":"0.0-9.0-0.2"},{"rt":22126,"url":"../static/nodeGraphs_distractor.html","edge":"2to4","edgeRT":"4570","skip":"false","flipped":"FALSE","index":"3","edgeClickLog":"[{\"edgeSelection\":\"2to4\",\"edgeRTMS\":4570}]","trial_id":"cong_4","congruency":"C","trial_group":"1to5","condition":"scaffolding","inference_edge":"2to4,4to8,2to6","inference_edgeClickLog":"[{\"edgeSelection\":\"2to4\",\"edgeRTMS\":5093},{\"edgeSelection\":\"4to8\",\"edgeRTMS\":8473},{\"edgeSelection\":\"2to6\",\"edgeRTMS\":13775}]","inference_edgeRT":"13775","inference_edge_last":"2to6","task":"experiment","subjectId":"ow9arq909jcr0f1","trial_type":"external-html","trial_index":11,"time_elapsed":697696,"internal_node_id":"0.0-9.0-0.3"},{"rt":36030,"url":"../static/nodeGraphs_distractor.html","edge":"2to5","edgeRT":"8870","skip":"false","flipped":"FALSE","index":"4","edgeClickLog":"[{\"edgeSelection\":\"2to5\",\"edgeRTMS\":8870}]","trial_id":"cong_9","congruency":"C","trial_group":"1to5","condition":"scaffolding","inference_edge":"2to4,2to5,5to8","inference_edgeClickLog":"[{\"edgeSelection\":\"2to4\",\"edgeRTMS\":6394},{\"edgeSelection\":\"2to5\",\"edgeRTMS\":7209},{\"edgeSelection\":\"3to5\",\"edgeRTMS\":10245},{\"edgeSelection\":\"3to5\",\"edgeRTMS\":15710},{\"edgeSelection\":\"5to8\",\"edgeRTMS\":17295}]","inference_edgeRT":"17295","inference_edge_last":"5to8","task":"experiment","subjectId":"ow9arq909jcr0f1","trial_type":"external-html","trial_index":12,"time_elapsed":734312,"internal_node_id":"0.0-9.0-0.4"},{"rt":20291,"url":"../static/nodeGraphs_distractor.html","edge":"3to6","edgeRT":"2920","skip":"false","flipped":"TRUE","index":"5","edgeClickLog":"[{\"edgeSelection\":\"3to6\",\"edgeRTMS\":2920}]","trial_id":"cong_0_flipped","congruency":"C","trial_group":"5to10","condition":"scaffolding","inference_edge":"3to6,6to9,2to6","inference_edgeClickLog":"[{\"edgeSelection\":\"3to6\",\"edgeRTMS\":6230},{\"edgeSelection\":\"6to9\",\"edgeRTMS\":10079},{\"edgeSelection\":\"2to6\",\"edgeRTMS\":11496}]","inference_edgeRT":"11496","inference_edge_last":"2to6","task":"experiment","subjectId":"ow9arq909jcr0f1","trial_type":"external-html","trial_index":13,"time_elapsed":755178,"internal_node_id":"0.0-9.0-0.5"},{"rt":19943,"url":"../static/nodeGraphs_distractor.html","edge":"2to4","edgeRT":"4653","skip":"false","flipped":"TRUE","index":"6","edgeClickLog":"[{\"edgeSelection\":\"2to4\",\"edgeRTMS\":4653}]","trial_id":"cong_1_flipped","congruency":"C","trial_group":"5to10","condition":"scaffolding","inference_edge":"2to4,1to4,4to7","inference_edgeClickLog":"[{\"edgeSelection\":\"2to4\",\"edgeRTMS\":6232},{\"edgeSelection\":\"1to4\",\"edgeRTMS\":8879},{\"edgeSelection\":\"4to7\",\"edgeRTMS\":10012}]","inference_edgeRT":"10012","inference_edge_last":"4to7","task":"experiment","subjectId":"ow9arq909jcr0f1","trial_type":"external-html","trial_index":14,"time_elapsed":775713,"internal_node_id":"0.0-9.0-0.6"},{"rt":17623,"url":"../static/nodeGraphs_distractor.html","edge":"2to5","edgeRT":"2770","skip":"false","flipped":"TRUE","index":"7","edgeClickLog":"[{\"edgeSelection\":\"2to5\",\"edgeRTMS\":2770}]","trial_id":"cong_6_flipped","congruency":"C","trial_group":"5to10","condition":"scaffolding","inference_edge":"2to5,5to7,3to5","inference_edgeClickLog":"[{\"edgeSelection\":\"3to5\",\"edgeRTMS\":3362},{\"edgeSelection\":\"3to5\",\"edgeRTMS\":6995},{\"edgeSelection\":\"2to5\",\"edgeRTMS\":7843},{\"edgeSelection\":\"5to7\",\"edgeRTMS\":9812},{\"edgeSelection\":\"3to5\",\"edgeRTMS\":11345}]","inference_edgeRT":"11345","inference_edge_last":"3to5","task":"experiment","subjectId":"ow9arq909jcr0f1","trial_type":"external-html","trial_index":15,"time_elapsed":793913,"internal_node_id":"0.0-9.0-0.7"},{"rt":19031,"url":"../static/nodeGraphs_distractor.html","edge":"2to6","edgeRT":"3638","skip":"false","flipped":"TRUE","index":"8","edgeClickLog":"[{\"edgeSelection\":\"2to6\",\"edgeRTMS\":3638}]","trial_id":"cong_4_flipped","congruency":"C","trial_group":"5to10","condition":"scaffolding","inference_edge":"2to6,6to8,2to4","inference_edgeClickLog":"[{\"edgeSelection\":\"2to6\",\"edgeRTMS\":5595},{\"edgeSelection\":\"6to8\",\"edgeRTMS\":7910},{\"edgeSelection\":\"2to4\",\"edgeRTMS\":9311}]","inference_edgeRT":"9311","inference_edge_last":"2to4","task":"experiment","subjectId":"ow9arq909jcr0f1","trial_type":"external-html","trial_index":16,"time_elapsed":813528,"internal_node_id":"0.0-9.0-0.8"},{"rt":11256,"url":"../static/nodeGraphs_distractor.html","edge":"2to5","edgeRT":"2369","skip":"false","flipped":"TRUE","index":"9","edgeClickLog":"[{\"edgeSelection\":\"2to5\",\"edgeRTMS\":2369}]","trial_id":"cong_9_flipped","congruency":"C","trial_group":"5to10","condition":"scaffolding","inference_edge":"2to5,5to7,5to8","inference_edgeClickLog":"[{\"edgeSelection\":\"2to5\",\"edgeRTMS\":3076},{\"edgeSelection\":\"5to7\",\"edgeRTMS\":5595},{\"edgeSelection\":\"5to8\",\"edgeRTMS\":6662}]","inference_edgeRT":"6662","inference_edge_last":"5to8","task":"experiment","subjectId":"ow9arq909jcr0f1","trial_type":"external-html","trial_index":17,"time_elapsed":825362,"internal_node_id":"0.0-9.0-0.9"},{"rt":20395,"url":"../static/nodeGraphs_distractor.html","edge":"1to4","edgeRT":"3288","skip":"false","flipped":"FALSE","index":"10","edgeClickLog":"[{\"edgeSelection\":\"1to4\",\"edgeRTMS\":3288}]","trial_id":"cong_0","congruency":"C","trial_group":"10to15","condition":"scaffolding","inference_edge":"1to4,2to4,4to7","inference_edgeClickLog":"[{\"edgeSelection\":\"1to4\",\"edgeRTMS\":5591},{\"edgeSelection\":\"2to4\",\"edgeRTMS\":9329},{\"edgeSelection\":\"4to7\",\"edgeRTMS\":12028}]","inference_edgeRT":"12028","inference_edge_last":"4to7","task":"experiment","subjectId":"ow9arq909jcr0f1","trial_type":"external-html","trial_index":18,"time_elapsed":846344,"internal_node_id":"0.0-9.0-0.10"},{"rt":18639,"url":"../static/nodeGraphs_distractor.html","edge":"2to6","edgeRT":"4752","skip":"false","flipped":"FALSE","index":"11","edgeClickLog":"[{\"edgeSelection\":\"2to6\",\"edgeRTMS\":4752}]","trial_id":"cong_1","congruency":"C","trial_group":"10to15","condition":"scaffolding","inference_edge":"2to6,3to6,6to9","inference_edgeClickLog":"[{\"edgeSelection\":\"2to6\",\"edgeRTMS\":4229},{\"edgeSelection\":\"3to6\",\"edgeRTMS\":5243},{\"edgeSelection\":\"6to9\",\"edgeRTMS\":8980}]","inference_edgeRT":"8980","inference_edge_last":"6to9","task":"experiment","subjectId":"ow9arq909jcr0f1","trial_type":"external-html","trial_index":19,"time_elapsed":865561,"internal_node_id":"0.0-9.0-0.11"},{"rt":17856,"url":"../static/nodeGraphs_distractor.html","edge":"2to5","edgeRT":"3187","skip":"false","flipped":"FALSE","index":"12","edgeClickLog":"[{\"edgeSelection\":\"2to5\",\"edgeRTMS\":3187}]","trial_id":"cong_6","congruency":"C","trial_group":"10to15","condition":"scaffolding","inference_edge":"2to5,5to7,5to9","inference_edgeClickLog":"[{\"edgeSelection\":\"2to5\",\"edgeRTMS\":6861},{\"edgeSelection\":\"5to7\",\"edgeRTMS\":10929},{\"edgeSelection\":\"5to9\",\"edgeRTMS\":12345}]","inference_edgeRT":"12345","inference_edge_last":"5to9","task":"experiment","subjectId":"ow9arq909jcr0f1","trial_type":"external-html","trial_index":20,"time_elapsed":883994,"internal_node_id":"0.0-9.0-0.12"},{"rt":19065,"url":"../static/nodeGraphs_distractor.html","edge":"2to4","edgeRT":"4002","skip":"false","flipped":"FALSE","index":"13","edgeClickLog":"[{\"edgeSelection\":\"2to4\",\"edgeRTMS\":4002}]","trial_id":"cong_4","congruency":"C","trial_group":"10to15","condition":"scaffolding","inference_edge":"2to4,4to8,1to4","inference_edgeClickLog":"[{\"edgeSelection\":\"2to4\",\"edgeRTMS\":5629},{\"edgeSelection\":\"4to8\",\"edgeRTMS\":7110},{\"edgeSelection\":\"1to4\",\"edgeRTMS\":12131}]","inference_edgeRT":"12131","inference_edge_last":"1to4","task":"experiment","subjectId":"ow9arq909jcr0f1","trial_type":"external-html","trial_index":21,"time_elapsed":903643,"internal_node_id":"0.0-9.0-0.13"},{"rt":11423,"url":"../static/nodeGraphs_distractor.html","edge":"2to5","edgeRT":"2598","skip":"false","flipped":"FALSE","index":"14","edgeClickLog":"[{\"edgeSelection\":\"2to5\",\"edgeRTMS\":2598}]","trial_id":"cong_9","congruency":"C","trial_group":"10to15","condition":"scaffolding","inference_edge":"2to5,5to8,3to5","inference_edgeClickLog":"[{\"edgeSelection\":\"2to5\",\"edgeRTMS\":4398},{\"edgeSelection\":\"5to8\",\"edgeRTMS\":6361},{\"edgeSelection\":\"3to5\",\"edgeRTMS\":7330}]","inference_edgeRT":"7330","inference_edge_last":"3to5","task":"experiment","subjectId":"ow9arq909jcr0f1","trial_type":"external-html","trial_index":22,"time_elapsed":915650,"internal_node_id":"0.0-9.0-0.14"},{"rt":24509,"url":"../static/nodeGraphs_distractor.html","edge":"6to8","edgeRT":"10607","skip":"false","flipped":"FALSE","index":"15","edgeClickLog":"[{\"edgeSelection\":\"6to8\",\"edgeRTMS\":10607}]","trial_id":"test_0","congruency":"I","trial_group":"15to20","condition":"scaffolding","inference_edge":"2to5,5to8,3to5","inference_edgeClickLog":"[{\"edgeSelection\":\"2to5\",\"edgeRTMS\":4398},{\"edgeSelection\":\"5to8\",\"edgeRTMS\":6361},{\"edgeSelection\":\"3to5\",\"edgeRTMS\":7330}]","inference_edgeRT":"7330","inference_edge_last":"","task":"experiment","subjectId":"ow9arq909jcr0f1","trial_type":"external-html","trial_index":23,"time_elapsed":940730,"internal_node_id":"0.0-9.0-0.15"},{"rt":4993,"url":"../static/nodeGraphs_distractor.html","edge":"3to6","edgeRT":"4081","skip":"false","flipped":"FALSE","index":"16","edgeClickLog":"[{\"edgeSelection\":\"3to6\",\"edgeRTMS\":4081}]","trial_id":"test_1","congruency":"I","trial_group":"15to20","condition":"scaffolding","inference_edge":"2to5,5to8,3to5","inference_edgeClickLog":"[{\"edgeSelection\":\"2to5\",\"edgeRTMS\":4398},{\"edgeSelection\":\"5to8\",\"edgeRTMS\":6361},{\"edgeSelection\":\"3to5\",\"edgeRTMS\":7330}]","inference_edgeRT":"7330","inference_edge_last":"","task":"experiment","subjectId":"ow9arq909jcr0f1","trial_type":"external-html","trial_index":24,"time_elapsed":946309,"internal_node_id":"0.0-9.0-0.16"},{"rt":3379,"url":"../static/nodeGraphs_distractor.html","edge":"3to6","edgeRT":"2985","skip":"false","flipped":"FALSE","index":"17","edgeClickLog":"[{\"edgeSelection\":\"3to6\",\"edgeRTMS\":2985}]","trial_id":"test_2","congruency":"I","trial_group":"15to20","condition":"scaffolding","inference_edge":"2to5,5to8,3to5","inference_edgeClickLog":"[{\"edgeSelection\":\"2to5\",\"edgeRTMS\":4398},{\"edgeSelection\":\"5to8\",\"edgeRTMS\":6361},{\"edgeSelection\":\"3to5\",\"edgeRTMS\":7330}]","inference_edgeRT":"7330","inference_edge_last":"","task":"experiment","subjectId":"ow9arq909jcr0f1","trial_type":"external-html","trial_index":25,"time_elapsed":950274,"internal_node_id":"0.0-9.0-0.17"},{"rt":3751,"url":"../static/nodeGraphs_distractor.html","edge":"1to5","edgeRT":"3352","skip":"false","flipped":"FALSE","index":"18","edgeClickLog":"[{\"edgeSelection\":\"1to5\",\"edgeRTMS\":3352}]","trial_id":"test_3","congruency":"I","trial_group":"15to20","condition":"scaffolding","inference_edge":"2to5,5to8,3to5","inference_edgeClickLog":"[{\"edgeSelection\":\"2to5\",\"edgeRTMS\":4398},{\"edgeSelection\":\"5to8\",\"edgeRTMS\":6361},{\"edgeSelection\":\"3to5\",\"edgeRTMS\":7330}]","inference_edgeRT":"7330","inference_edge_last":"","task":"experiment","subjectId":"ow9arq909jcr0f1","trial_type":"external-html","trial_index":26,"time_elapsed":954610,"internal_node_id":"0.0-9.0-0.18"},{"rt":3571,"url":"../static/nodeGraphs_distractor.html","edge":"6to9","edgeRT":"3333","skip":"false","flipped":"FALSE","index":"19","edgeClickLog":"[{\"edgeSelection\":\"6to9\",\"edgeRTMS\":3333}]","trial_id":"test_4","congruency":"I","trial_group":"15to20","condition":"scaffolding","inference_edge":"2to5,5to8,3to5","inference_edgeClickLog":"[{\"edgeSelection\":\"2to5\",\"edgeRTMS\":4398},{\"edgeSelection\":\"5to8\",\"edgeRTMS\":6361},{\"edgeSelection\":\"3to5\",\"edgeRTMS\":7330}]","inference_edgeRT":"7330","inference_edge_last":"","task":"experiment","subjectId":"ow9arq909jcr0f1","trial_type":"external-html","trial_index":27,"time_elapsed":958773,"internal_node_id":"0.0-9.0-0.19"},{"rt":108228,"response":{"P0_Q0":null,"P0_Q1":2,"P0_Q2":5,"P0_Q3":6,"P0_Q4":4,"P0_Q5":2,"strategies":"I picked the path with the highest possible number of points to be earned.","feedback":"None"},"accuracy":[],"trial_type":"survey","trial_index":28,"time_elapsed":1067549,"internal_node_id":"0.0-10.0"},{"rt":5463,"stimulus":"<p>Thanks for your time!</p>        <p>We need to manually calculate your bonus pay, please give us up to 7 days.</p><p>Press any key to conclude.</p>","response":" ","task":"end","subjectId":"ow9arq909jcr0f1","trial_type":"html-keyboard-response","trial_index":29,"time_elapsed":1073014,"internal_node_id":"0.0-11.0","interactions":"[{\"event\":\"fullscreenenter\",\"trial\":1,\"time\":3250}]"}]