[{"success":true,"timeout":false,"failed_images":[],"failed_audio":[],"failed_video":[],"trial_type":"preload","trial_index":0,"time_elapsed":447,"internal_node_id":"0.0-0.0"},{"success":true,"trial_type":"fullscreen","trial_index":1,"time_elapsed":28039,"internal_node_id":"0.0-1.0"},{"rt":8675,"stimulus":"Welcome to the experiment. Press any key to begin.","response":"enter","trial_type":"html-keyboard-response","trial_index":2,"time_elapsed":36719,"internal_node_id":"0.0-2.0"},{"view_history":[{"page_index":0,"viewing_time":7470},{"page_index":1,"viewing_time":18790},{"page_index":2,"viewing_time":51576},{"page_index":3,"viewing_time":15541},{"page_index":4,"viewing_time":2809},{"page_index":5,"viewing_time":2115},{"page_index":6,"viewing_time":5923},{"page_index":7,"viewing_time":13295},{"page_index":8,"viewing_time":24056},{"page_index":9,"viewing_time":16527},{"page_index":10,"viewing_time":3692},{"page_index":11,"viewing_time":2268},{"page_index":12,"viewing_time":2177},{"page_index":13,"viewing_time":4173},{"page_index":14,"viewing_time":2941},{"page_index":15,"viewing_time":7095},{"page_index":16,"viewing_time":3354},{"page_index":17,"viewing_time":1172},{"page_index":18,"viewing_time":1879},{"page_index":19,"viewing_time":9979},{"page_index":20,"viewing_time":40460},{"page_index":21,"viewing_time":6139}],"rt":243430,"trial_type":"instructions","trial_index":3,"time_elapsed":280152,"internal_node_id":"0.0-3.0"},{"rt":194273,"url":"../static/nodeGraphsTraining_distractor.html","skip":[],"edgeClickLog":[],"inference_edge":[],"inference_edgeClickLog":[],"trial_type":"external-html","trial_index":4,"time_elapsed":474605,"internal_node_id":"0.0-4.0"},{"rt":42923,"response":{"q1":"The goal is to help the student to get the most points.","q2":"False","q3":"Possible edges you, as the teacher, can choose to teach the learner.","q4":"Edges that the student took before."},"question_order":[0,1,2,3],"trial_type":"survey-multi-choice","trial_index":5,"time_elapsed":517541,"internal_node_id":"0.0-5.0"},{"rt":10396,"stimulus":"<p>You can take a 60 second break before starting the experiment.</p><br><br><p>This page will advance in 60 seconds or you can press any key to advance now.</p>","response":"m","trial_type":"html-keyboard-response","trial_index":6,"time_elapsed":527945,"internal_node_id":"0.0-7.0"},{"view_history":[{"page_index":0,"viewing_time":27761}],"rt":27762,"trial_type":"instructions","trial_index":7,"time_elapsed":555708,"internal_node_id":"0.0-8.0"},{"rt":34608,"url":"../static/nodeGraphs_distractor.html","edge":"2to4","edgeRT":"9912","skip":"false","flipped":"FALSE","index":"0","edgeClickLog":"[{\"edgeSelection\":\"1to4\",\"edgeRTMS\":8128},{\"edgeSelection\":\"2to4\",\"edgeRTMS\":9912}]","trial_id":"incong_0","congruency":"I","trial_group":"1to5","condition":"distractor","inference_edge":"4to7,5to8,2to4","inference_edgeClickLog":"[{\"edgeSelection\":\"4to7\",\"edgeRTMS\":11876},{\"edgeSelection\":\"5to8\",\"edgeRTMS\":14555},{\"edgeSelection\":\"2to4\",\"edgeRTMS\":17187}]","inference_edgeRT":"17187","inference_edge_last":"2to4","task":"experiment","subjectId":"qyre3my50u35epl","trial_type":"external-html","trial_index":8,"time_elapsed":590426,"internal_node_id":"0.0-9.0-0.0"},{"rt":23158,"url":"../static/nodeGraphs_distractor.html","edge":"2to4","edgeRT":"6059","skip":"false","flipped":"FALSE","index":"1","edgeClickLog":"[{\"edgeSelection\":\"2to4\",\"edgeRTMS\":6059}]","trial_id":"incong_5","congruency":"I","trial_group":"1to5","condition":"distractor","inference_edge":"2to4,4to8,4to7","inference_edgeClickLog":"[{\"edgeSelection\":\"2to4\",\"edgeRTMS\":9026},{\"edgeSelection\":\"4to8\",\"edgeRTMS\":12284},{\"edgeSelection\":\"4to7\",\"edgeRTMS\":13999}]","inference_edgeRT":"13999","inference_edge_last":"4to7","task":"experiment","subjectId":"qyre3my50u35epl","trial_type":"external-html","trial_index":9,"time_elapsed":614179,"internal_node_id":"0.0-9.0-0.1"},{"rt":30272,"url":"../static/nodeGraphs_distractor.html","edge":"2to6","edgeRT":"6854","skip":"false","flipped":"FALSE","index":"2","edgeClickLog":"[{\"edgeSelection\":\"0to2\",\"edgeRTMS\":3213},{\"edgeSelection\":\"2to6\",\"edgeRTMS\":6854}]","trial_id":"incong_3","congruency":"I","trial_group":"1to5","condition":"distractor","inference_edge":"0to2,2to6,5to7","inference_edgeClickLog":"[{\"edgeSelection\":\"0to2\",\"edgeRTMS\":8141},{\"edgeSelection\":\"3to5\",\"edgeRTMS\":10433},{\"edgeSelection\":\"2to6\",\"edgeRTMS\":13382},{\"edgeSelection\":\"2to6\",\"edgeRTMS\":13810},{\"edgeSelection\":\"2to6\",\"edgeRTMS\":14526},{\"edgeSelection\":\"3to5\",\"edgeRTMS\":15999},{\"edgeSelection\":\"5to7\",\"edgeRTMS\":19525}]","inference_edgeRT":"19525","inference_edge_last":"5to7","task":"experiment","subjectId":"qyre3my50u35epl","trial_type":"external-html","trial_index":10,"time_elapsed":645048,"internal_node_id":"0.0-9.0-0.2"},{"rt":19400,"url":"../static/nodeGraphs_distractor.html","edge":"4to8","edgeRT":"3185","skip":"false","flipped":"FALSE","index":"3","edgeClickLog":"[{\"edgeSelection\":\"4to8\",\"edgeRTMS\":3185}]","trial_id":"incong_10","congruency":"I","trial_group":"1to5","condition":"distractor","inference_edge":"2to4,4to8,5to7","inference_edgeClickLog":"[{\"edgeSelection\":\"2to4\",\"edgeRTMS\":3629},{\"edgeSelection\":\"4to8\",\"edgeRTMS\":6682},{\"edgeSelection\":\"5to7\",\"edgeRTMS\":11972}]","inference_edgeRT":"11972","inference_edge_last":"5to7","task":"experiment","subjectId":"qyre3my50u35epl","trial_type":"external-html","trial_index":11,"time_elapsed":665043,"internal_node_id":"0.0-9.0-0.3"},{"rt":23187,"url":"../static/nodeGraphs_distractor.html","edge":"2to4","edgeRT":"10191","skip":"false","flipped":"FALSE","index":"4","edgeClickLog":"[{\"edgeSelection\":\"2to4\",\"edgeRTMS\":10191}]","trial_id":"incong_2","congruency":"I","trial_group":"1to5","condition":"distractor","inference_edge":"0to1,1to4,4to8","inference_edgeClickLog":"[{\"edgeSelection\":\"0to1\",\"edgeRTMS\":5609},{\"edgeSelection\":\"1to4\",\"edgeRTMS\":7655},{\"edgeSelection\":\"4to8\",\"edgeRTMS\":10063}]","inference_edgeRT":"10063","inference_edge_last":"4to8","task":"experiment","subjectId":"qyre3my50u35epl","trial_type":"external-html","trial_index":12,"time_elapsed":688832,"internal_node_id":"0.0-9.0-0.4"},{"rt":20330,"url":"../static/nodeGraphs_distractor.html","edge":"4to8","edgeRT":"5169","skip":"false","flipped":"TRUE","index":"5","edgeClickLog":"[{\"edgeSelection\":\"4to8\",\"edgeRTMS\":5169}]","trial_id":"incong_0_flipped","congruency":"I","trial_group":"5to10","condition":"distractor","inference_edge":"3to6,6to9,4to8","inference_edgeClickLog":"[{\"edgeSelection\":\"3to6\",\"edgeRTMS\":4566},{\"edgeSelection\":\"6to9\",\"edgeRTMS\":6656},{\"edgeSelection\":\"4to8\",\"edgeRTMS\":11938}]","inference_edgeRT":"11938","inference_edge_last":"4to8","task":"experiment","subjectId":"qyre3my50u35epl","trial_type":"external-html","trial_index":13,"time_elapsed":709756,"internal_node_id":"0.0-9.0-0.5"},{"rt":23410,"url":"../static/nodeGraphs_distractor.html","edge":"1to4","edgeRT":"5522","skip":"false","flipped":"TRUE","index":"6","edgeClickLog":"[{\"edgeSelection\":\"1to4\",\"edgeRTMS\":5522}]","trial_id":"incong_5_flipped","congruency":"I","trial_group":"5to10","condition":"distractor","inference_edge":"2to6,6to9,2to4","inference_edgeClickLog":"[{\"edgeSelection\":\"2to6\",\"edgeRTMS\":5342},{\"edgeSelection\":\"6to9\",\"edgeRTMS\":9938},{\"edgeSelection\":\"2to4\",\"edgeRTMS\":13248}]","inference_edgeRT":"13248","inference_edge_last":"2to4","task":"experiment","subjectId":"qyre3my50u35epl","trial_type":"external-html","trial_index":14,"time_elapsed":733756,"internal_node_id":"0.0-9.0-0.6"},{"rt":20489,"url":"../static/nodeGraphs_distractor.html","edge":"5to9","edgeRT":"3592","skip":"false","flipped":"TRUE","index":"7","edgeClickLog":"[{\"edgeSelection\":\"5to9\",\"edgeRTMS\":3592}]","trial_id":"incong_3_flipped","congruency":"I","trial_group":"5to10","condition":"distractor","inference_edge":"0to2,2to4,5to9","inference_edgeClickLog":"[{\"edgeSelection\":\"0to2\",\"edgeRTMS\":5160},{\"edgeSelection\":\"2to4\",\"edgeRTMS\":8719},{\"edgeSelection\":\"5to9\",\"edgeRTMS\":12862}]","inference_edgeRT":"12862","inference_edge_last":"5to9","task":"experiment","subjectId":"qyre3my50u35epl","trial_type":"external-html","trial_index":15,"time_elapsed":754837,"internal_node_id":"0.0-9.0-0.7"},{"rt":23773,"url":"../static/nodeGraphs_distractor.html","edge":"5to8","edgeRT":"5299","skip":"false","flipped":"TRUE","index":"8","edgeClickLog":"[{\"edgeSelection\":\"5to8\",\"edgeRTMS\":5299}]","trial_id":"incong_10_flipped","congruency":"I","trial_group":"5to10","condition":"distractor","inference_edge":"2to4,4to8,6to8","inference_edgeClickLog":"[{\"edgeSelection\":\"2to4\",\"edgeRTMS\":8175},{\"edgeSelection\":\"4to8\",\"edgeRTMS\":11689},{\"edgeSelection\":\"6to8\",\"edgeRTMS\":15422}]","inference_edgeRT":"15422","inference_edge_last":"6to8","task":"experiment","subjectId":"qyre3my50u35epl","trial_type":"external-html","trial_index":16,"time_elapsed":779210,"internal_node_id":"0.0-9.0-0.8"},{"rt":20728,"url":"../static/nodeGraphs_distractor.html","edge":"2to6","edgeRT":"4872","skip":"false","flipped":"TRUE","index":"9","edgeClickLog":"[{\"edgeSelection\":\"2to6\",\"edgeRTMS\":4872}]","trial_id":"incong_2_flipped","congruency":"I","trial_group":"5to10","condition":"distractor","inference_edge":"6to8,3to6,0to3","inference_edgeClickLog":"[{\"edgeSelection\":\"6to8\",\"edgeRTMS\":6714},{\"edgeSelection\":\"3to6\",\"edgeRTMS\":8928},{\"edgeSelection\":\"0to3\",\"edgeRTMS\":11366}]","inference_edgeRT":"11366","inference_edge_last":"0to3","task":"experiment","subjectId":"qyre3my50u35epl","trial_type":"external-html","trial_index":17,"time_elapsed":800545,"internal_node_id":"0.0-9.0-0.9"},{"rt":17693,"url":"../static/nodeGraphs_distractor.html","edge":"6to8","edgeRT":"3087","skip":"false","flipped":"FALSE","index":"10","edgeClickLog":"[{\"edgeSelection\":\"6to8\",\"edgeRTMS\":3087}]","trial_id":"incong_0","congruency":"I","trial_group":"10to15","condition":"distractor","inference_edge":"1to4,4to7,4to8","inference_edgeClickLog":"[{\"edgeSelection\":\"1to4\",\"edgeRTMS\":5971},{\"edgeSelection\":\"4to7\",\"edgeRTMS\":9294},{\"edgeSelection\":\"4to8\",\"edgeRTMS\":11414}]","inference_edgeRT":"11414","inference_edge_last":"4to8","task":"experiment","subjectId":"qyre3my50u35epl","trial_type":"external-html","trial_index":18,"time_elapsed":818825,"internal_node_id":"0.0-9.0-0.10"},{"rt":21518,"url":"../static/nodeGraphs_distractor.html","edge":"5to9","edgeRT":"3889","skip":"false","flipped":"FALSE","index":"11","edgeClickLog":"[{\"edgeSelection\":\"5to9\",\"edgeRTMS\":3889}]","trial_id":"incong_5","congruency":"I","trial_group":"10to15","condition":"distractor","inference_edge":"1to4,4to7,6to8","inference_edgeClickLog":"[{\"edgeSelection\":\"1to4\",\"edgeRTMS\":6184},{\"edgeSelection\":\"4to7\",\"edgeRTMS\":7980},{\"edgeSelection\":\"6to8\",\"edgeRTMS\":14009}]","inference_edgeRT":"14009","inference_edge_last":"6to8","task":"experiment","subjectId":"qyre3my50u35epl","trial_type":"external-html","trial_index":19,"time_elapsed":840944,"internal_node_id":"0.0-9.0-0.11"},{"rt":20055,"url":"../static/nodeGraphs_distractor.html","edge":"0to2","edgeRT":"5906","skip":"false","flipped":"FALSE","index":"12","edgeClickLog":"[{\"edgeSelection\":\"0to2\",\"edgeRTMS\":5906}]","trial_id":"incong_3","congruency":"I","trial_group":"10to15","condition":"distractor","inference_edge":"0to2,2to6,6to8","inference_edgeClickLog":"[{\"edgeSelection\":\"0to2\",\"edgeRTMS\":5078},{\"edgeSelection\":\"2to6\",\"edgeRTMS\":7372},{\"edgeSelection\":\"6to8\",\"edgeRTMS\":10576}]","inference_edgeRT":"10576","inference_edge_last":"6to8","task":"experiment","subjectId":"qyre3my50u35epl","trial_type":"external-html","trial_index":20,"time_elapsed":861585,"internal_node_id":"0.0-9.0-0.12"},{"rt":19739,"url":"../static/nodeGraphs_distractor.html","edge":"6to8","edgeRT":"8548","skip":"false","flipped":"FALSE","index":"13","edgeClickLog":"[{\"edgeSelection\":\"6to8\",\"edgeRTMS\":8548}]","trial_id":"incong_10","congruency":"I","trial_group":"10to15","condition":"distractor","inference_edge":"4to8,2to4,2to6","inference_edgeClickLog":"[{\"edgeSelection\":\"4to8\",\"edgeRTMS\":3934},{\"edgeSelection\":\"2to4\",\"edgeRTMS\":5638},{\"edgeSelection\":\"2to6\",\"edgeRTMS\":7737}]","inference_edgeRT":"7737","inference_edge_last":"2to6","task":"experiment","subjectId":"qyre3my50u35epl","trial_type":"external-html","trial_index":21,"time_elapsed":881908,"internal_node_id":"0.0-9.0-0.13"},{"rt":27466,"url":"../static/nodeGraphs_distractor.html","edge":"3to6","edgeRT":"9163","skip":"false","flipped":"FALSE","index":"14","edgeClickLog":"[{\"edgeSelection\":\"2to4\",\"edgeRTMS\":3627},{\"edgeSelection\":\"3to6\",\"edgeRTMS\":9163}]","trial_id":"incong_2","congruency":"I","trial_group":"10to15","condition":"distractor","inference_edge":"4to8,0to2,2to6","inference_edgeClickLog":"[{\"edgeSelection\":\"4to8\",\"edgeRTMS\":3890},{\"edgeSelection\":\"0to2\",\"edgeRTMS\":8902},{\"edgeSelection\":\"2to6\",\"edgeRTMS\":12165}]","inference_edgeRT":"12165","inference_edge_last":"2to6","task":"experiment","subjectId":"qyre3my50u35epl","trial_type":"external-html","trial_index":22,"time_elapsed":909959,"internal_node_id":"0.0-9.0-0.14"},{"rt":27581,"url":"../static/nodeGraphs_distractor.html","edge":"5to8","edgeRT":"9484","skip":"false","flipped":"FALSE","index":"15","edgeClickLog":"[{\"edgeSelection\":\"5to8\",\"edgeRTMS\":9484}]","trial_id":"test_0","congruency":"I","trial_group":"15to20","condition":"distractor","inference_edge":"4to8,0to2,2to6","inference_edgeClickLog":"[{\"edgeSelection\":\"4to8\",\"edgeRTMS\":3890},{\"edgeSelection\":\"0to2\",\"edgeRTMS\":8902},{\"edgeSelection\":\"2to6\",\"edgeRTMS\":12165}]","inference_edgeRT":"12165","inference_edge_last":"","task":"experiment","subjectId":"qyre3my50u35epl","trial_type":"external-html","trial_index":23,"time_elapsed":938133,"internal_node_id":"0.0-9.0-0.15"},{"rt":9377,"url":"../static/nodeGraphs_distractor.html","edge":"2to6","edgeRT":"7205","skip":"false","flipped":"FALSE","index":"16","edgeClickLog":"[{\"edgeSelection\":\"2to6\",\"edgeRTMS\":7205}]","trial_id":"test_1","congruency":"I","trial_group":"15to20","condition":"distractor","inference_edge":"4to8,0to2,2to6","inference_edgeClickLog":"[{\"edgeSelection\":\"4to8\",\"edgeRTMS\":3890},{\"edgeSelection\":\"0to2\",\"edgeRTMS\":8902},{\"edgeSelection\":\"2to6\",\"edgeRTMS\":12165}]","inference_edgeRT":"12165","inference_edge_last":"","task":"experiment","subjectId":"qyre3my50u35epl","trial_type":"external-html","trial_index":24,"time_elapsed":948092,"internal_node_id":"0.0-9.0-0.16"},{"rt":10638,"url":"../static/nodeGraphs_distractor.html","edge":"0to3","edgeRT":"8881","skip":"false","flipped":"FALSE","index":"17","edgeClickLog":"[{\"edgeSelection\":\"0to3\",\"edgeRTMS\":8881}]","trial_id":"test_2","congruency":"I","trial_group":"15to20","condition":"distractor","inference_edge":"4to8,0to2,2to6","inference_edgeClickLog":"[{\"edgeSelection\":\"4to8\",\"edgeRTMS\":3890},{\"edgeSelection\":\"0to2\",\"edgeRTMS\":8902},{\"edgeSelection\":\"2to6\",\"edgeRTMS\":12165}]","inference_edgeRT":"12165","inference_edge_last":"","task":"experiment","subjectId":"qyre3my50u35epl","trial_type":"external-html","trial_index":25,"time_elapsed":959334,"internal_node_id":"0.0-9.0-0.17"},{"rt":7975,"url":"../static/nodeGraphs_distractor.html","edge":"0to1","edgeRT":"6020","skip":"false","flipped":"FALSE","index":"18","edgeClickLog":"[{\"edgeSelection\":\"0to1\",\"edgeRTMS\":6020}]","trial_id":"test_3","congruency":"I","trial_group":"15to20","condition":"distractor","inference_edge":"4to8,0to2,2to6","inference_edgeClickLog":"[{\"edgeSelection\":\"4to8\",\"edgeRTMS\":3890},{\"edgeSelection\":\"0to2\",\"edgeRTMS\":8902},{\"edgeSelection\":\"2to6\",\"edgeRTMS\":12165}]","inference_edgeRT":"12165","inference_edge_last":"","task":"experiment","subjectId":"qyre3my50u35epl","trial_type":"external-html","trial_index":26,"time_elapsed":967910,"internal_node_id":"0.0-9.0-0.18"},{"rt":17834,"url":"../static/nodeGraphs_distractor.html","edge":"2to6","edgeRT":"15701","skip":"false","flipped":"FALSE","index":"19","edgeClickLog":"[{\"edgeSelection\":\"1to5\",\"edgeRTMS\":4879},{\"edgeSelection\":\"1to5\",\"edgeRTMS\":9747},{\"edgeSelection\":\"2to6\",\"edgeRTMS\":15701}]","trial_id":"test_4","congruency":"I","trial_group":"15to20","condition":"distractor","inference_edge":"4to8,0to2,2to6","inference_edgeClickLog":"[{\"edgeSelection\":\"4to8\",\"edgeRTMS\":3890},{\"edgeSelection\":\"0to2\",\"edgeRTMS\":8902},{\"edgeSelection\":\"2to6\",\"edgeRTMS\":12165}]","inference_edgeRT":"12165","inference_edge_last":"","task":"experiment","subjectId":"qyre3my50u35epl","trial_type":"external-html","trial_index":27,"time_elapsed":986331,"internal_node_id":"0.0-9.0-0.19"},{"rt":61741,"response":{"P0_Q0":null,"P0_Q1":5,"P0_Q2":6,"P0_Q3":4,"P0_Q4":5,"P0_Q5":2,"strategies":"high points but still on track","feedback":""},"accuracy":[],"trial_type":"survey","trial_index":28,"time_elapsed":1048836,"internal_node_id":"0.0-10.0"},{"rt":5911,"stimulus":"<p>Thanks for your time!</p>        <p>We need to manually calculate your bonus pay, please give us up to 7 days.</p><p>Press any key to conclude.</p>","response":"m","task":"end","subjectId":"qyre3my50u35epl","trial_type":"html-keyboard-response","trial_index":29,"time_elapsed":1054753,"internal_node_id":"0.0-11.0","interactions":"[{\"event\":\"fullscreenenter\",\"trial\":1,\"time\":27050}]"}]