[{"success":true,"timeout":false,"failed_images":[],"failed_audio":[],"failed_video":[],"trial_type":"preload","trial_index":0,"time_elapsed":171,"internal_node_id":"0.0-0.0"},{"success":true,"trial_type":"fullscreen","trial_index":1,"time_elapsed":2943,"internal_node_id":"0.0-1.0"},{"rt":2438,"stimulus":"Welcome to the experiment. Press any key to begin.","response":" ","trial_type":"html-keyboard-response","trial_index":2,"time_elapsed":5382,"internal_node_id":"0.0-2.0"},{"view_history":[{"page_index":0,"viewing_time":3633},{"page_index":1,"viewing_time":4113},{"page_index":2,"viewing_time":19965},{"page_index":3,"viewing_time":6021},{"page_index":4,"viewing_time":1933},{"page_index":5,"viewing_time":1989},{"page_index":6,"viewing_time":4636},{"page_index":7,"viewing_time":9975},{"page_index":8,"viewing_time":13851},{"page_index":9,"viewing_time":14323},{"page_index":10,"viewing_time":1733},{"page_index":11,"viewing_time":606},{"page_index":12,"viewing_time":490},{"page_index":13,"viewing_time":2720},{"page_index":14,"viewing_time":5174},{"page_index":15,"viewing_time":4064},{"page_index":16,"viewing_time":1199},{"page_index":17,"viewing_time":529},{"page_index":18,"viewing_time":834},{"page_index":19,"viewing_time":3850},{"page_index":20,"viewing_time":7833},{"page_index":21,"viewing_time":3975}],"rt":113446,"trial_type":"instructions","trial_index":3,"time_elapsed":118829,"internal_node_id":"0.0-3.0"},{"rt":80506,"url":"../static/nodeGraphsTraining_normal.html","skip":[],"edgeClickLog":[],"inference_edge":[],"inference_edgeClickLog":[],"trial_type":"external-html","trial_index":4,"time_elapsed":199431,"internal_node_id":"0.0-4.0"},{"rt":34400,"response":{"q1":"The goal is to help the student to get the most points","q2":"True","q3":"Possible paths you, as the teacher, can choose to teach the learner.","q4":"Paths that the student took before."},"question_order":[0,1,2,3],"trial_type":"survey-multi-choice","trial_index":5,"time_elapsed":233833,"internal_node_id":"0.0-5.0"},{"rt":23431,"response":{"q1":"The goal is to help the student to get the most points","q2":"False","q3":"Possible paths you, as the teacher, can choose to teach the learner.","q4":"Paths that the student took before."},"question_order":[0,1,2,3],"trial_type":"survey-multi-choice","trial_index":6,"time_elapsed":257266,"internal_node_id":"0.0-6.0-0.0"},{"rt":null,"stimulus":"<p>You can take a 60 second break before starting the experiment.</p><br><br><p>This page will advance in 60 seconds or you can press any key to advance now.</p>","response":null,"trial_type":"html-keyboard-response","trial_index":7,"time_elapsed":317268,"internal_node_id":"0.0-7.0"},{"view_history":[{"page_index":0,"viewing_time":40931}],"rt":40931,"trial_type":"instructions","trial_index":8,"time_elapsed":358199,"internal_node_id":"0.0-8.0"},{"rt":24048,"url":"../static/nodeGraphs_normal.html","edge":"0to1","edgeRT":"22843","skip":"false","flipped":"FALSE","index":"0","edgeClickLog":"[{\"edgeSelection\":\"0to1\",\"edgeRTMS\":22843}]","trial_id":"incong_0","congruency":"I","trial_group":"1to5","condition":"normal","inference_edge":[],"inference_edgeClickLog":[],"task":"experiment","subjectId":"zqmdedmww92ne70","trial_type":"external-html","trial_index":9,"time_elapsed":382441,"internal_node_id":"0.0-9.0-0.0"},{"rt":14810,"url":"../static/nodeGraphs_normal.html","edge":"3to6","edgeRT":"12776","skip":"false","flipped":"FALSE","index":"1","edgeClickLog":"[{\"edgeSelection\":\"3to6\",\"edgeRTMS\":12776}]","trial_id":"incong_5","congruency":"I","trial_group":"1to5","condition":"normal","inference_edge":[],"inference_edgeClickLog":[],"task":"experiment","subjectId":"zqmdedmww92ne70","trial_type":"external-html","trial_index":10,"time_elapsed":397854,"internal_node_id":"0.0-9.0-0.1"},{"rt":10485,"url":"../static/nodeGraphs_normal.html","edge":"0to2","edgeRT":"9956","skip":"false","flipped":"FALSE","index":"2","edgeClickLog":"[{\"edgeSelection\":\"0to2\",\"edgeRTMS\":9956}]","trial_id":"incong_3","congruency":"I","trial_group":"1to5","condition":"normal","inference_edge":[],"inference_edgeClickLog":[],"task":"experiment","subjectId":"zqmdedmww92ne70","trial_type":"external-html","trial_index":11,"time_elapsed":408938,"internal_node_id":"0.0-9.0-0.2"},{"rt":15279,"url":"../static/nodeGraphs_normal.html","edge":"5to8","edgeRT":"8882","skip":"false","flipped":"FALSE","index":"3","edgeClickLog":"[{\"edgeSelection\":\"5to8\",\"edgeRTMS\":8882}]","trial_id":"incong_10","congruency":"I","trial_group":"1to5","condition":"normal","inference_edge":[],"inference_edgeClickLog":[],"task":"experiment","subjectId":"zqmdedmww92ne70","trial_type":"external-html","trial_index":12,"time_elapsed":424816,"internal_node_id":"0.0-9.0-0.3"},{"rt":25400,"url":"../static/nodeGraphs_normal.html","edge":"0to2","edgeRT":"24631","skip":"false","flipped":"FALSE","index":"4","edgeClickLog":"[{\"edgeSelection\":\"0to2\",\"edgeRTMS\":24631}]","trial_id":"incong_2","congruency":"I","trial_group":"1to5","condition":"normal","inference_edge":[],"inference_edgeClickLog":[],"task":"experiment","subjectId":"zqmdedmww92ne70","trial_type":"external-html","trial_index":13,"time_elapsed":450815,"internal_node_id":"0.0-9.0-0.4"},{"rt":5895,"url":"../static/nodeGraphs_normal.html","edge":"0to3","edgeRT":"5260","skip":"false","flipped":"TRUE","index":"5","edgeClickLog":"[{\"edgeSelection\":\"0to3\",\"edgeRTMS\":5260}]","trial_id":"incong_0_flipped","congruency":"I","trial_group":"5to10","condition":"normal","inference_edge":[],"inference_edgeClickLog":[],"task":"experiment","subjectId":"zqmdedmww92ne70","trial_type":"external-html","trial_index":14,"time_elapsed":457317,"internal_node_id":"0.0-9.0-0.5"},{"rt":21595,"url":"../static/nodeGraphs_normal.html","edge":"1to4","edgeRT":"15152","skip":"false","flipped":"TRUE","index":"6","edgeClickLog":"[{\"edgeSelection\":\"1to4\",\"edgeRTMS\":15152}]","trial_id":"incong_5_flipped","congruency":"I","trial_group":"5to10","condition":"normal","inference_edge":[],"inference_edgeClickLog":[],"task":"experiment","subjectId":"zqmdedmww92ne70","trial_type":"external-html","trial_index":15,"time_elapsed":479512,"internal_node_id":"0.0-9.0-0.6"},{"rt":8300,"url":"../static/nodeGraphs_normal.html","edge":"0to2","edgeRT":"7565","skip":"false","flipped":"TRUE","index":"7","edgeClickLog":"[{\"edgeSelection\":\"0to2\",\"edgeRTMS\":7565}]","trial_id":"incong_3_flipped","congruency":"I","trial_group":"5to10","condition":"normal","inference_edge":[],"inference_edgeClickLog":[],"task":"experiment","subjectId":"zqmdedmww92ne70","trial_type":"external-html","trial_index":16,"time_elapsed":488411,"internal_node_id":"0.0-9.0-0.7"},{"rt":7541,"url":"../static/nodeGraphs_normal.html","edge":"5to8","edgeRT":"7052","skip":"false","flipped":"TRUE","index":"8","edgeClickLog":"[{\"edgeSelection\":\"5to8\",\"edgeRTMS\":7052}]","trial_id":"incong_10_flipped","congruency":"I","trial_group":"5to10","condition":"normal","inference_edge":[],"inference_edgeClickLog":[],"task":"experiment","subjectId":"zqmdedmww92ne70","trial_type":"external-html","trial_index":17,"time_elapsed":496549,"internal_node_id":"0.0-9.0-0.8"},{"rt":18152,"url":"../static/nodeGraphs_normal.html","edge":"0to2","edgeRT":"17176","skip":"false","flipped":"TRUE","index":"9","edgeClickLog":"[{\"edgeSelection\":\"0to2\",\"edgeRTMS\":17176}]","trial_id":"incong_2_flipped","congruency":"I","trial_group":"5to10","condition":"normal","inference_edge":[],"inference_edgeClickLog":[],"task":"experiment","subjectId":"zqmdedmww92ne70","trial_type":"external-html","trial_index":18,"time_elapsed":515302,"internal_node_id":"0.0-9.0-0.9"},{"rt":13056,"url":"../static/nodeGraphs_normal.html","edge":"0to1","edgeRT":"8074","skip":"false","flipped":"FALSE","index":"10","edgeClickLog":"[{\"edgeSelection\":\"0to1\",\"edgeRTMS\":8074}]","trial_id":"incong_0","congruency":"I","trial_group":"10to15","condition":"normal","inference_edge":[],"inference_edgeClickLog":[],"task":"experiment","subjectId":"zqmdedmww92ne70","trial_type":"external-html","trial_index":19,"time_elapsed":528955,"internal_node_id":"0.0-9.0-0.10"},{"rt":26944,"url":"../static/nodeGraphs_normal.html","edge":"2to4","edgeRT":"25414","skip":"false","flipped":"FALSE","index":"11","edgeClickLog":"[{\"edgeSelection\":\"2to4\",\"edgeRTMS\":25414}]","trial_id":"incong_5","congruency":"I","trial_group":"10to15","condition":"normal","inference_edge":[],"inference_edgeClickLog":[],"task":"experiment","subjectId":"zqmdedmww92ne70","trial_type":"external-html","trial_index":20,"time_elapsed":556510,"internal_node_id":"0.0-9.0-0.11"},{"rt":24528,"url":"../static/nodeGraphs_normal.html","edge":"5to7","edgeRT":"19121","skip":"false","flipped":"FALSE","index":"12","edgeClickLog":"[{\"edgeSelection\":\"0to2\",\"edgeRTMS\":11598},{\"edgeSelection\":\"5to7\",\"edgeRTMS\":19121}]","trial_id":"incong_3","congruency":"I","trial_group":"10to15","condition":"normal","inference_edge":[],"inference_edgeClickLog":[],"task":"experiment","subjectId":"zqmdedmww92ne70","trial_type":"external-html","trial_index":21,"time_elapsed":581637,"internal_node_id":"0.0-9.0-0.12"},{"rt":33198,"url":"../static/nodeGraphs_normal.html","edge":"5to8","edgeRT":"30587","skip":"false","flipped":"FALSE","index":"13","edgeClickLog":"[{\"edgeSelection\":\"0to2\",\"edgeRTMS\":27840},{\"edgeSelection\":\"5to8\",\"edgeRTMS\":30587}]","trial_id":"incong_10","congruency":"I","trial_group":"10to15","condition":"normal","inference_edge":[],"inference_edgeClickLog":[],"task":"experiment","subjectId":"zqmdedmww92ne70","trial_type":"external-html","trial_index":22,"time_elapsed":615433,"internal_node_id":"0.0-9.0-0.13"},{"rt":36714,"url":"../static/nodeGraphs_normal.html","edge":"0to1","edgeRT":"32124","skip":"false","flipped":"FALSE","index":"14","edgeClickLog":"[{\"edgeSelection\":\"0to1\",\"edgeRTMS\":32124}]","trial_id":"incong_2","congruency":"I","trial_group":"10to15","condition":"normal","inference_edge":[],"inference_edgeClickLog":[],"task":"experiment","subjectId":"zqmdedmww92ne70","trial_type":"external-html","trial_index":23,"time_elapsed":652744,"internal_node_id":"0.0-9.0-0.14"},{"rt":26074,"url":"../static/nodeGraphs_normal.html","edge":"5to8","edgeRT":"14061","skip":"false","flipped":"FALSE","index":"15","edgeClickLog":"[{\"edgeSelection\":\"5to8\",\"edgeRTMS\":14061}]","trial_id":"test_0","congruency":"I","trial_group":"15to20","condition":"normal","inference_edge":[],"inference_edgeClickLog":[],"task":"experiment","subjectId":"zqmdedmww92ne70","trial_type":"external-html","trial_index":24,"time_elapsed":679418,"internal_node_id":"0.0-9.0-0.15"},{"rt":34361,"url":"../static/nodeGraphs_normal.html","edge":"0to3","edgeRT":"33136","skip":"false","flipped":"FALSE","index":"16","edgeClickLog":"[{\"edgeSelection\":\"0to3\",\"edgeRTMS\":22032},{\"edgeSelection\":\"2to6\",\"edgeRTMS\":29153},{\"edgeSelection\":\"0to3\",\"edgeRTMS\":33136}]","trial_id":"test_1","congruency":"I","trial_group":"15to20","condition":"normal","inference_edge":[],"inference_edgeClickLog":[],"task":"experiment","subjectId":"zqmdedmww92ne70","trial_type":"external-html","trial_index":25,"time_elapsed":714377,"internal_node_id":"0.0-9.0-0.16"},{"rt":20636,"url":"../static/nodeGraphs_normal.html","edge":"6to8","edgeRT":"13162","skip":"false","flipped":"FALSE","index":"17","edgeClickLog":"[{\"edgeSelection\":\"6to8\",\"edgeRTMS\":13162}]","trial_id":"test_2","congruency":"I","trial_group":"15to20","condition":"normal","inference_edge":[],"inference_edgeClickLog":[],"task":"experiment","subjectId":"zqmdedmww92ne70","trial_type":"external-html","trial_index":26,"time_elapsed":735613,"internal_node_id":"0.0-9.0-0.17"},{"rt":18441,"url":"../static/nodeGraphs_normal.html","edge":"5to9","edgeRT":"13160","skip":"false","flipped":"FALSE","index":"18","edgeClickLog":"[{\"edgeSelection\":\"5to9\",\"edgeRTMS\":13160}]","trial_id":"test_3","congruency":"I","trial_group":"15to20","condition":"normal","inference_edge":[],"inference_edgeClickLog":[],"task":"experiment","subjectId":"zqmdedmww92ne70","trial_type":"external-html","trial_index":27,"time_elapsed":754654,"internal_node_id":"0.0-9.0-0.18"},{"rt":40029,"url":"../static/nodeGraphs_normal.html","edge":"2to6","edgeRT":"31277","skip":"false","flipped":"FALSE","index":"19","edgeClickLog":"[{\"edgeSelection\":\"4to7\",\"edgeRTMS\":15125},{\"edgeSelection\":\"2to6\",\"edgeRTMS\":31277}]","trial_id":"test_4","congruency":"I","trial_group":"15to20","condition":"normal","inference_edge":[],"inference_edgeClickLog":[],"task":"experiment","subjectId":"zqmdedmww92ne70","trial_type":"external-html","trial_index":28,"time_elapsed":795282,"internal_node_id":"0.0-9.0-0.19"},{"rt":66287,"response":{"P0_Q0":null,"P0_Q1":5,"P0_Q2":7,"P0_Q3":6,"P0_Q4":6,"P0_Q5":2,"strategies":"Mostly I tried to pick the improvements that seemed guaranteed. Like just changing a path I was close to certain the student would be able to follow, even if the improvement was a single point.","feedback":"Nope"},"accuracy":[],"trial_type":"survey","trial_index":29,"time_elapsed":862121,"internal_node_id":"0.0-10.0"},{"rt":2955,"stimulus":"<p>Thanks for your time!</p>        <p>We need to manually calculate your bonus pay, please give us up to 7 days.</p><p>Press any key to conclude.</p>","response":" ","task":"end","subjectId":"zqmdedmww92ne70","trial_type":"html-keyboard-response","trial_index":30,"time_elapsed":865077,"internal_node_id":"0.0-11.0","interactions":"[{\"event\":\"fullscreenenter\",\"trial\":1,\"time\":1955}]"}]