[{"success":true,"timeout":false,"failed_images":[],"failed_audio":[],"failed_video":[],"trial_type":"preload","trial_index":0,"time_elapsed":168,"internal_node_id":"0.0-0.0"},{"success":true,"trial_type":"fullscreen","trial_index":1,"time_elapsed":3113,"internal_node_id":"0.0-1.0"},{"rt":3289,"stimulus":"Welcome to the experiment. Press any key to begin.","response":" ","trial_type":"html-keyboard-response","trial_index":2,"time_elapsed":6403,"internal_node_id":"0.0-2.0"},{"view_history":[{"page_index":0,"viewing_time":4536},{"page_index":1,"viewing_time":5602},{"page_index":2,"viewing_time":34525},{"page_index":3,"viewing_time":13792},{"page_index":4,"viewing_time":3274},{"page_index":5,"viewing_time":1293},{"page_index":6,"viewing_time":3884},{"page_index":7,"viewing_time":10831},{"page_index":8,"viewing_time":17876},{"page_index":9,"viewing_time":12454},{"page_index":10,"viewing_time":5209},{"page_index":11,"viewing_time":2229},{"page_index":12,"viewing_time":1022},{"page_index":13,"viewing_time":2106},{"page_index":14,"viewing_time":5094},{"page_index":15,"viewing_time":5355},{"page_index":16,"viewing_time":3174},{"page_index":17,"viewing_time":1371},{"page_index":18,"viewing_time":652},{"page_index":19,"viewing_time":3701},{"page_index":20,"viewing_time":2407},{"page_index":21,"viewing_time":4703}],"rt":145090,"trial_type":"instructions","trial_index":3,"time_elapsed":151498,"internal_node_id":"0.0-3.0"},{"rt":176670,"url":"../static/nodeGraphsTraining_scaffolding.html","skip":[],"edgeClickLog":[],"inference_edge":[],"inference_edgeClickLog":[],"trial_type":"external-html","trial_index":4,"time_elapsed":329779,"internal_node_id":"0.0-4.0"},{"rt":35883,"response":{"q1":"The goal is to help the student to get the most points.","q2":"False","q3":"Possible edges you, as the teacher, can choose to teach the learner.","q4":"Edges that the student took before."},"question_order":[0,1,2,3],"trial_type":"survey-multi-choice","trial_index":5,"time_elapsed":365667,"internal_node_id":"0.0-5.0"},{"rt":7451,"stimulus":"<p>You can take a 60 second break before starting the experiment.</p><br><br><p>This page will advance in 60 seconds or you can press any key to advance now.</p>","response":" ","trial_type":"html-keyboard-response","trial_index":6,"time_elapsed":373122,"internal_node_id":"0.0-7.0"},{"view_history":[{"page_index":0,"viewing_time":26067}],"rt":26067,"trial_type":"instructions","trial_index":7,"time_elapsed":399191,"internal_node_id":"0.0-8.0"},{"rt":30804,"url":"../static/nodeGraphs_scaffolding.html","edge":"1to4","edgeRT":"11998","skip":"false","flipped":"FALSE","index":"0","edgeClickLog":"[{\"edgeSelection\":\"0to1\",\"edgeRTMS\":5818},{\"edgeSelection\":\"1to4\",\"edgeRTMS\":7026},{\"edgeSelection\":\"4to7\",\"edgeRTMS\":8398},{\"edgeSelection\":\"0to1\",\"edgeRTMS\":10423},{\"edgeSelection\":\"1to4\",\"edgeRTMS\":11998}]","trial_id":"incong_0","congruency":"I","trial_group":"1to5","condition":"scaffolding","inference_edge":"0to1,1to4,4to7","inference_edgeClickLog":"[{\"edgeSelection\":\"0to1\",\"edgeRTMS\":10189},{\"edgeSelection\":\"1to4\",\"edgeRTMS\":11808},{\"edgeSelection\":\"4to7\",\"edgeRTMS\":13148}]","inference_edgeRT":"13148","inference_edge_last":"4to7","task":"experiment","subjectId":"fcl0wswlbyrfcbr","trial_type":"external-html","trial_index":8,"time_elapsed":430099,"internal_node_id":"0.0-9.0-0.0"},{"rt":22754,"url":"../static/nodeGraphs_scaffolding.html","edge":"4to7","edgeRT":"6709","skip":"false","flipped":"FALSE","index":"1","edgeClickLog":"[{\"edgeSelection\":\"0to2\",\"edgeRTMS\":3849},{\"edgeSelection\":\"2to4\",\"edgeRTMS\":5215},{\"edgeSelection\":\"4to7\",\"edgeRTMS\":6709}]","trial_id":"incong_5","congruency":"I","trial_group":"1to5","condition":"scaffolding","inference_edge":"0to2,2to4,4to7","inference_edgeClickLog":"[{\"edgeSelection\":\"0to2\",\"edgeRTMS\":8219},{\"edgeSelection\":\"2to4\",\"edgeRTMS\":11538},{\"edgeSelection\":\"4to7\",\"edgeRTMS\":13428}]","inference_edgeRT":"13428","inference_edge_last":"4to7","task":"experiment","subjectId":"fcl0wswlbyrfcbr","trial_type":"external-html","trial_index":9,"time_elapsed":453461,"internal_node_id":"0.0-9.0-0.1"},{"rt":31665,"url":"../static/nodeGraphs_scaffolding.html","edge":"0to2","edgeRT":"6210","skip":"false","flipped":"FALSE","index":"2","edgeClickLog":"[{\"edgeSelection\":\"0to2\",\"edgeRTMS\":6210}]","trial_id":"incong_3","congruency":"I","trial_group":"1to5","condition":"scaffolding","inference_edge":"0to3,3to6,6to8","inference_edgeClickLog":"[{\"edgeSelection\":\"0to3\",\"edgeRTMS\":9009},{\"edgeSelection\":\"3to6\",\"edgeRTMS\":10383},{\"edgeSelection\":\"6to8\",\"edgeRTMS\":12351},{\"edgeSelection\":\"6to8\",\"edgeRTMS\":15884},{\"edgeSelection\":\"6to8\",\"edgeRTMS\":23433}]","inference_edgeRT":"23433","inference_edge_last":"6to8","task":"experiment","subjectId":"fcl0wswlbyrfcbr","trial_type":"external-html","trial_index":10,"time_elapsed":485738,"internal_node_id":"0.0-9.0-0.2"},{"rt":17092,"url":"../static/nodeGraphs_scaffolding.html","edge":"5to8","edgeRT":"4028","skip":"false","flipped":"FALSE","index":"3","edgeClickLog":"[{\"edgeSelection\":\"5to8\",\"edgeRTMS\":4028}]","trial_id":"incong_10","congruency":"I","trial_group":"1to5","condition":"scaffolding","inference_edge":"0to2,2to4,4to7","inference_edgeClickLog":"[{\"edgeSelection\":\"0to2\",\"edgeRTMS\":5949},{\"edgeSelection\":\"2to4\",\"edgeRTMS\":7332},{\"edgeSelection\":\"4to7\",\"edgeRTMS\":8593}]","inference_edgeRT":"8593","inference_edge_last":"4to7","task":"experiment","subjectId":"fcl0wswlbyrfcbr","trial_type":"external-html","trial_index":11,"time_elapsed":503433,"internal_node_id":"0.0-9.0-0.3"},{"rt":14714,"url":"../static/nodeGraphs_scaffolding.html","edge":"4to8","edgeRT":"3624","skip":"false","flipped":"FALSE","index":"4","edgeClickLog":"[{\"edgeSelection\":\"4to8\",\"edgeRTMS\":3624}]","trial_id":"incong_2","congruency":"I","trial_group":"1to5","condition":"scaffolding","inference_edge":"0to1,1to4,4to8","inference_edgeClickLog":"[{\"edgeSelection\":\"0to1\",\"edgeRTMS\":4892},{\"edgeSelection\":\"1to4\",\"edgeRTMS\":6996},{\"edgeSelection\":\"4to8\",\"edgeRTMS\":9200}]","inference_edgeRT":"9200","inference_edge_last":"4to8","task":"experiment","subjectId":"fcl0wswlbyrfcbr","trial_type":"external-html","trial_index":12,"time_elapsed":518757,"internal_node_id":"0.0-9.0-0.4"},{"rt":14515,"url":"../static/nodeGraphs_scaffolding.html","edge":"6to8","edgeRT":"3703","skip":"false","flipped":"TRUE","index":"5","edgeClickLog":"[{\"edgeSelection\":\"6to8\",\"edgeRTMS\":3703}]","trial_id":"incong_0_flipped","congruency":"I","trial_group":"5to10","condition":"scaffolding","inference_edge":"0to3,3to6,6to9","inference_edgeClickLog":"[{\"edgeSelection\":\"0to3\",\"edgeRTMS\":5862},{\"edgeSelection\":\"3to6\",\"edgeRTMS\":7221},{\"edgeSelection\":\"6to9\",\"edgeRTMS\":8627}]","inference_edgeRT":"8627","inference_edge_last":"6to9","task":"experiment","subjectId":"fcl0wswlbyrfcbr","trial_type":"external-html","trial_index":13,"time_elapsed":533876,"internal_node_id":"0.0-9.0-0.5"},{"rt":24668,"url":"../static/nodeGraphs_scaffolding.html","edge":"2to6","edgeRT":"5246","skip":"false","flipped":"TRUE","index":"6","edgeClickLog":"[{\"edgeSelection\":\"2to6\",\"edgeRTMS\":3770},{\"edgeSelection\":\"2to6\",\"edgeRTMS\":5246}]","trial_id":"incong_5_flipped","congruency":"I","trial_group":"5to10","condition":"scaffolding","inference_edge":"2to6,6to8,0to2","inference_edgeClickLog":"[{\"edgeSelection\":\"1to4\",\"edgeRTMS\":6074},{\"edgeSelection\":\"2to6\",\"edgeRTMS\":10530},{\"edgeSelection\":\"1to4\",\"edgeRTMS\":12070},{\"edgeSelection\":\"6to8\",\"edgeRTMS\":14229},{\"edgeSelection\":\"0to2\",\"edgeRTMS\":16705}]","inference_edgeRT":"16705","inference_edge_last":"0to2","task":"experiment","subjectId":"fcl0wswlbyrfcbr","trial_type":"external-html","trial_index":14,"time_elapsed":559155,"internal_node_id":"0.0-9.0-0.6"},{"rt":16805,"url":"../static/nodeGraphs_scaffolding.html","edge":"4to8","edgeRT":"4108","skip":"false","flipped":"TRUE","index":"7","edgeClickLog":"[{\"edgeSelection\":\"4to8\",\"edgeRTMS\":4108}]","trial_id":"incong_3_flipped","congruency":"I","trial_group":"5to10","condition":"scaffolding","inference_edge":"0to2,2to4,4to8","inference_edgeClickLog":"[{\"edgeSelection\":\"0to2\",\"edgeRTMS\":4173},{\"edgeSelection\":\"2to4\",\"edgeRTMS\":8572},{\"edgeSelection\":\"4to8\",\"edgeRTMS\":10824}]","inference_edgeRT":"10824","inference_edge_last":"4to8","task":"experiment","subjectId":"fcl0wswlbyrfcbr","trial_type":"external-html","trial_index":15,"time_elapsed":576570,"internal_node_id":"0.0-9.0-0.7"},{"rt":14680,"url":"../static/nodeGraphs_scaffolding.html","edge":"4to8","edgeRT":"2207","skip":"false","flipped":"TRUE","index":"8","edgeClickLog":"[{\"edgeSelection\":\"4to8\",\"edgeRTMS\":2207}]","trial_id":"incong_10_flipped","congruency":"I","trial_group":"5to10","condition":"scaffolding","inference_edge":"0to2,2to6,6to8","inference_edgeClickLog":"[{\"edgeSelection\":\"0to2\",\"edgeRTMS\":6309},{\"edgeSelection\":\"2to6\",\"edgeRTMS\":8115},{\"edgeSelection\":\"6to8\",\"edgeRTMS\":9593}]","inference_edgeRT":"9593","inference_edge_last":"6to8","task":"experiment","subjectId":"fcl0wswlbyrfcbr","trial_type":"external-html","trial_index":16,"time_elapsed":591859,"internal_node_id":"0.0-9.0-0.8"},{"rt":14004,"url":"../static/nodeGraphs_scaffolding.html","edge":"4to7","edgeRT":"3489","skip":"false","flipped":"TRUE","index":"9","edgeClickLog":"[{\"edgeSelection\":\"4to7\",\"edgeRTMS\":3489}]","trial_id":"incong_2_flipped","congruency":"I","trial_group":"5to10","condition":"scaffolding","inference_edge":"0to3,3to6,6to8","inference_edgeClickLog":"[{\"edgeSelection\":\"0to3\",\"edgeRTMS\":4071},{\"edgeSelection\":\"3to6\",\"edgeRTMS\":5895},{\"edgeSelection\":\"6to8\",\"edgeRTMS\":7265}]","inference_edgeRT":"7265","inference_edge_last":"6to8","task":"experiment","subjectId":"fcl0wswlbyrfcbr","trial_type":"external-html","trial_index":17,"time_elapsed":606476,"internal_node_id":"0.0-9.0-0.9"},{"rt":14626,"url":"../static/nodeGraphs_scaffolding.html","edge":"4to8","edgeRT":"2026","skip":"false","flipped":"FALSE","index":"10","edgeClickLog":"[{\"edgeSelection\":\"4to8\",\"edgeRTMS\":2026}]","trial_id":"incong_0","congruency":"I","trial_group":"10to15","condition":"scaffolding","inference_edge":"0to1,1to4,4to7","inference_edgeClickLog":"[{\"edgeSelection\":\"0to1\",\"edgeRTMS\":7196},{\"edgeSelection\":\"1to4\",\"edgeRTMS\":8998},{\"edgeSelection\":\"4to7\",\"edgeRTMS\":10581}]","inference_edgeRT":"10581","inference_edge_last":"4to7","task":"experiment","subjectId":"fcl0wswlbyrfcbr","trial_type":"external-html","trial_index":18,"time_elapsed":621706,"internal_node_id":"0.0-9.0-0.10"},{"rt":11539,"url":"../static/nodeGraphs_scaffolding.html","edge":"4to8","edgeRT":"1577","skip":"false","flipped":"FALSE","index":"11","edgeClickLog":"[{\"edgeSelection\":\"4to8\",\"edgeRTMS\":1577}]","trial_id":"incong_5","congruency":"I","trial_group":"10to15","condition":"scaffolding","inference_edge":"0to2,2to4,4to7","inference_edgeClickLog":"[{\"edgeSelection\":\"0to2\",\"edgeRTMS\":4024},{\"edgeSelection\":\"2to4\",\"edgeRTMS\":5464},{\"edgeSelection\":\"4to7\",\"edgeRTMS\":7703}]","inference_edgeRT":"7703","inference_edge_last":"4to7","task":"experiment","subjectId":"fcl0wswlbyrfcbr","trial_type":"external-html","trial_index":19,"time_elapsed":633857,"internal_node_id":"0.0-9.0-0.11"},{"rt":15706,"url":"../static/nodeGraphs_scaffolding.html","edge":"5to7","edgeRT":"4176","skip":"false","flipped":"FALSE","index":"12","edgeClickLog":"[{\"edgeSelection\":\"5to7\",\"edgeRTMS\":4176}]","trial_id":"incong_3","congruency":"I","trial_group":"10to15","condition":"scaffolding","inference_edge":"0to2,2to6,6to8","inference_edgeClickLog":"[{\"edgeSelection\":\"0to2\",\"edgeRTMS\":5094},{\"edgeSelection\":\"2to6\",\"edgeRTMS\":7151},{\"edgeSelection\":\"6to8\",\"edgeRTMS\":9547}]","inference_edgeRT":"9547","inference_edge_last":"6to8","task":"experiment","subjectId":"fcl0wswlbyrfcbr","trial_type":"external-html","trial_index":20,"time_elapsed":650169,"internal_node_id":"0.0-9.0-0.12"},{"rt":12216,"url":"../static/nodeGraphs_scaffolding.html","edge":"4to7","edgeRT":"1936","skip":"false","flipped":"FALSE","index":"13","edgeClickLog":"[{\"edgeSelection\":\"4to7\",\"edgeRTMS\":1936}]","trial_id":"incong_10","congruency":"I","trial_group":"10to15","condition":"scaffolding","inference_edge":"0to2,2to4,4to8","inference_edgeClickLog":"[{\"edgeSelection\":\"0to2\",\"edgeRTMS\":3732},{\"edgeSelection\":\"2to4\",\"edgeRTMS\":5666},{\"edgeSelection\":\"4to8\",\"edgeRTMS\":7545}]","inference_edgeRT":"7545","inference_edge_last":"4to8","task":"experiment","subjectId":"fcl0wswlbyrfcbr","trial_type":"external-html","trial_index":21,"time_elapsed":662993,"internal_node_id":"0.0-9.0-0.13"},{"rt":11968,"url":"../static/nodeGraphs_scaffolding.html","edge":"6to8","edgeRT":"2535","skip":"false","flipped":"FALSE","index":"14","edgeClickLog":"[{\"edgeSelection\":\"6to8\",\"edgeRTMS\":2535}]","trial_id":"incong_2","congruency":"I","trial_group":"10to15","condition":"scaffolding","inference_edge":"0to1,1to4,4to8","inference_edgeClickLog":"[{\"edgeSelection\":\"0to1\",\"edgeRTMS\":3980},{\"edgeSelection\":\"1to4\",\"edgeRTMS\":5509},{\"edgeSelection\":\"4to8\",\"edgeRTMS\":7332}]","inference_edgeRT":"7332","inference_edge_last":"4to8","task":"experiment","subjectId":"fcl0wswlbyrfcbr","trial_type":"external-html","trial_index":22,"time_elapsed":675570,"internal_node_id":"0.0-9.0-0.14"},{"rt":18384,"url":"../static/nodeGraphs_scaffolding.html","edge":"5to8","edgeRT":"7587","skip":"false","flipped":"FALSE","index":"15","edgeClickLog":"[{\"edgeSelection\":\"0to1\",\"edgeRTMS\":2960},{\"edgeSelection\":\"1to5\",\"edgeRTMS\":6014},{\"edgeSelection\":\"5to8\",\"edgeRTMS\":7587}]","trial_id":"test_0","congruency":"I","trial_group":"15to20","condition":"scaffolding","inference_edge":"0to1,1to4,4to8","inference_edgeClickLog":"[{\"edgeSelection\":\"0to1\",\"edgeRTMS\":3980},{\"edgeSelection\":\"1to4\",\"edgeRTMS\":5509},{\"edgeSelection\":\"4to8\",\"edgeRTMS\":7332}]","inference_edgeRT":"7332","inference_edge_last":"","task":"experiment","subjectId":"fcl0wswlbyrfcbr","trial_type":"external-html","trial_index":23,"time_elapsed":694561,"internal_node_id":"0.0-9.0-0.15"},{"rt":7078,"url":"../static/nodeGraphs_scaffolding.html","edge":"3to5","edgeRT":"6088","skip":"false","flipped":"FALSE","index":"16","edgeClickLog":"[{\"edgeSelection\":\"3to5\",\"edgeRTMS\":6088}]","trial_id":"test_1","congruency":"I","trial_group":"15to20","condition":"scaffolding","inference_edge":"0to1,1to4,4to8","inference_edgeClickLog":"[{\"edgeSelection\":\"0to1\",\"edgeRTMS\":3980},{\"edgeSelection\":\"1to4\",\"edgeRTMS\":5509},{\"edgeSelection\":\"4to8\",\"edgeRTMS\":7332}]","inference_edgeRT":"7332","inference_edge_last":"","task":"experiment","subjectId":"fcl0wswlbyrfcbr","trial_type":"external-html","trial_index":24,"time_elapsed":702245,"internal_node_id":"0.0-9.0-0.16"},{"rt":8312,"url":"../static/nodeGraphs_scaffolding.html","edge":"6to8","edgeRT":"7598","skip":"false","flipped":"FALSE","index":"17","edgeClickLog":"[{\"edgeSelection\":\"0to3\",\"edgeRTMS\":4243},{\"edgeSelection\":\"3to6\",\"edgeRTMS\":5662},{\"edgeSelection\":\"6to8\",\"edgeRTMS\":7598}]","trial_id":"test_2","congruency":"I","trial_group":"15to20","condition":"scaffolding","inference_edge":"0to1,1to4,4to8","inference_edgeClickLog":"[{\"edgeSelection\":\"0to1\",\"edgeRTMS\":3980},{\"edgeSelection\":\"1to4\",\"edgeRTMS\":5509},{\"edgeSelection\":\"4to8\",\"edgeRTMS\":7332}]","inference_edgeRT":"7332","inference_edge_last":"","task":"experiment","subjectId":"fcl0wswlbyrfcbr","trial_type":"external-html","trial_index":25,"time_elapsed":711165,"internal_node_id":"0.0-9.0-0.17"},{"rt":3981,"url":"../static/nodeGraphs_scaffolding.html","edge":"5to7","edgeRT":"1903","skip":"false","flipped":"FALSE","index":"18","edgeClickLog":"[{\"edgeSelection\":\"5to7\",\"edgeRTMS\":1903}]","trial_id":"test_3","congruency":"I","trial_group":"15to20","condition":"scaffolding","inference_edge":"0to1,1to4,4to8","inference_edgeClickLog":"[{\"edgeSelection\":\"0to1\",\"edgeRTMS\":3980},{\"edgeSelection\":\"1to4\",\"edgeRTMS\":5509},{\"edgeSelection\":\"4to8\",\"edgeRTMS\":7332}]","inference_edgeRT":"7332","inference_edge_last":"","task":"experiment","subjectId":"fcl0wswlbyrfcbr","trial_type":"external-html","trial_index":26,"time_elapsed":715756,"internal_node_id":"0.0-9.0-0.18"},{"rt":23147,"url":"../static/nodeGraphs_scaffolding.html","edge":"5to9","edgeRT":"20828","skip":"false","flipped":"FALSE","index":"19","edgeClickLog":"[{\"edgeSelection\":\"4to7\",\"edgeRTMS\":10903},{\"edgeSelection\":\"1to5\",\"edgeRTMS\":18206},{\"edgeSelection\":\"6to8\",\"edgeRTMS\":19355},{\"edgeSelection\":\"5to9\",\"edgeRTMS\":20828}]","trial_id":"test_4","congruency":"I","trial_group":"15to20","condition":"scaffolding","inference_edge":"0to1,1to4,4to8","inference_edgeClickLog":"[{\"edgeSelection\":\"0to1\",\"edgeRTMS\":3980},{\"edgeSelection\":\"1to4\",\"edgeRTMS\":5509},{\"edgeSelection\":\"4to8\",\"edgeRTMS\":7332}]","inference_edgeRT":"7332","inference_edge_last":"","task":"experiment","subjectId":"fcl0wswlbyrfcbr","trial_type":"external-html","trial_index":27,"time_elapsed":739516,"internal_node_id":"0.0-9.0-0.19"},{"rt":27768,"response":{"P0_Q0":null,"P0_Q1":4,"P0_Q2":7,"P0_Q3":6,"P0_Q4":4,"P0_Q5":1,"strategies":"connecting the biggest point circles","feedback":""},"accuracy":[],"trial_type":"survey","trial_index":28,"time_elapsed":767861,"internal_node_id":"0.0-10.0"},{"rt":4558,"stimulus":"<p>Thanks for your time!</p>        <p>We need to manually calculate your bonus pay, please give us up to 7 days.</p><p>Press any key to conclude.</p>","response":" ","task":"end","subjectId":"fcl0wswlbyrfcbr","trial_type":"html-keyboard-response","trial_index":29,"time_elapsed":772422,"internal_node_id":"0.0-11.0","interactions":"[{\"event\":\"fullscreenenter\",\"trial\":1,\"time\":2127},{\"event\":\"blur\",\"trial\":4,\"time\":171476},{\"event\":\"fullscreenexit\",\"trial\":4,\"time\":171482},{\"event\":\"focus\",\"trial\":4,\"time\":171647},{\"event\":\"blur\",\"trial\":4,\"time\":178226},{\"event\":\"focus\",\"trial\":4,\"time\":178398}]"}]