[{"success":true,"timeout":false,"failed_images":[],"failed_audio":[],"failed_video":[],"trial_type":"preload","trial_index":0,"time_elapsed":632,"internal_node_id":"0.0-0.0"},{"success":true,"trial_type":"fullscreen","trial_index":1,"time_elapsed":8958,"internal_node_id":"0.0-1.0"},{"rt":2573,"stimulus":"Welcome to the experiment. Press any key to begin.","response":"enter","trial_type":"html-keyboard-response","trial_index":2,"time_elapsed":11534,"internal_node_id":"0.0-2.0"},{"view_history":[{"page_index":0,"viewing_time":7800},{"page_index":1,"viewing_time":5288},{"page_index":2,"viewing_time":37392},{"page_index":3,"viewing_time":10424},{"page_index":4,"viewing_time":3440},{"page_index":5,"viewing_time":1304},{"page_index":6,"viewing_time":3176},{"page_index":7,"viewing_time":12632},{"page_index":8,"viewing_time":21232},{"page_index":9,"viewing_time":15088},{"page_index":10,"viewing_time":3832},{"page_index":11,"viewing_time":696},{"page_index":12,"viewing_time":624},{"page_index":13,"viewing_time":4152},{"page_index":14,"viewing_time":5280},{"page_index":15,"viewing_time":9184},{"page_index":16,"viewing_time":2104},{"page_index":17,"viewing_time":1048},{"page_index":18,"viewing_time":3760},{"page_index":19,"viewing_time":10560},{"page_index":20,"viewing_time":9888},{"page_index":21,"viewing_time":5144}],"rt":174049,"trial_type":"instructions","trial_index":3,"time_elapsed":185585,"internal_node_id":"0.0-3.0"},{"rt":224369,"url":"../static/nodeGraphsTraining_scaffolding.html","skip":[],"edgeClickLog":[],"inference_edge":[],"inference_edgeClickLog":[],"trial_type":"external-html","trial_index":4,"time_elapsed":410141,"internal_node_id":"0.0-4.0"},{"rt":34502,"response":{"q1":"The goal is to help the student to get the most points.","q2":"True","q3":"Possible edges you, as the teacher, can choose to teach the learner.","q4":"Edges that the student took before."},"question_order":[0,1,2,3],"trial_type":"survey-multi-choice","trial_index":5,"time_elapsed":444659,"internal_node_id":"0.0-5.0"},{"rt":37577,"response":{"q1":"The goal is to help the student to get the most points.","q2":"False","q3":"Possible edges you, as the teacher, can choose to teach the learner.","q4":"Edges that the student took before."},"question_order":[0,1,2,3],"trial_type":"survey-multi-choice","trial_index":6,"time_elapsed":482243,"internal_node_id":"0.0-6.0-0.0"},{"rt":4529,"stimulus":"<p>You can take a 60 second break before starting the experiment.</p><br><br><p>This page will advance in 60 seconds or you can press any key to advance now.</p>","response":"enter","trial_type":"html-keyboard-response","trial_index":7,"time_elapsed":486778,"internal_node_id":"0.0-7.0"},{"view_history":[{"page_index":0,"viewing_time":25749}],"rt":25749,"trial_type":"instructions","trial_index":8,"time_elapsed":512529,"internal_node_id":"0.0-8.0"},{"rt":28858,"url":"../static/nodeGraphs_scaffolding.html","edge":"1to4","edgeRT":"7028","skip":"false","flipped":"FALSE","index":"0","edgeClickLog":"[{\"edgeSelection\":\"1to4\",\"edgeRTMS\":7028}]","trial_id":"cong_0","congruency":"C","trial_group":"1to5","condition":"scaffolding","inference_edge":"0to2,2to4,4to7","inference_edgeClickLog":"[{\"edgeSelection\":\"0to2\",\"edgeRTMS\":10023},{\"edgeSelection\":\"2to4\",\"edgeRTMS\":11792},{\"edgeSelection\":\"4to7\",\"edgeRTMS\":15647}]","inference_edgeRT":"15647","inference_edge_last":"4to7","task":"experiment","subjectId":"fw35u7fq0ct1dg5","trial_type":"external-html","trial_index":9,"time_elapsed":541574,"internal_node_id":"0.0-9.0-0.0"},{"rt":29579,"url":"../static/nodeGraphs_scaffolding.html","edge":"2to6","edgeRT":"3197","skip":"false","flipped":"FALSE","index":"1","edgeClickLog":"[{\"edgeSelection\":\"2to6\",\"edgeRTMS\":3197}]","trial_id":"cong_1","congruency":"C","trial_group":"1to5","condition":"scaffolding","inference_edge":"2to4,4to7,2to6","inference_edgeClickLog":"[{\"edgeSelection\":\"2to4\",\"edgeRTMS\":13548},{\"edgeSelection\":\"4to7\",\"edgeRTMS\":20336},{\"edgeSelection\":\"2to6\",\"edgeRTMS\":23764}]","inference_edgeRT":"23764","inference_edge_last":"2to6","task":"experiment","subjectId":"fw35u7fq0ct1dg5","trial_type":"external-html","trial_index":10,"time_elapsed":571836,"internal_node_id":"0.0-9.0-0.1"},{"rt":50904,"url":"../static/nodeGraphs_scaffolding.html","edge":"2to5","edgeRT":"15809","skip":"false","flipped":"FALSE","index":"2","edgeClickLog":"[{\"edgeSelection\":\"2to5\",\"edgeRTMS\":9845},{\"edgeSelection\":\"5to9\",\"edgeRTMS\":14162},{\"edgeSelection\":\"2to5\",\"edgeRTMS\":15809}]","trial_id":"cong_6","congruency":"C","trial_group":"1to5","condition":"scaffolding","inference_edge":"1to5,5to9,0to1","inference_edgeClickLog":"[{\"edgeSelection\":\"0to1\",\"edgeRTMS\":25420},{\"edgeSelection\":\"1to5\",\"edgeRTMS\":26604},{\"edgeSelection\":\"6to8\",\"edgeRTMS\":27523},{\"edgeSelection\":\"5to9\",\"edgeRTMS\":29171},{\"edgeSelection\":\"6to8\",\"edgeRTMS\":30083},{\"edgeSelection\":\"0to1\",\"edgeRTMS\":32481}]","inference_edgeRT":"32481","inference_edge_last":"0to1","task":"experiment","subjectId":"fw35u7fq0ct1dg5","trial_type":"external-html","trial_index":11,"time_elapsed":623347,"internal_node_id":"0.0-9.0-0.2"},{"rt":49550,"url":"../static/nodeGraphs_scaffolding.html","edge":"4to8","edgeRT":"9813","skip":"false","flipped":"FALSE","index":"3","edgeClickLog":"[{\"edgeSelection\":\"4to8\",\"edgeRTMS\":9813}]","trial_id":"cong_4","congruency":"C","trial_group":"1to5","condition":"scaffolding","inference_edge":"0to1,1to4,4to8","inference_edgeClickLog":"[{\"edgeSelection\":\"2to4\",\"edgeRTMS\":17236},{\"edgeSelection\":\"4to8\",\"edgeRTMS\":18427},{\"edgeSelection\":\"2to4\",\"edgeRTMS\":29080},{\"edgeSelection\":\"4to8\",\"edgeRTMS\":30272},{\"edgeSelection\":\"0to1\",\"edgeRTMS\":34025},{\"edgeSelection\":\"1to4\",\"edgeRTMS\":35361},{\"edgeSelection\":\"4to8\",\"edgeRTMS\":37762}]","inference_edgeRT":"37762","inference_edge_last":"4to8","task":"experiment","subjectId":"fw35u7fq0ct1dg5","trial_type":"external-html","trial_index":12,"time_elapsed":673492,"internal_node_id":"0.0-9.0-0.3"},{"rt":47183,"url":"../static/nodeGraphs_scaffolding.html","edge":"2to5","edgeRT":"6484","skip":"false","flipped":"FALSE","index":"4","edgeClickLog":"[{\"edgeSelection\":\"2to5\",\"edgeRTMS\":6484}]","trial_id":"cong_9","congruency":"C","trial_group":"1to5","condition":"scaffolding","inference_edge":"0to3,3to5,5to9","inference_edgeClickLog":"[{\"edgeSelection\":\"2to5\",\"edgeRTMS\":21864},{\"edgeSelection\":\"5to8\",\"edgeRTMS\":23250},{\"edgeSelection\":\"2to5\",\"edgeRTMS\":24655},{\"edgeSelection\":\"5to8\",\"edgeRTMS\":25464},{\"edgeSelection\":\"0to3\",\"edgeRTMS\":29343},{\"edgeSelection\":\"3to5\",\"edgeRTMS\":30983},{\"edgeSelection\":\"5to9\",\"edgeRTMS\":35047}]","inference_edgeRT":"35047","inference_edge_last":"5to9","task":"experiment","subjectId":"fw35u7fq0ct1dg5","trial_type":"external-html","trial_index":13,"time_elapsed":721267,"internal_node_id":"0.0-9.0-0.4"},{"rt":30606,"url":"../static/nodeGraphs_scaffolding.html","edge":"3to6","edgeRT":"12071","skip":"false","flipped":"TRUE","index":"5","edgeClickLog":"[{\"edgeSelection\":\"2to6\",\"edgeRTMS\":3357},{\"edgeSelection\":\"2to6\",\"edgeRTMS\":7705},{\"edgeSelection\":\"2to6\",\"edgeRTMS\":9976},{\"edgeSelection\":\"2to6\",\"edgeRTMS\":10577},{\"edgeSelection\":\"2to6\",\"edgeRTMS\":10944},{\"edgeSelection\":\"3to6\",\"edgeRTMS\":12071}]","trial_id":"cong_0_flipped","congruency":"C","trial_group":"5to10","condition":"scaffolding","inference_edge":"0to2,2to6,6to8","inference_edgeClickLog":"[{\"edgeSelection\":\"0to2\",\"edgeRTMS\":11624},{\"edgeSelection\":\"2to6\",\"edgeRTMS\":12840},{\"edgeSelection\":\"6to8\",\"edgeRTMS\":13967}]","inference_edgeRT":"13967","inference_edge_last":"6to8","task":"experiment","subjectId":"fw35u7fq0ct1dg5","trial_type":"external-html","trial_index":14,"time_elapsed":752468,"internal_node_id":"0.0-9.0-0.5"},{"rt":34315,"url":"../static/nodeGraphs_scaffolding.html","edge":"2to4","edgeRT":"10053","skip":"false","flipped":"TRUE","index":"6","edgeClickLog":"[{\"edgeSelection\":\"2to4\",\"edgeRTMS\":10053}]","trial_id":"cong_1_flipped","congruency":"C","trial_group":"5to10","condition":"scaffolding","inference_edge":"2to4,0to2,4to7","inference_edgeClickLog":"[{\"edgeSelection\":\"2to4\",\"edgeRTMS\":13640},{\"edgeSelection\":\"0to2\",\"edgeRTMS\":17537},{\"edgeSelection\":\"4to7\",\"edgeRTMS\":20223}]","inference_edgeRT":"20223","inference_edge_last":"4to7","task":"experiment","subjectId":"fw35u7fq0ct1dg5","trial_type":"external-html","trial_index":15,"time_elapsed":787380,"internal_node_id":"0.0-9.0-0.6"},{"rt":33575,"url":"../static/nodeGraphs_scaffolding.html","edge":"2to5","edgeRT":"8753","skip":"false","flipped":"TRUE","index":"7","edgeClickLog":"[{\"edgeSelection\":\"5to9\",\"edgeRTMS\":5205},{\"edgeSelection\":\"2to5\",\"edgeRTMS\":8753}]","trial_id":"cong_6_flipped","congruency":"C","trial_group":"5to10","condition":"scaffolding","inference_edge":"0to2,2to5,5to9","inference_edgeClickLog":"[{\"edgeSelection\":\"0to2\",\"edgeRTMS\":20284},{\"edgeSelection\":\"2to5\",\"edgeRTMS\":21083},{\"edgeSelection\":\"5to9\",\"edgeRTMS\":21955}]","inference_edgeRT":"21955","inference_edge_last":"5to9","task":"experiment","subjectId":"fw35u7fq0ct1dg5","trial_type":"external-html","trial_index":16,"time_elapsed":821548,"internal_node_id":"0.0-9.0-0.7"},{"rt":24281,"url":"../static/nodeGraphs_scaffolding.html","edge":"2to6","edgeRT":"2501","skip":"false","flipped":"TRUE","index":"8","edgeClickLog":"[{\"edgeSelection\":\"2to6\",\"edgeRTMS\":2501}]","trial_id":"cong_4_flipped","congruency":"C","trial_group":"5to10","condition":"scaffolding","inference_edge":"0to2,2to6,6to8","inference_edgeClickLog":"[{\"edgeSelection\":\"0to2\",\"edgeRTMS\":11654},{\"edgeSelection\":\"3to5\",\"edgeRTMS\":13382},{\"edgeSelection\":\"3to5\",\"edgeRTMS\":14654},{\"edgeSelection\":\"2to6\",\"edgeRTMS\":16462},{\"edgeSelection\":\"6to8\",\"edgeRTMS\":19036}]","inference_edgeRT":"19036","inference_edge_last":"6to8","task":"experiment","subjectId":"fw35u7fq0ct1dg5","trial_type":"external-html","trial_index":17,"time_elapsed":846420,"internal_node_id":"0.0-9.0-0.8"},{"rt":26474,"url":"../static/nodeGraphs_scaffolding.html","edge":"5to7","edgeRT":"6941","skip":"false","flipped":"TRUE","index":"9","edgeClickLog":"[{\"edgeSelection\":\"5to7\",\"edgeRTMS\":6941}]","trial_id":"cong_9_flipped","congruency":"C","trial_group":"5to10","condition":"scaffolding","inference_edge":"0to2,2to5,5to8","inference_edgeClickLog":"[{\"edgeSelection\":\"0to2\",\"edgeRTMS\":15000},{\"edgeSelection\":\"2to5\",\"edgeRTMS\":16156},{\"edgeSelection\":\"5to8\",\"edgeRTMS\":17237}]","inference_edgeRT":"17237","inference_edge_last":"5to8","task":"experiment","subjectId":"fw35u7fq0ct1dg5","trial_type":"external-html","trial_index":18,"time_elapsed":873492,"internal_node_id":"0.0-9.0-0.9"},{"rt":43020,"url":"../static/nodeGraphs_scaffolding.html","edge":"1to4","edgeRT":"3645","skip":"false","flipped":"FALSE","index":"10","edgeClickLog":"[{\"edgeSelection\":\"1to4\",\"edgeRTMS\":3645}]","trial_id":"cong_0","congruency":"C","trial_group":"10to15","condition":"scaffolding","inference_edge":"4to7,1to4,0to1","inference_edgeClickLog":"[{\"edgeSelection\":\"0to2\",\"edgeRTMS\":13247},{\"edgeSelection\":\"2to4\",\"edgeRTMS\":18245},{\"edgeSelection\":\"4to7\",\"edgeRTMS\":20782},{\"edgeSelection\":\"1to4\",\"edgeRTMS\":25111},{\"edgeSelection\":\"0to1\",\"edgeRTMS\":32685}]","inference_edgeRT":"32685","inference_edge_last":"0to1","task":"experiment","subjectId":"fw35u7fq0ct1dg5","trial_type":"external-html","trial_index":19,"time_elapsed":917109,"internal_node_id":"0.0-9.0-0.10"},{"rt":48251,"url":"../static/nodeGraphs_scaffolding.html","edge":"2to6","edgeRT":"5949","skip":"false","flipped":"FALSE","index":"11","edgeClickLog":"[{\"edgeSelection\":\"2to6\",\"edgeRTMS\":5949}]","trial_id":"cong_1","congruency":"C","trial_group":"10to15","condition":"scaffolding","inference_edge":"2to4,4to7,0to2","inference_edgeClickLog":"[{\"edgeSelection\":\"2to6\",\"edgeRTMS\":30169},{\"edgeSelection\":\"2to4\",\"edgeRTMS\":36637},{\"edgeSelection\":\"4to7\",\"edgeRTMS\":38765},{\"edgeSelection\":\"0to2\",\"edgeRTMS\":40201}]","inference_edgeRT":"40201","inference_edge_last":"0to2","task":"experiment","subjectId":"fw35u7fq0ct1dg5","trial_type":"external-html","trial_index":20,"time_elapsed":966036,"internal_node_id":"0.0-9.0-0.11"},{"rt":31125,"url":"../static/nodeGraphs_scaffolding.html","edge":"5to7","edgeRT":"4006","skip":"false","flipped":"FALSE","index":"12","edgeClickLog":"[{\"edgeSelection\":\"5to7\",\"edgeRTMS\":4006}]","trial_id":"cong_6","congruency":"C","trial_group":"10to15","condition":"scaffolding","inference_edge":"0to2,2to5,5to7","inference_edgeClickLog":"[{\"edgeSelection\":\"0to2\",\"edgeRTMS\":20134},{\"edgeSelection\":\"2to5\",\"edgeRTMS\":21036},{\"edgeSelection\":\"5to7\",\"edgeRTMS\":22164}]","inference_edgeRT":"22164","inference_edge_last":"5to7","task":"experiment","subjectId":"fw35u7fq0ct1dg5","trial_type":"external-html","trial_index":21,"time_elapsed":997836,"internal_node_id":"0.0-9.0-0.12"},{"rt":15267,"url":"../static/nodeGraphs_scaffolding.html","edge":"4to8","edgeRT":"4462","skip":"false","flipped":"FALSE","index":"13","edgeClickLog":"[{\"edgeSelection\":\"4to8\",\"edgeRTMS\":4462}]","trial_id":"cong_4","congruency":"C","trial_group":"10to15","condition":"scaffolding","inference_edge":"0to2,2to4,4to8","inference_edgeClickLog":"[{\"edgeSelection\":\"0to2\",\"edgeRTMS\":6764},{\"edgeSelection\":\"2to4\",\"edgeRTMS\":7499},{\"edgeSelection\":\"4to8\",\"edgeRTMS\":8420}]","inference_edgeRT":"8420","inference_edge_last":"4to8","task":"experiment","subjectId":"fw35u7fq0ct1dg5","trial_type":"external-html","trial_index":22,"time_elapsed":1013780,"internal_node_id":"0.0-9.0-0.13"},{"rt":26375,"url":"../static/nodeGraphs_scaffolding.html","edge":"5to9","edgeRT":"2294","skip":"false","flipped":"FALSE","index":"14","edgeClickLog":"[{\"edgeSelection\":\"5to9\",\"edgeRTMS\":2294}]","trial_id":"cong_9","congruency":"C","trial_group":"10to15","condition":"scaffolding","inference_edge":"2to5,5to9,0to2","inference_edgeClickLog":"[{\"edgeSelection\":\"2to5\",\"edgeRTMS\":13237},{\"edgeSelection\":\"5to9\",\"edgeRTMS\":14766},{\"edgeSelection\":\"0to2\",\"edgeRTMS\":22630}]","inference_edgeRT":"22630","inference_edge_last":"0to2","task":"experiment","subjectId":"fw35u7fq0ct1dg5","trial_type":"external-html","trial_index":23,"time_elapsed":1040748,"internal_node_id":"0.0-9.0-0.14"},{"rt":21364,"url":"../static/nodeGraphs_scaffolding.html","edge":"6to8","edgeRT":"7477","skip":"false","flipped":"FALSE","index":"15","edgeClickLog":"[{\"edgeSelection\":\"6to8\",\"edgeRTMS\":7477}]","trial_id":"test_0","congruency":"I","trial_group":"15to20","condition":"scaffolding","inference_edge":"2to5,5to9,0to2","inference_edgeClickLog":"[{\"edgeSelection\":\"2to5\",\"edgeRTMS\":13237},{\"edgeSelection\":\"5to9\",\"edgeRTMS\":14766},{\"edgeSelection\":\"0to2\",\"edgeRTMS\":22630}]","inference_edgeRT":"22630","inference_edge_last":"","task":"experiment","subjectId":"fw35u7fq0ct1dg5","trial_type":"external-html","trial_index":24,"time_elapsed":1062708,"internal_node_id":"0.0-9.0-0.15"},{"rt":14272,"url":"../static/nodeGraphs_scaffolding.html","edge":"3to6","edgeRT":"13614","skip":"false","flipped":"FALSE","index":"16","edgeClickLog":"[{\"edgeSelection\":\"3to6\",\"edgeRTMS\":13614}]","trial_id":"test_1","congruency":"I","trial_group":"15to20","condition":"scaffolding","inference_edge":"2to5,5to9,0to2","inference_edgeClickLog":"[{\"edgeSelection\":\"2to5\",\"edgeRTMS\":13237},{\"edgeSelection\":\"5to9\",\"edgeRTMS\":14766},{\"edgeSelection\":\"0to2\",\"edgeRTMS\":22630}]","inference_edgeRT":"22630","inference_edge_last":"","task":"experiment","subjectId":"fw35u7fq0ct1dg5","trial_type":"external-html","trial_index":25,"time_elapsed":1077572,"internal_node_id":"0.0-9.0-0.16"},{"rt":9578,"url":"../static/nodeGraphs_scaffolding.html","edge":"3to6","edgeRT":"8348","skip":"false","flipped":"FALSE","index":"17","edgeClickLog":"[{\"edgeSelection\":\"3to6\",\"edgeRTMS\":8348}]","trial_id":"test_2","congruency":"I","trial_group":"15to20","condition":"scaffolding","inference_edge":"2to5,5to9,0to2","inference_edgeClickLog":"[{\"edgeSelection\":\"2to5\",\"edgeRTMS\":13237},{\"edgeSelection\":\"5to9\",\"edgeRTMS\":14766},{\"edgeSelection\":\"0to2\",\"edgeRTMS\":22630}]","inference_edgeRT":"22630","inference_edge_last":"","task":"experiment","subjectId":"fw35u7fq0ct1dg5","trial_type":"external-html","trial_index":26,"time_elapsed":1087741,"internal_node_id":"0.0-9.0-0.17"},{"rt":5996,"url":"../static/nodeGraphs_scaffolding.html","edge":"1to5","edgeRT":"4253","skip":"false","flipped":"FALSE","index":"18","edgeClickLog":"[{\"edgeSelection\":\"1to5\",\"edgeRTMS\":4253}]","trial_id":"test_3","congruency":"I","trial_group":"15to20","condition":"scaffolding","inference_edge":"2to5,5to9,0to2","inference_edgeClickLog":"[{\"edgeSelection\":\"2to5\",\"edgeRTMS\":13237},{\"edgeSelection\":\"5to9\",\"edgeRTMS\":14766},{\"edgeSelection\":\"0to2\",\"edgeRTMS\":22630}]","inference_edgeRT":"22630","inference_edge_last":"","task":"experiment","subjectId":"fw35u7fq0ct1dg5","trial_type":"external-html","trial_index":27,"time_elapsed":1094333,"internal_node_id":"0.0-9.0-0.18"},{"rt":7112,"url":"../static/nodeGraphs_scaffolding.html","edge":"6to9","edgeRT":"3052","skip":"false","flipped":"FALSE","index":"19","edgeClickLog":"[{\"edgeSelection\":\"6to9\",\"edgeRTMS\":3052}]","trial_id":"test_4","congruency":"I","trial_group":"15to20","condition":"scaffolding","inference_edge":"2to5,5to9,0to2","inference_edgeClickLog":"[{\"edgeSelection\":\"2to5\",\"edgeRTMS\":13237},{\"edgeSelection\":\"5to9\",\"edgeRTMS\":14766},{\"edgeSelection\":\"0to2\",\"edgeRTMS\":22630}]","inference_edgeRT":"22630","inference_edge_last":"","task":"experiment","subjectId":"fw35u7fq0ct1dg5","trial_type":"external-html","trial_index":28,"time_elapsed":1102036,"internal_node_id":"0.0-9.0-0.19"},{"rt":28868,"response":{"P0_Q0":null,"P0_Q1":6,"P0_Q2":5,"P0_Q3":4,"P0_Q4":6,"P0_Q5":4,"strategies":"tried to get the most points","feedback":"n/a"},"accuracy":[],"trial_type":"survey","trial_index":29,"time_elapsed":1131663,"internal_node_id":"0.0-10.0"},{"rt":4336,"stimulus":"<p>Thanks for your time!</p>        <p>We need to manually calculate your bonus pay, please give us up to 7 days.</p><p>Press any key to conclude.</p>","response":"enter","task":"end","subjectId":"fw35u7fq0ct1dg5","trial_type":"html-keyboard-response","trial_index":30,"time_elapsed":1136004,"internal_node_id":"0.0-11.0","interactions":"[{\"event\":\"blur\",\"trial\":1,\"time\":3376},{\"event\":\"focus\",\"trial\":1,\"time\":6181},{\"event\":\"fullscreenenter\",\"trial\":1,\"time\":8021},{\"event\":\"blur\",\"trial\":19,\"time\":890050},{\"event\":\"focus\",\"trial\":19,\"time\":890051},{\"event\":\"fullscreenexit\",\"trial\":19,\"time\":890075}]"}]