[{"success":true,"timeout":false,"failed_images":[],"failed_audio":[],"failed_video":[],"trial_type":"preload","trial_index":0,"time_elapsed":73,"internal_node_id":"0.0-0.0"},{"success":true,"trial_type":"fullscreen","trial_index":1,"time_elapsed":4865,"internal_node_id":"0.0-1.0"},{"rt":3726,"stimulus":"Welcome to the experiment. Press any key to begin.","response":"h","trial_type":"html-keyboard-response","trial_index":2,"time_elapsed":8594,"internal_node_id":"0.0-2.0"},{"view_history":[{"page_index":0,"viewing_time":6015},{"page_index":1,"viewing_time":6895},{"page_index":2,"viewing_time":44937},{"page_index":3,"viewing_time":20184},{"page_index":4,"viewing_time":2400},{"page_index":5,"viewing_time":783},{"page_index":6,"viewing_time":1658},{"page_index":7,"viewing_time":14871},{"page_index":8,"viewing_time":36640},{"page_index":9,"viewing_time":14640},{"page_index":10,"viewing_time":2018},{"page_index":11,"viewing_time":734},{"page_index":12,"viewing_time":1737},{"page_index":13,"viewing_time":3521},{"page_index":14,"viewing_time":3224},{"page_index":15,"viewing_time":14023},{"page_index":16,"viewing_time":2256},{"page_index":17,"viewing_time":904},{"page_index":18,"viewing_time":4848},{"page_index":19,"viewing_time":6327},{"page_index":20,"viewing_time":7512},{"page_index":21,"viewing_time":5410}],"rt":201537,"trial_type":"instructions","trial_index":3,"time_elapsed":210132,"internal_node_id":"0.0-3.0"},{"rt":624149,"url":"../static/nodeGraphsTraining_scaffolding.html","skip":[],"edgeClickLog":[],"inference_edge":[],"inference_edgeClickLog":[],"trial_type":"external-html","trial_index":4,"time_elapsed":834354,"internal_node_id":"0.0-4.0"},{"rt":37911,"response":{"q1":"The goal is to help the student to get the most points.","q2":"False","q3":"Possible edges you, as the teacher, can choose to teach the learner.","q4":"Edges that the student took before."},"question_order":[0,1,2,3],"trial_type":"survey-multi-choice","trial_index":5,"time_elapsed":872270,"internal_node_id":"0.0-5.0"},{"rt":null,"stimulus":"<p>You can take a 60 second break before starting the experiment.</p><br><br><p>This page will advance in 60 seconds or you can press any key to advance now.</p>","response":null,"trial_type":"html-keyboard-response","trial_index":6,"time_elapsed":932278,"internal_node_id":"0.0-7.0"},{"view_history":[{"page_index":0,"viewing_time":61203}],"rt":61203,"trial_type":"instructions","trial_index":7,"time_elapsed":993482,"internal_node_id":"0.0-8.0"},{"rt":79312,"url":"../static/nodeGraphs_scaffolding.html","edge":"4to8","edgeRT":"35287","skip":"false","flipped":"FALSE","index":"0","edgeClickLog":"[{\"edgeSelection\":\"4to8\",\"edgeRTMS\":22709},{\"edgeSelection\":\"6to8\",\"edgeRTMS\":30328},{\"edgeSelection\":\"4to8\",\"edgeRTMS\":31585},{\"edgeSelection\":\"5to7\",\"edgeRTMS\":34009},{\"edgeSelection\":\"4to8\",\"edgeRTMS\":35287}]","trial_id":"cong_0","congruency":"C","trial_group":"1to5","condition":"scaffolding","inference_edge":"5to8,5to7,4to8","inference_edgeClickLog":"[{\"edgeSelection\":\"5to8\",\"edgeRTMS\":15127},{\"edgeSelection\":\"5to7\",\"edgeRTMS\":26679},{\"edgeSelection\":\"4to8\",\"edgeRTMS\":32920}]","inference_edgeRT":"32920","inference_edge_last":"4to8","task":"experiment","subjectId":"ageuu7abu80rdhq","trial_type":"external-html","trial_index":8,"time_elapsed":1072851,"internal_node_id":"0.0-9.0-0.0"},{"rt":67956,"url":"../static/nodeGraphs_scaffolding.html","edge":"2to6","edgeRT":"36429","skip":"false","flipped":"FALSE","index":"1","edgeClickLog":"[{\"edgeSelection\":\"2to6\",\"edgeRTMS\":28998},{\"edgeSelection\":\"2to4\",\"edgeRTMS\":33529},{\"edgeSelection\":\"2to6\",\"edgeRTMS\":36429}]","trial_id":"cong_1","congruency":"C","trial_group":"1to5","condition":"scaffolding","inference_edge":"3to6,4to7,1to5","inference_edgeClickLog":"[{\"edgeSelection\":\"3to6\",\"edgeRTMS\":19473},{\"edgeSelection\":\"4to7\",\"edgeRTMS\":24741},{\"edgeSelection\":\"1to5\",\"edgeRTMS\":27926}]","inference_edgeRT":"27926","inference_edge_last":"1to5","task":"experiment","subjectId":"ageuu7abu80rdhq","trial_type":"external-html","trial_index":9,"time_elapsed":1141340,"internal_node_id":"0.0-9.0-0.1"},{"rt":31184,"url":"../static/nodeGraphs_scaffolding.html","edge":"1to5","edgeRT":"8942","skip":"false","flipped":"FALSE","index":"2","edgeClickLog":"[{\"edgeSelection\":\"1to5\",\"edgeRTMS\":8942}]","trial_id":"cong_6","congruency":"C","trial_group":"1to5","condition":"scaffolding","inference_edge":"5to7,2to5,5to9","inference_edgeClickLog":"[{\"edgeSelection\":\"5to7\",\"edgeRTMS\":7926},{\"edgeSelection\":\"2to5\",\"edgeRTMS\":15554},{\"edgeSelection\":\"5to9\",\"edgeRTMS\":16534}]","inference_edgeRT":"16534","inference_edge_last":"5to9","task":"experiment","subjectId":"ageuu7abu80rdhq","trial_type":"external-html","trial_index":10,"time_elapsed":1173066,"internal_node_id":"0.0-9.0-0.2"},{"rt":27216,"url":"../static/nodeGraphs_scaffolding.html","edge":"4to8","edgeRT":"8294","skip":"false","flipped":"FALSE","index":"3","edgeClickLog":"[{\"edgeSelection\":\"4to8\",\"edgeRTMS\":8294}]","trial_id":"cong_4","congruency":"C","trial_group":"1to5","condition":"scaffolding","inference_edge":"4to8,1to4,2to6","inference_edgeClickLog":"[{\"edgeSelection\":\"4to8\",\"edgeRTMS\":8408},{\"edgeSelection\":\"1to4\",\"edgeRTMS\":13482},{\"edgeSelection\":\"2to6\",\"edgeRTMS\":15673}]","inference_edgeRT":"15673","inference_edge_last":"2to6","task":"experiment","subjectId":"ageuu7abu80rdhq","trial_type":"external-html","trial_index":11,"time_elapsed":1200819,"internal_node_id":"0.0-9.0-0.3"},{"rt":39862,"url":"../static/nodeGraphs_scaffolding.html","edge":"2to5","edgeRT":"11122","skip":"false","flipped":"FALSE","index":"4","edgeClickLog":"[{\"edgeSelection\":\"2to5\",\"edgeRTMS\":11122}]","trial_id":"cong_9","congruency":"C","trial_group":"1to5","condition":"scaffolding","inference_edge":"5to8,5to7,1to5","inference_edgeClickLog":"[{\"edgeSelection\":\"5to8\",\"edgeRTMS\":8437},{\"edgeSelection\":\"5to7\",\"edgeRTMS\":11336},{\"edgeSelection\":\"1to5\",\"edgeRTMS\":18469}]","inference_edgeRT":"18469","inference_edge_last":"1to5","task":"experiment","subjectId":"ageuu7abu80rdhq","trial_type":"external-html","trial_index":12,"time_elapsed":1241215,"internal_node_id":"0.0-9.0-0.4"},{"rt":62042,"url":"../static/nodeGraphs_scaffolding.html","edge":"3to6","edgeRT":"18447","skip":"false","flipped":"TRUE","index":"5","edgeClickLog":"[{\"edgeSelection\":\"3to6\",\"edgeRTMS\":4836},{\"edgeSelection\":\"5to8\",\"edgeRTMS\":12303},{\"edgeSelection\":\"5to9\",\"edgeRTMS\":14989},{\"edgeSelection\":\"3to6\",\"edgeRTMS\":18447}]","trial_id":"cong_0_flipped","congruency":"C","trial_group":"5to10","condition":"scaffolding","inference_edge":"3to6,2to5,5to8","inference_edgeClickLog":"[{\"edgeSelection\":\"3to6\",\"edgeRTMS\":5939},{\"edgeSelection\":\"2to6\",\"edgeRTMS\":14501},{\"edgeSelection\":\"2to6\",\"edgeRTMS\":22358},{\"edgeSelection\":\"2to5\",\"edgeRTMS\":31698},{\"edgeSelection\":\"5to8\",\"edgeRTMS\":39182}]","inference_edgeRT":"39182","inference_edge_last":"5to8","task":"experiment","subjectId":"ageuu7abu80rdhq","trial_type":"external-html","trial_index":13,"time_elapsed":1303788,"internal_node_id":"0.0-9.0-0.5"},{"rt":51731,"url":"../static/nodeGraphs_scaffolding.html","edge":"2to4","edgeRT":"7423","skip":"false","flipped":"TRUE","index":"6","edgeClickLog":"[{\"edgeSelection\":\"2to6\",\"edgeRTMS\":5219},{\"edgeSelection\":\"2to4\",\"edgeRTMS\":7423}]","trial_id":"cong_1_flipped","congruency":"C","trial_group":"5to10","condition":"scaffolding","inference_edge":"2to4,4to7,2to6","inference_edgeClickLog":"[{\"edgeSelection\":\"2to4\",\"edgeRTMS\":12213},{\"edgeSelection\":\"4to7\",\"edgeRTMS\":5341},{\"edgeSelection\":\"2to6\",\"edgeRTMS\":9143}]","inference_edgeRT":"9143","inference_edge_last":"2to6","task":"experiment","subjectId":"ageuu7abu80rdhq","trial_type":"external-html","trial_index":14,"time_elapsed":1356054,"internal_node_id":"0.0-9.0-0.6"},{"rt":38906,"url":"../static/nodeGraphs_scaffolding.html","edge":"6to9","edgeRT":"8904","skip":"false","flipped":"TRUE","index":"7","edgeClickLog":"[{\"edgeSelection\":\"6to9\",\"edgeRTMS\":8904}]","trial_id":"cong_6_flipped","congruency":"C","trial_group":"5to10","condition":"scaffolding","inference_edge":"5to7,6to9,2to5","inference_edgeClickLog":"[{\"edgeSelection\":\"6to9\",\"edgeRTMS\":5305},{\"edgeSelection\":\"2to5\",\"edgeRTMS\":10015},{\"edgeSelection\":\"4to8\",\"edgeRTMS\":14419},{\"edgeSelection\":\"5to7\",\"edgeRTMS\":15711},{\"edgeSelection\":\"6to9\",\"edgeRTMS\":17476},{\"edgeSelection\":\"2to5\",\"edgeRTMS\":19191}]","inference_edgeRT":"19191","inference_edge_last":"2to5","task":"experiment","subjectId":"ageuu7abu80rdhq","trial_type":"external-html","trial_index":15,"time_elapsed":1395499,"internal_node_id":"0.0-9.0-0.7"},{"rt":44792,"url":"../static/nodeGraphs_scaffolding.html","edge":"5to8","edgeRT":"8767","skip":"false","flipped":"TRUE","index":"8","edgeClickLog":"[{\"edgeSelection\":\"5to8\",\"edgeRTMS\":8767}]","trial_id":"cong_4_flipped","congruency":"C","trial_group":"5to10","condition":"scaffolding","inference_edge":"5to8,2to6,4to8","inference_edgeClickLog":"[{\"edgeSelection\":\"5to8\",\"edgeRTMS\":13975},{\"edgeSelection\":\"2to6\",\"edgeRTMS\":22840},{\"edgeSelection\":\"4to8\",\"edgeRTMS\":32776}]","inference_edgeRT":"32776","inference_edge_last":"4to8","task":"experiment","subjectId":"ageuu7abu80rdhq","trial_type":"external-html","trial_index":16,"time_elapsed":1440827,"internal_node_id":"0.0-9.0-0.8"},{"rt":56992,"url":"../static/nodeGraphs_scaffolding.html","edge":"5to8","edgeRT":"9781","skip":"false","flipped":"TRUE","index":"9","edgeClickLog":"[{\"edgeSelection\":\"5to8\",\"edgeRTMS\":9781}]","trial_id":"cong_9_flipped","congruency":"C","trial_group":"5to10","condition":"scaffolding","inference_edge":"5to7,2to5,5to8","inference_edgeClickLog":"[{\"edgeSelection\":\"5to7\",\"edgeRTMS\":29409},{\"edgeSelection\":\"2to5\",\"edgeRTMS\":33127},{\"edgeSelection\":\"5to8\",\"edgeRTMS\":36976}]","inference_edgeRT":"36976","inference_edge_last":"5to8","task":"experiment","subjectId":"ageuu7abu80rdhq","trial_type":"external-html","trial_index":17,"time_elapsed":1498357,"internal_node_id":"0.0-9.0-0.9"},{"rt":61389,"url":"../static/nodeGraphs_scaffolding.html","edge":"1to4","edgeRT":"22468","skip":"false","flipped":"FALSE","index":"10","edgeClickLog":"[{\"edgeSelection\":\"1to4\",\"edgeRTMS\":22468}]","trial_id":"cong_0","congruency":"C","trial_group":"10to15","condition":"scaffolding","inference_edge":"1to4,5to8,5to7","inference_edgeClickLog":"[{\"edgeSelection\":\"1to4\",\"edgeRTMS\":16835},{\"edgeSelection\":\"5to8\",\"edgeRTMS\":28792},{\"edgeSelection\":\"5to7\",\"edgeRTMS\":31344}]","inference_edgeRT":"31344","inference_edge_last":"5to7","task":"experiment","subjectId":"ageuu7abu80rdhq","trial_type":"external-html","trial_index":18,"time_elapsed":1560277,"internal_node_id":"0.0-9.0-0.10"},{"rt":50654,"url":"../static/nodeGraphs_scaffolding.html","edge":"6to9","edgeRT":"13416","skip":"false","flipped":"FALSE","index":"11","edgeClickLog":"[{\"edgeSelection\":\"6to9\",\"edgeRTMS\":13416}]","trial_id":"cong_1","congruency":"C","trial_group":"10to15","condition":"scaffolding","inference_edge":"2to6,2to4,5to7","inference_edgeClickLog":"[{\"edgeSelection\":\"2to6\",\"edgeRTMS\":9111},{\"edgeSelection\":\"2to4\",\"edgeRTMS\":10399},{\"edgeSelection\":\"5to7\",\"edgeRTMS\":15696}]","inference_edgeRT":"15696","inference_edge_last":"5to7","task":"experiment","subjectId":"ageuu7abu80rdhq","trial_type":"external-html","trial_index":19,"time_elapsed":1611462,"internal_node_id":"0.0-9.0-0.11"},{"rt":50284,"url":"../static/nodeGraphs_scaffolding.html","edge":"5to7","edgeRT":"9478","skip":"false","flipped":"FALSE","index":"12","edgeClickLog":"[{\"edgeSelection\":\"5to7\",\"edgeRTMS\":9478}]","trial_id":"cong_6","congruency":"C","trial_group":"10to15","condition":"scaffolding","inference_edge":"5to7,5to9,4to7","inference_edgeClickLog":"[{\"edgeSelection\":\"5to7\",\"edgeRTMS\":15075},{\"edgeSelection\":\"5to9\",\"edgeRTMS\":25591},{\"edgeSelection\":\"4to7\",\"edgeRTMS\":30617}]","inference_edgeRT":"30617","inference_edge_last":"4to7","task":"experiment","subjectId":"ageuu7abu80rdhq","trial_type":"external-html","trial_index":20,"time_elapsed":1662278,"internal_node_id":"0.0-9.0-0.12"},{"rt":44986,"url":"../static/nodeGraphs_scaffolding.html","edge":"5to8","edgeRT":"11988","skip":"false","flipped":"FALSE","index":"13","edgeClickLog":"[{\"edgeSelection\":\"5to8\",\"edgeRTMS\":11988}]","trial_id":"cong_4","congruency":"C","trial_group":"10to15","condition":"scaffolding","inference_edge":"2to4,4to8,4to7","inference_edgeClickLog":"[{\"edgeSelection\":\"2to4\",\"edgeRTMS\":17624},{\"edgeSelection\":\"4to8\",\"edgeRTMS\":18502},{\"edgeSelection\":\"4to7\",\"edgeRTMS\":26445}]","inference_edgeRT":"26445","inference_edge_last":"4to7","task":"experiment","subjectId":"ageuu7abu80rdhq","trial_type":"external-html","trial_index":21,"time_elapsed":1707797,"internal_node_id":"0.0-9.0-0.13"},{"rt":78855,"url":"../static/nodeGraphs_scaffolding.html","edge":"2to5","edgeRT":"28086","skip":"false","flipped":"FALSE","index":"14","edgeClickLog":"[{\"edgeSelection\":\"5to8\",\"edgeRTMS\":18430},{\"edgeSelection\":\"6to8\",\"edgeRTMS\":23504},{\"edgeSelection\":\"5to8\",\"edgeRTMS\":26560},{\"edgeSelection\":\"2to5\",\"edgeRTMS\":28086}]","trial_id":"cong_9","congruency":"C","trial_group":"10to15","condition":"scaffolding","inference_edge":"2to6,5to8,5to9","inference_edgeClickLog":"[{\"edgeSelection\":\"2to5\",\"edgeRTMS\":21896},{\"edgeSelection\":\"2to6\",\"edgeRTMS\":30792},{\"edgeSelection\":\"5to8\",\"edgeRTMS\":36822},{\"edgeSelection\":\"5to9\",\"edgeRTMS\":39446}]","inference_edgeRT":"39446","inference_edge_last":"5to9","task":"experiment","subjectId":"ageuu7abu80rdhq","trial_type":"external-html","trial_index":22,"time_elapsed":1787182,"internal_node_id":"0.0-9.0-0.14"},{"rt":36604,"url":"../static/nodeGraphs_scaffolding.html","edge":"5to8","edgeRT":"8323","skip":"false","flipped":"FALSE","index":"15","edgeClickLog":"[{\"edgeSelection\":\"5to8\",\"edgeRTMS\":8323}]","trial_id":"test_0","congruency":"I","trial_group":"15to20","condition":"scaffolding","inference_edge":"2to6,5to8,5to9","inference_edgeClickLog":"[{\"edgeSelection\":\"2to5\",\"edgeRTMS\":21896},{\"edgeSelection\":\"2to6\",\"edgeRTMS\":30792},{\"edgeSelection\":\"5to8\",\"edgeRTMS\":36822},{\"edgeSelection\":\"5to9\",\"edgeRTMS\":39446}]","inference_edgeRT":"39446","inference_edge_last":"","task":"experiment","subjectId":"ageuu7abu80rdhq","trial_type":"external-html","trial_index":23,"time_elapsed":1824326,"internal_node_id":"0.0-9.0-0.15"},{"rt":33867,"url":"../static/nodeGraphs_scaffolding.html","edge":"0to3","edgeRT":"33155","skip":"false","flipped":"FALSE","index":"16","edgeClickLog":"[{\"edgeSelection\":\"0to3\",\"edgeRTMS\":33155}]","trial_id":"test_1","congruency":"I","trial_group":"15to20","condition":"scaffolding","inference_edge":"2to6,5to8,5to9","inference_edgeClickLog":"[{\"edgeSelection\":\"2to5\",\"edgeRTMS\":21896},{\"edgeSelection\":\"2to6\",\"edgeRTMS\":30792},{\"edgeSelection\":\"5to8\",\"edgeRTMS\":36822},{\"edgeSelection\":\"5to9\",\"edgeRTMS\":39446}]","inference_edgeRT":"39446","inference_edge_last":"","task":"experiment","subjectId":"ageuu7abu80rdhq","trial_type":"external-html","trial_index":24,"time_elapsed":1858727,"internal_node_id":"0.0-9.0-0.16"},{"rt":22333,"url":"../static/nodeGraphs_scaffolding.html","edge":"6to8","edgeRT":"16588","skip":"false","flipped":"FALSE","index":"17","edgeClickLog":"[{\"edgeSelection\":\"6to8\",\"edgeRTMS\":16588}]","trial_id":"test_2","congruency":"I","trial_group":"15to20","condition":"scaffolding","inference_edge":"2to6,5to8,5to9","inference_edgeClickLog":"[{\"edgeSelection\":\"2to5\",\"edgeRTMS\":21896},{\"edgeSelection\":\"2to6\",\"edgeRTMS\":30792},{\"edgeSelection\":\"5to8\",\"edgeRTMS\":36822},{\"edgeSelection\":\"5to9\",\"edgeRTMS\":39446}]","inference_edgeRT":"39446","inference_edge_last":"","task":"experiment","subjectId":"ageuu7abu80rdhq","trial_type":"external-html","trial_index":25,"time_elapsed":1881591,"internal_node_id":"0.0-9.0-0.17"},{"rt":21520,"url":"../static/nodeGraphs_scaffolding.html","edge":"1to5","edgeRT":"15577","skip":"false","flipped":"FALSE","index":"18","edgeClickLog":"[{\"edgeSelection\":\"1to5\",\"edgeRTMS\":14316},{\"edgeSelection\":\"1to5\",\"edgeRTMS\":14996},{\"edgeSelection\":\"1to5\",\"edgeRTMS\":15577}]","trial_id":"test_3","congruency":"I","trial_group":"15to20","condition":"scaffolding","inference_edge":"2to6,5to8,5to9","inference_edgeClickLog":"[{\"edgeSelection\":\"2to5\",\"edgeRTMS\":21896},{\"edgeSelection\":\"2to6\",\"edgeRTMS\":30792},{\"edgeSelection\":\"5to8\",\"edgeRTMS\":36822},{\"edgeSelection\":\"5to9\",\"edgeRTMS\":39446}]","inference_edgeRT":"39446","inference_edge_last":"","task":"experiment","subjectId":"ageuu7abu80rdhq","trial_type":"external-html","trial_index":26,"time_elapsed":1903646,"internal_node_id":"0.0-9.0-0.18"},{"rt":22246,"url":"../static/nodeGraphs_scaffolding.html","edge":"5to9","edgeRT":"20726","skip":"false","flipped":"FALSE","index":"19","edgeClickLog":"[{\"edgeSelection\":\"5to9\",\"edgeRTMS\":18962},{\"edgeSelection\":\"5to9\",\"edgeRTMS\":20726}]","trial_id":"test_4","congruency":"I","trial_group":"15to20","condition":"scaffolding","inference_edge":"2to6,5to8,5to9","inference_edgeClickLog":"[{\"edgeSelection\":\"2to5\",\"edgeRTMS\":21896},{\"edgeSelection\":\"2to6\",\"edgeRTMS\":30792},{\"edgeSelection\":\"5to8\",\"edgeRTMS\":36822},{\"edgeSelection\":\"5to9\",\"edgeRTMS\":39446}]","inference_edgeRT":"39446","inference_edge_last":"","task":"experiment","subjectId":"ageuu7abu80rdhq","trial_type":"external-html","trial_index":27,"time_elapsed":1926423,"internal_node_id":"0.0-9.0-0.19"},{"rt":76131,"response":{"P0_Q0":null,"P0_Q1":6,"P0_Q2":4,"P0_Q3":3,"P0_Q4":6,"P0_Q5":5,"strategies":"I plotted out the best path and tried to figure out the reasons for the deviations from that","feedback":""},"accuracy":[],"trial_type":"survey","trial_index":28,"time_elapsed":2003108,"internal_node_id":"0.0-10.0"},{"rt":3337,"stimulus":"<p>Thanks for your time!</p>        <p>We need to manually calculate your bonus pay, please give us up to 7 days.</p><p>Press any key to conclude.</p>","response":"y","task":"end","subjectId":"ageuu7abu80rdhq","trial_type":"html-keyboard-response","trial_index":29,"time_elapsed":2006446,"internal_node_id":"0.0-11.0","interactions":"[{\"event\":\"fullscreenenter\",\"trial\":1,\"time\":3888},{\"event\":\"blur\",\"trial\":14,\"time\":1323911},{\"event\":\"focus\",\"trial\":14,\"time\":1323911}]"}]