[{"success":true,"timeout":false,"failed_images":[],"failed_audio":[],"failed_video":[],"trial_type":"preload","trial_index":0,"time_elapsed":1282,"internal_node_id":"0.0-0.0"},{"success":true,"trial_type":"fullscreen","trial_index":1,"time_elapsed":8320,"internal_node_id":"0.0-1.0"},{"rt":2262,"stimulus":"Welcome to the experiment. Press any key to begin.","response":"arrowdown","trial_type":"html-keyboard-response","trial_index":2,"time_elapsed":10582,"internal_node_id":"0.0-2.0"},{"view_history":[{"page_index":0,"viewing_time":3176},{"page_index":1,"viewing_time":3702},{"page_index":2,"viewing_time":22925},{"page_index":3,"viewing_time":2861},{"page_index":4,"viewing_time":1415},{"page_index":5,"viewing_time":612},{"page_index":6,"viewing_time":2242},{"page_index":7,"viewing_time":10851},{"page_index":8,"viewing_time":11788},{"page_index":9,"viewing_time":6423},{"page_index":10,"viewing_time":698},{"page_index":11,"viewing_time":352},{"page_index":12,"viewing_time":311},{"page_index":13,"viewing_time":1002},{"page_index":14,"viewing_time":2842},{"page_index":15,"viewing_time":2189},{"page_index":16,"viewing_time":845},{"page_index":17,"viewing_time":378},{"page_index":18,"viewing_time":916},{"page_index":19,"viewing_time":2682},{"page_index":20,"viewing_time":3970},{"page_index":21,"viewing_time":5566},{"page_index":20,"viewing_time":307},{"page_index":19,"viewing_time":558},{"page_index":18,"viewing_time":372},{"page_index":17,"viewing_time":240},{"page_index":16,"viewing_time":470},{"page_index":15,"viewing_time":1210},{"page_index":16,"viewing_time":532},{"page_index":15,"viewing_time":406},{"page_index":16,"viewing_time":590},{"page_index":17,"viewing_time":300},{"page_index":18,"viewing_time":1005},{"page_index":17,"viewing_time":303},{"page_index":16,"viewing_time":450},{"page_index":15,"viewing_time":5143},{"page_index":16,"viewing_time":533},{"page_index":17,"viewing_time":381},{"page_index":18,"viewing_time":2665},{"page_index":19,"viewing_time":451},{"page_index":20,"viewing_time":706},{"page_index":21,"viewing_time":697}],"rt":105064,"trial_type":"instructions","trial_index":3,"time_elapsed":115647,"internal_node_id":"0.0-3.0"},{"rt":66797,"url":"../static/nodeGraphsTraining_normal.html","skip":[],"edgeClickLog":[],"inference_edge":[],"inference_edgeClickLog":[],"trial_type":"external-html","trial_index":4,"time_elapsed":182611,"internal_node_id":"0.0-4.0"},{"rt":33817,"response":{"q1":"The goal is to help the student to get the most points","q2":"True","q3":"Possible paths you, as the teacher, can choose to teach the learner.","q4":"Paths that the student took before."},"question_order":[0,1,2,3],"trial_type":"survey-multi-choice","trial_index":5,"time_elapsed":216429,"internal_node_id":"0.0-5.0"},{"rt":46802,"response":{"q1":"The goal is to help the student to get the most points","q2":"False","q3":"Possible paths you, as the teacher, can choose to teach the learner.","q4":"Paths that the student took before."},"question_order":[0,1,2,3],"trial_type":"survey-multi-choice","trial_index":6,"time_elapsed":263232,"internal_node_id":"0.0-6.0-0.0"},{"rt":6328,"stimulus":"<p>You can take a 60 second break before starting the experiment.</p><br><br><p>This page will advance in 60 seconds or you can press any key to advance now.</p>","response":"arrowright","trial_type":"html-keyboard-response","trial_index":7,"time_elapsed":269561,"internal_node_id":"0.0-7.0"},{"view_history":[{"page_index":0,"viewing_time":20016}],"rt":20016,"trial_type":"instructions","trial_index":8,"time_elapsed":289578,"internal_node_id":"0.0-8.0"},{"rt":11817,"url":"../static/nodeGraphs_normal.html","edge":"1to4","edgeRT":"6985","skip":"false","flipped":"FALSE","index":"0","edgeClickLog":"[{\"edgeSelection\":\"1to4\",\"edgeRTMS\":6985}]","trial_id":"cong_0","congruency":"C","trial_group":"1to5","condition":"normal","inference_edge":[],"inference_edgeClickLog":[],"task":"experiment","subjectId":"bje2egp9vu89sk2","trial_type":"external-html","trial_index":9,"time_elapsed":301586,"internal_node_id":"0.0-9.0-0.0"},{"rt":6988,"url":"../static/nodeGraphs_normal.html","edge":"2to6","edgeRT":"6210","skip":"false","flipped":"FALSE","index":"1","edgeClickLog":"[{\"edgeSelection\":\"2to6\",\"edgeRTMS\":6210}]","trial_id":"cong_1","congruency":"C","trial_group":"1to5","condition":"normal","inference_edge":[],"inference_edgeClickLog":[],"task":"experiment","subjectId":"bje2egp9vu89sk2","trial_type":"external-html","trial_index":10,"time_elapsed":309242,"internal_node_id":"0.0-9.0-0.1"},{"rt":18173,"url":"../static/nodeGraphs_normal.html","edge":"2to5","edgeRT":"15586","skip":"false","flipped":"FALSE","index":"2","edgeClickLog":"[{\"edgeSelection\":\"2to5\",\"edgeRTMS\":10954},{\"edgeSelection\":\"5to7\",\"edgeRTMS\":14563},{\"edgeSelection\":\"2to5\",\"edgeRTMS\":15586}]","trial_id":"cong_6","congruency":"C","trial_group":"1to5","condition":"normal","inference_edge":[],"inference_edgeClickLog":[],"task":"experiment","subjectId":"bje2egp9vu89sk2","trial_type":"external-html","trial_index":11,"time_elapsed":328083,"internal_node_id":"0.0-9.0-0.2"},{"rt":7047,"url":"../static/nodeGraphs_normal.html","edge":"2to4","edgeRT":"6746","skip":"false","flipped":"FALSE","index":"3","edgeClickLog":"[{\"edgeSelection\":\"2to4\",\"edgeRTMS\":6746}]","trial_id":"cong_4","congruency":"C","trial_group":"1to5","condition":"normal","inference_edge":[],"inference_edgeClickLog":[],"task":"experiment","subjectId":"bje2egp9vu89sk2","trial_type":"external-html","trial_index":12,"time_elapsed":335804,"internal_node_id":"0.0-9.0-0.3"},{"rt":7296,"url":"../static/nodeGraphs_normal.html","edge":"2to5","edgeRT":"6186","skip":"false","flipped":"FALSE","index":"4","edgeClickLog":"[{\"edgeSelection\":\"2to5\",\"edgeRTMS\":6186}]","trial_id":"cong_9","congruency":"C","trial_group":"1to5","condition":"normal","inference_edge":[],"inference_edgeClickLog":[],"task":"experiment","subjectId":"bje2egp9vu89sk2","trial_type":"external-html","trial_index":13,"time_elapsed":343780,"internal_node_id":"0.0-9.0-0.4"},{"rt":6564,"url":"../static/nodeGraphs_normal.html","edge":"3to6","edgeRT":"4681","skip":"false","flipped":"TRUE","index":"5","edgeClickLog":"[{\"edgeSelection\":\"3to6\",\"edgeRTMS\":4681}]","trial_id":"cong_0_flipped","congruency":"C","trial_group":"5to10","condition":"normal","inference_edge":[],"inference_edgeClickLog":[],"task":"experiment","subjectId":"bje2egp9vu89sk2","trial_type":"external-html","trial_index":14,"time_elapsed":351021,"internal_node_id":"0.0-9.0-0.5"},{"rt":6914,"url":"../static/nodeGraphs_normal.html","edge":"2to4","edgeRT":"4889","skip":"false","flipped":"TRUE","index":"6","edgeClickLog":"[{\"edgeSelection\":\"2to4\",\"edgeRTMS\":4889}]","trial_id":"cong_1_flipped","congruency":"C","trial_group":"5to10","condition":"normal","inference_edge":[],"inference_edgeClickLog":[],"task":"experiment","subjectId":"bje2egp9vu89sk2","trial_type":"external-html","trial_index":15,"time_elapsed":358621,"internal_node_id":"0.0-9.0-0.6"},{"rt":16294,"url":"../static/nodeGraphs_normal.html","edge":"2to5","edgeRT":"14857","skip":"false","flipped":"TRUE","index":"7","edgeClickLog":"[{\"edgeSelection\":\"2to5\",\"edgeRTMS\":14857}]","trial_id":"cong_6_flipped","congruency":"C","trial_group":"5to10","condition":"normal","inference_edge":[],"inference_edgeClickLog":[],"task":"experiment","subjectId":"bje2egp9vu89sk2","trial_type":"external-html","trial_index":16,"time_elapsed":375646,"internal_node_id":"0.0-9.0-0.7"},{"rt":6418,"url":"../static/nodeGraphs_normal.html","edge":"2to6","edgeRT":"5834","skip":"false","flipped":"TRUE","index":"8","edgeClickLog":"[{\"edgeSelection\":\"2to6\",\"edgeRTMS\":5834}]","trial_id":"cong_4_flipped","congruency":"C","trial_group":"5to10","condition":"normal","inference_edge":[],"inference_edgeClickLog":[],"task":"experiment","subjectId":"bje2egp9vu89sk2","trial_type":"external-html","trial_index":17,"time_elapsed":382742,"internal_node_id":"0.0-9.0-0.8"},{"rt":5808,"url":"../static/nodeGraphs_normal.html","edge":"2to5","edgeRT":"5410","skip":"false","flipped":"TRUE","index":"9","edgeClickLog":"[{\"edgeSelection\":\"2to5\",\"edgeRTMS\":5410}]","trial_id":"cong_9_flipped","congruency":"C","trial_group":"5to10","condition":"normal","inference_edge":[],"inference_edgeClickLog":[],"task":"experiment","subjectId":"bje2egp9vu89sk2","trial_type":"external-html","trial_index":18,"time_elapsed":389303,"internal_node_id":"0.0-9.0-0.9"},{"rt":3161,"url":"../static/nodeGraphs_normal.html","edge":"1to4","edgeRT":"2707","skip":"false","flipped":"FALSE","index":"10","edgeClickLog":"[{\"edgeSelection\":\"1to4\",\"edgeRTMS\":2707}]","trial_id":"cong_0","congruency":"C","trial_group":"10to15","condition":"normal","inference_edge":[],"inference_edgeClickLog":[],"task":"experiment","subjectId":"bje2egp9vu89sk2","trial_type":"external-html","trial_index":19,"time_elapsed":393135,"internal_node_id":"0.0-9.0-0.10"},{"rt":5724,"url":"../static/nodeGraphs_normal.html","edge":"2to6","edgeRT":"4937","skip":"false","flipped":"FALSE","index":"11","edgeClickLog":"[{\"edgeSelection\":\"2to6\",\"edgeRTMS\":4937}]","trial_id":"cong_1","congruency":"C","trial_group":"10to15","condition":"normal","inference_edge":[],"inference_edgeClickLog":[],"task":"experiment","subjectId":"bje2egp9vu89sk2","trial_type":"external-html","trial_index":20,"time_elapsed":399632,"internal_node_id":"0.0-9.0-0.11"},{"rt":13172,"url":"../static/nodeGraphs_normal.html","edge":"2to5","edgeRT":"12947","skip":"false","flipped":"FALSE","index":"12","edgeClickLog":"[{\"edgeSelection\":\"2to5\",\"edgeRTMS\":12947}]","trial_id":"cong_6","congruency":"C","trial_group":"10to15","condition":"normal","inference_edge":[],"inference_edgeClickLog":[],"task":"experiment","subjectId":"bje2egp9vu89sk2","trial_type":"external-html","trial_index":21,"time_elapsed":413488,"internal_node_id":"0.0-9.0-0.12"},{"rt":3741,"url":"../static/nodeGraphs_normal.html","edge":"2to4","edgeRT":"3409","skip":"false","flipped":"FALSE","index":"13","edgeClickLog":"[{\"edgeSelection\":\"2to4\",\"edgeRTMS\":3409}]","trial_id":"cong_4","congruency":"C","trial_group":"10to15","condition":"normal","inference_edge":[],"inference_edgeClickLog":[],"task":"experiment","subjectId":"bje2egp9vu89sk2","trial_type":"external-html","trial_index":22,"time_elapsed":417896,"internal_node_id":"0.0-9.0-0.13"},{"rt":3844,"url":"../static/nodeGraphs_normal.html","edge":"2to5","edgeRT":"3585","skip":"false","flipped":"FALSE","index":"14","edgeClickLog":"[{\"edgeSelection\":\"2to5\",\"edgeRTMS\":3585}]","trial_id":"cong_9","congruency":"C","trial_group":"10to15","condition":"normal","inference_edge":[],"inference_edgeClickLog":[],"task":"experiment","subjectId":"bje2egp9vu89sk2","trial_type":"external-html","trial_index":23,"time_elapsed":422409,"internal_node_id":"0.0-9.0-0.14"},{"rt":23709,"url":"../static/nodeGraphs_normal.html","edge":"0to2","edgeRT":"9034","skip":"false","flipped":"FALSE","index":"15","edgeClickLog":"[{\"edgeSelection\":\"0to2\",\"edgeRTMS\":9034}]","trial_id":"test_0","congruency":"I","trial_group":"15to20","condition":"normal","inference_edge":[],"inference_edgeClickLog":[],"task":"experiment","subjectId":"bje2egp9vu89sk2","trial_type":"external-html","trial_index":24,"time_elapsed":446882,"internal_node_id":"0.0-9.0-0.15"},{"rt":5997,"url":"../static/nodeGraphs_normal.html","edge":"0to3","edgeRT":"5233","skip":"false","flipped":"FALSE","index":"16","edgeClickLog":"[{\"edgeSelection\":\"0to3\",\"edgeRTMS\":5233}]","trial_id":"test_1","congruency":"I","trial_group":"15to20","condition":"normal","inference_edge":[],"inference_edgeClickLog":[],"task":"experiment","subjectId":"bje2egp9vu89sk2","trial_type":"external-html","trial_index":25,"time_elapsed":453754,"internal_node_id":"0.0-9.0-0.16"},{"rt":7545,"url":"../static/nodeGraphs_normal.html","edge":"0to3","edgeRT":"6514","skip":"false","flipped":"FALSE","index":"17","edgeClickLog":"[{\"edgeSelection\":\"0to3\",\"edgeRTMS\":6514}]","trial_id":"test_2","congruency":"I","trial_group":"15to20","condition":"normal","inference_edge":[],"inference_edgeClickLog":[],"task":"experiment","subjectId":"bje2egp9vu89sk2","trial_type":"external-html","trial_index":26,"time_elapsed":461971,"internal_node_id":"0.0-9.0-0.17"},{"rt":15011,"url":"../static/nodeGraphs_normal.html","edge":"3to6","edgeRT":"13705","skip":"false","flipped":"FALSE","index":"18","edgeClickLog":"[{\"edgeSelection\":\"3to6\",\"edgeRTMS\":13705}]","trial_id":"test_3","congruency":"I","trial_group":"15to20","condition":"normal","inference_edge":[],"inference_edgeClickLog":[],"task":"experiment","subjectId":"bje2egp9vu89sk2","trial_type":"external-html","trial_index":27,"time_elapsed":477660,"internal_node_id":"0.0-9.0-0.18"},{"rt":8091,"url":"../static/nodeGraphs_normal.html","edge":"1to5","edgeRT":"7721","skip":"false","flipped":"FALSE","index":"19","edgeClickLog":"[{\"edgeSelection\":\"1to5\",\"edgeRTMS\":7721}]","trial_id":"test_4","congruency":"I","trial_group":"15to20","condition":"normal","inference_edge":[],"inference_edgeClickLog":[],"task":"experiment","subjectId":"bje2egp9vu89sk2","trial_type":"external-html","trial_index":28,"time_elapsed":486421,"internal_node_id":"0.0-9.0-0.19"},{"rt":32517,"response":{"P0_Q0":null,"P0_Q1":5,"P0_Q2":4,"P0_Q3":6,"P0_Q4":4,"P0_Q5":3,"strategies":"tried to add up the path possibility that gave the most points","feedback":"no"},"accuracy":[],"trial_type":"survey","trial_index":29,"time_elapsed":519469,"internal_node_id":"0.0-10.0"},{"rt":6712,"stimulus":"<p>Thanks for your time!</p>        <p>We need to manually calculate your bonus pay, please give us up to 7 days.</p><p>Press any key to conclude.</p>","response":"arrowright","task":"end","subjectId":"bje2egp9vu89sk2","trial_type":"html-keyboard-response","trial_index":30,"time_elapsed":526182,"internal_node_id":"0.0-11.0","interactions":"[{\"event\":\"blur\",\"trial\":1,\"time\":3674},{\"event\":\"focus\",\"trial\":1,\"time\":6463},{\"event\":\"fullscreenenter\",\"trial\":1,\"time\":7332},{\"event\":\"blur\",\"trial\":4,\"time\":130066},{\"event\":\"focus\",\"trial\":4,\"time\":130066},{\"event\":\"fullscreenexit\",\"trial\":4,\"time\":130070},{\"event\":\"blur\",\"trial\":4,\"time\":139041},{\"event\":\"focus\",\"trial\":4,\"time\":141385},{\"event\":\"blur\",\"trial\":8,\"time\":271969},{\"event\":\"focus\",\"trial\":8,\"time\":273933},{\"event\":\"blur\",\"trial\":18,\"time\":383688},{\"event\":\"focus\",\"trial\":18,\"time\":385315},{\"event\":\"blur\",\"trial\":24,\"time\":429099},{\"event\":\"focus\",\"trial\":24,\"time\":432166},{\"event\":\"blur\",\"trial\":30,\"time\":520175},{\"event\":\"focus\",\"trial\":30,\"time\":521818}]"}]