[{"success":true,"timeout":false,"failed_images":[],"failed_audio":[],"failed_video":[],"trial_type":"preload","trial_index":0,"time_elapsed":173,"internal_node_id":"0.0-0.0"},{"success":true,"trial_type":"fullscreen","trial_index":1,"time_elapsed":3558,"internal_node_id":"0.0-1.0"},{"rt":1464,"stimulus":"Welcome to the experiment. Press any key to begin.","response":" ","trial_type":"html-keyboard-response","trial_index":2,"time_elapsed":5023,"internal_node_id":"0.0-2.0"},{"view_history":[{"page_index":0,"viewing_time":3290},{"page_index":1,"viewing_time":3214},{"page_index":2,"viewing_time":36202},{"page_index":3,"viewing_time":2877},{"page_index":4,"viewing_time":1138},{"page_index":5,"viewing_time":737},{"page_index":6,"viewing_time":3776},{"page_index":7,"viewing_time":4837},{"page_index":8,"viewing_time":14332},{"page_index":9,"viewing_time":8090},{"page_index":10,"viewing_time":2044},{"page_index":11,"viewing_time":786},{"page_index":12,"viewing_time":552},{"page_index":13,"viewing_time":1620},{"page_index":14,"viewing_time":3265},{"page_index":15,"viewing_time":5361},{"page_index":16,"viewing_time":1924},{"page_index":17,"viewing_time":3992},{"page_index":18,"viewing_time":1282},{"page_index":19,"viewing_time":3778},{"page_index":20,"viewing_time":2226},{"page_index":21,"viewing_time":1419}],"rt":106744,"trial_type":"instructions","trial_index":3,"time_elapsed":111768,"internal_node_id":"0.0-3.0"},{"rt":191438,"url":"../static/nodeGraphsTraining_scaffolding.html","skip":[],"edgeClickLog":[],"inference_edge":[],"inference_edgeClickLog":[],"trial_type":"external-html","trial_index":4,"time_elapsed":303291,"internal_node_id":"0.0-4.0"},{"rt":20340,"response":{"q1":"The goal is to help the student to get the most points.","q2":"False","q3":"Possible edges you, as the teacher, can choose to teach the learner.","q4":"Edges that the student took before."},"question_order":[0,1,2,3],"trial_type":"survey-multi-choice","trial_index":5,"time_elapsed":323634,"internal_node_id":"0.0-5.0"},{"rt":4607,"stimulus":"<p>You can take a 60 second break before starting the experiment.</p><br><br><p>This page will advance in 60 seconds or you can press any key to advance now.</p>","response":" ","trial_type":"html-keyboard-response","trial_index":6,"time_elapsed":328243,"internal_node_id":"0.0-7.0"},{"view_history":[{"page_index":0,"viewing_time":9323}],"rt":9325,"trial_type":"instructions","trial_index":7,"time_elapsed":337569,"internal_node_id":"0.0-8.0"},{"rt":51111,"url":"../static/nodeGraphs_scaffolding.html","edge":"4to8","edgeRT":"31871","skip":"false","flipped":"FALSE","index":"0","edgeClickLog":"[{\"edgeSelection\":\"0to1\",\"edgeRTMS\":4876},{\"edgeSelection\":\"0to2\",\"edgeRTMS\":9556},{\"edgeSelection\":\"0to1\",\"edgeRTMS\":11587},{\"edgeSelection\":\"1to4\",\"edgeRTMS\":15920},{\"edgeSelection\":\"0to1\",\"edgeRTMS\":20168},{\"edgeSelection\":\"1to4\",\"edgeRTMS\":22755},{\"edgeSelection\":\"4to8\",\"edgeRTMS\":31871}]","trial_id":"incong_0","congruency":"I","trial_group":"1to5","condition":"scaffolding","inference_edge":"0to1,1to4,4to7","inference_edgeClickLog":"[{\"edgeSelection\":\"0to1\",\"edgeRTMS\":5304},{\"edgeSelection\":\"1to4\",\"edgeRTMS\":9083},{\"edgeSelection\":\"4to7\",\"edgeRTMS\":13678}]","inference_edgeRT":"13678","inference_edge_last":"4to7","task":"experiment","subjectId":"tz736m0bovydgwd","trial_type":"external-html","trial_index":8,"time_elapsed":388773,"internal_node_id":"0.0-9.0-0.0"},{"rt":34144,"url":"../static/nodeGraphs_scaffolding.html","edge":"2to4","edgeRT":"5122","skip":"false","flipped":"FALSE","index":"1","edgeClickLog":"[{\"edgeSelection\":\"2to4\",\"edgeRTMS\":5122}]","trial_id":"incong_5","congruency":"I","trial_group":"1to5","condition":"scaffolding","inference_edge":"2to4,2to6,5to8","inference_edgeClickLog":"[{\"edgeSelection\":\"2to4\",\"edgeRTMS\":8088},{\"edgeSelection\":\"2to6\",\"edgeRTMS\":14932},{\"edgeSelection\":\"5to8\",\"edgeRTMS\":19825}]","inference_edgeRT":"19825","inference_edge_last":"5to8","task":"experiment","subjectId":"tz736m0bovydgwd","trial_type":"external-html","trial_index":9,"time_elapsed":423493,"internal_node_id":"0.0-9.0-0.1"},{"rt":38193,"url":"../static/nodeGraphs_scaffolding.html","edge":"2to6","edgeRT":"8674","skip":"false","flipped":"FALSE","index":"2","edgeClickLog":"[{\"edgeSelection\":\"2to6\",\"edgeRTMS\":8674}]","trial_id":"incong_3","congruency":"I","trial_group":"1to5","condition":"scaffolding","inference_edge":"0to2,2to6,5to7","inference_edgeClickLog":"[{\"edgeSelection\":\"0to2\",\"edgeRTMS\":5049},{\"edgeSelection\":\"2to6\",\"edgeRTMS\":9632},{\"edgeSelection\":\"5to7\",\"edgeRTMS\":26342}]","inference_edgeRT":"26342","inference_edge_last":"5to7","task":"experiment","subjectId":"tz736m0bovydgwd","trial_type":"external-html","trial_index":10,"time_elapsed":462256,"internal_node_id":"0.0-9.0-0.2"},{"rt":39036,"url":"../static/nodeGraphs_scaffolding.html","edge":"4to8","edgeRT":"7582","skip":"false","flipped":"FALSE","index":"3","edgeClickLog":"[{\"edgeSelection\":\"4to8\",\"edgeRTMS\":7582}]","trial_id":"incong_10","congruency":"I","trial_group":"1to5","condition":"scaffolding","inference_edge":"0to2,5to8,3to6","inference_edgeClickLog":"[{\"edgeSelection\":\"0to2\",\"edgeRTMS\":4171},{\"edgeSelection\":\"2to4\",\"edgeRTMS\":6757},{\"edgeSelection\":\"4to8\",\"edgeRTMS\":8098},{\"edgeSelection\":\"4to8\",\"edgeRTMS\":11987},{\"edgeSelection\":\"5to8\",\"edgeRTMS\":19698},{\"edgeSelection\":\"2to4\",\"edgeRTMS\":21995},{\"edgeSelection\":\"3to6\",\"edgeRTMS\":29302}]","inference_edgeRT":"29302","inference_edge_last":"3to6","task":"experiment","subjectId":"tz736m0bovydgwd","trial_type":"external-html","trial_index":11,"time_elapsed":501863,"internal_node_id":"0.0-9.0-0.3"},{"rt":28695,"url":"../static/nodeGraphs_scaffolding.html","edge":"4to8","edgeRT":"8229","skip":"false","flipped":"FALSE","index":"4","edgeClickLog":"[{\"edgeSelection\":\"4to8\",\"edgeRTMS\":8229}]","trial_id":"incong_2","congruency":"I","trial_group":"1to5","condition":"scaffolding","inference_edge":"0to2,2to4,3to6","inference_edgeClickLog":"[{\"edgeSelection\":\"0to2\",\"edgeRTMS\":7749},{\"edgeSelection\":\"2to4\",\"edgeRTMS\":10092},{\"edgeSelection\":\"3to6\",\"edgeRTMS\":15473}]","inference_edgeRT":"15473","inference_edge_last":"3to6","task":"experiment","subjectId":"tz736m0bovydgwd","trial_type":"external-html","trial_index":12,"time_elapsed":531141,"internal_node_id":"0.0-9.0-0.4"},{"rt":38393,"url":"../static/nodeGraphs_scaffolding.html","edge":"6to9","edgeRT":"16160","skip":"false","flipped":"TRUE","index":"5","edgeClickLog":"[{\"edgeSelection\":\"6to8\",\"edgeRTMS\":4453},{\"edgeSelection\":\"6to9\",\"edgeRTMS\":16160}]","trial_id":"incong_0_flipped","congruency":"I","trial_group":"5to10","condition":"scaffolding","inference_edge":"0to3,0to2,4to8","inference_edgeClickLog":"[{\"edgeSelection\":\"0to3\",\"edgeRTMS\":5992},{\"edgeSelection\":\"0to2\",\"edgeRTMS\":7271},{\"edgeSelection\":\"1to5\",\"edgeRTMS\":14048},{\"edgeSelection\":\"1to5\",\"edgeRTMS\":15706},{\"edgeSelection\":\"4to8\",\"edgeRTMS\":19374}]","inference_edgeRT":"19374","inference_edge_last":"4to8","task":"experiment","subjectId":"tz736m0bovydgwd","trial_type":"external-html","trial_index":13,"time_elapsed":570121,"internal_node_id":"0.0-9.0-0.5"},{"rt":48783,"url":"../static/nodeGraphs_scaffolding.html","edge":"6to9","edgeRT":"7961","skip":"false","flipped":"TRUE","index":"6","edgeClickLog":"[{\"edgeSelection\":\"6to9\",\"edgeRTMS\":7961}]","trial_id":"incong_5_flipped","congruency":"I","trial_group":"5to10","condition":"scaffolding","inference_edge":"1to4,2to6,4to8","inference_edgeClickLog":"[{\"edgeSelection\":\"5to8\",\"edgeRTMS\":7628},{\"edgeSelection\":\"1to4\",\"edgeRTMS\":9317},{\"edgeSelection\":\"5to8\",\"edgeRTMS\":15726},{\"edgeSelection\":\"2to6\",\"edgeRTMS\":24198},{\"edgeSelection\":\"4to8\",\"edgeRTMS\":35949}]","inference_edgeRT":"35949","inference_edge_last":"4to8","task":"experiment","subjectId":"tz736m0bovydgwd","trial_type":"external-html","trial_index":14,"time_elapsed":619472,"internal_node_id":"0.0-9.0-0.6"},{"rt":38481,"url":"../static/nodeGraphs_scaffolding.html","edge":"2to4","edgeRT":"5155","skip":"false","flipped":"TRUE","index":"7","edgeClickLog":"[{\"edgeSelection\":\"2to4\",\"edgeRTMS\":5155}]","trial_id":"incong_3_flipped","congruency":"I","trial_group":"5to10","condition":"scaffolding","inference_edge":"0to2,5to9,1to4","inference_edgeClickLog":"[{\"edgeSelection\":\"0to2\",\"edgeRTMS\":6910},{\"edgeSelection\":\"5to9\",\"edgeRTMS\":14919},{\"edgeSelection\":\"1to4\",\"edgeRTMS\":30194}]","inference_edgeRT":"30194","inference_edge_last":"1to4","task":"experiment","subjectId":"tz736m0bovydgwd","trial_type":"external-html","trial_index":15,"time_elapsed":658533,"internal_node_id":"0.0-9.0-0.7"},{"rt":24694,"url":"../static/nodeGraphs_scaffolding.html","edge":"6to8","edgeRT":"7274","skip":"false","flipped":"TRUE","index":"8","edgeClickLog":"[{\"edgeSelection\":\"6to8\",\"edgeRTMS\":7274}]","trial_id":"incong_10_flipped","congruency":"I","trial_group":"5to10","condition":"scaffolding","inference_edge":"0to2,1to4,5to8","inference_edgeClickLog":"[{\"edgeSelection\":\"0to2\",\"edgeRTMS\":6671},{\"edgeSelection\":\"1to4\",\"edgeRTMS\":10515},{\"edgeSelection\":\"5to8\",\"edgeRTMS\":15640}]","inference_edgeRT":"15640","inference_edge_last":"5to8","task":"experiment","subjectId":"tz736m0bovydgwd","trial_type":"external-html","trial_index":16,"time_elapsed":683810,"internal_node_id":"0.0-9.0-0.8"},{"rt":20362,"url":"../static/nodeGraphs_scaffolding.html","edge":"6to8","edgeRT":"7078","skip":"false","flipped":"TRUE","index":"9","edgeClickLog":"[{\"edgeSelection\":\"6to8\",\"edgeRTMS\":7078}]","trial_id":"incong_2_flipped","congruency":"I","trial_group":"5to10","condition":"scaffolding","inference_edge":"0to3,0to2,1to4","inference_edgeClickLog":"[{\"edgeSelection\":\"0to3\",\"edgeRTMS\":4360},{\"edgeSelection\":\"0to2\",\"edgeRTMS\":5257},{\"edgeSelection\":\"1to4\",\"edgeRTMS\":11550}]","inference_edgeRT":"11550","inference_edge_last":"1to4","task":"experiment","subjectId":"tz736m0bovydgwd","trial_type":"external-html","trial_index":17,"time_elapsed":704750,"internal_node_id":"0.0-9.0-0.9"},{"rt":21920,"url":"../static/nodeGraphs_scaffolding.html","edge":"4to8","edgeRT":"10775","skip":"false","flipped":"FALSE","index":"10","edgeClickLog":"[{\"edgeSelection\":\"4to8\",\"edgeRTMS\":10775}]","trial_id":"incong_0","congruency":"I","trial_group":"10to15","condition":"scaffolding","inference_edge":"0to1,0to2,6to8","inference_edgeClickLog":"[{\"edgeSelection\":\"0to1\",\"edgeRTMS\":5158},{\"edgeSelection\":\"0to2\",\"edgeRTMS\":5991},{\"edgeSelection\":\"6to8\",\"edgeRTMS\":9448}]","inference_edgeRT":"9448","inference_edge_last":"6to8","task":"experiment","subjectId":"tz736m0bovydgwd","trial_type":"external-html","trial_index":18,"time_elapsed":727256,"internal_node_id":"0.0-9.0-0.10"},{"rt":32494,"url":"../static/nodeGraphs_scaffolding.html","edge":"4to7","edgeRT":"4051","skip":"false","flipped":"FALSE","index":"11","edgeClickLog":"[{\"edgeSelection\":\"4to7\",\"edgeRTMS\":4051}]","trial_id":"incong_5","congruency":"I","trial_group":"10to15","condition":"scaffolding","inference_edge":"0to2,3to6,2to4","inference_edgeClickLog":"[{\"edgeSelection\":\"0to2\",\"edgeRTMS\":6099},{\"edgeSelection\":\"3to6\",\"edgeRTMS\":8229},{\"edgeSelection\":\"2to4\",\"edgeRTMS\":21597}]","inference_edgeRT":"21597","inference_edge_last":"2to4","task":"experiment","subjectId":"tz736m0bovydgwd","trial_type":"external-html","trial_index":19,"time_elapsed":760321,"internal_node_id":"0.0-9.0-0.11"},{"rt":27094,"url":"../static/nodeGraphs_scaffolding.html","edge":"2to6","edgeRT":"2635","skip":"false","flipped":"FALSE","index":"12","edgeClickLog":"[{\"edgeSelection\":\"2to6\",\"edgeRTMS\":2635}]","trial_id":"incong_3","congruency":"I","trial_group":"10to15","condition":"scaffolding","inference_edge":"5to7,0to2,2to6","inference_edgeClickLog":"[{\"edgeSelection\":\"5to7\",\"edgeRTMS\":7169},{\"edgeSelection\":\"0to2\",\"edgeRTMS\":13549},{\"edgeSelection\":\"2to6\",\"edgeRTMS\":17916}]","inference_edgeRT":"17916","inference_edge_last":"2to6","task":"experiment","subjectId":"tz736m0bovydgwd","trial_type":"external-html","trial_index":20,"time_elapsed":787999,"internal_node_id":"0.0-9.0-0.12"},{"rt":32816,"url":"../static/nodeGraphs_scaffolding.html","edge":"4to8","edgeRT":"5830","skip":"false","flipped":"FALSE","index":"13","edgeClickLog":"[{\"edgeSelection\":\"4to8\",\"edgeRTMS\":5830}]","trial_id":"incong_10","congruency":"I","trial_group":"10to15","condition":"scaffolding","inference_edge":"3to6,0to2,2to4","inference_edgeClickLog":"[{\"edgeSelection\":\"3to6\",\"edgeRTMS\":7845},{\"edgeSelection\":\"0to2\",\"edgeRTMS\":10711},{\"edgeSelection\":\"2to4\",\"edgeRTMS\":19085}]","inference_edgeRT":"19085","inference_edge_last":"2to4","task":"experiment","subjectId":"tz736m0bovydgwd","trial_type":"external-html","trial_index":21,"time_elapsed":821399,"internal_node_id":"0.0-9.0-0.13"},{"rt":18416,"url":"../static/nodeGraphs_scaffolding.html","edge":"4to8","edgeRT":"2769","skip":"false","flipped":"FALSE","index":"14","edgeClickLog":"[{\"edgeSelection\":\"4to8\",\"edgeRTMS\":2769}]","trial_id":"incong_2","congruency":"I","trial_group":"10to15","condition":"scaffolding","inference_edge":"0to1,0to2,3to6","inference_edgeClickLog":"[{\"edgeSelection\":\"0to1\",\"edgeRTMS\":5392},{\"edgeSelection\":\"0to2\",\"edgeRTMS\":7098},{\"edgeSelection\":\"3to6\",\"edgeRTMS\":11143}]","inference_edgeRT":"11143","inference_edge_last":"3to6","task":"experiment","subjectId":"tz736m0bovydgwd","trial_type":"external-html","trial_index":22,"time_elapsed":840392,"internal_node_id":"0.0-9.0-0.14"},{"rt":15247,"url":"../static/nodeGraphs_scaffolding.html","edge":"6to8","edgeRT":"5273","skip":"false","flipped":"FALSE","index":"15","edgeClickLog":"[{\"edgeSelection\":\"6to8\",\"edgeRTMS\":5273}]","trial_id":"test_0","congruency":"I","trial_group":"15to20","condition":"scaffolding","inference_edge":"0to1,0to2,3to6","inference_edgeClickLog":"[{\"edgeSelection\":\"0to1\",\"edgeRTMS\":5392},{\"edgeSelection\":\"0to2\",\"edgeRTMS\":7098},{\"edgeSelection\":\"3to6\",\"edgeRTMS\":11143}]","inference_edgeRT":"11143","inference_edge_last":"","task":"experiment","subjectId":"tz736m0bovydgwd","trial_type":"external-html","trial_index":23,"time_elapsed":856212,"internal_node_id":"0.0-9.0-0.15"},{"rt":8069,"url":"../static/nodeGraphs_scaffolding.html","edge":"3to6","edgeRT":"5920","skip":"false","flipped":"FALSE","index":"16","edgeClickLog":"[{\"edgeSelection\":\"3to6\",\"edgeRTMS\":5920}]","trial_id":"test_1","congruency":"I","trial_group":"15to20","condition":"scaffolding","inference_edge":"0to1,0to2,3to6","inference_edgeClickLog":"[{\"edgeSelection\":\"0to1\",\"edgeRTMS\":5392},{\"edgeSelection\":\"0to2\",\"edgeRTMS\":7098},{\"edgeSelection\":\"3to6\",\"edgeRTMS\":11143}]","inference_edgeRT":"11143","inference_edge_last":"","task":"experiment","subjectId":"tz736m0bovydgwd","trial_type":"external-html","trial_index":24,"time_elapsed":864853,"internal_node_id":"0.0-9.0-0.16"},{"rt":13214,"url":"../static/nodeGraphs_scaffolding.html","edge":"3to6","edgeRT":"12382","skip":"false","flipped":"FALSE","index":"17","edgeClickLog":"[{\"edgeSelection\":\"3to6\",\"edgeRTMS\":12382}]","trial_id":"test_2","congruency":"I","trial_group":"15to20","condition":"scaffolding","inference_edge":"0to1,0to2,3to6","inference_edgeClickLog":"[{\"edgeSelection\":\"0to1\",\"edgeRTMS\":5392},{\"edgeSelection\":\"0to2\",\"edgeRTMS\":7098},{\"edgeSelection\":\"3to6\",\"edgeRTMS\":11143}]","inference_edgeRT":"11143","inference_edge_last":"","task":"experiment","subjectId":"tz736m0bovydgwd","trial_type":"external-html","trial_index":25,"time_elapsed":878658,"internal_node_id":"0.0-9.0-0.17"},{"rt":8496,"url":"../static/nodeGraphs_scaffolding.html","edge":"1to5","edgeRT":"2137","skip":"false","flipped":"FALSE","index":"18","edgeClickLog":"[{\"edgeSelection\":\"1to5\",\"edgeRTMS\":2137}]","trial_id":"test_3","congruency":"I","trial_group":"15to20","condition":"scaffolding","inference_edge":"0to1,0to2,3to6","inference_edgeClickLog":"[{\"edgeSelection\":\"0to1\",\"edgeRTMS\":5392},{\"edgeSelection\":\"0to2\",\"edgeRTMS\":7098},{\"edgeSelection\":\"3to6\",\"edgeRTMS\":11143}]","inference_edgeRT":"11143","inference_edge_last":"","task":"experiment","subjectId":"tz736m0bovydgwd","trial_type":"external-html","trial_index":26,"time_elapsed":887739,"internal_node_id":"0.0-9.0-0.18"},{"rt":15069,"url":"../static/nodeGraphs_scaffolding.html","edge":"6to9","edgeRT":"14710","skip":"false","flipped":"FALSE","index":"19","edgeClickLog":"[{\"edgeSelection\":\"6to9\",\"edgeRTMS\":14710}]","trial_id":"test_4","congruency":"I","trial_group":"15to20","condition":"scaffolding","inference_edge":"0to1,0to2,3to6","inference_edgeClickLog":"[{\"edgeSelection\":\"0to1\",\"edgeRTMS\":5392},{\"edgeSelection\":\"0to2\",\"edgeRTMS\":7098},{\"edgeSelection\":\"3to6\",\"edgeRTMS\":11143}]","inference_edgeRT":"11143","inference_edge_last":"","task":"experiment","subjectId":"tz736m0bovydgwd","trial_type":"external-html","trial_index":27,"time_elapsed":903393,"internal_node_id":"0.0-9.0-0.19"},{"rt":36233,"response":{"P0_Q0":null,"P0_Q1":5,"P0_Q2":6,"P0_Q3":5,"P0_Q4":6,"P0_Q5":1,"strategies":"I just tried to get the most points for the student and follow instructions.","feedback":"no"},"accuracy":[],"trial_type":"survey","trial_index":28,"time_elapsed":940181,"internal_node_id":"0.0-10.0"},{"rt":3214,"stimulus":"<p>Thanks for your time!</p>        <p>We need to manually calculate your bonus pay, please give us up to 7 days.</p><p>Press any key to conclude.</p>","response":" ","task":"end","subjectId":"tz736m0bovydgwd","trial_type":"html-keyboard-response","trial_index":29,"time_elapsed":943398,"internal_node_id":"0.0-11.0","interactions":"[{\"event\":\"fullscreenenter\",\"trial\":1,\"time\":2591},{\"event\":\"blur\",\"trial\":4,\"time\":118676},{\"event\":\"focus\",\"trial\":4,\"time\":118676},{\"event\":\"fullscreenexit\",\"trial\":4,\"time\":118689},{\"event\":\"blur\",\"trial\":8,\"time\":357863},{\"event\":\"focus\",\"trial\":8,\"time\":357863}]"}]