[{"success":true,"timeout":false,"failed_images":[],"failed_audio":[],"failed_video":[],"trial_type":"preload","trial_index":0,"time_elapsed":513,"internal_node_id":"0.0-0.0"},{"success":true,"trial_type":"fullscreen","trial_index":1,"time_elapsed":14172,"internal_node_id":"0.0-1.0"},{"rt":2237,"stimulus":"Welcome to the experiment. Press any key to begin.","response":" ","trial_type":"html-keyboard-response","trial_index":2,"time_elapsed":16411,"internal_node_id":"0.0-2.0"},{"view_history":[{"page_index":0,"viewing_time":5824},{"page_index":1,"viewing_time":33442},{"page_index":2,"viewing_time":43299},{"page_index":3,"viewing_time":10108},{"page_index":4,"viewing_time":2167},{"page_index":5,"viewing_time":1386},{"page_index":6,"viewing_time":6404},{"page_index":7,"viewing_time":13894},{"page_index":8,"viewing_time":20081},{"page_index":9,"viewing_time":13825},{"page_index":10,"viewing_time":2736},{"page_index":11,"viewing_time":984},{"page_index":12,"viewing_time":967},{"page_index":13,"viewing_time":2186},{"page_index":14,"viewing_time":5287},{"page_index":15,"viewing_time":7321},{"page_index":16,"viewing_time":1736},{"page_index":17,"viewing_time":1217},{"page_index":18,"viewing_time":2418},{"page_index":19,"viewing_time":9140},{"page_index":20,"viewing_time":9107},{"page_index":21,"viewing_time":5504}],"rt":199033,"trial_type":"instructions","trial_index":3,"time_elapsed":215454,"internal_node_id":"0.0-3.0"},{"rt":71650,"url":"../static/nodeGraphsTraining_normal.html","skip":[],"edgeClickLog":[],"inference_edge":[],"inference_edgeClickLog":[],"trial_type":"external-html","trial_index":4,"time_elapsed":287373,"internal_node_id":"0.0-4.0"},{"rt":107361,"response":{"q1":"The goal is to help the student to get the most points","q2":"False","q3":"Possible paths you, as the teacher, can choose to teach the learner.","q4":"Paths that the student took before."},"question_order":[0,1,2,3],"trial_type":"survey-multi-choice","trial_index":5,"time_elapsed":394736,"internal_node_id":"0.0-5.0"},{"rt":7090,"stimulus":"<p>You can take a 60 second break before starting the experiment.</p><br><br><p>This page will advance in 60 seconds or you can press any key to advance now.</p>","response":" ","trial_type":"html-keyboard-response","trial_index":6,"time_elapsed":401828,"internal_node_id":"0.0-7.0"},{"view_history":[{"page_index":0,"viewing_time":26616}],"rt":26616,"trial_type":"instructions","trial_index":7,"time_elapsed":428444,"internal_node_id":"0.0-8.0"},{"rt":11356,"url":"../static/nodeGraphs_normal.html","edge":"4to7","edgeRT":"9424","skip":"false","flipped":"FALSE","index":"0","edgeClickLog":"[{\"edgeSelection\":\"0to1\",\"edgeRTMS\":6552},{\"edgeSelection\":\"1to4\",\"edgeRTMS\":8188},{\"edgeSelection\":\"4to7\",\"edgeRTMS\":9424}]","trial_id":"incong_0","congruency":"I","trial_group":"1to5","condition":"normal","inference_edge":[],"inference_edgeClickLog":[],"task":"experiment","subjectId":"zlpf0q7hf63u27a","trial_type":"external-html","trial_index":8,"time_elapsed":440053,"internal_node_id":"0.0-9.0-0.0"},{"rt":10354,"url":"../static/nodeGraphs_normal.html","edge":"4to7","edgeRT":"9960","skip":"false","flipped":"FALSE","index":"1","edgeClickLog":"[{\"edgeSelection\":\"0to2\",\"edgeRTMS\":7272},{\"edgeSelection\":\"2to4\",\"edgeRTMS\":8877},{\"edgeSelection\":\"4to7\",\"edgeRTMS\":9960}]","trial_id":"incong_5","congruency":"I","trial_group":"1to5","condition":"normal","inference_edge":[],"inference_edgeClickLog":[],"task":"experiment","subjectId":"zlpf0q7hf63u27a","trial_type":"external-html","trial_index":9,"time_elapsed":451043,"internal_node_id":"0.0-9.0-0.1"},{"rt":19974,"url":"../static/nodeGraphs_normal.html","edge":"4to7","edgeRT":"18283","skip":"false","flipped":"FALSE","index":"2","edgeClickLog":"[{\"edgeSelection\":\"0to2\",\"edgeRTMS\":14445},{\"edgeSelection\":\"2to4\",\"edgeRTMS\":15580},{\"edgeSelection\":\"4to7\",\"edgeRTMS\":18283}]","trial_id":"incong_3","congruency":"I","trial_group":"1to5","condition":"normal","inference_edge":[],"inference_edgeClickLog":[],"task":"experiment","subjectId":"zlpf0q7hf63u27a","trial_type":"external-html","trial_index":10,"time_elapsed":471641,"internal_node_id":"0.0-9.0-0.2"},{"rt":8614,"url":"../static/nodeGraphs_normal.html","edge":"4to8","edgeRT":"7876","skip":"false","flipped":"FALSE","index":"3","edgeClickLog":"[{\"edgeSelection\":\"0to2\",\"edgeRTMS\":4988},{\"edgeSelection\":\"2to4\",\"edgeRTMS\":6676},{\"edgeSelection\":\"4to8\",\"edgeRTMS\":7876}]","trial_id":"incong_10","congruency":"I","trial_group":"1to5","condition":"normal","inference_edge":[],"inference_edgeClickLog":[],"task":"experiment","subjectId":"zlpf0q7hf63u27a","trial_type":"external-html","trial_index":11,"time_elapsed":480899,"internal_node_id":"0.0-9.0-0.3"},{"rt":20655,"url":"../static/nodeGraphs_normal.html","edge":"4to8","edgeRT":"19817","skip":"false","flipped":"FALSE","index":"4","edgeClickLog":"[{\"edgeSelection\":\"2to4\",\"edgeRTMS\":7258},{\"edgeSelection\":\"4to8\",\"edgeRTMS\":8493},{\"edgeSelection\":\"0to2\",\"edgeRTMS\":11444},{\"edgeSelection\":\"2to4\",\"edgeRTMS\":12946},{\"edgeSelection\":\"4to8\",\"edgeRTMS\":14881},{\"edgeSelection\":\"0to1\",\"edgeRTMS\":17683},{\"edgeSelection\":\"1to4\",\"edgeRTMS\":18667},{\"edgeSelection\":\"4to8\",\"edgeRTMS\":19817}]","trial_id":"incong_2","congruency":"I","trial_group":"1to5","condition":"normal","inference_edge":[],"inference_edgeClickLog":[],"task":"experiment","subjectId":"zlpf0q7hf63u27a","trial_type":"external-html","trial_index":12,"time_elapsed":502180,"internal_node_id":"0.0-9.0-0.4"},{"rt":9796,"url":"../static/nodeGraphs_normal.html","edge":"6to9","edgeRT":"8659","skip":"false","flipped":"TRUE","index":"5","edgeClickLog":"[{\"edgeSelection\":\"0to3\",\"edgeRTMS\":5990},{\"edgeSelection\":\"3to6\",\"edgeRTMS\":7775},{\"edgeSelection\":\"6to9\",\"edgeRTMS\":8659}]","trial_id":"incong_0_flipped","congruency":"I","trial_group":"5to10","condition":"normal","inference_edge":[],"inference_edgeClickLog":[],"task":"experiment","subjectId":"zlpf0q7hf63u27a","trial_type":"external-html","trial_index":13,"time_elapsed":512621,"internal_node_id":"0.0-9.0-0.5"},{"rt":16350,"url":"../static/nodeGraphs_normal.html","edge":"6to8","edgeRT":"14414","skip":"false","flipped":"TRUE","index":"6","edgeClickLog":"[{\"edgeSelection\":\"0to2\",\"edgeRTMS\":7774},{\"edgeSelection\":\"3to5\",\"edgeRTMS\":9327},{\"edgeSelection\":\"2to6\",\"edgeRTMS\":10463},{\"edgeSelection\":\"0to2\",\"edgeRTMS\":11914},{\"edgeSelection\":\"2to6\",\"edgeRTMS\":12897},{\"edgeSelection\":\"6to8\",\"edgeRTMS\":14414}]","trial_id":"incong_5_flipped","congruency":"I","trial_group":"5to10","condition":"normal","inference_edge":[],"inference_edgeClickLog":[],"task":"experiment","subjectId":"zlpf0q7hf63u27a","trial_type":"external-html","trial_index":14,"time_elapsed":529601,"internal_node_id":"0.0-9.0-0.6"},{"rt":13515,"url":"../static/nodeGraphs_normal.html","edge":"4to8","edgeRT":"13430","skip":"false","flipped":"TRUE","index":"7","edgeClickLog":"[{\"edgeSelection\":\"0to2\",\"edgeRTMS\":9675},{\"edgeSelection\":\"2to4\",\"edgeRTMS\":11593},{\"edgeSelection\":\"4to8\",\"edgeRTMS\":13430}]","trial_id":"incong_3_flipped","congruency":"I","trial_group":"5to10","condition":"normal","inference_edge":[],"inference_edgeClickLog":[],"task":"experiment","subjectId":"zlpf0q7hf63u27a","trial_type":"external-html","trial_index":15,"time_elapsed":543745,"internal_node_id":"0.0-9.0-0.7"},{"rt":13565,"url":"../static/nodeGraphs_normal.html","edge":"6to8","edgeRT":"13327","skip":"false","flipped":"TRUE","index":"8","edgeClickLog":"[{\"edgeSelection\":\"0to2\",\"edgeRTMS\":9089},{\"edgeSelection\":\"2to6\",\"edgeRTMS\":12093},{\"edgeSelection\":\"6to8\",\"edgeRTMS\":13327}]","trial_id":"incong_10_flipped","congruency":"I","trial_group":"5to10","condition":"normal","inference_edge":[],"inference_edgeClickLog":[],"task":"experiment","subjectId":"zlpf0q7hf63u27a","trial_type":"external-html","trial_index":16,"time_elapsed":557956,"internal_node_id":"0.0-9.0-0.8"},{"rt":11249,"url":"../static/nodeGraphs_normal.html","edge":"6to8","edgeRT":"10960","skip":"false","flipped":"TRUE","index":"9","edgeClickLog":"[{\"edgeSelection\":\"0to2\",\"edgeRTMS\":8489},{\"edgeSelection\":\"2to6\",\"edgeRTMS\":9990},{\"edgeSelection\":\"6to8\",\"edgeRTMS\":10960}]","trial_id":"incong_2_flipped","congruency":"I","trial_group":"5to10","condition":"normal","inference_edge":[],"inference_edgeClickLog":[],"task":"experiment","subjectId":"zlpf0q7hf63u27a","trial_type":"external-html","trial_index":17,"time_elapsed":569831,"internal_node_id":"0.0-9.0-0.9"},{"rt":11558,"url":"../static/nodeGraphs_normal.html","edge":"4to7","edgeRT":"11110","skip":"false","flipped":"FALSE","index":"10","edgeClickLog":"[{\"edgeSelection\":\"0to1\",\"edgeRTMS\":6888},{\"edgeSelection\":\"1to4\",\"edgeRTMS\":8559},{\"edgeSelection\":\"4to7\",\"edgeRTMS\":9474},{\"edgeSelection\":\"4to7\",\"edgeRTMS\":11110}]","trial_id":"incong_0","congruency":"I","trial_group":"10to15","condition":"normal","inference_edge":[],"inference_edgeClickLog":[],"task":"experiment","subjectId":"zlpf0q7hf63u27a","trial_type":"external-html","trial_index":18,"time_elapsed":582089,"internal_node_id":"0.0-9.0-0.10"},{"rt":10268,"url":"../static/nodeGraphs_normal.html","edge":"4to8","edgeRT":"10127","skip":"false","flipped":"FALSE","index":"11","edgeClickLog":"[{\"edgeSelection\":\"0to2\",\"edgeRTMS\":6640},{\"edgeSelection\":\"2to4\",\"edgeRTMS\":8276},{\"edgeSelection\":\"4to8\",\"edgeRTMS\":10127}]","trial_id":"incong_5","congruency":"I","trial_group":"10to15","condition":"normal","inference_edge":[],"inference_edgeClickLog":[],"task":"experiment","subjectId":"zlpf0q7hf63u27a","trial_type":"external-html","trial_index":19,"time_elapsed":592982,"internal_node_id":"0.0-9.0-0.11"},{"rt":8611,"url":"../static/nodeGraphs_normal.html","edge":"6to8","edgeRT":"8240","skip":"false","flipped":"FALSE","index":"12","edgeClickLog":"[{\"edgeSelection\":\"0to2\",\"edgeRTMS\":4501},{\"edgeSelection\":\"2to6\",\"edgeRTMS\":6956},{\"edgeSelection\":\"6to8\",\"edgeRTMS\":8240}]","trial_id":"incong_3","congruency":"I","trial_group":"10to15","condition":"normal","inference_edge":[],"inference_edgeClickLog":[],"task":"experiment","subjectId":"zlpf0q7hf63u27a","trial_type":"external-html","trial_index":20,"time_elapsed":602236,"internal_node_id":"0.0-9.0-0.12"},{"rt":7262,"url":"../static/nodeGraphs_normal.html","edge":"4to8","edgeRT":"7092","skip":"false","flipped":"FALSE","index":"13","edgeClickLog":"[{\"edgeSelection\":\"0to2\",\"edgeRTMS\":4054},{\"edgeSelection\":\"2to4\",\"edgeRTMS\":5423},{\"edgeSelection\":\"4to8\",\"edgeRTMS\":7092}]","trial_id":"incong_10","congruency":"I","trial_group":"10to15","condition":"normal","inference_edge":[],"inference_edgeClickLog":[],"task":"experiment","subjectId":"zlpf0q7hf63u27a","trial_type":"external-html","trial_index":21,"time_elapsed":610126,"internal_node_id":"0.0-9.0-0.13"},{"rt":8396,"url":"../static/nodeGraphs_normal.html","edge":"4to8","edgeRT":"8226","skip":"false","flipped":"FALSE","index":"14","edgeClickLog":"[{\"edgeSelection\":\"0to2\",\"edgeRTMS\":5321},{\"edgeSelection\":\"2to4\",\"edgeRTMS\":6340},{\"edgeSelection\":\"4to8\",\"edgeRTMS\":8226}]","trial_id":"incong_2","congruency":"I","trial_group":"10to15","condition":"normal","inference_edge":[],"inference_edgeClickLog":[],"task":"experiment","subjectId":"zlpf0q7hf63u27a","trial_type":"external-html","trial_index":22,"time_elapsed":619150,"internal_node_id":"0.0-9.0-0.14"},{"rt":13768,"url":"../static/nodeGraphs_normal.html","edge":"5to8","edgeRT":"6146","skip":"false","flipped":"FALSE","index":"15","edgeClickLog":"[{\"edgeSelection\":\"0to1\",\"edgeRTMS\":2738},{\"edgeSelection\":\"1to5\",\"edgeRTMS\":4890},{\"edgeSelection\":\"5to8\",\"edgeRTMS\":6146}]","trial_id":"test_0","congruency":"I","trial_group":"15to20","condition":"normal","inference_edge":[],"inference_edgeClickLog":[],"task":"experiment","subjectId":"zlpf0q7hf63u27a","trial_type":"external-html","trial_index":23,"time_elapsed":633544,"internal_node_id":"0.0-9.0-0.15"},{"rt":13542,"url":"../static/nodeGraphs_normal.html","edge":"6to8","edgeRT":"13395","skip":"false","flipped":"FALSE","index":"16","edgeClickLog":"[{\"edgeSelection\":\"0to3\",\"edgeRTMS\":6722},{\"edgeSelection\":\"3to6\",\"edgeRTMS\":10327},{\"edgeSelection\":\"6to8\",\"edgeRTMS\":11625},{\"edgeSelection\":\"6to8\",\"edgeRTMS\":13395}]","trial_id":"test_1","congruency":"I","trial_group":"15to20","condition":"normal","inference_edge":[],"inference_edgeClickLog":[],"task":"experiment","subjectId":"zlpf0q7hf63u27a","trial_type":"external-html","trial_index":24,"time_elapsed":647719,"internal_node_id":"0.0-9.0-0.16"},{"rt":8887,"url":"../static/nodeGraphs_normal.html","edge":"6to8","edgeRT":"8726","skip":"false","flipped":"FALSE","index":"17","edgeClickLog":"[{\"edgeSelection\":\"0to3\",\"edgeRTMS\":6040},{\"edgeSelection\":\"3to6\",\"edgeRTMS\":7575},{\"edgeSelection\":\"6to8\",\"edgeRTMS\":8726}]","trial_id":"test_2","congruency":"I","trial_group":"15to20","condition":"normal","inference_edge":[],"inference_edgeClickLog":[],"task":"experiment","subjectId":"zlpf0q7hf63u27a","trial_type":"external-html","trial_index":25,"time_elapsed":657244,"internal_node_id":"0.0-9.0-0.17"},{"rt":6920,"url":"../static/nodeGraphs_normal.html","edge":"5to7","edgeRT":"6742","skip":"false","flipped":"FALSE","index":"18","edgeClickLog":"[{\"edgeSelection\":\"0to1\",\"edgeRTMS\":2620},{\"edgeSelection\":\"1to5\",\"edgeRTMS\":5139},{\"edgeSelection\":\"5to7\",\"edgeRTMS\":6742}]","trial_id":"test_3","congruency":"I","trial_group":"15to20","condition":"normal","inference_edge":[],"inference_edgeClickLog":[],"task":"experiment","subjectId":"zlpf0q7hf63u27a","trial_type":"external-html","trial_index":26,"time_elapsed":664800,"internal_node_id":"0.0-9.0-0.18"},{"rt":10893,"url":"../static/nodeGraphs_normal.html","edge":"5to9","edgeRT":"9961","skip":"false","flipped":"FALSE","index":"19","edgeClickLog":"[{\"edgeSelection\":\"0to1\",\"edgeRTMS\":7522},{\"edgeSelection\":\"1to5\",\"edgeRTMS\":8743},{\"edgeSelection\":\"5to9\",\"edgeRTMS\":9961}]","trial_id":"test_4","congruency":"I","trial_group":"15to20","condition":"normal","inference_edge":[],"inference_edgeClickLog":[],"task":"experiment","subjectId":"zlpf0q7hf63u27a","trial_type":"external-html","trial_index":27,"time_elapsed":676324,"internal_node_id":"0.0-9.0-0.19"},{"rt":39901,"response":{"P0_Q0":null,"P0_Q1":2,"P0_Q2":6,"P0_Q3":7,"P0_Q4":1,"P0_Q5":1,"strategies":"Maximize points along the path.","feedback":"No"},"accuracy":[],"trial_type":"survey","trial_index":28,"time_elapsed":716772,"internal_node_id":"0.0-10.0"},{"rt":4820,"stimulus":"<p>Thanks for your time!</p>        <p>We need to manually calculate your bonus pay, please give us up to 7 days.</p><p>Press any key to conclude.</p>","response":" ","task":"end","subjectId":"zlpf0q7hf63u27a","trial_type":"html-keyboard-response","trial_index":29,"time_elapsed":721594,"internal_node_id":"0.0-11.0","interactions":"[{\"event\":\"blur\",\"trial\":1,\"time\":3295},{\"event\":\"focus\",\"trial\":1,\"time\":4696},{\"event\":\"blur\",\"trial\":1,\"time\":7593},{\"event\":\"focus\",\"trial\":1,\"time\":10603},{\"event\":\"fullscreenenter\",\"trial\":1,\"time\":13183},{\"event\":\"fullscreenexit\",\"trial\":3,\"time\":31291},{\"event\":\"blur\",\"trial\":3,\"time\":33061},{\"event\":\"focus\",\"trial\":3,\"time\":47213},{\"event\":\"blur\",\"trial\":4,\"time\":229869},{\"event\":\"focus\",\"trial\":4,\"time\":230035},{\"event\":\"blur\",\"trial\":5,\"time\":313582},{\"event\":\"focus\",\"trial\":5,\"time\":339586},{\"event\":\"blur\",\"trial\":5,\"time\":374442},{\"event\":\"focus\",\"trial\":5,\"time\":385802}]"}]