[{"success":true,"timeout":false,"failed_images":[],"failed_audio":[],"failed_video":[],"trial_type":"preload","trial_index":0,"time_elapsed":353,"internal_node_id":"0.0-0.0"},{"success":true,"trial_type":"fullscreen","trial_index":1,"time_elapsed":4420,"internal_node_id":"0.0-1.0"},{"rt":1928,"stimulus":"Welcome to the experiment. Press any key to begin.","response":" ","trial_type":"html-keyboard-response","trial_index":2,"time_elapsed":6348,"internal_node_id":"0.0-2.0"},{"view_history":[{"page_index":0,"viewing_time":4695},{"page_index":1,"viewing_time":6481},{"page_index":2,"viewing_time":33829},{"page_index":3,"viewing_time":9481},{"page_index":4,"viewing_time":3337},{"page_index":5,"viewing_time":1473},{"page_index":6,"viewing_time":4480},{"page_index":7,"viewing_time":16450},{"page_index":8,"viewing_time":16427},{"page_index":9,"viewing_time":15338},{"page_index":10,"viewing_time":1536},{"page_index":11,"viewing_time":1152},{"page_index":12,"viewing_time":1105},{"page_index":13,"viewing_time":2584},{"page_index":14,"viewing_time":3745},{"page_index":15,"viewing_time":6241},{"page_index":16,"viewing_time":2809},{"page_index":17,"viewing_time":728},{"page_index":18,"viewing_time":1097},{"page_index":19,"viewing_time":3304},{"page_index":20,"viewing_time":10458},{"page_index":21,"viewing_time":4528}],"rt":151275,"trial_type":"instructions","trial_index":3,"time_elapsed":157623,"internal_node_id":"0.0-3.0"},{"rt":111370,"url":"../static/nodeGraphsTraining_normal.html","skip":[],"edgeClickLog":[],"inference_edge":[],"inference_edgeClickLog":[],"trial_type":"external-html","trial_index":4,"time_elapsed":269105,"internal_node_id":"0.0-4.0"},{"rt":29865,"response":{"q1":"The goal is to help the student to get the most points","q2":"False","q3":"Possible paths you, as the teacher, can choose to teach the learner.","q4":"Paths that the student took before."},"question_order":[0,1,2,3],"trial_type":"survey-multi-choice","trial_index":5,"time_elapsed":298971,"internal_node_id":"0.0-5.0"},{"rt":12472,"stimulus":"<p>You can take a 60 second break before starting the experiment.</p><br><br><p>This page will advance in 60 seconds or you can press any key to advance now.</p>","response":" ","trial_type":"html-keyboard-response","trial_index":6,"time_elapsed":311444,"internal_node_id":"0.0-7.0"},{"view_history":[{"page_index":0,"viewing_time":17466}],"rt":17466,"trial_type":"instructions","trial_index":7,"time_elapsed":328911,"internal_node_id":"0.0-8.0"},{"rt":17106,"url":"../static/nodeGraphs_normal.html","edge":"4to8","edgeRT":"9929","skip":"false","flipped":"FALSE","index":"0","edgeClickLog":"[{\"edgeSelection\":\"2to4\",\"edgeRTMS\":6151},{\"edgeSelection\":\"4to8\",\"edgeRTMS\":9929}]","trial_id":"cong_0","congruency":"C","trial_group":"1to5","condition":"normal","inference_edge":[],"inference_edgeClickLog":[],"task":"experiment","subjectId":"y1yc1wa9d3q5lxo","trial_type":"external-html","trial_index":8,"time_elapsed":346123,"internal_node_id":"0.0-9.0-0.0"},{"rt":17627,"url":"../static/nodeGraphs_normal.html","edge":"4to8","edgeRT":"16551","skip":"false","flipped":"FALSE","index":"1","edgeClickLog":"[{\"edgeSelection\":\"2to4\",\"edgeRTMS\":14767},{\"edgeSelection\":\"4to8\",\"edgeRTMS\":16551}]","trial_id":"cong_1","congruency":"C","trial_group":"1to5","condition":"normal","inference_edge":[],"inference_edgeClickLog":[],"task":"experiment","subjectId":"y1yc1wa9d3q5lxo","trial_type":"external-html","trial_index":9,"time_elapsed":364370,"internal_node_id":"0.0-9.0-0.1"},{"rt":17400,"url":"../static/nodeGraphs_normal.html","edge":"5to8","edgeRT":"12146","skip":"false","flipped":"FALSE","index":"2","edgeClickLog":"[{\"edgeSelection\":\"2to5\",\"edgeRTMS\":10864},{\"edgeSelection\":\"5to8\",\"edgeRTMS\":12146}]","trial_id":"cong_6","congruency":"C","trial_group":"1to5","condition":"normal","inference_edge":[],"inference_edgeClickLog":[],"task":"experiment","subjectId":"y1yc1wa9d3q5lxo","trial_type":"external-html","trial_index":10,"time_elapsed":382381,"internal_node_id":"0.0-9.0-0.2"},{"rt":24734,"url":"../static/nodeGraphs_normal.html","edge":"2to4","edgeRT":"23158","skip":"false","flipped":"FALSE","index":"3","edgeClickLog":"[{\"edgeSelection\":\"5to8\",\"edgeRTMS\":7702},{\"edgeSelection\":\"2to4\",\"edgeRTMS\":23158}]","trial_id":"cong_4","congruency":"C","trial_group":"1to5","condition":"normal","inference_edge":[],"inference_edgeClickLog":[],"task":"experiment","subjectId":"y1yc1wa9d3q5lxo","trial_type":"external-html","trial_index":11,"time_elapsed":407724,"internal_node_id":"0.0-9.0-0.3"},{"rt":12887,"url":"../static/nodeGraphs_normal.html","edge":"2to5","edgeRT":"9558","skip":"false","flipped":"FALSE","index":"4","edgeClickLog":"[{\"edgeSelection\":\"5to8\",\"edgeRTMS\":6572},{\"edgeSelection\":\"2to5\",\"edgeRTMS\":9558}]","trial_id":"cong_9","congruency":"C","trial_group":"1to5","condition":"normal","inference_edge":[],"inference_edgeClickLog":[],"task":"experiment","subjectId":"y1yc1wa9d3q5lxo","trial_type":"external-html","trial_index":12,"time_elapsed":421228,"internal_node_id":"0.0-9.0-0.4"},{"rt":13824,"url":"../static/nodeGraphs_normal.html","edge":"3to6","edgeRT":"9385","skip":"false","flipped":"TRUE","index":"5","edgeClickLog":"[{\"edgeSelection\":\"3to6\",\"edgeRTMS\":9385}]","trial_id":"cong_0_flipped","congruency":"C","trial_group":"5to10","condition":"normal","inference_edge":[],"inference_edgeClickLog":[],"task":"experiment","subjectId":"y1yc1wa9d3q5lxo","trial_type":"external-html","trial_index":13,"time_elapsed":435668,"internal_node_id":"0.0-9.0-0.5"},{"rt":15796,"url":"../static/nodeGraphs_normal.html","edge":"2to4","edgeRT":"10279","skip":"false","flipped":"TRUE","index":"6","edgeClickLog":"[{\"edgeSelection\":\"2to4\",\"edgeRTMS\":10279}]","trial_id":"cong_1_flipped","congruency":"C","trial_group":"5to10","condition":"normal","inference_edge":[],"inference_edgeClickLog":[],"task":"experiment","subjectId":"y1yc1wa9d3q5lxo","trial_type":"external-html","trial_index":14,"time_elapsed":452072,"internal_node_id":"0.0-9.0-0.6"},{"rt":14641,"url":"../static/nodeGraphs_normal.html","edge":"2to5","edgeRT":"11660","skip":"false","flipped":"TRUE","index":"7","edgeClickLog":"[{\"edgeSelection\":\"2to5\",\"edgeRTMS\":11660}]","trial_id":"cong_6_flipped","congruency":"C","trial_group":"5to10","condition":"normal","inference_edge":[],"inference_edgeClickLog":[],"task":"experiment","subjectId":"y1yc1wa9d3q5lxo","trial_type":"external-html","trial_index":15,"time_elapsed":467326,"internal_node_id":"0.0-9.0-0.7"},{"rt":14052,"url":"../static/nodeGraphs_normal.html","edge":"2to6","edgeRT":"9136","skip":"false","flipped":"TRUE","index":"8","edgeClickLog":"[{\"edgeSelection\":\"2to6\",\"edgeRTMS\":9136}]","trial_id":"cong_4_flipped","congruency":"C","trial_group":"5to10","condition":"normal","inference_edge":[],"inference_edgeClickLog":[],"task":"experiment","subjectId":"y1yc1wa9d3q5lxo","trial_type":"external-html","trial_index":16,"time_elapsed":482002,"internal_node_id":"0.0-9.0-0.8"},{"rt":9076,"url":"../static/nodeGraphs_normal.html","edge":"2to5","edgeRT":"4399","skip":"false","flipped":"TRUE","index":"9","edgeClickLog":"[{\"edgeSelection\":\"2to5\",\"edgeRTMS\":4399}]","trial_id":"cong_9_flipped","congruency":"C","trial_group":"5to10","condition":"normal","inference_edge":[],"inference_edgeClickLog":[],"task":"experiment","subjectId":"y1yc1wa9d3q5lxo","trial_type":"external-html","trial_index":17,"time_elapsed":491693,"internal_node_id":"0.0-9.0-0.9"},{"rt":10711,"url":"../static/nodeGraphs_normal.html","edge":"1to4","edgeRT":"8586","skip":"false","flipped":"FALSE","index":"10","edgeClickLog":"[{\"edgeSelection\":\"1to4\",\"edgeRTMS\":8586}]","trial_id":"cong_0","congruency":"C","trial_group":"10to15","condition":"normal","inference_edge":[],"inference_edgeClickLog":[],"task":"experiment","subjectId":"y1yc1wa9d3q5lxo","trial_type":"external-html","trial_index":18,"time_elapsed":503012,"internal_node_id":"0.0-9.0-0.10"},{"rt":16749,"url":"../static/nodeGraphs_normal.html","edge":"2to6","edgeRT":"13268","skip":"false","flipped":"FALSE","index":"11","edgeClickLog":"[{\"edgeSelection\":\"3to5\",\"edgeRTMS\":10891},{\"edgeSelection\":\"2to6\",\"edgeRTMS\":13268}]","trial_id":"cong_1","congruency":"C","trial_group":"10to15","condition":"normal","inference_edge":[],"inference_edgeClickLog":[],"task":"experiment","subjectId":"y1yc1wa9d3q5lxo","trial_type":"external-html","trial_index":19,"time_elapsed":520369,"internal_node_id":"0.0-9.0-0.11"},{"rt":16137,"url":"../static/nodeGraphs_normal.html","edge":"2to5","edgeRT":"8526","skip":"false","flipped":"FALSE","index":"12","edgeClickLog":"[{\"edgeSelection\":\"2to5\",\"edgeRTMS\":8526}]","trial_id":"cong_6","congruency":"C","trial_group":"10to15","condition":"normal","inference_edge":[],"inference_edgeClickLog":[],"task":"experiment","subjectId":"y1yc1wa9d3q5lxo","trial_type":"external-html","trial_index":20,"time_elapsed":537113,"internal_node_id":"0.0-9.0-0.12"},{"rt":9583,"url":"../static/nodeGraphs_normal.html","edge":"2to4","edgeRT":"5859","skip":"false","flipped":"FALSE","index":"13","edgeClickLog":"[{\"edgeSelection\":\"2to4\",\"edgeRTMS\":5859}]","trial_id":"cong_4","congruency":"C","trial_group":"10to15","condition":"normal","inference_edge":[],"inference_edgeClickLog":[],"task":"experiment","subjectId":"y1yc1wa9d3q5lxo","trial_type":"external-html","trial_index":21,"time_elapsed":547302,"internal_node_id":"0.0-9.0-0.13"},{"rt":5605,"url":"../static/nodeGraphs_normal.html","edge":"2to5","edgeRT":"3807","skip":"false","flipped":"FALSE","index":"14","edgeClickLog":"[{\"edgeSelection\":\"2to5\",\"edgeRTMS\":3807}]","trial_id":"cong_9","congruency":"C","trial_group":"10to15","condition":"normal","inference_edge":[],"inference_edgeClickLog":[],"task":"experiment","subjectId":"y1yc1wa9d3q5lxo","trial_type":"external-html","trial_index":22,"time_elapsed":553516,"internal_node_id":"0.0-9.0-0.14"},{"rt":25481,"url":"../static/nodeGraphs_normal.html","edge":"3to6","edgeRT":"14610","skip":"false","flipped":"FALSE","index":"15","edgeClickLog":"[{\"edgeSelection\":\"2to6\",\"edgeRTMS\":5522},{\"edgeSelection\":\"3to6\",\"edgeRTMS\":14610}]","trial_id":"test_0","congruency":"I","trial_group":"15to20","condition":"normal","inference_edge":[],"inference_edgeClickLog":[],"task":"experiment","subjectId":"y1yc1wa9d3q5lxo","trial_type":"external-html","trial_index":23,"time_elapsed":579616,"internal_node_id":"0.0-9.0-0.15"},{"rt":29026,"url":"../static/nodeGraphs_normal.html","edge":"0to1","edgeRT":"25681","skip":"false","flipped":"FALSE","index":"16","edgeClickLog":"[{\"edgeSelection\":\"0to1\",\"edgeRTMS\":25681}]","trial_id":"test_1","congruency":"I","trial_group":"15to20","condition":"normal","inference_edge":[],"inference_edgeClickLog":[],"task":"experiment","subjectId":"y1yc1wa9d3q5lxo","trial_type":"external-html","trial_index":24,"time_elapsed":609253,"internal_node_id":"0.0-9.0-0.16"},{"rt":24031,"url":"../static/nodeGraphs_normal.html","edge":"2to4","edgeRT":"21706","skip":"false","flipped":"FALSE","index":"17","edgeClickLog":"[{\"edgeSelection\":\"2to4\",\"edgeRTMS\":21706}]","trial_id":"test_2","congruency":"I","trial_group":"15to20","condition":"normal","inference_edge":[],"inference_edgeClickLog":[],"task":"experiment","subjectId":"y1yc1wa9d3q5lxo","trial_type":"external-html","trial_index":25,"time_elapsed":633895,"internal_node_id":"0.0-9.0-0.17"},{"rt":18530,"url":"../static/nodeGraphs_normal.html","edge":"0to1","edgeRT":"16189","skip":"false","flipped":"FALSE","index":"18","edgeClickLog":"[{\"edgeSelection\":\"0to1\",\"edgeRTMS\":16189}]","trial_id":"test_3","congruency":"I","trial_group":"15to20","condition":"normal","inference_edge":[],"inference_edgeClickLog":[],"task":"experiment","subjectId":"y1yc1wa9d3q5lxo","trial_type":"external-html","trial_index":26,"time_elapsed":653033,"internal_node_id":"0.0-9.0-0.18"},{"rt":24643,"url":"../static/nodeGraphs_normal.html","edge":"0to3","edgeRT":"18759","skip":"false","flipped":"FALSE","index":"19","edgeClickLog":"[{\"edgeSelection\":\"0to3\",\"edgeRTMS\":18759}]","trial_id":"test_4","congruency":"I","trial_group":"15to20","condition":"normal","inference_edge":[],"inference_edgeClickLog":[],"task":"experiment","subjectId":"y1yc1wa9d3q5lxo","trial_type":"external-html","trial_index":27,"time_elapsed":678285,"internal_node_id":"0.0-9.0-0.19"},{"rt":35207,"response":{"P0_Q0":null,"P0_Q1":4,"P0_Q2":7,"P0_Q3":6,"P0_Q4":4,"P0_Q5":1,"strategies":"I tried to use the path to the most points.","feedback":"None, thanks."},"accuracy":[],"trial_type":"survey","trial_index":28,"time_elapsed":714034,"internal_node_id":"0.0-10.0"},{"rt":5873,"stimulus":"<p>Thanks for your time!</p>        <p>We need to manually calculate your bonus pay, please give us up to 7 days.</p><p>Press any key to conclude.</p>","response":" ","task":"end","subjectId":"y1yc1wa9d3q5lxo","trial_type":"html-keyboard-response","trial_index":29,"time_elapsed":719908,"internal_node_id":"0.0-11.0","interactions":"[{\"event\":\"fullscreenenter\",\"trial\":1,\"time\":3419},{\"event\":\"blur\",\"trial\":4,\"time\":180759},{\"event\":\"focus\",\"trial\":4,\"time\":180759},{\"event\":\"fullscreenexit\",\"trial\":4,\"time\":180766},{\"event\":\"blur\",\"trial\":11,\"time\":404157},{\"event\":\"focus\",\"trial\":11,\"time\":404157}]"}]