[{"success":true,"timeout":false,"failed_images":[],"failed_audio":[],"failed_video":[],"trial_type":"preload","trial_index":0,"time_elapsed":1708,"internal_node_id":"0.0-0.0"},{"success":true,"trial_type":"fullscreen","trial_index":1,"time_elapsed":4962,"internal_node_id":"0.0-1.0"},{"rt":2778,"stimulus":"Welcome to the experiment. Press any key to begin.","response":" ","trial_type":"html-keyboard-response","trial_index":2,"time_elapsed":7742,"internal_node_id":"0.0-2.0"},{"view_history":[{"page_index":0,"viewing_time":7687},{"page_index":1,"viewing_time":4000},{"page_index":2,"viewing_time":39736},{"page_index":3,"viewing_time":10784},{"page_index":4,"viewing_time":5168},{"page_index":5,"viewing_time":3699},{"page_index":6,"viewing_time":2851},{"page_index":7,"viewing_time":13451},{"page_index":8,"viewing_time":14584},{"page_index":9,"viewing_time":24218},{"page_index":10,"viewing_time":4650},{"page_index":11,"viewing_time":684},{"page_index":12,"viewing_time":633},{"page_index":13,"viewing_time":2250},{"page_index":14,"viewing_time":5450},{"page_index":15,"viewing_time":9868},{"page_index":16,"viewing_time":4017},{"page_index":17,"viewing_time":567},{"page_index":18,"viewing_time":567},{"page_index":19,"viewing_time":5850},{"page_index":20,"viewing_time":8784},{"page_index":21,"viewing_time":4984}],"rt":174481,"trial_type":"instructions","trial_index":3,"time_elapsed":182228,"internal_node_id":"0.0-3.0"},{"rt":228620,"url":"../static/nodeGraphsTraining_scaffolding.html","skip":[],"edgeClickLog":[],"inference_edge":[],"inference_edgeClickLog":[],"trial_type":"external-html","trial_index":4,"time_elapsed":411584,"internal_node_id":"0.0-4.0"},{"rt":29163,"response":{"q1":"The goal is to help the student to get the most points.","q2":"False","q3":"Possible edges you, as the teacher, can choose to teach the learner.","q4":"Edges that the student took before."},"question_order":[0,1,2,3],"trial_type":"survey-multi-choice","trial_index":5,"time_elapsed":440752,"internal_node_id":"0.0-5.0"},{"rt":3696,"stimulus":"<p>You can take a 60 second break before starting the experiment.</p><br><br><p>This page will advance in 60 seconds or you can press any key to advance now.</p>","response":" ","trial_type":"html-keyboard-response","trial_index":6,"time_elapsed":444452,"internal_node_id":"0.0-7.0"},{"view_history":[{"page_index":0,"viewing_time":44935}],"rt":44936,"trial_type":"instructions","trial_index":7,"time_elapsed":489389,"internal_node_id":"0.0-8.0"},{"rt":36306,"url":"../static/nodeGraphs_scaffolding.html","edge":"4to8","edgeRT":"20909","skip":"false","flipped":"FALSE","index":"0","edgeClickLog":"[{\"edgeSelection\":\"4to8\",\"edgeRTMS\":9187},{\"edgeSelection\":\"1to4\",\"edgeRTMS\":15859},{\"edgeSelection\":\"4to8\",\"edgeRTMS\":20909}]","trial_id":"cong_0","congruency":"C","trial_group":"1to5","condition":"distractor","inference_edge":"2to5,4to8,5to7","inference_edgeClickLog":"[{\"edgeSelection\":\"2to5\",\"edgeRTMS\":3113},{\"edgeSelection\":\"4to8\",\"edgeRTMS\":5263},{\"edgeSelection\":\"5to7\",\"edgeRTMS\":10647}]","inference_edgeRT":"10647","inference_edge_last":"5to7","task":"experiment","subjectId":"0sn1qaoo5zv4adt","trial_type":"external-html","trial_index":8,"time_elapsed":526294,"internal_node_id":"0.0-9.0-0.0"},{"rt":38869,"url":"../static/nodeGraphs_scaffolding.html","edge":"6to9","edgeRT":"10237","skip":"false","flipped":"FALSE","index":"1","edgeClickLog":"[{\"edgeSelection\":\"6to9\",\"edgeRTMS\":10237}]","trial_id":"cong_1","congruency":"C","trial_group":"1to5","condition":"distractor","inference_edge":"3to6,2to4,1to4","inference_edgeClickLog":"[{\"edgeSelection\":\"3to6\",\"edgeRTMS\":11864},{\"edgeSelection\":\"2to4\",\"edgeRTMS\":19614},{\"edgeSelection\":\"1to4\",\"edgeRTMS\":25930}]","inference_edgeRT":"25930","inference_edge_last":"1to4","task":"experiment","subjectId":"0sn1qaoo5zv4adt","trial_type":"external-html","trial_index":9,"time_elapsed":566047,"internal_node_id":"0.0-9.0-0.1"},{"rt":27113,"url":"../static/nodeGraphs_scaffolding.html","edge":"2to5","edgeRT":"5488","skip":"false","flipped":"FALSE","index":"2","edgeClickLog":"[{\"edgeSelection\":\"2to5\",\"edgeRTMS\":5488}]","trial_id":"cong_6","congruency":"C","trial_group":"1to5","condition":"distractor","inference_edge":"2to5,1to4,5to7","inference_edgeClickLog":"[{\"edgeSelection\":\"2to5\",\"edgeRTMS\":10146},{\"edgeSelection\":\"1to4\",\"edgeRTMS\":16514},{\"edgeSelection\":\"5to7\",\"edgeRTMS\":20931}]","inference_edgeRT":"20931","inference_edge_last":"5to7","task":"experiment","subjectId":"0sn1qaoo5zv4adt","trial_type":"external-html","trial_index":10,"time_elapsed":594933,"internal_node_id":"0.0-9.0-0.2"},{"rt":21704,"url":"../static/nodeGraphs_scaffolding.html","edge":"2to4","edgeRT":"6953","skip":"false","flipped":"FALSE","index":"3","edgeClickLog":"[{\"edgeSelection\":\"2to4\",\"edgeRTMS\":6953}]","trial_id":"cong_4","congruency":"C","trial_group":"1to5","condition":"distractor","inference_edge":"2to4,4to8,1to4","inference_edgeClickLog":"[{\"edgeSelection\":\"2to4\",\"edgeRTMS\":6513},{\"edgeSelection\":\"4to8\",\"edgeRTMS\":8896},{\"edgeSelection\":\"1to4\",\"edgeRTMS\":13213}]","inference_edgeRT":"13213","inference_edge_last":"1to4","task":"experiment","subjectId":"0sn1qaoo5zv4adt","trial_type":"external-html","trial_index":11,"time_elapsed":617785,"internal_node_id":"0.0-9.0-0.3"},{"rt":28849,"url":"../static/nodeGraphs_scaffolding.html","edge":"5to8","edgeRT":"4135","skip":"false","flipped":"FALSE","index":"4","edgeClickLog":"[{\"edgeSelection\":\"5to8\",\"edgeRTMS\":4135}]","trial_id":"cong_9","congruency":"C","trial_group":"1to5","condition":"distractor","inference_edge":"5to8,5to7,1to4","inference_edgeClickLog":"[{\"edgeSelection\":\"5to8\",\"edgeRTMS\":6748},{\"edgeSelection\":\"5to7\",\"edgeRTMS\":17166},{\"edgeSelection\":\"1to4\",\"edgeRTMS\":23232}]","inference_edgeRT":"23232","inference_edge_last":"1to4","task":"experiment","subjectId":"0sn1qaoo5zv4adt","trial_type":"external-html","trial_index":12,"time_elapsed":647471,"internal_node_id":"0.0-9.0-0.4"},{"rt":22167,"url":"../static/nodeGraphs_scaffolding.html","edge":"6to9","edgeRT":"3586","skip":"false","flipped":"TRUE","index":"5","edgeClickLog":"[{\"edgeSelection\":\"6to9\",\"edgeRTMS\":3586}]","trial_id":"cong_0_flipped","congruency":"C","trial_group":"5to10","condition":"distractor","inference_edge":"6to8,1to5,2to6","inference_edgeClickLog":"[{\"edgeSelection\":\"6to8\",\"edgeRTMS\":10263},{\"edgeSelection\":\"1to5\",\"edgeRTMS\":14497},{\"edgeSelection\":\"2to6\",\"edgeRTMS\":17546}]","inference_edgeRT":"17546","inference_edge_last":"2to6","task":"experiment","subjectId":"0sn1qaoo5zv4adt","trial_type":"external-html","trial_index":13,"time_elapsed":670773,"internal_node_id":"0.0-9.0-0.5"},{"rt":26459,"url":"../static/nodeGraphs_scaffolding.html","edge":"4to7","edgeRT":"7153","skip":"false","flipped":"TRUE","index":"6","edgeClickLog":"[{\"edgeSelection\":\"4to7\",\"edgeRTMS\":7153}]","trial_id":"cong_1_flipped","congruency":"C","trial_group":"5to10","condition":"distractor","inference_edge":"4to7,2to4,6to9","inference_edgeClickLog":"[{\"edgeSelection\":\"4to7\",\"edgeRTMS\":10664},{\"edgeSelection\":\"2to4\",\"edgeRTMS\":13163},{\"edgeSelection\":\"6to9\",\"edgeRTMS\":17848}]","inference_edgeRT":"17848","inference_edge_last":"6to9","task":"experiment","subjectId":"0sn1qaoo5zv4adt","trial_type":"external-html","trial_index":14,"time_elapsed":698109,"internal_node_id":"0.0-9.0-0.6"},{"rt":18430,"url":"../static/nodeGraphs_scaffolding.html","edge":"2to5","edgeRT":"4853","skip":"false","flipped":"TRUE","index":"7","edgeClickLog":"[{\"edgeSelection\":\"2to5\",\"edgeRTMS\":4853}]","trial_id":"cong_6_flipped","congruency":"C","trial_group":"5to10","condition":"distractor","inference_edge":"2to5,5to7,0to3","inference_edgeClickLog":"[{\"edgeSelection\":\"2to5\",\"edgeRTMS\":7429},{\"edgeSelection\":\"5to7\",\"edgeRTMS\":9046},{\"edgeSelection\":\"0to3\",\"edgeRTMS\":12313}]","inference_edgeRT":"12313","inference_edge_last":"0to3","task":"experiment","subjectId":"0sn1qaoo5zv4adt","trial_type":"external-html","trial_index":15,"time_elapsed":717728,"internal_node_id":"0.0-9.0-0.7"},{"rt":14819,"url":"../static/nodeGraphs_scaffolding.html","edge":"6to9","edgeRT":"3688","skip":"false","flipped":"TRUE","index":"8","edgeClickLog":"[{\"edgeSelection\":\"6to9\",\"edgeRTMS\":3688}]","trial_id":"cong_4_flipped","congruency":"C","trial_group":"5to10","condition":"distractor","inference_edge":"6to8,6to9,5to8","inference_edgeClickLog":"[{\"edgeSelection\":\"6to8\",\"edgeRTMS\":7579},{\"edgeSelection\":\"6to9\",\"edgeRTMS\":8496},{\"edgeSelection\":\"5to8\",\"edgeRTMS\":9746}]","inference_edgeRT":"9746","inference_edge_last":"5to8","task":"experiment","subjectId":"0sn1qaoo5zv4adt","trial_type":"external-html","trial_index":16,"time_elapsed":733679,"internal_node_id":"0.0-9.0-0.8"},{"rt":21068,"url":"../static/nodeGraphs_scaffolding.html","edge":"5to7","edgeRT":"2869","skip":"false","flipped":"TRUE","index":"9","edgeClickLog":"[{\"edgeSelection\":\"5to7\",\"edgeRTMS\":2869}]","trial_id":"cong_9_flipped","congruency":"C","trial_group":"5to10","condition":"distractor","inference_edge":"1to5,4to8,5to7","inference_edgeClickLog":"[{\"edgeSelection\":\"5to8\",\"edgeRTMS\":6146},{\"edgeSelection\":\"1to5\",\"edgeRTMS\":8412},{\"edgeSelection\":\"4to8\",\"edgeRTMS\":15881},{\"edgeSelection\":\"5to7\",\"edgeRTMS\":16864}]","inference_edgeRT":"16864","inference_edge_last":"5to7","task":"experiment","subjectId":"0sn1qaoo5zv4adt","trial_type":"external-html","trial_index":17,"time_elapsed":755598,"internal_node_id":"0.0-9.0-0.9"},{"rt":11709,"url":"../static/nodeGraphs_scaffolding.html","edge":"4to7","edgeRT":"2670","skip":"false","flipped":"FALSE","index":"10","edgeClickLog":"[{\"edgeSelection\":\"4to7\",\"edgeRTMS\":2670}]","trial_id":"cong_0","congruency":"C","trial_group":"10to15","condition":"distractor","inference_edge":"4to7,5to7,4to8","inference_edgeClickLog":"[{\"edgeSelection\":\"4to7\",\"edgeRTMS\":4697},{\"edgeSelection\":\"5to7\",\"edgeRTMS\":5681},{\"edgeSelection\":\"4to8\",\"edgeRTMS\":7429}]","inference_edgeRT":"7429","inference_edge_last":"4to8","task":"experiment","subjectId":"0sn1qaoo5zv4adt","trial_type":"external-html","trial_index":18,"time_elapsed":768414,"internal_node_id":"0.0-9.0-0.10"},{"rt":19401,"url":"../static/nodeGraphs_scaffolding.html","edge":"6to9","edgeRT":"3803","skip":"false","flipped":"FALSE","index":"11","edgeClickLog":"[{\"edgeSelection\":\"6to9\",\"edgeRTMS\":3803}]","trial_id":"cong_1","congruency":"C","trial_group":"10to15","condition":"distractor","inference_edge":"6to9,2to4,4to7","inference_edgeClickLog":"[{\"edgeSelection\":\"6to8\",\"edgeRTMS\":4294},{\"edgeSelection\":\"6to9\",\"edgeRTMS\":5778},{\"edgeSelection\":\"6to8\",\"edgeRTMS\":6594},{\"edgeSelection\":\"2to4\",\"edgeRTMS\":12629},{\"edgeSelection\":\"4to7\",\"edgeRTMS\":14545}]","inference_edgeRT":"14545","inference_edge_last":"4to7","task":"experiment","subjectId":"0sn1qaoo5zv4adt","trial_type":"external-html","trial_index":19,"time_elapsed":788648,"internal_node_id":"0.0-9.0-0.11"},{"rt":22747,"url":"../static/nodeGraphs_scaffolding.html","edge":"2to5","edgeRT":"5503","skip":"false","flipped":"FALSE","index":"12","edgeClickLog":"[{\"edgeSelection\":\"2to5\",\"edgeRTMS\":5503}]","trial_id":"cong_6","congruency":"C","trial_group":"10to15","condition":"distractor","inference_edge":"5to8,4to7,6to9","inference_edgeClickLog":"[{\"edgeSelection\":\"5to8\",\"edgeRTMS\":5696},{\"edgeSelection\":\"4to7\",\"edgeRTMS\":14429},{\"edgeSelection\":\"6to9\",\"edgeRTMS\":15895}]","inference_edgeRT":"15895","inference_edge_last":"6to9","task":"experiment","subjectId":"0sn1qaoo5zv4adt","trial_type":"external-html","trial_index":20,"time_elapsed":812233,"internal_node_id":"0.0-9.0-0.12"},{"rt":15748,"url":"../static/nodeGraphs_scaffolding.html","edge":"4to8","edgeRT":"2287","skip":"false","flipped":"FALSE","index":"13","edgeClickLog":"[{\"edgeSelection\":\"4to8\",\"edgeRTMS\":2287}]","trial_id":"cong_4","congruency":"C","trial_group":"10to15","condition":"distractor","inference_edge":"5to8,4to8,4to7","inference_edgeClickLog":"[{\"edgeSelection\":\"5to8\",\"edgeRTMS\":8247},{\"edgeSelection\":\"4to8\",\"edgeRTMS\":10746},{\"edgeSelection\":\"4to7\",\"edgeRTMS\":13497}]","inference_edgeRT":"13497","inference_edge_last":"4to7","task":"experiment","subjectId":"0sn1qaoo5zv4adt","trial_type":"external-html","trial_index":21,"time_elapsed":829633,"internal_node_id":"0.0-9.0-0.13"},{"rt":21128,"url":"../static/nodeGraphs_scaffolding.html","edge":"0to3","edgeRT":"12754","skip":"false","flipped":"FALSE","index":"14","edgeClickLog":"[{\"edgeSelection\":\"5to8\",\"edgeRTMS\":4970},{\"edgeSelection\":\"2to4\",\"edgeRTMS\":9493},{\"edgeSelection\":\"0to3\",\"edgeRTMS\":12754}]","trial_id":"cong_9","congruency":"C","trial_group":"10to15","condition":"distractor","inference_edge":"3to5,5to8,5to9","inference_edgeClickLog":"[{\"edgeSelection\":\"3to5\",\"edgeRTMS\":3996},{\"edgeSelection\":\"5to8\",\"edgeRTMS\":5880},{\"edgeSelection\":\"5to9\",\"edgeRTMS\":7163}]","inference_edgeRT":"7163","inference_edge_last":"5to9","task":"experiment","subjectId":"0sn1qaoo5zv4adt","trial_type":"external-html","trial_index":22,"time_elapsed":851652,"internal_node_id":"0.0-9.0-0.14"},{"rt":18682,"url":"../static/nodeGraphs_scaffolding.html","edge":"6to8","edgeRT":"6836","skip":"false","flipped":"FALSE","index":"15","edgeClickLog":"[{\"edgeSelection\":\"6to8\",\"edgeRTMS\":6836}]","trial_id":"test_0","congruency":"I","trial_group":"15to20","condition":"distractor","inference_edge":"3to5,5to8,5to9","inference_edgeClickLog":"[{\"edgeSelection\":\"3to5\",\"edgeRTMS\":3996},{\"edgeSelection\":\"5to8\",\"edgeRTMS\":5880},{\"edgeSelection\":\"5to9\",\"edgeRTMS\":7163}]","inference_edgeRT":"7163","inference_edge_last":"","task":"experiment","subjectId":"0sn1qaoo5zv4adt","trial_type":"external-html","trial_index":23,"time_elapsed":871771,"internal_node_id":"0.0-9.0-0.15"},{"rt":7059,"url":"../static/nodeGraphs_scaffolding.html","edge":"3to6","edgeRT":"6970","skip":"false","flipped":"FALSE","index":"16","edgeClickLog":"[{\"edgeSelection\":\"3to6\",\"edgeRTMS\":6970}]","trial_id":"test_1","congruency":"I","trial_group":"15to20","condition":"distractor","inference_edge":"3to5,5to8,5to9","inference_edgeClickLog":"[{\"edgeSelection\":\"3to5\",\"edgeRTMS\":3996},{\"edgeSelection\":\"5to8\",\"edgeRTMS\":5880},{\"edgeSelection\":\"5to9\",\"edgeRTMS\":7163}]","inference_edgeRT":"7163","inference_edge_last":"","task":"experiment","subjectId":"0sn1qaoo5zv4adt","trial_type":"external-html","trial_index":24,"time_elapsed":879772,"internal_node_id":"0.0-9.0-0.16"},{"rt":4411,"url":"../static/nodeGraphs_scaffolding.html","edge":"5to7","edgeRT":"4237","skip":"false","flipped":"FALSE","index":"17","edgeClickLog":"[{\"edgeSelection\":\"5to7\",\"edgeRTMS\":4237}]","trial_id":"test_2","congruency":"I","trial_group":"15to20","condition":"distractor","inference_edge":"3to5,5to8,5to9","inference_edgeClickLog":"[{\"edgeSelection\":\"3to5\",\"edgeRTMS\":3996},{\"edgeSelection\":\"5to8\",\"edgeRTMS\":5880},{\"edgeSelection\":\"5to9\",\"edgeRTMS\":7163}]","inference_edgeRT":"7163","inference_edge_last":"","task":"experiment","subjectId":"0sn1qaoo5zv4adt","trial_type":"external-html","trial_index":25,"time_elapsed":885023,"internal_node_id":"0.0-9.0-0.17"},{"rt":7614,"url":"../static/nodeGraphs_scaffolding.html","edge":"1to5","edgeRT":"7024","skip":"false","flipped":"FALSE","index":"18","edgeClickLog":"[{\"edgeSelection\":\"2to4\",\"edgeRTMS\":4619},{\"edgeSelection\":\"1to5\",\"edgeRTMS\":7024}]","trial_id":"test_3","congruency":"I","trial_group":"15to20","condition":"distractor","inference_edge":"3to5,5to8,5to9","inference_edgeClickLog":"[{\"edgeSelection\":\"3to5\",\"edgeRTMS\":3996},{\"edgeSelection\":\"5to8\",\"edgeRTMS\":5880},{\"edgeSelection\":\"5to9\",\"edgeRTMS\":7163}]","inference_edgeRT":"7163","inference_edge_last":"","task":"experiment","subjectId":"0sn1qaoo5zv4adt","trial_type":"external-html","trial_index":26,"time_elapsed":893506,"internal_node_id":"0.0-9.0-0.18"},{"rt":4143,"url":"../static/nodeGraphs_scaffolding.html","edge":"6to9","edgeRT":"4037","skip":"false","flipped":"FALSE","index":"19","edgeClickLog":"[{\"edgeSelection\":\"6to9\",\"edgeRTMS\":4037}]","trial_id":"test_4","congruency":"I","trial_group":"15to20","condition":"distractor","inference_edge":"3to5,5to8,5to9","inference_edgeClickLog":"[{\"edgeSelection\":\"3to5\",\"edgeRTMS\":3996},{\"edgeSelection\":\"5to8\",\"edgeRTMS\":5880},{\"edgeSelection\":\"5to9\",\"edgeRTMS\":7163}]","inference_edgeRT":"7163","inference_edge_last":"","task":"experiment","subjectId":"0sn1qaoo5zv4adt","trial_type":"external-html","trial_index":27,"time_elapsed":898507,"internal_node_id":"0.0-9.0-0.19"},{"rt":29190,"response":{"P0_Q0":null,"P0_Q1":6,"P0_Q2":5,"P0_Q3":7,"P0_Q4":6,"P0_Q5":5,"strategies":"most points path","feedback":"no"},"accuracy":[],"trial_type":"survey","trial_index":28,"time_elapsed":928277,"internal_node_id":"0.0-10.0"},{"rt":3447,"stimulus":"<p>Thanks for your time!</p>        <p>We need to manually calculate your bonus pay, please give us up to 7 days.</p><p>Press any key to conclude.</p>","response":" ","task":"end","subjectId":"0sn1qaoo5zv4adt","trial_type":"html-keyboard-response","trial_index":29,"time_elapsed":931726,"internal_node_id":"0.0-11.0","interactions":"[{\"event\":\"fullscreenenter\",\"trial\":1,\"time\":3969}]"}]