[{"success":true,"timeout":false,"failed_images":[],"failed_audio":[],"failed_video":[],"trial_type":"preload","trial_index":0,"time_elapsed":144,"internal_node_id":"0.0-0.0"},{"success":true,"trial_type":"fullscreen","trial_index":1,"time_elapsed":4765,"internal_node_id":"0.0-1.0"},{"rt":3376,"stimulus":"Welcome to the experiment. Press any key to begin.","response":" ","trial_type":"html-keyboard-response","trial_index":2,"time_elapsed":8144,"internal_node_id":"0.0-2.0"},{"view_history":[{"page_index":0,"viewing_time":13727},{"page_index":1,"viewing_time":9098},{"page_index":2,"viewing_time":49907},{"page_index":3,"viewing_time":4118},{"page_index":4,"viewing_time":2540},{"page_index":5,"viewing_time":2018},{"page_index":6,"viewing_time":4004},{"page_index":7,"viewing_time":22771},{"page_index":8,"viewing_time":23490},{"page_index":9,"viewing_time":16669},{"page_index":10,"viewing_time":3958},{"page_index":11,"viewing_time":1359},{"page_index":12,"viewing_time":896},{"page_index":13,"viewing_time":1604},{"page_index":14,"viewing_time":2554},{"page_index":15,"viewing_time":10302},{"page_index":16,"viewing_time":2103},{"page_index":17,"viewing_time":1103},{"page_index":18,"viewing_time":1412},{"page_index":19,"viewing_time":5364},{"page_index":20,"viewing_time":12469},{"page_index":21,"viewing_time":5736}],"rt":197202,"trial_type":"instructions","trial_index":3,"time_elapsed":205341,"internal_node_id":"0.0-3.0"},{"rt":77823,"url":"../static/nodeGraphsTraining_normal.html","skip":[],"edgeClickLog":[],"inference_edge":[],"inference_edgeClickLog":[],"trial_type":"external-html","trial_index":4,"time_elapsed":283303,"internal_node_id":"0.0-4.0"},{"rt":40894,"response":{"q1":"The goal is to help the student to get the most points","q2":"False","q3":"Possible paths you, as the teacher, can choose to teach the learner.","q4":"Paths that the student took before."},"question_order":[0,1,2,3],"trial_type":"survey-multi-choice","trial_index":5,"time_elapsed":324199,"internal_node_id":"0.0-5.0"},{"rt":7804,"stimulus":"<p>You can take a 60 second break before starting the experiment.</p><br><br><p>This page will advance in 60 seconds or you can press any key to advance now.</p>","response":" ","trial_type":"html-keyboard-response","trial_index":6,"time_elapsed":332007,"internal_node_id":"0.0-7.0"},{"view_history":[{"page_index":0,"viewing_time":38958}],"rt":38959,"trial_type":"instructions","trial_index":7,"time_elapsed":370966,"internal_node_id":"0.0-8.0"},{"rt":16955,"url":"../static/nodeGraphs_normal.html","edge":"2to4","edgeRT":"10323","skip":"false","flipped":"FALSE","index":"0","edgeClickLog":"[{\"edgeSelection\":\"2to4\",\"edgeRTMS\":10323}]","trial_id":"incong_0","congruency":"I","trial_group":"1to5","condition":"normal","inference_edge":[],"inference_edgeClickLog":[],"task":"experiment","subjectId":"lhqypgl0mojoblt","trial_type":"external-html","trial_index":8,"time_elapsed":387997,"internal_node_id":"0.0-9.0-0.0"},{"rt":13266,"url":"../static/nodeGraphs_normal.html","edge":"2to4","edgeRT":"11973","skip":"false","flipped":"FALSE","index":"1","edgeClickLog":"[{\"edgeSelection\":\"2to4\",\"edgeRTMS\":11973}]","trial_id":"incong_5","congruency":"I","trial_group":"1to5","condition":"normal","inference_edge":[],"inference_edgeClickLog":[],"task":"experiment","subjectId":"lhqypgl0mojoblt","trial_type":"external-html","trial_index":9,"time_elapsed":401845,"internal_node_id":"0.0-9.0-0.1"},{"rt":12907,"url":"../static/nodeGraphs_normal.html","edge":"2to6","edgeRT":"11585","skip":"false","flipped":"FALSE","index":"2","edgeClickLog":"[{\"edgeSelection\":\"2to6\",\"edgeRTMS\":11585}]","trial_id":"incong_3","congruency":"I","trial_group":"1to5","condition":"normal","inference_edge":[],"inference_edgeClickLog":[],"task":"experiment","subjectId":"lhqypgl0mojoblt","trial_type":"external-html","trial_index":10,"time_elapsed":415327,"internal_node_id":"0.0-9.0-0.2"},{"rt":10887,"url":"../static/nodeGraphs_normal.html","edge":"2to4","edgeRT":"9304","skip":"false","flipped":"FALSE","index":"3","edgeClickLog":"[{\"edgeSelection\":\"2to4\",\"edgeRTMS\":9304}]","trial_id":"incong_10","congruency":"I","trial_group":"1to5","condition":"normal","inference_edge":[],"inference_edgeClickLog":[],"task":"experiment","subjectId":"lhqypgl0mojoblt","trial_type":"external-html","trial_index":11,"time_elapsed":426778,"internal_node_id":"0.0-9.0-0.3"},{"rt":13869,"url":"../static/nodeGraphs_normal.html","edge":"0to2","edgeRT":"12507","skip":"false","flipped":"FALSE","index":"4","edgeClickLog":"[{\"edgeSelection\":\"0to2\",\"edgeRTMS\":12507}]","trial_id":"incong_2","congruency":"I","trial_group":"1to5","condition":"normal","inference_edge":[],"inference_edgeClickLog":[],"task":"experiment","subjectId":"lhqypgl0mojoblt","trial_type":"external-html","trial_index":12,"time_elapsed":441221,"internal_node_id":"0.0-9.0-0.4"},{"rt":11034,"url":"../static/nodeGraphs_normal.html","edge":"0to2","edgeRT":"6530","skip":"false","flipped":"TRUE","index":"5","edgeClickLog":"[{\"edgeSelection\":\"0to2\",\"edgeRTMS\":6530}]","trial_id":"incong_0_flipped","congruency":"I","trial_group":"5to10","condition":"normal","inference_edge":[],"inference_edgeClickLog":[],"task":"experiment","subjectId":"lhqypgl0mojoblt","trial_type":"external-html","trial_index":13,"time_elapsed":452830,"internal_node_id":"0.0-9.0-0.5"},{"rt":14212,"url":"../static/nodeGraphs_normal.html","edge":"0to2","edgeRT":"7925","skip":"false","flipped":"TRUE","index":"6","edgeClickLog":"[{\"edgeSelection\":\"0to2\",\"edgeRTMS\":7925}]","trial_id":"incong_5_flipped","congruency":"I","trial_group":"5to10","condition":"normal","inference_edge":[],"inference_edgeClickLog":[],"task":"experiment","subjectId":"lhqypgl0mojoblt","trial_type":"external-html","trial_index":14,"time_elapsed":467614,"internal_node_id":"0.0-9.0-0.6"},{"rt":13647,"url":"../static/nodeGraphs_normal.html","edge":"0to2","edgeRT":"11965","skip":"false","flipped":"TRUE","index":"7","edgeClickLog":"[{\"edgeSelection\":\"0to2\",\"edgeRTMS\":11965}]","trial_id":"incong_3_flipped","congruency":"I","trial_group":"5to10","condition":"normal","inference_edge":[],"inference_edgeClickLog":[],"task":"experiment","subjectId":"lhqypgl0mojoblt","trial_type":"external-html","trial_index":15,"time_elapsed":481826,"internal_node_id":"0.0-9.0-0.7"},{"rt":15010,"url":"../static/nodeGraphs_normal.html","edge":"2to6","edgeRT":"14187","skip":"false","flipped":"TRUE","index":"8","edgeClickLog":"[{\"edgeSelection\":\"2to6\",\"edgeRTMS\":14187}]","trial_id":"incong_10_flipped","congruency":"I","trial_group":"5to10","condition":"normal","inference_edge":[],"inference_edgeClickLog":[],"task":"experiment","subjectId":"lhqypgl0mojoblt","trial_type":"external-html","trial_index":16,"time_elapsed":497406,"internal_node_id":"0.0-9.0-0.8"},{"rt":9456,"url":"../static/nodeGraphs_normal.html","edge":"2to6","edgeRT":"8070","skip":"false","flipped":"TRUE","index":"9","edgeClickLog":"[{\"edgeSelection\":\"2to6\",\"edgeRTMS\":8070}]","trial_id":"incong_2_flipped","congruency":"I","trial_group":"5to10","condition":"normal","inference_edge":[],"inference_edgeClickLog":[],"task":"experiment","subjectId":"lhqypgl0mojoblt","trial_type":"external-html","trial_index":17,"time_elapsed":507428,"internal_node_id":"0.0-9.0-0.9"},{"rt":16313,"url":"../static/nodeGraphs_normal.html","edge":"0to2","edgeRT":"15532","skip":"false","flipped":"FALSE","index":"10","edgeClickLog":"[{\"edgeSelection\":\"0to2\",\"edgeRTMS\":15532}]","trial_id":"incong_0","congruency":"I","trial_group":"10to15","condition":"normal","inference_edge":[],"inference_edgeClickLog":[],"task":"experiment","subjectId":"lhqypgl0mojoblt","trial_type":"external-html","trial_index":18,"time_elapsed":524316,"internal_node_id":"0.0-9.0-0.10"},{"rt":11692,"url":"../static/nodeGraphs_normal.html","edge":"0to2","edgeRT":"10613","skip":"false","flipped":"FALSE","index":"11","edgeClickLog":"[{\"edgeSelection\":\"0to2\",\"edgeRTMS\":10613}]","trial_id":"incong_5","congruency":"I","trial_group":"10to15","condition":"normal","inference_edge":[],"inference_edgeClickLog":[],"task":"experiment","subjectId":"lhqypgl0mojoblt","trial_type":"external-html","trial_index":19,"time_elapsed":536580,"internal_node_id":"0.0-9.0-0.11"},{"rt":15918,"url":"../static/nodeGraphs_normal.html","edge":"0to2","edgeRT":"13571","skip":"false","flipped":"FALSE","index":"12","edgeClickLog":"[{\"edgeSelection\":\"0to2\",\"edgeRTMS\":13571}]","trial_id":"incong_3","congruency":"I","trial_group":"10to15","condition":"normal","inference_edge":[],"inference_edgeClickLog":[],"task":"experiment","subjectId":"lhqypgl0mojoblt","trial_type":"external-html","trial_index":20,"time_elapsed":553074,"internal_node_id":"0.0-9.0-0.12"},{"rt":14151,"url":"../static/nodeGraphs_normal.html","edge":"0to2","edgeRT":"12727","skip":"false","flipped":"FALSE","index":"13","edgeClickLog":"[{\"edgeSelection\":\"0to2\",\"edgeRTMS\":9642},{\"edgeSelection\":\"0to2\",\"edgeRTMS\":12727}]","trial_id":"incong_10","congruency":"I","trial_group":"10to15","condition":"normal","inference_edge":[],"inference_edgeClickLog":[],"task":"experiment","subjectId":"lhqypgl0mojoblt","trial_type":"external-html","trial_index":21,"time_elapsed":567792,"internal_node_id":"0.0-9.0-0.13"},{"rt":20880,"url":"../static/nodeGraphs_normal.html","edge":"4to8","edgeRT":"19553","skip":"false","flipped":"FALSE","index":"14","edgeClickLog":"[{\"edgeSelection\":\"5to7\",\"edgeRTMS\":18337},{\"edgeSelection\":\"4to8\",\"edgeRTMS\":19553}]","trial_id":"incong_2","congruency":"I","trial_group":"10to15","condition":"normal","inference_edge":[],"inference_edgeClickLog":[],"task":"experiment","subjectId":"lhqypgl0mojoblt","trial_type":"external-html","trial_index":22,"time_elapsed":589246,"internal_node_id":"0.0-9.0-0.14"},{"rt":19417,"url":"../static/nodeGraphs_normal.html","edge":"0to2","edgeRT":"10093","skip":"false","flipped":"FALSE","index":"15","edgeClickLog":"[{\"edgeSelection\":\"0to2\",\"edgeRTMS\":10093}]","trial_id":"test_0","congruency":"I","trial_group":"15to20","condition":"normal","inference_edge":[],"inference_edgeClickLog":[],"task":"experiment","subjectId":"lhqypgl0mojoblt","trial_type":"external-html","trial_index":23,"time_elapsed":609233,"internal_node_id":"0.0-9.0-0.15"},{"rt":8781,"url":"../static/nodeGraphs_normal.html","edge":"0to3","edgeRT":"6593","skip":"false","flipped":"FALSE","index":"16","edgeClickLog":"[{\"edgeSelection\":\"0to3\",\"edgeRTMS\":6593}]","trial_id":"test_1","congruency":"I","trial_group":"15to20","condition":"normal","inference_edge":[],"inference_edgeClickLog":[],"task":"experiment","subjectId":"lhqypgl0mojoblt","trial_type":"external-html","trial_index":24,"time_elapsed":618580,"internal_node_id":"0.0-9.0-0.16"},{"rt":25882,"url":"../static/nodeGraphs_normal.html","edge":"0to3","edgeRT":"23439","skip":"false","flipped":"FALSE","index":"17","edgeClickLog":"[{\"edgeSelection\":\"0to3\",\"edgeRTMS\":5327},{\"edgeSelection\":\"6to8\",\"edgeRTMS\":13900},{\"edgeSelection\":\"0to3\",\"edgeRTMS\":23439}]","trial_id":"test_2","congruency":"I","trial_group":"15to20","condition":"normal","inference_edge":[],"inference_edgeClickLog":[],"task":"experiment","subjectId":"lhqypgl0mojoblt","trial_type":"external-html","trial_index":25,"time_elapsed":645033,"internal_node_id":"0.0-9.0-0.17"},{"rt":9134,"url":"../static/nodeGraphs_normal.html","edge":"0to1","edgeRT":"5971","skip":"false","flipped":"FALSE","index":"18","edgeClickLog":"[{\"edgeSelection\":\"0to1\",\"edgeRTMS\":5971}]","trial_id":"test_3","congruency":"I","trial_group":"15to20","condition":"normal","inference_edge":[],"inference_edgeClickLog":[],"task":"experiment","subjectId":"lhqypgl0mojoblt","trial_type":"external-html","trial_index":26,"time_elapsed":654744,"internal_node_id":"0.0-9.0-0.18"},{"rt":34990,"url":"../static/nodeGraphs_normal.html","edge":"6to9","edgeRT":"34686","skip":"false","flipped":"FALSE","index":"19","edgeClickLog":"[{\"edgeSelection\":\"6to9\",\"edgeRTMS\":34686}]","trial_id":"test_4","congruency":"I","trial_group":"15to20","condition":"normal","inference_edge":[],"inference_edgeClickLog":[],"task":"experiment","subjectId":"lhqypgl0mojoblt","trial_type":"external-html","trial_index":27,"time_elapsed":690310,"internal_node_id":"0.0-9.0-0.19"},{"rt":137686,"response":{"P0_Q0":null,"P0_Q1":5,"P0_Q2":7,"P0_Q3":6,"P0_Q4":5,"P0_Q5":1,"strategies":"After a while I started to look at even if the student didn't take the full path to the most points, if they only took the new path pointed out they would still gain points.","feedback":"It was an engaging task! "},"accuracy":[],"trial_type":"survey","trial_index":28,"time_elapsed":828547,"internal_node_id":"0.0-10.0"},{"rt":5113,"stimulus":"<p>Thanks for your time!</p>        <p>We need to manually calculate your bonus pay, please give us up to 7 days.</p><p>Press any key to conclude.</p>","response":" ","task":"end","subjectId":"lhqypgl0mojoblt","trial_type":"html-keyboard-response","trial_index":29,"time_elapsed":833661,"internal_node_id":"0.0-11.0","interactions":"[{\"event\":\"fullscreenenter\",\"trial\":1,\"time\":3768}]"}]