[{"success":true,"timeout":false,"failed_images":[],"failed_audio":[],"failed_video":[],"trial_type":"preload","trial_index":0,"time_elapsed":1497,"internal_node_id":"0.0-0.0"},{"success":true,"trial_type":"fullscreen","trial_index":1,"time_elapsed":5349,"internal_node_id":"0.0-1.0"},{"rt":2397,"stimulus":"Welcome to the experiment. Press any key to begin.","response":" ","trial_type":"html-keyboard-response","trial_index":2,"time_elapsed":7749,"internal_node_id":"0.0-2.0"},{"view_history":[{"page_index":0,"viewing_time":6423},{"page_index":1,"viewing_time":4943},{"page_index":2,"viewing_time":22770},{"page_index":3,"viewing_time":5824},{"page_index":2,"viewing_time":5496},{"page_index":3,"viewing_time":2145},{"page_index":4,"viewing_time":4430},{"page_index":5,"viewing_time":934},{"page_index":6,"viewing_time":1737},{"page_index":7,"viewing_time":11026},{"page_index":8,"viewing_time":27056},{"page_index":9,"viewing_time":14366},{"page_index":10,"viewing_time":1558},{"page_index":11,"viewing_time":1153},{"page_index":12,"viewing_time":816},{"page_index":13,"viewing_time":1933},{"page_index":14,"viewing_time":3333},{"page_index":15,"viewing_time":8242},{"page_index":16,"viewing_time":1253},{"page_index":17,"viewing_time":637},{"page_index":18,"viewing_time":787},{"page_index":19,"viewing_time":4857},{"page_index":20,"viewing_time":6419},{"page_index":21,"viewing_time":4201}],"rt":142337,"trial_type":"instructions","trial_index":3,"time_elapsed":150078,"internal_node_id":"0.0-3.0"},{"rt":296239,"url":"../static/nodeGraphsTraining_scaffolding.html","skip":[],"edgeClickLog":[],"inference_edge":[],"inference_edgeClickLog":[],"trial_type":"external-html","trial_index":4,"time_elapsed":446649,"internal_node_id":"0.0-4.0"},{"rt":25749,"response":{"q1":"The goal is to help the student to get the most points.","q2":"False","q3":"Possible edges you, as the teacher, can choose to teach the learner.","q4":"Edges that the student took before."},"question_order":[0,1,2,3],"trial_type":"survey-multi-choice","trial_index":5,"time_elapsed":472400,"internal_node_id":"0.0-5.0"},{"rt":19212,"stimulus":"<p>You can take a 60 second break before starting the experiment.</p><br><br><p>This page will advance in 60 seconds or you can press any key to advance now.</p>","response":" ","trial_type":"html-keyboard-response","trial_index":6,"time_elapsed":491615,"internal_node_id":"0.0-7.0"},{"view_history":[{"page_index":0,"viewing_time":20423}],"rt":20423,"trial_type":"instructions","trial_index":7,"time_elapsed":512034,"internal_node_id":"0.0-8.0"},{"rt":44420,"url":"../static/nodeGraphs_scaffolding.html","edge":"6to8","edgeRT":"8741","skip":"false","flipped":"FALSE","index":"0","edgeClickLog":"[{\"edgeSelection\":\"6to8\",\"edgeRTMS\":8741}]","trial_id":"incong_0","congruency":"I","trial_group":"1to5","condition":"scaffolding","inference_edge":"6to8,0to1,1to4","inference_edgeClickLog":"[{\"edgeSelection\":\"6to8\",\"edgeRTMS\":5158},{\"edgeSelection\":\"0to1\",\"edgeRTMS\":24318},{\"edgeSelection\":\"1to4\",\"edgeRTMS\":29966}]","inference_edgeRT":"29966","inference_edge_last":"1to4","task":"experiment","subjectId":"vd671fgh1kek8v2","trial_type":"external-html","trial_index":8,"time_elapsed":556623,"internal_node_id":"0.0-9.0-0.0"},{"rt":49341,"url":"../static/nodeGraphs_scaffolding.html","edge":"3to6","edgeRT":"11330","skip":"false","flipped":"FALSE","index":"1","edgeClickLog":"[{\"edgeSelection\":\"3to6\",\"edgeRTMS\":11330}]","trial_id":"incong_5","congruency":"I","trial_group":"1to5","condition":"scaffolding","inference_edge":"3to6,6to8,0to2","inference_edgeClickLog":"[{\"edgeSelection\":\"3to6\",\"edgeRTMS\":16295},{\"edgeSelection\":\"6to8\",\"edgeRTMS\":19470},{\"edgeSelection\":\"0to2\",\"edgeRTMS\":36431}]","inference_edgeRT":"36431","inference_edge_last":"0to2","task":"experiment","subjectId":"vd671fgh1kek8v2","trial_type":"external-html","trial_index":9,"time_elapsed":606662,"internal_node_id":"0.0-9.0-0.1"},{"rt":24115,"url":"../static/nodeGraphs_scaffolding.html","edge":"0to2","edgeRT":"6537","skip":"false","flipped":"FALSE","index":"2","edgeClickLog":"[{\"edgeSelection\":\"0to2\",\"edgeRTMS\":6537}]","trial_id":"incong_3","congruency":"I","trial_group":"1to5","condition":"scaffolding","inference_edge":"5to7,0to2,2to6","inference_edgeClickLog":"[{\"edgeSelection\":\"5to7\",\"edgeRTMS\":9059},{\"edgeSelection\":\"0to2\",\"edgeRTMS\":12114},{\"edgeSelection\":\"2to6\",\"edgeRTMS\":15442}]","inference_edgeRT":"15442","inference_edge_last":"2to6","task":"experiment","subjectId":"vd671fgh1kek8v2","trial_type":"external-html","trial_index":10,"time_elapsed":631529,"internal_node_id":"0.0-9.0-0.2"},{"rt":30674,"url":"../static/nodeGraphs_scaffolding.html","edge":"5to8","edgeRT":"12010","skip":"false","flipped":"FALSE","index":"3","edgeClickLog":"[{\"edgeSelection\":\"5to8\",\"edgeRTMS\":12010}]","trial_id":"incong_10","congruency":"I","trial_group":"1to5","condition":"scaffolding","inference_edge":"5to8,0to2,3to6","inference_edgeClickLog":"[{\"edgeSelection\":\"5to8\",\"edgeRTMS\":6111},{\"edgeSelection\":\"0to2\",\"edgeRTMS\":11591},{\"edgeSelection\":\"3to6\",\"edgeRTMS\":13327}]","inference_edgeRT":"13327","inference_edge_last":"3to6","task":"experiment","subjectId":"vd671fgh1kek8v2","trial_type":"external-html","trial_index":11,"time_elapsed":662961,"internal_node_id":"0.0-9.0-0.3"},{"rt":37921,"url":"../static/nodeGraphs_scaffolding.html","edge":"0to2","edgeRT":"6721","skip":"false","flipped":"FALSE","index":"4","edgeClickLog":"[{\"edgeSelection\":\"0to2\",\"edgeRTMS\":6721}]","trial_id":"incong_2","congruency":"I","trial_group":"1to5","condition":"scaffolding","inference_edge":"0to2,3to6,6to8","inference_edgeClickLog":"[{\"edgeSelection\":\"0to2\",\"edgeRTMS\":15596},{\"edgeSelection\":\"3to6\",\"edgeRTMS\":24867},{\"edgeSelection\":\"6to8\",\"edgeRTMS\":28426}]","inference_edgeRT":"28426","inference_edge_last":"6to8","task":"experiment","subjectId":"vd671fgh1kek8v2","trial_type":"external-html","trial_index":12,"time_elapsed":701644,"internal_node_id":"0.0-9.0-0.4"},{"rt":41363,"url":"../static/nodeGraphs_scaffolding.html","edge":"0to2","edgeRT":"16836","skip":"false","flipped":"TRUE","index":"5","edgeClickLog":"[{\"edgeSelection\":\"0to2\",\"edgeRTMS\":16836}]","trial_id":"incong_0_flipped","congruency":"I","trial_group":"5to10","condition":"scaffolding","inference_edge":"4to8,3to6,2to6","inference_edgeClickLog":"[{\"edgeSelection\":\"4to8\",\"edgeRTMS\":9679},{\"edgeSelection\":\"3to6\",\"edgeRTMS\":18310},{\"edgeSelection\":\"2to6\",\"edgeRTMS\":23038}]","inference_edgeRT":"23038","inference_edge_last":"2to6","task":"experiment","subjectId":"vd671fgh1kek8v2","trial_type":"external-html","trial_index":13,"time_elapsed":743768,"internal_node_id":"0.0-9.0-0.5"},{"rt":37074,"url":"../static/nodeGraphs_scaffolding.html","edge":"1to4","edgeRT":"8281","skip":"false","flipped":"TRUE","index":"6","edgeClickLog":"[{\"edgeSelection\":\"1to4\",\"edgeRTMS\":8281}]","trial_id":"incong_5_flipped","congruency":"I","trial_group":"5to10","condition":"scaffolding","inference_edge":"1to4,4to8,2to6","inference_edgeClickLog":"[{\"edgeSelection\":\"1to4\",\"edgeRTMS\":11583},{\"edgeSelection\":\"4to8\",\"edgeRTMS\":19831},{\"edgeSelection\":\"2to6\",\"edgeRTMS\":27295}]","inference_edgeRT":"27295","inference_edge_last":"2to6","task":"experiment","subjectId":"vd671fgh1kek8v2","trial_type":"external-html","trial_index":14,"time_elapsed":781599,"internal_node_id":"0.0-9.0-0.6"},{"rt":18502,"url":"../static/nodeGraphs_scaffolding.html","edge":"0to2","edgeRT":"4193","skip":"false","flipped":"TRUE","index":"7","edgeClickLog":"[{\"edgeSelection\":\"0to2\",\"edgeRTMS\":4193}]","trial_id":"incong_3_flipped","congruency":"I","trial_group":"5to10","condition":"scaffolding","inference_edge":"5to9,0to2,2to4","inference_edgeClickLog":"[{\"edgeSelection\":\"5to9\",\"edgeRTMS\":6670},{\"edgeSelection\":\"0to2\",\"edgeRTMS\":11446},{\"edgeSelection\":\"2to4\",\"edgeRTMS\":12777}]","inference_edgeRT":"12777","inference_edge_last":"2to4","task":"experiment","subjectId":"vd671fgh1kek8v2","trial_type":"external-html","trial_index":15,"time_elapsed":800939,"internal_node_id":"0.0-9.0-0.7"},{"rt":29485,"url":"../static/nodeGraphs_scaffolding.html","edge":"0to2","edgeRT":"9361","skip":"false","flipped":"TRUE","index":"8","edgeClickLog":"[{\"edgeSelection\":\"0to2\",\"edgeRTMS\":9361}]","trial_id":"incong_10_flipped","congruency":"I","trial_group":"5to10","condition":"scaffolding","inference_edge":"5to8,1to4,0to2","inference_edgeClickLog":"[{\"edgeSelection\":\"5to8\",\"edgeRTMS\":4806},{\"edgeSelection\":\"1to4\",\"edgeRTMS\":14894},{\"edgeSelection\":\"0to2\",\"edgeRTMS\":18566}]","inference_edgeRT":"18566","inference_edge_last":"0to2","task":"experiment","subjectId":"vd671fgh1kek8v2","trial_type":"external-html","trial_index":16,"time_elapsed":831187,"internal_node_id":"0.0-9.0-0.8"},{"rt":52757,"url":"../static/nodeGraphs_scaffolding.html","edge":"0to2","edgeRT":"4624","skip":"false","flipped":"TRUE","index":"9","edgeClickLog":"[{\"edgeSelection\":\"0to2\",\"edgeRTMS\":4624}]","trial_id":"incong_2_flipped","congruency":"I","trial_group":"5to10","condition":"scaffolding","inference_edge":"0to2,1to4,4to8","inference_edgeClickLog":"[{\"edgeSelection\":\"0to2\",\"edgeRTMS\":11654},{\"edgeSelection\":\"0to3\",\"edgeRTMS\":13886},{\"edgeSelection\":\"1to4\",\"edgeRTMS\":27081},{\"edgeSelection\":\"0to3\",\"edgeRTMS\":39009},{\"edgeSelection\":\"4to8\",\"edgeRTMS\":41424}]","inference_edgeRT":"41424","inference_edge_last":"4to8","task":"experiment","subjectId":"vd671fgh1kek8v2","trial_type":"external-html","trial_index":17,"time_elapsed":884893,"internal_node_id":"0.0-9.0-0.9"},{"rt":36650,"url":"../static/nodeGraphs_scaffolding.html","edge":"0to2","edgeRT":"12838","skip":"false","flipped":"FALSE","index":"10","edgeClickLog":"[{\"edgeSelection\":\"0to2\",\"edgeRTMS\":12838}]","trial_id":"incong_0","congruency":"I","trial_group":"10to15","condition":"scaffolding","inference_edge":"6to8,0to2,0to1","inference_edgeClickLog":"[{\"edgeSelection\":\"6to8\",\"edgeRTMS\":7966},{\"edgeSelection\":\"0to2\",\"edgeRTMS\":21583},{\"edgeSelection\":\"0to1\",\"edgeRTMS\":22134}]","inference_edgeRT":"22134","inference_edge_last":"0to1","task":"experiment","subjectId":"vd671fgh1kek8v2","trial_type":"external-html","trial_index":18,"time_elapsed":922385,"internal_node_id":"0.0-9.0-0.10"},{"rt":47239,"url":"../static/nodeGraphs_scaffolding.html","edge":"0to2","edgeRT":"8057","skip":"false","flipped":"FALSE","index":"11","edgeClickLog":"[{\"edgeSelection\":\"0to2\",\"edgeRTMS\":8057}]","trial_id":"incong_5","congruency":"I","trial_group":"10to15","condition":"scaffolding","inference_edge":"3to6,6to8,2to4","inference_edgeClickLog":"[{\"edgeSelection\":\"3to6\",\"edgeRTMS\":12167},{\"edgeSelection\":\"3to6\",\"edgeRTMS\":14102},{\"edgeSelection\":\"3to6\",\"edgeRTMS\":15454},{\"edgeSelection\":\"6to8\",\"edgeRTMS\":25664},{\"edgeSelection\":\"2to4\",\"edgeRTMS\":38158}]","inference_edgeRT":"38158","inference_edge_last":"2to4","task":"experiment","subjectId":"vd671fgh1kek8v2","trial_type":"external-html","trial_index":19,"time_elapsed":970393,"internal_node_id":"0.0-9.0-0.11"},{"rt":23583,"url":"../static/nodeGraphs_scaffolding.html","edge":"0to2","edgeRT":"8155","skip":"false","flipped":"FALSE","index":"12","edgeClickLog":"[{\"edgeSelection\":\"0to2\",\"edgeRTMS\":4297},{\"edgeSelection\":\"0to2\",\"edgeRTMS\":8155}]","trial_id":"incong_3","congruency":"I","trial_group":"10to15","condition":"scaffolding","inference_edge":"5to7,0to2,2to6","inference_edgeClickLog":"[{\"edgeSelection\":\"5to7\",\"edgeRTMS\":5378},{\"edgeSelection\":\"5to7\",\"edgeRTMS\":5753},{\"edgeSelection\":\"5to7\",\"edgeRTMS\":6449},{\"edgeSelection\":\"0to2\",\"edgeRTMS\":7954},{\"edgeSelection\":\"2to6\",\"edgeRTMS\":13329}]","inference_edgeRT":"13329","inference_edge_last":"2to6","task":"experiment","subjectId":"vd671fgh1kek8v2","trial_type":"external-html","trial_index":20,"time_elapsed":994756,"internal_node_id":"0.0-9.0-0.12"},{"rt":29271,"url":"../static/nodeGraphs_scaffolding.html","edge":"5to8","edgeRT":"3777","skip":"false","flipped":"FALSE","index":"13","edgeClickLog":"[{\"edgeSelection\":\"5to8\",\"edgeRTMS\":3777}]","trial_id":"incong_10","congruency":"I","trial_group":"10to15","condition":"scaffolding","inference_edge":"5to8,0to2,3to6","inference_edgeClickLog":"[{\"edgeSelection\":\"5to8\",\"edgeRTMS\":4854},{\"edgeSelection\":\"0to2\",\"edgeRTMS\":17879},{\"edgeSelection\":\"3to6\",\"edgeRTMS\":23518}]","inference_edgeRT":"23518","inference_edge_last":"3to6","task":"experiment","subjectId":"vd671fgh1kek8v2","trial_type":"external-html","trial_index":21,"time_elapsed":1025035,"internal_node_id":"0.0-9.0-0.13"},{"rt":19357,"url":"../static/nodeGraphs_scaffolding.html","edge":"0to2","edgeRT":"8250","skip":"false","flipped":"FALSE","index":"14","edgeClickLog":"[{\"edgeSelection\":\"0to2\",\"edgeRTMS\":8250}]","trial_id":"incong_2","congruency":"I","trial_group":"10to15","condition":"scaffolding","inference_edge":"3to6,0to2,0to1","inference_edgeClickLog":"[{\"edgeSelection\":\"3to6\",\"edgeRTMS\":6502},{\"edgeSelection\":\"0to2\",\"edgeRTMS\":7847},{\"edgeSelection\":\"0to1\",\"edgeRTMS\":9586}]","inference_edgeRT":"9586","inference_edge_last":"0to1","task":"experiment","subjectId":"vd671fgh1kek8v2","trial_type":"external-html","trial_index":22,"time_elapsed":1045231,"internal_node_id":"0.0-9.0-0.14"},{"rt":44479,"url":"../static/nodeGraphs_scaffolding.html","edge":"0to1","edgeRT":"32786","skip":"false","flipped":"FALSE","index":"15","edgeClickLog":"[{\"edgeSelection\":\"0to1\",\"edgeRTMS\":32786}]","trial_id":"test_0","congruency":"I","trial_group":"15to20","condition":"scaffolding","inference_edge":"3to6,0to2,0to1","inference_edgeClickLog":"[{\"edgeSelection\":\"3to6\",\"edgeRTMS\":6502},{\"edgeSelection\":\"0to2\",\"edgeRTMS\":7847},{\"edgeSelection\":\"0to1\",\"edgeRTMS\":9586}]","inference_edgeRT":"9586","inference_edge_last":"","task":"experiment","subjectId":"vd671fgh1kek8v2","trial_type":"external-html","trial_index":23,"time_elapsed":1090527,"internal_node_id":"0.0-9.0-0.15"},{"rt":12860,"url":"../static/nodeGraphs_scaffolding.html","edge":"4to7","edgeRT":"12278","skip":"false","flipped":"FALSE","index":"16","edgeClickLog":"[{\"edgeSelection\":\"4to7\",\"edgeRTMS\":12278}]","trial_id":"test_1","congruency":"I","trial_group":"15to20","condition":"scaffolding","inference_edge":"3to6,0to2,0to1","inference_edgeClickLog":"[{\"edgeSelection\":\"3to6\",\"edgeRTMS\":6502},{\"edgeSelection\":\"0to2\",\"edgeRTMS\":7847},{\"edgeSelection\":\"0to1\",\"edgeRTMS\":9586}]","inference_edgeRT":"9586","inference_edge_last":"","task":"experiment","subjectId":"vd671fgh1kek8v2","trial_type":"external-html","trial_index":24,"time_elapsed":1104148,"internal_node_id":"0.0-9.0-0.16"},{"rt":12921,"url":"../static/nodeGraphs_scaffolding.html","edge":"0to3","edgeRT":"12729","skip":"false","flipped":"FALSE","index":"17","edgeClickLog":"[{\"edgeSelection\":\"0to3\",\"edgeRTMS\":12729}]","trial_id":"test_2","congruency":"I","trial_group":"15to20","condition":"scaffolding","inference_edge":"3to6,0to2,0to1","inference_edgeClickLog":"[{\"edgeSelection\":\"3to6\",\"edgeRTMS\":6502},{\"edgeSelection\":\"0to2\",\"edgeRTMS\":7847},{\"edgeSelection\":\"0to1\",\"edgeRTMS\":9586}]","inference_edgeRT":"9586","inference_edge_last":"","task":"experiment","subjectId":"vd671fgh1kek8v2","trial_type":"external-html","trial_index":25,"time_elapsed":1117844,"internal_node_id":"0.0-9.0-0.17"},{"rt":6061,"url":"../static/nodeGraphs_scaffolding.html","edge":"5to9","edgeRT":"6137","skip":"false","flipped":"FALSE","index":"18","edgeClickLog":"[{\"edgeSelection\":\"5to9\",\"edgeRTMS\":6137}]","trial_id":"test_3","congruency":"I","trial_group":"15to20","condition":"scaffolding","inference_edge":"3to6,0to2,0to1","inference_edgeClickLog":"[{\"edgeSelection\":\"3to6\",\"edgeRTMS\":6502},{\"edgeSelection\":\"0to2\",\"edgeRTMS\":7847},{\"edgeSelection\":\"0to1\",\"edgeRTMS\":9586}]","inference_edgeRT":"9586","inference_edge_last":"","task":"experiment","subjectId":"vd671fgh1kek8v2","trial_type":"external-html","trial_index":26,"time_elapsed":1124852,"internal_node_id":"0.0-9.0-0.18"},{"rt":14609,"url":"../static/nodeGraphs_scaffolding.html","edge":"4to7","edgeRT":"14721","skip":"false","flipped":"FALSE","index":"19","edgeClickLog":"[{\"edgeSelection\":\"4to7\",\"edgeRTMS\":14721}]","trial_id":"test_4","congruency":"I","trial_group":"15to20","condition":"scaffolding","inference_edge":"3to6,0to2,0to1","inference_edgeClickLog":"[{\"edgeSelection\":\"3to6\",\"edgeRTMS\":6502},{\"edgeSelection\":\"0to2\",\"edgeRTMS\":7847},{\"edgeSelection\":\"0to1\",\"edgeRTMS\":9586}]","inference_edgeRT":"9586","inference_edge_last":"","task":"experiment","subjectId":"vd671fgh1kek8v2","trial_type":"external-html","trial_index":27,"time_elapsed":1140387,"internal_node_id":"0.0-9.0-0.19"},{"rt":55517,"response":{"P0_Q0":null,"P0_Q1":7,"P0_Q2":7,"P0_Q3":3,"P0_Q4":5,"P0_Q5":5,"strategies":"I tried to reason as best I could, but found the logic of which edge to choose kind of mystifying.","feedback":""},"accuracy":[],"trial_type":"survey","trial_index":28,"time_elapsed":1196457,"internal_node_id":"0.0-10.0"},{"rt":4880,"stimulus":"<p>Thanks for your time!</p>        <p>We need to manually calculate your bonus pay, please give us up to 7 days.</p><p>Press any key to conclude.</p>","response":" ","task":"end","subjectId":"vd671fgh1kek8v2","trial_type":"html-keyboard-response","trial_index":29,"time_elapsed":1201341,"internal_node_id":"0.0-11.0","interactions":"[{\"event\":\"fullscreenenter\",\"trial\":1,\"time\":4367}]"}]