[{"success":true,"timeout":false,"failed_images":[],"failed_audio":[],"failed_video":[],"trial_type":"preload","trial_index":0,"time_elapsed":447,"internal_node_id":"0.0-0.0"},{"success":true,"trial_type":"fullscreen","trial_index":1,"time_elapsed":2924,"internal_node_id":"0.0-1.0"},{"rt":3731,"stimulus":"Welcome to the experiment. Press any key to begin.","response":" ","trial_type":"html-keyboard-response","trial_index":2,"time_elapsed":6656,"internal_node_id":"0.0-2.0"},{"view_history":[{"page_index":0,"viewing_time":3527},{"page_index":1,"viewing_time":7968},{"page_index":2,"viewing_time":17632},{"page_index":3,"viewing_time":2528},{"page_index":4,"viewing_time":2640},{"page_index":5,"viewing_time":1608},{"page_index":6,"viewing_time":6608},{"page_index":7,"viewing_time":6920},{"page_index":8,"viewing_time":6416},{"page_index":9,"viewing_time":4568},{"page_index":10,"viewing_time":1120},{"page_index":11,"viewing_time":424},{"page_index":12,"viewing_time":376},{"page_index":13,"viewing_time":984},{"page_index":14,"viewing_time":1264},{"page_index":15,"viewing_time":3408},{"page_index":16,"viewing_time":880},{"page_index":17,"viewing_time":408},{"page_index":18,"viewing_time":408},{"page_index":19,"viewing_time":3448},{"page_index":20,"viewing_time":3912},{"page_index":21,"viewing_time":3256}],"rt":80303,"trial_type":"instructions","trial_index":3,"time_elapsed":86960,"internal_node_id":"0.0-3.0"},{"rt":100995,"url":"../static/nodeGraphsTraining_distractor.html","skip":[],"edgeClickLog":[],"inference_edge":[],"inference_edgeClickLog":[],"trial_type":"external-html","trial_index":4,"time_elapsed":188049,"internal_node_id":"0.0-4.0"},{"rt":26545,"response":{"q1":"The goal is to help the student to get the most points.","q2":"False","q3":"Possible edges you, as the teacher, can choose to teach the learner.","q4":"Edges that the student took before."},"question_order":[0,1,2,3],"trial_type":"survey-multi-choice","trial_index":5,"time_elapsed":214596,"internal_node_id":"0.0-5.0"},{"rt":52882,"stimulus":"<p>You can take a 60 second break before starting the experiment.</p><br><br><p>This page will advance in 60 seconds or you can press any key to advance now.</p>","response":"arrowright","trial_type":"html-keyboard-response","trial_index":6,"time_elapsed":267480,"internal_node_id":"0.0-7.0"},{"view_history":[{"page_index":0,"viewing_time":29365}],"rt":29365,"trial_type":"instructions","trial_index":7,"time_elapsed":296845,"internal_node_id":"0.0-8.0"},{"rt":36141,"url":"../static/nodeGraphs_distractor.html","edge":"1to4","edgeRT":"10680","skip":"false","flipped":"FALSE","index":"0","edgeClickLog":"[{\"edgeSelection\":\"1to4\",\"edgeRTMS\":9209},{\"edgeSelection\":\"1to4\",\"edgeRTMS\":10680}]","trial_id":"cong_0","congruency":"C","trial_group":"1to5","condition":"distractor","inference_edge":"1to4,2to4,0to2","inference_edgeClickLog":"[{\"edgeSelection\":\"1to4\",\"edgeRTMS\":7852},{\"edgeSelection\":\"2to4\",\"edgeRTMS\":13660},{\"edgeSelection\":\"0to2\",\"edgeRTMS\":19968}]","inference_edgeRT":"19968","inference_edge_last":"0to2","task":"experiment","subjectId":"7w53waqjefduszb","trial_type":"external-html","trial_index":8,"time_elapsed":333080,"internal_node_id":"0.0-9.0-0.0"},{"rt":27260,"url":"../static/nodeGraphs_distractor.html","edge":"2to6","edgeRT":"6859","skip":"false","flipped":"FALSE","index":"1","edgeClickLog":"[{\"edgeSelection\":\"2to6\",\"edgeRTMS\":6859}]","trial_id":"cong_1","congruency":"C","trial_group":"1to5","condition":"distractor","inference_edge":"2to6,2to4,3to6","inference_edgeClickLog":"[{\"edgeSelection\":\"2to6\",\"edgeRTMS\":7650},{\"edgeSelection\":\"2to4\",\"edgeRTMS\":9637},{\"edgeSelection\":\"3to6\",\"edgeRTMS\":17171}]","inference_edgeRT":"17171","inference_edge_last":"3to6","task":"experiment","subjectId":"7w53waqjefduszb","trial_type":"external-html","trial_index":9,"time_elapsed":360931,"internal_node_id":"0.0-9.0-0.1"},{"rt":36870,"url":"../static/nodeGraphs_distractor.html","edge":"2to5","edgeRT":"5023","skip":"false","flipped":"FALSE","index":"2","edgeClickLog":"[{\"edgeSelection\":\"2to5\",\"edgeRTMS\":2458},{\"edgeSelection\":\"2to5\",\"edgeRTMS\":3698},{\"edgeSelection\":\"2to5\",\"edgeRTMS\":4321},{\"edgeSelection\":\"2to5\",\"edgeRTMS\":5023}]","trial_id":"cong_6","congruency":"C","trial_group":"1to5","condition":"distractor","inference_edge":"2to5,1to5,1to4","inference_edgeClickLog":"[{\"edgeSelection\":\"2to5\",\"edgeRTMS\":5924},{\"edgeSelection\":\"1to5\",\"edgeRTMS\":6751},{\"edgeSelection\":\"1to5\",\"edgeRTMS\":13204},{\"edgeSelection\":\"1to5\",\"edgeRTMS\":22251},{\"edgeSelection\":\"1to4\",\"edgeRTMS\":26253}]","inference_edgeRT":"26253","inference_edge_last":"1to4","task":"experiment","subjectId":"7w53waqjefduszb","trial_type":"external-html","trial_index":10,"time_elapsed":398395,"internal_node_id":"0.0-9.0-0.2"},{"rt":21536,"url":"../static/nodeGraphs_distractor.html","edge":"2to4","edgeRT":"4646","skip":"false","flipped":"FALSE","index":"3","edgeClickLog":"[{\"edgeSelection\":\"2to4\",\"edgeRTMS\":3835},{\"edgeSelection\":\"2to4\",\"edgeRTMS\":4646}]","trial_id":"cong_4","congruency":"C","trial_group":"1to5","condition":"distractor","inference_edge":"2to4,1to4,5to8","inference_edgeClickLog":"[{\"edgeSelection\":\"2to4\",\"edgeRTMS\":6171},{\"edgeSelection\":\"1to4\",\"edgeRTMS\":6962},{\"edgeSelection\":\"5to8\",\"edgeRTMS\":8425}]","inference_edgeRT":"8425","inference_edge_last":"5to8","task":"experiment","subjectId":"7w53waqjefduszb","trial_type":"external-html","trial_index":11,"time_elapsed":420523,"internal_node_id":"0.0-9.0-0.3"},{"rt":17955,"url":"../static/nodeGraphs_distractor.html","edge":"2to5","edgeRT":"2204","skip":"false","flipped":"FALSE","index":"4","edgeClickLog":"[{\"edgeSelection\":\"2to5\",\"edgeRTMS\":2204}]","trial_id":"cong_9","congruency":"C","trial_group":"1to5","condition":"distractor","inference_edge":"2to5,3to5,0to3","inference_edgeClickLog":"[{\"edgeSelection\":\"2to5\",\"edgeRTMS\":4012},{\"edgeSelection\":\"3to5\",\"edgeRTMS\":11436},{\"edgeSelection\":\"0to3\",\"edgeRTMS\":13406}]","inference_edgeRT":"13406","inference_edge_last":"0to3","task":"experiment","subjectId":"7w53waqjefduszb","trial_type":"external-html","trial_index":12,"time_elapsed":439071,"internal_node_id":"0.0-9.0-0.4"},{"rt":19321,"url":"../static/nodeGraphs_distractor.html","edge":"3to6","edgeRT":"3475","skip":"false","flipped":"TRUE","index":"5","edgeClickLog":"[{\"edgeSelection\":\"3to6\",\"edgeRTMS\":2005},{\"edgeSelection\":\"3to6\",\"edgeRTMS\":3022},{\"edgeSelection\":\"3to6\",\"edgeRTMS\":3475}]","trial_id":"cong_0_flipped","congruency":"C","trial_group":"5to10","condition":"distractor","inference_edge":"3to6,2to6,0to2","inference_edgeClickLog":"[{\"edgeSelection\":\"3to6\",\"edgeRTMS\":4315},{\"edgeSelection\":\"2to6\",\"edgeRTMS\":6521},{\"edgeSelection\":\"0to2\",\"edgeRTMS\":11111}]","inference_edgeRT":"11111","inference_edge_last":"0to2","task":"experiment","subjectId":"7w53waqjefduszb","trial_type":"external-html","trial_index":13,"time_elapsed":458988,"internal_node_id":"0.0-9.0-0.5"},{"rt":27646,"url":"../static/nodeGraphs_distractor.html","edge":"2to4","edgeRT":"5589","skip":"false","flipped":"TRUE","index":"6","edgeClickLog":"[{\"edgeSelection\":\"2to4\",\"edgeRTMS\":2583},{\"edgeSelection\":\"2to4\",\"edgeRTMS\":3986},{\"edgeSelection\":\"2to4\",\"edgeRTMS\":4415},{\"edgeSelection\":\"2to4\",\"edgeRTMS\":4898},{\"edgeSelection\":\"2to4\",\"edgeRTMS\":5589}]","trial_id":"cong_1_flipped","congruency":"C","trial_group":"5to10","condition":"distractor","inference_edge":"1to4,2to4,2to6","inference_edgeClickLog":"[{\"edgeSelection\":\"1to4\",\"edgeRTMS\":5982},{\"edgeSelection\":\"2to4\",\"edgeRTMS\":9951},{\"edgeSelection\":\"2to6\",\"edgeRTMS\":13043}]","inference_edgeRT":"13043","inference_edge_last":"2to6","task":"experiment","subjectId":"7w53waqjefduszb","trial_type":"external-html","trial_index":14,"time_elapsed":487229,"internal_node_id":"0.0-9.0-0.6"},{"rt":22468,"url":"../static/nodeGraphs_distractor.html","edge":"2to5","edgeRT":"3971","skip":"false","flipped":"TRUE","index":"7","edgeClickLog":"[{\"edgeSelection\":\"2to5\",\"edgeRTMS\":2072},{\"edgeSelection\":\"2to5\",\"edgeRTMS\":2532},{\"edgeSelection\":\"2to5\",\"edgeRTMS\":3030},{\"edgeSelection\":\"2to5\",\"edgeRTMS\":3514},{\"edgeSelection\":\"2to5\",\"edgeRTMS\":3971}]","trial_id":"cong_6_flipped","congruency":"C","trial_group":"5to10","condition":"distractor","inference_edge":"2to5,3to5,3to6","inference_edgeClickLog":"[{\"edgeSelection\":\"2to5\",\"edgeRTMS\":4835},{\"edgeSelection\":\"3to5\",\"edgeRTMS\":6859},{\"edgeSelection\":\"3to6\",\"edgeRTMS\":12661}]","inference_edgeRT":"12661","inference_edge_last":"3to6","task":"experiment","subjectId":"7w53waqjefduszb","trial_type":"external-html","trial_index":15,"time_elapsed":510295,"internal_node_id":"0.0-9.0-0.7"},{"rt":23320,"url":"../static/nodeGraphs_distractor.html","edge":"2to6","edgeRT":"5743","skip":"false","flipped":"TRUE","index":"8","edgeClickLog":"[{\"edgeSelection\":\"2to6\",\"edgeRTMS\":5743}]","trial_id":"cong_4_flipped","congruency":"C","trial_group":"5to10","condition":"distractor","inference_edge":"2to6,5to8,6to8","inference_edgeClickLog":"[{\"edgeSelection\":\"2to6\",\"edgeRTMS\":3717},{\"edgeSelection\":\"3to6\",\"edgeRTMS\":5257},{\"edgeSelection\":\"3to6\",\"edgeRTMS\":9342},{\"edgeSelection\":\"5to8\",\"edgeRTMS\":10561},{\"edgeSelection\":\"6to8\",\"edgeRTMS\":11170}]","inference_edgeRT":"11170","inference_edge_last":"6to8","task":"experiment","subjectId":"7w53waqjefduszb","trial_type":"external-html","trial_index":16,"time_elapsed":534207,"internal_node_id":"0.0-9.0-0.8"},{"rt":15599,"url":"../static/nodeGraphs_distractor.html","edge":"2to5","edgeRT":"2562","skip":"false","flipped":"TRUE","index":"9","edgeClickLog":"[{\"edgeSelection\":\"2to5\",\"edgeRTMS\":2562}]","trial_id":"cong_9_flipped","congruency":"C","trial_group":"5to10","condition":"distractor","inference_edge":"2to5,1to5,5to8","inference_edgeClickLog":"[{\"edgeSelection\":\"2to5\",\"edgeRTMS\":4987},{\"edgeSelection\":\"1to5\",\"edgeRTMS\":6782},{\"edgeSelection\":\"5to8\",\"edgeRTMS\":10541}]","inference_edgeRT":"10541","inference_edge_last":"5to8","task":"experiment","subjectId":"7w53waqjefduszb","trial_type":"external-html","trial_index":17,"time_elapsed":550397,"internal_node_id":"0.0-9.0-0.9"},{"rt":30569,"url":"../static/nodeGraphs_distractor.html","edge":"1to4","edgeRT":"4457","skip":"false","flipped":"FALSE","index":"10","edgeClickLog":"[{\"edgeSelection\":\"1to4\",\"edgeRTMS\":2158},{\"edgeSelection\":\"1to4\",\"edgeRTMS\":3417},{\"edgeSelection\":\"1to4\",\"edgeRTMS\":4028},{\"edgeSelection\":\"1to4\",\"edgeRTMS\":4457}]","trial_id":"cong_0","congruency":"C","trial_group":"10to15","condition":"distractor","inference_edge":"1to4,0to1,0to2","inference_edgeClickLog":"[{\"edgeSelection\":\"0to1\",\"edgeRTMS\":3580},{\"edgeSelection\":\"0to1\",\"edgeRTMS\":5073},{\"edgeSelection\":\"1to4\",\"edgeRTMS\":9947},{\"edgeSelection\":\"0to1\",\"edgeRTMS\":18714},{\"edgeSelection\":\"0to2\",\"edgeRTMS\":19473}]","inference_edgeRT":"19473","inference_edge_last":"0to2","task":"experiment","subjectId":"7w53waqjefduszb","trial_type":"external-html","trial_index":18,"time_elapsed":581555,"internal_node_id":"0.0-9.0-0.10"},{"rt":19502,"url":"../static/nodeGraphs_distractor.html","edge":"2to6","edgeRT":"4729","skip":"false","flipped":"FALSE","index":"11","edgeClickLog":"[{\"edgeSelection\":\"2to6\",\"edgeRTMS\":2400},{\"edgeSelection\":\"2to6\",\"edgeRTMS\":3670},{\"edgeSelection\":\"2to6\",\"edgeRTMS\":4241},{\"edgeSelection\":\"2to6\",\"edgeRTMS\":4729}]","trial_id":"cong_1","congruency":"C","trial_group":"10to15","condition":"distractor","inference_edge":"2to6,2to4,3to6","inference_edgeClickLog":"[{\"edgeSelection\":\"3to6\",\"edgeRTMS\":2822},{\"edgeSelection\":\"2to6\",\"edgeRTMS\":4001},{\"edgeSelection\":\"2to4\",\"edgeRTMS\":5328},{\"edgeSelection\":\"3to6\",\"edgeRTMS\":11022},{\"edgeSelection\":\"3to6\",\"edgeRTMS\":13347}]","inference_edgeRT":"13347","inference_edge_last":"3to6","task":"experiment","subjectId":"7w53waqjefduszb","trial_type":"external-html","trial_index":19,"time_elapsed":601650,"internal_node_id":"0.0-9.0-0.11"},{"rt":16696,"url":"../static/nodeGraphs_distractor.html","edge":"2to5","edgeRT":"2329","skip":"false","flipped":"FALSE","index":"12","edgeClickLog":"[{\"edgeSelection\":\"2to5\",\"edgeRTMS\":1848},{\"edgeSelection\":\"2to5\",\"edgeRTMS\":2329}]","trial_id":"cong_6","congruency":"C","trial_group":"10to15","condition":"distractor","inference_edge":"2to5,1to5,1to4","inference_edgeClickLog":"[{\"edgeSelection\":\"2to5\",\"edgeRTMS\":7541},{\"edgeSelection\":\"1to5\",\"edgeRTMS\":9953},{\"edgeSelection\":\"1to4\",\"edgeRTMS\":12268}]","inference_edgeRT":"12268","inference_edge_last":"1to4","task":"experiment","subjectId":"7w53waqjefduszb","trial_type":"external-html","trial_index":20,"time_elapsed":618939,"internal_node_id":"0.0-9.0-0.12"},{"rt":14617,"url":"../static/nodeGraphs_distractor.html","edge":"2to4","edgeRT":"2806","skip":"false","flipped":"FALSE","index":"13","edgeClickLog":"[{\"edgeSelection\":\"2to4\",\"edgeRTMS\":1806},{\"edgeSelection\":\"2to4\",\"edgeRTMS\":2358},{\"edgeSelection\":\"2to4\",\"edgeRTMS\":2806}]","trial_id":"cong_4","congruency":"C","trial_group":"10to15","condition":"distractor","inference_edge":"2to4,1to4,4to8","inference_edgeClickLog":"[{\"edgeSelection\":\"2to4\",\"edgeRTMS\":4312},{\"edgeSelection\":\"1to4\",\"edgeRTMS\":5798},{\"edgeSelection\":\"4to8\",\"edgeRTMS\":7187}]","inference_edgeRT":"7187","inference_edge_last":"4to8","task":"experiment","subjectId":"7w53waqjefduszb","trial_type":"external-html","trial_index":21,"time_elapsed":634152,"internal_node_id":"0.0-9.0-0.13"},{"rt":16650,"url":"../static/nodeGraphs_distractor.html","edge":"2to5","edgeRT":"2413","skip":"false","flipped":"FALSE","index":"14","edgeClickLog":"[{\"edgeSelection\":\"2to5\",\"edgeRTMS\":1596},{\"edgeSelection\":\"2to5\",\"edgeRTMS\":2413}]","trial_id":"cong_9","congruency":"C","trial_group":"10to15","condition":"distractor","inference_edge":"2to5,5to8,5to9","inference_edgeClickLog":"[{\"edgeSelection\":\"2to5\",\"edgeRTMS\":7735},{\"edgeSelection\":\"5to8\",\"edgeRTMS\":9193},{\"edgeSelection\":\"5to9\",\"edgeRTMS\":11082}]","inference_edgeRT":"11082","inference_edge_last":"5to9","task":"experiment","subjectId":"7w53waqjefduszb","trial_type":"external-html","trial_index":22,"time_elapsed":651397,"internal_node_id":"0.0-9.0-0.14"},{"rt":46521,"url":"../static/nodeGraphs_distractor.html","edge":"0to1","edgeRT":"33477","skip":"false","flipped":"FALSE","index":"15","edgeClickLog":"[{\"edgeSelection\":\"0to1\",\"edgeRTMS\":33477}]","trial_id":"test_0","congruency":"I","trial_group":"15to20","condition":"distractor","inference_edge":"2to5,5to8,5to9","inference_edgeClickLog":"[{\"edgeSelection\":\"2to5\",\"edgeRTMS\":7735},{\"edgeSelection\":\"5to8\",\"edgeRTMS\":9193},{\"edgeSelection\":\"5to9\",\"edgeRTMS\":11082}]","inference_edgeRT":"11082","inference_edge_last":"","task":"experiment","subjectId":"7w53waqjefduszb","trial_type":"external-html","trial_index":23,"time_elapsed":698510,"internal_node_id":"0.0-9.0-0.15"},{"rt":12382,"url":"../static/nodeGraphs_distractor.html","edge":"0to3","edgeRT":"8932","skip":"false","flipped":"FALSE","index":"16","edgeClickLog":"[{\"edgeSelection\":\"0to3\",\"edgeRTMS\":8932}]","trial_id":"test_1","congruency":"I","trial_group":"15to20","condition":"distractor","inference_edge":"2to5,5to8,5to9","inference_edgeClickLog":"[{\"edgeSelection\":\"2to5\",\"edgeRTMS\":7735},{\"edgeSelection\":\"5to8\",\"edgeRTMS\":9193},{\"edgeSelection\":\"5to9\",\"edgeRTMS\":11082}]","inference_edgeRT":"11082","inference_edge_last":"","task":"experiment","subjectId":"7w53waqjefduszb","trial_type":"external-html","trial_index":24,"time_elapsed":711483,"internal_node_id":"0.0-9.0-0.16"},{"rt":11058,"url":"../static/nodeGraphs_distractor.html","edge":"0to3","edgeRT":"8150","skip":"false","flipped":"FALSE","index":"17","edgeClickLog":"[{\"edgeSelection\":\"0to3\",\"edgeRTMS\":7467},{\"edgeSelection\":\"0to3\",\"edgeRTMS\":8150}]","trial_id":"test_2","congruency":"I","trial_group":"15to20","condition":"distractor","inference_edge":"2to5,5to8,5to9","inference_edgeClickLog":"[{\"edgeSelection\":\"2to5\",\"edgeRTMS\":7735},{\"edgeSelection\":\"5to8\",\"edgeRTMS\":9193},{\"edgeSelection\":\"5to9\",\"edgeRTMS\":11082}]","inference_edgeRT":"11082","inference_edge_last":"","task":"experiment","subjectId":"7w53waqjefduszb","trial_type":"external-html","trial_index":25,"time_elapsed":723134,"internal_node_id":"0.0-9.0-0.17"},{"rt":16076,"url":"../static/nodeGraphs_distractor.html","edge":"0to1","edgeRT":"8936","skip":"false","flipped":"FALSE","index":"18","edgeClickLog":"[{\"edgeSelection\":\"0to1\",\"edgeRTMS\":7600},{\"edgeSelection\":\"0to1\",\"edgeRTMS\":8018},{\"edgeSelection\":\"0to1\",\"edgeRTMS\":8417},{\"edgeSelection\":\"0to1\",\"edgeRTMS\":8936}]","trial_id":"test_3","congruency":"I","trial_group":"15to20","condition":"distractor","inference_edge":"2to5,5to8,5to9","inference_edgeClickLog":"[{\"edgeSelection\":\"2to5\",\"edgeRTMS\":7735},{\"edgeSelection\":\"5to8\",\"edgeRTMS\":9193},{\"edgeSelection\":\"5to9\",\"edgeRTMS\":11082}]","inference_edgeRT":"11082","inference_edge_last":"","task":"experiment","subjectId":"7w53waqjefduszb","trial_type":"external-html","trial_index":26,"time_elapsed":739804,"internal_node_id":"0.0-9.0-0.18"},{"rt":40310,"url":"../static/nodeGraphs_distractor.html","edge":"6to9","edgeRT":"39973","skip":"false","flipped":"FALSE","index":"19","edgeClickLog":"[{\"edgeSelection\":\"6to9\",\"edgeRTMS\":37623},{\"edgeSelection\":\"6to9\",\"edgeRTMS\":38955},{\"edgeSelection\":\"6to9\",\"edgeRTMS\":39434},{\"edgeSelection\":\"6to9\",\"edgeRTMS\":39973}]","trial_id":"test_4","congruency":"I","trial_group":"15to20","condition":"distractor","inference_edge":"2to5,5to8,5to9","inference_edgeClickLog":"[{\"edgeSelection\":\"2to5\",\"edgeRTMS\":7735},{\"edgeSelection\":\"5to8\",\"edgeRTMS\":9193},{\"edgeSelection\":\"5to9\",\"edgeRTMS\":11082}]","inference_edgeRT":"11082","inference_edge_last":"","task":"experiment","subjectId":"7w53waqjefduszb","trial_type":"external-html","trial_index":27,"time_elapsed":780706,"internal_node_id":"0.0-9.0-0.19"},{"rt":72113,"response":{"P0_Q0":null,"P0_Q1":6,"P0_Q2":4,"P0_Q3":5,"P0_Q4":5,"P0_Q5":5,"strategies":"Focused on the red 3 point nodes and how to get to them","feedback":"I'm not sure I entirely understood the part where you select three high scoring nodes, should force participants to practice that part more."},"accuracy":[],"trial_type":"survey","trial_index":28,"time_elapsed":853365,"internal_node_id":"0.0-10.0"},{"rt":4591,"stimulus":"<p>Thanks for your time!</p>        <p>We need to manually calculate your bonus pay, please give us up to 7 days.</p><p>Press any key to conclude.</p>","response":" ","task":"end","subjectId":"7w53waqjefduszb","trial_type":"html-keyboard-response","trial_index":29,"time_elapsed":857958,"internal_node_id":"0.0-11.0","interactions":"[{\"event\":\"fullscreenenter\",\"trial\":1,\"time\":1931}]"}]