[{"success":true,"timeout":false,"failed_images":[],"failed_audio":[],"failed_video":[],"trial_type":"preload","trial_index":0,"time_elapsed":739,"internal_node_id":"0.0-0.0"},{"success":true,"trial_type":"fullscreen","trial_index":1,"time_elapsed":3312,"internal_node_id":"0.0-1.0"},{"rt":1597,"stimulus":"Welcome to the experiment. Press any key to begin.","response":" ","trial_type":"html-keyboard-response","trial_index":2,"time_elapsed":4911,"internal_node_id":"0.0-2.0"},{"view_history":[{"page_index":0,"viewing_time":3342},{"page_index":1,"viewing_time":3601},{"page_index":2,"viewing_time":13168},{"page_index":3,"viewing_time":6485},{"page_index":4,"viewing_time":902},{"page_index":5,"viewing_time":713},{"page_index":6,"viewing_time":3906},{"page_index":7,"viewing_time":8151},{"page_index":8,"viewing_time":22829},{"page_index":9,"viewing_time":9221},{"page_index":10,"viewing_time":1189},{"page_index":11,"viewing_time":958},{"page_index":12,"viewing_time":471},{"page_index":13,"viewing_time":957},{"page_index":14,"viewing_time":2697},{"page_index":15,"viewing_time":4895},{"page_index":16,"viewing_time":2382},{"page_index":17,"viewing_time":2261},{"page_index":18,"viewing_time":1366},{"page_index":19,"viewing_time":6334},{"page_index":20,"viewing_time":14859},{"page_index":21,"viewing_time":3075}],"rt":113763,"trial_type":"instructions","trial_index":3,"time_elapsed":118675,"internal_node_id":"0.0-3.0"},{"rt":300521,"url":"../static/nodeGraphsTraining_scaffolding.html","skip":[],"edgeClickLog":[],"inference_edge":[],"inference_edgeClickLog":[],"trial_type":"external-html","trial_index":4,"time_elapsed":419391,"internal_node_id":"0.0-4.0"},{"rt":21945,"response":{"q1":"The goal is to help the student to get the most points.","q2":"False","q3":"Possible edges you, as the teacher, can choose to teach the learner.","q4":"Edges that the student took before."},"question_order":[0,1,2,3],"trial_type":"survey-multi-choice","trial_index":5,"time_elapsed":441340,"internal_node_id":"0.0-5.0"},{"rt":2986,"stimulus":"<p>You can take a 60 second break before starting the experiment.</p><br><br><p>This page will advance in 60 seconds or you can press any key to advance now.</p>","response":" ","trial_type":"html-keyboard-response","trial_index":6,"time_elapsed":444329,"internal_node_id":"0.0-7.0"},{"view_history":[{"page_index":0,"viewing_time":21714}],"rt":21715,"trial_type":"instructions","trial_index":7,"time_elapsed":466054,"internal_node_id":"0.0-8.0"},{"rt":46181,"url":"../static/nodeGraphs_scaffolding.html","edge":"1to4","edgeRT":"7696","skip":"false","flipped":"FALSE","index":"0","edgeClickLog":"[{\"edgeSelection\":\"1to4\",\"edgeRTMS\":7696}]","trial_id":"cong_0","congruency":"C","trial_group":"1to5","condition":"scaffolding","inference_edge":"1to4,5to7,5to8","inference_edgeClickLog":"[{\"edgeSelection\":\"1to4\",\"edgeRTMS\":13914},{\"edgeSelection\":\"5to7\",\"edgeRTMS\":23620},{\"edgeSelection\":\"5to8\",\"edgeRTMS\":36760}]","inference_edgeRT":"36760","inference_edge_last":"5to8","task":"experiment","subjectId":"whwdzhmsq2x5on0","trial_type":"external-html","trial_index":8,"time_elapsed":512407,"internal_node_id":"0.0-9.0-0.0"},{"rt":20348,"url":"../static/nodeGraphs_scaffolding.html","edge":"2to6","edgeRT":"5115","skip":"false","flipped":"FALSE","index":"1","edgeClickLog":"[{\"edgeSelection\":\"2to6\",\"edgeRTMS\":5115}]","trial_id":"cong_1","congruency":"C","trial_group":"1to5","condition":"scaffolding","inference_edge":"2to4,2to6,5to7","inference_edgeClickLog":"[{\"edgeSelection\":\"2to4\",\"edgeRTMS\":10881},{\"edgeSelection\":\"2to6\",\"edgeRTMS\":11700},{\"edgeSelection\":\"5to7\",\"edgeRTMS\":14055}]","inference_edgeRT":"14055","inference_edge_last":"5to7","task":"experiment","subjectId":"whwdzhmsq2x5on0","trial_type":"external-html","trial_index":9,"time_elapsed":533439,"internal_node_id":"0.0-9.0-0.1"},{"rt":54270,"url":"../static/nodeGraphs_scaffolding.html","edge":"2to5","edgeRT":"5526","skip":"false","flipped":"FALSE","index":"2","edgeClickLog":"[{\"edgeSelection\":\"2to5\",\"edgeRTMS\":5526}]","trial_id":"cong_6","congruency":"C","trial_group":"1to5","condition":"scaffolding","inference_edge":"4to7,2to5,5to7","inference_edgeClickLog":"[{\"edgeSelection\":\"4to7\",\"edgeRTMS\":13177},{\"edgeSelection\":\"2to5\",\"edgeRTMS\":39002},{\"edgeSelection\":\"5to7\",\"edgeRTMS\":48065}]","inference_edgeRT":"48065","inference_edge_last":"5to7","task":"experiment","subjectId":"whwdzhmsq2x5on0","trial_type":"external-html","trial_index":10,"time_elapsed":588402,"internal_node_id":"0.0-9.0-0.2"},{"rt":26619,"url":"../static/nodeGraphs_scaffolding.html","edge":"2to4","edgeRT":"3658","skip":"false","flipped":"FALSE","index":"3","edgeClickLog":"[{\"edgeSelection\":\"2to4\",\"edgeRTMS\":3658}]","trial_id":"cong_4","congruency":"C","trial_group":"1to5","condition":"scaffolding","inference_edge":"2to4,5to8,4to8","inference_edgeClickLog":"[{\"edgeSelection\":\"2to4\",\"edgeRTMS\":7623},{\"edgeSelection\":\"5to8\",\"edgeRTMS\":19912},{\"edgeSelection\":\"4to8\",\"edgeRTMS\":21551}]","inference_edgeRT":"21551","inference_edge_last":"4to8","task":"experiment","subjectId":"whwdzhmsq2x5on0","trial_type":"external-html","trial_index":11,"time_elapsed":615722,"internal_node_id":"0.0-9.0-0.3"},{"rt":41459,"url":"../static/nodeGraphs_scaffolding.html","edge":"2to5","edgeRT":"2847","skip":"false","flipped":"FALSE","index":"4","edgeClickLog":"[{\"edgeSelection\":\"2to5\",\"edgeRTMS\":2847}]","trial_id":"cong_9","congruency":"C","trial_group":"1to5","condition":"scaffolding","inference_edge":"2to5,6to8,5to7","inference_edgeClickLog":"[{\"edgeSelection\":\"2to5\",\"edgeRTMS\":12601},{\"edgeSelection\":\"6to8\",\"edgeRTMS\":25814},{\"edgeSelection\":\"5to7\",\"edgeRTMS\":37418}]","inference_edgeRT":"37418","inference_edge_last":"5to7","task":"experiment","subjectId":"whwdzhmsq2x5on0","trial_type":"external-html","trial_index":12,"time_elapsed":657840,"internal_node_id":"0.0-9.0-0.4"},{"rt":18321,"url":"../static/nodeGraphs_scaffolding.html","edge":"3to6","edgeRT":"4568","skip":"false","flipped":"TRUE","index":"5","edgeClickLog":"[{\"edgeSelection\":\"3to6\",\"edgeRTMS\":4568}]","trial_id":"cong_0_flipped","congruency":"C","trial_group":"5to10","condition":"scaffolding","inference_edge":"3to6,5to8,5to9","inference_edgeClickLog":"[{\"edgeSelection\":\"3to6\",\"edgeRTMS\":5917},{\"edgeSelection\":\"5to8\",\"edgeRTMS\":10313},{\"edgeSelection\":\"5to9\",\"edgeRTMS\":11196}]","inference_edgeRT":"11196","inference_edge_last":"5to9","task":"experiment","subjectId":"whwdzhmsq2x5on0","trial_type":"external-html","trial_index":13,"time_elapsed":676777,"internal_node_id":"0.0-9.0-0.5"},{"rt":26996,"url":"../static/nodeGraphs_scaffolding.html","edge":"2to4","edgeRT":"5048","skip":"false","flipped":"TRUE","index":"6","edgeClickLog":"[{\"edgeSelection\":\"2to4\",\"edgeRTMS\":5048}]","trial_id":"cong_1_flipped","congruency":"C","trial_group":"5to10","condition":"scaffolding","inference_edge":"2to4,2to6,5to9","inference_edgeClickLog":"[{\"edgeSelection\":\"2to4\",\"edgeRTMS\":7095},{\"edgeSelection\":\"2to6\",\"edgeRTMS\":8377},{\"edgeSelection\":\"5to9\",\"edgeRTMS\":20845}]","inference_edgeRT":"20845","inference_edge_last":"5to9","task":"experiment","subjectId":"whwdzhmsq2x5on0","trial_type":"external-html","trial_index":14,"time_elapsed":704385,"internal_node_id":"0.0-9.0-0.6"},{"rt":23143,"url":"../static/nodeGraphs_scaffolding.html","edge":"2to5","edgeRT":"4286","skip":"false","flipped":"TRUE","index":"7","edgeClickLog":"[{\"edgeSelection\":\"2to5\",\"edgeRTMS\":4286}]","trial_id":"cong_6_flipped","congruency":"C","trial_group":"5to10","condition":"scaffolding","inference_edge":"2to5,6to9,5to7","inference_edgeClickLog":"[{\"edgeSelection\":\"2to5\",\"edgeRTMS\":9492},{\"edgeSelection\":\"6to9\",\"edgeRTMS\":12730},{\"edgeSelection\":\"5to7\",\"edgeRTMS\":17500}]","inference_edgeRT":"17500","inference_edge_last":"5to7","task":"experiment","subjectId":"whwdzhmsq2x5on0","trial_type":"external-html","trial_index":15,"time_elapsed":728129,"internal_node_id":"0.0-9.0-0.7"},{"rt":20519,"url":"../static/nodeGraphs_scaffolding.html","edge":"2to6","edgeRT":"4656","skip":"false","flipped":"TRUE","index":"8","edgeClickLog":"[{\"edgeSelection\":\"2to6\",\"edgeRTMS\":4656}]","trial_id":"cong_4_flipped","congruency":"C","trial_group":"5to10","condition":"scaffolding","inference_edge":"2to6,5to8,6to8","inference_edgeClickLog":"[{\"edgeSelection\":\"2to6\",\"edgeRTMS\":6704},{\"edgeSelection\":\"5to8\",\"edgeRTMS\":12797},{\"edgeSelection\":\"6to8\",\"edgeRTMS\":14273}]","inference_edgeRT":"14273","inference_edge_last":"6to8","task":"experiment","subjectId":"whwdzhmsq2x5on0","trial_type":"external-html","trial_index":16,"time_elapsed":749337,"internal_node_id":"0.0-9.0-0.8"},{"rt":17287,"url":"../static/nodeGraphs_scaffolding.html","edge":"2to5","edgeRT":"2924","skip":"false","flipped":"TRUE","index":"9","edgeClickLog":"[{\"edgeSelection\":\"2to5\",\"edgeRTMS\":2924}]","trial_id":"cong_9_flipped","congruency":"C","trial_group":"5to10","condition":"scaffolding","inference_edge":"2to5,5to7,5to8","inference_edgeClickLog":"[{\"edgeSelection\":\"2to5\",\"edgeRTMS\":6499},{\"edgeSelection\":\"5to7\",\"edgeRTMS\":12030},{\"edgeSelection\":\"5to8\",\"edgeRTMS\":12673}]","inference_edgeRT":"12673","inference_edge_last":"5to8","task":"experiment","subjectId":"whwdzhmsq2x5on0","trial_type":"external-html","trial_index":17,"time_elapsed":767298,"internal_node_id":"0.0-9.0-0.9"},{"rt":29498,"url":"../static/nodeGraphs_scaffolding.html","edge":"1to4","edgeRT":"5112","skip":"false","flipped":"FALSE","index":"10","edgeClickLog":"[{\"edgeSelection\":\"1to4\",\"edgeRTMS\":5112}]","trial_id":"cong_0","congruency":"C","trial_group":"10to15","condition":"scaffolding","inference_edge":"1to4,5to8,4to8","inference_edgeClickLog":"[{\"edgeSelection\":\"1to4\",\"edgeRTMS\":10359},{\"edgeSelection\":\"5to8\",\"edgeRTMS\":19885},{\"edgeSelection\":\"4to8\",\"edgeRTMS\":22563}]","inference_edgeRT":"22563","inference_edge_last":"4to8","task":"experiment","subjectId":"whwdzhmsq2x5on0","trial_type":"external-html","trial_index":18,"time_elapsed":797551,"internal_node_id":"0.0-9.0-0.10"},{"rt":20982,"url":"../static/nodeGraphs_scaffolding.html","edge":"2to6","edgeRT":"6607","skip":"false","flipped":"FALSE","index":"11","edgeClickLog":"[{\"edgeSelection\":\"2to6\",\"edgeRTMS\":6607}]","trial_id":"cong_1","congruency":"C","trial_group":"10to15","condition":"scaffolding","inference_edge":"2to6,2to4,5to7","inference_edgeClickLog":"[{\"edgeSelection\":\"2to6\",\"edgeRTMS\":8062},{\"edgeSelection\":\"2to4\",\"edgeRTMS\":8913},{\"edgeSelection\":\"5to7\",\"edgeRTMS\":13211}]","inference_edgeRT":"13211","inference_edge_last":"5to7","task":"experiment","subjectId":"whwdzhmsq2x5on0","trial_type":"external-html","trial_index":19,"time_elapsed":819203,"internal_node_id":"0.0-9.0-0.11"},{"rt":43041,"url":"../static/nodeGraphs_scaffolding.html","edge":"2to5","edgeRT":"3741","skip":"false","flipped":"FALSE","index":"12","edgeClickLog":"[{\"edgeSelection\":\"2to5\",\"edgeRTMS\":3741}]","trial_id":"cong_6","congruency":"C","trial_group":"10to15","condition":"scaffolding","inference_edge":"2to5,4to7,1to5","inference_edgeClickLog":"[{\"edgeSelection\":\"2to5\",\"edgeRTMS\":26093},{\"edgeSelection\":\"4to7\",\"edgeRTMS\":30703},{\"edgeSelection\":\"1to5\",\"edgeRTMS\":38098}]","inference_edgeRT":"38098","inference_edge_last":"1to5","task":"experiment","subjectId":"whwdzhmsq2x5on0","trial_type":"external-html","trial_index":20,"time_elapsed":862921,"internal_node_id":"0.0-9.0-0.12"},{"rt":18023,"url":"../static/nodeGraphs_scaffolding.html","edge":"2to4","edgeRT":"5203","skip":"false","flipped":"FALSE","index":"13","edgeClickLog":"[{\"edgeSelection\":\"2to4\",\"edgeRTMS\":5203}]","trial_id":"cong_4","congruency":"C","trial_group":"10to15","condition":"scaffolding","inference_edge":"2to4,5to8,4to8","inference_edgeClickLog":"[{\"edgeSelection\":\"2to4\",\"edgeRTMS\":6048},{\"edgeSelection\":\"5to8\",\"edgeRTMS\":8264},{\"edgeSelection\":\"4to8\",\"edgeRTMS\":10903}]","inference_edgeRT":"10903","inference_edge_last":"4to8","task":"experiment","subjectId":"whwdzhmsq2x5on0","trial_type":"external-html","trial_index":21,"time_elapsed":881630,"internal_node_id":"0.0-9.0-0.13"},{"rt":20787,"url":"../static/nodeGraphs_scaffolding.html","edge":"2to5","edgeRT":"4516","skip":"false","flipped":"FALSE","index":"14","edgeClickLog":"[{\"edgeSelection\":\"2to5\",\"edgeRTMS\":4516}]","trial_id":"cong_9","congruency":"C","trial_group":"10to15","condition":"scaffolding","inference_edge":"2to5,5to8,6to8","inference_edgeClickLog":"[{\"edgeSelection\":\"2to5\",\"edgeRTMS\":6737},{\"edgeSelection\":\"5to8\",\"edgeRTMS\":9739},{\"edgeSelection\":\"6to8\",\"edgeRTMS\":15585}]","inference_edgeRT":"15585","inference_edge_last":"6to8","task":"experiment","subjectId":"whwdzhmsq2x5on0","trial_type":"external-html","trial_index":22,"time_elapsed":903124,"internal_node_id":"0.0-9.0-0.14"},{"rt":41427,"url":"../static/nodeGraphs_scaffolding.html","edge":"5to8","edgeRT":"28186","skip":"false","flipped":"FALSE","index":"15","edgeClickLog":"[{\"edgeSelection\":\"5to8\",\"edgeRTMS\":28186}]","trial_id":"test_0","congruency":"I","trial_group":"15to20","condition":"scaffolding","inference_edge":"2to5,5to8,6to8","inference_edgeClickLog":"[{\"edgeSelection\":\"2to5\",\"edgeRTMS\":6737},{\"edgeSelection\":\"5to8\",\"edgeRTMS\":9739},{\"edgeSelection\":\"6to8\",\"edgeRTMS\":15585}]","inference_edgeRT":"15585","inference_edge_last":"","task":"experiment","subjectId":"whwdzhmsq2x5on0","trial_type":"external-html","trial_index":23,"time_elapsed":945252,"internal_node_id":"0.0-9.0-0.15"},{"rt":13596,"url":"../static/nodeGraphs_scaffolding.html","edge":"4to7","edgeRT":"12035","skip":"false","flipped":"FALSE","index":"16","edgeClickLog":"[{\"edgeSelection\":\"4to7\",\"edgeRTMS\":12035}]","trial_id":"test_1","congruency":"I","trial_group":"15to20","condition":"scaffolding","inference_edge":"2to5,5to8,6to8","inference_edgeClickLog":"[{\"edgeSelection\":\"2to5\",\"edgeRTMS\":6737},{\"edgeSelection\":\"5to8\",\"edgeRTMS\":9739},{\"edgeSelection\":\"6to8\",\"edgeRTMS\":15585}]","inference_edgeRT":"15585","inference_edge_last":"","task":"experiment","subjectId":"whwdzhmsq2x5on0","trial_type":"external-html","trial_index":24,"time_elapsed":959536,"internal_node_id":"0.0-9.0-0.16"},{"rt":7402,"url":"../static/nodeGraphs_scaffolding.html","edge":"6to8","edgeRT":"6150","skip":"false","flipped":"FALSE","index":"17","edgeClickLog":"[{\"edgeSelection\":\"6to8\",\"edgeRTMS\":6150}]","trial_id":"test_2","congruency":"I","trial_group":"15to20","condition":"scaffolding","inference_edge":"2to5,5to8,6to8","inference_edgeClickLog":"[{\"edgeSelection\":\"2to5\",\"edgeRTMS\":6737},{\"edgeSelection\":\"5to8\",\"edgeRTMS\":9739},{\"edgeSelection\":\"6to8\",\"edgeRTMS\":15585}]","inference_edgeRT":"15585","inference_edge_last":"","task":"experiment","subjectId":"whwdzhmsq2x5on0","trial_type":"external-html","trial_index":25,"time_elapsed":967628,"internal_node_id":"0.0-9.0-0.17"},{"rt":10117,"url":"../static/nodeGraphs_scaffolding.html","edge":"0to1","edgeRT":"7176","skip":"false","flipped":"FALSE","index":"18","edgeClickLog":"[{\"edgeSelection\":\"0to1\",\"edgeRTMS\":7176}]","trial_id":"test_3","congruency":"I","trial_group":"15to20","condition":"scaffolding","inference_edge":"2to5,5to8,6to8","inference_edgeClickLog":"[{\"edgeSelection\":\"2to5\",\"edgeRTMS\":6737},{\"edgeSelection\":\"5to8\",\"edgeRTMS\":9739},{\"edgeSelection\":\"6to8\",\"edgeRTMS\":15585}]","inference_edgeRT":"15585","inference_edge_last":"","task":"experiment","subjectId":"whwdzhmsq2x5on0","trial_type":"external-html","trial_index":26,"time_elapsed":978451,"internal_node_id":"0.0-9.0-0.18"},{"rt":19085,"url":"../static/nodeGraphs_scaffolding.html","edge":"5to9","edgeRT":"18619","skip":"false","flipped":"FALSE","index":"19","edgeClickLog":"[{\"edgeSelection\":\"5to9\",\"edgeRTMS\":18619}]","trial_id":"test_4","congruency":"I","trial_group":"15to20","condition":"scaffolding","inference_edge":"2to5,5to8,6to8","inference_edgeClickLog":"[{\"edgeSelection\":\"2to5\",\"edgeRTMS\":6737},{\"edgeSelection\":\"5to8\",\"edgeRTMS\":9739},{\"edgeSelection\":\"6to8\",\"edgeRTMS\":15585}]","inference_edgeRT":"15585","inference_edge_last":"","task":"experiment","subjectId":"whwdzhmsq2x5on0","trial_type":"external-html","trial_index":27,"time_elapsed":998213,"internal_node_id":"0.0-9.0-0.19"},{"rt":25028,"response":{"P0_Q0":null,"P0_Q1":6,"P0_Q2":7,"P0_Q3":4,"P0_Q4":5,"P0_Q5":1,"strategies":"I just tried to maximize points","feedback":"No additional comments"},"accuracy":[],"trial_type":"survey","trial_index":28,"time_elapsed":1023825,"internal_node_id":"0.0-10.0"},{"rt":2508,"stimulus":"<p>Thanks for your time!</p>        <p>We need to manually calculate your bonus pay, please give us up to 7 days.</p><p>Press any key to conclude.</p>","response":" ","task":"end","subjectId":"whwdzhmsq2x5on0","trial_type":"html-keyboard-response","trial_index":29,"time_elapsed":1026336,"internal_node_id":"0.0-11.0","interactions":"[{\"event\":\"fullscreenenter\",\"trial\":1,\"time\":2410},{\"event\":\"blur\",\"trial\":23,\"time\":921846},{\"event\":\"focus\",\"trial\":23,\"time\":921847},{\"event\":\"fullscreenexit\",\"trial\":23,\"time\":921856}]"}]