[{"success":true,"timeout":false,"failed_images":[],"failed_audio":[],"failed_video":[],"trial_type":"preload","trial_index":0,"time_elapsed":350,"internal_node_id":"0.0-0.0"},{"success":true,"trial_type":"fullscreen","trial_index":1,"time_elapsed":2989,"internal_node_id":"0.0-1.0"},{"rt":3019,"stimulus":"Welcome to the experiment. Press any key to begin.","response":"enter","trial_type":"html-keyboard-response","trial_index":2,"time_elapsed":6009,"internal_node_id":"0.0-2.0"},{"view_history":[{"page_index":0,"viewing_time":2811},{"page_index":1,"viewing_time":4428},{"page_index":2,"viewing_time":29571},{"page_index":3,"viewing_time":6573},{"page_index":4,"viewing_time":1214},{"page_index":5,"viewing_time":872},{"page_index":6,"viewing_time":1474},{"page_index":7,"viewing_time":8334},{"page_index":8,"viewing_time":13103},{"page_index":9,"viewing_time":6726},{"page_index":10,"viewing_time":1461},{"page_index":11,"viewing_time":609},{"page_index":12,"viewing_time":427},{"page_index":13,"viewing_time":1220},{"page_index":14,"viewing_time":2266},{"page_index":15,"viewing_time":3922},{"page_index":16,"viewing_time":866},{"page_index":17,"viewing_time":566},{"page_index":18,"viewing_time":512},{"page_index":19,"viewing_time":3166},{"page_index":20,"viewing_time":2749},{"page_index":21,"viewing_time":2881}],"rt":95752,"trial_type":"instructions","trial_index":3,"time_elapsed":101762,"internal_node_id":"0.0-3.0"},{"rt":134232,"url":"../static/nodeGraphsTraining_scaffolding.html","skip":[],"edgeClickLog":[],"inference_edge":[],"inference_edgeClickLog":[],"trial_type":"external-html","trial_index":4,"time_elapsed":236157,"internal_node_id":"0.0-4.0"},{"rt":21074,"response":{"q1":"The goal is to help the student to get the most points.","q2":"False","q3":"Possible edges you, as the teacher, can choose to teach the learner.","q4":"Edges that the student took before."},"question_order":[0,1,2,3],"trial_type":"survey-multi-choice","trial_index":5,"time_elapsed":257233,"internal_node_id":"0.0-5.0"},{"rt":3308,"stimulus":"<p>You can take a 60 second break before starting the experiment.</p><br><br><p>This page will advance in 60 seconds or you can press any key to advance now.</p>","response":"enter","trial_type":"html-keyboard-response","trial_index":6,"time_elapsed":260542,"internal_node_id":"0.0-7.0"},{"view_history":[{"page_index":0,"viewing_time":9823}],"rt":9823,"trial_type":"instructions","trial_index":7,"time_elapsed":270366,"internal_node_id":"0.0-8.0"},{"rt":31038,"url":"../static/nodeGraphs_scaffolding.html","edge":"0to1","edgeRT":"13239","skip":"false","flipped":"FALSE","index":"0","edgeClickLog":"[{\"edgeSelection\":\"0to1\",\"edgeRTMS\":13239}]","trial_id":"incong_0","congruency":"I","trial_group":"1to5","condition":"scaffolding","inference_edge":"0to1,1to4,4to8","inference_edgeClickLog":"[{\"edgeSelection\":\"0to1\",\"edgeRTMS\":5248},{\"edgeSelection\":\"1to4\",\"edgeRTMS\":6643},{\"edgeSelection\":\"4to8\",\"edgeRTMS\":7861}]","inference_edgeRT":"7861","inference_edge_last":"4to8","task":"experiment","subjectId":"7loyhb2bavws57w","trial_type":"external-html","trial_index":8,"time_elapsed":301561,"internal_node_id":"0.0-9.0-0.0"},{"rt":48057,"url":"../static/nodeGraphs_scaffolding.html","edge":"3to6","edgeRT":"34590","skip":"false","flipped":"FALSE","index":"1","edgeClickLog":"[{\"edgeSelection\":\"0to2\",\"edgeRTMS\":7175},{\"edgeSelection\":\"2to4\",\"edgeRTMS\":8514},{\"edgeSelection\":\"4to8\",\"edgeRTMS\":9624},{\"edgeSelection\":\"2to4\",\"edgeRTMS\":23436},{\"edgeSelection\":\"3to6\",\"edgeRTMS\":34590}]","trial_id":"incong_5","congruency":"I","trial_group":"1to5","condition":"scaffolding","inference_edge":"0to2,2to4,4to8","inference_edgeClickLog":"[{\"edgeSelection\":\"0to2\",\"edgeRTMS\":9008},{\"edgeSelection\":\"2to4\",\"edgeRTMS\":10119},{\"edgeSelection\":\"4to8\",\"edgeRTMS\":11436}]","inference_edgeRT":"11436","inference_edge_last":"4to8","task":"experiment","subjectId":"7loyhb2bavws57w","trial_type":"external-html","trial_index":9,"time_elapsed":350282,"internal_node_id":"0.0-9.0-0.1"},{"rt":23170,"url":"../static/nodeGraphs_scaffolding.html","edge":"0to2","edgeRT":"3085","skip":"false","flipped":"FALSE","index":"2","edgeClickLog":"[{\"edgeSelection\":\"0to2\",\"edgeRTMS\":3085}]","trial_id":"incong_3","congruency":"I","trial_group":"1to5","condition":"scaffolding","inference_edge":"0to2,2to6,5to7","inference_edgeClickLog":"[{\"edgeSelection\":\"0to2\",\"edgeRTMS\":4792},{\"edgeSelection\":\"2to6\",\"edgeRTMS\":6410},{\"edgeSelection\":\"5to7\",\"edgeRTMS\":13921}]","inference_edgeRT":"13921","inference_edge_last":"5to7","task":"experiment","subjectId":"7loyhb2bavws57w","trial_type":"external-html","trial_index":10,"time_elapsed":374116,"internal_node_id":"0.0-9.0-0.2"},{"rt":19850,"url":"../static/nodeGraphs_scaffolding.html","edge":"5to8","edgeRT":"10202","skip":"false","flipped":"FALSE","index":"3","edgeClickLog":"[{\"edgeSelection\":\"5to8\",\"edgeRTMS\":10202}]","trial_id":"incong_10","congruency":"I","trial_group":"1to5","condition":"scaffolding","inference_edge":"0to2,2to4,4to8","inference_edgeClickLog":"[{\"edgeSelection\":\"0to2\",\"edgeRTMS\":5338},{\"edgeSelection\":\"2to4\",\"edgeRTMS\":6512},{\"edgeSelection\":\"4to8\",\"edgeRTMS\":7650}]","inference_edgeRT":"7650","inference_edge_last":"4to8","task":"experiment","subjectId":"7loyhb2bavws57w","trial_type":"external-html","trial_index":11,"time_elapsed":394630,"internal_node_id":"0.0-9.0-0.3"},{"rt":21055,"url":"../static/nodeGraphs_scaffolding.html","edge":"3to6","edgeRT":"8589","skip":"false","flipped":"FALSE","index":"4","edgeClickLog":"[{\"edgeSelection\":\"3to6\",\"edgeRTMS\":8589}]","trial_id":"incong_2","congruency":"I","trial_group":"1to5","condition":"scaffolding","inference_edge":"0to1,1to4,4to8","inference_edgeClickLog":"[{\"edgeSelection\":\"0to1\",\"edgeRTMS\":6206},{\"edgeSelection\":\"1to4\",\"edgeRTMS\":7332},{\"edgeSelection\":\"4to8\",\"edgeRTMS\":8513}]","inference_edgeRT":"8513","inference_edge_last":"4to8","task":"experiment","subjectId":"7loyhb2bavws57w","trial_type":"external-html","trial_index":12,"time_elapsed":416342,"internal_node_id":"0.0-9.0-0.4"},{"rt":24785,"url":"../static/nodeGraphs_scaffolding.html","edge":"4to8","edgeRT":"8464","skip":"false","flipped":"TRUE","index":"5","edgeClickLog":"[{\"edgeSelection\":\"4to8\",\"edgeRTMS\":8464}]","trial_id":"incong_0_flipped","congruency":"I","trial_group":"5to10","condition":"scaffolding","inference_edge":"0to3,3to6,6to9","inference_edgeClickLog":"[{\"edgeSelection\":\"0to3\",\"edgeRTMS\":12395},{\"edgeSelection\":\"3to6\",\"edgeRTMS\":13253},{\"edgeSelection\":\"6to9\",\"edgeRTMS\":13986}]","inference_edgeRT":"13986","inference_edge_last":"6to9","task":"experiment","subjectId":"7loyhb2bavws57w","trial_type":"external-html","trial_index":13,"time_elapsed":441790,"internal_node_id":"0.0-9.0-0.5"},{"rt":16981,"url":"../static/nodeGraphs_scaffolding.html","edge":"1to4","edgeRT":"3525","skip":"false","flipped":"TRUE","index":"6","edgeClickLog":"[{\"edgeSelection\":\"1to4\",\"edgeRTMS\":3525}]","trial_id":"incong_5_flipped","congruency":"I","trial_group":"5to10","condition":"scaffolding","inference_edge":"0to2,2to6,6to8","inference_edgeClickLog":"[{\"edgeSelection\":\"0to2\",\"edgeRTMS\":10194},{\"edgeSelection\":\"2to6\",\"edgeRTMS\":11392},{\"edgeSelection\":\"6to8\",\"edgeRTMS\":12313}]","inference_edgeRT":"12313","inference_edge_last":"6to8","task":"experiment","subjectId":"7loyhb2bavws57w","trial_type":"external-html","trial_index":14,"time_elapsed":459434,"internal_node_id":"0.0-9.0-0.6"},{"rt":17448,"url":"../static/nodeGraphs_scaffolding.html","edge":"5to9","edgeRT":"4389","skip":"false","flipped":"TRUE","index":"7","edgeClickLog":"[{\"edgeSelection\":\"5to9\",\"edgeRTMS\":4389}]","trial_id":"incong_3_flipped","congruency":"I","trial_group":"5to10","condition":"scaffolding","inference_edge":"0to2,2to4,4to8","inference_edgeClickLog":"[{\"edgeSelection\":\"0to2\",\"edgeRTMS\":3460},{\"edgeSelection\":\"2to4\",\"edgeRTMS\":4937},{\"edgeSelection\":\"4to8\",\"edgeRTMS\":8972}]","inference_edgeRT":"8972","inference_edge_last":"4to8","task":"experiment","subjectId":"7loyhb2bavws57w","trial_type":"external-html","trial_index":15,"time_elapsed":477548,"internal_node_id":"0.0-9.0-0.7"},{"rt":18876,"url":"../static/nodeGraphs_scaffolding.html","edge":"1to4","edgeRT":"7726","skip":"false","flipped":"TRUE","index":"8","edgeClickLog":"[{\"edgeSelection\":\"1to4\",\"edgeRTMS\":7726}]","trial_id":"incong_10_flipped","congruency":"I","trial_group":"5to10","condition":"scaffolding","inference_edge":"0to2,2to6,6to8","inference_edgeClickLog":"[{\"edgeSelection\":\"0to2\",\"edgeRTMS\":6801},{\"edgeSelection\":\"2to6\",\"edgeRTMS\":7930},{\"edgeSelection\":\"6to8\",\"edgeRTMS\":9325}]","inference_edgeRT":"9325","inference_edge_last":"6to8","task":"experiment","subjectId":"7loyhb2bavws57w","trial_type":"external-html","trial_index":16,"time_elapsed":497086,"internal_node_id":"0.0-9.0-0.8"},{"rt":21614,"url":"../static/nodeGraphs_scaffolding.html","edge":"0to2","edgeRT":"6609","skip":"false","flipped":"TRUE","index":"9","edgeClickLog":"[{\"edgeSelection\":\"0to2\",\"edgeRTMS\":6609}]","trial_id":"incong_2_flipped","congruency":"I","trial_group":"5to10","condition":"scaffolding","inference_edge":"0to3,3to6,6to8","inference_edgeClickLog":"[{\"edgeSelection\":\"0to3\",\"edgeRTMS\":7216},{\"edgeSelection\":\"3to6\",\"edgeRTMS\":8944},{\"edgeSelection\":\"6to8\",\"edgeRTMS\":10024}]","inference_edgeRT":"10024","inference_edge_last":"6to8","task":"experiment","subjectId":"7loyhb2bavws57w","trial_type":"external-html","trial_index":17,"time_elapsed":519363,"internal_node_id":"0.0-9.0-0.9"},{"rt":17090,"url":"../static/nodeGraphs_scaffolding.html","edge":"6to8","edgeRT":"5305","skip":"false","flipped":"FALSE","index":"10","edgeClickLog":"[{\"edgeSelection\":\"6to8\",\"edgeRTMS\":3332},{\"edgeSelection\":\"6to8\",\"edgeRTMS\":5305}]","trial_id":"incong_0","congruency":"I","trial_group":"10to15","condition":"scaffolding","inference_edge":"0to1,1to4,4to8","inference_edgeClickLog":"[{\"edgeSelection\":\"0to1\",\"edgeRTMS\":7385},{\"edgeSelection\":\"1to4\",\"edgeRTMS\":8848},{\"edgeSelection\":\"4to8\",\"edgeRTMS\":10257}]","inference_edgeRT":"10257","inference_edge_last":"4to8","task":"experiment","subjectId":"7loyhb2bavws57w","trial_type":"external-html","trial_index":18,"time_elapsed":537116,"internal_node_id":"0.0-9.0-0.10"},{"rt":17675,"url":"../static/nodeGraphs_scaffolding.html","edge":"3to6","edgeRT":"3815","skip":"false","flipped":"FALSE","index":"11","edgeClickLog":"[{\"edgeSelection\":\"3to6\",\"edgeRTMS\":3815}]","trial_id":"incong_5","congruency":"I","trial_group":"10to15","condition":"scaffolding","inference_edge":"0to2,2to4,4to8","inference_edgeClickLog":"[{\"edgeSelection\":\"0to2\",\"edgeRTMS\":9200},{\"edgeSelection\":\"2to4\",\"edgeRTMS\":10448},{\"edgeSelection\":\"4to8\",\"edgeRTMS\":12449}]","inference_edgeRT":"12449","inference_edge_last":"4to8","task":"experiment","subjectId":"7loyhb2bavws57w","trial_type":"external-html","trial_index":19,"time_elapsed":555462,"internal_node_id":"0.0-9.0-0.11"},{"rt":14976,"url":"../static/nodeGraphs_scaffolding.html","edge":"5to7","edgeRT":"3926","skip":"false","flipped":"FALSE","index":"12","edgeClickLog":"[{\"edgeSelection\":\"5to7\",\"edgeRTMS\":3926}]","trial_id":"incong_3","congruency":"I","trial_group":"10to15","condition":"scaffolding","inference_edge":"0to2,2to6,6to8","inference_edgeClickLog":"[{\"edgeSelection\":\"0to2\",\"edgeRTMS\":2919},{\"edgeSelection\":\"2to6\",\"edgeRTMS\":5550},{\"edgeSelection\":\"6to8\",\"edgeRTMS\":9373}]","inference_edgeRT":"9373","inference_edge_last":"6to8","task":"experiment","subjectId":"7loyhb2bavws57w","trial_type":"external-html","trial_index":20,"time_elapsed":571098,"internal_node_id":"0.0-9.0-0.12"},{"rt":11963,"url":"../static/nodeGraphs_scaffolding.html","edge":"3to6","edgeRT":"3440","skip":"false","flipped":"FALSE","index":"13","edgeClickLog":"[{\"edgeSelection\":\"3to6\",\"edgeRTMS\":3440}]","trial_id":"incong_10","congruency":"I","trial_group":"10to15","condition":"scaffolding","inference_edge":"0to2,2to4,4to8","inference_edgeClickLog":"[{\"edgeSelection\":\"0to2\",\"edgeRTMS\":3757},{\"edgeSelection\":\"2to4\",\"edgeRTMS\":4823},{\"edgeSelection\":\"4to8\",\"edgeRTMS\":5661}]","inference_edgeRT":"5661","inference_edge_last":"4to8","task":"experiment","subjectId":"7loyhb2bavws57w","trial_type":"external-html","trial_index":21,"time_elapsed":583716,"internal_node_id":"0.0-9.0-0.13"},{"rt":11717,"url":"../static/nodeGraphs_scaffolding.html","edge":"3to6","edgeRT":"3037","skip":"false","flipped":"FALSE","index":"14","edgeClickLog":"[{\"edgeSelection\":\"3to6\",\"edgeRTMS\":3037}]","trial_id":"incong_2","congruency":"I","trial_group":"10to15","condition":"scaffolding","inference_edge":"0to1,1to4,4to8","inference_edgeClickLog":"[{\"edgeSelection\":\"0to1\",\"edgeRTMS\":5081},{\"edgeSelection\":\"1to4\",\"edgeRTMS\":6071},{\"edgeSelection\":\"4to8\",\"edgeRTMS\":6905}]","inference_edgeRT":"6905","inference_edge_last":"4to8","task":"experiment","subjectId":"7loyhb2bavws57w","trial_type":"external-html","trial_index":22,"time_elapsed":596093,"internal_node_id":"0.0-9.0-0.14"},{"rt":22205,"url":"../static/nodeGraphs_scaffolding.html","edge":"5to8","edgeRT":"6517","skip":"false","flipped":"FALSE","index":"15","edgeClickLog":"[{\"edgeSelection\":\"5to8\",\"edgeRTMS\":6517}]","trial_id":"test_0","congruency":"I","trial_group":"15to20","condition":"scaffolding","inference_edge":"0to1,1to4,4to8","inference_edgeClickLog":"[{\"edgeSelection\":\"0to1\",\"edgeRTMS\":5081},{\"edgeSelection\":\"1to4\",\"edgeRTMS\":6071},{\"edgeSelection\":\"4to8\",\"edgeRTMS\":6905}]","inference_edgeRT":"6905","inference_edge_last":"","task":"experiment","subjectId":"7loyhb2bavws57w","trial_type":"external-html","trial_index":23,"time_elapsed":618966,"internal_node_id":"0.0-9.0-0.15"},{"rt":13775,"url":"../static/nodeGraphs_scaffolding.html","edge":"0to3","edgeRT":"13126","skip":"false","flipped":"FALSE","index":"16","edgeClickLog":"[{\"edgeSelection\":\"0to3\",\"edgeRTMS\":13126}]","trial_id":"test_1","congruency":"I","trial_group":"15to20","condition":"scaffolding","inference_edge":"0to1,1to4,4to8","inference_edgeClickLog":"[{\"edgeSelection\":\"0to1\",\"edgeRTMS\":5081},{\"edgeSelection\":\"1to4\",\"edgeRTMS\":6071},{\"edgeSelection\":\"4to8\",\"edgeRTMS\":6905}]","inference_edgeRT":"6905","inference_edge_last":"","task":"experiment","subjectId":"7loyhb2bavws57w","trial_type":"external-html","trial_index":24,"time_elapsed":633400,"internal_node_id":"0.0-9.0-0.16"},{"rt":6706,"url":"../static/nodeGraphs_scaffolding.html","edge":"0to3","edgeRT":"5424","skip":"false","flipped":"FALSE","index":"17","edgeClickLog":"[{\"edgeSelection\":\"0to3\",\"edgeRTMS\":5424}]","trial_id":"test_2","congruency":"I","trial_group":"15to20","condition":"scaffolding","inference_edge":"0to1,1to4,4to8","inference_edgeClickLog":"[{\"edgeSelection\":\"0to1\",\"edgeRTMS\":5081},{\"edgeSelection\":\"1to4\",\"edgeRTMS\":6071},{\"edgeSelection\":\"4to8\",\"edgeRTMS\":6905}]","inference_edgeRT":"6905","inference_edge_last":"","task":"experiment","subjectId":"7loyhb2bavws57w","trial_type":"external-html","trial_index":25,"time_elapsed":640771,"internal_node_id":"0.0-9.0-0.17"},{"rt":5983,"url":"../static/nodeGraphs_scaffolding.html","edge":"0to1","edgeRT":"5507","skip":"false","flipped":"FALSE","index":"18","edgeClickLog":"[{\"edgeSelection\":\"0to1\",\"edgeRTMS\":5507}]","trial_id":"test_3","congruency":"I","trial_group":"15to20","condition":"scaffolding","inference_edge":"0to1,1to4,4to8","inference_edgeClickLog":"[{\"edgeSelection\":\"0to1\",\"edgeRTMS\":5081},{\"edgeSelection\":\"1to4\",\"edgeRTMS\":6071},{\"edgeSelection\":\"4to8\",\"edgeRTMS\":6905}]","inference_edgeRT":"6905","inference_edge_last":"","task":"experiment","subjectId":"7loyhb2bavws57w","trial_type":"external-html","trial_index":26,"time_elapsed":647418,"internal_node_id":"0.0-9.0-0.18"},{"rt":15747,"url":"../static/nodeGraphs_scaffolding.html","edge":"1to5","edgeRT":"12383","skip":"false","flipped":"FALSE","index":"19","edgeClickLog":"[{\"edgeSelection\":\"1to5\",\"edgeRTMS\":12383}]","trial_id":"test_4","congruency":"I","trial_group":"15to20","condition":"scaffolding","inference_edge":"0to1,1to4,4to8","inference_edgeClickLog":"[{\"edgeSelection\":\"0to1\",\"edgeRTMS\":5081},{\"edgeSelection\":\"1to4\",\"edgeRTMS\":6071},{\"edgeSelection\":\"4to8\",\"edgeRTMS\":6905}]","inference_edgeRT":"6905","inference_edge_last":"","task":"experiment","subjectId":"7loyhb2bavws57w","trial_type":"external-html","trial_index":27,"time_elapsed":663823,"internal_node_id":"0.0-9.0-0.19"},{"rt":59095,"response":{"P0_Q0":null,"P0_Q1":5,"P0_Q2":4,"P0_Q3":5,"P0_Q4":4,"P0_Q5":3,"strategies":"I tried to maximize the amount of points","feedback":"One or two more feedback examples may have helped, I was a bit unclear why some of my tutorial selections were labeled as a bad choice."},"accuracy":[],"trial_type":"survey","trial_index":28,"time_elapsed":723458,"internal_node_id":"0.0-10.0"},{"rt":2528,"stimulus":"<p>Thanks for your time!</p>        <p>We need to manually calculate your bonus pay, please give us up to 7 days.</p><p>Press any key to conclude.</p>","response":"enter","task":"end","subjectId":"7loyhb2bavws57w","trial_type":"html-keyboard-response","trial_index":29,"time_elapsed":725987,"internal_node_id":"0.0-11.0","interactions":"[{\"event\":\"fullscreenenter\",\"trial\":1,\"time\":1998}]"}]