[{"success":true,"timeout":false,"failed_images":[],"failed_audio":[],"failed_video":[],"trial_type":"preload","trial_index":0,"time_elapsed":253,"internal_node_id":"0.0-0.0"},{"success":true,"trial_type":"fullscreen","trial_index":1,"time_elapsed":7675,"internal_node_id":"0.0-1.0"},{"rt":4695,"stimulus":"Welcome to the experiment. Press any key to begin.","response":"arrowdown","trial_type":"html-keyboard-response","trial_index":2,"time_elapsed":12373,"internal_node_id":"0.0-2.0"},{"view_history":[{"page_index":0,"viewing_time":4215},{"page_index":1,"viewing_time":5769},{"page_index":2,"viewing_time":34888},{"page_index":3,"viewing_time":7599},{"page_index":4,"viewing_time":2785},{"page_index":5,"viewing_time":1767},{"page_index":6,"viewing_time":4016},{"page_index":7,"viewing_time":7696},{"page_index":8,"viewing_time":13489},{"page_index":9,"viewing_time":10151},{"page_index":10,"viewing_time":1697},{"page_index":11,"viewing_time":896},{"page_index":12,"viewing_time":639},{"page_index":13,"viewing_time":1968},{"page_index":14,"viewing_time":2720},{"page_index":15,"viewing_time":5168},{"page_index":16,"viewing_time":1039},{"page_index":17,"viewing_time":754},{"page_index":18,"viewing_time":1415},{"page_index":19,"viewing_time":4656},{"page_index":20,"viewing_time":5000},{"page_index":21,"viewing_time":4185}],"rt":122512,"trial_type":"instructions","trial_index":3,"time_elapsed":134884,"internal_node_id":"0.0-3.0"},{"rt":146183,"url":"../static/nodeGraphsTraining_distractor.html","skip":[],"edgeClickLog":[],"inference_edge":[],"inference_edgeClickLog":[],"trial_type":"external-html","trial_index":4,"time_elapsed":281277,"internal_node_id":"0.0-4.0"},{"rt":30087,"response":{"q1":"The goal is to help the student to get the most points.","q2":"False","q3":"Possible edges you, as the teacher, can choose to teach the learner.","q4":"Edges that the student took before."},"question_order":[0,1,2,3],"trial_type":"survey-multi-choice","trial_index":5,"time_elapsed":311366,"internal_node_id":"0.0-5.0"},{"rt":6374,"stimulus":"<p>You can take a 60 second break before starting the experiment.</p><br><br><p>This page will advance in 60 seconds or you can press any key to advance now.</p>","response":"arrowright","trial_type":"html-keyboard-response","trial_index":6,"time_elapsed":317740,"internal_node_id":"0.0-7.0"},{"view_history":[{"page_index":0,"viewing_time":15296}],"rt":15296,"trial_type":"instructions","trial_index":7,"time_elapsed":333036,"internal_node_id":"0.0-8.0"},{"rt":31314,"url":"../static/nodeGraphs_distractor.html","edge":"1to4","edgeRT":"8033","skip":"false","flipped":"FALSE","index":"0","edgeClickLog":"[{\"edgeSelection\":\"1to4\",\"edgeRTMS\":8033}]","trial_id":"cong_0","congruency":"C","trial_group":"1to5","condition":"distractor","inference_edge":"1to4,5to7,4to8","inference_edgeClickLog":"[{\"edgeSelection\":\"1to4\",\"edgeRTMS\":4390},{\"edgeSelection\":\"5to7\",\"edgeRTMS\":7958},{\"edgeSelection\":\"4to8\",\"edgeRTMS\":19542}]","inference_edgeRT":"19542","inference_edge_last":"4to8","task":"experiment","subjectId":"d1zes7okhd6gwos","trial_type":"external-html","trial_index":8,"time_elapsed":364613,"internal_node_id":"0.0-9.0-0.0"},{"rt":32173,"url":"../static/nodeGraphs_distractor.html","edge":"2to6","edgeRT":"9210","skip":"false","flipped":"FALSE","index":"1","edgeClickLog":"[{\"edgeSelection\":\"2to6\",\"edgeRTMS\":9210}]","trial_id":"cong_1","congruency":"C","trial_group":"1to5","condition":"distractor","inference_edge":"2to6,6to9,2to4","inference_edgeClickLog":"[{\"edgeSelection\":\"3to5\",\"edgeRTMS\":5990},{\"edgeSelection\":\"2to6\",\"edgeRTMS\":8238},{\"edgeSelection\":\"3to5\",\"edgeRTMS\":9462},{\"edgeSelection\":\"6to9\",\"edgeRTMS\":15261},{\"edgeSelection\":\"2to4\",\"edgeRTMS\":20710}]","inference_edgeRT":"20710","inference_edge_last":"2to4","task":"experiment","subjectId":"d1zes7okhd6gwos","trial_type":"external-html","trial_index":9,"time_elapsed":397613,"internal_node_id":"0.0-9.0-0.1"},{"rt":30043,"url":"../static/nodeGraphs_distractor.html","edge":"2to5","edgeRT":"4385","skip":"false","flipped":"FALSE","index":"2","edgeClickLog":"[{\"edgeSelection\":\"2to5\",\"edgeRTMS\":4385}]","trial_id":"cong_6","congruency":"C","trial_group":"1to5","condition":"distractor","inference_edge":"2to5,5to7,2to4","inference_edgeClickLog":"[{\"edgeSelection\":\"2to5\",\"edgeRTMS\":6166},{\"edgeSelection\":\"5to7\",\"edgeRTMS\":11494},{\"edgeSelection\":\"2to4\",\"edgeRTMS\":17661},{\"edgeSelection\":\"2to4\",\"edgeRTMS\":18654},{\"edgeSelection\":\"2to4\",\"edgeRTMS\":24318}]","inference_edgeRT":"24318","inference_edge_last":"2to4","task":"experiment","subjectId":"d1zes7okhd6gwos","trial_type":"external-html","trial_index":10,"time_elapsed":428478,"internal_node_id":"0.0-9.0-0.2"},{"rt":31370,"url":"../static/nodeGraphs_distractor.html","edge":"5to8","edgeRT":"7425","skip":"false","flipped":"FALSE","index":"3","edgeClickLog":"[{\"edgeSelection\":\"5to8\",\"edgeRTMS\":7425}]","trial_id":"cong_4","congruency":"C","trial_group":"1to5","condition":"distractor","inference_edge":"2to4,4to8,0to2","inference_edgeClickLog":"[{\"edgeSelection\":\"2to4\",\"edgeRTMS\":5237},{\"edgeSelection\":\"4to8\",\"edgeRTMS\":7581},{\"edgeSelection\":\"0to2\",\"edgeRTMS\":20021}]","inference_edgeRT":"20021","inference_edge_last":"0to2","task":"experiment","subjectId":"d1zes7okhd6gwos","trial_type":"external-html","trial_index":11,"time_elapsed":460661,"internal_node_id":"0.0-9.0-0.3"},{"rt":15782,"url":"../static/nodeGraphs_distractor.html","edge":"2to5","edgeRT":"2705","skip":"false","flipped":"FALSE","index":"4","edgeClickLog":"[{\"edgeSelection\":\"2to5\",\"edgeRTMS\":2705}]","trial_id":"cong_9","congruency":"C","trial_group":"1to5","condition":"distractor","inference_edge":"2to5,5to8,5to9","inference_edgeClickLog":"[{\"edgeSelection\":\"2to5\",\"edgeRTMS\":4814},{\"edgeSelection\":\"5to8\",\"edgeRTMS\":6053},{\"edgeSelection\":\"5to9\",\"edgeRTMS\":10678}]","inference_edgeRT":"10678","inference_edge_last":"5to9","task":"experiment","subjectId":"d1zes7okhd6gwos","trial_type":"external-html","trial_index":12,"time_elapsed":477212,"internal_node_id":"0.0-9.0-0.4"},{"rt":24331,"url":"../static/nodeGraphs_distractor.html","edge":"3to6","edgeRT":"4448","skip":"false","flipped":"TRUE","index":"5","edgeClickLog":"[{\"edgeSelection\":\"3to6\",\"edgeRTMS\":4448}]","trial_id":"cong_0_flipped","congruency":"C","trial_group":"5to10","condition":"distractor","inference_edge":"3to6,0to2,2to6","inference_edgeClickLog":"[{\"edgeSelection\":\"3to6\",\"edgeRTMS\":5622},{\"edgeSelection\":\"0to2\",\"edgeRTMS\":12366},{\"edgeSelection\":\"2to6\",\"edgeRTMS\":17190}]","inference_edgeRT":"17190","inference_edge_last":"2to6","task":"experiment","subjectId":"d1zes7okhd6gwos","trial_type":"external-html","trial_index":13,"time_elapsed":502365,"internal_node_id":"0.0-9.0-0.5"},{"rt":20033,"url":"../static/nodeGraphs_distractor.html","edge":"2to4","edgeRT":"4033","skip":"false","flipped":"TRUE","index":"6","edgeClickLog":"[{\"edgeSelection\":\"2to4\",\"edgeRTMS\":4033}]","trial_id":"cong_1_flipped","congruency":"C","trial_group":"5to10","condition":"distractor","inference_edge":"2to4,2to6,4to7","inference_edgeClickLog":"[{\"edgeSelection\":\"2to4\",\"edgeRTMS\":4156},{\"edgeSelection\":\"2to6\",\"edgeRTMS\":6293},{\"edgeSelection\":\"4to7\",\"edgeRTMS\":11893}]","inference_edgeRT":"11893","inference_edge_last":"4to7","task":"experiment","subjectId":"d1zes7okhd6gwos","trial_type":"external-html","trial_index":14,"time_elapsed":523174,"internal_node_id":"0.0-9.0-0.6"},{"rt":24564,"url":"../static/nodeGraphs_distractor.html","edge":"2to5","edgeRT":"2434","skip":"false","flipped":"TRUE","index":"7","edgeClickLog":"[{\"edgeSelection\":\"2to5\",\"edgeRTMS\":2434}]","trial_id":"cong_6_flipped","congruency":"C","trial_group":"5to10","condition":"distractor","inference_edge":"2to5,5to9,2to6","inference_edgeClickLog":"[{\"edgeSelection\":\"2to5\",\"edgeRTMS\":7540},{\"edgeSelection\":\"5to9\",\"edgeRTMS\":10916},{\"edgeSelection\":\"2to6\",\"edgeRTMS\":20949}]","inference_edgeRT":"20949","inference_edge_last":"2to6","task":"experiment","subjectId":"d1zes7okhd6gwos","trial_type":"external-html","trial_index":15,"time_elapsed":548500,"internal_node_id":"0.0-9.0-0.7"},{"rt":26562,"url":"../static/nodeGraphs_distractor.html","edge":"2to6","edgeRT":"5409","skip":"false","flipped":"TRUE","index":"8","edgeClickLog":"[{\"edgeSelection\":\"2to6\",\"edgeRTMS\":5409}]","trial_id":"cong_4_flipped","congruency":"C","trial_group":"5to10","condition":"distractor","inference_edge":"2to6,6to8,6to9","inference_edgeClickLog":"[{\"edgeSelection\":\"2to6\",\"edgeRTMS\":9182},{\"edgeSelection\":\"6to8\",\"edgeRTMS\":10270},{\"edgeSelection\":\"6to9\",\"edgeRTMS\":20062}]","inference_edgeRT":"20062","inference_edge_last":"6to9","task":"experiment","subjectId":"d1zes7okhd6gwos","trial_type":"external-html","trial_index":16,"time_elapsed":575988,"internal_node_id":"0.0-9.0-0.8"},{"rt":16954,"url":"../static/nodeGraphs_distractor.html","edge":"2to5","edgeRT":"2321","skip":"false","flipped":"TRUE","index":"9","edgeClickLog":"[{\"edgeSelection\":\"2to5\",\"edgeRTMS\":2321}]","trial_id":"cong_9_flipped","congruency":"C","trial_group":"5to10","condition":"distractor","inference_edge":"0to2,2to5,5to8","inference_edgeClickLog":"[{\"edgeSelection\":\"0to2\",\"edgeRTMS\":10046},{\"edgeSelection\":\"2to5\",\"edgeRTMS\":11383},{\"edgeSelection\":\"5to8\",\"edgeRTMS\":12910}]","inference_edgeRT":"12910","inference_edge_last":"5to8","task":"experiment","subjectId":"d1zes7okhd6gwos","trial_type":"external-html","trial_index":17,"time_elapsed":593628,"internal_node_id":"0.0-9.0-0.9"},{"rt":19337,"url":"../static/nodeGraphs_distractor.html","edge":"1to4","edgeRT":"1881","skip":"false","flipped":"FALSE","index":"10","edgeClickLog":"[{\"edgeSelection\":\"1to4\",\"edgeRTMS\":1881}]","trial_id":"cong_0","congruency":"C","trial_group":"10to15","condition":"distractor","inference_edge":"1to4,4to7,2to4","inference_edgeClickLog":"[{\"edgeSelection\":\"1to4\",\"edgeRTMS\":7462},{\"edgeSelection\":\"4to7\",\"edgeRTMS\":13990},{\"edgeSelection\":\"2to4\",\"edgeRTMS\":14958}]","inference_edgeRT":"14958","inference_edge_last":"2to4","task":"experiment","subjectId":"d1zes7okhd6gwos","trial_type":"external-html","trial_index":18,"time_elapsed":613564,"internal_node_id":"0.0-9.0-0.10"},{"rt":23605,"url":"../static/nodeGraphs_distractor.html","edge":"2to6","edgeRT":"2922","skip":"false","flipped":"FALSE","index":"11","edgeClickLog":"[{\"edgeSelection\":\"2to6\",\"edgeRTMS\":2922}]","trial_id":"cong_1","congruency":"C","trial_group":"10to15","condition":"distractor","inference_edge":"2to6,6to9,0to2","inference_edgeClickLog":"[{\"edgeSelection\":\"2to6\",\"edgeRTMS\":5814},{\"edgeSelection\":\"6to9\",\"edgeRTMS\":10622},{\"edgeSelection\":\"0to2\",\"edgeRTMS\":19102}]","inference_edgeRT":"19102","inference_edge_last":"0to2","task":"experiment","subjectId":"d1zes7okhd6gwos","trial_type":"external-html","trial_index":19,"time_elapsed":637933,"internal_node_id":"0.0-9.0-0.11"},{"rt":15235,"url":"../static/nodeGraphs_distractor.html","edge":"2to5","edgeRT":"1880","skip":"false","flipped":"FALSE","index":"12","edgeClickLog":"[{\"edgeSelection\":\"2to5\",\"edgeRTMS\":1880}]","trial_id":"cong_6","congruency":"C","trial_group":"10to15","condition":"distractor","inference_edge":"2to5,2to4,5to7","inference_edgeClickLog":"[{\"edgeSelection\":\"2to5\",\"edgeRTMS\":7566},{\"edgeSelection\":\"2to4\",\"edgeRTMS\":10382},{\"edgeSelection\":\"5to7\",\"edgeRTMS\":11893}]","inference_edgeRT":"11893","inference_edge_last":"5to7","task":"experiment","subjectId":"d1zes7okhd6gwos","trial_type":"external-html","trial_index":20,"time_elapsed":653924,"internal_node_id":"0.0-9.0-0.12"},{"rt":13065,"url":"../static/nodeGraphs_distractor.html","edge":"2to4","edgeRT":"1785","skip":"false","flipped":"FALSE","index":"13","edgeClickLog":"[{\"edgeSelection\":\"2to4\",\"edgeRTMS\":1785}]","trial_id":"cong_4","congruency":"C","trial_group":"10to15","condition":"distractor","inference_edge":"2to4,4to8,0to2","inference_edgeClickLog":"[{\"edgeSelection\":\"2to4\",\"edgeRTMS\":6175},{\"edgeSelection\":\"4to8\",\"edgeRTMS\":7318},{\"edgeSelection\":\"0to2\",\"edgeRTMS\":9942}]","inference_edgeRT":"9942","inference_edge_last":"0to2","task":"experiment","subjectId":"d1zes7okhd6gwos","trial_type":"external-html","trial_index":21,"time_elapsed":667709,"internal_node_id":"0.0-9.0-0.13"},{"rt":8922,"url":"../static/nodeGraphs_distractor.html","edge":"2to5","edgeRT":"1745","skip":"false","flipped":"FALSE","index":"14","edgeClickLog":"[{\"edgeSelection\":\"2to5\",\"edgeRTMS\":1745}]","trial_id":"cong_9","congruency":"C","trial_group":"10to15","condition":"distractor","inference_edge":"0to2,2to5,5to8","inference_edgeClickLog":"[{\"edgeSelection\":\"0to2\",\"edgeRTMS\":3893},{\"edgeSelection\":\"2to5\",\"edgeRTMS\":5509},{\"edgeSelection\":\"5to8\",\"edgeRTMS\":6182}]","inference_edgeRT":"6182","inference_edge_last":"5to8","task":"experiment","subjectId":"d1zes7okhd6gwos","trial_type":"external-html","trial_index":22,"time_elapsed":677308,"internal_node_id":"0.0-9.0-0.14"},{"rt":21790,"url":"../static/nodeGraphs_distractor.html","edge":"3to6","edgeRT":"10648","skip":"false","flipped":"FALSE","index":"15","edgeClickLog":"[{\"edgeSelection\":\"3to6\",\"edgeRTMS\":10648}]","trial_id":"test_0","congruency":"I","trial_group":"15to20","condition":"distractor","inference_edge":"0to2,2to5,5to8","inference_edgeClickLog":"[{\"edgeSelection\":\"0to2\",\"edgeRTMS\":3893},{\"edgeSelection\":\"2to5\",\"edgeRTMS\":5509},{\"edgeSelection\":\"5to8\",\"edgeRTMS\":6182}]","inference_edgeRT":"6182","inference_edge_last":"","task":"experiment","subjectId":"d1zes7okhd6gwos","trial_type":"external-html","trial_index":23,"time_elapsed":699901,"internal_node_id":"0.0-9.0-0.15"},{"rt":12758,"url":"../static/nodeGraphs_distractor.html","edge":"0to3","edgeRT":"12601","skip":"false","flipped":"FALSE","index":"16","edgeClickLog":"[{\"edgeSelection\":\"0to3\",\"edgeRTMS\":12601}]","trial_id":"test_1","congruency":"I","trial_group":"15to20","condition":"distractor","inference_edge":"0to2,2to5,5to8","inference_edgeClickLog":"[{\"edgeSelection\":\"0to2\",\"edgeRTMS\":3893},{\"edgeSelection\":\"2to5\",\"edgeRTMS\":5509},{\"edgeSelection\":\"5to8\",\"edgeRTMS\":6182}]","inference_edgeRT":"6182","inference_edge_last":"","task":"experiment","subjectId":"d1zes7okhd6gwos","trial_type":"external-html","trial_index":24,"time_elapsed":713461,"internal_node_id":"0.0-9.0-0.16"},{"rt":16870,"url":"../static/nodeGraphs_distractor.html","edge":"0to3","edgeRT":"15881","skip":"false","flipped":"FALSE","index":"17","edgeClickLog":"[{\"edgeSelection\":\"0to3\",\"edgeRTMS\":15881}]","trial_id":"test_2","congruency":"I","trial_group":"15to20","condition":"distractor","inference_edge":"0to2,2to5,5to8","inference_edgeClickLog":"[{\"edgeSelection\":\"0to2\",\"edgeRTMS\":3893},{\"edgeSelection\":\"2to5\",\"edgeRTMS\":5509},{\"edgeSelection\":\"5to8\",\"edgeRTMS\":6182}]","inference_edgeRT":"6182","inference_edge_last":"","task":"experiment","subjectId":"d1zes7okhd6gwos","trial_type":"external-html","trial_index":25,"time_elapsed":731164,"internal_node_id":"0.0-9.0-0.17"},{"rt":17810,"url":"../static/nodeGraphs_distractor.html","edge":"5to9","edgeRT":"17579","skip":"false","flipped":"FALSE","index":"18","edgeClickLog":"[{\"edgeSelection\":\"0to1\",\"edgeRTMS\":12706},{\"edgeSelection\":\"5to9\",\"edgeRTMS\":17579}]","trial_id":"test_3","congruency":"I","trial_group":"15to20","condition":"distractor","inference_edge":"0to2,2to5,5to8","inference_edgeClickLog":"[{\"edgeSelection\":\"0to2\",\"edgeRTMS\":3893},{\"edgeSelection\":\"2to5\",\"edgeRTMS\":5509},{\"edgeSelection\":\"5to8\",\"edgeRTMS\":6182}]","inference_edgeRT":"6182","inference_edge_last":"","task":"experiment","subjectId":"d1zes7okhd6gwos","trial_type":"external-html","trial_index":26,"time_elapsed":749820,"internal_node_id":"0.0-9.0-0.18"},{"rt":10795,"url":"../static/nodeGraphs_distractor.html","edge":"1to5","edgeRT":"8105","skip":"false","flipped":"FALSE","index":"19","edgeClickLog":"[{\"edgeSelection\":\"1to5\",\"edgeRTMS\":8105}]","trial_id":"test_4","congruency":"I","trial_group":"15to20","condition":"distractor","inference_edge":"0to2,2to5,5to8","inference_edgeClickLog":"[{\"edgeSelection\":\"0to2\",\"edgeRTMS\":3893},{\"edgeSelection\":\"2to5\",\"edgeRTMS\":5509},{\"edgeSelection\":\"5to8\",\"edgeRTMS\":6182}]","inference_edgeRT":"6182","inference_edge_last":"","task":"experiment","subjectId":"d1zes7okhd6gwos","trial_type":"external-html","trial_index":27,"time_elapsed":761405,"internal_node_id":"0.0-9.0-0.19"},{"rt":61302,"response":{"P0_Q0":null,"P0_Q1":5,"P0_Q2":4,"P0_Q3":4,"P0_Q4":5,"P0_Q5":2,"strategies":"I thought to at least pick an edge that the student was guaranteed to take, or one that would lead to the best options.","feedback":""},"accuracy":[],"trial_type":"survey","trial_index":28,"time_elapsed":823242,"internal_node_id":"0.0-10.0"},{"rt":8712,"stimulus":"<p>Thanks for your time!</p>        <p>We need to manually calculate your bonus pay, please give us up to 7 days.</p><p>Press any key to conclude.</p>","response":"arrowright","task":"end","subjectId":"d1zes7okhd6gwos","trial_type":"html-keyboard-response","trial_index":29,"time_elapsed":831956,"internal_node_id":"0.0-11.0","interactions":"[{\"event\":\"fullscreenenter\",\"trial\":1,\"time\":6838}]"}]