[{"success":true,"timeout":false,"failed_images":[],"failed_audio":[],"failed_video":[],"trial_type":"preload","trial_index":0,"time_elapsed":1202,"internal_node_id":"0.0-0.0"},{"success":true,"trial_type":"fullscreen","trial_index":1,"time_elapsed":3462,"internal_node_id":"0.0-1.0"},{"rt":1838,"stimulus":"Welcome to the experiment. Press any key to begin.","response":"arrowright","trial_type":"html-keyboard-response","trial_index":2,"time_elapsed":5302,"internal_node_id":"0.0-2.0"},{"view_history":[{"page_index":0,"viewing_time":3512},{"page_index":1,"viewing_time":2302},{"page_index":2,"viewing_time":21915},{"page_index":3,"viewing_time":1083},{"page_index":4,"viewing_time":1095},{"page_index":5,"viewing_time":1735},{"page_index":6,"viewing_time":1618},{"page_index":7,"viewing_time":3218},{"page_index":8,"viewing_time":8308},{"page_index":9,"viewing_time":11283},{"page_index":10,"viewing_time":426},{"page_index":11,"viewing_time":294},{"page_index":12,"viewing_time":310},{"page_index":13,"viewing_time":772},{"page_index":14,"viewing_time":669},{"page_index":15,"viewing_time":1939},{"page_index":16,"viewing_time":573},{"page_index":17,"viewing_time":394},{"page_index":18,"viewing_time":541},{"page_index":19,"viewing_time":2027},{"page_index":20,"viewing_time":6580},{"page_index":21,"viewing_time":3354}],"rt":73949,"trial_type":"instructions","trial_index":3,"time_elapsed":79257,"internal_node_id":"0.0-3.0"},{"rt":105232,"url":"../static/nodeGraphsTraining_distractor.html","skip":[],"edgeClickLog":[],"inference_edge":[],"inference_edgeClickLog":[],"trial_type":"external-html","trial_index":4,"time_elapsed":184664,"internal_node_id":"0.0-4.0"},{"rt":33544,"response":{"q1":"The goal is to help the student to get the most points.","q2":"False","q3":"Possible edges you, as the teacher, can choose to teach the learner.","q4":"Edges that the student took before."},"question_order":[0,1,2,3],"trial_type":"survey-multi-choice","trial_index":5,"time_elapsed":218212,"internal_node_id":"0.0-5.0"},{"rt":4554,"stimulus":"<p>You can take a 60 second break before starting the experiment.</p><br><br><p>This page will advance in 60 seconds or you can press any key to advance now.</p>","response":"arrowright","trial_type":"html-keyboard-response","trial_index":6,"time_elapsed":222772,"internal_node_id":"0.0-7.0"},{"view_history":[{"page_index":0,"viewing_time":19071}],"rt":19072,"trial_type":"instructions","trial_index":7,"time_elapsed":241845,"internal_node_id":"0.0-8.0"},{"rt":26329,"url":"../static/nodeGraphs_distractor.html","edge":"6to8","edgeRT":"5470","skip":"false","flipped":"FALSE","index":"0","edgeClickLog":"[{\"edgeSelection\":\"6to8\",\"edgeRTMS\":5470}]","trial_id":"incong_0","congruency":"I","trial_group":"1to5","condition":"distractor","inference_edge":"4to8,2to4,4to7","inference_edgeClickLog":"[{\"edgeSelection\":\"4to8\",\"edgeRTMS\":8795},{\"edgeSelection\":\"2to4\",\"edgeRTMS\":10289},{\"edgeSelection\":\"1to4\",\"edgeRTMS\":11172},{\"edgeSelection\":\"1to4\",\"edgeRTMS\":14255},{\"edgeSelection\":\"4to7\",\"edgeRTMS\":16205}]","inference_edgeRT":"16205","inference_edge_last":"4to7","task":"experiment","subjectId":"6rp49nd9c1ve61e","trial_type":"external-html","trial_index":8,"time_elapsed":268364,"internal_node_id":"0.0-9.0-0.0"},{"rt":45298,"url":"../static/nodeGraphs_distractor.html","edge":"5to8","edgeRT":"33571","skip":"false","flipped":"FALSE","index":"1","edgeClickLog":"[{\"edgeSelection\":\"5to8\",\"edgeRTMS\":33571}]","trial_id":"incong_5","congruency":"I","trial_group":"1to5","condition":"distractor","inference_edge":"4to8,4to7,2to4","inference_edgeClickLog":"[{\"edgeSelection\":\"4to8\",\"edgeRTMS\":3696},{\"edgeSelection\":\"4to7\",\"edgeRTMS\":6062},{\"edgeSelection\":\"2to4\",\"edgeRTMS\":10713}]","inference_edgeRT":"10713","inference_edge_last":"2to4","task":"experiment","subjectId":"6rp49nd9c1ve61e","trial_type":"external-html","trial_index":9,"time_elapsed":314331,"internal_node_id":"0.0-9.0-0.1"},{"rt":26075,"url":"../static/nodeGraphs_distractor.html","edge":"5to7","edgeRT":"5720","skip":"false","flipped":"FALSE","index":"2","edgeClickLog":"[{\"edgeSelection\":\"5to7\",\"edgeRTMS\":5720}]","trial_id":"incong_3","congruency":"I","trial_group":"1to5","condition":"distractor","inference_edge":"2to6,6to8,2to5","inference_edgeClickLog":"[{\"edgeSelection\":\"2to6\",\"edgeRTMS\":6217},{\"edgeSelection\":\"6to8\",\"edgeRTMS\":12012},{\"edgeSelection\":\"2to5\",\"edgeRTMS\":19195}]","inference_edgeRT":"19195","inference_edge_last":"2to5","task":"experiment","subjectId":"6rp49nd9c1ve61e","trial_type":"external-html","trial_index":10,"time_elapsed":341081,"internal_node_id":"0.0-9.0-0.2"},{"rt":16257,"url":"../static/nodeGraphs_distractor.html","edge":"5to8","edgeRT":"3119","skip":"false","flipped":"FALSE","index":"3","edgeClickLog":"[{\"edgeSelection\":\"5to8\",\"edgeRTMS\":3119}]","trial_id":"incong_10","congruency":"I","trial_group":"1to5","condition":"distractor","inference_edge":"4to8,6to8,2to4","inference_edgeClickLog":"[{\"edgeSelection\":\"4to8\",\"edgeRTMS\":2864},{\"edgeSelection\":\"6to8\",\"edgeRTMS\":4828},{\"edgeSelection\":\"4to7\",\"edgeRTMS\":5712},{\"edgeSelection\":\"4to7\",\"edgeRTMS\":8879},{\"edgeSelection\":\"2to4\",\"edgeRTMS\":9879}]","inference_edgeRT":"9879","inference_edge_last":"2to4","task":"experiment","subjectId":"6rp49nd9c1ve61e","trial_type":"external-html","trial_index":11,"time_elapsed":358016,"internal_node_id":"0.0-9.0-0.3"},{"rt":21388,"url":"../static/nodeGraphs_distractor.html","edge":"0to1","edgeRT":"14187","skip":"false","flipped":"FALSE","index":"4","edgeClickLog":"[{\"edgeSelection\":\"0to1\",\"edgeRTMS\":14187}]","trial_id":"incong_2","congruency":"I","trial_group":"1to5","condition":"distractor","inference_edge":"2to4,4to8,6to8","inference_edgeClickLog":"[{\"edgeSelection\":\"2to4\",\"edgeRTMS\":3878},{\"edgeSelection\":\"4to8\",\"edgeRTMS\":5211},{\"edgeSelection\":\"6to8\",\"edgeRTMS\":6128}]","inference_edgeRT":"6128","inference_edge_last":"6to8","task":"experiment","subjectId":"6rp49nd9c1ve61e","trial_type":"external-html","trial_index":12,"time_elapsed":380080,"internal_node_id":"0.0-9.0-0.4"},{"rt":8795,"url":"../static/nodeGraphs_distractor.html","edge":"4to8","edgeRT":"3220","skip":"false","flipped":"TRUE","index":"5","edgeClickLog":"[{\"edgeSelection\":\"4to8\",\"edgeRTMS\":3220}]","trial_id":"incong_0_flipped","congruency":"I","trial_group":"5to10","condition":"distractor","inference_edge":"6to9,6to8,2to6","inference_edgeClickLog":"[{\"edgeSelection\":\"6to9\",\"edgeRTMS\":3879},{\"edgeSelection\":\"6to8\",\"edgeRTMS\":4728},{\"edgeSelection\":\"2to6\",\"edgeRTMS\":5278}]","inference_edgeRT":"5278","inference_edge_last":"2to6","task":"experiment","subjectId":"6rp49nd9c1ve61e","trial_type":"external-html","trial_index":13,"time_elapsed":389546,"internal_node_id":"0.0-9.0-0.5"},{"rt":9807,"url":"../static/nodeGraphs_distractor.html","edge":"5to8","edgeRT":"3653","skip":"false","flipped":"TRUE","index":"6","edgeClickLog":"[{\"edgeSelection\":\"5to8\",\"edgeRTMS\":3653}]","trial_id":"incong_5_flipped","congruency":"I","trial_group":"5to10","condition":"distractor","inference_edge":"2to6,6to8,6to9","inference_edgeClickLog":"[{\"edgeSelection\":\"2to6\",\"edgeRTMS\":2912},{\"edgeSelection\":\"6to8\",\"edgeRTMS\":5061},{\"edgeSelection\":\"6to9\",\"edgeRTMS\":5746}]","inference_edgeRT":"5746","inference_edge_last":"6to9","task":"experiment","subjectId":"6rp49nd9c1ve61e","trial_type":"external-html","trial_index":14,"time_elapsed":400030,"internal_node_id":"0.0-9.0-0.6"},{"rt":10012,"url":"../static/nodeGraphs_distractor.html","edge":"5to9","edgeRT":"2971","skip":"false","flipped":"TRUE","index":"7","edgeClickLog":"[{\"edgeSelection\":\"5to9\",\"edgeRTMS\":2971}]","trial_id":"incong_3_flipped","congruency":"I","trial_group":"5to10","condition":"distractor","inference_edge":"2to4,4to8,2to6","inference_edgeClickLog":"[{\"edgeSelection\":\"2to4\",\"edgeRTMS\":2345},{\"edgeSelection\":\"4to8\",\"edgeRTMS\":3979},{\"edgeSelection\":\"2to6\",\"edgeRTMS\":5995}]","inference_edgeRT":"5995","inference_edge_last":"2to6","task":"experiment","subjectId":"6rp49nd9c1ve61e","trial_type":"external-html","trial_index":15,"time_elapsed":410714,"internal_node_id":"0.0-9.0-0.7"},{"rt":12102,"url":"../static/nodeGraphs_distractor.html","edge":"5to8","edgeRT":"4551","skip":"false","flipped":"TRUE","index":"8","edgeClickLog":"[{\"edgeSelection\":\"5to8\",\"edgeRTMS\":4551}]","trial_id":"incong_10_flipped","congruency":"I","trial_group":"5to10","condition":"distractor","inference_edge":"6to8,4to8,2to6","inference_edgeClickLog":"[{\"edgeSelection\":\"6to8\",\"edgeRTMS\":3079},{\"edgeSelection\":\"4to8\",\"edgeRTMS\":5062},{\"edgeSelection\":\"2to6\",\"edgeRTMS\":6461}]","inference_edgeRT":"6461","inference_edge_last":"2to6","task":"experiment","subjectId":"6rp49nd9c1ve61e","trial_type":"external-html","trial_index":16,"time_elapsed":423513,"internal_node_id":"0.0-9.0-0.8"},{"rt":15521,"url":"../static/nodeGraphs_distractor.html","edge":"0to3","edgeRT":"7154","skip":"false","flipped":"TRUE","index":"9","edgeClickLog":"[{\"edgeSelection\":\"0to3\",\"edgeRTMS\":7154}]","trial_id":"incong_2_flipped","congruency":"I","trial_group":"5to10","condition":"distractor","inference_edge":"6to8,2to6,3to6","inference_edgeClickLog":"[{\"edgeSelection\":\"6to8\",\"edgeRTMS\":5962},{\"edgeSelection\":\"2to6\",\"edgeRTMS\":6730},{\"edgeSelection\":\"3to6\",\"edgeRTMS\":7529}]","inference_edgeRT":"7529","inference_edge_last":"3to6","task":"experiment","subjectId":"6rp49nd9c1ve61e","trial_type":"external-html","trial_index":17,"time_elapsed":439714,"internal_node_id":"0.0-9.0-0.9"},{"rt":21715,"url":"../static/nodeGraphs_distractor.html","edge":"0to1","edgeRT":"5821","skip":"false","flipped":"FALSE","index":"10","edgeClickLog":"[{\"edgeSelection\":\"0to1\",\"edgeRTMS\":5821}]","trial_id":"incong_0","congruency":"I","trial_group":"10to15","condition":"distractor","inference_edge":"4to8,4to7,1to4","inference_edgeClickLog":"[{\"edgeSelection\":\"4to8\",\"edgeRTMS\":8513},{\"edgeSelection\":\"4to7\",\"edgeRTMS\":9462},{\"edgeSelection\":\"1to4\",\"edgeRTMS\":14228}]","inference_edgeRT":"14228","inference_edge_last":"1to4","task":"experiment","subjectId":"6rp49nd9c1ve61e","trial_type":"external-html","trial_index":18,"time_elapsed":462098,"internal_node_id":"0.0-9.0-0.10"},{"rt":14427,"url":"../static/nodeGraphs_distractor.html","edge":"5to8","edgeRT":"7754","skip":"false","flipped":"FALSE","index":"11","edgeClickLog":"[{\"edgeSelection\":\"0to2\",\"edgeRTMS\":5485},{\"edgeSelection\":\"5to8\",\"edgeRTMS\":7754}]","trial_id":"incong_5","congruency":"I","trial_group":"10to15","condition":"distractor","inference_edge":"4to8,4to7,2to4","inference_edgeClickLog":"[{\"edgeSelection\":\"4to8\",\"edgeRTMS\":2811},{\"edgeSelection\":\"4to7\",\"edgeRTMS\":4262},{\"edgeSelection\":\"2to4\",\"edgeRTMS\":5195}]","inference_edgeRT":"5195","inference_edge_last":"2to4","task":"experiment","subjectId":"6rp49nd9c1ve61e","trial_type":"external-html","trial_index":19,"time_elapsed":477200,"internal_node_id":"0.0-9.0-0.11"},{"rt":11611,"url":"../static/nodeGraphs_distractor.html","edge":"5to7","edgeRT":"3786","skip":"false","flipped":"FALSE","index":"12","edgeClickLog":"[{\"edgeSelection\":\"5to7\",\"edgeRTMS\":2533},{\"edgeSelection\":\"5to7\",\"edgeRTMS\":3786}]","trial_id":"incong_3","congruency":"I","trial_group":"10to15","condition":"distractor","inference_edge":"2to6,6to8,2to4","inference_edgeClickLog":"[{\"edgeSelection\":\"2to6\",\"edgeRTMS\":3362},{\"edgeSelection\":\"6to8\",\"edgeRTMS\":5746},{\"edgeSelection\":\"2to4\",\"edgeRTMS\":7245}]","inference_edgeRT":"7245","inference_edge_last":"2to4","task":"experiment","subjectId":"6rp49nd9c1ve61e","trial_type":"external-html","trial_index":20,"time_elapsed":489481,"internal_node_id":"0.0-9.0-0.12"},{"rt":15596,"url":"../static/nodeGraphs_distractor.html","edge":"5to8","edgeRT":"3820","skip":"false","flipped":"FALSE","index":"13","edgeClickLog":"[{\"edgeSelection\":\"5to8\",\"edgeRTMS\":3820}]","trial_id":"incong_10","congruency":"I","trial_group":"10to15","condition":"distractor","inference_edge":"4to8,2to4,6to8","inference_edgeClickLog":"[{\"edgeSelection\":\"4to8\",\"edgeRTMS\":3228},{\"edgeSelection\":\"2to4\",\"edgeRTMS\":3095},{\"edgeSelection\":\"6to8\",\"edgeRTMS\":4078}]","inference_edgeRT":"4078","inference_edge_last":"6to8","task":"experiment","subjectId":"6rp49nd9c1ve61e","trial_type":"external-html","trial_index":21,"time_elapsed":505748,"internal_node_id":"0.0-9.0-0.13"},{"rt":10249,"url":"../static/nodeGraphs_distractor.html","edge":"0to2","edgeRT":"4418","skip":"false","flipped":"FALSE","index":"14","edgeClickLog":"[{\"edgeSelection\":\"0to2\",\"edgeRTMS\":4418}]","trial_id":"incong_2","congruency":"I","trial_group":"10to15","condition":"distractor","inference_edge":"4to8,6to8,2to4","inference_edgeClickLog":"[{\"edgeSelection\":\"4to8\",\"edgeRTMS\":3678},{\"edgeSelection\":\"6to8\",\"edgeRTMS\":4524},{\"edgeSelection\":\"2to4\",\"edgeRTMS\":5212}]","inference_edgeRT":"5212","inference_edge_last":"2to4","task":"experiment","subjectId":"6rp49nd9c1ve61e","trial_type":"external-html","trial_index":22,"time_elapsed":516666,"internal_node_id":"0.0-9.0-0.14"},{"rt":29369,"url":"../static/nodeGraphs_distractor.html","edge":"3to6","edgeRT":"15137","skip":"false","flipped":"FALSE","index":"15","edgeClickLog":"[{\"edgeSelection\":\"3to6\",\"edgeRTMS\":15137}]","trial_id":"test_0","congruency":"I","trial_group":"15to20","condition":"distractor","inference_edge":"4to8,6to8,2to4","inference_edgeClickLog":"[{\"edgeSelection\":\"4to8\",\"edgeRTMS\":3678},{\"edgeSelection\":\"6to8\",\"edgeRTMS\":4524},{\"edgeSelection\":\"2to4\",\"edgeRTMS\":5212}]","inference_edgeRT":"5212","inference_edge_last":"","task":"experiment","subjectId":"6rp49nd9c1ve61e","trial_type":"external-html","trial_index":23,"time_elapsed":546734,"internal_node_id":"0.0-9.0-0.15"},{"rt":12468,"url":"../static/nodeGraphs_distractor.html","edge":"0to3","edgeRT":"12320","skip":"false","flipped":"FALSE","index":"16","edgeClickLog":"[{\"edgeSelection\":\"0to3\",\"edgeRTMS\":12320}]","trial_id":"test_1","congruency":"I","trial_group":"15to20","condition":"distractor","inference_edge":"4to8,6to8,2to4","inference_edgeClickLog":"[{\"edgeSelection\":\"4to8\",\"edgeRTMS\":3678},{\"edgeSelection\":\"6to8\",\"edgeRTMS\":4524},{\"edgeSelection\":\"2to4\",\"edgeRTMS\":5212}]","inference_edgeRT":"5212","inference_edge_last":"","task":"experiment","subjectId":"6rp49nd9c1ve61e","trial_type":"external-html","trial_index":24,"time_elapsed":559882,"internal_node_id":"0.0-9.0-0.16"},{"rt":20614,"url":"../static/nodeGraphs_distractor.html","edge":"0to3","edgeRT":"20169","skip":"false","flipped":"FALSE","index":"17","edgeClickLog":"[{\"edgeSelection\":\"0to3\",\"edgeRTMS\":20169}]","trial_id":"test_2","congruency":"I","trial_group":"15to20","condition":"distractor","inference_edge":"4to8,6to8,2to4","inference_edgeClickLog":"[{\"edgeSelection\":\"4to8\",\"edgeRTMS\":3678},{\"edgeSelection\":\"6to8\",\"edgeRTMS\":4524},{\"edgeSelection\":\"2to4\",\"edgeRTMS\":5212}]","inference_edgeRT":"5212","inference_edge_last":"","task":"experiment","subjectId":"6rp49nd9c1ve61e","trial_type":"external-html","trial_index":25,"time_elapsed":581166,"internal_node_id":"0.0-9.0-0.17"},{"rt":7147,"url":"../static/nodeGraphs_distractor.html","edge":"5to7","edgeRT":"7021","skip":"false","flipped":"FALSE","index":"18","edgeClickLog":"[{\"edgeSelection\":\"5to7\",\"edgeRTMS\":7021}]","trial_id":"test_3","congruency":"I","trial_group":"15to20","condition":"distractor","inference_edge":"4to8,6to8,2to4","inference_edgeClickLog":"[{\"edgeSelection\":\"4to8\",\"edgeRTMS\":3678},{\"edgeSelection\":\"6to8\",\"edgeRTMS\":4524},{\"edgeSelection\":\"2to4\",\"edgeRTMS\":5212}]","inference_edgeRT":"5212","inference_edge_last":"","task":"experiment","subjectId":"6rp49nd9c1ve61e","trial_type":"external-html","trial_index":26,"time_elapsed":588984,"internal_node_id":"0.0-9.0-0.18"},{"rt":12410,"url":"../static/nodeGraphs_distractor.html","edge":"1to5","edgeRT":"11335","skip":"false","flipped":"FALSE","index":"19","edgeClickLog":"[{\"edgeSelection\":\"1to5\",\"edgeRTMS\":11335}]","trial_id":"test_4","congruency":"I","trial_group":"15to20","condition":"distractor","inference_edge":"4to8,6to8,2to4","inference_edgeClickLog":"[{\"edgeSelection\":\"4to8\",\"edgeRTMS\":3678},{\"edgeSelection\":\"6to8\",\"edgeRTMS\":4524},{\"edgeSelection\":\"2to4\",\"edgeRTMS\":5212}]","inference_edgeRT":"5212","inference_edge_last":"","task":"experiment","subjectId":"6rp49nd9c1ve61e","trial_type":"external-html","trial_index":27,"time_elapsed":602065,"internal_node_id":"0.0-9.0-0.19"},{"rt":74956,"response":{"P0_Q0":null,"P0_Q1":6,"P0_Q2":3,"P0_Q3":5,"P0_Q4":7,"P0_Q5":5,"strategies":"The path that gave the highest average yield in points at the end","feedback":"Pleasure doing another one of your studies"},"accuracy":[],"trial_type":"survey","trial_index":28,"time_elapsed":677576,"internal_node_id":"0.0-10.0"},{"rt":3471,"stimulus":"<p>Thanks for your time!</p>        <p>We need to manually calculate your bonus pay, please give us up to 7 days.</p><p>Press any key to conclude.</p>","response":"arrowright","task":"end","subjectId":"6rp49nd9c1ve61e","trial_type":"html-keyboard-response","trial_index":29,"time_elapsed":681048,"internal_node_id":"0.0-11.0","interactions":"[{\"event\":\"focus\",\"trial\":0,\"time\":766},{\"event\":\"fullscreenenter\",\"trial\":1,\"time\":2472},{\"event\":\"blur\",\"trial\":21,\"time\":497883},{\"event\":\"fullscreenexit\",\"trial\":21,\"time\":497888},{\"event\":\"focus\",\"trial\":21,\"time\":498053}]"}]