[{"success":true,"timeout":false,"failed_images":[],"failed_audio":[],"failed_video":[],"trial_type":"preload","trial_index":0,"time_elapsed":303,"internal_node_id":"0.0-0.0"},{"success":true,"trial_type":"fullscreen","trial_index":1,"time_elapsed":6144,"internal_node_id":"0.0-1.0"},{"rt":2393,"stimulus":"Welcome to the experiment. Press any key to begin.","response":"enter","trial_type":"html-keyboard-response","trial_index":2,"time_elapsed":8538,"internal_node_id":"0.0-2.0"},{"view_history":[{"page_index":0,"viewing_time":2855},{"page_index":1,"viewing_time":2672},{"page_index":2,"viewing_time":14273},{"page_index":3,"viewing_time":5137},{"page_index":4,"viewing_time":815},{"page_index":5,"viewing_time":712},{"page_index":6,"viewing_time":1288},{"page_index":7,"viewing_time":12000},{"page_index":8,"viewing_time":12296},{"page_index":9,"viewing_time":5640},{"page_index":10,"viewing_time":1216},{"page_index":11,"viewing_time":592},{"page_index":12,"viewing_time":481},{"page_index":13,"viewing_time":1064},{"page_index":14,"viewing_time":2056},{"page_index":15,"viewing_time":4736},{"page_index":16,"viewing_time":920},{"page_index":17,"viewing_time":472},{"page_index":18,"viewing_time":936},{"page_index":19,"viewing_time":1760},{"page_index":20,"viewing_time":3784},{"page_index":21,"viewing_time":2592}],"rt":78295,"trial_type":"instructions","trial_index":3,"time_elapsed":86834,"internal_node_id":"0.0-3.0"},{"rt":125864,"url":"../static/nodeGraphsTraining_distractor.html","skip":[],"edgeClickLog":[],"inference_edge":[],"inference_edgeClickLog":[],"trial_type":"external-html","trial_index":4,"time_elapsed":212782,"internal_node_id":"0.0-4.0"},{"rt":23947,"response":{"q1":"The goal is to help the student to get the most points.","q2":"False","q3":"Possible edges you, as the teacher, can choose to teach the learner.","q4":"Possible edges you, as the teacher, can choose to teach the learner."},"question_order":[0,1,2,3],"trial_type":"survey-multi-choice","trial_index":5,"time_elapsed":236732,"internal_node_id":"0.0-5.0"},{"rt":21724,"response":{"q1":"The goal is to help the student to get the most points.","q2":"False","q3":"Possible edges you, as the teacher, can choose to teach the learner.","q4":"Edges that the student took before."},"question_order":[0,1,2,3],"trial_type":"survey-multi-choice","trial_index":6,"time_elapsed":258457,"internal_node_id":"0.0-6.0-0.0"},{"rt":11664,"stimulus":"<p>You can take a 60 second break before starting the experiment.</p><br><br><p>This page will advance in 60 seconds or you can press any key to advance now.</p>","response":" ","trial_type":"html-keyboard-response","trial_index":7,"time_elapsed":270123,"internal_node_id":"0.0-7.0"},{"view_history":[{"page_index":0,"viewing_time":8571}],"rt":8571,"trial_type":"instructions","trial_index":8,"time_elapsed":278694,"internal_node_id":"0.0-8.0"},{"rt":23310,"url":"../static/nodeGraphs_distractor.html","edge":"1to4","edgeRT":"7940","skip":"false","flipped":"FALSE","index":"0","edgeClickLog":"[{\"edgeSelection\":\"1to4\",\"edgeRTMS\":7940}]","trial_id":"cong_0","congruency":"C","trial_group":"1to5","condition":"distractor","inference_edge":"0to2,2to4,4to8","inference_edgeClickLog":"[{\"edgeSelection\":\"0to2\",\"edgeRTMS\":10483},{\"edgeSelection\":\"2to4\",\"edgeRTMS\":11778},{\"edgeSelection\":\"4to8\",\"edgeRTMS\":12827}]","inference_edgeRT":"12827","inference_edge_last":"4to8","task":"experiment","subjectId":"mnzcev5l2gjwscc","trial_type":"external-html","trial_index":9,"time_elapsed":302089,"internal_node_id":"0.0-9.0-0.0"},{"rt":17407,"url":"../static/nodeGraphs_distractor.html","edge":"2to6","edgeRT":"3799","skip":"false","flipped":"FALSE","index":"1","edgeClickLog":"[{\"edgeSelection\":\"2to6\",\"edgeRTMS\":3799}]","trial_id":"cong_1","congruency":"C","trial_group":"1to5","condition":"distractor","inference_edge":"2to6,6to9,2to4","inference_edgeClickLog":"[{\"edgeSelection\":\"2to6\",\"edgeRTMS\":5894},{\"edgeSelection\":\"6to9\",\"edgeRTMS\":8846},{\"edgeSelection\":\"2to4\",\"edgeRTMS\":11570}]","inference_edgeRT":"11570","inference_edge_last":"2to4","task":"experiment","subjectId":"mnzcev5l2gjwscc","trial_type":"external-html","trial_index":10,"time_elapsed":320075,"internal_node_id":"0.0-9.0-0.1"},{"rt":15077,"url":"../static/nodeGraphs_distractor.html","edge":"2to5","edgeRT":"2986","skip":"false","flipped":"FALSE","index":"2","edgeClickLog":"[{\"edgeSelection\":\"2to5\",\"edgeRTMS\":2986}]","trial_id":"cong_6","congruency":"C","trial_group":"1to5","condition":"distractor","inference_edge":"2to5,5to9,1to5","inference_edgeClickLog":"[{\"edgeSelection\":\"2to5\",\"edgeRTMS\":7061},{\"edgeSelection\":\"5to9\",\"edgeRTMS\":8447},{\"edgeSelection\":\"1to5\",\"edgeRTMS\":10290}]","inference_edgeRT":"10290","inference_edge_last":"1to5","task":"experiment","subjectId":"mnzcev5l2gjwscc","trial_type":"external-html","trial_index":11,"time_elapsed":335730,"internal_node_id":"0.0-9.0-0.2"},{"rt":14247,"url":"../static/nodeGraphs_distractor.html","edge":"2to4","edgeRT":"3728","skip":"false","flipped":"FALSE","index":"3","edgeClickLog":"[{\"edgeSelection\":\"2to4\",\"edgeRTMS\":3728}]","trial_id":"cong_4","congruency":"C","trial_group":"1to5","condition":"distractor","inference_edge":"2to4,4to8,5to8","inference_edgeClickLog":"[{\"edgeSelection\":\"2to4\",\"edgeRTMS\":5069},{\"edgeSelection\":\"4to8\",\"edgeRTMS\":7780},{\"edgeSelection\":\"5to8\",\"edgeRTMS\":9062}]","inference_edgeRT":"9062","inference_edge_last":"5to8","task":"experiment","subjectId":"mnzcev5l2gjwscc","trial_type":"external-html","trial_index":12,"time_elapsed":350567,"internal_node_id":"0.0-9.0-0.3"},{"rt":12331,"url":"../static/nodeGraphs_distractor.html","edge":"2to5","edgeRT":"1593","skip":"false","flipped":"FALSE","index":"4","edgeClickLog":"[{\"edgeSelection\":\"2to5\",\"edgeRTMS\":1593}]","trial_id":"cong_9","congruency":"C","trial_group":"1to5","condition":"distractor","inference_edge":"2to5,3to5,5to8","inference_edgeClickLog":"[{\"edgeSelection\":\"2to5\",\"edgeRTMS\":6130},{\"edgeSelection\":\"3to5\",\"edgeRTMS\":7160},{\"edgeSelection\":\"5to8\",\"edgeRTMS\":7947}]","inference_edgeRT":"7947","inference_edge_last":"5to8","task":"experiment","subjectId":"mnzcev5l2gjwscc","trial_type":"external-html","trial_index":13,"time_elapsed":363489,"internal_node_id":"0.0-9.0-0.4"},{"rt":13561,"url":"../static/nodeGraphs_distractor.html","edge":"3to6","edgeRT":"2383","skip":"false","flipped":"TRUE","index":"5","edgeClickLog":"[{\"edgeSelection\":\"3to6\",\"edgeRTMS\":2383}]","trial_id":"cong_0_flipped","congruency":"C","trial_group":"5to10","condition":"distractor","inference_edge":"3to6,0to3,0to2","inference_edgeClickLog":"[{\"edgeSelection\":\"3to6\",\"edgeRTMS\":4499},{\"edgeSelection\":\"0to3\",\"edgeRTMS\":6074},{\"edgeSelection\":\"0to2\",\"edgeRTMS\":9401}]","inference_edgeRT":"9401","inference_edge_last":"0to2","task":"experiment","subjectId":"mnzcev5l2gjwscc","trial_type":"external-html","trial_index":14,"time_elapsed":377636,"internal_node_id":"0.0-9.0-0.5"},{"rt":10231,"url":"../static/nodeGraphs_distractor.html","edge":"2to4","edgeRT":"886","skip":"false","flipped":"TRUE","index":"6","edgeClickLog":"[{\"edgeSelection\":\"2to4\",\"edgeRTMS\":886}]","trial_id":"cong_1_flipped","congruency":"C","trial_group":"5to10","condition":"distractor","inference_edge":"2to4,2to6,0to2","inference_edgeClickLog":"[{\"edgeSelection\":\"2to4\",\"edgeRTMS\":3617},{\"edgeSelection\":\"2to6\",\"edgeRTMS\":5940},{\"edgeSelection\":\"0to2\",\"edgeRTMS\":7890}]","inference_edgeRT":"7890","inference_edge_last":"0to2","task":"experiment","subjectId":"mnzcev5l2gjwscc","trial_type":"external-html","trial_index":15,"time_elapsed":388454,"internal_node_id":"0.0-9.0-0.6"},{"rt":10534,"url":"../static/nodeGraphs_distractor.html","edge":"2to5","edgeRT":"1121","skip":"false","flipped":"TRUE","index":"7","edgeClickLog":"[{\"edgeSelection\":\"2to5\",\"edgeRTMS\":1121}]","trial_id":"cong_6_flipped","congruency":"C","trial_group":"5to10","condition":"distractor","inference_edge":"2to5,2to6,6to9","inference_edgeClickLog":"[{\"edgeSelection\":\"2to5\",\"edgeRTMS\":3844},{\"edgeSelection\":\"2to6\",\"edgeRTMS\":4855},{\"edgeSelection\":\"6to9\",\"edgeRTMS\":7598}]","inference_edgeRT":"7598","inference_edge_last":"6to9","task":"experiment","subjectId":"mnzcev5l2gjwscc","trial_type":"external-html","trial_index":16,"time_elapsed":399587,"internal_node_id":"0.0-9.0-0.7"},{"rt":12111,"url":"../static/nodeGraphs_distractor.html","edge":"2to6","edgeRT":"1719","skip":"false","flipped":"TRUE","index":"8","edgeClickLog":"[{\"edgeSelection\":\"2to6\",\"edgeRTMS\":1719}]","trial_id":"cong_4_flipped","congruency":"C","trial_group":"5to10","condition":"distractor","inference_edge":"2to6,6to8,2to5","inference_edgeClickLog":"[{\"edgeSelection\":\"3to5\",\"edgeRTMS\":3572},{\"edgeSelection\":\"3to5\",\"edgeRTMS\":4591},{\"edgeSelection\":\"2to6\",\"edgeRTMS\":5526},{\"edgeSelection\":\"6to8\",\"edgeRTMS\":7959},{\"edgeSelection\":\"2to5\",\"edgeRTMS\":8980}]","inference_edgeRT":"8980","inference_edge_last":"2to5","task":"experiment","subjectId":"mnzcev5l2gjwscc","trial_type":"external-html","trial_index":17,"time_elapsed":412279,"internal_node_id":"0.0-9.0-0.8"},{"rt":10127,"url":"../static/nodeGraphs_distractor.html","edge":"2to5","edgeRT":"1985","skip":"false","flipped":"TRUE","index":"9","edgeClickLog":"[{\"edgeSelection\":\"2to5\",\"edgeRTMS\":1985}]","trial_id":"cong_9_flipped","congruency":"C","trial_group":"5to10","condition":"distractor","inference_edge":"2to5,1to5,5to8","inference_edgeClickLog":"[{\"edgeSelection\":\"2to5\",\"edgeRTMS\":4111},{\"edgeSelection\":\"1to5\",\"edgeRTMS\":5260},{\"edgeSelection\":\"5to8\",\"edgeRTMS\":6054}]","inference_edgeRT":"6054","inference_edge_last":"5to8","task":"experiment","subjectId":"mnzcev5l2gjwscc","trial_type":"external-html","trial_index":18,"time_elapsed":422987,"internal_node_id":"0.0-9.0-0.9"},{"rt":24703,"url":"../static/nodeGraphs_distractor.html","edge":"1to4","edgeRT":"3393","skip":"false","flipped":"FALSE","index":"10","edgeClickLog":"[{\"edgeSelection\":\"1to4\",\"edgeRTMS\":3393}]","trial_id":"cong_0","congruency":"C","trial_group":"10to15","condition":"distractor","inference_edge":"1to4,2to4,1to5","inference_edgeClickLog":"[{\"edgeSelection\":\"1to4\",\"edgeRTMS\":17942},{\"edgeSelection\":\"2to4\",\"edgeRTMS\":18857},{\"edgeSelection\":\"1to5\",\"edgeRTMS\":20047}]","inference_edgeRT":"20047","inference_edge_last":"1to5","task":"experiment","subjectId":"mnzcev5l2gjwscc","trial_type":"external-html","trial_index":19,"time_elapsed":448275,"internal_node_id":"0.0-9.0-0.10"},{"rt":8208,"url":"../static/nodeGraphs_distractor.html","edge":"2to6","edgeRT":"2124","skip":"false","flipped":"FALSE","index":"11","edgeClickLog":"[{\"edgeSelection\":\"2to6\",\"edgeRTMS\":2124}]","trial_id":"cong_1","congruency":"C","trial_group":"10to15","condition":"distractor","inference_edge":"3to5,2to6,3to6","inference_edgeClickLog":"[{\"edgeSelection\":\"3to5\",\"edgeRTMS\":2175},{\"edgeSelection\":\"2to6\",\"edgeRTMS\":3232},{\"edgeSelection\":\"3to6\",\"edgeRTMS\":4877}]","inference_edgeRT":"4877","inference_edge_last":"3to6","task":"experiment","subjectId":"mnzcev5l2gjwscc","trial_type":"external-html","trial_index":20,"time_elapsed":457065,"internal_node_id":"0.0-9.0-0.11"},{"rt":12255,"url":"../static/nodeGraphs_distractor.html","edge":"2to5","edgeRT":"815","skip":"false","flipped":"FALSE","index":"12","edgeClickLog":"[{\"edgeSelection\":\"2to5\",\"edgeRTMS\":815}]","trial_id":"cong_6","congruency":"C","trial_group":"10to15","condition":"distractor","inference_edge":"2to5,5to9,2to4","inference_edgeClickLog":"[{\"edgeSelection\":\"1to5\",\"edgeRTMS\":2675},{\"edgeSelection\":\"1to5\",\"edgeRTMS\":4367},{\"edgeSelection\":\"2to5\",\"edgeRTMS\":5083},{\"edgeSelection\":\"5to9\",\"edgeRTMS\":7646},{\"edgeSelection\":\"2to4\",\"edgeRTMS\":9253}]","inference_edgeRT":"9253","inference_edge_last":"2to4","task":"experiment","subjectId":"mnzcev5l2gjwscc","trial_type":"external-html","trial_index":21,"time_elapsed":469902,"internal_node_id":"0.0-9.0-0.12"},{"rt":9896,"url":"../static/nodeGraphs_distractor.html","edge":"2to4","edgeRT":"1976","skip":"false","flipped":"FALSE","index":"13","edgeClickLog":"[{\"edgeSelection\":\"2to4\",\"edgeRTMS\":1976}]","trial_id":"cong_4","congruency":"C","trial_group":"10to15","condition":"distractor","inference_edge":"2to4,0to2,4to8","inference_edgeClickLog":"[{\"edgeSelection\":\"2to4\",\"edgeRTMS\":3019},{\"edgeSelection\":\"0to2\",\"edgeRTMS\":4051},{\"edgeSelection\":\"4to8\",\"edgeRTMS\":5177}]","inference_edgeRT":"5177","inference_edge_last":"4to8","task":"experiment","subjectId":"mnzcev5l2gjwscc","trial_type":"external-html","trial_index":22,"time_elapsed":480380,"internal_node_id":"0.0-9.0-0.13"},{"rt":8846,"url":"../static/nodeGraphs_distractor.html","edge":"2to5","edgeRT":"1586","skip":"false","flipped":"FALSE","index":"14","edgeClickLog":"[{\"edgeSelection\":\"2to5\",\"edgeRTMS\":1586}]","trial_id":"cong_9","congruency":"C","trial_group":"10to15","condition":"distractor","inference_edge":"2to5,5to8,5to9","inference_edgeClickLog":"[{\"edgeSelection\":\"2to5\",\"edgeRTMS\":4350},{\"edgeSelection\":\"5to8\",\"edgeRTMS\":5223},{\"edgeSelection\":\"5to9\",\"edgeRTMS\":6122}]","inference_edgeRT":"6122","inference_edge_last":"5to9","task":"experiment","subjectId":"mnzcev5l2gjwscc","trial_type":"external-html","trial_index":23,"time_elapsed":489804,"internal_node_id":"0.0-9.0-0.14"},{"rt":74265,"url":"../static/nodeGraphs_distractor.html","edge":"6to8","edgeRT":"9904","skip":"false","flipped":"FALSE","index":"15","edgeClickLog":"[{\"edgeSelection\":\"6to8\",\"edgeRTMS\":9904}]","trial_id":"test_0","congruency":"I","trial_group":"15to20","condition":"distractor","inference_edge":"2to5,5to8,5to9","inference_edgeClickLog":"[{\"edgeSelection\":\"2to5\",\"edgeRTMS\":4350},{\"edgeSelection\":\"5to8\",\"edgeRTMS\":5223},{\"edgeSelection\":\"5to9\",\"edgeRTMS\":6122}]","inference_edgeRT":"6122","inference_edge_last":"","task":"experiment","subjectId":"mnzcev5l2gjwscc","trial_type":"external-html","trial_index":24,"time_elapsed":564646,"internal_node_id":"0.0-9.0-0.15"},{"rt":6714,"url":"../static/nodeGraphs_distractor.html","edge":"3to6","edgeRT":"4373","skip":"false","flipped":"FALSE","index":"16","edgeClickLog":"[{\"edgeSelection\":\"3to6\",\"edgeRTMS\":4373}]","trial_id":"test_1","congruency":"I","trial_group":"15to20","condition":"distractor","inference_edge":"2to5,5to8,5to9","inference_edgeClickLog":"[{\"edgeSelection\":\"2to5\",\"edgeRTMS\":4350},{\"edgeSelection\":\"5to8\",\"edgeRTMS\":5223},{\"edgeSelection\":\"5to9\",\"edgeRTMS\":6122}]","inference_edgeRT":"6122","inference_edge_last":"","task":"experiment","subjectId":"mnzcev5l2gjwscc","trial_type":"external-html","trial_index":25,"time_elapsed":571944,"internal_node_id":"0.0-9.0-0.16"},{"rt":4250,"url":"../static/nodeGraphs_distractor.html","edge":"3to6","edgeRT":"3262","skip":"false","flipped":"FALSE","index":"17","edgeClickLog":"[{\"edgeSelection\":\"3to6\",\"edgeRTMS\":3262}]","trial_id":"test_2","congruency":"I","trial_group":"15to20","condition":"distractor","inference_edge":"2to5,5to8,5to9","inference_edgeClickLog":"[{\"edgeSelection\":\"2to5\",\"edgeRTMS\":4350},{\"edgeSelection\":\"5to8\",\"edgeRTMS\":5223},{\"edgeSelection\":\"5to9\",\"edgeRTMS\":6122}]","inference_edgeRT":"6122","inference_edge_last":"","task":"experiment","subjectId":"mnzcev5l2gjwscc","trial_type":"external-html","trial_index":26,"time_elapsed":576772,"internal_node_id":"0.0-9.0-0.17"},{"rt":3176,"url":"../static/nodeGraphs_distractor.html","edge":"1to5","edgeRT":"2571","skip":"false","flipped":"FALSE","index":"18","edgeClickLog":"[{\"edgeSelection\":\"1to5\",\"edgeRTMS\":2571}]","trial_id":"test_3","congruency":"I","trial_group":"15to20","condition":"distractor","inference_edge":"2to5,5to8,5to9","inference_edgeClickLog":"[{\"edgeSelection\":\"2to5\",\"edgeRTMS\":4350},{\"edgeSelection\":\"5to8\",\"edgeRTMS\":5223},{\"edgeSelection\":\"5to9\",\"edgeRTMS\":6122}]","inference_edgeRT":"6122","inference_edge_last":"","task":"experiment","subjectId":"mnzcev5l2gjwscc","trial_type":"external-html","trial_index":27,"time_elapsed":580533,"internal_node_id":"0.0-9.0-0.18"},{"rt":2790,"url":"../static/nodeGraphs_distractor.html","edge":"6to9","edgeRT":"2229","skip":"false","flipped":"FALSE","index":"19","edgeClickLog":"[{\"edgeSelection\":\"6to9\",\"edgeRTMS\":2229}]","trial_id":"test_4","congruency":"I","trial_group":"15to20","condition":"distractor","inference_edge":"2to5,5to8,5to9","inference_edgeClickLog":"[{\"edgeSelection\":\"2to5\",\"edgeRTMS\":4350},{\"edgeSelection\":\"5to8\",\"edgeRTMS\":5223},{\"edgeSelection\":\"5to9\",\"edgeRTMS\":6122}]","inference_edgeRT":"6122","inference_edge_last":"","task":"experiment","subjectId":"mnzcev5l2gjwscc","trial_type":"external-html","trial_index":28,"time_elapsed":583903,"internal_node_id":"0.0-9.0-0.19"},{"rt":19615,"response":{"P0_Q0":null,"P0_Q1":5,"P0_Q2":6,"P0_Q3":6,"P0_Q4":5,"P0_Q5":1,"strategies":"I always tried to link the highest scoring nodes. ","feedback":"No."},"accuracy":[],"trial_type":"survey","trial_index":29,"time_elapsed":604074,"internal_node_id":"0.0-10.0"},{"rt":2975,"stimulus":"<p>Thanks for your time!</p>        <p>We need to manually calculate your bonus pay, please give us up to 7 days.</p><p>Press any key to conclude.</p>","response":" ","task":"end","subjectId":"mnzcev5l2gjwscc","trial_type":"html-keyboard-response","trial_index":30,"time_elapsed":607051,"internal_node_id":"0.0-11.0","interactions":"[{\"event\":\"fullscreenenter\",\"trial\":1,\"time\":5226},{\"event\":\"blur\",\"trial\":4,\"time\":107221},{\"event\":\"focus\",\"trial\":4,\"time\":107221},{\"event\":\"fullscreenexit\",\"trial\":4,\"time\":107225},{\"event\":\"blur\",\"trial\":7,\"time\":263116},{\"event\":\"focus\",\"trial\":7,\"time\":263217},{\"event\":\"blur\",\"trial\":19,\"time\":425634},{\"event\":\"focus\",\"trial\":19,\"time\":436512},{\"event\":\"blur\",\"trial\":24,\"time\":493789},{\"event\":\"focus\",\"trial\":24,\"time\":549071}]"}]