[{"success":true,"timeout":false,"failed_images":[],"failed_audio":[],"failed_video":[],"trial_type":"preload","trial_index":0,"time_elapsed":342,"internal_node_id":"0.0-0.0"},{"success":true,"trial_type":"fullscreen","trial_index":1,"time_elapsed":5997,"internal_node_id":"0.0-1.0"},{"rt":6495,"stimulus":"Welcome to the experiment. Press any key to begin.","response":" ","trial_type":"html-keyboard-response","trial_index":2,"time_elapsed":12493,"internal_node_id":"0.0-2.0"},{"view_history":[{"page_index":0,"viewing_time":8156},{"page_index":1,"viewing_time":6832},{"page_index":2,"viewing_time":43583},{"page_index":3,"viewing_time":5305},{"page_index":4,"viewing_time":3655},{"page_index":5,"viewing_time":2104},{"page_index":6,"viewing_time":3792},{"page_index":7,"viewing_time":13368},{"page_index":8,"viewing_time":14696},{"page_index":9,"viewing_time":12642},{"page_index":10,"viewing_time":1855},{"page_index":11,"viewing_time":824},{"page_index":12,"viewing_time":879},{"page_index":13,"viewing_time":2361},{"page_index":14,"viewing_time":4864},{"page_index":15,"viewing_time":8320},{"page_index":16,"viewing_time":2057},{"page_index":17,"viewing_time":767},{"page_index":18,"viewing_time":1456},{"page_index":19,"viewing_time":6297},{"page_index":20,"viewing_time":8751},{"page_index":21,"viewing_time":5800}],"rt":158364,"trial_type":"instructions","trial_index":3,"time_elapsed":170857,"internal_node_id":"0.0-3.0"},{"rt":95837,"url":"../static/nodeGraphsTraining_normal.html","skip":[],"edgeClickLog":[],"inference_edge":[],"inference_edgeClickLog":[],"trial_type":"external-html","trial_index":4,"time_elapsed":266776,"internal_node_id":"0.0-4.0"},{"rt":38663,"response":{"q1":"The goal is to help the student to get the most points","q2":"False","q3":"Possible paths you, as the teacher, can choose to teach the learner.","q4":"Paths that the student took before."},"question_order":[0,1,2,3],"trial_type":"survey-multi-choice","trial_index":5,"time_elapsed":305441,"internal_node_id":"0.0-5.0"},{"rt":7417,"stimulus":"<p>You can take a 60 second break before starting the experiment.</p><br><br><p>This page will advance in 60 seconds or you can press any key to advance now.</p>","response":"v","trial_type":"html-keyboard-response","trial_index":6,"time_elapsed":312859,"internal_node_id":"0.0-7.0"},{"view_history":[{"page_index":0,"viewing_time":29236}],"rt":29236,"trial_type":"instructions","trial_index":7,"time_elapsed":342096,"internal_node_id":"0.0-8.0"},{"rt":17391,"url":"../static/nodeGraphs_normal.html","edge":"1to4","edgeRT":"14201","skip":"false","flipped":"FALSE","index":"0","edgeClickLog":"[{\"edgeSelection\":\"1to4\",\"edgeRTMS\":8293},{\"edgeSelection\":\"4to7\",\"edgeRTMS\":12288},{\"edgeSelection\":\"1to4\",\"edgeRTMS\":14201}]","trial_id":"cong_0","congruency":"C","trial_group":"1to5","condition":"normal","inference_edge":[],"inference_edgeClickLog":[],"task":"experiment","subjectId":"26nu95w1e0m8q4q","trial_type":"external-html","trial_index":8,"time_elapsed":359569,"internal_node_id":"0.0-9.0-0.0"},{"rt":9092,"url":"../static/nodeGraphs_normal.html","edge":"2to6","edgeRT":"7274","skip":"false","flipped":"FALSE","index":"1","edgeClickLog":"[{\"edgeSelection\":\"2to6\",\"edgeRTMS\":7274}]","trial_id":"cong_1","congruency":"C","trial_group":"1to5","condition":"normal","inference_edge":[],"inference_edgeClickLog":[],"task":"experiment","subjectId":"26nu95w1e0m8q4q","trial_type":"external-html","trial_index":9,"time_elapsed":369250,"internal_node_id":"0.0-9.0-0.1"},{"rt":12247,"url":"../static/nodeGraphs_normal.html","edge":"2to5","edgeRT":"10258","skip":"false","flipped":"FALSE","index":"2","edgeClickLog":"[{\"edgeSelection\":\"4to7\",\"edgeRTMS\":5832},{\"edgeSelection\":\"2to5\",\"edgeRTMS\":10258}]","trial_id":"cong_6","congruency":"C","trial_group":"1to5","condition":"normal","inference_edge":[],"inference_edgeClickLog":[],"task":"experiment","subjectId":"26nu95w1e0m8q4q","trial_type":"external-html","trial_index":10,"time_elapsed":382080,"internal_node_id":"0.0-9.0-0.2"},{"rt":6618,"url":"../static/nodeGraphs_normal.html","edge":"2to4","edgeRT":"4369","skip":"false","flipped":"FALSE","index":"3","edgeClickLog":"[{\"edgeSelection\":\"2to4\",\"edgeRTMS\":4369}]","trial_id":"cong_4","congruency":"C","trial_group":"1to5","condition":"normal","inference_edge":[],"inference_edgeClickLog":[],"task":"experiment","subjectId":"26nu95w1e0m8q4q","trial_type":"external-html","trial_index":11,"time_elapsed":389283,"internal_node_id":"0.0-9.0-0.3"},{"rt":5976,"url":"../static/nodeGraphs_normal.html","edge":"2to5","edgeRT":"4390","skip":"false","flipped":"FALSE","index":"4","edgeClickLog":"[{\"edgeSelection\":\"2to5\",\"edgeRTMS\":4390}]","trial_id":"cong_9","congruency":"C","trial_group":"1to5","condition":"normal","inference_edge":[],"inference_edgeClickLog":[],"task":"experiment","subjectId":"26nu95w1e0m8q4q","trial_type":"external-html","trial_index":12,"time_elapsed":395841,"internal_node_id":"0.0-9.0-0.4"},{"rt":5276,"url":"../static/nodeGraphs_normal.html","edge":"2to6","edgeRT":"4161","skip":"false","flipped":"TRUE","index":"5","edgeClickLog":"[{\"edgeSelection\":\"2to6\",\"edgeRTMS\":4161}]","trial_id":"cong_0_flipped","congruency":"C","trial_group":"5to10","condition":"normal","inference_edge":[],"inference_edgeClickLog":[],"task":"experiment","subjectId":"26nu95w1e0m8q4q","trial_type":"external-html","trial_index":13,"time_elapsed":401697,"internal_node_id":"0.0-9.0-0.5"},{"rt":6080,"url":"../static/nodeGraphs_normal.html","edge":"2to4","edgeRT":"4170","skip":"false","flipped":"TRUE","index":"6","edgeClickLog":"[{\"edgeSelection\":\"2to4\",\"edgeRTMS\":4170}]","trial_id":"cong_1_flipped","congruency":"C","trial_group":"5to10","condition":"normal","inference_edge":[],"inference_edgeClickLog":[],"task":"experiment","subjectId":"26nu95w1e0m8q4q","trial_type":"external-html","trial_index":14,"time_elapsed":408361,"internal_node_id":"0.0-9.0-0.6"},{"rt":5290,"url":"../static/nodeGraphs_normal.html","edge":"2to5","edgeRT":"3433","skip":"false","flipped":"TRUE","index":"7","edgeClickLog":"[{\"edgeSelection\":\"2to5\",\"edgeRTMS\":3433}]","trial_id":"cong_6_flipped","congruency":"C","trial_group":"5to10","condition":"normal","inference_edge":[],"inference_edgeClickLog":[],"task":"experiment","subjectId":"26nu95w1e0m8q4q","trial_type":"external-html","trial_index":15,"time_elapsed":414232,"internal_node_id":"0.0-9.0-0.7"},{"rt":5354,"url":"../static/nodeGraphs_normal.html","edge":"2to6","edgeRT":"3602","skip":"false","flipped":"TRUE","index":"8","edgeClickLog":"[{\"edgeSelection\":\"2to6\",\"edgeRTMS\":3602}]","trial_id":"cong_4_flipped","congruency":"C","trial_group":"5to10","condition":"normal","inference_edge":[],"inference_edgeClickLog":[],"task":"experiment","subjectId":"26nu95w1e0m8q4q","trial_type":"external-html","trial_index":16,"time_elapsed":420177,"internal_node_id":"0.0-9.0-0.8"},{"rt":5181,"url":"../static/nodeGraphs_normal.html","edge":"2to5","edgeRT":"4192","skip":"false","flipped":"TRUE","index":"9","edgeClickLog":"[{\"edgeSelection\":\"2to5\",\"edgeRTMS\":4192}]","trial_id":"cong_9_flipped","congruency":"C","trial_group":"5to10","condition":"normal","inference_edge":[],"inference_edgeClickLog":[],"task":"experiment","subjectId":"26nu95w1e0m8q4q","trial_type":"external-html","trial_index":17,"time_elapsed":425945,"internal_node_id":"0.0-9.0-0.9"},{"rt":5361,"url":"../static/nodeGraphs_normal.html","edge":"1to4","edgeRT":"4329","skip":"false","flipped":"FALSE","index":"10","edgeClickLog":"[{\"edgeSelection\":\"1to4\",\"edgeRTMS\":4329}]","trial_id":"cong_0","congruency":"C","trial_group":"10to15","condition":"normal","inference_edge":[],"inference_edgeClickLog":[],"task":"experiment","subjectId":"26nu95w1e0m8q4q","trial_type":"external-html","trial_index":18,"time_elapsed":431889,"internal_node_id":"0.0-9.0-0.10"},{"rt":5957,"url":"../static/nodeGraphs_normal.html","edge":"2to6","edgeRT":"4512","skip":"false","flipped":"FALSE","index":"11","edgeClickLog":"[{\"edgeSelection\":\"2to6\",\"edgeRTMS\":4512}]","trial_id":"cong_1","congruency":"C","trial_group":"10to15","condition":"normal","inference_edge":[],"inference_edgeClickLog":[],"task":"experiment","subjectId":"26nu95w1e0m8q4q","trial_type":"external-html","trial_index":19,"time_elapsed":438433,"internal_node_id":"0.0-9.0-0.11"},{"rt":6799,"url":"../static/nodeGraphs_normal.html","edge":"2to5","edgeRT":"5696","skip":"false","flipped":"FALSE","index":"12","edgeClickLog":"[{\"edgeSelection\":\"2to5\",\"edgeRTMS\":3904},{\"edgeSelection\":\"2to5\",\"edgeRTMS\":5696}]","trial_id":"cong_6","congruency":"C","trial_group":"10to15","condition":"normal","inference_edge":[],"inference_edgeClickLog":[],"task":"experiment","subjectId":"26nu95w1e0m8q4q","trial_type":"external-html","trial_index":20,"time_elapsed":445825,"internal_node_id":"0.0-9.0-0.12"},{"rt":4747,"url":"../static/nodeGraphs_normal.html","edge":"2to4","edgeRT":"3296","skip":"false","flipped":"FALSE","index":"13","edgeClickLog":"[{\"edgeSelection\":\"2to4\",\"edgeRTMS\":3296}]","trial_id":"cong_4","congruency":"C","trial_group":"10to15","condition":"normal","inference_edge":[],"inference_edgeClickLog":[],"task":"experiment","subjectId":"26nu95w1e0m8q4q","trial_type":"external-html","trial_index":21,"time_elapsed":451170,"internal_node_id":"0.0-9.0-0.13"},{"rt":6857,"url":"../static/nodeGraphs_normal.html","edge":"2to5","edgeRT":"5823","skip":"false","flipped":"FALSE","index":"14","edgeClickLog":"[{\"edgeSelection\":\"2to5\",\"edgeRTMS\":3368},{\"edgeSelection\":\"2to5\",\"edgeRTMS\":5823}]","trial_id":"cong_9","congruency":"C","trial_group":"10to15","condition":"normal","inference_edge":[],"inference_edgeClickLog":[],"task":"experiment","subjectId":"26nu95w1e0m8q4q","trial_type":"external-html","trial_index":22,"time_elapsed":458608,"internal_node_id":"0.0-9.0-0.14"},{"rt":9467,"url":"../static/nodeGraphs_normal.html","edge":"2to6","edgeRT":"2905","skip":"false","flipped":"FALSE","index":"15","edgeClickLog":"[{\"edgeSelection\":\"2to6\",\"edgeRTMS\":2905}]","trial_id":"test_0","congruency":"I","trial_group":"15to20","condition":"normal","inference_edge":[],"inference_edgeClickLog":[],"task":"experiment","subjectId":"26nu95w1e0m8q4q","trial_type":"external-html","trial_index":23,"time_elapsed":468656,"internal_node_id":"0.0-9.0-0.15"},{"rt":9343,"url":"../static/nodeGraphs_normal.html","edge":"0to3","edgeRT":"5425","skip":"false","flipped":"FALSE","index":"16","edgeClickLog":"[{\"edgeSelection\":\"0to3\",\"edgeRTMS\":5425}]","trial_id":"test_1","congruency":"I","trial_group":"15to20","condition":"normal","inference_edge":[],"inference_edgeClickLog":[],"task":"experiment","subjectId":"26nu95w1e0m8q4q","trial_type":"external-html","trial_index":24,"time_elapsed":478586,"internal_node_id":"0.0-9.0-0.16"},{"rt":5378,"url":"../static/nodeGraphs_normal.html","edge":"0to3","edgeRT":"4192","skip":"false","flipped":"FALSE","index":"17","edgeClickLog":"[{\"edgeSelection\":\"0to3\",\"edgeRTMS\":4192}]","trial_id":"test_2","congruency":"I","trial_group":"15to20","condition":"normal","inference_edge":[],"inference_edgeClickLog":[],"task":"experiment","subjectId":"26nu95w1e0m8q4q","trial_type":"external-html","trial_index":25,"time_elapsed":484546,"internal_node_id":"0.0-9.0-0.17"},{"rt":5545,"url":"../static/nodeGraphs_normal.html","edge":"0to1","edgeRT":"3832","skip":"false","flipped":"FALSE","index":"18","edgeClickLog":"[{\"edgeSelection\":\"0to1\",\"edgeRTMS\":3832}]","trial_id":"test_3","congruency":"I","trial_group":"15to20","condition":"normal","inference_edge":[],"inference_edgeClickLog":[],"task":"experiment","subjectId":"26nu95w1e0m8q4q","trial_type":"external-html","trial_index":26,"time_elapsed":490674,"internal_node_id":"0.0-9.0-0.18"},{"rt":14257,"url":"../static/nodeGraphs_normal.html","edge":"0to3","edgeRT":"13040","skip":"false","flipped":"FALSE","index":"19","edgeClickLog":"[{\"edgeSelection\":\"0to3\",\"edgeRTMS\":13040}]","trial_id":"test_4","congruency":"I","trial_group":"15to20","condition":"normal","inference_edge":[],"inference_edgeClickLog":[],"task":"experiment","subjectId":"26nu95w1e0m8q4q","trial_type":"external-html","trial_index":27,"time_elapsed":505513,"internal_node_id":"0.0-9.0-0.19"},{"rt":65297,"response":{"P0_Q0":null,"P0_Q1":4,"P0_Q2":2,"P0_Q3":7,"P0_Q4":4,"P0_Q5":5,"strategies":"just getting most points","feedback":"no"},"accuracy":[],"trial_type":"survey","trial_index":28,"time_elapsed":571362,"internal_node_id":"0.0-10.0"},{"rt":7961,"stimulus":"<p>Thanks for your time!</p>        <p>We need to manually calculate your bonus pay, please give us up to 7 days.</p><p>Press any key to conclude.</p>","response":" ","task":"end","subjectId":"26nu95w1e0m8q4q","trial_type":"html-keyboard-response","trial_index":29,"time_elapsed":579325,"internal_node_id":"0.0-11.0","interactions":"[{\"event\":\"fullscreenenter\",\"trial\":1,\"time\":5029},{\"event\":\"blur\",\"trial\":4,\"time\":190694},{\"event\":\"focus\",\"trial\":4,\"time\":190694},{\"event\":\"fullscreenexit\",\"trial\":4,\"time\":190700}]"}]