[{"success":true,"timeout":false,"failed_images":[],"failed_audio":[],"failed_video":[],"trial_type":"preload","trial_index":0,"time_elapsed":693,"internal_node_id":"0.0-0.0"},{"success":true,"trial_type":"fullscreen","trial_index":1,"time_elapsed":3752,"internal_node_id":"0.0-1.0"},{"rt":3326,"stimulus":"Welcome to the experiment. Press any key to begin.","response":" ","trial_type":"html-keyboard-response","trial_index":2,"time_elapsed":7080,"internal_node_id":"0.0-2.0"},{"view_history":[{"page_index":0,"viewing_time":2968},{"page_index":1,"viewing_time":6200},{"page_index":2,"viewing_time":33568},{"page_index":3,"viewing_time":11215},{"page_index":4,"viewing_time":6825},{"page_index":5,"viewing_time":1431},{"page_index":6,"viewing_time":1040},{"page_index":7,"viewing_time":2240},{"page_index":8,"viewing_time":9056},{"page_index":9,"viewing_time":8800},{"page_index":10,"viewing_time":9880},{"page_index":11,"viewing_time":3512},{"page_index":12,"viewing_time":2488},{"page_index":13,"viewing_time":2064},{"page_index":14,"viewing_time":4600},{"page_index":15,"viewing_time":2984},{"page_index":16,"viewing_time":2448},{"page_index":17,"viewing_time":1832},{"page_index":18,"viewing_time":912},{"page_index":19,"viewing_time":2248},{"page_index":20,"viewing_time":5616},{"page_index":21,"viewing_time":3432}],"rt":125359,"trial_type":"instructions","trial_index":3,"time_elapsed":132441,"internal_node_id":"0.0-3.0"},{"rt":145143,"url":"../static/nodeGraphsTraining_distractor.html","skip":[],"edgeClickLog":[],"inference_edge":[],"inference_edgeClickLog":[],"trial_type":"external-html","trial_index":4,"time_elapsed":277736,"internal_node_id":"0.0-4.0"},{"rt":40374,"response":{"q1":"The goal is to help the student to get the most points.","q2":"False","q3":"Possible edges you, as the teacher, can choose to teach the learner.","q4":"Edges that the student took before."},"question_order":[0,1,2,3],"trial_type":"survey-multi-choice","trial_index":5,"time_elapsed":318114,"internal_node_id":"0.0-5.0"},{"rt":13973,"stimulus":"<p>You can take a 60 second break before starting the experiment.</p><br><br><p>This page will advance in 60 seconds or you can press any key to advance now.</p>","response":" ","trial_type":"html-keyboard-response","trial_index":6,"time_elapsed":332089,"internal_node_id":"0.0-7.0"},{"view_history":[{"page_index":0,"viewing_time":5212}],"rt":5212,"trial_type":"instructions","trial_index":7,"time_elapsed":337302,"internal_node_id":"0.0-8.0"},{"rt":33273,"url":"../static/nodeGraphs_distractor.html","edge":"0to1","edgeRT":"10835","skip":"false","flipped":"FALSE","index":"0","edgeClickLog":"[{\"edgeSelection\":\"0to1\",\"edgeRTMS\":10835}]","trial_id":"cong_0","congruency":"C","trial_group":"1to5","condition":"distractor","inference_edge":"0to1,1to4,0to2","inference_edgeClickLog":"[{\"edgeSelection\":\"0to1\",\"edgeRTMS\":6925},{\"edgeSelection\":\"1to4\",\"edgeRTMS\":9668},{\"edgeSelection\":\"0to2\",\"edgeRTMS\":16020}]","inference_edgeRT":"16020","inference_edge_last":"0to2","task":"experiment","subjectId":"lokj06528vwsuoj","trial_type":"external-html","trial_index":8,"time_elapsed":370727,"internal_node_id":"0.0-9.0-0.0"},{"rt":31548,"url":"../static/nodeGraphs_distractor.html","edge":"0to2","edgeRT":"9858","skip":"false","flipped":"FALSE","index":"1","edgeClickLog":"[{\"edgeSelection\":\"0to2\",\"edgeRTMS\":9858}]","trial_id":"cong_1","congruency":"C","trial_group":"1to5","condition":"distractor","inference_edge":"0to2,2to6,2to4","inference_edgeClickLog":"[{\"edgeSelection\":\"0to2\",\"edgeRTMS\":10118},{\"edgeSelection\":\"2to6\",\"edgeRTMS\":13758},{\"edgeSelection\":\"2to4\",\"edgeRTMS\":16413}]","inference_edgeRT":"16413","inference_edge_last":"2to4","task":"experiment","subjectId":"lokj06528vwsuoj","trial_type":"external-html","trial_index":9,"time_elapsed":402928,"internal_node_id":"0.0-9.0-0.1"},{"rt":23280,"url":"../static/nodeGraphs_distractor.html","edge":"2to5","edgeRT":"7803","skip":"false","flipped":"FALSE","index":"2","edgeClickLog":"[{\"edgeSelection\":\"2to5\",\"edgeRTMS\":6994},{\"edgeSelection\":\"2to5\",\"edgeRTMS\":7803}]","trial_id":"cong_6","congruency":"C","trial_group":"1to5","condition":"distractor","inference_edge":"0to2,2to5,2to4","inference_edgeClickLog":"[{\"edgeSelection\":\"0to2\",\"edgeRTMS\":7102},{\"edgeSelection\":\"2to5\",\"edgeRTMS\":8621},{\"edgeSelection\":\"2to4\",\"edgeRTMS\":12508}]","inference_edgeRT":"12508","inference_edge_last":"2to4","task":"experiment","subjectId":"lokj06528vwsuoj","trial_type":"external-html","trial_index":10,"time_elapsed":426863,"internal_node_id":"0.0-9.0-0.2"},{"rt":21914,"url":"../static/nodeGraphs_distractor.html","edge":"0to2","edgeRT":"4283","skip":"false","flipped":"FALSE","index":"3","edgeClickLog":"[{\"edgeSelection\":\"0to2\",\"edgeRTMS\":4283}]","trial_id":"cong_4","congruency":"C","trial_group":"1to5","condition":"distractor","inference_edge":"0to2,2to4,4to8","inference_edgeClickLog":"[{\"edgeSelection\":\"0to2\",\"edgeRTMS\":6141},{\"edgeSelection\":\"2to4\",\"edgeRTMS\":8389},{\"edgeSelection\":\"2to4\",\"edgeRTMS\":9787},{\"edgeSelection\":\"2to4\",\"edgeRTMS\":11454},{\"edgeSelection\":\"4to8\",\"edgeRTMS\":13515}]","inference_edgeRT":"13515","inference_edge_last":"4to8","task":"experiment","subjectId":"lokj06528vwsuoj","trial_type":"external-html","trial_index":11,"time_elapsed":449448,"internal_node_id":"0.0-9.0-0.3"},{"rt":18434,"url":"../static/nodeGraphs_distractor.html","edge":"0to2","edgeRT":"5042","skip":"false","flipped":"FALSE","index":"4","edgeClickLog":"[{\"edgeSelection\":\"0to2\",\"edgeRTMS\":5042}]","trial_id":"cong_9","congruency":"C","trial_group":"1to5","condition":"distractor","inference_edge":"0to2,2to5,5to8","inference_edgeClickLog":"[{\"edgeSelection\":\"0to2\",\"edgeRTMS\":5395},{\"edgeSelection\":\"2to5\",\"edgeRTMS\":7907},{\"edgeSelection\":\"5to8\",\"edgeRTMS\":10315}]","inference_edgeRT":"10315","inference_edge_last":"5to8","task":"experiment","subjectId":"lokj06528vwsuoj","trial_type":"external-html","trial_index":12,"time_elapsed":468542,"internal_node_id":"0.0-9.0-0.4"},{"rt":21374,"url":"../static/nodeGraphs_distractor.html","edge":"0to3","edgeRT":"2394","skip":"false","flipped":"TRUE","index":"5","edgeClickLog":"[{\"edgeSelection\":\"0to3\",\"edgeRTMS\":2394}]","trial_id":"cong_0_flipped","congruency":"C","trial_group":"5to10","condition":"distractor","inference_edge":"0to3,3to6,0to2","inference_edgeClickLog":"[{\"edgeSelection\":\"0to3\",\"edgeRTMS\":6795},{\"edgeSelection\":\"3to6\",\"edgeRTMS\":10475},{\"edgeSelection\":\"0to2\",\"edgeRTMS\":13333}]","inference_edgeRT":"13333","inference_edge_last":"0to2","task":"experiment","subjectId":"lokj06528vwsuoj","trial_type":"external-html","trial_index":13,"time_elapsed":490582,"internal_node_id":"0.0-9.0-0.5"},{"rt":25527,"url":"../static/nodeGraphs_distractor.html","edge":"2to4","edgeRT":"5706","skip":"false","flipped":"TRUE","index":"6","edgeClickLog":"[{\"edgeSelection\":\"2to4\",\"edgeRTMS\":5706}]","trial_id":"cong_1_flipped","congruency":"C","trial_group":"5to10","condition":"distractor","inference_edge":"0to2,2to6,2to4","inference_edgeClickLog":"[{\"edgeSelection\":\"0to2\",\"edgeRTMS\":9500},{\"edgeSelection\":\"2to4\",\"edgeRTMS\":11268},{\"edgeSelection\":\"2to4\",\"edgeRTMS\":11364},{\"edgeSelection\":\"2to6\",\"edgeRTMS\":13124},{\"edgeSelection\":\"2to4\",\"edgeRTMS\":16436}]","inference_edgeRT":"16436","inference_edge_last":"2to4","task":"experiment","subjectId":"lokj06528vwsuoj","trial_type":"external-html","trial_index":14,"time_elapsed":516832,"internal_node_id":"0.0-9.0-0.6"},{"rt":21404,"url":"../static/nodeGraphs_distractor.html","edge":"2to5","edgeRT":"4155","skip":"false","flipped":"TRUE","index":"7","edgeClickLog":"[{\"edgeSelection\":\"2to5\",\"edgeRTMS\":4155}]","trial_id":"cong_6_flipped","congruency":"C","trial_group":"5to10","condition":"distractor","inference_edge":"0to2,2to5,2to6","inference_edgeClickLog":"[{\"edgeSelection\":\"0to2\",\"edgeRTMS\":5805},{\"edgeSelection\":\"2to5\",\"edgeRTMS\":8160},{\"edgeSelection\":\"2to6\",\"edgeRTMS\":11412}]","inference_edgeRT":"11412","inference_edge_last":"2to6","task":"experiment","subjectId":"lokj06528vwsuoj","trial_type":"external-html","trial_index":15,"time_elapsed":538894,"internal_node_id":"0.0-9.0-0.7"},{"rt":17573,"url":"../static/nodeGraphs_distractor.html","edge":"0to2","edgeRT":"3882","skip":"false","flipped":"TRUE","index":"8","edgeClickLog":"[{\"edgeSelection\":\"0to2\",\"edgeRTMS\":3882}]","trial_id":"cong_4_flipped","congruency":"C","trial_group":"5to10","condition":"distractor","inference_edge":"0to2,2to6,6to8","inference_edgeClickLog":"[{\"edgeSelection\":\"0to2\",\"edgeRTMS\":4308},{\"edgeSelection\":\"2to6\",\"edgeRTMS\":6443},{\"edgeSelection\":\"6to8\",\"edgeRTMS\":9513}]","inference_edgeRT":"9513","inference_edge_last":"6to8","task":"experiment","subjectId":"lokj06528vwsuoj","trial_type":"external-html","trial_index":16,"time_elapsed":557121,"internal_node_id":"0.0-9.0-0.8"},{"rt":17718,"url":"../static/nodeGraphs_distractor.html","edge":"0to2","edgeRT":"3202","skip":"false","flipped":"TRUE","index":"9","edgeClickLog":"[{\"edgeSelection\":\"0to2\",\"edgeRTMS\":3202}]","trial_id":"cong_9_flipped","congruency":"C","trial_group":"5to10","condition":"distractor","inference_edge":"0to2,2to5,5to7","inference_edgeClickLog":"[{\"edgeSelection\":\"0to2\",\"edgeRTMS\":5291},{\"edgeSelection\":\"2to5\",\"edgeRTMS\":8003},{\"edgeSelection\":\"5to7\",\"edgeRTMS\":10266}]","inference_edgeRT":"10266","inference_edge_last":"5to7","task":"experiment","subjectId":"lokj06528vwsuoj","trial_type":"external-html","trial_index":17,"time_elapsed":575486,"internal_node_id":"0.0-9.0-0.9"},{"rt":20638,"url":"../static/nodeGraphs_distractor.html","edge":"0to1","edgeRT":"6002","skip":"false","flipped":"FALSE","index":"10","edgeClickLog":"[{\"edgeSelection\":\"0to1\",\"edgeRTMS\":4377},{\"edgeSelection\":\"0to1\",\"edgeRTMS\":6002}]","trial_id":"cong_0","congruency":"C","trial_group":"10to15","condition":"distractor","inference_edge":"0to1,0to2,2to4","inference_edgeClickLog":"[{\"edgeSelection\":\"0to1\",\"edgeRTMS\":5524},{\"edgeSelection\":\"0to2\",\"edgeRTMS\":8947},{\"edgeSelection\":\"2to4\",\"edgeRTMS\":10636}]","inference_edgeRT":"10636","inference_edge_last":"2to4","task":"experiment","subjectId":"lokj06528vwsuoj","trial_type":"external-html","trial_index":18,"time_elapsed":596766,"internal_node_id":"0.0-9.0-0.10"},{"rt":22580,"url":"../static/nodeGraphs_distractor.html","edge":"2to6","edgeRT":"9146","skip":"false","flipped":"FALSE","index":"11","edgeClickLog":"[{\"edgeSelection\":\"2to6\",\"edgeRTMS\":9146}]","trial_id":"cong_1","congruency":"C","trial_group":"10to15","condition":"distractor","inference_edge":"0to2,2to6,2to4","inference_edgeClickLog":"[{\"edgeSelection\":\"0to2\",\"edgeRTMS\":6364},{\"edgeSelection\":\"2to6\",\"edgeRTMS\":8803},{\"edgeSelection\":\"2to4\",\"edgeRTMS\":10419}]","inference_edgeRT":"10419","inference_edge_last":"2to4","task":"experiment","subjectId":"lokj06528vwsuoj","trial_type":"external-html","trial_index":19,"time_elapsed":619998,"internal_node_id":"0.0-9.0-0.11"},{"rt":20267,"url":"../static/nodeGraphs_distractor.html","edge":"2to5","edgeRT":"5721","skip":"false","flipped":"FALSE","index":"12","edgeClickLog":"[{\"edgeSelection\":\"2to5\",\"edgeRTMS\":5721}]","trial_id":"cong_6","congruency":"C","trial_group":"10to15","condition":"distractor","inference_edge":"0to2,2to5,2to4","inference_edgeClickLog":"[{\"edgeSelection\":\"0to2\",\"edgeRTMS\":6542},{\"edgeSelection\":\"2to5\",\"edgeRTMS\":8334},{\"edgeSelection\":\"2to4\",\"edgeRTMS\":11076}]","inference_edgeRT":"11076","inference_edge_last":"2to4","task":"experiment","subjectId":"lokj06528vwsuoj","trial_type":"external-html","trial_index":20,"time_elapsed":640926,"internal_node_id":"0.0-9.0-0.12"},{"rt":20554,"url":"../static/nodeGraphs_distractor.html","edge":"0to2","edgeRT":"4666","skip":"false","flipped":"FALSE","index":"13","edgeClickLog":"[{\"edgeSelection\":\"0to2\",\"edgeRTMS\":3817},{\"edgeSelection\":\"0to2\",\"edgeRTMS\":4666}]","trial_id":"cong_4","congruency":"C","trial_group":"10to15","condition":"distractor","inference_edge":"0to2,2to4,5to8","inference_edgeClickLog":"[{\"edgeSelection\":\"0to2\",\"edgeRTMS\":3895},{\"edgeSelection\":\"2to4\",\"edgeRTMS\":9261},{\"edgeSelection\":\"5to8\",\"edgeRTMS\":12723}]","inference_edgeRT":"12723","inference_edge_last":"5to8","task":"experiment","subjectId":"lokj06528vwsuoj","trial_type":"external-html","trial_index":21,"time_elapsed":662125,"internal_node_id":"0.0-9.0-0.13"},{"rt":21003,"url":"../static/nodeGraphs_distractor.html","edge":"0to2","edgeRT":"3609","skip":"false","flipped":"FALSE","index":"14","edgeClickLog":"[{\"edgeSelection\":\"0to2\",\"edgeRTMS\":3609}]","trial_id":"cong_9","congruency":"C","trial_group":"10to15","condition":"distractor","inference_edge":"0to2,0to3,2to5","inference_edgeClickLog":"[{\"edgeSelection\":\"0to2\",\"edgeRTMS\":6484},{\"edgeSelection\":\"0to3\",\"edgeRTMS\":10508},{\"edgeSelection\":\"2to5\",\"edgeRTMS\":13492}]","inference_edgeRT":"13492","inference_edge_last":"2to5","task":"experiment","subjectId":"lokj06528vwsuoj","trial_type":"external-html","trial_index":22,"time_elapsed":683774,"internal_node_id":"0.0-9.0-0.14"},{"rt":20953,"url":"../static/nodeGraphs_distractor.html","edge":"2to6","edgeRT":"9722","skip":"false","flipped":"FALSE","index":"15","edgeClickLog":"[{\"edgeSelection\":\"2to6\",\"edgeRTMS\":9722}]","trial_id":"test_0","congruency":"I","trial_group":"15to20","condition":"distractor","inference_edge":"0to2,0to3,2to5","inference_edgeClickLog":"[{\"edgeSelection\":\"0to2\",\"edgeRTMS\":6484},{\"edgeSelection\":\"0to3\",\"edgeRTMS\":10508},{\"edgeSelection\":\"2to5\",\"edgeRTMS\":13492}]","inference_edgeRT":"13492","inference_edge_last":"","task":"experiment","subjectId":"lokj06528vwsuoj","trial_type":"external-html","trial_index":23,"time_elapsed":705429,"internal_node_id":"0.0-9.0-0.15"},{"rt":9106,"url":"../static/nodeGraphs_distractor.html","edge":"0to3","edgeRT":"7474","skip":"false","flipped":"FALSE","index":"16","edgeClickLog":"[{\"edgeSelection\":\"0to3\",\"edgeRTMS\":7474}]","trial_id":"test_1","congruency":"I","trial_group":"15to20","condition":"distractor","inference_edge":"0to2,0to3,2to5","inference_edgeClickLog":"[{\"edgeSelection\":\"0to2\",\"edgeRTMS\":6484},{\"edgeSelection\":\"0to3\",\"edgeRTMS\":10508},{\"edgeSelection\":\"2to5\",\"edgeRTMS\":13492}]","inference_edgeRT":"13492","inference_edge_last":"","task":"experiment","subjectId":"lokj06528vwsuoj","trial_type":"external-html","trial_index":24,"time_elapsed":715197,"internal_node_id":"0.0-9.0-0.16"},{"rt":6741,"url":"../static/nodeGraphs_distractor.html","edge":"0to3","edgeRT":"4971","skip":"false","flipped":"FALSE","index":"17","edgeClickLog":"[{\"edgeSelection\":\"0to3\",\"edgeRTMS\":4971}]","trial_id":"test_2","congruency":"I","trial_group":"15to20","condition":"distractor","inference_edge":"0to2,0to3,2to5","inference_edgeClickLog":"[{\"edgeSelection\":\"0to2\",\"edgeRTMS\":6484},{\"edgeSelection\":\"0to3\",\"edgeRTMS\":10508},{\"edgeSelection\":\"2to5\",\"edgeRTMS\":13492}]","inference_edgeRT":"13492","inference_edge_last":"","task":"experiment","subjectId":"lokj06528vwsuoj","trial_type":"external-html","trial_index":25,"time_elapsed":722589,"internal_node_id":"0.0-9.0-0.17"},{"rt":6415,"url":"../static/nodeGraphs_distractor.html","edge":"0to1","edgeRT":"4779","skip":"false","flipped":"FALSE","index":"18","edgeClickLog":"[{\"edgeSelection\":\"0to1\",\"edgeRTMS\":4779}]","trial_id":"test_3","congruency":"I","trial_group":"15to20","condition":"distractor","inference_edge":"0to2,0to3,2to5","inference_edgeClickLog":"[{\"edgeSelection\":\"0to2\",\"edgeRTMS\":6484},{\"edgeSelection\":\"0to3\",\"edgeRTMS\":10508},{\"edgeSelection\":\"2to5\",\"edgeRTMS\":13492}]","inference_edgeRT":"13492","inference_edge_last":"","task":"experiment","subjectId":"lokj06528vwsuoj","trial_type":"external-html","trial_index":26,"time_elapsed":729661,"internal_node_id":"0.0-9.0-0.18"},{"rt":12477,"url":"../static/nodeGraphs_distractor.html","edge":"3to6","edgeRT":"10867","skip":"false","flipped":"FALSE","index":"19","edgeClickLog":"[{\"edgeSelection\":\"3to6\",\"edgeRTMS\":10867}]","trial_id":"test_4","congruency":"I","trial_group":"15to20","condition":"distractor","inference_edge":"0to2,0to3,2to5","inference_edgeClickLog":"[{\"edgeSelection\":\"0to2\",\"edgeRTMS\":6484},{\"edgeSelection\":\"0to3\",\"edgeRTMS\":10508},{\"edgeSelection\":\"2to5\",\"edgeRTMS\":13492}]","inference_edgeRT":"13492","inference_edge_last":"","task":"experiment","subjectId":"lokj06528vwsuoj","trial_type":"external-html","trial_index":27,"time_elapsed":742797,"internal_node_id":"0.0-9.0-0.19"},{"rt":41601,"response":{"P0_Q0":null,"P0_Q1":4,"P0_Q2":7,"P0_Q3":7,"P0_Q4":4,"P0_Q5":2,"strategies":"I went for the largest numbers","feedback":""},"accuracy":[],"trial_type":"survey","trial_index":28,"time_elapsed":785032,"internal_node_id":"0.0-10.0"},{"rt":9730,"stimulus":"<p>Thanks for your time!</p>        <p>We need to manually calculate your bonus pay, please give us up to 7 days.</p><p>Press any key to conclude.</p>","response":" ","task":"end","subjectId":"lokj06528vwsuoj","trial_type":"html-keyboard-response","trial_index":29,"time_elapsed":794764,"internal_node_id":"0.0-11.0","interactions":"[{\"event\":\"fullscreenenter\",\"trial\":1,\"time\":3303},{\"event\":\"blur\",\"trial\":4,\"time\":141293},{\"event\":\"focus\",\"trial\":4,\"time\":141294},{\"event\":\"blur\",\"trial\":4,\"time\":154676},{\"event\":\"focus\",\"trial\":4,\"time\":154676},{\"event\":\"blur\",\"trial\":16,\"time\":553414},{\"event\":\"focus\",\"trial\":16,\"time\":553414},{\"event\":\"blur\",\"trial\":19,\"time\":610840},{\"event\":\"focus\",\"trial\":19,\"time\":610840},{\"event\":\"blur\",\"trial\":22,\"time\":679841},{\"event\":\"focus\",\"trial\":22,\"time\":679841}]"}]