[{"success":true,"timeout":false,"failed_images":[],"failed_audio":[],"failed_video":[],"trial_type":"preload","trial_index":0,"time_elapsed":107,"internal_node_id":"0.0-0.0"},{"success":true,"trial_type":"fullscreen","trial_index":1,"time_elapsed":4205,"internal_node_id":"0.0-1.0"},{"rt":1917,"stimulus":"Welcome to the experiment. Press any key to begin.","response":" ","trial_type":"html-keyboard-response","trial_index":2,"time_elapsed":6124,"internal_node_id":"0.0-2.0"},{"view_history":[{"page_index":0,"viewing_time":6761},{"page_index":1,"viewing_time":9414},{"page_index":2,"viewing_time":40916},{"page_index":3,"viewing_time":3187},{"page_index":4,"viewing_time":3363},{"page_index":5,"viewing_time":869},{"page_index":6,"viewing_time":3818},{"page_index":7,"viewing_time":15065},{"page_index":8,"viewing_time":21815},{"page_index":9,"viewing_time":14819},{"page_index":10,"viewing_time":1932},{"page_index":11,"viewing_time":666},{"page_index":12,"viewing_time":452},{"page_index":13,"viewing_time":1484},{"page_index":14,"viewing_time":4753},{"page_index":15,"viewing_time":17196},{"page_index":16,"viewing_time":1835},{"page_index":17,"viewing_time":832},{"page_index":18,"viewing_time":1669},{"page_index":19,"viewing_time":16650},{"page_index":20,"viewing_time":8618},{"page_index":21,"viewing_time":6448}],"rt":182560,"trial_type":"instructions","trial_index":3,"time_elapsed":188684,"internal_node_id":"0.0-3.0"},{"rt":225171,"url":"../static/nodeGraphsTraining_distractor.html","skip":[],"edgeClickLog":[],"inference_edge":[],"inference_edgeClickLog":[],"trial_type":"external-html","trial_index":4,"time_elapsed":413953,"internal_node_id":"0.0-4.0"},{"rt":34946,"response":{"q1":"The goal is to help the student to get the most points.","q2":"False","q3":"Possible edges you, as the teacher, can choose to teach the learner.","q4":"Edges that the student took before."},"question_order":[0,1,2,3],"trial_type":"survey-multi-choice","trial_index":5,"time_elapsed":448903,"internal_node_id":"0.0-5.0"},{"rt":5446,"stimulus":"<p>You can take a 60 second break before starting the experiment.</p><br><br><p>This page will advance in 60 seconds or you can press any key to advance now.</p>","response":" ","trial_type":"html-keyboard-response","trial_index":6,"time_elapsed":454352,"internal_node_id":"0.0-7.0"},{"view_history":[{"page_index":0,"viewing_time":34932}],"rt":34932,"trial_type":"instructions","trial_index":7,"time_elapsed":489285,"internal_node_id":"0.0-8.0"},{"rt":37949,"url":"../static/nodeGraphs_distractor.html","edge":"4to7","edgeRT":"15072","skip":"false","flipped":"FALSE","index":"0","edgeClickLog":"[{\"edgeSelection\":\"4to7\",\"edgeRTMS\":15072}]","trial_id":"incong_0","congruency":"I","trial_group":"1to5","condition":"distractor","inference_edge":"4to7,4to8,2to4","inference_edgeClickLog":"[{\"edgeSelection\":\"4to7\",\"edgeRTMS\":12659},{\"edgeSelection\":\"4to8\",\"edgeRTMS\":13774},{\"edgeSelection\":\"2to4\",\"edgeRTMS\":18389}]","inference_edgeRT":"18389","inference_edge_last":"2to4","task":"experiment","subjectId":"mvgvfs7k2omk5js","trial_type":"external-html","trial_index":8,"time_elapsed":527288,"internal_node_id":"0.0-9.0-0.0"},{"rt":54162,"url":"../static/nodeGraphs_distractor.html","edge":"4to7","edgeRT":"5316","skip":"false","flipped":"FALSE","index":"1","edgeClickLog":"[{\"edgeSelection\":\"4to7\",\"edgeRTMS\":5316}]","trial_id":"incong_5","congruency":"I","trial_group":"1to5","condition":"distractor","inference_edge":"4to7,4to8,6to8","inference_edgeClickLog":"[{\"edgeSelection\":\"4to7\",\"edgeRTMS\":7311},{\"edgeSelection\":\"4to8\",\"edgeRTMS\":8892},{\"edgeSelection\":\"6to8\",\"edgeRTMS\":20410}]","inference_edgeRT":"20410","inference_edge_last":"6to8","task":"experiment","subjectId":"mvgvfs7k2omk5js","trial_type":"external-html","trial_index":9,"time_elapsed":582018,"internal_node_id":"0.0-9.0-0.1"},{"rt":39717,"url":"../static/nodeGraphs_distractor.html","edge":"2to6","edgeRT":"11908","skip":"false","flipped":"FALSE","index":"2","edgeClickLog":"[{\"edgeSelection\":\"6to8\",\"edgeRTMS\":8070},{\"edgeSelection\":\"6to8\",\"edgeRTMS\":10006},{\"edgeSelection\":\"6to8\",\"edgeRTMS\":10638},{\"edgeSelection\":\"2to6\",\"edgeRTMS\":11908}]","trial_id":"incong_3","congruency":"I","trial_group":"1to5","condition":"distractor","inference_edge":"2to6,6to8,2to4","inference_edgeClickLog":"[{\"edgeSelection\":\"3to5\",\"edgeRTMS\":6794},{\"edgeSelection\":\"3to5\",\"edgeRTMS\":8227},{\"edgeSelection\":\"2to6\",\"edgeRTMS\":9344},{\"edgeSelection\":\"6to8\",\"edgeRTMS\":22080},{\"edgeSelection\":\"2to4\",\"edgeRTMS\":23562}]","inference_edgeRT":"23562","inference_edge_last":"2to4","task":"experiment","subjectId":"mvgvfs7k2omk5js","trial_type":"external-html","trial_index":10,"time_elapsed":622285,"internal_node_id":"0.0-9.0-0.2"},{"rt":28404,"url":"../static/nodeGraphs_distractor.html","edge":"6to8","edgeRT":"1369","skip":"false","flipped":"FALSE","index":"3","edgeClickLog":"[{\"edgeSelection\":\"6to8\",\"edgeRTMS\":1369}]","trial_id":"incong_10","congruency":"I","trial_group":"1to5","condition":"distractor","inference_edge":"4to8,4to7,6to8","inference_edgeClickLog":"[{\"edgeSelection\":\"4to8\",\"edgeRTMS\":5797},{\"edgeSelection\":\"4to7\",\"edgeRTMS\":9928},{\"edgeSelection\":\"2to4\",\"edgeRTMS\":11863},{\"edgeSelection\":\"2to4\",\"edgeRTMS\":16378},{\"edgeSelection\":\"6to8\",\"edgeRTMS\":18111}]","inference_edgeRT":"18111","inference_edge_last":"6to8","task":"experiment","subjectId":"mvgvfs7k2omk5js","trial_type":"external-html","trial_index":11,"time_elapsed":651237,"internal_node_id":"0.0-9.0-0.3"},{"rt":61164,"url":"../static/nodeGraphs_distractor.html","edge":"6to8","edgeRT":"11872","skip":"false","flipped":"FALSE","index":"4","edgeClickLog":"[{\"edgeSelection\":\"6to8\",\"edgeRTMS\":4535},{\"edgeSelection\":\"4to8\",\"edgeRTMS\":8670},{\"edgeSelection\":\"6to8\",\"edgeRTMS\":11872}]","trial_id":"incong_2","congruency":"I","trial_group":"1to5","condition":"distractor","inference_edge":"4to8,6to8,2to4","inference_edgeClickLog":"[{\"edgeSelection\":\"4to8\",\"edgeRTMS\":3944},{\"edgeSelection\":\"6to8\",\"edgeRTMS\":6327},{\"edgeSelection\":\"2to4\",\"edgeRTMS\":36277}]","inference_edgeRT":"36277","inference_edge_last":"2to4","task":"experiment","subjectId":"mvgvfs7k2omk5js","trial_type":"external-html","trial_index":12,"time_elapsed":712953,"internal_node_id":"0.0-9.0-0.4"},{"rt":32709,"url":"../static/nodeGraphs_distractor.html","edge":"6to9","edgeRT":"10102","skip":"false","flipped":"TRUE","index":"5","edgeClickLog":"[{\"edgeSelection\":\"6to9\",\"edgeRTMS\":10102}]","trial_id":"incong_0_flipped","congruency":"I","trial_group":"5to10","condition":"distractor","inference_edge":"6to8,6to9,2to6","inference_edgeClickLog":"[{\"edgeSelection\":\"6to8\",\"edgeRTMS\":2862},{\"edgeSelection\":\"6to9\",\"edgeRTMS\":4546},{\"edgeSelection\":\"2to6\",\"edgeRTMS\":12794}]","inference_edgeRT":"12794","inference_edge_last":"2to6","task":"experiment","subjectId":"mvgvfs7k2omk5js","trial_type":"external-html","trial_index":13,"time_elapsed":746218,"internal_node_id":"0.0-9.0-0.5"},{"rt":35036,"url":"../static/nodeGraphs_distractor.html","edge":"6to9","edgeRT":"6852","skip":"false","flipped":"TRUE","index":"6","edgeClickLog":"[{\"edgeSelection\":\"6to9\",\"edgeRTMS\":6852}]","trial_id":"incong_5_flipped","congruency":"I","trial_group":"5to10","condition":"distractor","inference_edge":"6to9,6to8,2to6","inference_edgeClickLog":"[{\"edgeSelection\":\"6to9\",\"edgeRTMS\":2862},{\"edgeSelection\":\"6to8\",\"edgeRTMS\":3779},{\"edgeSelection\":\"4to8\",\"edgeRTMS\":8612},{\"edgeSelection\":\"4to8\",\"edgeRTMS\":17646},{\"edgeSelection\":\"2to6\",\"edgeRTMS\":19928}]","inference_edgeRT":"19928","inference_edge_last":"2to6","task":"experiment","subjectId":"mvgvfs7k2omk5js","trial_type":"external-html","trial_index":14,"time_elapsed":781803,"internal_node_id":"0.0-9.0-0.6"},{"rt":63013,"url":"../static/nodeGraphs_distractor.html","edge":"2to4","edgeRT":"37666","skip":"false","flipped":"TRUE","index":"7","edgeClickLog":"[{\"edgeSelection\":\"2to4\",\"edgeRTMS\":37666}]","trial_id":"incong_3_flipped","congruency":"I","trial_group":"5to10","condition":"distractor","inference_edge":"2to4,2to6,2to5","inference_edgeClickLog":"[{\"edgeSelection\":\"2to4\",\"edgeRTMS\":8679},{\"edgeSelection\":\"2to6\",\"edgeRTMS\":10295},{\"edgeSelection\":\"2to5\",\"edgeRTMS\":17512}]","inference_edgeRT":"17512","inference_edge_last":"2to5","task":"experiment","subjectId":"mvgvfs7k2omk5js","trial_type":"external-html","trial_index":15,"time_elapsed":845386,"internal_node_id":"0.0-9.0-0.7"},{"rt":24044,"url":"../static/nodeGraphs_distractor.html","edge":"6to9","edgeRT":"6319","skip":"false","flipped":"TRUE","index":"8","edgeClickLog":"[{\"edgeSelection\":\"6to9\",\"edgeRTMS\":6319}]","trial_id":"incong_10_flipped","congruency":"I","trial_group":"5to10","condition":"distractor","inference_edge":"6to8,6to9,2to6","inference_edgeClickLog":"[{\"edgeSelection\":\"6to8\",\"edgeRTMS\":5760},{\"edgeSelection\":\"6to9\",\"edgeRTMS\":6861},{\"edgeSelection\":\"2to6\",\"edgeRTMS\":9042}]","inference_edgeRT":"9042","inference_edge_last":"2to6","task":"experiment","subjectId":"mvgvfs7k2omk5js","trial_type":"external-html","trial_index":16,"time_elapsed":869985,"internal_node_id":"0.0-9.0-0.8"},{"rt":24708,"url":"../static/nodeGraphs_distractor.html","edge":"6to8","edgeRT":"1186","skip":"false","flipped":"TRUE","index":"9","edgeClickLog":"[{\"edgeSelection\":\"6to8\",\"edgeRTMS\":1186}]","trial_id":"incong_2_flipped","congruency":"I","trial_group":"5to10","condition":"distractor","inference_edge":"6to8,4to8,2to6","inference_edgeClickLog":"[{\"edgeSelection\":\"6to8\",\"edgeRTMS\":7160},{\"edgeSelection\":\"4to8\",\"edgeRTMS\":8578},{\"edgeSelection\":\"2to6\",\"edgeRTMS\":15643}]","inference_edgeRT":"15643","inference_edge_last":"2to6","task":"experiment","subjectId":"mvgvfs7k2omk5js","trial_type":"external-html","trial_index":17,"time_elapsed":895252,"internal_node_id":"0.0-9.0-0.9"},{"rt":21151,"url":"../static/nodeGraphs_distractor.html","edge":"2to4","edgeRT":"3168","skip":"false","flipped":"FALSE","index":"10","edgeClickLog":"[{\"edgeSelection\":\"2to4\",\"edgeRTMS\":3168}]","trial_id":"incong_0","congruency":"I","trial_group":"10to15","condition":"distractor","inference_edge":"4to7,4to8,2to4","inference_edgeClickLog":"[{\"edgeSelection\":\"4to7\",\"edgeRTMS\":4145},{\"edgeSelection\":\"4to8\",\"edgeRTMS\":6512},{\"edgeSelection\":\"2to4\",\"edgeRTMS\":13711}]","inference_edgeRT":"13711","inference_edge_last":"2to4","task":"experiment","subjectId":"mvgvfs7k2omk5js","trial_type":"external-html","trial_index":18,"time_elapsed":916952,"internal_node_id":"0.0-9.0-0.10"},{"rt":25566,"url":"../static/nodeGraphs_distractor.html","edge":"4to8","edgeRT":"1153","skip":"false","flipped":"FALSE","index":"11","edgeClickLog":"[{\"edgeSelection\":\"4to8\",\"edgeRTMS\":1153}]","trial_id":"incong_5","congruency":"I","trial_group":"10to15","condition":"distractor","inference_edge":"4to8,4to7,2to4","inference_edgeClickLog":"[{\"edgeSelection\":\"4to8\",\"edgeRTMS\":3578},{\"edgeSelection\":\"4to7\",\"edgeRTMS\":4663},{\"edgeSelection\":\"2to4\",\"edgeRTMS\":6445}]","inference_edgeRT":"6445","inference_edge_last":"2to4","task":"experiment","subjectId":"mvgvfs7k2omk5js","trial_type":"external-html","trial_index":19,"time_elapsed":943086,"internal_node_id":"0.0-9.0-0.11"},{"rt":21541,"url":"../static/nodeGraphs_distractor.html","edge":"2to6","edgeRT":"1887","skip":"false","flipped":"FALSE","index":"12","edgeClickLog":"[{\"edgeSelection\":\"2to6\",\"edgeRTMS\":1887}]","trial_id":"incong_3","congruency":"I","trial_group":"10to15","condition":"distractor","inference_edge":"2to6,6to8,2to4","inference_edgeClickLog":"[{\"edgeSelection\":\"2to6\",\"edgeRTMS\":3443},{\"edgeSelection\":\"6to8\",\"edgeRTMS\":10262},{\"edgeSelection\":\"2to4\",\"edgeRTMS\":12360}]","inference_edgeRT":"12360","inference_edge_last":"2to4","task":"experiment","subjectId":"mvgvfs7k2omk5js","trial_type":"external-html","trial_index":20,"time_elapsed":965185,"internal_node_id":"0.0-9.0-0.12"},{"rt":14599,"url":"../static/nodeGraphs_distractor.html","edge":"2to4","edgeRT":"1304","skip":"false","flipped":"FALSE","index":"13","edgeClickLog":"[{\"edgeSelection\":\"2to4\",\"edgeRTMS\":1304}]","trial_id":"incong_10","congruency":"I","trial_group":"10to15","condition":"distractor","inference_edge":"4to8,4to7,2to4","inference_edgeClickLog":"[{\"edgeSelection\":\"4to8\",\"edgeRTMS\":3096},{\"edgeSelection\":\"4to7\",\"edgeRTMS\":4195},{\"edgeSelection\":\"2to4\",\"edgeRTMS\":5129}]","inference_edgeRT":"5129","inference_edge_last":"2to4","task":"experiment","subjectId":"mvgvfs7k2omk5js","trial_type":"external-html","trial_index":21,"time_elapsed":980352,"internal_node_id":"0.0-9.0-0.13"},{"rt":56963,"url":"../static/nodeGraphs_distractor.html","edge":"6to8","edgeRT":"25882","skip":"false","flipped":"FALSE","index":"14","edgeClickLog":"[{\"edgeSelection\":\"6to8\",\"edgeRTMS\":25882}]","trial_id":"incong_2","congruency":"I","trial_group":"10to15","condition":"distractor","inference_edge":"4to8,6to8,2to4","inference_edgeClickLog":"[{\"edgeSelection\":\"4to8\",\"edgeRTMS\":12079},{\"edgeSelection\":\"6to8\",\"edgeRTMS\":13060},{\"edgeSelection\":\"2to4\",\"edgeRTMS\":14344}]","inference_edgeRT":"14344","inference_edge_last":"2to4","task":"experiment","subjectId":"mvgvfs7k2omk5js","trial_type":"external-html","trial_index":22,"time_elapsed":1037872,"internal_node_id":"0.0-9.0-0.14"},{"rt":26598,"url":"../static/nodeGraphs_distractor.html","edge":"6to8","edgeRT":"5767","skip":"false","flipped":"FALSE","index":"15","edgeClickLog":"[{\"edgeSelection\":\"6to8\",\"edgeRTMS\":5767}]","trial_id":"test_0","congruency":"I","trial_group":"15to20","condition":"distractor","inference_edge":"4to8,6to8,2to4","inference_edgeClickLog":"[{\"edgeSelection\":\"4to8\",\"edgeRTMS\":12079},{\"edgeSelection\":\"6to8\",\"edgeRTMS\":13060},{\"edgeSelection\":\"2to4\",\"edgeRTMS\":14344}]","inference_edgeRT":"14344","inference_edge_last":"","task":"experiment","subjectId":"mvgvfs7k2omk5js","trial_type":"external-html","trial_index":23,"time_elapsed":1065019,"internal_node_id":"0.0-9.0-0.15"},{"rt":13359,"url":"../static/nodeGraphs_distractor.html","edge":"3to6","edgeRT":"12402","skip":"false","flipped":"FALSE","index":"16","edgeClickLog":"[{\"edgeSelection\":\"3to6\",\"edgeRTMS\":12402}]","trial_id":"test_1","congruency":"I","trial_group":"15to20","condition":"distractor","inference_edge":"4to8,6to8,2to4","inference_edgeClickLog":"[{\"edgeSelection\":\"4to8\",\"edgeRTMS\":12079},{\"edgeSelection\":\"6to8\",\"edgeRTMS\":13060},{\"edgeSelection\":\"2to4\",\"edgeRTMS\":14344}]","inference_edgeRT":"14344","inference_edge_last":"","task":"experiment","subjectId":"mvgvfs7k2omk5js","trial_type":"external-html","trial_index":24,"time_elapsed":1078936,"internal_node_id":"0.0-9.0-0.16"},{"rt":5745,"url":"../static/nodeGraphs_distractor.html","edge":"3to6","edgeRT":"5172","skip":"false","flipped":"FALSE","index":"17","edgeClickLog":"[{\"edgeSelection\":\"3to6\",\"edgeRTMS\":5172}]","trial_id":"test_2","congruency":"I","trial_group":"15to20","condition":"distractor","inference_edge":"4to8,6to8,2to4","inference_edgeClickLog":"[{\"edgeSelection\":\"4to8\",\"edgeRTMS\":12079},{\"edgeSelection\":\"6to8\",\"edgeRTMS\":13060},{\"edgeSelection\":\"2to4\",\"edgeRTMS\":14344}]","inference_edgeRT":"14344","inference_edge_last":"","task":"experiment","subjectId":"mvgvfs7k2omk5js","trial_type":"external-html","trial_index":25,"time_elapsed":1085236,"internal_node_id":"0.0-9.0-0.17"},{"rt":3852,"url":"../static/nodeGraphs_distractor.html","edge":"1to5","edgeRT":"3339","skip":"false","flipped":"FALSE","index":"18","edgeClickLog":"[{\"edgeSelection\":\"1to5\",\"edgeRTMS\":3339}]","trial_id":"test_3","congruency":"I","trial_group":"15to20","condition":"distractor","inference_edge":"4to8,6to8,2to4","inference_edgeClickLog":"[{\"edgeSelection\":\"4to8\",\"edgeRTMS\":12079},{\"edgeSelection\":\"6to8\",\"edgeRTMS\":13060},{\"edgeSelection\":\"2to4\",\"edgeRTMS\":14344}]","inference_edgeRT":"14344","inference_edge_last":"","task":"experiment","subjectId":"mvgvfs7k2omk5js","trial_type":"external-html","trial_index":26,"time_elapsed":1089653,"internal_node_id":"0.0-9.0-0.18"},{"rt":6791,"url":"../static/nodeGraphs_distractor.html","edge":"6to9","edgeRT":"6103","skip":"false","flipped":"FALSE","index":"19","edgeClickLog":"[{\"edgeSelection\":\"6to9\",\"edgeRTMS\":6103}]","trial_id":"test_4","congruency":"I","trial_group":"15to20","condition":"distractor","inference_edge":"4to8,6to8,2to4","inference_edgeClickLog":"[{\"edgeSelection\":\"4to8\",\"edgeRTMS\":12079},{\"edgeSelection\":\"6to8\",\"edgeRTMS\":13060},{\"edgeSelection\":\"2to4\",\"edgeRTMS\":14344}]","inference_edgeRT":"14344","inference_edge_last":"","task":"experiment","subjectId":"mvgvfs7k2omk5js","trial_type":"external-html","trial_index":27,"time_elapsed":1097003,"internal_node_id":"0.0-9.0-0.19"},{"rt":59525,"response":{"P0_Q0":null,"P0_Q1":7,"P0_Q2":7,"P0_Q3":5,"P0_Q4":6,"P0_Q5":6,"strategies":"Tried to take into account the path the student already knew and give them the best possible option given their knowledge.","feedback":"No"},"accuracy":[],"trial_type":"survey","trial_index":28,"time_elapsed":1157084,"internal_node_id":"0.0-10.0"},{"rt":2961,"stimulus":"<p>Thanks for your time!</p>        <p>We need to manually calculate your bonus pay, please give us up to 7 days.</p><p>Press any key to conclude.</p>","response":" ","task":"end","subjectId":"mvgvfs7k2omk5js","trial_type":"html-keyboard-response","trial_index":29,"time_elapsed":1160047,"internal_node_id":"0.0-11.0","interactions":"[{\"event\":\"fullscreenenter\",\"trial\":1,\"time\":3219},{\"event\":\"blur\",\"trial\":4,\"time\":223828},{\"event\":\"fullscreenexit\",\"trial\":4,\"time\":223831},{\"event\":\"focus\",\"trial\":4,\"time\":223994},{\"event\":\"blur\",\"trial\":12,\"time\":684578},{\"event\":\"focus\",\"trial\":12,\"time\":684743}]"}]