[{"success":true,"timeout":false,"failed_images":[],"failed_audio":[],"failed_video":[],"trial_type":"preload","trial_index":0,"time_elapsed":356,"internal_node_id":"0.0-0.0"},{"success":true,"trial_type":"fullscreen","trial_index":1,"time_elapsed":20704,"internal_node_id":"0.0-1.0"},{"rt":2527,"stimulus":"Welcome to the experiment. Press any key to begin.","response":" ","trial_type":"html-keyboard-response","trial_index":2,"time_elapsed":23233,"internal_node_id":"0.0-2.0"},{"view_history":[{"page_index":0,"viewing_time":3376},{"page_index":1,"viewing_time":3621},{"page_index":2,"viewing_time":29185},{"page_index":3,"viewing_time":2832},{"page_index":4,"viewing_time":1399},{"page_index":5,"viewing_time":1480},{"page_index":6,"viewing_time":1782},{"page_index":7,"viewing_time":6523},{"page_index":8,"viewing_time":10442},{"page_index":9,"viewing_time":5618},{"page_index":10,"viewing_time":993},{"page_index":11,"viewing_time":629},{"page_index":12,"viewing_time":387},{"page_index":13,"viewing_time":1192},{"page_index":14,"viewing_time":2540},{"page_index":15,"viewing_time":7830},{"page_index":16,"viewing_time":1780},{"page_index":17,"viewing_time":896},{"page_index":18,"viewing_time":1329},{"page_index":19,"viewing_time":4122},{"page_index":20,"viewing_time":3708},{"page_index":21,"viewing_time":2520}],"rt":94183,"trial_type":"instructions","trial_index":3,"time_elapsed":117419,"internal_node_id":"0.0-3.0"},{"rt":141875,"url":"../static/nodeGraphsTraining_distractor.html","skip":[],"edgeClickLog":[],"inference_edge":[],"inference_edgeClickLog":[],"trial_type":"external-html","trial_index":4,"time_elapsed":259388,"internal_node_id":"0.0-4.0"},{"rt":26323,"response":{"q1":"The goal is to help the student to get the most points.","q2":"False","q3":"Possible edges you, as the teacher, can choose to teach the learner.","q4":"Edges that the student took before."},"question_order":[0,1,2,3],"trial_type":"survey-multi-choice","trial_index":5,"time_elapsed":285716,"internal_node_id":"0.0-5.0"},{"rt":15212,"stimulus":"<p>You can take a 60 second break before starting the experiment.</p><br><br><p>This page will advance in 60 seconds or you can press any key to advance now.</p>","response":"arrowright","trial_type":"html-keyboard-response","trial_index":6,"time_elapsed":300933,"internal_node_id":"0.0-7.0"},{"view_history":[{"page_index":0,"viewing_time":16379}],"rt":16380,"trial_type":"instructions","trial_index":7,"time_elapsed":317313,"internal_node_id":"0.0-8.0"},{"rt":51798,"url":"../static/nodeGraphs_distractor.html","edge":"1to4","edgeRT":"8262","skip":"false","flipped":"FALSE","index":"0","edgeClickLog":"[{\"edgeSelection\":\"1to4\",\"edgeRTMS\":8262}]","trial_id":"incong_0","congruency":"I","trial_group":"1to5","condition":"distractor","inference_edge":"4to7,1to4,0to1","inference_edgeClickLog":"[{\"edgeSelection\":\"0to1\",\"edgeRTMS\":18332},{\"edgeSelection\":\"1to4\",\"edgeRTMS\":19702},{\"edgeSelection\":\"4to7\",\"edgeRTMS\":20957},{\"edgeSelection\":\"0to1\",\"edgeRTMS\":26428},{\"edgeSelection\":\"1to4\",\"edgeRTMS\":27398},{\"edgeSelection\":\"4to7\",\"edgeRTMS\":28272},{\"edgeSelection\":\"4to7\",\"edgeRTMS\":36035},{\"edgeSelection\":\"1to4\",\"edgeRTMS\":40945},{\"edgeSelection\":\"0to1\",\"edgeRTMS\":41632}]","inference_edgeRT":"41632","inference_edge_last":"0to1","task":"experiment","subjectId":"h7sld92zsunghs5","trial_type":"external-html","trial_index":8,"time_elapsed":369252,"internal_node_id":"0.0-9.0-0.0"},{"rt":18849,"url":"../static/nodeGraphs_distractor.html","edge":"2to4","edgeRT":"6689","skip":"false","flipped":"FALSE","index":"1","edgeClickLog":"[{\"edgeSelection\":\"2to4\",\"edgeRTMS\":6689}]","trial_id":"incong_5","congruency":"I","trial_group":"1to5","condition":"distractor","inference_edge":"0to2,2to4,4to7","inference_edgeClickLog":"[{\"edgeSelection\":\"0to2\",\"edgeRTMS\":6103},{\"edgeSelection\":\"2to4\",\"edgeRTMS\":7253},{\"edgeSelection\":\"4to7\",\"edgeRTMS\":8937}]","inference_edgeRT":"8937","inference_edge_last":"4to7","task":"experiment","subjectId":"h7sld92zsunghs5","trial_type":"external-html","trial_index":9,"time_elapsed":388748,"internal_node_id":"0.0-9.0-0.1"},{"rt":28256,"url":"../static/nodeGraphs_distractor.html","edge":"0to2","edgeRT":"3525","skip":"false","flipped":"FALSE","index":"2","edgeClickLog":"[{\"edgeSelection\":\"0to2\",\"edgeRTMS\":3525}]","trial_id":"incong_3","congruency":"I","trial_group":"1to5","condition":"distractor","inference_edge":"0to2,4to7,2to4","inference_edgeClickLog":"[{\"edgeSelection\":\"0to2\",\"edgeRTMS\":4888},{\"edgeSelection\":\"4to7\",\"edgeRTMS\":17309},{\"edgeSelection\":\"2to4\",\"edgeRTMS\":3789}]","inference_edgeRT":"3789","inference_edge_last":"2to4","task":"experiment","subjectId":"h7sld92zsunghs5","trial_type":"external-html","trial_index":10,"time_elapsed":417622,"internal_node_id":"0.0-9.0-0.2"},{"rt":14568,"url":"../static/nodeGraphs_distractor.html","edge":"2to4","edgeRT":"2030","skip":"false","flipped":"FALSE","index":"3","edgeClickLog":"[{\"edgeSelection\":\"2to4\",\"edgeRTMS\":2030}]","trial_id":"incong_10","congruency":"I","trial_group":"1to5","condition":"distractor","inference_edge":"0to2,2to4,4to8","inference_edgeClickLog":"[{\"edgeSelection\":\"0to2\",\"edgeRTMS\":4478},{\"edgeSelection\":\"2to4\",\"edgeRTMS\":8477},{\"edgeSelection\":\"4to8\",\"edgeRTMS\":9255}]","inference_edgeRT":"9255","inference_edge_last":"4to8","task":"experiment","subjectId":"h7sld92zsunghs5","trial_type":"external-html","trial_index":11,"time_elapsed":432779,"internal_node_id":"0.0-9.0-0.3"},{"rt":11445,"url":"../static/nodeGraphs_distractor.html","edge":"0to1","edgeRT":"3094","skip":"false","flipped":"FALSE","index":"4","edgeClickLog":"[{\"edgeSelection\":\"0to1\",\"edgeRTMS\":3094}]","trial_id":"incong_2","congruency":"I","trial_group":"1to5","condition":"distractor","inference_edge":"0to1,1to4,4to8","inference_edgeClickLog":"[{\"edgeSelection\":\"0to1\",\"edgeRTMS\":2365},{\"edgeSelection\":\"1to4\",\"edgeRTMS\":3879},{\"edgeSelection\":\"4to8\",\"edgeRTMS\":4794}]","inference_edgeRT":"4794","inference_edge_last":"4to8","task":"experiment","subjectId":"h7sld92zsunghs5","trial_type":"external-html","trial_index":12,"time_elapsed":444853,"internal_node_id":"0.0-9.0-0.4"},{"rt":23795,"url":"../static/nodeGraphs_distractor.html","edge":"0to3","edgeRT":"1833","skip":"false","flipped":"TRUE","index":"5","edgeClickLog":"[{\"edgeSelection\":\"0to3\",\"edgeRTMS\":1833}]","trial_id":"incong_0_flipped","congruency":"I","trial_group":"5to10","condition":"distractor","inference_edge":"0to3,3to6,6to9","inference_edgeClickLog":"[{\"edgeSelection\":\"2to6\",\"edgeRTMS\":7746},{\"edgeSelection\":\"6to8\",\"edgeRTMS\":8799},{\"edgeSelection\":\"0to2\",\"edgeRTMS\":10652},{\"edgeSelection\":\"0to2\",\"edgeRTMS\":15642},{\"edgeSelection\":\"2to6\",\"edgeRTMS\":16934},{\"edgeSelection\":\"0to3\",\"edgeRTMS\":17900},{\"edgeSelection\":\"3to6\",\"edgeRTMS\":19283},{\"edgeSelection\":\"6to9\",\"edgeRTMS\":19908}]","inference_edgeRT":"19908","inference_edge_last":"6to9","task":"experiment","subjectId":"h7sld92zsunghs5","trial_type":"external-html","trial_index":13,"time_elapsed":469238,"internal_node_id":"0.0-9.0-0.5"},{"rt":22506,"url":"../static/nodeGraphs_distractor.html","edge":"2to6","edgeRT":"7425","skip":"false","flipped":"TRUE","index":"6","edgeClickLog":"[{\"edgeSelection\":\"2to6\",\"edgeRTMS\":7425}]","trial_id":"incong_5_flipped","congruency":"I","trial_group":"5to10","condition":"distractor","inference_edge":"2to6,0to2,6to8","inference_edgeClickLog":"[{\"edgeSelection\":\"2to6\",\"edgeRTMS\":11106},{\"edgeSelection\":\"0to2\",\"edgeRTMS\":11932},{\"edgeSelection\":\"6to8\",\"edgeRTMS\":13162}]","inference_edgeRT":"13162","inference_edge_last":"6to8","task":"experiment","subjectId":"h7sld92zsunghs5","trial_type":"external-html","trial_index":14,"time_elapsed":492439,"internal_node_id":"0.0-9.0-0.6"},{"rt":12543,"url":"../static/nodeGraphs_distractor.html","edge":"0to2","edgeRT":"1615","skip":"false","flipped":"TRUE","index":"7","edgeClickLog":"[{\"edgeSelection\":\"0to2\",\"edgeRTMS\":1615}]","trial_id":"incong_3_flipped","congruency":"I","trial_group":"5to10","condition":"distractor","inference_edge":"0to2,2to4,4to8","inference_edgeClickLog":"[{\"edgeSelection\":\"0to2\",\"edgeRTMS\":2764},{\"edgeSelection\":\"2to4\",\"edgeRTMS\":7388},{\"edgeSelection\":\"4to8\",\"edgeRTMS\":8665}]","inference_edgeRT":"8665","inference_edge_last":"4to8","task":"experiment","subjectId":"h7sld92zsunghs5","trial_type":"external-html","trial_index":15,"time_elapsed":505575,"internal_node_id":"0.0-9.0-0.7"},{"rt":12200,"url":"../static/nodeGraphs_distractor.html","edge":"0to2","edgeRT":"2884","skip":"false","flipped":"TRUE","index":"8","edgeClickLog":"[{\"edgeSelection\":\"0to2\",\"edgeRTMS\":2884}]","trial_id":"incong_10_flipped","congruency":"I","trial_group":"5to10","condition":"distractor","inference_edge":"0to2,2to6,6to8","inference_edgeClickLog":"[{\"edgeSelection\":\"0to2\",\"edgeRTMS\":4158},{\"edgeSelection\":\"2to6\",\"edgeRTMS\":5607},{\"edgeSelection\":\"6to8\",\"edgeRTMS\":6817}]","inference_edgeRT":"6817","inference_edge_last":"6to8","task":"experiment","subjectId":"h7sld92zsunghs5","trial_type":"external-html","trial_index":16,"time_elapsed":518389,"internal_node_id":"0.0-9.0-0.8"},{"rt":13003,"url":"../static/nodeGraphs_distractor.html","edge":"3to6","edgeRT":"4741","skip":"false","flipped":"TRUE","index":"9","edgeClickLog":"[{\"edgeSelection\":\"0to3\",\"edgeRTMS\":1922},{\"edgeSelection\":\"0to3\",\"edgeRTMS\":4001},{\"edgeSelection\":\"3to6\",\"edgeRTMS\":4741}]","trial_id":"incong_2_flipped","congruency":"I","trial_group":"5to10","condition":"distractor","inference_edge":"0to3,3to6,6to8","inference_edgeClickLog":"[{\"edgeSelection\":\"0to3\",\"edgeRTMS\":3411},{\"edgeSelection\":\"3to6\",\"edgeRTMS\":4652},{\"edgeSelection\":\"6to8\",\"edgeRTMS\":5742}]","inference_edgeRT":"5742","inference_edge_last":"6to8","task":"experiment","subjectId":"h7sld92zsunghs5","trial_type":"external-html","trial_index":17,"time_elapsed":532010,"internal_node_id":"0.0-9.0-0.9"},{"rt":12152,"url":"../static/nodeGraphs_distractor.html","edge":"1to4","edgeRT":"2358","skip":"false","flipped":"FALSE","index":"10","edgeClickLog":"[{\"edgeSelection\":\"1to4\",\"edgeRTMS\":2358}]","trial_id":"incong_0","congruency":"I","trial_group":"10to15","condition":"distractor","inference_edge":"0to1,1to4,4to7","inference_edgeClickLog":"[{\"edgeSelection\":\"0to1\",\"edgeRTMS\":6485},{\"edgeSelection\":\"1to4\",\"edgeRTMS\":7910},{\"edgeSelection\":\"4to7\",\"edgeRTMS\":8756}]","inference_edgeRT":"8756","inference_edge_last":"4to7","task":"experiment","subjectId":"h7sld92zsunghs5","trial_type":"external-html","trial_index":18,"time_elapsed":544773,"internal_node_id":"0.0-9.0-0.10"},{"rt":11113,"url":"../static/nodeGraphs_distractor.html","edge":"2to4","edgeRT":"2588","skip":"false","flipped":"FALSE","index":"11","edgeClickLog":"[{\"edgeSelection\":\"2to4\",\"edgeRTMS\":2588}]","trial_id":"incong_5","congruency":"I","trial_group":"10to15","condition":"distractor","inference_edge":"0to2,2to4,4to8","inference_edgeClickLog":"[{\"edgeSelection\":\"0to2\",\"edgeRTMS\":4964},{\"edgeSelection\":\"2to4\",\"edgeRTMS\":6301},{\"edgeSelection\":\"4to8\",\"edgeRTMS\":6912}]","inference_edgeRT":"6912","inference_edge_last":"4to8","task":"experiment","subjectId":"h7sld92zsunghs5","trial_type":"external-html","trial_index":19,"time_elapsed":556486,"internal_node_id":"0.0-9.0-0.11"},{"rt":10077,"url":"../static/nodeGraphs_distractor.html","edge":"0to2","edgeRT":"1849","skip":"false","flipped":"FALSE","index":"12","edgeClickLog":"[{\"edgeSelection\":\"0to2\",\"edgeRTMS\":1849}]","trial_id":"incong_3","congruency":"I","trial_group":"10to15","condition":"distractor","inference_edge":"0to2,2to6,6to8","inference_edgeClickLog":"[{\"edgeSelection\":\"0to2\",\"edgeRTMS\":3596},{\"edgeSelection\":\"2to6\",\"edgeRTMS\":5227},{\"edgeSelection\":\"6to8\",\"edgeRTMS\":6430}]","inference_edgeRT":"6430","inference_edge_last":"6to8","task":"experiment","subjectId":"h7sld92zsunghs5","trial_type":"external-html","trial_index":20,"time_elapsed":567148,"internal_node_id":"0.0-9.0-0.12"},{"rt":8778,"url":"../static/nodeGraphs_distractor.html","edge":"0to2","edgeRT":"1087","skip":"false","flipped":"FALSE","index":"13","edgeClickLog":"[{\"edgeSelection\":\"0to2\",\"edgeRTMS\":1087}]","trial_id":"incong_10","congruency":"I","trial_group":"10to15","condition":"distractor","inference_edge":"0to2,2to4,4to8","inference_edgeClickLog":"[{\"edgeSelection\":\"0to2\",\"edgeRTMS\":3966},{\"edgeSelection\":\"2to4\",\"edgeRTMS\":5033},{\"edgeSelection\":\"4to8\",\"edgeRTMS\":5820}]","inference_edgeRT":"5820","inference_edge_last":"4to8","task":"experiment","subjectId":"h7sld92zsunghs5","trial_type":"external-html","trial_index":21,"time_elapsed":576508,"internal_node_id":"0.0-9.0-0.13"},{"rt":9805,"url":"../static/nodeGraphs_distractor.html","edge":"0to1","edgeRT":"2310","skip":"false","flipped":"FALSE","index":"14","edgeClickLog":"[{\"edgeSelection\":\"0to1\",\"edgeRTMS\":2310}]","trial_id":"incong_2","congruency":"I","trial_group":"10to15","condition":"distractor","inference_edge":"0to1,1to4,4to8","inference_edgeClickLog":"[{\"edgeSelection\":\"0to1\",\"edgeRTMS\":2647},{\"edgeSelection\":\"1to4\",\"edgeRTMS\":3496},{\"edgeSelection\":\"4to8\",\"edgeRTMS\":4580}]","inference_edgeRT":"4580","inference_edge_last":"4to8","task":"experiment","subjectId":"h7sld92zsunghs5","trial_type":"external-html","trial_index":22,"time_elapsed":586917,"internal_node_id":"0.0-9.0-0.14"},{"rt":16751,"url":"../static/nodeGraphs_distractor.html","edge":"3to6","edgeRT":"7073","skip":"false","flipped":"FALSE","index":"15","edgeClickLog":"[{\"edgeSelection\":\"3to6\",\"edgeRTMS\":3932},{\"edgeSelection\":\"6to8\",\"edgeRTMS\":5890},{\"edgeSelection\":\"3to6\",\"edgeRTMS\":7073}]","trial_id":"test_0","congruency":"I","trial_group":"15to20","condition":"distractor","inference_edge":"0to1,1to4,4to8","inference_edgeClickLog":"[{\"edgeSelection\":\"0to1\",\"edgeRTMS\":2647},{\"edgeSelection\":\"1to4\",\"edgeRTMS\":3496},{\"edgeSelection\":\"4to8\",\"edgeRTMS\":4580}]","inference_edgeRT":"4580","inference_edge_last":"","task":"experiment","subjectId":"h7sld92zsunghs5","trial_type":"external-html","trial_index":23,"time_elapsed":604293,"internal_node_id":"0.0-9.0-0.15"},{"rt":7103,"url":"../static/nodeGraphs_distractor.html","edge":"0to3","edgeRT":"6428","skip":"false","flipped":"FALSE","index":"16","edgeClickLog":"[{\"edgeSelection\":\"0to3\",\"edgeRTMS\":6428}]","trial_id":"test_1","congruency":"I","trial_group":"15to20","condition":"distractor","inference_edge":"0to1,1to4,4to8","inference_edgeClickLog":"[{\"edgeSelection\":\"0to1\",\"edgeRTMS\":2647},{\"edgeSelection\":\"1to4\",\"edgeRTMS\":3496},{\"edgeSelection\":\"4to8\",\"edgeRTMS\":4580}]","inference_edgeRT":"4580","inference_edge_last":"","task":"experiment","subjectId":"h7sld92zsunghs5","trial_type":"external-html","trial_index":24,"time_elapsed":611994,"internal_node_id":"0.0-9.0-0.16"},{"rt":3223,"url":"../static/nodeGraphs_distractor.html","edge":"0to3","edgeRT":"2437","skip":"false","flipped":"FALSE","index":"17","edgeClickLog":"[{\"edgeSelection\":\"0to3\",\"edgeRTMS\":2437}]","trial_id":"test_2","congruency":"I","trial_group":"15to20","condition":"distractor","inference_edge":"0to1,1to4,4to8","inference_edgeClickLog":"[{\"edgeSelection\":\"0to1\",\"edgeRTMS\":2647},{\"edgeSelection\":\"1to4\",\"edgeRTMS\":3496},{\"edgeSelection\":\"4to8\",\"edgeRTMS\":4580}]","inference_edgeRT":"4580","inference_edge_last":"","task":"experiment","subjectId":"h7sld92zsunghs5","trial_type":"external-html","trial_index":25,"time_elapsed":615832,"internal_node_id":"0.0-9.0-0.17"},{"rt":10708,"url":"../static/nodeGraphs_distractor.html","edge":"0to1","edgeRT":"7760","skip":"false","flipped":"FALSE","index":"18","edgeClickLog":"[{\"edgeSelection\":\"0to1\",\"edgeRTMS\":2936},{\"edgeSelection\":\"0to1\",\"edgeRTMS\":7139},{\"edgeSelection\":\"0to1\",\"edgeRTMS\":7760}]","trial_id":"test_3","congruency":"I","trial_group":"15to20","condition":"distractor","inference_edge":"0to1,1to4,4to8","inference_edgeClickLog":"[{\"edgeSelection\":\"0to1\",\"edgeRTMS\":2647},{\"edgeSelection\":\"1to4\",\"edgeRTMS\":3496},{\"edgeSelection\":\"4to8\",\"edgeRTMS\":4580}]","inference_edgeRT":"4580","inference_edge_last":"","task":"experiment","subjectId":"h7sld92zsunghs5","trial_type":"external-html","trial_index":26,"time_elapsed":627157,"internal_node_id":"0.0-9.0-0.18"},{"rt":18656,"url":"../static/nodeGraphs_distractor.html","edge":"2to6","edgeRT":"18167","skip":"false","flipped":"FALSE","index":"19","edgeClickLog":"[{\"edgeSelection\":\"2to6\",\"edgeRTMS\":18167}]","trial_id":"test_4","congruency":"I","trial_group":"15to20","condition":"distractor","inference_edge":"0to1,1to4,4to8","inference_edgeClickLog":"[{\"edgeSelection\":\"0to1\",\"edgeRTMS\":2647},{\"edgeSelection\":\"1to4\",\"edgeRTMS\":3496},{\"edgeSelection\":\"4to8\",\"edgeRTMS\":4580}]","inference_edgeRT":"4580","inference_edge_last":"","task":"experiment","subjectId":"h7sld92zsunghs5","trial_type":"external-html","trial_index":27,"time_elapsed":646390,"internal_node_id":"0.0-9.0-0.19"},{"rt":47687,"response":{"P0_Q0":null,"P0_Q1":5,"P0_Q2":7,"P0_Q3":5,"P0_Q4":7,"P0_Q5":5,"strategies":"I tried to pick things further down the path that could possibly imply taking certain paths earlier in the chain on the off-chance that those paths are available to the user.","feedback":"no, thank you"},"accuracy":[],"trial_type":"survey","trial_index":28,"time_elapsed":694643,"internal_node_id":"0.0-10.0"},{"rt":2113,"stimulus":"<p>Thanks for your time!</p>        <p>We need to manually calculate your bonus pay, please give us up to 7 days.</p><p>Press any key to conclude.</p>","response":" ","task":"end","subjectId":"h7sld92zsunghs5","trial_type":"html-keyboard-response","trial_index":29,"time_elapsed":696757,"internal_node_id":"0.0-11.0","interactions":"[{\"event\":\"fullscreenenter\",\"trial\":1,\"time\":19731},{\"event\":\"blur\",\"trial\":10,\"time\":409747},{\"event\":\"fullscreenexit\",\"trial\":10,\"time\":409750},{\"event\":\"focus\",\"trial\":10,\"time\":409903}]"}]