[{"success":true,"timeout":false,"failed_images":[],"failed_audio":[],"failed_video":[],"trial_type":"preload","trial_index":0,"time_elapsed":3584,"internal_node_id":"0.0-0.0"},{"success":true,"trial_type":"fullscreen","trial_index":1,"time_elapsed":6239,"internal_node_id":"0.0-1.0"},{"rt":1853,"stimulus":"Welcome to the experiment. Press any key to begin.","response":"shift","trial_type":"html-keyboard-response","trial_index":2,"time_elapsed":8095,"internal_node_id":"0.0-2.0"},{"view_history":[{"page_index":0,"viewing_time":2954},{"page_index":1,"viewing_time":3010},{"page_index":2,"viewing_time":25922},{"page_index":3,"viewing_time":2691},{"page_index":4,"viewing_time":955},{"page_index":5,"viewing_time":554},{"page_index":6,"viewing_time":2658},{"page_index":7,"viewing_time":4394},{"page_index":8,"viewing_time":13947},{"page_index":9,"viewing_time":6987},{"page_index":10,"viewing_time":1856},{"page_index":11,"viewing_time":537},{"page_index":12,"viewing_time":418},{"page_index":13,"viewing_time":1539},{"page_index":14,"viewing_time":2899},{"page_index":15,"viewing_time":2906},{"page_index":16,"viewing_time":785},{"page_index":17,"viewing_time":350},{"page_index":18,"viewing_time":629},{"page_index":19,"viewing_time":2822},{"page_index":20,"viewing_time":3871},{"page_index":21,"viewing_time":3668}],"rt":86351,"trial_type":"instructions","trial_index":3,"time_elapsed":94447,"internal_node_id":"0.0-3.0"},{"rt":48672,"url":"../static/nodeGraphsTraining_normal.html","skip":[],"edgeClickLog":[],"inference_edge":[],"inference_edgeClickLog":[],"trial_type":"external-html","trial_index":4,"time_elapsed":143250,"internal_node_id":"0.0-4.0"},{"rt":19340,"response":{"q1":"The goal is to help the student to get the most points","q2":"False","q3":"Possible paths you, as the teacher, can choose to teach the learner.","q4":"Paths that the student took before."},"question_order":[0,1,2,3],"trial_type":"survey-multi-choice","trial_index":5,"time_elapsed":162599,"internal_node_id":"0.0-5.0"},{"rt":2617,"stimulus":"<p>You can take a 60 second break before starting the experiment.</p><br><br><p>This page will advance in 60 seconds or you can press any key to advance now.</p>","response":"arrowright","trial_type":"html-keyboard-response","trial_index":6,"time_elapsed":165222,"internal_node_id":"0.0-7.0"},{"view_history":[{"page_index":0,"viewing_time":21719}],"rt":21720,"trial_type":"instructions","trial_index":7,"time_elapsed":186943,"internal_node_id":"0.0-8.0"},{"rt":15435,"url":"../static/nodeGraphs_normal.html","edge":"5to8","edgeRT":"13775","skip":"false","flipped":"FALSE","index":"0","edgeClickLog":"[{\"edgeSelection\":\"1to4\",\"edgeRTMS\":7690},{\"edgeSelection\":\"4to8\",\"edgeRTMS\":9022},{\"edgeSelection\":\"5to8\",\"edgeRTMS\":13775}]","trial_id":"cong_0","congruency":"C","trial_group":"1to5","condition":"normal","inference_edge":[],"inference_edgeClickLog":[],"task":"experiment","subjectId":"mnffu95k3l02alp","trial_type":"external-html","trial_index":8,"time_elapsed":203496,"internal_node_id":"0.0-9.0-0.0"},{"rt":17862,"url":"../static/nodeGraphs_normal.html","edge":"5to7","edgeRT":"17375","skip":"false","flipped":"FALSE","index":"1","edgeClickLog":"[{\"edgeSelection\":\"5to7\",\"edgeRTMS\":17375}]","trial_id":"cong_1","congruency":"C","trial_group":"1to5","condition":"normal","inference_edge":[],"inference_edgeClickLog":[],"task":"experiment","subjectId":"mnffu95k3l02alp","trial_type":"external-html","trial_index":9,"time_elapsed":222037,"internal_node_id":"0.0-9.0-0.1"},{"rt":17406,"url":"../static/nodeGraphs_normal.html","edge":"4to7","edgeRT":"16977","skip":"false","flipped":"FALSE","index":"2","edgeClickLog":"[{\"edgeSelection\":\"4to7\",\"edgeRTMS\":16977}]","trial_id":"cong_6","congruency":"C","trial_group":"1to5","condition":"normal","inference_edge":[],"inference_edgeClickLog":[],"task":"experiment","subjectId":"mnffu95k3l02alp","trial_type":"external-html","trial_index":10,"time_elapsed":240069,"internal_node_id":"0.0-9.0-0.2"},{"rt":7182,"url":"../static/nodeGraphs_normal.html","edge":"5to8","edgeRT":"6895","skip":"false","flipped":"FALSE","index":"3","edgeClickLog":"[{\"edgeSelection\":\"5to8\",\"edgeRTMS\":6895}]","trial_id":"cong_4","congruency":"C","trial_group":"1to5","condition":"normal","inference_edge":[],"inference_edgeClickLog":[],"task":"experiment","subjectId":"mnffu95k3l02alp","trial_type":"external-html","trial_index":11,"time_elapsed":247880,"internal_node_id":"0.0-9.0-0.3"},{"rt":9247,"url":"../static/nodeGraphs_normal.html","edge":"6to8","edgeRT":"9010","skip":"false","flipped":"FALSE","index":"4","edgeClickLog":"[{\"edgeSelection\":\"6to8\",\"edgeRTMS\":9010}]","trial_id":"cong_9","congruency":"C","trial_group":"1to5","condition":"normal","inference_edge":[],"inference_edgeClickLog":[],"task":"experiment","subjectId":"mnffu95k3l02alp","trial_type":"external-html","trial_index":12,"time_elapsed":257754,"internal_node_id":"0.0-9.0-0.4"},{"rt":7139,"url":"../static/nodeGraphs_normal.html","edge":"5to8","edgeRT":"6763","skip":"false","flipped":"TRUE","index":"5","edgeClickLog":"[{\"edgeSelection\":\"5to8\",\"edgeRTMS\":6763}]","trial_id":"cong_0_flipped","congruency":"C","trial_group":"5to10","condition":"normal","inference_edge":[],"inference_edgeClickLog":[],"task":"experiment","subjectId":"mnffu95k3l02alp","trial_type":"external-html","trial_index":13,"time_elapsed":265521,"internal_node_id":"0.0-9.0-0.5"},{"rt":8169,"url":"../static/nodeGraphs_normal.html","edge":"5to9","edgeRT":"7934","skip":"false","flipped":"TRUE","index":"6","edgeClickLog":"[{\"edgeSelection\":\"5to9\",\"edgeRTMS\":7934}]","trial_id":"cong_1_flipped","congruency":"C","trial_group":"5to10","condition":"normal","inference_edge":[],"inference_edgeClickLog":[],"task":"experiment","subjectId":"mnffu95k3l02alp","trial_type":"external-html","trial_index":14,"time_elapsed":274333,"internal_node_id":"0.0-9.0-0.6"},{"rt":7144,"url":"../static/nodeGraphs_normal.html","edge":"6to9","edgeRT":"6776","skip":"false","flipped":"TRUE","index":"7","edgeClickLog":"[{\"edgeSelection\":\"6to9\",\"edgeRTMS\":6776}]","trial_id":"cong_6_flipped","congruency":"C","trial_group":"5to10","condition":"normal","inference_edge":[],"inference_edgeClickLog":[],"task":"experiment","subjectId":"mnffu95k3l02alp","trial_type":"external-html","trial_index":15,"time_elapsed":282148,"internal_node_id":"0.0-9.0-0.7"},{"rt":4193,"url":"../static/nodeGraphs_normal.html","edge":"5to8","edgeRT":"3967","skip":"false","flipped":"TRUE","index":"8","edgeClickLog":"[{\"edgeSelection\":\"5to8\",\"edgeRTMS\":3967}]","trial_id":"cong_4_flipped","congruency":"C","trial_group":"5to10","condition":"normal","inference_edge":[],"inference_edgeClickLog":[],"task":"experiment","subjectId":"mnffu95k3l02alp","trial_type":"external-html","trial_index":16,"time_elapsed":286966,"internal_node_id":"0.0-9.0-0.8"},{"rt":6782,"url":"../static/nodeGraphs_normal.html","edge":"4to8","edgeRT":"6662","skip":"false","flipped":"TRUE","index":"9","edgeClickLog":"[{\"edgeSelection\":\"4to8\",\"edgeRTMS\":6662}]","trial_id":"cong_9_flipped","congruency":"C","trial_group":"5to10","condition":"normal","inference_edge":[],"inference_edgeClickLog":[],"task":"experiment","subjectId":"mnffu95k3l02alp","trial_type":"external-html","trial_index":17,"time_elapsed":294376,"internal_node_id":"0.0-9.0-0.9"},{"rt":4572,"url":"../static/nodeGraphs_normal.html","edge":"5to8","edgeRT":"4200","skip":"false","flipped":"FALSE","index":"10","edgeClickLog":"[{\"edgeSelection\":\"5to8\",\"edgeRTMS\":4200}]","trial_id":"cong_0","congruency":"C","trial_group":"10to15","condition":"normal","inference_edge":[],"inference_edgeClickLog":[],"task":"experiment","subjectId":"mnffu95k3l02alp","trial_type":"external-html","trial_index":18,"time_elapsed":299575,"internal_node_id":"0.0-9.0-0.10"},{"rt":6214,"url":"../static/nodeGraphs_normal.html","edge":"5to7","edgeRT":"4312","skip":"false","flipped":"FALSE","index":"11","edgeClickLog":"[{\"edgeSelection\":\"5to7\",\"edgeRTMS\":4312}]","trial_id":"cong_1","congruency":"C","trial_group":"10to15","condition":"normal","inference_edge":[],"inference_edgeClickLog":[],"task":"experiment","subjectId":"mnffu95k3l02alp","trial_type":"external-html","trial_index":19,"time_elapsed":306704,"internal_node_id":"0.0-9.0-0.11"},{"rt":5279,"url":"../static/nodeGraphs_normal.html","edge":"4to7","edgeRT":"5219","skip":"false","flipped":"FALSE","index":"12","edgeClickLog":"[{\"edgeSelection\":\"4to7\",\"edgeRTMS\":5219}]","trial_id":"cong_6","congruency":"C","trial_group":"10to15","condition":"normal","inference_edge":[],"inference_edgeClickLog":[],"task":"experiment","subjectId":"mnffu95k3l02alp","trial_type":"external-html","trial_index":20,"time_elapsed":312654,"internal_node_id":"0.0-9.0-0.12"},{"rt":4344,"url":"../static/nodeGraphs_normal.html","edge":"5to8","edgeRT":"4173","skip":"false","flipped":"FALSE","index":"13","edgeClickLog":"[{\"edgeSelection\":\"5to8\",\"edgeRTMS\":4173}]","trial_id":"cong_4","congruency":"C","trial_group":"10to15","condition":"normal","inference_edge":[],"inference_edgeClickLog":[],"task":"experiment","subjectId":"mnffu95k3l02alp","trial_type":"external-html","trial_index":21,"time_elapsed":317621,"internal_node_id":"0.0-9.0-0.13"},{"rt":8267,"url":"../static/nodeGraphs_normal.html","edge":"6to8","edgeRT":"8176","skip":"false","flipped":"FALSE","index":"14","edgeClickLog":"[{\"edgeSelection\":\"6to8\",\"edgeRTMS\":8176}]","trial_id":"cong_9","congruency":"C","trial_group":"10to15","condition":"normal","inference_edge":[],"inference_edgeClickLog":[],"task":"experiment","subjectId":"mnffu95k3l02alp","trial_type":"external-html","trial_index":22,"time_elapsed":326588,"internal_node_id":"0.0-9.0-0.14"},{"rt":10871,"url":"../static/nodeGraphs_normal.html","edge":"5to8","edgeRT":"5382","skip":"false","flipped":"FALSE","index":"15","edgeClickLog":"[{\"edgeSelection\":\"5to8\",\"edgeRTMS\":5382}]","trial_id":"test_0","congruency":"I","trial_group":"15to20","condition":"normal","inference_edge":[],"inference_edgeClickLog":[],"task":"experiment","subjectId":"mnffu95k3l02alp","trial_type":"external-html","trial_index":23,"time_elapsed":341439,"internal_node_id":"0.0-9.0-0.15"},{"rt":4886,"url":"../static/nodeGraphs_normal.html","edge":"4to7","edgeRT":"4365","skip":"false","flipped":"FALSE","index":"16","edgeClickLog":"[{\"edgeSelection\":\"4to7\",\"edgeRTMS\":4365}]","trial_id":"test_1","congruency":"I","trial_group":"15to20","condition":"normal","inference_edge":[],"inference_edgeClickLog":[],"task":"experiment","subjectId":"mnffu95k3l02alp","trial_type":"external-html","trial_index":24,"time_elapsed":347051,"internal_node_id":"0.0-9.0-0.16"},{"rt":6058,"url":"../static/nodeGraphs_normal.html","edge":"6to8","edgeRT":"5963","skip":"false","flipped":"FALSE","index":"17","edgeClickLog":"[{\"edgeSelection\":\"6to8\",\"edgeRTMS\":5963}]","trial_id":"test_2","congruency":"I","trial_group":"15to20","condition":"normal","inference_edge":[],"inference_edgeClickLog":[],"task":"experiment","subjectId":"mnffu95k3l02alp","trial_type":"external-html","trial_index":25,"time_elapsed":353818,"internal_node_id":"0.0-9.0-0.17"},{"rt":4518,"url":"../static/nodeGraphs_normal.html","edge":"5to9","edgeRT":"4216","skip":"false","flipped":"FALSE","index":"18","edgeClickLog":"[{\"edgeSelection\":\"5to9\",\"edgeRTMS\":4216}]","trial_id":"test_3","congruency":"I","trial_group":"15to20","condition":"normal","inference_edge":[],"inference_edgeClickLog":[],"task":"experiment","subjectId":"mnffu95k3l02alp","trial_type":"external-html","trial_index":26,"time_elapsed":358962,"internal_node_id":"0.0-9.0-0.18"},{"rt":4191,"url":"../static/nodeGraphs_normal.html","edge":"4to7","edgeRT":"3792","skip":"false","flipped":"FALSE","index":"19","edgeClickLog":"[{\"edgeSelection\":\"4to7\",\"edgeRTMS\":3792}]","trial_id":"test_4","congruency":"I","trial_group":"15to20","condition":"normal","inference_edge":[],"inference_edgeClickLog":[],"task":"experiment","subjectId":"mnffu95k3l02alp","trial_type":"external-html","trial_index":27,"time_elapsed":363780,"internal_node_id":"0.0-9.0-0.19"},{"rt":30382,"response":{"P0_Q0":null,"P0_Q1":2,"P0_Q2":7,"P0_Q3":7,"P0_Q4":3,"P0_Q5":1,"strategies":"It really only mattered what happened in the last choice, so I went with the highest number at the bottom.","feedback":""},"accuracy":[],"trial_type":"survey","trial_index":28,"time_elapsed":394755,"internal_node_id":"0.0-10.0"},{"rt":3255,"stimulus":"<p>Thanks for your time!</p>        <p>We need to manually calculate your bonus pay, please give us up to 7 days.</p><p>Press any key to conclude.</p>","response":"arrowright","task":"end","subjectId":"mnffu95k3l02alp","trial_type":"html-keyboard-response","trial_index":29,"time_elapsed":398014,"internal_node_id":"0.0-11.0","interactions":"[{\"event\":\"fullscreenenter\",\"trial\":1,\"time\":5265}]"}]