[{"success":true,"timeout":false,"failed_images":[],"failed_audio":[],"failed_video":[],"trial_type":"preload","trial_index":0,"time_elapsed":151,"internal_node_id":"0.0-0.0"},{"success":true,"trial_type":"fullscreen","trial_index":1,"time_elapsed":4126,"internal_node_id":"0.0-1.0"},{"rt":3819,"stimulus":"Welcome to the experiment. Press any key to begin.","response":" ","trial_type":"html-keyboard-response","trial_index":2,"time_elapsed":7946,"internal_node_id":"0.0-2.0"},{"view_history":[{"page_index":0,"viewing_time":4896},{"page_index":1,"viewing_time":7005},{"page_index":2,"viewing_time":27166},{"page_index":3,"viewing_time":9624},{"page_index":4,"viewing_time":1650},{"page_index":5,"viewing_time":576},{"page_index":6,"viewing_time":3950},{"page_index":7,"viewing_time":9180},{"page_index":8,"viewing_time":27424},{"page_index":9,"viewing_time":7642},{"page_index":10,"viewing_time":1120},{"page_index":11,"viewing_time":386},{"page_index":12,"viewing_time":360},{"page_index":13,"viewing_time":1306},{"page_index":14,"viewing_time":2900},{"page_index":15,"viewing_time":5872},{"page_index":16,"viewing_time":1458},{"page_index":17,"viewing_time":384},{"page_index":18,"viewing_time":384},{"page_index":19,"viewing_time":5556},{"page_index":20,"viewing_time":9451},{"page_index":21,"viewing_time":4518}],"rt":132809,"trial_type":"instructions","trial_index":3,"time_elapsed":140755,"internal_node_id":"0.0-3.0"},{"rt":154858,"url":"../static/nodeGraphsTraining_distractor.html","skip":[],"edgeClickLog":[],"inference_edge":[],"inference_edgeClickLog":[],"trial_type":"external-html","trial_index":4,"time_elapsed":295715,"internal_node_id":"0.0-4.0"},{"rt":66769,"response":{"q1":"The goal is to help the student to get the most points.","q2":"False","q3":"Possible edges you, as the teacher, can choose to teach the learner.","q4":"Edges that the student took before."},"question_order":[0,1,2,3],"trial_type":"survey-multi-choice","trial_index":5,"time_elapsed":362486,"internal_node_id":"0.0-5.0"},{"rt":6218,"stimulus":"<p>You can take a 60 second break before starting the experiment.</p><br><br><p>This page will advance in 60 seconds or you can press any key to advance now.</p>","response":" ","trial_type":"html-keyboard-response","trial_index":6,"time_elapsed":368706,"internal_node_id":"0.0-7.0"},{"view_history":[{"page_index":0,"viewing_time":43652}],"rt":43653,"trial_type":"instructions","trial_index":7,"time_elapsed":412359,"internal_node_id":"0.0-8.0"},{"rt":25844,"url":"../static/nodeGraphs_distractor.html","edge":"1to4","edgeRT":"8565","skip":"false","flipped":"FALSE","index":"0","edgeClickLog":"[{\"edgeSelection\":\"1to4\",\"edgeRTMS\":8565}]","trial_id":"cong_0","congruency":"C","trial_group":"1to5","condition":"distractor","inference_edge":"2to4,1to4,4to8","inference_edgeClickLog":"[{\"edgeSelection\":\"2to4\",\"edgeRTMS\":7715},{\"edgeSelection\":\"1to4\",\"edgeRTMS\":9027},{\"edgeSelection\":\"4to8\",\"edgeRTMS\":12704}]","inference_edgeRT":"12704","inference_edge_last":"4to8","task":"experiment","subjectId":"avyav7gby13s5l9","trial_type":"external-html","trial_index":8,"time_elapsed":438308,"internal_node_id":"0.0-9.0-0.0"},{"rt":20512,"url":"../static/nodeGraphs_distractor.html","edge":"2to6","edgeRT":"2837","skip":"false","flipped":"FALSE","index":"1","edgeClickLog":"[{\"edgeSelection\":\"2to6\",\"edgeRTMS\":2837}]","trial_id":"cong_1","congruency":"C","trial_group":"1to5","condition":"distractor","inference_edge":"2to4,2to6,6to9","inference_edgeClickLog":"[{\"edgeSelection\":\"2to4\",\"edgeRTMS\":8621},{\"edgeSelection\":\"2to6\",\"edgeRTMS\":10886},{\"edgeSelection\":\"6to9\",\"edgeRTMS\":16138}]","inference_edgeRT":"16138","inference_edge_last":"6to9","task":"experiment","subjectId":"avyav7gby13s5l9","trial_type":"external-html","trial_index":9,"time_elapsed":459418,"internal_node_id":"0.0-9.0-0.1"},{"rt":21643,"url":"../static/nodeGraphs_distractor.html","edge":"2to5","edgeRT":"7435","skip":"false","flipped":"FALSE","index":"2","edgeClickLog":"[{\"edgeSelection\":\"2to5\",\"edgeRTMS\":7435}]","trial_id":"cong_6","congruency":"C","trial_group":"1to5","condition":"distractor","inference_edge":"2to5,5to7,1to5","inference_edgeClickLog":"[{\"edgeSelection\":\"2to5\",\"edgeRTMS\":8356},{\"edgeSelection\":\"5to7\",\"edgeRTMS\":11495},{\"edgeSelection\":\"1to5\",\"edgeRTMS\":12033}]","inference_edgeRT":"12033","inference_edge_last":"1to5","task":"experiment","subjectId":"avyav7gby13s5l9","trial_type":"external-html","trial_index":10,"time_elapsed":481656,"internal_node_id":"0.0-9.0-0.2"},{"rt":34602,"url":"../static/nodeGraphs_distractor.html","edge":"2to4","edgeRT":"6041","skip":"false","flipped":"FALSE","index":"3","edgeClickLog":"[{\"edgeSelection\":\"2to4\",\"edgeRTMS\":6041}]","trial_id":"cong_4","congruency":"C","trial_group":"1to5","condition":"distractor","inference_edge":"2to4,4to8,4to7","inference_edgeClickLog":"[{\"edgeSelection\":\"2to4\",\"edgeRTMS\":5207},{\"edgeSelection\":\"4to8\",\"edgeRTMS\":6889},{\"edgeSelection\":\"4to7\",\"edgeRTMS\":26925}]","inference_edgeRT":"26925","inference_edge_last":"4to7","task":"experiment","subjectId":"avyav7gby13s5l9","trial_type":"external-html","trial_index":11,"time_elapsed":516872,"internal_node_id":"0.0-9.0-0.3"},{"rt":18418,"url":"../static/nodeGraphs_distractor.html","edge":"2to5","edgeRT":"1491","skip":"false","flipped":"FALSE","index":"4","edgeClickLog":"[{\"edgeSelection\":\"2to5\",\"edgeRTMS\":1491}]","trial_id":"cong_9","congruency":"C","trial_group":"1to5","condition":"distractor","inference_edge":"2to5,5to8,5to9","inference_edgeClickLog":"[{\"edgeSelection\":\"2to5\",\"edgeRTMS\":7858},{\"edgeSelection\":\"5to8\",\"edgeRTMS\":9291},{\"edgeSelection\":\"5to9\",\"edgeRTMS\":14860}]","inference_edgeRT":"14860","inference_edge_last":"5to9","task":"experiment","subjectId":"avyav7gby13s5l9","trial_type":"external-html","trial_index":12,"time_elapsed":535890,"internal_node_id":"0.0-9.0-0.4"},{"rt":28044,"url":"../static/nodeGraphs_distractor.html","edge":"3to6","edgeRT":"4014","skip":"false","flipped":"TRUE","index":"5","edgeClickLog":"[{\"edgeSelection\":\"3to6\",\"edgeRTMS\":4014}]","trial_id":"cong_0_flipped","congruency":"C","trial_group":"5to10","condition":"distractor","inference_edge":"3to6,6to8,6to9","inference_edgeClickLog":"[{\"edgeSelection\":\"3to6\",\"edgeRTMS\":4869},{\"edgeSelection\":\"6to8\",\"edgeRTMS\":16383},{\"edgeSelection\":\"6to9\",\"edgeRTMS\":22746}]","inference_edgeRT":"22746","inference_edge_last":"6to9","task":"experiment","subjectId":"avyav7gby13s5l9","trial_type":"external-html","trial_index":13,"time_elapsed":564532,"internal_node_id":"0.0-9.0-0.5"},{"rt":25574,"url":"../static/nodeGraphs_distractor.html","edge":"2to4","edgeRT":"1820","skip":"false","flipped":"TRUE","index":"6","edgeClickLog":"[{\"edgeSelection\":\"2to4\",\"edgeRTMS\":1820}]","trial_id":"cong_1_flipped","congruency":"C","trial_group":"5to10","condition":"distractor","inference_edge":"2to4,4to7,2to6","inference_edgeClickLog":"[{\"edgeSelection\":\"2to4\",\"edgeRTMS\":5463},{\"edgeSelection\":\"4to7\",\"edgeRTMS\":15013},{\"edgeSelection\":\"2to6\",\"edgeRTMS\":21149}]","inference_edgeRT":"21149","inference_edge_last":"2to6","task":"experiment","subjectId":"avyav7gby13s5l9","trial_type":"external-html","trial_index":14,"time_elapsed":590704,"internal_node_id":"0.0-9.0-0.6"},{"rt":13639,"url":"../static/nodeGraphs_distractor.html","edge":"2to5","edgeRT":"1451","skip":"false","flipped":"TRUE","index":"7","edgeClickLog":"[{\"edgeSelection\":\"2to5\",\"edgeRTMS\":1451}]","trial_id":"cong_6_flipped","congruency":"C","trial_group":"5to10","condition":"distractor","inference_edge":"2to5,5to9,5to7","inference_edgeClickLog":"[{\"edgeSelection\":\"2to5\",\"edgeRTMS\":5220},{\"edgeSelection\":\"5to9\",\"edgeRTMS\":9725},{\"edgeSelection\":\"5to7\",\"edgeRTMS\":11053}]","inference_edgeRT":"11053","inference_edge_last":"5to7","task":"experiment","subjectId":"avyav7gby13s5l9","trial_type":"external-html","trial_index":15,"time_elapsed":604948,"internal_node_id":"0.0-9.0-0.7"},{"rt":18071,"url":"../static/nodeGraphs_distractor.html","edge":"2to6","edgeRT":"1791","skip":"false","flipped":"TRUE","index":"8","edgeClickLog":"[{\"edgeSelection\":\"2to6\",\"edgeRTMS\":1791}]","trial_id":"cong_4_flipped","congruency":"C","trial_group":"5to10","condition":"distractor","inference_edge":"2to6,6to8,6to9","inference_edgeClickLog":"[{\"edgeSelection\":\"2to6\",\"edgeRTMS\":3346},{\"edgeSelection\":\"6to8\",\"edgeRTMS\":5419},{\"edgeSelection\":\"6to9\",\"edgeRTMS\":14477}]","inference_edgeRT":"14477","inference_edge_last":"6to9","task":"experiment","subjectId":"avyav7gby13s5l9","trial_type":"external-html","trial_index":16,"time_elapsed":623620,"internal_node_id":"0.0-9.0-0.8"},{"rt":9444,"url":"../static/nodeGraphs_distractor.html","edge":"2to5","edgeRT":"1020","skip":"false","flipped":"TRUE","index":"9","edgeClickLog":"[{\"edgeSelection\":\"2to5\",\"edgeRTMS\":1020}]","trial_id":"cong_9_flipped","congruency":"C","trial_group":"5to10","condition":"distractor","inference_edge":"2to5,5to8,5to7","inference_edgeClickLog":"[{\"edgeSelection\":\"2to5\",\"edgeRTMS\":4326},{\"edgeSelection\":\"5to8\",\"edgeRTMS\":5548},{\"edgeSelection\":\"5to7\",\"edgeRTMS\":7301}]","inference_edgeRT":"7301","inference_edge_last":"5to7","task":"experiment","subjectId":"avyav7gby13s5l9","trial_type":"external-html","trial_index":17,"time_elapsed":633660,"internal_node_id":"0.0-9.0-0.9"},{"rt":11383,"url":"../static/nodeGraphs_distractor.html","edge":"1to4","edgeRT":"1371","skip":"false","flipped":"FALSE","index":"10","edgeClickLog":"[{\"edgeSelection\":\"1to4\",\"edgeRTMS\":1371}]","trial_id":"cong_0","congruency":"C","trial_group":"10to15","condition":"distractor","inference_edge":"1to4,2to4,4to8","inference_edgeClickLog":"[{\"edgeSelection\":\"1to4\",\"edgeRTMS\":3140},{\"edgeSelection\":\"2to4\",\"edgeRTMS\":7434},{\"edgeSelection\":\"4to8\",\"edgeRTMS\":8170}]","inference_edgeRT":"8170","inference_edge_last":"4to8","task":"experiment","subjectId":"avyav7gby13s5l9","trial_type":"external-html","trial_index":18,"time_elapsed":645638,"internal_node_id":"0.0-9.0-0.10"},{"rt":11264,"url":"../static/nodeGraphs_distractor.html","edge":"2to6","edgeRT":"1316","skip":"false","flipped":"FALSE","index":"11","edgeClickLog":"[{\"edgeSelection\":\"2to6\",\"edgeRTMS\":1316}]","trial_id":"cong_1","congruency":"C","trial_group":"10to15","condition":"distractor","inference_edge":"2to6,2to4,6to9","inference_edgeClickLog":"[{\"edgeSelection\":\"2to6\",\"edgeRTMS\":3842},{\"edgeSelection\":\"2to4\",\"edgeRTMS\":7385},{\"edgeSelection\":\"6to9\",\"edgeRTMS\":8635}]","inference_edgeRT":"8635","inference_edge_last":"6to9","task":"experiment","subjectId":"avyav7gby13s5l9","trial_type":"external-html","trial_index":19,"time_elapsed":657502,"internal_node_id":"0.0-9.0-0.11"},{"rt":12159,"url":"../static/nodeGraphs_distractor.html","edge":"2to5","edgeRT":"1468","skip":"false","flipped":"FALSE","index":"12","edgeClickLog":"[{\"edgeSelection\":\"2to5\",\"edgeRTMS\":1468}]","trial_id":"cong_6","congruency":"C","trial_group":"10to15","condition":"distractor","inference_edge":"2to5,5to7,5to9","inference_edgeClickLog":"[{\"edgeSelection\":\"2to5\",\"edgeRTMS\":3988},{\"edgeSelection\":\"5to7\",\"edgeRTMS\":8163},{\"edgeSelection\":\"5to9\",\"edgeRTMS\":9739}]","inference_edgeRT":"9739","inference_edge_last":"5to9","task":"experiment","subjectId":"avyav7gby13s5l9","trial_type":"external-html","trial_index":20,"time_elapsed":670254,"internal_node_id":"0.0-9.0-0.12"},{"rt":16566,"url":"../static/nodeGraphs_distractor.html","edge":"2to4","edgeRT":"1412","skip":"false","flipped":"FALSE","index":"13","edgeClickLog":"[{\"edgeSelection\":\"2to4\",\"edgeRTMS\":1412}]","trial_id":"cong_4","congruency":"C","trial_group":"10to15","condition":"distractor","inference_edge":"2to4,4to8,2to6","inference_edgeClickLog":"[{\"edgeSelection\":\"2to4\",\"edgeRTMS\":4557},{\"edgeSelection\":\"4to8\",\"edgeRTMS\":7458},{\"edgeSelection\":\"2to6\",\"edgeRTMS\":12666}]","inference_edgeRT":"12666","inference_edge_last":"2to6","task":"experiment","subjectId":"avyav7gby13s5l9","trial_type":"external-html","trial_index":21,"time_elapsed":687422,"internal_node_id":"0.0-9.0-0.13"},{"rt":11548,"url":"../static/nodeGraphs_distractor.html","edge":"2to5","edgeRT":"1012","skip":"false","flipped":"FALSE","index":"14","edgeClickLog":"[{\"edgeSelection\":\"2to5\",\"edgeRTMS\":1012}]","trial_id":"cong_9","congruency":"C","trial_group":"10to15","condition":"distractor","inference_edge":"2to5,5to8,5to9","inference_edgeClickLog":"[{\"edgeSelection\":\"2to5\",\"edgeRTMS\":5126},{\"edgeSelection\":\"5to8\",\"edgeRTMS\":6032},{\"edgeSelection\":\"5to9\",\"edgeRTMS\":7039}]","inference_edgeRT":"7039","inference_edge_last":"5to9","task":"experiment","subjectId":"avyav7gby13s5l9","trial_type":"external-html","trial_index":22,"time_elapsed":699574,"internal_node_id":"0.0-9.0-0.14"},{"rt":40096,"url":"../static/nodeGraphs_distractor.html","edge":"0to1","edgeRT":"22338","skip":"false","flipped":"FALSE","index":"15","edgeClickLog":"[{\"edgeSelection\":\"0to1\",\"edgeRTMS\":22338}]","trial_id":"test_0","congruency":"I","trial_group":"15to20","condition":"distractor","inference_edge":"2to5,5to8,5to9","inference_edgeClickLog":"[{\"edgeSelection\":\"2to5\",\"edgeRTMS\":5126},{\"edgeSelection\":\"5to8\",\"edgeRTMS\":6032},{\"edgeSelection\":\"5to9\",\"edgeRTMS\":7039}]","inference_edgeRT":"7039","inference_edge_last":"","task":"experiment","subjectId":"avyav7gby13s5l9","trial_type":"external-html","trial_index":23,"time_elapsed":740264,"internal_node_id":"0.0-9.0-0.15"},{"rt":13772,"url":"../static/nodeGraphs_distractor.html","edge":"0to3","edgeRT":"13575","skip":"false","flipped":"FALSE","index":"16","edgeClickLog":"[{\"edgeSelection\":\"0to3\",\"edgeRTMS\":13575}]","trial_id":"test_1","congruency":"I","trial_group":"15to20","condition":"distractor","inference_edge":"2to5,5to8,5to9","inference_edgeClickLog":"[{\"edgeSelection\":\"2to5\",\"edgeRTMS\":5126},{\"edgeSelection\":\"5to8\",\"edgeRTMS\":6032},{\"edgeSelection\":\"5to9\",\"edgeRTMS\":7039}]","inference_edgeRT":"7039","inference_edge_last":"","task":"experiment","subjectId":"avyav7gby13s5l9","trial_type":"external-html","trial_index":24,"time_elapsed":754637,"internal_node_id":"0.0-9.0-0.16"},{"rt":7675,"url":"../static/nodeGraphs_distractor.html","edge":"0to3","edgeRT":"7375","skip":"false","flipped":"FALSE","index":"17","edgeClickLog":"[{\"edgeSelection\":\"0to3\",\"edgeRTMS\":7375}]","trial_id":"test_2","congruency":"I","trial_group":"15to20","condition":"distractor","inference_edge":"2to5,5to8,5to9","inference_edgeClickLog":"[{\"edgeSelection\":\"2to5\",\"edgeRTMS\":5126},{\"edgeSelection\":\"5to8\",\"edgeRTMS\":6032},{\"edgeSelection\":\"5to9\",\"edgeRTMS\":7039}]","inference_edgeRT":"7039","inference_edge_last":"","task":"experiment","subjectId":"avyav7gby13s5l9","trial_type":"external-html","trial_index":25,"time_elapsed":762907,"internal_node_id":"0.0-9.0-0.17"},{"rt":7554,"url":"../static/nodeGraphs_distractor.html","edge":"0to1","edgeRT":"5345","skip":"false","flipped":"FALSE","index":"18","edgeClickLog":"[{\"edgeSelection\":\"0to1\",\"edgeRTMS\":5345}]","trial_id":"test_3","congruency":"I","trial_group":"15to20","condition":"distractor","inference_edge":"2to5,5to8,5to9","inference_edgeClickLog":"[{\"edgeSelection\":\"2to5\",\"edgeRTMS\":5126},{\"edgeSelection\":\"5to8\",\"edgeRTMS\":6032},{\"edgeSelection\":\"5to9\",\"edgeRTMS\":7039}]","inference_edgeRT":"7039","inference_edge_last":"","task":"experiment","subjectId":"avyav7gby13s5l9","trial_type":"external-html","trial_index":26,"time_elapsed":771056,"internal_node_id":"0.0-9.0-0.18"},{"rt":19844,"url":"../static/nodeGraphs_distractor.html","edge":"3to6","edgeRT":"19516","skip":"false","flipped":"FALSE","index":"19","edgeClickLog":"[{\"edgeSelection\":\"3to6\",\"edgeRTMS\":19516}]","trial_id":"test_4","congruency":"I","trial_group":"15to20","condition":"distractor","inference_edge":"2to5,5to8,5to9","inference_edgeClickLog":"[{\"edgeSelection\":\"2to5\",\"edgeRTMS\":5126},{\"edgeSelection\":\"5to8\",\"edgeRTMS\":6032},{\"edgeSelection\":\"5to9\",\"edgeRTMS\":7039}]","inference_edgeRT":"7039","inference_edge_last":"","task":"experiment","subjectId":"avyav7gby13s5l9","trial_type":"external-html","trial_index":27,"time_elapsed":791498,"internal_node_id":"0.0-9.0-0.19"},{"rt":151771,"response":{"P0_Q0":null,"P0_Q1":5,"P0_Q2":6,"P0_Q3":5,"P0_Q4":4,"P0_Q5":2,"strategies":"I tried to show the path would lead to the most points, while also trying to balance what my expectations were of the student's movements, based on the limited information they had. For example, some paths would ultimately have more points if taken, but it's not obvious the path would because the start of the path gives less points.","feedback":"nope"},"accuracy":[],"trial_type":"survey","trial_index":28,"time_elapsed":943828,"internal_node_id":"0.0-10.0"},{"rt":3043,"stimulus":"<p>Thanks for your time!</p>        <p>We need to manually calculate your bonus pay, please give us up to 7 days.</p><p>Press any key to conclude.</p>","response":"enter","task":"end","subjectId":"avyav7gby13s5l9","trial_type":"html-keyboard-response","trial_index":29,"time_elapsed":946873,"internal_node_id":"0.0-11.0","interactions":"[{\"event\":\"fullscreenenter\",\"trial\":1,\"time\":3133}]"}]