[{"success":true,"timeout":false,"failed_images":[],"failed_audio":[],"failed_video":[],"trial_type":"preload","trial_index":0,"time_elapsed":558,"internal_node_id":"0.0-0.0"},{"success":true,"trial_type":"fullscreen","trial_index":1,"time_elapsed":2856,"internal_node_id":"0.0-1.0"},{"rt":1282,"stimulus":"Welcome to the experiment. Press any key to begin.","response":" ","trial_type":"html-keyboard-response","trial_index":2,"time_elapsed":4140,"internal_node_id":"0.0-2.0"},{"view_history":[{"page_index":0,"viewing_time":1895},{"page_index":1,"viewing_time":4677},{"page_index":2,"viewing_time":12585},{"page_index":3,"viewing_time":1851},{"page_index":4,"viewing_time":849},{"page_index":5,"viewing_time":536},{"page_index":6,"viewing_time":1386},{"page_index":7,"viewing_time":7264},{"page_index":8,"viewing_time":7392},{"page_index":9,"viewing_time":2950},{"page_index":10,"viewing_time":1418},{"page_index":11,"viewing_time":481},{"page_index":12,"viewing_time":417},{"page_index":13,"viewing_time":552},{"page_index":14,"viewing_time":953},{"page_index":15,"viewing_time":2257},{"page_index":16,"viewing_time":1321},{"page_index":17,"viewing_time":480},{"page_index":18,"viewing_time":522},{"page_index":19,"viewing_time":1549},{"page_index":20,"viewing_time":2312},{"page_index":21,"viewing_time":1745}],"rt":55393,"trial_type":"instructions","trial_index":3,"time_elapsed":59533,"internal_node_id":"0.0-3.0"},{"rt":35000,"url":"../static/nodeGraphsTraining_distractor.html","skip":[],"edgeClickLog":[],"inference_edge":[],"inference_edgeClickLog":[],"trial_type":"external-html","trial_index":4,"time_elapsed":94628,"internal_node_id":"0.0-4.0"},{"rt":20132,"response":{"q1":"The goal is to help the student to get the most points.","q2":"False","q3":"Possible edges you, as the teacher, can choose to teach the learner.","q4":"Edges that the student took before."},"question_order":[0,1,2,3],"trial_type":"survey-multi-choice","trial_index":5,"time_elapsed":114764,"internal_node_id":"0.0-5.0"},{"rt":2170,"stimulus":"<p>You can take a 60 second break before starting the experiment.</p><br><br><p>This page will advance in 60 seconds or you can press any key to advance now.</p>","response":" ","trial_type":"html-keyboard-response","trial_index":6,"time_elapsed":116936,"internal_node_id":"0.0-7.0"},{"view_history":[{"page_index":0,"viewing_time":4788}],"rt":4788,"trial_type":"instructions","trial_index":7,"time_elapsed":121725,"internal_node_id":"0.0-8.0"},{"rt":17293,"url":"../static/nodeGraphs_distractor.html","edge":"1to4","edgeRT":"2178","skip":"false","flipped":"FALSE","index":"0","edgeClickLog":"[{\"edgeSelection\":\"1to4\",\"edgeRTMS\":2178}]","trial_id":"cong_0","congruency":"C","trial_group":"1to5","condition":"distractor","inference_edge":"1to4,2to4,3to5","inference_edgeClickLog":"[{\"edgeSelection\":\"1to4\",\"edgeRTMS\":5368},{\"edgeSelection\":\"2to4\",\"edgeRTMS\":11040},{\"edgeSelection\":\"3to5\",\"edgeRTMS\":12894}]","inference_edgeRT":"12894","inference_edge_last":"3to5","task":"experiment","subjectId":"dnrg1qmt2bec18a","trial_type":"external-html","trial_index":8,"time_elapsed":139469,"internal_node_id":"0.0-9.0-0.0"},{"rt":14011,"url":"../static/nodeGraphs_distractor.html","edge":"2to6","edgeRT":"1626","skip":"false","flipped":"FALSE","index":"1","edgeClickLog":"[{\"edgeSelection\":\"2to6\",\"edgeRTMS\":1626}]","trial_id":"cong_1","congruency":"C","trial_group":"1to5","condition":"distractor","inference_edge":"2to6,2to4,6to9","inference_edgeClickLog":"[{\"edgeSelection\":\"2to6\",\"edgeRTMS\":3820},{\"edgeSelection\":\"2to4\",\"edgeRTMS\":5475},{\"edgeSelection\":\"6to9\",\"edgeRTMS\":11059}]","inference_edgeRT":"11059","inference_edge_last":"6to9","task":"experiment","subjectId":"dnrg1qmt2bec18a","trial_type":"external-html","trial_index":9,"time_elapsed":154203,"internal_node_id":"0.0-9.0-0.1"},{"rt":8599,"url":"../static/nodeGraphs_distractor.html","edge":"2to5","edgeRT":"1227","skip":"false","flipped":"FALSE","index":"2","edgeClickLog":"[{\"edgeSelection\":\"2to5\",\"edgeRTMS\":1227}]","trial_id":"cong_6","congruency":"C","trial_group":"1to5","condition":"distractor","inference_edge":"2to5,1to5,3to5","inference_edgeClickLog":"[{\"edgeSelection\":\"2to5\",\"edgeRTMS\":2552},{\"edgeSelection\":\"1to5\",\"edgeRTMS\":5255},{\"edgeSelection\":\"3to5\",\"edgeRTMS\":6181}]","inference_edgeRT":"6181","inference_edge_last":"3to5","task":"experiment","subjectId":"dnrg1qmt2bec18a","trial_type":"external-html","trial_index":10,"time_elapsed":163653,"internal_node_id":"0.0-9.0-0.2"},{"rt":7598,"url":"../static/nodeGraphs_distractor.html","edge":"2to4","edgeRT":"1228","skip":"false","flipped":"FALSE","index":"3","edgeClickLog":"[{\"edgeSelection\":\"2to4\",\"edgeRTMS\":1228}]","trial_id":"cong_4","congruency":"C","trial_group":"1to5","condition":"distractor","inference_edge":"2to4,2to6,5to8","inference_edgeClickLog":"[{\"edgeSelection\":\"2to4\",\"edgeRTMS\":2889},{\"edgeSelection\":\"2to6\",\"edgeRTMS\":3823},{\"edgeSelection\":\"5to8\",\"edgeRTMS\":5408}]","inference_edgeRT":"5408","inference_edge_last":"5to8","task":"experiment","subjectId":"dnrg1qmt2bec18a","trial_type":"external-html","trial_index":11,"time_elapsed":171840,"internal_node_id":"0.0-9.0-0.3"},{"rt":8536,"url":"../static/nodeGraphs_distractor.html","edge":"2to5","edgeRT":"864","skip":"false","flipped":"FALSE","index":"4","edgeClickLog":"[{\"edgeSelection\":\"2to5\",\"edgeRTMS\":864}]","trial_id":"cong_9","congruency":"C","trial_group":"1to5","condition":"distractor","inference_edge":"2to5,5to8,5to9","inference_edgeClickLog":"[{\"edgeSelection\":\"2to5\",\"edgeRTMS\":3307},{\"edgeSelection\":\"5to8\",\"edgeRTMS\":4738},{\"edgeSelection\":\"5to9\",\"edgeRTMS\":5865}]","inference_edgeRT":"5865","inference_edge_last":"5to9","task":"experiment","subjectId":"dnrg1qmt2bec18a","trial_type":"external-html","trial_index":12,"time_elapsed":180974,"internal_node_id":"0.0-9.0-0.4"},{"rt":7424,"url":"../static/nodeGraphs_distractor.html","edge":"3to6","edgeRT":"1177","skip":"false","flipped":"TRUE","index":"5","edgeClickLog":"[{\"edgeSelection\":\"3to6\",\"edgeRTMS\":1177}]","trial_id":"cong_0_flipped","congruency":"C","trial_group":"5to10","condition":"distractor","inference_edge":"3to6,2to6,1to5","inference_edgeClickLog":"[{\"edgeSelection\":\"3to6\",\"edgeRTMS\":2453},{\"edgeSelection\":\"2to6\",\"edgeRTMS\":3854},{\"edgeSelection\":\"1to5\",\"edgeRTMS\":5234}]","inference_edgeRT":"5234","inference_edge_last":"1to5","task":"experiment","subjectId":"dnrg1qmt2bec18a","trial_type":"external-html","trial_index":13,"time_elapsed":189018,"internal_node_id":"0.0-9.0-0.5"},{"rt":9496,"url":"../static/nodeGraphs_distractor.html","edge":"2to4","edgeRT":"1012","skip":"false","flipped":"TRUE","index":"6","edgeClickLog":"[{\"edgeSelection\":\"2to4\",\"edgeRTMS\":1012}]","trial_id":"cong_1_flipped","congruency":"C","trial_group":"5to10","condition":"distractor","inference_edge":"2to4,2to6,4to7","inference_edgeClickLog":"[{\"edgeSelection\":\"2to4\",\"edgeRTMS\":2487},{\"edgeSelection\":\"2to6\",\"edgeRTMS\":3730},{\"edgeSelection\":\"4to7\",\"edgeRTMS\":6883}]","inference_edgeRT":"6883","inference_edge_last":"4to7","task":"experiment","subjectId":"dnrg1qmt2bec18a","trial_type":"external-html","trial_index":14,"time_elapsed":199106,"internal_node_id":"0.0-9.0-0.6"},{"rt":12776,"url":"../static/nodeGraphs_distractor.html","edge":"2to5","edgeRT":"981","skip":"false","flipped":"TRUE","index":"7","edgeClickLog":"[{\"edgeSelection\":\"2to5\",\"edgeRTMS\":981}]","trial_id":"cong_6_flipped","congruency":"C","trial_group":"5to10","condition":"distractor","inference_edge":"5to8,5to7,2to5","inference_edgeClickLog":"[{\"edgeSelection\":\"2to5\",\"edgeRTMS\":2125},{\"edgeSelection\":\"2to4\",\"edgeRTMS\":4395},{\"edgeSelection\":\"5to8\",\"edgeRTMS\":6655},{\"edgeSelection\":\"5to7\",\"edgeRTMS\":8133},{\"edgeSelection\":\"2to5\",\"edgeRTMS\":10310}]","inference_edgeRT":"10310","inference_edge_last":"2to5","task":"experiment","subjectId":"dnrg1qmt2bec18a","trial_type":"external-html","trial_index":15,"time_elapsed":212577,"internal_node_id":"0.0-9.0-0.7"},{"rt":6957,"url":"../static/nodeGraphs_distractor.html","edge":"2to6","edgeRT":"820","skip":"false","flipped":"TRUE","index":"8","edgeClickLog":"[{\"edgeSelection\":\"2to6\",\"edgeRTMS\":820}]","trial_id":"cong_4_flipped","congruency":"C","trial_group":"5to10","condition":"distractor","inference_edge":"2to6,5to8,2to4","inference_edgeClickLog":"[{\"edgeSelection\":\"2to6\",\"edgeRTMS\":3116},{\"edgeSelection\":\"5to8\",\"edgeRTMS\":3965},{\"edgeSelection\":\"2to4\",\"edgeRTMS\":4847}]","inference_edgeRT":"4847","inference_edge_last":"2to4","task":"experiment","subjectId":"dnrg1qmt2bec18a","trial_type":"external-html","trial_index":16,"time_elapsed":220393,"internal_node_id":"0.0-9.0-0.8"},{"rt":5378,"url":"../static/nodeGraphs_distractor.html","edge":"2to5","edgeRT":"845","skip":"false","flipped":"TRUE","index":"9","edgeClickLog":"[{\"edgeSelection\":\"2to5\",\"edgeRTMS\":845}]","trial_id":"cong_9_flipped","congruency":"C","trial_group":"5to10","condition":"distractor","inference_edge":"2to5,5to8,5to7","inference_edgeClickLog":"[{\"edgeSelection\":\"2to5\",\"edgeRTMS\":1897},{\"edgeSelection\":\"5to8\",\"edgeRTMS\":2863},{\"edgeSelection\":\"5to7\",\"edgeRTMS\":3532}]","inference_edgeRT":"3532","inference_edge_last":"5to7","task":"experiment","subjectId":"dnrg1qmt2bec18a","trial_type":"external-html","trial_index":17,"time_elapsed":226360,"internal_node_id":"0.0-9.0-0.9"},{"rt":7490,"url":"../static/nodeGraphs_distractor.html","edge":"1to4","edgeRT":"955","skip":"false","flipped":"FALSE","index":"10","edgeClickLog":"[{\"edgeSelection\":\"1to4\",\"edgeRTMS\":955}]","trial_id":"cong_0","congruency":"C","trial_group":"10to15","condition":"distractor","inference_edge":"1to4,3to5,2to4","inference_edgeClickLog":"[{\"edgeSelection\":\"1to4\",\"edgeRTMS\":1853},{\"edgeSelection\":\"3to5\",\"edgeRTMS\":3736},{\"edgeSelection\":\"2to4\",\"edgeRTMS\":4597}]","inference_edgeRT":"4597","inference_edge_last":"2to4","task":"experiment","subjectId":"dnrg1qmt2bec18a","trial_type":"external-html","trial_index":18,"time_elapsed":234435,"internal_node_id":"0.0-9.0-0.10"},{"rt":8337,"url":"../static/nodeGraphs_distractor.html","edge":"2to6","edgeRT":"1088","skip":"false","flipped":"FALSE","index":"11","edgeClickLog":"[{\"edgeSelection\":\"2to6\",\"edgeRTMS\":1088}]","trial_id":"cong_1","congruency":"C","trial_group":"10to15","condition":"distractor","inference_edge":"2to6,2to4,4to7","inference_edgeClickLog":"[{\"edgeSelection\":\"2to6\",\"edgeRTMS\":2305},{\"edgeSelection\":\"2to4\",\"edgeRTMS\":3447},{\"edgeSelection\":\"4to7\",\"edgeRTMS\":5858}]","inference_edgeRT":"5858","inference_edge_last":"4to7","task":"experiment","subjectId":"dnrg1qmt2bec18a","trial_type":"external-html","trial_index":19,"time_elapsed":243379,"internal_node_id":"0.0-9.0-0.11"},{"rt":6867,"url":"../static/nodeGraphs_distractor.html","edge":"2to5","edgeRT":"1380","skip":"false","flipped":"FALSE","index":"12","edgeClickLog":"[{\"edgeSelection\":\"2to5\",\"edgeRTMS\":977},{\"edgeSelection\":\"2to5\",\"edgeRTMS\":1380}]","trial_id":"cong_6","congruency":"C","trial_group":"10to15","condition":"distractor","inference_edge":"2to5,1to4,4to7","inference_edgeClickLog":"[{\"edgeSelection\":\"2to5\",\"edgeRTMS\":2180},{\"edgeSelection\":\"1to4\",\"edgeRTMS\":3729},{\"edgeSelection\":\"4to7\",\"edgeRTMS\":4260}]","inference_edgeRT":"4260","inference_edge_last":"4to7","task":"experiment","subjectId":"dnrg1qmt2bec18a","trial_type":"external-html","trial_index":20,"time_elapsed":250842,"internal_node_id":"0.0-9.0-0.12"},{"rt":7544,"url":"../static/nodeGraphs_distractor.html","edge":"2to4","edgeRT":"869","skip":"false","flipped":"FALSE","index":"13","edgeClickLog":"[{\"edgeSelection\":\"2to4\",\"edgeRTMS\":869}]","trial_id":"cong_4","congruency":"C","trial_group":"10to15","condition":"distractor","inference_edge":"2to4,5to8,2to6","inference_edgeClickLog":"[{\"edgeSelection\":\"2to4\",\"edgeRTMS\":2333},{\"edgeSelection\":\"5to8\",\"edgeRTMS\":3292},{\"edgeSelection\":\"2to6\",\"edgeRTMS\":5720}]","inference_edgeRT":"5720","inference_edge_last":"2to6","task":"experiment","subjectId":"dnrg1qmt2bec18a","trial_type":"external-html","trial_index":21,"time_elapsed":259235,"internal_node_id":"0.0-9.0-0.13"},{"rt":6717,"url":"../static/nodeGraphs_distractor.html","edge":"2to5","edgeRT":"988","skip":"false","flipped":"FALSE","index":"14","edgeClickLog":"[{\"edgeSelection\":\"2to5\",\"edgeRTMS\":988}]","trial_id":"cong_9","congruency":"C","trial_group":"10to15","condition":"distractor","inference_edge":"2to5,5to8,3to5","inference_edgeClickLog":"[{\"edgeSelection\":\"2to5\",\"edgeRTMS\":2072},{\"edgeSelection\":\"5to8\",\"edgeRTMS\":3525},{\"edgeSelection\":\"3to5\",\"edgeRTMS\":4533}]","inference_edgeRT":"4533","inference_edge_last":"3to5","task":"experiment","subjectId":"dnrg1qmt2bec18a","trial_type":"external-html","trial_index":22,"time_elapsed":266539,"internal_node_id":"0.0-9.0-0.14"},{"rt":10499,"url":"../static/nodeGraphs_distractor.html","edge":"6to8","edgeRT":"1758","skip":"false","flipped":"FALSE","index":"15","edgeClickLog":"[{\"edgeSelection\":\"6to8\",\"edgeRTMS\":1758}]","trial_id":"test_0","congruency":"I","trial_group":"15to20","condition":"distractor","inference_edge":"2to5,5to8,3to5","inference_edgeClickLog":"[{\"edgeSelection\":\"2to5\",\"edgeRTMS\":2072},{\"edgeSelection\":\"5to8\",\"edgeRTMS\":3525},{\"edgeSelection\":\"3to5\",\"edgeRTMS\":4533}]","inference_edgeRT":"4533","inference_edge_last":"","task":"experiment","subjectId":"dnrg1qmt2bec18a","trial_type":"external-html","trial_index":23,"time_elapsed":277727,"internal_node_id":"0.0-9.0-0.15"},{"rt":2722,"url":"../static/nodeGraphs_distractor.html","edge":"3to6","edgeRT":"2220","skip":"false","flipped":"FALSE","index":"16","edgeClickLog":"[{\"edgeSelection\":\"3to6\",\"edgeRTMS\":2220}]","trial_id":"test_1","congruency":"I","trial_group":"15to20","condition":"distractor","inference_edge":"2to5,5to8,3to5","inference_edgeClickLog":"[{\"edgeSelection\":\"2to5\",\"edgeRTMS\":2072},{\"edgeSelection\":\"5to8\",\"edgeRTMS\":3525},{\"edgeSelection\":\"3to5\",\"edgeRTMS\":4533}]","inference_edgeRT":"4533","inference_edge_last":"","task":"experiment","subjectId":"dnrg1qmt2bec18a","trial_type":"external-html","trial_index":24,"time_elapsed":281051,"internal_node_id":"0.0-9.0-0.16"},{"rt":2324,"url":"../static/nodeGraphs_distractor.html","edge":"3to6","edgeRT":"1842","skip":"false","flipped":"FALSE","index":"17","edgeClickLog":"[{\"edgeSelection\":\"3to6\",\"edgeRTMS\":1842}]","trial_id":"test_2","congruency":"I","trial_group":"15to20","condition":"distractor","inference_edge":"2to5,5to8,3to5","inference_edgeClickLog":"[{\"edgeSelection\":\"2to5\",\"edgeRTMS\":2072},{\"edgeSelection\":\"5to8\",\"edgeRTMS\":3525},{\"edgeSelection\":\"3to5\",\"edgeRTMS\":4533}]","inference_edgeRT":"4533","inference_edge_last":"","task":"experiment","subjectId":"dnrg1qmt2bec18a","trial_type":"external-html","trial_index":25,"time_elapsed":283958,"internal_node_id":"0.0-9.0-0.17"},{"rt":2152,"url":"../static/nodeGraphs_distractor.html","edge":"1to5","edgeRT":"2060","skip":"false","flipped":"FALSE","index":"18","edgeClickLog":"[{\"edgeSelection\":\"1to5\",\"edgeRTMS\":2060}]","trial_id":"test_3","congruency":"I","trial_group":"15to20","condition":"distractor","inference_edge":"2to5,5to8,3to5","inference_edgeClickLog":"[{\"edgeSelection\":\"2to5\",\"edgeRTMS\":2072},{\"edgeSelection\":\"5to8\",\"edgeRTMS\":3525},{\"edgeSelection\":\"3to5\",\"edgeRTMS\":4533}]","inference_edgeRT":"4533","inference_edge_last":"","task":"experiment","subjectId":"dnrg1qmt2bec18a","trial_type":"external-html","trial_index":26,"time_elapsed":286989,"internal_node_id":"0.0-9.0-0.18"},{"rt":2797,"url":"../static/nodeGraphs_distractor.html","edge":"6to9","edgeRT":"2936","skip":"false","flipped":"FALSE","index":"19","edgeClickLog":"[{\"edgeSelection\":\"6to9\",\"edgeRTMS\":2936}]","trial_id":"test_4","congruency":"I","trial_group":"15to20","condition":"distractor","inference_edge":"2to5,5to8,3to5","inference_edgeClickLog":"[{\"edgeSelection\":\"2to5\",\"edgeRTMS\":2072},{\"edgeSelection\":\"5to8\",\"edgeRTMS\":3525},{\"edgeSelection\":\"3to5\",\"edgeRTMS\":4533}]","inference_edgeRT":"4533","inference_edge_last":"","task":"experiment","subjectId":"dnrg1qmt2bec18a","trial_type":"external-html","trial_index":27,"time_elapsed":290631,"internal_node_id":"0.0-9.0-0.19"},{"rt":25476,"response":{"P0_Q0":null,"P0_Q1":3,"P0_Q2":7,"P0_Q3":7,"P0_Q4":5,"P0_Q5":2,"strategies":"picking the edge near the most points","feedback":"no"},"accuracy":[],"trial_type":"survey","trial_index":28,"time_elapsed":316655,"internal_node_id":"0.0-10.0"},{"rt":1983,"stimulus":"<p>Thanks for your time!</p>        <p>We need to manually calculate your bonus pay, please give us up to 7 days.</p><p>Press any key to conclude.</p>","response":" ","task":"end","subjectId":"dnrg1qmt2bec18a","trial_type":"html-keyboard-response","trial_index":29,"time_elapsed":318641,"internal_node_id":"0.0-11.0","interactions":"[{\"event\":\"fullscreenenter\",\"trial\":1,\"time\":1862},{\"event\":\"fullscreenexit\",\"trial\":2,\"time\":2907}]"}]