[{"success":true,"timeout":false,"failed_images":[],"failed_audio":[],"failed_video":[],"trial_type":"preload","trial_index":0,"time_elapsed":120,"internal_node_id":"0.0-0.0"},{"success":true,"trial_type":"fullscreen","trial_index":1,"time_elapsed":3083,"internal_node_id":"0.0-1.0"},{"rt":4662,"stimulus":"Welcome to the experiment. Press any key to begin.","response":"enter","trial_type":"html-keyboard-response","trial_index":2,"time_elapsed":7746,"internal_node_id":"0.0-2.0"},{"view_history":[{"page_index":0,"viewing_time":7788},{"page_index":1,"viewing_time":8152},{"page_index":2,"viewing_time":35712},{"page_index":3,"viewing_time":2961},{"page_index":4,"viewing_time":1661},{"page_index":5,"viewing_time":1024},{"page_index":6,"viewing_time":3093},{"page_index":7,"viewing_time":11838},{"page_index":8,"viewing_time":14807},{"page_index":9,"viewing_time":8944},{"page_index":10,"viewing_time":3601},{"page_index":11,"viewing_time":834},{"page_index":12,"viewing_time":499},{"page_index":13,"viewing_time":1594},{"page_index":14,"viewing_time":5970},{"page_index":15,"viewing_time":5652},{"page_index":16,"viewing_time":1738},{"page_index":17,"viewing_time":605},{"page_index":18,"viewing_time":711},{"page_index":19,"viewing_time":7654},{"page_index":20,"viewing_time":9760},{"page_index":21,"viewing_time":6200}],"rt":140796,"trial_type":"instructions","trial_index":3,"time_elapsed":148543,"internal_node_id":"0.0-3.0"},{"rt":249247,"url":"../static/nodeGraphsTraining_distractor.html","skip":[],"edgeClickLog":[],"inference_edge":[],"inference_edgeClickLog":[],"trial_type":"external-html","trial_index":4,"time_elapsed":397893,"internal_node_id":"0.0-4.0"},{"rt":47706,"response":{"q1":"The goal is to help the student to get the most points.","q2":"False","q3":"Possible edges you, as the teacher, can choose to teach the learner.","q4":"Edges that the student took before."},"question_order":[0,1,2,3],"trial_type":"survey-multi-choice","trial_index":5,"time_elapsed":445601,"internal_node_id":"0.0-5.0"},{"rt":5239,"stimulus":"<p>You can take a 60 second break before starting the experiment.</p><br><br><p>This page will advance in 60 seconds or you can press any key to advance now.</p>","response":"enter","trial_type":"html-keyboard-response","trial_index":6,"time_elapsed":450841,"internal_node_id":"0.0-7.0"},{"view_history":[{"page_index":0,"viewing_time":30823}],"rt":30824,"trial_type":"instructions","trial_index":7,"time_elapsed":481666,"internal_node_id":"0.0-8.0"},{"rt":52771,"url":"../static/nodeGraphs_distractor.html","edge":"1to4","edgeRT":"22387","skip":"false","flipped":"FALSE","index":"0","edgeClickLog":"[{\"edgeSelection\":\"1to4\",\"edgeRTMS\":22387}]","trial_id":"cong_0","congruency":"C","trial_group":"1to5","condition":"distractor","inference_edge":"1to4,2to4,4to7","inference_edgeClickLog":"[{\"edgeSelection\":\"1to4\",\"edgeRTMS\":9085},{\"edgeSelection\":\"2to4\",\"edgeRTMS\":18379},{\"edgeSelection\":\"4to7\",\"edgeRTMS\":24594}]","inference_edgeRT":"24594","inference_edge_last":"4to7","task":"experiment","subjectId":"64ykd7mzhrt6lq8","trial_type":"external-html","trial_index":8,"time_elapsed":534537,"internal_node_id":"0.0-9.0-0.0"},{"rt":32078,"url":"../static/nodeGraphs_distractor.html","edge":"2to6","edgeRT":"8427","skip":"false","flipped":"FALSE","index":"1","edgeClickLog":"[{\"edgeSelection\":\"2to6\",\"edgeRTMS\":8427}]","trial_id":"cong_1","congruency":"C","trial_group":"1to5","condition":"distractor","inference_edge":"2to6,6to9,2to4","inference_edgeClickLog":"[{\"edgeSelection\":\"2to6\",\"edgeRTMS\":6426},{\"edgeSelection\":\"6to9\",\"edgeRTMS\":16035},{\"edgeSelection\":\"2to4\",\"edgeRTMS\":17646}]","inference_edgeRT":"17646","inference_edge_last":"2to4","task":"experiment","subjectId":"64ykd7mzhrt6lq8","trial_type":"external-html","trial_index":9,"time_elapsed":567218,"internal_node_id":"0.0-9.0-0.1"},{"rt":28205,"url":"../static/nodeGraphs_distractor.html","edge":"2to5","edgeRT":"4748","skip":"false","flipped":"FALSE","index":"2","edgeClickLog":"[{\"edgeSelection\":\"2to5\",\"edgeRTMS\":4748}]","trial_id":"cong_6","congruency":"C","trial_group":"1to5","condition":"distractor","inference_edge":"2to5,5to7,4to7","inference_edgeClickLog":"[{\"edgeSelection\":\"2to5\",\"edgeRTMS\":6335},{\"edgeSelection\":\"5to7\",\"edgeRTMS\":16351},{\"edgeSelection\":\"4to7\",\"edgeRTMS\":20913}]","inference_edgeRT":"20913","inference_edge_last":"4to7","task":"experiment","subjectId":"64ykd7mzhrt6lq8","trial_type":"external-html","trial_index":10,"time_elapsed":596026,"internal_node_id":"0.0-9.0-0.2"},{"rt":23723,"url":"../static/nodeGraphs_distractor.html","edge":"2to4","edgeRT":"4248","skip":"false","flipped":"FALSE","index":"3","edgeClickLog":"[{\"edgeSelection\":\"2to4\",\"edgeRTMS\":4248}]","trial_id":"cong_4","congruency":"C","trial_group":"1to5","condition":"distractor","inference_edge":"2to4,4to8,4to7","inference_edgeClickLog":"[{\"edgeSelection\":\"2to4\",\"edgeRTMS\":7050},{\"edgeSelection\":\"4to8\",\"edgeRTMS\":9565},{\"edgeSelection\":\"4to7\",\"edgeRTMS\":16849}]","inference_edgeRT":"16849","inference_edge_last":"4to7","task":"experiment","subjectId":"64ykd7mzhrt6lq8","trial_type":"external-html","trial_index":11,"time_elapsed":620351,"internal_node_id":"0.0-9.0-0.3"},{"rt":28365,"url":"../static/nodeGraphs_distractor.html","edge":"2to5","edgeRT":"1284","skip":"false","flipped":"FALSE","index":"4","edgeClickLog":"[{\"edgeSelection\":\"2to5\",\"edgeRTMS\":1284}]","trial_id":"cong_9","congruency":"C","trial_group":"1to5","condition":"distractor","inference_edge":"2to5,5to9,5to8","inference_edgeClickLog":"[{\"edgeSelection\":\"0to3\",\"edgeRTMS\":7504},{\"edgeSelection\":\"2to5\",\"edgeRTMS\":12377},{\"edgeSelection\":\"0to3\",\"edgeRTMS\":14737},{\"edgeSelection\":\"5to9\",\"edgeRTMS\":16733},{\"edgeSelection\":\"5to8\",\"edgeRTMS\":22921}]","inference_edgeRT":"22921","inference_edge_last":"5to8","task":"experiment","subjectId":"64ykd7mzhrt6lq8","trial_type":"external-html","trial_index":12,"time_elapsed":649334,"internal_node_id":"0.0-9.0-0.4"},{"rt":18640,"url":"../static/nodeGraphs_distractor.html","edge":"3to6","edgeRT":"1583","skip":"false","flipped":"TRUE","index":"5","edgeClickLog":"[{\"edgeSelection\":\"3to6\",\"edgeRTMS\":1583}]","trial_id":"cong_0_flipped","congruency":"C","trial_group":"5to10","condition":"distractor","inference_edge":"0to2,2to6,3to6","inference_edgeClickLog":"[{\"edgeSelection\":\"0to2\",\"edgeRTMS\":6506},{\"edgeSelection\":\"2to6\",\"edgeRTMS\":8799},{\"edgeSelection\":\"3to6\",\"edgeRTMS\":10240}]","inference_edgeRT":"10240","inference_edge_last":"3to6","task":"experiment","subjectId":"64ykd7mzhrt6lq8","trial_type":"external-html","trial_index":13,"time_elapsed":668577,"internal_node_id":"0.0-9.0-0.5"},{"rt":17086,"url":"../static/nodeGraphs_distractor.html","edge":"2to4","edgeRT":"4888","skip":"false","flipped":"TRUE","index":"6","edgeClickLog":"[{\"edgeSelection\":\"2to4\",\"edgeRTMS\":4888}]","trial_id":"cong_1_flipped","congruency":"C","trial_group":"5to10","condition":"distractor","inference_edge":"2to4,2to6,4to7","inference_edgeClickLog":"[{\"edgeSelection\":\"2to4\",\"edgeRTMS\":3963},{\"edgeSelection\":\"2to6\",\"edgeRTMS\":5921},{\"edgeSelection\":\"4to7\",\"edgeRTMS\":10718}]","inference_edgeRT":"10718","inference_edge_last":"4to7","task":"experiment","subjectId":"64ykd7mzhrt6lq8","trial_type":"external-html","trial_index":14,"time_elapsed":686265,"internal_node_id":"0.0-9.0-0.6"},{"rt":16134,"url":"../static/nodeGraphs_distractor.html","edge":"2to5","edgeRT":"1287","skip":"false","flipped":"TRUE","index":"7","edgeClickLog":"[{\"edgeSelection\":\"2to5\",\"edgeRTMS\":1287}]","trial_id":"cong_6_flipped","congruency":"C","trial_group":"5to10","condition":"distractor","inference_edge":"2to5,5to9,5to7","inference_edgeClickLog":"[{\"edgeSelection\":\"2to5\",\"edgeRTMS\":3781},{\"edgeSelection\":\"5to9\",\"edgeRTMS\":8903},{\"edgeSelection\":\"5to7\",\"edgeRTMS\":13382}]","inference_edgeRT":"13382","inference_edge_last":"5to7","task":"experiment","subjectId":"64ykd7mzhrt6lq8","trial_type":"external-html","trial_index":15,"time_elapsed":703003,"internal_node_id":"0.0-9.0-0.7"},{"rt":18929,"url":"../static/nodeGraphs_distractor.html","edge":"2to6","edgeRT":"1682","skip":"false","flipped":"TRUE","index":"8","edgeClickLog":"[{\"edgeSelection\":\"2to6\",\"edgeRTMS\":1682}]","trial_id":"cong_4_flipped","congruency":"C","trial_group":"5to10","condition":"distractor","inference_edge":"2to6,6to8,6to9","inference_edgeClickLog":"[{\"edgeSelection\":\"2to6\",\"edgeRTMS\":4653},{\"edgeSelection\":\"6to8\",\"edgeRTMS\":6014},{\"edgeSelection\":\"6to9\",\"edgeRTMS\":16060}]","inference_edgeRT":"16060","inference_edge_last":"6to9","task":"experiment","subjectId":"64ykd7mzhrt6lq8","trial_type":"external-html","trial_index":16,"time_elapsed":722536,"internal_node_id":"0.0-9.0-0.8"},{"rt":12064,"url":"../static/nodeGraphs_distractor.html","edge":"2to5","edgeRT":"1161","skip":"false","flipped":"TRUE","index":"9","edgeClickLog":"[{\"edgeSelection\":\"2to5\",\"edgeRTMS\":1161}]","trial_id":"cong_9_flipped","congruency":"C","trial_group":"5to10","condition":"distractor","inference_edge":"2to5,5to8,5to7","inference_edgeClickLog":"[{\"edgeSelection\":\"2to5\",\"edgeRTMS\":3790},{\"edgeSelection\":\"5to8\",\"edgeRTMS\":4983},{\"edgeSelection\":\"5to7\",\"edgeRTMS\":6710}]","inference_edgeRT":"6710","inference_edge_last":"5to7","task":"experiment","subjectId":"64ykd7mzhrt6lq8","trial_type":"external-html","trial_index":17,"time_elapsed":735203,"internal_node_id":"0.0-9.0-0.9"},{"rt":51968,"url":"../static/nodeGraphs_distractor.html","edge":"1to4","edgeRT":"2374","skip":"false","flipped":"FALSE","index":"10","edgeClickLog":"[{\"edgeSelection\":\"1to4\",\"edgeRTMS\":2374}]","trial_id":"cong_0","congruency":"C","trial_group":"10to15","condition":"distractor","inference_edge":"1to4,4to8,4to7","inference_edgeClickLog":"[{\"edgeSelection\":\"1to4\",\"edgeRTMS\":3871},{\"edgeSelection\":\"2to4\",\"edgeRTMS\":8557},{\"edgeSelection\":\"2to4\",\"edgeRTMS\":29303},{\"edgeSelection\":\"4to8\",\"edgeRTMS\":30355},{\"edgeSelection\":\"4to7\",\"edgeRTMS\":43925}]","inference_edgeRT":"43925","inference_edge_last":"4to7","task":"experiment","subjectId":"64ykd7mzhrt6lq8","trial_type":"external-html","trial_index":18,"time_elapsed":787772,"internal_node_id":"0.0-9.0-0.10"},{"rt":21423,"url":"../static/nodeGraphs_distractor.html","edge":"2to6","edgeRT":"1172","skip":"false","flipped":"FALSE","index":"11","edgeClickLog":"[{\"edgeSelection\":\"2to6\",\"edgeRTMS\":1172}]","trial_id":"cong_1","congruency":"C","trial_group":"10to15","condition":"distractor","inference_edge":"2to6,6to9,2to4","inference_edgeClickLog":"[{\"edgeSelection\":\"2to6\",\"edgeRTMS\":7015},{\"edgeSelection\":\"6to9\",\"edgeRTMS\":10174},{\"edgeSelection\":\"2to4\",\"edgeRTMS\":18633}]","inference_edgeRT":"18633","inference_edge_last":"2to4","task":"experiment","subjectId":"64ykd7mzhrt6lq8","trial_type":"external-html","trial_index":19,"time_elapsed":809798,"internal_node_id":"0.0-9.0-0.11"},{"rt":38033,"url":"../static/nodeGraphs_distractor.html","edge":"2to5","edgeRT":"2776","skip":"false","flipped":"FALSE","index":"12","edgeClickLog":"[{\"edgeSelection\":\"2to5\",\"edgeRTMS\":2776}]","trial_id":"cong_6","congruency":"C","trial_group":"10to15","condition":"distractor","inference_edge":"2to5,5to7,5to9","inference_edgeClickLog":"[{\"edgeSelection\":\"2to5\",\"edgeRTMS\":3338},{\"edgeSelection\":\"5to7\",\"edgeRTMS\":14690},{\"edgeSelection\":\"5to9\",\"edgeRTMS\":28862}]","inference_edgeRT":"28862","inference_edge_last":"5to9","task":"experiment","subjectId":"64ykd7mzhrt6lq8","trial_type":"external-html","trial_index":20,"time_elapsed":848433,"internal_node_id":"0.0-9.0-0.12"},{"rt":17174,"url":"../static/nodeGraphs_distractor.html","edge":"2to4","edgeRT":"3027","skip":"false","flipped":"FALSE","index":"13","edgeClickLog":"[{\"edgeSelection\":\"2to4\",\"edgeRTMS\":3027}]","trial_id":"cong_4","congruency":"C","trial_group":"10to15","condition":"distractor","inference_edge":"2to4,4to8,4to7","inference_edgeClickLog":"[{\"edgeSelection\":\"2to4\",\"edgeRTMS\":3227},{\"edgeSelection\":\"4to8\",\"edgeRTMS\":4818},{\"edgeSelection\":\"4to7\",\"edgeRTMS\":12895}]","inference_edgeRT":"12895","inference_edge_last":"4to7","task":"experiment","subjectId":"64ykd7mzhrt6lq8","trial_type":"external-html","trial_index":21,"time_elapsed":866209,"internal_node_id":"0.0-9.0-0.13"},{"rt":17692,"url":"../static/nodeGraphs_distractor.html","edge":"2to5","edgeRT":"1385","skip":"false","flipped":"FALSE","index":"14","edgeClickLog":"[{\"edgeSelection\":\"2to5\",\"edgeRTMS\":1385}]","trial_id":"cong_9","congruency":"C","trial_group":"10to15","condition":"distractor","inference_edge":"2to5,5to8,5to9","inference_edgeClickLog":"[{\"edgeSelection\":\"2to5\",\"edgeRTMS\":7168},{\"edgeSelection\":\"5to8\",\"edgeRTMS\":8451},{\"edgeSelection\":\"5to9\",\"edgeRTMS\":11033}]","inference_edgeRT":"11033","inference_edge_last":"5to9","task":"experiment","subjectId":"64ykd7mzhrt6lq8","trial_type":"external-html","trial_index":22,"time_elapsed":884503,"internal_node_id":"0.0-9.0-0.14"},{"rt":40063,"url":"../static/nodeGraphs_distractor.html","edge":"5to8","edgeRT":"15912","skip":"false","flipped":"FALSE","index":"15","edgeClickLog":"[{\"edgeSelection\":\"5to8\",\"edgeRTMS\":15912}]","trial_id":"test_0","congruency":"I","trial_group":"15to20","condition":"distractor","inference_edge":"2to5,5to8,5to9","inference_edgeClickLog":"[{\"edgeSelection\":\"2to5\",\"edgeRTMS\":7168},{\"edgeSelection\":\"5to8\",\"edgeRTMS\":8451},{\"edgeSelection\":\"5to9\",\"edgeRTMS\":11033}]","inference_edgeRT":"11033","inference_edge_last":"","task":"experiment","subjectId":"64ykd7mzhrt6lq8","trial_type":"external-html","trial_index":23,"time_elapsed":925168,"internal_node_id":"0.0-9.0-0.15"},{"rt":22756,"url":"../static/nodeGraphs_distractor.html","edge":"4to7","edgeRT":"17714","skip":"false","flipped":"FALSE","index":"16","edgeClickLog":"[{\"edgeSelection\":\"4to7\",\"edgeRTMS\":17714}]","trial_id":"test_1","congruency":"I","trial_group":"15to20","condition":"distractor","inference_edge":"2to5,5to8,5to9","inference_edgeClickLog":"[{\"edgeSelection\":\"2to5\",\"edgeRTMS\":7168},{\"edgeSelection\":\"5to8\",\"edgeRTMS\":8451},{\"edgeSelection\":\"5to9\",\"edgeRTMS\":11033}]","inference_edgeRT":"11033","inference_edge_last":"","task":"experiment","subjectId":"64ykd7mzhrt6lq8","trial_type":"external-html","trial_index":24,"time_elapsed":948536,"internal_node_id":"0.0-9.0-0.16"},{"rt":13392,"url":"../static/nodeGraphs_distractor.html","edge":"6to8","edgeRT":"12230","skip":"false","flipped":"FALSE","index":"17","edgeClickLog":"[{\"edgeSelection\":\"6to8\",\"edgeRTMS\":12230}]","trial_id":"test_2","congruency":"I","trial_group":"15to20","condition":"distractor","inference_edge":"2to5,5to8,5to9","inference_edgeClickLog":"[{\"edgeSelection\":\"2to5\",\"edgeRTMS\":7168},{\"edgeSelection\":\"5to8\",\"edgeRTMS\":8451},{\"edgeSelection\":\"5to9\",\"edgeRTMS\":11033}]","inference_edgeRT":"11033","inference_edge_last":"","task":"experiment","subjectId":"64ykd7mzhrt6lq8","trial_type":"external-html","trial_index":25,"time_elapsed":962530,"internal_node_id":"0.0-9.0-0.17"},{"rt":11142,"url":"../static/nodeGraphs_distractor.html","edge":"5to9","edgeRT":"11071","skip":"false","flipped":"FALSE","index":"18","edgeClickLog":"[{\"edgeSelection\":\"5to9\",\"edgeRTMS\":11071}]","trial_id":"test_3","congruency":"I","trial_group":"15to20","condition":"distractor","inference_edge":"2to5,5to8,5to9","inference_edgeClickLog":"[{\"edgeSelection\":\"2to5\",\"edgeRTMS\":7168},{\"edgeSelection\":\"5to8\",\"edgeRTMS\":8451},{\"edgeSelection\":\"5to9\",\"edgeRTMS\":11033}]","inference_edgeRT":"11033","inference_edge_last":"","task":"experiment","subjectId":"64ykd7mzhrt6lq8","trial_type":"external-html","trial_index":26,"time_elapsed":974276,"internal_node_id":"0.0-9.0-0.18"},{"rt":13688,"url":"../static/nodeGraphs_distractor.html","edge":"4to7","edgeRT":"13447","skip":"false","flipped":"FALSE","index":"19","edgeClickLog":"[{\"edgeSelection\":\"4to7\",\"edgeRTMS\":13447}]","trial_id":"test_4","congruency":"I","trial_group":"15to20","condition":"distractor","inference_edge":"2to5,5to8,5to9","inference_edgeClickLog":"[{\"edgeSelection\":\"2to5\",\"edgeRTMS\":7168},{\"edgeSelection\":\"5to8\",\"edgeRTMS\":8451},{\"edgeSelection\":\"5to9\",\"edgeRTMS\":11033}]","inference_edgeRT":"11033","inference_edge_last":"","task":"experiment","subjectId":"64ykd7mzhrt6lq8","trial_type":"external-html","trial_index":27,"time_elapsed":988566,"internal_node_id":"0.0-9.0-0.19"},{"rt":48346,"response":{"P0_Q0":null,"P0_Q1":2,"P0_Q2":3,"P0_Q3":4,"P0_Q4":5,"P0_Q5":3,"strategies":"I tried to incorporate the highest numbers.","feedback":"N/A"},"accuracy":[],"trial_type":"survey","trial_index":28,"time_elapsed":1037455,"internal_node_id":"0.0-10.0"},{"rt":5937,"stimulus":"<p>Thanks for your time!</p>        <p>We need to manually calculate your bonus pay, please give us up to 7 days.</p><p>Press any key to conclude.</p>","response":"enter","task":"end","subjectId":"64ykd7mzhrt6lq8","trial_type":"html-keyboard-response","trial_index":29,"time_elapsed":1043393,"internal_node_id":"0.0-11.0","interactions":"[{\"event\":\"fullscreenenter\",\"trial\":1,\"time\":2082}]"}]