[{"success":true,"timeout":false,"failed_images":[],"failed_audio":[],"failed_video":[],"trial_type":"preload","trial_index":0,"time_elapsed":2529,"internal_node_id":"0.0-0.0"},{"success":true,"trial_type":"fullscreen","trial_index":1,"time_elapsed":76252,"internal_node_id":"0.0-1.0"},{"rt":2493,"stimulus":"Welcome to the experiment. Press any key to begin.","response":" ","trial_type":"html-keyboard-response","trial_index":2,"time_elapsed":78749,"internal_node_id":"0.0-2.0"},{"view_history":[{"page_index":0,"viewing_time":3293},{"page_index":1,"viewing_time":4443},{"page_index":2,"viewing_time":28853},{"page_index":3,"viewing_time":1992},{"page_index":4,"viewing_time":939},{"page_index":5,"viewing_time":807},{"page_index":6,"viewing_time":1423},{"page_index":7,"viewing_time":17193},{"page_index":8,"viewing_time":15130},{"page_index":9,"viewing_time":6589},{"page_index":10,"viewing_time":1750},{"page_index":11,"viewing_time":746},{"page_index":12,"viewing_time":656},{"page_index":13,"viewing_time":2796},{"page_index":14,"viewing_time":1962},{"page_index":15,"viewing_time":2562},{"page_index":16,"viewing_time":1726},{"page_index":17,"viewing_time":912},{"page_index":18,"viewing_time":588},{"page_index":19,"viewing_time":742},{"page_index":20,"viewing_time":5293},{"page_index":21,"viewing_time":4580}],"rt":104975,"trial_type":"instructions","trial_index":3,"time_elapsed":183726,"internal_node_id":"0.0-3.0"},{"rt":118607,"url":"../static/nodeGraphsTraining_distractor.html","skip":[],"edgeClickLog":[],"inference_edge":[],"inference_edgeClickLog":[],"trial_type":"external-html","trial_index":4,"time_elapsed":302762,"internal_node_id":"0.0-4.0"},{"rt":19582,"response":{"q1":"The goal is to help the student to get the most points.","q2":"False","q3":"Possible edges you, as the teacher, can choose to teach the learner.","q4":"Edges that the student took before."},"question_order":[0,1,2,3],"trial_type":"survey-multi-choice","trial_index":5,"time_elapsed":322354,"internal_node_id":"0.0-5.0"},{"rt":5682,"stimulus":"<p>You can take a 60 second break before starting the experiment.</p><br><br><p>This page will advance in 60 seconds or you can press any key to advance now.</p>","response":" ","trial_type":"html-keyboard-response","trial_index":6,"time_elapsed":328043,"internal_node_id":"0.0-7.0"},{"view_history":[{"page_index":0,"viewing_time":15586}],"rt":15587,"trial_type":"instructions","trial_index":7,"time_elapsed":343632,"internal_node_id":"0.0-8.0"},{"rt":27098,"url":"../static/nodeGraphs_distractor.html","edge":"6to8","edgeRT":"10143","skip":"false","flipped":"FALSE","index":"0","edgeClickLog":"[{\"edgeSelection\":\"6to8\",\"edgeRTMS\":10143}]","trial_id":"incong_0","congruency":"I","trial_group":"1to5","condition":"distractor","inference_edge":"0to1,1to4,4to7","inference_edgeClickLog":"[{\"edgeSelection\":\"0to1\",\"edgeRTMS\":10681},{\"edgeSelection\":\"1to4\",\"edgeRTMS\":12775},{\"edgeSelection\":\"4to7\",\"edgeRTMS\":14368}]","inference_edgeRT":"14368","inference_edge_last":"4to7","task":"experiment","subjectId":"cty924t5cybapwy","trial_type":"external-html","trial_index":8,"time_elapsed":370960,"internal_node_id":"0.0-9.0-0.0"},{"rt":46900,"url":"../static/nodeGraphs_distractor.html","edge":"3to6","edgeRT":"21406","skip":"false","flipped":"FALSE","index":"1","edgeClickLog":"[{\"edgeSelection\":\"3to6\",\"edgeRTMS\":21406}]","trial_id":"incong_5","congruency":"I","trial_group":"1to5","condition":"distractor","inference_edge":"0to2,2to4,4to8","inference_edgeClickLog":"[{\"edgeSelection\":\"0to2\",\"edgeRTMS\":18538},{\"edgeSelection\":\"2to4\",\"edgeRTMS\":20094},{\"edgeSelection\":\"4to8\",\"edgeRTMS\":21839}]","inference_edgeRT":"21839","inference_edge_last":"4to8","task":"experiment","subjectId":"cty924t5cybapwy","trial_type":"external-html","trial_index":9,"time_elapsed":418599,"internal_node_id":"0.0-9.0-0.1"},{"rt":16776,"url":"../static/nodeGraphs_distractor.html","edge":"0to2","edgeRT":"6503","skip":"false","flipped":"FALSE","index":"2","edgeClickLog":"[{\"edgeSelection\":\"0to2\",\"edgeRTMS\":6503}]","trial_id":"incong_3","congruency":"I","trial_group":"1to5","condition":"distractor","inference_edge":"0to2,2to6,6to8","inference_edgeClickLog":"[{\"edgeSelection\":\"0to2\",\"edgeRTMS\":5421},{\"edgeSelection\":\"2to6\",\"edgeRTMS\":6237},{\"edgeSelection\":\"6to8\",\"edgeRTMS\":8935}]","inference_edgeRT":"8935","inference_edge_last":"6to8","task":"experiment","subjectId":"cty924t5cybapwy","trial_type":"external-html","trial_index":10,"time_elapsed":436108,"internal_node_id":"0.0-9.0-0.2"},{"rt":27491,"url":"../static/nodeGraphs_distractor.html","edge":"4to8","edgeRT":"13517","skip":"false","flipped":"FALSE","index":"3","edgeClickLog":"[{\"edgeSelection\":\"0to2\",\"edgeRTMS\":11242},{\"edgeSelection\":\"2to4\",\"edgeRTMS\":12447},{\"edgeSelection\":\"4to8\",\"edgeRTMS\":13517}]","trial_id":"incong_10","congruency":"I","trial_group":"1to5","condition":"distractor","inference_edge":"0to2,2to4,4to8","inference_edgeClickLog":"[{\"edgeSelection\":\"0to2\",\"edgeRTMS\":7778},{\"edgeSelection\":\"2to4\",\"edgeRTMS\":10274},{\"edgeSelection\":\"4to8\",\"edgeRTMS\":10996}]","inference_edgeRT":"10996","inference_edge_last":"4to8","task":"experiment","subjectId":"cty924t5cybapwy","trial_type":"external-html","trial_index":11,"time_elapsed":464315,"internal_node_id":"0.0-9.0-0.3"},{"rt":16058,"url":"../static/nodeGraphs_distractor.html","edge":"0to2","edgeRT":"7792","skip":"false","flipped":"FALSE","index":"4","edgeClickLog":"[{\"edgeSelection\":\"0to2\",\"edgeRTMS\":7792}]","trial_id":"incong_2","congruency":"I","trial_group":"1to5","condition":"distractor","inference_edge":"0to2,2to4,4to8","inference_edgeClickLog":"[{\"edgeSelection\":\"0to2\",\"edgeRTMS\":4274},{\"edgeSelection\":\"2to4\",\"edgeRTMS\":5550},{\"edgeSelection\":\"4to8\",\"edgeRTMS\":6924}]","inference_edgeRT":"6924","inference_edge_last":"4to8","task":"experiment","subjectId":"cty924t5cybapwy","trial_type":"external-html","trial_index":12,"time_elapsed":481094,"internal_node_id":"0.0-9.0-0.4"},{"rt":13346,"url":"../static/nodeGraphs_distractor.html","edge":"2to6","edgeRT":"2401","skip":"false","flipped":"TRUE","index":"5","edgeClickLog":"[{\"edgeSelection\":\"2to6\",\"edgeRTMS\":2401}]","trial_id":"incong_0_flipped","congruency":"I","trial_group":"5to10","condition":"distractor","inference_edge":"0to2,2to6,6to9","inference_edgeClickLog":"[{\"edgeSelection\":\"0to2\",\"edgeRTMS\":7908},{\"edgeSelection\":\"2to6\",\"edgeRTMS\":8671},{\"edgeSelection\":\"6to9\",\"edgeRTMS\":10335}]","inference_edgeRT":"10335","inference_edge_last":"6to9","task":"experiment","subjectId":"cty924t5cybapwy","trial_type":"external-html","trial_index":13,"time_elapsed":495166,"internal_node_id":"0.0-9.0-0.5"},{"rt":22986,"url":"../static/nodeGraphs_distractor.html","edge":"2to6","edgeRT":"11722","skip":"false","flipped":"TRUE","index":"6","edgeClickLog":"[{\"edgeSelection\":\"2to6\",\"edgeRTMS\":11722}]","trial_id":"incong_5_flipped","congruency":"I","trial_group":"5to10","condition":"distractor","inference_edge":"0to2,2to6,6to9","inference_edgeClickLog":"[{\"edgeSelection\":\"0to2\",\"edgeRTMS\":5607},{\"edgeSelection\":\"2to6\",\"edgeRTMS\":7029},{\"edgeSelection\":\"6to9\",\"edgeRTMS\":8628}]","inference_edgeRT":"8628","inference_edge_last":"6to9","task":"experiment","subjectId":"cty924t5cybapwy","trial_type":"external-html","trial_index":14,"time_elapsed":518894,"internal_node_id":"0.0-9.0-0.6"},{"rt":19493,"url":"../static/nodeGraphs_distractor.html","edge":"0to2","edgeRT":"9798","skip":"false","flipped":"TRUE","index":"7","edgeClickLog":"[{\"edgeSelection\":\"2to4\",\"edgeRTMS\":7084},{\"edgeSelection\":\"0to2\",\"edgeRTMS\":9798}]","trial_id":"incong_3_flipped","congruency":"I","trial_group":"5to10","condition":"distractor","inference_edge":"0to2,2to4,4to8","inference_edgeClickLog":"[{\"edgeSelection\":\"0to2\",\"edgeRTMS\":5168},{\"edgeSelection\":\"2to4\",\"edgeRTMS\":5948},{\"edgeSelection\":\"4to8\",\"edgeRTMS\":7913}]","inference_edgeRT":"7913","inference_edge_last":"4to8","task":"experiment","subjectId":"cty924t5cybapwy","trial_type":"external-html","trial_index":15,"time_elapsed":539113,"internal_node_id":"0.0-9.0-0.7"},{"rt":10014,"url":"../static/nodeGraphs_distractor.html","edge":"6to8","edgeRT":"3228","skip":"false","flipped":"TRUE","index":"8","edgeClickLog":"[{\"edgeSelection\":\"6to8\",\"edgeRTMS\":3228}]","trial_id":"incong_10_flipped","congruency":"I","trial_group":"5to10","condition":"distractor","inference_edge":"2to6,6to8,0to2","inference_edgeClickLog":"[{\"edgeSelection\":\"2to6\",\"edgeRTMS\":3178},{\"edgeSelection\":\"6to8\",\"edgeRTMS\":4245},{\"edgeSelection\":\"0to2\",\"edgeRTMS\":5866}]","inference_edgeRT":"5866","inference_edge_last":"0to2","task":"experiment","subjectId":"cty924t5cybapwy","trial_type":"external-html","trial_index":16,"time_elapsed":549856,"internal_node_id":"0.0-9.0-0.8"},{"rt":13881,"url":"../static/nodeGraphs_distractor.html","edge":"2to6","edgeRT":"2137","skip":"false","flipped":"TRUE","index":"9","edgeClickLog":"[{\"edgeSelection\":\"2to6\",\"edgeRTMS\":2137}]","trial_id":"incong_2_flipped","congruency":"I","trial_group":"5to10","condition":"distractor","inference_edge":"2to6,6to8,0to2","inference_edgeClickLog":"[{\"edgeSelection\":\"2to6\",\"edgeRTMS\":4401},{\"edgeSelection\":\"6to8\",\"edgeRTMS\":5414},{\"edgeSelection\":\"0to2\",\"edgeRTMS\":6670},{\"edgeSelection\":\"0to2\",\"edgeRTMS\":7084},{\"edgeSelection\":\"0to2\",\"edgeRTMS\":8412}]","inference_edgeRT":"8412","inference_edge_last":"0to2","task":"experiment","subjectId":"cty924t5cybapwy","trial_type":"external-html","trial_index":17,"time_elapsed":564465,"internal_node_id":"0.0-9.0-0.9"},{"rt":9235,"url":"../static/nodeGraphs_distractor.html","edge":"4to8","edgeRT":"1633","skip":"false","flipped":"FALSE","index":"10","edgeClickLog":"[{\"edgeSelection\":\"4to8\",\"edgeRTMS\":1633}]","trial_id":"incong_0","congruency":"I","trial_group":"10to15","condition":"distractor","inference_edge":"4to8,2to4,0to2","inference_edgeClickLog":"[{\"edgeSelection\":\"4to8\",\"edgeRTMS\":3714},{\"edgeSelection\":\"2to4\",\"edgeRTMS\":4795},{\"edgeSelection\":\"0to2\",\"edgeRTMS\":6190}]","inference_edgeRT":"6190","inference_edge_last":"0to2","task":"experiment","subjectId":"cty924t5cybapwy","trial_type":"external-html","trial_index":18,"time_elapsed":574419,"internal_node_id":"0.0-9.0-0.10"},{"rt":14519,"url":"../static/nodeGraphs_distractor.html","edge":"4to8","edgeRT":"4865","skip":"false","flipped":"FALSE","index":"11","edgeClickLog":"[{\"edgeSelection\":\"4to8\",\"edgeRTMS\":4865}]","trial_id":"incong_5","congruency":"I","trial_group":"10to15","condition":"distractor","inference_edge":"2to6,6to8,0to2","inference_edgeClickLog":"[{\"edgeSelection\":\"2to6\",\"edgeRTMS\":4279},{\"edgeSelection\":\"6to8\",\"edgeRTMS\":5390},{\"edgeSelection\":\"0to2\",\"edgeRTMS\":8238}]","inference_edgeRT":"8238","inference_edge_last":"0to2","task":"experiment","subjectId":"cty924t5cybapwy","trial_type":"external-html","trial_index":19,"time_elapsed":589667,"internal_node_id":"0.0-9.0-0.11"},{"rt":10452,"url":"../static/nodeGraphs_distractor.html","edge":"2to6","edgeRT":"2263","skip":"false","flipped":"FALSE","index":"12","edgeClickLog":"[{\"edgeSelection\":\"2to6\",\"edgeRTMS\":2263}]","trial_id":"incong_3","congruency":"I","trial_group":"10to15","condition":"distractor","inference_edge":"0to2,2to6,6to8","inference_edgeClickLog":"[{\"edgeSelection\":\"0to2\",\"edgeRTMS\":3986},{\"edgeSelection\":\"2to6\",\"edgeRTMS\":5053},{\"edgeSelection\":\"6to8\",\"edgeRTMS\":7009}]","inference_edgeRT":"7009","inference_edge_last":"6to8","task":"experiment","subjectId":"cty924t5cybapwy","trial_type":"external-html","trial_index":20,"time_elapsed":600855,"internal_node_id":"0.0-9.0-0.12"},{"rt":14648,"url":"../static/nodeGraphs_distractor.html","edge":"5to8","edgeRT":"3356","skip":"false","flipped":"FALSE","index":"13","edgeClickLog":"[{\"edgeSelection\":\"5to8\",\"edgeRTMS\":3356}]","trial_id":"incong_10","congruency":"I","trial_group":"10to15","condition":"distractor","inference_edge":"5to8,2to5,4to8","inference_edgeClickLog":"[{\"edgeSelection\":\"5to8\",\"edgeRTMS\":3690},{\"edgeSelection\":\"2to5\",\"edgeRTMS\":5257},{\"edgeSelection\":\"5to7\",\"edgeRTMS\":7532},{\"edgeSelection\":\"5to7\",\"edgeRTMS\":8852},{\"edgeSelection\":\"4to8\",\"edgeRTMS\":9685}]","inference_edgeRT":"9685","inference_edge_last":"4to8","task":"experiment","subjectId":"cty924t5cybapwy","trial_type":"external-html","trial_index":21,"time_elapsed":616227,"internal_node_id":"0.0-9.0-0.13"},{"rt":30334,"url":"../static/nodeGraphs_distractor.html","edge":"2to5","edgeRT":"4576","skip":"false","flipped":"FALSE","index":"14","edgeClickLog":"[{\"edgeSelection\":\"2to5\",\"edgeRTMS\":4576}]","trial_id":"incong_2","congruency":"I","trial_group":"10to15","condition":"distractor","inference_edge":"0to1,1to5,5to8","inference_edgeClickLog":"[{\"edgeSelection\":\"0to2\",\"edgeRTMS\":9492},{\"edgeSelection\":\"2to5\",\"edgeRTMS\":10206},{\"edgeSelection\":\"0to1\",\"edgeRTMS\":16710},{\"edgeSelection\":\"2to5\",\"edgeRTMS\":18478},{\"edgeSelection\":\"2to5\",\"edgeRTMS\":18916},{\"edgeSelection\":\"2to5\",\"edgeRTMS\":20038},{\"edgeSelection\":\"1to5\",\"edgeRTMS\":21867},{\"edgeSelection\":\"0to2\",\"edgeRTMS\":23031},{\"edgeSelection\":\"5to8\",\"edgeRTMS\":24138}]","inference_edgeRT":"24138","inference_edge_last":"5to8","task":"experiment","subjectId":"cty924t5cybapwy","trial_type":"external-html","trial_index":22,"time_elapsed":647302,"internal_node_id":"0.0-9.0-0.14"},{"rt":18144,"url":"../static/nodeGraphs_distractor.html","edge":"2to6","edgeRT":"8021","skip":"false","flipped":"FALSE","index":"15","edgeClickLog":"[{\"edgeSelection\":\"2to6\",\"edgeRTMS\":8021}]","trial_id":"test_0","congruency":"I","trial_group":"15to20","condition":"distractor","inference_edge":"0to1,1to5,5to8","inference_edgeClickLog":"[{\"edgeSelection\":\"0to2\",\"edgeRTMS\":9492},{\"edgeSelection\":\"2to5\",\"edgeRTMS\":10206},{\"edgeSelection\":\"0to1\",\"edgeRTMS\":16710},{\"edgeSelection\":\"2to5\",\"edgeRTMS\":18478},{\"edgeSelection\":\"2to5\",\"edgeRTMS\":18916},{\"edgeSelection\":\"2to5\",\"edgeRTMS\":20038},{\"edgeSelection\":\"1to5\",\"edgeRTMS\":21867},{\"edgeSelection\":\"0to2\",\"edgeRTMS\":23031},{\"edgeSelection\":\"5to8\",\"edgeRTMS\":24138}]","inference_edgeRT":"24138","inference_edge_last":"","task":"experiment","subjectId":"cty924t5cybapwy","trial_type":"external-html","trial_index":23,"time_elapsed":666173,"internal_node_id":"0.0-9.0-0.15"},{"rt":9368,"url":"../static/nodeGraphs_distractor.html","edge":"0to3","edgeRT":"7263","skip":"false","flipped":"FALSE","index":"16","edgeClickLog":"[{\"edgeSelection\":\"0to3\",\"edgeRTMS\":7263}]","trial_id":"test_1","congruency":"I","trial_group":"15to20","condition":"distractor","inference_edge":"0to1,1to5,5to8","inference_edgeClickLog":"[{\"edgeSelection\":\"0to2\",\"edgeRTMS\":9492},{\"edgeSelection\":\"2to5\",\"edgeRTMS\":10206},{\"edgeSelection\":\"0to1\",\"edgeRTMS\":16710},{\"edgeSelection\":\"2to5\",\"edgeRTMS\":18478},{\"edgeSelection\":\"2to5\",\"edgeRTMS\":18916},{\"edgeSelection\":\"2to5\",\"edgeRTMS\":20038},{\"edgeSelection\":\"1to5\",\"edgeRTMS\":21867},{\"edgeSelection\":\"0to2\",\"edgeRTMS\":23031},{\"edgeSelection\":\"5to8\",\"edgeRTMS\":24138}]","inference_edgeRT":"24138","inference_edge_last":"","task":"experiment","subjectId":"cty924t5cybapwy","trial_type":"external-html","trial_index":24,"time_elapsed":676274,"internal_node_id":"0.0-9.0-0.16"},{"rt":6436,"url":"../static/nodeGraphs_distractor.html","edge":"6to8","edgeRT":"5577","skip":"false","flipped":"FALSE","index":"17","edgeClickLog":"[{\"edgeSelection\":\"6to8\",\"edgeRTMS\":5577}]","trial_id":"test_2","congruency":"I","trial_group":"15to20","condition":"distractor","inference_edge":"0to1,1to5,5to8","inference_edgeClickLog":"[{\"edgeSelection\":\"0to2\",\"edgeRTMS\":9492},{\"edgeSelection\":\"2to5\",\"edgeRTMS\":10206},{\"edgeSelection\":\"0to1\",\"edgeRTMS\":16710},{\"edgeSelection\":\"2to5\",\"edgeRTMS\":18478},{\"edgeSelection\":\"2to5\",\"edgeRTMS\":18916},{\"edgeSelection\":\"2to5\",\"edgeRTMS\":20038},{\"edgeSelection\":\"1to5\",\"edgeRTMS\":21867},{\"edgeSelection\":\"0to2\",\"edgeRTMS\":23031},{\"edgeSelection\":\"5to8\",\"edgeRTMS\":24138}]","inference_edgeRT":"24138","inference_edge_last":"","task":"experiment","subjectId":"cty924t5cybapwy","trial_type":"external-html","trial_index":25,"time_elapsed":683439,"internal_node_id":"0.0-9.0-0.17"},{"rt":6334,"url":"../static/nodeGraphs_distractor.html","edge":"1to5","edgeRT":"5914","skip":"false","flipped":"FALSE","index":"18","edgeClickLog":"[{\"edgeSelection\":\"1to5\",\"edgeRTMS\":5914}]","trial_id":"test_3","congruency":"I","trial_group":"15to20","condition":"distractor","inference_edge":"0to1,1to5,5to8","inference_edgeClickLog":"[{\"edgeSelection\":\"0to2\",\"edgeRTMS\":9492},{\"edgeSelection\":\"2to5\",\"edgeRTMS\":10206},{\"edgeSelection\":\"0to1\",\"edgeRTMS\":16710},{\"edgeSelection\":\"2to5\",\"edgeRTMS\":18478},{\"edgeSelection\":\"2to5\",\"edgeRTMS\":18916},{\"edgeSelection\":\"2to5\",\"edgeRTMS\":20038},{\"edgeSelection\":\"1to5\",\"edgeRTMS\":21867},{\"edgeSelection\":\"0to2\",\"edgeRTMS\":23031},{\"edgeSelection\":\"5to8\",\"edgeRTMS\":24138}]","inference_edgeRT":"24138","inference_edge_last":"","task":"experiment","subjectId":"cty924t5cybapwy","trial_type":"external-html","trial_index":26,"time_elapsed":690507,"internal_node_id":"0.0-9.0-0.18"},{"rt":14458,"url":"../static/nodeGraphs_distractor.html","edge":"6to9","edgeRT":"14103","skip":"false","flipped":"FALSE","index":"19","edgeClickLog":"[{\"edgeSelection\":\"6to9\",\"edgeRTMS\":3277},{\"edgeSelection\":\"6to9\",\"edgeRTMS\":14103}]","trial_id":"test_4","congruency":"I","trial_group":"15to20","condition":"distractor","inference_edge":"0to1,1to5,5to8","inference_edgeClickLog":"[{\"edgeSelection\":\"0to2\",\"edgeRTMS\":9492},{\"edgeSelection\":\"2to5\",\"edgeRTMS\":10206},{\"edgeSelection\":\"0to1\",\"edgeRTMS\":16710},{\"edgeSelection\":\"2to5\",\"edgeRTMS\":18478},{\"edgeSelection\":\"2to5\",\"edgeRTMS\":18916},{\"edgeSelection\":\"2to5\",\"edgeRTMS\":20038},{\"edgeSelection\":\"1to5\",\"edgeRTMS\":21867},{\"edgeSelection\":\"0to2\",\"edgeRTMS\":23031},{\"edgeSelection\":\"5to8\",\"edgeRTMS\":24138}]","inference_edgeRT":"24138","inference_edge_last":"","task":"experiment","subjectId":"cty924t5cybapwy","trial_type":"external-html","trial_index":27,"time_elapsed":705690,"internal_node_id":"0.0-9.0-0.19"},{"rt":105669,"response":{"P0_Q0":null,"P0_Q1":5,"P0_Q2":4,"P0_Q3":4,"P0_Q4":5,"P0_Q5":5,"strategies":"I tried to lead the student to as many 3s as possible, then 2s","feedback":""},"accuracy":[],"trial_type":"survey","trial_index":28,"time_elapsed":811959,"internal_node_id":"0.0-10.0"},{"rt":3489,"stimulus":"<p>Thanks for your time!</p>        <p>We need to manually calculate your bonus pay, please give us up to 7 days.</p><p>Press any key to conclude.</p>","response":" ","task":"end","subjectId":"cty924t5cybapwy","trial_type":"html-keyboard-response","trial_index":29,"time_elapsed":815451,"internal_node_id":"0.0-11.0","interactions":"[{\"event\":\"focus\",\"trial\":1,\"time\":73653},{\"event\":\"fullscreenenter\",\"trial\":1,\"time\":75276},{\"event\":\"blur\",\"trial\":14,\"time\":508134},{\"event\":\"focus\",\"trial\":14,\"time\":508136},{\"event\":\"fullscreenexit\",\"trial\":14,\"time\":508143},{\"event\":\"blur\",\"trial\":28,\"time\":740370},{\"event\":\"focus\",\"trial\":28,\"time\":810155}]"}]