[{"success":true,"timeout":false,"failed_images":[],"failed_audio":[],"failed_video":[],"trial_type":"preload","trial_index":0,"time_elapsed":499,"internal_node_id":"0.0-0.0"},{"success":true,"trial_type":"fullscreen","trial_index":1,"time_elapsed":3979,"internal_node_id":"0.0-1.0"},{"rt":988,"stimulus":"Welcome to the experiment. Press any key to begin.","response":"audiovolumeup","trial_type":"html-keyboard-response","trial_index":2,"time_elapsed":4970,"internal_node_id":"0.0-2.0"},{"view_history":[{"page_index":0,"viewing_time":6264},{"page_index":1,"viewing_time":4516},{"page_index":2,"viewing_time":33118},{"page_index":3,"viewing_time":4376},{"page_index":4,"viewing_time":1456},{"page_index":5,"viewing_time":980},{"page_index":6,"viewing_time":2574},{"page_index":7,"viewing_time":10780},{"page_index":8,"viewing_time":23908},{"page_index":9,"viewing_time":9438},{"page_index":10,"viewing_time":1186},{"page_index":11,"viewing_time":562},{"page_index":12,"viewing_time":1930},{"page_index":13,"viewing_time":2391},{"page_index":14,"viewing_time":3810},{"page_index":15,"viewing_time":9468},{"page_index":16,"viewing_time":2188},{"page_index":17,"viewing_time":616},{"page_index":18,"viewing_time":578},{"page_index":19,"viewing_time":3170},{"page_index":20,"viewing_time":7456},{"page_index":21,"viewing_time":4942}],"rt":135706,"trial_type":"instructions","trial_index":3,"time_elapsed":140676,"internal_node_id":"0.0-3.0"},{"rt":58429,"url":"../static/nodeGraphsTraining_normal.html","skip":[],"edgeClickLog":[],"inference_edge":[],"inference_edgeClickLog":[],"trial_type":"external-html","trial_index":4,"time_elapsed":199239,"internal_node_id":"0.0-4.0"},{"rt":21092,"response":{"q1":"The goal is to help the student to get the most points","q2":"False","q3":"Possible paths you, as the teacher, can choose to teach the learner.","q4":"Paths that the student took before."},"question_order":[0,1,2,3],"trial_type":"survey-multi-choice","trial_index":5,"time_elapsed":220336,"internal_node_id":"0.0-5.0"},{"rt":null,"stimulus":"<p>You can take a 60 second break before starting the experiment.</p><br><br><p>This page will advance in 60 seconds or you can press any key to advance now.</p>","response":null,"trial_type":"html-keyboard-response","trial_index":6,"time_elapsed":280339,"internal_node_id":"0.0-7.0"},{"view_history":[{"page_index":0,"viewing_time":16937}],"rt":16938,"trial_type":"instructions","trial_index":7,"time_elapsed":297277,"internal_node_id":"0.0-8.0"},{"rt":11711,"url":"../static/nodeGraphs_normal.html","edge":"1to4","edgeRT":"10705","skip":"false","flipped":"FALSE","index":"0","edgeClickLog":"[{\"edgeSelection\":\"1to4\",\"edgeRTMS\":10705}]","trial_id":"cong_0","congruency":"C","trial_group":"1to5","condition":"normal","inference_edge":[],"inference_edgeClickLog":[],"task":"experiment","subjectId":"2btw3rfnrdrbndm","trial_type":"external-html","trial_index":8,"time_elapsed":309117,"internal_node_id":"0.0-9.0-0.0"},{"rt":15619,"url":"../static/nodeGraphs_normal.html","edge":"2to6","edgeRT":"15461","skip":"false","flipped":"FALSE","index":"1","edgeClickLog":"[{\"edgeSelection\":\"2to6\",\"edgeRTMS\":15461}]","trial_id":"cong_1","congruency":"C","trial_group":"1to5","condition":"normal","inference_edge":[],"inference_edgeClickLog":[],"task":"experiment","subjectId":"2btw3rfnrdrbndm","trial_type":"external-html","trial_index":9,"time_elapsed":325406,"internal_node_id":"0.0-9.0-0.1"},{"rt":10810,"url":"../static/nodeGraphs_normal.html","edge":"2to5","edgeRT":"10508","skip":"false","flipped":"FALSE","index":"2","edgeClickLog":"[{\"edgeSelection\":\"2to5\",\"edgeRTMS\":10508}]","trial_id":"cong_6","congruency":"C","trial_group":"1to5","condition":"normal","inference_edge":[],"inference_edgeClickLog":[],"task":"experiment","subjectId":"2btw3rfnrdrbndm","trial_type":"external-html","trial_index":10,"time_elapsed":336842,"internal_node_id":"0.0-9.0-0.2"},{"rt":5463,"url":"../static/nodeGraphs_normal.html","edge":"2to4","edgeRT":"5464","skip":"false","flipped":"FALSE","index":"3","edgeClickLog":"[{\"edgeSelection\":\"2to4\",\"edgeRTMS\":5464}]","trial_id":"cong_4","congruency":"C","trial_group":"1to5","condition":"normal","inference_edge":[],"inference_edgeClickLog":[],"task":"experiment","subjectId":"2btw3rfnrdrbndm","trial_type":"external-html","trial_index":11,"time_elapsed":342942,"internal_node_id":"0.0-9.0-0.3"},{"rt":3740,"url":"../static/nodeGraphs_normal.html","edge":"2to5","edgeRT":"3384","skip":"false","flipped":"FALSE","index":"4","edgeClickLog":"[{\"edgeSelection\":\"2to5\",\"edgeRTMS\":3384}]","trial_id":"cong_9","congruency":"C","trial_group":"1to5","condition":"normal","inference_edge":[],"inference_edgeClickLog":[],"task":"experiment","subjectId":"2btw3rfnrdrbndm","trial_type":"external-html","trial_index":12,"time_elapsed":347313,"internal_node_id":"0.0-9.0-0.4"},{"rt":7076,"url":"../static/nodeGraphs_normal.html","edge":"3to6","edgeRT":"4884","skip":"false","flipped":"TRUE","index":"5","edgeClickLog":"[{\"edgeSelection\":\"3to6\",\"edgeRTMS\":4884}]","trial_id":"cong_0_flipped","congruency":"C","trial_group":"5to10","condition":"normal","inference_edge":[],"inference_edgeClickLog":[],"task":"experiment","subjectId":"2btw3rfnrdrbndm","trial_type":"external-html","trial_index":13,"time_elapsed":355013,"internal_node_id":"0.0-9.0-0.5"},{"rt":13040,"url":"../static/nodeGraphs_normal.html","edge":"2to4","edgeRT":"13023","skip":"false","flipped":"TRUE","index":"6","edgeClickLog":"[{\"edgeSelection\":\"2to4\",\"edgeRTMS\":13023}]","trial_id":"cong_1_flipped","congruency":"C","trial_group":"5to10","condition":"normal","inference_edge":[],"inference_edgeClickLog":[],"task":"experiment","subjectId":"2btw3rfnrdrbndm","trial_type":"external-html","trial_index":14,"time_elapsed":368678,"internal_node_id":"0.0-9.0-0.6"},{"rt":20506,"url":"../static/nodeGraphs_normal.html","edge":"2to5","edgeRT":"20187","skip":"false","flipped":"TRUE","index":"7","edgeClickLog":"[{\"edgeSelection\":\"2to5\",\"edgeRTMS\":20187}]","trial_id":"cong_6_flipped","congruency":"C","trial_group":"5to10","condition":"normal","inference_edge":[],"inference_edgeClickLog":[],"task":"experiment","subjectId":"2btw3rfnrdrbndm","trial_type":"external-html","trial_index":15,"time_elapsed":389816,"internal_node_id":"0.0-9.0-0.7"},{"rt":4464,"url":"../static/nodeGraphs_normal.html","edge":"2to6","edgeRT":"3721","skip":"false","flipped":"TRUE","index":"8","edgeClickLog":"[{\"edgeSelection\":\"2to6\",\"edgeRTMS\":3721}]","trial_id":"cong_4_flipped","congruency":"C","trial_group":"5to10","condition":"normal","inference_edge":[],"inference_edgeClickLog":[],"task":"experiment","subjectId":"2btw3rfnrdrbndm","trial_type":"external-html","trial_index":16,"time_elapsed":394919,"internal_node_id":"0.0-9.0-0.8"},{"rt":3200,"url":"../static/nodeGraphs_normal.html","edge":"2to5","edgeRT":"2369","skip":"false","flipped":"TRUE","index":"9","edgeClickLog":"[{\"edgeSelection\":\"2to5\",\"edgeRTMS\":2369}]","trial_id":"cong_9_flipped","congruency":"C","trial_group":"5to10","condition":"normal","inference_edge":[],"inference_edgeClickLog":[],"task":"experiment","subjectId":"2btw3rfnrdrbndm","trial_type":"external-html","trial_index":17,"time_elapsed":398746,"internal_node_id":"0.0-9.0-0.9"},{"rt":4051,"url":"../static/nodeGraphs_normal.html","edge":"1to4","edgeRT":"3220","skip":"false","flipped":"FALSE","index":"10","edgeClickLog":"[{\"edgeSelection\":\"1to4\",\"edgeRTMS\":3220}]","trial_id":"cong_0","congruency":"C","trial_group":"10to15","condition":"normal","inference_edge":[],"inference_edgeClickLog":[],"task":"experiment","subjectId":"2btw3rfnrdrbndm","trial_type":"external-html","trial_index":18,"time_elapsed":403547,"internal_node_id":"0.0-9.0-0.10"},{"rt":11383,"url":"../static/nodeGraphs_normal.html","edge":"2to6","edgeRT":"11354","skip":"false","flipped":"FALSE","index":"11","edgeClickLog":"[{\"edgeSelection\":\"2to6\",\"edgeRTMS\":11354}]","trial_id":"cong_1","congruency":"C","trial_group":"10to15","condition":"normal","inference_edge":[],"inference_edgeClickLog":[],"task":"experiment","subjectId":"2btw3rfnrdrbndm","trial_type":"external-html","trial_index":19,"time_elapsed":415571,"internal_node_id":"0.0-9.0-0.11"},{"rt":5154,"url":"../static/nodeGraphs_normal.html","edge":"2to5","edgeRT":"5014","skip":"false","flipped":"FALSE","index":"12","edgeClickLog":"[{\"edgeSelection\":\"2to5\",\"edgeRTMS\":5014}]","trial_id":"cong_6","congruency":"C","trial_group":"10to15","condition":"normal","inference_edge":[],"inference_edgeClickLog":[],"task":"experiment","subjectId":"2btw3rfnrdrbndm","trial_type":"external-html","trial_index":20,"time_elapsed":421359,"internal_node_id":"0.0-9.0-0.12"},{"rt":3187,"url":"../static/nodeGraphs_normal.html","edge":"2to4","edgeRT":"2844","skip":"false","flipped":"FALSE","index":"13","edgeClickLog":"[{\"edgeSelection\":\"2to4\",\"edgeRTMS\":2844}]","trial_id":"cong_4","congruency":"C","trial_group":"10to15","condition":"normal","inference_edge":[],"inference_edgeClickLog":[],"task":"experiment","subjectId":"2btw3rfnrdrbndm","trial_type":"external-html","trial_index":21,"time_elapsed":425191,"internal_node_id":"0.0-9.0-0.13"},{"rt":4925,"url":"../static/nodeGraphs_normal.html","edge":"2to5","edgeRT":"4236","skip":"false","flipped":"FALSE","index":"14","edgeClickLog":"[{\"edgeSelection\":\"2to5\",\"edgeRTMS\":4236}]","trial_id":"cong_9","congruency":"C","trial_group":"10to15","condition":"normal","inference_edge":[],"inference_edgeClickLog":[],"task":"experiment","subjectId":"2btw3rfnrdrbndm","trial_type":"external-html","trial_index":22,"time_elapsed":430737,"internal_node_id":"0.0-9.0-0.14"},{"rt":37433,"url":"../static/nodeGraphs_normal.html","edge":"0to1","edgeRT":"29016","skip":"false","flipped":"FALSE","index":"15","edgeClickLog":"[{\"edgeSelection\":\"0to1\",\"edgeRTMS\":29016}]","trial_id":"test_0","congruency":"I","trial_group":"15to20","condition":"normal","inference_edge":[],"inference_edgeClickLog":[],"task":"experiment","subjectId":"2btw3rfnrdrbndm","trial_type":"external-html","trial_index":23,"time_elapsed":468799,"internal_node_id":"0.0-9.0-0.15"},{"rt":22878,"url":"../static/nodeGraphs_normal.html","edge":"0to3","edgeRT":"7154","skip":"false","flipped":"FALSE","index":"16","edgeClickLog":"[{\"edgeSelection\":\"0to3\",\"edgeRTMS\":7154}]","trial_id":"test_1","congruency":"I","trial_group":"15to20","condition":"normal","inference_edge":[],"inference_edgeClickLog":[],"task":"experiment","subjectId":"2btw3rfnrdrbndm","trial_type":"external-html","trial_index":24,"time_elapsed":492308,"internal_node_id":"0.0-9.0-0.16"},{"rt":30030,"url":"../static/nodeGraphs_normal.html","edge":"0to3","edgeRT":"20671","skip":"false","flipped":"FALSE","index":"17","edgeClickLog":"[{\"edgeSelection\":\"0to3\",\"edgeRTMS\":20671}]","trial_id":"test_2","congruency":"I","trial_group":"15to20","condition":"normal","inference_edge":[],"inference_edgeClickLog":[],"task":"experiment","subjectId":"2btw3rfnrdrbndm","trial_type":"external-html","trial_index":25,"time_elapsed":522970,"internal_node_id":"0.0-9.0-0.17"},{"rt":23709,"url":"../static/nodeGraphs_normal.html","edge":"5to7","edgeRT":"23704","skip":"false","flipped":"FALSE","index":"18","edgeClickLog":"[{\"edgeSelection\":\"5to7\",\"edgeRTMS\":23704}]","trial_id":"test_3","congruency":"I","trial_group":"15to20","condition":"normal","inference_edge":[],"inference_edgeClickLog":[],"task":"experiment","subjectId":"2btw3rfnrdrbndm","trial_type":"external-html","trial_index":26,"time_elapsed":547308,"internal_node_id":"0.0-9.0-0.18"},{"rt":28288,"url":"../static/nodeGraphs_normal.html","edge":"1to5","edgeRT":"24493","skip":"false","flipped":"FALSE","index":"19","edgeClickLog":"[{\"edgeSelection\":\"5to9\",\"edgeRTMS\":13104},{\"edgeSelection\":\"1to5\",\"edgeRTMS\":24493}]","trial_id":"test_4","congruency":"I","trial_group":"15to20","condition":"normal","inference_edge":[],"inference_edgeClickLog":[],"task":"experiment","subjectId":"2btw3rfnrdrbndm","trial_type":"external-html","trial_index":27,"time_elapsed":576228,"internal_node_id":"0.0-9.0-0.19"},{"rt":48831,"response":{"P0_Q0":null,"P0_Q1":2,"P0_Q2":7,"P0_Q3":7,"P0_Q4":3,"P0_Q5":1,"strategies":"Look at the options and always make sure the path you reveal will never equal less than the number of points the student already has","feedback":"No"},"accuracy":[],"trial_type":"survey","trial_index":28,"time_elapsed":625632,"internal_node_id":"0.0-10.0"},{"rt":4349,"stimulus":"<p>Thanks for your time!</p>        <p>We need to manually calculate your bonus pay, please give us up to 7 days.</p><p>Press any key to conclude.</p>","response":"enter","task":"end","subjectId":"2btw3rfnrdrbndm","trial_type":"html-keyboard-response","trial_index":29,"time_elapsed":629984,"internal_node_id":"0.0-11.0","interactions":"[{\"event\":\"fullscreenenter\",\"trial\":1,\"time\":2994}]"}]