[{"success":true,"timeout":false,"failed_images":[],"failed_audio":[],"failed_video":[],"trial_type":"preload","trial_index":0,"time_elapsed":529,"internal_node_id":"0.0-0.0"},{"success":true,"trial_type":"fullscreen","trial_index":1,"time_elapsed":3822,"internal_node_id":"0.0-1.0"},{"rt":1941,"stimulus":"Welcome to the experiment. Press any key to begin.","response":" ","trial_type":"html-keyboard-response","trial_index":2,"time_elapsed":5764,"internal_node_id":"0.0-2.0"},{"view_history":[{"page_index":0,"viewing_time":3486},{"page_index":1,"viewing_time":8632},{"page_index":2,"viewing_time":19843},{"page_index":3,"viewing_time":2330},{"page_index":4,"viewing_time":1490},{"page_index":5,"viewing_time":896},{"page_index":6,"viewing_time":2350},{"page_index":7,"viewing_time":10444},{"page_index":8,"viewing_time":17141},{"page_index":9,"viewing_time":10953},{"page_index":10,"viewing_time":1196},{"page_index":11,"viewing_time":423},{"page_index":12,"viewing_time":369},{"page_index":13,"viewing_time":1426},{"page_index":14,"viewing_time":2577},{"page_index":15,"viewing_time":7838},{"page_index":16,"viewing_time":753},{"page_index":17,"viewing_time":473},{"page_index":18,"viewing_time":885},{"page_index":19,"viewing_time":5885},{"page_index":20,"viewing_time":5804},{"page_index":21,"viewing_time":4029}],"rt":109224,"trial_type":"instructions","trial_index":3,"time_elapsed":114989,"internal_node_id":"0.0-3.0"},{"rt":78252,"url":"../static/nodeGraphsTraining.html","skip":[],"edgeClickLog":[],"trial_type":"external-html","trial_index":4,"time_elapsed":193322,"internal_node_id":"0.0-4.0"},{"rt":28444,"response":{"q1":"The goal is to help the student to get the most points","q2":"False","q3":"Possible paths you, as the teacher, can navigate.","q4":"Possible paths you, as the teacher, can choose to teach the learner."},"question_order":[0,1,2,3],"trial_type":"survey-multi-choice","trial_index":5,"time_elapsed":221767,"internal_node_id":"0.0-5.0"},{"rt":13443,"response":{"q1":"The goal is to help the student to get the most points","q2":"False","q3":"Possible paths you, as the teacher, can choose to teach the learner.","q4":"Paths that the student took before."},"question_order":[0,1,2,3],"trial_type":"survey-multi-choice","trial_index":6,"time_elapsed":235212,"internal_node_id":"0.0-6.0-0.0"},{"rt":6495,"stimulus":"<p>You can take a 60 second break before starting the experiment.</p><br><br><p>This page will advance in 60 seconds or you can press any key to advance now.</p>","response":" ","trial_type":"html-keyboard-response","trial_index":7,"time_elapsed":241708,"internal_node_id":"0.0-7.0"},{"view_history":[{"page_index":0,"viewing_time":23214}],"rt":23214,"trial_type":"instructions","trial_index":8,"time_elapsed":264923,"internal_node_id":"0.0-8.0"},{"rt":10442,"url":"../static/nodeGraphs.html","edge":"1to4","edgeRT":"8563","skip":"false","flipped":"False","index":"0","edgeClickLog":"[{\"edgeSelection\":\"0to1\",\"edgeRTMS\":1157},{\"edgeSelection\":\"1to4\",\"edgeRTMS\":3638},{\"edgeSelection\":\"4to7\",\"edgeRTMS\":5311},{\"edgeSelection\":\"1to4\",\"edgeRTMS\":6353},{\"edgeSelection\":\"4to7\",\"edgeRTMS\":7226},{\"edgeSelection\":\"1to4\",\"edgeRTMS\":8563}]","trial_id":"cong_0","congruency":"C","task":"experiment","subjectId":"p7raze9c7scoeg8","trial_type":"external-html","trial_index":9,"time_elapsed":275428,"internal_node_id":"0.0-9.0-0.0"},{"rt":8893,"url":"../static/nodeGraphs.html","edge":"6to9","edgeRT":"5683","skip":"false","flipped":"False","index":"3","edgeClickLog":"[{\"edgeSelection\":\"0to3\",\"edgeRTMS\":3958},{\"edgeSelection\":\"3to6\",\"edgeRTMS\":4955},{\"edgeSelection\":\"6to9\",\"edgeRTMS\":5683}]","trial_id":"cong_3","congruency":"C","task":"experiment","subjectId":"p7raze9c7scoeg8","trial_type":"external-html","trial_index":10,"time_elapsed":284950,"internal_node_id":"0.0-9.0-0.1"},{"rt":6560,"url":"../static/nodeGraphs.html","edge":"2to6","edgeRT":"2251","skip":"false","flipped":"False","index":"1","edgeClickLog":"[{\"edgeSelection\":\"2to6\",\"edgeRTMS\":2251}]","trial_id":"cong_1","congruency":"C","task":"experiment","subjectId":"p7raze9c7scoeg8","trial_type":"external-html","trial_index":11,"time_elapsed":292224,"internal_node_id":"0.0-9.0-0.2"},{"rt":9662,"url":"../static/nodeGraphs.html","edge":"5to8","edgeRT":"7194","skip":"false","flipped":"True","index":"19","edgeClickLog":"[{\"edgeSelection\":\"2to5\",\"edgeRTMS\":2998},{\"edgeSelection\":\"5to8\",\"edgeRTMS\":4070},{\"edgeSelection\":\"2to5\",\"edgeRTMS\":4689},{\"edgeSelection\":\"5to8\",\"edgeRTMS\":7194}]","trial_id":"cong_9_flipped","congruency":"C","task":"experiment","subjectId":"p7raze9c7scoeg8","trial_type":"external-html","trial_index":12,"time_elapsed":302454,"internal_node_id":"0.0-9.0-0.3"},{"rt":10089,"url":"../static/nodeGraphs.html","edge":"6to9","edgeRT":"7512","skip":"false","flipped":"True","index":"18","edgeClickLog":"[{\"edgeSelection\":\"6to9\",\"edgeRTMS\":7512}]","trial_id":"cong_8_flipped","congruency":"C","task":"experiment","subjectId":"p7raze9c7scoeg8","trial_type":"external-html","trial_index":13,"time_elapsed":313111,"internal_node_id":"0.0-9.0-0.4"},{"rt":9668,"url":"../static/nodeGraphs.html","edge":"4to7","edgeRT":"9044","skip":"false","flipped":"False","index":"8","edgeClickLog":"[{\"edgeSelection\":\"4to7\",\"edgeRTMS\":4477},{\"edgeSelection\":\"1to4\",\"edgeRTMS\":8555},{\"edgeSelection\":\"4to7\",\"edgeRTMS\":9044}]","trial_id":"cong_8","congruency":"C","task":"experiment","subjectId":"p7raze9c7scoeg8","trial_type":"external-html","trial_index":14,"time_elapsed":323349,"internal_node_id":"0.0-9.0-0.5"},{"rt":3305,"url":"../static/nodeGraphs.html","edge":"2to6","edgeRT":"2389","skip":"false","flipped":"True","index":"14","edgeClickLog":"[{\"edgeSelection\":\"2to6\",\"edgeRTMS\":2389}]","trial_id":"cong_4_flipped","congruency":"C","task":"experiment","subjectId":"p7raze9c7scoeg8","trial_type":"external-html","trial_index":15,"time_elapsed":327214,"internal_node_id":"0.0-9.0-0.6"},{"rt":3728,"url":"../static/nodeGraphs.html","edge":"1to4","edgeRT":"2746","skip":"false","flipped":"False","index":"5","edgeClickLog":"[{\"edgeSelection\":\"1to4\",\"edgeRTMS\":2746}]","trial_id":"cong_5","congruency":"C","task":"experiment","subjectId":"p7raze9c7scoeg8","trial_type":"external-html","trial_index":16,"time_elapsed":331514,"internal_node_id":"0.0-9.0-0.7"},{"rt":7038,"url":"../static/nodeGraphs.html","edge":"2to6","edgeRT":"5186","skip":"false","flipped":"True","index":"17","edgeClickLog":"[{\"edgeSelection\":\"2to6\",\"edgeRTMS\":5186}]","trial_id":"cong_7_flipped","congruency":"C","task":"experiment","subjectId":"p7raze9c7scoeg8","trial_type":"external-html","trial_index":17,"time_elapsed":339126,"internal_node_id":"0.0-9.0-0.8"},{"rt":5767,"url":"../static/nodeGraphs.html","edge":"2to4","edgeRT":"3789","skip":"false","flipped":"False","index":"4","edgeClickLog":"[{\"edgeSelection\":\"2to4\",\"edgeRTMS\":3789}]","trial_id":"cong_4","congruency":"C","task":"experiment","subjectId":"p7raze9c7scoeg8","trial_type":"external-html","trial_index":18,"time_elapsed":345456,"internal_node_id":"0.0-9.0-0.9"},{"rt":3852,"url":"../static/nodeGraphs.html","edge":"3to6","edgeRT":"3024","skip":"false","flipped":"True","index":"10","edgeClickLog":"[{\"edgeSelection\":\"3to6\",\"edgeRTMS\":3024}]","trial_id":"cong_0_flipped","congruency":"C","task":"experiment","subjectId":"p7raze9c7scoeg8","trial_type":"external-html","trial_index":19,"time_elapsed":349873,"internal_node_id":"0.0-9.0-0.10"},{"rt":4080,"url":"../static/nodeGraphs.html","edge":"2to5","edgeRT":"3308","skip":"false","flipped":"False","index":"9","edgeClickLog":"[{\"edgeSelection\":\"2to5\",\"edgeRTMS\":3308}]","trial_id":"cong_9","congruency":"C","task":"experiment","subjectId":"p7raze9c7scoeg8","trial_type":"external-html","trial_index":20,"time_elapsed":354520,"internal_node_id":"0.0-9.0-0.11"},{"rt":2785,"url":"../static/nodeGraphs.html","edge":"2to4","edgeRT":"1834","skip":"false","flipped":"True","index":"11","edgeClickLog":"[{\"edgeSelection\":\"2to4\",\"edgeRTMS\":1834}]","trial_id":"cong_1_flipped","congruency":"C","task":"experiment","subjectId":"p7raze9c7scoeg8","trial_type":"external-html","trial_index":21,"time_elapsed":357951,"internal_node_id":"0.0-9.0-0.12"},{"rt":6371,"url":"../static/nodeGraphs.html","edge":"5to9","edgeRT":"3412","skip":"false","flipped":"False","index":"2","edgeClickLog":"[{\"edgeSelection\":\"5to9\",\"edgeRTMS\":3412}]","trial_id":"cong_2","congruency":"C","task":"experiment","subjectId":"p7raze9c7scoeg8","trial_type":"external-html","trial_index":22,"time_elapsed":364881,"internal_node_id":"0.0-9.0-0.13"},{"rt":5198,"url":"../static/nodeGraphs.html","edge":"5to7","edgeRT":"2825","skip":"false","flipped":"True","index":"13","edgeClickLog":"[{\"edgeSelection\":\"5to7\",\"edgeRTMS\":2825}]","trial_id":"cong_3_flipped","congruency":"C","task":"experiment","subjectId":"p7raze9c7scoeg8","trial_type":"external-html","trial_index":23,"time_elapsed":370641,"internal_node_id":"0.0-9.0-0.14"},{"rt":4071,"url":"../static/nodeGraphs.html","edge":"5to7","edgeRT":"3104","skip":"false","flipped":"True","index":"12","edgeClickLog":"[{\"edgeSelection\":\"5to7\",\"edgeRTMS\":3104}]","trial_id":"cong_2_flipped","congruency":"C","task":"experiment","subjectId":"p7raze9c7scoeg8","trial_type":"external-html","trial_index":24,"time_elapsed":375282,"internal_node_id":"0.0-9.0-0.15"},{"rt":3740,"url":"../static/nodeGraphs.html","edge":"3to6","edgeRT":"2000","skip":"false","flipped":"True","index":"15","edgeClickLog":"[{\"edgeSelection\":\"3to6\",\"edgeRTMS\":2000}]","trial_id":"cong_5_flipped","congruency":"C","task":"experiment","subjectId":"p7raze9c7scoeg8","trial_type":"external-html","trial_index":25,"time_elapsed":379589,"internal_node_id":"0.0-9.0-0.16"},{"rt":3986,"url":"../static/nodeGraphs.html","edge":"2to5","edgeRT":"2320","skip":"false","flipped":"False","index":"6","edgeClickLog":"[{\"edgeSelection\":\"2to5\",\"edgeRTMS\":2320}]","trial_id":"cong_6","congruency":"C","task":"experiment","subjectId":"p7raze9c7scoeg8","trial_type":"external-html","trial_index":26,"time_elapsed":384135,"internal_node_id":"0.0-9.0-0.17"},{"rt":6040,"url":"../static/nodeGraphs.html","edge":"2to5","edgeRT":"4740","skip":"false","flipped":"True","index":"16","edgeClickLog":"[{\"edgeSelection\":\"2to5\",\"edgeRTMS\":4740}]","trial_id":"cong_6_flipped","congruency":"C","task":"experiment","subjectId":"p7raze9c7scoeg8","trial_type":"external-html","trial_index":27,"time_elapsed":390735,"internal_node_id":"0.0-9.0-0.18"},{"rt":5257,"url":"../static/nodeGraphs.html","edge":"2to4","edgeRT":"3468","skip":"false","flipped":"False","index":"7","edgeClickLog":"[{\"edgeSelection\":\"2to4\",\"edgeRTMS\":3468}]","trial_id":"cong_7","congruency":"C","task":"experiment","subjectId":"p7raze9c7scoeg8","trial_type":"external-html","trial_index":28,"time_elapsed":396582,"internal_node_id":"0.0-9.0-0.19"},{"rt":1937,"url":"../static/nodeGraphs.html","edge":"6to8","edgeRT":"1211","skip":"false","flipped":"False","index":"20","edgeClickLog":"[{\"edgeSelection\":\"6to8\",\"edgeRTMS\":1211}]","trial_id":"test_0","congruency":"I","task":"experiment","subjectId":"p7raze9c7scoeg8","trial_type":"external-html","trial_index":29,"time_elapsed":399083,"internal_node_id":"0.0-9.0-0.20"},{"rt":6962,"url":"../static/nodeGraphs.html","edge":"3to6","edgeRT":"4521","skip":"false","flipped":"False","index":"21","edgeClickLog":"[{\"edgeSelection\":\"3to6\",\"edgeRTMS\":4521}]","trial_id":"test_1","congruency":"I","task":"experiment","subjectId":"p7raze9c7scoeg8","trial_type":"external-html","trial_index":30,"time_elapsed":406605,"internal_node_id":"0.0-9.0-0.21"},{"rt":15647,"url":"../static/nodeGraphs.html","edge":"4to7","edgeRT":"14196","skip":"false","flipped":"False","index":"22","edgeClickLog":"[{\"edgeSelection\":\"5to7\",\"edgeRTMS\":9858},{\"edgeSelection\":\"4to7\",\"edgeRTMS\":13806},{\"edgeSelection\":\"4to7\",\"edgeRTMS\":14196}]","trial_id":"test_2","congruency":"I","task":"experiment","subjectId":"p7raze9c7scoeg8","trial_type":"external-html","trial_index":31,"time_elapsed":422814,"internal_node_id":"0.0-9.0-0.22"},{"rt":8650,"url":"../static/nodeGraphs.html","edge":"5to7","edgeRT":"6765","skip":"false","flipped":"False","index":"23","edgeClickLog":"[{\"edgeSelection\":\"5to7\",\"edgeRTMS\":6765}]","trial_id":"test_3","congruency":"I","task":"experiment","subjectId":"p7raze9c7scoeg8","trial_type":"external-html","trial_index":32,"time_elapsed":432108,"internal_node_id":"0.0-9.0-0.23"},{"rt":11558,"url":"../static/nodeGraphs.html","edge":"6to9","edgeRT":"10300","skip":"false","flipped":"False","index":"24","edgeClickLog":"[{\"edgeSelection\":\"6to9\",\"edgeRTMS\":10300}]","trial_id":"test_4","congruency":"I","task":"experiment","subjectId":"p7raze9c7scoeg8","trial_type":"external-html","trial_index":33,"time_elapsed":444249,"internal_node_id":"0.0-9.0-0.24"},{"rt":21944,"response":{"P0_Q0":null,"P0_Q1":5,"P0_Q2":4,"P0_Q3":5,"P0_Q4":5,"P0_Q5":1,"strategies":"Find the highest pair combinations","feedback":""},"accuracy":[],"trial_type":"survey","trial_index":34,"time_elapsed":466742,"internal_node_id":"0.0-10.0"},{"rt":3244,"stimulus":"<p>Thanks for your time!</p>        <p>We need to manually calculate your bonus pay, please give us up to 7 days.</p><p>Press any key to conclude.</p>","response":" ","task":"end","subjectId":"p7raze9c7scoeg8","trial_type":"html-keyboard-response","trial_index":35,"time_elapsed":469988,"internal_node_id":"0.0-11.0","interactions":"[{\"event\":\"fullscreenenter\",\"trial\":1,\"time\":2844},{\"event\":\"blur\",\"trial\":4,\"time\":125186},{\"event\":\"focus\",\"trial\":4,\"time\":125186},{\"event\":\"fullscreenexit\",\"trial\":4,\"time\":125190}]"}]