[{"success":true,"timeout":false,"failed_images":[],"failed_audio":[],"failed_video":[],"trial_type":"preload","trial_index":0,"time_elapsed":1142,"internal_node_id":"0.0-0.0"},{"success":true,"trial_type":"fullscreen","trial_index":1,"time_elapsed":6546,"internal_node_id":"0.0-1.0"},{"rt":2679,"stimulus":"Welcome to the experiment. Press any key to begin.","response":" ","trial_type":"html-keyboard-response","trial_index":2,"time_elapsed":9224,"internal_node_id":"0.0-2.0"},{"view_history":[{"page_index":0,"viewing_time":5823},{"page_index":1,"viewing_time":5456},{"page_index":2,"viewing_time":34272},{"page_index":3,"viewing_time":6354},{"page_index":4,"viewing_time":2911},{"page_index":5,"viewing_time":858},{"page_index":6,"viewing_time":6592},{"page_index":7,"viewing_time":19371},{"page_index":8,"viewing_time":30088},{"page_index":9,"viewing_time":14044},{"page_index":10,"viewing_time":1698},{"page_index":11,"viewing_time":664},{"page_index":12,"viewing_time":578},{"page_index":13,"viewing_time":2844},{"page_index":14,"viewing_time":3825},{"page_index":15,"viewing_time":9366},{"page_index":16,"viewing_time":5546},{"page_index":17,"viewing_time":557},{"page_index":18,"viewing_time":567},{"page_index":19,"viewing_time":3688},{"page_index":20,"viewing_time":10157},{"page_index":21,"viewing_time":6871}],"rt":172130,"trial_type":"instructions","trial_index":3,"time_elapsed":181356,"internal_node_id":"0.0-3.0"},{"rt":82631,"url":"../static/nodeGraphsTraining.html","skip":[],"edgeClickLog":[],"trial_type":"external-html","trial_index":4,"time_elapsed":264314,"internal_node_id":"0.0-4.0"},{"rt":48380,"response":{"q1":"The goal is to help the student to get the most points","q2":"False","q3":"Possible paths you, as the teacher, can choose to teach the learner.","q4":"Paths that the student took before."},"question_order":[0,1,2,3],"trial_type":"survey-multi-choice","trial_index":5,"time_elapsed":312695,"internal_node_id":"0.0-5.0"},{"rt":21007,"stimulus":"<p>You can take a 60 second break before starting the experiment.</p><br><br><p>This page will advance in 60 seconds or you can press any key to advance now.</p>","response":" ","trial_type":"html-keyboard-response","trial_index":6,"time_elapsed":333704,"internal_node_id":"0.0-7.0"},{"view_history":[{"page_index":0,"viewing_time":23906}],"rt":23906,"trial_type":"instructions","trial_index":7,"time_elapsed":357610,"internal_node_id":"0.0-8.0"},{"rt":12893,"url":"../static/nodeGraphs.html","edge":"1to4","edgeRT":"9438","skip":"false","flipped":"False","index":"0","edgeClickLog":"[{\"edgeSelection\":\"1to4\",\"edgeRTMS\":9438}]","trial_id":"cong_0","congruency":"C","task":"experiment","subjectId":"cfnwmhtnrvf3dg5","trial_type":"external-html","trial_index":8,"time_elapsed":370672,"internal_node_id":"0.0-9.0-0.0"},{"rt":13267,"url":"../static/nodeGraphs.html","edge":"1to4","edgeRT":"10036","skip":"false","flipped":"False","index":"8","edgeClickLog":"[{\"edgeSelection\":\"1to4\",\"edgeRTMS\":10036}]","trial_id":"cong_8","congruency":"C","task":"experiment","subjectId":"cfnwmhtnrvf3dg5","trial_type":"external-html","trial_index":9,"time_elapsed":384617,"internal_node_id":"0.0-9.0-0.1"},{"rt":18309,"url":"../static/nodeGraphs.html","edge":"2to4","edgeRT":"16780","skip":"false","flipped":"False","index":"7","edgeClickLog":"[{\"edgeSelection\":\"2to4\",\"edgeRTMS\":16780}]","trial_id":"cong_7","congruency":"C","task":"experiment","subjectId":"cfnwmhtnrvf3dg5","trial_type":"external-html","trial_index":10,"time_elapsed":403594,"internal_node_id":"0.0-9.0-0.2"},{"rt":12636,"url":"../static/nodeGraphs.html","edge":"0to3","edgeRT":"10551","skip":"false","flipped":"True","index":"15","edgeClickLog":"[{\"edgeSelection\":\"0to3\",\"edgeRTMS\":10551}]","trial_id":"cong_5_flipped","congruency":"C","task":"experiment","subjectId":"cfnwmhtnrvf3dg5","trial_type":"external-html","trial_index":11,"time_elapsed":416916,"internal_node_id":"0.0-9.0-0.3"},{"rt":12820,"url":"../static/nodeGraphs.html","edge":"3to6","edgeRT":"8869","skip":"false","flipped":"True","index":"18","edgeClickLog":"[{\"edgeSelection\":\"3to6\",\"edgeRTMS\":8869}]","trial_id":"cong_8_flipped","congruency":"C","task":"experiment","subjectId":"cfnwmhtnrvf3dg5","trial_type":"external-html","trial_index":12,"time_elapsed":430606,"internal_node_id":"0.0-9.0-0.4"},{"rt":8839,"url":"../static/nodeGraphs.html","edge":"2to5","edgeRT":"6797","skip":"false","flipped":"True","index":"16","edgeClickLog":"[{\"edgeSelection\":\"2to5\",\"edgeRTMS\":6797}]","trial_id":"cong_6_flipped","congruency":"C","task":"experiment","subjectId":"cfnwmhtnrvf3dg5","trial_type":"external-html","trial_index":13,"time_elapsed":440114,"internal_node_id":"0.0-9.0-0.5"},{"rt":10814,"url":"../static/nodeGraphs.html","edge":"5to9","edgeRT":"8132","skip":"false","flipped":"False","index":"2","edgeClickLog":"[{\"edgeSelection\":\"5to9\",\"edgeRTMS\":8132}]","trial_id":"cong_2","congruency":"C","task":"experiment","subjectId":"cfnwmhtnrvf3dg5","trial_type":"external-html","trial_index":14,"time_elapsed":451600,"internal_node_id":"0.0-9.0-0.6"},{"rt":12914,"url":"../static/nodeGraphs.html","edge":"2to6","edgeRT":"11670","skip":"false","flipped":"True","index":"17","edgeClickLog":"[{\"edgeSelection\":\"2to6\",\"edgeRTMS\":11670}]","trial_id":"cong_7_flipped","congruency":"C","task":"experiment","subjectId":"cfnwmhtnrvf3dg5","trial_type":"external-html","trial_index":15,"time_elapsed":465194,"internal_node_id":"0.0-9.0-0.7"},{"rt":8391,"url":"../static/nodeGraphs.html","edge":"2to6","edgeRT":"6276","skip":"false","flipped":"False","index":"1","edgeClickLog":"[{\"edgeSelection\":\"2to6\",\"edgeRTMS\":6276}]","trial_id":"cong_1","congruency":"C","task":"experiment","subjectId":"cfnwmhtnrvf3dg5","trial_type":"external-html","trial_index":16,"time_elapsed":474258,"internal_node_id":"0.0-9.0-0.8"},{"rt":6449,"url":"../static/nodeGraphs.html","edge":"2to5","edgeRT":"4163","skip":"false","flipped":"False","index":"9","edgeClickLog":"[{\"edgeSelection\":\"2to5\",\"edgeRTMS\":4163}]","trial_id":"cong_9","congruency":"C","task":"experiment","subjectId":"cfnwmhtnrvf3dg5","trial_type":"external-html","trial_index":17,"time_elapsed":481380,"internal_node_id":"0.0-9.0-0.9"},{"rt":6403,"url":"../static/nodeGraphs.html","edge":"2to4","edgeRT":"4011","skip":"false","flipped":"False","index":"4","edgeClickLog":"[{\"edgeSelection\":\"2to4\",\"edgeRTMS\":4011}]","trial_id":"cong_4","congruency":"C","task":"experiment","subjectId":"cfnwmhtnrvf3dg5","trial_type":"external-html","trial_index":18,"time_elapsed":488463,"internal_node_id":"0.0-9.0-0.10"},{"rt":4172,"url":"../static/nodeGraphs.html","edge":"3to6","edgeRT":"3017","skip":"false","flipped":"True","index":"10","edgeClickLog":"[{\"edgeSelection\":\"3to6\",\"edgeRTMS\":3017}]","trial_id":"cong_0_flipped","congruency":"C","task":"experiment","subjectId":"cfnwmhtnrvf3dg5","trial_type":"external-html","trial_index":19,"time_elapsed":493320,"internal_node_id":"0.0-9.0-0.11"},{"rt":8364,"url":"../static/nodeGraphs.html","edge":"0to1","edgeRT":"5499","skip":"false","flipped":"False","index":"5","edgeClickLog":"[{\"edgeSelection\":\"0to1\",\"edgeRTMS\":5499}]","trial_id":"cong_5","congruency":"C","task":"experiment","subjectId":"cfnwmhtnrvf3dg5","trial_type":"external-html","trial_index":20,"time_elapsed":502366,"internal_node_id":"0.0-9.0-0.12"},{"rt":5597,"url":"../static/nodeGraphs.html","edge":"2to5","edgeRT":"4180","skip":"false","flipped":"False","index":"6","edgeClickLog":"[{\"edgeSelection\":\"2to5\",\"edgeRTMS\":4180}]","trial_id":"cong_6","congruency":"C","task":"experiment","subjectId":"cfnwmhtnrvf3dg5","trial_type":"external-html","trial_index":21,"time_elapsed":508702,"internal_node_id":"0.0-9.0-0.13"},{"rt":8791,"url":"../static/nodeGraphs.html","edge":"3to5","edgeRT":"6580","skip":"false","flipped":"False","index":"3","edgeClickLog":"[{\"edgeSelection\":\"3to5\",\"edgeRTMS\":6580}]","trial_id":"cong_3","congruency":"C","task":"experiment","subjectId":"cfnwmhtnrvf3dg5","trial_type":"external-html","trial_index":22,"time_elapsed":518166,"internal_node_id":"0.0-9.0-0.14"},{"rt":4748,"url":"../static/nodeGraphs.html","edge":"2to6","edgeRT":"3641","skip":"false","flipped":"True","index":"14","edgeClickLog":"[{\"edgeSelection\":\"2to6\",\"edgeRTMS\":3641}]","trial_id":"cong_4_flipped","congruency":"C","task":"experiment","subjectId":"cfnwmhtnrvf3dg5","trial_type":"external-html","trial_index":23,"time_elapsed":523594,"internal_node_id":"0.0-9.0-0.15"},{"rt":6197,"url":"../static/nodeGraphs.html","edge":"2to4","edgeRT":"4052","skip":"false","flipped":"True","index":"11","edgeClickLog":"[{\"edgeSelection\":\"2to4\",\"edgeRTMS\":4052}]","trial_id":"cong_1_flipped","congruency":"C","task":"experiment","subjectId":"cfnwmhtnrvf3dg5","trial_type":"external-html","trial_index":24,"time_elapsed":530462,"internal_node_id":"0.0-9.0-0.16"},{"rt":7409,"url":"../static/nodeGraphs.html","edge":"1to5","edgeRT":"5015","skip":"false","flipped":"True","index":"13","edgeClickLog":"[{\"edgeSelection\":\"1to5\",\"edgeRTMS\":5015}]","trial_id":"cong_3_flipped","congruency":"C","task":"experiment","subjectId":"cfnwmhtnrvf3dg5","trial_type":"external-html","trial_index":25,"time_elapsed":538646,"internal_node_id":"0.0-9.0-0.17"},{"rt":11737,"url":"../static/nodeGraphs.html","edge":"5to7","edgeRT":"7545","skip":"false","flipped":"True","index":"12","edgeClickLog":"[{\"edgeSelection\":\"5to7\",\"edgeRTMS\":7545}]","trial_id":"cong_2_flipped","congruency":"C","task":"experiment","subjectId":"cfnwmhtnrvf3dg5","trial_type":"external-html","trial_index":26,"time_elapsed":551142,"internal_node_id":"0.0-9.0-0.18"},{"rt":4844,"url":"../static/nodeGraphs.html","edge":"2to5","edgeRT":"3202","skip":"false","flipped":"True","index":"19","edgeClickLog":"[{\"edgeSelection\":\"2to5\",\"edgeRTMS\":3202}]","trial_id":"cong_9_flipped","congruency":"C","task":"experiment","subjectId":"cfnwmhtnrvf3dg5","trial_type":"external-html","trial_index":27,"time_elapsed":556660,"internal_node_id":"0.0-9.0-0.19"},{"rt":13577,"url":"../static/nodeGraphs.html","edge":"0to1","edgeRT":"9920","skip":"false","flipped":"False","index":"20","edgeClickLog":"[{\"edgeSelection\":\"0to1\",\"edgeRTMS\":9920}]","trial_id":"test_0","congruency":"I","task":"experiment","subjectId":"cfnwmhtnrvf3dg5","trial_type":"external-html","trial_index":28,"time_elapsed":570923,"internal_node_id":"0.0-9.0-0.20"},{"rt":20405,"url":"../static/nodeGraphs.html","edge":"0to3","edgeRT":"17160","skip":"false","flipped":"False","index":"21","edgeClickLog":"[{\"edgeSelection\":\"2to6\",\"edgeRTMS\":10853},{\"edgeSelection\":\"0to3\",\"edgeRTMS\":17160}]","trial_id":"test_1","congruency":"I","task":"experiment","subjectId":"cfnwmhtnrvf3dg5","trial_type":"external-html","trial_index":29,"time_elapsed":592148,"internal_node_id":"0.0-9.0-0.21"},{"rt":9072,"url":"../static/nodeGraphs.html","edge":"0to3","edgeRT":"6461","skip":"false","flipped":"False","index":"22","edgeClickLog":"[{\"edgeSelection\":\"0to3\",\"edgeRTMS\":6461}]","trial_id":"test_2","congruency":"I","task":"experiment","subjectId":"cfnwmhtnrvf3dg5","trial_type":"external-html","trial_index":30,"time_elapsed":601994,"internal_node_id":"0.0-9.0-0.22"},{"rt":10728,"url":"../static/nodeGraphs.html","edge":"5to9","edgeRT":"8914","skip":"false","flipped":"False","index":"23","edgeClickLog":"[{\"edgeSelection\":\"5to9\",\"edgeRTMS\":8914}]","trial_id":"test_3","congruency":"I","task":"experiment","subjectId":"cfnwmhtnrvf3dg5","trial_type":"external-html","trial_index":31,"time_elapsed":613400,"internal_node_id":"0.0-9.0-0.23"},{"rt":10258,"url":"../static/nodeGraphs.html","edge":"1to5","edgeRT":"7434","skip":"false","flipped":"False","index":"24","edgeClickLog":"[{\"edgeSelection\":\"1to5\",\"edgeRTMS\":7434}]","trial_id":"test_4","congruency":"I","task":"experiment","subjectId":"cfnwmhtnrvf3dg5","trial_type":"external-html","trial_index":32,"time_elapsed":624524,"internal_node_id":"0.0-9.0-0.24"},{"rt":357676,"response":{"P0_Q0":null,"P0_Q1":5,"P0_Q2":7,"P0_Q3":7,"P0_Q4":6,"P0_Q5":2,"strategies":"I first looked for the largest amount of points that could be gained by changing just one part of the student's path and then directed the student there. If there wasn't one change which was guarateed to increase points, I chose a path next to one of the largest sources of points.","feedback":"No"},"accuracy":[],"trial_type":"survey","trial_index":33,"time_elapsed":982747,"internal_node_id":"0.0-10.0"},{"rt":4988,"stimulus":"<p>Thanks for your time!</p>        <p>We need to manually calculate your bonus pay, please give us up to 7 days.</p><p>Press any key to conclude.</p>","response":" ","task":"end","subjectId":"cfnwmhtnrvf3dg5","trial_type":"html-keyboard-response","trial_index":34,"time_elapsed":987736,"internal_node_id":"0.0-11.0","interactions":"[{\"event\":\"fullscreenenter\",\"trial\":1,\"time\":5770}]"}]