[{"success":true,"timeout":false,"failed_images":[],"failed_audio":[],"failed_video":[],"trial_type":"preload","trial_index":0,"time_elapsed":764,"internal_node_id":"0.0-0.0"},{"success":true,"trial_type":"fullscreen","trial_index":1,"time_elapsed":13078,"internal_node_id":"0.0-1.0"},{"rt":5265,"stimulus":"Welcome to the experiment. Press any key to begin.","response":"shift","trial_type":"html-keyboard-response","trial_index":2,"time_elapsed":18344,"internal_node_id":"0.0-2.0"},{"view_history":[{"page_index":0,"viewing_time":5885},{"page_index":1,"viewing_time":6382},{"page_index":2,"viewing_time":28924},{"page_index":3,"viewing_time":2821},{"page_index":4,"viewing_time":2909},{"page_index":5,"viewing_time":2167},{"page_index":6,"viewing_time":2085},{"page_index":7,"viewing_time":16651},{"page_index":8,"viewing_time":23489},{"page_index":9,"viewing_time":11598},{"page_index":10,"viewing_time":2761},{"page_index":11,"viewing_time":1088},{"page_index":12,"viewing_time":418},{"page_index":13,"viewing_time":1962},{"page_index":14,"viewing_time":4629},{"page_index":15,"viewing_time":6410},{"page_index":16,"viewing_time":707},{"page_index":17,"viewing_time":384},{"page_index":18,"viewing_time":629},{"page_index":19,"viewing_time":3232},{"page_index":20,"viewing_time":10688},{"page_index":21,"viewing_time":5255}],"rt":141071,"trial_type":"instructions","trial_index":3,"time_elapsed":159416,"internal_node_id":"0.0-3.0"},{"rt":78949,"url":"../static/nodeGraphsTraining.html","skip":[],"edgeClickLog":[],"trial_type":"external-html","trial_index":4,"time_elapsed":238518,"internal_node_id":"0.0-4.0"},{"rt":40447,"response":{"q1":"The goal is to help the student to get the most points","q2":"False","q3":"Possible paths you, as the teacher, can choose to teach the learner.","q4":"Paths that the student took before."},"question_order":[0,1,2,3],"trial_type":"survey-multi-choice","trial_index":5,"time_elapsed":278968,"internal_node_id":"0.0-5.0"},{"rt":5590,"stimulus":"<p>You can take a 60 second break before starting the experiment.</p><br><br><p>This page will advance in 60 seconds or you can press any key to advance now.</p>","response":"shift","trial_type":"html-keyboard-response","trial_index":6,"time_elapsed":284559,"internal_node_id":"0.0-7.0"},{"view_history":[{"page_index":0,"viewing_time":21456}],"rt":21456,"trial_type":"instructions","trial_index":7,"time_elapsed":306015,"internal_node_id":"0.0-8.0"},{"rt":6516,"url":"../static/nodeGraphs.html","edge":"0to3","edgeRT":"5393","skip":"false","flipped":"True","index":"10","edgeClickLog":"[{\"edgeSelection\":\"0to3\",\"edgeRTMS\":5393}]","trial_id":"incong_0_flipped","congruency":"I","task":"experiment","subjectId":"jmqtam9d4rejxw5","trial_type":"external-html","trial_index":8,"time_elapsed":312622,"internal_node_id":"0.0-9.0-0.0"},{"rt":6237,"url":"../static/nodeGraphs.html","edge":"3to5","edgeRT":"5220","skip":"false","flipped":"True","index":"19","edgeClickLog":"[{\"edgeSelection\":\"3to5\",\"edgeRTMS\":5220}]","trial_id":"incong_9_flipped","congruency":"I","task":"experiment","subjectId":"jmqtam9d4rejxw5","trial_type":"external-html","trial_index":9,"time_elapsed":319461,"internal_node_id":"0.0-9.0-0.1"},{"rt":6759,"url":"../static/nodeGraphs.html","edge":"2to6","edgeRT":"5721","skip":"false","flipped":"True","index":"11","edgeClickLog":"[{\"edgeSelection\":\"2to6\",\"edgeRTMS\":5721}]","trial_id":"incong_1_flipped","congruency":"I","task":"experiment","subjectId":"jmqtam9d4rejxw5","trial_type":"external-html","trial_index":10,"time_elapsed":326837,"internal_node_id":"0.0-9.0-0.2"},{"rt":8336,"url":"../static/nodeGraphs.html","edge":"2to6","edgeRT":"6677","skip":"false","flipped":"False","index":"3","edgeClickLog":"[{\"edgeSelection\":\"2to6\",\"edgeRTMS\":6677}]","trial_id":"incong_3","congruency":"I","task":"experiment","subjectId":"jmqtam9d4rejxw5","trial_type":"external-html","trial_index":11,"time_elapsed":335809,"internal_node_id":"0.0-9.0-0.3"},{"rt":11690,"url":"../static/nodeGraphs.html","edge":"0to1","edgeRT":"7374","skip":"false","flipped":"False","index":"2","edgeClickLog":"[{\"edgeSelection\":\"0to1\",\"edgeRTMS\":7374}]","trial_id":"incong_2","congruency":"I","task":"experiment","subjectId":"jmqtam9d4rejxw5","trial_type":"external-html","trial_index":12,"time_elapsed":348130,"internal_node_id":"0.0-9.0-0.4"},{"rt":5920,"url":"../static/nodeGraphs.html","edge":"0to1","edgeRT":"4708","skip":"false","flipped":"False","index":"6","edgeClickLog":"[{\"edgeSelection\":\"0to1\",\"edgeRTMS\":4708}]","trial_id":"incong_6","congruency":"I","task":"experiment","subjectId":"jmqtam9d4rejxw5","trial_type":"external-html","trial_index":13,"time_elapsed":354684,"internal_node_id":"0.0-9.0-0.5"},{"rt":5548,"url":"../static/nodeGraphs.html","edge":"0to2","edgeRT":"4153","skip":"false","flipped":"True","index":"13","edgeClickLog":"[{\"edgeSelection\":\"0to2\",\"edgeRTMS\":4153}]","trial_id":"incong_3_flipped","congruency":"I","task":"experiment","subjectId":"jmqtam9d4rejxw5","trial_type":"external-html","trial_index":14,"time_elapsed":360820,"internal_node_id":"0.0-9.0-0.6"},{"rt":7246,"url":"../static/nodeGraphs.html","edge":"0to1","edgeRT":"5752","skip":"false","flipped":"False","index":"8","edgeClickLog":"[{\"edgeSelection\":\"0to1\",\"edgeRTMS\":5752}]","trial_id":"incong_8","congruency":"I","task":"experiment","subjectId":"jmqtam9d4rejxw5","trial_type":"external-html","trial_index":15,"time_elapsed":368674,"internal_node_id":"0.0-9.0-0.7"},{"rt":16297,"url":"../static/nodeGraphs.html","edge":"2to6","edgeRT":"15130","skip":"false","flipped":"False","index":"7","edgeClickLog":"[{\"edgeSelection\":\"2to6\",\"edgeRTMS\":14354},{\"edgeSelection\":\"2to6\",\"edgeRTMS\":15130}]","trial_id":"incong_7","congruency":"I","task":"experiment","subjectId":"jmqtam9d4rejxw5","trial_type":"external-html","trial_index":16,"time_elapsed":385637,"internal_node_id":"0.0-9.0-0.8"},{"rt":7379,"url":"../static/nodeGraphs.html","edge":"0to1","edgeRT":"4525","skip":"false","flipped":"False","index":"4","edgeClickLog":"[{\"edgeSelection\":\"0to1\",\"edgeRTMS\":4525}]","trial_id":"incong_4","congruency":"I","task":"experiment","subjectId":"jmqtam9d4rejxw5","trial_type":"external-html","trial_index":17,"time_elapsed":393639,"internal_node_id":"0.0-9.0-0.9"},{"rt":6512,"url":"../static/nodeGraphs.html","edge":"0to2","edgeRT":"5178","skip":"false","flipped":"True","index":"17","edgeClickLog":"[{\"edgeSelection\":\"0to2\",\"edgeRTMS\":5178}]","trial_id":"incong_7_flipped","congruency":"I","task":"experiment","subjectId":"jmqtam9d4rejxw5","trial_type":"external-html","trial_index":18,"time_elapsed":400818,"internal_node_id":"0.0-9.0-0.10"},{"rt":11788,"url":"../static/nodeGraphs.html","edge":"0to2","edgeRT":"8739","skip":"false","flipped":"True","index":"15","edgeClickLog":"[{\"edgeSelection\":\"0to2\",\"edgeRTMS\":8739}]","trial_id":"incong_5_flipped","congruency":"I","task":"experiment","subjectId":"jmqtam9d4rejxw5","trial_type":"external-html","trial_index":19,"time_elapsed":413248,"internal_node_id":"0.0-9.0-0.11"},{"rt":9998,"url":"../static/nodeGraphs.html","edge":"0to1","edgeRT":"8905","skip":"false","flipped":"False","index":"0","edgeClickLog":"[{\"edgeSelection\":\"0to1\",\"edgeRTMS\":8905}]","trial_id":"incong_0","congruency":"I","task":"experiment","subjectId":"jmqtam9d4rejxw5","trial_type":"external-html","trial_index":20,"time_elapsed":423911,"internal_node_id":"0.0-9.0-0.12"},{"rt":9305,"url":"../static/nodeGraphs.html","edge":"6to8","edgeRT":"8584","skip":"false","flipped":"True","index":"16","edgeClickLog":"[{\"edgeSelection\":\"6to8\",\"edgeRTMS\":4789},{\"edgeSelection\":\"6to8\",\"edgeRTMS\":8584}]","trial_id":"incong_6_flipped","congruency":"I","task":"experiment","subjectId":"jmqtam9d4rejxw5","trial_type":"external-html","trial_index":21,"time_elapsed":433888,"internal_node_id":"0.0-9.0-0.13"},{"rt":12321,"url":"../static/nodeGraphs.html","edge":"0to1","edgeRT":"10599","skip":"false","flipped":"False","index":"1","edgeClickLog":"[{\"edgeSelection\":\"0to1\",\"edgeRTMS\":10599}]","trial_id":"incong_1","congruency":"I","task":"experiment","subjectId":"jmqtam9d4rejxw5","trial_type":"external-html","trial_index":22,"time_elapsed":446854,"internal_node_id":"0.0-9.0-0.14"},{"rt":10267,"url":"../static/nodeGraphs.html","edge":"0to3","edgeRT":"4091","skip":"false","flipped":"True","index":"18","edgeClickLog":"[{\"edgeSelection\":\"0to3\",\"edgeRTMS\":4091}]","trial_id":"incong_8_flipped","congruency":"I","task":"experiment","subjectId":"jmqtam9d4rejxw5","trial_type":"external-html","trial_index":23,"time_elapsed":457766,"internal_node_id":"0.0-9.0-0.15"},{"rt":11979,"url":"../static/nodeGraphs.html","edge":"3to5","edgeRT":"10860","skip":"false","flipped":"True","index":"14","edgeClickLog":"[{\"edgeSelection\":\"3to5\",\"edgeRTMS\":10860}]","trial_id":"incong_4_flipped","congruency":"I","task":"experiment","subjectId":"jmqtam9d4rejxw5","trial_type":"external-html","trial_index":24,"time_elapsed":470373,"internal_node_id":"0.0-9.0-0.16"},{"rt":13056,"url":"../static/nodeGraphs.html","edge":"0to2","edgeRT":"9328","skip":"false","flipped":"False","index":"5","edgeClickLog":"[{\"edgeSelection\":\"0to2\",\"edgeRTMS\":9328}]","trial_id":"incong_5","congruency":"I","task":"experiment","subjectId":"jmqtam9d4rejxw5","trial_type":"external-html","trial_index":25,"time_elapsed":484089,"internal_node_id":"0.0-9.0-0.17"},{"rt":13313,"url":"../static/nodeGraphs.html","edge":"0to2","edgeRT":"12355","skip":"false","flipped":"False","index":"9","edgeClickLog":"[{\"edgeSelection\":\"0to2\",\"edgeRTMS\":12355}]","trial_id":"incong_9","congruency":"I","task":"experiment","subjectId":"jmqtam9d4rejxw5","trial_type":"external-html","trial_index":26,"time_elapsed":498079,"internal_node_id":"0.0-9.0-0.18"},{"rt":11408,"url":"../static/nodeGraphs.html","edge":"0to3","edgeRT":"8544","skip":"false","flipped":"True","index":"12","edgeClickLog":"[{\"edgeSelection\":\"0to3\",\"edgeRTMS\":8544}]","trial_id":"incong_2_flipped","congruency":"I","task":"experiment","subjectId":"jmqtam9d4rejxw5","trial_type":"external-html","trial_index":27,"time_elapsed":510134,"internal_node_id":"0.0-9.0-0.19"},{"rt":13398,"url":"../static/nodeGraphs.html","edge":"2to6","edgeRT":"10494","skip":"false","flipped":"False","index":"20","edgeClickLog":"[{\"edgeSelection\":\"2to6\",\"edgeRTMS\":10494}]","trial_id":"test_0","congruency":"I","task":"experiment","subjectId":"jmqtam9d4rejxw5","trial_type":"external-html","trial_index":28,"time_elapsed":524205,"internal_node_id":"0.0-9.0-0.20"},{"rt":16001,"url":"../static/nodeGraphs.html","edge":"0to3","edgeRT":"14111","skip":"false","flipped":"False","index":"21","edgeClickLog":"[{\"edgeSelection\":\"0to3\",\"edgeRTMS\":14111}]","trial_id":"test_1","congruency":"I","task":"experiment","subjectId":"jmqtam9d4rejxw5","trial_type":"external-html","trial_index":29,"time_elapsed":540889,"internal_node_id":"0.0-9.0-0.21"},{"rt":12480,"url":"../static/nodeGraphs.html","edge":"0to3","edgeRT":"7878","skip":"false","flipped":"False","index":"22","edgeClickLog":"[{\"edgeSelection\":\"0to3\",\"edgeRTMS\":7878}]","trial_id":"test_2","congruency":"I","task":"experiment","subjectId":"jmqtam9d4rejxw5","trial_type":"external-html","trial_index":30,"time_elapsed":554047,"internal_node_id":"0.0-9.0-0.22"},{"rt":5117,"url":"../static/nodeGraphs.html","edge":"0to1","edgeRT":"4123","skip":"false","flipped":"False","index":"23","edgeClickLog":"[{\"edgeSelection\":\"0to1\",\"edgeRTMS\":4123}]","trial_id":"test_3","congruency":"I","task":"experiment","subjectId":"jmqtam9d4rejxw5","trial_type":"external-html","trial_index":31,"time_elapsed":559815,"internal_node_id":"0.0-9.0-0.23"},{"rt":14267,"url":"../static/nodeGraphs.html","edge":"1to5","edgeRT":"12437","skip":"false","flipped":"False","index":"24","edgeClickLog":"[{\"edgeSelection\":\"1to5\",\"edgeRTMS\":12437}]","trial_id":"test_4","congruency":"I","task":"experiment","subjectId":"jmqtam9d4rejxw5","trial_type":"external-html","trial_index":32,"time_elapsed":574796,"internal_node_id":"0.0-9.0-0.24"},{"rt":64282,"response":{"P0_Q0":null,"P0_Q1":4,"P0_Q2":7,"P0_Q3":6,"P0_Q4":5,"P0_Q5":4,"strategies":"chose options that limited students to fewer paths, i.e. edge rather than center","feedback":""},"accuracy":[],"trial_type":"survey","trial_index":33,"time_elapsed":639645,"internal_node_id":"0.0-10.0"},{"rt":5127,"stimulus":"<p>Thanks for your time!</p>        <p>We need to manually calculate your bonus pay, please give us up to 7 days.</p><p>Press any key to conclude.</p>","response":"shift","task":"end","subjectId":"jmqtam9d4rejxw5","trial_type":"html-keyboard-response","trial_index":34,"time_elapsed":644773,"internal_node_id":"0.0-11.0","interactions":"[{\"event\":\"fullscreenenter\",\"trial\":1,\"time\":12090}]"}]