[{"success":true,"timeout":false,"failed_images":[],"failed_audio":[],"failed_video":[],"trial_type":"preload","trial_index":0,"time_elapsed":225,"internal_node_id":"0.0-0.0"},{"success":true,"trial_type":"fullscreen","trial_index":1,"time_elapsed":3753,"internal_node_id":"0.0-1.0"},{"rt":1841,"stimulus":"Welcome to the experiment. Press any key to begin.","response":" ","trial_type":"html-keyboard-response","trial_index":2,"time_elapsed":5596,"internal_node_id":"0.0-2.0"},{"view_history":[{"page_index":0,"viewing_time":5267},{"page_index":1,"viewing_time":6091},{"page_index":2,"viewing_time":30047},{"page_index":3,"viewing_time":7120},{"page_index":4,"viewing_time":1990},{"page_index":5,"viewing_time":1493},{"page_index":6,"viewing_time":1970},{"page_index":7,"viewing_time":9845},{"page_index":8,"viewing_time":12692},{"page_index":7,"viewing_time":2996},{"page_index":8,"viewing_time":11914},{"page_index":9,"viewing_time":8661},{"page_index":10,"viewing_time":3277},{"page_index":11,"viewing_time":1550},{"page_index":12,"viewing_time":1013},{"page_index":13,"viewing_time":1386},{"page_index":14,"viewing_time":2470},{"page_index":15,"viewing_time":4226},{"page_index":16,"viewing_time":5664},{"page_index":17,"viewing_time":2172},{"page_index":18,"viewing_time":1490},{"page_index":19,"viewing_time":4802},{"page_index":20,"viewing_time":6153},{"page_index":21,"viewing_time":3410}],"rt":137698,"trial_type":"instructions","trial_index":3,"time_elapsed":143294,"internal_node_id":"0.0-3.0"},{"rt":81685,"url":"../static/nodeGraphsTraining.html","skip":[],"edgeClickLog":[],"trial_type":"external-html","trial_index":4,"time_elapsed":225078,"internal_node_id":"0.0-4.0"},{"rt":22105,"response":{"q1":"The goal is to help the student to get the most points","q2":"False","q3":"Possible paths you, as the teacher, can choose to teach the learner.","q4":"Paths that the student took before."},"question_order":[0,1,2,3],"trial_type":"survey-multi-choice","trial_index":5,"time_elapsed":247188,"internal_node_id":"0.0-5.0"},{"rt":12163,"stimulus":"<p>You can take a 60 second break before starting the experiment.</p><br><br><p>This page will advance in 60 seconds or you can press any key to advance now.</p>","response":" ","trial_type":"html-keyboard-response","trial_index":6,"time_elapsed":259354,"internal_node_id":"0.0-7.0"},{"view_history":[{"page_index":0,"viewing_time":20374}],"rt":20374,"trial_type":"instructions","trial_index":7,"time_elapsed":279728,"internal_node_id":"0.0-8.0"},{"rt":17468,"url":"../static/nodeGraphs.html","edge":"2to4","edgeRT":"15370","skip":"false","flipped":"False","index":"7","edgeClickLog":"[{\"edgeSelection\":\"2to4\",\"edgeRTMS\":15370}]","trial_id":"cong_7","congruency":"C","task":"experiment","subjectId":"lcw1e0zlbe4gjax","trial_type":"external-html","trial_index":8,"time_elapsed":297295,"internal_node_id":"0.0-9.0-0.0"},{"rt":11924,"url":"../static/nodeGraphs.html","edge":"5to9","edgeRT":"10502","skip":"false","flipped":"False","index":"2","edgeClickLog":"[{\"edgeSelection\":\"5to9\",\"edgeRTMS\":10502}]","trial_id":"cong_2","congruency":"C","task":"experiment","subjectId":"lcw1e0zlbe4gjax","trial_type":"external-html","trial_index":9,"time_elapsed":309809,"internal_node_id":"0.0-9.0-0.1"},{"rt":7568,"url":"../static/nodeGraphs.html","edge":"1to4","edgeRT":"5897","skip":"false","flipped":"False","index":"8","edgeClickLog":"[{\"edgeSelection\":\"1to4\",\"edgeRTMS\":5897}]","trial_id":"cong_8","congruency":"C","task":"experiment","subjectId":"lcw1e0zlbe4gjax","trial_type":"external-html","trial_index":10,"time_elapsed":317974,"internal_node_id":"0.0-9.0-0.2"},{"rt":6382,"url":"../static/nodeGraphs.html","edge":"2to4","edgeRT":"4894","skip":"false","flipped":"False","index":"4","edgeClickLog":"[{\"edgeSelection\":\"2to4\",\"edgeRTMS\":4894}]","trial_id":"cong_4","congruency":"C","task":"experiment","subjectId":"lcw1e0zlbe4gjax","trial_type":"external-html","trial_index":11,"time_elapsed":324952,"internal_node_id":"0.0-9.0-0.3"},{"rt":10002,"url":"../static/nodeGraphs.html","edge":"2to6","edgeRT":"8596","skip":"false","flipped":"True","index":"17","edgeClickLog":"[{\"edgeSelection\":\"2to6\",\"edgeRTMS\":8596}]","trial_id":"cong_7_flipped","congruency":"C","task":"experiment","subjectId":"lcw1e0zlbe4gjax","trial_type":"external-html","trial_index":12,"time_elapsed":335549,"internal_node_id":"0.0-9.0-0.4"},{"rt":12208,"url":"../static/nodeGraphs.html","edge":"4to7","edgeRT":"10651","skip":"false","flipped":"False","index":"6","edgeClickLog":"[{\"edgeSelection\":\"2to5\",\"edgeRTMS\":5881},{\"edgeSelection\":\"4to7\",\"edgeRTMS\":10651}]","trial_id":"cong_6","congruency":"C","task":"experiment","subjectId":"lcw1e0zlbe4gjax","trial_type":"external-html","trial_index":13,"time_elapsed":348351,"internal_node_id":"0.0-9.0-0.5"},{"rt":6680,"url":"../static/nodeGraphs.html","edge":"2to6","edgeRT":"4884","skip":"false","flipped":"False","index":"1","edgeClickLog":"[{\"edgeSelection\":\"2to6\",\"edgeRTMS\":4884}]","trial_id":"cong_1","congruency":"C","task":"experiment","subjectId":"lcw1e0zlbe4gjax","trial_type":"external-html","trial_index":14,"time_elapsed":355628,"internal_node_id":"0.0-9.0-0.6"},{"rt":6583,"url":"../static/nodeGraphs.html","edge":"2to5","edgeRT":"4325","skip":"false","flipped":"False","index":"9","edgeClickLog":"[{\"edgeSelection\":\"2to5\",\"edgeRTMS\":4325}]","trial_id":"cong_9","congruency":"C","task":"experiment","subjectId":"lcw1e0zlbe4gjax","trial_type":"external-html","trial_index":15,"time_elapsed":362805,"internal_node_id":"0.0-9.0-0.7"},{"rt":6795,"url":"../static/nodeGraphs.html","edge":"1to5","edgeRT":"4016","skip":"false","flipped":"True","index":"13","edgeClickLog":"[{\"edgeSelection\":\"1to5\",\"edgeRTMS\":4016}]","trial_id":"cong_3_flipped","congruency":"C","task":"experiment","subjectId":"lcw1e0zlbe4gjax","trial_type":"external-html","trial_index":16,"time_elapsed":370193,"internal_node_id":"0.0-9.0-0.8"},{"rt":6198,"url":"../static/nodeGraphs.html","edge":"3to6","edgeRT":"4835","skip":"false","flipped":"True","index":"18","edgeClickLog":"[{\"edgeSelection\":\"3to6\",\"edgeRTMS\":4835}]","trial_id":"cong_8_flipped","congruency":"C","task":"experiment","subjectId":"lcw1e0zlbe4gjax","trial_type":"external-html","trial_index":17,"time_elapsed":376989,"internal_node_id":"0.0-9.0-0.9"},{"rt":5942,"url":"../static/nodeGraphs.html","edge":"3to6","edgeRT":"3817","skip":"false","flipped":"True","index":"10","edgeClickLog":"[{\"edgeSelection\":\"3to6\",\"edgeRTMS\":3817}]","trial_id":"cong_0_flipped","congruency":"C","task":"experiment","subjectId":"lcw1e0zlbe4gjax","trial_type":"external-html","trial_index":18,"time_elapsed":383528,"internal_node_id":"0.0-9.0-0.10"},{"rt":8240,"url":"../static/nodeGraphs.html","edge":"0to1","edgeRT":"7037","skip":"false","flipped":"False","index":"5","edgeClickLog":"[{\"edgeSelection\":\"0to1\",\"edgeRTMS\":7037}]","trial_id":"cong_5","congruency":"C","task":"experiment","subjectId":"lcw1e0zlbe4gjax","trial_type":"external-html","trial_index":19,"time_elapsed":392360,"internal_node_id":"0.0-9.0-0.11"},{"rt":7529,"url":"../static/nodeGraphs.html","edge":"2to4","edgeRT":"5747","skip":"false","flipped":"True","index":"11","edgeClickLog":"[{\"edgeSelection\":\"2to4\",\"edgeRTMS\":5747}]","trial_id":"cong_1_flipped","congruency":"C","task":"experiment","subjectId":"lcw1e0zlbe4gjax","trial_type":"external-html","trial_index":20,"time_elapsed":400489,"internal_node_id":"0.0-9.0-0.12"},{"rt":8307,"url":"../static/nodeGraphs.html","edge":"3to5","edgeRT":"5721","skip":"false","flipped":"False","index":"3","edgeClickLog":"[{\"edgeSelection\":\"3to5\",\"edgeRTMS\":5721}]","trial_id":"cong_3","congruency":"C","task":"experiment","subjectId":"lcw1e0zlbe4gjax","trial_type":"external-html","trial_index":21,"time_elapsed":409396,"internal_node_id":"0.0-9.0-0.13"},{"rt":5204,"url":"../static/nodeGraphs.html","edge":"2to5","edgeRT":"3626","skip":"false","flipped":"True","index":"19","edgeClickLog":"[{\"edgeSelection\":\"2to5\",\"edgeRTMS\":3626}]","trial_id":"cong_9_flipped","congruency":"C","task":"experiment","subjectId":"lcw1e0zlbe4gjax","trial_type":"external-html","trial_index":22,"time_elapsed":415198,"internal_node_id":"0.0-9.0-0.14"},{"rt":5046,"url":"../static/nodeGraphs.html","edge":"2to6","edgeRT":"3650","skip":"false","flipped":"True","index":"14","edgeClickLog":"[{\"edgeSelection\":\"2to6\",\"edgeRTMS\":3650}]","trial_id":"cong_4_flipped","congruency":"C","task":"experiment","subjectId":"lcw1e0zlbe4gjax","trial_type":"external-html","trial_index":23,"time_elapsed":420841,"internal_node_id":"0.0-9.0-0.15"},{"rt":6483,"url":"../static/nodeGraphs.html","edge":"1to4","edgeRT":"4902","skip":"false","flipped":"False","index":"0","edgeClickLog":"[{\"edgeSelection\":\"1to4\",\"edgeRTMS\":4902}]","trial_id":"cong_0","congruency":"C","task":"experiment","subjectId":"lcw1e0zlbe4gjax","trial_type":"external-html","trial_index":24,"time_elapsed":427918,"internal_node_id":"0.0-9.0-0.16"},{"rt":5620,"url":"../static/nodeGraphs.html","edge":"2to5","edgeRT":"3668","skip":"false","flipped":"True","index":"16","edgeClickLog":"[{\"edgeSelection\":\"2to5\",\"edgeRTMS\":3668}]","trial_id":"cong_6_flipped","congruency":"C","task":"experiment","subjectId":"lcw1e0zlbe4gjax","trial_type":"external-html","trial_index":25,"time_elapsed":434137,"internal_node_id":"0.0-9.0-0.17"},{"rt":6834,"url":"../static/nodeGraphs.html","edge":"0to3","edgeRT":"5260","skip":"false","flipped":"True","index":"15","edgeClickLog":"[{\"edgeSelection\":\"0to3\",\"edgeRTMS\":5260}]","trial_id":"cong_5_flipped","congruency":"C","task":"experiment","subjectId":"lcw1e0zlbe4gjax","trial_type":"external-html","trial_index":26,"time_elapsed":441569,"internal_node_id":"0.0-9.0-0.18"},{"rt":11152,"url":"../static/nodeGraphs.html","edge":"5to7","edgeRT":"9315","skip":"false","flipped":"True","index":"12","edgeClickLog":"[{\"edgeSelection\":\"5to7\",\"edgeRTMS\":9315}]","trial_id":"cong_2_flipped","congruency":"C","task":"experiment","subjectId":"lcw1e0zlbe4gjax","trial_type":"external-html","trial_index":27,"time_elapsed":453318,"internal_node_id":"0.0-9.0-0.19"},{"rt":5907,"url":"../static/nodeGraphs.html","edge":"3to6","edgeRT":"4628","skip":"false","flipped":"False","index":"20","edgeClickLog":"[{\"edgeSelection\":\"3to6\",\"edgeRTMS\":4628}]","trial_id":"test_0","congruency":"I","task":"experiment","subjectId":"lcw1e0zlbe4gjax","trial_type":"external-html","trial_index":28,"time_elapsed":459821,"internal_node_id":"0.0-9.0-0.20"},{"rt":6635,"url":"../static/nodeGraphs.html","edge":"4to7","edgeRT":"5400","skip":"false","flipped":"False","index":"21","edgeClickLog":"[{\"edgeSelection\":\"4to7\",\"edgeRTMS\":5400}]","trial_id":"test_1","congruency":"I","task":"experiment","subjectId":"lcw1e0zlbe4gjax","trial_type":"external-html","trial_index":29,"time_elapsed":467050,"internal_node_id":"0.0-9.0-0.21"},{"rt":7702,"url":"../static/nodeGraphs.html","edge":"6to8","edgeRT":"5832","skip":"false","flipped":"False","index":"22","edgeClickLog":"[{\"edgeSelection\":\"6to8\",\"edgeRTMS\":5832}]","trial_id":"test_2","congruency":"I","task":"experiment","subjectId":"lcw1e0zlbe4gjax","trial_type":"external-html","trial_index":30,"time_elapsed":475350,"internal_node_id":"0.0-9.0-0.22"},{"rt":5407,"url":"../static/nodeGraphs.html","edge":"5to9","edgeRT":"3886","skip":"false","flipped":"False","index":"23","edgeClickLog":"[{\"edgeSelection\":\"5to9\",\"edgeRTMS\":3886}]","trial_id":"test_3","congruency":"I","task":"experiment","subjectId":"lcw1e0zlbe4gjax","trial_type":"external-html","trial_index":31,"time_elapsed":481364,"internal_node_id":"0.0-9.0-0.23"},{"rt":9419,"url":"../static/nodeGraphs.html","edge":"5to9","edgeRT":"8105","skip":"false","flipped":"False","index":"24","edgeClickLog":"[{\"edgeSelection\":\"5to9\",\"edgeRTMS\":8105}]","trial_id":"test_4","congruency":"I","task":"experiment","subjectId":"lcw1e0zlbe4gjax","trial_type":"external-html","trial_index":32,"time_elapsed":491379,"internal_node_id":"0.0-9.0-0.24"},{"rt":68175,"response":{"P0_Q0":null,"P0_Q1":4,"P0_Q2":7,"P0_Q3":4,"P0_Q4":5,"P0_Q5":1,"strategies":"If there was an option that guaranteed they could increase their points, I picked that. Otherwise, I tended to pick the highest path that could potentially increase their points.","feedback":"Nope!"},"accuracy":[],"trial_type":"survey","trial_index":33,"time_elapsed":560098,"internal_node_id":"0.0-10.0"},{"rt":4727,"stimulus":"<p>Thanks for your time!</p>        <p>We need to manually calculate your bonus pay, please give us up to 7 days.</p><p>Press any key to conclude.</p>","response":" ","task":"end","subjectId":"lcw1e0zlbe4gjax","trial_type":"html-keyboard-response","trial_index":34,"time_elapsed":564828,"internal_node_id":"0.0-11.0","interactions":"[{\"event\":\"fullscreenenter\",\"trial\":1,\"time\":2756}]"}]