[{"success":true,"timeout":false,"failed_images":[],"failed_audio":[],"failed_video":[],"trial_type":"preload","trial_index":0,"time_elapsed":1527,"internal_node_id":"0.0-0.0"},{"success":true,"trial_type":"fullscreen","trial_index":1,"time_elapsed":17975,"internal_node_id":"0.0-1.0"},{"rt":51579,"stimulus":"Welcome to the experiment. Press any key to begin.","response":" ","trial_type":"html-keyboard-response","trial_index":2,"time_elapsed":69556,"internal_node_id":"0.0-2.0"},{"view_history":[{"page_index":0,"viewing_time":3567},{"page_index":1,"viewing_time":4396},{"page_index":2,"viewing_time":40242},{"page_index":3,"viewing_time":8039},{"page_index":4,"viewing_time":2767},{"page_index":5,"viewing_time":2011},{"page_index":6,"viewing_time":2799},{"page_index":7,"viewing_time":16344},{"page_index":8,"viewing_time":11508},{"page_index":9,"viewing_time":7473},{"page_index":10,"viewing_time":1162},{"page_index":11,"viewing_time":796},{"page_index":12,"viewing_time":958},{"page_index":13,"viewing_time":1788},{"page_index":14,"viewing_time":4902},{"page_index":15,"viewing_time":7233},{"page_index":16,"viewing_time":1639},{"page_index":17,"viewing_time":468},{"page_index":18,"viewing_time":1023},{"page_index":19,"viewing_time":2375},{"page_index":20,"viewing_time":6367},{"page_index":21,"viewing_time":4910}],"rt":132765,"trial_type":"instructions","trial_index":3,"time_elapsed":202322,"internal_node_id":"0.0-3.0"},{"rt":90609,"url":"../static/nodeGraphsTraining.html","skip":[],"edgeClickLog":[],"trial_type":"external-html","trial_index":4,"time_elapsed":293281,"internal_node_id":"0.0-4.0"},{"rt":32097,"response":{"q1":"The goal is to help the student to get the most points","q2":"False","q3":"Possible paths you, as the teacher, can choose to teach the learner.","q4":"Paths that the student took before."},"question_order":[0,1,2,3],"trial_type":"survey-multi-choice","trial_index":5,"time_elapsed":325381,"internal_node_id":"0.0-5.0"},{"rt":5766,"stimulus":"<p>You can take a 60 second break before starting the experiment.</p><br><br><p>This page will advance in 60 seconds or you can press any key to advance now.</p>","response":" ","trial_type":"html-keyboard-response","trial_index":6,"time_elapsed":331150,"internal_node_id":"0.0-7.0"},{"view_history":[{"page_index":0,"viewing_time":17249}],"rt":17250,"trial_type":"instructions","trial_index":7,"time_elapsed":348400,"internal_node_id":"0.0-8.0"},{"rt":29059,"url":"../static/nodeGraphs.html","edge":"2to6","edgeRT":"19034","skip":"false","flipped":"True","index":"15","edgeClickLog":"[{\"edgeSelection\":\"2to6\",\"edgeRTMS\":14340},{\"edgeSelection\":\"0to2\",\"edgeRTMS\":17875},{\"edgeSelection\":\"2to6\",\"edgeRTMS\":19034}]","trial_id":"incong_5_flipped","congruency":"I","task":"experiment","subjectId":"1zwnchdsl2klvyx","trial_type":"external-html","trial_index":8,"time_elapsed":377637,"internal_node_id":"0.0-9.0-0.0"},{"rt":30001,"url":"../static/nodeGraphs.html","edge":"2to5","edgeRT":"24243","skip":"true","flipped":"True","index":"17","edgeClickLog":"[{\"edgeSelection\":\"2to5\",\"edgeRTMS\":24243}]","trial_id":"incong_7_flipped","congruency":"I","task":"experiment","subjectId":"1zwnchdsl2klvyx","trial_type":"external-html","trial_index":9,"time_elapsed":408312,"internal_node_id":"0.0-9.0-0.1"},{"rt":16049,"url":"../static/nodeGraphs.html","edge":"3to6","edgeRT":"8625","skip":"false","flipped":"True","index":"18","edgeClickLog":"[{\"edgeSelection\":\"3to6\",\"edgeRTMS\":8625}]","trial_id":"incong_8_flipped","congruency":"I","task":"experiment","subjectId":"1zwnchdsl2klvyx","trial_type":"external-html","trial_index":10,"time_elapsed":425048,"internal_node_id":"0.0-9.0-0.2"},{"rt":19216,"url":"../static/nodeGraphs.html","edge":"4to8","edgeRT":"15176","skip":"false","flipped":"False","index":"6","edgeClickLog":"[{\"edgeSelection\":\"0to1\",\"edgeRTMS\":8466},{\"edgeSelection\":\"1to4\",\"edgeRTMS\":9623},{\"edgeSelection\":\"1to4\",\"edgeRTMS\":10822},{\"edgeSelection\":\"4to8\",\"edgeRTMS\":15176}]","trial_id":"incong_6","congruency":"I","task":"experiment","subjectId":"1zwnchdsl2klvyx","trial_type":"external-html","trial_index":11,"time_elapsed":444940,"internal_node_id":"0.0-9.0-0.3"},{"rt":12434,"url":"../static/nodeGraphs.html","edge":"1to5","edgeRT":"5655","skip":"false","flipped":"False","index":"8","edgeClickLog":"[{\"edgeSelection\":\"1to5\",\"edgeRTMS\":5655}]","trial_id":"incong_8","congruency":"I","task":"experiment","subjectId":"1zwnchdsl2klvyx","trial_type":"external-html","trial_index":12,"time_elapsed":458050,"internal_node_id":"0.0-9.0-0.4"},{"rt":11411,"url":"../static/nodeGraphs.html","edge":"5to9","edgeRT":"9493","skip":"false","flipped":"False","index":"4","edgeClickLog":"[{\"edgeSelection\":\"5to9\",\"edgeRTMS\":9493}]","trial_id":"incong_4","congruency":"I","task":"experiment","subjectId":"1zwnchdsl2klvyx","trial_type":"external-html","trial_index":13,"time_elapsed":470133,"internal_node_id":"0.0-9.0-0.5"},{"rt":12053,"url":"../static/nodeGraphs.html","edge":"4to7","edgeRT":"7719","skip":"false","flipped":"False","index":"0","edgeClickLog":"[{\"edgeSelection\":\"4to7\",\"edgeRTMS\":7719}]","trial_id":"incong_0","congruency":"I","task":"experiment","subjectId":"1zwnchdsl2klvyx","trial_type":"external-html","trial_index":14,"time_elapsed":482860,"internal_node_id":"0.0-9.0-0.6"},{"rt":2980,"url":"../static/nodeGraphs.html","edge":"4to8","edgeRT":"1386","skip":"false","flipped":"False","index":"2","edgeClickLog":"[{\"edgeSelection\":\"4to8\",\"edgeRTMS\":1386}]","trial_id":"incong_2","congruency":"I","task":"experiment","subjectId":"1zwnchdsl2klvyx","trial_type":"external-html","trial_index":15,"time_elapsed":486523,"internal_node_id":"0.0-9.0-0.7"},{"rt":15381,"url":"../static/nodeGraphs.html","edge":"5to7","edgeRT":"13718","skip":"false","flipped":"True","index":"14","edgeClickLog":"[{\"edgeSelection\":\"5to7\",\"edgeRTMS\":13718}]","trial_id":"incong_4_flipped","congruency":"I","task":"experiment","subjectId":"1zwnchdsl2klvyx","trial_type":"external-html","trial_index":16,"time_elapsed":502572,"internal_node_id":"0.0-9.0-0.8"},{"rt":18217,"url":"../static/nodeGraphs.html","edge":"6to9","edgeRT":"10026","skip":"false","flipped":"False","index":"1","edgeClickLog":"[{\"edgeSelection\":\"2to4\",\"edgeRTMS\":2018},{\"edgeSelection\":\"2to4\",\"edgeRTMS\":3081},{\"edgeSelection\":\"6to9\",\"edgeRTMS\":10026}]","trial_id":"incong_1","congruency":"I","task":"experiment","subjectId":"1zwnchdsl2klvyx","trial_type":"external-html","trial_index":17,"time_elapsed":521460,"internal_node_id":"0.0-9.0-0.9"},{"rt":12996,"url":"../static/nodeGraphs.html","edge":"2to5","edgeRT":"11380","skip":"false","flipped":"False","index":"3","edgeClickLog":"[{\"edgeSelection\":\"2to5\",\"edgeRTMS\":11380}]","trial_id":"incong_3","congruency":"I","task":"experiment","subjectId":"1zwnchdsl2klvyx","trial_type":"external-html","trial_index":18,"time_elapsed":535131,"internal_node_id":"0.0-9.0-0.10"},{"rt":12233,"url":"../static/nodeGraphs.html","edge":"5to8","edgeRT":"8268","skip":"false","flipped":"False","index":"9","edgeClickLog":"[{\"edgeSelection\":\"5to8\",\"edgeRTMS\":8268}]","trial_id":"incong_9","congruency":"I","task":"experiment","subjectId":"1zwnchdsl2klvyx","trial_type":"external-html","trial_index":19,"time_elapsed":548037,"internal_node_id":"0.0-9.0-0.11"},{"rt":14730,"url":"../static/nodeGraphs.html","edge":"4to7","edgeRT":"6253","skip":"false","flipped":"True","index":"11","edgeClickLog":"[{\"edgeSelection\":\"4to7\",\"edgeRTMS\":6253}]","trial_id":"incong_1_flipped","congruency":"I","task":"experiment","subjectId":"1zwnchdsl2klvyx","trial_type":"external-html","trial_index":20,"time_elapsed":563440,"internal_node_id":"0.0-9.0-0.12"},{"rt":6109,"url":"../static/nodeGraphs.html","edge":"6to8","edgeRT":"3994","skip":"false","flipped":"True","index":"16","edgeClickLog":"[{\"edgeSelection\":\"6to8\",\"edgeRTMS\":3994}]","trial_id":"incong_6_flipped","congruency":"I","task":"experiment","subjectId":"1zwnchdsl2klvyx","trial_type":"external-html","trial_index":21,"time_elapsed":570225,"internal_node_id":"0.0-9.0-0.13"},{"rt":7549,"url":"../static/nodeGraphs.html","edge":"5to8","edgeRT":"5523","skip":"false","flipped":"True","index":"19","edgeClickLog":"[{\"edgeSelection\":\"5to8\",\"edgeRTMS\":5523}]","trial_id":"incong_9_flipped","congruency":"I","task":"experiment","subjectId":"1zwnchdsl2klvyx","trial_type":"external-html","trial_index":22,"time_elapsed":578759,"internal_node_id":"0.0-9.0-0.14"},{"rt":7464,"url":"../static/nodeGraphs.html","edge":"4to8","edgeRT":"4007","skip":"false","flipped":"False","index":"5","edgeClickLog":"[{\"edgeSelection\":\"4to8\",\"edgeRTMS\":4007}]","trial_id":"incong_5","congruency":"I","task":"experiment","subjectId":"1zwnchdsl2klvyx","trial_type":"external-html","trial_index":23,"time_elapsed":586920,"internal_node_id":"0.0-9.0-0.15"},{"rt":10196,"url":"../static/nodeGraphs.html","edge":"6to8","edgeRT":"3445","skip":"false","flipped":"True","index":"10","edgeClickLog":"[{\"edgeSelection\":\"6to8\",\"edgeRTMS\":3445}]","trial_id":"incong_0_flipped","congruency":"I","task":"experiment","subjectId":"1zwnchdsl2klvyx","trial_type":"external-html","trial_index":24,"time_elapsed":597821,"internal_node_id":"0.0-9.0-0.16"},{"rt":15361,"url":"../static/nodeGraphs.html","edge":"6to8","edgeRT":"4957","skip":"false","flipped":"False","index":"7","edgeClickLog":"[{\"edgeSelection\":\"6to8\",\"edgeRTMS\":4957}]","trial_id":"incong_7","congruency":"I","task":"experiment","subjectId":"1zwnchdsl2klvyx","trial_type":"external-html","trial_index":25,"time_elapsed":613854,"internal_node_id":"0.0-9.0-0.17"},{"rt":4154,"url":"../static/nodeGraphs.html","edge":"6to8","edgeRT":"3001","skip":"false","flipped":"True","index":"12","edgeClickLog":"[{\"edgeSelection\":\"6to8\",\"edgeRTMS\":3001}]","trial_id":"incong_2_flipped","congruency":"I","task":"experiment","subjectId":"1zwnchdsl2klvyx","trial_type":"external-html","trial_index":26,"time_elapsed":618683,"internal_node_id":"0.0-9.0-0.18"},{"rt":5230,"url":"../static/nodeGraphs.html","edge":"2to4","edgeRT":"1734","skip":"false","flipped":"True","index":"13","edgeClickLog":"[{\"edgeSelection\":\"2to4\",\"edgeRTMS\":1734}]","trial_id":"incong_3_flipped","congruency":"I","task":"experiment","subjectId":"1zwnchdsl2klvyx","trial_type":"external-html","trial_index":27,"time_elapsed":624595,"internal_node_id":"0.0-9.0-0.19"},{"rt":4816,"url":"../static/nodeGraphs.html","edge":"6to8","edgeRT":"3837","skip":"false","flipped":"False","index":"20","edgeClickLog":"[{\"edgeSelection\":\"6to8\",\"edgeRTMS\":3837}]","trial_id":"test_0","congruency":"I","task":"experiment","subjectId":"1zwnchdsl2klvyx","trial_type":"external-html","trial_index":28,"time_elapsed":630088,"internal_node_id":"0.0-9.0-0.20"},{"rt":11444,"url":"../static/nodeGraphs.html","edge":"3to6","edgeRT":"2523","skip":"false","flipped":"False","index":"21","edgeClickLog":"[{\"edgeSelection\":\"3to6\",\"edgeRTMS\":2523}]","trial_id":"test_1","congruency":"I","task":"experiment","subjectId":"1zwnchdsl2klvyx","trial_type":"external-html","trial_index":29,"time_elapsed":642207,"internal_node_id":"0.0-9.0-0.21"},{"rt":19656,"url":"../static/nodeGraphs.html","edge":"4to7","edgeRT":"11478","skip":"false","flipped":"False","index":"22","edgeClickLog":"[{\"edgeSelection\":\"3to6\",\"edgeRTMS\":1878},{\"edgeSelection\":\"4to7\",\"edgeRTMS\":11478}]","trial_id":"test_2","congruency":"I","task":"experiment","subjectId":"1zwnchdsl2klvyx","trial_type":"external-html","trial_index":30,"time_elapsed":662534,"internal_node_id":"0.0-9.0-0.22"},{"rt":15841,"url":"../static/nodeGraphs.html","edge":"1to5","edgeRT":"4091","skip":"false","flipped":"False","index":"23","edgeClickLog":"[{\"edgeSelection\":\"1to5\",\"edgeRTMS\":4091}]","trial_id":"test_3","congruency":"I","task":"experiment","subjectId":"1zwnchdsl2klvyx","trial_type":"external-html","trial_index":31,"time_elapsed":679047,"internal_node_id":"0.0-9.0-0.23"},{"rt":14288,"url":"../static/nodeGraphs.html","edge":"6to9","edgeRT":"2861","skip":"false","flipped":"False","index":"24","edgeClickLog":"[{\"edgeSelection\":\"6to9\",\"edgeRTMS\":2861}]","trial_id":"test_4","congruency":"I","task":"experiment","subjectId":"1zwnchdsl2klvyx","trial_type":"external-html","trial_index":32,"time_elapsed":694006,"internal_node_id":"0.0-9.0-0.24"},{"rt":33998,"response":{"P0_Q0":null,"P0_Q1":4,"P0_Q2":7,"P0_Q3":5,"P0_Q4":5,"P0_Q5":2,"strategies":"connect the highest points possible","feedback":""},"accuracy":[],"trial_type":"survey","trial_index":33,"time_elapsed":728563,"internal_node_id":"0.0-10.0"},{"rt":4590,"stimulus":"<p>Thanks for your time!</p>        <p>We need to manually calculate your bonus pay, please give us up to 7 days.</p><p>Press any key to conclude.</p>","response":" ","task":"end","subjectId":"1zwnchdsl2klvyx","trial_type":"html-keyboard-response","trial_index":34,"time_elapsed":733155,"internal_node_id":"0.0-11.0","interactions":"[{\"event\":\"blur\",\"trial\":0,\"time\":500},{\"event\":\"focus\",\"trial\":1,\"time\":16422},{\"event\":\"fullscreenenter\",\"trial\":1,\"time\":16982},{\"event\":\"blur\",\"trial\":2,\"time\":19675},{\"event\":\"focus\",\"trial\":2,\"time\":68754},{\"event\":\"blur\",\"trial\":4,\"time\":212293},{\"event\":\"focus\",\"trial\":4,\"time\":212293},{\"event\":\"fullscreenexit\",\"trial\":4,\"time\":212303},{\"event\":\"blur\",\"trial\":4,\"time\":215384},{\"event\":\"focus\",\"trial\":4,\"time\":215384},{\"event\":\"blur\",\"trial\":4,\"time\":231910},{\"event\":\"focus\",\"trial\":4,\"time\":231910}]"}]