[{"success":true,"timeout":false,"failed_images":[],"failed_audio":[],"failed_video":[],"trial_type":"preload","trial_index":0,"time_elapsed":6662,"internal_node_id":"0.0-0.0"},{"success":true,"trial_type":"fullscreen","trial_index":1,"time_elapsed":12588,"internal_node_id":"0.0-1.0"},{"rt":3799,"stimulus":"Welcome to the experiment. Press any key to begin.","response":"enter","trial_type":"html-keyboard-response","trial_index":2,"time_elapsed":16392,"internal_node_id":"0.0-2.0"},{"view_history":[{"page_index":0,"viewing_time":2856},{"page_index":1,"viewing_time":2496},{"page_index":2,"viewing_time":22471},{"page_index":3,"viewing_time":3434},{"page_index":4,"viewing_time":2384},{"page_index":5,"viewing_time":1482},{"page_index":6,"viewing_time":1916},{"page_index":7,"viewing_time":7234},{"page_index":8,"viewing_time":15267},{"page_index":9,"viewing_time":7715},{"page_index":10,"viewing_time":1319},{"page_index":11,"viewing_time":820},{"page_index":12,"viewing_time":539},{"page_index":13,"viewing_time":1125},{"page_index":14,"viewing_time":2171},{"page_index":15,"viewing_time":4805},{"page_index":16,"viewing_time":745},{"page_index":17,"viewing_time":709},{"page_index":18,"viewing_time":964},{"page_index":19,"viewing_time":6136},{"page_index":20,"viewing_time":4615},{"page_index":21,"viewing_time":3899}],"rt":95102,"trial_type":"instructions","trial_index":3,"time_elapsed":111497,"internal_node_id":"0.0-3.0"},{"rt":132235,"url":"../static/nodeGraphsTraining.html","skip":[],"edgeClickLog":[],"trial_type":"external-html","trial_index":4,"time_elapsed":244501,"internal_node_id":"0.0-4.0"},{"rt":30089,"response":{"q1":"The goal is to help the student to get the most points","q2":"False","q3":"Possible paths you, as the teacher, can choose to teach the learner.","q4":"Paths that the student took before."},"question_order":[0,1,2,3],"trial_type":"survey-multi-choice","trial_index":5,"time_elapsed":274600,"internal_node_id":"0.0-5.0"},{"rt":5083,"stimulus":"<p>You can take a 60 second break before starting the experiment.</p><br><br><p>This page will advance in 60 seconds or you can press any key to advance now.</p>","response":"arrowright","trial_type":"html-keyboard-response","trial_index":6,"time_elapsed":279688,"internal_node_id":"0.0-7.0"},{"view_history":[{"page_index":0,"viewing_time":22858}],"rt":22859,"trial_type":"instructions","trial_index":7,"time_elapsed":302548,"internal_node_id":"0.0-8.0"},{"rt":23256,"url":"../static/nodeGraphs.html","edge":"0to1","edgeRT":"21523","skip":"false","flipped":"False","index":"4","edgeClickLog":"[{\"edgeSelection\":\"0to3\",\"edgeRTMS\":6063},{\"edgeSelection\":\"3to5\",\"edgeRTMS\":7319},{\"edgeSelection\":\"5to9\",\"edgeRTMS\":9357},{\"edgeSelection\":\"0to1\",\"edgeRTMS\":21523}]","trial_id":"incong_4","congruency":"I","task":"experiment","subjectId":"4a1ruz3tp3v0wgv","trial_type":"external-html","trial_index":8,"time_elapsed":326276,"internal_node_id":"0.0-9.0-0.0"},{"rt":16909,"url":"../static/nodeGraphs.html","edge":"0to1","edgeRT":"13962","skip":"false","flipped":"False","index":"8","edgeClickLog":"[{\"edgeSelection\":\"0to1\",\"edgeRTMS\":6648},{\"edgeSelection\":\"1to5\",\"edgeRTMS\":10408},{\"edgeSelection\":\"1to5\",\"edgeRTMS\":11676},{\"edgeSelection\":\"0to1\",\"edgeRTMS\":13962}]","trial_id":"incong_8","congruency":"I","task":"experiment","subjectId":"4a1ruz3tp3v0wgv","trial_type":"external-html","trial_index":9,"time_elapsed":343964,"internal_node_id":"0.0-9.0-0.1"},{"rt":14617,"url":"../static/nodeGraphs.html","edge":"0to3","edgeRT":"10837","skip":"false","flipped":"True","index":"16","edgeClickLog":"[{\"edgeSelection\":\"0to3\",\"edgeRTMS\":10837}]","trial_id":"incong_6_flipped","congruency":"I","task":"experiment","subjectId":"4a1ruz3tp3v0wgv","trial_type":"external-html","trial_index":10,"time_elapsed":359250,"internal_node_id":"0.0-9.0-0.2"},{"rt":10769,"url":"../static/nodeGraphs.html","edge":"0to2","edgeRT":"7521","skip":"false","flipped":"False","index":"7","edgeClickLog":"[{\"edgeSelection\":\"0to2\",\"edgeRTMS\":7521}]","trial_id":"incong_7","congruency":"I","task":"experiment","subjectId":"4a1ruz3tp3v0wgv","trial_type":"external-html","trial_index":11,"time_elapsed":370724,"internal_node_id":"0.0-9.0-0.3"},{"rt":19160,"url":"../static/nodeGraphs.html","edge":"0to2","edgeRT":"17485","skip":"false","flipped":"True","index":"17","edgeClickLog":"[{\"edgeSelection\":\"0to2\",\"edgeRTMS\":17485}]","trial_id":"incong_7_flipped","congruency":"I","task":"experiment","subjectId":"4a1ruz3tp3v0wgv","trial_type":"external-html","trial_index":12,"time_elapsed":390556,"internal_node_id":"0.0-9.0-0.4"},{"rt":16033,"url":"../static/nodeGraphs.html","edge":"0to2","edgeRT":"9808","skip":"false","flipped":"True","index":"13","edgeClickLog":"[{\"edgeSelection\":\"0to2\",\"edgeRTMS\":9808}]","trial_id":"incong_3_flipped","congruency":"I","task":"experiment","subjectId":"4a1ruz3tp3v0wgv","trial_type":"external-html","trial_index":13,"time_elapsed":407479,"internal_node_id":"0.0-9.0-0.5"},{"rt":21490,"url":"../static/nodeGraphs.html","edge":"5to7","edgeRT":"15363","skip":"false","flipped":"True","index":"19","edgeClickLog":"[{\"edgeSelection\":\"5to8\",\"edgeRTMS\":12695},{\"edgeSelection\":\"5to7\",\"edgeRTMS\":15363}]","trial_id":"incong_9_flipped","congruency":"I","task":"experiment","subjectId":"4a1ruz3tp3v0wgv","trial_type":"external-html","trial_index":14,"time_elapsed":429792,"internal_node_id":"0.0-9.0-0.6"},{"rt":26777,"url":"../static/nodeGraphs.html","edge":"2to6","edgeRT":"21211","skip":"false","flipped":"True","index":"15","edgeClickLog":"[{\"edgeSelection\":\"4to8\",\"edgeRTMS\":12422},{\"edgeSelection\":\"2to6\",\"edgeRTMS\":21211}]","trial_id":"incong_5_flipped","congruency":"I","task":"experiment","subjectId":"4a1ruz3tp3v0wgv","trial_type":"external-html","trial_index":15,"time_elapsed":457209,"internal_node_id":"0.0-9.0-0.7"},{"rt":18332,"url":"../static/nodeGraphs.html","edge":"4to7","edgeRT":"15911","skip":"false","flipped":"True","index":"11","edgeClickLog":"[{\"edgeSelection\":\"4to7\",\"edgeRTMS\":15911}]","trial_id":"incong_1_flipped","congruency":"I","task":"experiment","subjectId":"4a1ruz3tp3v0wgv","trial_type":"external-html","trial_index":16,"time_elapsed":476179,"internal_node_id":"0.0-9.0-0.8"},{"rt":10440,"url":"../static/nodeGraphs.html","edge":"6to9","edgeRT":"6769","skip":"false","flipped":"False","index":"1","edgeClickLog":"[{\"edgeSelection\":\"6to9\",\"edgeRTMS\":6769}]","trial_id":"incong_1","congruency":"I","task":"experiment","subjectId":"4a1ruz3tp3v0wgv","trial_type":"external-html","trial_index":17,"time_elapsed":487238,"internal_node_id":"0.0-9.0-0.9"},{"rt":12235,"url":"../static/nodeGraphs.html","edge":"1to4","edgeRT":"8517","skip":"false","flipped":"False","index":"6","edgeClickLog":"[{\"edgeSelection\":\"1to4\",\"edgeRTMS\":8517}]","trial_id":"incong_6","congruency":"I","task":"experiment","subjectId":"4a1ruz3tp3v0wgv","trial_type":"external-html","trial_index":18,"time_elapsed":500304,"internal_node_id":"0.0-9.0-0.10"},{"rt":12680,"url":"../static/nodeGraphs.html","edge":"5to7","edgeRT":"10157","skip":"false","flipped":"True","index":"14","edgeClickLog":"[{\"edgeSelection\":\"5to7\",\"edgeRTMS\":10157}]","trial_id":"incong_4_flipped","congruency":"I","task":"experiment","subjectId":"4a1ruz3tp3v0wgv","trial_type":"external-html","trial_index":19,"time_elapsed":514072,"internal_node_id":"0.0-9.0-0.11"},{"rt":16241,"url":"../static/nodeGraphs.html","edge":"4to8","edgeRT":"11397","skip":"false","flipped":"False","index":"2","edgeClickLog":"[{\"edgeSelection\":\"1to4\",\"edgeRTMS\":6351},{\"edgeSelection\":\"4to8\",\"edgeRTMS\":11397}]","trial_id":"incong_2","congruency":"I","task":"experiment","subjectId":"4a1ruz3tp3v0wgv","trial_type":"external-html","trial_index":20,"time_elapsed":530995,"internal_node_id":"0.0-9.0-0.12"},{"rt":8956,"url":"../static/nodeGraphs.html","edge":"3to6","edgeRT":"7107","skip":"false","flipped":"True","index":"10","edgeClickLog":"[{\"edgeSelection\":\"3to6\",\"edgeRTMS\":7107}]","trial_id":"incong_0_flipped","congruency":"I","task":"experiment","subjectId":"4a1ruz3tp3v0wgv","trial_type":"external-html","trial_index":21,"time_elapsed":540654,"internal_node_id":"0.0-9.0-0.13"},{"rt":16906,"url":"../static/nodeGraphs.html","edge":"3to6","edgeRT":"10245","skip":"false","flipped":"True","index":"12","edgeClickLog":"[{\"edgeSelection\":\"3to6\",\"edgeRTMS\":10245}]","trial_id":"incong_2_flipped","congruency":"I","task":"experiment","subjectId":"4a1ruz3tp3v0wgv","trial_type":"external-html","trial_index":22,"time_elapsed":558872,"internal_node_id":"0.0-9.0-0.14"},{"rt":11749,"url":"../static/nodeGraphs.html","edge":"2to6","edgeRT":"9023","skip":"false","flipped":"False","index":"3","edgeClickLog":"[{\"edgeSelection\":\"2to6\",\"edgeRTMS\":9023}]","trial_id":"incong_3","congruency":"I","task":"experiment","subjectId":"4a1ruz3tp3v0wgv","trial_type":"external-html","trial_index":23,"time_elapsed":571321,"internal_node_id":"0.0-9.0-0.15"},{"rt":10689,"url":"../static/nodeGraphs.html","edge":"5to8","edgeRT":"8469","skip":"false","flipped":"False","index":"9","edgeClickLog":"[{\"edgeSelection\":\"5to8\",\"edgeRTMS\":8469}]","trial_id":"incong_9","congruency":"I","task":"experiment","subjectId":"4a1ruz3tp3v0wgv","trial_type":"external-html","trial_index":24,"time_elapsed":582640,"internal_node_id":"0.0-9.0-0.16"},{"rt":7296,"url":"../static/nodeGraphs.html","edge":"4to7","edgeRT":"4605","skip":"false","flipped":"False","index":"0","edgeClickLog":"[{\"edgeSelection\":\"4to7\",\"edgeRTMS\":4605}]","trial_id":"incong_0","congruency":"I","task":"experiment","subjectId":"4a1ruz3tp3v0wgv","trial_type":"external-html","trial_index":25,"time_elapsed":591073,"internal_node_id":"0.0-9.0-0.17"},{"rt":12648,"url":"../static/nodeGraphs.html","edge":"2to4","edgeRT":"7408","skip":"false","flipped":"False","index":"5","edgeClickLog":"[{\"edgeSelection\":\"2to4\",\"edgeRTMS\":7408}]","trial_id":"incong_5","congruency":"I","task":"experiment","subjectId":"4a1ruz3tp3v0wgv","trial_type":"external-html","trial_index":26,"time_elapsed":604824,"internal_node_id":"0.0-9.0-0.18"},{"rt":18610,"url":"../static/nodeGraphs.html","edge":"0to3","edgeRT":"6180","skip":"false","flipped":"True","index":"18","edgeClickLog":"[{\"edgeSelection\":\"0to3\",\"edgeRTMS\":6180}]","trial_id":"incong_8_flipped","congruency":"I","task":"experiment","subjectId":"4a1ruz3tp3v0wgv","trial_type":"external-html","trial_index":27,"time_elapsed":624156,"internal_node_id":"0.0-9.0-0.19"},{"rt":14721,"url":"../static/nodeGraphs.html","edge":"4to8","edgeRT":"13174","skip":"false","flipped":"False","index":"20","edgeClickLog":"[{\"edgeSelection\":\"4to8\",\"edgeRTMS\":12201},{\"edgeSelection\":\"4to8\",\"edgeRTMS\":13174}]","trial_id":"test_0","congruency":"I","task":"experiment","subjectId":"4a1ruz3tp3v0wgv","trial_type":"external-html","trial_index":28,"time_elapsed":639573,"internal_node_id":"0.0-9.0-0.20"},{"rt":12488,"url":"../static/nodeGraphs.html","edge":"3to6","edgeRT":"9103","skip":"true","flipped":"False","index":"21","edgeClickLog":"[{\"edgeSelection\":\"3to6\",\"edgeRTMS\":9103}]","trial_id":"test_1","congruency":"I","task":"experiment","subjectId":"4a1ruz3tp3v0wgv","trial_type":"external-html","trial_index":29,"time_elapsed":652867,"internal_node_id":"0.0-9.0-0.21"},{"rt":21042,"url":"../static/nodeGraphs.html","edge":"3to6","edgeRT":"9544","skip":"true","flipped":"False","index":"22","edgeClickLog":"[{\"edgeSelection\":\"3to6\",\"edgeRTMS\":9544}]","trial_id":"test_2","congruency":"I","task":"experiment","subjectId":"4a1ruz3tp3v0wgv","trial_type":"external-html","trial_index":30,"time_elapsed":675379,"internal_node_id":"0.0-9.0-0.22"},{"rt":12784,"url":"../static/nodeGraphs.html","edge":"1to5","edgeRT":"3983","skip":"true","flipped":"False","index":"23","edgeClickLog":"[{\"edgeSelection\":\"1to5\",\"edgeRTMS\":3983}]","trial_id":"test_3","congruency":"I","task":"experiment","subjectId":"4a1ruz3tp3v0wgv","trial_type":"external-html","trial_index":31,"time_elapsed":689136,"internal_node_id":"0.0-9.0-0.23"},{"rt":11562,"url":"../static/nodeGraphs.html","edge":"6to9","edgeRT":"4128","skip":"false","flipped":"False","index":"24","edgeClickLog":"[{\"edgeSelection\":\"6to9\",\"edgeRTMS\":4128}]","trial_id":"test_4","congruency":"I","task":"experiment","subjectId":"4a1ruz3tp3v0wgv","trial_type":"external-html","trial_index":32,"time_elapsed":701324,"internal_node_id":"0.0-9.0-0.24"},{"rt":50857,"response":{"P0_Q0":null,"P0_Q1":6,"P0_Q2":7,"P0_Q3":7,"P0_Q4":7,"P0_Q5":2,"strategies":"I tried to pick the edge which was unknown but would help to maximize points.","feedback":"N/A"},"accuracy":[],"trial_type":"survey","trial_index":33,"time_elapsed":752881,"internal_node_id":"0.0-10.0"},{"rt":2853,"stimulus":"<p>Thanks for your time!</p>        <p>We need to manually calculate your bonus pay, please give us up to 7 days.</p><p>Press any key to conclude.</p>","response":"enter","task":"end","subjectId":"4a1ruz3tp3v0wgv","trial_type":"html-keyboard-response","trial_index":34,"time_elapsed":755740,"internal_node_id":"0.0-11.0","interactions":"[{\"event\":\"fullscreenenter\",\"trial\":1,\"time\":11898},{\"event\":\"blur\",\"trial\":4,\"time\":133906},{\"event\":\"focus\",\"trial\":4,\"time\":133906}]"}]