[{"success":true,"timeout":false,"failed_images":[],"failed_audio":[],"failed_video":[],"trial_type":"preload","trial_index":0,"time_elapsed":220,"internal_node_id":"0.0-0.0"},{"success":true,"trial_type":"fullscreen","trial_index":1,"time_elapsed":4272,"internal_node_id":"0.0-1.0"},{"rt":3875,"stimulus":"Welcome to the experiment. Press any key to begin.","response":"enter","trial_type":"html-keyboard-response","trial_index":2,"time_elapsed":8149,"internal_node_id":"0.0-2.0"},{"view_history":[{"page_index":0,"viewing_time":5046},{"page_index":1,"viewing_time":8567},{"page_index":2,"viewing_time":38172},{"page_index":3,"viewing_time":22848},{"page_index":4,"viewing_time":3236},{"page_index":5,"viewing_time":2194},{"page_index":6,"viewing_time":5410},{"page_index":7,"viewing_time":9938},{"page_index":8,"viewing_time":23315},{"page_index":9,"viewing_time":1377},{"page_index":8,"viewing_time":2177},{"page_index":9,"viewing_time":14246},{"page_index":10,"viewing_time":2652},{"page_index":11,"viewing_time":2429},{"page_index":12,"viewing_time":1336},{"page_index":13,"viewing_time":5720},{"page_index":14,"viewing_time":4447},{"page_index":15,"viewing_time":10017},{"page_index":16,"viewing_time":1158},{"page_index":17,"viewing_time":1169},{"page_index":18,"viewing_time":1409},{"page_index":19,"viewing_time":4983},{"page_index":20,"viewing_time":7500},{"page_index":21,"viewing_time":6527}],"rt":185873,"trial_type":"instructions","trial_index":3,"time_elapsed":194027,"internal_node_id":"0.0-3.0"},{"rt":103410,"url":"../static/nodeGraphsTraining.html","skip":[],"edgeClickLog":[],"trial_type":"external-html","trial_index":4,"time_elapsed":297582,"internal_node_id":"0.0-4.0"},{"rt":39363,"response":{"q1":"The goal is to help the student to get the most points","q2":"False","q3":"Possible paths you, as the teacher, can choose to teach the learner.","q4":"Paths that the student took before."},"question_order":[0,1,2,3],"trial_type":"survey-multi-choice","trial_index":5,"time_elapsed":336949,"internal_node_id":"0.0-5.0"},{"rt":6177,"stimulus":"<p>You can take a 60 second break before starting the experiment.</p><br><br><p>This page will advance in 60 seconds or you can press any key to advance now.</p>","response":"arrowright","trial_type":"html-keyboard-response","trial_index":6,"time_elapsed":343130,"internal_node_id":"0.0-7.0"},{"view_history":[{"page_index":0,"viewing_time":14837}],"rt":14838,"trial_type":"instructions","trial_index":7,"time_elapsed":357968,"internal_node_id":"0.0-8.0"},{"rt":22345,"url":"../static/nodeGraphs.html","edge":"3to6","edgeRT":"20274","skip":"false","flipped":"True","index":"18","edgeClickLog":"[{\"edgeSelection\":\"3to6\",\"edgeRTMS\":20274}]","trial_id":"cong_8_flipped","congruency":"C","task":"experiment","subjectId":"h9yv8crexd0gro7","trial_type":"external-html","trial_index":8,"time_elapsed":380460,"internal_node_id":"0.0-9.0-0.0"},{"rt":15294,"url":"../static/nodeGraphs.html","edge":"2to6","edgeRT":"11627","skip":"false","flipped":"False","index":"1","edgeClickLog":"[{\"edgeSelection\":\"2to6\",\"edgeRTMS\":11627}]","trial_id":"cong_1","congruency":"C","task":"experiment","subjectId":"h9yv8crexd0gro7","trial_type":"external-html","trial_index":9,"time_elapsed":396404,"internal_node_id":"0.0-9.0-0.1"},{"rt":27129,"url":"../static/nodeGraphs.html","edge":"2to4","edgeRT":"25140","skip":"false","flipped":"False","index":"7","edgeClickLog":"[{\"edgeSelection\":\"2to4\",\"edgeRTMS\":25140}]","trial_id":"cong_7","congruency":"C","task":"experiment","subjectId":"h9yv8crexd0gro7","trial_type":"external-html","trial_index":10,"time_elapsed":424175,"internal_node_id":"0.0-9.0-0.2"},{"rt":15313,"url":"../static/nodeGraphs.html","edge":"2to4","edgeRT":"11812","skip":"false","flipped":"False","index":"4","edgeClickLog":"[{\"edgeSelection\":\"2to4\",\"edgeRTMS\":11812}]","trial_id":"cong_4","congruency":"C","task":"experiment","subjectId":"h9yv8crexd0gro7","trial_type":"external-html","trial_index":11,"time_elapsed":440135,"internal_node_id":"0.0-9.0-0.3"},{"rt":17283,"url":"../static/nodeGraphs.html","edge":"2to4","edgeRT":"15406","skip":"false","flipped":"True","index":"11","edgeClickLog":"[{\"edgeSelection\":\"2to4\",\"edgeRTMS\":15406}]","trial_id":"cong_1_flipped","congruency":"C","task":"experiment","subjectId":"h9yv8crexd0gro7","trial_type":"external-html","trial_index":12,"time_elapsed":458063,"internal_node_id":"0.0-9.0-0.4"},{"rt":15911,"url":"../static/nodeGraphs.html","edge":"2to5","edgeRT":"14557","skip":"false","flipped":"False","index":"6","edgeClickLog":"[{\"edgeSelection\":\"2to5\",\"edgeRTMS\":14557}]","trial_id":"cong_6","congruency":"C","task":"experiment","subjectId":"h9yv8crexd0gro7","trial_type":"external-html","trial_index":13,"time_elapsed":474624,"internal_node_id":"0.0-9.0-0.5"},{"rt":23464,"url":"../static/nodeGraphs.html","edge":"3to5","edgeRT":"21773","skip":"false","flipped":"False","index":"3","edgeClickLog":"[{\"edgeSelection\":\"3to5\",\"edgeRTMS\":21773}]","trial_id":"cong_3","congruency":"C","task":"experiment","subjectId":"h9yv8crexd0gro7","trial_type":"external-html","trial_index":14,"time_elapsed":498735,"internal_node_id":"0.0-9.0-0.6"},{"rt":12022,"url":"../static/nodeGraphs.html","edge":"2to6","edgeRT":"9967","skip":"false","flipped":"True","index":"14","edgeClickLog":"[{\"edgeSelection\":\"2to6\",\"edgeRTMS\":9967}]","trial_id":"cong_4_flipped","congruency":"C","task":"experiment","subjectId":"h9yv8crexd0gro7","trial_type":"external-html","trial_index":15,"time_elapsed":511399,"internal_node_id":"0.0-9.0-0.7"},{"rt":11016,"url":"../static/nodeGraphs.html","edge":"2to5","edgeRT":"9005","skip":"false","flipped":"False","index":"9","edgeClickLog":"[{\"edgeSelection\":\"2to5\",\"edgeRTMS\":9005}]","trial_id":"cong_9","congruency":"C","task":"experiment","subjectId":"h9yv8crexd0gro7","trial_type":"external-html","trial_index":16,"time_elapsed":523056,"internal_node_id":"0.0-9.0-0.8"},{"rt":11098,"url":"../static/nodeGraphs.html","edge":"0to3","edgeRT":"9922","skip":"false","flipped":"True","index":"15","edgeClickLog":"[{\"edgeSelection\":\"0to3\",\"edgeRTMS\":9922}]","trial_id":"cong_5_flipped","congruency":"C","task":"experiment","subjectId":"h9yv8crexd0gro7","trial_type":"external-html","trial_index":17,"time_elapsed":534798,"internal_node_id":"0.0-9.0-0.9"},{"rt":14058,"url":"../static/nodeGraphs.html","edge":"1to5","edgeRT":"12370","skip":"false","flipped":"True","index":"13","edgeClickLog":"[{\"edgeSelection\":\"1to5\",\"edgeRTMS\":12370}]","trial_id":"cong_3_flipped","congruency":"C","task":"experiment","subjectId":"h9yv8crexd0gro7","trial_type":"external-html","trial_index":18,"time_elapsed":549498,"internal_node_id":"0.0-9.0-0.10"},{"rt":10467,"url":"../static/nodeGraphs.html","edge":"0to1","edgeRT":"9161","skip":"false","flipped":"False","index":"5","edgeClickLog":"[{\"edgeSelection\":\"0to1\",\"edgeRTMS\":9161}]","trial_id":"cong_5","congruency":"C","task":"experiment","subjectId":"h9yv8crexd0gro7","trial_type":"external-html","trial_index":19,"time_elapsed":560606,"internal_node_id":"0.0-9.0-0.11"},{"rt":22814,"url":"../static/nodeGraphs.html","edge":"2to6","edgeRT":"21705","skip":"false","flipped":"True","index":"17","edgeClickLog":"[{\"edgeSelection\":\"2to6\",\"edgeRTMS\":21705}]","trial_id":"cong_7_flipped","congruency":"C","task":"experiment","subjectId":"h9yv8crexd0gro7","trial_type":"external-html","trial_index":20,"time_elapsed":584064,"internal_node_id":"0.0-9.0-0.12"},{"rt":29039,"url":"../static/nodeGraphs.html","edge":"5to7","edgeRT":"27749","skip":"false","flipped":"True","index":"12","edgeClickLog":"[{\"edgeSelection\":\"2to5\",\"edgeRTMS\":22557},{\"edgeSelection\":\"5to7\",\"edgeRTMS\":27749}]","trial_id":"cong_2_flipped","congruency":"C","task":"experiment","subjectId":"h9yv8crexd0gro7","trial_type":"external-html","trial_index":21,"time_elapsed":613744,"internal_node_id":"0.0-9.0-0.13"},{"rt":5645,"url":"../static/nodeGraphs.html","edge":"1to4","edgeRT":"4356","skip":"false","flipped":"False","index":"0","edgeClickLog":"[{\"edgeSelection\":\"1to4\",\"edgeRTMS\":4356}]","trial_id":"cong_0","congruency":"C","task":"experiment","subjectId":"h9yv8crexd0gro7","trial_type":"external-html","trial_index":22,"time_elapsed":620035,"internal_node_id":"0.0-9.0-0.14"},{"rt":8539,"url":"../static/nodeGraphs.html","edge":"3to6","edgeRT":"6789","skip":"false","flipped":"True","index":"10","edgeClickLog":"[{\"edgeSelection\":\"3to6\",\"edgeRTMS\":6789}]","trial_id":"cong_0_flipped","congruency":"C","task":"experiment","subjectId":"h9yv8crexd0gro7","trial_type":"external-html","trial_index":23,"time_elapsed":629216,"internal_node_id":"0.0-9.0-0.15"},{"rt":5252,"url":"../static/nodeGraphs.html","edge":"2to5","edgeRT":"2558","skip":"false","flipped":"True","index":"19","edgeClickLog":"[{\"edgeSelection\":\"2to5\",\"edgeRTMS\":2558}]","trial_id":"cong_9_flipped","congruency":"C","task":"experiment","subjectId":"h9yv8crexd0gro7","trial_type":"external-html","trial_index":24,"time_elapsed":635112,"internal_node_id":"0.0-9.0-0.16"},{"rt":15518,"url":"../static/nodeGraphs.html","edge":"2to5","edgeRT":"13580","skip":"false","flipped":"False","index":"2","edgeClickLog":"[{\"edgeSelection\":\"2to5\",\"edgeRTMS\":13580}]","trial_id":"cong_2","congruency":"C","task":"experiment","subjectId":"h9yv8crexd0gro7","trial_type":"external-html","trial_index":25,"time_elapsed":651275,"internal_node_id":"0.0-9.0-0.17"},{"rt":13508,"url":"../static/nodeGraphs.html","edge":"2to5","edgeRT":"11862","skip":"false","flipped":"True","index":"16","edgeClickLog":"[{\"edgeSelection\":\"2to5\",\"edgeRTMS\":11862}]","trial_id":"cong_6_flipped","congruency":"C","task":"experiment","subjectId":"h9yv8crexd0gro7","trial_type":"external-html","trial_index":26,"time_elapsed":665425,"internal_node_id":"0.0-9.0-0.18"},{"rt":10418,"url":"../static/nodeGraphs.html","edge":"1to4","edgeRT":"8806","skip":"false","flipped":"False","index":"8","edgeClickLog":"[{\"edgeSelection\":\"1to4\",\"edgeRTMS\":8806}]","trial_id":"cong_8","congruency":"C","task":"experiment","subjectId":"h9yv8crexd0gro7","trial_type":"external-html","trial_index":27,"time_elapsed":676488,"internal_node_id":"0.0-9.0-0.19"},{"rt":19550,"url":"../static/nodeGraphs.html","edge":"0to2","edgeRT":"12969","skip":"false","flipped":"False","index":"20","edgeClickLog":"[{\"edgeSelection\":\"0to2\",\"edgeRTMS\":12969}]","trial_id":"test_0","congruency":"I","task":"experiment","subjectId":"h9yv8crexd0gro7","trial_type":"external-html","trial_index":28,"time_elapsed":696681,"internal_node_id":"0.0-9.0-0.20"},{"rt":13710,"url":"../static/nodeGraphs.html","edge":"0to3","edgeRT":"11902","skip":"false","flipped":"False","index":"21","edgeClickLog":"[{\"edgeSelection\":\"0to3\",\"edgeRTMS\":11902}]","trial_id":"test_1","congruency":"I","task":"experiment","subjectId":"h9yv8crexd0gro7","trial_type":"external-html","trial_index":29,"time_elapsed":711036,"internal_node_id":"0.0-9.0-0.21"},{"rt":11110,"url":"../static/nodeGraphs.html","edge":"0to3","edgeRT":"9833","skip":"false","flipped":"False","index":"22","edgeClickLog":"[{\"edgeSelection\":\"0to3\",\"edgeRTMS\":9833}]","trial_id":"test_2","congruency":"I","task":"experiment","subjectId":"h9yv8crexd0gro7","trial_type":"external-html","trial_index":30,"time_elapsed":722789,"internal_node_id":"0.0-9.0-0.22"},{"rt":6621,"url":"../static/nodeGraphs.html","edge":"0to1","edgeRT":"4643","skip":"false","flipped":"False","index":"23","edgeClickLog":"[{\"edgeSelection\":\"0to1\",\"edgeRTMS\":4643}]","trial_id":"test_3","congruency":"I","task":"experiment","subjectId":"h9yv8crexd0gro7","trial_type":"external-html","trial_index":31,"time_elapsed":730055,"internal_node_id":"0.0-9.0-0.23"},{"rt":19561,"url":"../static/nodeGraphs.html","edge":"0to3","edgeRT":"15971","skip":"false","flipped":"False","index":"24","edgeClickLog":"[{\"edgeSelection\":\"0to3\",\"edgeRTMS\":11907},{\"edgeSelection\":\"0to3\",\"edgeRTMS\":15971}]","trial_id":"test_4","congruency":"I","task":"experiment","subjectId":"h9yv8crexd0gro7","trial_type":"external-html","trial_index":32,"time_elapsed":750256,"internal_node_id":"0.0-9.0-0.24"},{"rt":88123,"response":{"P0_Q0":null,"P0_Q1":5,"P0_Q2":6,"P0_Q3":7,"P0_Q4":5,"P0_Q5":4,"strategies":"I tried to reveal a path that would be most likely to end up benefiting the student , that is, the path that gave them a higher chance of improving their score.","feedback":""},"accuracy":[],"trial_type":"survey","trial_index":33,"time_elapsed":838918,"internal_node_id":"0.0-10.0"},{"rt":3128,"stimulus":"<p>Thanks for your time!</p>        <p>We need to manually calculate your bonus pay, please give us up to 7 days.</p><p>Press any key to conclude.</p>","response":"enter","task":"end","subjectId":"h9yv8crexd0gro7","trial_type":"html-keyboard-response","trial_index":34,"time_elapsed":842047,"internal_node_id":"0.0-11.0","interactions":"[{\"event\":\"fullscreenenter\",\"trial\":1,\"time\":3279}]"}]