[{"success":true,"timeout":false,"failed_images":[],"failed_audio":[],"failed_video":[],"trial_type":"preload","trial_index":0,"time_elapsed":128,"internal_node_id":"0.0-0.0"},{"success":true,"trial_type":"fullscreen","trial_index":1,"time_elapsed":4695,"internal_node_id":"0.0-1.0"},{"rt":1933,"stimulus":"Welcome to the experiment. Press any key to begin.","response":" ","trial_type":"html-keyboard-response","trial_index":2,"time_elapsed":6629,"internal_node_id":"0.0-2.0"},{"view_history":[{"page_index":0,"viewing_time":3727},{"page_index":1,"viewing_time":5278},{"page_index":2,"viewing_time":23309},{"page_index":3,"viewing_time":4777},{"page_index":4,"viewing_time":694},{"page_index":5,"viewing_time":690},{"page_index":6,"viewing_time":2383},{"page_index":7,"viewing_time":7889},{"page_index":8,"viewing_time":14400},{"page_index":9,"viewing_time":9497},{"page_index":10,"viewing_time":1029},{"page_index":11,"viewing_time":579},{"page_index":12,"viewing_time":448},{"page_index":13,"viewing_time":1092},{"page_index":14,"viewing_time":3411},{"page_index":15,"viewing_time":4500},{"page_index":16,"viewing_time":1159},{"page_index":17,"viewing_time":463},{"page_index":18,"viewing_time":518},{"page_index":19,"viewing_time":2492},{"page_index":20,"viewing_time":4679},{"page_index":21,"viewing_time":3966}],"rt":96980,"trial_type":"instructions","trial_index":3,"time_elapsed":103609,"internal_node_id":"0.0-3.0"},{"rt":54458,"url":"../static/nodeGraphsTraining.html","skip":[],"edgeClickLog":[],"trial_type":"external-html","trial_index":4,"time_elapsed":158121,"internal_node_id":"0.0-4.0"},{"rt":30327,"response":{"q1":"The goal is to help the student to get the most points","q2":"False","q3":"Possible paths you, as the teacher, can choose to teach the learner.","q4":"Paths that the student took before."},"question_order":[0,1,2,3],"trial_type":"survey-multi-choice","trial_index":5,"time_elapsed":188450,"internal_node_id":"0.0-5.0"},{"rt":2547,"stimulus":"<p>You can take a 60 second break before starting the experiment.</p><br><br><p>This page will advance in 60 seconds or you can press any key to advance now.</p>","response":"arrowright","trial_type":"html-keyboard-response","trial_index":6,"time_elapsed":190999,"internal_node_id":"0.0-7.0"},{"view_history":[{"page_index":0,"viewing_time":14799}],"rt":14799,"trial_type":"instructions","trial_index":7,"time_elapsed":205798,"internal_node_id":"0.0-8.0"},{"rt":7156,"url":"../static/nodeGraphs.html","edge":"6to8","edgeRT":"3453","skip":"false","flipped":"True","index":"16","edgeClickLog":"[{\"edgeSelection\":\"6to8\",\"edgeRTMS\":3453}]","trial_id":"incong_6_flipped","congruency":"I","task":"experiment","subjectId":"r83s8wxtkc5tm8o","trial_type":"external-html","trial_index":8,"time_elapsed":212997,"internal_node_id":"0.0-9.0-0.0"},{"rt":6547,"url":"../static/nodeGraphs.html","edge":"2to4","edgeRT":"3031","skip":"false","flipped":"False","index":"1","edgeClickLog":"[{\"edgeSelection\":\"2to4\",\"edgeRTMS\":3031}]","trial_id":"incong_1","congruency":"I","task":"experiment","subjectId":"r83s8wxtkc5tm8o","trial_type":"external-html","trial_index":9,"time_elapsed":220127,"internal_node_id":"0.0-9.0-0.1"},{"rt":13296,"url":"../static/nodeGraphs.html","edge":"5to9","edgeRT":"12293","skip":"false","flipped":"False","index":"9","edgeClickLog":"[{\"edgeSelection\":\"5to8\",\"edgeRTMS\":9938},{\"edgeSelection\":\"5to9\",\"edgeRTMS\":12293}]","trial_id":"incong_9","congruency":"I","task":"experiment","subjectId":"r83s8wxtkc5tm8o","trial_type":"external-html","trial_index":10,"time_elapsed":233972,"internal_node_id":"0.0-9.0-0.2"},{"rt":7775,"url":"../static/nodeGraphs.html","edge":"2to6","edgeRT":"3320","skip":"false","flipped":"True","index":"10","edgeClickLog":"[{\"edgeSelection\":\"2to6\",\"edgeRTMS\":3320}]","trial_id":"incong_0_flipped","congruency":"I","task":"experiment","subjectId":"r83s8wxtkc5tm8o","trial_type":"external-html","trial_index":11,"time_elapsed":242292,"internal_node_id":"0.0-9.0-0.3"},{"rt":17201,"url":"../static/nodeGraphs.html","edge":"2to6","edgeRT":"15884","skip":"false","flipped":"True","index":"11","edgeClickLog":"[{\"edgeSelection\":\"0to3\",\"edgeRTMS\":5302},{\"edgeSelection\":\"2to6\",\"edgeRTMS\":15884}]","trial_id":"incong_1_flipped","congruency":"I","task":"experiment","subjectId":"r83s8wxtkc5tm8o","trial_type":"external-html","trial_index":12,"time_elapsed":260035,"internal_node_id":"0.0-9.0-0.4"},{"rt":9115,"url":"../static/nodeGraphs.html","edge":"2to4","edgeRT":"6689","skip":"false","flipped":"True","index":"13","edgeClickLog":"[{\"edgeSelection\":\"2to4\",\"edgeRTMS\":6689}]","trial_id":"incong_3_flipped","congruency":"I","task":"experiment","subjectId":"r83s8wxtkc5tm8o","trial_type":"external-html","trial_index":13,"time_elapsed":269710,"internal_node_id":"0.0-9.0-0.5"},{"rt":9975,"url":"../static/nodeGraphs.html","edge":"6to8","edgeRT":"6201","skip":"false","flipped":"False","index":"7","edgeClickLog":"[{\"edgeSelection\":\"6to8\",\"edgeRTMS\":6201}]","trial_id":"incong_7","congruency":"I","task":"experiment","subjectId":"r83s8wxtkc5tm8o","trial_type":"external-html","trial_index":14,"time_elapsed":280255,"internal_node_id":"0.0-9.0-0.6"},{"rt":10895,"url":"../static/nodeGraphs.html","edge":"2to4","edgeRT":"8370","skip":"false","flipped":"False","index":"8","edgeClickLog":"[{\"edgeSelection\":\"2to4\",\"edgeRTMS\":8370}]","trial_id":"incong_8","congruency":"I","task":"experiment","subjectId":"r83s8wxtkc5tm8o","trial_type":"external-html","trial_index":15,"time_elapsed":291696,"internal_node_id":"0.0-9.0-0.7"},{"rt":6752,"url":"../static/nodeGraphs.html","edge":"2to6","edgeRT":"5654","skip":"false","flipped":"True","index":"15","edgeClickLog":"[{\"edgeSelection\":\"2to6\",\"edgeRTMS\":5654}]","trial_id":"incong_5_flipped","congruency":"I","task":"experiment","subjectId":"r83s8wxtkc5tm8o","trial_type":"external-html","trial_index":16,"time_elapsed":299010,"internal_node_id":"0.0-9.0-0.8"},{"rt":6331,"url":"../static/nodeGraphs.html","edge":"2to4","edgeRT":"3400","skip":"false","flipped":"False","index":"0","edgeClickLog":"[{\"edgeSelection\":\"2to4\",\"edgeRTMS\":3400}]","trial_id":"incong_0","congruency":"I","task":"experiment","subjectId":"r83s8wxtkc5tm8o","trial_type":"external-html","trial_index":17,"time_elapsed":305897,"internal_node_id":"0.0-9.0-0.9"},{"rt":9044,"url":"../static/nodeGraphs.html","edge":"5to7","edgeRT":"8227","skip":"false","flipped":"True","index":"19","edgeClickLog":"[{\"edgeSelection\":\"5to8\",\"edgeRTMS\":3120},{\"edgeSelection\":\"5to7\",\"edgeRTMS\":4805},{\"edgeSelection\":\"5to8\",\"edgeRTMS\":7314},{\"edgeSelection\":\"5to7\",\"edgeRTMS\":8227}]","trial_id":"incong_9_flipped","congruency":"I","task":"experiment","subjectId":"r83s8wxtkc5tm8o","trial_type":"external-html","trial_index":18,"time_elapsed":315485,"internal_node_id":"0.0-9.0-0.10"},{"rt":6301,"url":"../static/nodeGraphs.html","edge":"0to3","edgeRT":"5132","skip":"false","flipped":"False","index":"4","edgeClickLog":"[{\"edgeSelection\":\"0to3\",\"edgeRTMS\":5132}]","trial_id":"incong_4","congruency":"I","task":"experiment","subjectId":"r83s8wxtkc5tm8o","trial_type":"external-html","trial_index":19,"time_elapsed":322330,"internal_node_id":"0.0-9.0-0.11"},{"rt":6611,"url":"../static/nodeGraphs.html","edge":"2to4","edgeRT":"5307","skip":"false","flipped":"False","index":"6","edgeClickLog":"[{\"edgeSelection\":\"2to4\",\"edgeRTMS\":5307}]","trial_id":"incong_6","congruency":"I","task":"experiment","subjectId":"r83s8wxtkc5tm8o","trial_type":"external-html","trial_index":20,"time_elapsed":329486,"internal_node_id":"0.0-9.0-0.12"},{"rt":15458,"url":"../static/nodeGraphs.html","edge":"5to7","edgeRT":"14484","skip":"false","flipped":"True","index":"14","edgeClickLog":"[{\"edgeSelection\":\"3to5\",\"edgeRTMS\":11210},{\"edgeSelection\":\"0to3\",\"edgeRTMS\":11997},{\"edgeSelection\":\"5to7\",\"edgeRTMS\":14484}]","trial_id":"incong_4_flipped","congruency":"I","task":"experiment","subjectId":"r83s8wxtkc5tm8o","trial_type":"external-html","trial_index":21,"time_elapsed":345492,"internal_node_id":"0.0-9.0-0.13"},{"rt":6383,"url":"../static/nodeGraphs.html","edge":"4to8","edgeRT":"4935","skip":"false","flipped":"False","index":"2","edgeClickLog":"[{\"edgeSelection\":\"4to8\",\"edgeRTMS\":4935}]","trial_id":"incong_2","congruency":"I","task":"experiment","subjectId":"r83s8wxtkc5tm8o","trial_type":"external-html","trial_index":22,"time_elapsed":352449,"internal_node_id":"0.0-9.0-0.14"},{"rt":5989,"url":"../static/nodeGraphs.html","edge":"6to8","edgeRT":"4673","skip":"false","flipped":"True","index":"17","edgeClickLog":"[{\"edgeSelection\":\"6to8\",\"edgeRTMS\":4673}]","trial_id":"incong_7_flipped","congruency":"I","task":"experiment","subjectId":"r83s8wxtkc5tm8o","trial_type":"external-html","trial_index":23,"time_elapsed":358987,"internal_node_id":"0.0-9.0-0.15"},{"rt":10570,"url":"../static/nodeGraphs.html","edge":"6to8","edgeRT":"6507","skip":"false","flipped":"True","index":"12","edgeClickLog":"[{\"edgeSelection\":\"6to8\",\"edgeRTMS\":6507}]","trial_id":"incong_2_flipped","congruency":"I","task":"experiment","subjectId":"r83s8wxtkc5tm8o","trial_type":"external-html","trial_index":24,"time_elapsed":370101,"internal_node_id":"0.0-9.0-0.16"},{"rt":6864,"url":"../static/nodeGraphs.html","edge":"3to5","edgeRT":"4411","skip":"false","flipped":"True","index":"18","edgeClickLog":"[{\"edgeSelection\":\"3to5\",\"edgeRTMS\":4411}]","trial_id":"incong_8_flipped","congruency":"I","task":"experiment","subjectId":"r83s8wxtkc5tm8o","trial_type":"external-html","trial_index":25,"time_elapsed":377516,"internal_node_id":"0.0-9.0-0.17"},{"rt":29118,"url":"../static/nodeGraphs.html","edge":"0to2","edgeRT":"16791","skip":"false","flipped":"False","index":"3","edgeClickLog":"[{\"edgeSelection\":\"0to2\",\"edgeRTMS\":16791}]","trial_id":"incong_3","congruency":"I","task":"experiment","subjectId":"r83s8wxtkc5tm8o","trial_type":"external-html","trial_index":26,"time_elapsed":407202,"internal_node_id":"0.0-9.0-0.18"},{"rt":12541,"url":"../static/nodeGraphs.html","edge":"2to4","edgeRT":"7970","skip":"false","flipped":"False","index":"5","edgeClickLog":"[{\"edgeSelection\":\"2to4\",\"edgeRTMS\":7970}]","trial_id":"incong_5","congruency":"I","task":"experiment","subjectId":"r83s8wxtkc5tm8o","trial_type":"external-html","trial_index":27,"time_elapsed":420335,"internal_node_id":"0.0-9.0-0.19"},{"rt":13794,"url":"../static/nodeGraphs.html","edge":"3to6","edgeRT":"11171","skip":"false","flipped":"False","index":"20","edgeClickLog":"[{\"edgeSelection\":\"3to6\",\"edgeRTMS\":11171}]","trial_id":"test_0","congruency":"I","task":"experiment","subjectId":"r83s8wxtkc5tm8o","trial_type":"external-html","trial_index":28,"time_elapsed":434679,"internal_node_id":"0.0-9.0-0.20"},{"rt":10170,"url":"../static/nodeGraphs.html","edge":"0to3","edgeRT":"8708","skip":"false","flipped":"False","index":"21","edgeClickLog":"[{\"edgeSelection\":\"0to3\",\"edgeRTMS\":8708}]","trial_id":"test_1","congruency":"I","task":"experiment","subjectId":"r83s8wxtkc5tm8o","trial_type":"external-html","trial_index":29,"time_elapsed":445393,"internal_node_id":"0.0-9.0-0.21"},{"rt":6830,"url":"../static/nodeGraphs.html","edge":"0to3","edgeRT":"5569","skip":"false","flipped":"False","index":"22","edgeClickLog":"[{\"edgeSelection\":\"0to3\",\"edgeRTMS\":5569}]","trial_id":"test_2","congruency":"I","task":"experiment","subjectId":"r83s8wxtkc5tm8o","trial_type":"external-html","trial_index":30,"time_elapsed":452779,"internal_node_id":"0.0-9.0-0.22"},{"rt":7286,"url":"../static/nodeGraphs.html","edge":"0to1","edgeRT":"5203","skip":"false","flipped":"False","index":"23","edgeClickLog":"[{\"edgeSelection\":\"0to1\",\"edgeRTMS\":5203}]","trial_id":"test_3","congruency":"I","task":"experiment","subjectId":"r83s8wxtkc5tm8o","trial_type":"external-html","trial_index":31,"time_elapsed":460627,"internal_node_id":"0.0-9.0-0.23"},{"rt":9480,"url":"../static/nodeGraphs.html","edge":"6to8","edgeRT":"8290","skip":"false","flipped":"False","index":"24","edgeClickLog":"[{\"edgeSelection\":\"6to8\",\"edgeRTMS\":8290}]","trial_id":"test_4","congruency":"I","task":"experiment","subjectId":"r83s8wxtkc5tm8o","trial_type":"external-html","trial_index":32,"time_elapsed":470657,"internal_node_id":"0.0-9.0-0.24"},{"rt":33688,"response":{"P0_Q0":null,"P0_Q1":6,"P0_Q2":5,"P0_Q3":5,"P0_Q4":6,"P0_Q5":4,"strategies":"Looking for the edge that led to the most points","feedback":""},"accuracy":[],"trial_type":"survey","trial_index":33,"time_elapsed":504889,"internal_node_id":"0.0-10.0"},{"rt":4382,"stimulus":"<p>Thanks for your time!</p>        <p>We need to manually calculate your bonus pay, please give us up to 7 days.</p><p>Press any key to conclude.</p>","response":" ","task":"end","subjectId":"r83s8wxtkc5tm8o","trial_type":"html-keyboard-response","trial_index":34,"time_elapsed":509273,"internal_node_id":"0.0-11.0","interactions":"[{\"event\":\"fullscreenenter\",\"trial\":1,\"time\":3710},{\"event\":\"blur\",\"trial\":21,\"time\":336694},{\"event\":\"focus\",\"trial\":21,\"time\":336694},{\"event\":\"fullscreenexit\",\"trial\":21,\"time\":336701}]"}]