[{"success":true,"timeout":false,"failed_images":[],"failed_audio":[],"failed_video":[],"trial_type":"preload","trial_index":0,"time_elapsed":269,"internal_node_id":"0.0-0.0"},{"success":true,"trial_type":"fullscreen","trial_index":1,"time_elapsed":4248,"internal_node_id":"0.0-1.0"},{"rt":3138,"stimulus":"Welcome to the experiment. Press any key to begin.","response":" ","trial_type":"html-keyboard-response","trial_index":2,"time_elapsed":7389,"internal_node_id":"0.0-2.0"},{"view_history":[{"page_index":0,"viewing_time":2174},{"page_index":1,"viewing_time":3025},{"page_index":2,"viewing_time":22630},{"page_index":3,"viewing_time":4610},{"page_index":4,"viewing_time":732},{"page_index":5,"viewing_time":587},{"page_index":6,"viewing_time":5853},{"page_index":7,"viewing_time":3616},{"page_index":8,"viewing_time":8537},{"page_index":9,"viewing_time":7182},{"page_index":10,"viewing_time":1062},{"page_index":11,"viewing_time":484},{"page_index":12,"viewing_time":430},{"page_index":13,"viewing_time":1133},{"page_index":14,"viewing_time":1883},{"page_index":15,"viewing_time":3614},{"page_index":16,"viewing_time":509},{"page_index":17,"viewing_time":384},{"page_index":18,"viewing_time":359},{"page_index":19,"viewing_time":3526},{"page_index":20,"viewing_time":3298},{"page_index":21,"viewing_time":2923}],"rt":78549,"trial_type":"instructions","trial_index":3,"time_elapsed":85939,"internal_node_id":"0.0-3.0"},{"rt":40520,"url":"../static/nodeGraphsTraining.html","skip":[],"edgeClickLog":[],"trial_type":"external-html","trial_index":4,"time_elapsed":126524,"internal_node_id":"0.0-4.0"},{"rt":14705,"response":{"q1":"The goal is to help the student to get the most points","q2":"False","q3":"Possible paths you, as the teacher, can choose to teach the learner.","q4":"Paths that the student took before."},"question_order":[0,1,2,3],"trial_type":"survey-multi-choice","trial_index":5,"time_elapsed":141232,"internal_node_id":"0.0-5.0"},{"rt":2782,"stimulus":"<p>You can take a 60 second break before starting the experiment.</p><br><br><p>This page will advance in 60 seconds or you can press any key to advance now.</p>","response":" ","trial_type":"html-keyboard-response","trial_index":6,"time_elapsed":144015,"internal_node_id":"0.0-7.0"},{"view_history":[{"page_index":0,"viewing_time":8819}],"rt":8819,"trial_type":"instructions","trial_index":7,"time_elapsed":152835,"internal_node_id":"0.0-8.0"},{"rt":6255,"url":"../static/nodeGraphs.html","edge":"1to5","edgeRT":"4523","skip":"false","flipped":"True","index":"10","edgeClickLog":"[{\"edgeSelection\":\"1to5\",\"edgeRTMS\":4523}]","trial_id":"incong_0_flipped","congruency":"I","task":"experiment","subjectId":"vp0hqj7hqt4kr2d","trial_type":"external-html","trial_index":8,"time_elapsed":159152,"internal_node_id":"0.0-9.0-0.0"},{"rt":11898,"url":"../static/nodeGraphs.html","edge":"5to8","edgeRT":"10582","skip":"false","flipped":"False","index":"5","edgeClickLog":"[{\"edgeSelection\":\"5to8\",\"edgeRTMS\":10582}]","trial_id":"incong_5","congruency":"I","task":"experiment","subjectId":"vp0hqj7hqt4kr2d","trial_type":"external-html","trial_index":9,"time_elapsed":171613,"internal_node_id":"0.0-9.0-0.1"},{"rt":4940,"url":"../static/nodeGraphs.html","edge":"6to8","edgeRT":"3587","skip":"false","flipped":"True","index":"19","edgeClickLog":"[{\"edgeSelection\":\"6to8\",\"edgeRTMS\":3587}]","trial_id":"incong_9_flipped","congruency":"I","task":"experiment","subjectId":"vp0hqj7hqt4kr2d","trial_type":"external-html","trial_index":10,"time_elapsed":177113,"internal_node_id":"0.0-9.0-0.2"},{"rt":9382,"url":"../static/nodeGraphs.html","edge":"6to9","edgeRT":"6169","skip":"false","flipped":"False","index":"1","edgeClickLog":"[{\"edgeSelection\":\"6to9\",\"edgeRTMS\":6169}]","trial_id":"incong_1","congruency":"I","task":"experiment","subjectId":"vp0hqj7hqt4kr2d","trial_type":"external-html","trial_index":11,"time_elapsed":187055,"internal_node_id":"0.0-9.0-0.3"},{"rt":9270,"url":"../static/nodeGraphs.html","edge":"0to1","edgeRT":"7569","skip":"false","flipped":"False","index":"8","edgeClickLog":"[{\"edgeSelection\":\"5to8\",\"edgeRTMS\":2846},{\"edgeSelection\":\"5to8\",\"edgeRTMS\":6384},{\"edgeSelection\":\"0to1\",\"edgeRTMS\":7569}]","trial_id":"incong_8","congruency":"I","task":"experiment","subjectId":"vp0hqj7hqt4kr2d","trial_type":"external-html","trial_index":12,"time_elapsed":196887,"internal_node_id":"0.0-9.0-0.4"},{"rt":13293,"url":"../static/nodeGraphs.html","edge":"5to8","edgeRT":"10319","skip":"false","flipped":"True","index":"15","edgeClickLog":"[{\"edgeSelection\":\"5to8\",\"edgeRTMS\":10319}]","trial_id":"incong_5_flipped","congruency":"I","task":"experiment","subjectId":"vp0hqj7hqt4kr2d","trial_type":"external-html","trial_index":13,"time_elapsed":210739,"internal_node_id":"0.0-9.0-0.5"},{"rt":5821,"url":"../static/nodeGraphs.html","edge":"0to2","edgeRT":"4358","skip":"false","flipped":"False","index":"3","edgeClickLog":"[{\"edgeSelection\":\"0to2\",\"edgeRTMS\":4358}]","trial_id":"incong_3","congruency":"I","task":"experiment","subjectId":"vp0hqj7hqt4kr2d","trial_type":"external-html","trial_index":14,"time_elapsed":217119,"internal_node_id":"0.0-9.0-0.6"},{"rt":5532,"url":"../static/nodeGraphs.html","edge":"0to2","edgeRT":"4134","skip":"false","flipped":"True","index":"12","edgeClickLog":"[{\"edgeSelection\":\"0to2\",\"edgeRTMS\":4134}]","trial_id":"incong_2_flipped","congruency":"I","task":"experiment","subjectId":"vp0hqj7hqt4kr2d","trial_type":"external-html","trial_index":15,"time_elapsed":223211,"internal_node_id":"0.0-9.0-0.7"},{"rt":7240,"url":"../static/nodeGraphs.html","edge":"0to1","edgeRT":"4737","skip":"false","flipped":"False","index":"0","edgeClickLog":"[{\"edgeSelection\":\"0to1\",\"edgeRTMS\":4737}]","trial_id":"incong_0","congruency":"I","task":"experiment","subjectId":"vp0hqj7hqt4kr2d","trial_type":"external-html","trial_index":16,"time_elapsed":231011,"internal_node_id":"0.0-9.0-0.8"},{"rt":5908,"url":"../static/nodeGraphs.html","edge":"0to3","edgeRT":"3384","skip":"false","flipped":"True","index":"18","edgeClickLog":"[{\"edgeSelection\":\"0to3\",\"edgeRTMS\":3384}]","trial_id":"incong_8_flipped","congruency":"I","task":"experiment","subjectId":"vp0hqj7hqt4kr2d","trial_type":"external-html","trial_index":17,"time_elapsed":237473,"internal_node_id":"0.0-9.0-0.9"},{"rt":6236,"url":"../static/nodeGraphs.html","edge":"0to3","edgeRT":"2280","skip":"false","flipped":"True","index":"14","edgeClickLog":"[{\"edgeSelection\":\"0to3\",\"edgeRTMS\":2280}]","trial_id":"incong_4_flipped","congruency":"I","task":"experiment","subjectId":"vp0hqj7hqt4kr2d","trial_type":"external-html","trial_index":18,"time_elapsed":244270,"internal_node_id":"0.0-9.0-0.10"},{"rt":4981,"url":"../static/nodeGraphs.html","edge":"0to1","edgeRT":"3150","skip":"false","flipped":"False","index":"6","edgeClickLog":"[{\"edgeSelection\":\"0to1\",\"edgeRTMS\":3150}]","trial_id":"incong_6","congruency":"I","task":"experiment","subjectId":"vp0hqj7hqt4kr2d","trial_type":"external-html","trial_index":19,"time_elapsed":249805,"internal_node_id":"0.0-9.0-0.11"},{"rt":5974,"url":"../static/nodeGraphs.html","edge":"4to7","edgeRT":"4860","skip":"false","flipped":"True","index":"11","edgeClickLog":"[{\"edgeSelection\":\"4to7\",\"edgeRTMS\":4860}]","trial_id":"incong_1_flipped","congruency":"I","task":"experiment","subjectId":"vp0hqj7hqt4kr2d","trial_type":"external-html","trial_index":20,"time_elapsed":256331,"internal_node_id":"0.0-9.0-0.12"},{"rt":5097,"url":"../static/nodeGraphs.html","edge":"4to8","edgeRT":"3806","skip":"false","flipped":"False","index":"9","edgeClickLog":"[{\"edgeSelection\":\"4to8\",\"edgeRTMS\":3806}]","trial_id":"incong_9","congruency":"I","task":"experiment","subjectId":"vp0hqj7hqt4kr2d","trial_type":"external-html","trial_index":21,"time_elapsed":261981,"internal_node_id":"0.0-9.0-0.13"},{"rt":3077,"url":"../static/nodeGraphs.html","edge":"5to8","edgeRT":"1913","skip":"false","flipped":"False","index":"7","edgeClickLog":"[{\"edgeSelection\":\"5to8\",\"edgeRTMS\":1913}]","trial_id":"incong_7","congruency":"I","task":"experiment","subjectId":"vp0hqj7hqt4kr2d","trial_type":"external-html","trial_index":22,"time_elapsed":265612,"internal_node_id":"0.0-9.0-0.14"},{"rt":5799,"url":"../static/nodeGraphs.html","edge":"0to2","edgeRT":"3940","skip":"false","flipped":"False","index":"2","edgeClickLog":"[{\"edgeSelection\":\"0to2\",\"edgeRTMS\":3940}]","trial_id":"incong_2","congruency":"I","task":"experiment","subjectId":"vp0hqj7hqt4kr2d","trial_type":"external-html","trial_index":23,"time_elapsed":271964,"internal_node_id":"0.0-9.0-0.15"},{"rt":6331,"url":"../static/nodeGraphs.html","edge":"0to3","edgeRT":"4975","skip":"false","flipped":"False","index":"4","edgeClickLog":"[{\"edgeSelection\":\"0to1\",\"edgeRTMS\":3272},{\"edgeSelection\":\"0to3\",\"edgeRTMS\":4975}]","trial_id":"incong_4","congruency":"I","task":"experiment","subjectId":"vp0hqj7hqt4kr2d","trial_type":"external-html","trial_index":24,"time_elapsed":278852,"internal_node_id":"0.0-9.0-0.16"},{"rt":3953,"url":"../static/nodeGraphs.html","edge":"0to3","edgeRT":"2655","skip":"false","flipped":"True","index":"16","edgeClickLog":"[{\"edgeSelection\":\"0to3\",\"edgeRTMS\":2655}]","trial_id":"incong_6_flipped","congruency":"I","task":"experiment","subjectId":"vp0hqj7hqt4kr2d","trial_type":"external-html","trial_index":25,"time_elapsed":283374,"internal_node_id":"0.0-9.0-0.17"},{"rt":3372,"url":"../static/nodeGraphs.html","edge":"0to2","edgeRT":"1624","skip":"false","flipped":"True","index":"13","edgeClickLog":"[{\"edgeSelection\":\"0to2\",\"edgeRTMS\":1624}]","trial_id":"incong_3_flipped","congruency":"I","task":"experiment","subjectId":"vp0hqj7hqt4kr2d","trial_type":"external-html","trial_index":26,"time_elapsed":287300,"internal_node_id":"0.0-9.0-0.18"},{"rt":8501,"url":"../static/nodeGraphs.html","edge":"0to2","edgeRT":"7390","skip":"false","flipped":"True","index":"17","edgeClickLog":"[{\"edgeSelection\":\"0to2\",\"edgeRTMS\":7390}]","trial_id":"incong_7_flipped","congruency":"I","task":"experiment","subjectId":"vp0hqj7hqt4kr2d","trial_type":"external-html","trial_index":27,"time_elapsed":296356,"internal_node_id":"0.0-9.0-0.19"},{"rt":6226,"url":"../static/nodeGraphs.html","edge":"3to6","edgeRT":"4911","skip":"false","flipped":"False","index":"20","edgeClickLog":"[{\"edgeSelection\":\"0to1\",\"edgeRTMS\":1974},{\"edgeSelection\":\"3to6\",\"edgeRTMS\":4911}]","trial_id":"test_0","congruency":"I","task":"experiment","subjectId":"vp0hqj7hqt4kr2d","trial_type":"external-html","trial_index":28,"time_elapsed":303138,"internal_node_id":"0.0-9.0-0.20"},{"rt":5033,"url":"../static/nodeGraphs.html","edge":"0to3","edgeRT":"3794","skip":"false","flipped":"False","index":"21","edgeClickLog":"[{\"edgeSelection\":\"0to3\",\"edgeRTMS\":3794}]","trial_id":"test_1","congruency":"I","task":"experiment","subjectId":"vp0hqj7hqt4kr2d","trial_type":"external-html","trial_index":29,"time_elapsed":308732,"internal_node_id":"0.0-9.0-0.21"},{"rt":4997,"url":"../static/nodeGraphs.html","edge":"0to3","edgeRT":"2808","skip":"false","flipped":"False","index":"22","edgeClickLog":"[{\"edgeSelection\":\"0to3\",\"edgeRTMS\":2808}]","trial_id":"test_2","congruency":"I","task":"experiment","subjectId":"vp0hqj7hqt4kr2d","trial_type":"external-html","trial_index":30,"time_elapsed":314287,"internal_node_id":"0.0-9.0-0.22"},{"rt":5734,"url":"../static/nodeGraphs.html","edge":"0to1","edgeRT":"2601","skip":"false","flipped":"False","index":"23","edgeClickLog":"[{\"edgeSelection\":\"0to1\",\"edgeRTMS\":2601}]","trial_id":"test_3","congruency":"I","task":"experiment","subjectId":"vp0hqj7hqt4kr2d","trial_type":"external-html","trial_index":31,"time_elapsed":320582,"internal_node_id":"0.0-9.0-0.23"},{"rt":12014,"url":"../static/nodeGraphs.html","edge":"1to5","edgeRT":"9663","skip":"false","flipped":"False","index":"24","edgeClickLog":"[{\"edgeSelection\":\"1to5\",\"edgeRTMS\":9663}]","trial_id":"test_4","congruency":"I","task":"experiment","subjectId":"vp0hqj7hqt4kr2d","trial_type":"external-html","trial_index":32,"time_elapsed":333156,"internal_node_id":"0.0-9.0-0.24"},{"rt":23597,"response":{"P0_Q0":null,"P0_Q1":5,"P0_Q2":7,"P0_Q3":6,"P0_Q4":7,"P0_Q5":2,"strategies":"Increase either at the beginning or end of the line","feedback":""},"accuracy":[],"trial_type":"survey","trial_index":33,"time_elapsed":357306,"internal_node_id":"0.0-10.0"},{"rt":4498,"stimulus":"<p>Thanks for your time!</p>        <p>We need to manually calculate your bonus pay, please give us up to 7 days.</p><p>Press any key to conclude.</p>","response":" ","task":"end","subjectId":"vp0hqj7hqt4kr2d","trial_type":"html-keyboard-response","trial_index":34,"time_elapsed":361807,"internal_node_id":"0.0-11.0","interactions":"[{\"event\":\"fullscreenenter\",\"trial\":1,\"time\":3277}]"}]