[{"success":true,"timeout":false,"failed_images":[],"failed_audio":[],"failed_video":[],"trial_type":"preload","trial_index":0,"time_elapsed":492,"internal_node_id":"0.0-0.0"},{"success":true,"trial_type":"fullscreen","trial_index":1,"time_elapsed":5252,"internal_node_id":"0.0-1.0"},{"rt":2690,"stimulus":"Welcome to the experiment. Press any key to begin.","response":"a","trial_type":"html-keyboard-response","trial_index":2,"time_elapsed":7946,"internal_node_id":"0.0-2.0"},{"view_history":[{"page_index":0,"viewing_time":4892},{"page_index":1,"viewing_time":6943},{"page_index":2,"viewing_time":35303},{"page_index":3,"viewing_time":2897},{"page_index":4,"viewing_time":1225},{"page_index":5,"viewing_time":904},{"page_index":6,"viewing_time":2143},{"page_index":7,"viewing_time":9089},{"page_index":8,"viewing_time":28009},{"page_index":9,"viewing_time":6304},{"page_index":10,"viewing_time":2296},{"page_index":11,"viewing_time":727},{"page_index":12,"viewing_time":656},{"page_index":13,"viewing_time":1657},{"page_index":14,"viewing_time":6335},{"page_index":15,"viewing_time":18758},{"page_index":16,"viewing_time":3186},{"page_index":17,"viewing_time":617},{"page_index":18,"viewing_time":1072},{"page_index":19,"viewing_time":6080},{"page_index":20,"viewing_time":6583},{"page_index":21,"viewing_time":5272}],"rt":150947,"trial_type":"instructions","trial_index":3,"time_elapsed":158894,"internal_node_id":"0.0-3.0"},{"rt":102633,"url":"../static/nodeGraphsTraining.html","skip":[],"edgeClickLog":[],"trial_type":"external-html","trial_index":4,"time_elapsed":261687,"internal_node_id":"0.0-4.0"},{"rt":23700,"response":{"q1":"The goal is to help the student to get the most points","q2":"False","q3":"Possible paths you, as the teacher, can choose to teach the learner.","q4":"Paths that the student took before."},"question_order":[0,1,2,3],"trial_type":"survey-multi-choice","trial_index":5,"time_elapsed":285391,"internal_node_id":"0.0-5.0"},{"rt":6579,"stimulus":"<p>You can take a 60 second break before starting the experiment.</p><br><br><p>This page will advance in 60 seconds or you can press any key to advance now.</p>","response":" ","trial_type":"html-keyboard-response","trial_index":6,"time_elapsed":291973,"internal_node_id":"0.0-7.0"},{"view_history":[{"page_index":0,"viewing_time":16527}],"rt":16527,"trial_type":"instructions","trial_index":7,"time_elapsed":308501,"internal_node_id":"0.0-8.0"},{"rt":8914,"url":"../static/nodeGraphs.html","edge":"2to6","edgeRT":"7226","skip":"false","flipped":"False","index":"1","edgeClickLog":"[{\"edgeSelection\":\"2to6\",\"edgeRTMS\":7226}]","trial_id":"cong_1","congruency":"C","task":"experiment","subjectId":"4z4etyvzgu5ua4m","trial_type":"external-html","trial_index":8,"time_elapsed":317601,"internal_node_id":"0.0-9.0-0.0"},{"rt":13944,"url":"../static/nodeGraphs.html","edge":"0to2","edgeRT":"10269","skip":"false","flipped":"True","index":"17","edgeClickLog":"[{\"edgeSelection\":\"0to2\",\"edgeRTMS\":10269}]","trial_id":"cong_7_flipped","congruency":"C","task":"experiment","subjectId":"4z4etyvzgu5ua4m","trial_type":"external-html","trial_index":9,"time_elapsed":332232,"internal_node_id":"0.0-9.0-0.1"},{"rt":9655,"url":"../static/nodeGraphs.html","edge":"2to5","edgeRT":"8028","skip":"false","flipped":"False","index":"6","edgeClickLog":"[{\"edgeSelection\":\"2to5\",\"edgeRTMS\":8028}]","trial_id":"cong_6","congruency":"C","task":"experiment","subjectId":"4z4etyvzgu5ua4m","trial_type":"external-html","trial_index":10,"time_elapsed":342584,"internal_node_id":"0.0-9.0-0.2"},{"rt":13702,"url":"../static/nodeGraphs.html","edge":"5to7","edgeRT":"9106","skip":"false","flipped":"True","index":"12","edgeClickLog":"[{\"edgeSelection\":\"5to7\",\"edgeRTMS\":9106}]","trial_id":"cong_2_flipped","congruency":"C","task":"experiment","subjectId":"4z4etyvzgu5ua4m","trial_type":"external-html","trial_index":11,"time_elapsed":356952,"internal_node_id":"0.0-9.0-0.3"},{"rt":9783,"url":"../static/nodeGraphs.html","edge":"2to6","edgeRT":"4923","skip":"false","flipped":"True","index":"14","edgeClickLog":"[{\"edgeSelection\":\"2to6\",\"edgeRTMS\":4923}]","trial_id":"cong_4_flipped","congruency":"C","task":"experiment","subjectId":"4z4etyvzgu5ua4m","trial_type":"external-html","trial_index":12,"time_elapsed":367415,"internal_node_id":"0.0-9.0-0.4"},{"rt":13846,"url":"../static/nodeGraphs.html","edge":"3to5","edgeRT":"12236","skip":"false","flipped":"False","index":"3","edgeClickLog":"[{\"edgeSelection\":\"3to5\",\"edgeRTMS\":12236}]","trial_id":"cong_3","congruency":"C","task":"experiment","subjectId":"4z4etyvzgu5ua4m","trial_type":"external-html","trial_index":13,"time_elapsed":381933,"internal_node_id":"0.0-9.0-0.5"},{"rt":7967,"url":"../static/nodeGraphs.html","edge":"1to4","edgeRT":"5583","skip":"false","flipped":"False","index":"0","edgeClickLog":"[{\"edgeSelection\":\"1to4\",\"edgeRTMS\":5583}]","trial_id":"cong_0","congruency":"C","task":"experiment","subjectId":"4z4etyvzgu5ua4m","trial_type":"external-html","trial_index":14,"time_elapsed":390573,"internal_node_id":"0.0-9.0-0.6"},{"rt":11302,"url":"../static/nodeGraphs.html","edge":"1to4","edgeRT":"9655","skip":"false","flipped":"False","index":"8","edgeClickLog":"[{\"edgeSelection\":\"1to4\",\"edgeRTMS\":9655}]","trial_id":"cong_8","congruency":"C","task":"experiment","subjectId":"4z4etyvzgu5ua4m","trial_type":"external-html","trial_index":15,"time_elapsed":402552,"internal_node_id":"0.0-9.0-0.7"},{"rt":13590,"url":"../static/nodeGraphs.html","edge":"2to4","edgeRT":"10890","skip":"false","flipped":"False","index":"4","edgeClickLog":"[{\"edgeSelection\":\"2to4\",\"edgeRTMS\":10890}]","trial_id":"cong_4","congruency":"C","task":"experiment","subjectId":"4z4etyvzgu5ua4m","trial_type":"external-html","trial_index":16,"time_elapsed":416839,"internal_node_id":"0.0-9.0-0.8"},{"rt":10177,"url":"../static/nodeGraphs.html","edge":"0to3","edgeRT":"7219","skip":"false","flipped":"True","index":"15","edgeClickLog":"[{\"edgeSelection\":\"0to3\",\"edgeRTMS\":7219}]","trial_id":"cong_5_flipped","congruency":"C","task":"experiment","subjectId":"4z4etyvzgu5ua4m","trial_type":"external-html","trial_index":17,"time_elapsed":427678,"internal_node_id":"0.0-9.0-0.9"},{"rt":11424,"url":"../static/nodeGraphs.html","edge":"3to6","edgeRT":"9892","skip":"false","flipped":"True","index":"18","edgeClickLog":"[{\"edgeSelection\":\"3to6\",\"edgeRTMS\":9892}]","trial_id":"cong_8_flipped","congruency":"C","task":"experiment","subjectId":"4z4etyvzgu5ua4m","trial_type":"external-html","trial_index":18,"time_elapsed":439791,"internal_node_id":"0.0-9.0-0.10"},{"rt":7751,"url":"../static/nodeGraphs.html","edge":"2to5","edgeRT":"3568","skip":"false","flipped":"False","index":"9","edgeClickLog":"[{\"edgeSelection\":\"2to5\",\"edgeRTMS\":3568}]","trial_id":"cong_9","congruency":"C","task":"experiment","subjectId":"4z4etyvzgu5ua4m","trial_type":"external-html","trial_index":19,"time_elapsed":448239,"internal_node_id":"0.0-9.0-0.11"},{"rt":18773,"url":"../static/nodeGraphs.html","edge":"1to5","edgeRT":"13246","skip":"false","flipped":"True","index":"13","edgeClickLog":"[{\"edgeSelection\":\"1to5\",\"edgeRTMS\":13246}]","trial_id":"cong_3_flipped","congruency":"C","task":"experiment","subjectId":"4z4etyvzgu5ua4m","trial_type":"external-html","trial_index":20,"time_elapsed":467703,"internal_node_id":"0.0-9.0-0.12"},{"rt":10053,"url":"../static/nodeGraphs.html","edge":"3to6","edgeRT":"5650","skip":"false","flipped":"True","index":"10","edgeClickLog":"[{\"edgeSelection\":\"3to6\",\"edgeRTMS\":5650}]","trial_id":"cong_0_flipped","congruency":"C","task":"experiment","subjectId":"4z4etyvzgu5ua4m","trial_type":"external-html","trial_index":21,"time_elapsed":478405,"internal_node_id":"0.0-9.0-0.13"},{"rt":8401,"url":"../static/nodeGraphs.html","edge":"2to4","edgeRT":"6039","skip":"false","flipped":"True","index":"11","edgeClickLog":"[{\"edgeSelection\":\"2to4\",\"edgeRTMS\":6039}]","trial_id":"cong_1_flipped","congruency":"C","task":"experiment","subjectId":"4z4etyvzgu5ua4m","trial_type":"external-html","trial_index":22,"time_elapsed":487454,"internal_node_id":"0.0-9.0-0.14"},{"rt":10430,"url":"../static/nodeGraphs.html","edge":"2to4","edgeRT":"9224","skip":"false","flipped":"False","index":"7","edgeClickLog":"[{\"edgeSelection\":\"2to4\",\"edgeRTMS\":9224}]","trial_id":"cong_7","congruency":"C","task":"experiment","subjectId":"4z4etyvzgu5ua4m","trial_type":"external-html","trial_index":23,"time_elapsed":498559,"internal_node_id":"0.0-9.0-0.15"},{"rt":12105,"url":"../static/nodeGraphs.html","edge":"0to1","edgeRT":"9638","skip":"false","flipped":"False","index":"5","edgeClickLog":"[{\"edgeSelection\":\"0to1\",\"edgeRTMS\":9638}]","trial_id":"cong_5","congruency":"C","task":"experiment","subjectId":"4z4etyvzgu5ua4m","trial_type":"external-html","trial_index":24,"time_elapsed":511309,"internal_node_id":"0.0-9.0-0.16"},{"rt":8411,"url":"../static/nodeGraphs.html","edge":"2to5","edgeRT":"6008","skip":"false","flipped":"True","index":"16","edgeClickLog":"[{\"edgeSelection\":\"2to5\",\"edgeRTMS\":6008}]","trial_id":"cong_6_flipped","congruency":"C","task":"experiment","subjectId":"4z4etyvzgu5ua4m","trial_type":"external-html","trial_index":25,"time_elapsed":520423,"internal_node_id":"0.0-9.0-0.17"},{"rt":11792,"url":"../static/nodeGraphs.html","edge":"5to9","edgeRT":"10555","skip":"false","flipped":"False","index":"2","edgeClickLog":"[{\"edgeSelection\":\"5to9\",\"edgeRTMS\":10555}]","trial_id":"cong_2","congruency":"C","task":"experiment","subjectId":"4z4etyvzgu5ua4m","trial_type":"external-html","trial_index":26,"time_elapsed":532887,"internal_node_id":"0.0-9.0-0.18"},{"rt":8397,"url":"../static/nodeGraphs.html","edge":"2to5","edgeRT":"5019","skip":"false","flipped":"True","index":"19","edgeClickLog":"[{\"edgeSelection\":\"2to5\",\"edgeRTMS\":5019}]","trial_id":"cong_9_flipped","congruency":"C","task":"experiment","subjectId":"4z4etyvzgu5ua4m","trial_type":"external-html","trial_index":27,"time_elapsed":541950,"internal_node_id":"0.0-9.0-0.19"},{"rt":29726,"url":"../static/nodeGraphs.html","edge":"2to6","edgeRT":"13077","skip":"false","flipped":"False","index":"20","edgeClickLog":"[{\"edgeSelection\":\"2to6\",\"edgeRTMS\":13077}]","trial_id":"test_0","congruency":"I","task":"experiment","subjectId":"4z4etyvzgu5ua4m","trial_type":"external-html","trial_index":28,"time_elapsed":572373,"internal_node_id":"0.0-9.0-0.20"},{"rt":11336,"url":"../static/nodeGraphs.html","edge":"0to3","edgeRT":"8972","skip":"false","flipped":"False","index":"21","edgeClickLog":"[{\"edgeSelection\":\"0to3\",\"edgeRTMS\":8972}]","trial_id":"test_1","congruency":"I","task":"experiment","subjectId":"4z4etyvzgu5ua4m","trial_type":"external-html","trial_index":29,"time_elapsed":584373,"internal_node_id":"0.0-9.0-0.21"},{"rt":14435,"url":"../static/nodeGraphs.html","edge":"0to3","edgeRT":"10431","skip":"false","flipped":"False","index":"22","edgeClickLog":"[{\"edgeSelection\":\"0to3\",\"edgeRTMS\":10431}]","trial_id":"test_2","congruency":"I","task":"experiment","subjectId":"4z4etyvzgu5ua4m","trial_type":"external-html","trial_index":30,"time_elapsed":599462,"internal_node_id":"0.0-9.0-0.22"},{"rt":8462,"url":"../static/nodeGraphs.html","edge":"0to1","edgeRT":"6428","skip":"false","flipped":"False","index":"23","edgeClickLog":"[{\"edgeSelection\":\"0to1\",\"edgeRTMS\":6428}]","trial_id":"test_3","congruency":"I","task":"experiment","subjectId":"4z4etyvzgu5ua4m","trial_type":"external-html","trial_index":31,"time_elapsed":608590,"internal_node_id":"0.0-9.0-0.23"},{"rt":15645,"url":"../static/nodeGraphs.html","edge":"2to6","edgeRT":"14336","skip":"false","flipped":"False","index":"24","edgeClickLog":"[{\"edgeSelection\":\"2to6\",\"edgeRTMS\":14336}]","trial_id":"test_4","congruency":"I","task":"experiment","subjectId":"4z4etyvzgu5ua4m","trial_type":"external-html","trial_index":32,"time_elapsed":624918,"internal_node_id":"0.0-9.0-0.24"},{"rt":66417,"response":{"P0_Q0":null,"P0_Q1":5,"P0_Q2":7,"P0_Q3":5,"P0_Q4":6,"P0_Q5":2,"strategies":"Without knowing what the other person could see it was always ambigious but thought that getting the person on the right track as soon as possible would be most helpful","feedback":"no"},"accuracy":[],"trial_type":"survey","trial_index":33,"time_elapsed":691999,"internal_node_id":"0.0-10.0"},{"rt":4123,"stimulus":"<p>Thanks for your time!</p>        <p>We need to manually calculate your bonus pay, please give us up to 7 days.</p><p>Press any key to conclude.</p>","response":" ","task":"end","subjectId":"4z4etyvzgu5ua4m","trial_type":"html-keyboard-response","trial_index":34,"time_elapsed":696125,"internal_node_id":"0.0-11.0","interactions":"[{\"event\":\"fullscreenenter\",\"trial\":1,\"time\":4277}]"}]