[{"success":true,"timeout":false,"failed_images":[],"failed_audio":[],"failed_video":[],"trial_type":"preload","trial_index":0,"time_elapsed":350,"internal_node_id":"0.0-0.0"},{"success":true,"trial_type":"fullscreen","trial_index":1,"time_elapsed":4474,"internal_node_id":"0.0-1.0"},{"rt":1484,"stimulus":"Welcome to the experiment. Press any key to begin.","response":" ","trial_type":"html-keyboard-response","trial_index":2,"time_elapsed":5960,"internal_node_id":"0.0-2.0"},{"view_history":[{"page_index":0,"viewing_time":4234},{"page_index":1,"viewing_time":3871},{"page_index":2,"viewing_time":29431},{"page_index":3,"viewing_time":2264},{"page_index":4,"viewing_time":3087},{"page_index":5,"viewing_time":5496},{"page_index":6,"viewing_time":2230},{"page_index":7,"viewing_time":9208},{"page_index":8,"viewing_time":16393},{"page_index":9,"viewing_time":5918},{"page_index":10,"viewing_time":1633},{"page_index":11,"viewing_time":693},{"page_index":12,"viewing_time":492},{"page_index":13,"viewing_time":939},{"page_index":14,"viewing_time":3011},{"page_index":15,"viewing_time":6689},{"page_index":16,"viewing_time":959},{"page_index":17,"viewing_time":794},{"page_index":18,"viewing_time":461},{"page_index":19,"viewing_time":1949},{"page_index":20,"viewing_time":3550},{"page_index":21,"viewing_time":4544}],"rt":107844,"trial_type":"instructions","trial_index":3,"time_elapsed":113806,"internal_node_id":"0.0-3.0"},{"rt":38772,"url":"../static/nodeGraphsTraining.html","skip":[],"edgeClickLog":[],"trial_type":"external-html","trial_index":4,"time_elapsed":152755,"internal_node_id":"0.0-4.0"},{"rt":22240,"response":{"q1":"The goal is to help the student to get the most points","q2":"False","q3":"Possible paths you, as the teacher, can choose to teach the learner.","q4":"Paths that the student took before."},"question_order":[0,1,2,3],"trial_type":"survey-multi-choice","trial_index":5,"time_elapsed":175000,"internal_node_id":"0.0-5.0"},{"rt":4059,"stimulus":"<p>You can take a 60 second break before starting the experiment.</p><br><br><p>This page will advance in 60 seconds or you can press any key to advance now.</p>","response":" ","trial_type":"html-keyboard-response","trial_index":6,"time_elapsed":179064,"internal_node_id":"0.0-7.0"},{"view_history":[{"page_index":0,"viewing_time":6595}],"rt":6595,"trial_type":"instructions","trial_index":7,"time_elapsed":185661,"internal_node_id":"0.0-8.0"},{"rt":22490,"url":"../static/nodeGraphs.html","edge":"2to4","edgeRT":"21210","skip":"false","flipped":"False","index":"1","edgeClickLog":"[{\"edgeSelection\":\"2to4\",\"edgeRTMS\":21210}]","trial_id":"cong_1","congruency":"C","task":"experiment","subjectId":"yvxr1yeupf8kd8t","trial_type":"external-html","trial_index":8,"time_elapsed":208320,"internal_node_id":"0.0-9.0-0.0"},{"rt":27462,"url":"../static/nodeGraphs.html","edge":"5to9","edgeRT":"25954","skip":"false","flipped":"False","index":"2","edgeClickLog":"[{\"edgeSelection\":\"5to9\",\"edgeRTMS\":25954}]","trial_id":"cong_2","congruency":"C","task":"experiment","subjectId":"yvxr1yeupf8kd8t","trial_type":"external-html","trial_index":9,"time_elapsed":236457,"internal_node_id":"0.0-9.0-0.1"},{"rt":6771,"url":"../static/nodeGraphs.html","edge":"2to6","edgeRT":"5452","skip":"false","flipped":"True","index":"14","edgeClickLog":"[{\"edgeSelection\":\"2to6\",\"edgeRTMS\":5452}]","trial_id":"cong_4_flipped","congruency":"C","task":"experiment","subjectId":"yvxr1yeupf8kd8t","trial_type":"external-html","trial_index":10,"time_elapsed":243908,"internal_node_id":"0.0-9.0-0.2"},{"rt":7187,"url":"../static/nodeGraphs.html","edge":"2to5","edgeRT":"6155","skip":"false","flipped":"False","index":"6","edgeClickLog":"[{\"edgeSelection\":\"2to5\",\"edgeRTMS\":4070},{\"edgeSelection\":\"2to5\",\"edgeRTMS\":6155}]","trial_id":"cong_6","congruency":"C","task":"experiment","subjectId":"yvxr1yeupf8kd8t","trial_type":"external-html","trial_index":11,"time_elapsed":251774,"internal_node_id":"0.0-9.0-0.3"},{"rt":5643,"url":"../static/nodeGraphs.html","edge":"5to7","edgeRT":"4212","skip":"false","flipped":"True","index":"12","edgeClickLog":"[{\"edgeSelection\":\"5to7\",\"edgeRTMS\":4212}]","trial_id":"cong_2_flipped","congruency":"C","task":"experiment","subjectId":"yvxr1yeupf8kd8t","trial_type":"external-html","trial_index":12,"time_elapsed":258094,"internal_node_id":"0.0-9.0-0.4"},{"rt":6685,"url":"../static/nodeGraphs.html","edge":"1to5","edgeRT":"4668","skip":"false","flipped":"True","index":"13","edgeClickLog":"[{\"edgeSelection\":\"1to5\",\"edgeRTMS\":4668}]","trial_id":"cong_3_flipped","congruency":"C","task":"experiment","subjectId":"yvxr1yeupf8kd8t","trial_type":"external-html","trial_index":13,"time_elapsed":265466,"internal_node_id":"0.0-9.0-0.5"},{"rt":9461,"url":"../static/nodeGraphs.html","edge":"3to5","edgeRT":"8272","skip":"false","flipped":"False","index":"3","edgeClickLog":"[{\"edgeSelection\":\"3to5\",\"edgeRTMS\":8272}]","trial_id":"cong_3","congruency":"C","task":"experiment","subjectId":"yvxr1yeupf8kd8t","trial_type":"external-html","trial_index":14,"time_elapsed":275606,"internal_node_id":"0.0-9.0-0.6"},{"rt":6441,"url":"../static/nodeGraphs.html","edge":"3to6","edgeRT":"5499","skip":"false","flipped":"True","index":"18","edgeClickLog":"[{\"edgeSelection\":\"3to6\",\"edgeRTMS\":5499}]","trial_id":"cong_8_flipped","congruency":"C","task":"experiment","subjectId":"yvxr1yeupf8kd8t","trial_type":"external-html","trial_index":15,"time_elapsed":282722,"internal_node_id":"0.0-9.0-0.7"},{"rt":12860,"url":"../static/nodeGraphs.html","edge":"2to4","edgeRT":"11852","skip":"false","flipped":"False","index":"7","edgeClickLog":"[{\"edgeSelection\":\"2to4\",\"edgeRTMS\":11852}]","trial_id":"cong_7","congruency":"C","task":"experiment","subjectId":"yvxr1yeupf8kd8t","trial_type":"external-html","trial_index":16,"time_elapsed":296263,"internal_node_id":"0.0-9.0-0.8"},{"rt":7635,"url":"../static/nodeGraphs.html","edge":"1to4","edgeRT":"6716","skip":"false","flipped":"False","index":"8","edgeClickLog":"[{\"edgeSelection\":\"1to4\",\"edgeRTMS\":6716}]","trial_id":"cong_8","congruency":"C","task":"experiment","subjectId":"yvxr1yeupf8kd8t","trial_type":"external-html","trial_index":17,"time_elapsed":304876,"internal_node_id":"0.0-9.0-0.9"},{"rt":4093,"url":"../static/nodeGraphs.html","edge":"2to5","edgeRT":"2813","skip":"false","flipped":"False","index":"9","edgeClickLog":"[{\"edgeSelection\":\"2to5\",\"edgeRTMS\":2813}]","trial_id":"cong_9","congruency":"C","task":"experiment","subjectId":"yvxr1yeupf8kd8t","trial_type":"external-html","trial_index":18,"time_elapsed":309650,"internal_node_id":"0.0-9.0-0.10"},{"rt":3812,"url":"../static/nodeGraphs.html","edge":"2to4","edgeRT":"2818","skip":"false","flipped":"True","index":"11","edgeClickLog":"[{\"edgeSelection\":\"2to4\",\"edgeRTMS\":2818}]","trial_id":"cong_1_flipped","congruency":"C","task":"experiment","subjectId":"yvxr1yeupf8kd8t","trial_type":"external-html","trial_index":19,"time_elapsed":314313,"internal_node_id":"0.0-9.0-0.11"},{"rt":5440,"url":"../static/nodeGraphs.html","edge":"2to6","edgeRT":"4514","skip":"false","flipped":"True","index":"17","edgeClickLog":"[{\"edgeSelection\":\"2to6\",\"edgeRTMS\":4514}]","trial_id":"cong_7_flipped","congruency":"C","task":"experiment","subjectId":"yvxr1yeupf8kd8t","trial_type":"external-html","trial_index":20,"time_elapsed":320434,"internal_node_id":"0.0-9.0-0.12"},{"rt":6884,"url":"../static/nodeGraphs.html","edge":"2to5","edgeRT":"5205","skip":"false","flipped":"True","index":"16","edgeClickLog":"[{\"edgeSelection\":\"2to5\",\"edgeRTMS\":5205}]","trial_id":"cong_6_flipped","congruency":"C","task":"experiment","subjectId":"yvxr1yeupf8kd8t","trial_type":"external-html","trial_index":21,"time_elapsed":328005,"internal_node_id":"0.0-9.0-0.13"},{"rt":4283,"url":"../static/nodeGraphs.html","edge":"2to5","edgeRT":"2826","skip":"false","flipped":"True","index":"19","edgeClickLog":"[{\"edgeSelection\":\"2to5\",\"edgeRTMS\":2826}]","trial_id":"cong_9_flipped","congruency":"C","task":"experiment","subjectId":"yvxr1yeupf8kd8t","trial_type":"external-html","trial_index":22,"time_elapsed":332964,"internal_node_id":"0.0-9.0-0.14"},{"rt":3132,"url":"../static/nodeGraphs.html","edge":"3to6","edgeRT":"1840","skip":"false","flipped":"True","index":"10","edgeClickLog":"[{\"edgeSelection\":\"3to6\",\"edgeRTMS\":1840}]","trial_id":"cong_0_flipped","congruency":"C","task":"experiment","subjectId":"yvxr1yeupf8kd8t","trial_type":"external-html","trial_index":23,"time_elapsed":336769,"internal_node_id":"0.0-9.0-0.15"},{"rt":5355,"url":"../static/nodeGraphs.html","edge":"0to3","edgeRT":"4030","skip":"false","flipped":"True","index":"15","edgeClickLog":"[{\"edgeSelection\":\"0to3\",\"edgeRTMS\":4030}]","trial_id":"cong_5_flipped","congruency":"C","task":"experiment","subjectId":"yvxr1yeupf8kd8t","trial_type":"external-html","trial_index":24,"time_elapsed":342801,"internal_node_id":"0.0-9.0-0.16"},{"rt":4636,"url":"../static/nodeGraphs.html","edge":"1to4","edgeRT":"3613","skip":"false","flipped":"False","index":"0","edgeClickLog":"[{\"edgeSelection\":\"1to4\",\"edgeRTMS\":3613}]","trial_id":"cong_0","congruency":"C","task":"experiment","subjectId":"yvxr1yeupf8kd8t","trial_type":"external-html","trial_index":25,"time_elapsed":348130,"internal_node_id":"0.0-9.0-0.17"},{"rt":5280,"url":"../static/nodeGraphs.html","edge":"1to4","edgeRT":"4350","skip":"false","flipped":"False","index":"5","edgeClickLog":"[{\"edgeSelection\":\"1to4\",\"edgeRTMS\":4350}]","trial_id":"cong_5","congruency":"C","task":"experiment","subjectId":"yvxr1yeupf8kd8t","trial_type":"external-html","trial_index":26,"time_elapsed":354091,"internal_node_id":"0.0-9.0-0.18"},{"rt":5318,"url":"../static/nodeGraphs.html","edge":"2to4","edgeRT":"3980","skip":"false","flipped":"False","index":"4","edgeClickLog":"[{\"edgeSelection\":\"2to4\",\"edgeRTMS\":3980}]","trial_id":"cong_4","congruency":"C","task":"experiment","subjectId":"yvxr1yeupf8kd8t","trial_type":"external-html","trial_index":27,"time_elapsed":360276,"internal_node_id":"0.0-9.0-0.19"},{"rt":6709,"url":"../static/nodeGraphs.html","edge":"6to8","edgeRT":"5677","skip":"false","flipped":"False","index":"20","edgeClickLog":"[{\"edgeSelection\":\"6to8\",\"edgeRTMS\":5677}]","trial_id":"test_0","congruency":"I","task":"experiment","subjectId":"yvxr1yeupf8kd8t","trial_type":"external-html","trial_index":28,"time_elapsed":367743,"internal_node_id":"0.0-9.0-0.20"},{"rt":3526,"url":"../static/nodeGraphs.html","edge":"0to3","edgeRT":"2378","skip":"false","flipped":"False","index":"21","edgeClickLog":"[{\"edgeSelection\":\"0to3\",\"edgeRTMS\":2378}]","trial_id":"test_1","congruency":"I","task":"experiment","subjectId":"yvxr1yeupf8kd8t","trial_type":"external-html","trial_index":29,"time_elapsed":372021,"internal_node_id":"0.0-9.0-0.21"},{"rt":5917,"url":"../static/nodeGraphs.html","edge":"0to3","edgeRT":"2516","skip":"false","flipped":"False","index":"22","edgeClickLog":"[{\"edgeSelection\":\"0to3\",\"edgeRTMS\":2516}]","trial_id":"test_2","congruency":"I","task":"experiment","subjectId":"yvxr1yeupf8kd8t","trial_type":"external-html","trial_index":30,"time_elapsed":378606,"internal_node_id":"0.0-9.0-0.22"},{"rt":6217,"url":"../static/nodeGraphs.html","edge":"0to1","edgeRT":"5059","skip":"false","flipped":"False","index":"23","edgeClickLog":"[{\"edgeSelection\":\"0to1\",\"edgeRTMS\":5059}]","trial_id":"test_3","congruency":"I","task":"experiment","subjectId":"yvxr1yeupf8kd8t","trial_type":"external-html","trial_index":31,"time_elapsed":385499,"internal_node_id":"0.0-9.0-0.23"},{"rt":7747,"url":"../static/nodeGraphs.html","edge":"5to9","edgeRT":"6660","skip":"false","flipped":"False","index":"24","edgeClickLog":"[{\"edgeSelection\":\"5to9\",\"edgeRTMS\":6660}]","trial_id":"test_4","congruency":"I","task":"experiment","subjectId":"yvxr1yeupf8kd8t","trial_type":"external-html","trial_index":32,"time_elapsed":393920,"internal_node_id":"0.0-9.0-0.24"},{"rt":28561,"response":{"P0_Q0":null,"P0_Q1":4,"P0_Q2":5,"P0_Q3":5,"P0_Q4":3,"P0_Q5":3,"strategies":"Higher number to reach higher total","feedback":""},"accuracy":[],"trial_type":"survey","trial_index":33,"time_elapsed":423083,"internal_node_id":"0.0-10.0"},{"rt":4401,"stimulus":"<p>Thanks for your time!</p>        <p>We need to manually calculate your bonus pay, please give us up to 7 days.</p><p>Press any key to conclude.</p>","response":" ","task":"end","subjectId":"yvxr1yeupf8kd8t","trial_type":"html-keyboard-response","trial_index":34,"time_elapsed":427485,"internal_node_id":"0.0-11.0","interactions":"[{\"event\":\"fullscreenenter\",\"trial\":1,\"time\":3524},{\"event\":\"blur\",\"trial\":8,\"time\":199541},{\"event\":\"fullscreenexit\",\"trial\":8,\"time\":199543},{\"event\":\"focus\",\"trial\":8,\"time\":204723},{\"event\":\"blur\",\"trial\":9,\"time\":218435},{\"event\":\"focus\",\"trial\":9,\"time\":218604}]"}]