[{"success":true,"timeout":false,"failed_images":[],"failed_audio":[],"failed_video":[],"trial_type":"preload","trial_index":0,"time_elapsed":756,"internal_node_id":"0.0-0.0"},{"success":true,"trial_type":"fullscreen","trial_index":1,"time_elapsed":5096,"internal_node_id":"0.0-1.0"},{"rt":3879,"stimulus":"Welcome to the experiment. Press any key to begin.","response":"v","trial_type":"html-keyboard-response","trial_index":2,"time_elapsed":8982,"internal_node_id":"0.0-2.0"},{"view_history":[{"page_index":0,"viewing_time":4088},{"page_index":1,"viewing_time":6378},{"page_index":2,"viewing_time":40638},{"page_index":3,"viewing_time":11505},{"page_index":4,"viewing_time":2170},{"page_index":5,"viewing_time":1612},{"page_index":6,"viewing_time":2552},{"page_index":7,"viewing_time":12014},{"page_index":8,"viewing_time":26376},{"page_index":9,"viewing_time":11120},{"page_index":10,"viewing_time":3851},{"page_index":11,"viewing_time":1126},{"page_index":12,"viewing_time":675},{"page_index":13,"viewing_time":1080},{"page_index":14,"viewing_time":3335},{"page_index":15,"viewing_time":16720},{"page_index":16,"viewing_time":2386},{"page_index":17,"viewing_time":821},{"page_index":18,"viewing_time":1885},{"page_index":19,"viewing_time":2612},{"page_index":20,"viewing_time":4801},{"page_index":21,"viewing_time":4947}],"rt":162692,"trial_type":"instructions","trial_index":3,"time_elapsed":171678,"internal_node_id":"0.0-3.0"},{"rt":78440,"url":"../static/nodeGraphsTraining.html","skip":[],"edgeClickLog":[],"trial_type":"external-html","trial_index":4,"time_elapsed":250525,"internal_node_id":"0.0-4.0"},{"rt":35496,"response":{"q1":"The goal is to help the student to get the most points","q2":"False","q3":"Possible paths you, as the teacher, can choose to teach the learner.","q4":"Paths that the student took before."},"question_order":[0,1,2,3],"trial_type":"survey-multi-choice","trial_index":5,"time_elapsed":286033,"internal_node_id":"0.0-5.0"},{"rt":10781,"stimulus":"<p>You can take a 60 second break before starting the experiment.</p><br><br><p>This page will advance in 60 seconds or you can press any key to advance now.</p>","response":"b","trial_type":"html-keyboard-response","trial_index":6,"time_elapsed":296825,"internal_node_id":"0.0-7.0"},{"view_history":[{"page_index":0,"viewing_time":30428}],"rt":30432,"trial_type":"instructions","trial_index":7,"time_elapsed":327259,"internal_node_id":"0.0-8.0"},{"rt":12057,"url":"../static/nodeGraphs.html","edge":"0to3","edgeRT":"10196","skip":"false","flipped":"True","index":"15","edgeClickLog":"[{\"edgeSelection\":\"0to3\",\"edgeRTMS\":10196}]","trial_id":"cong_5_flipped","congruency":"C","task":"experiment","subjectId":"mt5hwm177dt92cv","trial_type":"external-html","trial_index":8,"time_elapsed":339833,"internal_node_id":"0.0-9.0-0.0"},{"rt":18894,"url":"../static/nodeGraphs.html","edge":"2to4","edgeRT":"16567","skip":"false","flipped":"True","index":"11","edgeClickLog":"[{\"edgeSelection\":\"2to4\",\"edgeRTMS\":10937},{\"edgeSelection\":\"2to4\",\"edgeRTMS\":12890},{\"edgeSelection\":\"2to4\",\"edgeRTMS\":16567}]","trial_id":"cong_1_flipped","congruency":"C","task":"experiment","subjectId":"mt5hwm177dt92cv","trial_type":"external-html","trial_index":9,"time_elapsed":359589,"internal_node_id":"0.0-9.0-0.1"},{"rt":11413,"url":"../static/nodeGraphs.html","edge":"2to6","edgeRT":"9765","skip":"false","flipped":"True","index":"14","edgeClickLog":"[{\"edgeSelection\":\"2to6\",\"edgeRTMS\":9765}]","trial_id":"cong_4_flipped","congruency":"C","task":"experiment","subjectId":"mt5hwm177dt92cv","trial_type":"external-html","trial_index":10,"time_elapsed":371874,"internal_node_id":"0.0-9.0-0.2"},{"rt":15296,"url":"../static/nodeGraphs.html","edge":"3to6","edgeRT":"13478","skip":"false","flipped":"True","index":"18","edgeClickLog":"[{\"edgeSelection\":\"3to6\",\"edgeRTMS\":13478}]","trial_id":"cong_8_flipped","congruency":"C","task":"experiment","subjectId":"mt5hwm177dt92cv","trial_type":"external-html","trial_index":11,"time_elapsed":388056,"internal_node_id":"0.0-9.0-0.3"},{"rt":8311,"url":"../static/nodeGraphs.html","edge":"3to6","edgeRT":"6838","skip":"false","flipped":"True","index":"10","edgeClickLog":"[{\"edgeSelection\":\"3to6\",\"edgeRTMS\":6838}]","trial_id":"cong_0_flipped","congruency":"C","task":"experiment","subjectId":"mt5hwm177dt92cv","trial_type":"external-html","trial_index":12,"time_elapsed":397237,"internal_node_id":"0.0-9.0-0.4"},{"rt":6437,"url":"../static/nodeGraphs.html","edge":"2to5","edgeRT":"4968","skip":"false","flipped":"False","index":"9","edgeClickLog":"[{\"edgeSelection\":\"2to5\",\"edgeRTMS\":4968}]","trial_id":"cong_9","congruency":"C","task":"experiment","subjectId":"mt5hwm177dt92cv","trial_type":"external-html","trial_index":13,"time_elapsed":404549,"internal_node_id":"0.0-9.0-0.5"},{"rt":13042,"url":"../static/nodeGraphs.html","edge":"2to5","edgeRT":"11661","skip":"false","flipped":"True","index":"12","edgeClickLog":"[{\"edgeSelection\":\"2to5\",\"edgeRTMS\":11661}]","trial_id":"cong_2_flipped","congruency":"C","task":"experiment","subjectId":"mt5hwm177dt92cv","trial_type":"external-html","trial_index":14,"time_elapsed":418286,"internal_node_id":"0.0-9.0-0.6"},{"rt":14571,"url":"../static/nodeGraphs.html","edge":"1to5","edgeRT":"13114","skip":"false","flipped":"True","index":"13","edgeClickLog":"[{\"edgeSelection\":\"1to5\",\"edgeRTMS\":10636},{\"edgeSelection\":\"1to5\",\"edgeRTMS\":13114}]","trial_id":"cong_3_flipped","congruency":"C","task":"experiment","subjectId":"mt5hwm177dt92cv","trial_type":"external-html","trial_index":15,"time_elapsed":433732,"internal_node_id":"0.0-9.0-0.7"},{"rt":7774,"url":"../static/nodeGraphs.html","edge":"3to5","edgeRT":"6388","skip":"false","flipped":"False","index":"3","edgeClickLog":"[{\"edgeSelection\":\"3to5\",\"edgeRTMS\":4007},{\"edgeSelection\":\"3to5\",\"edgeRTMS\":6388}]","trial_id":"cong_3","congruency":"C","task":"experiment","subjectId":"mt5hwm177dt92cv","trial_type":"external-html","trial_index":16,"time_elapsed":442366,"internal_node_id":"0.0-9.0-0.8"},{"rt":10316,"url":"../static/nodeGraphs.html","edge":"1to4","edgeRT":"8670","skip":"false","flipped":"False","index":"0","edgeClickLog":"[{\"edgeSelection\":\"1to4\",\"edgeRTMS\":8670}]","trial_id":"cong_0","congruency":"C","task":"experiment","subjectId":"mt5hwm177dt92cv","trial_type":"external-html","trial_index":17,"time_elapsed":453568,"internal_node_id":"0.0-9.0-0.9"},{"rt":14458,"url":"../static/nodeGraphs.html","edge":"5to7","edgeRT":"13320","skip":"false","flipped":"False","index":"6","edgeClickLog":"[{\"edgeSelection\":\"5to7\",\"edgeRTMS\":13320}]","trial_id":"cong_6","congruency":"C","task":"experiment","subjectId":"mt5hwm177dt92cv","trial_type":"external-html","trial_index":18,"time_elapsed":468887,"internal_node_id":"0.0-9.0-0.10"},{"rt":12466,"url":"../static/nodeGraphs.html","edge":"2to6","edgeRT":"11152","skip":"false","flipped":"False","index":"1","edgeClickLog":"[{\"edgeSelection\":\"2to6\",\"edgeRTMS\":11152}]","trial_id":"cong_1","congruency":"C","task":"experiment","subjectId":"mt5hwm177dt92cv","trial_type":"external-html","trial_index":19,"time_elapsed":482220,"internal_node_id":"0.0-9.0-0.11"},{"rt":11321,"url":"../static/nodeGraphs.html","edge":"4to8","edgeRT":"9881","skip":"false","flipped":"False","index":"4","edgeClickLog":"[{\"edgeSelection\":\"4to8\",\"edgeRTMS\":9881}]","trial_id":"cong_4","congruency":"C","task":"experiment","subjectId":"mt5hwm177dt92cv","trial_type":"external-html","trial_index":20,"time_elapsed":494394,"internal_node_id":"0.0-9.0-0.12"},{"rt":9383,"url":"../static/nodeGraphs.html","edge":"2to6","edgeRT":"7640","skip":"false","flipped":"True","index":"17","edgeClickLog":"[{\"edgeSelection\":\"2to6\",\"edgeRTMS\":7640}]","trial_id":"cong_7_flipped","congruency":"C","task":"experiment","subjectId":"mt5hwm177dt92cv","trial_type":"external-html","trial_index":21,"time_elapsed":504653,"internal_node_id":"0.0-9.0-0.13"},{"rt":5170,"url":"../static/nodeGraphs.html","edge":"2to5","edgeRT":"3748","skip":"false","flipped":"True","index":"19","edgeClickLog":"[{\"edgeSelection\":\"2to5\",\"edgeRTMS\":3748}]","trial_id":"cong_9_flipped","congruency":"C","task":"experiment","subjectId":"mt5hwm177dt92cv","trial_type":"external-html","trial_index":22,"time_elapsed":510701,"internal_node_id":"0.0-9.0-0.14"},{"rt":7800,"url":"../static/nodeGraphs.html","edge":"5to9","edgeRT":"6697","skip":"false","flipped":"False","index":"2","edgeClickLog":"[{\"edgeSelection\":\"5to9\",\"edgeRTMS\":6697}]","trial_id":"cong_2","congruency":"C","task":"experiment","subjectId":"mt5hwm177dt92cv","trial_type":"external-html","trial_index":23,"time_elapsed":519199,"internal_node_id":"0.0-9.0-0.15"},{"rt":7374,"url":"../static/nodeGraphs.html","edge":"5to9","edgeRT":"6285","skip":"false","flipped":"True","index":"16","edgeClickLog":"[{\"edgeSelection\":\"5to9\",\"edgeRTMS\":6285}]","trial_id":"cong_6_flipped","congruency":"C","task":"experiment","subjectId":"mt5hwm177dt92cv","trial_type":"external-html","trial_index":24,"time_elapsed":527468,"internal_node_id":"0.0-9.0-0.16"},{"rt":10584,"url":"../static/nodeGraphs.html","edge":"1to4","edgeRT":"8990","skip":"false","flipped":"False","index":"8","edgeClickLog":"[{\"edgeSelection\":\"1to4\",\"edgeRTMS\":8990}]","trial_id":"cong_8","congruency":"C","task":"experiment","subjectId":"mt5hwm177dt92cv","trial_type":"external-html","trial_index":25,"time_elapsed":538951,"internal_node_id":"0.0-9.0-0.17"},{"rt":10103,"url":"../static/nodeGraphs.html","edge":"1to4","edgeRT":"8593","skip":"false","flipped":"False","index":"5","edgeClickLog":"[{\"edgeSelection\":\"1to4\",\"edgeRTMS\":8593}]","trial_id":"cong_5","congruency":"C","task":"experiment","subjectId":"mt5hwm177dt92cv","trial_type":"external-html","trial_index":26,"time_elapsed":549930,"internal_node_id":"0.0-9.0-0.18"},{"rt":7846,"url":"../static/nodeGraphs.html","edge":"2to4","edgeRT":"6338","skip":"false","flipped":"False","index":"7","edgeClickLog":"[{\"edgeSelection\":\"2to4\",\"edgeRTMS\":6338}]","trial_id":"cong_7","congruency":"C","task":"experiment","subjectId":"mt5hwm177dt92cv","trial_type":"external-html","trial_index":27,"time_elapsed":558668,"internal_node_id":"0.0-9.0-0.19"},{"rt":11127,"url":"../static/nodeGraphs.html","edge":"6to8","edgeRT":"9673","skip":"false","flipped":"False","index":"20","edgeClickLog":"[{\"edgeSelection\":\"6to8\",\"edgeRTMS\":9673}]","trial_id":"test_0","congruency":"I","task":"experiment","subjectId":"mt5hwm177dt92cv","trial_type":"external-html","trial_index":28,"time_elapsed":570655,"internal_node_id":"0.0-9.0-0.20"},{"rt":10137,"url":"../static/nodeGraphs.html","edge":"3to6","edgeRT":"8713","skip":"false","flipped":"False","index":"21","edgeClickLog":"[{\"edgeSelection\":\"3to6\",\"edgeRTMS\":8713}]","trial_id":"test_1","congruency":"I","task":"experiment","subjectId":"mt5hwm177dt92cv","trial_type":"external-html","trial_index":29,"time_elapsed":581658,"internal_node_id":"0.0-9.0-0.21"},{"rt":19817,"url":"../static/nodeGraphs.html","edge":"3to6","edgeRT":"18136","skip":"false","flipped":"False","index":"22","edgeClickLog":"[{\"edgeSelection\":\"3to6\",\"edgeRTMS\":18136}]","trial_id":"test_2","congruency":"I","task":"experiment","subjectId":"mt5hwm177dt92cv","trial_type":"external-html","trial_index":30,"time_elapsed":602362,"internal_node_id":"0.0-9.0-0.22"},{"rt":8935,"url":"../static/nodeGraphs.html","edge":"1to5","edgeRT":"7273","skip":"false","flipped":"False","index":"23","edgeClickLog":"[{\"edgeSelection\":\"1to5\",\"edgeRTMS\":7273}]","trial_id":"test_3","congruency":"I","task":"experiment","subjectId":"mt5hwm177dt92cv","trial_type":"external-html","trial_index":31,"time_elapsed":612154,"internal_node_id":"0.0-9.0-0.23"},{"rt":19116,"url":"../static/nodeGraphs.html","edge":"6to9","edgeRT":"17503","skip":"false","flipped":"False","index":"24","edgeClickLog":"[{\"edgeSelection\":\"6to9\",\"edgeRTMS\":15324},{\"edgeSelection\":\"6to9\",\"edgeRTMS\":17503}]","trial_id":"test_4","congruency":"I","task":"experiment","subjectId":"mt5hwm177dt92cv","trial_type":"external-html","trial_index":32,"time_elapsed":632135,"internal_node_id":"0.0-9.0-0.24"},{"rt":50259,"response":{"P0_Q0":null,"P0_Q1":4,"P0_Q2":6,"P0_Q3":6,"P0_Q4":4,"P0_Q5":1,"strategies":"search out the highest points.","feedback":"It was kind of fun."},"accuracy":[],"trial_type":"survey","trial_index":33,"time_elapsed":683211,"internal_node_id":"0.0-10.0"},{"rt":3479,"stimulus":"<p>Thanks for your time!</p>        <p>We need to manually calculate your bonus pay, please give us up to 7 days.</p><p>Press any key to conclude.</p>","response":"j","task":"end","subjectId":"mt5hwm177dt92cv","trial_type":"html-keyboard-response","trial_index":34,"time_elapsed":686698,"internal_node_id":"0.0-11.0","interactions":"[{\"event\":\"fullscreenenter\",\"trial\":1,\"time\":4122}]"}]