[{"success":true,"timeout":false,"failed_images":[],"failed_audio":[],"failed_video":[],"trial_type":"preload","trial_index":0,"time_elapsed":262,"internal_node_id":"0.0-0.0"},{"success":true,"trial_type":"fullscreen","trial_index":1,"time_elapsed":3023,"internal_node_id":"0.0-1.0"},{"rt":3467,"stimulus":"Welcome to the experiment. Press any key to begin.","response":"m","trial_type":"html-keyboard-response","trial_index":2,"time_elapsed":6491,"internal_node_id":"0.0-2.0"},{"view_history":[{"page_index":0,"viewing_time":3386},{"page_index":1,"viewing_time":3644},{"page_index":2,"viewing_time":16219},{"page_index":3,"viewing_time":7872},{"page_index":4,"viewing_time":2877},{"page_index":5,"viewing_time":8596},{"page_index":6,"viewing_time":4704},{"page_index":7,"viewing_time":5356},{"page_index":8,"viewing_time":7346},{"page_index":9,"viewing_time":1782},{"page_index":10,"viewing_time":16036},{"page_index":11,"viewing_time":1030},{"page_index":12,"viewing_time":828},{"page_index":13,"viewing_time":1288},{"page_index":14,"viewing_time":1952},{"page_index":15,"viewing_time":6588},{"page_index":16,"viewing_time":3474},{"page_index":17,"viewing_time":620},{"page_index":18,"viewing_time":1039},{"page_index":19,"viewing_time":5272},{"page_index":20,"viewing_time":3518},{"page_index":21,"viewing_time":2608}],"rt":106033,"trial_type":"instructions","trial_index":3,"time_elapsed":112526,"internal_node_id":"0.0-3.0"},{"rt":104595,"url":"../static/nodeGraphsTraining.html","skip":[],"edgeClickLog":[],"trial_type":"external-html","trial_index":4,"time_elapsed":217253,"internal_node_id":"0.0-4.0"},{"rt":24705,"response":{"q1":"The goal is to help the student to get the most points","q2":"False","q3":"Possible paths you, as the teacher, can choose to teach the learner.","q4":"Paths that the student took before."},"question_order":[0,1,2,3],"trial_type":"survey-multi-choice","trial_index":5,"time_elapsed":241962,"internal_node_id":"0.0-5.0"},{"rt":3544,"stimulus":"<p>You can take a 60 second break before starting the experiment.</p><br><br><p>This page will advance in 60 seconds or you can press any key to advance now.</p>","response":" ","trial_type":"html-keyboard-response","trial_index":6,"time_elapsed":245507,"internal_node_id":"0.0-7.0"},{"view_history":[{"page_index":0,"viewing_time":4869}],"rt":4869,"trial_type":"instructions","trial_index":7,"time_elapsed":250377,"internal_node_id":"0.0-8.0"},{"rt":25560,"url":"../static/nodeGraphs.html","edge":"2to4","edgeRT":"24059","skip":"false","flipped":"False","index":"1","edgeClickLog":"[{\"edgeSelection\":\"0to1\",\"edgeRTMS\":7859},{\"edgeSelection\":\"2to4\",\"edgeRTMS\":16263},{\"edgeSelection\":\"5to9\",\"edgeRTMS\":18326},{\"edgeSelection\":\"0to1\",\"edgeRTMS\":20492},{\"edgeSelection\":\"2to4\",\"edgeRTMS\":24059}]","trial_id":"incong_1","congruency":"I","task":"experiment","subjectId":"srhpqckw9u035dk","trial_type":"external-html","trial_index":8,"time_elapsed":276060,"internal_node_id":"0.0-9.0-0.0"},{"rt":9695,"url":"../static/nodeGraphs.html","edge":"3to5","edgeRT":"7541","skip":"false","flipped":"True","index":"19","edgeClickLog":"[{\"edgeSelection\":\"3to5\",\"edgeRTMS\":4972},{\"edgeSelection\":\"3to5\",\"edgeRTMS\":7541}]","trial_id":"incong_9_flipped","congruency":"I","task":"experiment","subjectId":"srhpqckw9u035dk","trial_type":"external-html","trial_index":9,"time_elapsed":286375,"internal_node_id":"0.0-9.0-0.1"},{"rt":5693,"url":"../static/nodeGraphs.html","edge":"1to5","edgeRT":"4615","skip":"false","flipped":"False","index":"9","edgeClickLog":"[{\"edgeSelection\":\"1to5\",\"edgeRTMS\":4615}]","trial_id":"incong_9","congruency":"I","task":"experiment","subjectId":"srhpqckw9u035dk","trial_type":"external-html","trial_index":10,"time_elapsed":292691,"internal_node_id":"0.0-9.0-0.2"},{"rt":17032,"url":"../static/nodeGraphs.html","edge":"1to4","edgeRT":"16056","skip":"false","flipped":"True","index":"15","edgeClickLog":"[{\"edgeSelection\":\"1to4\",\"edgeRTMS\":16056}]","trial_id":"incong_5_flipped","congruency":"I","task":"experiment","subjectId":"srhpqckw9u035dk","trial_type":"external-html","trial_index":11,"time_elapsed":310339,"internal_node_id":"0.0-9.0-0.3"},{"rt":6903,"url":"../static/nodeGraphs.html","edge":"0to2","edgeRT":"5835","skip":"false","flipped":"True","index":"13","edgeClickLog":"[{\"edgeSelection\":\"0to2\",\"edgeRTMS\":4407},{\"edgeSelection\":\"0to2\",\"edgeRTMS\":5835}]","trial_id":"incong_3_flipped","congruency":"I","task":"experiment","subjectId":"srhpqckw9u035dk","trial_type":"external-html","trial_index":12,"time_elapsed":317871,"internal_node_id":"0.0-9.0-0.4"},{"rt":5677,"url":"../static/nodeGraphs.html","edge":"0to3","edgeRT":"4490","skip":"false","flipped":"True","index":"16","edgeClickLog":"[{\"edgeSelection\":\"0to3\",\"edgeRTMS\":4490}]","trial_id":"incong_6_flipped","congruency":"I","task":"experiment","subjectId":"srhpqckw9u035dk","trial_type":"external-html","trial_index":13,"time_elapsed":324171,"internal_node_id":"0.0-9.0-0.5"},{"rt":4999,"url":"../static/nodeGraphs.html","edge":"0to3","edgeRT":"3190","skip":"false","flipped":"True","index":"10","edgeClickLog":"[{\"edgeSelection\":\"0to3\",\"edgeRTMS\":3190}]","trial_id":"incong_0_flipped","congruency":"I","task":"experiment","subjectId":"srhpqckw9u035dk","trial_type":"external-html","trial_index":14,"time_elapsed":329791,"internal_node_id":"0.0-9.0-0.6"},{"rt":7473,"url":"../static/nodeGraphs.html","edge":"0to1","edgeRT":"6426","skip":"false","flipped":"False","index":"8","edgeClickLog":"[{\"edgeSelection\":\"0to1\",\"edgeRTMS\":4875},{\"edgeSelection\":\"0to1\",\"edgeRTMS\":6426}]","trial_id":"incong_8","congruency":"I","task":"experiment","subjectId":"srhpqckw9u035dk","trial_type":"external-html","trial_index":15,"time_elapsed":337889,"internal_node_id":"0.0-9.0-0.7"},{"rt":6068,"url":"../static/nodeGraphs.html","edge":"0to2","edgeRT":"4820","skip":"false","flipped":"False","index":"5","edgeClickLog":"[{\"edgeSelection\":\"0to2\",\"edgeRTMS\":4820}]","trial_id":"incong_5","congruency":"I","task":"experiment","subjectId":"srhpqckw9u035dk","trial_type":"external-html","trial_index":16,"time_elapsed":344577,"internal_node_id":"0.0-9.0-0.8"},{"rt":5041,"url":"../static/nodeGraphs.html","edge":"2to5","edgeRT":"3328","skip":"false","flipped":"True","index":"14","edgeClickLog":"[{\"edgeSelection\":\"2to5\",\"edgeRTMS\":3328}]","trial_id":"incong_4_flipped","congruency":"I","task":"experiment","subjectId":"srhpqckw9u035dk","trial_type":"external-html","trial_index":17,"time_elapsed":350251,"internal_node_id":"0.0-9.0-0.9"},{"rt":7127,"url":"../static/nodeGraphs.html","edge":"2to6","edgeRT":"5539","skip":"false","flipped":"True","index":"11","edgeClickLog":"[{\"edgeSelection\":\"2to6\",\"edgeRTMS\":5539}]","trial_id":"incong_1_flipped","congruency":"I","task":"experiment","subjectId":"srhpqckw9u035dk","trial_type":"external-html","trial_index":18,"time_elapsed":358001,"internal_node_id":"0.0-9.0-0.10"},{"rt":4588,"url":"../static/nodeGraphs.html","edge":"0to3","edgeRT":"2582","skip":"false","flipped":"True","index":"12","edgeClickLog":"[{\"edgeSelection\":\"0to3\",\"edgeRTMS\":2582}]","trial_id":"incong_2_flipped","congruency":"I","task":"experiment","subjectId":"srhpqckw9u035dk","trial_type":"external-html","trial_index":19,"time_elapsed":363209,"internal_node_id":"0.0-9.0-0.11"},{"rt":4478,"url":"../static/nodeGraphs.html","edge":"0to2","edgeRT":"3511","skip":"false","flipped":"True","index":"17","edgeClickLog":"[{\"edgeSelection\":\"0to2\",\"edgeRTMS\":3511}]","trial_id":"incong_7_flipped","congruency":"I","task":"experiment","subjectId":"srhpqckw9u035dk","trial_type":"external-html","trial_index":20,"time_elapsed":368307,"internal_node_id":"0.0-9.0-0.12"},{"rt":3872,"url":"../static/nodeGraphs.html","edge":"0to2","edgeRT":"2557","skip":"false","flipped":"False","index":"2","edgeClickLog":"[{\"edgeSelection\":\"0to2\",\"edgeRTMS\":2557}]","trial_id":"incong_2","congruency":"I","task":"experiment","subjectId":"srhpqckw9u035dk","trial_type":"external-html","trial_index":21,"time_elapsed":372803,"internal_node_id":"0.0-9.0-0.13"},{"rt":3445,"url":"../static/nodeGraphs.html","edge":"0to2","edgeRT":"2222","skip":"false","flipped":"False","index":"3","edgeClickLog":"[{\"edgeSelection\":\"0to2\",\"edgeRTMS\":2222}]","trial_id":"incong_3","congruency":"I","task":"experiment","subjectId":"srhpqckw9u035dk","trial_type":"external-html","trial_index":22,"time_elapsed":376871,"internal_node_id":"0.0-9.0-0.14"},{"rt":4346,"url":"../static/nodeGraphs.html","edge":"0to2","edgeRT":"3325","skip":"false","flipped":"False","index":"0","edgeClickLog":"[{\"edgeSelection\":\"0to2\",\"edgeRTMS\":3325}]","trial_id":"incong_0","congruency":"I","task":"experiment","subjectId":"srhpqckw9u035dk","trial_type":"external-html","trial_index":23,"time_elapsed":381839,"internal_node_id":"0.0-9.0-0.15"},{"rt":4888,"url":"../static/nodeGraphs.html","edge":"0to2","edgeRT":"3261","skip":"false","flipped":"False","index":"6","edgeClickLog":"[{\"edgeSelection\":\"0to2\",\"edgeRTMS\":3261}]","trial_id":"incong_6","congruency":"I","task":"experiment","subjectId":"srhpqckw9u035dk","trial_type":"external-html","trial_index":24,"time_elapsed":387357,"internal_node_id":"0.0-9.0-0.16"},{"rt":3342,"url":"../static/nodeGraphs.html","edge":"0to1","edgeRT":"2515","skip":"false","flipped":"False","index":"4","edgeClickLog":"[{\"edgeSelection\":\"0to1\",\"edgeRTMS\":2515}]","trial_id":"incong_4","congruency":"I","task":"experiment","subjectId":"srhpqckw9u035dk","trial_type":"external-html","trial_index":25,"time_elapsed":391317,"internal_node_id":"0.0-9.0-0.17"},{"rt":3980,"url":"../static/nodeGraphs.html","edge":"0to2","edgeRT":"2717","skip":"false","flipped":"False","index":"7","edgeClickLog":"[{\"edgeSelection\":\"0to2\",\"edgeRTMS\":2717}]","trial_id":"incong_7","congruency":"I","task":"experiment","subjectId":"srhpqckw9u035dk","trial_type":"external-html","trial_index":26,"time_elapsed":395921,"internal_node_id":"0.0-9.0-0.18"},{"rt":3175,"url":"../static/nodeGraphs.html","edge":"0to3","edgeRT":"2085","skip":"false","flipped":"True","index":"18","edgeClickLog":"[{\"edgeSelection\":\"0to3\",\"edgeRTMS\":2085}]","trial_id":"incong_8_flipped","congruency":"I","task":"experiment","subjectId":"srhpqckw9u035dk","trial_type":"external-html","trial_index":27,"time_elapsed":399717,"internal_node_id":"0.0-9.0-0.19"},{"rt":3453,"url":"../static/nodeGraphs.html","edge":"0to1","edgeRT":"2603","skip":"false","flipped":"False","index":"20","edgeClickLog":"[{\"edgeSelection\":\"0to1\",\"edgeRTMS\":2603}]","trial_id":"test_0","congruency":"I","task":"experiment","subjectId":"srhpqckw9u035dk","trial_type":"external-html","trial_index":28,"time_elapsed":403793,"internal_node_id":"0.0-9.0-0.20"},{"rt":2867,"url":"../static/nodeGraphs.html","edge":"0to3","edgeRT":"2003","skip":"false","flipped":"False","index":"21","edgeClickLog":"[{\"edgeSelection\":\"0to3\",\"edgeRTMS\":2003}]","trial_id":"test_1","congruency":"I","task":"experiment","subjectId":"srhpqckw9u035dk","trial_type":"external-html","trial_index":29,"time_elapsed":407281,"internal_node_id":"0.0-9.0-0.21"},{"rt":2347,"url":"../static/nodeGraphs.html","edge":"0to3","edgeRT":"1332","skip":"false","flipped":"False","index":"22","edgeClickLog":"[{\"edgeSelection\":\"0to3\",\"edgeRTMS\":1332}]","trial_id":"test_2","congruency":"I","task":"experiment","subjectId":"srhpqckw9u035dk","trial_type":"external-html","trial_index":30,"time_elapsed":410249,"internal_node_id":"0.0-9.0-0.22"},{"rt":4193,"url":"../static/nodeGraphs.html","edge":"0to1","edgeRT":"2445","skip":"false","flipped":"False","index":"23","edgeClickLog":"[{\"edgeSelection\":\"0to1\",\"edgeRTMS\":2445}]","trial_id":"test_3","congruency":"I","task":"experiment","subjectId":"srhpqckw9u035dk","trial_type":"external-html","trial_index":31,"time_elapsed":415071,"internal_node_id":"0.0-9.0-0.23"},{"rt":16632,"url":"../static/nodeGraphs.html","edge":"1to5","edgeRT":"13209","skip":"false","flipped":"False","index":"24","edgeClickLog":"[{\"edgeSelection\":\"4to7\",\"edgeRTMS\":3883},{\"edgeSelection\":\"1to5\",\"edgeRTMS\":9915},{\"edgeSelection\":\"1to4\",\"edgeRTMS\":12209},{\"edgeSelection\":\"1to5\",\"edgeRTMS\":13209}]","trial_id":"test_4","congruency":"I","task":"experiment","subjectId":"srhpqckw9u035dk","trial_type":"external-html","trial_index":32,"time_elapsed":432323,"internal_node_id":"0.0-9.0-0.24"},{"rt":22323,"response":{"P0_Q0":null,"P0_Q1":1,"P0_Q2":5,"P0_Q3":7,"P0_Q4":5,"P0_Q5":1,"strategies":"path of highest points","feedback":""},"accuracy":[],"trial_type":"survey","trial_index":33,"time_elapsed":455194,"internal_node_id":"0.0-10.0"},{"rt":3689,"stimulus":"<p>Thanks for your time!</p>        <p>We need to manually calculate your bonus pay, please give us up to 7 days.</p><p>Press any key to conclude.</p>","response":" ","task":"end","subjectId":"srhpqckw9u035dk","trial_type":"html-keyboard-response","trial_index":34,"time_elapsed":458885,"internal_node_id":"0.0-11.0","interactions":"[{\"event\":\"fullscreenenter\",\"trial\":1,\"time\":2051},{\"event\":\"blur\",\"trial\":4,\"time\":128565},{\"event\":\"focus\",\"trial\":4,\"time\":128565},{\"event\":\"fullscreenexit\",\"trial\":4,\"time\":128570},{\"event\":\"blur\",\"trial\":4,\"time\":132610},{\"event\":\"focus\",\"trial\":4,\"time\":132610},{\"event\":\"blur\",\"trial\":11,\"time\":304091},{\"event\":\"focus\",\"trial\":11,\"time\":304091}]"}]