[{"success":true,"timeout":false,"failed_images":[],"failed_audio":[],"failed_video":[],"trial_type":"preload","trial_index":0,"time_elapsed":2263,"internal_node_id":"0.0-0.0"},{"success":true,"trial_type":"fullscreen","trial_index":1,"time_elapsed":5191,"internal_node_id":"0.0-1.0"},{"rt":2312,"stimulus":"Welcome to the experiment. Press any key to begin.","response":"arrowright","trial_type":"html-keyboard-response","trial_index":2,"time_elapsed":7504,"internal_node_id":"0.0-2.0"},{"view_history":[{"page_index":0,"viewing_time":1732},{"page_index":1,"viewing_time":2757},{"page_index":2,"viewing_time":18589},{"page_index":3,"viewing_time":2348},{"page_index":4,"viewing_time":1144},{"page_index":5,"viewing_time":993},{"page_index":6,"viewing_time":1266},{"page_index":7,"viewing_time":4838},{"page_index":8,"viewing_time":12605},{"page_index":9,"viewing_time":5358},{"page_index":10,"viewing_time":1338},{"page_index":11,"viewing_time":1389},{"page_index":12,"viewing_time":416},{"page_index":13,"viewing_time":892},{"page_index":14,"viewing_time":1322},{"page_index":15,"viewing_time":3605},{"page_index":16,"viewing_time":1899},{"page_index":17,"viewing_time":638},{"page_index":18,"viewing_time":431},{"page_index":19,"viewing_time":3817},{"page_index":20,"viewing_time":3053},{"page_index":21,"viewing_time":3841}],"rt":74271,"trial_type":"instructions","trial_index":3,"time_elapsed":81775,"internal_node_id":"0.0-3.0"},{"rt":39119,"url":"../static/nodeGraphsTraining.html","skip":[],"edgeClickLog":[],"trial_type":"external-html","trial_index":4,"time_elapsed":121056,"internal_node_id":"0.0-4.0"},{"rt":21808,"response":{"q1":"The goal is to help the student to get the most points","q2":"True","q3":"Possible paths you, as the teacher, can choose to teach the learner.","q4":"Paths that the student took before."},"question_order":[0,1,2,3],"trial_type":"survey-multi-choice","trial_index":5,"time_elapsed":142866,"internal_node_id":"0.0-5.0"},{"rt":17838,"response":{"q1":"The goal is to help the student to get the most points","q2":"False","q3":"Possible paths you, as the teacher, can choose to teach the learner.","q4":"Paths that the student took before."},"question_order":[0,1,2,3],"trial_type":"survey-multi-choice","trial_index":6,"time_elapsed":160706,"internal_node_id":"0.0-6.0-0.0"},{"rt":16609,"stimulus":"<p>You can take a 60 second break before starting the experiment.</p><br><br><p>This page will advance in 60 seconds or you can press any key to advance now.</p>","response":"arrowright","trial_type":"html-keyboard-response","trial_index":7,"time_elapsed":177318,"internal_node_id":"0.0-7.0"},{"view_history":[{"page_index":0,"viewing_time":10772}],"rt":10772,"trial_type":"instructions","trial_index":8,"time_elapsed":188090,"internal_node_id":"0.0-8.0"},{"rt":11577,"url":"../static/nodeGraphs.html","edge":"0to2","edgeRT":"9951","skip":"false","flipped":"False","index":"3","edgeClickLog":"[{\"edgeSelection\":\"0to2\",\"edgeRTMS\":9951}]","trial_id":"incong_3","congruency":"I","task":"experiment","subjectId":"2qrdxwnketk7v2d","trial_type":"external-html","trial_index":9,"time_elapsed":199939,"internal_node_id":"0.0-9.0-0.0"},{"rt":7093,"url":"../static/nodeGraphs.html","edge":"0to2","edgeRT":"5564","skip":"false","flipped":"True","index":"13","edgeClickLog":"[{\"edgeSelection\":\"0to2\",\"edgeRTMS\":5564}]","trial_id":"incong_3_flipped","congruency":"I","task":"experiment","subjectId":"2qrdxwnketk7v2d","trial_type":"external-html","trial_index":10,"time_elapsed":207691,"internal_node_id":"0.0-9.0-0.1"},{"rt":10570,"url":"../static/nodeGraphs.html","edge":"0to2","edgeRT":"8662","skip":"false","flipped":"True","index":"12","edgeClickLog":"[{\"edgeSelection\":\"0to2\",\"edgeRTMS\":8662}]","trial_id":"incong_2_flipped","congruency":"I","task":"experiment","subjectId":"2qrdxwnketk7v2d","trial_type":"external-html","trial_index":11,"time_elapsed":218914,"internal_node_id":"0.0-9.0-0.2"},{"rt":10268,"url":"../static/nodeGraphs.html","edge":"0to3","edgeRT":"5811","skip":"false","flipped":"True","index":"18","edgeClickLog":"[{\"edgeSelection\":\"0to3\",\"edgeRTMS\":5811}]","trial_id":"incong_8_flipped","congruency":"I","task":"experiment","subjectId":"2qrdxwnketk7v2d","trial_type":"external-html","trial_index":12,"time_elapsed":229868,"internal_node_id":"0.0-9.0-0.3"},{"rt":10051,"url":"../static/nodeGraphs.html","edge":"4to8","edgeRT":"7955","skip":"false","flipped":"False","index":"9","edgeClickLog":"[{\"edgeSelection\":\"4to8\",\"edgeRTMS\":7955}]","trial_id":"incong_9","congruency":"I","task":"experiment","subjectId":"2qrdxwnketk7v2d","trial_type":"external-html","trial_index":13,"time_elapsed":240675,"internal_node_id":"0.0-9.0-0.4"},{"rt":9750,"url":"../static/nodeGraphs.html","edge":"5to8","edgeRT":"4798","skip":"false","flipped":"True","index":"17","edgeClickLog":"[{\"edgeSelection\":\"5to8\",\"edgeRTMS\":4798}]","trial_id":"incong_7_flipped","congruency":"I","task":"experiment","subjectId":"2qrdxwnketk7v2d","trial_type":"external-html","trial_index":14,"time_elapsed":251107,"internal_node_id":"0.0-9.0-0.5"},{"rt":13704,"url":"../static/nodeGraphs.html","edge":"4to7","edgeRT":"10130","skip":"false","flipped":"True","index":"11","edgeClickLog":"[{\"edgeSelection\":\"4to7\",\"edgeRTMS\":10130}]","trial_id":"incong_1_flipped","congruency":"I","task":"experiment","subjectId":"2qrdxwnketk7v2d","trial_type":"external-html","trial_index":15,"time_elapsed":265508,"internal_node_id":"0.0-9.0-0.6"},{"rt":9527,"url":"../static/nodeGraphs.html","edge":"0to1","edgeRT":"7657","skip":"false","flipped":"False","index":"0","edgeClickLog":"[{\"edgeSelection\":\"0to1\",\"edgeRTMS\":7657}]","trial_id":"incong_0","congruency":"I","task":"experiment","subjectId":"2qrdxwnketk7v2d","trial_type":"external-html","trial_index":16,"time_elapsed":275733,"internal_node_id":"0.0-9.0-0.7"},{"rt":11281,"url":"../static/nodeGraphs.html","edge":"6to9","edgeRT":"7124","skip":"false","flipped":"False","index":"1","edgeClickLog":"[{\"edgeSelection\":\"6to9\",\"edgeRTMS\":7124}]","trial_id":"incong_1","congruency":"I","task":"experiment","subjectId":"2qrdxwnketk7v2d","trial_type":"external-html","trial_index":17,"time_elapsed":287693,"internal_node_id":"0.0-9.0-0.8"},{"rt":6475,"url":"../static/nodeGraphs.html","edge":"0to2","edgeRT":"4401","skip":"false","flipped":"True","index":"10","edgeClickLog":"[{\"edgeSelection\":\"0to2\",\"edgeRTMS\":4401}]","trial_id":"incong_0_flipped","congruency":"I","task":"experiment","subjectId":"2qrdxwnketk7v2d","trial_type":"external-html","trial_index":18,"time_elapsed":294830,"internal_node_id":"0.0-9.0-0.9"},{"rt":12979,"url":"../static/nodeGraphs.html","edge":"0to1","edgeRT":"8025","skip":"false","flipped":"False","index":"4","edgeClickLog":"[{\"edgeSelection\":\"0to1\",\"edgeRTMS\":8025}]","trial_id":"incong_4","congruency":"I","task":"experiment","subjectId":"2qrdxwnketk7v2d","trial_type":"external-html","trial_index":19,"time_elapsed":308462,"internal_node_id":"0.0-9.0-0.10"},{"rt":11003,"url":"../static/nodeGraphs.html","edge":"0to2","edgeRT":"7468","skip":"false","flipped":"False","index":"5","edgeClickLog":"[{\"edgeSelection\":\"0to2\",\"edgeRTMS\":7468}]","trial_id":"incong_5","congruency":"I","task":"experiment","subjectId":"2qrdxwnketk7v2d","trial_type":"external-html","trial_index":20,"time_elapsed":320207,"internal_node_id":"0.0-9.0-0.11"},{"rt":9390,"url":"../static/nodeGraphs.html","edge":"0to2","edgeRT":"6615","skip":"false","flipped":"False","index":"2","edgeClickLog":"[{\"edgeSelection\":\"0to1\",\"edgeRTMS\":5062},{\"edgeSelection\":\"0to2\",\"edgeRTMS\":6615}]","trial_id":"incong_2","congruency":"I","task":"experiment","subjectId":"2qrdxwnketk7v2d","trial_type":"external-html","trial_index":21,"time_elapsed":330254,"internal_node_id":"0.0-9.0-0.12"},{"rt":18546,"url":"../static/nodeGraphs.html","edge":"0to1","edgeRT":"16308","skip":"false","flipped":"False","index":"8","edgeClickLog":"[{\"edgeSelection\":\"0to1\",\"edgeRTMS\":16308}]","trial_id":"incong_8","congruency":"I","task":"experiment","subjectId":"2qrdxwnketk7v2d","trial_type":"external-html","trial_index":22,"time_elapsed":349519,"internal_node_id":"0.0-9.0-0.13"},{"rt":21477,"url":"../static/nodeGraphs.html","edge":"0to2","edgeRT":"20281","skip":"false","flipped":"False","index":"7","edgeClickLog":"[{\"edgeSelection\":\"5to8\",\"edgeRTMS\":4191},{\"edgeSelection\":\"0to2\",\"edgeRTMS\":20281}]","trial_id":"incong_7","congruency":"I","task":"experiment","subjectId":"2qrdxwnketk7v2d","trial_type":"external-html","trial_index":23,"time_elapsed":371655,"internal_node_id":"0.0-9.0-0.14"},{"rt":12554,"url":"../static/nodeGraphs.html","edge":"0to2","edgeRT":"9260","skip":"false","flipped":"True","index":"16","edgeClickLog":"[{\"edgeSelection\":\"0to2\",\"edgeRTMS\":9260}]","trial_id":"incong_6_flipped","congruency":"I","task":"experiment","subjectId":"2qrdxwnketk7v2d","trial_type":"external-html","trial_index":24,"time_elapsed":384864,"internal_node_id":"0.0-9.0-0.15"},{"rt":22315,"url":"../static/nodeGraphs.html","edge":"5to8","edgeRT":"20811","skip":"false","flipped":"True","index":"15","edgeClickLog":"[{\"edgeSelection\":\"5to8\",\"edgeRTMS\":20811}]","trial_id":"incong_5_flipped","congruency":"I","task":"experiment","subjectId":"2qrdxwnketk7v2d","trial_type":"external-html","trial_index":25,"time_elapsed":407848,"internal_node_id":"0.0-9.0-0.16"},{"rt":14760,"url":"../static/nodeGraphs.html","edge":"6to8","edgeRT":"10642","skip":"false","flipped":"False","index":"6","edgeClickLog":"[{\"edgeSelection\":\"0to1\",\"edgeRTMS\":5430},{\"edgeSelection\":\"6to8\",\"edgeRTMS\":10642}]","trial_id":"incong_6","congruency":"I","task":"experiment","subjectId":"2qrdxwnketk7v2d","trial_type":"external-html","trial_index":26,"time_elapsed":423273,"internal_node_id":"0.0-9.0-0.17"},{"rt":13865,"url":"../static/nodeGraphs.html","edge":"0to3","edgeRT":"11761","skip":"false","flipped":"True","index":"14","edgeClickLog":"[{\"edgeSelection\":\"0to1\",\"edgeRTMS\":8953},{\"edgeSelection\":\"0to3\",\"edgeRTMS\":11761}]","trial_id":"incong_4_flipped","congruency":"I","task":"experiment","subjectId":"2qrdxwnketk7v2d","trial_type":"external-html","trial_index":27,"time_elapsed":437801,"internal_node_id":"0.0-9.0-0.18"},{"rt":7472,"url":"../static/nodeGraphs.html","edge":"3to5","edgeRT":"6193","skip":"false","flipped":"True","index":"19","edgeClickLog":"[{\"edgeSelection\":\"3to5\",\"edgeRTMS\":6193}]","trial_id":"incong_9_flipped","congruency":"I","task":"experiment","subjectId":"2qrdxwnketk7v2d","trial_type":"external-html","trial_index":28,"time_elapsed":445930,"internal_node_id":"0.0-9.0-0.19"},{"rt":5543,"url":"../static/nodeGraphs.html","edge":"3to6","edgeRT":"3561","skip":"false","flipped":"False","index":"20","edgeClickLog":"[{\"edgeSelection\":\"3to6\",\"edgeRTMS\":3561}]","trial_id":"test_0","congruency":"I","task":"experiment","subjectId":"2qrdxwnketk7v2d","trial_type":"external-html","trial_index":29,"time_elapsed":452130,"internal_node_id":"0.0-9.0-0.20"},{"rt":9927,"url":"../static/nodeGraphs.html","edge":"0to3","edgeRT":"6415","skip":"false","flipped":"False","index":"21","edgeClickLog":"[{\"edgeSelection\":\"0to3\",\"edgeRTMS\":6415}]","trial_id":"test_1","congruency":"I","task":"experiment","subjectId":"2qrdxwnketk7v2d","trial_type":"external-html","trial_index":30,"time_elapsed":462746,"internal_node_id":"0.0-9.0-0.21"},{"rt":12243,"url":"../static/nodeGraphs.html","edge":"0to3","edgeRT":"2275","skip":"false","flipped":"False","index":"22","edgeClickLog":"[{\"edgeSelection\":\"0to3\",\"edgeRTMS\":2275}]","trial_id":"test_2","congruency":"I","task":"experiment","subjectId":"2qrdxwnketk7v2d","trial_type":"external-html","trial_index":31,"time_elapsed":475643,"internal_node_id":"0.0-9.0-0.22"},{"rt":13795,"url":"../static/nodeGraphs.html","edge":"0to1","edgeRT":"7268","skip":"false","flipped":"False","index":"23","edgeClickLog":"[{\"edgeSelection\":\"0to1\",\"edgeRTMS\":7268}]","trial_id":"test_3","congruency":"I","task":"experiment","subjectId":"2qrdxwnketk7v2d","trial_type":"external-html","trial_index":32,"time_elapsed":490099,"internal_node_id":"0.0-9.0-0.23"},{"rt":10773,"url":"../static/nodeGraphs.html","edge":"1to5","edgeRT":"8946","skip":"false","flipped":"False","index":"24","edgeClickLog":"[{\"edgeSelection\":\"1to5\",\"edgeRTMS\":8946}]","trial_id":"test_4","congruency":"I","task":"experiment","subjectId":"2qrdxwnketk7v2d","trial_type":"external-html","trial_index":33,"time_elapsed":501604,"internal_node_id":"0.0-9.0-0.24"},{"rt":38056,"response":{"P0_Q0":null,"P0_Q1":3,"P0_Q2":6,"P0_Q3":7,"P0_Q4":3,"P0_Q5":2,"strategies":"Focus on which single changes should have the highest guaranteed return. ","feedback":"Nope"},"accuracy":[],"trial_type":"survey","trial_index":34,"time_elapsed":540210,"internal_node_id":"0.0-10.0"},{"rt":3315,"stimulus":"<p>Thanks for your time!</p>        <p>We need to manually calculate your bonus pay, please give us up to 7 days.</p><p>Press any key to conclude.</p>","response":"f","task":"end","subjectId":"2qrdxwnketk7v2d","trial_type":"html-keyboard-response","trial_index":35,"time_elapsed":543527,"internal_node_id":"0.0-11.0","interactions":"[{\"event\":\"fullscreenenter\",\"trial\":1,\"time\":4230}]"}]