[{"success":true,"timeout":false,"failed_images":[],"failed_audio":[],"failed_video":[],"trial_type":"preload","trial_index":0,"time_elapsed":589,"internal_node_id":"0.0-0.0"},{"success":true,"trial_type":"fullscreen","trial_index":1,"time_elapsed":8537,"internal_node_id":"0.0-1.0"},{"rt":1619,"stimulus":"Welcome to the experiment. Press any key to begin.","response":" ","trial_type":"html-keyboard-response","trial_index":2,"time_elapsed":10158,"internal_node_id":"0.0-2.0"},{"view_history":[{"page_index":0,"viewing_time":1392},{"page_index":1,"viewing_time":2640},{"page_index":2,"viewing_time":6167},{"page_index":3,"viewing_time":3359},{"page_index":4,"viewing_time":1555},{"page_index":5,"viewing_time":852},{"page_index":6,"viewing_time":1571},{"page_index":7,"viewing_time":2708},{"page_index":8,"viewing_time":9625},{"page_index":9,"viewing_time":2173},{"page_index":10,"viewing_time":1036},{"page_index":11,"viewing_time":668},{"page_index":12,"viewing_time":251},{"page_index":13,"viewing_time":502},{"page_index":14,"viewing_time":451},{"page_index":15,"viewing_time":1404},{"page_index":16,"viewing_time":2322},{"page_index":17,"viewing_time":568},{"page_index":18,"viewing_time":251},{"page_index":19,"viewing_time":184},{"page_index":20,"viewing_time":1788},{"page_index":21,"viewing_time":2123}],"rt":43589,"trial_type":"instructions","trial_index":3,"time_elapsed":53750,"internal_node_id":"0.0-3.0"},{"rt":30661,"url":"../static/nodeGraphsTraining.html","skip":[],"edgeClickLog":[],"trial_type":"external-html","trial_index":4,"time_elapsed":84506,"internal_node_id":"0.0-4.0"},{"rt":23083,"response":{"q1":"The goal is to help the student to get the most points","q2":"False","q3":"Possible paths you, as the teacher, can choose to teach the learner.","q4":"Paths that the student took before."},"question_order":[0,1,2,3],"trial_type":"survey-multi-choice","trial_index":5,"time_elapsed":107601,"internal_node_id":"0.0-5.0"},{"rt":2578,"stimulus":"<p>You can take a 60 second break before starting the experiment.</p><br><br><p>This page will advance in 60 seconds or you can press any key to advance now.</p>","response":" ","trial_type":"html-keyboard-response","trial_index":6,"time_elapsed":110183,"internal_node_id":"0.0-7.0"},{"view_history":[{"page_index":0,"viewing_time":93151}],"rt":93151,"trial_type":"instructions","trial_index":7,"time_elapsed":203337,"internal_node_id":"0.0-8.0"},{"rt":10010,"url":"../static/nodeGraphs.html","edge":"6to8","edgeRT":"8443","skip":"false","flipped":"False","index":"3","edgeClickLog":"[{\"edgeSelection\":\"0to1\",\"edgeRTMS\":3859},{\"edgeSelection\":\"0to2\",\"edgeRTMS\":5201},{\"edgeSelection\":\"2to6\",\"edgeRTMS\":6923},{\"edgeSelection\":\"6to8\",\"edgeRTMS\":8443}]","trial_id":"incong_3","congruency":"I","task":"experiment","subjectId":"szfotwus3t8463v","trial_type":"external-html","trial_index":8,"time_elapsed":213433,"internal_node_id":"0.0-9.0-0.0"},{"rt":9184,"url":"../static/nodeGraphs.html","edge":"6to8","edgeRT":"8323","skip":"false","flipped":"True","index":"16","edgeClickLog":"[{\"edgeSelection\":\"0to3\",\"edgeRTMS\":6077},{\"edgeSelection\":\"3to6\",\"edgeRTMS\":7085},{\"edgeSelection\":\"6to8\",\"edgeRTMS\":8323}]","trial_id":"incong_6_flipped","congruency":"I","task":"experiment","subjectId":"szfotwus3t8463v","trial_type":"external-html","trial_index":9,"time_elapsed":223208,"internal_node_id":"0.0-9.0-0.1"},{"rt":4762,"url":"../static/nodeGraphs.html","edge":"6to8","edgeRT":"4016","skip":"false","flipped":"False","index":"7","edgeClickLog":"[{\"edgeSelection\":\"0to2\",\"edgeRTMS\":1937},{\"edgeSelection\":\"2to6\",\"edgeRTMS\":2963},{\"edgeSelection\":\"6to8\",\"edgeRTMS\":4016}]","trial_id":"incong_7","congruency":"I","task":"experiment","subjectId":"szfotwus3t8463v","trial_type":"external-html","trial_index":10,"time_elapsed":228556,"internal_node_id":"0.0-9.0-0.2"},{"rt":7208,"url":"../static/nodeGraphs.html","edge":"4to8","edgeRT":"6164","skip":"false","flipped":"False","index":"5","edgeClickLog":"[{\"edgeSelection\":\"0to2\",\"edgeRTMS\":2047},{\"edgeSelection\":\"2to4\",\"edgeRTMS\":5195},{\"edgeSelection\":\"4to8\",\"edgeRTMS\":6164}]","trial_id":"incong_5","congruency":"I","task":"experiment","subjectId":"szfotwus3t8463v","trial_type":"external-html","trial_index":11,"time_elapsed":236360,"internal_node_id":"0.0-9.0-0.3"},{"rt":5112,"url":"../static/nodeGraphs.html","edge":"5to7","edgeRT":"4385","skip":"false","flipped":"True","index":"14","edgeClickLog":"[{\"edgeSelection\":\"0to1\",\"edgeRTMS\":2003},{\"edgeSelection\":\"1to5\",\"edgeRTMS\":3096},{\"edgeSelection\":\"5to7\",\"edgeRTMS\":4385}]","trial_id":"incong_4_flipped","congruency":"I","task":"experiment","subjectId":"szfotwus3t8463v","trial_type":"external-html","trial_index":12,"time_elapsed":242059,"internal_node_id":"0.0-9.0-0.4"},{"rt":6003,"url":"../static/nodeGraphs.html","edge":"4to8","edgeRT":"4371","skip":"false","flipped":"False","index":"8","edgeClickLog":"[{\"edgeSelection\":\"0to1\",\"edgeRTMS\":1606},{\"edgeSelection\":\"1to4\",\"edgeRTMS\":2498},{\"edgeSelection\":\"4to8\",\"edgeRTMS\":4371}]","trial_id":"incong_8","congruency":"I","task":"experiment","subjectId":"szfotwus3t8463v","trial_type":"external-html","trial_index":13,"time_elapsed":248660,"internal_node_id":"0.0-9.0-0.5"},{"rt":6444,"url":"../static/nodeGraphs.html","edge":"5to8","edgeRT":"5834","skip":"false","flipped":"False","index":"9","edgeClickLog":"[{\"edgeSelection\":\"0to2\",\"edgeRTMS\":3554},{\"edgeSelection\":\"2to5\",\"edgeRTMS\":4062},{\"edgeSelection\":\"5to8\",\"edgeRTMS\":5544},{\"edgeSelection\":\"5to8\",\"edgeRTMS\":5834}]","trial_id":"incong_9","congruency":"I","task":"experiment","subjectId":"szfotwus3t8463v","trial_type":"external-html","trial_index":14,"time_elapsed":255696,"internal_node_id":"0.0-9.0-0.6"},{"rt":6906,"url":"../static/nodeGraphs.html","edge":"6to8","edgeRT":"5813","skip":"false","flipped":"True","index":"18","edgeClickLog":"[{\"edgeSelection\":\"0to3\",\"edgeRTMS\":1692},{\"edgeSelection\":\"0to3\",\"edgeRTMS\":3901},{\"edgeSelection\":\"3to6\",\"edgeRTMS\":4808},{\"edgeSelection\":\"6to8\",\"edgeRTMS\":5813}]","trial_id":"incong_8_flipped","congruency":"I","task":"experiment","subjectId":"szfotwus3t8463v","trial_type":"external-html","trial_index":15,"time_elapsed":263200,"internal_node_id":"0.0-9.0-0.7"},{"rt":4655,"url":"../static/nodeGraphs.html","edge":"4to8","edgeRT":"4011","skip":"false","flipped":"True","index":"17","edgeClickLog":"[{\"edgeSelection\":\"0to2\",\"edgeRTMS\":1465},{\"edgeSelection\":\"2to4\",\"edgeRTMS\":2639},{\"edgeSelection\":\"4to8\",\"edgeRTMS\":4011}]","trial_id":"incong_7_flipped","congruency":"I","task":"experiment","subjectId":"szfotwus3t8463v","trial_type":"external-html","trial_index":16,"time_elapsed":268447,"internal_node_id":"0.0-9.0-0.8"},{"rt":5154,"url":"../static/nodeGraphs.html","edge":"6to8","edgeRT":"4087","skip":"false","flipped":"True","index":"10","edgeClickLog":"[{\"edgeSelection\":\"0to3\",\"edgeRTMS\":1916},{\"edgeSelection\":\"3to6\",\"edgeRTMS\":2722},{\"edgeSelection\":\"6to8\",\"edgeRTMS\":4087}]","trial_id":"incong_0_flipped","congruency":"I","task":"experiment","subjectId":"szfotwus3t8463v","trial_type":"external-html","trial_index":17,"time_elapsed":274196,"internal_node_id":"0.0-9.0-0.9"},{"rt":4390,"url":"../static/nodeGraphs.html","edge":"4to8","edgeRT":"3547","skip":"false","flipped":"False","index":"0","edgeClickLog":"[{\"edgeSelection\":\"0to2\",\"edgeRTMS\":1402},{\"edgeSelection\":\"2to4\",\"edgeRTMS\":2505},{\"edgeSelection\":\"4to8\",\"edgeRTMS\":3547}]","trial_id":"incong_0","congruency":"I","task":"experiment","subjectId":"szfotwus3t8463v","trial_type":"external-html","trial_index":18,"time_elapsed":279176,"internal_node_id":"0.0-9.0-0.10"},{"rt":3711,"url":"../static/nodeGraphs.html","edge":"4to8","edgeRT":"3083","skip":"false","flipped":"False","index":"6","edgeClickLog":"[{\"edgeSelection\":\"0to2\",\"edgeRTMS\":1356},{\"edgeSelection\":\"2to4\",\"edgeRTMS\":2215},{\"edgeSelection\":\"4to8\",\"edgeRTMS\":3083}]","trial_id":"incong_6","congruency":"I","task":"experiment","subjectId":"szfotwus3t8463v","trial_type":"external-html","trial_index":19,"time_elapsed":283487,"internal_node_id":"0.0-9.0-0.11"},{"rt":4473,"url":"../static/nodeGraphs.html","edge":"5to7","edgeRT":"3613","skip":"false","flipped":"True","index":"19","edgeClickLog":"[{\"edgeSelection\":\"0to2\",\"edgeRTMS\":2269},{\"edgeSelection\":\"2to5\",\"edgeRTMS\":2926},{\"edgeSelection\":\"5to7\",\"edgeRTMS\":3613}]","trial_id":"incong_9_flipped","congruency":"I","task":"experiment","subjectId":"szfotwus3t8463v","trial_type":"external-html","trial_index":20,"time_elapsed":288551,"internal_node_id":"0.0-9.0-0.12"},{"rt":5277,"url":"../static/nodeGraphs.html","edge":"4to8","edgeRT":"4149","skip":"false","flipped":"True","index":"15","edgeClickLog":"[{\"edgeSelection\":\"0to1\",\"edgeRTMS\":1386},{\"edgeSelection\":\"1to4\",\"edgeRTMS\":2362},{\"edgeSelection\":\"4to8\",\"edgeRTMS\":4149}]","trial_id":"incong_5_flipped","congruency":"I","task":"experiment","subjectId":"szfotwus3t8463v","trial_type":"external-html","trial_index":21,"time_elapsed":294652,"internal_node_id":"0.0-9.0-0.13"},{"rt":4672,"url":"../static/nodeGraphs.html","edge":"6to8","edgeRT":"3828","skip":"false","flipped":"True","index":"12","edgeClickLog":"[{\"edgeSelection\":\"0to3\",\"edgeRTMS\":2016},{\"edgeSelection\":\"3to6\",\"edgeRTMS\":2891},{\"edgeSelection\":\"6to8\",\"edgeRTMS\":3828}]","trial_id":"incong_2_flipped","congruency":"I","task":"experiment","subjectId":"szfotwus3t8463v","trial_type":"external-html","trial_index":22,"time_elapsed":299915,"internal_node_id":"0.0-9.0-0.14"},{"rt":6229,"url":"../static/nodeGraphs.html","edge":"4to8","edgeRT":"5404","skip":"false","flipped":"True","index":"13","edgeClickLog":"[{\"edgeSelection\":\"0to2\",\"edgeRTMS\":1103},{\"edgeSelection\":\"2to4\",\"edgeRTMS\":2664},{\"edgeSelection\":\"4to8\",\"edgeRTMS\":5404}]","trial_id":"incong_3_flipped","congruency":"I","task":"experiment","subjectId":"szfotwus3t8463v","trial_type":"external-html","trial_index":23,"time_elapsed":306734,"internal_node_id":"0.0-9.0-0.15"},{"rt":14646,"url":"../static/nodeGraphs.html","edge":"4to7","edgeRT":"13830","skip":"false","flipped":"False","index":"1","edgeClickLog":"[{\"edgeSelection\":\"0to1\",\"edgeRTMS\":5291},{\"edgeSelection\":\"1to4\",\"edgeRTMS\":12297},{\"edgeSelection\":\"4to7\",\"edgeRTMS\":13830}]","trial_id":"incong_1","congruency":"I","task":"experiment","subjectId":"szfotwus3t8463v","trial_type":"external-html","trial_index":24,"time_elapsed":321975,"internal_node_id":"0.0-9.0-0.16"},{"rt":5749,"url":"../static/nodeGraphs.html","edge":"5to9","edgeRT":"4850","skip":"false","flipped":"False","index":"4","edgeClickLog":"[{\"edgeSelection\":\"0to1\",\"edgeRTMS\":2141},{\"edgeSelection\":\"1to5\",\"edgeRTMS\":3751},{\"edgeSelection\":\"5to9\",\"edgeRTMS\":4850}]","trial_id":"incong_4","congruency":"I","task":"experiment","subjectId":"szfotwus3t8463v","trial_type":"external-html","trial_index":25,"time_elapsed":328309,"internal_node_id":"0.0-9.0-0.17"},{"rt":6649,"url":"../static/nodeGraphs.html","edge":"4to8","edgeRT":"5503","skip":"false","flipped":"False","index":"2","edgeClickLog":"[{\"edgeSelection\":\"0to1\",\"edgeRTMS\":1556},{\"edgeSelection\":\"1to4\",\"edgeRTMS\":4462},{\"edgeSelection\":\"4to8\",\"edgeRTMS\":5503}]","trial_id":"incong_2","congruency":"I","task":"experiment","subjectId":"szfotwus3t8463v","trial_type":"external-html","trial_index":26,"time_elapsed":335595,"internal_node_id":"0.0-9.0-0.18"},{"rt":7064,"url":"../static/nodeGraphs.html","edge":"6to9","edgeRT":"6252","skip":"false","flipped":"True","index":"11","edgeClickLog":"[{\"edgeSelection\":\"0to3\",\"edgeRTMS\":2769},{\"edgeSelection\":\"3to6\",\"edgeRTMS\":5286},{\"edgeSelection\":\"6to9\",\"edgeRTMS\":6252}]","trial_id":"incong_1_flipped","congruency":"I","task":"experiment","subjectId":"szfotwus3t8463v","trial_type":"external-html","trial_index":27,"time_elapsed":343249,"internal_node_id":"0.0-9.0-0.19"},{"rt":6861,"url":"../static/nodeGraphs.html","edge":"5to8","edgeRT":"5433","skip":"false","flipped":"False","index":"20","edgeClickLog":"[{\"edgeSelection\":\"0to1\",\"edgeRTMS\":1868},{\"edgeSelection\":\"1to5\",\"edgeRTMS\":4466},{\"edgeSelection\":\"5to8\",\"edgeRTMS\":5433}]","trial_id":"test_0","congruency":"I","task":"experiment","subjectId":"szfotwus3t8463v","trial_type":"external-html","trial_index":28,"time_elapsed":350701,"internal_node_id":"0.0-9.0-0.20"},{"rt":4024,"url":"../static/nodeGraphs.html","edge":"6to9","edgeRT":"3231","skip":"false","flipped":"False","index":"21","edgeClickLog":"[{\"edgeSelection\":\"0to3\",\"edgeRTMS\":1572},{\"edgeSelection\":\"3to6\",\"edgeRTMS\":2245},{\"edgeSelection\":\"6to9\",\"edgeRTMS\":3231}]","trial_id":"test_1","congruency":"I","task":"experiment","subjectId":"szfotwus3t8463v","trial_type":"external-html","trial_index":29,"time_elapsed":355313,"internal_node_id":"0.0-9.0-0.21"},{"rt":7244,"url":"../static/nodeGraphs.html","edge":"6to8","edgeRT":"5700","skip":"false","flipped":"False","index":"22","edgeClickLog":"[{\"edgeSelection\":\"0to3\",\"edgeRTMS\":1114},{\"edgeSelection\":\"3to5\",\"edgeRTMS\":2308},{\"edgeSelection\":\"0to3\",\"edgeRTMS\":3913},{\"edgeSelection\":\"3to6\",\"edgeRTMS\":4782},{\"edgeSelection\":\"6to8\",\"edgeRTMS\":5700}]","trial_id":"test_2","congruency":"I","task":"experiment","subjectId":"szfotwus3t8463v","trial_type":"external-html","trial_index":30,"time_elapsed":363153,"internal_node_id":"0.0-9.0-0.22"},{"rt":4303,"url":"../static/nodeGraphs.html","edge":"5to9","edgeRT":"3510","skip":"false","flipped":"False","index":"23","edgeClickLog":"[{\"edgeSelection\":\"0to1\",\"edgeRTMS\":1264},{\"edgeSelection\":\"1to5\",\"edgeRTMS\":2021},{\"edgeSelection\":\"5to9\",\"edgeRTMS\":3510}]","trial_id":"test_3","congruency":"I","task":"experiment","subjectId":"szfotwus3t8463v","trial_type":"external-html","trial_index":31,"time_elapsed":368049,"internal_node_id":"0.0-9.0-0.23"},{"rt":5393,"url":"../static/nodeGraphs.html","edge":"5to9","edgeRT":"4449","skip":"false","flipped":"False","index":"24","edgeClickLog":"[{\"edgeSelection\":\"0to1\",\"edgeRTMS\":1836},{\"edgeSelection\":\"1to5\",\"edgeRTMS\":3495},{\"edgeSelection\":\"5to9\",\"edgeRTMS\":4449}]","trial_id":"test_4","congruency":"I","task":"experiment","subjectId":"szfotwus3t8463v","trial_type":"external-html","trial_index":32,"time_elapsed":374032,"internal_node_id":"0.0-9.0-0.24"},{"rt":13592,"response":{"P0_Q0":null,"P0_Q1":3,"P0_Q2":7,"P0_Q3":5,"P0_Q4":4,"P0_Q5":1,"strategies":"Most points!","feedback":""},"accuracy":[],"trial_type":"survey","trial_index":33,"time_elapsed":388223,"internal_node_id":"0.0-10.0"},{"rt":2483,"stimulus":"<p>Thanks for your time!</p>        <p>We need to manually calculate your bonus pay, please give us up to 7 days.</p><p>Press any key to conclude.</p>","response":" ","task":"end","subjectId":"szfotwus3t8463v","trial_type":"html-keyboard-response","trial_index":34,"time_elapsed":390708,"internal_node_id":"0.0-11.0","interactions":"[{\"event\":\"focus\",\"trial\":1,\"time\":6251},{\"event\":\"fullscreenenter\",\"trial\":1,\"time\":7543}]"}]