[{"success":true,"timeout":false,"failed_images":[],"failed_audio":[],"failed_video":[],"trial_type":"preload","trial_index":0,"time_elapsed":768,"internal_node_id":"0.0-0.0"},{"success":true,"trial_type":"fullscreen","trial_index":1,"time_elapsed":60148,"internal_node_id":"0.0-1.0"},{"rt":1424,"stimulus":"Welcome to the experiment. Press any key to begin.","response":" ","trial_type":"html-keyboard-response","trial_index":2,"time_elapsed":61574,"internal_node_id":"0.0-2.0"},{"view_history":[{"page_index":0,"viewing_time":3271},{"page_index":1,"viewing_time":3528},{"page_index":2,"viewing_time":16516},{"page_index":3,"viewing_time":6860},{"page_index":4,"viewing_time":1072},{"page_index":5,"viewing_time":1256},{"page_index":6,"viewing_time":1712},{"page_index":7,"viewing_time":7768},{"page_index":8,"viewing_time":11560},{"page_index":9,"viewing_time":32768},{"page_index":10,"viewing_time":1184},{"page_index":11,"viewing_time":800},{"page_index":12,"viewing_time":832},{"page_index":13,"viewing_time":1000},{"page_index":14,"viewing_time":2824},{"page_index":15,"viewing_time":3188},{"page_index":16,"viewing_time":993},{"page_index":17,"viewing_time":1044},{"page_index":18,"viewing_time":1016},{"page_index":19,"viewing_time":888},{"page_index":20,"viewing_time":17456},{"page_index":21,"viewing_time":2160}],"rt":119695,"trial_type":"instructions","trial_index":3,"time_elapsed":181271,"internal_node_id":"0.0-3.0"},{"rt":70153,"url":"../static/nodeGraphsTraining.html","skip":[],"edgeClickLog":[],"trial_type":"external-html","trial_index":4,"time_elapsed":251606,"internal_node_id":"0.0-4.0"},{"rt":20928,"response":{"q1":"The goal is to help the student to get the most points","q2":"False","q3":"Possible paths you, as the teacher, can choose to teach the learner.","q4":"Paths that the student took before."},"question_order":[0,1,2,3],"trial_type":"survey-multi-choice","trial_index":5,"time_elapsed":272539,"internal_node_id":"0.0-5.0"},{"rt":3146,"stimulus":"<p>You can take a 60 second break before starting the experiment.</p><br><br><p>This page will advance in 60 seconds or you can press any key to advance now.</p>","response":" ","trial_type":"html-keyboard-response","trial_index":6,"time_elapsed":275687,"internal_node_id":"0.0-7.0"},{"view_history":[{"page_index":0,"viewing_time":6143}],"rt":6143,"trial_type":"instructions","trial_index":7,"time_elapsed":281831,"internal_node_id":"0.0-8.0"},{"rt":8065,"url":"../static/nodeGraphs.html","edge":"6to8","edgeRT":"7248","skip":"false","flipped":"True","index":"19","edgeClickLog":"[{\"edgeSelection\":\"6to8\",\"edgeRTMS\":6391},{\"edgeSelection\":\"6to8\",\"edgeRTMS\":7248}]","trial_id":"incong_9_flipped","congruency":"I","task":"experiment","subjectId":"k0cvjhvc0jt20bh","trial_type":"external-html","trial_index":8,"time_elapsed":290213,"internal_node_id":"0.0-9.0-0.0"},{"rt":13599,"url":"../static/nodeGraphs.html","edge":"0to1","edgeRT":"8887","skip":"false","flipped":"False","index":"4","edgeClickLog":"[{\"edgeSelection\":\"0to1\",\"edgeRTMS\":8887}]","trial_id":"incong_4","congruency":"I","task":"experiment","subjectId":"k0cvjhvc0jt20bh","trial_type":"external-html","trial_index":9,"time_elapsed":304646,"internal_node_id":"0.0-9.0-0.1"},{"rt":11692,"url":"../static/nodeGraphs.html","edge":"2to4","edgeRT":"10542","skip":"false","flipped":"True","index":"13","edgeClickLog":"[{\"edgeSelection\":\"2to4\",\"edgeRTMS\":10542}]","trial_id":"incong_3_flipped","congruency":"I","task":"experiment","subjectId":"k0cvjhvc0jt20bh","trial_type":"external-html","trial_index":10,"time_elapsed":317008,"internal_node_id":"0.0-9.0-0.2"},{"rt":10878,"url":"../static/nodeGraphs.html","edge":"0to2","edgeRT":"9697","skip":"false","flipped":"False","index":"2","edgeClickLog":"[{\"edgeSelection\":\"0to2\",\"edgeRTMS\":9697}]","trial_id":"incong_2","congruency":"I","task":"experiment","subjectId":"k0cvjhvc0jt20bh","trial_type":"external-html","trial_index":11,"time_elapsed":328716,"internal_node_id":"0.0-9.0-0.3"},{"rt":8231,"url":"../static/nodeGraphs.html","edge":"3to6","edgeRT":"7406","skip":"false","flipped":"True","index":"18","edgeClickLog":"[{\"edgeSelection\":\"3to6\",\"edgeRTMS\":7406}]","trial_id":"incong_8_flipped","congruency":"I","task":"experiment","subjectId":"k0cvjhvc0jt20bh","trial_type":"external-html","trial_index":12,"time_elapsed":337788,"internal_node_id":"0.0-9.0-0.4"},{"rt":3170,"url":"../static/nodeGraphs.html","edge":"2to4","edgeRT":"2550","skip":"false","flipped":"False","index":"1","edgeClickLog":"[{\"edgeSelection\":\"2to4\",\"edgeRTMS\":2550}]","trial_id":"incong_1","congruency":"I","task":"experiment","subjectId":"k0cvjhvc0jt20bh","trial_type":"external-html","trial_index":13,"time_elapsed":341621,"internal_node_id":"0.0-9.0-0.5"},{"rt":6318,"url":"../static/nodeGraphs.html","edge":"5to9","edgeRT":"5249","skip":"false","flipped":"False","index":"9","edgeClickLog":"[{\"edgeSelection\":\"5to9\",\"edgeRTMS\":5249}]","trial_id":"incong_9","congruency":"I","task":"experiment","subjectId":"k0cvjhvc0jt20bh","trial_type":"external-html","trial_index":14,"time_elapsed":349558,"internal_node_id":"0.0-9.0-0.6"},{"rt":14656,"url":"../static/nodeGraphs.html","edge":"5to8","edgeRT":"13383","skip":"false","flipped":"False","index":"7","edgeClickLog":"[{\"edgeSelection\":\"0to2\",\"edgeRTMS\":7756},{\"edgeSelection\":\"2to6\",\"edgeRTMS\":10484},{\"edgeSelection\":\"0to2\",\"edgeRTMS\":11171},{\"edgeSelection\":\"0to2\",\"edgeRTMS\":11615},{\"edgeSelection\":\"5to8\",\"edgeRTMS\":13383}]","trial_id":"incong_7","congruency":"I","task":"experiment","subjectId":"k0cvjhvc0jt20bh","trial_type":"external-html","trial_index":15,"time_elapsed":364880,"internal_node_id":"0.0-9.0-0.7"},{"rt":3211,"url":"../static/nodeGraphs.html","edge":"2to4","edgeRT":"1862","skip":"false","flipped":"False","index":"0","edgeClickLog":"[{\"edgeSelection\":\"2to4\",\"edgeRTMS\":1862}]","trial_id":"incong_0","congruency":"I","task":"experiment","subjectId":"k0cvjhvc0jt20bh","trial_type":"external-html","trial_index":16,"time_elapsed":368928,"internal_node_id":"0.0-9.0-0.8"},{"rt":4938,"url":"../static/nodeGraphs.html","edge":"1to4","edgeRT":"4247","skip":"false","flipped":"False","index":"8","edgeClickLog":"[{\"edgeSelection\":\"1to4\",\"edgeRTMS\":4247}]","trial_id":"incong_8","congruency":"I","task":"experiment","subjectId":"k0cvjhvc0jt20bh","trial_type":"external-html","trial_index":17,"time_elapsed":374537,"internal_node_id":"0.0-9.0-0.9"},{"rt":6212,"url":"../static/nodeGraphs.html","edge":"6to8","edgeRT":"5469","skip":"false","flipped":"True","index":"10","edgeClickLog":"[{\"edgeSelection\":\"3to6\",\"edgeRTMS\":3904},{\"edgeSelection\":\"6to8\",\"edgeRTMS\":5469}]","trial_id":"incong_0_flipped","congruency":"I","task":"experiment","subjectId":"k0cvjhvc0jt20bh","trial_type":"external-html","trial_index":18,"time_elapsed":381588,"internal_node_id":"0.0-9.0-0.10"},{"rt":4105,"url":"../static/nodeGraphs.html","edge":"2to6","edgeRT":"3218","skip":"false","flipped":"True","index":"12","edgeClickLog":"[{\"edgeSelection\":\"2to6\",\"edgeRTMS\":3218}]","trial_id":"incong_2_flipped","congruency":"I","task":"experiment","subjectId":"k0cvjhvc0jt20bh","trial_type":"external-html","trial_index":19,"time_elapsed":386364,"internal_node_id":"0.0-9.0-0.11"},{"rt":5691,"url":"../static/nodeGraphs.html","edge":"1to5","edgeRT":"4672","skip":"false","flipped":"True","index":"14","edgeClickLog":"[{\"edgeSelection\":\"1to5\",\"edgeRTMS\":3543},{\"edgeSelection\":\"1to5\",\"edgeRTMS\":4672}]","trial_id":"incong_4_flipped","congruency":"I","task":"experiment","subjectId":"k0cvjhvc0jt20bh","trial_type":"external-html","trial_index":20,"time_elapsed":392878,"internal_node_id":"0.0-9.0-0.12"},{"rt":4141,"url":"../static/nodeGraphs.html","edge":"6to8","edgeRT":"3308","skip":"false","flipped":"True","index":"16","edgeClickLog":"[{\"edgeSelection\":\"2to6\",\"edgeRTMS\":1995},{\"edgeSelection\":\"6to8\",\"edgeRTMS\":3308}]","trial_id":"incong_6_flipped","congruency":"I","task":"experiment","subjectId":"k0cvjhvc0jt20bh","trial_type":"external-html","trial_index":21,"time_elapsed":397862,"internal_node_id":"0.0-9.0-0.13"},{"rt":10188,"url":"../static/nodeGraphs.html","edge":"4to8","edgeRT":"9556","skip":"false","flipped":"False","index":"5","edgeClickLog":"[{\"edgeSelection\":\"2to4\",\"edgeRTMS\":6442},{\"edgeSelection\":\"4to8\",\"edgeRTMS\":9556}]","trial_id":"incong_5","congruency":"I","task":"experiment","subjectId":"k0cvjhvc0jt20bh","trial_type":"external-html","trial_index":22,"time_elapsed":408712,"internal_node_id":"0.0-9.0-0.14"},{"rt":3214,"url":"../static/nodeGraphs.html","edge":"2to6","edgeRT":"1939","skip":"false","flipped":"False","index":"3","edgeClickLog":"[{\"edgeSelection\":\"2to6\",\"edgeRTMS\":1939}]","trial_id":"incong_3","congruency":"I","task":"experiment","subjectId":"k0cvjhvc0jt20bh","trial_type":"external-html","trial_index":23,"time_elapsed":412760,"internal_node_id":"0.0-9.0-0.15"},{"rt":7072,"url":"../static/nodeGraphs.html","edge":"6to9","edgeRT":"6401","skip":"false","flipped":"True","index":"15","edgeClickLog":"[{\"edgeSelection\":\"4to8\",\"edgeRTMS\":3567},{\"edgeSelection\":\"6to8\",\"edgeRTMS\":5391},{\"edgeSelection\":\"6to9\",\"edgeRTMS\":6401}]","trial_id":"incong_5_flipped","congruency":"I","task":"experiment","subjectId":"k0cvjhvc0jt20bh","trial_type":"external-html","trial_index":24,"time_elapsed":420673,"internal_node_id":"0.0-9.0-0.16"},{"rt":17267,"url":"../static/nodeGraphs.html","edge":"4to7","edgeRT":"16554","skip":"false","flipped":"True","index":"11","edgeClickLog":"[{\"edgeSelection\":\"3to6\",\"edgeRTMS\":8425},{\"edgeSelection\":\"6to9\",\"edgeRTMS\":14878},{\"edgeSelection\":\"4to7\",\"edgeRTMS\":16554}]","trial_id":"incong_1_flipped","congruency":"I","task":"experiment","subjectId":"k0cvjhvc0jt20bh","trial_type":"external-html","trial_index":25,"time_elapsed":438603,"internal_node_id":"0.0-9.0-0.17"},{"rt":3652,"url":"../static/nodeGraphs.html","edge":"4to8","edgeRT":"2834","skip":"false","flipped":"False","index":"6","edgeClickLog":"[{\"edgeSelection\":\"4to8\",\"edgeRTMS\":2834}]","trial_id":"incong_6","congruency":"I","task":"experiment","subjectId":"k0cvjhvc0jt20bh","trial_type":"external-html","trial_index":26,"time_elapsed":443093,"internal_node_id":"0.0-9.0-0.18"},{"rt":3551,"url":"../static/nodeGraphs.html","edge":"4to8","edgeRT":"2685","skip":"false","flipped":"True","index":"17","edgeClickLog":"[{\"edgeSelection\":\"4to8\",\"edgeRTMS\":2685}]","trial_id":"incong_7_flipped","congruency":"I","task":"experiment","subjectId":"k0cvjhvc0jt20bh","trial_type":"external-html","trial_index":27,"time_elapsed":447310,"internal_node_id":"0.0-9.0-0.19"},{"rt":6612,"url":"../static/nodeGraphs.html","edge":"5to8","edgeRT":"5814","skip":"false","flipped":"False","index":"20","edgeClickLog":"[{\"edgeSelection\":\"6to8\",\"edgeRTMS\":3162},{\"edgeSelection\":\"5to8\",\"edgeRTMS\":5814}]","trial_id":"test_0","congruency":"I","task":"experiment","subjectId":"k0cvjhvc0jt20bh","trial_type":"external-html","trial_index":28,"time_elapsed":454591,"internal_node_id":"0.0-9.0-0.20"},{"rt":8836,"url":"../static/nodeGraphs.html","edge":"0to3","edgeRT":"6650","skip":"false","flipped":"False","index":"21","edgeClickLog":"[{\"edgeSelection\":\"0to3\",\"edgeRTMS\":6650}]","trial_id":"test_1","congruency":"I","task":"experiment","subjectId":"k0cvjhvc0jt20bh","trial_type":"external-html","trial_index":29,"time_elapsed":464096,"internal_node_id":"0.0-9.0-0.21"},{"rt":12349,"url":"../static/nodeGraphs.html","edge":"0to3","edgeRT":"4831","skip":"false","flipped":"False","index":"22","edgeClickLog":"[{\"edgeSelection\":\"0to3\",\"edgeRTMS\":4831}]","trial_id":"test_2","congruency":"I","task":"experiment","subjectId":"k0cvjhvc0jt20bh","trial_type":"external-html","trial_index":30,"time_elapsed":477122,"internal_node_id":"0.0-9.0-0.22"},{"rt":6629,"url":"../static/nodeGraphs.html","edge":"0to1","edgeRT":"3218","skip":"false","flipped":"False","index":"23","edgeClickLog":"[{\"edgeSelection\":\"0to1\",\"edgeRTMS\":3218}]","trial_id":"test_3","congruency":"I","task":"experiment","subjectId":"k0cvjhvc0jt20bh","trial_type":"external-html","trial_index":31,"time_elapsed":484419,"internal_node_id":"0.0-9.0-0.23"},{"rt":11769,"url":"../static/nodeGraphs.html","edge":"5to9","edgeRT":"11052","skip":"false","flipped":"False","index":"24","edgeClickLog":"[{\"edgeSelection\":\"1to5\",\"edgeRTMS\":8376},{\"edgeSelection\":\"6to8\",\"edgeRTMS\":10227},{\"edgeSelection\":\"5to9\",\"edgeRTMS\":11052}]","trial_id":"test_4","congruency":"I","task":"experiment","subjectId":"k0cvjhvc0jt20bh","trial_type":"external-html","trial_index":32,"time_elapsed":496860,"internal_node_id":"0.0-9.0-0.24"},{"rt":16807,"response":{"P0_Q0":null,"P0_Q1":5,"P0_Q2":3,"P0_Q3":5,"P0_Q4":4,"P0_Q5":4,"strategies":"How to get the most points","feedback":""},"accuracy":[],"trial_type":"survey","trial_index":33,"time_elapsed":514251,"internal_node_id":"0.0-10.0"},{"rt":1796,"stimulus":"<p>Thanks for your time!</p>        <p>We need to manually calculate your bonus pay, please give us up to 7 days.</p><p>Press any key to conclude.</p>","response":" ","task":"end","subjectId":"k0cvjhvc0jt20bh","trial_type":"html-keyboard-response","trial_index":34,"time_elapsed":516051,"internal_node_id":"0.0-11.0","interactions":"[{\"event\":\"blur\",\"trial\":1,\"time\":4387},{\"event\":\"focus\",\"trial\":1,\"time\":57220},{\"event\":\"fullscreenenter\",\"trial\":1,\"time\":59204},{\"event\":\"blur\",\"trial\":4,\"time\":192207},{\"event\":\"focus\",\"trial\":4,\"time\":192207},{\"event\":\"fullscreenexit\",\"trial\":4,\"time\":192217},{\"event\":\"blur\",\"trial\":9,\"time\":302743},{\"event\":\"focus\",\"trial\":9,\"time\":304218}]"}]