[{"success":true,"timeout":false,"failed_images":[],"failed_audio":[],"failed_video":[],"trial_type":"preload","trial_index":0,"time_elapsed":134,"internal_node_id":"0.0-0.0"},{"success":true,"trial_type":"fullscreen","trial_index":1,"time_elapsed":3743,"internal_node_id":"0.0-1.0"},{"rt":1651,"stimulus":"Welcome to the experiment. Press any key to begin.","response":" ","trial_type":"html-keyboard-response","trial_index":2,"time_elapsed":5396,"internal_node_id":"0.0-2.0"},{"view_history":[{"page_index":0,"viewing_time":2867},{"page_index":1,"viewing_time":5466},{"page_index":2,"viewing_time":17768},{"page_index":3,"viewing_time":3651},{"page_index":4,"viewing_time":1724},{"page_index":5,"viewing_time":812},{"page_index":6,"viewing_time":2423},{"page_index":7,"viewing_time":12001},{"page_index":8,"viewing_time":16440},{"page_index":9,"viewing_time":45630},{"page_index":10,"viewing_time":1069},{"page_index":11,"viewing_time":481},{"page_index":12,"viewing_time":390},{"page_index":13,"viewing_time":1362},{"page_index":14,"viewing_time":2631},{"page_index":15,"viewing_time":5114},{"page_index":16,"viewing_time":712},{"page_index":17,"viewing_time":421},{"page_index":18,"viewing_time":711},{"page_index":19,"viewing_time":3992},{"page_index":20,"viewing_time":5100},{"page_index":21,"viewing_time":5880}],"rt":136646,"trial_type":"instructions","trial_index":3,"time_elapsed":142039,"internal_node_id":"0.0-3.0"},{"rt":84178,"url":"../static/nodeGraphsTraining.html","skip":[],"edgeClickLog":[],"trial_type":"external-html","trial_index":4,"time_elapsed":226304,"internal_node_id":"0.0-4.0"},{"rt":23295,"response":{"q1":"The goal is to help the student to get the most points","q2":"False","q3":"Possible paths you, as the teacher, can choose to teach the learner.","q4":"Paths that the student took before."},"question_order":[0,1,2,3],"trial_type":"survey-multi-choice","trial_index":5,"time_elapsed":249601,"internal_node_id":"0.0-5.0"},{"rt":12788,"stimulus":"<p>You can take a 60 second break before starting the experiment.</p><br><br><p>This page will advance in 60 seconds or you can press any key to advance now.</p>","response":" ","trial_type":"html-keyboard-response","trial_index":6,"time_elapsed":262393,"internal_node_id":"0.0-7.0"},{"view_history":[{"page_index":0,"viewing_time":11543}],"rt":11543,"trial_type":"instructions","trial_index":7,"time_elapsed":273937,"internal_node_id":"0.0-8.0"},{"rt":30006,"url":"../static/nodeGraphs.html","edge":"0to2","edgeRT":"29217","skip":"true","flipped":"False","index":"7","edgeClickLog":"[{\"edgeSelection\":\"0to2\",\"edgeRTMS\":7682},{\"edgeSelection\":\"2to4\",\"edgeRTMS\":8849},{\"edgeSelection\":\"0to2\",\"edgeRTMS\":13199},{\"edgeSelection\":\"2to5\",\"edgeRTMS\":26797},{\"edgeSelection\":\"0to2\",\"edgeRTMS\":27920},{\"edgeSelection\":\"0to2\",\"edgeRTMS\":29217}]","trial_id":"cong_7","congruency":"C","task":"experiment","subjectId":"7mk8qfpffaygpyc","trial_type":"external-html","trial_index":8,"time_elapsed":304027,"internal_node_id":"0.0-9.0-0.0"},{"rt":6095,"url":"../static/nodeGraphs.html","edge":"2to6","edgeRT":"4149","skip":"false","flipped":"True","index":"14","edgeClickLog":"[{\"edgeSelection\":\"2to6\",\"edgeRTMS\":4149}]","trial_id":"cong_4_flipped","congruency":"C","task":"experiment","subjectId":"7mk8qfpffaygpyc","trial_type":"external-html","trial_index":9,"time_elapsed":310720,"internal_node_id":"0.0-9.0-0.1"},{"rt":6643,"url":"../static/nodeGraphs.html","edge":"3to6","edgeRT":"4438","skip":"false","flipped":"True","index":"10","edgeClickLog":"[{\"edgeSelection\":\"3to6\",\"edgeRTMS\":4438}]","trial_id":"cong_0_flipped","congruency":"C","task":"experiment","subjectId":"7mk8qfpffaygpyc","trial_type":"external-html","trial_index":10,"time_elapsed":317951,"internal_node_id":"0.0-9.0-0.2"},{"rt":7634,"url":"../static/nodeGraphs.html","edge":"2to6","edgeRT":"5978","skip":"false","flipped":"False","index":"1","edgeClickLog":"[{\"edgeSelection\":\"3to5\",\"edgeRTMS\":4531},{\"edgeSelection\":\"3to5\",\"edgeRTMS\":5255},{\"edgeSelection\":\"2to6\",\"edgeRTMS\":5978}]","trial_id":"cong_1","congruency":"C","task":"experiment","subjectId":"7mk8qfpffaygpyc","trial_type":"external-html","trial_index":11,"time_elapsed":326172,"internal_node_id":"0.0-9.0-0.3"},{"rt":7934,"url":"../static/nodeGraphs.html","edge":"0to2","edgeRT":"4543","skip":"false","flipped":"False","index":"0","edgeClickLog":"[{\"edgeSelection\":\"0to2\",\"edgeRTMS\":4543}]","trial_id":"cong_0","congruency":"C","task":"experiment","subjectId":"7mk8qfpffaygpyc","trial_type":"external-html","trial_index":12,"time_elapsed":334704,"internal_node_id":"0.0-9.0-0.4"},{"rt":6106,"url":"../static/nodeGraphs.html","edge":"2to4","edgeRT":"4620","skip":"false","flipped":"False","index":"4","edgeClickLog":"[{\"edgeSelection\":\"2to4\",\"edgeRTMS\":4620}]","trial_id":"cong_4","congruency":"C","task":"experiment","subjectId":"7mk8qfpffaygpyc","trial_type":"external-html","trial_index":13,"time_elapsed":341402,"internal_node_id":"0.0-9.0-0.5"},{"rt":8349,"url":"../static/nodeGraphs.html","edge":"2to6","edgeRT":"6804","skip":"false","flipped":"True","index":"17","edgeClickLog":"[{\"edgeSelection\":\"2to6\",\"edgeRTMS\":6804}]","trial_id":"cong_7_flipped","congruency":"C","task":"experiment","subjectId":"7mk8qfpffaygpyc","trial_type":"external-html","trial_index":14,"time_elapsed":350349,"internal_node_id":"0.0-9.0-0.6"},{"rt":7072,"url":"../static/nodeGraphs.html","edge":"1to4","edgeRT":"5329","skip":"false","flipped":"False","index":"8","edgeClickLog":"[{\"edgeSelection\":\"1to4\",\"edgeRTMS\":5329}]","trial_id":"cong_8","congruency":"C","task":"experiment","subjectId":"7mk8qfpffaygpyc","trial_type":"external-html","trial_index":15,"time_elapsed":358015,"internal_node_id":"0.0-9.0-0.7"},{"rt":10461,"url":"../static/nodeGraphs.html","edge":"3to5","edgeRT":"8885","skip":"false","flipped":"False","index":"3","edgeClickLog":"[{\"edgeSelection\":\"3to5\",\"edgeRTMS\":8885}]","trial_id":"cong_3","congruency":"C","task":"experiment","subjectId":"7mk8qfpffaygpyc","trial_type":"external-html","trial_index":16,"time_elapsed":369067,"internal_node_id":"0.0-9.0-0.8"},{"rt":5059,"url":"../static/nodeGraphs.html","edge":"2to5","edgeRT":"3729","skip":"false","flipped":"False","index":"9","edgeClickLog":"[{\"edgeSelection\":\"2to5\",\"edgeRTMS\":3729}]","trial_id":"cong_9","congruency":"C","task":"experiment","subjectId":"7mk8qfpffaygpyc","trial_type":"external-html","trial_index":17,"time_elapsed":374717,"internal_node_id":"0.0-9.0-0.9"},{"rt":4255,"url":"../static/nodeGraphs.html","edge":"2to5","edgeRT":"2478","skip":"false","flipped":"False","index":"6","edgeClickLog":"[{\"edgeSelection\":\"2to5\",\"edgeRTMS\":2478}]","trial_id":"cong_6","congruency":"C","task":"experiment","subjectId":"7mk8qfpffaygpyc","trial_type":"external-html","trial_index":18,"time_elapsed":379557,"internal_node_id":"0.0-9.0-0.10"},{"rt":3801,"url":"../static/nodeGraphs.html","edge":"2to5","edgeRT":"1866","skip":"false","flipped":"True","index":"19","edgeClickLog":"[{\"edgeSelection\":\"2to5\",\"edgeRTMS\":1866}]","trial_id":"cong_9_flipped","congruency":"C","task":"experiment","subjectId":"7mk8qfpffaygpyc","trial_type":"external-html","trial_index":19,"time_elapsed":383950,"internal_node_id":"0.0-9.0-0.11"},{"rt":5729,"url":"../static/nodeGraphs.html","edge":"0to3","edgeRT":"3653","skip":"false","flipped":"True","index":"13","edgeClickLog":"[{\"edgeSelection\":\"0to3\",\"edgeRTMS\":3653}]","trial_id":"cong_3_flipped","congruency":"C","task":"experiment","subjectId":"7mk8qfpffaygpyc","trial_type":"external-html","trial_index":20,"time_elapsed":390270,"internal_node_id":"0.0-9.0-0.12"},{"rt":8297,"url":"../static/nodeGraphs.html","edge":"0to1","edgeRT":"6677","skip":"false","flipped":"False","index":"2","edgeClickLog":"[{\"edgeSelection\":\"0to1\",\"edgeRTMS\":6677}]","trial_id":"cong_2","congruency":"C","task":"experiment","subjectId":"7mk8qfpffaygpyc","trial_type":"external-html","trial_index":21,"time_elapsed":399172,"internal_node_id":"0.0-9.0-0.13"},{"rt":4087,"url":"../static/nodeGraphs.html","edge":"0to1","edgeRT":"2272","skip":"false","flipped":"False","index":"5","edgeClickLog":"[{\"edgeSelection\":\"0to1\",\"edgeRTMS\":2272}]","trial_id":"cong_5","congruency":"C","task":"experiment","subjectId":"7mk8qfpffaygpyc","trial_type":"external-html","trial_index":22,"time_elapsed":403880,"internal_node_id":"0.0-9.0-0.14"},{"rt":3516,"url":"../static/nodeGraphs.html","edge":"0to3","edgeRT":"1995","skip":"false","flipped":"True","index":"15","edgeClickLog":"[{\"edgeSelection\":\"0to3\",\"edgeRTMS\":1995}]","trial_id":"cong_5_flipped","congruency":"C","task":"experiment","subjectId":"7mk8qfpffaygpyc","trial_type":"external-html","trial_index":23,"time_elapsed":407999,"internal_node_id":"0.0-9.0-0.15"},{"rt":4824,"url":"../static/nodeGraphs.html","edge":"0to1","edgeRT":"2685","skip":"false","flipped":"True","index":"11","edgeClickLog":"[{\"edgeSelection\":\"0to1\",\"edgeRTMS\":2685}]","trial_id":"cong_1_flipped","congruency":"C","task":"experiment","subjectId":"7mk8qfpffaygpyc","trial_type":"external-html","trial_index":24,"time_elapsed":413412,"internal_node_id":"0.0-9.0-0.16"},{"rt":3875,"url":"../static/nodeGraphs.html","edge":"0to3","edgeRT":"2282","skip":"false","flipped":"True","index":"12","edgeClickLog":"[{\"edgeSelection\":\"0to3\",\"edgeRTMS\":2282}]","trial_id":"cong_2_flipped","congruency":"C","task":"experiment","subjectId":"7mk8qfpffaygpyc","trial_type":"external-html","trial_index":25,"time_elapsed":417873,"internal_node_id":"0.0-9.0-0.17"},{"rt":4571,"url":"../static/nodeGraphs.html","edge":"2to5","edgeRT":"3274","skip":"false","flipped":"True","index":"16","edgeClickLog":"[{\"edgeSelection\":\"2to5\",\"edgeRTMS\":3274}]","trial_id":"cong_6_flipped","congruency":"C","task":"experiment","subjectId":"7mk8qfpffaygpyc","trial_type":"external-html","trial_index":26,"time_elapsed":423046,"internal_node_id":"0.0-9.0-0.18"},{"rt":5787,"url":"../static/nodeGraphs.html","edge":"3to6","edgeRT":"4262","skip":"false","flipped":"True","index":"18","edgeClickLog":"[{\"edgeSelection\":\"3to6\",\"edgeRTMS\":4262}]","trial_id":"cong_8_flipped","congruency":"C","task":"experiment","subjectId":"7mk8qfpffaygpyc","trial_type":"external-html","trial_index":27,"time_elapsed":429428,"internal_node_id":"0.0-9.0-0.19"},{"rt":5925,"url":"../static/nodeGraphs.html","edge":"0to2","edgeRT":"4327","skip":"false","flipped":"False","index":"20","edgeClickLog":"[{\"edgeSelection\":\"0to2\",\"edgeRTMS\":4327}]","trial_id":"test_0","congruency":"I","task":"experiment","subjectId":"7mk8qfpffaygpyc","trial_type":"external-html","trial_index":28,"time_elapsed":435943,"internal_node_id":"0.0-9.0-0.20"},{"rt":5136,"url":"../static/nodeGraphs.html","edge":"2to6","edgeRT":"3758","skip":"false","flipped":"False","index":"21","edgeClickLog":"[{\"edgeSelection\":\"2to6\",\"edgeRTMS\":3758}]","trial_id":"test_1","congruency":"I","task":"experiment","subjectId":"7mk8qfpffaygpyc","trial_type":"external-html","trial_index":29,"time_elapsed":441666,"internal_node_id":"0.0-9.0-0.21"},{"rt":4561,"url":"../static/nodeGraphs.html","edge":"0to3","edgeRT":"3457","skip":"false","flipped":"False","index":"22","edgeClickLog":"[{\"edgeSelection\":\"0to3\",\"edgeRTMS\":3457}]","trial_id":"test_2","congruency":"I","task":"experiment","subjectId":"7mk8qfpffaygpyc","trial_type":"external-html","trial_index":30,"time_elapsed":446818,"internal_node_id":"0.0-9.0-0.22"},{"rt":7579,"url":"../static/nodeGraphs.html","edge":"3to6","edgeRT":"2097","skip":"false","flipped":"False","index":"23","edgeClickLog":"[{\"edgeSelection\":\"3to6\",\"edgeRTMS\":2097}]","trial_id":"test_3","congruency":"I","task":"experiment","subjectId":"7mk8qfpffaygpyc","trial_type":"external-html","trial_index":31,"time_elapsed":454991,"internal_node_id":"0.0-9.0-0.23"},{"rt":7258,"url":"../static/nodeGraphs.html","edge":"1to5","edgeRT":"6295","skip":"false","flipped":"False","index":"24","edgeClickLog":"[{\"edgeSelection\":\"1to5\",\"edgeRTMS\":6295}]","trial_id":"test_4","congruency":"I","task":"experiment","subjectId":"7mk8qfpffaygpyc","trial_type":"external-html","trial_index":32,"time_elapsed":462841,"internal_node_id":"0.0-9.0-0.24"},{"rt":17928,"response":{"P0_Q0":null,"P0_Q1":2,"P0_Q2":6,"P0_Q3":7,"P0_Q4":5,"P0_Q5":1,"strategies":"Selecting the highest value ","feedback":"n/A"},"accuracy":[],"trial_type":"survey","trial_index":33,"time_elapsed":481362,"internal_node_id":"0.0-10.0"},{"rt":3205,"stimulus":"<p>Thanks for your time!</p>        <p>We need to manually calculate your bonus pay, please give us up to 7 days.</p><p>Press any key to conclude.</p>","response":" ","task":"end","subjectId":"7mk8qfpffaygpyc","trial_type":"html-keyboard-response","trial_index":34,"time_elapsed":484569,"internal_node_id":"0.0-11.0","interactions":"[{\"event\":\"fullscreenenter\",\"trial\":1,\"time\":2742},{\"event\":\"blur\",\"trial\":4,\"time\":156269},{\"event\":\"fullscreenexit\",\"trial\":4,\"time\":156275},{\"event\":\"focus\",\"trial\":4,\"time\":174624},{\"event\":\"blur\",\"trial\":4,\"time\":204855},{\"event\":\"focus\",\"trial\":4,\"time\":204941},{\"event\":\"blur\",\"trial\":8,\"time\":279789},{\"event\":\"focus\",\"trial\":8,\"time\":279945}]"}]