[{"success":true,"timeout":false,"failed_images":[],"failed_audio":[],"failed_video":[],"trial_type":"preload","trial_index":0,"time_elapsed":390,"internal_node_id":"0.0-0.0"},{"success":true,"trial_type":"fullscreen","trial_index":1,"time_elapsed":2961,"internal_node_id":"0.0-1.0"},{"rt":2181,"stimulus":"Welcome to the experiment. Press any key to begin.","response":" ","trial_type":"html-keyboard-response","trial_index":2,"time_elapsed":5143,"internal_node_id":"0.0-2.0"},{"view_history":[{"page_index":0,"viewing_time":4187},{"page_index":1,"viewing_time":9379},{"page_index":2,"viewing_time":59477},{"page_index":3,"viewing_time":4203},{"page_index":4,"viewing_time":2592},{"page_index":5,"viewing_time":2352},{"page_index":6,"viewing_time":13637},{"page_index":7,"viewing_time":345137},{"page_index":8,"viewing_time":20934},{"page_index":9,"viewing_time":16241},{"page_index":10,"viewing_time":4219},{"page_index":11,"viewing_time":640},{"page_index":12,"viewing_time":600},{"page_index":13,"viewing_time":4757},{"page_index":14,"viewing_time":42984},{"page_index":15,"viewing_time":5843},{"page_index":16,"viewing_time":2072},{"page_index":17,"viewing_time":416},{"page_index":18,"viewing_time":832},{"page_index":19,"viewing_time":4237},{"page_index":20,"viewing_time":9627},{"page_index":21,"viewing_time":5789}],"rt":560156,"trial_type":"instructions","trial_index":3,"time_elapsed":567127,"internal_node_id":"0.0-3.0"},{"rt":104629,"url":"../static/nodeGraphsTraining.html","skip":[],"edgeClickLog":[],"trial_type":"external-html","trial_index":4,"time_elapsed":671838,"internal_node_id":"0.0-4.0"},{"rt":84596,"response":{"q1":"The goal is to help the student to get the most points","q2":"False","q3":"Possible paths you, as the teacher, can choose to teach the learner.","q4":"Paths that the student took before."},"question_order":[0,1,2,3],"trial_type":"survey-multi-choice","trial_index":5,"time_elapsed":756436,"internal_node_id":"0.0-5.0"},{"rt":4012,"stimulus":"<p>You can take a 60 second break before starting the experiment.</p><br><br><p>This page will advance in 60 seconds or you can press any key to advance now.</p>","response":"arrowright","trial_type":"html-keyboard-response","trial_index":6,"time_elapsed":760449,"internal_node_id":"0.0-7.0"},{"view_history":[{"page_index":0,"viewing_time":25173}],"rt":25174,"trial_type":"instructions","trial_index":7,"time_elapsed":785623,"internal_node_id":"0.0-8.0"},{"rt":11072,"url":"../static/nodeGraphs.html","edge":"2to6","edgeRT":"9599","skip":"false","flipped":"True","index":"14","edgeClickLog":"[{\"edgeSelection\":\"2to6\",\"edgeRTMS\":9599}]","trial_id":"cong_4_flipped","congruency":"C","task":"experiment","subjectId":"2e3wpyx1y6fsrbe","trial_type":"external-html","trial_index":8,"time_elapsed":796776,"internal_node_id":"0.0-9.0-0.0"},{"rt":9098,"url":"../static/nodeGraphs.html","edge":"2to6","edgeRT":"7549","skip":"false","flipped":"False","index":"1","edgeClickLog":"[{\"edgeSelection\":\"2to6\",\"edgeRTMS\":7549}]","trial_id":"cong_1","congruency":"C","task":"experiment","subjectId":"2e3wpyx1y6fsrbe","trial_type":"external-html","trial_index":9,"time_elapsed":806416,"internal_node_id":"0.0-9.0-0.1"},{"rt":18835,"url":"../static/nodeGraphs.html","edge":"4to7","edgeRT":"16739","skip":"false","flipped":"False","index":"8","edgeClickLog":"[{\"edgeSelection\":\"4to7\",\"edgeRTMS\":16739}]","trial_id":"cong_8","congruency":"C","task":"experiment","subjectId":"2e3wpyx1y6fsrbe","trial_type":"external-html","trial_index":10,"time_elapsed":825798,"internal_node_id":"0.0-9.0-0.2"},{"rt":10321,"url":"../static/nodeGraphs.html","edge":"2to5","edgeRT":"8959","skip":"false","flipped":"True","index":"19","edgeClickLog":"[{\"edgeSelection\":\"2to5\",\"edgeRTMS\":8959}]","trial_id":"cong_9_flipped","congruency":"C","task":"experiment","subjectId":"2e3wpyx1y6fsrbe","trial_type":"external-html","trial_index":11,"time_elapsed":836658,"internal_node_id":"0.0-9.0-0.3"},{"rt":10445,"url":"../static/nodeGraphs.html","edge":"3to6","edgeRT":"9365","skip":"false","flipped":"True","index":"10","edgeClickLog":"[{\"edgeSelection\":\"3to6\",\"edgeRTMS\":9365}]","trial_id":"cong_0_flipped","congruency":"C","task":"experiment","subjectId":"2e3wpyx1y6fsrbe","trial_type":"external-html","trial_index":12,"time_elapsed":847642,"internal_node_id":"0.0-9.0-0.4"},{"rt":17717,"url":"../static/nodeGraphs.html","edge":"1to4","edgeRT":"16863","skip":"false","flipped":"False","index":"5","edgeClickLog":"[{\"edgeSelection\":\"1to4\",\"edgeRTMS\":16863}]","trial_id":"cong_5","congruency":"C","task":"experiment","subjectId":"2e3wpyx1y6fsrbe","trial_type":"external-html","trial_index":13,"time_elapsed":865900,"internal_node_id":"0.0-9.0-0.5"},{"rt":8578,"url":"../static/nodeGraphs.html","edge":"1to4","edgeRT":"7839","skip":"false","flipped":"False","index":"0","edgeClickLog":"[{\"edgeSelection\":\"1to4\",\"edgeRTMS\":7839}]","trial_id":"cong_0","congruency":"C","task":"experiment","subjectId":"2e3wpyx1y6fsrbe","trial_type":"external-html","trial_index":14,"time_elapsed":875017,"internal_node_id":"0.0-9.0-0.6"},{"rt":19248,"url":"../static/nodeGraphs.html","edge":"5to9","edgeRT":"18020","skip":"false","flipped":"False","index":"2","edgeClickLog":"[{\"edgeSelection\":\"5to9\",\"edgeRTMS\":18020}]","trial_id":"cong_2","congruency":"C","task":"experiment","subjectId":"2e3wpyx1y6fsrbe","trial_type":"external-html","trial_index":15,"time_elapsed":894805,"internal_node_id":"0.0-9.0-0.7"},{"rt":9189,"url":"../static/nodeGraphs.html","edge":"2to5","edgeRT":"7600","skip":"false","flipped":"False","index":"6","edgeClickLog":"[{\"edgeSelection\":\"2to5\",\"edgeRTMS\":7600}]","trial_id":"cong_6","congruency":"C","task":"experiment","subjectId":"2e3wpyx1y6fsrbe","trial_type":"external-html","trial_index":16,"time_elapsed":904531,"internal_node_id":"0.0-9.0-0.8"},{"rt":11157,"url":"../static/nodeGraphs.html","edge":"0to3","edgeRT":"7388","skip":"false","flipped":"True","index":"15","edgeClickLog":"[{\"edgeSelection\":\"0to3\",\"edgeRTMS\":7388}]","trial_id":"cong_5_flipped","congruency":"C","task":"experiment","subjectId":"2e3wpyx1y6fsrbe","trial_type":"external-html","trial_index":17,"time_elapsed":916227,"internal_node_id":"0.0-9.0-0.9"},{"rt":9116,"url":"../static/nodeGraphs.html","edge":"1to5","edgeRT":"6238","skip":"false","flipped":"True","index":"13","edgeClickLog":"[{\"edgeSelection\":\"1to5\",\"edgeRTMS\":6238}]","trial_id":"cong_3_flipped","congruency":"C","task":"experiment","subjectId":"2e3wpyx1y6fsrbe","trial_type":"external-html","trial_index":18,"time_elapsed":925891,"internal_node_id":"0.0-9.0-0.10"},{"rt":16181,"url":"../static/nodeGraphs.html","edge":"5to9","edgeRT":"9010","skip":"false","flipped":"True","index":"16","edgeClickLog":"[{\"edgeSelection\":\"2to5\",\"edgeRTMS\":3477},{\"edgeSelection\":\"5to9\",\"edgeRTMS\":9010}]","trial_id":"cong_6_flipped","congruency":"C","task":"experiment","subjectId":"2e3wpyx1y6fsrbe","trial_type":"external-html","trial_index":19,"time_elapsed":942609,"internal_node_id":"0.0-9.0-0.11"},{"rt":12274,"url":"../static/nodeGraphs.html","edge":"5to9","edgeRT":"11093","skip":"false","flipped":"False","index":"3","edgeClickLog":"[{\"edgeSelection\":\"5to9\",\"edgeRTMS\":11093}]","trial_id":"cong_3","congruency":"C","task":"experiment","subjectId":"2e3wpyx1y6fsrbe","trial_type":"external-html","trial_index":20,"time_elapsed":955424,"internal_node_id":"0.0-9.0-0.12"},{"rt":8629,"url":"../static/nodeGraphs.html","edge":"2to4","edgeRT":"7471","skip":"false","flipped":"False","index":"7","edgeClickLog":"[{\"edgeSelection\":\"2to4\",\"edgeRTMS\":7471}]","trial_id":"cong_7","congruency":"C","task":"experiment","subjectId":"2e3wpyx1y6fsrbe","trial_type":"external-html","trial_index":21,"time_elapsed":964594,"internal_node_id":"0.0-9.0-0.13"},{"rt":4546,"url":"../static/nodeGraphs.html","edge":"2to4","edgeRT":"3399","skip":"false","flipped":"False","index":"4","edgeClickLog":"[{\"edgeSelection\":\"2to4\",\"edgeRTMS\":3399}]","trial_id":"cong_4","congruency":"C","task":"experiment","subjectId":"2e3wpyx1y6fsrbe","trial_type":"external-html","trial_index":22,"time_elapsed":969679,"internal_node_id":"0.0-9.0-0.14"},{"rt":14001,"url":"../static/nodeGraphs.html","edge":"2to6","edgeRT":"12437","skip":"false","flipped":"True","index":"17","edgeClickLog":"[{\"edgeSelection\":\"2to6\",\"edgeRTMS\":12437}]","trial_id":"cong_7_flipped","congruency":"C","task":"experiment","subjectId":"2e3wpyx1y6fsrbe","trial_type":"external-html","trial_index":23,"time_elapsed":984219,"internal_node_id":"0.0-9.0-0.15"},{"rt":16249,"url":"../static/nodeGraphs.html","edge":"3to6","edgeRT":"14341","skip":"false","flipped":"True","index":"18","edgeClickLog":"[{\"edgeSelection\":\"3to6\",\"edgeRTMS\":14341}]","trial_id":"cong_8_flipped","congruency":"C","task":"experiment","subjectId":"2e3wpyx1y6fsrbe","trial_type":"external-html","trial_index":24,"time_elapsed":1001007,"internal_node_id":"0.0-9.0-0.16"},{"rt":9257,"url":"../static/nodeGraphs.html","edge":"2to5","edgeRT":"3776","skip":"false","flipped":"False","index":"9","edgeClickLog":"[{\"edgeSelection\":\"2to5\",\"edgeRTMS\":3776}]","trial_id":"cong_9","congruency":"C","task":"experiment","subjectId":"2e3wpyx1y6fsrbe","trial_type":"external-html","trial_index":25,"time_elapsed":1010814,"internal_node_id":"0.0-9.0-0.17"},{"rt":4035,"url":"../static/nodeGraphs.html","edge":"2to4","edgeRT":"3321","skip":"false","flipped":"True","index":"11","edgeClickLog":"[{\"edgeSelection\":\"2to4\",\"edgeRTMS\":3321}]","trial_id":"cong_1_flipped","congruency":"C","task":"experiment","subjectId":"2e3wpyx1y6fsrbe","trial_type":"external-html","trial_index":26,"time_elapsed":1015391,"internal_node_id":"0.0-9.0-0.18"},{"rt":5899,"url":"../static/nodeGraphs.html","edge":"5to7","edgeRT":"3732","skip":"false","flipped":"True","index":"12","edgeClickLog":"[{\"edgeSelection\":\"5to7\",\"edgeRTMS\":3732}]","trial_id":"cong_2_flipped","congruency":"C","task":"experiment","subjectId":"2e3wpyx1y6fsrbe","trial_type":"external-html","trial_index":27,"time_elapsed":1021829,"internal_node_id":"0.0-9.0-0.19"},{"rt":9709,"url":"../static/nodeGraphs.html","edge":"6to8","edgeRT":"8065","skip":"false","flipped":"False","index":"20","edgeClickLog":"[{\"edgeSelection\":\"6to8\",\"edgeRTMS\":8065}]","trial_id":"test_0","congruency":"I","task":"experiment","subjectId":"2e3wpyx1y6fsrbe","trial_type":"external-html","trial_index":28,"time_elapsed":1032079,"internal_node_id":"0.0-9.0-0.20"},{"rt":8266,"url":"../static/nodeGraphs.html","edge":"3to6","edgeRT":"6592","skip":"false","flipped":"False","index":"21","edgeClickLog":"[{\"edgeSelection\":\"3to6\",\"edgeRTMS\":6592}]","trial_id":"test_1","congruency":"I","task":"experiment","subjectId":"2e3wpyx1y6fsrbe","trial_type":"external-html","trial_index":29,"time_elapsed":1040884,"internal_node_id":"0.0-9.0-0.21"},{"rt":20364,"url":"../static/nodeGraphs.html","edge":"3to5","edgeRT":"18318","skip":"false","flipped":"False","index":"22","edgeClickLog":"[{\"edgeSelection\":\"3to5\",\"edgeRTMS\":18318}]","trial_id":"test_2","congruency":"I","task":"experiment","subjectId":"2e3wpyx1y6fsrbe","trial_type":"external-html","trial_index":30,"time_elapsed":1061787,"internal_node_id":"0.0-9.0-0.22"},{"rt":4513,"url":"../static/nodeGraphs.html","edge":"1to5","edgeRT":"3511","skip":"false","flipped":"False","index":"23","edgeClickLog":"[{\"edgeSelection\":\"1to5\",\"edgeRTMS\":3511}]","trial_id":"test_3","congruency":"I","task":"experiment","subjectId":"2e3wpyx1y6fsrbe","trial_type":"external-html","trial_index":31,"time_elapsed":1066857,"internal_node_id":"0.0-9.0-0.23"},{"rt":10796,"url":"../static/nodeGraphs.html","edge":"6to9","edgeRT":"7342","skip":"false","flipped":"False","index":"24","edgeClickLog":"[{\"edgeSelection\":\"6to9\",\"edgeRTMS\":7342}]","trial_id":"test_4","congruency":"I","task":"experiment","subjectId":"2e3wpyx1y6fsrbe","trial_type":"external-html","trial_index":32,"time_elapsed":1078201,"internal_node_id":"0.0-9.0-0.24"},{"rt":34056,"response":{"P0_Q0":null,"P0_Q1":2,"P0_Q2":6,"P0_Q3":7,"P0_Q4":3,"P0_Q5":2,"strategies":"I tried to connect the biggest numbers","feedback":""},"accuracy":[],"trial_type":"survey","trial_index":33,"time_elapsed":1112802,"internal_node_id":"0.0-10.0"},{"rt":6025,"stimulus":"<p>Thanks for your time!</p>        <p>We need to manually calculate your bonus pay, please give us up to 7 days.</p><p>Press any key to conclude.</p>","response":" ","task":"end","subjectId":"2e3wpyx1y6fsrbe","trial_type":"html-keyboard-response","trial_index":34,"time_elapsed":1118829,"internal_node_id":"0.0-11.0","interactions":"[{\"event\":\"fullscreenenter\",\"trial\":1,\"time\":1960}]"}]