[{"success":true,"timeout":false,"failed_images":[],"failed_audio":[],"failed_video":[],"trial_type":"preload","trial_index":0,"time_elapsed":148,"internal_node_id":"0.0-0.0"},{"success":true,"trial_type":"fullscreen","trial_index":1,"time_elapsed":3728,"internal_node_id":"0.0-1.0"},{"rt":1458,"stimulus":"Welcome to the experiment. Press any key to begin.","response":" ","trial_type":"html-keyboard-response","trial_index":2,"time_elapsed":5189,"internal_node_id":"0.0-2.0"},{"view_history":[{"page_index":0,"viewing_time":2311},{"page_index":1,"viewing_time":3512},{"page_index":2,"viewing_time":18041},{"page_index":3,"viewing_time":2620},{"page_index":4,"viewing_time":1431},{"page_index":5,"viewing_time":799},{"page_index":6,"viewing_time":1693},{"page_index":7,"viewing_time":7665},{"page_index":8,"viewing_time":9874},{"page_index":9,"viewing_time":9147},{"page_index":10,"viewing_time":2184},{"page_index":11,"viewing_time":454},{"page_index":12,"viewing_time":328},{"page_index":13,"viewing_time":849},{"page_index":14,"viewing_time":1956},{"page_index":15,"viewing_time":5885},{"page_index":16,"viewing_time":1166},{"page_index":17,"viewing_time":503},{"page_index":18,"viewing_time":427},{"page_index":19,"viewing_time":2716},{"page_index":20,"viewing_time":5900},{"page_index":21,"viewing_time":4289}],"rt":83752,"trial_type":"instructions","trial_index":3,"time_elapsed":88941,"internal_node_id":"0.0-3.0"},{"rt":68871,"url":"../static/nodeGraphsTraining.html","skip":[],"edgeClickLog":[],"trial_type":"external-html","trial_index":4,"time_elapsed":157859,"internal_node_id":"0.0-4.0"},{"rt":24363,"response":{"q1":"The goal is to help the student to get the most points","q2":"False","q3":"Possible paths you, as the teacher, can choose to teach the learner.","q4":"Paths that the student took before."},"question_order":[0,1,2,3],"trial_type":"survey-multi-choice","trial_index":5,"time_elapsed":182227,"internal_node_id":"0.0-5.0"},{"rt":3810,"stimulus":"<p>You can take a 60 second break before starting the experiment.</p><br><br><p>This page will advance in 60 seconds or you can press any key to advance now.</p>","response":"arrowright","trial_type":"html-keyboard-response","trial_index":6,"time_elapsed":186040,"internal_node_id":"0.0-7.0"},{"view_history":[{"page_index":0,"viewing_time":14602}],"rt":14602,"trial_type":"instructions","trial_index":7,"time_elapsed":200643,"internal_node_id":"0.0-8.0"},{"rt":15898,"url":"../static/nodeGraphs.html","edge":"2to5","edgeRT":"14778","skip":"false","flipped":"False","index":"6","edgeClickLog":"[{\"edgeSelection\":\"2to5\",\"edgeRTMS\":14778}]","trial_id":"cong_6","congruency":"C","task":"experiment","subjectId":"qh12zot0hn50ys3","trial_type":"external-html","trial_index":8,"time_elapsed":216577,"internal_node_id":"0.0-9.0-0.0"},{"rt":12383,"url":"../static/nodeGraphs.html","edge":"2to6","edgeRT":"9988","skip":"false","flipped":"True","index":"14","edgeClickLog":"[{\"edgeSelection\":\"2to6\",\"edgeRTMS\":9988}]","trial_id":"cong_4_flipped","congruency":"C","task":"experiment","subjectId":"qh12zot0hn50ys3","trial_type":"external-html","trial_index":9,"time_elapsed":229504,"internal_node_id":"0.0-9.0-0.1"},{"rt":19397,"url":"../static/nodeGraphs.html","edge":"2to4","edgeRT":"15519","skip":"false","flipped":"False","index":"7","edgeClickLog":"[{\"edgeSelection\":\"2to4\",\"edgeRTMS\":15519}]","trial_id":"cong_7","congruency":"C","task":"experiment","subjectId":"qh12zot0hn50ys3","trial_type":"external-html","trial_index":10,"time_elapsed":249443,"internal_node_id":"0.0-9.0-0.2"},{"rt":23161,"url":"../static/nodeGraphs.html","edge":"5to9","edgeRT":"22458","skip":"false","flipped":"False","index":"2","edgeClickLog":"[{\"edgeSelection\":\"5to9\",\"edgeRTMS\":22458}]","trial_id":"cong_2","congruency":"C","task":"experiment","subjectId":"qh12zot0hn50ys3","trial_type":"external-html","trial_index":11,"time_elapsed":273146,"internal_node_id":"0.0-9.0-0.3"},{"rt":10582,"url":"../static/nodeGraphs.html","edge":"2to5","edgeRT":"7773","skip":"false","flipped":"True","index":"16","edgeClickLog":"[{\"edgeSelection\":\"2to5\",\"edgeRTMS\":7773}]","trial_id":"cong_6_flipped","congruency":"C","task":"experiment","subjectId":"qh12zot0hn50ys3","trial_type":"external-html","trial_index":12,"time_elapsed":284274,"internal_node_id":"0.0-9.0-0.4"},{"rt":22266,"url":"../static/nodeGraphs.html","edge":"3to6","edgeRT":"19025","skip":"false","flipped":"True","index":"15","edgeClickLog":"[{\"edgeSelection\":\"3to6\",\"edgeRTMS\":19025}]","trial_id":"cong_5_flipped","congruency":"C","task":"experiment","subjectId":"qh12zot0hn50ys3","trial_type":"external-html","trial_index":13,"time_elapsed":307082,"internal_node_id":"0.0-9.0-0.5"},{"rt":9926,"url":"../static/nodeGraphs.html","edge":"2to4","edgeRT":"7336","skip":"false","flipped":"True","index":"11","edgeClickLog":"[{\"edgeSelection\":\"2to4\",\"edgeRTMS\":7336}]","trial_id":"cong_1_flipped","congruency":"C","task":"experiment","subjectId":"qh12zot0hn50ys3","trial_type":"external-html","trial_index":14,"time_elapsed":317558,"internal_node_id":"0.0-9.0-0.6"},{"rt":11792,"url":"../static/nodeGraphs.html","edge":"2to6","edgeRT":"10995","skip":"false","flipped":"False","index":"1","edgeClickLog":"[{\"edgeSelection\":\"2to6\",\"edgeRTMS\":10995}]","trial_id":"cong_1","congruency":"C","task":"experiment","subjectId":"qh12zot0hn50ys3","trial_type":"external-html","trial_index":15,"time_elapsed":329895,"internal_node_id":"0.0-9.0-0.7"},{"rt":9107,"url":"../static/nodeGraphs.html","edge":"2to4","edgeRT":"7465","skip":"false","flipped":"False","index":"4","edgeClickLog":"[{\"edgeSelection\":\"2to4\",\"edgeRTMS\":7465}]","trial_id":"cong_4","congruency":"C","task":"experiment","subjectId":"qh12zot0hn50ys3","trial_type":"external-html","trial_index":16,"time_elapsed":339548,"internal_node_id":"0.0-9.0-0.8"},{"rt":17415,"url":"../static/nodeGraphs.html","edge":"5to7","edgeRT":"15029","skip":"false","flipped":"True","index":"12","edgeClickLog":"[{\"edgeSelection\":\"5to7\",\"edgeRTMS\":15029}]","trial_id":"cong_2_flipped","congruency":"C","task":"experiment","subjectId":"qh12zot0hn50ys3","trial_type":"external-html","trial_index":17,"time_elapsed":357506,"internal_node_id":"0.0-9.0-0.9"},{"rt":6288,"url":"../static/nodeGraphs.html","edge":"2to5","edgeRT":"4979","skip":"false","flipped":"True","index":"19","edgeClickLog":"[{\"edgeSelection\":\"2to5\",\"edgeRTMS\":4979}]","trial_id":"cong_9_flipped","congruency":"C","task":"experiment","subjectId":"qh12zot0hn50ys3","trial_type":"external-html","trial_index":18,"time_elapsed":364337,"internal_node_id":"0.0-9.0-0.10"},{"rt":12035,"url":"../static/nodeGraphs.html","edge":"3to5","edgeRT":"8929","skip":"false","flipped":"False","index":"3","edgeClickLog":"[{\"edgeSelection\":\"3to5\",\"edgeRTMS\":8929}]","trial_id":"cong_3","congruency":"C","task":"experiment","subjectId":"qh12zot0hn50ys3","trial_type":"external-html","trial_index":19,"time_elapsed":376920,"internal_node_id":"0.0-9.0-0.11"},{"rt":4895,"url":"../static/nodeGraphs.html","edge":"3to6","edgeRT":"3263","skip":"false","flipped":"True","index":"10","edgeClickLog":"[{\"edgeSelection\":\"3to6\",\"edgeRTMS\":3263}]","trial_id":"cong_0_flipped","congruency":"C","task":"experiment","subjectId":"qh12zot0hn50ys3","trial_type":"external-html","trial_index":20,"time_elapsed":382356,"internal_node_id":"0.0-9.0-0.12"},{"rt":12978,"url":"../static/nodeGraphs.html","edge":"6to9","edgeRT":"12068","skip":"false","flipped":"True","index":"18","edgeClickLog":"[{\"edgeSelection\":\"6to9\",\"edgeRTMS\":12068}]","trial_id":"cong_8_flipped","congruency":"C","task":"experiment","subjectId":"qh12zot0hn50ys3","trial_type":"external-html","trial_index":21,"time_elapsed":395876,"internal_node_id":"0.0-9.0-0.13"},{"rt":15101,"url":"../static/nodeGraphs.html","edge":"5to7","edgeRT":"13106","skip":"false","flipped":"True","index":"13","edgeClickLog":"[{\"edgeSelection\":\"5to7\",\"edgeRTMS\":13106}]","trial_id":"cong_3_flipped","congruency":"C","task":"experiment","subjectId":"qh12zot0hn50ys3","trial_type":"external-html","trial_index":22,"time_elapsed":411521,"internal_node_id":"0.0-9.0-0.14"},{"rt":8550,"url":"../static/nodeGraphs.html","edge":"1to4","edgeRT":"5707","skip":"false","flipped":"False","index":"0","edgeClickLog":"[{\"edgeSelection\":\"1to4\",\"edgeRTMS\":5707}]","trial_id":"cong_0","congruency":"C","task":"experiment","subjectId":"qh12zot0hn50ys3","trial_type":"external-html","trial_index":23,"time_elapsed":420614,"internal_node_id":"0.0-9.0-0.15"},{"rt":5692,"url":"../static/nodeGraphs.html","edge":"1to4","edgeRT":"4374","skip":"false","flipped":"False","index":"5","edgeClickLog":"[{\"edgeSelection\":\"1to4\",\"edgeRTMS\":4374}]","trial_id":"cong_5","congruency":"C","task":"experiment","subjectId":"qh12zot0hn50ys3","trial_type":"external-html","trial_index":24,"time_elapsed":426846,"internal_node_id":"0.0-9.0-0.16"},{"rt":12782,"url":"../static/nodeGraphs.html","edge":"2to6","edgeRT":"11142","skip":"false","flipped":"True","index":"17","edgeClickLog":"[{\"edgeSelection\":\"2to6\",\"edgeRTMS\":11142}]","trial_id":"cong_7_flipped","congruency":"C","task":"experiment","subjectId":"qh12zot0hn50ys3","trial_type":"external-html","trial_index":25,"time_elapsed":440168,"internal_node_id":"0.0-9.0-0.17"},{"rt":7375,"url":"../static/nodeGraphs.html","edge":"2to5","edgeRT":"6517","skip":"false","flipped":"False","index":"9","edgeClickLog":"[{\"edgeSelection\":\"2to5\",\"edgeRTMS\":6517}]","trial_id":"cong_9","congruency":"C","task":"experiment","subjectId":"qh12zot0hn50ys3","trial_type":"external-html","trial_index":26,"time_elapsed":448097,"internal_node_id":"0.0-9.0-0.18"},{"rt":8733,"url":"../static/nodeGraphs.html","edge":"4to7","edgeRT":"7959","skip":"false","flipped":"False","index":"8","edgeClickLog":"[{\"edgeSelection\":\"4to7\",\"edgeRTMS\":7959}]","trial_id":"cong_8","congruency":"C","task":"experiment","subjectId":"qh12zot0hn50ys3","trial_type":"external-html","trial_index":27,"time_elapsed":457376,"internal_node_id":"0.0-9.0-0.19"},{"rt":12637,"url":"../static/nodeGraphs.html","edge":"6to8","edgeRT":"10274","skip":"false","flipped":"False","index":"20","edgeClickLog":"[{\"edgeSelection\":\"6to8\",\"edgeRTMS\":10274}]","trial_id":"test_0","congruency":"I","task":"experiment","subjectId":"qh12zot0hn50ys3","trial_type":"external-html","trial_index":28,"time_elapsed":470553,"internal_node_id":"0.0-9.0-0.20"},{"rt":10996,"url":"../static/nodeGraphs.html","edge":"3to6","edgeRT":"10056","skip":"false","flipped":"False","index":"21","edgeClickLog":"[{\"edgeSelection\":\"3to6\",\"edgeRTMS\":10056}]","trial_id":"test_1","congruency":"I","task":"experiment","subjectId":"qh12zot0hn50ys3","trial_type":"external-html","trial_index":29,"time_elapsed":482093,"internal_node_id":"0.0-9.0-0.21"},{"rt":4481,"url":"../static/nodeGraphs.html","edge":"3to6","edgeRT":"3628","skip":"false","flipped":"False","index":"22","edgeClickLog":"[{\"edgeSelection\":\"3to6\",\"edgeRTMS\":3628}]","trial_id":"test_2","congruency":"I","task":"experiment","subjectId":"qh12zot0hn50ys3","trial_type":"external-html","trial_index":30,"time_elapsed":487117,"internal_node_id":"0.0-9.0-0.22"},{"rt":15131,"url":"../static/nodeGraphs.html","edge":"5to7","edgeRT":"13458","skip":"false","flipped":"False","index":"23","edgeClickLog":"[{\"edgeSelection\":\"5to7\",\"edgeRTMS\":13458}]","trial_id":"test_3","congruency":"I","task":"experiment","subjectId":"qh12zot0hn50ys3","trial_type":"external-html","trial_index":31,"time_elapsed":502794,"internal_node_id":"0.0-9.0-0.23"},{"rt":18612,"url":"../static/nodeGraphs.html","edge":"6to9","edgeRT":"15498","skip":"false","flipped":"False","index":"24","edgeClickLog":"[{\"edgeSelection\":\"4to7\",\"edgeRTMS\":9525},{\"edgeSelection\":\"6to9\",\"edgeRTMS\":15498}]","trial_id":"test_4","congruency":"I","task":"experiment","subjectId":"qh12zot0hn50ys3","trial_type":"external-html","trial_index":32,"time_elapsed":521952,"internal_node_id":"0.0-9.0-0.24"},{"rt":62017,"response":{"P0_Q0":null,"P0_Q1":5,"P0_Q2":7,"P0_Q3":6,"P0_Q4":5,"P0_Q5":2,"strategies":"I chose to reveal paths that were lower down most of the time, thinking that meant that there was more of a chance they'd be able to find their way to what I'd revealed to them with whatever paths they had available near the top.","feedback":""},"accuracy":[],"trial_type":"survey","trial_index":33,"time_elapsed":584522,"internal_node_id":"0.0-10.0"},{"rt":1747,"stimulus":"<p>Thanks for your time!</p>        <p>We need to manually calculate your bonus pay, please give us up to 7 days.</p><p>Press any key to conclude.</p>","response":" ","task":"end","subjectId":"qh12zot0hn50ys3","trial_type":"html-keyboard-response","trial_index":34,"time_elapsed":586271,"internal_node_id":"0.0-11.0","interactions":"[{\"event\":\"fullscreenenter\",\"trial\":1,\"time\":2733},{\"event\":\"blur\",\"trial\":4,\"time\":112781},{\"event\":\"fullscreenexit\",\"trial\":4,\"time\":112789},{\"event\":\"focus\",\"trial\":4,\"time\":112951}]"}]