[{"success":true,"timeout":false,"failed_images":[],"failed_audio":[],"failed_video":[],"trial_type":"preload","trial_index":0,"time_elapsed":268,"internal_node_id":"0.0-0.0"},{"success":true,"trial_type":"fullscreen","trial_index":1,"time_elapsed":2888,"internal_node_id":"0.0-1.0"},{"rt":2243,"stimulus":"Welcome to the experiment. Press any key to begin.","response":" ","trial_type":"html-keyboard-response","trial_index":2,"time_elapsed":5133,"internal_node_id":"0.0-2.0"},{"view_history":[{"page_index":0,"viewing_time":2846},{"page_index":1,"viewing_time":6750},{"page_index":2,"viewing_time":19154},{"page_index":3,"viewing_time":2812},{"page_index":4,"viewing_time":1258},{"page_index":5,"viewing_time":1456},{"page_index":6,"viewing_time":1703},{"page_index":7,"viewing_time":17482},{"page_index":8,"viewing_time":16969},{"page_index":9,"viewing_time":13091},{"page_index":10,"viewing_time":1426},{"page_index":11,"viewing_time":660},{"page_index":12,"viewing_time":713},{"page_index":13,"viewing_time":3705},{"page_index":14,"viewing_time":3288},{"page_index":15,"viewing_time":4171},{"page_index":16,"viewing_time":1983},{"page_index":17,"viewing_time":564},{"page_index":18,"viewing_time":1002},{"page_index":19,"viewing_time":6130},{"page_index":20,"viewing_time":9222},{"page_index":21,"viewing_time":5992}],"rt":122377,"trial_type":"instructions","trial_index":3,"time_elapsed":127511,"internal_node_id":"0.0-3.0"},{"rt":99586,"url":"../static/nodeGraphsTraining.html","skip":[],"edgeClickLog":[],"trial_type":"external-html","trial_index":4,"time_elapsed":227560,"internal_node_id":"0.0-4.0"},{"rt":31822,"response":{"q1":"The goal is to help the student to get the most points","q2":"False","q3":"Possible paths you, as the teacher, can choose to teach the learner.","q4":"Paths that the student took before."},"question_order":[0,1,2,3],"trial_type":"survey-multi-choice","trial_index":5,"time_elapsed":259386,"internal_node_id":"0.0-5.0"},{"rt":5890,"stimulus":"<p>You can take a 60 second break before starting the experiment.</p><br><br><p>This page will advance in 60 seconds or you can press any key to advance now.</p>","response":" ","trial_type":"html-keyboard-response","trial_index":6,"time_elapsed":265280,"internal_node_id":"0.0-7.0"},{"view_history":[{"page_index":0,"viewing_time":21717}],"rt":21718,"trial_type":"instructions","trial_index":7,"time_elapsed":287000,"internal_node_id":"0.0-8.0"},{"rt":12089,"url":"../static/nodeGraphs.html","edge":"6to8","edgeRT":"7788","skip":"false","flipped":"True","index":"19","edgeClickLog":"[{\"edgeSelection\":\"6to8\",\"edgeRTMS\":7788}]","trial_id":"incong_9_flipped","congruency":"I","task":"experiment","subjectId":"e0500am7k32se1d","trial_type":"external-html","trial_index":8,"time_elapsed":299264,"internal_node_id":"0.0-9.0-0.0"},{"rt":8755,"url":"../static/nodeGraphs.html","edge":"4to8","edgeRT":"4907","skip":"false","flipped":"False","index":"9","edgeClickLog":"[{\"edgeSelection\":\"4to8\",\"edgeRTMS\":4907}]","trial_id":"incong_9","congruency":"I","task":"experiment","subjectId":"e0500am7k32se1d","trial_type":"external-html","trial_index":9,"time_elapsed":308708,"internal_node_id":"0.0-9.0-0.1"},{"rt":6731,"url":"../static/nodeGraphs.html","edge":"5to7","edgeRT":"4795","skip":"false","flipped":"False","index":"3","edgeClickLog":"[{\"edgeSelection\":\"5to7\",\"edgeRTMS\":4795}]","trial_id":"incong_3","congruency":"I","task":"experiment","subjectId":"e0500am7k32se1d","trial_type":"external-html","trial_index":10,"time_elapsed":316126,"internal_node_id":"0.0-9.0-0.2"},{"rt":7008,"url":"../static/nodeGraphs.html","edge":"5to8","edgeRT":"4796","skip":"false","flipped":"False","index":"7","edgeClickLog":"[{\"edgeSelection\":\"5to8\",\"edgeRTMS\":4796}]","trial_id":"incong_7","congruency":"I","task":"experiment","subjectId":"e0500am7k32se1d","trial_type":"external-html","trial_index":11,"time_elapsed":323815,"internal_node_id":"0.0-9.0-0.3"},{"rt":3851,"url":"../static/nodeGraphs.html","edge":"6to8","edgeRT":"2600","skip":"false","flipped":"False","index":"0","edgeClickLog":"[{\"edgeSelection\":\"6to8\",\"edgeRTMS\":2600}]","trial_id":"incong_0","congruency":"I","task":"experiment","subjectId":"e0500am7k32se1d","trial_type":"external-html","trial_index":12,"time_elapsed":328348,"internal_node_id":"0.0-9.0-0.4"},{"rt":9241,"url":"../static/nodeGraphs.html","edge":"4to8","edgeRT":"5235","skip":"false","flipped":"False","index":"4","edgeClickLog":"[{\"edgeSelection\":\"4to8\",\"edgeRTMS\":5235}]","trial_id":"incong_4","congruency":"I","task":"experiment","subjectId":"e0500am7k32se1d","trial_type":"external-html","trial_index":13,"time_elapsed":338267,"internal_node_id":"0.0-9.0-0.5"},{"rt":23818,"url":"../static/nodeGraphs.html","edge":"5to9","edgeRT":"22881","skip":"false","flipped":"False","index":"2","edgeClickLog":"[{\"edgeSelection\":\"6to8\",\"edgeRTMS\":17956},{\"edgeSelection\":\"5to9\",\"edgeRTMS\":21529},{\"edgeSelection\":\"5to9\",\"edgeRTMS\":22155},{\"edgeSelection\":\"5to9\",\"edgeRTMS\":22881}]","trial_id":"incong_2","congruency":"I","task":"experiment","subjectId":"e0500am7k32se1d","trial_type":"external-html","trial_index":14,"time_elapsed":362765,"internal_node_id":"0.0-9.0-0.6"},{"rt":3690,"url":"../static/nodeGraphs.html","edge":"4to8","edgeRT":"2817","skip":"false","flipped":"True","index":"10","edgeClickLog":"[{\"edgeSelection\":\"4to8\",\"edgeRTMS\":2817}]","trial_id":"incong_0_flipped","congruency":"I","task":"experiment","subjectId":"e0500am7k32se1d","trial_type":"external-html","trial_index":15,"time_elapsed":367145,"internal_node_id":"0.0-9.0-0.7"},{"rt":3540,"url":"../static/nodeGraphs.html","edge":"4to8","edgeRT":"2346","skip":"false","flipped":"True","index":"16","edgeClickLog":"[{\"edgeSelection\":\"4to8\",\"edgeRTMS\":2346}]","trial_id":"incong_6_flipped","congruency":"I","task":"experiment","subjectId":"e0500am7k32se1d","trial_type":"external-html","trial_index":16,"time_elapsed":371375,"internal_node_id":"0.0-9.0-0.8"},{"rt":4019,"url":"../static/nodeGraphs.html","edge":"5to8","edgeRT":"2899","skip":"false","flipped":"True","index":"17","edgeClickLog":"[{\"edgeSelection\":\"5to8\",\"edgeRTMS\":2899}]","trial_id":"incong_7_flipped","congruency":"I","task":"experiment","subjectId":"e0500am7k32se1d","trial_type":"external-html","trial_index":17,"time_elapsed":376080,"internal_node_id":"0.0-9.0-0.9"},{"rt":6384,"url":"../static/nodeGraphs.html","edge":"4to7","edgeRT":"5348","skip":"false","flipped":"True","index":"11","edgeClickLog":"[{\"edgeSelection\":\"4to7\",\"edgeRTMS\":5348}]","trial_id":"incong_1_flipped","congruency":"I","task":"experiment","subjectId":"e0500am7k32se1d","trial_type":"external-html","trial_index":18,"time_elapsed":383146,"internal_node_id":"0.0-9.0-0.10"},{"rt":7048,"url":"../static/nodeGraphs.html","edge":"5to9","edgeRT":"6083","skip":"false","flipped":"True","index":"13","edgeClickLog":"[{\"edgeSelection\":\"5to9\",\"edgeRTMS\":4738},{\"edgeSelection\":\"5to9\",\"edgeRTMS\":6083}]","trial_id":"incong_3_flipped","congruency":"I","task":"experiment","subjectId":"e0500am7k32se1d","trial_type":"external-html","trial_index":19,"time_elapsed":390879,"internal_node_id":"0.0-9.0-0.11"},{"rt":4887,"url":"../static/nodeGraphs.html","edge":"6to9","edgeRT":"3717","skip":"false","flipped":"False","index":"1","edgeClickLog":"[{\"edgeSelection\":\"6to9\",\"edgeRTMS\":3717}]","trial_id":"incong_1","congruency":"I","task":"experiment","subjectId":"e0500am7k32se1d","trial_type":"external-html","trial_index":20,"time_elapsed":396450,"internal_node_id":"0.0-9.0-0.12"},{"rt":16711,"url":"../static/nodeGraphs.html","edge":"5to8","edgeRT":"13940","skip":"false","flipped":"True","index":"15","edgeClickLog":"[{\"edgeSelection\":\"5to8\",\"edgeRTMS\":7683},{\"edgeSelection\":\"5to8\",\"edgeRTMS\":13940}]","trial_id":"incong_5_flipped","congruency":"I","task":"experiment","subjectId":"e0500am7k32se1d","trial_type":"external-html","trial_index":21,"time_elapsed":413850,"internal_node_id":"0.0-9.0-0.13"},{"rt":14947,"url":"../static/nodeGraphs.html","edge":"5to8","edgeRT":"8793","skip":"false","flipped":"False","index":"5","edgeClickLog":"[{\"edgeSelection\":\"3to6\",\"edgeRTMS\":5258},{\"edgeSelection\":\"6to8\",\"edgeRTMS\":6163},{\"edgeSelection\":\"6to8\",\"edgeRTMS\":7793},{\"edgeSelection\":\"5to8\",\"edgeRTMS\":8793}]","trial_id":"incong_5","congruency":"I","task":"experiment","subjectId":"e0500am7k32se1d","trial_type":"external-html","trial_index":22,"time_elapsed":429476,"internal_node_id":"0.0-9.0-0.14"},{"rt":9570,"url":"../static/nodeGraphs.html","edge":"5to8","edgeRT":"7097","skip":"false","flipped":"False","index":"8","edgeClickLog":"[{\"edgeSelection\":\"5to8\",\"edgeRTMS\":7097}]","trial_id":"incong_8","congruency":"I","task":"experiment","subjectId":"e0500am7k32se1d","trial_type":"external-html","trial_index":23,"time_elapsed":439729,"internal_node_id":"0.0-9.0-0.15"},{"rt":8503,"url":"../static/nodeGraphs.html","edge":"5to8","edgeRT":"2694","skip":"false","flipped":"True","index":"12","edgeClickLog":"[{\"edgeSelection\":\"5to8\",\"edgeRTMS\":2694}]","trial_id":"incong_2_flipped","congruency":"I","task":"experiment","subjectId":"e0500am7k32se1d","trial_type":"external-html","trial_index":24,"time_elapsed":448920,"internal_node_id":"0.0-9.0-0.16"},{"rt":4152,"url":"../static/nodeGraphs.html","edge":"6to8","edgeRT":"2810","skip":"false","flipped":"False","index":"6","edgeClickLog":"[{\"edgeSelection\":\"6to8\",\"edgeRTMS\":2810}]","trial_id":"incong_6","congruency":"I","task":"experiment","subjectId":"e0500am7k32se1d","trial_type":"external-html","trial_index":25,"time_elapsed":453785,"internal_node_id":"0.0-9.0-0.17"},{"rt":8731,"url":"../static/nodeGraphs.html","edge":"5to8","edgeRT":"7456","skip":"false","flipped":"True","index":"18","edgeClickLog":"[{\"edgeSelection\":\"5to8\",\"edgeRTMS\":7456}]","trial_id":"incong_8_flipped","congruency":"I","task":"experiment","subjectId":"e0500am7k32se1d","trial_type":"external-html","trial_index":26,"time_elapsed":463206,"internal_node_id":"0.0-9.0-0.18"},{"rt":6161,"url":"../static/nodeGraphs.html","edge":"6to8","edgeRT":"5055","skip":"false","flipped":"True","index":"14","edgeClickLog":"[{\"edgeSelection\":\"6to8\",\"edgeRTMS\":5055}]","trial_id":"incong_4_flipped","congruency":"I","task":"experiment","subjectId":"e0500am7k32se1d","trial_type":"external-html","trial_index":27,"time_elapsed":470041,"internal_node_id":"0.0-9.0-0.19"},{"rt":3130,"url":"../static/nodeGraphs.html","edge":"5to8","edgeRT":"2128","skip":"false","flipped":"False","index":"20","edgeClickLog":"[{\"edgeSelection\":\"5to8\",\"edgeRTMS\":2128}]","trial_id":"test_0","congruency":"I","task":"experiment","subjectId":"e0500am7k32se1d","trial_type":"external-html","trial_index":28,"time_elapsed":473853,"internal_node_id":"0.0-9.0-0.20"},{"rt":5352,"url":"../static/nodeGraphs.html","edge":"4to7","edgeRT":"3950","skip":"false","flipped":"False","index":"21","edgeClickLog":"[{\"edgeSelection\":\"4to7\",\"edgeRTMS\":3950}]","trial_id":"test_1","congruency":"I","task":"experiment","subjectId":"e0500am7k32se1d","trial_type":"external-html","trial_index":29,"time_elapsed":479885,"internal_node_id":"0.0-9.0-0.21"},{"rt":2600,"url":"../static/nodeGraphs.html","edge":"6to8","edgeRT":"1637","skip":"false","flipped":"False","index":"22","edgeClickLog":"[{\"edgeSelection\":\"6to8\",\"edgeRTMS\":1637}]","trial_id":"test_2","congruency":"I","task":"experiment","subjectId":"e0500am7k32se1d","trial_type":"external-html","trial_index":30,"time_elapsed":483169,"internal_node_id":"0.0-9.0-0.22"},{"rt":4660,"url":"../static/nodeGraphs.html","edge":"5to9","edgeRT":"3297","skip":"false","flipped":"False","index":"23","edgeClickLog":"[{\"edgeSelection\":\"5to9\",\"edgeRTMS\":3297}]","trial_id":"test_3","congruency":"I","task":"experiment","subjectId":"e0500am7k32se1d","trial_type":"external-html","trial_index":31,"time_elapsed":488509,"internal_node_id":"0.0-9.0-0.23"},{"rt":11984,"url":"../static/nodeGraphs.html","edge":"4to7","edgeRT":"10520","skip":"false","flipped":"False","index":"24","edgeClickLog":"[{\"edgeSelection\":\"4to8\",\"edgeRTMS\":8304},{\"edgeSelection\":\"4to7\",\"edgeRTMS\":10520}]","trial_id":"test_4","congruency":"I","task":"experiment","subjectId":"e0500am7k32se1d","trial_type":"external-html","trial_index":32,"time_elapsed":501179,"internal_node_id":"0.0-9.0-0.24"},{"rt":167040,"response":{"P0_Q0":null,"P0_Q1":1,"P0_Q2":7,"P0_Q3":6,"P0_Q4":3,"P0_Q5":2,"strategies":"The path that offers the most points.","feedback":"I had fun. Thanks for inviting me to do this study."},"accuracy":[],"trial_type":"survey","trial_index":33,"time_elapsed":668767,"internal_node_id":"0.0-10.0"},{"rt":3085,"stimulus":"<p>Thanks for your time!</p>        <p>We need to manually calculate your bonus pay, please give us up to 7 days.</p><p>Press any key to conclude.</p>","response":" ","task":"end","subjectId":"e0500am7k32se1d","trial_type":"html-keyboard-response","trial_index":34,"time_elapsed":671855,"internal_node_id":"0.0-11.0","interactions":"[{\"event\":\"fullscreenenter\",\"trial\":1,\"time\":1915},{\"event\":\"blur\",\"trial\":4,\"time\":140387},{\"event\":\"fullscreenexit\",\"trial\":4,\"time\":140391},{\"event\":\"focus\",\"trial\":4,\"time\":140544},{\"event\":\"blur\",\"trial\":4,\"time\":149417},{\"event\":\"focus\",\"trial\":4,\"time\":149577},{\"event\":\"blur\",\"trial\":33,\"time\":555521},{\"event\":\"focus\",\"trial\":33,\"time\":616941},{\"event\":\"blur\",\"trial\":33,\"time\":624457},{\"event\":\"focus\",\"trial\":33,\"time\":667286}]"}]