[{"success":true,"timeout":false,"failed_images":[],"failed_audio":[],"failed_video":[],"trial_type":"preload","trial_index":0,"time_elapsed":4481,"internal_node_id":"0.0-0.0"},{"success":true,"trial_type":"fullscreen","trial_index":1,"time_elapsed":8450,"internal_node_id":"0.0-1.0"},{"rt":2547,"stimulus":"Welcome to the experiment. Press any key to begin.","response":" ","trial_type":"html-keyboard-response","trial_index":2,"time_elapsed":11000,"internal_node_id":"0.0-2.0"},{"view_history":[{"page_index":0,"viewing_time":10112},{"page_index":1,"viewing_time":11329},{"page_index":2,"viewing_time":34324},{"page_index":3,"viewing_time":13463},{"page_index":4,"viewing_time":2533},{"page_index":5,"viewing_time":1850},{"page_index":6,"viewing_time":4449},{"page_index":7,"viewing_time":21780},{"page_index":8,"viewing_time":17246},{"page_index":9,"viewing_time":8640},{"page_index":10,"viewing_time":2439},{"page_index":11,"viewing_time":1643},{"page_index":12,"viewing_time":3274},{"page_index":13,"viewing_time":1255},{"page_index":14,"viewing_time":5620},{"page_index":15,"viewing_time":10479},{"page_index":16,"viewing_time":2556},{"page_index":17,"viewing_time":1192},{"page_index":18,"viewing_time":2034},{"page_index":19,"viewing_time":7501},{"page_index":20,"viewing_time":10898},{"page_index":21,"viewing_time":7703}],"rt":182319,"trial_type":"instructions","trial_index":3,"time_elapsed":193321,"internal_node_id":"0.0-3.0"},{"rt":138534,"url":"../static/nodeGraphsTraining.html","skip":[],"edgeClickLog":[],"trial_type":"external-html","trial_index":4,"time_elapsed":332739,"internal_node_id":"0.0-4.0"},{"rt":42626,"response":{"q1":"The goal is to help the student to get the most points","q2":"False","q3":"Possible paths you, as the teacher, can choose to teach the learner.","q4":"Paths that the student took before."},"question_order":[0,1,2,3],"trial_type":"survey-multi-choice","trial_index":5,"time_elapsed":375373,"internal_node_id":"0.0-5.0"},{"rt":47183,"stimulus":"<p>You can take a 60 second break before starting the experiment.</p><br><br><p>This page will advance in 60 seconds or you can press any key to advance now.</p>","response":" ","trial_type":"html-keyboard-response","trial_index":6,"time_elapsed":422561,"internal_node_id":"0.0-7.0"},{"view_history":[{"page_index":0,"viewing_time":26849}],"rt":26851,"trial_type":"instructions","trial_index":7,"time_elapsed":449413,"internal_node_id":"0.0-8.0"},{"rt":18438,"url":"../static/nodeGraphs.html","edge":"3to6","edgeRT":"10381","skip":"false","flipped":"True","index":"10","edgeClickLog":"[{\"edgeSelection\":\"3to6\",\"edgeRTMS\":10381}]","trial_id":"incong_0_flipped","congruency":"I","task":"experiment","subjectId":"r1718aqexphyq0v","trial_type":"external-html","trial_index":8,"time_elapsed":468457,"internal_node_id":"0.0-9.0-0.0"},{"rt":23962,"url":"../static/nodeGraphs.html","edge":"5to9","edgeRT":"20834","skip":"false","flipped":"False","index":"9","edgeClickLog":"[{\"edgeSelection\":\"5to9\",\"edgeRTMS\":20834}]","trial_id":"incong_9","congruency":"I","task":"experiment","subjectId":"r1718aqexphyq0v","trial_type":"external-html","trial_index":9,"time_elapsed":493191,"internal_node_id":"0.0-9.0-0.1"},{"rt":21461,"url":"../static/nodeGraphs.html","edge":"6to9","edgeRT":"14322","skip":"false","flipped":"True","index":"11","edgeClickLog":"[{\"edgeSelection\":\"6to9\",\"edgeRTMS\":14322}]","trial_id":"incong_1_flipped","congruency":"I","task":"experiment","subjectId":"r1718aqexphyq0v","trial_type":"external-html","trial_index":10,"time_elapsed":515426,"internal_node_id":"0.0-9.0-0.2"},{"rt":18614,"url":"../static/nodeGraphs.html","edge":"4to7","edgeRT":"9125","skip":"false","flipped":"False","index":"0","edgeClickLog":"[{\"edgeSelection\":\"4to7\",\"edgeRTMS\":9125}]","trial_id":"incong_0","congruency":"I","task":"experiment","subjectId":"r1718aqexphyq0v","trial_type":"external-html","trial_index":11,"time_elapsed":534849,"internal_node_id":"0.0-9.0-0.3"},{"rt":26182,"url":"../static/nodeGraphs.html","edge":"1to4","edgeRT":"11856","skip":"false","flipped":"False","index":"1","edgeClickLog":"[{\"edgeSelection\":\"4to7\",\"edgeRTMS\":9040},{\"edgeSelection\":\"1to4\",\"edgeRTMS\":11856}]","trial_id":"incong_1","congruency":"I","task":"experiment","subjectId":"r1718aqexphyq0v","trial_type":"external-html","trial_index":12,"time_elapsed":561931,"internal_node_id":"0.0-9.0-0.4"},{"rt":28010,"url":"../static/nodeGraphs.html","edge":"5to8","edgeRT":"25679","skip":"false","flipped":"False","index":"4","edgeClickLog":"[{\"edgeSelection\":\"5to8\",\"edgeRTMS\":25679}]","trial_id":"incong_4","congruency":"I","task":"experiment","subjectId":"r1718aqexphyq0v","trial_type":"external-html","trial_index":13,"time_elapsed":590721,"internal_node_id":"0.0-9.0-0.5"},{"rt":13785,"url":"../static/nodeGraphs.html","edge":"1to4","edgeRT":"12258","skip":"false","flipped":"False","index":"2","edgeClickLog":"[{\"edgeSelection\":\"1to4\",\"edgeRTMS\":12258}]","trial_id":"incong_2","congruency":"I","task":"experiment","subjectId":"r1718aqexphyq0v","trial_type":"external-html","trial_index":14,"time_elapsed":605294,"internal_node_id":"0.0-9.0-0.6"},{"rt":10342,"url":"../static/nodeGraphs.html","edge":"2to4","edgeRT":"6061","skip":"false","flipped":"True","index":"13","edgeClickLog":"[{\"edgeSelection\":\"2to4\",\"edgeRTMS\":6061}]","trial_id":"incong_3_flipped","congruency":"I","task":"experiment","subjectId":"r1718aqexphyq0v","trial_type":"external-html","trial_index":15,"time_elapsed":616410,"internal_node_id":"0.0-9.0-0.7"},{"rt":22263,"url":"../static/nodeGraphs.html","edge":"6to8","edgeRT":"9315","skip":"false","flipped":"True","index":"12","edgeClickLog":"[{\"edgeSelection\":\"6to8\",\"edgeRTMS\":9315}]","trial_id":"incong_2_flipped","congruency":"I","task":"experiment","subjectId":"r1718aqexphyq0v","trial_type":"external-html","trial_index":16,"time_elapsed":639453,"internal_node_id":"0.0-9.0-0.8"},{"rt":13151,"url":"../static/nodeGraphs.html","edge":"4to8","edgeRT":"8318","skip":"false","flipped":"False","index":"5","edgeClickLog":"[{\"edgeSelection\":\"4to8\",\"edgeRTMS\":8318}]","trial_id":"incong_5","congruency":"I","task":"experiment","subjectId":"r1718aqexphyq0v","trial_type":"external-html","trial_index":17,"time_elapsed":653397,"internal_node_id":"0.0-9.0-0.9"},{"rt":17723,"url":"../static/nodeGraphs.html","edge":"2to6","edgeRT":"15863","skip":"false","flipped":"True","index":"15","edgeClickLog":"[{\"edgeSelection\":\"6to9\",\"edgeRTMS\":2915},{\"edgeSelection\":\"2to6\",\"edgeRTMS\":15863}]","trial_id":"incong_5_flipped","congruency":"I","task":"experiment","subjectId":"r1718aqexphyq0v","trial_type":"external-html","trial_index":18,"time_elapsed":671916,"internal_node_id":"0.0-9.0-0.10"},{"rt":12638,"url":"../static/nodeGraphs.html","edge":"6to8","edgeRT":"8435","skip":"false","flipped":"False","index":"7","edgeClickLog":"[{\"edgeSelection\":\"6to8\",\"edgeRTMS\":8435}]","trial_id":"incong_7","congruency":"I","task":"experiment","subjectId":"r1718aqexphyq0v","trial_type":"external-html","trial_index":19,"time_elapsed":685323,"internal_node_id":"0.0-9.0-0.11"},{"rt":15407,"url":"../static/nodeGraphs.html","edge":"5to7","edgeRT":"14435","skip":"false","flipped":"True","index":"14","edgeClickLog":"[{\"edgeSelection\":\"5to7\",\"edgeRTMS\":10502},{\"edgeSelection\":\"5to7\",\"edgeRTMS\":14435}]","trial_id":"incong_4_flipped","congruency":"I","task":"experiment","subjectId":"r1718aqexphyq0v","trial_type":"external-html","trial_index":20,"time_elapsed":701529,"internal_node_id":"0.0-9.0-0.12"},{"rt":12132,"url":"../static/nodeGraphs.html","edge":"5to8","edgeRT":"10496","skip":"false","flipped":"True","index":"17","edgeClickLog":"[{\"edgeSelection\":\"5to8\",\"edgeRTMS\":10496}]","trial_id":"incong_7_flipped","congruency":"I","task":"experiment","subjectId":"r1718aqexphyq0v","trial_type":"external-html","trial_index":21,"time_elapsed":714619,"internal_node_id":"0.0-9.0-0.13"},{"rt":20259,"url":"../static/nodeGraphs.html","edge":"5to9","edgeRT":"17409","skip":"false","flipped":"False","index":"8","edgeClickLog":"[{\"edgeSelection\":\"5to9\",\"edgeRTMS\":17409}]","trial_id":"incong_8","congruency":"I","task":"experiment","subjectId":"r1718aqexphyq0v","trial_type":"external-html","trial_index":22,"time_elapsed":735686,"internal_node_id":"0.0-9.0-0.14"},{"rt":12697,"url":"../static/nodeGraphs.html","edge":"5to7","edgeRT":"10871","skip":"false","flipped":"True","index":"19","edgeClickLog":"[{\"edgeSelection\":\"5to7\",\"edgeRTMS\":10871}]","trial_id":"incong_9_flipped","congruency":"I","task":"experiment","subjectId":"r1718aqexphyq0v","trial_type":"external-html","trial_index":23,"time_elapsed":749282,"internal_node_id":"0.0-9.0-0.15"},{"rt":5330,"url":"../static/nodeGraphs.html","edge":"6to8","edgeRT":"3252","skip":"false","flipped":"True","index":"16","edgeClickLog":"[{\"edgeSelection\":\"6to8\",\"edgeRTMS\":3252}]","trial_id":"incong_6_flipped","congruency":"I","task":"experiment","subjectId":"r1718aqexphyq0v","trial_type":"external-html","trial_index":24,"time_elapsed":755375,"internal_node_id":"0.0-9.0-0.16"},{"rt":13589,"url":"../static/nodeGraphs.html","edge":"3to5","edgeRT":"6998","skip":"false","flipped":"True","index":"18","edgeClickLog":"[{\"edgeSelection\":\"3to5\",\"edgeRTMS\":6998}]","trial_id":"incong_8_flipped","congruency":"I","task":"experiment","subjectId":"r1718aqexphyq0v","trial_type":"external-html","trial_index":25,"time_elapsed":769694,"internal_node_id":"0.0-9.0-0.17"},{"rt":10893,"url":"../static/nodeGraphs.html","edge":"2to4","edgeRT":"8922","skip":"false","flipped":"False","index":"3","edgeClickLog":"[{\"edgeSelection\":\"2to4\",\"edgeRTMS\":8922}]","trial_id":"incong_3","congruency":"I","task":"experiment","subjectId":"r1718aqexphyq0v","trial_type":"external-html","trial_index":26,"time_elapsed":781354,"internal_node_id":"0.0-9.0-0.18"},{"rt":10368,"url":"../static/nodeGraphs.html","edge":"4to8","edgeRT":"9338","skip":"false","flipped":"False","index":"6","edgeClickLog":"[{\"edgeSelection\":\"4to8\",\"edgeRTMS\":9338}]","trial_id":"incong_6","congruency":"I","task":"experiment","subjectId":"r1718aqexphyq0v","trial_type":"external-html","trial_index":27,"time_elapsed":792475,"internal_node_id":"0.0-9.0-0.19"},{"rt":19830,"url":"../static/nodeGraphs.html","edge":"6to8","edgeRT":"16104","skip":"false","flipped":"False","index":"20","edgeClickLog":"[{\"edgeSelection\":\"6to8\",\"edgeRTMS\":16104}]","trial_id":"test_0","congruency":"I","task":"experiment","subjectId":"r1718aqexphyq0v","trial_type":"external-html","trial_index":28,"time_elapsed":813069,"internal_node_id":"0.0-9.0-0.20"},{"rt":8774,"url":"../static/nodeGraphs.html","edge":"3to6","edgeRT":"6019","skip":"false","flipped":"False","index":"21","edgeClickLog":"[{\"edgeSelection\":\"3to6\",\"edgeRTMS\":6019}]","trial_id":"test_1","congruency":"I","task":"experiment","subjectId":"r1718aqexphyq0v","trial_type":"external-html","trial_index":29,"time_elapsed":822602,"internal_node_id":"0.0-9.0-0.21"},{"rt":14404,"url":"../static/nodeGraphs.html","edge":"4to7","edgeRT":"12155","skip":"false","flipped":"False","index":"22","edgeClickLog":"[{\"edgeSelection\":\"4to7\",\"edgeRTMS\":12155}]","trial_id":"test_2","congruency":"I","task":"experiment","subjectId":"r1718aqexphyq0v","trial_type":"external-html","trial_index":30,"time_elapsed":837785,"internal_node_id":"0.0-9.0-0.22"},{"rt":30002,"url":"../static/nodeGraphs.html","edge":"1to5","edgeRT":"28117","skip":"true","flipped":"False","index":"23","edgeClickLog":"[{\"edgeSelection\":\"1to5\",\"edgeRTMS\":28117}]","trial_id":"test_3","congruency":"I","task":"experiment","subjectId":"r1718aqexphyq0v","trial_type":"external-html","trial_index":31,"time_elapsed":868590,"internal_node_id":"0.0-9.0-0.23"},{"rt":14783,"url":"../static/nodeGraphs.html","edge":"5to9","edgeRT":"12451","skip":"false","flipped":"False","index":"24","edgeClickLog":"[{\"edgeSelection\":\"5to9\",\"edgeRTMS\":12451}]","trial_id":"test_4","congruency":"I","task":"experiment","subjectId":"r1718aqexphyq0v","trial_type":"external-html","trial_index":32,"time_elapsed":884128,"internal_node_id":"0.0-9.0-0.24"},{"rt":72727,"response":{"P0_Q0":null,"P0_Q1":4,"P0_Q2":5,"P0_Q3":4,"P0_Q4":5,"P0_Q5":4,"strategies":"I Just tried to connect the two greatest numbers on the path","feedback":"Thank you for letting me participate"},"accuracy":[],"trial_type":"survey","trial_index":33,"time_elapsed":957488,"internal_node_id":"0.0-10.0"},{"rt":5590,"stimulus":"<p>Thanks for your time!</p>        <p>We need to manually calculate your bonus pay, please give us up to 7 days.</p><p>Press any key to conclude.</p>","response":" ","task":"end","subjectId":"r1718aqexphyq0v","trial_type":"html-keyboard-response","trial_index":34,"time_elapsed":963080,"internal_node_id":"0.0-11.0","interactions":"[{\"event\":\"fullscreenenter\",\"trial\":1,\"time\":7504},{\"event\":\"blur\",\"trial\":4,\"time\":227383},{\"event\":\"focus\",\"trial\":4,\"time\":227384},{\"event\":\"fullscreenexit\",\"trial\":4,\"time\":227410},{\"event\":\"blur\",\"trial\":4,\"time\":233645},{\"event\":\"focus\",\"trial\":4,\"time\":233645},{\"event\":\"blur\",\"trial\":4,\"time\":307228},{\"event\":\"focus\",\"trial\":4,\"time\":307229},{\"event\":\"blur\",\"trial\":6,\"time\":383283},{\"event\":\"focus\",\"trial\":6,\"time\":388240},{\"event\":\"blur\",\"trial\":13,\"time\":585987},{\"event\":\"focus\",\"trial\":13,\"time\":585988}]"}]