[{"success":true,"timeout":false,"failed_images":[],"failed_audio":[],"failed_video":[],"trial_type":"preload","trial_index":0,"time_elapsed":308,"internal_node_id":"0.0-0.0"},{"success":true,"trial_type":"fullscreen","trial_index":1,"time_elapsed":3552,"internal_node_id":"0.0-1.0"},{"rt":57430,"stimulus":"Welcome to the experiment. Press any key to begin.","response":" ","trial_type":"html-keyboard-response","trial_index":2,"time_elapsed":60983,"internal_node_id":"0.0-2.0"},{"view_history":[{"page_index":0,"viewing_time":3412},{"page_index":1,"viewing_time":26993},{"page_index":2,"viewing_time":17648},{"page_index":3,"viewing_time":87},{"page_index":4,"viewing_time":2369},{"page_index":3,"viewing_time":936},{"page_index":2,"viewing_time":1120},{"page_index":3,"viewing_time":560},{"page_index":4,"viewing_time":944},{"page_index":5,"viewing_time":1072},{"page_index":6,"viewing_time":3985},{"page_index":7,"viewing_time":7448},{"page_index":8,"viewing_time":11784},{"page_index":9,"viewing_time":9023},{"page_index":10,"viewing_time":912},{"page_index":11,"viewing_time":729},{"page_index":12,"viewing_time":704},{"page_index":13,"viewing_time":2040},{"page_index":14,"viewing_time":2680},{"page_index":15,"viewing_time":5785},{"page_index":16,"viewing_time":840},{"page_index":17,"viewing_time":679},{"page_index":18,"viewing_time":888},{"page_index":19,"viewing_time":5537},{"page_index":20,"viewing_time":5424},{"page_index":21,"viewing_time":4351}],"rt":117948,"trial_type":"instructions","trial_index":3,"time_elapsed":178932,"internal_node_id":"0.0-3.0"},{"rt":119655,"url":"../static/nodeGraphsTraining.html","skip":[],"edgeClickLog":[],"trial_type":"external-html","trial_index":4,"time_elapsed":298724,"internal_node_id":"0.0-4.0"},{"rt":25581,"response":{"q1":"The goal is to help the student to get the most points","q2":"False","q3":"Possible paths you, as the teacher, can choose to teach the learner.","q4":"Paths that the student took before."},"question_order":[0,1,2,3],"trial_type":"survey-multi-choice","trial_index":5,"time_elapsed":324309,"internal_node_id":"0.0-5.0"},{"rt":null,"stimulus":"<p>You can take a 60 second break before starting the experiment.</p><br><br><p>This page will advance in 60 seconds or you can press any key to advance now.</p>","response":null,"trial_type":"html-keyboard-response","trial_index":6,"time_elapsed":384312,"internal_node_id":"0.0-7.0"},{"view_history":[{"page_index":0,"viewing_time":36705}],"rt":36705,"trial_type":"instructions","trial_index":7,"time_elapsed":421019,"internal_node_id":"0.0-8.0"},{"rt":11607,"url":"../static/nodeGraphs.html","edge":"0to1","edgeRT":"10018","skip":"false","flipped":"False","index":"4","edgeClickLog":"[{\"edgeSelection\":\"0to1\",\"edgeRTMS\":3703},{\"edgeSelection\":\"1to5\",\"edgeRTMS\":5034},{\"edgeSelection\":\"5to9\",\"edgeRTMS\":6363},{\"edgeSelection\":\"0to1\",\"edgeRTMS\":10018}]","trial_id":"incong_4","congruency":"I","task":"experiment","subjectId":"qwcwpvhn2d5pekc","trial_type":"external-html","trial_index":8,"time_elapsed":432908,"internal_node_id":"0.0-9.0-0.0"},{"rt":9651,"url":"../static/nodeGraphs.html","edge":"1to4","edgeRT":"8126","skip":"false","flipped":"False","index":"0","edgeClickLog":"[{\"edgeSelection\":\"1to4\",\"edgeRTMS\":8126}]","trial_id":"incong_0","congruency":"I","task":"experiment","subjectId":"qwcwpvhn2d5pekc","trial_type":"external-html","trial_index":9,"time_elapsed":443195,"internal_node_id":"0.0-9.0-0.1"},{"rt":6940,"url":"../static/nodeGraphs.html","edge":"3to6","edgeRT":"4294","skip":"false","flipped":"True","index":"10","edgeClickLog":"[{\"edgeSelection\":\"3to6\",\"edgeRTMS\":4294}]","trial_id":"incong_0_flipped","congruency":"I","task":"experiment","subjectId":"qwcwpvhn2d5pekc","trial_type":"external-html","trial_index":10,"time_elapsed":450771,"internal_node_id":"0.0-9.0-0.2"},{"rt":8077,"url":"../static/nodeGraphs.html","edge":"5to9","edgeRT":"6211","skip":"false","flipped":"False","index":"9","edgeClickLog":"[{\"edgeSelection\":\"5to9\",\"edgeRTMS\":6211}]","trial_id":"incong_9","congruency":"I","task":"experiment","subjectId":"qwcwpvhn2d5pekc","trial_type":"external-html","trial_index":11,"time_elapsed":459483,"internal_node_id":"0.0-9.0-0.3"},{"rt":8696,"url":"../static/nodeGraphs.html","edge":"0to1","edgeRT":"6733","skip":"false","flipped":"True","index":"11","edgeClickLog":"[{\"edgeSelection\":\"0to1\",\"edgeRTMS\":6733}]","trial_id":"incong_1_flipped","congruency":"I","task":"experiment","subjectId":"qwcwpvhn2d5pekc","trial_type":"external-html","trial_index":12,"time_elapsed":468819,"internal_node_id":"0.0-9.0-0.4"},{"rt":6066,"url":"../static/nodeGraphs.html","edge":"0to1","edgeRT":"3549","skip":"false","flipped":"False","index":"8","edgeClickLog":"[{\"edgeSelection\":\"0to1\",\"edgeRTMS\":3549}]","trial_id":"incong_8","congruency":"I","task":"experiment","subjectId":"qwcwpvhn2d5pekc","trial_type":"external-html","trial_index":13,"time_elapsed":475523,"internal_node_id":"0.0-9.0-0.5"},{"rt":5347,"url":"../static/nodeGraphs.html","edge":"0to2","edgeRT":"3589","skip":"false","flipped":"True","index":"13","edgeClickLog":"[{\"edgeSelection\":\"0to2\",\"edgeRTMS\":3589}]","trial_id":"incong_3_flipped","congruency":"I","task":"experiment","subjectId":"qwcwpvhn2d5pekc","trial_type":"external-html","trial_index":14,"time_elapsed":481515,"internal_node_id":"0.0-9.0-0.6"},{"rt":9742,"url":"../static/nodeGraphs.html","edge":"0to2","edgeRT":"5705","skip":"false","flipped":"False","index":"2","edgeClickLog":"[{\"edgeSelection\":\"0to2\",\"edgeRTMS\":5705}]","trial_id":"incong_2","congruency":"I","task":"experiment","subjectId":"qwcwpvhn2d5pekc","trial_type":"external-html","trial_index":15,"time_elapsed":491900,"internal_node_id":"0.0-9.0-0.7"},{"rt":8011,"url":"../static/nodeGraphs.html","edge":"1to4","edgeRT":"6232","skip":"false","flipped":"True","index":"17","edgeClickLog":"[{\"edgeSelection\":\"1to4\",\"edgeRTMS\":6232}]","trial_id":"incong_7_flipped","congruency":"I","task":"experiment","subjectId":"qwcwpvhn2d5pekc","trial_type":"external-html","trial_index":16,"time_elapsed":500548,"internal_node_id":"0.0-9.0-0.8"},{"rt":9779,"url":"../static/nodeGraphs.html","edge":"0to2","edgeRT":"7954","skip":"false","flipped":"True","index":"15","edgeClickLog":"[{\"edgeSelection\":\"0to2\",\"edgeRTMS\":7954}]","trial_id":"incong_5_flipped","congruency":"I","task":"experiment","subjectId":"qwcwpvhn2d5pekc","trial_type":"external-html","trial_index":17,"time_elapsed":510956,"internal_node_id":"0.0-9.0-0.9"},{"rt":5634,"url":"../static/nodeGraphs.html","edge":"0to2","edgeRT":"3854","skip":"false","flipped":"False","index":"5","edgeClickLog":"[{\"edgeSelection\":\"0to2\",\"edgeRTMS\":3854}]","trial_id":"incong_5","congruency":"I","task":"experiment","subjectId":"qwcwpvhn2d5pekc","trial_type":"external-html","trial_index":18,"time_elapsed":517227,"internal_node_id":"0.0-9.0-0.10"},{"rt":8391,"url":"../static/nodeGraphs.html","edge":"0to1","edgeRT":"6652","skip":"false","flipped":"False","index":"1","edgeClickLog":"[{\"edgeSelection\":\"0to1\",\"edgeRTMS\":6652}]","trial_id":"incong_1","congruency":"I","task":"experiment","subjectId":"qwcwpvhn2d5pekc","trial_type":"external-html","trial_index":19,"time_elapsed":526252,"internal_node_id":"0.0-9.0-0.11"},{"rt":6370,"url":"../static/nodeGraphs.html","edge":"3to5","edgeRT":"4375","skip":"false","flipped":"True","index":"19","edgeClickLog":"[{\"edgeSelection\":\"3to5\",\"edgeRTMS\":4375}]","trial_id":"incong_9_flipped","congruency":"I","task":"experiment","subjectId":"qwcwpvhn2d5pekc","trial_type":"external-html","trial_index":20,"time_elapsed":533251,"internal_node_id":"0.0-9.0-0.12"},{"rt":6401,"url":"../static/nodeGraphs.html","edge":"0to3","edgeRT":"5265","skip":"false","flipped":"True","index":"16","edgeClickLog":"[{\"edgeSelection\":\"0to3\",\"edgeRTMS\":5265}]","trial_id":"incong_6_flipped","congruency":"I","task":"experiment","subjectId":"qwcwpvhn2d5pekc","trial_type":"external-html","trial_index":21,"time_elapsed":540283,"internal_node_id":"0.0-9.0-0.13"},{"rt":5823,"url":"../static/nodeGraphs.html","edge":"0to3","edgeRT":"4346","skip":"false","flipped":"True","index":"18","edgeClickLog":"[{\"edgeSelection\":\"0to3\",\"edgeRTMS\":4346}]","trial_id":"incong_8_flipped","congruency":"I","task":"experiment","subjectId":"qwcwpvhn2d5pekc","trial_type":"external-html","trial_index":22,"time_elapsed":546739,"internal_node_id":"0.0-9.0-0.14"},{"rt":4328,"url":"../static/nodeGraphs.html","edge":"0to2","edgeRT":"2374","skip":"false","flipped":"False","index":"3","edgeClickLog":"[{\"edgeSelection\":\"0to2\",\"edgeRTMS\":2374}]","trial_id":"incong_3","congruency":"I","task":"experiment","subjectId":"qwcwpvhn2d5pekc","trial_type":"external-html","trial_index":23,"time_elapsed":551707,"internal_node_id":"0.0-9.0-0.15"},{"rt":4493,"url":"../static/nodeGraphs.html","edge":"0to2","edgeRT":"3276","skip":"false","flipped":"False","index":"7","edgeClickLog":"[{\"edgeSelection\":\"0to2\",\"edgeRTMS\":3276}]","trial_id":"incong_7","congruency":"I","task":"experiment","subjectId":"qwcwpvhn2d5pekc","trial_type":"external-html","trial_index":24,"time_elapsed":556843,"internal_node_id":"0.0-9.0-0.16"},{"rt":5803,"url":"../static/nodeGraphs.html","edge":"0to1","edgeRT":"3185","skip":"false","flipped":"True","index":"14","edgeClickLog":"[{\"edgeSelection\":\"0to1\",\"edgeRTMS\":3185}]","trial_id":"incong_4_flipped","congruency":"I","task":"experiment","subjectId":"qwcwpvhn2d5pekc","trial_type":"external-html","trial_index":25,"time_elapsed":563283,"internal_node_id":"0.0-9.0-0.17"},{"rt":5920,"url":"../static/nodeGraphs.html","edge":"0to1","edgeRT":"4581","skip":"false","flipped":"False","index":"6","edgeClickLog":"[{\"edgeSelection\":\"0to1\",\"edgeRTMS\":4581}]","trial_id":"incong_6","congruency":"I","task":"experiment","subjectId":"qwcwpvhn2d5pekc","trial_type":"external-html","trial_index":26,"time_elapsed":569835,"internal_node_id":"0.0-9.0-0.18"},{"rt":6483,"url":"../static/nodeGraphs.html","edge":"0to3","edgeRT":"5239","skip":"false","flipped":"True","index":"12","edgeClickLog":"[{\"edgeSelection\":\"0to3\",\"edgeRTMS\":5239}]","trial_id":"incong_2_flipped","congruency":"I","task":"experiment","subjectId":"qwcwpvhn2d5pekc","trial_type":"external-html","trial_index":27,"time_elapsed":576954,"internal_node_id":"0.0-9.0-0.19"},{"rt":5512,"url":"../static/nodeGraphs.html","edge":"0to1","edgeRT":"4084","skip":"false","flipped":"False","index":"20","edgeClickLog":"[{\"edgeSelection\":\"0to1\",\"edgeRTMS\":4084}]","trial_id":"test_0","congruency":"I","task":"experiment","subjectId":"qwcwpvhn2d5pekc","trial_type":"external-html","trial_index":28,"time_elapsed":583098,"internal_node_id":"0.0-9.0-0.20"},{"rt":4758,"url":"../static/nodeGraphs.html","edge":"0to3","edgeRT":"2244","skip":"false","flipped":"False","index":"21","edgeClickLog":"[{\"edgeSelection\":\"0to3\",\"edgeRTMS\":2244}]","trial_id":"test_1","congruency":"I","task":"experiment","subjectId":"qwcwpvhn2d5pekc","trial_type":"external-html","trial_index":29,"time_elapsed":588491,"internal_node_id":"0.0-9.0-0.21"},{"rt":3576,"url":"../static/nodeGraphs.html","edge":"0to3","edgeRT":"2310","skip":"false","flipped":"False","index":"22","edgeClickLog":"[{\"edgeSelection\":\"0to3\",\"edgeRTMS\":2310}]","trial_id":"test_2","congruency":"I","task":"experiment","subjectId":"qwcwpvhn2d5pekc","trial_type":"external-html","trial_index":30,"time_elapsed":592699,"internal_node_id":"0.0-9.0-0.22"},{"rt":6048,"url":"../static/nodeGraphs.html","edge":"0to1","edgeRT":"4967","skip":"false","flipped":"False","index":"23","edgeClickLog":"[{\"edgeSelection\":\"0to1\",\"edgeRTMS\":3933},{\"edgeSelection\":\"0to1\",\"edgeRTMS\":4967}]","trial_id":"test_3","congruency":"I","task":"experiment","subjectId":"qwcwpvhn2d5pekc","trial_type":"external-html","trial_index":31,"time_elapsed":599387,"internal_node_id":"0.0-9.0-0.23"},{"rt":9590,"url":"../static/nodeGraphs.html","edge":"1to5","edgeRT":"7778","skip":"false","flipped":"False","index":"24","edgeClickLog":"[{\"edgeSelection\":\"1to5\",\"edgeRTMS\":7778}]","trial_id":"test_4","congruency":"I","task":"experiment","subjectId":"qwcwpvhn2d5pekc","trial_type":"external-html","trial_index":32,"time_elapsed":609619,"internal_node_id":"0.0-9.0-0.24"},{"rt":47056,"response":{"P0_Q0":null,"P0_Q1":3,"P0_Q2":7,"P0_Q3":6,"P0_Q4":4,"P0_Q5":1,"strategies":"Chose a path based on their original path that would lead to a 3+","feedback":""},"accuracy":[],"trial_type":"survey","trial_index":33,"time_elapsed":657249,"internal_node_id":"0.0-10.0"},{"rt":3945,"stimulus":"<p>Thanks for your time!</p>        <p>We need to manually calculate your bonus pay, please give us up to 7 days.</p><p>Press any key to conclude.</p>","response":" ","task":"end","subjectId":"qwcwpvhn2d5pekc","trial_type":"html-keyboard-response","trial_index":34,"time_elapsed":661198,"internal_node_id":"0.0-11.0","interactions":"[{\"event\":\"fullscreenenter\",\"trial\":1,\"time\":2563},{\"event\":\"blur\",\"trial\":4,\"time\":192189},{\"event\":\"focus\",\"trial\":4,\"time\":192189},{\"event\":\"fullscreenexit\",\"trial\":4,\"time\":192197}]"}]