[{"success":true,"timeout":false,"failed_images":[],"failed_audio":[],"failed_video":[],"trial_type":"preload","trial_index":0,"time_elapsed":314,"internal_node_id":"0.0-0.0"},{"success":true,"trial_type":"fullscreen","trial_index":1,"time_elapsed":7486,"internal_node_id":"0.0-1.0"},{"rt":2167,"stimulus":"Welcome to the experiment. Press any key to begin.","response":" ","trial_type":"html-keyboard-response","trial_index":2,"time_elapsed":9655,"internal_node_id":"0.0-2.0"},{"view_history":[{"page_index":0,"viewing_time":5503},{"page_index":1,"viewing_time":6184},{"page_index":2,"viewing_time":17546},{"page_index":3,"viewing_time":3144},{"page_index":4,"viewing_time":1350},{"page_index":5,"viewing_time":560},{"page_index":6,"viewing_time":1596},{"page_index":7,"viewing_time":12000},{"page_index":6,"viewing_time":1207},{"page_index":5,"viewing_time":341},{"page_index":6,"viewing_time":357},{"page_index":7,"viewing_time":4049},{"page_index":8,"viewing_time":15933},{"page_index":9,"viewing_time":18797},{"page_index":10,"viewing_time":3497},{"page_index":11,"viewing_time":774},{"page_index":12,"viewing_time":637},{"page_index":13,"viewing_time":1688},{"page_index":14,"viewing_time":3758},{"page_index":15,"viewing_time":7065},{"page_index":16,"viewing_time":1073},{"page_index":17,"viewing_time":838},{"page_index":18,"viewing_time":716},{"page_index":19,"viewing_time":3873},{"page_index":20,"viewing_time":8355},{"page_index":21,"viewing_time":5183}],"rt":126022,"trial_type":"instructions","trial_index":3,"time_elapsed":135678,"internal_node_id":"0.0-3.0"},{"rt":72595,"url":"../static/nodeGraphsTraining.html","skip":[],"edgeClickLog":[],"trial_type":"external-html","trial_index":4,"time_elapsed":208313,"internal_node_id":"0.0-4.0"},{"rt":24886,"response":{"q1":"The goal is to help the student to get the most points","q2":"False","q3":"Possible paths you, as the teacher, can choose to teach the learner.","q4":"Paths that the student took before."},"question_order":[0,1,2,3],"trial_type":"survey-multi-choice","trial_index":5,"time_elapsed":233203,"internal_node_id":"0.0-5.0"},{"rt":6435,"stimulus":"<p>You can take a 60 second break before starting the experiment.</p><br><br><p>This page will advance in 60 seconds or you can press any key to advance now.</p>","response":" ","trial_type":"html-keyboard-response","trial_index":6,"time_elapsed":239641,"internal_node_id":"0.0-7.0"},{"view_history":[{"page_index":0,"viewing_time":29137}],"rt":29137,"trial_type":"instructions","trial_index":7,"time_elapsed":268779,"internal_node_id":"0.0-8.0"},{"rt":10537,"url":"../static/nodeGraphs.html","edge":"5to7","edgeRT":"9694","skip":"false","flipped":"True","index":"13","edgeClickLog":"[{\"edgeSelection\":\"5to7\",\"edgeRTMS\":9694}]","trial_id":"cong_3_flipped","congruency":"C","task":"experiment","subjectId":"x6r3vlxbabpth5u","trial_type":"external-html","trial_index":8,"time_elapsed":279355,"internal_node_id":"0.0-9.0-0.0"},{"rt":9922,"url":"../static/nodeGraphs.html","edge":"2to6","edgeRT":"8843","skip":"false","flipped":"True","index":"14","edgeClickLog":"[{\"edgeSelection\":\"2to6\",\"edgeRTMS\":7905},{\"edgeSelection\":\"2to6\",\"edgeRTMS\":8843}]","trial_id":"cong_4_flipped","congruency":"C","task":"experiment","subjectId":"x6r3vlxbabpth5u","trial_type":"external-html","trial_index":9,"time_elapsed":289818,"internal_node_id":"0.0-9.0-0.1"},{"rt":8724,"url":"../static/nodeGraphs.html","edge":"1to4","edgeRT":"4119","skip":"false","flipped":"False","index":"8","edgeClickLog":"[{\"edgeSelection\":\"1to4\",\"edgeRTMS\":4119}]","trial_id":"cong_8","congruency":"C","task":"experiment","subjectId":"x6r3vlxbabpth5u","trial_type":"external-html","trial_index":10,"time_elapsed":299083,"internal_node_id":"0.0-9.0-0.2"},{"rt":9163,"url":"../static/nodeGraphs.html","edge":"5to7","edgeRT":"7037","skip":"false","flipped":"True","index":"12","edgeClickLog":"[{\"edgeSelection\":\"5to7\",\"edgeRTMS\":7037}]","trial_id":"cong_2_flipped","congruency":"C","task":"experiment","subjectId":"x6r3vlxbabpth5u","trial_type":"external-html","trial_index":11,"time_elapsed":308787,"internal_node_id":"0.0-9.0-0.3"},{"rt":5498,"url":"../static/nodeGraphs.html","edge":"2to5","edgeRT":"3947","skip":"false","flipped":"False","index":"9","edgeClickLog":"[{\"edgeSelection\":\"2to5\",\"edgeRTMS\":3947}]","trial_id":"cong_9","congruency":"C","task":"experiment","subjectId":"x6r3vlxbabpth5u","trial_type":"external-html","trial_index":12,"time_elapsed":314826,"internal_node_id":"0.0-9.0-0.4"},{"rt":4764,"url":"../static/nodeGraphs.html","edge":"2to5","edgeRT":"3400","skip":"false","flipped":"True","index":"16","edgeClickLog":"[{\"edgeSelection\":\"2to5\",\"edgeRTMS\":3400}]","trial_id":"cong_6_flipped","congruency":"C","task":"experiment","subjectId":"x6r3vlxbabpth5u","trial_type":"external-html","trial_index":13,"time_elapsed":320131,"internal_node_id":"0.0-9.0-0.5"},{"rt":3675,"url":"../static/nodeGraphs.html","edge":"2to5","edgeRT":"2626","skip":"false","flipped":"True","index":"19","edgeClickLog":"[{\"edgeSelection\":\"2to5\",\"edgeRTMS\":2626}]","trial_id":"cong_9_flipped","congruency":"C","task":"experiment","subjectId":"x6r3vlxbabpth5u","trial_type":"external-html","trial_index":14,"time_elapsed":324346,"internal_node_id":"0.0-9.0-0.6"},{"rt":3515,"url":"../static/nodeGraphs.html","edge":"2to4","edgeRT":"1846","skip":"false","flipped":"False","index":"4","edgeClickLog":"[{\"edgeSelection\":\"2to4\",\"edgeRTMS\":1846}]","trial_id":"cong_4","congruency":"C","task":"experiment","subjectId":"x6r3vlxbabpth5u","trial_type":"external-html","trial_index":15,"time_elapsed":328402,"internal_node_id":"0.0-9.0-0.7"},{"rt":4116,"url":"../static/nodeGraphs.html","edge":"2to4","edgeRT":"3210","skip":"false","flipped":"True","index":"11","edgeClickLog":"[{\"edgeSelection\":\"2to4\",\"edgeRTMS\":3210}]","trial_id":"cong_1_flipped","congruency":"C","task":"experiment","subjectId":"x6r3vlxbabpth5u","trial_type":"external-html","trial_index":16,"time_elapsed":333058,"internal_node_id":"0.0-9.0-0.8"},{"rt":5680,"url":"../static/nodeGraphs.html","edge":"3to6","edgeRT":"4632","skip":"false","flipped":"True","index":"18","edgeClickLog":"[{\"edgeSelection\":\"3to6\",\"edgeRTMS\":4632}]","trial_id":"cong_8_flipped","congruency":"C","task":"experiment","subjectId":"x6r3vlxbabpth5u","trial_type":"external-html","trial_index":17,"time_elapsed":339282,"internal_node_id":"0.0-9.0-0.9"},{"rt":5540,"url":"../static/nodeGraphs.html","edge":"0to3","edgeRT":"4560","skip":"false","flipped":"True","index":"15","edgeClickLog":"[{\"edgeSelection\":\"0to3\",\"edgeRTMS\":4560}]","trial_id":"cong_5_flipped","congruency":"C","task":"experiment","subjectId":"x6r3vlxbabpth5u","trial_type":"external-html","trial_index":18,"time_elapsed":345362,"internal_node_id":"0.0-9.0-0.10"},{"rt":6852,"url":"../static/nodeGraphs.html","edge":"1to4","edgeRT":"5404","skip":"false","flipped":"False","index":"5","edgeClickLog":"[{\"edgeSelection\":\"1to4\",\"edgeRTMS\":5404}]","trial_id":"cong_5","congruency":"C","task":"experiment","subjectId":"x6r3vlxbabpth5u","trial_type":"external-html","trial_index":19,"time_elapsed":352753,"internal_node_id":"0.0-9.0-0.11"},{"rt":5861,"url":"../static/nodeGraphs.html","edge":"2to6","edgeRT":"4737","skip":"false","flipped":"True","index":"17","edgeClickLog":"[{\"edgeSelection\":\"2to6\",\"edgeRTMS\":4737}]","trial_id":"cong_7_flipped","congruency":"C","task":"experiment","subjectId":"x6r3vlxbabpth5u","trial_type":"external-html","trial_index":20,"time_elapsed":359154,"internal_node_id":"0.0-9.0-0.12"},{"rt":5501,"url":"../static/nodeGraphs.html","edge":"5to9","edgeRT":"4160","skip":"false","flipped":"False","index":"2","edgeClickLog":"[{\"edgeSelection\":\"5to9\",\"edgeRTMS\":4160}]","trial_id":"cong_2","congruency":"C","task":"experiment","subjectId":"x6r3vlxbabpth5u","trial_type":"external-html","trial_index":21,"time_elapsed":365202,"internal_node_id":"0.0-9.0-0.13"},{"rt":3537,"url":"../static/nodeGraphs.html","edge":"2to6","edgeRT":"2105","skip":"false","flipped":"False","index":"1","edgeClickLog":"[{\"edgeSelection\":\"3to5\",\"edgeRTMS\":1567},{\"edgeSelection\":\"2to6\",\"edgeRTMS\":2105}]","trial_id":"cong_1","congruency":"C","task":"experiment","subjectId":"x6r3vlxbabpth5u","trial_type":"external-html","trial_index":22,"time_elapsed":369289,"internal_node_id":"0.0-9.0-0.14"},{"rt":3325,"url":"../static/nodeGraphs.html","edge":"3to6","edgeRT":"2134","skip":"false","flipped":"True","index":"10","edgeClickLog":"[{\"edgeSelection\":\"3to6\",\"edgeRTMS\":2134}]","trial_id":"cong_0_flipped","congruency":"C","task":"experiment","subjectId":"x6r3vlxbabpth5u","trial_type":"external-html","trial_index":23,"time_elapsed":373154,"internal_node_id":"0.0-9.0-0.15"},{"rt":7356,"url":"../static/nodeGraphs.html","edge":"2to4","edgeRT":"5730","skip":"false","flipped":"False","index":"7","edgeClickLog":"[{\"edgeSelection\":\"2to4\",\"edgeRTMS\":5730}]","trial_id":"cong_7","congruency":"C","task":"experiment","subjectId":"x6r3vlxbabpth5u","trial_type":"external-html","trial_index":24,"time_elapsed":381049,"internal_node_id":"0.0-9.0-0.16"},{"rt":9116,"url":"../static/nodeGraphs.html","edge":"5to9","edgeRT":"7562","skip":"false","flipped":"False","index":"3","edgeClickLog":"[{\"edgeSelection\":\"3to5\",\"edgeRTMS\":2766},{\"edgeSelection\":\"5to9\",\"edgeRTMS\":7562}]","trial_id":"cong_3","congruency":"C","task":"experiment","subjectId":"x6r3vlxbabpth5u","trial_type":"external-html","trial_index":25,"time_elapsed":390705,"internal_node_id":"0.0-9.0-0.17"},{"rt":3323,"url":"../static/nodeGraphs.html","edge":"1to4","edgeRT":"2078","skip":"false","flipped":"False","index":"0","edgeClickLog":"[{\"edgeSelection\":\"1to4\",\"edgeRTMS\":2078}]","trial_id":"cong_0","congruency":"C","task":"experiment","subjectId":"x6r3vlxbabpth5u","trial_type":"external-html","trial_index":26,"time_elapsed":394569,"internal_node_id":"0.0-9.0-0.18"},{"rt":5556,"url":"../static/nodeGraphs.html","edge":"2to5","edgeRT":"2720","skip":"false","flipped":"False","index":"6","edgeClickLog":"[{\"edgeSelection\":\"2to5\",\"edgeRTMS\":2720}]","trial_id":"cong_6","congruency":"C","task":"experiment","subjectId":"x6r3vlxbabpth5u","trial_type":"external-html","trial_index":27,"time_elapsed":400666,"internal_node_id":"0.0-9.0-0.19"},{"rt":6995,"url":"../static/nodeGraphs.html","edge":"6to8","edgeRT":"5563","skip":"false","flipped":"False","index":"20","edgeClickLog":"[{\"edgeSelection\":\"2to6\",\"edgeRTMS\":3167},{\"edgeSelection\":\"6to8\",\"edgeRTMS\":4349},{\"edgeSelection\":\"6to8\",\"edgeRTMS\":5563}]","trial_id":"test_0","congruency":"I","task":"experiment","subjectId":"x6r3vlxbabpth5u","trial_type":"external-html","trial_index":28,"time_elapsed":408200,"internal_node_id":"0.0-9.0-0.20"},{"rt":9308,"url":"../static/nodeGraphs.html","edge":"3to6","edgeRT":"7147","skip":"false","flipped":"False","index":"21","edgeClickLog":"[{\"edgeSelection\":\"3to6\",\"edgeRTMS\":5837},{\"edgeSelection\":\"3to6\",\"edgeRTMS\":6791},{\"edgeSelection\":\"3to6\",\"edgeRTMS\":7147}]","trial_id":"test_1","congruency":"I","task":"experiment","subjectId":"x6r3vlxbabpth5u","trial_type":"external-html","trial_index":29,"time_elapsed":418048,"internal_node_id":"0.0-9.0-0.21"},{"rt":3684,"url":"../static/nodeGraphs.html","edge":"3to6","edgeRT":"1958","skip":"false","flipped":"False","index":"22","edgeClickLog":"[{\"edgeSelection\":\"3to6\",\"edgeRTMS\":1958}]","trial_id":"test_2","congruency":"I","task":"experiment","subjectId":"x6r3vlxbabpth5u","trial_type":"external-html","trial_index":30,"time_elapsed":422272,"internal_node_id":"0.0-9.0-0.22"},{"rt":3151,"url":"../static/nodeGraphs.html","edge":"1to5","edgeRT":"1810","skip":"false","flipped":"False","index":"23","edgeClickLog":"[{\"edgeSelection\":\"1to5\",\"edgeRTMS\":1810}]","trial_id":"test_3","congruency":"I","task":"experiment","subjectId":"x6r3vlxbabpth5u","trial_type":"external-html","trial_index":31,"time_elapsed":425968,"internal_node_id":"0.0-9.0-0.23"},{"rt":3236,"url":"../static/nodeGraphs.html","edge":"6to9","edgeRT":"2008","skip":"false","flipped":"False","index":"24","edgeClickLog":"[{\"edgeSelection\":\"6to9\",\"edgeRTMS\":2008}]","trial_id":"test_4","congruency":"I","task":"experiment","subjectId":"x6r3vlxbabpth5u","trial_type":"external-html","trial_index":32,"time_elapsed":429744,"internal_node_id":"0.0-9.0-0.24"},{"rt":20719,"response":{"P0_Q0":null,"P0_Q1":4,"P0_Q2":2,"P0_Q3":5,"P0_Q4":4,"P0_Q5":3,"strategies":"","feedback":""},"accuracy":[],"trial_type":"survey","trial_index":33,"time_elapsed":451052,"internal_node_id":"0.0-10.0"},{"rt":4728,"stimulus":"<p>Thanks for your time!</p>        <p>We need to manually calculate your bonus pay, please give us up to 7 days.</p><p>Press any key to conclude.</p>","response":" ","task":"end","subjectId":"x6r3vlxbabpth5u","trial_type":"html-keyboard-response","trial_index":34,"time_elapsed":455782,"internal_node_id":"0.0-11.0","interactions":"[{\"event\":\"focus\",\"trial\":1,\"time\":4165},{\"event\":\"fullscreenenter\",\"trial\":1,\"time\":6484},{\"event\":\"blur\",\"trial\":4,\"time\":153756},{\"event\":\"focus\",\"trial\":4,\"time\":153756},{\"event\":\"fullscreenexit\",\"trial\":4,\"time\":153769}]"}]