[{"success":true,"timeout":false,"failed_images":[],"failed_audio":[],"failed_video":[],"trial_type":"preload","trial_index":0,"time_elapsed":2493,"internal_node_id":"0.0-0.0"},{"success":true,"trial_type":"fullscreen","trial_index":1,"time_elapsed":5564,"internal_node_id":"0.0-1.0"},{"rt":2434,"stimulus":"Welcome to the experiment. Press any key to begin.","response":" ","trial_type":"html-keyboard-response","trial_index":2,"time_elapsed":7999,"internal_node_id":"0.0-2.0"},{"view_history":[{"page_index":0,"viewing_time":2546},{"page_index":1,"viewing_time":3224},{"page_index":2,"viewing_time":15328},{"page_index":3,"viewing_time":3216},{"page_index":4,"viewing_time":1208},{"page_index":5,"viewing_time":1112},{"page_index":6,"viewing_time":2120},{"page_index":7,"viewing_time":5200},{"page_index":8,"viewing_time":6112},{"page_index":9,"viewing_time":4288},{"page_index":10,"viewing_time":1008},{"page_index":11,"viewing_time":472},{"page_index":12,"viewing_time":488},{"page_index":13,"viewing_time":992},{"page_index":14,"viewing_time":1696},{"page_index":15,"viewing_time":3312},{"page_index":16,"viewing_time":1584},{"page_index":17,"viewing_time":432},{"page_index":18,"viewing_time":424},{"page_index":19,"viewing_time":3280},{"page_index":20,"viewing_time":3296},{"page_index":21,"viewing_time":3032}],"rt":64371,"trial_type":"instructions","trial_index":3,"time_elapsed":72370,"internal_node_id":"0.0-3.0"},{"rt":32996,"url":"../static/nodeGraphsTraining.html","skip":[],"edgeClickLog":[],"trial_type":"external-html","trial_index":4,"time_elapsed":105538,"internal_node_id":"0.0-4.0"},{"rt":18334,"response":{"q1":"The goal is to help the student to get the most points","q2":"False","q3":"Possible paths you, as the teacher, can choose to teach the learner.","q4":"Paths that the student took before."},"question_order":[0,1,2,3],"trial_type":"survey-multi-choice","trial_index":5,"time_elapsed":123875,"internal_node_id":"0.0-5.0"},{"rt":7047,"stimulus":"<p>You can take a 60 second break before starting the experiment.</p><br><br><p>This page will advance in 60 seconds or you can press any key to advance now.</p>","response":" ","trial_type":"html-keyboard-response","trial_index":6,"time_elapsed":130924,"internal_node_id":"0.0-7.0"},{"view_history":[{"page_index":0,"viewing_time":12158}],"rt":12158,"trial_type":"instructions","trial_index":7,"time_elapsed":143082,"internal_node_id":"0.0-8.0"},{"rt":9348,"url":"../static/nodeGraphs.html","edge":"2to6","edgeRT":"7895","skip":"false","flipped":"True","index":"14","edgeClickLog":"[{\"edgeSelection\":\"2to6\",\"edgeRTMS\":7895}]","trial_id":"cong_4_flipped","congruency":"C","task":"experiment","subjectId":"l5yvd6pfrrft2gb","trial_type":"external-html","trial_index":8,"time_elapsed":152611,"internal_node_id":"0.0-9.0-0.0"},{"rt":4653,"url":"../static/nodeGraphs.html","edge":"2to4","edgeRT":"2243","skip":"false","flipped":"False","index":"4","edgeClickLog":"[{\"edgeSelection\":\"2to4\",\"edgeRTMS\":2243}]","trial_id":"cong_4","congruency":"C","task":"experiment","subjectId":"l5yvd6pfrrft2gb","trial_type":"external-html","trial_index":9,"time_elapsed":157946,"internal_node_id":"0.0-9.0-0.1"},{"rt":4798,"url":"../static/nodeGraphs.html","edge":"0to3","edgeRT":"2980","skip":"false","flipped":"True","index":"15","edgeClickLog":"[{\"edgeSelection\":\"0to3\",\"edgeRTMS\":2980}]","trial_id":"cong_5_flipped","congruency":"C","task":"experiment","subjectId":"l5yvd6pfrrft2gb","trial_type":"external-html","trial_index":10,"time_elapsed":163426,"internal_node_id":"0.0-9.0-0.2"},{"rt":6177,"url":"../static/nodeGraphs.html","edge":"2to4","edgeRT":"5120","skip":"false","flipped":"False","index":"7","edgeClickLog":"[{\"edgeSelection\":\"2to4\",\"edgeRTMS\":5120}]","trial_id":"cong_7","congruency":"C","task":"experiment","subjectId":"l5yvd6pfrrft2gb","trial_type":"external-html","trial_index":11,"time_elapsed":170291,"internal_node_id":"0.0-9.0-0.3"},{"rt":4000,"url":"../static/nodeGraphs.html","edge":"5to9","edgeRT":"1886","skip":"false","flipped":"False","index":"3","edgeClickLog":"[{\"edgeSelection\":\"5to9\",\"edgeRTMS\":1886}]","trial_id":"cong_3","congruency":"C","task":"experiment","subjectId":"l5yvd6pfrrft2gb","trial_type":"external-html","trial_index":12,"time_elapsed":174970,"internal_node_id":"0.0-9.0-0.4"},{"rt":9797,"url":"../static/nodeGraphs.html","edge":"5to7","edgeRT":"3428","skip":"false","flipped":"True","index":"12","edgeClickLog":"[{\"edgeSelection\":\"5to7\",\"edgeRTMS\":3428}]","trial_id":"cong_2_flipped","congruency":"C","task":"experiment","subjectId":"l5yvd6pfrrft2gb","trial_type":"external-html","trial_index":13,"time_elapsed":185442,"internal_node_id":"0.0-9.0-0.5"},{"rt":2949,"url":"../static/nodeGraphs.html","edge":"2to4","edgeRT":"1996","skip":"false","flipped":"True","index":"11","edgeClickLog":"[{\"edgeSelection\":\"2to4\",\"edgeRTMS\":1996}]","trial_id":"cong_1_flipped","congruency":"C","task":"experiment","subjectId":"l5yvd6pfrrft2gb","trial_type":"external-html","trial_index":14,"time_elapsed":189074,"internal_node_id":"0.0-9.0-0.6"},{"rt":8356,"url":"../static/nodeGraphs.html","edge":"2to5","edgeRT":"6139","skip":"false","flipped":"True","index":"19","edgeClickLog":"[{\"edgeSelection\":\"2to5\",\"edgeRTMS\":6139}]","trial_id":"cong_9_flipped","congruency":"C","task":"experiment","subjectId":"l5yvd6pfrrft2gb","trial_type":"external-html","trial_index":15,"time_elapsed":198114,"internal_node_id":"0.0-9.0-0.7"},{"rt":2453,"url":"../static/nodeGraphs.html","edge":"2to6","edgeRT":"1490","skip":"false","flipped":"False","index":"1","edgeClickLog":"[{\"edgeSelection\":\"2to6\",\"edgeRTMS\":1490}]","trial_id":"cong_1","congruency":"C","task":"experiment","subjectId":"l5yvd6pfrrft2gb","trial_type":"external-html","trial_index":16,"time_elapsed":201250,"internal_node_id":"0.0-9.0-0.8"},{"rt":12696,"url":"../static/nodeGraphs.html","edge":"2to6","edgeRT":"11431","skip":"false","flipped":"False","index":"8","edgeClickLog":"[{\"edgeSelection\":\"2to6\",\"edgeRTMS\":11431}]","trial_id":"cong_8","congruency":"C","task":"experiment","subjectId":"l5yvd6pfrrft2gb","trial_type":"external-html","trial_index":17,"time_elapsed":214626,"internal_node_id":"0.0-9.0-0.9"},{"rt":7410,"url":"../static/nodeGraphs.html","edge":"2to4","edgeRT":"4081","skip":"false","flipped":"True","index":"18","edgeClickLog":"[{\"edgeSelection\":\"2to4\",\"edgeRTMS\":4081}]","trial_id":"cong_8_flipped","congruency":"C","task":"experiment","subjectId":"l5yvd6pfrrft2gb","trial_type":"external-html","trial_index":18,"time_elapsed":222714,"internal_node_id":"0.0-9.0-0.10"},{"rt":5692,"url":"../static/nodeGraphs.html","edge":"0to1","edgeRT":"3971","skip":"false","flipped":"False","index":"5","edgeClickLog":"[{\"edgeSelection\":\"0to1\",\"edgeRTMS\":3971}]","trial_id":"cong_5","congruency":"C","task":"experiment","subjectId":"l5yvd6pfrrft2gb","trial_type":"external-html","trial_index":19,"time_elapsed":229114,"internal_node_id":"0.0-9.0-0.11"},{"rt":2763,"url":"../static/nodeGraphs.html","edge":"5to9","edgeRT":"1681","skip":"false","flipped":"False","index":"2","edgeClickLog":"[{\"edgeSelection\":\"5to9\",\"edgeRTMS\":1681}]","trial_id":"cong_2","congruency":"C","task":"experiment","subjectId":"l5yvd6pfrrft2gb","trial_type":"external-html","trial_index":20,"time_elapsed":232562,"internal_node_id":"0.0-9.0-0.12"},{"rt":7288,"url":"../static/nodeGraphs.html","edge":"5to7","edgeRT":"1655","skip":"false","flipped":"True","index":"13","edgeClickLog":"[{\"edgeSelection\":\"5to7\",\"edgeRTMS\":1655}]","trial_id":"cong_3_flipped","congruency":"C","task":"experiment","subjectId":"l5yvd6pfrrft2gb","trial_type":"external-html","trial_index":21,"time_elapsed":240530,"internal_node_id":"0.0-9.0-0.13"},{"rt":2990,"url":"../static/nodeGraphs.html","edge":"2to5","edgeRT":"1613","skip":"false","flipped":"True","index":"16","edgeClickLog":"[{\"edgeSelection\":\"2to5\",\"edgeRTMS\":1613}]","trial_id":"cong_6_flipped","congruency":"C","task":"experiment","subjectId":"l5yvd6pfrrft2gb","trial_type":"external-html","trial_index":22,"time_elapsed":244202,"internal_node_id":"0.0-9.0-0.14"},{"rt":2263,"url":"../static/nodeGraphs.html","edge":"2to5","edgeRT":"1142","skip":"false","flipped":"False","index":"9","edgeClickLog":"[{\"edgeSelection\":\"2to5\",\"edgeRTMS\":1142}]","trial_id":"cong_9","congruency":"C","task":"experiment","subjectId":"l5yvd6pfrrft2gb","trial_type":"external-html","trial_index":23,"time_elapsed":247146,"internal_node_id":"0.0-9.0-0.15"},{"rt":2752,"url":"../static/nodeGraphs.html","edge":"3to6","edgeRT":"1199","skip":"false","flipped":"True","index":"10","edgeClickLog":"[{\"edgeSelection\":\"3to6\",\"edgeRTMS\":1199}]","trial_id":"cong_0_flipped","congruency":"C","task":"experiment","subjectId":"l5yvd6pfrrft2gb","trial_type":"external-html","trial_index":24,"time_elapsed":250578,"internal_node_id":"0.0-9.0-0.16"},{"rt":7048,"url":"../static/nodeGraphs.html","edge":"2to6","edgeRT":"5354","skip":"false","flipped":"True","index":"17","edgeClickLog":"[{\"edgeSelection\":\"6to8\",\"edgeRTMS\":3217},{\"edgeSelection\":\"2to6\",\"edgeRTMS\":5354}]","trial_id":"cong_7_flipped","congruency":"C","task":"experiment","subjectId":"l5yvd6pfrrft2gb","trial_type":"external-html","trial_index":25,"time_elapsed":258394,"internal_node_id":"0.0-9.0-0.17"},{"rt":3891,"url":"../static/nodeGraphs.html","edge":"1to4","edgeRT":"2684","skip":"false","flipped":"False","index":"0","edgeClickLog":"[{\"edgeSelection\":\"1to4\",\"edgeRTMS\":1523},{\"edgeSelection\":\"1to4\",\"edgeRTMS\":2684}]","trial_id":"cong_0","congruency":"C","task":"experiment","subjectId":"l5yvd6pfrrft2gb","trial_type":"external-html","trial_index":26,"time_elapsed":262970,"internal_node_id":"0.0-9.0-0.18"},{"rt":4918,"url":"../static/nodeGraphs.html","edge":"2to5","edgeRT":"3669","skip":"false","flipped":"False","index":"6","edgeClickLog":"[{\"edgeSelection\":\"2to5\",\"edgeRTMS\":3669}]","trial_id":"cong_6","congruency":"C","task":"experiment","subjectId":"l5yvd6pfrrft2gb","trial_type":"external-html","trial_index":27,"time_elapsed":268570,"internal_node_id":"0.0-9.0-0.19"},{"rt":2528,"url":"../static/nodeGraphs.html","edge":"6to8","edgeRT":"1625","skip":"false","flipped":"False","index":"20","edgeClickLog":"[{\"edgeSelection\":\"6to8\",\"edgeRTMS\":1625}]","trial_id":"test_0","congruency":"I","task":"experiment","subjectId":"l5yvd6pfrrft2gb","trial_type":"external-html","trial_index":28,"time_elapsed":271786,"internal_node_id":"0.0-9.0-0.20"},{"rt":9264,"url":"../static/nodeGraphs.html","edge":"0to3","edgeRT":"8379","skip":"false","flipped":"False","index":"21","edgeClickLog":"[{\"edgeSelection\":\"0to3\",\"edgeRTMS\":2848},{\"edgeSelection\":\"3to6\",\"edgeRTMS\":6290},{\"edgeSelection\":\"0to3\",\"edgeRTMS\":8379}]","trial_id":"test_1","congruency":"I","task":"experiment","subjectId":"l5yvd6pfrrft2gb","trial_type":"external-html","trial_index":29,"time_elapsed":281746,"internal_node_id":"0.0-9.0-0.21"},{"rt":5307,"url":"../static/nodeGraphs.html","edge":"0to3","edgeRT":"2819","skip":"false","flipped":"False","index":"22","edgeClickLog":"[{\"edgeSelection\":\"0to3\",\"edgeRTMS\":2819}]","trial_id":"test_2","congruency":"I","task":"experiment","subjectId":"l5yvd6pfrrft2gb","trial_type":"external-html","trial_index":30,"time_elapsed":287738,"internal_node_id":"0.0-9.0-0.22"},{"rt":3361,"url":"../static/nodeGraphs.html","edge":"1to5","edgeRT":"2411","skip":"false","flipped":"False","index":"23","edgeClickLog":"[{\"edgeSelection\":\"0to1\",\"edgeRTMS\":1497},{\"edgeSelection\":\"1to5\",\"edgeRTMS\":2411}]","trial_id":"test_3","congruency":"I","task":"experiment","subjectId":"l5yvd6pfrrft2gb","trial_type":"external-html","trial_index":31,"time_elapsed":291778,"internal_node_id":"0.0-9.0-0.23"},{"rt":3541,"url":"../static/nodeGraphs.html","edge":"6to9","edgeRT":"1543","skip":"false","flipped":"False","index":"24","edgeClickLog":"[{\"edgeSelection\":\"6to9\",\"edgeRTMS\":1543}]","trial_id":"test_4","congruency":"I","task":"experiment","subjectId":"l5yvd6pfrrft2gb","trial_type":"external-html","trial_index":32,"time_elapsed":296002,"internal_node_id":"0.0-9.0-0.24"},{"rt":25818,"response":{"P0_Q0":null,"P0_Q1":2,"P0_Q2":6,"P0_Q3":2,"P0_Q4":2,"P0_Q5":4,"strategies":"no strategy","feedback":""},"accuracy":[],"trial_type":"survey","trial_index":33,"time_elapsed":322375,"internal_node_id":"0.0-10.0"},{"rt":3111,"stimulus":"<p>Thanks for your time!</p>        <p>We need to manually calculate your bonus pay, please give us up to 7 days.</p><p>Press any key to conclude.</p>","response":" ","task":"end","subjectId":"l5yvd6pfrrft2gb","trial_type":"html-keyboard-response","trial_index":34,"time_elapsed":325489,"internal_node_id":"0.0-11.0","interactions":"[{\"event\":\"focus\",\"trial\":0,\"time\":1372},{\"event\":\"fullscreenenter\",\"trial\":1,\"time\":4568},{\"event\":\"blur\",\"trial\":17,\"time\":210474},{\"event\":\"focus\",\"trial\":17,\"time\":210474},{\"event\":\"fullscreenexit\",\"trial\":17,\"time\":210482}]"}]