[{"success":true,"timeout":false,"failed_images":[],"failed_audio":[],"failed_video":[],"trial_type":"preload","trial_index":0,"time_elapsed":332,"internal_node_id":"0.0-0.0"},{"success":true,"trial_type":"fullscreen","trial_index":1,"time_elapsed":5191,"internal_node_id":"0.0-1.0"},{"rt":4697,"stimulus":"Welcome to the experiment. Press any key to begin.","response":" ","trial_type":"html-keyboard-response","trial_index":2,"time_elapsed":9889,"internal_node_id":"0.0-2.0"},{"view_history":[{"page_index":0,"viewing_time":8896},{"page_index":1,"viewing_time":17904},{"page_index":2,"viewing_time":68346},{"page_index":3,"viewing_time":15338},{"page_index":4,"viewing_time":8174},{"page_index":5,"viewing_time":2454},{"page_index":6,"viewing_time":8834},{"page_index":7,"viewing_time":20684},{"page_index":8,"viewing_time":26728},{"page_index":9,"viewing_time":21928},{"page_index":10,"viewing_time":3666},{"page_index":11,"viewing_time":1118},{"page_index":12,"viewing_time":1093},{"page_index":13,"viewing_time":3341},{"page_index":14,"viewing_time":6083},{"page_index":15,"viewing_time":14064},{"page_index":16,"viewing_time":2210},{"page_index":17,"viewing_time":1054},{"page_index":18,"viewing_time":2045},{"page_index":19,"viewing_time":7866},{"page_index":20,"viewing_time":10328},{"page_index":21,"viewing_time":8598}],"rt":260750,"trial_type":"instructions","trial_index":3,"time_elapsed":270640,"internal_node_id":"0.0-3.0"},{"rt":137419,"url":"../static/nodeGraphsTraining.html","skip":[],"edgeClickLog":[],"trial_type":"external-html","trial_index":4,"time_elapsed":408313,"internal_node_id":"0.0-4.0"},{"rt":46770,"response":{"q1":"The goal is to help the student to get the most points","q2":"False","q3":"Possible paths you, as the teacher, can choose to teach the learner.","q4":"Paths that the student took before."},"question_order":[0,1,2,3],"trial_type":"survey-multi-choice","trial_index":5,"time_elapsed":455085,"internal_node_id":"0.0-5.0"},{"rt":9103,"stimulus":"<p>You can take a 60 second break before starting the experiment.</p><br><br><p>This page will advance in 60 seconds or you can press any key to advance now.</p>","response":" ","trial_type":"html-keyboard-response","trial_index":6,"time_elapsed":464190,"internal_node_id":"0.0-7.0"},{"view_history":[{"page_index":0,"viewing_time":25085}],"rt":25085,"trial_type":"instructions","trial_index":7,"time_elapsed":489276,"internal_node_id":"0.0-8.0"},{"rt":25649,"url":"../static/nodeGraphs.html","edge":"2to6","edgeRT":"13844","skip":"false","flipped":"True","index":"10","edgeClickLog":"[{\"edgeSelection\":\"0to2\",\"edgeRTMS\":12670},{\"edgeSelection\":\"2to6\",\"edgeRTMS\":13844}]","trial_id":"incong_0_flipped","congruency":"I","task":"experiment","subjectId":"xtgej1ed5l7jlvp","trial_type":"external-html","trial_index":8,"time_elapsed":514980,"internal_node_id":"0.0-9.0-0.0"},{"rt":17322,"url":"../static/nodeGraphs.html","edge":"0to3","edgeRT":"12938","skip":"false","flipped":"True","index":"16","edgeClickLog":"[{\"edgeSelection\":\"0to3\",\"edgeRTMS\":12938}]","trial_id":"incong_6_flipped","congruency":"I","task":"experiment","subjectId":"xtgej1ed5l7jlvp","trial_type":"external-html","trial_index":9,"time_elapsed":532858,"internal_node_id":"0.0-9.0-0.1"},{"rt":9573,"url":"../static/nodeGraphs.html","edge":"0to1","edgeRT":"6807","skip":"false","flipped":"False","index":"6","edgeClickLog":"[{\"edgeSelection\":\"0to1\",\"edgeRTMS\":6807}]","trial_id":"incong_6","congruency":"I","task":"experiment","subjectId":"xtgej1ed5l7jlvp","trial_type":"external-html","trial_index":10,"time_elapsed":542988,"internal_node_id":"0.0-9.0-0.2"},{"rt":16250,"url":"../static/nodeGraphs.html","edge":"2to6","edgeRT":"15086","skip":"false","flipped":"True","index":"15","edgeClickLog":"[{\"edgeSelection\":\"3to5\",\"edgeRTMS\":12928},{\"edgeSelection\":\"2to6\",\"edgeRTMS\":15086}]","trial_id":"incong_5_flipped","congruency":"I","task":"experiment","subjectId":"xtgej1ed5l7jlvp","trial_type":"external-html","trial_index":11,"time_elapsed":559794,"internal_node_id":"0.0-9.0-0.3"},{"rt":9687,"url":"../static/nodeGraphs.html","edge":"0to3","edgeRT":"8027","skip":"false","flipped":"True","index":"18","edgeClickLog":"[{\"edgeSelection\":\"0to3\",\"edgeRTMS\":8027}]","trial_id":"incong_8_flipped","congruency":"I","task":"experiment","subjectId":"xtgej1ed5l7jlvp","trial_type":"external-html","trial_index":12,"time_elapsed":570036,"internal_node_id":"0.0-9.0-0.4"},{"rt":12315,"url":"../static/nodeGraphs.html","edge":"0to1","edgeRT":"9000","skip":"false","flipped":"False","index":"2","edgeClickLog":"[{\"edgeSelection\":\"0to1\",\"edgeRTMS\":9000}]","trial_id":"incong_2","congruency":"I","task":"experiment","subjectId":"xtgej1ed5l7jlvp","trial_type":"external-html","trial_index":13,"time_elapsed":582911,"internal_node_id":"0.0-9.0-0.5"},{"rt":14989,"url":"../static/nodeGraphs.html","edge":"0to3","edgeRT":"13660","skip":"false","flipped":"True","index":"12","edgeClickLog":"[{\"edgeSelection\":\"0to2\",\"edgeRTMS\":9236},{\"edgeSelection\":\"0to3\",\"edgeRTMS\":13660}]","trial_id":"incong_2_flipped","congruency":"I","task":"experiment","subjectId":"xtgej1ed5l7jlvp","trial_type":"external-html","trial_index":14,"time_elapsed":598460,"internal_node_id":"0.0-9.0-0.6"},{"rt":11731,"url":"../static/nodeGraphs.html","edge":"0to2","edgeRT":"6108","skip":"false","flipped":"False","index":"3","edgeClickLog":"[{\"edgeSelection\":\"0to2\",\"edgeRTMS\":6108}]","trial_id":"incong_3","congruency":"I","task":"experiment","subjectId":"xtgej1ed5l7jlvp","trial_type":"external-html","trial_index":15,"time_elapsed":610745,"internal_node_id":"0.0-9.0-0.7"},{"rt":16930,"url":"../static/nodeGraphs.html","edge":"0to3","edgeRT":"15481","skip":"false","flipped":"True","index":"14","edgeClickLog":"[{\"edgeSelection\":\"0to3\",\"edgeRTMS\":15481}]","trial_id":"incong_4_flipped","congruency":"I","task":"experiment","subjectId":"xtgej1ed5l7jlvp","trial_type":"external-html","trial_index":16,"time_elapsed":628230,"internal_node_id":"0.0-9.0-0.8"},{"rt":7759,"url":"../static/nodeGraphs.html","edge":"5to8","edgeRT":"6151","skip":"false","flipped":"True","index":"19","edgeClickLog":"[{\"edgeSelection\":\"5to8\",\"edgeRTMS\":6151}]","trial_id":"incong_9_flipped","congruency":"I","task":"experiment","subjectId":"xtgej1ed5l7jlvp","trial_type":"external-html","trial_index":17,"time_elapsed":636544,"internal_node_id":"0.0-9.0-0.9"},{"rt":8395,"url":"../static/nodeGraphs.html","edge":"2to4","edgeRT":"6583","skip":"false","flipped":"False","index":"0","edgeClickLog":"[{\"edgeSelection\":\"2to4\",\"edgeRTMS\":6583}]","trial_id":"incong_0","congruency":"I","task":"experiment","subjectId":"xtgej1ed5l7jlvp","trial_type":"external-html","trial_index":18,"time_elapsed":645496,"internal_node_id":"0.0-9.0-0.10"},{"rt":10480,"url":"../static/nodeGraphs.html","edge":"6to9","edgeRT":"8034","skip":"false","flipped":"False","index":"1","edgeClickLog":"[{\"edgeSelection\":\"6to9\",\"edgeRTMS\":8034}]","trial_id":"incong_1","congruency":"I","task":"experiment","subjectId":"xtgej1ed5l7jlvp","trial_type":"external-html","trial_index":19,"time_elapsed":656529,"internal_node_id":"0.0-9.0-0.11"},{"rt":14821,"url":"../static/nodeGraphs.html","edge":"0to1","edgeRT":"13234","skip":"false","flipped":"False","index":"8","edgeClickLog":"[{\"edgeSelection\":\"0to1\",\"edgeRTMS\":13234}]","trial_id":"incong_8","congruency":"I","task":"experiment","subjectId":"xtgej1ed5l7jlvp","trial_type":"external-html","trial_index":20,"time_elapsed":671905,"internal_node_id":"0.0-9.0-0.12"},{"rt":19541,"url":"../static/nodeGraphs.html","edge":"4to8","edgeRT":"18441","skip":"false","flipped":"False","index":"9","edgeClickLog":"[{\"edgeSelection\":\"3to5\",\"edgeRTMS\":9065},{\"edgeSelection\":\"4to8\",\"edgeRTMS\":18441}]","trial_id":"incong_9","congruency":"I","task":"experiment","subjectId":"xtgej1ed5l7jlvp","trial_type":"external-html","trial_index":21,"time_elapsed":691999,"internal_node_id":"0.0-9.0-0.13"},{"rt":7357,"url":"../static/nodeGraphs.html","edge":"5to8","edgeRT":"6373","skip":"false","flipped":"False","index":"7","edgeClickLog":"[{\"edgeSelection\":\"5to8\",\"edgeRTMS\":6373}]","trial_id":"incong_7","congruency":"I","task":"experiment","subjectId":"xtgej1ed5l7jlvp","trial_type":"external-html","trial_index":22,"time_elapsed":699912,"internal_node_id":"0.0-9.0-0.14"},{"rt":9918,"url":"../static/nodeGraphs.html","edge":"2to4","edgeRT":"8415","skip":"false","flipped":"False","index":"5","edgeClickLog":"[{\"edgeSelection\":\"2to4\",\"edgeRTMS\":8415}]","trial_id":"incong_5","congruency":"I","task":"experiment","subjectId":"xtgej1ed5l7jlvp","trial_type":"external-html","trial_index":23,"time_elapsed":710380,"internal_node_id":"0.0-9.0-0.15"},{"rt":6727,"url":"../static/nodeGraphs.html","edge":"0to2","edgeRT":"5195","skip":"false","flipped":"True","index":"13","edgeClickLog":"[{\"edgeSelection\":\"0to2\",\"edgeRTMS\":5195}]","trial_id":"incong_3_flipped","congruency":"I","task":"experiment","subjectId":"xtgej1ed5l7jlvp","trial_type":"external-html","trial_index":24,"time_elapsed":717662,"internal_node_id":"0.0-9.0-0.16"},{"rt":13478,"url":"../static/nodeGraphs.html","edge":"5to8","edgeRT":"11772","skip":"false","flipped":"True","index":"17","edgeClickLog":"[{\"edgeSelection\":\"5to8\",\"edgeRTMS\":11772}]","trial_id":"incong_7_flipped","congruency":"I","task":"experiment","subjectId":"xtgej1ed5l7jlvp","trial_type":"external-html","trial_index":25,"time_elapsed":731694,"internal_node_id":"0.0-9.0-0.17"},{"rt":10472,"url":"../static/nodeGraphs.html","edge":"4to7","edgeRT":"9120","skip":"false","flipped":"True","index":"11","edgeClickLog":"[{\"edgeSelection\":\"4to7\",\"edgeRTMS\":9120}]","trial_id":"incong_1_flipped","congruency":"I","task":"experiment","subjectId":"xtgej1ed5l7jlvp","trial_type":"external-html","trial_index":26,"time_elapsed":742722,"internal_node_id":"0.0-9.0-0.18"},{"rt":11032,"url":"../static/nodeGraphs.html","edge":"0to1","edgeRT":"9459","skip":"false","flipped":"False","index":"4","edgeClickLog":"[{\"edgeSelection\":\"0to1\",\"edgeRTMS\":9459}]","trial_id":"incong_4","congruency":"I","task":"experiment","subjectId":"xtgej1ed5l7jlvp","trial_type":"external-html","trial_index":27,"time_elapsed":754308,"internal_node_id":"0.0-9.0-0.19"},{"rt":12472,"url":"../static/nodeGraphs.html","edge":"5to8","edgeRT":"10316","skip":"false","flipped":"False","index":"20","edgeClickLog":"[{\"edgeSelection\":\"5to8\",\"edgeRTMS\":10316}]","trial_id":"test_0","congruency":"I","task":"experiment","subjectId":"xtgej1ed5l7jlvp","trial_type":"external-html","trial_index":28,"time_elapsed":767332,"internal_node_id":"0.0-9.0-0.20"},{"rt":21779,"url":"../static/nodeGraphs.html","edge":"0to3","edgeRT":"20239","skip":"false","flipped":"False","index":"21","edgeClickLog":"[{\"edgeSelection\":\"0to3\",\"edgeRTMS\":20239}]","trial_id":"test_1","congruency":"I","task":"experiment","subjectId":"xtgej1ed5l7jlvp","trial_type":"external-html","trial_index":29,"time_elapsed":789665,"internal_node_id":"0.0-9.0-0.21"},{"rt":13020,"url":"../static/nodeGraphs.html","edge":"0to3","edgeRT":"7490","skip":"false","flipped":"False","index":"22","edgeClickLog":"[{\"edgeSelection\":\"0to3\",\"edgeRTMS\":7490}]","trial_id":"test_2","congruency":"I","task":"experiment","subjectId":"xtgej1ed5l7jlvp","trial_type":"external-html","trial_index":30,"time_elapsed":803241,"internal_node_id":"0.0-9.0-0.22"},{"rt":7153,"url":"../static/nodeGraphs.html","edge":"0to1","edgeRT":"5312","skip":"false","flipped":"False","index":"23","edgeClickLog":"[{\"edgeSelection\":\"0to1\",\"edgeRTMS\":5312}]","trial_id":"test_3","congruency":"I","task":"experiment","subjectId":"xtgej1ed5l7jlvp","trial_type":"external-html","trial_index":31,"time_elapsed":810947,"internal_node_id":"0.0-9.0-0.23"},{"rt":30001,"url":"../static/nodeGraphs.html","edge":"6to9","edgeRT":"28937","skip":"true","flipped":"False","index":"24","edgeClickLog":"[{\"edgeSelection\":\"6to9\",\"edgeRTMS\":28937}]","trial_id":"test_4","congruency":"I","task":"experiment","subjectId":"xtgej1ed5l7jlvp","trial_type":"external-html","trial_index":32,"time_elapsed":841502,"internal_node_id":"0.0-9.0-0.24"},{"rt":64338,"response":{"P0_Q0":null,"P0_Q1":5,"P0_Q2":7,"P0_Q3":6,"P0_Q4":6,"P0_Q5":2,"strategies":"Tried to select the dotted line that connected to 3","feedback":"no"},"accuracy":[],"trial_type":"survey","trial_index":33,"time_elapsed":906391,"internal_node_id":"0.0-10.0"},{"rt":18133,"stimulus":"<p>Thanks for your time!</p>        <p>We need to manually calculate your bonus pay, please give us up to 7 days.</p><p>Press any key to conclude.</p>","response":"enter","task":"end","subjectId":"xtgej1ed5l7jlvp","trial_type":"html-keyboard-response","trial_index":34,"time_elapsed":924525,"internal_node_id":"0.0-11.0","interactions":"[{\"event\":\"fullscreenenter\",\"trial\":1,\"time\":4190},{\"event\":\"blur\",\"trial\":4,\"time\":303802},{\"event\":\"focus\",\"trial\":4,\"time\":303802},{\"event\":\"fullscreenexit\",\"trial\":4,\"time\":303810}]"}]