[{"success":true,"timeout":false,"failed_images":[],"failed_audio":[],"failed_video":[],"trial_type":"preload","trial_index":0,"time_elapsed":310,"internal_node_id":"0.0-0.0"},{"success":true,"trial_type":"fullscreen","trial_index":1,"time_elapsed":2804,"internal_node_id":"0.0-1.0"},{"rt":2988,"stimulus":"Welcome to the experiment. Press any key to begin.","response":"enter","trial_type":"html-keyboard-response","trial_index":2,"time_elapsed":5795,"internal_node_id":"0.0-2.0"},{"view_history":[{"page_index":0,"viewing_time":3111},{"page_index":1,"viewing_time":3680},{"page_index":2,"viewing_time":35944},{"page_index":3,"viewing_time":8704},{"page_index":4,"viewing_time":952},{"page_index":5,"viewing_time":656},{"page_index":6,"viewing_time":2072},{"page_index":7,"viewing_time":17944},{"page_index":8,"viewing_time":11680},{"page_index":9,"viewing_time":6568},{"page_index":10,"viewing_time":2968},{"page_index":11,"viewing_time":1897},{"page_index":12,"viewing_time":767},{"page_index":13,"viewing_time":2368},{"page_index":14,"viewing_time":3624},{"page_index":15,"viewing_time":6233},{"page_index":16,"viewing_time":2055},{"page_index":17,"viewing_time":650},{"page_index":18,"viewing_time":630},{"page_index":19,"viewing_time":2232},{"page_index":20,"viewing_time":3944},{"page_index":21,"viewing_time":4584}],"rt":123263,"trial_type":"instructions","trial_index":3,"time_elapsed":129057,"internal_node_id":"0.0-3.0"},{"rt":95612,"url":"../static/nodeGraphsTraining.html","skip":[],"edgeClickLog":[],"trial_type":"external-html","trial_index":4,"time_elapsed":224827,"internal_node_id":"0.0-4.0"},{"rt":23213,"response":{"q1":"The goal is to help the student to get the most points","q2":"False","q3":"Possible paths you, as the teacher, can choose to teach the learner.","q4":"Paths that the student took before."},"question_order":[0,1,2,3],"trial_type":"survey-multi-choice","trial_index":5,"time_elapsed":248042,"internal_node_id":"0.0-5.0"},{"rt":27054,"stimulus":"<p>You can take a 60 second break before starting the experiment.</p><br><br><p>This page will advance in 60 seconds or you can press any key to advance now.</p>","response":"enter","trial_type":"html-keyboard-response","trial_index":6,"time_elapsed":275099,"internal_node_id":"0.0-7.0"},{"view_history":[{"page_index":0,"viewing_time":15727}],"rt":15727,"trial_type":"instructions","trial_index":7,"time_elapsed":290826,"internal_node_id":"0.0-8.0"},{"rt":22584,"url":"../static/nodeGraphs.html","edge":"5to9","edgeRT":"21439","skip":"false","flipped":"False","index":"4","edgeClickLog":"[{\"edgeSelection\":\"0to2\",\"edgeRTMS\":11920},{\"edgeSelection\":\"0to1\",\"edgeRTMS\":15163},{\"edgeSelection\":\"1to5\",\"edgeRTMS\":18658},{\"edgeSelection\":\"6to8\",\"edgeRTMS\":20074},{\"edgeSelection\":\"5to9\",\"edgeRTMS\":21439}]","trial_id":"incong_4","congruency":"I","task":"experiment","subjectId":"6cao1vtrguqu0od","trial_type":"external-html","trial_index":8,"time_elapsed":313570,"internal_node_id":"0.0-9.0-0.0"},{"rt":14560,"url":"../static/nodeGraphs.html","edge":"6to8","edgeRT":"13096","skip":"false","flipped":"True","index":"15","edgeClickLog":"[{\"edgeSelection\":\"0to2\",\"edgeRTMS\":9238},{\"edgeSelection\":\"2to6\",\"edgeRTMS\":10920},{\"edgeSelection\":\"6to8\",\"edgeRTMS\":13096}]","trial_id":"incong_5_flipped","congruency":"I","task":"experiment","subjectId":"6cao1vtrguqu0od","trial_type":"external-html","trial_index":9,"time_elapsed":328793,"internal_node_id":"0.0-9.0-0.1"},{"rt":8271,"url":"../static/nodeGraphs.html","edge":"6to8","edgeRT":"6863","skip":"false","flipped":"True","index":"18","edgeClickLog":"[{\"edgeSelection\":\"0to3\",\"edgeRTMS\":2429},{\"edgeSelection\":\"3to6\",\"edgeRTMS\":5006},{\"edgeSelection\":\"6to8\",\"edgeRTMS\":6863}]","trial_id":"incong_8_flipped","congruency":"I","task":"experiment","subjectId":"6cao1vtrguqu0od","trial_type":"external-html","trial_index":10,"time_elapsed":337722,"internal_node_id":"0.0-9.0-0.2"},{"rt":8670,"url":"../static/nodeGraphs.html","edge":"6to8","edgeRT":"7737","skip":"false","flipped":"False","index":"7","edgeClickLog":"[{\"edgeSelection\":\"0to2\",\"edgeRTMS\":4047},{\"edgeSelection\":\"2to6\",\"edgeRTMS\":5425},{\"edgeSelection\":\"6to8\",\"edgeRTMS\":7737}]","trial_id":"incong_7","congruency":"I","task":"experiment","subjectId":"6cao1vtrguqu0od","trial_type":"external-html","trial_index":11,"time_elapsed":347050,"internal_node_id":"0.0-9.0-0.3"},{"rt":8104,"url":"../static/nodeGraphs.html","edge":"6to9","edgeRT":"6568","skip":"false","flipped":"True","index":"11","edgeClickLog":"[{\"edgeSelection\":\"0to3\",\"edgeRTMS\":3909},{\"edgeSelection\":\"3to6\",\"edgeRTMS\":5479},{\"edgeSelection\":\"6to9\",\"edgeRTMS\":6568}]","trial_id":"incong_1_flipped","congruency":"I","task":"experiment","subjectId":"6cao1vtrguqu0od","trial_type":"external-html","trial_index":12,"time_elapsed":355809,"internal_node_id":"0.0-9.0-0.4"},{"rt":5886,"url":"../static/nodeGraphs.html","edge":"6to8","edgeRT":"4937","skip":"false","flipped":"True","index":"16","edgeClickLog":"[{\"edgeSelection\":\"0to3\",\"edgeRTMS\":2286},{\"edgeSelection\":\"3to6\",\"edgeRTMS\":3625},{\"edgeSelection\":\"6to8\",\"edgeRTMS\":4937}]","trial_id":"incong_6_flipped","congruency":"I","task":"experiment","subjectId":"6cao1vtrguqu0od","trial_type":"external-html","trial_index":13,"time_elapsed":362354,"internal_node_id":"0.0-9.0-0.5"},{"rt":6325,"url":"../static/nodeGraphs.html","edge":"6to8","edgeRT":"4912","skip":"false","flipped":"True","index":"12","edgeClickLog":"[{\"edgeSelection\":\"0to3\",\"edgeRTMS\":2704},{\"edgeSelection\":\"3to6\",\"edgeRTMS\":3721},{\"edgeSelection\":\"6to8\",\"edgeRTMS\":4912}]","trial_id":"incong_2_flipped","congruency":"I","task":"experiment","subjectId":"6cao1vtrguqu0od","trial_type":"external-html","trial_index":14,"time_elapsed":369337,"internal_node_id":"0.0-9.0-0.6"},{"rt":10952,"url":"../static/nodeGraphs.html","edge":"4to8","edgeRT":"10118","skip":"false","flipped":"False","index":"2","edgeClickLog":"[{\"edgeSelection\":\"0to1\",\"edgeRTMS\":6884},{\"edgeSelection\":\"1to4\",\"edgeRTMS\":8574},{\"edgeSelection\":\"4to8\",\"edgeRTMS\":10118}]","trial_id":"incong_2","congruency":"I","task":"experiment","subjectId":"6cao1vtrguqu0od","trial_type":"external-html","trial_index":15,"time_elapsed":380945,"internal_node_id":"0.0-9.0-0.7"},{"rt":7612,"url":"../static/nodeGraphs.html","edge":"4to8","edgeRT":"6590","skip":"false","flipped":"True","index":"17","edgeClickLog":"[{\"edgeSelection\":\"0to2\",\"edgeRTMS\":4148},{\"edgeSelection\":\"2to4\",\"edgeRTMS\":5342},{\"edgeSelection\":\"4to8\",\"edgeRTMS\":6590}]","trial_id":"incong_7_flipped","congruency":"I","task":"experiment","subjectId":"6cao1vtrguqu0od","trial_type":"external-html","trial_index":16,"time_elapsed":389209,"internal_node_id":"0.0-9.0-0.8"},{"rt":8923,"url":"../static/nodeGraphs.html","edge":"4to8","edgeRT":"8192","skip":"false","flipped":"False","index":"5","edgeClickLog":"[{\"edgeSelection\":\"0to2\",\"edgeRTMS\":5902},{\"edgeSelection\":\"2to4\",\"edgeRTMS\":6704},{\"edgeSelection\":\"4to8\",\"edgeRTMS\":8192}]","trial_id":"incong_5","congruency":"I","task":"experiment","subjectId":"6cao1vtrguqu0od","trial_type":"external-html","trial_index":17,"time_elapsed":398793,"internal_node_id":"0.0-9.0-0.9"},{"rt":6583,"url":"../static/nodeGraphs.html","edge":"5to8","edgeRT":"5698","skip":"false","flipped":"False","index":"8","edgeClickLog":"[{\"edgeSelection\":\"0to1\",\"edgeRTMS\":2449},{\"edgeSelection\":\"1to5\",\"edgeRTMS\":4851},{\"edgeSelection\":\"5to8\",\"edgeRTMS\":5698}]","trial_id":"incong_8","congruency":"I","task":"experiment","subjectId":"6cao1vtrguqu0od","trial_type":"external-html","trial_index":18,"time_elapsed":406033,"internal_node_id":"0.0-9.0-0.10"},{"rt":6424,"url":"../static/nodeGraphs.html","edge":"5to8","edgeRT":"5744","skip":"false","flipped":"False","index":"9","edgeClickLog":"[{\"edgeSelection\":\"0to3\",\"edgeRTMS\":3407},{\"edgeSelection\":\"3to5\",\"edgeRTMS\":4785},{\"edgeSelection\":\"5to8\",\"edgeRTMS\":5744}]","trial_id":"incong_9","congruency":"I","task":"experiment","subjectId":"6cao1vtrguqu0od","trial_type":"external-html","trial_index":19,"time_elapsed":413112,"internal_node_id":"0.0-9.0-0.11"},{"rt":5875,"url":"../static/nodeGraphs.html","edge":"4to8","edgeRT":"5013","skip":"false","flipped":"False","index":"0","edgeClickLog":"[{\"edgeSelection\":\"0to2\",\"edgeRTMS\":2227},{\"edgeSelection\":\"2to4\",\"edgeRTMS\":3757},{\"edgeSelection\":\"4to8\",\"edgeRTMS\":5013}]","trial_id":"incong_0","congruency":"I","task":"experiment","subjectId":"6cao1vtrguqu0od","trial_type":"external-html","trial_index":20,"time_elapsed":419640,"internal_node_id":"0.0-9.0-0.12"},{"rt":5574,"url":"../static/nodeGraphs.html","edge":"6to8","edgeRT":"4248","skip":"false","flipped":"True","index":"10","edgeClickLog":"[{\"edgeSelection\":\"0to3\",\"edgeRTMS\":1734},{\"edgeSelection\":\"3to6\",\"edgeRTMS\":3064},{\"edgeSelection\":\"6to8\",\"edgeRTMS\":4248}]","trial_id":"incong_0_flipped","congruency":"I","task":"experiment","subjectId":"6cao1vtrguqu0od","trial_type":"external-html","trial_index":21,"time_elapsed":425872,"internal_node_id":"0.0-9.0-0.13"},{"rt":6747,"url":"../static/nodeGraphs.html","edge":"4to7","edgeRT":"5918","skip":"false","flipped":"False","index":"1","edgeClickLog":"[{\"edgeSelection\":\"0to1\",\"edgeRTMS\":3140},{\"edgeSelection\":\"1to4\",\"edgeRTMS\":4726},{\"edgeSelection\":\"4to7\",\"edgeRTMS\":5918}]","trial_id":"incong_1","congruency":"I","task":"experiment","subjectId":"6cao1vtrguqu0od","trial_type":"external-html","trial_index":22,"time_elapsed":433273,"internal_node_id":"0.0-9.0-0.14"},{"rt":9130,"url":"../static/nodeGraphs.html","edge":"5to7","edgeRT":"8054","skip":"false","flipped":"True","index":"14","edgeClickLog":"[{\"edgeSelection\":\"0to1\",\"edgeRTMS\":5876},{\"edgeSelection\":\"1to5\",\"edgeRTMS\":6766},{\"edgeSelection\":\"5to7\",\"edgeRTMS\":8054}]","trial_id":"incong_4_flipped","congruency":"I","task":"experiment","subjectId":"6cao1vtrguqu0od","trial_type":"external-html","trial_index":23,"time_elapsed":443058,"internal_node_id":"0.0-9.0-0.15"},{"rt":4925,"url":"../static/nodeGraphs.html","edge":"4to8","edgeRT":"3786","skip":"false","flipped":"False","index":"6","edgeClickLog":"[{\"edgeSelection\":\"0to1\",\"edgeRTMS\":1855},{\"edgeSelection\":\"1to4\",\"edgeRTMS\":2745},{\"edgeSelection\":\"4to8\",\"edgeRTMS\":3786}]","trial_id":"incong_6","congruency":"I","task":"experiment","subjectId":"6cao1vtrguqu0od","trial_type":"external-html","trial_index":24,"time_elapsed":448640,"internal_node_id":"0.0-9.0-0.16"},{"rt":6075,"url":"../static/nodeGraphs.html","edge":"5to8","edgeRT":"5221","skip":"false","flipped":"True","index":"19","edgeClickLog":"[{\"edgeSelection\":\"0to2\",\"edgeRTMS\":3788},{\"edgeSelection\":\"2to5\",\"edgeRTMS\":4583},{\"edgeSelection\":\"5to8\",\"edgeRTMS\":5221}]","trial_id":"incong_9_flipped","congruency":"I","task":"experiment","subjectId":"6cao1vtrguqu0od","trial_type":"external-html","trial_index":25,"time_elapsed":455377,"internal_node_id":"0.0-9.0-0.17"},{"rt":11569,"url":"../static/nodeGraphs.html","edge":"4to8","edgeRT":"10238","skip":"false","flipped":"True","index":"13","edgeClickLog":"[{\"edgeSelection\":\"0to2\",\"edgeRTMS\":2299},{\"edgeSelection\":\"2to4\",\"edgeRTMS\":8423},{\"edgeSelection\":\"4to8\",\"edgeRTMS\":10238}]","trial_id":"incong_3_flipped","congruency":"I","task":"experiment","subjectId":"6cao1vtrguqu0od","trial_type":"external-html","trial_index":26,"time_elapsed":467600,"internal_node_id":"0.0-9.0-0.18"},{"rt":5590,"url":"../static/nodeGraphs.html","edge":"6to8","edgeRT":"4534","skip":"false","flipped":"False","index":"3","edgeClickLog":"[{\"edgeSelection\":\"0to2\",\"edgeRTMS\":1525},{\"edgeSelection\":\"2to6\",\"edgeRTMS\":3150},{\"edgeSelection\":\"6to8\",\"edgeRTMS\":4534}]","trial_id":"incong_3","congruency":"I","task":"experiment","subjectId":"6cao1vtrguqu0od","trial_type":"external-html","trial_index":27,"time_elapsed":473849,"internal_node_id":"0.0-9.0-0.19"},{"rt":6687,"url":"../static/nodeGraphs.html","edge":"5to8","edgeRT":"5616","skip":"false","flipped":"False","index":"20","edgeClickLog":"[{\"edgeSelection\":\"0to1\",\"edgeRTMS\":3422},{\"edgeSelection\":\"1to5\",\"edgeRTMS\":4464},{\"edgeSelection\":\"5to8\",\"edgeRTMS\":5616}]","trial_id":"test_0","congruency":"I","task":"experiment","subjectId":"6cao1vtrguqu0od","trial_type":"external-html","trial_index":28,"time_elapsed":481193,"internal_node_id":"0.0-9.0-0.20"},{"rt":7104,"url":"../static/nodeGraphs.html","edge":"6to9","edgeRT":"6169","skip":"false","flipped":"False","index":"21","edgeClickLog":"[{\"edgeSelection\":\"0to3\",\"edgeRTMS\":4551},{\"edgeSelection\":\"3to6\",\"edgeRTMS\":5465},{\"edgeSelection\":\"6to9\",\"edgeRTMS\":6169}]","trial_id":"test_1","congruency":"I","task":"experiment","subjectId":"6cao1vtrguqu0od","trial_type":"external-html","trial_index":29,"time_elapsed":488953,"internal_node_id":"0.0-9.0-0.21"},{"rt":9769,"url":"../static/nodeGraphs.html","edge":"6to8","edgeRT":"8866","skip":"false","flipped":"False","index":"22","edgeClickLog":"[{\"edgeSelection\":\"0to3\",\"edgeRTMS\":6617},{\"edgeSelection\":\"3to6\",\"edgeRTMS\":7970},{\"edgeSelection\":\"6to8\",\"edgeRTMS\":8866}]","trial_id":"test_2","congruency":"I","task":"experiment","subjectId":"6cao1vtrguqu0od","trial_type":"external-html","trial_index":30,"time_elapsed":499376,"internal_node_id":"0.0-9.0-0.22"},{"rt":5290,"url":"../static/nodeGraphs.html","edge":"5to9","edgeRT":"3813","skip":"false","flipped":"False","index":"23","edgeClickLog":"[{\"edgeSelection\":\"0to1\",\"edgeRTMS\":1666},{\"edgeSelection\":\"1to5\",\"edgeRTMS\":2652},{\"edgeSelection\":\"5to9\",\"edgeRTMS\":3813}]","trial_id":"test_3","congruency":"I","task":"experiment","subjectId":"6cao1vtrguqu0od","trial_type":"external-html","trial_index":31,"time_elapsed":505329,"internal_node_id":"0.0-9.0-0.23"},{"rt":11619,"url":"../static/nodeGraphs.html","edge":"6to9","edgeRT":"10742","skip":"false","flipped":"False","index":"24","edgeClickLog":"[{\"edgeSelection\":\"0to3\",\"edgeRTMS\":8404},{\"edgeSelection\":\"3to6\",\"edgeRTMS\":9670},{\"edgeSelection\":\"6to9\",\"edgeRTMS\":10742}]","trial_id":"test_4","congruency":"I","task":"experiment","subjectId":"6cao1vtrguqu0od","trial_type":"external-html","trial_index":32,"time_elapsed":517608,"internal_node_id":"0.0-9.0-0.24"},{"rt":20375,"response":{"P0_Q0":null,"P0_Q1":5,"P0_Q2":2,"P0_Q3":6,"P0_Q4":5,"P0_Q5":6,"strategies":"Focus on the +3 circules","feedback":""},"accuracy":[],"trial_type":"survey","trial_index":33,"time_elapsed":538554,"internal_node_id":"0.0-10.0"},{"rt":2334,"stimulus":"<p>Thanks for your time!</p>        <p>We need to manually calculate your bonus pay, please give us up to 7 days.</p><p>Press any key to conclude.</p>","response":"enter","task":"end","subjectId":"6cao1vtrguqu0od","trial_type":"html-keyboard-response","trial_index":34,"time_elapsed":540890,"internal_node_id":"0.0-11.0","interactions":"[{\"event\":\"fullscreenenter\",\"trial\":1,\"time\":1810},{\"event\":\"blur\",\"trial\":4,\"time\":153213},{\"event\":\"focus\",\"trial\":4,\"time\":153214},{\"event\":\"fullscreenexit\",\"trial\":4,\"time\":153218},{\"event\":\"blur\",\"trial\":6,\"time\":252351},{\"event\":\"focus\",\"trial\":6,\"time\":253570},{\"event\":\"blur\",\"trial\":6,\"time\":254066},{\"event\":\"focus\",\"trial\":6,\"time\":273115}]"}]