[{"success":true,"timeout":false,"failed_images":[],"failed_audio":[],"failed_video":[],"trial_type":"preload","trial_index":0,"time_elapsed":669,"internal_node_id":"0.0-0.0"},{"success":true,"trial_type":"fullscreen","trial_index":1,"time_elapsed":4232,"internal_node_id":"0.0-1.0"},{"rt":2972,"stimulus":"Welcome to the experiment. Press any key to begin.","response":" ","trial_type":"html-keyboard-response","trial_index":2,"time_elapsed":7206,"internal_node_id":"0.0-2.0"},{"view_history":[{"page_index":0,"viewing_time":4211},{"page_index":1,"viewing_time":5080},{"page_index":2,"viewing_time":21370},{"page_index":3,"viewing_time":8129},{"page_index":4,"viewing_time":922},{"page_index":5,"viewing_time":1446},{"page_index":6,"viewing_time":4923},{"page_index":7,"viewing_time":7549},{"page_index":8,"viewing_time":5137},{"page_index":9,"viewing_time":2828},{"page_index":10,"viewing_time":3589},{"page_index":11,"viewing_time":755},{"page_index":12,"viewing_time":480},{"page_index":13,"viewing_time":1138},{"page_index":14,"viewing_time":3559},{"page_index":15,"viewing_time":6354},{"page_index":16,"viewing_time":2757},{"page_index":17,"viewing_time":1086},{"page_index":18,"viewing_time":1123},{"page_index":19,"viewing_time":3968},{"page_index":20,"viewing_time":3190},{"page_index":21,"viewing_time":3637}],"rt":93229,"trial_type":"instructions","trial_index":3,"time_elapsed":100437,"internal_node_id":"0.0-3.0"},{"rt":68367,"url":"../static/nodeGraphsTraining.html","skip":[],"edgeClickLog":[],"trial_type":"external-html","trial_index":4,"time_elapsed":168917,"internal_node_id":"0.0-4.0"},{"rt":23181,"response":{"q1":"The goal is to help the student to get the most points","q2":"False","q3":"Possible paths you, as the teacher, can choose to teach the learner.","q4":"Paths that the student took before."},"question_order":[0,1,2,3],"trial_type":"survey-multi-choice","trial_index":5,"time_elapsed":192102,"internal_node_id":"0.0-5.0"},{"rt":46591,"stimulus":"<p>You can take a 60 second break before starting the experiment.</p><br><br><p>This page will advance in 60 seconds or you can press any key to advance now.</p>","response":" ","trial_type":"html-keyboard-response","trial_index":6,"time_elapsed":238700,"internal_node_id":"0.0-7.0"},{"view_history":[{"page_index":0,"viewing_time":21780}],"rt":21780,"trial_type":"instructions","trial_index":7,"time_elapsed":260481,"internal_node_id":"0.0-8.0"},{"rt":12743,"url":"../static/nodeGraphs.html","edge":"6to8","edgeRT":"7984","skip":"false","flipped":"True","index":"12","edgeClickLog":"[{\"edgeSelection\":\"6to8\",\"edgeRTMS\":7984}]","trial_id":"incong_2_flipped","congruency":"I","task":"experiment","subjectId":"sjm4ra0vwmm0tym","trial_type":"external-html","trial_index":8,"time_elapsed":273340,"internal_node_id":"0.0-9.0-0.0"},{"rt":5896,"url":"../static/nodeGraphs.html","edge":"2to4","edgeRT":"2416","skip":"false","flipped":"True","index":"13","edgeClickLog":"[{\"edgeSelection\":\"2to4\",\"edgeRTMS\":2416}]","trial_id":"incong_3_flipped","congruency":"I","task":"experiment","subjectId":"sjm4ra0vwmm0tym","trial_type":"external-html","trial_index":9,"time_elapsed":279869,"internal_node_id":"0.0-9.0-0.1"},{"rt":13815,"url":"../static/nodeGraphs.html","edge":"1to5","edgeRT":"11761","skip":"false","flipped":"False","index":"9","edgeClickLog":"[{\"edgeSelection\":\"1to5\",\"edgeRTMS\":11761}]","trial_id":"incong_9","congruency":"I","task":"experiment","subjectId":"sjm4ra0vwmm0tym","trial_type":"external-html","trial_index":10,"time_elapsed":294291,"internal_node_id":"0.0-9.0-0.2"},{"rt":7285,"url":"../static/nodeGraphs.html","edge":"0to3","edgeRT":"5275","skip":"false","flipped":"True","index":"11","edgeClickLog":"[{\"edgeSelection\":\"0to3\",\"edgeRTMS\":5275}]","trial_id":"incong_1_flipped","congruency":"I","task":"experiment","subjectId":"sjm4ra0vwmm0tym","trial_type":"external-html","trial_index":11,"time_elapsed":302199,"internal_node_id":"0.0-9.0-0.3"},{"rt":6425,"url":"../static/nodeGraphs.html","edge":"2to6","edgeRT":"4467","skip":"false","flipped":"False","index":"3","edgeClickLog":"[{\"edgeSelection\":\"2to6\",\"edgeRTMS\":4467}]","trial_id":"incong_3","congruency":"I","task":"experiment","subjectId":"sjm4ra0vwmm0tym","trial_type":"external-html","trial_index":12,"time_elapsed":309234,"internal_node_id":"0.0-9.0-0.4"},{"rt":5365,"url":"../static/nodeGraphs.html","edge":"3to5","edgeRT":"2615","skip":"false","flipped":"True","index":"18","edgeClickLog":"[{\"edgeSelection\":\"3to5\",\"edgeRTMS\":2615}]","trial_id":"incong_8_flipped","congruency":"I","task":"experiment","subjectId":"sjm4ra0vwmm0tym","trial_type":"external-html","trial_index":13,"time_elapsed":315225,"internal_node_id":"0.0-9.0-0.5"},{"rt":6910,"url":"../static/nodeGraphs.html","edge":"2to4","edgeRT":"5318","skip":"false","flipped":"False","index":"5","edgeClickLog":"[{\"edgeSelection\":\"2to4\",\"edgeRTMS\":5318}]","trial_id":"incong_5","congruency":"I","task":"experiment","subjectId":"sjm4ra0vwmm0tym","trial_type":"external-html","trial_index":14,"time_elapsed":322755,"internal_node_id":"0.0-9.0-0.6"},{"rt":17357,"url":"../static/nodeGraphs.html","edge":"0to3","edgeRT":"15601","skip":"false","flipped":"True","index":"16","edgeClickLog":"[{\"edgeSelection\":\"0to3\",\"edgeRTMS\":9232},{\"edgeSelection\":\"0to3\",\"edgeRTMS\":15601}]","trial_id":"incong_6_flipped","congruency":"I","task":"experiment","subjectId":"sjm4ra0vwmm0tym","trial_type":"external-html","trial_index":15,"time_elapsed":340746,"internal_node_id":"0.0-9.0-0.7"},{"rt":8604,"url":"../static/nodeGraphs.html","edge":"0to3","edgeRT":"6156","skip":"false","flipped":"False","index":"4","edgeClickLog":"[{\"edgeSelection\":\"0to3\",\"edgeRTMS\":6156}]","trial_id":"incong_4","congruency":"I","task":"experiment","subjectId":"sjm4ra0vwmm0tym","trial_type":"external-html","trial_index":16,"time_elapsed":349968,"internal_node_id":"0.0-9.0-0.8"},{"rt":9707,"url":"../static/nodeGraphs.html","edge":"2to6","edgeRT":"7519","skip":"false","flipped":"True","index":"15","edgeClickLog":"[{\"edgeSelection\":\"2to6\",\"edgeRTMS\":7519}]","trial_id":"incong_5_flipped","congruency":"I","task":"experiment","subjectId":"sjm4ra0vwmm0tym","trial_type":"external-html","trial_index":17,"time_elapsed":360305,"internal_node_id":"0.0-9.0-0.9"},{"rt":8566,"url":"../static/nodeGraphs.html","edge":"2to5","edgeRT":"6981","skip":"false","flipped":"True","index":"14","edgeClickLog":"[{\"edgeSelection\":\"2to5\",\"edgeRTMS\":6981}]","trial_id":"incong_4_flipped","congruency":"I","task":"experiment","subjectId":"sjm4ra0vwmm0tym","trial_type":"external-html","trial_index":18,"time_elapsed":369476,"internal_node_id":"0.0-9.0-0.10"},{"rt":9773,"url":"../static/nodeGraphs.html","edge":"0to1","edgeRT":"8055","skip":"false","flipped":"False","index":"0","edgeClickLog":"[{\"edgeSelection\":\"0to1\",\"edgeRTMS\":8055}]","trial_id":"incong_0","congruency":"I","task":"experiment","subjectId":"sjm4ra0vwmm0tym","trial_type":"external-html","trial_index":19,"time_elapsed":380559,"internal_node_id":"0.0-9.0-0.11"},{"rt":10118,"url":"../static/nodeGraphs.html","edge":"0to1","edgeRT":"8044","skip":"false","flipped":"False","index":"8","edgeClickLog":"[{\"edgeSelection\":\"0to1\",\"edgeRTMS\":8044}]","trial_id":"incong_8","congruency":"I","task":"experiment","subjectId":"sjm4ra0vwmm0tym","trial_type":"external-html","trial_index":20,"time_elapsed":391318,"internal_node_id":"0.0-9.0-0.12"},{"rt":12730,"url":"../static/nodeGraphs.html","edge":"5to7","edgeRT":"8246","skip":"false","flipped":"True","index":"19","edgeClickLog":"[{\"edgeSelection\":\"5to7\",\"edgeRTMS\":8246}]","trial_id":"incong_9_flipped","congruency":"I","task":"experiment","subjectId":"sjm4ra0vwmm0tym","trial_type":"external-html","trial_index":21,"time_elapsed":404653,"internal_node_id":"0.0-9.0-0.13"},{"rt":9850,"url":"../static/nodeGraphs.html","edge":"3to6","edgeRT":"8257","skip":"false","flipped":"False","index":"7","edgeClickLog":"[{\"edgeSelection\":\"3to6\",\"edgeRTMS\":8257}]","trial_id":"incong_7","congruency":"I","task":"experiment","subjectId":"sjm4ra0vwmm0tym","trial_type":"external-html","trial_index":22,"time_elapsed":415144,"internal_node_id":"0.0-9.0-0.14"},{"rt":10950,"url":"../static/nodeGraphs.html","edge":"2to4","edgeRT":"9404","skip":"false","flipped":"False","index":"2","edgeClickLog":"[{\"edgeSelection\":\"2to4\",\"edgeRTMS\":9404}]","trial_id":"incong_2","congruency":"I","task":"experiment","subjectId":"sjm4ra0vwmm0tym","trial_type":"external-html","trial_index":23,"time_elapsed":426715,"internal_node_id":"0.0-9.0-0.15"},{"rt":8003,"url":"../static/nodeGraphs.html","edge":"0to3","edgeRT":"4830","skip":"false","flipped":"True","index":"10","edgeClickLog":"[{\"edgeSelection\":\"0to3\",\"edgeRTMS\":4830}]","trial_id":"incong_0_flipped","congruency":"I","task":"experiment","subjectId":"sjm4ra0vwmm0tym","trial_type":"external-html","trial_index":24,"time_elapsed":435360,"internal_node_id":"0.0-9.0-0.16"},{"rt":9384,"url":"../static/nodeGraphs.html","edge":"0to1","edgeRT":"5810","skip":"false","flipped":"False","index":"6","edgeClickLog":"[{\"edgeSelection\":\"0to1\",\"edgeRTMS\":5810}]","trial_id":"incong_6","congruency":"I","task":"experiment","subjectId":"sjm4ra0vwmm0tym","trial_type":"external-html","trial_index":25,"time_elapsed":445366,"internal_node_id":"0.0-9.0-0.17"},{"rt":6499,"url":"../static/nodeGraphs.html","edge":"6to9","edgeRT":"4771","skip":"false","flipped":"False","index":"1","edgeClickLog":"[{\"edgeSelection\":\"6to9\",\"edgeRTMS\":4771}]","trial_id":"incong_1","congruency":"I","task":"experiment","subjectId":"sjm4ra0vwmm0tym","trial_type":"external-html","trial_index":26,"time_elapsed":452514,"internal_node_id":"0.0-9.0-0.18"},{"rt":14925,"url":"../static/nodeGraphs.html","edge":"5to8","edgeRT":"13267","skip":"false","flipped":"True","index":"17","edgeClickLog":"[{\"edgeSelection\":\"5to8\",\"edgeRTMS\":13267}]","trial_id":"incong_7_flipped","congruency":"I","task":"experiment","subjectId":"sjm4ra0vwmm0tym","trial_type":"external-html","trial_index":27,"time_elapsed":468079,"internal_node_id":"0.0-9.0-0.19"},{"rt":5000,"url":"../static/nodeGraphs.html","edge":"5to8","edgeRT":"3578","skip":"false","flipped":"False","index":"20","edgeClickLog":"[{\"edgeSelection\":\"5to8\",\"edgeRTMS\":3578}]","trial_id":"test_0","congruency":"I","task":"experiment","subjectId":"sjm4ra0vwmm0tym","trial_type":"external-html","trial_index":28,"time_elapsed":473703,"internal_node_id":"0.0-9.0-0.20"},{"rt":4116,"url":"../static/nodeGraphs.html","edge":"4to7","edgeRT":"2892","skip":"false","flipped":"False","index":"21","edgeClickLog":"[{\"edgeSelection\":\"4to7\",\"edgeRTMS\":2892}]","trial_id":"test_1","congruency":"I","task":"experiment","subjectId":"sjm4ra0vwmm0tym","trial_type":"external-html","trial_index":29,"time_elapsed":478445,"internal_node_id":"0.0-9.0-0.21"},{"rt":6059,"url":"../static/nodeGraphs.html","edge":"6to8","edgeRT":"5185","skip":"false","flipped":"False","index":"22","edgeClickLog":"[{\"edgeSelection\":\"6to8\",\"edgeRTMS\":5185}]","trial_id":"test_2","congruency":"I","task":"experiment","subjectId":"sjm4ra0vwmm0tym","trial_type":"external-html","trial_index":30,"time_elapsed":485133,"internal_node_id":"0.0-9.0-0.22"},{"rt":5512,"url":"../static/nodeGraphs.html","edge":"5to7","edgeRT":"4048","skip":"false","flipped":"False","index":"23","edgeClickLog":"[{\"edgeSelection\":\"5to7\",\"edgeRTMS\":4048}]","trial_id":"test_3","congruency":"I","task":"experiment","subjectId":"sjm4ra0vwmm0tym","trial_type":"external-html","trial_index":31,"time_elapsed":491319,"internal_node_id":"0.0-9.0-0.23"},{"rt":9266,"url":"../static/nodeGraphs.html","edge":"6to9","edgeRT":"6578","skip":"false","flipped":"False","index":"24","edgeClickLog":"[{\"edgeSelection\":\"6to9\",\"edgeRTMS\":6578}]","trial_id":"test_4","congruency":"I","task":"experiment","subjectId":"sjm4ra0vwmm0tym","trial_type":"external-html","trial_index":32,"time_elapsed":501205,"internal_node_id":"0.0-9.0-0.24"},{"rt":49475,"response":{"P0_Q0":null,"P0_Q1":4,"P0_Q2":6,"P0_Q3":5,"P0_Q4":5,"P0_Q5":3,"strategies":"In general, I looked at the 2nd to last spot and picked a path with a bigger number","feedback":""},"accuracy":[],"trial_type":"survey","trial_index":33,"time_elapsed":551311,"internal_node_id":"0.0-10.0"},{"rt":3441,"stimulus":"<p>Thanks for your time!</p>        <p>We need to manually calculate your bonus pay, please give us up to 7 days.</p><p>Press any key to conclude.</p>","response":" ","task":"end","subjectId":"sjm4ra0vwmm0tym","trial_type":"html-keyboard-response","trial_index":34,"time_elapsed":554758,"internal_node_id":"0.0-11.0","interactions":"[{\"event\":\"fullscreenenter\",\"trial\":1,\"time\":3250},{\"event\":\"blur\",\"trial\":15,\"time\":336877},{\"event\":\"focus\",\"trial\":15,\"time\":336878},{\"event\":\"fullscreenexit\",\"trial\":15,\"time\":336890}]"}]