[{"success":true,"timeout":false,"failed_images":[],"failed_audio":[],"failed_video":[],"trial_type":"preload","trial_index":0,"time_elapsed":9422,"internal_node_id":"0.0-0.0"},{"success":true,"trial_type":"fullscreen","trial_index":1,"time_elapsed":17339,"internal_node_id":"0.0-1.0"},{"rt":19938,"stimulus":"Welcome to the experiment. Press any key to begin.","response":"j","trial_type":"html-keyboard-response","trial_index":2,"time_elapsed":37278,"internal_node_id":"0.0-2.0"},{"view_history":[{"page_index":0,"viewing_time":29344},{"page_index":1,"viewing_time":5055},{"page_index":2,"viewing_time":32838},{"page_index":3,"viewing_time":8896},{"page_index":4,"viewing_time":2055},{"page_index":5,"viewing_time":1306},{"page_index":6,"viewing_time":6782},{"page_index":7,"viewing_time":11025},{"page_index":8,"viewing_time":16241},{"page_index":9,"viewing_time":9599},{"page_index":10,"viewing_time":1728},{"page_index":11,"viewing_time":488},{"page_index":12,"viewing_time":399},{"page_index":13,"viewing_time":993},{"page_index":14,"viewing_time":2168},{"page_index":15,"viewing_time":3286},{"page_index":16,"viewing_time":2586},{"page_index":17,"viewing_time":384},{"page_index":18,"viewing_time":344},{"page_index":19,"viewing_time":2559},{"page_index":20,"viewing_time":6937},{"page_index":21,"viewing_time":3424}],"rt":148437,"trial_type":"instructions","trial_index":3,"time_elapsed":185716,"internal_node_id":"0.0-3.0"},{"rt":100964,"url":"../static/nodeGraphsTraining.html","skip":[],"edgeClickLog":[],"trial_type":"external-html","trial_index":4,"time_elapsed":287012,"internal_node_id":"0.0-4.0"},{"rt":17777,"response":{"q1":"The goal is to help the student to get the most points","q2":"False","q3":"Possible paths you, as the teacher, can choose to teach the learner.","q4":"Paths that the student took before."},"question_order":[0,1,2,3],"trial_type":"survey-multi-choice","trial_index":5,"time_elapsed":304791,"internal_node_id":"0.0-5.0"},{"rt":null,"stimulus":"<p>You can take a 60 second break before starting the experiment.</p><br><br><p>This page will advance in 60 seconds or you can press any key to advance now.</p>","response":null,"trial_type":"html-keyboard-response","trial_index":6,"time_elapsed":364800,"internal_node_id":"0.0-7.0"},{"view_history":[{"page_index":0,"viewing_time":52985}],"rt":52985,"trial_type":"instructions","trial_index":7,"time_elapsed":417785,"internal_node_id":"0.0-8.0"},{"rt":28305,"url":"../static/nodeGraphs.html","edge":"0to1","edgeRT":"27099","skip":"false","flipped":"False","index":"6","edgeClickLog":"[{\"edgeSelection\":\"0to1\",\"edgeRTMS\":27099}]","trial_id":"incong_6","congruency":"I","task":"experiment","subjectId":"xfzochc2bqk779g","trial_type":"external-html","trial_index":8,"time_elapsed":446460,"internal_node_id":"0.0-9.0-0.0"},{"rt":30005,"url":"../static/nodeGraphs.html","edge":"","edgeRT":"undefined","skip":"true","flipped":"False","index":"5","edgeClickLog":"","trial_id":"incong_5","congruency":"I","task":"experiment","subjectId":"xfzochc2bqk779g","trial_type":"external-html","trial_index":9,"time_elapsed":477153,"internal_node_id":"0.0-9.0-0.1"},{"rt":13961,"url":"../static/nodeGraphs.html","edge":"6to9","edgeRT":"13201","skip":"false","flipped":"False","index":"1","edgeClickLog":"[{\"edgeSelection\":\"6to9\",\"edgeRTMS\":13201}]","trial_id":"incong_1","congruency":"I","task":"experiment","subjectId":"xfzochc2bqk779g","trial_type":"external-html","trial_index":10,"time_elapsed":491870,"internal_node_id":"0.0-9.0-0.2"},{"rt":12111,"url":"../static/nodeGraphs.html","edge":"0to3","edgeRT":"5685","skip":"false","flipped":"True","index":"12","edgeClickLog":"[{\"edgeSelection\":\"0to3\",\"edgeRTMS\":5685}]","trial_id":"incong_2_flipped","congruency":"I","task":"experiment","subjectId":"xfzochc2bqk779g","trial_type":"external-html","trial_index":11,"time_elapsed":504668,"internal_node_id":"0.0-9.0-0.3"},{"rt":18731,"url":"../static/nodeGraphs.html","edge":"2to4","edgeRT":"17069","skip":"false","flipped":"False","index":"0","edgeClickLog":"[{\"edgeSelection\":\"0to2\",\"edgeRTMS\":9479},{\"edgeSelection\":\"2to4\",\"edgeRTMS\":17069}]","trial_id":"incong_0","congruency":"I","task":"experiment","subjectId":"xfzochc2bqk779g","trial_type":"external-html","trial_index":12,"time_elapsed":524076,"internal_node_id":"0.0-9.0-0.4"},{"rt":15225,"url":"../static/nodeGraphs.html","edge":"1to4","edgeRT":"10420","skip":"false","flipped":"True","index":"15","edgeClickLog":"[{\"edgeSelection\":\"1to4\",\"edgeRTMS\":10420}]","trial_id":"incong_5_flipped","congruency":"I","task":"experiment","subjectId":"xfzochc2bqk779g","trial_type":"external-html","trial_index":13,"time_elapsed":540012,"internal_node_id":"0.0-9.0-0.5"},{"rt":15891,"url":"../static/nodeGraphs.html","edge":"0to3","edgeRT":"12627","skip":"false","flipped":"True","index":"14","edgeClickLog":"[{\"edgeSelection\":\"0to3\",\"edgeRTMS\":12627}]","trial_id":"incong_4_flipped","congruency":"I","task":"experiment","subjectId":"xfzochc2bqk779g","trial_type":"external-html","trial_index":14,"time_elapsed":556579,"internal_node_id":"0.0-9.0-0.6"},{"rt":10771,"url":"../static/nodeGraphs.html","edge":"0to2","edgeRT":"9684","skip":"false","flipped":"False","index":"2","edgeClickLog":"[{\"edgeSelection\":\"0to1\",\"edgeRTMS\":4884},{\"edgeSelection\":\"0to2\",\"edgeRTMS\":9684}]","trial_id":"incong_2","congruency":"I","task":"experiment","subjectId":"xfzochc2bqk779g","trial_type":"external-html","trial_index":15,"time_elapsed":568029,"internal_node_id":"0.0-9.0-0.7"},{"rt":17609,"url":"../static/nodeGraphs.html","edge":"4to8","edgeRT":"7709","skip":"false","flipped":"False","index":"4","edgeClickLog":"[{\"edgeSelection\":\"4to8\",\"edgeRTMS\":7709}]","trial_id":"incong_4","congruency":"I","task":"experiment","subjectId":"xfzochc2bqk779g","trial_type":"external-html","trial_index":16,"time_elapsed":586376,"internal_node_id":"0.0-9.0-0.8"},{"rt":7295,"url":"../static/nodeGraphs.html","edge":"5to8","edgeRT":"5440","skip":"false","flipped":"True","index":"17","edgeClickLog":"[{\"edgeSelection\":\"5to8\",\"edgeRTMS\":5440}]","trial_id":"incong_7_flipped","congruency":"I","task":"experiment","subjectId":"xfzochc2bqk779g","trial_type":"external-html","trial_index":17,"time_elapsed":594342,"internal_node_id":"0.0-9.0-0.9"},{"rt":5476,"url":"../static/nodeGraphs.html","edge":"5to9","edgeRT":"4257","skip":"false","flipped":"True","index":"13","edgeClickLog":"[{\"edgeSelection\":\"5to9\",\"edgeRTMS\":4257}]","trial_id":"incong_3_flipped","congruency":"I","task":"experiment","subjectId":"xfzochc2bqk779g","trial_type":"external-html","trial_index":18,"time_elapsed":600552,"internal_node_id":"0.0-9.0-0.10"},{"rt":5822,"url":"../static/nodeGraphs.html","edge":"5to8","edgeRT":"4585","skip":"false","flipped":"False","index":"7","edgeClickLog":"[{\"edgeSelection\":\"5to8\",\"edgeRTMS\":4585}]","trial_id":"incong_7","congruency":"I","task":"experiment","subjectId":"xfzochc2bqk779g","trial_type":"external-html","trial_index":19,"time_elapsed":607050,"internal_node_id":"0.0-9.0-0.11"},{"rt":21105,"url":"../static/nodeGraphs.html","edge":"0to1","edgeRT":"11955","skip":"false","flipped":"False","index":"8","edgeClickLog":"[{\"edgeSelection\":\"0to1\",\"edgeRTMS\":11955}]","trial_id":"incong_8","congruency":"I","task":"experiment","subjectId":"xfzochc2bqk779g","trial_type":"external-html","trial_index":20,"time_elapsed":628842,"internal_node_id":"0.0-9.0-0.12"},{"rt":7822,"url":"../static/nodeGraphs.html","edge":"5to8","edgeRT":"6216","skip":"false","flipped":"True","index":"18","edgeClickLog":"[{\"edgeSelection\":\"5to8\",\"edgeRTMS\":6216}]","trial_id":"incong_8_flipped","congruency":"I","task":"experiment","subjectId":"xfzochc2bqk779g","trial_type":"external-html","trial_index":21,"time_elapsed":637379,"internal_node_id":"0.0-9.0-0.13"},{"rt":8602,"url":"../static/nodeGraphs.html","edge":"3to5","edgeRT":"5842","skip":"false","flipped":"True","index":"19","edgeClickLog":"[{\"edgeSelection\":\"3to5\",\"edgeRTMS\":5842}]","trial_id":"incong_9_flipped","congruency":"I","task":"experiment","subjectId":"xfzochc2bqk779g","trial_type":"external-html","trial_index":22,"time_elapsed":646762,"internal_node_id":"0.0-9.0-0.14"},{"rt":7098,"url":"../static/nodeGraphs.html","edge":"4to8","edgeRT":"5911","skip":"false","flipped":"True","index":"16","edgeClickLog":"[{\"edgeSelection\":\"4to8\",\"edgeRTMS\":5911}]","trial_id":"incong_6_flipped","congruency":"I","task":"experiment","subjectId":"xfzochc2bqk779g","trial_type":"external-html","trial_index":23,"time_elapsed":654558,"internal_node_id":"0.0-9.0-0.15"},{"rt":7414,"url":"../static/nodeGraphs.html","edge":"1to5","edgeRT":"4564","skip":"false","flipped":"False","index":"9","edgeClickLog":"[{\"edgeSelection\":\"1to5\",\"edgeRTMS\":4564}]","trial_id":"incong_9","congruency":"I","task":"experiment","subjectId":"xfzochc2bqk779g","trial_type":"external-html","trial_index":24,"time_elapsed":662658,"internal_node_id":"0.0-9.0-0.16"},{"rt":18013,"url":"../static/nodeGraphs.html","edge":"0to3","edgeRT":"17136","skip":"false","flipped":"True","index":"10","edgeClickLog":"[{\"edgeSelection\":\"0to3\",\"edgeRTMS\":17136}]","trial_id":"incong_0_flipped","congruency":"I","task":"experiment","subjectId":"xfzochc2bqk779g","trial_type":"external-html","trial_index":25,"time_elapsed":681510,"internal_node_id":"0.0-9.0-0.17"},{"rt":8608,"url":"../static/nodeGraphs.html","edge":"5to7","edgeRT":"7775","skip":"false","flipped":"False","index":"3","edgeClickLog":"[{\"edgeSelection\":\"5to7\",\"edgeRTMS\":7775}]","trial_id":"incong_3","congruency":"I","task":"experiment","subjectId":"xfzochc2bqk779g","trial_type":"external-html","trial_index":26,"time_elapsed":690795,"internal_node_id":"0.0-9.0-0.18"},{"rt":15547,"url":"../static/nodeGraphs.html","edge":"4to7","edgeRT":"14883","skip":"false","flipped":"True","index":"11","edgeClickLog":"[{\"edgeSelection\":\"4to7\",\"edgeRTMS\":14883}]","trial_id":"incong_1_flipped","congruency":"I","task":"experiment","subjectId":"xfzochc2bqk779g","trial_type":"external-html","trial_index":27,"time_elapsed":707026,"internal_node_id":"0.0-9.0-0.19"},{"rt":7679,"url":"../static/nodeGraphs.html","edge":"5to8","edgeRT":"6871","skip":"false","flipped":"False","index":"20","edgeClickLog":"[{\"edgeSelection\":\"5to8\",\"edgeRTMS\":5898},{\"edgeSelection\":\"5to8\",\"edgeRTMS\":6871}]","trial_id":"test_0","congruency":"I","task":"experiment","subjectId":"xfzochc2bqk779g","trial_type":"external-html","trial_index":28,"time_elapsed":715385,"internal_node_id":"0.0-9.0-0.20"},{"rt":7536,"url":"../static/nodeGraphs.html","edge":"4to7","edgeRT":"3156","skip":"false","flipped":"False","index":"21","edgeClickLog":"[{\"edgeSelection\":\"4to7\",\"edgeRTMS\":3156}]","trial_id":"test_1","congruency":"I","task":"experiment","subjectId":"xfzochc2bqk779g","trial_type":"external-html","trial_index":29,"time_elapsed":723595,"internal_node_id":"0.0-9.0-0.21"},{"rt":3820,"url":"../static/nodeGraphs.html","edge":"6to8","edgeRT":"3102","skip":"false","flipped":"False","index":"22","edgeClickLog":"[{\"edgeSelection\":\"6to8\",\"edgeRTMS\":3102}]","trial_id":"test_2","congruency":"I","task":"experiment","subjectId":"xfzochc2bqk779g","trial_type":"external-html","trial_index":30,"time_elapsed":728185,"internal_node_id":"0.0-9.0-0.22"},{"rt":8146,"url":"../static/nodeGraphs.html","edge":"5to9","edgeRT":"6716","skip":"false","flipped":"False","index":"23","edgeClickLog":"[{\"edgeSelection\":\"5to9\",\"edgeRTMS\":6716}]","trial_id":"test_3","congruency":"I","task":"experiment","subjectId":"xfzochc2bqk779g","trial_type":"external-html","trial_index":31,"time_elapsed":737071,"internal_node_id":"0.0-9.0-0.23"},{"rt":16587,"url":"../static/nodeGraphs.html","edge":"5to9","edgeRT":"15801","skip":"false","flipped":"False","index":"24","edgeClickLog":"[{\"edgeSelection\":\"5to9\",\"edgeRTMS\":15801}]","trial_id":"test_4","congruency":"I","task":"experiment","subjectId":"xfzochc2bqk779g","trial_type":"external-html","trial_index":32,"time_elapsed":754492,"internal_node_id":"0.0-9.0-0.24"},{"rt":96382,"response":{"P0_Q0":null,"P0_Q1":5,"P0_Q2":7,"P0_Q3":5,"P0_Q4":5,"P0_Q5":3,"strategies":"Often, I would try to go along pathways that the student had already used with a slight optimizing tweak. Sometimes, I would try to take them down a new pathway if it seemed like any path from there to the end would yield great rewards. ","feedback":"No"},"accuracy":[],"trial_type":"survey","trial_index":33,"time_elapsed":851421,"internal_node_id":"0.0-10.0"},{"rt":5230,"stimulus":"<p>Thanks for your time!</p>        <p>We need to manually calculate your bonus pay, please give us up to 7 days.</p><p>Press any key to conclude.</p>","response":"f","task":"end","subjectId":"xfzochc2bqk779g","trial_type":"html-keyboard-response","trial_index":34,"time_elapsed":856654,"internal_node_id":"0.0-11.0","interactions":"[{\"event\":\"fullscreenenter\",\"trial\":1,\"time\":16564},{\"event\":\"blur\",\"trial\":4,\"time\":196850},{\"event\":\"focus\",\"trial\":4,\"time\":196850},{\"event\":\"blur\",\"trial\":4,\"time\":214849},{\"event\":\"focus\",\"trial\":4,\"time\":214849}]"}]