[{"success":true,"timeout":false,"failed_images":[],"failed_audio":[],"failed_video":[],"trial_type":"preload","trial_index":0,"time_elapsed":19289,"internal_node_id":"0.0-0.0"},{"success":true,"trial_type":"fullscreen","trial_index":1,"time_elapsed":22893,"internal_node_id":"0.0-1.0"},{"rt":1847,"stimulus":"Welcome to the experiment. Press any key to begin.","response":" ","trial_type":"html-keyboard-response","trial_index":2,"time_elapsed":24742,"internal_node_id":"0.0-2.0"},{"view_history":[{"page_index":0,"viewing_time":3101},{"page_index":1,"viewing_time":4544},{"page_index":2,"viewing_time":18686},{"page_index":3,"viewing_time":7314},{"page_index":4,"viewing_time":2008},{"page_index":5,"viewing_time":1060},{"page_index":6,"viewing_time":1248},{"page_index":7,"viewing_time":11052},{"page_index":8,"viewing_time":12069},{"page_index":9,"viewing_time":10997},{"page_index":10,"viewing_time":1184},{"page_index":11,"viewing_time":644},{"page_index":12,"viewing_time":875},{"page_index":13,"viewing_time":2161},{"page_index":14,"viewing_time":4939},{"page_index":15,"viewing_time":4771},{"page_index":16,"viewing_time":1982},{"page_index":17,"viewing_time":732},{"page_index":18,"viewing_time":1109},{"page_index":19,"viewing_time":5622},{"page_index":20,"viewing_time":4650},{"page_index":21,"viewing_time":2937}],"rt":103684,"trial_type":"instructions","trial_index":3,"time_elapsed":128425,"internal_node_id":"0.0-3.0"},{"rt":68891,"url":"../static/nodeGraphsTraining.html","skip":[],"edgeClickLog":[],"trial_type":"external-html","trial_index":4,"time_elapsed":197916,"internal_node_id":"0.0-4.0"},{"rt":20630,"response":{"q1":"The goal is to help the student to get the most points","q2":"False","q3":"Possible paths you, as the teacher, can choose to teach the learner.","q4":"Paths that the student took before."},"question_order":[0,1,2,3],"trial_type":"survey-multi-choice","trial_index":5,"time_elapsed":218547,"internal_node_id":"0.0-5.0"},{"rt":58367,"stimulus":"<p>You can take a 60 second break before starting the experiment.</p><br><br><p>This page will advance in 60 seconds or you can press any key to advance now.</p>","response":" ","trial_type":"html-keyboard-response","trial_index":6,"time_elapsed":276915,"internal_node_id":"0.0-7.0"},{"view_history":[{"page_index":0,"viewing_time":16327}],"rt":16327,"trial_type":"instructions","trial_index":7,"time_elapsed":293243,"internal_node_id":"0.0-8.0"},{"rt":7061,"url":"../static/nodeGraphs.html","edge":"2to6","edgeRT":"3483","skip":"false","flipped":"False","index":"1","edgeClickLog":"[{\"edgeSelection\":\"2to6\",\"edgeRTMS\":3483}]","trial_id":"cong_1","congruency":"C","task":"experiment","subjectId":"1qyyr7a7w7dqlqk","trial_type":"external-html","trial_index":8,"time_elapsed":300534,"internal_node_id":"0.0-9.0-0.0"},{"rt":6051,"url":"../static/nodeGraphs.html","edge":"0to3","edgeRT":"3596","skip":"false","flipped":"True","index":"15","edgeClickLog":"[{\"edgeSelection\":\"0to3\",\"edgeRTMS\":3596}]","trial_id":"cong_5_flipped","congruency":"C","task":"experiment","subjectId":"1qyyr7a7w7dqlqk","trial_type":"external-html","trial_index":9,"time_elapsed":307535,"internal_node_id":"0.0-9.0-0.1"},{"rt":4660,"url":"../static/nodeGraphs.html","edge":"2to5","edgeRT":"3665","skip":"false","flipped":"True","index":"19","edgeClickLog":"[{\"edgeSelection\":\"2to5\",\"edgeRTMS\":3665}]","trial_id":"cong_9_flipped","congruency":"C","task":"experiment","subjectId":"1qyyr7a7w7dqlqk","trial_type":"external-html","trial_index":10,"time_elapsed":312990,"internal_node_id":"0.0-9.0-0.2"},{"rt":4067,"url":"../static/nodeGraphs.html","edge":"0to1","edgeRT":"2102","skip":"false","flipped":"False","index":"5","edgeClickLog":"[{\"edgeSelection\":\"0to1\",\"edgeRTMS\":2102}]","trial_id":"cong_5","congruency":"C","task":"experiment","subjectId":"1qyyr7a7w7dqlqk","trial_type":"external-html","trial_index":11,"time_elapsed":317781,"internal_node_id":"0.0-9.0-0.3"},{"rt":6885,"url":"../static/nodeGraphs.html","edge":"2to5","edgeRT":"5199","skip":"false","flipped":"False","index":"6","edgeClickLog":"[{\"edgeSelection\":\"1to5\",\"edgeRTMS\":3467},{\"edgeSelection\":\"2to5\",\"edgeRTMS\":5199}]","trial_id":"cong_6","congruency":"C","task":"experiment","subjectId":"1qyyr7a7w7dqlqk","trial_type":"external-html","trial_index":12,"time_elapsed":325436,"internal_node_id":"0.0-9.0-0.4"},{"rt":7157,"url":"../static/nodeGraphs.html","edge":"5to7","edgeRT":"5494","skip":"false","flipped":"True","index":"12","edgeClickLog":"[{\"edgeSelection\":\"5to7\",\"edgeRTMS\":5494}]","trial_id":"cong_2_flipped","congruency":"C","task":"experiment","subjectId":"1qyyr7a7w7dqlqk","trial_type":"external-html","trial_index":13,"time_elapsed":333338,"internal_node_id":"0.0-9.0-0.5"},{"rt":10502,"url":"../static/nodeGraphs.html","edge":"5to7","edgeRT":"8908","skip":"false","flipped":"True","index":"16","edgeClickLog":"[{\"edgeSelection\":\"5to7\",\"edgeRTMS\":8908}]","trial_id":"cong_6_flipped","congruency":"C","task":"experiment","subjectId":"1qyyr7a7w7dqlqk","trial_type":"external-html","trial_index":14,"time_elapsed":344567,"internal_node_id":"0.0-9.0-0.6"},{"rt":7515,"url":"../static/nodeGraphs.html","edge":"3to6","edgeRT":"6402","skip":"false","flipped":"True","index":"18","edgeClickLog":"[{\"edgeSelection\":\"3to6\",\"edgeRTMS\":6402}]","trial_id":"cong_8_flipped","congruency":"C","task":"experiment","subjectId":"1qyyr7a7w7dqlqk","trial_type":"external-html","trial_index":15,"time_elapsed":352821,"internal_node_id":"0.0-9.0-0.7"},{"rt":5272,"url":"../static/nodeGraphs.html","edge":"2to4","edgeRT":"4186","skip":"false","flipped":"True","index":"11","edgeClickLog":"[{\"edgeSelection\":\"2to4\",\"edgeRTMS\":4186}]","trial_id":"cong_1_flipped","congruency":"C","task":"experiment","subjectId":"1qyyr7a7w7dqlqk","trial_type":"external-html","trial_index":16,"time_elapsed":358820,"internal_node_id":"0.0-9.0-0.8"},{"rt":5459,"url":"../static/nodeGraphs.html","edge":"2to6","edgeRT":"2677","skip":"false","flipped":"True","index":"17","edgeClickLog":"[{\"edgeSelection\":\"2to6\",\"edgeRTMS\":2677}]","trial_id":"cong_7_flipped","congruency":"C","task":"experiment","subjectId":"1qyyr7a7w7dqlqk","trial_type":"external-html","trial_index":17,"time_elapsed":365003,"internal_node_id":"0.0-9.0-0.9"},{"rt":3307,"url":"../static/nodeGraphs.html","edge":"3to6","edgeRT":"2461","skip":"false","flipped":"True","index":"10","edgeClickLog":"[{\"edgeSelection\":\"3to6\",\"edgeRTMS\":2461}]","trial_id":"cong_0_flipped","congruency":"C","task":"experiment","subjectId":"1qyyr7a7w7dqlqk","trial_type":"external-html","trial_index":18,"time_elapsed":369057,"internal_node_id":"0.0-9.0-0.10"},{"rt":6200,"url":"../static/nodeGraphs.html","edge":"2to5","edgeRT":"2755","skip":"false","flipped":"True","index":"13","edgeClickLog":"[{\"edgeSelection\":\"2to5\",\"edgeRTMS\":2755}]","trial_id":"cong_3_flipped","congruency":"C","task":"experiment","subjectId":"1qyyr7a7w7dqlqk","trial_type":"external-html","trial_index":19,"time_elapsed":375990,"internal_node_id":"0.0-9.0-0.11"},{"rt":3077,"url":"../static/nodeGraphs.html","edge":"1to4","edgeRT":"2044","skip":"false","flipped":"False","index":"0","edgeClickLog":"[{\"edgeSelection\":\"1to4\",\"edgeRTMS\":2044}]","trial_id":"cong_0","congruency":"C","task":"experiment","subjectId":"1qyyr7a7w7dqlqk","trial_type":"external-html","trial_index":20,"time_elapsed":379842,"internal_node_id":"0.0-9.0-0.12"},{"rt":3788,"url":"../static/nodeGraphs.html","edge":"2to6","edgeRT":"2597","skip":"false","flipped":"True","index":"14","edgeClickLog":"[{\"edgeSelection\":\"2to6\",\"edgeRTMS\":2597}]","trial_id":"cong_4_flipped","congruency":"C","task":"experiment","subjectId":"1qyyr7a7w7dqlqk","trial_type":"external-html","trial_index":21,"time_elapsed":384365,"internal_node_id":"0.0-9.0-0.13"},{"rt":4147,"url":"../static/nodeGraphs.html","edge":"2to5","edgeRT":"2663","skip":"false","flipped":"False","index":"9","edgeClickLog":"[{\"edgeSelection\":\"2to5\",\"edgeRTMS\":2663}]","trial_id":"cong_9","congruency":"C","task":"experiment","subjectId":"1qyyr7a7w7dqlqk","trial_type":"external-html","trial_index":22,"time_elapsed":389252,"internal_node_id":"0.0-9.0-0.14"},{"rt":4815,"url":"../static/nodeGraphs.html","edge":"3to5","edgeRT":"3113","skip":"false","flipped":"False","index":"3","edgeClickLog":"[{\"edgeSelection\":\"3to5\",\"edgeRTMS\":3113}]","trial_id":"cong_3","congruency":"C","task":"experiment","subjectId":"1qyyr7a7w7dqlqk","trial_type":"external-html","trial_index":23,"time_elapsed":394802,"internal_node_id":"0.0-9.0-0.15"},{"rt":5165,"url":"../static/nodeGraphs.html","edge":"1to4","edgeRT":"3964","skip":"false","flipped":"False","index":"8","edgeClickLog":"[{\"edgeSelection\":\"1to4\",\"edgeRTMS\":3964}]","trial_id":"cong_8","congruency":"C","task":"experiment","subjectId":"1qyyr7a7w7dqlqk","trial_type":"external-html","trial_index":24,"time_elapsed":400696,"internal_node_id":"0.0-9.0-0.16"},{"rt":7358,"url":"../static/nodeGraphs.html","edge":"2to4","edgeRT":"6057","skip":"false","flipped":"False","index":"7","edgeClickLog":"[{\"edgeSelection\":\"2to4\",\"edgeRTMS\":6057}]","trial_id":"cong_7","congruency":"C","task":"experiment","subjectId":"1qyyr7a7w7dqlqk","trial_type":"external-html","trial_index":25,"time_elapsed":408813,"internal_node_id":"0.0-9.0-0.17"},{"rt":6787,"url":"../static/nodeGraphs.html","edge":"5to9","edgeRT":"5851","skip":"false","flipped":"False","index":"2","edgeClickLog":"[{\"edgeSelection\":\"5to9\",\"edgeRTMS\":5851}]","trial_id":"cong_2","congruency":"C","task":"experiment","subjectId":"1qyyr7a7w7dqlqk","trial_type":"external-html","trial_index":26,"time_elapsed":416331,"internal_node_id":"0.0-9.0-0.18"},{"rt":2507,"url":"../static/nodeGraphs.html","edge":"2to4","edgeRT":"1459","skip":"false","flipped":"False","index":"4","edgeClickLog":"[{\"edgeSelection\":\"2to4\",\"edgeRTMS\":1459}]","trial_id":"cong_4","congruency":"C","task":"experiment","subjectId":"1qyyr7a7w7dqlqk","trial_type":"external-html","trial_index":27,"time_elapsed":419711,"internal_node_id":"0.0-9.0-0.19"},{"rt":7496,"url":"../static/nodeGraphs.html","edge":"6to8","edgeRT":"5454","skip":"false","flipped":"False","index":"20","edgeClickLog":"[{\"edgeSelection\":\"2to6\",\"edgeRTMS\":2556},{\"edgeSelection\":\"6to8\",\"edgeRTMS\":5454}]","trial_id":"test_0","congruency":"I","task":"experiment","subjectId":"1qyyr7a7w7dqlqk","trial_type":"external-html","trial_index":28,"time_elapsed":427937,"internal_node_id":"0.0-9.0-0.20"},{"rt":4978,"url":"../static/nodeGraphs.html","edge":"3to6","edgeRT":"3829","skip":"false","flipped":"False","index":"21","edgeClickLog":"[{\"edgeSelection\":\"3to6\",\"edgeRTMS\":3829}]","trial_id":"test_1","congruency":"I","task":"experiment","subjectId":"1qyyr7a7w7dqlqk","trial_type":"external-html","trial_index":29,"time_elapsed":433796,"internal_node_id":"0.0-9.0-0.21"},{"rt":6416,"url":"../static/nodeGraphs.html","edge":"3to6","edgeRT":"4854","skip":"false","flipped":"False","index":"22","edgeClickLog":"[{\"edgeSelection\":\"0to3\",\"edgeRTMS\":2817},{\"edgeSelection\":\"3to6\",\"edgeRTMS\":4854}]","trial_id":"test_2","congruency":"I","task":"experiment","subjectId":"1qyyr7a7w7dqlqk","trial_type":"external-html","trial_index":30,"time_elapsed":440943,"internal_node_id":"0.0-9.0-0.22"},{"rt":5085,"url":"../static/nodeGraphs.html","edge":"1to5","edgeRT":"4019","skip":"false","flipped":"False","index":"23","edgeClickLog":"[{\"edgeSelection\":\"0to1\",\"edgeRTMS\":2113},{\"edgeSelection\":\"2to4\",\"edgeRTMS\":3421},{\"edgeSelection\":\"1to5\",\"edgeRTMS\":4019}]","trial_id":"test_3","congruency":"I","task":"experiment","subjectId":"1qyyr7a7w7dqlqk","trial_type":"external-html","trial_index":31,"time_elapsed":446754,"internal_node_id":"0.0-9.0-0.23"},{"rt":4475,"url":"../static/nodeGraphs.html","edge":"6to9","edgeRT":"2743","skip":"false","flipped":"False","index":"24","edgeClickLog":"[{\"edgeSelection\":\"6to9\",\"edgeRTMS\":2743}]","trial_id":"test_4","congruency":"I","task":"experiment","subjectId":"1qyyr7a7w7dqlqk","trial_type":"external-html","trial_index":32,"time_elapsed":451964,"internal_node_id":"0.0-9.0-0.24"},{"rt":26603,"response":{"P0_Q0":null,"P0_Q1":1,"P0_Q2":6,"P0_Q3":6,"P0_Q4":7,"P0_Q5":5,"strategies":"finding the best path with more points","feedback":"none"},"accuracy":[],"trial_type":"survey","trial_index":33,"time_elapsed":479104,"internal_node_id":"0.0-10.0"},{"rt":2278,"stimulus":"<p>Thanks for your time!</p>        <p>We need to manually calculate your bonus pay, please give us up to 7 days.</p><p>Press any key to conclude.</p>","response":" ","task":"end","subjectId":"1qyyr7a7w7dqlqk","trial_type":"html-keyboard-response","trial_index":34,"time_elapsed":481384,"internal_node_id":"0.0-11.0","interactions":"[{\"event\":\"fullscreenenter\",\"trial\":1,\"time\":21894},{\"event\":\"blur\",\"trial\":4,\"time\":140205},{\"event\":\"focus\",\"trial\":4,\"time\":140205},{\"event\":\"fullscreenexit\",\"trial\":4,\"time\":140208},{\"event\":\"blur\",\"trial\":4,\"time\":153401},{\"event\":\"focus\",\"trial\":4,\"time\":154179}]"}]