[{"success":true,"timeout":false,"failed_images":[],"failed_audio":[],"failed_video":[],"trial_type":"preload","trial_index":0,"time_elapsed":1147,"internal_node_id":"0.0-0.0"},{"success":true,"trial_type":"fullscreen","trial_index":1,"time_elapsed":6952,"internal_node_id":"0.0-1.0"},{"rt":2579,"stimulus":"Welcome to the experiment. Press any key to begin.","response":"enter","trial_type":"html-keyboard-response","trial_index":2,"time_elapsed":9532,"internal_node_id":"0.0-2.0"},{"view_history":[{"page_index":0,"viewing_time":6636},{"page_index":1,"viewing_time":6480},{"page_index":2,"viewing_time":33605},{"page_index":3,"viewing_time":9139},{"page_index":4,"viewing_time":1884},{"page_index":5,"viewing_time":1008},{"page_index":6,"viewing_time":2334},{"page_index":7,"viewing_time":12382},{"page_index":8,"viewing_time":33396},{"page_index":7,"viewing_time":1714},{"page_index":6,"viewing_time":1504},{"page_index":5,"viewing_time":774},{"page_index":4,"viewing_time":612},{"page_index":3,"viewing_time":598},{"page_index":2,"viewing_time":16864},{"page_index":3,"viewing_time":1286},{"page_index":4,"viewing_time":1194},{"page_index":5,"viewing_time":442},{"page_index":6,"viewing_time":674},{"page_index":7,"viewing_time":7072},{"page_index":8,"viewing_time":9894},{"page_index":9,"viewing_time":19938},{"page_index":10,"viewing_time":2156},{"page_index":11,"viewing_time":868},{"page_index":12,"viewing_time":744},{"page_index":13,"viewing_time":7932},{"page_index":14,"viewing_time":4186},{"page_index":15,"viewing_time":7296},{"page_index":16,"viewing_time":3318},{"page_index":17,"viewing_time":944},{"page_index":18,"viewing_time":1388},{"page_index":19,"viewing_time":2598},{"page_index":20,"viewing_time":7046},{"page_index":21,"viewing_time":4878}],"rt":212784,"trial_type":"instructions","trial_index":3,"time_elapsed":222316,"internal_node_id":"0.0-3.0"},{"rt":160461,"url":"../static/nodeGraphsTraining.html","skip":[],"edgeClickLog":[],"trial_type":"external-html","trial_index":4,"time_elapsed":383188,"internal_node_id":"0.0-4.0"},{"rt":36084,"response":{"q1":"The goal is to help the student to get the most points","q2":"False","q3":"Possible paths you, as the teacher, can choose to teach the learner.","q4":"Paths that the student took before."},"question_order":[0,1,2,3],"trial_type":"survey-multi-choice","trial_index":5,"time_elapsed":419274,"internal_node_id":"0.0-5.0"},{"rt":31992,"stimulus":"<p>You can take a 60 second break before starting the experiment.</p><br><br><p>This page will advance in 60 seconds or you can press any key to advance now.</p>","response":"enter","trial_type":"html-keyboard-response","trial_index":6,"time_elapsed":451268,"internal_node_id":"0.0-7.0"},{"view_history":[{"page_index":0,"viewing_time":32663}],"rt":32664,"trial_type":"instructions","trial_index":7,"time_elapsed":483932,"internal_node_id":"0.0-8.0"},{"rt":14675,"url":"../static/nodeGraphs.html","edge":"0to3","edgeRT":"11654","skip":"false","flipped":"True","index":"15","edgeClickLog":"[{\"edgeSelection\":\"0to3\",\"edgeRTMS\":11654}]","trial_id":"cong_5_flipped","congruency":"C","task":"experiment","subjectId":"p0c5p18hrnqr4l3","trial_type":"external-html","trial_index":8,"time_elapsed":499008,"internal_node_id":"0.0-9.0-0.0"},{"rt":18294,"url":"../static/nodeGraphs.html","edge":"2to5","edgeRT":"16263","skip":"false","flipped":"True","index":"19","edgeClickLog":"[{\"edgeSelection\":\"2to5\",\"edgeRTMS\":16263}]","trial_id":"cong_9_flipped","congruency":"C","task":"experiment","subjectId":"p0c5p18hrnqr4l3","trial_type":"external-html","trial_index":9,"time_elapsed":518012,"internal_node_id":"0.0-9.0-0.1"},{"rt":8761,"url":"../static/nodeGraphs.html","edge":"3to6","edgeRT":"7348","skip":"false","flipped":"True","index":"10","edgeClickLog":"[{\"edgeSelection\":\"3to6\",\"edgeRTMS\":7348}]","trial_id":"cong_0_flipped","congruency":"C","task":"experiment","subjectId":"p0c5p18hrnqr4l3","trial_type":"external-html","trial_index":10,"time_elapsed":527476,"internal_node_id":"0.0-9.0-0.2"},{"rt":15552,"url":"../static/nodeGraphs.html","edge":"5to7","edgeRT":"14224","skip":"false","flipped":"False","index":"6","edgeClickLog":"[{\"edgeSelection\":\"5to7\",\"edgeRTMS\":14224}]","trial_id":"cong_6","congruency":"C","task":"experiment","subjectId":"p0c5p18hrnqr4l3","trial_type":"external-html","trial_index":11,"time_elapsed":543736,"internal_node_id":"0.0-9.0-0.3"},{"rt":12500,"url":"../static/nodeGraphs.html","edge":"5to7","edgeRT":"11661","skip":"false","flipped":"True","index":"12","edgeClickLog":"[{\"edgeSelection\":\"5to7\",\"edgeRTMS\":11661}]","trial_id":"cong_2_flipped","congruency":"C","task":"experiment","subjectId":"p0c5p18hrnqr4l3","trial_type":"external-html","trial_index":12,"time_elapsed":556941,"internal_node_id":"0.0-9.0-0.4"},{"rt":10541,"url":"../static/nodeGraphs.html","edge":"2to5","edgeRT":"8896","skip":"false","flipped":"False","index":"9","edgeClickLog":"[{\"edgeSelection\":\"2to5\",\"edgeRTMS\":8896}]","trial_id":"cong_9","congruency":"C","task":"experiment","subjectId":"p0c5p18hrnqr4l3","trial_type":"external-html","trial_index":13,"time_elapsed":568186,"internal_node_id":"0.0-9.0-0.5"},{"rt":15323,"url":"../static/nodeGraphs.html","edge":"4to7","edgeRT":"13957","skip":"false","flipped":"False","index":"8","edgeClickLog":"[{\"edgeSelection\":\"4to7\",\"edgeRTMS\":13957}]","trial_id":"cong_8","congruency":"C","task":"experiment","subjectId":"p0c5p18hrnqr4l3","trial_type":"external-html","trial_index":14,"time_elapsed":584214,"internal_node_id":"0.0-9.0-0.6"},{"rt":11794,"url":"../static/nodeGraphs.html","edge":"2to6","edgeRT":"10351","skip":"false","flipped":"False","index":"1","edgeClickLog":"[{\"edgeSelection\":\"2to6\",\"edgeRTMS\":10351}]","trial_id":"cong_1","congruency":"C","task":"experiment","subjectId":"p0c5p18hrnqr4l3","trial_type":"external-html","trial_index":15,"time_elapsed":596714,"internal_node_id":"0.0-9.0-0.7"},{"rt":16063,"url":"../static/nodeGraphs.html","edge":"6to9","edgeRT":"14257","skip":"false","flipped":"False","index":"3","edgeClickLog":"[{\"edgeSelection\":\"6to9\",\"edgeRTMS\":14257}]","trial_id":"cong_3","congruency":"C","task":"experiment","subjectId":"p0c5p18hrnqr4l3","trial_type":"external-html","trial_index":16,"time_elapsed":613496,"internal_node_id":"0.0-9.0-0.8"},{"rt":11726,"url":"../static/nodeGraphs.html","edge":"2to4","edgeRT":"10428","skip":"false","flipped":"False","index":"7","edgeClickLog":"[{\"edgeSelection\":\"2to4\",\"edgeRTMS\":10428}]","trial_id":"cong_7","congruency":"C","task":"experiment","subjectId":"p0c5p18hrnqr4l3","trial_type":"external-html","trial_index":17,"time_elapsed":625928,"internal_node_id":"0.0-9.0-0.9"},{"rt":9515,"url":"../static/nodeGraphs.html","edge":"1to4","edgeRT":"7461","skip":"false","flipped":"False","index":"0","edgeClickLog":"[{\"edgeSelection\":\"1to4\",\"edgeRTMS\":7461}]","trial_id":"cong_0","congruency":"C","task":"experiment","subjectId":"p0c5p18hrnqr4l3","trial_type":"external-html","trial_index":18,"time_elapsed":636150,"internal_node_id":"0.0-9.0-0.10"},{"rt":16367,"url":"../static/nodeGraphs.html","edge":"2to4","edgeRT":"10291","skip":"false","flipped":"True","index":"11","edgeClickLog":"[{\"edgeSelection\":\"2to4\",\"edgeRTMS\":10291}]","trial_id":"cong_1_flipped","congruency":"C","task":"experiment","subjectId":"p0c5p18hrnqr4l3","trial_type":"external-html","trial_index":19,"time_elapsed":653228,"internal_node_id":"0.0-9.0-0.11"},{"rt":12385,"url":"../static/nodeGraphs.html","edge":"2to6","edgeRT":"7184","skip":"false","flipped":"True","index":"14","edgeClickLog":"[{\"edgeSelection\":\"2to6\",\"edgeRTMS\":7184}]","trial_id":"cong_4_flipped","congruency":"C","task":"experiment","subjectId":"p0c5p18hrnqr4l3","trial_type":"external-html","trial_index":20,"time_elapsed":666332,"internal_node_id":"0.0-9.0-0.12"},{"rt":18272,"url":"../static/nodeGraphs.html","edge":"5to9","edgeRT":"16983","skip":"false","flipped":"True","index":"16","edgeClickLog":"[{\"edgeSelection\":\"5to9\",\"edgeRTMS\":16983}]","trial_id":"cong_6_flipped","congruency":"C","task":"experiment","subjectId":"p0c5p18hrnqr4l3","trial_type":"external-html","trial_index":21,"time_elapsed":685310,"internal_node_id":"0.0-9.0-0.13"},{"rt":11363,"url":"../static/nodeGraphs.html","edge":"5to9","edgeRT":"10188","skip":"false","flipped":"False","index":"2","edgeClickLog":"[{\"edgeSelection\":\"5to9\",\"edgeRTMS\":10188}]","trial_id":"cong_2","congruency":"C","task":"experiment","subjectId":"p0c5p18hrnqr4l3","trial_type":"external-html","trial_index":22,"time_elapsed":697392,"internal_node_id":"0.0-9.0-0.14"},{"rt":13442,"url":"../static/nodeGraphs.html","edge":"6to9","edgeRT":"10101","skip":"false","flipped":"True","index":"18","edgeClickLog":"[{\"edgeSelection\":\"6to9\",\"edgeRTMS\":10101}]","trial_id":"cong_8_flipped","congruency":"C","task":"experiment","subjectId":"p0c5p18hrnqr4l3","trial_type":"external-html","trial_index":23,"time_elapsed":711542,"internal_node_id":"0.0-9.0-0.15"},{"rt":12487,"url":"../static/nodeGraphs.html","edge":"4to8","edgeRT":"11271","skip":"false","flipped":"False","index":"5","edgeClickLog":"[{\"edgeSelection\":\"4to8\",\"edgeRTMS\":11271}]","trial_id":"cong_5","congruency":"C","task":"experiment","subjectId":"p0c5p18hrnqr4l3","trial_type":"external-html","trial_index":24,"time_elapsed":724748,"internal_node_id":"0.0-9.0-0.16"},{"rt":11726,"url":"../static/nodeGraphs.html","edge":"2to6","edgeRT":"9331","skip":"false","flipped":"True","index":"17","edgeClickLog":"[{\"edgeSelection\":\"2to6\",\"edgeRTMS\":9331}]","trial_id":"cong_7_flipped","congruency":"C","task":"experiment","subjectId":"p0c5p18hrnqr4l3","trial_type":"external-html","trial_index":25,"time_elapsed":737184,"internal_node_id":"0.0-9.0-0.17"},{"rt":18248,"url":"../static/nodeGraphs.html","edge":"2to4","edgeRT":"16084","skip":"false","flipped":"False","index":"4","edgeClickLog":"[{\"edgeSelection\":\"2to4\",\"edgeRTMS\":16084}]","trial_id":"cong_4","congruency":"C","task":"experiment","subjectId":"p0c5p18hrnqr4l3","trial_type":"external-html","trial_index":26,"time_elapsed":756138,"internal_node_id":"0.0-9.0-0.18"},{"rt":27428,"url":"../static/nodeGraphs.html","edge":"5to7","edgeRT":"25901","skip":"false","flipped":"True","index":"13","edgeClickLog":"[{\"edgeSelection\":\"5to7\",\"edgeRTMS\":25901}]","trial_id":"cong_3_flipped","congruency":"C","task":"experiment","subjectId":"p0c5p18hrnqr4l3","trial_type":"external-html","trial_index":27,"time_elapsed":784272,"internal_node_id":"0.0-9.0-0.19"},{"rt":30004,"url":"../static/nodeGraphs.html","edge":"2to6","edgeRT":"20948","skip":"true","flipped":"False","index":"20","edgeClickLog":"[{\"edgeSelection\":\"2to6\",\"edgeRTMS\":20948}]","trial_id":"test_0","congruency":"I","task":"experiment","subjectId":"p0c5p18hrnqr4l3","trial_type":"external-html","trial_index":28,"time_elapsed":814981,"internal_node_id":"0.0-9.0-0.20"},{"rt":15059,"url":"../static/nodeGraphs.html","edge":"3to6","edgeRT":"12825","skip":"false","flipped":"False","index":"21","edgeClickLog":"[{\"edgeSelection\":\"3to6\",\"edgeRTMS\":12825}]","trial_id":"test_1","congruency":"I","task":"experiment","subjectId":"p0c5p18hrnqr4l3","trial_type":"external-html","trial_index":29,"time_elapsed":830761,"internal_node_id":"0.0-9.0-0.21"},{"rt":19519,"url":"../static/nodeGraphs.html","edge":"2to4","edgeRT":"18045","skip":"false","flipped":"False","index":"22","edgeClickLog":"[{\"edgeSelection\":\"2to4\",\"edgeRTMS\":18045}]","trial_id":"test_2","congruency":"I","task":"experiment","subjectId":"p0c5p18hrnqr4l3","trial_type":"external-html","trial_index":30,"time_elapsed":850986,"internal_node_id":"0.0-9.0-0.22"},{"rt":12274,"url":"../static/nodeGraphs.html","edge":"1to5","edgeRT":"10978","skip":"false","flipped":"False","index":"23","edgeClickLog":"[{\"edgeSelection\":\"1to5\",\"edgeRTMS\":10978}]","trial_id":"test_3","congruency":"I","task":"experiment","subjectId":"p0c5p18hrnqr4l3","trial_type":"external-html","trial_index":31,"time_elapsed":863965,"internal_node_id":"0.0-9.0-0.23"},{"rt":13664,"url":"../static/nodeGraphs.html","edge":"6to9","edgeRT":"12462","skip":"false","flipped":"False","index":"24","edgeClickLog":"[{\"edgeSelection\":\"6to9\",\"edgeRTMS\":12462}]","trial_id":"test_4","congruency":"I","task":"experiment","subjectId":"p0c5p18hrnqr4l3","trial_type":"external-html","trial_index":32,"time_elapsed":878336,"internal_node_id":"0.0-9.0-0.24"},{"rt":79939,"response":{"P0_Q0":null,"P0_Q1":6,"P0_Q2":7,"P0_Q3":6,"P0_Q4":7,"P0_Q5":1,"strategies":"I looked for the red 3 and checked to see which path would make the most points, then tried to find a line that would lead the student to go to that endpoint of where the three was.","feedback":"This was fun. :)"},"accuracy":[],"trial_type":"survey","trial_index":33,"time_elapsed":958820,"internal_node_id":"0.0-10.0"},{"rt":3679,"stimulus":"<p>Thanks for your time!</p>        <p>We need to manually calculate your bonus pay, please give us up to 7 days.</p><p>Press any key to conclude.</p>","response":"enter","task":"end","subjectId":"p0c5p18hrnqr4l3","trial_type":"html-keyboard-response","trial_index":34,"time_elapsed":962500,"internal_node_id":"0.0-11.0","interactions":"[{\"event\":\"fullscreenenter\",\"trial\":1,\"time\":5961},{\"event\":\"blur\",\"trial\":4,\"time\":238169},{\"event\":\"focus\",\"trial\":4,\"time\":238169},{\"event\":\"fullscreenexit\",\"trial\":4,\"time\":238174}]"}]