[{"success":true,"timeout":false,"failed_images":[],"failed_audio":[],"failed_video":[],"trial_type":"preload","trial_index":0,"time_elapsed":112,"internal_node_id":"0.0-0.0"},{"success":true,"trial_type":"fullscreen","trial_index":1,"time_elapsed":2944,"internal_node_id":"0.0-1.0"},{"rt":1899,"stimulus":"Welcome to the experiment. Press any key to begin.","response":"l","trial_type":"html-keyboard-response","trial_index":2,"time_elapsed":4843,"internal_node_id":"0.0-2.0"},{"view_history":[{"page_index":0,"viewing_time":4628},{"page_index":1,"viewing_time":3889},{"page_index":2,"viewing_time":14183},{"page_index":3,"viewing_time":1847},{"page_index":4,"viewing_time":1111},{"page_index":5,"viewing_time":1650},{"page_index":6,"viewing_time":2943},{"page_index":7,"viewing_time":6480},{"page_index":8,"viewing_time":10337},{"page_index":9,"viewing_time":8188},{"page_index":10,"viewing_time":1093},{"page_index":11,"viewing_time":685},{"page_index":12,"viewing_time":596},{"page_index":13,"viewing_time":1095},{"page_index":14,"viewing_time":1257},{"page_index":15,"viewing_time":4659},{"page_index":16,"viewing_time":1009},{"page_index":17,"viewing_time":436},{"page_index":18,"viewing_time":711},{"page_index":19,"viewing_time":4890},{"page_index":20,"viewing_time":22597},{"page_index":21,"viewing_time":3552}],"rt":97835,"trial_type":"instructions","trial_index":3,"time_elapsed":102680,"internal_node_id":"0.0-3.0"},{"rt":54028,"url":"../static/nodeGraphsTraining.html","skip":[],"edgeClickLog":[],"trial_type":"external-html","trial_index":4,"time_elapsed":156789,"internal_node_id":"0.0-4.0"},{"rt":41816,"response":{"q1":"The goal is to help the student to get the most points","q2":"False","q3":"Possible paths you, as the teacher, can choose to teach the learner.","q4":"Paths that the student took before."},"question_order":[0,1,2,3],"trial_type":"survey-multi-choice","trial_index":5,"time_elapsed":198607,"internal_node_id":"0.0-5.0"},{"rt":13033,"stimulus":"<p>You can take a 60 second break before starting the experiment.</p><br><br><p>This page will advance in 60 seconds or you can press any key to advance now.</p>","response":"l","trial_type":"html-keyboard-response","trial_index":6,"time_elapsed":211641,"internal_node_id":"0.0-7.0"},{"view_history":[{"page_index":0,"viewing_time":16563}],"rt":16564,"trial_type":"instructions","trial_index":7,"time_elapsed":228206,"internal_node_id":"0.0-8.0"},{"rt":15231,"url":"../static/nodeGraphs.html","edge":"0to3","edgeRT":"11532","skip":"false","flipped":"False","index":"2","edgeClickLog":"[{\"edgeSelection\":\"0to3\",\"edgeRTMS\":11532}]","trial_id":"cong_2","congruency":"C","task":"experiment","subjectId":"zpb0v66oavha1pn","trial_type":"external-html","trial_index":8,"time_elapsed":243511,"internal_node_id":"0.0-9.0-0.0"},{"rt":8981,"url":"../static/nodeGraphs.html","edge":"2to5","edgeRT":"7705","skip":"false","flipped":"True","index":"16","edgeClickLog":"[{\"edgeSelection\":\"2to5\",\"edgeRTMS\":7705}]","trial_id":"cong_6_flipped","congruency":"C","task":"experiment","subjectId":"zpb0v66oavha1pn","trial_type":"external-html","trial_index":9,"time_elapsed":253061,"internal_node_id":"0.0-9.0-0.1"},{"rt":18743,"url":"../static/nodeGraphs.html","edge":"3to6","edgeRT":"15311","skip":"false","flipped":"True","index":"15","edgeClickLog":"[{\"edgeSelection\":\"0to3\",\"edgeRTMS\":5884},{\"edgeSelection\":\"3to6\",\"edgeRTMS\":9096},{\"edgeSelection\":\"0to3\",\"edgeRTMS\":13249},{\"edgeSelection\":\"3to6\",\"edgeRTMS\":15311}]","trial_id":"cong_5_flipped","congruency":"C","task":"experiment","subjectId":"zpb0v66oavha1pn","trial_type":"external-html","trial_index":10,"time_elapsed":272380,"internal_node_id":"0.0-9.0-0.2"},{"rt":20486,"url":"../static/nodeGraphs.html","edge":"2to4","edgeRT":"11599","skip":"false","flipped":"False","index":"7","edgeClickLog":"[{\"edgeSelection\":\"2to4\",\"edgeRTMS\":11599}]","trial_id":"cong_7","congruency":"C","task":"experiment","subjectId":"zpb0v66oavha1pn","trial_type":"external-html","trial_index":11,"time_elapsed":293444,"internal_node_id":"0.0-9.0-0.3"},{"rt":7720,"url":"../static/nodeGraphs.html","edge":"3to6","edgeRT":"3389","skip":"false","flipped":"True","index":"10","edgeClickLog":"[{\"edgeSelection\":\"3to6\",\"edgeRTMS\":3389}]","trial_id":"cong_0_flipped","congruency":"C","task":"experiment","subjectId":"zpb0v66oavha1pn","trial_type":"external-html","trial_index":12,"time_elapsed":301739,"internal_node_id":"0.0-9.0-0.4"},{"rt":9435,"url":"../static/nodeGraphs.html","edge":"2to5","edgeRT":"4403","skip":"false","flipped":"False","index":"9","edgeClickLog":"[{\"edgeSelection\":\"2to5\",\"edgeRTMS\":4403}]","trial_id":"cong_9","congruency":"C","task":"experiment","subjectId":"zpb0v66oavha1pn","trial_type":"external-html","trial_index":13,"time_elapsed":311744,"internal_node_id":"0.0-9.0-0.5"},{"rt":8716,"url":"../static/nodeGraphs.html","edge":"5to7","edgeRT":"5356","skip":"false","flipped":"True","index":"13","edgeClickLog":"[{\"edgeSelection\":\"5to7\",\"edgeRTMS\":5356}]","trial_id":"cong_3_flipped","congruency":"C","task":"experiment","subjectId":"zpb0v66oavha1pn","trial_type":"external-html","trial_index":14,"time_elapsed":321032,"internal_node_id":"0.0-9.0-0.6"},{"rt":17806,"url":"../static/nodeGraphs.html","edge":"6to9","edgeRT":"15689","skip":"false","flipped":"True","index":"18","edgeClickLog":"[{\"edgeSelection\":\"6to9\",\"edgeRTMS\":15689}]","trial_id":"cong_8_flipped","congruency":"C","task":"experiment","subjectId":"zpb0v66oavha1pn","trial_type":"external-html","trial_index":15,"time_elapsed":339408,"internal_node_id":"0.0-9.0-0.7"},{"rt":10449,"url":"../static/nodeGraphs.html","edge":"5to7","edgeRT":"6274","skip":"false","flipped":"True","index":"12","edgeClickLog":"[{\"edgeSelection\":\"5to7\",\"edgeRTMS\":6274}]","trial_id":"cong_2_flipped","congruency":"C","task":"experiment","subjectId":"zpb0v66oavha1pn","trial_type":"external-html","trial_index":16,"time_elapsed":350428,"internal_node_id":"0.0-9.0-0.8"},{"rt":8729,"url":"../static/nodeGraphs.html","edge":"2to4","edgeRT":"2822","skip":"false","flipped":"False","index":"4","edgeClickLog":"[{\"edgeSelection\":\"2to4\",\"edgeRTMS\":2822}]","trial_id":"cong_4","congruency":"C","task":"experiment","subjectId":"zpb0v66oavha1pn","trial_type":"external-html","trial_index":17,"time_elapsed":359728,"internal_node_id":"0.0-9.0-0.9"},{"rt":14810,"url":"../static/nodeGraphs.html","edge":"2to6","edgeRT":"10588","skip":"false","flipped":"True","index":"17","edgeClickLog":"[{\"edgeSelection\":\"2to6\",\"edgeRTMS\":10588}]","trial_id":"cong_7_flipped","congruency":"C","task":"experiment","subjectId":"zpb0v66oavha1pn","trial_type":"external-html","trial_index":18,"time_elapsed":375130,"internal_node_id":"0.0-9.0-0.10"},{"rt":6779,"url":"../static/nodeGraphs.html","edge":"2to5","edgeRT":"2731","skip":"false","flipped":"False","index":"6","edgeClickLog":"[{\"edgeSelection\":\"2to5\",\"edgeRTMS\":2731}]","trial_id":"cong_6","congruency":"C","task":"experiment","subjectId":"zpb0v66oavha1pn","trial_type":"external-html","trial_index":19,"time_elapsed":382481,"internal_node_id":"0.0-9.0-0.11"},{"rt":4178,"url":"../static/nodeGraphs.html","edge":"2to5","edgeRT":"1530","skip":"false","flipped":"True","index":"19","edgeClickLog":"[{\"edgeSelection\":\"2to5\",\"edgeRTMS\":1530}]","trial_id":"cong_9_flipped","congruency":"C","task":"experiment","subjectId":"zpb0v66oavha1pn","trial_type":"external-html","trial_index":20,"time_elapsed":387232,"internal_node_id":"0.0-9.0-0.12"},{"rt":4627,"url":"../static/nodeGraphs.html","edge":"2to4","edgeRT":"1490","skip":"false","flipped":"True","index":"11","edgeClickLog":"[{\"edgeSelection\":\"2to4\",\"edgeRTMS\":1490}]","trial_id":"cong_1_flipped","congruency":"C","task":"experiment","subjectId":"zpb0v66oavha1pn","trial_type":"external-html","trial_index":21,"time_elapsed":392439,"internal_node_id":"0.0-9.0-0.13"},{"rt":24804,"url":"../static/nodeGraphs.html","edge":"4to7","edgeRT":"24047","skip":"false","flipped":"False","index":"8","edgeClickLog":"[{\"edgeSelection\":\"1to4\",\"edgeRTMS\":6848},{\"edgeSelection\":\"4to7\",\"edgeRTMS\":13756},{\"edgeSelection\":\"1to4\",\"edgeRTMS\":23008},{\"edgeSelection\":\"4to7\",\"edgeRTMS\":24047}]","trial_id":"cong_8","congruency":"C","task":"experiment","subjectId":"zpb0v66oavha1pn","trial_type":"external-html","trial_index":22,"time_elapsed":417819,"internal_node_id":"0.0-9.0-0.14"},{"rt":7205,"url":"../static/nodeGraphs.html","edge":"1to4","edgeRT":"4264","skip":"false","flipped":"False","index":"5","edgeClickLog":"[{\"edgeSelection\":\"1to4\",\"edgeRTMS\":4264}]","trial_id":"cong_5","congruency":"C","task":"experiment","subjectId":"zpb0v66oavha1pn","trial_type":"external-html","trial_index":23,"time_elapsed":425597,"internal_node_id":"0.0-9.0-0.15"},{"rt":6540,"url":"../static/nodeGraphs.html","edge":"2to6","edgeRT":"2343","skip":"false","flipped":"False","index":"1","edgeClickLog":"[{\"edgeSelection\":\"2to6\",\"edgeRTMS\":2343}]","trial_id":"cong_1","congruency":"C","task":"experiment","subjectId":"zpb0v66oavha1pn","trial_type":"external-html","trial_index":24,"time_elapsed":432711,"internal_node_id":"0.0-9.0-0.16"},{"rt":6048,"url":"../static/nodeGraphs.html","edge":"3to5","edgeRT":"3190","skip":"false","flipped":"False","index":"3","edgeClickLog":"[{\"edgeSelection\":\"3to5\",\"edgeRTMS\":3190}]","trial_id":"cong_3","congruency":"C","task":"experiment","subjectId":"zpb0v66oavha1pn","trial_type":"external-html","trial_index":25,"time_elapsed":439332,"internal_node_id":"0.0-9.0-0.17"},{"rt":6431,"url":"../static/nodeGraphs.html","edge":"2to6","edgeRT":"4878","skip":"false","flipped":"True","index":"14","edgeClickLog":"[{\"edgeSelection\":\"2to6\",\"edgeRTMS\":1627},{\"edgeSelection\":\"2to6\",\"edgeRTMS\":2416},{\"edgeSelection\":\"2to6\",\"edgeRTMS\":2716},{\"edgeSelection\":\"6to8\",\"edgeRTMS\":4026},{\"edgeSelection\":\"2to6\",\"edgeRTMS\":4878}]","trial_id":"cong_4_flipped","congruency":"C","task":"experiment","subjectId":"zpb0v66oavha1pn","trial_type":"external-html","trial_index":26,"time_elapsed":446337,"internal_node_id":"0.0-9.0-0.18"},{"rt":2391,"url":"../static/nodeGraphs.html","edge":"1to4","edgeRT":"1169","skip":"false","flipped":"False","index":"0","edgeClickLog":"[{\"edgeSelection\":\"1to4\",\"edgeRTMS\":1169}]","trial_id":"cong_0","congruency":"C","task":"experiment","subjectId":"zpb0v66oavha1pn","trial_type":"external-html","trial_index":27,"time_elapsed":449304,"internal_node_id":"0.0-9.0-0.19"},{"rt":26428,"url":"../static/nodeGraphs.html","edge":"6to8","edgeRT":"23223","skip":"false","flipped":"False","index":"20","edgeClickLog":"[{\"edgeSelection\":\"6to8\",\"edgeRTMS\":1937},{\"edgeSelection\":\"1to5\",\"edgeRTMS\":10091},{\"edgeSelection\":\"1to5\",\"edgeRTMS\":13260},{\"edgeSelection\":\"6to8\",\"edgeRTMS\":22648},{\"edgeSelection\":\"6to8\",\"edgeRTMS\":23223}]","trial_id":"test_0","congruency":"I","task":"experiment","subjectId":"zpb0v66oavha1pn","trial_type":"external-html","trial_index":28,"time_elapsed":476305,"internal_node_id":"0.0-9.0-0.20"},{"rt":19297,"url":"../static/nodeGraphs.html","edge":"0to3","edgeRT":"13568","skip":"false","flipped":"False","index":"21","edgeClickLog":"[{\"edgeSelection\":\"0to3\",\"edgeRTMS\":6135},{\"edgeSelection\":\"3to6\",\"edgeRTMS\":11757},{\"edgeSelection\":\"0to3\",\"edgeRTMS\":13568}]","trial_id":"test_1","congruency":"I","task":"experiment","subjectId":"zpb0v66oavha1pn","trial_type":"external-html","trial_index":29,"time_elapsed":496176,"internal_node_id":"0.0-9.0-0.21"},{"rt":6036,"url":"../static/nodeGraphs.html","edge":"3to6","edgeRT":"1989","skip":"false","flipped":"False","index":"22","edgeClickLog":"[{\"edgeSelection\":\"3to6\",\"edgeRTMS\":1989}]","trial_id":"test_2","congruency":"I","task":"experiment","subjectId":"zpb0v66oavha1pn","trial_type":"external-html","trial_index":30,"time_elapsed":502783,"internal_node_id":"0.0-9.0-0.22"},{"rt":21481,"url":"../static/nodeGraphs.html","edge":"0to1","edgeRT":"20549","skip":"false","flipped":"False","index":"23","edgeClickLog":"[{\"edgeSelection\":\"0to1\",\"edgeRTMS\":1972},{\"edgeSelection\":\"1to5\",\"edgeRTMS\":3181},{\"edgeSelection\":\"0to1\",\"edgeRTMS\":5017},{\"edgeSelection\":\"1to5\",\"edgeRTMS\":13184},{\"edgeSelection\":\"0to1\",\"edgeRTMS\":20549}]","trial_id":"test_3","congruency":"I","task":"experiment","subjectId":"zpb0v66oavha1pn","trial_type":"external-html","trial_index":31,"time_elapsed":524847,"internal_node_id":"0.0-9.0-0.23"},{"rt":18267,"url":"../static/nodeGraphs.html","edge":"5to9","edgeRT":"16806","skip":"false","flipped":"False","index":"24","edgeClickLog":"[{\"edgeSelection\":\"4to7\",\"edgeRTMS\":4124},{\"edgeSelection\":\"4to7\",\"edgeRTMS\":4477},{\"edgeSelection\":\"1to5\",\"edgeRTMS\":8744},{\"edgeSelection\":\"6to8\",\"edgeRTMS\":9778},{\"edgeSelection\":\"6to9\",\"edgeRTMS\":10420},{\"edgeSelection\":\"1to5\",\"edgeRTMS\":15293},{\"edgeSelection\":\"1to5\",\"edgeRTMS\":15607},{\"edgeSelection\":\"5to9\",\"edgeRTMS\":16806}]","trial_id":"test_4","congruency":"I","task":"experiment","subjectId":"zpb0v66oavha1pn","trial_type":"external-html","trial_index":32,"time_elapsed":543695,"internal_node_id":"0.0-9.0-0.24"},{"rt":285865,"response":{"P0_Q0":null,"P0_Q1":3,"P0_Q2":6,"P0_Q3":5,"P0_Q4":5,"P0_Q5":5,"strategies":"i tried to choose the path that would get the most points, especially the paths leading to the red 3+ points","feedback":"N/A"},"accuracy":[],"trial_type":"survey","trial_index":33,"time_elapsed":830097,"internal_node_id":"0.0-10.0"},{"rt":5265,"stimulus":"<p>Thanks for your time!</p>        <p>We need to manually calculate your bonus pay, please give us up to 7 days.</p><p>Press any key to conclude.</p>","response":"l","task":"end","subjectId":"zpb0v66oavha1pn","trial_type":"html-keyboard-response","trial_index":34,"time_elapsed":835363,"internal_node_id":"0.0-11.0","interactions":"[{\"event\":\"fullscreenenter\",\"trial\":1,\"time\":1950}]"}]