[{"success":true,"timeout":false,"failed_images":[],"failed_audio":[],"failed_video":[],"trial_type":"preload","trial_index":0,"time_elapsed":528,"internal_node_id":"0.0-0.0"},{"success":true,"trial_type":"fullscreen","trial_index":1,"time_elapsed":3003,"internal_node_id":"0.0-1.0"},{"rt":2998,"stimulus":"Welcome to the experiment. Press any key to begin.","response":" ","trial_type":"html-keyboard-response","trial_index":2,"time_elapsed":6003,"internal_node_id":"0.0-2.0"},{"view_history":[{"page_index":0,"viewing_time":4296},{"page_index":1,"viewing_time":6064},{"page_index":2,"viewing_time":34601},{"page_index":3,"viewing_time":5080},{"page_index":4,"viewing_time":1639},{"page_index":5,"viewing_time":1184},{"page_index":6,"viewing_time":2016},{"page_index":7,"viewing_time":7824},{"page_index":8,"viewing_time":21968},{"page_index":9,"viewing_time":10024},{"page_index":10,"viewing_time":2360},{"page_index":11,"viewing_time":576},{"page_index":12,"viewing_time":2472},{"page_index":13,"viewing_time":2266},{"page_index":14,"viewing_time":2254},{"page_index":15,"viewing_time":4512},{"page_index":16,"viewing_time":2880},{"page_index":17,"viewing_time":1776},{"page_index":18,"viewing_time":536},{"page_index":19,"viewing_time":4128},{"page_index":20,"viewing_time":7880},{"page_index":21,"viewing_time":5352}],"rt":131688,"trial_type":"instructions","trial_index":3,"time_elapsed":137691,"internal_node_id":"0.0-3.0"},{"rt":87929,"url":"../static/nodeGraphsTraining.html","skip":[],"edgeClickLog":[],"trial_type":"external-html","trial_index":4,"time_elapsed":225813,"internal_node_id":"0.0-4.0"},{"rt":39025,"response":{"q1":"The goal is to help the student to get the most points","q2":"False","q3":"Possible paths you, as the teacher, can choose to teach the learner.","q4":"Paths that the student took before."},"question_order":[0,1,2,3],"trial_type":"survey-multi-choice","trial_index":5,"time_elapsed":264840,"internal_node_id":"0.0-5.0"},{"rt":5104,"stimulus":"<p>You can take a 60 second break before starting the experiment.</p><br><br><p>This page will advance in 60 seconds or you can press any key to advance now.</p>","response":" ","trial_type":"html-keyboard-response","trial_index":6,"time_elapsed":269946,"internal_node_id":"0.0-7.0"},{"view_history":[{"page_index":0,"viewing_time":23467}],"rt":23467,"trial_type":"instructions","trial_index":7,"time_elapsed":293413,"internal_node_id":"0.0-8.0"},{"rt":23691,"url":"../static/nodeGraphs.html","edge":"1to4","edgeRT":"17484","skip":"false","flipped":"True","index":"15","edgeClickLog":"[{\"edgeSelection\":\"1to4\",\"edgeRTMS\":17484}]","trial_id":"incong_5_flipped","congruency":"I","task":"experiment","subjectId":"ol3x8xjkwkm2pwh","trial_type":"external-html","trial_index":8,"time_elapsed":317384,"internal_node_id":"0.0-9.0-0.0"},{"rt":16954,"url":"../static/nodeGraphs.html","edge":"0to1","edgeRT":"15516","skip":"false","flipped":"False","index":"2","edgeClickLog":"[{\"edgeSelection\":\"0to1\",\"edgeRTMS\":15516}]","trial_id":"incong_2","congruency":"I","task":"experiment","subjectId":"ol3x8xjkwkm2pwh","trial_type":"external-html","trial_index":9,"time_elapsed":335024,"internal_node_id":"0.0-9.0-0.1"},{"rt":8253,"url":"../static/nodeGraphs.html","edge":"0to1","edgeRT":"5267","skip":"false","flipped":"False","index":"6","edgeClickLog":"[{\"edgeSelection\":\"0to1\",\"edgeRTMS\":5267}]","trial_id":"incong_6","congruency":"I","task":"experiment","subjectId":"ol3x8xjkwkm2pwh","trial_type":"external-html","trial_index":10,"time_elapsed":343981,"internal_node_id":"0.0-9.0-0.2"},{"rt":15021,"url":"../static/nodeGraphs.html","edge":"2to6","edgeRT":"14006","skip":"false","flipped":"True","index":"11","edgeClickLog":"[{\"edgeSelection\":\"2to6\",\"edgeRTMS\":14006}]","trial_id":"incong_1_flipped","congruency":"I","task":"experiment","subjectId":"ol3x8xjkwkm2pwh","trial_type":"external-html","trial_index":11,"time_elapsed":359698,"internal_node_id":"0.0-9.0-0.3"},{"rt":8424,"url":"../static/nodeGraphs.html","edge":"0to2","edgeRT":"5614","skip":"false","flipped":"False","index":"3","edgeClickLog":"[{\"edgeSelection\":\"0to2\",\"edgeRTMS\":5614}]","trial_id":"incong_3","congruency":"I","task":"experiment","subjectId":"ol3x8xjkwkm2pwh","trial_type":"external-html","trial_index":12,"time_elapsed":368820,"internal_node_id":"0.0-9.0-0.4"},{"rt":5528,"url":"../static/nodeGraphs.html","edge":"0to1","edgeRT":"3468","skip":"false","flipped":"False","index":"8","edgeClickLog":"[{\"edgeSelection\":\"0to1\",\"edgeRTMS\":3468}]","trial_id":"incong_8","congruency":"I","task":"experiment","subjectId":"ol3x8xjkwkm2pwh","trial_type":"external-html","trial_index":13,"time_elapsed":375031,"internal_node_id":"0.0-9.0-0.5"},{"rt":11289,"url":"../static/nodeGraphs.html","edge":"0to2","edgeRT":"4879","skip":"false","flipped":"False","index":"7","edgeClickLog":"[{\"edgeSelection\":\"0to2\",\"edgeRTMS\":4879}]","trial_id":"incong_7","congruency":"I","task":"experiment","subjectId":"ol3x8xjkwkm2pwh","trial_type":"external-html","trial_index":14,"time_elapsed":387005,"internal_node_id":"0.0-9.0-0.6"},{"rt":8293,"url":"../static/nodeGraphs.html","edge":"0to3","edgeRT":"6974","skip":"false","flipped":"True","index":"10","edgeClickLog":"[{\"edgeSelection\":\"0to3\",\"edgeRTMS\":6974}]","trial_id":"incong_0_flipped","congruency":"I","task":"experiment","subjectId":"ol3x8xjkwkm2pwh","trial_type":"external-html","trial_index":15,"time_elapsed":395993,"internal_node_id":"0.0-9.0-0.7"},{"rt":13501,"url":"../static/nodeGraphs.html","edge":"0to2","edgeRT":"10853","skip":"false","flipped":"True","index":"17","edgeClickLog":"[{\"edgeSelection\":\"5to8\",\"edgeRTMS\":8654},{\"edgeSelection\":\"5to8\",\"edgeRTMS\":9888},{\"edgeSelection\":\"0to2\",\"edgeRTMS\":10853}]","trial_id":"incong_7_flipped","congruency":"I","task":"experiment","subjectId":"ol3x8xjkwkm2pwh","trial_type":"external-html","trial_index":16,"time_elapsed":410192,"internal_node_id":"0.0-9.0-0.8"},{"rt":6520,"url":"../static/nodeGraphs.html","edge":"0to2","edgeRT":"3929","skip":"false","flipped":"True","index":"13","edgeClickLog":"[{\"edgeSelection\":\"0to2\",\"edgeRTMS\":2536},{\"edgeSelection\":\"0to2\",\"edgeRTMS\":3929}]","trial_id":"incong_3_flipped","congruency":"I","task":"experiment","subjectId":"ol3x8xjkwkm2pwh","trial_type":"external-html","trial_index":17,"time_elapsed":417397,"internal_node_id":"0.0-9.0-0.9"},{"rt":14692,"url":"../static/nodeGraphs.html","edge":"0to3","edgeRT":"4778","skip":"false","flipped":"False","index":"4","edgeClickLog":"[{\"edgeSelection\":\"0to3\",\"edgeRTMS\":4778}]","trial_id":"incong_4","congruency":"I","task":"experiment","subjectId":"ol3x8xjkwkm2pwh","trial_type":"external-html","trial_index":18,"time_elapsed":432813,"internal_node_id":"0.0-9.0-0.10"},{"rt":15477,"url":"../static/nodeGraphs.html","edge":"6to9","edgeRT":"14112","skip":"false","flipped":"False","index":"1","edgeClickLog":"[{\"edgeSelection\":\"6to9\",\"edgeRTMS\":14112}]","trial_id":"incong_1","congruency":"I","task":"experiment","subjectId":"ol3x8xjkwkm2pwh","trial_type":"external-html","trial_index":19,"time_elapsed":448974,"internal_node_id":"0.0-9.0-0.11"},{"rt":7494,"url":"../static/nodeGraphs.html","edge":"0to3","edgeRT":"4546","skip":"false","flipped":"True","index":"18","edgeClickLog":"[{\"edgeSelection\":\"0to3\",\"edgeRTMS\":4546}]","trial_id":"incong_8_flipped","congruency":"I","task":"experiment","subjectId":"ol3x8xjkwkm2pwh","trial_type":"external-html","trial_index":20,"time_elapsed":457161,"internal_node_id":"0.0-9.0-0.12"},{"rt":10037,"url":"../static/nodeGraphs.html","edge":"0to2","edgeRT":"8186","skip":"false","flipped":"False","index":"5","edgeClickLog":"[{\"edgeSelection\":\"0to2\",\"edgeRTMS\":8186}]","trial_id":"incong_5","congruency":"I","task":"experiment","subjectId":"ol3x8xjkwkm2pwh","trial_type":"external-html","trial_index":21,"time_elapsed":467889,"internal_node_id":"0.0-9.0-0.13"},{"rt":14534,"url":"../static/nodeGraphs.html","edge":"0to2","edgeRT":"13039","skip":"false","flipped":"True","index":"12","edgeClickLog":"[{\"edgeSelection\":\"0to2\",\"edgeRTMS\":13039}]","trial_id":"incong_2_flipped","congruency":"I","task":"experiment","subjectId":"ol3x8xjkwkm2pwh","trial_type":"external-html","trial_index":22,"time_elapsed":483118,"internal_node_id":"0.0-9.0-0.14"},{"rt":8360,"url":"../static/nodeGraphs.html","edge":"0to2","edgeRT":"5047","skip":"false","flipped":"True","index":"16","edgeClickLog":"[{\"edgeSelection\":\"0to2\",\"edgeRTMS\":5047}]","trial_id":"incong_6_flipped","congruency":"I","task":"experiment","subjectId":"ol3x8xjkwkm2pwh","trial_type":"external-html","trial_index":23,"time_elapsed":492178,"internal_node_id":"0.0-9.0-0.15"},{"rt":12395,"url":"../static/nodeGraphs.html","edge":"3to5","edgeRT":"9259","skip":"false","flipped":"True","index":"19","edgeClickLog":"[{\"edgeSelection\":\"3to5\",\"edgeRTMS\":9259}]","trial_id":"incong_9_flipped","congruency":"I","task":"experiment","subjectId":"ol3x8xjkwkm2pwh","trial_type":"external-html","trial_index":24,"time_elapsed":505471,"internal_node_id":"0.0-9.0-0.16"},{"rt":11831,"url":"../static/nodeGraphs.html","edge":"0to2","edgeRT":"10660","skip":"false","flipped":"False","index":"0","edgeClickLog":"[{\"edgeSelection\":\"0to2\",\"edgeRTMS\":10660}]","trial_id":"incong_0","congruency":"I","task":"experiment","subjectId":"ol3x8xjkwkm2pwh","trial_type":"external-html","trial_index":25,"time_elapsed":517998,"internal_node_id":"0.0-9.0-0.17"},{"rt":7869,"url":"../static/nodeGraphs.html","edge":"1to5","edgeRT":"5755","skip":"false","flipped":"False","index":"9","edgeClickLog":"[{\"edgeSelection\":\"1to5\",\"edgeRTMS\":5755}]","trial_id":"incong_9","congruency":"I","task":"experiment","subjectId":"ol3x8xjkwkm2pwh","trial_type":"external-html","trial_index":26,"time_elapsed":526563,"internal_node_id":"0.0-9.0-0.18"},{"rt":13859,"url":"../static/nodeGraphs.html","edge":"2to5","edgeRT":"12602","skip":"false","flipped":"True","index":"14","edgeClickLog":"[{\"edgeSelection\":\"2to5\",\"edgeRTMS\":12602}]","trial_id":"incong_4_flipped","congruency":"I","task":"experiment","subjectId":"ol3x8xjkwkm2pwh","trial_type":"external-html","trial_index":27,"time_elapsed":541113,"internal_node_id":"0.0-9.0-0.19"},{"rt":15758,"url":"../static/nodeGraphs.html","edge":"0to2","edgeRT":"13676","skip":"false","flipped":"False","index":"20","edgeClickLog":"[{\"edgeSelection\":\"0to2\",\"edgeRTMS\":13676}]","trial_id":"test_0","congruency":"I","task":"experiment","subjectId":"ol3x8xjkwkm2pwh","trial_type":"external-html","trial_index":28,"time_elapsed":557563,"internal_node_id":"0.0-9.0-0.20"},{"rt":13426,"url":"../static/nodeGraphs.html","edge":"0to3","edgeRT":"11645","skip":"false","flipped":"False","index":"21","edgeClickLog":"[{\"edgeSelection\":\"0to3\",\"edgeRTMS\":11645}]","trial_id":"test_1","congruency":"I","task":"experiment","subjectId":"ol3x8xjkwkm2pwh","trial_type":"external-html","trial_index":29,"time_elapsed":571691,"internal_node_id":"0.0-9.0-0.21"},{"rt":15454,"url":"../static/nodeGraphs.html","edge":"6to8","edgeRT":"14209","skip":"false","flipped":"False","index":"22","edgeClickLog":"[{\"edgeSelection\":\"6to8\",\"edgeRTMS\":14209}]","trial_id":"test_2","congruency":"I","task":"experiment","subjectId":"ol3x8xjkwkm2pwh","trial_type":"external-html","trial_index":30,"time_elapsed":587822,"internal_node_id":"0.0-9.0-0.22"},{"rt":16328,"url":"../static/nodeGraphs.html","edge":"5to9","edgeRT":"15464","skip":"false","flipped":"False","index":"23","edgeClickLog":"[{\"edgeSelection\":\"5to9\",\"edgeRTMS\":15464}]","trial_id":"test_3","congruency":"I","task":"experiment","subjectId":"ol3x8xjkwkm2pwh","trial_type":"external-html","trial_index":31,"time_elapsed":604843,"internal_node_id":"0.0-9.0-0.23"},{"rt":9172,"url":"../static/nodeGraphs.html","edge":"1to5","edgeRT":"7882","skip":"false","flipped":"False","index":"24","edgeClickLog":"[{\"edgeSelection\":\"1to5\",\"edgeRTMS\":7882}]","trial_id":"test_4","congruency":"I","task":"experiment","subjectId":"ol3x8xjkwkm2pwh","trial_type":"external-html","trial_index":32,"time_elapsed":614695,"internal_node_id":"0.0-9.0-0.24"},{"rt":90992,"response":{"P0_Q0":null,"P0_Q1":6,"P0_Q2":7,"P0_Q3":5,"P0_Q4":6,"P0_Q5":1,"strategies":"I tried to go for paths that the point difference would be greater than 1, or where it would open up new paths potentially.","feedback":""},"accuracy":[],"trial_type":"survey","trial_index":33,"time_elapsed":706237,"internal_node_id":"0.0-10.0"},{"rt":5164,"stimulus":"<p>Thanks for your time!</p>        <p>We need to manually calculate your bonus pay, please give us up to 7 days.</p><p>Press any key to conclude.</p>","response":"d","task":"end","subjectId":"ol3x8xjkwkm2pwh","trial_type":"html-keyboard-response","trial_index":34,"time_elapsed":711402,"internal_node_id":"0.0-11.0","interactions":"[{\"event\":\"fullscreenenter\",\"trial\":1,\"time\":2014},{\"event\":\"blur\",\"trial\":9,\"time\":332448},{\"event\":\"focus\",\"trial\":9,\"time\":332449},{\"event\":\"fullscreenexit\",\"trial\":9,\"time\":332453},{\"event\":\"blur\",\"trial\":22,\"time\":480687},{\"event\":\"focus\",\"trial\":22,\"time\":480688},{\"event\":\"blur\",\"trial\":31,\"time\":602992},{\"event\":\"focus\",\"trial\":31,\"time\":602993}]"}]