[{"success":true,"timeout":false,"failed_images":[],"failed_audio":[],"failed_video":[],"trial_type":"preload","trial_index":0,"time_elapsed":836,"internal_node_id":"0.0-0.0"},{"success":true,"trial_type":"fullscreen","trial_index":1,"time_elapsed":7131,"internal_node_id":"0.0-1.0"},{"rt":3597,"stimulus":"Welcome to the experiment. Press any key to begin.","response":"enter","trial_type":"html-keyboard-response","trial_index":2,"time_elapsed":10731,"internal_node_id":"0.0-2.0"},{"view_history":[{"page_index":0,"viewing_time":3628},{"page_index":1,"viewing_time":8240},{"page_index":2,"viewing_time":29924},{"page_index":3,"viewing_time":5856},{"page_index":4,"viewing_time":2508},{"page_index":5,"viewing_time":2264},{"page_index":6,"viewing_time":4222},{"page_index":7,"viewing_time":12478},{"page_index":8,"viewing_time":25484},{"page_index":9,"viewing_time":8531},{"page_index":10,"viewing_time":2104},{"page_index":11,"viewing_time":1286},{"page_index":12,"viewing_time":814},{"page_index":13,"viewing_time":2958},{"page_index":14,"viewing_time":3164},{"page_index":15,"viewing_time":5696},{"page_index":16,"viewing_time":1870},{"page_index":17,"viewing_time":1714},{"page_index":18,"viewing_time":1482},{"page_index":19,"viewing_time":10080},{"page_index":20,"viewing_time":3905},{"page_index":21,"viewing_time":5113}],"rt":143322,"trial_type":"instructions","trial_index":3,"time_elapsed":154055,"internal_node_id":"0.0-3.0"},{"rt":88560,"url":"../static/nodeGraphsTraining.html","skip":[],"edgeClickLog":[],"trial_type":"external-html","trial_index":4,"time_elapsed":242792,"internal_node_id":"0.0-4.0"},{"rt":24086,"response":{"q1":"The goal is to help the student to get the most points","q2":"False","q3":"Possible paths you, as the teacher, can choose to teach the learner.","q4":"Paths that the student took before."},"question_order":[0,1,2,3],"trial_type":"survey-multi-choice","trial_index":5,"time_elapsed":266887,"internal_node_id":"0.0-5.0"},{"rt":14745,"stimulus":"<p>You can take a 60 second break before starting the experiment.</p><br><br><p>This page will advance in 60 seconds or you can press any key to advance now.</p>","response":"enter","trial_type":"html-keyboard-response","trial_index":6,"time_elapsed":281639,"internal_node_id":"0.0-7.0"},{"view_history":[{"page_index":0,"viewing_time":15237}],"rt":15238,"trial_type":"instructions","trial_index":7,"time_elapsed":296879,"internal_node_id":"0.0-8.0"},{"rt":14881,"url":"../static/nodeGraphs.html","edge":"0to1","edgeRT":"11471","skip":"false","flipped":"False","index":"0","edgeClickLog":"[{\"edgeSelection\":\"0to1\",\"edgeRTMS\":11471}]","trial_id":"incong_0","congruency":"I","task":"experiment","subjectId":"zolmmy5muun0pqq","trial_type":"external-html","trial_index":8,"time_elapsed":311931,"internal_node_id":"0.0-9.0-0.0"},{"rt":12829,"url":"../static/nodeGraphs.html","edge":"0to2","edgeRT":"10551","skip":"false","flipped":"True","index":"19","edgeClickLog":"[{\"edgeSelection\":\"0to2\",\"edgeRTMS\":10551}]","trial_id":"incong_9_flipped","congruency":"I","task":"experiment","subjectId":"zolmmy5muun0pqq","trial_type":"external-html","trial_index":9,"time_elapsed":325440,"internal_node_id":"0.0-9.0-0.1"},{"rt":15771,"url":"../static/nodeGraphs.html","edge":"0to2","edgeRT":"12546","skip":"false","flipped":"False","index":"7","edgeClickLog":"[{\"edgeSelection\":\"0to2\",\"edgeRTMS\":12546}]","trial_id":"incong_7","congruency":"I","task":"experiment","subjectId":"zolmmy5muun0pqq","trial_type":"external-html","trial_index":10,"time_elapsed":341884,"internal_node_id":"0.0-9.0-0.2"},{"rt":10070,"url":"../static/nodeGraphs.html","edge":"0to3","edgeRT":"8291","skip":"false","flipped":"False","index":"4","edgeClickLog":"[{\"edgeSelection\":\"0to3\",\"edgeRTMS\":8291}]","trial_id":"incong_4","congruency":"I","task":"experiment","subjectId":"zolmmy5muun0pqq","trial_type":"external-html","trial_index":11,"time_elapsed":352630,"internal_node_id":"0.0-9.0-0.3"},{"rt":12438,"url":"../static/nodeGraphs.html","edge":"1to5","edgeRT":"7666","skip":"false","flipped":"False","index":"9","edgeClickLog":"[{\"edgeSelection\":\"1to5\",\"edgeRTMS\":7666}]","trial_id":"incong_9","congruency":"I","task":"experiment","subjectId":"zolmmy5muun0pqq","trial_type":"external-html","trial_index":12,"time_elapsed":365738,"internal_node_id":"0.0-9.0-0.4"},{"rt":10105,"url":"../static/nodeGraphs.html","edge":"0to2","edgeRT":"8640","skip":"false","flipped":"True","index":"17","edgeClickLog":"[{\"edgeSelection\":\"0to2\",\"edgeRTMS\":8640}]","trial_id":"incong_7_flipped","congruency":"I","task":"experiment","subjectId":"zolmmy5muun0pqq","trial_type":"external-html","trial_index":13,"time_elapsed":376520,"internal_node_id":"0.0-9.0-0.5"},{"rt":10535,"url":"../static/nodeGraphs.html","edge":"0to1","edgeRT":"7129","skip":"false","flipped":"True","index":"14","edgeClickLog":"[{\"edgeSelection\":\"0to1\",\"edgeRTMS\":7129}]","trial_id":"incong_4_flipped","congruency":"I","task":"experiment","subjectId":"zolmmy5muun0pqq","trial_type":"external-html","trial_index":14,"time_elapsed":387730,"internal_node_id":"0.0-9.0-0.6"},{"rt":17714,"url":"../static/nodeGraphs.html","edge":"1to4","edgeRT":"13199","skip":"false","flipped":"True","index":"15","edgeClickLog":"[{\"edgeSelection\":\"1to4\",\"edgeRTMS\":13199}]","trial_id":"incong_5_flipped","congruency":"I","task":"experiment","subjectId":"zolmmy5muun0pqq","trial_type":"external-html","trial_index":15,"time_elapsed":406118,"internal_node_id":"0.0-9.0-0.7"},{"rt":24289,"url":"../static/nodeGraphs.html","edge":"2to6","edgeRT":"18283","skip":"false","flipped":"True","index":"13","edgeClickLog":"[{\"edgeSelection\":\"2to6\",\"edgeRTMS\":14921},{\"edgeSelection\":\"0to2\",\"edgeRTMS\":17083},{\"edgeSelection\":\"2to6\",\"edgeRTMS\":18283}]","trial_id":"incong_3_flipped","congruency":"I","task":"experiment","subjectId":"zolmmy5muun0pqq","trial_type":"external-html","trial_index":16,"time_elapsed":431086,"internal_node_id":"0.0-9.0-0.8"},{"rt":15637,"url":"../static/nodeGraphs.html","edge":"2to4","edgeRT":"11927","skip":"false","flipped":"False","index":"1","edgeClickLog":"[{\"edgeSelection\":\"0to1\",\"edgeRTMS\":5165},{\"edgeSelection\":\"2to4\",\"edgeRTMS\":11927}]","trial_id":"incong_1","congruency":"I","task":"experiment","subjectId":"zolmmy5muun0pqq","trial_type":"external-html","trial_index":17,"time_elapsed":447392,"internal_node_id":"0.0-9.0-0.9"},{"rt":18133,"url":"../static/nodeGraphs.html","edge":"0to3","edgeRT":"11584","skip":"false","flipped":"True","index":"12","edgeClickLog":"[{\"edgeSelection\":\"0to3\",\"edgeRTMS\":11584}]","trial_id":"incong_2_flipped","congruency":"I","task":"experiment","subjectId":"zolmmy5muun0pqq","trial_type":"external-html","trial_index":18,"time_elapsed":466200,"internal_node_id":"0.0-9.0-0.10"},{"rt":8176,"url":"../static/nodeGraphs.html","edge":"0to1","edgeRT":"6563","skip":"false","flipped":"False","index":"6","edgeClickLog":"[{\"edgeSelection\":\"0to1\",\"edgeRTMS\":6563}]","trial_id":"incong_6","congruency":"I","task":"experiment","subjectId":"zolmmy5muun0pqq","trial_type":"external-html","trial_index":19,"time_elapsed":475051,"internal_node_id":"0.0-9.0-0.11"},{"rt":16473,"url":"../static/nodeGraphs.html","edge":"2to6","edgeRT":"12341","skip":"false","flipped":"False","index":"3","edgeClickLog":"[{\"edgeSelection\":\"2to6\",\"edgeRTMS\":12341}]","trial_id":"incong_3","congruency":"I","task":"experiment","subjectId":"zolmmy5muun0pqq","trial_type":"external-html","trial_index":20,"time_elapsed":492190,"internal_node_id":"0.0-9.0-0.12"},{"rt":16002,"url":"../static/nodeGraphs.html","edge":"2to6","edgeRT":"8151","skip":"false","flipped":"True","index":"10","edgeClickLog":"[{\"edgeSelection\":\"2to6\",\"edgeRTMS\":8151}]","trial_id":"incong_0_flipped","congruency":"I","task":"experiment","subjectId":"zolmmy5muun0pqq","trial_type":"external-html","trial_index":21,"time_elapsed":508856,"internal_node_id":"0.0-9.0-0.13"},{"rt":13485,"url":"../static/nodeGraphs.html","edge":"0to1","edgeRT":"5171","skip":"false","flipped":"False","index":"2","edgeClickLog":"[{\"edgeSelection\":\"0to1\",\"edgeRTMS\":5171}]","trial_id":"incong_2","congruency":"I","task":"experiment","subjectId":"zolmmy5muun0pqq","trial_type":"external-html","trial_index":22,"time_elapsed":523006,"internal_node_id":"0.0-9.0-0.14"},{"rt":30003,"url":"../static/nodeGraphs.html","edge":"3to6","edgeRT":"28442","skip":"true","flipped":"True","index":"11","edgeClickLog":"[{\"edgeSelection\":\"0to3\",\"edgeRTMS\":23133},{\"edgeSelection\":\"3to6\",\"edgeRTMS\":28442}]","trial_id":"incong_1_flipped","congruency":"I","task":"experiment","subjectId":"zolmmy5muun0pqq","trial_type":"external-html","trial_index":23,"time_elapsed":553680,"internal_node_id":"0.0-9.0-0.15"},{"rt":15184,"url":"../static/nodeGraphs.html","edge":"0to3","edgeRT":"11583","skip":"false","flipped":"True","index":"18","edgeClickLog":"[{\"edgeSelection\":\"0to3\",\"edgeRTMS\":11583}]","trial_id":"incong_8_flipped","congruency":"I","task":"experiment","subjectId":"zolmmy5muun0pqq","trial_type":"external-html","trial_index":24,"time_elapsed":569538,"internal_node_id":"0.0-9.0-0.16"},{"rt":7671,"url":"../static/nodeGraphs.html","edge":"0to1","edgeRT":"4106","skip":"false","flipped":"False","index":"8","edgeClickLog":"[{\"edgeSelection\":\"0to1\",\"edgeRTMS\":4106}]","trial_id":"incong_8","congruency":"I","task":"experiment","subjectId":"zolmmy5muun0pqq","trial_type":"external-html","trial_index":25,"time_elapsed":577880,"internal_node_id":"0.0-9.0-0.17"},{"rt":8647,"url":"../static/nodeGraphs.html","edge":"0to2","edgeRT":"7442","skip":"false","flipped":"True","index":"16","edgeClickLog":"[{\"edgeSelection\":\"0to2\",\"edgeRTMS\":7442}]","trial_id":"incong_6_flipped","congruency":"I","task":"experiment","subjectId":"zolmmy5muun0pqq","trial_type":"external-html","trial_index":26,"time_elapsed":587197,"internal_node_id":"0.0-9.0-0.18"},{"rt":11128,"url":"../static/nodeGraphs.html","edge":"2to4","edgeRT":"7302","skip":"false","flipped":"False","index":"5","edgeClickLog":"[{\"edgeSelection\":\"2to4\",\"edgeRTMS\":7302}]","trial_id":"incong_5","congruency":"I","task":"experiment","subjectId":"zolmmy5muun0pqq","trial_type":"external-html","trial_index":27,"time_elapsed":598992,"internal_node_id":"0.0-9.0-0.19"},{"rt":14729,"url":"../static/nodeGraphs.html","edge":"0to1","edgeRT":"5976","skip":"false","flipped":"False","index":"20","edgeClickLog":"[{\"edgeSelection\":\"0to1\",\"edgeRTMS\":5976}]","trial_id":"test_0","congruency":"I","task":"experiment","subjectId":"zolmmy5muun0pqq","trial_type":"external-html","trial_index":28,"time_elapsed":614395,"internal_node_id":"0.0-9.0-0.20"},{"rt":14841,"url":"../static/nodeGraphs.html","edge":"3to6","edgeRT":"13033","skip":"false","flipped":"False","index":"21","edgeClickLog":"[{\"edgeSelection\":\"3to6\",\"edgeRTMS\":13033}]","trial_id":"test_1","congruency":"I","task":"experiment","subjectId":"zolmmy5muun0pqq","trial_type":"external-html","trial_index":29,"time_elapsed":629966,"internal_node_id":"0.0-9.0-0.21"},{"rt":10069,"url":"../static/nodeGraphs.html","edge":"0to3","edgeRT":"8185","skip":"false","flipped":"False","index":"22","edgeClickLog":"[{\"edgeSelection\":\"0to3\",\"edgeRTMS\":8185}]","trial_id":"test_2","congruency":"I","task":"experiment","subjectId":"zolmmy5muun0pqq","trial_type":"external-html","trial_index":30,"time_elapsed":640706,"internal_node_id":"0.0-9.0-0.22"},{"rt":8269,"url":"../static/nodeGraphs.html","edge":"1to5","edgeRT":"5246","skip":"false","flipped":"False","index":"23","edgeClickLog":"[{\"edgeSelection\":\"0to1\",\"edgeRTMS\":2464},{\"edgeSelection\":\"1to5\",\"edgeRTMS\":5246}]","trial_id":"test_3","congruency":"I","task":"experiment","subjectId":"zolmmy5muun0pqq","trial_type":"external-html","trial_index":31,"time_elapsed":649647,"internal_node_id":"0.0-9.0-0.23"},{"rt":21789,"url":"../static/nodeGraphs.html","edge":"6to9","edgeRT":"6427","skip":"false","flipped":"False","index":"24","edgeClickLog":"[{\"edgeSelection\":\"6to9\",\"edgeRTMS\":6427}]","trial_id":"test_4","congruency":"I","task":"experiment","subjectId":"zolmmy5muun0pqq","trial_type":"external-html","trial_index":32,"time_elapsed":672113,"internal_node_id":"0.0-9.0-0.24"},{"rt":224087,"response":{"P0_Q0":null,"P0_Q1":5,"P0_Q2":6,"P0_Q3":7,"P0_Q4":6,"P0_Q5":1,"strategies":"I tried to connect the highest number of points given the paths available.","feedback":"No"},"accuracy":[],"trial_type":"survey","trial_index":33,"time_elapsed":896887,"internal_node_id":"0.0-10.0"},{"rt":4835,"stimulus":"<p>Thanks for your time!</p>        <p>We need to manually calculate your bonus pay, please give us up to 7 days.</p><p>Press any key to conclude.</p>","response":"enter","task":"end","subjectId":"zolmmy5muun0pqq","trial_type":"html-keyboard-response","trial_index":34,"time_elapsed":901726,"internal_node_id":"0.0-11.0","interactions":"[{\"event\":\"fullscreenenter\",\"trial\":1,\"time\":6153}]"}]