[{"success":true,"timeout":false,"failed_images":[],"failed_audio":[],"failed_video":[],"trial_type":"preload","trial_index":0,"time_elapsed":698,"internal_node_id":"0.0-0.0"},{"success":true,"trial_type":"fullscreen","trial_index":1,"time_elapsed":3510,"internal_node_id":"0.0-1.0"},{"rt":1672,"stimulus":"Welcome to the experiment. Press any key to begin.","response":" ","trial_type":"html-keyboard-response","trial_index":2,"time_elapsed":5184,"internal_node_id":"0.0-2.0"},{"view_history":[{"page_index":0,"viewing_time":3419},{"page_index":1,"viewing_time":2650},{"page_index":2,"viewing_time":35985},{"page_index":3,"viewing_time":5542},{"page_index":4,"viewing_time":884},{"page_index":5,"viewing_time":944},{"page_index":6,"viewing_time":1128},{"page_index":7,"viewing_time":6085},{"page_index":8,"viewing_time":8226},{"page_index":9,"viewing_time":7895},{"page_index":10,"viewing_time":1113},{"page_index":11,"viewing_time":309},{"page_index":12,"viewing_time":360},{"page_index":13,"viewing_time":1238},{"page_index":14,"viewing_time":1521},{"page_index":15,"viewing_time":4197},{"page_index":16,"viewing_time":507},{"page_index":17,"viewing_time":388},{"page_index":18,"viewing_time":780},{"page_index":19,"viewing_time":2405},{"page_index":20,"viewing_time":3906},{"page_index":21,"viewing_time":2373}],"rt":91855,"trial_type":"instructions","trial_index":3,"time_elapsed":97035,"internal_node_id":"0.0-3.0"},{"rt":75185,"url":"../static/nodeGraphsTraining.html","skip":[],"edgeClickLog":[],"trial_type":"external-html","trial_index":4,"time_elapsed":172297,"internal_node_id":"0.0-4.0"},{"rt":26328,"response":{"q1":"The goal is to help the student to get the most points","q2":"False","q3":"Possible paths you, as the teacher, can choose to teach the learner.","q4":"Paths that the student took before."},"question_order":[0,1,2,3],"trial_type":"survey-multi-choice","trial_index":5,"time_elapsed":198628,"internal_node_id":"0.0-5.0"},{"rt":26548,"stimulus":"<p>You can take a 60 second break before starting the experiment.</p><br><br><p>This page will advance in 60 seconds or you can press any key to advance now.</p>","response":" ","trial_type":"html-keyboard-response","trial_index":6,"time_elapsed":225178,"internal_node_id":"0.0-7.0"},{"view_history":[{"page_index":0,"viewing_time":13820}],"rt":13820,"trial_type":"instructions","trial_index":7,"time_elapsed":238998,"internal_node_id":"0.0-8.0"},{"rt":7430,"url":"../static/nodeGraphs.html","edge":"6to8","edgeRT":"6428","skip":"false","flipped":"True","index":"16","edgeClickLog":"[{\"edgeSelection\":\"0to3\",\"edgeRTMS\":4224},{\"edgeSelection\":\"3to6\",\"edgeRTMS\":5449},{\"edgeSelection\":\"6to8\",\"edgeRTMS\":6428}]","trial_id":"incong_6_flipped","congruency":"I","task":"experiment","subjectId":"roglrx2u17fuwzc","trial_type":"external-html","trial_index":8,"time_elapsed":246481,"internal_node_id":"0.0-9.0-0.0"},{"rt":13225,"url":"../static/nodeGraphs.html","edge":"4to8","edgeRT":"12178","skip":"false","flipped":"True","index":"10","edgeClickLog":"[{\"edgeSelection\":\"0to3\",\"edgeRTMS\":3069},{\"edgeSelection\":\"3to6\",\"edgeRTMS\":5475},{\"edgeSelection\":\"6to8\",\"edgeRTMS\":6784},{\"edgeSelection\":\"0to3\",\"edgeRTMS\":9183},{\"edgeSelection\":\"4to8\",\"edgeRTMS\":12178}]","trial_id":"incong_0_flipped","congruency":"I","task":"experiment","subjectId":"roglrx2u17fuwzc","trial_type":"external-html","trial_index":9,"time_elapsed":260297,"internal_node_id":"0.0-9.0-0.1"},{"rt":18008,"url":"../static/nodeGraphs.html","edge":"0to2","edgeRT":"17063","skip":"false","flipped":"False","index":"6","edgeClickLog":"[{\"edgeSelection\":\"0to2\",\"edgeRTMS\":12841},{\"edgeSelection\":\"6to8\",\"edgeRTMS\":15571},{\"edgeSelection\":\"0to2\",\"edgeRTMS\":17063}]","trial_id":"incong_6","congruency":"I","task":"experiment","subjectId":"roglrx2u17fuwzc","trial_type":"external-html","trial_index":10,"time_elapsed":278877,"internal_node_id":"0.0-9.0-0.2"},{"rt":12676,"url":"../static/nodeGraphs.html","edge":"0to2","edgeRT":"8889","skip":"false","flipped":"True","index":"13","edgeClickLog":"[{\"edgeSelection\":\"0to2\",\"edgeRTMS\":8889}]","trial_id":"incong_3_flipped","congruency":"I","task":"experiment","subjectId":"roglrx2u17fuwzc","trial_type":"external-html","trial_index":11,"time_elapsed":292118,"internal_node_id":"0.0-9.0-0.3"},{"rt":4691,"url":"../static/nodeGraphs.html","edge":"0to3","edgeRT":"3440","skip":"false","flipped":"True","index":"18","edgeClickLog":"[{\"edgeSelection\":\"0to3\",\"edgeRTMS\":3440}]","trial_id":"incong_8_flipped","congruency":"I","task":"experiment","subjectId":"roglrx2u17fuwzc","trial_type":"external-html","trial_index":12,"time_elapsed":297389,"internal_node_id":"0.0-9.0-0.4"},{"rt":6670,"url":"../static/nodeGraphs.html","edge":"3to6","edgeRT":"5483","skip":"false","flipped":"False","index":"5","edgeClickLog":"[{\"edgeSelection\":\"3to6\",\"edgeRTMS\":5483}]","trial_id":"incong_5","congruency":"I","task":"experiment","subjectId":"roglrx2u17fuwzc","trial_type":"external-html","trial_index":13,"time_elapsed":304633,"internal_node_id":"0.0-9.0-0.5"},{"rt":11687,"url":"../static/nodeGraphs.html","edge":"0to2","edgeRT":"10190","skip":"false","flipped":"True","index":"15","edgeClickLog":"[{\"edgeSelection\":\"1to4\",\"edgeRTMS\":5919},{\"edgeSelection\":\"0to2\",\"edgeRTMS\":10190}]","trial_id":"incong_5_flipped","congruency":"I","task":"experiment","subjectId":"roglrx2u17fuwzc","trial_type":"external-html","trial_index":14,"time_elapsed":316890,"internal_node_id":"0.0-9.0-0.6"},{"rt":7655,"url":"../static/nodeGraphs.html","edge":"0to1","edgeRT":"4720","skip":"false","flipped":"False","index":"2","edgeClickLog":"[{\"edgeSelection\":\"0to1\",\"edgeRTMS\":4720}]","trial_id":"incong_2","congruency":"I","task":"experiment","subjectId":"roglrx2u17fuwzc","trial_type":"external-html","trial_index":15,"time_elapsed":325107,"internal_node_id":"0.0-9.0-0.7"},{"rt":8008,"url":"../static/nodeGraphs.html","edge":"0to1","edgeRT":"3361","skip":"false","flipped":"False","index":"8","edgeClickLog":"[{\"edgeSelection\":\"0to1\",\"edgeRTMS\":3361}]","trial_id":"incong_8","congruency":"I","task":"experiment","subjectId":"roglrx2u17fuwzc","trial_type":"external-html","trial_index":16,"time_elapsed":333690,"internal_node_id":"0.0-9.0-0.8"},{"rt":9517,"url":"../static/nodeGraphs.html","edge":"0to2","edgeRT":"3668","skip":"false","flipped":"False","index":"3","edgeClickLog":"[{\"edgeSelection\":\"0to2\",\"edgeRTMS\":3668}]","trial_id":"incong_3","congruency":"I","task":"experiment","subjectId":"roglrx2u17fuwzc","trial_type":"external-html","trial_index":17,"time_elapsed":343779,"internal_node_id":"0.0-9.0-0.9"},{"rt":7122,"url":"../static/nodeGraphs.html","edge":"1to5","edgeRT":"5072","skip":"false","flipped":"False","index":"9","edgeClickLog":"[{\"edgeSelection\":\"1to5\",\"edgeRTMS\":5072}]","trial_id":"incong_9","congruency":"I","task":"experiment","subjectId":"roglrx2u17fuwzc","trial_type":"external-html","trial_index":18,"time_elapsed":351477,"internal_node_id":"0.0-9.0-0.10"},{"rt":13505,"url":"../static/nodeGraphs.html","edge":"0to1","edgeRT":"9860","skip":"false","flipped":"False","index":"4","edgeClickLog":"[{\"edgeSelection\":\"0to1\",\"edgeRTMS\":9860}]","trial_id":"incong_4","congruency":"I","task":"experiment","subjectId":"roglrx2u17fuwzc","trial_type":"external-html","trial_index":19,"time_elapsed":365553,"internal_node_id":"0.0-9.0-0.11"},{"rt":7773,"url":"../static/nodeGraphs.html","edge":"0to2","edgeRT":"6370","skip":"false","flipped":"True","index":"12","edgeClickLog":"[{\"edgeSelection\":\"0to3\",\"edgeRTMS\":2141},{\"edgeSelection\":\"0to2\",\"edgeRTMS\":6370}]","trial_id":"incong_2_flipped","congruency":"I","task":"experiment","subjectId":"roglrx2u17fuwzc","trial_type":"external-html","trial_index":20,"time_elapsed":373906,"internal_node_id":"0.0-9.0-0.12"},{"rt":8792,"url":"../static/nodeGraphs.html","edge":"0to3","edgeRT":"7619","skip":"false","flipped":"True","index":"14","edgeClickLog":"[{\"edgeSelection\":\"0to3\",\"edgeRTMS\":7619}]","trial_id":"incong_4_flipped","congruency":"I","task":"experiment","subjectId":"roglrx2u17fuwzc","trial_type":"external-html","trial_index":21,"time_elapsed":383273,"internal_node_id":"0.0-9.0-0.13"},{"rt":6000,"url":"../static/nodeGraphs.html","edge":"0to2","edgeRT":"2834","skip":"false","flipped":"False","index":"0","edgeClickLog":"[{\"edgeSelection\":\"0to2\",\"edgeRTMS\":2834}]","trial_id":"incong_0","congruency":"I","task":"experiment","subjectId":"roglrx2u17fuwzc","trial_type":"external-html","trial_index":22,"time_elapsed":389855,"internal_node_id":"0.0-9.0-0.14"},{"rt":12298,"url":"../static/nodeGraphs.html","edge":"4to7","edgeRT":"10886","skip":"false","flipped":"True","index":"11","edgeClickLog":"[{\"edgeSelection\":\"2to6\",\"edgeRTMS\":4702},{\"edgeSelection\":\"4to7\",\"edgeRTMS\":10886}]","trial_id":"incong_1_flipped","congruency":"I","task":"experiment","subjectId":"roglrx2u17fuwzc","trial_type":"external-html","trial_index":23,"time_elapsed":402818,"internal_node_id":"0.0-9.0-0.15"},{"rt":9597,"url":"../static/nodeGraphs.html","edge":"0to2","edgeRT":"7351","skip":"false","flipped":"True","index":"17","edgeClickLog":"[{\"edgeSelection\":\"2to5\",\"edgeRTMS\":4483},{\"edgeSelection\":\"0to2\",\"edgeRTMS\":7351}]","trial_id":"incong_7_flipped","congruency":"I","task":"experiment","subjectId":"roglrx2u17fuwzc","trial_type":"external-html","trial_index":24,"time_elapsed":412990,"internal_node_id":"0.0-9.0-0.16"},{"rt":5637,"url":"../static/nodeGraphs.html","edge":"6to8","edgeRT":"4552","skip":"false","flipped":"True","index":"19","edgeClickLog":"[{\"edgeSelection\":\"6to8\",\"edgeRTMS\":4552}]","trial_id":"incong_9_flipped","congruency":"I","task":"experiment","subjectId":"roglrx2u17fuwzc","trial_type":"external-html","trial_index":25,"time_elapsed":419191,"internal_node_id":"0.0-9.0-0.17"},{"rt":7279,"url":"../static/nodeGraphs.html","edge":"6to9","edgeRT":"6412","skip":"false","flipped":"False","index":"1","edgeClickLog":"[{\"edgeSelection\":\"6to9\",\"edgeRTMS\":6412}]","trial_id":"incong_1","congruency":"I","task":"experiment","subjectId":"roglrx2u17fuwzc","trial_type":"external-html","trial_index":26,"time_elapsed":427042,"internal_node_id":"0.0-9.0-0.18"},{"rt":7752,"url":"../static/nodeGraphs.html","edge":"6to8","edgeRT":"4655","skip":"false","flipped":"False","index":"7","edgeClickLog":"[{\"edgeSelection\":\"3to6\",\"edgeRTMS\":2673},{\"edgeSelection\":\"6to8\",\"edgeRTMS\":4655}]","trial_id":"incong_7","congruency":"I","task":"experiment","subjectId":"roglrx2u17fuwzc","trial_type":"external-html","trial_index":27,"time_elapsed":435363,"internal_node_id":"0.0-9.0-0.19"},{"rt":7286,"url":"../static/nodeGraphs.html","edge":"0to1","edgeRT":"5072","skip":"false","flipped":"False","index":"20","edgeClickLog":"[{\"edgeSelection\":\"5to8\",\"edgeRTMS\":2452},{\"edgeSelection\":\"0to1\",\"edgeRTMS\":5072}]","trial_id":"test_0","congruency":"I","task":"experiment","subjectId":"roglrx2u17fuwzc","trial_type":"external-html","trial_index":28,"time_elapsed":443230,"internal_node_id":"0.0-9.0-0.20"},{"rt":5733,"url":"../static/nodeGraphs.html","edge":"0to3","edgeRT":"3182","skip":"false","flipped":"False","index":"21","edgeClickLog":"[{\"edgeSelection\":\"0to3\",\"edgeRTMS\":3182}]","trial_id":"test_1","congruency":"I","task":"experiment","subjectId":"roglrx2u17fuwzc","trial_type":"external-html","trial_index":29,"time_elapsed":449539,"internal_node_id":"0.0-9.0-0.21"},{"rt":12505,"url":"../static/nodeGraphs.html","edge":"5to7","edgeRT":"8158","skip":"false","flipped":"False","index":"22","edgeClickLog":"[{\"edgeSelection\":\"5to7\",\"edgeRTMS\":8158}]","trial_id":"test_2","congruency":"I","task":"experiment","subjectId":"roglrx2u17fuwzc","trial_type":"external-html","trial_index":30,"time_elapsed":462617,"internal_node_id":"0.0-9.0-0.22"},{"rt":9191,"url":"../static/nodeGraphs.html","edge":"1to5","edgeRT":"7137","skip":"false","flipped":"False","index":"23","edgeClickLog":"[{\"edgeSelection\":\"0to1\",\"edgeRTMS\":5197},{\"edgeSelection\":\"1to5\",\"edgeRTMS\":7137}]","trial_id":"test_3","congruency":"I","task":"experiment","subjectId":"roglrx2u17fuwzc","trial_type":"external-html","trial_index":31,"time_elapsed":472380,"internal_node_id":"0.0-9.0-0.23"},{"rt":9042,"url":"../static/nodeGraphs.html","edge":"5to9","edgeRT":"6763","skip":"false","flipped":"False","index":"24","edgeClickLog":"[{\"edgeSelection\":\"5to9\",\"edgeRTMS\":6763}]","trial_id":"test_4","congruency":"I","task":"experiment","subjectId":"roglrx2u17fuwzc","trial_type":"external-html","trial_index":32,"time_elapsed":481988,"internal_node_id":"0.0-9.0-0.24"},{"rt":45062,"response":{"P0_Q0":null,"P0_Q1":3,"P0_Q2":5,"P0_Q3":5,"P0_Q4":4,"P0_Q5":2,"strategies":"I showed them a path that opened up multiple better options for them to choose","feedback":""},"accuracy":[],"trial_type":"survey","trial_index":33,"time_elapsed":527616,"internal_node_id":"0.0-10.0"},{"rt":4683,"stimulus":"<p>Thanks for your time!</p>        <p>We need to manually calculate your bonus pay, please give us up to 7 days.</p><p>Press any key to conclude.</p>","response":" ","task":"end","subjectId":"roglrx2u17fuwzc","trial_type":"html-keyboard-response","trial_index":34,"time_elapsed":532301,"internal_node_id":"0.0-11.0","interactions":"[{\"event\":\"fullscreenenter\",\"trial\":1,\"time\":2531},{\"event\":\"blur\",\"trial\":4,\"time\":106400},{\"event\":\"fullscreenexit\",\"trial\":4,\"time\":106415},{\"event\":\"focus\",\"trial\":4,\"time\":106578}]"}]