[{"success":true,"timeout":false,"failed_images":[],"failed_audio":[],"failed_video":[],"trial_type":"preload","trial_index":0,"time_elapsed":536,"internal_node_id":"0.0-0.0"},{"success":true,"trial_type":"fullscreen","trial_index":1,"time_elapsed":3658,"internal_node_id":"0.0-1.0"},{"rt":2373,"stimulus":"Welcome to the experiment. Press any key to begin.","response":"enter","trial_type":"html-keyboard-response","trial_index":2,"time_elapsed":6034,"internal_node_id":"0.0-2.0"},{"view_history":[{"page_index":0,"viewing_time":6483},{"page_index":1,"viewing_time":5220},{"page_index":2,"viewing_time":30574},{"page_index":3,"viewing_time":7604},{"page_index":4,"viewing_time":3243},{"page_index":5,"viewing_time":2829},{"page_index":6,"viewing_time":3453},{"page_index":7,"viewing_time":9224},{"page_index":8,"viewing_time":10447},{"page_index":9,"viewing_time":15662},{"page_index":10,"viewing_time":3220},{"page_index":11,"viewing_time":2347},{"page_index":12,"viewing_time":2145},{"page_index":13,"viewing_time":2339},{"page_index":14,"viewing_time":3169},{"page_index":15,"viewing_time":5567},{"page_index":16,"viewing_time":3377},{"page_index":17,"viewing_time":1248},{"page_index":18,"viewing_time":1879},{"page_index":19,"viewing_time":3681},{"page_index":20,"viewing_time":6047},{"page_index":21,"viewing_time":3285}],"rt":133043,"trial_type":"instructions","trial_index":3,"time_elapsed":139079,"internal_node_id":"0.0-3.0"},{"rt":99699,"url":"../static/nodeGraphsTraining.html","skip":[],"edgeClickLog":[],"trial_type":"external-html","trial_index":4,"time_elapsed":238869,"internal_node_id":"0.0-4.0"},{"rt":69572,"response":{"q1":"The goal is to help the student to get the most points","q2":"False","q3":"Possible paths you, as the teacher, can choose to teach the learner.","q4":"Paths that the student took before."},"question_order":[0,1,2,3],"trial_type":"survey-multi-choice","trial_index":5,"time_elapsed":308443,"internal_node_id":"0.0-5.0"},{"rt":4387,"stimulus":"<p>You can take a 60 second break before starting the experiment.</p><br><br><p>This page will advance in 60 seconds or you can press any key to advance now.</p>","response":"enter","trial_type":"html-keyboard-response","trial_index":6,"time_elapsed":312832,"internal_node_id":"0.0-7.0"},{"view_history":[{"page_index":0,"viewing_time":24607}],"rt":24607,"trial_type":"instructions","trial_index":7,"time_elapsed":337440,"internal_node_id":"0.0-8.0"},{"rt":7500,"url":"../static/nodeGraphs.html","edge":"3to5","edgeRT":"5679","skip":"false","flipped":"True","index":"10","edgeClickLog":"[{\"edgeSelection\":\"3to5\",\"edgeRTMS\":5679}]","trial_id":"cong_0_flipped","congruency":"C","task":"experiment","subjectId":"a4u4p0wnc2gm1m3","trial_type":"external-html","trial_index":8,"time_elapsed":345022,"internal_node_id":"0.0-9.0-0.0"},{"rt":4545,"url":"../static/nodeGraphs.html","edge":"5to9","edgeRT":"3217","skip":"false","flipped":"False","index":"9","edgeClickLog":"[{\"edgeSelection\":\"5to9\",\"edgeRTMS\":3217}]","trial_id":"cong_9","congruency":"C","task":"experiment","subjectId":"a4u4p0wnc2gm1m3","trial_type":"external-html","trial_index":9,"time_elapsed":350147,"internal_node_id":"0.0-9.0-0.1"},{"rt":5765,"url":"../static/nodeGraphs.html","edge":"6to8","edgeRT":"4380","skip":"false","flipped":"True","index":"15","edgeClickLog":"[{\"edgeSelection\":\"6to8\",\"edgeRTMS\":4380}]","trial_id":"cong_5_flipped","congruency":"C","task":"experiment","subjectId":"a4u4p0wnc2gm1m3","trial_type":"external-html","trial_index":10,"time_elapsed":356491,"internal_node_id":"0.0-9.0-0.2"},{"rt":4778,"url":"../static/nodeGraphs.html","edge":"2to4","edgeRT":"2890","skip":"false","flipped":"False","index":"7","edgeClickLog":"[{\"edgeSelection\":\"2to4\",\"edgeRTMS\":2890}]","trial_id":"cong_7","congruency":"C","task":"experiment","subjectId":"a4u4p0wnc2gm1m3","trial_type":"external-html","trial_index":11,"time_elapsed":361851,"internal_node_id":"0.0-9.0-0.3"},{"rt":4550,"url":"../static/nodeGraphs.html","edge":"2to5","edgeRT":"2394","skip":"false","flipped":"False","index":"6","edgeClickLog":"[{\"edgeSelection\":\"2to5\",\"edgeRTMS\":2394}]","trial_id":"cong_6","congruency":"C","task":"experiment","subjectId":"a4u4p0wnc2gm1m3","trial_type":"external-html","trial_index":12,"time_elapsed":366992,"internal_node_id":"0.0-9.0-0.4"},{"rt":3347,"url":"../static/nodeGraphs.html","edge":"2to4","edgeRT":"1822","skip":"false","flipped":"True","index":"11","edgeClickLog":"[{\"edgeSelection\":\"2to4\",\"edgeRTMS\":1822}]","trial_id":"cong_1_flipped","congruency":"C","task":"experiment","subjectId":"a4u4p0wnc2gm1m3","trial_type":"external-html","trial_index":13,"time_elapsed":370936,"internal_node_id":"0.0-9.0-0.5"},{"rt":4798,"url":"../static/nodeGraphs.html","edge":"2to5","edgeRT":"3282","skip":"false","flipped":"False","index":"3","edgeClickLog":"[{\"edgeSelection\":\"2to5\",\"edgeRTMS\":3282}]","trial_id":"cong_3","congruency":"C","task":"experiment","subjectId":"a4u4p0wnc2gm1m3","trial_type":"external-html","trial_index":14,"time_elapsed":376318,"internal_node_id":"0.0-9.0-0.6"},{"rt":4498,"url":"../static/nodeGraphs.html","edge":"5to9","edgeRT":"2549","skip":"false","flipped":"True","index":"18","edgeClickLog":"[{\"edgeSelection\":\"5to9\",\"edgeRTMS\":2549}]","trial_id":"cong_8_flipped","congruency":"C","task":"experiment","subjectId":"a4u4p0wnc2gm1m3","trial_type":"external-html","trial_index":15,"time_elapsed":381406,"internal_node_id":"0.0-9.0-0.7"},{"rt":3578,"url":"../static/nodeGraphs.html","edge":"2to6","edgeRT":"2101","skip":"false","flipped":"False","index":"1","edgeClickLog":"[{\"edgeSelection\":\"2to6\",\"edgeRTMS\":2101}]","trial_id":"cong_1","congruency":"C","task":"experiment","subjectId":"a4u4p0wnc2gm1m3","trial_type":"external-html","trial_index":16,"time_elapsed":385566,"internal_node_id":"0.0-9.0-0.8"},{"rt":8403,"url":"../static/nodeGraphs.html","edge":"2to4","edgeRT":"6603","skip":"false","flipped":"False","index":"0","edgeClickLog":"[{\"edgeSelection\":\"2to5\",\"edgeRTMS\":4147},{\"edgeSelection\":\"2to4\",\"edgeRTMS\":6603}]","trial_id":"cong_0","congruency":"C","task":"experiment","subjectId":"a4u4p0wnc2gm1m3","trial_type":"external-html","trial_index":17,"time_elapsed":394558,"internal_node_id":"0.0-9.0-0.9"},{"rt":2692,"url":"../static/nodeGraphs.html","edge":"5to7","edgeRT":"1347","skip":"false","flipped":"False","index":"8","edgeClickLog":"[{\"edgeSelection\":\"5to7\",\"edgeRTMS\":1347}]","trial_id":"cong_8","congruency":"C","task":"experiment","subjectId":"a4u4p0wnc2gm1m3","trial_type":"external-html","trial_index":18,"time_elapsed":397840,"internal_node_id":"0.0-9.0-0.10"},{"rt":5002,"url":"../static/nodeGraphs.html","edge":"2to5","edgeRT":"3363","skip":"false","flipped":"True","index":"16","edgeClickLog":"[{\"edgeSelection\":\"2to5\",\"edgeRTMS\":3363}]","trial_id":"cong_6_flipped","congruency":"C","task":"experiment","subjectId":"a4u4p0wnc2gm1m3","trial_type":"external-html","trial_index":19,"time_elapsed":403432,"internal_node_id":"0.0-9.0-0.11"},{"rt":3808,"url":"../static/nodeGraphs.html","edge":"2to5","edgeRT":"2216","skip":"false","flipped":"True","index":"19","edgeClickLog":"[{\"edgeSelection\":\"2to5\",\"edgeRTMS\":1664},{\"edgeSelection\":\"2to5\",\"edgeRTMS\":2216}]","trial_id":"cong_9_flipped","congruency":"C","task":"experiment","subjectId":"a4u4p0wnc2gm1m3","trial_type":"external-html","trial_index":20,"time_elapsed":407824,"internal_node_id":"0.0-9.0-0.12"},{"rt":3908,"url":"../static/nodeGraphs.html","edge":"5to9","edgeRT":"2493","skip":"false","flipped":"False","index":"2","edgeClickLog":"[{\"edgeSelection\":\"5to9\",\"edgeRTMS\":2493}]","trial_id":"cong_2","congruency":"C","task":"experiment","subjectId":"a4u4p0wnc2gm1m3","trial_type":"external-html","trial_index":21,"time_elapsed":412323,"internal_node_id":"0.0-9.0-0.13"},{"rt":3511,"url":"../static/nodeGraphs.html","edge":"2to4","edgeRT":"1540","skip":"false","flipped":"False","index":"4","edgeClickLog":"[{\"edgeSelection\":\"2to4\",\"edgeRTMS\":1540}]","trial_id":"cong_4","congruency":"C","task":"experiment","subjectId":"a4u4p0wnc2gm1m3","trial_type":"external-html","trial_index":22,"time_elapsed":416421,"internal_node_id":"0.0-9.0-0.14"},{"rt":4228,"url":"../static/nodeGraphs.html","edge":"5to7","edgeRT":"1904","skip":"false","flipped":"True","index":"13","edgeClickLog":"[{\"edgeSelection\":\"5to7\",\"edgeRTMS\":1904}]","trial_id":"cong_3_flipped","congruency":"C","task":"experiment","subjectId":"a4u4p0wnc2gm1m3","trial_type":"external-html","trial_index":23,"time_elapsed":421237,"internal_node_id":"0.0-9.0-0.15"},{"rt":4169,"url":"../static/nodeGraphs.html","edge":"5to7","edgeRT":"2672","skip":"false","flipped":"True","index":"12","edgeClickLog":"[{\"edgeSelection\":\"5to7\",\"edgeRTMS\":2672}]","trial_id":"cong_2_flipped","congruency":"C","task":"experiment","subjectId":"a4u4p0wnc2gm1m3","trial_type":"external-html","trial_index":24,"time_elapsed":425987,"internal_node_id":"0.0-9.0-0.16"},{"rt":4389,"url":"../static/nodeGraphs.html","edge":"2to4","edgeRT":"2693","skip":"false","flipped":"True","index":"14","edgeClickLog":"[{\"edgeSelection\":\"2to4\",\"edgeRTMS\":2693}]","trial_id":"cong_4_flipped","congruency":"C","task":"experiment","subjectId":"a4u4p0wnc2gm1m3","trial_type":"external-html","trial_index":25,"time_elapsed":430957,"internal_node_id":"0.0-9.0-0.17"},{"rt":6129,"url":"../static/nodeGraphs.html","edge":"2to6","edgeRT":"4244","skip":"false","flipped":"True","index":"17","edgeClickLog":"[{\"edgeSelection\":\"2to6\",\"edgeRTMS\":3701},{\"edgeSelection\":\"2to6\",\"edgeRTMS\":4244}]","trial_id":"cong_7_flipped","congruency":"C","task":"experiment","subjectId":"a4u4p0wnc2gm1m3","trial_type":"external-html","trial_index":26,"time_elapsed":437672,"internal_node_id":"0.0-9.0-0.18"},{"rt":3883,"url":"../static/nodeGraphs.html","edge":"4to8","edgeRT":"2416","skip":"false","flipped":"False","index":"5","edgeClickLog":"[{\"edgeSelection\":\"4to8\",\"edgeRTMS\":2416}]","trial_id":"cong_5","congruency":"C","task":"experiment","subjectId":"a4u4p0wnc2gm1m3","trial_type":"external-html","trial_index":27,"time_elapsed":442180,"internal_node_id":"0.0-9.0-0.19"},{"rt":3281,"url":"../static/nodeGraphs.html","edge":"6to8","edgeRT":"1960","skip":"false","flipped":"False","index":"20","edgeClickLog":"[{\"edgeSelection\":\"6to8\",\"edgeRTMS\":1960}]","trial_id":"test_0","congruency":"I","task":"experiment","subjectId":"a4u4p0wnc2gm1m3","trial_type":"external-html","trial_index":28,"time_elapsed":446036,"internal_node_id":"0.0-9.0-0.20"},{"rt":4574,"url":"../static/nodeGraphs.html","edge":"3to6","edgeRT":"2618","skip":"false","flipped":"False","index":"21","edgeClickLog":"[{\"edgeSelection\":\"3to6\",\"edgeRTMS\":2618}]","trial_id":"test_1","congruency":"I","task":"experiment","subjectId":"a4u4p0wnc2gm1m3","trial_type":"external-html","trial_index":29,"time_elapsed":451196,"internal_node_id":"0.0-9.0-0.21"},{"rt":7811,"url":"../static/nodeGraphs.html","edge":"3to6","edgeRT":"5954","skip":"false","flipped":"False","index":"22","edgeClickLog":"[{\"edgeSelection\":\"3to6\",\"edgeRTMS\":1954},{\"edgeSelection\":\"5to7\",\"edgeRTMS\":3750},{\"edgeSelection\":\"5to7\",\"edgeRTMS\":4441},{\"edgeSelection\":\"3to6\",\"edgeRTMS\":5954}]","trial_id":"test_2","congruency":"I","task":"experiment","subjectId":"a4u4p0wnc2gm1m3","trial_type":"external-html","trial_index":30,"time_elapsed":459668,"internal_node_id":"0.0-9.0-0.22"},{"rt":5616,"url":"../static/nodeGraphs.html","edge":"1to5","edgeRT":"3950","skip":"false","flipped":"False","index":"23","edgeClickLog":"[{\"edgeSelection\":\"2to4\",\"edgeRTMS\":2073},{\"edgeSelection\":\"1to5\",\"edgeRTMS\":3950}]","trial_id":"test_3","congruency":"I","task":"experiment","subjectId":"a4u4p0wnc2gm1m3","trial_type":"external-html","trial_index":31,"time_elapsed":465911,"internal_node_id":"0.0-9.0-0.23"},{"rt":4017,"url":"../static/nodeGraphs.html","edge":"6to9","edgeRT":"2474","skip":"false","flipped":"False","index":"24","edgeClickLog":"[{\"edgeSelection\":\"6to9\",\"edgeRTMS\":2474}]","trial_id":"test_4","congruency":"I","task":"experiment","subjectId":"a4u4p0wnc2gm1m3","trial_type":"external-html","trial_index":32,"time_elapsed":470520,"internal_node_id":"0.0-9.0-0.24"},{"rt":37337,"response":{"P0_Q0":null,"P0_Q1":6,"P0_Q2":7,"P0_Q3":6,"P0_Q4":5,"P0_Q5":2,"strategies":"TRYING TO GET THE STUDENT THE MOST POINTS","feedback":""},"accuracy":[],"trial_type":"survey","trial_index":33,"time_elapsed":508423,"internal_node_id":"0.0-10.0"},{"rt":3712,"stimulus":"<p>Thanks for your time!</p>        <p>We need to manually calculate your bonus pay, please give us up to 7 days.</p><p>Press any key to conclude.</p>","response":"enter","task":"end","subjectId":"a4u4p0wnc2gm1m3","trial_type":"html-keyboard-response","trial_index":34,"time_elapsed":512136,"internal_node_id":"0.0-11.0","interactions":"[{\"event\":\"fullscreenenter\",\"trial\":1,\"time\":2868},{\"event\":\"blur\",\"trial\":4,\"time\":163833},{\"event\":\"focus\",\"trial\":4,\"time\":163833}]"}]