[{"success":true,"timeout":false,"failed_images":[],"failed_audio":[],"failed_video":[],"trial_type":"preload","trial_index":0,"time_elapsed":197,"internal_node_id":"0.0-0.0"},{"success":true,"trial_type":"fullscreen","trial_index":1,"time_elapsed":4147,"internal_node_id":"0.0-1.0"},{"rt":2584,"stimulus":"Welcome to the experiment. Press any key to begin.","response":" ","trial_type":"html-keyboard-response","trial_index":2,"time_elapsed":6733,"internal_node_id":"0.0-2.0"},{"view_history":[{"page_index":0,"viewing_time":5660},{"page_index":1,"viewing_time":2802},{"page_index":2,"viewing_time":15552},{"page_index":3,"viewing_time":2324},{"page_index":4,"viewing_time":1656},{"page_index":5,"viewing_time":628},{"page_index":6,"viewing_time":1960},{"page_index":7,"viewing_time":7159},{"page_index":8,"viewing_time":9530},{"page_index":9,"viewing_time":7075},{"page_index":10,"viewing_time":1024},{"page_index":11,"viewing_time":367},{"page_index":12,"viewing_time":283},{"page_index":13,"viewing_time":1350},{"page_index":14,"viewing_time":1019},{"page_index":15,"viewing_time":3530},{"page_index":16,"viewing_time":1564},{"page_index":17,"viewing_time":629},{"page_index":18,"viewing_time":823},{"page_index":19,"viewing_time":4359},{"page_index":18,"viewing_time":358},{"page_index":17,"viewing_time":283},{"page_index":16,"viewing_time":415},{"page_index":15,"viewing_time":550},{"page_index":16,"viewing_time":215},{"page_index":17,"viewing_time":263},{"page_index":18,"viewing_time":285},{"page_index":19,"viewing_time":262},{"page_index":20,"viewing_time":5097},{"page_index":21,"viewing_time":2466}],"rt":79487,"trial_type":"instructions","trial_index":3,"time_elapsed":86223,"internal_node_id":"0.0-3.0"},{"rt":52292,"url":"../static/nodeGraphsTraining.html","skip":[],"edgeClickLog":[],"trial_type":"external-html","trial_index":4,"time_elapsed":138566,"internal_node_id":"0.0-4.0"},{"rt":14955,"response":{"q1":"The goal is to help the student to get the most points","q2":"False","q3":"Possible paths you, as the teacher, can choose to teach the learner.","q4":"Paths that the student took before."},"question_order":[0,1,2,3],"trial_type":"survey-multi-choice","trial_index":5,"time_elapsed":153525,"internal_node_id":"0.0-5.0"},{"rt":3548,"stimulus":"<p>You can take a 60 second break before starting the experiment.</p><br><br><p>This page will advance in 60 seconds or you can press any key to advance now.</p>","response":" ","trial_type":"html-keyboard-response","trial_index":6,"time_elapsed":157076,"internal_node_id":"0.0-7.0"},{"view_history":[{"page_index":0,"viewing_time":12684}],"rt":12684,"trial_type":"instructions","trial_index":7,"time_elapsed":169762,"internal_node_id":"0.0-8.0"},{"rt":19861,"url":"../static/nodeGraphs.html","edge":"3to5","edgeRT":"14570","skip":"false","flipped":"False","index":"3","edgeClickLog":"[{\"edgeSelection\":\"3to5\",\"edgeRTMS\":11893},{\"edgeSelection\":\"3to5\",\"edgeRTMS\":14044},{\"edgeSelection\":\"3to5\",\"edgeRTMS\":14570}]","trial_id":"cong_3","congruency":"C","task":"experiment","subjectId":"mf5fcpmc6jh0l43","trial_type":"external-html","trial_index":8,"time_elapsed":189660,"internal_node_id":"0.0-9.0-0.0"},{"rt":13248,"url":"../static/nodeGraphs.html","edge":"0to1","edgeRT":"6524","skip":"false","flipped":"False","index":"5","edgeClickLog":"[{\"edgeSelection\":\"0to1\",\"edgeRTMS\":6524}]","trial_id":"cong_5","congruency":"C","task":"experiment","subjectId":"mf5fcpmc6jh0l43","trial_type":"external-html","trial_index":9,"time_elapsed":203470,"internal_node_id":"0.0-9.0-0.1"},{"rt":16645,"url":"../static/nodeGraphs.html","edge":"6to9","edgeRT":"10697","skip":"false","flipped":"True","index":"18","edgeClickLog":"[{\"edgeSelection\":\"6to9\",\"edgeRTMS\":10697}]","trial_id":"cong_8_flipped","congruency":"C","task":"experiment","subjectId":"mf5fcpmc6jh0l43","trial_type":"external-html","trial_index":10,"time_elapsed":220682,"internal_node_id":"0.0-9.0-0.2"},{"rt":12096,"url":"../static/nodeGraphs.html","edge":"2to5","edgeRT":"7832","skip":"false","flipped":"False","index":"9","edgeClickLog":"[{\"edgeSelection\":\"2to5\",\"edgeRTMS\":7832}]","trial_id":"cong_9","congruency":"C","task":"experiment","subjectId":"mf5fcpmc6jh0l43","trial_type":"external-html","trial_index":11,"time_elapsed":233327,"internal_node_id":"0.0-9.0-0.3"},{"rt":11952,"url":"../static/nodeGraphs.html","edge":"2to6","edgeRT":"10201","skip":"false","flipped":"True","index":"17","edgeClickLog":"[{\"edgeSelection\":\"2to6\",\"edgeRTMS\":10201}]","trial_id":"cong_7_flipped","congruency":"C","task":"experiment","subjectId":"mf5fcpmc6jh0l43","trial_type":"external-html","trial_index":12,"time_elapsed":245826,"internal_node_id":"0.0-9.0-0.4"},{"rt":13963,"url":"../static/nodeGraphs.html","edge":"2to4","edgeRT":"12810","skip":"false","flipped":"False","index":"4","edgeClickLog":"[{\"edgeSelection\":\"2to4\",\"edgeRTMS\":12810}]","trial_id":"cong_4","congruency":"C","task":"experiment","subjectId":"mf5fcpmc6jh0l43","trial_type":"external-html","trial_index":13,"time_elapsed":260330,"internal_node_id":"0.0-9.0-0.5"},{"rt":9226,"url":"../static/nodeGraphs.html","edge":"3to6","edgeRT":"7554","skip":"false","flipped":"True","index":"15","edgeClickLog":"[{\"edgeSelection\":\"3to6\",\"edgeRTMS\":7554}]","trial_id":"cong_5_flipped","congruency":"C","task":"experiment","subjectId":"mf5fcpmc6jh0l43","trial_type":"external-html","trial_index":14,"time_elapsed":270138,"internal_node_id":"0.0-9.0-0.6"},{"rt":23986,"url":"../static/nodeGraphs.html","edge":"5to7","edgeRT":"22920","skip":"false","flipped":"True","index":"12","edgeClickLog":"[{\"edgeSelection\":\"5to7\",\"edgeRTMS\":22920}]","trial_id":"cong_2_flipped","congruency":"C","task":"experiment","subjectId":"mf5fcpmc6jh0l43","trial_type":"external-html","trial_index":15,"time_elapsed":294675,"internal_node_id":"0.0-9.0-0.7"},{"rt":10802,"url":"../static/nodeGraphs.html","edge":"1to5","edgeRT":"8728","skip":"false","flipped":"True","index":"13","edgeClickLog":"[{\"edgeSelection\":\"1to5\",\"edgeRTMS\":8728}]","trial_id":"cong_3_flipped","congruency":"C","task":"experiment","subjectId":"mf5fcpmc6jh0l43","trial_type":"external-html","trial_index":16,"time_elapsed":306018,"internal_node_id":"0.0-9.0-0.8"},{"rt":8169,"url":"../static/nodeGraphs.html","edge":"2to6","edgeRT":"5887","skip":"false","flipped":"False","index":"1","edgeClickLog":"[{\"edgeSelection\":\"2to6\",\"edgeRTMS\":5887}]","trial_id":"cong_1","congruency":"C","task":"experiment","subjectId":"mf5fcpmc6jh0l43","trial_type":"external-html","trial_index":17,"time_elapsed":314734,"internal_node_id":"0.0-9.0-0.9"},{"rt":7341,"url":"../static/nodeGraphs.html","edge":"4to7","edgeRT":"4816","skip":"false","flipped":"False","index":"8","edgeClickLog":"[{\"edgeSelection\":\"4to7\",\"edgeRTMS\":4816}]","trial_id":"cong_8","congruency":"C","task":"experiment","subjectId":"mf5fcpmc6jh0l43","trial_type":"external-html","trial_index":18,"time_elapsed":322620,"internal_node_id":"0.0-9.0-0.10"},{"rt":11807,"url":"../static/nodeGraphs.html","edge":"5to8","edgeRT":"9866","skip":"false","flipped":"True","index":"14","edgeClickLog":"[{\"edgeSelection\":\"2to6\",\"edgeRTMS\":3596},{\"edgeSelection\":\"5to8\",\"edgeRTMS\":9866}]","trial_id":"cong_4_flipped","congruency":"C","task":"experiment","subjectId":"mf5fcpmc6jh0l43","trial_type":"external-html","trial_index":19,"time_elapsed":334994,"internal_node_id":"0.0-9.0-0.11"},{"rt":13746,"url":"../static/nodeGraphs.html","edge":"1to4","edgeRT":"12226","skip":"false","flipped":"False","index":"0","edgeClickLog":"[{\"edgeSelection\":\"1to4\",\"edgeRTMS\":12226}]","trial_id":"cong_0","congruency":"C","task":"experiment","subjectId":"mf5fcpmc6jh0l43","trial_type":"external-html","trial_index":20,"time_elapsed":349306,"internal_node_id":"0.0-9.0-0.12"},{"rt":12037,"url":"../static/nodeGraphs.html","edge":"2to5","edgeRT":"8794","skip":"false","flipped":"False","index":"2","edgeClickLog":"[{\"edgeSelection\":\"2to5\",\"edgeRTMS\":8794}]","trial_id":"cong_2","congruency":"C","task":"experiment","subjectId":"mf5fcpmc6jh0l43","trial_type":"external-html","trial_index":21,"time_elapsed":361910,"internal_node_id":"0.0-9.0-0.13"},{"rt":11453,"url":"../static/nodeGraphs.html","edge":"2to4","edgeRT":"9080","skip":"false","flipped":"False","index":"7","edgeClickLog":"[{\"edgeSelection\":\"2to4\",\"edgeRTMS\":9080}]","trial_id":"cong_7","congruency":"C","task":"experiment","subjectId":"mf5fcpmc6jh0l43","trial_type":"external-html","trial_index":22,"time_elapsed":373910,"internal_node_id":"0.0-9.0-0.14"},{"rt":9839,"url":"../static/nodeGraphs.html","edge":"2to5","edgeRT":"6747","skip":"false","flipped":"True","index":"16","edgeClickLog":"[{\"edgeSelection\":\"2to5\",\"edgeRTMS\":6747}]","trial_id":"cong_6_flipped","congruency":"C","task":"experiment","subjectId":"mf5fcpmc6jh0l43","trial_type":"external-html","trial_index":23,"time_elapsed":384303,"internal_node_id":"0.0-9.0-0.15"},{"rt":7925,"url":"../static/nodeGraphs.html","edge":"2to5","edgeRT":"4887","skip":"false","flipped":"True","index":"19","edgeClickLog":"[{\"edgeSelection\":\"2to5\",\"edgeRTMS\":4887}]","trial_id":"cong_9_flipped","congruency":"C","task":"experiment","subjectId":"mf5fcpmc6jh0l43","trial_type":"external-html","trial_index":24,"time_elapsed":392770,"internal_node_id":"0.0-9.0-0.16"},{"rt":4571,"url":"../static/nodeGraphs.html","edge":"3to6","edgeRT":"2593","skip":"false","flipped":"True","index":"10","edgeClickLog":"[{\"edgeSelection\":\"3to6\",\"edgeRTMS\":2593}]","trial_id":"cong_0_flipped","congruency":"C","task":"experiment","subjectId":"mf5fcpmc6jh0l43","trial_type":"external-html","trial_index":25,"time_elapsed":397898,"internal_node_id":"0.0-9.0-0.17"},{"rt":6922,"url":"../static/nodeGraphs.html","edge":"2to5","edgeRT":"5289","skip":"false","flipped":"False","index":"6","edgeClickLog":"[{\"edgeSelection\":\"2to5\",\"edgeRTMS\":3269},{\"edgeSelection\":\"2to5\",\"edgeRTMS\":5289}]","trial_id":"cong_6","congruency":"C","task":"experiment","subjectId":"mf5fcpmc6jh0l43","trial_type":"external-html","trial_index":26,"time_elapsed":405366,"internal_node_id":"0.0-9.0-0.18"},{"rt":8301,"url":"../static/nodeGraphs.html","edge":"2to4","edgeRT":"6110","skip":"false","flipped":"True","index":"11","edgeClickLog":"[{\"edgeSelection\":\"2to4\",\"edgeRTMS\":6110}]","trial_id":"cong_1_flipped","congruency":"C","task":"experiment","subjectId":"mf5fcpmc6jh0l43","trial_type":"external-html","trial_index":27,"time_elapsed":414210,"internal_node_id":"0.0-9.0-0.19"},{"rt":13271,"url":"../static/nodeGraphs.html","edge":"5to8","edgeRT":"12120","skip":"false","flipped":"False","index":"20","edgeClickLog":"[{\"edgeSelection\":\"5to8\",\"edgeRTMS\":12120}]","trial_id":"test_0","congruency":"I","task":"experiment","subjectId":"mf5fcpmc6jh0l43","trial_type":"external-html","trial_index":28,"time_elapsed":428028,"internal_node_id":"0.0-9.0-0.20"},{"rt":13952,"url":"../static/nodeGraphs.html","edge":"0to3","edgeRT":"11828","skip":"false","flipped":"False","index":"21","edgeClickLog":"[{\"edgeSelection\":\"0to3\",\"edgeRTMS\":11828}]","trial_id":"test_1","congruency":"I","task":"experiment","subjectId":"mf5fcpmc6jh0l43","trial_type":"external-html","trial_index":29,"time_elapsed":442520,"internal_node_id":"0.0-9.0-0.21"},{"rt":11900,"url":"../static/nodeGraphs.html","edge":"6to8","edgeRT":"10765","skip":"false","flipped":"False","index":"22","edgeClickLog":"[{\"edgeSelection\":\"6to8\",\"edgeRTMS\":9729},{\"edgeSelection\":\"6to8\",\"edgeRTMS\":10765}]","trial_id":"test_2","congruency":"I","task":"experiment","subjectId":"mf5fcpmc6jh0l43","trial_type":"external-html","trial_index":30,"time_elapsed":454968,"internal_node_id":"0.0-9.0-0.22"},{"rt":12677,"url":"../static/nodeGraphs.html","edge":"5to9","edgeRT":"8040","skip":"false","flipped":"False","index":"23","edgeClickLog":"[{\"edgeSelection\":\"5to9\",\"edgeRTMS\":8040}]","trial_id":"test_3","congruency":"I","task":"experiment","subjectId":"mf5fcpmc6jh0l43","trial_type":"external-html","trial_index":31,"time_elapsed":468195,"internal_node_id":"0.0-9.0-0.23"},{"rt":18741,"url":"../static/nodeGraphs.html","edge":"1to5","edgeRT":"14408","skip":"false","flipped":"False","index":"24","edgeClickLog":"[{\"edgeSelection\":\"1to5\",\"edgeRTMS\":9514},{\"edgeSelection\":\"1to5\",\"edgeRTMS\":14408}]","trial_id":"test_4","congruency":"I","task":"experiment","subjectId":"mf5fcpmc6jh0l43","trial_type":"external-html","trial_index":32,"time_elapsed":487490,"internal_node_id":"0.0-9.0-0.24"},{"rt":31982,"response":{"P0_Q0":null,"P0_Q1":6,"P0_Q2":6,"P0_Q3":2,"P0_Q4":5,"P0_Q5":6,"strategies":"I usually picked based on what was selected before because I knew the student knew the path.","feedback":""},"accuracy":[],"trial_type":"survey","trial_index":33,"time_elapsed":520076,"internal_node_id":"0.0-10.0"},{"rt":2895,"stimulus":"<p>Thanks for your time!</p>        <p>We need to manually calculate your bonus pay, please give us up to 7 days.</p><p>Press any key to conclude.</p>","response":" ","task":"end","subjectId":"mf5fcpmc6jh0l43","trial_type":"html-keyboard-response","trial_index":34,"time_elapsed":522976,"internal_node_id":"0.0-11.0","interactions":"[{\"event\":\"fullscreenenter\",\"trial\":1,\"time\":3175}]"}]