[{"success":true,"timeout":false,"failed_images":[],"failed_audio":[],"failed_video":[],"trial_type":"preload","trial_index":0,"time_elapsed":673,"internal_node_id":"0.0-0.0"},{"success":true,"trial_type":"fullscreen","trial_index":1,"time_elapsed":3974,"internal_node_id":"0.0-1.0"},{"rt":1199,"stimulus":"Welcome to the experiment. Press any key to begin.","response":" ","trial_type":"html-keyboard-response","trial_index":2,"time_elapsed":5175,"internal_node_id":"0.0-2.0"},{"view_history":[{"page_index":0,"viewing_time":2952},{"page_index":1,"viewing_time":4896},{"page_index":2,"viewing_time":20815},{"page_index":3,"viewing_time":5302},{"page_index":4,"viewing_time":1094},{"page_index":5,"viewing_time":739},{"page_index":6,"viewing_time":4566},{"page_index":7,"viewing_time":6151},{"page_index":8,"viewing_time":10805},{"page_index":9,"viewing_time":5264},{"page_index":10,"viewing_time":1905},{"page_index":11,"viewing_time":597},{"page_index":12,"viewing_time":473},{"page_index":13,"viewing_time":1296},{"page_index":14,"viewing_time":5548},{"page_index":15,"viewing_time":2595},{"page_index":16,"viewing_time":1059},{"page_index":17,"viewing_time":573},{"page_index":18,"viewing_time":669},{"page_index":19,"viewing_time":4751},{"page_index":20,"viewing_time":1622},{"page_index":21,"viewing_time":1730}],"rt":85401,"trial_type":"instructions","trial_index":3,"time_elapsed":90577,"internal_node_id":"0.0-3.0"},{"rt":70616,"url":"../static/nodeGraphsTraining.html","skip":[],"edgeClickLog":[],"trial_type":"external-html","trial_index":4,"time_elapsed":161286,"internal_node_id":"0.0-4.0"},{"rt":16352,"response":{"q1":"The goal is to help the student to get the most points","q2":"False","q3":"Possible paths you, as the teacher, can choose to teach the learner.","q4":"Paths that the student took before."},"question_order":[0,1,2,3],"trial_type":"survey-multi-choice","trial_index":5,"time_elapsed":177641,"internal_node_id":"0.0-5.0"},{"rt":4004,"stimulus":"<p>You can take a 60 second break before starting the experiment.</p><br><br><p>This page will advance in 60 seconds or you can press any key to advance now.</p>","response":"arrowright","trial_type":"html-keyboard-response","trial_index":6,"time_elapsed":181646,"internal_node_id":"0.0-7.0"},{"view_history":[{"page_index":0,"viewing_time":11854}],"rt":11854,"trial_type":"instructions","trial_index":7,"time_elapsed":193500,"internal_node_id":"0.0-8.0"},{"rt":25795,"url":"../static/nodeGraphs.html","edge":"0to1","edgeRT":"24669","skip":"false","flipped":"False","index":"0","edgeClickLog":"[{\"edgeSelection\":\"0to1\",\"edgeRTMS\":10188},{\"edgeSelection\":\"1to4\",\"edgeRTMS\":13149},{\"edgeSelection\":\"4to8\",\"edgeRTMS\":19686},{\"edgeSelection\":\"0to1\",\"edgeRTMS\":24669}]","trial_id":"incong_0","congruency":"I","task":"experiment","subjectId":"xe4swuf22ck5ub1","trial_type":"external-html","trial_index":8,"time_elapsed":219319,"internal_node_id":"0.0-9.0-0.0"},{"rt":7833,"url":"../static/nodeGraphs.html","edge":"0to3","edgeRT":"6043","skip":"false","flipped":"True","index":"11","edgeClickLog":"[{\"edgeSelection\":\"0to3\",\"edgeRTMS\":3971},{\"edgeSelection\":\"3to6\",\"edgeRTMS\":5162},{\"edgeSelection\":\"0to3\",\"edgeRTMS\":6043}]","trial_id":"incong_1_flipped","congruency":"I","task":"experiment","subjectId":"xe4swuf22ck5ub1","trial_type":"external-html","trial_index":9,"time_elapsed":227688,"internal_node_id":"0.0-9.0-0.1"},{"rt":6744,"url":"../static/nodeGraphs.html","edge":"0to2","edgeRT":"5538","skip":"false","flipped":"False","index":"3","edgeClickLog":"[{\"edgeSelection\":\"0to2\",\"edgeRTMS\":5538}]","trial_id":"incong_3","congruency":"I","task":"experiment","subjectId":"xe4swuf22ck5ub1","trial_type":"external-html","trial_index":10,"time_elapsed":234992,"internal_node_id":"0.0-9.0-0.2"},{"rt":4793,"url":"../static/nodeGraphs.html","edge":"0to2","edgeRT":"3110","skip":"false","flipped":"True","index":"13","edgeClickLog":"[{\"edgeSelection\":\"0to2\",\"edgeRTMS\":3110}]","trial_id":"incong_3_flipped","congruency":"I","task":"experiment","subjectId":"xe4swuf22ck5ub1","trial_type":"external-html","trial_index":11,"time_elapsed":240323,"internal_node_id":"0.0-9.0-0.3"},{"rt":7352,"url":"../static/nodeGraphs.html","edge":"0to2","edgeRT":"6314","skip":"false","flipped":"True","index":"12","edgeClickLog":"[{\"edgeSelection\":\"0to2\",\"edgeRTMS\":6314}]","trial_id":"incong_2_flipped","congruency":"I","task":"experiment","subjectId":"xe4swuf22ck5ub1","trial_type":"external-html","trial_index":12,"time_elapsed":248208,"internal_node_id":"0.0-9.0-0.4"},{"rt":8219,"url":"../static/nodeGraphs.html","edge":"6to8","edgeRT":"7065","skip":"false","flipped":"True","index":"19","edgeClickLog":"[{\"edgeSelection\":\"6to8\",\"edgeRTMS\":7065}]","trial_id":"incong_9_flipped","congruency":"I","task":"experiment","subjectId":"xe4swuf22ck5ub1","trial_type":"external-html","trial_index":13,"time_elapsed":256961,"internal_node_id":"0.0-9.0-0.5"},{"rt":12575,"url":"../static/nodeGraphs.html","edge":"0to2","edgeRT":"11066","skip":"false","flipped":"False","index":"5","edgeClickLog":"[{\"edgeSelection\":\"0to2\",\"edgeRTMS\":11066}]","trial_id":"incong_5","congruency":"I","task":"experiment","subjectId":"xe4swuf22ck5ub1","trial_type":"external-html","trial_index":14,"time_elapsed":270088,"internal_node_id":"0.0-9.0-0.6"},{"rt":4944,"url":"../static/nodeGraphs.html","edge":"0to3","edgeRT":"3439","skip":"false","flipped":"True","index":"18","edgeClickLog":"[{\"edgeSelection\":\"0to3\",\"edgeRTMS\":3439}]","trial_id":"incong_8_flipped","congruency":"I","task":"experiment","subjectId":"xe4swuf22ck5ub1","trial_type":"external-html","trial_index":15,"time_elapsed":275580,"internal_node_id":"0.0-9.0-0.7"},{"rt":3791,"url":"../static/nodeGraphs.html","edge":"0to1","edgeRT":"2560","skip":"false","flipped":"False","index":"6","edgeClickLog":"[{\"edgeSelection\":\"0to1\",\"edgeRTMS\":2560}]","trial_id":"incong_6","congruency":"I","task":"experiment","subjectId":"xe4swuf22ck5ub1","trial_type":"external-html","trial_index":16,"time_elapsed":280031,"internal_node_id":"0.0-9.0-0.8"},{"rt":3970,"url":"../static/nodeGraphs.html","edge":"0to1","edgeRT":"2709","skip":"false","flipped":"False","index":"8","edgeClickLog":"[{\"edgeSelection\":\"0to1\",\"edgeRTMS\":2709}]","trial_id":"incong_8","congruency":"I","task":"experiment","subjectId":"xe4swuf22ck5ub1","trial_type":"external-html","trial_index":17,"time_elapsed":284528,"internal_node_id":"0.0-9.0-0.9"},{"rt":8774,"url":"../static/nodeGraphs.html","edge":"6to9","edgeRT":"7732","skip":"false","flipped":"False","index":"1","edgeClickLog":"[{\"edgeSelection\":\"6to9\",\"edgeRTMS\":7732}]","trial_id":"incong_1","congruency":"I","task":"experiment","subjectId":"xe4swuf22ck5ub1","trial_type":"external-html","trial_index":18,"time_elapsed":293947,"internal_node_id":"0.0-9.0-0.10"},{"rt":6699,"url":"../static/nodeGraphs.html","edge":"0to3","edgeRT":"5685","skip":"false","flipped":"True","index":"14","edgeClickLog":"[{\"edgeSelection\":\"0to3\",\"edgeRTMS\":5685}]","trial_id":"incong_4_flipped","congruency":"I","task":"experiment","subjectId":"xe4swuf22ck5ub1","trial_type":"external-html","trial_index":19,"time_elapsed":301308,"internal_node_id":"0.0-9.0-0.11"},{"rt":3631,"url":"../static/nodeGraphs.html","edge":"0to2","edgeRT":"2482","skip":"false","flipped":"True","index":"17","edgeClickLog":"[{\"edgeSelection\":\"0to2\",\"edgeRTMS\":2482}]","trial_id":"incong_7_flipped","congruency":"I","task":"experiment","subjectId":"xe4swuf22ck5ub1","trial_type":"external-html","trial_index":20,"time_elapsed":305579,"internal_node_id":"0.0-9.0-0.12"},{"rt":8404,"url":"../static/nodeGraphs.html","edge":"0to1","edgeRT":"6962","skip":"false","flipped":"False","index":"2","edgeClickLog":"[{\"edgeSelection\":\"0to1\",\"edgeRTMS\":6962}]","trial_id":"incong_2","congruency":"I","task":"experiment","subjectId":"xe4swuf22ck5ub1","trial_type":"external-html","trial_index":21,"time_elapsed":314766,"internal_node_id":"0.0-9.0-0.13"},{"rt":6218,"url":"../static/nodeGraphs.html","edge":"1to5","edgeRT":"5118","skip":"false","flipped":"False","index":"9","edgeClickLog":"[{\"edgeSelection\":\"1to5\",\"edgeRTMS\":5118}]","trial_id":"incong_9","congruency":"I","task":"experiment","subjectId":"xe4swuf22ck5ub1","trial_type":"external-html","trial_index":22,"time_elapsed":321513,"internal_node_id":"0.0-9.0-0.14"},{"rt":7916,"url":"../static/nodeGraphs.html","edge":"5to8","edgeRT":"6890","skip":"false","flipped":"False","index":"7","edgeClickLog":"[{\"edgeSelection\":\"5to8\",\"edgeRTMS\":6890}]","trial_id":"incong_7","congruency":"I","task":"experiment","subjectId":"xe4swuf22ck5ub1","trial_type":"external-html","trial_index":23,"time_elapsed":329959,"internal_node_id":"0.0-9.0-0.15"},{"rt":7577,"url":"../static/nodeGraphs.html","edge":"0to2","edgeRT":"6243","skip":"false","flipped":"True","index":"15","edgeClickLog":"[{\"edgeSelection\":\"0to2\",\"edgeRTMS\":6243}]","trial_id":"incong_5_flipped","congruency":"I","task":"experiment","subjectId":"xe4swuf22ck5ub1","trial_type":"external-html","trial_index":24,"time_elapsed":338071,"internal_node_id":"0.0-9.0-0.16"},{"rt":6003,"url":"../static/nodeGraphs.html","edge":"0to1","edgeRT":"4903","skip":"false","flipped":"False","index":"4","edgeClickLog":"[{\"edgeSelection\":\"0to1\",\"edgeRTMS\":4903}]","trial_id":"incong_4","congruency":"I","task":"experiment","subjectId":"xe4swuf22ck5ub1","trial_type":"external-html","trial_index":25,"time_elapsed":344670,"internal_node_id":"0.0-9.0-0.17"},{"rt":3609,"url":"../static/nodeGraphs.html","edge":"0to3","edgeRT":"2623","skip":"false","flipped":"True","index":"10","edgeClickLog":"[{\"edgeSelection\":\"0to3\",\"edgeRTMS\":2623}]","trial_id":"incong_0_flipped","congruency":"I","task":"experiment","subjectId":"xe4swuf22ck5ub1","trial_type":"external-html","trial_index":26,"time_elapsed":348925,"internal_node_id":"0.0-9.0-0.18"},{"rt":3718,"url":"../static/nodeGraphs.html","edge":"0to3","edgeRT":"2424","skip":"false","flipped":"True","index":"16","edgeClickLog":"[{\"edgeSelection\":\"0to3\",\"edgeRTMS\":2424}]","trial_id":"incong_6_flipped","congruency":"I","task":"experiment","subjectId":"xe4swuf22ck5ub1","trial_type":"external-html","trial_index":27,"time_elapsed":353365,"internal_node_id":"0.0-9.0-0.19"},{"rt":7114,"url":"../static/nodeGraphs.html","edge":"3to6","edgeRT":"5709","skip":"false","flipped":"False","index":"20","edgeClickLog":"[{\"edgeSelection\":\"3to6\",\"edgeRTMS\":5709}]","trial_id":"test_0","congruency":"I","task":"experiment","subjectId":"xe4swuf22ck5ub1","trial_type":"external-html","trial_index":28,"time_elapsed":361017,"internal_node_id":"0.0-9.0-0.20"},{"rt":2825,"url":"../static/nodeGraphs.html","edge":"0to3","edgeRT":"1822","skip":"false","flipped":"False","index":"21","edgeClickLog":"[{\"edgeSelection\":\"0to3\",\"edgeRTMS\":1822}]","trial_id":"test_1","congruency":"I","task":"experiment","subjectId":"xe4swuf22ck5ub1","trial_type":"external-html","trial_index":29,"time_elapsed":364737,"internal_node_id":"0.0-9.0-0.21"},{"rt":3715,"url":"../static/nodeGraphs.html","edge":"0to3","edgeRT":"2254","skip":"false","flipped":"False","index":"22","edgeClickLog":"[{\"edgeSelection\":\"0to3\",\"edgeRTMS\":2254}]","trial_id":"test_2","congruency":"I","task":"experiment","subjectId":"xe4swuf22ck5ub1","trial_type":"external-html","trial_index":30,"time_elapsed":369085,"internal_node_id":"0.0-9.0-0.22"},{"rt":3935,"url":"../static/nodeGraphs.html","edge":"0to1","edgeRT":"1967","skip":"false","flipped":"False","index":"23","edgeClickLog":"[{\"edgeSelection\":\"0to1\",\"edgeRTMS\":1967}]","trial_id":"test_3","congruency":"I","task":"experiment","subjectId":"xe4swuf22ck5ub1","trial_type":"external-html","trial_index":31,"time_elapsed":373553,"internal_node_id":"0.0-9.0-0.23"},{"rt":12978,"url":"../static/nodeGraphs.html","edge":"0to2","edgeRT":"11483","skip":"false","flipped":"False","index":"24","edgeClickLog":"[{\"edgeSelection\":\"0to2\",\"edgeRTMS\":11483}]","trial_id":"test_4","congruency":"I","task":"experiment","subjectId":"xe4swuf22ck5ub1","trial_type":"external-html","trial_index":32,"time_elapsed":387063,"internal_node_id":"0.0-9.0-0.24"},{"rt":20826,"response":{"P0_Q0":null,"P0_Q1":5,"P0_Q2":4,"P0_Q3":5,"P0_Q4":6,"P0_Q5":4,"strategies":"maximize student's points","feedback":""},"accuracy":[],"trial_type":"survey","trial_index":33,"time_elapsed":408442,"internal_node_id":"0.0-10.0"},{"rt":3203,"stimulus":"<p>Thanks for your time!</p>        <p>We need to manually calculate your bonus pay, please give us up to 7 days.</p><p>Press any key to conclude.</p>","response":" ","task":"end","subjectId":"xe4swuf22ck5ub1","trial_type":"html-keyboard-response","trial_index":34,"time_elapsed":411646,"internal_node_id":"0.0-11.0","interactions":"[{\"event\":\"fullscreenenter\",\"trial\":1,\"time\":2981},{\"event\":\"blur\",\"trial\":4,\"time\":101112},{\"event\":\"fullscreenexit\",\"trial\":4,\"time\":101116},{\"event\":\"focus\",\"trial\":4,\"time\":101277}]"}]