[{"success":true,"timeout":false,"failed_images":[],"failed_audio":[],"failed_video":[],"trial_type":"preload","trial_index":0,"time_elapsed":292,"internal_node_id":"0.0-0.0"},{"success":true,"trial_type":"fullscreen","trial_index":1,"time_elapsed":3156,"internal_node_id":"0.0-1.0"},{"rt":2878,"stimulus":"Welcome to the experiment. Press any key to begin.","response":" ","trial_type":"html-keyboard-response","trial_index":2,"time_elapsed":6039,"internal_node_id":"0.0-2.0"},{"view_history":[{"page_index":0,"viewing_time":2650},{"page_index":1,"viewing_time":5985},{"page_index":2,"viewing_time":15113},{"page_index":3,"viewing_time":6871},{"page_index":4,"viewing_time":952},{"page_index":5,"viewing_time":680},{"page_index":6,"viewing_time":2152},{"page_index":7,"viewing_time":8968},{"page_index":8,"viewing_time":17161},{"page_index":9,"viewing_time":9535},{"page_index":10,"viewing_time":2168},{"page_index":11,"viewing_time":816},{"page_index":12,"viewing_time":1064},{"page_index":13,"viewing_time":1143},{"page_index":14,"viewing_time":2234},{"page_index":15,"viewing_time":94045},{"page_index":16,"viewing_time":879},{"page_index":17,"viewing_time":536},{"page_index":18,"viewing_time":390},{"page_index":19,"viewing_time":4025},{"page_index":20,"viewing_time":15977},{"page_index":21,"viewing_time":11522}],"rt":204867,"trial_type":"instructions","trial_index":3,"time_elapsed":210908,"internal_node_id":"0.0-3.0"},{"rt":70703,"url":"../static/nodeGraphsTraining.html","skip":[],"edgeClickLog":[],"trial_type":"external-html","trial_index":4,"time_elapsed":281889,"internal_node_id":"0.0-4.0"},{"rt":23743,"response":{"q1":"The goal is to help the student to get the most points","q2":"False","q3":"Possible paths you, as the teacher, can choose to teach the learner.","q4":"Paths that the student took before."},"question_order":[0,1,2,3],"trial_type":"survey-multi-choice","trial_index":5,"time_elapsed":305641,"internal_node_id":"0.0-5.0"},{"rt":41321,"stimulus":"<p>You can take a 60 second break before starting the experiment.</p><br><br><p>This page will advance in 60 seconds or you can press any key to advance now.</p>","response":"arrowright","trial_type":"html-keyboard-response","trial_index":6,"time_elapsed":346967,"internal_node_id":"0.0-7.0"},{"view_history":[{"page_index":0,"viewing_time":9796}],"rt":9796,"trial_type":"instructions","trial_index":7,"time_elapsed":356765,"internal_node_id":"0.0-8.0"},{"rt":12377,"url":"../static/nodeGraphs.html","edge":"6to8","edgeRT":"11110","skip":"false","flipped":"True","index":"16","edgeClickLog":"[{\"edgeSelection\":\"3to6\",\"edgeRTMS\":4545},{\"edgeSelection\":\"6to8\",\"edgeRTMS\":11110}]","trial_id":"incong_6_flipped","congruency":"I","task":"experiment","subjectId":"j8lqnzrkht95jnr","trial_type":"external-html","trial_index":8,"time_elapsed":369272,"internal_node_id":"0.0-9.0-0.0"},{"rt":8261,"url":"../static/nodeGraphs.html","edge":"6to8","edgeRT":"6792","skip":"false","flipped":"False","index":"9","edgeClickLog":"[{\"edgeSelection\":\"6to8\",\"edgeRTMS\":6792}]","trial_id":"incong_9","congruency":"I","task":"experiment","subjectId":"j8lqnzrkht95jnr","trial_type":"external-html","trial_index":9,"time_elapsed":378173,"internal_node_id":"0.0-9.0-0.1"},{"rt":13458,"url":"../static/nodeGraphs.html","edge":"3to6","edgeRT":"9980","skip":"false","flipped":"True","index":"12","edgeClickLog":"[{\"edgeSelection\":\"6to8\",\"edgeRTMS\":3555},{\"edgeSelection\":\"4to8\",\"edgeRTMS\":7531},{\"edgeSelection\":\"3to6\",\"edgeRTMS\":9980}]","trial_id":"incong_2_flipped","congruency":"I","task":"experiment","subjectId":"j8lqnzrkht95jnr","trial_type":"external-html","trial_index":10,"time_elapsed":392274,"internal_node_id":"0.0-9.0-0.2"},{"rt":7170,"url":"../static/nodeGraphs.html","edge":"1to4","edgeRT":"3937","skip":"false","flipped":"False","index":"6","edgeClickLog":"[{\"edgeSelection\":\"1to4\",\"edgeRTMS\":3937}]","trial_id":"incong_6","congruency":"I","task":"experiment","subjectId":"j8lqnzrkht95jnr","trial_type":"external-html","trial_index":11,"time_elapsed":400092,"internal_node_id":"0.0-9.0-0.3"},{"rt":8841,"url":"../static/nodeGraphs.html","edge":"2to6","edgeRT":"7579","skip":"false","flipped":"False","index":"4","edgeClickLog":"[{\"edgeSelection\":\"2to6\",\"edgeRTMS\":7579}]","trial_id":"incong_4","congruency":"I","task":"experiment","subjectId":"j8lqnzrkht95jnr","trial_type":"external-html","trial_index":12,"time_elapsed":409576,"internal_node_id":"0.0-9.0-0.4"},{"rt":9761,"url":"../static/nodeGraphs.html","edge":"5to7","edgeRT":"8436","skip":"false","flipped":"True","index":"19","edgeClickLog":"[{\"edgeSelection\":\"5to8\",\"edgeRTMS\":3764},{\"edgeSelection\":\"5to7\",\"edgeRTMS\":8436}]","trial_id":"incong_9_flipped","congruency":"I","task":"experiment","subjectId":"j8lqnzrkht95jnr","trial_type":"external-html","trial_index":13,"time_elapsed":419978,"internal_node_id":"0.0-9.0-0.5"},{"rt":6408,"url":"../static/nodeGraphs.html","edge":"6to9","edgeRT":"3961","skip":"false","flipped":"True","index":"10","edgeClickLog":"[{\"edgeSelection\":\"6to9\",\"edgeRTMS\":3961}]","trial_id":"incong_0_flipped","congruency":"I","task":"experiment","subjectId":"j8lqnzrkht95jnr","trial_type":"external-html","trial_index":14,"time_elapsed":427025,"internal_node_id":"0.0-9.0-0.6"},{"rt":5705,"url":"../static/nodeGraphs.html","edge":"2to4","edgeRT":"3603","skip":"false","flipped":"False","index":"5","edgeClickLog":"[{\"edgeSelection\":\"2to4\",\"edgeRTMS\":3603}]","trial_id":"incong_5","congruency":"I","task":"experiment","subjectId":"j8lqnzrkht95jnr","trial_type":"external-html","trial_index":15,"time_elapsed":433373,"internal_node_id":"0.0-9.0-0.7"},{"rt":6378,"url":"../static/nodeGraphs.html","edge":"3to6","edgeRT":"5152","skip":"false","flipped":"True","index":"14","edgeClickLog":"[{\"edgeSelection\":\"3to6\",\"edgeRTMS\":5152}]","trial_id":"incong_4_flipped","congruency":"I","task":"experiment","subjectId":"j8lqnzrkht95jnr","trial_type":"external-html","trial_index":16,"time_elapsed":440390,"internal_node_id":"0.0-9.0-0.8"},{"rt":13453,"url":"../static/nodeGraphs.html","edge":"4to7","edgeRT":"12047","skip":"false","flipped":"False","index":"2","edgeClickLog":"[{\"edgeSelection\":\"4to7\",\"edgeRTMS\":12047}]","trial_id":"incong_2","congruency":"I","task":"experiment","subjectId":"j8lqnzrkht95jnr","trial_type":"external-html","trial_index":17,"time_elapsed":454478,"internal_node_id":"0.0-9.0-0.9"},{"rt":14099,"url":"../static/nodeGraphs.html","edge":"6to9","edgeRT":"12668","skip":"false","flipped":"True","index":"15","edgeClickLog":"[{\"edgeSelection\":\"6to9\",\"edgeRTMS\":12668}]","trial_id":"incong_5_flipped","congruency":"I","task":"experiment","subjectId":"j8lqnzrkht95jnr","trial_type":"external-html","trial_index":18,"time_elapsed":469215,"internal_node_id":"0.0-9.0-0.10"},{"rt":5825,"url":"../static/nodeGraphs.html","edge":"4to8","edgeRT":"4651","skip":"false","flipped":"False","index":"0","edgeClickLog":"[{\"edgeSelection\":\"4to8\",\"edgeRTMS\":4651}]","trial_id":"incong_0","congruency":"I","task":"experiment","subjectId":"j8lqnzrkht95jnr","trial_type":"external-html","trial_index":19,"time_elapsed":475687,"internal_node_id":"0.0-9.0-0.11"},{"rt":7060,"url":"../static/nodeGraphs.html","edge":"6to8","edgeRT":"5956","skip":"false","flipped":"True","index":"17","edgeClickLog":"[{\"edgeSelection\":\"6to8\",\"edgeRTMS\":5956}]","trial_id":"incong_7_flipped","congruency":"I","task":"experiment","subjectId":"j8lqnzrkht95jnr","trial_type":"external-html","trial_index":20,"time_elapsed":483385,"internal_node_id":"0.0-9.0-0.12"},{"rt":3849,"url":"../static/nodeGraphs.html","edge":"1to4","edgeRT":"2106","skip":"false","flipped":"False","index":"1","edgeClickLog":"[{\"edgeSelection\":\"1to4\",\"edgeRTMS\":2106}]","trial_id":"incong_1","congruency":"I","task":"experiment","subjectId":"j8lqnzrkht95jnr","trial_type":"external-html","trial_index":21,"time_elapsed":487880,"internal_node_id":"0.0-9.0-0.13"},{"rt":3325,"url":"../static/nodeGraphs.html","edge":"3to6","edgeRT":"2136","skip":"false","flipped":"True","index":"11","edgeClickLog":"[{\"edgeSelection\":\"3to6\",\"edgeRTMS\":2136}]","trial_id":"incong_1_flipped","congruency":"I","task":"experiment","subjectId":"j8lqnzrkht95jnr","trial_type":"external-html","trial_index":22,"time_elapsed":491851,"internal_node_id":"0.0-9.0-0.14"},{"rt":3798,"url":"../static/nodeGraphs.html","edge":"1to4","edgeRT":"2355","skip":"false","flipped":"False","index":"8","edgeClickLog":"[{\"edgeSelection\":\"1to4\",\"edgeRTMS\":2355}]","trial_id":"incong_8","congruency":"I","task":"experiment","subjectId":"j8lqnzrkht95jnr","trial_type":"external-html","trial_index":23,"time_elapsed":496285,"internal_node_id":"0.0-9.0-0.15"},{"rt":3434,"url":"../static/nodeGraphs.html","edge":"6to9","edgeRT":"2005","skip":"false","flipped":"True","index":"18","edgeClickLog":"[{\"edgeSelection\":\"6to9\",\"edgeRTMS\":2005}]","trial_id":"incong_8_flipped","congruency":"I","task":"experiment","subjectId":"j8lqnzrkht95jnr","trial_type":"external-html","trial_index":24,"time_elapsed":500359,"internal_node_id":"0.0-9.0-0.16"},{"rt":7591,"url":"../static/nodeGraphs.html","edge":"2to6","edgeRT":"6116","skip":"false","flipped":"False","index":"3","edgeClickLog":"[{\"edgeSelection\":\"2to6\",\"edgeRTMS\":6116}]","trial_id":"incong_3","congruency":"I","task":"experiment","subjectId":"j8lqnzrkht95jnr","trial_type":"external-html","trial_index":25,"time_elapsed":508594,"internal_node_id":"0.0-9.0-0.17"},{"rt":4387,"url":"../static/nodeGraphs.html","edge":"2to5","edgeRT":"3266","skip":"false","flipped":"False","index":"7","edgeClickLog":"[{\"edgeSelection\":\"2to5\",\"edgeRTMS\":3266}]","trial_id":"incong_7","congruency":"I","task":"experiment","subjectId":"j8lqnzrkht95jnr","trial_type":"external-html","trial_index":26,"time_elapsed":513618,"internal_node_id":"0.0-9.0-0.18"},{"rt":2826,"url":"../static/nodeGraphs.html","edge":"2to5","edgeRT":"1787","skip":"false","flipped":"True","index":"13","edgeClickLog":"[{\"edgeSelection\":\"2to5\",\"edgeRTMS\":1787}]","trial_id":"incong_3_flipped","congruency":"I","task":"experiment","subjectId":"j8lqnzrkht95jnr","trial_type":"external-html","trial_index":27,"time_elapsed":517086,"internal_node_id":"0.0-9.0-0.19"},{"rt":4049,"url":"../static/nodeGraphs.html","edge":"4to8","edgeRT":"3086","skip":"false","flipped":"False","index":"20","edgeClickLog":"[{\"edgeSelection\":\"4to8\",\"edgeRTMS\":3086}]","trial_id":"test_0","congruency":"I","task":"experiment","subjectId":"j8lqnzrkht95jnr","trial_type":"external-html","trial_index":28,"time_elapsed":521780,"internal_node_id":"0.0-9.0-0.20"},{"rt":4122,"url":"../static/nodeGraphs.html","edge":"3to6","edgeRT":"3261","skip":"false","flipped":"False","index":"21","edgeClickLog":"[{\"edgeSelection\":\"3to6\",\"edgeRTMS\":3261}]","trial_id":"test_1","congruency":"I","task":"experiment","subjectId":"j8lqnzrkht95jnr","trial_type":"external-html","trial_index":29,"time_elapsed":526543,"internal_node_id":"0.0-9.0-0.21"},{"rt":5655,"url":"../static/nodeGraphs.html","edge":"6to8","edgeRT":"4561","skip":"false","flipped":"False","index":"22","edgeClickLog":"[{\"edgeSelection\":\"3to6\",\"edgeRTMS\":1508},{\"edgeSelection\":\"6to8\",\"edgeRTMS\":4561}]","trial_id":"test_2","congruency":"I","task":"experiment","subjectId":"j8lqnzrkht95jnr","trial_type":"external-html","trial_index":30,"time_elapsed":532836,"internal_node_id":"0.0-9.0-0.22"},{"rt":8043,"url":"../static/nodeGraphs.html","edge":"1to5","edgeRT":"5936","skip":"false","flipped":"False","index":"23","edgeClickLog":"[{\"edgeSelection\":\"2to4\",\"edgeRTMS\":4523},{\"edgeSelection\":\"1to5\",\"edgeRTMS\":5936}]","trial_id":"test_3","congruency":"I","task":"experiment","subjectId":"j8lqnzrkht95jnr","trial_type":"external-html","trial_index":31,"time_elapsed":541513,"internal_node_id":"0.0-9.0-0.23"},{"rt":2654,"url":"../static/nodeGraphs.html","edge":"6to9","edgeRT":"1865","skip":"false","flipped":"False","index":"24","edgeClickLog":"[{\"edgeSelection\":\"6to9\",\"edgeRTMS\":1865}]","trial_id":"test_4","congruency":"I","task":"experiment","subjectId":"j8lqnzrkht95jnr","trial_type":"external-html","trial_index":32,"time_elapsed":544805,"internal_node_id":"0.0-9.0-0.24"},{"rt":25546,"response":{"P0_Q0":null,"P0_Q1":2,"P0_Q2":6,"P0_Q3":7,"P0_Q4":5,"P0_Q5":1,"strategies":"To select the closest 3+ points","feedback":"No"},"accuracy":[],"trial_type":"survey","trial_index":33,"time_elapsed":570922,"internal_node_id":"0.0-10.0"},{"rt":4763,"stimulus":"<p>Thanks for your time!</p>        <p>We need to manually calculate your bonus pay, please give us up to 7 days.</p><p>Press any key to conclude.</p>","response":" ","task":"end","subjectId":"j8lqnzrkht95jnr","trial_type":"html-keyboard-response","trial_index":34,"time_elapsed":575690,"internal_node_id":"0.0-11.0","interactions":"[{\"event\":\"fullscreenenter\",\"trial\":1,\"time\":2179},{\"event\":\"blur\",\"trial\":4,\"time\":223261},{\"event\":\"focus\",\"trial\":4,\"time\":223261},{\"event\":\"fullscreenexit\",\"trial\":4,\"time\":223273}]"}]