[{"success":true,"timeout":false,"failed_images":[],"failed_audio":[],"failed_video":[],"trial_type":"preload","trial_index":0,"time_elapsed":96,"internal_node_id":"0.0-0.0"},{"success":true,"trial_type":"fullscreen","trial_index":1,"time_elapsed":2357,"internal_node_id":"0.0-1.0"},{"rt":4813,"stimulus":"Welcome to the experiment. Press any key to begin.","response":"j","trial_type":"html-keyboard-response","trial_index":2,"time_elapsed":7172,"internal_node_id":"0.0-2.0"},{"view_history":[{"page_index":0,"viewing_time":1820},{"page_index":1,"viewing_time":2366},{"page_index":2,"viewing_time":16718},{"page_index":3,"viewing_time":6745},{"page_index":4,"viewing_time":789},{"page_index":5,"viewing_time":743},{"page_index":6,"viewing_time":1417},{"page_index":7,"viewing_time":5764},{"page_index":8,"viewing_time":9965},{"page_index":9,"viewing_time":7518},{"page_index":10,"viewing_time":1345},{"page_index":11,"viewing_time":744},{"page_index":12,"viewing_time":493},{"page_index":13,"viewing_time":1240},{"page_index":14,"viewing_time":1753},{"page_index":15,"viewing_time":4886},{"page_index":16,"viewing_time":1663},{"page_index":17,"viewing_time":743},{"page_index":18,"viewing_time":1125},{"page_index":19,"viewing_time":3195},{"page_index":20,"viewing_time":4728},{"page_index":21,"viewing_time":3054}],"rt":78812,"trial_type":"instructions","trial_index":3,"time_elapsed":85986,"internal_node_id":"0.0-3.0"},{"rt":62783,"url":"../static/nodeGraphsTraining.html","skip":[],"edgeClickLog":[],"trial_type":"external-html","trial_index":4,"time_elapsed":148846,"internal_node_id":"0.0-4.0"},{"rt":20686,"response":{"q1":"The goal is to help the student to get the most points","q2":"False","q3":"Possible paths you, as the teacher, can choose to teach the learner.","q4":"Paths that the student took before."},"question_order":[0,1,2,3],"trial_type":"survey-multi-choice","trial_index":5,"time_elapsed":169538,"internal_node_id":"0.0-5.0"},{"rt":3526,"stimulus":"<p>You can take a 60 second break before starting the experiment.</p><br><br><p>This page will advance in 60 seconds or you can press any key to advance now.</p>","response":"n","trial_type":"html-keyboard-response","trial_index":6,"time_elapsed":173067,"internal_node_id":"0.0-7.0"},{"view_history":[{"page_index":0,"viewing_time":16171}],"rt":16172,"trial_type":"instructions","trial_index":7,"time_elapsed":189240,"internal_node_id":"0.0-8.0"},{"rt":9091,"url":"../static/nodeGraphs.html","edge":"2to4","edgeRT":"8055","skip":"false","flipped":"False","index":"6","edgeClickLog":"[{\"edgeSelection\":\"2to4\",\"edgeRTMS\":8055}]","trial_id":"incong_6","congruency":"I","task":"experiment","subjectId":"7tdpx0fwnt79sk0","trial_type":"external-html","trial_index":8,"time_elapsed":198398,"internal_node_id":"0.0-9.0-0.0"},{"rt":13015,"url":"../static/nodeGraphs.html","edge":"5to7","edgeRT":"12052","skip":"false","flipped":"True","index":"19","edgeClickLog":"[{\"edgeSelection\":\"5to7\",\"edgeRTMS\":10603},{\"edgeSelection\":\"5to7\",\"edgeRTMS\":12052}]","trial_id":"incong_9_flipped","congruency":"I","task":"experiment","subjectId":"7tdpx0fwnt79sk0","trial_type":"external-html","trial_index":9,"time_elapsed":211986,"internal_node_id":"0.0-9.0-0.1"},{"rt":13845,"url":"../static/nodeGraphs.html","edge":"0to1","edgeRT":"12167","skip":"false","flipped":"False","index":"8","edgeClickLog":"[{\"edgeSelection\":\"0to1\",\"edgeRTMS\":12167}]","trial_id":"incong_8","congruency":"I","task":"experiment","subjectId":"7tdpx0fwnt79sk0","trial_type":"external-html","trial_index":10,"time_elapsed":226408,"internal_node_id":"0.0-9.0-0.2"},{"rt":13192,"url":"../static/nodeGraphs.html","edge":"2to4","edgeRT":"8340","skip":"false","flipped":"True","index":"13","edgeClickLog":"[{\"edgeSelection\":\"2to4\",\"edgeRTMS\":8340}]","trial_id":"incong_3_flipped","congruency":"I","task":"experiment","subjectId":"7tdpx0fwnt79sk0","trial_type":"external-html","trial_index":11,"time_elapsed":240176,"internal_node_id":"0.0-9.0-0.3"},{"rt":10776,"url":"../static/nodeGraphs.html","edge":"6to8","edgeRT":"10037","skip":"false","flipped":"True","index":"12","edgeClickLog":"[{\"edgeSelection\":\"6to8\",\"edgeRTMS\":10037}]","trial_id":"incong_2_flipped","congruency":"I","task":"experiment","subjectId":"7tdpx0fwnt79sk0","trial_type":"external-html","trial_index":12,"time_elapsed":251532,"internal_node_id":"0.0-9.0-0.4"},{"rt":4654,"url":"../static/nodeGraphs.html","edge":"6to8","edgeRT":"3691","skip":"false","flipped":"True","index":"15","edgeClickLog":"[{\"edgeSelection\":\"6to8\",\"edgeRTMS\":2496},{\"edgeSelection\":\"6to8\",\"edgeRTMS\":3691}]","trial_id":"incong_5_flipped","congruency":"I","task":"experiment","subjectId":"7tdpx0fwnt79sk0","trial_type":"external-html","trial_index":13,"time_elapsed":256758,"internal_node_id":"0.0-9.0-0.5"},{"rt":7930,"url":"../static/nodeGraphs.html","edge":"6to9","edgeRT":"6197","skip":"false","flipped":"False","index":"1","edgeClickLog":"[{\"edgeSelection\":\"6to9\",\"edgeRTMS\":6197}]","trial_id":"incong_1","congruency":"I","task":"experiment","subjectId":"7tdpx0fwnt79sk0","trial_type":"external-html","trial_index":14,"time_elapsed":265268,"internal_node_id":"0.0-9.0-0.6"},{"rt":18891,"url":"../static/nodeGraphs.html","edge":"5to7","edgeRT":"17196","skip":"false","flipped":"True","index":"14","edgeClickLog":"[{\"edgeSelection\":\"5to7\",\"edgeRTMS\":17196}]","trial_id":"incong_4_flipped","congruency":"I","task":"experiment","subjectId":"7tdpx0fwnt79sk0","trial_type":"external-html","trial_index":15,"time_elapsed":284727,"internal_node_id":"0.0-9.0-0.7"},{"rt":6611,"url":"../static/nodeGraphs.html","edge":"6to8","edgeRT":"3248","skip":"false","flipped":"False","index":"7","edgeClickLog":"[{\"edgeSelection\":\"6to8\",\"edgeRTMS\":3248}]","trial_id":"incong_7","congruency":"I","task":"experiment","subjectId":"7tdpx0fwnt79sk0","trial_type":"external-html","trial_index":16,"time_elapsed":291916,"internal_node_id":"0.0-9.0-0.8"},{"rt":7798,"url":"../static/nodeGraphs.html","edge":"4to8","edgeRT":"3741","skip":"false","flipped":"True","index":"17","edgeClickLog":"[{\"edgeSelection\":\"4to8\",\"edgeRTMS\":2441},{\"edgeSelection\":\"4to8\",\"edgeRTMS\":3223},{\"edgeSelection\":\"4to8\",\"edgeRTMS\":3741}]","trial_id":"incong_7_flipped","congruency":"I","task":"experiment","subjectId":"7tdpx0fwnt79sk0","trial_type":"external-html","trial_index":17,"time_elapsed":300293,"internal_node_id":"0.0-9.0-0.9"},{"rt":30009,"url":"../static/nodeGraphs.html","edge":"6to9","edgeRT":"27862","skip":"true","flipped":"False","index":"4","edgeClickLog":"[{\"edgeSelection\":\"6to9\",\"edgeRTMS\":27862}]","trial_id":"incong_4","congruency":"I","task":"experiment","subjectId":"7tdpx0fwnt79sk0","trial_type":"external-html","trial_index":18,"time_elapsed":330886,"internal_node_id":"0.0-9.0-0.10"},{"rt":5142,"url":"../static/nodeGraphs.html","edge":"2to6","edgeRT":"3827","skip":"false","flipped":"False","index":"3","edgeClickLog":"[{\"edgeSelection\":\"2to6\",\"edgeRTMS\":3827}]","trial_id":"incong_3","congruency":"I","task":"experiment","subjectId":"7tdpx0fwnt79sk0","trial_type":"external-html","trial_index":19,"time_elapsed":336600,"internal_node_id":"0.0-9.0-0.11"},{"rt":5251,"url":"../static/nodeGraphs.html","edge":"3to6","edgeRT":"2671","skip":"false","flipped":"True","index":"18","edgeClickLog":"[{\"edgeSelection\":\"3to6\",\"edgeRTMS\":2671}]","trial_id":"incong_8_flipped","congruency":"I","task":"experiment","subjectId":"7tdpx0fwnt79sk0","trial_type":"external-html","trial_index":20,"time_elapsed":342423,"internal_node_id":"0.0-9.0-0.12"},{"rt":5254,"url":"../static/nodeGraphs.html","edge":"4to7","edgeRT":"4271","skip":"false","flipped":"True","index":"11","edgeClickLog":"[{\"edgeSelection\":\"4to7\",\"edgeRTMS\":4271}]","trial_id":"incong_1_flipped","congruency":"I","task":"experiment","subjectId":"7tdpx0fwnt79sk0","trial_type":"external-html","trial_index":21,"time_elapsed":348249,"internal_node_id":"0.0-9.0-0.13"},{"rt":8329,"url":"../static/nodeGraphs.html","edge":"4to7","edgeRT":"6403","skip":"false","flipped":"False","index":"0","edgeClickLog":"[{\"edgeSelection\":\"4to7\",\"edgeRTMS\":4764},{\"edgeSelection\":\"4to7\",\"edgeRTMS\":5891},{\"edgeSelection\":\"4to7\",\"edgeRTMS\":6403}]","trial_id":"incong_0","congruency":"I","task":"experiment","subjectId":"7tdpx0fwnt79sk0","trial_type":"external-html","trial_index":22,"time_elapsed":357162,"internal_node_id":"0.0-9.0-0.14"},{"rt":3529,"url":"../static/nodeGraphs.html","edge":"6to8","edgeRT":"2251","skip":"false","flipped":"True","index":"16","edgeClickLog":"[{\"edgeSelection\":\"6to8\",\"edgeRTMS\":2251}]","trial_id":"incong_6_flipped","congruency":"I","task":"experiment","subjectId":"7tdpx0fwnt79sk0","trial_type":"external-html","trial_index":23,"time_elapsed":361272,"internal_node_id":"0.0-9.0-0.15"},{"rt":4226,"url":"../static/nodeGraphs.html","edge":"5to8","edgeRT":"2809","skip":"false","flipped":"False","index":"9","edgeClickLog":"[{\"edgeSelection\":\"5to8\",\"edgeRTMS\":2809}]","trial_id":"incong_9","congruency":"I","task":"experiment","subjectId":"7tdpx0fwnt79sk0","trial_type":"external-html","trial_index":24,"time_elapsed":366074,"internal_node_id":"0.0-9.0-0.16"},{"rt":11555,"url":"../static/nodeGraphs.html","edge":"2to4","edgeRT":"10571","skip":"false","flipped":"False","index":"5","edgeClickLog":"[{\"edgeSelection\":\"2to4\",\"edgeRTMS\":10571}]","trial_id":"incong_5","congruency":"I","task":"experiment","subjectId":"7tdpx0fwnt79sk0","trial_type":"external-html","trial_index":25,"time_elapsed":378203,"internal_node_id":"0.0-9.0-0.17"},{"rt":4583,"url":"../static/nodeGraphs.html","edge":"6to9","edgeRT":"2633","skip":"false","flipped":"True","index":"10","edgeClickLog":"[{\"edgeSelection\":\"6to9\",\"edgeRTMS\":2633}]","trial_id":"incong_0_flipped","congruency":"I","task":"experiment","subjectId":"7tdpx0fwnt79sk0","trial_type":"external-html","trial_index":26,"time_elapsed":383368,"internal_node_id":"0.0-9.0-0.18"},{"rt":11356,"url":"../static/nodeGraphs.html","edge":"2to4","edgeRT":"8147","skip":"false","flipped":"False","index":"2","edgeClickLog":"[{\"edgeSelection\":\"2to4\",\"edgeRTMS\":8147}]","trial_id":"incong_2","congruency":"I","task":"experiment","subjectId":"7tdpx0fwnt79sk0","trial_type":"external-html","trial_index":27,"time_elapsed":395304,"internal_node_id":"0.0-9.0-0.19"},{"rt":7835,"url":"../static/nodeGraphs.html","edge":"6to8","edgeRT":"6822","skip":"false","flipped":"False","index":"20","edgeClickLog":"[{\"edgeSelection\":\"6to9\",\"edgeRTMS\":4779},{\"edgeSelection\":\"6to8\",\"edgeRTMS\":6822}]","trial_id":"test_0","congruency":"I","task":"experiment","subjectId":"7tdpx0fwnt79sk0","trial_type":"external-html","trial_index":28,"time_elapsed":403722,"internal_node_id":"0.0-9.0-0.20"},{"rt":3697,"url":"../static/nodeGraphs.html","edge":"3to6","edgeRT":"2292","skip":"false","flipped":"False","index":"21","edgeClickLog":"[{\"edgeSelection\":\"3to6\",\"edgeRTMS\":2292}]","trial_id":"test_1","congruency":"I","task":"experiment","subjectId":"7tdpx0fwnt79sk0","trial_type":"external-html","trial_index":29,"time_elapsed":408000,"internal_node_id":"0.0-9.0-0.21"},{"rt":16078,"url":"../static/nodeGraphs.html","edge":"4to7","edgeRT":"12287","skip":"false","flipped":"False","index":"22","edgeClickLog":"[{\"edgeSelection\":\"3to6\",\"edgeRTMS\":1770},{\"edgeSelection\":\"4to7\",\"edgeRTMS\":12287}]","trial_id":"test_2","congruency":"I","task":"experiment","subjectId":"7tdpx0fwnt79sk0","trial_type":"external-html","trial_index":30,"time_elapsed":424656,"internal_node_id":"0.0-9.0-0.22"},{"rt":4195,"url":"../static/nodeGraphs.html","edge":"1to5","edgeRT":"3312","skip":"false","flipped":"False","index":"23","edgeClickLog":"[{\"edgeSelection\":\"1to5\",\"edgeRTMS\":3312}]","trial_id":"test_3","congruency":"I","task":"experiment","subjectId":"7tdpx0fwnt79sk0","trial_type":"external-html","trial_index":31,"time_elapsed":429433,"internal_node_id":"0.0-9.0-0.23"},{"rt":6121,"url":"../static/nodeGraphs.html","edge":"6to9","edgeRT":"2421","skip":"false","flipped":"False","index":"24","edgeClickLog":"[{\"edgeSelection\":\"6to9\",\"edgeRTMS\":2421}]","trial_id":"test_4","congruency":"I","task":"experiment","subjectId":"7tdpx0fwnt79sk0","trial_type":"external-html","trial_index":32,"time_elapsed":436131,"internal_node_id":"0.0-9.0-0.24"},{"rt":21734,"response":{"P0_Q0":null,"P0_Q1":3,"P0_Q2":6,"P0_Q3":6,"P0_Q4":7,"P0_Q5":1,"strategies":"Pick the line that sums up to most points","feedback":"N/A"},"accuracy":[],"trial_type":"survey","trial_index":33,"time_elapsed":458442,"internal_node_id":"0.0-10.0"},{"rt":3061,"stimulus":"<p>Thanks for your time!</p>        <p>We need to manually calculate your bonus pay, please give us up to 7 days.</p><p>Press any key to conclude.</p>","response":"k","task":"end","subjectId":"7tdpx0fwnt79sk0","trial_type":"html-keyboard-response","trial_index":34,"time_elapsed":461506,"internal_node_id":"0.0-11.0","interactions":"[{\"event\":\"fullscreenenter\",\"trial\":1,\"time\":1358},{\"event\":\"blur\",\"trial\":18,\"time\":306883},{\"event\":\"focus\",\"trial\":18,\"time\":322666}]"}]