[{"success":true,"timeout":false,"failed_images":[],"failed_audio":[],"failed_video":[],"trial_type":"preload","trial_index":0,"time_elapsed":427,"internal_node_id":"0.0-0.0"},{"success":true,"trial_type":"fullscreen","trial_index":1,"time_elapsed":2599,"internal_node_id":"0.0-1.0"},{"rt":1323,"stimulus":"Welcome to the experiment. Press any key to begin.","response":" ","trial_type":"html-keyboard-response","trial_index":2,"time_elapsed":3923,"internal_node_id":"0.0-2.0"},{"view_history":[{"page_index":0,"viewing_time":2211},{"page_index":1,"viewing_time":4841},{"page_index":2,"viewing_time":19981},{"page_index":3,"viewing_time":1736},{"page_index":4,"viewing_time":1220},{"page_index":5,"viewing_time":1236},{"page_index":6,"viewing_time":2972},{"page_index":7,"viewing_time":8201},{"page_index":8,"viewing_time":13000},{"page_index":9,"viewing_time":8361},{"page_index":10,"viewing_time":789},{"page_index":11,"viewing_time":389},{"page_index":12,"viewing_time":285},{"page_index":13,"viewing_time":1365},{"page_index":14,"viewing_time":2057},{"page_index":15,"viewing_time":2269},{"page_index":16,"viewing_time":357},{"page_index":17,"viewing_time":273},{"page_index":18,"viewing_time":548},{"page_index":19,"viewing_time":3188},{"page_index":20,"viewing_time":4322},{"page_index":21,"viewing_time":2399}],"rt":82001,"trial_type":"instructions","trial_index":3,"time_elapsed":85923,"internal_node_id":"0.0-3.0"},{"rt":46518,"url":"../static/nodeGraphsTraining.html","skip":[],"edgeClickLog":[],"trial_type":"external-html","trial_index":4,"time_elapsed":132528,"internal_node_id":"0.0-4.0"},{"rt":25520,"response":{"q1":"The goal is to help the student to get the most points","q2":"False","q3":"Possible paths you, as the teacher, can choose to teach the learner.","q4":"Paths that the student took before."},"question_order":[0,1,2,3],"trial_type":"survey-multi-choice","trial_index":5,"time_elapsed":158050,"internal_node_id":"0.0-5.0"},{"rt":3397,"stimulus":"<p>You can take a 60 second break before starting the experiment.</p><br><br><p>This page will advance in 60 seconds or you can press any key to advance now.</p>","response":" ","trial_type":"html-keyboard-response","trial_index":6,"time_elapsed":161447,"internal_node_id":"0.0-7.0"},{"view_history":[{"page_index":0,"viewing_time":7342}],"rt":7342,"trial_type":"instructions","trial_index":7,"time_elapsed":168790,"internal_node_id":"0.0-8.0"},{"rt":8290,"url":"../static/nodeGraphs.html","edge":"6to9","edgeRT":"7292","skip":"false","flipped":"True","index":"10","edgeClickLog":"[{\"edgeSelection\":\"0to3\",\"edgeRTMS\":5103},{\"edgeSelection\":\"3to6\",\"edgeRTMS\":6476},{\"edgeSelection\":\"6to9\",\"edgeRTMS\":7292}]","trial_id":"cong_0_flipped","congruency":"C","task":"experiment","subjectId":"nqfp8tz97d6cpue","trial_type":"external-html","trial_index":8,"time_elapsed":177161,"internal_node_id":"0.0-9.0-0.0"},{"rt":11268,"url":"../static/nodeGraphs.html","edge":"5to7","edgeRT":"10433","skip":"false","flipped":"True","index":"16","edgeClickLog":"[{\"edgeSelection\":\"0to2\",\"edgeRTMS\":7944},{\"edgeSelection\":\"2to5\",\"edgeRTMS\":9152},{\"edgeSelection\":\"5to7\",\"edgeRTMS\":10433}]","trial_id":"cong_6_flipped","congruency":"C","task":"experiment","subjectId":"nqfp8tz97d6cpue","trial_type":"external-html","trial_index":9,"time_elapsed":189011,"internal_node_id":"0.0-9.0-0.1"},{"rt":8463,"url":"../static/nodeGraphs.html","edge":"4to7","edgeRT":"6625","skip":"false","flipped":"False","index":"7","edgeClickLog":"[{\"edgeSelection\":\"0to2\",\"edgeRTMS\":4697},{\"edgeSelection\":\"2to4\",\"edgeRTMS\":5735},{\"edgeSelection\":\"4to7\",\"edgeRTMS\":6625}]","trial_id":"cong_7","congruency":"C","task":"experiment","subjectId":"nqfp8tz97d6cpue","trial_type":"external-html","trial_index":10,"time_elapsed":198059,"internal_node_id":"0.0-9.0-0.2"},{"rt":9607,"url":"../static/nodeGraphs.html","edge":"4to7","edgeRT":"8316","skip":"false","flipped":"True","index":"11","edgeClickLog":"[{\"edgeSelection\":\"0to2\",\"edgeRTMS\":3200},{\"edgeSelection\":\"2to4\",\"edgeRTMS\":4457},{\"edgeSelection\":\"4to7\",\"edgeRTMS\":5351},{\"edgeSelection\":\"4to7\",\"edgeRTMS\":8316}]","trial_id":"cong_1_flipped","congruency":"C","task":"experiment","subjectId":"nqfp8tz97d6cpue","trial_type":"external-html","trial_index":11,"time_elapsed":208247,"internal_node_id":"0.0-9.0-0.3"},{"rt":7070,"url":"../static/nodeGraphs.html","edge":"4to8","edgeRT":"5740","skip":"false","flipped":"False","index":"5","edgeClickLog":"[{\"edgeSelection\":\"0to1\",\"edgeRTMS\":2651},{\"edgeSelection\":\"1to4\",\"edgeRTMS\":4414},{\"edgeSelection\":\"4to8\",\"edgeRTMS\":5740}]","trial_id":"cong_5","congruency":"C","task":"experiment","subjectId":"nqfp8tz97d6cpue","trial_type":"external-html","trial_index":12,"time_elapsed":215898,"internal_node_id":"0.0-9.0-0.4"},{"rt":5968,"url":"../static/nodeGraphs.html","edge":"4to7","edgeRT":"4436","skip":"false","flipped":"False","index":"0","edgeClickLog":"[{\"edgeSelection\":\"0to1\",\"edgeRTMS\":1903},{\"edgeSelection\":\"1to4\",\"edgeRTMS\":3150},{\"edgeSelection\":\"4to7\",\"edgeRTMS\":4436}]","trial_id":"cong_0","congruency":"C","task":"experiment","subjectId":"nqfp8tz97d6cpue","trial_type":"external-html","trial_index":13,"time_elapsed":222449,"internal_node_id":"0.0-9.0-0.5"},{"rt":9572,"url":"../static/nodeGraphs.html","edge":"5to7","edgeRT":"8531","skip":"false","flipped":"True","index":"12","edgeClickLog":"[{\"edgeSelection\":\"0to1\",\"edgeRTMS\":6247},{\"edgeSelection\":\"1to5\",\"edgeRTMS\":7319},{\"edgeSelection\":\"5to7\",\"edgeRTMS\":8531}]","trial_id":"cong_2_flipped","congruency":"C","task":"experiment","subjectId":"nqfp8tz97d6cpue","trial_type":"external-html","trial_index":14,"time_elapsed":232604,"internal_node_id":"0.0-9.0-0.6"},{"rt":8539,"url":"../static/nodeGraphs.html","edge":"6to9","edgeRT":"7462","skip":"false","flipped":"False","index":"1","edgeClickLog":"[{\"edgeSelection\":\"0to2\",\"edgeRTMS\":3192},{\"edgeSelection\":\"2to6\",\"edgeRTMS\":4593},{\"edgeSelection\":\"2to6\",\"edgeRTMS\":6497},{\"edgeSelection\":\"6to9\",\"edgeRTMS\":7462}]","trial_id":"cong_1","congruency":"C","task":"experiment","subjectId":"nqfp8tz97d6cpue","trial_type":"external-html","trial_index":15,"time_elapsed":241727,"internal_node_id":"0.0-9.0-0.7"},{"rt":7197,"url":"../static/nodeGraphs.html","edge":"4to8","edgeRT":"6290","skip":"false","flipped":"False","index":"4","edgeClickLog":"[{\"edgeSelection\":\"0to2\",\"edgeRTMS\":2155},{\"edgeSelection\":\"2to4\",\"edgeRTMS\":4369},{\"edgeSelection\":\"4to8\",\"edgeRTMS\":6290}]","trial_id":"cong_4","congruency":"C","task":"experiment","subjectId":"nqfp8tz97d6cpue","trial_type":"external-html","trial_index":16,"time_elapsed":249511,"internal_node_id":"0.0-9.0-0.8"},{"rt":6338,"url":"../static/nodeGraphs.html","edge":"6to8","edgeRT":"5532","skip":"false","flipped":"True","index":"14","edgeClickLog":"[{\"edgeSelection\":\"0to2\",\"edgeRTMS\":1983},{\"edgeSelection\":\"2to6\",\"edgeRTMS\":3370},{\"edgeSelection\":\"6to8\",\"edgeRTMS\":5532}]","trial_id":"cong_4_flipped","congruency":"C","task":"experiment","subjectId":"nqfp8tz97d6cpue","trial_type":"external-html","trial_index":17,"time_elapsed":256432,"internal_node_id":"0.0-9.0-0.9"},{"rt":5198,"url":"../static/nodeGraphs.html","edge":"5to8","edgeRT":"4136","skip":"false","flipped":"False","index":"9","edgeClickLog":"[{\"edgeSelection\":\"0to2\",\"edgeRTMS\":1653},{\"edgeSelection\":\"2to5\",\"edgeRTMS\":2990},{\"edgeSelection\":\"5to8\",\"edgeRTMS\":4136}]","trial_id":"cong_9","congruency":"C","task":"experiment","subjectId":"nqfp8tz97d6cpue","trial_type":"external-html","trial_index":18,"time_elapsed":262211,"internal_node_id":"0.0-9.0-0.10"},{"rt":5838,"url":"../static/nodeGraphs.html","edge":"4to7","edgeRT":"5057","skip":"false","flipped":"False","index":"8","edgeClickLog":"[{\"edgeSelection\":\"0to1\",\"edgeRTMS\":2854},{\"edgeSelection\":\"1to4\",\"edgeRTMS\":4112},{\"edgeSelection\":\"4to7\",\"edgeRTMS\":5057}]","trial_id":"cong_8","congruency":"C","task":"experiment","subjectId":"nqfp8tz97d6cpue","trial_type":"external-html","trial_index":19,"time_elapsed":268631,"internal_node_id":"0.0-9.0-0.11"},{"rt":6770,"url":"../static/nodeGraphs.html","edge":"5to9","edgeRT":"5855","skip":"false","flipped":"False","index":"3","edgeClickLog":"[{\"edgeSelection\":\"0to3\",\"edgeRTMS\":3277},{\"edgeSelection\":\"3to5\",\"edgeRTMS\":4579},{\"edgeSelection\":\"5to9\",\"edgeRTMS\":5855}]","trial_id":"cong_3","congruency":"C","task":"experiment","subjectId":"nqfp8tz97d6cpue","trial_type":"external-html","trial_index":20,"time_elapsed":275983,"internal_node_id":"0.0-9.0-0.12"},{"rt":6616,"url":"../static/nodeGraphs.html","edge":"6to8","edgeRT":"5746","skip":"false","flipped":"True","index":"15","edgeClickLog":"[{\"edgeSelection\":\"0to3\",\"edgeRTMS\":3102},{\"edgeSelection\":\"3to6\",\"edgeRTMS\":4479},{\"edgeSelection\":\"6to8\",\"edgeRTMS\":5746}]","trial_id":"cong_5_flipped","congruency":"C","task":"experiment","subjectId":"nqfp8tz97d6cpue","trial_type":"external-html","trial_index":21,"time_elapsed":283179,"internal_node_id":"0.0-9.0-0.13"},{"rt":8599,"url":"../static/nodeGraphs.html","edge":"5to9","edgeRT":"7764","skip":"false","flipped":"False","index":"2","edgeClickLog":"[{\"edgeSelection\":\"0to2\",\"edgeRTMS\":5636},{\"edgeSelection\":\"2to5\",\"edgeRTMS\":6598},{\"edgeSelection\":\"5to9\",\"edgeRTMS\":7764}]","trial_id":"cong_2","congruency":"C","task":"experiment","subjectId":"nqfp8tz97d6cpue","trial_type":"external-html","trial_index":22,"time_elapsed":292362,"internal_node_id":"0.0-9.0-0.14"},{"rt":5689,"url":"../static/nodeGraphs.html","edge":"5to8","edgeRT":"4889","skip":"false","flipped":"True","index":"19","edgeClickLog":"[{\"edgeSelection\":\"0to2\",\"edgeRTMS\":2200},{\"edgeSelection\":\"2to5\",\"edgeRTMS\":3547},{\"edgeSelection\":\"5to8\",\"edgeRTMS\":4889}]","trial_id":"cong_9_flipped","congruency":"C","task":"experiment","subjectId":"nqfp8tz97d6cpue","trial_type":"external-html","trial_index":23,"time_elapsed":298633,"internal_node_id":"0.0-9.0-0.15"},{"rt":8732,"url":"../static/nodeGraphs.html","edge":"5to7","edgeRT":"7842","skip":"false","flipped":"True","index":"13","edgeClickLog":"[{\"edgeSelection\":\"0to3\",\"edgeRTMS\":5424},{\"edgeSelection\":\"3to5\",\"edgeRTMS\":6806},{\"edgeSelection\":\"5to7\",\"edgeRTMS\":7842}]","trial_id":"cong_3_flipped","congruency":"C","task":"experiment","subjectId":"nqfp8tz97d6cpue","trial_type":"external-html","trial_index":24,"time_elapsed":307967,"internal_node_id":"0.0-9.0-0.16"},{"rt":5634,"url":"../static/nodeGraphs.html","edge":"5to7","edgeRT":"4734","skip":"false","flipped":"False","index":"6","edgeClickLog":"[{\"edgeSelection\":\"0to2\",\"edgeRTMS\":2384},{\"edgeSelection\":\"2to5\",\"edgeRTMS\":3492},{\"edgeSelection\":\"5to7\",\"edgeRTMS\":4734}]","trial_id":"cong_6","congruency":"C","task":"experiment","subjectId":"nqfp8tz97d6cpue","trial_type":"external-html","trial_index":25,"time_elapsed":314183,"internal_node_id":"0.0-9.0-0.17"},{"rt":8791,"url":"../static/nodeGraphs.html","edge":"6to9","edgeRT":"7900","skip":"false","flipped":"True","index":"18","edgeClickLog":"[{\"edgeSelection\":\"0to3\",\"edgeRTMS\":4641},{\"edgeSelection\":\"3to6\",\"edgeRTMS\":5688},{\"edgeSelection\":\"6to9\",\"edgeRTMS\":7900}]","trial_id":"cong_8_flipped","congruency":"C","task":"experiment","subjectId":"nqfp8tz97d6cpue","trial_type":"external-html","trial_index":26,"time_elapsed":323557,"internal_node_id":"0.0-9.0-0.18"},{"rt":7690,"url":"../static/nodeGraphs.html","edge":"6to9","edgeRT":"6779","skip":"false","flipped":"True","index":"17","edgeClickLog":"[{\"edgeSelection\":\"0to2\",\"edgeRTMS\":4506},{\"edgeSelection\":\"2to6\",\"edgeRTMS\":5718},{\"edgeSelection\":\"6to9\",\"edgeRTMS\":6779}]","trial_id":"cong_7_flipped","congruency":"C","task":"experiment","subjectId":"nqfp8tz97d6cpue","trial_type":"external-html","trial_index":27,"time_elapsed":331829,"internal_node_id":"0.0-9.0-0.19"},{"rt":9276,"url":"../static/nodeGraphs.html","edge":"6to8","edgeRT":"8079","skip":"false","flipped":"False","index":"20","edgeClickLog":"[{\"edgeSelection\":\"0to3\",\"edgeRTMS\":5586},{\"edgeSelection\":\"3to6\",\"edgeRTMS\":6668},{\"edgeSelection\":\"6to8\",\"edgeRTMS\":8079}]","trial_id":"test_0","congruency":"I","task":"experiment","subjectId":"nqfp8tz97d6cpue","trial_type":"external-html","trial_index":28,"time_elapsed":341689,"internal_node_id":"0.0-9.0-0.20"},{"rt":5070,"url":"../static/nodeGraphs.html","edge":"6to9","edgeRT":"4170","skip":"false","flipped":"False","index":"21","edgeClickLog":"[{\"edgeSelection\":\"0to3\",\"edgeRTMS\":1941},{\"edgeSelection\":\"3to6\",\"edgeRTMS\":3028},{\"edgeSelection\":\"6to9\",\"edgeRTMS\":4170}]","trial_id":"test_1","congruency":"I","task":"experiment","subjectId":"nqfp8tz97d6cpue","trial_type":"external-html","trial_index":29,"time_elapsed":347349,"internal_node_id":"0.0-9.0-0.21"},{"rt":7875,"url":"../static/nodeGraphs.html","edge":"6to8","edgeRT":"7009","skip":"false","flipped":"False","index":"22","edgeClickLog":"[{\"edgeSelection\":\"0to3\",\"edgeRTMS\":4546},{\"edgeSelection\":\"3to6\",\"edgeRTMS\":5688},{\"edgeSelection\":\"6to8\",\"edgeRTMS\":7009}]","trial_id":"test_2","congruency":"I","task":"experiment","subjectId":"nqfp8tz97d6cpue","trial_type":"external-html","trial_index":30,"time_elapsed":355807,"internal_node_id":"0.0-9.0-0.22"},{"rt":5668,"url":"../static/nodeGraphs.html","edge":"5to7","edgeRT":"4819","skip":"false","flipped":"False","index":"23","edgeClickLog":"[{\"edgeSelection\":\"0to1\",\"edgeRTMS\":2040},{\"edgeSelection\":\"1to5\",\"edgeRTMS\":3197},{\"edgeSelection\":\"5to7\",\"edgeRTMS\":4819}]","trial_id":"test_3","congruency":"I","task":"experiment","subjectId":"nqfp8tz97d6cpue","trial_type":"external-html","trial_index":31,"time_elapsed":362058,"internal_node_id":"0.0-9.0-0.23"},{"rt":8469,"url":"../static/nodeGraphs.html","edge":"6to9","edgeRT":"7638","skip":"false","flipped":"False","index":"24","edgeClickLog":"[{\"edgeSelection\":\"0to3\",\"edgeRTMS\":5159},{\"edgeSelection\":\"3to6\",\"edgeRTMS\":6252},{\"edgeSelection\":\"6to9\",\"edgeRTMS\":7638}]","trial_id":"test_4","congruency":"I","task":"experiment","subjectId":"nqfp8tz97d6cpue","trial_type":"external-html","trial_index":32,"time_elapsed":371112,"internal_node_id":"0.0-9.0-0.24"},{"rt":20501,"response":{"P0_Q0":null,"P0_Q1":2,"P0_Q2":5,"P0_Q3":7,"P0_Q4":2,"P0_Q5":1,"strategies":"Whatever path gave the most points","feedback":"None"},"accuracy":[],"trial_type":"survey","trial_index":33,"time_elapsed":392155,"internal_node_id":"0.0-10.0"},{"rt":2638,"stimulus":"<p>Thanks for your time!</p>        <p>We need to manually calculate your bonus pay, please give us up to 7 days.</p><p>Press any key to conclude.</p>","response":" ","task":"end","subjectId":"nqfp8tz97d6cpue","trial_type":"html-keyboard-response","trial_index":34,"time_elapsed":394794,"internal_node_id":"0.0-11.0","interactions":"[{\"event\":\"fullscreenenter\",\"trial\":1,\"time\":1595}]"}]