[{"success":true,"timeout":false,"failed_images":[],"failed_audio":[],"failed_video":[],"trial_type":"preload","trial_index":0,"time_elapsed":379,"internal_node_id":"0.0-0.0"},{"success":true,"trial_type":"fullscreen","trial_index":1,"time_elapsed":5503,"internal_node_id":"0.0-1.0"},{"rt":3390,"stimulus":"Welcome to the experiment. Press any key to begin.","response":" ","trial_type":"html-keyboard-response","trial_index":2,"time_elapsed":8897,"internal_node_id":"0.0-2.0"},{"view_history":[{"page_index":0,"viewing_time":6003},{"page_index":1,"viewing_time":9056},{"page_index":2,"viewing_time":43556},{"page_index":3,"viewing_time":15600},{"page_index":4,"viewing_time":4125},{"page_index":5,"viewing_time":1374},{"page_index":6,"viewing_time":3826},{"page_index":7,"viewing_time":11964},{"page_index":8,"viewing_time":21698},{"page_index":9,"viewing_time":20789},{"page_index":10,"viewing_time":4020},{"page_index":11,"viewing_time":1949},{"page_index":12,"viewing_time":652},{"page_index":13,"viewing_time":1875},{"page_index":14,"viewing_time":5716},{"page_index":15,"viewing_time":8496},{"page_index":16,"viewing_time":2841},{"page_index":17,"viewing_time":976},{"page_index":18,"viewing_time":1445},{"page_index":19,"viewing_time":11520},{"page_index":20,"viewing_time":6724},{"page_index":21,"viewing_time":5723}],"rt":189927,"trial_type":"instructions","trial_index":3,"time_elapsed":198826,"internal_node_id":"0.0-3.0"},{"rt":94414,"url":"../static/nodeGraphsTraining.html","skip":[],"edgeClickLog":[],"trial_type":"external-html","trial_index":4,"time_elapsed":293619,"internal_node_id":"0.0-4.0"},{"rt":68850,"response":{"q1":"The goal is to help the student to get the most points","q2":"False","q3":"Possible paths you, as the teacher, can choose to teach the learner.","q4":"Paths that the student took before."},"question_order":[0,1,2,3],"trial_type":"survey-multi-choice","trial_index":5,"time_elapsed":362484,"internal_node_id":"0.0-5.0"},{"rt":30326,"stimulus":"<p>You can take a 60 second break before starting the experiment.</p><br><br><p>This page will advance in 60 seconds or you can press any key to advance now.</p>","response":" ","trial_type":"html-keyboard-response","trial_index":6,"time_elapsed":392820,"internal_node_id":"0.0-7.0"},{"view_history":[{"page_index":0,"viewing_time":28238}],"rt":28240,"trial_type":"instructions","trial_index":7,"time_elapsed":421064,"internal_node_id":"0.0-8.0"},{"rt":19129,"url":"../static/nodeGraphs.html","edge":"5to9","edgeRT":"15924","skip":"false","flipped":"False","index":"2","edgeClickLog":"[{\"edgeSelection\":\"0to2\",\"edgeRTMS\":7118},{\"edgeSelection\":\"0to3\",\"edgeRTMS\":11588},{\"edgeSelection\":\"3to5\",\"edgeRTMS\":14079},{\"edgeSelection\":\"5to9\",\"edgeRTMS\":15924}]","trial_id":"cong_2","congruency":"C","task":"experiment","subjectId":"sq11cf8uk9mvz5p","trial_type":"external-html","trial_index":8,"time_elapsed":440563,"internal_node_id":"0.0-9.0-0.0"},{"rt":12059,"url":"../static/nodeGraphs.html","edge":"3to6","edgeRT":"7777","skip":"false","flipped":"True","index":"10","edgeClickLog":"[{\"edgeSelection\":\"3to6\",\"edgeRTMS\":7777}]","trial_id":"cong_0_flipped","congruency":"C","task":"experiment","subjectId":"sq11cf8uk9mvz5p","trial_type":"external-html","trial_index":9,"time_elapsed":453319,"internal_node_id":"0.0-9.0-0.1"},{"rt":11974,"url":"../static/nodeGraphs.html","edge":"1to4","edgeRT":"7758","skip":"false","flipped":"True","index":"11","edgeClickLog":"[{\"edgeSelection\":\"1to4\",\"edgeRTMS\":7758}]","trial_id":"cong_1_flipped","congruency":"C","task":"experiment","subjectId":"sq11cf8uk9mvz5p","trial_type":"external-html","trial_index":10,"time_elapsed":465978,"internal_node_id":"0.0-9.0-0.2"},{"rt":14846,"url":"../static/nodeGraphs.html","edge":"1to4","edgeRT":"11681","skip":"false","flipped":"False","index":"5","edgeClickLog":"[{\"edgeSelection\":\"0to1\",\"edgeRTMS\":7251},{\"edgeSelection\":\"1to4\",\"edgeRTMS\":11681}]","trial_id":"cong_5","congruency":"C","task":"experiment","subjectId":"sq11cf8uk9mvz5p","trial_type":"external-html","trial_index":11,"time_elapsed":481509,"internal_node_id":"0.0-9.0-0.3"},{"rt":16863,"url":"../static/nodeGraphs.html","edge":"5to7","edgeRT":"15246","skip":"false","flipped":"False","index":"6","edgeClickLog":"[{\"edgeSelection\":\"2to5\",\"edgeRTMS\":5810},{\"edgeSelection\":\"5to7\",\"edgeRTMS\":15246}]","trial_id":"cong_6","congruency":"C","task":"experiment","subjectId":"sq11cf8uk9mvz5p","trial_type":"external-html","trial_index":12,"time_elapsed":499063,"internal_node_id":"0.0-9.0-0.4"},{"rt":15529,"url":"../static/nodeGraphs.html","edge":"4to7","edgeRT":"13182","skip":"false","flipped":"False","index":"8","edgeClickLog":"[{\"edgeSelection\":\"1to4\",\"edgeRTMS\":8299},{\"edgeSelection\":\"4to7\",\"edgeRTMS\":13182}]","trial_id":"cong_8","congruency":"C","task":"experiment","subjectId":"sq11cf8uk9mvz5p","trial_type":"external-html","trial_index":13,"time_elapsed":515295,"internal_node_id":"0.0-9.0-0.5"},{"rt":8340,"url":"../static/nodeGraphs.html","edge":"3to6","edgeRT":"5664","skip":"false","flipped":"False","index":"1","edgeClickLog":"[{\"edgeSelection\":\"3to6\",\"edgeRTMS\":5664}]","trial_id":"cong_1","congruency":"C","task":"experiment","subjectId":"sq11cf8uk9mvz5p","trial_type":"external-html","trial_index":14,"time_elapsed":524319,"internal_node_id":"0.0-9.0-0.6"},{"rt":9271,"url":"../static/nodeGraphs.html","edge":"2to6","edgeRT":"6631","skip":"false","flipped":"True","index":"17","edgeClickLog":"[{\"edgeSelection\":\"2to6\",\"edgeRTMS\":6631}]","trial_id":"cong_7_flipped","congruency":"C","task":"experiment","subjectId":"sq11cf8uk9mvz5p","trial_type":"external-html","trial_index":15,"time_elapsed":534280,"internal_node_id":"0.0-9.0-0.7"},{"rt":8545,"url":"../static/nodeGraphs.html","edge":"3to6","edgeRT":"6039","skip":"false","flipped":"True","index":"15","edgeClickLog":"[{\"edgeSelection\":\"3to6\",\"edgeRTMS\":6039}]","trial_id":"cong_5_flipped","congruency":"C","task":"experiment","subjectId":"sq11cf8uk9mvz5p","trial_type":"external-html","trial_index":16,"time_elapsed":543511,"internal_node_id":"0.0-9.0-0.8"},{"rt":11109,"url":"../static/nodeGraphs.html","edge":"5to7","edgeRT":"8033","skip":"false","flipped":"True","index":"13","edgeClickLog":"[{\"edgeSelection\":\"5to7\",\"edgeRTMS\":8033}]","trial_id":"cong_3_flipped","congruency":"C","task":"experiment","subjectId":"sq11cf8uk9mvz5p","trial_type":"external-html","trial_index":17,"time_elapsed":555311,"internal_node_id":"0.0-9.0-0.9"},{"rt":5317,"url":"../static/nodeGraphs.html","edge":"2to6","edgeRT":"3058","skip":"false","flipped":"True","index":"14","edgeClickLog":"[{\"edgeSelection\":\"2to6\",\"edgeRTMS\":3058}]","trial_id":"cong_4_flipped","congruency":"C","task":"experiment","subjectId":"sq11cf8uk9mvz5p","trial_type":"external-html","trial_index":18,"time_elapsed":561315,"internal_node_id":"0.0-9.0-0.10"},{"rt":11157,"url":"../static/nodeGraphs.html","edge":"2to4","edgeRT":"4915","skip":"false","flipped":"False","index":"7","edgeClickLog":"[{\"edgeSelection\":\"2to4\",\"edgeRTMS\":4915}]","trial_id":"cong_7","congruency":"C","task":"experiment","subjectId":"sq11cf8uk9mvz5p","trial_type":"external-html","trial_index":19,"time_elapsed":573169,"internal_node_id":"0.0-9.0-0.11"},{"rt":6934,"url":"../static/nodeGraphs.html","edge":"1to4","edgeRT":"4114","skip":"false","flipped":"False","index":"0","edgeClickLog":"[{\"edgeSelection\":\"1to4\",\"edgeRTMS\":4114}]","trial_id":"cong_0","congruency":"C","task":"experiment","subjectId":"sq11cf8uk9mvz5p","trial_type":"external-html","trial_index":20,"time_elapsed":580788,"internal_node_id":"0.0-9.0-0.12"},{"rt":5406,"url":"../static/nodeGraphs.html","edge":"2to5","edgeRT":"3195","skip":"false","flipped":"True","index":"19","edgeClickLog":"[{\"edgeSelection\":\"2to5\",\"edgeRTMS\":3195}]","trial_id":"cong_9_flipped","congruency":"C","task":"experiment","subjectId":"sq11cf8uk9mvz5p","trial_type":"external-html","trial_index":21,"time_elapsed":586881,"internal_node_id":"0.0-9.0-0.13"},{"rt":12320,"url":"../static/nodeGraphs.html","edge":"2to5","edgeRT":"3612","skip":"false","flipped":"True","index":"16","edgeClickLog":"[{\"edgeSelection\":\"2to5\",\"edgeRTMS\":3612}]","trial_id":"cong_6_flipped","congruency":"C","task":"experiment","subjectId":"sq11cf8uk9mvz5p","trial_type":"external-html","trial_index":22,"time_elapsed":599887,"internal_node_id":"0.0-9.0-0.14"},{"rt":6618,"url":"../static/nodeGraphs.html","edge":"5to9","edgeRT":"5144","skip":"false","flipped":"False","index":"3","edgeClickLog":"[{\"edgeSelection\":\"5to9\",\"edgeRTMS\":5144}]","trial_id":"cong_3","congruency":"C","task":"experiment","subjectId":"sq11cf8uk9mvz5p","trial_type":"external-html","trial_index":23,"time_elapsed":607198,"internal_node_id":"0.0-9.0-0.15"},{"rt":5268,"url":"../static/nodeGraphs.html","edge":"2to4","edgeRT":"2590","skip":"false","flipped":"False","index":"4","edgeClickLog":"[{\"edgeSelection\":\"2to4\",\"edgeRTMS\":2590}]","trial_id":"cong_4","congruency":"C","task":"experiment","subjectId":"sq11cf8uk9mvz5p","trial_type":"external-html","trial_index":24,"time_elapsed":613156,"internal_node_id":"0.0-9.0-0.16"},{"rt":10237,"url":"../static/nodeGraphs.html","edge":"6to9","edgeRT":"7210","skip":"false","flipped":"True","index":"18","edgeClickLog":"[{\"edgeSelection\":\"6to9\",\"edgeRTMS\":7210}]","trial_id":"cong_8_flipped","congruency":"C","task":"experiment","subjectId":"sq11cf8uk9mvz5p","trial_type":"external-html","trial_index":25,"time_elapsed":624099,"internal_node_id":"0.0-9.0-0.17"},{"rt":7544,"url":"../static/nodeGraphs.html","edge":"5to7","edgeRT":"5013","skip":"false","flipped":"True","index":"12","edgeClickLog":"[{\"edgeSelection\":\"5to7\",\"edgeRTMS\":5013}]","trial_id":"cong_2_flipped","congruency":"C","task":"experiment","subjectId":"sq11cf8uk9mvz5p","trial_type":"external-html","trial_index":26,"time_elapsed":632348,"internal_node_id":"0.0-9.0-0.18"},{"rt":6748,"url":"../static/nodeGraphs.html","edge":"2to5","edgeRT":"3963","skip":"false","flipped":"False","index":"9","edgeClickLog":"[{\"edgeSelection\":\"2to5\",\"edgeRTMS\":3963}]","trial_id":"cong_9","congruency":"C","task":"experiment","subjectId":"sq11cf8uk9mvz5p","trial_type":"external-html","trial_index":27,"time_elapsed":639785,"internal_node_id":"0.0-9.0-0.19"},{"rt":9659,"url":"../static/nodeGraphs.html","edge":"6to8","edgeRT":"3265","skip":"false","flipped":"False","index":"20","edgeClickLog":"[{\"edgeSelection\":\"6to8\",\"edgeRTMS\":3265}]","trial_id":"test_0","congruency":"I","task":"experiment","subjectId":"sq11cf8uk9mvz5p","trial_type":"external-html","trial_index":28,"time_elapsed":650124,"internal_node_id":"0.0-9.0-0.20"},{"rt":7288,"url":"../static/nodeGraphs.html","edge":"3to6","edgeRT":"3874","skip":"false","flipped":"False","index":"21","edgeClickLog":"[{\"edgeSelection\":\"3to6\",\"edgeRTMS\":3874}]","trial_id":"test_1","congruency":"I","task":"experiment","subjectId":"sq11cf8uk9mvz5p","trial_type":"external-html","trial_index":29,"time_elapsed":658102,"internal_node_id":"0.0-9.0-0.21"},{"rt":5722,"url":"../static/nodeGraphs.html","edge":"3to6","edgeRT":"2640","skip":"false","flipped":"False","index":"22","edgeClickLog":"[{\"edgeSelection\":\"3to6\",\"edgeRTMS\":2640}]","trial_id":"test_2","congruency":"I","task":"experiment","subjectId":"sq11cf8uk9mvz5p","trial_type":"external-html","trial_index":30,"time_elapsed":664515,"internal_node_id":"0.0-9.0-0.22"},{"rt":5707,"url":"../static/nodeGraphs.html","edge":"1to5","edgeRT":"3654","skip":"false","flipped":"False","index":"23","edgeClickLog":"[{\"edgeSelection\":\"1to5\",\"edgeRTMS\":3654}]","trial_id":"test_3","congruency":"I","task":"experiment","subjectId":"sq11cf8uk9mvz5p","trial_type":"external-html","trial_index":31,"time_elapsed":670905,"internal_node_id":"0.0-9.0-0.23"},{"rt":6912,"url":"../static/nodeGraphs.html","edge":"6to9","edgeRT":"2302","skip":"false","flipped":"False","index":"24","edgeClickLog":"[{\"edgeSelection\":\"6to9\",\"edgeRTMS\":2302}]","trial_id":"test_4","congruency":"I","task":"experiment","subjectId":"sq11cf8uk9mvz5p","trial_type":"external-html","trial_index":32,"time_elapsed":678517,"internal_node_id":"0.0-9.0-0.24"},{"rt":63470,"response":{"P0_Q0":null,"P0_Q1":5,"P0_Q2":6,"P0_Q3":6,"P0_Q4":4,"P0_Q5":2,"strategies":"I tried to group the +3 points on a path","feedback":"it was fun"},"accuracy":[],"trial_type":"survey","trial_index":33,"time_elapsed":742770,"internal_node_id":"0.0-10.0"},{"rt":5501,"stimulus":"<p>Thanks for your time!</p>        <p>We need to manually calculate your bonus pay, please give us up to 7 days.</p><p>Press any key to conclude.</p>","response":" ","task":"end","subjectId":"sq11cf8uk9mvz5p","trial_type":"html-keyboard-response","trial_index":34,"time_elapsed":748280,"internal_node_id":"0.0-11.0","interactions":"[{\"event\":\"fullscreenenter\",\"trial\":1,\"time\":4538},{\"event\":\"blur\",\"trial\":4,\"time\":226168},{\"event\":\"focus\",\"trial\":4,\"time\":226168},{\"event\":\"fullscreenexit\",\"trial\":4,\"time\":226189}]"}]