[{"success":true,"timeout":false,"failed_images":[],"failed_audio":[],"failed_video":[],"trial_type":"preload","trial_index":0,"time_elapsed":260,"internal_node_id":"0.0-0.0"},{"success":true,"trial_type":"fullscreen","trial_index":1,"time_elapsed":2240,"internal_node_id":"0.0-1.0"},{"rt":2487,"stimulus":"Welcome to the experiment. Press any key to begin.","response":" ","trial_type":"html-keyboard-response","trial_index":2,"time_elapsed":4728,"internal_node_id":"0.0-2.0"},{"view_history":[{"page_index":0,"viewing_time":1544},{"page_index":1,"viewing_time":2146},{"page_index":2,"viewing_time":19761},{"page_index":3,"viewing_time":2877},{"page_index":4,"viewing_time":857},{"page_index":3,"viewing_time":494},{"page_index":4,"viewing_time":654},{"page_index":5,"viewing_time":831},{"page_index":6,"viewing_time":1674},{"page_index":7,"viewing_time":7791},{"page_index":8,"viewing_time":7165},{"page_index":9,"viewing_time":5153},{"page_index":10,"viewing_time":849},{"page_index":11,"viewing_time":323},{"page_index":12,"viewing_time":247},{"page_index":13,"viewing_time":850},{"page_index":14,"viewing_time":1638},{"page_index":15,"viewing_time":5107},{"page_index":16,"viewing_time":1143},{"page_index":17,"viewing_time":469},{"page_index":18,"viewing_time":1367},{"page_index":19,"viewing_time":1888},{"page_index":18,"viewing_time":672},{"page_index":19,"viewing_time":238},{"page_index":20,"viewing_time":3340},{"page_index":21,"viewing_time":745},{"page_index":20,"viewing_time":1385},{"page_index":21,"viewing_time":2325},{"page_index":20,"viewing_time":489},{"page_index":19,"viewing_time":570},{"page_index":18,"viewing_time":376},{"page_index":17,"viewing_time":367},{"page_index":18,"viewing_time":231},{"page_index":19,"viewing_time":211},{"page_index":20,"viewing_time":703},{"page_index":19,"viewing_time":543},{"page_index":18,"viewing_time":447},{"page_index":17,"viewing_time":154},{"page_index":16,"viewing_time":312},{"page_index":15,"viewing_time":2534},{"page_index":16,"viewing_time":845},{"page_index":15,"viewing_time":1153},{"page_index":16,"viewing_time":1082},{"page_index":17,"viewing_time":140},{"page_index":18,"viewing_time":167},{"page_index":19,"viewing_time":174},{"page_index":20,"viewing_time":778},{"page_index":21,"viewing_time":444}],"rt":85253,"trial_type":"instructions","trial_index":3,"time_elapsed":89981,"internal_node_id":"0.0-3.0"},{"rt":54471,"url":"../static/nodeGraphsTraining.html","skip":[],"edgeClickLog":[],"trial_type":"external-html","trial_index":4,"time_elapsed":144524,"internal_node_id":"0.0-4.0"},{"rt":57889,"response":{"q1":"The goal is to help the student to get the most points","q2":"False","q3":"Possible paths you, as the teacher, can choose to teach the learner.","q4":"Paths that the student took before."},"question_order":[0,1,2,3],"trial_type":"survey-multi-choice","trial_index":5,"time_elapsed":202415,"internal_node_id":"0.0-5.0"},{"rt":14489,"stimulus":"<p>You can take a 60 second break before starting the experiment.</p><br><br><p>This page will advance in 60 seconds or you can press any key to advance now.</p>","response":" ","trial_type":"html-keyboard-response","trial_index":6,"time_elapsed":216907,"internal_node_id":"0.0-7.0"},{"view_history":[{"page_index":0,"viewing_time":9704}],"rt":9704,"trial_type":"instructions","trial_index":7,"time_elapsed":226612,"internal_node_id":"0.0-8.0"},{"rt":13667,"url":"../static/nodeGraphs.html","edge":"6to8","edgeRT":"9162","skip":"false","flipped":"True","index":"19","edgeClickLog":"[{\"edgeSelection\":\"6to8\",\"edgeRTMS\":9162}]","trial_id":"incong_9_flipped","congruency":"I","task":"experiment","subjectId":"m67wqx8ytt6rpro","trial_type":"external-html","trial_index":8,"time_elapsed":240367,"internal_node_id":"0.0-9.0-0.0"},{"rt":14238,"url":"../static/nodeGraphs.html","edge":"5to8","edgeRT":"12887","skip":"false","flipped":"False","index":"8","edgeClickLog":"[{\"edgeSelection\":\"5to8\",\"edgeRTMS\":12887}]","trial_id":"incong_8","congruency":"I","task":"experiment","subjectId":"m67wqx8ytt6rpro","trial_type":"external-html","trial_index":9,"time_elapsed":255173,"internal_node_id":"0.0-9.0-0.1"},{"rt":9892,"url":"../static/nodeGraphs.html","edge":"4to7","edgeRT":"8207","skip":"false","flipped":"True","index":"11","edgeClickLog":"[{\"edgeSelection\":\"4to7\",\"edgeRTMS\":8207}]","trial_id":"incong_1_flipped","congruency":"I","task":"experiment","subjectId":"m67wqx8ytt6rpro","trial_type":"external-html","trial_index":10,"time_elapsed":265657,"internal_node_id":"0.0-9.0-0.2"},{"rt":13213,"url":"../static/nodeGraphs.html","edge":"5to7","edgeRT":"9120","skip":"false","flipped":"True","index":"12","edgeClickLog":"[{\"edgeSelection\":\"5to7\",\"edgeRTMS\":9120}]","trial_id":"incong_2_flipped","congruency":"I","task":"experiment","subjectId":"m67wqx8ytt6rpro","trial_type":"external-html","trial_index":11,"time_elapsed":279456,"internal_node_id":"0.0-9.0-0.3"},{"rt":8154,"url":"../static/nodeGraphs.html","edge":"6to8","edgeRT":"6172","skip":"false","flipped":"False","index":"6","edgeClickLog":"[{\"edgeSelection\":\"6to8\",\"edgeRTMS\":6172}]","trial_id":"incong_6","congruency":"I","task":"experiment","subjectId":"m67wqx8ytt6rpro","trial_type":"external-html","trial_index":12,"time_elapsed":288194,"internal_node_id":"0.0-9.0-0.4"},{"rt":24544,"url":"../static/nodeGraphs.html","edge":"4to8","edgeRT":"19803","skip":"false","flipped":"False","index":"4","edgeClickLog":"[{\"edgeSelection\":\"4to8\",\"edgeRTMS\":19803}]","trial_id":"incong_4","congruency":"I","task":"experiment","subjectId":"m67wqx8ytt6rpro","trial_type":"external-html","trial_index":13,"time_elapsed":313316,"internal_node_id":"0.0-9.0-0.5"},{"rt":20319,"url":"../static/nodeGraphs.html","edge":"5to8","edgeRT":"19282","skip":"false","flipped":"True","index":"17","edgeClickLog":"[{\"edgeSelection\":\"1to4\",\"edgeRTMS\":9223},{\"edgeSelection\":\"5to7\",\"edgeRTMS\":16012},{\"edgeSelection\":\"5to8\",\"edgeRTMS\":19282}]","trial_id":"incong_7_flipped","congruency":"I","task":"experiment","subjectId":"m67wqx8ytt6rpro","trial_type":"external-html","trial_index":14,"time_elapsed":334202,"internal_node_id":"0.0-9.0-0.6"},{"rt":8411,"url":"../static/nodeGraphs.html","edge":"5to7","edgeRT":"7576","skip":"false","flipped":"False","index":"3","edgeClickLog":"[{\"edgeSelection\":\"5to7\",\"edgeRTMS\":7576}]","trial_id":"incong_3","congruency":"I","task":"experiment","subjectId":"m67wqx8ytt6rpro","trial_type":"external-html","trial_index":15,"time_elapsed":343182,"internal_node_id":"0.0-9.0-0.7"},{"rt":21632,"url":"../static/nodeGraphs.html","edge":"0to2","edgeRT":"20281","skip":"false","flipped":"False","index":"2","edgeClickLog":"[{\"edgeSelection\":\"5to7\",\"edgeRTMS\":16693},{\"edgeSelection\":\"0to2\",\"edgeRTMS\":20281}]","trial_id":"incong_2","congruency":"I","task":"experiment","subjectId":"m67wqx8ytt6rpro","trial_type":"external-html","trial_index":16,"time_elapsed":365391,"internal_node_id":"0.0-9.0-0.8"},{"rt":7188,"url":"../static/nodeGraphs.html","edge":"4to8","edgeRT":"6006","skip":"false","flipped":"True","index":"10","edgeClickLog":"[{\"edgeSelection\":\"4to8\",\"edgeRTMS\":6006}]","trial_id":"incong_0_flipped","congruency":"I","task":"experiment","subjectId":"m67wqx8ytt6rpro","trial_type":"external-html","trial_index":17,"time_elapsed":373315,"internal_node_id":"0.0-9.0-0.9"},{"rt":16668,"url":"../static/nodeGraphs.html","edge":"5to8","edgeRT":"11814","skip":"false","flipped":"True","index":"15","edgeClickLog":"[{\"edgeSelection\":\"2to6\",\"edgeRTMS\":6560},{\"edgeSelection\":\"2to6\",\"edgeRTMS\":7504},{\"edgeSelection\":\"5to8\",\"edgeRTMS\":11814}]","trial_id":"incong_5_flipped","congruency":"I","task":"experiment","subjectId":"m67wqx8ytt6rpro","trial_type":"external-html","trial_index":18,"time_elapsed":390561,"internal_node_id":"0.0-9.0-0.10"},{"rt":7936,"url":"../static/nodeGraphs.html","edge":"5to8","edgeRT":"6162","skip":"false","flipped":"False","index":"7","edgeClickLog":"[{\"edgeSelection\":\"5to8\",\"edgeRTMS\":6162}]","trial_id":"incong_7","congruency":"I","task":"experiment","subjectId":"m67wqx8ytt6rpro","trial_type":"external-html","trial_index":19,"time_elapsed":399076,"internal_node_id":"0.0-9.0-0.11"},{"rt":7627,"url":"../static/nodeGraphs.html","edge":"4to8","edgeRT":"2879","skip":"false","flipped":"True","index":"16","edgeClickLog":"[{\"edgeSelection\":\"4to8\",\"edgeRTMS\":2879}]","trial_id":"incong_6_flipped","congruency":"I","task":"experiment","subjectId":"m67wqx8ytt6rpro","trial_type":"external-html","trial_index":20,"time_elapsed":407291,"internal_node_id":"0.0-9.0-0.12"},{"rt":15163,"url":"../static/nodeGraphs.html","edge":"5to8","edgeRT":"9021","skip":"false","flipped":"False","index":"5","edgeClickLog":"[{\"edgeSelection\":\"5to8\",\"edgeRTMS\":9021}]","trial_id":"incong_5","congruency":"I","task":"experiment","subjectId":"m67wqx8ytt6rpro","trial_type":"external-html","trial_index":21,"time_elapsed":423023,"internal_node_id":"0.0-9.0-0.13"},{"rt":4427,"url":"../static/nodeGraphs.html","edge":"4to8","edgeRT":"2566","skip":"false","flipped":"False","index":"9","edgeClickLog":"[{\"edgeSelection\":\"4to8\",\"edgeRTMS\":2566}]","trial_id":"incong_9","congruency":"I","task":"experiment","subjectId":"m67wqx8ytt6rpro","trial_type":"external-html","trial_index":22,"time_elapsed":428038,"internal_node_id":"0.0-9.0-0.14"},{"rt":13851,"url":"../static/nodeGraphs.html","edge":"6to8","edgeRT":"13088","skip":"false","flipped":"True","index":"14","edgeClickLog":"[{\"edgeSelection\":\"6to8\",\"edgeRTMS\":12625},{\"edgeSelection\":\"6to8\",\"edgeRTMS\":13088}]","trial_id":"incong_4_flipped","congruency":"I","task":"experiment","subjectId":"m67wqx8ytt6rpro","trial_type":"external-html","trial_index":23,"time_elapsed":442466,"internal_node_id":"0.0-9.0-0.15"},{"rt":9113,"url":"../static/nodeGraphs.html","edge":"5to8","edgeRT":"5522","skip":"false","flipped":"True","index":"18","edgeClickLog":"[{\"edgeSelection\":\"5to8\",\"edgeRTMS\":5522}]","trial_id":"incong_8_flipped","congruency":"I","task":"experiment","subjectId":"m67wqx8ytt6rpro","trial_type":"external-html","trial_index":24,"time_elapsed":452151,"internal_node_id":"0.0-9.0-0.16"},{"rt":6486,"url":"../static/nodeGraphs.html","edge":"5to9","edgeRT":"3366","skip":"false","flipped":"True","index":"13","edgeClickLog":"[{\"edgeSelection\":\"5to9\",\"edgeRTMS\":3366}]","trial_id":"incong_3_flipped","congruency":"I","task":"experiment","subjectId":"m67wqx8ytt6rpro","trial_type":"external-html","trial_index":25,"time_elapsed":459211,"internal_node_id":"0.0-9.0-0.17"},{"rt":10223,"url":"../static/nodeGraphs.html","edge":"6to9","edgeRT":"8032","skip":"false","flipped":"False","index":"1","edgeClickLog":"[{\"edgeSelection\":\"6to9\",\"edgeRTMS\":8032}]","trial_id":"incong_1","congruency":"I","task":"experiment","subjectId":"m67wqx8ytt6rpro","trial_type":"external-html","trial_index":26,"time_elapsed":470059,"internal_node_id":"0.0-9.0-0.18"},{"rt":11624,"url":"../static/nodeGraphs.html","edge":"6to8","edgeRT":"10058","skip":"false","flipped":"False","index":"0","edgeClickLog":"[{\"edgeSelection\":\"6to8\",\"edgeRTMS\":10058}]","trial_id":"incong_0","congruency":"I","task":"experiment","subjectId":"m67wqx8ytt6rpro","trial_type":"external-html","trial_index":27,"time_elapsed":482252,"internal_node_id":"0.0-9.0-0.19"},{"rt":13521,"url":"../static/nodeGraphs.html","edge":"5to8","edgeRT":"10615","skip":"false","flipped":"False","index":"20","edgeClickLog":"[{\"edgeSelection\":\"5to8\",\"edgeRTMS\":10615}]","trial_id":"test_0","congruency":"I","task":"experiment","subjectId":"m67wqx8ytt6rpro","trial_type":"external-html","trial_index":28,"time_elapsed":496344,"internal_node_id":"0.0-9.0-0.20"},{"rt":6899,"url":"../static/nodeGraphs.html","edge":"4to7","edgeRT":"5155","skip":"false","flipped":"False","index":"21","edgeClickLog":"[{\"edgeSelection\":\"4to7\",\"edgeRTMS\":5155}]","trial_id":"test_1","congruency":"I","task":"experiment","subjectId":"m67wqx8ytt6rpro","trial_type":"external-html","trial_index":29,"time_elapsed":503813,"internal_node_id":"0.0-9.0-0.21"},{"rt":7649,"url":"../static/nodeGraphs.html","edge":"6to8","edgeRT":"4404","skip":"false","flipped":"False","index":"22","edgeClickLog":"[{\"edgeSelection\":\"6to8\",\"edgeRTMS\":4404}]","trial_id":"test_2","congruency":"I","task":"experiment","subjectId":"m67wqx8ytt6rpro","trial_type":"external-html","trial_index":30,"time_elapsed":512042,"internal_node_id":"0.0-9.0-0.22"},{"rt":9978,"url":"../static/nodeGraphs.html","edge":"5to9","edgeRT":"6958","skip":"false","flipped":"False","index":"23","edgeClickLog":"[{\"edgeSelection\":\"5to9\",\"edgeRTMS\":6958}]","trial_id":"test_3","congruency":"I","task":"experiment","subjectId":"m67wqx8ytt6rpro","trial_type":"external-html","trial_index":31,"time_elapsed":522591,"internal_node_id":"0.0-9.0-0.23"},{"rt":6977,"url":"../static/nodeGraphs.html","edge":"4to7","edgeRT":"3515","skip":"false","flipped":"False","index":"24","edgeClickLog":"[{\"edgeSelection\":\"4to7\",\"edgeRTMS\":3515}]","trial_id":"test_4","congruency":"I","task":"experiment","subjectId":"m67wqx8ytt6rpro","trial_type":"external-html","trial_index":32,"time_elapsed":530157,"internal_node_id":"0.0-9.0-0.24"},{"rt":125550,"response":{"P0_Q0":null,"P0_Q1":2,"P0_Q2":4,"P0_Q3":4,"P0_Q4":3,"P0_Q5":1,"strategies":"Look at the final path the student took and worked from there","feedback":"n/a"},"accuracy":[],"trial_type":"survey","trial_index":33,"time_elapsed":656247,"internal_node_id":"0.0-10.0"},{"rt":3505,"stimulus":"<p>Thanks for your time!</p>        <p>We need to manually calculate your bonus pay, please give us up to 7 days.</p><p>Press any key to conclude.</p>","response":" ","task":"end","subjectId":"m67wqx8ytt6rpro","trial_type":"html-keyboard-response","trial_index":34,"time_elapsed":659753,"internal_node_id":"0.0-11.0","interactions":"[{\"event\":\"fullscreenenter\",\"trial\":1,\"time\":1247},{\"event\":\"blur\",\"trial\":13,\"time\":302789},{\"event\":\"focus\",\"trial\":13,\"time\":302789},{\"event\":\"fullscreenexit\",\"trial\":13,\"time\":302793},{\"event\":\"blur\",\"trial\":16,\"time\":352932},{\"event\":\"focus\",\"trial\":16,\"time\":352932},{\"event\":\"blur\",\"trial\":16,\"time\":357332},{\"event\":\"focus\",\"trial\":16,\"time\":357332},{\"event\":\"blur\",\"trial\":30,\"time\":509520},{\"event\":\"focus\",\"trial\":30,\"time\":511949},{\"event\":\"blur\",\"trial\":33,\"time\":550356},{\"event\":\"focus\",\"trial\":33,\"time\":554274},{\"event\":\"blur\",\"trial\":33,\"time\":577063},{\"event\":\"focus\",\"trial\":33,\"time\":578841},{\"event\":\"blur\",\"trial\":33,\"time\":583493},{\"event\":\"focus\",\"trial\":33,\"time\":611599},{\"event\":\"blur\",\"trial\":33,\"time\":611603},{\"event\":\"focus\",\"trial\":33,\"time\":617304},{\"event\":\"blur\",\"trial\":33,\"time\":619275},{\"event\":\"focus\",\"trial\":33,\"time\":642419},{\"event\":\"blur\",\"trial\":33,\"time\":643165},{\"event\":\"focus\",\"trial\":33,\"time\":645772},{\"event\":\"blur\",\"trial\":33,\"time\":648255},{\"event\":\"focus\",\"trial\":33,\"time\":649254}]"}]