[{"success":true,"timeout":false,"failed_images":[],"failed_audio":[],"failed_video":[],"trial_type":"preload","trial_index":0,"time_elapsed":347,"internal_node_id":"0.0-0.0"},{"success":true,"trial_type":"fullscreen","trial_index":1,"time_elapsed":3121,"internal_node_id":"0.0-1.0"},{"rt":1391,"stimulus":"Welcome to the experiment. Press any key to begin.","response":"m","trial_type":"html-keyboard-response","trial_index":2,"time_elapsed":4513,"internal_node_id":"0.0-2.0"},{"view_history":[{"page_index":0,"viewing_time":2325},{"page_index":1,"viewing_time":3622},{"page_index":2,"viewing_time":32736},{"page_index":3,"viewing_time":11076},{"page_index":4,"viewing_time":2574},{"page_index":5,"viewing_time":677},{"page_index":6,"viewing_time":1429},{"page_index":7,"viewing_time":6238},{"page_index":8,"viewing_time":4793},{"page_index":9,"viewing_time":2019},{"page_index":10,"viewing_time":2880},{"page_index":11,"viewing_time":543},{"page_index":12,"viewing_time":393},{"page_index":13,"viewing_time":783},{"page_index":14,"viewing_time":2265},{"page_index":15,"viewing_time":4268},{"page_index":16,"viewing_time":1210},{"page_index":17,"viewing_time":656},{"page_index":18,"viewing_time":618},{"page_index":19,"viewing_time":3665},{"page_index":20,"viewing_time":2752},{"page_index":21,"viewing_time":2371}],"rt":89893,"trial_type":"instructions","trial_index":3,"time_elapsed":94408,"internal_node_id":"0.0-3.0"},{"rt":56797,"url":"../static/nodeGraphsTraining.html","skip":[],"edgeClickLog":[],"trial_type":"external-html","trial_index":4,"time_elapsed":151599,"internal_node_id":"0.0-4.0"},{"rt":46868,"response":{"q1":"The goal is to help the student to get the most points","q2":"False","q3":"Paths that the student took before.","q4":"Possible paths you, as the teacher, can choose to teach the learner."},"question_order":[0,1,2,3],"trial_type":"survey-multi-choice","trial_index":5,"time_elapsed":198470,"internal_node_id":"0.0-5.0"},{"rt":12420,"response":{"q1":"The goal is to help the student to get the most points","q2":"False","q3":"Possible paths you, as the teacher, can choose to teach the learner.","q4":"Paths that the student took before."},"question_order":[0,1,2,3],"trial_type":"survey-multi-choice","trial_index":6,"time_elapsed":210894,"internal_node_id":"0.0-6.0-0.0"},{"rt":5820,"stimulus":"<p>You can take a 60 second break before starting the experiment.</p><br><br><p>This page will advance in 60 seconds or you can press any key to advance now.</p>","response":"m","trial_type":"html-keyboard-response","trial_index":7,"time_elapsed":216717,"internal_node_id":"0.0-7.0"},{"view_history":[{"page_index":0,"viewing_time":8416}],"rt":8417,"trial_type":"instructions","trial_index":8,"time_elapsed":225135,"internal_node_id":"0.0-8.0"},{"rt":5121,"url":"../static/nodeGraphs.html","edge":"0to2","edgeRT":"3979","skip":"false","flipped":"True","index":"19","edgeClickLog":"[{\"edgeSelection\":\"0to2\",\"edgeRTMS\":3979}]","trial_id":"cong_9_flipped","congruency":"C","task":"experiment","subjectId":"sujdwov9zdwxa7y","trial_type":"external-html","trial_index":9,"time_elapsed":230446,"internal_node_id":"0.0-9.0-0.0"},{"rt":12103,"url":"../static/nodeGraphs.html","edge":"2to5","edgeRT":"11093","skip":"false","flipped":"False","index":"2","edgeClickLog":"[{\"edgeSelection\":\"2to5\",\"edgeRTMS\":11093}]","trial_id":"cong_2","congruency":"C","task":"experiment","subjectId":"sujdwov9zdwxa7y","trial_type":"external-html","trial_index":10,"time_elapsed":243243,"internal_node_id":"0.0-9.0-0.1"},{"rt":6401,"url":"../static/nodeGraphs.html","edge":"2to6","edgeRT":"5165","skip":"false","flipped":"False","index":"1","edgeClickLog":"[{\"edgeSelection\":\"2to6\",\"edgeRTMS\":5165}]","trial_id":"cong_1","congruency":"C","task":"experiment","subjectId":"sujdwov9zdwxa7y","trial_type":"external-html","trial_index":11,"time_elapsed":250325,"internal_node_id":"0.0-9.0-0.2"},{"rt":5562,"url":"../static/nodeGraphs.html","edge":"0to1","edgeRT":"3810","skip":"false","flipped":"False","index":"5","edgeClickLog":"[{\"edgeSelection\":\"0to1\",\"edgeRTMS\":3810}]","trial_id":"cong_5","congruency":"C","task":"experiment","subjectId":"sujdwov9zdwxa7y","trial_type":"external-html","trial_index":12,"time_elapsed":256585,"internal_node_id":"0.0-9.0-0.3"},{"rt":5235,"url":"../static/nodeGraphs.html","edge":"3to6","edgeRT":"3281","skip":"false","flipped":"True","index":"10","edgeClickLog":"[{\"edgeSelection\":\"3to6\",\"edgeRTMS\":3281}]","trial_id":"cong_0_flipped","congruency":"C","task":"experiment","subjectId":"sujdwov9zdwxa7y","trial_type":"external-html","trial_index":13,"time_elapsed":262515,"internal_node_id":"0.0-9.0-0.4"},{"rt":3610,"url":"../static/nodeGraphs.html","edge":"2to6","edgeRT":"2798","skip":"false","flipped":"True","index":"14","edgeClickLog":"[{\"edgeSelection\":\"2to6\",\"edgeRTMS\":2798}]","trial_id":"cong_4_flipped","congruency":"C","task":"experiment","subjectId":"sujdwov9zdwxa7y","trial_type":"external-html","trial_index":14,"time_elapsed":266821,"internal_node_id":"0.0-9.0-0.5"},{"rt":8624,"url":"../static/nodeGraphs.html","edge":"2to5","edgeRT":"7026","skip":"false","flipped":"False","index":"9","edgeClickLog":"[{\"edgeSelection\":\"2to5\",\"edgeRTMS\":6051},{\"edgeSelection\":\"2to5\",\"edgeRTMS\":7026}]","trial_id":"cong_9","congruency":"C","task":"experiment","subjectId":"sujdwov9zdwxa7y","trial_type":"external-html","trial_index":15,"time_elapsed":276134,"internal_node_id":"0.0-9.0-0.6"},{"rt":4140,"url":"../static/nodeGraphs.html","edge":"2to5","edgeRT":"3288","skip":"false","flipped":"False","index":"6","edgeClickLog":"[{\"edgeSelection\":\"2to5\",\"edgeRTMS\":3288}]","trial_id":"cong_6","congruency":"C","task":"experiment","subjectId":"sujdwov9zdwxa7y","trial_type":"external-html","trial_index":16,"time_elapsed":280969,"internal_node_id":"0.0-9.0-0.7"},{"rt":12393,"url":"../static/nodeGraphs.html","edge":"2to5","edgeRT":"11499","skip":"false","flipped":"True","index":"12","edgeClickLog":"[{\"edgeSelection\":\"2to5\",\"edgeRTMS\":11499}]","trial_id":"cong_2_flipped","congruency":"C","task":"experiment","subjectId":"sujdwov9zdwxa7y","trial_type":"external-html","trial_index":17,"time_elapsed":294055,"internal_node_id":"0.0-9.0-0.8"},{"rt":6201,"url":"../static/nodeGraphs.html","edge":"1to5","edgeRT":"4529","skip":"false","flipped":"True","index":"13","edgeClickLog":"[{\"edgeSelection\":\"1to5\",\"edgeRTMS\":4529}]","trial_id":"cong_3_flipped","congruency":"C","task":"experiment","subjectId":"sujdwov9zdwxa7y","trial_type":"external-html","trial_index":18,"time_elapsed":300953,"internal_node_id":"0.0-9.0-0.9"},{"rt":12675,"url":"../static/nodeGraphs.html","edge":"3to6","edgeRT":"11706","skip":"false","flipped":"True","index":"18","edgeClickLog":"[{\"edgeSelection\":\"3to6\",\"edgeRTMS\":11706}]","trial_id":"cong_8_flipped","congruency":"C","task":"experiment","subjectId":"sujdwov9zdwxa7y","trial_type":"external-html","trial_index":19,"time_elapsed":314320,"internal_node_id":"0.0-9.0-0.10"},{"rt":5290,"url":"../static/nodeGraphs.html","edge":"2to4","edgeRT":"4273","skip":"false","flipped":"True","index":"11","edgeClickLog":"[{\"edgeSelection\":\"2to4\",\"edgeRTMS\":3275},{\"edgeSelection\":\"2to4\",\"edgeRTMS\":4273}]","trial_id":"cong_1_flipped","congruency":"C","task":"experiment","subjectId":"sujdwov9zdwxa7y","trial_type":"external-html","trial_index":20,"time_elapsed":320606,"internal_node_id":"0.0-9.0-0.11"},{"rt":4511,"url":"../static/nodeGraphs.html","edge":"3to5","edgeRT":"3740","skip":"false","flipped":"False","index":"3","edgeClickLog":"[{\"edgeSelection\":\"3to5\",\"edgeRTMS\":3740}]","trial_id":"cong_3","congruency":"C","task":"experiment","subjectId":"sujdwov9zdwxa7y","trial_type":"external-html","trial_index":21,"time_elapsed":325811,"internal_node_id":"0.0-9.0-0.12"},{"rt":12511,"url":"../static/nodeGraphs.html","edge":"2to4","edgeRT":"10346","skip":"false","flipped":"False","index":"7","edgeClickLog":"[{\"edgeSelection\":\"2to4\",\"edgeRTMS\":10346}]","trial_id":"cong_7","congruency":"C","task":"experiment","subjectId":"sujdwov9zdwxa7y","trial_type":"external-html","trial_index":22,"time_elapsed":339008,"internal_node_id":"0.0-9.0-0.13"},{"rt":3996,"url":"../static/nodeGraphs.html","edge":"2to5","edgeRT":"3144","skip":"false","flipped":"True","index":"16","edgeClickLog":"[{\"edgeSelection\":\"2to5\",\"edgeRTMS\":3144}]","trial_id":"cong_6_flipped","congruency":"C","task":"experiment","subjectId":"sujdwov9zdwxa7y","trial_type":"external-html","trial_index":23,"time_elapsed":343705,"internal_node_id":"0.0-9.0-0.14"},{"rt":5134,"url":"../static/nodeGraphs.html","edge":"0to2","edgeRT":"4239","skip":"false","flipped":"True","index":"17","edgeClickLog":"[{\"edgeSelection\":\"0to2\",\"edgeRTMS\":4239}]","trial_id":"cong_7_flipped","congruency":"C","task":"experiment","subjectId":"sujdwov9zdwxa7y","trial_type":"external-html","trial_index":24,"time_elapsed":349530,"internal_node_id":"0.0-9.0-0.15"},{"rt":2794,"url":"../static/nodeGraphs.html","edge":"1to4","edgeRT":"1943","skip":"false","flipped":"False","index":"0","edgeClickLog":"[{\"edgeSelection\":\"1to4\",\"edgeRTMS\":1943}]","trial_id":"cong_0","congruency":"C","task":"experiment","subjectId":"sujdwov9zdwxa7y","trial_type":"external-html","trial_index":25,"time_elapsed":353017,"internal_node_id":"0.0-9.0-0.16"},{"rt":2808,"url":"../static/nodeGraphs.html","edge":"2to4","edgeRT":"1989","skip":"false","flipped":"False","index":"4","edgeClickLog":"[{\"edgeSelection\":\"2to4\",\"edgeRTMS\":1989}]","trial_id":"cong_4","congruency":"C","task":"experiment","subjectId":"sujdwov9zdwxa7y","trial_type":"external-html","trial_index":26,"time_elapsed":356521,"internal_node_id":"0.0-9.0-0.17"},{"rt":2998,"url":"../static/nodeGraphs.html","edge":"0to3","edgeRT":"2196","skip":"false","flipped":"True","index":"15","edgeClickLog":"[{\"edgeSelection\":\"0to3\",\"edgeRTMS\":2196}]","trial_id":"cong_5_flipped","congruency":"C","task":"experiment","subjectId":"sujdwov9zdwxa7y","trial_type":"external-html","trial_index":27,"time_elapsed":360205,"internal_node_id":"0.0-9.0-0.18"},{"rt":11656,"url":"../static/nodeGraphs.html","edge":"1to4","edgeRT":"10019","skip":"false","flipped":"False","index":"8","edgeClickLog":"[{\"edgeSelection\":\"1to4\",\"edgeRTMS\":10019}]","trial_id":"cong_8","congruency":"C","task":"experiment","subjectId":"sujdwov9zdwxa7y","trial_type":"external-html","trial_index":28,"time_elapsed":372568,"internal_node_id":"0.0-9.0-0.19"},{"rt":3651,"url":"../static/nodeGraphs.html","edge":"0to1","edgeRT":"2219","skip":"false","flipped":"False","index":"20","edgeClickLog":"[{\"edgeSelection\":\"0to1\",\"edgeRTMS\":2219}]","trial_id":"test_0","congruency":"I","task":"experiment","subjectId":"sujdwov9zdwxa7y","trial_type":"external-html","trial_index":29,"time_elapsed":376905,"internal_node_id":"0.0-9.0-0.20"},{"rt":3418,"url":"../static/nodeGraphs.html","edge":"0to3","edgeRT":"1650","skip":"false","flipped":"False","index":"21","edgeClickLog":"[{\"edgeSelection\":\"0to3\",\"edgeRTMS\":1650}]","trial_id":"test_1","congruency":"I","task":"experiment","subjectId":"sujdwov9zdwxa7y","trial_type":"external-html","trial_index":30,"time_elapsed":381015,"internal_node_id":"0.0-9.0-0.21"},{"rt":3693,"url":"../static/nodeGraphs.html","edge":"0to3","edgeRT":"2598","skip":"false","flipped":"False","index":"22","edgeClickLog":"[{\"edgeSelection\":\"0to3\",\"edgeRTMS\":2598}]","trial_id":"test_2","congruency":"I","task":"experiment","subjectId":"sujdwov9zdwxa7y","trial_type":"external-html","trial_index":31,"time_elapsed":385400,"internal_node_id":"0.0-9.0-0.22"},{"rt":2553,"url":"../static/nodeGraphs.html","edge":"0to1","edgeRT":"1519","skip":"false","flipped":"False","index":"23","edgeClickLog":"[{\"edgeSelection\":\"0to1\",\"edgeRTMS\":1519}]","trial_id":"test_3","congruency":"I","task":"experiment","subjectId":"sujdwov9zdwxa7y","trial_type":"external-html","trial_index":32,"time_elapsed":388643,"internal_node_id":"0.0-9.0-0.23"},{"rt":10911,"url":"../static/nodeGraphs.html","edge":"1to5","edgeRT":"9963","skip":"false","flipped":"False","index":"24","edgeClickLog":"[{\"edgeSelection\":\"1to5\",\"edgeRTMS\":8767},{\"edgeSelection\":\"1to5\",\"edgeRTMS\":9963}]","trial_id":"test_4","congruency":"I","task":"experiment","subjectId":"sujdwov9zdwxa7y","trial_type":"external-html","trial_index":33,"time_elapsed":400242,"internal_node_id":"0.0-9.0-0.24"},{"rt":33126,"response":{"P0_Q0":null,"P0_Q1":4,"P0_Q2":5,"P0_Q3":5,"P0_Q4":4,"P0_Q5":3,"strategies":"I started at the top and picked the path with the most points total in the end.","feedback":""},"accuracy":[],"trial_type":"survey","trial_index":34,"time_elapsed":433923,"internal_node_id":"0.0-10.0"},{"rt":1997,"stimulus":"<p>Thanks for your time!</p>        <p>We need to manually calculate your bonus pay, please give us up to 7 days.</p><p>Press any key to conclude.</p>","response":"m","task":"end","subjectId":"sujdwov9zdwxa7y","trial_type":"html-keyboard-response","trial_index":35,"time_elapsed":435922,"internal_node_id":"0.0-11.0","interactions":"[{\"event\":\"fullscreenenter\",\"trial\":1,\"time\":2128},{\"event\":\"blur\",\"trial\":4,\"time\":101028},{\"event\":\"fullscreenexit\",\"trial\":4,\"time\":101047},{\"event\":\"focus\",\"trial\":4,\"time\":101190}]"}]