[{"success":true,"timeout":false,"failed_images":[],"failed_audio":[],"failed_video":[],"trial_type":"preload","trial_index":0,"time_elapsed":537,"internal_node_id":"0.0-0.0"},{"success":true,"trial_type":"fullscreen","trial_index":1,"time_elapsed":23517,"internal_node_id":"0.0-1.0"},{"rt":6733,"stimulus":"Welcome to the experiment. Press any key to begin.","response":" ","trial_type":"html-keyboard-response","trial_index":2,"time_elapsed":30251,"internal_node_id":"0.0-2.0"},{"view_history":[{"page_index":0,"viewing_time":8279},{"page_index":1,"viewing_time":16279},{"page_index":2,"viewing_time":100847},{"page_index":3,"viewing_time":7792},{"page_index":4,"viewing_time":6072},{"page_index":5,"viewing_time":6864},{"page_index":4,"viewing_time":952},{"page_index":5,"viewing_time":384},{"page_index":6,"viewing_time":2424},{"page_index":7,"viewing_time":15072},{"page_index":8,"viewing_time":16664},{"page_index":9,"viewing_time":33072},{"page_index":8,"viewing_time":1424},{"page_index":9,"viewing_time":3200},{"page_index":10,"viewing_time":6024},{"page_index":9,"viewing_time":872},{"page_index":10,"viewing_time":632},{"page_index":11,"viewing_time":1848},{"page_index":12,"viewing_time":8800},{"page_index":13,"viewing_time":2128},{"page_index":14,"viewing_time":3640},{"page_index":15,"viewing_time":17880},{"page_index":16,"viewing_time":9096},{"page_index":17,"viewing_time":2368},{"page_index":18,"viewing_time":2704},{"page_index":19,"viewing_time":7960},{"page_index":20,"viewing_time":9496},{"page_index":21,"viewing_time":7400}],"rt":300173,"trial_type":"instructions","trial_index":3,"time_elapsed":330425,"internal_node_id":"0.0-3.0"},{"rt":136790,"url":"../static/nodeGraphsTraining.html","skip":[],"edgeClickLog":[],"trial_type":"external-html","trial_index":4,"time_elapsed":467318,"internal_node_id":"0.0-4.0"},{"rt":57107,"response":{"q1":"The goal is to help the student to get the most points","q2":"False","q3":"Possible paths you, as the teacher, can choose to teach the learner.","q4":"Paths that the student took before."},"question_order":[0,1,2,3],"trial_type":"survey-multi-choice","trial_index":5,"time_elapsed":524428,"internal_node_id":"0.0-5.0"},{"rt":50914,"stimulus":"<p>You can take a 60 second break before starting the experiment.</p><br><br><p>This page will advance in 60 seconds or you can press any key to advance now.</p>","response":" ","trial_type":"html-keyboard-response","trial_index":6,"time_elapsed":575344,"internal_node_id":"0.0-7.0"},{"view_history":[{"page_index":0,"viewing_time":24936}],"rt":24937,"trial_type":"instructions","trial_index":7,"time_elapsed":600282,"internal_node_id":"0.0-8.0"},{"rt":25141,"url":"../static/nodeGraphs.html","edge":"4to8","edgeRT":"23430","skip":"false","flipped":"True","index":"17","edgeClickLog":"[{\"edgeSelection\":\"0to2\",\"edgeRTMS\":10550},{\"edgeSelection\":\"0to2\",\"edgeRTMS\":11042},{\"edgeSelection\":\"0to2\",\"edgeRTMS\":11435},{\"edgeSelection\":\"2to4\",\"edgeRTMS\":18136},{\"edgeSelection\":\"0to2\",\"edgeRTMS\":19691},{\"edgeSelection\":\"2to4\",\"edgeRTMS\":20953},{\"edgeSelection\":\"4to8\",\"edgeRTMS\":22485},{\"edgeSelection\":\"4to8\",\"edgeRTMS\":22953},{\"edgeSelection\":\"4to8\",\"edgeRTMS\":23430}]","trial_id":"incong_7_flipped","congruency":"I","task":"experiment","subjectId":"y5t5m1coyn88jwo","trial_type":"external-html","trial_index":8,"time_elapsed":625514,"internal_node_id":"0.0-9.0-0.0"},{"rt":13808,"url":"../static/nodeGraphs.html","edge":"4to7","edgeRT":"11858","skip":"false","flipped":"False","index":"5","edgeClickLog":"[{\"edgeSelection\":\"0to2\",\"edgeRTMS\":3980},{\"edgeSelection\":\"2to4\",\"edgeRTMS\":8860},{\"edgeSelection\":\"2to4\",\"edgeRTMS\":9334},{\"edgeSelection\":\"4to7\",\"edgeRTMS\":11858}]","trial_id":"incong_5","congruency":"I","task":"experiment","subjectId":"y5t5m1coyn88jwo","trial_type":"external-html","trial_index":9,"time_elapsed":639879,"internal_node_id":"0.0-9.0-0.1"},{"rt":12136,"url":"../static/nodeGraphs.html","edge":"4to8","edgeRT":"10553","skip":"false","flipped":"False","index":"6","edgeClickLog":"[{\"edgeSelection\":\"0to1\",\"edgeRTMS\":6077},{\"edgeSelection\":\"1to4\",\"edgeRTMS\":9268},{\"edgeSelection\":\"4to8\",\"edgeRTMS\":10553}]","trial_id":"incong_6","congruency":"I","task":"experiment","subjectId":"y5t5m1coyn88jwo","trial_type":"external-html","trial_index":10,"time_elapsed":652574,"internal_node_id":"0.0-9.0-0.2"},{"rt":10235,"url":"../static/nodeGraphs.html","edge":"6to8","edgeRT":"8061","skip":"false","flipped":"True","index":"12","edgeClickLog":"[{\"edgeSelection\":\"0to3\",\"edgeRTMS\":4742},{\"edgeSelection\":\"3to6\",\"edgeRTMS\":5970},{\"edgeSelection\":\"6to8\",\"edgeRTMS\":7534},{\"edgeSelection\":\"6to8\",\"edgeRTMS\":8061}]","trial_id":"incong_2_flipped","congruency":"I","task":"experiment","subjectId":"y5t5m1coyn88jwo","trial_type":"external-html","trial_index":11,"time_elapsed":663366,"internal_node_id":"0.0-9.0-0.3"},{"rt":11772,"url":"../static/nodeGraphs.html","edge":"6to8","edgeRT":"10225","skip":"false","flipped":"False","index":"7","edgeClickLog":"[{\"edgeSelection\":\"0to2\",\"edgeRTMS\":6220},{\"edgeSelection\":\"0to2\",\"edgeRTMS\":6663},{\"edgeSelection\":\"2to6\",\"edgeRTMS\":7767},{\"edgeSelection\":\"6to8\",\"edgeRTMS\":9490},{\"edgeSelection\":\"6to8\",\"edgeRTMS\":9873},{\"edgeSelection\":\"6to8\",\"edgeRTMS\":10225}]","trial_id":"incong_7","congruency":"I","task":"experiment","subjectId":"y5t5m1coyn88jwo","trial_type":"external-html","trial_index":12,"time_elapsed":675692,"internal_node_id":"0.0-9.0-0.4"},{"rt":9327,"url":"../static/nodeGraphs.html","edge":"4to7","edgeRT":"7872","skip":"false","flipped":"False","index":"1","edgeClickLog":"[{\"edgeSelection\":\"0to1\",\"edgeRTMS\":5093},{\"edgeSelection\":\"1to4\",\"edgeRTMS\":6888},{\"edgeSelection\":\"4to7\",\"edgeRTMS\":7872}]","trial_id":"incong_1","congruency":"I","task":"experiment","subjectId":"y5t5m1coyn88jwo","trial_type":"external-html","trial_index":13,"time_elapsed":685574,"internal_node_id":"0.0-9.0-0.5"},{"rt":10957,"url":"../static/nodeGraphs.html","edge":"6to8","edgeRT":"10076","skip":"false","flipped":"False","index":"3","edgeClickLog":"[{\"edgeSelection\":\"0to2\",\"edgeRTMS\":6316},{\"edgeSelection\":\"0to2\",\"edgeRTMS\":6754},{\"edgeSelection\":\"0to2\",\"edgeRTMS\":7380},{\"edgeSelection\":\"2to6\",\"edgeRTMS\":8773},{\"edgeSelection\":\"6to8\",\"edgeRTMS\":10076}]","trial_id":"incong_3","congruency":"I","task":"experiment","subjectId":"y5t5m1coyn88jwo","trial_type":"external-html","trial_index":14,"time_elapsed":697087,"internal_node_id":"0.0-9.0-0.6"},{"rt":10453,"url":"../static/nodeGraphs.html","edge":"5to9","edgeRT":"8606","skip":"false","flipped":"False","index":"9","edgeClickLog":"[{\"edgeSelection\":\"0to2\",\"edgeRTMS\":4330},{\"edgeSelection\":\"0to2\",\"edgeRTMS\":4825},{\"edgeSelection\":\"2to5\",\"edgeRTMS\":6118},{\"edgeSelection\":\"5to9\",\"edgeRTMS\":8606}]","trial_id":"incong_9","congruency":"I","task":"experiment","subjectId":"y5t5m1coyn88jwo","trial_type":"external-html","trial_index":15,"time_elapsed":708094,"internal_node_id":"0.0-9.0-0.7"},{"rt":9754,"url":"../static/nodeGraphs.html","edge":"4to7","edgeRT":"8381","skip":"false","flipped":"False","index":"0","edgeClickLog":"[{\"edgeSelection\":\"0to1\",\"edgeRTMS\":5035},{\"edgeSelection\":\"0to1\",\"edgeRTMS\":5517},{\"edgeSelection\":\"1to4\",\"edgeRTMS\":6838},{\"edgeSelection\":\"4to7\",\"edgeRTMS\":8381}]","trial_id":"incong_0","congruency":"I","task":"experiment","subjectId":"y5t5m1coyn88jwo","trial_type":"external-html","trial_index":16,"time_elapsed":718433,"internal_node_id":"0.0-9.0-0.8"},{"rt":18517,"url":"../static/nodeGraphs.html","edge":"6to8","edgeRT":"17124","skip":"false","flipped":"True","index":"16","edgeClickLog":"[{\"edgeSelection\":\"0to2\",\"edgeRTMS\":6125},{\"edgeSelection\":\"2to6\",\"edgeRTMS\":7503},{\"edgeSelection\":\"6to8\",\"edgeRTMS\":8563},{\"edgeSelection\":\"6to8\",\"edgeRTMS\":9798},{\"edgeSelection\":\"6to8\",\"edgeRTMS\":10137},{\"edgeSelection\":\"0to2\",\"edgeRTMS\":12907},{\"edgeSelection\":\"2to6\",\"edgeRTMS\":14990},{\"edgeSelection\":\"6to8\",\"edgeRTMS\":16206},{\"edgeSelection\":\"6to8\",\"edgeRTMS\":16679},{\"edgeSelection\":\"6to8\",\"edgeRTMS\":17124}]","trial_id":"incong_6_flipped","congruency":"I","task":"experiment","subjectId":"y5t5m1coyn88jwo","trial_type":"external-html","trial_index":17,"time_elapsed":737507,"internal_node_id":"0.0-9.0-0.9"},{"rt":12450,"url":"../static/nodeGraphs.html","edge":"5to7","edgeRT":"10805","skip":"false","flipped":"True","index":"14","edgeClickLog":"[{\"edgeSelection\":\"0to1\",\"edgeRTMS\":5294},{\"edgeSelection\":\"0to1\",\"edgeRTMS\":5787},{\"edgeSelection\":\"0to1\",\"edgeRTMS\":6259},{\"edgeSelection\":\"0to1\",\"edgeRTMS\":6591},{\"edgeSelection\":\"0to1\",\"edgeRTMS\":7068},{\"edgeSelection\":\"1to5\",\"edgeRTMS\":8121},{\"edgeSelection\":\"1to5\",\"edgeRTMS\":8572},{\"edgeSelection\":\"1to5\",\"edgeRTMS\":8966},{\"edgeSelection\":\"5to7\",\"edgeRTMS\":10805}]","trial_id":"incong_4_flipped","congruency":"I","task":"experiment","subjectId":"y5t5m1coyn88jwo","trial_type":"external-html","trial_index":18,"time_elapsed":750514,"internal_node_id":"0.0-9.0-0.10"},{"rt":12116,"url":"../static/nodeGraphs.html","edge":"4to8","edgeRT":"10233","skip":"false","flipped":"True","index":"13","edgeClickLog":"[{\"edgeSelection\":\"0to2\",\"edgeRTMS\":5145},{\"edgeSelection\":\"2to4\",\"edgeRTMS\":6164},{\"edgeSelection\":\"2to4\",\"edgeRTMS\":6919},{\"edgeSelection\":\"2to4\",\"edgeRTMS\":7358},{\"edgeSelection\":\"4to8\",\"edgeRTMS\":8743},{\"edgeSelection\":\"4to8\",\"edgeRTMS\":10233}]","trial_id":"incong_3_flipped","congruency":"I","task":"experiment","subjectId":"y5t5m1coyn88jwo","trial_type":"external-html","trial_index":19,"time_elapsed":763190,"internal_node_id":"0.0-9.0-0.11"},{"rt":10158,"url":"../static/nodeGraphs.html","edge":"5to8","edgeRT":"8332","skip":"false","flipped":"False","index":"8","edgeClickLog":"[{\"edgeSelection\":\"0to1\",\"edgeRTMS\":4594},{\"edgeSelection\":\"1to5\",\"edgeRTMS\":5688},{\"edgeSelection\":\"1to5\",\"edgeRTMS\":6318},{\"edgeSelection\":\"1to5\",\"edgeRTMS\":6755},{\"edgeSelection\":\"5to8\",\"edgeRTMS\":8332}]","trial_id":"incong_8","congruency":"I","task":"experiment","subjectId":"y5t5m1coyn88jwo","trial_type":"external-html","trial_index":20,"time_elapsed":773902,"internal_node_id":"0.0-9.0-0.12"},{"rt":8268,"url":"../static/nodeGraphs.html","edge":"6to9","edgeRT":"7177","skip":"false","flipped":"True","index":"10","edgeClickLog":"[{\"edgeSelection\":\"0to3\",\"edgeRTMS\":4855},{\"edgeSelection\":\"3to6\",\"edgeRTMS\":5990},{\"edgeSelection\":\"6to9\",\"edgeRTMS\":7177}]","trial_id":"incong_0_flipped","congruency":"I","task":"experiment","subjectId":"y5t5m1coyn88jwo","trial_type":"external-html","trial_index":21,"time_elapsed":782729,"internal_node_id":"0.0-9.0-0.13"},{"rt":10896,"url":"../static/nodeGraphs.html","edge":"6to9","edgeRT":"9134","skip":"false","flipped":"False","index":"4","edgeClickLog":"[{\"edgeSelection\":\"0to3\",\"edgeRTMS\":5291},{\"edgeSelection\":\"0to3\",\"edgeRTMS\":6008},{\"edgeSelection\":\"0to3\",\"edgeRTMS\":6508},{\"edgeSelection\":\"3to6\",\"edgeRTMS\":7882},{\"edgeSelection\":\"6to9\",\"edgeRTMS\":9134}]","trial_id":"incong_4","congruency":"I","task":"experiment","subjectId":"y5t5m1coyn88jwo","trial_type":"external-html","trial_index":22,"time_elapsed":794182,"internal_node_id":"0.0-9.0-0.14"},{"rt":11289,"url":"../static/nodeGraphs.html","edge":"6to9","edgeRT":"9685","skip":"false","flipped":"True","index":"18","edgeClickLog":"[{\"edgeSelection\":\"0to3\",\"edgeRTMS\":3076},{\"edgeSelection\":\"0to3\",\"edgeRTMS\":3960},{\"edgeSelection\":\"0to3\",\"edgeRTMS\":4494},{\"edgeSelection\":\"3to6\",\"edgeRTMS\":7756},{\"edgeSelection\":\"6to9\",\"edgeRTMS\":9685}]","trial_id":"incong_8_flipped","congruency":"I","task":"experiment","subjectId":"y5t5m1coyn88jwo","trial_type":"external-html","trial_index":23,"time_elapsed":806077,"internal_node_id":"0.0-9.0-0.15"},{"rt":14065,"url":"../static/nodeGraphs.html","edge":"6to9","edgeRT":"12514","skip":"false","flipped":"True","index":"11","edgeClickLog":"[{\"edgeSelection\":\"0to3\",\"edgeRTMS\":5428},{\"edgeSelection\":\"3to5\",\"edgeRTMS\":7083},{\"edgeSelection\":\"2to6\",\"edgeRTMS\":8756},{\"edgeSelection\":\"0to3\",\"edgeRTMS\":10337},{\"edgeSelection\":\"3to6\",\"edgeRTMS\":11478},{\"edgeSelection\":\"6to9\",\"edgeRTMS\":12514}]","trial_id":"incong_1_flipped","congruency":"I","task":"experiment","subjectId":"y5t5m1coyn88jwo","trial_type":"external-html","trial_index":24,"time_elapsed":820698,"internal_node_id":"0.0-9.0-0.16"},{"rt":10118,"url":"../static/nodeGraphs.html","edge":"6to9","edgeRT":"8566","skip":"false","flipped":"True","index":"15","edgeClickLog":"[{\"edgeSelection\":\"0to2\",\"edgeRTMS\":4463},{\"edgeSelection\":\"2to6\",\"edgeRTMS\":5457},{\"edgeSelection\":\"6to9\",\"edgeRTMS\":6508},{\"edgeSelection\":\"6to9\",\"edgeRTMS\":8566}]","trial_id":"incong_5_flipped","congruency":"I","task":"experiment","subjectId":"y5t5m1coyn88jwo","trial_type":"external-html","trial_index":25,"time_elapsed":831369,"internal_node_id":"0.0-9.0-0.17"},{"rt":8785,"url":"../static/nodeGraphs.html","edge":"5to8","edgeRT":"7317","skip":"false","flipped":"True","index":"19","edgeClickLog":"[{\"edgeSelection\":\"0to2\",\"edgeRTMS\":4151},{\"edgeSelection\":\"2to5\",\"edgeRTMS\":5322},{\"edgeSelection\":\"5to8\",\"edgeRTMS\":6242},{\"edgeSelection\":\"5to8\",\"edgeRTMS\":7317}]","trial_id":"incong_9_flipped","congruency":"I","task":"experiment","subjectId":"y5t5m1coyn88jwo","trial_type":"external-html","trial_index":26,"time_elapsed":840707,"internal_node_id":"0.0-9.0-0.18"},{"rt":10941,"url":"../static/nodeGraphs.html","edge":"4to8","edgeRT":"9628","skip":"false","flipped":"False","index":"2","edgeClickLog":"[{\"edgeSelection\":\"0to2\",\"edgeRTMS\":5010},{\"edgeSelection\":\"2to4\",\"edgeRTMS\":6710},{\"edgeSelection\":\"2to4\",\"edgeRTMS\":7331},{\"edgeSelection\":\"2to4\",\"edgeRTMS\":7751},{\"edgeSelection\":\"4to8\",\"edgeRTMS\":9628}]","trial_id":"incong_2","congruency":"I","task":"experiment","subjectId":"y5t5m1coyn88jwo","trial_type":"external-html","trial_index":27,"time_elapsed":852204,"internal_node_id":"0.0-9.0-0.19"},{"rt":9420,"url":"../static/nodeGraphs.html","edge":"5to8","edgeRT":"8482","skip":"false","flipped":"False","index":"20","edgeClickLog":"[{\"edgeSelection\":\"0to1\",\"edgeRTMS\":3460},{\"edgeSelection\":\"0to1\",\"edgeRTMS\":4022},{\"edgeSelection\":\"1to5\",\"edgeRTMS\":5487},{\"edgeSelection\":\"1to5\",\"edgeRTMS\":6009},{\"edgeSelection\":\"1to5\",\"edgeRTMS\":6759},{\"edgeSelection\":\"5to8\",\"edgeRTMS\":8482}]","trial_id":"test_0","congruency":"I","task":"experiment","subjectId":"y5t5m1coyn88jwo","trial_type":"external-html","trial_index":28,"time_elapsed":862183,"internal_node_id":"0.0-9.0-0.20"},{"rt":10466,"url":"../static/nodeGraphs.html","edge":"6to9","edgeRT":"8817","skip":"false","flipped":"False","index":"21","edgeClickLog":"[{\"edgeSelection\":\"0to3\",\"edgeRTMS\":5006},{\"edgeSelection\":\"0to3\",\"edgeRTMS\":5767},{\"edgeSelection\":\"3to6\",\"edgeRTMS\":7335},{\"edgeSelection\":\"6to9\",\"edgeRTMS\":8817}]","trial_id":"test_1","congruency":"I","task":"experiment","subjectId":"y5t5m1coyn88jwo","trial_type":"external-html","trial_index":29,"time_elapsed":873205,"internal_node_id":"0.0-9.0-0.21"},{"rt":9873,"url":"../static/nodeGraphs.html","edge":"6to8","edgeRT":"8441","skip":"false","flipped":"False","index":"22","edgeClickLog":"[{\"edgeSelection\":\"0to3\",\"edgeRTMS\":4363},{\"edgeSelection\":\"3to6\",\"edgeRTMS\":6403},{\"edgeSelection\":\"6to8\",\"edgeRTMS\":8441}]","trial_id":"test_2","congruency":"I","task":"experiment","subjectId":"y5t5m1coyn88jwo","trial_type":"external-html","trial_index":30,"time_elapsed":883636,"internal_node_id":"0.0-9.0-0.22"},{"rt":9249,"url":"../static/nodeGraphs.html","edge":"5to9","edgeRT":"7678","skip":"false","flipped":"False","index":"23","edgeClickLog":"[{\"edgeSelection\":\"0to1\",\"edgeRTMS\":3332},{\"edgeSelection\":\"1to5\",\"edgeRTMS\":4605},{\"edgeSelection\":\"5to9\",\"edgeRTMS\":7678}]","trial_id":"test_3","congruency":"I","task":"experiment","subjectId":"y5t5m1coyn88jwo","trial_type":"external-html","trial_index":31,"time_elapsed":893438,"internal_node_id":"0.0-9.0-0.23"},{"rt":6705,"url":"../static/nodeGraphs.html","edge":"6to9","edgeRT":"5334","skip":"false","flipped":"False","index":"24","edgeClickLog":"[{\"edgeSelection\":\"0to3\",\"edgeRTMS\":2400},{\"edgeSelection\":\"3to6\",\"edgeRTMS\":4167},{\"edgeSelection\":\"6to9\",\"edgeRTMS\":5334}]","trial_id":"test_4","congruency":"I","task":"experiment","subjectId":"y5t5m1coyn88jwo","trial_type":"external-html","trial_index":32,"time_elapsed":900697,"internal_node_id":"0.0-9.0-0.24"},{"rt":158174,"response":{"P0_Q0":null,"P0_Q1":4,"P0_Q2":7,"P0_Q3":7,"P0_Q4":7,"P0_Q5":1,"strategies":"I used my math skills by quickly deciding in my mind which path added up the most points and I chose that path for the student.","feedback":"Thank you very much & this was a very unique experiment. I enjoyed it very much.  :)"},"accuracy":[],"trial_type":"survey","trial_index":33,"time_elapsed":1059474,"internal_node_id":"0.0-10.0"},{"rt":5846,"stimulus":"<p>Thanks for your time!</p>        <p>We need to manually calculate your bonus pay, please give us up to 7 days.</p><p>Press any key to conclude.</p>","response":" ","task":"end","subjectId":"y5t5m1coyn88jwo","trial_type":"html-keyboard-response","trial_index":34,"time_elapsed":1065325,"internal_node_id":"0.0-11.0","interactions":"[{\"event\":\"blur\",\"trial\":1,\"time\":19708},{\"event\":\"focus\",\"trial\":1,\"time\":21390},{\"event\":\"fullscreenenter\",\"trial\":1,\"time\":22557},{\"event\":\"blur\",\"trial\":4,\"time\":366441},{\"event\":\"focus\",\"trial\":4,\"time\":366441},{\"event\":\"fullscreenexit\",\"trial\":4,\"time\":366456},{\"event\":\"blur\",\"trial\":8,\"time\":610155},{\"event\":\"focus\",\"trial\":8,\"time\":610155}]"}]