[{"success":true,"timeout":false,"failed_images":[],"failed_audio":[],"failed_video":[],"trial_type":"preload","trial_index":0,"time_elapsed":177,"internal_node_id":"0.0-0.0"},{"success":true,"trial_type":"fullscreen","trial_index":1,"time_elapsed":41647,"internal_node_id":"0.0-1.0"},{"rt":8865,"stimulus":"Welcome to the experiment. Press any key to begin.","response":" ","trial_type":"html-keyboard-response","trial_index":2,"time_elapsed":50516,"internal_node_id":"0.0-2.0"},{"view_history":[{"page_index":0,"viewing_time":8766},{"page_index":1,"viewing_time":21529},{"page_index":2,"viewing_time":76907},{"page_index":3,"viewing_time":6947},{"page_index":4,"viewing_time":3133},{"page_index":5,"viewing_time":2953},{"page_index":6,"viewing_time":3408},{"page_index":7,"viewing_time":13703},{"page_index":8,"viewing_time":21995},{"page_index":9,"viewing_time":12814},{"page_index":10,"viewing_time":5435},{"page_index":11,"viewing_time":660},{"page_index":12,"viewing_time":623},{"page_index":13,"viewing_time":3160},{"page_index":14,"viewing_time":5075},{"page_index":15,"viewing_time":6852},{"page_index":16,"viewing_time":1865},{"page_index":17,"viewing_time":765},{"page_index":18,"viewing_time":1129},{"page_index":19,"viewing_time":5398},{"page_index":20,"viewing_time":8285},{"page_index":21,"viewing_time":5850},{"page_index":20,"viewing_time":1012},{"page_index":19,"viewing_time":1644},{"page_index":18,"viewing_time":503},{"page_index":17,"viewing_time":517},{"page_index":16,"viewing_time":536},{"page_index":15,"viewing_time":7133},{"page_index":14,"viewing_time":2125},{"page_index":15,"viewing_time":1951},{"page_index":16,"viewing_time":800},{"page_index":17,"viewing_time":920},{"page_index":18,"viewing_time":1182},{"page_index":19,"viewing_time":5020},{"page_index":20,"viewing_time":3463},{"page_index":21,"viewing_time":3724}],"rt":247780,"trial_type":"instructions","trial_index":3,"time_elapsed":298296,"internal_node_id":"0.0-3.0"},{"rt":96973,"url":"../static/nodeGraphsTraining.html","skip":[],"edgeClickLog":[],"trial_type":"external-html","trial_index":4,"time_elapsed":395314,"internal_node_id":"0.0-4.0"},{"rt":49295,"response":{"q1":"The goal is to help the student to get the most points","q2":"True","q3":"Possible paths you, as the teacher, can choose to teach the learner.","q4":"Paths that the student took before."},"question_order":[0,1,2,3],"trial_type":"survey-multi-choice","trial_index":5,"time_elapsed":444611,"internal_node_id":"0.0-5.0"},{"rt":57035,"response":{"q1":"The goal is to help the student to get the most points","q2":"False","q3":"Possible paths you, as the teacher, can choose to teach the learner.","q4":"Paths that the student took before."},"question_order":[0,1,2,3],"trial_type":"survey-multi-choice","trial_index":6,"time_elapsed":501649,"internal_node_id":"0.0-6.0-0.0"},{"rt":12477,"stimulus":"<p>You can take a 60 second break before starting the experiment.</p><br><br><p>This page will advance in 60 seconds or you can press any key to advance now.</p>","response":" ","trial_type":"html-keyboard-response","trial_index":7,"time_elapsed":514127,"internal_node_id":"0.0-7.0"},{"view_history":[{"page_index":0,"viewing_time":20082}],"rt":20083,"trial_type":"instructions","trial_index":8,"time_elapsed":534209,"internal_node_id":"0.0-8.0"},{"rt":20968,"url":"../static/nodeGraphs.html","edge":"0to1","edgeRT":"18895","skip":"false","flipped":"False","index":"8","edgeClickLog":"[{\"edgeSelection\":\"0to1\",\"edgeRTMS\":11186},{\"edgeSelection\":\"1to5\",\"edgeRTMS\":17423},{\"edgeSelection\":\"0to1\",\"edgeRTMS\":18895}]","trial_id":"incong_8","congruency":"I","task":"experiment","subjectId":"rw0mz1xale8cbc7","trial_type":"external-html","trial_index":9,"time_elapsed":555223,"internal_node_id":"0.0-9.0-0.0"},{"rt":11139,"url":"../static/nodeGraphs.html","edge":"0to2","edgeRT":"7423","skip":"false","flipped":"False","index":"3","edgeClickLog":"[{\"edgeSelection\":\"0to2\",\"edgeRTMS\":7423}]","trial_id":"incong_3","congruency":"I","task":"experiment","subjectId":"rw0mz1xale8cbc7","trial_type":"external-html","trial_index":10,"time_elapsed":566891,"internal_node_id":"0.0-9.0-0.1"},{"rt":18412,"url":"../static/nodeGraphs.html","edge":"1to5","edgeRT":"12465","skip":"false","flipped":"True","index":"10","edgeClickLog":"[{\"edgeSelection\":\"1to5\",\"edgeRTMS\":12465}]","trial_id":"incong_0_flipped","congruency":"I","task":"experiment","subjectId":"rw0mz1xale8cbc7","trial_type":"external-html","trial_index":11,"time_elapsed":585833,"internal_node_id":"0.0-9.0-0.2"},{"rt":16715,"url":"../static/nodeGraphs.html","edge":"0to3","edgeRT":"10498","skip":"false","flipped":"True","index":"14","edgeClickLog":"[{\"edgeSelection\":\"0to3\",\"edgeRTMS\":10498}]","trial_id":"incong_4_flipped","congruency":"I","task":"experiment","subjectId":"rw0mz1xale8cbc7","trial_type":"external-html","trial_index":12,"time_elapsed":603073,"internal_node_id":"0.0-9.0-0.3"},{"rt":12053,"url":"../static/nodeGraphs.html","edge":"0to3","edgeRT":"6939","skip":"false","flipped":"True","index":"16","edgeClickLog":"[{\"edgeSelection\":\"0to3\",\"edgeRTMS\":6939}]","trial_id":"incong_6_flipped","congruency":"I","task":"experiment","subjectId":"rw0mz1xale8cbc7","trial_type":"external-html","trial_index":13,"time_elapsed":615648,"internal_node_id":"0.0-9.0-0.4"},{"rt":13675,"url":"../static/nodeGraphs.html","edge":"0to2","edgeRT":"11016","skip":"false","flipped":"False","index":"7","edgeClickLog":"[{\"edgeSelection\":\"0to2\",\"edgeRTMS\":11016}]","trial_id":"incong_7","congruency":"I","task":"experiment","subjectId":"rw0mz1xale8cbc7","trial_type":"external-html","trial_index":14,"time_elapsed":629844,"internal_node_id":"0.0-9.0-0.5"},{"rt":11321,"url":"../static/nodeGraphs.html","edge":"0to1","edgeRT":"6970","skip":"false","flipped":"False","index":"2","edgeClickLog":"[{\"edgeSelection\":\"0to1\",\"edgeRTMS\":6970}]","trial_id":"incong_2","congruency":"I","task":"experiment","subjectId":"rw0mz1xale8cbc7","trial_type":"external-html","trial_index":15,"time_elapsed":641693,"internal_node_id":"0.0-9.0-0.6"},{"rt":11707,"url":"../static/nodeGraphs.html","edge":"0to1","edgeRT":"8841","skip":"false","flipped":"False","index":"6","edgeClickLog":"[{\"edgeSelection\":\"0to1\",\"edgeRTMS\":8841}]","trial_id":"incong_6","congruency":"I","task":"experiment","subjectId":"rw0mz1xale8cbc7","trial_type":"external-html","trial_index":16,"time_elapsed":653924,"internal_node_id":"0.0-9.0-0.7"},{"rt":21171,"url":"../static/nodeGraphs.html","edge":"2to4","edgeRT":"13627","skip":"false","flipped":"False","index":"5","edgeClickLog":"[{\"edgeSelection\":\"2to4\",\"edgeRTMS\":13627}]","trial_id":"incong_5","congruency":"I","task":"experiment","subjectId":"rw0mz1xale8cbc7","trial_type":"external-html","trial_index":17,"time_elapsed":675622,"internal_node_id":"0.0-9.0-0.8"},{"rt":11646,"url":"../static/nodeGraphs.html","edge":"4to8","edgeRT":"9360","skip":"false","flipped":"False","index":"9","edgeClickLog":"[{\"edgeSelection\":\"4to8\",\"edgeRTMS\":9360}]","trial_id":"incong_9","congruency":"I","task":"experiment","subjectId":"rw0mz1xale8cbc7","trial_type":"external-html","trial_index":18,"time_elapsed":687795,"internal_node_id":"0.0-9.0-0.9"},{"rt":11142,"url":"../static/nodeGraphs.html","edge":"0to3","edgeRT":"4806","skip":"false","flipped":"True","index":"18","edgeClickLog":"[{\"edgeSelection\":\"0to3\",\"edgeRTMS\":4806}]","trial_id":"incong_8_flipped","congruency":"I","task":"experiment","subjectId":"rw0mz1xale8cbc7","trial_type":"external-html","trial_index":19,"time_elapsed":699471,"internal_node_id":"0.0-9.0-0.10"},{"rt":26446,"url":"../static/nodeGraphs.html","edge":"0to2","edgeRT":"24334","skip":"false","flipped":"True","index":"17","edgeClickLog":"[{\"edgeSelection\":\"0to2\",\"edgeRTMS\":12112},{\"edgeSelection\":\"5to8\",\"edgeRTMS\":19229},{\"edgeSelection\":\"0to2\",\"edgeRTMS\":24334}]","trial_id":"incong_7_flipped","congruency":"I","task":"experiment","subjectId":"rw0mz1xale8cbc7","trial_type":"external-html","trial_index":20,"time_elapsed":726442,"internal_node_id":"0.0-9.0-0.11"},{"rt":19375,"url":"../static/nodeGraphs.html","edge":"4to7","edgeRT":"12948","skip":"false","flipped":"True","index":"11","edgeClickLog":"[{\"edgeSelection\":\"4to7\",\"edgeRTMS\":12948}]","trial_id":"incong_1_flipped","congruency":"I","task":"experiment","subjectId":"rw0mz1xale8cbc7","trial_type":"external-html","trial_index":21,"time_elapsed":746347,"internal_node_id":"0.0-9.0-0.12"},{"rt":29060,"url":"../static/nodeGraphs.html","edge":"6to8","edgeRT":"27674","skip":"false","flipped":"True","index":"19","edgeClickLog":"[{\"edgeSelection\":\"6to8\",\"edgeRTMS\":12497},{\"edgeSelection\":\"0to2\",\"edgeRTMS\":19919},{\"edgeSelection\":\"5to9\",\"edgeRTMS\":25437},{\"edgeSelection\":\"5to9\",\"edgeRTMS\":26364},{\"edgeSelection\":\"6to8\",\"edgeRTMS\":27674}]","trial_id":"incong_9_flipped","congruency":"I","task":"experiment","subjectId":"rw0mz1xale8cbc7","trial_type":"external-html","trial_index":22,"time_elapsed":775928,"internal_node_id":"0.0-9.0-0.13"},{"rt":27563,"url":"../static/nodeGraphs.html","edge":"0to3","edgeRT":"18188","skip":"false","flipped":"True","index":"12","edgeClickLog":"[{\"edgeSelection\":\"0to3\",\"edgeRTMS\":18188}]","trial_id":"incong_2_flipped","congruency":"I","task":"experiment","subjectId":"rw0mz1xale8cbc7","trial_type":"external-html","trial_index":23,"time_elapsed":804013,"internal_node_id":"0.0-9.0-0.14"},{"rt":11663,"url":"../static/nodeGraphs.html","edge":"0to2","edgeRT":"7297","skip":"false","flipped":"True","index":"13","edgeClickLog":"[{\"edgeSelection\":\"0to2\",\"edgeRTMS\":7297}]","trial_id":"incong_3_flipped","congruency":"I","task":"experiment","subjectId":"rw0mz1xale8cbc7","trial_type":"external-html","trial_index":24,"time_elapsed":816199,"internal_node_id":"0.0-9.0-0.15"},{"rt":15322,"url":"../static/nodeGraphs.html","edge":"0to2","edgeRT":"13085","skip":"false","flipped":"True","index":"15","edgeClickLog":"[{\"edgeSelection\":\"0to2\",\"edgeRTMS\":13085}]","trial_id":"incong_5_flipped","congruency":"I","task":"experiment","subjectId":"rw0mz1xale8cbc7","trial_type":"external-html","trial_index":25,"time_elapsed":832047,"internal_node_id":"0.0-9.0-0.16"},{"rt":14256,"url":"../static/nodeGraphs.html","edge":"6to9","edgeRT":"5951","skip":"false","flipped":"False","index":"1","edgeClickLog":"[{\"edgeSelection\":\"6to9\",\"edgeRTMS\":5951}]","trial_id":"incong_1","congruency":"I","task":"experiment","subjectId":"rw0mz1xale8cbc7","trial_type":"external-html","trial_index":26,"time_elapsed":846825,"internal_node_id":"0.0-9.0-0.17"},{"rt":17896,"url":"../static/nodeGraphs.html","edge":"0to1","edgeRT":"12994","skip":"false","flipped":"False","index":"0","edgeClickLog":"[{\"edgeSelection\":\"0to1\",\"edgeRTMS\":12994}]","trial_id":"incong_0","congruency":"I","task":"experiment","subjectId":"rw0mz1xale8cbc7","trial_type":"external-html","trial_index":27,"time_elapsed":865245,"internal_node_id":"0.0-9.0-0.18"},{"rt":23518,"url":"../static/nodeGraphs.html","edge":"0to3","edgeRT":"22329","skip":"false","flipped":"False","index":"4","edgeClickLog":"[{\"edgeSelection\":\"0to3\",\"edgeRTMS\":22329}]","trial_id":"incong_4","congruency":"I","task":"experiment","subjectId":"rw0mz1xale8cbc7","trial_type":"external-html","trial_index":28,"time_elapsed":889285,"internal_node_id":"0.0-9.0-0.19"},{"rt":28789,"url":"../static/nodeGraphs.html","edge":"0to1","edgeRT":"26859","skip":"false","flipped":"False","index":"20","edgeClickLog":"[{\"edgeSelection\":\"3to6\",\"edgeRTMS\":11507},{\"edgeSelection\":\"0to1\",\"edgeRTMS\":26859}]","trial_id":"test_0","congruency":"I","task":"experiment","subjectId":"rw0mz1xale8cbc7","trial_type":"external-html","trial_index":29,"time_elapsed":918595,"internal_node_id":"0.0-9.0-0.20"},{"rt":15813,"url":"../static/nodeGraphs.html","edge":"0to3","edgeRT":"13432","skip":"false","flipped":"False","index":"21","edgeClickLog":"[{\"edgeSelection\":\"0to3\",\"edgeRTMS\":11663},{\"edgeSelection\":\"0to3\",\"edgeRTMS\":13432}]","trial_id":"test_1","congruency":"I","task":"experiment","subjectId":"rw0mz1xale8cbc7","trial_type":"external-html","trial_index":30,"time_elapsed":934928,"internal_node_id":"0.0-9.0-0.21"},{"rt":11212,"url":"../static/nodeGraphs.html","edge":"0to3","edgeRT":"6474","skip":"false","flipped":"False","index":"22","edgeClickLog":"[{\"edgeSelection\":\"0to3\",\"edgeRTMS\":6474}]","trial_id":"test_2","congruency":"I","task":"experiment","subjectId":"rw0mz1xale8cbc7","trial_type":"external-html","trial_index":31,"time_elapsed":946660,"internal_node_id":"0.0-9.0-0.22"},{"rt":8356,"url":"../static/nodeGraphs.html","edge":"0to1","edgeRT":"5903","skip":"false","flipped":"False","index":"23","edgeClickLog":"[{\"edgeSelection\":\"0to1\",\"edgeRTMS\":5903}]","trial_id":"test_3","congruency":"I","task":"experiment","subjectId":"rw0mz1xale8cbc7","trial_type":"external-html","trial_index":32,"time_elapsed":955542,"internal_node_id":"0.0-9.0-0.23"},{"rt":25954,"url":"../static/nodeGraphs.html","edge":"1to5","edgeRT":"21095","skip":"false","flipped":"False","index":"24","edgeClickLog":"[{\"edgeSelection\":\"1to5\",\"edgeRTMS\":21095}]","trial_id":"test_4","congruency":"I","task":"experiment","subjectId":"rw0mz1xale8cbc7","trial_type":"external-html","trial_index":33,"time_elapsed":982015,"internal_node_id":"0.0-9.0-0.24"},{"rt":95356,"response":{"P0_Q0":null,"P0_Q1":4,"P0_Q2":7,"P0_Q3":7,"P0_Q4":7,"P0_Q5":1,"strategies":"I calculated what was the current amount of points and tried to chose a path that increased it significantly","feedback":""},"accuracy":[],"trial_type":"survey","trial_index":34,"time_elapsed":1077954,"internal_node_id":"0.0-10.0"},{"rt":3858,"stimulus":"<p>Thanks for your time!</p>        <p>We need to manually calculate your bonus pay, please give us up to 7 days.</p><p>Press any key to conclude.</p>","response":"enter","task":"end","subjectId":"rw0mz1xale8cbc7","trial_type":"html-keyboard-response","trial_index":35,"time_elapsed":1081814,"internal_node_id":"0.0-11.0","interactions":"[{\"event\":\"blur\",\"trial\":1,\"time\":5685},{\"event\":\"focus\",\"trial\":1,\"time\":5798},{\"event\":\"blur\",\"trial\":1,\"time\":14330},{\"event\":\"focus\",\"trial\":1,\"time\":40585},{\"event\":\"fullscreenenter\",\"trial\":1,\"time\":40661},{\"event\":\"blur\",\"trial\":2,\"time\":44584},{\"event\":\"focus\",\"trial\":2,\"time\":48731},{\"event\":\"blur\",\"trial\":34,\"time\":1075069},{\"event\":\"focus\",\"trial\":34,\"time\":1077829}]"}]