[{"success":true,"timeout":false,"failed_images":[],"failed_audio":[],"failed_video":[],"trial_type":"preload","trial_index":0,"time_elapsed":280,"internal_node_id":"0.0-0.0"},{"success":true,"trial_type":"fullscreen","trial_index":1,"time_elapsed":4952,"internal_node_id":"0.0-1.0"},{"rt":2870,"stimulus":"Welcome to the experiment. Press any key to begin.","response":" ","trial_type":"html-keyboard-response","trial_index":2,"time_elapsed":7822,"internal_node_id":"0.0-2.0"},{"view_history":[{"page_index":0,"viewing_time":10401},{"page_index":1,"viewing_time":6624},{"page_index":2,"viewing_time":21391},{"page_index":3,"viewing_time":8123},{"page_index":4,"viewing_time":3094},{"page_index":5,"viewing_time":1409},{"page_index":6,"viewing_time":3503},{"page_index":7,"viewing_time":9664},{"page_index":8,"viewing_time":14047},{"page_index":9,"viewing_time":15586},{"page_index":10,"viewing_time":1375},{"page_index":11,"viewing_time":973},{"page_index":12,"viewing_time":753},{"page_index":13,"viewing_time":2001},{"page_index":14,"viewing_time":4303},{"page_index":15,"viewing_time":4609},{"page_index":16,"viewing_time":2351},{"page_index":17,"viewing_time":800},{"page_index":18,"viewing_time":1185},{"page_index":19,"viewing_time":7630},{"page_index":20,"viewing_time":9411},{"page_index":21,"viewing_time":4561}],"rt":133794,"trial_type":"instructions","trial_index":3,"time_elapsed":141618,"internal_node_id":"0.0-3.0"},{"rt":74413,"url":"../static/nodeGraphsTraining.html","skip":[],"edgeClickLog":[],"trial_type":"external-html","trial_index":4,"time_elapsed":216167,"internal_node_id":"0.0-4.0"},{"rt":61864,"response":{"q1":"The goal is to help the student to get the most points","q2":"False","q3":"Possible paths you, as the teacher, can choose to teach the learner.","q4":"Paths that the student took before."},"question_order":[0,1,2,3],"trial_type":"survey-multi-choice","trial_index":5,"time_elapsed":278032,"internal_node_id":"0.0-5.0"},{"rt":54509,"stimulus":"<p>You can take a 60 second break before starting the experiment.</p><br><br><p>This page will advance in 60 seconds or you can press any key to advance now.</p>","response":"arrowright","trial_type":"html-keyboard-response","trial_index":6,"time_elapsed":332542,"internal_node_id":"0.0-7.0"},{"view_history":[{"page_index":0,"viewing_time":26528}],"rt":26528,"trial_type":"instructions","trial_index":7,"time_elapsed":359071,"internal_node_id":"0.0-8.0"},{"rt":15954,"url":"../static/nodeGraphs.html","edge":"4to7","edgeRT":"14044","skip":"false","flipped":"False","index":"8","edgeClickLog":"[{\"edgeSelection\":\"4to7\",\"edgeRTMS\":14044}]","trial_id":"cong_8","congruency":"C","task":"experiment","subjectId":"c61lypxjho9c1vw","trial_type":"external-html","trial_index":8,"time_elapsed":375309,"internal_node_id":"0.0-9.0-0.0"},{"rt":7743,"url":"../static/nodeGraphs.html","edge":"2to4","edgeRT":"6258","skip":"false","flipped":"False","index":"4","edgeClickLog":"[{\"edgeSelection\":\"2to4\",\"edgeRTMS\":6258}]","trial_id":"cong_4","congruency":"C","task":"experiment","subjectId":"c61lypxjho9c1vw","trial_type":"external-html","trial_index":9,"time_elapsed":383676,"internal_node_id":"0.0-9.0-0.1"},{"rt":11593,"url":"../static/nodeGraphs.html","edge":"1to5","edgeRT":"10221","skip":"false","flipped":"True","index":"13","edgeClickLog":"[{\"edgeSelection\":\"1to5\",\"edgeRTMS\":10221}]","trial_id":"cong_3_flipped","congruency":"C","task":"experiment","subjectId":"c61lypxjho9c1vw","trial_type":"external-html","trial_index":10,"time_elapsed":395902,"internal_node_id":"0.0-9.0-0.2"},{"rt":17947,"url":"../static/nodeGraphs.html","edge":"2to6","edgeRT":"15272","skip":"false","flipped":"False","index":"7","edgeClickLog":"[{\"edgeSelection\":\"2to6\",\"edgeRTMS\":15272}]","trial_id":"cong_7","congruency":"C","task":"experiment","subjectId":"c61lypxjho9c1vw","trial_type":"external-html","trial_index":11,"time_elapsed":414491,"internal_node_id":"0.0-9.0-0.3"},{"rt":7058,"url":"../static/nodeGraphs.html","edge":"2to4","edgeRT":"5712","skip":"false","flipped":"True","index":"11","edgeClickLog":"[{\"edgeSelection\":\"2to4\",\"edgeRTMS\":5712}]","trial_id":"cong_1_flipped","congruency":"C","task":"experiment","subjectId":"c61lypxjho9c1vw","trial_type":"external-html","trial_index":12,"time_elapsed":422173,"internal_node_id":"0.0-9.0-0.4"},{"rt":6229,"url":"../static/nodeGraphs.html","edge":"2to5","edgeRT":"4698","skip":"false","flipped":"False","index":"9","edgeClickLog":"[{\"edgeSelection\":\"2to5\",\"edgeRTMS\":4698}]","trial_id":"cong_9","congruency":"C","task":"experiment","subjectId":"c61lypxjho9c1vw","trial_type":"external-html","trial_index":13,"time_elapsed":429039,"internal_node_id":"0.0-9.0-0.5"},{"rt":5516,"url":"../static/nodeGraphs.html","edge":"1to4","edgeRT":"3161","skip":"false","flipped":"False","index":"0","edgeClickLog":"[{\"edgeSelection\":\"1to4\",\"edgeRTMS\":3161}]","trial_id":"cong_0","congruency":"C","task":"experiment","subjectId":"c61lypxjho9c1vw","trial_type":"external-html","trial_index":14,"time_elapsed":435188,"internal_node_id":"0.0-9.0-0.6"},{"rt":13179,"url":"../static/nodeGraphs.html","edge":"3to6","edgeRT":"11542","skip":"false","flipped":"True","index":"15","edgeClickLog":"[{\"edgeSelection\":\"3to6\",\"edgeRTMS\":11542}]","trial_id":"cong_5_flipped","congruency":"C","task":"experiment","subjectId":"c61lypxjho9c1vw","trial_type":"external-html","trial_index":15,"time_elapsed":449012,"internal_node_id":"0.0-9.0-0.7"},{"rt":5774,"url":"../static/nodeGraphs.html","edge":"2to5","edgeRT":"4202","skip":"false","flipped":"True","index":"16","edgeClickLog":"[{\"edgeSelection\":\"2to5\",\"edgeRTMS\":4202}]","trial_id":"cong_6_flipped","congruency":"C","task":"experiment","subjectId":"c61lypxjho9c1vw","trial_type":"external-html","trial_index":16,"time_elapsed":455421,"internal_node_id":"0.0-9.0-0.8"},{"rt":6492,"url":"../static/nodeGraphs.html","edge":"2to6","edgeRT":"4976","skip":"false","flipped":"False","index":"1","edgeClickLog":"[{\"edgeSelection\":\"2to6\",\"edgeRTMS\":4976}]","trial_id":"cong_1","congruency":"C","task":"experiment","subjectId":"c61lypxjho9c1vw","trial_type":"external-html","trial_index":17,"time_elapsed":462552,"internal_node_id":"0.0-9.0-0.9"},{"rt":4651,"url":"../static/nodeGraphs.html","edge":"2to5","edgeRT":"3095","skip":"false","flipped":"True","index":"19","edgeClickLog":"[{\"edgeSelection\":\"2to5\",\"edgeRTMS\":3095}]","trial_id":"cong_9_flipped","congruency":"C","task":"experiment","subjectId":"c61lypxjho9c1vw","trial_type":"external-html","trial_index":18,"time_elapsed":467836,"internal_node_id":"0.0-9.0-0.10"},{"rt":11280,"url":"../static/nodeGraphs.html","edge":"5to7","edgeRT":"9717","skip":"false","flipped":"True","index":"12","edgeClickLog":"[{\"edgeSelection\":\"5to7\",\"edgeRTMS\":9717}]","trial_id":"cong_2_flipped","congruency":"C","task":"experiment","subjectId":"c61lypxjho9c1vw","trial_type":"external-html","trial_index":19,"time_elapsed":479755,"internal_node_id":"0.0-9.0-0.11"},{"rt":5884,"url":"../static/nodeGraphs.html","edge":"2to6","edgeRT":"4582","skip":"false","flipped":"True","index":"14","edgeClickLog":"[{\"edgeSelection\":\"2to6\",\"edgeRTMS\":4582}]","trial_id":"cong_4_flipped","congruency":"C","task":"experiment","subjectId":"c61lypxjho9c1vw","trial_type":"external-html","trial_index":20,"time_elapsed":486276,"internal_node_id":"0.0-9.0-0.12"},{"rt":5996,"url":"../static/nodeGraphs.html","edge":"2to5","edgeRT":"4913","skip":"false","flipped":"False","index":"6","edgeClickLog":"[{\"edgeSelection\":\"2to5\",\"edgeRTMS\":4913}]","trial_id":"cong_6","congruency":"C","task":"experiment","subjectId":"c61lypxjho9c1vw","trial_type":"external-html","trial_index":21,"time_elapsed":492899,"internal_node_id":"0.0-9.0-0.13"},{"rt":8511,"url":"../static/nodeGraphs.html","edge":"2to6","edgeRT":"7163","skip":"false","flipped":"True","index":"17","edgeClickLog":"[{\"edgeSelection\":\"2to6\",\"edgeRTMS\":7163}]","trial_id":"cong_7_flipped","congruency":"C","task":"experiment","subjectId":"c61lypxjho9c1vw","trial_type":"external-html","trial_index":22,"time_elapsed":502047,"internal_node_id":"0.0-9.0-0.14"},{"rt":13062,"url":"../static/nodeGraphs.html","edge":"6to9","edgeRT":"11831","skip":"false","flipped":"True","index":"18","edgeClickLog":"[{\"edgeSelection\":\"6to9\",\"edgeRTMS\":11831}]","trial_id":"cong_8_flipped","congruency":"C","task":"experiment","subjectId":"c61lypxjho9c1vw","trial_type":"external-html","trial_index":23,"time_elapsed":515749,"internal_node_id":"0.0-9.0-0.15"},{"rt":9975,"url":"../static/nodeGraphs.html","edge":"0to1","edgeRT":"8387","skip":"false","flipped":"False","index":"5","edgeClickLog":"[{\"edgeSelection\":\"0to1\",\"edgeRTMS\":8387}]","trial_id":"cong_5","congruency":"C","task":"experiment","subjectId":"c61lypxjho9c1vw","trial_type":"external-html","trial_index":24,"time_elapsed":526375,"internal_node_id":"0.0-9.0-0.16"},{"rt":13775,"url":"../static/nodeGraphs.html","edge":"5to9","edgeRT":"12546","skip":"false","flipped":"False","index":"2","edgeClickLog":"[{\"edgeSelection\":\"5to9\",\"edgeRTMS\":12546}]","trial_id":"cong_2","congruency":"C","task":"experiment","subjectId":"c61lypxjho9c1vw","trial_type":"external-html","trial_index":25,"time_elapsed":540799,"internal_node_id":"0.0-9.0-0.17"},{"rt":9978,"url":"../static/nodeGraphs.html","edge":"3to6","edgeRT":"8253","skip":"false","flipped":"True","index":"10","edgeClickLog":"[{\"edgeSelection\":\"3to6\",\"edgeRTMS\":8253}]","trial_id":"cong_0_flipped","congruency":"C","task":"experiment","subjectId":"c61lypxjho9c1vw","trial_type":"external-html","trial_index":26,"time_elapsed":551403,"internal_node_id":"0.0-9.0-0.18"},{"rt":15973,"url":"../static/nodeGraphs.html","edge":"5to9","edgeRT":"14573","skip":"false","flipped":"False","index":"3","edgeClickLog":"[{\"edgeSelection\":\"5to9\",\"edgeRTMS\":14573}]","trial_id":"cong_3","congruency":"C","task":"experiment","subjectId":"c61lypxjho9c1vw","trial_type":"external-html","trial_index":27,"time_elapsed":568006,"internal_node_id":"0.0-9.0-0.19"},{"rt":11199,"url":"../static/nodeGraphs.html","edge":"0to2","edgeRT":"9790","skip":"false","flipped":"False","index":"20","edgeClickLog":"[{\"edgeSelection\":\"0to2\",\"edgeRTMS\":9790}]","trial_id":"test_0","congruency":"I","task":"experiment","subjectId":"c61lypxjho9c1vw","trial_type":"external-html","trial_index":28,"time_elapsed":579835,"internal_node_id":"0.0-9.0-0.20"},{"rt":19882,"url":"../static/nodeGraphs.html","edge":"3to6","edgeRT":"14329","skip":"false","flipped":"False","index":"21","edgeClickLog":"[{\"edgeSelection\":\"4to7\",\"edgeRTMS\":6051},{\"edgeSelection\":\"4to7\",\"edgeRTMS\":11353},{\"edgeSelection\":\"4to7\",\"edgeRTMS\":12069},{\"edgeSelection\":\"3to6\",\"edgeRTMS\":14329}]","trial_id":"test_1","congruency":"I","task":"experiment","subjectId":"c61lypxjho9c1vw","trial_type":"external-html","trial_index":29,"time_elapsed":600354,"internal_node_id":"0.0-9.0-0.21"},{"rt":6338,"url":"../static/nodeGraphs.html","edge":"3to6","edgeRT":"4834","skip":"false","flipped":"False","index":"22","edgeClickLog":"[{\"edgeSelection\":\"3to6\",\"edgeRTMS\":4834}]","trial_id":"test_2","congruency":"I","task":"experiment","subjectId":"c61lypxjho9c1vw","trial_type":"external-html","trial_index":30,"time_elapsed":607323,"internal_node_id":"0.0-9.0-0.22"},{"rt":10335,"url":"../static/nodeGraphs.html","edge":"5to9","edgeRT":"9065","skip":"false","flipped":"False","index":"23","edgeClickLog":"[{\"edgeSelection\":\"5to9\",\"edgeRTMS\":9065}]","trial_id":"test_3","congruency":"I","task":"experiment","subjectId":"c61lypxjho9c1vw","trial_type":"external-html","trial_index":31,"time_elapsed":618306,"internal_node_id":"0.0-9.0-0.23"},{"rt":9651,"url":"../static/nodeGraphs.html","edge":"6to9","edgeRT":"8054","skip":"false","flipped":"False","index":"24","edgeClickLog":"[{\"edgeSelection\":\"6to9\",\"edgeRTMS\":8054}]","trial_id":"test_4","congruency":"I","task":"experiment","subjectId":"c61lypxjho9c1vw","trial_type":"external-html","trial_index":32,"time_elapsed":628601,"internal_node_id":"0.0-9.0-0.24"},{"rt":38138,"response":{"P0_Q0":null,"P0_Q1":5,"P0_Q2":7,"P0_Q3":7,"P0_Q4":5,"P0_Q5":1,"strategies":"What should lead the student to more points","feedback":""},"accuracy":[],"trial_type":"survey","trial_index":33,"time_elapsed":667289,"internal_node_id":"0.0-10.0"},{"rt":3925,"stimulus":"<p>Thanks for your time!</p>        <p>We need to manually calculate your bonus pay, please give us up to 7 days.</p><p>Press any key to conclude.</p>","response":" ","task":"end","subjectId":"c61lypxjho9c1vw","trial_type":"html-keyboard-response","trial_index":34,"time_elapsed":671216,"internal_node_id":"0.0-11.0","interactions":"[{\"event\":\"fullscreenenter\",\"trial\":1,\"time\":4279},{\"event\":\"blur\",\"trial\":4,\"time\":160069},{\"event\":\"focus\",\"trial\":4,\"time\":160069}]"}]