[{"success":true,"timeout":false,"failed_images":[],"failed_audio":[],"failed_video":[],"trial_type":"preload","trial_index":0,"time_elapsed":630,"internal_node_id":"0.0-0.0"},{"success":true,"trial_type":"fullscreen","trial_index":1,"time_elapsed":4193,"internal_node_id":"0.0-1.0"},{"rt":5530,"stimulus":"Welcome to the experiment. Press any key to begin.","response":" ","trial_type":"html-keyboard-response","trial_index":2,"time_elapsed":9725,"internal_node_id":"0.0-2.0"},{"view_history":[{"page_index":0,"viewing_time":6061},{"page_index":1,"viewing_time":7729},{"page_index":2,"viewing_time":42975},{"page_index":3,"viewing_time":6930},{"page_index":4,"viewing_time":2678},{"page_index":5,"viewing_time":1913},{"page_index":6,"viewing_time":2801},{"page_index":7,"viewing_time":9124},{"page_index":8,"viewing_time":17144},{"page_index":9,"viewing_time":21263},{"page_index":10,"viewing_time":5366},{"page_index":11,"viewing_time":990},{"page_index":12,"viewing_time":562},{"page_index":13,"viewing_time":2093},{"page_index":14,"viewing_time":3814},{"page_index":15,"viewing_time":8370},{"page_index":16,"viewing_time":2735},{"page_index":17,"viewing_time":675},{"page_index":18,"viewing_time":1035},{"page_index":19,"viewing_time":6446},{"page_index":20,"viewing_time":7842},{"page_index":21,"viewing_time":6514}],"rt":165058,"trial_type":"instructions","trial_index":3,"time_elapsed":174773,"internal_node_id":"0.0-3.0"},{"rt":78789,"url":"../static/nodeGraphsTraining.html","skip":[],"edgeClickLog":[],"trial_type":"external-html","trial_index":4,"time_elapsed":253710,"internal_node_id":"0.0-4.0"},{"rt":101711,"response":{"q1":"The goal is to help the student to get the most points","q2":"False","q3":"Possible paths you, as the teacher, can choose to teach the learner.","q4":"Paths that the student took before."},"question_order":[0,1,2,3],"trial_type":"survey-multi-choice","trial_index":5,"time_elapsed":355415,"internal_node_id":"0.0-5.0"},{"rt":null,"stimulus":"<p>You can take a 60 second break before starting the experiment.</p><br><br><p>This page will advance in 60 seconds or you can press any key to advance now.</p>","response":null,"trial_type":"html-keyboard-response","trial_index":6,"time_elapsed":415414,"internal_node_id":"0.0-7.0"},{"view_history":[{"page_index":0,"viewing_time":124834}],"rt":124834,"trial_type":"instructions","trial_index":7,"time_elapsed":540241,"internal_node_id":"0.0-8.0"},{"rt":14037,"url":"../static/nodeGraphs.html","edge":"0to3","edgeRT":"12057","skip":"false","flipped":"True","index":"10","edgeClickLog":"[{\"edgeSelection\":\"3to6\",\"edgeRTMS\":5891},{\"edgeSelection\":\"3to6\",\"edgeRTMS\":10347},{\"edgeSelection\":\"3to6\",\"edgeRTMS\":10967},{\"edgeSelection\":\"0to3\",\"edgeRTMS\":12057}]","trial_id":"incong_0_flipped","congruency":"I","task":"experiment","subjectId":"f7m2eeytudvc93s","trial_type":"external-html","trial_index":8,"time_elapsed":554574,"internal_node_id":"0.0-9.0-0.0"},{"rt":5984,"url":"../static/nodeGraphs.html","edge":"0to2","edgeRT":"3093","skip":"false","flipped":"True","index":"13","edgeClickLog":"[{\"edgeSelection\":\"0to2\",\"edgeRTMS\":3093}]","trial_id":"incong_3_flipped","congruency":"I","task":"experiment","subjectId":"f7m2eeytudvc93s","trial_type":"external-html","trial_index":9,"time_elapsed":561211,"internal_node_id":"0.0-9.0-0.1"},{"rt":5140,"url":"../static/nodeGraphs.html","edge":"0to2","edgeRT":"2059","skip":"false","flipped":"False","index":"7","edgeClickLog":"[{\"edgeSelection\":\"0to2\",\"edgeRTMS\":2059}]","trial_id":"incong_7","congruency":"I","task":"experiment","subjectId":"f7m2eeytudvc93s","trial_type":"external-html","trial_index":10,"time_elapsed":567005,"internal_node_id":"0.0-9.0-0.2"},{"rt":5558,"url":"../static/nodeGraphs.html","edge":"0to3","edgeRT":"3265","skip":"false","flipped":"True","index":"14","edgeClickLog":"[{\"edgeSelection\":\"0to3\",\"edgeRTMS\":3265}]","trial_id":"incong_4_flipped","congruency":"I","task":"experiment","subjectId":"f7m2eeytudvc93s","trial_type":"external-html","trial_index":11,"time_elapsed":573211,"internal_node_id":"0.0-9.0-0.3"},{"rt":2993,"url":"../static/nodeGraphs.html","edge":"0to2","edgeRT":"1510","skip":"false","flipped":"True","index":"17","edgeClickLog":"[{\"edgeSelection\":\"0to2\",\"edgeRTMS\":1510}]","trial_id":"incong_7_flipped","congruency":"I","task":"experiment","subjectId":"f7m2eeytudvc93s","trial_type":"external-html","trial_index":12,"time_elapsed":576856,"internal_node_id":"0.0-9.0-0.4"},{"rt":6415,"url":"../static/nodeGraphs.html","edge":"0to2","edgeRT":"4685","skip":"false","flipped":"True","index":"19","edgeClickLog":"[{\"edgeSelection\":\"0to2\",\"edgeRTMS\":2805},{\"edgeSelection\":\"2to5\",\"edgeRTMS\":3775},{\"edgeSelection\":\"0to2\",\"edgeRTMS\":4685}]","trial_id":"incong_9_flipped","congruency":"I","task":"experiment","subjectId":"f7m2eeytudvc93s","trial_type":"external-html","trial_index":13,"time_elapsed":583921,"internal_node_id":"0.0-9.0-0.5"},{"rt":10427,"url":"../static/nodeGraphs.html","edge":"2to6","edgeRT":"4016","skip":"false","flipped":"True","index":"15","edgeClickLog":"[{\"edgeSelection\":\"2to6\",\"edgeRTMS\":4016}]","trial_id":"incong_5_flipped","congruency":"I","task":"experiment","subjectId":"f7m2eeytudvc93s","trial_type":"external-html","trial_index":14,"time_elapsed":595002,"internal_node_id":"0.0-9.0-0.6"},{"rt":10430,"url":"../static/nodeGraphs.html","edge":"2to5","edgeRT":"4258","skip":"false","flipped":"False","index":"9","edgeClickLog":"[{\"edgeSelection\":\"0to2\",\"edgeRTMS\":1579},{\"edgeSelection\":\"2to5\",\"edgeRTMS\":4258}]","trial_id":"incong_9","congruency":"I","task":"experiment","subjectId":"f7m2eeytudvc93s","trial_type":"external-html","trial_index":15,"time_elapsed":606083,"internal_node_id":"0.0-9.0-0.7"},{"rt":2911,"url":"../static/nodeGraphs.html","edge":"0to1","edgeRT":"1586","skip":"false","flipped":"False","index":"8","edgeClickLog":"[{\"edgeSelection\":\"0to1\",\"edgeRTMS\":1586}]","trial_id":"incong_8","congruency":"I","task":"experiment","subjectId":"f7m2eeytudvc93s","trial_type":"external-html","trial_index":16,"time_elapsed":609649,"internal_node_id":"0.0-9.0-0.8"},{"rt":4931,"url":"../static/nodeGraphs.html","edge":"0to3","edgeRT":"2662","skip":"false","flipped":"True","index":"16","edgeClickLog":"[{\"edgeSelection\":\"0to2\",\"edgeRTMS\":1501},{\"edgeSelection\":\"0to3\",\"edgeRTMS\":2662}]","trial_id":"incong_6_flipped","congruency":"I","task":"experiment","subjectId":"f7m2eeytudvc93s","trial_type":"external-html","trial_index":17,"time_elapsed":615230,"internal_node_id":"0.0-9.0-0.9"},{"rt":3797,"url":"../static/nodeGraphs.html","edge":"0to1","edgeRT":"2156","skip":"false","flipped":"False","index":"2","edgeClickLog":"[{\"edgeSelection\":\"0to1\",\"edgeRTMS\":2156}]","trial_id":"incong_2","congruency":"I","task":"experiment","subjectId":"f7m2eeytudvc93s","trial_type":"external-html","trial_index":18,"time_elapsed":619685,"internal_node_id":"0.0-9.0-0.10"},{"rt":4469,"url":"../static/nodeGraphs.html","edge":"0to1","edgeRT":"2541","skip":"false","flipped":"False","index":"0","edgeClickLog":"[{\"edgeSelection\":\"0to1\",\"edgeRTMS\":2179},{\"edgeSelection\":\"0to1\",\"edgeRTMS\":2541}]","trial_id":"incong_0","congruency":"I","task":"experiment","subjectId":"f7m2eeytudvc93s","trial_type":"external-html","trial_index":19,"time_elapsed":624803,"internal_node_id":"0.0-9.0-0.11"},{"rt":3271,"url":"../static/nodeGraphs.html","edge":"0to3","edgeRT":"1664","skip":"false","flipped":"True","index":"18","edgeClickLog":"[{\"edgeSelection\":\"0to3\",\"edgeRTMS\":1664}]","trial_id":"incong_8_flipped","congruency":"I","task":"experiment","subjectId":"f7m2eeytudvc93s","trial_type":"external-html","trial_index":20,"time_elapsed":628741,"internal_node_id":"0.0-9.0-0.12"},{"rt":2839,"url":"../static/nodeGraphs.html","edge":"0to1","edgeRT":"1604","skip":"false","flipped":"False","index":"6","edgeClickLog":"[{\"edgeSelection\":\"0to1\",\"edgeRTMS\":1604}]","trial_id":"incong_6","congruency":"I","task":"experiment","subjectId":"f7m2eeytudvc93s","trial_type":"external-html","trial_index":21,"time_elapsed":632229,"internal_node_id":"0.0-9.0-0.13"},{"rt":23943,"url":"../static/nodeGraphs.html","edge":"0to1","edgeRT":"1266","skip":"false","flipped":"False","index":"1","edgeClickLog":"[{\"edgeSelection\":\"0to1\",\"edgeRTMS\":1266}]","trial_id":"incong_1","congruency":"I","task":"experiment","subjectId":"f7m2eeytudvc93s","trial_type":"external-html","trial_index":22,"time_elapsed":656818,"internal_node_id":"0.0-9.0-0.14"},{"rt":6319,"url":"../static/nodeGraphs.html","edge":"0to2","edgeRT":"1484","skip":"false","flipped":"False","index":"3","edgeClickLog":"[{\"edgeSelection\":\"0to2\",\"edgeRTMS\":1484}]","trial_id":"incong_3","congruency":"I","task":"experiment","subjectId":"f7m2eeytudvc93s","trial_type":"external-html","trial_index":23,"time_elapsed":663792,"internal_node_id":"0.0-9.0-0.15"},{"rt":14208,"url":"../static/nodeGraphs.html","edge":"2to4","edgeRT":"10171","skip":"false","flipped":"False","index":"5","edgeClickLog":"[{\"edgeSelection\":\"2to4\",\"edgeRTMS\":10171}]","trial_id":"incong_5","congruency":"I","task":"experiment","subjectId":"f7m2eeytudvc93s","trial_type":"external-html","trial_index":24,"time_elapsed":678654,"internal_node_id":"0.0-9.0-0.16"},{"rt":6895,"url":"../static/nodeGraphs.html","edge":"0to1","edgeRT":"3455","skip":"false","flipped":"False","index":"4","edgeClickLog":"[{\"edgeSelection\":\"0to1\",\"edgeRTMS\":3455}]","trial_id":"incong_4","congruency":"I","task":"experiment","subjectId":"f7m2eeytudvc93s","trial_type":"external-html","trial_index":25,"time_elapsed":686202,"internal_node_id":"0.0-9.0-0.17"},{"rt":14604,"url":"../static/nodeGraphs.html","edge":"4to7","edgeRT":"12847","skip":"false","flipped":"True","index":"11","edgeClickLog":"[{\"edgeSelection\":\"4to7\",\"edgeRTMS\":12847}]","trial_id":"incong_1_flipped","congruency":"I","task":"experiment","subjectId":"f7m2eeytudvc93s","trial_type":"external-html","trial_index":26,"time_elapsed":701453,"internal_node_id":"0.0-9.0-0.18"},{"rt":24046,"url":"../static/nodeGraphs.html","edge":"3to6","edgeRT":"21365","skip":"false","flipped":"True","index":"12","edgeClickLog":"[{\"edgeSelection\":\"2to6\",\"edgeRTMS\":16851},{\"edgeSelection\":\"3to6\",\"edgeRTMS\":21365}]","trial_id":"incong_2_flipped","congruency":"I","task":"experiment","subjectId":"f7m2eeytudvc93s","trial_type":"external-html","trial_index":27,"time_elapsed":726147,"internal_node_id":"0.0-9.0-0.19"},{"rt":15512,"url":"../static/nodeGraphs.html","edge":"0to1","edgeRT":"5390","skip":"false","flipped":"False","index":"20","edgeClickLog":"[{\"edgeSelection\":\"0to1\",\"edgeRTMS\":5390}]","trial_id":"test_0","congruency":"I","task":"experiment","subjectId":"f7m2eeytudvc93s","trial_type":"external-html","trial_index":28,"time_elapsed":742313,"internal_node_id":"0.0-9.0-0.20"},{"rt":4947,"url":"../static/nodeGraphs.html","edge":"0to3","edgeRT":"2340","skip":"false","flipped":"False","index":"21","edgeClickLog":"[{\"edgeSelection\":\"0to3\",\"edgeRTMS\":2340}]","trial_id":"test_1","congruency":"I","task":"experiment","subjectId":"f7m2eeytudvc93s","trial_type":"external-html","trial_index":29,"time_elapsed":747916,"internal_node_id":"0.0-9.0-0.21"},{"rt":6043,"url":"../static/nodeGraphs.html","edge":"0to3","edgeRT":"4277","skip":"false","flipped":"False","index":"22","edgeClickLog":"[{\"edgeSelection\":\"0to3\",\"edgeRTMS\":4277}]","trial_id":"test_2","congruency":"I","task":"experiment","subjectId":"f7m2eeytudvc93s","trial_type":"external-html","trial_index":30,"time_elapsed":754606,"internal_node_id":"0.0-9.0-0.22"},{"rt":3128,"url":"../static/nodeGraphs.html","edge":"0to1","edgeRT":"1658","skip":"false","flipped":"False","index":"23","edgeClickLog":"[{\"edgeSelection\":\"0to1\",\"edgeRTMS\":1658}]","trial_id":"test_3","congruency":"I","task":"experiment","subjectId":"f7m2eeytudvc93s","trial_type":"external-html","trial_index":31,"time_elapsed":758387,"internal_node_id":"0.0-9.0-0.23"},{"rt":13759,"url":"../static/nodeGraphs.html","edge":"2to6","edgeRT":"12086","skip":"false","flipped":"False","index":"24","edgeClickLog":"[{\"edgeSelection\":\"2to6\",\"edgeRTMS\":12086}]","trial_id":"test_4","congruency":"I","task":"experiment","subjectId":"f7m2eeytudvc93s","trial_type":"external-html","trial_index":32,"time_elapsed":772798,"internal_node_id":"0.0-9.0-0.24"},{"rt":24898,"response":{"P0_Q0":null,"P0_Q1":2,"P0_Q2":6,"P0_Q3":6,"P0_Q4":2,"P0_Q5":1,"strategies":"simple addition","feedback":""},"accuracy":[],"trial_type":"survey","trial_index":33,"time_elapsed":798267,"internal_node_id":"0.0-10.0"},{"rt":4552,"stimulus":"<p>Thanks for your time!</p>        <p>We need to manually calculate your bonus pay, please give us up to 7 days.</p><p>Press any key to conclude.</p>","response":" ","task":"end","subjectId":"f7m2eeytudvc93s","trial_type":"html-keyboard-response","trial_index":34,"time_elapsed":802821,"internal_node_id":"0.0-11.0","interactions":"[{\"event\":\"fullscreenenter\",\"trial\":1,\"time\":3205}]"}]