[{"success":true,"timeout":false,"failed_images":[],"failed_audio":[],"failed_video":[],"trial_type":"preload","trial_index":0,"time_elapsed":208,"internal_node_id":"0.0-0.0"},{"success":true,"trial_type":"fullscreen","trial_index":1,"time_elapsed":3411,"internal_node_id":"0.0-1.0"},{"rt":2206,"stimulus":"Welcome to the experiment. Press any key to begin.","response":" ","trial_type":"html-keyboard-response","trial_index":2,"time_elapsed":5617,"internal_node_id":"0.0-2.0"},{"view_history":[{"page_index":0,"viewing_time":1616},{"page_index":1,"viewing_time":1448},{"page_index":2,"viewing_time":479},{"page_index":1,"viewing_time":3256},{"page_index":2,"viewing_time":30913},{"page_index":3,"viewing_time":1919},{"page_index":4,"viewing_time":816},{"page_index":5,"viewing_time":480},{"page_index":6,"viewing_time":3449},{"page_index":7,"viewing_time":14632},{"page_index":8,"viewing_time":9328},{"page_index":9,"viewing_time":3976},{"page_index":10,"viewing_time":1048},{"page_index":11,"viewing_time":344},{"page_index":12,"viewing_time":247},{"page_index":13,"viewing_time":648},{"page_index":14,"viewing_time":1168},{"page_index":15,"viewing_time":2361},{"page_index":16,"viewing_time":880},{"page_index":17,"viewing_time":432},{"page_index":18,"viewing_time":600},{"page_index":19,"viewing_time":4440},{"page_index":20,"viewing_time":2928},{"page_index":21,"viewing_time":3992}],"rt":91399,"trial_type":"instructions","trial_index":3,"time_elapsed":97017,"internal_node_id":"0.0-3.0"},{"rt":52924,"url":"../static/nodeGraphsTraining.html","skip":[],"edgeClickLog":[],"trial_type":"external-html","trial_index":4,"time_elapsed":150092,"internal_node_id":"0.0-4.0"},{"rt":22293,"response":{"q1":"The goal is to help the student to get the most points","q2":"False","q3":"Possible paths you, as the teacher, can choose to teach the learner.","q4":"Paths that the student took before."},"question_order":[0,1,2,3],"trial_type":"survey-multi-choice","trial_index":5,"time_elapsed":172385,"internal_node_id":"0.0-5.0"},{"rt":4678,"stimulus":"<p>You can take a 60 second break before starting the experiment.</p><br><br><p>This page will advance in 60 seconds or you can press any key to advance now.</p>","response":"enter","trial_type":"html-keyboard-response","trial_index":6,"time_elapsed":177065,"internal_node_id":"0.0-7.0"},{"view_history":[{"page_index":0,"viewing_time":24535}],"rt":24535,"trial_type":"instructions","trial_index":7,"time_elapsed":201601,"internal_node_id":"0.0-8.0"},{"rt":6994,"url":"../static/nodeGraphs.html","edge":"2to4","edgeRT":"5156","skip":"false","flipped":"False","index":"5","edgeClickLog":"[{\"edgeSelection\":\"2to4\",\"edgeRTMS\":5156}]","trial_id":"incong_5","congruency":"I","task":"experiment","subjectId":"mfj2oql4bcjg9qb","trial_type":"external-html","trial_index":8,"time_elapsed":208748,"internal_node_id":"0.0-9.0-0.0"},{"rt":13259,"url":"../static/nodeGraphs.html","edge":"0to2","edgeRT":"11058","skip":"false","flipped":"False","index":"7","edgeClickLog":"[{\"edgeSelection\":\"5to8\",\"edgeRTMS\":7693},{\"edgeSelection\":\"0to2\",\"edgeRTMS\":11058}]","trial_id":"incong_7","congruency":"I","task":"experiment","subjectId":"mfj2oql4bcjg9qb","trial_type":"external-html","trial_index":9,"time_elapsed":222659,"internal_node_id":"0.0-9.0-0.1"},{"rt":15110,"url":"../static/nodeGraphs.html","edge":"1to4","edgeRT":"13950","skip":"false","flipped":"True","index":"12","edgeClickLog":"[{\"edgeSelection\":\"1to4\",\"edgeRTMS\":13183},{\"edgeSelection\":\"1to4\",\"edgeRTMS\":13950}]","trial_id":"incong_2_flipped","congruency":"I","task":"experiment","subjectId":"mfj2oql4bcjg9qb","trial_type":"external-html","trial_index":10,"time_elapsed":238426,"internal_node_id":"0.0-9.0-0.2"},{"rt":11916,"url":"../static/nodeGraphs.html","edge":"3to5","edgeRT":"9598","skip":"false","flipped":"True","index":"19","edgeClickLog":"[{\"edgeSelection\":\"3to5\",\"edgeRTMS\":9598}]","trial_id":"incong_9_flipped","congruency":"I","task":"experiment","subjectId":"mfj2oql4bcjg9qb","trial_type":"external-html","trial_index":11,"time_elapsed":250998,"internal_node_id":"0.0-9.0-0.3"},{"rt":15869,"url":"../static/nodeGraphs.html","edge":"6to9","edgeRT":"14828","skip":"false","flipped":"True","index":"13","edgeClickLog":"[{\"edgeSelection\":\"0to2\",\"edgeRTMS\":8604},{\"edgeSelection\":\"6to9\",\"edgeRTMS\":14828}]","trial_id":"incong_3_flipped","congruency":"I","task":"experiment","subjectId":"mfj2oql4bcjg9qb","trial_type":"external-html","trial_index":12,"time_elapsed":267516,"internal_node_id":"0.0-9.0-0.4"},{"rt":12140,"url":"../static/nodeGraphs.html","edge":"4to7","edgeRT":"11372","skip":"false","flipped":"True","index":"11","edgeClickLog":"[{\"edgeSelection\":\"4to7\",\"edgeRTMS\":11372}]","trial_id":"incong_1_flipped","congruency":"I","task":"experiment","subjectId":"mfj2oql4bcjg9qb","trial_type":"external-html","trial_index":13,"time_elapsed":280305,"internal_node_id":"0.0-9.0-0.5"},{"rt":14000,"url":"../static/nodeGraphs.html","edge":"0to2","edgeRT":"12640","skip":"false","flipped":"False","index":"0","edgeClickLog":"[{\"edgeSelection\":\"0to2\",\"edgeRTMS\":12640}]","trial_id":"incong_0","congruency":"I","task":"experiment","subjectId":"mfj2oql4bcjg9qb","trial_type":"external-html","trial_index":14,"time_elapsed":296481,"internal_node_id":"0.0-9.0-0.6"},{"rt":8410,"url":"../static/nodeGraphs.html","edge":"6to9","edgeRT":"7357","skip":"false","flipped":"False","index":"1","edgeClickLog":"[{\"edgeSelection\":\"6to9\",\"edgeRTMS\":7357}]","trial_id":"incong_1","congruency":"I","task":"experiment","subjectId":"mfj2oql4bcjg9qb","trial_type":"external-html","trial_index":15,"time_elapsed":305542,"internal_node_id":"0.0-9.0-0.7"},{"rt":11719,"url":"../static/nodeGraphs.html","edge":"5to8","edgeRT":"10766","skip":"false","flipped":"True","index":"18","edgeClickLog":"[{\"edgeSelection\":\"5to8\",\"edgeRTMS\":10766}]","trial_id":"incong_8_flipped","congruency":"I","task":"experiment","subjectId":"mfj2oql4bcjg9qb","trial_type":"external-html","trial_index":16,"time_elapsed":317912,"internal_node_id":"0.0-9.0-0.8"},{"rt":11138,"url":"../static/nodeGraphs.html","edge":"5to8","edgeRT":"9890","skip":"false","flipped":"True","index":"17","edgeClickLog":"[{\"edgeSelection\":\"0to2\",\"edgeRTMS\":6507},{\"edgeSelection\":\"5to8\",\"edgeRTMS\":8945},{\"edgeSelection\":\"5to8\",\"edgeRTMS\":9890}]","trial_id":"incong_7_flipped","congruency":"I","task":"experiment","subjectId":"mfj2oql4bcjg9qb","trial_type":"external-html","trial_index":17,"time_elapsed":329700,"internal_node_id":"0.0-9.0-0.9"},{"rt":9775,"url":"../static/nodeGraphs.html","edge":"4to8","edgeRT":"3982","skip":"false","flipped":"False","index":"9","edgeClickLog":"[{\"edgeSelection\":\"4to8\",\"edgeRTMS\":2647},{\"edgeSelection\":\"4to8\",\"edgeRTMS\":3982}]","trial_id":"incong_9","congruency":"I","task":"experiment","subjectId":"mfj2oql4bcjg9qb","trial_type":"external-html","trial_index":18,"time_elapsed":340126,"internal_node_id":"0.0-9.0-0.10"},{"rt":4775,"url":"../static/nodeGraphs.html","edge":"0to2","edgeRT":"3269","skip":"false","flipped":"False","index":"3","edgeClickLog":"[{\"edgeSelection\":\"0to2\",\"edgeRTMS\":3269}]","trial_id":"incong_3","congruency":"I","task":"experiment","subjectId":"mfj2oql4bcjg9qb","trial_type":"external-html","trial_index":19,"time_elapsed":345554,"internal_node_id":"0.0-9.0-0.11"},{"rt":6623,"url":"../static/nodeGraphs.html","edge":"0to1","edgeRT":"3413","skip":"false","flipped":"False","index":"4","edgeClickLog":"[{\"edgeSelection\":\"0to1\",\"edgeRTMS\":3413}]","trial_id":"incong_4","congruency":"I","task":"experiment","subjectId":"mfj2oql4bcjg9qb","trial_type":"external-html","trial_index":20,"time_elapsed":352826,"internal_node_id":"0.0-9.0-0.12"},{"rt":7651,"url":"../static/nodeGraphs.html","edge":"0to2","edgeRT":"6068","skip":"false","flipped":"True","index":"10","edgeClickLog":"[{\"edgeSelection\":\"0to2\",\"edgeRTMS\":5185},{\"edgeSelection\":\"0to2\",\"edgeRTMS\":6068}]","trial_id":"incong_0_flipped","congruency":"I","task":"experiment","subjectId":"mfj2oql4bcjg9qb","trial_type":"external-html","trial_index":21,"time_elapsed":361130,"internal_node_id":"0.0-9.0-0.13"},{"rt":5351,"url":"../static/nodeGraphs.html","edge":"0to2","edgeRT":"3747","skip":"false","flipped":"False","index":"2","edgeClickLog":"[{\"edgeSelection\":\"0to1\",\"edgeRTMS\":1838},{\"edgeSelection\":\"0to2\",\"edgeRTMS\":3747}]","trial_id":"incong_2","congruency":"I","task":"experiment","subjectId":"mfj2oql4bcjg9qb","trial_type":"external-html","trial_index":22,"time_elapsed":367180,"internal_node_id":"0.0-9.0-0.14"},{"rt":7080,"url":"../static/nodeGraphs.html","edge":"0to1","edgeRT":"5277","skip":"false","flipped":"False","index":"6","edgeClickLog":"[{\"edgeSelection\":\"0to1\",\"edgeRTMS\":5277}]","trial_id":"incong_6","congruency":"I","task":"experiment","subjectId":"mfj2oql4bcjg9qb","trial_type":"external-html","trial_index":23,"time_elapsed":374929,"internal_node_id":"0.0-9.0-0.15"},{"rt":7604,"url":"../static/nodeGraphs.html","edge":"0to1","edgeRT":"6278","skip":"false","flipped":"False","index":"8","edgeClickLog":"[{\"edgeSelection\":\"0to1\",\"edgeRTMS\":6278}]","trial_id":"incong_8","congruency":"I","task":"experiment","subjectId":"mfj2oql4bcjg9qb","trial_type":"external-html","trial_index":24,"time_elapsed":383183,"internal_node_id":"0.0-9.0-0.16"},{"rt":10900,"url":"../static/nodeGraphs.html","edge":"2to5","edgeRT":"9874","skip":"false","flipped":"True","index":"14","edgeClickLog":"[{\"edgeSelection\":\"2to5\",\"edgeRTMS\":9164},{\"edgeSelection\":\"2to5\",\"edgeRTMS\":9874}]","trial_id":"incong_4_flipped","congruency":"I","task":"experiment","subjectId":"mfj2oql4bcjg9qb","trial_type":"external-html","trial_index":25,"time_elapsed":394792,"internal_node_id":"0.0-9.0-0.17"},{"rt":6360,"url":"../static/nodeGraphs.html","edge":"5to8","edgeRT":"5581","skip":"false","flipped":"True","index":"15","edgeClickLog":"[{\"edgeSelection\":\"5to8\",\"edgeRTMS\":5581}]","trial_id":"incong_5_flipped","congruency":"I","task":"experiment","subjectId":"mfj2oql4bcjg9qb","trial_type":"external-html","trial_index":26,"time_elapsed":401818,"internal_node_id":"0.0-9.0-0.18"},{"rt":4807,"url":"../static/nodeGraphs.html","edge":"0to3","edgeRT":"3156","skip":"false","flipped":"True","index":"16","edgeClickLog":"[{\"edgeSelection\":\"0to3\",\"edgeRTMS\":3156}]","trial_id":"incong_6_flipped","congruency":"I","task":"experiment","subjectId":"mfj2oql4bcjg9qb","trial_type":"external-html","trial_index":27,"time_elapsed":407300,"internal_node_id":"0.0-9.0-0.19"},{"rt":5332,"url":"../static/nodeGraphs.html","edge":"5to8","edgeRT":"4598","skip":"false","flipped":"False","index":"20","edgeClickLog":"[{\"edgeSelection\":\"5to8\",\"edgeRTMS\":4598}]","trial_id":"test_0","congruency":"I","task":"experiment","subjectId":"mfj2oql4bcjg9qb","trial_type":"external-html","trial_index":28,"time_elapsed":413302,"internal_node_id":"0.0-9.0-0.20"},{"rt":3467,"url":"../static/nodeGraphs.html","edge":"4to7","edgeRT":"2261","skip":"false","flipped":"False","index":"21","edgeClickLog":"[{\"edgeSelection\":\"4to7\",\"edgeRTMS\":2261}]","trial_id":"test_1","congruency":"I","task":"experiment","subjectId":"mfj2oql4bcjg9qb","trial_type":"external-html","trial_index":29,"time_elapsed":417419,"internal_node_id":"0.0-9.0-0.21"},{"rt":3858,"url":"../static/nodeGraphs.html","edge":"6to8","edgeRT":"2987","skip":"false","flipped":"False","index":"22","edgeClickLog":"[{\"edgeSelection\":\"6to8\",\"edgeRTMS\":2987}]","trial_id":"test_2","congruency":"I","task":"experiment","subjectId":"mfj2oql4bcjg9qb","trial_type":"external-html","trial_index":30,"time_elapsed":421928,"internal_node_id":"0.0-9.0-0.22"},{"rt":3340,"url":"../static/nodeGraphs.html","edge":"5to9","edgeRT":"1536","skip":"false","flipped":"False","index":"23","edgeClickLog":"[{\"edgeSelection\":\"5to9\",\"edgeRTMS\":1536}]","trial_id":"test_3","congruency":"I","task":"experiment","subjectId":"mfj2oql4bcjg9qb","trial_type":"external-html","trial_index":31,"time_elapsed":425934,"internal_node_id":"0.0-9.0-0.23"},{"rt":3575,"url":"../static/nodeGraphs.html","edge":"4to7","edgeRT":"2829","skip":"false","flipped":"False","index":"24","edgeClickLog":"[{\"edgeSelection\":\"4to7\",\"edgeRTMS\":2829}]","trial_id":"test_4","congruency":"I","task":"experiment","subjectId":"mfj2oql4bcjg9qb","trial_type":"external-html","trial_index":32,"time_elapsed":430160,"internal_node_id":"0.0-9.0-0.24"},{"rt":34734,"response":{"P0_Q0":null,"P0_Q1":2,"P0_Q2":5,"P0_Q3":5,"P0_Q4":5,"P0_Q5":5,"strategies":"I tried to collect as many points as possible for the student","feedback":""},"accuracy":[],"trial_type":"survey","trial_index":33,"time_elapsed":465439,"internal_node_id":"0.0-10.0"},{"rt":5402,"stimulus":"<p>Thanks for your time!</p>        <p>We need to manually calculate your bonus pay, please give us up to 7 days.</p><p>Press any key to conclude.</p>","response":"enter","task":"end","subjectId":"mfj2oql4bcjg9qb","trial_type":"html-keyboard-response","trial_index":34,"time_elapsed":470842,"internal_node_id":"0.0-11.0","interactions":"[{\"event\":\"fullscreenenter\",\"trial\":1,\"time\":2424}]"}]