[{"success":true,"timeout":false,"failed_images":[],"failed_audio":[],"failed_video":[],"trial_type":"preload","trial_index":0,"time_elapsed":1021,"internal_node_id":"0.0-0.0"},{"success":true,"trial_type":"fullscreen","trial_index":1,"time_elapsed":4959,"internal_node_id":"0.0-1.0"},{"rt":2841,"stimulus":"Welcome to the experiment. Press any key to begin.","response":" ","trial_type":"html-keyboard-response","trial_index":2,"time_elapsed":7803,"internal_node_id":"0.0-2.0"},{"view_history":[{"page_index":0,"viewing_time":3931},{"page_index":1,"viewing_time":3630},{"page_index":2,"viewing_time":15822},{"page_index":3,"viewing_time":7080},{"page_index":4,"viewing_time":5755},{"page_index":5,"viewing_time":2104},{"page_index":6,"viewing_time":2613},{"page_index":7,"viewing_time":8998},{"page_index":8,"viewing_time":10316},{"page_index":9,"viewing_time":6076},{"page_index":10,"viewing_time":2577},{"page_index":11,"viewing_time":1712},{"page_index":12,"viewing_time":1375},{"page_index":13,"viewing_time":1951},{"page_index":14,"viewing_time":2882},{"page_index":15,"viewing_time":4571},{"page_index":16,"viewing_time":2806},{"page_index":17,"viewing_time":2116},{"page_index":18,"viewing_time":946},{"page_index":19,"viewing_time":6355},{"page_index":20,"viewing_time":5870},{"page_index":21,"viewing_time":3096}],"rt":102581,"trial_type":"instructions","trial_index":3,"time_elapsed":110387,"internal_node_id":"0.0-3.0"},{"rt":61568,"url":"../static/nodeGraphsTraining.html","skip":[],"edgeClickLog":[],"trial_type":"external-html","trial_index":4,"time_elapsed":172221,"internal_node_id":"0.0-4.0"},{"rt":33037,"response":{"q1":"The goal is to help the student to get the most points","q2":"False","q3":"Possible paths you, as the teacher, can choose to teach the learner.","q4":"Paths that the student took before."},"question_order":[0,1,2,3],"trial_type":"survey-multi-choice","trial_index":5,"time_elapsed":205274,"internal_node_id":"0.0-5.0"},{"rt":7029,"stimulus":"<p>You can take a 60 second break before starting the experiment.</p><br><br><p>This page will advance in 60 seconds or you can press any key to advance now.</p>","response":"arrowdown","trial_type":"html-keyboard-response","trial_index":6,"time_elapsed":212316,"internal_node_id":"0.0-7.0"},{"view_history":[{"page_index":0,"viewing_time":5213}],"rt":5214,"trial_type":"instructions","trial_index":7,"time_elapsed":217531,"internal_node_id":"0.0-8.0"},{"rt":13122,"url":"../static/nodeGraphs.html","edge":"5to9","edgeRT":"11787","skip":"false","flipped":"False","index":"2","edgeClickLog":"[{\"edgeSelection\":\"0to2\",\"edgeRTMS\":9328},{\"edgeSelection\":\"2to5\",\"edgeRTMS\":10876},{\"edgeSelection\":\"5to9\",\"edgeRTMS\":11787}]","trial_id":"cong_2","congruency":"C","task":"experiment","subjectId":"y89dnh4s2n7pm2d","trial_type":"external-html","trial_index":8,"time_elapsed":230978,"internal_node_id":"0.0-9.0-0.0"},{"rt":8418,"url":"../static/nodeGraphs.html","edge":"4to8","edgeRT":"7356","skip":"false","flipped":"False","index":"5","edgeClickLog":"[{\"edgeSelection\":\"0to2\",\"edgeRTMS\":5527},{\"edgeSelection\":\"2to4\",\"edgeRTMS\":6384},{\"edgeSelection\":\"4to8\",\"edgeRTMS\":7356}]","trial_id":"cong_5","congruency":"C","task":"experiment","subjectId":"y89dnh4s2n7pm2d","trial_type":"external-html","trial_index":9,"time_elapsed":240182,"internal_node_id":"0.0-9.0-0.1"},{"rt":9368,"url":"../static/nodeGraphs.html","edge":"4to8","edgeRT":"8287","skip":"false","flipped":"False","index":"7","edgeClickLog":"[{\"edgeSelection\":\"0to2\",\"edgeRTMS\":5245},{\"edgeSelection\":\"2to4\",\"edgeRTMS\":6760},{\"edgeSelection\":\"4to8\",\"edgeRTMS\":8287}]","trial_id":"cong_7","congruency":"C","task":"experiment","subjectId":"y89dnh4s2n7pm2d","trial_type":"external-html","trial_index":10,"time_elapsed":250325,"internal_node_id":"0.0-9.0-0.2"},{"rt":8978,"url":"../static/nodeGraphs.html","edge":"4to7","edgeRT":"7426","skip":"false","flipped":"True","index":"11","edgeClickLog":"[{\"edgeSelection\":\"0to2\",\"edgeRTMS\":3523},{\"edgeSelection\":\"2to4\",\"edgeRTMS\":5597},{\"edgeSelection\":\"4to7\",\"edgeRTMS\":7426}]","trial_id":"cong_1_flipped","congruency":"C","task":"experiment","subjectId":"y89dnh4s2n7pm2d","trial_type":"external-html","trial_index":11,"time_elapsed":260098,"internal_node_id":"0.0-9.0-0.3"},{"rt":10383,"url":"../static/nodeGraphs.html","edge":"6to8","edgeRT":"9434","skip":"false","flipped":"True","index":"17","edgeClickLog":"[{\"edgeSelection\":\"0to1\",\"edgeRTMS\":3033},{\"edgeSelection\":\"0to2\",\"edgeRTMS\":6869},{\"edgeSelection\":\"2to6\",\"edgeRTMS\":8556},{\"edgeSelection\":\"6to8\",\"edgeRTMS\":9434}]","trial_id":"cong_7_flipped","congruency":"C","task":"experiment","subjectId":"y89dnh4s2n7pm2d","trial_type":"external-html","trial_index":12,"time_elapsed":271220,"internal_node_id":"0.0-9.0-0.4"},{"rt":13700,"url":"../static/nodeGraphs.html","edge":"6to9","edgeRT":"12692","skip":"false","flipped":"False","index":"1","edgeClickLog":"[{\"edgeSelection\":\"0to2\",\"edgeRTMS\":3479},{\"edgeSelection\":\"2to4\",\"edgeRTMS\":8412},{\"edgeSelection\":\"2to6\",\"edgeRTMS\":11029},{\"edgeSelection\":\"6to9\",\"edgeRTMS\":12692}]","trial_id":"cong_1","congruency":"C","task":"experiment","subjectId":"y89dnh4s2n7pm2d","trial_type":"external-html","trial_index":13,"time_elapsed":285669,"internal_node_id":"0.0-9.0-0.5"},{"rt":7863,"url":"../static/nodeGraphs.html","edge":"5to8","edgeRT":"6684","skip":"false","flipped":"True","index":"16","edgeClickLog":"[{\"edgeSelection\":\"0to2\",\"edgeRTMS\":5142},{\"edgeSelection\":\"2to5\",\"edgeRTMS\":5892},{\"edgeSelection\":\"5to8\",\"edgeRTMS\":6684}]","trial_id":"cong_6_flipped","congruency":"C","task":"experiment","subjectId":"y89dnh4s2n7pm2d","trial_type":"external-html","trial_index":14,"time_elapsed":294273,"internal_node_id":"0.0-9.0-0.6"},{"rt":8967,"url":"../static/nodeGraphs.html","edge":"5to7","edgeRT":"7937","skip":"false","flipped":"True","index":"12","edgeClickLog":"[{\"edgeSelection\":\"0to2\",\"edgeRTMS\":5901},{\"edgeSelection\":\"2to5\",\"edgeRTMS\":7086},{\"edgeSelection\":\"5to7\",\"edgeRTMS\":7937}]","trial_id":"cong_2_flipped","congruency":"C","task":"experiment","subjectId":"y89dnh4s2n7pm2d","trial_type":"external-html","trial_index":15,"time_elapsed":304011,"internal_node_id":"0.0-9.0-0.7"},{"rt":11017,"url":"../static/nodeGraphs.html","edge":"4to7","edgeRT":"6996","skip":"false","flipped":"True","index":"13","edgeClickLog":"[{\"edgeSelection\":\"0to1\",\"edgeRTMS\":5180},{\"edgeSelection\":\"1to4\",\"edgeRTMS\":6249},{\"edgeSelection\":\"4to7\",\"edgeRTMS\":6996}]","trial_id":"cong_3_flipped","congruency":"C","task":"experiment","subjectId":"y89dnh4s2n7pm2d","trial_type":"external-html","trial_index":16,"time_elapsed":315807,"internal_node_id":"0.0-9.0-0.8"},{"rt":5543,"url":"../static/nodeGraphs.html","edge":"5to8","edgeRT":"4554","skip":"false","flipped":"True","index":"19","edgeClickLog":"[{\"edgeSelection\":\"0to2\",\"edgeRTMS\":2684},{\"edgeSelection\":\"2to5\",\"edgeRTMS\":3387},{\"edgeSelection\":\"5to8\",\"edgeRTMS\":4554}]","trial_id":"cong_9_flipped","congruency":"C","task":"experiment","subjectId":"y89dnh4s2n7pm2d","trial_type":"external-html","trial_index":17,"time_elapsed":322097,"internal_node_id":"0.0-9.0-0.9"},{"rt":5891,"url":"../static/nodeGraphs.html","edge":"5to9","edgeRT":"4786","skip":"false","flipped":"False","index":"3","edgeClickLog":"[{\"edgeSelection\":\"0to2\",\"edgeRTMS\":2906},{\"edgeSelection\":\"2to5\",\"edgeRTMS\":3777},{\"edgeSelection\":\"5to9\",\"edgeRTMS\":4786}]","trial_id":"cong_3","congruency":"C","task":"experiment","subjectId":"y89dnh4s2n7pm2d","trial_type":"external-html","trial_index":18,"time_elapsed":328618,"internal_node_id":"0.0-9.0-0.10"},{"rt":9723,"url":"../static/nodeGraphs.html","edge":"4to7","edgeRT":"8587","skip":"false","flipped":"False","index":"8","edgeClickLog":"[{\"edgeSelection\":\"0to1\",\"edgeRTMS\":7039},{\"edgeSelection\":\"1to4\",\"edgeRTMS\":7894},{\"edgeSelection\":\"4to7\",\"edgeRTMS\":8587}]","trial_id":"cong_8","congruency":"C","task":"experiment","subjectId":"y89dnh4s2n7pm2d","trial_type":"external-html","trial_index":19,"time_elapsed":339113,"internal_node_id":"0.0-9.0-0.11"},{"rt":5558,"url":"../static/nodeGraphs.html","edge":"6to9","edgeRT":"4446","skip":"false","flipped":"True","index":"14","edgeClickLog":"[{\"edgeSelection\":\"0to2\",\"edgeRTMS\":2723},{\"edgeSelection\":\"2to6\",\"edgeRTMS\":3497},{\"edgeSelection\":\"6to9\",\"edgeRTMS\":4446}]","trial_id":"cong_4_flipped","congruency":"C","task":"experiment","subjectId":"y89dnh4s2n7pm2d","trial_type":"external-html","trial_index":20,"time_elapsed":345451,"internal_node_id":"0.0-9.0-0.12"},{"rt":7791,"url":"../static/nodeGraphs.html","edge":"6to9","edgeRT":"6854","skip":"false","flipped":"True","index":"18","edgeClickLog":"[{\"edgeSelection\":\"0to3\",\"edgeRTMS\":4878},{\"edgeSelection\":\"3to6\",\"edgeRTMS\":6047},{\"edgeSelection\":\"6to9\",\"edgeRTMS\":6854}]","trial_id":"cong_8_flipped","congruency":"C","task":"experiment","subjectId":"y89dnh4s2n7pm2d","trial_type":"external-html","trial_index":21,"time_elapsed":354011,"internal_node_id":"0.0-9.0-0.13"},{"rt":5951,"url":"../static/nodeGraphs.html","edge":"4to7","edgeRT":"4736","skip":"false","flipped":"False","index":"0","edgeClickLog":"[{\"edgeSelection\":\"0to1\",\"edgeRTMS\":2003},{\"edgeSelection\":\"1to4\",\"edgeRTMS\":3084},{\"edgeSelection\":\"4to7\",\"edgeRTMS\":4736}]","trial_id":"cong_0","congruency":"C","task":"experiment","subjectId":"y89dnh4s2n7pm2d","trial_type":"external-html","trial_index":22,"time_elapsed":360737,"internal_node_id":"0.0-9.0-0.14"},{"rt":5220,"url":"../static/nodeGraphs.html","edge":"5to8","edgeRT":"4255","skip":"false","flipped":"False","index":"9","edgeClickLog":"[{\"edgeSelection\":\"0to2\",\"edgeRTMS\":2426},{\"edgeSelection\":\"2to5\",\"edgeRTMS\":3441},{\"edgeSelection\":\"5to8\",\"edgeRTMS\":4255}]","trial_id":"cong_9","congruency":"C","task":"experiment","subjectId":"y89dnh4s2n7pm2d","trial_type":"external-html","trial_index":23,"time_elapsed":366597,"internal_node_id":"0.0-9.0-0.15"},{"rt":9842,"url":"../static/nodeGraphs.html","edge":"4to7","edgeRT":"8826","skip":"false","flipped":"False","index":"6","edgeClickLog":"[{\"edgeSelection\":\"0to2\",\"edgeRTMS\":5746},{\"edgeSelection\":\"2to4\",\"edgeRTMS\":7470},{\"edgeSelection\":\"4to7\",\"edgeRTMS\":8826}]","trial_id":"cong_6","congruency":"C","task":"experiment","subjectId":"y89dnh4s2n7pm2d","trial_type":"external-html","trial_index":24,"time_elapsed":377174,"internal_node_id":"0.0-9.0-0.16"},{"rt":7065,"url":"../static/nodeGraphs.html","edge":"6to9","edgeRT":"6156","skip":"false","flipped":"True","index":"10","edgeClickLog":"[{\"edgeSelection\":\"0to3\",\"edgeRTMS\":3565},{\"edgeSelection\":\"3to6\",\"edgeRTMS\":4756},{\"edgeSelection\":\"6to9\",\"edgeRTMS\":6156}]","trial_id":"cong_0_flipped","congruency":"C","task":"experiment","subjectId":"y89dnh4s2n7pm2d","trial_type":"external-html","trial_index":25,"time_elapsed":385019,"internal_node_id":"0.0-9.0-0.17"},{"rt":6240,"url":"../static/nodeGraphs.html","edge":"6to8","edgeRT":"5325","skip":"false","flipped":"True","index":"15","edgeClickLog":"[{\"edgeSelection\":\"0to3\",\"edgeRTMS\":3249},{\"edgeSelection\":\"3to6\",\"edgeRTMS\":4425},{\"edgeSelection\":\"6to8\",\"edgeRTMS\":5325}]","trial_id":"cong_5_flipped","congruency":"C","task":"experiment","subjectId":"y89dnh4s2n7pm2d","trial_type":"external-html","trial_index":26,"time_elapsed":391998,"internal_node_id":"0.0-9.0-0.18"},{"rt":5849,"url":"../static/nodeGraphs.html","edge":"4to8","edgeRT":"4853","skip":"false","flipped":"False","index":"4","edgeClickLog":"[{\"edgeSelection\":\"0to2\",\"edgeRTMS\":2146},{\"edgeSelection\":\"2to4\",\"edgeRTMS\":3345},{\"edgeSelection\":\"4to8\",\"edgeRTMS\":4853}]","trial_id":"cong_4","congruency":"C","task":"experiment","subjectId":"y89dnh4s2n7pm2d","trial_type":"external-html","trial_index":27,"time_elapsed":398476,"internal_node_id":"0.0-9.0-0.19"},{"rt":7373,"url":"../static/nodeGraphs.html","edge":"5to8","edgeRT":"6505","skip":"false","flipped":"False","index":"20","edgeClickLog":"[{\"edgeSelection\":\"0to1\",\"edgeRTMS\":3814},{\"edgeSelection\":\"1to5\",\"edgeRTMS\":5563},{\"edgeSelection\":\"5to8\",\"edgeRTMS\":6505}]","trial_id":"test_0","congruency":"I","task":"experiment","subjectId":"y89dnh4s2n7pm2d","trial_type":"external-html","trial_index":28,"time_elapsed":406592,"internal_node_id":"0.0-9.0-0.20"},{"rt":6311,"url":"../static/nodeGraphs.html","edge":"6to9","edgeRT":"5159","skip":"false","flipped":"False","index":"21","edgeClickLog":"[{\"edgeSelection\":\"0to3\",\"edgeRTMS\":2211},{\"edgeSelection\":\"3to6\",\"edgeRTMS\":4297},{\"edgeSelection\":\"6to9\",\"edgeRTMS\":5159}]","trial_id":"test_1","congruency":"I","task":"experiment","subjectId":"y89dnh4s2n7pm2d","trial_type":"external-html","trial_index":29,"time_elapsed":413669,"internal_node_id":"0.0-9.0-0.21"},{"rt":11687,"url":"../static/nodeGraphs.html","edge":"6to8","edgeRT":"10747","skip":"false","flipped":"False","index":"22","edgeClickLog":"[{\"edgeSelection\":\"0to3\",\"edgeRTMS\":8811},{\"edgeSelection\":\"3to6\",\"edgeRTMS\":9666},{\"edgeSelection\":\"6to8\",\"edgeRTMS\":10747}]","trial_id":"test_2","congruency":"I","task":"experiment","subjectId":"y89dnh4s2n7pm2d","trial_type":"external-html","trial_index":30,"time_elapsed":426130,"internal_node_id":"0.0-9.0-0.22"},{"rt":8473,"url":"../static/nodeGraphs.html","edge":"5to7","edgeRT":"7472","skip":"false","flipped":"False","index":"23","edgeClickLog":"[{\"edgeSelection\":\"0to1\",\"edgeRTMS\":5200},{\"edgeSelection\":\"1to5\",\"edgeRTMS\":6403},{\"edgeSelection\":\"5to7\",\"edgeRTMS\":7472}]","trial_id":"test_3","congruency":"I","task":"experiment","subjectId":"y89dnh4s2n7pm2d","trial_type":"external-html","trial_index":31,"time_elapsed":435375,"internal_node_id":"0.0-9.0-0.23"},{"rt":14549,"url":"../static/nodeGraphs.html","edge":"5to9","edgeRT":"13406","skip":"false","flipped":"False","index":"24","edgeClickLog":"[{\"edgeSelection\":\"0to1\",\"edgeRTMS\":10466},{\"edgeSelection\":\"1to5\",\"edgeRTMS\":11364},{\"edgeSelection\":\"5to9\",\"edgeRTMS\":13406}]","trial_id":"test_4","congruency":"I","task":"experiment","subjectId":"y89dnh4s2n7pm2d","trial_type":"external-html","trial_index":32,"time_elapsed":450666,"internal_node_id":"0.0-9.0-0.24"},{"rt":18514,"response":{"P0_Q0":null,"P0_Q1":6,"P0_Q2":6,"P0_Q3":6,"P0_Q4":6,"P0_Q5":2,"strategies":"Addition","feedback":"no"},"accuracy":[],"trial_type":"survey","trial_index":33,"time_elapsed":469848,"internal_node_id":"0.0-10.0"},{"rt":2442,"stimulus":"<p>Thanks for your time!</p>        <p>We need to manually calculate your bonus pay, please give us up to 7 days.</p><p>Press any key to conclude.</p>","response":" ","task":"end","subjectId":"y89dnh4s2n7pm2d","trial_type":"html-keyboard-response","trial_index":34,"time_elapsed":472295,"internal_node_id":"0.0-11.0","interactions":"[{\"event\":\"fullscreenenter\",\"trial\":1,\"time\":4061},{\"event\":\"blur\",\"trial\":4,\"time\":120246},{\"event\":\"focus\",\"trial\":4,\"time\":120247},{\"event\":\"fullscreenexit\",\"trial\":4,\"time\":120270}]"}]