[{"success":true,"timeout":false,"failed_images":[],"failed_audio":[],"failed_video":[],"trial_type":"preload","trial_index":0,"time_elapsed":533,"internal_node_id":"0.0-0.0"},{"success":true,"trial_type":"fullscreen","trial_index":1,"time_elapsed":3246,"internal_node_id":"0.0-1.0"},{"rt":2118,"stimulus":"Welcome to the experiment. Press any key to begin.","response":"arrowright","trial_type":"html-keyboard-response","trial_index":2,"time_elapsed":5365,"internal_node_id":"0.0-2.0"},{"view_history":[{"page_index":0,"viewing_time":2560},{"page_index":1,"viewing_time":8692},{"page_index":2,"viewing_time":20956},{"page_index":3,"viewing_time":3045},{"page_index":4,"viewing_time":1128},{"page_index":5,"viewing_time":1261},{"page_index":6,"viewing_time":2694},{"page_index":7,"viewing_time":10252},{"page_index":8,"viewing_time":19331},{"page_index":9,"viewing_time":14193},{"page_index":10,"viewing_time":1788},{"page_index":11,"viewing_time":767},{"page_index":12,"viewing_time":523},{"page_index":13,"viewing_time":1576},{"page_index":14,"viewing_time":1523},{"page_index":15,"viewing_time":8268},{"page_index":16,"viewing_time":1171},{"page_index":17,"viewing_time":544},{"page_index":18,"viewing_time":1345},{"page_index":19,"viewing_time":3478},{"page_index":20,"viewing_time":5650},{"page_index":21,"viewing_time":5064}],"rt":115808,"trial_type":"instructions","trial_index":3,"time_elapsed":121177,"internal_node_id":"0.0-3.0"},{"rt":66746,"url":"../static/nodeGraphsTraining.html","skip":[],"edgeClickLog":[],"trial_type":"external-html","trial_index":4,"time_elapsed":188049,"internal_node_id":"0.0-4.0"},{"rt":31315,"response":{"q1":"The goal is to help the student to get the most points","q2":"False","q3":"Possible paths you, as the teacher, can choose to teach the learner.","q4":"Paths that the student took before."},"question_order":[0,1,2,3],"trial_type":"survey-multi-choice","trial_index":5,"time_elapsed":219367,"internal_node_id":"0.0-5.0"},{"rt":20091,"stimulus":"<p>You can take a 60 second break before starting the experiment.</p><br><br><p>This page will advance in 60 seconds or you can press any key to advance now.</p>","response":"arrowright","trial_type":"html-keyboard-response","trial_index":6,"time_elapsed":239461,"internal_node_id":"0.0-7.0"},{"view_history":[{"page_index":0,"viewing_time":19141}],"rt":19141,"trial_type":"instructions","trial_index":7,"time_elapsed":258603,"internal_node_id":"0.0-8.0"},{"rt":13178,"url":"../static/nodeGraphs.html","edge":"2to6","edgeRT":"11967","skip":"false","flipped":"True","index":"15","edgeClickLog":"[{\"edgeSelection\":\"2to6\",\"edgeRTMS\":11967}]","trial_id":"incong_5_flipped","congruency":"I","task":"experiment","subjectId":"zkwc69b75ouk3u6","trial_type":"external-html","trial_index":8,"time_elapsed":271886,"internal_node_id":"0.0-9.0-0.0"},{"rt":7970,"url":"../static/nodeGraphs.html","edge":"2to6","edgeRT":"5648","skip":"false","flipped":"True","index":"16","edgeClickLog":"[{\"edgeSelection\":\"2to6\",\"edgeRTMS\":5648}]","trial_id":"incong_6_flipped","congruency":"I","task":"experiment","subjectId":"zkwc69b75ouk3u6","trial_type":"external-html","trial_index":9,"time_elapsed":280433,"internal_node_id":"0.0-9.0-0.1"},{"rt":14469,"url":"../static/nodeGraphs.html","edge":"0to1","edgeRT":"10945","skip":"false","flipped":"False","index":"8","edgeClickLog":"[{\"edgeSelection\":\"0to1\",\"edgeRTMS\":10945}]","trial_id":"incong_8","congruency":"I","task":"experiment","subjectId":"zkwc69b75ouk3u6","trial_type":"external-html","trial_index":10,"time_elapsed":295502,"internal_node_id":"0.0-9.0-0.2"},{"rt":13875,"url":"../static/nodeGraphs.html","edge":"6to8","edgeRT":"12754","skip":"false","flipped":"False","index":"6","edgeClickLog":"[{\"edgeSelection\":\"6to8\",\"edgeRTMS\":12754}]","trial_id":"incong_6","congruency":"I","task":"experiment","subjectId":"zkwc69b75ouk3u6","trial_type":"external-html","trial_index":11,"time_elapsed":309979,"internal_node_id":"0.0-9.0-0.3"},{"rt":6153,"url":"../static/nodeGraphs.html","edge":"5to8","edgeRT":"3112","skip":"false","flipped":"True","index":"17","edgeClickLog":"[{\"edgeSelection\":\"5to8\",\"edgeRTMS\":3112}]","trial_id":"incong_7_flipped","congruency":"I","task":"experiment","subjectId":"zkwc69b75ouk3u6","trial_type":"external-html","trial_index":12,"time_elapsed":316703,"internal_node_id":"0.0-9.0-0.4"},{"rt":14267,"url":"../static/nodeGraphs.html","edge":"0to3","edgeRT":"8033","skip":"false","flipped":"True","index":"14","edgeClickLog":"[{\"edgeSelection\":\"0to3\",\"edgeRTMS\":8033}]","trial_id":"incong_4_flipped","congruency":"I","task":"experiment","subjectId":"zkwc69b75ouk3u6","trial_type":"external-html","trial_index":13,"time_elapsed":331532,"internal_node_id":"0.0-9.0-0.5"},{"rt":5743,"url":"../static/nodeGraphs.html","edge":"6to8","edgeRT":"4400","skip":"false","flipped":"True","index":"19","edgeClickLog":"[{\"edgeSelection\":\"6to8\",\"edgeRTMS\":4400}]","trial_id":"incong_9_flipped","congruency":"I","task":"experiment","subjectId":"zkwc69b75ouk3u6","trial_type":"external-html","trial_index":14,"time_elapsed":337840,"internal_node_id":"0.0-9.0-0.6"},{"rt":10098,"url":"../static/nodeGraphs.html","edge":"0to3","edgeRT":"8191","skip":"false","flipped":"True","index":"18","edgeClickLog":"[{\"edgeSelection\":\"0to3\",\"edgeRTMS\":8191}]","trial_id":"incong_8_flipped","congruency":"I","task":"experiment","subjectId":"zkwc69b75ouk3u6","trial_type":"external-html","trial_index":15,"time_elapsed":348501,"internal_node_id":"0.0-9.0-0.7"},{"rt":9377,"url":"../static/nodeGraphs.html","edge":"2to4","edgeRT":"7904","skip":"false","flipped":"False","index":"2","edgeClickLog":"[{\"edgeSelection\":\"2to4\",\"edgeRTMS\":7904}]","trial_id":"incong_2","congruency":"I","task":"experiment","subjectId":"zkwc69b75ouk3u6","trial_type":"external-html","trial_index":16,"time_elapsed":358463,"internal_node_id":"0.0-9.0-0.8"},{"rt":11684,"url":"../static/nodeGraphs.html","edge":"2to4","edgeRT":"10407","skip":"false","flipped":"False","index":"5","edgeClickLog":"[{\"edgeSelection\":\"2to4\",\"edgeRTMS\":10407}]","trial_id":"incong_5","congruency":"I","task":"experiment","subjectId":"zkwc69b75ouk3u6","trial_type":"external-html","trial_index":17,"time_elapsed":370708,"internal_node_id":"0.0-9.0-0.9"},{"rt":4882,"url":"../static/nodeGraphs.html","edge":"5to8","edgeRT":"3598","skip":"false","flipped":"False","index":"7","edgeClickLog":"[{\"edgeSelection\":\"5to8\",\"edgeRTMS\":3598}]","trial_id":"incong_7","congruency":"I","task":"experiment","subjectId":"zkwc69b75ouk3u6","trial_type":"external-html","trial_index":18,"time_elapsed":376159,"internal_node_id":"0.0-9.0-0.10"},{"rt":6191,"url":"../static/nodeGraphs.html","edge":"2to4","edgeRT":"4984","skip":"false","flipped":"True","index":"13","edgeClickLog":"[{\"edgeSelection\":\"2to4\",\"edgeRTMS\":4984}]","trial_id":"incong_3_flipped","congruency":"I","task":"experiment","subjectId":"zkwc69b75ouk3u6","trial_type":"external-html","trial_index":19,"time_elapsed":382945,"internal_node_id":"0.0-9.0-0.11"},{"rt":16071,"url":"../static/nodeGraphs.html","edge":"4to7","edgeRT":"14703","skip":"false","flipped":"True","index":"11","edgeClickLog":"[{\"edgeSelection\":\"4to7\",\"edgeRTMS\":14703}]","trial_id":"incong_1_flipped","congruency":"I","task":"experiment","subjectId":"zkwc69b75ouk3u6","trial_type":"external-html","trial_index":20,"time_elapsed":399581,"internal_node_id":"0.0-9.0-0.12"},{"rt":11390,"url":"../static/nodeGraphs.html","edge":"6to9","edgeRT":"10151","skip":"false","flipped":"False","index":"1","edgeClickLog":"[{\"edgeSelection\":\"6to9\",\"edgeRTMS\":10151}]","trial_id":"incong_1","congruency":"I","task":"experiment","subjectId":"zkwc69b75ouk3u6","trial_type":"external-html","trial_index":21,"time_elapsed":411571,"internal_node_id":"0.0-9.0-0.13"},{"rt":13358,"url":"../static/nodeGraphs.html","edge":"2to4","edgeRT":"11989","skip":"false","flipped":"False","index":"0","edgeClickLog":"[{\"edgeSelection\":\"2to4\",\"edgeRTMS\":11989}]","trial_id":"incong_0","congruency":"I","task":"experiment","subjectId":"zkwc69b75ouk3u6","trial_type":"external-html","trial_index":22,"time_elapsed":425520,"internal_node_id":"0.0-9.0-0.14"},{"rt":15660,"url":"../static/nodeGraphs.html","edge":"0to3","edgeRT":"14421","skip":"false","flipped":"True","index":"12","edgeClickLog":"[{\"edgeSelection\":\"0to3\",\"edgeRTMS\":14421}]","trial_id":"incong_2_flipped","congruency":"I","task":"experiment","subjectId":"zkwc69b75ouk3u6","trial_type":"external-html","trial_index":23,"time_elapsed":441763,"internal_node_id":"0.0-9.0-0.15"},{"rt":5673,"url":"../static/nodeGraphs.html","edge":"2to6","edgeRT":"4267","skip":"false","flipped":"True","index":"10","edgeClickLog":"[{\"edgeSelection\":\"2to6\",\"edgeRTMS\":4267}]","trial_id":"incong_0_flipped","congruency":"I","task":"experiment","subjectId":"zkwc69b75ouk3u6","trial_type":"external-html","trial_index":24,"time_elapsed":448012,"internal_node_id":"0.0-9.0-0.16"},{"rt":8949,"url":"../static/nodeGraphs.html","edge":"0to1","edgeRT":"6501","skip":"false","flipped":"False","index":"4","edgeClickLog":"[{\"edgeSelection\":\"0to1\",\"edgeRTMS\":6501}]","trial_id":"incong_4","congruency":"I","task":"experiment","subjectId":"zkwc69b75ouk3u6","trial_type":"external-html","trial_index":25,"time_elapsed":457608,"internal_node_id":"0.0-9.0-0.17"},{"rt":9510,"url":"../static/nodeGraphs.html","edge":"1to5","edgeRT":"8219","skip":"false","flipped":"False","index":"9","edgeClickLog":"[{\"edgeSelection\":\"1to5\",\"edgeRTMS\":8219}]","trial_id":"incong_9","congruency":"I","task":"experiment","subjectId":"zkwc69b75ouk3u6","trial_type":"external-html","trial_index":26,"time_elapsed":467684,"internal_node_id":"0.0-9.0-0.18"},{"rt":7200,"url":"../static/nodeGraphs.html","edge":"2to6","edgeRT":"5913","skip":"false","flipped":"False","index":"3","edgeClickLog":"[{\"edgeSelection\":\"2to6\",\"edgeRTMS\":5913}]","trial_id":"incong_3","congruency":"I","task":"experiment","subjectId":"zkwc69b75ouk3u6","trial_type":"external-html","trial_index":27,"time_elapsed":475461,"internal_node_id":"0.0-9.0-0.19"},{"rt":11207,"url":"../static/nodeGraphs.html","edge":"5to8","edgeRT":"10311","skip":"false","flipped":"False","index":"20","edgeClickLog":"[{\"edgeSelection\":\"5to8\",\"edgeRTMS\":10311}]","trial_id":"test_0","congruency":"I","task":"experiment","subjectId":"zkwc69b75ouk3u6","trial_type":"external-html","trial_index":28,"time_elapsed":487229,"internal_node_id":"0.0-9.0-0.20"},{"rt":5817,"url":"../static/nodeGraphs.html","edge":"4to7","edgeRT":"4804","skip":"false","flipped":"False","index":"21","edgeClickLog":"[{\"edgeSelection\":\"4to7\",\"edgeRTMS\":4804}]","trial_id":"test_1","congruency":"I","task":"experiment","subjectId":"zkwc69b75ouk3u6","trial_type":"external-html","trial_index":29,"time_elapsed":493613,"internal_node_id":"0.0-9.0-0.21"},{"rt":6739,"url":"../static/nodeGraphs.html","edge":"6to8","edgeRT":"3433","skip":"false","flipped":"False","index":"22","edgeClickLog":"[{\"edgeSelection\":\"6to8\",\"edgeRTMS\":3433}]","trial_id":"test_2","congruency":"I","task":"experiment","subjectId":"zkwc69b75ouk3u6","trial_type":"external-html","trial_index":30,"time_elapsed":500934,"internal_node_id":"0.0-9.0-0.22"},{"rt":5946,"url":"../static/nodeGraphs.html","edge":"5to9","edgeRT":"4128","skip":"false","flipped":"False","index":"23","edgeClickLog":"[{\"edgeSelection\":\"5to9\",\"edgeRTMS\":4128}]","trial_id":"test_3","congruency":"I","task":"experiment","subjectId":"zkwc69b75ouk3u6","trial_type":"external-html","trial_index":31,"time_elapsed":507437,"internal_node_id":"0.0-9.0-0.23"},{"rt":10094,"url":"../static/nodeGraphs.html","edge":"6to9","edgeRT":"8949","skip":"false","flipped":"False","index":"24","edgeClickLog":"[{\"edgeSelection\":\"6to9\",\"edgeRTMS\":8949}]","trial_id":"test_4","congruency":"I","task":"experiment","subjectId":"zkwc69b75ouk3u6","trial_type":"external-html","trial_index":32,"time_elapsed":518091,"internal_node_id":"0.0-9.0-0.24"},{"rt":31842,"response":{"P0_Q0":null,"P0_Q1":2,"P0_Q2":7,"P0_Q3":7,"P0_Q4":6,"P0_Q5":3,"strategies":"I tried to maximize the possibility that the student increased by even one point.","feedback":""},"accuracy":[],"trial_type":"survey","trial_index":33,"time_elapsed":550514,"internal_node_id":"0.0-10.0"},{"rt":4201,"stimulus":"<p>Thanks for your time!</p>        <p>We need to manually calculate your bonus pay, please give us up to 7 days.</p><p>Press any key to conclude.</p>","response":"arrowright","task":"end","subjectId":"zkwc69b75ouk3u6","trial_type":"html-keyboard-response","trial_index":34,"time_elapsed":554718,"internal_node_id":"0.0-11.0","interactions":"[{\"event\":\"fullscreenenter\",\"trial\":1,\"time\":2263}]"}]