[{"success":true,"timeout":false,"failed_images":[],"failed_audio":[],"failed_video":[],"trial_type":"preload","trial_index":0,"time_elapsed":1411,"internal_node_id":"0.0-0.0"},{"success":true,"trial_type":"fullscreen","trial_index":1,"time_elapsed":127134,"internal_node_id":"0.0-1.0"},{"rt":4732,"stimulus":"Welcome to the experiment. Press any key to begin.","response":"enter","trial_type":"html-keyboard-response","trial_index":2,"time_elapsed":131871,"internal_node_id":"0.0-2.0"},{"view_history":[{"page_index":0,"viewing_time":13445},{"page_index":1,"viewing_time":6808},{"page_index":2,"viewing_time":40856},{"page_index":3,"viewing_time":14992},{"page_index":4,"viewing_time":7768},{"page_index":5,"viewing_time":3224},{"page_index":6,"viewing_time":3640},{"page_index":7,"viewing_time":13496},{"page_index":8,"viewing_time":7824},{"page_index":9,"viewing_time":8408},{"page_index":10,"viewing_time":7960},{"page_index":11,"viewing_time":1944},{"page_index":12,"viewing_time":1328},{"page_index":13,"viewing_time":3304},{"page_index":14,"viewing_time":7848},{"page_index":15,"viewing_time":4208},{"page_index":16,"viewing_time":4608},{"page_index":17,"viewing_time":1536},{"page_index":18,"viewing_time":1720},{"page_index":19,"viewing_time":5536},{"page_index":20,"viewing_time":5232},{"page_index":21,"viewing_time":5784}],"rt":171469,"trial_type":"instructions","trial_index":3,"time_elapsed":303341,"internal_node_id":"0.0-3.0"},{"rt":79382,"url":"../static/nodeGraphsTraining.html","skip":[],"edgeClickLog":[],"trial_type":"external-html","trial_index":4,"time_elapsed":382967,"internal_node_id":"0.0-4.0"},{"rt":60793,"response":{"q1":"The goal is to help the student to get the most points","q2":"False","q3":"Possible paths you, as the teacher, can choose to teach the learner.","q4":"Paths that the student took before."},"question_order":[0,1,2,3],"trial_type":"survey-multi-choice","trial_index":5,"time_elapsed":443768,"internal_node_id":"0.0-5.0"},{"rt":20675,"stimulus":"<p>You can take a 60 second break before starting the experiment.</p><br><br><p>This page will advance in 60 seconds or you can press any key to advance now.</p>","response":" ","trial_type":"html-keyboard-response","trial_index":6,"time_elapsed":464450,"internal_node_id":"0.0-7.0"},{"view_history":[{"page_index":0,"viewing_time":14058}],"rt":14059,"trial_type":"instructions","trial_index":7,"time_elapsed":478510,"internal_node_id":"0.0-8.0"},{"rt":16032,"url":"../static/nodeGraphs.html","edge":"0to2","edgeRT":"10738","skip":"false","flipped":"True","index":"13","edgeClickLog":"[{\"edgeSelection\":\"0to2\",\"edgeRTMS\":5103},{\"edgeSelection\":\"2to4\",\"edgeRTMS\":8143},{\"edgeSelection\":\"0to2\",\"edgeRTMS\":10738}]","trial_id":"incong_3_flipped","congruency":"I","task":"experiment","subjectId":"ya89gp10s4z3qtt","trial_type":"external-html","trial_index":8,"time_elapsed":494769,"internal_node_id":"0.0-9.0-0.0"},{"rt":14661,"url":"../static/nodeGraphs.html","edge":"0to2","edgeRT":"2677","skip":"false","flipped":"False","index":"3","edgeClickLog":"[{\"edgeSelection\":\"0to2\",\"edgeRTMS\":2677}]","trial_id":"incong_3","congruency":"I","task":"experiment","subjectId":"ya89gp10s4z3qtt","trial_type":"external-html","trial_index":9,"time_elapsed":510336,"internal_node_id":"0.0-9.0-0.1"},{"rt":12282,"url":"../static/nodeGraphs.html","edge":"4to8","edgeRT":"10103","skip":"false","flipped":"True","index":"17","edgeClickLog":"[{\"edgeSelection\":\"4to8\",\"edgeRTMS\":10103}]","trial_id":"incong_7_flipped","congruency":"I","task":"experiment","subjectId":"ya89gp10s4z3qtt","trial_type":"external-html","trial_index":10,"time_elapsed":523424,"internal_node_id":"0.0-9.0-0.2"},{"rt":11927,"url":"../static/nodeGraphs.html","edge":"4to8","edgeRT":"10009","skip":"false","flipped":"False","index":"2","edgeClickLog":"[{\"edgeSelection\":\"2to4\",\"edgeRTMS\":5558},{\"edgeSelection\":\"4to8\",\"edgeRTMS\":10009}]","trial_id":"incong_2","congruency":"I","task":"experiment","subjectId":"ya89gp10s4z3qtt","trial_type":"external-html","trial_index":11,"time_elapsed":536063,"internal_node_id":"0.0-9.0-0.3"},{"rt":15809,"url":"../static/nodeGraphs.html","edge":"1to5","edgeRT":"14186","skip":"false","flipped":"False","index":"8","edgeClickLog":"[{\"edgeSelection\":\"1to5\",\"edgeRTMS\":4746},{\"edgeSelection\":\"1to5\",\"edgeRTMS\":14186}]","trial_id":"incong_8","congruency":"I","task":"experiment","subjectId":"ya89gp10s4z3qtt","trial_type":"external-html","trial_index":12,"time_elapsed":552559,"internal_node_id":"0.0-9.0-0.4"},{"rt":5130,"url":"../static/nodeGraphs.html","edge":"6to8","edgeRT":"3498","skip":"false","flipped":"True","index":"10","edgeClickLog":"[{\"edgeSelection\":\"6to8\",\"edgeRTMS\":3498}]","trial_id":"incong_0_flipped","congruency":"I","task":"experiment","subjectId":"ya89gp10s4z3qtt","trial_type":"external-html","trial_index":13,"time_elapsed":558399,"internal_node_id":"0.0-9.0-0.5"},{"rt":7854,"url":"../static/nodeGraphs.html","edge":"4to8","edgeRT":"4874","skip":"false","flipped":"False","index":"5","edgeClickLog":"[{\"edgeSelection\":\"4to8\",\"edgeRTMS\":4874}]","trial_id":"incong_5","congruency":"I","task":"experiment","subjectId":"ya89gp10s4z3qtt","trial_type":"external-html","trial_index":14,"time_elapsed":567031,"internal_node_id":"0.0-9.0-0.6"},{"rt":6080,"url":"../static/nodeGraphs.html","edge":"6to8","edgeRT":"4122","skip":"false","flipped":"True","index":"16","edgeClickLog":"[{\"edgeSelection\":\"6to8\",\"edgeRTMS\":3691},{\"edgeSelection\":\"6to8\",\"edgeRTMS\":4122}]","trial_id":"incong_6_flipped","congruency":"I","task":"experiment","subjectId":"ya89gp10s4z3qtt","trial_type":"external-html","trial_index":15,"time_elapsed":573814,"internal_node_id":"0.0-9.0-0.7"},{"rt":9664,"url":"../static/nodeGraphs.html","edge":"4to7","edgeRT":"7004","skip":"false","flipped":"True","index":"11","edgeClickLog":"[{\"edgeSelection\":\"4to7\",\"edgeRTMS\":7004}]","trial_id":"incong_1_flipped","congruency":"I","task":"experiment","subjectId":"ya89gp10s4z3qtt","trial_type":"external-html","trial_index":16,"time_elapsed":584927,"internal_node_id":"0.0-9.0-0.8"},{"rt":8475,"url":"../static/nodeGraphs.html","edge":"5to8","edgeRT":"7012","skip":"false","flipped":"True","index":"19","edgeClickLog":"[{\"edgeSelection\":\"5to8\",\"edgeRTMS\":7012}]","trial_id":"incong_9_flipped","congruency":"I","task":"experiment","subjectId":"ya89gp10s4z3qtt","trial_type":"external-html","trial_index":17,"time_elapsed":594094,"internal_node_id":"0.0-9.0-0.9"},{"rt":18180,"url":"../static/nodeGraphs.html","edge":"5to8","edgeRT":"16266","skip":"false","flipped":"False","index":"7","edgeClickLog":"[{\"edgeSelection\":\"5to8\",\"edgeRTMS\":16266}]","trial_id":"incong_7","congruency":"I","task":"experiment","subjectId":"ya89gp10s4z3qtt","trial_type":"external-html","trial_index":18,"time_elapsed":613254,"internal_node_id":"0.0-9.0-0.10"},{"rt":13640,"url":"../static/nodeGraphs.html","edge":"6to9","edgeRT":"12400","skip":"false","flipped":"False","index":"1","edgeClickLog":"[{\"edgeSelection\":\"2to4\",\"edgeRTMS\":4091},{\"edgeSelection\":\"6to9\",\"edgeRTMS\":12400}]","trial_id":"incong_1","congruency":"I","task":"experiment","subjectId":"ya89gp10s4z3qtt","trial_type":"external-html","trial_index":19,"time_elapsed":627591,"internal_node_id":"0.0-9.0-0.11"},{"rt":6035,"url":"../static/nodeGraphs.html","edge":"4to8","edgeRT":"2448","skip":"false","flipped":"False","index":"6","edgeClickLog":"[{\"edgeSelection\":\"4to8\",\"edgeRTMS\":2448}]","trial_id":"incong_6","congruency":"I","task":"experiment","subjectId":"ya89gp10s4z3qtt","trial_type":"external-html","trial_index":20,"time_elapsed":634311,"internal_node_id":"0.0-9.0-0.12"},{"rt":3983,"url":"../static/nodeGraphs.html","edge":"6to8","edgeRT":"2523","skip":"false","flipped":"True","index":"12","edgeClickLog":"[{\"edgeSelection\":\"6to8\",\"edgeRTMS\":2523}]","trial_id":"incong_2_flipped","congruency":"I","task":"experiment","subjectId":"ya89gp10s4z3qtt","trial_type":"external-html","trial_index":21,"time_elapsed":639004,"internal_node_id":"0.0-9.0-0.13"},{"rt":9014,"url":"../static/nodeGraphs.html","edge":"4to7","edgeRT":"7300","skip":"false","flipped":"False","index":"0","edgeClickLog":"[{\"edgeSelection\":\"4to7\",\"edgeRTMS\":5504},{\"edgeSelection\":\"4to7\",\"edgeRTMS\":7300}]","trial_id":"incong_0","congruency":"I","task":"experiment","subjectId":"ya89gp10s4z3qtt","trial_type":"external-html","trial_index":22,"time_elapsed":649039,"internal_node_id":"0.0-9.0-0.14"},{"rt":6649,"url":"../static/nodeGraphs.html","edge":"6to9","edgeRT":"3279","skip":"false","flipped":"True","index":"15","edgeClickLog":"[{\"edgeSelection\":\"6to9\",\"edgeRTMS\":3279}]","trial_id":"incong_5_flipped","congruency":"I","task":"experiment","subjectId":"ya89gp10s4z3qtt","trial_type":"external-html","trial_index":23,"time_elapsed":656422,"internal_node_id":"0.0-9.0-0.15"},{"rt":7045,"url":"../static/nodeGraphs.html","edge":"5to8","edgeRT":"5700","skip":"false","flipped":"False","index":"9","edgeClickLog":"[{\"edgeSelection\":\"5to8\",\"edgeRTMS\":5700}]","trial_id":"incong_9","congruency":"I","task":"experiment","subjectId":"ya89gp10s4z3qtt","trial_type":"external-html","trial_index":24,"time_elapsed":664391,"internal_node_id":"0.0-9.0-0.16"},{"rt":5672,"url":"../static/nodeGraphs.html","edge":"5to7","edgeRT":"3725","skip":"false","flipped":"True","index":"14","edgeClickLog":"[{\"edgeSelection\":\"5to7\",\"edgeRTMS\":3725}]","trial_id":"incong_4_flipped","congruency":"I","task":"experiment","subjectId":"ya89gp10s4z3qtt","trial_type":"external-html","trial_index":25,"time_elapsed":670743,"internal_node_id":"0.0-9.0-0.17"},{"rt":6490,"url":"../static/nodeGraphs.html","edge":"5to9","edgeRT":"4797","skip":"false","flipped":"False","index":"4","edgeClickLog":"[{\"edgeSelection\":\"5to9\",\"edgeRTMS\":4797}]","trial_id":"incong_4","congruency":"I","task":"experiment","subjectId":"ya89gp10s4z3qtt","trial_type":"external-html","trial_index":26,"time_elapsed":677831,"internal_node_id":"0.0-9.0-0.18"},{"rt":4997,"url":"../static/nodeGraphs.html","edge":"3to5","edgeRT":"2880","skip":"false","flipped":"True","index":"18","edgeClickLog":"[{\"edgeSelection\":\"3to5\",\"edgeRTMS\":2880}]","trial_id":"incong_8_flipped","congruency":"I","task":"experiment","subjectId":"ya89gp10s4z3qtt","trial_type":"external-html","trial_index":27,"time_elapsed":683543,"internal_node_id":"0.0-9.0-0.19"},{"rt":7762,"url":"../static/nodeGraphs.html","edge":"6to8","edgeRT":"5705","skip":"false","flipped":"False","index":"20","edgeClickLog":"[{\"edgeSelection\":\"6to8\",\"edgeRTMS\":5705}]","trial_id":"test_0","congruency":"I","task":"experiment","subjectId":"ya89gp10s4z3qtt","trial_type":"external-html","trial_index":28,"time_elapsed":691999,"internal_node_id":"0.0-9.0-0.20"},{"rt":4504,"url":"../static/nodeGraphs.html","edge":"3to6","edgeRT":"1982","skip":"false","flipped":"False","index":"21","edgeClickLog":"[{\"edgeSelection\":\"3to6\",\"edgeRTMS\":1982}]","trial_id":"test_1","congruency":"I","task":"experiment","subjectId":"ya89gp10s4z3qtt","trial_type":"external-html","trial_index":29,"time_elapsed":697095,"internal_node_id":"0.0-9.0-0.21"},{"rt":4019,"url":"../static/nodeGraphs.html","edge":"3to6","edgeRT":"1891","skip":"false","flipped":"False","index":"22","edgeClickLog":"[{\"edgeSelection\":\"3to6\",\"edgeRTMS\":1891}]","trial_id":"test_2","congruency":"I","task":"experiment","subjectId":"ya89gp10s4z3qtt","trial_type":"external-html","trial_index":30,"time_elapsed":701800,"internal_node_id":"0.0-9.0-0.22"},{"rt":4738,"url":"../static/nodeGraphs.html","edge":"1to5","edgeRT":"2702","skip":"false","flipped":"False","index":"23","edgeClickLog":"[{\"edgeSelection\":\"1to5\",\"edgeRTMS\":2702}]","trial_id":"test_3","congruency":"I","task":"experiment","subjectId":"ya89gp10s4z3qtt","trial_type":"external-html","trial_index":31,"time_elapsed":707136,"internal_node_id":"0.0-9.0-0.23"},{"rt":6744,"url":"../static/nodeGraphs.html","edge":"6to9","edgeRT":"3386","skip":"false","flipped":"False","index":"24","edgeClickLog":"[{\"edgeSelection\":\"6to9\",\"edgeRTMS\":3386}]","trial_id":"test_4","congruency":"I","task":"experiment","subjectId":"ya89gp10s4z3qtt","trial_type":"external-html","trial_index":32,"time_elapsed":714671,"internal_node_id":"0.0-9.0-0.24"},{"rt":21093,"response":{"P0_Q0":null,"P0_Q1":3,"P0_Q2":7,"P0_Q3":null,"P0_Q4":3,"P0_Q5":2,"strategies":"most points","feedback":"no"},"accuracy":[],"trial_type":"survey","trial_index":33,"time_elapsed":736402,"internal_node_id":"0.0-10.0"},{"rt":3697,"stimulus":"<p>Thanks for your time!</p>        <p>We need to manually calculate your bonus pay, please give us up to 7 days.</p><p>Press any key to conclude.</p>","response":" ","task":"end","subjectId":"ya89gp10s4z3qtt","trial_type":"html-keyboard-response","trial_index":34,"time_elapsed":740104,"internal_node_id":"0.0-11.0","interactions":"[{\"event\":\"fullscreenenter\",\"trial\":1,\"time\":126190},{\"event\":\"blur\",\"trial\":4,\"time\":314152},{\"event\":\"focus\",\"trial\":4,\"time\":314154},{\"event\":\"fullscreenexit\",\"trial\":4,\"time\":314178},{\"event\":\"blur\",\"trial\":12,\"time\":549278},{\"event\":\"focus\",\"trial\":12,\"time\":549279}]"}]