[{"success":true,"timeout":false,"failed_images":[],"failed_audio":[],"failed_video":[],"trial_type":"preload","trial_index":0,"time_elapsed":336,"internal_node_id":"0.0-0.0"},{"success":true,"trial_type":"fullscreen","trial_index":1,"time_elapsed":4637,"internal_node_id":"0.0-1.0"},{"rt":6321,"stimulus":"Welcome to the experiment. Press any key to begin.","response":" ","trial_type":"html-keyboard-response","trial_index":2,"time_elapsed":10958,"internal_node_id":"0.0-2.0"},{"view_history":[{"page_index":0,"viewing_time":10381},{"page_index":1,"viewing_time":9104},{"page_index":2,"viewing_time":42117},{"page_index":3,"viewing_time":12517},{"page_index":4,"viewing_time":2754},{"page_index":5,"viewing_time":1407},{"page_index":6,"viewing_time":6297},{"page_index":7,"viewing_time":12864},{"page_index":8,"viewing_time":28458},{"page_index":9,"viewing_time":12107},{"page_index":10,"viewing_time":2101},{"page_index":11,"viewing_time":1198},{"page_index":12,"viewing_time":902},{"page_index":13,"viewing_time":3354},{"page_index":14,"viewing_time":5739},{"page_index":15,"viewing_time":23399},{"page_index":16,"viewing_time":2150},{"page_index":17,"viewing_time":1006},{"page_index":18,"viewing_time":1548},{"page_index":19,"viewing_time":15874},{"page_index":20,"viewing_time":7767},{"page_index":21,"viewing_time":4966}],"rt":208010,"trial_type":"instructions","trial_index":3,"time_elapsed":218969,"internal_node_id":"0.0-3.0"},{"rt":128971,"url":"../static/nodeGraphsTraining.html","skip":[],"edgeClickLog":[],"trial_type":"external-html","trial_index":4,"time_elapsed":348277,"internal_node_id":"0.0-4.0"},{"rt":70752,"response":{"q1":"The goal is to help the student to get the most points","q2":"False","q3":"Possible paths you, as the teacher, can choose to teach the learner.","q4":"Paths that the student took before."},"question_order":[0,1,2,3],"trial_type":"survey-multi-choice","trial_index":5,"time_elapsed":419029,"internal_node_id":"0.0-5.0"},{"rt":5692,"stimulus":"<p>You can take a 60 second break before starting the experiment.</p><br><br><p>This page will advance in 60 seconds or you can press any key to advance now.</p>","response":" ","trial_type":"html-keyboard-response","trial_index":6,"time_elapsed":424722,"internal_node_id":"0.0-7.0"},{"view_history":[{"page_index":0,"viewing_time":24538}],"rt":24538,"trial_type":"instructions","trial_index":7,"time_elapsed":449261,"internal_node_id":"0.0-8.0"},{"rt":8602,"url":"../static/nodeGraphs.html","edge":"2to6","edgeRT":"7363","skip":"false","flipped":"False","index":"1","edgeClickLog":"[{\"edgeSelection\":\"2to6\",\"edgeRTMS\":7363}]","trial_id":"cong_1","congruency":"C","task":"experiment","subjectId":"le3dm3p3r4oxzpq","trial_type":"external-html","trial_index":8,"time_elapsed":458033,"internal_node_id":"0.0-9.0-0.0"},{"rt":8071,"url":"../static/nodeGraphs.html","edge":"2to6","edgeRT":"6408","skip":"false","flipped":"True","index":"14","edgeClickLog":"[{\"edgeSelection\":\"2to6\",\"edgeRTMS\":6408}]","trial_id":"cong_4_flipped","congruency":"C","task":"experiment","subjectId":"le3dm3p3r4oxzpq","trial_type":"external-html","trial_index":9,"time_elapsed":466777,"internal_node_id":"0.0-9.0-0.1"},{"rt":14759,"url":"../static/nodeGraphs.html","edge":"2to4","edgeRT":"11879","skip":"false","flipped":"False","index":"7","edgeClickLog":"[{\"edgeSelection\":\"2to4\",\"edgeRTMS\":11879}]","trial_id":"cong_7","congruency":"C","task":"experiment","subjectId":"le3dm3p3r4oxzpq","trial_type":"external-html","trial_index":10,"time_elapsed":482207,"internal_node_id":"0.0-9.0-0.2"},{"rt":7642,"url":"../static/nodeGraphs.html","edge":"2to5","edgeRT":"5329","skip":"false","flipped":"False","index":"6","edgeClickLog":"[{\"edgeSelection\":\"2to5\",\"edgeRTMS\":5329}]","trial_id":"cong_6","congruency":"C","task":"experiment","subjectId":"le3dm3p3r4oxzpq","trial_type":"external-html","trial_index":11,"time_elapsed":490519,"internal_node_id":"0.0-9.0-0.3"},{"rt":16945,"url":"../static/nodeGraphs.html","edge":"4to7","edgeRT":"16182","skip":"false","flipped":"False","index":"8","edgeClickLog":"[{\"edgeSelection\":\"1to4\",\"edgeRTMS\":10235},{\"edgeSelection\":\"4to7\",\"edgeRTMS\":16182}]","trial_id":"cong_8","congruency":"C","task":"experiment","subjectId":"le3dm3p3r4oxzpq","trial_type":"external-html","trial_index":12,"time_elapsed":508133,"internal_node_id":"0.0-9.0-0.4"},{"rt":12905,"url":"../static/nodeGraphs.html","edge":"6to9","edgeRT":"12177","skip":"false","flipped":"True","index":"18","edgeClickLog":"[{\"edgeSelection\":\"3to6\",\"edgeRTMS\":9551},{\"edgeSelection\":\"6to9\",\"edgeRTMS\":12177}]","trial_id":"cong_8_flipped","congruency":"C","task":"experiment","subjectId":"le3dm3p3r4oxzpq","trial_type":"external-html","trial_index":13,"time_elapsed":521709,"internal_node_id":"0.0-9.0-0.5"},{"rt":5666,"url":"../static/nodeGraphs.html","edge":"3to6","edgeRT":"4273","skip":"false","flipped":"True","index":"10","edgeClickLog":"[{\"edgeSelection\":\"3to6\",\"edgeRTMS\":4273}]","trial_id":"cong_0_flipped","congruency":"C","task":"experiment","subjectId":"le3dm3p3r4oxzpq","trial_type":"external-html","trial_index":14,"time_elapsed":528047,"internal_node_id":"0.0-9.0-0.6"},{"rt":9125,"url":"../static/nodeGraphs.html","edge":"2to5","edgeRT":"4510","skip":"false","flipped":"True","index":"16","edgeClickLog":"[{\"edgeSelection\":\"2to5\",\"edgeRTMS\":3690},{\"edgeSelection\":\"2to5\",\"edgeRTMS\":4510}]","trial_id":"cong_6_flipped","congruency":"C","task":"experiment","subjectId":"le3dm3p3r4oxzpq","trial_type":"external-html","trial_index":15,"time_elapsed":537843,"internal_node_id":"0.0-9.0-0.7"},{"rt":13042,"url":"../static/nodeGraphs.html","edge":"0to3","edgeRT":"12443","skip":"false","flipped":"True","index":"15","edgeClickLog":"[{\"edgeSelection\":\"0to3\",\"edgeRTMS\":4204},{\"edgeSelection\":\"3to6\",\"edgeRTMS\":7656},{\"edgeSelection\":\"0to3\",\"edgeRTMS\":12443}]","trial_id":"cong_5_flipped","congruency":"C","task":"experiment","subjectId":"le3dm3p3r4oxzpq","trial_type":"external-html","trial_index":16,"time_elapsed":551559,"internal_node_id":"0.0-9.0-0.8"},{"rt":8423,"url":"../static/nodeGraphs.html","edge":"2to6","edgeRT":"5138","skip":"false","flipped":"True","index":"17","edgeClickLog":"[{\"edgeSelection\":\"2to6\",\"edgeRTMS\":5138}]","trial_id":"cong_7_flipped","congruency":"C","task":"experiment","subjectId":"le3dm3p3r4oxzpq","trial_type":"external-html","trial_index":17,"time_elapsed":560652,"internal_node_id":"0.0-9.0-0.9"},{"rt":6018,"url":"../static/nodeGraphs.html","edge":"2to4","edgeRT":"4894","skip":"false","flipped":"True","index":"11","edgeClickLog":"[{\"edgeSelection\":\"2to4\",\"edgeRTMS\":4894}]","trial_id":"cong_1_flipped","congruency":"C","task":"experiment","subjectId":"le3dm3p3r4oxzpq","trial_type":"external-html","trial_index":18,"time_elapsed":567339,"internal_node_id":"0.0-9.0-0.10"},{"rt":8003,"url":"../static/nodeGraphs.html","edge":"1to5","edgeRT":"6948","skip":"false","flipped":"True","index":"13","edgeClickLog":"[{\"edgeSelection\":\"1to5\",\"edgeRTMS\":6948}]","trial_id":"cong_3_flipped","congruency":"C","task":"experiment","subjectId":"le3dm3p3r4oxzpq","trial_type":"external-html","trial_index":19,"time_elapsed":576013,"internal_node_id":"0.0-9.0-0.11"},{"rt":15109,"url":"../static/nodeGraphs.html","edge":"5to7","edgeRT":"12547","skip":"false","flipped":"True","index":"12","edgeClickLog":"[{\"edgeSelection\":\"5to7\",\"edgeRTMS\":12547}]","trial_id":"cong_2_flipped","congruency":"C","task":"experiment","subjectId":"le3dm3p3r4oxzpq","trial_type":"external-html","trial_index":20,"time_elapsed":591791,"internal_node_id":"0.0-9.0-0.12"},{"rt":6506,"url":"../static/nodeGraphs.html","edge":"3to5","edgeRT":"5536","skip":"false","flipped":"False","index":"3","edgeClickLog":"[{\"edgeSelection\":\"3to5\",\"edgeRTMS\":5536}]","trial_id":"cong_3","congruency":"C","task":"experiment","subjectId":"le3dm3p3r4oxzpq","trial_type":"external-html","trial_index":21,"time_elapsed":598969,"internal_node_id":"0.0-9.0-0.13"},{"rt":2436,"url":"../static/nodeGraphs.html","edge":"2to5","edgeRT":"1728","skip":"false","flipped":"True","index":"19","edgeClickLog":"[{\"edgeSelection\":\"2to5\",\"edgeRTMS\":1728}]","trial_id":"cong_9_flipped","congruency":"C","task":"experiment","subjectId":"le3dm3p3r4oxzpq","trial_type":"external-html","trial_index":22,"time_elapsed":602076,"internal_node_id":"0.0-9.0-0.14"},{"rt":5537,"url":"../static/nodeGraphs.html","edge":"5to9","edgeRT":"4640","skip":"false","flipped":"False","index":"2","edgeClickLog":"[{\"edgeSelection\":\"5to9\",\"edgeRTMS\":4640}]","trial_id":"cong_2","congruency":"C","task":"experiment","subjectId":"le3dm3p3r4oxzpq","trial_type":"external-html","trial_index":23,"time_elapsed":608284,"internal_node_id":"0.0-9.0-0.15"},{"rt":4609,"url":"../static/nodeGraphs.html","edge":"2to5","edgeRT":"3463","skip":"false","flipped":"False","index":"9","edgeClickLog":"[{\"edgeSelection\":\"2to5\",\"edgeRTMS\":3463}]","trial_id":"cong_9","congruency":"C","task":"experiment","subjectId":"le3dm3p3r4oxzpq","trial_type":"external-html","trial_index":24,"time_elapsed":613563,"internal_node_id":"0.0-9.0-0.16"},{"rt":5070,"url":"../static/nodeGraphs.html","edge":"0to1","edgeRT":"3066","skip":"false","flipped":"False","index":"5","edgeClickLog":"[{\"edgeSelection\":\"0to1\",\"edgeRTMS\":3066}]","trial_id":"cong_5","congruency":"C","task":"experiment","subjectId":"le3dm3p3r4oxzpq","trial_type":"external-html","trial_index":25,"time_elapsed":619302,"internal_node_id":"0.0-9.0-0.17"},{"rt":3816,"url":"../static/nodeGraphs.html","edge":"2to4","edgeRT":"2582","skip":"false","flipped":"False","index":"4","edgeClickLog":"[{\"edgeSelection\":\"2to4\",\"edgeRTMS\":2582}]","trial_id":"cong_4","congruency":"C","task":"experiment","subjectId":"le3dm3p3r4oxzpq","trial_type":"external-html","trial_index":26,"time_elapsed":623788,"internal_node_id":"0.0-9.0-0.18"},{"rt":2883,"url":"../static/nodeGraphs.html","edge":"1to4","edgeRT":"1796","skip":"false","flipped":"False","index":"0","edgeClickLog":"[{\"edgeSelection\":\"1to4\",\"edgeRTMS\":1796}]","trial_id":"cong_0","congruency":"C","task":"experiment","subjectId":"le3dm3p3r4oxzpq","trial_type":"external-html","trial_index":27,"time_elapsed":627341,"internal_node_id":"0.0-9.0-0.19"},{"rt":5548,"url":"../static/nodeGraphs.html","edge":"3to6","edgeRT":"3987","skip":"false","flipped":"False","index":"20","edgeClickLog":"[{\"edgeSelection\":\"3to6\",\"edgeRTMS\":3987}]","trial_id":"test_0","congruency":"I","task":"experiment","subjectId":"le3dm3p3r4oxzpq","trial_type":"external-html","trial_index":28,"time_elapsed":633560,"internal_node_id":"0.0-9.0-0.20"},{"rt":7117,"url":"../static/nodeGraphs.html","edge":"0to3","edgeRT":"6086","skip":"false","flipped":"False","index":"21","edgeClickLog":"[{\"edgeSelection\":\"0to3\",\"edgeRTMS\":6086}]","trial_id":"test_1","congruency":"I","task":"experiment","subjectId":"le3dm3p3r4oxzpq","trial_type":"external-html","trial_index":29,"time_elapsed":641347,"internal_node_id":"0.0-9.0-0.21"},{"rt":7602,"url":"../static/nodeGraphs.html","edge":"0to3","edgeRT":"6292","skip":"false","flipped":"False","index":"22","edgeClickLog":"[{\"edgeSelection\":\"0to3\",\"edgeRTMS\":6292}]","trial_id":"test_2","congruency":"I","task":"experiment","subjectId":"le3dm3p3r4oxzpq","trial_type":"external-html","trial_index":30,"time_elapsed":649620,"internal_node_id":"0.0-9.0-0.22"},{"rt":3794,"url":"../static/nodeGraphs.html","edge":"0to1","edgeRT":"2601","skip":"false","flipped":"False","index":"23","edgeClickLog":"[{\"edgeSelection\":\"0to1\",\"edgeRTMS\":2601}]","trial_id":"test_3","congruency":"I","task":"experiment","subjectId":"le3dm3p3r4oxzpq","trial_type":"external-html","trial_index":31,"time_elapsed":654084,"internal_node_id":"0.0-9.0-0.23"},{"rt":11259,"url":"../static/nodeGraphs.html","edge":"2to6","edgeRT":"8536","skip":"false","flipped":"False","index":"24","edgeClickLog":"[{\"edgeSelection\":\"2to6\",\"edgeRTMS\":8536}]","trial_id":"test_4","congruency":"I","task":"experiment","subjectId":"le3dm3p3r4oxzpq","trial_type":"external-html","trial_index":32,"time_elapsed":666013,"internal_node_id":"0.0-9.0-0.24"},{"rt":42041,"response":{"P0_Q0":null,"P0_Q1":2,"P0_Q2":6,"P0_Q3":5,"P0_Q4":2,"P0_Q5":1,"strategies":"Path for higher points ","feedback":"nope"},"accuracy":[],"trial_type":"survey","trial_index":33,"time_elapsed":708590,"internal_node_id":"0.0-10.0"},{"rt":10806,"stimulus":"<p>Thanks for your time!</p>        <p>We need to manually calculate your bonus pay, please give us up to 7 days.</p><p>Press any key to conclude.</p>","response":" ","task":"end","subjectId":"le3dm3p3r4oxzpq","trial_type":"html-keyboard-response","trial_index":34,"time_elapsed":719397,"internal_node_id":"0.0-11.0","interactions":"[{\"event\":\"fullscreenenter\",\"trial\":1,\"time\":3646},{\"event\":\"blur\",\"trial\":4,\"time\":248872},{\"event\":\"focus\",\"trial\":4,\"time\":248872},{\"event\":\"fullscreenexit\",\"trial\":4,\"time\":248875},{\"event\":\"blur\",\"trial\":4,\"time\":269605},{\"event\":\"focus\",\"trial\":4,\"time\":269605}]"}]