[{"success":true,"timeout":false,"failed_images":[],"failed_audio":[],"failed_video":[],"trial_type":"preload","trial_index":0,"time_elapsed":583,"internal_node_id":"0.0-0.0"},{"success":true,"trial_type":"fullscreen","trial_index":1,"time_elapsed":25901,"internal_node_id":"0.0-1.0"},{"rt":1526,"stimulus":"Welcome to the experiment. Press any key to begin.","response":" ","trial_type":"html-keyboard-response","trial_index":2,"time_elapsed":27428,"internal_node_id":"0.0-2.0"},{"view_history":[{"page_index":0,"viewing_time":2937},{"page_index":1,"viewing_time":5384},{"page_index":2,"viewing_time":25289},{"page_index":3,"viewing_time":2118},{"page_index":4,"viewing_time":1234},{"page_index":5,"viewing_time":1384},{"page_index":6,"viewing_time":4151},{"page_index":7,"viewing_time":7819},{"page_index":8,"viewing_time":14387},{"page_index":9,"viewing_time":10952},{"page_index":10,"viewing_time":1450},{"page_index":11,"viewing_time":717},{"page_index":12,"viewing_time":883},{"page_index":13,"viewing_time":1317},{"page_index":14,"viewing_time":2301},{"page_index":15,"viewing_time":5586},{"page_index":16,"viewing_time":1667},{"page_index":17,"viewing_time":667},{"page_index":18,"viewing_time":1300},{"page_index":19,"viewing_time":6319},{"page_index":20,"viewing_time":6352},{"page_index":21,"viewing_time":3935}],"rt":108147,"trial_type":"instructions","trial_index":3,"time_elapsed":135570,"internal_node_id":"0.0-3.0"},{"rt":65077,"url":"../static/nodeGraphsTraining.html","skip":[],"edgeClickLog":[],"trial_type":"external-html","trial_index":4,"time_elapsed":200718,"internal_node_id":"0.0-4.0"},{"rt":31003,"response":{"q1":"The goal is to help the student to get the most points","q2":"False","q3":"Possible paths you, as the teacher, can choose to teach the learner.","q4":"Paths that the student took before."},"question_order":[0,1,2,3],"trial_type":"survey-multi-choice","trial_index":5,"time_elapsed":231723,"internal_node_id":"0.0-5.0"},{"rt":2851,"stimulus":"<p>You can take a 60 second break before starting the experiment.</p><br><br><p>This page will advance in 60 seconds or you can press any key to advance now.</p>","response":" ","trial_type":"html-keyboard-response","trial_index":6,"time_elapsed":234576,"internal_node_id":"0.0-7.0"},{"view_history":[{"page_index":0,"viewing_time":16165}],"rt":16165,"trial_type":"instructions","trial_index":7,"time_elapsed":250741,"internal_node_id":"0.0-8.0"},{"rt":20724,"url":"../static/nodeGraphs.html","edge":"0to3","edgeRT":"19545","skip":"false","flipped":"False","index":"4","edgeClickLog":"[{\"edgeSelection\":\"0to3\",\"edgeRTMS\":8122},{\"edgeSelection\":\"3to5\",\"edgeRTMS\":18494},{\"edgeSelection\":\"0to3\",\"edgeRTMS\":19545}]","trial_id":"incong_4","congruency":"I","task":"experiment","subjectId":"4odo9tdl2j8jshm","trial_type":"external-html","trial_index":8,"time_elapsed":271528,"internal_node_id":"0.0-9.0-0.0"},{"rt":6032,"url":"../static/nodeGraphs.html","edge":"0to3","edgeRT":"4268","skip":"false","flipped":"True","index":"18","edgeClickLog":"[{\"edgeSelection\":\"0to3\",\"edgeRTMS\":4268}]","trial_id":"incong_8_flipped","congruency":"I","task":"experiment","subjectId":"4odo9tdl2j8jshm","trial_type":"external-html","trial_index":9,"time_elapsed":278129,"internal_node_id":"0.0-9.0-0.1"},{"rt":5819,"url":"../static/nodeGraphs.html","edge":"0to1","edgeRT":"3240","skip":"false","flipped":"False","index":"0","edgeClickLog":"[{\"edgeSelection\":\"0to1\",\"edgeRTMS\":3240}]","trial_id":"incong_0","congruency":"I","task":"experiment","subjectId":"4odo9tdl2j8jshm","trial_type":"external-html","trial_index":10,"time_elapsed":284515,"internal_node_id":"0.0-9.0-0.2"},{"rt":5530,"url":"../static/nodeGraphs.html","edge":"0to2","edgeRT":"3096","skip":"false","flipped":"True","index":"17","edgeClickLog":"[{\"edgeSelection\":\"0to2\",\"edgeRTMS\":3096}]","trial_id":"incong_7_flipped","congruency":"I","task":"experiment","subjectId":"4odo9tdl2j8jshm","trial_type":"external-html","trial_index":11,"time_elapsed":290616,"internal_node_id":"0.0-9.0-0.3"},{"rt":4664,"url":"../static/nodeGraphs.html","edge":"0to3","edgeRT":"2253","skip":"false","flipped":"True","index":"10","edgeClickLog":"[{\"edgeSelection\":\"0to3\",\"edgeRTMS\":2253}]","trial_id":"incong_0_flipped","congruency":"I","task":"experiment","subjectId":"4odo9tdl2j8jshm","trial_type":"external-html","trial_index":12,"time_elapsed":295849,"internal_node_id":"0.0-9.0-0.4"},{"rt":3896,"url":"../static/nodeGraphs.html","edge":"0to1","edgeRT":"2252","skip":"false","flipped":"False","index":"6","edgeClickLog":"[{\"edgeSelection\":\"0to1\",\"edgeRTMS\":2252}]","trial_id":"incong_6","congruency":"I","task":"experiment","subjectId":"4odo9tdl2j8jshm","trial_type":"external-html","trial_index":13,"time_elapsed":300315,"internal_node_id":"0.0-9.0-0.5"},{"rt":7543,"url":"../static/nodeGraphs.html","edge":"0to1","edgeRT":"6381","skip":"false","flipped":"False","index":"2","edgeClickLog":"[{\"edgeSelection\":\"0to1\",\"edgeRTMS\":4629},{\"edgeSelection\":\"0to1\",\"edgeRTMS\":6381}]","trial_id":"incong_2","congruency":"I","task":"experiment","subjectId":"4odo9tdl2j8jshm","trial_type":"external-html","trial_index":14,"time_elapsed":308651,"internal_node_id":"0.0-9.0-0.6"},{"rt":24522,"url":"../static/nodeGraphs.html","edge":"0to2","edgeRT":"19779","skip":"false","flipped":"False","index":"5","edgeClickLog":"[{\"edgeSelection\":\"0to2\",\"edgeRTMS\":5024},{\"edgeSelection\":\"0to2\",\"edgeRTMS\":10861},{\"edgeSelection\":\"3to6\",\"edgeRTMS\":11945},{\"edgeSelection\":\"2to4\",\"edgeRTMS\":17829},{\"edgeSelection\":\"0to2\",\"edgeRTMS\":19779}]","trial_id":"incong_5","congruency":"I","task":"experiment","subjectId":"4odo9tdl2j8jshm","trial_type":"external-html","trial_index":15,"time_elapsed":333737,"internal_node_id":"0.0-9.0-0.7"},{"rt":3720,"url":"../static/nodeGraphs.html","edge":"0to2","edgeRT":"1957","skip":"false","flipped":"False","index":"3","edgeClickLog":"[{\"edgeSelection\":\"0to2\",\"edgeRTMS\":1957}]","trial_id":"incong_3","congruency":"I","task":"experiment","subjectId":"4odo9tdl2j8jshm","trial_type":"external-html","trial_index":16,"time_elapsed":338021,"internal_node_id":"0.0-9.0-0.8"},{"rt":3013,"url":"../static/nodeGraphs.html","edge":"0to3","edgeRT":"1868","skip":"false","flipped":"True","index":"16","edgeClickLog":"[{\"edgeSelection\":\"0to3\",\"edgeRTMS\":1868}]","trial_id":"incong_6_flipped","congruency":"I","task":"experiment","subjectId":"4odo9tdl2j8jshm","trial_type":"external-html","trial_index":17,"time_elapsed":341604,"internal_node_id":"0.0-9.0-0.9"},{"rt":8434,"url":"../static/nodeGraphs.html","edge":"2to6","edgeRT":"7406","skip":"false","flipped":"True","index":"15","edgeClickLog":"[{\"edgeSelection\":\"2to6\",\"edgeRTMS\":7406}]","trial_id":"incong_5_flipped","congruency":"I","task":"experiment","subjectId":"4odo9tdl2j8jshm","trial_type":"external-html","trial_index":18,"time_elapsed":350606,"internal_node_id":"0.0-9.0-0.10"},{"rt":5662,"url":"../static/nodeGraphs.html","edge":"0to2","edgeRT":"3517","skip":"false","flipped":"False","index":"9","edgeClickLog":"[{\"edgeSelection\":\"0to2\",\"edgeRTMS\":3517}]","trial_id":"incong_9","congruency":"I","task":"experiment","subjectId":"4odo9tdl2j8jshm","trial_type":"external-html","trial_index":19,"time_elapsed":356840,"internal_node_id":"0.0-9.0-0.11"},{"rt":6414,"url":"../static/nodeGraphs.html","edge":"6to8","edgeRT":"3318","skip":"false","flipped":"True","index":"19","edgeClickLog":"[{\"edgeSelection\":\"6to8\",\"edgeRTMS\":3318}]","trial_id":"incong_9_flipped","congruency":"I","task":"experiment","subjectId":"4odo9tdl2j8jshm","trial_type":"external-html","trial_index":20,"time_elapsed":363824,"internal_node_id":"0.0-9.0-0.12"},{"rt":4719,"url":"../static/nodeGraphs.html","edge":"5to8","edgeRT":"3777","skip":"false","flipped":"False","index":"8","edgeClickLog":"[{\"edgeSelection\":\"5to8\",\"edgeRTMS\":3777}]","trial_id":"incong_8","congruency":"I","task":"experiment","subjectId":"4odo9tdl2j8jshm","trial_type":"external-html","trial_index":21,"time_elapsed":369208,"internal_node_id":"0.0-9.0-0.13"},{"rt":7000,"url":"../static/nodeGraphs.html","edge":"2to5","edgeRT":"2989","skip":"false","flipped":"True","index":"14","edgeClickLog":"[{\"edgeSelection\":\"2to5\",\"edgeRTMS\":2989}]","trial_id":"incong_4_flipped","congruency":"I","task":"experiment","subjectId":"4odo9tdl2j8jshm","trial_type":"external-html","trial_index":22,"time_elapsed":376774,"internal_node_id":"0.0-9.0-0.14"},{"rt":5069,"url":"../static/nodeGraphs.html","edge":"0to2","edgeRT":"3859","skip":"false","flipped":"True","index":"12","edgeClickLog":"[{\"edgeSelection\":\"0to2\",\"edgeRTMS\":3859}]","trial_id":"incong_2_flipped","congruency":"I","task":"experiment","subjectId":"4odo9tdl2j8jshm","trial_type":"external-html","trial_index":23,"time_elapsed":382410,"internal_node_id":"0.0-9.0-0.15"},{"rt":8198,"url":"../static/nodeGraphs.html","edge":"6to9","edgeRT":"5053","skip":"false","flipped":"False","index":"1","edgeClickLog":"[{\"edgeSelection\":\"6to9\",\"edgeRTMS\":5053}]","trial_id":"incong_1","congruency":"I","task":"experiment","subjectId":"4odo9tdl2j8jshm","trial_type":"external-html","trial_index":24,"time_elapsed":391177,"internal_node_id":"0.0-9.0-0.16"},{"rt":7745,"url":"../static/nodeGraphs.html","edge":"5to9","edgeRT":"5770","skip":"false","flipped":"True","index":"13","edgeClickLog":"[{\"edgeSelection\":\"5to9\",\"edgeRTMS\":4866},{\"edgeSelection\":\"5to9\",\"edgeRTMS\":5770}]","trial_id":"incong_3_flipped","congruency":"I","task":"experiment","subjectId":"4odo9tdl2j8jshm","trial_type":"external-html","trial_index":25,"time_elapsed":399496,"internal_node_id":"0.0-9.0-0.17"},{"rt":5500,"url":"../static/nodeGraphs.html","edge":"0to2","edgeRT":"4155","skip":"false","flipped":"False","index":"7","edgeClickLog":"[{\"edgeSelection\":\"0to2\",\"edgeRTMS\":4155}]","trial_id":"incong_7","congruency":"I","task":"experiment","subjectId":"4odo9tdl2j8jshm","trial_type":"external-html","trial_index":26,"time_elapsed":405563,"internal_node_id":"0.0-9.0-0.18"},{"rt":4695,"url":"../static/nodeGraphs.html","edge":"4to7","edgeRT":"2582","skip":"false","flipped":"True","index":"11","edgeClickLog":"[{\"edgeSelection\":\"4to7\",\"edgeRTMS\":2582}]","trial_id":"incong_1_flipped","congruency":"I","task":"experiment","subjectId":"4odo9tdl2j8jshm","trial_type":"external-html","trial_index":27,"time_elapsed":410830,"internal_node_id":"0.0-9.0-0.19"},{"rt":5624,"url":"../static/nodeGraphs.html","edge":"0to2","edgeRT":"4214","skip":"false","flipped":"False","index":"20","edgeClickLog":"[{\"edgeSelection\":\"0to2\",\"edgeRTMS\":4214}]","trial_id":"test_0","congruency":"I","task":"experiment","subjectId":"4odo9tdl2j8jshm","trial_type":"external-html","trial_index":28,"time_elapsed":417031,"internal_node_id":"0.0-9.0-0.20"},{"rt":3678,"url":"../static/nodeGraphs.html","edge":"4to7","edgeRT":"2465","skip":"false","flipped":"False","index":"21","edgeClickLog":"[{\"edgeSelection\":\"4to7\",\"edgeRTMS\":2465}]","trial_id":"test_1","congruency":"I","task":"experiment","subjectId":"4odo9tdl2j8jshm","trial_type":"external-html","trial_index":29,"time_elapsed":421282,"internal_node_id":"0.0-9.0-0.21"},{"rt":4211,"url":"../static/nodeGraphs.html","edge":"6to8","edgeRT":"2550","skip":"false","flipped":"False","index":"22","edgeClickLog":"[{\"edgeSelection\":\"6to8\",\"edgeRTMS\":2550}]","trial_id":"test_2","congruency":"I","task":"experiment","subjectId":"4odo9tdl2j8jshm","trial_type":"external-html","trial_index":30,"time_elapsed":426066,"internal_node_id":"0.0-9.0-0.22"},{"rt":4717,"url":"../static/nodeGraphs.html","edge":"5to7","edgeRT":"3722","skip":"false","flipped":"False","index":"23","edgeClickLog":"[{\"edgeSelection\":\"5to7\",\"edgeRTMS\":3722}]","trial_id":"test_3","congruency":"I","task":"experiment","subjectId":"4odo9tdl2j8jshm","trial_type":"external-html","trial_index":31,"time_elapsed":431350,"internal_node_id":"0.0-9.0-0.23"},{"rt":4241,"url":"../static/nodeGraphs.html","edge":"4to7","edgeRT":"2797","skip":"false","flipped":"False","index":"24","edgeClickLog":"[{\"edgeSelection\":\"4to7\",\"edgeRTMS\":2797}]","trial_id":"test_4","congruency":"I","task":"experiment","subjectId":"4odo9tdl2j8jshm","trial_type":"external-html","trial_index":32,"time_elapsed":436166,"internal_node_id":"0.0-9.0-0.24"},{"rt":34661,"response":{"P0_Q0":null,"P0_Q1":1,"P0_Q2":7,"P0_Q3":7,"P0_Q4":7,"P0_Q5":1,"strategies":"whatever looked like it had the most available points from a point that was 1 or 0","feedback":"no"},"accuracy":[],"trial_type":"survey","trial_index":33,"time_elapsed":471407,"internal_node_id":"0.0-10.0"},{"rt":2868,"stimulus":"<p>Thanks for your time!</p>        <p>We need to manually calculate your bonus pay, please give us up to 7 days.</p><p>Press any key to conclude.</p>","response":" ","task":"end","subjectId":"4odo9tdl2j8jshm","trial_type":"html-keyboard-response","trial_index":34,"time_elapsed":474277,"internal_node_id":"0.0-11.0","interactions":"[{\"event\":\"fullscreenenter\",\"trial\":1,\"time\":24926}]"}]