[{"success":true,"timeout":false,"failed_images":[],"failed_audio":[],"failed_video":[],"trial_type":"preload","trial_index":0,"time_elapsed":918,"internal_node_id":"0.0-0.0"},{"success":true,"trial_type":"fullscreen","trial_index":1,"time_elapsed":3495,"internal_node_id":"0.0-1.0"},{"rt":4091,"stimulus":"Welcome to the experiment. Press any key to begin.","response":" ","trial_type":"html-keyboard-response","trial_index":2,"time_elapsed":7589,"internal_node_id":"0.0-2.0"},{"view_history":[{"page_index":0,"viewing_time":5122},{"page_index":1,"viewing_time":5996},{"page_index":2,"viewing_time":43677},{"page_index":3,"viewing_time":3597},{"page_index":4,"viewing_time":1581},{"page_index":5,"viewing_time":1562},{"page_index":6,"viewing_time":9422},{"page_index":7,"viewing_time":12291},{"page_index":8,"viewing_time":37957},{"page_index":9,"viewing_time":11997},{"page_index":10,"viewing_time":1169},{"page_index":11,"viewing_time":1015},{"page_index":12,"viewing_time":668},{"page_index":13,"viewing_time":5501},{"page_index":14,"viewing_time":4283},{"page_index":15,"viewing_time":11862},{"page_index":16,"viewing_time":1072},{"page_index":17,"viewing_time":715},{"page_index":18,"viewing_time":975},{"page_index":19,"viewing_time":4207},{"page_index":20,"viewing_time":8137},{"page_index":21,"viewing_time":6585}],"rt":179393,"trial_type":"instructions","trial_index":3,"time_elapsed":186984,"internal_node_id":"0.0-3.0"},{"rt":108290,"url":"../static/nodeGraphsTraining.html","skip":[],"edgeClickLog":[],"trial_type":"external-html","trial_index":4,"time_elapsed":295404,"internal_node_id":"0.0-4.0"},{"rt":35646,"response":{"q1":"The goal is to help the student to get the most points","q2":"False","q3":"Possible paths you, as the teacher, can choose to teach the learner.","q4":"Paths that the student took before."},"question_order":[0,1,2,3],"trial_type":"survey-multi-choice","trial_index":5,"time_elapsed":331055,"internal_node_id":"0.0-5.0"},{"rt":31352,"stimulus":"<p>You can take a 60 second break before starting the experiment.</p><br><br><p>This page will advance in 60 seconds or you can press any key to advance now.</p>","response":" ","trial_type":"html-keyboard-response","trial_index":6,"time_elapsed":362413,"internal_node_id":"0.0-7.0"},{"view_history":[{"page_index":0,"viewing_time":25534}],"rt":25534,"trial_type":"instructions","trial_index":7,"time_elapsed":387949,"internal_node_id":"0.0-8.0"},{"rt":16447,"url":"../static/nodeGraphs.html","edge":"2to5","edgeRT":"10111","skip":"false","flipped":"False","index":"6","edgeClickLog":"[{\"edgeSelection\":\"2to5\",\"edgeRTMS\":5872},{\"edgeSelection\":\"5to8\",\"edgeRTMS\":9228},{\"edgeSelection\":\"2to5\",\"edgeRTMS\":10111}]","trial_id":"cong_6","congruency":"C","task":"experiment","subjectId":"sbfyz6u5lw4xcew","trial_type":"external-html","trial_index":8,"time_elapsed":404524,"internal_node_id":"0.0-9.0-0.0"},{"rt":11039,"url":"../static/nodeGraphs.html","edge":"1to4","edgeRT":"5857","skip":"false","flipped":"False","index":"0","edgeClickLog":"[{\"edgeSelection\":\"1to4\",\"edgeRTMS\":5857}]","trial_id":"cong_0","congruency":"C","task":"experiment","subjectId":"sbfyz6u5lw4xcew","trial_type":"external-html","trial_index":9,"time_elapsed":416144,"internal_node_id":"0.0-9.0-0.1"},{"rt":30013,"url":"../static/nodeGraphs.html","edge":"3to6","edgeRT":"24831","skip":"true","flipped":"True","index":"18","edgeClickLog":"[{\"edgeSelection\":\"2to4\",\"edgeRTMS\":16341},{\"edgeSelection\":\"2to4\",\"edgeRTMS\":22815},{\"edgeSelection\":\"3to6\",\"edgeRTMS\":24831}]","trial_id":"cong_8_flipped","congruency":"C","task":"experiment","subjectId":"sbfyz6u5lw4xcew","trial_type":"external-html","trial_index":10,"time_elapsed":446718,"internal_node_id":"0.0-9.0-0.2"},{"rt":28824,"url":"../static/nodeGraphs.html","edge":"5to7","edgeRT":"13890","skip":"false","flipped":"True","index":"16","edgeClickLog":"[{\"edgeSelection\":\"2to5\",\"edgeRTMS\":7986},{\"edgeSelection\":\"5to7\",\"edgeRTMS\":13890}]","trial_id":"cong_6_flipped","congruency":"C","task":"experiment","subjectId":"sbfyz6u5lw4xcew","trial_type":"external-html","trial_index":11,"time_elapsed":476139,"internal_node_id":"0.0-9.0-0.3"},{"rt":24380,"url":"../static/nodeGraphs.html","edge":"2to6","edgeRT":"16121","skip":"false","flipped":"True","index":"14","edgeClickLog":"[{\"edgeSelection\":\"3to5\",\"edgeRTMS\":15367},{\"edgeSelection\":\"2to6\",\"edgeRTMS\":16121}]","trial_id":"cong_4_flipped","congruency":"C","task":"experiment","subjectId":"sbfyz6u5lw4xcew","trial_type":"external-html","trial_index":12,"time_elapsed":501081,"internal_node_id":"0.0-9.0-0.4"},{"rt":11672,"url":"../static/nodeGraphs.html","edge":"3to6","edgeRT":"5238","skip":"false","flipped":"True","index":"10","edgeClickLog":"[{\"edgeSelection\":\"3to6\",\"edgeRTMS\":5238}]","trial_id":"cong_0_flipped","congruency":"C","task":"experiment","subjectId":"sbfyz6u5lw4xcew","trial_type":"external-html","trial_index":13,"time_elapsed":513313,"internal_node_id":"0.0-9.0-0.5"},{"rt":30008,"url":"../static/nodeGraphs.html","edge":"5to9","edgeRT":"27345","skip":"true","flipped":"False","index":"3","edgeClickLog":"[{\"edgeSelection\":\"1to5\",\"edgeRTMS\":21780},{\"edgeSelection\":\"6to8\",\"edgeRTMS\":25961},{\"edgeSelection\":\"5to9\",\"edgeRTMS\":27345}]","trial_id":"cong_3","congruency":"C","task":"experiment","subjectId":"sbfyz6u5lw4xcew","trial_type":"external-html","trial_index":14,"time_elapsed":543894,"internal_node_id":"0.0-9.0-0.6"},{"rt":21344,"url":"../static/nodeGraphs.html","edge":"2to6","edgeRT":"11896","skip":"false","flipped":"False","index":"1","edgeClickLog":"[{\"edgeSelection\":\"2to6\",\"edgeRTMS\":11896}]","trial_id":"cong_1","congruency":"C","task":"experiment","subjectId":"sbfyz6u5lw4xcew","trial_type":"external-html","trial_index":15,"time_elapsed":565810,"internal_node_id":"0.0-9.0-0.7"},{"rt":11837,"url":"../static/nodeGraphs.html","edge":"2to6","edgeRT":"7646","skip":"false","flipped":"True","index":"17","edgeClickLog":"[{\"edgeSelection\":\"2to6\",\"edgeRTMS\":7646}]","trial_id":"cong_7_flipped","congruency":"C","task":"experiment","subjectId":"sbfyz6u5lw4xcew","trial_type":"external-html","trial_index":16,"time_elapsed":578212,"internal_node_id":"0.0-9.0-0.8"},{"rt":20599,"url":"../static/nodeGraphs.html","edge":"5to8","edgeRT":"14486","skip":"false","flipped":"True","index":"19","edgeClickLog":"[{\"edgeSelection\":\"2to5\",\"edgeRTMS\":5899},{\"edgeSelection\":\"5to8\",\"edgeRTMS\":14486}]","trial_id":"cong_9_flipped","congruency":"C","task":"experiment","subjectId":"sbfyz6u5lw4xcew","trial_type":"external-html","trial_index":17,"time_elapsed":599353,"internal_node_id":"0.0-9.0-0.9"},{"rt":24345,"url":"../static/nodeGraphs.html","edge":"4to7","edgeRT":"13851","skip":"false","flipped":"False","index":"5","edgeClickLog":"[{\"edgeSelection\":\"1to4\",\"edgeRTMS\":12952},{\"edgeSelection\":\"4to7\",\"edgeRTMS\":13851}]","trial_id":"cong_5","congruency":"C","task":"experiment","subjectId":"sbfyz6u5lw4xcew","trial_type":"external-html","trial_index":18,"time_elapsed":624250,"internal_node_id":"0.0-9.0-0.10"},{"rt":20670,"url":"../static/nodeGraphs.html","edge":"5to7","edgeRT":"16976","skip":"false","flipped":"True","index":"13","edgeClickLog":"[{\"edgeSelection\":\"5to7\",\"edgeRTMS\":10511},{\"edgeSelection\":\"3to5\",\"edgeRTMS\":13061},{\"edgeSelection\":\"5to7\",\"edgeRTMS\":16976}]","trial_id":"cong_3_flipped","congruency":"C","task":"experiment","subjectId":"sbfyz6u5lw4xcew","trial_type":"external-html","trial_index":19,"time_elapsed":645480,"internal_node_id":"0.0-9.0-0.11"},{"rt":13448,"url":"../static/nodeGraphs.html","edge":"2to4","edgeRT":"11498","skip":"false","flipped":"True","index":"11","edgeClickLog":"[{\"edgeSelection\":\"2to4\",\"edgeRTMS\":11498}]","trial_id":"cong_1_flipped","congruency":"C","task":"experiment","subjectId":"sbfyz6u5lw4xcew","trial_type":"external-html","trial_index":20,"time_elapsed":659499,"internal_node_id":"0.0-9.0-0.12"},{"rt":8320,"url":"../static/nodeGraphs.html","edge":"2to5","edgeRT":"3861","skip":"false","flipped":"False","index":"9","edgeClickLog":"[{\"edgeSelection\":\"2to5\",\"edgeRTMS\":3861}]","trial_id":"cong_9","congruency":"C","task":"experiment","subjectId":"sbfyz6u5lw4xcew","trial_type":"external-html","trial_index":21,"time_elapsed":668408,"internal_node_id":"0.0-9.0-0.13"},{"rt":16141,"url":"../static/nodeGraphs.html","edge":"1to4","edgeRT":"13362","skip":"false","flipped":"False","index":"8","edgeClickLog":"[{\"edgeSelection\":\"1to4\",\"edgeRTMS\":13362}]","trial_id":"cong_8","congruency":"C","task":"experiment","subjectId":"sbfyz6u5lw4xcew","trial_type":"external-html","trial_index":22,"time_elapsed":685111,"internal_node_id":"0.0-9.0-0.14"},{"rt":18678,"url":"../static/nodeGraphs.html","edge":"2to4","edgeRT":"7222","skip":"false","flipped":"False","index":"4","edgeClickLog":"[{\"edgeSelection\":\"2to4\",\"edgeRTMS\":7222}]","trial_id":"cong_4","congruency":"C","task":"experiment","subjectId":"sbfyz6u5lw4xcew","trial_type":"external-html","trial_index":23,"time_elapsed":704357,"internal_node_id":"0.0-9.0-0.15"},{"rt":10460,"url":"../static/nodeGraphs.html","edge":"2to4","edgeRT":"5443","skip":"false","flipped":"False","index":"7","edgeClickLog":"[{\"edgeSelection\":\"2to4\",\"edgeRTMS\":5443}]","trial_id":"cong_7","congruency":"C","task":"experiment","subjectId":"sbfyz6u5lw4xcew","trial_type":"external-html","trial_index":24,"time_elapsed":715382,"internal_node_id":"0.0-9.0-0.16"},{"rt":21479,"url":"../static/nodeGraphs.html","edge":"3to6","edgeRT":"15155","skip":"false","flipped":"True","index":"15","edgeClickLog":"[{\"edgeSelection\":\"2to6\",\"edgeRTMS\":8205},{\"edgeSelection\":\"2to6\",\"edgeRTMS\":8909},{\"edgeSelection\":\"6to8\",\"edgeRTMS\":10181},{\"edgeSelection\":\"3to6\",\"edgeRTMS\":15155}]","trial_id":"cong_5_flipped","congruency":"C","task":"experiment","subjectId":"sbfyz6u5lw4xcew","trial_type":"external-html","trial_index":25,"time_elapsed":737425,"internal_node_id":"0.0-9.0-0.17"},{"rt":22475,"url":"../static/nodeGraphs.html","edge":"6to9","edgeRT":"13217","skip":"false","flipped":"False","index":"2","edgeClickLog":"[{\"edgeSelection\":\"6to9\",\"edgeRTMS\":13217}]","trial_id":"cong_2","congruency":"C","task":"experiment","subjectId":"sbfyz6u5lw4xcew","trial_type":"external-html","trial_index":26,"time_elapsed":760461,"internal_node_id":"0.0-9.0-0.18"},{"rt":10376,"url":"../static/nodeGraphs.html","edge":"5to7","edgeRT":"3231","skip":"false","flipped":"True","index":"12","edgeClickLog":"[{\"edgeSelection\":\"5to7\",\"edgeRTMS\":3231}]","trial_id":"cong_2_flipped","congruency":"C","task":"experiment","subjectId":"sbfyz6u5lw4xcew","trial_type":"external-html","trial_index":27,"time_elapsed":771412,"internal_node_id":"0.0-9.0-0.19"},{"rt":7450,"url":"../static/nodeGraphs.html","edge":"6to8","edgeRT":"4566","skip":"false","flipped":"False","index":"20","edgeClickLog":"[{\"edgeSelection\":\"6to8\",\"edgeRTMS\":4566}]","trial_id":"test_0","congruency":"I","task":"experiment","subjectId":"sbfyz6u5lw4xcew","trial_type":"external-html","trial_index":28,"time_elapsed":779425,"internal_node_id":"0.0-9.0-0.20"},{"rt":12882,"url":"../static/nodeGraphs.html","edge":"3to6","edgeRT":"4643","skip":"false","flipped":"False","index":"21","edgeClickLog":"[{\"edgeSelection\":\"3to6\",\"edgeRTMS\":4643}]","trial_id":"test_1","congruency":"I","task":"experiment","subjectId":"sbfyz6u5lw4xcew","trial_type":"external-html","trial_index":29,"time_elapsed":792874,"internal_node_id":"0.0-9.0-0.21"},{"rt":14704,"url":"../static/nodeGraphs.html","edge":"5to7","edgeRT":"9240","skip":"false","flipped":"False","index":"22","edgeClickLog":"[{\"edgeSelection\":\"3to6\",\"edgeRTMS\":2091},{\"edgeSelection\":\"5to7\",\"edgeRTMS\":9240}]","trial_id":"test_2","congruency":"I","task":"experiment","subjectId":"sbfyz6u5lw4xcew","trial_type":"external-html","trial_index":30,"time_elapsed":808159,"internal_node_id":"0.0-9.0-0.22"},{"rt":8444,"url":"../static/nodeGraphs.html","edge":"1to5","edgeRT":"3005","skip":"false","flipped":"False","index":"23","edgeClickLog":"[{\"edgeSelection\":\"1to5\",\"edgeRTMS\":3005}]","trial_id":"test_3","congruency":"I","task":"experiment","subjectId":"sbfyz6u5lw4xcew","trial_type":"external-html","trial_index":31,"time_elapsed":817169,"internal_node_id":"0.0-9.0-0.23"},{"rt":5825,"url":"../static/nodeGraphs.html","edge":"6to9","edgeRT":"4163","skip":"false","flipped":"False","index":"24","edgeClickLog":"[{\"edgeSelection\":\"6to9\",\"edgeRTMS\":4163}]","trial_id":"test_4","congruency":"I","task":"experiment","subjectId":"sbfyz6u5lw4xcew","trial_type":"external-html","trial_index":32,"time_elapsed":823551,"internal_node_id":"0.0-9.0-0.24"},{"rt":46690,"response":{"P0_Q0":null,"P0_Q1":3,"P0_Q2":5,"P0_Q3":4,"P0_Q4":3,"P0_Q5":1,"strategies":"Finding a way to connect the two highest numbers together.","feedback":""},"accuracy":[],"trial_type":"survey","trial_index":33,"time_elapsed":870801,"internal_node_id":"0.0-10.0"},{"rt":3760,"stimulus":"<p>Thanks for your time!</p>        <p>We need to manually calculate your bonus pay, please give us up to 7 days.</p><p>Press any key to conclude.</p>","response":" ","task":"end","subjectId":"sbfyz6u5lw4xcew","trial_type":"html-keyboard-response","trial_index":34,"time_elapsed":874562,"internal_node_id":"0.0-11.0","interactions":"[{\"event\":\"fullscreenenter\",\"trial\":1,\"time\":2512},{\"event\":\"fullscreenexit\",\"trial\":2,\"time\":5093},{\"event\":\"blur\",\"trial\":6,\"time\":343118},{\"event\":\"focus\",\"trial\":6,\"time\":344797},{\"event\":\"blur\",\"trial\":6,\"time\":346150},{\"event\":\"focus\",\"trial\":6,\"time\":350823}]"}]