[{"success":true,"timeout":false,"failed_images":[],"failed_audio":[],"failed_video":[],"trial_type":"preload","trial_index":0,"time_elapsed":316,"internal_node_id":"0.0-0.0"},{"success":true,"trial_type":"fullscreen","trial_index":1,"time_elapsed":3015,"internal_node_id":"0.0-1.0"},{"rt":4852,"stimulus":"Welcome to the experiment. Press any key to begin.","response":"s","trial_type":"html-keyboard-response","trial_index":2,"time_elapsed":7869,"internal_node_id":"0.0-2.0"},{"view_history":[{"page_index":0,"viewing_time":2234},{"page_index":1,"viewing_time":1964},{"page_index":2,"viewing_time":15235},{"page_index":3,"viewing_time":4341},{"page_index":4,"viewing_time":648},{"page_index":5,"viewing_time":440},{"page_index":6,"viewing_time":1312},{"page_index":7,"viewing_time":30282},{"page_index":8,"viewing_time":13438},{"page_index":9,"viewing_time":4809},{"page_index":10,"viewing_time":1319},{"page_index":11,"viewing_time":496},{"page_index":12,"viewing_time":424},{"page_index":13,"viewing_time":1232},{"page_index":14,"viewing_time":1411},{"page_index":15,"viewing_time":3005},{"page_index":16,"viewing_time":664},{"page_index":17,"viewing_time":608},{"page_index":18,"viewing_time":1096},{"page_index":19,"viewing_time":4185},{"page_index":20,"viewing_time":2727},{"page_index":21,"viewing_time":834}],"rt":92704,"trial_type":"instructions","trial_index":3,"time_elapsed":100574,"internal_node_id":"0.0-3.0"},{"rt":72662,"url":"../static/nodeGraphsTraining.html","skip":[],"edgeClickLog":[],"trial_type":"external-html","trial_index":4,"time_elapsed":173303,"internal_node_id":"0.0-4.0"},{"rt":16653,"response":{"q1":"The goal is to help the student to get the most points","q2":"False","q3":"Possible paths you, as the teacher, can choose to teach the learner.","q4":"Paths that the student took before."},"question_order":[0,1,2,3],"trial_type":"survey-multi-choice","trial_index":5,"time_elapsed":189960,"internal_node_id":"0.0-5.0"},{"rt":4098,"stimulus":"<p>You can take a 60 second break before starting the experiment.</p><br><br><p>This page will advance in 60 seconds or you can press any key to advance now.</p>","response":"arrowright","trial_type":"html-keyboard-response","trial_index":6,"time_elapsed":194060,"internal_node_id":"0.0-7.0"},{"view_history":[{"page_index":0,"viewing_time":5002}],"rt":5003,"trial_type":"instructions","trial_index":7,"time_elapsed":199063,"internal_node_id":"0.0-8.0"},{"rt":9874,"url":"../static/nodeGraphs.html","edge":"3to5","edgeRT":"8563","skip":"false","flipped":"True","index":"19","edgeClickLog":"[{\"edgeSelection\":\"3to5\",\"edgeRTMS\":5042},{\"edgeSelection\":\"5to7\",\"edgeRTMS\":7253},{\"edgeSelection\":\"3to5\",\"edgeRTMS\":8563}]","trial_id":"incong_9_flipped","congruency":"I","task":"experiment","subjectId":"rpabh4fuxxs93h3","trial_type":"external-html","trial_index":8,"time_elapsed":209007,"internal_node_id":"0.0-9.0-0.0"},{"rt":9183,"url":"../static/nodeGraphs.html","edge":"1to4","edgeRT":"7255","skip":"false","flipped":"False","index":"6","edgeClickLog":"[{\"edgeSelection\":\"1to4\",\"edgeRTMS\":7255}]","trial_id":"incong_6","congruency":"I","task":"experiment","subjectId":"rpabh4fuxxs93h3","trial_type":"external-html","trial_index":9,"time_elapsed":218767,"internal_node_id":"0.0-9.0-0.1"},{"rt":6662,"url":"../static/nodeGraphs.html","edge":"5to8","edgeRT":"4578","skip":"false","flipped":"False","index":"9","edgeClickLog":"[{\"edgeSelection\":\"5to8\",\"edgeRTMS\":4578}]","trial_id":"incong_9","congruency":"I","task":"experiment","subjectId":"rpabh4fuxxs93h3","trial_type":"external-html","trial_index":10,"time_elapsed":225999,"internal_node_id":"0.0-9.0-0.2"},{"rt":13328,"url":"../static/nodeGraphs.html","edge":"2to4","edgeRT":"10738","skip":"false","flipped":"False","index":"2","edgeClickLog":"[{\"edgeSelection\":\"0to1\",\"edgeRTMS\":7247},{\"edgeSelection\":\"2to4\",\"edgeRTMS\":10738}]","trial_id":"incong_2","congruency":"I","task":"experiment","subjectId":"rpabh4fuxxs93h3","trial_type":"external-html","trial_index":11,"time_elapsed":239888,"internal_node_id":"0.0-9.0-0.3"},{"rt":13367,"url":"../static/nodeGraphs.html","edge":"2to5","edgeRT":"11518","skip":"false","flipped":"True","index":"17","edgeClickLog":"[{\"edgeSelection\":\"2to5\",\"edgeRTMS\":11518}]","trial_id":"incong_7_flipped","congruency":"I","task":"experiment","subjectId":"rpabh4fuxxs93h3","trial_type":"external-html","trial_index":12,"time_elapsed":253815,"internal_node_id":"0.0-9.0-0.4"},{"rt":7379,"url":"../static/nodeGraphs.html","edge":"2to6","edgeRT":"4701","skip":"false","flipped":"True","index":"16","edgeClickLog":"[{\"edgeSelection\":\"3to5\",\"edgeRTMS\":3575},{\"edgeSelection\":\"2to6\",\"edgeRTMS\":4701}]","trial_id":"incong_6_flipped","congruency":"I","task":"experiment","subjectId":"rpabh4fuxxs93h3","trial_type":"external-html","trial_index":13,"time_elapsed":261767,"internal_node_id":"0.0-9.0-0.5"},{"rt":4926,"url":"../static/nodeGraphs.html","edge":"2to4","edgeRT":"3271","skip":"false","flipped":"True","index":"13","edgeClickLog":"[{\"edgeSelection\":\"2to4\",\"edgeRTMS\":3271}]","trial_id":"incong_3_flipped","congruency":"I","task":"experiment","subjectId":"rpabh4fuxxs93h3","trial_type":"external-html","trial_index":14,"time_elapsed":267255,"internal_node_id":"0.0-9.0-0.6"},{"rt":6135,"url":"../static/nodeGraphs.html","edge":"1to5","edgeRT":"2023","skip":"false","flipped":"True","index":"14","edgeClickLog":"[{\"edgeSelection\":\"1to5\",\"edgeRTMS\":2023}]","trial_id":"incong_4_flipped","congruency":"I","task":"experiment","subjectId":"rpabh4fuxxs93h3","trial_type":"external-html","trial_index":15,"time_elapsed":273951,"internal_node_id":"0.0-9.0-0.7"},{"rt":3732,"url":"../static/nodeGraphs.html","edge":"2to6","edgeRT":"2750","skip":"false","flipped":"False","index":"3","edgeClickLog":"[{\"edgeSelection\":\"2to6\",\"edgeRTMS\":2750}]","trial_id":"incong_3","congruency":"I","task":"experiment","subjectId":"rpabh4fuxxs93h3","trial_type":"external-html","trial_index":16,"time_elapsed":278247,"internal_node_id":"0.0-9.0-0.8"},{"rt":9029,"url":"../static/nodeGraphs.html","edge":"6to8","edgeRT":"2897","skip":"false","flipped":"False","index":"7","edgeClickLog":"[{\"edgeSelection\":\"6to8\",\"edgeRTMS\":2897}]","trial_id":"incong_7","congruency":"I","task":"experiment","subjectId":"rpabh4fuxxs93h3","trial_type":"external-html","trial_index":17,"time_elapsed":287839,"internal_node_id":"0.0-9.0-0.9"},{"rt":6949,"url":"../static/nodeGraphs.html","edge":"4to7","edgeRT":"4223","skip":"false","flipped":"True","index":"11","edgeClickLog":"[{\"edgeSelection\":\"4to7\",\"edgeRTMS\":4223}]","trial_id":"incong_1_flipped","congruency":"I","task":"experiment","subjectId":"rpabh4fuxxs93h3","trial_type":"external-html","trial_index":18,"time_elapsed":295351,"internal_node_id":"0.0-9.0-0.10"},{"rt":3347,"url":"../static/nodeGraphs.html","edge":"2to6","edgeRT":"2172","skip":"false","flipped":"True","index":"12","edgeClickLog":"[{\"edgeSelection\":\"2to6\",\"edgeRTMS\":2172}]","trial_id":"incong_2_flipped","congruency":"I","task":"experiment","subjectId":"rpabh4fuxxs93h3","trial_type":"external-html","trial_index":19,"time_elapsed":299264,"internal_node_id":"0.0-9.0-0.11"},{"rt":7709,"url":"../static/nodeGraphs.html","edge":"3to6","edgeRT":"6948","skip":"false","flipped":"True","index":"10","edgeClickLog":"[{\"edgeSelection\":\"2to6\",\"edgeRTMS\":1556},{\"edgeSelection\":\"2to6\",\"edgeRTMS\":1577},{\"edgeSelection\":\"3to6\",\"edgeRTMS\":6948}]","trial_id":"incong_0_flipped","congruency":"I","task":"experiment","subjectId":"rpabh4fuxxs93h3","trial_type":"external-html","trial_index":20,"time_elapsed":307535,"internal_node_id":"0.0-9.0-0.12"},{"rt":4797,"url":"../static/nodeGraphs.html","edge":"2to4","edgeRT":"2885","skip":"false","flipped":"False","index":"5","edgeClickLog":"[{\"edgeSelection\":\"2to4\",\"edgeRTMS\":2885}]","trial_id":"incong_5","congruency":"I","task":"experiment","subjectId":"rpabh4fuxxs93h3","trial_type":"external-html","trial_index":21,"time_elapsed":312896,"internal_node_id":"0.0-9.0-0.13"},{"rt":4950,"url":"../static/nodeGraphs.html","edge":"1to5","edgeRT":"1886","skip":"false","flipped":"False","index":"4","edgeClickLog":"[{\"edgeSelection\":\"1to5\",\"edgeRTMS\":1886}]","trial_id":"incong_4","congruency":"I","task":"experiment","subjectId":"rpabh4fuxxs93h3","trial_type":"external-html","trial_index":22,"time_elapsed":318407,"internal_node_id":"0.0-9.0-0.14"},{"rt":2749,"url":"../static/nodeGraphs.html","edge":"2to6","edgeRT":"1311","skip":"false","flipped":"True","index":"15","edgeClickLog":"[{\"edgeSelection\":\"2to6\",\"edgeRTMS\":1311}]","trial_id":"incong_5_flipped","congruency":"I","task":"experiment","subjectId":"rpabh4fuxxs93h3","trial_type":"external-html","trial_index":23,"time_elapsed":321719,"internal_node_id":"0.0-9.0-0.15"},{"rt":6582,"url":"../static/nodeGraphs.html","edge":"0to3","edgeRT":"4765","skip":"false","flipped":"True","index":"18","edgeClickLog":"[{\"edgeSelection\":\"0to3\",\"edgeRTMS\":4765}]","trial_id":"incong_8_flipped","congruency":"I","task":"experiment","subjectId":"rpabh4fuxxs93h3","trial_type":"external-html","trial_index":24,"time_elapsed":328864,"internal_node_id":"0.0-9.0-0.16"},{"rt":5953,"url":"../static/nodeGraphs.html","edge":"4to7","edgeRT":"4367","skip":"false","flipped":"False","index":"0","edgeClickLog":"[{\"edgeSelection\":\"4to7\",\"edgeRTMS\":4367}]","trial_id":"incong_0","congruency":"I","task":"experiment","subjectId":"rpabh4fuxxs93h3","trial_type":"external-html","trial_index":25,"time_elapsed":335391,"internal_node_id":"0.0-9.0-0.17"},{"rt":5117,"url":"../static/nodeGraphs.html","edge":"6to9","edgeRT":"3236","skip":"false","flipped":"False","index":"1","edgeClickLog":"[{\"edgeSelection\":\"6to9\",\"edgeRTMS\":3236}]","trial_id":"incong_1","congruency":"I","task":"experiment","subjectId":"rpabh4fuxxs93h3","trial_type":"external-html","trial_index":26,"time_elapsed":341072,"internal_node_id":"0.0-9.0-0.18"},{"rt":6662,"url":"../static/nodeGraphs.html","edge":"0to1","edgeRT":"3343","skip":"false","flipped":"False","index":"8","edgeClickLog":"[{\"edgeSelection\":\"0to1\",\"edgeRTMS\":3343}]","trial_id":"incong_8","congruency":"I","task":"experiment","subjectId":"rpabh4fuxxs93h3","trial_type":"external-html","trial_index":27,"time_elapsed":348295,"internal_node_id":"0.0-9.0-0.19"},{"rt":11282,"url":"../static/nodeGraphs.html","edge":"6to8","edgeRT":"9850","skip":"false","flipped":"False","index":"20","edgeClickLog":"[{\"edgeSelection\":\"6to8\",\"edgeRTMS\":9850}]","trial_id":"test_0","congruency":"I","task":"experiment","subjectId":"rpabh4fuxxs93h3","trial_type":"external-html","trial_index":28,"time_elapsed":360151,"internal_node_id":"0.0-9.0-0.20"},{"rt":3798,"url":"../static/nodeGraphs.html","edge":"3to6","edgeRT":"1894","skip":"false","flipped":"False","index":"21","edgeClickLog":"[{\"edgeSelection\":\"3to6\",\"edgeRTMS\":1894}]","trial_id":"test_1","congruency":"I","task":"experiment","subjectId":"rpabh4fuxxs93h3","trial_type":"external-html","trial_index":29,"time_elapsed":364511,"internal_node_id":"0.0-9.0-0.21"},{"rt":4471,"url":"../static/nodeGraphs.html","edge":"3to6","edgeRT":"2239","skip":"false","flipped":"False","index":"22","edgeClickLog":"[{\"edgeSelection\":\"3to6\",\"edgeRTMS\":2239}]","trial_id":"test_2","congruency":"I","task":"experiment","subjectId":"rpabh4fuxxs93h3","trial_type":"external-html","trial_index":30,"time_elapsed":369543,"internal_node_id":"0.0-9.0-0.22"},{"rt":3223,"url":"../static/nodeGraphs.html","edge":"1to5","edgeRT":"2294","skip":"false","flipped":"False","index":"23","edgeClickLog":"[{\"edgeSelection\":\"1to5\",\"edgeRTMS\":1756},{\"edgeSelection\":\"1to5\",\"edgeRTMS\":2294}]","trial_id":"test_3","congruency":"I","task":"experiment","subjectId":"rpabh4fuxxs93h3","trial_type":"external-html","trial_index":31,"time_elapsed":373327,"internal_node_id":"0.0-9.0-0.23"},{"rt":1830,"url":"../static/nodeGraphs.html","edge":"6to9","edgeRT":"1227","skip":"false","flipped":"False","index":"24","edgeClickLog":"[{\"edgeSelection\":\"6to9\",\"edgeRTMS\":1227}]","trial_id":"test_4","congruency":"I","task":"experiment","subjectId":"rpabh4fuxxs93h3","trial_type":"external-html","trial_index":32,"time_elapsed":375720,"internal_node_id":"0.0-9.0-0.24"},{"rt":50032,"response":{"P0_Q0":null,"P0_Q1":3,"P0_Q2":6,"P0_Q3":6,"P0_Q4":5,"P0_Q5":2,"strategies":"Finding the highest value pairs and consider the possibilities of the advice (i.e. some paths only lead to 2 options while others lead to 3)","feedback":""},"accuracy":[],"trial_type":"survey","trial_index":33,"time_elapsed":426357,"internal_node_id":"0.0-10.0"},{"rt":3038,"stimulus":"<p>Thanks for your time!</p>        <p>We need to manually calculate your bonus pay, please give us up to 7 days.</p><p>Press any key to conclude.</p>","response":"arrowright","task":"end","subjectId":"rpabh4fuxxs93h3","trial_type":"html-keyboard-response","trial_index":34,"time_elapsed":429397,"internal_node_id":"0.0-11.0","interactions":"[{\"event\":\"fullscreenenter\",\"trial\":1,\"time\":2047},{\"event\":\"fullscreenexit\",\"trial\":2,\"time\":6608},{\"event\":\"blur\",\"trial\":3,\"time\":34655},{\"event\":\"focus\",\"trial\":3,\"time\":63080},{\"event\":\"blur\",\"trial\":3,\"time\":65266},{\"event\":\"focus\",\"trial\":3,\"time\":76492},{\"event\":\"blur\",\"trial\":4,\"time\":109685},{\"event\":\"focus\",\"trial\":4,\"time\":109685},{\"event\":\"blur\",\"trial\":4,\"time\":121509},{\"event\":\"focus\",\"trial\":4,\"time\":121509},{\"event\":\"blur\",\"trial\":4,\"time\":133387},{\"event\":\"focus\",\"trial\":4,\"time\":147829},{\"event\":\"blur\",\"trial\":17,\"time\":281994},{\"event\":\"focus\",\"trial\":17,\"time\":282346},{\"event\":\"blur\",\"trial\":33,\"time\":377226},{\"event\":\"focus\",\"trial\":33,\"time\":379755},{\"event\":\"blur\",\"trial\":33,\"time\":396862},{\"event\":\"focus\",\"trial\":33,\"time\":398959}]"}]