[{"success":true,"timeout":false,"failed_images":[],"failed_audio":[],"failed_video":[],"trial_type":"preload","trial_index":0,"time_elapsed":218,"internal_node_id":"0.0-0.0"},{"success":true,"trial_type":"fullscreen","trial_index":1,"time_elapsed":3681,"internal_node_id":"0.0-1.0"},{"rt":2027,"stimulus":"Welcome to the experiment. Press any key to begin.","response":" ","trial_type":"html-keyboard-response","trial_index":2,"time_elapsed":5710,"internal_node_id":"0.0-2.0"},{"view_history":[{"page_index":0,"viewing_time":6216},{"page_index":1,"viewing_time":6260},{"page_index":2,"viewing_time":24837},{"page_index":3,"viewing_time":5383},{"page_index":4,"viewing_time":6744},{"page_index":5,"viewing_time":1863},{"page_index":6,"viewing_time":3200},{"page_index":7,"viewing_time":9787},{"page_index":8,"viewing_time":21897},{"page_index":9,"viewing_time":13720},{"page_index":10,"viewing_time":2023},{"page_index":11,"viewing_time":1344},{"page_index":12,"viewing_time":1464},{"page_index":13,"viewing_time":2600},{"page_index":14,"viewing_time":4741},{"page_index":15,"viewing_time":7051},{"page_index":16,"viewing_time":1448},{"page_index":17,"viewing_time":1224},{"page_index":18,"viewing_time":1345},{"page_index":19,"viewing_time":7540},{"page_index":20,"viewing_time":11374},{"page_index":21,"viewing_time":5353}],"rt":147414,"trial_type":"instructions","trial_index":3,"time_elapsed":190305,"internal_node_id":"0.0-3.0"},{"rt":86355,"url":"../static/nodeGraphsTraining.html","skip":[],"edgeClickLog":[],"trial_type":"external-html","trial_index":4,"time_elapsed":276703,"internal_node_id":"0.0-4.0"},{"rt":37537,"response":{"q1":"The goal is to help the student to get the most points","q2":"False","q3":"Possible paths you, as the teacher, can choose to teach the learner.","q4":"Paths that the student took before."},"question_order":[0,1,2,3],"trial_type":"survey-multi-choice","trial_index":5,"time_elapsed":314242,"internal_node_id":"0.0-5.0"},{"rt":4089,"stimulus":"<p>You can take a 60 second break before starting the experiment.</p><br><br><p>This page will advance in 60 seconds or you can press any key to advance now.</p>","response":" ","trial_type":"html-keyboard-response","trial_index":6,"time_elapsed":318334,"internal_node_id":"0.0-7.0"},{"view_history":[{"page_index":0,"viewing_time":66737}],"rt":66737,"trial_type":"instructions","trial_index":7,"time_elapsed":385070,"internal_node_id":"0.0-8.0"},{"rt":21679,"url":"../static/nodeGraphs.html","edge":"0to1","edgeRT":"9761","skip":"false","flipped":"False","index":"8","edgeClickLog":"[{\"edgeSelection\":\"0to1\",\"edgeRTMS\":9761}]","trial_id":"incong_8","congruency":"I","task":"experiment","subjectId":"rrvo4yltapj5rsf","trial_type":"external-html","trial_index":8,"time_elapsed":406791,"internal_node_id":"0.0-9.0-0.0"},{"rt":11029,"url":"../static/nodeGraphs.html","edge":"3to5","edgeRT":"8732","skip":"false","flipped":"True","index":"19","edgeClickLog":"[{\"edgeSelection\":\"3to5\",\"edgeRTMS\":8732}]","trial_id":"incong_9_flipped","congruency":"I","task":"experiment","subjectId":"rrvo4yltapj5rsf","trial_type":"external-html","trial_index":9,"time_elapsed":418364,"internal_node_id":"0.0-9.0-0.1"},{"rt":11187,"url":"../static/nodeGraphs.html","edge":"0to3","edgeRT":"10085","skip":"false","flipped":"True","index":"16","edgeClickLog":"[{\"edgeSelection\":\"0to3\",\"edgeRTMS\":10085}]","trial_id":"incong_6_flipped","congruency":"I","task":"experiment","subjectId":"rrvo4yltapj5rsf","trial_type":"external-html","trial_index":10,"time_elapsed":430102,"internal_node_id":"0.0-9.0-0.2"},{"rt":11998,"url":"../static/nodeGraphs.html","edge":"0to2","edgeRT":"10007","skip":"false","flipped":"True","index":"10","edgeClickLog":"[{\"edgeSelection\":\"0to2\",\"edgeRTMS\":10007}]","trial_id":"incong_0_flipped","congruency":"I","task":"experiment","subjectId":"rrvo4yltapj5rsf","trial_type":"external-html","trial_index":11,"time_elapsed":442643,"internal_node_id":"0.0-9.0-0.3"},{"rt":9286,"url":"../static/nodeGraphs.html","edge":"0to1","edgeRT":"8280","skip":"false","flipped":"False","index":"6","edgeClickLog":"[{\"edgeSelection\":\"0to1\",\"edgeRTMS\":8280}]","trial_id":"incong_6","congruency":"I","task":"experiment","subjectId":"rrvo4yltapj5rsf","trial_type":"external-html","trial_index":12,"time_elapsed":452475,"internal_node_id":"0.0-9.0-0.4"},{"rt":19706,"url":"../static/nodeGraphs.html","edge":"4to7","edgeRT":"17761","skip":"false","flipped":"True","index":"11","edgeClickLog":"[{\"edgeSelection\":\"4to7\",\"edgeRTMS\":17761}]","trial_id":"incong_1_flipped","congruency":"I","task":"experiment","subjectId":"rrvo4yltapj5rsf","trial_type":"external-html","trial_index":13,"time_elapsed":472731,"internal_node_id":"0.0-9.0-0.5"},{"rt":10751,"url":"../static/nodeGraphs.html","edge":"0to3","edgeRT":"8794","skip":"false","flipped":"True","index":"12","edgeClickLog":"[{\"edgeSelection\":\"0to3\",\"edgeRTMS\":8794}]","trial_id":"incong_2_flipped","congruency":"I","task":"experiment","subjectId":"rrvo4yltapj5rsf","trial_type":"external-html","trial_index":14,"time_elapsed":484025,"internal_node_id":"0.0-9.0-0.6"},{"rt":7726,"url":"../static/nodeGraphs.html","edge":"0to2","edgeRT":"4745","skip":"false","flipped":"False","index":"3","edgeClickLog":"[{\"edgeSelection\":\"0to2\",\"edgeRTMS\":4745}]","trial_id":"incong_3","congruency":"I","task":"experiment","subjectId":"rrvo4yltapj5rsf","trial_type":"external-html","trial_index":15,"time_elapsed":492306,"internal_node_id":"0.0-9.0-0.7"},{"rt":16297,"url":"../static/nodeGraphs.html","edge":"0to1","edgeRT":"12762","skip":"false","flipped":"True","index":"14","edgeClickLog":"[{\"edgeSelection\":\"0to1\",\"edgeRTMS\":12762}]","trial_id":"incong_4_flipped","congruency":"I","task":"experiment","subjectId":"rrvo4yltapj5rsf","trial_type":"external-html","trial_index":16,"time_elapsed":509152,"internal_node_id":"0.0-9.0-0.8"},{"rt":5773,"url":"../static/nodeGraphs.html","edge":"0to3","edgeRT":"3702","skip":"false","flipped":"True","index":"18","edgeClickLog":"[{\"edgeSelection\":\"0to3\",\"edgeRTMS\":3702}]","trial_id":"incong_8_flipped","congruency":"I","task":"experiment","subjectId":"rrvo4yltapj5rsf","trial_type":"external-html","trial_index":17,"time_elapsed":515476,"internal_node_id":"0.0-9.0-0.9"},{"rt":15983,"url":"../static/nodeGraphs.html","edge":"2to4","edgeRT":"13680","skip":"false","flipped":"False","index":"1","edgeClickLog":"[{\"edgeSelection\":\"2to4\",\"edgeRTMS\":13680}]","trial_id":"incong_1","congruency":"I","task":"experiment","subjectId":"rrvo4yltapj5rsf","trial_type":"external-html","trial_index":18,"time_elapsed":532012,"internal_node_id":"0.0-9.0-0.10"},{"rt":12736,"url":"../static/nodeGraphs.html","edge":"0to1","edgeRT":"11441","skip":"false","flipped":"False","index":"0","edgeClickLog":"[{\"edgeSelection\":\"0to1\",\"edgeRTMS\":11441}]","trial_id":"incong_0","congruency":"I","task":"experiment","subjectId":"rrvo4yltapj5rsf","trial_type":"external-html","trial_index":19,"time_elapsed":545301,"internal_node_id":"0.0-9.0-0.11"},{"rt":6043,"url":"../static/nodeGraphs.html","edge":"0to2","edgeRT":"4572","skip":"false","flipped":"True","index":"13","edgeClickLog":"[{\"edgeSelection\":\"0to2\",\"edgeRTMS\":4572}]","trial_id":"incong_3_flipped","congruency":"I","task":"experiment","subjectId":"rrvo4yltapj5rsf","trial_type":"external-html","trial_index":20,"time_elapsed":551897,"internal_node_id":"0.0-9.0-0.12"},{"rt":9617,"url":"../static/nodeGraphs.html","edge":"0to3","edgeRT":"8499","skip":"false","flipped":"False","index":"4","edgeClickLog":"[{\"edgeSelection\":\"0to3\",\"edgeRTMS\":8499}]","trial_id":"incong_4","congruency":"I","task":"experiment","subjectId":"rrvo4yltapj5rsf","trial_type":"external-html","trial_index":21,"time_elapsed":562058,"internal_node_id":"0.0-9.0-0.13"},{"rt":17060,"url":"../static/nodeGraphs.html","edge":"4to8","edgeRT":"13522","skip":"false","flipped":"False","index":"9","edgeClickLog":"[{\"edgeSelection\":\"4to8\",\"edgeRTMS\":13522}]","trial_id":"incong_9","congruency":"I","task":"experiment","subjectId":"rrvo4yltapj5rsf","trial_type":"external-html","trial_index":22,"time_elapsed":579684,"internal_node_id":"0.0-9.0-0.14"},{"rt":12290,"url":"../static/nodeGraphs.html","edge":"0to2","edgeRT":"10642","skip":"false","flipped":"False","index":"5","edgeClickLog":"[{\"edgeSelection\":\"0to2\",\"edgeRTMS\":10642}]","trial_id":"incong_5","congruency":"I","task":"experiment","subjectId":"rrvo4yltapj5rsf","trial_type":"external-html","trial_index":23,"time_elapsed":592525,"internal_node_id":"0.0-9.0-0.15"},{"rt":16448,"url":"../static/nodeGraphs.html","edge":"0to2","edgeRT":"15338","skip":"false","flipped":"True","index":"15","edgeClickLog":"[{\"edgeSelection\":\"0to2\",\"edgeRTMS\":15338}]","trial_id":"incong_5_flipped","congruency":"I","task":"experiment","subjectId":"rrvo4yltapj5rsf","trial_type":"external-html","trial_index":24,"time_elapsed":609526,"internal_node_id":"0.0-9.0-0.16"},{"rt":12692,"url":"../static/nodeGraphs.html","edge":"5to8","edgeRT":"11631","skip":"false","flipped":"True","index":"17","edgeClickLog":"[{\"edgeSelection\":\"5to8\",\"edgeRTMS\":11631}]","trial_id":"incong_7_flipped","congruency":"I","task":"experiment","subjectId":"rrvo4yltapj5rsf","trial_type":"external-html","trial_index":25,"time_elapsed":622763,"internal_node_id":"0.0-9.0-0.17"},{"rt":9107,"url":"../static/nodeGraphs.html","edge":"5to8","edgeRT":"7958","skip":"false","flipped":"False","index":"7","edgeClickLog":"[{\"edgeSelection\":\"5to8\",\"edgeRTMS\":7958}]","trial_id":"incong_7","congruency":"I","task":"experiment","subjectId":"rrvo4yltapj5rsf","trial_type":"external-html","trial_index":26,"time_elapsed":632420,"internal_node_id":"0.0-9.0-0.18"},{"rt":11924,"url":"../static/nodeGraphs.html","edge":"0to1","edgeRT":"10182","skip":"false","flipped":"False","index":"2","edgeClickLog":"[{\"edgeSelection\":\"0to1\",\"edgeRTMS\":10182}]","trial_id":"incong_2","congruency":"I","task":"experiment","subjectId":"rrvo4yltapj5rsf","trial_type":"external-html","trial_index":27,"time_elapsed":644895,"internal_node_id":"0.0-9.0-0.19"},{"rt":6363,"url":"../static/nodeGraphs.html","edge":"5to8","edgeRT":"4246","skip":"false","flipped":"False","index":"20","edgeClickLog":"[{\"edgeSelection\":\"5to8\",\"edgeRTMS\":4246}]","trial_id":"test_0","congruency":"I","task":"experiment","subjectId":"rrvo4yltapj5rsf","trial_type":"external-html","trial_index":28,"time_elapsed":651803,"internal_node_id":"0.0-9.0-0.20"},{"rt":11479,"url":"../static/nodeGraphs.html","edge":"0to3","edgeRT":"10103","skip":"false","flipped":"False","index":"21","edgeClickLog":"[{\"edgeSelection\":\"0to3\",\"edgeRTMS\":10103}]","trial_id":"test_1","congruency":"I","task":"experiment","subjectId":"rrvo4yltapj5rsf","trial_type":"external-html","trial_index":29,"time_elapsed":663831,"internal_node_id":"0.0-9.0-0.21"},{"rt":9638,"url":"../static/nodeGraphs.html","edge":"6to8","edgeRT":"8081","skip":"false","flipped":"False","index":"22","edgeClickLog":"[{\"edgeSelection\":\"6to8\",\"edgeRTMS\":8081}]","trial_id":"test_2","congruency":"I","task":"experiment","subjectId":"rrvo4yltapj5rsf","trial_type":"external-html","trial_index":30,"time_elapsed":674018,"internal_node_id":"0.0-9.0-0.22"},{"rt":6845,"url":"../static/nodeGraphs.html","edge":"5to9","edgeRT":"4869","skip":"false","flipped":"False","index":"23","edgeClickLog":"[{\"edgeSelection\":\"5to9\",\"edgeRTMS\":4869}]","trial_id":"test_3","congruency":"I","task":"experiment","subjectId":"rrvo4yltapj5rsf","trial_type":"external-html","trial_index":31,"time_elapsed":681415,"internal_node_id":"0.0-9.0-0.23"},{"rt":12109,"url":"../static/nodeGraphs.html","edge":"1to5","edgeRT":"11176","skip":"false","flipped":"False","index":"24","edgeClickLog":"[{\"edgeSelection\":\"1to5\",\"edgeRTMS\":11176}]","trial_id":"test_4","congruency":"I","task":"experiment","subjectId":"rrvo4yltapj5rsf","trial_type":"external-html","trial_index":32,"time_elapsed":694075,"internal_node_id":"0.0-9.0-0.24"},{"rt":69484,"response":{"P0_Q0":null,"P0_Q1":5,"P0_Q2":6,"P0_Q3":6,"P0_Q4":2,"P0_Q5":4,"strategies":"I counted how many points the student currently had and made sure to choose a path that would gain them at least 1 more point than what they currently had.","feedback":""},"accuracy":[],"trial_type":"survey","trial_index":33,"time_elapsed":764131,"internal_node_id":"0.0-10.0"},{"rt":3259,"stimulus":"<p>Thanks for your time!</p>        <p>We need to manually calculate your bonus pay, please give us up to 7 days.</p><p>Press any key to conclude.</p>","response":" ","task":"end","subjectId":"rrvo4yltapj5rsf","trial_type":"html-keyboard-response","trial_index":34,"time_elapsed":767391,"internal_node_id":"0.0-11.0","interactions":"[{\"event\":\"fullscreenenter\",\"trial\":1,\"time\":2680}]"}]