[{"success":true,"timeout":false,"failed_images":[],"failed_audio":[],"failed_video":[],"trial_type":"preload","trial_index":0,"time_elapsed":287,"internal_node_id":"0.0-0.0"},{"success":true,"trial_type":"fullscreen","trial_index":1,"time_elapsed":5423,"internal_node_id":"0.0-1.0"},{"rt":1924,"stimulus":"Welcome to the experiment. Press any key to begin.","response":" ","trial_type":"html-keyboard-response","trial_index":2,"time_elapsed":7349,"internal_node_id":"0.0-2.0"},{"view_history":[{"page_index":0,"viewing_time":5466},{"page_index":1,"viewing_time":5499},{"page_index":2,"viewing_time":22953},{"page_index":3,"viewing_time":3556},{"page_index":4,"viewing_time":2241},{"page_index":5,"viewing_time":1615},{"page_index":6,"viewing_time":2564},{"page_index":7,"viewing_time":10614},{"page_index":8,"viewing_time":20386},{"page_index":9,"viewing_time":5970},{"page_index":10,"viewing_time":1272},{"page_index":11,"viewing_time":758},{"page_index":12,"viewing_time":461},{"page_index":13,"viewing_time":1326},{"page_index":14,"viewing_time":2281},{"page_index":15,"viewing_time":4788},{"page_index":16,"viewing_time":2722},{"page_index":17,"viewing_time":1036},{"page_index":18,"viewing_time":801},{"page_index":19,"viewing_time":2769},{"page_index":20,"viewing_time":5132},{"page_index":21,"viewing_time":3992}],"rt":108202,"trial_type":"instructions","trial_index":3,"time_elapsed":115553,"internal_node_id":"0.0-3.0"},{"rt":83332,"url":"../static/nodeGraphsTraining.html","skip":[],"edgeClickLog":[],"trial_type":"external-html","trial_index":4,"time_elapsed":199056,"internal_node_id":"0.0-4.0"},{"rt":26756,"response":{"q1":"The goal is to help the student to get the most points","q2":"False","q3":"Possible paths you, as the teacher, can choose to teach the learner.","q4":"Paths that the student took before."},"question_order":[0,1,2,3],"trial_type":"survey-multi-choice","trial_index":5,"time_elapsed":225816,"internal_node_id":"0.0-5.0"},{"rt":10599,"stimulus":"<p>You can take a 60 second break before starting the experiment.</p><br><br><p>This page will advance in 60 seconds or you can press any key to advance now.</p>","response":"arrowright","trial_type":"html-keyboard-response","trial_index":6,"time_elapsed":236419,"internal_node_id":"0.0-7.0"},{"view_history":[{"page_index":0,"viewing_time":21193}],"rt":21194,"trial_type":"instructions","trial_index":7,"time_elapsed":257613,"internal_node_id":"0.0-8.0"},{"rt":16784,"url":"../static/nodeGraphs.html","edge":"2to6","edgeRT":"15570","skip":"false","flipped":"True","index":"11","edgeClickLog":"[{\"edgeSelection\":\"2to6\",\"edgeRTMS\":15570}]","trial_id":"incong_1_flipped","congruency":"I","task":"experiment","subjectId":"hduf1ep5qa9tcbo","trial_type":"external-html","trial_index":8,"time_elapsed":274558,"internal_node_id":"0.0-9.0-0.0"},{"rt":7880,"url":"../static/nodeGraphs.html","edge":"1to5","edgeRT":"5271","skip":"false","flipped":"False","index":"9","edgeClickLog":"[{\"edgeSelection\":\"1to5\",\"edgeRTMS\":5271}]","trial_id":"incong_9","congruency":"I","task":"experiment","subjectId":"hduf1ep5qa9tcbo","trial_type":"external-html","trial_index":9,"time_elapsed":283096,"internal_node_id":"0.0-9.0-0.1"},{"rt":14867,"url":"../static/nodeGraphs.html","edge":"0to1","edgeRT":"8485","skip":"false","flipped":"False","index":"0","edgeClickLog":"[{\"edgeSelection\":\"0to1\",\"edgeRTMS\":8485}]","trial_id":"incong_0","congruency":"I","task":"experiment","subjectId":"hduf1ep5qa9tcbo","trial_type":"external-html","trial_index":10,"time_elapsed":298623,"internal_node_id":"0.0-9.0-0.2"},{"rt":18120,"url":"../static/nodeGraphs.html","edge":"1to4","edgeRT":"9350","skip":"false","flipped":"True","index":"15","edgeClickLog":"[{\"edgeSelection\":\"1to4\",\"edgeRTMS\":9350}]","trial_id":"incong_5_flipped","congruency":"I","task":"experiment","subjectId":"hduf1ep5qa9tcbo","trial_type":"external-html","trial_index":11,"time_elapsed":317410,"internal_node_id":"0.0-9.0-0.3"},{"rt":12116,"url":"../static/nodeGraphs.html","edge":"2to5","edgeRT":"10796","skip":"false","flipped":"False","index":"4","edgeClickLog":"[{\"edgeSelection\":\"2to5\",\"edgeRTMS\":10796}]","trial_id":"incong_4","congruency":"I","task":"experiment","subjectId":"hduf1ep5qa9tcbo","trial_type":"external-html","trial_index":12,"time_elapsed":330189,"internal_node_id":"0.0-9.0-0.4"},{"rt":8097,"url":"../static/nodeGraphs.html","edge":"0to3","edgeRT":"5708","skip":"false","flipped":"True","index":"16","edgeClickLog":"[{\"edgeSelection\":\"0to3\",\"edgeRTMS\":5708}]","trial_id":"incong_6_flipped","congruency":"I","task":"experiment","subjectId":"hduf1ep5qa9tcbo","trial_type":"external-html","trial_index":13,"time_elapsed":338936,"internal_node_id":"0.0-9.0-0.5"},{"rt":14151,"url":"../static/nodeGraphs.html","edge":"0to2","edgeRT":"11614","skip":"false","flipped":"True","index":"12","edgeClickLog":"[{\"edgeSelection\":\"0to3\",\"edgeRTMS\":8418},{\"edgeSelection\":\"0to2\",\"edgeRTMS\":11614}]","trial_id":"incong_2_flipped","congruency":"I","task":"experiment","subjectId":"hduf1ep5qa9tcbo","trial_type":"external-html","trial_index":14,"time_elapsed":353745,"internal_node_id":"0.0-9.0-0.6"},{"rt":7221,"url":"../static/nodeGraphs.html","edge":"0to2","edgeRT":"4334","skip":"false","flipped":"False","index":"2","edgeClickLog":"[{\"edgeSelection\":\"0to2\",\"edgeRTMS\":4334}]","trial_id":"incong_2","congruency":"I","task":"experiment","subjectId":"hduf1ep5qa9tcbo","trial_type":"external-html","trial_index":15,"time_elapsed":361627,"internal_node_id":"0.0-9.0-0.7"},{"rt":12198,"url":"../static/nodeGraphs.html","edge":"2to5","edgeRT":"10901","skip":"false","flipped":"True","index":"14","edgeClickLog":"[{\"edgeSelection\":\"2to5\",\"edgeRTMS\":10901}]","trial_id":"incong_4_flipped","congruency":"I","task":"experiment","subjectId":"hduf1ep5qa9tcbo","trial_type":"external-html","trial_index":16,"time_elapsed":374480,"internal_node_id":"0.0-9.0-0.8"},{"rt":10734,"url":"../static/nodeGraphs.html","edge":"0to2","edgeRT":"8590","skip":"false","flipped":"False","index":"5","edgeClickLog":"[{\"edgeSelection\":\"0to2\",\"edgeRTMS\":8590}]","trial_id":"incong_5","congruency":"I","task":"experiment","subjectId":"hduf1ep5qa9tcbo","trial_type":"external-html","trial_index":17,"time_elapsed":385875,"internal_node_id":"0.0-9.0-0.9"},{"rt":15138,"url":"../static/nodeGraphs.html","edge":"0to2","edgeRT":"13302","skip":"false","flipped":"True","index":"17","edgeClickLog":"[{\"edgeSelection\":\"0to2\",\"edgeRTMS\":13302}]","trial_id":"incong_7_flipped","congruency":"I","task":"experiment","subjectId":"hduf1ep5qa9tcbo","trial_type":"external-html","trial_index":18,"time_elapsed":401667,"internal_node_id":"0.0-9.0-0.10"},{"rt":10529,"url":"../static/nodeGraphs.html","edge":"5to8","edgeRT":"6068","skip":"false","flipped":"False","index":"7","edgeClickLog":"[{\"edgeSelection\":\"0to2\",\"edgeRTMS\":3180},{\"edgeSelection\":\"5to8\",\"edgeRTMS\":6068}]","trial_id":"incong_7","congruency":"I","task":"experiment","subjectId":"hduf1ep5qa9tcbo","trial_type":"external-html","trial_index":19,"time_elapsed":412856,"internal_node_id":"0.0-9.0-0.11"},{"rt":10330,"url":"../static/nodeGraphs.html","edge":"0to1","edgeRT":"5412","skip":"false","flipped":"False","index":"8","edgeClickLog":"[{\"edgeSelection\":\"0to1\",\"edgeRTMS\":5412}]","trial_id":"incong_8","congruency":"I","task":"experiment","subjectId":"hduf1ep5qa9tcbo","trial_type":"external-html","trial_index":20,"time_elapsed":423845,"internal_node_id":"0.0-9.0-0.12"},{"rt":6906,"url":"../static/nodeGraphs.html","edge":"0to2","edgeRT":"2570","skip":"false","flipped":"True","index":"13","edgeClickLog":"[{\"edgeSelection\":\"0to2\",\"edgeRTMS\":2570}]","trial_id":"incong_3_flipped","congruency":"I","task":"experiment","subjectId":"hduf1ep5qa9tcbo","trial_type":"external-html","trial_index":21,"time_elapsed":431414,"internal_node_id":"0.0-9.0-0.13"},{"rt":6996,"url":"../static/nodeGraphs.html","edge":"0to1","edgeRT":"4008","skip":"false","flipped":"False","index":"6","edgeClickLog":"[{\"edgeSelection\":\"0to1\",\"edgeRTMS\":4008}]","trial_id":"incong_6","congruency":"I","task":"experiment","subjectId":"hduf1ep5qa9tcbo","trial_type":"external-html","trial_index":22,"time_elapsed":439000,"internal_node_id":"0.0-9.0-0.14"},{"rt":6593,"url":"../static/nodeGraphs.html","edge":"0to2","edgeRT":"3749","skip":"false","flipped":"False","index":"3","edgeClickLog":"[{\"edgeSelection\":\"0to2\",\"edgeRTMS\":3749}]","trial_id":"incong_3","congruency":"I","task":"experiment","subjectId":"hduf1ep5qa9tcbo","trial_type":"external-html","trial_index":23,"time_elapsed":446255,"internal_node_id":"0.0-9.0-0.15"},{"rt":8630,"url":"../static/nodeGraphs.html","edge":"0to3","edgeRT":"5650","skip":"false","flipped":"True","index":"18","edgeClickLog":"[{\"edgeSelection\":\"0to3\",\"edgeRTMS\":5650}]","trial_id":"incong_8_flipped","congruency":"I","task":"experiment","subjectId":"hduf1ep5qa9tcbo","trial_type":"external-html","trial_index":24,"time_elapsed":455549,"internal_node_id":"0.0-9.0-0.16"},{"rt":9062,"url":"../static/nodeGraphs.html","edge":"3to5","edgeRT":"7279","skip":"false","flipped":"True","index":"19","edgeClickLog":"[{\"edgeSelection\":\"3to5\",\"edgeRTMS\":7279}]","trial_id":"incong_9_flipped","congruency":"I","task":"experiment","subjectId":"hduf1ep5qa9tcbo","trial_type":"external-html","trial_index":25,"time_elapsed":465268,"internal_node_id":"0.0-9.0-0.17"},{"rt":9103,"url":"../static/nodeGraphs.html","edge":"0to3","edgeRT":"6994","skip":"false","flipped":"True","index":"10","edgeClickLog":"[{\"edgeSelection\":\"0to3\",\"edgeRTMS\":6994}]","trial_id":"incong_0_flipped","congruency":"I","task":"experiment","subjectId":"hduf1ep5qa9tcbo","trial_type":"external-html","trial_index":26,"time_elapsed":475032,"internal_node_id":"0.0-9.0-0.18"},{"rt":16217,"url":"../static/nodeGraphs.html","edge":"6to9","edgeRT":"14766","skip":"false","flipped":"False","index":"1","edgeClickLog":"[{\"edgeSelection\":\"0to1\",\"edgeRTMS\":11421},{\"edgeSelection\":\"6to9\",\"edgeRTMS\":14766}]","trial_id":"incong_1","congruency":"I","task":"experiment","subjectId":"hduf1ep5qa9tcbo","trial_type":"external-html","trial_index":27,"time_elapsed":491925,"internal_node_id":"0.0-9.0-0.19"},{"rt":9986,"url":"../static/nodeGraphs.html","edge":"0to1","edgeRT":"7222","skip":"false","flipped":"False","index":"20","edgeClickLog":"[{\"edgeSelection\":\"0to1\",\"edgeRTMS\":7222}]","trial_id":"test_0","congruency":"I","task":"experiment","subjectId":"hduf1ep5qa9tcbo","trial_type":"external-html","trial_index":28,"time_elapsed":502579,"internal_node_id":"0.0-9.0-0.20"},{"rt":8960,"url":"../static/nodeGraphs.html","edge":"0to3","edgeRT":"7184","skip":"false","flipped":"False","index":"21","edgeClickLog":"[{\"edgeSelection\":\"0to3\",\"edgeRTMS\":7184}]","trial_id":"test_1","congruency":"I","task":"experiment","subjectId":"hduf1ep5qa9tcbo","trial_type":"external-html","trial_index":29,"time_elapsed":512204,"internal_node_id":"0.0-9.0-0.21"},{"rt":15787,"url":"../static/nodeGraphs.html","edge":"6to8","edgeRT":"14533","skip":"false","flipped":"False","index":"22","edgeClickLog":"[{\"edgeSelection\":\"6to8\",\"edgeRTMS\":14533}]","trial_id":"test_2","congruency":"I","task":"experiment","subjectId":"hduf1ep5qa9tcbo","trial_type":"external-html","trial_index":30,"time_elapsed":528648,"internal_node_id":"0.0-9.0-0.22"},{"rt":7652,"url":"../static/nodeGraphs.html","edge":"5to9","edgeRT":"6129","skip":"false","flipped":"False","index":"23","edgeClickLog":"[{\"edgeSelection\":\"5to9\",\"edgeRTMS\":6129}]","trial_id":"test_3","congruency":"I","task":"experiment","subjectId":"hduf1ep5qa9tcbo","trial_type":"external-html","trial_index":31,"time_elapsed":536962,"internal_node_id":"0.0-9.0-0.23"},{"rt":12823,"url":"../static/nodeGraphs.html","edge":"1to5","edgeRT":"9470","skip":"false","flipped":"False","index":"24","edgeClickLog":"[{\"edgeSelection\":\"1to5\",\"edgeRTMS\":9470}]","trial_id":"test_4","congruency":"I","task":"experiment","subjectId":"hduf1ep5qa9tcbo","trial_type":"external-html","trial_index":32,"time_elapsed":550453,"internal_node_id":"0.0-9.0-0.24"},{"rt":36927,"response":{"P0_Q0":null,"P0_Q1":4,"P0_Q2":7,"P0_Q3":6,"P0_Q4":5,"P0_Q5":2,"strategies":"looked to see which path would provide most options to get higher points","feedback":""},"accuracy":[],"trial_type":"survey","trial_index":33,"time_elapsed":588004,"internal_node_id":"0.0-10.0"},{"rt":3046,"stimulus":"<p>Thanks for your time!</p>        <p>We need to manually calculate your bonus pay, please give us up to 7 days.</p><p>Press any key to conclude.</p>","response":"enter","task":"end","subjectId":"hduf1ep5qa9tcbo","trial_type":"html-keyboard-response","trial_index":34,"time_elapsed":591055,"internal_node_id":"0.0-11.0","interactions":"[{\"event\":\"fullscreenenter\",\"trial\":1,\"time\":4481}]"}]