[{"success":true,"timeout":false,"failed_images":[],"failed_audio":[],"failed_video":[],"trial_type":"preload","trial_index":0,"time_elapsed":334,"internal_node_id":"0.0-0.0"},{"success":true,"trial_type":"fullscreen","trial_index":1,"time_elapsed":7890,"internal_node_id":"0.0-1.0"},{"rt":2130,"stimulus":"Welcome to the experiment. Press any key to begin.","response":"enter","trial_type":"html-keyboard-response","trial_index":2,"time_elapsed":10021,"internal_node_id":"0.0-2.0"},{"view_history":[{"page_index":0,"viewing_time":5021},{"page_index":1,"viewing_time":8760},{"page_index":2,"viewing_time":36882},{"page_index":3,"viewing_time":2998},{"page_index":4,"viewing_time":1066},{"page_index":5,"viewing_time":588},{"page_index":6,"viewing_time":1844},{"page_index":7,"viewing_time":14006},{"page_index":8,"viewing_time":22404},{"page_index":9,"viewing_time":16254},{"page_index":10,"viewing_time":4478},{"page_index":11,"viewing_time":1952},{"page_index":12,"viewing_time":466},{"page_index":13,"viewing_time":1700},{"page_index":14,"viewing_time":7422},{"page_index":15,"viewing_time":8188},{"page_index":16,"viewing_time":1720},{"page_index":17,"viewing_time":3336},{"page_index":18,"viewing_time":1236},{"page_index":19,"viewing_time":10884},{"page_index":20,"viewing_time":7074},{"page_index":21,"viewing_time":4670}],"rt":162949,"trial_type":"instructions","trial_index":3,"time_elapsed":172970,"internal_node_id":"0.0-3.0"},{"rt":108309,"url":"../static/nodeGraphsTraining.html","skip":[],"edgeClickLog":[],"trial_type":"external-html","trial_index":4,"time_elapsed":281361,"internal_node_id":"0.0-4.0"},{"rt":35603,"response":{"q1":"The goal is to help the student to get the most points","q2":"False","q3":"Possible paths you, as the teacher, can choose to teach the learner.","q4":"Possible paths you, as the teacher, can choose to teach the learner."},"question_order":[0,1,2,3],"trial_type":"survey-multi-choice","trial_index":5,"time_elapsed":316965,"internal_node_id":"0.0-5.0"},{"rt":28500,"response":{"q1":"The goal is to help the student to get the most points","q2":"False","q3":"Possible paths you, as the teacher, can choose to teach the learner.","q4":"Paths that the student took before."},"question_order":[0,1,2,3],"trial_type":"survey-multi-choice","trial_index":6,"time_elapsed":345467,"internal_node_id":"0.0-6.0-0.0"},{"rt":46215,"stimulus":"<p>You can take a 60 second break before starting the experiment.</p><br><br><p>This page will advance in 60 seconds or you can press any key to advance now.</p>","response":"enter","trial_type":"html-keyboard-response","trial_index":7,"time_elapsed":391683,"internal_node_id":"0.0-7.0"},{"view_history":[{"page_index":0,"viewing_time":22155}],"rt":22155,"trial_type":"instructions","trial_index":8,"time_elapsed":413838,"internal_node_id":"0.0-8.0"},{"rt":9852,"url":"../static/nodeGraphs.html","edge":"4to7","edgeRT":"7763","skip":"false","flipped":"False","index":"5","edgeClickLog":"[{\"edgeSelection\":\"0to2\",\"edgeRTMS\":3903},{\"edgeSelection\":\"2to4\",\"edgeRTMS\":5786},{\"edgeSelection\":\"4to7\",\"edgeRTMS\":7763}]","trial_id":"incong_5","congruency":"I","task":"experiment","subjectId":"d8asj6todrpyu64","trial_type":"external-html","trial_index":9,"time_elapsed":423881,"internal_node_id":"0.0-9.0-0.0"},{"rt":10349,"url":"../static/nodeGraphs.html","edge":"4to8","edgeRT":"8338","skip":"false","flipped":"False","index":"2","edgeClickLog":"[{\"edgeSelection\":\"0to1\",\"edgeRTMS\":4784},{\"edgeSelection\":\"1to4\",\"edgeRTMS\":6254},{\"edgeSelection\":\"4to8\",\"edgeRTMS\":8338}]","trial_id":"incong_2","congruency":"I","task":"experiment","subjectId":"d8asj6todrpyu64","trial_type":"external-html","trial_index":10,"time_elapsed":434822,"internal_node_id":"0.0-9.0-0.1"},{"rt":9625,"url":"../static/nodeGraphs.html","edge":"4to8","edgeRT":"7629","skip":"false","flipped":"False","index":"8","edgeClickLog":"[{\"edgeSelection\":\"0to1\",\"edgeRTMS\":2586},{\"edgeSelection\":\"0to1\",\"edgeRTMS\":3787},{\"edgeSelection\":\"1to4\",\"edgeRTMS\":5731},{\"edgeSelection\":\"4to8\",\"edgeRTMS\":7629}]","trial_id":"incong_8","congruency":"I","task":"experiment","subjectId":"d8asj6todrpyu64","trial_type":"external-html","trial_index":11,"time_elapsed":445094,"internal_node_id":"0.0-9.0-0.2"},{"rt":12553,"url":"../static/nodeGraphs.html","edge":"4to7","edgeRT":"10900","skip":"false","flipped":"True","index":"11","edgeClickLog":"[{\"edgeSelection\":\"0to2\",\"edgeRTMS\":2490},{\"edgeSelection\":\"2to4\",\"edgeRTMS\":9872},{\"edgeSelection\":\"4to7\",\"edgeRTMS\":10900}]","trial_id":"incong_1_flipped","congruency":"I","task":"experiment","subjectId":"d8asj6todrpyu64","trial_type":"external-html","trial_index":12,"time_elapsed":458230,"internal_node_id":"0.0-9.0-0.3"},{"rt":13374,"url":"../static/nodeGraphs.html","edge":"6to8","edgeRT":"11659","skip":"false","flipped":"False","index":"3","edgeClickLog":"[{\"edgeSelection\":\"0to2\",\"edgeRTMS\":2839},{\"edgeSelection\":\"2to6\",\"edgeRTMS\":8485},{\"edgeSelection\":\"6to8\",\"edgeRTMS\":10230},{\"edgeSelection\":\"6to8\",\"edgeRTMS\":11659}]","trial_id":"incong_3","congruency":"I","task":"experiment","subjectId":"d8asj6todrpyu64","trial_type":"external-html","trial_index":13,"time_elapsed":472198,"internal_node_id":"0.0-9.0-0.4"},{"rt":7535,"url":"../static/nodeGraphs.html","edge":"4to8","edgeRT":"6092","skip":"false","flipped":"True","index":"17","edgeClickLog":"[{\"edgeSelection\":\"0to2\",\"edgeRTMS\":2646},{\"edgeSelection\":\"2to4\",\"edgeRTMS\":4164},{\"edgeSelection\":\"4to8\",\"edgeRTMS\":6092}]","trial_id":"incong_7_flipped","congruency":"I","task":"experiment","subjectId":"d8asj6todrpyu64","trial_type":"external-html","trial_index":14,"time_elapsed":480328,"internal_node_id":"0.0-9.0-0.5"},{"rt":8712,"url":"../static/nodeGraphs.html","edge":"6to8","edgeRT":"7415","skip":"false","flipped":"False","index":"7","edgeClickLog":"[{\"edgeSelection\":\"0to2\",\"edgeRTMS\":2489},{\"edgeSelection\":\"2to6\",\"edgeRTMS\":4608},{\"edgeSelection\":\"2to6\",\"edgeRTMS\":5917},{\"edgeSelection\":\"6to8\",\"edgeRTMS\":7415}]","trial_id":"incong_7","congruency":"I","task":"experiment","subjectId":"d8asj6todrpyu64","trial_type":"external-html","trial_index":15,"time_elapsed":489622,"internal_node_id":"0.0-9.0-0.6"},{"rt":11657,"url":"../static/nodeGraphs.html","edge":"6to9","edgeRT":"9695","skip":"false","flipped":"True","index":"15","edgeClickLog":"[{\"edgeSelection\":\"0to2\",\"edgeRTMS\":5850},{\"edgeSelection\":\"2to6\",\"edgeRTMS\":7874},{\"edgeSelection\":\"6to9\",\"edgeRTMS\":9695}]","trial_id":"incong_5_flipped","congruency":"I","task":"experiment","subjectId":"d8asj6todrpyu64","trial_type":"external-html","trial_index":16,"time_elapsed":501862,"internal_node_id":"0.0-9.0-0.7"},{"rt":10171,"url":"../static/nodeGraphs.html","edge":"4to7","edgeRT":"8557","skip":"false","flipped":"False","index":"1","edgeClickLog":"[{\"edgeSelection\":\"0to2\",\"edgeRTMS\":4062},{\"edgeSelection\":\"2to4\",\"edgeRTMS\":6627},{\"edgeSelection\":\"4to7\",\"edgeRTMS\":8557}]","trial_id":"incong_1","congruency":"I","task":"experiment","subjectId":"d8asj6todrpyu64","trial_type":"external-html","trial_index":17,"time_elapsed":512632,"internal_node_id":"0.0-9.0-0.8"},{"rt":5930,"url":"../static/nodeGraphs.html","edge":"4to8","edgeRT":"4552","skip":"false","flipped":"False","index":"6","edgeClickLog":"[{\"edgeSelection\":\"0to1\",\"edgeRTMS\":2192},{\"edgeSelection\":\"1to4\",\"edgeRTMS\":3260},{\"edgeSelection\":\"4to8\",\"edgeRTMS\":4552}]","trial_id":"incong_6","congruency":"I","task":"experiment","subjectId":"d8asj6todrpyu64","trial_type":"external-html","trial_index":18,"time_elapsed":519142,"internal_node_id":"0.0-9.0-0.9"},{"rt":5999,"url":"../static/nodeGraphs.html","edge":"4to7","edgeRT":"4942","skip":"false","flipped":"False","index":"0","edgeClickLog":"[{\"edgeSelection\":\"0to1\",\"edgeRTMS\":2590},{\"edgeSelection\":\"1to4\",\"edgeRTMS\":3842},{\"edgeSelection\":\"4to7\",\"edgeRTMS\":4942}]","trial_id":"incong_0","congruency":"I","task":"experiment","subjectId":"d8asj6todrpyu64","trial_type":"external-html","trial_index":19,"time_elapsed":525726,"internal_node_id":"0.0-9.0-0.10"},{"rt":5266,"url":"../static/nodeGraphs.html","edge":"5to8","edgeRT":"4101","skip":"false","flipped":"True","index":"19","edgeClickLog":"[{\"edgeSelection\":\"0to2\",\"edgeRTMS\":1988},{\"edgeSelection\":\"2to5\",\"edgeRTMS\":3058},{\"edgeSelection\":\"5to8\",\"edgeRTMS\":4101}]","trial_id":"incong_9_flipped","congruency":"I","task":"experiment","subjectId":"d8asj6todrpyu64","trial_type":"external-html","trial_index":20,"time_elapsed":531586,"internal_node_id":"0.0-9.0-0.11"},{"rt":6625,"url":"../static/nodeGraphs.html","edge":"6to8","edgeRT":"5592","skip":"false","flipped":"True","index":"16","edgeClickLog":"[{\"edgeSelection\":\"0to3\",\"edgeRTMS\":2980},{\"edgeSelection\":\"3to6\",\"edgeRTMS\":4294},{\"edgeSelection\":\"6to8\",\"edgeRTMS\":5592}]","trial_id":"incong_6_flipped","congruency":"I","task":"experiment","subjectId":"d8asj6todrpyu64","trial_type":"external-html","trial_index":21,"time_elapsed":538793,"internal_node_id":"0.0-9.0-0.12"},{"rt":6125,"url":"../static/nodeGraphs.html","edge":"6to8","edgeRT":"4762","skip":"false","flipped":"True","index":"12","edgeClickLog":"[{\"edgeSelection\":\"0to3\",\"edgeRTMS\":2408},{\"edgeSelection\":\"3to6\",\"edgeRTMS\":3636},{\"edgeSelection\":\"6to8\",\"edgeRTMS\":4762}]","trial_id":"incong_2_flipped","congruency":"I","task":"experiment","subjectId":"d8asj6todrpyu64","trial_type":"external-html","trial_index":22,"time_elapsed":545500,"internal_node_id":"0.0-9.0-0.13"},{"rt":9724,"url":"../static/nodeGraphs.html","edge":"5to8","edgeRT":"8633","skip":"false","flipped":"True","index":"18","edgeClickLog":"[{\"edgeSelection\":\"0to3\",\"edgeRTMS\":2076},{\"edgeSelection\":\"0to3\",\"edgeRTMS\":4562},{\"edgeSelection\":\"0to3\",\"edgeRTMS\":5241},{\"edgeSelection\":\"3to5\",\"edgeRTMS\":7245},{\"edgeSelection\":\"5to8\",\"edgeRTMS\":8633}]","trial_id":"incong_8_flipped","congruency":"I","task":"experiment","subjectId":"d8asj6todrpyu64","trial_type":"external-html","trial_index":23,"time_elapsed":555806,"internal_node_id":"0.0-9.0-0.14"},{"rt":6977,"url":"../static/nodeGraphs.html","edge":"5to7","edgeRT":"5401","skip":"false","flipped":"True","index":"14","edgeClickLog":"[{\"edgeSelection\":\"0to1\",\"edgeRTMS\":3160},{\"edgeSelection\":\"1to5\",\"edgeRTMS\":4246},{\"edgeSelection\":\"5to7\",\"edgeRTMS\":5401}]","trial_id":"incong_4_flipped","congruency":"I","task":"experiment","subjectId":"d8asj6todrpyu64","trial_type":"external-html","trial_index":24,"time_elapsed":563369,"internal_node_id":"0.0-9.0-0.15"},{"rt":5905,"url":"../static/nodeGraphs.html","edge":"5to9","edgeRT":"4681","skip":"false","flipped":"False","index":"4","edgeClickLog":"[{\"edgeSelection\":\"0to3\",\"edgeRTMS\":2363},{\"edgeSelection\":\"3to5\",\"edgeRTMS\":3473},{\"edgeSelection\":\"5to9\",\"edgeRTMS\":4681}]","trial_id":"incong_4","congruency":"I","task":"experiment","subjectId":"d8asj6todrpyu64","trial_type":"external-html","trial_index":25,"time_elapsed":569858,"internal_node_id":"0.0-9.0-0.16"},{"rt":5500,"url":"../static/nodeGraphs.html","edge":"6to9","edgeRT":"4042","skip":"false","flipped":"True","index":"10","edgeClickLog":"[{\"edgeSelection\":\"0to3\",\"edgeRTMS\":1664},{\"edgeSelection\":\"3to6\",\"edgeRTMS\":2971},{\"edgeSelection\":\"6to9\",\"edgeRTMS\":4042}]","trial_id":"incong_0_flipped","congruency":"I","task":"experiment","subjectId":"d8asj6todrpyu64","trial_type":"external-html","trial_index":26,"time_elapsed":575987,"internal_node_id":"0.0-9.0-0.17"},{"rt":12188,"url":"../static/nodeGraphs.html","edge":"4to8","edgeRT":"7622","skip":"false","flipped":"True","index":"13","edgeClickLog":"[{\"edgeSelection\":\"0to2\",\"edgeRTMS\":1695},{\"edgeSelection\":\"2to4\",\"edgeRTMS\":5721},{\"edgeSelection\":\"4to8\",\"edgeRTMS\":7622}]","trial_id":"incong_3_flipped","congruency":"I","task":"experiment","subjectId":"d8asj6todrpyu64","trial_type":"external-html","trial_index":27,"time_elapsed":588756,"internal_node_id":"0.0-9.0-0.18"},{"rt":7693,"url":"../static/nodeGraphs.html","edge":"5to8","edgeRT":"6584","skip":"false","flipped":"False","index":"9","edgeClickLog":"[{\"edgeSelection\":\"0to2\",\"edgeRTMS\":2770},{\"edgeSelection\":\"2to5\",\"edgeRTMS\":3894},{\"edgeSelection\":\"5to8\",\"edgeRTMS\":4755},{\"edgeSelection\":\"5to8\",\"edgeRTMS\":6584}]","trial_id":"incong_9","congruency":"I","task":"experiment","subjectId":"d8asj6todrpyu64","trial_type":"external-html","trial_index":28,"time_elapsed":597030,"internal_node_id":"0.0-9.0-0.19"},{"rt":11458,"url":"../static/nodeGraphs.html","edge":"5to8","edgeRT":"10300","skip":"false","flipped":"False","index":"20","edgeClickLog":"[{\"edgeSelection\":\"0to1\",\"edgeRTMS\":6663},{\"edgeSelection\":\"0to1\",\"edgeRTMS\":8212},{\"edgeSelection\":\"1to5\",\"edgeRTMS\":9164},{\"edgeSelection\":\"5to8\",\"edgeRTMS\":10300}]","trial_id":"test_0","congruency":"I","task":"experiment","subjectId":"d8asj6todrpyu64","trial_type":"external-html","trial_index":29,"time_elapsed":609068,"internal_node_id":"0.0-9.0-0.20"},{"rt":7679,"url":"../static/nodeGraphs.html","edge":"6to9","edgeRT":"6360","skip":"false","flipped":"False","index":"21","edgeClickLog":"[{\"edgeSelection\":\"0to3\",\"edgeRTMS\":1846},{\"edgeSelection\":\"3to6\",\"edgeRTMS\":3754},{\"edgeSelection\":\"6to9\",\"edgeRTMS\":5043},{\"edgeSelection\":\"6to9\",\"edgeRTMS\":6360}]","trial_id":"test_1","congruency":"I","task":"experiment","subjectId":"d8asj6todrpyu64","trial_type":"external-html","trial_index":30,"time_elapsed":617330,"internal_node_id":"0.0-9.0-0.21"},{"rt":16168,"url":"../static/nodeGraphs.html","edge":"6to8","edgeRT":"8402","skip":"false","flipped":"False","index":"22","edgeClickLog":"[{\"edgeSelection\":\"0to3\",\"edgeRTMS\":1656},{\"edgeSelection\":\"0to3\",\"edgeRTMS\":3157},{\"edgeSelection\":\"0to3\",\"edgeRTMS\":4946},{\"edgeSelection\":\"3to6\",\"edgeRTMS\":6835},{\"edgeSelection\":\"6to8\",\"edgeRTMS\":8402}]","trial_id":"test_2","congruency":"I","task":"experiment","subjectId":"d8asj6todrpyu64","trial_type":"external-html","trial_index":31,"time_elapsed":634078,"internal_node_id":"0.0-9.0-0.22"},{"rt":9654,"url":"../static/nodeGraphs.html","edge":"5to9","edgeRT":"7786","skip":"false","flipped":"False","index":"23","edgeClickLog":"[{\"edgeSelection\":\"0to1\",\"edgeRTMS\":2470},{\"edgeSelection\":\"1to5\",\"edgeRTMS\":3699},{\"edgeSelection\":\"1to5\",\"edgeRTMS\":4939},{\"edgeSelection\":\"5to7\",\"edgeRTMS\":6407},{\"edgeSelection\":\"5to9\",\"edgeRTMS\":7786}]","trial_id":"test_3","congruency":"I","task":"experiment","subjectId":"d8asj6todrpyu64","trial_type":"external-html","trial_index":32,"time_elapsed":644396,"internal_node_id":"0.0-9.0-0.23"},{"rt":13389,"url":"../static/nodeGraphs.html","edge":"5to9","edgeRT":"9677","skip":"false","flipped":"False","index":"24","edgeClickLog":"[{\"edgeSelection\":\"0to1\",\"edgeRTMS\":5811},{\"edgeSelection\":\"1to5\",\"edgeRTMS\":7048},{\"edgeSelection\":\"5to9\",\"edgeRTMS\":8219},{\"edgeSelection\":\"5to9\",\"edgeRTMS\":9677}]","trial_id":"test_4","congruency":"I","task":"experiment","subjectId":"d8asj6todrpyu64","trial_type":"external-html","trial_index":33,"time_elapsed":658374,"internal_node_id":"0.0-9.0-0.24"},{"rt":42239,"response":{"P0_Q0":null,"P0_Q1":2,"P0_Q2":5,"P0_Q3":7,"P0_Q4":3,"P0_Q5":1,"strategies":"Most points possible","feedback":"Great Survey Thank You"},"accuracy":[],"trial_type":"survey","trial_index":34,"time_elapsed":701167,"internal_node_id":"0.0-10.0"},{"rt":4474,"stimulus":"<p>Thanks for your time!</p>        <p>We need to manually calculate your bonus pay, please give us up to 7 days.</p><p>Press any key to conclude.</p>","response":"enter","task":"end","subjectId":"d8asj6todrpyu64","trial_type":"html-keyboard-response","trial_index":35,"time_elapsed":705642,"internal_node_id":"0.0-11.0","interactions":"[{\"event\":\"fullscreenenter\",\"trial\":1,\"time\":6990},{\"event\":\"blur\",\"trial\":4,\"time\":190543},{\"event\":\"focus\",\"trial\":4,\"time\":190543},{\"event\":\"fullscreenexit\",\"trial\":4,\"time\":190563},{\"event\":\"blur\",\"trial\":4,\"time\":198761},{\"event\":\"focus\",\"trial\":4,\"time\":198761},{\"event\":\"blur\",\"trial\":4,\"time\":210154},{\"event\":\"focus\",\"trial\":4,\"time\":210154}]"}]