[{"success":true,"timeout":false,"failed_images":[],"failed_audio":[],"failed_video":[],"trial_type":"preload","trial_index":0,"time_elapsed":669,"internal_node_id":"0.0-0.0"},{"success":true,"trial_type":"fullscreen","trial_index":1,"time_elapsed":3662,"internal_node_id":"0.0-1.0"},{"rt":1848,"stimulus":"Welcome to the experiment. Press any key to begin.","response":" ","trial_type":"html-keyboard-response","trial_index":2,"time_elapsed":5511,"internal_node_id":"0.0-2.0"},{"view_history":[{"page_index":0,"viewing_time":4840},{"page_index":1,"viewing_time":4935},{"page_index":2,"viewing_time":29056},{"page_index":3,"viewing_time":3872},{"page_index":4,"viewing_time":2066},{"page_index":5,"viewing_time":1362},{"page_index":6,"viewing_time":2582},{"page_index":7,"viewing_time":7652},{"page_index":8,"viewing_time":23202},{"page_index":9,"viewing_time":12900},{"page_index":10,"viewing_time":1546},{"page_index":11,"viewing_time":608},{"page_index":12,"viewing_time":970},{"page_index":13,"viewing_time":1756},{"page_index":14,"viewing_time":4940},{"page_index":15,"viewing_time":6746},{"page_index":16,"viewing_time":2084},{"page_index":17,"viewing_time":944},{"page_index":18,"viewing_time":1386},{"page_index":19,"viewing_time":1552},{"page_index":18,"viewing_time":616},{"page_index":19,"viewing_time":7232},{"page_index":20,"viewing_time":6735},{"page_index":21,"viewing_time":4344}],"rt":133926,"trial_type":"instructions","trial_index":3,"time_elapsed":139441,"internal_node_id":"0.0-3.0"},{"rt":106098,"url":"../static/nodeGraphsTraining.html","skip":[],"edgeClickLog":[],"trial_type":"external-html","trial_index":4,"time_elapsed":245690,"internal_node_id":"0.0-4.0"},{"rt":76337,"response":{"q1":"The goal is to help the student to get the most points","q2":"False","q3":"Possible paths you, as the teacher, can choose to teach the learner.","q4":"Possible paths you, as the teacher, can choose to teach the learner."},"question_order":[0,1,2,3],"trial_type":"survey-multi-choice","trial_index":5,"time_elapsed":322031,"internal_node_id":"0.0-5.0"},{"rt":24102,"response":{"q1":"The goal is to help the student to get the most points","q2":"False","q3":"Possible paths you, as the teacher, can choose to teach the learner.","q4":"Paths that the student took before."},"question_order":[0,1,2,3],"trial_type":"survey-multi-choice","trial_index":6,"time_elapsed":346136,"internal_node_id":"0.0-6.0-0.0"},{"rt":3230,"stimulus":"<p>You can take a 60 second break before starting the experiment.</p><br><br><p>This page will advance in 60 seconds or you can press any key to advance now.</p>","response":" ","trial_type":"html-keyboard-response","trial_index":7,"time_elapsed":349368,"internal_node_id":"0.0-7.0"},{"view_history":[{"page_index":0,"viewing_time":27403}],"rt":27403,"trial_type":"instructions","trial_index":8,"time_elapsed":376772,"internal_node_id":"0.0-8.0"},{"rt":12134,"url":"../static/nodeGraphs.html","edge":"4to7","edgeRT":"8991","skip":"false","flipped":"True","index":"11","edgeClickLog":"[{\"edgeSelection\":\"0to2\",\"edgeRTMS\":3816},{\"edgeSelection\":\"2to4\",\"edgeRTMS\":6314},{\"edgeSelection\":\"2to4\",\"edgeRTMS\":7369},{\"edgeSelection\":\"4to7\",\"edgeRTMS\":8991}]","trial_id":"cong_1_flipped","congruency":"C","task":"experiment","subjectId":"pdzz6mlmnt64pkw","trial_type":"external-html","trial_index":9,"time_elapsed":389055,"internal_node_id":"0.0-9.0-0.0"},{"rt":15765,"url":"../static/nodeGraphs.html","edge":"4to7","edgeRT":"13857","skip":"false","flipped":"False","index":"7","edgeClickLog":"[{\"edgeSelection\":\"0to2\",\"edgeRTMS\":8860},{\"edgeSelection\":\"0to2\",\"edgeRTMS\":9911},{\"edgeSelection\":\"2to4\",\"edgeRTMS\":11341},{\"edgeSelection\":\"4to7\",\"edgeRTMS\":13857}]","trial_id":"cong_7","congruency":"C","task":"experiment","subjectId":"pdzz6mlmnt64pkw","trial_type":"external-html","trial_index":10,"time_elapsed":405471,"internal_node_id":"0.0-9.0-0.1"},{"rt":8931,"url":"../static/nodeGraphs.html","edge":"6to8","edgeRT":"7210","skip":"false","flipped":"True","index":"15","edgeClickLog":"[{\"edgeSelection\":\"0to3\",\"edgeRTMS\":4493},{\"edgeSelection\":\"3to6\",\"edgeRTMS\":5752},{\"edgeSelection\":\"6to8\",\"edgeRTMS\":7210}]","trial_id":"cong_5_flipped","congruency":"C","task":"experiment","subjectId":"pdzz6mlmnt64pkw","trial_type":"external-html","trial_index":11,"time_elapsed":415052,"internal_node_id":"0.0-9.0-0.2"},{"rt":12295,"url":"../static/nodeGraphs.html","edge":"6to9","edgeRT":"9729","skip":"false","flipped":"False","index":"1","edgeClickLog":"[{\"edgeSelection\":\"0to2\",\"edgeRTMS\":5384},{\"edgeSelection\":\"2to6\",\"edgeRTMS\":7405},{\"edgeSelection\":\"6to9\",\"edgeRTMS\":9729}]","trial_id":"cong_1","congruency":"C","task":"experiment","subjectId":"pdzz6mlmnt64pkw","trial_type":"external-html","trial_index":12,"time_elapsed":427998,"internal_node_id":"0.0-9.0-0.3"},{"rt":11697,"url":"../static/nodeGraphs.html","edge":"5to9","edgeRT":"8829","skip":"false","flipped":"True","index":"16","edgeClickLog":"[{\"edgeSelection\":\"0to2\",\"edgeRTMS\":4747},{\"edgeSelection\":\"2to5\",\"edgeRTMS\":6016},{\"edgeSelection\":\"5to9\",\"edgeRTMS\":8829}]","trial_id":"cong_6_flipped","congruency":"C","task":"experiment","subjectId":"pdzz6mlmnt64pkw","trial_type":"external-html","trial_index":13,"time_elapsed":440345,"internal_node_id":"0.0-9.0-0.4"},{"rt":11158,"url":"../static/nodeGraphs.html","edge":"4to7","edgeRT":"8538","skip":"false","flipped":"False","index":"8","edgeClickLog":"[{\"edgeSelection\":\"0to1\",\"edgeRTMS\":4697},{\"edgeSelection\":\"1to4\",\"edgeRTMS\":6955},{\"edgeSelection\":\"4to7\",\"edgeRTMS\":8538}]","trial_id":"cong_8","congruency":"C","task":"experiment","subjectId":"pdzz6mlmnt64pkw","trial_type":"external-html","trial_index":14,"time_elapsed":452153,"internal_node_id":"0.0-9.0-0.5"},{"rt":9896,"url":"../static/nodeGraphs.html","edge":"6to9","edgeRT":"8509","skip":"false","flipped":"True","index":"18","edgeClickLog":"[{\"edgeSelection\":\"0to3\",\"edgeRTMS\":5358},{\"edgeSelection\":\"3to6\",\"edgeRTMS\":6698},{\"edgeSelection\":\"6to9\",\"edgeRTMS\":8509}]","trial_id":"cong_8_flipped","congruency":"C","task":"experiment","subjectId":"pdzz6mlmnt64pkw","trial_type":"external-html","trial_index":15,"time_elapsed":462696,"internal_node_id":"0.0-9.0-0.6"},{"rt":14028,"url":"../static/nodeGraphs.html","edge":"5to7","edgeRT":"10127","skip":"false","flipped":"True","index":"12","edgeClickLog":"[{\"edgeSelection\":\"0to1\",\"edgeRTMS\":4492},{\"edgeSelection\":\"1to5\",\"edgeRTMS\":7922},{\"edgeSelection\":\"5to7\",\"edgeRTMS\":10127}]","trial_id":"cong_2_flipped","congruency":"C","task":"experiment","subjectId":"pdzz6mlmnt64pkw","trial_type":"external-html","trial_index":16,"time_elapsed":477374,"internal_node_id":"0.0-9.0-0.7"},{"rt":13624,"url":"../static/nodeGraphs.html","edge":"4to8","edgeRT":"11210","skip":"false","flipped":"False","index":"5","edgeClickLog":"[{\"edgeSelection\":\"0to1\",\"edgeRTMS\":3661},{\"edgeSelection\":\"1to4\",\"edgeRTMS\":5118},{\"edgeSelection\":\"1to4\",\"edgeRTMS\":6284},{\"edgeSelection\":\"4to8\",\"edgeRTMS\":7774},{\"edgeSelection\":\"1to4\",\"edgeRTMS\":9576},{\"edgeSelection\":\"4to8\",\"edgeRTMS\":11210}]","trial_id":"cong_5","congruency":"C","task":"experiment","subjectId":"pdzz6mlmnt64pkw","trial_type":"external-html","trial_index":17,"time_elapsed":491650,"internal_node_id":"0.0-9.0-0.8"},{"rt":13356,"url":"../static/nodeGraphs.html","edge":"5to9","edgeRT":"10024","skip":"false","flipped":"False","index":"2","edgeClickLog":"[{\"edgeSelection\":\"0to2\",\"edgeRTMS\":5852},{\"edgeSelection\":\"2to5\",\"edgeRTMS\":8444},{\"edgeSelection\":\"5to9\",\"edgeRTMS\":10024}]","trial_id":"cong_2","congruency":"C","task":"experiment","subjectId":"pdzz6mlmnt64pkw","trial_type":"external-html","trial_index":18,"time_elapsed":505655,"internal_node_id":"0.0-9.0-0.9"},{"rt":8447,"url":"../static/nodeGraphs.html","edge":"4to7","edgeRT":"6980","skip":"false","flipped":"False","index":"0","edgeClickLog":"[{\"edgeSelection\":\"0to1\",\"edgeRTMS\":2594},{\"edgeSelection\":\"1to4\",\"edgeRTMS\":3846},{\"edgeSelection\":\"4to7\",\"edgeRTMS\":6980}]","trial_id":"cong_0","congruency":"C","task":"experiment","subjectId":"pdzz6mlmnt64pkw","trial_type":"external-html","trial_index":19,"time_elapsed":514757,"internal_node_id":"0.0-9.0-0.10"},{"rt":8780,"url":"../static/nodeGraphs.html","edge":"4to8","edgeRT":"6841","skip":"false","flipped":"False","index":"4","edgeClickLog":"[{\"edgeSelection\":\"0to2\",\"edgeRTMS\":3835},{\"edgeSelection\":\"2to4\",\"edgeRTMS\":4646},{\"edgeSelection\":\"4to8\",\"edgeRTMS\":6841}]","trial_id":"cong_4","congruency":"C","task":"experiment","subjectId":"pdzz6mlmnt64pkw","trial_type":"external-html","trial_index":20,"time_elapsed":524193,"internal_node_id":"0.0-9.0-0.11"},{"rt":7731,"url":"../static/nodeGraphs.html","edge":"5to7","edgeRT":"6072","skip":"false","flipped":"False","index":"6","edgeClickLog":"[{\"edgeSelection\":\"0to2\",\"edgeRTMS\":3296},{\"edgeSelection\":\"2to5\",\"edgeRTMS\":3965},{\"edgeSelection\":\"5to7\",\"edgeRTMS\":6072}]","trial_id":"cong_6","congruency":"C","task":"experiment","subjectId":"pdzz6mlmnt64pkw","trial_type":"external-html","trial_index":21,"time_elapsed":532573,"internal_node_id":"0.0-9.0-0.12"},{"rt":6577,"url":"../static/nodeGraphs.html","edge":"5to8","edgeRT":"5014","skip":"false","flipped":"True","index":"19","edgeClickLog":"[{\"edgeSelection\":\"0to2\",\"edgeRTMS\":3160},{\"edgeSelection\":\"2to5\",\"edgeRTMS\":4029},{\"edgeSelection\":\"5to8\",\"edgeRTMS\":5014}]","trial_id":"cong_9_flipped","congruency":"C","task":"experiment","subjectId":"pdzz6mlmnt64pkw","trial_type":"external-html","trial_index":22,"time_elapsed":539798,"internal_node_id":"0.0-9.0-0.13"},{"rt":19209,"url":"../static/nodeGraphs.html","edge":"6to9","edgeRT":"17888","skip":"false","flipped":"True","index":"17","edgeClickLog":"[{\"edgeSelection\":\"0to2\",\"edgeRTMS\":3143},{\"edgeSelection\":\"2to6\",\"edgeRTMS\":5214},{\"edgeSelection\":\"2to6\",\"edgeRTMS\":14279},{\"edgeSelection\":\"6to9\",\"edgeRTMS\":17888}]","trial_id":"cong_7_flipped","congruency":"C","task":"experiment","subjectId":"pdzz6mlmnt64pkw","trial_type":"external-html","trial_index":23,"time_elapsed":559660,"internal_node_id":"0.0-9.0-0.14"},{"rt":15841,"url":"../static/nodeGraphs.html","edge":"3to6","edgeRT":"3116","skip":"false","flipped":"True","index":"10","edgeClickLog":"[{\"edgeSelection\":\"3to6\",\"edgeRTMS\":3116}]","trial_id":"cong_0_flipped","congruency":"C","task":"experiment","subjectId":"pdzz6mlmnt64pkw","trial_type":"external-html","trial_index":24,"time_elapsed":576157,"internal_node_id":"0.0-9.0-0.15"},{"rt":6318,"url":"../static/nodeGraphs.html","edge":"2to6","edgeRT":"2197","skip":"false","flipped":"True","index":"14","edgeClickLog":"[{\"edgeSelection\":\"2to6\",\"edgeRTMS\":2197}]","trial_id":"cong_4_flipped","congruency":"C","task":"experiment","subjectId":"pdzz6mlmnt64pkw","trial_type":"external-html","trial_index":25,"time_elapsed":583126,"internal_node_id":"0.0-9.0-0.16"},{"rt":9529,"url":"../static/nodeGraphs.html","edge":"5to7","edgeRT":"4552","skip":"false","flipped":"True","index":"13","edgeClickLog":"[{\"edgeSelection\":\"5to7\",\"edgeRTMS\":4552}]","trial_id":"cong_3_flipped","congruency":"C","task":"experiment","subjectId":"pdzz6mlmnt64pkw","trial_type":"external-html","trial_index":26,"time_elapsed":593308,"internal_node_id":"0.0-9.0-0.17"},{"rt":4888,"url":"../static/nodeGraphs.html","edge":"2to5","edgeRT":"2225","skip":"false","flipped":"False","index":"9","edgeClickLog":"[{\"edgeSelection\":\"2to5\",\"edgeRTMS\":2225}]","trial_id":"cong_9","congruency":"C","task":"experiment","subjectId":"pdzz6mlmnt64pkw","trial_type":"external-html","trial_index":27,"time_elapsed":598844,"internal_node_id":"0.0-9.0-0.18"},{"rt":5961,"url":"../static/nodeGraphs.html","edge":"5to9","edgeRT":"3290","skip":"false","flipped":"False","index":"3","edgeClickLog":"[{\"edgeSelection\":\"5to9\",\"edgeRTMS\":3290}]","trial_id":"cong_3","congruency":"C","task":"experiment","subjectId":"pdzz6mlmnt64pkw","trial_type":"external-html","trial_index":28,"time_elapsed":605454,"internal_node_id":"0.0-9.0-0.19"},{"rt":12105,"url":"../static/nodeGraphs.html","edge":"6to8","edgeRT":"8848","skip":"false","flipped":"False","index":"20","edgeClickLog":"[{\"edgeSelection\":\"6to8\",\"edgeRTMS\":8848}]","trial_id":"test_0","congruency":"I","task":"experiment","subjectId":"pdzz6mlmnt64pkw","trial_type":"external-html","trial_index":29,"time_elapsed":618210,"internal_node_id":"0.0-9.0-0.20"},{"rt":8538,"url":"../static/nodeGraphs.html","edge":"3to6","edgeRT":"4066","skip":"false","flipped":"False","index":"21","edgeClickLog":"[{\"edgeSelection\":\"3to6\",\"edgeRTMS\":2643},{\"edgeSelection\":\"3to6\",\"edgeRTMS\":4066}]","trial_id":"test_1","congruency":"I","task":"experiment","subjectId":"pdzz6mlmnt64pkw","trial_type":"external-html","trial_index":30,"time_elapsed":627399,"internal_node_id":"0.0-9.0-0.21"},{"rt":13865,"url":"../static/nodeGraphs.html","edge":"0to3","edgeRT":"5703","skip":"false","flipped":"False","index":"22","edgeClickLog":"[{\"edgeSelection\":\"0to3\",\"edgeRTMS\":5703}]","trial_id":"test_2","congruency":"I","task":"experiment","subjectId":"pdzz6mlmnt64pkw","trial_type":"external-html","trial_index":31,"time_elapsed":641919,"internal_node_id":"0.0-9.0-0.22"},{"rt":10263,"url":"../static/nodeGraphs.html","edge":"1to5","edgeRT":"6471","skip":"false","flipped":"False","index":"23","edgeClickLog":"[{\"edgeSelection\":\"1to5\",\"edgeRTMS\":6471}]","trial_id":"test_3","congruency":"I","task":"experiment","subjectId":"pdzz6mlmnt64pkw","trial_type":"external-html","trial_index":32,"time_elapsed":652833,"internal_node_id":"0.0-9.0-0.23"},{"rt":14189,"url":"../static/nodeGraphs.html","edge":"5to9","edgeRT":"9714","skip":"false","flipped":"False","index":"24","edgeClickLog":"[{\"edgeSelection\":\"5to9\",\"edgeRTMS\":9714}]","trial_id":"test_4","congruency":"I","task":"experiment","subjectId":"pdzz6mlmnt64pkw","trial_type":"external-html","trial_index":33,"time_elapsed":667670,"internal_node_id":"0.0-9.0-0.24"},{"rt":60024,"response":{"P0_Q0":null,"P0_Q1":2,"P0_Q2":4,"P0_Q3":3,"P0_Q4":3,"P0_Q5":2,"strategies":"At first I decided to highlight the largest numbered path, but after a few, I decided to look further up to see if showing path before that number made more sense.","feedback":""},"accuracy":[],"trial_type":"survey","trial_index":34,"time_elapsed":728271,"internal_node_id":"0.0-10.0"},{"rt":2143,"stimulus":"<p>Thanks for your time!</p>        <p>We need to manually calculate your bonus pay, please give us up to 7 days.</p><p>Press any key to conclude.</p>","response":" ","task":"end","subjectId":"pdzz6mlmnt64pkw","trial_type":"html-keyboard-response","trial_index":35,"time_elapsed":730416,"internal_node_id":"0.0-11.0","interactions":"[{\"event\":\"fullscreenenter\",\"trial\":1,\"time\":2667},{\"event\":\"blur\",\"trial\":3,\"time\":22361},{\"event\":\"focus\",\"trial\":3,\"time\":25619},{\"event\":\"blur\",\"trial\":3,\"time\":31150},{\"event\":\"blur\",\"trial\":3,\"time\":40682},{\"event\":\"focus\",\"trial\":3,\"time\":44253},{\"event\":\"focus\",\"trial\":3,\"time\":44253},{\"event\":\"blur\",\"trial\":3,\"time\":79472},{\"event\":\"focus\",\"trial\":3,\"time\":84967},{\"event\":\"blur\",\"trial\":3,\"time\":94752},{\"event\":\"focus\",\"trial\":3,\"time\":97881},{\"event\":\"blur\",\"trial\":3,\"time\":109733},{\"event\":\"focus\",\"trial\":3,\"time\":114371},{\"event\":\"blur\",\"trial\":4,\"time\":159304},{\"event\":\"focus\",\"trial\":4,\"time\":159305},{\"event\":\"fullscreenexit\",\"trial\":4,\"time\":159312},{\"event\":\"blur\",\"trial\":5,\"time\":286691},{\"event\":\"focus\",\"trial\":5,\"time\":312072},{\"event\":\"blur\",\"trial\":5,\"time\":316598},{\"event\":\"focus\",\"trial\":5,\"time\":321921},{\"event\":\"blur\",\"trial\":23,\"time\":552034},{\"event\":\"focus\",\"trial\":23,\"time\":552034},{\"event\":\"blur\",\"trial\":24,\"time\":567809},{\"event\":\"focus\",\"trial\":24,\"time\":576003}]"}]