[{"success":true,"timeout":false,"failed_images":[],"failed_audio":[],"failed_video":[],"trial_type":"preload","trial_index":0,"time_elapsed":3551,"internal_node_id":"0.0-0.0"},{"success":true,"trial_type":"fullscreen","trial_index":1,"time_elapsed":6860,"internal_node_id":"0.0-1.0"},{"rt":11470,"stimulus":"Welcome to the experiment. Press any key to begin.","response":" ","trial_type":"html-keyboard-response","trial_index":2,"time_elapsed":18333,"internal_node_id":"0.0-2.0"},{"view_history":[{"page_index":0,"viewing_time":15856},{"page_index":1,"viewing_time":6176},{"page_index":2,"viewing_time":37715},{"page_index":3,"viewing_time":13324},{"page_index":4,"viewing_time":2974},{"page_index":5,"viewing_time":1468},{"page_index":6,"viewing_time":2902},{"page_index":7,"viewing_time":10833},{"page_index":8,"viewing_time":19333},{"page_index":9,"viewing_time":10258},{"page_index":10,"viewing_time":1949},{"page_index":11,"viewing_time":783},{"page_index":12,"viewing_time":1156},{"page_index":13,"viewing_time":2709},{"page_index":14,"viewing_time":4809},{"page_index":15,"viewing_time":8190},{"page_index":16,"viewing_time":1646},{"page_index":17,"viewing_time":634},{"page_index":18,"viewing_time":1172},{"page_index":19,"viewing_time":8739},{"page_index":20,"viewing_time":7788},{"page_index":21,"viewing_time":3722}],"rt":164139,"trial_type":"instructions","trial_index":3,"time_elapsed":182477,"internal_node_id":"0.0-3.0"},{"rt":97878,"url":"../static/nodeGraphsTraining.html","skip":[],"edgeClickLog":[],"trial_type":"external-html","trial_index":4,"time_elapsed":280492,"internal_node_id":"0.0-4.0"},{"rt":39767,"response":{"q1":"The goal is to help the student to get the most points","q2":"False","q3":"Possible paths you, as the teacher, can choose to teach the learner.","q4":"Paths that the student took before."},"question_order":[0,1,2,3],"trial_type":"survey-multi-choice","trial_index":5,"time_elapsed":320267,"internal_node_id":"0.0-5.0"},{"rt":6697,"stimulus":"<p>You can take a 60 second break before starting the experiment.</p><br><br><p>This page will advance in 60 seconds or you can press any key to advance now.</p>","response":" ","trial_type":"html-keyboard-response","trial_index":6,"time_elapsed":326968,"internal_node_id":"0.0-7.0"},{"view_history":[{"page_index":0,"viewing_time":8195}],"rt":8196,"trial_type":"instructions","trial_index":7,"time_elapsed":335164,"internal_node_id":"0.0-8.0"},{"rt":16455,"url":"../static/nodeGraphs.html","edge":"4to8","edgeRT":"11325","skip":"false","flipped":"True","index":"13","edgeClickLog":"[{\"edgeSelection\":\"0to2\",\"edgeRTMS\":4772},{\"edgeSelection\":\"2to4\",\"edgeRTMS\":9575},{\"edgeSelection\":\"4to8\",\"edgeRTMS\":11325}]","trial_id":"incong_3_flipped","congruency":"I","task":"experiment","subjectId":"9u9ly6xw7aclmu4","trial_type":"external-html","trial_index":8,"time_elapsed":351699,"internal_node_id":"0.0-9.0-0.0"},{"rt":12098,"url":"../static/nodeGraphs.html","edge":"4to8","edgeRT":"10189","skip":"false","flipped":"True","index":"17","edgeClickLog":"[{\"edgeSelection\":\"0to2\",\"edgeRTMS\":5755},{\"edgeSelection\":\"2to4\",\"edgeRTMS\":7243},{\"edgeSelection\":\"4to8\",\"edgeRTMS\":10189}]","trial_id":"incong_7_flipped","congruency":"I","task":"experiment","subjectId":"9u9ly6xw7aclmu4","trial_type":"external-html","trial_index":9,"time_elapsed":364418,"internal_node_id":"0.0-9.0-0.1"},{"rt":13851,"url":"../static/nodeGraphs.html","edge":"6to8","edgeRT":"12366","skip":"false","flipped":"True","index":"12","edgeClickLog":"[{\"edgeSelection\":\"0to2\",\"edgeRTMS\":9631},{\"edgeSelection\":\"2to6\",\"edgeRTMS\":11289},{\"edgeSelection\":\"6to8\",\"edgeRTMS\":12366}]","trial_id":"incong_2_flipped","congruency":"I","task":"experiment","subjectId":"9u9ly6xw7aclmu4","trial_type":"external-html","trial_index":10,"time_elapsed":378850,"internal_node_id":"0.0-9.0-0.2"},{"rt":8264,"url":"../static/nodeGraphs.html","edge":"6to8","edgeRT":"5947","skip":"false","flipped":"False","index":"7","edgeClickLog":"[{\"edgeSelection\":\"0to2\",\"edgeRTMS\":3589},{\"edgeSelection\":\"2to6\",\"edgeRTMS\":4816},{\"edgeSelection\":\"6to8\",\"edgeRTMS\":5947}]","trial_id":"incong_7","congruency":"I","task":"experiment","subjectId":"9u9ly6xw7aclmu4","trial_type":"external-html","trial_index":11,"time_elapsed":387699,"internal_node_id":"0.0-9.0-0.3"},{"rt":11087,"url":"../static/nodeGraphs.html","edge":"5to9","edgeRT":"9753","skip":"false","flipped":"False","index":"4","edgeClickLog":"[{\"edgeSelection\":\"0to3\",\"edgeRTMS\":6344},{\"edgeSelection\":\"3to5\",\"edgeRTMS\":8052},{\"edgeSelection\":\"5to9\",\"edgeRTMS\":9753}]","trial_id":"incong_4","congruency":"I","task":"experiment","subjectId":"9u9ly6xw7aclmu4","trial_type":"external-html","trial_index":12,"time_elapsed":399362,"internal_node_id":"0.0-9.0-0.4"},{"rt":9909,"url":"../static/nodeGraphs.html","edge":"5to8","edgeRT":"8709","skip":"false","flipped":"True","index":"19","edgeClickLog":"[{\"edgeSelection\":\"0to2\",\"edgeRTMS\":6500},{\"edgeSelection\":\"2to5\",\"edgeRTMS\":7567},{\"edgeSelection\":\"5to8\",\"edgeRTMS\":8709}]","trial_id":"incong_9_flipped","congruency":"I","task":"experiment","subjectId":"9u9ly6xw7aclmu4","trial_type":"external-html","trial_index":13,"time_elapsed":409854,"internal_node_id":"0.0-9.0-0.5"},{"rt":13834,"url":"../static/nodeGraphs.html","edge":"4to7","edgeRT":"12715","skip":"false","flipped":"False","index":"1","edgeClickLog":"[{\"edgeSelection\":\"0to1\",\"edgeRTMS\":10592},{\"edgeSelection\":\"1to4\",\"edgeRTMS\":11559},{\"edgeSelection\":\"4to7\",\"edgeRTMS\":12715}]","trial_id":"incong_1","congruency":"I","task":"experiment","subjectId":"9u9ly6xw7aclmu4","trial_type":"external-html","trial_index":14,"time_elapsed":424268,"internal_node_id":"0.0-9.0-0.6"},{"rt":11870,"url":"../static/nodeGraphs.html","edge":"6to9","edgeRT":"10866","skip":"false","flipped":"True","index":"15","edgeClickLog":"[{\"edgeSelection\":\"0to2\",\"edgeRTMS\":6975},{\"edgeSelection\":\"2to6\",\"edgeRTMS\":8215},{\"edgeSelection\":\"6to9\",\"edgeRTMS\":10866}]","trial_id":"incong_5_flipped","congruency":"I","task":"experiment","subjectId":"9u9ly6xw7aclmu4","trial_type":"external-html","trial_index":15,"time_elapsed":436718,"internal_node_id":"0.0-9.0-0.7"},{"rt":8625,"url":"../static/nodeGraphs.html","edge":"6to9","edgeRT":"7693","skip":"false","flipped":"True","index":"11","edgeClickLog":"[{\"edgeSelection\":\"0to3\",\"edgeRTMS\":4222},{\"edgeSelection\":\"3to6\",\"edgeRTMS\":6380},{\"edgeSelection\":\"6to9\",\"edgeRTMS\":7693}]","trial_id":"incong_1_flipped","congruency":"I","task":"experiment","subjectId":"9u9ly6xw7aclmu4","trial_type":"external-html","trial_index":16,"time_elapsed":446233,"internal_node_id":"0.0-9.0-0.8"},{"rt":7946,"url":"../static/nodeGraphs.html","edge":"4to7","edgeRT":"6898","skip":"false","flipped":"False","index":"0","edgeClickLog":"[{\"edgeSelection\":\"0to1\",\"edgeRTMS\":4755},{\"edgeSelection\":\"1to4\",\"edgeRTMS\":5790},{\"edgeSelection\":\"4to7\",\"edgeRTMS\":6898}]","trial_id":"incong_0","congruency":"I","task":"experiment","subjectId":"9u9ly6xw7aclmu4","trial_type":"external-html","trial_index":17,"time_elapsed":454766,"internal_node_id":"0.0-9.0-0.9"},{"rt":6726,"url":"../static/nodeGraphs.html","edge":"4to8","edgeRT":"5395","skip":"false","flipped":"False","index":"6","edgeClickLog":"[{\"edgeSelection\":\"0to1\",\"edgeRTMS\":2840},{\"edgeSelection\":\"1to4\",\"edgeRTMS\":3926},{\"edgeSelection\":\"4to8\",\"edgeRTMS\":5395}]","trial_id":"incong_6","congruency":"I","task":"experiment","subjectId":"9u9ly6xw7aclmu4","trial_type":"external-html","trial_index":18,"time_elapsed":462068,"internal_node_id":"0.0-9.0-0.10"},{"rt":9762,"url":"../static/nodeGraphs.html","edge":"4to8","edgeRT":"8217","skip":"false","flipped":"False","index":"2","edgeClickLog":"[{\"edgeSelection\":\"0to2\",\"edgeRTMS\":5527},{\"edgeSelection\":\"2to4\",\"edgeRTMS\":6652},{\"edgeSelection\":\"4to8\",\"edgeRTMS\":8217}]","trial_id":"incong_2","congruency":"I","task":"experiment","subjectId":"9u9ly6xw7aclmu4","trial_type":"external-html","trial_index":19,"time_elapsed":472431,"internal_node_id":"0.0-9.0-0.11"},{"rt":8819,"url":"../static/nodeGraphs.html","edge":"4to8","edgeRT":"6986","skip":"false","flipped":"False","index":"8","edgeClickLog":"[{\"edgeSelection\":\"0to1\",\"edgeRTMS\":4129},{\"edgeSelection\":\"1to4\",\"edgeRTMS\":5388},{\"edgeSelection\":\"4to8\",\"edgeRTMS\":6986}]","trial_id":"incong_8","congruency":"I","task":"experiment","subjectId":"9u9ly6xw7aclmu4","trial_type":"external-html","trial_index":20,"time_elapsed":481863,"internal_node_id":"0.0-9.0-0.12"},{"rt":9879,"url":"../static/nodeGraphs.html","edge":"6to8","edgeRT":"7936","skip":"false","flipped":"True","index":"18","edgeClickLog":"[{\"edgeSelection\":\"0to3\",\"edgeRTMS\":3116},{\"edgeSelection\":\"3to6\",\"edgeRTMS\":5964},{\"edgeSelection\":\"6to8\",\"edgeRTMS\":7936}]","trial_id":"incong_8_flipped","congruency":"I","task":"experiment","subjectId":"9u9ly6xw7aclmu4","trial_type":"external-html","trial_index":21,"time_elapsed":492318,"internal_node_id":"0.0-9.0-0.13"},{"rt":17159,"url":"../static/nodeGraphs.html","edge":"6to8","edgeRT":"15362","skip":"false","flipped":"False","index":"3","edgeClickLog":"[{\"edgeSelection\":\"0to2\",\"edgeRTMS\":11247},{\"edgeSelection\":\"2to6\",\"edgeRTMS\":12556},{\"edgeSelection\":\"6to8\",\"edgeRTMS\":15362}]","trial_id":"incong_3","congruency":"I","task":"experiment","subjectId":"9u9ly6xw7aclmu4","trial_type":"external-html","trial_index":22,"time_elapsed":510065,"internal_node_id":"0.0-9.0-0.14"},{"rt":8736,"url":"../static/nodeGraphs.html","edge":"6to9","edgeRT":"7450","skip":"false","flipped":"True","index":"10","edgeClickLog":"[{\"edgeSelection\":\"0to3\",\"edgeRTMS\":4747},{\"edgeSelection\":\"3to6\",\"edgeRTMS\":5855},{\"edgeSelection\":\"6to9\",\"edgeRTMS\":7450}]","trial_id":"incong_0_flipped","congruency":"I","task":"experiment","subjectId":"9u9ly6xw7aclmu4","trial_type":"external-html","trial_index":23,"time_elapsed":519394,"internal_node_id":"0.0-9.0-0.15"},{"rt":12167,"url":"../static/nodeGraphs.html","edge":"4to7","edgeRT":"10914","skip":"false","flipped":"False","index":"5","edgeClickLog":"[{\"edgeSelection\":\"0to2\",\"edgeRTMS\":6462},{\"edgeSelection\":\"2to4\",\"edgeRTMS\":8049},{\"edgeSelection\":\"4to7\",\"edgeRTMS\":10914}]","trial_id":"incong_5","congruency":"I","task":"experiment","subjectId":"9u9ly6xw7aclmu4","trial_type":"external-html","trial_index":24,"time_elapsed":532154,"internal_node_id":"0.0-9.0-0.16"},{"rt":11545,"url":"../static/nodeGraphs.html","edge":"5to7","edgeRT":"10163","skip":"false","flipped":"True","index":"14","edgeClickLog":"[{\"edgeSelection\":\"0to1\",\"edgeRTMS\":7573},{\"edgeSelection\":\"1to5\",\"edgeRTMS\":8927},{\"edgeSelection\":\"5to7\",\"edgeRTMS\":10163}]","trial_id":"incong_4_flipped","congruency":"I","task":"experiment","subjectId":"9u9ly6xw7aclmu4","trial_type":"external-html","trial_index":25,"time_elapsed":544285,"internal_node_id":"0.0-9.0-0.17"},{"rt":7006,"url":"../static/nodeGraphs.html","edge":"6to8","edgeRT":"5889","skip":"false","flipped":"True","index":"16","edgeClickLog":"[{\"edgeSelection\":\"0to3\",\"edgeRTMS\":3335},{\"edgeSelection\":\"3to6\",\"edgeRTMS\":4647},{\"edgeSelection\":\"6to8\",\"edgeRTMS\":5889}]","trial_id":"incong_6_flipped","congruency":"I","task":"experiment","subjectId":"9u9ly6xw7aclmu4","trial_type":"external-html","trial_index":26,"time_elapsed":551877,"internal_node_id":"0.0-9.0-0.18"},{"rt":8058,"url":"../static/nodeGraphs.html","edge":"5to8","edgeRT":"6767","skip":"false","flipped":"False","index":"9","edgeClickLog":"[{\"edgeSelection\":\"0to3\",\"edgeRTMS\":4768},{\"edgeSelection\":\"3to5\",\"edgeRTMS\":5859},{\"edgeSelection\":\"5to8\",\"edgeRTMS\":6767}]","trial_id":"incong_9","congruency":"I","task":"experiment","subjectId":"9u9ly6xw7aclmu4","trial_type":"external-html","trial_index":27,"time_elapsed":560523,"internal_node_id":"0.0-9.0-0.19"},{"rt":22602,"url":"../static/nodeGraphs.html","edge":"6to8","edgeRT":"21607","skip":"false","flipped":"False","index":"20","edgeClickLog":"[{\"edgeSelection\":\"0to2\",\"edgeRTMS\":18700},{\"edgeSelection\":\"2to6\",\"edgeRTMS\":20225},{\"edgeSelection\":\"6to8\",\"edgeRTMS\":21607}]","trial_id":"test_0","congruency":"I","task":"experiment","subjectId":"9u9ly6xw7aclmu4","trial_type":"external-html","trial_index":28,"time_elapsed":583727,"internal_node_id":"0.0-9.0-0.20"},{"rt":8383,"url":"../static/nodeGraphs.html","edge":"6to9","edgeRT":"7342","skip":"false","flipped":"False","index":"21","edgeClickLog":"[{\"edgeSelection\":\"0to3\",\"edgeRTMS\":5348},{\"edgeSelection\":\"3to6\",\"edgeRTMS\":6216},{\"edgeSelection\":\"6to9\",\"edgeRTMS\":7342}]","trial_id":"test_1","congruency":"I","task":"experiment","subjectId":"9u9ly6xw7aclmu4","trial_type":"external-html","trial_index":29,"time_elapsed":592708,"internal_node_id":"0.0-9.0-0.21"},{"rt":17277,"url":"../static/nodeGraphs.html","edge":"6to8","edgeRT":"15643","skip":"false","flipped":"False","index":"22","edgeClickLog":"[{\"edgeSelection\":\"0to3\",\"edgeRTMS\":13220},{\"edgeSelection\":\"3to6\",\"edgeRTMS\":14377},{\"edgeSelection\":\"6to8\",\"edgeRTMS\":15643}]","trial_id":"test_2","congruency":"I","task":"experiment","subjectId":"9u9ly6xw7aclmu4","trial_type":"external-html","trial_index":30,"time_elapsed":610578,"internal_node_id":"0.0-9.0-0.22"},{"rt":10159,"url":"../static/nodeGraphs.html","edge":"5to7","edgeRT":"8827","skip":"false","flipped":"False","index":"23","edgeClickLog":"[{\"edgeSelection\":\"0to1\",\"edgeRTMS\":4544},{\"edgeSelection\":\"1to5\",\"edgeRTMS\":7291},{\"edgeSelection\":\"5to7\",\"edgeRTMS\":8827}]","trial_id":"test_3","congruency":"I","task":"experiment","subjectId":"9u9ly6xw7aclmu4","trial_type":"external-html","trial_index":31,"time_elapsed":621316,"internal_node_id":"0.0-9.0-0.23"},{"rt":16569,"url":"../static/nodeGraphs.html","edge":"5to9","edgeRT":"13059","skip":"false","flipped":"False","index":"24","edgeClickLog":"[{\"edgeSelection\":\"0to1\",\"edgeRTMS\":10225},{\"edgeSelection\":\"1to5\",\"edgeRTMS\":11573},{\"edgeSelection\":\"5to9\",\"edgeRTMS\":13059}]","trial_id":"test_4","congruency":"I","task":"experiment","subjectId":"9u9ly6xw7aclmu4","trial_type":"external-html","trial_index":32,"time_elapsed":638513,"internal_node_id":"0.0-9.0-0.24"},{"rt":33943,"response":{"P0_Q0":null,"P0_Q1":1,"P0_Q2":7,"P0_Q3":7,"P0_Q4":2,"P0_Q5":1,"strategies":"the path that would give the highest amount of points","feedback":"none"},"accuracy":[],"trial_type":"survey","trial_index":33,"time_elapsed":673051,"internal_node_id":"0.0-10.0"},{"rt":2562,"stimulus":"<p>Thanks for your time!</p>        <p>We need to manually calculate your bonus pay, please give us up to 7 days.</p><p>Press any key to conclude.</p>","response":" ","task":"end","subjectId":"9u9ly6xw7aclmu4","trial_type":"html-keyboard-response","trial_index":34,"time_elapsed":675618,"internal_node_id":"0.0-11.0","interactions":"[{\"event\":\"fullscreenenter\",\"trial\":1,\"time\":5865},{\"event\":\"blur\",\"trial\":4,\"time\":206773},{\"event\":\"fullscreenexit\",\"trial\":4,\"time\":206787},{\"event\":\"focus\",\"trial\":4,\"time\":206949},{\"event\":\"blur\",\"trial\":4,\"time\":219524},{\"event\":\"focus\",\"trial\":4,\"time\":219712}]"}]