[{"success":true,"timeout":false,"failed_images":[],"failed_audio":[],"failed_video":[],"trial_type":"preload","trial_index":0,"time_elapsed":353,"internal_node_id":"0.0-0.0"},{"success":true,"trial_type":"fullscreen","trial_index":1,"time_elapsed":3685,"internal_node_id":"0.0-1.0"},{"rt":1754,"stimulus":"Welcome to the experiment. Press any key to begin.","response":" ","trial_type":"html-keyboard-response","trial_index":2,"time_elapsed":5444,"internal_node_id":"0.0-2.0"},{"view_history":[{"page_index":0,"viewing_time":2432},{"page_index":1,"viewing_time":2167},{"page_index":2,"viewing_time":12279},{"page_index":3,"viewing_time":2224},{"page_index":4,"viewing_time":766},{"page_index":5,"viewing_time":612},{"page_index":6,"viewing_time":1186},{"page_index":7,"viewing_time":4987},{"page_index":8,"viewing_time":5627},{"page_index":9,"viewing_time":5895},{"page_index":10,"viewing_time":658},{"page_index":11,"viewing_time":323},{"page_index":12,"viewing_time":320},{"page_index":13,"viewing_time":614},{"page_index":14,"viewing_time":1055},{"page_index":15,"viewing_time":1521},{"page_index":16,"viewing_time":643},{"page_index":17,"viewing_time":355},{"page_index":18,"viewing_time":475},{"page_index":19,"viewing_time":2531},{"page_index":20,"viewing_time":2994},{"page_index":21,"viewing_time":2186}],"rt":51851,"trial_type":"instructions","trial_index":3,"time_elapsed":57295,"internal_node_id":"0.0-3.0"},{"rt":36160,"url":"../static/nodeGraphsTraining.html","skip":[],"edgeClickLog":[],"trial_type":"external-html","trial_index":4,"time_elapsed":93519,"internal_node_id":"0.0-4.0"},{"rt":26164,"response":{"q1":"The goal is to help the student to get the most points","q2":"False","q3":"Possible paths you, as the teacher, can choose to teach the learner.","q4":"Paths that the student took before."},"question_order":[0,1,2,3],"trial_type":"survey-multi-choice","trial_index":5,"time_elapsed":119692,"internal_node_id":"0.0-5.0"},{"rt":2416,"stimulus":"<p>You can take a 60 second break before starting the experiment.</p><br><br><p>This page will advance in 60 seconds or you can press any key to advance now.</p>","response":"arrowright","trial_type":"html-keyboard-response","trial_index":6,"time_elapsed":122111,"internal_node_id":"0.0-7.0"},{"view_history":[{"page_index":0,"viewing_time":8743}],"rt":8744,"trial_type":"instructions","trial_index":7,"time_elapsed":130857,"internal_node_id":"0.0-8.0"},{"rt":10433,"url":"../static/nodeGraphs.html","edge":"0to2","edgeRT":"9062","skip":"false","flipped":"True","index":"12","edgeClickLog":"[{\"edgeSelection\":\"0to2\",\"edgeRTMS\":9062}]","trial_id":"incong_2_flipped","congruency":"I","task":"experiment","subjectId":"elg65rju5r2k3b4","trial_type":"external-html","trial_index":8,"time_elapsed":141356,"internal_node_id":"0.0-9.0-0.0"},{"rt":7357,"url":"../static/nodeGraphs.html","edge":"6to9","edgeRT":"6261","skip":"false","flipped":"False","index":"1","edgeClickLog":"[{\"edgeSelection\":\"6to9\",\"edgeRTMS\":6261}]","trial_id":"incong_1","congruency":"I","task":"experiment","subjectId":"elg65rju5r2k3b4","trial_type":"external-html","trial_index":9,"time_elapsed":149286,"internal_node_id":"0.0-9.0-0.1"},{"rt":20505,"url":"../static/nodeGraphs.html","edge":"1to4","edgeRT":"19161","skip":"false","flipped":"True","index":"15","edgeClickLog":"[{\"edgeSelection\":\"1to4\",\"edgeRTMS\":19161}]","trial_id":"incong_5_flipped","congruency":"I","task":"experiment","subjectId":"elg65rju5r2k3b4","trial_type":"external-html","trial_index":10,"time_elapsed":170359,"internal_node_id":"0.0-9.0-0.2"},{"rt":11694,"url":"../static/nodeGraphs.html","edge":"4to8","edgeRT":"10674","skip":"false","flipped":"False","index":"4","edgeClickLog":"[{\"edgeSelection\":\"4to8\",\"edgeRTMS\":10674}]","trial_id":"incong_4","congruency":"I","task":"experiment","subjectId":"elg65rju5r2k3b4","trial_type":"external-html","trial_index":11,"time_elapsed":182621,"internal_node_id":"0.0-9.0-0.3"},{"rt":6082,"url":"../static/nodeGraphs.html","edge":"5to8","edgeRT":"5030","skip":"false","flipped":"True","index":"18","edgeClickLog":"[{\"edgeSelection\":\"5to8\",\"edgeRTMS\":5030}]","trial_id":"incong_8_flipped","congruency":"I","task":"experiment","subjectId":"elg65rju5r2k3b4","trial_type":"external-html","trial_index":12,"time_elapsed":189270,"internal_node_id":"0.0-9.0-0.4"},{"rt":7588,"url":"../static/nodeGraphs.html","edge":"6to8","edgeRT":"6007","skip":"false","flipped":"True","index":"14","edgeClickLog":"[{\"edgeSelection\":\"6to8\",\"edgeRTMS\":6007}]","trial_id":"incong_4_flipped","congruency":"I","task":"experiment","subjectId":"elg65rju5r2k3b4","trial_type":"external-html","trial_index":13,"time_elapsed":197427,"internal_node_id":"0.0-9.0-0.5"},{"rt":6047,"url":"../static/nodeGraphs.html","edge":"4to8","edgeRT":"4608","skip":"false","flipped":"False","index":"9","edgeClickLog":"[{\"edgeSelection\":\"4to8\",\"edgeRTMS\":4608}]","trial_id":"incong_9","congruency":"I","task":"experiment","subjectId":"elg65rju5r2k3b4","trial_type":"external-html","trial_index":14,"time_elapsed":204042,"internal_node_id":"0.0-9.0-0.6"},{"rt":6217,"url":"../static/nodeGraphs.html","edge":"5to8","edgeRT":"3498","skip":"false","flipped":"False","index":"7","edgeClickLog":"[{\"edgeSelection\":\"5to8\",\"edgeRTMS\":3498}]","trial_id":"incong_7","congruency":"I","task":"experiment","subjectId":"elg65rju5r2k3b4","trial_type":"external-html","trial_index":15,"time_elapsed":210825,"internal_node_id":"0.0-9.0-0.7"},{"rt":8419,"url":"../static/nodeGraphs.html","edge":"4to7","edgeRT":"5132","skip":"false","flipped":"True","index":"11","edgeClickLog":"[{\"edgeSelection\":\"4to7\",\"edgeRTMS\":5132}]","trial_id":"incong_1_flipped","congruency":"I","task":"experiment","subjectId":"elg65rju5r2k3b4","trial_type":"external-html","trial_index":16,"time_elapsed":219814,"internal_node_id":"0.0-9.0-0.8"},{"rt":8036,"url":"../static/nodeGraphs.html","edge":"5to7","edgeRT":"5729","skip":"false","flipped":"False","index":"3","edgeClickLog":"[{\"edgeSelection\":\"5to7\",\"edgeRTMS\":5729}]","trial_id":"incong_3","congruency":"I","task":"experiment","subjectId":"elg65rju5r2k3b4","trial_type":"external-html","trial_index":17,"time_elapsed":228410,"internal_node_id":"0.0-9.0-0.9"},{"rt":5777,"url":"../static/nodeGraphs.html","edge":"6to8","edgeRT":"4403","skip":"false","flipped":"False","index":"6","edgeClickLog":"[{\"edgeSelection\":\"6to8\",\"edgeRTMS\":4403}]","trial_id":"incong_6","congruency":"I","task":"experiment","subjectId":"elg65rju5r2k3b4","trial_type":"external-html","trial_index":18,"time_elapsed":234755,"internal_node_id":"0.0-9.0-0.10"},{"rt":5261,"url":"../static/nodeGraphs.html","edge":"5to8","edgeRT":"4414","skip":"false","flipped":"True","index":"17","edgeClickLog":"[{\"edgeSelection\":\"5to8\",\"edgeRTMS\":4414}]","trial_id":"incong_7_flipped","congruency":"I","task":"experiment","subjectId":"elg65rju5r2k3b4","trial_type":"external-html","trial_index":19,"time_elapsed":240582,"internal_node_id":"0.0-9.0-0.11"},{"rt":11097,"url":"../static/nodeGraphs.html","edge":"3to6","edgeRT":"10078","skip":"false","flipped":"False","index":"5","edgeClickLog":"[{\"edgeSelection\":\"3to6\",\"edgeRTMS\":10078}]","trial_id":"incong_5","congruency":"I","task":"experiment","subjectId":"elg65rju5r2k3b4","trial_type":"external-html","trial_index":20,"time_elapsed":252338,"internal_node_id":"0.0-9.0-0.12"},{"rt":4969,"url":"../static/nodeGraphs.html","edge":"4to8","edgeRT":"3025","skip":"false","flipped":"True","index":"10","edgeClickLog":"[{\"edgeSelection\":\"4to8\",\"edgeRTMS\":3025}]","trial_id":"incong_0_flipped","congruency":"I","task":"experiment","subjectId":"elg65rju5r2k3b4","trial_type":"external-html","trial_index":21,"time_elapsed":257873,"internal_node_id":"0.0-9.0-0.13"},{"rt":4641,"url":"../static/nodeGraphs.html","edge":"5to8","edgeRT":"3322","skip":"false","flipped":"False","index":"8","edgeClickLog":"[{\"edgeSelection\":\"5to8\",\"edgeRTMS\":3322}]","trial_id":"incong_8","congruency":"I","task":"experiment","subjectId":"elg65rju5r2k3b4","trial_type":"external-html","trial_index":22,"time_elapsed":263082,"internal_node_id":"0.0-9.0-0.14"},{"rt":4941,"url":"../static/nodeGraphs.html","edge":"5to9","edgeRT":"3592","skip":"false","flipped":"True","index":"13","edgeClickLog":"[{\"edgeSelection\":\"5to9\",\"edgeRTMS\":3592}]","trial_id":"incong_3_flipped","congruency":"I","task":"experiment","subjectId":"elg65rju5r2k3b4","trial_type":"external-html","trial_index":23,"time_elapsed":268593,"internal_node_id":"0.0-9.0-0.15"},{"rt":5004,"url":"../static/nodeGraphs.html","edge":"4to8","edgeRT":"3577","skip":"false","flipped":"True","index":"16","edgeClickLog":"[{\"edgeSelection\":\"4to8\",\"edgeRTMS\":3577}]","trial_id":"incong_6_flipped","congruency":"I","task":"experiment","subjectId":"elg65rju5r2k3b4","trial_type":"external-html","trial_index":24,"time_elapsed":274163,"internal_node_id":"0.0-9.0-0.16"},{"rt":4597,"url":"../static/nodeGraphs.html","edge":"6to8","edgeRT":"3510","skip":"false","flipped":"False","index":"0","edgeClickLog":"[{\"edgeSelection\":\"6to8\",\"edgeRTMS\":3510}]","trial_id":"incong_0","congruency":"I","task":"experiment","subjectId":"elg65rju5r2k3b4","trial_type":"external-html","trial_index":25,"time_elapsed":279327,"internal_node_id":"0.0-9.0-0.17"},{"rt":11077,"url":"../static/nodeGraphs.html","edge":"3to6","edgeRT":"9873","skip":"false","flipped":"False","index":"2","edgeClickLog":"[{\"edgeSelection\":\"3to6\",\"edgeRTMS\":9873}]","trial_id":"incong_2","congruency":"I","task":"experiment","subjectId":"elg65rju5r2k3b4","trial_type":"external-html","trial_index":26,"time_elapsed":290972,"internal_node_id":"0.0-9.0-0.18"},{"rt":3739,"url":"../static/nodeGraphs.html","edge":"6to8","edgeRT":"2810","skip":"false","flipped":"True","index":"19","edgeClickLog":"[{\"edgeSelection\":\"6to8\",\"edgeRTMS\":2810}]","trial_id":"incong_9_flipped","congruency":"I","task":"experiment","subjectId":"elg65rju5r2k3b4","trial_type":"external-html","trial_index":27,"time_elapsed":295278,"internal_node_id":"0.0-9.0-0.19"},{"rt":8727,"url":"../static/nodeGraphs.html","edge":"5to8","edgeRT":"6749","skip":"false","flipped":"False","index":"20","edgeClickLog":"[{\"edgeSelection\":\"5to8\",\"edgeRTMS\":6749}]","trial_id":"test_0","congruency":"I","task":"experiment","subjectId":"elg65rju5r2k3b4","trial_type":"external-html","trial_index":28,"time_elapsed":304573,"internal_node_id":"0.0-9.0-0.20"},{"rt":6237,"url":"../static/nodeGraphs.html","edge":"4to7","edgeRT":"4908","skip":"false","flipped":"False","index":"21","edgeClickLog":"[{\"edgeSelection\":\"4to7\",\"edgeRTMS\":4908}]","trial_id":"test_1","congruency":"I","task":"experiment","subjectId":"elg65rju5r2k3b4","trial_type":"external-html","trial_index":29,"time_elapsed":311379,"internal_node_id":"0.0-9.0-0.21"},{"rt":6519,"url":"../static/nodeGraphs.html","edge":"6to8","edgeRT":"5633","skip":"false","flipped":"False","index":"22","edgeClickLog":"[{\"edgeSelection\":\"6to8\",\"edgeRTMS\":5633}]","trial_id":"test_2","congruency":"I","task":"experiment","subjectId":"elg65rju5r2k3b4","trial_type":"external-html","trial_index":30,"time_elapsed":318467,"internal_node_id":"0.0-9.0-0.22"},{"rt":6969,"url":"../static/nodeGraphs.html","edge":"5to7","edgeRT":"5644","skip":"false","flipped":"False","index":"23","edgeClickLog":"[{\"edgeSelection\":\"5to7\",\"edgeRTMS\":5598},{\"edgeSelection\":\"5to7\",\"edgeRTMS\":5644}]","trial_id":"test_3","congruency":"I","task":"experiment","subjectId":"elg65rju5r2k3b4","trial_type":"external-html","trial_index":31,"time_elapsed":326004,"internal_node_id":"0.0-9.0-0.23"},{"rt":9052,"url":"../static/nodeGraphs.html","edge":"1to5","edgeRT":"7648","skip":"false","flipped":"False","index":"24","edgeClickLog":"[{\"edgeSelection\":\"1to5\",\"edgeRTMS\":7648}]","trial_id":"test_4","congruency":"I","task":"experiment","subjectId":"elg65rju5r2k3b4","trial_type":"external-html","trial_index":32,"time_elapsed":335624,"internal_node_id":"0.0-9.0-0.24"},{"rt":49944,"response":{"P0_Q0":null,"P0_Q1":5,"P0_Q2":6,"P0_Q3":6,"P0_Q4":5,"P0_Q5":2,"strategies":"I chose whatever edge would guarantee an increase in points for the student given the path the student had already taken prior. ","feedback":"N/A"},"accuracy":[],"trial_type":"survey","trial_index":33,"time_elapsed":386155,"internal_node_id":"0.0-10.0"},{"rt":2185,"stimulus":"<p>Thanks for your time!</p>        <p>We need to manually calculate your bonus pay, please give us up to 7 days.</p><p>Press any key to conclude.</p>","response":" ","task":"end","subjectId":"elg65rju5r2k3b4","trial_type":"html-keyboard-response","trial_index":34,"time_elapsed":388341,"internal_node_id":"0.0-11.0","interactions":"[{\"event\":\"focus\",\"trial\":1,\"time\":1090},{\"event\":\"fullscreenenter\",\"trial\":1,\"time\":2721}]"}]