[{"success":true,"timeout":false,"failed_images":[],"failed_audio":[],"failed_video":[],"trial_type":"preload","trial_index":0,"time_elapsed":352,"internal_node_id":"0.0-0.0"},{"success":true,"trial_type":"fullscreen","trial_index":1,"time_elapsed":3211,"internal_node_id":"0.0-1.0"},{"rt":2462,"stimulus":"Welcome to the experiment. Press any key to begin.","response":" ","trial_type":"html-keyboard-response","trial_index":2,"time_elapsed":5674,"internal_node_id":"0.0-2.0"},{"view_history":[{"page_index":0,"viewing_time":4510},{"page_index":1,"viewing_time":3279},{"page_index":2,"viewing_time":17968},{"page_index":3,"viewing_time":7162},{"page_index":4,"viewing_time":1010},{"page_index":5,"viewing_time":403},{"page_index":6,"viewing_time":1234},{"page_index":7,"viewing_time":5245},{"page_index":8,"viewing_time":14552},{"page_index":9,"viewing_time":8419},{"page_index":10,"viewing_time":1167},{"page_index":11,"viewing_time":1422},{"page_index":12,"viewing_time":246},{"page_index":13,"viewing_time":920},{"page_index":14,"viewing_time":1864},{"page_index":15,"viewing_time":2080},{"page_index":16,"viewing_time":616},{"page_index":17,"viewing_time":192},{"page_index":18,"viewing_time":1198},{"page_index":19,"viewing_time":2663},{"page_index":20,"viewing_time":6618},{"page_index":21,"viewing_time":5041}],"rt":87808,"trial_type":"instructions","trial_index":3,"time_elapsed":93484,"internal_node_id":"0.0-3.0"},{"rt":57006,"url":"../static/nodeGraphsTraining.html","skip":[],"edgeClickLog":[],"trial_type":"external-html","trial_index":4,"time_elapsed":150543,"internal_node_id":"0.0-4.0"},{"rt":20803,"response":{"q1":"The goal is to help the student to get the most points","q2":"False","q3":"Possible paths you, as the teacher, can choose to teach the learner.","q4":"Paths that the student took before."},"question_order":[0,1,2,3],"trial_type":"survey-multi-choice","trial_index":5,"time_elapsed":171349,"internal_node_id":"0.0-5.0"},{"rt":3448,"stimulus":"<p>You can take a 60 second break before starting the experiment.</p><br><br><p>This page will advance in 60 seconds or you can press any key to advance now.</p>","response":"arrowright","trial_type":"html-keyboard-response","trial_index":6,"time_elapsed":174799,"internal_node_id":"0.0-7.0"},{"view_history":[{"page_index":0,"viewing_time":12994}],"rt":12994,"trial_type":"instructions","trial_index":7,"time_elapsed":187795,"internal_node_id":"0.0-8.0"},{"rt":14030,"url":"../static/nodeGraphs.html","edge":"2to4","edgeRT":"10714","skip":"false","flipped":"True","index":"11","edgeClickLog":"[{\"edgeSelection\":\"2to4\",\"edgeRTMS\":8212},{\"edgeSelection\":\"4to7\",\"edgeRTMS\":9982},{\"edgeSelection\":\"2to4\",\"edgeRTMS\":10714}]","trial_id":"cong_1_flipped","congruency":"C","task":"experiment","subjectId":"9dr0c5lhx611zoc","trial_type":"external-html","trial_index":8,"time_elapsed":201879,"internal_node_id":"0.0-9.0-0.0"},{"rt":17836,"url":"../static/nodeGraphs.html","edge":"2to6","edgeRT":"17082","skip":"false","flipped":"True","index":"14","edgeClickLog":"[{\"edgeSelection\":\"2to6\",\"edgeRTMS\":17082}]","trial_id":"cong_4_flipped","congruency":"C","task":"experiment","subjectId":"9dr0c5lhx611zoc","trial_type":"external-html","trial_index":9,"time_elapsed":220268,"internal_node_id":"0.0-9.0-0.1"},{"rt":10096,"url":"../static/nodeGraphs.html","edge":"2to5","edgeRT":"6033","skip":"false","flipped":"False","index":"9","edgeClickLog":"[{\"edgeSelection\":\"2to5\",\"edgeRTMS\":1440},{\"edgeSelection\":\"5to8\",\"edgeRTMS\":5088},{\"edgeSelection\":\"2to5\",\"edgeRTMS\":6033}]","trial_id":"cong_9","congruency":"C","task":"experiment","subjectId":"9dr0c5lhx611zoc","trial_type":"external-html","trial_index":10,"time_elapsed":230921,"internal_node_id":"0.0-9.0-0.2"},{"rt":3728,"url":"../static/nodeGraphs.html","edge":"3to6","edgeRT":"1365","skip":"false","flipped":"True","index":"10","edgeClickLog":"[{\"edgeSelection\":\"3to6\",\"edgeRTMS\":1365}]","trial_id":"cong_0_flipped","congruency":"C","task":"experiment","subjectId":"9dr0c5lhx611zoc","trial_type":"external-html","trial_index":11,"time_elapsed":235203,"internal_node_id":"0.0-9.0-0.3"},{"rt":6633,"url":"../static/nodeGraphs.html","edge":"2to5","edgeRT":"4355","skip":"false","flipped":"True","index":"16","edgeClickLog":"[{\"edgeSelection\":\"2to5\",\"edgeRTMS\":4355}]","trial_id":"cong_6_flipped","congruency":"C","task":"experiment","subjectId":"9dr0c5lhx611zoc","trial_type":"external-html","trial_index":12,"time_elapsed":242389,"internal_node_id":"0.0-9.0-0.4"},{"rt":21389,"url":"../static/nodeGraphs.html","edge":"4to7","edgeRT":"20259","skip":"false","flipped":"False","index":"2","edgeClickLog":"[{\"edgeSelection\":\"4to7\",\"edgeRTMS\":20259}]","trial_id":"cong_2","congruency":"C","task":"experiment","subjectId":"9dr0c5lhx611zoc","trial_type":"external-html","trial_index":13,"time_elapsed":264336,"internal_node_id":"0.0-9.0-0.5"},{"rt":9796,"url":"../static/nodeGraphs.html","edge":"3to6","edgeRT":"4870","skip":"false","flipped":"True","index":"18","edgeClickLog":"[{\"edgeSelection\":\"3to6\",\"edgeRTMS\":4870}]","trial_id":"cong_8_flipped","congruency":"C","task":"experiment","subjectId":"9dr0c5lhx611zoc","trial_type":"external-html","trial_index":14,"time_elapsed":274698,"internal_node_id":"0.0-9.0-0.6"},{"rt":2587,"url":"../static/nodeGraphs.html","edge":"2to5","edgeRT":"1806","skip":"false","flipped":"True","index":"19","edgeClickLog":"[{\"edgeSelection\":\"2to5\",\"edgeRTMS\":1806}]","trial_id":"cong_9_flipped","congruency":"C","task":"experiment","subjectId":"9dr0c5lhx611zoc","trial_type":"external-html","trial_index":15,"time_elapsed":277838,"internal_node_id":"0.0-9.0-0.7"},{"rt":13421,"url":"../static/nodeGraphs.html","edge":"5to7","edgeRT":"8355","skip":"false","flipped":"True","index":"12","edgeClickLog":"[{\"edgeSelection\":\"5to7\",\"edgeRTMS\":8355}]","trial_id":"cong_2_flipped","congruency":"C","task":"experiment","subjectId":"9dr0c5lhx611zoc","trial_type":"external-html","trial_index":16,"time_elapsed":291813,"internal_node_id":"0.0-9.0-0.8"},{"rt":12085,"url":"../static/nodeGraphs.html","edge":"2to4","edgeRT":"10404","skip":"false","flipped":"False","index":"7","edgeClickLog":"[{\"edgeSelection\":\"2to4\",\"edgeRTMS\":1293},{\"edgeSelection\":\"0to2\",\"edgeRTMS\":6048},{\"edgeSelection\":\"2to4\",\"edgeRTMS\":10404}]","trial_id":"cong_7","congruency":"C","task":"experiment","subjectId":"9dr0c5lhx611zoc","trial_type":"external-html","trial_index":17,"time_elapsed":304454,"internal_node_id":"0.0-9.0-0.9"},{"rt":5401,"url":"../static/nodeGraphs.html","edge":"0to3","edgeRT":"3451","skip":"false","flipped":"True","index":"15","edgeClickLog":"[{\"edgeSelection\":\"0to3\",\"edgeRTMS\":3451}]","trial_id":"cong_5_flipped","congruency":"C","task":"experiment","subjectId":"9dr0c5lhx611zoc","trial_type":"external-html","trial_index":18,"time_elapsed":310406,"internal_node_id":"0.0-9.0-0.10"},{"rt":2759,"url":"../static/nodeGraphs.html","edge":"2to5","edgeRT":"1519","skip":"false","flipped":"False","index":"6","edgeClickLog":"[{\"edgeSelection\":\"2to5\",\"edgeRTMS\":1519}]","trial_id":"cong_6","congruency":"C","task":"experiment","subjectId":"9dr0c5lhx611zoc","trial_type":"external-html","trial_index":19,"time_elapsed":313715,"internal_node_id":"0.0-9.0-0.11"},{"rt":3095,"url":"../static/nodeGraphs.html","edge":"2to6","edgeRT":"1847","skip":"false","flipped":"False","index":"1","edgeClickLog":"[{\"edgeSelection\":\"2to6\",\"edgeRTMS\":1847}]","trial_id":"cong_1","congruency":"C","task":"experiment","subjectId":"9dr0c5lhx611zoc","trial_type":"external-html","trial_index":20,"time_elapsed":317362,"internal_node_id":"0.0-9.0-0.12"},{"rt":6097,"url":"../static/nodeGraphs.html","edge":"0to1","edgeRT":"3855","skip":"false","flipped":"False","index":"5","edgeClickLog":"[{\"edgeSelection\":\"0to1\",\"edgeRTMS\":2243},{\"edgeSelection\":\"0to1\",\"edgeRTMS\":3855}]","trial_id":"cong_5","congruency":"C","task":"experiment","subjectId":"9dr0c5lhx611zoc","trial_type":"external-html","trial_index":21,"time_elapsed":324011,"internal_node_id":"0.0-9.0-0.13"},{"rt":3896,"url":"../static/nodeGraphs.html","edge":"1to4","edgeRT":"2916","skip":"false","flipped":"False","index":"0","edgeClickLog":"[{\"edgeSelection\":\"1to4\",\"edgeRTMS\":2916}]","trial_id":"cong_0","congruency":"C","task":"experiment","subjectId":"9dr0c5lhx611zoc","trial_type":"external-html","trial_index":22,"time_elapsed":328464,"internal_node_id":"0.0-9.0-0.14"},{"rt":4279,"url":"../static/nodeGraphs.html","edge":"1to4","edgeRT":"3466","skip":"false","flipped":"False","index":"8","edgeClickLog":"[{\"edgeSelection\":\"1to4\",\"edgeRTMS\":3466}]","trial_id":"cong_8","congruency":"C","task":"experiment","subjectId":"9dr0c5lhx611zoc","trial_type":"external-html","trial_index":23,"time_elapsed":333294,"internal_node_id":"0.0-9.0-0.15"},{"rt":8652,"url":"../static/nodeGraphs.html","edge":"0to1","edgeRT":"7353","skip":"false","flipped":"False","index":"3","edgeClickLog":"[{\"edgeSelection\":\"0to1\",\"edgeRTMS\":7353}]","trial_id":"cong_3","congruency":"C","task":"experiment","subjectId":"9dr0c5lhx611zoc","trial_type":"external-html","trial_index":24,"time_elapsed":342494,"internal_node_id":"0.0-9.0-0.16"},{"rt":17730,"url":"../static/nodeGraphs.html","edge":"0to2","edgeRT":"16175","skip":"false","flipped":"True","index":"17","edgeClickLog":"[{\"edgeSelection\":\"0to2\",\"edgeRTMS\":16175}]","trial_id":"cong_7_flipped","congruency":"C","task":"experiment","subjectId":"9dr0c5lhx611zoc","trial_type":"external-html","trial_index":25,"time_elapsed":360776,"internal_node_id":"0.0-9.0-0.17"},{"rt":7684,"url":"../static/nodeGraphs.html","edge":"0to3","edgeRT":"6395","skip":"false","flipped":"True","index":"13","edgeClickLog":"[{\"edgeSelection\":\"1to5\",\"edgeRTMS\":2176},{\"edgeSelection\":\"0to3\",\"edgeRTMS\":6395}]","trial_id":"cong_3_flipped","congruency":"C","task":"experiment","subjectId":"9dr0c5lhx611zoc","trial_type":"external-html","trial_index":26,"time_elapsed":369024,"internal_node_id":"0.0-9.0-0.18"},{"rt":4472,"url":"../static/nodeGraphs.html","edge":"2to4","edgeRT":"2034","skip":"false","flipped":"False","index":"4","edgeClickLog":"[{\"edgeSelection\":\"2to4\",\"edgeRTMS\":2034}]","trial_id":"cong_4","congruency":"C","task":"experiment","subjectId":"9dr0c5lhx611zoc","trial_type":"external-html","trial_index":27,"time_elapsed":374053,"internal_node_id":"0.0-9.0-0.19"},{"rt":12754,"url":"../static/nodeGraphs.html","edge":"3to6","edgeRT":"6188","skip":"false","flipped":"False","index":"20","edgeClickLog":"[{\"edgeSelection\":\"3to6\",\"edgeRTMS\":6188}]","trial_id":"test_0","congruency":"I","task":"experiment","subjectId":"9dr0c5lhx611zoc","trial_type":"external-html","trial_index":28,"time_elapsed":387364,"internal_node_id":"0.0-9.0-0.20"},{"rt":7368,"url":"../static/nodeGraphs.html","edge":"0to3","edgeRT":"4647","skip":"false","flipped":"False","index":"21","edgeClickLog":"[{\"edgeSelection\":\"0to3\",\"edgeRTMS\":4647}]","trial_id":"test_1","congruency":"I","task":"experiment","subjectId":"9dr0c5lhx611zoc","trial_type":"external-html","trial_index":29,"time_elapsed":395287,"internal_node_id":"0.0-9.0-0.21"},{"rt":14915,"url":"../static/nodeGraphs.html","edge":"2to4","edgeRT":"14174","skip":"false","flipped":"False","index":"22","edgeClickLog":"[{\"edgeSelection\":\"0to3\",\"edgeRTMS\":3953},{\"edgeSelection\":\"2to4\",\"edgeRTMS\":14174}]","trial_id":"test_2","congruency":"I","task":"experiment","subjectId":"9dr0c5lhx611zoc","trial_type":"external-html","trial_index":30,"time_elapsed":410758,"internal_node_id":"0.0-9.0-0.22"},{"rt":14006,"url":"../static/nodeGraphs.html","edge":"0to1","edgeRT":"3359","skip":"false","flipped":"False","index":"23","edgeClickLog":"[{\"edgeSelection\":\"0to1\",\"edgeRTMS\":2136},{\"edgeSelection\":\"0to1\",\"edgeRTMS\":3359}]","trial_id":"test_3","congruency":"I","task":"experiment","subjectId":"9dr0c5lhx611zoc","trial_type":"external-html","trial_index":31,"time_elapsed":425319,"internal_node_id":"0.0-9.0-0.23"},{"rt":16048,"url":"../static/nodeGraphs.html","edge":"0to3","edgeRT":"15267","skip":"false","flipped":"False","index":"24","edgeClickLog":"[{\"edgeSelection\":\"1to5\",\"edgeRTMS\":3414},{\"edgeSelection\":\"0to3\",\"edgeRTMS\":15267}]","trial_id":"test_4","congruency":"I","task":"experiment","subjectId":"9dr0c5lhx611zoc","trial_type":"external-html","trial_index":32,"time_elapsed":441917,"internal_node_id":"0.0-9.0-0.24"},{"rt":20804,"response":{"P0_Q0":null,"P0_Q1":3,"P0_Q2":6,"P0_Q3":6,"P0_Q4":3,"P0_Q5":1,"strategies":"Adding up the points","feedback":"No"},"accuracy":[],"trial_type":"survey","trial_index":33,"time_elapsed":463286,"internal_node_id":"0.0-10.0"},{"rt":3142,"stimulus":"<p>Thanks for your time!</p>        <p>We need to manually calculate your bonus pay, please give us up to 7 days.</p><p>Press any key to conclude.</p>","response":" ","task":"end","subjectId":"9dr0c5lhx611zoc","trial_type":"html-keyboard-response","trial_index":34,"time_elapsed":466431,"internal_node_id":"0.0-11.0","interactions":"[{\"event\":\"fullscreenenter\",\"trial\":1,\"time\":2249},{\"event\":\"blur\",\"trial\":25,\"time\":354582},{\"event\":\"focus\",\"trial\":25,\"time\":354582},{\"event\":\"fullscreenexit\",\"trial\":25,\"time\":354594}]"}]