[{"success":true,"timeout":false,"failed_images":[],"failed_audio":[],"failed_video":[],"trial_type":"preload","trial_index":0,"time_elapsed":195,"internal_node_id":"0.0-0.0"},{"success":true,"trial_type":"fullscreen","trial_index":1,"time_elapsed":2590,"internal_node_id":"0.0-1.0"},{"rt":1381,"stimulus":"Welcome to the experiment. Press any key to begin.","response":" ","trial_type":"html-keyboard-response","trial_index":2,"time_elapsed":3973,"internal_node_id":"0.0-2.0"},{"view_history":[{"page_index":0,"viewing_time":1855},{"page_index":1,"viewing_time":2578},{"page_index":2,"viewing_time":14318},{"page_index":3,"viewing_time":2070},{"page_index":4,"viewing_time":439},{"page_index":5,"viewing_time":323},{"page_index":6,"viewing_time":263},{"page_index":7,"viewing_time":8648},{"page_index":8,"viewing_time":4651},{"page_index":9,"viewing_time":4230},{"page_index":10,"viewing_time":993},{"page_index":11,"viewing_time":550},{"page_index":12,"viewing_time":247},{"page_index":13,"viewing_time":1236},{"page_index":14,"viewing_time":1454},{"page_index":15,"viewing_time":2157},{"page_index":16,"viewing_time":837},{"page_index":17,"viewing_time":415},{"page_index":18,"viewing_time":632},{"page_index":19,"viewing_time":3826},{"page_index":20,"viewing_time":2350},{"page_index":21,"viewing_time":1892}],"rt":55965,"trial_type":"instructions","trial_index":3,"time_elapsed":59937,"internal_node_id":"0.0-3.0"},{"rt":46985,"url":"../static/nodeGraphsTraining.html","skip":[],"edgeClickLog":[],"trial_type":"external-html","trial_index":4,"time_elapsed":107012,"internal_node_id":"0.0-4.0"},{"rt":20532,"response":{"q1":"The goal is to help the student to get the most points","q2":"False","q3":"Possible paths you, as the teacher, can choose to teach the learner.","q4":"Paths that the student took before."},"question_order":[0,1,2,3],"trial_type":"survey-multi-choice","trial_index":5,"time_elapsed":127547,"internal_node_id":"0.0-5.0"},{"rt":2530,"stimulus":"<p>You can take a 60 second break before starting the experiment.</p><br><br><p>This page will advance in 60 seconds or you can press any key to advance now.</p>","response":" ","trial_type":"html-keyboard-response","trial_index":6,"time_elapsed":130079,"internal_node_id":"0.0-7.0"},{"view_history":[{"page_index":0,"viewing_time":4511}],"rt":4512,"trial_type":"instructions","trial_index":7,"time_elapsed":134591,"internal_node_id":"0.0-8.0"},{"rt":10923,"url":"../static/nodeGraphs.html","edge":"4to8","edgeRT":"8273","skip":"false","flipped":"True","index":"10","edgeClickLog":"[{\"edgeSelection\":\"4to8\",\"edgeRTMS\":8273}]","trial_id":"incong_0_flipped","congruency":"I","task":"experiment","subjectId":"9fskaxsrl7s17g1","trial_type":"external-html","trial_index":8,"time_elapsed":145595,"internal_node_id":"0.0-9.0-0.0"},{"rt":6616,"url":"../static/nodeGraphs.html","edge":"2to4","edgeRT":"5153","skip":"false","flipped":"False","index":"1","edgeClickLog":"[{\"edgeSelection\":\"2to4\",\"edgeRTMS\":5153}]","trial_id":"incong_1","congruency":"I","task":"experiment","subjectId":"9fskaxsrl7s17g1","trial_type":"external-html","trial_index":9,"time_elapsed":152813,"internal_node_id":"0.0-9.0-0.1"},{"rt":12897,"url":"../static/nodeGraphs.html","edge":"0to1","edgeRT":"11901","skip":"false","flipped":"False","index":"2","edgeClickLog":"[{\"edgeSelection\":\"0to1\",\"edgeRTMS\":8464},{\"edgeSelection\":\"1to4\",\"edgeRTMS\":10201},{\"edgeSelection\":\"0to1\",\"edgeRTMS\":11901}]","trial_id":"incong_2","congruency":"I","task":"experiment","subjectId":"9fskaxsrl7s17g1","trial_type":"external-html","trial_index":10,"time_elapsed":166296,"internal_node_id":"0.0-9.0-0.2"},{"rt":2714,"url":"../static/nodeGraphs.html","edge":"0to1","edgeRT":"1913","skip":"false","flipped":"False","index":"8","edgeClickLog":"[{\"edgeSelection\":\"0to1\",\"edgeRTMS\":1913}]","trial_id":"incong_8","congruency":"I","task":"experiment","subjectId":"9fskaxsrl7s17g1","trial_type":"external-html","trial_index":11,"time_elapsed":169597,"internal_node_id":"0.0-9.0-0.3"},{"rt":3880,"url":"../static/nodeGraphs.html","edge":"0to3","edgeRT":"2283","skip":"false","flipped":"True","index":"12","edgeClickLog":"[{\"edgeSelection\":\"0to3\",\"edgeRTMS\":2283}]","trial_id":"incong_2_flipped","congruency":"I","task":"experiment","subjectId":"9fskaxsrl7s17g1","trial_type":"external-html","trial_index":12,"time_elapsed":174064,"internal_node_id":"0.0-9.0-0.4"},{"rt":9817,"url":"../static/nodeGraphs.html","edge":"0to1","edgeRT":"8602","skip":"false","flipped":"False","index":"4","edgeClickLog":"[{\"edgeSelection\":\"0to1\",\"edgeRTMS\":8602}]","trial_id":"incong_4","congruency":"I","task":"experiment","subjectId":"9fskaxsrl7s17g1","trial_type":"external-html","trial_index":13,"time_elapsed":184463,"internal_node_id":"0.0-9.0-0.5"},{"rt":4236,"url":"../static/nodeGraphs.html","edge":"0to1","edgeRT":"2720","skip":"false","flipped":"False","index":"6","edgeClickLog":"[{\"edgeSelection\":\"0to1\",\"edgeRTMS\":2720}]","trial_id":"incong_6","congruency":"I","task":"experiment","subjectId":"9fskaxsrl7s17g1","trial_type":"external-html","trial_index":14,"time_elapsed":189280,"internal_node_id":"0.0-9.0-0.6"},{"rt":10293,"url":"../static/nodeGraphs.html","edge":"0to2","edgeRT":"8578","skip":"false","flipped":"False","index":"5","edgeClickLog":"[{\"edgeSelection\":\"0to2\",\"edgeRTMS\":8578}]","trial_id":"incong_5","congruency":"I","task":"experiment","subjectId":"9fskaxsrl7s17g1","trial_type":"external-html","trial_index":15,"time_elapsed":200163,"internal_node_id":"0.0-9.0-0.7"},{"rt":7134,"url":"../static/nodeGraphs.html","edge":"0to2","edgeRT":"5754","skip":"false","flipped":"True","index":"15","edgeClickLog":"[{\"edgeSelection\":\"0to2\",\"edgeRTMS\":5754}]","trial_id":"incong_5_flipped","congruency":"I","task":"experiment","subjectId":"9fskaxsrl7s17g1","trial_type":"external-html","trial_index":16,"time_elapsed":207879,"internal_node_id":"0.0-9.0-0.8"},{"rt":3748,"url":"../static/nodeGraphs.html","edge":"0to2","edgeRT":"2101","skip":"false","flipped":"True","index":"17","edgeClickLog":"[{\"edgeSelection\":\"0to2\",\"edgeRTMS\":2101}]","trial_id":"incong_7_flipped","congruency":"I","task":"experiment","subjectId":"9fskaxsrl7s17g1","trial_type":"external-html","trial_index":17,"time_elapsed":212230,"internal_node_id":"0.0-9.0-0.9"},{"rt":4294,"url":"../static/nodeGraphs.html","edge":"0to2","edgeRT":"3015","skip":"false","flipped":"True","index":"13","edgeClickLog":"[{\"edgeSelection\":\"0to2\",\"edgeRTMS\":3015}]","trial_id":"incong_3_flipped","congruency":"I","task":"experiment","subjectId":"9fskaxsrl7s17g1","trial_type":"external-html","trial_index":18,"time_elapsed":217113,"internal_node_id":"0.0-9.0-0.10"},{"rt":4611,"url":"../static/nodeGraphs.html","edge":"0to3","edgeRT":"2063","skip":"false","flipped":"True","index":"18","edgeClickLog":"[{\"edgeSelection\":\"0to3\",\"edgeRTMS\":2063}]","trial_id":"incong_8_flipped","congruency":"I","task":"experiment","subjectId":"9fskaxsrl7s17g1","trial_type":"external-html","trial_index":19,"time_elapsed":222313,"internal_node_id":"0.0-9.0-0.11"},{"rt":2791,"url":"../static/nodeGraphs.html","edge":"0to2","edgeRT":"1777","skip":"false","flipped":"False","index":"7","edgeClickLog":"[{\"edgeSelection\":\"0to2\",\"edgeRTMS\":1777}]","trial_id":"incong_7","congruency":"I","task":"experiment","subjectId":"9fskaxsrl7s17g1","trial_type":"external-html","trial_index":20,"time_elapsed":225696,"internal_node_id":"0.0-9.0-0.12"},{"rt":10161,"url":"../static/nodeGraphs.html","edge":"4to7","edgeRT":"8996","skip":"false","flipped":"True","index":"11","edgeClickLog":"[{\"edgeSelection\":\"4to7\",\"edgeRTMS\":8996}]","trial_id":"incong_1_flipped","congruency":"I","task":"experiment","subjectId":"9fskaxsrl7s17g1","trial_type":"external-html","trial_index":21,"time_elapsed":236447,"internal_node_id":"0.0-9.0-0.13"},{"rt":3712,"url":"../static/nodeGraphs.html","edge":"0to1","edgeRT":"2385","skip":"false","flipped":"False","index":"0","edgeClickLog":"[{\"edgeSelection\":\"0to1\",\"edgeRTMS\":2385}]","trial_id":"incong_0","congruency":"I","task":"experiment","subjectId":"9fskaxsrl7s17g1","trial_type":"external-html","trial_index":22,"time_elapsed":240747,"internal_node_id":"0.0-9.0-0.14"},{"rt":5661,"url":"../static/nodeGraphs.html","edge":"0to2","edgeRT":"3762","skip":"false","flipped":"True","index":"19","edgeClickLog":"[{\"edgeSelection\":\"0to2\",\"edgeRTMS\":3762}]","trial_id":"incong_9_flipped","congruency":"I","task":"experiment","subjectId":"9fskaxsrl7s17g1","trial_type":"external-html","trial_index":23,"time_elapsed":246996,"internal_node_id":"0.0-9.0-0.15"},{"rt":2917,"url":"../static/nodeGraphs.html","edge":"0to2","edgeRT":"1587","skip":"false","flipped":"False","index":"3","edgeClickLog":"[{\"edgeSelection\":\"0to2\",\"edgeRTMS\":1587}]","trial_id":"incong_3","congruency":"I","task":"experiment","subjectId":"9fskaxsrl7s17g1","trial_type":"external-html","trial_index":24,"time_elapsed":250512,"internal_node_id":"0.0-9.0-0.16"},{"rt":7130,"url":"../static/nodeGraphs.html","edge":"1to5","edgeRT":"5698","skip":"false","flipped":"False","index":"9","edgeClickLog":"[{\"edgeSelection\":\"1to5\",\"edgeRTMS\":5698}]","trial_id":"incong_9","congruency":"I","task":"experiment","subjectId":"9fskaxsrl7s17g1","trial_type":"external-html","trial_index":25,"time_elapsed":258247,"internal_node_id":"0.0-9.0-0.17"},{"rt":7454,"url":"../static/nodeGraphs.html","edge":"0to3","edgeRT":"3909","skip":"false","flipped":"True","index":"14","edgeClickLog":"[{\"edgeSelection\":\"0to3\",\"edgeRTMS\":3909}]","trial_id":"incong_4_flipped","congruency":"I","task":"experiment","subjectId":"9fskaxsrl7s17g1","trial_type":"external-html","trial_index":26,"time_elapsed":266296,"internal_node_id":"0.0-9.0-0.18"},{"rt":4094,"url":"../static/nodeGraphs.html","edge":"0to3","edgeRT":"2964","skip":"false","flipped":"True","index":"16","edgeClickLog":"[{\"edgeSelection\":\"0to3\",\"edgeRTMS\":2964}]","trial_id":"incong_6_flipped","congruency":"I","task":"experiment","subjectId":"9fskaxsrl7s17g1","trial_type":"external-html","trial_index":27,"time_elapsed":270979,"internal_node_id":"0.0-9.0-0.19"},{"rt":4832,"url":"../static/nodeGraphs.html","edge":"0to1","edgeRT":"3336","skip":"false","flipped":"False","index":"20","edgeClickLog":"[{\"edgeSelection\":\"0to1\",\"edgeRTMS\":3336}]","trial_id":"test_0","congruency":"I","task":"experiment","subjectId":"9fskaxsrl7s17g1","trial_type":"external-html","trial_index":28,"time_elapsed":276396,"internal_node_id":"0.0-9.0-0.20"},{"rt":2979,"url":"../static/nodeGraphs.html","edge":"0to3","edgeRT":"1736","skip":"false","flipped":"False","index":"21","edgeClickLog":"[{\"edgeSelection\":\"0to3\",\"edgeRTMS\":1736}]","trial_id":"test_1","congruency":"I","task":"experiment","subjectId":"9fskaxsrl7s17g1","trial_type":"external-html","trial_index":29,"time_elapsed":279963,"internal_node_id":"0.0-9.0-0.21"},{"rt":2263,"url":"../static/nodeGraphs.html","edge":"0to3","edgeRT":"1384","skip":"false","flipped":"False","index":"22","edgeClickLog":"[{\"edgeSelection\":\"0to3\",\"edgeRTMS\":1384}]","trial_id":"test_2","congruency":"I","task":"experiment","subjectId":"9fskaxsrl7s17g1","trial_type":"external-html","trial_index":30,"time_elapsed":282812,"internal_node_id":"0.0-9.0-0.22"},{"rt":3018,"url":"../static/nodeGraphs.html","edge":"0to1","edgeRT":"1591","skip":"false","flipped":"False","index":"23","edgeClickLog":"[{\"edgeSelection\":\"0to1\",\"edgeRTMS\":1591}]","trial_id":"test_3","congruency":"I","task":"experiment","subjectId":"9fskaxsrl7s17g1","trial_type":"external-html","trial_index":31,"time_elapsed":286429,"internal_node_id":"0.0-9.0-0.23"},{"rt":16240,"url":"../static/nodeGraphs.html","edge":"0to3","edgeRT":"12646","skip":"false","flipped":"False","index":"24","edgeClickLog":"[{\"edgeSelection\":\"0to3\",\"edgeRTMS\":12646}]","trial_id":"test_4","congruency":"I","task":"experiment","subjectId":"9fskaxsrl7s17g1","trial_type":"external-html","trial_index":32,"time_elapsed":303264,"internal_node_id":"0.0-9.0-0.24"},{"rt":23097,"response":{"P0_Q0":null,"P0_Q1":2,"P0_Q2":6,"P0_Q3":6,"P0_Q4":5,"P0_Q5":2,"strategies":"Choosing the highest numbers","feedback":"no"},"accuracy":[],"trial_type":"survey","trial_index":33,"time_elapsed":326928,"internal_node_id":"0.0-10.0"},{"rt":2916,"stimulus":"<p>Thanks for your time!</p>        <p>We need to manually calculate your bonus pay, please give us up to 7 days.</p><p>Press any key to conclude.</p>","response":" ","task":"end","subjectId":"9fskaxsrl7s17g1","trial_type":"html-keyboard-response","trial_index":34,"time_elapsed":329846,"internal_node_id":"0.0-11.0","interactions":"[{\"event\":\"fullscreenenter\",\"trial\":1,\"time\":1604},{\"event\":\"blur\",\"trial\":4,\"time\":70871},{\"event\":\"fullscreenexit\",\"trial\":4,\"time\":70874},{\"event\":\"focus\",\"trial\":4,\"time\":71034}]"}]