[{"success":true,"timeout":false,"failed_images":[],"failed_audio":[],"failed_video":[],"trial_type":"preload","trial_index":0,"time_elapsed":1738,"internal_node_id":"0.0-0.0"},{"success":true,"trial_type":"fullscreen","trial_index":1,"time_elapsed":9594,"internal_node_id":"0.0-1.0"},{"rt":1988,"stimulus":"Welcome to the experiment. Press any key to begin.","response":" ","trial_type":"html-keyboard-response","trial_index":2,"time_elapsed":11583,"internal_node_id":"0.0-2.0"},{"view_history":[{"page_index":0,"viewing_time":4783},{"page_index":1,"viewing_time":6750},{"page_index":2,"viewing_time":36969},{"page_index":3,"viewing_time":8034},{"page_index":4,"viewing_time":1817},{"page_index":5,"viewing_time":800},{"page_index":6,"viewing_time":5317},{"page_index":7,"viewing_time":15634},{"page_index":8,"viewing_time":19468},{"page_index":9,"viewing_time":9367},{"page_index":10,"viewing_time":1583},{"page_index":11,"viewing_time":500},{"page_index":12,"viewing_time":484},{"page_index":13,"viewing_time":1184},{"page_index":14,"viewing_time":2700},{"page_index":15,"viewing_time":40920},{"page_index":16,"viewing_time":1650},{"page_index":17,"viewing_time":1116},{"page_index":18,"viewing_time":984},{"page_index":19,"viewing_time":4100},{"page_index":20,"viewing_time":5917},{"page_index":21,"viewing_time":5567}],"rt":175646,"trial_type":"instructions","trial_index":3,"time_elapsed":187235,"internal_node_id":"0.0-3.0"},{"rt":96447,"url":"../static/nodeGraphsTraining.html","skip":[],"edgeClickLog":[],"trial_type":"external-html","trial_index":4,"time_elapsed":284062,"internal_node_id":"0.0-4.0"},{"rt":74884,"response":{"q1":"The goal is to help the student to get the most points","q2":"False","q3":"Possible paths you, as the teacher, can choose to teach the learner.","q4":"Paths that the student took before."},"question_order":[0,1,2,3],"trial_type":"survey-multi-choice","trial_index":5,"time_elapsed":358953,"internal_node_id":"0.0-5.0"},{"rt":18890,"stimulus":"<p>You can take a 60 second break before starting the experiment.</p><br><br><p>This page will advance in 60 seconds or you can press any key to advance now.</p>","response":" ","trial_type":"html-keyboard-response","trial_index":6,"time_elapsed":377847,"internal_node_id":"0.0-7.0"},{"view_history":[{"page_index":0,"viewing_time":35324}],"rt":35325,"trial_type":"instructions","trial_index":7,"time_elapsed":413174,"internal_node_id":"0.0-8.0"},{"rt":30007,"url":"../static/nodeGraphs.html","edge":"2to4","edgeRT":"25797","skip":"true","flipped":"False","index":"8","edgeClickLog":"[{\"edgeSelection\":\"2to6\",\"edgeRTMS\":18057},{\"edgeSelection\":\"2to4\",\"edgeRTMS\":25797}]","trial_id":"cong_8","congruency":"C","task":"experiment","subjectId":"tu8r2o9efyg8c2f","trial_type":"external-html","trial_index":8,"time_elapsed":443559,"internal_node_id":"0.0-9.0-0.0"},{"rt":5273,"url":"../static/nodeGraphs.html","edge":"2to4","edgeRT":"3923","skip":"false","flipped":"False","index":"7","edgeClickLog":"[{\"edgeSelection\":\"2to4\",\"edgeRTMS\":3923}]","trial_id":"cong_7","congruency":"C","task":"experiment","subjectId":"tu8r2o9efyg8c2f","trial_type":"external-html","trial_index":9,"time_elapsed":449628,"internal_node_id":"0.0-9.0-0.1"},{"rt":6205,"url":"../static/nodeGraphs.html","edge":"2to4","edgeRT":"4256","skip":"false","flipped":"False","index":"0","edgeClickLog":"[{\"edgeSelection\":\"2to4\",\"edgeRTMS\":4256}]","trial_id":"cong_0","congruency":"C","task":"experiment","subjectId":"tu8r2o9efyg8c2f","trial_type":"external-html","trial_index":10,"time_elapsed":456529,"internal_node_id":"0.0-9.0-0.2"},{"rt":9961,"url":"../static/nodeGraphs.html","edge":"2to6","edgeRT":"8381","skip":"false","flipped":"True","index":"17","edgeClickLog":"[{\"edgeSelection\":\"3to5\",\"edgeRTMS\":6847},{\"edgeSelection\":\"2to6\",\"edgeRTMS\":8381}]","trial_id":"cong_7_flipped","congruency":"C","task":"experiment","subjectId":"tu8r2o9efyg8c2f","trial_type":"external-html","trial_index":11,"time_elapsed":467179,"internal_node_id":"0.0-9.0-0.3"},{"rt":5458,"url":"../static/nodeGraphs.html","edge":"2to6","edgeRT":"4110","skip":"false","flipped":"True","index":"14","edgeClickLog":"[{\"edgeSelection\":\"2to6\",\"edgeRTMS\":4110}]","trial_id":"cong_4_flipped","congruency":"C","task":"experiment","subjectId":"tu8r2o9efyg8c2f","trial_type":"external-html","trial_index":12,"time_elapsed":473330,"internal_node_id":"0.0-9.0-0.4"},{"rt":4406,"url":"../static/nodeGraphs.html","edge":"2to5","edgeRT":"2824","skip":"false","flipped":"True","index":"19","edgeClickLog":"[{\"edgeSelection\":\"2to5\",\"edgeRTMS\":2824}]","trial_id":"cong_9_flipped","congruency":"C","task":"experiment","subjectId":"tu8r2o9efyg8c2f","trial_type":"external-html","trial_index":13,"time_elapsed":478431,"internal_node_id":"0.0-9.0-0.5"},{"rt":16328,"url":"../static/nodeGraphs.html","edge":"0to1","edgeRT":"15078","skip":"false","flipped":"False","index":"3","edgeClickLog":"[{\"edgeSelection\":\"0to1\",\"edgeRTMS\":13976},{\"edgeSelection\":\"0to1\",\"edgeRTMS\":15078}]","trial_id":"cong_3","congruency":"C","task":"experiment","subjectId":"tu8r2o9efyg8c2f","trial_type":"external-html","trial_index":14,"time_elapsed":495449,"internal_node_id":"0.0-9.0-0.6"},{"rt":20669,"url":"../static/nodeGraphs.html","edge":"0to1","edgeRT":"19677","skip":"false","flipped":"True","index":"18","edgeClickLog":"[{\"edgeSelection\":\"1to4\",\"edgeRTMS\":12604},{\"edgeSelection\":\"0to1\",\"edgeRTMS\":19677}]","trial_id":"cong_8_flipped","congruency":"C","task":"experiment","subjectId":"tu8r2o9efyg8c2f","trial_type":"external-html","trial_index":15,"time_elapsed":516818,"internal_node_id":"0.0-9.0-0.7"},{"rt":14517,"url":"../static/nodeGraphs.html","edge":"5to7","edgeRT":"10493","skip":"false","flipped":"False","index":"6","edgeClickLog":"[{\"edgeSelection\":\"2to5\",\"edgeRTMS\":4735},{\"edgeSelection\":\"5to7\",\"edgeRTMS\":10493}]","trial_id":"cong_6","congruency":"C","task":"experiment","subjectId":"tu8r2o9efyg8c2f","trial_type":"external-html","trial_index":16,"time_elapsed":532036,"internal_node_id":"0.0-9.0-0.8"},{"rt":7003,"url":"../static/nodeGraphs.html","edge":"2to5","edgeRT":"5422","skip":"false","flipped":"False","index":"9","edgeClickLog":"[{\"edgeSelection\":\"2to5\",\"edgeRTMS\":5422}]","trial_id":"cong_9","congruency":"C","task":"experiment","subjectId":"tu8r2o9efyg8c2f","trial_type":"external-html","trial_index":17,"time_elapsed":539737,"internal_node_id":"0.0-9.0-0.9"},{"rt":10845,"url":"../static/nodeGraphs.html","edge":"5to7","edgeRT":"9643","skip":"false","flipped":"True","index":"12","edgeClickLog":"[{\"edgeSelection\":\"5to7\",\"edgeRTMS\":9643}]","trial_id":"cong_2_flipped","congruency":"C","task":"experiment","subjectId":"tu8r2o9efyg8c2f","trial_type":"external-html","trial_index":18,"time_elapsed":551271,"internal_node_id":"0.0-9.0-0.10"},{"rt":7106,"url":"../static/nodeGraphs.html","edge":"2to4","edgeRT":"5478","skip":"false","flipped":"True","index":"11","edgeClickLog":"[{\"edgeSelection\":\"2to4\",\"edgeRTMS\":5478}]","trial_id":"cong_1_flipped","congruency":"C","task":"experiment","subjectId":"tu8r2o9efyg8c2f","trial_type":"external-html","trial_index":19,"time_elapsed":559072,"internal_node_id":"0.0-9.0-0.11"},{"rt":9924,"url":"../static/nodeGraphs.html","edge":"2to5","edgeRT":"4924","skip":"false","flipped":"True","index":"16","edgeClickLog":"[{\"edgeSelection\":\"2to5\",\"edgeRTMS\":4924}]","trial_id":"cong_6_flipped","congruency":"C","task":"experiment","subjectId":"tu8r2o9efyg8c2f","trial_type":"external-html","trial_index":20,"time_elapsed":569690,"internal_node_id":"0.0-9.0-0.12"},{"rt":6009,"url":"../static/nodeGraphs.html","edge":"0to3","edgeRT":"4361","skip":"false","flipped":"True","index":"15","edgeClickLog":"[{\"edgeSelection\":\"0to3\",\"edgeRTMS\":4361}]","trial_id":"cong_5_flipped","congruency":"C","task":"experiment","subjectId":"tu8r2o9efyg8c2f","trial_type":"external-html","trial_index":21,"time_elapsed":576390,"internal_node_id":"0.0-9.0-0.13"},{"rt":10438,"url":"../static/nodeGraphs.html","edge":"6to8","edgeRT":"6947","skip":"false","flipped":"True","index":"10","edgeClickLog":"[{\"edgeSelection\":\"3to6\",\"edgeRTMS\":2641},{\"edgeSelection\":\"6to8\",\"edgeRTMS\":6947}]","trial_id":"cong_0_flipped","congruency":"C","task":"experiment","subjectId":"tu8r2o9efyg8c2f","trial_type":"external-html","trial_index":22,"time_elapsed":587525,"internal_node_id":"0.0-9.0-0.14"},{"rt":5140,"url":"../static/nodeGraphs.html","edge":"2to4","edgeRT":"2725","skip":"false","flipped":"False","index":"4","edgeClickLog":"[{\"edgeSelection\":\"2to4\",\"edgeRTMS\":2725}]","trial_id":"cong_4","congruency":"C","task":"experiment","subjectId":"tu8r2o9efyg8c2f","trial_type":"external-html","trial_index":23,"time_elapsed":593359,"internal_node_id":"0.0-9.0-0.15"},{"rt":9878,"url":"../static/nodeGraphs.html","edge":"5to7","edgeRT":"5896","skip":"false","flipped":"True","index":"13","edgeClickLog":"[{\"edgeSelection\":\"5to7\",\"edgeRTMS\":5896}]","trial_id":"cong_3_flipped","congruency":"C","task":"experiment","subjectId":"tu8r2o9efyg8c2f","trial_type":"external-html","trial_index":24,"time_elapsed":603960,"internal_node_id":"0.0-9.0-0.16"},{"rt":10720,"url":"../static/nodeGraphs.html","edge":"5to9","edgeRT":"7980","skip":"false","flipped":"False","index":"2","edgeClickLog":"[{\"edgeSelection\":\"6to8\",\"edgeRTMS\":7124},{\"edgeSelection\":\"5to9\",\"edgeRTMS\":7980}]","trial_id":"cong_2","congruency":"C","task":"experiment","subjectId":"tu8r2o9efyg8c2f","trial_type":"external-html","trial_index":25,"time_elapsed":615377,"internal_node_id":"0.0-9.0-0.17"},{"rt":6571,"url":"../static/nodeGraphs.html","edge":"0to1","edgeRT":"3706","skip":"false","flipped":"False","index":"5","edgeClickLog":"[{\"edgeSelection\":\"0to1\",\"edgeRTMS\":3706}]","trial_id":"cong_5","congruency":"C","task":"experiment","subjectId":"tu8r2o9efyg8c2f","trial_type":"external-html","trial_index":26,"time_elapsed":622645,"internal_node_id":"0.0-9.0-0.18"},{"rt":5054,"url":"../static/nodeGraphs.html","edge":"2to6","edgeRT":"2175","skip":"false","flipped":"False","index":"1","edgeClickLog":"[{\"edgeSelection\":\"2to6\",\"edgeRTMS\":2175}]","trial_id":"cong_1","congruency":"C","task":"experiment","subjectId":"tu8r2o9efyg8c2f","trial_type":"external-html","trial_index":27,"time_elapsed":628396,"internal_node_id":"0.0-9.0-0.19"},{"rt":17175,"url":"../static/nodeGraphs.html","edge":"2to6","edgeRT":"10728","skip":"false","flipped":"False","index":"20","edgeClickLog":"[{\"edgeSelection\":\"2to6\",\"edgeRTMS\":10728}]","trial_id":"test_0","congruency":"I","task":"experiment","subjectId":"tu8r2o9efyg8c2f","trial_type":"external-html","trial_index":28,"time_elapsed":646264,"internal_node_id":"0.0-9.0-0.20"},{"rt":9251,"url":"../static/nodeGraphs.html","edge":"0to3","edgeRT":"4191","skip":"false","flipped":"False","index":"21","edgeClickLog":"[{\"edgeSelection\":\"0to3\",\"edgeRTMS\":4191}]","trial_id":"test_1","congruency":"I","task":"experiment","subjectId":"tu8r2o9efyg8c2f","trial_type":"external-html","trial_index":29,"time_elapsed":656225,"internal_node_id":"0.0-9.0-0.21"},{"rt":15605,"url":"../static/nodeGraphs.html","edge":"5to7","edgeRT":"6282","skip":"false","flipped":"False","index":"22","edgeClickLog":"[{\"edgeSelection\":\"5to7\",\"edgeRTMS\":6282}]","trial_id":"test_2","congruency":"I","task":"experiment","subjectId":"tu8r2o9efyg8c2f","trial_type":"external-html","trial_index":30,"time_elapsed":672536,"internal_node_id":"0.0-9.0-0.22"},{"rt":14243,"url":"../static/nodeGraphs.html","edge":"0to1","edgeRT":"6752","skip":"false","flipped":"False","index":"23","edgeClickLog":"[{\"edgeSelection\":\"1to5\",\"edgeRTMS\":2994},{\"edgeSelection\":\"0to1\",\"edgeRTMS\":6752}]","trial_id":"test_3","congruency":"I","task":"experiment","subjectId":"tu8r2o9efyg8c2f","trial_type":"external-html","trial_index":31,"time_elapsed":687473,"internal_node_id":"0.0-9.0-0.23"},{"rt":12641,"url":"../static/nodeGraphs.html","edge":"5to9","edgeRT":"10441","skip":"false","flipped":"False","index":"24","edgeClickLog":"[{\"edgeSelection\":\"5to9\",\"edgeRTMS\":10441}]","trial_id":"test_4","congruency":"I","task":"experiment","subjectId":"tu8r2o9efyg8c2f","trial_type":"external-html","trial_index":32,"time_elapsed":700809,"internal_node_id":"0.0-9.0-0.24"},{"rt":42102,"response":{"P0_Q0":null,"P0_Q1":5,"P0_Q2":5,"P0_Q3":3,"P0_Q4":6,"P0_Q5":2,"strategies":"to analyze the paths as fast as possible","feedback":"no"},"accuracy":[],"trial_type":"survey","trial_index":33,"time_elapsed":743510,"internal_node_id":"0.0-10.0"},{"rt":2811,"stimulus":"<p>Thanks for your time!</p>        <p>We need to manually calculate your bonus pay, please give us up to 7 days.</p><p>Press any key to conclude.</p>","response":" ","task":"end","subjectId":"tu8r2o9efyg8c2f","trial_type":"html-keyboard-response","trial_index":34,"time_elapsed":746328,"internal_node_id":"0.0-11.0","interactions":"[{\"event\":\"fullscreenenter\",\"trial\":1,\"time\":8595}]"}]