[{"success":true,"timeout":false,"failed_images":[],"failed_audio":[],"failed_video":[],"trial_type":"preload","trial_index":0,"time_elapsed":184,"internal_node_id":"0.0-0.0"},{"success":true,"trial_type":"fullscreen","trial_index":1,"time_elapsed":2851,"internal_node_id":"0.0-1.0"},{"rt":2253,"stimulus":"Welcome to the experiment. Press any key to begin.","response":" ","trial_type":"html-keyboard-response","trial_index":2,"time_elapsed":5105,"internal_node_id":"0.0-2.0"},{"view_history":[{"page_index":0,"viewing_time":5322},{"page_index":1,"viewing_time":4827},{"page_index":2,"viewing_time":36465},{"page_index":3,"viewing_time":5671},{"page_index":4,"viewing_time":4380},{"page_index":5,"viewing_time":3505},{"page_index":6,"viewing_time":5338},{"page_index":7,"viewing_time":17660},{"page_index":8,"viewing_time":1818},{"page_index":7,"viewing_time":1103},{"page_index":6,"viewing_time":476},{"page_index":5,"viewing_time":484},{"page_index":4,"viewing_time":528},{"page_index":3,"viewing_time":432},{"page_index":2,"viewing_time":7448},{"page_index":3,"viewing_time":425},{"page_index":4,"viewing_time":334},{"page_index":5,"viewing_time":317},{"page_index":6,"viewing_time":348},{"page_index":7,"viewing_time":1910},{"page_index":8,"viewing_time":27802},{"page_index":9,"viewing_time":14245},{"page_index":10,"viewing_time":1649},{"page_index":11,"viewing_time":1317},{"page_index":12,"viewing_time":671},{"page_index":13,"viewing_time":1707},{"page_index":14,"viewing_time":3182},{"page_index":15,"viewing_time":5025},{"page_index":16,"viewing_time":906},{"page_index":17,"viewing_time":851},{"page_index":18,"viewing_time":771},{"page_index":19,"viewing_time":12131},{"page_index":20,"viewing_time":7659},{"page_index":21,"viewing_time":5965}],"rt":182673,"trial_type":"instructions","trial_index":3,"time_elapsed":187780,"internal_node_id":"0.0-3.0"},{"rt":89739,"url":"../static/nodeGraphsTraining.html","skip":[],"edgeClickLog":[],"trial_type":"external-html","trial_index":4,"time_elapsed":277728,"internal_node_id":"0.0-4.0"},{"rt":173379,"response":{"q1":"The goal is to help the student to get the most points","q2":"False","q3":"Possible paths you, as the teacher, can choose to teach the learner.","q4":"Paths that the student took before."},"question_order":[0,1,2,3],"trial_type":"survey-multi-choice","trial_index":5,"time_elapsed":451108,"internal_node_id":"0.0-5.0"},{"rt":5854,"stimulus":"<p>You can take a 60 second break before starting the experiment.</p><br><br><p>This page will advance in 60 seconds or you can press any key to advance now.</p>","response":" ","trial_type":"html-keyboard-response","trial_index":6,"time_elapsed":456963,"internal_node_id":"0.0-7.0"},{"view_history":[{"page_index":0,"viewing_time":28318}],"rt":28318,"trial_type":"instructions","trial_index":7,"time_elapsed":485281,"internal_node_id":"0.0-8.0"},{"rt":23859,"url":"../static/nodeGraphs.html","edge":"6to9","edgeRT":"20801","skip":"false","flipped":"True","index":"10","edgeClickLog":"[{\"edgeSelection\":\"6to8\",\"edgeRTMS\":13313},{\"edgeSelection\":\"3to6\",\"edgeRTMS\":19550},{\"edgeSelection\":\"6to9\",\"edgeRTMS\":20801}]","trial_id":"incong_0_flipped","congruency":"I","task":"experiment","subjectId":"dvcbfpvf9149f2q","trial_type":"external-html","trial_index":8,"time_elapsed":509354,"internal_node_id":"0.0-9.0-0.0"},{"rt":4863,"url":"../static/nodeGraphs.html","edge":"4to8","edgeRT":"1806","skip":"false","flipped":"False","index":"6","edgeClickLog":"[{\"edgeSelection\":\"4to8\",\"edgeRTMS\":1806}]","trial_id":"incong_6","congruency":"I","task":"experiment","subjectId":"dvcbfpvf9149f2q","trial_type":"external-html","trial_index":9,"time_elapsed":514806,"internal_node_id":"0.0-9.0-0.1"},{"rt":9883,"url":"../static/nodeGraphs.html","edge":"5to8","edgeRT":"7457","skip":"false","flipped":"False","index":"9","edgeClickLog":"[{\"edgeSelection\":\"5to8\",\"edgeRTMS\":7457}]","trial_id":"incong_9","congruency":"I","task":"experiment","subjectId":"dvcbfpvf9149f2q","trial_type":"external-html","trial_index":10,"time_elapsed":525326,"internal_node_id":"0.0-9.0-0.2"},{"rt":7264,"url":"../static/nodeGraphs.html","edge":"6to8","edgeRT":"2781","skip":"false","flipped":"True","index":"12","edgeClickLog":"[{\"edgeSelection\":\"6to8\",\"edgeRTMS\":2781}]","trial_id":"incong_2_flipped","congruency":"I","task":"experiment","subjectId":"dvcbfpvf9149f2q","trial_type":"external-html","trial_index":11,"time_elapsed":533255,"internal_node_id":"0.0-9.0-0.3"},{"rt":20538,"url":"../static/nodeGraphs.html","edge":"6to9","edgeRT":"16983","skip":"false","flipped":"False","index":"1","edgeClickLog":"[{\"edgeSelection\":\"2to4\",\"edgeRTMS\":3214},{\"edgeSelection\":\"4to7\",\"edgeRTMS\":9321},{\"edgeSelection\":\"6to9\",\"edgeRTMS\":16983}]","trial_id":"incong_1","congruency":"I","task":"experiment","subjectId":"dvcbfpvf9149f2q","trial_type":"external-html","trial_index":12,"time_elapsed":554473,"internal_node_id":"0.0-9.0-0.4"},{"rt":9400,"url":"../static/nodeGraphs.html","edge":"4to7","edgeRT":"5790","skip":"false","flipped":"False","index":"0","edgeClickLog":"[{\"edgeSelection\":\"4to7\",\"edgeRTMS\":5790}]","trial_id":"incong_0","congruency":"I","task":"experiment","subjectId":"dvcbfpvf9149f2q","trial_type":"external-html","trial_index":13,"time_elapsed":564581,"internal_node_id":"0.0-9.0-0.5"},{"rt":14694,"url":"../static/nodeGraphs.html","edge":"3to6","edgeRT":"3087","skip":"false","flipped":"True","index":"18","edgeClickLog":"[{\"edgeSelection\":\"3to6\",\"edgeRTMS\":3087}]","trial_id":"incong_8_flipped","congruency":"I","task":"experiment","subjectId":"dvcbfpvf9149f2q","trial_type":"external-html","trial_index":14,"time_elapsed":579995,"internal_node_id":"0.0-9.0-0.6"},{"rt":11848,"url":"../static/nodeGraphs.html","edge":"5to8","edgeRT":"9860","skip":"false","flipped":"True","index":"19","edgeClickLog":"[{\"edgeSelection\":\"5to8\",\"edgeRTMS\":4726},{\"edgeSelection\":\"2to5\",\"edgeRTMS\":9156},{\"edgeSelection\":\"5to8\",\"edgeRTMS\":9860}]","trial_id":"incong_9_flipped","congruency":"I","task":"experiment","subjectId":"dvcbfpvf9149f2q","trial_type":"external-html","trial_index":15,"time_elapsed":592580,"internal_node_id":"0.0-9.0-0.7"},{"rt":23509,"url":"../static/nodeGraphs.html","edge":"5to7","edgeRT":"11177","skip":"false","flipped":"True","index":"14","edgeClickLog":"[{\"edgeSelection\":\"1to5\",\"edgeRTMS\":6258},{\"edgeSelection\":\"5to7\",\"edgeRTMS\":11177}]","trial_id":"incong_4_flipped","congruency":"I","task":"experiment","subjectId":"dvcbfpvf9149f2q","trial_type":"external-html","trial_index":16,"time_elapsed":616841,"internal_node_id":"0.0-9.0-0.8"},{"rt":8600,"url":"../static/nodeGraphs.html","edge":"2to6","edgeRT":"2388","skip":"false","flipped":"False","index":"3","edgeClickLog":"[{\"edgeSelection\":\"2to6\",\"edgeRTMS\":2388}]","trial_id":"incong_3","congruency":"I","task":"experiment","subjectId":"dvcbfpvf9149f2q","trial_type":"external-html","trial_index":17,"time_elapsed":626024,"internal_node_id":"0.0-9.0-0.9"},{"rt":12241,"url":"../static/nodeGraphs.html","edge":"6to8","edgeRT":"5849","skip":"false","flipped":"True","index":"15","edgeClickLog":"[{\"edgeSelection\":\"6to8\",\"edgeRTMS\":5849}]","trial_id":"incong_5_flipped","congruency":"I","task":"experiment","subjectId":"dvcbfpvf9149f2q","trial_type":"external-html","trial_index":18,"time_elapsed":638984,"internal_node_id":"0.0-9.0-0.10"},{"rt":13825,"url":"../static/nodeGraphs.html","edge":"2to4","edgeRT":"8792","skip":"false","flipped":"False","index":"5","edgeClickLog":"[{\"edgeSelection\":\"2to4\",\"edgeRTMS\":8792}]","trial_id":"incong_5","congruency":"I","task":"experiment","subjectId":"dvcbfpvf9149f2q","trial_type":"external-html","trial_index":19,"time_elapsed":653540,"internal_node_id":"0.0-9.0-0.11"},{"rt":6836,"url":"../static/nodeGraphs.html","edge":"2to4","edgeRT":"3302","skip":"false","flipped":"True","index":"13","edgeClickLog":"[{\"edgeSelection\":\"2to4\",\"edgeRTMS\":3302}]","trial_id":"incong_3_flipped","congruency":"I","task":"experiment","subjectId":"dvcbfpvf9149f2q","trial_type":"external-html","trial_index":20,"time_elapsed":661126,"internal_node_id":"0.0-9.0-0.12"},{"rt":27067,"url":"../static/nodeGraphs.html","edge":"5to9","edgeRT":"21943","skip":"false","flipped":"False","index":"4","edgeClickLog":"[{\"edgeSelection\":\"1to5\",\"edgeRTMS\":3003},{\"edgeSelection\":\"5to9\",\"edgeRTMS\":21943}]","trial_id":"incong_4","congruency":"I","task":"experiment","subjectId":"dvcbfpvf9149f2q","trial_type":"external-html","trial_index":21,"time_elapsed":688959,"internal_node_id":"0.0-9.0-0.13"},{"rt":24685,"url":"../static/nodeGraphs.html","edge":"2to4","edgeRT":"10498","skip":"false","flipped":"True","index":"17","edgeClickLog":"[{\"edgeSelection\":\"4to8\",\"edgeRTMS\":3810},{\"edgeSelection\":\"2to4\",\"edgeRTMS\":10498}]","trial_id":"incong_7_flipped","congruency":"I","task":"experiment","subjectId":"dvcbfpvf9149f2q","trial_type":"external-html","trial_index":22,"time_elapsed":714229,"internal_node_id":"0.0-9.0-0.14"},{"rt":25315,"url":"../static/nodeGraphs.html","edge":"2to6","edgeRT":"19520","skip":"false","flipped":"False","index":"7","edgeClickLog":"[{\"edgeSelection\":\"5to8\",\"edgeRTMS\":13453},{\"edgeSelection\":\"2to6\",\"edgeRTMS\":19520}]","trial_id":"incong_7","congruency":"I","task":"experiment","subjectId":"dvcbfpvf9149f2q","trial_type":"external-html","trial_index":23,"time_elapsed":740222,"internal_node_id":"0.0-9.0-0.15"},{"rt":9107,"url":"../static/nodeGraphs.html","edge":"6to8","edgeRT":"3442","skip":"false","flipped":"True","index":"16","edgeClickLog":"[{\"edgeSelection\":\"6to8\",\"edgeRTMS\":3442}]","trial_id":"incong_6_flipped","congruency":"I","task":"experiment","subjectId":"dvcbfpvf9149f2q","trial_type":"external-html","trial_index":24,"time_elapsed":750022,"internal_node_id":"0.0-9.0-0.16"},{"rt":20207,"url":"../static/nodeGraphs.html","edge":"6to9","edgeRT":"14463","skip":"false","flipped":"True","index":"11","edgeClickLog":"[{\"edgeSelection\":\"6to9\",\"edgeRTMS\":14463}]","trial_id":"incong_1_flipped","congruency":"I","task":"experiment","subjectId":"dvcbfpvf9149f2q","trial_type":"external-html","trial_index":25,"time_elapsed":770945,"internal_node_id":"0.0-9.0-0.17"},{"rt":25948,"url":"../static/nodeGraphs.html","edge":"1to4","edgeRT":"18322","skip":"false","flipped":"False","index":"8","edgeClickLog":"[{\"edgeSelection\":\"5to8\",\"edgeRTMS\":7069},{\"edgeSelection\":\"1to4\",\"edgeRTMS\":18322}]","trial_id":"incong_8","congruency":"I","task":"experiment","subjectId":"dvcbfpvf9149f2q","trial_type":"external-html","trial_index":26,"time_elapsed":797623,"internal_node_id":"0.0-9.0-0.18"},{"rt":8573,"url":"../static/nodeGraphs.html","edge":"4to8","edgeRT":"5541","skip":"false","flipped":"False","index":"2","edgeClickLog":"[{\"edgeSelection\":\"4to8\",\"edgeRTMS\":5541}]","trial_id":"incong_2","congruency":"I","task":"experiment","subjectId":"dvcbfpvf9149f2q","trial_type":"external-html","trial_index":27,"time_elapsed":806782,"internal_node_id":"0.0-9.0-0.19"},{"rt":30001,"url":"../static/nodeGraphs.html","edge":"4to8","edgeRT":"14316","skip":"true","flipped":"False","index":"20","edgeClickLog":"[{\"edgeSelection\":\"6to8\",\"edgeRTMS\":4495},{\"edgeSelection\":\"4to8\",\"edgeRTMS\":14316}]","trial_id":"test_0","congruency":"I","task":"experiment","subjectId":"dvcbfpvf9149f2q","trial_type":"external-html","trial_index":28,"time_elapsed":837368,"internal_node_id":"0.0-9.0-0.20"},{"rt":5798,"url":"../static/nodeGraphs.html","edge":"3to6","edgeRT":"3914","skip":"false","flipped":"False","index":"21","edgeClickLog":"[{\"edgeSelection\":\"3to6\",\"edgeRTMS\":3914}]","trial_id":"test_1","congruency":"I","task":"experiment","subjectId":"dvcbfpvf9149f2q","trial_type":"external-html","trial_index":29,"time_elapsed":843855,"internal_node_id":"0.0-9.0-0.21"},{"rt":7218,"url":"../static/nodeGraphs.html","edge":"3to6","edgeRT":"4143","skip":"false","flipped":"False","index":"22","edgeClickLog":"[{\"edgeSelection\":\"3to6\",\"edgeRTMS\":4143}]","trial_id":"test_2","congruency":"I","task":"experiment","subjectId":"dvcbfpvf9149f2q","trial_type":"external-html","trial_index":30,"time_elapsed":851780,"internal_node_id":"0.0-9.0-0.22"},{"rt":12281,"url":"../static/nodeGraphs.html","edge":"1to5","edgeRT":"1805","skip":"false","flipped":"False","index":"23","edgeClickLog":"[{\"edgeSelection\":\"1to5\",\"edgeRTMS\":1805}]","trial_id":"test_3","congruency":"I","task":"experiment","subjectId":"dvcbfpvf9149f2q","trial_type":"external-html","trial_index":31,"time_elapsed":864785,"internal_node_id":"0.0-9.0-0.23"},{"rt":14158,"url":"../static/nodeGraphs.html","edge":"6to9","edgeRT":"6529","skip":"false","flipped":"False","index":"24","edgeClickLog":"[{\"edgeSelection\":\"6to9\",\"edgeRTMS\":6529}]","trial_id":"test_4","congruency":"I","task":"experiment","subjectId":"dvcbfpvf9149f2q","trial_type":"external-html","trial_index":32,"time_elapsed":879770,"internal_node_id":"0.0-9.0-0.24"},{"rt":81721,"response":{"P0_Q0":null,"P0_Q1":3,"P0_Q2":6,"P0_Q3":5,"P0_Q4":3,"P0_Q5":2,"strategies":"I just chose what path I thought would accumulate the maximum amount of points, even if the student didn't take the exact path I had in mind.","feedback":"None. Thank you."},"accuracy":[],"trial_type":"survey","trial_index":33,"time_elapsed":962028,"internal_node_id":"0.0-10.0"},{"rt":5864,"stimulus":"<p>Thanks for your time!</p>        <p>We need to manually calculate your bonus pay, please give us up to 7 days.</p><p>Press any key to conclude.</p>","response":" ","task":"end","subjectId":"dvcbfpvf9149f2q","trial_type":"html-keyboard-response","trial_index":34,"time_elapsed":967893,"internal_node_id":"0.0-11.0","interactions":"[{\"event\":\"fullscreenenter\",\"trial\":1,\"time\":1860},{\"event\":\"blur\",\"trial\":4,\"time\":206231},{\"event\":\"focus\",\"trial\":4,\"time\":206232},{\"event\":\"fullscreenexit\",\"trial\":4,\"time\":206235}]"}]