[{"success":true,"timeout":false,"failed_images":[],"failed_audio":[],"failed_video":[],"trial_type":"preload","trial_index":0,"time_elapsed":1388,"internal_node_id":"0.0-0.0"},{"success":true,"trial_type":"fullscreen","trial_index":1,"time_elapsed":4949,"internal_node_id":"0.0-1.0"},{"rt":1481,"stimulus":"Welcome to the experiment. Press any key to begin.","response":" ","trial_type":"html-keyboard-response","trial_index":2,"time_elapsed":6432,"internal_node_id":"0.0-2.0"},{"view_history":[{"page_index":0,"viewing_time":4272},{"page_index":1,"viewing_time":4720},{"page_index":2,"viewing_time":18294},{"page_index":3,"viewing_time":7079},{"page_index":4,"viewing_time":1745},{"page_index":5,"viewing_time":1655},{"page_index":6,"viewing_time":4326},{"page_index":7,"viewing_time":13025},{"page_index":8,"viewing_time":19591},{"page_index":9,"viewing_time":11153},{"page_index":10,"viewing_time":1965},{"page_index":11,"viewing_time":3330},{"page_index":12,"viewing_time":3379},{"page_index":13,"viewing_time":2022},{"page_index":14,"viewing_time":4445},{"page_index":15,"viewing_time":5163},{"page_index":16,"viewing_time":1653},{"page_index":17,"viewing_time":747},{"page_index":18,"viewing_time":2125},{"page_index":19,"viewing_time":4107},{"page_index":20,"viewing_time":5700},{"page_index":21,"viewing_time":5265}],"rt":125762,"trial_type":"instructions","trial_index":3,"time_elapsed":132192,"internal_node_id":"0.0-3.0"},{"rt":124579,"url":"../static/nodeGraphsTraining.html","skip":[],"edgeClickLog":[],"trial_type":"external-html","trial_index":4,"time_elapsed":256951,"internal_node_id":"0.0-4.0"},{"rt":144064,"response":{"q1":"The goal is to help the student to get the most points","q2":"False","q3":"Possible paths you, as the teacher, can choose to teach the learner.","q4":"Possible paths you, as the teacher, can choose to teach the learner."},"question_order":[0,1,2,3],"trial_type":"survey-multi-choice","trial_index":5,"time_elapsed":401014,"internal_node_id":"0.0-5.0"},{"rt":97477,"response":{"q1":"The goal is to help the student to get the most points","q2":"False","q3":"Possible paths you, as the teacher, can choose to teach the learner.","q4":"Paths that the student took before."},"question_order":[0,1,2,3],"trial_type":"survey-multi-choice","trial_index":6,"time_elapsed":498492,"internal_node_id":"0.0-6.0-0.0"},{"rt":17660,"stimulus":"<p>You can take a 60 second break before starting the experiment.</p><br><br><p>This page will advance in 60 seconds or you can press any key to advance now.</p>","response":" ","trial_type":"html-keyboard-response","trial_index":7,"time_elapsed":516154,"internal_node_id":"0.0-7.0"},{"view_history":[{"page_index":0,"viewing_time":18265}],"rt":18265,"trial_type":"instructions","trial_index":8,"time_elapsed":534419,"internal_node_id":"0.0-8.0"},{"rt":12876,"url":"../static/nodeGraphs.html","edge":"6to8","edgeRT":"11652","skip":"false","flipped":"True","index":"12","edgeClickLog":"[{\"edgeSelection\":\"0to2\",\"edgeRTMS\":8239},{\"edgeSelection\":\"2to6\",\"edgeRTMS\":10356},{\"edgeSelection\":\"6to8\",\"edgeRTMS\":11652}]","trial_id":"incong_2_flipped","congruency":"I","task":"experiment","subjectId":"nznco79auopxg54","trial_type":"external-html","trial_index":9,"time_elapsed":547769,"internal_node_id":"0.0-9.0-0.0"},{"rt":10304,"url":"../static/nodeGraphs.html","edge":"4to8","edgeRT":"7710","skip":"false","flipped":"False","index":"6","edgeClickLog":"[{\"edgeSelection\":\"0to1\",\"edgeRTMS\":4887},{\"edgeSelection\":\"1to4\",\"edgeRTMS\":6364},{\"edgeSelection\":\"4to8\",\"edgeRTMS\":7710}]","trial_id":"incong_6","congruency":"I","task":"experiment","subjectId":"nznco79auopxg54","trial_type":"external-html","trial_index":10,"time_elapsed":558772,"internal_node_id":"0.0-9.0-0.1"},{"rt":10107,"url":"../static/nodeGraphs.html","edge":"2to4","edgeRT":"7487","skip":"false","flipped":"True","index":"13","edgeClickLog":"[{\"edgeSelection\":\"0to2\",\"edgeRTMS\":6089},{\"edgeSelection\":\"2to4\",\"edgeRTMS\":7487}]","trial_id":"incong_3_flipped","congruency":"I","task":"experiment","subjectId":"nznco79auopxg54","trial_type":"external-html","trial_index":11,"time_elapsed":569580,"internal_node_id":"0.0-9.0-0.2"},{"rt":8758,"url":"../static/nodeGraphs.html","edge":"2to4","edgeRT":"7337","skip":"false","flipped":"True","index":"11","edgeClickLog":"[{\"edgeSelection\":\"2to4\",\"edgeRTMS\":7337}]","trial_id":"incong_1_flipped","congruency":"I","task":"experiment","subjectId":"nznco79auopxg54","trial_type":"external-html","trial_index":12,"time_elapsed":579063,"internal_node_id":"0.0-9.0-0.3"},{"rt":12596,"url":"../static/nodeGraphs.html","edge":"4to8","edgeRT":"11057","skip":"false","flipped":"False","index":"2","edgeClickLog":"[{\"edgeSelection\":\"4to8\",\"edgeRTMS\":6398},{\"edgeSelection\":\"2to4\",\"edgeRTMS\":9969},{\"edgeSelection\":\"4to8\",\"edgeRTMS\":11057}]","trial_id":"incong_2","congruency":"I","task":"experiment","subjectId":"nznco79auopxg54","trial_type":"external-html","trial_index":13,"time_elapsed":592346,"internal_node_id":"0.0-9.0-0.4"},{"rt":6381,"url":"../static/nodeGraphs.html","edge":"2to6","edgeRT":"3855","skip":"false","flipped":"False","index":"3","edgeClickLog":"[{\"edgeSelection\":\"2to6\",\"edgeRTMS\":3855}]","trial_id":"incong_3","congruency":"I","task":"experiment","subjectId":"nznco79auopxg54","trial_type":"external-html","trial_index":14,"time_elapsed":599433,"internal_node_id":"0.0-9.0-0.5"},{"rt":10334,"url":"../static/nodeGraphs.html","edge":"1to5","edgeRT":"7996","skip":"false","flipped":"True","index":"14","edgeClickLog":"[{\"edgeSelection\":\"1to5\",\"edgeRTMS\":7996}]","trial_id":"incong_4_flipped","congruency":"I","task":"experiment","subjectId":"nznco79auopxg54","trial_type":"external-html","trial_index":15,"time_elapsed":610470,"internal_node_id":"0.0-9.0-0.6"},{"rt":7483,"url":"../static/nodeGraphs.html","edge":"4to8","edgeRT":"5675","skip":"false","flipped":"False","index":"0","edgeClickLog":"[{\"edgeSelection\":\"4to8\",\"edgeRTMS\":5675}]","trial_id":"incong_0","congruency":"I","task":"experiment","subjectId":"nznco79auopxg54","trial_type":"external-html","trial_index":16,"time_elapsed":618648,"internal_node_id":"0.0-9.0-0.7"},{"rt":9564,"url":"../static/nodeGraphs.html","edge":"3to5","edgeRT":"6855","skip":"false","flipped":"False","index":"4","edgeClickLog":"[{\"edgeSelection\":\"3to5\",\"edgeRTMS\":6855}]","trial_id":"incong_4","congruency":"I","task":"experiment","subjectId":"nznco79auopxg54","trial_type":"external-html","trial_index":17,"time_elapsed":628912,"internal_node_id":"0.0-9.0-0.8"},{"rt":7205,"url":"../static/nodeGraphs.html","edge":"2to5","edgeRT":"5730","skip":"false","flipped":"False","index":"8","edgeClickLog":"[{\"edgeSelection\":\"2to5\",\"edgeRTMS\":5730}]","trial_id":"incong_8","congruency":"I","task":"experiment","subjectId":"nznco79auopxg54","trial_type":"external-html","trial_index":18,"time_elapsed":636812,"internal_node_id":"0.0-9.0-0.9"},{"rt":5035,"url":"../static/nodeGraphs.html","edge":"6to8","edgeRT":"3549","skip":"false","flipped":"True","index":"10","edgeClickLog":"[{\"edgeSelection\":\"6to8\",\"edgeRTMS\":3549}]","trial_id":"incong_0_flipped","congruency":"I","task":"experiment","subjectId":"nznco79auopxg54","trial_type":"external-html","trial_index":19,"time_elapsed":642640,"internal_node_id":"0.0-9.0-0.10"},{"rt":6059,"url":"../static/nodeGraphs.html","edge":"3to6","edgeRT":"4505","skip":"false","flipped":"True","index":"18","edgeClickLog":"[{\"edgeSelection\":\"3to6\",\"edgeRTMS\":4505}]","trial_id":"incong_8_flipped","congruency":"I","task":"experiment","subjectId":"nznco79auopxg54","trial_type":"external-html","trial_index":20,"time_elapsed":649390,"internal_node_id":"0.0-9.0-0.11"},{"rt":12361,"url":"../static/nodeGraphs.html","edge":"2to6","edgeRT":"8661","skip":"false","flipped":"False","index":"1","edgeClickLog":"[{\"edgeSelection\":\"2to6\",\"edgeRTMS\":8661}]","trial_id":"incong_1","congruency":"I","task":"experiment","subjectId":"nznco79auopxg54","trial_type":"external-html","trial_index":21,"time_elapsed":662449,"internal_node_id":"0.0-9.0-0.12"},{"rt":11451,"url":"../static/nodeGraphs.html","edge":"4to8","edgeRT":"8296","skip":"false","flipped":"True","index":"17","edgeClickLog":"[{\"edgeSelection\":\"4to8\",\"edgeRTMS\":8296}]","trial_id":"incong_7_flipped","congruency":"I","task":"experiment","subjectId":"nznco79auopxg54","trial_type":"external-html","trial_index":22,"time_elapsed":674639,"internal_node_id":"0.0-9.0-0.13"},{"rt":6913,"url":"../static/nodeGraphs.html","edge":"0to3","edgeRT":"5356","skip":"false","flipped":"True","index":"16","edgeClickLog":"[{\"edgeSelection\":\"0to3\",\"edgeRTMS\":5356}]","trial_id":"incong_6_flipped","congruency":"I","task":"experiment","subjectId":"nznco79auopxg54","trial_type":"external-html","trial_index":23,"time_elapsed":682282,"internal_node_id":"0.0-9.0-0.14"},{"rt":5054,"url":"../static/nodeGraphs.html","edge":"0to2","edgeRT":"3397","skip":"false","flipped":"False","index":"7","edgeClickLog":"[{\"edgeSelection\":\"0to2\",\"edgeRTMS\":3397}]","trial_id":"incong_7","congruency":"I","task":"experiment","subjectId":"nznco79auopxg54","trial_type":"external-html","trial_index":24,"time_elapsed":688033,"internal_node_id":"0.0-9.0-0.15"},{"rt":8000,"url":"../static/nodeGraphs.html","edge":"5to8","edgeRT":"5885","skip":"false","flipped":"True","index":"19","edgeClickLog":"[{\"edgeSelection\":\"5to8\",\"edgeRTMS\":5885}]","trial_id":"incong_9_flipped","congruency":"I","task":"experiment","subjectId":"nznco79auopxg54","trial_type":"external-html","trial_index":25,"time_elapsed":696741,"internal_node_id":"0.0-9.0-0.16"},{"rt":5133,"url":"../static/nodeGraphs.html","edge":"2to6","edgeRT":"3821","skip":"false","flipped":"True","index":"15","edgeClickLog":"[{\"edgeSelection\":\"2to6\",\"edgeRTMS\":3821}]","trial_id":"incong_5_flipped","congruency":"I","task":"experiment","subjectId":"nznco79auopxg54","trial_type":"external-html","trial_index":26,"time_elapsed":702574,"internal_node_id":"0.0-9.0-0.17"},{"rt":8418,"url":"../static/nodeGraphs.html","edge":"5to8","edgeRT":"6879","skip":"false","flipped":"False","index":"9","edgeClickLog":"[{\"edgeSelection\":\"5to8\",\"edgeRTMS\":6879}]","trial_id":"incong_9","congruency":"I","task":"experiment","subjectId":"nznco79auopxg54","trial_type":"external-html","trial_index":27,"time_elapsed":711894,"internal_node_id":"0.0-9.0-0.18"},{"rt":6104,"url":"../static/nodeGraphs.html","edge":"2to4","edgeRT":"4535","skip":"false","flipped":"False","index":"5","edgeClickLog":"[{\"edgeSelection\":\"2to4\",\"edgeRTMS\":4535}]","trial_id":"incong_5","congruency":"I","task":"experiment","subjectId":"nznco79auopxg54","trial_type":"external-html","trial_index":28,"time_elapsed":718698,"internal_node_id":"0.0-9.0-0.19"},{"rt":9348,"url":"../static/nodeGraphs.html","edge":"6to8","edgeRT":"7778","skip":"false","flipped":"False","index":"20","edgeClickLog":"[{\"edgeSelection\":\"6to8\",\"edgeRTMS\":7778}]","trial_id":"test_0","congruency":"I","task":"experiment","subjectId":"nznco79auopxg54","trial_type":"external-html","trial_index":29,"time_elapsed":728782,"internal_node_id":"0.0-9.0-0.20"},{"rt":9999,"url":"../static/nodeGraphs.html","edge":"3to6","edgeRT":"8195","skip":"false","flipped":"False","index":"21","edgeClickLog":"[{\"edgeSelection\":\"3to6\",\"edgeRTMS\":8195}]","trial_id":"test_1","congruency":"I","task":"experiment","subjectId":"nznco79auopxg54","trial_type":"external-html","trial_index":30,"time_elapsed":739481,"internal_node_id":"0.0-9.0-0.21"},{"rt":6807,"url":"../static/nodeGraphs.html","edge":"3to6","edgeRT":"4708","skip":"false","flipped":"False","index":"22","edgeClickLog":"[{\"edgeSelection\":\"3to6\",\"edgeRTMS\":4708}]","trial_id":"test_2","congruency":"I","task":"experiment","subjectId":"nznco79auopxg54","trial_type":"external-html","trial_index":31,"time_elapsed":746991,"internal_node_id":"0.0-9.0-0.22"},{"rt":4488,"url":"../static/nodeGraphs.html","edge":"1to5","edgeRT":"2915","skip":"false","flipped":"False","index":"23","edgeClickLog":"[{\"edgeSelection\":\"1to5\",\"edgeRTMS\":2915}]","trial_id":"test_3","congruency":"I","task":"experiment","subjectId":"nznco79auopxg54","trial_type":"external-html","trial_index":32,"time_elapsed":752171,"internal_node_id":"0.0-9.0-0.23"},{"rt":4833,"url":"../static/nodeGraphs.html","edge":"6to9","edgeRT":"3188","skip":"false","flipped":"False","index":"24","edgeClickLog":"[{\"edgeSelection\":\"6to9\",\"edgeRTMS\":3188}]","trial_id":"test_4","congruency":"I","task":"experiment","subjectId":"nznco79auopxg54","trial_type":"external-html","trial_index":33,"time_elapsed":757700,"internal_node_id":"0.0-9.0-0.24"},{"rt":72308,"response":{"P0_Q0":null,"P0_Q1":5,"P0_Q2":4,"P0_Q3":6,"P0_Q4":5,"P0_Q5":3,"strategies":"Connect the highest numbers","feedback":""},"accuracy":[],"trial_type":"survey","trial_index":34,"time_elapsed":830603,"internal_node_id":"0.0-10.0"},{"rt":5479,"stimulus":"<p>Thanks for your time!</p>        <p>We need to manually calculate your bonus pay, please give us up to 7 days.</p><p>Press any key to conclude.</p>","response":" ","task":"end","subjectId":"nznco79auopxg54","trial_type":"html-keyboard-response","trial_index":35,"time_elapsed":836084,"internal_node_id":"0.0-11.0","interactions":"[{\"event\":\"fullscreenenter\",\"trial\":1,\"time\":3973},{\"event\":\"blur\",\"trial\":4,\"time\":147443},{\"event\":\"fullscreenexit\",\"trial\":4,\"time\":147450},{\"event\":\"focus\",\"trial\":4,\"time\":147617},{\"event\":\"blur\",\"trial\":5,\"time\":285796},{\"event\":\"focus\",\"trial\":5,\"time\":290384},{\"event\":\"blur\",\"trial\":5,\"time\":325780},{\"event\":\"focus\",\"trial\":5,\"time\":368801},{\"event\":\"blur\",\"trial\":5,\"time\":373999},{\"event\":\"focus\",\"trial\":5,\"time\":381632},{\"event\":\"blur\",\"trial\":6,\"time\":418783},{\"event\":\"focus\",\"trial\":6,\"time\":452374},{\"event\":\"blur\",\"trial\":6,\"time\":462008},{\"event\":\"focus\",\"trial\":6,\"time\":472260},{\"event\":\"blur\",\"trial\":7,\"time\":509823},{\"event\":\"focus\",\"trial\":7,\"time\":512233},{\"event\":\"blur\",\"trial\":9,\"time\":541859},{\"event\":\"focus\",\"trial\":9,\"time\":542023}]"}]