[{"success":true,"timeout":false,"failed_images":[],"failed_audio":[],"failed_video":[],"trial_type":"preload","trial_index":0,"time_elapsed":716,"internal_node_id":"0.0-0.0"},{"success":true,"trial_type":"fullscreen","trial_index":1,"time_elapsed":3077,"internal_node_id":"0.0-1.0"},{"rt":2360,"stimulus":"Welcome to the experiment. Press any key to begin.","response":" ","trial_type":"html-keyboard-response","trial_index":2,"time_elapsed":5440,"internal_node_id":"0.0-2.0"},{"view_history":[{"page_index":0,"viewing_time":3946},{"page_index":1,"viewing_time":8969},{"page_index":2,"viewing_time":63665},{"page_index":3,"viewing_time":5776},{"page_index":4,"viewing_time":1671},{"page_index":5,"viewing_time":1252},{"page_index":6,"viewing_time":4115},{"page_index":7,"viewing_time":7739},{"page_index":8,"viewing_time":18317},{"page_index":9,"viewing_time":8417},{"page_index":10,"viewing_time":1881},{"page_index":11,"viewing_time":477},{"page_index":12,"viewing_time":416},{"page_index":13,"viewing_time":1094},{"page_index":14,"viewing_time":1807},{"page_index":15,"viewing_time":6420},{"page_index":16,"viewing_time":1015},{"page_index":17,"viewing_time":907},{"page_index":18,"viewing_time":722},{"page_index":19,"viewing_time":2359},{"page_index":20,"viewing_time":18449},{"page_index":21,"viewing_time":1572}],"rt":160988,"trial_type":"instructions","trial_index":3,"time_elapsed":166428,"internal_node_id":"0.0-3.0"},{"rt":58689,"url":"../static/nodeGraphsTraining.html","skip":[],"edgeClickLog":[],"trial_type":"external-html","trial_index":4,"time_elapsed":225433,"internal_node_id":"0.0-4.0"},{"rt":21745,"response":{"q1":"The goal is to help the student to get the most points","q2":"False","q3":"Possible paths you, as the teacher, can choose to teach the learner.","q4":"Paths that the student took before."},"question_order":[0,1,2,3],"trial_type":"survey-multi-choice","trial_index":5,"time_elapsed":247183,"internal_node_id":"0.0-5.0"},{"rt":24270,"stimulus":"<p>You can take a 60 second break before starting the experiment.</p><br><br><p>This page will advance in 60 seconds or you can press any key to advance now.</p>","response":" ","trial_type":"html-keyboard-response","trial_index":6,"time_elapsed":271456,"internal_node_id":"0.0-7.0"},{"view_history":[{"page_index":0,"viewing_time":13276}],"rt":13277,"trial_type":"instructions","trial_index":7,"time_elapsed":284734,"internal_node_id":"0.0-8.0"},{"rt":6108,"url":"../static/nodeGraphs.html","edge":"4to8","edgeRT":"4914","skip":"false","flipped":"False","index":"2","edgeClickLog":"[{\"edgeSelection\":\"4to8\",\"edgeRTMS\":4914}]","trial_id":"incong_2","congruency":"I","task":"experiment","subjectId":"bkgogqmtj4f52ho","trial_type":"external-html","trial_index":8,"time_elapsed":290941,"internal_node_id":"0.0-9.0-0.0"},{"rt":9210,"url":"../static/nodeGraphs.html","edge":"6to9","edgeRT":"7259","skip":"false","flipped":"True","index":"18","edgeClickLog":"[{\"edgeSelection\":\"6to9\",\"edgeRTMS\":7259}]","trial_id":"incong_8_flipped","congruency":"I","task":"experiment","subjectId":"bkgogqmtj4f52ho","trial_type":"external-html","trial_index":9,"time_elapsed":300748,"internal_node_id":"0.0-9.0-0.1"},{"rt":15507,"url":"../static/nodeGraphs.html","edge":"4to8","edgeRT":"7942","skip":"false","flipped":"False","index":"5","edgeClickLog":"[{\"edgeSelection\":\"4to7\",\"edgeRTMS\":2743},{\"edgeSelection\":\"4to7\",\"edgeRTMS\":4421},{\"edgeSelection\":\"4to7\",\"edgeRTMS\":5206},{\"edgeSelection\":\"4to8\",\"edgeRTMS\":7942}]","trial_id":"incong_5","congruency":"I","task":"experiment","subjectId":"bkgogqmtj4f52ho","trial_type":"external-html","trial_index":10,"time_elapsed":316870,"internal_node_id":"0.0-9.0-0.2"},{"rt":4459,"url":"../static/nodeGraphs.html","edge":"4to8","edgeRT":"2949","skip":"false","flipped":"False","index":"1","edgeClickLog":"[{\"edgeSelection\":\"4to8\",\"edgeRTMS\":2949}]","trial_id":"incong_1","congruency":"I","task":"experiment","subjectId":"bkgogqmtj4f52ho","trial_type":"external-html","trial_index":11,"time_elapsed":321933,"internal_node_id":"0.0-9.0-0.3"},{"rt":8175,"url":"../static/nodeGraphs.html","edge":"2to4","edgeRT":"5428","skip":"false","flipped":"False","index":"0","edgeClickLog":"[{\"edgeSelection\":\"2to4\",\"edgeRTMS\":5428}]","trial_id":"incong_0","congruency":"I","task":"experiment","subjectId":"bkgogqmtj4f52ho","trial_type":"external-html","trial_index":12,"time_elapsed":330716,"internal_node_id":"0.0-9.0-0.4"},{"rt":3466,"url":"../static/nodeGraphs.html","edge":"6to8","edgeRT":"2058","skip":"false","flipped":"True","index":"12","edgeClickLog":"[{\"edgeSelection\":\"6to8\",\"edgeRTMS\":2058}]","trial_id":"incong_2_flipped","congruency":"I","task":"experiment","subjectId":"bkgogqmtj4f52ho","trial_type":"external-html","trial_index":13,"time_elapsed":334791,"internal_node_id":"0.0-9.0-0.5"},{"rt":6620,"url":"../static/nodeGraphs.html","edge":"1to5","edgeRT":"4848","skip":"false","flipped":"True","index":"14","edgeClickLog":"[{\"edgeSelection\":\"1to5\",\"edgeRTMS\":4848}]","trial_id":"incong_4_flipped","congruency":"I","task":"experiment","subjectId":"bkgogqmtj4f52ho","trial_type":"external-html","trial_index":14,"time_elapsed":342040,"internal_node_id":"0.0-9.0-0.6"},{"rt":7375,"url":"../static/nodeGraphs.html","edge":"5to8","edgeRT":"6336","skip":"false","flipped":"True","index":"19","edgeClickLog":"[{\"edgeSelection\":\"5to8\",\"edgeRTMS\":5323},{\"edgeSelection\":\"5to8\",\"edgeRTMS\":6336}]","trial_id":"incong_9_flipped","congruency":"I","task":"experiment","subjectId":"bkgogqmtj4f52ho","trial_type":"external-html","trial_index":15,"time_elapsed":350016,"internal_node_id":"0.0-9.0-0.7"},{"rt":8266,"url":"../static/nodeGraphs.html","edge":"6to8","edgeRT":"7149","skip":"false","flipped":"False","index":"3","edgeClickLog":"[{\"edgeSelection\":\"6to8\",\"edgeRTMS\":7149}]","trial_id":"incong_3","congruency":"I","task":"experiment","subjectId":"bkgogqmtj4f52ho","trial_type":"external-html","trial_index":16,"time_elapsed":358877,"internal_node_id":"0.0-9.0-0.8"},{"rt":8987,"url":"../static/nodeGraphs.html","edge":"3to6","edgeRT":"7617","skip":"false","flipped":"True","index":"11","edgeClickLog":"[{\"edgeSelection\":\"6to8\",\"edgeRTMS\":5368},{\"edgeSelection\":\"3to6\",\"edgeRTMS\":7617}]","trial_id":"incong_1_flipped","congruency":"I","task":"experiment","subjectId":"bkgogqmtj4f52ho","trial_type":"external-html","trial_index":17,"time_elapsed":368484,"internal_node_id":"0.0-9.0-0.9"},{"rt":4806,"url":"../static/nodeGraphs.html","edge":"2to4","edgeRT":"1922","skip":"false","flipped":"False","index":"8","edgeClickLog":"[{\"edgeSelection\":\"2to4\",\"edgeRTMS\":1922}]","trial_id":"incong_8","congruency":"I","task":"experiment","subjectId":"bkgogqmtj4f52ho","trial_type":"external-html","trial_index":18,"time_elapsed":373884,"internal_node_id":"0.0-9.0-0.10"},{"rt":2330,"url":"../static/nodeGraphs.html","edge":"4to8","edgeRT":"1528","skip":"false","flipped":"False","index":"6","edgeClickLog":"[{\"edgeSelection\":\"4to8\",\"edgeRTMS\":1528}]","trial_id":"incong_6","congruency":"I","task":"experiment","subjectId":"bkgogqmtj4f52ho","trial_type":"external-html","trial_index":19,"time_elapsed":376811,"internal_node_id":"0.0-9.0-0.11"},{"rt":3953,"url":"../static/nodeGraphs.html","edge":"2to4","edgeRT":"2778","skip":"false","flipped":"True","index":"13","edgeClickLog":"[{\"edgeSelection\":\"2to4\",\"edgeRTMS\":2778}]","trial_id":"incong_3_flipped","congruency":"I","task":"experiment","subjectId":"bkgogqmtj4f52ho","trial_type":"external-html","trial_index":20,"time_elapsed":381368,"internal_node_id":"0.0-9.0-0.12"},{"rt":5311,"url":"../static/nodeGraphs.html","edge":"6to8","edgeRT":"4452","skip":"false","flipped":"True","index":"15","edgeClickLog":"[{\"edgeSelection\":\"6to8\",\"edgeRTMS\":4452}]","trial_id":"incong_5_flipped","congruency":"I","task":"experiment","subjectId":"bkgogqmtj4f52ho","trial_type":"external-html","trial_index":21,"time_elapsed":387285,"internal_node_id":"0.0-9.0-0.13"},{"rt":2120,"url":"../static/nodeGraphs.html","edge":"6to8","edgeRT":"1238","skip":"false","flipped":"True","index":"16","edgeClickLog":"[{\"edgeSelection\":\"6to8\",\"edgeRTMS\":1238}]","trial_id":"incong_6_flipped","congruency":"I","task":"experiment","subjectId":"bkgogqmtj4f52ho","trial_type":"external-html","trial_index":22,"time_elapsed":390001,"internal_node_id":"0.0-9.0-0.14"},{"rt":2150,"url":"../static/nodeGraphs.html","edge":"6to8","edgeRT":"1084","skip":"false","flipped":"False","index":"7","edgeClickLog":"[{\"edgeSelection\":\"6to8\",\"edgeRTMS\":1084}]","trial_id":"incong_7","congruency":"I","task":"experiment","subjectId":"bkgogqmtj4f52ho","trial_type":"external-html","trial_index":23,"time_elapsed":392755,"internal_node_id":"0.0-9.0-0.15"},{"rt":2666,"url":"../static/nodeGraphs.html","edge":"4to8","edgeRT":"1593","skip":"false","flipped":"True","index":"17","edgeClickLog":"[{\"edgeSelection\":\"4to8\",\"edgeRTMS\":1593}]","trial_id":"incong_7_flipped","congruency":"I","task":"experiment","subjectId":"bkgogqmtj4f52ho","trial_type":"external-html","trial_index":24,"time_elapsed":396041,"internal_node_id":"0.0-9.0-0.16"},{"rt":6876,"url":"../static/nodeGraphs.html","edge":"3to5","edgeRT":"5617","skip":"false","flipped":"False","index":"4","edgeClickLog":"[{\"edgeSelection\":\"3to5\",\"edgeRTMS\":4061},{\"edgeSelection\":\"3to5\",\"edgeRTMS\":5617}]","trial_id":"incong_4","congruency":"I","task":"experiment","subjectId":"bkgogqmtj4f52ho","trial_type":"external-html","trial_index":25,"time_elapsed":403509,"internal_node_id":"0.0-9.0-0.17"},{"rt":4850,"url":"../static/nodeGraphs.html","edge":"6to8","edgeRT":"2901","skip":"false","flipped":"True","index":"10","edgeClickLog":"[{\"edgeSelection\":\"6to8\",\"edgeRTMS\":1800},{\"edgeSelection\":\"6to8\",\"edgeRTMS\":2901}]","trial_id":"incong_0_flipped","congruency":"I","task":"experiment","subjectId":"bkgogqmtj4f52ho","trial_type":"external-html","trial_index":26,"time_elapsed":408969,"internal_node_id":"0.0-9.0-0.18"},{"rt":3733,"url":"../static/nodeGraphs.html","edge":"5to8","edgeRT":"1904","skip":"false","flipped":"False","index":"9","edgeClickLog":"[{\"edgeSelection\":\"5to8\",\"edgeRTMS\":1904}]","trial_id":"incong_9","congruency":"I","task":"experiment","subjectId":"bkgogqmtj4f52ho","trial_type":"external-html","trial_index":27,"time_elapsed":413294,"internal_node_id":"0.0-9.0-0.19"},{"rt":2260,"url":"../static/nodeGraphs.html","edge":"6to8","edgeRT":"1397","skip":"false","flipped":"False","index":"20","edgeClickLog":"[{\"edgeSelection\":\"6to8\",\"edgeRTMS\":1397}]","trial_id":"test_0","congruency":"I","task":"experiment","subjectId":"bkgogqmtj4f52ho","trial_type":"external-html","trial_index":28,"time_elapsed":416167,"internal_node_id":"0.0-9.0-0.20"},{"rt":3795,"url":"../static/nodeGraphs.html","edge":"6to8","edgeRT":"2087","skip":"false","flipped":"False","index":"21","edgeClickLog":"[{\"edgeSelection\":\"6to8\",\"edgeRTMS\":2087}]","trial_id":"test_1","congruency":"I","task":"experiment","subjectId":"bkgogqmtj4f52ho","trial_type":"external-html","trial_index":29,"time_elapsed":420569,"internal_node_id":"0.0-9.0-0.21"},{"rt":3233,"url":"../static/nodeGraphs.html","edge":"3to5","edgeRT":"1659","skip":"false","flipped":"False","index":"22","edgeClickLog":"[{\"edgeSelection\":\"3to5\",\"edgeRTMS\":1659}]","trial_id":"test_2","congruency":"I","task":"experiment","subjectId":"bkgogqmtj4f52ho","trial_type":"external-html","trial_index":30,"time_elapsed":424409,"internal_node_id":"0.0-9.0-0.22"},{"rt":4417,"url":"../static/nodeGraphs.html","edge":"1to5","edgeRT":"3447","skip":"false","flipped":"False","index":"23","edgeClickLog":"[{\"edgeSelection\":\"1to5\",\"edgeRTMS\":2589},{\"edgeSelection\":\"1to5\",\"edgeRTMS\":3447}]","trial_id":"test_3","congruency":"I","task":"experiment","subjectId":"bkgogqmtj4f52ho","trial_type":"external-html","trial_index":31,"time_elapsed":429419,"internal_node_id":"0.0-9.0-0.23"},{"rt":3996,"url":"../static/nodeGraphs.html","edge":"6to9","edgeRT":"2543","skip":"false","flipped":"False","index":"24","edgeClickLog":"[{\"edgeSelection\":\"6to8\",\"edgeRTMS\":1291},{\"edgeSelection\":\"6to9\",\"edgeRTMS\":2543}]","trial_id":"test_4","congruency":"I","task":"experiment","subjectId":"bkgogqmtj4f52ho","trial_type":"external-html","trial_index":32,"time_elapsed":434006,"internal_node_id":"0.0-9.0-0.24"},{"rt":23775,"response":{"P0_Q0":null,"P0_Q1":1,"P0_Q2":7,"P0_Q3":5,"P0_Q4":6,"P0_Q5":1,"strategies":"try to choose the path with most points","feedback":"no"},"accuracy":[],"trial_type":"survey","trial_index":33,"time_elapsed":458418,"internal_node_id":"0.0-10.0"},{"rt":3398,"stimulus":"<p>Thanks for your time!</p>        <p>We need to manually calculate your bonus pay, please give us up to 7 days.</p><p>Press any key to conclude.</p>","response":"d","task":"end","subjectId":"bkgogqmtj4f52ho","trial_type":"html-keyboard-response","trial_index":34,"time_elapsed":461820,"internal_node_id":"0.0-11.0","interactions":"[{\"event\":\"fullscreenenter\",\"trial\":1,\"time\":2103}]"}]