[{"success":true,"timeout":false,"failed_images":[],"failed_audio":[],"failed_video":[],"trial_type":"preload","trial_index":0,"time_elapsed":1377,"internal_node_id":"0.0-0.0"},{"success":true,"trial_type":"fullscreen","trial_index":1,"time_elapsed":5391,"internal_node_id":"0.0-1.0"},{"rt":3145,"stimulus":"Welcome to the experiment. Press any key to begin.","response":" ","trial_type":"html-keyboard-response","trial_index":2,"time_elapsed":8537,"internal_node_id":"0.0-2.0"},{"view_history":[{"page_index":0,"viewing_time":16725},{"page_index":1,"viewing_time":7428},{"page_index":2,"viewing_time":26185},{"page_index":3,"viewing_time":1621},{"page_index":4,"viewing_time":970},{"page_index":5,"viewing_time":753},{"page_index":6,"viewing_time":2807},{"page_index":7,"viewing_time":11097},{"page_index":8,"viewing_time":14713},{"page_index":9,"viewing_time":13254},{"page_index":10,"viewing_time":1652},{"page_index":11,"viewing_time":381},{"page_index":12,"viewing_time":426},{"page_index":13,"viewing_time":1089},{"page_index":14,"viewing_time":5126},{"page_index":15,"viewing_time":10516},{"page_index":16,"viewing_time":541},{"page_index":17,"viewing_time":463},{"page_index":18,"viewing_time":878},{"page_index":19,"viewing_time":6130},{"page_index":20,"viewing_time":10370},{"page_index":21,"viewing_time":6789}],"rt":139914,"trial_type":"instructions","trial_index":3,"time_elapsed":148452,"internal_node_id":"0.0-3.0"},{"rt":89670,"url":"../static/nodeGraphsTraining.html","skip":[],"edgeClickLog":[],"trial_type":"external-html","trial_index":4,"time_elapsed":238299,"internal_node_id":"0.0-4.0"},{"rt":28761,"response":{"q1":"The goal is to help the student to get the most points","q2":"False","q3":"Possible paths you, as the teacher, can choose to teach the learner.","q4":"Paths that the student took before."},"question_order":[0,1,2,3],"trial_type":"survey-multi-choice","trial_index":5,"time_elapsed":267062,"internal_node_id":"0.0-5.0"},{"rt":7153,"stimulus":"<p>You can take a 60 second break before starting the experiment.</p><br><br><p>This page will advance in 60 seconds or you can press any key to advance now.</p>","response":" ","trial_type":"html-keyboard-response","trial_index":6,"time_elapsed":274216,"internal_node_id":"0.0-7.0"},{"view_history":[{"page_index":0,"viewing_time":28163}],"rt":28163,"trial_type":"instructions","trial_index":7,"time_elapsed":302379,"internal_node_id":"0.0-8.0"},{"rt":15840,"url":"../static/nodeGraphs.html","edge":"2to5","edgeRT":"14264","skip":"false","flipped":"True","index":"19","edgeClickLog":"[{\"edgeSelection\":\"2to5\",\"edgeRTMS\":11254},{\"edgeSelection\":\"5to8\",\"edgeRTMS\":13536},{\"edgeSelection\":\"2to5\",\"edgeRTMS\":14264}]","trial_id":"cong_9_flipped","congruency":"C","task":"experiment","subjectId":"kmz25tapbahlpzd","trial_type":"external-html","trial_index":8,"time_elapsed":318384,"internal_node_id":"0.0-9.0-0.0"},{"rt":7350,"url":"../static/nodeGraphs.html","edge":"2to5","edgeRT":"2212","skip":"false","flipped":"False","index":"9","edgeClickLog":"[{\"edgeSelection\":\"2to5\",\"edgeRTMS\":2212}]","trial_id":"cong_9","congruency":"C","task":"experiment","subjectId":"kmz25tapbahlpzd","trial_type":"external-html","trial_index":9,"time_elapsed":326424,"internal_node_id":"0.0-9.0-0.1"},{"rt":12644,"url":"../static/nodeGraphs.html","edge":"1to4","edgeRT":"10671","skip":"false","flipped":"False","index":"8","edgeClickLog":"[{\"edgeSelection\":\"1to4\",\"edgeRTMS\":10671}]","trial_id":"cong_8","congruency":"C","task":"experiment","subjectId":"kmz25tapbahlpzd","trial_type":"external-html","trial_index":10,"time_elapsed":339819,"internal_node_id":"0.0-9.0-0.2"},{"rt":16784,"url":"../static/nodeGraphs.html","edge":"3to5","edgeRT":"14219","skip":"false","flipped":"False","index":"3","edgeClickLog":"[{\"edgeSelection\":\"3to5\",\"edgeRTMS\":14219}]","trial_id":"cong_3","congruency":"C","task":"experiment","subjectId":"kmz25tapbahlpzd","trial_type":"external-html","trial_index":11,"time_elapsed":357692,"internal_node_id":"0.0-9.0-0.3"},{"rt":17424,"url":"../static/nodeGraphs.html","edge":"0to2","edgeRT":"16531","skip":"false","flipped":"False","index":"7","edgeClickLog":"[{\"edgeSelection\":\"0to2\",\"edgeRTMS\":16531}]","trial_id":"cong_7","congruency":"C","task":"experiment","subjectId":"kmz25tapbahlpzd","trial_type":"external-html","trial_index":12,"time_elapsed":375805,"internal_node_id":"0.0-9.0-0.4"},{"rt":5862,"url":"../static/nodeGraphs.html","edge":"2to6","edgeRT":"4083","skip":"false","flipped":"False","index":"1","edgeClickLog":"[{\"edgeSelection\":\"2to6\",\"edgeRTMS\":4083}]","trial_id":"cong_1","congruency":"C","task":"experiment","subjectId":"kmz25tapbahlpzd","trial_type":"external-html","trial_index":13,"time_elapsed":382420,"internal_node_id":"0.0-9.0-0.5"},{"rt":13949,"url":"../static/nodeGraphs.html","edge":"2to5","edgeRT":"13089","skip":"false","flipped":"False","index":"6","edgeClickLog":"[{\"edgeSelection\":\"2to5\",\"edgeRTMS\":13089}]","trial_id":"cong_6","congruency":"C","task":"experiment","subjectId":"kmz25tapbahlpzd","trial_type":"external-html","trial_index":14,"time_elapsed":397030,"internal_node_id":"0.0-9.0-0.6"},{"rt":21792,"url":"../static/nodeGraphs.html","edge":"2to6","edgeRT":"15919","skip":"false","flipped":"True","index":"17","edgeClickLog":"[{\"edgeSelection\":\"2to6\",\"edgeRTMS\":15919}]","trial_id":"cong_7_flipped","congruency":"C","task":"experiment","subjectId":"kmz25tapbahlpzd","trial_type":"external-html","trial_index":15,"time_elapsed":419718,"internal_node_id":"0.0-9.0-0.7"},{"rt":13154,"url":"../static/nodeGraphs.html","edge":"2to5","edgeRT":"7755","skip":"false","flipped":"True","index":"16","edgeClickLog":"[{\"edgeSelection\":\"2to5\",\"edgeRTMS\":7755}]","trial_id":"cong_6_flipped","congruency":"C","task":"experiment","subjectId":"kmz25tapbahlpzd","trial_type":"external-html","trial_index":16,"time_elapsed":433615,"internal_node_id":"0.0-9.0-0.8"},{"rt":6901,"url":"../static/nodeGraphs.html","edge":"0to3","edgeRT":"5867","skip":"false","flipped":"True","index":"15","edgeClickLog":"[{\"edgeSelection\":\"0to3\",\"edgeRTMS\":5867}]","trial_id":"cong_5_flipped","congruency":"C","task":"experiment","subjectId":"kmz25tapbahlpzd","trial_type":"external-html","trial_index":17,"time_elapsed":441430,"internal_node_id":"0.0-9.0-0.9"},{"rt":15636,"url":"../static/nodeGraphs.html","edge":"5to8","edgeRT":"14520","skip":"false","flipped":"False","index":"4","edgeClickLog":"[{\"edgeSelection\":\"2to4\",\"edgeRTMS\":3433},{\"edgeSelection\":\"5to8\",\"edgeRTMS\":14520}]","trial_id":"cong_4","congruency":"C","task":"experiment","subjectId":"kmz25tapbahlpzd","trial_type":"external-html","trial_index":18,"time_elapsed":457818,"internal_node_id":"0.0-9.0-0.10"},{"rt":16109,"url":"../static/nodeGraphs.html","edge":"5to8","edgeRT":"7026","skip":"false","flipped":"True","index":"14","edgeClickLog":"[{\"edgeSelection\":\"2to6\",\"edgeRTMS\":1850},{\"edgeSelection\":\"5to8\",\"edgeRTMS\":7026}]","trial_id":"cong_4_flipped","congruency":"C","task":"experiment","subjectId":"kmz25tapbahlpzd","trial_type":"external-html","trial_index":19,"time_elapsed":474880,"internal_node_id":"0.0-9.0-0.11"},{"rt":19221,"url":"../static/nodeGraphs.html","edge":"4to7","edgeRT":"18226","skip":"false","flipped":"True","index":"12","edgeClickLog":"[{\"edgeSelection\":\"2to5\",\"edgeRTMS\":12651},{\"edgeSelection\":\"4to7\",\"edgeRTMS\":18226}]","trial_id":"cong_2_flipped","congruency":"C","task":"experiment","subjectId":"kmz25tapbahlpzd","trial_type":"external-html","trial_index":20,"time_elapsed":494853,"internal_node_id":"0.0-9.0-0.12"},{"rt":5557,"url":"../static/nodeGraphs.html","edge":"2to4","edgeRT":"3638","skip":"false","flipped":"True","index":"11","edgeClickLog":"[{\"edgeSelection\":\"2to4\",\"edgeRTMS\":3638}]","trial_id":"cong_1_flipped","congruency":"C","task":"experiment","subjectId":"kmz25tapbahlpzd","trial_type":"external-html","trial_index":21,"time_elapsed":501071,"internal_node_id":"0.0-9.0-0.13"},{"rt":6069,"url":"../static/nodeGraphs.html","edge":"3to6","edgeRT":"4600","skip":"false","flipped":"True","index":"10","edgeClickLog":"[{\"edgeSelection\":\"3to6\",\"edgeRTMS\":4600}]","trial_id":"cong_0_flipped","congruency":"C","task":"experiment","subjectId":"kmz25tapbahlpzd","trial_type":"external-html","trial_index":22,"time_elapsed":507821,"internal_node_id":"0.0-9.0-0.14"},{"rt":12878,"url":"../static/nodeGraphs.html","edge":"6to9","edgeRT":"9234","skip":"false","flipped":"False","index":"2","edgeClickLog":"[{\"edgeSelection\":\"6to9\",\"edgeRTMS\":9234}]","trial_id":"cong_2","congruency":"C","task":"experiment","subjectId":"kmz25tapbahlpzd","trial_type":"external-html","trial_index":23,"time_elapsed":521771,"internal_node_id":"0.0-9.0-0.15"},{"rt":7046,"url":"../static/nodeGraphs.html","edge":"1to4","edgeRT":"5389","skip":"false","flipped":"False","index":"5","edgeClickLog":"[{\"edgeSelection\":\"1to4\",\"edgeRTMS\":5389}]","trial_id":"cong_5","congruency":"C","task":"experiment","subjectId":"kmz25tapbahlpzd","trial_type":"external-html","trial_index":24,"time_elapsed":530224,"internal_node_id":"0.0-9.0-0.16"},{"rt":11546,"url":"../static/nodeGraphs.html","edge":"6to9","edgeRT":"10556","skip":"false","flipped":"True","index":"18","edgeClickLog":"[{\"edgeSelection\":\"6to9\",\"edgeRTMS\":10556}]","trial_id":"cong_8_flipped","congruency":"C","task":"experiment","subjectId":"kmz25tapbahlpzd","trial_type":"external-html","trial_index":25,"time_elapsed":542516,"internal_node_id":"0.0-9.0-0.17"},{"rt":14309,"url":"../static/nodeGraphs.html","edge":"5to7","edgeRT":"13349","skip":"false","flipped":"True","index":"13","edgeClickLog":"[{\"edgeSelection\":\"5to7\",\"edgeRTMS\":13349}]","trial_id":"cong_3_flipped","congruency":"C","task":"experiment","subjectId":"kmz25tapbahlpzd","trial_type":"external-html","trial_index":26,"time_elapsed":557981,"internal_node_id":"0.0-9.0-0.18"},{"rt":5128,"url":"../static/nodeGraphs.html","edge":"1to4","edgeRT":"3291","skip":"false","flipped":"False","index":"0","edgeClickLog":"[{\"edgeSelection\":\"1to4\",\"edgeRTMS\":3291}]","trial_id":"cong_0","congruency":"C","task":"experiment","subjectId":"kmz25tapbahlpzd","trial_type":"external-html","trial_index":27,"time_elapsed":564041,"internal_node_id":"0.0-9.0-0.19"},{"rt":22169,"url":"../static/nodeGraphs.html","edge":"0to1","edgeRT":"21395","skip":"false","flipped":"False","index":"20","edgeClickLog":"[{\"edgeSelection\":\"0to1\",\"edgeRTMS\":21395}]","trial_id":"test_0","congruency":"I","task":"experiment","subjectId":"kmz25tapbahlpzd","trial_type":"external-html","trial_index":28,"time_elapsed":586961,"internal_node_id":"0.0-9.0-0.20"},{"rt":11100,"url":"../static/nodeGraphs.html","edge":"0to3","edgeRT":"9616","skip":"false","flipped":"False","index":"21","edgeClickLog":"[{\"edgeSelection\":\"0to3\",\"edgeRTMS\":9616}]","trial_id":"test_1","congruency":"I","task":"experiment","subjectId":"kmz25tapbahlpzd","trial_type":"external-html","trial_index":29,"time_elapsed":598803,"internal_node_id":"0.0-9.0-0.21"},{"rt":4333,"url":"../static/nodeGraphs.html","edge":"0to3","edgeRT":"3613","skip":"false","flipped":"False","index":"22","edgeClickLog":"[{\"edgeSelection\":\"0to3\",\"edgeRTMS\":3613}]","trial_id":"test_2","congruency":"I","task":"experiment","subjectId":"kmz25tapbahlpzd","trial_type":"external-html","trial_index":30,"time_elapsed":604159,"internal_node_id":"0.0-9.0-0.22"},{"rt":8485,"url":"../static/nodeGraphs.html","edge":"5to7","edgeRT":"7750","skip":"false","flipped":"False","index":"23","edgeClickLog":"[{\"edgeSelection\":\"5to7\",\"edgeRTMS\":7750}]","trial_id":"test_3","congruency":"I","task":"experiment","subjectId":"kmz25tapbahlpzd","trial_type":"external-html","trial_index":31,"time_elapsed":613398,"internal_node_id":"0.0-9.0-0.23"},{"rt":8421,"url":"../static/nodeGraphs.html","edge":"3to6","edgeRT":"4656","skip":"false","flipped":"False","index":"24","edgeClickLog":"[{\"edgeSelection\":\"3to6\",\"edgeRTMS\":4656}]","trial_id":"test_4","congruency":"I","task":"experiment","subjectId":"kmz25tapbahlpzd","trial_type":"external-html","trial_index":32,"time_elapsed":622571,"internal_node_id":"0.0-9.0-0.24"},{"rt":76514,"response":{"P0_Q0":null,"P0_Q1":6,"P0_Q2":7,"P0_Q3":5,"P0_Q4":6,"P0_Q5":2,"strategies":"I Looked at it from the students point of view to determine what information was missing and based on that provided the information that would give the best solution.","feedback":"best of luck on your research!"},"accuracy":[],"trial_type":"survey","trial_index":33,"time_elapsed":699627,"internal_node_id":"0.0-10.0"},{"rt":4915,"stimulus":"<p>Thanks for your time!</p>        <p>We need to manually calculate your bonus pay, please give us up to 7 days.</p><p>Press any key to conclude.</p>","response":" ","task":"end","subjectId":"kmz25tapbahlpzd","trial_type":"html-keyboard-response","trial_index":34,"time_elapsed":704544,"internal_node_id":"0.0-11.0","interactions":"[{\"event\":\"fullscreenenter\",\"trial\":1,\"time\":4397},{\"event\":\"blur\",\"trial\":33,\"time\":646379},{\"event\":\"focus\",\"trial\":33,\"time\":646387},{\"event\":\"fullscreenexit\",\"trial\":33,\"time\":646389}]"}]