[{"success":true,"timeout":false,"failed_images":[],"failed_audio":[],"failed_video":[],"trial_type":"preload","trial_index":0,"time_elapsed":621,"internal_node_id":"0.0-0.0"},{"success":true,"trial_type":"fullscreen","trial_index":1,"time_elapsed":3528,"internal_node_id":"0.0-1.0"},{"rt":1984,"stimulus":"Welcome to the experiment. Press any key to begin.","response":" ","trial_type":"html-keyboard-response","trial_index":2,"time_elapsed":5514,"internal_node_id":"0.0-2.0"},{"view_history":[{"page_index":0,"viewing_time":5665},{"page_index":1,"viewing_time":8071},{"page_index":2,"viewing_time":41315},{"page_index":3,"viewing_time":4238},{"page_index":4,"viewing_time":1948},{"page_index":5,"viewing_time":838},{"page_index":6,"viewing_time":3603},{"page_index":7,"viewing_time":12315},{"page_index":8,"viewing_time":17383},{"page_index":9,"viewing_time":9265},{"page_index":10,"viewing_time":524},{"page_index":11,"viewing_time":362},{"page_index":12,"viewing_time":753},{"page_index":13,"viewing_time":1030},{"page_index":14,"viewing_time":2704},{"page_index":15,"viewing_time":7541},{"page_index":16,"viewing_time":685},{"page_index":17,"viewing_time":722},{"page_index":18,"viewing_time":709},{"page_index":19,"viewing_time":4098},{"page_index":20,"viewing_time":8864},{"page_index":21,"viewing_time":3634}],"rt":136267,"trial_type":"instructions","trial_index":3,"time_elapsed":141785,"internal_node_id":"0.0-3.0"},{"rt":59415,"url":"../static/nodeGraphsTraining.html","skip":[],"edgeClickLog":[],"trial_type":"external-html","trial_index":4,"time_elapsed":201317,"internal_node_id":"0.0-4.0"},{"rt":48694,"response":{"q1":"The goal is to help the student to get the most points","q2":"False","q3":"Possible paths you, as the teacher, can choose to teach the learner.","q4":"Paths that the student took before."},"question_order":[0,1,2,3],"trial_type":"survey-multi-choice","trial_index":5,"time_elapsed":250015,"internal_node_id":"0.0-5.0"},{"rt":3436,"stimulus":"<p>You can take a 60 second break before starting the experiment.</p><br><br><p>This page will advance in 60 seconds or you can press any key to advance now.</p>","response":"arrowright","trial_type":"html-keyboard-response","trial_index":6,"time_elapsed":253454,"internal_node_id":"0.0-7.0"},{"view_history":[{"page_index":0,"viewing_time":24594}],"rt":24595,"trial_type":"instructions","trial_index":7,"time_elapsed":278050,"internal_node_id":"0.0-8.0"},{"rt":12051,"url":"../static/nodeGraphs.html","edge":"4to8","edgeRT":"9660","skip":"false","flipped":"True","index":"16","edgeClickLog":"[{\"edgeSelection\":\"4to8\",\"edgeRTMS\":9660}]","trial_id":"incong_6_flipped","congruency":"I","task":"experiment","subjectId":"9u4l5rpzee5d13p","trial_type":"external-html","trial_index":8,"time_elapsed":290207,"internal_node_id":"0.0-9.0-0.0"},{"rt":20811,"url":"../static/nodeGraphs.html","edge":"5to8","edgeRT":"19869","skip":"false","flipped":"False","index":"5","edgeClickLog":"[{\"edgeSelection\":\"5to8\",\"edgeRTMS\":19869}]","trial_id":"incong_5","congruency":"I","task":"experiment","subjectId":"9u4l5rpzee5d13p","trial_type":"external-html","trial_index":9,"time_elapsed":311643,"internal_node_id":"0.0-9.0-0.1"},{"rt":6308,"url":"../static/nodeGraphs.html","edge":"5to8","edgeRT":"4845","skip":"false","flipped":"True","index":"17","edgeClickLog":"[{\"edgeSelection\":\"5to8\",\"edgeRTMS\":4845}]","trial_id":"incong_7_flipped","congruency":"I","task":"experiment","subjectId":"9u4l5rpzee5d13p","trial_type":"external-html","trial_index":10,"time_elapsed":318565,"internal_node_id":"0.0-9.0-0.2"},{"rt":9098,"url":"../static/nodeGraphs.html","edge":"0to3","edgeRT":"8316","skip":"false","flipped":"False","index":"4","edgeClickLog":"[{\"edgeSelection\":\"0to3\",\"edgeRTMS\":8316}]","trial_id":"incong_4","congruency":"I","task":"experiment","subjectId":"9u4l5rpzee5d13p","trial_type":"external-html","trial_index":11,"time_elapsed":328270,"internal_node_id":"0.0-9.0-0.3"},{"rt":13520,"url":"../static/nodeGraphs.html","edge":"6to9","edgeRT":"12526","skip":"false","flipped":"False","index":"1","edgeClickLog":"[{\"edgeSelection\":\"6to9\",\"edgeRTMS\":12526}]","trial_id":"incong_1","congruency":"I","task":"experiment","subjectId":"9u4l5rpzee5d13p","trial_type":"external-html","trial_index":12,"time_elapsed":342400,"internal_node_id":"0.0-9.0-0.4"},{"rt":6791,"url":"../static/nodeGraphs.html","edge":"0to2","edgeRT":"5797","skip":"false","flipped":"False","index":"3","edgeClickLog":"[{\"edgeSelection\":\"0to2\",\"edgeRTMS\":5797}]","trial_id":"incong_3","congruency":"I","task":"experiment","subjectId":"9u4l5rpzee5d13p","trial_type":"external-html","trial_index":13,"time_elapsed":350277,"internal_node_id":"0.0-9.0-0.5"},{"rt":17017,"url":"../static/nodeGraphs.html","edge":"0to2","edgeRT":"15232","skip":"false","flipped":"True","index":"12","edgeClickLog":"[{\"edgeSelection\":\"0to2\",\"edgeRTMS\":15232}]","trial_id":"incong_2_flipped","congruency":"I","task":"experiment","subjectId":"9u4l5rpzee5d13p","trial_type":"external-html","trial_index":14,"time_elapsed":367917,"internal_node_id":"0.0-9.0-0.6"},{"rt":6277,"url":"../static/nodeGraphs.html","edge":"0to3","edgeRT":"5572","skip":"false","flipped":"True","index":"14","edgeClickLog":"[{\"edgeSelection\":\"0to3\",\"edgeRTMS\":5572}]","trial_id":"incong_4_flipped","congruency":"I","task":"experiment","subjectId":"9u4l5rpzee5d13p","trial_type":"external-html","trial_index":15,"time_elapsed":374802,"internal_node_id":"0.0-9.0-0.7"},{"rt":14860,"url":"../static/nodeGraphs.html","edge":"4to7","edgeRT":"14117","skip":"false","flipped":"True","index":"11","edgeClickLog":"[{\"edgeSelection\":\"4to7\",\"edgeRTMS\":14117}]","trial_id":"incong_1_flipped","congruency":"I","task":"experiment","subjectId":"9u4l5rpzee5d13p","trial_type":"external-html","trial_index":16,"time_elapsed":390271,"internal_node_id":"0.0-9.0-0.8"},{"rt":4740,"url":"../static/nodeGraphs.html","edge":"4to8","edgeRT":"3759","skip":"false","flipped":"False","index":"9","edgeClickLog":"[{\"edgeSelection\":\"4to8\",\"edgeRTMS\":3759}]","trial_id":"incong_9","congruency":"I","task":"experiment","subjectId":"9u4l5rpzee5d13p","trial_type":"external-html","trial_index":17,"time_elapsed":395627,"internal_node_id":"0.0-9.0-0.9"},{"rt":4759,"url":"../static/nodeGraphs.html","edge":"4to8","edgeRT":"4092","skip":"false","flipped":"True","index":"10","edgeClickLog":"[{\"edgeSelection\":\"4to8\",\"edgeRTMS\":4092}]","trial_id":"incong_0_flipped","congruency":"I","task":"experiment","subjectId":"9u4l5rpzee5d13p","trial_type":"external-html","trial_index":18,"time_elapsed":401014,"internal_node_id":"0.0-9.0-0.10"},{"rt":4678,"url":"../static/nodeGraphs.html","edge":"5to8","edgeRT":"3837","skip":"false","flipped":"False","index":"7","edgeClickLog":"[{\"edgeSelection\":\"5to8\",\"edgeRTMS\":2994},{\"edgeSelection\":\"5to8\",\"edgeRTMS\":3837}]","trial_id":"incong_7","congruency":"I","task":"experiment","subjectId":"9u4l5rpzee5d13p","trial_type":"external-html","trial_index":19,"time_elapsed":406298,"internal_node_id":"0.0-9.0-0.11"},{"rt":6116,"url":"../static/nodeGraphs.html","edge":"3to6","edgeRT":"5190","skip":"false","flipped":"False","index":"2","edgeClickLog":"[{\"edgeSelection\":\"3to6\",\"edgeRTMS\":5190}]","trial_id":"incong_2","congruency":"I","task":"experiment","subjectId":"9u4l5rpzee5d13p","trial_type":"external-html","trial_index":20,"time_elapsed":413024,"internal_node_id":"0.0-9.0-0.12"},{"rt":3882,"url":"../static/nodeGraphs.html","edge":"0to3","edgeRT":"3003","skip":"false","flipped":"True","index":"18","edgeClickLog":"[{\"edgeSelection\":\"0to3\",\"edgeRTMS\":3003}]","trial_id":"incong_8_flipped","congruency":"I","task":"experiment","subjectId":"9u4l5rpzee5d13p","trial_type":"external-html","trial_index":21,"time_elapsed":417522,"internal_node_id":"0.0-9.0-0.13"},{"rt":5420,"url":"../static/nodeGraphs.html","edge":"0to1","edgeRT":"2376","skip":"false","flipped":"False","index":"8","edgeClickLog":"[{\"edgeSelection\":\"0to1\",\"edgeRTMS\":2376}]","trial_id":"incong_8","congruency":"I","task":"experiment","subjectId":"9u4l5rpzee5d13p","trial_type":"external-html","trial_index":22,"time_elapsed":423551,"internal_node_id":"0.0-9.0-0.14"},{"rt":8512,"url":"../static/nodeGraphs.html","edge":"5to9","edgeRT":"7242","skip":"false","flipped":"True","index":"13","edgeClickLog":"[{\"edgeSelection\":\"5to9\",\"edgeRTMS\":7242}]","trial_id":"incong_3_flipped","congruency":"I","task":"experiment","subjectId":"9u4l5rpzee5d13p","trial_type":"external-html","trial_index":23,"time_elapsed":432673,"internal_node_id":"0.0-9.0-0.15"},{"rt":4344,"url":"../static/nodeGraphs.html","edge":"6to8","edgeRT":"3691","skip":"false","flipped":"False","index":"0","edgeClickLog":"[{\"edgeSelection\":\"6to8\",\"edgeRTMS\":3691}]","trial_id":"incong_0","congruency":"I","task":"experiment","subjectId":"9u4l5rpzee5d13p","trial_type":"external-html","trial_index":24,"time_elapsed":437625,"internal_node_id":"0.0-9.0-0.16"},{"rt":3431,"url":"../static/nodeGraphs.html","edge":"6to8","edgeRT":"2697","skip":"false","flipped":"True","index":"19","edgeClickLog":"[{\"edgeSelection\":\"6to8\",\"edgeRTMS\":2697}]","trial_id":"incong_9_flipped","congruency":"I","task":"experiment","subjectId":"9u4l5rpzee5d13p","trial_type":"external-html","trial_index":25,"time_elapsed":441666,"internal_node_id":"0.0-9.0-0.17"},{"rt":16407,"url":"../static/nodeGraphs.html","edge":"1to4","edgeRT":"15476","skip":"false","flipped":"True","index":"15","edgeClickLog":"[{\"edgeSelection\":\"1to4\",\"edgeRTMS\":15476}]","trial_id":"incong_5_flipped","congruency":"I","task":"experiment","subjectId":"9u4l5rpzee5d13p","trial_type":"external-html","trial_index":26,"time_elapsed":458680,"internal_node_id":"0.0-9.0-0.18"},{"rt":5037,"url":"../static/nodeGraphs.html","edge":"6to8","edgeRT":"4016","skip":"false","flipped":"False","index":"6","edgeClickLog":"[{\"edgeSelection\":\"6to8\",\"edgeRTMS\":4016}]","trial_id":"incong_6","congruency":"I","task":"experiment","subjectId":"9u4l5rpzee5d13p","trial_type":"external-html","trial_index":27,"time_elapsed":464328,"internal_node_id":"0.0-9.0-0.19"},{"rt":5429,"url":"../static/nodeGraphs.html","edge":"3to6","edgeRT":"4630","skip":"false","flipped":"False","index":"20","edgeClickLog":"[{\"edgeSelection\":\"3to6\",\"edgeRTMS\":4630}]","trial_id":"test_0","congruency":"I","task":"experiment","subjectId":"9u4l5rpzee5d13p","trial_type":"external-html","trial_index":28,"time_elapsed":470367,"internal_node_id":"0.0-9.0-0.20"},{"rt":7016,"url":"../static/nodeGraphs.html","edge":"0to3","edgeRT":"5950","skip":"false","flipped":"False","index":"21","edgeClickLog":"[{\"edgeSelection\":\"0to3\",\"edgeRTMS\":5950}]","trial_id":"test_1","congruency":"I","task":"experiment","subjectId":"9u4l5rpzee5d13p","trial_type":"external-html","trial_index":29,"time_elapsed":477993,"internal_node_id":"0.0-9.0-0.21"},{"rt":8389,"url":"../static/nodeGraphs.html","edge":"0to3","edgeRT":"7655","skip":"false","flipped":"False","index":"22","edgeClickLog":"[{\"edgeSelection\":\"0to3\",\"edgeRTMS\":7655}]","trial_id":"test_2","congruency":"I","task":"experiment","subjectId":"9u4l5rpzee5d13p","trial_type":"external-html","trial_index":30,"time_elapsed":486991,"internal_node_id":"0.0-9.0-0.22"},{"rt":12395,"url":"../static/nodeGraphs.html","edge":"5to9","edgeRT":"11782","skip":"false","flipped":"False","index":"23","edgeClickLog":"[{\"edgeSelection\":\"5to9\",\"edgeRTMS\":11782}]","trial_id":"test_3","congruency":"I","task":"experiment","subjectId":"9u4l5rpzee5d13p","trial_type":"external-html","trial_index":31,"time_elapsed":499992,"internal_node_id":"0.0-9.0-0.23"},{"rt":18978,"url":"../static/nodeGraphs.html","edge":"4to7","edgeRT":"18051","skip":"false","flipped":"False","index":"24","edgeClickLog":"[{\"edgeSelection\":\"4to7\",\"edgeRTMS\":18051}]","trial_id":"test_4","congruency":"I","task":"experiment","subjectId":"9u4l5rpzee5d13p","trial_type":"external-html","trial_index":32,"time_elapsed":519583,"internal_node_id":"0.0-9.0-0.24"},{"rt":53889,"response":{"P0_Q0":null,"P0_Q1":3,"P0_Q2":7,"P0_Q3":5,"P0_Q4":2,"P0_Q5":2,"strategies":"Finding the paths the student did not seem to know of, which increased their score the most","feedback":"Everything was clear and easy to follow, thanks for the opportunity to participate!"},"accuracy":[],"trial_type":"survey","trial_index":33,"time_elapsed":574041,"internal_node_id":"0.0-10.0"},{"rt":3667,"stimulus":"<p>Thanks for your time!</p>        <p>We need to manually calculate your bonus pay, please give us up to 7 days.</p><p>Press any key to conclude.</p>","response":"arrowright","task":"end","subjectId":"9u4l5rpzee5d13p","trial_type":"html-keyboard-response","trial_index":34,"time_elapsed":577711,"internal_node_id":"0.0-11.0","interactions":"[{\"event\":\"fullscreenenter\",\"trial\":1,\"time\":2540}]"}]