[{"success":true,"timeout":false,"failed_images":[],"failed_audio":[],"failed_video":[],"trial_type":"preload","trial_index":0,"time_elapsed":200,"internal_node_id":"0.0-0.0"},{"success":true,"trial_type":"fullscreen","trial_index":1,"time_elapsed":2947,"internal_node_id":"0.0-1.0"},{"rt":2048,"stimulus":"Welcome to the experiment. Press any key to begin.","response":"enter","trial_type":"html-keyboard-response","trial_index":2,"time_elapsed":4998,"internal_node_id":"0.0-2.0"},{"view_history":[{"page_index":0,"viewing_time":4283},{"page_index":1,"viewing_time":5150},{"page_index":2,"viewing_time":18134},{"page_index":3,"viewing_time":4384},{"page_index":4,"viewing_time":1667},{"page_index":5,"viewing_time":1017},{"page_index":6,"viewing_time":2300},{"page_index":7,"viewing_time":8200},{"page_index":8,"viewing_time":14401},{"page_index":9,"viewing_time":8434},{"page_index":10,"viewing_time":1883},{"page_index":11,"viewing_time":1734},{"page_index":12,"viewing_time":1000},{"page_index":13,"viewing_time":1265},{"page_index":14,"viewing_time":2585},{"page_index":15,"viewing_time":5517},{"page_index":16,"viewing_time":2017},{"page_index":17,"viewing_time":733},{"page_index":18,"viewing_time":1017},{"page_index":19,"viewing_time":2950},{"page_index":20,"viewing_time":5433},{"page_index":21,"viewing_time":4733}],"rt":98839,"trial_type":"instructions","trial_index":3,"time_elapsed":103834,"internal_node_id":"0.0-3.0"},{"rt":72718,"url":"../static/nodeGraphsTraining.html","skip":[],"edgeClickLog":[],"trial_type":"external-html","trial_index":4,"time_elapsed":176632,"internal_node_id":"0.0-4.0"},{"rt":25033,"response":{"q1":"The goal is to help the student to get the most points","q2":"True","q3":"Possible paths you, as the teacher, can choose to teach the learner.","q4":"Paths that the student took before."},"question_order":[0,1,2,3],"trial_type":"survey-multi-choice","trial_index":5,"time_elapsed":201667,"internal_node_id":"0.0-5.0"},{"rt":52479,"response":{"q1":"The goal is to help the student to get the most points","q2":"False","q3":"Possible paths you, as the teacher, can choose to teach the learner.","q4":"Paths that the student took before."},"question_order":[0,1,2,3],"trial_type":"survey-multi-choice","trial_index":6,"time_elapsed":254147,"internal_node_id":"0.0-6.0-0.0"},{"rt":4611,"stimulus":"<p>You can take a 60 second break before starting the experiment.</p><br><br><p>This page will advance in 60 seconds or you can press any key to advance now.</p>","response":"enter","trial_type":"html-keyboard-response","trial_index":7,"time_elapsed":258761,"internal_node_id":"0.0-7.0"},{"view_history":[{"page_index":0,"viewing_time":10936}],"rt":10937,"trial_type":"instructions","trial_index":8,"time_elapsed":269699,"internal_node_id":"0.0-8.0"},{"rt":16841,"url":"../static/nodeGraphs.html","edge":"5to7","edgeRT":"15281","skip":"false","flipped":"False","index":"7","edgeClickLog":"[{\"edgeSelection\":\"0to3\",\"edgeRTMS\":2312},{\"edgeSelection\":\"0to2\",\"edgeRTMS\":6949},{\"edgeSelection\":\"2to4\",\"edgeRTMS\":8465},{\"edgeSelection\":\"0to2\",\"edgeRTMS\":12031},{\"edgeSelection\":\"0to3\",\"edgeRTMS\":13298},{\"edgeSelection\":\"3to5\",\"edgeRTMS\":14148},{\"edgeSelection\":\"5to7\",\"edgeRTMS\":15281}]","trial_id":"cong_7","congruency":"C","task":"experiment","subjectId":"bw1kzc96zmb6tye","trial_type":"external-html","trial_index":9,"time_elapsed":286800,"internal_node_id":"0.0-9.0-0.0"},{"rt":8017,"url":"../static/nodeGraphs.html","edge":"4to7","edgeRT":"5877","skip":"false","flipped":"False","index":"8","edgeClickLog":"[{\"edgeSelection\":\"0to1\",\"edgeRTMS\":2440},{\"edgeSelection\":\"1to4\",\"edgeRTMS\":4577},{\"edgeSelection\":\"4to7\",\"edgeRTMS\":5877}]","trial_id":"cong_8","congruency":"C","task":"experiment","subjectId":"bw1kzc96zmb6tye","trial_type":"external-html","trial_index":10,"time_elapsed":295382,"internal_node_id":"0.0-9.0-0.1"},{"rt":10413,"url":"../static/nodeGraphs.html","edge":"5to8","edgeRT":"8973","skip":"false","flipped":"True","index":"19","edgeClickLog":"[{\"edgeSelection\":\"0to2\",\"edgeRTMS\":4420},{\"edgeSelection\":\"2to5\",\"edgeRTMS\":7590},{\"edgeSelection\":\"5to8\",\"edgeRTMS\":8973}]","trial_id":"cong_9_flipped","congruency":"C","task":"experiment","subjectId":"bw1kzc96zmb6tye","trial_type":"external-html","trial_index":11,"time_elapsed":306482,"internal_node_id":"0.0-9.0-0.2"},{"rt":9465,"url":"../static/nodeGraphs.html","edge":"5to7","edgeRT":"7909","skip":"false","flipped":"True","index":"12","edgeClickLog":"[{\"edgeSelection\":\"0to1\",\"edgeRTMS\":4806},{\"edgeSelection\":\"1to5\",\"edgeRTMS\":6608},{\"edgeSelection\":\"5to7\",\"edgeRTMS\":7909}]","trial_id":"cong_2_flipped","congruency":"C","task":"experiment","subjectId":"bw1kzc96zmb6tye","trial_type":"external-html","trial_index":12,"time_elapsed":316531,"internal_node_id":"0.0-9.0-0.3"},{"rt":10749,"url":"../static/nodeGraphs.html","edge":"4to8","edgeRT":"9693","skip":"false","flipped":"False","index":"4","edgeClickLog":"[{\"edgeSelection\":\"0to2\",\"edgeRTMS\":5923},{\"edgeSelection\":\"2to4\",\"edgeRTMS\":7738},{\"edgeSelection\":\"4to8\",\"edgeRTMS\":9693}]","trial_id":"cong_4","congruency":"C","task":"experiment","subjectId":"bw1kzc96zmb6tye","trial_type":"external-html","trial_index":13,"time_elapsed":327832,"internal_node_id":"0.0-9.0-0.4"},{"rt":11708,"url":"../static/nodeGraphs.html","edge":"4to7","edgeRT":"10067","skip":"false","flipped":"False","index":"0","edgeClickLog":"[{\"edgeSelection\":\"0to1\",\"edgeRTMS\":6363},{\"edgeSelection\":\"1to4\",\"edgeRTMS\":7616},{\"edgeSelection\":\"4to7\",\"edgeRTMS\":10067}]","trial_id":"cong_0","congruency":"C","task":"experiment","subjectId":"bw1kzc96zmb6tye","trial_type":"external-html","trial_index":14,"time_elapsed":340233,"internal_node_id":"0.0-9.0-0.5"},{"rt":5605,"url":"../static/nodeGraphs.html","edge":"5to7","edgeRT":"3983","skip":"false","flipped":"False","index":"6","edgeClickLog":"[{\"edgeSelection\":\"0to2\",\"edgeRTMS\":1614},{\"edgeSelection\":\"2to5\",\"edgeRTMS\":2533},{\"edgeSelection\":\"5to7\",\"edgeRTMS\":3983}]","trial_id":"cong_6","congruency":"C","task":"experiment","subjectId":"bw1kzc96zmb6tye","trial_type":"external-html","trial_index":15,"time_elapsed":346398,"internal_node_id":"0.0-9.0-0.6"},{"rt":5564,"url":"../static/nodeGraphs.html","edge":"6to9","edgeRT":"4242","skip":"false","flipped":"True","index":"10","edgeClickLog":"[{\"edgeSelection\":\"0to3\",\"edgeRTMS\":2239},{\"edgeSelection\":\"3to6\",\"edgeRTMS\":3241},{\"edgeSelection\":\"6to9\",\"edgeRTMS\":4242}]","trial_id":"cong_0_flipped","congruency":"C","task":"experiment","subjectId":"bw1kzc96zmb6tye","trial_type":"external-html","trial_index":16,"time_elapsed":352518,"internal_node_id":"0.0-9.0-0.7"},{"rt":7719,"url":"../static/nodeGraphs.html","edge":"0to2","edgeRT":"6594","skip":"false","flipped":"False","index":"9","edgeClickLog":"[{\"edgeSelection\":\"0to2\",\"edgeRTMS\":2841},{\"edgeSelection\":\"2to5\",\"edgeRTMS\":4326},{\"edgeSelection\":\"0to2\",\"edgeRTMS\":6594}]","trial_id":"cong_9","congruency":"C","task":"experiment","subjectId":"bw1kzc96zmb6tye","trial_type":"external-html","trial_index":17,"time_elapsed":361282,"internal_node_id":"0.0-9.0-0.8"},{"rt":4033,"url":"../static/nodeGraphs.html","edge":"0to3","edgeRT":"2357","skip":"false","flipped":"True","index":"18","edgeClickLog":"[{\"edgeSelection\":\"0to3\",\"edgeRTMS\":2357}]","trial_id":"cong_8_flipped","congruency":"C","task":"experiment","subjectId":"bw1kzc96zmb6tye","trial_type":"external-html","trial_index":18,"time_elapsed":365966,"internal_node_id":"0.0-9.0-0.9"},{"rt":5285,"url":"../static/nodeGraphs.html","edge":"0to2","edgeRT":"4210","skip":"false","flipped":"False","index":"2","edgeClickLog":"[{\"edgeSelection\":\"0to2\",\"edgeRTMS\":4210}]","trial_id":"cong_2","congruency":"C","task":"experiment","subjectId":"bw1kzc96zmb6tye","trial_type":"external-html","trial_index":19,"time_elapsed":371815,"internal_node_id":"0.0-9.0-0.10"},{"rt":4173,"url":"../static/nodeGraphs.html","edge":"0to3","edgeRT":"2963","skip":"false","flipped":"False","index":"3","edgeClickLog":"[{\"edgeSelection\":\"0to3\",\"edgeRTMS\":2963}]","trial_id":"cong_3","congruency":"C","task":"experiment","subjectId":"bw1kzc96zmb6tye","trial_type":"external-html","trial_index":20,"time_elapsed":376548,"internal_node_id":"0.0-9.0-0.11"},{"rt":7749,"url":"../static/nodeGraphs.html","edge":"0to2","edgeRT":"5527","skip":"false","flipped":"True","index":"11","edgeClickLog":"[{\"edgeSelection\":\"0to1\",\"edgeRTMS\":2925},{\"edgeSelection\":\"0to2\",\"edgeRTMS\":5527}]","trial_id":"cong_1_flipped","congruency":"C","task":"experiment","subjectId":"bw1kzc96zmb6tye","trial_type":"external-html","trial_index":21,"time_elapsed":384867,"internal_node_id":"0.0-9.0-0.12"},{"rt":4225,"url":"../static/nodeGraphs.html","edge":"2to5","edgeRT":"2866","skip":"false","flipped":"True","index":"16","edgeClickLog":"[{\"edgeSelection\":\"2to5\",\"edgeRTMS\":2866}]","trial_id":"cong_6_flipped","congruency":"C","task":"experiment","subjectId":"bw1kzc96zmb6tye","trial_type":"external-html","trial_index":22,"time_elapsed":389849,"internal_node_id":"0.0-9.0-0.13"},{"rt":5350,"url":"../static/nodeGraphs.html","edge":"0to1","edgeRT":"3339","skip":"false","flipped":"False","index":"5","edgeClickLog":"[{\"edgeSelection\":\"0to1\",\"edgeRTMS\":3339}]","trial_id":"cong_5","congruency":"C","task":"experiment","subjectId":"bw1kzc96zmb6tye","trial_type":"external-html","trial_index":23,"time_elapsed":395749,"internal_node_id":"0.0-9.0-0.14"},{"rt":4421,"url":"../static/nodeGraphs.html","edge":"0to2","edgeRT":"3214","skip":"false","flipped":"True","index":"14","edgeClickLog":"[{\"edgeSelection\":\"0to2\",\"edgeRTMS\":3214}]","trial_id":"cong_4_flipped","congruency":"C","task":"experiment","subjectId":"bw1kzc96zmb6tye","trial_type":"external-html","trial_index":24,"time_elapsed":400915,"internal_node_id":"0.0-9.0-0.15"},{"rt":4752,"url":"../static/nodeGraphs.html","edge":"0to3","edgeRT":"2944","skip":"false","flipped":"True","index":"15","edgeClickLog":"[{\"edgeSelection\":\"0to3\",\"edgeRTMS\":2944}]","trial_id":"cong_5_flipped","congruency":"C","task":"experiment","subjectId":"bw1kzc96zmb6tye","trial_type":"external-html","trial_index":25,"time_elapsed":406463,"internal_node_id":"0.0-9.0-0.16"},{"rt":7264,"url":"../static/nodeGraphs.html","edge":"0to1","edgeRT":"5675","skip":"false","flipped":"True","index":"13","edgeClickLog":"[{\"edgeSelection\":\"0to1\",\"edgeRTMS\":5675}]","trial_id":"cong_3_flipped","congruency":"C","task":"experiment","subjectId":"bw1kzc96zmb6tye","trial_type":"external-html","trial_index":26,"time_elapsed":414499,"internal_node_id":"0.0-9.0-0.17"},{"rt":6543,"url":"../static/nodeGraphs.html","edge":"2to6","edgeRT":"5065","skip":"false","flipped":"False","index":"1","edgeClickLog":"[{\"edgeSelection\":\"2to6\",\"edgeRTMS\":5065}]","trial_id":"cong_1","congruency":"C","task":"experiment","subjectId":"bw1kzc96zmb6tye","trial_type":"external-html","trial_index":27,"time_elapsed":421815,"internal_node_id":"0.0-9.0-0.18"},{"rt":3902,"url":"../static/nodeGraphs.html","edge":"2to6","edgeRT":"2825","skip":"false","flipped":"True","index":"17","edgeClickLog":"[{\"edgeSelection\":\"2to6\",\"edgeRTMS\":2825}]","trial_id":"cong_7_flipped","congruency":"C","task":"experiment","subjectId":"bw1kzc96zmb6tye","trial_type":"external-html","trial_index":28,"time_elapsed":426282,"internal_node_id":"0.0-9.0-0.19"},{"rt":9254,"url":"../static/nodeGraphs.html","edge":"5to8","edgeRT":"8112","skip":"false","flipped":"False","index":"20","edgeClickLog":"[{\"edgeSelection\":\"5to8\",\"edgeRTMS\":8112}]","trial_id":"test_0","congruency":"I","task":"experiment","subjectId":"bw1kzc96zmb6tye","trial_type":"external-html","trial_index":29,"time_elapsed":436265,"internal_node_id":"0.0-9.0-0.20"},{"rt":4761,"url":"../static/nodeGraphs.html","edge":"2to6","edgeRT":"3152","skip":"false","flipped":"False","index":"21","edgeClickLog":"[{\"edgeSelection\":\"2to6\",\"edgeRTMS\":3152}]","trial_id":"test_1","congruency":"I","task":"experiment","subjectId":"bw1kzc96zmb6tye","trial_type":"external-html","trial_index":30,"time_elapsed":441748,"internal_node_id":"0.0-9.0-0.21"},{"rt":3992,"url":"../static/nodeGraphs.html","edge":"0to3","edgeRT":"2313","skip":"false","flipped":"False","index":"22","edgeClickLog":"[{\"edgeSelection\":\"0to3\",\"edgeRTMS\":2313}]","trial_id":"test_2","congruency":"I","task":"experiment","subjectId":"bw1kzc96zmb6tye","trial_type":"external-html","trial_index":31,"time_elapsed":446299,"internal_node_id":"0.0-9.0-0.22"},{"rt":2876,"url":"../static/nodeGraphs.html","edge":"0to1","edgeRT":"1766","skip":"false","flipped":"False","index":"23","edgeClickLog":"[{\"edgeSelection\":\"0to1\",\"edgeRTMS\":1766}]","trial_id":"test_3","congruency":"I","task":"experiment","subjectId":"bw1kzc96zmb6tye","trial_type":"external-html","trial_index":32,"time_elapsed":449965,"internal_node_id":"0.0-9.0-0.23"},{"rt":5049,"url":"../static/nodeGraphs.html","edge":"0to1","edgeRT":"2424","skip":"false","flipped":"False","index":"24","edgeClickLog":"[{\"edgeSelection\":\"0to1\",\"edgeRTMS\":2424}]","trial_id":"test_4","congruency":"I","task":"experiment","subjectId":"bw1kzc96zmb6tye","trial_type":"external-html","trial_index":33,"time_elapsed":455582,"internal_node_id":"0.0-9.0-0.24"},{"rt":34050,"response":{"P0_Q0":null,"P0_Q1":5,"P0_Q2":3,"P0_Q3":4,"P0_Q4":5,"P0_Q5":5,"strategies":"I always chose a path that led to the greatest point value on the graph.","feedback":""},"accuracy":[],"trial_type":"survey","trial_index":34,"time_elapsed":490191,"internal_node_id":"0.0-10.0"},{"rt":3986,"stimulus":"<p>Thanks for your time!</p>        <p>We need to manually calculate your bonus pay, please give us up to 7 days.</p><p>Press any key to conclude.</p>","response":"enter","task":"end","subjectId":"bw1kzc96zmb6tye","trial_type":"html-keyboard-response","trial_index":35,"time_elapsed":494179,"internal_node_id":"0.0-11.0","interactions":"[{\"event\":\"fullscreenenter\",\"trial\":1,\"time\":1942},{\"event\":\"blur\",\"trial\":4,\"time\":117540},{\"event\":\"fullscreenexit\",\"trial\":4,\"time\":117568},{\"event\":\"focus\",\"trial\":4,\"time\":117699}]"}]