[{"success":true,"timeout":false,"failed_images":[],"failed_audio":[],"failed_video":[],"trial_type":"preload","trial_index":0,"time_elapsed":722,"internal_node_id":"0.0-0.0"},{"success":true,"trial_type":"fullscreen","trial_index":1,"time_elapsed":5300,"internal_node_id":"0.0-1.0"},{"rt":1341,"stimulus":"Welcome to the experiment. Press any key to begin.","response":" ","trial_type":"html-keyboard-response","trial_index":2,"time_elapsed":6645,"internal_node_id":"0.0-2.0"},{"view_history":[{"page_index":0,"viewing_time":5965},{"page_index":1,"viewing_time":6489},{"page_index":2,"viewing_time":35126},{"page_index":3,"viewing_time":5065},{"page_index":4,"viewing_time":1025},{"page_index":5,"viewing_time":616},{"page_index":6,"viewing_time":2250},{"page_index":7,"viewing_time":13292},{"page_index":8,"viewing_time":21960},{"page_index":9,"viewing_time":16427},{"page_index":10,"viewing_time":197415},{"page_index":11,"viewing_time":3686},{"page_index":12,"viewing_time":3362},{"page_index":13,"viewing_time":2167},{"page_index":14,"viewing_time":2224},{"page_index":15,"viewing_time":6328},{"page_index":16,"viewing_time":2612},{"page_index":17,"viewing_time":1083},{"page_index":18,"viewing_time":775},{"page_index":19,"viewing_time":7541},{"page_index":20,"viewing_time":5384},{"page_index":21,"viewing_time":3767}],"rt":344556,"trial_type":"instructions","trial_index":3,"time_elapsed":351202,"internal_node_id":"0.0-3.0"},{"rt":85050,"url":"../static/nodeGraphsTraining.html","skip":[],"edgeClickLog":[],"trial_type":"external-html","trial_index":4,"time_elapsed":436575,"internal_node_id":"0.0-4.0"},{"rt":29025,"response":{"q1":"The goal is to help the student to get the most points","q2":"False","q3":"Possible paths you, as the teacher, can choose to teach the learner.","q4":"Paths that the student took before."},"question_order":[0,1,2,3],"trial_type":"survey-multi-choice","trial_index":5,"time_elapsed":465605,"internal_node_id":"0.0-5.0"},{"rt":4291,"stimulus":"<p>You can take a 60 second break before starting the experiment.</p><br><br><p>This page will advance in 60 seconds or you can press any key to advance now.</p>","response":" ","trial_type":"html-keyboard-response","trial_index":6,"time_elapsed":469901,"internal_node_id":"0.0-7.0"},{"view_history":[{"page_index":0,"viewing_time":35223}],"rt":35224,"trial_type":"instructions","trial_index":7,"time_elapsed":505128,"internal_node_id":"0.0-8.0"},{"rt":11747,"url":"../static/nodeGraphs.html","edge":"5to8","edgeRT":"9713","skip":"false","flipped":"False","index":"4","edgeClickLog":"[{\"edgeSelection\":\"5to8\",\"edgeRTMS\":9713}]","trial_id":"cong_4","congruency":"C","task":"experiment","subjectId":"akjlau5cbxkhc18","trial_type":"external-html","trial_index":8,"time_elapsed":517040,"internal_node_id":"0.0-9.0-0.0"},{"rt":13232,"url":"../static/nodeGraphs.html","edge":"4to7","edgeRT":"11856","skip":"false","flipped":"False","index":"6","edgeClickLog":"[{\"edgeSelection\":\"4to7\",\"edgeRTMS\":11856}]","trial_id":"cong_6","congruency":"C","task":"experiment","subjectId":"akjlau5cbxkhc18","trial_type":"external-html","trial_index":9,"time_elapsed":530942,"internal_node_id":"0.0-9.0-0.1"},{"rt":15707,"url":"../static/nodeGraphs.html","edge":"1to5","edgeRT":"14139","skip":"false","flipped":"True","index":"13","edgeClickLog":"[{\"edgeSelection\":\"1to5\",\"edgeRTMS\":14139}]","trial_id":"cong_3_flipped","congruency":"C","task":"experiment","subjectId":"akjlau5cbxkhc18","trial_type":"external-html","trial_index":10,"time_elapsed":547315,"internal_node_id":"0.0-9.0-0.2"},{"rt":10091,"url":"../static/nodeGraphs.html","edge":"2to4","edgeRT":"8676","skip":"false","flipped":"True","index":"11","edgeClickLog":"[{\"edgeSelection\":\"2to4\",\"edgeRTMS\":8676}]","trial_id":"cong_1_flipped","congruency":"C","task":"experiment","subjectId":"akjlau5cbxkhc18","trial_type":"external-html","trial_index":11,"time_elapsed":558070,"internal_node_id":"0.0-9.0-0.3"},{"rt":14052,"url":"../static/nodeGraphs.html","edge":"3to6","edgeRT":"11788","skip":"false","flipped":"True","index":"18","edgeClickLog":"[{\"edgeSelection\":\"3to6\",\"edgeRTMS\":11788}]","trial_id":"cong_8_flipped","congruency":"C","task":"experiment","subjectId":"akjlau5cbxkhc18","trial_type":"external-html","trial_index":12,"time_elapsed":572783,"internal_node_id":"0.0-9.0-0.4"},{"rt":5313,"url":"../static/nodeGraphs.html","edge":"2to6","edgeRT":"3952","skip":"false","flipped":"True","index":"14","edgeClickLog":"[{\"edgeSelection\":\"2to6\",\"edgeRTMS\":3952}]","trial_id":"cong_4_flipped","congruency":"C","task":"experiment","subjectId":"akjlau5cbxkhc18","trial_type":"external-html","trial_index":13,"time_elapsed":578762,"internal_node_id":"0.0-9.0-0.5"},{"rt":10787,"url":"../static/nodeGraphs.html","edge":"1to4","edgeRT":"8942","skip":"false","flipped":"False","index":"8","edgeClickLog":"[{\"edgeSelection\":\"1to4\",\"edgeRTMS\":8942}]","trial_id":"cong_8","congruency":"C","task":"experiment","subjectId":"akjlau5cbxkhc18","trial_type":"external-html","trial_index":14,"time_elapsed":590216,"internal_node_id":"0.0-9.0-0.6"},{"rt":5260,"url":"../static/nodeGraphs.html","edge":"3to6","edgeRT":"3617","skip":"false","flipped":"True","index":"10","edgeClickLog":"[{\"edgeSelection\":\"3to6\",\"edgeRTMS\":3617}]","trial_id":"cong_0_flipped","congruency":"C","task":"experiment","subjectId":"akjlau5cbxkhc18","trial_type":"external-html","trial_index":15,"time_elapsed":596139,"internal_node_id":"0.0-9.0-0.7"},{"rt":18777,"url":"../static/nodeGraphs.html","edge":"5to9","edgeRT":"16730","skip":"false","flipped":"False","index":"2","edgeClickLog":"[{\"edgeSelection\":\"5to9\",\"edgeRTMS\":16730}]","trial_id":"cong_2","congruency":"C","task":"experiment","subjectId":"akjlau5cbxkhc18","trial_type":"external-html","trial_index":16,"time_elapsed":615583,"internal_node_id":"0.0-9.0-0.8"},{"rt":5177,"url":"../static/nodeGraphs.html","edge":"2to6","edgeRT":"3523","skip":"false","flipped":"False","index":"1","edgeClickLog":"[{\"edgeSelection\":\"2to6\",\"edgeRTMS\":3523}]","trial_id":"cong_1","congruency":"C","task":"experiment","subjectId":"akjlau5cbxkhc18","trial_type":"external-html","trial_index":17,"time_elapsed":621425,"internal_node_id":"0.0-9.0-0.9"},{"rt":4108,"url":"../static/nodeGraphs.html","edge":"1to4","edgeRT":"2857","skip":"false","flipped":"False","index":"0","edgeClickLog":"[{\"edgeSelection\":\"1to4\",\"edgeRTMS\":2857}]","trial_id":"cong_0","congruency":"C","task":"experiment","subjectId":"akjlau5cbxkhc18","trial_type":"external-html","trial_index":18,"time_elapsed":626203,"internal_node_id":"0.0-9.0-0.10"},{"rt":5726,"url":"../static/nodeGraphs.html","edge":"3to5","edgeRT":"4366","skip":"false","flipped":"False","index":"3","edgeClickLog":"[{\"edgeSelection\":\"3to5\",\"edgeRTMS\":4366}]","trial_id":"cong_3","congruency":"C","task":"experiment","subjectId":"akjlau5cbxkhc18","trial_type":"external-html","trial_index":19,"time_elapsed":632594,"internal_node_id":"0.0-9.0-0.11"},{"rt":6518,"url":"../static/nodeGraphs.html","edge":"0to3","edgeRT":"5066","skip":"false","flipped":"True","index":"15","edgeClickLog":"[{\"edgeSelection\":\"0to3\",\"edgeRTMS\":5066}]","trial_id":"cong_5_flipped","congruency":"C","task":"experiment","subjectId":"akjlau5cbxkhc18","trial_type":"external-html","trial_index":20,"time_elapsed":639777,"internal_node_id":"0.0-9.0-0.12"},{"rt":11732,"url":"../static/nodeGraphs.html","edge":"2to5","edgeRT":"3670","skip":"false","flipped":"True","index":"16","edgeClickLog":"[{\"edgeSelection\":\"2to5\",\"edgeRTMS\":3670}]","trial_id":"cong_6_flipped","congruency":"C","task":"experiment","subjectId":"akjlau5cbxkhc18","trial_type":"external-html","trial_index":21,"time_elapsed":652170,"internal_node_id":"0.0-9.0-0.13"},{"rt":3956,"url":"../static/nodeGraphs.html","edge":"2to5","edgeRT":"2614","skip":"false","flipped":"False","index":"9","edgeClickLog":"[{\"edgeSelection\":\"2to5\",\"edgeRTMS\":2614}]","trial_id":"cong_9","congruency":"C","task":"experiment","subjectId":"akjlau5cbxkhc18","trial_type":"external-html","trial_index":22,"time_elapsed":656789,"internal_node_id":"0.0-9.0-0.14"},{"rt":11468,"url":"../static/nodeGraphs.html","edge":"5to7","edgeRT":"10203","skip":"false","flipped":"True","index":"12","edgeClickLog":"[{\"edgeSelection\":\"5to7\",\"edgeRTMS\":10203}]","trial_id":"cong_2_flipped","congruency":"C","task":"experiment","subjectId":"akjlau5cbxkhc18","trial_type":"external-html","trial_index":23,"time_elapsed":668921,"internal_node_id":"0.0-9.0-0.15"},{"rt":6205,"url":"../static/nodeGraphs.html","edge":"2to4","edgeRT":"5071","skip":"false","flipped":"False","index":"7","edgeClickLog":"[{\"edgeSelection\":\"2to4\",\"edgeRTMS\":5071}]","trial_id":"cong_7","congruency":"C","task":"experiment","subjectId":"akjlau5cbxkhc18","trial_type":"external-html","trial_index":24,"time_elapsed":675788,"internal_node_id":"0.0-9.0-0.16"},{"rt":5814,"url":"../static/nodeGraphs.html","edge":"0to1","edgeRT":"4791","skip":"false","flipped":"False","index":"5","edgeClickLog":"[{\"edgeSelection\":\"0to1\",\"edgeRTMS\":4791}]","trial_id":"cong_5","congruency":"C","task":"experiment","subjectId":"akjlau5cbxkhc18","trial_type":"external-html","trial_index":25,"time_elapsed":682267,"internal_node_id":"0.0-9.0-0.17"},{"rt":3719,"url":"../static/nodeGraphs.html","edge":"2to5","edgeRT":"2530","skip":"false","flipped":"True","index":"19","edgeClickLog":"[{\"edgeSelection\":\"2to5\",\"edgeRTMS\":2530}]","trial_id":"cong_9_flipped","congruency":"C","task":"experiment","subjectId":"akjlau5cbxkhc18","trial_type":"external-html","trial_index":26,"time_elapsed":686650,"internal_node_id":"0.0-9.0-0.18"},{"rt":8105,"url":"../static/nodeGraphs.html","edge":"2to6","edgeRT":"6776","skip":"false","flipped":"True","index":"17","edgeClickLog":"[{\"edgeSelection\":\"2to6\",\"edgeRTMS\":6776}]","trial_id":"cong_7_flipped","congruency":"C","task":"experiment","subjectId":"akjlau5cbxkhc18","trial_type":"external-html","trial_index":27,"time_elapsed":695419,"internal_node_id":"0.0-9.0-0.19"},{"rt":8985,"url":"../static/nodeGraphs.html","edge":"6to8","edgeRT":"7879","skip":"false","flipped":"False","index":"20","edgeClickLog":"[{\"edgeSelection\":\"6to8\",\"edgeRTMS\":7879}]","trial_id":"test_0","congruency":"I","task":"experiment","subjectId":"akjlau5cbxkhc18","trial_type":"external-html","trial_index":28,"time_elapsed":705070,"internal_node_id":"0.0-9.0-0.20"},{"rt":8057,"url":"../static/nodeGraphs.html","edge":"3to6","edgeRT":"6422","skip":"false","flipped":"False","index":"21","edgeClickLog":"[{\"edgeSelection\":\"3to6\",\"edgeRTMS\":6422}]","trial_id":"test_1","congruency":"I","task":"experiment","subjectId":"akjlau5cbxkhc18","trial_type":"external-html","trial_index":29,"time_elapsed":713790,"internal_node_id":"0.0-9.0-0.21"},{"rt":7309,"url":"../static/nodeGraphs.html","edge":"3to6","edgeRT":"2480","skip":"false","flipped":"False","index":"22","edgeClickLog":"[{\"edgeSelection\":\"3to6\",\"edgeRTMS\":2480}]","trial_id":"test_2","congruency":"I","task":"experiment","subjectId":"akjlau5cbxkhc18","trial_type":"external-html","trial_index":30,"time_elapsed":721768,"internal_node_id":"0.0-9.0-0.22"},{"rt":3802,"url":"../static/nodeGraphs.html","edge":"1to5","edgeRT":"2358","skip":"false","flipped":"False","index":"23","edgeClickLog":"[{\"edgeSelection\":\"1to5\",\"edgeRTMS\":2358}]","trial_id":"test_3","congruency":"I","task":"experiment","subjectId":"akjlau5cbxkhc18","trial_type":"external-html","trial_index":31,"time_elapsed":726239,"internal_node_id":"0.0-9.0-0.23"},{"rt":12394,"url":"../static/nodeGraphs.html","edge":"6to9","edgeRT":"10994","skip":"false","flipped":"False","index":"24","edgeClickLog":"[{\"edgeSelection\":\"6to9\",\"edgeRTMS\":10994}]","trial_id":"test_4","congruency":"I","task":"experiment","subjectId":"akjlau5cbxkhc18","trial_type":"external-html","trial_index":32,"time_elapsed":739296,"internal_node_id":"0.0-9.0-0.24"},{"rt":27853,"response":{"P0_Q0":null,"P0_Q1":4,"P0_Q2":3,"P0_Q3":6,"P0_Q4":4,"P0_Q5":1,"strategies":"The path that would lead to the highest points.","feedback":""},"accuracy":[],"trial_type":"survey","trial_index":33,"time_elapsed":767736,"internal_node_id":"0.0-10.0"},{"rt":2687,"stimulus":"<p>Thanks for your time!</p>        <p>We need to manually calculate your bonus pay, please give us up to 7 days.</p><p>Press any key to conclude.</p>","response":" ","task":"end","subjectId":"akjlau5cbxkhc18","trial_type":"html-keyboard-response","trial_index":34,"time_elapsed":770428,"internal_node_id":"0.0-11.0","interactions":"[{\"event\":\"fullscreenenter\",\"trial\":1,\"time\":4357},{\"event\":\"blur\",\"trial\":4,\"time\":383900},{\"event\":\"focus\",\"trial\":4,\"time\":383901},{\"event\":\"fullscreenexit\",\"trial\":4,\"time\":383914},{\"event\":\"blur\",\"trial\":16,\"time\":610744},{\"event\":\"focus\",\"trial\":16,\"time\":610747}]"}]