[{"success":true,"timeout":false,"failed_images":[],"failed_audio":[],"failed_video":[],"trial_type":"preload","trial_index":0,"time_elapsed":205,"internal_node_id":"0.0-0.0"},{"success":true,"trial_type":"fullscreen","trial_index":1,"time_elapsed":3556,"internal_node_id":"0.0-1.0"},{"rt":2456,"stimulus":"Welcome to the experiment. Press any key to begin.","response":"m","trial_type":"html-keyboard-response","trial_index":2,"time_elapsed":6014,"internal_node_id":"0.0-2.0"},{"view_history":[{"page_index":0,"viewing_time":7421},{"page_index":1,"viewing_time":4569},{"page_index":2,"viewing_time":38518},{"page_index":3,"viewing_time":8435},{"page_index":4,"viewing_time":1349},{"page_index":5,"viewing_time":1111},{"page_index":6,"viewing_time":3797},{"page_index":7,"viewing_time":18829},{"page_index":8,"viewing_time":32113},{"page_index":9,"viewing_time":14889},{"page_index":10,"viewing_time":2283},{"page_index":11,"viewing_time":1181},{"page_index":12,"viewing_time":638},{"page_index":13,"viewing_time":2266},{"page_index":14,"viewing_time":7144},{"page_index":15,"viewing_time":12758},{"page_index":16,"viewing_time":1282},{"page_index":17,"viewing_time":717},{"page_index":18,"viewing_time":1285},{"page_index":19,"viewing_time":7099},{"page_index":20,"viewing_time":11607},{"page_index":21,"viewing_time":2330}],"rt":181621,"trial_type":"instructions","trial_index":3,"time_elapsed":187636,"internal_node_id":"0.0-3.0"},{"rt":105190,"url":"../static/nodeGraphsTraining.html","skip":[],"edgeClickLog":[],"trial_type":"external-html","trial_index":4,"time_elapsed":293025,"internal_node_id":"0.0-4.0"},{"rt":39074,"response":{"q1":"The goal is to help the student to get the most points","q2":"False","q3":"Possible paths you, as the teacher, can choose to teach the learner.","q4":"Paths that the student took before."},"question_order":[0,1,2,3],"trial_type":"survey-multi-choice","trial_index":5,"time_elapsed":332105,"internal_node_id":"0.0-5.0"},{"rt":21491,"stimulus":"<p>You can take a 60 second break before starting the experiment.</p><br><br><p>This page will advance in 60 seconds or you can press any key to advance now.</p>","response":"l","trial_type":"html-keyboard-response","trial_index":6,"time_elapsed":353600,"internal_node_id":"0.0-7.0"},{"view_history":[{"page_index":0,"viewing_time":28207}],"rt":28208,"trial_type":"instructions","trial_index":7,"time_elapsed":381809,"internal_node_id":"0.0-8.0"},{"rt":11744,"url":"../static/nodeGraphs.html","edge":"6to8","edgeRT":"9814","skip":"false","flipped":"False","index":"3","edgeClickLog":"[{\"edgeSelection\":\"0to2\",\"edgeRTMS\":6401},{\"edgeSelection\":\"2to6\",\"edgeRTMS\":7706},{\"edgeSelection\":\"6to8\",\"edgeRTMS\":9814}]","trial_id":"incong_3","congruency":"I","task":"experiment","subjectId":"8t49a4h7ldthhow","trial_type":"external-html","trial_index":8,"time_elapsed":393653,"internal_node_id":"0.0-9.0-0.0"},{"rt":12688,"url":"../static/nodeGraphs.html","edge":"6to8","edgeRT":"11275","skip":"false","flipped":"True","index":"10","edgeClickLog":"[{\"edgeSelection\":\"0to3\",\"edgeRTMS\":8647},{\"edgeSelection\":\"3to6\",\"edgeRTMS\":9857},{\"edgeSelection\":\"6to8\",\"edgeRTMS\":11275}]","trial_id":"incong_0_flipped","congruency":"I","task":"experiment","subjectId":"8t49a4h7ldthhow","trial_type":"external-html","trial_index":9,"time_elapsed":406946,"internal_node_id":"0.0-9.0-0.1"},{"rt":11121,"url":"../static/nodeGraphs.html","edge":"4to7","edgeRT":"9633","skip":"false","flipped":"False","index":"5","edgeClickLog":"[{\"edgeSelection\":\"0to2\",\"edgeRTMS\":6226},{\"edgeSelection\":\"2to4\",\"edgeRTMS\":7986},{\"edgeSelection\":\"4to7\",\"edgeRTMS\":9633}]","trial_id":"incong_5","congruency":"I","task":"experiment","subjectId":"8t49a4h7ldthhow","trial_type":"external-html","trial_index":10,"time_elapsed":418680,"internal_node_id":"0.0-9.0-0.2"},{"rt":13832,"url":"../static/nodeGraphs.html","edge":"5to8","edgeRT":"12087","skip":"false","flipped":"True","index":"17","edgeClickLog":"[{\"edgeSelection\":\"5to8\",\"edgeRTMS\":12087}]","trial_id":"incong_7_flipped","congruency":"I","task":"experiment","subjectId":"8t49a4h7ldthhow","trial_type":"external-html","trial_index":11,"time_elapsed":433117,"internal_node_id":"0.0-9.0-0.3"},{"rt":9434,"url":"../static/nodeGraphs.html","edge":"6to8","edgeRT":"7981","skip":"false","flipped":"False","index":"6","edgeClickLog":"[{\"edgeSelection\":\"6to8\",\"edgeRTMS\":7981}]","trial_id":"incong_6","congruency":"I","task":"experiment","subjectId":"8t49a4h7ldthhow","trial_type":"external-html","trial_index":12,"time_elapsed":443152,"internal_node_id":"0.0-9.0-0.4"},{"rt":16051,"url":"../static/nodeGraphs.html","edge":"5to8","edgeRT":"11964","skip":"false","flipped":"False","index":"9","edgeClickLog":"[{\"edgeSelection\":\"1to5\",\"edgeRTMS\":6875},{\"edgeSelection\":\"5to8\",\"edgeRTMS\":11964}]","trial_id":"incong_9","congruency":"I","task":"experiment","subjectId":"8t49a4h7ldthhow","trial_type":"external-html","trial_index":13,"time_elapsed":459815,"internal_node_id":"0.0-9.0-0.5"},{"rt":8047,"url":"../static/nodeGraphs.html","edge":"5to8","edgeRT":"6447","skip":"false","flipped":"False","index":"7","edgeClickLog":"[{\"edgeSelection\":\"5to8\",\"edgeRTMS\":6447}]","trial_id":"incong_7","congruency":"I","task":"experiment","subjectId":"8t49a4h7ldthhow","trial_type":"external-html","trial_index":14,"time_elapsed":468460,"internal_node_id":"0.0-9.0-0.6"},{"rt":8509,"url":"../static/nodeGraphs.html","edge":"6to9","edgeRT":"6886","skip":"false","flipped":"False","index":"1","edgeClickLog":"[{\"edgeSelection\":\"6to9\",\"edgeRTMS\":6886}]","trial_id":"incong_1","congruency":"I","task":"experiment","subjectId":"8t49a4h7ldthhow","trial_type":"external-html","trial_index":15,"time_elapsed":477573,"internal_node_id":"0.0-9.0-0.7"},{"rt":20295,"url":"../static/nodeGraphs.html","edge":"0to3","edgeRT":"17906","skip":"false","flipped":"True","index":"14","edgeClickLog":"[{\"edgeSelection\":\"0to3\",\"edgeRTMS\":17906}]","trial_id":"incong_4_flipped","congruency":"I","task":"experiment","subjectId":"8t49a4h7ldthhow","trial_type":"external-html","trial_index":16,"time_elapsed":498587,"internal_node_id":"0.0-9.0-0.8"},{"rt":8004,"url":"../static/nodeGraphs.html","edge":"0to2","edgeRT":"5366","skip":"false","flipped":"True","index":"16","edgeClickLog":"[{\"edgeSelection\":\"0to2\",\"edgeRTMS\":5366}]","trial_id":"incong_6_flipped","congruency":"I","task":"experiment","subjectId":"8t49a4h7ldthhow","trial_type":"external-html","trial_index":17,"time_elapsed":507194,"internal_node_id":"0.0-9.0-0.9"},{"rt":13869,"url":"../static/nodeGraphs.html","edge":"6to8","edgeRT":"12136","skip":"false","flipped":"True","index":"19","edgeClickLog":"[{\"edgeSelection\":\"5to9\",\"edgeRTMS\":10424},{\"edgeSelection\":\"6to8\",\"edgeRTMS\":12136}]","trial_id":"incong_9_flipped","congruency":"I","task":"experiment","subjectId":"8t49a4h7ldthhow","trial_type":"external-html","trial_index":18,"time_elapsed":521665,"internal_node_id":"0.0-9.0-0.10"},{"rt":9971,"url":"../static/nodeGraphs.html","edge":"5to8","edgeRT":"7911","skip":"false","flipped":"False","index":"8","edgeClickLog":"[{\"edgeSelection\":\"5to8\",\"edgeRTMS\":7911}]","trial_id":"incong_8","congruency":"I","task":"experiment","subjectId":"8t49a4h7ldthhow","trial_type":"external-html","trial_index":19,"time_elapsed":532242,"internal_node_id":"0.0-9.0-0.11"},{"rt":8352,"url":"../static/nodeGraphs.html","edge":"4to7","edgeRT":"6833","skip":"false","flipped":"True","index":"11","edgeClickLog":"[{\"edgeSelection\":\"4to7\",\"edgeRTMS\":6833}]","trial_id":"incong_1_flipped","congruency":"I","task":"experiment","subjectId":"8t49a4h7ldthhow","trial_type":"external-html","trial_index":20,"time_elapsed":541202,"internal_node_id":"0.0-9.0-0.12"},{"rt":13539,"url":"../static/nodeGraphs.html","edge":"0to3","edgeRT":"10567","skip":"false","flipped":"True","index":"18","edgeClickLog":"[{\"edgeSelection\":\"0to3\",\"edgeRTMS\":10567}]","trial_id":"incong_8_flipped","congruency":"I","task":"experiment","subjectId":"8t49a4h7ldthhow","trial_type":"external-html","trial_index":21,"time_elapsed":555347,"internal_node_id":"0.0-9.0-0.13"},{"rt":9469,"url":"../static/nodeGraphs.html","edge":"0to2","edgeRT":"7803","skip":"false","flipped":"True","index":"13","edgeClickLog":"[{\"edgeSelection\":\"0to2\",\"edgeRTMS\":7803}]","trial_id":"incong_3_flipped","congruency":"I","task":"experiment","subjectId":"8t49a4h7ldthhow","trial_type":"external-html","trial_index":22,"time_elapsed":565419,"internal_node_id":"0.0-9.0-0.14"},{"rt":13310,"url":"../static/nodeGraphs.html","edge":"1to4","edgeRT":"9258","skip":"false","flipped":"True","index":"15","edgeClickLog":"[{\"edgeSelection\":\"1to4\",\"edgeRTMS\":9258}]","trial_id":"incong_5_flipped","congruency":"I","task":"experiment","subjectId":"8t49a4h7ldthhow","trial_type":"external-html","trial_index":23,"time_elapsed":579346,"internal_node_id":"0.0-9.0-0.15"},{"rt":12186,"url":"../static/nodeGraphs.html","edge":"0to2","edgeRT":"8672","skip":"false","flipped":"False","index":"2","edgeClickLog":"[{\"edgeSelection\":\"0to2\",\"edgeRTMS\":8672}]","trial_id":"incong_2","congruency":"I","task":"experiment","subjectId":"8t49a4h7ldthhow","trial_type":"external-html","trial_index":24,"time_elapsed":592136,"internal_node_id":"0.0-9.0-0.16"},{"rt":13591,"url":"../static/nodeGraphs.html","edge":"0to3","edgeRT":"8993","skip":"false","flipped":"True","index":"12","edgeClickLog":"[{\"edgeSelection\":\"0to3\",\"edgeRTMS\":8993}]","trial_id":"incong_2_flipped","congruency":"I","task":"experiment","subjectId":"8t49a4h7ldthhow","trial_type":"external-html","trial_index":25,"time_elapsed":606322,"internal_node_id":"0.0-9.0-0.17"},{"rt":10359,"url":"../static/nodeGraphs.html","edge":"6to8","edgeRT":"7086","skip":"false","flipped":"False","index":"0","edgeClickLog":"[{\"edgeSelection\":\"6to8\",\"edgeRTMS\":7086}]","trial_id":"incong_0","congruency":"I","task":"experiment","subjectId":"8t49a4h7ldthhow","trial_type":"external-html","trial_index":26,"time_elapsed":617284,"internal_node_id":"0.0-9.0-0.18"},{"rt":13407,"url":"../static/nodeGraphs.html","edge":"0to1","edgeRT":"9392","skip":"false","flipped":"False","index":"4","edgeClickLog":"[{\"edgeSelection\":\"0to1\",\"edgeRTMS\":9392}]","trial_id":"incong_4","congruency":"I","task":"experiment","subjectId":"8t49a4h7ldthhow","trial_type":"external-html","trial_index":27,"time_elapsed":631301,"internal_node_id":"0.0-9.0-0.19"},{"rt":9678,"url":"../static/nodeGraphs.html","edge":"3to6","edgeRT":"7545","skip":"false","flipped":"False","index":"20","edgeClickLog":"[{\"edgeSelection\":\"3to6\",\"edgeRTMS\":7545}]","trial_id":"test_0","congruency":"I","task":"experiment","subjectId":"8t49a4h7ldthhow","trial_type":"external-html","trial_index":28,"time_elapsed":641580,"internal_node_id":"0.0-9.0-0.20"},{"rt":16662,"url":"../static/nodeGraphs.html","edge":"4to7","edgeRT":"13995","skip":"false","flipped":"False","index":"21","edgeClickLog":"[{\"edgeSelection\":\"0to3\",\"edgeRTMS\":6359},{\"edgeSelection\":\"4to7\",\"edgeRTMS\":13995}]","trial_id":"test_1","congruency":"I","task":"experiment","subjectId":"8t49a4h7ldthhow","trial_type":"external-html","trial_index":29,"time_elapsed":658845,"internal_node_id":"0.0-9.0-0.21"},{"rt":7689,"url":"../static/nodeGraphs.html","edge":"6to8","edgeRT":"5044","skip":"false","flipped":"False","index":"22","edgeClickLog":"[{\"edgeSelection\":\"6to8\",\"edgeRTMS\":5044}]","trial_id":"test_2","congruency":"I","task":"experiment","subjectId":"8t49a4h7ldthhow","trial_type":"external-html","trial_index":30,"time_elapsed":667142,"internal_node_id":"0.0-9.0-0.22"},{"rt":12371,"url":"../static/nodeGraphs.html","edge":"5to9","edgeRT":"10981","skip":"false","flipped":"False","index":"23","edgeClickLog":"[{\"edgeSelection\":\"5to9\",\"edgeRTMS\":10981}]","trial_id":"test_3","congruency":"I","task":"experiment","subjectId":"8t49a4h7ldthhow","trial_type":"external-html","trial_index":31,"time_elapsed":680119,"internal_node_id":"0.0-9.0-0.23"},{"rt":14227,"url":"../static/nodeGraphs.html","edge":"1to5","edgeRT":"11957","skip":"false","flipped":"False","index":"24","edgeClickLog":"[{\"edgeSelection\":\"1to5\",\"edgeRTMS\":11957}]","trial_id":"test_4","congruency":"I","task":"experiment","subjectId":"8t49a4h7ldthhow","trial_type":"external-html","trial_index":32,"time_elapsed":694944,"internal_node_id":"0.0-9.0-0.24"},{"rt":105136,"response":{"P0_Q0":null,"P0_Q1":5,"P0_Q2":3,"P0_Q3":6,"P0_Q4":5,"P0_Q5":4,"strategies":"make sure the next path would lead to increase in score","feedback":"better understood instructions after a few moves"},"accuracy":[],"trial_type":"survey","trial_index":33,"time_elapsed":800678,"internal_node_id":"0.0-10.0"},{"rt":6226,"stimulus":"<p>Thanks for your time!</p>        <p>We need to manually calculate your bonus pay, please give us up to 7 days.</p><p>Press any key to conclude.</p>","response":"j","task":"end","subjectId":"8t49a4h7ldthhow","trial_type":"html-keyboard-response","trial_index":34,"time_elapsed":806908,"internal_node_id":"0.0-11.0","interactions":"[{\"event\":\"fullscreenenter\",\"trial\":1,\"time\":2572},{\"event\":\"blur\",\"trial\":4,\"time\":210975},{\"event\":\"focus\",\"trial\":4,\"time\":210976},{\"event\":\"fullscreenexit\",\"trial\":4,\"time\":210989}]"}]