[{"success":true,"timeout":false,"failed_images":[],"failed_audio":[],"failed_video":[],"trial_type":"preload","trial_index":0,"time_elapsed":213,"internal_node_id":"0.0-0.0"},{"success":true,"trial_type":"fullscreen","trial_index":1,"time_elapsed":4576,"internal_node_id":"0.0-1.0"},{"rt":2671,"stimulus":"Welcome to the experiment. Press any key to begin.","response":" ","trial_type":"html-keyboard-response","trial_index":2,"time_elapsed":7249,"internal_node_id":"0.0-2.0"},{"view_history":[{"page_index":0,"viewing_time":6263},{"page_index":1,"viewing_time":4600},{"page_index":2,"viewing_time":58417},{"page_index":3,"viewing_time":13528},{"page_index":4,"viewing_time":10431},{"page_index":5,"viewing_time":1448},{"page_index":6,"viewing_time":2799},{"page_index":7,"viewing_time":18281},{"page_index":8,"viewing_time":22801},{"page_index":9,"viewing_time":28759},{"page_index":10,"viewing_time":8336},{"page_index":11,"viewing_time":2151},{"page_index":12,"viewing_time":1608},{"page_index":13,"viewing_time":2409},{"page_index":14,"viewing_time":4032},{"page_index":15,"viewing_time":28528},{"page_index":16,"viewing_time":6560},{"page_index":17,"viewing_time":12487},{"page_index":18,"viewing_time":9441},{"page_index":19,"viewing_time":7832},{"page_index":20,"viewing_time":26872},{"page_index":21,"viewing_time":5256}],"rt":282839,"trial_type":"instructions","trial_index":3,"time_elapsed":290088,"internal_node_id":"0.0-3.0"},{"rt":212280,"url":"../static/nodeGraphsTraining.html","skip":[],"edgeClickLog":[],"trial_type":"external-html","trial_index":4,"time_elapsed":502506,"internal_node_id":"0.0-4.0"},{"rt":30231,"response":{"q1":"The goal is to help the student to get the most points","q2":"False","q3":"Possible paths you, as the teacher, can choose to teach the learner.","q4":"Paths that the student took before."},"question_order":[0,1,2,3],"trial_type":"survey-multi-choice","trial_index":5,"time_elapsed":532739,"internal_node_id":"0.0-5.0"},{"rt":24661,"stimulus":"<p>You can take a 60 second break before starting the experiment.</p><br><br><p>This page will advance in 60 seconds or you can press any key to advance now.</p>","response":" ","trial_type":"html-keyboard-response","trial_index":6,"time_elapsed":557401,"internal_node_id":"0.0-7.0"},{"view_history":[{"page_index":0,"viewing_time":23495}],"rt":23495,"trial_type":"instructions","trial_index":7,"time_elapsed":580896,"internal_node_id":"0.0-8.0"},{"rt":25385,"url":"../static/nodeGraphs.html","edge":"2to4","edgeRT":"23891","skip":"false","flipped":"False","index":"7","edgeClickLog":"[{\"edgeSelection\":\"2to4\",\"edgeRTMS\":23891}]","trial_id":"cong_7","congruency":"C","task":"experiment","subjectId":"ydc7a99g15od6nt","trial_type":"external-html","trial_index":8,"time_elapsed":606418,"internal_node_id":"0.0-9.0-0.0"},{"rt":17058,"url":"../static/nodeGraphs.html","edge":"2to5","edgeRT":"15798","skip":"false","flipped":"True","index":"19","edgeClickLog":"[{\"edgeSelection\":\"2to5\",\"edgeRTMS\":15798}]","trial_id":"cong_9_flipped","congruency":"C","task":"experiment","subjectId":"ydc7a99g15od6nt","trial_type":"external-html","trial_index":9,"time_elapsed":624026,"internal_node_id":"0.0-9.0-0.1"},{"rt":15433,"url":"../static/nodeGraphs.html","edge":"5to9","edgeRT":"13991","skip":"false","flipped":"False","index":"2","edgeClickLog":"[{\"edgeSelection\":\"6to8\",\"edgeRTMS\":12341},{\"edgeSelection\":\"5to9\",\"edgeRTMS\":13991}]","trial_id":"cong_2","congruency":"C","task":"experiment","subjectId":"ydc7a99g15od6nt","trial_type":"external-html","trial_index":10,"time_elapsed":640011,"internal_node_id":"0.0-9.0-0.2"},{"rt":20898,"url":"../static/nodeGraphs.html","edge":"6to9","edgeRT":"19455","skip":"false","flipped":"True","index":"18","edgeClickLog":"[{\"edgeSelection\":\"6to9\",\"edgeRTMS\":19455}]","trial_id":"cong_8_flipped","congruency":"C","task":"experiment","subjectId":"ydc7a99g15od6nt","trial_type":"external-html","trial_index":11,"time_elapsed":661467,"internal_node_id":"0.0-9.0-0.3"},{"rt":22219,"url":"../static/nodeGraphs.html","edge":"0to1","edgeRT":"21049","skip":"false","flipped":"False","index":"5","edgeClickLog":"[{\"edgeSelection\":\"0to1\",\"edgeRTMS\":21049}]","trial_id":"cong_5","congruency":"C","task":"experiment","subjectId":"ydc7a99g15od6nt","trial_type":"external-html","trial_index":12,"time_elapsed":684234,"internal_node_id":"0.0-9.0-0.4"},{"rt":13614,"url":"../static/nodeGraphs.html","edge":"3to6","edgeRT":"11997","skip":"false","flipped":"True","index":"15","edgeClickLog":"[{\"edgeSelection\":\"3to6\",\"edgeRTMS\":11997}]","trial_id":"cong_5_flipped","congruency":"C","task":"experiment","subjectId":"ydc7a99g15od6nt","trial_type":"external-html","trial_index":13,"time_elapsed":698410,"internal_node_id":"0.0-9.0-0.5"},{"rt":8529,"url":"../static/nodeGraphs.html","edge":"2to5","edgeRT":"7015","skip":"false","flipped":"True","index":"16","edgeClickLog":"[{\"edgeSelection\":\"2to5\",\"edgeRTMS\":7015}]","trial_id":"cong_6_flipped","congruency":"C","task":"experiment","subjectId":"ydc7a99g15od6nt","trial_type":"external-html","trial_index":14,"time_elapsed":707490,"internal_node_id":"0.0-9.0-0.6"},{"rt":10298,"url":"../static/nodeGraphs.html","edge":"2to6","edgeRT":"8808","skip":"false","flipped":"True","index":"17","edgeClickLog":"[{\"edgeSelection\":\"2to6\",\"edgeRTMS\":8808}]","trial_id":"cong_7_flipped","congruency":"C","task":"experiment","subjectId":"ydc7a99g15od6nt","trial_type":"external-html","trial_index":15,"time_elapsed":718338,"internal_node_id":"0.0-9.0-0.7"},{"rt":8255,"url":"../static/nodeGraphs.html","edge":"2to5","edgeRT":"7094","skip":"false","flipped":"False","index":"6","edgeClickLog":"[{\"edgeSelection\":\"2to5\",\"edgeRTMS\":7094}]","trial_id":"cong_6","congruency":"C","task":"experiment","subjectId":"ydc7a99g15od6nt","trial_type":"external-html","trial_index":16,"time_elapsed":727147,"internal_node_id":"0.0-9.0-0.8"},{"rt":17418,"url":"../static/nodeGraphs.html","edge":"3to5","edgeRT":"16209","skip":"false","flipped":"False","index":"3","edgeClickLog":"[{\"edgeSelection\":\"3to5\",\"edgeRTMS\":16209}]","trial_id":"cong_3","congruency":"C","task":"experiment","subjectId":"ydc7a99g15od6nt","trial_type":"external-html","trial_index":17,"time_elapsed":745123,"internal_node_id":"0.0-9.0-0.9"},{"rt":9486,"url":"../static/nodeGraphs.html","edge":"1to4","edgeRT":"8341","skip":"false","flipped":"False","index":"0","edgeClickLog":"[{\"edgeSelection\":\"1to4\",\"edgeRTMS\":8341}]","trial_id":"cong_0","congruency":"C","task":"experiment","subjectId":"ydc7a99g15od6nt","trial_type":"external-html","trial_index":18,"time_elapsed":755186,"internal_node_id":"0.0-9.0-0.10"},{"rt":17250,"url":"../static/nodeGraphs.html","edge":"1to4","edgeRT":"15682","skip":"false","flipped":"False","index":"8","edgeClickLog":"[{\"edgeSelection\":\"1to4\",\"edgeRTMS\":15682}]","trial_id":"cong_8","congruency":"C","task":"experiment","subjectId":"ydc7a99g15od6nt","trial_type":"external-html","trial_index":19,"time_elapsed":772987,"internal_node_id":"0.0-9.0-0.11"},{"rt":7905,"url":"../static/nodeGraphs.html","edge":"2to5","edgeRT":"6912","skip":"false","flipped":"False","index":"9","edgeClickLog":"[{\"edgeSelection\":\"2to5\",\"edgeRTMS\":6912}]","trial_id":"cong_9","congruency":"C","task":"experiment","subjectId":"ydc7a99g15od6nt","trial_type":"external-html","trial_index":20,"time_elapsed":781443,"internal_node_id":"0.0-9.0-0.12"},{"rt":9839,"url":"../static/nodeGraphs.html","edge":"2to6","edgeRT":"8604","skip":"false","flipped":"True","index":"14","edgeClickLog":"[{\"edgeSelection\":\"2to6\",\"edgeRTMS\":8604}]","trial_id":"cong_4_flipped","congruency":"C","task":"experiment","subjectId":"ydc7a99g15od6nt","trial_type":"external-html","trial_index":21,"time_elapsed":791835,"internal_node_id":"0.0-9.0-0.13"},{"rt":9545,"url":"../static/nodeGraphs.html","edge":"2to4","edgeRT":"8495","skip":"false","flipped":"True","index":"11","edgeClickLog":"[{\"edgeSelection\":\"2to4\",\"edgeRTMS\":8495}]","trial_id":"cong_1_flipped","congruency":"C","task":"experiment","subjectId":"ydc7a99g15od6nt","trial_type":"external-html","trial_index":22,"time_elapsed":801947,"internal_node_id":"0.0-9.0-0.14"},{"rt":7122,"url":"../static/nodeGraphs.html","edge":"3to6","edgeRT":"6096","skip":"false","flipped":"True","index":"10","edgeClickLog":"[{\"edgeSelection\":\"3to6\",\"edgeRTMS\":6096}]","trial_id":"cong_0_flipped","congruency":"C","task":"experiment","subjectId":"ydc7a99g15od6nt","trial_type":"external-html","trial_index":23,"time_elapsed":809618,"internal_node_id":"0.0-9.0-0.15"},{"rt":20131,"url":"../static/nodeGraphs.html","edge":"5to7","edgeRT":"19011","skip":"false","flipped":"True","index":"12","edgeClickLog":"[{\"edgeSelection\":\"5to7\",\"edgeRTMS\":19011}]","trial_id":"cong_2_flipped","congruency":"C","task":"experiment","subjectId":"ydc7a99g15od6nt","trial_type":"external-html","trial_index":24,"time_elapsed":830306,"internal_node_id":"0.0-9.0-0.16"},{"rt":8957,"url":"../static/nodeGraphs.html","edge":"2to6","edgeRT":"7565","skip":"false","flipped":"False","index":"1","edgeClickLog":"[{\"edgeSelection\":\"2to6\",\"edgeRTMS\":7565}]","trial_id":"cong_1","congruency":"C","task":"experiment","subjectId":"ydc7a99g15od6nt","trial_type":"external-html","trial_index":25,"time_elapsed":839818,"internal_node_id":"0.0-9.0-0.17"},{"rt":14325,"url":"../static/nodeGraphs.html","edge":"1to5","edgeRT":"13165","skip":"false","flipped":"True","index":"13","edgeClickLog":"[{\"edgeSelection\":\"1to5\",\"edgeRTMS\":13165}]","trial_id":"cong_3_flipped","congruency":"C","task":"experiment","subjectId":"ydc7a99g15od6nt","trial_type":"external-html","trial_index":26,"time_elapsed":854715,"internal_node_id":"0.0-9.0-0.18"},{"rt":12854,"url":"../static/nodeGraphs.html","edge":"2to4","edgeRT":"11488","skip":"false","flipped":"False","index":"4","edgeClickLog":"[{\"edgeSelection\":\"2to4\",\"edgeRTMS\":11488}]","trial_id":"cong_4","congruency":"C","task":"experiment","subjectId":"ydc7a99g15od6nt","trial_type":"external-html","trial_index":27,"time_elapsed":868138,"internal_node_id":"0.0-9.0-0.19"},{"rt":27370,"url":"../static/nodeGraphs.html","edge":"6to8","edgeRT":"24466","skip":"false","flipped":"False","index":"20","edgeClickLog":"[{\"edgeSelection\":\"6to8\",\"edgeRTMS\":22374},{\"edgeSelection\":\"6to8\",\"edgeRTMS\":24466}]","trial_id":"test_0","congruency":"I","task":"experiment","subjectId":"ydc7a99g15od6nt","trial_type":"external-html","trial_index":28,"time_elapsed":896058,"internal_node_id":"0.0-9.0-0.20"},{"rt":14915,"url":"../static/nodeGraphs.html","edge":"0to1","edgeRT":"13722","skip":"false","flipped":"False","index":"21","edgeClickLog":"[{\"edgeSelection\":\"0to1\",\"edgeRTMS\":13722}]","trial_id":"test_1","congruency":"I","task":"experiment","subjectId":"ydc7a99g15od6nt","trial_type":"external-html","trial_index":29,"time_elapsed":911523,"internal_node_id":"0.0-9.0-0.21"},{"rt":12348,"url":"../static/nodeGraphs.html","edge":"0to3","edgeRT":"10764","skip":"false","flipped":"False","index":"22","edgeClickLog":"[{\"edgeSelection\":\"0to3\",\"edgeRTMS\":10764}]","trial_id":"test_2","congruency":"I","task":"experiment","subjectId":"ydc7a99g15od6nt","trial_type":"external-html","trial_index":30,"time_elapsed":924434,"internal_node_id":"0.0-9.0-0.22"},{"rt":25533,"url":"../static/nodeGraphs.html","edge":"0to1","edgeRT":"24203","skip":"false","flipped":"False","index":"23","edgeClickLog":"[{\"edgeSelection\":\"0to1\",\"edgeRTMS\":23298},{\"edgeSelection\":\"0to1\",\"edgeRTMS\":24203}]","trial_id":"test_3","congruency":"I","task":"experiment","subjectId":"ydc7a99g15od6nt","trial_type":"external-html","trial_index":31,"time_elapsed":950523,"internal_node_id":"0.0-9.0-0.23"},{"rt":19065,"url":"../static/nodeGraphs.html","edge":"6to9","edgeRT":"17042","skip":"false","flipped":"False","index":"24","edgeClickLog":"[{\"edgeSelection\":\"6to9\",\"edgeRTMS\":17042}]","trial_id":"test_4","congruency":"I","task":"experiment","subjectId":"ydc7a99g15od6nt","trial_type":"external-html","trial_index":32,"time_elapsed":970138,"internal_node_id":"0.0-9.0-0.24"},{"rt":82952,"response":{"P0_Q0":null,"P0_Q1":5,"P0_Q2":7,"P0_Q3":6,"P0_Q4":6,"P0_Q5":1,"strategies":"Tried to see what useful path that the student could not see.","feedback":"No"},"accuracy":[],"trial_type":"survey","trial_index":33,"time_elapsed":1053647,"internal_node_id":"0.0-10.0"},{"rt":4410,"stimulus":"<p>Thanks for your time!</p>        <p>We need to manually calculate your bonus pay, please give us up to 7 days.</p><p>Press any key to conclude.</p>","response":" ","task":"end","subjectId":"ydc7a99g15od6nt","trial_type":"html-keyboard-response","trial_index":34,"time_elapsed":1058058,"internal_node_id":"0.0-11.0","interactions":"[{\"event\":\"fullscreenenter\",\"trial\":1,\"time\":3771}]"}]