[{"success":true,"timeout":false,"failed_images":[],"failed_audio":[],"failed_video":[],"trial_type":"preload","trial_index":0,"time_elapsed":310,"internal_node_id":"0.0-0.0"},{"success":true,"trial_type":"fullscreen","trial_index":1,"time_elapsed":4844,"internal_node_id":"0.0-1.0"},{"rt":1676,"stimulus":"Welcome to the experiment. Press any key to begin.","response":" ","trial_type":"html-keyboard-response","trial_index":2,"time_elapsed":6522,"internal_node_id":"0.0-2.0"},{"view_history":[{"page_index":0,"viewing_time":1496},{"page_index":1,"viewing_time":3274},{"page_index":2,"viewing_time":21058},{"page_index":3,"viewing_time":15726},{"page_index":4,"viewing_time":1211},{"page_index":5,"viewing_time":796},{"page_index":6,"viewing_time":2242},{"page_index":7,"viewing_time":4694},{"page_index":8,"viewing_time":10579},{"page_index":9,"viewing_time":7285},{"page_index":10,"viewing_time":1559},{"page_index":11,"viewing_time":581},{"page_index":12,"viewing_time":379},{"page_index":13,"viewing_time":1980},{"page_index":14,"viewing_time":2115},{"page_index":15,"viewing_time":3200},{"page_index":16,"viewing_time":2034},{"page_index":17,"viewing_time":558},{"page_index":18,"viewing_time":963},{"page_index":19,"viewing_time":2909},{"page_index":20,"viewing_time":5493},{"page_index":21,"viewing_time":2742}],"rt":92875,"trial_type":"instructions","trial_index":3,"time_elapsed":99398,"internal_node_id":"0.0-3.0"},{"rt":93516,"url":"../static/nodeGraphsTraining.html","skip":[],"edgeClickLog":[],"trial_type":"external-html","trial_index":4,"time_elapsed":193020,"internal_node_id":"0.0-4.0"},{"rt":23757,"response":{"q1":"The goal is to help the student to get the most points","q2":"False","q3":"Possible paths you, as the teacher, can choose to teach the learner.","q4":"Paths that the student took before."},"question_order":[0,1,2,3],"trial_type":"survey-multi-choice","trial_index":5,"time_elapsed":216782,"internal_node_id":"0.0-5.0"},{"rt":3681,"stimulus":"<p>You can take a 60 second break before starting the experiment.</p><br><br><p>This page will advance in 60 seconds or you can press any key to advance now.</p>","response":" ","trial_type":"html-keyboard-response","trial_index":6,"time_elapsed":220467,"internal_node_id":"0.0-7.0"},{"view_history":[{"page_index":0,"viewing_time":16110}],"rt":16111,"trial_type":"instructions","trial_index":7,"time_elapsed":236578,"internal_node_id":"0.0-8.0"},{"rt":8011,"url":"../static/nodeGraphs.html","edge":"6to8","edgeRT":"6554","skip":"false","flipped":"True","index":"15","edgeClickLog":"[{\"edgeSelection\":\"0to3\",\"edgeRTMS\":4192},{\"edgeSelection\":\"3to6\",\"edgeRTMS\":5615},{\"edgeSelection\":\"6to8\",\"edgeRTMS\":6554}]","trial_id":"cong_5_flipped","congruency":"C","task":"experiment","subjectId":"xklx1pa6fhqbwfz","trial_type":"external-html","trial_index":8,"time_elapsed":244801,"internal_node_id":"0.0-9.0-0.0"},{"rt":9077,"url":"../static/nodeGraphs.html","edge":"5to7","edgeRT":"7477","skip":"false","flipped":"True","index":"12","edgeClickLog":"[{\"edgeSelection\":\"0to2\",\"edgeRTMS\":2993},{\"edgeSelection\":\"2to5\",\"edgeRTMS\":6559},{\"edgeSelection\":\"5to7\",\"edgeRTMS\":7477}]","trial_id":"cong_2_flipped","congruency":"C","task":"experiment","subjectId":"xklx1pa6fhqbwfz","trial_type":"external-html","trial_index":9,"time_elapsed":254482,"internal_node_id":"0.0-9.0-0.1"},{"rt":16531,"url":"../static/nodeGraphs.html","edge":"5to9","edgeRT":"14512","skip":"false","flipped":"True","index":"10","edgeClickLog":"[{\"edgeSelection\":\"0to3\",\"edgeRTMS\":6723},{\"edgeSelection\":\"3to6\",\"edgeRTMS\":8974},{\"edgeSelection\":\"6to9\",\"edgeRTMS\":11073},{\"edgeSelection\":\"3to5\",\"edgeRTMS\":13317},{\"edgeSelection\":\"5to9\",\"edgeRTMS\":14512}]","trial_id":"cong_0_flipped","congruency":"C","task":"experiment","subjectId":"xklx1pa6fhqbwfz","trial_type":"external-html","trial_index":10,"time_elapsed":271686,"internal_node_id":"0.0-9.0-0.2"},{"rt":11409,"url":"../static/nodeGraphs.html","edge":"5to9","edgeRT":"9692","skip":"false","flipped":"True","index":"11","edgeClickLog":"[{\"edgeSelection\":\"0to2\",\"edgeRTMS\":2858},{\"edgeSelection\":\"2to5\",\"edgeRTMS\":7523},{\"edgeSelection\":\"5to9\",\"edgeRTMS\":9692}]","trial_id":"cong_1_flipped","congruency":"C","task":"experiment","subjectId":"xklx1pa6fhqbwfz","trial_type":"external-html","trial_index":11,"time_elapsed":283696,"internal_node_id":"0.0-9.0-0.3"},{"rt":12380,"url":"../static/nodeGraphs.html","edge":"5to9","edgeRT":"11126","skip":"false","flipped":"True","index":"18","edgeClickLog":"[{\"edgeSelection\":\"0to3\",\"edgeRTMS\":3959},{\"edgeSelection\":\"3to5\",\"edgeRTMS\":7824},{\"edgeSelection\":\"5to9\",\"edgeRTMS\":11126}]","trial_id":"cong_8_flipped","congruency":"C","task":"experiment","subjectId":"xklx1pa6fhqbwfz","trial_type":"external-html","trial_index":12,"time_elapsed":296687,"internal_node_id":"0.0-9.0-0.4"},{"rt":9994,"url":"../static/nodeGraphs.html","edge":"4to7","edgeRT":"8161","skip":"false","flipped":"False","index":"8","edgeClickLog":"[{\"edgeSelection\":\"0to1\",\"edgeRTMS\":5613},{\"edgeSelection\":\"1to4\",\"edgeRTMS\":7275},{\"edgeSelection\":\"4to7\",\"edgeRTMS\":8161}]","trial_id":"cong_8","congruency":"C","task":"experiment","subjectId":"xklx1pa6fhqbwfz","trial_type":"external-html","trial_index":13,"time_elapsed":307281,"internal_node_id":"0.0-9.0-0.5"},{"rt":5816,"url":"../static/nodeGraphs.html","edge":"2to5","edgeRT":"4102","skip":"false","flipped":"False","index":"9","edgeClickLog":"[{\"edgeSelection\":\"2to5\",\"edgeRTMS\":4102}]","trial_id":"cong_9","congruency":"C","task":"experiment","subjectId":"xklx1pa6fhqbwfz","trial_type":"external-html","trial_index":14,"time_elapsed":313702,"internal_node_id":"0.0-9.0-0.6"},{"rt":5259,"url":"../static/nodeGraphs.html","edge":"2to4","edgeRT":"3178","skip":"false","flipped":"False","index":"4","edgeClickLog":"[{\"edgeSelection\":\"2to4\",\"edgeRTMS\":3178}]","trial_id":"cong_4","congruency":"C","task":"experiment","subjectId":"xklx1pa6fhqbwfz","trial_type":"external-html","trial_index":15,"time_elapsed":319565,"internal_node_id":"0.0-9.0-0.7"},{"rt":10166,"url":"../static/nodeGraphs.html","edge":"2to6","edgeRT":"8777","skip":"false","flipped":"True","index":"17","edgeClickLog":"[{\"edgeSelection\":\"2to6\",\"edgeRTMS\":8777}]","trial_id":"cong_7_flipped","congruency":"C","task":"experiment","subjectId":"xklx1pa6fhqbwfz","trial_type":"external-html","trial_index":16,"time_elapsed":330342,"internal_node_id":"0.0-9.0-0.8"},{"rt":4986,"url":"../static/nodeGraphs.html","edge":"2to5","edgeRT":"3008","skip":"false","flipped":"True","index":"19","edgeClickLog":"[{\"edgeSelection\":\"2to5\",\"edgeRTMS\":3008}]","trial_id":"cong_9_flipped","congruency":"C","task":"experiment","subjectId":"xklx1pa6fhqbwfz","trial_type":"external-html","trial_index":17,"time_elapsed":335934,"internal_node_id":"0.0-9.0-0.9"},{"rt":7214,"url":"../static/nodeGraphs.html","edge":"3to5","edgeRT":"5391","skip":"false","flipped":"False","index":"3","edgeClickLog":"[{\"edgeSelection\":\"3to5\",\"edgeRTMS\":5391}]","trial_id":"cong_3","congruency":"C","task":"experiment","subjectId":"xklx1pa6fhqbwfz","trial_type":"external-html","trial_index":18,"time_elapsed":343775,"internal_node_id":"0.0-9.0-0.10"},{"rt":4376,"url":"../static/nodeGraphs.html","edge":"2to6","edgeRT":"2824","skip":"false","flipped":"True","index":"14","edgeClickLog":"[{\"edgeSelection\":\"2to6\",\"edgeRTMS\":2824}]","trial_id":"cong_4_flipped","congruency":"C","task":"experiment","subjectId":"xklx1pa6fhqbwfz","trial_type":"external-html","trial_index":19,"time_elapsed":348775,"internal_node_id":"0.0-9.0-0.11"},{"rt":4729,"url":"../static/nodeGraphs.html","edge":"2to5","edgeRT":"3011","skip":"false","flipped":"True","index":"16","edgeClickLog":"[{\"edgeSelection\":\"2to5\",\"edgeRTMS\":3011}]","trial_id":"cong_6_flipped","congruency":"C","task":"experiment","subjectId":"xklx1pa6fhqbwfz","trial_type":"external-html","trial_index":20,"time_elapsed":354111,"internal_node_id":"0.0-9.0-0.12"},{"rt":5009,"url":"../static/nodeGraphs.html","edge":"2to5","edgeRT":"3416","skip":"false","flipped":"False","index":"6","edgeClickLog":"[{\"edgeSelection\":\"2to5\",\"edgeRTMS\":3416}]","trial_id":"cong_6","congruency":"C","task":"experiment","subjectId":"xklx1pa6fhqbwfz","trial_type":"external-html","trial_index":21,"time_elapsed":359904,"internal_node_id":"0.0-9.0-0.13"},{"rt":4873,"url":"../static/nodeGraphs.html","edge":"2to6","edgeRT":"2977","skip":"false","flipped":"False","index":"1","edgeClickLog":"[{\"edgeSelection\":\"2to6\",\"edgeRTMS\":2977}]","trial_id":"cong_1","congruency":"C","task":"experiment","subjectId":"xklx1pa6fhqbwfz","trial_type":"external-html","trial_index":22,"time_elapsed":365422,"internal_node_id":"0.0-9.0-0.14"},{"rt":4813,"url":"../static/nodeGraphs.html","edge":"1to5","edgeRT":"3183","skip":"false","flipped":"True","index":"13","edgeClickLog":"[{\"edgeSelection\":\"1to5\",\"edgeRTMS\":3183}]","trial_id":"cong_3_flipped","congruency":"C","task":"experiment","subjectId":"xklx1pa6fhqbwfz","trial_type":"external-html","trial_index":23,"time_elapsed":370841,"internal_node_id":"0.0-9.0-0.15"},{"rt":5606,"url":"../static/nodeGraphs.html","edge":"0to1","edgeRT":"3920","skip":"false","flipped":"False","index":"5","edgeClickLog":"[{\"edgeSelection\":\"0to1\",\"edgeRTMS\":3920}]","trial_id":"cong_5","congruency":"C","task":"experiment","subjectId":"xklx1pa6fhqbwfz","trial_type":"external-html","trial_index":24,"time_elapsed":377063,"internal_node_id":"0.0-9.0-0.16"},{"rt":4167,"url":"../static/nodeGraphs.html","edge":"1to4","edgeRT":"2656","skip":"false","flipped":"False","index":"0","edgeClickLog":"[{\"edgeSelection\":\"1to4\",\"edgeRTMS\":2656}]","trial_id":"cong_0","congruency":"C","task":"experiment","subjectId":"xklx1pa6fhqbwfz","trial_type":"external-html","trial_index":25,"time_elapsed":381837,"internal_node_id":"0.0-9.0-0.17"},{"rt":5263,"url":"../static/nodeGraphs.html","edge":"0to2","edgeRT":"3595","skip":"false","flipped":"False","index":"7","edgeClickLog":"[{\"edgeSelection\":\"0to2\",\"edgeRTMS\":3595}]","trial_id":"cong_7","congruency":"C","task":"experiment","subjectId":"xklx1pa6fhqbwfz","trial_type":"external-html","trial_index":26,"time_elapsed":387705,"internal_node_id":"0.0-9.0-0.18"},{"rt":7639,"url":"../static/nodeGraphs.html","edge":"0to3","edgeRT":"6047","skip":"false","flipped":"False","index":"2","edgeClickLog":"[{\"edgeSelection\":\"0to3\",\"edgeRTMS\":6047}]","trial_id":"cong_2","congruency":"C","task":"experiment","subjectId":"xklx1pa6fhqbwfz","trial_type":"external-html","trial_index":27,"time_elapsed":395958,"internal_node_id":"0.0-9.0-0.19"},{"rt":6268,"url":"../static/nodeGraphs.html","edge":"5to8","edgeRT":"4456","skip":"false","flipped":"False","index":"20","edgeClickLog":"[{\"edgeSelection\":\"2to6\",\"edgeRTMS\":1840},{\"edgeSelection\":\"5to8\",\"edgeRTMS\":4456}]","trial_id":"test_0","congruency":"I","task":"experiment","subjectId":"xklx1pa6fhqbwfz","trial_type":"external-html","trial_index":28,"time_elapsed":403152,"internal_node_id":"0.0-9.0-0.20"},{"rt":4357,"url":"../static/nodeGraphs.html","edge":"0to3","edgeRT":"2869","skip":"false","flipped":"False","index":"21","edgeClickLog":"[{\"edgeSelection\":\"0to3\",\"edgeRTMS\":2869}]","trial_id":"test_1","congruency":"I","task":"experiment","subjectId":"xklx1pa6fhqbwfz","trial_type":"external-html","trial_index":29,"time_elapsed":408130,"internal_node_id":"0.0-9.0-0.21"},{"rt":6396,"url":"../static/nodeGraphs.html","edge":"0to3","edgeRT":"5095","skip":"false","flipped":"False","index":"22","edgeClickLog":"[{\"edgeSelection\":\"0to3\",\"edgeRTMS\":5095}]","trial_id":"test_2","congruency":"I","task":"experiment","subjectId":"xklx1pa6fhqbwfz","trial_type":"external-html","trial_index":30,"time_elapsed":415189,"internal_node_id":"0.0-9.0-0.22"},{"rt":4585,"url":"../static/nodeGraphs.html","edge":"0to1","edgeRT":"3061","skip":"false","flipped":"False","index":"23","edgeClickLog":"[{\"edgeSelection\":\"0to1\",\"edgeRTMS\":3061}]","trial_id":"test_3","congruency":"I","task":"experiment","subjectId":"xklx1pa6fhqbwfz","trial_type":"external-html","trial_index":31,"time_elapsed":420397,"internal_node_id":"0.0-9.0-0.23"},{"rt":9339,"url":"../static/nodeGraphs.html","edge":"5to9","edgeRT":"8093","skip":"false","flipped":"False","index":"24","edgeClickLog":"[{\"edgeSelection\":\"5to9\",\"edgeRTMS\":8093}]","trial_id":"test_4","congruency":"I","task":"experiment","subjectId":"xklx1pa6fhqbwfz","trial_type":"external-html","trial_index":32,"time_elapsed":430350,"internal_node_id":"0.0-9.0-0.24"},{"rt":30590,"response":{"P0_Q0":null,"P0_Q1":6,"P0_Q2":6,"P0_Q3":4,"P0_Q4":6,"P0_Q5":5,"strategies":"I looked at what had the most points and if I thought it would benefit the student.","feedback":""},"accuracy":[],"trial_type":"survey","trial_index":33,"time_elapsed":461523,"internal_node_id":"0.0-10.0"},{"rt":2868,"stimulus":"<p>Thanks for your time!</p>        <p>We need to manually calculate your bonus pay, please give us up to 7 days.</p><p>Press any key to conclude.</p>","response":" ","task":"end","subjectId":"xklx1pa6fhqbwfz","trial_type":"html-keyboard-response","trial_index":34,"time_elapsed":464393,"internal_node_id":"0.0-11.0","interactions":"[{\"event\":\"fullscreenenter\",\"trial\":1,\"time\":3841},{\"event\":\"blur\",\"trial\":4,\"time\":107572},{\"event\":\"fullscreenexit\",\"trial\":4,\"time\":107585},{\"event\":\"focus\",\"trial\":4,\"time\":114470}]"}]