[{"success":true,"timeout":false,"failed_images":[],"failed_audio":[],"failed_video":[],"trial_type":"preload","trial_index":0,"time_elapsed":299,"internal_node_id":"0.0-0.0"},{"success":true,"trial_type":"fullscreen","trial_index":1,"time_elapsed":4765,"internal_node_id":"0.0-1.0"},{"rt":2064,"stimulus":"Welcome to the experiment. Press any key to begin.","response":" ","trial_type":"html-keyboard-response","trial_index":2,"time_elapsed":6829,"internal_node_id":"0.0-2.0"},{"view_history":[{"page_index":0,"viewing_time":5367},{"page_index":1,"viewing_time":6992},{"page_index":2,"viewing_time":34408},{"page_index":3,"viewing_time":3280},{"page_index":4,"viewing_time":1184},{"page_index":5,"viewing_time":880},{"page_index":6,"viewing_time":1992},{"page_index":7,"viewing_time":10848},{"page_index":8,"viewing_time":19160},{"page_index":9,"viewing_time":182456},{"page_index":10,"viewing_time":1672},{"page_index":11,"viewing_time":968},{"page_index":12,"viewing_time":904},{"page_index":13,"viewing_time":1712},{"page_index":14,"viewing_time":2736},{"page_index":15,"viewing_time":3920},{"page_index":16,"viewing_time":1768},{"page_index":17,"viewing_time":1200},{"page_index":18,"viewing_time":632},{"page_index":19,"viewing_time":3336},{"page_index":20,"viewing_time":7744},{"page_index":21,"viewing_time":4352}],"rt":297511,"trial_type":"instructions","trial_index":3,"time_elapsed":304341,"internal_node_id":"0.0-3.0"},{"rt":85319,"url":"../static/nodeGraphsTraining.html","skip":[],"edgeClickLog":[],"trial_type":"external-html","trial_index":4,"time_elapsed":389822,"internal_node_id":"0.0-4.0"},{"rt":34398,"response":{"q1":"The goal is to help the student to get the most points","q2":"False","q3":"Possible paths you, as the teacher, can choose to teach the learner.","q4":"Possible paths you, as the teacher, can choose to teach the learner."},"question_order":[0,1,2,3],"trial_type":"survey-multi-choice","trial_index":5,"time_elapsed":424222,"internal_node_id":"0.0-5.0"},{"rt":33678,"response":{"q1":"The goal is to help the student to get the most points","q2":"False","q3":"Possible paths you, as the teacher, can choose to teach the learner.","q4":"Paths that the student took before."},"question_order":[0,1,2,3],"trial_type":"survey-multi-choice","trial_index":6,"time_elapsed":457902,"internal_node_id":"0.0-6.0-0.0"},{"rt":4417,"stimulus":"<p>You can take a 60 second break before starting the experiment.</p><br><br><p>This page will advance in 60 seconds or you can press any key to advance now.</p>","response":" ","trial_type":"html-keyboard-response","trial_index":7,"time_elapsed":462320,"internal_node_id":"0.0-7.0"},{"view_history":[{"page_index":0,"viewing_time":20444}],"rt":20444,"trial_type":"instructions","trial_index":8,"time_elapsed":482766,"internal_node_id":"0.0-8.0"},{"rt":30003,"url":"../static/nodeGraphs.html","edge":"2to4","edgeRT":"29604","skip":"true","flipped":"False","index":"7","edgeClickLog":"[{\"edgeSelection\":\"2to4\",\"edgeRTMS\":29604}]","trial_id":"cong_7","congruency":"C","task":"experiment","subjectId":"t64tkb1vz09dw0x","trial_type":"external-html","trial_index":9,"time_elapsed":512841,"internal_node_id":"0.0-9.0-0.0"},{"rt":12813,"url":"../static/nodeGraphs.html","edge":"2to4","edgeRT":"11536","skip":"false","flipped":"True","index":"11","edgeClickLog":"[{\"edgeSelection\":\"2to4\",\"edgeRTMS\":11536}]","trial_id":"cong_1_flipped","congruency":"C","task":"experiment","subjectId":"t64tkb1vz09dw0x","trial_type":"external-html","trial_index":10,"time_elapsed":526229,"internal_node_id":"0.0-9.0-0.1"},{"rt":10134,"url":"../static/nodeGraphs.html","edge":"2to5","edgeRT":"8941","skip":"false","flipped":"True","index":"19","edgeClickLog":"[{\"edgeSelection\":\"2to5\",\"edgeRTMS\":8941}]","trial_id":"cong_9_flipped","congruency":"C","task":"experiment","subjectId":"t64tkb1vz09dw0x","trial_type":"external-html","trial_index":11,"time_elapsed":536950,"internal_node_id":"0.0-9.0-0.2"},{"rt":6956,"url":"../static/nodeGraphs.html","edge":"0to3","edgeRT":"5618","skip":"false","flipped":"True","index":"15","edgeClickLog":"[{\"edgeSelection\":\"0to3\",\"edgeRTMS\":5618}]","trial_id":"cong_5_flipped","congruency":"C","task":"experiment","subjectId":"t64tkb1vz09dw0x","trial_type":"external-html","trial_index":12,"time_elapsed":544485,"internal_node_id":"0.0-9.0-0.3"},{"rt":9468,"url":"../static/nodeGraphs.html","edge":"2to4","edgeRT":"8113","skip":"false","flipped":"False","index":"4","edgeClickLog":"[{\"edgeSelection\":\"2to4\",\"edgeRTMS\":8113}]","trial_id":"cong_4","congruency":"C","task":"experiment","subjectId":"t64tkb1vz09dw0x","trial_type":"external-html","trial_index":13,"time_elapsed":554541,"internal_node_id":"0.0-9.0-0.4"},{"rt":9096,"url":"../static/nodeGraphs.html","edge":"1to4","edgeRT":"7198","skip":"false","flipped":"False","index":"0","edgeClickLog":"[{\"edgeSelection\":\"1to4\",\"edgeRTMS\":7198}]","trial_id":"cong_0","congruency":"C","task":"experiment","subjectId":"t64tkb1vz09dw0x","trial_type":"external-html","trial_index":14,"time_elapsed":564213,"internal_node_id":"0.0-9.0-0.5"},{"rt":6369,"url":"../static/nodeGraphs.html","edge":"0to1","edgeRT":"5425","skip":"false","flipped":"False","index":"5","edgeClickLog":"[{\"edgeSelection\":\"0to1\",\"edgeRTMS\":5425}]","trial_id":"cong_5","congruency":"C","task":"experiment","subjectId":"t64tkb1vz09dw0x","trial_type":"external-html","trial_index":15,"time_elapsed":571157,"internal_node_id":"0.0-9.0-0.6"},{"rt":7617,"url":"../static/nodeGraphs.html","edge":"2to6","edgeRT":"6112","skip":"false","flipped":"True","index":"14","edgeClickLog":"[{\"edgeSelection\":\"2to6\",\"edgeRTMS\":6112}]","trial_id":"cong_4_flipped","congruency":"C","task":"experiment","subjectId":"t64tkb1vz09dw0x","trial_type":"external-html","trial_index":16,"time_elapsed":579349,"internal_node_id":"0.0-9.0-0.7"},{"rt":10296,"url":"../static/nodeGraphs.html","edge":"3to6","edgeRT":"8671","skip":"false","flipped":"True","index":"18","edgeClickLog":"[{\"edgeSelection\":\"3to6\",\"edgeRTMS\":8671}]","trial_id":"cong_8_flipped","congruency":"C","task":"experiment","subjectId":"t64tkb1vz09dw0x","trial_type":"external-html","trial_index":17,"time_elapsed":590229,"internal_node_id":"0.0-9.0-0.8"},{"rt":6453,"url":"../static/nodeGraphs.html","edge":"2to5","edgeRT":"5420","skip":"false","flipped":"False","index":"9","edgeClickLog":"[{\"edgeSelection\":\"2to5\",\"edgeRTMS\":5420}]","trial_id":"cong_9","congruency":"C","task":"experiment","subjectId":"t64tkb1vz09dw0x","trial_type":"external-html","trial_index":18,"time_elapsed":597261,"internal_node_id":"0.0-9.0-0.9"},{"rt":5798,"url":"../static/nodeGraphs.html","edge":"1to4","edgeRT":"4820","skip":"false","flipped":"False","index":"8","edgeClickLog":"[{\"edgeSelection\":\"1to4\",\"edgeRTMS\":4820}]","trial_id":"cong_8","congruency":"C","task":"experiment","subjectId":"t64tkb1vz09dw0x","trial_type":"external-html","trial_index":19,"time_elapsed":603637,"internal_node_id":"0.0-9.0-0.10"},{"rt":5754,"url":"../static/nodeGraphs.html","edge":"2to6","edgeRT":"4489","skip":"false","flipped":"False","index":"1","edgeClickLog":"[{\"edgeSelection\":\"2to6\",\"edgeRTMS\":4489}]","trial_id":"cong_1","congruency":"C","task":"experiment","subjectId":"t64tkb1vz09dw0x","trial_type":"external-html","trial_index":20,"time_elapsed":609973,"internal_node_id":"0.0-9.0-0.11"},{"rt":9999,"url":"../static/nodeGraphs.html","edge":"1to5","edgeRT":"4333","skip":"false","flipped":"True","index":"13","edgeClickLog":"[{\"edgeSelection\":\"1to5\",\"edgeRTMS\":4333}]","trial_id":"cong_3_flipped","congruency":"C","task":"experiment","subjectId":"t64tkb1vz09dw0x","trial_type":"external-html","trial_index":21,"time_elapsed":620549,"internal_node_id":"0.0-9.0-0.12"},{"rt":5833,"url":"../static/nodeGraphs.html","edge":"3to5","edgeRT":"4767","skip":"false","flipped":"False","index":"3","edgeClickLog":"[{\"edgeSelection\":\"3to5\",\"edgeRTMS\":4767}]","trial_id":"cong_3","congruency":"C","task":"experiment","subjectId":"t64tkb1vz09dw0x","trial_type":"external-html","trial_index":22,"time_elapsed":626965,"internal_node_id":"0.0-9.0-0.13"},{"rt":6149,"url":"../static/nodeGraphs.html","edge":"2to5","edgeRT":"4828","skip":"false","flipped":"True","index":"16","edgeClickLog":"[{\"edgeSelection\":\"2to5\",\"edgeRTMS\":4828}]","trial_id":"cong_6_flipped","congruency":"C","task":"experiment","subjectId":"t64tkb1vz09dw0x","trial_type":"external-html","trial_index":23,"time_elapsed":633694,"internal_node_id":"0.0-9.0-0.14"},{"rt":14353,"url":"../static/nodeGraphs.html","edge":"2to5","edgeRT":"12494","skip":"false","flipped":"False","index":"2","edgeClickLog":"[{\"edgeSelection\":\"2to5\",\"edgeRTMS\":12494}]","trial_id":"cong_2","congruency":"C","task":"experiment","subjectId":"t64tkb1vz09dw0x","trial_type":"external-html","trial_index":24,"time_elapsed":648622,"internal_node_id":"0.0-9.0-0.15"},{"rt":5409,"url":"../static/nodeGraphs.html","edge":"3to6","edgeRT":"4311","skip":"false","flipped":"True","index":"10","edgeClickLog":"[{\"edgeSelection\":\"3to6\",\"edgeRTMS\":4311}]","trial_id":"cong_0_flipped","congruency":"C","task":"experiment","subjectId":"t64tkb1vz09dw0x","trial_type":"external-html","trial_index":25,"time_elapsed":654606,"internal_node_id":"0.0-9.0-0.16"},{"rt":6918,"url":"../static/nodeGraphs.html","edge":"2to5","edgeRT":"5397","skip":"false","flipped":"True","index":"12","edgeClickLog":"[{\"edgeSelection\":\"2to5\",\"edgeRTMS\":5397}]","trial_id":"cong_2_flipped","congruency":"C","task":"experiment","subjectId":"t64tkb1vz09dw0x","trial_type":"external-html","trial_index":26,"time_elapsed":662101,"internal_node_id":"0.0-9.0-0.17"},{"rt":10024,"url":"../static/nodeGraphs.html","edge":"0to2","edgeRT":"8765","skip":"false","flipped":"True","index":"17","edgeClickLog":"[{\"edgeSelection\":\"0to2\",\"edgeRTMS\":8765}]","trial_id":"cong_7_flipped","congruency":"C","task":"experiment","subjectId":"t64tkb1vz09dw0x","trial_type":"external-html","trial_index":27,"time_elapsed":672701,"internal_node_id":"0.0-9.0-0.18"},{"rt":4971,"url":"../static/nodeGraphs.html","edge":"2to5","edgeRT":"2660","skip":"false","flipped":"False","index":"6","edgeClickLog":"[{\"edgeSelection\":\"2to5\",\"edgeRTMS\":2660}]","trial_id":"cong_6","congruency":"C","task":"experiment","subjectId":"t64tkb1vz09dw0x","trial_type":"external-html","trial_index":28,"time_elapsed":678254,"internal_node_id":"0.0-9.0-0.19"},{"rt":8988,"url":"../static/nodeGraphs.html","edge":"0to1","edgeRT":"8057","skip":"false","flipped":"False","index":"20","edgeClickLog":"[{\"edgeSelection\":\"0to1\",\"edgeRTMS\":8057}]","trial_id":"test_0","congruency":"I","task":"experiment","subjectId":"t64tkb1vz09dw0x","trial_type":"external-html","trial_index":29,"time_elapsed":687814,"internal_node_id":"0.0-9.0-0.20"},{"rt":12367,"url":"../static/nodeGraphs.html","edge":"4to7","edgeRT":"11302","skip":"false","flipped":"False","index":"21","edgeClickLog":"[{\"edgeSelection\":\"4to7\",\"edgeRTMS\":11302}]","trial_id":"test_1","congruency":"I","task":"experiment","subjectId":"t64tkb1vz09dw0x","trial_type":"external-html","trial_index":30,"time_elapsed":700757,"internal_node_id":"0.0-9.0-0.21"},{"rt":7575,"url":"../static/nodeGraphs.html","edge":"0to3","edgeRT":"6741","skip":"false","flipped":"False","index":"22","edgeClickLog":"[{\"edgeSelection\":\"0to3\",\"edgeRTMS\":6741}]","trial_id":"test_2","congruency":"I","task":"experiment","subjectId":"t64tkb1vz09dw0x","trial_type":"external-html","trial_index":31,"time_elapsed":708917,"internal_node_id":"0.0-9.0-0.22"},{"rt":4571,"url":"../static/nodeGraphs.html","edge":"0to1","edgeRT":"2773","skip":"false","flipped":"False","index":"23","edgeClickLog":"[{\"edgeSelection\":\"0to1\",\"edgeRTMS\":2773}]","trial_id":"test_3","congruency":"I","task":"experiment","subjectId":"t64tkb1vz09dw0x","trial_type":"external-html","trial_index":32,"time_elapsed":714069,"internal_node_id":"0.0-9.0-0.23"},{"rt":11400,"url":"../static/nodeGraphs.html","edge":"1to5","edgeRT":"9975","skip":"false","flipped":"False","index":"24","edgeClickLog":"[{\"edgeSelection\":\"1to5\",\"edgeRTMS\":9975}]","trial_id":"test_4","congruency":"I","task":"experiment","subjectId":"t64tkb1vz09dw0x","trial_type":"external-html","trial_index":33,"time_elapsed":726045,"internal_node_id":"0.0-9.0-0.24"},{"rt":42218,"response":{"P0_Q0":null,"P0_Q1":4,"P0_Q2":5,"P0_Q3":5,"P0_Q4":5,"P0_Q5":2,"strategies":"I looked at each row and tried to find where I could increase the score the most","feedback":"no"},"accuracy":[],"trial_type":"survey","trial_index":34,"time_elapsed":768820,"internal_node_id":"0.0-10.0"},{"rt":6048,"stimulus":"<p>Thanks for your time!</p>        <p>We need to manually calculate your bonus pay, please give us up to 7 days.</p><p>Press any key to conclude.</p>","response":"enter","task":"end","subjectId":"t64tkb1vz09dw0x","trial_type":"html-keyboard-response","trial_index":35,"time_elapsed":774870,"internal_node_id":"0.0-11.0","interactions":"[{\"event\":\"fullscreenenter\",\"trial\":1,\"time\":3771}]"}]