[{"success":true,"timeout":false,"failed_images":[],"failed_audio":[],"failed_video":[],"trial_type":"preload","trial_index":0,"time_elapsed":4533,"internal_node_id":"0.0-0.0"},{"success":true,"trial_type":"fullscreen","trial_index":1,"time_elapsed":7934,"internal_node_id":"0.0-1.0"},{"rt":11501,"stimulus":"Welcome to the experiment. Press any key to begin.","response":"d","trial_type":"html-keyboard-response","trial_index":2,"time_elapsed":19437,"internal_node_id":"0.0-2.0"},{"view_history":[{"page_index":0,"viewing_time":4727},{"page_index":1,"viewing_time":6398},{"page_index":2,"viewing_time":24664},{"page_index":3,"viewing_time":11270},{"page_index":4,"viewing_time":1368},{"page_index":5,"viewing_time":546},{"page_index":6,"viewing_time":2610},{"page_index":7,"viewing_time":5078},{"page_index":8,"viewing_time":10972},{"page_index":9,"viewing_time":8074},{"page_index":10,"viewing_time":930},{"page_index":11,"viewing_time":242},{"page_index":12,"viewing_time":242},{"page_index":13,"viewing_time":220},{"page_index":14,"viewing_time":2764},{"page_index":15,"viewing_time":4804},{"page_index":16,"viewing_time":1686},{"page_index":17,"viewing_time":406},{"page_index":18,"viewing_time":344},{"page_index":19,"viewing_time":446},{"page_index":20,"viewing_time":5350},{"page_index":21,"viewing_time":4412}],"rt":97553,"trial_type":"instructions","trial_index":3,"time_elapsed":116991,"internal_node_id":"0.0-3.0"},{"rt":53479,"url":"../static/nodeGraphsTraining.html","skip":[],"edgeClickLog":[],"trial_type":"external-html","trial_index":4,"time_elapsed":170601,"internal_node_id":"0.0-4.0"},{"rt":42357,"response":{"q1":"The goal is to help the student to get the most points","q2":"False","q3":"Possible paths you, as the teacher, can choose to teach the learner.","q4":"Paths that the student took before."},"question_order":[0,1,2,3],"trial_type":"survey-multi-choice","trial_index":5,"time_elapsed":212961,"internal_node_id":"0.0-5.0"},{"rt":11251,"stimulus":"<p>You can take a 60 second break before starting the experiment.</p><br><br><p>This page will advance in 60 seconds or you can press any key to advance now.</p>","response":"h","trial_type":"html-keyboard-response","trial_index":6,"time_elapsed":224215,"internal_node_id":"0.0-7.0"},{"view_history":[{"page_index":0,"viewing_time":14016}],"rt":14016,"trial_type":"instructions","trial_index":7,"time_elapsed":238232,"internal_node_id":"0.0-8.0"},{"rt":15119,"url":"../static/nodeGraphs.html","edge":"6to9","edgeRT":"12933","skip":"false","flipped":"False","index":"3","edgeClickLog":"[{\"edgeSelection\":\"6to9\",\"edgeRTMS\":12933}]","trial_id":"cong_3","congruency":"C","task":"experiment","subjectId":"zzfk99ztzrm1yat","trial_type":"external-html","trial_index":8,"time_elapsed":253468,"internal_node_id":"0.0-9.0-0.0"},{"rt":5349,"url":"../static/nodeGraphs.html","edge":"5to7","edgeRT":"3586","skip":"false","flipped":"False","index":"8","edgeClickLog":"[{\"edgeSelection\":\"5to7\",\"edgeRTMS\":3586}]","trial_id":"cong_8","congruency":"C","task":"experiment","subjectId":"zzfk99ztzrm1yat","trial_type":"external-html","trial_index":9,"time_elapsed":259644,"internal_node_id":"0.0-9.0-0.1"},{"rt":3923,"url":"../static/nodeGraphs.html","edge":"4to8","edgeRT":"3064","skip":"false","flipped":"False","index":"5","edgeClickLog":"[{\"edgeSelection\":\"4to8\",\"edgeRTMS\":3064}]","trial_id":"cong_5","congruency":"C","task":"experiment","subjectId":"zzfk99ztzrm1yat","trial_type":"external-html","trial_index":10,"time_elapsed":264196,"internal_node_id":"0.0-9.0-0.2"},{"rt":8702,"url":"../static/nodeGraphs.html","edge":"4to7","edgeRT":"3527","skip":"false","flipped":"True","index":"13","edgeClickLog":"[{\"edgeSelection\":\"4to7\",\"edgeRTMS\":3527}]","trial_id":"cong_3_flipped","congruency":"C","task":"experiment","subjectId":"zzfk99ztzrm1yat","trial_type":"external-html","trial_index":11,"time_elapsed":273520,"internal_node_id":"0.0-9.0-0.3"},{"rt":13698,"url":"../static/nodeGraphs.html","edge":"2to4","edgeRT":"7382","skip":"false","flipped":"True","index":"11","edgeClickLog":"[{\"edgeSelection\":\"2to4\",\"edgeRTMS\":7382}]","trial_id":"cong_1_flipped","congruency":"C","task":"experiment","subjectId":"zzfk99ztzrm1yat","trial_type":"external-html","trial_index":12,"time_elapsed":288012,"internal_node_id":"0.0-9.0-0.4"},{"rt":14121,"url":"../static/nodeGraphs.html","edge":"2to5","edgeRT":"7306","skip":"false","flipped":"False","index":"9","edgeClickLog":"[{\"edgeSelection\":\"5to7\",\"edgeRTMS\":799},{\"edgeSelection\":\"5to8\",\"edgeRTMS\":6125},{\"edgeSelection\":\"2to5\",\"edgeRTMS\":7306}]","trial_id":"cong_9","congruency":"C","task":"experiment","subjectId":"zzfk99ztzrm1yat","trial_type":"external-html","trial_index":13,"time_elapsed":302763,"internal_node_id":"0.0-9.0-0.5"},{"rt":8962,"url":"../static/nodeGraphs.html","edge":"0to3","edgeRT":"6837","skip":"false","flipped":"True","index":"15","edgeClickLog":"[{\"edgeSelection\":\"6to8\",\"edgeRTMS\":2602},{\"edgeSelection\":\"0to3\",\"edgeRTMS\":6837}]","trial_id":"cong_5_flipped","congruency":"C","task":"experiment","subjectId":"zzfk99ztzrm1yat","trial_type":"external-html","trial_index":14,"time_elapsed":313318,"internal_node_id":"0.0-9.0-0.6"},{"rt":11199,"url":"../static/nodeGraphs.html","edge":"0to2","edgeRT":"9406","skip":"false","flipped":"True","index":"19","edgeClickLog":"[{\"edgeSelection\":\"2to5\",\"edgeRTMS\":3740},{\"edgeSelection\":\"0to2\",\"edgeRTMS\":9406}]","trial_id":"cong_9_flipped","congruency":"C","task":"experiment","subjectId":"zzfk99ztzrm1yat","trial_type":"external-html","trial_index":15,"time_elapsed":325529,"internal_node_id":"0.0-9.0-0.7"},{"rt":5767,"url":"../static/nodeGraphs.html","edge":"0to3","edgeRT":"4379","skip":"false","flipped":"True","index":"10","edgeClickLog":"[{\"edgeSelection\":\"0to3\",\"edgeRTMS\":4379}]","trial_id":"cong_0_flipped","congruency":"C","task":"experiment","subjectId":"zzfk99ztzrm1yat","trial_type":"external-html","trial_index":16,"time_elapsed":331910,"internal_node_id":"0.0-9.0-0.8"},{"rt":7187,"url":"../static/nodeGraphs.html","edge":"2to6","edgeRT":"4476","skip":"false","flipped":"False","index":"1","edgeClickLog":"[{\"edgeSelection\":\"2to6\",\"edgeRTMS\":4476}]","trial_id":"cong_1","congruency":"C","task":"experiment","subjectId":"zzfk99ztzrm1yat","trial_type":"external-html","trial_index":17,"time_elapsed":341559,"internal_node_id":"0.0-9.0-0.9"},{"rt":5404,"url":"../static/nodeGraphs.html","edge":"1to4","edgeRT":"2404","skip":"false","flipped":"False","index":"0","edgeClickLog":"[{\"edgeSelection\":\"1to4\",\"edgeRTMS\":2404}]","trial_id":"cong_0","congruency":"C","task":"experiment","subjectId":"zzfk99ztzrm1yat","trial_type":"external-html","trial_index":18,"time_elapsed":349743,"internal_node_id":"0.0-9.0-0.10"},{"rt":11494,"url":"../static/nodeGraphs.html","edge":"0to3","edgeRT":"9914","skip":"false","flipped":"False","index":"2","edgeClickLog":"[{\"edgeSelection\":\"0to3\",\"edgeRTMS\":9914}]","trial_id":"cong_2","congruency":"C","task":"experiment","subjectId":"zzfk99ztzrm1yat","trial_type":"external-html","trial_index":19,"time_elapsed":361853,"internal_node_id":"0.0-9.0-0.11"},{"rt":10086,"url":"../static/nodeGraphs.html","edge":"2to6","edgeRT":"5470","skip":"false","flipped":"True","index":"14","edgeClickLog":"[{\"edgeSelection\":\"2to6\",\"edgeRTMS\":5470}]","trial_id":"cong_4_flipped","congruency":"C","task":"experiment","subjectId":"zzfk99ztzrm1yat","trial_type":"external-html","trial_index":20,"time_elapsed":374390,"internal_node_id":"0.0-9.0-0.12"},{"rt":10163,"url":"../static/nodeGraphs.html","edge":"0to3","edgeRT":"5819","skip":"false","flipped":"False","index":"7","edgeClickLog":"[{\"edgeSelection\":\"0to3\",\"edgeRTMS\":5819}]","trial_id":"cong_7","congruency":"C","task":"experiment","subjectId":"zzfk99ztzrm1yat","trial_type":"external-html","trial_index":21,"time_elapsed":385172,"internal_node_id":"0.0-9.0-0.13"},{"rt":3686,"url":"../static/nodeGraphs.html","edge":"0to2","edgeRT":"2687","skip":"false","flipped":"False","index":"4","edgeClickLog":"[{\"edgeSelection\":\"0to2\",\"edgeRTMS\":2687}]","trial_id":"cong_4","congruency":"C","task":"experiment","subjectId":"zzfk99ztzrm1yat","trial_type":"external-html","trial_index":22,"time_elapsed":389477,"internal_node_id":"0.0-9.0-0.14"},{"rt":7811,"url":"../static/nodeGraphs.html","edge":"0to2","edgeRT":"4169","skip":"false","flipped":"True","index":"12","edgeClickLog":"[{\"edgeSelection\":\"0to2\",\"edgeRTMS\":4169}]","trial_id":"cong_2_flipped","congruency":"C","task":"experiment","subjectId":"zzfk99ztzrm1yat","trial_type":"external-html","trial_index":23,"time_elapsed":397908,"internal_node_id":"0.0-9.0-0.15"},{"rt":11481,"url":"../static/nodeGraphs.html","edge":"2to5","edgeRT":"4497","skip":"false","flipped":"False","index":"6","edgeClickLog":"[{\"edgeSelection\":\"2to5\",\"edgeRTMS\":4497}]","trial_id":"cong_6","congruency":"C","task":"experiment","subjectId":"zzfk99ztzrm1yat","trial_type":"external-html","trial_index":24,"time_elapsed":410003,"internal_node_id":"0.0-9.0-0.16"},{"rt":8760,"url":"../static/nodeGraphs.html","edge":"0to3","edgeRT":"6001","skip":"false","flipped":"True","index":"18","edgeClickLog":"[{\"edgeSelection\":\"0to3\",\"edgeRTMS\":6001}]","trial_id":"cong_8_flipped","congruency":"C","task":"experiment","subjectId":"zzfk99ztzrm1yat","trial_type":"external-html","trial_index":25,"time_elapsed":419372,"internal_node_id":"0.0-9.0-0.17"},{"rt":14658,"url":"../static/nodeGraphs.html","edge":"0to1","edgeRT":"4221","skip":"false","flipped":"True","index":"17","edgeClickLog":"[{\"edgeSelection\":\"0to1\",\"edgeRTMS\":4221}]","trial_id":"cong_7_flipped","congruency":"C","task":"experiment","subjectId":"zzfk99ztzrm1yat","trial_type":"external-html","trial_index":26,"time_elapsed":434646,"internal_node_id":"0.0-9.0-0.18"},{"rt":8977,"url":"../static/nodeGraphs.html","edge":"0to2","edgeRT":"5586","skip":"false","flipped":"True","index":"16","edgeClickLog":"[{\"edgeSelection\":\"0to2\",\"edgeRTMS\":5586}]","trial_id":"cong_6_flipped","congruency":"C","task":"experiment","subjectId":"zzfk99ztzrm1yat","trial_type":"external-html","trial_index":27,"time_elapsed":444234,"internal_node_id":"0.0-9.0-0.19"},{"rt":17976,"url":"../static/nodeGraphs.html","edge":"2to6","edgeRT":"9066","skip":"false","flipped":"False","index":"20","edgeClickLog":"[{\"edgeSelection\":\"3to5\",\"edgeRTMS\":4957},{\"edgeSelection\":\"2to6\",\"edgeRTMS\":9066}]","trial_id":"test_0","congruency":"I","task":"experiment","subjectId":"zzfk99ztzrm1yat","trial_type":"external-html","trial_index":28,"time_elapsed":462838,"internal_node_id":"0.0-9.0-0.20"},{"rt":11300,"url":"../static/nodeGraphs.html","edge":"0to3","edgeRT":"4420","skip":"false","flipped":"False","index":"21","edgeClickLog":"[{\"edgeSelection\":\"0to3\",\"edgeRTMS\":4420}]","trial_id":"test_1","congruency":"I","task":"experiment","subjectId":"zzfk99ztzrm1yat","trial_type":"external-html","trial_index":29,"time_elapsed":475768,"internal_node_id":"0.0-9.0-0.21"},{"rt":12919,"url":"../static/nodeGraphs.html","edge":"0to3","edgeRT":"10996","skip":"false","flipped":"False","index":"22","edgeClickLog":"[{\"edgeSelection\":\"0to3\",\"edgeRTMS\":10996}]","trial_id":"test_2","congruency":"I","task":"experiment","subjectId":"zzfk99ztzrm1yat","trial_type":"external-html","trial_index":30,"time_elapsed":489306,"internal_node_id":"0.0-9.0-0.22"},{"rt":10642,"url":"../static/nodeGraphs.html","edge":"0to3","edgeRT":"2690","skip":"false","flipped":"False","index":"23","edgeClickLog":"[{\"edgeSelection\":\"0to3\",\"edgeRTMS\":2690}]","trial_id":"test_3","congruency":"I","task":"experiment","subjectId":"zzfk99ztzrm1yat","trial_type":"external-html","trial_index":31,"time_elapsed":500564,"internal_node_id":"0.0-9.0-0.23"},{"rt":16443,"url":"../static/nodeGraphs.html","edge":"3to6","edgeRT":"15031","skip":"false","flipped":"False","index":"24","edgeClickLog":"[{\"edgeSelection\":\"3to6\",\"edgeRTMS\":15031}]","trial_id":"test_4","congruency":"I","task":"experiment","subjectId":"zzfk99ztzrm1yat","trial_type":"external-html","trial_index":32,"time_elapsed":520889,"internal_node_id":"0.0-9.0-0.24"},{"rt":66166,"response":{"P0_Q0":null,"P0_Q1":3,"P0_Q2":6,"P0_Q3":6,"P0_Q4":4,"P0_Q5":1,"strategies":"Loling at the beat path to get the most points and teying to keep in mind that the students dont already know that","feedback":" no "},"accuracy":[],"trial_type":"survey","trial_index":33,"time_elapsed":587641,"internal_node_id":"0.0-10.0"},{"rt":6722,"stimulus":"<p>Thanks for your time!</p>        <p>We need to manually calculate your bonus pay, please give us up to 7 days.</p><p>Press any key to conclude.</p>","response":"f","task":"end","subjectId":"zzfk99ztzrm1yat","trial_type":"html-keyboard-response","trial_index":34,"time_elapsed":594365,"internal_node_id":"0.0-11.0","interactions":"[{\"event\":\"fullscreenenter\",\"trial\":1,\"time\":6952},{\"event\":\"blur\",\"trial\":4,\"time\":129543},{\"event\":\"focus\",\"trial\":4,\"time\":129543},{\"event\":\"fullscreenexit\",\"trial\":4,\"time\":129551},{\"event\":\"blur\",\"trial\":8,\"time\":246360},{\"event\":\"focus\",\"trial\":8,\"time\":246360},{\"event\":\"blur\",\"trial\":13,\"time\":293605},{\"event\":\"focus\",\"trial\":13,\"time\":293605}]"}]