[{"success":true,"timeout":false,"failed_images":[],"failed_audio":[],"failed_video":[],"trial_type":"preload","trial_index":0,"time_elapsed":172,"internal_node_id":"0.0-0.0"},{"success":true,"trial_type":"fullscreen","trial_index":1,"time_elapsed":13284,"internal_node_id":"0.0-1.0"},{"rt":6394,"stimulus":"Welcome to the experiment. Press any key to begin.","response":" ","trial_type":"html-keyboard-response","trial_index":2,"time_elapsed":19681,"internal_node_id":"0.0-2.0"},{"view_history":[{"page_index":0,"viewing_time":11624},{"page_index":1,"viewing_time":5709},{"page_index":2,"viewing_time":51613},{"page_index":3,"viewing_time":10982},{"page_index":4,"viewing_time":1763},{"page_index":5,"viewing_time":1094},{"page_index":6,"viewing_time":1590},{"page_index":7,"viewing_time":9299},{"page_index":8,"viewing_time":17729},{"page_index":9,"viewing_time":9320},{"page_index":10,"viewing_time":4153},{"page_index":11,"viewing_time":665},{"page_index":12,"viewing_time":629},{"page_index":13,"viewing_time":1513},{"page_index":14,"viewing_time":2891},{"page_index":15,"viewing_time":6484},{"page_index":16,"viewing_time":3045},{"page_index":17,"viewing_time":804},{"page_index":18,"viewing_time":2393},{"page_index":19,"viewing_time":6021},{"page_index":20,"viewing_time":4563},{"page_index":21,"viewing_time":4886}],"rt":158770,"trial_type":"instructions","trial_index":3,"time_elapsed":178451,"internal_node_id":"0.0-3.0"},{"rt":84975,"url":"../static/nodeGraphsTraining.html","skip":[],"edgeClickLog":[],"trial_type":"external-html","trial_index":4,"time_elapsed":263521,"internal_node_id":"0.0-4.0"},{"rt":32118,"response":{"q1":"The goal is to help the student to get the most points","q2":"False","q3":"Possible paths you, as the teacher, can choose to teach the learner.","q4":"Paths that the student took before."},"question_order":[0,1,2,3],"trial_type":"survey-multi-choice","trial_index":5,"time_elapsed":295642,"internal_node_id":"0.0-5.0"},{"rt":2989,"stimulus":"<p>You can take a 60 second break before starting the experiment.</p><br><br><p>This page will advance in 60 seconds or you can press any key to advance now.</p>","response":" ","trial_type":"html-keyboard-response","trial_index":6,"time_elapsed":298633,"internal_node_id":"0.0-7.0"},{"view_history":[{"page_index":0,"viewing_time":27400}],"rt":27400,"trial_type":"instructions","trial_index":7,"time_elapsed":326034,"internal_node_id":"0.0-8.0"},{"rt":16250,"url":"../static/nodeGraphs.html","edge":"2to4","edgeRT":"12166","skip":"false","flipped":"False","index":"7","edgeClickLog":"[{\"edgeSelection\":\"2to4\",\"edgeRTMS\":12166}]","trial_id":"cong_7","congruency":"C","task":"experiment","subjectId":"muzzlpsjd74by6n","trial_type":"external-html","trial_index":8,"time_elapsed":342371,"internal_node_id":"0.0-9.0-0.0"},{"rt":10173,"url":"../static/nodeGraphs.html","edge":"2to6","edgeRT":"8260","skip":"false","flipped":"True","index":"17","edgeClickLog":"[{\"edgeSelection\":\"2to6\",\"edgeRTMS\":8260}]","trial_id":"cong_7_flipped","congruency":"C","task":"experiment","subjectId":"muzzlpsjd74by6n","trial_type":"external-html","trial_index":9,"time_elapsed":353172,"internal_node_id":"0.0-9.0-0.1"},{"rt":16735,"url":"../static/nodeGraphs.html","edge":"5to9","edgeRT":"11556","skip":"false","flipped":"False","index":"2","edgeClickLog":"[{\"edgeSelection\":\"5to9\",\"edgeRTMS\":11556}]","trial_id":"cong_2","congruency":"C","task":"experiment","subjectId":"muzzlpsjd74by6n","trial_type":"external-html","trial_index":10,"time_elapsed":370496,"internal_node_id":"0.0-9.0-0.2"},{"rt":8061,"url":"../static/nodeGraphs.html","edge":"1to5","edgeRT":"6090","skip":"false","flipped":"True","index":"13","edgeClickLog":"[{\"edgeSelection\":\"1to5\",\"edgeRTMS\":6090}]","trial_id":"cong_3_flipped","congruency":"C","task":"experiment","subjectId":"muzzlpsjd74by6n","trial_type":"external-html","trial_index":11,"time_elapsed":379161,"internal_node_id":"0.0-9.0-0.3"},{"rt":9018,"url":"../static/nodeGraphs.html","edge":"4to7","edgeRT":"6805","skip":"false","flipped":"False","index":"0","edgeClickLog":"[{\"edgeSelection\":\"4to7\",\"edgeRTMS\":6805}]","trial_id":"cong_0","congruency":"C","task":"experiment","subjectId":"muzzlpsjd74by6n","trial_type":"external-html","trial_index":12,"time_elapsed":388782,"internal_node_id":"0.0-9.0-0.4"},{"rt":7698,"url":"../static/nodeGraphs.html","edge":"6to9","edgeRT":"6094","skip":"false","flipped":"True","index":"10","edgeClickLog":"[{\"edgeSelection\":\"6to9\",\"edgeRTMS\":6094}]","trial_id":"cong_0_flipped","congruency":"C","task":"experiment","subjectId":"muzzlpsjd74by6n","trial_type":"external-html","trial_index":13,"time_elapsed":397072,"internal_node_id":"0.0-9.0-0.5"},{"rt":9377,"url":"../static/nodeGraphs.html","edge":"6to8","edgeRT":"7634","skip":"false","flipped":"True","index":"14","edgeClickLog":"[{\"edgeSelection\":\"6to8\",\"edgeRTMS\":7634}]","trial_id":"cong_4_flipped","congruency":"C","task":"experiment","subjectId":"muzzlpsjd74by6n","trial_type":"external-html","trial_index":14,"time_elapsed":407045,"internal_node_id":"0.0-9.0-0.6"},{"rt":11494,"url":"../static/nodeGraphs.html","edge":"3to6","edgeRT":"7800","skip":"false","flipped":"True","index":"15","edgeClickLog":"[{\"edgeSelection\":\"3to6\",\"edgeRTMS\":7800}]","trial_id":"cong_5_flipped","congruency":"C","task":"experiment","subjectId":"muzzlpsjd74by6n","trial_type":"external-html","trial_index":15,"time_elapsed":419177,"internal_node_id":"0.0-9.0-0.7"},{"rt":16800,"url":"../static/nodeGraphs.html","edge":"2to4","edgeRT":"13339","skip":"false","flipped":"True","index":"11","edgeClickLog":"[{\"edgeSelection\":\"2to4\",\"edgeRTMS\":13339}]","trial_id":"cong_1_flipped","congruency":"C","task":"experiment","subjectId":"muzzlpsjd74by6n","trial_type":"external-html","trial_index":16,"time_elapsed":436570,"internal_node_id":"0.0-9.0-0.8"},{"rt":11670,"url":"../static/nodeGraphs.html","edge":"3to6","edgeRT":"8345","skip":"false","flipped":"True","index":"18","edgeClickLog":"[{\"edgeSelection\":\"3to6\",\"edgeRTMS\":8345}]","trial_id":"cong_8_flipped","congruency":"C","task":"experiment","subjectId":"muzzlpsjd74by6n","trial_type":"external-html","trial_index":17,"time_elapsed":448831,"internal_node_id":"0.0-9.0-0.9"},{"rt":8493,"url":"../static/nodeGraphs.html","edge":"5to7","edgeRT":"7486","skip":"false","flipped":"False","index":"6","edgeClickLog":"[{\"edgeSelection\":\"5to7\",\"edgeRTMS\":7486}]","trial_id":"cong_6","congruency":"C","task":"experiment","subjectId":"muzzlpsjd74by6n","trial_type":"external-html","trial_index":18,"time_elapsed":457916,"internal_node_id":"0.0-9.0-0.10"},{"rt":7888,"url":"../static/nodeGraphs.html","edge":"1to4","edgeRT":"5659","skip":"false","flipped":"False","index":"5","edgeClickLog":"[{\"edgeSelection\":\"1to4\",\"edgeRTMS\":5659}]","trial_id":"cong_5","congruency":"C","task":"experiment","subjectId":"muzzlpsjd74by6n","trial_type":"external-html","trial_index":19,"time_elapsed":466413,"internal_node_id":"0.0-9.0-0.11"},{"rt":13330,"url":"../static/nodeGraphs.html","edge":"2to6","edgeRT":"9920","skip":"false","flipped":"False","index":"1","edgeClickLog":"[{\"edgeSelection\":\"2to6\",\"edgeRTMS\":9920}]","trial_id":"cong_1","congruency":"C","task":"experiment","subjectId":"muzzlpsjd74by6n","trial_type":"external-html","trial_index":20,"time_elapsed":480348,"internal_node_id":"0.0-9.0-0.12"},{"rt":9317,"url":"../static/nodeGraphs.html","edge":"3to5","edgeRT":"7689","skip":"false","flipped":"False","index":"3","edgeClickLog":"[{\"edgeSelection\":\"3to5\",\"edgeRTMS\":7689}]","trial_id":"cong_3","congruency":"C","task":"experiment","subjectId":"muzzlpsjd74by6n","trial_type":"external-html","trial_index":21,"time_elapsed":490260,"internal_node_id":"0.0-9.0-0.13"},{"rt":11659,"url":"../static/nodeGraphs.html","edge":"5to9","edgeRT":"9672","skip":"false","flipped":"True","index":"16","edgeClickLog":"[{\"edgeSelection\":\"5to9\",\"edgeRTMS\":9672}]","trial_id":"cong_6_flipped","congruency":"C","task":"experiment","subjectId":"muzzlpsjd74by6n","trial_type":"external-html","trial_index":22,"time_elapsed":502545,"internal_node_id":"0.0-9.0-0.14"},{"rt":9627,"url":"../static/nodeGraphs.html","edge":"2to5","edgeRT":"7604","skip":"false","flipped":"False","index":"9","edgeClickLog":"[{\"edgeSelection\":\"2to5\",\"edgeRTMS\":7604}]","trial_id":"cong_9","congruency":"C","task":"experiment","subjectId":"muzzlpsjd74by6n","trial_type":"external-html","trial_index":23,"time_elapsed":512766,"internal_node_id":"0.0-9.0-0.15"},{"rt":7978,"url":"../static/nodeGraphs.html","edge":"1to4","edgeRT":"6150","skip":"false","flipped":"False","index":"8","edgeClickLog":"[{\"edgeSelection\":\"1to4\",\"edgeRTMS\":6150}]","trial_id":"cong_8","congruency":"C","task":"experiment","subjectId":"muzzlpsjd74by6n","trial_type":"external-html","trial_index":24,"time_elapsed":521339,"internal_node_id":"0.0-9.0-0.16"},{"rt":7616,"url":"../static/nodeGraphs.html","edge":"5to8","edgeRT":"4939","skip":"false","flipped":"True","index":"19","edgeClickLog":"[{\"edgeSelection\":\"5to8\",\"edgeRTMS\":4939}]","trial_id":"cong_9_flipped","congruency":"C","task":"experiment","subjectId":"muzzlpsjd74by6n","trial_type":"external-html","trial_index":25,"time_elapsed":529554,"internal_node_id":"0.0-9.0-0.17"},{"rt":7443,"url":"../static/nodeGraphs.html","edge":"5to7","edgeRT":"5955","skip":"false","flipped":"True","index":"12","edgeClickLog":"[{\"edgeSelection\":\"5to7\",\"edgeRTMS\":5955}]","trial_id":"cong_2_flipped","congruency":"C","task":"experiment","subjectId":"muzzlpsjd74by6n","trial_type":"external-html","trial_index":26,"time_elapsed":537596,"internal_node_id":"0.0-9.0-0.18"},{"rt":7216,"url":"../static/nodeGraphs.html","edge":"4to8","edgeRT":"5309","skip":"false","flipped":"False","index":"4","edgeClickLog":"[{\"edgeSelection\":\"4to8\",\"edgeRTMS\":5309}]","trial_id":"cong_4","congruency":"C","task":"experiment","subjectId":"muzzlpsjd74by6n","trial_type":"external-html","trial_index":27,"time_elapsed":545405,"internal_node_id":"0.0-9.0-0.19"},{"rt":30002,"url":"../static/nodeGraphs.html","edge":"2to5","edgeRT":"19598","skip":"true","flipped":"False","index":"20","edgeClickLog":"[{\"edgeSelection\":\"6to8\",\"edgeRTMS\":15109},{\"edgeSelection\":\"6to8\",\"edgeRTMS\":18616},{\"edgeSelection\":\"2to5\",\"edgeRTMS\":19598}]","trial_id":"test_0","congruency":"I","task":"experiment","subjectId":"muzzlpsjd74by6n","trial_type":"external-html","trial_index":28,"time_elapsed":575997,"internal_node_id":"0.0-9.0-0.20"},{"rt":11349,"url":"../static/nodeGraphs.html","edge":"3to6","edgeRT":"8733","skip":"false","flipped":"False","index":"21","edgeClickLog":"[{\"edgeSelection\":\"3to6\",\"edgeRTMS\":8733}]","trial_id":"test_1","congruency":"I","task":"experiment","subjectId":"muzzlpsjd74by6n","trial_type":"external-html","trial_index":29,"time_elapsed":587941,"internal_node_id":"0.0-9.0-0.21"},{"rt":10743,"url":"../static/nodeGraphs.html","edge":"6to8","edgeRT":"9342","skip":"false","flipped":"False","index":"22","edgeClickLog":"[{\"edgeSelection\":\"6to8\",\"edgeRTMS\":9342}]","trial_id":"test_2","congruency":"I","task":"experiment","subjectId":"muzzlpsjd74by6n","trial_type":"external-html","trial_index":30,"time_elapsed":599272,"internal_node_id":"0.0-9.0-0.22"},{"rt":10578,"url":"../static/nodeGraphs.html","edge":"1to5","edgeRT":"8234","skip":"false","flipped":"False","index":"23","edgeClickLog":"[{\"edgeSelection\":\"1to5\",\"edgeRTMS\":8234}]","trial_id":"test_3","congruency":"I","task":"experiment","subjectId":"muzzlpsjd74by6n","trial_type":"external-html","trial_index":31,"time_elapsed":610446,"internal_node_id":"0.0-9.0-0.23"},{"rt":13097,"url":"../static/nodeGraphs.html","edge":"6to9","edgeRT":"11690","skip":"false","flipped":"False","index":"24","edgeClickLog":"[{\"edgeSelection\":\"6to9\",\"edgeRTMS\":11690}]","trial_id":"test_4","congruency":"I","task":"experiment","subjectId":"muzzlpsjd74by6n","trial_type":"external-html","trial_index":32,"time_elapsed":624151,"internal_node_id":"0.0-9.0-0.24"},{"rt":49905,"response":{"P0_Q0":null,"P0_Q1":5,"P0_Q2":7,"P0_Q3":6,"P0_Q4":6,"P0_Q5":2,"strategies":"start at the bottom, look for the biggest numbers and work my way backwards","feedback":"this was a fun task!"},"accuracy":[],"trial_type":"survey","trial_index":33,"time_elapsed":674609,"internal_node_id":"0.0-10.0"},{"rt":1686,"stimulus":"<p>Thanks for your time!</p>        <p>We need to manually calculate your bonus pay, please give us up to 7 days.</p><p>Press any key to conclude.</p>","response":" ","task":"end","subjectId":"muzzlpsjd74by6n","trial_type":"html-keyboard-response","trial_index":34,"time_elapsed":676297,"internal_node_id":"0.0-11.0","interactions":"[{\"event\":\"blur\",\"trial\":1,\"time\":2965},{\"event\":\"focus\",\"trial\":1,\"time\":10785},{\"event\":\"fullscreenenter\",\"trial\":1,\"time\":12291},{\"event\":\"blur\",\"trial\":4,\"time\":194585},{\"event\":\"focus\",\"trial\":4,\"time\":194585},{\"event\":\"fullscreenexit\",\"trial\":4,\"time\":194592},{\"event\":\"blur\",\"trial\":4,\"time\":202487},{\"event\":\"focus\",\"trial\":4,\"time\":202487},{\"event\":\"blur\",\"trial\":5,\"time\":270635},{\"event\":\"focus\",\"trial\":5,\"time\":271828}]"}]