[{"success":true,"timeout":false,"failed_images":[],"failed_audio":[],"failed_video":[],"trial_type":"preload","trial_index":0,"time_elapsed":876,"internal_node_id":"0.0-0.0"},{"success":true,"trial_type":"fullscreen","trial_index":1,"time_elapsed":3231,"internal_node_id":"0.0-1.0"},{"rt":3541,"stimulus":"Welcome to the experiment. Press any key to begin.","response":"arrowright","trial_type":"html-keyboard-response","trial_index":2,"time_elapsed":6774,"internal_node_id":"0.0-2.0"},{"view_history":[{"page_index":0,"viewing_time":2278},{"page_index":1,"viewing_time":3792},{"page_index":2,"viewing_time":14777},{"page_index":3,"viewing_time":4495},{"page_index":4,"viewing_time":1008},{"page_index":5,"viewing_time":537},{"page_index":6,"viewing_time":783},{"page_index":7,"viewing_time":5305},{"page_index":8,"viewing_time":8896},{"page_index":9,"viewing_time":5856},{"page_index":10,"viewing_time":559},{"page_index":11,"viewing_time":440},{"page_index":12,"viewing_time":617},{"page_index":13,"viewing_time":999},{"page_index":14,"viewing_time":1256},{"page_index":15,"viewing_time":2753},{"page_index":16,"viewing_time":575},{"page_index":17,"viewing_time":328},{"page_index":18,"viewing_time":265},{"page_index":19,"viewing_time":975},{"page_index":20,"viewing_time":713},{"page_index":19,"viewing_time":1351},{"page_index":20,"viewing_time":4409},{"page_index":21,"viewing_time":3887}],"rt":66854,"trial_type":"instructions","trial_index":3,"time_elapsed":73629,"internal_node_id":"0.0-3.0"},{"rt":67449,"url":"../static/nodeGraphsTraining.html","skip":[],"edgeClickLog":[],"trial_type":"external-html","trial_index":4,"time_elapsed":141252,"internal_node_id":"0.0-4.0"},{"rt":33817,"response":{"q1":"The goal is to help the student to get the most points","q2":"False","q3":"Possible paths you, as the teacher, can choose to teach the learner.","q4":"Paths that the student took before."},"question_order":[0,1,2,3],"trial_type":"survey-multi-choice","trial_index":5,"time_elapsed":175072,"internal_node_id":"0.0-5.0"},{"rt":6204,"stimulus":"<p>You can take a 60 second break before starting the experiment.</p><br><br><p>This page will advance in 60 seconds or you can press any key to advance now.</p>","response":"arrowright","trial_type":"html-keyboard-response","trial_index":6,"time_elapsed":181277,"internal_node_id":"0.0-7.0"},{"view_history":[{"page_index":0,"viewing_time":18397}],"rt":18397,"trial_type":"instructions","trial_index":7,"time_elapsed":199674,"internal_node_id":"0.0-8.0"},{"rt":17002,"url":"../static/nodeGraphs.html","edge":"3to6","edgeRT":"15587","skip":"false","flipped":"True","index":"15","edgeClickLog":"[{\"edgeSelection\":\"3to6\",\"edgeRTMS\":15587}]","trial_id":"cong_5_flipped","congruency":"C","task":"experiment","subjectId":"ygfzf07ackfzya6","trial_type":"external-html","trial_index":8,"time_elapsed":216844,"internal_node_id":"0.0-9.0-0.0"},{"rt":16561,"url":"../static/nodeGraphs.html","edge":"2to4","edgeRT":"14963","skip":"false","flipped":"True","index":"11","edgeClickLog":"[{\"edgeSelection\":\"2to4\",\"edgeRTMS\":14963}]","trial_id":"cong_1_flipped","congruency":"C","task":"experiment","subjectId":"ygfzf07ackfzya6","trial_type":"external-html","trial_index":9,"time_elapsed":234084,"internal_node_id":"0.0-9.0-0.1"},{"rt":30004,"url":"../static/nodeGraphs.html","edge":"","edgeRT":"undefined","skip":"true","flipped":"False","index":"7","edgeClickLog":"","trial_id":"cong_7","congruency":"C","task":"experiment","subjectId":"ygfzf07ackfzya6","trial_type":"external-html","trial_index":10,"time_elapsed":264763,"internal_node_id":"0.0-9.0-0.2"},{"rt":8699,"url":"../static/nodeGraphs.html","edge":"6to9","edgeRT":"5659","skip":"false","flipped":"True","index":"18","edgeClickLog":"[{\"edgeSelection\":\"6to9\",\"edgeRTMS\":5659}]","trial_id":"cong_8_flipped","congruency":"C","task":"experiment","subjectId":"ygfzf07ackfzya6","trial_type":"external-html","trial_index":11,"time_elapsed":274134,"internal_node_id":"0.0-9.0-0.3"},{"rt":17828,"url":"../static/nodeGraphs.html","edge":"2to5","edgeRT":"13446","skip":"false","flipped":"True","index":"16","edgeClickLog":"[{\"edgeSelection\":\"5to7\",\"edgeRTMS\":9593},{\"edgeSelection\":\"2to5\",\"edgeRTMS\":13446}]","trial_id":"cong_6_flipped","congruency":"C","task":"experiment","subjectId":"ygfzf07ackfzya6","trial_type":"external-html","trial_index":12,"time_elapsed":292647,"internal_node_id":"0.0-9.0-0.4"},{"rt":12386,"url":"../static/nodeGraphs.html","edge":"2to6","edgeRT":"3010","skip":"false","flipped":"True","index":"14","edgeClickLog":"[{\"edgeSelection\":\"2to6\",\"edgeRTMS\":3010}]","trial_id":"cong_4_flipped","congruency":"C","task":"experiment","subjectId":"ygfzf07ackfzya6","trial_type":"external-html","trial_index":13,"time_elapsed":305706,"internal_node_id":"0.0-9.0-0.5"},{"rt":13839,"url":"../static/nodeGraphs.html","edge":"4to7","edgeRT":"8953","skip":"false","flipped":"False","index":"8","edgeClickLog":"[{\"edgeSelection\":\"4to7\",\"edgeRTMS\":8953}]","trial_id":"cong_8","congruency":"C","task":"experiment","subjectId":"ygfzf07ackfzya6","trial_type":"external-html","trial_index":14,"time_elapsed":320213,"internal_node_id":"0.0-9.0-0.6"},{"rt":9466,"url":"../static/nodeGraphs.html","edge":"2to5","edgeRT":"8023","skip":"false","flipped":"False","index":"6","edgeClickLog":"[{\"edgeSelection\":\"2to5\",\"edgeRTMS\":8023}]","trial_id":"cong_6","congruency":"C","task":"experiment","subjectId":"ygfzf07ackfzya6","trial_type":"external-html","trial_index":15,"time_elapsed":330355,"internal_node_id":"0.0-9.0-0.7"},{"rt":6758,"url":"../static/nodeGraphs.html","edge":"2to4","edgeRT":"4756","skip":"false","flipped":"False","index":"4","edgeClickLog":"[{\"edgeSelection\":\"2to4\",\"edgeRTMS\":4756}]","trial_id":"cong_4","congruency":"C","task":"experiment","subjectId":"ygfzf07ackfzya6","trial_type":"external-html","trial_index":16,"time_elapsed":337793,"internal_node_id":"0.0-9.0-0.8"},{"rt":5281,"url":"../static/nodeGraphs.html","edge":"3to6","edgeRT":"2377","skip":"false","flipped":"True","index":"10","edgeClickLog":"[{\"edgeSelection\":\"3to6\",\"edgeRTMS\":2377}]","trial_id":"cong_0_flipped","congruency":"C","task":"experiment","subjectId":"ygfzf07ackfzya6","trial_type":"external-html","trial_index":17,"time_elapsed":343742,"internal_node_id":"0.0-9.0-0.9"},{"rt":4014,"url":"../static/nodeGraphs.html","edge":"2to5","edgeRT":"1384","skip":"false","flipped":"True","index":"19","edgeClickLog":"[{\"edgeSelection\":\"2to5\",\"edgeRTMS\":1384}]","trial_id":"cong_9_flipped","congruency":"C","task":"experiment","subjectId":"ygfzf07ackfzya6","trial_type":"external-html","trial_index":18,"time_elapsed":348436,"internal_node_id":"0.0-9.0-0.10"},{"rt":4411,"url":"../static/nodeGraphs.html","edge":"2to5","edgeRT":"2439","skip":"false","flipped":"False","index":"9","edgeClickLog":"[{\"edgeSelection\":\"2to5\",\"edgeRTMS\":2439}]","trial_id":"cong_9","congruency":"C","task":"experiment","subjectId":"ygfzf07ackfzya6","trial_type":"external-html","trial_index":19,"time_elapsed":353710,"internal_node_id":"0.0-9.0-0.11"},{"rt":10072,"url":"../static/nodeGraphs.html","edge":"1to4","edgeRT":"8757","skip":"false","flipped":"False","index":"5","edgeClickLog":"[{\"edgeSelection\":\"1to4\",\"edgeRTMS\":8757}]","trial_id":"cong_5","congruency":"C","task":"experiment","subjectId":"ygfzf07ackfzya6","trial_type":"external-html","trial_index":20,"time_elapsed":364460,"internal_node_id":"0.0-9.0-0.12"},{"rt":11069,"url":"../static/nodeGraphs.html","edge":"5to7","edgeRT":"9642","skip":"false","flipped":"True","index":"12","edgeClickLog":"[{\"edgeSelection\":\"5to7\",\"edgeRTMS\":9642}]","trial_id":"cong_2_flipped","congruency":"C","task":"experiment","subjectId":"ygfzf07ackfzya6","trial_type":"external-html","trial_index":21,"time_elapsed":376214,"internal_node_id":"0.0-9.0-0.13"},{"rt":3588,"url":"../static/nodeGraphs.html","edge":"2to6","edgeRT":"2585","skip":"false","flipped":"False","index":"1","edgeClickLog":"[{\"edgeSelection\":\"2to6\",\"edgeRTMS\":2585}]","trial_id":"cong_1","congruency":"C","task":"experiment","subjectId":"ygfzf07ackfzya6","trial_type":"external-html","trial_index":22,"time_elapsed":380493,"internal_node_id":"0.0-9.0-0.14"},{"rt":3641,"url":"../static/nodeGraphs.html","edge":"5to9","edgeRT":"2483","skip":"false","flipped":"False","index":"2","edgeClickLog":"[{\"edgeSelection\":\"5to9\",\"edgeRTMS\":2483}]","trial_id":"cong_2","congruency":"C","task":"experiment","subjectId":"ygfzf07ackfzya6","trial_type":"external-html","trial_index":23,"time_elapsed":384804,"internal_node_id":"0.0-9.0-0.15"},{"rt":7711,"url":"../static/nodeGraphs.html","edge":"5to7","edgeRT":"6461","skip":"false","flipped":"True","index":"13","edgeClickLog":"[{\"edgeSelection\":\"1to5\",\"edgeRTMS\":4269},{\"edgeSelection\":\"5to7\",\"edgeRTMS\":6461}]","trial_id":"cong_3_flipped","congruency":"C","task":"experiment","subjectId":"ygfzf07ackfzya6","trial_type":"external-html","trial_index":24,"time_elapsed":393192,"internal_node_id":"0.0-9.0-0.16"},{"rt":9391,"url":"../static/nodeGraphs.html","edge":"4to7","edgeRT":"7574","skip":"false","flipped":"False","index":"0","edgeClickLog":"[{\"edgeSelection\":\"1to4\",\"edgeRTMS\":2112},{\"edgeSelection\":\"4to7\",\"edgeRTMS\":7574}]","trial_id":"cong_0","congruency":"C","task":"experiment","subjectId":"ygfzf07ackfzya6","trial_type":"external-html","trial_index":25,"time_elapsed":403262,"internal_node_id":"0.0-9.0-0.17"},{"rt":8059,"url":"../static/nodeGraphs.html","edge":"5to9","edgeRT":"4387","skip":"false","flipped":"False","index":"3","edgeClickLog":"[{\"edgeSelection\":\"5to9\",\"edgeRTMS\":4387}]","trial_id":"cong_3","congruency":"C","task":"experiment","subjectId":"ygfzf07ackfzya6","trial_type":"external-html","trial_index":26,"time_elapsed":412190,"internal_node_id":"0.0-9.0-0.18"},{"rt":5952,"url":"../static/nodeGraphs.html","edge":"6to9","edgeRT":"3932","skip":"false","flipped":"True","index":"17","edgeClickLog":"[{\"edgeSelection\":\"6to9\",\"edgeRTMS\":3932}]","trial_id":"cong_7_flipped","congruency":"C","task":"experiment","subjectId":"ygfzf07ackfzya6","trial_type":"external-html","trial_index":27,"time_elapsed":418982,"internal_node_id":"0.0-9.0-0.19"},{"rt":29123,"url":"../static/nodeGraphs.html","edge":"0to1","edgeRT":"26775","skip":"false","flipped":"False","index":"20","edgeClickLog":"[{\"edgeSelection\":\"6to8\",\"edgeRTMS\":2666},{\"edgeSelection\":\"4to8\",\"edgeRTMS\":5618},{\"edgeSelection\":\"5to8\",\"edgeRTMS\":7285},{\"edgeSelection\":\"0to1\",\"edgeRTMS\":26133},{\"edgeSelection\":\"0to1\",\"edgeRTMS\":26775}]","trial_id":"test_0","congruency":"I","task":"experiment","subjectId":"ygfzf07ackfzya6","trial_type":"external-html","trial_index":28,"time_elapsed":448788,"internal_node_id":"0.0-9.0-0.20"},{"rt":11506,"url":"../static/nodeGraphs.html","edge":"0to3","edgeRT":"4033","skip":"false","flipped":"False","index":"21","edgeClickLog":"[{\"edgeSelection\":\"0to3\",\"edgeRTMS\":4033}]","trial_id":"test_1","congruency":"I","task":"experiment","subjectId":"ygfzf07ackfzya6","trial_type":"external-html","trial_index":29,"time_elapsed":460978,"internal_node_id":"0.0-9.0-0.21"},{"rt":24156,"url":"../static/nodeGraphs.html","edge":"6to8","edgeRT":"22068","skip":"false","flipped":"False","index":"22","edgeClickLog":"[{\"edgeSelection\":\"5to7\",\"edgeRTMS\":2381},{\"edgeSelection\":\"0to3\",\"edgeRTMS\":3602},{\"edgeSelection\":\"3to6\",\"edgeRTMS\":5763},{\"edgeSelection\":\"0to3\",\"edgeRTMS\":9218},{\"edgeSelection\":\"3to6\",\"edgeRTMS\":12623},{\"edgeSelection\":\"0to3\",\"edgeRTMS\":17934},{\"edgeSelection\":\"6to8\",\"edgeRTMS\":22068}]","trial_id":"test_2","congruency":"I","task":"experiment","subjectId":"ygfzf07ackfzya6","trial_type":"external-html","trial_index":30,"time_elapsed":485804,"internal_node_id":"0.0-9.0-0.22"},{"rt":8245,"url":"../static/nodeGraphs.html","edge":"5to9","edgeRT":"6890","skip":"false","flipped":"False","index":"23","edgeClickLog":"[{\"edgeSelection\":\"5to9\",\"edgeRTMS\":6890}]","trial_id":"test_3","congruency":"I","task":"experiment","subjectId":"ygfzf07ackfzya6","trial_type":"external-html","trial_index":31,"time_elapsed":494724,"internal_node_id":"0.0-9.0-0.23"},{"rt":21689,"url":"../static/nodeGraphs.html","edge":"6to9","edgeRT":"6337","skip":"false","flipped":"False","index":"24","edgeClickLog":"[{\"edgeSelection\":\"6to9\",\"edgeRTMS\":6337}]","trial_id":"test_4","congruency":"I","task":"experiment","subjectId":"ygfzf07ackfzya6","trial_type":"external-html","trial_index":32,"time_elapsed":517094,"internal_node_id":"0.0-9.0-0.24"},{"rt":22975,"response":{"P0_Q0":null,"P0_Q1":6,"P0_Q2":6,"P0_Q3":4,"P0_Q4":6,"P0_Q5":4,"strategies":"Trying to open paths for the 3's","feedback":""},"accuracy":[],"trial_type":"survey","trial_index":33,"time_elapsed":540629,"internal_node_id":"0.0-10.0"},{"rt":5120,"stimulus":"<p>Thanks for your time!</p>        <p>We need to manually calculate your bonus pay, please give us up to 7 days.</p><p>Press any key to conclude.</p>","response":"arrowright","task":"end","subjectId":"ygfzf07ackfzya6","trial_type":"html-keyboard-response","trial_index":34,"time_elapsed":545750,"internal_node_id":"0.0-11.0","interactions":"[{\"event\":\"fullscreenenter\",\"trial\":1,\"time\":2437}]"}]