[{"success":true,"timeout":false,"failed_images":[],"failed_audio":[],"failed_video":[],"trial_type":"preload","trial_index":0,"time_elapsed":1125,"internal_node_id":"0.0-0.0"},{"success":true,"trial_type":"fullscreen","trial_index":1,"time_elapsed":3781,"internal_node_id":"0.0-1.0"},{"rt":1745,"stimulus":"Welcome to the experiment. Press any key to begin.","response":"enter","trial_type":"html-keyboard-response","trial_index":2,"time_elapsed":5527,"internal_node_id":"0.0-2.0"},{"view_history":[{"page_index":0,"viewing_time":3223},{"page_index":1,"viewing_time":3176},{"page_index":2,"viewing_time":19185},{"page_index":3,"viewing_time":6736},{"page_index":4,"viewing_time":856},{"page_index":5,"viewing_time":936},{"page_index":6,"viewing_time":7769},{"page_index":7,"viewing_time":15900},{"page_index":8,"viewing_time":15774},{"page_index":9,"viewing_time":8486},{"page_index":10,"viewing_time":2128},{"page_index":11,"viewing_time":472},{"page_index":12,"viewing_time":832},{"page_index":13,"viewing_time":3168},{"page_index":14,"viewing_time":2296},{"page_index":15,"viewing_time":6593},{"page_index":16,"viewing_time":775},{"page_index":17,"viewing_time":848},{"page_index":18,"viewing_time":816},{"page_index":19,"viewing_time":5784},{"page_index":20,"viewing_time":4657},{"page_index":21,"viewing_time":2096}],"rt":112504,"trial_type":"instructions","trial_index":3,"time_elapsed":118031,"internal_node_id":"0.0-3.0"},{"rt":56347,"url":"../static/nodeGraphsTraining.html","skip":[],"edgeClickLog":[],"trial_type":"external-html","trial_index":4,"time_elapsed":174482,"internal_node_id":"0.0-4.0"},{"rt":66481,"response":{"q1":"The goal is to help the student to get the most points","q2":"False","q3":"Possible paths you, as the teacher, can choose to teach the learner.","q4":"Paths that the student took before."},"question_order":[0,1,2,3],"trial_type":"survey-multi-choice","trial_index":5,"time_elapsed":240964,"internal_node_id":"0.0-5.0"},{"rt":4073,"stimulus":"<p>You can take a 60 second break before starting the experiment.</p><br><br><p>This page will advance in 60 seconds or you can press any key to advance now.</p>","response":"enter","trial_type":"html-keyboard-response","trial_index":6,"time_elapsed":245039,"internal_node_id":"0.0-7.0"},{"view_history":[{"page_index":0,"viewing_time":17898}],"rt":17898,"trial_type":"instructions","trial_index":7,"time_elapsed":262937,"internal_node_id":"0.0-8.0"},{"rt":9954,"url":"../static/nodeGraphs.html","edge":"5to9","edgeRT":"7445","skip":"false","flipped":"False","index":"2","edgeClickLog":"[{\"edgeSelection\":\"5to9\",\"edgeRTMS\":7445}]","trial_id":"cong_2","congruency":"C","task":"experiment","subjectId":"6mwvjl4cr310hul","trial_type":"external-html","trial_index":8,"time_elapsed":273197,"internal_node_id":"0.0-9.0-0.0"},{"rt":9207,"url":"../static/nodeGraphs.html","edge":"1to4","edgeRT":"6853","skip":"false","flipped":"False","index":"8","edgeClickLog":"[{\"edgeSelection\":\"1to4\",\"edgeRTMS\":6154},{\"edgeSelection\":\"1to4\",\"edgeRTMS\":6853}]","trial_id":"cong_8","congruency":"C","task":"experiment","subjectId":"6mwvjl4cr310hul","trial_type":"external-html","trial_index":9,"time_elapsed":283229,"internal_node_id":"0.0-9.0-0.1"},{"rt":4946,"url":"../static/nodeGraphs.html","edge":"2to6","edgeRT":"3534","skip":"false","flipped":"False","index":"1","edgeClickLog":"[{\"edgeSelection\":\"2to6\",\"edgeRTMS\":2281},{\"edgeSelection\":\"2to6\",\"edgeRTMS\":3534}]","trial_id":"cong_1","congruency":"C","task":"experiment","subjectId":"6mwvjl4cr310hul","trial_type":"external-html","trial_index":10,"time_elapsed":288963,"internal_node_id":"0.0-9.0-0.2"},{"rt":6853,"url":"../static/nodeGraphs.html","edge":"1to5","edgeRT":"5622","skip":"false","flipped":"True","index":"13","edgeClickLog":"[{\"edgeSelection\":\"1to5\",\"edgeRTMS\":3677},{\"edgeSelection\":\"1to5\",\"edgeRTMS\":4463},{\"edgeSelection\":\"1to5\",\"edgeRTMS\":5622}]","trial_id":"cong_3_flipped","congruency":"C","task":"experiment","subjectId":"6mwvjl4cr310hul","trial_type":"external-html","trial_index":11,"time_elapsed":296419,"internal_node_id":"0.0-9.0-0.3"},{"rt":5658,"url":"../static/nodeGraphs.html","edge":"5to7","edgeRT":"3870","skip":"false","flipped":"True","index":"12","edgeClickLog":"[{\"edgeSelection\":\"5to7\",\"edgeRTMS\":3870}]","trial_id":"cong_2_flipped","congruency":"C","task":"experiment","subjectId":"6mwvjl4cr310hul","trial_type":"external-html","trial_index":12,"time_elapsed":302677,"internal_node_id":"0.0-9.0-0.4"},{"rt":5175,"url":"../static/nodeGraphs.html","edge":"2to4","edgeRT":"1960","skip":"false","flipped":"False","index":"4","edgeClickLog":"[{\"edgeSelection\":\"2to4\",\"edgeRTMS\":1960}]","trial_id":"cong_4","congruency":"C","task":"experiment","subjectId":"6mwvjl4cr310hul","trial_type":"external-html","trial_index":13,"time_elapsed":308537,"internal_node_id":"0.0-9.0-0.5"},{"rt":2797,"url":"../static/nodeGraphs.html","edge":"1to4","edgeRT":"1402","skip":"false","flipped":"False","index":"0","edgeClickLog":"[{\"edgeSelection\":\"1to4\",\"edgeRTMS\":1402}]","trial_id":"cong_0","congruency":"C","task":"experiment","subjectId":"6mwvjl4cr310hul","trial_type":"external-html","trial_index":14,"time_elapsed":311935,"internal_node_id":"0.0-9.0-0.6"},{"rt":2727,"url":"../static/nodeGraphs.html","edge":"2to6","edgeRT":"1514","skip":"false","flipped":"True","index":"14","edgeClickLog":"[{\"edgeSelection\":\"2to6\",\"edgeRTMS\":1514}]","trial_id":"cong_4_flipped","congruency":"C","task":"experiment","subjectId":"6mwvjl4cr310hul","trial_type":"external-html","trial_index":15,"time_elapsed":315267,"internal_node_id":"0.0-9.0-0.7"},{"rt":6639,"url":"../static/nodeGraphs.html","edge":"5to9","edgeRT":"5276","skip":"false","flipped":"False","index":"3","edgeClickLog":"[{\"edgeSelection\":\"5to9\",\"edgeRTMS\":2363},{\"edgeSelection\":\"5to9\",\"edgeRTMS\":4315},{\"edgeSelection\":\"5to9\",\"edgeRTMS\":5276}]","trial_id":"cong_3","congruency":"C","task":"experiment","subjectId":"6mwvjl4cr310hul","trial_type":"external-html","trial_index":16,"time_elapsed":322513,"internal_node_id":"0.0-9.0-0.8"},{"rt":14262,"url":"../static/nodeGraphs.html","edge":"2to5","edgeRT":"11566","skip":"false","flipped":"True","index":"16","edgeClickLog":"[{\"edgeSelection\":\"2to5\",\"edgeRTMS\":11566}]","trial_id":"cong_6_flipped","congruency":"C","task":"experiment","subjectId":"6mwvjl4cr310hul","trial_type":"external-html","trial_index":17,"time_elapsed":337535,"internal_node_id":"0.0-9.0-0.9"},{"rt":9132,"url":"../static/nodeGraphs.html","edge":"3to6","edgeRT":"7776","skip":"false","flipped":"True","index":"18","edgeClickLog":"[{\"edgeSelection\":\"3to6\",\"edgeRTMS\":6863},{\"edgeSelection\":\"3to6\",\"edgeRTMS\":7776}]","trial_id":"cong_8_flipped","congruency":"C","task":"experiment","subjectId":"6mwvjl4cr310hul","trial_type":"external-html","trial_index":18,"time_elapsed":347271,"internal_node_id":"0.0-9.0-0.10"},{"rt":8730,"url":"../static/nodeGraphs.html","edge":"2to6","edgeRT":"4786","skip":"false","flipped":"True","index":"17","edgeClickLog":"[{\"edgeSelection\":\"2to6\",\"edgeRTMS\":4786}]","trial_id":"cong_7_flipped","congruency":"C","task":"experiment","subjectId":"6mwvjl4cr310hul","trial_type":"external-html","trial_index":19,"time_elapsed":356597,"internal_node_id":"0.0-9.0-0.11"},{"rt":3788,"url":"../static/nodeGraphs.html","edge":"3to6","edgeRT":"2092","skip":"false","flipped":"True","index":"10","edgeClickLog":"[{\"edgeSelection\":\"3to6\",\"edgeRTMS\":2092}]","trial_id":"cong_0_flipped","congruency":"C","task":"experiment","subjectId":"6mwvjl4cr310hul","trial_type":"external-html","trial_index":20,"time_elapsed":360975,"internal_node_id":"0.0-9.0-0.12"},{"rt":5070,"url":"../static/nodeGraphs.html","edge":"2to5","edgeRT":"2324","skip":"false","flipped":"False","index":"6","edgeClickLog":"[{\"edgeSelection\":\"2to5\",\"edgeRTMS\":2324}]","trial_id":"cong_6","congruency":"C","task":"experiment","subjectId":"6mwvjl4cr310hul","trial_type":"external-html","trial_index":21,"time_elapsed":366657,"internal_node_id":"0.0-9.0-0.13"},{"rt":2806,"url":"../static/nodeGraphs.html","edge":"2to5","edgeRT":"1273","skip":"false","flipped":"True","index":"19","edgeClickLog":"[{\"edgeSelection\":\"2to5\",\"edgeRTMS\":1273}]","trial_id":"cong_9_flipped","congruency":"C","task":"experiment","subjectId":"6mwvjl4cr310hul","trial_type":"external-html","trial_index":22,"time_elapsed":370071,"internal_node_id":"0.0-9.0-0.14"},{"rt":8856,"url":"../static/nodeGraphs.html","edge":"2to4","edgeRT":"1370","skip":"false","flipped":"True","index":"11","edgeClickLog":"[{\"edgeSelection\":\"2to4\",\"edgeRTMS\":1370}]","trial_id":"cong_1_flipped","congruency":"C","task":"experiment","subjectId":"6mwvjl4cr310hul","trial_type":"external-html","trial_index":23,"time_elapsed":379536,"internal_node_id":"0.0-9.0-0.15"},{"rt":3359,"url":"../static/nodeGraphs.html","edge":"2to4","edgeRT":"1934","skip":"false","flipped":"False","index":"7","edgeClickLog":"[{\"edgeSelection\":\"2to4\",\"edgeRTMS\":1934}]","trial_id":"cong_7","congruency":"C","task":"experiment","subjectId":"6mwvjl4cr310hul","trial_type":"external-html","trial_index":24,"time_elapsed":383501,"internal_node_id":"0.0-9.0-0.16"},{"rt":10554,"url":"../static/nodeGraphs.html","edge":"1to4","edgeRT":"8726","skip":"false","flipped":"False","index":"5","edgeClickLog":"[{\"edgeSelection\":\"0to1\",\"edgeRTMS\":5626},{\"edgeSelection\":\"1to4\",\"edgeRTMS\":8726}]","trial_id":"cong_5","congruency":"C","task":"experiment","subjectId":"6mwvjl4cr310hul","trial_type":"external-html","trial_index":25,"time_elapsed":394721,"internal_node_id":"0.0-9.0-0.17"},{"rt":3255,"url":"../static/nodeGraphs.html","edge":"2to5","edgeRT":"2083","skip":"false","flipped":"False","index":"9","edgeClickLog":"[{\"edgeSelection\":\"2to5\",\"edgeRTMS\":2083}]","trial_id":"cong_9","congruency":"C","task":"experiment","subjectId":"6mwvjl4cr310hul","trial_type":"external-html","trial_index":26,"time_elapsed":398569,"internal_node_id":"0.0-9.0-0.18"},{"rt":4398,"url":"../static/nodeGraphs.html","edge":"3to6","edgeRT":"2460","skip":"false","flipped":"True","index":"15","edgeClickLog":"[{\"edgeSelection\":\"3to6\",\"edgeRTMS\":2460}]","trial_id":"cong_5_flipped","congruency":"C","task":"experiment","subjectId":"6mwvjl4cr310hul","trial_type":"external-html","trial_index":27,"time_elapsed":403567,"internal_node_id":"0.0-9.0-0.19"},{"rt":8418,"url":"../static/nodeGraphs.html","edge":"6to9","edgeRT":"3547","skip":"false","flipped":"False","index":"20","edgeClickLog":"[{\"edgeSelection\":\"6to9\",\"edgeRTMS\":3547}]","trial_id":"test_0","congruency":"I","task":"experiment","subjectId":"6mwvjl4cr310hul","trial_type":"external-html","trial_index":28,"time_elapsed":412689,"internal_node_id":"0.0-9.0-0.20"},{"rt":4657,"url":"../static/nodeGraphs.html","edge":"3to6","edgeRT":"2308","skip":"false","flipped":"False","index":"21","edgeClickLog":"[{\"edgeSelection\":\"3to6\",\"edgeRTMS\":2308}]","trial_id":"test_1","congruency":"I","task":"experiment","subjectId":"6mwvjl4cr310hul","trial_type":"external-html","trial_index":29,"time_elapsed":418009,"internal_node_id":"0.0-9.0-0.21"},{"rt":3464,"url":"../static/nodeGraphs.html","edge":"3to6","edgeRT":"1890","skip":"false","flipped":"False","index":"22","edgeClickLog":"[{\"edgeSelection\":\"3to6\",\"edgeRTMS\":1890}]","trial_id":"test_2","congruency":"I","task":"experiment","subjectId":"6mwvjl4cr310hul","trial_type":"external-html","trial_index":30,"time_elapsed":422079,"internal_node_id":"0.0-9.0-0.22"},{"rt":4488,"url":"../static/nodeGraphs.html","edge":"1to5","edgeRT":"1360","skip":"false","flipped":"False","index":"23","edgeClickLog":"[{\"edgeSelection\":\"1to5\",\"edgeRTMS\":1360}]","trial_id":"test_3","congruency":"I","task":"experiment","subjectId":"6mwvjl4cr310hul","trial_type":"external-html","trial_index":31,"time_elapsed":427159,"internal_node_id":"0.0-9.0-0.23"},{"rt":5429,"url":"../static/nodeGraphs.html","edge":"6to9","edgeRT":"2854","skip":"false","flipped":"False","index":"24","edgeClickLog":"[{\"edgeSelection\":\"6to9\",\"edgeRTMS\":2854}]","trial_id":"test_4","congruency":"I","task":"experiment","subjectId":"6mwvjl4cr310hul","trial_type":"external-html","trial_index":32,"time_elapsed":433189,"internal_node_id":"0.0-9.0-0.24"},{"rt":59307,"response":{"P0_Q0":null,"P0_Q1":2,"P0_Q2":7,"P0_Q3":7,"P0_Q4":2,"P0_Q5":1,"strategies":"I wanted to select the line connecting the highest sum of the two end points to show that either the first or second point resulting in increased points","feedback":"N/A"},"accuracy":[],"trial_type":"survey","trial_index":33,"time_elapsed":493047,"internal_node_id":"0.0-10.0"},{"rt":6887,"stimulus":"<p>Thanks for your time!</p>        <p>We need to manually calculate your bonus pay, please give us up to 7 days.</p><p>Press any key to conclude.</p>","response":"enter","task":"end","subjectId":"6mwvjl4cr310hul","trial_type":"html-keyboard-response","trial_index":34,"time_elapsed":499934,"internal_node_id":"0.0-11.0","interactions":"[{\"event\":\"fullscreenenter\",\"trial\":1,\"time\":2792},{\"event\":\"blur\",\"trial\":4,\"time\":129178},{\"event\":\"focus\",\"trial\":4,\"time\":129266},{\"event\":\"blur\",\"trial\":5,\"time\":229878},{\"event\":\"focus\",\"trial\":5,\"time\":229979}]"}]