[{"success":true,"timeout":false,"failed_images":[],"failed_audio":[],"failed_video":[],"trial_type":"preload","trial_index":0,"time_elapsed":272,"internal_node_id":"0.0-0.0"},{"success":true,"trial_type":"fullscreen","trial_index":1,"time_elapsed":3341,"internal_node_id":"0.0-1.0"},{"rt":2856,"stimulus":"Welcome to the experiment. Press any key to begin.","response":" ","trial_type":"html-keyboard-response","trial_index":2,"time_elapsed":6197,"internal_node_id":"0.0-2.0"},{"view_history":[{"page_index":0,"viewing_time":3782},{"page_index":1,"viewing_time":1867},{"page_index":2,"viewing_time":27918},{"page_index":3,"viewing_time":6075},{"page_index":4,"viewing_time":4416},{"page_index":5,"viewing_time":3174},{"page_index":6,"viewing_time":3109},{"page_index":7,"viewing_time":13895},{"page_index":8,"viewing_time":14699},{"page_index":9,"viewing_time":7891},{"page_index":10,"viewing_time":9712},{"page_index":11,"viewing_time":2428},{"page_index":12,"viewing_time":956},{"page_index":13,"viewing_time":1878},{"page_index":14,"viewing_time":3028},{"page_index":15,"viewing_time":14009},{"page_index":16,"viewing_time":2376},{"page_index":17,"viewing_time":1101},{"page_index":18,"viewing_time":1469},{"page_index":19,"viewing_time":7282},{"page_index":20,"viewing_time":4355},{"page_index":21,"viewing_time":2384}],"rt":137804,"trial_type":"instructions","trial_index":3,"time_elapsed":144003,"internal_node_id":"0.0-3.0"},{"rt":136815,"url":"../static/nodeGraphsTraining.html","skip":[],"edgeClickLog":[],"trial_type":"external-html","trial_index":4,"time_elapsed":280955,"internal_node_id":"0.0-4.0"},{"rt":45825,"response":{"q1":"The goal is to help the student to get the most points","q2":"False","q3":"Possible paths you, as the teacher, can choose to teach the learner.","q4":"Paths that the student took before."},"question_order":[0,1,2,3],"trial_type":"survey-multi-choice","trial_index":5,"time_elapsed":326786,"internal_node_id":"0.0-5.0"},{"rt":27696,"stimulus":"<p>You can take a 60 second break before starting the experiment.</p><br><br><p>This page will advance in 60 seconds or you can press any key to advance now.</p>","response":"arrowright","trial_type":"html-keyboard-response","trial_index":6,"time_elapsed":354487,"internal_node_id":"0.0-7.0"},{"view_history":[{"page_index":0,"viewing_time":14174}],"rt":14174,"trial_type":"instructions","trial_index":7,"time_elapsed":368662,"internal_node_id":"0.0-8.0"},{"rt":30009,"url":"../static/nodeGraphs.html","edge":"2to6","edgeRT":"24511","skip":"true","flipped":"True","index":"14","edgeClickLog":"[{\"edgeSelection\":\"2to6\",\"edgeRTMS\":6349},{\"edgeSelection\":\"6to8\",\"edgeRTMS\":7779},{\"edgeSelection\":\"2to6\",\"edgeRTMS\":17247},{\"edgeSelection\":\"6to9\",\"edgeRTMS\":22592},{\"edgeSelection\":\"2to6\",\"edgeRTMS\":24511}]","trial_id":"cong_4_flipped","congruency":"C","task":"experiment","subjectId":"2mr78zt1cxe9gye","trial_type":"external-html","trial_index":8,"time_elapsed":398773,"internal_node_id":"0.0-9.0-0.0"},{"rt":12824,"url":"../static/nodeGraphs.html","edge":"0to1","edgeRT":"8758","skip":"false","flipped":"False","index":"5","edgeClickLog":"[{\"edgeSelection\":\"0to1\",\"edgeRTMS\":8758}]","trial_id":"cong_5","congruency":"C","task":"experiment","subjectId":"2mr78zt1cxe9gye","trial_type":"external-html","trial_index":9,"time_elapsed":412204,"internal_node_id":"0.0-9.0-0.1"},{"rt":30007,"url":"../static/nodeGraphs.html","edge":"5to9","edgeRT":"24160","skip":"true","flipped":"False","index":"2","edgeClickLog":"[{\"edgeSelection\":\"0to1\",\"edgeRTMS\":7717},{\"edgeSelection\":\"0to3\",\"edgeRTMS\":16422},{\"edgeSelection\":\"5to9\",\"edgeRTMS\":23723},{\"edgeSelection\":\"5to9\",\"edgeRTMS\":24160}]","trial_id":"cong_2","congruency":"C","task":"experiment","subjectId":"2mr78zt1cxe9gye","trial_type":"external-html","trial_index":10,"time_elapsed":442815,"internal_node_id":"0.0-9.0-0.2"},{"rt":17090,"url":"../static/nodeGraphs.html","edge":"2to4","edgeRT":"6329","skip":"false","flipped":"False","index":"7","edgeClickLog":"[{\"edgeSelection\":\"2to4\",\"edgeRTMS\":6329}]","trial_id":"cong_7","congruency":"C","task":"experiment","subjectId":"2mr78zt1cxe9gye","trial_type":"external-html","trial_index":11,"time_elapsed":460513,"internal_node_id":"0.0-9.0-0.3"},{"rt":11898,"url":"../static/nodeGraphs.html","edge":"0to3","edgeRT":"6025","skip":"false","flipped":"True","index":"15","edgeClickLog":"[{\"edgeSelection\":\"0to3\",\"edgeRTMS\":6025}]","trial_id":"cong_5_flipped","congruency":"C","task":"experiment","subjectId":"2mr78zt1cxe9gye","trial_type":"external-html","trial_index":12,"time_elapsed":473015,"internal_node_id":"0.0-9.0-0.4"},{"rt":8781,"url":"../static/nodeGraphs.html","edge":"3to5","edgeRT":"7022","skip":"false","flipped":"False","index":"3","edgeClickLog":"[{\"edgeSelection\":\"3to5\",\"edgeRTMS\":7022}]","trial_id":"cong_3","congruency":"C","task":"experiment","subjectId":"2mr78zt1cxe9gye","trial_type":"external-html","trial_index":13,"time_elapsed":482399,"internal_node_id":"0.0-9.0-0.5"},{"rt":18829,"url":"../static/nodeGraphs.html","edge":"2to6","edgeRT":"11948","skip":"false","flipped":"True","index":"10","edgeClickLog":"[{\"edgeSelection\":\"2to6\",\"edgeRTMS\":10788},{\"edgeSelection\":\"2to6\",\"edgeRTMS\":11948}]","trial_id":"cong_0_flipped","congruency":"C","task":"experiment","subjectId":"2mr78zt1cxe9gye","trial_type":"external-html","trial_index":14,"time_elapsed":501831,"internal_node_id":"0.0-9.0-0.6"},{"rt":12362,"url":"../static/nodeGraphs.html","edge":"2to5","edgeRT":"10432","skip":"false","flipped":"False","index":"9","edgeClickLog":"[{\"edgeSelection\":\"2to5\",\"edgeRTMS\":10432}]","trial_id":"cong_9","congruency":"C","task":"experiment","subjectId":"2mr78zt1cxe9gye","trial_type":"external-html","trial_index":15,"time_elapsed":514793,"internal_node_id":"0.0-9.0-0.7"},{"rt":13492,"url":"../static/nodeGraphs.html","edge":"2to6","edgeRT":"5646","skip":"false","flipped":"True","index":"17","edgeClickLog":"[{\"edgeSelection\":\"2to6\",\"edgeRTMS\":5646}]","trial_id":"cong_7_flipped","congruency":"C","task":"experiment","subjectId":"2mr78zt1cxe9gye","trial_type":"external-html","trial_index":16,"time_elapsed":528903,"internal_node_id":"0.0-9.0-0.8"},{"rt":5612,"url":"../static/nodeGraphs.html","edge":"1to4","edgeRT":"3174","skip":"false","flipped":"False","index":"0","edgeClickLog":"[{\"edgeSelection\":\"1to4\",\"edgeRTMS\":3174}]","trial_id":"cong_0","congruency":"C","task":"experiment","subjectId":"2mr78zt1cxe9gye","trial_type":"external-html","trial_index":17,"time_elapsed":535126,"internal_node_id":"0.0-9.0-0.9"},{"rt":16396,"url":"../static/nodeGraphs.html","edge":"5to7","edgeRT":"5307","skip":"false","flipped":"True","index":"12","edgeClickLog":"[{\"edgeSelection\":\"5to7\",\"edgeRTMS\":5307}]","trial_id":"cong_2_flipped","congruency":"C","task":"experiment","subjectId":"2mr78zt1cxe9gye","trial_type":"external-html","trial_index":18,"time_elapsed":552125,"internal_node_id":"0.0-9.0-0.10"},{"rt":5406,"url":"../static/nodeGraphs.html","edge":"2to5","edgeRT":"3703","skip":"false","flipped":"True","index":"16","edgeClickLog":"[{\"edgeSelection\":\"2to5\",\"edgeRTMS\":3703}]","trial_id":"cong_6_flipped","congruency":"C","task":"experiment","subjectId":"2mr78zt1cxe9gye","trial_type":"external-html","trial_index":19,"time_elapsed":558136,"internal_node_id":"0.0-9.0-0.11"},{"rt":11813,"url":"../static/nodeGraphs.html","edge":"2to4","edgeRT":"6429","skip":"false","flipped":"False","index":"4","edgeClickLog":"[{\"edgeSelection\":\"2to4\",\"edgeRTMS\":6429}]","trial_id":"cong_4","congruency":"C","task":"experiment","subjectId":"2mr78zt1cxe9gye","trial_type":"external-html","trial_index":20,"time_elapsed":570556,"internal_node_id":"0.0-9.0-0.12"},{"rt":5463,"url":"../static/nodeGraphs.html","edge":"1to5","edgeRT":"3293","skip":"false","flipped":"True","index":"13","edgeClickLog":"[{\"edgeSelection\":\"1to5\",\"edgeRTMS\":3293}]","trial_id":"cong_3_flipped","congruency":"C","task":"experiment","subjectId":"2mr78zt1cxe9gye","trial_type":"external-html","trial_index":21,"time_elapsed":576629,"internal_node_id":"0.0-9.0-0.13"},{"rt":6124,"url":"../static/nodeGraphs.html","edge":"2to5","edgeRT":"4233","skip":"false","flipped":"False","index":"6","edgeClickLog":"[{\"edgeSelection\":\"2to5\",\"edgeRTMS\":4233}]","trial_id":"cong_6","congruency":"C","task":"experiment","subjectId":"2mr78zt1cxe9gye","trial_type":"external-html","trial_index":22,"time_elapsed":583369,"internal_node_id":"0.0-9.0-0.14"},{"rt":20000,"url":"../static/nodeGraphs.html","edge":"3to6","edgeRT":"17088","skip":"false","flipped":"True","index":"18","edgeClickLog":"[{\"edgeSelection\":\"3to6\",\"edgeRTMS\":17088}]","trial_id":"cong_8_flipped","congruency":"C","task":"experiment","subjectId":"2mr78zt1cxe9gye","trial_type":"external-html","trial_index":23,"time_elapsed":604006,"internal_node_id":"0.0-9.0-0.15"},{"rt":9125,"url":"../static/nodeGraphs.html","edge":"2to4","edgeRT":"4785","skip":"false","flipped":"True","index":"11","edgeClickLog":"[{\"edgeSelection\":\"2to4\",\"edgeRTMS\":4785}]","trial_id":"cong_1_flipped","congruency":"C","task":"experiment","subjectId":"2mr78zt1cxe9gye","trial_type":"external-html","trial_index":24,"time_elapsed":613794,"internal_node_id":"0.0-9.0-0.16"},{"rt":12064,"url":"../static/nodeGraphs.html","edge":"1to4","edgeRT":"10027","skip":"false","flipped":"False","index":"8","edgeClickLog":"[{\"edgeSelection\":\"1to4\",\"edgeRTMS\":10027}]","trial_id":"cong_8","congruency":"C","task":"experiment","subjectId":"2mr78zt1cxe9gye","trial_type":"external-html","trial_index":25,"time_elapsed":626475,"internal_node_id":"0.0-9.0-0.17"},{"rt":9516,"url":"../static/nodeGraphs.html","edge":"2to5","edgeRT":"5136","skip":"false","flipped":"True","index":"19","edgeClickLog":"[{\"edgeSelection\":\"2to5\",\"edgeRTMS\":5136}]","trial_id":"cong_9_flipped","congruency":"C","task":"experiment","subjectId":"2mr78zt1cxe9gye","trial_type":"external-html","trial_index":26,"time_elapsed":636610,"internal_node_id":"0.0-9.0-0.18"},{"rt":5994,"url":"../static/nodeGraphs.html","edge":"2to6","edgeRT":"4301","skip":"false","flipped":"False","index":"1","edgeClickLog":"[{\"edgeSelection\":\"2to6\",\"edgeRTMS\":4301}]","trial_id":"cong_1","congruency":"C","task":"experiment","subjectId":"2mr78zt1cxe9gye","trial_type":"external-html","trial_index":27,"time_elapsed":643225,"internal_node_id":"0.0-9.0-0.19"},{"rt":13884,"url":"../static/nodeGraphs.html","edge":"2to6","edgeRT":"6458","skip":"false","flipped":"False","index":"20","edgeClickLog":"[{\"edgeSelection\":\"2to6\",\"edgeRTMS\":5273},{\"edgeSelection\":\"2to6\",\"edgeRTMS\":6458}]","trial_id":"test_0","congruency":"I","task":"experiment","subjectId":"2mr78zt1cxe9gye","trial_type":"external-html","trial_index":28,"time_elapsed":657711,"internal_node_id":"0.0-9.0-0.20"},{"rt":16744,"url":"../static/nodeGraphs.html","edge":"0to3","edgeRT":"7460","skip":"false","flipped":"False","index":"21","edgeClickLog":"[{\"edgeSelection\":\"0to3\",\"edgeRTMS\":7460}]","trial_id":"test_1","congruency":"I","task":"experiment","subjectId":"2mr78zt1cxe9gye","trial_type":"external-html","trial_index":29,"time_elapsed":675073,"internal_node_id":"0.0-9.0-0.21"},{"rt":22760,"url":"../static/nodeGraphs.html","edge":"0to3","edgeRT":"11169","skip":"false","flipped":"False","index":"22","edgeClickLog":"[{\"edgeSelection\":\"0to3\",\"edgeRTMS\":11169}]","trial_id":"test_2","congruency":"I","task":"experiment","subjectId":"2mr78zt1cxe9gye","trial_type":"external-html","trial_index":30,"time_elapsed":698450,"internal_node_id":"0.0-9.0-0.22"},{"rt":5772,"url":"../static/nodeGraphs.html","edge":"0to1","edgeRT":"2913","skip":"false","flipped":"False","index":"23","edgeClickLog":"[{\"edgeSelection\":\"0to1\",\"edgeRTMS\":2913}]","trial_id":"test_3","congruency":"I","task":"experiment","subjectId":"2mr78zt1cxe9gye","trial_type":"external-html","trial_index":31,"time_elapsed":704822,"internal_node_id":"0.0-9.0-0.23"},{"rt":30003,"url":"../static/nodeGraphs.html","edge":"1to5","edgeRT":"27926","skip":"true","flipped":"False","index":"24","edgeClickLog":"[{\"edgeSelection\":\"1to5\",\"edgeRTMS\":9050},{\"edgeSelection\":\"0to3\",\"edgeRTMS\":22398},{\"edgeSelection\":\"1to5\",\"edgeRTMS\":26645},{\"edgeSelection\":\"1to5\",\"edgeRTMS\":27926}]","trial_id":"test_4","congruency":"I","task":"experiment","subjectId":"2mr78zt1cxe9gye","trial_type":"external-html","trial_index":32,"time_elapsed":735432,"internal_node_id":"0.0-9.0-0.24"},{"rt":23162,"response":{"P0_Q0":null,"P0_Q1":2,"P0_Q2":7,"P0_Q3":7,"P0_Q4":4,"P0_Q5":1,"strategies":"quick math","feedback":""},"accuracy":[],"trial_type":"survey","trial_index":33,"time_elapsed":759167,"internal_node_id":"0.0-10.0"},{"rt":4987,"stimulus":"<p>Thanks for your time!</p>        <p>We need to manually calculate your bonus pay, please give us up to 7 days.</p><p>Press any key to conclude.</p>","response":"arrowright","task":"end","subjectId":"2mr78zt1cxe9gye","trial_type":"html-keyboard-response","trial_index":34,"time_elapsed":764159,"internal_node_id":"0.0-11.0","interactions":"[{\"event\":\"fullscreenenter\",\"trial\":1,\"time\":2350},{\"event\":\"blur\",\"trial\":4,\"time\":163803},{\"event\":\"fullscreenexit\",\"trial\":4,\"time\":163819},{\"event\":\"focus\",\"trial\":4,\"time\":163972},{\"event\":\"blur\",\"trial\":4,\"time\":177294},{\"event\":\"focus\",\"trial\":4,\"time\":177481},{\"event\":\"blur\",\"trial\":4,\"time\":218506},{\"event\":\"focus\",\"trial\":4,\"time\":219797},{\"event\":\"blur\",\"trial\":4,\"time\":219808},{\"event\":\"focus\",\"trial\":4,\"time\":227584},{\"event\":\"blur\",\"trial\":20,\"time\":567866},{\"event\":\"focus\",\"trial\":20,\"time\":569771}]"}]