[{"success":true,"timeout":false,"failed_images":[],"failed_audio":[],"failed_video":[],"trial_type":"preload","trial_index":0,"time_elapsed":301,"internal_node_id":"0.0-0.0"},{"success":true,"trial_type":"fullscreen","trial_index":1,"time_elapsed":3361,"internal_node_id":"0.0-1.0"},{"rt":2082,"stimulus":"Welcome to the experiment. Press any key to begin.","response":"k","trial_type":"html-keyboard-response","trial_index":2,"time_elapsed":5446,"internal_node_id":"0.0-2.0"},{"view_history":[{"page_index":0,"viewing_time":2614},{"page_index":1,"viewing_time":2080},{"page_index":2,"viewing_time":9503},{"page_index":3,"viewing_time":2005},{"page_index":4,"viewing_time":858},{"page_index":5,"viewing_time":778},{"page_index":6,"viewing_time":2977},{"page_index":7,"viewing_time":5682},{"page_index":8,"viewing_time":8965},{"page_index":9,"viewing_time":3140},{"page_index":10,"viewing_time":1034},{"page_index":11,"viewing_time":333},{"page_index":12,"viewing_time":404},{"page_index":13,"viewing_time":896},{"page_index":14,"viewing_time":2270},{"page_index":15,"viewing_time":2428},{"page_index":16,"viewing_time":623},{"page_index":17,"viewing_time":670},{"page_index":18,"viewing_time":629},{"page_index":19,"viewing_time":3235},{"page_index":20,"viewing_time":12034},{"page_index":21,"viewing_time":2541}],"rt":65699,"trial_type":"instructions","trial_index":3,"time_elapsed":71148,"internal_node_id":"0.0-3.0"},{"rt":79630,"url":"../static/nodeGraphsTraining.html","skip":[],"edgeClickLog":[],"trial_type":"external-html","trial_index":4,"time_elapsed":150939,"internal_node_id":"0.0-4.0"},{"rt":22684,"response":{"q1":"The goal is to help the student to get the most points","q2":"False","q3":"Possible paths you, as the teacher, can choose to teach the learner.","q4":"Paths that the student took before."},"question_order":[0,1,2,3],"trial_type":"survey-multi-choice","trial_index":5,"time_elapsed":173631,"internal_node_id":"0.0-5.0"},{"rt":4549,"stimulus":"<p>You can take a 60 second break before starting the experiment.</p><br><br><p>This page will advance in 60 seconds or you can press any key to advance now.</p>","response":"k","trial_type":"html-keyboard-response","trial_index":6,"time_elapsed":178186,"internal_node_id":"0.0-7.0"},{"view_history":[{"page_index":0,"viewing_time":9722}],"rt":9722,"trial_type":"instructions","trial_index":7,"time_elapsed":187909,"internal_node_id":"0.0-8.0"},{"rt":11292,"url":"../static/nodeGraphs.html","edge":"5to8","edgeRT":"9380","skip":"false","flipped":"True","index":"15","edgeClickLog":"[{\"edgeSelection\":\"5to8\",\"edgeRTMS\":9380}]","trial_id":"incong_5_flipped","congruency":"I","task":"experiment","subjectId":"9dzd8bwvpt9cs3h","trial_type":"external-html","trial_index":8,"time_elapsed":199361,"internal_node_id":"0.0-9.0-0.0"},{"rt":3724,"url":"../static/nodeGraphs.html","edge":"5to8","edgeRT":"2553","skip":"false","flipped":"True","index":"17","edgeClickLog":"[{\"edgeSelection\":\"5to8\",\"edgeRTMS\":2553}]","trial_id":"incong_7_flipped","congruency":"I","task":"experiment","subjectId":"9dzd8bwvpt9cs3h","trial_type":"external-html","trial_index":9,"time_elapsed":203744,"internal_node_id":"0.0-9.0-0.1"},{"rt":9889,"url":"../static/nodeGraphs.html","edge":"4to8","edgeRT":"8052","skip":"false","flipped":"True","index":"16","edgeClickLog":"[{\"edgeSelection\":\"4to8\",\"edgeRTMS\":8052}]","trial_id":"incong_6_flipped","congruency":"I","task":"experiment","subjectId":"9dzd8bwvpt9cs3h","trial_type":"external-html","trial_index":10,"time_elapsed":214295,"internal_node_id":"0.0-9.0-0.2"},{"rt":11142,"url":"../static/nodeGraphs.html","edge":"6to9","edgeRT":"9206","skip":"false","flipped":"False","index":"1","edgeClickLog":"[{\"edgeSelection\":\"6to9\",\"edgeRTMS\":9206}]","trial_id":"incong_1","congruency":"I","task":"experiment","subjectId":"9dzd8bwvpt9cs3h","trial_type":"external-html","trial_index":11,"time_elapsed":226096,"internal_node_id":"0.0-9.0-0.3"},{"rt":11210,"url":"../static/nodeGraphs.html","edge":"4to8","edgeRT":"8811","skip":"false","flipped":"False","index":"4","edgeClickLog":"[{\"edgeSelection\":\"2to4\",\"edgeRTMS\":6740},{\"edgeSelection\":\"2to4\",\"edgeRTMS\":7794},{\"edgeSelection\":\"4to8\",\"edgeRTMS\":8811}]","trial_id":"incong_4","congruency":"I","task":"experiment","subjectId":"9dzd8bwvpt9cs3h","trial_type":"external-html","trial_index":12,"time_elapsed":237963,"internal_node_id":"0.0-9.0-0.4"},{"rt":12628,"url":"../static/nodeGraphs.html","edge":"1to4","edgeRT":"7729","skip":"false","flipped":"True","index":"12","edgeClickLog":"[{\"edgeSelection\":\"1to4\",\"edgeRTMS\":7729}]","trial_id":"incong_2_flipped","congruency":"I","task":"experiment","subjectId":"9dzd8bwvpt9cs3h","trial_type":"external-html","trial_index":13,"time_elapsed":251247,"internal_node_id":"0.0-9.0-0.5"},{"rt":8645,"url":"../static/nodeGraphs.html","edge":"5to8","edgeRT":"6914","skip":"false","flipped":"False","index":"7","edgeClickLog":"[{\"edgeSelection\":\"3to6\",\"edgeRTMS\":5093},{\"edgeSelection\":\"5to8\",\"edgeRTMS\":6914}]","trial_id":"incong_7","congruency":"I","task":"experiment","subjectId":"9dzd8bwvpt9cs3h","trial_type":"external-html","trial_index":14,"time_elapsed":260548,"internal_node_id":"0.0-9.0-0.6"},{"rt":7472,"url":"../static/nodeGraphs.html","edge":"6to8","edgeRT":"5916","skip":"false","flipped":"False","index":"6","edgeClickLog":"[{\"edgeSelection\":\"6to8\",\"edgeRTMS\":5916}]","trial_id":"incong_6","congruency":"I","task":"experiment","subjectId":"9dzd8bwvpt9cs3h","trial_type":"external-html","trial_index":15,"time_elapsed":268682,"internal_node_id":"0.0-9.0-0.7"},{"rt":9227,"url":"../static/nodeGraphs.html","edge":"5to9","edgeRT":"6962","skip":"false","flipped":"False","index":"8","edgeClickLog":"[{\"edgeSelection\":\"5to9\",\"edgeRTMS\":6962}]","trial_id":"incong_8","congruency":"I","task":"experiment","subjectId":"9dzd8bwvpt9cs3h","trial_type":"external-html","trial_index":16,"time_elapsed":278566,"internal_node_id":"0.0-9.0-0.8"},{"rt":7995,"url":"../static/nodeGraphs.html","edge":"4to7","edgeRT":"2515","skip":"false","flipped":"True","index":"11","edgeClickLog":"[{\"edgeSelection\":\"4to7\",\"edgeRTMS\":2515}]","trial_id":"incong_1_flipped","congruency":"I","task":"experiment","subjectId":"9dzd8bwvpt9cs3h","trial_type":"external-html","trial_index":17,"time_elapsed":287217,"internal_node_id":"0.0-9.0-0.9"},{"rt":9963,"url":"../static/nodeGraphs.html","edge":"2to5","edgeRT":"8534","skip":"false","flipped":"True","index":"14","edgeClickLog":"[{\"edgeSelection\":\"2to5\",\"edgeRTMS\":8534}]","trial_id":"incong_4_flipped","congruency":"I","task":"experiment","subjectId":"9dzd8bwvpt9cs3h","trial_type":"external-html","trial_index":18,"time_elapsed":297835,"internal_node_id":"0.0-9.0-0.10"},{"rt":5793,"url":"../static/nodeGraphs.html","edge":"4to8","edgeRT":"4646","skip":"false","flipped":"False","index":"9","edgeClickLog":"[{\"edgeSelection\":\"4to8\",\"edgeRTMS\":4646}]","trial_id":"incong_9","congruency":"I","task":"experiment","subjectId":"9dzd8bwvpt9cs3h","trial_type":"external-html","trial_index":19,"time_elapsed":304285,"internal_node_id":"0.0-9.0-0.11"},{"rt":6924,"url":"../static/nodeGraphs.html","edge":"3to6","edgeRT":"4912","skip":"false","flipped":"False","index":"5","edgeClickLog":"[{\"edgeSelection\":\"3to6\",\"edgeRTMS\":4912}]","trial_id":"incong_5","congruency":"I","task":"experiment","subjectId":"9dzd8bwvpt9cs3h","trial_type":"external-html","trial_index":20,"time_elapsed":311869,"internal_node_id":"0.0-9.0-0.12"},{"rt":6562,"url":"../static/nodeGraphs.html","edge":"0to2","edgeRT":"3864","skip":"false","flipped":"False","index":"3","edgeClickLog":"[{\"edgeSelection\":\"0to2\",\"edgeRTMS\":3864}]","trial_id":"incong_3","congruency":"I","task":"experiment","subjectId":"9dzd8bwvpt9cs3h","trial_type":"external-html","trial_index":21,"time_elapsed":319087,"internal_node_id":"0.0-9.0-0.13"},{"rt":7625,"url":"../static/nodeGraphs.html","edge":"0to3","edgeRT":"6146","skip":"false","flipped":"True","index":"10","edgeClickLog":"[{\"edgeSelection\":\"0to3\",\"edgeRTMS\":6146}]","trial_id":"incong_0_flipped","congruency":"I","task":"experiment","subjectId":"9dzd8bwvpt9cs3h","trial_type":"external-html","trial_index":22,"time_elapsed":327371,"internal_node_id":"0.0-9.0-0.14"},{"rt":5257,"url":"../static/nodeGraphs.html","edge":"0to2","edgeRT":"3178","skip":"false","flipped":"True","index":"13","edgeClickLog":"[{\"edgeSelection\":\"0to2\",\"edgeRTMS\":3178}]","trial_id":"incong_3_flipped","congruency":"I","task":"experiment","subjectId":"9dzd8bwvpt9cs3h","trial_type":"external-html","trial_index":23,"time_elapsed":333288,"internal_node_id":"0.0-9.0-0.15"},{"rt":5577,"url":"../static/nodeGraphs.html","edge":"6to8","edgeRT":"2962","skip":"false","flipped":"True","index":"19","edgeClickLog":"[{\"edgeSelection\":\"6to8\",\"edgeRTMS\":2962}]","trial_id":"incong_9_flipped","congruency":"I","task":"experiment","subjectId":"9dzd8bwvpt9cs3h","trial_type":"external-html","trial_index":24,"time_elapsed":339522,"internal_node_id":"0.0-9.0-0.16"},{"rt":6010,"url":"../static/nodeGraphs.html","edge":"5to7","edgeRT":"2679","skip":"false","flipped":"True","index":"18","edgeClickLog":"[{\"edgeSelection\":\"5to7\",\"edgeRTMS\":2679}]","trial_id":"incong_8_flipped","congruency":"I","task":"experiment","subjectId":"9dzd8bwvpt9cs3h","trial_type":"external-html","trial_index":25,"time_elapsed":346189,"internal_node_id":"0.0-9.0-0.17"},{"rt":4606,"url":"../static/nodeGraphs.html","edge":"0to2","edgeRT":"3123","skip":"false","flipped":"False","index":"0","edgeClickLog":"[{\"edgeSelection\":\"0to2\",\"edgeRTMS\":3123}]","trial_id":"incong_0","congruency":"I","task":"experiment","subjectId":"9dzd8bwvpt9cs3h","trial_type":"external-html","trial_index":26,"time_elapsed":351457,"internal_node_id":"0.0-9.0-0.18"},{"rt":5912,"url":"../static/nodeGraphs.html","edge":"0to2","edgeRT":"2531","skip":"false","flipped":"False","index":"2","edgeClickLog":"[{\"edgeSelection\":\"0to2\",\"edgeRTMS\":2531}]","trial_id":"incong_2","congruency":"I","task":"experiment","subjectId":"9dzd8bwvpt9cs3h","trial_type":"external-html","trial_index":27,"time_elapsed":358023,"internal_node_id":"0.0-9.0-0.19"},{"rt":7229,"url":"../static/nodeGraphs.html","edge":"0to1","edgeRT":"5819","skip":"false","flipped":"False","index":"20","edgeClickLog":"[{\"edgeSelection\":\"0to1\",\"edgeRTMS\":5819}]","trial_id":"test_0","congruency":"I","task":"experiment","subjectId":"9dzd8bwvpt9cs3h","trial_type":"external-html","trial_index":28,"time_elapsed":365908,"internal_node_id":"0.0-9.0-0.20"},{"rt":5429,"url":"../static/nodeGraphs.html","edge":"0to3","edgeRT":"2333","skip":"false","flipped":"False","index":"21","edgeClickLog":"[{\"edgeSelection\":\"0to3\",\"edgeRTMS\":2333}]","trial_id":"test_1","congruency":"I","task":"experiment","subjectId":"9dzd8bwvpt9cs3h","trial_type":"external-html","trial_index":29,"time_elapsed":371992,"internal_node_id":"0.0-9.0-0.21"},{"rt":6508,"url":"../static/nodeGraphs.html","edge":"6to8","edgeRT":"2897","skip":"false","flipped":"False","index":"22","edgeClickLog":"[{\"edgeSelection\":\"6to8\",\"edgeRTMS\":2897}]","trial_id":"test_2","congruency":"I","task":"experiment","subjectId":"9dzd8bwvpt9cs3h","trial_type":"external-html","trial_index":30,"time_elapsed":379159,"internal_node_id":"0.0-9.0-0.22"},{"rt":5428,"url":"../static/nodeGraphs.html","edge":"0to1","edgeRT":"3668","skip":"false","flipped":"False","index":"23","edgeClickLog":"[{\"edgeSelection\":\"0to1\",\"edgeRTMS\":3668}]","trial_id":"test_3","congruency":"I","task":"experiment","subjectId":"9dzd8bwvpt9cs3h","trial_type":"external-html","trial_index":31,"time_elapsed":385243,"internal_node_id":"0.0-9.0-0.23"},{"rt":16677,"url":"../static/nodeGraphs.html","edge":"6to9","edgeRT":"15086","skip":"false","flipped":"False","index":"24","edgeClickLog":"[{\"edgeSelection\":\"6to9\",\"edgeRTMS\":14448},{\"edgeSelection\":\"6to9\",\"edgeRTMS\":15086}]","trial_id":"test_4","congruency":"I","task":"experiment","subjectId":"9dzd8bwvpt9cs3h","trial_type":"external-html","trial_index":32,"time_elapsed":402595,"internal_node_id":"0.0-9.0-0.24"},{"rt":26434,"response":{"P0_Q0":null,"P0_Q1":5,"P0_Q2":6,"P0_Q3":3,"P0_Q4":4,"P0_Q5":4,"strategies":"I tried to gain the most points","feedback":""},"accuracy":[],"trial_type":"survey","trial_index":33,"time_elapsed":429702,"internal_node_id":"0.0-10.0"},{"rt":4852,"stimulus":"<p>Thanks for your time!</p>        <p>We need to manually calculate your bonus pay, please give us up to 7 days.</p><p>Press any key to conclude.</p>","response":"h","task":"end","subjectId":"9dzd8bwvpt9cs3h","trial_type":"html-keyboard-response","trial_index":34,"time_elapsed":434557,"internal_node_id":"0.0-11.0","interactions":"[{\"event\":\"fullscreenenter\",\"trial\":1,\"time\":2440},{\"event\":\"fullscreenenter\",\"trial\":1,\"time\":2441},{\"event\":\"fullscreenexit\",\"trial\":4,\"time\":77545},{\"event\":\"fullscreenexit\",\"trial\":4,\"time\":77545},{\"event\":\"blur\",\"trial\":4,\"time\":77547},{\"event\":\"focus\",\"trial\":4,\"time\":77547},{\"event\":\"blur\",\"trial\":12,\"time\":229007},{\"event\":\"focus\",\"trial\":12,\"time\":229009}]"}]