[{"success":true,"timeout":false,"failed_images":[],"failed_audio":[],"failed_video":[],"trial_type":"preload","trial_index":0,"time_elapsed":318,"internal_node_id":"0.0-0.0"},{"success":true,"trial_type":"fullscreen","trial_index":1,"time_elapsed":3305,"internal_node_id":"0.0-1.0"},{"rt":2399,"stimulus":"Welcome to the experiment. Press any key to begin.","response":" ","trial_type":"html-keyboard-response","trial_index":2,"time_elapsed":5706,"internal_node_id":"0.0-2.0"},{"view_history":[{"page_index":0,"viewing_time":7676},{"page_index":1,"viewing_time":6075},{"page_index":2,"viewing_time":35108},{"page_index":3,"viewing_time":5511},{"page_index":4,"viewing_time":1896},{"page_index":5,"viewing_time":1355},{"page_index":6,"viewing_time":2931},{"page_index":7,"viewing_time":10455},{"page_index":8,"viewing_time":13898},{"page_index":9,"viewing_time":3861},{"page_index":10,"viewing_time":2141},{"page_index":11,"viewing_time":1688},{"page_index":12,"viewing_time":1243},{"page_index":13,"viewing_time":1868},{"page_index":14,"viewing_time":5356},{"page_index":15,"viewing_time":3830},{"page_index":16,"viewing_time":6128},{"page_index":17,"viewing_time":1363},{"page_index":18,"viewing_time":1179},{"page_index":19,"viewing_time":4394},{"page_index":20,"viewing_time":8769},{"page_index":21,"viewing_time":5625}],"rt":132350,"trial_type":"instructions","trial_index":3,"time_elapsed":138067,"internal_node_id":"0.0-3.0"},{"rt":77835,"url":"../static/nodeGraphsTraining.html","skip":[],"edgeClickLog":[],"trial_type":"external-html","trial_index":4,"time_elapsed":216087,"internal_node_id":"0.0-4.0"},{"rt":33888,"response":{"q1":"The goal is to help the student to get the most points","q2":"False","q3":"Possible paths you, as the teacher, can choose to teach the learner.","q4":"Paths that the student took before."},"question_order":[0,1,2,3],"trial_type":"survey-multi-choice","trial_index":5,"time_elapsed":249980,"internal_node_id":"0.0-5.0"},{"rt":4919,"stimulus":"<p>You can take a 60 second break before starting the experiment.</p><br><br><p>This page will advance in 60 seconds or you can press any key to advance now.</p>","response":" ","trial_type":"html-keyboard-response","trial_index":6,"time_elapsed":254902,"internal_node_id":"0.0-7.0"},{"view_history":[{"page_index":0,"viewing_time":22017}],"rt":22018,"trial_type":"instructions","trial_index":7,"time_elapsed":276921,"internal_node_id":"0.0-8.0"},{"rt":16687,"url":"../static/nodeGraphs.html","edge":"5to7","edgeRT":"15466","skip":"false","flipped":"False","index":"6","edgeClickLog":"[{\"edgeSelection\":\"0to1\",\"edgeRTMS\":4427},{\"edgeSelection\":\"1to4\",\"edgeRTMS\":6237},{\"edgeSelection\":\"4to8\",\"edgeRTMS\":7706},{\"edgeSelection\":\"0to1\",\"edgeRTMS\":12426},{\"edgeSelection\":\"1to4\",\"edgeRTMS\":14135},{\"edgeSelection\":\"5to7\",\"edgeRTMS\":15466}]","trial_id":"incong_6","congruency":"I","task":"experiment","subjectId":"w74e2y1x1fzyt58","trial_type":"external-html","trial_index":8,"time_elapsed":293784,"internal_node_id":"0.0-9.0-0.0"},{"rt":11867,"url":"../static/nodeGraphs.html","edge":"6to8","edgeRT":"9968","skip":"false","flipped":"True","index":"16","edgeClickLog":"[{\"edgeSelection\":\"0to3\",\"edgeRTMS\":6969},{\"edgeSelection\":\"3to6\",\"edgeRTMS\":8476},{\"edgeSelection\":\"6to8\",\"edgeRTMS\":9968}]","trial_id":"incong_6_flipped","congruency":"I","task":"experiment","subjectId":"w74e2y1x1fzyt58","trial_type":"external-html","trial_index":9,"time_elapsed":306336,"internal_node_id":"0.0-9.0-0.1"},{"rt":13351,"url":"../static/nodeGraphs.html","edge":"4to8","edgeRT":"11364","skip":"false","flipped":"True","index":"13","edgeClickLog":"[{\"edgeSelection\":\"0to2\",\"edgeRTMS\":5885},{\"edgeSelection\":\"2to4\",\"edgeRTMS\":8038},{\"edgeSelection\":\"4to8\",\"edgeRTMS\":11364}]","trial_id":"incong_3_flipped","congruency":"I","task":"experiment","subjectId":"w74e2y1x1fzyt58","trial_type":"external-html","trial_index":10,"time_elapsed":320362,"internal_node_id":"0.0-9.0-0.2"},{"rt":15837,"url":"../static/nodeGraphs.html","edge":"6to8","edgeRT":"14351","skip":"false","flipped":"False","index":"3","edgeClickLog":"[{\"edgeSelection\":\"0to2\",\"edgeRTMS\":4444},{\"edgeSelection\":\"3to5\",\"edgeRTMS\":6477},{\"edgeSelection\":\"2to6\",\"edgeRTMS\":9087},{\"edgeSelection\":\"6to8\",\"edgeRTMS\":14351}]","trial_id":"incong_3","congruency":"I","task":"experiment","subjectId":"w74e2y1x1fzyt58","trial_type":"external-html","trial_index":11,"time_elapsed":336883,"internal_node_id":"0.0-9.0-0.3"},{"rt":17840,"url":"../static/nodeGraphs.html","edge":"5to7","edgeRT":"15635","skip":"false","flipped":"True","index":"14","edgeClickLog":"[{\"edgeSelection\":\"0to1\",\"edgeRTMS\":11228},{\"edgeSelection\":\"1to5\",\"edgeRTMS\":13316},{\"edgeSelection\":\"5to7\",\"edgeRTMS\":15635}]","trial_id":"incong_4_flipped","congruency":"I","task":"experiment","subjectId":"w74e2y1x1fzyt58","trial_type":"external-html","trial_index":12,"time_elapsed":355408,"internal_node_id":"0.0-9.0-0.4"},{"rt":10349,"url":"../static/nodeGraphs.html","edge":"4to8","edgeRT":"8441","skip":"false","flipped":"True","index":"10","edgeClickLog":"[{\"edgeSelection\":\"4to8\",\"edgeRTMS\":8441}]","trial_id":"incong_0_flipped","congruency":"I","task":"experiment","subjectId":"w74e2y1x1fzyt58","trial_type":"external-html","trial_index":13,"time_elapsed":366435,"internal_node_id":"0.0-9.0-0.5"},{"rt":8582,"url":"../static/nodeGraphs.html","edge":"5to8","edgeRT":"6995","skip":"false","flipped":"True","index":"18","edgeClickLog":"[{\"edgeSelection\":\"5to8\",\"edgeRTMS\":6995}]","trial_id":"incong_8_flipped","congruency":"I","task":"experiment","subjectId":"w74e2y1x1fzyt58","trial_type":"external-html","trial_index":14,"time_elapsed":375703,"internal_node_id":"0.0-9.0-0.6"},{"rt":10590,"url":"../static/nodeGraphs.html","edge":"4to8","edgeRT":"8546","skip":"false","flipped":"False","index":"9","edgeClickLog":"[{\"edgeSelection\":\"4to8\",\"edgeRTMS\":8546}]","trial_id":"incong_9","congruency":"I","task":"experiment","subjectId":"w74e2y1x1fzyt58","trial_type":"external-html","trial_index":15,"time_elapsed":386973,"internal_node_id":"0.0-9.0-0.7"},{"rt":9822,"url":"../static/nodeGraphs.html","edge":"4to8","edgeRT":"6888","skip":"false","flipped":"False","index":"4","edgeClickLog":"[{\"edgeSelection\":\"4to8\",\"edgeRTMS\":6888}]","trial_id":"incong_4","congruency":"I","task":"experiment","subjectId":"w74e2y1x1fzyt58","trial_type":"external-html","trial_index":16,"time_elapsed":397477,"internal_node_id":"0.0-9.0-0.8"},{"rt":6522,"url":"../static/nodeGraphs.html","edge":"6to8","edgeRT":"4969","skip":"false","flipped":"True","index":"19","edgeClickLog":"[{\"edgeSelection\":\"6to8\",\"edgeRTMS\":4969}]","trial_id":"incong_9_flipped","congruency":"I","task":"experiment","subjectId":"w74e2y1x1fzyt58","trial_type":"external-html","trial_index":17,"time_elapsed":404680,"internal_node_id":"0.0-9.0-0.9"},{"rt":6376,"url":"../static/nodeGraphs.html","edge":"5to8","edgeRT":"4743","skip":"false","flipped":"False","index":"8","edgeClickLog":"[{\"edgeSelection\":\"5to8\",\"edgeRTMS\":4743}]","trial_id":"incong_8","congruency":"I","task":"experiment","subjectId":"w74e2y1x1fzyt58","trial_type":"external-html","trial_index":18,"time_elapsed":411734,"internal_node_id":"0.0-9.0-0.10"},{"rt":8174,"url":"../static/nodeGraphs.html","edge":"6to8","edgeRT":"6436","skip":"false","flipped":"False","index":"0","edgeClickLog":"[{\"edgeSelection\":\"6to8\",\"edgeRTMS\":6436}]","trial_id":"incong_0","congruency":"I","task":"experiment","subjectId":"w74e2y1x1fzyt58","trial_type":"external-html","trial_index":19,"time_elapsed":420591,"internal_node_id":"0.0-9.0-0.11"},{"rt":12787,"url":"../static/nodeGraphs.html","edge":"5to8","edgeRT":"11474","skip":"false","flipped":"True","index":"15","edgeClickLog":"[{\"edgeSelection\":\"5to8\",\"edgeRTMS\":11474}]","trial_id":"incong_5_flipped","congruency":"I","task":"experiment","subjectId":"w74e2y1x1fzyt58","trial_type":"external-html","trial_index":20,"time_elapsed":434055,"internal_node_id":"0.0-9.0-0.12"},{"rt":6759,"url":"../static/nodeGraphs.html","edge":"6to9","edgeRT":"5307","skip":"false","flipped":"False","index":"1","edgeClickLog":"[{\"edgeSelection\":\"6to9\",\"edgeRTMS\":5307}]","trial_id":"incong_1","congruency":"I","task":"experiment","subjectId":"w74e2y1x1fzyt58","trial_type":"external-html","trial_index":21,"time_elapsed":441495,"internal_node_id":"0.0-9.0-0.13"},{"rt":7345,"url":"../static/nodeGraphs.html","edge":"4to7","edgeRT":"5810","skip":"false","flipped":"True","index":"11","edgeClickLog":"[{\"edgeSelection\":\"4to7\",\"edgeRTMS\":5810}]","trial_id":"incong_1_flipped","congruency":"I","task":"experiment","subjectId":"w74e2y1x1fzyt58","trial_type":"external-html","trial_index":22,"time_elapsed":449536,"internal_node_id":"0.0-9.0-0.14"},{"rt":17731,"url":"../static/nodeGraphs.html","edge":"3to6","edgeRT":"15865","skip":"false","flipped":"False","index":"5","edgeClickLog":"[{\"edgeSelection\":\"3to6\",\"edgeRTMS\":15865}]","trial_id":"incong_5","congruency":"I","task":"experiment","subjectId":"w74e2y1x1fzyt58","trial_type":"external-html","trial_index":23,"time_elapsed":467947,"internal_node_id":"0.0-9.0-0.15"},{"rt":8846,"url":"../static/nodeGraphs.html","edge":"1to4","edgeRT":"5969","skip":"false","flipped":"True","index":"12","edgeClickLog":"[{\"edgeSelection\":\"1to4\",\"edgeRTMS\":5969}]","trial_id":"incong_2_flipped","congruency":"I","task":"experiment","subjectId":"w74e2y1x1fzyt58","trial_type":"external-html","trial_index":24,"time_elapsed":477470,"internal_node_id":"0.0-9.0-0.16"},{"rt":17069,"url":"../static/nodeGraphs.html","edge":"5to8","edgeRT":"15251","skip":"false","flipped":"True","index":"17","edgeClickLog":"[{\"edgeSelection\":\"5to8\",\"edgeRTMS\":15251}]","trial_id":"incong_7_flipped","congruency":"I","task":"experiment","subjectId":"w74e2y1x1fzyt58","trial_type":"external-html","trial_index":25,"time_elapsed":495224,"internal_node_id":"0.0-9.0-0.17"},{"rt":7861,"url":"../static/nodeGraphs.html","edge":"5to8","edgeRT":"6269","skip":"false","flipped":"False","index":"7","edgeClickLog":"[{\"edgeSelection\":\"5to8\",\"edgeRTMS\":6269}]","trial_id":"incong_7","congruency":"I","task":"experiment","subjectId":"w74e2y1x1fzyt58","trial_type":"external-html","trial_index":26,"time_elapsed":503769,"internal_node_id":"0.0-9.0-0.18"},{"rt":13567,"url":"../static/nodeGraphs.html","edge":"0to2","edgeRT":"11484","skip":"false","flipped":"False","index":"2","edgeClickLog":"[{\"edgeSelection\":\"0to2\",\"edgeRTMS\":11484}]","trial_id":"incong_2","congruency":"I","task":"experiment","subjectId":"w74e2y1x1fzyt58","trial_type":"external-html","trial_index":27,"time_elapsed":518020,"internal_node_id":"0.0-9.0-0.19"},{"rt":9077,"url":"../static/nodeGraphs.html","edge":"3to6","edgeRT":"6377","skip":"false","flipped":"False","index":"20","edgeClickLog":"[{\"edgeSelection\":\"3to6\",\"edgeRTMS\":6377}]","trial_id":"test_0","congruency":"I","task":"experiment","subjectId":"w74e2y1x1fzyt58","trial_type":"external-html","trial_index":28,"time_elapsed":527776,"internal_node_id":"0.0-9.0-0.20"},{"rt":7430,"url":"../static/nodeGraphs.html","edge":"4to7","edgeRT":"5829","skip":"false","flipped":"False","index":"21","edgeClickLog":"[{\"edgeSelection\":\"4to7\",\"edgeRTMS\":5829}]","trial_id":"test_1","congruency":"I","task":"experiment","subjectId":"w74e2y1x1fzyt58","trial_type":"external-html","trial_index":29,"time_elapsed":535887,"internal_node_id":"0.0-9.0-0.21"},{"rt":13759,"url":"../static/nodeGraphs.html","edge":"0to3","edgeRT":"11694","skip":"false","flipped":"False","index":"22","edgeClickLog":"[{\"edgeSelection\":\"0to3\",\"edgeRTMS\":11694}]","trial_id":"test_2","congruency":"I","task":"experiment","subjectId":"w74e2y1x1fzyt58","trial_type":"external-html","trial_index":30,"time_elapsed":550331,"internal_node_id":"0.0-9.0-0.22"},{"rt":17099,"url":"../static/nodeGraphs.html","edge":"5to7","edgeRT":"15334","skip":"false","flipped":"False","index":"23","edgeClickLog":"[{\"edgeSelection\":\"3to6\",\"edgeRTMS\":8811},{\"edgeSelection\":\"5to7\",\"edgeRTMS\":15334}]","trial_id":"test_3","congruency":"I","task":"experiment","subjectId":"w74e2y1x1fzyt58","trial_type":"external-html","trial_index":31,"time_elapsed":568111,"internal_node_id":"0.0-9.0-0.23"},{"rt":21839,"url":"../static/nodeGraphs.html","edge":"0to3","edgeRT":"20005","skip":"false","flipped":"False","index":"24","edgeClickLog":"[{\"edgeSelection\":\"0to3\",\"edgeRTMS\":20005}]","trial_id":"test_4","congruency":"I","task":"experiment","subjectId":"w74e2y1x1fzyt58","trial_type":"external-html","trial_index":32,"time_elapsed":590630,"internal_node_id":"0.0-9.0-0.24"},{"rt":38106,"response":{"P0_Q0":null,"P0_Q1":3,"P0_Q2":4,"P0_Q3":5,"P0_Q4":6,"P0_Q5":1,"strategies":"Max points, least disruptive.","feedback":""},"accuracy":[],"trial_type":"survey","trial_index":33,"time_elapsed":629334,"internal_node_id":"0.0-10.0"},{"rt":3150,"stimulus":"<p>Thanks for your time!</p>        <p>We need to manually calculate your bonus pay, please give us up to 7 days.</p><p>Press any key to conclude.</p>","response":" ","task":"end","subjectId":"w74e2y1x1fzyt58","trial_type":"html-keyboard-response","trial_index":34,"time_elapsed":632491,"internal_node_id":"0.0-11.0","interactions":"[{\"event\":\"fullscreenenter\",\"trial\":1,\"time\":2307}]"}]