[{"success":true,"timeout":false,"failed_images":[],"failed_audio":[],"failed_video":[],"trial_type":"preload","trial_index":0,"time_elapsed":2549,"internal_node_id":"0.0-0.0"},{"success":true,"trial_type":"fullscreen","trial_index":1,"time_elapsed":7396,"internal_node_id":"0.0-1.0"},{"rt":2023,"stimulus":"Welcome to the experiment. Press any key to begin.","response":"y","trial_type":"html-keyboard-response","trial_index":2,"time_elapsed":9420,"internal_node_id":"0.0-2.0"},{"view_history":[{"page_index":0,"viewing_time":2542},{"page_index":1,"viewing_time":8952},{"page_index":2,"viewing_time":35168},{"page_index":3,"viewing_time":4544},{"page_index":4,"viewing_time":1120},{"page_index":5,"viewing_time":1104},{"page_index":6,"viewing_time":3704},{"page_index":7,"viewing_time":13312},{"page_index":8,"viewing_time":20064},{"page_index":9,"viewing_time":10616},{"page_index":10,"viewing_time":3320},{"page_index":11,"viewing_time":1360},{"page_index":12,"viewing_time":1472},{"page_index":13,"viewing_time":2016},{"page_index":14,"viewing_time":4544},{"page_index":15,"viewing_time":8688},{"page_index":16,"viewing_time":1832},{"page_index":17,"viewing_time":888},{"page_index":18,"viewing_time":2608},{"page_index":19,"viewing_time":4712},{"page_index":18,"viewing_time":808},{"page_index":17,"viewing_time":1320},{"page_index":16,"viewing_time":1936},{"page_index":15,"viewing_time":7008},{"page_index":16,"viewing_time":2960},{"page_index":17,"viewing_time":1792},{"page_index":16,"viewing_time":512},{"page_index":15,"viewing_time":2272},{"page_index":14,"viewing_time":2576},{"page_index":13,"viewing_time":1528},{"page_index":12,"viewing_time":1248},{"page_index":11,"viewing_time":784},{"page_index":10,"viewing_time":736},{"page_index":9,"viewing_time":3000},{"page_index":10,"viewing_time":736},{"page_index":11,"viewing_time":240},{"page_index":12,"viewing_time":224},{"page_index":13,"viewing_time":208},{"page_index":14,"viewing_time":200},{"page_index":15,"viewing_time":920},{"page_index":16,"viewing_time":1104},{"page_index":17,"viewing_time":512},{"page_index":18,"viewing_time":1456},{"page_index":19,"viewing_time":1808},{"page_index":20,"viewing_time":2176},{"page_index":19,"viewing_time":2184},{"page_index":20,"viewing_time":5768},{"page_index":21,"viewing_time":4344}],"rt":182927,"trial_type":"instructions","trial_index":3,"time_elapsed":192348,"internal_node_id":"0.0-3.0"},{"rt":69021,"url":"../static/nodeGraphsTraining.html","skip":[],"edgeClickLog":[],"trial_type":"external-html","trial_index":4,"time_elapsed":261443,"internal_node_id":"0.0-4.0"},{"rt":26518,"response":{"q1":"The goal is to help the student to get the most points","q2":"False","q3":"Possible paths you, as the teacher, can choose to teach the learner.","q4":"Paths that the student took before."},"question_order":[0,1,2,3],"trial_type":"survey-multi-choice","trial_index":5,"time_elapsed":287964,"internal_node_id":"0.0-5.0"},{"rt":5678,"stimulus":"<p>You can take a 60 second break before starting the experiment.</p><br><br><p>This page will advance in 60 seconds or you can press any key to advance now.</p>","response":"j","trial_type":"html-keyboard-response","trial_index":6,"time_elapsed":293645,"internal_node_id":"0.0-7.0"},{"view_history":[{"page_index":0,"viewing_time":23389}],"rt":23390,"trial_type":"instructions","trial_index":7,"time_elapsed":317035,"internal_node_id":"0.0-8.0"},{"rt":12887,"url":"../static/nodeGraphs.html","edge":"4to8","edgeRT":"7220","skip":"false","flipped":"True","index":"18","edgeClickLog":"[{\"edgeSelection\":\"4to8\",\"edgeRTMS\":7220}]","trial_id":"cong_8_flipped","congruency":"C","task":"experiment","subjectId":"foxdjutbbgdt3dl","trial_type":"external-html","trial_index":8,"time_elapsed":329996,"internal_node_id":"0.0-9.0-0.0"},{"rt":6161,"url":"../static/nodeGraphs.html","edge":"3to6","edgeRT":"4213","skip":"false","flipped":"True","index":"10","edgeClickLog":"[{\"edgeSelection\":\"3to6\",\"edgeRTMS\":4213}]","trial_id":"cong_0_flipped","congruency":"C","task":"experiment","subjectId":"foxdjutbbgdt3dl","trial_type":"external-html","trial_index":9,"time_elapsed":336732,"internal_node_id":"0.0-9.0-0.1"},{"rt":8456,"url":"../static/nodeGraphs.html","edge":"3to6","edgeRT":"5635","skip":"false","flipped":"True","index":"15","edgeClickLog":"[{\"edgeSelection\":\"3to6\",\"edgeRTMS\":5635}]","trial_id":"cong_5_flipped","congruency":"C","task":"experiment","subjectId":"foxdjutbbgdt3dl","trial_type":"external-html","trial_index":10,"time_elapsed":345771,"internal_node_id":"0.0-9.0-0.2"},{"rt":4820,"url":"../static/nodeGraphs.html","edge":"2to5","edgeRT":"2772","skip":"false","flipped":"True","index":"19","edgeClickLog":"[{\"edgeSelection\":\"2to5\",\"edgeRTMS\":2772}]","trial_id":"cong_9_flipped","congruency":"C","task":"experiment","subjectId":"foxdjutbbgdt3dl","trial_type":"external-html","trial_index":11,"time_elapsed":351163,"internal_node_id":"0.0-9.0-0.3"},{"rt":7964,"url":"../static/nodeGraphs.html","edge":"5to7","edgeRT":"5719","skip":"false","flipped":"True","index":"12","edgeClickLog":"[{\"edgeSelection\":\"5to7\",\"edgeRTMS\":5719}]","trial_id":"cong_2_flipped","congruency":"C","task":"experiment","subjectId":"foxdjutbbgdt3dl","trial_type":"external-html","trial_index":12,"time_elapsed":359707,"internal_node_id":"0.0-9.0-0.4"},{"rt":6064,"url":"../static/nodeGraphs.html","edge":"2to6","edgeRT":"4273","skip":"false","flipped":"True","index":"17","edgeClickLog":"[{\"edgeSelection\":\"2to6\",\"edgeRTMS\":4273}]","trial_id":"cong_7_flipped","congruency":"C","task":"experiment","subjectId":"foxdjutbbgdt3dl","trial_type":"external-html","trial_index":13,"time_elapsed":366411,"internal_node_id":"0.0-9.0-0.5"},{"rt":3797,"url":"../static/nodeGraphs.html","edge":"1to4","edgeRT":"2368","skip":"false","flipped":"False","index":"0","edgeClickLog":"[{\"edgeSelection\":\"1to4\",\"edgeRTMS\":2368}]","trial_id":"cong_0","congruency":"C","task":"experiment","subjectId":"foxdjutbbgdt3dl","trial_type":"external-html","trial_index":14,"time_elapsed":370779,"internal_node_id":"0.0-9.0-0.6"},{"rt":4496,"url":"../static/nodeGraphs.html","edge":"2to5","edgeRT":"2817","skip":"false","flipped":"False","index":"9","edgeClickLog":"[{\"edgeSelection\":\"2to5\",\"edgeRTMS\":2817}]","trial_id":"cong_9","congruency":"C","task":"experiment","subjectId":"foxdjutbbgdt3dl","trial_type":"external-html","trial_index":15,"time_elapsed":375851,"internal_node_id":"0.0-9.0-0.7"},{"rt":7009,"url":"../static/nodeGraphs.html","edge":"4to7","edgeRT":"5325","skip":"false","flipped":"False","index":"8","edgeClickLog":"[{\"edgeSelection\":\"4to7\",\"edgeRTMS\":5325}]","trial_id":"cong_8","congruency":"C","task":"experiment","subjectId":"foxdjutbbgdt3dl","trial_type":"external-html","trial_index":16,"time_elapsed":383435,"internal_node_id":"0.0-9.0-0.8"},{"rt":6710,"url":"../static/nodeGraphs.html","edge":"5to9","edgeRT":"4876","skip":"false","flipped":"False","index":"2","edgeClickLog":"[{\"edgeSelection\":\"5to9\",\"edgeRTMS\":4876}]","trial_id":"cong_2","congruency":"C","task":"experiment","subjectId":"foxdjutbbgdt3dl","trial_type":"external-html","trial_index":17,"time_elapsed":390731,"internal_node_id":"0.0-9.0-0.9"},{"rt":6979,"url":"../static/nodeGraphs.html","edge":"2to5","edgeRT":"5230","skip":"false","flipped":"False","index":"6","edgeClickLog":"[{\"edgeSelection\":\"2to5\",\"edgeRTMS\":5230}]","trial_id":"cong_6","congruency":"C","task":"experiment","subjectId":"foxdjutbbgdt3dl","trial_type":"external-html","trial_index":18,"time_elapsed":398283,"internal_node_id":"0.0-9.0-0.10"},{"rt":4783,"url":"../static/nodeGraphs.html","edge":"2to6","edgeRT":"3263","skip":"false","flipped":"False","index":"1","edgeClickLog":"[{\"edgeSelection\":\"2to6\",\"edgeRTMS\":3263}]","trial_id":"cong_1","congruency":"C","task":"experiment","subjectId":"foxdjutbbgdt3dl","trial_type":"external-html","trial_index":19,"time_elapsed":403643,"internal_node_id":"0.0-9.0-0.11"},{"rt":6523,"url":"../static/nodeGraphs.html","edge":"2to4","edgeRT":"4980","skip":"false","flipped":"False","index":"7","edgeClickLog":"[{\"edgeSelection\":\"2to4\",\"edgeRTMS\":4980}]","trial_id":"cong_7","congruency":"C","task":"experiment","subjectId":"foxdjutbbgdt3dl","trial_type":"external-html","trial_index":20,"time_elapsed":410739,"internal_node_id":"0.0-9.0-0.12"},{"rt":3747,"url":"../static/nodeGraphs.html","edge":"5to7","edgeRT":"2342","skip":"false","flipped":"True","index":"13","edgeClickLog":"[{\"edgeSelection\":\"5to7\",\"edgeRTMS\":2342}]","trial_id":"cong_3_flipped","congruency":"C","task":"experiment","subjectId":"foxdjutbbgdt3dl","trial_type":"external-html","trial_index":21,"time_elapsed":415059,"internal_node_id":"0.0-9.0-0.13"},{"rt":3969,"url":"../static/nodeGraphs.html","edge":"2to6","edgeRT":"2518","skip":"false","flipped":"True","index":"14","edgeClickLog":"[{\"edgeSelection\":\"2to6\",\"edgeRTMS\":2518}]","trial_id":"cong_4_flipped","congruency":"C","task":"experiment","subjectId":"foxdjutbbgdt3dl","trial_type":"external-html","trial_index":22,"time_elapsed":419627,"internal_node_id":"0.0-9.0-0.14"},{"rt":4033,"url":"../static/nodeGraphs.html","edge":"2to4","edgeRT":"2781","skip":"false","flipped":"False","index":"4","edgeClickLog":"[{\"edgeSelection\":\"2to4\",\"edgeRTMS\":2781}]","trial_id":"cong_4","congruency":"C","task":"experiment","subjectId":"foxdjutbbgdt3dl","trial_type":"external-html","trial_index":23,"time_elapsed":424243,"internal_node_id":"0.0-9.0-0.15"},{"rt":3317,"url":"../static/nodeGraphs.html","edge":"5to9","edgeRT":"1897","skip":"false","flipped":"False","index":"3","edgeClickLog":"[{\"edgeSelection\":\"5to9\",\"edgeRTMS\":1897}]","trial_id":"cong_3","congruency":"C","task":"experiment","subjectId":"foxdjutbbgdt3dl","trial_type":"external-html","trial_index":24,"time_elapsed":428139,"internal_node_id":"0.0-9.0-0.16"},{"rt":5157,"url":"../static/nodeGraphs.html","edge":"1to4","edgeRT":"3751","skip":"false","flipped":"False","index":"5","edgeClickLog":"[{\"edgeSelection\":\"1to4\",\"edgeRTMS\":3751}]","trial_id":"cong_5","congruency":"C","task":"experiment","subjectId":"foxdjutbbgdt3dl","trial_type":"external-html","trial_index":25,"time_elapsed":433867,"internal_node_id":"0.0-9.0-0.17"},{"rt":4275,"url":"../static/nodeGraphs.html","edge":"2to5","edgeRT":"2742","skip":"false","flipped":"True","index":"16","edgeClickLog":"[{\"edgeSelection\":\"2to5\",\"edgeRTMS\":2742}]","trial_id":"cong_6_flipped","congruency":"C","task":"experiment","subjectId":"foxdjutbbgdt3dl","trial_type":"external-html","trial_index":26,"time_elapsed":438715,"internal_node_id":"0.0-9.0-0.18"},{"rt":3461,"url":"../static/nodeGraphs.html","edge":"2to4","edgeRT":"2002","skip":"false","flipped":"True","index":"11","edgeClickLog":"[{\"edgeSelection\":\"2to4\",\"edgeRTMS\":2002}]","trial_id":"cong_1_flipped","congruency":"C","task":"experiment","subjectId":"foxdjutbbgdt3dl","trial_type":"external-html","trial_index":27,"time_elapsed":442747,"internal_node_id":"0.0-9.0-0.19"},{"rt":3878,"url":"../static/nodeGraphs.html","edge":"6to8","edgeRT":"2272","skip":"false","flipped":"False","index":"20","edgeClickLog":"[{\"edgeSelection\":\"6to8\",\"edgeRTMS\":2272}]","trial_id":"test_0","congruency":"I","task":"experiment","subjectId":"foxdjutbbgdt3dl","trial_type":"external-html","trial_index":28,"time_elapsed":447195,"internal_node_id":"0.0-9.0-0.20"},{"rt":4884,"url":"../static/nodeGraphs.html","edge":"3to6","edgeRT":"2976","skip":"false","flipped":"False","index":"21","edgeClickLog":"[{\"edgeSelection\":\"3to6\",\"edgeRTMS\":2976}]","trial_id":"test_1","congruency":"I","task":"experiment","subjectId":"foxdjutbbgdt3dl","trial_type":"external-html","trial_index":29,"time_elapsed":452659,"internal_node_id":"0.0-9.0-0.21"},{"rt":3957,"url":"../static/nodeGraphs.html","edge":"3to6","edgeRT":"2728","skip":"false","flipped":"False","index":"22","edgeClickLog":"[{\"edgeSelection\":\"3to6\",\"edgeRTMS\":2728}]","trial_id":"test_2","congruency":"I","task":"experiment","subjectId":"foxdjutbbgdt3dl","trial_type":"external-html","trial_index":30,"time_elapsed":457195,"internal_node_id":"0.0-9.0-0.22"},{"rt":7060,"url":"../static/nodeGraphs.html","edge":"1to5","edgeRT":"3190","skip":"false","flipped":"False","index":"23","edgeClickLog":"[{\"edgeSelection\":\"1to5\",\"edgeRTMS\":3190}]","trial_id":"test_3","congruency":"I","task":"experiment","subjectId":"foxdjutbbgdt3dl","trial_type":"external-html","trial_index":31,"time_elapsed":465092,"internal_node_id":"0.0-9.0-0.23"},{"rt":5292,"url":"../static/nodeGraphs.html","edge":"6to9","edgeRT":"2441","skip":"false","flipped":"False","index":"24","edgeClickLog":"[{\"edgeSelection\":\"6to9\",\"edgeRTMS\":2441}]","trial_id":"test_4","congruency":"I","task":"experiment","subjectId":"foxdjutbbgdt3dl","trial_type":"external-html","trial_index":32,"time_elapsed":470956,"internal_node_id":"0.0-9.0-0.24"},{"rt":49210,"response":{"P0_Q0":null,"P0_Q1":3,"P0_Q2":7,"P0_Q3":7,"P0_Q4":5,"P0_Q5":1,"strategies":"I chose the segment that seemed to have the most points","feedback":""},"accuracy":[],"trial_type":"survey","trial_index":33,"time_elapsed":520746,"internal_node_id":"0.0-10.0"},{"rt":2847,"stimulus":"<p>Thanks for your time!</p>        <p>We need to manually calculate your bonus pay, please give us up to 7 days.</p><p>Press any key to conclude.</p>","response":"d","task":"end","subjectId":"foxdjutbbgdt3dl","trial_type":"html-keyboard-response","trial_index":34,"time_elapsed":523595,"internal_node_id":"0.0-11.0","interactions":"[{\"event\":\"fullscreenenter\",\"trial\":1,\"time\":6417}]"}]