[{"success":true,"timeout":false,"failed_images":[],"failed_audio":[],"failed_video":[],"trial_type":"preload","trial_index":0,"time_elapsed":123,"internal_node_id":"0.0-0.0"},{"success":true,"trial_type":"fullscreen","trial_index":1,"time_elapsed":3784,"internal_node_id":"0.0-1.0"},{"rt":1425,"stimulus":"Welcome to the experiment. Press any key to begin.","response":"arrowright","trial_type":"html-keyboard-response","trial_index":2,"time_elapsed":5211,"internal_node_id":"0.0-2.0"},{"view_history":[{"page_index":0,"viewing_time":3190},{"page_index":1,"viewing_time":3307},{"page_index":2,"viewing_time":18916},{"page_index":3,"viewing_time":2236},{"page_index":4,"viewing_time":864},{"page_index":5,"viewing_time":511},{"page_index":6,"viewing_time":1073},{"page_index":7,"viewing_time":3504},{"page_index":8,"viewing_time":1152},{"page_index":7,"viewing_time":2803},{"page_index":8,"viewing_time":10644},{"page_index":9,"viewing_time":3881},{"page_index":10,"viewing_time":816},{"page_index":11,"viewing_time":288},{"page_index":12,"viewing_time":257},{"page_index":13,"viewing_time":256},{"page_index":14,"viewing_time":448},{"page_index":15,"viewing_time":1920},{"page_index":16,"viewing_time":1311},{"page_index":15,"viewing_time":449},{"page_index":16,"viewing_time":240},{"page_index":17,"viewing_time":645},{"page_index":18,"viewing_time":380},{"page_index":19,"viewing_time":432},{"page_index":20,"viewing_time":2848},{"page_index":21,"viewing_time":3120}],"rt":65489,"trial_type":"instructions","trial_index":3,"time_elapsed":70715,"internal_node_id":"0.0-3.0"},{"rt":36496,"url":"../static/nodeGraphsTraining.html","skip":[],"edgeClickLog":[],"trial_type":"external-html","trial_index":4,"time_elapsed":107282,"internal_node_id":"0.0-4.0"},{"rt":23034,"response":{"q1":"The goal is to help the student to get the most points","q2":"False","q3":"Possible paths you, as the teacher, can choose to teach the learner.","q4":"Paths that the student took before."},"question_order":[0,1,2,3],"trial_type":"survey-multi-choice","trial_index":5,"time_elapsed":130342,"internal_node_id":"0.0-5.0"},{"rt":3312,"stimulus":"<p>You can take a 60 second break before starting the experiment.</p><br><br><p>This page will advance in 60 seconds or you can press any key to advance now.</p>","response":"arrowright","trial_type":"html-keyboard-response","trial_index":6,"time_elapsed":133656,"internal_node_id":"0.0-7.0"},{"view_history":[{"page_index":0,"viewing_time":15028}],"rt":15028,"trial_type":"instructions","trial_index":7,"time_elapsed":148684,"internal_node_id":"0.0-8.0"},{"rt":16286,"url":"../static/nodeGraphs.html","edge":"4to8","edgeRT":"11459","skip":"false","flipped":"True","index":"13","edgeClickLog":"[{\"edgeSelection\":\"0to2\",\"edgeRTMS\":3249},{\"edgeSelection\":\"2to4\",\"edgeRTMS\":4528},{\"edgeSelection\":\"4to8\",\"edgeRTMS\":6162},{\"edgeSelection\":\"0to2\",\"edgeRTMS\":9669},{\"edgeSelection\":\"2to4\",\"edgeRTMS\":10451},{\"edgeSelection\":\"4to8\",\"edgeRTMS\":11459}]","trial_id":"incong_3_flipped","congruency":"I","task":"experiment","subjectId":"sy4fahkccq0o9lh","trial_type":"external-html","trial_index":8,"time_elapsed":165038,"internal_node_id":"0.0-9.0-0.0"},{"rt":6766,"url":"../static/nodeGraphs.html","edge":"0to2","edgeRT":"5101","skip":"false","flipped":"False","index":"2","edgeClickLog":"[{\"edgeSelection\":\"0to2\",\"edgeRTMS\":5101}]","trial_id":"incong_2","congruency":"I","task":"experiment","subjectId":"sy4fahkccq0o9lh","trial_type":"external-html","trial_index":9,"time_elapsed":172378,"internal_node_id":"0.0-9.0-0.1"},{"rt":4957,"url":"../static/nodeGraphs.html","edge":"0to2","edgeRT":"3730","skip":"false","flipped":"True","index":"15","edgeClickLog":"[{\"edgeSelection\":\"0to2\",\"edgeRTMS\":3730}]","trial_id":"incong_5_flipped","congruency":"I","task":"experiment","subjectId":"sy4fahkccq0o9lh","trial_type":"external-html","trial_index":10,"time_elapsed":177946,"internal_node_id":"0.0-9.0-0.2"},{"rt":6927,"url":"../static/nodeGraphs.html","edge":"2to6","edgeRT":"5694","skip":"false","flipped":"False","index":"3","edgeClickLog":"[{\"edgeSelection\":\"2to6\",\"edgeRTMS\":5694}]","trial_id":"incong_3","congruency":"I","task":"experiment","subjectId":"sy4fahkccq0o9lh","trial_type":"external-html","trial_index":11,"time_elapsed":185442,"internal_node_id":"0.0-9.0-0.3"},{"rt":6414,"url":"../static/nodeGraphs.html","edge":"5to8","edgeRT":"5070","skip":"false","flipped":"False","index":"9","edgeClickLog":"[{\"edgeSelection\":\"5to8\",\"edgeRTMS\":5070}]","trial_id":"incong_9","congruency":"I","task":"experiment","subjectId":"sy4fahkccq0o9lh","trial_type":"external-html","trial_index":12,"time_elapsed":192428,"internal_node_id":"0.0-9.0-0.4"},{"rt":6457,"url":"../static/nodeGraphs.html","edge":"1to5","edgeRT":"5657","skip":"false","flipped":"False","index":"8","edgeClickLog":"[{\"edgeSelection\":\"1to5\",\"edgeRTMS\":5657}]","trial_id":"incong_8","congruency":"I","task":"experiment","subjectId":"sy4fahkccq0o9lh","trial_type":"external-html","trial_index":13,"time_elapsed":199458,"internal_node_id":"0.0-9.0-0.5"},{"rt":3021,"url":"../static/nodeGraphs.html","edge":"5to8","edgeRT":"2073","skip":"false","flipped":"True","index":"17","edgeClickLog":"[{\"edgeSelection\":\"5to8\",\"edgeRTMS\":2073}]","trial_id":"incong_7_flipped","congruency":"I","task":"experiment","subjectId":"sy4fahkccq0o9lh","trial_type":"external-html","trial_index":14,"time_elapsed":203052,"internal_node_id":"0.0-9.0-0.6"},{"rt":4541,"url":"../static/nodeGraphs.html","edge":"3to5","edgeRT":"3555","skip":"false","flipped":"True","index":"18","edgeClickLog":"[{\"edgeSelection\":\"3to5\",\"edgeRTMS\":3555}]","trial_id":"incong_8_flipped","congruency":"I","task":"experiment","subjectId":"sy4fahkccq0o9lh","trial_type":"external-html","trial_index":15,"time_elapsed":208164,"internal_node_id":"0.0-9.0-0.7"},{"rt":7529,"url":"../static/nodeGraphs.html","edge":"6to8","edgeRT":"6776","skip":"false","flipped":"True","index":"10","edgeClickLog":"[{\"edgeSelection\":\"6to8\",\"edgeRTMS\":6776}]","trial_id":"incong_0_flipped","congruency":"I","task":"experiment","subjectId":"sy4fahkccq0o9lh","trial_type":"external-html","trial_index":16,"time_elapsed":216264,"internal_node_id":"0.0-9.0-0.8"},{"rt":7141,"url":"../static/nodeGraphs.html","edge":"2to4","edgeRT":"6131","skip":"false","flipped":"False","index":"5","edgeClickLog":"[{\"edgeSelection\":\"2to4\",\"edgeRTMS\":6131}]","trial_id":"incong_5","congruency":"I","task":"experiment","subjectId":"sy4fahkccq0o9lh","trial_type":"external-html","trial_index":17,"time_elapsed":223976,"internal_node_id":"0.0-9.0-0.9"},{"rt":5406,"url":"../static/nodeGraphs.html","edge":"0to2","edgeRT":"4538","skip":"false","flipped":"False","index":"7","edgeClickLog":"[{\"edgeSelection\":\"0to2\",\"edgeRTMS\":4538}]","trial_id":"incong_7","congruency":"I","task":"experiment","subjectId":"sy4fahkccq0o9lh","trial_type":"external-html","trial_index":18,"time_elapsed":229954,"internal_node_id":"0.0-9.0-0.10"},{"rt":3532,"url":"../static/nodeGraphs.html","edge":"1to4","edgeRT":"2905","skip":"false","flipped":"False","index":"1","edgeClickLog":"[{\"edgeSelection\":\"1to4\",\"edgeRTMS\":2905}]","trial_id":"incong_1","congruency":"I","task":"experiment","subjectId":"sy4fahkccq0o9lh","trial_type":"external-html","trial_index":19,"time_elapsed":234082,"internal_node_id":"0.0-9.0-0.11"},{"rt":6453,"url":"../static/nodeGraphs.html","edge":"3to5","edgeRT":"5669","skip":"false","flipped":"False","index":"4","edgeClickLog":"[{\"edgeSelection\":\"3to5\",\"edgeRTMS\":5669}]","trial_id":"incong_4","congruency":"I","task":"experiment","subjectId":"sy4fahkccq0o9lh","trial_type":"external-html","trial_index":20,"time_elapsed":241106,"internal_node_id":"0.0-9.0-0.12"},{"rt":4322,"url":"../static/nodeGraphs.html","edge":"3to6","edgeRT":"3428","skip":"false","flipped":"True","index":"11","edgeClickLog":"[{\"edgeSelection\":\"3to6\",\"edgeRTMS\":3428}]","trial_id":"incong_1_flipped","congruency":"I","task":"experiment","subjectId":"sy4fahkccq0o9lh","trial_type":"external-html","trial_index":21,"time_elapsed":246000,"internal_node_id":"0.0-9.0-0.13"},{"rt":5220,"url":"../static/nodeGraphs.html","edge":"6to8","edgeRT":"4520","skip":"false","flipped":"True","index":"19","edgeClickLog":"[{\"edgeSelection\":\"6to8\",\"edgeRTMS\":4520}]","trial_id":"incong_9_flipped","congruency":"I","task":"experiment","subjectId":"sy4fahkccq0o9lh","trial_type":"external-html","trial_index":22,"time_elapsed":251792,"internal_node_id":"0.0-9.0-0.14"},{"rt":4322,"url":"../static/nodeGraphs.html","edge":"4to8","edgeRT":"3566","skip":"false","flipped":"False","index":"0","edgeClickLog":"[{\"edgeSelection\":\"4to8\",\"edgeRTMS\":3566}]","trial_id":"incong_0","congruency":"I","task":"experiment","subjectId":"sy4fahkccq0o9lh","trial_type":"external-html","trial_index":23,"time_elapsed":256686,"internal_node_id":"0.0-9.0-0.15"},{"rt":3541,"url":"../static/nodeGraphs.html","edge":"6to8","edgeRT":"2516","skip":"false","flipped":"True","index":"16","edgeClickLog":"[{\"edgeSelection\":\"6to8\",\"edgeRTMS\":2516}]","trial_id":"incong_6_flipped","congruency":"I","task":"experiment","subjectId":"sy4fahkccq0o9lh","trial_type":"external-html","trial_index":24,"time_elapsed":260798,"internal_node_id":"0.0-9.0-0.16"},{"rt":4215,"url":"../static/nodeGraphs.html","edge":"5to7","edgeRT":"3649","skip":"false","flipped":"True","index":"14","edgeClickLog":"[{\"edgeSelection\":\"5to7\",\"edgeRTMS\":3649}]","trial_id":"incong_4_flipped","congruency":"I","task":"experiment","subjectId":"sy4fahkccq0o9lh","trial_type":"external-html","trial_index":25,"time_elapsed":265582,"internal_node_id":"0.0-9.0-0.17"},{"rt":7413,"url":"../static/nodeGraphs.html","edge":"6to8","edgeRT":"5892","skip":"false","flipped":"True","index":"12","edgeClickLog":"[{\"edgeSelection\":\"2to6\",\"edgeRTMS\":4240},{\"edgeSelection\":\"6to8\",\"edgeRTMS\":5892}]","trial_id":"incong_2_flipped","congruency":"I","task":"experiment","subjectId":"sy4fahkccq0o9lh","trial_type":"external-html","trial_index":26,"time_elapsed":273564,"internal_node_id":"0.0-9.0-0.18"},{"rt":2195,"url":"../static/nodeGraphs.html","edge":"4to8","edgeRT":"1533","skip":"false","flipped":"False","index":"6","edgeClickLog":"[{\"edgeSelection\":\"4to8\",\"edgeRTMS\":1533}]","trial_id":"incong_6","congruency":"I","task":"experiment","subjectId":"sy4fahkccq0o9lh","trial_type":"external-html","trial_index":27,"time_elapsed":276330,"internal_node_id":"0.0-9.0-0.19"},{"rt":6579,"url":"../static/nodeGraphs.html","edge":"4to8","edgeRT":"5952","skip":"false","flipped":"False","index":"20","edgeClickLog":"[{\"edgeSelection\":\"6to8\",\"edgeRTMS\":2622},{\"edgeSelection\":\"4to8\",\"edgeRTMS\":5952}]","trial_id":"test_0","congruency":"I","task":"experiment","subjectId":"sy4fahkccq0o9lh","trial_type":"external-html","trial_index":28,"time_elapsed":283482,"internal_node_id":"0.0-9.0-0.20"},{"rt":5253,"url":"../static/nodeGraphs.html","edge":"6to9","edgeRT":"4367","skip":"false","flipped":"False","index":"21","edgeClickLog":"[{\"edgeSelection\":\"6to9\",\"edgeRTMS\":4367}]","trial_id":"test_1","congruency":"I","task":"experiment","subjectId":"sy4fahkccq0o9lh","trial_type":"external-html","trial_index":29,"time_elapsed":289306,"internal_node_id":"0.0-9.0-0.21"},{"rt":5910,"url":"../static/nodeGraphs.html","edge":"5to7","edgeRT":"4764","skip":"false","flipped":"False","index":"22","edgeClickLog":"[{\"edgeSelection\":\"5to7\",\"edgeRTMS\":4764}]","trial_id":"test_2","congruency":"I","task":"experiment","subjectId":"sy4fahkccq0o9lh","trial_type":"external-html","trial_index":30,"time_elapsed":295810,"internal_node_id":"0.0-9.0-0.22"},{"rt":6476,"url":"../static/nodeGraphs.html","edge":"1to5","edgeRT":"5452","skip":"false","flipped":"False","index":"23","edgeClickLog":"[{\"edgeSelection\":\"1to5\",\"edgeRTMS\":5452}]","trial_id":"test_3","congruency":"I","task":"experiment","subjectId":"sy4fahkccq0o9lh","trial_type":"external-html","trial_index":31,"time_elapsed":302864,"internal_node_id":"0.0-9.0-0.23"},{"rt":9025,"url":"../static/nodeGraphs.html","edge":"5to9","edgeRT":"8386","skip":"false","flipped":"False","index":"24","edgeClickLog":"[{\"edgeSelection\":\"5to9\",\"edgeRTMS\":5436},{\"edgeSelection\":\"5to7\",\"edgeRTMS\":6590},{\"edgeSelection\":\"5to9\",\"edgeRTMS\":8386}]","trial_id":"test_4","congruency":"I","task":"experiment","subjectId":"sy4fahkccq0o9lh","trial_type":"external-html","trial_index":32,"time_elapsed":312460,"internal_node_id":"0.0-9.0-0.24"},{"rt":28694,"response":{"P0_Q0":null,"P0_Q1":5,"P0_Q2":5,"P0_Q3":7,"P0_Q4":5,"P0_Q5":3,"strategies":"Find the highest reward possible and connect the two most enticing options in that path","feedback":"nope"},"accuracy":[],"trial_type":"survey","trial_index":33,"time_elapsed":341711,"internal_node_id":"0.0-10.0"},{"rt":2957,"stimulus":"<p>Thanks for your time!</p>        <p>We need to manually calculate your bonus pay, please give us up to 7 days.</p><p>Press any key to conclude.</p>","response":"s","task":"end","subjectId":"sy4fahkccq0o9lh","trial_type":"html-keyboard-response","trial_index":34,"time_elapsed":344670,"internal_node_id":"0.0-11.0","interactions":"[{\"event\":\"blur\",\"trial\":1,\"time\":1376},{\"event\":\"focus\",\"trial\":1,\"time\":1425},{\"event\":\"fullscreenenter\",\"trial\":1,\"time\":2797},{\"event\":\"blur\",\"trial\":4,\"time\":84186},{\"event\":\"focus\",\"trial\":4,\"time\":84186},{\"event\":\"fullscreenexit\",\"trial\":4,\"time\":84190}]"}]