[{"success":true,"timeout":false,"failed_images":[],"failed_audio":[],"failed_video":[],"trial_type":"preload","trial_index":0,"time_elapsed":819,"internal_node_id":"0.0-0.0"},{"success":true,"trial_type":"fullscreen","trial_index":1,"time_elapsed":3884,"internal_node_id":"0.0-1.0"},{"rt":1452,"stimulus":"Welcome to the experiment. Press any key to begin.","response":" ","trial_type":"html-keyboard-response","trial_index":2,"time_elapsed":5339,"internal_node_id":"0.0-2.0"},{"view_history":[{"page_index":0,"viewing_time":2549},{"page_index":1,"viewing_time":2907},{"page_index":2,"viewing_time":12172},{"page_index":3,"viewing_time":2107},{"page_index":4,"viewing_time":1752},{"page_index":5,"viewing_time":592},{"page_index":6,"viewing_time":842},{"page_index":7,"viewing_time":7489},{"page_index":8,"viewing_time":9803},{"page_index":9,"viewing_time":1671},{"page_index":10,"viewing_time":1754},{"page_index":11,"viewing_time":378},{"page_index":12,"viewing_time":386},{"page_index":13,"viewing_time":2383},{"page_index":14,"viewing_time":3282},{"page_index":15,"viewing_time":2812},{"page_index":16,"viewing_time":797},{"page_index":17,"viewing_time":461},{"page_index":18,"viewing_time":843},{"page_index":19,"viewing_time":1691},{"page_index":20,"viewing_time":3979},{"page_index":21,"viewing_time":2334}],"rt":62982,"trial_type":"instructions","trial_index":3,"time_elapsed":68323,"internal_node_id":"0.0-3.0"},{"rt":53524,"url":"../static/nodeGraphsTraining.html","skip":[],"edgeClickLog":[],"trial_type":"external-html","trial_index":4,"time_elapsed":121911,"internal_node_id":"0.0-4.0"},{"rt":18920,"response":{"q1":"The goal is to help the student to get the most points","q2":"False","q3":"Possible paths you, as the teacher, can choose to teach the learner.","q4":"Paths that the student took before."},"question_order":[0,1,2,3],"trial_type":"survey-multi-choice","trial_index":5,"time_elapsed":140838,"internal_node_id":"0.0-5.0"},{"rt":2620,"stimulus":"<p>You can take a 60 second break before starting the experiment.</p><br><br><p>This page will advance in 60 seconds or you can press any key to advance now.</p>","response":" ","trial_type":"html-keyboard-response","trial_index":6,"time_elapsed":143461,"internal_node_id":"0.0-7.0"},{"view_history":[{"page_index":0,"viewing_time":7631}],"rt":7631,"trial_type":"instructions","trial_index":7,"time_elapsed":151093,"internal_node_id":"0.0-8.0"},{"rt":9119,"url":"../static/nodeGraphs.html","edge":"2to6","edgeRT":"6663","skip":"false","flipped":"True","index":"14","edgeClickLog":"[{\"edgeSelection\":\"2to6\",\"edgeRTMS\":6663}]","trial_id":"cong_4_flipped","congruency":"C","task":"experiment","subjectId":"zfvxpb26ht7r5hm","trial_type":"external-html","trial_index":8,"time_elapsed":160330,"internal_node_id":"0.0-9.0-0.0"},{"rt":10568,"url":"../static/nodeGraphs.html","edge":"1to5","edgeRT":"9006","skip":"false","flipped":"True","index":"13","edgeClickLog":"[{\"edgeSelection\":\"1to5\",\"edgeRTMS\":9006}]","trial_id":"cong_3_flipped","congruency":"C","task":"experiment","subjectId":"zfvxpb26ht7r5hm","trial_type":"external-html","trial_index":9,"time_elapsed":171594,"internal_node_id":"0.0-9.0-0.1"},{"rt":7093,"url":"../static/nodeGraphs.html","edge":"2to5","edgeRT":"5541","skip":"false","flipped":"False","index":"6","edgeClickLog":"[{\"edgeSelection\":\"2to5\",\"edgeRTMS\":5541}]","trial_id":"cong_6","congruency":"C","task":"experiment","subjectId":"zfvxpb26ht7r5hm","trial_type":"external-html","trial_index":10,"time_elapsed":179382,"internal_node_id":"0.0-9.0-0.2"},{"rt":4262,"url":"../static/nodeGraphs.html","edge":"2to5","edgeRT":"3034","skip":"false","flipped":"True","index":"19","edgeClickLog":"[{\"edgeSelection\":\"2to5\",\"edgeRTMS\":3034}]","trial_id":"cong_9_flipped","congruency":"C","task":"experiment","subjectId":"zfvxpb26ht7r5hm","trial_type":"external-html","trial_index":11,"time_elapsed":184236,"internal_node_id":"0.0-9.0-0.3"},{"rt":3536,"url":"../static/nodeGraphs.html","edge":"2to6","edgeRT":"2067","skip":"false","flipped":"False","index":"1","edgeClickLog":"[{\"edgeSelection\":\"2to6\",\"edgeRTMS\":2067}]","trial_id":"cong_1","congruency":"C","task":"experiment","subjectId":"zfvxpb26ht7r5hm","trial_type":"external-html","trial_index":12,"time_elapsed":188423,"internal_node_id":"0.0-9.0-0.4"},{"rt":8152,"url":"../static/nodeGraphs.html","edge":"1to4","edgeRT":"6765","skip":"false","flipped":"False","index":"8","edgeClickLog":"[{\"edgeSelection\":\"1to4\",\"edgeRTMS\":6765}]","trial_id":"cong_8","congruency":"C","task":"experiment","subjectId":"zfvxpb26ht7r5hm","trial_type":"external-html","trial_index":13,"time_elapsed":197244,"internal_node_id":"0.0-9.0-0.5"},{"rt":3935,"url":"../static/nodeGraphs.html","edge":"2to5","edgeRT":"2193","skip":"false","flipped":"True","index":"16","edgeClickLog":"[{\"edgeSelection\":\"2to5\",\"edgeRTMS\":2193}]","trial_id":"cong_6_flipped","congruency":"C","task":"experiment","subjectId":"zfvxpb26ht7r5hm","trial_type":"external-html","trial_index":14,"time_elapsed":201845,"internal_node_id":"0.0-9.0-0.6"},{"rt":5659,"url":"../static/nodeGraphs.html","edge":"0to1","edgeRT":"4469","skip":"false","flipped":"False","index":"5","edgeClickLog":"[{\"edgeSelection\":\"0to1\",\"edgeRTMS\":4469}]","trial_id":"cong_5","congruency":"C","task":"experiment","subjectId":"zfvxpb26ht7r5hm","trial_type":"external-html","trial_index":15,"time_elapsed":208242,"internal_node_id":"0.0-9.0-0.7"},{"rt":4961,"url":"../static/nodeGraphs.html","edge":"0to3","edgeRT":"3547","skip":"false","flipped":"True","index":"15","edgeClickLog":"[{\"edgeSelection\":\"0to3\",\"edgeRTMS\":3547}]","trial_id":"cong_5_flipped","congruency":"C","task":"experiment","subjectId":"zfvxpb26ht7r5hm","trial_type":"external-html","trial_index":16,"time_elapsed":213773,"internal_node_id":"0.0-9.0-0.8"},{"rt":3355,"url":"../static/nodeGraphs.html","edge":"1to4","edgeRT":"1934","skip":"false","flipped":"False","index":"0","edgeClickLog":"[{\"edgeSelection\":\"1to4\",\"edgeRTMS\":1934}]","trial_id":"cong_0","congruency":"C","task":"experiment","subjectId":"zfvxpb26ht7r5hm","trial_type":"external-html","trial_index":17,"time_elapsed":217734,"internal_node_id":"0.0-9.0-0.9"},{"rt":4966,"url":"../static/nodeGraphs.html","edge":"3to5","edgeRT":"3526","skip":"false","flipped":"False","index":"3","edgeClickLog":"[{\"edgeSelection\":\"3to5\",\"edgeRTMS\":3526}]","trial_id":"cong_3","congruency":"C","task":"experiment","subjectId":"zfvxpb26ht7r5hm","trial_type":"external-html","trial_index":18,"time_elapsed":223499,"internal_node_id":"0.0-9.0-0.10"},{"rt":3921,"url":"../static/nodeGraphs.html","edge":"2to5","edgeRT":"2632","skip":"false","flipped":"False","index":"9","edgeClickLog":"[{\"edgeSelection\":\"2to5\",\"edgeRTMS\":2632}]","trial_id":"cong_9","congruency":"C","task":"experiment","subjectId":"zfvxpb26ht7r5hm","trial_type":"external-html","trial_index":19,"time_elapsed":228061,"internal_node_id":"0.0-9.0-0.11"},{"rt":3643,"url":"../static/nodeGraphs.html","edge":"2to4","edgeRT":"2480","skip":"false","flipped":"False","index":"4","edgeClickLog":"[{\"edgeSelection\":\"2to4\",\"edgeRTMS\":2480}]","trial_id":"cong_4","congruency":"C","task":"experiment","subjectId":"zfvxpb26ht7r5hm","trial_type":"external-html","trial_index":20,"time_elapsed":232317,"internal_node_id":"0.0-9.0-0.12"},{"rt":4185,"url":"../static/nodeGraphs.html","edge":"3to6","edgeRT":"2307","skip":"false","flipped":"True","index":"10","edgeClickLog":"[{\"edgeSelection\":\"3to6\",\"edgeRTMS\":2307}]","trial_id":"cong_0_flipped","congruency":"C","task":"experiment","subjectId":"zfvxpb26ht7r5hm","trial_type":"external-html","trial_index":21,"time_elapsed":237162,"internal_node_id":"0.0-9.0-0.13"},{"rt":4946,"url":"../static/nodeGraphs.html","edge":"5to7","edgeRT":"3690","skip":"false","flipped":"True","index":"12","edgeClickLog":"[{\"edgeSelection\":\"5to7\",\"edgeRTMS\":3690}]","trial_id":"cong_2_flipped","congruency":"C","task":"experiment","subjectId":"zfvxpb26ht7r5hm","trial_type":"external-html","trial_index":22,"time_elapsed":242779,"internal_node_id":"0.0-9.0-0.14"},{"rt":3756,"url":"../static/nodeGraphs.html","edge":"5to9","edgeRT":"2416","skip":"false","flipped":"False","index":"2","edgeClickLog":"[{\"edgeSelection\":\"5to9\",\"edgeRTMS\":2416}]","trial_id":"cong_2","congruency":"C","task":"experiment","subjectId":"zfvxpb26ht7r5hm","trial_type":"external-html","trial_index":23,"time_elapsed":247220,"internal_node_id":"0.0-9.0-0.15"},{"rt":5265,"url":"../static/nodeGraphs.html","edge":"2to6","edgeRT":"3533","skip":"false","flipped":"True","index":"17","edgeClickLog":"[{\"edgeSelection\":\"2to6\",\"edgeRTMS\":3533}]","trial_id":"cong_7_flipped","congruency":"C","task":"experiment","subjectId":"zfvxpb26ht7r5hm","trial_type":"external-html","trial_index":24,"time_elapsed":253230,"internal_node_id":"0.0-9.0-0.16"},{"rt":4417,"url":"../static/nodeGraphs.html","edge":"2to4","edgeRT":"2816","skip":"false","flipped":"True","index":"11","edgeClickLog":"[{\"edgeSelection\":\"2to4\",\"edgeRTMS\":2816}]","trial_id":"cong_1_flipped","congruency":"C","task":"experiment","subjectId":"zfvxpb26ht7r5hm","trial_type":"external-html","trial_index":25,"time_elapsed":258423,"internal_node_id":"0.0-9.0-0.17"},{"rt":5117,"url":"../static/nodeGraphs.html","edge":"2to4","edgeRT":"3987","skip":"false","flipped":"False","index":"7","edgeClickLog":"[{\"edgeSelection\":\"2to4\",\"edgeRTMS\":3987}]","trial_id":"cong_7","congruency":"C","task":"experiment","subjectId":"zfvxpb26ht7r5hm","trial_type":"external-html","trial_index":26,"time_elapsed":264161,"internal_node_id":"0.0-9.0-0.18"},{"rt":5467,"url":"../static/nodeGraphs.html","edge":"3to6","edgeRT":"4087","skip":"false","flipped":"True","index":"18","edgeClickLog":"[{\"edgeSelection\":\"3to6\",\"edgeRTMS\":4087}]","trial_id":"cong_8_flipped","congruency":"C","task":"experiment","subjectId":"zfvxpb26ht7r5hm","trial_type":"external-html","trial_index":27,"time_elapsed":270328,"internal_node_id":"0.0-9.0-0.19"},{"rt":9617,"url":"../static/nodeGraphs.html","edge":"3to6","edgeRT":"4739","skip":"false","flipped":"False","index":"20","edgeClickLog":"[{\"edgeSelection\":\"3to6\",\"edgeRTMS\":4739}]","trial_id":"test_0","congruency":"I","task":"experiment","subjectId":"zfvxpb26ht7r5hm","trial_type":"external-html","trial_index":28,"time_elapsed":280702,"internal_node_id":"0.0-9.0-0.20"},{"rt":4024,"url":"../static/nodeGraphs.html","edge":"0to3","edgeRT":"2311","skip":"false","flipped":"False","index":"21","edgeClickLog":"[{\"edgeSelection\":\"0to3\",\"edgeRTMS\":2311}]","trial_id":"test_1","congruency":"I","task":"experiment","subjectId":"zfvxpb26ht7r5hm","trial_type":"external-html","trial_index":29,"time_elapsed":285577,"internal_node_id":"0.0-9.0-0.21"},{"rt":3938,"url":"../static/nodeGraphs.html","edge":"0to3","edgeRT":"2100","skip":"false","flipped":"False","index":"22","edgeClickLog":"[{\"edgeSelection\":\"0to3\",\"edgeRTMS\":2100}]","trial_id":"test_2","congruency":"I","task":"experiment","subjectId":"zfvxpb26ht7r5hm","trial_type":"external-html","trial_index":30,"time_elapsed":290312,"internal_node_id":"0.0-9.0-0.22"},{"rt":3923,"url":"../static/nodeGraphs.html","edge":"0to1","edgeRT":"2480","skip":"false","flipped":"False","index":"23","edgeClickLog":"[{\"edgeSelection\":\"0to1\",\"edgeRTMS\":2480}]","trial_id":"test_3","congruency":"I","task":"experiment","subjectId":"zfvxpb26ht7r5hm","trial_type":"external-html","trial_index":31,"time_elapsed":294895,"internal_node_id":"0.0-9.0-0.23"},{"rt":9270,"url":"../static/nodeGraphs.html","edge":"3to6","edgeRT":"8063","skip":"false","flipped":"False","index":"24","edgeClickLog":"[{\"edgeSelection\":\"3to6\",\"edgeRTMS\":8063}]","trial_id":"test_4","congruency":"I","task":"experiment","subjectId":"zfvxpb26ht7r5hm","trial_type":"external-html","trial_index":32,"time_elapsed":305161,"internal_node_id":"0.0-9.0-0.24"},{"rt":23595,"response":{"P0_Q0":null,"P0_Q1":2,"P0_Q2":5,"P0_Q3":5,"P0_Q4":6,"P0_Q5":1,"strategies":"To highlight direct paths to highpoint circles","feedback":"None"},"accuracy":[],"trial_type":"survey","trial_index":33,"time_elapsed":329340,"internal_node_id":"0.0-10.0"},{"rt":1256,"stimulus":"<p>Thanks for your time!</p>        <p>We need to manually calculate your bonus pay, please give us up to 7 days.</p><p>Press any key to conclude.</p>","response":" ","task":"end","subjectId":"zfvxpb26ht7r5hm","trial_type":"html-keyboard-response","trial_index":34,"time_elapsed":330599,"internal_node_id":"0.0-11.0","interactions":"[{\"event\":\"focus\",\"trial\":1,\"time\":1525},{\"event\":\"fullscreenenter\",\"trial\":1,\"time\":2930}]"}]