[{"success":true,"timeout":false,"failed_images":[],"failed_audio":[],"failed_video":[],"trial_type":"preload","trial_index":0,"time_elapsed":2912,"internal_node_id":"0.0-0.0"},{"success":true,"trial_type":"fullscreen","trial_index":1,"time_elapsed":11661,"internal_node_id":"0.0-1.0"},{"rt":2365,"stimulus":"Welcome to the experiment. Press any key to begin.","response":" ","trial_type":"html-keyboard-response","trial_index":2,"time_elapsed":14028,"internal_node_id":"0.0-2.0"},{"view_history":[{"page_index":0,"viewing_time":5744},{"page_index":1,"viewing_time":7101},{"page_index":2,"viewing_time":36492},{"page_index":3,"viewing_time":5970},{"page_index":4,"viewing_time":2329},{"page_index":5,"viewing_time":2396},{"page_index":6,"viewing_time":3180},{"page_index":7,"viewing_time":13748},{"page_index":8,"viewing_time":14791},{"page_index":9,"viewing_time":11607},{"page_index":10,"viewing_time":2330},{"page_index":11,"viewing_time":696},{"page_index":12,"viewing_time":640},{"page_index":13,"viewing_time":2540},{"page_index":14,"viewing_time":4543},{"page_index":15,"viewing_time":7762},{"page_index":16,"viewing_time":1802},{"page_index":17,"viewing_time":719},{"page_index":18,"viewing_time":1600},{"page_index":19,"viewing_time":3338},{"page_index":20,"viewing_time":7166},{"page_index":21,"viewing_time":4226}],"rt":140720,"trial_type":"instructions","trial_index":3,"time_elapsed":154754,"internal_node_id":"0.0-3.0"},{"rt":53030,"url":"../static/nodeGraphsTraining.html","skip":[],"edgeClickLog":[],"trial_type":"external-html","trial_index":4,"time_elapsed":207901,"internal_node_id":"0.0-4.0"},{"rt":25587,"response":{"q1":"The goal is to help the student to get the most points","q2":"False","q3":"Possible paths you, as the teacher, can choose to teach the learner.","q4":"Paths that the student took before."},"question_order":[0,1,2,3],"trial_type":"survey-multi-choice","trial_index":5,"time_elapsed":233492,"internal_node_id":"0.0-5.0"},{"rt":null,"stimulus":"<p>You can take a 60 second break before starting the experiment.</p><br><br><p>This page will advance in 60 seconds or you can press any key to advance now.</p>","response":null,"trial_type":"html-keyboard-response","trial_index":6,"time_elapsed":293496,"internal_node_id":"0.0-7.0"},{"view_history":[{"page_index":0,"viewing_time":22551}],"rt":22552,"trial_type":"instructions","trial_index":7,"time_elapsed":316050,"internal_node_id":"0.0-8.0"},{"rt":6783,"url":"../static/nodeGraphs.html","edge":"2to5","edgeRT":"3311","skip":"false","flipped":"False","index":"9","edgeClickLog":"[{\"edgeSelection\":\"2to5\",\"edgeRTMS\":3311}]","trial_id":"cong_9","congruency":"C","task":"experiment","subjectId":"3r3rrp11h2papkd","trial_type":"external-html","trial_index":8,"time_elapsed":322935,"internal_node_id":"0.0-9.0-0.0"},{"rt":6460,"url":"../static/nodeGraphs.html","edge":"1to5","edgeRT":"3978","skip":"false","flipped":"True","index":"13","edgeClickLog":"[{\"edgeSelection\":\"1to5\",\"edgeRTMS\":3978}]","trial_id":"cong_3_flipped","congruency":"C","task":"experiment","subjectId":"3r3rrp11h2papkd","trial_type":"external-html","trial_index":9,"time_elapsed":330015,"internal_node_id":"0.0-9.0-0.1"},{"rt":13193,"url":"../static/nodeGraphs.html","edge":"0to1","edgeRT":"11308","skip":"false","flipped":"True","index":"12","edgeClickLog":"[{\"edgeSelection\":\"0to1\",\"edgeRTMS\":11308}]","trial_id":"cong_2_flipped","congruency":"C","task":"experiment","subjectId":"3r3rrp11h2papkd","trial_type":"external-html","trial_index":10,"time_elapsed":343840,"internal_node_id":"0.0-9.0-0.2"},{"rt":10102,"url":"../static/nodeGraphs.html","edge":"0to2","edgeRT":"6427","skip":"false","flipped":"False","index":"7","edgeClickLog":"[{\"edgeSelection\":\"0to2\",\"edgeRTMS\":6427}]","trial_id":"cong_7","congruency":"C","task":"experiment","subjectId":"3r3rrp11h2papkd","trial_type":"external-html","trial_index":11,"time_elapsed":354558,"internal_node_id":"0.0-9.0-0.3"},{"rt":4826,"url":"../static/nodeGraphs.html","edge":"1to4","edgeRT":"3658","skip":"false","flipped":"False","index":"0","edgeClickLog":"[{\"edgeSelection\":\"1to4\",\"edgeRTMS\":3658}]","trial_id":"cong_0","congruency":"C","task":"experiment","subjectId":"3r3rrp11h2papkd","trial_type":"external-html","trial_index":12,"time_elapsed":359994,"internal_node_id":"0.0-9.0-0.4"},{"rt":3724,"url":"../static/nodeGraphs.html","edge":"2to6","edgeRT":"2406","skip":"false","flipped":"False","index":"1","edgeClickLog":"[{\"edgeSelection\":\"2to6\",\"edgeRTMS\":2406}]","trial_id":"cong_1","congruency":"C","task":"experiment","subjectId":"3r3rrp11h2papkd","trial_type":"external-html","trial_index":13,"time_elapsed":364328,"internal_node_id":"0.0-9.0-0.5"},{"rt":3489,"url":"../static/nodeGraphs.html","edge":"3to5","edgeRT":"1955","skip":"false","flipped":"False","index":"3","edgeClickLog":"[{\"edgeSelection\":\"3to5\",\"edgeRTMS\":1955}]","trial_id":"cong_3","congruency":"C","task":"experiment","subjectId":"3r3rrp11h2papkd","trial_type":"external-html","trial_index":14,"time_elapsed":368426,"internal_node_id":"0.0-9.0-0.6"},{"rt":3387,"url":"../static/nodeGraphs.html","edge":"2to5","edgeRT":"1749","skip":"false","flipped":"False","index":"6","edgeClickLog":"[{\"edgeSelection\":\"2to5\",\"edgeRTMS\":1749}]","trial_id":"cong_6","congruency":"C","task":"experiment","subjectId":"3r3rrp11h2papkd","trial_type":"external-html","trial_index":15,"time_elapsed":372420,"internal_node_id":"0.0-9.0-0.7"},{"rt":4058,"url":"../static/nodeGraphs.html","edge":"3to6","edgeRT":"3106","skip":"false","flipped":"True","index":"10","edgeClickLog":"[{\"edgeSelection\":\"3to6\",\"edgeRTMS\":3106}]","trial_id":"cong_0_flipped","congruency":"C","task":"experiment","subjectId":"3r3rrp11h2papkd","trial_type":"external-html","trial_index":16,"time_elapsed":377327,"internal_node_id":"0.0-9.0-0.8"},{"rt":2482,"url":"../static/nodeGraphs.html","edge":"2to5","edgeRT":"1717","skip":"false","flipped":"True","index":"16","edgeClickLog":"[{\"edgeSelection\":\"2to5\",\"edgeRTMS\":1717}]","trial_id":"cong_6_flipped","congruency":"C","task":"experiment","subjectId":"3r3rrp11h2papkd","trial_type":"external-html","trial_index":17,"time_elapsed":380424,"internal_node_id":"0.0-9.0-0.9"},{"rt":3730,"url":"../static/nodeGraphs.html","edge":"0to1","edgeRT":"2615","skip":"false","flipped":"False","index":"5","edgeClickLog":"[{\"edgeSelection\":\"0to1\",\"edgeRTMS\":2615}]","trial_id":"cong_5","congruency":"C","task":"experiment","subjectId":"3r3rrp11h2papkd","trial_type":"external-html","trial_index":18,"time_elapsed":384764,"internal_node_id":"0.0-9.0-0.10"},{"rt":4671,"url":"../static/nodeGraphs.html","edge":"3to6","edgeRT":"3625","skip":"false","flipped":"True","index":"18","edgeClickLog":"[{\"edgeSelection\":\"3to6\",\"edgeRTMS\":3625}]","trial_id":"cong_8_flipped","congruency":"C","task":"experiment","subjectId":"3r3rrp11h2papkd","trial_type":"external-html","trial_index":19,"time_elapsed":390214,"internal_node_id":"0.0-9.0-0.11"},{"rt":3418,"url":"../static/nodeGraphs.html","edge":"2to4","edgeRT":"2457","skip":"false","flipped":"True","index":"11","edgeClickLog":"[{\"edgeSelection\":\"2to4\",\"edgeRTMS\":2457}]","trial_id":"cong_1_flipped","congruency":"C","task":"experiment","subjectId":"3r3rrp11h2papkd","trial_type":"external-html","trial_index":20,"time_elapsed":394238,"internal_node_id":"0.0-9.0-0.12"},{"rt":3248,"url":"../static/nodeGraphs.html","edge":"2to6","edgeRT":"2293","skip":"false","flipped":"True","index":"14","edgeClickLog":"[{\"edgeSelection\":\"2to6\",\"edgeRTMS\":2293}]","trial_id":"cong_4_flipped","congruency":"C","task":"experiment","subjectId":"3r3rrp11h2papkd","trial_type":"external-html","trial_index":21,"time_elapsed":398109,"internal_node_id":"0.0-9.0-0.13"},{"rt":3630,"url":"../static/nodeGraphs.html","edge":"0to3","edgeRT":"2776","skip":"false","flipped":"True","index":"15","edgeClickLog":"[{\"edgeSelection\":\"0to3\",\"edgeRTMS\":2776}]","trial_id":"cong_5_flipped","congruency":"C","task":"experiment","subjectId":"3r3rrp11h2papkd","trial_type":"external-html","trial_index":22,"time_elapsed":402345,"internal_node_id":"0.0-9.0-0.14"},{"rt":2688,"url":"../static/nodeGraphs.html","edge":"2to5","edgeRT":"1726","skip":"false","flipped":"True","index":"19","edgeClickLog":"[{\"edgeSelection\":\"2to5\",\"edgeRTMS\":1726}]","trial_id":"cong_9_flipped","congruency":"C","task":"experiment","subjectId":"3r3rrp11h2papkd","trial_type":"external-html","trial_index":23,"time_elapsed":405643,"internal_node_id":"0.0-9.0-0.15"},{"rt":2330,"url":"../static/nodeGraphs.html","edge":"2to4","edgeRT":"1549","skip":"false","flipped":"False","index":"4","edgeClickLog":"[{\"edgeSelection\":\"2to4\",\"edgeRTMS\":1549}]","trial_id":"cong_4","congruency":"C","task":"experiment","subjectId":"3r3rrp11h2papkd","trial_type":"external-html","trial_index":24,"time_elapsed":408581,"internal_node_id":"0.0-9.0-0.16"},{"rt":6345,"url":"../static/nodeGraphs.html","edge":"1to4","edgeRT":"5151","skip":"false","flipped":"False","index":"8","edgeClickLog":"[{\"edgeSelection\":\"1to4\",\"edgeRTMS\":5151}]","trial_id":"cong_8","congruency":"C","task":"experiment","subjectId":"3r3rrp11h2papkd","trial_type":"external-html","trial_index":25,"time_elapsed":415528,"internal_node_id":"0.0-9.0-0.17"},{"rt":12903,"url":"../static/nodeGraphs.html","edge":"5to9","edgeRT":"11940","skip":"false","flipped":"False","index":"2","edgeClickLog":"[{\"edgeSelection\":\"5to9\",\"edgeRTMS\":6929},{\"edgeSelection\":\"2to5\",\"edgeRTMS\":9403},{\"edgeSelection\":\"5to9\",\"edgeRTMS\":11940}]","trial_id":"cong_2","congruency":"C","task":"experiment","subjectId":"3r3rrp11h2papkd","trial_type":"external-html","trial_index":26,"time_elapsed":429051,"internal_node_id":"0.0-9.0-0.18"},{"rt":7989,"url":"../static/nodeGraphs.html","edge":"2to6","edgeRT":"6777","skip":"false","flipped":"True","index":"17","edgeClickLog":"[{\"edgeSelection\":\"2to6\",\"edgeRTMS\":6777}]","trial_id":"cong_7_flipped","congruency":"C","task":"experiment","subjectId":"3r3rrp11h2papkd","trial_type":"external-html","trial_index":27,"time_elapsed":437647,"internal_node_id":"0.0-9.0-0.19"},{"rt":4984,"url":"../static/nodeGraphs.html","edge":"0to1","edgeRT":"3869","skip":"false","flipped":"False","index":"20","edgeClickLog":"[{\"edgeSelection\":\"0to1\",\"edgeRTMS\":3869}]","trial_id":"test_0","congruency":"I","task":"experiment","subjectId":"3r3rrp11h2papkd","trial_type":"external-html","trial_index":28,"time_elapsed":443251,"internal_node_id":"0.0-9.0-0.20"},{"rt":2656,"url":"../static/nodeGraphs.html","edge":"0to3","edgeRT":"1489","skip":"false","flipped":"False","index":"21","edgeClickLog":"[{\"edgeSelection\":\"0to3\",\"edgeRTMS\":1489}]","trial_id":"test_1","congruency":"I","task":"experiment","subjectId":"3r3rrp11h2papkd","trial_type":"external-html","trial_index":29,"time_elapsed":446583,"internal_node_id":"0.0-9.0-0.21"},{"rt":4093,"url":"../static/nodeGraphs.html","edge":"0to3","edgeRT":"2803","skip":"false","flipped":"False","index":"22","edgeClickLog":"[{\"edgeSelection\":\"0to3\",\"edgeRTMS\":2803}]","trial_id":"test_2","congruency":"I","task":"experiment","subjectId":"3r3rrp11h2papkd","trial_type":"external-html","trial_index":30,"time_elapsed":451289,"internal_node_id":"0.0-9.0-0.22"},{"rt":3055,"url":"../static/nodeGraphs.html","edge":"0to1","edgeRT":"1585","skip":"false","flipped":"False","index":"23","edgeClickLog":"[{\"edgeSelection\":\"0to1\",\"edgeRTMS\":1585}]","trial_id":"test_3","congruency":"I","task":"experiment","subjectId":"3r3rrp11h2papkd","trial_type":"external-html","trial_index":31,"time_elapsed":454949,"internal_node_id":"0.0-9.0-0.23"},{"rt":8786,"url":"../static/nodeGraphs.html","edge":"5to9","edgeRT":"7184","skip":"false","flipped":"False","index":"24","edgeClickLog":"[{\"edgeSelection\":\"5to9\",\"edgeRTMS\":7184}]","trial_id":"test_4","congruency":"I","task":"experiment","subjectId":"3r3rrp11h2papkd","trial_type":"external-html","trial_index":32,"time_elapsed":464338,"internal_node_id":"0.0-9.0-0.24"},{"rt":33693,"response":{"P0_Q0":null,"P0_Q1":4,"P0_Q2":6,"P0_Q3":6,"P0_Q4":5,"P0_Q5":3,"strategies":"Looked for the highest number, like a 2 or 3 that they didn't see.","feedback":""},"accuracy":[],"trial_type":"survey","trial_index":33,"time_elapsed":498602,"internal_node_id":"0.0-10.0"},{"rt":3814,"stimulus":"<p>Thanks for your time!</p>        <p>We need to manually calculate your bonus pay, please give us up to 7 days.</p><p>Press any key to conclude.</p>","response":" ","task":"end","subjectId":"3r3rrp11h2papkd","trial_type":"html-keyboard-response","trial_index":34,"time_elapsed":502418,"internal_node_id":"0.0-11.0","interactions":"[{\"event\":\"blur\",\"trial\":1,\"time\":3083},{\"event\":\"focus\",\"trial\":1,\"time\":7705},{\"event\":\"fullscreenenter\",\"trial\":1,\"time\":10981}]"}]