[{"success":true,"timeout":false,"failed_images":[],"failed_audio":[],"failed_video":[],"trial_type":"preload","trial_index":0,"time_elapsed":437,"internal_node_id":"0.0-0.0"},{"success":true,"trial_type":"fullscreen","trial_index":1,"time_elapsed":4417,"internal_node_id":"0.0-1.0"},{"rt":4793,"stimulus":"Welcome to the experiment. Press any key to begin.","response":"arrowright","trial_type":"html-keyboard-response","trial_index":2,"time_elapsed":9211,"internal_node_id":"0.0-2.0"},{"view_history":[{"page_index":0,"viewing_time":5364},{"page_index":1,"viewing_time":4273},{"page_index":2,"viewing_time":25321},{"page_index":3,"viewing_time":4471},{"page_index":4,"viewing_time":3512},{"page_index":5,"viewing_time":1403},{"page_index":6,"viewing_time":2371},{"page_index":7,"viewing_time":8514},{"page_index":8,"viewing_time":16838},{"page_index":9,"viewing_time":12338},{"page_index":10,"viewing_time":1603},{"page_index":11,"viewing_time":1347},{"page_index":12,"viewing_time":1845},{"page_index":13,"viewing_time":2138},{"page_index":14,"viewing_time":4918},{"page_index":15,"viewing_time":11140},{"page_index":16,"viewing_time":2371},{"page_index":17,"viewing_time":1473},{"page_index":18,"viewing_time":1850},{"page_index":19,"viewing_time":4600},{"page_index":20,"viewing_time":4960},{"page_index":21,"viewing_time":3980}],"rt":126631,"trial_type":"instructions","trial_index":3,"time_elapsed":135842,"internal_node_id":"0.0-3.0"},{"rt":71598,"url":"../static/nodeGraphsTraining.html","skip":[],"edgeClickLog":[],"trial_type":"external-html","trial_index":4,"time_elapsed":207531,"internal_node_id":"0.0-4.0"},{"rt":31286,"response":{"q1":"The goal is to help the student to get the most points","q2":"False","q3":"Possible paths you, as the teacher, can choose to teach the learner.","q4":"Paths that the student took before."},"question_order":[0,1,2,3],"trial_type":"survey-multi-choice","trial_index":5,"time_elapsed":238822,"internal_node_id":"0.0-5.0"},{"rt":5342,"stimulus":"<p>You can take a 60 second break before starting the experiment.</p><br><br><p>This page will advance in 60 seconds or you can press any key to advance now.</p>","response":"arrowright","trial_type":"html-keyboard-response","trial_index":6,"time_elapsed":244168,"internal_node_id":"0.0-7.0"},{"view_history":[{"page_index":0,"viewing_time":20834}],"rt":20834,"trial_type":"instructions","trial_index":7,"time_elapsed":265003,"internal_node_id":"0.0-8.0"},{"rt":24018,"url":"../static/nodeGraphs.html","edge":"6to8","edgeRT":"21368","skip":"false","flipped":"True","index":"12","edgeClickLog":"[{\"edgeSelection\":\"6to8\",\"edgeRTMS\":21368}]","trial_id":"incong_2_flipped","congruency":"I","task":"experiment","subjectId":"hsg7pm0srx7lbhj","trial_type":"external-html","trial_index":8,"time_elapsed":289107,"internal_node_id":"0.0-9.0-0.0"},{"rt":9311,"url":"../static/nodeGraphs.html","edge":"6to8","edgeRT":"8119","skip":"false","flipped":"True","index":"16","edgeClickLog":"[{\"edgeSelection\":\"6to8\",\"edgeRTMS\":8119}]","trial_id":"incong_6_flipped","congruency":"I","task":"experiment","subjectId":"hsg7pm0srx7lbhj","trial_type":"external-html","trial_index":9,"time_elapsed":299008,"internal_node_id":"0.0-9.0-0.1"},{"rt":10668,"url":"../static/nodeGraphs.html","edge":"4to8","edgeRT":"8609","skip":"false","flipped":"True","index":"13","edgeClickLog":"[{\"edgeSelection\":\"4to8\",\"edgeRTMS\":8609}]","trial_id":"incong_3_flipped","congruency":"I","task":"experiment","subjectId":"hsg7pm0srx7lbhj","trial_type":"external-html","trial_index":10,"time_elapsed":310266,"internal_node_id":"0.0-9.0-0.2"},{"rt":12950,"url":"../static/nodeGraphs.html","edge":"5to8","edgeRT":"10550","skip":"false","flipped":"True","index":"18","edgeClickLog":"[{\"edgeSelection\":\"5to8\",\"edgeRTMS\":10550}]","trial_id":"incong_8_flipped","congruency":"I","task":"experiment","subjectId":"hsg7pm0srx7lbhj","trial_type":"external-html","trial_index":11,"time_elapsed":323810,"internal_node_id":"0.0-9.0-0.3"},{"rt":20542,"url":"../static/nodeGraphs.html","edge":"5to7","edgeRT":"9118","skip":"false","flipped":"True","index":"14","edgeClickLog":"[{\"edgeSelection\":\"5to7\",\"edgeRTMS\":9118}]","trial_id":"incong_4_flipped","congruency":"I","task":"experiment","subjectId":"hsg7pm0srx7lbhj","trial_type":"external-html","trial_index":12,"time_elapsed":344937,"internal_node_id":"0.0-9.0-0.4"},{"rt":22144,"url":"../static/nodeGraphs.html","edge":"6to8","edgeRT":"17918","skip":"false","flipped":"True","index":"15","edgeClickLog":"[{\"edgeSelection\":\"6to8\",\"edgeRTMS\":17918}]","trial_id":"incong_5_flipped","congruency":"I","task":"experiment","subjectId":"hsg7pm0srx7lbhj","trial_type":"external-html","trial_index":13,"time_elapsed":367667,"internal_node_id":"0.0-9.0-0.5"},{"rt":11317,"url":"../static/nodeGraphs.html","edge":"4to8","edgeRT":"8415","skip":"false","flipped":"False","index":"0","edgeClickLog":"[{\"edgeSelection\":\"4to8\",\"edgeRTMS\":8415}]","trial_id":"incong_0","congruency":"I","task":"experiment","subjectId":"hsg7pm0srx7lbhj","trial_type":"external-html","trial_index":14,"time_elapsed":379565,"internal_node_id":"0.0-9.0-0.6"},{"rt":20433,"url":"../static/nodeGraphs.html","edge":"4to8","edgeRT":"18453","skip":"false","flipped":"False","index":"5","edgeClickLog":"[{\"edgeSelection\":\"4to8\",\"edgeRTMS\":18453}]","trial_id":"incong_5","congruency":"I","task":"experiment","subjectId":"hsg7pm0srx7lbhj","trial_type":"external-html","trial_index":15,"time_elapsed":400579,"internal_node_id":"0.0-9.0-0.7"},{"rt":7973,"url":"../static/nodeGraphs.html","edge":"5to8","edgeRT":"6552","skip":"false","flipped":"False","index":"9","edgeClickLog":"[{\"edgeSelection\":\"5to8\",\"edgeRTMS\":6552}]","trial_id":"incong_9","congruency":"I","task":"experiment","subjectId":"hsg7pm0srx7lbhj","trial_type":"external-html","trial_index":16,"time_elapsed":409136,"internal_node_id":"0.0-9.0-0.8"},{"rt":13013,"url":"../static/nodeGraphs.html","edge":"4to8","edgeRT":"9886","skip":"false","flipped":"False","index":"8","edgeClickLog":"[{\"edgeSelection\":\"4to8\",\"edgeRTMS\":9886}]","trial_id":"incong_8","congruency":"I","task":"experiment","subjectId":"hsg7pm0srx7lbhj","trial_type":"external-html","trial_index":17,"time_elapsed":422738,"internal_node_id":"0.0-9.0-0.9"},{"rt":9404,"url":"../static/nodeGraphs.html","edge":"5to8","edgeRT":"7741","skip":"false","flipped":"True","index":"19","edgeClickLog":"[{\"edgeSelection\":\"5to8\",\"edgeRTMS\":7741}]","trial_id":"incong_9_flipped","congruency":"I","task":"experiment","subjectId":"hsg7pm0srx7lbhj","trial_type":"external-html","trial_index":18,"time_elapsed":432731,"internal_node_id":"0.0-9.0-0.10"},{"rt":8058,"url":"../static/nodeGraphs.html","edge":"5to8","edgeRT":"6049","skip":"false","flipped":"False","index":"7","edgeClickLog":"[{\"edgeSelection\":\"5to8\",\"edgeRTMS\":6049}]","trial_id":"incong_7","congruency":"I","task":"experiment","subjectId":"hsg7pm0srx7lbhj","trial_type":"external-html","trial_index":19,"time_elapsed":441382,"internal_node_id":"0.0-9.0-0.11"},{"rt":5367,"url":"../static/nodeGraphs.html","edge":"4to8","edgeRT":"4086","skip":"false","flipped":"False","index":"6","edgeClickLog":"[{\"edgeSelection\":\"4to8\",\"edgeRTMS\":4086}]","trial_id":"incong_6","congruency":"I","task":"experiment","subjectId":"hsg7pm0srx7lbhj","trial_type":"external-html","trial_index":20,"time_elapsed":447338,"internal_node_id":"0.0-9.0-0.12"},{"rt":13452,"url":"../static/nodeGraphs.html","edge":"4to7","edgeRT":"7720","skip":"false","flipped":"True","index":"11","edgeClickLog":"[{\"edgeSelection\":\"4to7\",\"edgeRTMS\":7720}]","trial_id":"incong_1_flipped","congruency":"I","task":"experiment","subjectId":"hsg7pm0srx7lbhj","trial_type":"external-html","trial_index":21,"time_elapsed":461370,"internal_node_id":"0.0-9.0-0.13"},{"rt":29140,"url":"../static/nodeGraphs.html","edge":"5to9","edgeRT":"26424","skip":"false","flipped":"False","index":"4","edgeClickLog":"[{\"edgeSelection\":\"5to9\",\"edgeRTMS\":10764},{\"edgeSelection\":\"3to5\",\"edgeRTMS\":20096},{\"edgeSelection\":\"5to9\",\"edgeRTMS\":26424}]","trial_id":"incong_4","congruency":"I","task":"experiment","subjectId":"hsg7pm0srx7lbhj","trial_type":"external-html","trial_index":22,"time_elapsed":491092,"internal_node_id":"0.0-9.0-0.14"},{"rt":15663,"url":"../static/nodeGraphs.html","edge":"5to8","edgeRT":"7957","skip":"false","flipped":"True","index":"17","edgeClickLog":"[{\"edgeSelection\":\"5to8\",\"edgeRTMS\":7957}]","trial_id":"incong_7_flipped","congruency":"I","task":"experiment","subjectId":"hsg7pm0srx7lbhj","trial_type":"external-html","trial_index":23,"time_elapsed":507347,"internal_node_id":"0.0-9.0-0.15"},{"rt":22941,"url":"../static/nodeGraphs.html","edge":"6to9","edgeRT":"15478","skip":"false","flipped":"False","index":"1","edgeClickLog":"[{\"edgeSelection\":\"6to9\",\"edgeRTMS\":15478}]","trial_id":"incong_1","congruency":"I","task":"experiment","subjectId":"hsg7pm0srx7lbhj","trial_type":"external-html","trial_index":24,"time_elapsed":530877,"internal_node_id":"0.0-9.0-0.16"},{"rt":9908,"url":"../static/nodeGraphs.html","edge":"6to9","edgeRT":"7902","skip":"false","flipped":"True","index":"10","edgeClickLog":"[{\"edgeSelection\":\"6to9\",\"edgeRTMS\":7902}]","trial_id":"incong_0_flipped","congruency":"I","task":"experiment","subjectId":"hsg7pm0srx7lbhj","trial_type":"external-html","trial_index":25,"time_elapsed":541371,"internal_node_id":"0.0-9.0-0.17"},{"rt":8181,"url":"../static/nodeGraphs.html","edge":"4to8","edgeRT":"4817","skip":"false","flipped":"False","index":"2","edgeClickLog":"[{\"edgeSelection\":\"4to8\",\"edgeRTMS\":4817}]","trial_id":"incong_2","congruency":"I","task":"experiment","subjectId":"hsg7pm0srx7lbhj","trial_type":"external-html","trial_index":26,"time_elapsed":550153,"internal_node_id":"0.0-9.0-0.18"},{"rt":6455,"url":"../static/nodeGraphs.html","edge":"6to8","edgeRT":"3714","skip":"false","flipped":"False","index":"3","edgeClickLog":"[{\"edgeSelection\":\"6to8\",\"edgeRTMS\":3714}]","trial_id":"incong_3","congruency":"I","task":"experiment","subjectId":"hsg7pm0srx7lbhj","trial_type":"external-html","trial_index":27,"time_elapsed":557196,"internal_node_id":"0.0-9.0-0.19"},{"rt":6852,"url":"../static/nodeGraphs.html","edge":"6to8","edgeRT":"3955","skip":"false","flipped":"False","index":"20","edgeClickLog":"[{\"edgeSelection\":\"6to8\",\"edgeRTMS\":3955}]","trial_id":"test_0","congruency":"I","task":"experiment","subjectId":"hsg7pm0srx7lbhj","trial_type":"external-html","trial_index":28,"time_elapsed":564631,"internal_node_id":"0.0-9.0-0.20"},{"rt":10222,"url":"../static/nodeGraphs.html","edge":"3to6","edgeRT":"8085","skip":"false","flipped":"False","index":"21","edgeClickLog":"[{\"edgeSelection\":\"3to6\",\"edgeRTMS\":8085}]","trial_id":"test_1","congruency":"I","task":"experiment","subjectId":"hsg7pm0srx7lbhj","trial_type":"external-html","trial_index":29,"time_elapsed":575442,"internal_node_id":"0.0-9.0-0.21"},{"rt":20154,"url":"../static/nodeGraphs.html","edge":"4to7","edgeRT":"15091","skip":"false","flipped":"False","index":"22","edgeClickLog":"[{\"edgeSelection\":\"5to7\",\"edgeRTMS\":7993},{\"edgeSelection\":\"4to7\",\"edgeRTMS\":15091}]","trial_id":"test_2","congruency":"I","task":"experiment","subjectId":"hsg7pm0srx7lbhj","trial_type":"external-html","trial_index":30,"time_elapsed":596191,"internal_node_id":"0.0-9.0-0.22"},{"rt":10524,"url":"../static/nodeGraphs.html","edge":"1to5","edgeRT":"8671","skip":"false","flipped":"False","index":"23","edgeClickLog":"[{\"edgeSelection\":\"1to5\",\"edgeRTMS\":8671}]","trial_id":"test_3","congruency":"I","task":"experiment","subjectId":"hsg7pm0srx7lbhj","trial_type":"external-html","trial_index":31,"time_elapsed":607298,"internal_node_id":"0.0-9.0-0.23"},{"rt":15254,"url":"../static/nodeGraphs.html","edge":"6to9","edgeRT":"12224","skip":"false","flipped":"False","index":"24","edgeClickLog":"[{\"edgeSelection\":\"6to9\",\"edgeRTMS\":12224}]","trial_id":"test_4","congruency":"I","task":"experiment","subjectId":"hsg7pm0srx7lbhj","trial_type":"external-html","trial_index":32,"time_elapsed":623140,"internal_node_id":"0.0-9.0-0.24"},{"rt":30636,"response":{"P0_Q0":null,"P0_Q1":5,"P0_Q2":6,"P0_Q3":6,"P0_Q4":5,"P0_Q5":2,"strategies":"adding the most points","feedback":"no"},"accuracy":[],"trial_type":"survey","trial_index":33,"time_elapsed":654385,"internal_node_id":"0.0-10.0"},{"rt":4464,"stimulus":"<p>Thanks for your time!</p>        <p>We need to manually calculate your bonus pay, please give us up to 7 days.</p><p>Press any key to conclude.</p>","response":"arrowright","task":"end","subjectId":"hsg7pm0srx7lbhj","trial_type":"html-keyboard-response","trial_index":34,"time_elapsed":658853,"internal_node_id":"0.0-11.0","interactions":"[{\"event\":\"fullscreenenter\",\"trial\":1,\"time\":3423}]"}]