[{"success":true,"timeout":false,"failed_images":[],"failed_audio":[],"failed_video":[],"trial_type":"preload","trial_index":0,"time_elapsed":354,"internal_node_id":"0.0-0.0"},{"success":true,"trial_type":"fullscreen","trial_index":1,"time_elapsed":3444,"internal_node_id":"0.0-1.0"},{"rt":2207,"stimulus":"Welcome to the experiment. Press any key to begin.","response":" ","trial_type":"html-keyboard-response","trial_index":2,"time_elapsed":5652,"internal_node_id":"0.0-2.0"},{"view_history":[{"page_index":0,"viewing_time":9535},{"page_index":1,"viewing_time":4303},{"page_index":2,"viewing_time":62552},{"page_index":3,"viewing_time":2897},{"page_index":4,"viewing_time":2127},{"page_index":5,"viewing_time":1072},{"page_index":6,"viewing_time":6232},{"page_index":7,"viewing_time":19465},{"page_index":8,"viewing_time":43087},{"page_index":9,"viewing_time":17184},{"page_index":10,"viewing_time":1376},{"page_index":11,"viewing_time":959},{"page_index":12,"viewing_time":800},{"page_index":13,"viewing_time":3456},{"page_index":14,"viewing_time":4392},{"page_index":15,"viewing_time":9009},{"page_index":16,"viewing_time":1664},{"page_index":17,"viewing_time":1031},{"page_index":18,"viewing_time":2193},{"page_index":19,"viewing_time":11480},{"page_index":20,"viewing_time":11056},{"page_index":21,"viewing_time":8303}],"rt":224175,"trial_type":"instructions","trial_index":3,"time_elapsed":229828,"internal_node_id":"0.0-3.0"},{"rt":106980,"url":"../static/nodeGraphsTraining.html","skip":[],"edgeClickLog":[],"trial_type":"external-html","trial_index":4,"time_elapsed":336996,"internal_node_id":"0.0-4.0"},{"rt":31542,"response":{"q1":"The goal is to help the student to get the most points","q2":"False","q3":"Possible paths you, as the teacher, can choose to teach the learner.","q4":"Paths that the student took before."},"question_order":[0,1,2,3],"trial_type":"survey-multi-choice","trial_index":5,"time_elapsed":368540,"internal_node_id":"0.0-5.0"},{"rt":13783,"stimulus":"<p>You can take a 60 second break before starting the experiment.</p><br><br><p>This page will advance in 60 seconds or you can press any key to advance now.</p>","response":" ","trial_type":"html-keyboard-response","trial_index":6,"time_elapsed":382327,"internal_node_id":"0.0-7.0"},{"view_history":[{"page_index":0,"viewing_time":29276}],"rt":29277,"trial_type":"instructions","trial_index":7,"time_elapsed":411604,"internal_node_id":"0.0-8.0"},{"rt":16397,"url":"../static/nodeGraphs.html","edge":"2to6","edgeRT":"11005","skip":"false","flipped":"True","index":"14","edgeClickLog":"[{\"edgeSelection\":\"2to6\",\"edgeRTMS\":11005}]","trial_id":"cong_4_flipped","congruency":"C","task":"experiment","subjectId":"1t5lwo0o81tx33s","trial_type":"external-html","trial_index":8,"time_elapsed":428188,"internal_node_id":"0.0-9.0-0.0"},{"rt":7062,"url":"../static/nodeGraphs.html","edge":"2to5","edgeRT":"3704","skip":"false","flipped":"False","index":"6","edgeClickLog":"[{\"edgeSelection\":\"2to5\",\"edgeRTMS\":3704}]","trial_id":"cong_6","congruency":"C","task":"experiment","subjectId":"1t5lwo0o81tx33s","trial_type":"external-html","trial_index":9,"time_elapsed":435852,"internal_node_id":"0.0-9.0-0.1"},{"rt":4571,"url":"../static/nodeGraphs.html","edge":"2to5","edgeRT":"2640","skip":"false","flipped":"False","index":"9","edgeClickLog":"[{\"edgeSelection\":\"2to5\",\"edgeRTMS\":2640}]","trial_id":"cong_9","congruency":"C","task":"experiment","subjectId":"1t5lwo0o81tx33s","trial_type":"external-html","trial_index":10,"time_elapsed":441020,"internal_node_id":"0.0-9.0-0.2"},{"rt":4377,"url":"../static/nodeGraphs.html","edge":"3to6","edgeRT":"2292","skip":"false","flipped":"True","index":"10","edgeClickLog":"[{\"edgeSelection\":\"3to6\",\"edgeRTMS\":2292}]","trial_id":"cong_0_flipped","congruency":"C","task":"experiment","subjectId":"1t5lwo0o81tx33s","trial_type":"external-html","trial_index":11,"time_elapsed":445995,"internal_node_id":"0.0-9.0-0.3"},{"rt":5832,"url":"../static/nodeGraphs.html","edge":"2to4","edgeRT":"3962","skip":"false","flipped":"False","index":"4","edgeClickLog":"[{\"edgeSelection\":\"2to4\",\"edgeRTMS\":3962}]","trial_id":"cong_4","congruency":"C","task":"experiment","subjectId":"1t5lwo0o81tx33s","trial_type":"external-html","trial_index":12,"time_elapsed":452428,"internal_node_id":"0.0-9.0-0.4"},{"rt":6754,"url":"../static/nodeGraphs.html","edge":"2to4","edgeRT":"4302","skip":"false","flipped":"True","index":"11","edgeClickLog":"[{\"edgeSelection\":\"2to4\",\"edgeRTMS\":4302}]","trial_id":"cong_1_flipped","congruency":"C","task":"experiment","subjectId":"1t5lwo0o81tx33s","trial_type":"external-html","trial_index":13,"time_elapsed":459781,"internal_node_id":"0.0-9.0-0.5"},{"rt":11793,"url":"../static/nodeGraphs.html","edge":"2to5","edgeRT":"6461","skip":"false","flipped":"True","index":"16","edgeClickLog":"[{\"edgeSelection\":\"2to5\",\"edgeRTMS\":6461}]","trial_id":"cong_6_flipped","congruency":"C","task":"experiment","subjectId":"1t5lwo0o81tx33s","trial_type":"external-html","trial_index":14,"time_elapsed":472172,"internal_node_id":"0.0-9.0-0.6"},{"rt":11010,"url":"../static/nodeGraphs.html","edge":"1to4","edgeRT":"2236","skip":"false","flipped":"False","index":"0","edgeClickLog":"[{\"edgeSelection\":\"1to4\",\"edgeRTMS\":2236}]","trial_id":"cong_0","congruency":"C","task":"experiment","subjectId":"1t5lwo0o81tx33s","trial_type":"external-html","trial_index":15,"time_elapsed":483781,"internal_node_id":"0.0-9.0-0.7"},{"rt":10648,"url":"../static/nodeGraphs.html","edge":"2to6","edgeRT":"8387","skip":"false","flipped":"False","index":"1","edgeClickLog":"[{\"edgeSelection\":\"2to6\",\"edgeRTMS\":6826},{\"edgeSelection\":\"2to6\",\"edgeRTMS\":8387}]","trial_id":"cong_1","congruency":"C","task":"experiment","subjectId":"1t5lwo0o81tx33s","trial_type":"external-html","trial_index":16,"time_elapsed":495028,"internal_node_id":"0.0-9.0-0.8"},{"rt":17113,"url":"../static/nodeGraphs.html","edge":"0to3","edgeRT":"6116","skip":"false","flipped":"True","index":"15","edgeClickLog":"[{\"edgeSelection\":\"0to3\",\"edgeRTMS\":6116}]","trial_id":"cong_5_flipped","congruency":"C","task":"experiment","subjectId":"1t5lwo0o81tx33s","trial_type":"external-html","trial_index":17,"time_elapsed":512740,"internal_node_id":"0.0-9.0-0.9"},{"rt":14467,"url":"../static/nodeGraphs.html","edge":"2to6","edgeRT":"10261","skip":"false","flipped":"True","index":"17","edgeClickLog":"[{\"edgeSelection\":\"2to6\",\"edgeRTMS\":10261}]","trial_id":"cong_7_flipped","congruency":"C","task":"experiment","subjectId":"1t5lwo0o81tx33s","trial_type":"external-html","trial_index":18,"time_elapsed":527804,"internal_node_id":"0.0-9.0-0.10"},{"rt":12491,"url":"../static/nodeGraphs.html","edge":"1to4","edgeRT":"10220","skip":"false","flipped":"False","index":"8","edgeClickLog":"[{\"edgeSelection\":\"1to4\",\"edgeRTMS\":10220}]","trial_id":"cong_8","congruency":"C","task":"experiment","subjectId":"1t5lwo0o81tx33s","trial_type":"external-html","trial_index":19,"time_elapsed":540893,"internal_node_id":"0.0-9.0-0.11"},{"rt":13209,"url":"../static/nodeGraphs.html","edge":"2to4","edgeRT":"10119","skip":"false","flipped":"False","index":"7","edgeClickLog":"[{\"edgeSelection\":\"2to4\",\"edgeRTMS\":10119}]","trial_id":"cong_7","congruency":"C","task":"experiment","subjectId":"1t5lwo0o81tx33s","trial_type":"external-html","trial_index":20,"time_elapsed":554700,"internal_node_id":"0.0-9.0-0.12"},{"rt":10371,"url":"../static/nodeGraphs.html","edge":"5to9","edgeRT":"6566","skip":"false","flipped":"False","index":"2","edgeClickLog":"[{\"edgeSelection\":\"5to9\",\"edgeRTMS\":6566}]","trial_id":"cong_2","congruency":"C","task":"experiment","subjectId":"1t5lwo0o81tx33s","trial_type":"external-html","trial_index":21,"time_elapsed":565668,"internal_node_id":"0.0-9.0-0.13"},{"rt":11042,"url":"../static/nodeGraphs.html","edge":"5to7","edgeRT":"8446","skip":"false","flipped":"True","index":"12","edgeClickLog":"[{\"edgeSelection\":\"5to7\",\"edgeRTMS\":8446}]","trial_id":"cong_2_flipped","congruency":"C","task":"experiment","subjectId":"1t5lwo0o81tx33s","trial_type":"external-html","trial_index":22,"time_elapsed":577307,"internal_node_id":"0.0-9.0-0.14"},{"rt":17352,"url":"../static/nodeGraphs.html","edge":"1to4","edgeRT":"5912","skip":"false","flipped":"False","index":"5","edgeClickLog":"[{\"edgeSelection\":\"1to4\",\"edgeRTMS\":5912}]","trial_id":"cong_5","congruency":"C","task":"experiment","subjectId":"1t5lwo0o81tx33s","trial_type":"external-html","trial_index":23,"time_elapsed":595268,"internal_node_id":"0.0-9.0-0.15"},{"rt":8286,"url":"../static/nodeGraphs.html","edge":"6to9","edgeRT":"6498","skip":"false","flipped":"True","index":"18","edgeClickLog":"[{\"edgeSelection\":\"6to9\",\"edgeRTMS\":6498}]","trial_id":"cong_8_flipped","congruency":"C","task":"experiment","subjectId":"1t5lwo0o81tx33s","trial_type":"external-html","trial_index":24,"time_elapsed":604155,"internal_node_id":"0.0-9.0-0.16"},{"rt":4276,"url":"../static/nodeGraphs.html","edge":"2to5","edgeRT":"2446","skip":"false","flipped":"True","index":"19","edgeClickLog":"[{\"edgeSelection\":\"2to5\",\"edgeRTMS\":2446}]","trial_id":"cong_9_flipped","congruency":"C","task":"experiment","subjectId":"1t5lwo0o81tx33s","trial_type":"external-html","trial_index":25,"time_elapsed":609028,"internal_node_id":"0.0-9.0-0.17"},{"rt":25737,"url":"../static/nodeGraphs.html","edge":"5to7","edgeRT":"8085","skip":"false","flipped":"True","index":"13","edgeClickLog":"[{\"edgeSelection\":\"5to7\",\"edgeRTMS\":8085}]","trial_id":"cong_3_flipped","congruency":"C","task":"experiment","subjectId":"1t5lwo0o81tx33s","trial_type":"external-html","trial_index":26,"time_elapsed":635364,"internal_node_id":"0.0-9.0-0.18"},{"rt":9489,"url":"../static/nodeGraphs.html","edge":"5to9","edgeRT":"7159","skip":"false","flipped":"False","index":"3","edgeClickLog":"[{\"edgeSelection\":\"5to9\",\"edgeRTMS\":7159}]","trial_id":"cong_3","congruency":"C","task":"experiment","subjectId":"1t5lwo0o81tx33s","trial_type":"external-html","trial_index":27,"time_elapsed":645451,"internal_node_id":"0.0-9.0-0.19"},{"rt":14429,"url":"../static/nodeGraphs.html","edge":"6to8","edgeRT":"7327","skip":"false","flipped":"False","index":"20","edgeClickLog":"[{\"edgeSelection\":\"6to8\",\"edgeRTMS\":7327}]","trial_id":"test_0","congruency":"I","task":"experiment","subjectId":"1t5lwo0o81tx33s","trial_type":"external-html","trial_index":28,"time_elapsed":660475,"internal_node_id":"0.0-9.0-0.20"},{"rt":12817,"url":"../static/nodeGraphs.html","edge":"3to6","edgeRT":"11506","skip":"false","flipped":"False","index":"21","edgeClickLog":"[{\"edgeSelection\":\"3to6\",\"edgeRTMS\":11506}]","trial_id":"test_1","congruency":"I","task":"experiment","subjectId":"1t5lwo0o81tx33s","trial_type":"external-html","trial_index":29,"time_elapsed":673891,"internal_node_id":"0.0-9.0-0.21"},{"rt":9595,"url":"../static/nodeGraphs.html","edge":"3to6","edgeRT":"7980","skip":"false","flipped":"False","index":"22","edgeClickLog":"[{\"edgeSelection\":\"3to6\",\"edgeRTMS\":7980}]","trial_id":"test_2","congruency":"I","task":"experiment","subjectId":"1t5lwo0o81tx33s","trial_type":"external-html","trial_index":30,"time_elapsed":684083,"internal_node_id":"0.0-9.0-0.22"},{"rt":13161,"url":"../static/nodeGraphs.html","edge":"1to5","edgeRT":"9458","skip":"false","flipped":"False","index":"23","edgeClickLog":"[{\"edgeSelection\":\"1to5\",\"edgeRTMS\":2578},{\"edgeSelection\":\"1to5\",\"edgeRTMS\":9458}]","trial_id":"test_3","congruency":"I","task":"experiment","subjectId":"1t5lwo0o81tx33s","trial_type":"external-html","trial_index":31,"time_elapsed":697843,"internal_node_id":"0.0-9.0-0.23"},{"rt":18645,"url":"../static/nodeGraphs.html","edge":"6to9","edgeRT":"17498","skip":"false","flipped":"False","index":"24","edgeClickLog":"[{\"edgeSelection\":\"6to9\",\"edgeRTMS\":17498}]","trial_id":"test_4","congruency":"I","task":"experiment","subjectId":"1t5lwo0o81tx33s","trial_type":"external-html","trial_index":32,"time_elapsed":717084,"internal_node_id":"0.0-9.0-0.24"},{"rt":58403,"response":{"P0_Q0":null,"P0_Q1":3,"P0_Q2":6,"P0_Q3":5,"P0_Q4":2,"P0_Q5":2,"strategies":"I tried to choose a segment that led to a higher amount","feedback":"none"},"accuracy":[],"trial_type":"survey","trial_index":33,"time_elapsed":776061,"internal_node_id":"0.0-10.0"},{"rt":2452,"stimulus":"<p>Thanks for your time!</p>        <p>We need to manually calculate your bonus pay, please give us up to 7 days.</p><p>Press any key to conclude.</p>","response":" ","task":"end","subjectId":"1t5lwo0o81tx33s","trial_type":"html-keyboard-response","trial_index":34,"time_elapsed":778517,"internal_node_id":"0.0-11.0","interactions":"[{\"event\":\"fullscreenenter\",\"trial\":1,\"time\":2506},{\"event\":\"blur\",\"trial\":31,\"time\":692643},{\"event\":\"focus\",\"trial\":31,\"time\":692643},{\"event\":\"fullscreenexit\",\"trial\":31,\"time\":692660}]"}]