[{"success":true,"timeout":false,"failed_images":[],"failed_audio":[],"failed_video":[],"trial_type":"preload","trial_index":0,"time_elapsed":595,"internal_node_id":"0.0-0.0"},{"success":true,"trial_type":"fullscreen","trial_index":1,"time_elapsed":4185,"internal_node_id":"0.0-1.0"},{"rt":2814,"stimulus":"Welcome to the experiment. Press any key to begin.","response":"j","trial_type":"html-keyboard-response","trial_index":2,"time_elapsed":7000,"internal_node_id":"0.0-2.0"},{"view_history":[{"page_index":0,"viewing_time":2379},{"page_index":1,"viewing_time":4477},{"page_index":2,"viewing_time":32363},{"page_index":3,"viewing_time":1470},{"page_index":4,"viewing_time":779},{"page_index":5,"viewing_time":1487},{"page_index":6,"viewing_time":1137},{"page_index":7,"viewing_time":11501},{"page_index":8,"viewing_time":11823},{"page_index":9,"viewing_time":5109},{"page_index":10,"viewing_time":909},{"page_index":11,"viewing_time":528},{"page_index":12,"viewing_time":373},{"page_index":13,"viewing_time":1749},{"page_index":14,"viewing_time":1687},{"page_index":15,"viewing_time":4087},{"page_index":16,"viewing_time":1097},{"page_index":17,"viewing_time":384},{"page_index":18,"viewing_time":490},{"page_index":19,"viewing_time":4025},{"page_index":20,"viewing_time":6160},{"page_index":21,"viewing_time":5436}],"rt":99449,"trial_type":"instructions","trial_index":3,"time_elapsed":106449,"internal_node_id":"0.0-3.0"},{"rt":60287,"url":"../static/nodeGraphsTraining.html","skip":[],"edgeClickLog":[],"trial_type":"external-html","trial_index":4,"time_elapsed":166896,"internal_node_id":"0.0-4.0"},{"rt":32343,"response":{"q1":"The goal is to help the student to get the most points","q2":"False","q3":"Possible paths you, as the teacher, can navigate.","q4":"Paths that the student took before."},"question_order":[0,1,2,3],"trial_type":"survey-multi-choice","trial_index":5,"time_elapsed":199242,"internal_node_id":"0.0-5.0"},{"rt":22173,"response":{"q1":"The goal is to help the student to get the most points","q2":"False","q3":"Possible paths you, as the teacher, can choose to teach the learner.","q4":"Paths that the student took before."},"question_order":[0,1,2,3],"trial_type":"survey-multi-choice","trial_index":6,"time_elapsed":221417,"internal_node_id":"0.0-6.0-0.0"},{"rt":5643,"stimulus":"<p>You can take a 60 second break before starting the experiment.</p><br><br><p>This page will advance in 60 seconds or you can press any key to advance now.</p>","response":"h","trial_type":"html-keyboard-response","trial_index":7,"time_elapsed":227063,"internal_node_id":"0.0-7.0"},{"view_history":[{"page_index":0,"viewing_time":22488}],"rt":22489,"trial_type":"instructions","trial_index":8,"time_elapsed":249552,"internal_node_id":"0.0-8.0"},{"rt":13913,"url":"../static/nodeGraphs.html","edge":"2to6","edgeRT":"12129","skip":"false","flipped":"True","index":"15","edgeClickLog":"[{\"edgeSelection\":\"2to6\",\"edgeRTMS\":9520},{\"edgeSelection\":\"0to2\",\"edgeRTMS\":10569},{\"edgeSelection\":\"3to5\",\"edgeRTMS\":11219},{\"edgeSelection\":\"2to6\",\"edgeRTMS\":12129}]","trial_id":"incong_5_flipped","congruency":"I","task":"experiment","subjectId":"v3zlmbrfbowmhdn","trial_type":"external-html","trial_index":9,"time_elapsed":263624,"internal_node_id":"0.0-9.0-0.0"},{"rt":9985,"url":"../static/nodeGraphs.html","edge":"4to7","edgeRT":"8896","skip":"false","flipped":"True","index":"11","edgeClickLog":"[{\"edgeSelection\":\"4to7\",\"edgeRTMS\":8896}]","trial_id":"incong_1_flipped","congruency":"I","task":"experiment","subjectId":"v3zlmbrfbowmhdn","trial_type":"external-html","trial_index":10,"time_elapsed":274264,"internal_node_id":"0.0-9.0-0.1"},{"rt":9997,"url":"../static/nodeGraphs.html","edge":"5to8","edgeRT":"8984","skip":"false","flipped":"True","index":"17","edgeClickLog":"[{\"edgeSelection\":\"5to8\",\"edgeRTMS\":8984}]","trial_id":"incong_7_flipped","congruency":"I","task":"experiment","subjectId":"v3zlmbrfbowmhdn","trial_type":"external-html","trial_index":11,"time_elapsed":284920,"internal_node_id":"0.0-9.0-0.2"},{"rt":5757,"url":"../static/nodeGraphs.html","edge":"0to1","edgeRT":"4064","skip":"false","flipped":"False","index":"6","edgeClickLog":"[{\"edgeSelection\":\"0to1\",\"edgeRTMS\":4064}]","trial_id":"incong_6","congruency":"I","task":"experiment","subjectId":"v3zlmbrfbowmhdn","trial_type":"external-html","trial_index":12,"time_elapsed":291337,"internal_node_id":"0.0-9.0-0.3"},{"rt":5873,"url":"../static/nodeGraphs.html","edge":"0to3","edgeRT":"3351","skip":"false","flipped":"True","index":"10","edgeClickLog":"[{\"edgeSelection\":\"0to3\",\"edgeRTMS\":3351}]","trial_id":"incong_0_flipped","congruency":"I","task":"experiment","subjectId":"v3zlmbrfbowmhdn","trial_type":"external-html","trial_index":13,"time_elapsed":297865,"internal_node_id":"0.0-9.0-0.4"},{"rt":14224,"url":"../static/nodeGraphs.html","edge":"1to5","edgeRT":"12056","skip":"false","flipped":"False","index":"9","edgeClickLog":"[{\"edgeSelection\":\"1to5\",\"edgeRTMS\":12056}]","trial_id":"incong_9","congruency":"I","task":"experiment","subjectId":"v3zlmbrfbowmhdn","trial_type":"external-html","trial_index":14,"time_elapsed":312736,"internal_node_id":"0.0-9.0-0.5"},{"rt":15101,"url":"../static/nodeGraphs.html","edge":"4to8","edgeRT":"10836","skip":"false","flipped":"False","index":"4","edgeClickLog":"[{\"edgeSelection\":\"4to8\",\"edgeRTMS\":10836}]","trial_id":"incong_4","congruency":"I","task":"experiment","subjectId":"v3zlmbrfbowmhdn","trial_type":"external-html","trial_index":15,"time_elapsed":328497,"internal_node_id":"0.0-9.0-0.6"},{"rt":6269,"url":"../static/nodeGraphs.html","edge":"0to2","edgeRT":"5324","skip":"false","flipped":"False","index":"8","edgeClickLog":"[{\"edgeSelection\":\"0to2\",\"edgeRTMS\":5324}]","trial_id":"incong_8","congruency":"I","task":"experiment","subjectId":"v3zlmbrfbowmhdn","trial_type":"external-html","trial_index":16,"time_elapsed":335433,"internal_node_id":"0.0-9.0-0.7"},{"rt":9795,"url":"../static/nodeGraphs.html","edge":"3to6","edgeRT":"8683","skip":"false","flipped":"False","index":"5","edgeClickLog":"[{\"edgeSelection\":\"3to6\",\"edgeRTMS\":8683}]","trial_id":"incong_5","congruency":"I","task":"experiment","subjectId":"v3zlmbrfbowmhdn","trial_type":"external-html","trial_index":17,"time_elapsed":345888,"internal_node_id":"0.0-9.0-0.8"},{"rt":10983,"url":"../static/nodeGraphs.html","edge":"6to9","edgeRT":"8061","skip":"false","flipped":"False","index":"1","edgeClickLog":"[{\"edgeSelection\":\"6to9\",\"edgeRTMS\":8061}]","trial_id":"incong_1","congruency":"I","task":"experiment","subjectId":"v3zlmbrfbowmhdn","trial_type":"external-html","trial_index":18,"time_elapsed":357520,"internal_node_id":"0.0-9.0-0.9"},{"rt":6016,"url":"../static/nodeGraphs.html","edge":"0to2","edgeRT":"4888","skip":"false","flipped":"True","index":"12","edgeClickLog":"[{\"edgeSelection\":\"0to2\",\"edgeRTMS\":4888}]","trial_id":"incong_2_flipped","congruency":"I","task":"experiment","subjectId":"v3zlmbrfbowmhdn","trial_type":"external-html","trial_index":19,"time_elapsed":364193,"internal_node_id":"0.0-9.0-0.10"},{"rt":7291,"url":"../static/nodeGraphs.html","edge":"0to2","edgeRT":"5923","skip":"false","flipped":"False","index":"2","edgeClickLog":"[{\"edgeSelection\":\"0to2\",\"edgeRTMS\":5923}]","trial_id":"incong_2","congruency":"I","task":"experiment","subjectId":"v3zlmbrfbowmhdn","trial_type":"external-html","trial_index":20,"time_elapsed":372135,"internal_node_id":"0.0-9.0-0.11"},{"rt":10976,"url":"../static/nodeGraphs.html","edge":"6to8","edgeRT":"10134","skip":"false","flipped":"True","index":"14","edgeClickLog":"[{\"edgeSelection\":\"6to8\",\"edgeRTMS\":10134}]","trial_id":"incong_4_flipped","congruency":"I","task":"experiment","subjectId":"v3zlmbrfbowmhdn","trial_type":"external-html","trial_index":21,"time_elapsed":383768,"internal_node_id":"0.0-9.0-0.12"},{"rt":6866,"url":"../static/nodeGraphs.html","edge":"0to2","edgeRT":"4888","skip":"false","flipped":"True","index":"13","edgeClickLog":"[{\"edgeSelection\":\"0to2\",\"edgeRTMS\":4888}]","trial_id":"incong_3_flipped","congruency":"I","task":"experiment","subjectId":"v3zlmbrfbowmhdn","trial_type":"external-html","trial_index":22,"time_elapsed":391288,"internal_node_id":"0.0-9.0-0.13"},{"rt":8438,"url":"../static/nodeGraphs.html","edge":"0to3","edgeRT":"6494","skip":"false","flipped":"True","index":"16","edgeClickLog":"[{\"edgeSelection\":\"0to3\",\"edgeRTMS\":6494}]","trial_id":"incong_6_flipped","congruency":"I","task":"experiment","subjectId":"v3zlmbrfbowmhdn","trial_type":"external-html","trial_index":23,"time_elapsed":400383,"internal_node_id":"0.0-9.0-0.14"},{"rt":4603,"url":"../static/nodeGraphs.html","edge":"0to2","edgeRT":"2850","skip":"false","flipped":"False","index":"7","edgeClickLog":"[{\"edgeSelection\":\"0to2\",\"edgeRTMS\":2850}]","trial_id":"incong_7","congruency":"I","task":"experiment","subjectId":"v3zlmbrfbowmhdn","trial_type":"external-html","trial_index":24,"time_elapsed":405640,"internal_node_id":"0.0-9.0-0.15"},{"rt":13642,"url":"../static/nodeGraphs.html","edge":"1to4","edgeRT":"10596","skip":"false","flipped":"False","index":"0","edgeClickLog":"[{\"edgeSelection\":\"1to4\",\"edgeRTMS\":10596}]","trial_id":"incong_0","congruency":"I","task":"experiment","subjectId":"v3zlmbrfbowmhdn","trial_type":"external-html","trial_index":25,"time_elapsed":419936,"internal_node_id":"0.0-9.0-0.16"},{"rt":5618,"url":"../static/nodeGraphs.html","edge":"0to3","edgeRT":"2621","skip":"false","flipped":"True","index":"18","edgeClickLog":"[{\"edgeSelection\":\"0to3\",\"edgeRTMS\":2621}]","trial_id":"incong_8_flipped","congruency":"I","task":"experiment","subjectId":"v3zlmbrfbowmhdn","trial_type":"external-html","trial_index":26,"time_elapsed":426207,"internal_node_id":"0.0-9.0-0.17"},{"rt":11231,"url":"../static/nodeGraphs.html","edge":"3to5","edgeRT":"9645","skip":"false","flipped":"True","index":"19","edgeClickLog":"[{\"edgeSelection\":\"3to5\",\"edgeRTMS\":9645}]","trial_id":"incong_9_flipped","congruency":"I","task":"experiment","subjectId":"v3zlmbrfbowmhdn","trial_type":"external-html","trial_index":27,"time_elapsed":438096,"internal_node_id":"0.0-9.0-0.18"},{"rt":5050,"url":"../static/nodeGraphs.html","edge":"0to2","edgeRT":"2311","skip":"false","flipped":"False","index":"3","edgeClickLog":"[{\"edgeSelection\":\"0to2\",\"edgeRTMS\":2311}]","trial_id":"incong_3","congruency":"I","task":"experiment","subjectId":"v3zlmbrfbowmhdn","trial_type":"external-html","trial_index":28,"time_elapsed":443801,"internal_node_id":"0.0-9.0-0.19"},{"rt":4797,"url":"../static/nodeGraphs.html","edge":"3to6","edgeRT":"2852","skip":"false","flipped":"False","index":"20","edgeClickLog":"[{\"edgeSelection\":\"3to6\",\"edgeRTMS\":2852}]","trial_id":"test_0","congruency":"I","task":"experiment","subjectId":"v3zlmbrfbowmhdn","trial_type":"external-html","trial_index":29,"time_elapsed":449256,"internal_node_id":"0.0-9.0-0.20"},{"rt":14355,"url":"../static/nodeGraphs.html","edge":"0to1","edgeRT":"13505","skip":"false","flipped":"False","index":"21","edgeClickLog":"[{\"edgeSelection\":\"0to1\",\"edgeRTMS\":13505}]","trial_id":"test_1","congruency":"I","task":"experiment","subjectId":"v3zlmbrfbowmhdn","trial_type":"external-html","trial_index":30,"time_elapsed":464280,"internal_node_id":"0.0-9.0-0.21"},{"rt":3965,"url":"../static/nodeGraphs.html","edge":"6to8","edgeRT":"3117","skip":"false","flipped":"False","index":"22","edgeClickLog":"[{\"edgeSelection\":\"6to8\",\"edgeRTMS\":3117}]","trial_id":"test_2","congruency":"I","task":"experiment","subjectId":"v3zlmbrfbowmhdn","trial_type":"external-html","trial_index":31,"time_elapsed":468896,"internal_node_id":"0.0-9.0-0.22"},{"rt":4233,"url":"../static/nodeGraphs.html","edge":"5to9","edgeRT":"3465","skip":"false","flipped":"False","index":"23","edgeClickLog":"[{\"edgeSelection\":\"5to9\",\"edgeRTMS\":3465}]","trial_id":"test_3","congruency":"I","task":"experiment","subjectId":"v3zlmbrfbowmhdn","trial_type":"external-html","trial_index":32,"time_elapsed":473784,"internal_node_id":"0.0-9.0-0.23"},{"rt":11926,"url":"../static/nodeGraphs.html","edge":"6to9","edgeRT":"10379","skip":"false","flipped":"False","index":"24","edgeClickLog":"[{\"edgeSelection\":\"6to9\",\"edgeRTMS\":10379}]","trial_id":"test_4","congruency":"I","task":"experiment","subjectId":"v3zlmbrfbowmhdn","trial_type":"external-html","trial_index":33,"time_elapsed":486368,"internal_node_id":"0.0-9.0-0.24"},{"rt":57585,"response":{"P0_Q0":null,"P0_Q1":3,"P0_Q2":5,"P0_Q3":5,"P0_Q4":4,"P0_Q5":3,"strategies":"get to more points as soon as possible","feedback":"no"},"accuracy":[],"trial_type":"survey","trial_index":34,"time_elapsed":544526,"internal_node_id":"0.0-10.0"},{"rt":2840,"stimulus":"<p>Thanks for your time!</p>        <p>We need to manually calculate your bonus pay, please give us up to 7 days.</p><p>Press any key to conclude.</p>","response":"f","task":"end","subjectId":"v3zlmbrfbowmhdn","trial_type":"html-keyboard-response","trial_index":35,"time_elapsed":547369,"internal_node_id":"0.0-11.0","interactions":"[{\"event\":\"fullscreenenter\",\"trial\":1,\"time\":3215},{\"event\":\"blur\",\"trial\":4,\"time\":115592},{\"event\":\"focus\",\"trial\":4,\"time\":115592},{\"event\":\"fullscreenexit\",\"trial\":4,\"time\":115601},{\"event\":\"blur\",\"trial\":30,\"time\":456775},{\"event\":\"focus\",\"trial\":30,\"time\":456775},{\"event\":\"blur\",\"trial\":34,\"time\":518581},{\"event\":\"focus\",\"trial\":34,\"time\":529138}]"}]