[{"success":true,"timeout":false,"failed_images":[],"failed_audio":[],"failed_video":[],"trial_type":"preload","trial_index":0,"time_elapsed":155,"internal_node_id":"0.0-0.0"},{"success":true,"trial_type":"fullscreen","trial_index":1,"time_elapsed":2939,"internal_node_id":"0.0-1.0"},{"rt":2897,"stimulus":"Welcome to the experiment. Press any key to begin.","response":" ","trial_type":"html-keyboard-response","trial_index":2,"time_elapsed":5837,"internal_node_id":"0.0-2.0"},{"view_history":[{"page_index":0,"viewing_time":3939},{"page_index":1,"viewing_time":5474},{"page_index":2,"viewing_time":35430},{"page_index":3,"viewing_time":7374},{"page_index":4,"viewing_time":2882},{"page_index":5,"viewing_time":4152},{"page_index":6,"viewing_time":7954},{"page_index":7,"viewing_time":20126},{"page_index":8,"viewing_time":19172},{"page_index":9,"viewing_time":23570},{"page_index":10,"viewing_time":1626},{"page_index":11,"viewing_time":506},{"page_index":12,"viewing_time":497},{"page_index":13,"viewing_time":2263},{"page_index":14,"viewing_time":7212},{"page_index":15,"viewing_time":7166},{"page_index":16,"viewing_time":1712},{"page_index":17,"viewing_time":527},{"page_index":18,"viewing_time":556},{"page_index":19,"viewing_time":4811},{"page_index":20,"viewing_time":8466},{"page_index":21,"viewing_time":4330}],"rt":169746,"trial_type":"instructions","trial_index":3,"time_elapsed":175582,"internal_node_id":"0.0-3.0"},{"rt":135113,"url":"../static/nodeGraphsTraining.html","skip":[],"edgeClickLog":[],"trial_type":"external-html","trial_index":4,"time_elapsed":310727,"internal_node_id":"0.0-4.0"},{"rt":52525,"response":{"q1":"The goal is to help the student to get the most points","q2":"False","q3":"Possible paths you, as the teacher, can choose to teach the learner.","q4":"Possible paths you, as the teacher, can choose to teach the learner."},"question_order":[0,1,2,3],"trial_type":"survey-multi-choice","trial_index":5,"time_elapsed":363254,"internal_node_id":"0.0-5.0"},{"rt":169467,"response":{"q1":"The goal is to help the student to get the most points","q2":"False","q3":"Possible paths you, as the teacher, can choose to teach the learner.","q4":"Paths that the student took before."},"question_order":[0,1,2,3],"trial_type":"survey-multi-choice","trial_index":6,"time_elapsed":532723,"internal_node_id":"0.0-6.0-0.0"},{"rt":6990,"stimulus":"<p>You can take a 60 second break before starting the experiment.</p><br><br><p>This page will advance in 60 seconds or you can press any key to advance now.</p>","response":"arrowright","trial_type":"html-keyboard-response","trial_index":7,"time_elapsed":539714,"internal_node_id":"0.0-7.0"},{"view_history":[{"page_index":0,"viewing_time":20725}],"rt":20725,"trial_type":"instructions","trial_index":8,"time_elapsed":560439,"internal_node_id":"0.0-8.0"},{"rt":16212,"url":"../static/nodeGraphs.html","edge":"3to6","edgeRT":"14368","skip":"false","flipped":"True","index":"10","edgeClickLog":"[{\"edgeSelection\":\"3to6\",\"edgeRTMS\":6395},{\"edgeSelection\":\"6to8\",\"edgeRTMS\":13042},{\"edgeSelection\":\"3to6\",\"edgeRTMS\":14368}]","trial_id":"cong_0_flipped","congruency":"C","task":"experiment","subjectId":"xc2amxbxvqlpgtm","trial_type":"external-html","trial_index":9,"time_elapsed":576712,"internal_node_id":"0.0-9.0-0.0"},{"rt":25231,"url":"../static/nodeGraphs.html","edge":"3to6","edgeRT":"22399","skip":"false","flipped":"True","index":"17","edgeClickLog":"[{\"edgeSelection\":\"3to6\",\"edgeRTMS\":22399}]","trial_id":"cong_7_flipped","congruency":"C","task":"experiment","subjectId":"xc2amxbxvqlpgtm","trial_type":"external-html","trial_index":10,"time_elapsed":602483,"internal_node_id":"0.0-9.0-0.1"},{"rt":24220,"url":"../static/nodeGraphs.html","edge":"5to8","edgeRT":"23275","skip":"false","flipped":"False","index":"9","edgeClickLog":"[{\"edgeSelection\":\"2to5\",\"edgeRTMS\":7354},{\"edgeSelection\":\"5to8\",\"edgeRTMS\":11959},{\"edgeSelection\":\"2to5\",\"edgeRTMS\":20413},{\"edgeSelection\":\"5to8\",\"edgeRTMS\":23275}]","trial_id":"cong_9","congruency":"C","task":"experiment","subjectId":"xc2amxbxvqlpgtm","trial_type":"external-html","trial_index":11,"time_elapsed":627234,"internal_node_id":"0.0-9.0-0.2"},{"rt":15116,"url":"../static/nodeGraphs.html","edge":"2to6","edgeRT":"8269","skip":"false","flipped":"False","index":"1","edgeClickLog":"[{\"edgeSelection\":\"2to6\",\"edgeRTMS\":8269}]","trial_id":"cong_1","congruency":"C","task":"experiment","subjectId":"xc2amxbxvqlpgtm","trial_type":"external-html","trial_index":12,"time_elapsed":642881,"internal_node_id":"0.0-9.0-0.3"},{"rt":8730,"url":"../static/nodeGraphs.html","edge":"2to5","edgeRT":"5208","skip":"false","flipped":"True","index":"19","edgeClickLog":"[{\"edgeSelection\":\"2to5\",\"edgeRTMS\":5208}]","trial_id":"cong_9_flipped","congruency":"C","task":"experiment","subjectId":"xc2amxbxvqlpgtm","trial_type":"external-html","trial_index":13,"time_elapsed":652144,"internal_node_id":"0.0-9.0-0.4"},{"rt":11574,"url":"../static/nodeGraphs.html","edge":"3to6","edgeRT":"5657","skip":"false","flipped":"True","index":"18","edgeClickLog":"[{\"edgeSelection\":\"3to6\",\"edgeRTMS\":5657}]","trial_id":"cong_8_flipped","congruency":"C","task":"experiment","subjectId":"xc2amxbxvqlpgtm","trial_type":"external-html","trial_index":14,"time_elapsed":664262,"internal_node_id":"0.0-9.0-0.5"},{"rt":22221,"url":"../static/nodeGraphs.html","edge":"1to5","edgeRT":"19708","skip":"false","flipped":"False","index":"3","edgeClickLog":"[{\"edgeSelection\":\"1to5\",\"edgeRTMS\":19708}]","trial_id":"cong_3","congruency":"C","task":"experiment","subjectId":"xc2amxbxvqlpgtm","trial_type":"external-html","trial_index":15,"time_elapsed":687017,"internal_node_id":"0.0-9.0-0.6"},{"rt":15937,"url":"../static/nodeGraphs.html","edge":"1to4","edgeRT":"8716","skip":"false","flipped":"False","index":"5","edgeClickLog":"[{\"edgeSelection\":\"1to4\",\"edgeRTMS\":8716}]","trial_id":"cong_5","congruency":"C","task":"experiment","subjectId":"xc2amxbxvqlpgtm","trial_type":"external-html","trial_index":16,"time_elapsed":703487,"internal_node_id":"0.0-9.0-0.7"},{"rt":13046,"url":"../static/nodeGraphs.html","edge":"2to5","edgeRT":"7828","skip":"false","flipped":"True","index":"16","edgeClickLog":"[{\"edgeSelection\":\"2to5\",\"edgeRTMS\":7828}]","trial_id":"cong_6_flipped","congruency":"C","task":"experiment","subjectId":"xc2amxbxvqlpgtm","trial_type":"external-html","trial_index":17,"time_elapsed":717067,"internal_node_id":"0.0-9.0-0.8"},{"rt":12723,"url":"../static/nodeGraphs.html","edge":"1to5","edgeRT":"9840","skip":"false","flipped":"True","index":"13","edgeClickLog":"[{\"edgeSelection\":\"1to5\",\"edgeRTMS\":9840}]","trial_id":"cong_3_flipped","congruency":"C","task":"experiment","subjectId":"xc2amxbxvqlpgtm","trial_type":"external-html","trial_index":18,"time_elapsed":730322,"internal_node_id":"0.0-9.0-0.9"},{"rt":7810,"url":"../static/nodeGraphs.html","edge":"2to4","edgeRT":"4706","skip":"false","flipped":"True","index":"11","edgeClickLog":"[{\"edgeSelection\":\"2to4\",\"edgeRTMS\":4706}]","trial_id":"cong_1_flipped","congruency":"C","task":"experiment","subjectId":"xc2amxbxvqlpgtm","trial_type":"external-html","trial_index":19,"time_elapsed":738665,"internal_node_id":"0.0-9.0-0.10"},{"rt":6139,"url":"../static/nodeGraphs.html","edge":"2to6","edgeRT":"3729","skip":"false","flipped":"True","index":"14","edgeClickLog":"[{\"edgeSelection\":\"2to6\",\"edgeRTMS\":3729}]","trial_id":"cong_4_flipped","congruency":"C","task":"experiment","subjectId":"xc2amxbxvqlpgtm","trial_type":"external-html","trial_index":20,"time_elapsed":745337,"internal_node_id":"0.0-9.0-0.11"},{"rt":14724,"url":"../static/nodeGraphs.html","edge":"5to7","edgeRT":"10409","skip":"false","flipped":"True","index":"12","edgeClickLog":"[{\"edgeSelection\":\"5to7\",\"edgeRTMS\":10409}]","trial_id":"cong_2_flipped","congruency":"C","task":"experiment","subjectId":"xc2amxbxvqlpgtm","trial_type":"external-html","trial_index":21,"time_elapsed":760593,"internal_node_id":"0.0-9.0-0.12"},{"rt":11416,"url":"../static/nodeGraphs.html","edge":"1to4","edgeRT":"8863","skip":"false","flipped":"False","index":"8","edgeClickLog":"[{\"edgeSelection\":\"1to4\",\"edgeRTMS\":8863}]","trial_id":"cong_8","congruency":"C","task":"experiment","subjectId":"xc2amxbxvqlpgtm","trial_type":"external-html","trial_index":22,"time_elapsed":772541,"internal_node_id":"0.0-9.0-0.13"},{"rt":28986,"url":"../static/nodeGraphs.html","edge":"6to9","edgeRT":"28228","skip":"false","flipped":"False","index":"2","edgeClickLog":"[{\"edgeSelection\":\"4to8\",\"edgeRTMS\":5456},{\"edgeSelection\":\"4to8\",\"edgeRTMS\":6728},{\"edgeSelection\":\"4to8\",\"edgeRTMS\":8178},{\"edgeSelection\":\"2to6\",\"edgeRTMS\":16829},{\"edgeSelection\":\"6to9\",\"edgeRTMS\":22068},{\"edgeSelection\":\"2to6\",\"edgeRTMS\":24199},{\"edgeSelection\":\"6to9\",\"edgeRTMS\":28228}]","trial_id":"cong_2","congruency":"C","task":"experiment","subjectId":"xc2amxbxvqlpgtm","trial_type":"external-html","trial_index":23,"time_elapsed":802058,"internal_node_id":"0.0-9.0-0.14"},{"rt":9937,"url":"../static/nodeGraphs.html","edge":"0to3","edgeRT":"5716","skip":"false","flipped":"True","index":"15","edgeClickLog":"[{\"edgeSelection\":\"0to3\",\"edgeRTMS\":5716}]","trial_id":"cong_5_flipped","congruency":"C","task":"experiment","subjectId":"xc2amxbxvqlpgtm","trial_type":"external-html","trial_index":24,"time_elapsed":812528,"internal_node_id":"0.0-9.0-0.15"},{"rt":8791,"url":"../static/nodeGraphs.html","edge":"2to4","edgeRT":"6422","skip":"false","flipped":"False","index":"7","edgeClickLog":"[{\"edgeSelection\":\"2to4\",\"edgeRTMS\":6422}]","trial_id":"cong_7","congruency":"C","task":"experiment","subjectId":"xc2amxbxvqlpgtm","trial_type":"external-html","trial_index":25,"time_elapsed":821852,"internal_node_id":"0.0-9.0-0.16"},{"rt":5478,"url":"../static/nodeGraphs.html","edge":"2to4","edgeRT":"3606","skip":"false","flipped":"False","index":"4","edgeClickLog":"[{\"edgeSelection\":\"2to4\",\"edgeRTMS\":3606}]","trial_id":"cong_4","congruency":"C","task":"experiment","subjectId":"xc2amxbxvqlpgtm","trial_type":"external-html","trial_index":26,"time_elapsed":827862,"internal_node_id":"0.0-9.0-0.17"},{"rt":4543,"url":"../static/nodeGraphs.html","edge":"1to4","edgeRT":"2443","skip":"false","flipped":"False","index":"0","edgeClickLog":"[{\"edgeSelection\":\"1to4\",\"edgeRTMS\":2443}]","trial_id":"cong_0","congruency":"C","task":"experiment","subjectId":"xc2amxbxvqlpgtm","trial_type":"external-html","trial_index":27,"time_elapsed":832937,"internal_node_id":"0.0-9.0-0.18"},{"rt":3405,"url":"../static/nodeGraphs.html","edge":"2to5","edgeRT":"2027","skip":"false","flipped":"False","index":"6","edgeClickLog":"[{\"edgeSelection\":\"2to5\",\"edgeRTMS\":2027}]","trial_id":"cong_6","congruency":"C","task":"experiment","subjectId":"xc2amxbxvqlpgtm","trial_type":"external-html","trial_index":28,"time_elapsed":836874,"internal_node_id":"0.0-9.0-0.19"},{"rt":8281,"url":"../static/nodeGraphs.html","edge":"3to6","edgeRT":"3277","skip":"false","flipped":"False","index":"20","edgeClickLog":"[{\"edgeSelection\":\"3to6\",\"edgeRTMS\":3277}]","trial_id":"test_0","congruency":"I","task":"experiment","subjectId":"xc2amxbxvqlpgtm","trial_type":"external-html","trial_index":29,"time_elapsed":845686,"internal_node_id":"0.0-9.0-0.20"},{"rt":4485,"url":"../static/nodeGraphs.html","edge":"0to3","edgeRT":"3336","skip":"false","flipped":"False","index":"21","edgeClickLog":"[{\"edgeSelection\":\"0to3\",\"edgeRTMS\":3336}]","trial_id":"test_1","congruency":"I","task":"experiment","subjectId":"xc2amxbxvqlpgtm","trial_type":"external-html","trial_index":30,"time_elapsed":850704,"internal_node_id":"0.0-9.0-0.21"},{"rt":5239,"url":"../static/nodeGraphs.html","edge":"0to3","edgeRT":"3210","skip":"false","flipped":"False","index":"22","edgeClickLog":"[{\"edgeSelection\":\"0to3\",\"edgeRTMS\":3210}]","trial_id":"test_2","congruency":"I","task":"experiment","subjectId":"xc2amxbxvqlpgtm","trial_type":"external-html","trial_index":31,"time_elapsed":856489,"internal_node_id":"0.0-9.0-0.22"},{"rt":3515,"url":"../static/nodeGraphs.html","edge":"0to1","edgeRT":"2023","skip":"false","flipped":"False","index":"23","edgeClickLog":"[{\"edgeSelection\":\"0to1\",\"edgeRTMS\":2023}]","trial_id":"test_3","congruency":"I","task":"experiment","subjectId":"xc2amxbxvqlpgtm","trial_type":"external-html","trial_index":32,"time_elapsed":860536,"internal_node_id":"0.0-9.0-0.23"},{"rt":23646,"url":"../static/nodeGraphs.html","edge":"3to6","edgeRT":"22682","skip":"false","flipped":"False","index":"24","edgeClickLog":"[{\"edgeSelection\":\"4to7\",\"edgeRTMS\":13000},{\"edgeSelection\":\"4to7\",\"edgeRTMS\":13583},{\"edgeSelection\":\"3to6\",\"edgeRTMS\":22682}]","trial_id":"test_4","congruency":"I","task":"experiment","subjectId":"xc2amxbxvqlpgtm","trial_type":"external-html","trial_index":33,"time_elapsed":884714,"internal_node_id":"0.0-9.0-0.24"},{"rt":86130,"response":{"P0_Q0":null,"P0_Q1":4,"P0_Q2":3,"P0_Q3":5,"P0_Q4":5,"P0_Q5":6,"strategies":"I tried to always give access to a +3 whenever possible","feedback":"The instructions were clear, but when the game started I felt like I wasn't sure if I should give access to the end move or the first move. Something felt like it wasn't explained (or I just didn't get it) despite passing the comprehension test."},"accuracy":[],"trial_type":"survey","trial_index":34,"time_elapsed":971388,"internal_node_id":"0.0-10.0"},{"rt":6519,"stimulus":"<p>Thanks for your time!</p>        <p>We need to manually calculate your bonus pay, please give us up to 7 days.</p><p>Press any key to conclude.</p>","response":"enter","task":"end","subjectId":"xc2amxbxvqlpgtm","trial_type":"html-keyboard-response","trial_index":35,"time_elapsed":977908,"internal_node_id":"0.0-11.0","interactions":"[{\"event\":\"fullscreenenter\",\"trial\":1,\"time\":1947},{\"event\":\"blur\",\"trial\":4,\"time\":193490},{\"event\":\"focus\",\"trial\":4,\"time\":193490},{\"event\":\"fullscreenexit\",\"trial\":4,\"time\":193493}]"}]