[{"success":true,"timeout":false,"failed_images":[],"failed_audio":[],"failed_video":[],"trial_type":"preload","trial_index":0,"time_elapsed":474,"internal_node_id":"0.0-0.0"},{"success":true,"trial_type":"fullscreen","trial_index":1,"time_elapsed":4992,"internal_node_id":"0.0-1.0"},{"rt":2280,"stimulus":"Welcome to the experiment. Press any key to begin.","response":"l","trial_type":"html-keyboard-response","trial_index":2,"time_elapsed":7277,"internal_node_id":"0.0-2.0"},{"view_history":[{"page_index":0,"viewing_time":56378},{"page_index":1,"viewing_time":7051},{"page_index":2,"viewing_time":39953},{"page_index":3,"viewing_time":8851},{"page_index":4,"viewing_time":2968},{"page_index":5,"viewing_time":2579},{"page_index":6,"viewing_time":6390},{"page_index":7,"viewing_time":13898},{"page_index":8,"viewing_time":21290},{"page_index":9,"viewing_time":11155},{"page_index":10,"viewing_time":4289},{"page_index":11,"viewing_time":1974},{"page_index":12,"viewing_time":1297},{"page_index":13,"viewing_time":1576},{"page_index":14,"viewing_time":3284},{"page_index":15,"viewing_time":13536},{"page_index":16,"viewing_time":2564},{"page_index":17,"viewing_time":1371},{"page_index":18,"viewing_time":2282},{"page_index":19,"viewing_time":6440},{"page_index":20,"viewing_time":8838},{"page_index":21,"viewing_time":4956}],"rt":222920,"trial_type":"instructions","trial_index":3,"time_elapsed":230200,"internal_node_id":"0.0-3.0"},{"rt":125114,"url":"../static/nodeGraphsTraining.html","skip":[],"edgeClickLog":[],"trial_type":"external-html","trial_index":4,"time_elapsed":355431,"internal_node_id":"0.0-4.0"},{"rt":48132,"response":{"q1":"The goal is to help the student to get the most points","q2":"False","q3":"Possible paths you, as the teacher, can choose to teach the learner.","q4":"Possible paths you, as the teacher, can navigate."},"question_order":[0,1,2,3],"trial_type":"survey-multi-choice","trial_index":5,"time_elapsed":403566,"internal_node_id":"0.0-5.0"},{"rt":27579,"response":{"q1":"The goal is to help the student to get the most points","q2":"False","q3":"Possible paths you, as the teacher, can choose to teach the learner.","q4":"Paths that the student took before."},"question_order":[0,1,2,3],"trial_type":"survey-multi-choice","trial_index":6,"time_elapsed":431151,"internal_node_id":"0.0-6.0-0.0"},{"rt":12125,"stimulus":"<p>You can take a 60 second break before starting the experiment.</p><br><br><p>This page will advance in 60 seconds or you can press any key to advance now.</p>","response":"m","trial_type":"html-keyboard-response","trial_index":7,"time_elapsed":443280,"internal_node_id":"0.0-7.0"},{"view_history":[{"page_index":0,"viewing_time":26772}],"rt":26772,"trial_type":"instructions","trial_index":8,"time_elapsed":470052,"internal_node_id":"0.0-8.0"},{"rt":11451,"url":"../static/nodeGraphs.html","edge":"2to6","edgeRT":"6651","skip":"false","flipped":"True","index":"11","edgeClickLog":"[{\"edgeSelection\":\"3to5\",\"edgeRTMS\":5723},{\"edgeSelection\":\"2to6\",\"edgeRTMS\":6651}]","trial_id":"incong_1_flipped","congruency":"I","task":"experiment","subjectId":"h6mlpd713x42oag","trial_type":"external-html","trial_index":9,"time_elapsed":481576,"internal_node_id":"0.0-9.0-0.0"},{"rt":8017,"url":"../static/nodeGraphs.html","edge":"1to5","edgeRT":"5302","skip":"false","flipped":"False","index":"8","edgeClickLog":"[{\"edgeSelection\":\"1to5\",\"edgeRTMS\":5302}]","trial_id":"incong_8","congruency":"I","task":"experiment","subjectId":"h6mlpd713x42oag","trial_type":"external-html","trial_index":10,"time_elapsed":490135,"internal_node_id":"0.0-9.0-0.1"},{"rt":9910,"url":"../static/nodeGraphs.html","edge":"5to7","edgeRT":"8647","skip":"false","flipped":"True","index":"19","edgeClickLog":"[{\"edgeSelection\":\"5to7\",\"edgeRTMS\":8647}]","trial_id":"incong_9_flipped","congruency":"I","task":"experiment","subjectId":"h6mlpd713x42oag","trial_type":"external-html","trial_index":11,"time_elapsed":500596,"internal_node_id":"0.0-9.0-0.2"},{"rt":6630,"url":"../static/nodeGraphs.html","edge":"6to8","edgeRT":"5065","skip":"false","flipped":"True","index":"10","edgeClickLog":"[{\"edgeSelection\":\"6to8\",\"edgeRTMS\":5065}]","trial_id":"incong_0_flipped","congruency":"I","task":"experiment","subjectId":"h6mlpd713x42oag","trial_type":"external-html","trial_index":12,"time_elapsed":507779,"internal_node_id":"0.0-9.0-0.3"},{"rt":5295,"url":"../static/nodeGraphs.html","edge":"5to9","edgeRT":"4207","skip":"false","flipped":"False","index":"9","edgeClickLog":"[{\"edgeSelection\":\"5to9\",\"edgeRTMS\":3408},{\"edgeSelection\":\"5to9\",\"edgeRTMS\":4207}]","trial_id":"incong_9","congruency":"I","task":"experiment","subjectId":"h6mlpd713x42oag","trial_type":"external-html","trial_index":13,"time_elapsed":513671,"internal_node_id":"0.0-9.0-0.4"},{"rt":7573,"url":"../static/nodeGraphs.html","edge":"5to9","edgeRT":"4500","skip":"false","flipped":"False","index":"4","edgeClickLog":"[{\"edgeSelection\":\"5to9\",\"edgeRTMS\":4500}]","trial_id":"incong_4","congruency":"I","task":"experiment","subjectId":"h6mlpd713x42oag","trial_type":"external-html","trial_index":14,"time_elapsed":521791,"internal_node_id":"0.0-9.0-0.5"},{"rt":3248,"url":"../static/nodeGraphs.html","edge":"6to8","edgeRT":"2334","skip":"false","flipped":"True","index":"12","edgeClickLog":"[{\"edgeSelection\":\"6to8\",\"edgeRTMS\":2334}]","trial_id":"incong_2_flipped","congruency":"I","task":"experiment","subjectId":"h6mlpd713x42oag","trial_type":"external-html","trial_index":15,"time_elapsed":525586,"internal_node_id":"0.0-9.0-0.6"},{"rt":3012,"url":"../static/nodeGraphs.html","edge":"4to8","edgeRT":"1984","skip":"false","flipped":"False","index":"2","edgeClickLog":"[{\"edgeSelection\":\"4to8\",\"edgeRTMS\":1984}]","trial_id":"incong_2","congruency":"I","task":"experiment","subjectId":"h6mlpd713x42oag","trial_type":"external-html","trial_index":16,"time_elapsed":529151,"internal_node_id":"0.0-9.0-0.7"},{"rt":4341,"url":"../static/nodeGraphs.html","edge":"2to4","edgeRT":"2181","skip":"false","flipped":"True","index":"13","edgeClickLog":"[{\"edgeSelection\":\"2to4\",\"edgeRTMS\":2181}]","trial_id":"incong_3_flipped","congruency":"I","task":"experiment","subjectId":"h6mlpd713x42oag","trial_type":"external-html","trial_index":17,"time_elapsed":534040,"internal_node_id":"0.0-9.0-0.8"},{"rt":2954,"url":"../static/nodeGraphs.html","edge":"4to8","edgeRT":"1997","skip":"false","flipped":"False","index":"6","edgeClickLog":"[{\"edgeSelection\":\"4to8\",\"edgeRTMS\":1997}]","trial_id":"incong_6","congruency":"I","task":"experiment","subjectId":"h6mlpd713x42oag","trial_type":"external-html","trial_index":18,"time_elapsed":537538,"internal_node_id":"0.0-9.0-0.9"},{"rt":3239,"url":"../static/nodeGraphs.html","edge":"4to8","edgeRT":"1680","skip":"false","flipped":"False","index":"0","edgeClickLog":"[{\"edgeSelection\":\"4to8\",\"edgeRTMS\":1680}]","trial_id":"incong_0","congruency":"I","task":"experiment","subjectId":"h6mlpd713x42oag","trial_type":"external-html","trial_index":19,"time_elapsed":541336,"internal_node_id":"0.0-9.0-0.10"},{"rt":3773,"url":"../static/nodeGraphs.html","edge":"6to8","edgeRT":"2294","skip":"false","flipped":"True","index":"15","edgeClickLog":"[{\"edgeSelection\":\"6to8\",\"edgeRTMS\":2294}]","trial_id":"incong_5_flipped","congruency":"I","task":"experiment","subjectId":"h6mlpd713x42oag","trial_type":"external-html","trial_index":20,"time_elapsed":545657,"internal_node_id":"0.0-9.0-0.11"},{"rt":5038,"url":"../static/nodeGraphs.html","edge":"2to4","edgeRT":"2744","skip":"false","flipped":"False","index":"1","edgeClickLog":"[{\"edgeSelection\":\"2to4\",\"edgeRTMS\":2744}]","trial_id":"incong_1","congruency":"I","task":"experiment","subjectId":"h6mlpd713x42oag","trial_type":"external-html","trial_index":21,"time_elapsed":551238,"internal_node_id":"0.0-9.0-0.12"},{"rt":3473,"url":"../static/nodeGraphs.html","edge":"6to8","edgeRT":"2652","skip":"false","flipped":"True","index":"16","edgeClickLog":"[{\"edgeSelection\":\"6to8\",\"edgeRTMS\":2652}]","trial_id":"incong_6_flipped","congruency":"I","task":"experiment","subjectId":"h6mlpd713x42oag","trial_type":"external-html","trial_index":22,"time_elapsed":555430,"internal_node_id":"0.0-9.0-0.13"},{"rt":2512,"url":"../static/nodeGraphs.html","edge":"3to5","edgeRT":"1562","skip":"false","flipped":"True","index":"18","edgeClickLog":"[{\"edgeSelection\":\"3to5\",\"edgeRTMS\":1562}]","trial_id":"incong_8_flipped","congruency":"I","task":"experiment","subjectId":"h6mlpd713x42oag","trial_type":"external-html","trial_index":23,"time_elapsed":558502,"internal_node_id":"0.0-9.0-0.14"},{"rt":4322,"url":"../static/nodeGraphs.html","edge":"4to8","edgeRT":"3198","skip":"false","flipped":"False","index":"5","edgeClickLog":"[{\"edgeSelection\":\"4to8\",\"edgeRTMS\":3198}]","trial_id":"incong_5","congruency":"I","task":"experiment","subjectId":"h6mlpd713x42oag","trial_type":"external-html","trial_index":24,"time_elapsed":563374,"internal_node_id":"0.0-9.0-0.15"},{"rt":2450,"url":"../static/nodeGraphs.html","edge":"2to6","edgeRT":"1368","skip":"false","flipped":"False","index":"3","edgeClickLog":"[{\"edgeSelection\":\"2to6\",\"edgeRTMS\":1368}]","trial_id":"incong_3","congruency":"I","task":"experiment","subjectId":"h6mlpd713x42oag","trial_type":"external-html","trial_index":25,"time_elapsed":566411,"internal_node_id":"0.0-9.0-0.16"},{"rt":4753,"url":"../static/nodeGraphs.html","edge":"1to5","edgeRT":"3564","skip":"false","flipped":"True","index":"14","edgeClickLog":"[{\"edgeSelection\":\"1to5\",\"edgeRTMS\":3564}]","trial_id":"incong_4_flipped","congruency":"I","task":"experiment","subjectId":"h6mlpd713x42oag","trial_type":"external-html","trial_index":26,"time_elapsed":571712,"internal_node_id":"0.0-9.0-0.17"},{"rt":5425,"url":"../static/nodeGraphs.html","edge":"4to8","edgeRT":"4536","skip":"false","flipped":"True","index":"17","edgeClickLog":"[{\"edgeSelection\":\"4to8\",\"edgeRTMS\":4536}]","trial_id":"incong_7_flipped","congruency":"I","task":"experiment","subjectId":"h6mlpd713x42oag","trial_type":"external-html","trial_index":27,"time_elapsed":577698,"internal_node_id":"0.0-9.0-0.18"},{"rt":2985,"url":"../static/nodeGraphs.html","edge":"6to8","edgeRT":"2181","skip":"false","flipped":"False","index":"7","edgeClickLog":"[{\"edgeSelection\":\"6to8\",\"edgeRTMS\":2181}]","trial_id":"incong_7","congruency":"I","task":"experiment","subjectId":"h6mlpd713x42oag","trial_type":"external-html","trial_index":28,"time_elapsed":581361,"internal_node_id":"0.0-9.0-0.19"},{"rt":2297,"url":"../static/nodeGraphs.html","edge":"6to8","edgeRT":"1522","skip":"false","flipped":"False","index":"20","edgeClickLog":"[{\"edgeSelection\":\"6to8\",\"edgeRTMS\":1522}]","trial_id":"test_0","congruency":"I","task":"experiment","subjectId":"h6mlpd713x42oag","trial_type":"external-html","trial_index":29,"time_elapsed":584214,"internal_node_id":"0.0-9.0-0.20"},{"rt":6588,"url":"../static/nodeGraphs.html","edge":"1to4","edgeRT":"5156","skip":"false","flipped":"False","index":"21","edgeClickLog":"[{\"edgeSelection\":\"1to4\",\"edgeRTMS\":5156}]","trial_id":"test_1","congruency":"I","task":"experiment","subjectId":"h6mlpd713x42oag","trial_type":"external-html","trial_index":30,"time_elapsed":591355,"internal_node_id":"0.0-9.0-0.21"},{"rt":4286,"url":"../static/nodeGraphs.html","edge":"3to6","edgeRT":"2368","skip":"false","flipped":"False","index":"22","edgeClickLog":"[{\"edgeSelection\":\"3to6\",\"edgeRTMS\":2368}]","trial_id":"test_2","congruency":"I","task":"experiment","subjectId":"h6mlpd713x42oag","trial_type":"external-html","trial_index":31,"time_elapsed":596190,"internal_node_id":"0.0-9.0-0.22"},{"rt":2507,"url":"../static/nodeGraphs.html","edge":"1to5","edgeRT":"1604","skip":"false","flipped":"False","index":"23","edgeClickLog":"[{\"edgeSelection\":\"1to5\",\"edgeRTMS\":1604}]","trial_id":"test_3","congruency":"I","task":"experiment","subjectId":"h6mlpd713x42oag","trial_type":"external-html","trial_index":32,"time_elapsed":599243,"internal_node_id":"0.0-9.0-0.23"},{"rt":3891,"url":"../static/nodeGraphs.html","edge":"6to9","edgeRT":"2117","skip":"false","flipped":"False","index":"24","edgeClickLog":"[{\"edgeSelection\":\"6to9\",\"edgeRTMS\":2117}]","trial_id":"test_4","congruency":"I","task":"experiment","subjectId":"h6mlpd713x42oag","trial_type":"external-html","trial_index":33,"time_elapsed":603693,"internal_node_id":"0.0-9.0-0.24"},{"rt":56519,"response":{"P0_Q0":null,"P0_Q1":3,"P0_Q2":6,"P0_Q3":6,"P0_Q4":3,"P0_Q5":2,"strategies":"most points connected by my line","feedback":"was great thanks"},"accuracy":[],"trial_type":"survey","trial_index":34,"time_elapsed":660775,"internal_node_id":"0.0-10.0"},{"rt":5461,"stimulus":"<p>Thanks for your time!</p>        <p>We need to manually calculate your bonus pay, please give us up to 7 days.</p><p>Press any key to conclude.</p>","response":"k","task":"end","subjectId":"h6mlpd713x42oag","trial_type":"html-keyboard-response","trial_index":35,"time_elapsed":666237,"internal_node_id":"0.0-11.0","interactions":"[{\"event\":\"fullscreenenter\",\"trial\":1,\"time\":4239},{\"event\":\"blur\",\"trial\":4,\"time\":272092},{\"event\":\"focus\",\"trial\":4,\"time\":272092}]"}]