[{"success":true,"timeout":false,"failed_images":[],"failed_audio":[],"failed_video":[],"trial_type":"preload","trial_index":0,"time_elapsed":227,"internal_node_id":"0.0-0.0"},{"success":true,"trial_type":"fullscreen","trial_index":1,"time_elapsed":2397,"internal_node_id":"0.0-1.0"},{"rt":1603,"stimulus":"Welcome to the experiment. Press any key to begin.","response":"enter","trial_type":"html-keyboard-response","trial_index":2,"time_elapsed":4003,"internal_node_id":"0.0-2.0"},{"view_history":[{"page_index":0,"viewing_time":2112},{"page_index":1,"viewing_time":3572},{"page_index":2,"viewing_time":9815},{"page_index":3,"viewing_time":14807},{"page_index":2,"viewing_time":2375},{"page_index":3,"viewing_time":808},{"page_index":2,"viewing_time":2889},{"page_index":3,"viewing_time":616},{"page_index":4,"viewing_time":640},{"page_index":5,"viewing_time":423},{"page_index":6,"viewing_time":608},{"page_index":7,"viewing_time":6296},{"page_index":8,"viewing_time":7291},{"page_index":9,"viewing_time":6510},{"page_index":10,"viewing_time":575},{"page_index":11,"viewing_time":329},{"page_index":12,"viewing_time":240},{"page_index":13,"viewing_time":239},{"page_index":14,"viewing_time":2168},{"page_index":15,"viewing_time":3146},{"page_index":16,"viewing_time":1310},{"page_index":17,"viewing_time":464},{"page_index":18,"viewing_time":537},{"page_index":19,"viewing_time":2087},{"page_index":20,"viewing_time":4448},{"page_index":21,"viewing_time":2257}],"rt":76562,"trial_type":"instructions","trial_index":3,"time_elapsed":80566,"internal_node_id":"0.0-3.0"},{"rt":35234,"url":"../static/nodeGraphsTraining.html","skip":[],"edgeClickLog":[],"trial_type":"external-html","trial_index":4,"time_elapsed":115969,"internal_node_id":"0.0-4.0"},{"rt":11657,"response":{"q1":"The goal is to help the student to get the most points","q2":"False","q3":"Possible paths you, as the teacher, can choose to teach the learner.","q4":"Paths that the student took before."},"question_order":[0,1,2,3],"trial_type":"survey-multi-choice","trial_index":5,"time_elapsed":127628,"internal_node_id":"0.0-5.0"},{"rt":3679,"stimulus":"<p>You can take a 60 second break before starting the experiment.</p><br><br><p>This page will advance in 60 seconds or you can press any key to advance now.</p>","response":"enter","trial_type":"html-keyboard-response","trial_index":6,"time_elapsed":131307,"internal_node_id":"0.0-7.0"},{"view_history":[{"page_index":0,"viewing_time":7293}],"rt":7293,"trial_type":"instructions","trial_index":7,"time_elapsed":138600,"internal_node_id":"0.0-8.0"},{"rt":7129,"url":"../static/nodeGraphs.html","edge":"2to5","edgeRT":"4185","skip":"false","flipped":"True","index":"19","edgeClickLog":"[{\"edgeSelection\":\"2to5\",\"edgeRTMS\":4185}]","trial_id":"cong_9_flipped","congruency":"C","task":"experiment","subjectId":"qnhx6oe2buxxwf2","trial_type":"external-html","trial_index":8,"time_elapsed":145876,"internal_node_id":"0.0-9.0-0.0"},{"rt":8624,"url":"../static/nodeGraphs.html","edge":"5to7","edgeRT":"6683","skip":"false","flipped":"True","index":"12","edgeClickLog":"[{\"edgeSelection\":\"5to7\",\"edgeRTMS\":6683}]","trial_id":"cong_2_flipped","congruency":"C","task":"experiment","subjectId":"qnhx6oe2buxxwf2","trial_type":"external-html","trial_index":9,"time_elapsed":155183,"internal_node_id":"0.0-9.0-0.1"},{"rt":5736,"url":"../static/nodeGraphs.html","edge":"5to9","edgeRT":"4435","skip":"false","flipped":"False","index":"2","edgeClickLog":"[{\"edgeSelection\":\"5to9\",\"edgeRTMS\":4435}]","trial_id":"cong_2","congruency":"C","task":"experiment","subjectId":"qnhx6oe2buxxwf2","trial_type":"external-html","trial_index":10,"time_elapsed":161574,"internal_node_id":"0.0-9.0-0.2"},{"rt":4671,"url":"../static/nodeGraphs.html","edge":"0to3","edgeRT":"2900","skip":"false","flipped":"True","index":"15","edgeClickLog":"[{\"edgeSelection\":\"0to3\",\"edgeRTMS\":2900}]","trial_id":"cong_5_flipped","congruency":"C","task":"experiment","subjectId":"qnhx6oe2buxxwf2","trial_type":"external-html","trial_index":11,"time_elapsed":166900,"internal_node_id":"0.0-9.0-0.3"},{"rt":4181,"url":"../static/nodeGraphs.html","edge":"2to6","edgeRT":"3059","skip":"false","flipped":"False","index":"1","edgeClickLog":"[{\"edgeSelection\":\"2to6\",\"edgeRTMS\":3059}]","trial_id":"cong_1","congruency":"C","task":"experiment","subjectId":"qnhx6oe2buxxwf2","trial_type":"external-html","trial_index":12,"time_elapsed":171763,"internal_node_id":"0.0-9.0-0.4"},{"rt":5172,"url":"../static/nodeGraphs.html","edge":"2to6","edgeRT":"2862","skip":"false","flipped":"True","index":"14","edgeClickLog":"[{\"edgeSelection\":\"2to6\",\"edgeRTMS\":2862}]","trial_id":"cong_4_flipped","congruency":"C","task":"experiment","subjectId":"qnhx6oe2buxxwf2","trial_type":"external-html","trial_index":13,"time_elapsed":177593,"internal_node_id":"0.0-9.0-0.5"},{"rt":6721,"url":"../static/nodeGraphs.html","edge":"2to5","edgeRT":"5433","skip":"false","flipped":"False","index":"6","edgeClickLog":"[{\"edgeSelection\":\"2to5\",\"edgeRTMS\":5433}]","trial_id":"cong_6","congruency":"C","task":"experiment","subjectId":"qnhx6oe2buxxwf2","trial_type":"external-html","trial_index":14,"time_elapsed":184990,"internal_node_id":"0.0-9.0-0.6"},{"rt":3150,"url":"../static/nodeGraphs.html","edge":"2to5","edgeRT":"2224","skip":"false","flipped":"False","index":"9","edgeClickLog":"[{\"edgeSelection\":\"2to5\",\"edgeRTMS\":2224}]","trial_id":"cong_9","congruency":"C","task":"experiment","subjectId":"qnhx6oe2buxxwf2","trial_type":"external-html","trial_index":15,"time_elapsed":188809,"internal_node_id":"0.0-9.0-0.7"},{"rt":4046,"url":"../static/nodeGraphs.html","edge":"1to4","edgeRT":"2246","skip":"false","flipped":"False","index":"0","edgeClickLog":"[{\"edgeSelection\":\"1to4\",\"edgeRTMS\":2246}]","trial_id":"cong_0","congruency":"C","task":"experiment","subjectId":"qnhx6oe2buxxwf2","trial_type":"external-html","trial_index":16,"time_elapsed":193533,"internal_node_id":"0.0-9.0-0.8"},{"rt":4211,"url":"../static/nodeGraphs.html","edge":"2to4","edgeRT":"2877","skip":"false","flipped":"False","index":"4","edgeClickLog":"[{\"edgeSelection\":\"2to4\",\"edgeRTMS\":2877}]","trial_id":"cong_4","congruency":"C","task":"experiment","subjectId":"qnhx6oe2buxxwf2","trial_type":"external-html","trial_index":17,"time_elapsed":198417,"internal_node_id":"0.0-9.0-0.9"},{"rt":6484,"url":"../static/nodeGraphs.html","edge":"2to4","edgeRT":"5305","skip":"false","flipped":"False","index":"7","edgeClickLog":"[{\"edgeSelection\":\"2to4\",\"edgeRTMS\":5305}]","trial_id":"cong_7","congruency":"C","task":"experiment","subjectId":"qnhx6oe2buxxwf2","trial_type":"external-html","trial_index":18,"time_elapsed":205755,"internal_node_id":"0.0-9.0-0.10"},{"rt":9542,"url":"../static/nodeGraphs.html","edge":"1to4","edgeRT":"8100","skip":"false","flipped":"False","index":"5","edgeClickLog":"[{\"edgeSelection\":\"1to4\",\"edgeRTMS\":8100}]","trial_id":"cong_5","congruency":"C","task":"experiment","subjectId":"qnhx6oe2buxxwf2","trial_type":"external-html","trial_index":19,"time_elapsed":215968,"internal_node_id":"0.0-9.0-0.11"},{"rt":3910,"url":"../static/nodeGraphs.html","edge":"3to6","edgeRT":"2153","skip":"false","flipped":"True","index":"10","edgeClickLog":"[{\"edgeSelection\":\"3to6\",\"edgeRTMS\":2153}]","trial_id":"cong_0_flipped","congruency":"C","task":"experiment","subjectId":"qnhx6oe2buxxwf2","trial_type":"external-html","trial_index":20,"time_elapsed":220551,"internal_node_id":"0.0-9.0-0.12"},{"rt":4178,"url":"../static/nodeGraphs.html","edge":"2to5","edgeRT":"3481","skip":"false","flipped":"True","index":"16","edgeClickLog":"[{\"edgeSelection\":\"2to5\",\"edgeRTMS\":3481}]","trial_id":"cong_6_flipped","congruency":"C","task":"experiment","subjectId":"qnhx6oe2buxxwf2","trial_type":"external-html","trial_index":21,"time_elapsed":225395,"internal_node_id":"0.0-9.0-0.13"},{"rt":3738,"url":"../static/nodeGraphs.html","edge":"2to4","edgeRT":"2862","skip":"false","flipped":"True","index":"11","edgeClickLog":"[{\"edgeSelection\":\"2to4\",\"edgeRTMS\":2862}]","trial_id":"cong_1_flipped","congruency":"C","task":"experiment","subjectId":"qnhx6oe2buxxwf2","trial_type":"external-html","trial_index":22,"time_elapsed":229817,"internal_node_id":"0.0-9.0-0.14"},{"rt":8410,"url":"../static/nodeGraphs.html","edge":"3to6","edgeRT":"6088","skip":"false","flipped":"True","index":"18","edgeClickLog":"[{\"edgeSelection\":\"3to6\",\"edgeRTMS\":6088}]","trial_id":"cong_8_flipped","congruency":"C","task":"experiment","subjectId":"qnhx6oe2buxxwf2","trial_type":"external-html","trial_index":23,"time_elapsed":238904,"internal_node_id":"0.0-9.0-0.15"},{"rt":6444,"url":"../static/nodeGraphs.html","edge":"2to6","edgeRT":"4959","skip":"false","flipped":"True","index":"17","edgeClickLog":"[{\"edgeSelection\":\"2to6\",\"edgeRTMS\":4959}]","trial_id":"cong_7_flipped","congruency":"C","task":"experiment","subjectId":"qnhx6oe2buxxwf2","trial_type":"external-html","trial_index":24,"time_elapsed":246019,"internal_node_id":"0.0-9.0-0.16"},{"rt":7882,"url":"../static/nodeGraphs.html","edge":"5to7","edgeRT":"6927","skip":"false","flipped":"True","index":"13","edgeClickLog":"[{\"edgeSelection\":\"5to7\",\"edgeRTMS\":6927}]","trial_id":"cong_3_flipped","congruency":"C","task":"experiment","subjectId":"qnhx6oe2buxxwf2","trial_type":"external-html","trial_index":25,"time_elapsed":254580,"internal_node_id":"0.0-9.0-0.17"},{"rt":9388,"url":"../static/nodeGraphs.html","edge":"4to7","edgeRT":"8067","skip":"false","flipped":"False","index":"8","edgeClickLog":"[{\"edgeSelection\":\"4to7\",\"edgeRTMS\":8067}]","trial_id":"cong_8","congruency":"C","task":"experiment","subjectId":"qnhx6oe2buxxwf2","trial_type":"external-html","trial_index":26,"time_elapsed":264651,"internal_node_id":"0.0-9.0-0.18"},{"rt":12149,"url":"../static/nodeGraphs.html","edge":"5to9","edgeRT":"8457","skip":"false","flipped":"False","index":"3","edgeClickLog":"[{\"edgeSelection\":\"5to9\",\"edgeRTMS\":8457}]","trial_id":"cong_3","congruency":"C","task":"experiment","subjectId":"qnhx6oe2buxxwf2","trial_type":"external-html","trial_index":27,"time_elapsed":277474,"internal_node_id":"0.0-9.0-0.19"},{"rt":15503,"url":"../static/nodeGraphs.html","edge":"3to6","edgeRT":"14556","skip":"false","flipped":"False","index":"20","edgeClickLog":"[{\"edgeSelection\":\"3to6\",\"edgeRTMS\":5228},{\"edgeSelection\":\"3to6\",\"edgeRTMS\":7158},{\"edgeSelection\":\"6to9\",\"edgeRTMS\":11744},{\"edgeSelection\":\"3to6\",\"edgeRTMS\":14556}]","trial_id":"test_0","congruency":"I","task":"experiment","subjectId":"qnhx6oe2buxxwf2","trial_type":"external-html","trial_index":28,"time_elapsed":293636,"internal_node_id":"0.0-9.0-0.20"},{"rt":9274,"url":"../static/nodeGraphs.html","edge":"0to3","edgeRT":"7836","skip":"false","flipped":"False","index":"21","edgeClickLog":"[{\"edgeSelection\":\"0to3\",\"edgeRTMS\":7836}]","trial_id":"test_1","congruency":"I","task":"experiment","subjectId":"qnhx6oe2buxxwf2","trial_type":"external-html","trial_index":29,"time_elapsed":303585,"internal_node_id":"0.0-9.0-0.21"},{"rt":7468,"url":"../static/nodeGraphs.html","edge":"3to6","edgeRT":"3861","skip":"false","flipped":"False","index":"22","edgeClickLog":"[{\"edgeSelection\":\"3to6\",\"edgeRTMS\":3861}]","trial_id":"test_2","congruency":"I","task":"experiment","subjectId":"qnhx6oe2buxxwf2","trial_type":"external-html","trial_index":30,"time_elapsed":311746,"internal_node_id":"0.0-9.0-0.22"},{"rt":8606,"url":"../static/nodeGraphs.html","edge":"1to5","edgeRT":"6219","skip":"false","flipped":"False","index":"23","edgeClickLog":"[{\"edgeSelection\":\"1to5\",\"edgeRTMS\":6219}]","trial_id":"test_3","congruency":"I","task":"experiment","subjectId":"qnhx6oe2buxxwf2","trial_type":"external-html","trial_index":31,"time_elapsed":321014,"internal_node_id":"0.0-9.0-0.23"},{"rt":12544,"url":"../static/nodeGraphs.html","edge":"5to9","edgeRT":"11429","skip":"false","flipped":"False","index":"24","edgeClickLog":"[{\"edgeSelection\":\"5to9\",\"edgeRTMS\":11429}]","trial_id":"test_4","congruency":"I","task":"experiment","subjectId":"qnhx6oe2buxxwf2","trial_type":"external-html","trial_index":32,"time_elapsed":334238,"internal_node_id":"0.0-9.0-0.24"},{"rt":32148,"response":{"P0_Q0":null,"P0_Q1":6,"P0_Q2":6,"P0_Q3":5,"P0_Q4":5,"P0_Q5":2,"strategies":"i tried to think about what information the student could have that would lead them to choose what they did, and pick the most informative path to open for them","feedback":"no"},"accuracy":[],"trial_type":"survey","trial_index":33,"time_elapsed":367014,"internal_node_id":"0.0-10.0"},{"rt":1861,"stimulus":"<p>Thanks for your time!</p>        <p>We need to manually calculate your bonus pay, please give us up to 7 days.</p><p>Press any key to conclude.</p>","response":"enter","task":"end","subjectId":"qnhx6oe2buxxwf2","trial_type":"html-keyboard-response","trial_index":34,"time_elapsed":368875,"internal_node_id":"0.0-11.0","interactions":"[{\"event\":\"fullscreenenter\",\"trial\":1,\"time\":1624}]"}]