[{"success":true,"timeout":false,"failed_images":[],"failed_audio":[],"failed_video":[],"trial_type":"preload","trial_index":0,"time_elapsed":273,"internal_node_id":"0.0-0.0"},{"success":true,"trial_type":"fullscreen","trial_index":1,"time_elapsed":3772,"internal_node_id":"0.0-1.0"},{"rt":370130,"stimulus":"Welcome to the experiment. Press any key to begin.","response":" ","trial_type":"html-keyboard-response","trial_index":2,"time_elapsed":373903,"internal_node_id":"0.0-2.0"},{"view_history":[{"page_index":0,"viewing_time":3416},{"page_index":1,"viewing_time":20092},{"page_index":2,"viewing_time":46327},{"page_index":3,"viewing_time":4496},{"page_index":4,"viewing_time":1659},{"page_index":5,"viewing_time":4992},{"page_index":6,"viewing_time":1192},{"page_index":7,"viewing_time":24009},{"page_index":8,"viewing_time":31219},{"page_index":9,"viewing_time":14284},{"page_index":10,"viewing_time":3306},{"page_index":11,"viewing_time":1589},{"page_index":12,"viewing_time":1481},{"page_index":13,"viewing_time":1719},{"page_index":14,"viewing_time":3096},{"page_index":15,"viewing_time":9488},{"page_index":16,"viewing_time":2056},{"page_index":17,"viewing_time":1538},{"page_index":18,"viewing_time":1604},{"page_index":19,"viewing_time":9589},{"page_index":20,"viewing_time":32967},{"page_index":21,"viewing_time":6524}],"rt":226641,"trial_type":"instructions","trial_index":3,"time_elapsed":600545,"internal_node_id":"0.0-3.0"},{"rt":84582,"url":"../static/nodeGraphsTraining.html","skip":[],"edgeClickLog":[],"trial_type":"external-html","trial_index":4,"time_elapsed":685484,"internal_node_id":"0.0-4.0"},{"rt":27983,"response":{"q1":"The goal is to help the student to get the most points","q2":"False","q3":"Possible paths you, as the teacher, can choose to teach the learner.","q4":"Paths that the student took before."},"question_order":[0,1,2,3],"trial_type":"survey-multi-choice","trial_index":5,"time_elapsed":713468,"internal_node_id":"0.0-5.0"},{"rt":11537,"stimulus":"<p>You can take a 60 second break before starting the experiment.</p><br><br><p>This page will advance in 60 seconds or you can press any key to advance now.</p>","response":" ","trial_type":"html-keyboard-response","trial_index":6,"time_elapsed":725007,"internal_node_id":"0.0-7.0"},{"view_history":[{"page_index":0,"viewing_time":15071}],"rt":15072,"trial_type":"instructions","trial_index":7,"time_elapsed":740078,"internal_node_id":"0.0-8.0"},{"rt":13414,"url":"../static/nodeGraphs.html","edge":"5to9","edgeRT":"11697","skip":"false","flipped":"False","index":"3","edgeClickLog":"[{\"edgeSelection\":\"0to3\",\"edgeRTMS\":2573},{\"edgeSelection\":\"3to5\",\"edgeRTMS\":4093},{\"edgeSelection\":\"5to9\",\"edgeRTMS\":5105},{\"edgeSelection\":\"3to5\",\"edgeRTMS\":6936},{\"edgeSelection\":\"5to9\",\"edgeRTMS\":8023},{\"edgeSelection\":\"3to5\",\"edgeRTMS\":10822},{\"edgeSelection\":\"5to9\",\"edgeRTMS\":11697}]","trial_id":"cong_3","congruency":"C","task":"experiment","subjectId":"3mpfo6ae8mcn7dw","trial_type":"external-html","trial_index":8,"time_elapsed":753667,"internal_node_id":"0.0-9.0-0.0"},{"rt":16753,"url":"../static/nodeGraphs.html","edge":"5to8","edgeRT":"14796","skip":"false","flipped":"True","index":"16","edgeClickLog":"[{\"edgeSelection\":\"2to5\",\"edgeRTMS\":13871},{\"edgeSelection\":\"5to8\",\"edgeRTMS\":14796}]","trial_id":"cong_6_flipped","congruency":"C","task":"experiment","subjectId":"3mpfo6ae8mcn7dw","trial_type":"external-html","trial_index":9,"time_elapsed":771112,"internal_node_id":"0.0-9.0-0.1"},{"rt":9103,"url":"../static/nodeGraphs.html","edge":"6to9","edgeRT":"7700","skip":"false","flipped":"True","index":"10","edgeClickLog":"[{\"edgeSelection\":\"0to3\",\"edgeRTMS\":4603},{\"edgeSelection\":\"3to6\",\"edgeRTMS\":5488},{\"edgeSelection\":\"6to9\",\"edgeRTMS\":7700}]","trial_id":"cong_0_flipped","congruency":"C","task":"experiment","subjectId":"3mpfo6ae8mcn7dw","trial_type":"external-html","trial_index":10,"time_elapsed":780897,"internal_node_id":"0.0-9.0-0.2"},{"rt":9607,"url":"../static/nodeGraphs.html","edge":"5to7","edgeRT":"8176","skip":"false","flipped":"False","index":"6","edgeClickLog":"[{\"edgeSelection\":\"0to2\",\"edgeRTMS\":4210},{\"edgeSelection\":\"2to5\",\"edgeRTMS\":5679},{\"edgeSelection\":\"5to7\",\"edgeRTMS\":8176}]","trial_id":"cong_6","congruency":"C","task":"experiment","subjectId":"3mpfo6ae8mcn7dw","trial_type":"external-html","trial_index":11,"time_elapsed":791182,"internal_node_id":"0.0-9.0-0.3"},{"rt":7541,"url":"../static/nodeGraphs.html","edge":"4to7","edgeRT":"6149","skip":"false","flipped":"False","index":"0","edgeClickLog":"[{\"edgeSelection\":\"0to1\",\"edgeRTMS\":3842},{\"edgeSelection\":\"1to4\",\"edgeRTMS\":5440},{\"edgeSelection\":\"4to7\",\"edgeRTMS\":6149}]","trial_id":"cong_0","congruency":"C","task":"experiment","subjectId":"3mpfo6ae8mcn7dw","trial_type":"external-html","trial_index":12,"time_elapsed":799399,"internal_node_id":"0.0-9.0-0.4"},{"rt":5634,"url":"../static/nodeGraphs.html","edge":"6to8","edgeRT":"4064","skip":"false","flipped":"True","index":"14","edgeClickLog":"[{\"edgeSelection\":\"0to2\",\"edgeRTMS\":1984},{\"edgeSelection\":\"2to6\",\"edgeRTMS\":3093},{\"edgeSelection\":\"6to8\",\"edgeRTMS\":4064}]","trial_id":"cong_4_flipped","congruency":"C","task":"experiment","subjectId":"3mpfo6ae8mcn7dw","trial_type":"external-html","trial_index":13,"time_elapsed":805708,"internal_node_id":"0.0-9.0-0.5"},{"rt":11300,"url":"../static/nodeGraphs.html","edge":"4to7","edgeRT":"10066","skip":"false","flipped":"False","index":"7","edgeClickLog":"[{\"edgeSelection\":\"0to3\",\"edgeRTMS\":2289},{\"edgeSelection\":\"0to1\",\"edgeRTMS\":6567},{\"edgeSelection\":\"1to4\",\"edgeRTMS\":7666},{\"edgeSelection\":\"4to7\",\"edgeRTMS\":9461},{\"edgeSelection\":\"4to7\",\"edgeRTMS\":10066}]","trial_id":"cong_7","congruency":"C","task":"experiment","subjectId":"3mpfo6ae8mcn7dw","trial_type":"external-html","trial_index":14,"time_elapsed":817684,"internal_node_id":"0.0-9.0-0.6"},{"rt":10501,"url":"../static/nodeGraphs.html","edge":"5to7","edgeRT":"8571","skip":"false","flipped":"True","index":"12","edgeClickLog":"[{\"edgeSelection\":\"0to2\",\"edgeRTMS\":5061},{\"edgeSelection\":\"2to5\",\"edgeRTMS\":7310},{\"edgeSelection\":\"5to7\",\"edgeRTMS\":8571}]","trial_id":"cong_2_flipped","congruency":"C","task":"experiment","subjectId":"3mpfo6ae8mcn7dw","trial_type":"external-html","trial_index":15,"time_elapsed":828866,"internal_node_id":"0.0-9.0-0.7"},{"rt":6190,"url":"../static/nodeGraphs.html","edge":"5to8","edgeRT":"5303","skip":"false","flipped":"False","index":"9","edgeClickLog":"[{\"edgeSelection\":\"0to2\",\"edgeRTMS\":2830},{\"edgeSelection\":\"2to5\",\"edgeRTMS\":3510},{\"edgeSelection\":\"5to8\",\"edgeRTMS\":5013},{\"edgeSelection\":\"5to8\",\"edgeRTMS\":5303}]","trial_id":"cong_9","congruency":"C","task":"experiment","subjectId":"3mpfo6ae8mcn7dw","trial_type":"external-html","trial_index":16,"time_elapsed":835732,"internal_node_id":"0.0-9.0-0.8"},{"rt":5830,"url":"../static/nodeGraphs.html","edge":"5to8","edgeRT":"4579","skip":"false","flipped":"True","index":"19","edgeClickLog":"[{\"edgeSelection\":\"0to2\",\"edgeRTMS\":2373},{\"edgeSelection\":\"2to5\",\"edgeRTMS\":3154},{\"edgeSelection\":\"5to8\",\"edgeRTMS\":4579}]","trial_id":"cong_9_flipped","congruency":"C","task":"experiment","subjectId":"3mpfo6ae8mcn7dw","trial_type":"external-html","trial_index":17,"time_elapsed":842239,"internal_node_id":"0.0-9.0-0.9"},{"rt":7352,"url":"../static/nodeGraphs.html","edge":"6to9","edgeRT":"6207","skip":"false","flipped":"True","index":"18","edgeClickLog":"[{\"edgeSelection\":\"0to3\",\"edgeRTMS\":4374},{\"edgeSelection\":\"3to6\",\"edgeRTMS\":5090},{\"edgeSelection\":\"6to9\",\"edgeRTMS\":6207}]","trial_id":"cong_8_flipped","congruency":"C","task":"experiment","subjectId":"3mpfo6ae8mcn7dw","trial_type":"external-html","trial_index":18,"time_elapsed":850268,"internal_node_id":"0.0-9.0-0.10"},{"rt":5101,"url":"../static/nodeGraphs.html","edge":"4to7","edgeRT":"3990","skip":"false","flipped":"False","index":"8","edgeClickLog":"[{\"edgeSelection\":\"0to1\",\"edgeRTMS\":1759},{\"edgeSelection\":\"1to4\",\"edgeRTMS\":3069},{\"edgeSelection\":\"4to7\",\"edgeRTMS\":3990}]","trial_id":"cong_8","congruency":"C","task":"experiment","subjectId":"3mpfo6ae8mcn7dw","trial_type":"external-html","trial_index":19,"time_elapsed":856045,"internal_node_id":"0.0-9.0-0.11"},{"rt":5849,"url":"../static/nodeGraphs.html","edge":"4to7","edgeRT":"4718","skip":"false","flipped":"True","index":"11","edgeClickLog":"[{\"edgeSelection\":\"0to2\",\"edgeRTMS\":3031},{\"edgeSelection\":\"2to4\",\"edgeRTMS\":3947},{\"edgeSelection\":\"4to7\",\"edgeRTMS\":4718}]","trial_id":"cong_1_flipped","congruency":"C","task":"experiment","subjectId":"3mpfo6ae8mcn7dw","trial_type":"external-html","trial_index":20,"time_elapsed":862584,"internal_node_id":"0.0-9.0-0.12"},{"rt":5177,"url":"../static/nodeGraphs.html","edge":"6to8","edgeRT":"3991","skip":"false","flipped":"True","index":"15","edgeClickLog":"[{\"edgeSelection\":\"0to3\",\"edgeRTMS\":2385},{\"edgeSelection\":\"3to6\",\"edgeRTMS\":3356},{\"edgeSelection\":\"6to8\",\"edgeRTMS\":3991}]","trial_id":"cong_5_flipped","congruency":"C","task":"experiment","subjectId":"3mpfo6ae8mcn7dw","trial_type":"external-html","trial_index":21,"time_elapsed":868437,"internal_node_id":"0.0-9.0-0.13"},{"rt":7628,"url":"../static/nodeGraphs.html","edge":"6to9","edgeRT":"6052","skip":"false","flipped":"False","index":"1","edgeClickLog":"[{\"edgeSelection\":\"0to2\",\"edgeRTMS\":1734},{\"edgeSelection\":\"2to6\",\"edgeRTMS\":2561},{\"edgeSelection\":\"2to6\",\"edgeRTMS\":3882},{\"edgeSelection\":\"6to9\",\"edgeRTMS\":4929},{\"edgeSelection\":\"6to9\",\"edgeRTMS\":6052}]","trial_id":"cong_1","congruency":"C","task":"experiment","subjectId":"3mpfo6ae8mcn7dw","trial_type":"external-html","trial_index":22,"time_elapsed":876745,"internal_node_id":"0.0-9.0-0.14"},{"rt":8008,"url":"../static/nodeGraphs.html","edge":"5to9","edgeRT":"6122","skip":"false","flipped":"False","index":"2","edgeClickLog":"[{\"edgeSelection\":\"0to2\",\"edgeRTMS\":4102},{\"edgeSelection\":\"2to5\",\"edgeRTMS\":4890},{\"edgeSelection\":\"5to9\",\"edgeRTMS\":5750},{\"edgeSelection\":\"5to9\",\"edgeRTMS\":6122}]","trial_id":"cong_2","congruency":"C","task":"experiment","subjectId":"3mpfo6ae8mcn7dw","trial_type":"external-html","trial_index":23,"time_elapsed":885429,"internal_node_id":"0.0-9.0-0.15"},{"rt":10773,"url":"../static/nodeGraphs.html","edge":"6to9","edgeRT":"9090","skip":"false","flipped":"True","index":"17","edgeClickLog":"[{\"edgeSelection\":\"0to2\",\"edgeRTMS\":7176},{\"edgeSelection\":\"2to6\",\"edgeRTMS\":8076},{\"edgeSelection\":\"6to9\",\"edgeRTMS\":9090}]","trial_id":"cong_7_flipped","congruency":"C","task":"experiment","subjectId":"3mpfo6ae8mcn7dw","trial_type":"external-html","trial_index":24,"time_elapsed":896877,"internal_node_id":"0.0-9.0-0.16"},{"rt":6159,"url":"../static/nodeGraphs.html","edge":"4to8","edgeRT":"4386","skip":"false","flipped":"False","index":"4","edgeClickLog":"[{\"edgeSelection\":\"0to2\",\"edgeRTMS\":1507},{\"edgeSelection\":\"2to4\",\"edgeRTMS\":2598},{\"edgeSelection\":\"4to8\",\"edgeRTMS\":4386}]","trial_id":"cong_4","congruency":"C","task":"experiment","subjectId":"3mpfo6ae8mcn7dw","trial_type":"external-html","trial_index":25,"time_elapsed":903718,"internal_node_id":"0.0-9.0-0.17"},{"rt":7671,"url":"../static/nodeGraphs.html","edge":"5to7","edgeRT":"6374","skip":"false","flipped":"True","index":"13","edgeClickLog":"[{\"edgeSelection\":\"0to1\",\"edgeRTMS\":4400},{\"edgeSelection\":\"1to5\",\"edgeRTMS\":5391},{\"edgeSelection\":\"5to7\",\"edgeRTMS\":6374}]","trial_id":"cong_3_flipped","congruency":"C","task":"experiment","subjectId":"3mpfo6ae8mcn7dw","trial_type":"external-html","trial_index":26,"time_elapsed":912064,"internal_node_id":"0.0-9.0-0.18"},{"rt":7144,"url":"../static/nodeGraphs.html","edge":"4to8","edgeRT":"5742","skip":"false","flipped":"False","index":"5","edgeClickLog":"[{\"edgeSelection\":\"0to1\",\"edgeRTMS\":3174},{\"edgeSelection\":\"1to4\",\"edgeRTMS\":4130},{\"edgeSelection\":\"4to8\",\"edgeRTMS\":5742}]","trial_id":"cong_5","congruency":"C","task":"experiment","subjectId":"3mpfo6ae8mcn7dw","trial_type":"external-html","trial_index":27,"time_elapsed":919893,"internal_node_id":"0.0-9.0-0.19"},{"rt":11812,"url":"../static/nodeGraphs.html","edge":"5to8","edgeRT":"10417","skip":"false","flipped":"False","index":"20","edgeClickLog":"[{\"edgeSelection\":\"0to1\",\"edgeRTMS\":5278},{\"edgeSelection\":\"1to5\",\"edgeRTMS\":9296},{\"edgeSelection\":\"5to8\",\"edgeRTMS\":10417}]","trial_id":"test_0","congruency":"I","task":"experiment","subjectId":"3mpfo6ae8mcn7dw","trial_type":"external-html","trial_index":28,"time_elapsed":932394,"internal_node_id":"0.0-9.0-0.20"},{"rt":5577,"url":"../static/nodeGraphs.html","edge":"6to9","edgeRT":"4368","skip":"false","flipped":"False","index":"21","edgeClickLog":"[{\"edgeSelection\":\"0to3\",\"edgeRTMS\":2011},{\"edgeSelection\":\"3to6\",\"edgeRTMS\":3222},{\"edgeSelection\":\"6to9\",\"edgeRTMS\":4368}]","trial_id":"test_1","congruency":"I","task":"experiment","subjectId":"3mpfo6ae8mcn7dw","trial_type":"external-html","trial_index":29,"time_elapsed":938651,"internal_node_id":"0.0-9.0-0.21"},{"rt":5904,"url":"../static/nodeGraphs.html","edge":"6to8","edgeRT":"4623","skip":"false","flipped":"False","index":"22","edgeClickLog":"[{\"edgeSelection\":\"0to3\",\"edgeRTMS\":1900},{\"edgeSelection\":\"3to6\",\"edgeRTMS\":2771},{\"edgeSelection\":\"6to8\",\"edgeRTMS\":4623}]","trial_id":"test_2","congruency":"I","task":"experiment","subjectId":"3mpfo6ae8mcn7dw","trial_type":"external-html","trial_index":30,"time_elapsed":945232,"internal_node_id":"0.0-9.0-0.22"},{"rt":6412,"url":"../static/nodeGraphs.html","edge":"5to7","edgeRT":"5235","skip":"false","flipped":"False","index":"23","edgeClickLog":"[{\"edgeSelection\":\"0to1\",\"edgeRTMS\":2665},{\"edgeSelection\":\"1to5\",\"edgeRTMS\":3602},{\"edgeSelection\":\"5to7\",\"edgeRTMS\":5235}]","trial_id":"test_3","congruency":"I","task":"experiment","subjectId":"3mpfo6ae8mcn7dw","trial_type":"external-html","trial_index":31,"time_elapsed":952321,"internal_node_id":"0.0-9.0-0.23"},{"rt":6444,"url":"../static/nodeGraphs.html","edge":"5to9","edgeRT":"5378","skip":"false","flipped":"False","index":"24","edgeClickLog":"[{\"edgeSelection\":\"0to1\",\"edgeRTMS\":3302},{\"edgeSelection\":\"1to5\",\"edgeRTMS\":4409},{\"edgeSelection\":\"5to9\",\"edgeRTMS\":5378}]","trial_id":"test_4","congruency":"I","task":"experiment","subjectId":"3mpfo6ae8mcn7dw","trial_type":"external-html","trial_index":32,"time_elapsed":959446,"internal_node_id":"0.0-9.0-0.24"},{"rt":186374,"response":{"P0_Q0":null,"P0_Q1":5,"P0_Q2":6,"P0_Q3":6,"P0_Q4":3,"P0_Q5":2,"strategies":"step by step","feedback":"no"},"accuracy":[],"trial_type":"survey","trial_index":33,"time_elapsed":1146373,"internal_node_id":"0.0-10.0"},{"rt":4592,"stimulus":"<p>Thanks for your time!</p>        <p>We need to manually calculate your bonus pay, please give us up to 7 days.</p><p>Press any key to conclude.</p>","response":" ","task":"end","subjectId":"3mpfo6ae8mcn7dw","trial_type":"html-keyboard-response","trial_index":34,"time_elapsed":1150967,"internal_node_id":"0.0-11.0","interactions":"[{\"event\":\"fullscreenenter\",\"trial\":1,\"time\":2780},{\"event\":\"fullscreenexit\",\"trial\":1,\"time\":2905},{\"event\":\"blur\",\"trial\":2,\"time\":8432},{\"event\":\"focus\",\"trial\":2,\"time\":372459},{\"event\":\"blur\",\"trial\":3,\"time\":378887},{\"event\":\"focus\",\"trial\":3,\"time\":386133},{\"event\":\"blur\",\"trial\":3,\"time\":421289},{\"event\":\"focus\",\"trial\":3,\"time\":426867},{\"event\":\"blur\",\"trial\":3,\"time\":564200},{\"event\":\"focus\",\"trial\":3,\"time\":584863},{\"event\":\"blur\",\"trial\":4,\"time\":609605},{\"event\":\"focus\",\"trial\":4,\"time\":609606},{\"event\":\"blur\",\"trial\":4,\"time\":627875},{\"event\":\"focus\",\"trial\":4,\"time\":627875},{\"event\":\"blur\",\"trial\":4,\"time\":641576},{\"event\":\"focus\",\"trial\":4,\"time\":641576},{\"event\":\"blur\",\"trial\":4,\"time\":644491},{\"event\":\"focus\",\"trial\":4,\"time\":644491},{\"event\":\"blur\",\"trial\":33,\"time\":961927},{\"event\":\"focus\",\"trial\":33,\"time\":1123539}]"}]