[{"success":true,"timeout":false,"failed_images":[],"failed_audio":[],"failed_video":[],"trial_type":"preload","trial_index":0,"time_elapsed":410,"internal_node_id":"0.0-0.0"},{"success":true,"trial_type":"fullscreen","trial_index":1,"time_elapsed":3580,"internal_node_id":"0.0-1.0"},{"rt":2717,"stimulus":"Welcome to the experiment. Press any key to begin.","response":"g","trial_type":"html-keyboard-response","trial_index":2,"time_elapsed":6298,"internal_node_id":"0.0-2.0"},{"view_history":[{"page_index":0,"viewing_time":3742},{"page_index":1,"viewing_time":2006},{"page_index":0,"viewing_time":321},{"page_index":1,"viewing_time":6216},{"page_index":2,"viewing_time":40439},{"page_index":3,"viewing_time":2344},{"page_index":4,"viewing_time":937},{"page_index":5,"viewing_time":616},{"page_index":6,"viewing_time":2062},{"page_index":7,"viewing_time":6795},{"page_index":8,"viewing_time":28520},{"page_index":9,"viewing_time":8463},{"page_index":10,"viewing_time":720},{"page_index":11,"viewing_time":454},{"page_index":12,"viewing_time":408},{"page_index":13,"viewing_time":1545},{"page_index":14,"viewing_time":2905},{"page_index":15,"viewing_time":2976},{"page_index":16,"viewing_time":857},{"page_index":17,"viewing_time":504},{"page_index":18,"viewing_time":928},{"page_index":19,"viewing_time":3975},{"page_index":18,"viewing_time":377},{"page_index":17,"viewing_time":255},{"page_index":16,"viewing_time":312},{"page_index":15,"viewing_time":5891},{"page_index":16,"viewing_time":583},{"page_index":17,"viewing_time":360},{"page_index":18,"viewing_time":344},{"page_index":19,"viewing_time":2257},{"page_index":20,"viewing_time":4966},{"page_index":21,"viewing_time":3714},{"page_index":20,"viewing_time":208},{"page_index":21,"viewing_time":1233}],"rt":138231,"trial_type":"instructions","trial_index":3,"time_elapsed":144531,"internal_node_id":"0.0-3.0"},{"rt":54213,"url":"../static/nodeGraphsTraining.html","skip":[],"edgeClickLog":[],"trial_type":"external-html","trial_index":4,"time_elapsed":198808,"internal_node_id":"0.0-4.0"},{"rt":24144,"response":{"q1":"The goal is to help the student to get the most points","q2":"False","q3":"Possible paths you, as the teacher, can choose to teach the learner.","q4":"Paths that the student took before."},"question_order":[0,1,2,3],"trial_type":"survey-multi-choice","trial_index":5,"time_elapsed":222954,"internal_node_id":"0.0-5.0"},{"rt":26902,"stimulus":"<p>You can take a 60 second break before starting the experiment.</p><br><br><p>This page will advance in 60 seconds or you can press any key to advance now.</p>","response":"l","trial_type":"html-keyboard-response","trial_index":6,"time_elapsed":249858,"internal_node_id":"0.0-7.0"},{"view_history":[{"page_index":0,"viewing_time":48109}],"rt":48109,"trial_type":"instructions","trial_index":7,"time_elapsed":297968,"internal_node_id":"0.0-8.0"},{"rt":8609,"url":"../static/nodeGraphs.html","edge":"2to5","edgeRT":"7061","skip":"false","flipped":"False","index":"9","edgeClickLog":"[{\"edgeSelection\":\"2to5\",\"edgeRTMS\":7061}]","trial_id":"cong_9","congruency":"C","task":"experiment","subjectId":"e7yn84be2v46ye2","trial_type":"external-html","trial_index":8,"time_elapsed":306632,"internal_node_id":"0.0-9.0-0.0"},{"rt":4728,"url":"../static/nodeGraphs.html","edge":"2to6","edgeRT":"3550","skip":"false","flipped":"True","index":"14","edgeClickLog":"[{\"edgeSelection\":\"2to6\",\"edgeRTMS\":3550}]","trial_id":"cong_4_flipped","congruency":"C","task":"experiment","subjectId":"e7yn84be2v46ye2","trial_type":"external-html","trial_index":9,"time_elapsed":311925,"internal_node_id":"0.0-9.0-0.1"},{"rt":5639,"url":"../static/nodeGraphs.html","edge":"2to5","edgeRT":"2136","skip":"false","flipped":"True","index":"19","edgeClickLog":"[{\"edgeSelection\":\"2to5\",\"edgeRTMS\":2136}]","trial_id":"cong_9_flipped","congruency":"C","task":"experiment","subjectId":"e7yn84be2v46ye2","trial_type":"external-html","trial_index":10,"time_elapsed":318125,"internal_node_id":"0.0-9.0-0.2"},{"rt":9569,"url":"../static/nodeGraphs.html","edge":"0to2","edgeRT":"6861","skip":"false","flipped":"True","index":"17","edgeClickLog":"[{\"edgeSelection\":\"0to2\",\"edgeRTMS\":6861}]","trial_id":"cong_7_flipped","congruency":"C","task":"experiment","subjectId":"e7yn84be2v46ye2","trial_type":"external-html","trial_index":11,"time_elapsed":328249,"internal_node_id":"0.0-9.0-0.3"},{"rt":6678,"url":"../static/nodeGraphs.html","edge":"3to6","edgeRT":"5581","skip":"false","flipped":"True","index":"18","edgeClickLog":"[{\"edgeSelection\":\"3to6\",\"edgeRTMS\":5581}]","trial_id":"cong_8_flipped","congruency":"C","task":"experiment","subjectId":"e7yn84be2v46ye2","trial_type":"external-html","trial_index":12,"time_elapsed":335485,"internal_node_id":"0.0-9.0-0.4"},{"rt":6500,"url":"../static/nodeGraphs.html","edge":"2to4","edgeRT":"5340","skip":"false","flipped":"True","index":"11","edgeClickLog":"[{\"edgeSelection\":\"2to4\",\"edgeRTMS\":5340}]","trial_id":"cong_1_flipped","congruency":"C","task":"experiment","subjectId":"e7yn84be2v46ye2","trial_type":"external-html","trial_index":13,"time_elapsed":342543,"internal_node_id":"0.0-9.0-0.5"},{"rt":3902,"url":"../static/nodeGraphs.html","edge":"3to6","edgeRT":"2793","skip":"false","flipped":"True","index":"10","edgeClickLog":"[{\"edgeSelection\":\"3to6\",\"edgeRTMS\":1575},{\"edgeSelection\":\"3to6\",\"edgeRTMS\":2793}]","trial_id":"cong_0_flipped","congruency":"C","task":"experiment","subjectId":"e7yn84be2v46ye2","trial_type":"external-html","trial_index":14,"time_elapsed":346999,"internal_node_id":"0.0-9.0-0.6"},{"rt":3655,"url":"../static/nodeGraphs.html","edge":"0to1","edgeRT":"2737","skip":"false","flipped":"False","index":"5","edgeClickLog":"[{\"edgeSelection\":\"0to1\",\"edgeRTMS\":2737}]","trial_id":"cong_5","congruency":"C","task":"experiment","subjectId":"e7yn84be2v46ye2","trial_type":"external-html","trial_index":15,"time_elapsed":351209,"internal_node_id":"0.0-9.0-0.7"},{"rt":7375,"url":"../static/nodeGraphs.html","edge":"0to2","edgeRT":"5731","skip":"false","flipped":"False","index":"7","edgeClickLog":"[{\"edgeSelection\":\"0to2\",\"edgeRTMS\":5731}]","trial_id":"cong_7","congruency":"C","task":"experiment","subjectId":"e7yn84be2v46ye2","trial_type":"external-html","trial_index":16,"time_elapsed":359139,"internal_node_id":"0.0-9.0-0.8"},{"rt":8734,"url":"../static/nodeGraphs.html","edge":"3to5","edgeRT":"4953","skip":"false","flipped":"False","index":"3","edgeClickLog":"[{\"edgeSelection\":\"3to5\",\"edgeRTMS\":4953}]","trial_id":"cong_3","congruency":"C","task":"experiment","subjectId":"e7yn84be2v46ye2","trial_type":"external-html","trial_index":17,"time_elapsed":368431,"internal_node_id":"0.0-9.0-0.9"},{"rt":10498,"url":"../static/nodeGraphs.html","edge":"2to6","edgeRT":"7943","skip":"false","flipped":"False","index":"2","edgeClickLog":"[{\"edgeSelection\":\"2to6\",\"edgeRTMS\":7943}]","trial_id":"cong_2","congruency":"C","task":"experiment","subjectId":"e7yn84be2v46ye2","trial_type":"external-html","trial_index":18,"time_elapsed":379491,"internal_node_id":"0.0-9.0-0.10"},{"rt":7945,"url":"../static/nodeGraphs.html","edge":"1to4","edgeRT":"5039","skip":"false","flipped":"False","index":"8","edgeClickLog":"[{\"edgeSelection\":\"1to4\",\"edgeRTMS\":5039}]","trial_id":"cong_8","congruency":"C","task":"experiment","subjectId":"e7yn84be2v46ye2","trial_type":"external-html","trial_index":19,"time_elapsed":387991,"internal_node_id":"0.0-9.0-0.11"},{"rt":3447,"url":"../static/nodeGraphs.html","edge":"1to5","edgeRT":"1824","skip":"false","flipped":"True","index":"13","edgeClickLog":"[{\"edgeSelection\":\"1to5\",\"edgeRTMS\":1824}]","trial_id":"cong_3_flipped","congruency":"C","task":"experiment","subjectId":"e7yn84be2v46ye2","trial_type":"external-html","trial_index":20,"time_elapsed":391996,"internal_node_id":"0.0-9.0-0.12"},{"rt":4535,"url":"../static/nodeGraphs.html","edge":"2to6","edgeRT":"3624","skip":"false","flipped":"False","index":"1","edgeClickLog":"[{\"edgeSelection\":\"2to6\",\"edgeRTMS\":3624}]","trial_id":"cong_1","congruency":"C","task":"experiment","subjectId":"e7yn84be2v46ye2","trial_type":"external-html","trial_index":21,"time_elapsed":397091,"internal_node_id":"0.0-9.0-0.13"},{"rt":2732,"url":"../static/nodeGraphs.html","edge":"2to4","edgeRT":"1571","skip":"false","flipped":"False","index":"4","edgeClickLog":"[{\"edgeSelection\":\"2to4\",\"edgeRTMS\":1571}]","trial_id":"cong_4","congruency":"C","task":"experiment","subjectId":"e7yn84be2v46ye2","trial_type":"external-html","trial_index":22,"time_elapsed":400381,"internal_node_id":"0.0-9.0-0.14"},{"rt":2617,"url":"../static/nodeGraphs.html","edge":"1to4","edgeRT":"1594","skip":"false","flipped":"False","index":"0","edgeClickLog":"[{\"edgeSelection\":\"1to4\",\"edgeRTMS\":1594}]","trial_id":"cong_0","congruency":"C","task":"experiment","subjectId":"e7yn84be2v46ye2","trial_type":"external-html","trial_index":23,"time_elapsed":403587,"internal_node_id":"0.0-9.0-0.15"},{"rt":4754,"url":"../static/nodeGraphs.html","edge":"0to3","edgeRT":"2295","skip":"false","flipped":"True","index":"15","edgeClickLog":"[{\"edgeSelection\":\"0to3\",\"edgeRTMS\":2295}]","trial_id":"cong_5_flipped","congruency":"C","task":"experiment","subjectId":"e7yn84be2v46ye2","trial_type":"external-html","trial_index":24,"time_elapsed":408900,"internal_node_id":"0.0-9.0-0.16"},{"rt":7936,"url":"../static/nodeGraphs.html","edge":"2to5","edgeRT":"6670","skip":"false","flipped":"True","index":"12","edgeClickLog":"[{\"edgeSelection\":\"2to5\",\"edgeRTMS\":6670}]","trial_id":"cong_2_flipped","congruency":"C","task":"experiment","subjectId":"e7yn84be2v46ye2","trial_type":"external-html","trial_index":25,"time_elapsed":417393,"internal_node_id":"0.0-9.0-0.17"},{"rt":4697,"url":"../static/nodeGraphs.html","edge":"2to5","edgeRT":"1057","skip":"false","flipped":"False","index":"6","edgeClickLog":"[{\"edgeSelection\":\"2to5\",\"edgeRTMS\":1057}]","trial_id":"cong_6","congruency":"C","task":"experiment","subjectId":"e7yn84be2v46ye2","trial_type":"external-html","trial_index":26,"time_elapsed":422645,"internal_node_id":"0.0-9.0-0.18"},{"rt":3191,"url":"../static/nodeGraphs.html","edge":"2to5","edgeRT":"1338","skip":"false","flipped":"True","index":"16","edgeClickLog":"[{\"edgeSelection\":\"2to5\",\"edgeRTMS\":1338}]","trial_id":"cong_6_flipped","congruency":"C","task":"experiment","subjectId":"e7yn84be2v46ye2","trial_type":"external-html","trial_index":27,"time_elapsed":426397,"internal_node_id":"0.0-9.0-0.19"},{"rt":11918,"url":"../static/nodeGraphs.html","edge":"0to1","edgeRT":"11033","skip":"false","flipped":"False","index":"20","edgeClickLog":"[{\"edgeSelection\":\"0to1\",\"edgeRTMS\":11033}]","trial_id":"test_0","congruency":"I","task":"experiment","subjectId":"e7yn84be2v46ye2","trial_type":"external-html","trial_index":28,"time_elapsed":438873,"internal_node_id":"0.0-9.0-0.20"},{"rt":3230,"url":"../static/nodeGraphs.html","edge":"0to3","edgeRT":"1797","skip":"false","flipped":"False","index":"21","edgeClickLog":"[{\"edgeSelection\":\"0to3\",\"edgeRTMS\":1797}]","trial_id":"test_1","congruency":"I","task":"experiment","subjectId":"e7yn84be2v46ye2","trial_type":"external-html","trial_index":29,"time_elapsed":442663,"internal_node_id":"0.0-9.0-0.21"},{"rt":5880,"url":"../static/nodeGraphs.html","edge":"0to3","edgeRT":"1368","skip":"false","flipped":"False","index":"22","edgeClickLog":"[{\"edgeSelection\":\"0to3\",\"edgeRTMS\":1368}]","trial_id":"test_2","congruency":"I","task":"experiment","subjectId":"e7yn84be2v46ye2","trial_type":"external-html","trial_index":30,"time_elapsed":449097,"internal_node_id":"0.0-9.0-0.22"},{"rt":3113,"url":"../static/nodeGraphs.html","edge":"0to1","edgeRT":"2275","skip":"false","flipped":"False","index":"23","edgeClickLog":"[{\"edgeSelection\":\"0to1\",\"edgeRTMS\":2275}]","trial_id":"test_3","congruency":"I","task":"experiment","subjectId":"e7yn84be2v46ye2","trial_type":"external-html","trial_index":31,"time_elapsed":452769,"internal_node_id":"0.0-9.0-0.23"},{"rt":10596,"url":"../static/nodeGraphs.html","edge":"1to5","edgeRT":"3247","skip":"false","flipped":"False","index":"24","edgeClickLog":"[{\"edgeSelection\":\"1to5\",\"edgeRTMS\":3247}]","trial_id":"test_4","congruency":"I","task":"experiment","subjectId":"e7yn84be2v46ye2","trial_type":"external-html","trial_index":32,"time_elapsed":463919,"internal_node_id":"0.0-9.0-0.24"},{"rt":72392,"response":{"P0_Q0":null,"P0_Q1":3,"P0_Q2":7,"P0_Q3":7,"P0_Q4":2,"P0_Q5":2,"strategies":"I added up the possible points and chose the one that would lead the student to the highest total. Most of that included looking to string multiple 3 points together","feedback":""},"accuracy":[],"trial_type":"survey","trial_index":33,"time_elapsed":536889,"internal_node_id":"0.0-10.0"},{"rt":4181,"stimulus":"<p>Thanks for your time!</p>        <p>We need to manually calculate your bonus pay, please give us up to 7 days.</p><p>Press any key to conclude.</p>","response":"g","task":"end","subjectId":"e7yn84be2v46ye2","trial_type":"html-keyboard-response","trial_index":34,"time_elapsed":541073,"internal_node_id":"0.0-11.0","interactions":"[{\"event\":\"fullscreenenter\",\"trial\":1,\"time\":2593}]"}]