[{"success":true,"timeout":false,"failed_images":[],"failed_audio":[],"failed_video":[],"trial_type":"preload","trial_index":0,"time_elapsed":435,"internal_node_id":"0.0-0.0"},{"success":true,"trial_type":"fullscreen","trial_index":1,"time_elapsed":4625,"internal_node_id":"0.0-1.0"},{"rt":2759,"stimulus":"Welcome to the experiment. Press any key to begin.","response":" ","trial_type":"html-keyboard-response","trial_index":2,"time_elapsed":7387,"internal_node_id":"0.0-2.0"},{"view_history":[{"page_index":0,"viewing_time":7464},{"page_index":1,"viewing_time":11699},{"page_index":2,"viewing_time":51566},{"page_index":3,"viewing_time":7577},{"page_index":4,"viewing_time":1960},{"page_index":5,"viewing_time":2432},{"page_index":6,"viewing_time":2927},{"page_index":7,"viewing_time":11641},{"page_index":8,"viewing_time":28028},{"page_index":9,"viewing_time":17871},{"page_index":10,"viewing_time":1261},{"page_index":11,"viewing_time":482},{"page_index":12,"viewing_time":402},{"page_index":13,"viewing_time":1630},{"page_index":14,"viewing_time":3601},{"page_index":15,"viewing_time":9509},{"page_index":16,"viewing_time":1363},{"page_index":17,"viewing_time":610},{"page_index":18,"viewing_time":648},{"page_index":19,"viewing_time":8199},{"page_index":20,"viewing_time":12786},{"page_index":21,"viewing_time":7827}],"rt":191484,"trial_type":"instructions","trial_index":3,"time_elapsed":198874,"internal_node_id":"0.0-3.0"},{"rt":563245,"url":"../static/nodeGraphsTraining.html","skip":[],"edgeClickLog":[],"trial_type":"external-html","trial_index":4,"time_elapsed":762384,"internal_node_id":"0.0-4.0"},{"rt":42022,"response":{"q1":"The goal is to help the student to get the most points","q2":"False","q3":"Possible paths you, as the teacher, can choose to teach the learner.","q4":"Paths that the student took before."},"question_order":[0,1,2,3],"trial_type":"survey-multi-choice","trial_index":5,"time_elapsed":804410,"internal_node_id":"0.0-5.0"},{"rt":8257,"stimulus":"<p>You can take a 60 second break before starting the experiment.</p><br><br><p>This page will advance in 60 seconds or you can press any key to advance now.</p>","response":" ","trial_type":"html-keyboard-response","trial_index":6,"time_elapsed":812671,"internal_node_id":"0.0-7.0"},{"view_history":[{"page_index":0,"viewing_time":44471}],"rt":44471,"trial_type":"instructions","trial_index":7,"time_elapsed":857144,"internal_node_id":"0.0-8.0"},{"rt":30014,"url":"../static/nodeGraphs.html","edge":"1to5","edgeRT":"13565","skip":"true","flipped":"True","index":"13","edgeClickLog":"[{\"edgeSelection\":\"1to5\",\"edgeRTMS\":10929},{\"edgeSelection\":\"5to7\",\"edgeRTMS\":12314},{\"edgeSelection\":\"1to5\",\"edgeRTMS\":13565}]","trial_id":"cong_3_flipped","congruency":"C","task":"experiment","subjectId":"znsnwhds3hkwlqy","trial_type":"external-html","trial_index":8,"time_elapsed":887273,"internal_node_id":"0.0-9.0-0.0"},{"rt":16465,"url":"../static/nodeGraphs.html","edge":"0to3","edgeRT":"12019","skip":"false","flipped":"True","index":"15","edgeClickLog":"[{\"edgeSelection\":\"0to3\",\"edgeRTMS\":12019}]","trial_id":"cong_5_flipped","congruency":"C","task":"experiment","subjectId":"znsnwhds3hkwlqy","trial_type":"external-html","trial_index":9,"time_elapsed":904362,"internal_node_id":"0.0-9.0-0.1"},{"rt":30011,"url":"../static/nodeGraphs.html","edge":"6to9","edgeRT":"28019","skip":"true","flipped":"True","index":"18","edgeClickLog":"[{\"edgeSelection\":\"0to1\",\"edgeRTMS\":17165},{\"edgeSelection\":\"0to2\",\"edgeRTMS\":20561},{\"edgeSelection\":\"3to6\",\"edgeRTMS\":25119},{\"edgeSelection\":\"6to9\",\"edgeRTMS\":28019}]","trial_id":"cong_8_flipped","congruency":"C","task":"experiment","subjectId":"znsnwhds3hkwlqy","trial_type":"external-html","trial_index":10,"time_elapsed":935009,"internal_node_id":"0.0-9.0-0.2"},{"rt":10849,"url":"../static/nodeGraphs.html","edge":"2to5","edgeRT":"5103","skip":"false","flipped":"True","index":"16","edgeClickLog":"[{\"edgeSelection\":\"2to5\",\"edgeRTMS\":5103}]","trial_id":"cong_6_flipped","congruency":"C","task":"experiment","subjectId":"znsnwhds3hkwlqy","trial_type":"external-html","trial_index":11,"time_elapsed":946480,"internal_node_id":"0.0-9.0-0.3"},{"rt":5979,"url":"../static/nodeGraphs.html","edge":"2to5","edgeRT":"5050","skip":"false","flipped":"False","index":"6","edgeClickLog":"[{\"edgeSelection\":\"2to5\",\"edgeRTMS\":5050}]","trial_id":"cong_6","congruency":"C","task":"experiment","subjectId":"znsnwhds3hkwlqy","trial_type":"external-html","trial_index":12,"time_elapsed":953064,"internal_node_id":"0.0-9.0-0.4"},{"rt":6007,"url":"../static/nodeGraphs.html","edge":"0to1","edgeRT":"4797","skip":"false","flipped":"False","index":"5","edgeClickLog":"[{\"edgeSelection\":\"0to1\",\"edgeRTMS\":2694},{\"edgeSelection\":\"0to1\",\"edgeRTMS\":4797}]","trial_id":"cong_5","congruency":"C","task":"experiment","subjectId":"znsnwhds3hkwlqy","trial_type":"external-html","trial_index":13,"time_elapsed":959692,"internal_node_id":"0.0-9.0-0.5"},{"rt":9369,"url":"../static/nodeGraphs.html","edge":"2to6","edgeRT":"8080","skip":"false","flipped":"False","index":"1","edgeClickLog":"[{\"edgeSelection\":\"2to6\",\"edgeRTMS\":8080}]","trial_id":"cong_1","congruency":"C","task":"experiment","subjectId":"znsnwhds3hkwlqy","trial_type":"external-html","trial_index":14,"time_elapsed":969680,"internal_node_id":"0.0-9.0-0.6"},{"rt":10672,"url":"../static/nodeGraphs.html","edge":"1to4","edgeRT":"9608","skip":"false","flipped":"False","index":"8","edgeClickLog":"[{\"edgeSelection\":\"1to4\",\"edgeRTMS\":5295},{\"edgeSelection\":\"4to7\",\"edgeRTMS\":7374},{\"edgeSelection\":\"1to4\",\"edgeRTMS\":9608}]","trial_id":"cong_8","congruency":"C","task":"experiment","subjectId":"znsnwhds3hkwlqy","trial_type":"external-html","trial_index":15,"time_elapsed":980998,"internal_node_id":"0.0-9.0-0.7"},{"rt":8999,"url":"../static/nodeGraphs.html","edge":"2to4","edgeRT":"7281","skip":"false","flipped":"False","index":"7","edgeClickLog":"[{\"edgeSelection\":\"0to2\",\"edgeRTMS\":6096},{\"edgeSelection\":\"2to4\",\"edgeRTMS\":7281}]","trial_id":"cong_7","congruency":"C","task":"experiment","subjectId":"znsnwhds3hkwlqy","trial_type":"external-html","trial_index":16,"time_elapsed":990614,"internal_node_id":"0.0-9.0-0.8"},{"rt":10686,"url":"../static/nodeGraphs.html","edge":"2to6","edgeRT":"9025","skip":"false","flipped":"True","index":"17","edgeClickLog":"[{\"edgeSelection\":\"0to2\",\"edgeRTMS\":7423},{\"edgeSelection\":\"2to6\",\"edgeRTMS\":9025}]","trial_id":"cong_7_flipped","congruency":"C","task":"experiment","subjectId":"znsnwhds3hkwlqy","trial_type":"external-html","trial_index":17,"time_elapsed":1002013,"internal_node_id":"0.0-9.0-0.9"},{"rt":16144,"url":"../static/nodeGraphs.html","edge":"3to5","edgeRT":"14705","skip":"false","flipped":"False","index":"3","edgeClickLog":"[{\"edgeSelection\":\"3to5\",\"edgeRTMS\":14705}]","trial_id":"cong_3","congruency":"C","task":"experiment","subjectId":"znsnwhds3hkwlqy","trial_type":"external-html","trial_index":18,"time_elapsed":1018871,"internal_node_id":"0.0-9.0-0.10"},{"rt":9131,"url":"../static/nodeGraphs.html","edge":"3to6","edgeRT":"7525","skip":"false","flipped":"True","index":"10","edgeClickLog":"[{\"edgeSelection\":\"0to2\",\"edgeRTMS\":4957},{\"edgeSelection\":\"3to6\",\"edgeRTMS\":7525}]","trial_id":"cong_0_flipped","congruency":"C","task":"experiment","subjectId":"znsnwhds3hkwlqy","trial_type":"external-html","trial_index":19,"time_elapsed":1028623,"internal_node_id":"0.0-9.0-0.11"},{"rt":4107,"url":"../static/nodeGraphs.html","edge":"2to5","edgeRT":"1779","skip":"false","flipped":"True","index":"19","edgeClickLog":"[{\"edgeSelection\":\"2to5\",\"edgeRTMS\":1779}]","trial_id":"cong_9_flipped","congruency":"C","task":"experiment","subjectId":"znsnwhds3hkwlqy","trial_type":"external-html","trial_index":20,"time_elapsed":1033342,"internal_node_id":"0.0-9.0-0.12"},{"rt":4935,"url":"../static/nodeGraphs.html","edge":"2to4","edgeRT":"3751","skip":"false","flipped":"False","index":"4","edgeClickLog":"[{\"edgeSelection\":\"2to4\",\"edgeRTMS\":3751}]","trial_id":"cong_4","congruency":"C","task":"experiment","subjectId":"znsnwhds3hkwlqy","trial_type":"external-html","trial_index":21,"time_elapsed":1038884,"internal_node_id":"0.0-9.0-0.13"},{"rt":2652,"url":"../static/nodeGraphs.html","edge":"2to6","edgeRT":"1509","skip":"false","flipped":"True","index":"14","edgeClickLog":"[{\"edgeSelection\":\"2to6\",\"edgeRTMS\":1509}]","trial_id":"cong_4_flipped","congruency":"C","task":"experiment","subjectId":"znsnwhds3hkwlqy","trial_type":"external-html","trial_index":22,"time_elapsed":1042151,"internal_node_id":"0.0-9.0-0.14"},{"rt":12420,"url":"../static/nodeGraphs.html","edge":"2to4","edgeRT":"11315","skip":"false","flipped":"True","index":"12","edgeClickLog":"[{\"edgeSelection\":\"2to4\",\"edgeRTMS\":11315}]","trial_id":"cong_2_flipped","congruency":"C","task":"experiment","subjectId":"znsnwhds3hkwlqy","trial_type":"external-html","trial_index":23,"time_elapsed":1055194,"internal_node_id":"0.0-9.0-0.15"},{"rt":11079,"url":"../static/nodeGraphs.html","edge":"5to9","edgeRT":"9962","skip":"false","flipped":"False","index":"2","edgeClickLog":"[{\"edgeSelection\":\"5to9\",\"edgeRTMS\":9962}]","trial_id":"cong_2","congruency":"C","task":"experiment","subjectId":"znsnwhds3hkwlqy","trial_type":"external-html","trial_index":24,"time_elapsed":1066890,"internal_node_id":"0.0-9.0-0.16"},{"rt":4809,"url":"../static/nodeGraphs.html","edge":"2to4","edgeRT":"3544","skip":"false","flipped":"True","index":"11","edgeClickLog":"[{\"edgeSelection\":\"2to4\",\"edgeRTMS\":3544}]","trial_id":"cong_1_flipped","congruency":"C","task":"experiment","subjectId":"znsnwhds3hkwlqy","trial_type":"external-html","trial_index":25,"time_elapsed":1072336,"internal_node_id":"0.0-9.0-0.17"},{"rt":3340,"url":"../static/nodeGraphs.html","edge":"1to4","edgeRT":"2338","skip":"false","flipped":"False","index":"0","edgeClickLog":"[{\"edgeSelection\":\"1to4\",\"edgeRTMS\":2338}]","trial_id":"cong_0","congruency":"C","task":"experiment","subjectId":"znsnwhds3hkwlqy","trial_type":"external-html","trial_index":26,"time_elapsed":1076289,"internal_node_id":"0.0-9.0-0.18"},{"rt":2916,"url":"../static/nodeGraphs.html","edge":"2to5","edgeRT":"1996","skip":"false","flipped":"False","index":"9","edgeClickLog":"[{\"edgeSelection\":\"2to5\",\"edgeRTMS\":1996}]","trial_id":"cong_9","congruency":"C","task":"experiment","subjectId":"znsnwhds3hkwlqy","trial_type":"external-html","trial_index":27,"time_elapsed":1079828,"internal_node_id":"0.0-9.0-0.19"},{"rt":13381,"url":"../static/nodeGraphs.html","edge":"5to8","edgeRT":"10552","skip":"false","flipped":"False","index":"20","edgeClickLog":"[{\"edgeSelection\":\"5to8\",\"edgeRTMS\":10552}]","trial_id":"test_0","congruency":"I","task":"experiment","subjectId":"znsnwhds3hkwlqy","trial_type":"external-html","trial_index":28,"time_elapsed":1093874,"internal_node_id":"0.0-9.0-0.20"},{"rt":6906,"url":"../static/nodeGraphs.html","edge":"4to7","edgeRT":"4812","skip":"false","flipped":"False","index":"21","edgeClickLog":"[{\"edgeSelection\":\"4to7\",\"edgeRTMS\":4812}]","trial_id":"test_1","congruency":"I","task":"experiment","subjectId":"znsnwhds3hkwlqy","trial_type":"external-html","trial_index":29,"time_elapsed":1101401,"internal_node_id":"0.0-9.0-0.21"},{"rt":7392,"url":"../static/nodeGraphs.html","edge":"6to8","edgeRT":"6577","skip":"false","flipped":"False","index":"22","edgeClickLog":"[{\"edgeSelection\":\"6to8\",\"edgeRTMS\":6577}]","trial_id":"test_2","congruency":"I","task":"experiment","subjectId":"znsnwhds3hkwlqy","trial_type":"external-html","trial_index":30,"time_elapsed":1109414,"internal_node_id":"0.0-9.0-0.22"},{"rt":7726,"url":"../static/nodeGraphs.html","edge":"0to1","edgeRT":"6566","skip":"false","flipped":"False","index":"23","edgeClickLog":"[{\"edgeSelection\":\"0to1\",\"edgeRTMS\":6566}]","trial_id":"test_3","congruency":"I","task":"experiment","subjectId":"znsnwhds3hkwlqy","trial_type":"external-html","trial_index":31,"time_elapsed":1117828,"internal_node_id":"0.0-9.0-0.23"},{"rt":25016,"url":"../static/nodeGraphs.html","edge":"0to3","edgeRT":"23572","skip":"false","flipped":"False","index":"24","edgeClickLog":"[{\"edgeSelection\":\"0to3\",\"edgeRTMS\":23572}]","trial_id":"test_4","congruency":"I","task":"experiment","subjectId":"znsnwhds3hkwlqy","trial_type":"external-html","trial_index":32,"time_elapsed":1143460,"internal_node_id":"0.0-9.0-0.24"},{"rt":29999,"response":{"P0_Q0":null,"P0_Q1":3,"P0_Q2":6,"P0_Q3":6,"P0_Q4":2,"P0_Q5":1,"strategies":"Math","feedback":""},"accuracy":[],"trial_type":"survey","trial_index":33,"time_elapsed":1174009,"internal_node_id":"0.0-10.0"},{"rt":4790,"stimulus":"<p>Thanks for your time!</p>        <p>We need to manually calculate your bonus pay, please give us up to 7 days.</p><p>Press any key to conclude.</p>","response":" ","task":"end","subjectId":"znsnwhds3hkwlqy","trial_type":"html-keyboard-response","trial_index":34,"time_elapsed":1178801,"internal_node_id":"0.0-11.0","interactions":"[{\"event\":\"fullscreenenter\",\"trial\":1,\"time\":3631},{\"event\":\"blur\",\"trial\":4,\"time\":218065},{\"event\":\"focus\",\"trial\":4,\"time\":551938},{\"event\":\"blur\",\"trial\":4,\"time\":552734},{\"event\":\"focus\",\"trial\":4,\"time\":717797}]"}]