[{"success":true,"timeout":false,"failed_images":[],"failed_audio":[],"failed_video":[],"trial_type":"preload","trial_index":0,"time_elapsed":258,"internal_node_id":"0.0-0.0"},{"success":true,"trial_type":"fullscreen","trial_index":1,"time_elapsed":4058,"internal_node_id":"0.0-1.0"},{"rt":3785,"stimulus":"Welcome to the experiment. Press any key to begin.","response":" ","trial_type":"html-keyboard-response","trial_index":2,"time_elapsed":7844,"internal_node_id":"0.0-2.0"},{"view_history":[{"page_index":0,"viewing_time":9502},{"page_index":1,"viewing_time":24208},{"page_index":2,"viewing_time":28880},{"page_index":3,"viewing_time":18656},{"page_index":4,"viewing_time":2072},{"page_index":5,"viewing_time":944},{"page_index":6,"viewing_time":2056},{"page_index":7,"viewing_time":8160},{"page_index":8,"viewing_time":20056},{"page_index":9,"viewing_time":10576},{"page_index":10,"viewing_time":1288},{"page_index":11,"viewing_time":512},{"page_index":12,"viewing_time":488},{"page_index":13,"viewing_time":1560},{"page_index":14,"viewing_time":3936},{"page_index":15,"viewing_time":7800},{"page_index":16,"viewing_time":552},{"page_index":17,"viewing_time":1216},{"page_index":18,"viewing_time":352},{"page_index":19,"viewing_time":2480},{"page_index":20,"viewing_time":5232},{"page_index":21,"viewing_time":4409}],"rt":154935,"trial_type":"instructions","trial_index":3,"time_elapsed":162780,"internal_node_id":"0.0-3.0"},{"rt":65565,"url":"../static/nodeGraphsTraining.html","skip":[],"edgeClickLog":[],"trial_type":"external-html","trial_index":4,"time_elapsed":228423,"internal_node_id":"0.0-4.0"},{"rt":141111,"response":{"q1":"The goal is to help the student to get the most points","q2":"False","q3":"Possible paths you, as the teacher, can choose to teach the learner.","q4":"Paths that the student took before."},"question_order":[0,1,2,3],"trial_type":"survey-multi-choice","trial_index":5,"time_elapsed":369536,"internal_node_id":"0.0-5.0"},{"rt":10258,"stimulus":"<p>You can take a 60 second break before starting the experiment.</p><br><br><p>This page will advance in 60 seconds or you can press any key to advance now.</p>","response":"arrowright","trial_type":"html-keyboard-response","trial_index":6,"time_elapsed":379797,"internal_node_id":"0.0-7.0"},{"view_history":[{"page_index":0,"viewing_time":25954}],"rt":25955,"trial_type":"instructions","trial_index":7,"time_elapsed":405752,"internal_node_id":"0.0-8.0"},{"rt":14880,"url":"../static/nodeGraphs.html","edge":"2to4","edgeRT":"11021","skip":"false","flipped":"False","index":"2","edgeClickLog":"[{\"edgeSelection\":\"2to4\",\"edgeRTMS\":11021}]","trial_id":"incong_2","congruency":"I","task":"experiment","subjectId":"f6xblset6mmz0e4","trial_type":"external-html","trial_index":8,"time_elapsed":420826,"internal_node_id":"0.0-9.0-0.0"},{"rt":5861,"url":"../static/nodeGraphs.html","edge":"4to8","edgeRT":"4326","skip":"false","flipped":"True","index":"10","edgeClickLog":"[{\"edgeSelection\":\"4to8\",\"edgeRTMS\":4326}]","trial_id":"incong_0_flipped","congruency":"I","task":"experiment","subjectId":"f6xblset6mmz0e4","trial_type":"external-html","trial_index":9,"time_elapsed":427264,"internal_node_id":"0.0-9.0-0.1"},{"rt":13401,"url":"../static/nodeGraphs.html","edge":"0to2","edgeRT":"7963","skip":"false","flipped":"True","index":"12","edgeClickLog":"[{\"edgeSelection\":\"0to2\",\"edgeRTMS\":7963}]","trial_id":"incong_2_flipped","congruency":"I","task":"experiment","subjectId":"f6xblset6mmz0e4","trial_type":"external-html","trial_index":10,"time_elapsed":441239,"internal_node_id":"0.0-9.0-0.2"},{"rt":8560,"url":"../static/nodeGraphs.html","edge":"6to8","edgeRT":"6401","skip":"false","flipped":"True","index":"19","edgeClickLog":"[{\"edgeSelection\":\"6to8\",\"edgeRTMS\":6401}]","trial_id":"incong_9_flipped","congruency":"I","task":"experiment","subjectId":"f6xblset6mmz0e4","trial_type":"external-html","trial_index":11,"time_elapsed":450374,"internal_node_id":"0.0-9.0-0.3"},{"rt":8712,"url":"../static/nodeGraphs.html","edge":"6to8","edgeRT":"6336","skip":"false","flipped":"False","index":"0","edgeClickLog":"[{\"edgeSelection\":\"6to8\",\"edgeRTMS\":6336}]","trial_id":"incong_0","congruency":"I","task":"experiment","subjectId":"f6xblset6mmz0e4","trial_type":"external-html","trial_index":12,"time_elapsed":459674,"internal_node_id":"0.0-9.0-0.4"},{"rt":8728,"url":"../static/nodeGraphs.html","edge":"5to8","edgeRT":"7745","skip":"false","flipped":"False","index":"8","edgeClickLog":"[{\"edgeSelection\":\"5to8\",\"edgeRTMS\":7745}]","trial_id":"incong_8","congruency":"I","task":"experiment","subjectId":"f6xblset6mmz0e4","trial_type":"external-html","trial_index":13,"time_elapsed":468974,"internal_node_id":"0.0-9.0-0.5"},{"rt":5810,"url":"../static/nodeGraphs.html","edge":"5to8","edgeRT":"3889","skip":"false","flipped":"False","index":"7","edgeClickLog":"[{\"edgeSelection\":\"5to8\",\"edgeRTMS\":2827},{\"edgeSelection\":\"5to8\",\"edgeRTMS\":3889}]","trial_id":"incong_7","congruency":"I","task":"experiment","subjectId":"f6xblset6mmz0e4","trial_type":"external-html","trial_index":14,"time_elapsed":475360,"internal_node_id":"0.0-9.0-0.6"},{"rt":5020,"url":"../static/nodeGraphs.html","edge":"6to9","edgeRT":"3504","skip":"false","flipped":"False","index":"1","edgeClickLog":"[{\"edgeSelection\":\"6to9\",\"edgeRTMS\":3504}]","trial_id":"incong_1","congruency":"I","task":"experiment","subjectId":"f6xblset6mmz0e4","trial_type":"external-html","trial_index":15,"time_elapsed":480956,"internal_node_id":"0.0-9.0-0.7"},{"rt":8345,"url":"../static/nodeGraphs.html","edge":"5to7","edgeRT":"7199","skip":"false","flipped":"False","index":"3","edgeClickLog":"[{\"edgeSelection\":\"5to7\",\"edgeRTMS\":7199}]","trial_id":"incong_3","congruency":"I","task":"experiment","subjectId":"f6xblset6mmz0e4","trial_type":"external-html","trial_index":16,"time_elapsed":489875,"internal_node_id":"0.0-9.0-0.8"},{"rt":4774,"url":"../static/nodeGraphs.html","edge":"4to8","edgeRT":"2313","skip":"false","flipped":"True","index":"16","edgeClickLog":"[{\"edgeSelection\":\"4to8\",\"edgeRTMS\":2313}]","trial_id":"incong_6_flipped","congruency":"I","task":"experiment","subjectId":"f6xblset6mmz0e4","trial_type":"external-html","trial_index":17,"time_elapsed":495225,"internal_node_id":"0.0-9.0-0.9"},{"rt":4864,"url":"../static/nodeGraphs.html","edge":"5to9","edgeRT":"3898","skip":"false","flipped":"True","index":"13","edgeClickLog":"[{\"edgeSelection\":\"5to9\",\"edgeRTMS\":3898}]","trial_id":"incong_3_flipped","congruency":"I","task":"experiment","subjectId":"f6xblset6mmz0e4","trial_type":"external-html","trial_index":18,"time_elapsed":500666,"internal_node_id":"0.0-9.0-0.10"},{"rt":4587,"url":"../static/nodeGraphs.html","edge":"4to8","edgeRT":"2659","skip":"false","flipped":"False","index":"9","edgeClickLog":"[{\"edgeSelection\":\"4to8\",\"edgeRTMS\":2659}]","trial_id":"incong_9","congruency":"I","task":"experiment","subjectId":"f6xblset6mmz0e4","trial_type":"external-html","trial_index":19,"time_elapsed":505834,"internal_node_id":"0.0-9.0-0.11"},{"rt":5996,"url":"../static/nodeGraphs.html","edge":"4to7","edgeRT":"3491","skip":"false","flipped":"True","index":"11","edgeClickLog":"[{\"edgeSelection\":\"4to7\",\"edgeRTMS\":3491}]","trial_id":"incong_1_flipped","congruency":"I","task":"experiment","subjectId":"f6xblset6mmz0e4","trial_type":"external-html","trial_index":20,"time_elapsed":512406,"internal_node_id":"0.0-9.0-0.12"},{"rt":13329,"url":"../static/nodeGraphs.html","edge":"4to8","edgeRT":"10441","skip":"false","flipped":"False","index":"4","edgeClickLog":"[{\"edgeSelection\":\"4to8\",\"edgeRTMS\":10441}]","trial_id":"incong_4","congruency":"I","task":"experiment","subjectId":"f6xblset6mmz0e4","trial_type":"external-html","trial_index":21,"time_elapsed":526313,"internal_node_id":"0.0-9.0-0.13"},{"rt":5417,"url":"../static/nodeGraphs.html","edge":"6to8","edgeRT":"2648","skip":"false","flipped":"False","index":"6","edgeClickLog":"[{\"edgeSelection\":\"6to8\",\"edgeRTMS\":2648}]","trial_id":"incong_6","congruency":"I","task":"experiment","subjectId":"f6xblset6mmz0e4","trial_type":"external-html","trial_index":22,"time_elapsed":532306,"internal_node_id":"0.0-9.0-0.14"},{"rt":16217,"url":"../static/nodeGraphs.html","edge":"0to3","edgeRT":"15419","skip":"false","flipped":"True","index":"14","edgeClickLog":"[{\"edgeSelection\":\"0to3\",\"edgeRTMS\":15419}]","trial_id":"incong_4_flipped","congruency":"I","task":"experiment","subjectId":"f6xblset6mmz0e4","trial_type":"external-html","trial_index":23,"time_elapsed":549098,"internal_node_id":"0.0-9.0-0.15"},{"rt":16305,"url":"../static/nodeGraphs.html","edge":"0to1","edgeRT":"14612","skip":"false","flipped":"False","index":"5","edgeClickLog":"[{\"edgeSelection\":\"0to1\",\"edgeRTMS\":14612}]","trial_id":"incong_5","congruency":"I","task":"experiment","subjectId":"f6xblset6mmz0e4","trial_type":"external-html","trial_index":24,"time_elapsed":565980,"internal_node_id":"0.0-9.0-0.16"},{"rt":5831,"url":"../static/nodeGraphs.html","edge":"5to8","edgeRT":"3878","skip":"false","flipped":"True","index":"18","edgeClickLog":"[{\"edgeSelection\":\"5to8\",\"edgeRTMS\":3878}]","trial_id":"incong_8_flipped","congruency":"I","task":"experiment","subjectId":"f6xblset6mmz0e4","trial_type":"external-html","trial_index":25,"time_elapsed":572386,"internal_node_id":"0.0-9.0-0.17"},{"rt":7340,"url":"../static/nodeGraphs.html","edge":"5to8","edgeRT":"2503","skip":"false","flipped":"True","index":"17","edgeClickLog":"[{\"edgeSelection\":\"5to8\",\"edgeRTMS\":2503}]","trial_id":"incong_7_flipped","congruency":"I","task":"experiment","subjectId":"f6xblset6mmz0e4","trial_type":"external-html","trial_index":26,"time_elapsed":580299,"internal_node_id":"0.0-9.0-0.18"},{"rt":19646,"url":"../static/nodeGraphs.html","edge":"2to6","edgeRT":"12048","skip":"false","flipped":"True","index":"15","edgeClickLog":"[{\"edgeSelection\":\"2to6\",\"edgeRTMS\":12048}]","trial_id":"incong_5_flipped","congruency":"I","task":"experiment","subjectId":"f6xblset6mmz0e4","trial_type":"external-html","trial_index":27,"time_elapsed":600518,"internal_node_id":"0.0-9.0-0.19"},{"rt":5534,"url":"../static/nodeGraphs.html","edge":"5to8","edgeRT":"4781","skip":"false","flipped":"False","index":"20","edgeClickLog":"[{\"edgeSelection\":\"5to8\",\"edgeRTMS\":3887},{\"edgeSelection\":\"5to8\",\"edgeRTMS\":4781}]","trial_id":"test_0","congruency":"I","task":"experiment","subjectId":"f6xblset6mmz0e4","trial_type":"external-html","trial_index":28,"time_elapsed":606628,"internal_node_id":"0.0-9.0-0.20"},{"rt":8350,"url":"../static/nodeGraphs.html","edge":"4to7","edgeRT":"7426","skip":"false","flipped":"False","index":"21","edgeClickLog":"[{\"edgeSelection\":\"4to7\",\"edgeRTMS\":5474},{\"edgeSelection\":\"4to7\",\"edgeRTMS\":6517},{\"edgeSelection\":\"4to7\",\"edgeRTMS\":7426}]","trial_id":"test_1","congruency":"I","task":"experiment","subjectId":"f6xblset6mmz0e4","trial_type":"external-html","trial_index":29,"time_elapsed":615555,"internal_node_id":"0.0-9.0-0.21"},{"rt":3834,"url":"../static/nodeGraphs.html","edge":"6to8","edgeRT":"2941","skip":"false","flipped":"False","index":"22","edgeClickLog":"[{\"edgeSelection\":\"6to8\",\"edgeRTMS\":2941}]","trial_id":"test_2","congruency":"I","task":"experiment","subjectId":"f6xblset6mmz0e4","trial_type":"external-html","trial_index":30,"time_elapsed":619963,"internal_node_id":"0.0-9.0-0.22"},{"rt":6809,"url":"../static/nodeGraphs.html","edge":"5to9","edgeRT":"2415","skip":"false","flipped":"False","index":"23","edgeClickLog":"[{\"edgeSelection\":\"5to9\",\"edgeRTMS\":2415}]","trial_id":"test_3","congruency":"I","task":"experiment","subjectId":"f6xblset6mmz0e4","trial_type":"external-html","trial_index":31,"time_elapsed":627346,"internal_node_id":"0.0-9.0-0.23"},{"rt":19112,"url":"../static/nodeGraphs.html","edge":"3to6","edgeRT":"16074","skip":"false","flipped":"False","index":"24","edgeClickLog":"[{\"edgeSelection\":\"0to3\",\"edgeRTMS\":10477},{\"edgeSelection\":\"3to6\",\"edgeRTMS\":16074}]","trial_id":"test_4","congruency":"I","task":"experiment","subjectId":"f6xblset6mmz0e4","trial_type":"external-html","trial_index":32,"time_elapsed":647032,"internal_node_id":"0.0-9.0-0.24"},{"rt":49605,"response":{"P0_Q0":null,"P0_Q1":5,"P0_Q2":7,"P0_Q3":6,"P0_Q4":6,"P0_Q5":3,"strategies":"I choose the best path that would yield points higher than the path the student initially took","feedback":"None at this time."},"accuracy":[],"trial_type":"survey","trial_index":33,"time_elapsed":697193,"internal_node_id":"0.0-10.0"},{"rt":4346,"stimulus":"<p>Thanks for your time!</p>        <p>We need to manually calculate your bonus pay, please give us up to 7 days.</p><p>Press any key to conclude.</p>","response":" ","task":"end","subjectId":"f6xblset6mmz0e4","trial_type":"html-keyboard-response","trial_index":34,"time_elapsed":701540,"internal_node_id":"0.0-11.0","interactions":"[{\"event\":\"fullscreenenter\",\"trial\":1,\"time\":3077}]"}]