[{"success":true,"timeout":false,"failed_images":[],"failed_audio":[],"failed_video":[],"trial_type":"preload","trial_index":0,"time_elapsed":197,"internal_node_id":"0.0-0.0"},{"success":true,"trial_type":"fullscreen","trial_index":1,"time_elapsed":4828,"internal_node_id":"0.0-1.0"},{"rt":4162,"stimulus":"Welcome to the experiment. Press any key to begin.","response":"enter","trial_type":"html-keyboard-response","trial_index":2,"time_elapsed":8991,"internal_node_id":"0.0-2.0"},{"view_history":[{"page_index":0,"viewing_time":7000},{"page_index":1,"viewing_time":5720},{"page_index":2,"viewing_time":32157},{"page_index":3,"viewing_time":5610},{"page_index":4,"viewing_time":1704},{"page_index":5,"viewing_time":704},{"page_index":6,"viewing_time":1838},{"page_index":7,"viewing_time":9795},{"page_index":8,"viewing_time":18407},{"page_index":9,"viewing_time":16968},{"page_index":10,"viewing_time":1856},{"page_index":11,"viewing_time":1040},{"page_index":12,"viewing_time":1950},{"page_index":13,"viewing_time":3659},{"page_index":14,"viewing_time":4576},{"page_index":15,"viewing_time":13126},{"page_index":16,"viewing_time":1145},{"page_index":17,"viewing_time":735},{"page_index":18,"viewing_time":1055},{"page_index":19,"viewing_time":3730},{"page_index":20,"viewing_time":1232},{"page_index":19,"viewing_time":6528},{"page_index":20,"viewing_time":5504},{"page_index":21,"viewing_time":5641}],"rt":151680,"trial_type":"instructions","trial_index":3,"time_elapsed":160646,"internal_node_id":"0.0-3.0"},{"rt":157798,"url":"../static/nodeGraphsTraining.html","skip":[],"edgeClickLog":[],"trial_type":"external-html","trial_index":4,"time_elapsed":318610,"internal_node_id":"0.0-4.0"},{"rt":58229,"response":{"q1":"The goal is to help the student to get the most points","q2":"True","q3":"Possible paths you, as the teacher, can choose to teach the learner.","q4":"Paths that the student took before."},"question_order":[0,1,2,3],"trial_type":"survey-multi-choice","trial_index":5,"time_elapsed":376843,"internal_node_id":"0.0-5.0"},{"rt":42757,"response":{"q1":"The goal is to help the student to get the most points","q2":"False","q3":"Possible paths you, as the teacher, can choose to teach the learner.","q4":"Paths that the student took before."},"question_order":[0,1,2,3],"trial_type":"survey-multi-choice","trial_index":6,"time_elapsed":419603,"internal_node_id":"0.0-6.0-0.0"},{"rt":9929,"stimulus":"<p>You can take a 60 second break before starting the experiment.</p><br><br><p>This page will advance in 60 seconds or you can press any key to advance now.</p>","response":"arrowright","trial_type":"html-keyboard-response","trial_index":7,"time_elapsed":429534,"internal_node_id":"0.0-7.0"},{"view_history":[{"page_index":0,"viewing_time":25311}],"rt":25311,"trial_type":"instructions","trial_index":8,"time_elapsed":454846,"internal_node_id":"0.0-8.0"},{"rt":14698,"url":"../static/nodeGraphs.html","edge":"3to6","edgeRT":"12845","skip":"false","flipped":"True","index":"18","edgeClickLog":"[{\"edgeSelection\":\"3to6\",\"edgeRTMS\":12845}]","trial_id":"cong_8_flipped","congruency":"C","task":"experiment","subjectId":"h9ot4l8f4uxwymn","trial_type":"external-html","trial_index":9,"time_elapsed":469884,"internal_node_id":"0.0-9.0-0.0"},{"rt":7769,"url":"../static/nodeGraphs.html","edge":"0to3","edgeRT":"5725","skip":"false","flipped":"True","index":"15","edgeClickLog":"[{\"edgeSelection\":\"0to3\",\"edgeRTMS\":5725}]","trial_id":"cong_5_flipped","congruency":"C","task":"experiment","subjectId":"h9ot4l8f4uxwymn","trial_type":"external-html","trial_index":10,"time_elapsed":478331,"internal_node_id":"0.0-9.0-0.1"},{"rt":6082,"url":"../static/nodeGraphs.html","edge":"3to6","edgeRT":"4701","skip":"false","flipped":"True","index":"10","edgeClickLog":"[{\"edgeSelection\":\"3to6\",\"edgeRTMS\":4701}]","trial_id":"cong_0_flipped","congruency":"C","task":"experiment","subjectId":"h9ot4l8f4uxwymn","trial_type":"external-html","trial_index":11,"time_elapsed":485092,"internal_node_id":"0.0-9.0-0.2"},{"rt":14771,"url":"../static/nodeGraphs.html","edge":"0to1","edgeRT":"12464","skip":"false","flipped":"False","index":"7","edgeClickLog":"[{\"edgeSelection\":\"0to1\",\"edgeRTMS\":12464}]","trial_id":"cong_7","congruency":"C","task":"experiment","subjectId":"h9ot4l8f4uxwymn","trial_type":"external-html","trial_index":12,"time_elapsed":500532,"internal_node_id":"0.0-9.0-0.3"},{"rt":21819,"url":"../static/nodeGraphs.html","edge":"3to5","edgeRT":"16563","skip":"false","flipped":"True","index":"13","edgeClickLog":"[{\"edgeSelection\":\"0to3\",\"edgeRTMS\":14896},{\"edgeSelection\":\"3to5\",\"edgeRTMS\":16563}]","trial_id":"cong_3_flipped","congruency":"C","task":"experiment","subjectId":"h9ot4l8f4uxwymn","trial_type":"external-html","trial_index":13,"time_elapsed":523020,"internal_node_id":"0.0-9.0-0.4"},{"rt":9531,"url":"../static/nodeGraphs.html","edge":"2to6","edgeRT":"6474","skip":"false","flipped":"True","index":"14","edgeClickLog":"[{\"edgeSelection\":\"3to5\",\"edgeRTMS\":5463},{\"edgeSelection\":\"2to6\",\"edgeRTMS\":6474}]","trial_id":"cong_4_flipped","congruency":"C","task":"experiment","subjectId":"h9ot4l8f4uxwymn","trial_type":"external-html","trial_index":14,"time_elapsed":533220,"internal_node_id":"0.0-9.0-0.5"},{"rt":10601,"url":"../static/nodeGraphs.html","edge":"5to7","edgeRT":"7606","skip":"false","flipped":"True","index":"12","edgeClickLog":"[{\"edgeSelection\":\"5to7\",\"edgeRTMS\":7606}]","trial_id":"cong_2_flipped","congruency":"C","task":"experiment","subjectId":"h9ot4l8f4uxwymn","trial_type":"external-html","trial_index":15,"time_elapsed":544492,"internal_node_id":"0.0-9.0-0.6"},{"rt":9310,"url":"../static/nodeGraphs.html","edge":"2to4","edgeRT":"7211","skip":"false","flipped":"True","index":"11","edgeClickLog":"[{\"edgeSelection\":\"2to4\",\"edgeRTMS\":7211}]","trial_id":"cong_1_flipped","congruency":"C","task":"experiment","subjectId":"h9ot4l8f4uxwymn","trial_type":"external-html","trial_index":16,"time_elapsed":554476,"internal_node_id":"0.0-9.0-0.7"},{"rt":5084,"url":"../static/nodeGraphs.html","edge":"1to4","edgeRT":"3712","skip":"false","flipped":"False","index":"0","edgeClickLog":"[{\"edgeSelection\":\"1to4\",\"edgeRTMS\":3712}]","trial_id":"cong_0","congruency":"C","task":"experiment","subjectId":"h9ot4l8f4uxwymn","trial_type":"external-html","trial_index":17,"time_elapsed":560228,"internal_node_id":"0.0-9.0-0.8"},{"rt":17811,"url":"../static/nodeGraphs.html","edge":"0to3","edgeRT":"14940","skip":"false","flipped":"False","index":"2","edgeClickLog":"[{\"edgeSelection\":\"0to1\",\"edgeRTMS\":13833},{\"edgeSelection\":\"0to3\",\"edgeRTMS\":14940}]","trial_id":"cong_2","congruency":"C","task":"experiment","subjectId":"h9ot4l8f4uxwymn","trial_type":"external-html","trial_index":18,"time_elapsed":578716,"internal_node_id":"0.0-9.0-0.9"},{"rt":7536,"url":"../static/nodeGraphs.html","edge":"2to5","edgeRT":"3663","skip":"false","flipped":"True","index":"19","edgeClickLog":"[{\"edgeSelection\":\"2to5\",\"edgeRTMS\":3663}]","trial_id":"cong_9_flipped","congruency":"C","task":"experiment","subjectId":"h9ot4l8f4uxwymn","trial_type":"external-html","trial_index":19,"time_elapsed":586916,"internal_node_id":"0.0-9.0-0.10"},{"rt":11132,"url":"../static/nodeGraphs.html","edge":"0to1","edgeRT":"8402","skip":"false","flipped":"False","index":"3","edgeClickLog":"[{\"edgeSelection\":\"0to1\",\"edgeRTMS\":8402}]","trial_id":"cong_3","congruency":"C","task":"experiment","subjectId":"h9ot4l8f4uxwymn","trial_type":"external-html","trial_index":20,"time_elapsed":598716,"internal_node_id":"0.0-9.0-0.11"},{"rt":9092,"url":"../static/nodeGraphs.html","edge":"2to6","edgeRT":"4602","skip":"false","flipped":"False","index":"1","edgeClickLog":"[{\"edgeSelection\":\"2to6\",\"edgeRTMS\":4602}]","trial_id":"cong_1","congruency":"C","task":"experiment","subjectId":"h9ot4l8f4uxwymn","trial_type":"external-html","trial_index":21,"time_elapsed":608477,"internal_node_id":"0.0-9.0-0.12"},{"rt":5337,"url":"../static/nodeGraphs.html","edge":"2to5","edgeRT":"2687","skip":"false","flipped":"False","index":"9","edgeClickLog":"[{\"edgeSelection\":\"2to5\",\"edgeRTMS\":2687}]","trial_id":"cong_9","congruency":"C","task":"experiment","subjectId":"h9ot4l8f4uxwymn","trial_type":"external-html","trial_index":22,"time_elapsed":614477,"internal_node_id":"0.0-9.0-0.13"},{"rt":5586,"url":"../static/nodeGraphs.html","edge":"2to4","edgeRT":"1978","skip":"false","flipped":"False","index":"4","edgeClickLog":"[{\"edgeSelection\":\"2to4\",\"edgeRTMS\":1978}]","trial_id":"cong_4","congruency":"C","task":"experiment","subjectId":"h9ot4l8f4uxwymn","trial_type":"external-html","trial_index":23,"time_elapsed":620733,"internal_node_id":"0.0-9.0-0.14"},{"rt":8394,"url":"../static/nodeGraphs.html","edge":"2to6","edgeRT":"2704","skip":"false","flipped":"True","index":"17","edgeClickLog":"[{\"edgeSelection\":\"2to6\",\"edgeRTMS\":2704}]","trial_id":"cong_7_flipped","congruency":"C","task":"experiment","subjectId":"h9ot4l8f4uxwymn","trial_type":"external-html","trial_index":24,"time_elapsed":629797,"internal_node_id":"0.0-9.0-0.15"},{"rt":6573,"url":"../static/nodeGraphs.html","edge":"0to1","edgeRT":"3884","skip":"false","flipped":"False","index":"5","edgeClickLog":"[{\"edgeSelection\":\"0to1\",\"edgeRTMS\":3884}]","trial_id":"cong_5","congruency":"C","task":"experiment","subjectId":"h9ot4l8f4uxwymn","trial_type":"external-html","trial_index":25,"time_elapsed":637037,"internal_node_id":"0.0-9.0-0.16"},{"rt":6689,"url":"../static/nodeGraphs.html","edge":"2to5","edgeRT":"4502","skip":"false","flipped":"False","index":"6","edgeClickLog":"[{\"edgeSelection\":\"2to5\",\"edgeRTMS\":4502}]","trial_id":"cong_6","congruency":"C","task":"experiment","subjectId":"h9ot4l8f4uxwymn","trial_type":"external-html","trial_index":26,"time_elapsed":644397,"internal_node_id":"0.0-9.0-0.17"},{"rt":12913,"url":"../static/nodeGraphs.html","edge":"1to4","edgeRT":"8199","skip":"false","flipped":"False","index":"8","edgeClickLog":"[{\"edgeSelection\":\"1to4\",\"edgeRTMS\":8199}]","trial_id":"cong_8","congruency":"C","task":"experiment","subjectId":"h9ot4l8f4uxwymn","trial_type":"external-html","trial_index":27,"time_elapsed":657981,"internal_node_id":"0.0-9.0-0.18"},{"rt":6519,"url":"../static/nodeGraphs.html","edge":"2to5","edgeRT":"2716","skip":"false","flipped":"True","index":"16","edgeClickLog":"[{\"edgeSelection\":\"2to5\",\"edgeRTMS\":2716}]","trial_id":"cong_6_flipped","congruency":"C","task":"experiment","subjectId":"h9ot4l8f4uxwymn","trial_type":"external-html","trial_index":28,"time_elapsed":665165,"internal_node_id":"0.0-9.0-0.19"},{"rt":20677,"url":"../static/nodeGraphs.html","edge":"0to2","edgeRT":"12436","skip":"false","flipped":"False","index":"20","edgeClickLog":"[{\"edgeSelection\":\"0to2\",\"edgeRTMS\":6123},{\"edgeSelection\":\"2to6\",\"edgeRTMS\":11194},{\"edgeSelection\":\"0to2\",\"edgeRTMS\":12436}]","trial_id":"test_0","congruency":"I","task":"experiment","subjectId":"h9ot4l8f4uxwymn","trial_type":"external-html","trial_index":29,"time_elapsed":686533,"internal_node_id":"0.0-9.0-0.20"},{"rt":13367,"url":"../static/nodeGraphs.html","edge":"0to3","edgeRT":"4511","skip":"false","flipped":"False","index":"21","edgeClickLog":"[{\"edgeSelection\":\"0to3\",\"edgeRTMS\":1764},{\"edgeSelection\":\"3to6\",\"edgeRTMS\":3711},{\"edgeSelection\":\"0to3\",\"edgeRTMS\":4511}]","trial_id":"test_1","congruency":"I","task":"experiment","subjectId":"h9ot4l8f4uxwymn","trial_type":"external-html","trial_index":30,"time_elapsed":700574,"internal_node_id":"0.0-9.0-0.21"},{"rt":7155,"url":"../static/nodeGraphs.html","edge":"0to3","edgeRT":"3195","skip":"false","flipped":"False","index":"22","edgeClickLog":"[{\"edgeSelection\":\"0to3\",\"edgeRTMS\":3195}]","trial_id":"test_2","congruency":"I","task":"experiment","subjectId":"h9ot4l8f4uxwymn","trial_type":"external-html","trial_index":31,"time_elapsed":708398,"internal_node_id":"0.0-9.0-0.22"},{"rt":6562,"url":"../static/nodeGraphs.html","edge":"0to1","edgeRT":"2080","skip":"false","flipped":"False","index":"23","edgeClickLog":"[{\"edgeSelection\":\"0to1\",\"edgeRTMS\":2080}]","trial_id":"test_3","congruency":"I","task":"experiment","subjectId":"h9ot4l8f4uxwymn","trial_type":"external-html","trial_index":32,"time_elapsed":715638,"internal_node_id":"0.0-9.0-0.23"},{"rt":16735,"url":"../static/nodeGraphs.html","edge":"1to5","edgeRT":"14885","skip":"false","flipped":"False","index":"24","edgeClickLog":"[{\"edgeSelection\":\"1to5\",\"edgeRTMS\":14885}]","trial_id":"test_4","congruency":"I","task":"experiment","subjectId":"h9ot4l8f4uxwymn","trial_type":"external-html","trial_index":33,"time_elapsed":733046,"internal_node_id":"0.0-9.0-0.24"},{"rt":46120,"response":{"P0_Q0":null,"P0_Q1":5,"P0_Q2":6,"P0_Q3":6,"P0_Q4":5,"P0_Q5":3,"strategies":"traversing the end points","feedback":""},"accuracy":[],"trial_type":"survey","trial_index":34,"time_elapsed":779731,"internal_node_id":"0.0-10.0"},{"rt":5685,"stimulus":"<p>Thanks for your time!</p>        <p>We need to manually calculate your bonus pay, please give us up to 7 days.</p><p>Press any key to conclude.</p>","response":"arrowright","task":"end","subjectId":"h9ot4l8f4uxwymn","trial_type":"html-keyboard-response","trial_index":35,"time_elapsed":785418,"internal_node_id":"0.0-11.0","interactions":"[{\"event\":\"fullscreenenter\",\"trial\":1,\"time\":3836}]"}]