[{"success":true,"timeout":false,"failed_images":[],"failed_audio":[],"failed_video":[],"trial_type":"preload","trial_index":0,"time_elapsed":2673,"internal_node_id":"0.0-0.0"},{"success":true,"trial_type":"fullscreen","trial_index":1,"time_elapsed":5986,"internal_node_id":"0.0-1.0"},{"rt":1879,"stimulus":"Welcome to the experiment. Press any key to begin.","response":" ","trial_type":"html-keyboard-response","trial_index":2,"time_elapsed":7866,"internal_node_id":"0.0-2.0"},{"view_history":[{"page_index":0,"viewing_time":7102},{"page_index":1,"viewing_time":5162},{"page_index":2,"viewing_time":22809},{"page_index":3,"viewing_time":10048},{"page_index":4,"viewing_time":1106},{"page_index":5,"viewing_time":948},{"page_index":6,"viewing_time":2634},{"page_index":7,"viewing_time":14624},{"page_index":8,"viewing_time":18466},{"page_index":9,"viewing_time":16433},{"page_index":10,"viewing_time":1905},{"page_index":11,"viewing_time":522},{"page_index":12,"viewing_time":507},{"page_index":13,"viewing_time":1332},{"page_index":14,"viewing_time":3370},{"page_index":15,"viewing_time":5222},{"page_index":16,"viewing_time":1105},{"page_index":17,"viewing_time":359},{"page_index":18,"viewing_time":427},{"page_index":19,"viewing_time":4856},{"page_index":20,"viewing_time":7575},{"page_index":21,"viewing_time":5852}],"rt":132364,"trial_type":"instructions","trial_index":3,"time_elapsed":140232,"internal_node_id":"0.0-3.0"},{"rt":71973,"url":"../static/nodeGraphsTraining.html","skip":[],"edgeClickLog":[],"trial_type":"external-html","trial_index":4,"time_elapsed":212409,"internal_node_id":"0.0-4.0"},{"rt":63844,"response":{"q1":"The goal is to help the student to get the most points","q2":"True","q3":"Possible paths you, as the teacher, can choose to teach the learner.","q4":"Paths that the student took before."},"question_order":[0,1,2,3],"trial_type":"survey-multi-choice","trial_index":5,"time_elapsed":276257,"internal_node_id":"0.0-5.0"},{"rt":30024,"response":{"q1":"The goal is to help the student to get the most points","q2":"False","q3":"Possible paths you, as the teacher, can choose to teach the learner.","q4":"Paths that the student took before."},"question_order":[0,1,2,3],"trial_type":"survey-multi-choice","trial_index":6,"time_elapsed":306285,"internal_node_id":"0.0-6.0-0.0"},{"rt":7902,"stimulus":"<p>You can take a 60 second break before starting the experiment.</p><br><br><p>This page will advance in 60 seconds or you can press any key to advance now.</p>","response":"arrowright","trial_type":"html-keyboard-response","trial_index":7,"time_elapsed":314189,"internal_node_id":"0.0-7.0"},{"view_history":[{"page_index":0,"viewing_time":16702}],"rt":16702,"trial_type":"instructions","trial_index":8,"time_elapsed":330893,"internal_node_id":"0.0-8.0"},{"rt":13471,"url":"../static/nodeGraphs.html","edge":"2to4","edgeRT":"8243","skip":"false","flipped":"True","index":"11","edgeClickLog":"[{\"edgeSelection\":\"2to4\",\"edgeRTMS\":6342},{\"edgeSelection\":\"2to4\",\"edgeRTMS\":7663},{\"edgeSelection\":\"2to4\",\"edgeRTMS\":8243}]","trial_id":"cong_1_flipped","congruency":"C","task":"experiment","subjectId":"qu522o9goe5mrke","trial_type":"external-html","trial_index":9,"time_elapsed":344664,"internal_node_id":"0.0-9.0-0.0"},{"rt":14643,"url":"../static/nodeGraphs.html","edge":"2to6","edgeRT":"12158","skip":"false","flipped":"True","index":"17","edgeClickLog":"[{\"edgeSelection\":\"2to6\",\"edgeRTMS\":12158}]","trial_id":"cong_7_flipped","congruency":"C","task":"experiment","subjectId":"qu522o9goe5mrke","trial_type":"external-html","trial_index":10,"time_elapsed":360068,"internal_node_id":"0.0-9.0-0.1"},{"rt":13294,"url":"../static/nodeGraphs.html","edge":"5to7","edgeRT":"9694","skip":"false","flipped":"True","index":"13","edgeClickLog":"[{\"edgeSelection\":\"5to7\",\"edgeRTMS\":9694}]","trial_id":"cong_3_flipped","congruency":"C","task":"experiment","subjectId":"qu522o9goe5mrke","trial_type":"external-html","trial_index":11,"time_elapsed":374081,"internal_node_id":"0.0-9.0-0.2"},{"rt":11871,"url":"../static/nodeGraphs.html","edge":"5to9","edgeRT":"6828","skip":"false","flipped":"False","index":"2","edgeClickLog":"[{\"edgeSelection\":\"6to8\",\"edgeRTMS\":5340},{\"edgeSelection\":\"5to9\",\"edgeRTMS\":6450},{\"edgeSelection\":\"5to9\",\"edgeRTMS\":6828}]","trial_id":"cong_2","congruency":"C","task":"experiment","subjectId":"qu522o9goe5mrke","trial_type":"external-html","trial_index":12,"time_elapsed":386892,"internal_node_id":"0.0-9.0-0.3"},{"rt":7472,"url":"../static/nodeGraphs.html","edge":"4to8","edgeRT":"5014","skip":"false","flipped":"False","index":"4","edgeClickLog":"[{\"edgeSelection\":\"4to8\",\"edgeRTMS\":5014}]","trial_id":"cong_4","congruency":"C","task":"experiment","subjectId":"qu522o9goe5mrke","trial_type":"external-html","trial_index":13,"time_elapsed":395191,"internal_node_id":"0.0-9.0-0.4"},{"rt":4723,"url":"../static/nodeGraphs.html","edge":"1to4","edgeRT":"3558","skip":"false","flipped":"False","index":"0","edgeClickLog":"[{\"edgeSelection\":\"1to4\",\"edgeRTMS\":3558}]","trial_id":"cong_0","congruency":"C","task":"experiment","subjectId":"qu522o9goe5mrke","trial_type":"external-html","trial_index":14,"time_elapsed":400633,"internal_node_id":"0.0-9.0-0.5"},{"rt":8660,"url":"../static/nodeGraphs.html","edge":"3to6","edgeRT":"6986","skip":"false","flipped":"True","index":"15","edgeClickLog":"[{\"edgeSelection\":\"0to3\",\"edgeRTMS\":4580},{\"edgeSelection\":\"0to3\",\"edgeRTMS\":5896},{\"edgeSelection\":\"3to6\",\"edgeRTMS\":6986}]","trial_id":"cong_5_flipped","congruency":"C","task":"experiment","subjectId":"qu522o9goe5mrke","trial_type":"external-html","trial_index":15,"time_elapsed":409996,"internal_node_id":"0.0-9.0-0.6"},{"rt":5709,"url":"../static/nodeGraphs.html","edge":"3to6","edgeRT":"4421","skip":"false","flipped":"True","index":"10","edgeClickLog":"[{\"edgeSelection\":\"3to6\",\"edgeRTMS\":3292},{\"edgeSelection\":\"3to6\",\"edgeRTMS\":4421}]","trial_id":"cong_0_flipped","congruency":"C","task":"experiment","subjectId":"qu522o9goe5mrke","trial_type":"external-html","trial_index":16,"time_elapsed":416465,"internal_node_id":"0.0-9.0-0.7"},{"rt":3515,"url":"../static/nodeGraphs.html","edge":"2to5","edgeRT":"2067","skip":"false","flipped":"False","index":"9","edgeClickLog":"[{\"edgeSelection\":\"2to5\",\"edgeRTMS\":2067}]","trial_id":"cong_9","congruency":"C","task":"experiment","subjectId":"qu522o9goe5mrke","trial_type":"external-html","trial_index":17,"time_elapsed":420722,"internal_node_id":"0.0-9.0-0.8"},{"rt":4516,"url":"../static/nodeGraphs.html","edge":"2to6","edgeRT":"3239","skip":"false","flipped":"True","index":"14","edgeClickLog":"[{\"edgeSelection\":\"2to6\",\"edgeRTMS\":3239}]","trial_id":"cong_4_flipped","congruency":"C","task":"experiment","subjectId":"qu522o9goe5mrke","trial_type":"external-html","trial_index":18,"time_elapsed":426024,"internal_node_id":"0.0-9.0-0.9"},{"rt":14351,"url":"../static/nodeGraphs.html","edge":"3to5","edgeRT":"10908","skip":"false","flipped":"False","index":"3","edgeClickLog":"[{\"edgeSelection\":\"1to5\",\"edgeRTMS\":5446},{\"edgeSelection\":\"1to5\",\"edgeRTMS\":8830},{\"edgeSelection\":\"3to5\",\"edgeRTMS\":10908}]","trial_id":"cong_3","congruency":"C","task":"experiment","subjectId":"qu522o9goe5mrke","trial_type":"external-html","trial_index":19,"time_elapsed":441288,"internal_node_id":"0.0-9.0-0.10"},{"rt":6430,"url":"../static/nodeGraphs.html","edge":"1to4","edgeRT":"5239","skip":"false","flipped":"False","index":"5","edgeClickLog":"[{\"edgeSelection\":\"1to4\",\"edgeRTMS\":3657},{\"edgeSelection\":\"1to4\",\"edgeRTMS\":5239}]","trial_id":"cong_5","congruency":"C","task":"experiment","subjectId":"qu522o9goe5mrke","trial_type":"external-html","trial_index":20,"time_elapsed":448520,"internal_node_id":"0.0-9.0-0.11"},{"rt":6740,"url":"../static/nodeGraphs.html","edge":"3to6","edgeRT":"5077","skip":"false","flipped":"True","index":"18","edgeClickLog":"[{\"edgeSelection\":\"3to6\",\"edgeRTMS\":5077}]","trial_id":"cong_8_flipped","congruency":"C","task":"experiment","subjectId":"qu522o9goe5mrke","trial_type":"external-html","trial_index":21,"time_elapsed":456000,"internal_node_id":"0.0-9.0-0.12"},{"rt":4606,"url":"../static/nodeGraphs.html","edge":"2to5","edgeRT":"2699","skip":"false","flipped":"True","index":"16","edgeClickLog":"[{\"edgeSelection\":\"2to5\",\"edgeRTMS\":2699}]","trial_id":"cong_6_flipped","congruency":"C","task":"experiment","subjectId":"qu522o9goe5mrke","trial_type":"external-html","trial_index":22,"time_elapsed":461341,"internal_node_id":"0.0-9.0-0.13"},{"rt":3858,"url":"../static/nodeGraphs.html","edge":"2to5","edgeRT":"2589","skip":"false","flipped":"True","index":"19","edgeClickLog":"[{\"edgeSelection\":\"2to5\",\"edgeRTMS\":1863},{\"edgeSelection\":\"2to5\",\"edgeRTMS\":2589}]","trial_id":"cong_9_flipped","congruency":"C","task":"experiment","subjectId":"qu522o9goe5mrke","trial_type":"external-html","trial_index":23,"time_elapsed":465917,"internal_node_id":"0.0-9.0-0.14"},{"rt":13206,"url":"../static/nodeGraphs.html","edge":"2to4","edgeRT":"12179","skip":"false","flipped":"False","index":"7","edgeClickLog":"[{\"edgeSelection\":\"2to4\",\"edgeRTMS\":10309},{\"edgeSelection\":\"2to4\",\"edgeRTMS\":11219},{\"edgeSelection\":\"2to4\",\"edgeRTMS\":11718},{\"edgeSelection\":\"2to4\",\"edgeRTMS\":12179}]","trial_id":"cong_7","congruency":"C","task":"experiment","subjectId":"qu522o9goe5mrke","trial_type":"external-html","trial_index":24,"time_elapsed":479876,"internal_node_id":"0.0-9.0-0.15"},{"rt":6661,"url":"../static/nodeGraphs.html","edge":"2to6","edgeRT":"4638","skip":"false","flipped":"False","index":"1","edgeClickLog":"[{\"edgeSelection\":\"2to6\",\"edgeRTMS\":4638}]","trial_id":"cong_1","congruency":"C","task":"experiment","subjectId":"qu522o9goe5mrke","trial_type":"external-html","trial_index":25,"time_elapsed":487869,"internal_node_id":"0.0-9.0-0.16"},{"rt":5095,"url":"../static/nodeGraphs.html","edge":"2to5","edgeRT":"1694","skip":"false","flipped":"False","index":"6","edgeClickLog":"[{\"edgeSelection\":\"2to5\",\"edgeRTMS\":1694}]","trial_id":"cong_6","congruency":"C","task":"experiment","subjectId":"qu522o9goe5mrke","trial_type":"external-html","trial_index":26,"time_elapsed":493778,"internal_node_id":"0.0-9.0-0.17"},{"rt":5002,"url":"../static/nodeGraphs.html","edge":"1to4","edgeRT":"3704","skip":"false","flipped":"False","index":"8","edgeClickLog":"[{\"edgeSelection\":\"1to4\",\"edgeRTMS\":3704}]","trial_id":"cong_8","congruency":"C","task":"experiment","subjectId":"qu522o9goe5mrke","trial_type":"external-html","trial_index":27,"time_elapsed":499523,"internal_node_id":"0.0-9.0-0.18"},{"rt":11510,"url":"../static/nodeGraphs.html","edge":"0to1","edgeRT":"10154","skip":"false","flipped":"True","index":"12","edgeClickLog":"[{\"edgeSelection\":\"0to1\",\"edgeRTMS\":8659},{\"edgeSelection\":\"0to1\",\"edgeRTMS\":9507},{\"edgeSelection\":\"0to1\",\"edgeRTMS\":10154}]","trial_id":"cong_2_flipped","congruency":"C","task":"experiment","subjectId":"qu522o9goe5mrke","trial_type":"external-html","trial_index":28,"time_elapsed":512071,"internal_node_id":"0.0-9.0-0.19"},{"rt":6769,"url":"../static/nodeGraphs.html","edge":"2to6","edgeRT":"5530","skip":"false","flipped":"False","index":"20","edgeClickLog":"[{\"edgeSelection\":\"2to6\",\"edgeRTMS\":4632},{\"edgeSelection\":\"2to6\",\"edgeRTMS\":5530}]","trial_id":"test_0","congruency":"I","task":"experiment","subjectId":"qu522o9goe5mrke","trial_type":"external-html","trial_index":29,"time_elapsed":519721,"internal_node_id":"0.0-9.0-0.20"},{"rt":8572,"url":"../static/nodeGraphs.html","edge":"3to6","edgeRT":"7242","skip":"false","flipped":"False","index":"21","edgeClickLog":"[{\"edgeSelection\":\"0to3\",\"edgeRTMS\":2247},{\"edgeSelection\":\"0to3\",\"edgeRTMS\":5199},{\"edgeSelection\":\"3to6\",\"edgeRTMS\":7242}]","trial_id":"test_1","congruency":"I","task":"experiment","subjectId":"qu522o9goe5mrke","trial_type":"external-html","trial_index":30,"time_elapsed":529000,"internal_node_id":"0.0-9.0-0.21"},{"rt":5076,"url":"../static/nodeGraphs.html","edge":"3to6","edgeRT":"3348","skip":"false","flipped":"False","index":"22","edgeClickLog":"[{\"edgeSelection\":\"3to6\",\"edgeRTMS\":2484},{\"edgeSelection\":\"3to6\",\"edgeRTMS\":3348}]","trial_id":"test_2","congruency":"I","task":"experiment","subjectId":"qu522o9goe5mrke","trial_type":"external-html","trial_index":31,"time_elapsed":534822,"internal_node_id":"0.0-9.0-0.22"},{"rt":6005,"url":"../static/nodeGraphs.html","edge":"1to5","edgeRT":"4567","skip":"false","flipped":"False","index":"23","edgeClickLog":"[{\"edgeSelection\":\"1to5\",\"edgeRTMS\":4567}]","trial_id":"test_3","congruency":"I","task":"experiment","subjectId":"qu522o9goe5mrke","trial_type":"external-html","trial_index":32,"time_elapsed":541587,"internal_node_id":"0.0-9.0-0.23"},{"rt":3918,"url":"../static/nodeGraphs.html","edge":"6to9","edgeRT":"2744","skip":"false","flipped":"False","index":"24","edgeClickLog":"[{\"edgeSelection\":\"6to9\",\"edgeRTMS\":2744}]","trial_id":"test_4","congruency":"I","task":"experiment","subjectId":"qu522o9goe5mrke","trial_type":"external-html","trial_index":33,"time_elapsed":546265,"internal_node_id":"0.0-9.0-0.24"},{"rt":37659,"response":{"P0_Q0":null,"P0_Q1":2,"P0_Q2":6,"P0_Q3":7,"P0_Q4":5,"P0_Q5":2,"strategies":"Choose the path leading to higher points.","feedback":"no."},"accuracy":[],"trial_type":"survey","trial_index":34,"time_elapsed":584531,"internal_node_id":"0.0-10.0"},{"rt":3564,"stimulus":"<p>Thanks for your time!</p>        <p>We need to manually calculate your bonus pay, please give us up to 7 days.</p><p>Press any key to conclude.</p>","response":" ","task":"end","subjectId":"qu522o9goe5mrke","trial_type":"html-keyboard-response","trial_index":35,"time_elapsed":588099,"internal_node_id":"0.0-11.0","interactions":"[{\"event\":\"fullscreenenter\",\"trial\":2,\"time\":5998},{\"event\":\"blur\",\"trial\":4,\"time\":152202},{\"event\":\"focus\",\"trial\":4,\"time\":152203},{\"event\":\"fullscreenexit\",\"trial\":4,\"time\":152215},{\"event\":\"blur\",\"trial\":9,\"time\":336522},{\"event\":\"focus\",\"trial\":9,\"time\":336523},{\"event\":\"blur\",\"trial\":23,\"time\":465820},{\"event\":\"focus\",\"trial\":23,\"time\":465836},{\"event\":\"blur\",\"trial\":24,\"time\":467019},{\"event\":\"focus\",\"trial\":24,\"time\":468089}]"}]