[{"success":true,"timeout":false,"failed_images":[],"failed_audio":[],"failed_video":[],"trial_type":"preload","trial_index":0,"time_elapsed":3196,"internal_node_id":"0.0-0.0"},{"success":true,"trial_type":"fullscreen","trial_index":1,"time_elapsed":14974,"internal_node_id":"0.0-1.0"},{"rt":2525,"stimulus":"Welcome to the experiment. Press any key to begin.","response":" ","trial_type":"html-keyboard-response","trial_index":2,"time_elapsed":17502,"internal_node_id":"0.0-2.0"},{"view_history":[{"page_index":0,"viewing_time":5219},{"page_index":1,"viewing_time":9688},{"page_index":2,"viewing_time":47568},{"page_index":3,"viewing_time":18536},{"page_index":4,"viewing_time":3280},{"page_index":5,"viewing_time":1208},{"page_index":6,"viewing_time":3944},{"page_index":7,"viewing_time":29048},{"page_index":8,"viewing_time":23971},{"page_index":9,"viewing_time":4422},{"page_index":10,"viewing_time":1832},{"page_index":11,"viewing_time":792},{"page_index":12,"viewing_time":1032},{"page_index":13,"viewing_time":3184},{"page_index":14,"viewing_time":5880},{"page_index":15,"viewing_time":6840},{"page_index":16,"viewing_time":2520},{"page_index":17,"viewing_time":904},{"page_index":18,"viewing_time":1720},{"page_index":19,"viewing_time":9368},{"page_index":20,"viewing_time":6512},{"page_index":21,"viewing_time":8560}],"rt":196027,"trial_type":"instructions","trial_index":3,"time_elapsed":213531,"internal_node_id":"0.0-3.0"},{"rt":112744,"url":"../static/nodeGraphsTraining.html","skip":[],"edgeClickLog":[],"trial_type":"external-html","trial_index":4,"time_elapsed":328027,"internal_node_id":"0.0-4.0"},{"rt":51782,"response":{"q1":"The goal is to help the student to get the most points","q2":"True","q3":"Possible paths you, as the teacher, can navigate.","q4":"Paths that the student took before."},"question_order":[0,1,2,3],"trial_type":"survey-multi-choice","trial_index":5,"time_elapsed":379812,"internal_node_id":"0.0-5.0"},{"rt":727526,"response":{"q1":"The goal is to help the student to get the most points","q2":"False","q3":"Possible paths you, as the teacher, can choose to teach the learner.","q4":"Paths that the student took before."},"question_order":[0,1,2,3],"trial_type":"survey-multi-choice","trial_index":6,"time_elapsed":1107340,"internal_node_id":"0.0-6.0-0.0"},{"rt":5653,"stimulus":"<p>You can take a 60 second break before starting the experiment.</p><br><br><p>This page will advance in 60 seconds or you can press any key to advance now.</p>","response":"enter","trial_type":"html-keyboard-response","trial_index":7,"time_elapsed":1112996,"internal_node_id":"0.0-7.0"},{"view_history":[{"page_index":0,"viewing_time":45479}],"rt":45480,"trial_type":"instructions","trial_index":8,"time_elapsed":1158476,"internal_node_id":"0.0-8.0"},{"rt":9827,"url":"../static/nodeGraphs.html","edge":"4to7","edgeRT":"7428","skip":"false","flipped":"False","index":"0","edgeClickLog":"[{\"edgeSelection\":\"0to1\",\"edgeRTMS\":3249},{\"edgeSelection\":\"1to4\",\"edgeRTMS\":4413},{\"edgeSelection\":\"4to7\",\"edgeRTMS\":7428}]","trial_id":"cong_0","congruency":"C","task":"experiment","subjectId":"sbakgd0wu8v73mj","trial_type":"external-html","trial_index":9,"time_elapsed":1169381,"internal_node_id":"0.0-9.0-0.0"},{"rt":17402,"url":"../static/nodeGraphs.html","edge":"5to8","edgeRT":"11840","skip":"false","flipped":"True","index":"19","edgeClickLog":"[{\"edgeSelection\":\"2to5\",\"edgeRTMS\":4815},{\"edgeSelection\":\"5to8\",\"edgeRTMS\":9469},{\"edgeSelection\":\"2to5\",\"edgeRTMS\":10874},{\"edgeSelection\":\"5to8\",\"edgeRTMS\":11840}]","trial_id":"cong_9_flipped","congruency":"C","task":"experiment","subjectId":"sbakgd0wu8v73mj","trial_type":"external-html","trial_index":10,"time_elapsed":1187836,"internal_node_id":"0.0-9.0-0.1"},{"rt":18074,"url":"../static/nodeGraphs.html","edge":"3to6","edgeRT":"17054","skip":"false","flipped":"False","index":"3","edgeClickLog":"[{\"edgeSelection\":\"3to5\",\"edgeRTMS\":8275},{\"edgeSelection\":\"5to9\",\"edgeRTMS\":9589},{\"edgeSelection\":\"3to5\",\"edgeRTMS\":11054},{\"edgeSelection\":\"3to6\",\"edgeRTMS\":17054}]","trial_id":"cong_3","congruency":"C","task":"experiment","subjectId":"sbakgd0wu8v73mj","trial_type":"external-html","trial_index":11,"time_elapsed":1206965,"internal_node_id":"0.0-9.0-0.2"},{"rt":16890,"url":"../static/nodeGraphs.html","edge":"2to4","edgeRT":"15042","skip":"false","flipped":"False","index":"7","edgeClickLog":"[{\"edgeSelection\":\"0to2\",\"edgeRTMS\":12139},{\"edgeSelection\":\"2to4\",\"edgeRTMS\":15042}]","trial_id":"cong_7","congruency":"C","task":"experiment","subjectId":"sbakgd0wu8v73mj","trial_type":"external-html","trial_index":12,"time_elapsed":1224909,"internal_node_id":"0.0-9.0-0.3"},{"rt":11774,"url":"../static/nodeGraphs.html","edge":"2to4","edgeRT":"10344","skip":"false","flipped":"True","index":"11","edgeClickLog":"[{\"edgeSelection\":\"2to4\",\"edgeRTMS\":8334},{\"edgeSelection\":\"4to7\",\"edgeRTMS\":9305},{\"edgeSelection\":\"2to4\",\"edgeRTMS\":10344}]","trial_id":"cong_1_flipped","congruency":"C","task":"experiment","subjectId":"sbakgd0wu8v73mj","trial_type":"external-html","trial_index":13,"time_elapsed":1237725,"internal_node_id":"0.0-9.0-0.4"},{"rt":19649,"url":"../static/nodeGraphs.html","edge":"0to3","edgeRT":"18179","skip":"false","flipped":"True","index":"15","edgeClickLog":"[{\"edgeSelection\":\"0to3\",\"edgeRTMS\":6145},{\"edgeSelection\":\"3to6\",\"edgeRTMS\":16323},{\"edgeSelection\":\"0to3\",\"edgeRTMS\":18179}]","trial_id":"cong_5_flipped","congruency":"C","task":"experiment","subjectId":"sbakgd0wu8v73mj","trial_type":"external-html","trial_index":14,"time_elapsed":1258421,"internal_node_id":"0.0-9.0-0.5"},{"rt":19436,"url":"../static/nodeGraphs.html","edge":"0to3","edgeRT":"17850","skip":"false","flipped":"True","index":"13","edgeClickLog":"[{\"edgeSelection\":\"0to3\",\"edgeRTMS\":14533},{\"edgeSelection\":\"0to3\",\"edgeRTMS\":17850}]","trial_id":"cong_3_flipped","congruency":"C","task":"experiment","subjectId":"sbakgd0wu8v73mj","trial_type":"external-html","trial_index":15,"time_elapsed":1278901,"internal_node_id":"0.0-9.0-0.6"},{"rt":14017,"url":"../static/nodeGraphs.html","edge":"1to4","edgeRT":"10954","skip":"false","flipped":"False","index":"5","edgeClickLog":"[{\"edgeSelection\":\"1to4\",\"edgeRTMS\":10954}]","trial_id":"cong_5","congruency":"C","task":"experiment","subjectId":"sbakgd0wu8v73mj","trial_type":"external-html","trial_index":16,"time_elapsed":1293957,"internal_node_id":"0.0-9.0-0.7"},{"rt":9132,"url":"../static/nodeGraphs.html","edge":"3to6","edgeRT":"7691","skip":"false","flipped":"True","index":"10","edgeClickLog":"[{\"edgeSelection\":\"3to6\",\"edgeRTMS\":7691}]","trial_id":"cong_0_flipped","congruency":"C","task":"experiment","subjectId":"sbakgd0wu8v73mj","trial_type":"external-html","trial_index":17,"time_elapsed":1304133,"internal_node_id":"0.0-9.0-0.8"},{"rt":18965,"url":"../static/nodeGraphs.html","edge":"5to9","edgeRT":"16529","skip":"false","flipped":"False","index":"2","edgeClickLog":"[{\"edgeSelection\":\"5to9\",\"edgeRTMS\":10177},{\"edgeSelection\":\"1to5\",\"edgeRTMS\":12788},{\"edgeSelection\":\"5to9\",\"edgeRTMS\":16529}]","trial_id":"cong_2","congruency":"C","task":"experiment","subjectId":"sbakgd0wu8v73mj","trial_type":"external-html","trial_index":18,"time_elapsed":1324148,"internal_node_id":"0.0-9.0-0.9"},{"rt":13155,"url":"../static/nodeGraphs.html","edge":"2to6","edgeRT":"10461","skip":"false","flipped":"True","index":"17","edgeClickLog":"[{\"edgeSelection\":\"0to2\",\"edgeRTMS\":7190},{\"edgeSelection\":\"2to6\",\"edgeRTMS\":10461}]","trial_id":"cong_7_flipped","congruency":"C","task":"experiment","subjectId":"sbakgd0wu8v73mj","trial_type":"external-html","trial_index":19,"time_elapsed":1338348,"internal_node_id":"0.0-9.0-0.10"},{"rt":10493,"url":"../static/nodeGraphs.html","edge":"1to4","edgeRT":"8653","skip":"false","flipped":"False","index":"8","edgeClickLog":"[{\"edgeSelection\":\"1to4\",\"edgeRTMS\":8653}]","trial_id":"cong_8","congruency":"C","task":"experiment","subjectId":"sbakgd0wu8v73mj","trial_type":"external-html","trial_index":20,"time_elapsed":1349884,"internal_node_id":"0.0-9.0-0.11"},{"rt":4439,"url":"../static/nodeGraphs.html","edge":"2to5","edgeRT":"2748","skip":"false","flipped":"False","index":"9","edgeClickLog":"[{\"edgeSelection\":\"2to5\",\"edgeRTMS\":2748}]","trial_id":"cong_9","congruency":"C","task":"experiment","subjectId":"sbakgd0wu8v73mj","trial_type":"external-html","trial_index":21,"time_elapsed":1355364,"internal_node_id":"0.0-9.0-0.12"},{"rt":9025,"url":"../static/nodeGraphs.html","edge":"3to6","edgeRT":"7408","skip":"false","flipped":"True","index":"18","edgeClickLog":"[{\"edgeSelection\":\"3to6\",\"edgeRTMS\":7408}]","trial_id":"cong_8_flipped","congruency":"C","task":"experiment","subjectId":"sbakgd0wu8v73mj","trial_type":"external-html","trial_index":22,"time_elapsed":1365436,"internal_node_id":"0.0-9.0-0.13"},{"rt":5330,"url":"../static/nodeGraphs.html","edge":"2to4","edgeRT":"4179","skip":"false","flipped":"False","index":"4","edgeClickLog":"[{\"edgeSelection\":\"2to4\",\"edgeRTMS\":4179}]","trial_id":"cong_4","congruency":"C","task":"experiment","subjectId":"sbakgd0wu8v73mj","trial_type":"external-html","trial_index":23,"time_elapsed":1371812,"internal_node_id":"0.0-9.0-0.14"},{"rt":6562,"url":"../static/nodeGraphs.html","edge":"2to6","edgeRT":"4626","skip":"false","flipped":"False","index":"1","edgeClickLog":"[{\"edgeSelection\":\"2to6\",\"edgeRTMS\":4626}]","trial_id":"cong_1","congruency":"C","task":"experiment","subjectId":"sbakgd0wu8v73mj","trial_type":"external-html","trial_index":24,"time_elapsed":1379420,"internal_node_id":"0.0-9.0-0.15"},{"rt":3840,"url":"../static/nodeGraphs.html","edge":"2to6","edgeRT":"2245","skip":"false","flipped":"True","index":"14","edgeClickLog":"[{\"edgeSelection\":\"2to6\",\"edgeRTMS\":2245}]","trial_id":"cong_4_flipped","congruency":"C","task":"experiment","subjectId":"sbakgd0wu8v73mj","trial_type":"external-html","trial_index":25,"time_elapsed":1384300,"internal_node_id":"0.0-9.0-0.16"},{"rt":7807,"url":"../static/nodeGraphs.html","edge":"2to5","edgeRT":"3965","skip":"false","flipped":"False","index":"6","edgeClickLog":"[{\"edgeSelection\":\"2to5\",\"edgeRTMS\":3965}]","trial_id":"cong_6","congruency":"C","task":"experiment","subjectId":"sbakgd0wu8v73mj","trial_type":"external-html","trial_index":26,"time_elapsed":1393148,"internal_node_id":"0.0-9.0-0.17"},{"rt":9400,"url":"../static/nodeGraphs.html","edge":"2to5","edgeRT":"3674","skip":"false","flipped":"True","index":"16","edgeClickLog":"[{\"edgeSelection\":\"2to5\",\"edgeRTMS\":3674}]","trial_id":"cong_6_flipped","congruency":"C","task":"experiment","subjectId":"sbakgd0wu8v73mj","trial_type":"external-html","trial_index":27,"time_elapsed":1403588,"internal_node_id":"0.0-9.0-0.18"},{"rt":13524,"url":"../static/nodeGraphs.html","edge":"2to5","edgeRT":"8594","skip":"false","flipped":"True","index":"12","edgeClickLog":"[{\"edgeSelection\":\"2to5\",\"edgeRTMS\":8594}]","trial_id":"cong_2_flipped","congruency":"C","task":"experiment","subjectId":"sbakgd0wu8v73mj","trial_type":"external-html","trial_index":28,"time_elapsed":1418165,"internal_node_id":"0.0-9.0-0.19"},{"rt":16160,"url":"../static/nodeGraphs.html","edge":"5to8","edgeRT":"10374","skip":"false","flipped":"False","index":"20","edgeClickLog":"[{\"edgeSelection\":\"5to8\",\"edgeRTMS\":10374}]","trial_id":"test_0","congruency":"I","task":"experiment","subjectId":"sbakgd0wu8v73mj","trial_type":"external-html","trial_index":29,"time_elapsed":1435365,"internal_node_id":"0.0-9.0-0.20"},{"rt":25044,"url":"../static/nodeGraphs.html","edge":"0to3","edgeRT":"23836","skip":"false","flipped":"False","index":"21","edgeClickLog":"[{\"edgeSelection\":\"0to3\",\"edgeRTMS\":23836}]","trial_id":"test_1","congruency":"I","task":"experiment","subjectId":"sbakgd0wu8v73mj","trial_type":"external-html","trial_index":30,"time_elapsed":1461465,"internal_node_id":"0.0-9.0-0.21"},{"rt":6688,"url":"../static/nodeGraphs.html","edge":"0to3","edgeRT":"5221","skip":"false","flipped":"False","index":"22","edgeClickLog":"[{\"edgeSelection\":\"0to3\",\"edgeRTMS\":5221}]","trial_id":"test_2","congruency":"I","task":"experiment","subjectId":"sbakgd0wu8v73mj","trial_type":"external-html","trial_index":31,"time_elapsed":1470021,"internal_node_id":"0.0-9.0-0.22"},{"rt":8445,"url":"../static/nodeGraphs.html","edge":"0to1","edgeRT":"7159","skip":"false","flipped":"False","index":"23","edgeClickLog":"[{\"edgeSelection\":\"0to1\",\"edgeRTMS\":7159}]","trial_id":"test_3","congruency":"I","task":"experiment","subjectId":"sbakgd0wu8v73mj","trial_type":"external-html","trial_index":32,"time_elapsed":1479317,"internal_node_id":"0.0-9.0-0.23"},{"rt":10897,"url":"../static/nodeGraphs.html","edge":"0to3","edgeRT":"8877","skip":"false","flipped":"False","index":"24","edgeClickLog":"[{\"edgeSelection\":\"0to3\",\"edgeRTMS\":8877}]","trial_id":"test_4","congruency":"I","task":"experiment","subjectId":"sbakgd0wu8v73mj","trial_type":"external-html","trial_index":33,"time_elapsed":1495725,"internal_node_id":"0.0-9.0-0.24"},{"rt":74824,"response":{"P0_Q0":null,"P0_Q1":6,"P0_Q2":6,"P0_Q3":5,"P0_Q4":5,"P0_Q5":1,"strategies":"I just tried to find the best path with maximum point","feedback":"no"},"accuracy":[],"trial_type":"survey","trial_index":34,"time_elapsed":1571145,"internal_node_id":"0.0-10.0"},{"rt":4463,"stimulus":"<p>Thanks for your time!</p>        <p>We need to manually calculate your bonus pay, please give us up to 7 days.</p><p>Press any key to conclude.</p>","response":"enter","task":"end","subjectId":"sbakgd0wu8v73mj","trial_type":"html-keyboard-response","trial_index":35,"time_elapsed":1575612,"internal_node_id":"0.0-11.0","interactions":"[{\"event\":\"blur\",\"trial\":1,\"time\":7817},{\"event\":\"focus\",\"trial\":1,\"time\":12578},{\"event\":\"fullscreenenter\",\"trial\":1,\"time\":13988},{\"event\":\"blur\",\"trial\":4,\"time\":230920},{\"event\":\"focus\",\"trial\":4,\"time\":230921},{\"event\":\"fullscreenexit\",\"trial\":4,\"time\":230936},{\"event\":\"blur\",\"trial\":4,\"time\":245137},{\"event\":\"focus\",\"trial\":4,\"time\":245137},{\"event\":\"blur\",\"trial\":4,\"time\":258912},{\"event\":\"focus\",\"trial\":4,\"time\":258912},{\"event\":\"blur\",\"trial\":6,\"time\":402335},{\"event\":\"focus\",\"trial\":6,\"time\":458768},{\"event\":\"blur\",\"trial\":6,\"time\":458859},{\"event\":\"focus\",\"trial\":6,\"time\":1075047},{\"event\":\"blur\",\"trial\":6,\"time\":1091343},{\"event\":\"focus\",\"trial\":6,\"time\":1099235},{\"event\":\"blur\",\"trial\":30,\"time\":1439800},{\"event\":\"focus\",\"trial\":30,\"time\":1450462},{\"event\":\"blur\",\"trial\":30,\"time\":1456125},{\"event\":\"focus\",\"trial\":30,\"time\":1456125}]"}]