[{"success":true,"timeout":false,"failed_images":[],"failed_audio":[],"failed_video":[],"trial_type":"preload","trial_index":0,"time_elapsed":89,"internal_node_id":"0.0-0.0"},{"success":true,"trial_type":"fullscreen","trial_index":1,"time_elapsed":2282,"internal_node_id":"0.0-1.0"},{"rt":2090,"stimulus":"Welcome to the experiment. Press any key to begin.","response":" ","trial_type":"html-keyboard-response","trial_index":2,"time_elapsed":4372,"internal_node_id":"0.0-2.0"},{"view_history":[{"page_index":0,"viewing_time":2703},{"page_index":1,"viewing_time":4607},{"page_index":2,"viewing_time":11890},{"page_index":3,"viewing_time":6256},{"page_index":4,"viewing_time":972},{"page_index":5,"viewing_time":509},{"page_index":6,"viewing_time":1290},{"page_index":7,"viewing_time":1367},{"page_index":8,"viewing_time":6756},{"page_index":9,"viewing_time":2458},{"page_index":10,"viewing_time":1570},{"page_index":11,"viewing_time":684},{"page_index":12,"viewing_time":508},{"page_index":13,"viewing_time":956},{"page_index":14,"viewing_time":1700},{"page_index":15,"viewing_time":3073},{"page_index":16,"viewing_time":713},{"page_index":17,"viewing_time":305},{"page_index":18,"viewing_time":531},{"page_index":19,"viewing_time":1260},{"page_index":20,"viewing_time":3528},{"page_index":21,"viewing_time":3188}],"rt":56824,"trial_type":"instructions","trial_index":3,"time_elapsed":61197,"internal_node_id":"0.0-3.0"},{"rt":58338,"url":"../static/nodeGraphsTraining.html","skip":[],"edgeClickLog":[],"trial_type":"external-html","trial_index":4,"time_elapsed":119592,"internal_node_id":"0.0-4.0"},{"rt":16599,"response":{"q1":"The goal is to help the student to get the most points","q2":"False","q3":"Possible paths you, as the teacher, can choose to teach the learner.","q4":"Paths that the student took before."},"question_order":[0,1,2,3],"trial_type":"survey-multi-choice","trial_index":5,"time_elapsed":136192,"internal_node_id":"0.0-5.0"},{"rt":null,"stimulus":"<p>You can take a 60 second break before starting the experiment.</p><br><br><p>This page will advance in 60 seconds or you can press any key to advance now.</p>","response":null,"trial_type":"html-keyboard-response","trial_index":6,"time_elapsed":196195,"internal_node_id":"0.0-7.0"},{"view_history":[{"page_index":0,"viewing_time":24666}],"rt":24666,"trial_type":"instructions","trial_index":7,"time_elapsed":220861,"internal_node_id":"0.0-8.0"},{"rt":7630,"url":"../static/nodeGraphs.html","edge":"2to5","edgeRT":"6778","skip":"false","flipped":"False","index":"9","edgeClickLog":"[{\"edgeSelection\":\"2to5\",\"edgeRTMS\":6778}]","trial_id":"cong_9","congruency":"C","task":"experiment","subjectId":"la3c0ftwnzwhx5e","trial_type":"external-html","trial_index":8,"time_elapsed":228546,"internal_node_id":"0.0-9.0-0.0"},{"rt":6109,"url":"../static/nodeGraphs.html","edge":"2to6","edgeRT":"5356","skip":"false","flipped":"True","index":"14","edgeClickLog":"[{\"edgeSelection\":\"2to6\",\"edgeRTMS\":5356}]","trial_id":"cong_4_flipped","congruency":"C","task":"experiment","subjectId":"la3c0ftwnzwhx5e","trial_type":"external-html","trial_index":9,"time_elapsed":235211,"internal_node_id":"0.0-9.0-0.1"},{"rt":2747,"url":"../static/nodeGraphs.html","edge":"2to4","edgeRT":"1922","skip":"false","flipped":"True","index":"11","edgeClickLog":"[{\"edgeSelection\":\"2to4\",\"edgeRTMS\":1922}]","trial_id":"cong_1_flipped","congruency":"C","task":"experiment","subjectId":"la3c0ftwnzwhx5e","trial_type":"external-html","trial_index":10,"time_elapsed":238513,"internal_node_id":"0.0-9.0-0.2"},{"rt":5451,"url":"../static/nodeGraphs.html","edge":"2to4","edgeRT":"4178","skip":"false","flipped":"False","index":"7","edgeClickLog":"[{\"edgeSelection\":\"2to4\",\"edgeRTMS\":4178}]","trial_id":"cong_7","congruency":"C","task":"experiment","subjectId":"la3c0ftwnzwhx5e","trial_type":"external-html","trial_index":11,"time_elapsed":244519,"internal_node_id":"0.0-9.0-0.3"},{"rt":3002,"url":"../static/nodeGraphs.html","edge":"1to4","edgeRT":"2158","skip":"false","flipped":"False","index":"0","edgeClickLog":"[{\"edgeSelection\":\"1to4\",\"edgeRTMS\":2158}]","trial_id":"cong_0","congruency":"C","task":"experiment","subjectId":"la3c0ftwnzwhx5e","trial_type":"external-html","trial_index":12,"time_elapsed":248077,"internal_node_id":"0.0-9.0-0.4"},{"rt":4767,"url":"../static/nodeGraphs.html","edge":"1to4","edgeRT":"4099","skip":"false","flipped":"False","index":"8","edgeClickLog":"[{\"edgeSelection\":\"1to4\",\"edgeRTMS\":4099}]","trial_id":"cong_8","congruency":"C","task":"experiment","subjectId":"la3c0ftwnzwhx5e","trial_type":"external-html","trial_index":13,"time_elapsed":253399,"internal_node_id":"0.0-9.0-0.5"},{"rt":3549,"url":"../static/nodeGraphs.html","edge":"3to5","edgeRT":"2862","skip":"false","flipped":"False","index":"3","edgeClickLog":"[{\"edgeSelection\":\"3to5\",\"edgeRTMS\":2862}]","trial_id":"cong_3","congruency":"C","task":"experiment","subjectId":"la3c0ftwnzwhx5e","trial_type":"external-html","trial_index":14,"time_elapsed":257505,"internal_node_id":"0.0-9.0-0.6"},{"rt":3422,"url":"../static/nodeGraphs.html","edge":"1to5","edgeRT":"2404","skip":"false","flipped":"True","index":"13","edgeClickLog":"[{\"edgeSelection\":\"1to5\",\"edgeRTMS\":2404}]","trial_id":"cong_3_flipped","congruency":"C","task":"experiment","subjectId":"la3c0ftwnzwhx5e","trial_type":"external-html","trial_index":15,"time_elapsed":261483,"internal_node_id":"0.0-9.0-0.7"},{"rt":2388,"url":"../static/nodeGraphs.html","edge":"2to6","edgeRT":"1652","skip":"false","flipped":"False","index":"1","edgeClickLog":"[{\"edgeSelection\":\"2to6\",\"edgeRTMS\":1652}]","trial_id":"cong_1","congruency":"C","task":"experiment","subjectId":"la3c0ftwnzwhx5e","trial_type":"external-html","trial_index":16,"time_elapsed":264427,"internal_node_id":"0.0-9.0-0.8"},{"rt":3083,"url":"../static/nodeGraphs.html","edge":"0to3","edgeRT":"2348","skip":"false","flipped":"True","index":"15","edgeClickLog":"[{\"edgeSelection\":\"0to3\",\"edgeRTMS\":2348}]","trial_id":"cong_5_flipped","congruency":"C","task":"experiment","subjectId":"la3c0ftwnzwhx5e","trial_type":"external-html","trial_index":17,"time_elapsed":268066,"internal_node_id":"0.0-9.0-0.9"},{"rt":2784,"url":"../static/nodeGraphs.html","edge":"3to6","edgeRT":"1914","skip":"false","flipped":"True","index":"10","edgeClickLog":"[{\"edgeSelection\":\"3to6\",\"edgeRTMS\":1914}]","trial_id":"cong_0_flipped","congruency":"C","task":"experiment","subjectId":"la3c0ftwnzwhx5e","trial_type":"external-html","trial_index":18,"time_elapsed":271405,"internal_node_id":"0.0-9.0-0.10"},{"rt":3063,"url":"../static/nodeGraphs.html","edge":"2to5","edgeRT":"2131","skip":"false","flipped":"False","index":"6","edgeClickLog":"[{\"edgeSelection\":\"2to5\",\"edgeRTMS\":2131}]","trial_id":"cong_6","congruency":"C","task":"experiment","subjectId":"la3c0ftwnzwhx5e","trial_type":"external-html","trial_index":19,"time_elapsed":275023,"internal_node_id":"0.0-9.0-0.11"},{"rt":2743,"url":"../static/nodeGraphs.html","edge":"5to7","edgeRT":"2001","skip":"false","flipped":"True","index":"12","edgeClickLog":"[{\"edgeSelection\":\"5to7\",\"edgeRTMS\":2001}]","trial_id":"cong_2_flipped","congruency":"C","task":"experiment","subjectId":"la3c0ftwnzwhx5e","trial_type":"external-html","trial_index":20,"time_elapsed":278321,"internal_node_id":"0.0-9.0-0.12"},{"rt":4574,"url":"../static/nodeGraphs.html","edge":"2to6","edgeRT":"3865","skip":"false","flipped":"True","index":"17","edgeClickLog":"[{\"edgeSelection\":\"2to6\",\"edgeRTMS\":3865}]","trial_id":"cong_7_flipped","congruency":"C","task":"experiment","subjectId":"la3c0ftwnzwhx5e","trial_type":"external-html","trial_index":21,"time_elapsed":283450,"internal_node_id":"0.0-9.0-0.13"},{"rt":5592,"url":"../static/nodeGraphs.html","edge":"6to9","edgeRT":"4890","skip":"false","flipped":"True","index":"18","edgeClickLog":"[{\"edgeSelection\":\"6to9\",\"edgeRTMS\":4890}]","trial_id":"cong_8_flipped","congruency":"C","task":"experiment","subjectId":"la3c0ftwnzwhx5e","trial_type":"external-html","trial_index":22,"time_elapsed":289597,"internal_node_id":"0.0-9.0-0.14"},{"rt":3461,"url":"../static/nodeGraphs.html","edge":"2to4","edgeRT":"2665","skip":"false","flipped":"False","index":"4","edgeClickLog":"[{\"edgeSelection\":\"2to4\",\"edgeRTMS\":2665}]","trial_id":"cong_4","congruency":"C","task":"experiment","subjectId":"la3c0ftwnzwhx5e","trial_type":"external-html","trial_index":23,"time_elapsed":293613,"internal_node_id":"0.0-9.0-0.15"},{"rt":6601,"url":"../static/nodeGraphs.html","edge":"5to9","edgeRT":"5773","skip":"false","flipped":"False","index":"2","edgeClickLog":"[{\"edgeSelection\":\"5to9\",\"edgeRTMS\":5773}]","trial_id":"cong_2","congruency":"C","task":"experiment","subjectId":"la3c0ftwnzwhx5e","trial_type":"external-html","trial_index":24,"time_elapsed":300769,"internal_node_id":"0.0-9.0-0.16"},{"rt":3148,"url":"../static/nodeGraphs.html","edge":"0to1","edgeRT":"2086","skip":"false","flipped":"False","index":"5","edgeClickLog":"[{\"edgeSelection\":\"0to1\",\"edgeRTMS\":2086}]","trial_id":"cong_5","congruency":"C","task":"experiment","subjectId":"la3c0ftwnzwhx5e","trial_type":"external-html","trial_index":25,"time_elapsed":304473,"internal_node_id":"0.0-9.0-0.17"},{"rt":2556,"url":"../static/nodeGraphs.html","edge":"2to5","edgeRT":"1487","skip":"false","flipped":"True","index":"19","edgeClickLog":"[{\"edgeSelection\":\"2to5\",\"edgeRTMS\":1487}]","trial_id":"cong_9_flipped","congruency":"C","task":"experiment","subjectId":"la3c0ftwnzwhx5e","trial_type":"external-html","trial_index":26,"time_elapsed":307584,"internal_node_id":"0.0-9.0-0.18"},{"rt":2425,"url":"../static/nodeGraphs.html","edge":"2to5","edgeRT":"1822","skip":"false","flipped":"True","index":"16","edgeClickLog":"[{\"edgeSelection\":\"2to5\",\"edgeRTMS\":1822}]","trial_id":"cong_6_flipped","congruency":"C","task":"experiment","subjectId":"la3c0ftwnzwhx5e","trial_type":"external-html","trial_index":27,"time_elapsed":310564,"internal_node_id":"0.0-9.0-0.19"},{"rt":3091,"url":"../static/nodeGraphs.html","edge":"6to8","edgeRT":"2134","skip":"false","flipped":"False","index":"20","edgeClickLog":"[{\"edgeSelection\":\"6to8\",\"edgeRTMS\":2134}]","trial_id":"test_0","congruency":"I","task":"experiment","subjectId":"la3c0ftwnzwhx5e","trial_type":"external-html","trial_index":28,"time_elapsed":314210,"internal_node_id":"0.0-9.0-0.20"},{"rt":3112,"url":"../static/nodeGraphs.html","edge":"3to6","edgeRT":"2430","skip":"false","flipped":"False","index":"21","edgeClickLog":"[{\"edgeSelection\":\"3to6\",\"edgeRTMS\":2430}]","trial_id":"test_1","congruency":"I","task":"experiment","subjectId":"la3c0ftwnzwhx5e","trial_type":"external-html","trial_index":29,"time_elapsed":317878,"internal_node_id":"0.0-9.0-0.21"},{"rt":2302,"url":"../static/nodeGraphs.html","edge":"3to6","edgeRT":"1556","skip":"false","flipped":"False","index":"22","edgeClickLog":"[{\"edgeSelection\":\"3to6\",\"edgeRTMS\":1556}]","trial_id":"test_2","congruency":"I","task":"experiment","subjectId":"la3c0ftwnzwhx5e","trial_type":"external-html","trial_index":30,"time_elapsed":320736,"internal_node_id":"0.0-9.0-0.22"},{"rt":2467,"url":"../static/nodeGraphs.html","edge":"1to5","edgeRT":"1529","skip":"false","flipped":"False","index":"23","edgeClickLog":"[{\"edgeSelection\":\"1to5\",\"edgeRTMS\":1529}]","trial_id":"test_3","congruency":"I","task":"experiment","subjectId":"la3c0ftwnzwhx5e","trial_type":"external-html","trial_index":31,"time_elapsed":323759,"internal_node_id":"0.0-9.0-0.23"},{"rt":2181,"url":"../static/nodeGraphs.html","edge":"6to9","edgeRT":"1652","skip":"false","flipped":"False","index":"24","edgeClickLog":"[{\"edgeSelection\":\"6to9\",\"edgeRTMS\":1652}]","trial_id":"test_4","congruency":"I","task":"experiment","subjectId":"la3c0ftwnzwhx5e","trial_type":"external-html","trial_index":32,"time_elapsed":326495,"internal_node_id":"0.0-9.0-0.24"},{"rt":73413,"response":{"P0_Q0":null,"P0_Q1":3,"P0_Q2":6,"P0_Q3":6,"P0_Q4":6,"P0_Q5":1,"strategies":"finding the highest number","feedback":"none"},"accuracy":[],"trial_type":"survey","trial_index":33,"time_elapsed":400439,"internal_node_id":"0.0-10.0"},{"rt":4542,"stimulus":"<p>Thanks for your time!</p>        <p>We need to manually calculate your bonus pay, please give us up to 7 days.</p><p>Press any key to conclude.</p>","response":" ","task":"end","subjectId":"la3c0ftwnzwhx5e","trial_type":"html-keyboard-response","trial_index":34,"time_elapsed":404983,"internal_node_id":"0.0-11.0","interactions":"[{\"event\":\"fullscreenenter\",\"trial\":1,\"time\":1291},{\"event\":\"blur\",\"trial\":4,\"time\":79007},{\"event\":\"focus\",\"trial\":4,\"time\":79007},{\"event\":\"fullscreenexit\",\"trial\":4,\"time\":79010}]"}]