[{"success":true,"timeout":false,"failed_images":[],"failed_audio":[],"failed_video":[],"trial_type":"preload","trial_index":0,"time_elapsed":275,"internal_node_id":"0.0-0.0"},{"success":true,"trial_type":"fullscreen","trial_index":1,"time_elapsed":3013,"internal_node_id":"0.0-1.0"},{"rt":2127,"stimulus":"Welcome to the experiment. Press any key to begin.","response":" ","trial_type":"html-keyboard-response","trial_index":2,"time_elapsed":5144,"internal_node_id":"0.0-2.0"},{"view_history":[{"page_index":0,"viewing_time":3253},{"page_index":1,"viewing_time":61159},{"page_index":2,"viewing_time":43057},{"page_index":3,"viewing_time":4594},{"page_index":4,"viewing_time":924},{"page_index":5,"viewing_time":759},{"page_index":6,"viewing_time":2576},{"page_index":7,"viewing_time":10419},{"page_index":8,"viewing_time":17233},{"page_index":9,"viewing_time":9778},{"page_index":10,"viewing_time":2456},{"page_index":11,"viewing_time":944},{"page_index":12,"viewing_time":446},{"page_index":13,"viewing_time":1504},{"page_index":14,"viewing_time":2678},{"page_index":15,"viewing_time":5583},{"page_index":16,"viewing_time":1519},{"page_index":17,"viewing_time":679},{"page_index":18,"viewing_time":895},{"page_index":19,"viewing_time":6038},{"page_index":20,"viewing_time":10268},{"page_index":21,"viewing_time":4185}],"rt":190945,"trial_type":"instructions","trial_index":3,"time_elapsed":196091,"internal_node_id":"0.0-3.0"},{"rt":78240,"url":"../static/nodeGraphsTraining.html","skip":[],"edgeClickLog":[],"trial_type":"external-html","trial_index":4,"time_elapsed":274555,"internal_node_id":"0.0-4.0"},{"rt":34202,"response":{"q1":"The goal is to help the student to get the most points","q2":"False","q3":"Possible paths you, as the teacher, can choose to teach the learner.","q4":"Paths that the student took before."},"question_order":[0,1,2,3],"trial_type":"survey-multi-choice","trial_index":5,"time_elapsed":308769,"internal_node_id":"0.0-5.0"},{"rt":6350,"stimulus":"<p>You can take a 60 second break before starting the experiment.</p><br><br><p>This page will advance in 60 seconds or you can press any key to advance now.</p>","response":" ","trial_type":"html-keyboard-response","trial_index":6,"time_elapsed":315134,"internal_node_id":"0.0-7.0"},{"view_history":[{"page_index":0,"viewing_time":17798}],"rt":17799,"trial_type":"instructions","trial_index":7,"time_elapsed":332935,"internal_node_id":"0.0-8.0"},{"rt":9346,"url":"../static/nodeGraphs.html","edge":"4to7","edgeRT":"7747","skip":"false","flipped":"False","index":"1","edgeClickLog":"[{\"edgeSelection\":\"0to1\",\"edgeRTMS\":4827},{\"edgeSelection\":\"1to4\",\"edgeRTMS\":6565},{\"edgeSelection\":\"4to7\",\"edgeRTMS\":7747}]","trial_id":"incong_1","congruency":"I","task":"experiment","subjectId":"bnbwy5ddb9jftsa","trial_type":"external-html","trial_index":8,"time_elapsed":342508,"internal_node_id":"0.0-9.0-0.0"},{"rt":14822,"url":"../static/nodeGraphs.html","edge":"5to9","edgeRT":"12964","skip":"false","flipped":"False","index":"4","edgeClickLog":"[{\"edgeSelection\":\"0to1\",\"edgeRTMS\":6597},{\"edgeSelection\":\"2to4\",\"edgeRTMS\":7910},{\"edgeSelection\":\"0to1\",\"edgeRTMS\":10074},{\"edgeSelection\":\"1to5\",\"edgeRTMS\":11469},{\"edgeSelection\":\"5to9\",\"edgeRTMS\":12964}]","trial_id":"incong_4","congruency":"I","task":"experiment","subjectId":"bnbwy5ddb9jftsa","trial_type":"external-html","trial_index":9,"time_elapsed":358075,"internal_node_id":"0.0-9.0-0.1"},{"rt":16245,"url":"../static/nodeGraphs.html","edge":"4to7","edgeRT":"14678","skip":"false","flipped":"False","index":"3","edgeClickLog":"[{\"edgeSelection\":\"4to7\",\"edgeRTMS\":14678}]","trial_id":"incong_3","congruency":"I","task":"experiment","subjectId":"bnbwy5ddb9jftsa","trial_type":"external-html","trial_index":10,"time_elapsed":375052,"internal_node_id":"0.0-9.0-0.2"},{"rt":6883,"url":"../static/nodeGraphs.html","edge":"5to8","edgeRT":"5430","skip":"false","flipped":"False","index":"9","edgeClickLog":"[{\"edgeSelection\":\"0to2\",\"edgeRTMS\":2284},{\"edgeSelection\":\"2to5\",\"edgeRTMS\":3585},{\"edgeSelection\":\"5to8\",\"edgeRTMS\":5430}]","trial_id":"incong_9","congruency":"I","task":"experiment","subjectId":"bnbwy5ddb9jftsa","trial_type":"external-html","trial_index":11,"time_elapsed":382663,"internal_node_id":"0.0-9.0-0.3"},{"rt":4336,"url":"../static/nodeGraphs.html","edge":"5to8","edgeRT":"2471","skip":"false","flipped":"True","index":"16","edgeClickLog":"[{\"edgeSelection\":\"5to8\",\"edgeRTMS\":2471}]","trial_id":"incong_6_flipped","congruency":"I","task":"experiment","subjectId":"bnbwy5ddb9jftsa","trial_type":"external-html","trial_index":12,"time_elapsed":387732,"internal_node_id":"0.0-9.0-0.4"},{"rt":4698,"url":"../static/nodeGraphs.html","edge":"5to8","edgeRT":"3187","skip":"false","flipped":"False","index":"7","edgeClickLog":"[{\"edgeSelection\":\"5to8\",\"edgeRTMS\":3187}]","trial_id":"incong_7","congruency":"I","task":"experiment","subjectId":"bnbwy5ddb9jftsa","trial_type":"external-html","trial_index":13,"time_elapsed":393064,"internal_node_id":"0.0-9.0-0.5"},{"rt":4000,"url":"../static/nodeGraphs.html","edge":"6to8","edgeRT":"2484","skip":"false","flipped":"True","index":"12","edgeClickLog":"[{\"edgeSelection\":\"6to8\",\"edgeRTMS\":2484}]","trial_id":"incong_2_flipped","congruency":"I","task":"experiment","subjectId":"bnbwy5ddb9jftsa","trial_type":"external-html","trial_index":14,"time_elapsed":397792,"internal_node_id":"0.0-9.0-0.6"},{"rt":5750,"url":"../static/nodeGraphs.html","edge":"3to6","edgeRT":"4212","skip":"false","flipped":"True","index":"18","edgeClickLog":"[{\"edgeSelection\":\"6to8\",\"edgeRTMS\":1990},{\"edgeSelection\":\"3to6\",\"edgeRTMS\":4212}]","trial_id":"incong_8_flipped","congruency":"I","task":"experiment","subjectId":"bnbwy5ddb9jftsa","trial_type":"external-html","trial_index":15,"time_elapsed":404158,"internal_node_id":"0.0-9.0-0.7"},{"rt":4898,"url":"../static/nodeGraphs.html","edge":"4to8","edgeRT":"3258","skip":"false","flipped":"False","index":"0","edgeClickLog":"[{\"edgeSelection\":\"4to8\",\"edgeRTMS\":3258}]","trial_id":"incong_0","congruency":"I","task":"experiment","subjectId":"bnbwy5ddb9jftsa","trial_type":"external-html","trial_index":16,"time_elapsed":409794,"internal_node_id":"0.0-9.0-0.8"},{"rt":4047,"url":"../static/nodeGraphs.html","edge":"5to8","edgeRT":"2508","skip":"false","flipped":"True","index":"19","edgeClickLog":"[{\"edgeSelection\":\"5to8\",\"edgeRTMS\":2508}]","trial_id":"incong_9_flipped","congruency":"I","task":"experiment","subjectId":"bnbwy5ddb9jftsa","trial_type":"external-html","trial_index":17,"time_elapsed":414782,"internal_node_id":"0.0-9.0-0.9"},{"rt":3620,"url":"../static/nodeGraphs.html","edge":"4to8","edgeRT":"2109","skip":"false","flipped":"False","index":"2","edgeClickLog":"[{\"edgeSelection\":\"4to8\",\"edgeRTMS\":2109}]","trial_id":"incong_2","congruency":"I","task":"experiment","subjectId":"bnbwy5ddb9jftsa","trial_type":"external-html","trial_index":18,"time_elapsed":419014,"internal_node_id":"0.0-9.0-0.10"},{"rt":3377,"url":"../static/nodeGraphs.html","edge":"4to8","edgeRT":"1746","skip":"false","flipped":"False","index":"6","edgeClickLog":"[{\"edgeSelection\":\"4to8\",\"edgeRTMS\":1746}]","trial_id":"incong_6","congruency":"I","task":"experiment","subjectId":"bnbwy5ddb9jftsa","trial_type":"external-html","trial_index":19,"time_elapsed":423126,"internal_node_id":"0.0-9.0-0.11"},{"rt":3303,"url":"../static/nodeGraphs.html","edge":"6to8","edgeRT":"1659","skip":"false","flipped":"True","index":"10","edgeClickLog":"[{\"edgeSelection\":\"6to8\",\"edgeRTMS\":1659}]","trial_id":"incong_0_flipped","congruency":"I","task":"experiment","subjectId":"bnbwy5ddb9jftsa","trial_type":"external-html","trial_index":20,"time_elapsed":427048,"internal_node_id":"0.0-9.0-0.12"},{"rt":4398,"url":"../static/nodeGraphs.html","edge":"4to8","edgeRT":"2984","skip":"false","flipped":"True","index":"17","edgeClickLog":"[{\"edgeSelection\":\"4to8\",\"edgeRTMS\":2984}]","trial_id":"incong_7_flipped","congruency":"I","task":"experiment","subjectId":"bnbwy5ddb9jftsa","trial_type":"external-html","trial_index":21,"time_elapsed":432061,"internal_node_id":"0.0-9.0-0.13"},{"rt":10956,"url":"../static/nodeGraphs.html","edge":"1to4","edgeRT":"8505","skip":"false","flipped":"False","index":"8","edgeClickLog":"[{\"edgeSelection\":\"4to8\",\"edgeRTMS\":1678},{\"edgeSelection\":\"1to4\",\"edgeRTMS\":8505}]","trial_id":"incong_8","congruency":"I","task":"experiment","subjectId":"bnbwy5ddb9jftsa","trial_type":"external-html","trial_index":22,"time_elapsed":443753,"internal_node_id":"0.0-9.0-0.14"},{"rt":5098,"url":"../static/nodeGraphs.html","edge":"5to7","edgeRT":"2894","skip":"false","flipped":"True","index":"14","edgeClickLog":"[{\"edgeSelection\":\"5to7\",\"edgeRTMS\":2894}]","trial_id":"incong_4_flipped","congruency":"I","task":"experiment","subjectId":"bnbwy5ddb9jftsa","trial_type":"external-html","trial_index":23,"time_elapsed":449608,"internal_node_id":"0.0-9.0-0.15"},{"rt":4327,"url":"../static/nodeGraphs.html","edge":"2to4","edgeRT":"2693","skip":"false","flipped":"True","index":"13","edgeClickLog":"[{\"edgeSelection\":\"2to4\",\"edgeRTMS\":2693}]","trial_id":"incong_3_flipped","congruency":"I","task":"experiment","subjectId":"bnbwy5ddb9jftsa","trial_type":"external-html","trial_index":24,"time_elapsed":454654,"internal_node_id":"0.0-9.0-0.16"},{"rt":4967,"url":"../static/nodeGraphs.html","edge":"4to8","edgeRT":"3436","skip":"false","flipped":"False","index":"5","edgeClickLog":"[{\"edgeSelection\":\"4to8\",\"edgeRTMS\":3436}]","trial_id":"incong_5","congruency":"I","task":"experiment","subjectId":"bnbwy5ddb9jftsa","trial_type":"external-html","trial_index":25,"time_elapsed":460271,"internal_node_id":"0.0-9.0-0.17"},{"rt":7986,"url":"../static/nodeGraphs.html","edge":"2to6","edgeRT":"6634","skip":"false","flipped":"True","index":"11","edgeClickLog":"[{\"edgeSelection\":\"3to6\",\"edgeRTMS\":4329},{\"edgeSelection\":\"2to6\",\"edgeRTMS\":6634}]","trial_id":"incong_1_flipped","congruency":"I","task":"experiment","subjectId":"bnbwy5ddb9jftsa","trial_type":"external-html","trial_index":26,"time_elapsed":468999,"internal_node_id":"0.0-9.0-0.18"},{"rt":9961,"url":"../static/nodeGraphs.html","edge":"6to8","edgeRT":"3497","skip":"false","flipped":"True","index":"15","edgeClickLog":"[{\"edgeSelection\":\"6to8\",\"edgeRTMS\":3497}]","trial_id":"incong_5_flipped","congruency":"I","task":"experiment","subjectId":"bnbwy5ddb9jftsa","trial_type":"external-html","trial_index":27,"time_elapsed":479674,"internal_node_id":"0.0-9.0-0.19"},{"rt":8019,"url":"../static/nodeGraphs.html","edge":"5to8","edgeRT":"6007","skip":"false","flipped":"False","index":"20","edgeClickLog":"[{\"edgeSelection\":\"6to8\",\"edgeRTMS\":1995},{\"edgeSelection\":\"5to8\",\"edgeRTMS\":6007}]","trial_id":"test_0","congruency":"I","task":"experiment","subjectId":"bnbwy5ddb9jftsa","trial_type":"external-html","trial_index":28,"time_elapsed":488428,"internal_node_id":"0.0-9.0-0.20"},{"rt":5220,"url":"../static/nodeGraphs.html","edge":"4to7","edgeRT":"3729","skip":"false","flipped":"False","index":"21","edgeClickLog":"[{\"edgeSelection\":\"4to7\",\"edgeRTMS\":3729}]","trial_id":"test_1","congruency":"I","task":"experiment","subjectId":"bnbwy5ddb9jftsa","trial_type":"external-html","trial_index":29,"time_elapsed":494270,"internal_node_id":"0.0-9.0-0.21"},{"rt":3768,"url":"../static/nodeGraphs.html","edge":"6to8","edgeRT":"2429","skip":"false","flipped":"False","index":"22","edgeClickLog":"[{\"edgeSelection\":\"6to8\",\"edgeRTMS\":2429}]","trial_id":"test_2","congruency":"I","task":"experiment","subjectId":"bnbwy5ddb9jftsa","trial_type":"external-html","trial_index":30,"time_elapsed":498776,"internal_node_id":"0.0-9.0-0.22"},{"rt":4711,"url":"../static/nodeGraphs.html","edge":"5to9","edgeRT":"2701","skip":"false","flipped":"False","index":"23","edgeClickLog":"[{\"edgeSelection\":\"5to9\",\"edgeRTMS\":2701}]","trial_id":"test_3","congruency":"I","task":"experiment","subjectId":"bnbwy5ddb9jftsa","trial_type":"external-html","trial_index":31,"time_elapsed":504212,"internal_node_id":"0.0-9.0-0.23"},{"rt":14428,"url":"../static/nodeGraphs.html","edge":"5to9","edgeRT":"12802","skip":"false","flipped":"False","index":"24","edgeClickLog":"[{\"edgeSelection\":\"4to7\",\"edgeRTMS\":5100},{\"edgeSelection\":\"1to5\",\"edgeRTMS\":8958},{\"edgeSelection\":\"5to9\",\"edgeRTMS\":12802}]","trial_id":"test_4","congruency":"I","task":"experiment","subjectId":"bnbwy5ddb9jftsa","trial_type":"external-html","trial_index":32,"time_elapsed":519252,"internal_node_id":"0.0-9.0-0.24"},{"rt":46063,"response":{"P0_Q0":null,"P0_Q1":4,"P0_Q2":5,"P0_Q3":5,"P0_Q4":5,"P0_Q5":3,"strategies":"I tried to find the students the best possible path to earn more points","feedback":"Interesting study! Best of luck in your research!"},"accuracy":[],"trial_type":"survey","trial_index":33,"time_elapsed":566076,"internal_node_id":"0.0-10.0"},{"rt":3740,"stimulus":"<p>Thanks for your time!</p>        <p>We need to manually calculate your bonus pay, please give us up to 7 days.</p><p>Press any key to conclude.</p>","response":"k","task":"end","subjectId":"bnbwy5ddb9jftsa","trial_type":"html-keyboard-response","trial_index":34,"time_elapsed":569821,"internal_node_id":"0.0-11.0","interactions":"[{\"event\":\"fullscreenenter\",\"trial\":1,\"time\":2057},{\"event\":\"blur\",\"trial\":4,\"time\":216106},{\"event\":\"focus\",\"trial\":4,\"time\":216107},{\"event\":\"fullscreenexit\",\"trial\":4,\"time\":216152},{\"event\":\"blur\",\"trial\":4,\"time\":225884},{\"event\":\"focus\",\"trial\":4,\"time\":225885},{\"event\":\"blur\",\"trial\":10,\"time\":370902},{\"event\":\"focus\",\"trial\":10,\"time\":370902}]"}]