[{"success":true,"timeout":false,"failed_images":[],"failed_audio":[],"failed_video":[],"trial_type":"preload","trial_index":0,"time_elapsed":601,"internal_node_id":"0.0-0.0"},{"success":true,"trial_type":"fullscreen","trial_index":1,"time_elapsed":3736,"internal_node_id":"0.0-1.0"},{"rt":3248,"stimulus":"Welcome to the experiment. Press any key to begin.","response":"enter","trial_type":"html-keyboard-response","trial_index":2,"time_elapsed":6988,"internal_node_id":"0.0-2.0"},{"view_history":[{"page_index":0,"viewing_time":3957},{"page_index":1,"viewing_time":5525},{"page_index":2,"viewing_time":55991},{"page_index":3,"viewing_time":4330},{"page_index":4,"viewing_time":1780},{"page_index":5,"viewing_time":944},{"page_index":6,"viewing_time":2896},{"page_index":7,"viewing_time":33654},{"page_index":8,"viewing_time":19654},{"page_index":9,"viewing_time":22881},{"page_index":10,"viewing_time":1405},{"page_index":11,"viewing_time":460},{"page_index":12,"viewing_time":468},{"page_index":13,"viewing_time":1428},{"page_index":14,"viewing_time":2482},{"page_index":15,"viewing_time":8299},{"page_index":16,"viewing_time":1840},{"page_index":17,"viewing_time":648},{"page_index":18,"viewing_time":1468},{"page_index":19,"viewing_time":4012},{"page_index":20,"viewing_time":7993},{"page_index":21,"viewing_time":3480}],"rt":185595,"trial_type":"instructions","trial_index":3,"time_elapsed":192584,"internal_node_id":"0.0-3.0"},{"rt":182981,"url":"../static/nodeGraphsTraining.html","skip":[],"edgeClickLog":[],"trial_type":"external-html","trial_index":4,"time_elapsed":375706,"internal_node_id":"0.0-4.0"},{"rt":31829,"response":{"q1":"The goal is to help the student to get the most points","q2":"False","q3":"Possible paths you, as the teacher, can choose to teach the learner.","q4":"Paths that the student took before."},"question_order":[0,1,2,3],"trial_type":"survey-multi-choice","trial_index":5,"time_elapsed":407541,"internal_node_id":"0.0-5.0"},{"rt":4802,"stimulus":"<p>You can take a 60 second break before starting the experiment.</p><br><br><p>This page will advance in 60 seconds or you can press any key to advance now.</p>","response":"enter","trial_type":"html-keyboard-response","trial_index":6,"time_elapsed":412346,"internal_node_id":"0.0-7.0"},{"view_history":[{"page_index":0,"viewing_time":13780}],"rt":13782,"trial_type":"instructions","trial_index":7,"time_elapsed":426129,"internal_node_id":"0.0-8.0"},{"rt":17984,"url":"../static/nodeGraphs.html","edge":"2to5","edgeRT":"7836","skip":"false","flipped":"False","index":"9","edgeClickLog":"[{\"edgeSelection\":\"2to5\",\"edgeRTMS\":7013},{\"edgeSelection\":\"2to5\",\"edgeRTMS\":7836}]","trial_id":"cong_9","congruency":"C","task":"experiment","subjectId":"jwsbctnxpco0q92","trial_type":"external-html","trial_index":8,"time_elapsed":444690,"internal_node_id":"0.0-9.0-0.0"},{"rt":13306,"url":"../static/nodeGraphs.html","edge":"0to3","edgeRT":"9938","skip":"false","flipped":"True","index":"15","edgeClickLog":"[{\"edgeSelection\":\"0to3\",\"edgeRTMS\":5248},{\"edgeSelection\":\"3to6\",\"edgeRTMS\":8640},{\"edgeSelection\":\"0to3\",\"edgeRTMS\":9938}]","trial_id":"cong_5_flipped","congruency":"C","task":"experiment","subjectId":"jwsbctnxpco0q92","trial_type":"external-html","trial_index":9,"time_elapsed":458559,"internal_node_id":"0.0-9.0-0.1"},{"rt":19462,"url":"../static/nodeGraphs.html","edge":"2to5","edgeRT":"14843","skip":"false","flipped":"False","index":"6","edgeClickLog":"[{\"edgeSelection\":\"2to5\",\"edgeRTMS\":14843}]","trial_id":"cong_6","congruency":"C","task":"experiment","subjectId":"jwsbctnxpco0q92","trial_type":"external-html","trial_index":10,"time_elapsed":480459,"internal_node_id":"0.0-9.0-0.2"},{"rt":12475,"url":"../static/nodeGraphs.html","edge":"2to6","edgeRT":"5841","skip":"false","flipped":"True","index":"14","edgeClickLog":"[{\"edgeSelection\":\"2to6\",\"edgeRTMS\":5841}]","trial_id":"cong_4_flipped","congruency":"C","task":"experiment","subjectId":"jwsbctnxpco0q92","trial_type":"external-html","trial_index":11,"time_elapsed":493499,"internal_node_id":"0.0-9.0-0.3"},{"rt":10588,"url":"../static/nodeGraphs.html","edge":"5to7","edgeRT":"5152","skip":"false","flipped":"True","index":"12","edgeClickLog":"[{\"edgeSelection\":\"5to7\",\"edgeRTMS\":5152}]","trial_id":"cong_2_flipped","congruency":"C","task":"experiment","subjectId":"jwsbctnxpco0q92","trial_type":"external-html","trial_index":12,"time_elapsed":504653,"internal_node_id":"0.0-9.0-0.4"},{"rt":8831,"url":"../static/nodeGraphs.html","edge":"1to4","edgeRT":"5233","skip":"false","flipped":"False","index":"0","edgeClickLog":"[{\"edgeSelection\":\"1to4\",\"edgeRTMS\":5233}]","trial_id":"cong_0","congruency":"C","task":"experiment","subjectId":"jwsbctnxpco0q92","trial_type":"external-html","trial_index":13,"time_elapsed":514049,"internal_node_id":"0.0-9.0-0.5"},{"rt":19677,"url":"../static/nodeGraphs.html","edge":"5to9","edgeRT":"13787","skip":"false","flipped":"False","index":"2","edgeClickLog":"[{\"edgeSelection\":\"0to3\",\"edgeRTMS\":7148},{\"edgeSelection\":\"5to9\",\"edgeRTMS\":13787}]","trial_id":"cong_2","congruency":"C","task":"experiment","subjectId":"jwsbctnxpco0q92","trial_type":"external-html","trial_index":14,"time_elapsed":534295,"internal_node_id":"0.0-9.0-0.6"},{"rt":9714,"url":"../static/nodeGraphs.html","edge":"2to6","edgeRT":"4690","skip":"false","flipped":"False","index":"1","edgeClickLog":"[{\"edgeSelection\":\"2to6\",\"edgeRTMS\":4690}]","trial_id":"cong_1","congruency":"C","task":"experiment","subjectId":"jwsbctnxpco0q92","trial_type":"external-html","trial_index":15,"time_elapsed":544581,"internal_node_id":"0.0-9.0-0.7"},{"rt":21209,"url":"../static/nodeGraphs.html","edge":"2to4","edgeRT":"13539","skip":"false","flipped":"False","index":"4","edgeClickLog":"[{\"edgeSelection\":\"4to8\",\"edgeRTMS\":4156},{\"edgeSelection\":\"2to4\",\"edgeRTMS\":13539}]","trial_id":"cong_4","congruency":"C","task":"experiment","subjectId":"jwsbctnxpco0q92","trial_type":"external-html","trial_index":16,"time_elapsed":566359,"internal_node_id":"0.0-9.0-0.8"},{"rt":8426,"url":"../static/nodeGraphs.html","edge":"2to5","edgeRT":"2862","skip":"false","flipped":"True","index":"19","edgeClickLog":"[{\"edgeSelection\":\"2to5\",\"edgeRTMS\":2862}]","trial_id":"cong_9_flipped","congruency":"C","task":"experiment","subjectId":"jwsbctnxpco0q92","trial_type":"external-html","trial_index":17,"time_elapsed":575350,"internal_node_id":"0.0-9.0-0.9"},{"rt":12375,"url":"../static/nodeGraphs.html","edge":"2to5","edgeRT":"3898","skip":"false","flipped":"True","index":"16","edgeClickLog":"[{\"edgeSelection\":\"2to5\",\"edgeRTMS\":3898}]","trial_id":"cong_6_flipped","congruency":"C","task":"experiment","subjectId":"jwsbctnxpco0q92","trial_type":"external-html","trial_index":18,"time_elapsed":589257,"internal_node_id":"0.0-9.0-0.10"},{"rt":30003,"url":"../static/nodeGraphs.html","edge":"5to7","edgeRT":"19880","skip":"true","flipped":"True","index":"13","edgeClickLog":"[{\"edgeSelection\":\"5to7\",\"edgeRTMS\":19880}]","trial_id":"cong_3_flipped","congruency":"C","task":"experiment","subjectId":"jwsbctnxpco0q92","trial_type":"external-html","trial_index":19,"time_elapsed":619825,"internal_node_id":"0.0-9.0-0.11"},{"rt":15337,"url":"../static/nodeGraphs.html","edge":"0to1","edgeRT":"5797","skip":"false","flipped":"False","index":"5","edgeClickLog":"[{\"edgeSelection\":\"0to1\",\"edgeRTMS\":5797}]","trial_id":"cong_5","congruency":"C","task":"experiment","subjectId":"jwsbctnxpco0q92","trial_type":"external-html","trial_index":20,"time_elapsed":635733,"internal_node_id":"0.0-9.0-0.12"},{"rt":8779,"url":"../static/nodeGraphs.html","edge":"6to9","edgeRT":"4717","skip":"false","flipped":"True","index":"18","edgeClickLog":"[{\"edgeSelection\":\"6to9\",\"edgeRTMS\":4717}]","trial_id":"cong_8_flipped","congruency":"C","task":"experiment","subjectId":"jwsbctnxpco0q92","trial_type":"external-html","trial_index":21,"time_elapsed":645737,"internal_node_id":"0.0-9.0-0.13"},{"rt":29159,"url":"../static/nodeGraphs.html","edge":"3to6","edgeRT":"25895","skip":"false","flipped":"True","index":"10","edgeClickLog":"[{\"edgeSelection\":\"3to6\",\"edgeRTMS\":5361},{\"edgeSelection\":\"2to6\",\"edgeRTMS\":10533},{\"edgeSelection\":\"0to3\",\"edgeRTMS\":24006},{\"edgeSelection\":\"3to6\",\"edgeRTMS\":24903},{\"edgeSelection\":\"3to6\",\"edgeRTMS\":25895}]","trial_id":"cong_0_flipped","congruency":"C","task":"experiment","subjectId":"jwsbctnxpco0q92","trial_type":"external-html","trial_index":22,"time_elapsed":676145,"internal_node_id":"0.0-9.0-0.14"},{"rt":10844,"url":"../static/nodeGraphs.html","edge":"2to4","edgeRT":"8284","skip":"false","flipped":"True","index":"11","edgeClickLog":"[{\"edgeSelection\":\"2to4\",\"edgeRTMS\":8284}]","trial_id":"cong_1_flipped","congruency":"C","task":"experiment","subjectId":"jwsbctnxpco0q92","trial_type":"external-html","trial_index":23,"time_elapsed":687828,"internal_node_id":"0.0-9.0-0.15"},{"rt":9457,"url":"../static/nodeGraphs.html","edge":"2to4","edgeRT":"5115","skip":"false","flipped":"False","index":"7","edgeClickLog":"[{\"edgeSelection\":\"2to4\",\"edgeRTMS\":5115}]","trial_id":"cong_7","congruency":"C","task":"experiment","subjectId":"jwsbctnxpco0q92","trial_type":"external-html","trial_index":24,"time_elapsed":697847,"internal_node_id":"0.0-9.0-0.16"},{"rt":14519,"url":"../static/nodeGraphs.html","edge":"5to9","edgeRT":"8003","skip":"false","flipped":"False","index":"3","edgeClickLog":"[{\"edgeSelection\":\"5to9\",\"edgeRTMS\":8003}]","trial_id":"cong_3","congruency":"C","task":"experiment","subjectId":"jwsbctnxpco0q92","trial_type":"external-html","trial_index":25,"time_elapsed":712953,"internal_node_id":"0.0-9.0-0.17"},{"rt":5754,"url":"../static/nodeGraphs.html","edge":"4to7","edgeRT":"3842","skip":"false","flipped":"False","index":"8","edgeClickLog":"[{\"edgeSelection\":\"4to7\",\"edgeRTMS\":3842}]","trial_id":"cong_8","congruency":"C","task":"experiment","subjectId":"jwsbctnxpco0q92","trial_type":"external-html","trial_index":26,"time_elapsed":719274,"internal_node_id":"0.0-9.0-0.18"},{"rt":7709,"url":"../static/nodeGraphs.html","edge":"2to6","edgeRT":"5900","skip":"false","flipped":"True","index":"17","edgeClickLog":"[{\"edgeSelection\":\"2to6\",\"edgeRTMS\":5900}]","trial_id":"cong_7_flipped","congruency":"C","task":"experiment","subjectId":"jwsbctnxpco0q92","trial_type":"external-html","trial_index":27,"time_elapsed":727545,"internal_node_id":"0.0-9.0-0.19"},{"rt":18695,"url":"../static/nodeGraphs.html","edge":"6to8","edgeRT":"16010","skip":"false","flipped":"False","index":"20","edgeClickLog":"[{\"edgeSelection\":\"6to8\",\"edgeRTMS\":16010}]","trial_id":"test_0","congruency":"I","task":"experiment","subjectId":"jwsbctnxpco0q92","trial_type":"external-html","trial_index":28,"time_elapsed":746803,"internal_node_id":"0.0-9.0-0.20"},{"rt":11386,"url":"../static/nodeGraphs.html","edge":"3to6","edgeRT":"4112","skip":"false","flipped":"False","index":"21","edgeClickLog":"[{\"edgeSelection\":\"3to6\",\"edgeRTMS\":4112}]","trial_id":"test_1","congruency":"I","task":"experiment","subjectId":"jwsbctnxpco0q92","trial_type":"external-html","trial_index":29,"time_elapsed":758759,"internal_node_id":"0.0-9.0-0.21"},{"rt":25566,"url":"../static/nodeGraphs.html","edge":"0to3","edgeRT":"14691","skip":"false","flipped":"False","index":"22","edgeClickLog":"[{\"edgeSelection\":\"3to6\",\"edgeRTMS\":4484},{\"edgeSelection\":\"3to5\",\"edgeRTMS\":6594},{\"edgeSelection\":\"0to3\",\"edgeRTMS\":14691}]","trial_id":"test_2","congruency":"I","task":"experiment","subjectId":"jwsbctnxpco0q92","trial_type":"external-html","trial_index":30,"time_elapsed":784887,"internal_node_id":"0.0-9.0-0.22"},{"rt":8288,"url":"../static/nodeGraphs.html","edge":"1to5","edgeRT":"6803","skip":"false","flipped":"False","index":"23","edgeClickLog":"[{\"edgeSelection\":\"1to5\",\"edgeRTMS\":6803}]","trial_id":"test_3","congruency":"I","task":"experiment","subjectId":"jwsbctnxpco0q92","trial_type":"external-html","trial_index":31,"time_elapsed":793738,"internal_node_id":"0.0-9.0-0.23"},{"rt":12006,"url":"../static/nodeGraphs.html","edge":"6to9","edgeRT":"5350","skip":"false","flipped":"False","index":"24","edgeClickLog":"[{\"edgeSelection\":\"6to9\",\"edgeRTMS\":5350}]","trial_id":"test_4","congruency":"I","task":"experiment","subjectId":"jwsbctnxpco0q92","trial_type":"external-html","trial_index":32,"time_elapsed":806307,"internal_node_id":"0.0-9.0-0.24"},{"rt":44779,"response":{"P0_Q0":null,"P0_Q1":4,"P0_Q2":7,"P0_Q3":7,"P0_Q4":5,"P0_Q5":1,"strategies":"to make sure the connected line added up to more than the students path","feedback":""},"accuracy":[],"trial_type":"survey","trial_index":33,"time_elapsed":851702,"internal_node_id":"0.0-10.0"},{"rt":5717,"stimulus":"<p>Thanks for your time!</p>        <p>We need to manually calculate your bonus pay, please give us up to 7 days.</p><p>Press any key to conclude.</p>","response":"enter","task":"end","subjectId":"jwsbctnxpco0q92","trial_type":"html-keyboard-response","trial_index":34,"time_elapsed":857424,"internal_node_id":"0.0-11.0","interactions":"[{\"event\":\"fullscreenenter\",\"trial\":1,\"time\":2765},{\"event\":\"blur\",\"trial\":4,\"time\":207941},{\"event\":\"focus\",\"trial\":4,\"time\":207942},{\"event\":\"fullscreenexit\",\"trial\":4,\"time\":207974},{\"event\":\"blur\",\"trial\":8,\"time\":433103},{\"event\":\"focus\",\"trial\":8,\"time\":433103}]"}]