[{"success":true,"timeout":false,"failed_images":[],"failed_audio":[],"failed_video":[],"trial_type":"preload","trial_index":0,"time_elapsed":762,"internal_node_id":"0.0-0.0"},{"success":true,"trial_type":"fullscreen","trial_index":1,"time_elapsed":3790,"internal_node_id":"0.0-1.0"},{"rt":2809,"stimulus":"Welcome to the experiment. Press any key to begin.","response":"d","trial_type":"html-keyboard-response","trial_index":2,"time_elapsed":6599,"internal_node_id":"0.0-2.0"},{"view_history":[{"page_index":0,"viewing_time":3816},{"page_index":1,"viewing_time":4178},{"page_index":2,"viewing_time":26681},{"page_index":3,"viewing_time":3500},{"page_index":4,"viewing_time":3609},{"page_index":5,"viewing_time":6004},{"page_index":6,"viewing_time":26138},{"page_index":7,"viewing_time":9250},{"page_index":8,"viewing_time":37299},{"page_index":9,"viewing_time":11325},{"page_index":10,"viewing_time":1720},{"page_index":11,"viewing_time":1381},{"page_index":12,"viewing_time":2962},{"page_index":13,"viewing_time":4614},{"page_index":14,"viewing_time":2307},{"page_index":15,"viewing_time":5429},{"page_index":16,"viewing_time":2388},{"page_index":17,"viewing_time":16073},{"page_index":18,"viewing_time":2836},{"page_index":19,"viewing_time":3007},{"page_index":20,"viewing_time":5507},{"page_index":21,"viewing_time":5132},{"page_index":20,"viewing_time":747},{"page_index":19,"viewing_time":384},{"page_index":18,"viewing_time":751},{"page_index":17,"viewing_time":388},{"page_index":16,"viewing_time":662},{"page_index":17,"viewing_time":1541},{"page_index":18,"viewing_time":455},{"page_index":19,"viewing_time":290},{"page_index":20,"viewing_time":370},{"page_index":21,"viewing_time":688}],"rt":191428,"trial_type":"instructions","trial_index":3,"time_elapsed":198027,"internal_node_id":"0.0-3.0"},{"rt":110215,"url":"../static/nodeGraphsTraining.html","skip":[],"edgeClickLog":[],"trial_type":"external-html","trial_index":4,"time_elapsed":308326,"internal_node_id":"0.0-4.0"},{"rt":61069,"response":{"q1":"The goal is to help the student to get the most points","q2":"False","q3":"Possible paths you, as the teacher, can choose to teach the learner.","q4":"Paths that the student took before."},"question_order":[0,1,2,3],"trial_type":"survey-multi-choice","trial_index":5,"time_elapsed":369397,"internal_node_id":"0.0-5.0"},{"rt":7219,"stimulus":"<p>You can take a 60 second break before starting the experiment.</p><br><br><p>This page will advance in 60 seconds or you can press any key to advance now.</p>","response":"arrowright","trial_type":"html-keyboard-response","trial_index":6,"time_elapsed":376619,"internal_node_id":"0.0-7.0"},{"view_history":[{"page_index":0,"viewing_time":20560}],"rt":20560,"trial_type":"instructions","trial_index":7,"time_elapsed":397181,"internal_node_id":"0.0-8.0"},{"rt":22245,"url":"../static/nodeGraphs.html","edge":"2to4","edgeRT":"11599","skip":"false","flipped":"False","index":"4","edgeClickLog":"[{\"edgeSelection\":\"2to4\",\"edgeRTMS\":11599}]","trial_id":"cong_4","congruency":"C","task":"experiment","subjectId":"tpvzn8gotnaqq57","trial_type":"external-html","trial_index":8,"time_elapsed":419506,"internal_node_id":"0.0-9.0-0.0"},{"rt":15736,"url":"../static/nodeGraphs.html","edge":"2to5","edgeRT":"8919","skip":"false","flipped":"False","index":"9","edgeClickLog":"[{\"edgeSelection\":\"2to5\",\"edgeRTMS\":8919}]","trial_id":"cong_9","congruency":"C","task":"experiment","subjectId":"tpvzn8gotnaqq57","trial_type":"external-html","trial_index":9,"time_elapsed":435824,"internal_node_id":"0.0-9.0-0.1"},{"rt":16421,"url":"../static/nodeGraphs.html","edge":"5to9","edgeRT":"15204","skip":"false","flipped":"False","index":"2","edgeClickLog":"[{\"edgeSelection\":\"5to9\",\"edgeRTMS\":15204}]","trial_id":"cong_2","congruency":"C","task":"experiment","subjectId":"tpvzn8gotnaqq57","trial_type":"external-html","trial_index":10,"time_elapsed":452824,"internal_node_id":"0.0-9.0-0.2"},{"rt":10561,"url":"../static/nodeGraphs.html","edge":"2to5","edgeRT":"6495","skip":"false","flipped":"False","index":"6","edgeClickLog":"[{\"edgeSelection\":\"2to5\",\"edgeRTMS\":6495}]","trial_id":"cong_6","congruency":"C","task":"experiment","subjectId":"tpvzn8gotnaqq57","trial_type":"external-html","trial_index":11,"time_elapsed":463969,"internal_node_id":"0.0-9.0-0.3"},{"rt":21079,"url":"../static/nodeGraphs.html","edge":"3to6","edgeRT":"19741","skip":"false","flipped":"False","index":"1","edgeClickLog":"[{\"edgeSelection\":\"3to6\",\"edgeRTMS\":9453},{\"edgeSelection\":\"0to3\",\"edgeRTMS\":15482},{\"edgeSelection\":\"3to6\",\"edgeRTMS\":19741}]","trial_id":"cong_1","congruency":"C","task":"experiment","subjectId":"tpvzn8gotnaqq57","trial_type":"external-html","trial_index":12,"time_elapsed":485630,"internal_node_id":"0.0-9.0-0.4"},{"rt":17852,"url":"../static/nodeGraphs.html","edge":"2to6","edgeRT":"13906","skip":"false","flipped":"True","index":"17","edgeClickLog":"[{\"edgeSelection\":\"2to6\",\"edgeRTMS\":13906}]","trial_id":"cong_7_flipped","congruency":"C","task":"experiment","subjectId":"tpvzn8gotnaqq57","trial_type":"external-html","trial_index":13,"time_elapsed":504062,"internal_node_id":"0.0-9.0-0.5"},{"rt":9098,"url":"../static/nodeGraphs.html","edge":"3to6","edgeRT":"5743","skip":"false","flipped":"True","index":"10","edgeClickLog":"[{\"edgeSelection\":\"3to6\",\"edgeRTMS\":5743}]","trial_id":"cong_0_flipped","congruency":"C","task":"experiment","subjectId":"tpvzn8gotnaqq57","trial_type":"external-html","trial_index":14,"time_elapsed":513741,"internal_node_id":"0.0-9.0-0.6"},{"rt":22865,"url":"../static/nodeGraphs.html","edge":"1to4","edgeRT":"21259","skip":"false","flipped":"False","index":"8","edgeClickLog":"[{\"edgeSelection\":\"1to4\",\"edgeRTMS\":21259}]","trial_id":"cong_8","congruency":"C","task":"experiment","subjectId":"tpvzn8gotnaqq57","trial_type":"external-html","trial_index":15,"time_elapsed":537195,"internal_node_id":"0.0-9.0-0.7"},{"rt":18384,"url":"../static/nodeGraphs.html","edge":"1to5","edgeRT":"17278","skip":"false","flipped":"True","index":"13","edgeClickLog":"[{\"edgeSelection\":\"1to5\",\"edgeRTMS\":17278}]","trial_id":"cong_3_flipped","congruency":"C","task":"experiment","subjectId":"tpvzn8gotnaqq57","trial_type":"external-html","trial_index":16,"time_elapsed":556166,"internal_node_id":"0.0-9.0-0.8"},{"rt":12296,"url":"../static/nodeGraphs.html","edge":"2to4","edgeRT":"10850","skip":"false","flipped":"True","index":"11","edgeClickLog":"[{\"edgeSelection\":\"2to4\",\"edgeRTMS\":10850}]","trial_id":"cong_1_flipped","congruency":"C","task":"experiment","subjectId":"tpvzn8gotnaqq57","trial_type":"external-html","trial_index":17,"time_elapsed":569042,"internal_node_id":"0.0-9.0-0.9"},{"rt":9065,"url":"../static/nodeGraphs.html","edge":"2to5","edgeRT":"6858","skip":"false","flipped":"True","index":"16","edgeClickLog":"[{\"edgeSelection\":\"2to5\",\"edgeRTMS\":6858}]","trial_id":"cong_6_flipped","congruency":"C","task":"experiment","subjectId":"tpvzn8gotnaqq57","trial_type":"external-html","trial_index":18,"time_elapsed":578693,"internal_node_id":"0.0-9.0-0.10"},{"rt":16344,"url":"../static/nodeGraphs.html","edge":"2to6","edgeRT":"9349","skip":"false","flipped":"True","index":"14","edgeClickLog":"[{\"edgeSelection\":\"2to6\",\"edgeRTMS\":9349}]","trial_id":"cong_4_flipped","congruency":"C","task":"experiment","subjectId":"tpvzn8gotnaqq57","trial_type":"external-html","trial_index":19,"time_elapsed":595621,"internal_node_id":"0.0-9.0-0.11"},{"rt":7833,"url":"../static/nodeGraphs.html","edge":"2to5","edgeRT":"5106","skip":"false","flipped":"True","index":"19","edgeClickLog":"[{\"edgeSelection\":\"2to5\",\"edgeRTMS\":5106}]","trial_id":"cong_9_flipped","congruency":"C","task":"experiment","subjectId":"tpvzn8gotnaqq57","trial_type":"external-html","trial_index":20,"time_elapsed":604036,"internal_node_id":"0.0-9.0-0.12"},{"rt":16441,"url":"../static/nodeGraphs.html","edge":"0to1","edgeRT":"10868","skip":"false","flipped":"False","index":"5","edgeClickLog":"[{\"edgeSelection\":\"0to1\",\"edgeRTMS\":10868}]","trial_id":"cong_5","congruency":"C","task":"experiment","subjectId":"tpvzn8gotnaqq57","trial_type":"external-html","trial_index":21,"time_elapsed":621092,"internal_node_id":"0.0-9.0-0.13"},{"rt":23473,"url":"../static/nodeGraphs.html","edge":"0to3","edgeRT":"19739","skip":"false","flipped":"True","index":"12","edgeClickLog":"[{\"edgeSelection\":\"0to1\",\"edgeRTMS\":10682},{\"edgeSelection\":\"3to5\",\"edgeRTMS\":18600},{\"edgeSelection\":\"0to3\",\"edgeRTMS\":19739}]","trial_id":"cong_2_flipped","congruency":"C","task":"experiment","subjectId":"tpvzn8gotnaqq57","trial_type":"external-html","trial_index":22,"time_elapsed":645145,"internal_node_id":"0.0-9.0-0.14"},{"rt":9463,"url":"../static/nodeGraphs.html","edge":"0to2","edgeRT":"5062","skip":"false","flipped":"False","index":"7","edgeClickLog":"[{\"edgeSelection\":\"0to2\",\"edgeRTMS\":5062}]","trial_id":"cong_7","congruency":"C","task":"experiment","subjectId":"tpvzn8gotnaqq57","trial_type":"external-html","trial_index":23,"time_elapsed":655189,"internal_node_id":"0.0-9.0-0.15"},{"rt":20667,"url":"../static/nodeGraphs.html","edge":"0to2","edgeRT":"10540","skip":"false","flipped":"False","index":"3","edgeClickLog":"[{\"edgeSelection\":\"0to2\",\"edgeRTMS\":10540}]","trial_id":"cong_3","congruency":"C","task":"experiment","subjectId":"tpvzn8gotnaqq57","trial_type":"external-html","trial_index":24,"time_elapsed":676437,"internal_node_id":"0.0-9.0-0.16"},{"rt":28329,"url":"../static/nodeGraphs.html","edge":"6to9","edgeRT":"26600","skip":"false","flipped":"True","index":"18","edgeClickLog":"[{\"edgeSelection\":\"6to9\",\"edgeRTMS\":26600}]","trial_id":"cong_8_flipped","congruency":"C","task":"experiment","subjectId":"tpvzn8gotnaqq57","trial_type":"external-html","trial_index":25,"time_elapsed":705346,"internal_node_id":"0.0-9.0-0.17"},{"rt":17180,"url":"../static/nodeGraphs.html","edge":"2to4","edgeRT":"16236","skip":"false","flipped":"False","index":"0","edgeClickLog":"[{\"edgeSelection\":\"2to4\",\"edgeRTMS\":16236}]","trial_id":"cong_0","congruency":"C","task":"experiment","subjectId":"tpvzn8gotnaqq57","trial_type":"external-html","trial_index":26,"time_elapsed":723114,"internal_node_id":"0.0-9.0-0.18"},{"rt":17291,"url":"../static/nodeGraphs.html","edge":"0to3","edgeRT":"10546","skip":"false","flipped":"True","index":"15","edgeClickLog":"[{\"edgeSelection\":\"0to3\",\"edgeRTMS\":10546}]","trial_id":"cong_5_flipped","congruency":"C","task":"experiment","subjectId":"tpvzn8gotnaqq57","trial_type":"external-html","trial_index":27,"time_elapsed":740987,"internal_node_id":"0.0-9.0-0.19"},{"rt":27914,"url":"../static/nodeGraphs.html","edge":"0to2","edgeRT":"26211","skip":"false","flipped":"False","index":"20","edgeClickLog":"[{\"edgeSelection\":\"3to6\",\"edgeRTMS\":6919},{\"edgeSelection\":\"2to5\",\"edgeRTMS\":24345},{\"edgeSelection\":\"0to2\",\"edgeRTMS\":26211}]","trial_id":"test_0","congruency":"I","task":"experiment","subjectId":"tpvzn8gotnaqq57","trial_type":"external-html","trial_index":28,"time_elapsed":769481,"internal_node_id":"0.0-9.0-0.20"},{"rt":12740,"url":"../static/nodeGraphs.html","edge":"0to3","edgeRT":"5103","skip":"false","flipped":"False","index":"21","edgeClickLog":"[{\"edgeSelection\":\"0to3\",\"edgeRTMS\":5103}]","trial_id":"test_1","congruency":"I","task":"experiment","subjectId":"tpvzn8gotnaqq57","trial_type":"external-html","trial_index":29,"time_elapsed":782804,"internal_node_id":"0.0-9.0-0.21"},{"rt":7098,"url":"../static/nodeGraphs.html","edge":"0to3","edgeRT":"4843","skip":"false","flipped":"False","index":"22","edgeClickLog":"[{\"edgeSelection\":\"0to3\",\"edgeRTMS\":4843}]","trial_id":"test_2","congruency":"I","task":"experiment","subjectId":"tpvzn8gotnaqq57","trial_type":"external-html","trial_index":30,"time_elapsed":790483,"internal_node_id":"0.0-9.0-0.22"},{"rt":7768,"url":"../static/nodeGraphs.html","edge":"0to1","edgeRT":"5585","skip":"false","flipped":"False","index":"23","edgeClickLog":"[{\"edgeSelection\":\"0to1\",\"edgeRTMS\":5585}]","trial_id":"test_3","congruency":"I","task":"experiment","subjectId":"tpvzn8gotnaqq57","trial_type":"external-html","trial_index":31,"time_elapsed":798830,"internal_node_id":"0.0-9.0-0.23"},{"rt":10444,"url":"../static/nodeGraphs.html","edge":"0to3","edgeRT":"7652","skip":"false","flipped":"False","index":"24","edgeClickLog":"[{\"edgeSelection\":\"3to6\",\"edgeRTMS\":6569},{\"edgeSelection\":\"0to3\",\"edgeRTMS\":7652}]","trial_id":"test_4","congruency":"I","task":"experiment","subjectId":"tpvzn8gotnaqq57","trial_type":"external-html","trial_index":32,"time_elapsed":809854,"internal_node_id":"0.0-9.0-0.24"},{"rt":72230,"response":{"P0_Q0":null,"P0_Q1":2,"P0_Q2":7,"P0_Q3":6,"P0_Q4":2,"P0_Q5":2,"strategies":"Looking at how much total points I got with each different path","feedback":"Very good experiment, liked the amount of examples and assistance before the actual game commenced."},"accuracy":[],"trial_type":"survey","trial_index":33,"time_elapsed":882644,"internal_node_id":"0.0-10.0"},{"rt":2891,"stimulus":"<p>Thanks for your time!</p>        <p>We need to manually calculate your bonus pay, please give us up to 7 days.</p><p>Press any key to conclude.</p>","response":"f","task":"end","subjectId":"tpvzn8gotnaqq57","trial_type":"html-keyboard-response","trial_index":34,"time_elapsed":885538,"internal_node_id":"0.0-11.0","interactions":"[{\"event\":\"fullscreenenter\",\"trial\":1,\"time\":2803},{\"event\":\"blur\",\"trial\":4,\"time\":228317},{\"event\":\"focus\",\"trial\":4,\"time\":228317},{\"event\":\"fullscreenexit\",\"trial\":4,\"time\":228322},{\"event\":\"blur\",\"trial\":22,\"time\":631410},{\"event\":\"focus\",\"trial\":22,\"time\":631410}]"}]