[{"success":true,"timeout":false,"failed_images":[],"failed_audio":[],"failed_video":[],"trial_type":"preload","trial_index":0,"time_elapsed":479,"internal_node_id":"0.0-0.0"},{"success":true,"trial_type":"fullscreen","trial_index":1,"time_elapsed":3128,"internal_node_id":"0.0-1.0"},{"rt":1426,"stimulus":"Welcome to the experiment. Press any key to begin.","response":" ","trial_type":"html-keyboard-response","trial_index":2,"time_elapsed":4555,"internal_node_id":"0.0-2.0"},{"view_history":[{"page_index":0,"viewing_time":2069},{"page_index":1,"viewing_time":4681},{"page_index":2,"viewing_time":22239},{"page_index":3,"viewing_time":6028},{"page_index":4,"viewing_time":906},{"page_index":5,"viewing_time":673},{"page_index":6,"viewing_time":1607},{"page_index":7,"viewing_time":8140},{"page_index":8,"viewing_time":10616},{"page_index":9,"viewing_time":7778},{"page_index":10,"viewing_time":1058},{"page_index":11,"viewing_time":424},{"page_index":12,"viewing_time":490},{"page_index":13,"viewing_time":804},{"page_index":14,"viewing_time":1195},{"page_index":15,"viewing_time":4862},{"page_index":16,"viewing_time":500},{"page_index":17,"viewing_time":352},{"page_index":18,"viewing_time":420},{"page_index":19,"viewing_time":4417},{"page_index":20,"viewing_time":4263},{"page_index":21,"viewing_time":3661}],"rt":87186,"trial_type":"instructions","trial_index":3,"time_elapsed":91740,"internal_node_id":"0.0-3.0"},{"rt":41284,"url":"../static/nodeGraphsTraining.html","skip":[],"edgeClickLog":[],"trial_type":"external-html","trial_index":4,"time_elapsed":133296,"internal_node_id":"0.0-4.0"},{"rt":21492,"response":{"q1":"The goal is to help the student to get the most points","q2":"False","q3":"Possible paths you, as the teacher, can choose to teach the learner.","q4":"Paths that the student took before."},"question_order":[0,1,2,3],"trial_type":"survey-multi-choice","trial_index":5,"time_elapsed":154805,"internal_node_id":"0.0-5.0"},{"rt":35545,"stimulus":"<p>You can take a 60 second break before starting the experiment.</p><br><br><p>This page will advance in 60 seconds or you can press any key to advance now.</p>","response":" ","trial_type":"html-keyboard-response","trial_index":6,"time_elapsed":190389,"internal_node_id":"0.0-7.0"},{"view_history":[{"page_index":0,"viewing_time":10502}],"rt":10503,"trial_type":"instructions","trial_index":7,"time_elapsed":200894,"internal_node_id":"0.0-8.0"},{"rt":11064,"url":"../static/nodeGraphs.html","edge":"2to4","edgeRT":"8153","skip":"false","flipped":"False","index":"4","edgeClickLog":"[{\"edgeSelection\":\"2to4\",\"edgeRTMS\":8153}]","trial_id":"cong_4","congruency":"C","task":"experiment","subjectId":"t3cgf8y823mvdus","trial_type":"external-html","trial_index":8,"time_elapsed":212676,"internal_node_id":"0.0-9.0-0.0"},{"rt":11133,"url":"../static/nodeGraphs.html","edge":"3to6","edgeRT":"9890","skip":"false","flipped":"True","index":"18","edgeClickLog":"[{\"edgeSelection\":\"3to6\",\"edgeRTMS\":9890}]","trial_id":"cong_8_flipped","congruency":"C","task":"experiment","subjectId":"t3cgf8y823mvdus","trial_type":"external-html","trial_index":9,"time_elapsed":224524,"internal_node_id":"0.0-9.0-0.1"},{"rt":17716,"url":"../static/nodeGraphs.html","edge":"2to6","edgeRT":"16126","skip":"false","flipped":"True","index":"17","edgeClickLog":"[{\"edgeSelection\":\"2to6\",\"edgeRTMS\":16126}]","trial_id":"cong_7_flipped","congruency":"C","task":"experiment","subjectId":"t3cgf8y823mvdus","trial_type":"external-html","trial_index":10,"time_elapsed":242977,"internal_node_id":"0.0-9.0-0.2"},{"rt":8469,"url":"../static/nodeGraphs.html","edge":"2to5","edgeRT":"6991","skip":"false","flipped":"True","index":"19","edgeClickLog":"[{\"edgeSelection\":\"2to5\",\"edgeRTMS\":6991}]","trial_id":"cong_9_flipped","congruency":"C","task":"experiment","subjectId":"t3cgf8y823mvdus","trial_type":"external-html","trial_index":11,"time_elapsed":252163,"internal_node_id":"0.0-9.0-0.3"},{"rt":5827,"url":"../static/nodeGraphs.html","edge":"2to5","edgeRT":"3457","skip":"false","flipped":"False","index":"9","edgeClickLog":"[{\"edgeSelection\":\"2to5\",\"edgeRTMS\":3457}]","trial_id":"cong_9","congruency":"C","task":"experiment","subjectId":"t3cgf8y823mvdus","trial_type":"external-html","trial_index":12,"time_elapsed":258698,"internal_node_id":"0.0-9.0-0.4"},{"rt":4850,"url":"../static/nodeGraphs.html","edge":"3to5","edgeRT":"4138","skip":"false","flipped":"False","index":"3","edgeClickLog":"[{\"edgeSelection\":\"3to5\",\"edgeRTMS\":4138}]","trial_id":"cong_3","congruency":"C","task":"experiment","subjectId":"t3cgf8y823mvdus","trial_type":"external-html","trial_index":13,"time_elapsed":264259,"internal_node_id":"0.0-9.0-0.5"},{"rt":4252,"url":"../static/nodeGraphs.html","edge":"1to4","edgeRT":"2979","skip":"false","flipped":"False","index":"0","edgeClickLog":"[{\"edgeSelection\":\"1to4\",\"edgeRTMS\":2979}]","trial_id":"cong_0","congruency":"C","task":"experiment","subjectId":"t3cgf8y823mvdus","trial_type":"external-html","trial_index":14,"time_elapsed":269216,"internal_node_id":"0.0-9.0-0.6"},{"rt":7190,"url":"../static/nodeGraphs.html","edge":"0to1","edgeRT":"5729","skip":"false","flipped":"False","index":"5","edgeClickLog":"[{\"edgeSelection\":\"0to1\",\"edgeRTMS\":2540},{\"edgeSelection\":\"1to4\",\"edgeRTMS\":3902},{\"edgeSelection\":\"0to1\",\"edgeRTMS\":5729}]","trial_id":"cong_5","congruency":"C","task":"experiment","subjectId":"t3cgf8y823mvdus","trial_type":"external-html","trial_index":15,"time_elapsed":277116,"internal_node_id":"0.0-9.0-0.7"},{"rt":16452,"url":"../static/nodeGraphs.html","edge":"0to3","edgeRT":"14633","skip":"false","flipped":"True","index":"15","edgeClickLog":"[{\"edgeSelection\":\"0to3\",\"edgeRTMS\":14633}]","trial_id":"cong_5_flipped","congruency":"C","task":"experiment","subjectId":"t3cgf8y823mvdus","trial_type":"external-html","trial_index":16,"time_elapsed":294286,"internal_node_id":"0.0-9.0-0.8"},{"rt":6561,"url":"../static/nodeGraphs.html","edge":"5to7","edgeRT":"4901","skip":"false","flipped":"True","index":"12","edgeClickLog":"[{\"edgeSelection\":\"5to7\",\"edgeRTMS\":4901}]","trial_id":"cong_2_flipped","congruency":"C","task":"experiment","subjectId":"t3cgf8y823mvdus","trial_type":"external-html","trial_index":17,"time_elapsed":301565,"internal_node_id":"0.0-9.0-0.9"},{"rt":11713,"url":"../static/nodeGraphs.html","edge":"2to4","edgeRT":"7932","skip":"false","flipped":"False","index":"7","edgeClickLog":"[{\"edgeSelection\":\"2to4\",\"edgeRTMS\":7932}]","trial_id":"cong_7","congruency":"C","task":"experiment","subjectId":"t3cgf8y823mvdus","trial_type":"external-html","trial_index":18,"time_elapsed":314014,"internal_node_id":"0.0-9.0-0.10"},{"rt":3727,"url":"../static/nodeGraphs.html","edge":"2to6","edgeRT":"2004","skip":"false","flipped":"True","index":"14","edgeClickLog":"[{\"edgeSelection\":\"2to6\",\"edgeRTMS\":2004}]","trial_id":"cong_4_flipped","congruency":"C","task":"experiment","subjectId":"t3cgf8y823mvdus","trial_type":"external-html","trial_index":19,"time_elapsed":318453,"internal_node_id":"0.0-9.0-0.11"},{"rt":5840,"url":"../static/nodeGraphs.html","edge":"3to6","edgeRT":"3455","skip":"false","flipped":"True","index":"10","edgeClickLog":"[{\"edgeSelection\":\"3to6\",\"edgeRTMS\":3455}]","trial_id":"cong_0_flipped","congruency":"C","task":"experiment","subjectId":"t3cgf8y823mvdus","trial_type":"external-html","trial_index":20,"time_elapsed":325016,"internal_node_id":"0.0-9.0-0.12"},{"rt":4844,"url":"../static/nodeGraphs.html","edge":"2to6","edgeRT":"3154","skip":"false","flipped":"False","index":"1","edgeClickLog":"[{\"edgeSelection\":\"2to6\",\"edgeRTMS\":3154}]","trial_id":"cong_1","congruency":"C","task":"experiment","subjectId":"t3cgf8y823mvdus","trial_type":"external-html","trial_index":21,"time_elapsed":330566,"internal_node_id":"0.0-9.0-0.13"},{"rt":14973,"url":"../static/nodeGraphs.html","edge":"2to5","edgeRT":"4286","skip":"false","flipped":"True","index":"16","edgeClickLog":"[{\"edgeSelection\":\"2to5\",\"edgeRTMS\":4286}]","trial_id":"cong_6_flipped","congruency":"C","task":"experiment","subjectId":"t3cgf8y823mvdus","trial_type":"external-html","trial_index":22,"time_elapsed":346262,"internal_node_id":"0.0-9.0-0.14"},{"rt":9806,"url":"../static/nodeGraphs.html","edge":"4to7","edgeRT":"8709","skip":"false","flipped":"False","index":"8","edgeClickLog":"[{\"edgeSelection\":\"4to7\",\"edgeRTMS\":8709}]","trial_id":"cong_8","congruency":"C","task":"experiment","subjectId":"t3cgf8y823mvdus","trial_type":"external-html","trial_index":23,"time_elapsed":356871,"internal_node_id":"0.0-9.0-0.15"},{"rt":2787,"url":"../static/nodeGraphs.html","edge":"5to9","edgeRT":"1864","skip":"false","flipped":"False","index":"2","edgeClickLog":"[{\"edgeSelection\":\"5to9\",\"edgeRTMS\":1864}]","trial_id":"cong_2","congruency":"C","task":"experiment","subjectId":"t3cgf8y823mvdus","trial_type":"external-html","trial_index":24,"time_elapsed":360372,"internal_node_id":"0.0-9.0-0.16"},{"rt":6684,"url":"../static/nodeGraphs.html","edge":"5to7","edgeRT":"4562","skip":"false","flipped":"True","index":"13","edgeClickLog":"[{\"edgeSelection\":\"1to5\",\"edgeRTMS\":2598},{\"edgeSelection\":\"5to7\",\"edgeRTMS\":4562}]","trial_id":"cong_3_flipped","congruency":"C","task":"experiment","subjectId":"t3cgf8y823mvdus","trial_type":"external-html","trial_index":25,"time_elapsed":367768,"internal_node_id":"0.0-9.0-0.17"},{"rt":4353,"url":"../static/nodeGraphs.html","edge":"2to4","edgeRT":"2882","skip":"false","flipped":"True","index":"11","edgeClickLog":"[{\"edgeSelection\":\"2to4\",\"edgeRTMS\":2882}]","trial_id":"cong_1_flipped","congruency":"C","task":"experiment","subjectId":"t3cgf8y823mvdus","trial_type":"external-html","trial_index":26,"time_elapsed":372840,"internal_node_id":"0.0-9.0-0.18"},{"rt":5914,"url":"../static/nodeGraphs.html","edge":"2to5","edgeRT":"3348","skip":"false","flipped":"False","index":"6","edgeClickLog":"[{\"edgeSelection\":\"2to5\",\"edgeRTMS\":3348}]","trial_id":"cong_6","congruency":"C","task":"experiment","subjectId":"t3cgf8y823mvdus","trial_type":"external-html","trial_index":27,"time_elapsed":379465,"internal_node_id":"0.0-9.0-0.19"},{"rt":12718,"url":"../static/nodeGraphs.html","edge":"2to6","edgeRT":"7815","skip":"false","flipped":"False","index":"20","edgeClickLog":"[{\"edgeSelection\":\"2to6\",\"edgeRTMS\":7815}]","trial_id":"test_0","congruency":"I","task":"experiment","subjectId":"t3cgf8y823mvdus","trial_type":"external-html","trial_index":28,"time_elapsed":392951,"internal_node_id":"0.0-9.0-0.20"},{"rt":4100,"url":"../static/nodeGraphs.html","edge":"0to3","edgeRT":"2727","skip":"false","flipped":"False","index":"21","edgeClickLog":"[{\"edgeSelection\":\"0to3\",\"edgeRTMS\":2727}]","trial_id":"test_1","congruency":"I","task":"experiment","subjectId":"t3cgf8y823mvdus","trial_type":"external-html","trial_index":29,"time_elapsed":397802,"internal_node_id":"0.0-9.0-0.21"},{"rt":10074,"url":"../static/nodeGraphs.html","edge":"0to3","edgeRT":"6153","skip":"false","flipped":"False","index":"22","edgeClickLog":"[{\"edgeSelection\":\"5to7\",\"edgeRTMS\":3693},{\"edgeSelection\":\"0to3\",\"edgeRTMS\":6153}]","trial_id":"test_2","congruency":"I","task":"experiment","subjectId":"t3cgf8y823mvdus","trial_type":"external-html","trial_index":30,"time_elapsed":408598,"internal_node_id":"0.0-9.0-0.22"},{"rt":4783,"url":"../static/nodeGraphs.html","edge":"0to1","edgeRT":"2535","skip":"false","flipped":"False","index":"23","edgeClickLog":"[{\"edgeSelection\":\"0to1\",\"edgeRTMS\":2535}]","trial_id":"test_3","congruency":"I","task":"experiment","subjectId":"t3cgf8y823mvdus","trial_type":"external-html","trial_index":31,"time_elapsed":414113,"internal_node_id":"0.0-9.0-0.23"},{"rt":7489,"url":"../static/nodeGraphs.html","edge":"5to9","edgeRT":"5855","skip":"false","flipped":"False","index":"24","edgeClickLog":"[{\"edgeSelection\":\"5to9\",\"edgeRTMS\":5855}]","trial_id":"test_4","congruency":"I","task":"experiment","subjectId":"t3cgf8y823mvdus","trial_type":"external-html","trial_index":32,"time_elapsed":422309,"internal_node_id":"0.0-9.0-0.24"},{"rt":147917,"response":{"P0_Q0":null,"P0_Q1":3,"P0_Q2":7,"P0_Q3":5,"P0_Q4":4,"P0_Q5":1,"strategies":"Try to get at least one 3","feedback":"No further comments"},"accuracy":[],"trial_type":"survey","trial_index":33,"time_elapsed":570910,"internal_node_id":"0.0-10.0"},{"rt":2380,"stimulus":"<p>Thanks for your time!</p>        <p>We need to manually calculate your bonus pay, please give us up to 7 days.</p><p>Press any key to conclude.</p>","response":"g","task":"end","subjectId":"t3cgf8y823mvdus","trial_type":"html-keyboard-response","trial_index":34,"time_elapsed":573300,"internal_node_id":"0.0-11.0","interactions":"[{\"event\":\"fullscreenenter\",\"trial\":1,\"time\":2185},{\"event\":\"blur\",\"trial\":11,\"time\":249058},{\"event\":\"fullscreenexit\",\"trial\":11,\"time\":249081},{\"event\":\"focus\",\"trial\":11,\"time\":249252}]"}]