[{"success":true,"timeout":false,"failed_images":[],"failed_audio":[],"failed_video":[],"trial_type":"preload","trial_index":0,"time_elapsed":995,"internal_node_id":"0.0-0.0"},{"success":true,"trial_type":"fullscreen","trial_index":1,"time_elapsed":5032,"internal_node_id":"0.0-1.0"},{"rt":30723,"stimulus":"Welcome to the experiment. Press any key to begin.","response":" ","trial_type":"html-keyboard-response","trial_index":2,"time_elapsed":35758,"internal_node_id":"0.0-2.0"},{"view_history":[{"page_index":0,"viewing_time":2649},{"page_index":1,"viewing_time":3608},{"page_index":2,"viewing_time":19553},{"page_index":3,"viewing_time":17920},{"page_index":4,"viewing_time":1544},{"page_index":5,"viewing_time":946},{"page_index":6,"viewing_time":5711},{"page_index":7,"viewing_time":4759},{"page_index":8,"viewing_time":11529},{"page_index":9,"viewing_time":10608},{"page_index":10,"viewing_time":13601},{"page_index":11,"viewing_time":1416},{"page_index":12,"viewing_time":665},{"page_index":13,"viewing_time":2024},{"page_index":14,"viewing_time":5306},{"page_index":15,"viewing_time":5310},{"page_index":16,"viewing_time":5376},{"page_index":17,"viewing_time":984},{"page_index":18,"viewing_time":1095},{"page_index":19,"viewing_time":2008},{"page_index":20,"viewing_time":3265},{"page_index":21,"viewing_time":3408}],"rt":123286,"trial_type":"instructions","trial_index":3,"time_elapsed":159045,"internal_node_id":"0.0-3.0"},{"rt":91382,"url":"../static/nodeGraphsTraining.html","skip":[],"edgeClickLog":[],"trial_type":"external-html","trial_index":4,"time_elapsed":254449,"internal_node_id":"0.0-4.0"},{"rt":21267,"response":{"q1":"The goal is to help the student to get the most points","q2":"False","q3":"Possible paths you, as the teacher, can choose to teach the learner.","q4":"Paths that the student took before."},"question_order":[0,1,2,3],"trial_type":"survey-multi-choice","trial_index":5,"time_elapsed":275720,"internal_node_id":"0.0-5.0"},{"rt":21199,"stimulus":"<p>You can take a 60 second break before starting the experiment.</p><br><br><p>This page will advance in 60 seconds or you can press any key to advance now.</p>","response":" ","trial_type":"html-keyboard-response","trial_index":6,"time_elapsed":296923,"internal_node_id":"0.0-7.0"},{"view_history":[{"page_index":0,"viewing_time":12972}],"rt":12973,"trial_type":"instructions","trial_index":7,"time_elapsed":309896,"internal_node_id":"0.0-8.0"},{"rt":9683,"url":"../static/nodeGraphs.html","edge":"6to8","edgeRT":"8334","skip":"false","flipped":"True","index":"15","edgeClickLog":"[{\"edgeSelection\":\"0to3\",\"edgeRTMS\":5636},{\"edgeSelection\":\"3to6\",\"edgeRTMS\":7220},{\"edgeSelection\":\"6to8\",\"edgeRTMS\":8334}]","trial_id":"cong_5_flipped","congruency":"C","task":"experiment","subjectId":"ngzquo0z2b4a5e2","trial_type":"external-html","trial_index":8,"time_elapsed":330209,"internal_node_id":"0.0-9.0-0.0"},{"rt":13168,"url":"../static/nodeGraphs.html","edge":"5to7","edgeRT":"12021","skip":"false","flipped":"False","index":"6","edgeClickLog":"[{\"edgeSelection\":\"0to2\",\"edgeRTMS\":3286},{\"edgeSelection\":\"2to5\",\"edgeRTMS\":7214},{\"edgeSelection\":\"2to5\",\"edgeRTMS\":8501},{\"edgeSelection\":\"2to5\",\"edgeRTMS\":8748},{\"edgeSelection\":\"5to7\",\"edgeRTMS\":12021}]","trial_id":"cong_6","congruency":"C","task":"experiment","subjectId":"ngzquo0z2b4a5e2","trial_type":"external-html","trial_index":9,"time_elapsed":347513,"internal_node_id":"0.0-9.0-0.1"},{"rt":9842,"url":"../static/nodeGraphs.html","edge":"4to7","edgeRT":"8724","skip":"false","flipped":"False","index":"8","edgeClickLog":"[{\"edgeSelection\":\"0to1\",\"edgeRTMS\":6559},{\"edgeSelection\":\"1to4\",\"edgeRTMS\":7564},{\"edgeSelection\":\"4to7\",\"edgeRTMS\":8724}]","trial_id":"cong_8","congruency":"C","task":"experiment","subjectId":"ngzquo0z2b4a5e2","trial_type":"external-html","trial_index":10,"time_elapsed":359985,"internal_node_id":"0.0-9.0-0.2"},{"rt":12464,"url":"../static/nodeGraphs.html","edge":"5to9","edgeRT":"10017","skip":"false","flipped":"False","index":"3","edgeClickLog":"[{\"edgeSelection\":\"0to1\",\"edgeRTMS\":7485},{\"edgeSelection\":\"1to5\",\"edgeRTMS\":8651},{\"edgeSelection\":\"5to9\",\"edgeRTMS\":10017}]","trial_id":"cong_3","congruency":"C","task":"experiment","subjectId":"ngzquo0z2b4a5e2","trial_type":"external-html","trial_index":11,"time_elapsed":379362,"internal_node_id":"0.0-9.0-0.3"},{"rt":7986,"url":"../static/nodeGraphs.html","edge":"4to8","edgeRT":"6583","skip":"false","flipped":"False","index":"4","edgeClickLog":"[{\"edgeSelection\":\"0to2\",\"edgeRTMS\":3075},{\"edgeSelection\":\"2to4\",\"edgeRTMS\":5127},{\"edgeSelection\":\"4to8\",\"edgeRTMS\":6583}]","trial_id":"cong_4","congruency":"C","task":"experiment","subjectId":"ngzquo0z2b4a5e2","trial_type":"external-html","trial_index":12,"time_elapsed":389849,"internal_node_id":"0.0-9.0-0.4"},{"rt":8670,"url":"../static/nodeGraphs.html","edge":"5to8","edgeRT":"6693","skip":"false","flipped":"False","index":"9","edgeClickLog":"[{\"edgeSelection\":\"0to2\",\"edgeRTMS\":2991},{\"edgeSelection\":\"2to5\",\"edgeRTMS\":5322},{\"edgeSelection\":\"5to8\",\"edgeRTMS\":6693}]","trial_id":"cong_9","congruency":"C","task":"experiment","subjectId":"ngzquo0z2b4a5e2","trial_type":"external-html","trial_index":13,"time_elapsed":401408,"internal_node_id":"0.0-9.0-0.5"},{"rt":11226,"url":"../static/nodeGraphs.html","edge":"5to7","edgeRT":"10016","skip":"false","flipped":"True","index":"12","edgeClickLog":"[{\"edgeSelection\":\"0to2\",\"edgeRTMS\":6764},{\"edgeSelection\":\"2to5\",\"edgeRTMS\":8760},{\"edgeSelection\":\"5to7\",\"edgeRTMS\":10016}]","trial_id":"cong_2_flipped","congruency":"C","task":"experiment","subjectId":"ngzquo0z2b4a5e2","trial_type":"external-html","trial_index":14,"time_elapsed":416107,"internal_node_id":"0.0-9.0-0.6"},{"rt":8985,"url":"../static/nodeGraphs.html","edge":"5to9","edgeRT":"7532","skip":"false","flipped":"True","index":"16","edgeClickLog":"[{\"edgeSelection\":\"0to2\",\"edgeRTMS\":2245},{\"edgeSelection\":\"2to5\",\"edgeRTMS\":6572},{\"edgeSelection\":\"5to9\",\"edgeRTMS\":7532}]","trial_id":"cong_6_flipped","congruency":"C","task":"experiment","subjectId":"ngzquo0z2b4a5e2","trial_type":"external-html","trial_index":15,"time_elapsed":436721,"internal_node_id":"0.0-9.0-0.7"},{"rt":9072,"url":"../static/nodeGraphs.html","edge":"6to9","edgeRT":"7735","skip":"false","flipped":"False","index":"1","edgeClickLog":"[{\"edgeSelection\":\"0to2\",\"edgeRTMS\":3449},{\"edgeSelection\":\"2to6\",\"edgeRTMS\":4630},{\"edgeSelection\":\"6to9\",\"edgeRTMS\":7735}]","trial_id":"cong_1","congruency":"C","task":"experiment","subjectId":"ngzquo0z2b4a5e2","trial_type":"external-html","trial_index":16,"time_elapsed":448449,"internal_node_id":"0.0-9.0-0.8"},{"rt":6200,"url":"../static/nodeGraphs.html","edge":"5to7","edgeRT":"5114","skip":"false","flipped":"True","index":"19","edgeClickLog":"[{\"edgeSelection\":\"0to2\",\"edgeRTMS\":2706},{\"edgeSelection\":\"2to5\",\"edgeRTMS\":3895},{\"edgeSelection\":\"5to7\",\"edgeRTMS\":5114}]","trial_id":"cong_9_flipped","congruency":"C","task":"experiment","subjectId":"ngzquo0z2b4a5e2","trial_type":"external-html","trial_index":17,"time_elapsed":459152,"internal_node_id":"0.0-9.0-0.9"},{"rt":17590,"url":"../static/nodeGraphs.html","edge":"4to7","edgeRT":"16693","skip":"false","flipped":"False","index":"7","edgeClickLog":"[{\"edgeSelection\":\"0to2\",\"edgeRTMS\":3901},{\"edgeSelection\":\"1to5\",\"edgeRTMS\":7058},{\"edgeSelection\":\"2to4\",\"edgeRTMS\":8887},{\"edgeSelection\":\"0to2\",\"edgeRTMS\":12693},{\"edgeSelection\":\"2to4\",\"edgeRTMS\":14287},{\"edgeSelection\":\"4to7\",\"edgeRTMS\":16693}]","trial_id":"cong_7","congruency":"C","task":"experiment","subjectId":"ngzquo0z2b4a5e2","trial_type":"external-html","trial_index":18,"time_elapsed":480969,"internal_node_id":"0.0-9.0-0.10"},{"rt":8205,"url":"../static/nodeGraphs.html","edge":"4to8","edgeRT":"7141","skip":"false","flipped":"False","index":"0","edgeClickLog":"[{\"edgeSelection\":\"0to1\",\"edgeRTMS\":4066},{\"edgeSelection\":\"1to4\",\"edgeRTMS\":5535},{\"edgeSelection\":\"4to8\",\"edgeRTMS\":7141}]","trial_id":"cong_0","congruency":"C","task":"experiment","subjectId":"ngzquo0z2b4a5e2","trial_type":"external-html","trial_index":19,"time_elapsed":492600,"internal_node_id":"0.0-9.0-0.11"},{"rt":8909,"url":"../static/nodeGraphs.html","edge":"5to9","edgeRT":"7701","skip":"false","flipped":"False","index":"2","edgeClickLog":"[{\"edgeSelection\":\"0to2\",\"edgeRTMS\":4827},{\"edgeSelection\":\"2to5\",\"edgeRTMS\":6344},{\"edgeSelection\":\"5to9\",\"edgeRTMS\":7701}]","trial_id":"cong_2","congruency":"C","task":"experiment","subjectId":"ngzquo0z2b4a5e2","trial_type":"external-html","trial_index":20,"time_elapsed":503799,"internal_node_id":"0.0-9.0-0.12"},{"rt":6745,"url":"../static/nodeGraphs.html","edge":"4to7","edgeRT":"5561","skip":"false","flipped":"True","index":"11","edgeClickLog":"[{\"edgeSelection\":\"0to2\",\"edgeRTMS\":2278},{\"edgeSelection\":\"2to4\",\"edgeRTMS\":4129},{\"edgeSelection\":\"4to7\",\"edgeRTMS\":5561}]","trial_id":"cong_1_flipped","congruency":"C","task":"experiment","subjectId":"ngzquo0z2b4a5e2","trial_type":"external-html","trial_index":21,"time_elapsed":513103,"internal_node_id":"0.0-9.0-0.13"},{"rt":10725,"url":"../static/nodeGraphs.html","edge":"4to8","edgeRT":"9835","skip":"false","flipped":"False","index":"5","edgeClickLog":"[{\"edgeSelection\":\"0to1\",\"edgeRTMS\":7392},{\"edgeSelection\":\"1to4\",\"edgeRTMS\":8523},{\"edgeSelection\":\"4to8\",\"edgeRTMS\":9835}]","trial_id":"cong_5","congruency":"C","task":"experiment","subjectId":"ngzquo0z2b4a5e2","trial_type":"external-html","trial_index":22,"time_elapsed":527415,"internal_node_id":"0.0-9.0-0.14"},{"rt":6545,"url":"../static/nodeGraphs.html","edge":"5to7","edgeRT":"5330","skip":"false","flipped":"True","index":"13","edgeClickLog":"[{\"edgeSelection\":\"0to1\",\"edgeRTMS\":2540},{\"edgeSelection\":\"1to5\",\"edgeRTMS\":3867},{\"edgeSelection\":\"5to7\",\"edgeRTMS\":5330}]","trial_id":"cong_3_flipped","congruency":"C","task":"experiment","subjectId":"ngzquo0z2b4a5e2","trial_type":"external-html","trial_index":23,"time_elapsed":536378,"internal_node_id":"0.0-9.0-0.15"},{"rt":8515,"url":"../static/nodeGraphs.html","edge":"6to9","edgeRT":"7451","skip":"false","flipped":"True","index":"18","edgeClickLog":"[{\"edgeSelection\":\"0to3\",\"edgeRTMS\":3905},{\"edgeSelection\":\"3to6\",\"edgeRTMS\":4964},{\"edgeSelection\":\"6to9\",\"edgeRTMS\":6072},{\"edgeSelection\":\"6to9\",\"edgeRTMS\":7451}]","trial_id":"cong_8_flipped","congruency":"C","task":"experiment","subjectId":"ngzquo0z2b4a5e2","trial_type":"external-html","trial_index":24,"time_elapsed":547248,"internal_node_id":"0.0-9.0-0.16"},{"rt":10700,"url":"../static/nodeGraphs.html","edge":"6to9","edgeRT":"9859","skip":"false","flipped":"True","index":"17","edgeClickLog":"[{\"edgeSelection\":\"0to2\",\"edgeRTMS\":5456},{\"edgeSelection\":\"2to6\",\"edgeRTMS\":8053},{\"edgeSelection\":\"6to9\",\"edgeRTMS\":9859}]","trial_id":"cong_7_flipped","congruency":"C","task":"experiment","subjectId":"ngzquo0z2b4a5e2","trial_type":"external-html","trial_index":25,"time_elapsed":559984,"internal_node_id":"0.0-9.0-0.17"},{"rt":6176,"url":"../static/nodeGraphs.html","edge":"6to8","edgeRT":"5066","skip":"false","flipped":"True","index":"14","edgeClickLog":"[{\"edgeSelection\":\"0to2\",\"edgeRTMS\":2108},{\"edgeSelection\":\"2to6\",\"edgeRTMS\":3506},{\"edgeSelection\":\"6to8\",\"edgeRTMS\":5066}]","trial_id":"cong_4_flipped","congruency":"C","task":"experiment","subjectId":"ngzquo0z2b4a5e2","trial_type":"external-html","trial_index":26,"time_elapsed":569856,"internal_node_id":"0.0-9.0-0.18"},{"rt":5660,"url":"../static/nodeGraphs.html","edge":"6to9","edgeRT":"4750","skip":"false","flipped":"True","index":"10","edgeClickLog":"[{\"edgeSelection\":\"0to3\",\"edgeRTMS\":1913},{\"edgeSelection\":\"3to6\",\"edgeRTMS\":3683},{\"edgeSelection\":\"6to9\",\"edgeRTMS\":4750}]","trial_id":"cong_0_flipped","congruency":"C","task":"experiment","subjectId":"ngzquo0z2b4a5e2","trial_type":"external-html","trial_index":27,"time_elapsed":579337,"internal_node_id":"0.0-9.0-0.19"},{"rt":7138,"url":"../static/nodeGraphs.html","edge":"6to8","edgeRT":"6224","skip":"false","flipped":"False","index":"20","edgeClickLog":"[{\"edgeSelection\":\"0to2\",\"edgeRTMS\":2418},{\"edgeSelection\":\"2to6\",\"edgeRTMS\":4838},{\"edgeSelection\":\"6to8\",\"edgeRTMS\":6224}]","trial_id":"test_0","congruency":"I","task":"experiment","subjectId":"ngzquo0z2b4a5e2","trial_type":"external-html","trial_index":28,"time_elapsed":588807,"internal_node_id":"0.0-9.0-0.20"},{"rt":7936,"url":"../static/nodeGraphs.html","edge":"6to9","edgeRT":"7211","skip":"false","flipped":"False","index":"21","edgeClickLog":"[{\"edgeSelection\":\"0to3\",\"edgeRTMS\":2753},{\"edgeSelection\":\"3to6\",\"edgeRTMS\":5989},{\"edgeSelection\":\"6to9\",\"edgeRTMS\":7211}]","trial_id":"test_1","congruency":"I","task":"experiment","subjectId":"ngzquo0z2b4a5e2","trial_type":"external-html","trial_index":29,"time_elapsed":598946,"internal_node_id":"0.0-9.0-0.21"},{"rt":6695,"url":"../static/nodeGraphs.html","edge":"6to8","edgeRT":"5907","skip":"false","flipped":"False","index":"22","edgeClickLog":"[{\"edgeSelection\":\"0to3\",\"edgeRTMS\":2303},{\"edgeSelection\":\"3to6\",\"edgeRTMS\":4595},{\"edgeSelection\":\"6to8\",\"edgeRTMS\":5907}]","trial_id":"test_2","congruency":"I","task":"experiment","subjectId":"ngzquo0z2b4a5e2","trial_type":"external-html","trial_index":30,"time_elapsed":608209,"internal_node_id":"0.0-9.0-0.22"},{"rt":7211,"url":"../static/nodeGraphs.html","edge":"5to9","edgeRT":"6179","skip":"false","flipped":"False","index":"23","edgeClickLog":"[{\"edgeSelection\":\"0to1\",\"edgeRTMS\":3265},{\"edgeSelection\":\"1to5\",\"edgeRTMS\":4581},{\"edgeSelection\":\"5to9\",\"edgeRTMS\":6179}]","trial_id":"test_3","congruency":"I","task":"experiment","subjectId":"ngzquo0z2b4a5e2","trial_type":"external-html","trial_index":31,"time_elapsed":620431,"internal_node_id":"0.0-9.0-0.23"},{"rt":12049,"url":"../static/nodeGraphs.html","edge":"5to9","edgeRT":"11064","skip":"false","flipped":"False","index":"24","edgeClickLog":"[{\"edgeSelection\":\"0to1\",\"edgeRTMS\":8849},{\"edgeSelection\":\"1to5\",\"edgeRTMS\":9924},{\"edgeSelection\":\"5to9\",\"edgeRTMS\":11064}]","trial_id":"test_4","congruency":"I","task":"experiment","subjectId":"ngzquo0z2b4a5e2","trial_type":"external-html","trial_index":32,"time_elapsed":637135,"internal_node_id":"0.0-9.0-0.24"},{"rt":36066,"response":{"P0_Q0":null,"P0_Q1":1,"P0_Q2":7,"P0_Q3":7,"P0_Q4":1,"P0_Q5":1,"strategies":"Added up the points in each path and chose the one with most points","feedback":""},"accuracy":[],"trial_type":"survey","trial_index":33,"time_elapsed":673773,"internal_node_id":"0.0-10.0"},{"rt":3698,"stimulus":"<p>Thanks for your time!</p>        <p>We need to manually calculate your bonus pay, please give us up to 7 days.</p><p>Press any key to conclude.</p>","response":" ","task":"end","subjectId":"ngzquo0z2b4a5e2","trial_type":"html-keyboard-response","trial_index":34,"time_elapsed":677473,"internal_node_id":"0.0-11.0","interactions":"[{\"event\":\"fullscreenenter\",\"trial\":1,\"time\":4079},{\"event\":\"blur\",\"trial\":4,\"time\":194465},{\"event\":\"focus\",\"trial\":4,\"time\":194466},{\"event\":\"fullscreenexit\",\"trial\":4,\"time\":194472}]"}]