[{"success":true,"timeout":false,"failed_images":[],"failed_audio":[],"failed_video":[],"trial_type":"preload","trial_index":0,"time_elapsed":683,"internal_node_id":"0.0-0.0"},{"success":true,"trial_type":"fullscreen","trial_index":1,"time_elapsed":5331,"internal_node_id":"0.0-1.0"},{"rt":3574,"stimulus":"Welcome to the experiment. Press any key to begin.","response":" ","trial_type":"html-keyboard-response","trial_index":2,"time_elapsed":8906,"internal_node_id":"0.0-2.0"},{"view_history":[{"page_index":0,"viewing_time":4228},{"page_index":1,"viewing_time":3406},{"page_index":2,"viewing_time":20959},{"page_index":3,"viewing_time":9362},{"page_index":4,"viewing_time":1842},{"page_index":5,"viewing_time":774},{"page_index":6,"viewing_time":2606},{"page_index":7,"viewing_time":6955},{"page_index":8,"viewing_time":12698},{"page_index":9,"viewing_time":6125},{"page_index":10,"viewing_time":1391},{"page_index":11,"viewing_time":2406},{"page_index":12,"viewing_time":1572},{"page_index":13,"viewing_time":1441},{"page_index":14,"viewing_time":2325},{"page_index":15,"viewing_time":5640},{"page_index":16,"viewing_time":1749},{"page_index":17,"viewing_time":641},{"page_index":18,"viewing_time":624},{"page_index":19,"viewing_time":2175},{"page_index":20,"viewing_time":6272},{"page_index":21,"viewing_time":2399}],"rt":97590,"trial_type":"instructions","trial_index":3,"time_elapsed":106496,"internal_node_id":"0.0-3.0"},{"rt":49609,"url":"../static/nodeGraphsTraining.html","skip":[],"edgeClickLog":[],"trial_type":"external-html","trial_index":4,"time_elapsed":156197,"internal_node_id":"0.0-4.0"},{"rt":25341,"response":{"q1":"The goal is to help the student to get the most points","q2":"False","q3":"Possible paths you, as the teacher, can choose to teach the learner.","q4":"Paths that the student took before."},"question_order":[0,1,2,3],"trial_type":"survey-multi-choice","trial_index":5,"time_elapsed":181540,"internal_node_id":"0.0-5.0"},{"rt":5992,"stimulus":"<p>You can take a 60 second break before starting the experiment.</p><br><br><p>This page will advance in 60 seconds or you can press any key to advance now.</p>","response":" ","trial_type":"html-keyboard-response","trial_index":6,"time_elapsed":187534,"internal_node_id":"0.0-7.0"},{"view_history":[{"page_index":0,"viewing_time":16107}],"rt":16108,"trial_type":"instructions","trial_index":7,"time_elapsed":203642,"internal_node_id":"0.0-8.0"},{"rt":10405,"url":"../static/nodeGraphs.html","edge":"2to4","edgeRT":"9093","skip":"false","flipped":"False","index":"0","edgeClickLog":"[{\"edgeSelection\":\"2to4\",\"edgeRTMS\":9093}]","trial_id":"cong_0","congruency":"C","task":"experiment","subjectId":"xfrs9ru6j2zcxaq","trial_type":"external-html","trial_index":8,"time_elapsed":214126,"internal_node_id":"0.0-9.0-0.0"},{"rt":8954,"url":"../static/nodeGraphs.html","edge":"2to4","edgeRT":"7910","skip":"false","flipped":"True","index":"11","edgeClickLog":"[{\"edgeSelection\":\"2to4\",\"edgeRTMS\":7910}]","trial_id":"cong_1_flipped","congruency":"C","task":"experiment","subjectId":"xfrs9ru6j2zcxaq","trial_type":"external-html","trial_index":9,"time_elapsed":223694,"internal_node_id":"0.0-9.0-0.1"},{"rt":7428,"url":"../static/nodeGraphs.html","edge":"2to6","edgeRT":"6394","skip":"false","flipped":"True","index":"17","edgeClickLog":"[{\"edgeSelection\":\"2to6\",\"edgeRTMS\":6394}]","trial_id":"cong_7_flipped","congruency":"C","task":"experiment","subjectId":"xfrs9ru6j2zcxaq","trial_type":"external-html","trial_index":10,"time_elapsed":231726,"internal_node_id":"0.0-9.0-0.2"},{"rt":9329,"url":"../static/nodeGraphs.html","edge":"0to3","edgeRT":"8099","skip":"false","flipped":"True","index":"12","edgeClickLog":"[{\"edgeSelection\":\"0to3\",\"edgeRTMS\":8099}]","trial_id":"cong_2_flipped","congruency":"C","task":"experiment","subjectId":"xfrs9ru6j2zcxaq","trial_type":"external-html","trial_index":11,"time_elapsed":241649,"internal_node_id":"0.0-9.0-0.3"},{"rt":4163,"url":"../static/nodeGraphs.html","edge":"2to5","edgeRT":"2639","skip":"false","flipped":"True","index":"16","edgeClickLog":"[{\"edgeSelection\":\"2to5\",\"edgeRTMS\":2639}]","trial_id":"cong_6_flipped","congruency":"C","task":"experiment","subjectId":"xfrs9ru6j2zcxaq","trial_type":"external-html","trial_index":12,"time_elapsed":246400,"internal_node_id":"0.0-9.0-0.4"},{"rt":6820,"url":"../static/nodeGraphs.html","edge":"0to1","edgeRT":"5547","skip":"false","flipped":"False","index":"5","edgeClickLog":"[{\"edgeSelection\":\"0to1\",\"edgeRTMS\":5547}]","trial_id":"cong_5","congruency":"C","task":"experiment","subjectId":"xfrs9ru6j2zcxaq","trial_type":"external-html","trial_index":13,"time_elapsed":253818,"internal_node_id":"0.0-9.0-0.5"},{"rt":11895,"url":"../static/nodeGraphs.html","edge":"1to4","edgeRT":"10829","skip":"false","flipped":"True","index":"18","edgeClickLog":"[{\"edgeSelection\":\"1to4\",\"edgeRTMS\":10829}]","trial_id":"cong_8_flipped","congruency":"C","task":"experiment","subjectId":"xfrs9ru6j2zcxaq","trial_type":"external-html","trial_index":14,"time_elapsed":266316,"internal_node_id":"0.0-9.0-0.6"},{"rt":5359,"url":"../static/nodeGraphs.html","edge":"2to4","edgeRT":"3896","skip":"false","flipped":"False","index":"4","edgeClickLog":"[{\"edgeSelection\":\"2to4\",\"edgeRTMS\":3896}]","trial_id":"cong_4","congruency":"C","task":"experiment","subjectId":"xfrs9ru6j2zcxaq","trial_type":"external-html","trial_index":15,"time_elapsed":272278,"internal_node_id":"0.0-9.0-0.7"},{"rt":6022,"url":"../static/nodeGraphs.html","edge":"5to9","edgeRT":"4814","skip":"false","flipped":"False","index":"2","edgeClickLog":"[{\"edgeSelection\":\"5to9\",\"edgeRTMS\":4814}]","trial_id":"cong_2","congruency":"C","task":"experiment","subjectId":"xfrs9ru6j2zcxaq","trial_type":"external-html","trial_index":16,"time_elapsed":278901,"internal_node_id":"0.0-9.0-0.8"},{"rt":4196,"url":"../static/nodeGraphs.html","edge":"0to3","edgeRT":"3017","skip":"false","flipped":"True","index":"15","edgeClickLog":"[{\"edgeSelection\":\"0to3\",\"edgeRTMS\":3017}]","trial_id":"cong_5_flipped","congruency":"C","task":"experiment","subjectId":"xfrs9ru6j2zcxaq","trial_type":"external-html","trial_index":17,"time_elapsed":283694,"internal_node_id":"0.0-9.0-0.9"},{"rt":8573,"url":"../static/nodeGraphs.html","edge":"0to1","edgeRT":"7334","skip":"false","flipped":"False","index":"7","edgeClickLog":"[{\"edgeSelection\":\"0to1\",\"edgeRTMS\":7334}]","trial_id":"cong_7","congruency":"C","task":"experiment","subjectId":"xfrs9ru6j2zcxaq","trial_type":"external-html","trial_index":18,"time_elapsed":292890,"internal_node_id":"0.0-9.0-0.10"},{"rt":5174,"url":"../static/nodeGraphs.html","edge":"3to6","edgeRT":"4133","skip":"false","flipped":"True","index":"10","edgeClickLog":"[{\"edgeSelection\":\"3to6\",\"edgeRTMS\":4133}]","trial_id":"cong_0_flipped","congruency":"C","task":"experiment","subjectId":"xfrs9ru6j2zcxaq","trial_type":"external-html","trial_index":19,"time_elapsed":298673,"internal_node_id":"0.0-9.0-0.11"},{"rt":10143,"url":"../static/nodeGraphs.html","edge":"4to7","edgeRT":"8863","skip":"false","flipped":"False","index":"8","edgeClickLog":"[{\"edgeSelection\":\"4to7\",\"edgeRTMS\":8863}]","trial_id":"cong_8","congruency":"C","task":"experiment","subjectId":"xfrs9ru6j2zcxaq","trial_type":"external-html","trial_index":20,"time_elapsed":309422,"internal_node_id":"0.0-9.0-0.12"},{"rt":3898,"url":"../static/nodeGraphs.html","edge":"2to6","edgeRT":"2652","skip":"false","flipped":"False","index":"1","edgeClickLog":"[{\"edgeSelection\":\"2to6\",\"edgeRTMS\":2652}]","trial_id":"cong_1","congruency":"C","task":"experiment","subjectId":"xfrs9ru6j2zcxaq","trial_type":"external-html","trial_index":21,"time_elapsed":313916,"internal_node_id":"0.0-9.0-0.13"},{"rt":5045,"url":"../static/nodeGraphs.html","edge":"2to5","edgeRT":"3448","skip":"false","flipped":"False","index":"6","edgeClickLog":"[{\"edgeSelection\":\"2to5\",\"edgeRTMS\":3448}]","trial_id":"cong_6","congruency":"C","task":"experiment","subjectId":"xfrs9ru6j2zcxaq","trial_type":"external-html","trial_index":22,"time_elapsed":319563,"internal_node_id":"0.0-9.0-0.14"},{"rt":11204,"url":"../static/nodeGraphs.html","edge":"2to5","edgeRT":"8653","skip":"false","flipped":"False","index":"9","edgeClickLog":"[{\"edgeSelection\":\"2to5\",\"edgeRTMS\":2495},{\"edgeSelection\":\"0to3\",\"edgeRTMS\":5587},{\"edgeSelection\":\"2to5\",\"edgeRTMS\":8653}]","trial_id":"cong_9","congruency":"C","task":"experiment","subjectId":"xfrs9ru6j2zcxaq","trial_type":"external-html","trial_index":23,"time_elapsed":331388,"internal_node_id":"0.0-9.0-0.15"},{"rt":6966,"url":"../static/nodeGraphs.html","edge":"3to5","edgeRT":"5458","skip":"false","flipped":"False","index":"3","edgeClickLog":"[{\"edgeSelection\":\"3to5\",\"edgeRTMS\":5458}]","trial_id":"cong_3","congruency":"C","task":"experiment","subjectId":"xfrs9ru6j2zcxaq","trial_type":"external-html","trial_index":24,"time_elapsed":338941,"internal_node_id":"0.0-9.0-0.16"},{"rt":2862,"url":"../static/nodeGraphs.html","edge":"2to5","edgeRT":"1849","skip":"false","flipped":"True","index":"19","edgeClickLog":"[{\"edgeSelection\":\"2to5\",\"edgeRTMS\":1849}]","trial_id":"cong_9_flipped","congruency":"C","task":"experiment","subjectId":"xfrs9ru6j2zcxaq","trial_type":"external-html","trial_index":25,"time_elapsed":342402,"internal_node_id":"0.0-9.0-0.17"},{"rt":5513,"url":"../static/nodeGraphs.html","edge":"1to5","edgeRT":"3420","skip":"false","flipped":"True","index":"13","edgeClickLog":"[{\"edgeSelection\":\"1to5\",\"edgeRTMS\":3420}]","trial_id":"cong_3_flipped","congruency":"C","task":"experiment","subjectId":"xfrs9ru6j2zcxaq","trial_type":"external-html","trial_index":26,"time_elapsed":348511,"internal_node_id":"0.0-9.0-0.18"},{"rt":4360,"url":"../static/nodeGraphs.html","edge":"2to6","edgeRT":"3330","skip":"false","flipped":"True","index":"14","edgeClickLog":"[{\"edgeSelection\":\"2to6\",\"edgeRTMS\":3330}]","trial_id":"cong_4_flipped","congruency":"C","task":"experiment","subjectId":"xfrs9ru6j2zcxaq","trial_type":"external-html","trial_index":27,"time_elapsed":353479,"internal_node_id":"0.0-9.0-0.19"},{"rt":7120,"url":"../static/nodeGraphs.html","edge":"5to8","edgeRT":"6024","skip":"false","flipped":"False","index":"20","edgeClickLog":"[{\"edgeSelection\":\"3to6\",\"edgeRTMS\":3005},{\"edgeSelection\":\"5to8\",\"edgeRTMS\":6024}]","trial_id":"test_0","congruency":"I","task":"experiment","subjectId":"xfrs9ru6j2zcxaq","trial_type":"external-html","trial_index":28,"time_elapsed":361194,"internal_node_id":"0.0-9.0-0.20"},{"rt":3085,"url":"../static/nodeGraphs.html","edge":"0to3","edgeRT":"1973","skip":"false","flipped":"False","index":"21","edgeClickLog":"[{\"edgeSelection\":\"0to3\",\"edgeRTMS\":1973}]","trial_id":"test_1","congruency":"I","task":"experiment","subjectId":"xfrs9ru6j2zcxaq","trial_type":"external-html","trial_index":29,"time_elapsed":364885,"internal_node_id":"0.0-9.0-0.21"},{"rt":3845,"url":"../static/nodeGraphs.html","edge":"0to3","edgeRT":"2693","skip":"false","flipped":"False","index":"22","edgeClickLog":"[{\"edgeSelection\":\"0to3\",\"edgeRTMS\":2693}]","trial_id":"test_2","congruency":"I","task":"experiment","subjectId":"xfrs9ru6j2zcxaq","trial_type":"external-html","trial_index":30,"time_elapsed":369329,"internal_node_id":"0.0-9.0-0.22"},{"rt":4485,"url":"../static/nodeGraphs.html","edge":"0to1","edgeRT":"2270","skip":"false","flipped":"False","index":"23","edgeClickLog":"[{\"edgeSelection\":\"0to1\",\"edgeRTMS\":2270}]","trial_id":"test_3","congruency":"I","task":"experiment","subjectId":"xfrs9ru6j2zcxaq","trial_type":"external-html","trial_index":31,"time_elapsed":374451,"internal_node_id":"0.0-9.0-0.23"},{"rt":8426,"url":"../static/nodeGraphs.html","edge":"3to6","edgeRT":"6673","skip":"false","flipped":"False","index":"24","edgeClickLog":"[{\"edgeSelection\":\"3to6\",\"edgeRTMS\":6673}]","trial_id":"test_4","congruency":"I","task":"experiment","subjectId":"xfrs9ru6j2zcxaq","trial_type":"external-html","trial_index":32,"time_elapsed":383483,"internal_node_id":"0.0-9.0-0.24"},{"rt":39998,"response":{"P0_Q0":null,"P0_Q1":4,"P0_Q2":6,"P0_Q3":4,"P0_Q4":5,"P0_Q5":2,"strategies":"Tried to see if they would have chosen the path I revealed, in comparison to their chosen path.","feedback":"No, that was fun!"},"accuracy":[],"trial_type":"survey","trial_index":33,"time_elapsed":424045,"internal_node_id":"0.0-10.0"},{"rt":3848,"stimulus":"<p>Thanks for your time!</p>        <p>We need to manually calculate your bonus pay, please give us up to 7 days.</p><p>Press any key to conclude.</p>","response":" ","task":"end","subjectId":"xfrs9ru6j2zcxaq","trial_type":"html-keyboard-response","trial_index":34,"time_elapsed":427894,"internal_node_id":"0.0-11.0","interactions":"[{\"event\":\"fullscreenenter\",\"trial\":1,\"time\":4330}]"}]