[{"success":true,"timeout":false,"failed_images":[],"failed_audio":[],"failed_video":[],"trial_type":"preload","trial_index":0,"time_elapsed":232,"internal_node_id":"0.0-0.0"},{"success":true,"trial_type":"fullscreen","trial_index":1,"time_elapsed":3550,"internal_node_id":"0.0-1.0"},{"rt":4675,"stimulus":"Welcome to the experiment. Press any key to begin.","response":"j","trial_type":"html-keyboard-response","trial_index":2,"time_elapsed":8229,"internal_node_id":"0.0-2.0"},{"view_history":[{"page_index":0,"viewing_time":5617},{"page_index":1,"viewing_time":4796},{"page_index":2,"viewing_time":23556},{"page_index":3,"viewing_time":5797},{"page_index":4,"viewing_time":1891},{"page_index":5,"viewing_time":1024},{"page_index":6,"viewing_time":2090},{"page_index":7,"viewing_time":12037},{"page_index":8,"viewing_time":17761},{"page_index":9,"viewing_time":10155},{"page_index":10,"viewing_time":3447},{"page_index":11,"viewing_time":1919},{"page_index":12,"viewing_time":1341},{"page_index":13,"viewing_time":2678},{"page_index":14,"viewing_time":3725},{"page_index":15,"viewing_time":6533},{"page_index":16,"viewing_time":2270},{"page_index":17,"viewing_time":967},{"page_index":18,"viewing_time":1206},{"page_index":19,"viewing_time":1509},{"page_index":20,"viewing_time":5469},{"page_index":21,"viewing_time":4832}],"rt":120621,"trial_type":"instructions","trial_index":3,"time_elapsed":128851,"internal_node_id":"0.0-3.0"},{"rt":165465,"url":"../static/nodeGraphsTraining.html","skip":[],"edgeClickLog":[],"trial_type":"external-html","trial_index":4,"time_elapsed":294463,"internal_node_id":"0.0-4.0"},{"rt":32914,"response":{"q1":"The goal is to help the student to get the most points","q2":"False","q3":"Possible paths you, as the teacher, can choose to teach the learner.","q4":"Paths that the student took before."},"question_order":[0,1,2,3],"trial_type":"survey-multi-choice","trial_index":5,"time_elapsed":327386,"internal_node_id":"0.0-5.0"},{"rt":11096,"stimulus":"<p>You can take a 60 second break before starting the experiment.</p><br><br><p>This page will advance in 60 seconds or you can press any key to advance now.</p>","response":"g","trial_type":"html-keyboard-response","trial_index":6,"time_elapsed":338491,"internal_node_id":"0.0-7.0"},{"view_history":[{"page_index":0,"viewing_time":20863}],"rt":20865,"trial_type":"instructions","trial_index":7,"time_elapsed":359359,"internal_node_id":"0.0-8.0"},{"rt":15687,"url":"../static/nodeGraphs.html","edge":"6to8","edgeRT":"13633","skip":"false","flipped":"True","index":"16","edgeClickLog":"[{\"edgeSelection\":\"5to8\",\"edgeRTMS\":11383},{\"edgeSelection\":\"6to8\",\"edgeRTMS\":13633}]","trial_id":"incong_6_flipped","congruency":"I","task":"experiment","subjectId":"c0h5r7qs50jrluh","trial_type":"external-html","trial_index":8,"time_elapsed":375186,"internal_node_id":"0.0-9.0-0.0"},{"rt":8569,"url":"../static/nodeGraphs.html","edge":"6to8","edgeRT":"5628","skip":"false","flipped":"True","index":"10","edgeClickLog":"[{\"edgeSelection\":\"6to8\",\"edgeRTMS\":5628}]","trial_id":"incong_0_flipped","congruency":"I","task":"experiment","subjectId":"c0h5r7qs50jrluh","trial_type":"external-html","trial_index":9,"time_elapsed":384401,"internal_node_id":"0.0-9.0-0.1"},{"rt":6873,"url":"../static/nodeGraphs.html","edge":"1to4","edgeRT":"5357","skip":"false","flipped":"False","index":"1","edgeClickLog":"[{\"edgeSelection\":\"1to4\",\"edgeRTMS\":4609},{\"edgeSelection\":\"1to4\",\"edgeRTMS\":5357}]","trial_id":"incong_1","congruency":"I","task":"experiment","subjectId":"c0h5r7qs50jrluh","trial_type":"external-html","trial_index":10,"time_elapsed":391907,"internal_node_id":"0.0-9.0-0.2"},{"rt":5612,"url":"../static/nodeGraphs.html","edge":"1to4","edgeRT":"4329","skip":"false","flipped":"False","index":"8","edgeClickLog":"[{\"edgeSelection\":\"1to4\",\"edgeRTMS\":4329}]","trial_id":"incong_8","congruency":"I","task":"experiment","subjectId":"c0h5r7qs50jrluh","trial_type":"external-html","trial_index":11,"time_elapsed":398161,"internal_node_id":"0.0-9.0-0.3"},{"rt":9454,"url":"../static/nodeGraphs.html","edge":"3to6","edgeRT":"6934","skip":"false","flipped":"True","index":"11","edgeClickLog":"[{\"edgeSelection\":\"3to6\",\"edgeRTMS\":4883},{\"edgeSelection\":\"6to9\",\"edgeRTMS\":5750},{\"edgeSelection\":\"3to6\",\"edgeRTMS\":6934}]","trial_id":"incong_1_flipped","congruency":"I","task":"experiment","subjectId":"c0h5r7qs50jrluh","trial_type":"external-html","trial_index":12,"time_elapsed":408192,"internal_node_id":"0.0-9.0-0.4"},{"rt":9588,"url":"../static/nodeGraphs.html","edge":"6to9","edgeRT":"8595","skip":"false","flipped":"True","index":"15","edgeClickLog":"[{\"edgeSelection\":\"6to9\",\"edgeRTMS\":7097},{\"edgeSelection\":\"6to9\",\"edgeRTMS\":8595}]","trial_id":"incong_5_flipped","congruency":"I","task":"experiment","subjectId":"c0h5r7qs50jrluh","trial_type":"external-html","trial_index":13,"time_elapsed":418417,"internal_node_id":"0.0-9.0-0.5"},{"rt":10135,"url":"../static/nodeGraphs.html","edge":"2to6","edgeRT":"8220","skip":"false","flipped":"False","index":"3","edgeClickLog":"[{\"edgeSelection\":\"3to5\",\"edgeRTMS\":6162},{\"edgeSelection\":\"2to6\",\"edgeRTMS\":8220}]","trial_id":"incong_3","congruency":"I","task":"experiment","subjectId":"c0h5r7qs50jrluh","trial_type":"external-html","trial_index":14,"time_elapsed":429201,"internal_node_id":"0.0-9.0-0.6"},{"rt":6274,"url":"../static/nodeGraphs.html","edge":"3to6","edgeRT":"4698","skip":"false","flipped":"True","index":"18","edgeClickLog":"[{\"edgeSelection\":\"3to6\",\"edgeRTMS\":4698}]","trial_id":"incong_8_flipped","congruency":"I","task":"experiment","subjectId":"c0h5r7qs50jrluh","trial_type":"external-html","trial_index":15,"time_elapsed":436122,"internal_node_id":"0.0-9.0-0.7"},{"rt":7593,"url":"../static/nodeGraphs.html","edge":"4to8","edgeRT":"6454","skip":"false","flipped":"False","index":"6","edgeClickLog":"[{\"edgeSelection\":\"4to8\",\"edgeRTMS\":6454}]","trial_id":"incong_6","congruency":"I","task":"experiment","subjectId":"c0h5r7qs50jrluh","trial_type":"external-html","trial_index":16,"time_elapsed":444292,"internal_node_id":"0.0-9.0-0.8"},{"rt":8191,"url":"../static/nodeGraphs.html","edge":"1to4","edgeRT":"7077","skip":"false","flipped":"True","index":"13","edgeClickLog":"[{\"edgeSelection\":\"1to4\",\"edgeRTMS\":7077}]","trial_id":"incong_3_flipped","congruency":"I","task":"experiment","subjectId":"c0h5r7qs50jrluh","trial_type":"external-html","trial_index":17,"time_elapsed":453153,"internal_node_id":"0.0-9.0-0.9"},{"rt":7600,"url":"../static/nodeGraphs.html","edge":"4to8","edgeRT":"5398","skip":"false","flipped":"True","index":"17","edgeClickLog":"[{\"edgeSelection\":\"4to8\",\"edgeRTMS\":5398}]","trial_id":"incong_7_flipped","congruency":"I","task":"experiment","subjectId":"c0h5r7qs50jrluh","trial_type":"external-html","trial_index":18,"time_elapsed":461399,"internal_node_id":"0.0-9.0-0.10"},{"rt":13856,"url":"../static/nodeGraphs.html","edge":"4to8","edgeRT":"12497","skip":"false","flipped":"False","index":"2","edgeClickLog":"[{\"edgeSelection\":\"5to7\",\"edgeRTMS\":7498},{\"edgeSelection\":\"5to7\",\"edgeRTMS\":8172},{\"edgeSelection\":\"4to8\",\"edgeRTMS\":8954},{\"edgeSelection\":\"4to8\",\"edgeRTMS\":9528},{\"edgeSelection\":\"4to8\",\"edgeRTMS\":9971},{\"edgeSelection\":\"4to8\",\"edgeRTMS\":10367},{\"edgeSelection\":\"4to8\",\"edgeRTMS\":11727},{\"edgeSelection\":\"4to8\",\"edgeRTMS\":12497}]","trial_id":"incong_2","congruency":"I","task":"experiment","subjectId":"c0h5r7qs50jrluh","trial_type":"external-html","trial_index":19,"time_elapsed":475901,"internal_node_id":"0.0-9.0-0.11"},{"rt":10898,"url":"../static/nodeGraphs.html","edge":"5to7","edgeRT":"9550","skip":"false","flipped":"True","index":"19","edgeClickLog":"[{\"edgeSelection\":\"5to7\",\"edgeRTMS\":9550}]","trial_id":"incong_9_flipped","congruency":"I","task":"experiment","subjectId":"c0h5r7qs50jrluh","trial_type":"external-html","trial_index":20,"time_elapsed":487442,"internal_node_id":"0.0-9.0-0.12"},{"rt":8485,"url":"../static/nodeGraphs.html","edge":"5to7","edgeRT":"6047","skip":"false","flipped":"True","index":"14","edgeClickLog":"[{\"edgeSelection\":\"5to7\",\"edgeRTMS\":6047}]","trial_id":"incong_4_flipped","congruency":"I","task":"experiment","subjectId":"c0h5r7qs50jrluh","trial_type":"external-html","trial_index":21,"time_elapsed":496573,"internal_node_id":"0.0-9.0-0.13"},{"rt":9618,"url":"../static/nodeGraphs.html","edge":"6to8","edgeRT":"8448","skip":"false","flipped":"True","index":"12","edgeClickLog":"[{\"edgeSelection\":\"6to8\",\"edgeRTMS\":8448}]","trial_id":"incong_2_flipped","congruency":"I","task":"experiment","subjectId":"c0h5r7qs50jrluh","trial_type":"external-html","trial_index":22,"time_elapsed":506835,"internal_node_id":"0.0-9.0-0.14"},{"rt":9307,"url":"../static/nodeGraphs.html","edge":"4to8","edgeRT":"7249","skip":"false","flipped":"False","index":"7","edgeClickLog":"[{\"edgeSelection\":\"4to8\",\"edgeRTMS\":7249}]","trial_id":"incong_7","congruency":"I","task":"experiment","subjectId":"c0h5r7qs50jrluh","trial_type":"external-html","trial_index":23,"time_elapsed":516792,"internal_node_id":"0.0-9.0-0.15"},{"rt":9514,"url":"../static/nodeGraphs.html","edge":"5to9","edgeRT":"8366","skip":"false","flipped":"False","index":"9","edgeClickLog":"[{\"edgeSelection\":\"6to8\",\"edgeRTMS\":6954},{\"edgeSelection\":\"5to9\",\"edgeRTMS\":8366}]","trial_id":"incong_9","congruency":"I","task":"experiment","subjectId":"c0h5r7qs50jrluh","trial_type":"external-html","trial_index":24,"time_elapsed":526940,"internal_node_id":"0.0-9.0-0.16"},{"rt":6237,"url":"../static/nodeGraphs.html","edge":"4to8","edgeRT":"5419","skip":"false","flipped":"False","index":"5","edgeClickLog":"[{\"edgeSelection\":\"4to8\",\"edgeRTMS\":5419}]","trial_id":"incong_5","congruency":"I","task":"experiment","subjectId":"c0h5r7qs50jrluh","trial_type":"external-html","trial_index":25,"time_elapsed":533824,"internal_node_id":"0.0-9.0-0.17"},{"rt":10076,"url":"../static/nodeGraphs.html","edge":"4to8","edgeRT":"9070","skip":"false","flipped":"False","index":"0","edgeClickLog":"[{\"edgeSelection\":\"4to8\",\"edgeRTMS\":9070}]","trial_id":"incong_0","congruency":"I","task":"experiment","subjectId":"c0h5r7qs50jrluh","trial_type":"external-html","trial_index":26,"time_elapsed":544552,"internal_node_id":"0.0-9.0-0.18"},{"rt":10103,"url":"../static/nodeGraphs.html","edge":"5to9","edgeRT":"8960","skip":"false","flipped":"False","index":"4","edgeClickLog":"[{\"edgeSelection\":\"6to9\",\"edgeRTMS\":7304},{\"edgeSelection\":\"6to9\",\"edgeRTMS\":8065},{\"edgeSelection\":\"5to9\",\"edgeRTMS\":8960}]","trial_id":"incong_4","congruency":"I","task":"experiment","subjectId":"c0h5r7qs50jrluh","trial_type":"external-html","trial_index":27,"time_elapsed":555304,"internal_node_id":"0.0-9.0-0.19"},{"rt":7446,"url":"../static/nodeGraphs.html","edge":"6to8","edgeRT":"6397","skip":"false","flipped":"False","index":"20","edgeClickLog":"[{\"edgeSelection\":\"6to8\",\"edgeRTMS\":6397}]","trial_id":"test_0","congruency":"I","task":"experiment","subjectId":"c0h5r7qs50jrluh","trial_type":"external-html","trial_index":28,"time_elapsed":563394,"internal_node_id":"0.0-9.0-0.20"},{"rt":12196,"url":"../static/nodeGraphs.html","edge":"1to4","edgeRT":"11184","skip":"false","flipped":"False","index":"21","edgeClickLog":"[{\"edgeSelection\":\"1to4\",\"edgeRTMS\":9726},{\"edgeSelection\":\"1to4\",\"edgeRTMS\":11184}]","trial_id":"test_1","congruency":"I","task":"experiment","subjectId":"c0h5r7qs50jrluh","trial_type":"external-html","trial_index":29,"time_elapsed":576243,"internal_node_id":"0.0-9.0-0.21"},{"rt":6288,"url":"../static/nodeGraphs.html","edge":"3to6","edgeRT":"5264","skip":"false","flipped":"False","index":"22","edgeClickLog":"[{\"edgeSelection\":\"3to6\",\"edgeRTMS\":5264}]","trial_id":"test_2","congruency":"I","task":"experiment","subjectId":"c0h5r7qs50jrluh","trial_type":"external-html","trial_index":30,"time_elapsed":583181,"internal_node_id":"0.0-9.0-0.22"},{"rt":15245,"url":"../static/nodeGraphs.html","edge":"1to5","edgeRT":"13423","skip":"false","flipped":"False","index":"23","edgeClickLog":"[{\"edgeSelection\":\"2to4\",\"edgeRTMS\":12688},{\"edgeSelection\":\"1to5\",\"edgeRTMS\":13423}]","trial_id":"test_3","congruency":"I","task":"experiment","subjectId":"c0h5r7qs50jrluh","trial_type":"external-html","trial_index":31,"time_elapsed":599070,"internal_node_id":"0.0-9.0-0.23"},{"rt":7562,"url":"../static/nodeGraphs.html","edge":"6to9","edgeRT":"6744","skip":"false","flipped":"False","index":"24","edgeClickLog":"[{\"edgeSelection\":\"6to9\",\"edgeRTMS\":6744}]","trial_id":"test_4","congruency":"I","task":"experiment","subjectId":"c0h5r7qs50jrluh","trial_type":"external-html","trial_index":32,"time_elapsed":607283,"internal_node_id":"0.0-9.0-0.24"},{"rt":50353,"response":{"P0_Q0":null,"P0_Q1":6,"P0_Q2":6,"P0_Q3":7,"P0_Q4":7,"P0_Q5":4,"strategies":"i counted the largest amount of points that i could help the student redeem","feedback":"thank you!"},"accuracy":[],"trial_type":"survey","trial_index":33,"time_elapsed":658259,"internal_node_id":"0.0-10.0"},{"rt":4208,"stimulus":"<p>Thanks for your time!</p>        <p>We need to manually calculate your bonus pay, please give us up to 7 days.</p><p>Press any key to conclude.</p>","response":"j","task":"end","subjectId":"c0h5r7qs50jrluh","trial_type":"html-keyboard-response","trial_index":34,"time_elapsed":662469,"internal_node_id":"0.0-11.0","interactions":"[{\"event\":\"fullscreenenter\",\"trial\":1,\"time\":2584},{\"event\":\"blur\",\"trial\":4,\"time\":143719},{\"event\":\"focus\",\"trial\":4,\"time\":143720},{\"event\":\"fullscreenexit\",\"trial\":4,\"time\":143734},{\"event\":\"blur\",\"trial\":4,\"time\":146946},{\"event\":\"focus\",\"trial\":4,\"time\":146946},{\"event\":\"blur\",\"trial\":4,\"time\":159393},{\"event\":\"focus\",\"trial\":4,\"time\":159393},{\"event\":\"blur\",\"trial\":4,\"time\":170628},{\"event\":\"focus\",\"trial\":4,\"time\":170632},{\"event\":\"blur\",\"trial\":4,\"time\":177776},{\"event\":\"focus\",\"trial\":4,\"time\":177777},{\"event\":\"blur\",\"trial\":4,\"time\":185326},{\"event\":\"focus\",\"trial\":4,\"time\":185326},{\"event\":\"blur\",\"trial\":4,\"time\":192002},{\"event\":\"focus\",\"trial\":4,\"time\":192003},{\"event\":\"blur\",\"trial\":4,\"time\":199848},{\"event\":\"focus\",\"trial\":4,\"time\":199848},{\"event\":\"blur\",\"trial\":4,\"time\":210817},{\"event\":\"focus\",\"trial\":4,\"time\":210817},{\"event\":\"blur\",\"trial\":4,\"time\":218747},{\"event\":\"focus\",\"trial\":4,\"time\":218748},{\"event\":\"blur\",\"trial\":4,\"time\":224570},{\"event\":\"focus\",\"trial\":4,\"time\":224570},{\"event\":\"blur\",\"trial\":4,\"time\":227450},{\"event\":\"focus\",\"trial\":4,\"time\":227451},{\"event\":\"blur\",\"trial\":4,\"time\":230880},{\"event\":\"focus\",\"trial\":4,\"time\":230881},{\"event\":\"blur\",\"trial\":4,\"time\":274639},{\"event\":\"focus\",\"trial\":4,\"time\":274640},{\"event\":\"blur\",\"trial\":8,\"time\":369791},{\"event\":\"focus\",\"trial\":8,\"time\":369792}]"}]