[{"success":true,"timeout":false,"failed_images":[],"failed_audio":[],"failed_video":[],"trial_type":"preload","trial_index":0,"time_elapsed":276,"internal_node_id":"0.0-0.0"},{"success":true,"trial_type":"fullscreen","trial_index":1,"time_elapsed":2822,"internal_node_id":"0.0-1.0"},{"rt":2110,"stimulus":"Welcome to the experiment. Press any key to begin.","response":" ","trial_type":"html-keyboard-response","trial_index":2,"time_elapsed":4934,"internal_node_id":"0.0-2.0"},{"view_history":[{"page_index":0,"viewing_time":4065},{"page_index":1,"viewing_time":3071},{"page_index":2,"viewing_time":22902},{"page_index":3,"viewing_time":3402},{"page_index":4,"viewing_time":1311},{"page_index":5,"viewing_time":1198},{"page_index":6,"viewing_time":1722},{"page_index":7,"viewing_time":6524},{"page_index":8,"viewing_time":13600},{"page_index":9,"viewing_time":5584},{"page_index":10,"viewing_time":2574},{"page_index":11,"viewing_time":541},{"page_index":12,"viewing_time":567},{"page_index":13,"viewing_time":1533},{"page_index":14,"viewing_time":1469},{"page_index":15,"viewing_time":3805},{"page_index":16,"viewing_time":1034},{"page_index":17,"viewing_time":519},{"page_index":18,"viewing_time":476},{"page_index":19,"viewing_time":2830},{"page_index":20,"viewing_time":3659},{"page_index":21,"viewing_time":3474}],"rt":85860,"trial_type":"instructions","trial_index":3,"time_elapsed":90794,"internal_node_id":"0.0-3.0"},{"rt":36049,"url":"../static/nodeGraphsTraining.html","skip":[],"edgeClickLog":[],"trial_type":"external-html","trial_index":4,"time_elapsed":127007,"internal_node_id":"0.0-4.0"},{"rt":35971,"response":{"q1":"The goal is to help the student to get the most points","q2":"False","q3":"Possible paths you, as the teacher, can choose to teach the learner.","q4":"Paths that the student took before."},"question_order":[0,1,2,3],"trial_type":"survey-multi-choice","trial_index":5,"time_elapsed":162980,"internal_node_id":"0.0-5.0"},{"rt":3526,"stimulus":"<p>You can take a 60 second break before starting the experiment.</p><br><br><p>This page will advance in 60 seconds or you can press any key to advance now.</p>","response":"arrowright","trial_type":"html-keyboard-response","trial_index":6,"time_elapsed":166507,"internal_node_id":"0.0-7.0"},{"view_history":[{"page_index":0,"viewing_time":15768}],"rt":15769,"trial_type":"instructions","trial_index":7,"time_elapsed":182275,"internal_node_id":"0.0-8.0"},{"rt":10938,"url":"../static/nodeGraphs.html","edge":"5to7","edgeRT":"9831","skip":"false","flipped":"True","index":"14","edgeClickLog":"[{\"edgeSelection\":\"5to7\",\"edgeRTMS\":9831}]","trial_id":"incong_4_flipped","congruency":"I","task":"experiment","subjectId":"m0xl2ny4lcmgcds","trial_type":"external-html","trial_index":8,"time_elapsed":193377,"internal_node_id":"0.0-9.0-0.0"},{"rt":3597,"url":"../static/nodeGraphs.html","edge":"4to8","edgeRT":"2775","skip":"false","flipped":"False","index":"6","edgeClickLog":"[{\"edgeSelection\":\"4to8\",\"edgeRTMS\":2775}]","trial_id":"incong_6","congruency":"I","task":"experiment","subjectId":"m0xl2ny4lcmgcds","trial_type":"external-html","trial_index":9,"time_elapsed":197641,"internal_node_id":"0.0-9.0-0.1"},{"rt":16001,"url":"../static/nodeGraphs.html","edge":"6to8","edgeRT":"1315","skip":"false","flipped":"True","index":"12","edgeClickLog":"[{\"edgeSelection\":\"6to8\",\"edgeRTMS\":1315}]","trial_id":"incong_2_flipped","congruency":"I","task":"experiment","subjectId":"m0xl2ny4lcmgcds","trial_type":"external-html","trial_index":10,"time_elapsed":214320,"internal_node_id":"0.0-9.0-0.2"},{"rt":14282,"url":"../static/nodeGraphs.html","edge":"0to1","edgeRT":"10891","skip":"false","flipped":"False","index":"0","edgeClickLog":"[{\"edgeSelection\":\"0to1\",\"edgeRTMS\":10891}]","trial_id":"incong_0","congruency":"I","task":"experiment","subjectId":"m0xl2ny4lcmgcds","trial_type":"external-html","trial_index":11,"time_elapsed":229273,"internal_node_id":"0.0-9.0-0.3"},{"rt":2882,"url":"../static/nodeGraphs.html","edge":"0to3","edgeRT":"2113","skip":"false","flipped":"True","index":"18","edgeClickLog":"[{\"edgeSelection\":\"0to3\",\"edgeRTMS\":2113}]","trial_id":"incong_8_flipped","congruency":"I","task":"experiment","subjectId":"m0xl2ny4lcmgcds","trial_type":"external-html","trial_index":12,"time_elapsed":232829,"internal_node_id":"0.0-9.0-0.4"},{"rt":4641,"url":"../static/nodeGraphs.html","edge":"0to1","edgeRT":"1850","skip":"false","flipped":"False","index":"2","edgeClickLog":"[{\"edgeSelection\":\"0to1\",\"edgeRTMS\":1850}]","trial_id":"incong_2","congruency":"I","task":"experiment","subjectId":"m0xl2ny4lcmgcds","trial_type":"external-html","trial_index":13,"time_elapsed":238142,"internal_node_id":"0.0-9.0-0.5"},{"rt":4295,"url":"../static/nodeGraphs.html","edge":"0to3","edgeRT":"2948","skip":"false","flipped":"True","index":"16","edgeClickLog":"[{\"edgeSelection\":\"0to3\",\"edgeRTMS\":2948}]","trial_id":"incong_6_flipped","congruency":"I","task":"experiment","subjectId":"m0xl2ny4lcmgcds","trial_type":"external-html","trial_index":14,"time_elapsed":243102,"internal_node_id":"0.0-9.0-0.6"},{"rt":4324,"url":"../static/nodeGraphs.html","edge":"0to2","edgeRT":"3214","skip":"false","flipped":"False","index":"7","edgeClickLog":"[{\"edgeSelection\":\"0to2\",\"edgeRTMS\":3214}]","trial_id":"incong_7","congruency":"I","task":"experiment","subjectId":"m0xl2ny4lcmgcds","trial_type":"external-html","trial_index":15,"time_elapsed":248101,"internal_node_id":"0.0-9.0-0.7"},{"rt":4768,"url":"../static/nodeGraphs.html","edge":"1to4","edgeRT":"4066","skip":"false","flipped":"True","index":"15","edgeClickLog":"[{\"edgeSelection\":\"1to4\",\"edgeRTMS\":4066}]","trial_id":"incong_5_flipped","congruency":"I","task":"experiment","subjectId":"m0xl2ny4lcmgcds","trial_type":"external-html","trial_index":16,"time_elapsed":253544,"internal_node_id":"0.0-9.0-0.8"},{"rt":5792,"url":"../static/nodeGraphs.html","edge":"1to5","edgeRT":"5145","skip":"false","flipped":"False","index":"9","edgeClickLog":"[{\"edgeSelection\":\"1to5\",\"edgeRTMS\":5145}]","trial_id":"incong_9","congruency":"I","task":"experiment","subjectId":"m0xl2ny4lcmgcds","trial_type":"external-html","trial_index":17,"time_elapsed":260012,"internal_node_id":"0.0-9.0-0.9"},{"rt":18398,"url":"../static/nodeGraphs.html","edge":"0to1","edgeRT":"17610","skip":"false","flipped":"False","index":"5","edgeClickLog":"[{\"edgeSelection\":\"0to1\",\"edgeRTMS\":17610}]","trial_id":"incong_5","congruency":"I","task":"experiment","subjectId":"m0xl2ny4lcmgcds","trial_type":"external-html","trial_index":18,"time_elapsed":279081,"internal_node_id":"0.0-9.0-0.10"},{"rt":3437,"url":"../static/nodeGraphs.html","edge":"0to1","edgeRT":"1468","skip":"false","flipped":"False","index":"8","edgeClickLog":"[{\"edgeSelection\":\"0to1\",\"edgeRTMS\":1468}]","trial_id":"incong_8","congruency":"I","task":"experiment","subjectId":"m0xl2ny4lcmgcds","trial_type":"external-html","trial_index":19,"time_elapsed":283188,"internal_node_id":"0.0-9.0-0.11"},{"rt":11929,"url":"../static/nodeGraphs.html","edge":"2to5","edgeRT":"10766","skip":"false","flipped":"False","index":"4","edgeClickLog":"[{\"edgeSelection\":\"2to5\",\"edgeRTMS\":10766}]","trial_id":"incong_4","congruency":"I","task":"experiment","subjectId":"m0xl2ny4lcmgcds","trial_type":"external-html","trial_index":20,"time_elapsed":295791,"internal_node_id":"0.0-9.0-0.12"},{"rt":8365,"url":"../static/nodeGraphs.html","edge":"0to2","edgeRT":"3108","skip":"false","flipped":"False","index":"3","edgeClickLog":"[{\"edgeSelection\":\"0to2\",\"edgeRTMS\":3108}]","trial_id":"incong_3","congruency":"I","task":"experiment","subjectId":"m0xl2ny4lcmgcds","trial_type":"external-html","trial_index":21,"time_elapsed":304822,"internal_node_id":"0.0-9.0-0.13"},{"rt":7467,"url":"../static/nodeGraphs.html","edge":"6to9","edgeRT":"5149","skip":"false","flipped":"False","index":"1","edgeClickLog":"[{\"edgeSelection\":\"6to9\",\"edgeRTMS\":5149}]","trial_id":"incong_1","congruency":"I","task":"experiment","subjectId":"m0xl2ny4lcmgcds","trial_type":"external-html","trial_index":22,"time_elapsed":312951,"internal_node_id":"0.0-9.0-0.14"},{"rt":12120,"url":"../static/nodeGraphs.html","edge":"0to2","edgeRT":"10607","skip":"false","flipped":"True","index":"13","edgeClickLog":"[{\"edgeSelection\":\"0to2\",\"edgeRTMS\":10607}]","trial_id":"incong_3_flipped","congruency":"I","task":"experiment","subjectId":"m0xl2ny4lcmgcds","trial_type":"external-html","trial_index":23,"time_elapsed":325742,"internal_node_id":"0.0-9.0-0.15"},{"rt":5496,"url":"../static/nodeGraphs.html","edge":"0to3","edgeRT":"3333","skip":"false","flipped":"True","index":"10","edgeClickLog":"[{\"edgeSelection\":\"0to3\",\"edgeRTMS\":3333}]","trial_id":"incong_0_flipped","congruency":"I","task":"experiment","subjectId":"m0xl2ny4lcmgcds","trial_type":"external-html","trial_index":24,"time_elapsed":331914,"internal_node_id":"0.0-9.0-0.16"},{"rt":3991,"url":"../static/nodeGraphs.html","edge":"4to7","edgeRT":"2947","skip":"false","flipped":"True","index":"11","edgeClickLog":"[{\"edgeSelection\":\"4to7\",\"edgeRTMS\":2947}]","trial_id":"incong_1_flipped","congruency":"I","task":"experiment","subjectId":"m0xl2ny4lcmgcds","trial_type":"external-html","trial_index":25,"time_elapsed":336573,"internal_node_id":"0.0-9.0-0.17"},{"rt":5525,"url":"../static/nodeGraphs.html","edge":"5to8","edgeRT":"4540","skip":"false","flipped":"True","index":"17","edgeClickLog":"[{\"edgeSelection\":\"5to8\",\"edgeRTMS\":4540}]","trial_id":"incong_7_flipped","congruency":"I","task":"experiment","subjectId":"m0xl2ny4lcmgcds","trial_type":"external-html","trial_index":26,"time_elapsed":342772,"internal_node_id":"0.0-9.0-0.18"},{"rt":5325,"url":"../static/nodeGraphs.html","edge":"3to5","edgeRT":"4308","skip":"false","flipped":"True","index":"19","edgeClickLog":"[{\"edgeSelection\":\"3to5\",\"edgeRTMS\":4308}]","trial_id":"incong_9_flipped","congruency":"I","task":"experiment","subjectId":"m0xl2ny4lcmgcds","trial_type":"external-html","trial_index":27,"time_elapsed":348765,"internal_node_id":"0.0-9.0-0.19"},{"rt":4332,"url":"../static/nodeGraphs.html","edge":"5to8","edgeRT":"3235","skip":"false","flipped":"False","index":"20","edgeClickLog":"[{\"edgeSelection\":\"5to8\",\"edgeRTMS\":3235}]","trial_id":"test_0","congruency":"I","task":"experiment","subjectId":"m0xl2ny4lcmgcds","trial_type":"external-html","trial_index":28,"time_elapsed":353767,"internal_node_id":"0.0-9.0-0.20"},{"rt":10166,"url":"../static/nodeGraphs.html","edge":"4to7","edgeRT":"9344","skip":"false","flipped":"False","index":"21","edgeClickLog":"[{\"edgeSelection\":\"4to7\",\"edgeRTMS\":9344}]","trial_id":"test_1","congruency":"I","task":"experiment","subjectId":"m0xl2ny4lcmgcds","trial_type":"external-html","trial_index":29,"time_elapsed":364601,"internal_node_id":"0.0-9.0-0.21"},{"rt":5389,"url":"../static/nodeGraphs.html","edge":"6to8","edgeRT":"3838","skip":"false","flipped":"False","index":"22","edgeClickLog":"[{\"edgeSelection\":\"6to8\",\"edgeRTMS\":3838}]","trial_id":"test_2","congruency":"I","task":"experiment","subjectId":"m0xl2ny4lcmgcds","trial_type":"external-html","trial_index":30,"time_elapsed":370663,"internal_node_id":"0.0-9.0-0.22"},{"rt":7443,"url":"../static/nodeGraphs.html","edge":"5to9","edgeRT":"3694","skip":"false","flipped":"False","index":"23","edgeClickLog":"[{\"edgeSelection\":\"5to9\",\"edgeRTMS\":3694}]","trial_id":"test_3","congruency":"I","task":"experiment","subjectId":"m0xl2ny4lcmgcds","trial_type":"external-html","trial_index":31,"time_elapsed":378778,"internal_node_id":"0.0-9.0-0.23"},{"rt":23841,"url":"../static/nodeGraphs.html","edge":"1to5","edgeRT":"10537","skip":"false","flipped":"False","index":"24","edgeClickLog":"[{\"edgeSelection\":\"1to5\",\"edgeRTMS\":10537}]","trial_id":"test_4","congruency":"I","task":"experiment","subjectId":"m0xl2ny4lcmgcds","trial_type":"external-html","trial_index":32,"time_elapsed":403281,"internal_node_id":"0.0-9.0-0.24"},{"rt":28328,"response":{"P0_Q0":null,"P0_Q1":5,"P0_Q2":6,"P0_Q3":5,"P0_Q4":5,"P0_Q5":4,"strategies":"Try to figure out why the student chose their path","feedback":""},"accuracy":[],"trial_type":"survey","trial_index":33,"time_elapsed":432158,"internal_node_id":"0.0-10.0"},{"rt":2605,"stimulus":"<p>Thanks for your time!</p>        <p>We need to manually calculate your bonus pay, please give us up to 7 days.</p><p>Press any key to conclude.</p>","response":"arrowright","task":"end","subjectId":"m0xl2ny4lcmgcds","trial_type":"html-keyboard-response","trial_index":34,"time_elapsed":434763,"internal_node_id":"0.0-11.0","interactions":"[{\"event\":\"fullscreenenter\",\"trial\":1,\"time\":2056}]"}]