[{"success":true,"timeout":false,"failed_images":[],"failed_audio":[],"failed_video":[],"trial_type":"preload","trial_index":0,"time_elapsed":790,"internal_node_id":"0.0-0.0"},{"success":true,"trial_type":"fullscreen","trial_index":1,"time_elapsed":4766,"internal_node_id":"0.0-1.0"},{"rt":2344,"stimulus":"Welcome to the experiment. Press any key to begin.","response":"m","trial_type":"html-keyboard-response","trial_index":2,"time_elapsed":7113,"internal_node_id":"0.0-2.0"},{"view_history":[{"page_index":0,"viewing_time":3510},{"page_index":1,"viewing_time":3888},{"page_index":2,"viewing_time":18712},{"page_index":3,"viewing_time":3905},{"page_index":4,"viewing_time":875},{"page_index":5,"viewing_time":682},{"page_index":6,"viewing_time":2334},{"page_index":7,"viewing_time":7713},{"page_index":8,"viewing_time":11366},{"page_index":9,"viewing_time":6496},{"page_index":10,"viewing_time":1593},{"page_index":11,"viewing_time":800},{"page_index":12,"viewing_time":628},{"page_index":13,"viewing_time":1998},{"page_index":14,"viewing_time":2961},{"page_index":15,"viewing_time":4889},{"page_index":16,"viewing_time":1800},{"page_index":17,"viewing_time":618},{"page_index":18,"viewing_time":840},{"page_index":19,"viewing_time":3254},{"page_index":20,"viewing_time":6353},{"page_index":21,"viewing_time":4048}],"rt":89264,"trial_type":"instructions","trial_index":3,"time_elapsed":96390,"internal_node_id":"0.0-3.0"},{"rt":69743,"url":"../static/nodeGraphsTraining.html","skip":[],"edgeClickLog":[],"trial_type":"external-html","trial_index":4,"time_elapsed":166234,"internal_node_id":"0.0-4.0"},{"rt":32284,"response":{"q1":"The goal is to help the student to get the most points","q2":"False","q3":"Possible paths you, as the teacher, can choose to teach the learner.","q4":"Paths that the student took before."},"question_order":[0,1,2,3],"trial_type":"survey-multi-choice","trial_index":5,"time_elapsed":198523,"internal_node_id":"0.0-5.0"},{"rt":6521,"stimulus":"<p>You can take a 60 second break before starting the experiment.</p><br><br><p>This page will advance in 60 seconds or you can press any key to advance now.</p>","response":"arrowright","trial_type":"html-keyboard-response","trial_index":6,"time_elapsed":205050,"internal_node_id":"0.0-7.0"},{"view_history":[{"page_index":0,"viewing_time":26995}],"rt":26996,"trial_type":"instructions","trial_index":7,"time_elapsed":232047,"internal_node_id":"0.0-8.0"},{"rt":8079,"url":"../static/nodeGraphs.html","edge":"2to6","edgeRT":"6235","skip":"false","flipped":"False","index":"3","edgeClickLog":"[{\"edgeSelection\":\"2to6\",\"edgeRTMS\":6235}]","trial_id":"incong_3","congruency":"I","task":"experiment","subjectId":"34cp3cvkcuc0v1l","trial_type":"external-html","trial_index":8,"time_elapsed":240314,"internal_node_id":"0.0-9.0-0.0"},{"rt":10556,"url":"../static/nodeGraphs.html","edge":"2to4","edgeRT":"9039","skip":"false","flipped":"False","index":"5","edgeClickLog":"[{\"edgeSelection\":\"2to4\",\"edgeRTMS\":8469},{\"edgeSelection\":\"2to4\",\"edgeRTMS\":9039}]","trial_id":"incong_5","congruency":"I","task":"experiment","subjectId":"34cp3cvkcuc0v1l","trial_type":"external-html","trial_index":9,"time_elapsed":251700,"internal_node_id":"0.0-9.0-0.1"},{"rt":7848,"url":"../static/nodeGraphs.html","edge":"6to8","edgeRT":"6328","skip":"false","flipped":"True","index":"16","edgeClickLog":"[{\"edgeSelection\":\"2to6\",\"edgeRTMS\":2051},{\"edgeSelection\":\"6to8\",\"edgeRTMS\":6328}]","trial_id":"incong_6_flipped","congruency":"I","task":"experiment","subjectId":"34cp3cvkcuc0v1l","trial_type":"external-html","trial_index":10,"time_elapsed":260189,"internal_node_id":"0.0-9.0-0.2"},{"rt":6149,"url":"../static/nodeGraphs.html","edge":"1to5","edgeRT":"4031","skip":"false","flipped":"False","index":"8","edgeClickLog":"[{\"edgeSelection\":\"1to5\",\"edgeRTMS\":4031}]","trial_id":"incong_8","congruency":"I","task":"experiment","subjectId":"34cp3cvkcuc0v1l","trial_type":"external-html","trial_index":11,"time_elapsed":267055,"internal_node_id":"0.0-9.0-0.3"},{"rt":8539,"url":"../static/nodeGraphs.html","edge":"1to5","edgeRT":"4246","skip":"false","flipped":"False","index":"9","edgeClickLog":"[{\"edgeSelection\":\"1to5\",\"edgeRTMS\":4246}]","trial_id":"incong_9","congruency":"I","task":"experiment","subjectId":"34cp3cvkcuc0v1l","trial_type":"external-html","trial_index":12,"time_elapsed":276207,"internal_node_id":"0.0-9.0-0.4"},{"rt":10724,"url":"../static/nodeGraphs.html","edge":"4to8","edgeRT":"9179","skip":"false","flipped":"False","index":"6","edgeClickLog":"[{\"edgeSelection\":\"1to4\",\"edgeRTMS\":4936},{\"edgeSelection\":\"4to8\",\"edgeRTMS\":9179}]","trial_id":"incong_6","congruency":"I","task":"experiment","subjectId":"34cp3cvkcuc0v1l","trial_type":"external-html","trial_index":13,"time_elapsed":287610,"internal_node_id":"0.0-9.0-0.5"},{"rt":10564,"url":"../static/nodeGraphs.html","edge":"2to4","edgeRT":"8917","skip":"false","flipped":"True","index":"11","edgeClickLog":"[{\"edgeSelection\":\"2to4\",\"edgeRTMS\":8917}]","trial_id":"incong_1_flipped","congruency":"I","task":"experiment","subjectId":"34cp3cvkcuc0v1l","trial_type":"external-html","trial_index":14,"time_elapsed":298913,"internal_node_id":"0.0-9.0-0.6"},{"rt":6914,"url":"../static/nodeGraphs.html","edge":"3to5","edgeRT":"5273","skip":"false","flipped":"True","index":"18","edgeClickLog":"[{\"edgeSelection\":\"3to6\",\"edgeRTMS\":3015},{\"edgeSelection\":\"3to5\",\"edgeRTMS\":5273}]","trial_id":"incong_8_flipped","congruency":"I","task":"experiment","subjectId":"34cp3cvkcuc0v1l","trial_type":"external-html","trial_index":15,"time_elapsed":307043,"internal_node_id":"0.0-9.0-0.7"},{"rt":13228,"url":"../static/nodeGraphs.html","edge":"4to8","edgeRT":"11085","skip":"false","flipped":"True","index":"17","edgeClickLog":"[{\"edgeSelection\":\"5to8\",\"edgeRTMS\":8037},{\"edgeSelection\":\"4to8\",\"edgeRTMS\":11085}]","trial_id":"incong_7_flipped","congruency":"I","task":"experiment","subjectId":"34cp3cvkcuc0v1l","trial_type":"external-html","trial_index":16,"time_elapsed":321034,"internal_node_id":"0.0-9.0-0.8"},{"rt":6854,"url":"../static/nodeGraphs.html","edge":"3to5","edgeRT":"5320","skip":"false","flipped":"True","index":"14","edgeClickLog":"[{\"edgeSelection\":\"3to5\",\"edgeRTMS\":5320}]","trial_id":"incong_4_flipped","congruency":"I","task":"experiment","subjectId":"34cp3cvkcuc0v1l","trial_type":"external-html","trial_index":17,"time_elapsed":328477,"internal_node_id":"0.0-9.0-0.9"},{"rt":4693,"url":"../static/nodeGraphs.html","edge":"2to6","edgeRT":"3144","skip":"false","flipped":"True","index":"12","edgeClickLog":"[{\"edgeSelection\":\"2to6\",\"edgeRTMS\":3144}]","trial_id":"incong_2_flipped","congruency":"I","task":"experiment","subjectId":"34cp3cvkcuc0v1l","trial_type":"external-html","trial_index":18,"time_elapsed":334001,"internal_node_id":"0.0-9.0-0.10"},{"rt":7070,"url":"../static/nodeGraphs.html","edge":"5to9","edgeRT":"5855","skip":"false","flipped":"False","index":"4","edgeClickLog":"[{\"edgeSelection\":\"1to5\",\"edgeRTMS\":3472},{\"edgeSelection\":\"5to9\",\"edgeRTMS\":5855}]","trial_id":"incong_4","congruency":"I","task":"experiment","subjectId":"34cp3cvkcuc0v1l","trial_type":"external-html","trial_index":19,"time_elapsed":341852,"internal_node_id":"0.0-9.0-0.11"},{"rt":2813,"url":"../static/nodeGraphs.html","edge":"5to8","edgeRT":"1677","skip":"false","flipped":"True","index":"19","edgeClickLog":"[{\"edgeSelection\":\"5to8\",\"edgeRTMS\":1677}]","trial_id":"incong_9_flipped","congruency":"I","task":"experiment","subjectId":"34cp3cvkcuc0v1l","trial_type":"external-html","trial_index":20,"time_elapsed":345248,"internal_node_id":"0.0-9.0-0.12"},{"rt":4214,"url":"../static/nodeGraphs.html","edge":"4to8","edgeRT":"2085","skip":"false","flipped":"False","index":"2","edgeClickLog":"[{\"edgeSelection\":\"4to8\",\"edgeRTMS\":2085}]","trial_id":"incong_2","congruency":"I","task":"experiment","subjectId":"34cp3cvkcuc0v1l","trial_type":"external-html","trial_index":21,"time_elapsed":350112,"internal_node_id":"0.0-9.0-0.13"},{"rt":6489,"url":"../static/nodeGraphs.html","edge":"6to9","edgeRT":"5337","skip":"false","flipped":"True","index":"10","edgeClickLog":"[{\"edgeSelection\":\"6to9\",\"edgeRTMS\":5337}]","trial_id":"incong_0_flipped","congruency":"I","task":"experiment","subjectId":"34cp3cvkcuc0v1l","trial_type":"external-html","trial_index":22,"time_elapsed":357306,"internal_node_id":"0.0-9.0-0.14"},{"rt":5762,"url":"../static/nodeGraphs.html","edge":"5to8","edgeRT":"4127","skip":"false","flipped":"False","index":"7","edgeClickLog":"[{\"edgeSelection\":\"5to8\",\"edgeRTMS\":4127}]","trial_id":"incong_7","congruency":"I","task":"experiment","subjectId":"34cp3cvkcuc0v1l","trial_type":"external-html","trial_index":23,"time_elapsed":363744,"internal_node_id":"0.0-9.0-0.15"},{"rt":5061,"url":"../static/nodeGraphs.html","edge":"4to8","edgeRT":"3528","skip":"false","flipped":"False","index":"0","edgeClickLog":"[{\"edgeSelection\":\"4to8\",\"edgeRTMS\":3528}]","trial_id":"incong_0","congruency":"I","task":"experiment","subjectId":"34cp3cvkcuc0v1l","trial_type":"external-html","trial_index":24,"time_elapsed":369496,"internal_node_id":"0.0-9.0-0.16"},{"rt":5733,"url":"../static/nodeGraphs.html","edge":"6to9","edgeRT":"3886","skip":"false","flipped":"False","index":"1","edgeClickLog":"[{\"edgeSelection\":\"6to9\",\"edgeRTMS\":3886}]","trial_id":"incong_1","congruency":"I","task":"experiment","subjectId":"34cp3cvkcuc0v1l","trial_type":"external-html","trial_index":25,"time_elapsed":375828,"internal_node_id":"0.0-9.0-0.17"},{"rt":4149,"url":"../static/nodeGraphs.html","edge":"6to8","edgeRT":"3089","skip":"false","flipped":"True","index":"15","edgeClickLog":"[{\"edgeSelection\":\"6to8\",\"edgeRTMS\":3089}]","trial_id":"incong_5_flipped","congruency":"I","task":"experiment","subjectId":"34cp3cvkcuc0v1l","trial_type":"external-html","trial_index":26,"time_elapsed":380666,"internal_node_id":"0.0-9.0-0.18"},{"rt":2955,"url":"../static/nodeGraphs.html","edge":"2to4","edgeRT":"1637","skip":"false","flipped":"True","index":"13","edgeClickLog":"[{\"edgeSelection\":\"2to4\",\"edgeRTMS\":1637}]","trial_id":"incong_3_flipped","congruency":"I","task":"experiment","subjectId":"34cp3cvkcuc0v1l","trial_type":"external-html","trial_index":27,"time_elapsed":384204,"internal_node_id":"0.0-9.0-0.19"},{"rt":4982,"url":"../static/nodeGraphs.html","edge":"6to8","edgeRT":"4011","skip":"false","flipped":"False","index":"20","edgeClickLog":"[{\"edgeSelection\":\"6to8\",\"edgeRTMS\":4011}]","trial_id":"test_0","congruency":"I","task":"experiment","subjectId":"34cp3cvkcuc0v1l","trial_type":"external-html","trial_index":28,"time_elapsed":389831,"internal_node_id":"0.0-9.0-0.20"},{"rt":4002,"url":"../static/nodeGraphs.html","edge":"3to6","edgeRT":"2906","skip":"false","flipped":"False","index":"21","edgeClickLog":"[{\"edgeSelection\":\"3to6\",\"edgeRTMS\":2906}]","trial_id":"test_1","congruency":"I","task":"experiment","subjectId":"34cp3cvkcuc0v1l","trial_type":"external-html","trial_index":29,"time_elapsed":394552,"internal_node_id":"0.0-9.0-0.21"},{"rt":7081,"url":"../static/nodeGraphs.html","edge":"3to6","edgeRT":"2698","skip":"false","flipped":"False","index":"22","edgeClickLog":"[{\"edgeSelection\":\"3to6\",\"edgeRTMS\":2698}]","trial_id":"test_2","congruency":"I","task":"experiment","subjectId":"34cp3cvkcuc0v1l","trial_type":"external-html","trial_index":30,"time_elapsed":402433,"internal_node_id":"0.0-9.0-0.22"},{"rt":5722,"url":"../static/nodeGraphs.html","edge":"1to5","edgeRT":"3455","skip":"false","flipped":"False","index":"23","edgeClickLog":"[{\"edgeSelection\":\"1to5\",\"edgeRTMS\":3455}]","trial_id":"test_3","congruency":"I","task":"experiment","subjectId":"34cp3cvkcuc0v1l","trial_type":"external-html","trial_index":31,"time_elapsed":408781,"internal_node_id":"0.0-9.0-0.23"},{"rt":4800,"url":"../static/nodeGraphs.html","edge":"6to9","edgeRT":"3079","skip":"false","flipped":"False","index":"24","edgeClickLog":"[{\"edgeSelection\":\"6to9\",\"edgeRTMS\":3079}]","trial_id":"test_4","congruency":"I","task":"experiment","subjectId":"34cp3cvkcuc0v1l","trial_type":"external-html","trial_index":32,"time_elapsed":414290,"internal_node_id":"0.0-9.0-0.24"},{"rt":34533,"response":{"P0_Q0":null,"P0_Q1":2,"P0_Q2":3,"P0_Q3":5,"P0_Q4":3,"P0_Q5":3,"strategies":"higher numbers together","feedback":"explaining the task more clearly with showing wrong or right answers "},"accuracy":[],"trial_type":"survey","trial_index":33,"time_elapsed":449456,"internal_node_id":"0.0-10.0"},{"rt":5006,"stimulus":"<p>Thanks for your time!</p>        <p>We need to manually calculate your bonus pay, please give us up to 7 days.</p><p>Press any key to conclude.</p>","response":"k","task":"end","subjectId":"34cp3cvkcuc0v1l","trial_type":"html-keyboard-response","trial_index":34,"time_elapsed":454466,"internal_node_id":"0.0-11.0","interactions":"[{\"event\":\"fullscreenenter\",\"trial\":1,\"time\":3805},{\"event\":\"blur\",\"trial\":31,\"time\":405506},{\"event\":\"focus\",\"trial\":31,\"time\":405507},{\"event\":\"fullscreenexit\",\"trial\":31,\"time\":405519}]"}]