[{"success":true,"timeout":false,"failed_images":[],"failed_audio":[],"failed_video":[],"trial_type":"preload","trial_index":0,"time_elapsed":1080,"internal_node_id":"0.0-0.0"},{"success":true,"trial_type":"fullscreen","trial_index":1,"time_elapsed":9809,"internal_node_id":"0.0-1.0"},{"rt":1415,"stimulus":"Welcome to the experiment. Press any key to begin.","response":" ","trial_type":"html-keyboard-response","trial_index":2,"time_elapsed":11225,"internal_node_id":"0.0-2.0"},{"view_history":[{"page_index":0,"viewing_time":3783},{"page_index":1,"viewing_time":3296},{"page_index":2,"viewing_time":17607},{"page_index":3,"viewing_time":1741},{"page_index":4,"viewing_time":599},{"page_index":5,"viewing_time":344},{"page_index":6,"viewing_time":1758},{"page_index":7,"viewing_time":5748},{"page_index":8,"viewing_time":8981},{"page_index":9,"viewing_time":5794},{"page_index":10,"viewing_time":659},{"page_index":11,"viewing_time":408},{"page_index":12,"viewing_time":257},{"page_index":13,"viewing_time":308},{"page_index":14,"viewing_time":2561},{"page_index":15,"viewing_time":2119},{"page_index":14,"viewing_time":3514},{"page_index":15,"viewing_time":3909},{"page_index":16,"viewing_time":823},{"page_index":17,"viewing_time":327},{"page_index":18,"viewing_time":545},{"page_index":19,"viewing_time":2781},{"page_index":20,"viewing_time":7112},{"page_index":21,"viewing_time":3274}],"rt":78248,"trial_type":"instructions","trial_index":3,"time_elapsed":89474,"internal_node_id":"0.0-3.0"},{"rt":52170,"url":"../static/nodeGraphsTraining.html","skip":[],"edgeClickLog":[],"trial_type":"external-html","trial_index":4,"time_elapsed":141732,"internal_node_id":"0.0-4.0"},{"rt":22477,"response":{"q1":"The goal is to help the student to get the most points","q2":"False","q3":"Possible paths you, as the teacher, can choose to teach the learner.","q4":"Paths that the student took before."},"question_order":[0,1,2,3],"trial_type":"survey-multi-choice","trial_index":5,"time_elapsed":164213,"internal_node_id":"0.0-5.0"},{"rt":2564,"stimulus":"<p>You can take a 60 second break before starting the experiment.</p><br><br><p>This page will advance in 60 seconds or you can press any key to advance now.</p>","response":" ","trial_type":"html-keyboard-response","trial_index":6,"time_elapsed":166779,"internal_node_id":"0.0-7.0"},{"view_history":[{"page_index":0,"viewing_time":15719}],"rt":15719,"trial_type":"instructions","trial_index":7,"time_elapsed":182499,"internal_node_id":"0.0-8.0"},{"rt":11913,"url":"../static/nodeGraphs.html","edge":"1to5","edgeRT":"10955","skip":"false","flipped":"True","index":"13","edgeClickLog":"[{\"edgeSelection\":\"1to5\",\"edgeRTMS\":10955}]","trial_id":"cong_3_flipped","congruency":"C","task":"experiment","subjectId":"58ejy3p5ppo52z3","trial_type":"external-html","trial_index":8,"time_elapsed":194500,"internal_node_id":"0.0-9.0-0.0"},{"rt":10921,"url":"../static/nodeGraphs.html","edge":"5to9","edgeRT":"9036","skip":"false","flipped":"False","index":"2","edgeClickLog":"[{\"edgeSelection\":\"5to9\",\"edgeRTMS\":9036}]","trial_id":"cong_2","congruency":"C","task":"experiment","subjectId":"58ejy3p5ppo52z3","trial_type":"external-html","trial_index":9,"time_elapsed":206004,"internal_node_id":"0.0-9.0-0.1"},{"rt":8479,"url":"../static/nodeGraphs.html","edge":"1to4","edgeRT":"6815","skip":"false","flipped":"False","index":"0","edgeClickLog":"[{\"edgeSelection\":\"2to4\",\"edgeRTMS\":3220},{\"edgeSelection\":\"1to4\",\"edgeRTMS\":6815}]","trial_id":"cong_0","congruency":"C","task":"experiment","subjectId":"58ejy3p5ppo52z3","trial_type":"external-html","trial_index":10,"time_elapsed":215068,"internal_node_id":"0.0-9.0-0.2"},{"rt":4408,"url":"../static/nodeGraphs.html","edge":"2to6","edgeRT":"2807","skip":"false","flipped":"True","index":"14","edgeClickLog":"[{\"edgeSelection\":\"2to6\",\"edgeRTMS\":2807}]","trial_id":"cong_4_flipped","congruency":"C","task":"experiment","subjectId":"58ejy3p5ppo52z3","trial_type":"external-html","trial_index":11,"time_elapsed":220060,"internal_node_id":"0.0-9.0-0.3"},{"rt":5122,"url":"../static/nodeGraphs.html","edge":"3to6","edgeRT":"4355","skip":"false","flipped":"True","index":"10","edgeClickLog":"[{\"edgeSelection\":\"3to6\",\"edgeRTMS\":4355}]","trial_id":"cong_0_flipped","congruency":"C","task":"experiment","subjectId":"58ejy3p5ppo52z3","trial_type":"external-html","trial_index":12,"time_elapsed":225765,"internal_node_id":"0.0-9.0-0.4"},{"rt":13830,"url":"../static/nodeGraphs.html","edge":"4to7","edgeRT":"10884","skip":"false","flipped":"False","index":"8","edgeClickLog":"[{\"edgeSelection\":\"4to7\",\"edgeRTMS\":10884}]","trial_id":"cong_8","congruency":"C","task":"experiment","subjectId":"58ejy3p5ppo52z3","trial_type":"external-html","trial_index":13,"time_elapsed":240180,"internal_node_id":"0.0-9.0-0.5"},{"rt":5137,"url":"../static/nodeGraphs.html","edge":"2to5","edgeRT":"4466","skip":"false","flipped":"True","index":"16","edgeClickLog":"[{\"edgeSelection\":\"2to5\",\"edgeRTMS\":4466}]","trial_id":"cong_6_flipped","congruency":"C","task":"experiment","subjectId":"58ejy3p5ppo52z3","trial_type":"external-html","trial_index":14,"time_elapsed":245900,"internal_node_id":"0.0-9.0-0.6"},{"rt":14770,"url":"../static/nodeGraphs.html","edge":"3to6","edgeRT":"13839","skip":"false","flipped":"True","index":"18","edgeClickLog":"[{\"edgeSelection\":\"3to6\",\"edgeRTMS\":13839}]","trial_id":"cong_8_flipped","congruency":"C","task":"experiment","subjectId":"58ejy3p5ppo52z3","trial_type":"external-html","trial_index":15,"time_elapsed":261252,"internal_node_id":"0.0-9.0-0.7"},{"rt":10844,"url":"../static/nodeGraphs.html","edge":"2to6","edgeRT":"8678","skip":"false","flipped":"True","index":"17","edgeClickLog":"[{\"edgeSelection\":\"2to6\",\"edgeRTMS\":8678}]","trial_id":"cong_7_flipped","congruency":"C","task":"experiment","subjectId":"58ejy3p5ppo52z3","trial_type":"external-html","trial_index":16,"time_elapsed":272684,"internal_node_id":"0.0-9.0-0.8"},{"rt":10528,"url":"../static/nodeGraphs.html","edge":"3to5","edgeRT":"9501","skip":"false","flipped":"False","index":"3","edgeClickLog":"[{\"edgeSelection\":\"3to5\",\"edgeRTMS\":9501}]","trial_id":"cong_3","congruency":"C","task":"experiment","subjectId":"58ejy3p5ppo52z3","trial_type":"external-html","trial_index":17,"time_elapsed":283796,"internal_node_id":"0.0-9.0-0.9"},{"rt":5810,"url":"../static/nodeGraphs.html","edge":"0to3","edgeRT":"3063","skip":"false","flipped":"True","index":"15","edgeClickLog":"[{\"edgeSelection\":\"0to3\",\"edgeRTMS\":3063}]","trial_id":"cong_5_flipped","congruency":"C","task":"experiment","subjectId":"58ejy3p5ppo52z3","trial_type":"external-html","trial_index":18,"time_elapsed":290188,"internal_node_id":"0.0-9.0-0.10"},{"rt":9832,"url":"../static/nodeGraphs.html","edge":"2to4","edgeRT":"6822","skip":"false","flipped":"False","index":"4","edgeClickLog":"[{\"edgeSelection\":\"2to4\",\"edgeRTMS\":6822}]","trial_id":"cong_4","congruency":"C","task":"experiment","subjectId":"58ejy3p5ppo52z3","trial_type":"external-html","trial_index":19,"time_elapsed":300605,"internal_node_id":"0.0-9.0-0.11"},{"rt":5272,"url":"../static/nodeGraphs.html","edge":"2to6","edgeRT":"4558","skip":"false","flipped":"False","index":"1","edgeClickLog":"[{\"edgeSelection\":\"2to6\",\"edgeRTMS\":4558}]","trial_id":"cong_1","congruency":"C","task":"experiment","subjectId":"58ejy3p5ppo52z3","trial_type":"external-html","trial_index":20,"time_elapsed":306460,"internal_node_id":"0.0-9.0-0.12"},{"rt":5284,"url":"../static/nodeGraphs.html","edge":"2to5","edgeRT":"1545","skip":"false","flipped":"False","index":"9","edgeClickLog":"[{\"edgeSelection\":\"2to5\",\"edgeRTMS\":1545}]","trial_id":"cong_9","congruency":"C","task":"experiment","subjectId":"58ejy3p5ppo52z3","trial_type":"external-html","trial_index":21,"time_elapsed":312325,"internal_node_id":"0.0-9.0-0.13"},{"rt":9632,"url":"../static/nodeGraphs.html","edge":"2to4","edgeRT":"8647","skip":"false","flipped":"False","index":"7","edgeClickLog":"[{\"edgeSelection\":\"2to4\",\"edgeRTMS\":8647}]","trial_id":"cong_7","congruency":"C","task":"experiment","subjectId":"58ejy3p5ppo52z3","trial_type":"external-html","trial_index":22,"time_elapsed":322540,"internal_node_id":"0.0-9.0-0.14"},{"rt":8714,"url":"../static/nodeGraphs.html","edge":"0to1","edgeRT":"2677","skip":"false","flipped":"False","index":"5","edgeClickLog":"[{\"edgeSelection\":\"0to1\",\"edgeRTMS\":2677}]","trial_id":"cong_5","congruency":"C","task":"experiment","subjectId":"58ejy3p5ppo52z3","trial_type":"external-html","trial_index":23,"time_elapsed":331861,"internal_node_id":"0.0-9.0-0.15"},{"rt":2971,"url":"../static/nodeGraphs.html","edge":"2to5","edgeRT":"1713","skip":"false","flipped":"False","index":"6","edgeClickLog":"[{\"edgeSelection\":\"2to5\",\"edgeRTMS\":1713}]","trial_id":"cong_6","congruency":"C","task":"experiment","subjectId":"58ejy3p5ppo52z3","trial_type":"external-html","trial_index":24,"time_elapsed":335420,"internal_node_id":"0.0-9.0-0.16"},{"rt":4214,"url":"../static/nodeGraphs.html","edge":"2to5","edgeRT":"3030","skip":"false","flipped":"True","index":"19","edgeClickLog":"[{\"edgeSelection\":\"2to5\",\"edgeRTMS\":3030}]","trial_id":"cong_9_flipped","congruency":"C","task":"experiment","subjectId":"58ejy3p5ppo52z3","trial_type":"external-html","trial_index":25,"time_elapsed":340220,"internal_node_id":"0.0-9.0-0.17"},{"rt":7075,"url":"../static/nodeGraphs.html","edge":"5to7","edgeRT":"6297","skip":"false","flipped":"True","index":"12","edgeClickLog":"[{\"edgeSelection\":\"5to7\",\"edgeRTMS\":6297}]","trial_id":"cong_2_flipped","congruency":"C","task":"experiment","subjectId":"58ejy3p5ppo52z3","trial_type":"external-html","trial_index":26,"time_elapsed":347885,"internal_node_id":"0.0-9.0-0.18"},{"rt":7113,"url":"../static/nodeGraphs.html","edge":"2to4","edgeRT":"5942","skip":"false","flipped":"True","index":"11","edgeClickLog":"[{\"edgeSelection\":\"2to4\",\"edgeRTMS\":5942}]","trial_id":"cong_1_flipped","congruency":"C","task":"experiment","subjectId":"58ejy3p5ppo52z3","trial_type":"external-html","trial_index":27,"time_elapsed":355580,"internal_node_id":"0.0-9.0-0.19"},{"rt":17993,"url":"../static/nodeGraphs.html","edge":"3to6","edgeRT":"17279","skip":"false","flipped":"False","index":"20","edgeClickLog":"[{\"edgeSelection\":\"3to6\",\"edgeRTMS\":17279}]","trial_id":"test_0","congruency":"I","task":"experiment","subjectId":"58ejy3p5ppo52z3","trial_type":"external-html","trial_index":28,"time_elapsed":374156,"internal_node_id":"0.0-9.0-0.20"},{"rt":11368,"url":"../static/nodeGraphs.html","edge":"0to3","edgeRT":"10370","skip":"false","flipped":"False","index":"21","edgeClickLog":"[{\"edgeSelection\":\"0to3\",\"edgeRTMS\":10370}]","trial_id":"test_1","congruency":"I","task":"experiment","subjectId":"58ejy3p5ppo52z3","trial_type":"external-html","trial_index":29,"time_elapsed":386204,"internal_node_id":"0.0-9.0-0.21"},{"rt":8182,"url":"../static/nodeGraphs.html","edge":"0to3","edgeRT":"6864","skip":"false","flipped":"False","index":"22","edgeClickLog":"[{\"edgeSelection\":\"0to3\",\"edgeRTMS\":6864}]","trial_id":"test_2","congruency":"I","task":"experiment","subjectId":"58ejy3p5ppo52z3","trial_type":"external-html","trial_index":30,"time_elapsed":394972,"internal_node_id":"0.0-9.0-0.22"},{"rt":6473,"url":"../static/nodeGraphs.html","edge":"0to1","edgeRT":"2382","skip":"false","flipped":"False","index":"23","edgeClickLog":"[{\"edgeSelection\":\"0to1\",\"edgeRTMS\":2382}]","trial_id":"test_3","congruency":"I","task":"experiment","subjectId":"58ejy3p5ppo52z3","trial_type":"external-html","trial_index":31,"time_elapsed":402028,"internal_node_id":"0.0-9.0-0.23"},{"rt":18478,"url":"../static/nodeGraphs.html","edge":"1to5","edgeRT":"13992","skip":"false","flipped":"False","index":"24","edgeClickLog":"[{\"edgeSelection\":\"4to7\",\"edgeRTMS\":7408},{\"edgeSelection\":\"1to5\",\"edgeRTMS\":13992}]","trial_id":"test_4","congruency":"I","task":"experiment","subjectId":"58ejy3p5ppo52z3","trial_type":"external-html","trial_index":32,"time_elapsed":421092,"internal_node_id":"0.0-9.0-0.24"},{"rt":51521,"response":{"P0_Q0":null,"P0_Q1":2,"P0_Q2":7,"P0_Q3":4,"P0_Q4":3,"P0_Q5":1,"strategies":"I tried to reveal the path that I thought would be most likely to earn the student more points while also taking into consideration what paths they may not be aware of already.","feedback":"I have no comments."},"accuracy":[],"trial_type":"survey","trial_index":33,"time_elapsed":473182,"internal_node_id":"0.0-10.0"},{"rt":1988,"stimulus":"<p>Thanks for your time!</p>        <p>We need to manually calculate your bonus pay, please give us up to 7 days.</p><p>Press any key to conclude.</p>","response":" ","task":"end","subjectId":"58ejy3p5ppo52z3","trial_type":"html-keyboard-response","trial_index":34,"time_elapsed":475172,"internal_node_id":"0.0-11.0","interactions":"[{\"event\":\"blur\",\"trial\":1,\"time\":2939},{\"event\":\"focus\",\"trial\":1,\"time\":5273},{\"event\":\"blur\",\"trial\":1,\"time\":6731},{\"event\":\"focus\",\"trial\":1,\"time\":7953},{\"event\":\"fullscreenenter\",\"trial\":1,\"time\":8822}]"}]