[{"success":true,"timeout":false,"failed_images":[],"failed_audio":[],"failed_video":[],"trial_type":"preload","trial_index":0,"time_elapsed":4842,"internal_node_id":"0.0-0.0"},{"success":true,"trial_type":"fullscreen","trial_index":1,"time_elapsed":8305,"internal_node_id":"0.0-1.0"},{"rt":3215,"stimulus":"Welcome to the experiment. Press any key to begin.","response":" ","trial_type":"html-keyboard-response","trial_index":2,"time_elapsed":11521,"internal_node_id":"0.0-2.0"},{"view_history":[{"page_index":0,"viewing_time":4932},{"page_index":1,"viewing_time":4304},{"page_index":2,"viewing_time":22272},{"page_index":3,"viewing_time":5344},{"page_index":4,"viewing_time":3200},{"page_index":5,"viewing_time":2055},{"page_index":6,"viewing_time":3745},{"page_index":7,"viewing_time":9992},{"page_index":8,"viewing_time":16449},{"page_index":9,"viewing_time":10015},{"page_index":10,"viewing_time":2329},{"page_index":11,"viewing_time":1224},{"page_index":12,"viewing_time":952},{"page_index":13,"viewing_time":2776},{"page_index":14,"viewing_time":3640},{"page_index":15,"viewing_time":11752},{"page_index":16,"viewing_time":3728},{"page_index":17,"viewing_time":2907},{"page_index":18,"viewing_time":2957},{"page_index":19,"viewing_time":4650},{"page_index":20,"viewing_time":6055},{"page_index":21,"viewing_time":3557}],"rt":128834,"trial_type":"instructions","trial_index":3,"time_elapsed":140356,"internal_node_id":"0.0-3.0"},{"rt":94724,"url":"../static/nodeGraphsTraining.html","skip":[],"edgeClickLog":[],"trial_type":"external-html","trial_index":4,"time_elapsed":235207,"internal_node_id":"0.0-4.0"},{"rt":31895,"response":{"q1":"The goal is to help the student to get the most points","q2":"False","q3":"Possible paths you, as the teacher, can choose to teach the learner.","q4":"Paths that the student took before."},"question_order":[0,1,2,3],"trial_type":"survey-multi-choice","trial_index":5,"time_elapsed":267104,"internal_node_id":"0.0-5.0"},{"rt":6289,"stimulus":"<p>You can take a 60 second break before starting the experiment.</p><br><br><p>This page will advance in 60 seconds or you can press any key to advance now.</p>","response":" ","trial_type":"html-keyboard-response","trial_index":6,"time_elapsed":273396,"internal_node_id":"0.0-7.0"},{"view_history":[{"page_index":0,"viewing_time":13602}],"rt":13602,"trial_type":"instructions","trial_index":7,"time_elapsed":286999,"internal_node_id":"0.0-8.0"},{"rt":8921,"url":"../static/nodeGraphs.html","edge":"5to7","edgeRT":"7522","skip":"false","flipped":"True","index":"19","edgeClickLog":"[{\"edgeSelection\":\"0to1\",\"edgeRTMS\":5070},{\"edgeSelection\":\"1to5\",\"edgeRTMS\":6016},{\"edgeSelection\":\"5to7\",\"edgeRTMS\":7522}]","trial_id":"cong_9_flipped","congruency":"C","task":"experiment","subjectId":"0r6bxy4z84hff2r","trial_type":"external-html","trial_index":8,"time_elapsed":296024,"internal_node_id":"0.0-9.0-0.0"},{"rt":10662,"url":"../static/nodeGraphs.html","edge":"5to9","edgeRT":"9334","skip":"false","flipped":"False","index":"9","edgeClickLog":"[{\"edgeSelection\":\"0to3\",\"edgeRTMS\":5660},{\"edgeSelection\":\"3to5\",\"edgeRTMS\":6990},{\"edgeSelection\":\"5to9\",\"edgeRTMS\":9334}]","trial_id":"cong_9","congruency":"C","task":"experiment","subjectId":"0r6bxy4z84hff2r","trial_type":"external-html","trial_index":9,"time_elapsed":307295,"internal_node_id":"0.0-9.0-0.1"},{"rt":9634,"url":"../static/nodeGraphs.html","edge":"5to7","edgeRT":"8150","skip":"false","flipped":"True","index":"13","edgeClickLog":"[{\"edgeSelection\":\"0to3\",\"edgeRTMS\":4090},{\"edgeSelection\":\"3to5\",\"edgeRTMS\":6404},{\"edgeSelection\":\"5to7\",\"edgeRTMS\":8150}]","trial_id":"cong_3_flipped","congruency":"C","task":"experiment","subjectId":"0r6bxy4z84hff2r","trial_type":"external-html","trial_index":10,"time_elapsed":317536,"internal_node_id":"0.0-9.0-0.2"},{"rt":9689,"url":"../static/nodeGraphs.html","edge":"6to9","edgeRT":"8154","skip":"false","flipped":"False","index":"1","edgeClickLog":"[{\"edgeSelection\":\"0to3\",\"edgeRTMS\":5817},{\"edgeSelection\":\"3to6\",\"edgeRTMS\":7171},{\"edgeSelection\":\"6to9\",\"edgeRTMS\":8154}]","trial_id":"cong_1","congruency":"C","task":"experiment","subjectId":"0r6bxy4z84hff2r","trial_type":"external-html","trial_index":11,"time_elapsed":327829,"internal_node_id":"0.0-9.0-0.3"},{"rt":30003,"url":"../static/nodeGraphs.html","edge":"5to8","edgeRT":"28996","skip":"true","flipped":"True","index":"15","edgeClickLog":"[{\"edgeSelection\":\"0to3\",\"edgeRTMS\":7659},{\"edgeSelection\":\"3to6\",\"edgeRTMS\":8749},{\"edgeSelection\":\"0to3\",\"edgeRTMS\":18804},{\"edgeSelection\":\"3to5\",\"edgeRTMS\":24972},{\"edgeSelection\":\"5to8\",\"edgeRTMS\":26449},{\"edgeSelection\":\"5to8\",\"edgeRTMS\":28996}]","trial_id":"cong_5_flipped","congruency":"C","task":"experiment","subjectId":"0r6bxy4z84hff2r","trial_type":"external-html","trial_index":12,"time_elapsed":358447,"internal_node_id":"0.0-9.0-0.4"},{"rt":10699,"url":"../static/nodeGraphs.html","edge":"5to7","edgeRT":"8061","skip":"false","flipped":"True","index":"12","edgeClickLog":"[{\"edgeSelection\":\"0to1\",\"edgeRTMS\":5539},{\"edgeSelection\":\"1to5\",\"edgeRTMS\":6624},{\"edgeSelection\":\"5to7\",\"edgeRTMS\":8061}]","trial_id":"cong_2_flipped","congruency":"C","task":"experiment","subjectId":"0r6bxy4z84hff2r","trial_type":"external-html","trial_index":13,"time_elapsed":369751,"internal_node_id":"0.0-9.0-0.5"},{"rt":14470,"url":"../static/nodeGraphs.html","edge":"4to7","edgeRT":"13446","skip":"false","flipped":"True","index":"11","edgeClickLog":"[{\"edgeSelection\":\"0to1\",\"edgeRTMS\":9299},{\"edgeSelection\":\"1to4\",\"edgeRTMS\":11925},{\"edgeSelection\":\"4to7\",\"edgeRTMS\":13446}]","trial_id":"cong_1_flipped","congruency":"C","task":"experiment","subjectId":"0r6bxy4z84hff2r","trial_type":"external-html","trial_index":14,"time_elapsed":384831,"internal_node_id":"0.0-9.0-0.6"},{"rt":18926,"url":"../static/nodeGraphs.html","edge":"5to9","edgeRT":"17619","skip":"false","flipped":"True","index":"10","edgeClickLog":"[{\"edgeSelection\":\"0to1\",\"edgeRTMS\":7924},{\"edgeSelection\":\"1to5\",\"edgeRTMS\":8963},{\"edgeSelection\":\"5to9\",\"edgeRTMS\":10374},{\"edgeSelection\":\"1to5\",\"edgeRTMS\":13405},{\"edgeSelection\":\"0to1\",\"edgeRTMS\":14676},{\"edgeSelection\":\"5to9\",\"edgeRTMS\":17619}]","trial_id":"cong_0_flipped","congruency":"C","task":"experiment","subjectId":"0r6bxy4z84hff2r","trial_type":"external-html","trial_index":15,"time_elapsed":404518,"internal_node_id":"0.0-9.0-0.7"},{"rt":14125,"url":"../static/nodeGraphs.html","edge":"5to9","edgeRT":"12485","skip":"false","flipped":"False","index":"2","edgeClickLog":"[{\"edgeSelection\":\"0to3\",\"edgeRTMS\":7522},{\"edgeSelection\":\"3to6\",\"edgeRTMS\":8405},{\"edgeSelection\":\"3to5\",\"edgeRTMS\":10460},{\"edgeSelection\":\"5to9\",\"edgeRTMS\":12485}]","trial_id":"cong_2","congruency":"C","task":"experiment","subjectId":"0r6bxy4z84hff2r","trial_type":"external-html","trial_index":16,"time_elapsed":419249,"internal_node_id":"0.0-9.0-0.8"},{"rt":11522,"url":"../static/nodeGraphs.html","edge":"6to9","edgeRT":"10450","skip":"false","flipped":"False","index":"8","edgeClickLog":"[{\"edgeSelection\":\"0to3\",\"edgeRTMS\":6753},{\"edgeSelection\":\"3to6\",\"edgeRTMS\":9610},{\"edgeSelection\":\"6to9\",\"edgeRTMS\":10450}]","trial_id":"cong_8","congruency":"C","task":"experiment","subjectId":"0r6bxy4z84hff2r","trial_type":"external-html","trial_index":17,"time_elapsed":431376,"internal_node_id":"0.0-9.0-0.9"},{"rt":10272,"url":"../static/nodeGraphs.html","edge":"6to9","edgeRT":"8535","skip":"false","flipped":"True","index":"17","edgeClickLog":"[{\"edgeSelection\":\"0to2\",\"edgeRTMS\":5264},{\"edgeSelection\":\"2to6\",\"edgeRTMS\":7350},{\"edgeSelection\":\"6to9\",\"edgeRTMS\":8535}]","trial_id":"cong_7_flipped","congruency":"C","task":"experiment","subjectId":"0r6bxy4z84hff2r","trial_type":"external-html","trial_index":18,"time_elapsed":442255,"internal_node_id":"0.0-9.0-0.10"},{"rt":11731,"url":"../static/nodeGraphs.html","edge":"5to7","edgeRT":"10310","skip":"false","flipped":"False","index":"6","edgeClickLog":"[{\"edgeSelection\":\"0to1\",\"edgeRTMS\":7380},{\"edgeSelection\":\"1to5\",\"edgeRTMS\":8454},{\"edgeSelection\":\"5to7\",\"edgeRTMS\":10310}]","trial_id":"cong_6","congruency":"C","task":"experiment","subjectId":"0r6bxy4z84hff2r","trial_type":"external-html","trial_index":19,"time_elapsed":454591,"internal_node_id":"0.0-9.0-0.11"},{"rt":12585,"url":"../static/nodeGraphs.html","edge":"4to8","edgeRT":"11440","skip":"false","flipped":"False","index":"0","edgeClickLog":"[{\"edgeSelection\":\"0to2\",\"edgeRTMS\":5702},{\"edgeSelection\":\"2to4\",\"edgeRTMS\":8527},{\"edgeSelection\":\"4to8\",\"edgeRTMS\":11440}]","trial_id":"cong_0","congruency":"C","task":"experiment","subjectId":"0r6bxy4z84hff2r","trial_type":"external-html","trial_index":20,"time_elapsed":467783,"internal_node_id":"0.0-9.0-0.12"},{"rt":13097,"url":"../static/nodeGraphs.html","edge":"5to9","edgeRT":"11938","skip":"false","flipped":"False","index":"3","edgeClickLog":"[{\"edgeSelection\":\"0to1\",\"edgeRTMS\":6249},{\"edgeSelection\":\"1to5\",\"edgeRTMS\":7410},{\"edgeSelection\":\"5to9\",\"edgeRTMS\":9799},{\"edgeSelection\":\"5to9\",\"edgeRTMS\":11938}]","trial_id":"cong_3","congruency":"C","task":"experiment","subjectId":"0r6bxy4z84hff2r","trial_type":"external-html","trial_index":21,"time_elapsed":481487,"internal_node_id":"0.0-9.0-0.13"},{"rt":13090,"url":"../static/nodeGraphs.html","edge":"4to8","edgeRT":"10803","skip":"false","flipped":"True","index":"18","edgeClickLog":"[{\"edgeSelection\":\"0to2\",\"edgeRTMS\":7728},{\"edgeSelection\":\"2to4\",\"edgeRTMS\":8617},{\"edgeSelection\":\"4to8\",\"edgeRTMS\":10803}]","trial_id":"cong_8_flipped","congruency":"C","task":"experiment","subjectId":"0r6bxy4z84hff2r","trial_type":"external-html","trial_index":22,"time_elapsed":495183,"internal_node_id":"0.0-9.0-0.14"},{"rt":11015,"url":"../static/nodeGraphs.html","edge":"5to9","edgeRT":"9583","skip":"false","flipped":"True","index":"16","edgeClickLog":"[{\"edgeSelection\":\"0to3\",\"edgeRTMS\":5925},{\"edgeSelection\":\"3to5\",\"edgeRTMS\":6896},{\"edgeSelection\":\"5to9\",\"edgeRTMS\":9583}]","trial_id":"cong_6_flipped","congruency":"C","task":"experiment","subjectId":"0r6bxy4z84hff2r","trial_type":"external-html","trial_index":23,"time_elapsed":506807,"internal_node_id":"0.0-9.0-0.15"},{"rt":9777,"url":"../static/nodeGraphs.html","edge":"4to8","edgeRT":"8498","skip":"false","flipped":"False","index":"4","edgeClickLog":"[{\"edgeSelection\":\"0to1\",\"edgeRTMS\":6169},{\"edgeSelection\":\"1to4\",\"edgeRTMS\":6890},{\"edgeSelection\":\"4to8\",\"edgeRTMS\":8498}]","trial_id":"cong_4","congruency":"C","task":"experiment","subjectId":"0r6bxy4z84hff2r","trial_type":"external-html","trial_index":24,"time_elapsed":517191,"internal_node_id":"0.0-9.0-0.16"},{"rt":16177,"url":"../static/nodeGraphs.html","edge":"4to7","edgeRT":"13359","skip":"false","flipped":"False","index":"5","edgeClickLog":"[{\"edgeSelection\":\"0to1\",\"edgeRTMS\":10166},{\"edgeSelection\":\"1to4\",\"edgeRTMS\":11605},{\"edgeSelection\":\"4to7\",\"edgeRTMS\":13359}]","trial_id":"cong_5","congruency":"C","task":"experiment","subjectId":"0r6bxy4z84hff2r","trial_type":"external-html","trial_index":25,"time_elapsed":533975,"internal_node_id":"0.0-9.0-0.17"},{"rt":16273,"url":"../static/nodeGraphs.html","edge":"6to8","edgeRT":"14834","skip":"false","flipped":"True","index":"14","edgeClickLog":"[{\"edgeSelection\":\"0to3\",\"edgeRTMS\":8920},{\"edgeSelection\":\"3to6\",\"edgeRTMS\":13771},{\"edgeSelection\":\"6to8\",\"edgeRTMS\":14834}]","trial_id":"cong_4_flipped","congruency":"C","task":"experiment","subjectId":"0r6bxy4z84hff2r","trial_type":"external-html","trial_index":26,"time_elapsed":551215,"internal_node_id":"0.0-9.0-0.18"},{"rt":8298,"url":"../static/nodeGraphs.html","edge":"4to8","edgeRT":"6893","skip":"false","flipped":"False","index":"7","edgeClickLog":"[{\"edgeSelection\":\"0to2\",\"edgeRTMS\":4676},{\"edgeSelection\":\"2to4\",\"edgeRTMS\":5440},{\"edgeSelection\":\"4to8\",\"edgeRTMS\":6893}]","trial_id":"cong_7","congruency":"C","task":"experiment","subjectId":"0r6bxy4z84hff2r","trial_type":"external-html","trial_index":27,"time_elapsed":560117,"internal_node_id":"0.0-9.0-0.19"},{"rt":11779,"url":"../static/nodeGraphs.html","edge":"6to8","edgeRT":"10423","skip":"false","flipped":"False","index":"20","edgeClickLog":"[{\"edgeSelection\":\"0to2\",\"edgeRTMS\":8349},{\"edgeSelection\":\"2to6\",\"edgeRTMS\":9335},{\"edgeSelection\":\"6to8\",\"edgeRTMS\":10423}]","trial_id":"test_0","congruency":"I","task":"experiment","subjectId":"0r6bxy4z84hff2r","trial_type":"external-html","trial_index":28,"time_elapsed":572504,"internal_node_id":"0.0-9.0-0.20"},{"rt":7395,"url":"../static/nodeGraphs.html","edge":"6to9","edgeRT":"6092","skip":"false","flipped":"False","index":"21","edgeClickLog":"[{\"edgeSelection\":\"0to3\",\"edgeRTMS\":3723},{\"edgeSelection\":\"3to6\",\"edgeRTMS\":4668},{\"edgeSelection\":\"6to9\",\"edgeRTMS\":6092}]","trial_id":"test_1","congruency":"I","task":"experiment","subjectId":"0r6bxy4z84hff2r","trial_type":"external-html","trial_index":29,"time_elapsed":580503,"internal_node_id":"0.0-9.0-0.21"},{"rt":20554,"url":"../static/nodeGraphs.html","edge":"4to7","edgeRT":"19317","skip":"false","flipped":"False","index":"22","edgeClickLog":"[{\"edgeSelection\":\"0to1\",\"edgeRTMS\":16898},{\"edgeSelection\":\"1to4\",\"edgeRTMS\":17940},{\"edgeSelection\":\"4to7\",\"edgeRTMS\":19317}]","trial_id":"test_2","congruency":"I","task":"experiment","subjectId":"0r6bxy4z84hff2r","trial_type":"external-html","trial_index":30,"time_elapsed":601775,"internal_node_id":"0.0-9.0-0.22"},{"rt":10513,"url":"../static/nodeGraphs.html","edge":"5to9","edgeRT":"9255","skip":"false","flipped":"False","index":"23","edgeClickLog":"[{\"edgeSelection\":\"0to1\",\"edgeRTMS\":5856},{\"edgeSelection\":\"1to5\",\"edgeRTMS\":7153},{\"edgeSelection\":\"5to9\",\"edgeRTMS\":9255}]","trial_id":"test_3","congruency":"I","task":"experiment","subjectId":"0r6bxy4z84hff2r","trial_type":"external-html","trial_index":31,"time_elapsed":612895,"internal_node_id":"0.0-9.0-0.23"},{"rt":11462,"url":"../static/nodeGraphs.html","edge":"6to9","edgeRT":"9990","skip":"false","flipped":"False","index":"24","edgeClickLog":"[{\"edgeSelection\":\"0to3\",\"edgeRTMS\":8108},{\"edgeSelection\":\"3to6\",\"edgeRTMS\":9213},{\"edgeSelection\":\"6to9\",\"edgeRTMS\":9990}]","trial_id":"test_4","congruency":"I","task":"experiment","subjectId":"0r6bxy4z84hff2r","trial_type":"external-html","trial_index":32,"time_elapsed":624967,"internal_node_id":"0.0-9.0-0.24"},{"rt":50488,"response":{"P0_Q0":null,"P0_Q1":6,"P0_Q2":4,"P0_Q3":6,"P0_Q4":5,"P0_Q5":3,"strategies":"I added up student last try and tried to improve on that","feedback":"Path should remain in yellow once chosen"},"accuracy":[],"trial_type":"survey","trial_index":33,"time_elapsed":676006,"internal_node_id":"0.0-10.0"},{"rt":3063,"stimulus":"<p>Thanks for your time!</p>        <p>We need to manually calculate your bonus pay, please give us up to 7 days.</p><p>Press any key to conclude.</p>","response":" ","task":"end","subjectId":"0r6bxy4z84hff2r","trial_type":"html-keyboard-response","trial_index":34,"time_elapsed":679073,"internal_node_id":"0.0-11.0","interactions":"[{\"event\":\"fullscreenenter\",\"trial\":1,\"time\":7322},{\"event\":\"blur\",\"trial\":4,\"time\":154235},{\"event\":\"focus\",\"trial\":4,\"time\":154236},{\"event\":\"fullscreenexit\",\"trial\":4,\"time\":154253},{\"event\":\"blur\",\"trial\":30,\"time\":591419},{\"event\":\"focus\",\"trial\":30,\"time\":591420}]"}]