[{"success":true,"timeout":false,"failed_images":[],"failed_audio":[],"failed_video":[],"trial_type":"preload","trial_index":0,"time_elapsed":1923,"internal_node_id":"0.0-0.0"},{"success":true,"trial_type":"fullscreen","trial_index":1,"time_elapsed":6909,"internal_node_id":"0.0-1.0"},{"rt":2119,"stimulus":"Welcome to the experiment. Press any key to begin.","response":" ","trial_type":"html-keyboard-response","trial_index":2,"time_elapsed":9029,"internal_node_id":"0.0-2.0"},{"view_history":[{"page_index":0,"viewing_time":34688},{"page_index":1,"viewing_time":4345},{"page_index":2,"viewing_time":35562},{"page_index":3,"viewing_time":6432},{"page_index":4,"viewing_time":1280},{"page_index":5,"viewing_time":887},{"page_index":6,"viewing_time":2394},{"page_index":7,"viewing_time":9695},{"page_index":8,"viewing_time":11985},{"page_index":9,"viewing_time":2993},{"page_index":10,"viewing_time":1769},{"page_index":11,"viewing_time":510},{"page_index":12,"viewing_time":465},{"page_index":13,"viewing_time":1408},{"page_index":14,"viewing_time":4423},{"page_index":15,"viewing_time":7353},{"page_index":16,"viewing_time":1480},{"page_index":17,"viewing_time":360},{"page_index":18,"viewing_time":432},{"page_index":19,"viewing_time":5529},{"page_index":20,"viewing_time":4401},{"page_index":21,"viewing_time":2407}],"rt":140799,"trial_type":"instructions","trial_index":3,"time_elapsed":149836,"internal_node_id":"0.0-3.0"},{"rt":56221,"url":"../static/nodeGraphsTraining.html","skip":[],"edgeClickLog":[],"trial_type":"external-html","trial_index":4,"time_elapsed":206154,"internal_node_id":"0.0-4.0"},{"rt":21784,"response":{"q1":"The goal is to help the student to get the most points","q2":"False","q3":"Possible paths you, as the teacher, can choose to teach the learner.","q4":"Paths that the student took before."},"question_order":[0,1,2,3],"trial_type":"survey-multi-choice","trial_index":5,"time_elapsed":227940,"internal_node_id":"0.0-5.0"},{"rt":4183,"stimulus":"<p>You can take a 60 second break before starting the experiment.</p><br><br><p>This page will advance in 60 seconds or you can press any key to advance now.</p>","response":" ","trial_type":"html-keyboard-response","trial_index":6,"time_elapsed":232124,"internal_node_id":"0.0-7.0"},{"view_history":[{"page_index":0,"viewing_time":17024}],"rt":17024,"trial_type":"instructions","trial_index":7,"time_elapsed":249153,"internal_node_id":"0.0-8.0"},{"rt":11164,"url":"../static/nodeGraphs.html","edge":"3to5","edgeRT":"10382","skip":"false","flipped":"False","index":"3","edgeClickLog":"[{\"edgeSelection\":\"3to5\",\"edgeRTMS\":10382}]","trial_id":"cong_3","congruency":"C","task":"experiment","subjectId":"c373l3nqmr6kvek","trial_type":"external-html","trial_index":8,"time_elapsed":260402,"internal_node_id":"0.0-9.0-0.0"},{"rt":14845,"url":"../static/nodeGraphs.html","edge":"2to5","edgeRT":"13897","skip":"false","flipped":"False","index":"9","edgeClickLog":"[{\"edgeSelection\":\"2to5\",\"edgeRTMS\":13897}]","trial_id":"cong_9","congruency":"C","task":"experiment","subjectId":"c373l3nqmr6kvek","trial_type":"external-html","trial_index":9,"time_elapsed":275851,"internal_node_id":"0.0-9.0-0.1"},{"rt":11701,"url":"../static/nodeGraphs.html","edge":"1to4","edgeRT":"10869","skip":"false","flipped":"False","index":"8","edgeClickLog":"[{\"edgeSelection\":\"1to4\",\"edgeRTMS\":10869}]","trial_id":"cong_8","congruency":"C","task":"experiment","subjectId":"c373l3nqmr6kvek","trial_type":"external-html","trial_index":10,"time_elapsed":288147,"internal_node_id":"0.0-9.0-0.2"},{"rt":9606,"url":"../static/nodeGraphs.html","edge":"6to9","edgeRT":"7649","skip":"false","flipped":"True","index":"12","edgeClickLog":"[{\"edgeSelection\":\"6to9\",\"edgeRTMS\":7649}]","trial_id":"cong_2_flipped","congruency":"C","task":"experiment","subjectId":"c373l3nqmr6kvek","trial_type":"external-html","trial_index":11,"time_elapsed":298356,"internal_node_id":"0.0-9.0-0.3"},{"rt":7438,"url":"../static/nodeGraphs.html","edge":"5to8","edgeRT":"5608","skip":"false","flipped":"False","index":"0","edgeClickLog":"[{\"edgeSelection\":\"5to8\",\"edgeRTMS\":5608}]","trial_id":"cong_0","congruency":"C","task":"experiment","subjectId":"c373l3nqmr6kvek","trial_type":"external-html","trial_index":12,"time_elapsed":306388,"internal_node_id":"0.0-9.0-0.4"},{"rt":9939,"url":"../static/nodeGraphs.html","edge":"6to9","edgeRT":"9192","skip":"false","flipped":"True","index":"15","edgeClickLog":"[{\"edgeSelection\":\"6to9\",\"edgeRTMS\":9192}]","trial_id":"cong_5_flipped","congruency":"C","task":"experiment","subjectId":"c373l3nqmr6kvek","trial_type":"external-html","trial_index":13,"time_elapsed":316991,"internal_node_id":"0.0-9.0-0.5"},{"rt":13201,"url":"../static/nodeGraphs.html","edge":"4to7","edgeRT":"12594","skip":"false","flipped":"False","index":"5","edgeClickLog":"[{\"edgeSelection\":\"4to7\",\"edgeRTMS\":12594}]","trial_id":"cong_5","congruency":"C","task":"experiment","subjectId":"c373l3nqmr6kvek","trial_type":"external-html","trial_index":14,"time_elapsed":330784,"internal_node_id":"0.0-9.0-0.6"},{"rt":11549,"url":"../static/nodeGraphs.html","edge":"2to5","edgeRT":"10501","skip":"false","flipped":"True","index":"19","edgeClickLog":"[{\"edgeSelection\":\"2to5\",\"edgeRTMS\":10501}]","trial_id":"cong_9_flipped","congruency":"C","task":"experiment","subjectId":"c373l3nqmr6kvek","trial_type":"external-html","trial_index":15,"time_elapsed":342921,"internal_node_id":"0.0-9.0-0.7"},{"rt":16276,"url":"../static/nodeGraphs.html","edge":"5to8","edgeRT":"14991","skip":"false","flipped":"False","index":"4","edgeClickLog":"[{\"edgeSelection\":\"5to8\",\"edgeRTMS\":14991}]","trial_id":"cong_4","congruency":"C","task":"experiment","subjectId":"c373l3nqmr6kvek","trial_type":"external-html","trial_index":16,"time_elapsed":359801,"internal_node_id":"0.0-9.0-0.8"},{"rt":5970,"url":"../static/nodeGraphs.html","edge":"2to6","edgeRT":"4733","skip":"false","flipped":"False","index":"1","edgeClickLog":"[{\"edgeSelection\":\"2to6\",\"edgeRTMS\":4733}]","trial_id":"cong_1","congruency":"C","task":"experiment","subjectId":"c373l3nqmr6kvek","trial_type":"external-html","trial_index":17,"time_elapsed":366362,"internal_node_id":"0.0-9.0-0.9"},{"rt":14582,"url":"../static/nodeGraphs.html","edge":"2to6","edgeRT":"12846","skip":"false","flipped":"True","index":"14","edgeClickLog":"[{\"edgeSelection\":\"5to8\",\"edgeRTMS\":8486},{\"edgeSelection\":\"5to8\",\"edgeRTMS\":10415},{\"edgeSelection\":\"2to6\",\"edgeRTMS\":11829},{\"edgeSelection\":\"2to6\",\"edgeRTMS\":12846}]","trial_id":"cong_4_flipped","congruency":"C","task":"experiment","subjectId":"c373l3nqmr6kvek","trial_type":"external-html","trial_index":18,"time_elapsed":381534,"internal_node_id":"0.0-9.0-0.10"},{"rt":16302,"url":"../static/nodeGraphs.html","edge":"5to8","edgeRT":"15680","skip":"false","flipped":"True","index":"18","edgeClickLog":"[{\"edgeSelection\":\"5to8\",\"edgeRTMS\":15680}]","trial_id":"cong_8_flipped","congruency":"C","task":"experiment","subjectId":"c373l3nqmr6kvek","trial_type":"external-html","trial_index":19,"time_elapsed":398463,"internal_node_id":"0.0-9.0-0.11"},{"rt":5051,"url":"../static/nodeGraphs.html","edge":"3to6","edgeRT":"4299","skip":"false","flipped":"True","index":"10","edgeClickLog":"[{\"edgeSelection\":\"3to6\",\"edgeRTMS\":4299}]","trial_id":"cong_0_flipped","congruency":"C","task":"experiment","subjectId":"c373l3nqmr6kvek","trial_type":"external-html","trial_index":20,"time_elapsed":404110,"internal_node_id":"0.0-9.0-0.12"},{"rt":7253,"url":"../static/nodeGraphs.html","edge":"0to2","edgeRT":"5832","skip":"false","flipped":"True","index":"17","edgeClickLog":"[{\"edgeSelection\":\"0to2\",\"edgeRTMS\":5832}]","trial_id":"cong_7_flipped","congruency":"C","task":"experiment","subjectId":"c373l3nqmr6kvek","trial_type":"external-html","trial_index":21,"time_elapsed":411958,"internal_node_id":"0.0-9.0-0.13"},{"rt":3277,"url":"../static/nodeGraphs.html","edge":"2to4","edgeRT":"2351","skip":"false","flipped":"True","index":"11","edgeClickLog":"[{\"edgeSelection\":\"2to4\",\"edgeRTMS\":2351}]","trial_id":"cong_1_flipped","congruency":"C","task":"experiment","subjectId":"c373l3nqmr6kvek","trial_type":"external-html","trial_index":22,"time_elapsed":415823,"internal_node_id":"0.0-9.0-0.14"},{"rt":3748,"url":"../static/nodeGraphs.html","edge":"2to5","edgeRT":"2959","skip":"false","flipped":"True","index":"16","edgeClickLog":"[{\"edgeSelection\":\"2to5\",\"edgeRTMS\":2959}]","trial_id":"cong_6_flipped","congruency":"C","task":"experiment","subjectId":"c373l3nqmr6kvek","trial_type":"external-html","trial_index":23,"time_elapsed":420166,"internal_node_id":"0.0-9.0-0.15"},{"rt":7917,"url":"../static/nodeGraphs.html","edge":"0to2","edgeRT":"6920","skip":"false","flipped":"False","index":"7","edgeClickLog":"[{\"edgeSelection\":\"0to2\",\"edgeRTMS\":6920}]","trial_id":"cong_7","congruency":"C","task":"experiment","subjectId":"c373l3nqmr6kvek","trial_type":"external-html","trial_index":24,"time_elapsed":428698,"internal_node_id":"0.0-9.0-0.16"},{"rt":6331,"url":"../static/nodeGraphs.html","edge":"1to5","edgeRT":"5124","skip":"false","flipped":"True","index":"13","edgeClickLog":"[{\"edgeSelection\":\"1to5\",\"edgeRTMS\":5124}]","trial_id":"cong_3_flipped","congruency":"C","task":"experiment","subjectId":"c373l3nqmr6kvek","trial_type":"external-html","trial_index":25,"time_elapsed":435619,"internal_node_id":"0.0-9.0-0.17"},{"rt":7699,"url":"../static/nodeGraphs.html","edge":"2to5","edgeRT":"6658","skip":"false","flipped":"False","index":"2","edgeClickLog":"[{\"edgeSelection\":\"2to5\",\"edgeRTMS\":6658}]","trial_id":"cong_2","congruency":"C","task":"experiment","subjectId":"c373l3nqmr6kvek","trial_type":"external-html","trial_index":26,"time_elapsed":443908,"internal_node_id":"0.0-9.0-0.18"},{"rt":4693,"url":"../static/nodeGraphs.html","edge":"2to5","edgeRT":"2502","skip":"false","flipped":"False","index":"6","edgeClickLog":"[{\"edgeSelection\":\"2to5\",\"edgeRTMS\":2502}]","trial_id":"cong_6","congruency":"C","task":"experiment","subjectId":"c373l3nqmr6kvek","trial_type":"external-html","trial_index":27,"time_elapsed":449196,"internal_node_id":"0.0-9.0-0.19"},{"rt":4534,"url":"../static/nodeGraphs.html","edge":"5to8","edgeRT":"3415","skip":"false","flipped":"False","index":"20","edgeClickLog":"[{\"edgeSelection\":\"5to8\",\"edgeRTMS\":3415}]","trial_id":"test_0","congruency":"I","task":"experiment","subjectId":"c373l3nqmr6kvek","trial_type":"external-html","trial_index":28,"time_elapsed":454324,"internal_node_id":"0.0-9.0-0.20"},{"rt":5292,"url":"../static/nodeGraphs.html","edge":"4to7","edgeRT":"2918","skip":"false","flipped":"False","index":"21","edgeClickLog":"[{\"edgeSelection\":\"4to7\",\"edgeRTMS\":2918}]","trial_id":"test_1","congruency":"I","task":"experiment","subjectId":"c373l3nqmr6kvek","trial_type":"external-html","trial_index":29,"time_elapsed":460219,"internal_node_id":"0.0-9.0-0.21"},{"rt":4922,"url":"../static/nodeGraphs.html","edge":"6to8","edgeRT":"3325","skip":"false","flipped":"False","index":"22","edgeClickLog":"[{\"edgeSelection\":\"6to8\",\"edgeRTMS\":3325}]","trial_id":"test_2","congruency":"I","task":"experiment","subjectId":"c373l3nqmr6kvek","trial_type":"external-html","trial_index":30,"time_elapsed":465733,"internal_node_id":"0.0-9.0-0.22"},{"rt":4293,"url":"../static/nodeGraphs.html","edge":"5to9","edgeRT":"3215","skip":"false","flipped":"False","index":"23","edgeClickLog":"[{\"edgeSelection\":\"5to9\",\"edgeRTMS\":3215}]","trial_id":"test_3","congruency":"I","task":"experiment","subjectId":"c373l3nqmr6kvek","trial_type":"external-html","trial_index":31,"time_elapsed":470645,"internal_node_id":"0.0-9.0-0.23"},{"rt":3057,"url":"../static/nodeGraphs.html","edge":"4to7","edgeRT":"1619","skip":"false","flipped":"False","index":"24","edgeClickLog":"[{\"edgeSelection\":\"4to7\",\"edgeRTMS\":1619}]","trial_id":"test_4","congruency":"I","task":"experiment","subjectId":"c373l3nqmr6kvek","trial_type":"external-html","trial_index":32,"time_elapsed":474293,"internal_node_id":"0.0-9.0-0.24"},{"rt":31153,"response":{"P0_Q0":null,"P0_Q1":5,"P0_Q2":7,"P0_Q3":6,"P0_Q4":4,"P0_Q5":2,"strategies":"Summed up the numbers in my head to pick the best ones.","feedback":"Great test!"},"accuracy":[],"trial_type":"survey","trial_index":33,"time_elapsed":505990,"internal_node_id":"0.0-10.0"},{"rt":4132,"stimulus":"<p>Thanks for your time!</p>        <p>We need to manually calculate your bonus pay, please give us up to 7 days.</p><p>Press any key to conclude.</p>","response":" ","task":"end","subjectId":"c373l3nqmr6kvek","trial_type":"html-keyboard-response","trial_index":34,"time_elapsed":510124,"internal_node_id":"0.0-11.0","interactions":"[{\"event\":\"fullscreenenter\",\"trial\":1,\"time\":5924}]"}]