[{"success":true,"timeout":false,"failed_images":[],"failed_audio":[],"failed_video":[],"trial_type":"preload","trial_index":0,"time_elapsed":191,"internal_node_id":"0.0-0.0"},{"success":true,"trial_type":"fullscreen","trial_index":1,"time_elapsed":2415,"internal_node_id":"0.0-1.0"},{"rt":2374,"stimulus":"Welcome to the experiment. Press any key to begin.","response":"h","trial_type":"html-keyboard-response","trial_index":2,"time_elapsed":4789,"internal_node_id":"0.0-2.0"},{"view_history":[{"page_index":0,"viewing_time":2135},{"page_index":1,"viewing_time":2776},{"page_index":2,"viewing_time":100824},{"page_index":3,"viewing_time":1815},{"page_index":4,"viewing_time":1307},{"page_index":5,"viewing_time":2002},{"page_index":6,"viewing_time":2908},{"page_index":7,"viewing_time":3482},{"page_index":8,"viewing_time":8049},{"page_index":9,"viewing_time":3862},{"page_index":10,"viewing_time":1434},{"page_index":11,"viewing_time":1060},{"page_index":12,"viewing_time":1120},{"page_index":13,"viewing_time":2093},{"page_index":14,"viewing_time":2886},{"page_index":15,"viewing_time":3901},{"page_index":16,"viewing_time":1001},{"page_index":17,"viewing_time":598},{"page_index":18,"viewing_time":1265},{"page_index":19,"viewing_time":3340},{"page_index":20,"viewing_time":2948},{"page_index":21,"viewing_time":2518}],"rt":153324,"trial_type":"instructions","trial_index":3,"time_elapsed":158115,"internal_node_id":"0.0-3.0"},{"rt":37072,"url":"../static/nodeGraphsTraining.html","skip":[],"edgeClickLog":[],"trial_type":"external-html","trial_index":4,"time_elapsed":195260,"internal_node_id":"0.0-4.0"},{"rt":28679,"response":{"q1":"The goal is to help the student to get the most points","q2":"False","q3":"Possible paths you, as the teacher, can choose to teach the learner.","q4":"Paths that the student took before."},"question_order":[0,1,2,3],"trial_type":"survey-multi-choice","trial_index":5,"time_elapsed":223940,"internal_node_id":"0.0-5.0"},{"rt":16442,"stimulus":"<p>You can take a 60 second break before starting the experiment.</p><br><br><p>This page will advance in 60 seconds or you can press any key to advance now.</p>","response":"g","trial_type":"html-keyboard-response","trial_index":6,"time_elapsed":240383,"internal_node_id":"0.0-7.0"},{"view_history":[{"page_index":0,"viewing_time":2781}],"rt":2781,"trial_type":"instructions","trial_index":7,"time_elapsed":243163,"internal_node_id":"0.0-8.0"},{"rt":8753,"url":"../static/nodeGraphs.html","edge":"4to8","edgeRT":"7569","skip":"false","flipped":"False","index":"5","edgeClickLog":"[{\"edgeSelection\":\"0to2\",\"edgeRTMS\":5598},{\"edgeSelection\":\"2to4\",\"edgeRTMS\":6398},{\"edgeSelection\":\"4to8\",\"edgeRTMS\":7569}]","trial_id":"incong_5","congruency":"I","task":"experiment","subjectId":"v5mdu9dxlrg1ngp","trial_type":"external-html","trial_index":8,"time_elapsed":251986,"internal_node_id":"0.0-9.0-0.0"},{"rt":5957,"url":"../static/nodeGraphs.html","edge":"4to8","edgeRT":"4947","skip":"false","flipped":"False","index":"6","edgeClickLog":"[{\"edgeSelection\":\"0to1\",\"edgeRTMS\":3471},{\"edgeSelection\":\"1to4\",\"edgeRTMS\":4214},{\"edgeSelection\":\"4to8\",\"edgeRTMS\":4947}]","trial_id":"incong_6","congruency":"I","task":"experiment","subjectId":"v5mdu9dxlrg1ngp","trial_type":"external-html","trial_index":9,"time_elapsed":258529,"internal_node_id":"0.0-9.0-0.1"},{"rt":6967,"url":"../static/nodeGraphs.html","edge":"6to8","edgeRT":"6386","skip":"false","flipped":"True","index":"15","edgeClickLog":"[{\"edgeSelection\":\"0to2\",\"edgeRTMS\":3850},{\"edgeSelection\":\"2to6\",\"edgeRTMS\":5450},{\"edgeSelection\":\"6to8\",\"edgeRTMS\":6386}]","trial_id":"incong_5_flipped","congruency":"I","task":"experiment","subjectId":"v5mdu9dxlrg1ngp","trial_type":"external-html","trial_index":10,"time_elapsed":266080,"internal_node_id":"0.0-9.0-0.2"},{"rt":9289,"url":"../static/nodeGraphs.html","edge":"5to7","edgeRT":"8492","skip":"false","flipped":"True","index":"19","edgeClickLog":"[{\"edgeSelection\":\"0to3\",\"edgeRTMS\":6652},{\"edgeSelection\":\"3to5\",\"edgeRTMS\":7593},{\"edgeSelection\":\"5to7\",\"edgeRTMS\":8492}]","trial_id":"incong_9_flipped","congruency":"I","task":"experiment","subjectId":"v5mdu9dxlrg1ngp","trial_type":"external-html","trial_index":11,"time_elapsed":275939,"internal_node_id":"0.0-9.0-0.3"},{"rt":4335,"url":"../static/nodeGraphs.html","edge":"6to8","edgeRT":"3754","skip":"false","flipped":"True","index":"16","edgeClickLog":"[{\"edgeSelection\":\"0to2\",\"edgeRTMS\":2266},{\"edgeSelection\":\"2to6\",\"edgeRTMS\":2915},{\"edgeSelection\":\"6to8\",\"edgeRTMS\":3754}]","trial_id":"incong_6_flipped","congruency":"I","task":"experiment","subjectId":"v5mdu9dxlrg1ngp","trial_type":"external-html","trial_index":12,"time_elapsed":280853,"internal_node_id":"0.0-9.0-0.4"},{"rt":17488,"url":"../static/nodeGraphs.html","edge":"4to8","edgeRT":"16479","skip":"false","flipped":"True","index":"10","edgeClickLog":"[{\"edgeSelection\":\"0to2\",\"edgeRTMS\":2699},{\"edgeSelection\":\"2to6\",\"edgeRTMS\":4389},{\"edgeSelection\":\"6to8\",\"edgeRTMS\":5367},{\"edgeSelection\":\"0to2\",\"edgeRTMS\":6513},{\"edgeSelection\":\"2to6\",\"edgeRTMS\":7534},{\"edgeSelection\":\"6to8\",\"edgeRTMS\":8328},{\"edgeSelection\":\"2to6\",\"edgeRTMS\":11845},{\"edgeSelection\":\"4to8\",\"edgeRTMS\":16479}]","trial_id":"incong_0_flipped","congruency":"I","task":"experiment","subjectId":"v5mdu9dxlrg1ngp","trial_type":"external-html","trial_index":13,"time_elapsed":298919,"internal_node_id":"0.0-9.0-0.5"},{"rt":6559,"url":"../static/nodeGraphs.html","edge":"5to8","edgeRT":"5852","skip":"false","flipped":"False","index":"7","edgeClickLog":"[{\"edgeSelection\":\"5to8\",\"edgeRTMS\":5852}]","trial_id":"incong_7","congruency":"I","task":"experiment","subjectId":"v5mdu9dxlrg1ngp","trial_type":"external-html","trial_index":14,"time_elapsed":306057,"internal_node_id":"0.0-9.0-0.6"},{"rt":15528,"url":"../static/nodeGraphs.html","edge":"6to8","edgeRT":"14668","skip":"false","flipped":"False","index":"0","edgeClickLog":"[{\"edgeSelection\":\"3to5\",\"edgeRTMS\":12071},{\"edgeSelection\":\"6to8\",\"edgeRTMS\":14668}]","trial_id":"incong_0","congruency":"I","task":"experiment","subjectId":"v5mdu9dxlrg1ngp","trial_type":"external-html","trial_index":15,"time_elapsed":322163,"internal_node_id":"0.0-9.0-0.7"},{"rt":7331,"url":"../static/nodeGraphs.html","edge":"0to1","edgeRT":"4368","skip":"false","flipped":"True","index":"14","edgeClickLog":"[{\"edgeSelection\":\"0to1\",\"edgeRTMS\":4368}]","trial_id":"incong_4_flipped","congruency":"I","task":"experiment","subjectId":"v5mdu9dxlrg1ngp","trial_type":"external-html","trial_index":16,"time_elapsed":330075,"internal_node_id":"0.0-9.0-0.8"},{"rt":8357,"url":"../static/nodeGraphs.html","edge":"0to2","edgeRT":"7099","skip":"false","flipped":"True","index":"18","edgeClickLog":"[{\"edgeSelection\":\"0to2\",\"edgeRTMS\":7099}]","trial_id":"incong_8_flipped","congruency":"I","task":"experiment","subjectId":"v5mdu9dxlrg1ngp","trial_type":"external-html","trial_index":17,"time_elapsed":339011,"internal_node_id":"0.0-9.0-0.9"},{"rt":3553,"url":"../static/nodeGraphs.html","edge":"4to8","edgeRT":"2950","skip":"false","flipped":"False","index":"9","edgeClickLog":"[{\"edgeSelection\":\"4to8\",\"edgeRTMS\":2950}]","trial_id":"incong_9","congruency":"I","task":"experiment","subjectId":"v5mdu9dxlrg1ngp","trial_type":"external-html","trial_index":18,"time_elapsed":343133,"internal_node_id":"0.0-9.0-0.10"},{"rt":5248,"url":"../static/nodeGraphs.html","edge":"6to9","edgeRT":"4525","skip":"false","flipped":"False","index":"1","edgeClickLog":"[{\"edgeSelection\":\"6to9\",\"edgeRTMS\":4525}]","trial_id":"incong_1","congruency":"I","task":"experiment","subjectId":"v5mdu9dxlrg1ngp","trial_type":"external-html","trial_index":19,"time_elapsed":348961,"internal_node_id":"0.0-9.0-0.11"},{"rt":3486,"url":"../static/nodeGraphs.html","edge":"4to7","edgeRT":"2965","skip":"false","flipped":"True","index":"11","edgeClickLog":"[{\"edgeSelection\":\"4to7\",\"edgeRTMS\":2965}]","trial_id":"incong_1_flipped","congruency":"I","task":"experiment","subjectId":"v5mdu9dxlrg1ngp","trial_type":"external-html","trial_index":20,"time_elapsed":353014,"internal_node_id":"0.0-9.0-0.12"},{"rt":8440,"url":"../static/nodeGraphs.html","edge":"5to7","edgeRT":"7704","skip":"false","flipped":"False","index":"3","edgeClickLog":"[{\"edgeSelection\":\"5to7\",\"edgeRTMS\":7704}]","trial_id":"incong_3","congruency":"I","task":"experiment","subjectId":"v5mdu9dxlrg1ngp","trial_type":"external-html","trial_index":21,"time_elapsed":362111,"internal_node_id":"0.0-9.0-0.13"},{"rt":5218,"url":"../static/nodeGraphs.html","edge":"5to8","edgeRT":"4507","skip":"false","flipped":"True","index":"17","edgeClickLog":"[{\"edgeSelection\":\"5to8\",\"edgeRTMS\":4507}]","trial_id":"incong_7_flipped","congruency":"I","task":"experiment","subjectId":"v5mdu9dxlrg1ngp","trial_type":"external-html","trial_index":22,"time_elapsed":367981,"internal_node_id":"0.0-9.0-0.14"},{"rt":4935,"url":"../static/nodeGraphs.html","edge":"0to2","edgeRT":"4053","skip":"false","flipped":"True","index":"13","edgeClickLog":"[{\"edgeSelection\":\"0to2\",\"edgeRTMS\":4053}]","trial_id":"incong_3_flipped","congruency":"I","task":"experiment","subjectId":"v5mdu9dxlrg1ngp","trial_type":"external-html","trial_index":23,"time_elapsed":373509,"internal_node_id":"0.0-9.0-0.15"},{"rt":7011,"url":"../static/nodeGraphs.html","edge":"0to1","edgeRT":"6143","skip":"false","flipped":"False","index":"8","edgeClickLog":"[{\"edgeSelection\":\"0to1\",\"edgeRTMS\":6143}]","trial_id":"incong_8","congruency":"I","task":"experiment","subjectId":"v5mdu9dxlrg1ngp","trial_type":"external-html","trial_index":24,"time_elapsed":381091,"internal_node_id":"0.0-9.0-0.16"},{"rt":5619,"url":"../static/nodeGraphs.html","edge":"0to2","edgeRT":"4046","skip":"false","flipped":"True","index":"12","edgeClickLog":"[{\"edgeSelection\":\"0to2\",\"edgeRTMS\":4046}]","trial_id":"incong_2_flipped","congruency":"I","task":"experiment","subjectId":"v5mdu9dxlrg1ngp","trial_type":"external-html","trial_index":25,"time_elapsed":387291,"internal_node_id":"0.0-9.0-0.17"},{"rt":4832,"url":"../static/nodeGraphs.html","edge":"2to5","edgeRT":"3955","skip":"false","flipped":"False","index":"4","edgeClickLog":"[{\"edgeSelection\":\"2to5\",\"edgeRTMS\":3955}]","trial_id":"incong_4","congruency":"I","task":"experiment","subjectId":"v5mdu9dxlrg1ngp","trial_type":"external-html","trial_index":26,"time_elapsed":392699,"internal_node_id":"0.0-9.0-0.18"},{"rt":10787,"url":"../static/nodeGraphs.html","edge":"3to6","edgeRT":"9274","skip":"false","flipped":"False","index":"2","edgeClickLog":"[{\"edgeSelection\":\"0to2\",\"edgeRTMS\":4692},{\"edgeSelection\":\"3to6\",\"edgeRTMS\":9274}]","trial_id":"incong_2","congruency":"I","task":"experiment","subjectId":"v5mdu9dxlrg1ngp","trial_type":"external-html","trial_index":27,"time_elapsed":404058,"internal_node_id":"0.0-9.0-0.19"},{"rt":5525,"url":"../static/nodeGraphs.html","edge":"3to6","edgeRT":"1681","skip":"false","flipped":"False","index":"20","edgeClickLog":"[{\"edgeSelection\":\"3to6\",\"edgeRTMS\":1681}]","trial_id":"test_0","congruency":"I","task":"experiment","subjectId":"v5mdu9dxlrg1ngp","trial_type":"external-html","trial_index":28,"time_elapsed":410163,"internal_node_id":"0.0-9.0-0.20"},{"rt":3937,"url":"../static/nodeGraphs.html","edge":"4to7","edgeRT":"3269","skip":"false","flipped":"False","index":"21","edgeClickLog":"[{\"edgeSelection\":\"4to7\",\"edgeRTMS\":3269}]","trial_id":"test_1","congruency":"I","task":"experiment","subjectId":"v5mdu9dxlrg1ngp","trial_type":"external-html","trial_index":29,"time_elapsed":414677,"internal_node_id":"0.0-9.0-0.21"},{"rt":5814,"url":"../static/nodeGraphs.html","edge":"6to8","edgeRT":"5071","skip":"false","flipped":"False","index":"22","edgeClickLog":"[{\"edgeSelection\":\"6to8\",\"edgeRTMS\":5071}]","trial_id":"test_2","congruency":"I","task":"experiment","subjectId":"v5mdu9dxlrg1ngp","trial_type":"external-html","trial_index":30,"time_elapsed":421060,"internal_node_id":"0.0-9.0-0.22"},{"rt":3955,"url":"../static/nodeGraphs.html","edge":"5to9","edgeRT":"3287","skip":"false","flipped":"False","index":"23","edgeClickLog":"[{\"edgeSelection\":\"5to9\",\"edgeRTMS\":3287}]","trial_id":"test_3","congruency":"I","task":"experiment","subjectId":"v5mdu9dxlrg1ngp","trial_type":"external-html","trial_index":31,"time_elapsed":425601,"internal_node_id":"0.0-9.0-0.23"},{"rt":9305,"url":"../static/nodeGraphs.html","edge":"1to5","edgeRT":"8368","skip":"false","flipped":"False","index":"24","edgeClickLog":"[{\"edgeSelection\":\"1to5\",\"edgeRTMS\":8368}]","trial_id":"test_4","congruency":"I","task":"experiment","subjectId":"v5mdu9dxlrg1ngp","trial_type":"external-html","trial_index":32,"time_elapsed":435535,"internal_node_id":"0.0-9.0-0.24"},{"rt":52070,"response":{"P0_Q0":null,"P0_Q1":3,"P0_Q2":6,"P0_Q3":6,"P0_Q4":4,"P0_Q5":4,"strategies":"Choose a path that gives them a chance of going to a circle with higher points","feedback":""},"accuracy":[],"trial_type":"survey","trial_index":33,"time_elapsed":488154,"internal_node_id":"0.0-10.0"},{"rt":3417,"stimulus":"<p>Thanks for your time!</p>        <p>We need to manually calculate your bonus pay, please give us up to 7 days.</p><p>Press any key to conclude.</p>","response":"g","task":"end","subjectId":"v5mdu9dxlrg1ngp","trial_type":"html-keyboard-response","trial_index":34,"time_elapsed":491572,"internal_node_id":"0.0-11.0","interactions":"[{\"event\":\"fullscreenenter\",\"trial\":1,\"time\":1607},{\"event\":\"fullscreenexit\",\"trial\":2,\"time\":2738},{\"event\":\"blur\",\"trial\":3,\"time\":11242},{\"event\":\"focus\",\"trial\":3,\"time\":101422},{\"event\":\"blur\",\"trial\":4,\"time\":168785},{\"event\":\"focus\",\"trial\":4,\"time\":168785},{\"event\":\"blur\",\"trial\":6,\"time\":228333},{\"event\":\"focus\",\"trial\":6,\"time\":233699},{\"event\":\"blur\",\"trial\":6,\"time\":234517},{\"event\":\"focus\",\"trial\":6,\"time\":237202},{\"event\":\"blur\",\"trial\":33,\"time\":458085},{\"event\":\"focus\",\"trial\":33,\"time\":458821}]"}]