[{"success":true,"timeout":false,"failed_images":[],"failed_audio":[],"failed_video":[],"trial_type":"preload","trial_index":0,"time_elapsed":2102,"internal_node_id":"0.0-0.0"},{"success":true,"trial_type":"fullscreen","trial_index":1,"time_elapsed":8247,"internal_node_id":"0.0-1.0"},{"rt":1572,"stimulus":"Welcome to the experiment. Press any key to begin.","response":" ","trial_type":"html-keyboard-response","trial_index":2,"time_elapsed":9822,"internal_node_id":"0.0-2.0"},{"view_history":[{"page_index":0,"viewing_time":5445},{"page_index":1,"viewing_time":6798},{"page_index":2,"viewing_time":35162},{"page_index":3,"viewing_time":5076},{"page_index":4,"viewing_time":3170},{"page_index":5,"viewing_time":1393},{"page_index":6,"viewing_time":2995},{"page_index":7,"viewing_time":13244},{"page_index":8,"viewing_time":29401},{"page_index":9,"viewing_time":16918},{"page_index":10,"viewing_time":2891},{"page_index":11,"viewing_time":1340},{"page_index":12,"viewing_time":2638},{"page_index":13,"viewing_time":4995},{"page_index":14,"viewing_time":6518},{"page_index":15,"viewing_time":7794},{"page_index":16,"viewing_time":4336},{"page_index":17,"viewing_time":1369},{"page_index":18,"viewing_time":1171},{"page_index":19,"viewing_time":6417},{"page_index":20,"viewing_time":6204},{"page_index":21,"viewing_time":4022}],"rt":169297,"trial_type":"instructions","trial_index":3,"time_elapsed":179120,"internal_node_id":"0.0-3.0"},{"rt":89338,"url":"../static/nodeGraphsTraining.html","skip":[],"edgeClickLog":[],"trial_type":"external-html","trial_index":4,"time_elapsed":268550,"internal_node_id":"0.0-4.0"},{"rt":25028,"response":{"q1":"The goal is to help the student to get the most points","q2":"False","q3":"Possible paths you, as the teacher, can choose to teach the learner.","q4":"Paths that the student took before."},"question_order":[0,1,2,3],"trial_type":"survey-multi-choice","trial_index":5,"time_elapsed":293586,"internal_node_id":"0.0-5.0"},{"rt":3886,"stimulus":"<p>You can take a 60 second break before starting the experiment.</p><br><br><p>This page will advance in 60 seconds or you can press any key to advance now.</p>","response":"arrowright","trial_type":"html-keyboard-response","trial_index":6,"time_elapsed":297475,"internal_node_id":"0.0-7.0"},{"view_history":[{"page_index":0,"viewing_time":24018}],"rt":24019,"trial_type":"instructions","trial_index":7,"time_elapsed":321494,"internal_node_id":"0.0-8.0"},{"rt":14743,"url":"../static/nodeGraphs.html","edge":"0to1","edgeRT":"11379","skip":"false","flipped":"False","index":"8","edgeClickLog":"[{\"edgeSelection\":\"0to1\",\"edgeRTMS\":11379}]","trial_id":"incong_8","congruency":"I","task":"experiment","subjectId":"2xb0npb5a43rk2y","trial_type":"external-html","trial_index":8,"time_elapsed":336330,"internal_node_id":"0.0-9.0-0.0"},{"rt":9526,"url":"../static/nodeGraphs.html","edge":"0to2","edgeRT":"6346","skip":"false","flipped":"False","index":"3","edgeClickLog":"[{\"edgeSelection\":\"0to2\",\"edgeRTMS\":6346}]","trial_id":"incong_3","congruency":"I","task":"experiment","subjectId":"2xb0npb5a43rk2y","trial_type":"external-html","trial_index":9,"time_elapsed":346471,"internal_node_id":"0.0-9.0-0.1"},{"rt":9452,"url":"../static/nodeGraphs.html","edge":"0to3","edgeRT":"4432","skip":"false","flipped":"True","index":"18","edgeClickLog":"[{\"edgeSelection\":\"0to3\",\"edgeRTMS\":4432}]","trial_id":"incong_8_flipped","congruency":"I","task":"experiment","subjectId":"2xb0npb5a43rk2y","trial_type":"external-html","trial_index":10,"time_elapsed":356543,"internal_node_id":"0.0-9.0-0.2"},{"rt":9062,"url":"../static/nodeGraphs.html","edge":"1to5","edgeRT":"5799","skip":"false","flipped":"False","index":"9","edgeClickLog":"[{\"edgeSelection\":\"1to5\",\"edgeRTMS\":5799}]","trial_id":"incong_9","congruency":"I","task":"experiment","subjectId":"2xb0npb5a43rk2y","trial_type":"external-html","trial_index":11,"time_elapsed":366213,"internal_node_id":"0.0-9.0-0.3"},{"rt":13268,"url":"../static/nodeGraphs.html","edge":"0to2","edgeRT":"10360","skip":"false","flipped":"False","index":"6","edgeClickLog":"[{\"edgeSelection\":\"0to2\",\"edgeRTMS\":10360}]","trial_id":"incong_6","congruency":"I","task":"experiment","subjectId":"2xb0npb5a43rk2y","trial_type":"external-html","trial_index":12,"time_elapsed":380104,"internal_node_id":"0.0-9.0-0.4"},{"rt":8499,"url":"../static/nodeGraphs.html","edge":"0to1","edgeRT":"6089","skip":"false","flipped":"False","index":"4","edgeClickLog":"[{\"edgeSelection\":\"0to1\",\"edgeRTMS\":6089}]","trial_id":"incong_4","congruency":"I","task":"experiment","subjectId":"2xb0npb5a43rk2y","trial_type":"external-html","trial_index":13,"time_elapsed":389370,"internal_node_id":"0.0-9.0-0.5"},{"rt":18609,"url":"../static/nodeGraphs.html","edge":"6to8","edgeRT":"15253","skip":"false","flipped":"False","index":"0","edgeClickLog":"[{\"edgeSelection\":\"6to8\",\"edgeRTMS\":15253}]","trial_id":"incong_0","congruency":"I","task":"experiment","subjectId":"2xb0npb5a43rk2y","trial_type":"external-html","trial_index":14,"time_elapsed":408789,"internal_node_id":"0.0-9.0-0.6"},{"rt":8409,"url":"../static/nodeGraphs.html","edge":"0to2","edgeRT":"5156","skip":"false","flipped":"True","index":"13","edgeClickLog":"[{\"edgeSelection\":\"0to2\",\"edgeRTMS\":5156}]","trial_id":"incong_3_flipped","congruency":"I","task":"experiment","subjectId":"2xb0npb5a43rk2y","trial_type":"external-html","trial_index":15,"time_elapsed":417829,"internal_node_id":"0.0-9.0-0.7"},{"rt":9602,"url":"../static/nodeGraphs.html","edge":"0to1","edgeRT":"7424","skip":"false","flipped":"False","index":"2","edgeClickLog":"[{\"edgeSelection\":\"0to1\",\"edgeRTMS\":7424}]","trial_id":"incong_2","congruency":"I","task":"experiment","subjectId":"2xb0npb5a43rk2y","trial_type":"external-html","trial_index":16,"time_elapsed":428043,"internal_node_id":"0.0-9.0-0.8"},{"rt":13923,"url":"../static/nodeGraphs.html","edge":"1to4","edgeRT":"11096","skip":"false","flipped":"True","index":"15","edgeClickLog":"[{\"edgeSelection\":\"1to4\",\"edgeRTMS\":11096}]","trial_id":"incong_5_flipped","congruency":"I","task":"experiment","subjectId":"2xb0npb5a43rk2y","trial_type":"external-html","trial_index":17,"time_elapsed":442722,"internal_node_id":"0.0-9.0-0.9"},{"rt":9680,"url":"../static/nodeGraphs.html","edge":"0to3","edgeRT":"7479","skip":"false","flipped":"True","index":"14","edgeClickLog":"[{\"edgeSelection\":\"0to3\",\"edgeRTMS\":7479}]","trial_id":"incong_4_flipped","congruency":"I","task":"experiment","subjectId":"2xb0npb5a43rk2y","trial_type":"external-html","trial_index":18,"time_elapsed":453063,"internal_node_id":"0.0-9.0-0.10"},{"rt":13953,"url":"../static/nodeGraphs.html","edge":"0to2","edgeRT":"11111","skip":"false","flipped":"False","index":"5","edgeClickLog":"[{\"edgeSelection\":\"0to2\",\"edgeRTMS\":11111}]","trial_id":"incong_5","congruency":"I","task":"experiment","subjectId":"2xb0npb5a43rk2y","trial_type":"external-html","trial_index":19,"time_elapsed":467612,"internal_node_id":"0.0-9.0-0.11"},{"rt":16026,"url":"../static/nodeGraphs.html","edge":"0to3","edgeRT":"13129","skip":"false","flipped":"True","index":"11","edgeClickLog":"[{\"edgeSelection\":\"0to3\",\"edgeRTMS\":13129}]","trial_id":"incong_1_flipped","congruency":"I","task":"experiment","subjectId":"2xb0npb5a43rk2y","trial_type":"external-html","trial_index":20,"time_elapsed":484571,"internal_node_id":"0.0-9.0-0.12"},{"rt":8478,"url":"../static/nodeGraphs.html","edge":"0to3","edgeRT":"5270","skip":"false","flipped":"True","index":"16","edgeClickLog":"[{\"edgeSelection\":\"0to3\",\"edgeRTMS\":5270}]","trial_id":"incong_6_flipped","congruency":"I","task":"experiment","subjectId":"2xb0npb5a43rk2y","trial_type":"external-html","trial_index":21,"time_elapsed":493983,"internal_node_id":"0.0-9.0-0.13"},{"rt":10654,"url":"../static/nodeGraphs.html","edge":"5to8","edgeRT":"5416","skip":"false","flipped":"False","index":"7","edgeClickLog":"[{\"edgeSelection\":\"5to8\",\"edgeRTMS\":5416}]","trial_id":"incong_7","congruency":"I","task":"experiment","subjectId":"2xb0npb5a43rk2y","trial_type":"external-html","trial_index":22,"time_elapsed":505238,"internal_node_id":"0.0-9.0-0.14"},{"rt":11637,"url":"../static/nodeGraphs.html","edge":"0to2","edgeRT":"8154","skip":"false","flipped":"True","index":"12","edgeClickLog":"[{\"edgeSelection\":\"0to2\",\"edgeRTMS\":8154}]","trial_id":"incong_2_flipped","congruency":"I","task":"experiment","subjectId":"2xb0npb5a43rk2y","trial_type":"external-html","trial_index":23,"time_elapsed":517557,"internal_node_id":"0.0-9.0-0.15"},{"rt":10622,"url":"../static/nodeGraphs.html","edge":"0to2","edgeRT":"6652","skip":"false","flipped":"True","index":"17","edgeClickLog":"[{\"edgeSelection\":\"0to2\",\"edgeRTMS\":6652}]","trial_id":"incong_7_flipped","congruency":"I","task":"experiment","subjectId":"2xb0npb5a43rk2y","trial_type":"external-html","trial_index":24,"time_elapsed":528794,"internal_node_id":"0.0-9.0-0.16"},{"rt":9319,"url":"../static/nodeGraphs.html","edge":"6to9","edgeRT":"6337","skip":"false","flipped":"False","index":"1","edgeClickLog":"[{\"edgeSelection\":\"6to9\",\"edgeRTMS\":6337}]","trial_id":"incong_1","congruency":"I","task":"experiment","subjectId":"2xb0npb5a43rk2y","trial_type":"external-html","trial_index":25,"time_elapsed":538872,"internal_node_id":"0.0-9.0-0.17"},{"rt":16176,"url":"../static/nodeGraphs.html","edge":"0to3","edgeRT":"13919","skip":"false","flipped":"True","index":"10","edgeClickLog":"[{\"edgeSelection\":\"0to3\",\"edgeRTMS\":13919}]","trial_id":"incong_0_flipped","congruency":"I","task":"experiment","subjectId":"2xb0npb5a43rk2y","trial_type":"external-html","trial_index":26,"time_elapsed":555639,"internal_node_id":"0.0-9.0-0.18"},{"rt":8212,"url":"../static/nodeGraphs.html","edge":"3to5","edgeRT":"5745","skip":"false","flipped":"True","index":"19","edgeClickLog":"[{\"edgeSelection\":\"3to5\",\"edgeRTMS\":5745}]","trial_id":"incong_9_flipped","congruency":"I","task":"experiment","subjectId":"2xb0npb5a43rk2y","trial_type":"external-html","trial_index":27,"time_elapsed":564490,"internal_node_id":"0.0-9.0-0.19"},{"rt":14616,"url":"../static/nodeGraphs.html","edge":"3to6","edgeRT":"10470","skip":"false","flipped":"False","index":"20","edgeClickLog":"[{\"edgeSelection\":\"3to6\",\"edgeRTMS\":10470}]","trial_id":"test_0","congruency":"I","task":"experiment","subjectId":"2xb0npb5a43rk2y","trial_type":"external-html","trial_index":28,"time_elapsed":579701,"internal_node_id":"0.0-9.0-0.20"},{"rt":12396,"url":"../static/nodeGraphs.html","edge":"0to3","edgeRT":"9778","skip":"false","flipped":"False","index":"21","edgeClickLog":"[{\"edgeSelection\":\"0to3\",\"edgeRTMS\":9778}]","trial_id":"test_1","congruency":"I","task":"experiment","subjectId":"2xb0npb5a43rk2y","trial_type":"external-html","trial_index":29,"time_elapsed":592690,"internal_node_id":"0.0-9.0-0.21"},{"rt":10157,"url":"../static/nodeGraphs.html","edge":"6to8","edgeRT":"7619","skip":"false","flipped":"False","index":"22","edgeClickLog":"[{\"edgeSelection\":\"6to8\",\"edgeRTMS\":7619}]","trial_id":"test_2","congruency":"I","task":"experiment","subjectId":"2xb0npb5a43rk2y","trial_type":"external-html","trial_index":30,"time_elapsed":607386,"internal_node_id":"0.0-9.0-0.22"},{"rt":16691,"url":"../static/nodeGraphs.html","edge":"5to9","edgeRT":"14867","skip":"false","flipped":"False","index":"23","edgeClickLog":"[{\"edgeSelection\":\"5to9\",\"edgeRTMS\":14867}]","trial_id":"test_3","congruency":"I","task":"experiment","subjectId":"2xb0npb5a43rk2y","trial_type":"external-html","trial_index":31,"time_elapsed":624718,"internal_node_id":"0.0-9.0-0.23"},{"rt":16179,"url":"../static/nodeGraphs.html","edge":"0to3","edgeRT":"13885","skip":"false","flipped":"False","index":"24","edgeClickLog":"[{\"edgeSelection\":\"0to3\",\"edgeRTMS\":13885}]","trial_id":"test_4","congruency":"I","task":"experiment","subjectId":"2xb0npb5a43rk2y","trial_type":"external-html","trial_index":32,"time_elapsed":641490,"internal_node_id":"0.0-9.0-0.24"},{"rt":49962,"response":{"P0_Q0":null,"P0_Q1":2,"P0_Q2":7,"P0_Q3":6,"P0_Q4":2,"P0_Q5":1,"strategies":"try to find an \"intersection\" where if the student chose a different direction, that they would definitely increase in points","feedback":""},"accuracy":[],"trial_type":"survey","trial_index":33,"time_elapsed":692080,"internal_node_id":"0.0-10.0"},{"rt":3191,"stimulus":"<p>Thanks for your time!</p>        <p>We need to manually calculate your bonus pay, please give us up to 7 days.</p><p>Press any key to conclude.</p>","response":" ","task":"end","subjectId":"2xb0npb5a43rk2y","trial_type":"html-keyboard-response","trial_index":34,"time_elapsed":695276,"internal_node_id":"0.0-11.0","interactions":"[{\"event\":\"fullscreenenter\",\"trial\":1,\"time\":7291}]"}]