[{"success":true,"timeout":false,"failed_images":[],"failed_audio":[],"failed_video":[],"trial_type":"preload","trial_index":0,"time_elapsed":812,"internal_node_id":"0.0-0.0"},{"success":true,"trial_type":"fullscreen","trial_index":1,"time_elapsed":5344,"internal_node_id":"0.0-1.0"},{"rt":2901,"stimulus":"Welcome to the experiment. Press any key to begin.","response":" ","trial_type":"html-keyboard-response","trial_index":2,"time_elapsed":8246,"internal_node_id":"0.0-2.0"},{"view_history":[{"page_index":0,"viewing_time":4715},{"page_index":1,"viewing_time":3529},{"page_index":2,"viewing_time":55103},{"page_index":3,"viewing_time":13409},{"page_index":4,"viewing_time":1839},{"page_index":5,"viewing_time":753},{"page_index":6,"viewing_time":1863},{"page_index":7,"viewing_time":7474},{"page_index":8,"viewing_time":14446},{"page_index":9,"viewing_time":11256},{"page_index":10,"viewing_time":1704},{"page_index":11,"viewing_time":816},{"page_index":12,"viewing_time":687},{"page_index":13,"viewing_time":1783},{"page_index":14,"viewing_time":3634},{"page_index":15,"viewing_time":4231},{"page_index":16,"viewing_time":1736},{"page_index":17,"viewing_time":1440},{"page_index":18,"viewing_time":2208},{"page_index":19,"viewing_time":6296},{"page_index":20,"viewing_time":4032},{"page_index":21,"viewing_time":2928}],"rt":145885,"trial_type":"instructions","trial_index":3,"time_elapsed":154132,"internal_node_id":"0.0-3.0"},{"rt":38188,"url":"../static/nodeGraphsTraining.html","skip":[],"edgeClickLog":[],"trial_type":"external-html","trial_index":4,"time_elapsed":192549,"internal_node_id":"0.0-4.0"},{"rt":22121,"response":{"q1":"The goal is to help the student to get the most points","q2":"False","q3":"Possible paths you, as the teacher, can choose to teach the learner.","q4":"Paths that the student took before."},"question_order":[0,1,2,3],"trial_type":"survey-multi-choice","trial_index":5,"time_elapsed":214678,"internal_node_id":"0.0-5.0"},{"rt":6143,"stimulus":"<p>You can take a 60 second break before starting the experiment.</p><br><br><p>This page will advance in 60 seconds or you can press any key to advance now.</p>","response":" ","trial_type":"html-keyboard-response","trial_index":6,"time_elapsed":220828,"internal_node_id":"0.0-7.0"},{"view_history":[{"page_index":0,"viewing_time":14319}],"rt":14320,"trial_type":"instructions","trial_index":7,"time_elapsed":235150,"internal_node_id":"0.0-8.0"},{"rt":7676,"url":"../static/nodeGraphs.html","edge":"2to5","edgeRT":"6602","skip":"false","flipped":"False","index":"9","edgeClickLog":"[{\"edgeSelection\":\"2to5\",\"edgeRTMS\":6602}]","trial_id":"cong_9","congruency":"C","task":"experiment","subjectId":"axk5496g00crr64","trial_type":"external-html","trial_index":8,"time_elapsed":243070,"internal_node_id":"0.0-9.0-0.0"},{"rt":7501,"url":"../static/nodeGraphs.html","edge":"3to6","edgeRT":"6411","skip":"false","flipped":"True","index":"18","edgeClickLog":"[{\"edgeSelection\":\"3to6\",\"edgeRTMS\":5184},{\"edgeSelection\":\"3to6\",\"edgeRTMS\":6411}]","trial_id":"cong_8_flipped","congruency":"C","task":"experiment","subjectId":"axk5496g00crr64","trial_type":"external-html","trial_index":9,"time_elapsed":251268,"internal_node_id":"0.0-9.0-0.1"},{"rt":12786,"url":"../static/nodeGraphs.html","edge":"2to5","edgeRT":"10986","skip":"false","flipped":"True","index":"12","edgeClickLog":"[{\"edgeSelection\":\"2to5\",\"edgeRTMS\":10986}]","trial_id":"cong_2_flipped","congruency":"C","task":"experiment","subjectId":"axk5496g00crr64","trial_type":"external-html","trial_index":10,"time_elapsed":264749,"internal_node_id":"0.0-9.0-0.2"},{"rt":8028,"url":"../static/nodeGraphs.html","edge":"2to4","edgeRT":"6435","skip":"false","flipped":"False","index":"4","edgeClickLog":"[{\"edgeSelection\":\"2to4\",\"edgeRTMS\":4660},{\"edgeSelection\":\"2to4\",\"edgeRTMS\":6435}]","trial_id":"cong_4","congruency":"C","task":"experiment","subjectId":"axk5496g00crr64","trial_type":"external-html","trial_index":11,"time_elapsed":273461,"internal_node_id":"0.0-9.0-0.3"},{"rt":3303,"url":"../static/nodeGraphs.html","edge":"2to5","edgeRT":"1833","skip":"false","flipped":"False","index":"6","edgeClickLog":"[{\"edgeSelection\":\"2to5\",\"edgeRTMS\":1833}]","trial_id":"cong_6","congruency":"C","task":"experiment","subjectId":"axk5496g00crr64","trial_type":"external-html","trial_index":12,"time_elapsed":277461,"internal_node_id":"0.0-9.0-0.4"},{"rt":3644,"url":"../static/nodeGraphs.html","edge":"2to6","edgeRT":"2599","skip":"false","flipped":"True","index":"14","edgeClickLog":"[{\"edgeSelection\":\"2to6\",\"edgeRTMS\":2599}]","trial_id":"cong_4_flipped","congruency":"C","task":"experiment","subjectId":"axk5496g00crr64","trial_type":"external-html","trial_index":13,"time_elapsed":281754,"internal_node_id":"0.0-9.0-0.5"},{"rt":2626,"url":"../static/nodeGraphs.html","edge":"2to5","edgeRT":"1618","skip":"false","flipped":"True","index":"19","edgeClickLog":"[{\"edgeSelection\":\"2to5\",\"edgeRTMS\":1618}]","trial_id":"cong_9_flipped","congruency":"C","task":"experiment","subjectId":"axk5496g00crr64","trial_type":"external-html","trial_index":14,"time_elapsed":285077,"internal_node_id":"0.0-9.0-0.6"},{"rt":9345,"url":"../static/nodeGraphs.html","edge":"0to2","edgeRT":"7765","skip":"false","flipped":"False","index":"7","edgeClickLog":"[{\"edgeSelection\":\"0to2\",\"edgeRTMS\":7765}]","trial_id":"cong_7","congruency":"C","task":"experiment","subjectId":"axk5496g00crr64","trial_type":"external-html","trial_index":15,"time_elapsed":295062,"internal_node_id":"0.0-9.0-0.7"},{"rt":4471,"url":"../static/nodeGraphs.html","edge":"3to5","edgeRT":"2923","skip":"false","flipped":"False","index":"3","edgeClickLog":"[{\"edgeSelection\":\"3to5\",\"edgeRTMS\":2923}]","trial_id":"cong_3","congruency":"C","task":"experiment","subjectId":"axk5496g00crr64","trial_type":"external-html","trial_index":16,"time_elapsed":300235,"internal_node_id":"0.0-9.0-0.8"},{"rt":8878,"url":"../static/nodeGraphs.html","edge":"2to6","edgeRT":"7695","skip":"false","flipped":"False","index":"2","edgeClickLog":"[{\"edgeSelection\":\"2to6\",\"edgeRTMS\":7695}]","trial_id":"cong_2","congruency":"C","task":"experiment","subjectId":"axk5496g00crr64","trial_type":"external-html","trial_index":17,"time_elapsed":309893,"internal_node_id":"0.0-9.0-0.9"},{"rt":3065,"url":"../static/nodeGraphs.html","edge":"2to6","edgeRT":"2040","skip":"false","flipped":"False","index":"1","edgeClickLog":"[{\"edgeSelection\":\"2to6\",\"edgeRTMS\":2040}]","trial_id":"cong_1","congruency":"C","task":"experiment","subjectId":"axk5496g00crr64","trial_type":"external-html","trial_index":18,"time_elapsed":313636,"internal_node_id":"0.0-9.0-0.10"},{"rt":2709,"url":"../static/nodeGraphs.html","edge":"2to4","edgeRT":"1350","skip":"false","flipped":"True","index":"11","edgeClickLog":"[{\"edgeSelection\":\"2to4\",\"edgeRTMS\":1350}]","trial_id":"cong_1_flipped","congruency":"C","task":"experiment","subjectId":"axk5496g00crr64","trial_type":"external-html","trial_index":19,"time_elapsed":317035,"internal_node_id":"0.0-9.0-0.11"},{"rt":2882,"url":"../static/nodeGraphs.html","edge":"3to6","edgeRT":"1899","skip":"false","flipped":"True","index":"10","edgeClickLog":"[{\"edgeSelection\":\"3to6\",\"edgeRTMS\":1899}]","trial_id":"cong_0_flipped","congruency":"C","task":"experiment","subjectId":"axk5496g00crr64","trial_type":"external-html","trial_index":20,"time_elapsed":320586,"internal_node_id":"0.0-9.0-0.12"},{"rt":3916,"url":"../static/nodeGraphs.html","edge":"1to5","edgeRT":"2850","skip":"false","flipped":"True","index":"13","edgeClickLog":"[{\"edgeSelection\":\"1to5\",\"edgeRTMS\":2850}]","trial_id":"cong_3_flipped","congruency":"C","task":"experiment","subjectId":"axk5496g00crr64","trial_type":"external-html","trial_index":21,"time_elapsed":325165,"internal_node_id":"0.0-9.0-0.13"},{"rt":2433,"url":"../static/nodeGraphs.html","edge":"2to5","edgeRT":"1451","skip":"false","flipped":"True","index":"16","edgeClickLog":"[{\"edgeSelection\":\"2to5\",\"edgeRTMS\":1451}]","trial_id":"cong_6_flipped","congruency":"C","task":"experiment","subjectId":"axk5496g00crr64","trial_type":"external-html","trial_index":22,"time_elapsed":328285,"internal_node_id":"0.0-9.0-0.14"},{"rt":6330,"url":"../static/nodeGraphs.html","edge":"1to4","edgeRT":"5058","skip":"false","flipped":"False","index":"8","edgeClickLog":"[{\"edgeSelection\":\"1to4\",\"edgeRTMS\":4509},{\"edgeSelection\":\"1to4\",\"edgeRTMS\":5058}]","trial_id":"cong_8","congruency":"C","task":"experiment","subjectId":"axk5496g00crr64","trial_type":"external-html","trial_index":23,"time_elapsed":335308,"internal_node_id":"0.0-9.0-0.15"},{"rt":8869,"url":"../static/nodeGraphs.html","edge":"0to2","edgeRT":"6456","skip":"false","flipped":"True","index":"17","edgeClickLog":"[{\"edgeSelection\":\"0to2\",\"edgeRTMS\":6456}]","trial_id":"cong_7_flipped","congruency":"C","task":"experiment","subjectId":"axk5496g00crr64","trial_type":"external-html","trial_index":24,"time_elapsed":344883,"internal_node_id":"0.0-9.0-0.16"},{"rt":3843,"url":"../static/nodeGraphs.html","edge":"0to1","edgeRT":"2647","skip":"false","flipped":"False","index":"5","edgeClickLog":"[{\"edgeSelection\":\"0to1\",\"edgeRTMS\":2647}]","trial_id":"cong_5","congruency":"C","task":"experiment","subjectId":"axk5496g00crr64","trial_type":"external-html","trial_index":25,"time_elapsed":349474,"internal_node_id":"0.0-9.0-0.17"},{"rt":3722,"url":"../static/nodeGraphs.html","edge":"0to3","edgeRT":"2702","skip":"false","flipped":"True","index":"15","edgeClickLog":"[{\"edgeSelection\":\"0to3\",\"edgeRTMS\":2702}]","trial_id":"cong_5_flipped","congruency":"C","task":"experiment","subjectId":"axk5496g00crr64","trial_type":"external-html","trial_index":26,"time_elapsed":353876,"internal_node_id":"0.0-9.0-0.18"},{"rt":4339,"url":"../static/nodeGraphs.html","edge":"1to4","edgeRT":"3256","skip":"false","flipped":"False","index":"0","edgeClickLog":"[{\"edgeSelection\":\"1to4\",\"edgeRTMS\":2323},{\"edgeSelection\":\"1to4\",\"edgeRTMS\":3256}]","trial_id":"cong_0","congruency":"C","task":"experiment","subjectId":"axk5496g00crr64","trial_type":"external-html","trial_index":27,"time_elapsed":358860,"internal_node_id":"0.0-9.0-0.19"},{"rt":3125,"url":"../static/nodeGraphs.html","edge":"3to6","edgeRT":"2091","skip":"false","flipped":"False","index":"20","edgeClickLog":"[{\"edgeSelection\":\"3to6\",\"edgeRTMS\":2091}]","trial_id":"test_0","congruency":"I","task":"experiment","subjectId":"axk5496g00crr64","trial_type":"external-html","trial_index":28,"time_elapsed":362635,"internal_node_id":"0.0-9.0-0.20"},{"rt":2772,"url":"../static/nodeGraphs.html","edge":"0to3","edgeRT":"1571","skip":"false","flipped":"False","index":"21","edgeClickLog":"[{\"edgeSelection\":\"0to3\",\"edgeRTMS\":1571}]","trial_id":"test_1","congruency":"I","task":"experiment","subjectId":"axk5496g00crr64","trial_type":"external-html","trial_index":29,"time_elapsed":366100,"internal_node_id":"0.0-9.0-0.21"},{"rt":3429,"url":"../static/nodeGraphs.html","edge":"0to3","edgeRT":"2377","skip":"false","flipped":"False","index":"22","edgeClickLog":"[{\"edgeSelection\":\"0to3\",\"edgeRTMS\":1550},{\"edgeSelection\":\"0to3\",\"edgeRTMS\":2377}]","trial_id":"test_2","congruency":"I","task":"experiment","subjectId":"axk5496g00crr64","trial_type":"external-html","trial_index":30,"time_elapsed":370172,"internal_node_id":"0.0-9.0-0.22"},{"rt":2842,"url":"../static/nodeGraphs.html","edge":"0to1","edgeRT":"1619","skip":"false","flipped":"False","index":"23","edgeClickLog":"[{\"edgeSelection\":\"0to1\",\"edgeRTMS\":1619}]","trial_id":"test_3","congruency":"I","task":"experiment","subjectId":"axk5496g00crr64","trial_type":"external-html","trial_index":31,"time_elapsed":373668,"internal_node_id":"0.0-9.0-0.23"},{"rt":7510,"url":"../static/nodeGraphs.html","edge":"1to5","edgeRT":"6261","skip":"false","flipped":"False","index":"24","edgeClickLog":"[{\"edgeSelection\":\"1to5\",\"edgeRTMS\":3461},{\"edgeSelection\":\"1to5\",\"edgeRTMS\":4438},{\"edgeSelection\":\"1to5\",\"edgeRTMS\":5387},{\"edgeSelection\":\"1to5\",\"edgeRTMS\":6261}]","trial_id":"test_4","congruency":"I","task":"experiment","subjectId":"axk5496g00crr64","trial_type":"external-html","trial_index":32,"time_elapsed":381813,"internal_node_id":"0.0-9.0-0.24"},{"rt":27968,"response":{"P0_Q0":null,"P0_Q1":1,"P0_Q2":7,"P0_Q3":7,"P0_Q4":2,"P0_Q5":2,"strategies":"ensuring that the total points would be higher","feedback":"no"},"accuracy":[],"trial_type":"survey","trial_index":33,"time_elapsed":410380,"internal_node_id":"0.0-10.0"},{"rt":3656,"stimulus":"<p>Thanks for your time!</p>        <p>We need to manually calculate your bonus pay, please give us up to 7 days.</p><p>Press any key to conclude.</p>","response":" ","task":"end","subjectId":"axk5496g00crr64","trial_type":"html-keyboard-response","trial_index":34,"time_elapsed":414038,"internal_node_id":"0.0-11.0","interactions":"[{\"event\":\"fullscreenenter\",\"trial\":1,\"time\":4377}]"}]