[{"success":true,"timeout":false,"failed_images":[],"failed_audio":[],"failed_video":[],"trial_type":"preload","trial_index":0,"time_elapsed":459,"internal_node_id":"0.0-0.0"},{"success":true,"trial_type":"fullscreen","trial_index":1,"time_elapsed":3677,"internal_node_id":"0.0-1.0"},{"rt":1645,"stimulus":"Welcome to the experiment. Press any key to begin.","response":" ","trial_type":"html-keyboard-response","trial_index":2,"time_elapsed":5325,"internal_node_id":"0.0-2.0"},{"view_history":[{"page_index":0,"viewing_time":3880},{"page_index":1,"viewing_time":3245},{"page_index":2,"viewing_time":25709},{"page_index":3,"viewing_time":5039},{"page_index":4,"viewing_time":2115},{"page_index":5,"viewing_time":691},{"page_index":6,"viewing_time":3000},{"page_index":7,"viewing_time":12253},{"page_index":8,"viewing_time":12084},{"page_index":9,"viewing_time":15294},{"page_index":10,"viewing_time":1367},{"page_index":11,"viewing_time":754},{"page_index":12,"viewing_time":746},{"page_index":13,"viewing_time":1591},{"page_index":14,"viewing_time":3573},{"page_index":15,"viewing_time":4886},{"page_index":16,"viewing_time":2125},{"page_index":17,"viewing_time":707},{"page_index":18,"viewing_time":722},{"page_index":19,"viewing_time":6806},{"page_index":20,"viewing_time":3621},{"page_index":21,"viewing_time":3899}],"rt":114107,"trial_type":"instructions","trial_index":3,"time_elapsed":119434,"internal_node_id":"0.0-3.0"},{"rt":62254,"url":"../static/nodeGraphsTraining.html","skip":[],"edgeClickLog":[],"trial_type":"external-html","trial_index":4,"time_elapsed":181775,"internal_node_id":"0.0-4.0"},{"rt":41242,"response":{"q1":"The goal is to help the student to get the most points","q2":"False","q3":"Possible paths you, as the teacher, can choose to teach the learner.","q4":"Paths that the student took before."},"question_order":[0,1,2,3],"trial_type":"survey-multi-choice","trial_index":5,"time_elapsed":223026,"internal_node_id":"0.0-5.0"},{"rt":2213,"stimulus":"<p>You can take a 60 second break before starting the experiment.</p><br><br><p>This page will advance in 60 seconds or you can press any key to advance now.</p>","response":" ","trial_type":"html-keyboard-response","trial_index":6,"time_elapsed":225246,"internal_node_id":"0.0-7.0"},{"view_history":[{"page_index":0,"viewing_time":18319}],"rt":18320,"trial_type":"instructions","trial_index":7,"time_elapsed":243567,"internal_node_id":"0.0-8.0"},{"rt":11574,"url":"../static/nodeGraphs.html","edge":"2to4","edgeRT":"7628","skip":"false","flipped":"False","index":"4","edgeClickLog":"[{\"edgeSelection\":\"2to4\",\"edgeRTMS\":7628}]","trial_id":"cong_4","congruency":"C","task":"experiment","subjectId":"dennqrk5cn1blmq","trial_type":"external-html","trial_index":8,"time_elapsed":255230,"internal_node_id":"0.0-9.0-0.0"},{"rt":12711,"url":"../static/nodeGraphs.html","edge":"5to7","edgeRT":"11408","skip":"false","flipped":"True","index":"13","edgeClickLog":"[{\"edgeSelection\":\"5to7\",\"edgeRTMS\":11408}]","trial_id":"cong_3_flipped","congruency":"C","task":"experiment","subjectId":"dennqrk5cn1blmq","trial_type":"external-html","trial_index":9,"time_elapsed":268531,"internal_node_id":"0.0-9.0-0.1"},{"rt":9594,"url":"../static/nodeGraphs.html","edge":"1to4","edgeRT":"8483","skip":"false","flipped":"False","index":"0","edgeClickLog":"[{\"edgeSelection\":\"1to4\",\"edgeRTMS\":4409},{\"edgeSelection\":\"4to7\",\"edgeRTMS\":7585},{\"edgeSelection\":\"1to4\",\"edgeRTMS\":8483}]","trial_id":"cong_0","congruency":"C","task":"experiment","subjectId":"dennqrk5cn1blmq","trial_type":"external-html","trial_index":10,"time_elapsed":278714,"internal_node_id":"0.0-9.0-0.2"},{"rt":8857,"url":"../static/nodeGraphs.html","edge":"2to5","edgeRT":"7544","skip":"false","flipped":"True","index":"16","edgeClickLog":"[{\"edgeSelection\":\"2to5\",\"edgeRTMS\":7544}]","trial_id":"cong_6_flipped","congruency":"C","task":"experiment","subjectId":"dennqrk5cn1blmq","trial_type":"external-html","trial_index":11,"time_elapsed":288169,"internal_node_id":"0.0-9.0-0.3"},{"rt":4729,"url":"../static/nodeGraphs.html","edge":"2to5","edgeRT":"2552","skip":"false","flipped":"False","index":"9","edgeClickLog":"[{\"edgeSelection\":\"2to5\",\"edgeRTMS\":2552}]","trial_id":"cong_9","congruency":"C","task":"experiment","subjectId":"dennqrk5cn1blmq","trial_type":"external-html","trial_index":12,"time_elapsed":293489,"internal_node_id":"0.0-9.0-0.4"},{"rt":7332,"url":"../static/nodeGraphs.html","edge":"1to4","edgeRT":"5591","skip":"false","flipped":"False","index":"8","edgeClickLog":"[{\"edgeSelection\":\"1to4\",\"edgeRTMS\":5591}]","trial_id":"cong_8","congruency":"C","task":"experiment","subjectId":"dennqrk5cn1blmq","trial_type":"external-html","trial_index":13,"time_elapsed":301415,"internal_node_id":"0.0-9.0-0.5"},{"rt":6052,"url":"../static/nodeGraphs.html","edge":"3to6","edgeRT":"4137","skip":"false","flipped":"True","index":"18","edgeClickLog":"[{\"edgeSelection\":\"3to6\",\"edgeRTMS\":4137}]","trial_id":"cong_8_flipped","congruency":"C","task":"experiment","subjectId":"dennqrk5cn1blmq","trial_type":"external-html","trial_index":14,"time_elapsed":308058,"internal_node_id":"0.0-9.0-0.6"},{"rt":5663,"url":"../static/nodeGraphs.html","edge":"2to4","edgeRT":"4108","skip":"false","flipped":"True","index":"11","edgeClickLog":"[{\"edgeSelection\":\"2to4\",\"edgeRTMS\":4108}]","trial_id":"cong_1_flipped","congruency":"C","task":"experiment","subjectId":"dennqrk5cn1blmq","trial_type":"external-html","trial_index":15,"time_elapsed":314305,"internal_node_id":"0.0-9.0-0.7"},{"rt":4363,"url":"../static/nodeGraphs.html","edge":"2to6","edgeRT":"2857","skip":"false","flipped":"False","index":"1","edgeClickLog":"[{\"edgeSelection\":\"2to6\",\"edgeRTMS\":2857}]","trial_id":"cong_1","congruency":"C","task":"experiment","subjectId":"dennqrk5cn1blmq","trial_type":"external-html","trial_index":16,"time_elapsed":319260,"internal_node_id":"0.0-9.0-0.8"},{"rt":4617,"url":"../static/nodeGraphs.html","edge":"5to7","edgeRT":"3258","skip":"false","flipped":"True","index":"12","edgeClickLog":"[{\"edgeSelection\":\"5to7\",\"edgeRTMS\":3258}]","trial_id":"cong_2_flipped","congruency":"C","task":"experiment","subjectId":"dennqrk5cn1blmq","trial_type":"external-html","trial_index":17,"time_elapsed":324466,"internal_node_id":"0.0-9.0-0.9"},{"rt":4143,"url":"../static/nodeGraphs.html","edge":"2to4","edgeRT":"2038","skip":"false","flipped":"False","index":"7","edgeClickLog":"[{\"edgeSelection\":\"2to4\",\"edgeRTMS\":2038}]","trial_id":"cong_7","congruency":"C","task":"experiment","subjectId":"dennqrk5cn1blmq","trial_type":"external-html","trial_index":18,"time_elapsed":329192,"internal_node_id":"0.0-9.0-0.10"},{"rt":25412,"url":"../static/nodeGraphs.html","edge":"5to9","edgeRT":"21411","skip":"false","flipped":"False","index":"3","edgeClickLog":"[{\"edgeSelection\":\"3to5\",\"edgeRTMS\":5177},{\"edgeSelection\":\"3to5\",\"edgeRTMS\":6849},{\"edgeSelection\":\"3to5\",\"edgeRTMS\":8143},{\"edgeSelection\":\"3to5\",\"edgeRTMS\":9095},{\"edgeSelection\":\"3to5\",\"edgeRTMS\":9740},{\"edgeSelection\":\"3to5\",\"edgeRTMS\":11593},{\"edgeSelection\":\"5to9\",\"edgeRTMS\":21411}]","trial_id":"cong_3","congruency":"C","task":"experiment","subjectId":"dennqrk5cn1blmq","trial_type":"external-html","trial_index":19,"time_elapsed":355191,"internal_node_id":"0.0-9.0-0.11"},{"rt":6450,"url":"../static/nodeGraphs.html","edge":"1to4","edgeRT":"3493","skip":"false","flipped":"False","index":"5","edgeClickLog":"[{\"edgeSelection\":\"1to4\",\"edgeRTMS\":3493}]","trial_id":"cong_5","congruency":"C","task":"experiment","subjectId":"dennqrk5cn1blmq","trial_type":"external-html","trial_index":20,"time_elapsed":362250,"internal_node_id":"0.0-9.0-0.12"},{"rt":13022,"url":"../static/nodeGraphs.html","edge":"5to7","edgeRT":"5187","skip":"false","flipped":"False","index":"6","edgeClickLog":"[{\"edgeSelection\":\"5to7\",\"edgeRTMS\":5187}]","trial_id":"cong_6","congruency":"C","task":"experiment","subjectId":"dennqrk5cn1blmq","trial_type":"external-html","trial_index":21,"time_elapsed":375856,"internal_node_id":"0.0-9.0-0.13"},{"rt":10430,"url":"../static/nodeGraphs.html","edge":"3to6","edgeRT":"8215","skip":"false","flipped":"True","index":"10","edgeClickLog":"[{\"edgeSelection\":\"3to6\",\"edgeRTMS\":5417},{\"edgeSelection\":\"3to6\",\"edgeRTMS\":7024},{\"edgeSelection\":\"3to6\",\"edgeRTMS\":7625},{\"edgeSelection\":\"3to6\",\"edgeRTMS\":8215}]","trial_id":"cong_0_flipped","congruency":"C","task":"experiment","subjectId":"dennqrk5cn1blmq","trial_type":"external-html","trial_index":22,"time_elapsed":386867,"internal_node_id":"0.0-9.0-0.14"},{"rt":7588,"url":"../static/nodeGraphs.html","edge":"2to6","edgeRT":"3690","skip":"false","flipped":"True","index":"14","edgeClickLog":"[{\"edgeSelection\":\"2to6\",\"edgeRTMS\":3690}]","trial_id":"cong_4_flipped","congruency":"C","task":"experiment","subjectId":"dennqrk5cn1blmq","trial_type":"external-html","trial_index":23,"time_elapsed":395047,"internal_node_id":"0.0-9.0-0.15"},{"rt":4029,"url":"../static/nodeGraphs.html","edge":"2to5","edgeRT":"2371","skip":"false","flipped":"True","index":"19","edgeClickLog":"[{\"edgeSelection\":\"2to5\",\"edgeRTMS\":2371}]","trial_id":"cong_9_flipped","congruency":"C","task":"experiment","subjectId":"dennqrk5cn1blmq","trial_type":"external-html","trial_index":24,"time_elapsed":399661,"internal_node_id":"0.0-9.0-0.16"},{"rt":8755,"url":"../static/nodeGraphs.html","edge":"2to6","edgeRT":"6638","skip":"false","flipped":"True","index":"17","edgeClickLog":"[{\"edgeSelection\":\"2to6\",\"edgeRTMS\":6638}]","trial_id":"cong_7_flipped","congruency":"C","task":"experiment","subjectId":"dennqrk5cn1blmq","trial_type":"external-html","trial_index":25,"time_elapsed":409015,"internal_node_id":"0.0-9.0-0.17"},{"rt":14971,"url":"../static/nodeGraphs.html","edge":"6to9","edgeRT":"8222","skip":"false","flipped":"False","index":"2","edgeClickLog":"[{\"edgeSelection\":\"6to9\",\"edgeRTMS\":8222}]","trial_id":"cong_2","congruency":"C","task":"experiment","subjectId":"dennqrk5cn1blmq","trial_type":"external-html","trial_index":26,"time_elapsed":424574,"internal_node_id":"0.0-9.0-0.18"},{"rt":16458,"url":"../static/nodeGraphs.html","edge":"3to6","edgeRT":"9410","skip":"false","flipped":"True","index":"15","edgeClickLog":"[{\"edgeSelection\":\"6to9\",\"edgeRTMS\":5896},{\"edgeSelection\":\"6to9\",\"edgeRTMS\":7912},{\"edgeSelection\":\"3to6\",\"edgeRTMS\":8857},{\"edgeSelection\":\"3to6\",\"edgeRTMS\":9410}]","trial_id":"cong_5_flipped","congruency":"C","task":"experiment","subjectId":"dennqrk5cn1blmq","trial_type":"external-html","trial_index":27,"time_elapsed":441614,"internal_node_id":"0.0-9.0-0.19"},{"rt":16452,"url":"../static/nodeGraphs.html","edge":"6to8","edgeRT":"14654","skip":"false","flipped":"False","index":"20","edgeClickLog":"[{\"edgeSelection\":\"2to6\",\"edgeRTMS\":7417},{\"edgeSelection\":\"6to8\",\"edgeRTMS\":14654}]","trial_id":"test_0","congruency":"I","task":"experiment","subjectId":"dennqrk5cn1blmq","trial_type":"external-html","trial_index":28,"time_elapsed":458657,"internal_node_id":"0.0-9.0-0.20"},{"rt":14361,"url":"../static/nodeGraphs.html","edge":"3to6","edgeRT":"12151","skip":"false","flipped":"False","index":"21","edgeClickLog":"[{\"edgeSelection\":\"3to6\",\"edgeRTMS\":12151}]","trial_id":"test_1","congruency":"I","task":"experiment","subjectId":"dennqrk5cn1blmq","trial_type":"external-html","trial_index":29,"time_elapsed":473610,"internal_node_id":"0.0-9.0-0.21"},{"rt":10149,"url":"../static/nodeGraphs.html","edge":"3to6","edgeRT":"5002","skip":"false","flipped":"False","index":"22","edgeClickLog":"[{\"edgeSelection\":\"3to6\",\"edgeRTMS\":3926},{\"edgeSelection\":\"3to6\",\"edgeRTMS\":4462},{\"edgeSelection\":\"3to6\",\"edgeRTMS\":5002}]","trial_id":"test_2","congruency":"I","task":"experiment","subjectId":"dennqrk5cn1blmq","trial_type":"external-html","trial_index":30,"time_elapsed":484362,"internal_node_id":"0.0-9.0-0.22"},{"rt":5464,"url":"../static/nodeGraphs.html","edge":"1to5","edgeRT":"2028","skip":"false","flipped":"False","index":"23","edgeClickLog":"[{\"edgeSelection\":\"1to5\",\"edgeRTMS\":2028}]","trial_id":"test_3","congruency":"I","task":"experiment","subjectId":"dennqrk5cn1blmq","trial_type":"external-html","trial_index":31,"time_elapsed":490436,"internal_node_id":"0.0-9.0-0.23"},{"rt":9753,"url":"../static/nodeGraphs.html","edge":"6to9","edgeRT":"4991","skip":"false","flipped":"False","index":"24","edgeClickLog":"[{\"edgeSelection\":\"6to9\",\"edgeRTMS\":4991}]","trial_id":"test_4","congruency":"I","task":"experiment","subjectId":"dennqrk5cn1blmq","trial_type":"external-html","trial_index":32,"time_elapsed":500774,"internal_node_id":"0.0-9.0-0.24"},{"rt":32761,"response":{"P0_Q0":null,"P0_Q1":2,"P0_Q2":6,"P0_Q3":5,"P0_Q4":4,"P0_Q5":1,"strategies":"tried to complete a connection to the highest number","feedback":""},"accuracy":[],"trial_type":"survey","trial_index":33,"time_elapsed":534190,"internal_node_id":"0.0-10.0"},{"rt":3961,"stimulus":"<p>Thanks for your time!</p>        <p>We need to manually calculate your bonus pay, please give us up to 7 days.</p><p>Press any key to conclude.</p>","response":" ","task":"end","subjectId":"dennqrk5cn1blmq","trial_type":"html-keyboard-response","trial_index":34,"time_elapsed":538155,"internal_node_id":"0.0-11.0","interactions":"[{\"event\":\"fullscreenenter\",\"trial\":1,\"time\":2695},{\"event\":\"fullscreenexit\",\"trial\":34,\"time\":534430}]"}]