[{"success":true,"timeout":false,"failed_images":[],"failed_audio":[],"failed_video":[],"trial_type":"preload","trial_index":0,"time_elapsed":480,"internal_node_id":"0.0-0.0"},{"success":true,"trial_type":"fullscreen","trial_index":1,"time_elapsed":6544,"internal_node_id":"0.0-1.0"},{"rt":1891,"stimulus":"Welcome to the experiment. Press any key to begin.","response":" ","trial_type":"html-keyboard-response","trial_index":2,"time_elapsed":8438,"internal_node_id":"0.0-2.0"},{"view_history":[{"page_index":0,"viewing_time":2285},{"page_index":1,"viewing_time":3134},{"page_index":2,"viewing_time":31328},{"page_index":3,"viewing_time":1985},{"page_index":4,"viewing_time":756},{"page_index":5,"viewing_time":584},{"page_index":6,"viewing_time":3642},{"page_index":7,"viewing_time":1901},{"page_index":8,"viewing_time":1804},{"page_index":9,"viewing_time":575},{"page_index":10,"viewing_time":676},{"page_index":11,"viewing_time":553},{"page_index":12,"viewing_time":351},{"page_index":13,"viewing_time":1906},{"page_index":14,"viewing_time":3750},{"page_index":15,"viewing_time":1289},{"page_index":16,"viewing_time":566},{"page_index":17,"viewing_time":459},{"page_index":18,"viewing_time":674},{"page_index":19,"viewing_time":4069},{"page_index":18,"viewing_time":890},{"page_index":17,"viewing_time":2334},{"page_index":18,"viewing_time":625},{"page_index":17,"viewing_time":588},{"page_index":16,"viewing_time":346},{"page_index":15,"viewing_time":844},{"page_index":14,"viewing_time":489},{"page_index":13,"viewing_time":1386},{"page_index":14,"viewing_time":1301},{"page_index":15,"viewing_time":1277},{"page_index":16,"viewing_time":468},{"page_index":17,"viewing_time":392},{"page_index":18,"viewing_time":458},{"page_index":19,"viewing_time":1470},{"page_index":18,"viewing_time":306},{"page_index":17,"viewing_time":267},{"page_index":16,"viewing_time":379},{"page_index":15,"viewing_time":553},{"page_index":14,"viewing_time":1591},{"page_index":15,"viewing_time":1650},{"page_index":14,"viewing_time":435},{"page_index":13,"viewing_time":1241},{"page_index":14,"viewing_time":4856},{"page_index":15,"viewing_time":2855},{"page_index":14,"viewing_time":1882},{"page_index":15,"viewing_time":616},{"page_index":14,"viewing_time":461},{"page_index":13,"viewing_time":412},{"page_index":12,"viewing_time":424},{"page_index":11,"viewing_time":769},{"page_index":12,"viewing_time":295},{"page_index":13,"viewing_time":1290},{"page_index":14,"viewing_time":2854},{"page_index":15,"viewing_time":3961},{"page_index":16,"viewing_time":476},{"page_index":17,"viewing_time":1189},{"page_index":16,"viewing_time":2026},{"page_index":17,"viewing_time":409},{"page_index":18,"viewing_time":1185},{"page_index":17,"viewing_time":342},{"page_index":16,"viewing_time":379},{"page_index":15,"viewing_time":759},{"page_index":14,"viewing_time":592},{"page_index":13,"viewing_time":351},{"page_index":12,"viewing_time":418},{"page_index":11,"viewing_time":742},{"page_index":12,"viewing_time":722},{"page_index":11,"viewing_time":416},{"page_index":10,"viewing_time":508},{"page_index":9,"viewing_time":13553},{"page_index":10,"viewing_time":531},{"page_index":11,"viewing_time":443},{"page_index":12,"viewing_time":325},{"page_index":13,"viewing_time":2324},{"page_index":14,"viewing_time":575},{"page_index":15,"viewing_time":5130},{"page_index":16,"viewing_time":478},{"page_index":17,"viewing_time":406},{"page_index":18,"viewing_time":340},{"page_index":19,"viewing_time":1485},{"page_index":20,"viewing_time":3450},{"page_index":21,"viewing_time":5053}],"rt":146858,"trial_type":"instructions","trial_index":3,"time_elapsed":155296,"internal_node_id":"0.0-3.0"},{"rt":90556,"url":"../static/nodeGraphsTraining.html","skip":[],"edgeClickLog":[],"trial_type":"external-html","trial_index":4,"time_elapsed":245908,"internal_node_id":"0.0-4.0"},{"rt":32478,"response":{"q1":"The goal is to help the student to get the most points","q2":"False","q3":"Possible paths you, as the teacher, can choose to teach the learner.","q4":"Paths that the student took before."},"question_order":[0,1,2,3],"trial_type":"survey-multi-choice","trial_index":5,"time_elapsed":278390,"internal_node_id":"0.0-5.0"},{"rt":null,"stimulus":"<p>You can take a 60 second break before starting the experiment.</p><br><br><p>This page will advance in 60 seconds or you can press any key to advance now.</p>","response":null,"trial_type":"html-keyboard-response","trial_index":6,"time_elapsed":338396,"internal_node_id":"0.0-7.0"},{"view_history":[{"page_index":0,"viewing_time":278886}],"rt":278887,"trial_type":"instructions","trial_index":7,"time_elapsed":617285,"internal_node_id":"0.0-8.0"},{"rt":20881,"url":"../static/nodeGraphs.html","edge":"4to8","edgeRT":"17218","skip":"false","flipped":"False","index":"9","edgeClickLog":"[{\"edgeSelection\":\"4to8\",\"edgeRTMS\":6200},{\"edgeSelection\":\"0to2\",\"edgeRTMS\":11944},{\"edgeSelection\":\"2to5\",\"edgeRTMS\":13680},{\"edgeSelection\":\"5to8\",\"edgeRTMS\":14642},{\"edgeSelection\":\"5to7\",\"edgeRTMS\":15818},{\"edgeSelection\":\"4to8\",\"edgeRTMS\":17218}]","trial_id":"incong_9","congruency":"I","task":"experiment","subjectId":"xkx5lcb06koyguh","trial_type":"external-html","trial_index":8,"time_elapsed":638264,"internal_node_id":"0.0-9.0-0.0"},{"rt":14272,"url":"../static/nodeGraphs.html","edge":"0to3","edgeRT":"10988","skip":"false","flipped":"True","index":"18","edgeClickLog":"[{\"edgeSelection\":\"6to8\",\"edgeRTMS\":6508},{\"edgeSelection\":\"0to3\",\"edgeRTMS\":10988}]","trial_id":"incong_8_flipped","congruency":"I","task":"experiment","subjectId":"xkx5lcb06koyguh","trial_type":"external-html","trial_index":9,"time_elapsed":653094,"internal_node_id":"0.0-9.0-0.1"},{"rt":6371,"url":"../static/nodeGraphs.html","edge":"1to5","edgeRT":"3640","skip":"false","flipped":"False","index":"8","edgeClickLog":"[{\"edgeSelection\":\"1to5\",\"edgeRTMS\":3640}]","trial_id":"incong_8","congruency":"I","task":"experiment","subjectId":"xkx5lcb06koyguh","trial_type":"external-html","trial_index":10,"time_elapsed":660016,"internal_node_id":"0.0-9.0-0.2"},{"rt":3919,"url":"../static/nodeGraphs.html","edge":"5to8","edgeRT":"2498","skip":"false","flipped":"True","index":"17","edgeClickLog":"[{\"edgeSelection\":\"5to8\",\"edgeRTMS\":2498}]","trial_id":"incong_7_flipped","congruency":"I","task":"experiment","subjectId":"xkx5lcb06koyguh","trial_type":"external-html","trial_index":11,"time_elapsed":664489,"internal_node_id":"0.0-9.0-0.3"},{"rt":11774,"url":"../static/nodeGraphs.html","edge":"0to1","edgeRT":"2439","skip":"false","flipped":"False","index":"4","edgeClickLog":"[{\"edgeSelection\":\"0to1\",\"edgeRTMS\":2439}]","trial_id":"incong_4","congruency":"I","task":"experiment","subjectId":"xkx5lcb06koyguh","trial_type":"external-html","trial_index":12,"time_elapsed":676818,"internal_node_id":"0.0-9.0-0.4"},{"rt":5371,"url":"../static/nodeGraphs.html","edge":"6to8","edgeRT":"4378","skip":"false","flipped":"False","index":"6","edgeClickLog":"[{\"edgeSelection\":\"6to8\",\"edgeRTMS\":4378}]","trial_id":"incong_6","congruency":"I","task":"experiment","subjectId":"xkx5lcb06koyguh","trial_type":"external-html","trial_index":13,"time_elapsed":682741,"internal_node_id":"0.0-9.0-0.5"},{"rt":8202,"url":"../static/nodeGraphs.html","edge":"5to8","edgeRT":"5686","skip":"false","flipped":"False","index":"7","edgeClickLog":"[{\"edgeSelection\":\"5to8\",\"edgeRTMS\":5686}]","trial_id":"incong_7","congruency":"I","task":"experiment","subjectId":"xkx5lcb06koyguh","trial_type":"external-html","trial_index":14,"time_elapsed":691495,"internal_node_id":"0.0-9.0-0.6"},{"rt":20622,"url":"../static/nodeGraphs.html","edge":"6to9","edgeRT":"14049","skip":"false","flipped":"True","index":"15","edgeClickLog":"[{\"edgeSelection\":\"6to8\",\"edgeRTMS\":8500},{\"edgeSelection\":\"6to9\",\"edgeRTMS\":14049}]","trial_id":"incong_5_flipped","congruency":"I","task":"experiment","subjectId":"xkx5lcb06koyguh","trial_type":"external-html","trial_index":15,"time_elapsed":712675,"internal_node_id":"0.0-9.0-0.7"},{"rt":5625,"url":"../static/nodeGraphs.html","edge":"4to8","edgeRT":"4309","skip":"false","flipped":"True","index":"16","edgeClickLog":"[{\"edgeSelection\":\"5to7\",\"edgeRTMS\":3591},{\"edgeSelection\":\"4to8\",\"edgeRTMS\":4309}]","trial_id":"incong_6_flipped","congruency":"I","task":"experiment","subjectId":"xkx5lcb06koyguh","trial_type":"external-html","trial_index":16,"time_elapsed":718855,"internal_node_id":"0.0-9.0-0.8"},{"rt":10845,"url":"../static/nodeGraphs.html","edge":"5to8","edgeRT":"9889","skip":"false","flipped":"False","index":"2","edgeClickLog":"[{\"edgeSelection\":\"5to8\",\"edgeRTMS\":9889}]","trial_id":"incong_2","congruency":"I","task":"experiment","subjectId":"xkx5lcb06koyguh","trial_type":"external-html","trial_index":17,"time_elapsed":730250,"internal_node_id":"0.0-9.0-0.9"},{"rt":4084,"url":"../static/nodeGraphs.html","edge":"5to8","edgeRT":"2611","skip":"false","flipped":"True","index":"12","edgeClickLog":"[{\"edgeSelection\":\"5to8\",\"edgeRTMS\":2611}]","trial_id":"incong_2_flipped","congruency":"I","task":"experiment","subjectId":"xkx5lcb06koyguh","trial_type":"external-html","trial_index":18,"time_elapsed":734893,"internal_node_id":"0.0-9.0-0.10"},{"rt":10809,"url":"../static/nodeGraphs.html","edge":"6to8","edgeRT":"9748","skip":"false","flipped":"False","index":"3","edgeClickLog":"[{\"edgeSelection\":\"0to2\",\"edgeRTMS\":5806},{\"edgeSelection\":\"6to8\",\"edgeRTMS\":9748}]","trial_id":"incong_3","congruency":"I","task":"experiment","subjectId":"xkx5lcb06koyguh","trial_type":"external-html","trial_index":19,"time_elapsed":746253,"internal_node_id":"0.0-9.0-0.11"},{"rt":7793,"url":"../static/nodeGraphs.html","edge":"6to8","edgeRT":"6740","skip":"false","flipped":"True","index":"19","edgeClickLog":"[{\"edgeSelection\":\"6to8\",\"edgeRTMS\":6740}]","trial_id":"incong_9_flipped","congruency":"I","task":"experiment","subjectId":"xkx5lcb06koyguh","trial_type":"external-html","trial_index":20,"time_elapsed":754604,"internal_node_id":"0.0-9.0-0.12"},{"rt":30003,"url":"../static/nodeGraphs.html","edge":"","edgeRT":"undefined","skip":"true","flipped":"False","index":"0","edgeClickLog":"","trial_id":"incong_0","congruency":"I","task":"experiment","subjectId":"xkx5lcb06koyguh","trial_type":"external-html","trial_index":21,"time_elapsed":785164,"internal_node_id":"0.0-9.0-0.13"},{"rt":30003,"url":"../static/nodeGraphs.html","edge":"","edgeRT":"undefined","skip":"true","flipped":"True","index":"14","edgeClickLog":"","trial_id":"incong_4_flipped","congruency":"I","task":"experiment","subjectId":"xkx5lcb06koyguh","trial_type":"external-html","trial_index":22,"time_elapsed":815717,"internal_node_id":"0.0-9.0-0.14"},{"rt":30006,"url":"../static/nodeGraphs.html","edge":"","edgeRT":"undefined","skip":"true","flipped":"True","index":"13","edgeClickLog":"","trial_id":"incong_3_flipped","congruency":"I","task":"experiment","subjectId":"xkx5lcb06koyguh","trial_type":"external-html","trial_index":23,"time_elapsed":846275,"internal_node_id":"0.0-9.0-0.15"},{"rt":17175,"url":"../static/nodeGraphs.html","edge":"4to8","edgeRT":"12948","skip":"false","flipped":"True","index":"10","edgeClickLog":"[{\"edgeSelection\":\"5to7\",\"edgeRTMS\":12046},{\"edgeSelection\":\"4to8\",\"edgeRTMS\":12948}]","trial_id":"incong_0_flipped","congruency":"I","task":"experiment","subjectId":"xkx5lcb06koyguh","trial_type":"external-html","trial_index":24,"time_elapsed":863998,"internal_node_id":"0.0-9.0-0.16"},{"rt":5314,"url":"../static/nodeGraphs.html","edge":"2to4","edgeRT":"4384","skip":"false","flipped":"False","index":"1","edgeClickLog":"[{\"edgeSelection\":\"2to4\",\"edgeRTMS\":4384}]","trial_id":"incong_1","congruency":"I","task":"experiment","subjectId":"xkx5lcb06koyguh","trial_type":"external-html","trial_index":25,"time_elapsed":869868,"internal_node_id":"0.0-9.0-0.17"},{"rt":25505,"url":"../static/nodeGraphs.html","edge":"5to8","edgeRT":"24563","skip":"false","flipped":"False","index":"5","edgeClickLog":"[{\"edgeSelection\":\"3to5\",\"edgeRTMS\":2775},{\"edgeSelection\":\"2to4\",\"edgeRTMS\":8201},{\"edgeSelection\":\"4to8\",\"edgeRTMS\":15715},{\"edgeSelection\":\"2to6\",\"edgeRTMS\":20379},{\"edgeSelection\":\"2to4\",\"edgeRTMS\":21700},{\"edgeSelection\":\"5to8\",\"edgeRTMS\":24563}]","trial_id":"incong_5","congruency":"I","task":"experiment","subjectId":"xkx5lcb06koyguh","trial_type":"external-html","trial_index":26,"time_elapsed":895926,"internal_node_id":"0.0-9.0-0.18"},{"rt":8453,"url":"../static/nodeGraphs.html","edge":"2to6","edgeRT":"4488","skip":"true","flipped":"True","index":"11","edgeClickLog":"[{\"edgeSelection\":\"2to6\",\"edgeRTMS\":4488}]","trial_id":"incong_1_flipped","congruency":"I","task":"experiment","subjectId":"xkx5lcb06koyguh","trial_type":"external-html","trial_index":27,"time_elapsed":904932,"internal_node_id":"0.0-9.0-0.19"},{"rt":3141,"url":"../static/nodeGraphs.html","edge":"6to8","edgeRT":"2250","skip":"true","flipped":"False","index":"20","edgeClickLog":"[{\"edgeSelection\":\"6to8\",\"edgeRTMS\":2250}]","trial_id":"test_0","congruency":"I","task":"experiment","subjectId":"xkx5lcb06koyguh","trial_type":"external-html","trial_index":28,"time_elapsed":908627,"internal_node_id":"0.0-9.0-0.20"},{"rt":5177,"url":"../static/nodeGraphs.html","edge":"2to6","edgeRT":"2566","skip":"true","flipped":"False","index":"21","edgeClickLog":"[{\"edgeSelection\":\"2to6\",\"edgeRTMS\":2566}]","trial_id":"test_1","congruency":"I","task":"experiment","subjectId":"xkx5lcb06koyguh","trial_type":"external-html","trial_index":29,"time_elapsed":914358,"internal_node_id":"0.0-9.0-0.21"},{"rt":30002,"url":"../static/nodeGraphs.html","edge":"","edgeRT":"undefined","skip":"true","flipped":"False","index":"22","edgeClickLog":"","trial_id":"test_2","congruency":"I","task":"experiment","subjectId":"xkx5lcb06koyguh","trial_type":"external-html","trial_index":30,"time_elapsed":944912,"internal_node_id":"0.0-9.0-0.22"},{"rt":5431,"url":"../static/nodeGraphs.html","edge":"1to5","edgeRT":"3709","skip":"true","flipped":"False","index":"23","edgeClickLog":"[{\"edgeSelection\":\"1to5\",\"edgeRTMS\":3709}]","trial_id":"test_3","congruency":"I","task":"experiment","subjectId":"xkx5lcb06koyguh","trial_type":"external-html","trial_index":31,"time_elapsed":950894,"internal_node_id":"0.0-9.0-0.23"},{"rt":30002,"url":"../static/nodeGraphs.html","edge":"","edgeRT":"undefined","skip":"true","flipped":"False","index":"24","edgeClickLog":"","trial_id":"test_4","congruency":"I","task":"experiment","subjectId":"xkx5lcb06koyguh","trial_type":"external-html","trial_index":32,"time_elapsed":981448,"internal_node_id":"0.0-9.0-0.24"},{"rt":76657,"response":{"P0_Q0":null,"P0_Q1":2,"P0_Q2":7,"P0_Q3":5,"P0_Q4":3,"P0_Q5":2,"strategies":"i looked at every possible outcome that would be the best","feedback":""},"accuracy":[],"trial_type":"survey","trial_index":33,"time_elapsed":1058751,"internal_node_id":"0.0-10.0"},{"rt":3401,"stimulus":"<p>Thanks for your time!</p>        <p>We need to manually calculate your bonus pay, please give us up to 7 days.</p><p>Press any key to conclude.</p>","response":" ","task":"end","subjectId":"xkx5lcb06koyguh","trial_type":"html-keyboard-response","trial_index":34,"time_elapsed":1062156,"internal_node_id":"0.0-11.0","interactions":"[{\"event\":\"fullscreenenter\",\"trial\":1,\"time\":5556},{\"event\":\"blur\",\"trial\":4,\"time\":168393},{\"event\":\"focus\",\"trial\":4,\"time\":168393},{\"event\":\"fullscreenexit\",\"trial\":4,\"time\":168413},{\"event\":\"blur\",\"trial\":4,\"time\":177662},{\"event\":\"focus\",\"trial\":4,\"time\":177662},{\"event\":\"blur\",\"trial\":4,\"time\":203735},{\"event\":\"focus\",\"trial\":4,\"time\":203735},{\"event\":\"blur\",\"trial\":4,\"time\":206429},{\"event\":\"focus\",\"trial\":4,\"time\":206429},{\"event\":\"blur\",\"trial\":4,\"time\":224323},{\"event\":\"focus\",\"trial\":4,\"time\":224323},{\"event\":\"blur\",\"trial\":17,\"time\":723995},{\"event\":\"focus\",\"trial\":17,\"time\":723995},{\"event\":\"blur\",\"trial\":26,\"time\":883547},{\"event\":\"focus\",\"trial\":26,\"time\":883548}]"}]