[{"success":true,"timeout":false,"failed_images":[],"failed_audio":[],"failed_video":[],"trial_type":"preload","trial_index":0,"time_elapsed":1606,"internal_node_id":"0.0-0.0"},{"success":true,"trial_type":"fullscreen","trial_index":1,"time_elapsed":18669,"internal_node_id":"0.0-1.0"},{"rt":2091,"stimulus":"Welcome to the experiment. Press any key to begin.","response":" ","trial_type":"html-keyboard-response","trial_index":2,"time_elapsed":20762,"internal_node_id":"0.0-2.0"},{"view_history":[{"page_index":0,"viewing_time":2617},{"page_index":1,"viewing_time":3319},{"page_index":2,"viewing_time":13567},{"page_index":3,"viewing_time":2607},{"page_index":4,"viewing_time":1064},{"page_index":5,"viewing_time":817},{"page_index":6,"viewing_time":4303},{"page_index":7,"viewing_time":7088},{"page_index":8,"viewing_time":9952},{"page_index":9,"viewing_time":8592},{"page_index":10,"viewing_time":1127},{"page_index":11,"viewing_time":456},{"page_index":12,"viewing_time":432},{"page_index":13,"viewing_time":1176},{"page_index":14,"viewing_time":1520},{"page_index":15,"viewing_time":3640},{"page_index":16,"viewing_time":817},{"page_index":17,"viewing_time":391},{"page_index":18,"viewing_time":384},{"page_index":19,"viewing_time":3072},{"page_index":20,"viewing_time":2504},{"page_index":21,"viewing_time":2272}],"rt":71716,"trial_type":"instructions","trial_index":3,"time_elapsed":92481,"internal_node_id":"0.0-3.0"},{"rt":47428,"url":"../static/nodeGraphsTraining.html","skip":[],"edgeClickLog":[],"trial_type":"external-html","trial_index":4,"time_elapsed":139991,"internal_node_id":"0.0-4.0"},{"rt":18191,"response":{"q1":"The goal is to help the student to get the most points","q2":"False","q3":"Possible paths you, as the teacher, can choose to teach the learner.","q4":"Paths that the student took before."},"question_order":[0,1,2,3],"trial_type":"survey-multi-choice","trial_index":5,"time_elapsed":158186,"internal_node_id":"0.0-5.0"},{"rt":4508,"stimulus":"<p>You can take a 60 second break before starting the experiment.</p><br><br><p>This page will advance in 60 seconds or you can press any key to advance now.</p>","response":"arrowdown","trial_type":"html-keyboard-response","trial_index":6,"time_elapsed":162699,"internal_node_id":"0.0-7.0"},{"view_history":[{"page_index":0,"viewing_time":9174}],"rt":9174,"trial_type":"instructions","trial_index":7,"time_elapsed":171873,"internal_node_id":"0.0-8.0"},{"rt":11859,"url":"../static/nodeGraphs.html","edge":"0to3","edgeRT":"9923","skip":"false","flipped":"True","index":"12","edgeClickLog":"[{\"edgeSelection\":\"0to3\",\"edgeRTMS\":9923}]","trial_id":"incong_2_flipped","congruency":"I","task":"experiment","subjectId":"wdplm6wtsw8e14w","trial_type":"external-html","trial_index":8,"time_elapsed":183795,"internal_node_id":"0.0-9.0-0.0"},{"rt":6491,"url":"../static/nodeGraphs.html","edge":"0to2","edgeRT":"3364","skip":"false","flipped":"False","index":"3","edgeClickLog":"[{\"edgeSelection\":\"0to2\",\"edgeRTMS\":3364}]","trial_id":"incong_3","congruency":"I","task":"experiment","subjectId":"wdplm6wtsw8e14w","trial_type":"external-html","trial_index":9,"time_elapsed":190847,"internal_node_id":"0.0-9.0-0.1"},{"rt":10500,"url":"../static/nodeGraphs.html","edge":"3to6","edgeRT":"6633","skip":"false","flipped":"False","index":"5","edgeClickLog":"[{\"edgeSelection\":\"3to6\",\"edgeRTMS\":6633}]","trial_id":"incong_5","congruency":"I","task":"experiment","subjectId":"wdplm6wtsw8e14w","trial_type":"external-html","trial_index":10,"time_elapsed":201977,"internal_node_id":"0.0-9.0-0.2"},{"rt":8772,"url":"../static/nodeGraphs.html","edge":"6to8","edgeRT":"6499","skip":"false","flipped":"False","index":"0","edgeClickLog":"[{\"edgeSelection\":\"6to8\",\"edgeRTMS\":6499}]","trial_id":"incong_0","congruency":"I","task":"experiment","subjectId":"wdplm6wtsw8e14w","trial_type":"external-html","trial_index":11,"time_elapsed":211315,"internal_node_id":"0.0-9.0-0.3"},{"rt":8026,"url":"../static/nodeGraphs.html","edge":"1to4","edgeRT":"6007","skip":"false","flipped":"True","index":"15","edgeClickLog":"[{\"edgeSelection\":\"1to4\",\"edgeRTMS\":6007}]","trial_id":"incong_5_flipped","congruency":"I","task":"experiment","subjectId":"wdplm6wtsw8e14w","trial_type":"external-html","trial_index":12,"time_elapsed":219913,"internal_node_id":"0.0-9.0-0.4"},{"rt":11772,"url":"../static/nodeGraphs.html","edge":"4to7","edgeRT":"10366","skip":"false","flipped":"True","index":"11","edgeClickLog":"[{\"edgeSelection\":\"4to7\",\"edgeRTMS\":10366}]","trial_id":"incong_1_flipped","congruency":"I","task":"experiment","subjectId":"wdplm6wtsw8e14w","trial_type":"external-html","trial_index":13,"time_elapsed":232255,"internal_node_id":"0.0-9.0-0.5"},{"rt":6413,"url":"../static/nodeGraphs.html","edge":"3to5","edgeRT":"4259","skip":"false","flipped":"True","index":"19","edgeClickLog":"[{\"edgeSelection\":\"3to5\",\"edgeRTMS\":4259}]","trial_id":"incong_9_flipped","congruency":"I","task":"experiment","subjectId":"wdplm6wtsw8e14w","trial_type":"external-html","trial_index":14,"time_elapsed":239223,"internal_node_id":"0.0-9.0-0.6"},{"rt":7307,"url":"../static/nodeGraphs.html","edge":"0to1","edgeRT":"4837","skip":"false","flipped":"False","index":"2","edgeClickLog":"[{\"edgeSelection\":\"0to1\",\"edgeRTMS\":4837}]","trial_id":"incong_2","congruency":"I","task":"experiment","subjectId":"wdplm6wtsw8e14w","trial_type":"external-html","trial_index":15,"time_elapsed":247092,"internal_node_id":"0.0-9.0-0.7"},{"rt":9940,"url":"../static/nodeGraphs.html","edge":"0to2","edgeRT":"7665","skip":"false","flipped":"True","index":"10","edgeClickLog":"[{\"edgeSelection\":\"0to2\",\"edgeRTMS\":7665}]","trial_id":"incong_0_flipped","congruency":"I","task":"experiment","subjectId":"wdplm6wtsw8e14w","trial_type":"external-html","trial_index":16,"time_elapsed":257593,"internal_node_id":"0.0-9.0-0.8"},{"rt":6888,"url":"../static/nodeGraphs.html","edge":"0to1","edgeRT":"4500","skip":"false","flipped":"False","index":"6","edgeClickLog":"[{\"edgeSelection\":\"0to1\",\"edgeRTMS\":4500}]","trial_id":"incong_6","congruency":"I","task":"experiment","subjectId":"wdplm6wtsw8e14w","trial_type":"external-html","trial_index":17,"time_elapsed":265041,"internal_node_id":"0.0-9.0-0.9"},{"rt":5406,"url":"../static/nodeGraphs.html","edge":"0to2","edgeRT":"3446","skip":"false","flipped":"True","index":"13","edgeClickLog":"[{\"edgeSelection\":\"0to2\",\"edgeRTMS\":3446}]","trial_id":"incong_3_flipped","congruency":"I","task":"experiment","subjectId":"wdplm6wtsw8e14w","trial_type":"external-html","trial_index":18,"time_elapsed":271009,"internal_node_id":"0.0-9.0-0.10"},{"rt":3945,"url":"../static/nodeGraphs.html","edge":"0to2","edgeRT":"2302","skip":"false","flipped":"False","index":"7","edgeClickLog":"[{\"edgeSelection\":\"0to2\",\"edgeRTMS\":2302}]","trial_id":"incong_7","congruency":"I","task":"experiment","subjectId":"wdplm6wtsw8e14w","trial_type":"external-html","trial_index":19,"time_elapsed":275517,"internal_node_id":"0.0-9.0-0.11"},{"rt":5517,"url":"../static/nodeGraphs.html","edge":"0to3","edgeRT":"3936","skip":"false","flipped":"True","index":"14","edgeClickLog":"[{\"edgeSelection\":\"0to3\",\"edgeRTMS\":3936}]","trial_id":"incong_4_flipped","congruency":"I","task":"experiment","subjectId":"wdplm6wtsw8e14w","trial_type":"external-html","trial_index":20,"time_elapsed":281598,"internal_node_id":"0.0-9.0-0.12"},{"rt":6163,"url":"../static/nodeGraphs.html","edge":"1to5","edgeRT":"4536","skip":"false","flipped":"False","index":"9","edgeClickLog":"[{\"edgeSelection\":\"1to5\",\"edgeRTMS\":4536}]","trial_id":"incong_9","congruency":"I","task":"experiment","subjectId":"wdplm6wtsw8e14w","trial_type":"external-html","trial_index":21,"time_elapsed":288319,"internal_node_id":"0.0-9.0-0.13"},{"rt":12118,"url":"../static/nodeGraphs.html","edge":"0to2","edgeRT":"10668","skip":"false","flipped":"True","index":"17","edgeClickLog":"[{\"edgeSelection\":\"0to2\",\"edgeRTMS\":2852},{\"edgeSelection\":\"5to8\",\"edgeRTMS\":6331},{\"edgeSelection\":\"0to2\",\"edgeRTMS\":10668}]","trial_id":"incong_7_flipped","congruency":"I","task":"experiment","subjectId":"wdplm6wtsw8e14w","trial_type":"external-html","trial_index":22,"time_elapsed":300994,"internal_node_id":"0.0-9.0-0.14"},{"rt":13291,"url":"../static/nodeGraphs.html","edge":"2to4","edgeRT":"8705","skip":"false","flipped":"False","index":"1","edgeClickLog":"[{\"edgeSelection\":\"2to4\",\"edgeRTMS\":4374},{\"edgeSelection\":\"2to4\",\"edgeRTMS\":7852},{\"edgeSelection\":\"2to4\",\"edgeRTMS\":8705}]","trial_id":"incong_1","congruency":"I","task":"experiment","subjectId":"wdplm6wtsw8e14w","trial_type":"external-html","trial_index":23,"time_elapsed":314856,"internal_node_id":"0.0-9.0-0.15"},{"rt":5015,"url":"../static/nodeGraphs.html","edge":"0to1","edgeRT":"3287","skip":"false","flipped":"False","index":"8","edgeClickLog":"[{\"edgeSelection\":\"0to1\",\"edgeRTMS\":3287}]","trial_id":"incong_8","congruency":"I","task":"experiment","subjectId":"wdplm6wtsw8e14w","trial_type":"external-html","trial_index":24,"time_elapsed":320439,"internal_node_id":"0.0-9.0-0.16"},{"rt":4102,"url":"../static/nodeGraphs.html","edge":"0to3","edgeRT":"2366","skip":"false","flipped":"True","index":"18","edgeClickLog":"[{\"edgeSelection\":\"0to3\",\"edgeRTMS\":2366}]","trial_id":"incong_8_flipped","congruency":"I","task":"experiment","subjectId":"wdplm6wtsw8e14w","trial_type":"external-html","trial_index":25,"time_elapsed":325107,"internal_node_id":"0.0-9.0-0.17"},{"rt":5719,"url":"../static/nodeGraphs.html","edge":"0to1","edgeRT":"4150","skip":"false","flipped":"False","index":"4","edgeClickLog":"[{\"edgeSelection\":\"0to1\",\"edgeRTMS\":4150}]","trial_id":"incong_4","congruency":"I","task":"experiment","subjectId":"wdplm6wtsw8e14w","trial_type":"external-html","trial_index":26,"time_elapsed":331384,"internal_node_id":"0.0-9.0-0.18"},{"rt":13249,"url":"../static/nodeGraphs.html","edge":"0to3","edgeRT":"11516","skip":"false","flipped":"True","index":"16","edgeClickLog":"[{\"edgeSelection\":\"0to3\",\"edgeRTMS\":2202},{\"edgeSelection\":\"0to2\",\"edgeRTMS\":5816},{\"edgeSelection\":\"0to3\",\"edgeRTMS\":11516}]","trial_id":"incong_6_flipped","congruency":"I","task":"experiment","subjectId":"wdplm6wtsw8e14w","trial_type":"external-html","trial_index":27,"time_elapsed":345197,"internal_node_id":"0.0-9.0-0.19"},{"rt":18033,"url":"../static/nodeGraphs.html","edge":"3to6","edgeRT":"14678","skip":"false","flipped":"False","index":"20","edgeClickLog":"[{\"edgeSelection\":\"0to1\",\"edgeRTMS\":2677},{\"edgeSelection\":\"5to8\",\"edgeRTMS\":6069},{\"edgeSelection\":\"0to1\",\"edgeRTMS\":10010},{\"edgeSelection\":\"3to6\",\"edgeRTMS\":14678}]","trial_id":"test_0","congruency":"I","task":"experiment","subjectId":"wdplm6wtsw8e14w","trial_type":"external-html","trial_index":28,"time_elapsed":363790,"internal_node_id":"0.0-9.0-0.20"},{"rt":6654,"url":"../static/nodeGraphs.html","edge":"0to3","edgeRT":"4060","skip":"false","flipped":"False","index":"21","edgeClickLog":"[{\"edgeSelection\":\"0to3\",\"edgeRTMS\":4060}]","trial_id":"test_1","congruency":"I","task":"experiment","subjectId":"wdplm6wtsw8e14w","trial_type":"external-html","trial_index":29,"time_elapsed":371003,"internal_node_id":"0.0-9.0-0.21"},{"rt":5599,"url":"../static/nodeGraphs.html","edge":"0to3","edgeRT":"3101","skip":"false","flipped":"False","index":"22","edgeClickLog":"[{\"edgeSelection\":\"0to3\",\"edgeRTMS\":3101}]","trial_id":"test_2","congruency":"I","task":"experiment","subjectId":"wdplm6wtsw8e14w","trial_type":"external-html","trial_index":30,"time_elapsed":377180,"internal_node_id":"0.0-9.0-0.22"},{"rt":3461,"url":"../static/nodeGraphs.html","edge":"0to1","edgeRT":"2114","skip":"false","flipped":"False","index":"23","edgeClickLog":"[{\"edgeSelection\":\"0to1\",\"edgeRTMS\":2114}]","trial_id":"test_3","congruency":"I","task":"experiment","subjectId":"wdplm6wtsw8e14w","trial_type":"external-html","trial_index":31,"time_elapsed":381207,"internal_node_id":"0.0-9.0-0.23"},{"rt":11442,"url":"../static/nodeGraphs.html","edge":"1to5","edgeRT":"9160","skip":"false","flipped":"False","index":"24","edgeClickLog":"[{\"edgeSelection\":\"1to5\",\"edgeRTMS\":9160}]","trial_id":"test_4","congruency":"I","task":"experiment","subjectId":"wdplm6wtsw8e14w","trial_type":"external-html","trial_index":32,"time_elapsed":393203,"internal_node_id":"0.0-9.0-0.24"},{"rt":32207,"response":{"P0_Q0":null,"P0_Q1":3,"P0_Q2":6,"P0_Q3":6,"P0_Q4":3,"P0_Q5":1,"strategies":"I tried to reveal a path that was high up on the chart and worth more points than any other at that level","feedback":""},"accuracy":[],"trial_type":"survey","trial_index":33,"time_elapsed":426048,"internal_node_id":"0.0-10.0"},{"rt":2646,"stimulus":"<p>Thanks for your time!</p>        <p>We need to manually calculate your bonus pay, please give us up to 7 days.</p><p>Press any key to conclude.</p>","response":" ","task":"end","subjectId":"wdplm6wtsw8e14w","trial_type":"html-keyboard-response","trial_index":34,"time_elapsed":428698,"internal_node_id":"0.0-11.0","interactions":"[{\"event\":\"blur\",\"trial\":1,\"time\":4301},{\"event\":\"focus\",\"trial\":1,\"time\":11796},{\"event\":\"blur\",\"trial\":1,\"time\":12475},{\"event\":\"focus\",\"trial\":1,\"time\":15971},{\"event\":\"fullscreenenter\",\"trial\":1,\"time\":17824}]"}]