[{"success":true,"timeout":false,"failed_images":[],"failed_audio":[],"failed_video":[],"trial_type":"preload","trial_index":0,"time_elapsed":509,"internal_node_id":"0.0-0.0"},{"success":true,"trial_type":"fullscreen","trial_index":1,"time_elapsed":4380,"internal_node_id":"0.0-1.0"},{"rt":2318,"stimulus":"Welcome to the experiment. Press any key to begin.","response":" ","trial_type":"html-keyboard-response","trial_index":2,"time_elapsed":6699,"internal_node_id":"0.0-2.0"},{"view_history":[{"page_index":0,"viewing_time":4085},{"page_index":1,"viewing_time":3291},{"page_index":2,"viewing_time":29131},{"page_index":3,"viewing_time":2438},{"page_index":4,"viewing_time":2268},{"page_index":5,"viewing_time":1115},{"page_index":6,"viewing_time":1554},{"page_index":7,"viewing_time":8662},{"page_index":8,"viewing_time":7891},{"page_index":9,"viewing_time":6053},{"page_index":10,"viewing_time":880},{"page_index":11,"viewing_time":674},{"page_index":12,"viewing_time":675},{"page_index":13,"viewing_time":3285},{"page_index":14,"viewing_time":1749},{"page_index":15,"viewing_time":6551},{"page_index":16,"viewing_time":1128},{"page_index":17,"viewing_time":645},{"page_index":18,"viewing_time":1256},{"page_index":19,"viewing_time":2693},{"page_index":20,"viewing_time":5781},{"page_index":21,"viewing_time":2761}],"rt":94566,"trial_type":"instructions","trial_index":3,"time_elapsed":101267,"internal_node_id":"0.0-3.0"},{"rt":48454,"url":"../static/nodeGraphsTraining.html","skip":[],"edgeClickLog":[],"trial_type":"external-html","trial_index":4,"time_elapsed":149850,"internal_node_id":"0.0-4.0"},{"rt":25992,"response":{"q1":"The goal is to help the student to get the most points","q2":"False","q3":"Possible paths you, as the teacher, can choose to teach the learner.","q4":"Paths that the student took before."},"question_order":[0,1,2,3],"trial_type":"survey-multi-choice","trial_index":5,"time_elapsed":175847,"internal_node_id":"0.0-5.0"},{"rt":4094,"stimulus":"<p>You can take a 60 second break before starting the experiment.</p><br><br><p>This page will advance in 60 seconds or you can press any key to advance now.</p>","response":" ","trial_type":"html-keyboard-response","trial_index":6,"time_elapsed":179944,"internal_node_id":"0.0-7.0"},{"view_history":[{"page_index":0,"viewing_time":12203}],"rt":12204,"trial_type":"instructions","trial_index":7,"time_elapsed":192149,"internal_node_id":"0.0-8.0"},{"rt":16863,"url":"../static/nodeGraphs.html","edge":"5to7","edgeRT":"14991","skip":"false","flipped":"False","index":"3","edgeClickLog":"[{\"edgeSelection\":\"5to7\",\"edgeRTMS\":14991}]","trial_id":"incong_3","congruency":"I","task":"experiment","subjectId":"eztmxrwzh8nggt6","trial_type":"external-html","trial_index":8,"time_elapsed":209131,"internal_node_id":"0.0-9.0-0.0"},{"rt":18902,"url":"../static/nodeGraphs.html","edge":"4to8","edgeRT":"16600","skip":"false","flipped":"True","index":"16","edgeClickLog":"[{\"edgeSelection\":\"4to8\",\"edgeRTMS\":13048},{\"edgeSelection\":\"2to4\",\"edgeRTMS\":14892},{\"edgeSelection\":\"5to7\",\"edgeRTMS\":15840},{\"edgeSelection\":\"4to8\",\"edgeRTMS\":16600}]","trial_id":"incong_6_flipped","congruency":"I","task":"experiment","subjectId":"eztmxrwzh8nggt6","trial_type":"external-html","trial_index":9,"time_elapsed":228649,"internal_node_id":"0.0-9.0-0.1"},{"rt":22075,"url":"../static/nodeGraphs.html","edge":"1to4","edgeRT":"20702","skip":"false","flipped":"True","index":"15","edgeClickLog":"[{\"edgeSelection\":\"1to4\",\"edgeRTMS\":20702}]","trial_id":"incong_5_flipped","congruency":"I","task":"experiment","subjectId":"eztmxrwzh8nggt6","trial_type":"external-html","trial_index":10,"time_elapsed":251341,"internal_node_id":"0.0-9.0-0.2"},{"rt":18147,"url":"../static/nodeGraphs.html","edge":"6to9","edgeRT":"13258","skip":"false","flipped":"False","index":"1","edgeClickLog":"[{\"edgeSelection\":\"2to4\",\"edgeRTMS\":9895},{\"edgeSelection\":\"6to9\",\"edgeRTMS\":13258}]","trial_id":"incong_1","congruency":"I","task":"experiment","subjectId":"eztmxrwzh8nggt6","trial_type":"external-html","trial_index":11,"time_elapsed":270167,"internal_node_id":"0.0-9.0-0.3"},{"rt":9452,"url":"../static/nodeGraphs.html","edge":"6to8","edgeRT":"4541","skip":"false","flipped":"False","index":"0","edgeClickLog":"[{\"edgeSelection\":\"6to8\",\"edgeRTMS\":4541}]","trial_id":"incong_0","congruency":"I","task":"experiment","subjectId":"eztmxrwzh8nggt6","trial_type":"external-html","trial_index":12,"time_elapsed":280327,"internal_node_id":"0.0-9.0-0.4"},{"rt":8084,"url":"../static/nodeGraphs.html","edge":"4to8","edgeRT":"5542","skip":"false","flipped":"False","index":"9","edgeClickLog":"[{\"edgeSelection\":\"4to8\",\"edgeRTMS\":5542}]","trial_id":"incong_9","congruency":"I","task":"experiment","subjectId":"eztmxrwzh8nggt6","trial_type":"external-html","trial_index":13,"time_elapsed":289033,"internal_node_id":"0.0-9.0-0.5"},{"rt":7651,"url":"../static/nodeGraphs.html","edge":"4to8","edgeRT":"6771","skip":"false","flipped":"True","index":"10","edgeClickLog":"[{\"edgeSelection\":\"4to8\",\"edgeRTMS\":6771}]","trial_id":"incong_0_flipped","congruency":"I","task":"experiment","subjectId":"eztmxrwzh8nggt6","trial_type":"external-html","trial_index":14,"time_elapsed":297307,"internal_node_id":"0.0-9.0-0.6"},{"rt":7184,"url":"../static/nodeGraphs.html","edge":"5to8","edgeRT":"5235","skip":"false","flipped":"False","index":"8","edgeClickLog":"[{\"edgeSelection\":\"5to8\",\"edgeRTMS\":5235}]","trial_id":"incong_8","congruency":"I","task":"experiment","subjectId":"eztmxrwzh8nggt6","trial_type":"external-html","trial_index":15,"time_elapsed":305111,"internal_node_id":"0.0-9.0-0.7"},{"rt":7620,"url":"../static/nodeGraphs.html","edge":"5to8","edgeRT":"6509","skip":"false","flipped":"True","index":"18","edgeClickLog":"[{\"edgeSelection\":\"5to8\",\"edgeRTMS\":6509}]","trial_id":"incong_8_flipped","congruency":"I","task":"experiment","subjectId":"eztmxrwzh8nggt6","trial_type":"external-html","trial_index":16,"time_elapsed":313423,"internal_node_id":"0.0-9.0-0.8"},{"rt":8028,"url":"../static/nodeGraphs.html","edge":"6to8","edgeRT":"5347","skip":"false","flipped":"False","index":"6","edgeClickLog":"[{\"edgeSelection\":\"6to8\",\"edgeRTMS\":5347}]","trial_id":"incong_6","congruency":"I","task":"experiment","subjectId":"eztmxrwzh8nggt6","trial_type":"external-html","trial_index":17,"time_elapsed":322071,"internal_node_id":"0.0-9.0-0.9"},{"rt":8991,"url":"../static/nodeGraphs.html","edge":"5to8","edgeRT":"4010","skip":"false","flipped":"True","index":"17","edgeClickLog":"[{\"edgeSelection\":\"5to8\",\"edgeRTMS\":4010}]","trial_id":"incong_7_flipped","congruency":"I","task":"experiment","subjectId":"eztmxrwzh8nggt6","trial_type":"external-html","trial_index":18,"time_elapsed":331694,"internal_node_id":"0.0-9.0-0.10"},{"rt":13229,"url":"../static/nodeGraphs.html","edge":"1to4","edgeRT":"8660","skip":"false","flipped":"True","index":"12","edgeClickLog":"[{\"edgeSelection\":\"1to4\",\"edgeRTMS\":8660}]","trial_id":"incong_2_flipped","congruency":"I","task":"experiment","subjectId":"eztmxrwzh8nggt6","trial_type":"external-html","trial_index":19,"time_elapsed":345536,"internal_node_id":"0.0-9.0-0.11"},{"rt":6990,"url":"../static/nodeGraphs.html","edge":"5to8","edgeRT":"5976","skip":"false","flipped":"False","index":"7","edgeClickLog":"[{\"edgeSelection\":\"5to8\",\"edgeRTMS\":5976}]","trial_id":"incong_7","congruency":"I","task":"experiment","subjectId":"eztmxrwzh8nggt6","trial_type":"external-html","trial_index":20,"time_elapsed":353155,"internal_node_id":"0.0-9.0-0.12"},{"rt":5707,"url":"../static/nodeGraphs.html","edge":"4to7","edgeRT":"4093","skip":"false","flipped":"True","index":"11","edgeClickLog":"[{\"edgeSelection\":\"4to7\",\"edgeRTMS\":4093}]","trial_id":"incong_1_flipped","congruency":"I","task":"experiment","subjectId":"eztmxrwzh8nggt6","trial_type":"external-html","trial_index":21,"time_elapsed":359482,"internal_node_id":"0.0-9.0-0.13"},{"rt":5496,"url":"../static/nodeGraphs.html","edge":"5to9","edgeRT":"3683","skip":"false","flipped":"True","index":"13","edgeClickLog":"[{\"edgeSelection\":\"5to9\",\"edgeRTMS\":3683}]","trial_id":"incong_3_flipped","congruency":"I","task":"experiment","subjectId":"eztmxrwzh8nggt6","trial_type":"external-html","trial_index":22,"time_elapsed":365594,"internal_node_id":"0.0-9.0-0.14"},{"rt":9220,"url":"../static/nodeGraphs.html","edge":"3to6","edgeRT":"6035","skip":"false","flipped":"False","index":"2","edgeClickLog":"[{\"edgeSelection\":\"3to6\",\"edgeRTMS\":6035}]","trial_id":"incong_2","congruency":"I","task":"experiment","subjectId":"eztmxrwzh8nggt6","trial_type":"external-html","trial_index":23,"time_elapsed":375439,"internal_node_id":"0.0-9.0-0.15"},{"rt":12316,"url":"../static/nodeGraphs.html","edge":"2to5","edgeRT":"9104","skip":"false","flipped":"True","index":"14","edgeClickLog":"[{\"edgeSelection\":\"6to8\",\"edgeRTMS\":3758},{\"edgeSelection\":\"2to5\",\"edgeRTMS\":9104}]","trial_id":"incong_4_flipped","congruency":"I","task":"experiment","subjectId":"eztmxrwzh8nggt6","trial_type":"external-html","trial_index":24,"time_elapsed":388372,"internal_node_id":"0.0-9.0-0.16"},{"rt":6503,"url":"../static/nodeGraphs.html","edge":"5to8","edgeRT":"5126","skip":"false","flipped":"False","index":"5","edgeClickLog":"[{\"edgeSelection\":\"5to8\",\"edgeRTMS\":5126}]","trial_id":"incong_5","congruency":"I","task":"experiment","subjectId":"eztmxrwzh8nggt6","trial_type":"external-html","trial_index":25,"time_elapsed":395499,"internal_node_id":"0.0-9.0-0.17"},{"rt":4256,"url":"../static/nodeGraphs.html","edge":"6to8","edgeRT":"3277","skip":"false","flipped":"True","index":"19","edgeClickLog":"[{\"edgeSelection\":\"6to8\",\"edgeRTMS\":3277}]","trial_id":"incong_9_flipped","congruency":"I","task":"experiment","subjectId":"eztmxrwzh8nggt6","trial_type":"external-html","trial_index":26,"time_elapsed":400382,"internal_node_id":"0.0-9.0-0.18"},{"rt":3857,"url":"../static/nodeGraphs.html","edge":"4to8","edgeRT":"2744","skip":"false","flipped":"False","index":"4","edgeClickLog":"[{\"edgeSelection\":\"4to8\",\"edgeRTMS\":2744}]","trial_id":"incong_4","congruency":"I","task":"experiment","subjectId":"eztmxrwzh8nggt6","trial_type":"external-html","trial_index":27,"time_elapsed":404869,"internal_node_id":"0.0-9.0-0.19"},{"rt":3821,"url":"../static/nodeGraphs.html","edge":"5to8","edgeRT":"2854","skip":"false","flipped":"False","index":"20","edgeClickLog":"[{\"edgeSelection\":\"5to8\",\"edgeRTMS\":2854}]","trial_id":"test_0","congruency":"I","task":"experiment","subjectId":"eztmxrwzh8nggt6","trial_type":"external-html","trial_index":28,"time_elapsed":409309,"internal_node_id":"0.0-9.0-0.20"},{"rt":5197,"url":"../static/nodeGraphs.html","edge":"4to7","edgeRT":"2603","skip":"false","flipped":"False","index":"21","edgeClickLog":"[{\"edgeSelection\":\"4to7\",\"edgeRTMS\":2603}]","trial_id":"test_1","congruency":"I","task":"experiment","subjectId":"eztmxrwzh8nggt6","trial_type":"external-html","trial_index":29,"time_elapsed":415130,"internal_node_id":"0.0-9.0-0.21"},{"rt":3744,"url":"../static/nodeGraphs.html","edge":"6to8","edgeRT":"2556","skip":"false","flipped":"False","index":"22","edgeClickLog":"[{\"edgeSelection\":\"6to8\",\"edgeRTMS\":2556}]","trial_id":"test_2","congruency":"I","task":"experiment","subjectId":"eztmxrwzh8nggt6","trial_type":"external-html","trial_index":30,"time_elapsed":419495,"internal_node_id":"0.0-9.0-0.22"},{"rt":9841,"url":"../static/nodeGraphs.html","edge":"5to9","edgeRT":"4072","skip":"false","flipped":"False","index":"23","edgeClickLog":"[{\"edgeSelection\":\"5to9\",\"edgeRTMS\":4072}]","trial_id":"test_3","congruency":"I","task":"experiment","subjectId":"eztmxrwzh8nggt6","trial_type":"external-html","trial_index":31,"time_elapsed":429967,"internal_node_id":"0.0-9.0-0.23"},{"rt":18949,"url":"../static/nodeGraphs.html","edge":"1to5","edgeRT":"17623","skip":"false","flipped":"False","index":"24","edgeClickLog":"[{\"edgeSelection\":\"1to5\",\"edgeRTMS\":17623}]","trial_id":"test_4","congruency":"I","task":"experiment","subjectId":"eztmxrwzh8nggt6","trial_type":"external-html","trial_index":32,"time_elapsed":449536,"internal_node_id":"0.0-9.0-0.24"},{"rt":25165,"response":{"P0_Q0":null,"P0_Q1":4,"P0_Q2":6,"P0_Q3":6,"P0_Q4":6,"P0_Q5":4,"strategies":"I tried to select the path that would lead to a higher score for the student. ","feedback":"No"},"accuracy":[],"trial_type":"survey","trial_index":33,"time_elapsed":475313,"internal_node_id":"0.0-10.0"},{"rt":2516,"stimulus":"<p>Thanks for your time!</p>        <p>We need to manually calculate your bonus pay, please give us up to 7 days.</p><p>Press any key to conclude.</p>","response":" ","task":"end","subjectId":"eztmxrwzh8nggt6","trial_type":"html-keyboard-response","trial_index":34,"time_elapsed":477832,"internal_node_id":"0.0-11.0","interactions":"[{\"event\":\"fullscreenenter\",\"trial\":1,\"time\":3414}]"}]