[{"success":true,"timeout":false,"failed_images":[],"failed_audio":[],"failed_video":[],"trial_type":"preload","trial_index":0,"time_elapsed":521,"internal_node_id":"0.0-0.0"},{"success":true,"trial_type":"fullscreen","trial_index":1,"time_elapsed":447852,"internal_node_id":"0.0-1.0"},{"rt":2095,"stimulus":"Welcome to the experiment. Press any key to begin.","response":" ","trial_type":"html-keyboard-response","trial_index":2,"time_elapsed":449950,"internal_node_id":"0.0-2.0"},{"view_history":[{"page_index":0,"viewing_time":6819},{"page_index":1,"viewing_time":4008},{"page_index":2,"viewing_time":138848},{"page_index":3,"viewing_time":7030},{"page_index":4,"viewing_time":1714},{"page_index":5,"viewing_time":1036},{"page_index":6,"viewing_time":2108},{"page_index":7,"viewing_time":7296},{"page_index":8,"viewing_time":13464},{"page_index":9,"viewing_time":2888},{"page_index":10,"viewing_time":1498},{"page_index":11,"viewing_time":854},{"page_index":12,"viewing_time":500},{"page_index":13,"viewing_time":902},{"page_index":14,"viewing_time":1660},{"page_index":15,"viewing_time":4728},{"page_index":16,"viewing_time":2280},{"page_index":17,"viewing_time":814},{"page_index":18,"viewing_time":1076},{"page_index":19,"viewing_time":1498},{"page_index":20,"viewing_time":1700},{"page_index":21,"viewing_time":2320}],"rt":205041,"trial_type":"instructions","trial_index":3,"time_elapsed":654991,"internal_node_id":"0.0-3.0"},{"rt":49995,"url":"../static/nodeGraphsTraining.html","skip":[],"edgeClickLog":[],"trial_type":"external-html","trial_index":4,"time_elapsed":705456,"internal_node_id":"0.0-4.0"},{"rt":24648,"response":{"q1":"The goal is to help the student to get the most points","q2":"False","q3":"Possible paths you, as the teacher, can choose to teach the learner.","q4":"Paths that the student took before."},"question_order":[0,1,2,3],"trial_type":"survey-multi-choice","trial_index":5,"time_elapsed":730106,"internal_node_id":"0.0-5.0"},{"rt":4704,"stimulus":"<p>You can take a 60 second break before starting the experiment.</p><br><br><p>This page will advance in 60 seconds or you can press any key to advance now.</p>","response":" ","trial_type":"html-keyboard-response","trial_index":6,"time_elapsed":734812,"internal_node_id":"0.0-7.0"},{"view_history":[{"page_index":0,"viewing_time":5123}],"rt":5123,"trial_type":"instructions","trial_index":7,"time_elapsed":739935,"internal_node_id":"0.0-8.0"},{"rt":20287,"url":"../static/nodeGraphs.html","edge":"6to8","edgeRT":"19313","skip":"false","flipped":"True","index":"17","edgeClickLog":"[{\"edgeSelection\":\"0to1\",\"edgeRTMS\":3863},{\"edgeSelection\":\"2to4\",\"edgeRTMS\":6921},{\"edgeSelection\":\"2to6\",\"edgeRTMS\":8321},{\"edgeSelection\":\"0to2\",\"edgeRTMS\":16917},{\"edgeSelection\":\"2to6\",\"edgeRTMS\":18037},{\"edgeSelection\":\"6to8\",\"edgeRTMS\":19313}]","trial_id":"cong_7_flipped","congruency":"C","task":"experiment","subjectId":"6gtv7pax7ylcyep","trial_type":"external-html","trial_index":8,"time_elapsed":760311,"internal_node_id":"0.0-9.0-0.0"},{"rt":26275,"url":"../static/nodeGraphs.html","edge":"5to9","edgeRT":"25424","skip":"false","flipped":"True","index":"18","edgeClickLog":"[{\"edgeSelection\":\"0to3\",\"edgeRTMS\":9816},{\"edgeSelection\":\"5to9\",\"edgeRTMS\":14664},{\"edgeSelection\":\"5to9\",\"edgeRTMS\":24844},{\"edgeSelection\":\"5to9\",\"edgeRTMS\":25424}]","trial_id":"cong_8_flipped","congruency":"C","task":"experiment","subjectId":"6gtv7pax7ylcyep","trial_type":"external-html","trial_index":9,"time_elapsed":787175,"internal_node_id":"0.0-9.0-0.1"},{"rt":13533,"url":"../static/nodeGraphs.html","edge":"5to7","edgeRT":"11139","skip":"false","flipped":"False","index":"8","edgeClickLog":"[{\"edgeSelection\":\"0to1\",\"edgeRTMS\":8896},{\"edgeSelection\":\"1to5\",\"edgeRTMS\":9951},{\"edgeSelection\":\"5to7\",\"edgeRTMS\":11139}]","trial_id":"cong_8","congruency":"C","task":"experiment","subjectId":"6gtv7pax7ylcyep","trial_type":"external-html","trial_index":10,"time_elapsed":801302,"internal_node_id":"0.0-9.0-0.2"},{"rt":8266,"url":"../static/nodeGraphs.html","edge":"3to6","edgeRT":"7000","skip":"false","flipped":"True","index":"15","edgeClickLog":"[{\"edgeSelection\":\"3to6\",\"edgeRTMS\":7000}]","trial_id":"cong_5_flipped","congruency":"C","task":"experiment","subjectId":"6gtv7pax7ylcyep","trial_type":"external-html","trial_index":11,"time_elapsed":810158,"internal_node_id":"0.0-9.0-0.3"},{"rt":14327,"url":"../static/nodeGraphs.html","edge":"2to4","edgeRT":"10015","skip":"false","flipped":"True","index":"11","edgeClickLog":"[{\"edgeSelection\":\"1to4\",\"edgeRTMS\":5149},{\"edgeSelection\":\"2to4\",\"edgeRTMS\":10015}]","trial_id":"cong_1_flipped","congruency":"C","task":"experiment","subjectId":"6gtv7pax7ylcyep","trial_type":"external-html","trial_index":12,"time_elapsed":825076,"internal_node_id":"0.0-9.0-0.4"},{"rt":8168,"url":"../static/nodeGraphs.html","edge":"2to6","edgeRT":"6875","skip":"false","flipped":"True","index":"14","edgeClickLog":"[{\"edgeSelection\":\"2to6\",\"edgeRTMS\":1682},{\"edgeSelection\":\"6to8\",\"edgeRTMS\":3516},{\"edgeSelection\":\"2to6\",\"edgeRTMS\":5398},{\"edgeSelection\":\"6to8\",\"edgeRTMS\":6121},{\"edgeSelection\":\"2to6\",\"edgeRTMS\":6875}]","trial_id":"cong_4_flipped","congruency":"C","task":"experiment","subjectId":"6gtv7pax7ylcyep","trial_type":"external-html","trial_index":13,"time_elapsed":833834,"internal_node_id":"0.0-9.0-0.5"},{"rt":5677,"url":"../static/nodeGraphs.html","edge":"2to4","edgeRT":"4121","skip":"false","flipped":"False","index":"0","edgeClickLog":"[{\"edgeSelection\":\"2to4\",\"edgeRTMS\":4121}]","trial_id":"cong_0","congruency":"C","task":"experiment","subjectId":"6gtv7pax7ylcyep","trial_type":"external-html","trial_index":14,"time_elapsed":840102,"internal_node_id":"0.0-9.0-0.6"},{"rt":5791,"url":"../static/nodeGraphs.html","edge":"3to5","edgeRT":"4843","skip":"false","flipped":"False","index":"3","edgeClickLog":"[{\"edgeSelection\":\"3to5\",\"edgeRTMS\":4843}]","trial_id":"cong_3","congruency":"C","task":"experiment","subjectId":"6gtv7pax7ylcyep","trial_type":"external-html","trial_index":15,"time_elapsed":846489,"internal_node_id":"0.0-9.0-0.7"},{"rt":5339,"url":"../static/nodeGraphs.html","edge":"3to5","edgeRT":"3941","skip":"false","flipped":"False","index":"9","edgeClickLog":"[{\"edgeSelection\":\"3to5\",\"edgeRTMS\":3941}]","trial_id":"cong_9","congruency":"C","task":"experiment","subjectId":"6gtv7pax7ylcyep","trial_type":"external-html","trial_index":16,"time_elapsed":852420,"internal_node_id":"0.0-9.0-0.8"},{"rt":6611,"url":"../static/nodeGraphs.html","edge":"5to7","edgeRT":"4611","skip":"false","flipped":"True","index":"12","edgeClickLog":"[{\"edgeSelection\":\"5to7\",\"edgeRTMS\":4611}]","trial_id":"cong_2_flipped","congruency":"C","task":"experiment","subjectId":"6gtv7pax7ylcyep","trial_type":"external-html","trial_index":17,"time_elapsed":859628,"internal_node_id":"0.0-9.0-0.9"},{"rt":10844,"url":"../static/nodeGraphs.html","edge":"0to1","edgeRT":"7697","skip":"false","flipped":"False","index":"5","edgeClickLog":"[{\"edgeSelection\":\"0to1\",\"edgeRTMS\":7697}]","trial_id":"cong_5","congruency":"C","task":"experiment","subjectId":"6gtv7pax7ylcyep","trial_type":"external-html","trial_index":18,"time_elapsed":871060,"internal_node_id":"0.0-9.0-0.10"},{"rt":5811,"url":"../static/nodeGraphs.html","edge":"3to6","edgeRT":"4459","skip":"false","flipped":"True","index":"10","edgeClickLog":"[{\"edgeSelection\":\"3to6\",\"edgeRTMS\":4459}]","trial_id":"cong_0_flipped","congruency":"C","task":"experiment","subjectId":"6gtv7pax7ylcyep","trial_type":"external-html","trial_index":19,"time_elapsed":877466,"internal_node_id":"0.0-9.0-0.11"},{"rt":3889,"url":"../static/nodeGraphs.html","edge":"2to4","edgeRT":"2983","skip":"false","flipped":"False","index":"7","edgeClickLog":"[{\"edgeSelection\":\"2to4\",\"edgeRTMS\":2983}]","trial_id":"cong_7","congruency":"C","task":"experiment","subjectId":"6gtv7pax7ylcyep","trial_type":"external-html","trial_index":20,"time_elapsed":881959,"internal_node_id":"0.0-9.0-0.12"},{"rt":5616,"url":"../static/nodeGraphs.html","edge":"2to6","edgeRT":"4042","skip":"false","flipped":"False","index":"1","edgeClickLog":"[{\"edgeSelection\":\"2to6\",\"edgeRTMS\":4042}]","trial_id":"cong_1","congruency":"C","task":"experiment","subjectId":"6gtv7pax7ylcyep","trial_type":"external-html","trial_index":21,"time_elapsed":888168,"internal_node_id":"0.0-9.0-0.13"},{"rt":6056,"url":"../static/nodeGraphs.html","edge":"5to9","edgeRT":"5077","skip":"false","flipped":"False","index":"2","edgeClickLog":"[{\"edgeSelection\":\"5to9\",\"edgeRTMS\":5077}]","trial_id":"cong_2","congruency":"C","task":"experiment","subjectId":"6gtv7pax7ylcyep","trial_type":"external-html","trial_index":22,"time_elapsed":894815,"internal_node_id":"0.0-9.0-0.14"},{"rt":5662,"url":"../static/nodeGraphs.html","edge":"5to7","edgeRT":"4317","skip":"false","flipped":"True","index":"13","edgeClickLog":"[{\"edgeSelection\":\"5to7\",\"edgeRTMS\":4317}]","trial_id":"cong_3_flipped","congruency":"C","task":"experiment","subjectId":"6gtv7pax7ylcyep","trial_type":"external-html","trial_index":23,"time_elapsed":901068,"internal_node_id":"0.0-9.0-0.15"},{"rt":4118,"url":"../static/nodeGraphs.html","edge":"2to5","edgeRT":"2945","skip":"false","flipped":"False","index":"6","edgeClickLog":"[{\"edgeSelection\":\"2to5\",\"edgeRTMS\":2945}]","trial_id":"cong_6","congruency":"C","task":"experiment","subjectId":"6gtv7pax7ylcyep","trial_type":"external-html","trial_index":24,"time_elapsed":905771,"internal_node_id":"0.0-9.0-0.16"},{"rt":2818,"url":"../static/nodeGraphs.html","edge":"2to4","edgeRT":"1680","skip":"false","flipped":"False","index":"4","edgeClickLog":"[{\"edgeSelection\":\"2to4\",\"edgeRTMS\":1680}]","trial_id":"cong_4","congruency":"C","task":"experiment","subjectId":"6gtv7pax7ylcyep","trial_type":"external-html","trial_index":25,"time_elapsed":909180,"internal_node_id":"0.0-9.0-0.17"},{"rt":3069,"url":"../static/nodeGraphs.html","edge":"2to5","edgeRT":"1808","skip":"false","flipped":"True","index":"19","edgeClickLog":"[{\"edgeSelection\":\"2to5\",\"edgeRTMS\":1808}]","trial_id":"cong_9_flipped","congruency":"C","task":"experiment","subjectId":"6gtv7pax7ylcyep","trial_type":"external-html","trial_index":26,"time_elapsed":912841,"internal_node_id":"0.0-9.0-0.18"},{"rt":3246,"url":"../static/nodeGraphs.html","edge":"2to5","edgeRT":"2129","skip":"false","flipped":"True","index":"16","edgeClickLog":"[{\"edgeSelection\":\"2to5\",\"edgeRTMS\":2129}]","trial_id":"cong_6_flipped","congruency":"C","task":"experiment","subjectId":"6gtv7pax7ylcyep","trial_type":"external-html","trial_index":27,"time_elapsed":916673,"internal_node_id":"0.0-9.0-0.19"},{"rt":8408,"url":"../static/nodeGraphs.html","edge":"2to6","edgeRT":"7268","skip":"false","flipped":"False","index":"20","edgeClickLog":"[{\"edgeSelection\":\"2to6\",\"edgeRTMS\":7268}]","trial_id":"test_0","congruency":"I","task":"experiment","subjectId":"6gtv7pax7ylcyep","trial_type":"external-html","trial_index":28,"time_elapsed":925666,"internal_node_id":"0.0-9.0-0.20"},{"rt":9310,"url":"../static/nodeGraphs.html","edge":"0to3","edgeRT":"7473","skip":"false","flipped":"False","index":"21","edgeClickLog":"[{\"edgeSelection\":\"0to3\",\"edgeRTMS\":7473}]","trial_id":"test_1","congruency":"I","task":"experiment","subjectId":"6gtv7pax7ylcyep","trial_type":"external-html","trial_index":29,"time_elapsed":935580,"internal_node_id":"0.0-9.0-0.21"},{"rt":5545,"url":"../static/nodeGraphs.html","edge":"0to3","edgeRT":"3831","skip":"false","flipped":"False","index":"22","edgeClickLog":"[{\"edgeSelection\":\"0to3\",\"edgeRTMS\":3831}]","trial_id":"test_2","congruency":"I","task":"experiment","subjectId":"6gtv7pax7ylcyep","trial_type":"external-html","trial_index":30,"time_elapsed":941715,"internal_node_id":"0.0-9.0-0.22"},{"rt":3153,"url":"../static/nodeGraphs.html","edge":"0to1","edgeRT":"1915","skip":"false","flipped":"False","index":"23","edgeClickLog":"[{\"edgeSelection\":\"0to1\",\"edgeRTMS\":1915}]","trial_id":"test_3","congruency":"I","task":"experiment","subjectId":"6gtv7pax7ylcyep","trial_type":"external-html","trial_index":31,"time_elapsed":945462,"internal_node_id":"0.0-9.0-0.23"},{"rt":9497,"url":"../static/nodeGraphs.html","edge":"2to6","edgeRT":"8222","skip":"false","flipped":"False","index":"24","edgeClickLog":"[{\"edgeSelection\":\"2to6\",\"edgeRTMS\":8222}]","trial_id":"test_4","congruency":"I","task":"experiment","subjectId":"6gtv7pax7ylcyep","trial_type":"external-html","trial_index":32,"time_elapsed":955548,"internal_node_id":"0.0-9.0-0.24"},{"rt":48009,"response":{"P0_Q0":null,"P0_Q1":2,"P0_Q2":7,"P0_Q3":7,"P0_Q4":3,"P0_Q5":2,"strategies":"I choose the path that would earn the most points and at the same time was clear to the student which direction to take","feedback":"no"},"accuracy":[],"trial_type":"survey","trial_index":33,"time_elapsed":1004106,"internal_node_id":"0.0-10.0"},{"rt":5327,"stimulus":"<p>Thanks for your time!</p>        <p>We need to manually calculate your bonus pay, please give us up to 7 days.</p><p>Press any key to conclude.</p>","response":" ","task":"end","subjectId":"6gtv7pax7ylcyep","trial_type":"html-keyboard-response","trial_index":34,"time_elapsed":1009435,"internal_node_id":"0.0-11.0","interactions":"[{\"event\":\"fullscreenenter\",\"trial\":1,\"time\":446860},{\"event\":\"blur\",\"trial\":4,\"time\":665763},{\"event\":\"focus\",\"trial\":4,\"time\":665763},{\"event\":\"fullscreenexit\",\"trial\":4,\"time\":665767}]"}]