[{"success":true,"timeout":false,"failed_images":[],"failed_audio":[],"failed_video":[],"trial_type":"preload","trial_index":0,"time_elapsed":679,"internal_node_id":"0.0-0.0"},{"success":true,"trial_type":"fullscreen","trial_index":1,"time_elapsed":5406,"internal_node_id":"0.0-1.0"},{"rt":2480,"stimulus":"Welcome to the experiment. Press any key to begin.","response":" ","trial_type":"html-keyboard-response","trial_index":2,"time_elapsed":7891,"internal_node_id":"0.0-2.0"},{"view_history":[{"page_index":0,"viewing_time":6193},{"page_index":1,"viewing_time":7890},{"page_index":2,"viewing_time":32227},{"page_index":3,"viewing_time":4805},{"page_index":4,"viewing_time":2912},{"page_index":5,"viewing_time":2462},{"page_index":6,"viewing_time":3986},{"page_index":7,"viewing_time":14656},{"page_index":8,"viewing_time":21980},{"page_index":9,"viewing_time":21759},{"page_index":10,"viewing_time":3585},{"page_index":11,"viewing_time":540},{"page_index":12,"viewing_time":709},{"page_index":13,"viewing_time":3979},{"page_index":14,"viewing_time":5537},{"page_index":15,"viewing_time":12056},{"page_index":16,"viewing_time":718},{"page_index":17,"viewing_time":401},{"page_index":18,"viewing_time":336},{"page_index":19,"viewing_time":9178},{"page_index":20,"viewing_time":10287},{"page_index":21,"viewing_time":7078}],"rt":173275,"trial_type":"instructions","trial_index":3,"time_elapsed":181166,"internal_node_id":"0.0-3.0"},{"rt":123258,"url":"../static/nodeGraphsTraining.html","skip":[],"edgeClickLog":[],"trial_type":"external-html","trial_index":4,"time_elapsed":304835,"internal_node_id":"0.0-4.0"},{"rt":83621,"response":{"q1":"The goal is to help the student to get the most points","q2":"False","q3":"Possible paths you, as the teacher, can choose to teach the learner.","q4":"Paths that the student took before."},"question_order":[0,1,2,3],"trial_type":"survey-multi-choice","trial_index":5,"time_elapsed":388461,"internal_node_id":"0.0-5.0"},{"rt":7607,"stimulus":"<p>You can take a 60 second break before starting the experiment.</p><br><br><p>This page will advance in 60 seconds or you can press any key to advance now.</p>","response":" ","trial_type":"html-keyboard-response","trial_index":6,"time_elapsed":396083,"internal_node_id":"0.0-7.0"},{"view_history":[{"page_index":0,"viewing_time":36509}],"rt":36509,"trial_type":"instructions","trial_index":7,"time_elapsed":432595,"internal_node_id":"0.0-8.0"},{"rt":27655,"url":"../static/nodeGraphs.html","edge":"5to9","edgeRT":"12034","skip":"false","flipped":"True","index":"13","edgeClickLog":"[{\"edgeSelection\":\"5to9\",\"edgeRTMS\":12034}]","trial_id":"incong_3_flipped","congruency":"I","task":"experiment","subjectId":"p6yhmomnfr82qyt","trial_type":"external-html","trial_index":8,"time_elapsed":460730,"internal_node_id":"0.0-9.0-0.0"},{"rt":12876,"url":"../static/nodeGraphs.html","edge":"4to8","edgeRT":"9857","skip":"false","flipped":"False","index":"4","edgeClickLog":"[{\"edgeSelection\":\"4to8\",\"edgeRTMS\":9857}]","trial_id":"incong_4","congruency":"I","task":"experiment","subjectId":"p6yhmomnfr82qyt","trial_type":"external-html","trial_index":9,"time_elapsed":474521,"internal_node_id":"0.0-9.0-0.1"},{"rt":10074,"url":"../static/nodeGraphs.html","edge":"5to8","edgeRT":"7998","skip":"false","flipped":"False","index":"7","edgeClickLog":"[{\"edgeSelection\":\"5to8\",\"edgeRTMS\":7998}]","trial_id":"incong_7","congruency":"I","task":"experiment","subjectId":"p6yhmomnfr82qyt","trial_type":"external-html","trial_index":10,"time_elapsed":485545,"internal_node_id":"0.0-9.0-0.2"},{"rt":7517,"url":"../static/nodeGraphs.html","edge":"6to8","edgeRT":"5653","skip":"false","flipped":"False","index":"0","edgeClickLog":"[{\"edgeSelection\":\"6to8\",\"edgeRTMS\":5653}]","trial_id":"incong_0","congruency":"I","task":"experiment","subjectId":"p6yhmomnfr82qyt","trial_type":"external-html","trial_index":11,"time_elapsed":493951,"internal_node_id":"0.0-9.0-0.3"},{"rt":30011,"url":"../static/nodeGraphs.html","edge":"0to2","edgeRT":"29330","skip":"true","flipped":"False","index":"5","edgeClickLog":"[{\"edgeSelection\":\"0to2\",\"edgeRTMS\":29330}]","trial_id":"incong_5","congruency":"I","task":"experiment","subjectId":"p6yhmomnfr82qyt","trial_type":"external-html","trial_index":12,"time_elapsed":524941,"internal_node_id":"0.0-9.0-0.4"},{"rt":23259,"url":"../static/nodeGraphs.html","edge":"0to3","edgeRT":"21076","skip":"false","flipped":"True","index":"12","edgeClickLog":"[{\"edgeSelection\":\"0to3\",\"edgeRTMS\":21076}]","trial_id":"incong_2_flipped","congruency":"I","task":"experiment","subjectId":"p6yhmomnfr82qyt","trial_type":"external-html","trial_index":13,"time_elapsed":549115,"internal_node_id":"0.0-9.0-0.5"},{"rt":9553,"url":"../static/nodeGraphs.html","edge":"2to5","edgeRT":"8015","skip":"false","flipped":"True","index":"14","edgeClickLog":"[{\"edgeSelection\":\"2to5\",\"edgeRTMS\":8015}]","trial_id":"incong_4_flipped","congruency":"I","task":"experiment","subjectId":"p6yhmomnfr82qyt","trial_type":"external-html","trial_index":14,"time_elapsed":559576,"internal_node_id":"0.0-9.0-0.6"},{"rt":5891,"url":"../static/nodeGraphs.html","edge":"0to3","edgeRT":"4526","skip":"false","flipped":"True","index":"16","edgeClickLog":"[{\"edgeSelection\":\"0to3\",\"edgeRTMS\":4526}]","trial_id":"incong_6_flipped","congruency":"I","task":"experiment","subjectId":"p6yhmomnfr82qyt","trial_type":"external-html","trial_index":15,"time_elapsed":566352,"internal_node_id":"0.0-9.0-0.7"},{"rt":17180,"url":"../static/nodeGraphs.html","edge":"0to2","edgeRT":"15314","skip":"false","flipped":"True","index":"15","edgeClickLog":"[{\"edgeSelection\":\"0to2\",\"edgeRTMS\":15314}]","trial_id":"incong_5_flipped","congruency":"I","task":"experiment","subjectId":"p6yhmomnfr82qyt","trial_type":"external-html","trial_index":16,"time_elapsed":584298,"internal_node_id":"0.0-9.0-0.8"},{"rt":8891,"url":"../static/nodeGraphs.html","edge":"4to8","edgeRT":"7127","skip":"false","flipped":"False","index":"9","edgeClickLog":"[{\"edgeSelection\":\"4to8\",\"edgeRTMS\":7127}]","trial_id":"incong_9","congruency":"I","task":"experiment","subjectId":"p6yhmomnfr82qyt","trial_type":"external-html","trial_index":17,"time_elapsed":594136,"internal_node_id":"0.0-9.0-0.9"},{"rt":8591,"url":"../static/nodeGraphs.html","edge":"2to4","edgeRT":"6624","skip":"false","flipped":"False","index":"1","edgeClickLog":"[{\"edgeSelection\":\"2to4\",\"edgeRTMS\":6108},{\"edgeSelection\":\"2to4\",\"edgeRTMS\":6624}]","trial_id":"incong_1","congruency":"I","task":"experiment","subjectId":"p6yhmomnfr82qyt","trial_type":"external-html","trial_index":18,"time_elapsed":603672,"internal_node_id":"0.0-9.0-0.10"},{"rt":6068,"url":"../static/nodeGraphs.html","edge":"5to8","edgeRT":"4876","skip":"false","flipped":"False","index":"8","edgeClickLog":"[{\"edgeSelection\":\"5to8\",\"edgeRTMS\":4876}]","trial_id":"incong_8","congruency":"I","task":"experiment","subjectId":"p6yhmomnfr82qyt","trial_type":"external-html","trial_index":19,"time_elapsed":610670,"internal_node_id":"0.0-9.0-0.11"},{"rt":7915,"url":"../static/nodeGraphs.html","edge":"2to6","edgeRT":"5734","skip":"false","flipped":"True","index":"11","edgeClickLog":"[{\"edgeSelection\":\"2to6\",\"edgeRTMS\":5734}]","trial_id":"incong_1_flipped","congruency":"I","task":"experiment","subjectId":"p6yhmomnfr82qyt","trial_type":"external-html","trial_index":20,"time_elapsed":619683,"internal_node_id":"0.0-9.0-0.12"},{"rt":11590,"url":"../static/nodeGraphs.html","edge":"5to7","edgeRT":"8268","skip":"false","flipped":"True","index":"18","edgeClickLog":"[{\"edgeSelection\":\"5to7\",\"edgeRTMS\":8268}]","trial_id":"incong_8_flipped","congruency":"I","task":"experiment","subjectId":"p6yhmomnfr82qyt","trial_type":"external-html","trial_index":21,"time_elapsed":632171,"internal_node_id":"0.0-9.0-0.13"},{"rt":4442,"url":"../static/nodeGraphs.html","edge":"5to8","edgeRT":"3116","skip":"false","flipped":"True","index":"17","edgeClickLog":"[{\"edgeSelection\":\"5to8\",\"edgeRTMS\":3116}]","trial_id":"incong_7_flipped","congruency":"I","task":"experiment","subjectId":"p6yhmomnfr82qyt","trial_type":"external-html","trial_index":22,"time_elapsed":637523,"internal_node_id":"0.0-9.0-0.14"},{"rt":14440,"url":"../static/nodeGraphs.html","edge":"0to2","edgeRT":"11522","skip":"false","flipped":"False","index":"2","edgeClickLog":"[{\"edgeSelection\":\"0to2\",\"edgeRTMS\":11522}]","trial_id":"incong_2","congruency":"I","task":"experiment","subjectId":"p6yhmomnfr82qyt","trial_type":"external-html","trial_index":23,"time_elapsed":652740,"internal_node_id":"0.0-9.0-0.15"},{"rt":9955,"url":"../static/nodeGraphs.html","edge":"0to1","edgeRT":"8232","skip":"false","flipped":"False","index":"6","edgeClickLog":"[{\"edgeSelection\":\"0to2\",\"edgeRTMS\":5521},{\"edgeSelection\":\"0to1\",\"edgeRTMS\":8232}]","trial_id":"incong_6","congruency":"I","task":"experiment","subjectId":"p6yhmomnfr82qyt","trial_type":"external-html","trial_index":24,"time_elapsed":663620,"internal_node_id":"0.0-9.0-0.16"},{"rt":8216,"url":"../static/nodeGraphs.html","edge":"5to7","edgeRT":"4377","skip":"false","flipped":"False","index":"3","edgeClickLog":"[{\"edgeSelection\":\"5to7\",\"edgeRTMS\":4377}]","trial_id":"incong_3","congruency":"I","task":"experiment","subjectId":"p6yhmomnfr82qyt","trial_type":"external-html","trial_index":25,"time_elapsed":672730,"internal_node_id":"0.0-9.0-0.17"},{"rt":7237,"url":"../static/nodeGraphs.html","edge":"4to8","edgeRT":"2761","skip":"false","flipped":"True","index":"10","edgeClickLog":"[{\"edgeSelection\":\"4to8\",\"edgeRTMS\":2761}]","trial_id":"incong_0_flipped","congruency":"I","task":"experiment","subjectId":"p6yhmomnfr82qyt","trial_type":"external-html","trial_index":26,"time_elapsed":680966,"internal_node_id":"0.0-9.0-0.18"},{"rt":5394,"url":"../static/nodeGraphs.html","edge":"6to8","edgeRT":"4209","skip":"false","flipped":"True","index":"19","edgeClickLog":"[{\"edgeSelection\":\"6to8\",\"edgeRTMS\":4209}]","trial_id":"incong_9_flipped","congruency":"I","task":"experiment","subjectId":"p6yhmomnfr82qyt","trial_type":"external-html","trial_index":27,"time_elapsed":687312,"internal_node_id":"0.0-9.0-0.19"},{"rt":4120,"url":"../static/nodeGraphs.html","edge":"5to8","edgeRT":"2937","skip":"false","flipped":"False","index":"20","edgeClickLog":"[{\"edgeSelection\":\"5to8\",\"edgeRTMS\":2937}]","trial_id":"test_0","congruency":"I","task":"experiment","subjectId":"p6yhmomnfr82qyt","trial_type":"external-html","trial_index":28,"time_elapsed":692181,"internal_node_id":"0.0-9.0-0.20"},{"rt":9382,"url":"../static/nodeGraphs.html","edge":"4to7","edgeRT":"8082","skip":"false","flipped":"False","index":"21","edgeClickLog":"[{\"edgeSelection\":\"4to7\",\"edgeRTMS\":8082}]","trial_id":"test_1","congruency":"I","task":"experiment","subjectId":"p6yhmomnfr82qyt","trial_type":"external-html","trial_index":29,"time_elapsed":702563,"internal_node_id":"0.0-9.0-0.21"},{"rt":6443,"url":"../static/nodeGraphs.html","edge":"6to8","edgeRT":"4746","skip":"false","flipped":"False","index":"22","edgeClickLog":"[{\"edgeSelection\":\"6to8\",\"edgeRTMS\":4746}]","trial_id":"test_2","congruency":"I","task":"experiment","subjectId":"p6yhmomnfr82qyt","trial_type":"external-html","trial_index":30,"time_elapsed":709864,"internal_node_id":"0.0-9.0-0.22"},{"rt":7368,"url":"../static/nodeGraphs.html","edge":"5to9","edgeRT":"3423","skip":"false","flipped":"False","index":"23","edgeClickLog":"[{\"edgeSelection\":\"5to9\",\"edgeRTMS\":3423}]","trial_id":"test_3","congruency":"I","task":"experiment","subjectId":"p6yhmomnfr82qyt","trial_type":"external-html","trial_index":31,"time_elapsed":718376,"internal_node_id":"0.0-9.0-0.23"},{"rt":15927,"url":"../static/nodeGraphs.html","edge":"0to3","edgeRT":"14551","skip":"false","flipped":"False","index":"24","edgeClickLog":"[{\"edgeSelection\":\"0to3\",\"edgeRTMS\":14551}]","trial_id":"test_4","congruency":"I","task":"experiment","subjectId":"p6yhmomnfr82qyt","trial_type":"external-html","trial_index":32,"time_elapsed":735014,"internal_node_id":"0.0-9.0-0.24"},{"rt":68154,"response":{"P0_Q0":null,"P0_Q1":6,"P0_Q2":6,"P0_Q3":5,"P0_Q4":7,"P0_Q5":6,"strategies":"I tried to find the path that generated more points.","feedback":"none."},"accuracy":[],"trial_type":"survey","trial_index":33,"time_elapsed":803856,"internal_node_id":"0.0-10.0"},{"rt":4460,"stimulus":"<p>Thanks for your time!</p>        <p>We need to manually calculate your bonus pay, please give us up to 7 days.</p><p>Press any key to conclude.</p>","response":" ","task":"end","subjectId":"p6yhmomnfr82qyt","trial_type":"html-keyboard-response","trial_index":34,"time_elapsed":808314,"internal_node_id":"0.0-11.0","interactions":"[{\"event\":\"fullscreenenter\",\"trial\":1,\"time\":4511}]"}]