[{"success":true,"timeout":false,"failed_images":[],"failed_audio":[],"failed_video":[],"trial_type":"preload","trial_index":0,"time_elapsed":247,"internal_node_id":"0.0-0.0"},{"success":true,"trial_type":"fullscreen","trial_index":1,"time_elapsed":2691,"internal_node_id":"0.0-1.0"},{"rt":1930,"stimulus":"Welcome to the experiment. Press any key to begin.","response":"arrowleft","trial_type":"html-keyboard-response","trial_index":2,"time_elapsed":4622,"internal_node_id":"0.0-2.0"},{"view_history":[{"page_index":0,"viewing_time":2096},{"page_index":1,"viewing_time":4056},{"page_index":0,"viewing_time":783},{"page_index":1,"viewing_time":264},{"page_index":2,"viewing_time":760928},{"page_index":3,"viewing_time":4143},{"page_index":4,"viewing_time":617},{"page_index":5,"viewing_time":312},{"page_index":6,"viewing_time":400},{"page_index":7,"viewing_time":14145},{"page_index":8,"viewing_time":4272},{"page_index":9,"viewing_time":3496},{"page_index":10,"viewing_time":1696},{"page_index":11,"viewing_time":416},{"page_index":12,"viewing_time":377},{"page_index":13,"viewing_time":912},{"page_index":14,"viewing_time":1184},{"page_index":15,"viewing_time":2408},{"page_index":16,"viewing_time":1336},{"page_index":17,"viewing_time":600},{"page_index":18,"viewing_time":559},{"page_index":19,"viewing_time":7353},{"page_index":20,"viewing_time":1328},{"page_index":21,"viewing_time":3176}],"rt":816855,"trial_type":"instructions","trial_index":3,"time_elapsed":821509,"internal_node_id":"0.0-3.0"},{"rt":75398,"url":"../static/nodeGraphsTraining.html","skip":[],"edgeClickLog":[],"trial_type":"external-html","trial_index":4,"time_elapsed":897420,"internal_node_id":"0.0-4.0"},{"rt":39562,"response":{"q1":"The goal is to help the student to get the most points","q2":"False","q3":"Possible paths you, as the teacher, can navigate.","q4":"Possible paths you, as the teacher, can choose to teach the learner."},"question_order":[0,1,2,3],"trial_type":"survey-multi-choice","trial_index":5,"time_elapsed":936984,"internal_node_id":"0.0-5.0"},{"rt":29892,"response":{"q1":"The goal is to help the student to get the most points","q2":"False","q3":"Possible paths you, as the teacher, can choose to teach the learner.","q4":"Paths that the student took before."},"question_order":[0,1,2,3],"trial_type":"survey-multi-choice","trial_index":6,"time_elapsed":966880,"internal_node_id":"0.0-6.0-0.0"},{"rt":20442,"stimulus":"<p>You can take a 60 second break before starting the experiment.</p><br><br><p>This page will advance in 60 seconds or you can press any key to advance now.</p>","response":"arrowright","trial_type":"html-keyboard-response","trial_index":7,"time_elapsed":987324,"internal_node_id":"0.0-7.0"},{"view_history":[{"page_index":0,"viewing_time":11813}],"rt":11813,"trial_type":"instructions","trial_index":8,"time_elapsed":999138,"internal_node_id":"0.0-8.0"},{"rt":7718,"url":"../static/nodeGraphs.html","edge":"4to8","edgeRT":"5914","skip":"false","flipped":"False","index":"4","edgeClickLog":"[{\"edgeSelection\":\"0to2\",\"edgeRTMS\":2294},{\"edgeSelection\":\"2to4\",\"edgeRTMS\":4475},{\"edgeSelection\":\"4to8\",\"edgeRTMS\":5914}]","trial_id":"cong_4","congruency":"C","task":"experiment","subjectId":"alal92e516s1mlp","trial_type":"external-html","trial_index":9,"time_elapsed":1007026,"internal_node_id":"0.0-9.0-0.0"},{"rt":6864,"url":"../static/nodeGraphs.html","edge":"6to8","edgeRT":"4945","skip":"false","flipped":"True","index":"14","edgeClickLog":"[{\"edgeSelection\":\"0to2\",\"edgeRTMS\":2452},{\"edgeSelection\":\"2to6\",\"edgeRTMS\":3574},{\"edgeSelection\":\"6to8\",\"edgeRTMS\":4945}]","trial_id":"cong_4_flipped","congruency":"C","task":"experiment","subjectId":"alal92e516s1mlp","trial_type":"external-html","trial_index":10,"time_elapsed":1014572,"internal_node_id":"0.0-9.0-0.1"},{"rt":8804,"url":"../static/nodeGraphs.html","edge":"6to8","edgeRT":"8004","skip":"false","flipped":"True","index":"17","edgeClickLog":"[{\"edgeSelection\":\"0to1\",\"edgeRTMS\":1548},{\"edgeSelection\":\"0to2\",\"edgeRTMS\":4097},{\"edgeSelection\":\"2to6\",\"edgeRTMS\":6689},{\"edgeSelection\":\"6to8\",\"edgeRTMS\":8004}]","trial_id":"cong_7_flipped","congruency":"C","task":"experiment","subjectId":"alal92e516s1mlp","trial_type":"external-html","trial_index":11,"time_elapsed":1024050,"internal_node_id":"0.0-9.0-0.2"},{"rt":7416,"url":"../static/nodeGraphs.html","edge":"6to9","edgeRT":"6586","skip":"false","flipped":"False","index":"1","edgeClickLog":"[{\"edgeSelection\":\"0to2\",\"edgeRTMS\":3147},{\"edgeSelection\":\"2to6\",\"edgeRTMS\":4785},{\"edgeSelection\":\"6to9\",\"edgeRTMS\":6586}]","trial_id":"cong_1","congruency":"C","task":"experiment","subjectId":"alal92e516s1mlp","trial_type":"external-html","trial_index":12,"time_elapsed":1032142,"internal_node_id":"0.0-9.0-0.3"},{"rt":6154,"url":"../static/nodeGraphs.html","edge":"5to7","edgeRT":"5278","skip":"false","flipped":"True","index":"16","edgeClickLog":"[{\"edgeSelection\":\"0to2\",\"edgeRTMS\":3542},{\"edgeSelection\":\"2to5\",\"edgeRTMS\":4297},{\"edgeSelection\":\"5to7\",\"edgeRTMS\":5278}]","trial_id":"cong_6_flipped","congruency":"C","task":"experiment","subjectId":"alal92e516s1mlp","trial_type":"external-html","trial_index":13,"time_elapsed":1038966,"internal_node_id":"0.0-9.0-0.4"},{"rt":5795,"url":"../static/nodeGraphs.html","edge":"5to9","edgeRT":"5012","skip":"false","flipped":"False","index":"3","edgeClickLog":"[{\"edgeSelection\":\"0to1\",\"edgeRTMS\":3232},{\"edgeSelection\":\"1to5\",\"edgeRTMS\":4165},{\"edgeSelection\":\"5to9\",\"edgeRTMS\":5012}]","trial_id":"cong_3","congruency":"C","task":"experiment","subjectId":"alal92e516s1mlp","trial_type":"external-html","trial_index":14,"time_elapsed":1045434,"internal_node_id":"0.0-9.0-0.5"},{"rt":8617,"url":"../static/nodeGraphs.html","edge":"4to7","edgeRT":"7567","skip":"false","flipped":"False","index":"7","edgeClickLog":"[{\"edgeSelection\":\"0to2\",\"edgeRTMS\":3815},{\"edgeSelection\":\"2to4\",\"edgeRTMS\":4663},{\"edgeSelection\":\"4to7\",\"edgeRTMS\":7567}]","trial_id":"cong_7","congruency":"C","task":"experiment","subjectId":"alal92e516s1mlp","trial_type":"external-html","trial_index":15,"time_elapsed":1054724,"internal_node_id":"0.0-9.0-0.6"},{"rt":8168,"url":"../static/nodeGraphs.html","edge":"4to8","edgeRT":"6886","skip":"false","flipped":"False","index":"5","edgeClickLog":"[{\"edgeSelection\":\"0to1\",\"edgeRTMS\":2993},{\"edgeSelection\":\"0to1\",\"edgeRTMS\":4340},{\"edgeSelection\":\"1to4\",\"edgeRTMS\":5493},{\"edgeSelection\":\"4to8\",\"edgeRTMS\":6886}]","trial_id":"cong_5","congruency":"C","task":"experiment","subjectId":"alal92e516s1mlp","trial_type":"external-html","trial_index":16,"time_elapsed":1063582,"internal_node_id":"0.0-9.0-0.7"},{"rt":9625,"url":"../static/nodeGraphs.html","edge":"4to7","edgeRT":"8858","skip":"false","flipped":"False","index":"8","edgeClickLog":"[{\"edgeSelection\":\"0to1\",\"edgeRTMS\":6647},{\"edgeSelection\":\"1to4\",\"edgeRTMS\":8199},{\"edgeSelection\":\"4to7\",\"edgeRTMS\":8858}]","trial_id":"cong_8","congruency":"C","task":"experiment","subjectId":"alal92e516s1mlp","trial_type":"external-html","trial_index":17,"time_elapsed":1073898,"internal_node_id":"0.0-9.0-0.8"},{"rt":7313,"url":"../static/nodeGraphs.html","edge":"5to7","edgeRT":"6431","skip":"false","flipped":"True","index":"13","edgeClickLog":"[{\"edgeSelection\":\"0to1\",\"edgeRTMS\":3093},{\"edgeSelection\":\"1to5\",\"edgeRTMS\":5255},{\"edgeSelection\":\"5to7\",\"edgeRTMS\":6431}]","trial_id":"cong_3_flipped","congruency":"C","task":"experiment","subjectId":"alal92e516s1mlp","trial_type":"external-html","trial_index":18,"time_elapsed":1081887,"internal_node_id":"0.0-9.0-0.9"},{"rt":8625,"url":"../static/nodeGraphs.html","edge":"5to7","edgeRT":"7840","skip":"false","flipped":"False","index":"6","edgeClickLog":"[{\"edgeSelection\":\"0to2\",\"edgeRTMS\":2714},{\"edgeSelection\":\"0to2\",\"edgeRTMS\":4149},{\"edgeSelection\":\"2to5\",\"edgeRTMS\":5616},{\"edgeSelection\":\"5to7\",\"edgeRTMS\":7840}]","trial_id":"cong_6","congruency":"C","task":"experiment","subjectId":"alal92e516s1mlp","trial_type":"external-html","trial_index":19,"time_elapsed":1091186,"internal_node_id":"0.0-9.0-0.10"},{"rt":6255,"url":"../static/nodeGraphs.html","edge":"6to9","edgeRT":"5046","skip":"false","flipped":"True","index":"10","edgeClickLog":"[{\"edgeSelection\":\"0to3\",\"edgeRTMS\":2012},{\"edgeSelection\":\"3to6\",\"edgeRTMS\":3087},{\"edgeSelection\":\"6to9\",\"edgeRTMS\":5046}]","trial_id":"cong_0_flipped","congruency":"C","task":"experiment","subjectId":"alal92e516s1mlp","trial_type":"external-html","trial_index":20,"time_elapsed":1098117,"internal_node_id":"0.0-9.0-0.11"},{"rt":10897,"url":"../static/nodeGraphs.html","edge":"6to9","edgeRT":"10064","skip":"false","flipped":"True","index":"18","edgeClickLog":"[{\"edgeSelection\":\"0to3\",\"edgeRTMS\":6320},{\"edgeSelection\":\"3to6\",\"edgeRTMS\":8607},{\"edgeSelection\":\"6to9\",\"edgeRTMS\":10064}]","trial_id":"cong_8_flipped","congruency":"C","task":"experiment","subjectId":"alal92e516s1mlp","trial_type":"external-html","trial_index":21,"time_elapsed":1109695,"internal_node_id":"0.0-9.0-0.12"},{"rt":5177,"url":"../static/nodeGraphs.html","edge":"4to7","edgeRT":"4390","skip":"false","flipped":"True","index":"11","edgeClickLog":"[{\"edgeSelection\":\"0to2\",\"edgeRTMS\":1646},{\"edgeSelection\":\"2to4\",\"edgeRTMS\":2564},{\"edgeSelection\":\"2to4\",\"edgeRTMS\":3160},{\"edgeSelection\":\"4to7\",\"edgeRTMS\":4390}]","trial_id":"cong_1_flipped","congruency":"C","task":"experiment","subjectId":"alal92e516s1mlp","trial_type":"external-html","trial_index":22,"time_elapsed":1115546,"internal_node_id":"0.0-9.0-0.13"},{"rt":5899,"url":"../static/nodeGraphs.html","edge":"4to7","edgeRT":"4597","skip":"false","flipped":"False","index":"0","edgeClickLog":"[{\"edgeSelection\":\"0to1\",\"edgeRTMS\":2429},{\"edgeSelection\":\"1to4\",\"edgeRTMS\":3331},{\"edgeSelection\":\"4to7\",\"edgeRTMS\":4597}]","trial_id":"cong_0","congruency":"C","task":"experiment","subjectId":"alal92e516s1mlp","trial_type":"external-html","trial_index":23,"time_elapsed":1122125,"internal_node_id":"0.0-9.0-0.14"},{"rt":6882,"url":"../static/nodeGraphs.html","edge":"5to9","edgeRT":"6076","skip":"false","flipped":"False","index":"2","edgeClickLog":"[{\"edgeSelection\":\"0to1\",\"edgeRTMS\":4358},{\"edgeSelection\":\"1to5\",\"edgeRTMS\":5189},{\"edgeSelection\":\"5to9\",\"edgeRTMS\":6076}]","trial_id":"cong_2","congruency":"C","task":"experiment","subjectId":"alal92e516s1mlp","trial_type":"external-html","trial_index":24,"time_elapsed":1129683,"internal_node_id":"0.0-9.0-0.15"},{"rt":6400,"url":"../static/nodeGraphs.html","edge":"5to7","edgeRT":"5595","skip":"false","flipped":"True","index":"12","edgeClickLog":"[{\"edgeSelection\":\"0to1\",\"edgeRTMS\":3188},{\"edgeSelection\":\"1to5\",\"edgeRTMS\":3966},{\"edgeSelection\":\"5to7\",\"edgeRTMS\":5595}]","trial_id":"cong_2_flipped","congruency":"C","task":"experiment","subjectId":"alal92e516s1mlp","trial_type":"external-html","trial_index":25,"time_elapsed":1136751,"internal_node_id":"0.0-9.0-0.16"},{"rt":4613,"url":"../static/nodeGraphs.html","edge":"5to8","edgeRT":"3666","skip":"false","flipped":"False","index":"9","edgeClickLog":"[{\"edgeSelection\":\"0to2\",\"edgeRTMS\":1125},{\"edgeSelection\":\"2to5\",\"edgeRTMS\":1795},{\"edgeSelection\":\"5to8\",\"edgeRTMS\":3275},{\"edgeSelection\":\"5to8\",\"edgeRTMS\":3666}]","trial_id":"cong_9","congruency":"C","task":"experiment","subjectId":"alal92e516s1mlp","trial_type":"external-html","trial_index":26,"time_elapsed":1142031,"internal_node_id":"0.0-9.0-0.17"},{"rt":7143,"url":"../static/nodeGraphs.html","edge":"6to8","edgeRT":"6127","skip":"false","flipped":"True","index":"15","edgeClickLog":"[{\"edgeSelection\":\"0to3\",\"edgeRTMS\":3465},{\"edgeSelection\":\"0to3\",\"edgeRTMS\":3867},{\"edgeSelection\":\"3to6\",\"edgeRTMS\":5182},{\"edgeSelection\":\"6to8\",\"edgeRTMS\":6127}]","trial_id":"cong_5_flipped","congruency":"C","task":"experiment","subjectId":"alal92e516s1mlp","trial_type":"external-html","trial_index":27,"time_elapsed":1149847,"internal_node_id":"0.0-9.0-0.18"},{"rt":4503,"url":"../static/nodeGraphs.html","edge":"5to8","edgeRT":"3755","skip":"false","flipped":"True","index":"19","edgeClickLog":"[{\"edgeSelection\":\"0to2\",\"edgeRTMS\":2320},{\"edgeSelection\":\"2to5\",\"edgeRTMS\":2966},{\"edgeSelection\":\"5to8\",\"edgeRTMS\":3755}]","trial_id":"cong_9_flipped","congruency":"C","task":"experiment","subjectId":"alal92e516s1mlp","trial_type":"external-html","trial_index":28,"time_elapsed":1155023,"internal_node_id":"0.0-9.0-0.19"},{"rt":7316,"url":"../static/nodeGraphs.html","edge":"6to8","edgeRT":"6116","skip":"false","flipped":"False","index":"20","edgeClickLog":"[{\"edgeSelection\":\"0to2\",\"edgeRTMS\":3921},{\"edgeSelection\":\"2to6\",\"edgeRTMS\":4987},{\"edgeSelection\":\"6to8\",\"edgeRTMS\":6116}]","trial_id":"test_0","congruency":"I","task":"experiment","subjectId":"alal92e516s1mlp","trial_type":"external-html","trial_index":29,"time_elapsed":1163013,"internal_node_id":"0.0-9.0-0.20"},{"rt":4959,"url":"../static/nodeGraphs.html","edge":"6to9","edgeRT":"4032","skip":"false","flipped":"False","index":"21","edgeClickLog":"[{\"edgeSelection\":\"0to3\",\"edgeRTMS\":2134},{\"edgeSelection\":\"3to6\",\"edgeRTMS\":2866},{\"edgeSelection\":\"6to9\",\"edgeRTMS\":4032}]","trial_id":"test_1","congruency":"I","task":"experiment","subjectId":"alal92e516s1mlp","trial_type":"external-html","trial_index":30,"time_elapsed":1168642,"internal_node_id":"0.0-9.0-0.21"},{"rt":10711,"url":"../static/nodeGraphs.html","edge":"6to8","edgeRT":"7597","skip":"false","flipped":"False","index":"22","edgeClickLog":"[{\"edgeSelection\":\"0to3\",\"edgeRTMS\":3171},{\"edgeSelection\":\"3to6\",\"edgeRTMS\":4345},{\"edgeSelection\":\"3to6\",\"edgeRTMS\":5176},{\"edgeSelection\":\"6to8\",\"edgeRTMS\":7597}]","trial_id":"test_2","congruency":"I","task":"experiment","subjectId":"alal92e516s1mlp","trial_type":"external-html","trial_index":31,"time_elapsed":1180031,"internal_node_id":"0.0-9.0-0.22"},{"rt":5355,"url":"../static/nodeGraphs.html","edge":"5to9","edgeRT":"4613","skip":"false","flipped":"False","index":"23","edgeClickLog":"[{\"edgeSelection\":\"0to1\",\"edgeRTMS\":2889},{\"edgeSelection\":\"1to5\",\"edgeRTMS\":3900},{\"edgeSelection\":\"5to9\",\"edgeRTMS\":4613}]","trial_id":"test_3","congruency":"I","task":"experiment","subjectId":"alal92e516s1mlp","trial_type":"external-html","trial_index":32,"time_elapsed":1186055,"internal_node_id":"0.0-9.0-0.23"},{"rt":6276,"url":"../static/nodeGraphs.html","edge":"5to9","edgeRT":"5163","skip":"false","flipped":"False","index":"24","edgeClickLog":"[{\"edgeSelection\":\"0to1\",\"edgeRTMS\":2057},{\"edgeSelection\":\"1to5\",\"edgeRTMS\":4134},{\"edgeSelection\":\"5to9\",\"edgeRTMS\":5163}]","trial_id":"test_4","congruency":"I","task":"experiment","subjectId":"alal92e516s1mlp","trial_type":"external-html","trial_index":33,"time_elapsed":1193001,"internal_node_id":"0.0-9.0-0.24"},{"rt":21806,"response":{"P0_Q0":null,"P0_Q1":2,"P0_Q2":6,"P0_Q3":6,"P0_Q4":2,"P0_Q5":2,"strategies":"scanning for the most points first","feedback":"no"},"accuracy":[],"trial_type":"survey","trial_index":34,"time_elapsed":1215412,"internal_node_id":"0.0-10.0"},{"rt":2181,"stimulus":"<p>Thanks for your time!</p>        <p>We need to manually calculate your bonus pay, please give us up to 7 days.</p><p>Press any key to conclude.</p>","response":"f","task":"end","subjectId":"alal92e516s1mlp","trial_type":"html-keyboard-response","trial_index":35,"time_elapsed":1217596,"internal_node_id":"0.0-11.0","interactions":"[{\"event\":\"fullscreenenter\",\"trial\":1,\"time\":1699},{\"event\":\"blur\",\"trial\":3,\"time\":260978},{\"event\":\"focus\",\"trial\":3,\"time\":770489},{\"event\":\"blur\",\"trial\":4,\"time\":836387},{\"event\":\"focus\",\"trial\":4,\"time\":836387},{\"event\":\"fullscreenexit\",\"trial\":4,\"time\":836396},{\"event\":\"blur\",\"trial\":4,\"time\":844902},{\"event\":\"focus\",\"trial\":4,\"time\":844902},{\"event\":\"blur\",\"trial\":7,\"time\":974489},{\"event\":\"focus\",\"trial\":7,\"time\":983737},{\"event\":\"blur\",\"trial\":7,\"time\":983737},{\"event\":\"focus\",\"trial\":7,\"time\":985695}]"}]