[{"success":true,"timeout":false,"failed_images":[],"failed_audio":[],"failed_video":[],"trial_type":"preload","trial_index":0,"time_elapsed":120,"internal_node_id":"0.0-0.0"},{"success":true,"trial_type":"fullscreen","trial_index":1,"time_elapsed":2787,"internal_node_id":"0.0-1.0"},{"rt":30373,"stimulus":"Welcome to the experiment. Press any key to begin.","response":"arrowup","trial_type":"html-keyboard-response","trial_index":2,"time_elapsed":33161,"internal_node_id":"0.0-2.0"},{"view_history":[{"page_index":0,"viewing_time":1462},{"page_index":1,"viewing_time":3427},{"page_index":2,"viewing_time":20084},{"page_index":3,"viewing_time":1975},{"page_index":4,"viewing_time":718},{"page_index":5,"viewing_time":527},{"page_index":6,"viewing_time":1152},{"page_index":7,"viewing_time":7961},{"page_index":8,"viewing_time":12546},{"page_index":9,"viewing_time":7445},{"page_index":10,"viewing_time":743},{"page_index":11,"viewing_time":370},{"page_index":12,"viewing_time":303},{"page_index":13,"viewing_time":976},{"page_index":14,"viewing_time":2109},{"page_index":15,"viewing_time":4321},{"page_index":16,"viewing_time":675},{"page_index":17,"viewing_time":385},{"page_index":18,"viewing_time":573},{"page_index":19,"viewing_time":1176},{"page_index":18,"viewing_time":266},{"page_index":17,"viewing_time":334},{"page_index":16,"viewing_time":554},{"page_index":15,"viewing_time":11607},{"page_index":16,"viewing_time":395},{"page_index":17,"viewing_time":284},{"page_index":18,"viewing_time":225},{"page_index":19,"viewing_time":1428},{"page_index":20,"viewing_time":6418},{"page_index":21,"viewing_time":3569}],"rt":94007,"trial_type":"instructions","trial_index":3,"time_elapsed":127168,"internal_node_id":"0.0-3.0"},{"rt":90853,"url":"../static/nodeGraphsTraining.html","skip":[],"edgeClickLog":[],"trial_type":"external-html","trial_index":4,"time_elapsed":218105,"internal_node_id":"0.0-4.0"},{"rt":31029,"response":{"q1":"The goal is to help the student to get the most points","q2":"False","q3":"Possible paths you, as the teacher, can choose to teach the learner.","q4":"Paths that the student took before."},"question_order":[0,1,2,3],"trial_type":"survey-multi-choice","trial_index":5,"time_elapsed":249135,"internal_node_id":"0.0-5.0"},{"rt":3359,"stimulus":"<p>You can take a 60 second break before starting the experiment.</p><br><br><p>This page will advance in 60 seconds or you can press any key to advance now.</p>","response":"arrowright","trial_type":"html-keyboard-response","trial_index":6,"time_elapsed":252497,"internal_node_id":"0.0-7.0"},{"view_history":[{"page_index":0,"viewing_time":7514}],"rt":7514,"trial_type":"instructions","trial_index":7,"time_elapsed":260012,"internal_node_id":"0.0-8.0"},{"rt":21162,"url":"../static/nodeGraphs.html","edge":"0to2","edgeRT":"18982","skip":"false","flipped":"False","index":"7","edgeClickLog":"[{\"edgeSelection\":\"0to2\",\"edgeRTMS\":18982}]","trial_id":"incong_7","congruency":"I","task":"experiment","subjectId":"c2ml2atmxk0y1ey","trial_type":"external-html","trial_index":8,"time_elapsed":281243,"internal_node_id":"0.0-9.0-0.0"},{"rt":10897,"url":"../static/nodeGraphs.html","edge":"6to9","edgeRT":"9026","skip":"false","flipped":"False","index":"1","edgeClickLog":"[{\"edgeSelection\":\"6to9\",\"edgeRTMS\":9026}]","trial_id":"incong_1","congruency":"I","task":"experiment","subjectId":"c2ml2atmxk0y1ey","trial_type":"external-html","trial_index":9,"time_elapsed":292710,"internal_node_id":"0.0-9.0-0.1"},{"rt":9244,"url":"../static/nodeGraphs.html","edge":"1to5","edgeRT":"8057","skip":"false","flipped":"False","index":"9","edgeClickLog":"[{\"edgeSelection\":\"1to5\",\"edgeRTMS\":8057}]","trial_id":"incong_9","congruency":"I","task":"experiment","subjectId":"c2ml2atmxk0y1ey","trial_type":"external-html","trial_index":10,"time_elapsed":302529,"internal_node_id":"0.0-9.0-0.2"},{"rt":9567,"url":"../static/nodeGraphs.html","edge":"6to8","edgeRT":"8786","skip":"false","flipped":"False","index":"6","edgeClickLog":"[{\"edgeSelection\":\"6to8\",\"edgeRTMS\":8786}]","trial_id":"incong_6","congruency":"I","task":"experiment","subjectId":"c2ml2atmxk0y1ey","trial_type":"external-html","trial_index":11,"time_elapsed":312664,"internal_node_id":"0.0-9.0-0.3"},{"rt":16269,"url":"../static/nodeGraphs.html","edge":"4to7","edgeRT":"14736","skip":"false","flipped":"True","index":"11","edgeClickLog":"[{\"edgeSelection\":\"4to7\",\"edgeRTMS\":14736}]","trial_id":"incong_1_flipped","congruency":"I","task":"experiment","subjectId":"c2ml2atmxk0y1ey","trial_type":"external-html","trial_index":12,"time_elapsed":329506,"internal_node_id":"0.0-9.0-0.4"},{"rt":18257,"url":"../static/nodeGraphs.html","edge":"6to8","edgeRT":"16291","skip":"false","flipped":"False","index":"0","edgeClickLog":"[{\"edgeSelection\":\"6to8\",\"edgeRTMS\":16291}]","trial_id":"incong_0","congruency":"I","task":"experiment","subjectId":"c2ml2atmxk0y1ey","trial_type":"external-html","trial_index":13,"time_elapsed":348334,"internal_node_id":"0.0-9.0-0.5"},{"rt":15104,"url":"../static/nodeGraphs.html","edge":"5to9","edgeRT":"11681","skip":"false","flipped":"True","index":"13","edgeClickLog":"[{\"edgeSelection\":\"5to9\",\"edgeRTMS\":11681}]","trial_id":"incong_3_flipped","congruency":"I","task":"experiment","subjectId":"c2ml2atmxk0y1ey","trial_type":"external-html","trial_index":14,"time_elapsed":364010,"internal_node_id":"0.0-9.0-0.6"},{"rt":12734,"url":"../static/nodeGraphs.html","edge":"4to8","edgeRT":"5670","skip":"false","flipped":"True","index":"16","edgeClickLog":"[{\"edgeSelection\":\"4to8\",\"edgeRTMS\":5670}]","trial_id":"incong_6_flipped","congruency":"I","task":"experiment","subjectId":"c2ml2atmxk0y1ey","trial_type":"external-html","trial_index":15,"time_elapsed":377314,"internal_node_id":"0.0-9.0-0.7"},{"rt":10123,"url":"../static/nodeGraphs.html","edge":"0to3","edgeRT":"9042","skip":"false","flipped":"True","index":"18","edgeClickLog":"[{\"edgeSelection\":\"0to3\",\"edgeRTMS\":9042}]","trial_id":"incong_8_flipped","congruency":"I","task":"experiment","subjectId":"c2ml2atmxk0y1ey","trial_type":"external-html","trial_index":16,"time_elapsed":388007,"internal_node_id":"0.0-9.0-0.8"},{"rt":8992,"url":"../static/nodeGraphs.html","edge":"0to3","edgeRT":"7641","skip":"false","flipped":"True","index":"12","edgeClickLog":"[{\"edgeSelection\":\"0to3\",\"edgeRTMS\":7641}]","trial_id":"incong_2_flipped","congruency":"I","task":"experiment","subjectId":"c2ml2atmxk0y1ey","trial_type":"external-html","trial_index":17,"time_elapsed":397568,"internal_node_id":"0.0-9.0-0.9"},{"rt":18845,"url":"../static/nodeGraphs.html","edge":"2to5","edgeRT":"17005","skip":"false","flipped":"True","index":"14","edgeClickLog":"[{\"edgeSelection\":\"2to5\",\"edgeRTMS\":17005}]","trial_id":"incong_4_flipped","congruency":"I","task":"experiment","subjectId":"c2ml2atmxk0y1ey","trial_type":"external-html","trial_index":18,"time_elapsed":416986,"internal_node_id":"0.0-9.0-0.10"},{"rt":13051,"url":"../static/nodeGraphs.html","edge":"4to8","edgeRT":"12037","skip":"false","flipped":"False","index":"4","edgeClickLog":"[{\"edgeSelection\":\"4to8\",\"edgeRTMS\":12037}]","trial_id":"incong_4","congruency":"I","task":"experiment","subjectId":"c2ml2atmxk0y1ey","trial_type":"external-html","trial_index":19,"time_elapsed":430608,"internal_node_id":"0.0-9.0-0.11"},{"rt":9108,"url":"../static/nodeGraphs.html","edge":"4to8","edgeRT":"6091","skip":"false","flipped":"True","index":"10","edgeClickLog":"[{\"edgeSelection\":\"4to8\",\"edgeRTMS\":6091}]","trial_id":"incong_0_flipped","congruency":"I","task":"experiment","subjectId":"c2ml2atmxk0y1ey","trial_type":"external-html","trial_index":20,"time_elapsed":440290,"internal_node_id":"0.0-9.0-0.12"},{"rt":17550,"url":"../static/nodeGraphs.html","edge":"0to2","edgeRT":"16630","skip":"false","flipped":"True","index":"17","edgeClickLog":"[{\"edgeSelection\":\"0to2\",\"edgeRTMS\":16630}]","trial_id":"incong_7_flipped","congruency":"I","task":"experiment","subjectId":"c2ml2atmxk0y1ey","trial_type":"external-html","trial_index":21,"time_elapsed":458412,"internal_node_id":"0.0-9.0-0.13"},{"rt":11743,"url":"../static/nodeGraphs.html","edge":"0to2","edgeRT":"10790","skip":"false","flipped":"False","index":"2","edgeClickLog":"[{\"edgeSelection\":\"0to2\",\"edgeRTMS\":10790}]","trial_id":"incong_2","congruency":"I","task":"experiment","subjectId":"c2ml2atmxk0y1ey","trial_type":"external-html","trial_index":22,"time_elapsed":470727,"internal_node_id":"0.0-9.0-0.14"},{"rt":30001,"url":"../static/nodeGraphs.html","edge":"","edgeRT":"undefined","skip":"true","flipped":"False","index":"5","edgeClickLog":"","trial_id":"incong_5","congruency":"I","task":"experiment","subjectId":"c2ml2atmxk0y1ey","trial_type":"external-html","trial_index":23,"time_elapsed":501297,"internal_node_id":"0.0-9.0-0.15"},{"rt":15151,"url":"../static/nodeGraphs.html","edge":"5to7","edgeRT":"13591","skip":"false","flipped":"False","index":"3","edgeClickLog":"[{\"edgeSelection\":\"0to2\",\"edgeRTMS\":10108},{\"edgeSelection\":\"2to6\",\"edgeRTMS\":11378},{\"edgeSelection\":\"5to7\",\"edgeRTMS\":13591}]","trial_id":"incong_3","congruency":"I","task":"experiment","subjectId":"c2ml2atmxk0y1ey","trial_type":"external-html","trial_index":24,"time_elapsed":517025,"internal_node_id":"0.0-9.0-0.16"},{"rt":24434,"url":"../static/nodeGraphs.html","edge":"5to8","edgeRT":"22721","skip":"false","flipped":"True","index":"15","edgeClickLog":"[{\"edgeSelection\":\"1to4\",\"edgeRTMS\":7820},{\"edgeSelection\":\"4to8\",\"edgeRTMS\":16229},{\"edgeSelection\":\"4to8\",\"edgeRTMS\":16889},{\"edgeSelection\":\"5to8\",\"edgeRTMS\":22721}]","trial_id":"incong_5_flipped","congruency":"I","task":"experiment","subjectId":"c2ml2atmxk0y1ey","trial_type":"external-html","trial_index":25,"time_elapsed":542030,"internal_node_id":"0.0-9.0-0.17"},{"rt":10911,"url":"../static/nodeGraphs.html","edge":"3to5","edgeRT":"8642","skip":"false","flipped":"True","index":"19","edgeClickLog":"[{\"edgeSelection\":\"6to8\",\"edgeRTMS\":3879},{\"edgeSelection\":\"3to5\",\"edgeRTMS\":8642}]","trial_id":"incong_9_flipped","congruency":"I","task":"experiment","subjectId":"c2ml2atmxk0y1ey","trial_type":"external-html","trial_index":26,"time_elapsed":553515,"internal_node_id":"0.0-9.0-0.18"},{"rt":17717,"url":"../static/nodeGraphs.html","edge":"5to9","edgeRT":"16740","skip":"false","flipped":"False","index":"8","edgeClickLog":"[{\"edgeSelection\":\"0to1\",\"edgeRTMS\":3937},{\"edgeSelection\":\"0to3\",\"edgeRTMS\":14699},{\"edgeSelection\":\"5to9\",\"edgeRTMS\":16740}]","trial_id":"incong_8","congruency":"I","task":"experiment","subjectId":"c2ml2atmxk0y1ey","trial_type":"external-html","trial_index":27,"time_elapsed":571803,"internal_node_id":"0.0-9.0-0.19"},{"rt":9996,"url":"../static/nodeGraphs.html","edge":"5to8","edgeRT":"9357","skip":"false","flipped":"False","index":"20","edgeClickLog":"[{\"edgeSelection\":\"5to8\",\"edgeRTMS\":9357}]","trial_id":"test_0","congruency":"I","task":"experiment","subjectId":"c2ml2atmxk0y1ey","trial_type":"external-html","trial_index":28,"time_elapsed":582373,"internal_node_id":"0.0-9.0-0.20"},{"rt":12252,"url":"../static/nodeGraphs.html","edge":"4to7","edgeRT":"8524","skip":"false","flipped":"False","index":"21","edgeClickLog":"[{\"edgeSelection\":\"4to7\",\"edgeRTMS\":8524}]","trial_id":"test_1","congruency":"I","task":"experiment","subjectId":"c2ml2atmxk0y1ey","trial_type":"external-html","trial_index":29,"time_elapsed":595203,"internal_node_id":"0.0-9.0-0.21"},{"rt":16409,"url":"../static/nodeGraphs.html","edge":"6to8","edgeRT":"14335","skip":"false","flipped":"False","index":"22","edgeClickLog":"[{\"edgeSelection\":\"6to8\",\"edgeRTMS\":14335}]","trial_id":"test_2","congruency":"I","task":"experiment","subjectId":"c2ml2atmxk0y1ey","trial_type":"external-html","trial_index":30,"time_elapsed":612189,"internal_node_id":"0.0-9.0-0.22"},{"rt":15717,"url":"../static/nodeGraphs.html","edge":"5to9","edgeRT":"6982","skip":"false","flipped":"False","index":"23","edgeClickLog":"[{\"edgeSelection\":\"5to9\",\"edgeRTMS\":6982}]","trial_id":"test_3","congruency":"I","task":"experiment","subjectId":"c2ml2atmxk0y1ey","trial_type":"external-html","trial_index":31,"time_elapsed":628477,"internal_node_id":"0.0-9.0-0.23"},{"rt":10155,"url":"../static/nodeGraphs.html","edge":"4to7","edgeRT":"9003","skip":"false","flipped":"False","index":"24","edgeClickLog":"[{\"edgeSelection\":\"4to8\",\"edgeRTMS\":4608},{\"edgeSelection\":\"4to7\",\"edgeRTMS\":9003}]","trial_id":"test_4","congruency":"I","task":"experiment","subjectId":"c2ml2atmxk0y1ey","trial_type":"external-html","trial_index":32,"time_elapsed":639208,"internal_node_id":"0.0-9.0-0.24"},{"rt":36676,"response":{"P0_Q0":null,"P0_Q1":3,"P0_Q2":5,"P0_Q3":5,"P0_Q4":3,"P0_Q5":4,"strategies":"net points gained from different path (0 to 3 = 3, 0 to 2 = 2, 1 to 3 = 2, etc)","feedback":""},"accuracy":[],"trial_type":"survey","trial_index":33,"time_elapsed":676444,"internal_node_id":"0.0-10.0"},{"rt":3528,"stimulus":"<p>Thanks for your time!</p>        <p>We need to manually calculate your bonus pay, please give us up to 7 days.</p><p>Press any key to conclude.</p>","response":"arrowup","task":"end","subjectId":"c2ml2atmxk0y1ey","trial_type":"html-keyboard-response","trial_index":34,"time_elapsed":679973,"internal_node_id":"0.0-11.0","interactions":"[{\"event\":\"fullscreenenter\",\"trial\":1,\"time\":1812},{\"event\":\"blur\",\"trial\":4,\"time\":170932},{\"event\":\"fullscreenexit\",\"trial\":4,\"time\":173330},{\"event\":\"focus\",\"trial\":4,\"time\":177646}]"}]