[{"success":true,"timeout":false,"failed_images":[],"failed_audio":[],"failed_video":[],"trial_type":"preload","trial_index":0,"time_elapsed":73,"internal_node_id":"0.0-0.0"},{"success":true,"trial_type":"fullscreen","trial_index":1,"time_elapsed":31957,"internal_node_id":"0.0-1.0"},{"rt":1991,"stimulus":"Welcome to the experiment. Press any key to begin.","response":"g","trial_type":"html-keyboard-response","trial_index":2,"time_elapsed":33949,"internal_node_id":"0.0-2.0"},{"view_history":[{"page_index":0,"viewing_time":1604},{"page_index":1,"viewing_time":3675},{"page_index":2,"viewing_time":19262},{"page_index":3,"viewing_time":3654},{"page_index":4,"viewing_time":4160},{"page_index":5,"viewing_time":1576},{"page_index":6,"viewing_time":1893},{"page_index":7,"viewing_time":7286},{"page_index":8,"viewing_time":10808},{"page_index":9,"viewing_time":7600},{"page_index":10,"viewing_time":1237},{"page_index":11,"viewing_time":882},{"page_index":12,"viewing_time":392},{"page_index":13,"viewing_time":2144},{"page_index":14,"viewing_time":1917},{"page_index":15,"viewing_time":3839},{"page_index":16,"viewing_time":2195},{"page_index":17,"viewing_time":2875},{"page_index":18,"viewing_time":1079},{"page_index":19,"viewing_time":4441},{"page_index":20,"viewing_time":4336},{"page_index":21,"viewing_time":3390}],"rt":90245,"trial_type":"instructions","trial_index":3,"time_elapsed":124193,"internal_node_id":"0.0-3.0"},{"rt":69699,"url":"../static/nodeGraphsTraining.html","skip":[],"edgeClickLog":[],"trial_type":"external-html","trial_index":4,"time_elapsed":193932,"internal_node_id":"0.0-4.0"},{"rt":38655,"response":{"q1":"The goal is to help the student to get the most points","q2":"False","q3":"Possible paths you, as the teacher, can choose to teach the learner.","q4":"Possible paths you, as the teacher, can navigate."},"question_order":[0,1,2,3],"trial_type":"survey-multi-choice","trial_index":5,"time_elapsed":232588,"internal_node_id":"0.0-5.0"},{"rt":17239,"response":{"q1":"The goal is to help the student to get the most points","q2":"False","q3":"Possible paths you, as the teacher, can choose to teach the learner.","q4":"Paths that the student took before."},"question_order":[0,1,2,3],"trial_type":"survey-multi-choice","trial_index":6,"time_elapsed":249828,"internal_node_id":"0.0-6.0-0.0"},{"rt":4236,"stimulus":"<p>You can take a 60 second break before starting the experiment.</p><br><br><p>This page will advance in 60 seconds or you can press any key to advance now.</p>","response":"arrowright","trial_type":"html-keyboard-response","trial_index":7,"time_elapsed":254065,"internal_node_id":"0.0-7.0"},{"view_history":[{"page_index":0,"viewing_time":11415}],"rt":11415,"trial_type":"instructions","trial_index":8,"time_elapsed":265480,"internal_node_id":"0.0-8.0"},{"rt":16597,"url":"../static/nodeGraphs.html","edge":"5to8","edgeRT":"15677","skip":"false","flipped":"False","index":"8","edgeClickLog":"[{\"edgeSelection\":\"5to8\",\"edgeRTMS\":14053},{\"edgeSelection\":\"5to8\",\"edgeRTMS\":15677}]","trial_id":"incong_8","congruency":"I","task":"experiment","subjectId":"uf0g8agat9tbstk","trial_type":"external-html","trial_index":9,"time_elapsed":282119,"internal_node_id":"0.0-9.0-0.0"},{"rt":30002,"url":"../static/nodeGraphs.html","edge":"2to6","edgeRT":"29937","skip":"true","flipped":"True","index":"15","edgeClickLog":"[{\"edgeSelection\":\"2to6\",\"edgeRTMS\":29937}]","trial_id":"incong_5_flipped","congruency":"I","task":"experiment","subjectId":"uf0g8agat9tbstk","trial_type":"external-html","trial_index":10,"time_elapsed":312661,"internal_node_id":"0.0-9.0-0.1"},{"rt":15116,"url":"../static/nodeGraphs.html","edge":"4to7","edgeRT":"14363","skip":"false","flipped":"True","index":"11","edgeClickLog":"[{\"edgeSelection\":\"4to7\",\"edgeRTMS\":14363}]","trial_id":"incong_1_flipped","congruency":"I","task":"experiment","subjectId":"uf0g8agat9tbstk","trial_type":"external-html","trial_index":11,"time_elapsed":328316,"internal_node_id":"0.0-9.0-0.2"},{"rt":6532,"url":"../static/nodeGraphs.html","edge":"5to8","edgeRT":"5608","skip":"false","flipped":"False","index":"7","edgeClickLog":"[{\"edgeSelection\":\"5to8\",\"edgeRTMS\":5608}]","trial_id":"incong_7","congruency":"I","task":"experiment","subjectId":"uf0g8agat9tbstk","trial_type":"external-html","trial_index":12,"time_elapsed":335391,"internal_node_id":"0.0-9.0-0.3"},{"rt":15042,"url":"../static/nodeGraphs.html","edge":"2to4","edgeRT":"13681","skip":"false","flipped":"False","index":"5","edgeClickLog":"[{\"edgeSelection\":\"2to4\",\"edgeRTMS\":13681}]","trial_id":"incong_5","congruency":"I","task":"experiment","subjectId":"uf0g8agat9tbstk","trial_type":"external-html","trial_index":13,"time_elapsed":350974,"internal_node_id":"0.0-9.0-0.4"},{"rt":12530,"url":"../static/nodeGraphs.html","edge":"2to6","edgeRT":"11736","skip":"false","flipped":"True","index":"12","edgeClickLog":"[{\"edgeSelection\":\"2to6\",\"edgeRTMS\":11736}]","trial_id":"incong_2_flipped","congruency":"I","task":"experiment","subjectId":"uf0g8agat9tbstk","trial_type":"external-html","trial_index":14,"time_elapsed":364045,"internal_node_id":"0.0-9.0-0.5"},{"rt":6947,"url":"../static/nodeGraphs.html","edge":"6to8","edgeRT":"5806","skip":"false","flipped":"True","index":"19","edgeClickLog":"[{\"edgeSelection\":\"6to8\",\"edgeRTMS\":5806}]","trial_id":"incong_9_flipped","congruency":"I","task":"experiment","subjectId":"uf0g8agat9tbstk","trial_type":"external-html","trial_index":15,"time_elapsed":371531,"internal_node_id":"0.0-9.0-0.6"},{"rt":11987,"url":"../static/nodeGraphs.html","edge":"0to3","edgeRT":"10182","skip":"false","flipped":"True","index":"16","edgeClickLog":"[{\"edgeSelection\":\"0to3\",\"edgeRTMS\":10182}]","trial_id":"incong_6_flipped","congruency":"I","task":"experiment","subjectId":"uf0g8agat9tbstk","trial_type":"external-html","trial_index":16,"time_elapsed":384063,"internal_node_id":"0.0-9.0-0.7"},{"rt":5841,"url":"../static/nodeGraphs.html","edge":"5to8","edgeRT":"5070","skip":"false","flipped":"True","index":"17","edgeClickLog":"[{\"edgeSelection\":\"5to8\",\"edgeRTMS\":5070}]","trial_id":"incong_7_flipped","congruency":"I","task":"experiment","subjectId":"uf0g8agat9tbstk","trial_type":"external-html","trial_index":17,"time_elapsed":390443,"internal_node_id":"0.0-9.0-0.8"},{"rt":16682,"url":"../static/nodeGraphs.html","edge":"5to8","edgeRT":"15103","skip":"false","flipped":"True","index":"18","edgeClickLog":"[{\"edgeSelection\":\"0to3\",\"edgeRTMS\":7232},{\"edgeSelection\":\"0to3\",\"edgeRTMS\":8237},{\"edgeSelection\":\"5to8\",\"edgeRTMS\":11688},{\"edgeSelection\":\"0to3\",\"edgeRTMS\":13183},{\"edgeSelection\":\"5to8\",\"edgeRTMS\":14765},{\"edgeSelection\":\"5to8\",\"edgeRTMS\":15103}]","trial_id":"incong_8_flipped","congruency":"I","task":"experiment","subjectId":"uf0g8agat9tbstk","trial_type":"external-html","trial_index":18,"time_elapsed":407666,"internal_node_id":"0.0-9.0-0.9"},{"rt":8095,"url":"../static/nodeGraphs.html","edge":"4to8","edgeRT":"7222","skip":"false","flipped":"True","index":"10","edgeClickLog":"[{\"edgeSelection\":\"4to8\",\"edgeRTMS\":7222}]","trial_id":"incong_0_flipped","congruency":"I","task":"experiment","subjectId":"uf0g8agat9tbstk","trial_type":"external-html","trial_index":19,"time_elapsed":416303,"internal_node_id":"0.0-9.0-0.10"},{"rt":13323,"url":"../static/nodeGraphs.html","edge":"6to8","edgeRT":"12623","skip":"false","flipped":"True","index":"14","edgeClickLog":"[{\"edgeSelection\":\"6to8\",\"edgeRTMS\":11489},{\"edgeSelection\":\"6to8\",\"edgeRTMS\":12623}]","trial_id":"incong_4_flipped","congruency":"I","task":"experiment","subjectId":"uf0g8agat9tbstk","trial_type":"external-html","trial_index":20,"time_elapsed":430165,"internal_node_id":"0.0-9.0-0.11"},{"rt":7104,"url":"../static/nodeGraphs.html","edge":"6to8","edgeRT":"6364","skip":"false","flipped":"False","index":"6","edgeClickLog":"[{\"edgeSelection\":\"6to8\",\"edgeRTMS\":6364}]","trial_id":"incong_6","congruency":"I","task":"experiment","subjectId":"uf0g8agat9tbstk","trial_type":"external-html","trial_index":21,"time_elapsed":437810,"internal_node_id":"0.0-9.0-0.12"},{"rt":15742,"url":"../static/nodeGraphs.html","edge":"0to2","edgeRT":"13242","skip":"false","flipped":"False","index":"2","edgeClickLog":"[{\"edgeSelection\":\"3to6\",\"edgeRTMS\":8218},{\"edgeSelection\":\"3to6\",\"edgeRTMS\":9922},{\"edgeSelection\":\"3to6\",\"edgeRTMS\":11045},{\"edgeSelection\":\"3to6\",\"edgeRTMS\":11500},{\"edgeSelection\":\"3to6\",\"edgeRTMS\":12003},{\"edgeSelection\":\"3to6\",\"edgeRTMS\":12316},{\"edgeSelection\":\"0to2\",\"edgeRTMS\":13242}]","trial_id":"incong_2","congruency":"I","task":"experiment","subjectId":"uf0g8agat9tbstk","trial_type":"external-html","trial_index":22,"time_elapsed":454094,"internal_node_id":"0.0-9.0-0.13"},{"rt":6794,"url":"../static/nodeGraphs.html","edge":"4to8","edgeRT":"5031","skip":"false","flipped":"False","index":"9","edgeClickLog":"[{\"edgeSelection\":\"4to8\",\"edgeRTMS\":5031}]","trial_id":"incong_9","congruency":"I","task":"experiment","subjectId":"uf0g8agat9tbstk","trial_type":"external-html","trial_index":23,"time_elapsed":461427,"internal_node_id":"0.0-9.0-0.14"},{"rt":5217,"url":"../static/nodeGraphs.html","edge":"6to8","edgeRT":"4353","skip":"false","flipped":"False","index":"0","edgeClickLog":"[{\"edgeSelection\":\"6to8\",\"edgeRTMS\":4353}]","trial_id":"incong_0","congruency":"I","task":"experiment","subjectId":"uf0g8agat9tbstk","trial_type":"external-html","trial_index":24,"time_elapsed":467185,"internal_node_id":"0.0-9.0-0.15"},{"rt":7207,"url":"../static/nodeGraphs.html","edge":"6to9","edgeRT":"5228","skip":"false","flipped":"False","index":"1","edgeClickLog":"[{\"edgeSelection\":\"6to9\",\"edgeRTMS\":5228}]","trial_id":"incong_1","congruency":"I","task":"experiment","subjectId":"uf0g8agat9tbstk","trial_type":"external-html","trial_index":25,"time_elapsed":474932,"internal_node_id":"0.0-9.0-0.16"},{"rt":5562,"url":"../static/nodeGraphs.html","edge":"5to7","edgeRT":"4590","skip":"false","flipped":"False","index":"3","edgeClickLog":"[{\"edgeSelection\":\"5to7\",\"edgeRTMS\":4590}]","trial_id":"incong_3","congruency":"I","task":"experiment","subjectId":"uf0g8agat9tbstk","trial_type":"external-html","trial_index":26,"time_elapsed":481035,"internal_node_id":"0.0-9.0-0.17"},{"rt":5530,"url":"../static/nodeGraphs.html","edge":"4to8","edgeRT":"4873","skip":"false","flipped":"False","index":"4","edgeClickLog":"[{\"edgeSelection\":\"4to8\",\"edgeRTMS\":4873}]","trial_id":"incong_4","congruency":"I","task":"experiment","subjectId":"uf0g8agat9tbstk","trial_type":"external-html","trial_index":27,"time_elapsed":487114,"internal_node_id":"0.0-9.0-0.18"},{"rt":5680,"url":"../static/nodeGraphs.html","edge":"5to9","edgeRT":"4456","skip":"false","flipped":"True","index":"13","edgeClickLog":"[{\"edgeSelection\":\"5to9\",\"edgeRTMS\":4456}]","trial_id":"incong_3_flipped","congruency":"I","task":"experiment","subjectId":"uf0g8agat9tbstk","trial_type":"external-html","trial_index":28,"time_elapsed":493335,"internal_node_id":"0.0-9.0-0.19"},{"rt":6417,"url":"../static/nodeGraphs.html","edge":"5to8","edgeRT":"5827","skip":"false","flipped":"False","index":"20","edgeClickLog":"[{\"edgeSelection\":\"5to8\",\"edgeRTMS\":5827}]","trial_id":"test_0","congruency":"I","task":"experiment","subjectId":"uf0g8agat9tbstk","trial_type":"external-html","trial_index":29,"time_elapsed":500292,"internal_node_id":"0.0-9.0-0.20"},{"rt":7459,"url":"../static/nodeGraphs.html","edge":"4to7","edgeRT":"5642","skip":"false","flipped":"False","index":"21","edgeClickLog":"[{\"edgeSelection\":\"4to7\",\"edgeRTMS\":5642}]","trial_id":"test_1","congruency":"I","task":"experiment","subjectId":"uf0g8agat9tbstk","trial_type":"external-html","trial_index":30,"time_elapsed":508291,"internal_node_id":"0.0-9.0-0.21"},{"rt":7466,"url":"../static/nodeGraphs.html","edge":"6to8","edgeRT":"5873","skip":"false","flipped":"False","index":"22","edgeClickLog":"[{\"edgeSelection\":\"6to8\",\"edgeRTMS\":5873}]","trial_id":"test_2","congruency":"I","task":"experiment","subjectId":"uf0g8agat9tbstk","trial_type":"external-html","trial_index":31,"time_elapsed":516294,"internal_node_id":"0.0-9.0-0.22"},{"rt":5594,"url":"../static/nodeGraphs.html","edge":"5to7","edgeRT":"4873","skip":"false","flipped":"False","index":"23","edgeClickLog":"[{\"edgeSelection\":\"5to7\",\"edgeRTMS\":4873}]","trial_id":"test_3","congruency":"I","task":"experiment","subjectId":"uf0g8agat9tbstk","trial_type":"external-html","trial_index":32,"time_elapsed":522426,"internal_node_id":"0.0-9.0-0.23"},{"rt":9867,"url":"../static/nodeGraphs.html","edge":"1to5","edgeRT":"8294","skip":"false","flipped":"False","index":"24","edgeClickLog":"[{\"edgeSelection\":\"1to5\",\"edgeRTMS\":8294}]","trial_id":"test_4","congruency":"I","task":"experiment","subjectId":"uf0g8agat9tbstk","trial_type":"external-html","trial_index":33,"time_elapsed":532835,"internal_node_id":"0.0-9.0-0.24"},{"rt":46457,"response":{"P0_Q0":null,"P0_Q1":4,"P0_Q2":6,"P0_Q3":7,"P0_Q4":3,"P0_Q5":1,"strategies":"Analyze options that would increase the potential total number of points and assume the students didn't know any paths that weren't solid black","feedback":""},"accuracy":[],"trial_type":"survey","trial_index":34,"time_elapsed":579827,"internal_node_id":"0.0-10.0"},{"rt":1625,"stimulus":"<p>Thanks for your time!</p>        <p>We need to manually calculate your bonus pay, please give us up to 7 days.</p><p>Press any key to conclude.</p>","response":"e","task":"end","subjectId":"uf0g8agat9tbstk","trial_type":"html-keyboard-response","trial_index":35,"time_elapsed":581454,"internal_node_id":"0.0-11.0","interactions":"[{\"event\":\"blur\",\"trial\":1,\"time\":4517},{\"event\":\"focus\",\"trial\":1,\"time\":30879},{\"event\":\"fullscreenenter\",\"trial\":1,\"time\":30968}]"}]