[{"success":true,"timeout":false,"failed_images":[],"failed_audio":[],"failed_video":[],"trial_type":"preload","trial_index":0,"time_elapsed":341,"internal_node_id":"0.0-0.0"},{"success":true,"trial_type":"fullscreen","trial_index":1,"time_elapsed":2757,"internal_node_id":"0.0-1.0"},{"rt":2002,"stimulus":"Welcome to the experiment. Press any key to begin.","response":"arrowdown","trial_type":"html-keyboard-response","trial_index":2,"time_elapsed":4761,"internal_node_id":"0.0-2.0"},{"view_history":[{"page_index":0,"viewing_time":1560},{"page_index":1,"viewing_time":3643},{"page_index":2,"viewing_time":25934},{"page_index":3,"viewing_time":1370},{"page_index":4,"viewing_time":808},{"page_index":5,"viewing_time":608},{"page_index":6,"viewing_time":1369},{"page_index":7,"viewing_time":6270},{"page_index":8,"viewing_time":17192},{"page_index":9,"viewing_time":7145},{"page_index":10,"viewing_time":908},{"page_index":11,"viewing_time":436},{"page_index":12,"viewing_time":330},{"page_index":13,"viewing_time":1245},{"page_index":14,"viewing_time":1459},{"page_index":15,"viewing_time":3409},{"page_index":16,"viewing_time":1595},{"page_index":17,"viewing_time":727},{"page_index":18,"viewing_time":804},{"page_index":19,"viewing_time":3859},{"page_index":20,"viewing_time":6660},{"page_index":21,"viewing_time":4614}],"rt":91945,"trial_type":"instructions","trial_index":3,"time_elapsed":96708,"internal_node_id":"0.0-3.0"},{"rt":72571,"url":"../static/nodeGraphsTraining.html","skip":[],"edgeClickLog":[],"trial_type":"external-html","trial_index":4,"time_elapsed":169434,"internal_node_id":"0.0-4.0"},{"rt":24374,"response":{"q1":"The goal is to help the student to get the most points","q2":"False","q3":"Possible paths you, as the teacher, can choose to teach the learner.","q4":"Paths that the student took before."},"question_order":[0,1,2,3],"trial_type":"survey-multi-choice","trial_index":5,"time_elapsed":193812,"internal_node_id":"0.0-5.0"},{"rt":4750,"stimulus":"<p>You can take a 60 second break before starting the experiment.</p><br><br><p>This page will advance in 60 seconds or you can press any key to advance now.</p>","response":"arrowright","trial_type":"html-keyboard-response","trial_index":6,"time_elapsed":198564,"internal_node_id":"0.0-7.0"},{"view_history":[{"page_index":0,"viewing_time":14727}],"rt":14727,"trial_type":"instructions","trial_index":7,"time_elapsed":213290,"internal_node_id":"0.0-8.0"},{"rt":8557,"url":"../static/nodeGraphs.html","edge":"2to4","edgeRT":"4047","skip":"false","flipped":"False","index":"0","edgeClickLog":"[{\"edgeSelection\":\"2to4\",\"edgeRTMS\":4047}]","trial_id":"incong_0","congruency":"I","task":"experiment","subjectId":"ac043p1h3bkorbq","trial_type":"external-html","trial_index":8,"time_elapsed":221904,"internal_node_id":"0.0-9.0-0.0"},{"rt":5540,"url":"../static/nodeGraphs.html","edge":"2to6","edgeRT":"4206","skip":"false","flipped":"True","index":"16","edgeClickLog":"[{\"edgeSelection\":\"2to6\",\"edgeRTMS\":4206}]","trial_id":"incong_6_flipped","congruency":"I","task":"experiment","subjectId":"ac043p1h3bkorbq","trial_type":"external-html","trial_index":9,"time_elapsed":228145,"internal_node_id":"0.0-9.0-0.1"},{"rt":5362,"url":"../static/nodeGraphs.html","edge":"2to6","edgeRT":"3904","skip":"false","flipped":"False","index":"3","edgeClickLog":"[{\"edgeSelection\":\"2to6\",\"edgeRTMS\":3904}]","trial_id":"incong_3","congruency":"I","task":"experiment","subjectId":"ac043p1h3bkorbq","trial_type":"external-html","trial_index":10,"time_elapsed":234170,"internal_node_id":"0.0-9.0-0.2"},{"rt":9068,"url":"../static/nodeGraphs.html","edge":"4to8","edgeRT":"7318","skip":"false","flipped":"False","index":"6","edgeClickLog":"[{\"edgeSelection\":\"4to8\",\"edgeRTMS\":7318}]","trial_id":"incong_6","congruency":"I","task":"experiment","subjectId":"ac043p1h3bkorbq","trial_type":"external-html","trial_index":11,"time_elapsed":243856,"internal_node_id":"0.0-9.0-0.3"},{"rt":10609,"url":"../static/nodeGraphs.html","edge":"3to5","edgeRT":"6663","skip":"false","flipped":"True","index":"18","edgeClickLog":"[{\"edgeSelection\":\"3to5\",\"edgeRTMS\":6663}]","trial_id":"incong_8_flipped","congruency":"I","task":"experiment","subjectId":"ac043p1h3bkorbq","trial_type":"external-html","trial_index":12,"time_elapsed":255116,"internal_node_id":"0.0-9.0-0.4"},{"rt":10086,"url":"../static/nodeGraphs.html","edge":"5to7","edgeRT":"8575","skip":"false","flipped":"True","index":"12","edgeClickLog":"[{\"edgeSelection\":\"5to7\",\"edgeRTMS\":8575}]","trial_id":"incong_2_flipped","congruency":"I","task":"experiment","subjectId":"ac043p1h3bkorbq","trial_type":"external-html","trial_index":13,"time_elapsed":265764,"internal_node_id":"0.0-9.0-0.5"},{"rt":7359,"url":"../static/nodeGraphs.html","edge":"2to6","edgeRT":"5677","skip":"false","flipped":"True","index":"15","edgeClickLog":"[{\"edgeSelection\":\"2to6\",\"edgeRTMS\":5677}]","trial_id":"incong_5_flipped","congruency":"I","task":"experiment","subjectId":"ac043p1h3bkorbq","trial_type":"external-html","trial_index":14,"time_elapsed":273680,"internal_node_id":"0.0-9.0-0.6"},{"rt":6661,"url":"../static/nodeGraphs.html","edge":"2to4","edgeRT":"2667","skip":"false","flipped":"False","index":"5","edgeClickLog":"[{\"edgeSelection\":\"2to4\",\"edgeRTMS\":2667}]","trial_id":"incong_5","congruency":"I","task":"experiment","subjectId":"ac043p1h3bkorbq","trial_type":"external-html","trial_index":15,"time_elapsed":280897,"internal_node_id":"0.0-9.0-0.7"},{"rt":11105,"url":"../static/nodeGraphs.html","edge":"1to5","edgeRT":"9238","skip":"false","flipped":"False","index":"4","edgeClickLog":"[{\"edgeSelection\":\"1to5\",\"edgeRTMS\":9238}]","trial_id":"incong_4","congruency":"I","task":"experiment","subjectId":"ac043p1h3bkorbq","trial_type":"external-html","trial_index":16,"time_elapsed":292570,"internal_node_id":"0.0-9.0-0.8"},{"rt":8907,"url":"../static/nodeGraphs.html","edge":"1to5","edgeRT":"6653","skip":"false","flipped":"False","index":"8","edgeClickLog":"[{\"edgeSelection\":\"1to5\",\"edgeRTMS\":6653}]","trial_id":"incong_8","congruency":"I","task":"experiment","subjectId":"ac043p1h3bkorbq","trial_type":"external-html","trial_index":17,"time_elapsed":302047,"internal_node_id":"0.0-9.0-0.9"},{"rt":6021,"url":"../static/nodeGraphs.html","edge":"3to6","edgeRT":"3146","skip":"false","flipped":"True","index":"11","edgeClickLog":"[{\"edgeSelection\":\"3to6\",\"edgeRTMS\":3146}]","trial_id":"incong_1_flipped","congruency":"I","task":"experiment","subjectId":"ac043p1h3bkorbq","trial_type":"external-html","trial_index":18,"time_elapsed":308624,"internal_node_id":"0.0-9.0-0.10"},{"rt":10032,"url":"../static/nodeGraphs.html","edge":"2to4","edgeRT":"8722","skip":"false","flipped":"True","index":"17","edgeClickLog":"[{\"edgeSelection\":\"2to4\",\"edgeRTMS\":8722}]","trial_id":"incong_7_flipped","congruency":"I","task":"experiment","subjectId":"ac043p1h3bkorbq","trial_type":"external-html","trial_index":19,"time_elapsed":319217,"internal_node_id":"0.0-9.0-0.11"},{"rt":5523,"url":"../static/nodeGraphs.html","edge":"3to5","edgeRT":"3935","skip":"false","flipped":"True","index":"19","edgeClickLog":"[{\"edgeSelection\":\"3to5\",\"edgeRTMS\":3935}]","trial_id":"incong_9_flipped","congruency":"I","task":"experiment","subjectId":"ac043p1h3bkorbq","trial_type":"external-html","trial_index":20,"time_elapsed":325399,"internal_node_id":"0.0-9.0-0.12"},{"rt":6448,"url":"../static/nodeGraphs.html","edge":"1to5","edgeRT":"4428","skip":"false","flipped":"True","index":"14","edgeClickLog":"[{\"edgeSelection\":\"1to5\",\"edgeRTMS\":4428}]","trial_id":"incong_4_flipped","congruency":"I","task":"experiment","subjectId":"ac043p1h3bkorbq","trial_type":"external-html","trial_index":21,"time_elapsed":332505,"internal_node_id":"0.0-9.0-0.13"},{"rt":4887,"url":"../static/nodeGraphs.html","edge":"2to4","edgeRT":"3758","skip":"false","flipped":"False","index":"2","edgeClickLog":"[{\"edgeSelection\":\"2to4\",\"edgeRTMS\":3758}]","trial_id":"incong_2","congruency":"I","task":"experiment","subjectId":"ac043p1h3bkorbq","trial_type":"external-html","trial_index":22,"time_elapsed":337976,"internal_node_id":"0.0-9.0-0.14"},{"rt":7998,"url":"../static/nodeGraphs.html","edge":"1to5","edgeRT":"5436","skip":"false","flipped":"False","index":"9","edgeClickLog":"[{\"edgeSelection\":\"1to5\",\"edgeRTMS\":5436}]","trial_id":"incong_9","congruency":"I","task":"experiment","subjectId":"ac043p1h3bkorbq","trial_type":"external-html","trial_index":23,"time_elapsed":346592,"internal_node_id":"0.0-9.0-0.15"},{"rt":8379,"url":"../static/nodeGraphs.html","edge":"0to2","edgeRT":"7184","skip":"false","flipped":"True","index":"13","edgeClickLog":"[{\"edgeSelection\":\"0to2\",\"edgeRTMS\":7184}]","trial_id":"incong_3_flipped","congruency":"I","task":"experiment","subjectId":"ac043p1h3bkorbq","trial_type":"external-html","trial_index":24,"time_elapsed":355701,"internal_node_id":"0.0-9.0-0.16"},{"rt":10756,"url":"../static/nodeGraphs.html","edge":"3to6","edgeRT":"9925","skip":"false","flipped":"True","index":"10","edgeClickLog":"[{\"edgeSelection\":\"3to6\",\"edgeRTMS\":9925}]","trial_id":"incong_0_flipped","congruency":"I","task":"experiment","subjectId":"ac043p1h3bkorbq","trial_type":"external-html","trial_index":25,"time_elapsed":367077,"internal_node_id":"0.0-9.0-0.17"},{"rt":8359,"url":"../static/nodeGraphs.html","edge":"2to6","edgeRT":"6917","skip":"false","flipped":"False","index":"7","edgeClickLog":"[{\"edgeSelection\":\"2to6\",\"edgeRTMS\":6917}]","trial_id":"incong_7","congruency":"I","task":"experiment","subjectId":"ac043p1h3bkorbq","trial_type":"external-html","trial_index":26,"time_elapsed":376014,"internal_node_id":"0.0-9.0-0.18"},{"rt":16762,"url":"../static/nodeGraphs.html","edge":"1to4","edgeRT":"15316","skip":"false","flipped":"False","index":"1","edgeClickLog":"[{\"edgeSelection\":\"0to1\",\"edgeRTMS\":10866},{\"edgeSelection\":\"2to4\",\"edgeRTMS\":13246},{\"edgeSelection\":\"1to4\",\"edgeRTMS\":15316}]","trial_id":"incong_1","congruency":"I","task":"experiment","subjectId":"ac043p1h3bkorbq","trial_type":"external-html","trial_index":27,"time_elapsed":393404,"internal_node_id":"0.0-9.0-0.19"},{"rt":10674,"url":"../static/nodeGraphs.html","edge":"1to5","edgeRT":"9329","skip":"false","flipped":"False","index":"20","edgeClickLog":"[{\"edgeSelection\":\"1to5\",\"edgeRTMS\":9329}]","trial_id":"test_0","congruency":"I","task":"experiment","subjectId":"ac043p1h3bkorbq","trial_type":"external-html","trial_index":28,"time_elapsed":404651,"internal_node_id":"0.0-9.0-0.20"},{"rt":3583,"url":"../static/nodeGraphs.html","edge":"3to6","edgeRT":"2301","skip":"false","flipped":"False","index":"21","edgeClickLog":"[{\"edgeSelection\":\"3to6\",\"edgeRTMS\":2301}]","trial_id":"test_1","congruency":"I","task":"experiment","subjectId":"ac043p1h3bkorbq","trial_type":"external-html","trial_index":29,"time_elapsed":408801,"internal_node_id":"0.0-9.0-0.21"},{"rt":11193,"url":"../static/nodeGraphs.html","edge":"3to6","edgeRT":"10145","skip":"false","flipped":"False","index":"22","edgeClickLog":"[{\"edgeSelection\":\"3to6\",\"edgeRTMS\":10145}]","trial_id":"test_2","congruency":"I","task":"experiment","subjectId":"ac043p1h3bkorbq","trial_type":"external-html","trial_index":30,"time_elapsed":420602,"internal_node_id":"0.0-9.0-0.22"},{"rt":18767,"url":"../static/nodeGraphs.html","edge":"1to5","edgeRT":"17539","skip":"false","flipped":"False","index":"23","edgeClickLog":"[{\"edgeSelection\":\"3to6\",\"edgeRTMS\":11123},{\"edgeSelection\":\"0to1\",\"edgeRTMS\":16760},{\"edgeSelection\":\"1to5\",\"edgeRTMS\":17539}]","trial_id":"test_3","congruency":"I","task":"experiment","subjectId":"ac043p1h3bkorbq","trial_type":"external-html","trial_index":31,"time_elapsed":439927,"internal_node_id":"0.0-9.0-0.23"},{"rt":7011,"url":"../static/nodeGraphs.html","edge":"6to9","edgeRT":"5152","skip":"false","flipped":"False","index":"24","edgeClickLog":"[{\"edgeSelection\":\"6to9\",\"edgeRTMS\":5152}]","trial_id":"test_4","congruency":"I","task":"experiment","subjectId":"ac043p1h3bkorbq","trial_type":"external-html","trial_index":32,"time_elapsed":447503,"internal_node_id":"0.0-9.0-0.24"},{"rt":67183,"response":{"P0_Q0":null,"P0_Q1":2,"P0_Q2":6,"P0_Q3":6,"P0_Q4":3,"P0_Q5":1,"strategies":"Connect the two highest points; typically that would get them more points than taking a different route, regardless if they got 0 or 1 point(s) in a spot. ","feedback":""},"accuracy":[],"trial_type":"survey","trial_index":33,"time_elapsed":515276,"internal_node_id":"0.0-10.0"},{"rt":2952,"stimulus":"<p>Thanks for your time!</p>        <p>We need to manually calculate your bonus pay, please give us up to 7 days.</p><p>Press any key to conclude.</p>","response":"arrowdown","task":"end","subjectId":"ac043p1h3bkorbq","trial_type":"html-keyboard-response","trial_index":34,"time_elapsed":518230,"internal_node_id":"0.0-11.0","interactions":"[{\"event\":\"fullscreenenter\",\"trial\":1,\"time\":1954}]"}]