[{"success":true,"timeout":false,"failed_images":[],"failed_audio":[],"failed_video":[],"trial_type":"preload","trial_index":0,"time_elapsed":173,"internal_node_id":"0.0-0.0"},{"success":true,"trial_type":"fullscreen","trial_index":1,"time_elapsed":2420,"internal_node_id":"0.0-1.0"},{"rt":2131,"stimulus":"Welcome to the experiment. Press any key to begin.","response":" ","trial_type":"html-keyboard-response","trial_index":2,"time_elapsed":4553,"internal_node_id":"0.0-2.0"},{"view_history":[{"page_index":0,"viewing_time":2726},{"page_index":1,"viewing_time":3051},{"page_index":2,"viewing_time":16998},{"page_index":3,"viewing_time":3546},{"page_index":4,"viewing_time":1525},{"page_index":5,"viewing_time":1922},{"page_index":6,"viewing_time":3338},{"page_index":7,"viewing_time":7810},{"page_index":8,"viewing_time":10443},{"page_index":9,"viewing_time":4269},{"page_index":10,"viewing_time":1832},{"page_index":11,"viewing_time":1066},{"page_index":12,"viewing_time":1438},{"page_index":13,"viewing_time":1235},{"page_index":14,"viewing_time":3503},{"page_index":15,"viewing_time":6548},{"page_index":16,"viewing_time":1809},{"page_index":17,"viewing_time":1291},{"page_index":18,"viewing_time":1188},{"page_index":19,"viewing_time":3471},{"page_index":20,"viewing_time":3519},{"page_index":21,"viewing_time":1938}],"rt":84468,"trial_type":"instructions","trial_index":3,"time_elapsed":89020,"internal_node_id":"0.0-3.0"},{"rt":46082,"url":"../static/nodeGraphsTraining.html","skip":[],"edgeClickLog":[],"trial_type":"external-html","trial_index":4,"time_elapsed":135171,"internal_node_id":"0.0-4.0"},{"rt":16041,"response":{"q1":"The goal is to help the student to get the most points","q2":"False","q3":"Possible paths you, as the teacher, can choose to teach the learner.","q4":"Paths that the student took before."},"question_order":[0,1,2,3],"trial_type":"survey-multi-choice","trial_index":5,"time_elapsed":151217,"internal_node_id":"0.0-5.0"},{"rt":3439,"stimulus":"<p>You can take a 60 second break before starting the experiment.</p><br><br><p>This page will advance in 60 seconds or you can press any key to advance now.</p>","response":" ","trial_type":"html-keyboard-response","trial_index":6,"time_elapsed":154660,"internal_node_id":"0.0-7.0"},{"view_history":[{"page_index":0,"viewing_time":20682}],"rt":20683,"trial_type":"instructions","trial_index":7,"time_elapsed":175344,"internal_node_id":"0.0-8.0"},{"rt":13038,"url":"../static/nodeGraphs.html","edge":"3to5","edgeRT":"11955","skip":"false","flipped":"True","index":"18","edgeClickLog":"[{\"edgeSelection\":\"3to5\",\"edgeRTMS\":11955}]","trial_id":"incong_8_flipped","congruency":"I","task":"experiment","subjectId":"cgwopmznrk6asyt","trial_type":"external-html","trial_index":8,"time_elapsed":188445,"internal_node_id":"0.0-9.0-0.0"},{"rt":10173,"url":"../static/nodeGraphs.html","edge":"4to8","edgeRT":"8461","skip":"false","flipped":"False","index":"5","edgeClickLog":"[{\"edgeSelection\":\"4to8\",\"edgeRTMS\":8461}]","trial_id":"incong_5","congruency":"I","task":"experiment","subjectId":"cgwopmznrk6asyt","trial_type":"external-html","trial_index":9,"time_elapsed":199179,"internal_node_id":"0.0-9.0-0.1"},{"rt":10005,"url":"../static/nodeGraphs.html","edge":"1to5","edgeRT":"9166","skip":"false","flipped":"True","index":"14","edgeClickLog":"[{\"edgeSelection\":\"1to5\",\"edgeRTMS\":9166}]","trial_id":"incong_4_flipped","congruency":"I","task":"experiment","subjectId":"cgwopmznrk6asyt","trial_type":"external-html","trial_index":10,"time_elapsed":209750,"internal_node_id":"0.0-9.0-0.2"},{"rt":8866,"url":"../static/nodeGraphs.html","edge":"0to3","edgeRT":"6985","skip":"false","flipped":"True","index":"12","edgeClickLog":"[{\"edgeSelection\":\"2to6\",\"edgeRTMS\":3746},{\"edgeSelection\":\"0to3\",\"edgeRTMS\":6985}]","trial_id":"incong_2_flipped","congruency":"I","task":"experiment","subjectId":"cgwopmznrk6asyt","trial_type":"external-html","trial_index":11,"time_elapsed":219179,"internal_node_id":"0.0-9.0-0.3"},{"rt":7315,"url":"../static/nodeGraphs.html","edge":"4to8","edgeRT":"6513","skip":"false","flipped":"True","index":"10","edgeClickLog":"[{\"edgeSelection\":\"4to8\",\"edgeRTMS\":6513}]","trial_id":"incong_0_flipped","congruency":"I","task":"experiment","subjectId":"cgwopmznrk6asyt","trial_type":"external-html","trial_index":12,"time_elapsed":227060,"internal_node_id":"0.0-9.0-0.4"},{"rt":5971,"url":"../static/nodeGraphs.html","edge":"0to2","edgeRT":"4469","skip":"false","flipped":"True","index":"13","edgeClickLog":"[{\"edgeSelection\":\"0to2\",\"edgeRTMS\":4469}]","trial_id":"incong_3_flipped","congruency":"I","task":"experiment","subjectId":"cgwopmznrk6asyt","trial_type":"external-html","trial_index":13,"time_elapsed":233598,"internal_node_id":"0.0-9.0-0.5"},{"rt":11695,"url":"../static/nodeGraphs.html","edge":"0to3","edgeRT":"10768","skip":"false","flipped":"True","index":"16","edgeClickLog":"[{\"edgeSelection\":\"0to3\",\"edgeRTMS\":10768}]","trial_id":"incong_6_flipped","congruency":"I","task":"experiment","subjectId":"cgwopmznrk6asyt","trial_type":"external-html","trial_index":14,"time_elapsed":245867,"internal_node_id":"0.0-9.0-0.6"},{"rt":11030,"url":"../static/nodeGraphs.html","edge":"2to6","edgeRT":"6412","skip":"false","flipped":"True","index":"11","edgeClickLog":"[{\"edgeSelection\":\"2to6\",\"edgeRTMS\":6412}]","trial_id":"incong_1_flipped","congruency":"I","task":"experiment","subjectId":"cgwopmznrk6asyt","trial_type":"external-html","trial_index":15,"time_elapsed":257463,"internal_node_id":"0.0-9.0-0.7"},{"rt":4823,"url":"../static/nodeGraphs.html","edge":"3to5","edgeRT":"3808","skip":"false","flipped":"True","index":"19","edgeClickLog":"[{\"edgeSelection\":\"3to5\",\"edgeRTMS\":3808}]","trial_id":"incong_9_flipped","congruency":"I","task":"experiment","subjectId":"cgwopmznrk6asyt","trial_type":"external-html","trial_index":16,"time_elapsed":262848,"internal_node_id":"0.0-9.0-0.8"},{"rt":9010,"url":"../static/nodeGraphs.html","edge":"0to2","edgeRT":"8003","skip":"false","flipped":"False","index":"3","edgeClickLog":"[{\"edgeSelection\":\"0to2\",\"edgeRTMS\":8003}]","trial_id":"incong_3","congruency":"I","task":"experiment","subjectId":"cgwopmznrk6asyt","trial_type":"external-html","trial_index":17,"time_elapsed":272423,"internal_node_id":"0.0-9.0-0.9"},{"rt":7019,"url":"../static/nodeGraphs.html","edge":"1to5","edgeRT":"4671","skip":"false","flipped":"False","index":"9","edgeClickLog":"[{\"edgeSelection\":\"1to5\",\"edgeRTMS\":4671}]","trial_id":"incong_9","congruency":"I","task":"experiment","subjectId":"cgwopmznrk6asyt","trial_type":"external-html","trial_index":18,"time_elapsed":280010,"internal_node_id":"0.0-9.0-0.10"},{"rt":6663,"url":"../static/nodeGraphs.html","edge":"0to1","edgeRT":"4540","skip":"false","flipped":"False","index":"4","edgeClickLog":"[{\"edgeSelection\":\"0to1\",\"edgeRTMS\":4540}]","trial_id":"incong_4","congruency":"I","task":"experiment","subjectId":"cgwopmznrk6asyt","trial_type":"external-html","trial_index":19,"time_elapsed":287243,"internal_node_id":"0.0-9.0-0.11"},{"rt":8449,"url":"../static/nodeGraphs.html","edge":"0to1","edgeRT":"5720","skip":"false","flipped":"False","index":"6","edgeClickLog":"[{\"edgeSelection\":\"0to1\",\"edgeRTMS\":5720}]","trial_id":"incong_6","congruency":"I","task":"experiment","subjectId":"cgwopmznrk6asyt","trial_type":"external-html","trial_index":20,"time_elapsed":296259,"internal_node_id":"0.0-9.0-0.12"},{"rt":4774,"url":"../static/nodeGraphs.html","edge":"0to1","edgeRT":"3718","skip":"false","flipped":"False","index":"8","edgeClickLog":"[{\"edgeSelection\":\"0to1\",\"edgeRTMS\":3718}]","trial_id":"incong_8","congruency":"I","task":"experiment","subjectId":"cgwopmznrk6asyt","trial_type":"external-html","trial_index":21,"time_elapsed":301602,"internal_node_id":"0.0-9.0-0.13"},{"rt":7329,"url":"../static/nodeGraphs.html","edge":"0to2","edgeRT":"5911","skip":"false","flipped":"True","index":"17","edgeClickLog":"[{\"edgeSelection\":\"0to2\",\"edgeRTMS\":5911}]","trial_id":"incong_7_flipped","congruency":"I","task":"experiment","subjectId":"cgwopmznrk6asyt","trial_type":"external-html","trial_index":22,"time_elapsed":309497,"internal_node_id":"0.0-9.0-0.14"},{"rt":6894,"url":"../static/nodeGraphs.html","edge":"0to2","edgeRT":"5765","skip":"false","flipped":"False","index":"7","edgeClickLog":"[{\"edgeSelection\":\"0to2\",\"edgeRTMS\":5765}]","trial_id":"incong_7","congruency":"I","task":"experiment","subjectId":"cgwopmznrk6asyt","trial_type":"external-html","trial_index":23,"time_elapsed":316964,"internal_node_id":"0.0-9.0-0.15"},{"rt":7437,"url":"../static/nodeGraphs.html","edge":"0to1","edgeRT":"4646","skip":"false","flipped":"False","index":"0","edgeClickLog":"[{\"edgeSelection\":\"0to1\",\"edgeRTMS\":4646}]","trial_id":"incong_0","congruency":"I","task":"experiment","subjectId":"cgwopmznrk6asyt","trial_type":"external-html","trial_index":24,"time_elapsed":324965,"internal_node_id":"0.0-9.0-0.16"},{"rt":5051,"url":"../static/nodeGraphs.html","edge":"0to1","edgeRT":"4000","skip":"false","flipped":"False","index":"2","edgeClickLog":"[{\"edgeSelection\":\"0to1\",\"edgeRTMS\":4000}]","trial_id":"incong_2","congruency":"I","task":"experiment","subjectId":"cgwopmznrk6asyt","trial_type":"external-html","trial_index":25,"time_elapsed":330591,"internal_node_id":"0.0-9.0-0.17"},{"rt":7399,"url":"../static/nodeGraphs.html","edge":"0to2","edgeRT":"6078","skip":"false","flipped":"True","index":"15","edgeClickLog":"[{\"edgeSelection\":\"0to2\",\"edgeRTMS\":6078}]","trial_id":"incong_5_flipped","congruency":"I","task":"experiment","subjectId":"cgwopmznrk6asyt","trial_type":"external-html","trial_index":26,"time_elapsed":338559,"internal_node_id":"0.0-9.0-0.18"},{"rt":17216,"url":"../static/nodeGraphs.html","edge":"6to9","edgeRT":"15298","skip":"false","flipped":"False","index":"1","edgeClickLog":"[{\"edgeSelection\":\"0to1\",\"edgeRTMS\":6067},{\"edgeSelection\":\"6to9\",\"edgeRTMS\":15298}]","trial_id":"incong_1","congruency":"I","task":"experiment","subjectId":"cgwopmznrk6asyt","trial_type":"external-html","trial_index":27,"time_elapsed":356343,"internal_node_id":"0.0-9.0-0.19"},{"rt":9918,"url":"../static/nodeGraphs.html","edge":"0to1","edgeRT":"8837","skip":"false","flipped":"False","index":"20","edgeClickLog":"[{\"edgeSelection\":\"0to1\",\"edgeRTMS\":8837}]","trial_id":"test_0","congruency":"I","task":"experiment","subjectId":"cgwopmznrk6asyt","trial_type":"external-html","trial_index":28,"time_elapsed":366823,"internal_node_id":"0.0-9.0-0.20"},{"rt":4894,"url":"../static/nodeGraphs.html","edge":"0to3","edgeRT":"3904","skip":"false","flipped":"False","index":"21","edgeClickLog":"[{\"edgeSelection\":\"0to3\",\"edgeRTMS\":3904}]","trial_id":"test_1","congruency":"I","task":"experiment","subjectId":"cgwopmznrk6asyt","trial_type":"external-html","trial_index":29,"time_elapsed":372287,"internal_node_id":"0.0-9.0-0.21"},{"rt":10313,"url":"../static/nodeGraphs.html","edge":"6to8","edgeRT":"7192","skip":"false","flipped":"False","index":"22","edgeClickLog":"[{\"edgeSelection\":\"0to3\",\"edgeRTMS\":2431},{\"edgeSelection\":\"6to8\",\"edgeRTMS\":7192}]","trial_id":"test_2","congruency":"I","task":"experiment","subjectId":"cgwopmznrk6asyt","trial_type":"external-html","trial_index":30,"time_elapsed":383168,"internal_node_id":"0.0-9.0-0.22"},{"rt":11563,"url":"../static/nodeGraphs.html","edge":"5to9","edgeRT":"10745","skip":"false","flipped":"False","index":"23","edgeClickLog":"[{\"edgeSelection\":\"5to9\",\"edgeRTMS\":10745}]","trial_id":"test_3","congruency":"I","task":"experiment","subjectId":"cgwopmznrk6asyt","trial_type":"external-html","trial_index":31,"time_elapsed":395407,"internal_node_id":"0.0-9.0-0.23"},{"rt":5173,"url":"../static/nodeGraphs.html","edge":"4to7","edgeRT":"4245","skip":"false","flipped":"False","index":"24","edgeClickLog":"[{\"edgeSelection\":\"4to7\",\"edgeRTMS\":4245}]","trial_id":"test_4","congruency":"I","task":"experiment","subjectId":"cgwopmznrk6asyt","trial_type":"external-html","trial_index":32,"time_elapsed":401140,"internal_node_id":"0.0-9.0-0.24"},{"rt":42808,"response":{"P0_Q0":null,"P0_Q1":5,"P0_Q2":5,"P0_Q3":5,"P0_Q4":6,"P0_Q5":2,"strategies":"Start as strong as possible, with as many points as possible","feedback":""},"accuracy":[],"trial_type":"survey","trial_index":33,"time_elapsed":444514,"internal_node_id":"0.0-10.0"},{"rt":2264,"stimulus":"<p>Thanks for your time!</p>        <p>We need to manually calculate your bonus pay, please give us up to 7 days.</p><p>Press any key to conclude.</p>","response":" ","task":"end","subjectId":"cgwopmznrk6asyt","trial_type":"html-keyboard-response","trial_index":34,"time_elapsed":446780,"internal_node_id":"0.0-11.0","interactions":"[{\"event\":\"fullscreenenter\",\"trial\":1,\"time\":1436}]"}]