[{"success":true,"timeout":false,"failed_images":[],"failed_audio":[],"failed_video":[],"trial_type":"preload","trial_index":0,"time_elapsed":340,"internal_node_id":"0.0-0.0"},{"success":true,"trial_type":"fullscreen","trial_index":1,"time_elapsed":3094,"internal_node_id":"0.0-1.0"},{"rt":1640,"stimulus":"Welcome to the experiment. Press any key to begin.","response":" ","trial_type":"html-keyboard-response","trial_index":2,"time_elapsed":4736,"internal_node_id":"0.0-2.0"},{"view_history":[{"page_index":0,"viewing_time":3194},{"page_index":1,"viewing_time":2856},{"page_index":2,"viewing_time":13320},{"page_index":3,"viewing_time":1938},{"page_index":4,"viewing_time":1106},{"page_index":5,"viewing_time":988},{"page_index":6,"viewing_time":4484},{"page_index":7,"viewing_time":7591},{"page_index":8,"viewing_time":9919},{"page_index":9,"viewing_time":3138},{"page_index":10,"viewing_time":1104},{"page_index":11,"viewing_time":400},{"page_index":12,"viewing_time":322},{"page_index":13,"viewing_time":1616},{"page_index":14,"viewing_time":2658},{"page_index":15,"viewing_time":3442},{"page_index":16,"viewing_time":1311},{"page_index":17,"viewing_time":400},{"page_index":18,"viewing_time":674},{"page_index":19,"viewing_time":3278},{"page_index":20,"viewing_time":3050},{"page_index":21,"viewing_time":3608}],"rt":70395,"trial_type":"instructions","trial_index":3,"time_elapsed":75132,"internal_node_id":"0.0-3.0"},{"rt":39427,"url":"../static/nodeGraphsTraining.html","skip":[],"edgeClickLog":[],"trial_type":"external-html","trial_index":4,"time_elapsed":114921,"internal_node_id":"0.0-4.0"},{"rt":18465,"response":{"q1":"The goal is to help the student to get the most points","q2":"False","q3":"Possible paths you, as the teacher, can choose to teach the learner.","q4":"Paths that the student took before."},"question_order":[0,1,2,3],"trial_type":"survey-multi-choice","trial_index":5,"time_elapsed":133388,"internal_node_id":"0.0-5.0"},{"rt":2998,"stimulus":"<p>You can take a 60 second break before starting the experiment.</p><br><br><p>This page will advance in 60 seconds or you can press any key to advance now.</p>","response":" ","trial_type":"html-keyboard-response","trial_index":6,"time_elapsed":136387,"internal_node_id":"0.0-7.0"},{"view_history":[{"page_index":0,"viewing_time":7400}],"rt":7400,"trial_type":"instructions","trial_index":7,"time_elapsed":143788,"internal_node_id":"0.0-8.0"},{"rt":9888,"url":"../static/nodeGraphs.html","edge":"5to9","edgeRT":"8843","skip":"false","flipped":"False","index":"2","edgeClickLog":"[{\"edgeSelection\":\"5to9\",\"edgeRTMS\":8843}]","trial_id":"cong_2","congruency":"C","task":"experiment","subjectId":"nnxlh5c0jyvpwgq","trial_type":"external-html","trial_index":8,"time_elapsed":154026,"internal_node_id":"0.0-9.0-0.0"},{"rt":3265,"url":"../static/nodeGraphs.html","edge":"2to6","edgeRT":"2123","skip":"false","flipped":"True","index":"14","edgeClickLog":"[{\"edgeSelection\":\"2to6\",\"edgeRTMS\":2123}]","trial_id":"cong_4_flipped","congruency":"C","task":"experiment","subjectId":"nnxlh5c0jyvpwgq","trial_type":"external-html","trial_index":9,"time_elapsed":157969,"internal_node_id":"0.0-9.0-0.1"},{"rt":4101,"url":"../static/nodeGraphs.html","edge":"1to4","edgeRT":"2940","skip":"false","flipped":"False","index":"0","edgeClickLog":"[{\"edgeSelection\":\"1to4\",\"edgeRTMS\":2940}]","trial_id":"cong_0","congruency":"C","task":"experiment","subjectId":"nnxlh5c0jyvpwgq","trial_type":"external-html","trial_index":10,"time_elapsed":162830,"internal_node_id":"0.0-9.0-0.2"},{"rt":4804,"url":"../static/nodeGraphs.html","edge":"1to5","edgeRT":"3569","skip":"false","flipped":"True","index":"13","edgeClickLog":"[{\"edgeSelection\":\"1to5\",\"edgeRTMS\":3569}]","trial_id":"cong_3_flipped","congruency":"C","task":"experiment","subjectId":"nnxlh5c0jyvpwgq","trial_type":"external-html","trial_index":11,"time_elapsed":168309,"internal_node_id":"0.0-9.0-0.3"},{"rt":4765,"url":"../static/nodeGraphs.html","edge":"3to5","edgeRT":"3212","skip":"false","flipped":"False","index":"3","edgeClickLog":"[{\"edgeSelection\":\"3to5\",\"edgeRTMS\":3212}]","trial_id":"cong_3","congruency":"C","task":"experiment","subjectId":"nnxlh5c0jyvpwgq","trial_type":"external-html","trial_index":12,"time_elapsed":173945,"internal_node_id":"0.0-9.0-0.4"},{"rt":3996,"url":"../static/nodeGraphs.html","edge":"0to1","edgeRT":"3033","skip":"false","flipped":"False","index":"5","edgeClickLog":"[{\"edgeSelection\":\"0to1\",\"edgeRTMS\":3033}]","trial_id":"cong_5","congruency":"C","task":"experiment","subjectId":"nnxlh5c0jyvpwgq","trial_type":"external-html","trial_index":13,"time_elapsed":178609,"internal_node_id":"0.0-9.0-0.5"},{"rt":8211,"url":"../static/nodeGraphs.html","edge":"5to7","edgeRT":"7395","skip":"false","flipped":"True","index":"12","edgeClickLog":"[{\"edgeSelection\":\"5to7\",\"edgeRTMS\":7395}]","trial_id":"cong_2_flipped","congruency":"C","task":"experiment","subjectId":"nnxlh5c0jyvpwgq","trial_type":"external-html","trial_index":14,"time_elapsed":187717,"internal_node_id":"0.0-9.0-0.6"},{"rt":7107,"url":"../static/nodeGraphs.html","edge":"2to5","edgeRT":"2255","skip":"false","flipped":"True","index":"16","edgeClickLog":"[{\"edgeSelection\":\"2to5\",\"edgeRTMS\":2255}]","trial_id":"cong_6_flipped","congruency":"C","task":"experiment","subjectId":"nnxlh5c0jyvpwgq","trial_type":"external-html","trial_index":15,"time_elapsed":195958,"internal_node_id":"0.0-9.0-0.7"},{"rt":5724,"url":"../static/nodeGraphs.html","edge":"0to3","edgeRT":"4439","skip":"false","flipped":"True","index":"15","edgeClickLog":"[{\"edgeSelection\":\"0to3\",\"edgeRTMS\":4439}]","trial_id":"cong_5_flipped","congruency":"C","task":"experiment","subjectId":"nnxlh5c0jyvpwgq","trial_type":"external-html","trial_index":16,"time_elapsed":202557,"internal_node_id":"0.0-9.0-0.8"},{"rt":4527,"url":"../static/nodeGraphs.html","edge":"2to4","edgeRT":"3394","skip":"false","flipped":"True","index":"11","edgeClickLog":"[{\"edgeSelection\":\"2to4\",\"edgeRTMS\":3394}]","trial_id":"cong_1_flipped","congruency":"C","task":"experiment","subjectId":"nnxlh5c0jyvpwgq","trial_type":"external-html","trial_index":17,"time_elapsed":207772,"internal_node_id":"0.0-9.0-0.9"},{"rt":16860,"url":"../static/nodeGraphs.html","edge":"5to7","edgeRT":"16163","skip":"false","flipped":"False","index":"6","edgeClickLog":"[{\"edgeSelection\":\"5to7\",\"edgeRTMS\":16163}]","trial_id":"cong_6","congruency":"C","task":"experiment","subjectId":"nnxlh5c0jyvpwgq","trial_type":"external-html","trial_index":18,"time_elapsed":225355,"internal_node_id":"0.0-9.0-0.10"},{"rt":8189,"url":"../static/nodeGraphs.html","edge":"2to4","edgeRT":"6996","skip":"false","flipped":"False","index":"7","edgeClickLog":"[{\"edgeSelection\":\"2to4\",\"edgeRTMS\":6996}]","trial_id":"cong_7","congruency":"C","task":"experiment","subjectId":"nnxlh5c0jyvpwgq","trial_type":"external-html","trial_index":19,"time_elapsed":234839,"internal_node_id":"0.0-9.0-0.11"},{"rt":4200,"url":"../static/nodeGraphs.html","edge":"2to6","edgeRT":"3052","skip":"false","flipped":"True","index":"17","edgeClickLog":"[{\"edgeSelection\":\"2to6\",\"edgeRTMS\":3052}]","trial_id":"cong_7_flipped","congruency":"C","task":"experiment","subjectId":"nnxlh5c0jyvpwgq","trial_type":"external-html","trial_index":20,"time_elapsed":239716,"internal_node_id":"0.0-9.0-0.12"},{"rt":6006,"url":"../static/nodeGraphs.html","edge":"4to7","edgeRT":"3732","skip":"false","flipped":"False","index":"8","edgeClickLog":"[{\"edgeSelection\":\"4to7\",\"edgeRTMS\":3732}]","trial_id":"cong_8","congruency":"C","task":"experiment","subjectId":"nnxlh5c0jyvpwgq","trial_type":"external-html","trial_index":21,"time_elapsed":246410,"internal_node_id":"0.0-9.0-0.13"},{"rt":4525,"url":"../static/nodeGraphs.html","edge":"2to5","edgeRT":"2773","skip":"false","flipped":"True","index":"19","edgeClickLog":"[{\"edgeSelection\":\"2to5\",\"edgeRTMS\":2773}]","trial_id":"cong_9_flipped","congruency":"C","task":"experiment","subjectId":"nnxlh5c0jyvpwgq","trial_type":"external-html","trial_index":22,"time_elapsed":251788,"internal_node_id":"0.0-9.0-0.14"},{"rt":2767,"url":"../static/nodeGraphs.html","edge":"2to6","edgeRT":"2041","skip":"false","flipped":"False","index":"1","edgeClickLog":"[{\"edgeSelection\":\"2to6\",\"edgeRTMS\":2041}]","trial_id":"cong_1","congruency":"C","task":"experiment","subjectId":"nnxlh5c0jyvpwgq","trial_type":"external-html","trial_index":23,"time_elapsed":255231,"internal_node_id":"0.0-9.0-0.15"},{"rt":2998,"url":"../static/nodeGraphs.html","edge":"2to4","edgeRT":"2093","skip":"false","flipped":"False","index":"4","edgeClickLog":"[{\"edgeSelection\":\"2to4\",\"edgeRTMS\":2093}]","trial_id":"cong_4","congruency":"C","task":"experiment","subjectId":"nnxlh5c0jyvpwgq","trial_type":"external-html","trial_index":24,"time_elapsed":259039,"internal_node_id":"0.0-9.0-0.16"},{"rt":2141,"url":"../static/nodeGraphs.html","edge":"2to5","edgeRT":"1326","skip":"false","flipped":"False","index":"9","edgeClickLog":"[{\"edgeSelection\":\"2to5\",\"edgeRTMS\":1326}]","trial_id":"cong_9","congruency":"C","task":"experiment","subjectId":"nnxlh5c0jyvpwgq","trial_type":"external-html","trial_index":25,"time_elapsed":261916,"internal_node_id":"0.0-9.0-0.17"},{"rt":6205,"url":"../static/nodeGraphs.html","edge":"6to9","edgeRT":"5282","skip":"false","flipped":"True","index":"18","edgeClickLog":"[{\"edgeSelection\":\"6to9\",\"edgeRTMS\":5282}]","trial_id":"cong_8_flipped","congruency":"C","task":"experiment","subjectId":"nnxlh5c0jyvpwgq","trial_type":"external-html","trial_index":26,"time_elapsed":268798,"internal_node_id":"0.0-9.0-0.18"},{"rt":3248,"url":"../static/nodeGraphs.html","edge":"3to6","edgeRT":"2079","skip":"false","flipped":"True","index":"10","edgeClickLog":"[{\"edgeSelection\":\"3to6\",\"edgeRTMS\":2079}]","trial_id":"cong_0_flipped","congruency":"C","task":"experiment","subjectId":"nnxlh5c0jyvpwgq","trial_type":"external-html","trial_index":27,"time_elapsed":272783,"internal_node_id":"0.0-9.0-0.19"},{"rt":8308,"url":"../static/nodeGraphs.html","edge":"2to6","edgeRT":"3236","skip":"false","flipped":"False","index":"20","edgeClickLog":"[{\"edgeSelection\":\"2to6\",\"edgeRTMS\":3236}]","trial_id":"test_0","congruency":"I","task":"experiment","subjectId":"nnxlh5c0jyvpwgq","trial_type":"external-html","trial_index":28,"time_elapsed":281804,"internal_node_id":"0.0-9.0-0.20"},{"rt":13034,"url":"../static/nodeGraphs.html","edge":"1to4","edgeRT":"7181","skip":"false","flipped":"False","index":"21","edgeClickLog":"[{\"edgeSelection\":\"0to1\",\"edgeRTMS\":5064},{\"edgeSelection\":\"1to4\",\"edgeRTMS\":7181}]","trial_id":"test_1","congruency":"I","task":"experiment","subjectId":"nnxlh5c0jyvpwgq","trial_type":"external-html","trial_index":29,"time_elapsed":295530,"internal_node_id":"0.0-9.0-0.21"},{"rt":5022,"url":"../static/nodeGraphs.html","edge":"3to6","edgeRT":"3664","skip":"false","flipped":"False","index":"22","edgeClickLog":"[{\"edgeSelection\":\"3to6\",\"edgeRTMS\":3664}]","trial_id":"test_2","congruency":"I","task":"experiment","subjectId":"nnxlh5c0jyvpwgq","trial_type":"external-html","trial_index":30,"time_elapsed":301223,"internal_node_id":"0.0-9.0-0.22"},{"rt":13702,"url":"../static/nodeGraphs.html","edge":"5to9","edgeRT":"10992","skip":"false","flipped":"False","index":"23","edgeClickLog":"[{\"edgeSelection\":\"6to8\",\"edgeRTMS\":9977},{\"edgeSelection\":\"5to9\",\"edgeRTMS\":10992}]","trial_id":"test_3","congruency":"I","task":"experiment","subjectId":"nnxlh5c0jyvpwgq","trial_type":"external-html","trial_index":31,"time_elapsed":315804,"internal_node_id":"0.0-9.0-0.23"},{"rt":9057,"url":"../static/nodeGraphs.html","edge":"5to9","edgeRT":"6986","skip":"false","flipped":"False","index":"24","edgeClickLog":"[{\"edgeSelection\":\"5to9\",\"edgeRTMS\":6986}]","trial_id":"test_4","congruency":"I","task":"experiment","subjectId":"nnxlh5c0jyvpwgq","trial_type":"external-html","trial_index":32,"time_elapsed":325775,"internal_node_id":"0.0-9.0-0.24"},{"rt":53721,"response":{"P0_Q0":null,"P0_Q1":2,"P0_Q2":5,"P0_Q3":5,"P0_Q4":3,"P0_Q5":5,"strategies":"at first connecting the most points, by the end looking at what makes sense for a student to have chosen and what missing information i think that they did not have","feedback":""},"accuracy":[],"trial_type":"survey","trial_index":33,"time_elapsed":380046,"internal_node_id":"0.0-10.0"},{"rt":2733,"stimulus":"<p>Thanks for your time!</p>        <p>We need to manually calculate your bonus pay, please give us up to 7 days.</p><p>Press any key to conclude.</p>","response":" ","task":"end","subjectId":"nnxlh5c0jyvpwgq","trial_type":"html-keyboard-response","trial_index":34,"time_elapsed":382781,"internal_node_id":"0.0-11.0","interactions":"[{\"event\":\"fullscreenenter\",\"trial\":1,\"time\":2092}]"}]