[{"success":true,"timeout":false,"failed_images":[],"failed_audio":[],"failed_video":[],"trial_type":"preload","trial_index":0,"time_elapsed":916,"internal_node_id":"0.0-0.0"},{"success":true,"trial_type":"fullscreen","trial_index":1,"time_elapsed":3224,"internal_node_id":"0.0-1.0"},{"rt":1479,"stimulus":"Welcome to the experiment. Press any key to begin.","response":" ","trial_type":"html-keyboard-response","trial_index":2,"time_elapsed":4705,"internal_node_id":"0.0-2.0"},{"view_history":[{"page_index":0,"viewing_time":1223},{"page_index":1,"viewing_time":2879},{"page_index":2,"viewing_time":16842},{"page_index":3,"viewing_time":2471},{"page_index":4,"viewing_time":963},{"page_index":5,"viewing_time":480},{"page_index":6,"viewing_time":530},{"page_index":7,"viewing_time":1924},{"page_index":8,"viewing_time":7477},{"page_index":9,"viewing_time":11102},{"page_index":10,"viewing_time":692},{"page_index":11,"viewing_time":563},{"page_index":12,"viewing_time":546},{"page_index":13,"viewing_time":1484},{"page_index":14,"viewing_time":2260},{"page_index":15,"viewing_time":5161},{"page_index":16,"viewing_time":2333},{"page_index":17,"viewing_time":498},{"page_index":18,"viewing_time":799},{"page_index":19,"viewing_time":5969},{"page_index":20,"viewing_time":5128},{"page_index":21,"viewing_time":3180}],"rt":74504,"trial_type":"instructions","trial_index":3,"time_elapsed":79210,"internal_node_id":"0.0-3.0"},{"rt":53102,"url":"../static/nodeGraphsTraining.html","skip":[],"edgeClickLog":[],"trial_type":"external-html","trial_index":4,"time_elapsed":132438,"internal_node_id":"0.0-4.0"},{"rt":19762,"response":{"q1":"The goal is to help the student to get the most points","q2":"False","q3":"Possible paths you, as the teacher, can choose to teach the learner.","q4":"Possible paths you, as the teacher, can choose to teach the learner."},"question_order":[0,1,2,3],"trial_type":"survey-multi-choice","trial_index":5,"time_elapsed":152205,"internal_node_id":"0.0-5.0"},{"rt":31453,"response":{"q1":"The goal is to help the student to get the most points","q2":"False","q3":"Possible paths you, as the teacher, can choose to teach the learner.","q4":"Paths that the student took before."},"question_order":[0,1,2,3],"trial_type":"survey-multi-choice","trial_index":6,"time_elapsed":183661,"internal_node_id":"0.0-6.0-0.0"},{"rt":3335,"stimulus":"<p>You can take a 60 second break before starting the experiment.</p><br><br><p>This page will advance in 60 seconds or you can press any key to advance now.</p>","response":" ","trial_type":"html-keyboard-response","trial_index":7,"time_elapsed":186997,"internal_node_id":"0.0-7.0"},{"view_history":[{"page_index":0,"viewing_time":14935}],"rt":14935,"trial_type":"instructions","trial_index":8,"time_elapsed":201934,"internal_node_id":"0.0-8.0"},{"rt":5795,"url":"../static/nodeGraphs.html","edge":"5to7","edgeRT":"3748","skip":"false","flipped":"True","index":"13","edgeClickLog":"[{\"edgeSelection\":\"5to7\",\"edgeRTMS\":3748}]","trial_id":"cong_3_flipped","congruency":"C","task":"experiment","subjectId":"1xz2h2o6qeyvb37","trial_type":"external-html","trial_index":9,"time_elapsed":207846,"internal_node_id":"0.0-9.0-0.0"},{"rt":4672,"url":"../static/nodeGraphs.html","edge":"6to8","edgeRT":"3019","skip":"false","flipped":"True","index":"15","edgeClickLog":"[{\"edgeSelection\":\"6to8\",\"edgeRTMS\":3019}]","trial_id":"cong_5_flipped","congruency":"C","task":"experiment","subjectId":"1xz2h2o6qeyvb37","trial_type":"external-html","trial_index":10,"time_elapsed":213148,"internal_node_id":"0.0-9.0-0.1"},{"rt":6321,"url":"../static/nodeGraphs.html","edge":"5to9","edgeRT":"4462","skip":"false","flipped":"False","index":"3","edgeClickLog":"[{\"edgeSelection\":\"5to9\",\"edgeRTMS\":4462}]","trial_id":"cong_3","congruency":"C","task":"experiment","subjectId":"1xz2h2o6qeyvb37","trial_type":"external-html","trial_index":11,"time_elapsed":220089,"internal_node_id":"0.0-9.0-0.2"},{"rt":5397,"url":"../static/nodeGraphs.html","edge":"3to6","edgeRT":"4136","skip":"false","flipped":"True","index":"10","edgeClickLog":"[{\"edgeSelection\":\"3to6\",\"edgeRTMS\":4136}]","trial_id":"cong_0_flipped","congruency":"C","task":"experiment","subjectId":"1xz2h2o6qeyvb37","trial_type":"external-html","trial_index":12,"time_elapsed":226105,"internal_node_id":"0.0-9.0-0.3"},{"rt":7850,"url":"../static/nodeGraphs.html","edge":"2to4","edgeRT":"6558","skip":"false","flipped":"True","index":"11","edgeClickLog":"[{\"edgeSelection\":\"2to4\",\"edgeRTMS\":6558}]","trial_id":"cong_1_flipped","congruency":"C","task":"experiment","subjectId":"1xz2h2o6qeyvb37","trial_type":"external-html","trial_index":13,"time_elapsed":234588,"internal_node_id":"0.0-9.0-0.4"},{"rt":4897,"url":"../static/nodeGraphs.html","edge":"2to5","edgeRT":"3426","skip":"false","flipped":"True","index":"19","edgeClickLog":"[{\"edgeSelection\":\"2to5\",\"edgeRTMS\":3426}]","trial_id":"cong_9_flipped","congruency":"C","task":"experiment","subjectId":"1xz2h2o6qeyvb37","trial_type":"external-html","trial_index":14,"time_elapsed":240109,"internal_node_id":"0.0-9.0-0.5"},{"rt":4986,"url":"../static/nodeGraphs.html","edge":"2to6","edgeRT":"3629","skip":"false","flipped":"True","index":"14","edgeClickLog":"[{\"edgeSelection\":\"2to6\",\"edgeRTMS\":3629}]","trial_id":"cong_4_flipped","congruency":"C","task":"experiment","subjectId":"1xz2h2o6qeyvb37","trial_type":"external-html","trial_index":15,"time_elapsed":245736,"internal_node_id":"0.0-9.0-0.6"},{"rt":9042,"url":"../static/nodeGraphs.html","edge":"5to7","edgeRT":"7912","skip":"false","flipped":"True","index":"12","edgeClickLog":"[{\"edgeSelection\":\"5to7\",\"edgeRTMS\":7912}]","trial_id":"cong_2_flipped","congruency":"C","task":"experiment","subjectId":"1xz2h2o6qeyvb37","trial_type":"external-html","trial_index":16,"time_elapsed":255408,"internal_node_id":"0.0-9.0-0.7"},{"rt":7615,"url":"../static/nodeGraphs.html","edge":"2to4","edgeRT":"6396","skip":"false","flipped":"False","index":"7","edgeClickLog":"[{\"edgeSelection\":\"2to4\",\"edgeRTMS\":6396}]","trial_id":"cong_7","congruency":"C","task":"experiment","subjectId":"1xz2h2o6qeyvb37","trial_type":"external-html","trial_index":17,"time_elapsed":263655,"internal_node_id":"0.0-9.0-0.8"},{"rt":4960,"url":"../static/nodeGraphs.html","edge":"2to4","edgeRT":"3038","skip":"false","flipped":"False","index":"4","edgeClickLog":"[{\"edgeSelection\":\"2to4\",\"edgeRTMS\":3038}]","trial_id":"cong_4","congruency":"C","task":"experiment","subjectId":"1xz2h2o6qeyvb37","trial_type":"external-html","trial_index":18,"time_elapsed":269241,"internal_node_id":"0.0-9.0-0.9"},{"rt":5330,"url":"../static/nodeGraphs.html","edge":"2to6","edgeRT":"3933","skip":"false","flipped":"False","index":"1","edgeClickLog":"[{\"edgeSelection\":\"2to6\",\"edgeRTMS\":3933}]","trial_id":"cong_1","congruency":"C","task":"experiment","subjectId":"1xz2h2o6qeyvb37","trial_type":"external-html","trial_index":19,"time_elapsed":275194,"internal_node_id":"0.0-9.0-0.10"},{"rt":5827,"url":"../static/nodeGraphs.html","edge":"2to6","edgeRT":"4420","skip":"false","flipped":"True","index":"17","edgeClickLog":"[{\"edgeSelection\":\"2to6\",\"edgeRTMS\":4420}]","trial_id":"cong_7_flipped","congruency":"C","task":"experiment","subjectId":"1xz2h2o6qeyvb37","trial_type":"external-html","trial_index":20,"time_elapsed":281645,"internal_node_id":"0.0-9.0-0.11"},{"rt":9883,"url":"../static/nodeGraphs.html","edge":"4to7","edgeRT":"7767","skip":"false","flipped":"False","index":"8","edgeClickLog":"[{\"edgeSelection\":\"4to7\",\"edgeRTMS\":7767}]","trial_id":"cong_8","congruency":"C","task":"experiment","subjectId":"1xz2h2o6qeyvb37","trial_type":"external-html","trial_index":21,"time_elapsed":292153,"internal_node_id":"0.0-9.0-0.12"},{"rt":7749,"url":"../static/nodeGraphs.html","edge":"6to9","edgeRT":"6514","skip":"false","flipped":"True","index":"18","edgeClickLog":"[{\"edgeSelection\":\"6to9\",\"edgeRTMS\":6514}]","trial_id":"cong_8_flipped","congruency":"C","task":"experiment","subjectId":"1xz2h2o6qeyvb37","trial_type":"external-html","trial_index":22,"time_elapsed":300522,"internal_node_id":"0.0-9.0-0.13"},{"rt":7671,"url":"../static/nodeGraphs.html","edge":"5to9","edgeRT":"6241","skip":"false","flipped":"False","index":"2","edgeClickLog":"[{\"edgeSelection\":\"5to9\",\"edgeRTMS\":6241}]","trial_id":"cong_2","congruency":"C","task":"experiment","subjectId":"1xz2h2o6qeyvb37","trial_type":"external-html","trial_index":23,"time_elapsed":308813,"internal_node_id":"0.0-9.0-0.14"},{"rt":7857,"url":"../static/nodeGraphs.html","edge":"5to7","edgeRT":"5658","skip":"false","flipped":"False","index":"6","edgeClickLog":"[{\"edgeSelection\":\"5to7\",\"edgeRTMS\":5658}]","trial_id":"cong_6","congruency":"C","task":"experiment","subjectId":"1xz2h2o6qeyvb37","trial_type":"external-html","trial_index":24,"time_elapsed":317304,"internal_node_id":"0.0-9.0-0.15"},{"rt":7347,"url":"../static/nodeGraphs.html","edge":"5to7","edgeRT":"6072","skip":"false","flipped":"True","index":"16","edgeClickLog":"[{\"edgeSelection\":\"5to7\",\"edgeRTMS\":6072}]","trial_id":"cong_6_flipped","congruency":"C","task":"experiment","subjectId":"1xz2h2o6qeyvb37","trial_type":"external-html","trial_index":25,"time_elapsed":325273,"internal_node_id":"0.0-9.0-0.16"},{"rt":6259,"url":"../static/nodeGraphs.html","edge":"1to4","edgeRT":"4983","skip":"false","flipped":"False","index":"5","edgeClickLog":"[{\"edgeSelection\":\"1to4\",\"edgeRTMS\":4983}]","trial_id":"cong_5","congruency":"C","task":"experiment","subjectId":"1xz2h2o6qeyvb37","trial_type":"external-html","trial_index":26,"time_elapsed":332157,"internal_node_id":"0.0-9.0-0.17"},{"rt":7994,"url":"../static/nodeGraphs.html","edge":"1to4","edgeRT":"6358","skip":"false","flipped":"False","index":"0","edgeClickLog":"[{\"edgeSelection\":\"1to4\",\"edgeRTMS\":6358}]","trial_id":"cong_0","congruency":"C","task":"experiment","subjectId":"1xz2h2o6qeyvb37","trial_type":"external-html","trial_index":27,"time_elapsed":340778,"internal_node_id":"0.0-9.0-0.18"},{"rt":5181,"url":"../static/nodeGraphs.html","edge":"5to8","edgeRT":"3497","skip":"false","flipped":"False","index":"9","edgeClickLog":"[{\"edgeSelection\":\"5to8\",\"edgeRTMS\":3497}]","trial_id":"cong_9","congruency":"C","task":"experiment","subjectId":"1xz2h2o6qeyvb37","trial_type":"external-html","trial_index":28,"time_elapsed":346578,"internal_node_id":"0.0-9.0-0.19"},{"rt":6877,"url":"../static/nodeGraphs.html","edge":"6to8","edgeRT":"5667","skip":"false","flipped":"False","index":"20","edgeClickLog":"[{\"edgeSelection\":\"6to8\",\"edgeRTMS\":5667}]","trial_id":"test_0","congruency":"I","task":"experiment","subjectId":"1xz2h2o6qeyvb37","trial_type":"external-html","trial_index":29,"time_elapsed":354083,"internal_node_id":"0.0-9.0-0.20"},{"rt":7118,"url":"../static/nodeGraphs.html","edge":"3to6","edgeRT":"4633","skip":"false","flipped":"False","index":"21","edgeClickLog":"[{\"edgeSelection\":\"3to6\",\"edgeRTMS\":4633}]","trial_id":"test_1","congruency":"I","task":"experiment","subjectId":"1xz2h2o6qeyvb37","trial_type":"external-html","trial_index":30,"time_elapsed":361829,"internal_node_id":"0.0-9.0-0.21"},{"rt":4464,"url":"../static/nodeGraphs.html","edge":"3to6","edgeRT":"2792","skip":"false","flipped":"False","index":"22","edgeClickLog":"[{\"edgeSelection\":\"3to6\",\"edgeRTMS\":2792}]","trial_id":"test_2","congruency":"I","task":"experiment","subjectId":"1xz2h2o6qeyvb37","trial_type":"external-html","trial_index":31,"time_elapsed":366923,"internal_node_id":"0.0-9.0-0.22"},{"rt":5758,"url":"../static/nodeGraphs.html","edge":"1to5","edgeRT":"4359","skip":"false","flipped":"False","index":"23","edgeClickLog":"[{\"edgeSelection\":\"1to5\",\"edgeRTMS\":4359}]","trial_id":"test_3","congruency":"I","task":"experiment","subjectId":"1xz2h2o6qeyvb37","trial_type":"external-html","trial_index":32,"time_elapsed":373305,"internal_node_id":"0.0-9.0-0.23"},{"rt":21224,"url":"../static/nodeGraphs.html","edge":"5to9","edgeRT":"18980","skip":"false","flipped":"False","index":"24","edgeClickLog":"[{\"edgeSelection\":\"5to9\",\"edgeRTMS\":10526},{\"edgeSelection\":\"6to9\",\"edgeRTMS\":16750},{\"edgeSelection\":\"5to9\",\"edgeRTMS\":18980}]","trial_id":"test_4","congruency":"I","task":"experiment","subjectId":"1xz2h2o6qeyvb37","trial_type":"external-html","trial_index":33,"time_elapsed":395157,"internal_node_id":"0.0-9.0-0.24"},{"rt":26220,"response":{"P0_Q0":null,"P0_Q1":2,"P0_Q2":6,"P0_Q3":7,"P0_Q4":1,"P0_Q5":1,"strategies":"I tried to pick the path between the two highest numbers","feedback":"This was fun, thanks!"},"accuracy":[],"trial_type":"survey","trial_index":34,"time_elapsed":421967,"internal_node_id":"0.0-10.0"},{"rt":2710,"stimulus":"<p>Thanks for your time!</p>        <p>We need to manually calculate your bonus pay, please give us up to 7 days.</p><p>Press any key to conclude.</p>","response":" ","task":"end","subjectId":"1xz2h2o6qeyvb37","trial_type":"html-keyboard-response","trial_index":35,"time_elapsed":424679,"internal_node_id":"0.0-11.0","interactions":"[{\"event\":\"fullscreenenter\",\"trial\":1,\"time\":2231}]"}]