[{"success":true,"timeout":false,"failed_images":[],"failed_audio":[],"failed_video":[],"trial_type":"preload","trial_index":0,"time_elapsed":196,"internal_node_id":"0.0-0.0"},{"success":true,"trial_type":"fullscreen","trial_index":1,"time_elapsed":2333,"internal_node_id":"0.0-1.0"},{"rt":937,"stimulus":"Welcome to the experiment. Press any key to begin.","response":" ","trial_type":"html-keyboard-response","trial_index":2,"time_elapsed":3271,"internal_node_id":"0.0-2.0"},{"view_history":[{"page_index":0,"viewing_time":1793},{"page_index":1,"viewing_time":2947},{"page_index":2,"viewing_time":21820},{"page_index":3,"viewing_time":2644},{"page_index":2,"viewing_time":1396},{"page_index":3,"viewing_time":386},{"page_index":4,"viewing_time":549},{"page_index":5,"viewing_time":297},{"page_index":6,"viewing_time":1178},{"page_index":7,"viewing_time":3751},{"page_index":8,"viewing_time":28478},{"page_index":9,"viewing_time":3773},{"page_index":10,"viewing_time":1782},{"page_index":11,"viewing_time":517},{"page_index":12,"viewing_time":352},{"page_index":13,"viewing_time":1155},{"page_index":14,"viewing_time":4752},{"page_index":15,"viewing_time":6457},{"page_index":16,"viewing_time":891},{"page_index":17,"viewing_time":814},{"page_index":18,"viewing_time":671},{"page_index":19,"viewing_time":3398},{"page_index":20,"viewing_time":4452},{"page_index":21,"viewing_time":4150}],"rt":98403,"trial_type":"instructions","trial_index":3,"time_elapsed":101675,"internal_node_id":"0.0-3.0"},{"rt":47466,"url":"../static/nodeGraphsTraining.html","skip":[],"edgeClickLog":[],"trial_type":"external-html","trial_index":4,"time_elapsed":149304,"internal_node_id":"0.0-4.0"},{"rt":18476,"response":{"q1":"The goal is to help the student to get the most points","q2":"False","q3":"Possible paths you, as the teacher, can choose to teach the learner.","q4":"Paths that the student took before."},"question_order":[0,1,2,3],"trial_type":"survey-multi-choice","trial_index":5,"time_elapsed":167782,"internal_node_id":"0.0-5.0"},{"rt":3939,"stimulus":"<p>You can take a 60 second break before starting the experiment.</p><br><br><p>This page will advance in 60 seconds or you can press any key to advance now.</p>","response":"arrowright","trial_type":"html-keyboard-response","trial_index":6,"time_elapsed":171723,"internal_node_id":"0.0-7.0"},{"view_history":[{"page_index":0,"viewing_time":9892}],"rt":9892,"trial_type":"instructions","trial_index":7,"time_elapsed":181616,"internal_node_id":"0.0-8.0"},{"rt":21187,"url":"../static/nodeGraphs.html","edge":"4to7","edgeRT":"19987","skip":"false","flipped":"False","index":"8","edgeClickLog":"[{\"edgeSelection\":\"1to4\",\"edgeRTMS\":13916},{\"edgeSelection\":\"4to7\",\"edgeRTMS\":15179},{\"edgeSelection\":\"1to4\",\"edgeRTMS\":18443},{\"edgeSelection\":\"4to7\",\"edgeRTMS\":19164},{\"edgeSelection\":\"4to7\",\"edgeRTMS\":19607},{\"edgeSelection\":\"4to7\",\"edgeRTMS\":19987}]","trial_id":"cong_8","congruency":"C","task":"experiment","subjectId":"n2phbxj11uzbq83","trial_type":"external-html","trial_index":8,"time_elapsed":202965,"internal_node_id":"0.0-9.0-0.0"},{"rt":10154,"url":"../static/nodeGraphs.html","edge":"0to1","edgeRT":"7006","skip":"false","flipped":"False","index":"5","edgeClickLog":"[{\"edgeSelection\":\"0to1\",\"edgeRTMS\":7006}]","trial_id":"cong_5","congruency":"C","task":"experiment","subjectId":"n2phbxj11uzbq83","trial_type":"external-html","trial_index":9,"time_elapsed":213782,"internal_node_id":"0.0-9.0-0.1"},{"rt":7296,"url":"../static/nodeGraphs.html","edge":"2to4","edgeRT":"4849","skip":"false","flipped":"True","index":"11","edgeClickLog":"[{\"edgeSelection\":\"2to4\",\"edgeRTMS\":3700},{\"edgeSelection\":\"2to4\",\"edgeRTMS\":4849}]","trial_id":"cong_1_flipped","congruency":"C","task":"experiment","subjectId":"n2phbxj11uzbq83","trial_type":"external-html","trial_index":10,"time_elapsed":221737,"internal_node_id":"0.0-9.0-0.2"},{"rt":19198,"url":"../static/nodeGraphs.html","edge":"2to4","edgeRT":"14864","skip":"false","flipped":"False","index":"7","edgeClickLog":"[{\"edgeSelection\":\"0to2\",\"edgeRTMS\":8059},{\"edgeSelection\":\"2to4\",\"edgeRTMS\":14864}]","trial_id":"cong_7","congruency":"C","task":"experiment","subjectId":"n2phbxj11uzbq83","trial_type":"external-html","trial_index":11,"time_elapsed":241598,"internal_node_id":"0.0-9.0-0.3"},{"rt":7200,"url":"../static/nodeGraphs.html","edge":"3to6","edgeRT":"2701","skip":"false","flipped":"True","index":"10","edgeClickLog":"[{\"edgeSelection\":\"3to6\",\"edgeRTMS\":2701}]","trial_id":"cong_0_flipped","congruency":"C","task":"experiment","subjectId":"n2phbxj11uzbq83","trial_type":"external-html","trial_index":12,"time_elapsed":249459,"internal_node_id":"0.0-9.0-0.4"},{"rt":5273,"url":"../static/nodeGraphs.html","edge":"2to5","edgeRT":"4419","skip":"false","flipped":"True","index":"19","edgeClickLog":"[{\"edgeSelection\":\"2to5\",\"edgeRTMS\":1510},{\"edgeSelection\":\"2to5\",\"edgeRTMS\":4419}]","trial_id":"cong_9_flipped","congruency":"C","task":"experiment","subjectId":"n2phbxj11uzbq83","trial_type":"external-html","trial_index":13,"time_elapsed":255393,"internal_node_id":"0.0-9.0-0.5"},{"rt":14720,"url":"../static/nodeGraphs.html","edge":"3to5","edgeRT":"5660","skip":"false","flipped":"True","index":"12","edgeClickLog":"[{\"edgeSelection\":\"3to5\",\"edgeRTMS\":5660}]","trial_id":"cong_2_flipped","congruency":"C","task":"experiment","subjectId":"n2phbxj11uzbq83","trial_type":"external-html","trial_index":14,"time_elapsed":270774,"internal_node_id":"0.0-9.0-0.6"},{"rt":5042,"url":"../static/nodeGraphs.html","edge":"1to5","edgeRT":"3813","skip":"false","flipped":"True","index":"13","edgeClickLog":"[{\"edgeSelection\":\"1to5\",\"edgeRTMS\":3813}]","trial_id":"cong_3_flipped","congruency":"C","task":"experiment","subjectId":"n2phbxj11uzbq83","trial_type":"external-html","trial_index":15,"time_elapsed":276477,"internal_node_id":"0.0-9.0-0.7"},{"rt":10291,"url":"../static/nodeGraphs.html","edge":"3to5","edgeRT":"9017","skip":"false","flipped":"False","index":"3","edgeClickLog":"[{\"edgeSelection\":\"3to5\",\"edgeRTMS\":9017}]","trial_id":"cong_3","congruency":"C","task":"experiment","subjectId":"n2phbxj11uzbq83","trial_type":"external-html","trial_index":16,"time_elapsed":287428,"internal_node_id":"0.0-9.0-0.8"},{"rt":3341,"url":"../static/nodeGraphs.html","edge":"2to6","edgeRT":"2447","skip":"false","flipped":"False","index":"1","edgeClickLog":"[{\"edgeSelection\":\"2to6\",\"edgeRTMS\":2447}]","trial_id":"cong_1","congruency":"C","task":"experiment","subjectId":"n2phbxj11uzbq83","trial_type":"external-html","trial_index":17,"time_elapsed":291429,"internal_node_id":"0.0-9.0-0.9"},{"rt":3685,"url":"../static/nodeGraphs.html","edge":"2to5","edgeRT":"2659","skip":"false","flipped":"False","index":"9","edgeClickLog":"[{\"edgeSelection\":\"2to5\",\"edgeRTMS\":2659}]","trial_id":"cong_9","congruency":"C","task":"experiment","subjectId":"n2phbxj11uzbq83","trial_type":"external-html","trial_index":18,"time_elapsed":295774,"internal_node_id":"0.0-9.0-0.10"},{"rt":17046,"url":"../static/nodeGraphs.html","edge":"0to1","edgeRT":"15910","skip":"false","flipped":"False","index":"2","edgeClickLog":"[{\"edgeSelection\":\"0to1\",\"edgeRTMS\":15635},{\"edgeSelection\":\"0to1\",\"edgeRTMS\":15910}]","trial_id":"cong_2","congruency":"C","task":"experiment","subjectId":"n2phbxj11uzbq83","trial_type":"external-html","trial_index":19,"time_elapsed":313480,"internal_node_id":"0.0-9.0-0.11"},{"rt":6264,"url":"../static/nodeGraphs.html","edge":"2to6","edgeRT":"5396","skip":"false","flipped":"True","index":"14","edgeClickLog":"[{\"edgeSelection\":\"2to6\",\"edgeRTMS\":5396}]","trial_id":"cong_4_flipped","congruency":"C","task":"experiment","subjectId":"n2phbxj11uzbq83","trial_type":"external-html","trial_index":20,"time_elapsed":320404,"internal_node_id":"0.0-9.0-0.12"},{"rt":11760,"url":"../static/nodeGraphs.html","edge":"2to5","edgeRT":"3667","skip":"false","flipped":"True","index":"16","edgeClickLog":"[{\"edgeSelection\":\"2to5\",\"edgeRTMS\":3667}]","trial_id":"cong_6_flipped","congruency":"C","task":"experiment","subjectId":"n2phbxj11uzbq83","trial_type":"external-html","trial_index":21,"time_elapsed":332823,"internal_node_id":"0.0-9.0-0.13"},{"rt":4992,"url":"../static/nodeGraphs.html","edge":"1to4","edgeRT":"2350","skip":"false","flipped":"False","index":"0","edgeClickLog":"[{\"edgeSelection\":\"1to4\",\"edgeRTMS\":2350}]","trial_id":"cong_0","congruency":"C","task":"experiment","subjectId":"n2phbxj11uzbq83","trial_type":"external-html","trial_index":22,"time_elapsed":338476,"internal_node_id":"0.0-9.0-0.14"},{"rt":8738,"url":"../static/nodeGraphs.html","edge":"2to5","edgeRT":"2049","skip":"false","flipped":"False","index":"6","edgeClickLog":"[{\"edgeSelection\":\"2to5\",\"edgeRTMS\":2049}]","trial_id":"cong_6","congruency":"C","task":"experiment","subjectId":"n2phbxj11uzbq83","trial_type":"external-html","trial_index":23,"time_elapsed":347874,"internal_node_id":"0.0-9.0-0.15"},{"rt":4677,"url":"../static/nodeGraphs.html","edge":"2to6","edgeRT":"2811","skip":"false","flipped":"True","index":"17","edgeClickLog":"[{\"edgeSelection\":\"2to6\",\"edgeRTMS\":2811}]","trial_id":"cong_7_flipped","congruency":"C","task":"experiment","subjectId":"n2phbxj11uzbq83","trial_type":"external-html","trial_index":24,"time_elapsed":353212,"internal_node_id":"0.0-9.0-0.16"},{"rt":2505,"url":"../static/nodeGraphs.html","edge":"2to4","edgeRT":"1298","skip":"false","flipped":"False","index":"4","edgeClickLog":"[{\"edgeSelection\":\"2to4\",\"edgeRTMS\":1298}]","trial_id":"cong_4","congruency":"C","task":"experiment","subjectId":"n2phbxj11uzbq83","trial_type":"external-html","trial_index":25,"time_elapsed":356378,"internal_node_id":"0.0-9.0-0.17"},{"rt":21090,"url":"../static/nodeGraphs.html","edge":"3to6","edgeRT":"19552","skip":"false","flipped":"True","index":"18","edgeClickLog":"[{\"edgeSelection\":\"3to6\",\"edgeRTMS\":19302},{\"edgeSelection\":\"3to6\",\"edgeRTMS\":19552}]","trial_id":"cong_8_flipped","congruency":"C","task":"experiment","subjectId":"n2phbxj11uzbq83","trial_type":"external-html","trial_index":26,"time_elapsed":378129,"internal_node_id":"0.0-9.0-0.18"},{"rt":5048,"url":"../static/nodeGraphs.html","edge":"0to3","edgeRT":"4462","skip":"false","flipped":"True","index":"15","edgeClickLog":"[{\"edgeSelection\":\"0to3\",\"edgeRTMS\":3339},{\"edgeSelection\":\"0to3\",\"edgeRTMS\":3696},{\"edgeSelection\":\"0to3\",\"edgeRTMS\":4230},{\"edgeSelection\":\"0to3\",\"edgeRTMS\":4462}]","trial_id":"cong_5_flipped","congruency":"C","task":"experiment","subjectId":"n2phbxj11uzbq83","trial_type":"external-html","trial_index":27,"time_elapsed":383838,"internal_node_id":"0.0-9.0-0.19"},{"rt":16272,"url":"../static/nodeGraphs.html","edge":"2to5","edgeRT":"8489","skip":"false","flipped":"False","index":"20","edgeClickLog":"[{\"edgeSelection\":\"5to8\",\"edgeRTMS\":2602},{\"edgeSelection\":\"2to5\",\"edgeRTMS\":8489}]","trial_id":"test_0","congruency":"I","task":"experiment","subjectId":"n2phbxj11uzbq83","trial_type":"external-html","trial_index":28,"time_elapsed":400769,"internal_node_id":"0.0-9.0-0.20"},{"rt":7454,"url":"../static/nodeGraphs.html","edge":"3to6","edgeRT":"5734","skip":"false","flipped":"False","index":"21","edgeClickLog":"[{\"edgeSelection\":\"0to3\",\"edgeRTMS\":4709},{\"edgeSelection\":\"3to6\",\"edgeRTMS\":5734}]","trial_id":"test_1","congruency":"I","task":"experiment","subjectId":"n2phbxj11uzbq83","trial_type":"external-html","trial_index":29,"time_elapsed":408884,"internal_node_id":"0.0-9.0-0.21"},{"rt":9229,"url":"../static/nodeGraphs.html","edge":"3to5","edgeRT":"7778","skip":"false","flipped":"False","index":"22","edgeClickLog":"[{\"edgeSelection\":\"3to6\",\"edgeRTMS\":1250},{\"edgeSelection\":\"3to6\",\"edgeRTMS\":1630},{\"edgeSelection\":\"3to5\",\"edgeRTMS\":7778}]","trial_id":"test_2","congruency":"I","task":"experiment","subjectId":"n2phbxj11uzbq83","trial_type":"external-html","trial_index":30,"time_elapsed":418773,"internal_node_id":"0.0-9.0-0.22"},{"rt":3772,"url":"../static/nodeGraphs.html","edge":"1to5","edgeRT":"2685","skip":"false","flipped":"False","index":"23","edgeClickLog":"[{\"edgeSelection\":\"1to5\",\"edgeRTMS\":1580},{\"edgeSelection\":\"1to5\",\"edgeRTMS\":1868},{\"edgeSelection\":\"1to5\",\"edgeRTMS\":2685}]","trial_id":"test_3","congruency":"I","task":"experiment","subjectId":"n2phbxj11uzbq83","trial_type":"external-html","trial_index":31,"time_elapsed":423205,"internal_node_id":"0.0-9.0-0.23"},{"rt":8298,"url":"../static/nodeGraphs.html","edge":"6to9","edgeRT":"3951","skip":"false","flipped":"False","index":"24","edgeClickLog":"[{\"edgeSelection\":\"6to9\",\"edgeRTMS\":3951}]","trial_id":"test_4","congruency":"I","task":"experiment","subjectId":"n2phbxj11uzbq83","trial_type":"external-html","trial_index":32,"time_elapsed":432163,"internal_node_id":"0.0-9.0-0.24"},{"rt":18787,"response":{"P0_Q0":null,"P0_Q1":4,"P0_Q2":6,"P0_Q3":6,"P0_Q4":3,"P0_Q5":1,"strategies":"Whichever appeared to give the most points","feedback":""},"accuracy":[],"trial_type":"survey","trial_index":33,"time_elapsed":451493,"internal_node_id":"0.0-10.0"},{"rt":5187,"stimulus":"<p>Thanks for your time!</p>        <p>We need to manually calculate your bonus pay, please give us up to 7 days.</p><p>Press any key to conclude.</p>","response":"arrowright","task":"end","subjectId":"n2phbxj11uzbq83","trial_type":"html-keyboard-response","trial_index":34,"time_elapsed":456683,"internal_node_id":"0.0-11.0","interactions":"[{\"event\":\"fullscreenenter\",\"trial\":1,\"time\":1351}]"}]