[{"success":true,"timeout":false,"failed_images":[],"failed_audio":[],"failed_video":[],"trial_type":"preload","trial_index":0,"time_elapsed":208,"internal_node_id":"0.0-0.0"},{"success":true,"trial_type":"fullscreen","trial_index":1,"time_elapsed":262304,"internal_node_id":"0.0-1.0"},{"rt":2063,"stimulus":"Welcome to the experiment. Press any key to begin.","response":" ","trial_type":"html-keyboard-response","trial_index":2,"time_elapsed":264370,"internal_node_id":"0.0-2.0"},{"view_history":[{"page_index":0,"viewing_time":3417},{"page_index":1,"viewing_time":5214},{"page_index":2,"viewing_time":51148},{"page_index":3,"viewing_time":8544},{"page_index":4,"viewing_time":3057},{"page_index":5,"viewing_time":2107},{"page_index":6,"viewing_time":2313},{"page_index":7,"viewing_time":15484},{"page_index":8,"viewing_time":18532},{"page_index":9,"viewing_time":14657},{"page_index":10,"viewing_time":1859},{"page_index":11,"viewing_time":3146},{"page_index":12,"viewing_time":1465},{"page_index":13,"viewing_time":1771},{"page_index":14,"viewing_time":3996},{"page_index":15,"viewing_time":9799},{"page_index":16,"viewing_time":2414},{"page_index":17,"viewing_time":1445},{"page_index":18,"viewing_time":1515},{"page_index":19,"viewing_time":5608},{"page_index":20,"viewing_time":5214},{"page_index":21,"viewing_time":6073}],"rt":168775,"trial_type":"instructions","trial_index":3,"time_elapsed":433147,"internal_node_id":"0.0-3.0"},{"rt":73772,"url":"../static/nodeGraphsTraining.html","skip":[],"edgeClickLog":[],"trial_type":"external-html","trial_index":4,"time_elapsed":507108,"internal_node_id":"0.0-4.0"},{"rt":42196,"response":{"q1":"The goal is to help the student to get the most points","q2":"False","q3":"Possible paths you, as the teacher, can choose to teach the learner.","q4":"Paths that the student took before."},"question_order":[0,1,2,3],"trial_type":"survey-multi-choice","trial_index":5,"time_elapsed":549312,"internal_node_id":"0.0-5.0"},{"rt":5145,"stimulus":"<p>You can take a 60 second break before starting the experiment.</p><br><br><p>This page will advance in 60 seconds or you can press any key to advance now.</p>","response":" ","trial_type":"html-keyboard-response","trial_index":6,"time_elapsed":554463,"internal_node_id":"0.0-7.0"},{"view_history":[{"page_index":0,"viewing_time":20599}],"rt":20599,"trial_type":"instructions","trial_index":7,"time_elapsed":575062,"internal_node_id":"0.0-8.0"},{"rt":14361,"url":"../static/nodeGraphs.html","edge":"6to9","edgeRT":"10822","skip":"false","flipped":"True","index":"17","edgeClickLog":"[{\"edgeSelection\":\"0to2\",\"edgeRTMS\":8450},{\"edgeSelection\":\"2to6\",\"edgeRTMS\":9595},{\"edgeSelection\":\"6to9\",\"edgeRTMS\":10822}]","trial_id":"cong_7_flipped","congruency":"C","task":"experiment","subjectId":"h9wx9qcbwza19v7","trial_type":"external-html","trial_index":8,"time_elapsed":589516,"internal_node_id":"0.0-9.0-0.0"},{"rt":11096,"url":"../static/nodeGraphs.html","edge":"6to9","edgeRT":"9122","skip":"false","flipped":"True","index":"14","edgeClickLog":"[{\"edgeSelection\":\"0to2\",\"edgeRTMS\":5720},{\"edgeSelection\":\"2to6\",\"edgeRTMS\":7203},{\"edgeSelection\":\"6to9\",\"edgeRTMS\":9122}]","trial_id":"cong_4_flipped","congruency":"C","task":"experiment","subjectId":"h9wx9qcbwza19v7","trial_type":"external-html","trial_index":9,"time_elapsed":601199,"internal_node_id":"0.0-9.0-0.1"},{"rt":12245,"url":"../static/nodeGraphs.html","edge":"5to7","edgeRT":"10723","skip":"false","flipped":"True","index":"12","edgeClickLog":"[{\"edgeSelection\":\"0to3\",\"edgeRTMS\":7083},{\"edgeSelection\":\"3to5\",\"edgeRTMS\":9101},{\"edgeSelection\":\"5to7\",\"edgeRTMS\":10723}]","trial_id":"cong_2_flipped","congruency":"C","task":"experiment","subjectId":"h9wx9qcbwza19v7","trial_type":"external-html","trial_index":10,"time_elapsed":614038,"internal_node_id":"0.0-9.0-0.2"},{"rt":12630,"url":"../static/nodeGraphs.html","edge":"6to9","edgeRT":"11150","skip":"false","flipped":"True","index":"18","edgeClickLog":"[{\"edgeSelection\":\"0to3\",\"edgeRTMS\":8475},{\"edgeSelection\":\"3to6\",\"edgeRTMS\":9876},{\"edgeSelection\":\"6to9\",\"edgeRTMS\":11150}]","trial_id":"cong_8_flipped","congruency":"C","task":"experiment","subjectId":"h9wx9qcbwza19v7","trial_type":"external-html","trial_index":11,"time_elapsed":627264,"internal_node_id":"0.0-9.0-0.3"},{"rt":17388,"url":"../static/nodeGraphs.html","edge":"6to8","edgeRT":"15436","skip":"false","flipped":"True","index":"15","edgeClickLog":"[{\"edgeSelection\":\"0to3\",\"edgeRTMS\":11681},{\"edgeSelection\":\"3to6\",\"edgeRTMS\":13539},{\"edgeSelection\":\"6to8\",\"edgeRTMS\":15436}]","trial_id":"cong_5_flipped","congruency":"C","task":"experiment","subjectId":"h9wx9qcbwza19v7","trial_type":"external-html","trial_index":12,"time_elapsed":645237,"internal_node_id":"0.0-9.0-0.4"},{"rt":11007,"url":"../static/nodeGraphs.html","edge":"4to7","edgeRT":"9444","skip":"false","flipped":"True","index":"11","edgeClickLog":"[{\"edgeSelection\":\"0to1\",\"edgeRTMS\":6265},{\"edgeSelection\":\"1to4\",\"edgeRTMS\":8108},{\"edgeSelection\":\"4to7\",\"edgeRTMS\":9444}]","trial_id":"cong_1_flipped","congruency":"C","task":"experiment","subjectId":"h9wx9qcbwza19v7","trial_type":"external-html","trial_index":13,"time_elapsed":656840,"internal_node_id":"0.0-9.0-0.5"},{"rt":14344,"url":"../static/nodeGraphs.html","edge":"4to7","edgeRT":"13042","skip":"false","flipped":"False","index":"8","edgeClickLog":"[{\"edgeSelection\":\"0to1\",\"edgeRTMS\":10512},{\"edgeSelection\":\"1to4\",\"edgeRTMS\":11783},{\"edgeSelection\":\"4to7\",\"edgeRTMS\":13042}]","trial_id":"cong_8","congruency":"C","task":"experiment","subjectId":"h9wx9qcbwza19v7","trial_type":"external-html","trial_index":14,"time_elapsed":671773,"internal_node_id":"0.0-9.0-0.6"},{"rt":7306,"url":"../static/nodeGraphs.html","edge":"4to7","edgeRT":"5781","skip":"false","flipped":"False","index":"0","edgeClickLog":"[{\"edgeSelection\":\"0to1\",\"edgeRTMS\":2687},{\"edgeSelection\":\"1to4\",\"edgeRTMS\":4245},{\"edgeSelection\":\"4to7\",\"edgeRTMS\":5781}]","trial_id":"cong_0","congruency":"C","task":"experiment","subjectId":"h9wx9qcbwza19v7","trial_type":"external-html","trial_index":15,"time_elapsed":679670,"internal_node_id":"0.0-9.0-0.7"},{"rt":11176,"url":"../static/nodeGraphs.html","edge":"4to8","edgeRT":"9668","skip":"false","flipped":"False","index":"4","edgeClickLog":"[{\"edgeSelection\":\"0to2\",\"edgeRTMS\":7047},{\"edgeSelection\":\"2to4\",\"edgeRTMS\":8442},{\"edgeSelection\":\"4to8\",\"edgeRTMS\":9668}]","trial_id":"cong_4","congruency":"C","task":"experiment","subjectId":"h9wx9qcbwza19v7","trial_type":"external-html","trial_index":16,"time_elapsed":691438,"internal_node_id":"0.0-9.0-0.8"},{"rt":11151,"url":"../static/nodeGraphs.html","edge":"6to9","edgeRT":"9724","skip":"false","flipped":"True","index":"10","edgeClickLog":"[{\"edgeSelection\":\"0to3\",\"edgeRTMS\":4559},{\"edgeSelection\":\"3to6\",\"edgeRTMS\":8250},{\"edgeSelection\":\"6to9\",\"edgeRTMS\":9724}]","trial_id":"cong_0_flipped","congruency":"C","task":"experiment","subjectId":"h9wx9qcbwza19v7","trial_type":"external-html","trial_index":17,"time_elapsed":703174,"internal_node_id":"0.0-9.0-0.9"},{"rt":18999,"url":"../static/nodeGraphs.html","edge":"5to9","edgeRT":"17718","skip":"false","flipped":"False","index":"3","edgeClickLog":"[{\"edgeSelection\":\"0to1\",\"edgeRTMS\":14459},{\"edgeSelection\":\"1to5\",\"edgeRTMS\":15891},{\"edgeSelection\":\"5to9\",\"edgeRTMS\":17718}]","trial_id":"cong_3","congruency":"C","task":"experiment","subjectId":"h9wx9qcbwza19v7","trial_type":"external-html","trial_index":18,"time_elapsed":722767,"internal_node_id":"0.0-9.0-0.10"},{"rt":8831,"url":"../static/nodeGraphs.html","edge":"4to8","edgeRT":"7378","skip":"false","flipped":"False","index":"7","edgeClickLog":"[{\"edgeSelection\":\"0to2\",\"edgeRTMS\":4123},{\"edgeSelection\":\"2to4\",\"edgeRTMS\":5556},{\"edgeSelection\":\"4to8\",\"edgeRTMS\":7378}]","trial_id":"cong_7","congruency":"C","task":"experiment","subjectId":"h9wx9qcbwza19v7","trial_type":"external-html","trial_index":19,"time_elapsed":732290,"internal_node_id":"0.0-9.0-0.11"},{"rt":8955,"url":"../static/nodeGraphs.html","edge":"5to9","edgeRT":"7710","skip":"false","flipped":"False","index":"6","edgeClickLog":"[{\"edgeSelection\":\"0to2\",\"edgeRTMS\":4850},{\"edgeSelection\":\"2to5\",\"edgeRTMS\":6092},{\"edgeSelection\":\"5to9\",\"edgeRTMS\":7710}]","trial_id":"cong_6","congruency":"C","task":"experiment","subjectId":"h9wx9qcbwza19v7","trial_type":"external-html","trial_index":20,"time_elapsed":741829,"internal_node_id":"0.0-9.0-0.12"},{"rt":11899,"url":"../static/nodeGraphs.html","edge":"5to9","edgeRT":"10534","skip":"false","flipped":"True","index":"16","edgeClickLog":"[{\"edgeSelection\":\"0to2\",\"edgeRTMS\":6989},{\"edgeSelection\":\"2to5\",\"edgeRTMS\":8926},{\"edgeSelection\":\"5to9\",\"edgeRTMS\":10534}]","trial_id":"cong_6_flipped","congruency":"C","task":"experiment","subjectId":"h9wx9qcbwza19v7","trial_type":"external-html","trial_index":21,"time_elapsed":754328,"internal_node_id":"0.0-9.0-0.13"},{"rt":15910,"url":"../static/nodeGraphs.html","edge":"4to8","edgeRT":"14933","skip":"false","flipped":"False","index":"5","edgeClickLog":"[{\"edgeSelection\":\"0to1\",\"edgeRTMS\":11529},{\"edgeSelection\":\"1to4\",\"edgeRTMS\":13684},{\"edgeSelection\":\"4to8\",\"edgeRTMS\":14933}]","trial_id":"cong_5","congruency":"C","task":"experiment","subjectId":"h9wx9qcbwza19v7","trial_type":"external-html","trial_index":22,"time_elapsed":770834,"internal_node_id":"0.0-9.0-0.14"},{"rt":14516,"url":"../static/nodeGraphs.html","edge":"6to9","edgeRT":"13353","skip":"false","flipped":"False","index":"1","edgeClickLog":"[{\"edgeSelection\":\"0to3\",\"edgeRTMS\":10496},{\"edgeSelection\":\"3to6\",\"edgeRTMS\":11804},{\"edgeSelection\":\"6to9\",\"edgeRTMS\":13353}]","trial_id":"cong_1","congruency":"C","task":"experiment","subjectId":"h9wx9qcbwza19v7","trial_type":"external-html","trial_index":23,"time_elapsed":785944,"internal_node_id":"0.0-9.0-0.15"},{"rt":8307,"url":"../static/nodeGraphs.html","edge":"5to8","edgeRT":"6936","skip":"false","flipped":"True","index":"19","edgeClickLog":"[{\"edgeSelection\":\"0to2\",\"edgeRTMS\":4161},{\"edgeSelection\":\"2to5\",\"edgeRTMS\":5564},{\"edgeSelection\":\"5to8\",\"edgeRTMS\":6936}]","trial_id":"cong_9_flipped","congruency":"C","task":"experiment","subjectId":"h9wx9qcbwza19v7","trial_type":"external-html","trial_index":24,"time_elapsed":794849,"internal_node_id":"0.0-9.0-0.16"},{"rt":10351,"url":"../static/nodeGraphs.html","edge":"5to8","edgeRT":"7473","skip":"false","flipped":"False","index":"9","edgeClickLog":"[{\"edgeSelection\":\"0to2\",\"edgeRTMS\":4631},{\"edgeSelection\":\"2to5\",\"edgeRTMS\":5848},{\"edgeSelection\":\"5to8\",\"edgeRTMS\":7473}]","trial_id":"cong_9","congruency":"C","task":"experiment","subjectId":"h9wx9qcbwza19v7","trial_type":"external-html","trial_index":25,"time_elapsed":805796,"internal_node_id":"0.0-9.0-0.17"},{"rt":15791,"url":"../static/nodeGraphs.html","edge":"5to9","edgeRT":"14509","skip":"false","flipped":"False","index":"2","edgeClickLog":"[{\"edgeSelection\":\"0to3\",\"edgeRTMS\":11636},{\"edgeSelection\":\"3to5\",\"edgeRTMS\":12922},{\"edgeSelection\":\"5to9\",\"edgeRTMS\":14509}]","trial_id":"cong_2","congruency":"C","task":"experiment","subjectId":"h9wx9qcbwza19v7","trial_type":"external-html","trial_index":26,"time_elapsed":822171,"internal_node_id":"0.0-9.0-0.18"},{"rt":19816,"url":"../static/nodeGraphs.html","edge":"5to7","edgeRT":"18477","skip":"false","flipped":"True","index":"13","edgeClickLog":"[{\"edgeSelection\":\"0to3\",\"edgeRTMS\":14728},{\"edgeSelection\":\"3to5\",\"edgeRTMS\":17046},{\"edgeSelection\":\"5to7\",\"edgeRTMS\":18477}]","trial_id":"cong_3_flipped","congruency":"C","task":"experiment","subjectId":"h9wx9qcbwza19v7","trial_type":"external-html","trial_index":27,"time_elapsed":842578,"internal_node_id":"0.0-9.0-0.19"},{"rt":14179,"url":"../static/nodeGraphs.html","edge":"4to8","edgeRT":"10130","skip":"false","flipped":"False","index":"20","edgeClickLog":"[{\"edgeSelection\":\"0to1\",\"edgeRTMS\":6739},{\"edgeSelection\":\"1to4\",\"edgeRTMS\":8458},{\"edgeSelection\":\"4to8\",\"edgeRTMS\":10130}]","trial_id":"test_0","congruency":"I","task":"experiment","subjectId":"h9wx9qcbwza19v7","trial_type":"external-html","trial_index":28,"time_elapsed":857351,"internal_node_id":"0.0-9.0-0.20"},{"rt":11687,"url":"../static/nodeGraphs.html","edge":"6to9","edgeRT":"9924","skip":"false","flipped":"False","index":"21","edgeClickLog":"[{\"edgeSelection\":\"0to3\",\"edgeRTMS\":5442},{\"edgeSelection\":\"3to6\",\"edgeRTMS\":8401},{\"edgeSelection\":\"6to9\",\"edgeRTMS\":9924}]","trial_id":"test_1","congruency":"I","task":"experiment","subjectId":"h9wx9qcbwza19v7","trial_type":"external-html","trial_index":29,"time_elapsed":869630,"internal_node_id":"0.0-9.0-0.21"},{"rt":9399,"url":"../static/nodeGraphs.html","edge":"6to8","edgeRT":"8265","skip":"false","flipped":"False","index":"22","edgeClickLog":"[{\"edgeSelection\":\"0to3\",\"edgeRTMS\":4971},{\"edgeSelection\":\"3to6\",\"edgeRTMS\":6761},{\"edgeSelection\":\"6to8\",\"edgeRTMS\":8265}]","trial_id":"test_2","congruency":"I","task":"experiment","subjectId":"h9wx9qcbwza19v7","trial_type":"external-html","trial_index":30,"time_elapsed":879616,"internal_node_id":"0.0-9.0-0.22"},{"rt":11034,"url":"../static/nodeGraphs.html","edge":"5to9","edgeRT":"9745","skip":"false","flipped":"False","index":"23","edgeClickLog":"[{\"edgeSelection\":\"0to1\",\"edgeRTMS\":5727},{\"edgeSelection\":\"1to5\",\"edgeRTMS\":7480},{\"edgeSelection\":\"5to9\",\"edgeRTMS\":9745}]","trial_id":"test_3","congruency":"I","task":"experiment","subjectId":"h9wx9qcbwza19v7","trial_type":"external-html","trial_index":31,"time_elapsed":891234,"internal_node_id":"0.0-9.0-0.23"},{"rt":11495,"url":"../static/nodeGraphs.html","edge":"6to9","edgeRT":"10239","skip":"false","flipped":"False","index":"24","edgeClickLog":"[{\"edgeSelection\":\"0to2\",\"edgeRTMS\":6846},{\"edgeSelection\":\"2to6\",\"edgeRTMS\":8171},{\"edgeSelection\":\"6to9\",\"edgeRTMS\":10239}]","trial_id":"test_4","congruency":"I","task":"experiment","subjectId":"h9wx9qcbwza19v7","trial_type":"external-html","trial_index":32,"time_elapsed":903317,"internal_node_id":"0.0-9.0-0.24"},{"rt":62694,"response":{"P0_Q0":null,"P0_Q1":2,"P0_Q2":6,"P0_Q3":7,"P0_Q4":6,"P0_Q5":3,"strategies":"Looked at the path the student took then added up their points. then looked for other paths with higher points balances to suggest to the student ","feedback":"no"},"accuracy":[],"trial_type":"survey","trial_index":33,"time_elapsed":966635,"internal_node_id":"0.0-10.0"},{"rt":4105,"stimulus":"<p>Thanks for your time!</p>        <p>We need to manually calculate your bonus pay, please give us up to 7 days.</p><p>Press any key to conclude.</p>","response":" ","task":"end","subjectId":"h9wx9qcbwza19v7","trial_type":"html-keyboard-response","trial_index":34,"time_elapsed":970746,"internal_node_id":"0.0-11.0","interactions":"[{\"event\":\"blur\",\"trial\":1,\"time\":4825},{\"event\":\"focus\",\"trial\":1,\"time\":259642},{\"event\":\"fullscreenenter\",\"trial\":1,\"time\":261369}]"}]