[{"success":true,"timeout":false,"failed_images":[],"failed_audio":[],"failed_video":[],"trial_type":"preload","trial_index":0,"time_elapsed":472,"internal_node_id":"0.0-0.0"},{"success":true,"trial_type":"fullscreen","trial_index":1,"time_elapsed":4972,"internal_node_id":"0.0-1.0"},{"rt":2820,"stimulus":"Welcome to the experiment. Press any key to begin.","response":"b","trial_type":"html-keyboard-response","trial_index":2,"time_elapsed":7796,"internal_node_id":"0.0-2.0"},{"view_history":[{"page_index":0,"viewing_time":6077},{"page_index":1,"viewing_time":4369},{"page_index":2,"viewing_time":19281},{"page_index":3,"viewing_time":7615},{"page_index":4,"viewing_time":1592},{"page_index":5,"viewing_time":2369},{"page_index":6,"viewing_time":3911},{"page_index":7,"viewing_time":10372},{"page_index":8,"viewing_time":17526},{"page_index":9,"viewing_time":8487},{"page_index":10,"viewing_time":2473},{"page_index":11,"viewing_time":2095},{"page_index":12,"viewing_time":1024},{"page_index":13,"viewing_time":1728},{"page_index":14,"viewing_time":2800},{"page_index":15,"viewing_time":5841},{"page_index":16,"viewing_time":1159},{"page_index":17,"viewing_time":952},{"page_index":18,"viewing_time":6752},{"page_index":19,"viewing_time":3257},{"page_index":20,"viewing_time":4855},{"page_index":21,"viewing_time":3176}],"rt":117713,"trial_type":"instructions","trial_index":3,"time_elapsed":125510,"internal_node_id":"0.0-3.0"},{"rt":102115,"url":"../static/nodeGraphsTraining.html","skip":[],"edgeClickLog":[],"trial_type":"external-html","trial_index":4,"time_elapsed":227704,"internal_node_id":"0.0-4.0"},{"rt":24502,"response":{"q1":"The goal is to help the student to get the most points","q2":"False","q3":"Possible paths you, as the teacher, can choose to teach the learner.","q4":"Paths that the student took before."},"question_order":[0,1,2,3],"trial_type":"survey-multi-choice","trial_index":5,"time_elapsed":252215,"internal_node_id":"0.0-5.0"},{"rt":6957,"stimulus":"<p>You can take a 60 second break before starting the experiment.</p><br><br><p>This page will advance in 60 seconds or you can press any key to advance now.</p>","response":" ","trial_type":"html-keyboard-response","trial_index":6,"time_elapsed":259179,"internal_node_id":"0.0-7.0"},{"view_history":[{"page_index":0,"viewing_time":11861}],"rt":11862,"trial_type":"instructions","trial_index":7,"time_elapsed":271043,"internal_node_id":"0.0-8.0"},{"rt":15374,"url":"../static/nodeGraphs.html","edge":"0to3","edgeRT":"12963","skip":"false","flipped":"True","index":"18","edgeClickLog":"[{\"edgeSelection\":\"0to3\",\"edgeRTMS\":8530},{\"edgeSelection\":\"3to6\",\"edgeRTMS\":10240},{\"edgeSelection\":\"0to3\",\"edgeRTMS\":12963}]","trial_id":"incong_8_flipped","congruency":"I","task":"experiment","subjectId":"734fwzhcubuhndv","trial_type":"external-html","trial_index":8,"time_elapsed":286490,"internal_node_id":"0.0-9.0-0.0"},{"rt":12450,"url":"../static/nodeGraphs.html","edge":"0to1","edgeRT":"10237","skip":"false","flipped":"False","index":"2","edgeClickLog":"[{\"edgeSelection\":\"0to1\",\"edgeRTMS\":8771},{\"edgeSelection\":\"0to1\",\"edgeRTMS\":10237}]","trial_id":"incong_2","congruency":"I","task":"experiment","subjectId":"734fwzhcubuhndv","trial_type":"external-html","trial_index":9,"time_elapsed":299517,"internal_node_id":"0.0-9.0-0.1"},{"rt":12271,"url":"../static/nodeGraphs.html","edge":"0to2","edgeRT":"10963","skip":"false","flipped":"True","index":"17","edgeClickLog":"[{\"edgeSelection\":\"0to2\",\"edgeRTMS\":10963}]","trial_id":"incong_7_flipped","congruency":"I","task":"experiment","subjectId":"734fwzhcubuhndv","trial_type":"external-html","trial_index":10,"time_elapsed":312364,"internal_node_id":"0.0-9.0-0.2"},{"rt":9443,"url":"../static/nodeGraphs.html","edge":"2to4","edgeRT":"8123","skip":"false","flipped":"False","index":"1","edgeClickLog":"[{\"edgeSelection\":\"2to4\",\"edgeRTMS\":8123}]","trial_id":"incong_1","congruency":"I","task":"experiment","subjectId":"734fwzhcubuhndv","trial_type":"external-html","trial_index":11,"time_elapsed":322619,"internal_node_id":"0.0-9.0-0.3"},{"rt":10280,"url":"../static/nodeGraphs.html","edge":"0to3","edgeRT":"8969","skip":"false","flipped":"False","index":"4","edgeClickLog":"[{\"edgeSelection\":\"0to3\",\"edgeRTMS\":8969}]","trial_id":"incong_4","congruency":"I","task":"experiment","subjectId":"734fwzhcubuhndv","trial_type":"external-html","trial_index":12,"time_elapsed":333470,"internal_node_id":"0.0-9.0-0.4"},{"rt":12748,"url":"../static/nodeGraphs.html","edge":"0to2","edgeRT":"10939","skip":"false","flipped":"True","index":"16","edgeClickLog":"[{\"edgeSelection\":\"0to2\",\"edgeRTMS\":10939}]","trial_id":"incong_6_flipped","congruency":"I","task":"experiment","subjectId":"734fwzhcubuhndv","trial_type":"external-html","trial_index":13,"time_elapsed":346789,"internal_node_id":"0.0-9.0-0.5"},{"rt":8128,"url":"../static/nodeGraphs.html","edge":"0to2","edgeRT":"6673","skip":"false","flipped":"True","index":"19","edgeClickLog":"[{\"edgeSelection\":\"0to2\",\"edgeRTMS\":6673}]","trial_id":"incong_9_flipped","congruency":"I","task":"experiment","subjectId":"734fwzhcubuhndv","trial_type":"external-html","trial_index":14,"time_elapsed":355489,"internal_node_id":"0.0-9.0-0.6"},{"rt":14346,"url":"../static/nodeGraphs.html","edge":"0to3","edgeRT":"13205","skip":"false","flipped":"True","index":"11","edgeClickLog":"[{\"edgeSelection\":\"0to3\",\"edgeRTMS\":13205}]","trial_id":"incong_1_flipped","congruency":"I","task":"experiment","subjectId":"734fwzhcubuhndv","trial_type":"external-html","trial_index":15,"time_elapsed":370416,"internal_node_id":"0.0-9.0-0.7"},{"rt":9239,"url":"../static/nodeGraphs.html","edge":"0to1","edgeRT":"7741","skip":"false","flipped":"False","index":"6","edgeClickLog":"[{\"edgeSelection\":\"0to1\",\"edgeRTMS\":7741}]","trial_id":"incong_6","congruency":"I","task":"experiment","subjectId":"734fwzhcubuhndv","trial_type":"external-html","trial_index":16,"time_elapsed":380231,"internal_node_id":"0.0-9.0-0.8"},{"rt":14501,"url":"../static/nodeGraphs.html","edge":"0to1","edgeRT":"12585","skip":"false","flipped":"True","index":"14","edgeClickLog":"[{\"edgeSelection\":\"0to1\",\"edgeRTMS\":12585}]","trial_id":"incong_4_flipped","congruency":"I","task":"experiment","subjectId":"734fwzhcubuhndv","trial_type":"external-html","trial_index":17,"time_elapsed":395303,"internal_node_id":"0.0-9.0-0.9"},{"rt":7080,"url":"../static/nodeGraphs.html","edge":"0to2","edgeRT":"5636","skip":"false","flipped":"True","index":"13","edgeClickLog":"[{\"edgeSelection\":\"0to2\",\"edgeRTMS\":5636}]","trial_id":"incong_3_flipped","congruency":"I","task":"experiment","subjectId":"734fwzhcubuhndv","trial_type":"external-html","trial_index":18,"time_elapsed":402954,"internal_node_id":"0.0-9.0-0.10"},{"rt":8521,"url":"../static/nodeGraphs.html","edge":"0to1","edgeRT":"7310","skip":"false","flipped":"False","index":"8","edgeClickLog":"[{\"edgeSelection\":\"0to1\",\"edgeRTMS\":7310}]","trial_id":"incong_8","congruency":"I","task":"experiment","subjectId":"734fwzhcubuhndv","trial_type":"external-html","trial_index":19,"time_elapsed":412046,"internal_node_id":"0.0-9.0-0.11"},{"rt":9861,"url":"../static/nodeGraphs.html","edge":"0to2","edgeRT":"8790","skip":"false","flipped":"False","index":"5","edgeClickLog":"[{\"edgeSelection\":\"0to2\",\"edgeRTMS\":8790}]","trial_id":"incong_5","congruency":"I","task":"experiment","subjectId":"734fwzhcubuhndv","trial_type":"external-html","trial_index":20,"time_elapsed":422481,"internal_node_id":"0.0-9.0-0.12"},{"rt":16388,"url":"../static/nodeGraphs.html","edge":"0to2","edgeRT":"15465","skip":"false","flipped":"False","index":"3","edgeClickLog":"[{\"edgeSelection\":\"0to2\",\"edgeRTMS\":11827},{\"edgeSelection\":\"2to6\",\"edgeRTMS\":13344},{\"edgeSelection\":\"0to2\",\"edgeRTMS\":15465}]","trial_id":"incong_3","congruency":"I","task":"experiment","subjectId":"734fwzhcubuhndv","trial_type":"external-html","trial_index":21,"time_elapsed":439441,"internal_node_id":"0.0-9.0-0.13"},{"rt":7753,"url":"../static/nodeGraphs.html","edge":"0to1","edgeRT":"6703","skip":"false","flipped":"False","index":"0","edgeClickLog":"[{\"edgeSelection\":\"0to1\",\"edgeRTMS\":6703}]","trial_id":"incong_0","congruency":"I","task":"experiment","subjectId":"734fwzhcubuhndv","trial_type":"external-html","trial_index":22,"time_elapsed":447786,"internal_node_id":"0.0-9.0-0.14"},{"rt":10750,"url":"../static/nodeGraphs.html","edge":"0to2","edgeRT":"9387","skip":"false","flipped":"True","index":"10","edgeClickLog":"[{\"edgeSelection\":\"0to2\",\"edgeRTMS\":9387}]","trial_id":"incong_0_flipped","congruency":"I","task":"experiment","subjectId":"734fwzhcubuhndv","trial_type":"external-html","trial_index":23,"time_elapsed":459106,"internal_node_id":"0.0-9.0-0.15"},{"rt":9750,"url":"../static/nodeGraphs.html","edge":"0to2","edgeRT":"8741","skip":"false","flipped":"False","index":"7","edgeClickLog":"[{\"edgeSelection\":\"0to2\",\"edgeRTMS\":8741}]","trial_id":"incong_7","congruency":"I","task":"experiment","subjectId":"734fwzhcubuhndv","trial_type":"external-html","trial_index":24,"time_elapsed":469426,"internal_node_id":"0.0-9.0-0.16"},{"rt":10422,"url":"../static/nodeGraphs.html","edge":"0to2","edgeRT":"8140","skip":"false","flipped":"True","index":"15","edgeClickLog":"[{\"edgeSelection\":\"0to2\",\"edgeRTMS\":8140}]","trial_id":"incong_5_flipped","congruency":"I","task":"experiment","subjectId":"734fwzhcubuhndv","trial_type":"external-html","trial_index":25,"time_elapsed":480424,"internal_node_id":"0.0-9.0-0.17"},{"rt":12427,"url":"../static/nodeGraphs.html","edge":"0to3","edgeRT":"11484","skip":"false","flipped":"True","index":"12","edgeClickLog":"[{\"edgeSelection\":\"0to3\",\"edgeRTMS\":11484}]","trial_id":"incong_2_flipped","congruency":"I","task":"experiment","subjectId":"734fwzhcubuhndv","trial_type":"external-html","trial_index":26,"time_elapsed":493424,"internal_node_id":"0.0-9.0-0.18"},{"rt":9031,"url":"../static/nodeGraphs.html","edge":"0to2","edgeRT":"8163","skip":"false","flipped":"False","index":"9","edgeClickLog":"[{\"edgeSelection\":\"0to2\",\"edgeRTMS\":8163}]","trial_id":"incong_9","congruency":"I","task":"experiment","subjectId":"734fwzhcubuhndv","trial_type":"external-html","trial_index":27,"time_elapsed":503029,"internal_node_id":"0.0-9.0-0.19"},{"rt":16754,"url":"../static/nodeGraphs.html","edge":"0to2","edgeRT":"15605","skip":"false","flipped":"False","index":"20","edgeClickLog":"[{\"edgeSelection\":\"0to2\",\"edgeRTMS\":15605}]","trial_id":"test_0","congruency":"I","task":"experiment","subjectId":"734fwzhcubuhndv","trial_type":"external-html","trial_index":28,"time_elapsed":520356,"internal_node_id":"0.0-9.0-0.20"},{"rt":7293,"url":"../static/nodeGraphs.html","edge":"0to3","edgeRT":"5565","skip":"false","flipped":"False","index":"21","edgeClickLog":"[{\"edgeSelection\":\"0to3\",\"edgeRTMS\":5565}]","trial_id":"test_1","congruency":"I","task":"experiment","subjectId":"734fwzhcubuhndv","trial_type":"external-html","trial_index":29,"time_elapsed":528228,"internal_node_id":"0.0-9.0-0.21"},{"rt":11680,"url":"../static/nodeGraphs.html","edge":"0to3","edgeRT":"9210","skip":"false","flipped":"False","index":"22","edgeClickLog":"[{\"edgeSelection\":\"0to3\",\"edgeRTMS\":9210}]","trial_id":"test_2","congruency":"I","task":"experiment","subjectId":"734fwzhcubuhndv","trial_type":"external-html","trial_index":30,"time_elapsed":540492,"internal_node_id":"0.0-9.0-0.22"},{"rt":8072,"url":"../static/nodeGraphs.html","edge":"0to1","edgeRT":"6873","skip":"false","flipped":"False","index":"23","edgeClickLog":"[{\"edgeSelection\":\"0to1\",\"edgeRTMS\":6873}]","trial_id":"test_3","congruency":"I","task":"experiment","subjectId":"734fwzhcubuhndv","trial_type":"external-html","trial_index":31,"time_elapsed":549137,"internal_node_id":"0.0-9.0-0.23"},{"rt":10580,"url":"../static/nodeGraphs.html","edge":"0to2","edgeRT":"9451","skip":"false","flipped":"False","index":"24","edgeClickLog":"[{\"edgeSelection\":\"0to2\",\"edgeRTMS\":9451}]","trial_id":"test_4","congruency":"I","task":"experiment","subjectId":"734fwzhcubuhndv","trial_type":"external-html","trial_index":32,"time_elapsed":560290,"internal_node_id":"0.0-9.0-0.24"},{"rt":45023,"response":{"P0_Q0":null,"P0_Q1":4,"P0_Q2":6,"P0_Q3":6,"P0_Q4":4,"P0_Q5":1,"strategies":"Choosing the path that gave at least more than the one taken by the student.","feedback":"Enjoyable and engaging."},"accuracy":[],"trial_type":"survey","trial_index":33,"time_elapsed":606076,"internal_node_id":"0.0-10.0"},{"rt":7781,"stimulus":"<p>Thanks for your time!</p>        <p>We need to manually calculate your bonus pay, please give us up to 7 days.</p><p>Press any key to conclude.</p>","response":" ","task":"end","subjectId":"734fwzhcubuhndv","trial_type":"html-keyboard-response","trial_index":34,"time_elapsed":613862,"internal_node_id":"0.0-11.0","interactions":"[{\"event\":\"fullscreenenter\",\"trial\":1,\"time\":4011},{\"event\":\"blur\",\"trial\":4,\"time\":149085},{\"event\":\"focus\",\"trial\":4,\"time\":149085},{\"event\":\"fullscreenexit\",\"trial\":4,\"time\":149135}]"}]