[{"success":true,"timeout":false,"failed_images":[],"failed_audio":[],"failed_video":[],"trial_type":"preload","trial_index":0,"time_elapsed":272,"internal_node_id":"0.0-0.0"},{"success":true,"trial_type":"fullscreen","trial_index":1,"time_elapsed":3913,"internal_node_id":"0.0-1.0"},{"rt":3262,"stimulus":"Welcome to the experiment. Press any key to begin.","response":" ","trial_type":"html-keyboard-response","trial_index":2,"time_elapsed":7178,"internal_node_id":"0.0-2.0"},{"view_history":[{"page_index":0,"viewing_time":4369},{"page_index":1,"viewing_time":3965},{"page_index":2,"viewing_time":44643},{"page_index":3,"viewing_time":6470},{"page_index":4,"viewing_time":2330},{"page_index":5,"viewing_time":1814},{"page_index":6,"viewing_time":3287},{"page_index":7,"viewing_time":7453},{"page_index":8,"viewing_time":15539},{"page_index":9,"viewing_time":10293},{"page_index":10,"viewing_time":1471},{"page_index":11,"viewing_time":708},{"page_index":12,"viewing_time":671},{"page_index":13,"viewing_time":1627},{"page_index":14,"viewing_time":2769},{"page_index":15,"viewing_time":6834},{"page_index":16,"viewing_time":1265},{"page_index":17,"viewing_time":753},{"page_index":18,"viewing_time":1791},{"page_index":19,"viewing_time":3063},{"page_index":20,"viewing_time":4947},{"page_index":21,"viewing_time":3650}],"rt":129712,"trial_type":"instructions","trial_index":3,"time_elapsed":136887,"internal_node_id":"0.0-3.0"},{"rt":99873,"url":"../static/nodeGraphsTraining.html","skip":[],"edgeClickLog":[],"trial_type":"external-html","trial_index":4,"time_elapsed":236835,"internal_node_id":"0.0-4.0"},{"rt":24286,"response":{"q1":"The goal is to help the student to get the most points","q2":"False","q3":"Possible paths you, as the teacher, can choose to teach the learner.","q4":"Paths that the student took before."},"question_order":[0,1,2,3],"trial_type":"survey-multi-choice","trial_index":5,"time_elapsed":261127,"internal_node_id":"0.0-5.0"},{"rt":3105,"stimulus":"<p>You can take a 60 second break before starting the experiment.</p><br><br><p>This page will advance in 60 seconds or you can press any key to advance now.</p>","response":"arrowright","trial_type":"html-keyboard-response","trial_index":6,"time_elapsed":264236,"internal_node_id":"0.0-7.0"},{"view_history":[{"page_index":0,"viewing_time":22267}],"rt":22268,"trial_type":"instructions","trial_index":7,"time_elapsed":286505,"internal_node_id":"0.0-8.0"},{"rt":11475,"url":"../static/nodeGraphs.html","edge":"6to8","edgeRT":"9278","skip":"false","flipped":"False","index":"0","edgeClickLog":"[{\"edgeSelection\":\"6to8\",\"edgeRTMS\":9278}]","trial_id":"incong_0","congruency":"I","task":"experiment","subjectId":"x5glpspf8q7f1sd","trial_type":"external-html","trial_index":8,"time_elapsed":298024,"internal_node_id":"0.0-9.0-0.0"},{"rt":10931,"url":"../static/nodeGraphs.html","edge":"5to9","edgeRT":"8384","skip":"false","flipped":"True","index":"13","edgeClickLog":"[{\"edgeSelection\":\"5to9\",\"edgeRTMS\":8384}]","trial_id":"incong_3_flipped","congruency":"I","task":"experiment","subjectId":"x5glpspf8q7f1sd","trial_type":"external-html","trial_index":9,"time_elapsed":309515,"internal_node_id":"0.0-9.0-0.1"},{"rt":9465,"url":"../static/nodeGraphs.html","edge":"6to8","edgeRT":"6645","skip":"false","flipped":"True","index":"19","edgeClickLog":"[{\"edgeSelection\":\"6to8\",\"edgeRTMS\":6645}]","trial_id":"incong_9_flipped","congruency":"I","task":"experiment","subjectId":"x5glpspf8q7f1sd","trial_type":"external-html","trial_index":10,"time_elapsed":319542,"internal_node_id":"0.0-9.0-0.2"},{"rt":9771,"url":"../static/nodeGraphs.html","edge":"6to9","edgeRT":"7952","skip":"false","flipped":"False","index":"1","edgeClickLog":"[{\"edgeSelection\":\"6to9\",\"edgeRTMS\":7952}]","trial_id":"incong_1","congruency":"I","task":"experiment","subjectId":"x5glpspf8q7f1sd","trial_type":"external-html","trial_index":11,"time_elapsed":329884,"internal_node_id":"0.0-9.0-0.3"},{"rt":10548,"url":"../static/nodeGraphs.html","edge":"4to7","edgeRT":"8883","skip":"false","flipped":"True","index":"11","edgeClickLog":"[{\"edgeSelection\":\"4to7\",\"edgeRTMS\":8883}]","trial_id":"incong_1_flipped","congruency":"I","task":"experiment","subjectId":"x5glpspf8q7f1sd","trial_type":"external-html","trial_index":12,"time_elapsed":340992,"internal_node_id":"0.0-9.0-0.4"},{"rt":15839,"url":"../static/nodeGraphs.html","edge":"5to8","edgeRT":"13510","skip":"false","flipped":"False","index":"7","edgeClickLog":"[{\"edgeSelection\":\"5to8\",\"edgeRTMS\":13510}]","trial_id":"incong_7","congruency":"I","task":"experiment","subjectId":"x5glpspf8q7f1sd","trial_type":"external-html","trial_index":13,"time_elapsed":357391,"internal_node_id":"0.0-9.0-0.5"},{"rt":12537,"url":"../static/nodeGraphs.html","edge":"4to8","edgeRT":"10744","skip":"false","flipped":"True","index":"16","edgeClickLog":"[{\"edgeSelection\":\"5to7\",\"edgeRTMS\":8968},{\"edgeSelection\":\"4to8\",\"edgeRTMS\":10744}]","trial_id":"incong_6_flipped","congruency":"I","task":"experiment","subjectId":"x5glpspf8q7f1sd","trial_type":"external-html","trial_index":14,"time_elapsed":370493,"internal_node_id":"0.0-9.0-0.6"},{"rt":6976,"url":"../static/nodeGraphs.html","edge":"6to8","edgeRT":"4952","skip":"false","flipped":"False","index":"6","edgeClickLog":"[{\"edgeSelection\":\"6to8\",\"edgeRTMS\":4952}]","trial_id":"incong_6","congruency":"I","task":"experiment","subjectId":"x5glpspf8q7f1sd","trial_type":"external-html","trial_index":15,"time_elapsed":378031,"internal_node_id":"0.0-9.0-0.7"},{"rt":11598,"url":"../static/nodeGraphs.html","edge":"4to8","edgeRT":"6952","skip":"false","flipped":"False","index":"9","edgeClickLog":"[{\"edgeSelection\":\"4to8\",\"edgeRTMS\":6952}]","trial_id":"incong_9","congruency":"I","task":"experiment","subjectId":"x5glpspf8q7f1sd","trial_type":"external-html","trial_index":16,"time_elapsed":390192,"internal_node_id":"0.0-9.0-0.8"},{"rt":19578,"url":"../static/nodeGraphs.html","edge":"3to6","edgeRT":"15992","skip":"false","flipped":"False","index":"5","edgeClickLog":"[{\"edgeSelection\":\"3to6\",\"edgeRTMS\":15992}]","trial_id":"incong_5","congruency":"I","task":"experiment","subjectId":"x5glpspf8q7f1sd","trial_type":"external-html","trial_index":17,"time_elapsed":410329,"internal_node_id":"0.0-9.0-0.9"},{"rt":8204,"url":"../static/nodeGraphs.html","edge":"4to8","edgeRT":"5979","skip":"false","flipped":"True","index":"10","edgeClickLog":"[{\"edgeSelection\":\"4to8\",\"edgeRTMS\":5979}]","trial_id":"incong_0_flipped","congruency":"I","task":"experiment","subjectId":"x5glpspf8q7f1sd","trial_type":"external-html","trial_index":18,"time_elapsed":419093,"internal_node_id":"0.0-9.0-0.10"},{"rt":12257,"url":"../static/nodeGraphs.html","edge":"0to2","edgeRT":"10509","skip":"false","flipped":"True","index":"12","edgeClickLog":"[{\"edgeSelection\":\"0to2\",\"edgeRTMS\":10509}]","trial_id":"incong_2_flipped","congruency":"I","task":"experiment","subjectId":"x5glpspf8q7f1sd","trial_type":"external-html","trial_index":19,"time_elapsed":431906,"internal_node_id":"0.0-9.0-0.11"},{"rt":4779,"url":"../static/nodeGraphs.html","edge":"5to8","edgeRT":"3208","skip":"false","flipped":"True","index":"17","edgeClickLog":"[{\"edgeSelection\":\"5to8\",\"edgeRTMS\":3208}]","trial_id":"incong_7_flipped","congruency":"I","task":"experiment","subjectId":"x5glpspf8q7f1sd","trial_type":"external-html","trial_index":20,"time_elapsed":437248,"internal_node_id":"0.0-9.0-0.12"},{"rt":9822,"url":"../static/nodeGraphs.html","edge":"5to9","edgeRT":"8166","skip":"false","flipped":"False","index":"8","edgeClickLog":"[{\"edgeSelection\":\"5to9\",\"edgeRTMS\":8166}]","trial_id":"incong_8","congruency":"I","task":"experiment","subjectId":"x5glpspf8q7f1sd","trial_type":"external-html","trial_index":21,"time_elapsed":447638,"internal_node_id":"0.0-9.0-0.13"},{"rt":10006,"url":"../static/nodeGraphs.html","edge":"6to8","edgeRT":"8273","skip":"false","flipped":"True","index":"14","edgeClickLog":"[{\"edgeSelection\":\"6to8\",\"edgeRTMS\":8273}]","trial_id":"incong_4_flipped","congruency":"I","task":"experiment","subjectId":"x5glpspf8q7f1sd","trial_type":"external-html","trial_index":22,"time_elapsed":458210,"internal_node_id":"0.0-9.0-0.14"},{"rt":11598,"url":"../static/nodeGraphs.html","edge":"0to2","edgeRT":"6360","skip":"false","flipped":"False","index":"2","edgeClickLog":"[{\"edgeSelection\":\"0to2\",\"edgeRTMS\":6360}]","trial_id":"incong_2","congruency":"I","task":"experiment","subjectId":"x5glpspf8q7f1sd","trial_type":"external-html","trial_index":23,"time_elapsed":470363,"internal_node_id":"0.0-9.0-0.15"},{"rt":21287,"url":"../static/nodeGraphs.html","edge":"1to4","edgeRT":"19456","skip":"false","flipped":"True","index":"15","edgeClickLog":"[{\"edgeSelection\":\"1to4\",\"edgeRTMS\":19456}]","trial_id":"incong_5_flipped","congruency":"I","task":"experiment","subjectId":"x5glpspf8q7f1sd","trial_type":"external-html","trial_index":24,"time_elapsed":492209,"internal_node_id":"0.0-9.0-0.16"},{"rt":11505,"url":"../static/nodeGraphs.html","edge":"4to8","edgeRT":"9959","skip":"false","flipped":"False","index":"4","edgeClickLog":"[{\"edgeSelection\":\"5to7\",\"edgeRTMS\":8120},{\"edgeSelection\":\"4to8\",\"edgeRTMS\":9959}]","trial_id":"incong_4","congruency":"I","task":"experiment","subjectId":"x5glpspf8q7f1sd","trial_type":"external-html","trial_index":25,"time_elapsed":504276,"internal_node_id":"0.0-9.0-0.17"},{"rt":4993,"url":"../static/nodeGraphs.html","edge":"5to8","edgeRT":"3124","skip":"false","flipped":"True","index":"18","edgeClickLog":"[{\"edgeSelection\":\"5to8\",\"edgeRTMS\":3124}]","trial_id":"incong_8_flipped","congruency":"I","task":"experiment","subjectId":"x5glpspf8q7f1sd","trial_type":"external-html","trial_index":26,"time_elapsed":509836,"internal_node_id":"0.0-9.0-0.18"},{"rt":5324,"url":"../static/nodeGraphs.html","edge":"5to7","edgeRT":"4134","skip":"false","flipped":"False","index":"3","edgeClickLog":"[{\"edgeSelection\":\"5to7\",\"edgeRTMS\":4134}]","trial_id":"incong_3","congruency":"I","task":"experiment","subjectId":"x5glpspf8q7f1sd","trial_type":"external-html","trial_index":27,"time_elapsed":515725,"internal_node_id":"0.0-9.0-0.19"},{"rt":16321,"url":"../static/nodeGraphs.html","edge":"5to8","edgeRT":"14531","skip":"false","flipped":"False","index":"20","edgeClickLog":"[{\"edgeSelection\":\"5to8\",\"edgeRTMS\":14531}]","trial_id":"test_0","congruency":"I","task":"experiment","subjectId":"x5glpspf8q7f1sd","trial_type":"external-html","trial_index":28,"time_elapsed":532613,"internal_node_id":"0.0-9.0-0.20"},{"rt":9823,"url":"../static/nodeGraphs.html","edge":"4to7","edgeRT":"8226","skip":"false","flipped":"False","index":"21","edgeClickLog":"[{\"edgeSelection\":\"4to7\",\"edgeRTMS\":8226}]","trial_id":"test_1","congruency":"I","task":"experiment","subjectId":"x5glpspf8q7f1sd","trial_type":"external-html","trial_index":29,"time_elapsed":542995,"internal_node_id":"0.0-9.0-0.21"},{"rt":6050,"url":"../static/nodeGraphs.html","edge":"6to8","edgeRT":"4701","skip":"false","flipped":"False","index":"22","edgeClickLog":"[{\"edgeSelection\":\"6to8\",\"edgeRTMS\":4701}]","trial_id":"test_2","congruency":"I","task":"experiment","subjectId":"x5glpspf8q7f1sd","trial_type":"external-html","trial_index":30,"time_elapsed":549615,"internal_node_id":"0.0-9.0-0.22"},{"rt":6350,"url":"../static/nodeGraphs.html","edge":"5to9","edgeRT":"5089","skip":"false","flipped":"False","index":"23","edgeClickLog":"[{\"edgeSelection\":\"5to9\",\"edgeRTMS\":5089}]","trial_id":"test_3","congruency":"I","task":"experiment","subjectId":"x5glpspf8q7f1sd","trial_type":"external-html","trial_index":31,"time_elapsed":556523,"internal_node_id":"0.0-9.0-0.23"},{"rt":19369,"url":"../static/nodeGraphs.html","edge":"1to5","edgeRT":"17135","skip":"false","flipped":"False","index":"24","edgeClickLog":"[{\"edgeSelection\":\"1to5\",\"edgeRTMS\":17135}]","trial_id":"test_4","congruency":"I","task":"experiment","subjectId":"x5glpspf8q7f1sd","trial_type":"external-html","trial_index":32,"time_elapsed":576460,"internal_node_id":"0.0-9.0-0.24"},{"rt":31248,"response":{"P0_Q0":null,"P0_Q1":4,"P0_Q2":7,"P0_Q3":5,"P0_Q4":4,"P0_Q5":2,"strategies":"I looked for the most obvious point addition","feedback":"no"},"accuracy":[],"trial_type":"survey","trial_index":33,"time_elapsed":608434,"internal_node_id":"0.0-10.0"},{"rt":2808,"stimulus":"<p>Thanks for your time!</p>        <p>We need to manually calculate your bonus pay, please give us up to 7 days.</p><p>Press any key to conclude.</p>","response":" ","task":"end","subjectId":"x5glpspf8q7f1sd","trial_type":"html-keyboard-response","trial_index":34,"time_elapsed":611244,"internal_node_id":"0.0-11.0","interactions":"[{\"event\":\"fullscreenenter\",\"trial\":1,\"time\":2923}]"}]