[{"success":true,"timeout":false,"failed_images":[],"failed_audio":[],"failed_video":[],"trial_type":"preload","trial_index":0,"time_elapsed":894,"internal_node_id":"0.0-0.0"},{"success":true,"trial_type":"fullscreen","trial_index":1,"time_elapsed":3061,"internal_node_id":"0.0-1.0"},{"rt":2102,"stimulus":"Welcome to the experiment. Press any key to begin.","response":"f","trial_type":"html-keyboard-response","trial_index":2,"time_elapsed":5163,"internal_node_id":"0.0-2.0"},{"view_history":[{"page_index":0,"viewing_time":2064},{"page_index":1,"viewing_time":2569},{"page_index":2,"viewing_time":14411},{"page_index":3,"viewing_time":1455},{"page_index":4,"viewing_time":1043},{"page_index":5,"viewing_time":1069},{"page_index":6,"viewing_time":2929},{"page_index":7,"viewing_time":6501},{"page_index":8,"viewing_time":8230},{"page_index":9,"viewing_time":5725},{"page_index":10,"viewing_time":1301},{"page_index":11,"viewing_time":499},{"page_index":12,"viewing_time":370},{"page_index":13,"viewing_time":1328},{"page_index":14,"viewing_time":2439},{"page_index":15,"viewing_time":8722},{"page_index":16,"viewing_time":678},{"page_index":17,"viewing_time":241},{"page_index":18,"viewing_time":396},{"page_index":19,"viewing_time":2931},{"page_index":20,"viewing_time":5071},{"page_index":21,"viewing_time":4247}],"rt":74218,"trial_type":"instructions","trial_index":3,"time_elapsed":79382,"internal_node_id":"0.0-3.0"},{"rt":34601,"url":"../static/nodeGraphsTraining.html","skip":[],"edgeClickLog":[],"trial_type":"external-html","trial_index":4,"time_elapsed":114101,"internal_node_id":"0.0-4.0"},{"rt":14753,"response":{"q1":"The goal is to help the student to get the most points","q2":"False","q3":"Possible paths you, as the teacher, can choose to teach the learner.","q4":"Paths that the student took before."},"question_order":[0,1,2,3],"trial_type":"survey-multi-choice","trial_index":5,"time_elapsed":128856,"internal_node_id":"0.0-5.0"},{"rt":2668,"stimulus":"<p>You can take a 60 second break before starting the experiment.</p><br><br><p>This page will advance in 60 seconds or you can press any key to advance now.</p>","response":"h","trial_type":"html-keyboard-response","trial_index":6,"time_elapsed":131524,"internal_node_id":"0.0-7.0"},{"view_history":[{"page_index":0,"viewing_time":12758}],"rt":12758,"trial_type":"instructions","trial_index":7,"time_elapsed":144283,"internal_node_id":"0.0-8.0"},{"rt":11189,"url":"../static/nodeGraphs.html","edge":"3to5","edgeRT":"8604","skip":"false","flipped":"False","index":"4","edgeClickLog":"[{\"edgeSelection\":\"0to1\",\"edgeRTMS\":5926},{\"edgeSelection\":\"3to5\",\"edgeRTMS\":8604}]","trial_id":"incong_4","congruency":"I","task":"experiment","subjectId":"at15g8f9gcnf5ek","trial_type":"external-html","trial_index":8,"time_elapsed":155588,"internal_node_id":"0.0-9.0-0.0"},{"rt":8072,"url":"../static/nodeGraphs.html","edge":"0to2","edgeRT":"6827","skip":"false","flipped":"False","index":"7","edgeClickLog":"[{\"edgeSelection\":\"0to2\",\"edgeRTMS\":6827}]","trial_id":"incong_7","congruency":"I","task":"experiment","subjectId":"at15g8f9gcnf5ek","trial_type":"external-html","trial_index":9,"time_elapsed":164277,"internal_node_id":"0.0-9.0-0.1"},{"rt":4926,"url":"../static/nodeGraphs.html","edge":"3to5","edgeRT":"3967","skip":"false","flipped":"True","index":"19","edgeClickLog":"[{\"edgeSelection\":\"3to5\",\"edgeRTMS\":3967}]","trial_id":"incong_9_flipped","congruency":"I","task":"experiment","subjectId":"at15g8f9gcnf5ek","trial_type":"external-html","trial_index":10,"time_elapsed":169820,"internal_node_id":"0.0-9.0-0.2"},{"rt":6114,"url":"../static/nodeGraphs.html","edge":"0to1","edgeRT":"4994","skip":"false","flipped":"False","index":"8","edgeClickLog":"[{\"edgeSelection\":\"0to1\",\"edgeRTMS\":4994}]","trial_id":"incong_8","congruency":"I","task":"experiment","subjectId":"at15g8f9gcnf5ek","trial_type":"external-html","trial_index":11,"time_elapsed":176550,"internal_node_id":"0.0-9.0-0.3"},{"rt":7629,"url":"../static/nodeGraphs.html","edge":"2to6","edgeRT":"6012","skip":"false","flipped":"False","index":"3","edgeClickLog":"[{\"edgeSelection\":\"2to6\",\"edgeRTMS\":6012}]","trial_id":"incong_3","congruency":"I","task":"experiment","subjectId":"at15g8f9gcnf5ek","trial_type":"external-html","trial_index":12,"time_elapsed":184795,"internal_node_id":"0.0-9.0-0.4"},{"rt":6954,"url":"../static/nodeGraphs.html","edge":"0to2","edgeRT":"5897","skip":"false","flipped":"True","index":"12","edgeClickLog":"[{\"edgeSelection\":\"0to2\",\"edgeRTMS\":5897}]","trial_id":"incong_2_flipped","congruency":"I","task":"experiment","subjectId":"at15g8f9gcnf5ek","trial_type":"external-html","trial_index":13,"time_elapsed":192365,"internal_node_id":"0.0-9.0-0.5"},{"rt":4437,"url":"../static/nodeGraphs.html","edge":"5to8","edgeRT":"3552","skip":"false","flipped":"False","index":"9","edgeClickLog":"[{\"edgeSelection\":\"5to8\",\"edgeRTMS\":3552}]","trial_id":"incong_9","congruency":"I","task":"experiment","subjectId":"at15g8f9gcnf5ek","trial_type":"external-html","trial_index":14,"time_elapsed":197421,"internal_node_id":"0.0-9.0-0.6"},{"rt":4417,"url":"../static/nodeGraphs.html","edge":"2to4","edgeRT":"3512","skip":"false","flipped":"True","index":"13","edgeClickLog":"[{\"edgeSelection\":\"2to4\",\"edgeRTMS\":3512}]","trial_id":"incong_3_flipped","congruency":"I","task":"experiment","subjectId":"at15g8f9gcnf5ek","trial_type":"external-html","trial_index":15,"time_elapsed":202455,"internal_node_id":"0.0-9.0-0.7"},{"rt":3797,"url":"../static/nodeGraphs.html","edge":"2to4","edgeRT":"2883","skip":"false","flipped":"False","index":"5","edgeClickLog":"[{\"edgeSelection\":\"2to4\",\"edgeRTMS\":2883}]","trial_id":"incong_5","congruency":"I","task":"experiment","subjectId":"at15g8f9gcnf5ek","trial_type":"external-html","trial_index":16,"time_elapsed":206868,"internal_node_id":"0.0-9.0-0.8"},{"rt":4203,"url":"../static/nodeGraphs.html","edge":"3to5","edgeRT":"3391","skip":"false","flipped":"True","index":"14","edgeClickLog":"[{\"edgeSelection\":\"3to5\",\"edgeRTMS\":3391}]","trial_id":"incong_4_flipped","congruency":"I","task":"experiment","subjectId":"at15g8f9gcnf5ek","trial_type":"external-html","trial_index":17,"time_elapsed":211687,"internal_node_id":"0.0-9.0-0.9"},{"rt":6227,"url":"../static/nodeGraphs.html","edge":"0to1","edgeRT":"5114","skip":"false","flipped":"False","index":"1","edgeClickLog":"[{\"edgeSelection\":\"0to1\",\"edgeRTMS\":5114}]","trial_id":"incong_1","congruency":"I","task":"experiment","subjectId":"at15g8f9gcnf5ek","trial_type":"external-html","trial_index":18,"time_elapsed":218531,"internal_node_id":"0.0-9.0-0.10"},{"rt":2955,"url":"../static/nodeGraphs.html","edge":"0to3","edgeRT":"1866","skip":"false","flipped":"True","index":"16","edgeClickLog":"[{\"edgeSelection\":\"0to3\",\"edgeRTMS\":1866}]","trial_id":"incong_6_flipped","congruency":"I","task":"experiment","subjectId":"at15g8f9gcnf5ek","trial_type":"external-html","trial_index":19,"time_elapsed":222179,"internal_node_id":"0.0-9.0-0.11"},{"rt":3968,"url":"../static/nodeGraphs.html","edge":"0to1","edgeRT":"2980","skip":"false","flipped":"False","index":"6","edgeClickLog":"[{\"edgeSelection\":\"0to1\",\"edgeRTMS\":1487},{\"edgeSelection\":\"0to1\",\"edgeRTMS\":2980}]","trial_id":"incong_6","congruency":"I","task":"experiment","subjectId":"at15g8f9gcnf5ek","trial_type":"external-html","trial_index":20,"time_elapsed":226764,"internal_node_id":"0.0-9.0-0.12"},{"rt":3422,"url":"../static/nodeGraphs.html","edge":"4to7","edgeRT":"2488","skip":"false","flipped":"True","index":"11","edgeClickLog":"[{\"edgeSelection\":\"4to7\",\"edgeRTMS\":2488}]","trial_id":"incong_1_flipped","congruency":"I","task":"experiment","subjectId":"at15g8f9gcnf5ek","trial_type":"external-html","trial_index":21,"time_elapsed":230803,"internal_node_id":"0.0-9.0-0.13"},{"rt":4046,"url":"../static/nodeGraphs.html","edge":"2to6","edgeRT":"2982","skip":"false","flipped":"True","index":"10","edgeClickLog":"[{\"edgeSelection\":\"2to6\",\"edgeRTMS\":2982}]","trial_id":"incong_0_flipped","congruency":"I","task":"experiment","subjectId":"at15g8f9gcnf5ek","trial_type":"external-html","trial_index":22,"time_elapsed":235467,"internal_node_id":"0.0-9.0-0.14"},{"rt":3098,"url":"../static/nodeGraphs.html","edge":"2to6","edgeRT":"2386","skip":"false","flipped":"True","index":"15","edgeClickLog":"[{\"edgeSelection\":\"2to6\",\"edgeRTMS\":2386}]","trial_id":"incong_5_flipped","congruency":"I","task":"experiment","subjectId":"at15g8f9gcnf5ek","trial_type":"external-html","trial_index":23,"time_elapsed":239181,"internal_node_id":"0.0-9.0-0.15"},{"rt":3661,"url":"../static/nodeGraphs.html","edge":"0to1","edgeRT":"2675","skip":"false","flipped":"False","index":"0","edgeClickLog":"[{\"edgeSelection\":\"0to1\",\"edgeRTMS\":2675}]","trial_id":"incong_0","congruency":"I","task":"experiment","subjectId":"at15g8f9gcnf5ek","trial_type":"external-html","trial_index":24,"time_elapsed":243459,"internal_node_id":"0.0-9.0-0.16"},{"rt":2719,"url":"../static/nodeGraphs.html","edge":"5to8","edgeRT":"1999","skip":"false","flipped":"True","index":"17","edgeClickLog":"[{\"edgeSelection\":\"5to8\",\"edgeRTMS\":1999}]","trial_id":"incong_7_flipped","congruency":"I","task":"experiment","subjectId":"at15g8f9gcnf5ek","trial_type":"external-html","trial_index":25,"time_elapsed":246795,"internal_node_id":"0.0-9.0-0.17"},{"rt":4568,"url":"../static/nodeGraphs.html","edge":"0to1","edgeRT":"3506","skip":"false","flipped":"False","index":"2","edgeClickLog":"[{\"edgeSelection\":\"0to1\",\"edgeRTMS\":3506}]","trial_id":"incong_2","congruency":"I","task":"experiment","subjectId":"at15g8f9gcnf5ek","trial_type":"external-html","trial_index":26,"time_elapsed":251978,"internal_node_id":"0.0-9.0-0.18"},{"rt":2796,"url":"../static/nodeGraphs.html","edge":"0to3","edgeRT":"1711","skip":"false","flipped":"True","index":"18","edgeClickLog":"[{\"edgeSelection\":\"0to3\",\"edgeRTMS\":1711}]","trial_id":"incong_8_flipped","congruency":"I","task":"experiment","subjectId":"at15g8f9gcnf5ek","trial_type":"external-html","trial_index":27,"time_elapsed":255392,"internal_node_id":"0.0-9.0-0.19"},{"rt":9719,"url":"../static/nodeGraphs.html","edge":"0to1","edgeRT":"7723","skip":"false","flipped":"False","index":"20","edgeClickLog":"[{\"edgeSelection\":\"3to6\",\"edgeRTMS\":3792},{\"edgeSelection\":\"0to1\",\"edgeRTMS\":7723}]","trial_id":"test_0","congruency":"I","task":"experiment","subjectId":"at15g8f9gcnf5ek","trial_type":"external-html","trial_index":28,"time_elapsed":265729,"internal_node_id":"0.0-9.0-0.20"},{"rt":3204,"url":"../static/nodeGraphs.html","edge":"0to3","edgeRT":"2148","skip":"false","flipped":"False","index":"21","edgeClickLog":"[{\"edgeSelection\":\"0to3\",\"edgeRTMS\":2148}]","trial_id":"test_1","congruency":"I","task":"experiment","subjectId":"at15g8f9gcnf5ek","trial_type":"external-html","trial_index":29,"time_elapsed":269550,"internal_node_id":"0.0-9.0-0.21"},{"rt":3793,"url":"../static/nodeGraphs.html","edge":"0to3","edgeRT":"2657","skip":"false","flipped":"False","index":"22","edgeClickLog":"[{\"edgeSelection\":\"0to3\",\"edgeRTMS\":2657}]","trial_id":"test_2","congruency":"I","task":"experiment","subjectId":"at15g8f9gcnf5ek","trial_type":"external-html","trial_index":30,"time_elapsed":273958,"internal_node_id":"0.0-9.0-0.22"},{"rt":3132,"url":"../static/nodeGraphs.html","edge":"0to1","edgeRT":"2073","skip":"false","flipped":"False","index":"23","edgeClickLog":"[{\"edgeSelection\":\"0to1\",\"edgeRTMS\":2073}]","trial_id":"test_3","congruency":"I","task":"experiment","subjectId":"at15g8f9gcnf5ek","trial_type":"external-html","trial_index":31,"time_elapsed":277893,"internal_node_id":"0.0-9.0-0.23"},{"rt":13401,"url":"../static/nodeGraphs.html","edge":"6to9","edgeRT":"12565","skip":"false","flipped":"False","index":"24","edgeClickLog":"[{\"edgeSelection\":\"6to9\",\"edgeRTMS\":12565}]","trial_id":"test_4","congruency":"I","task":"experiment","subjectId":"at15g8f9gcnf5ek","trial_type":"external-html","trial_index":32,"time_elapsed":291911,"internal_node_id":"0.0-9.0-0.24"},{"rt":27714,"response":{"P0_Q0":null,"P0_Q1":2,"P0_Q2":5,"P0_Q3":7,"P0_Q4":2,"P0_Q5":1,"strategies":"Find the best path to a max amount and find the best line to take ","feedback":"nope"},"accuracy":[],"trial_type":"survey","trial_index":33,"time_elapsed":320161,"internal_node_id":"0.0-10.0"},{"rt":3696,"stimulus":"<p>Thanks for your time!</p>        <p>We need to manually calculate your bonus pay, please give us up to 7 days.</p><p>Press any key to conclude.</p>","response":"d","task":"end","subjectId":"at15g8f9gcnf5ek","trial_type":"html-keyboard-response","trial_index":34,"time_elapsed":323858,"internal_node_id":"0.0-11.0","interactions":"[{\"event\":\"fullscreenenter\",\"trial\":1,\"time\":2077}]"}]