[{"success":true,"timeout":false,"failed_images":[],"failed_audio":[],"failed_video":[],"trial_type":"preload","trial_index":0,"time_elapsed":161,"internal_node_id":"0.0-0.0"},{"success":true,"trial_type":"fullscreen","trial_index":1,"time_elapsed":4116,"internal_node_id":"0.0-1.0"},{"rt":4788,"stimulus":"Welcome to the experiment. Press any key to begin.","response":" ","trial_type":"html-keyboard-response","trial_index":2,"time_elapsed":8907,"internal_node_id":"0.0-2.0"},{"view_history":[{"page_index":0,"viewing_time":4929},{"page_index":1,"viewing_time":5800},{"page_index":2,"viewing_time":29693},{"page_index":3,"viewing_time":7110},{"page_index":4,"viewing_time":2795},{"page_index":5,"viewing_time":1114},{"page_index":6,"viewing_time":4709},{"page_index":7,"viewing_time":19712},{"page_index":8,"viewing_time":16085},{"page_index":9,"viewing_time":12874},{"page_index":10,"viewing_time":1341},{"page_index":11,"viewing_time":827},{"page_index":12,"viewing_time":565},{"page_index":13,"viewing_time":1733},{"page_index":14,"viewing_time":3390},{"page_index":15,"viewing_time":10536},{"page_index":16,"viewing_time":1527},{"page_index":17,"viewing_time":909},{"page_index":18,"viewing_time":725},{"page_index":19,"viewing_time":5359},{"page_index":20,"viewing_time":6681},{"page_index":21,"viewing_time":4736}],"rt":143150,"trial_type":"instructions","trial_index":3,"time_elapsed":152058,"internal_node_id":"0.0-3.0"},{"rt":83265,"url":"../static/nodeGraphsTraining.html","skip":[],"edgeClickLog":[],"trial_type":"external-html","trial_index":4,"time_elapsed":235384,"internal_node_id":"0.0-4.0"},{"rt":45539,"response":{"q1":"The goal is to help the student to get the most points","q2":"False","q3":"Possible paths you, as the teacher, can choose to teach the learner.","q4":"Paths that the student took before."},"question_order":[0,1,2,3],"trial_type":"survey-multi-choice","trial_index":5,"time_elapsed":280931,"internal_node_id":"0.0-5.0"},{"rt":43172,"stimulus":"<p>You can take a 60 second break before starting the experiment.</p><br><br><p>This page will advance in 60 seconds or you can press any key to advance now.</p>","response":" ","trial_type":"html-keyboard-response","trial_index":6,"time_elapsed":324109,"internal_node_id":"0.0-7.0"},{"view_history":[{"page_index":0,"viewing_time":30680}],"rt":30681,"trial_type":"instructions","trial_index":7,"time_elapsed":354789,"internal_node_id":"0.0-8.0"},{"rt":15291,"url":"../static/nodeGraphs.html","edge":"5to7","edgeRT":"14359","skip":"false","flipped":"True","index":"12","edgeClickLog":"[{\"edgeSelection\":\"5to7\",\"edgeRTMS\":9507},{\"edgeSelection\":\"2to5\",\"edgeRTMS\":13415},{\"edgeSelection\":\"5to7\",\"edgeRTMS\":14359}]","trial_id":"cong_2_flipped","congruency":"C","task":"experiment","subjectId":"g0om9q7o74ouztj","trial_type":"external-html","trial_index":8,"time_elapsed":370183,"internal_node_id":"0.0-9.0-0.0"},{"rt":7124,"url":"../static/nodeGraphs.html","edge":"2to5","edgeRT":"5233","skip":"false","flipped":"True","index":"19","edgeClickLog":"[{\"edgeSelection\":\"2to5\",\"edgeRTMS\":5233}]","trial_id":"cong_9_flipped","congruency":"C","task":"experiment","subjectId":"g0om9q7o74ouztj","trial_type":"external-html","trial_index":9,"time_elapsed":377874,"internal_node_id":"0.0-9.0-0.1"},{"rt":16540,"url":"../static/nodeGraphs.html","edge":"0to2","edgeRT":"15234","skip":"false","flipped":"True","index":"17","edgeClickLog":"[{\"edgeSelection\":\"0to2\",\"edgeRTMS\":15234}]","trial_id":"cong_7_flipped","congruency":"C","task":"experiment","subjectId":"g0om9q7o74ouztj","trial_type":"external-html","trial_index":10,"time_elapsed":394976,"internal_node_id":"0.0-9.0-0.2"},{"rt":23652,"url":"../static/nodeGraphs.html","edge":"0to3","edgeRT":"15341","skip":"false","flipped":"True","index":"18","edgeClickLog":"[{\"edgeSelection\":\"0to3\",\"edgeRTMS\":15341}]","trial_id":"cong_8_flipped","congruency":"C","task":"experiment","subjectId":"g0om9q7o74ouztj","trial_type":"external-html","trial_index":11,"time_elapsed":419188,"internal_node_id":"0.0-9.0-0.3"},{"rt":30014,"url":"../static/nodeGraphs.html","edge":"","edgeRT":"undefined","skip":"true","flipped":"False","index":"3","edgeClickLog":"","trial_id":"cong_3","congruency":"C","task":"experiment","subjectId":"g0om9q7o74ouztj","trial_type":"external-html","trial_index":12,"time_elapsed":449765,"internal_node_id":"0.0-9.0-0.4"},{"rt":12066,"url":"../static/nodeGraphs.html","edge":"0to2","edgeRT":"9174","skip":"false","flipped":"False","index":"4","edgeClickLog":"[{\"edgeSelection\":\"0to2\",\"edgeRTMS\":9174}]","trial_id":"cong_4","congruency":"C","task":"experiment","subjectId":"g0om9q7o74ouztj","trial_type":"external-html","trial_index":13,"time_elapsed":462392,"internal_node_id":"0.0-9.0-0.5"},{"rt":16344,"url":"../static/nodeGraphs.html","edge":"2to5","edgeRT":"12199","skip":"false","flipped":"False","index":"9","edgeClickLog":"[{\"edgeSelection\":\"0to2\",\"edgeRTMS\":3269},{\"edgeSelection\":\"2to5\",\"edgeRTMS\":11614},{\"edgeSelection\":\"2to5\",\"edgeRTMS\":12199}]","trial_id":"cong_9","congruency":"C","task":"experiment","subjectId":"g0om9q7o74ouztj","trial_type":"external-html","trial_index":14,"time_elapsed":479297,"internal_node_id":"0.0-9.0-0.6"},{"rt":9898,"url":"../static/nodeGraphs.html","edge":"1to4","edgeRT":"8814","skip":"false","flipped":"False","index":"0","edgeClickLog":"[{\"edgeSelection\":\"1to4\",\"edgeRTMS\":3797},{\"edgeSelection\":\"1to4\",\"edgeRTMS\":5888},{\"edgeSelection\":\"1to4\",\"edgeRTMS\":8814}]","trial_id":"cong_0","congruency":"C","task":"experiment","subjectId":"g0om9q7o74ouztj","trial_type":"external-html","trial_index":15,"time_elapsed":489767,"internal_node_id":"0.0-9.0-0.7"},{"rt":10485,"url":"../static/nodeGraphs.html","edge":"2to6","edgeRT":"6007","skip":"false","flipped":"False","index":"1","edgeClickLog":"[{\"edgeSelection\":\"2to6\",\"edgeRTMS\":6007}]","trial_id":"cong_1","congruency":"C","task":"experiment","subjectId":"g0om9q7o74ouztj","trial_type":"external-html","trial_index":16,"time_elapsed":500829,"internal_node_id":"0.0-9.0-0.8"},{"rt":20532,"url":"../static/nodeGraphs.html","edge":"0to3","edgeRT":"18757","skip":"false","flipped":"True","index":"15","edgeClickLog":"[{\"edgeSelection\":\"0to3\",\"edgeRTMS\":18757}]","trial_id":"cong_5_flipped","congruency":"C","task":"experiment","subjectId":"g0om9q7o74ouztj","trial_type":"external-html","trial_index":17,"time_elapsed":521933,"internal_node_id":"0.0-9.0-0.9"},{"rt":17295,"url":"../static/nodeGraphs.html","edge":"5to8","edgeRT":"8296","skip":"false","flipped":"True","index":"14","edgeClickLog":"[{\"edgeSelection\":\"5to8\",\"edgeRTMS\":8296}]","trial_id":"cong_4_flipped","congruency":"C","task":"experiment","subjectId":"g0om9q7o74ouztj","trial_type":"external-html","trial_index":18,"time_elapsed":539785,"internal_node_id":"0.0-9.0-0.10"},{"rt":19938,"url":"../static/nodeGraphs.html","edge":"1to4","edgeRT":"16902","skip":"false","flipped":"False","index":"8","edgeClickLog":"[{\"edgeSelection\":\"1to4\",\"edgeRTMS\":16902}]","trial_id":"cong_8","congruency":"C","task":"experiment","subjectId":"g0om9q7o74ouztj","trial_type":"external-html","trial_index":19,"time_elapsed":560289,"internal_node_id":"0.0-9.0-0.11"},{"rt":20301,"url":"../static/nodeGraphs.html","edge":"0to2","edgeRT":"18439","skip":"false","flipped":"True","index":"10","edgeClickLog":"[{\"edgeSelection\":\"0to2\",\"edgeRTMS\":18439}]","trial_id":"cong_0_flipped","congruency":"C","task":"experiment","subjectId":"g0om9q7o74ouztj","trial_type":"external-html","trial_index":20,"time_elapsed":581162,"internal_node_id":"0.0-9.0-0.12"},{"rt":20557,"url":"../static/nodeGraphs.html","edge":"5to7","edgeRT":"18186","skip":"false","flipped":"True","index":"13","edgeClickLog":"[{\"edgeSelection\":\"5to7\",\"edgeRTMS\":18186}]","trial_id":"cong_3_flipped","congruency":"C","task":"experiment","subjectId":"g0om9q7o74ouztj","trial_type":"external-html","trial_index":21,"time_elapsed":602284,"internal_node_id":"0.0-9.0-0.13"},{"rt":14512,"url":"../static/nodeGraphs.html","edge":"5to7","edgeRT":"6188","skip":"false","flipped":"False","index":"6","edgeClickLog":"[{\"edgeSelection\":\"5to7\",\"edgeRTMS\":6188}]","trial_id":"cong_6","congruency":"C","task":"experiment","subjectId":"g0om9q7o74ouztj","trial_type":"external-html","trial_index":22,"time_elapsed":617349,"internal_node_id":"0.0-9.0-0.14"},{"rt":11463,"url":"../static/nodeGraphs.html","edge":"2to4","edgeRT":"9806","skip":"false","flipped":"False","index":"7","edgeClickLog":"[{\"edgeSelection\":\"2to4\",\"edgeRTMS\":9806}]","trial_id":"cong_7","congruency":"C","task":"experiment","subjectId":"g0om9q7o74ouztj","trial_type":"external-html","trial_index":23,"time_elapsed":629384,"internal_node_id":"0.0-9.0-0.15"},{"rt":22392,"url":"../static/nodeGraphs.html","edge":"0to3","edgeRT":"21173","skip":"false","flipped":"False","index":"2","edgeClickLog":"[{\"edgeSelection\":\"2to5\",\"edgeRTMS\":8420},{\"edgeSelection\":\"0to3\",\"edgeRTMS\":21173}]","trial_id":"cong_2","congruency":"C","task":"experiment","subjectId":"g0om9q7o74ouztj","trial_type":"external-html","trial_index":24,"time_elapsed":652348,"internal_node_id":"0.0-9.0-0.16"},{"rt":10077,"url":"../static/nodeGraphs.html","edge":"2to5","edgeRT":"3579","skip":"false","flipped":"True","index":"16","edgeClickLog":"[{\"edgeSelection\":\"2to5\",\"edgeRTMS\":3579}]","trial_id":"cong_6_flipped","congruency":"C","task":"experiment","subjectId":"g0om9q7o74ouztj","trial_type":"external-html","trial_index":25,"time_elapsed":663002,"internal_node_id":"0.0-9.0-0.17"},{"rt":9907,"url":"../static/nodeGraphs.html","edge":"2to6","edgeRT":"4476","skip":"false","flipped":"True","index":"11","edgeClickLog":"[{\"edgeSelection\":\"2to6\",\"edgeRTMS\":4476}]","trial_id":"cong_1_flipped","congruency":"C","task":"experiment","subjectId":"g0om9q7o74ouztj","trial_type":"external-html","trial_index":26,"time_elapsed":673473,"internal_node_id":"0.0-9.0-0.18"},{"rt":17412,"url":"../static/nodeGraphs.html","edge":"0to1","edgeRT":"8335","skip":"false","flipped":"False","index":"5","edgeClickLog":"[{\"edgeSelection\":\"0to1\",\"edgeRTMS\":8335}]","trial_id":"cong_5","congruency":"C","task":"experiment","subjectId":"g0om9q7o74ouztj","trial_type":"external-html","trial_index":27,"time_elapsed":691445,"internal_node_id":"0.0-9.0-0.19"},{"rt":8339,"url":"../static/nodeGraphs.html","edge":"0to2","edgeRT":"4798","skip":"false","flipped":"False","index":"20","edgeClickLog":"[{\"edgeSelection\":\"0to2\",\"edgeRTMS\":4798}]","trial_id":"test_0","congruency":"I","task":"experiment","subjectId":"g0om9q7o74ouztj","trial_type":"external-html","trial_index":28,"time_elapsed":700356,"internal_node_id":"0.0-9.0-0.20"},{"rt":9952,"url":"../static/nodeGraphs.html","edge":"0to3","edgeRT":"6041","skip":"false","flipped":"False","index":"21","edgeClickLog":"[{\"edgeSelection\":\"0to3\",\"edgeRTMS\":6041}]","trial_id":"test_1","congruency":"I","task":"experiment","subjectId":"g0om9q7o74ouztj","trial_type":"external-html","trial_index":29,"time_elapsed":710867,"internal_node_id":"0.0-9.0-0.21"},{"rt":17637,"url":"../static/nodeGraphs.html","edge":"2to4","edgeRT":"13558","skip":"false","flipped":"False","index":"22","edgeClickLog":"[{\"edgeSelection\":\"2to5\",\"edgeRTMS\":6942},{\"edgeSelection\":\"2to5\",\"edgeRTMS\":7414},{\"edgeSelection\":\"2to5\",\"edgeRTMS\":7924},{\"edgeSelection\":\"2to5\",\"edgeRTMS\":8407},{\"edgeSelection\":\"2to4\",\"edgeRTMS\":13558}]","trial_id":"test_2","congruency":"I","task":"experiment","subjectId":"g0om9q7o74ouztj","trial_type":"external-html","trial_index":30,"time_elapsed":729084,"internal_node_id":"0.0-9.0-0.22"},{"rt":20434,"url":"../static/nodeGraphs.html","edge":"1to5","edgeRT":"14168","skip":"false","flipped":"False","index":"23","edgeClickLog":"[{\"edgeSelection\":\"0to2\",\"edgeRTMS\":8430},{\"edgeSelection\":\"1to5\",\"edgeRTMS\":14168}]","trial_id":"test_3","congruency":"I","task":"experiment","subjectId":"g0om9q7o74ouztj","trial_type":"external-html","trial_index":31,"time_elapsed":750063,"internal_node_id":"0.0-9.0-0.23"},{"rt":12539,"url":"../static/nodeGraphs.html","edge":"6to8","edgeRT":"9501","skip":"false","flipped":"False","index":"24","edgeClickLog":"[{\"edgeSelection\":\"6to8\",\"edgeRTMS\":9501}]","trial_id":"test_4","congruency":"I","task":"experiment","subjectId":"g0om9q7o74ouztj","trial_type":"external-html","trial_index":32,"time_elapsed":763170,"internal_node_id":"0.0-9.0-0.24"},{"rt":91405,"response":{"P0_Q0":null,"P0_Q1":6,"P0_Q2":5,"P0_Q3":4,"P0_Q4":6,"P0_Q5":3,"strategies":"Calculating which path gives the student the most points","feedback":"N/A"},"accuracy":[],"trial_type":"survey","trial_index":33,"time_elapsed":855148,"internal_node_id":"0.0-10.0"},{"rt":4563,"stimulus":"<p>Thanks for your time!</p>        <p>We need to manually calculate your bonus pay, please give us up to 7 days.</p><p>Press any key to conclude.</p>","response":" ","task":"end","subjectId":"g0om9q7o74ouztj","trial_type":"html-keyboard-response","trial_index":34,"time_elapsed":859713,"internal_node_id":"0.0-11.0","interactions":"[{\"event\":\"fullscreenenter\",\"trial\":1,\"time\":3320},{\"event\":\"blur\",\"trial\":4,\"time\":168907},{\"event\":\"focus\",\"trial\":4,\"time\":168907},{\"event\":\"blur\",\"trial\":4,\"time\":184349},{\"event\":\"focus\",\"trial\":4,\"time\":184349}]"}]