[{"success":true,"timeout":false,"failed_images":[],"failed_audio":[],"failed_video":[],"trial_type":"preload","trial_index":0,"time_elapsed":1174,"internal_node_id":"0.0-0.0"},{"success":true,"trial_type":"fullscreen","trial_index":1,"time_elapsed":3668,"internal_node_id":"0.0-1.0"},{"rt":1268,"stimulus":"Welcome to the experiment. Press any key to begin.","response":" ","trial_type":"html-keyboard-response","trial_index":2,"time_elapsed":4938,"internal_node_id":"0.0-2.0"},{"view_history":[{"page_index":0,"viewing_time":2637},{"page_index":1,"viewing_time":3252},{"page_index":2,"viewing_time":14278},{"page_index":3,"viewing_time":2662},{"page_index":4,"viewing_time":1285},{"page_index":5,"viewing_time":1358},{"page_index":6,"viewing_time":1417},{"page_index":7,"viewing_time":335},{"page_index":8,"viewing_time":9517},{"page_index":9,"viewing_time":8072},{"page_index":10,"viewing_time":1058},{"page_index":11,"viewing_time":1152},{"page_index":12,"viewing_time":553},{"page_index":13,"viewing_time":890},{"page_index":14,"viewing_time":2438},{"page_index":15,"viewing_time":3863},{"page_index":16,"viewing_time":1341},{"page_index":17,"viewing_time":879},{"page_index":18,"viewing_time":855},{"page_index":19,"viewing_time":3342},{"page_index":20,"viewing_time":32938},{"page_index":21,"viewing_time":5488}],"rt":99609,"trial_type":"instructions","trial_index":3,"time_elapsed":104548,"internal_node_id":"0.0-3.0"},{"rt":35599,"url":"../static/nodeGraphsTraining.html","skip":[],"edgeClickLog":[],"trial_type":"external-html","trial_index":4,"time_elapsed":140220,"internal_node_id":"0.0-4.0"},{"rt":18749,"response":{"q1":"The goal is to help the student to get the most points","q2":"False","q3":"Possible paths you, as the teacher, can choose to teach the learner.","q4":"Paths that the student took before."},"question_order":[0,1,2,3],"trial_type":"survey-multi-choice","trial_index":5,"time_elapsed":158971,"internal_node_id":"0.0-5.0"},{"rt":2380,"stimulus":"<p>You can take a 60 second break before starting the experiment.</p><br><br><p>This page will advance in 60 seconds or you can press any key to advance now.</p>","response":"arrowright","trial_type":"html-keyboard-response","trial_index":6,"time_elapsed":161353,"internal_node_id":"0.0-7.0"},{"view_history":[{"page_index":0,"viewing_time":9667}],"rt":9668,"trial_type":"instructions","trial_index":7,"time_elapsed":171021,"internal_node_id":"0.0-8.0"},{"rt":20865,"url":"../static/nodeGraphs.html","edge":"6to8","edgeRT":"17655","skip":"false","flipped":"True","index":"15","edgeClickLog":"[{\"edgeSelection\":\"6to8\",\"edgeRTMS\":17655}]","trial_id":"incong_5_flipped","congruency":"I","task":"experiment","subjectId":"r5mkfxznce4hy85","trial_type":"external-html","trial_index":8,"time_elapsed":191998,"internal_node_id":"0.0-9.0-0.0"},{"rt":7291,"url":"../static/nodeGraphs.html","edge":"0to3","edgeRT":"6509","skip":"false","flipped":"True","index":"18","edgeClickLog":"[{\"edgeSelection\":\"0to3\",\"edgeRTMS\":4444},{\"edgeSelection\":\"3to5\",\"edgeRTMS\":5682},{\"edgeSelection\":\"0to3\",\"edgeRTMS\":6509}]","trial_id":"incong_8_flipped","congruency":"I","task":"experiment","subjectId":"r5mkfxznce4hy85","trial_type":"external-html","trial_index":9,"time_elapsed":199848,"internal_node_id":"0.0-9.0-0.1"},{"rt":3853,"url":"../static/nodeGraphs.html","edge":"4to8","edgeRT":"2231","skip":"false","flipped":"False","index":"9","edgeClickLog":"[{\"edgeSelection\":\"4to8\",\"edgeRTMS\":2231}]","trial_id":"incong_9","congruency":"I","task":"experiment","subjectId":"r5mkfxznce4hy85","trial_type":"external-html","trial_index":10,"time_elapsed":204265,"internal_node_id":"0.0-9.0-0.2"},{"rt":5443,"url":"../static/nodeGraphs.html","edge":"4to8","edgeRT":"4552","skip":"false","flipped":"True","index":"10","edgeClickLog":"[{\"edgeSelection\":\"4to8\",\"edgeRTMS\":4552}]","trial_id":"incong_0_flipped","congruency":"I","task":"experiment","subjectId":"r5mkfxznce4hy85","trial_type":"external-html","trial_index":11,"time_elapsed":210252,"internal_node_id":"0.0-9.0-0.3"},{"rt":7824,"url":"../static/nodeGraphs.html","edge":"6to8","edgeRT":"6908","skip":"false","flipped":"True","index":"19","edgeClickLog":"[{\"edgeSelection\":\"6to8\",\"edgeRTMS\":6908}]","trial_id":"incong_9_flipped","congruency":"I","task":"experiment","subjectId":"r5mkfxznce4hy85","trial_type":"external-html","trial_index":12,"time_elapsed":218618,"internal_node_id":"0.0-9.0-0.4"},{"rt":12913,"url":"../static/nodeGraphs.html","edge":"4to8","edgeRT":"8198","skip":"false","flipped":"False","index":"4","edgeClickLog":"[{\"edgeSelection\":\"4to8\",\"edgeRTMS\":8198}]","trial_id":"incong_4","congruency":"I","task":"experiment","subjectId":"r5mkfxznce4hy85","trial_type":"external-html","trial_index":13,"time_elapsed":232072,"internal_node_id":"0.0-9.0-0.5"},{"rt":5817,"url":"../static/nodeGraphs.html","edge":"0to2","edgeRT":"4606","skip":"false","flipped":"False","index":"2","edgeClickLog":"[{\"edgeSelection\":\"0to2\",\"edgeRTMS\":4606}]","trial_id":"incong_2","congruency":"I","task":"experiment","subjectId":"r5mkfxznce4hy85","trial_type":"external-html","trial_index":14,"time_elapsed":238435,"internal_node_id":"0.0-9.0-0.6"},{"rt":5796,"url":"../static/nodeGraphs.html","edge":"0to2","edgeRT":"4298","skip":"false","flipped":"True","index":"13","edgeClickLog":"[{\"edgeSelection\":\"0to2\",\"edgeRTMS\":4298}]","trial_id":"incong_3_flipped","congruency":"I","task":"experiment","subjectId":"r5mkfxznce4hy85","trial_type":"external-html","trial_index":15,"time_elapsed":244773,"internal_node_id":"0.0-9.0-0.7"},{"rt":5755,"url":"../static/nodeGraphs.html","edge":"0to1","edgeRT":"4798","skip":"false","flipped":"False","index":"8","edgeClickLog":"[{\"edgeSelection\":\"0to1\",\"edgeRTMS\":4798}]","trial_id":"incong_8","congruency":"I","task":"experiment","subjectId":"r5mkfxznce4hy85","trial_type":"external-html","trial_index":16,"time_elapsed":251067,"internal_node_id":"0.0-9.0-0.8"},{"rt":14220,"url":"../static/nodeGraphs.html","edge":"5to7","edgeRT":"10510","skip":"false","flipped":"True","index":"11","edgeClickLog":"[{\"edgeSelection\":\"0to3\",\"edgeRTMS\":7556},{\"edgeSelection\":\"5to7\",\"edgeRTMS\":10510}]","trial_id":"incong_1_flipped","congruency":"I","task":"experiment","subjectId":"r5mkfxznce4hy85","trial_type":"external-html","trial_index":17,"time_elapsed":265828,"internal_node_id":"0.0-9.0-0.9"},{"rt":11823,"url":"../static/nodeGraphs.html","edge":"6to8","edgeRT":"11081","skip":"false","flipped":"False","index":"0","edgeClickLog":"[{\"edgeSelection\":\"6to8\",\"edgeRTMS\":6115},{\"edgeSelection\":\"0to2\",\"edgeRTMS\":8039},{\"edgeSelection\":\"6to8\",\"edgeRTMS\":11081}]","trial_id":"incong_0","congruency":"I","task":"experiment","subjectId":"r5mkfxznce4hy85","trial_type":"external-html","trial_index":18,"time_elapsed":278209,"internal_node_id":"0.0-9.0-0.10"},{"rt":2583,"url":"../static/nodeGraphs.html","edge":"5to8","edgeRT":"1757","skip":"false","flipped":"True","index":"17","edgeClickLog":"[{\"edgeSelection\":\"5to8\",\"edgeRTMS\":1757}]","trial_id":"incong_7_flipped","congruency":"I","task":"experiment","subjectId":"r5mkfxznce4hy85","trial_type":"external-html","trial_index":19,"time_elapsed":281350,"internal_node_id":"0.0-9.0-0.11"},{"rt":3913,"url":"../static/nodeGraphs.html","edge":"6to8","edgeRT":"3170","skip":"false","flipped":"True","index":"14","edgeClickLog":"[{\"edgeSelection\":\"6to8\",\"edgeRTMS\":3170}]","trial_id":"incong_4_flipped","congruency":"I","task":"experiment","subjectId":"r5mkfxznce4hy85","trial_type":"external-html","trial_index":20,"time_elapsed":285807,"internal_node_id":"0.0-9.0-0.12"},{"rt":6438,"url":"../static/nodeGraphs.html","edge":"0to2","edgeRT":"4959","skip":"false","flipped":"False","index":"7","edgeClickLog":"[{\"edgeSelection\":\"6to8\",\"edgeRTMS\":3541},{\"edgeSelection\":\"0to2\",\"edgeRTMS\":4959}]","trial_id":"incong_7","congruency":"I","task":"experiment","subjectId":"r5mkfxznce4hy85","trial_type":"external-html","trial_index":21,"time_elapsed":292808,"internal_node_id":"0.0-9.0-0.13"},{"rt":4152,"url":"../static/nodeGraphs.html","edge":"0to2","edgeRT":"2571","skip":"false","flipped":"True","index":"12","edgeClickLog":"[{\"edgeSelection\":\"0to2\",\"edgeRTMS\":2571}]","trial_id":"incong_2_flipped","congruency":"I","task":"experiment","subjectId":"r5mkfxznce4hy85","trial_type":"external-html","trial_index":22,"time_elapsed":297502,"internal_node_id":"0.0-9.0-0.14"},{"rt":4124,"url":"../static/nodeGraphs.html","edge":"0to2","edgeRT":"3175","skip":"false","flipped":"False","index":"3","edgeClickLog":"[{\"edgeSelection\":\"0to2\",\"edgeRTMS\":3175}]","trial_id":"incong_3","congruency":"I","task":"experiment","subjectId":"r5mkfxznce4hy85","trial_type":"external-html","trial_index":23,"time_elapsed":302171,"internal_node_id":"0.0-9.0-0.15"},{"rt":11476,"url":"../static/nodeGraphs.html","edge":"3to6","edgeRT":"10076","skip":"false","flipped":"False","index":"5","edgeClickLog":"[{\"edgeSelection\":\"2to6\",\"edgeRTMS\":8057},{\"edgeSelection\":\"3to6\",\"edgeRTMS\":10076}]","trial_id":"incong_5","congruency":"I","task":"experiment","subjectId":"r5mkfxznce4hy85","trial_type":"external-html","trial_index":24,"time_elapsed":314197,"internal_node_id":"0.0-9.0-0.16"},{"rt":3671,"url":"../static/nodeGraphs.html","edge":"0to3","edgeRT":"2551","skip":"false","flipped":"True","index":"16","edgeClickLog":"[{\"edgeSelection\":\"0to3\",\"edgeRTMS\":2551}]","trial_id":"incong_6_flipped","congruency":"I","task":"experiment","subjectId":"r5mkfxznce4hy85","trial_type":"external-html","trial_index":25,"time_elapsed":318433,"internal_node_id":"0.0-9.0-0.17"},{"rt":7471,"url":"../static/nodeGraphs.html","edge":"6to9","edgeRT":"4731","skip":"false","flipped":"False","index":"1","edgeClickLog":"[{\"edgeSelection\":\"6to9\",\"edgeRTMS\":4731}]","trial_id":"incong_1","congruency":"I","task":"experiment","subjectId":"r5mkfxznce4hy85","trial_type":"external-html","trial_index":26,"time_elapsed":326455,"internal_node_id":"0.0-9.0-0.18"},{"rt":8293,"url":"../static/nodeGraphs.html","edge":"0to2","edgeRT":"7500","skip":"false","flipped":"False","index":"6","edgeClickLog":"[{\"edgeSelection\":\"0to2\",\"edgeRTMS\":7500}]","trial_id":"incong_6","congruency":"I","task":"experiment","subjectId":"r5mkfxznce4hy85","trial_type":"external-html","trial_index":27,"time_elapsed":335296,"internal_node_id":"0.0-9.0-0.19"},{"rt":5770,"url":"../static/nodeGraphs.html","edge":"3to6","edgeRT":"3031","skip":"false","flipped":"False","index":"20","edgeClickLog":"[{\"edgeSelection\":\"3to6\",\"edgeRTMS\":3031}]","trial_id":"test_0","congruency":"I","task":"experiment","subjectId":"r5mkfxznce4hy85","trial_type":"external-html","trial_index":28,"time_elapsed":341608,"internal_node_id":"0.0-9.0-0.20"},{"rt":8614,"url":"../static/nodeGraphs.html","edge":"0to1","edgeRT":"7051","skip":"false","flipped":"False","index":"21","edgeClickLog":"[{\"edgeSelection\":\"0to1\",\"edgeRTMS\":7051}]","trial_id":"test_1","congruency":"I","task":"experiment","subjectId":"r5mkfxznce4hy85","trial_type":"external-html","trial_index":29,"time_elapsed":350768,"internal_node_id":"0.0-9.0-0.21"},{"rt":6187,"url":"../static/nodeGraphs.html","edge":"6to8","edgeRT":"4914","skip":"false","flipped":"False","index":"22","edgeClickLog":"[{\"edgeSelection\":\"0to3\",\"edgeRTMS\":3210},{\"edgeSelection\":\"6to8\",\"edgeRTMS\":4914}]","trial_id":"test_2","congruency":"I","task":"experiment","subjectId":"r5mkfxznce4hy85","trial_type":"external-html","trial_index":30,"time_elapsed":357498,"internal_node_id":"0.0-9.0-0.22"},{"rt":14949,"url":"../static/nodeGraphs.html","edge":"5to9","edgeRT":"13946","skip":"false","flipped":"False","index":"23","edgeClickLog":"[{\"edgeSelection\":\"0to1\",\"edgeRTMS\":11768},{\"edgeSelection\":\"5to9\",\"edgeRTMS\":13946}]","trial_id":"test_3","congruency":"I","task":"experiment","subjectId":"r5mkfxznce4hy85","trial_type":"external-html","trial_index":31,"time_elapsed":373000,"internal_node_id":"0.0-9.0-0.23"},{"rt":22067,"url":"../static/nodeGraphs.html","edge":"4to7","edgeRT":"20958","skip":"false","flipped":"False","index":"24","edgeClickLog":"[{\"edgeSelection\":\"5to7\",\"edgeRTMS\":18707},{\"edgeSelection\":\"4to7\",\"edgeRTMS\":20958}]","trial_id":"test_4","congruency":"I","task":"experiment","subjectId":"r5mkfxznce4hy85","trial_type":"external-html","trial_index":32,"time_elapsed":395632,"internal_node_id":"0.0-9.0-0.24"},{"rt":15364,"response":{"P0_Q0":null,"P0_Q1":4,"P0_Q2":6,"P0_Q3":5,"P0_Q4":5,"P0_Q5":4,"strategies":"whichever gives the most points","feedback":"no"},"accuracy":[],"trial_type":"survey","trial_index":33,"time_elapsed":411562,"internal_node_id":"0.0-10.0"},{"rt":3057,"stimulus":"<p>Thanks for your time!</p>        <p>We need to manually calculate your bonus pay, please give us up to 7 days.</p><p>Press any key to conclude.</p>","response":" ","task":"end","subjectId":"r5mkfxznce4hy85","trial_type":"html-keyboard-response","trial_index":34,"time_elapsed":414621,"internal_node_id":"0.0-11.0","interactions":"[{\"event\":\"fullscreenenter\",\"trial\":1,\"time\":2693},{\"event\":\"fullscreenexit\",\"trial\":3,\"time\":101561}]"}]