[{"success":true,"timeout":false,"failed_images":[],"failed_audio":[],"failed_video":[],"trial_type":"preload","trial_index":0,"time_elapsed":3358,"internal_node_id":"0.0-0.0"},{"success":true,"trial_type":"fullscreen","trial_index":1,"time_elapsed":6090,"internal_node_id":"0.0-1.0"},{"rt":2615,"stimulus":"Welcome to the experiment. Press any key to begin.","response":" ","trial_type":"html-keyboard-response","trial_index":2,"time_elapsed":8706,"internal_node_id":"0.0-2.0"},{"view_history":[{"page_index":0,"viewing_time":3372},{"page_index":1,"viewing_time":6832},{"page_index":2,"viewing_time":51473},{"page_index":3,"viewing_time":4538},{"page_index":4,"viewing_time":1554},{"page_index":5,"viewing_time":600},{"page_index":6,"viewing_time":2353},{"page_index":7,"viewing_time":27002},{"page_index":8,"viewing_time":13484},{"page_index":9,"viewing_time":11230},{"page_index":10,"viewing_time":1545},{"page_index":11,"viewing_time":527},{"page_index":12,"viewing_time":452},{"page_index":13,"viewing_time":2278},{"page_index":14,"viewing_time":3462},{"page_index":15,"viewing_time":5985},{"page_index":16,"viewing_time":1218},{"page_index":17,"viewing_time":872},{"page_index":18,"viewing_time":845},{"page_index":19,"viewing_time":11620},{"page_index":20,"viewing_time":4468},{"page_index":21,"viewing_time":5012}],"rt":160723,"trial_type":"instructions","trial_index":3,"time_elapsed":169432,"internal_node_id":"0.0-3.0"},{"rt":81452,"url":"../static/nodeGraphsTraining.html","skip":[],"edgeClickLog":[],"trial_type":"external-html","trial_index":4,"time_elapsed":251196,"internal_node_id":"0.0-4.0"},{"rt":36684,"response":{"q1":"The goal is to help the student to get the most points","q2":"False","q3":"Possible paths you, as the teacher, can choose to teach the learner.","q4":"Paths that the student took before."},"question_order":[0,1,2,3],"trial_type":"survey-multi-choice","trial_index":5,"time_elapsed":287886,"internal_node_id":"0.0-5.0"},{"rt":4184,"stimulus":"<p>You can take a 60 second break before starting the experiment.</p><br><br><p>This page will advance in 60 seconds or you can press any key to advance now.</p>","response":" ","trial_type":"html-keyboard-response","trial_index":6,"time_elapsed":292073,"internal_node_id":"0.0-7.0"},{"view_history":[{"page_index":0,"viewing_time":29134}],"rt":29134,"trial_type":"instructions","trial_index":7,"time_elapsed":321209,"internal_node_id":"0.0-8.0"},{"rt":16558,"url":"../static/nodeGraphs.html","edge":"0to2","edgeRT":"14449","skip":"false","flipped":"True","index":"16","edgeClickLog":"[{\"edgeSelection\":\"0to2\",\"edgeRTMS\":14449}]","trial_id":"incong_6_flipped","congruency":"I","task":"experiment","subjectId":"ouy5k9ugr8dwzwa","trial_type":"external-html","trial_index":8,"time_elapsed":337981,"internal_node_id":"0.0-9.0-0.0"},{"rt":18441,"url":"../static/nodeGraphs.html","edge":"5to8","edgeRT":"14235","skip":"false","flipped":"True","index":"17","edgeClickLog":"[{\"edgeSelection\":\"5to8\",\"edgeRTMS\":14235}]","trial_id":"incong_7_flipped","congruency":"I","task":"experiment","subjectId":"ouy5k9ugr8dwzwa","trial_type":"external-html","trial_index":9,"time_elapsed":357154,"internal_node_id":"0.0-9.0-0.1"},{"rt":16083,"url":"../static/nodeGraphs.html","edge":"4to7","edgeRT":"13095","skip":"false","flipped":"True","index":"11","edgeClickLog":"[{\"edgeSelection\":\"4to7\",\"edgeRTMS\":13095}]","trial_id":"incong_1_flipped","congruency":"I","task":"experiment","subjectId":"ouy5k9ugr8dwzwa","trial_type":"external-html","trial_index":10,"time_elapsed":374160,"internal_node_id":"0.0-9.0-0.2"},{"rt":26278,"url":"../static/nodeGraphs.html","edge":"6to8","edgeRT":"24915","skip":"false","flipped":"True","index":"14","edgeClickLog":"[{\"edgeSelection\":\"6to8\",\"edgeRTMS\":24915}]","trial_id":"incong_4_flipped","congruency":"I","task":"experiment","subjectId":"ouy5k9ugr8dwzwa","trial_type":"external-html","trial_index":11,"time_elapsed":401356,"internal_node_id":"0.0-9.0-0.3"},{"rt":19607,"url":"../static/nodeGraphs.html","edge":"5to9","edgeRT":"16109","skip":"false","flipped":"True","index":"13","edgeClickLog":"[{\"edgeSelection\":\"5to9\",\"edgeRTMS\":16109}]","trial_id":"incong_3_flipped","congruency":"I","task":"experiment","subjectId":"ouy5k9ugr8dwzwa","trial_type":"external-html","trial_index":12,"time_elapsed":421692,"internal_node_id":"0.0-9.0-0.4"},{"rt":24177,"url":"../static/nodeGraphs.html","edge":"5to8","edgeRT":"17973","skip":"false","flipped":"False","index":"3","edgeClickLog":"[{\"edgeSelection\":\"5to8\",\"edgeRTMS\":17973}]","trial_id":"incong_3","congruency":"I","task":"experiment","subjectId":"ouy5k9ugr8dwzwa","trial_type":"external-html","trial_index":13,"time_elapsed":446587,"internal_node_id":"0.0-9.0-0.5"},{"rt":17621,"url":"../static/nodeGraphs.html","edge":"5to8","edgeRT":"9175","skip":"false","flipped":"False","index":"8","edgeClickLog":"[{\"edgeSelection\":\"5to8\",\"edgeRTMS\":9175}]","trial_id":"incong_8","congruency":"I","task":"experiment","subjectId":"ouy5k9ugr8dwzwa","trial_type":"external-html","trial_index":14,"time_elapsed":464925,"internal_node_id":"0.0-9.0-0.6"},{"rt":16111,"url":"../static/nodeGraphs.html","edge":"5to8","edgeRT":"14153","skip":"false","flipped":"True","index":"12","edgeClickLog":"[{\"edgeSelection\":\"5to8\",\"edgeRTMS\":14153}]","trial_id":"incong_2_flipped","congruency":"I","task":"experiment","subjectId":"ouy5k9ugr8dwzwa","trial_type":"external-html","trial_index":15,"time_elapsed":481770,"internal_node_id":"0.0-9.0-0.7"},{"rt":11787,"url":"../static/nodeGraphs.html","edge":"6to9","edgeRT":"8842","skip":"false","flipped":"False","index":"1","edgeClickLog":"[{\"edgeSelection\":\"6to9\",\"edgeRTMS\":8842}]","trial_id":"incong_1","congruency":"I","task":"experiment","subjectId":"ouy5k9ugr8dwzwa","trial_type":"external-html","trial_index":16,"time_elapsed":494276,"internal_node_id":"0.0-9.0-0.8"},{"rt":17322,"url":"../static/nodeGraphs.html","edge":"6to8","edgeRT":"11960","skip":"false","flipped":"False","index":"6","edgeClickLog":"[{\"edgeSelection\":\"0to2\",\"edgeRTMS\":6360},{\"edgeSelection\":\"6to8\",\"edgeRTMS\":11960}]","trial_id":"incong_6","congruency":"I","task":"experiment","subjectId":"ouy5k9ugr8dwzwa","trial_type":"external-html","trial_index":17,"time_elapsed":512321,"internal_node_id":"0.0-9.0-0.9"},{"rt":7845,"url":"../static/nodeGraphs.html","edge":"6to8","edgeRT":"6303","skip":"false","flipped":"False","index":"0","edgeClickLog":"[{\"edgeSelection\":\"6to8\",\"edgeRTMS\":6303}]","trial_id":"incong_0","congruency":"I","task":"experiment","subjectId":"ouy5k9ugr8dwzwa","trial_type":"external-html","trial_index":18,"time_elapsed":520883,"internal_node_id":"0.0-9.0-0.10"},{"rt":13879,"url":"../static/nodeGraphs.html","edge":"4to8","edgeRT":"10093","skip":"false","flipped":"True","index":"10","edgeClickLog":"[{\"edgeSelection\":\"4to8\",\"edgeRTMS\":10093}]","trial_id":"incong_0_flipped","congruency":"I","task":"experiment","subjectId":"ouy5k9ugr8dwzwa","trial_type":"external-html","trial_index":19,"time_elapsed":535596,"internal_node_id":"0.0-9.0-0.11"},{"rt":10943,"url":"../static/nodeGraphs.html","edge":"5to8","edgeRT":"7033","skip":"false","flipped":"True","index":"18","edgeClickLog":"[{\"edgeSelection\":\"5to8\",\"edgeRTMS\":7033}]","trial_id":"incong_8_flipped","congruency":"I","task":"experiment","subjectId":"ouy5k9ugr8dwzwa","trial_type":"external-html","trial_index":20,"time_elapsed":547255,"internal_node_id":"0.0-9.0-0.12"},{"rt":15505,"url":"../static/nodeGraphs.html","edge":"5to8","edgeRT":"7140","skip":"false","flipped":"True","index":"15","edgeClickLog":"[{\"edgeSelection\":\"5to8\",\"edgeRTMS\":7140}]","trial_id":"incong_5_flipped","congruency":"I","task":"experiment","subjectId":"ouy5k9ugr8dwzwa","trial_type":"external-html","trial_index":21,"time_elapsed":563482,"internal_node_id":"0.0-9.0-0.13"},{"rt":22023,"url":"../static/nodeGraphs.html","edge":"1to5","edgeRT":"17474","skip":"false","flipped":"False","index":"9","edgeClickLog":"[{\"edgeSelection\":\"1to5\",\"edgeRTMS\":17474}]","trial_id":"incong_9","congruency":"I","task":"experiment","subjectId":"ouy5k9ugr8dwzwa","trial_type":"external-html","trial_index":22,"time_elapsed":586225,"internal_node_id":"0.0-9.0-0.14"},{"rt":7278,"url":"../static/nodeGraphs.html","edge":"6to8","edgeRT":"3995","skip":"false","flipped":"True","index":"19","edgeClickLog":"[{\"edgeSelection\":\"6to8\",\"edgeRTMS\":3995}]","trial_id":"incong_9_flipped","congruency":"I","task":"experiment","subjectId":"ouy5k9ugr8dwzwa","trial_type":"external-html","trial_index":23,"time_elapsed":594222,"internal_node_id":"0.0-9.0-0.15"},{"rt":18747,"url":"../static/nodeGraphs.html","edge":"5to8","edgeRT":"9869","skip":"false","flipped":"False","index":"2","edgeClickLog":"[{\"edgeSelection\":\"5to8\",\"edgeRTMS\":9869}]","trial_id":"incong_2","congruency":"I","task":"experiment","subjectId":"ouy5k9ugr8dwzwa","trial_type":"external-html","trial_index":24,"time_elapsed":613705,"internal_node_id":"0.0-9.0-0.16"},{"rt":13964,"url":"../static/nodeGraphs.html","edge":"5to8","edgeRT":"7993","skip":"false","flipped":"False","index":"7","edgeClickLog":"[{\"edgeSelection\":\"5to8\",\"edgeRTMS\":7993}]","trial_id":"incong_7","congruency":"I","task":"experiment","subjectId":"ouy5k9ugr8dwzwa","trial_type":"external-html","trial_index":25,"time_elapsed":628395,"internal_node_id":"0.0-9.0-0.17"},{"rt":16246,"url":"../static/nodeGraphs.html","edge":"5to8","edgeRT":"13261","skip":"false","flipped":"False","index":"5","edgeClickLog":"[{\"edgeSelection\":\"5to8\",\"edgeRTMS\":13261}]","trial_id":"incong_5","congruency":"I","task":"experiment","subjectId":"ouy5k9ugr8dwzwa","trial_type":"external-html","trial_index":26,"time_elapsed":645363,"internal_node_id":"0.0-9.0-0.18"},{"rt":22630,"url":"../static/nodeGraphs.html","edge":"0to1","edgeRT":"15936","skip":"false","flipped":"False","index":"4","edgeClickLog":"[{\"edgeSelection\":\"0to1\",\"edgeRTMS\":15936}]","trial_id":"incong_4","congruency":"I","task":"experiment","subjectId":"ouy5k9ugr8dwzwa","trial_type":"external-html","trial_index":27,"time_elapsed":668725,"internal_node_id":"0.0-9.0-0.19"},{"rt":15674,"url":"../static/nodeGraphs.html","edge":"5to8","edgeRT":"9194","skip":"false","flipped":"False","index":"20","edgeClickLog":"[{\"edgeSelection\":\"5to8\",\"edgeRTMS\":9194}]","trial_id":"test_0","congruency":"I","task":"experiment","subjectId":"ouy5k9ugr8dwzwa","trial_type":"external-html","trial_index":28,"time_elapsed":685140,"internal_node_id":"0.0-9.0-0.20"},{"rt":9258,"url":"../static/nodeGraphs.html","edge":"4to7","edgeRT":"4293","skip":"false","flipped":"False","index":"21","edgeClickLog":"[{\"edgeSelection\":\"4to7\",\"edgeRTMS\":4293}]","trial_id":"test_1","congruency":"I","task":"experiment","subjectId":"ouy5k9ugr8dwzwa","trial_type":"external-html","trial_index":29,"time_elapsed":695128,"internal_node_id":"0.0-9.0-0.21"},{"rt":5785,"url":"../static/nodeGraphs.html","edge":"6to8","edgeRT":"3648","skip":"false","flipped":"False","index":"22","edgeClickLog":"[{\"edgeSelection\":\"6to8\",\"edgeRTMS\":3648}]","trial_id":"test_2","congruency":"I","task":"experiment","subjectId":"ouy5k9ugr8dwzwa","trial_type":"external-html","trial_index":30,"time_elapsed":701969,"internal_node_id":"0.0-9.0-0.22"},{"rt":7127,"url":"../static/nodeGraphs.html","edge":"5to9","edgeRT":"3674","skip":"false","flipped":"False","index":"23","edgeClickLog":"[{\"edgeSelection\":\"5to9\",\"edgeRTMS\":3674}]","trial_id":"test_3","congruency":"I","task":"experiment","subjectId":"ouy5k9ugr8dwzwa","trial_type":"external-html","trial_index":31,"time_elapsed":709817,"internal_node_id":"0.0-9.0-0.23"},{"rt":11058,"url":"../static/nodeGraphs.html","edge":"4to7","edgeRT":"9149","skip":"false","flipped":"False","index":"24","edgeClickLog":"[{\"edgeSelection\":\"4to7\",\"edgeRTMS\":9149}]","trial_id":"test_4","congruency":"I","task":"experiment","subjectId":"ouy5k9ugr8dwzwa","trial_type":"external-html","trial_index":32,"time_elapsed":721607,"internal_node_id":"0.0-9.0-0.24"},{"rt":77001,"response":{"P0_Q0":null,"P0_Q1":5,"P0_Q2":6,"P0_Q3":6,"P0_Q4":4,"P0_Q5":2,"strategies":"connecting the lines to the highest number below to increase more points","feedback":""},"accuracy":[],"trial_type":"survey","trial_index":33,"time_elapsed":799190,"internal_node_id":"0.0-10.0"},{"rt":3753,"stimulus":"<p>Thanks for your time!</p>        <p>We need to manually calculate your bonus pay, please give us up to 7 days.</p><p>Press any key to conclude.</p>","response":" ","task":"end","subjectId":"ouy5k9ugr8dwzwa","trial_type":"html-keyboard-response","trial_index":34,"time_elapsed":802945,"internal_node_id":"0.0-11.0","interactions":"[{\"event\":\"fullscreenenter\",\"trial\":1,\"time\":5076},{\"event\":\"blur\",\"trial\":8,\"time\":334666},{\"event\":\"fullscreenexit\",\"trial\":8,\"time\":334708},{\"event\":\"focus\",\"trial\":8,\"time\":334837},{\"event\":\"blur\",\"trial\":11,\"time\":398830},{\"event\":\"focus\",\"trial\":11,\"time\":398830},{\"event\":\"blur\",\"trial\":11,\"time\":398830},{\"event\":\"focus\",\"trial\":11,\"time\":399004},{\"event\":\"blur\",\"trial\":33,\"time\":792483},{\"event\":\"focus\",\"trial\":33,\"time\":797308}]"}]