[{"success":true,"timeout":false,"failed_images":[],"failed_audio":[],"failed_video":[],"trial_type":"preload","trial_index":0,"time_elapsed":434,"internal_node_id":"0.0-0.0"},{"success":true,"trial_type":"fullscreen","trial_index":1,"time_elapsed":5832,"internal_node_id":"0.0-1.0"},{"rt":1716,"stimulus":"Welcome to the experiment. Press any key to begin.","response":" ","trial_type":"html-keyboard-response","trial_index":2,"time_elapsed":7548,"internal_node_id":"0.0-2.0"},{"view_history":[{"page_index":0,"viewing_time":2571},{"page_index":1,"viewing_time":4943},{"page_index":2,"viewing_time":49274},{"page_index":3,"viewing_time":8596},{"page_index":4,"viewing_time":1542},{"page_index":5,"viewing_time":974},{"page_index":6,"viewing_time":1487},{"page_index":7,"viewing_time":16036},{"page_index":8,"viewing_time":30229},{"page_index":9,"viewing_time":9877},{"page_index":10,"viewing_time":1332},{"page_index":11,"viewing_time":1018},{"page_index":12,"viewing_time":973},{"page_index":13,"viewing_time":1499},{"page_index":14,"viewing_time":3636},{"page_index":15,"viewing_time":5005},{"page_index":16,"viewing_time":1537},{"page_index":17,"viewing_time":797},{"page_index":18,"viewing_time":1094},{"page_index":19,"viewing_time":6684},{"page_index":20,"viewing_time":5857},{"page_index":21,"viewing_time":5567}],"rt":160525,"trial_type":"instructions","trial_index":3,"time_elapsed":168073,"internal_node_id":"0.0-3.0"},{"rt":104906,"url":"../static/nodeGraphsTraining.html","skip":[],"edgeClickLog":[],"trial_type":"external-html","trial_index":4,"time_elapsed":273160,"internal_node_id":"0.0-4.0"},{"rt":65517,"response":{"q1":"The goal is to help the student to get the most points","q2":"False","q3":"Possible paths you, as the teacher, can choose to teach the learner.","q4":"Paths that the student took before."},"question_order":[0,1,2,3],"trial_type":"survey-multi-choice","trial_index":5,"time_elapsed":338680,"internal_node_id":"0.0-5.0"},{"rt":5108,"stimulus":"<p>You can take a 60 second break before starting the experiment.</p><br><br><p>This page will advance in 60 seconds or you can press any key to advance now.</p>","response":" ","trial_type":"html-keyboard-response","trial_index":6,"time_elapsed":343789,"internal_node_id":"0.0-7.0"},{"view_history":[{"page_index":0,"viewing_time":33248}],"rt":33249,"trial_type":"instructions","trial_index":7,"time_elapsed":377038,"internal_node_id":"0.0-8.0"},{"rt":11313,"url":"../static/nodeGraphs.html","edge":"4to8","edgeRT":"9982","skip":"false","flipped":"False","index":"4","edgeClickLog":"[{\"edgeSelection\":\"0to2\",\"edgeRTMS\":6084},{\"edgeSelection\":\"2to4\",\"edgeRTMS\":8282},{\"edgeSelection\":\"4to8\",\"edgeRTMS\":9982}]","trial_id":"cong_4","congruency":"C","task":"experiment","subjectId":"tu0545muh4w996w","trial_type":"external-html","trial_index":8,"time_elapsed":388498,"internal_node_id":"0.0-9.0-0.0"},{"rt":9382,"url":"../static/nodeGraphs.html","edge":"4to7","edgeRT":"7753","skip":"false","flipped":"False","index":"0","edgeClickLog":"[{\"edgeSelection\":\"0to1\",\"edgeRTMS\":3940},{\"edgeSelection\":\"1to4\",\"edgeRTMS\":4942},{\"edgeSelection\":\"4to7\",\"edgeRTMS\":7753}]","trial_id":"cong_0","congruency":"C","task":"experiment","subjectId":"tu0545muh4w996w","trial_type":"external-html","trial_index":9,"time_elapsed":398523,"internal_node_id":"0.0-9.0-0.1"},{"rt":8226,"url":"../static/nodeGraphs.html","edge":"6to8","edgeRT":"5897","skip":"false","flipped":"True","index":"15","edgeClickLog":"[{\"edgeSelection\":\"0to3\",\"edgeRTMS\":2531},{\"edgeSelection\":\"3to6\",\"edgeRTMS\":4664},{\"edgeSelection\":\"6to8\",\"edgeRTMS\":5897}]","trial_id":"cong_5_flipped","congruency":"C","task":"experiment","subjectId":"tu0545muh4w996w","trial_type":"external-html","trial_index":10,"time_elapsed":407386,"internal_node_id":"0.0-9.0-0.2"},{"rt":7069,"url":"../static/nodeGraphs.html","edge":"5to7","edgeRT":"5776","skip":"false","flipped":"True","index":"16","edgeClickLog":"[{\"edgeSelection\":\"0to2\",\"edgeRTMS\":2410},{\"edgeSelection\":\"2to5\",\"edgeRTMS\":4315},{\"edgeSelection\":\"5to7\",\"edgeRTMS\":5776}]","trial_id":"cong_6_flipped","congruency":"C","task":"experiment","subjectId":"tu0545muh4w996w","trial_type":"external-html","trial_index":11,"time_elapsed":415096,"internal_node_id":"0.0-9.0-0.3"},{"rt":7384,"url":"../static/nodeGraphs.html","edge":"5to7","edgeRT":"6490","skip":"false","flipped":"True","index":"13","edgeClickLog":"[{\"edgeSelection\":\"0to1\",\"edgeRTMS\":3258},{\"edgeSelection\":\"1to5\",\"edgeRTMS\":5206},{\"edgeSelection\":\"5to7\",\"edgeRTMS\":6490}]","trial_id":"cong_3_flipped","congruency":"C","task":"experiment","subjectId":"tu0545muh4w996w","trial_type":"external-html","trial_index":12,"time_elapsed":423124,"internal_node_id":"0.0-9.0-0.4"},{"rt":12469,"url":"../static/nodeGraphs.html","edge":"6to8","edgeRT":"11571","skip":"false","flipped":"True","index":"17","edgeClickLog":"[{\"edgeSelection\":\"0to2\",\"edgeRTMS\":9792},{\"edgeSelection\":\"2to6\",\"edgeRTMS\":10649},{\"edgeSelection\":\"6to8\",\"edgeRTMS\":11571}]","trial_id":"cong_7_flipped","congruency":"C","task":"experiment","subjectId":"tu0545muh4w996w","trial_type":"external-html","trial_index":13,"time_elapsed":436238,"internal_node_id":"0.0-9.0-0.5"},{"rt":7245,"url":"../static/nodeGraphs.html","edge":"6to9","edgeRT":"6260","skip":"false","flipped":"True","index":"10","edgeClickLog":"[{\"edgeSelection\":\"0to3\",\"edgeRTMS\":1371},{\"edgeSelection\":\"3to6\",\"edgeRTMS\":3227},{\"edgeSelection\":\"6to9\",\"edgeRTMS\":4242},{\"edgeSelection\":\"6to9\",\"edgeRTMS\":5475},{\"edgeSelection\":\"6to9\",\"edgeRTMS\":6260}]","trial_id":"cong_0_flipped","congruency":"C","task":"experiment","subjectId":"tu0545muh4w996w","trial_type":"external-html","trial_index":14,"time_elapsed":444124,"internal_node_id":"0.0-9.0-0.6"},{"rt":6578,"url":"../static/nodeGraphs.html","edge":"6to9","edgeRT":"5358","skip":"false","flipped":"False","index":"1","edgeClickLog":"[{\"edgeSelection\":\"0to2\",\"edgeRTMS\":1887},{\"edgeSelection\":\"2to6\",\"edgeRTMS\":3035},{\"edgeSelection\":\"6to9\",\"edgeRTMS\":5358}]","trial_id":"cong_1","congruency":"C","task":"experiment","subjectId":"tu0545muh4w996w","trial_type":"external-html","trial_index":15,"time_elapsed":451344,"internal_node_id":"0.0-9.0-0.7"},{"rt":6863,"url":"../static/nodeGraphs.html","edge":"6to9","edgeRT":"6201","skip":"false","flipped":"True","index":"18","edgeClickLog":"[{\"edgeSelection\":\"0to3\",\"edgeRTMS\":3479},{\"edgeSelection\":\"3to6\",\"edgeRTMS\":5400},{\"edgeSelection\":\"6to9\",\"edgeRTMS\":6201}]","trial_id":"cong_8_flipped","congruency":"C","task":"experiment","subjectId":"tu0545muh4w996w","trial_type":"external-html","trial_index":16,"time_elapsed":458850,"internal_node_id":"0.0-9.0-0.8"},{"rt":7386,"url":"../static/nodeGraphs.html","edge":"5to9","edgeRT":"6443","skip":"false","flipped":"False","index":"3","edgeClickLog":"[{\"edgeSelection\":\"0to3\",\"edgeRTMS\":2781},{\"edgeSelection\":\"3to5\",\"edgeRTMS\":4408},{\"edgeSelection\":\"5to9\",\"edgeRTMS\":5545},{\"edgeSelection\":\"5to9\",\"edgeRTMS\":6443}]","trial_id":"cong_3","congruency":"C","task":"experiment","subjectId":"tu0545muh4w996w","trial_type":"external-html","trial_index":17,"time_elapsed":466876,"internal_node_id":"0.0-9.0-0.9"},{"rt":7651,"url":"../static/nodeGraphs.html","edge":"5to7","edgeRT":"6638","skip":"false","flipped":"False","index":"6","edgeClickLog":"[{\"edgeSelection\":\"0to2\",\"edgeRTMS\":3028},{\"edgeSelection\":\"2to5\",\"edgeRTMS\":4187},{\"edgeSelection\":\"5to7\",\"edgeRTMS\":5185},{\"edgeSelection\":\"5to7\",\"edgeRTMS\":6638}]","trial_id":"cong_6","congruency":"C","task":"experiment","subjectId":"tu0545muh4w996w","trial_type":"external-html","trial_index":18,"time_elapsed":475171,"internal_node_id":"0.0-9.0-0.10"},{"rt":6785,"url":"../static/nodeGraphs.html","edge":"5to7","edgeRT":"5294","skip":"false","flipped":"True","index":"12","edgeClickLog":"[{\"edgeSelection\":\"0to1\",\"edgeRTMS\":3072},{\"edgeSelection\":\"1to5\",\"edgeRTMS\":4244},{\"edgeSelection\":\"5to7\",\"edgeRTMS\":5294}]","trial_id":"cong_2_flipped","congruency":"C","task":"experiment","subjectId":"tu0545muh4w996w","trial_type":"external-html","trial_index":19,"time_elapsed":482603,"internal_node_id":"0.0-9.0-0.11"},{"rt":6475,"url":"../static/nodeGraphs.html","edge":"5to9","edgeRT":"5228","skip":"false","flipped":"False","index":"2","edgeClickLog":"[{\"edgeSelection\":\"0to3\",\"edgeRTMS\":3081},{\"edgeSelection\":\"3to5\",\"edgeRTMS\":4298},{\"edgeSelection\":\"5to9\",\"edgeRTMS\":5228}]","trial_id":"cong_2","congruency":"C","task":"experiment","subjectId":"tu0545muh4w996w","trial_type":"external-html","trial_index":20,"time_elapsed":489720,"internal_node_id":"0.0-9.0-0.12"},{"rt":5964,"url":"../static/nodeGraphs.html","edge":"5to8","edgeRT":"4835","skip":"false","flipped":"False","index":"9","edgeClickLog":"[{\"edgeSelection\":\"0to2\",\"edgeRTMS\":1730},{\"edgeSelection\":\"2to5\",\"edgeRTMS\":2921},{\"edgeSelection\":\"5to8\",\"edgeRTMS\":4835}]","trial_id":"cong_9","congruency":"C","task":"experiment","subjectId":"tu0545muh4w996w","trial_type":"external-html","trial_index":21,"time_elapsed":496327,"internal_node_id":"0.0-9.0-0.13"},{"rt":4338,"url":"../static/nodeGraphs.html","edge":"5to8","edgeRT":"3599","skip":"false","flipped":"True","index":"19","edgeClickLog":"[{\"edgeSelection\":\"0to2\",\"edgeRTMS\":1387},{\"edgeSelection\":\"2to5\",\"edgeRTMS\":2566},{\"edgeSelection\":\"5to8\",\"edgeRTMS\":3599}]","trial_id":"cong_9_flipped","congruency":"C","task":"experiment","subjectId":"tu0545muh4w996w","trial_type":"external-html","trial_index":22,"time_elapsed":501307,"internal_node_id":"0.0-9.0-0.14"},{"rt":11132,"url":"../static/nodeGraphs.html","edge":"4to8","edgeRT":"8312","skip":"false","flipped":"False","index":"7","edgeClickLog":"[{\"edgeSelection\":\"0to2\",\"edgeRTMS\":3513},{\"edgeSelection\":\"2to4\",\"edgeRTMS\":5719},{\"edgeSelection\":\"4to8\",\"edgeRTMS\":8312}]","trial_id":"cong_7","congruency":"C","task":"experiment","subjectId":"tu0545muh4w996w","trial_type":"external-html","trial_index":23,"time_elapsed":513083,"internal_node_id":"0.0-9.0-0.15"},{"rt":5346,"url":"../static/nodeGraphs.html","edge":"4to7","edgeRT":"4507","skip":"false","flipped":"True","index":"11","edgeClickLog":"[{\"edgeSelection\":\"0to2\",\"edgeRTMS\":2434},{\"edgeSelection\":\"2to4\",\"edgeRTMS\":3703},{\"edgeSelection\":\"4to7\",\"edgeRTMS\":4507}]","trial_id":"cong_1_flipped","congruency":"C","task":"experiment","subjectId":"tu0545muh4w996w","trial_type":"external-html","trial_index":24,"time_elapsed":519098,"internal_node_id":"0.0-9.0-0.16"},{"rt":8447,"url":"../static/nodeGraphs.html","edge":"4to7","edgeRT":"7216","skip":"false","flipped":"False","index":"8","edgeClickLog":"[{\"edgeSelection\":\"0to1\",\"edgeRTMS\":4461},{\"edgeSelection\":\"1to4\",\"edgeRTMS\":5529},{\"edgeSelection\":\"4to7\",\"edgeRTMS\":7216}]","trial_id":"cong_8","congruency":"C","task":"experiment","subjectId":"tu0545muh4w996w","trial_type":"external-html","trial_index":25,"time_elapsed":528186,"internal_node_id":"0.0-9.0-0.17"},{"rt":6243,"url":"../static/nodeGraphs.html","edge":"4to8","edgeRT":"4972","skip":"false","flipped":"False","index":"5","edgeClickLog":"[{\"edgeSelection\":\"0to1\",\"edgeRTMS\":2430},{\"edgeSelection\":\"1to4\",\"edgeRTMS\":3434},{\"edgeSelection\":\"4to8\",\"edgeRTMS\":4158},{\"edgeSelection\":\"4to8\",\"edgeRTMS\":4972}]","trial_id":"cong_5","congruency":"C","task":"experiment","subjectId":"tu0545muh4w996w","trial_type":"external-html","trial_index":26,"time_elapsed":535070,"internal_node_id":"0.0-9.0-0.18"},{"rt":5681,"url":"../static/nodeGraphs.html","edge":"6to8","edgeRT":"4801","skip":"false","flipped":"True","index":"14","edgeClickLog":"[{\"edgeSelection\":\"0to2\",\"edgeRTMS\":1800},{\"edgeSelection\":\"2to6\",\"edgeRTMS\":3607},{\"edgeSelection\":\"6to8\",\"edgeRTMS\":4801}]","trial_id":"cong_4_flipped","congruency":"C","task":"experiment","subjectId":"tu0545muh4w996w","trial_type":"external-html","trial_index":27,"time_elapsed":541396,"internal_node_id":"0.0-9.0-0.19"},{"rt":10177,"url":"../static/nodeGraphs.html","edge":"5to8","edgeRT":"8401","skip":"false","flipped":"False","index":"20","edgeClickLog":"[{\"edgeSelection\":\"0to1\",\"edgeRTMS\":6115},{\"edgeSelection\":\"1to5\",\"edgeRTMS\":6979},{\"edgeSelection\":\"5to8\",\"edgeRTMS\":8401}]","trial_id":"test_0","congruency":"I","task":"experiment","subjectId":"tu0545muh4w996w","trial_type":"external-html","trial_index":28,"time_elapsed":552221,"internal_node_id":"0.0-9.0-0.20"},{"rt":5826,"url":"../static/nodeGraphs.html","edge":"6to9","edgeRT":"4925","skip":"false","flipped":"False","index":"21","edgeClickLog":"[{\"edgeSelection\":\"0to3\",\"edgeRTMS\":3011},{\"edgeSelection\":\"3to6\",\"edgeRTMS\":4119},{\"edgeSelection\":\"6to9\",\"edgeRTMS\":4925}]","trial_id":"test_1","congruency":"I","task":"experiment","subjectId":"tu0545muh4w996w","trial_type":"external-html","trial_index":29,"time_elapsed":558688,"internal_node_id":"0.0-9.0-0.21"},{"rt":6907,"url":"../static/nodeGraphs.html","edge":"6to8","edgeRT":"6045","skip":"false","flipped":"False","index":"22","edgeClickLog":"[{\"edgeSelection\":\"0to3\",\"edgeRTMS\":2748},{\"edgeSelection\":\"3to6\",\"edgeRTMS\":3994},{\"edgeSelection\":\"6to8\",\"edgeRTMS\":6045}]","trial_id":"test_2","congruency":"I","task":"experiment","subjectId":"tu0545muh4w996w","trial_type":"external-html","trial_index":30,"time_elapsed":566241,"internal_node_id":"0.0-9.0-0.22"},{"rt":6799,"url":"../static/nodeGraphs.html","edge":"5to7","edgeRT":"5753","skip":"false","flipped":"False","index":"23","edgeClickLog":"[{\"edgeSelection\":\"0to1\",\"edgeRTMS\":2121},{\"edgeSelection\":\"1to5\",\"edgeRTMS\":3833},{\"edgeSelection\":\"5to7\",\"edgeRTMS\":5753}]","trial_id":"test_3","congruency":"I","task":"experiment","subjectId":"tu0545muh4w996w","trial_type":"external-html","trial_index":31,"time_elapsed":573685,"internal_node_id":"0.0-9.0-0.23"},{"rt":11143,"url":"../static/nodeGraphs.html","edge":"4to8","edgeRT":"6258","skip":"false","flipped":"False","index":"24","edgeClickLog":"[{\"edgeSelection\":\"0to1\",\"edgeRTMS\":3752},{\"edgeSelection\":\"1to4\",\"edgeRTMS\":5095},{\"edgeSelection\":\"4to8\",\"edgeRTMS\":6258}]","trial_id":"test_4","congruency":"I","task":"experiment","subjectId":"tu0545muh4w996w","trial_type":"external-html","trial_index":32,"time_elapsed":585481,"internal_node_id":"0.0-9.0-0.24"},{"rt":47596,"response":{"P0_Q0":null,"P0_Q1":5,"P0_Q2":6,"P0_Q3":6,"P0_Q4":5,"P0_Q5":2,"strategies":"I always chose the path that would afford the student the most points.","feedback":"None"},"accuracy":[],"trial_type":"survey","trial_index":33,"time_elapsed":633619,"internal_node_id":"0.0-10.0"},{"rt":1847,"stimulus":"<p>Thanks for your time!</p>        <p>We need to manually calculate your bonus pay, please give us up to 7 days.</p><p>Press any key to conclude.</p>","response":" ","task":"end","subjectId":"tu0545muh4w996w","trial_type":"html-keyboard-response","trial_index":34,"time_elapsed":635468,"internal_node_id":"0.0-11.0","interactions":"[{\"event\":\"blur\",\"trial\":1,\"time\":2428},{\"event\":\"focus\",\"trial\":1,\"time\":3961},{\"event\":\"fullscreenenter\",\"trial\":1,\"time\":4847},{\"event\":\"blur\",\"trial\":4,\"time\":185133},{\"event\":\"focus\",\"trial\":4,\"time\":185134},{\"event\":\"fullscreenexit\",\"trial\":4,\"time\":185137},{\"event\":\"blur\",\"trial\":4,\"time\":201143},{\"event\":\"focus\",\"trial\":4,\"time\":201143},{\"event\":\"blur\",\"trial\":7,\"time\":367278},{\"event\":\"focus\",\"trial\":7,\"time\":368274}]"}]