[{"success":true,"timeout":false,"failed_images":[],"failed_audio":[],"failed_video":[],"trial_type":"preload","trial_index":0,"time_elapsed":1203,"internal_node_id":"0.0-0.0"},{"success":true,"trial_type":"fullscreen","trial_index":1,"time_elapsed":5328,"internal_node_id":"0.0-1.0"},{"rt":6710,"stimulus":"Welcome to the experiment. Press any key to begin.","response":" ","trial_type":"html-keyboard-response","trial_index":2,"time_elapsed":12041,"internal_node_id":"0.0-2.0"},{"view_history":[{"page_index":0,"viewing_time":6816},{"page_index":1,"viewing_time":9854},{"page_index":2,"viewing_time":30510},{"page_index":3,"viewing_time":9141},{"page_index":4,"viewing_time":6055},{"page_index":5,"viewing_time":2018},{"page_index":6,"viewing_time":5422},{"page_index":7,"viewing_time":22772},{"page_index":8,"viewing_time":7247},{"page_index":9,"viewing_time":1712},{"page_index":10,"viewing_time":1830},{"page_index":11,"viewing_time":832},{"page_index":12,"viewing_time":920},{"page_index":13,"viewing_time":2394},{"page_index":14,"viewing_time":1247},{"page_index":15,"viewing_time":2463},{"page_index":16,"viewing_time":3918},{"page_index":17,"viewing_time":2088},{"page_index":18,"viewing_time":1484},{"page_index":19,"viewing_time":10522},{"page_index":20,"viewing_time":10743},{"page_index":21,"viewing_time":2493}],"rt":142483,"trial_type":"instructions","trial_index":3,"time_elapsed":154525,"internal_node_id":"0.0-3.0"},{"rt":115518,"url":"../static/nodeGraphsTraining.html","skip":[],"edgeClickLog":[],"trial_type":"external-html","trial_index":4,"time_elapsed":270203,"internal_node_id":"0.0-4.0"},{"rt":219660,"response":{"q1":"The goal is to help the student to get the most points","q2":"False","q3":"Possible paths you, as the teacher, can choose to teach the learner.","q4":"Paths that the student took before."},"question_order":[0,1,2,3],"trial_type":"survey-multi-choice","trial_index":5,"time_elapsed":489869,"internal_node_id":"0.0-5.0"},{"rt":32103,"stimulus":"<p>You can take a 60 second break before starting the experiment.</p><br><br><p>This page will advance in 60 seconds or you can press any key to advance now.</p>","response":" ","trial_type":"html-keyboard-response","trial_index":6,"time_elapsed":521981,"internal_node_id":"0.0-7.0"},{"view_history":[{"page_index":0,"viewing_time":13186}],"rt":13188,"trial_type":"instructions","trial_index":7,"time_elapsed":535170,"internal_node_id":"0.0-8.0"},{"rt":12913,"url":"../static/nodeGraphs.html","edge":"4to8","edgeRT":"10260","skip":"false","flipped":"False","index":"7","edgeClickLog":"[{\"edgeSelection\":\"0to2\",\"edgeRTMS\":5784},{\"edgeSelection\":\"2to4\",\"edgeRTMS\":7815},{\"edgeSelection\":\"4to8\",\"edgeRTMS\":10260}]","trial_id":"cong_7","congruency":"C","task":"experiment","subjectId":"kqsp3uwpeeb82y1","trial_type":"external-html","trial_index":8,"time_elapsed":548229,"internal_node_id":"0.0-9.0-0.0"},{"rt":12570,"url":"../static/nodeGraphs.html","edge":"5to8","edgeRT":"11366","skip":"false","flipped":"True","index":"19","edgeClickLog":"[{\"edgeSelection\":\"0to3\",\"edgeRTMS\":8517},{\"edgeSelection\":\"3to5\",\"edgeRTMS\":9921},{\"edgeSelection\":\"5to8\",\"edgeRTMS\":11366}]","trial_id":"cong_9_flipped","congruency":"C","task":"experiment","subjectId":"kqsp3uwpeeb82y1","trial_type":"external-html","trial_index":9,"time_elapsed":561440,"internal_node_id":"0.0-9.0-0.1"},{"rt":12099,"url":"../static/nodeGraphs.html","edge":"6to9","edgeRT":"10632","skip":"false","flipped":"True","index":"18","edgeClickLog":"[{\"edgeSelection\":\"0to3\",\"edgeRTMS\":7237},{\"edgeSelection\":\"3to6\",\"edgeRTMS\":9464},{\"edgeSelection\":\"6to9\",\"edgeRTMS\":10632}]","trial_id":"cong_8_flipped","congruency":"C","task":"experiment","subjectId":"kqsp3uwpeeb82y1","trial_type":"external-html","trial_index":10,"time_elapsed":574184,"internal_node_id":"0.0-9.0-0.2"},{"rt":11592,"url":"../static/nodeGraphs.html","edge":"5to7","edgeRT":"10293","skip":"false","flipped":"False","index":"6","edgeClickLog":"[{\"edgeSelection\":\"0to1\",\"edgeRTMS\":4263},{\"edgeSelection\":\"1to5\",\"edgeRTMS\":8718},{\"edgeSelection\":\"5to7\",\"edgeRTMS\":10293}]","trial_id":"cong_6","congruency":"C","task":"experiment","subjectId":"kqsp3uwpeeb82y1","trial_type":"external-html","trial_index":11,"time_elapsed":586414,"internal_node_id":"0.0-9.0-0.3"},{"rt":6675,"url":"../static/nodeGraphs.html","edge":"5to7","edgeRT":"5336","skip":"false","flipped":"False","index":"3","edgeClickLog":"[{\"edgeSelection\":\"0to2\",\"edgeRTMS\":2781},{\"edgeSelection\":\"2to5\",\"edgeRTMS\":4253},{\"edgeSelection\":\"5to7\",\"edgeRTMS\":5336}]","trial_id":"cong_3","congruency":"C","task":"experiment","subjectId":"kqsp3uwpeeb82y1","trial_type":"external-html","trial_index":12,"time_elapsed":593784,"internal_node_id":"0.0-9.0-0.4"},{"rt":5867,"url":"../static/nodeGraphs.html","edge":"5to8","edgeRT":"4786","skip":"false","flipped":"True","index":"10","edgeClickLog":"[{\"edgeSelection\":\"0to2\",\"edgeRTMS\":2749},{\"edgeSelection\":\"2to5\",\"edgeRTMS\":3934},{\"edgeSelection\":\"5to8\",\"edgeRTMS\":4786}]","trial_id":"cong_0_flipped","congruency":"C","task":"experiment","subjectId":"kqsp3uwpeeb82y1","trial_type":"external-html","trial_index":13,"time_elapsed":600303,"internal_node_id":"0.0-9.0-0.5"},{"rt":9090,"url":"../static/nodeGraphs.html","edge":"5to7","edgeRT":"7455","skip":"false","flipped":"True","index":"16","edgeClickLog":"[{\"edgeSelection\":\"0to3\",\"edgeRTMS\":4794},{\"edgeSelection\":\"3to5\",\"edgeRTMS\":6098},{\"edgeSelection\":\"5to7\",\"edgeRTMS\":7455}]","trial_id":"cong_6_flipped","congruency":"C","task":"experiment","subjectId":"kqsp3uwpeeb82y1","trial_type":"external-html","trial_index":14,"time_elapsed":610038,"internal_node_id":"0.0-9.0-0.6"},{"rt":8957,"url":"../static/nodeGraphs.html","edge":"5to8","edgeRT":"7332","skip":"false","flipped":"False","index":"9","edgeClickLog":"[{\"edgeSelection\":\"0to3\",\"edgeRTMS\":3398},{\"edgeSelection\":\"3to5\",\"edgeRTMS\":5148},{\"edgeSelection\":\"5to8\",\"edgeRTMS\":7332}]","trial_id":"cong_9","congruency":"C","task":"experiment","subjectId":"kqsp3uwpeeb82y1","trial_type":"external-html","trial_index":15,"time_elapsed":619644,"internal_node_id":"0.0-9.0-0.7"},{"rt":8636,"url":"../static/nodeGraphs.html","edge":"6to8","edgeRT":"7115","skip":"false","flipped":"True","index":"14","edgeClickLog":"[{\"edgeSelection\":\"0to3\",\"edgeRTMS\":3279},{\"edgeSelection\":\"3to6\",\"edgeRTMS\":5216},{\"edgeSelection\":\"6to8\",\"edgeRTMS\":7115}]","trial_id":"cong_4_flipped","congruency":"C","task":"experiment","subjectId":"kqsp3uwpeeb82y1","trial_type":"external-html","trial_index":16,"time_elapsed":628925,"internal_node_id":"0.0-9.0-0.8"},{"rt":6046,"url":"../static/nodeGraphs.html","edge":"5to7","edgeRT":"4520","skip":"false","flipped":"True","index":"13","edgeClickLog":"[{\"edgeSelection\":\"0to3\",\"edgeRTMS\":1898},{\"edgeSelection\":\"3to5\",\"edgeRTMS\":3201},{\"edgeSelection\":\"5to7\",\"edgeRTMS\":4520}]","trial_id":"cong_3_flipped","congruency":"C","task":"experiment","subjectId":"kqsp3uwpeeb82y1","trial_type":"external-html","trial_index":17,"time_elapsed":635619,"internal_node_id":"0.0-9.0-0.9"},{"rt":13779,"url":"../static/nodeGraphs.html","edge":"6to8","edgeRT":"12133","skip":"false","flipped":"False","index":"8","edgeClickLog":"[{\"edgeSelection\":\"0to3\",\"edgeRTMS\":9438},{\"edgeSelection\":\"3to6\",\"edgeRTMS\":10743},{\"edgeSelection\":\"6to8\",\"edgeRTMS\":12133}]","trial_id":"cong_8","congruency":"C","task":"experiment","subjectId":"kqsp3uwpeeb82y1","trial_type":"external-html","trial_index":18,"time_elapsed":650033,"internal_node_id":"0.0-9.0-0.10"},{"rt":11972,"url":"../static/nodeGraphs.html","edge":"5to7","edgeRT":"10341","skip":"false","flipped":"True","index":"12","edgeClickLog":"[{\"edgeSelection\":\"0to1\",\"edgeRTMS\":6985},{\"edgeSelection\":\"1to5\",\"edgeRTMS\":8443},{\"edgeSelection\":\"5to7\",\"edgeRTMS\":10341}]","trial_id":"cong_2_flipped","congruency":"C","task":"experiment","subjectId":"kqsp3uwpeeb82y1","trial_type":"external-html","trial_index":19,"time_elapsed":662686,"internal_node_id":"0.0-9.0-0.11"},{"rt":10090,"url":"../static/nodeGraphs.html","edge":"6to9","edgeRT":"6432","skip":"false","flipped":"True","index":"11","edgeClickLog":"[{\"edgeSelection\":\"0to3\",\"edgeRTMS\":2597},{\"edgeSelection\":\"3to6\",\"edgeRTMS\":5092},{\"edgeSelection\":\"6to9\",\"edgeRTMS\":6432}]","trial_id":"cong_1_flipped","congruency":"C","task":"experiment","subjectId":"kqsp3uwpeeb82y1","trial_type":"external-html","trial_index":20,"time_elapsed":673427,"internal_node_id":"0.0-9.0-0.12"},{"rt":7254,"url":"../static/nodeGraphs.html","edge":"4to7","edgeRT":"5917","skip":"false","flipped":"False","index":"2","edgeClickLog":"[{\"edgeSelection\":\"0to1\",\"edgeRTMS\":2942},{\"edgeSelection\":\"1to4\",\"edgeRTMS\":4758},{\"edgeSelection\":\"4to7\",\"edgeRTMS\":5917}]","trial_id":"cong_2","congruency":"C","task":"experiment","subjectId":"kqsp3uwpeeb82y1","trial_type":"external-html","trial_index":21,"time_elapsed":681330,"internal_node_id":"0.0-9.0-0.13"},{"rt":10647,"url":"../static/nodeGraphs.html","edge":"4to8","edgeRT":"8948","skip":"false","flipped":"False","index":"0","edgeClickLog":"[{\"edgeSelection\":\"0to2\",\"edgeRTMS\":5643},{\"edgeSelection\":\"2to4\",\"edgeRTMS\":7433},{\"edgeSelection\":\"4to8\",\"edgeRTMS\":8948}]","trial_id":"cong_0","congruency":"C","task":"experiment","subjectId":"kqsp3uwpeeb82y1","trial_type":"external-html","trial_index":22,"time_elapsed":692616,"internal_node_id":"0.0-9.0-0.14"},{"rt":8409,"url":"../static/nodeGraphs.html","edge":"4to8","edgeRT":"6972","skip":"false","flipped":"False","index":"5","edgeClickLog":"[{\"edgeSelection\":\"0to1\",\"edgeRTMS\":4386},{\"edgeSelection\":\"1to4\",\"edgeRTMS\":5656},{\"edgeSelection\":\"4to8\",\"edgeRTMS\":6972}]","trial_id":"cong_5","congruency":"C","task":"experiment","subjectId":"kqsp3uwpeeb82y1","trial_type":"external-html","trial_index":23,"time_elapsed":701675,"internal_node_id":"0.0-9.0-0.15"},{"rt":8568,"url":"../static/nodeGraphs.html","edge":"6to8","edgeRT":"7043","skip":"false","flipped":"True","index":"17","edgeClickLog":"[{\"edgeSelection\":\"0to2\",\"edgeRTMS\":2653},{\"edgeSelection\":\"2to6\",\"edgeRTMS\":4395},{\"edgeSelection\":\"6to8\",\"edgeRTMS\":7043}]","trial_id":"cong_7_flipped","congruency":"C","task":"experiment","subjectId":"kqsp3uwpeeb82y1","trial_type":"external-html","trial_index":24,"time_elapsed":710912,"internal_node_id":"0.0-9.0-0.16"},{"rt":8128,"url":"../static/nodeGraphs.html","edge":"6to9","edgeRT":"6806","skip":"false","flipped":"False","index":"1","edgeClickLog":"[{\"edgeSelection\":\"0to2\",\"edgeRTMS\":3611},{\"edgeSelection\":\"2to6\",\"edgeRTMS\":4885},{\"edgeSelection\":\"6to9\",\"edgeRTMS\":6806}]","trial_id":"cong_1","congruency":"C","task":"experiment","subjectId":"kqsp3uwpeeb82y1","trial_type":"external-html","trial_index":25,"time_elapsed":719854,"internal_node_id":"0.0-9.0-0.17"},{"rt":11898,"url":"../static/nodeGraphs.html","edge":"4to8","edgeRT":"10244","skip":"false","flipped":"False","index":"4","edgeClickLog":"[{\"edgeSelection\":\"0to1\",\"edgeRTMS\":6162},{\"edgeSelection\":\"1to4\",\"edgeRTMS\":7635},{\"edgeSelection\":\"4to8\",\"edgeRTMS\":10244}]","trial_id":"cong_4","congruency":"C","task":"experiment","subjectId":"kqsp3uwpeeb82y1","trial_type":"external-html","trial_index":26,"time_elapsed":732400,"internal_node_id":"0.0-9.0-0.18"},{"rt":6546,"url":"../static/nodeGraphs.html","edge":"6to8","edgeRT":"5557","skip":"false","flipped":"True","index":"15","edgeClickLog":"[{\"edgeSelection\":\"0to3\",\"edgeRTMS\":2738},{\"edgeSelection\":\"3to6\",\"edgeRTMS\":4058},{\"edgeSelection\":\"6to8\",\"edgeRTMS\":5557}]","trial_id":"cong_5_flipped","congruency":"C","task":"experiment","subjectId":"kqsp3uwpeeb82y1","trial_type":"external-html","trial_index":27,"time_elapsed":739587,"internal_node_id":"0.0-9.0-0.19"},{"rt":12334,"url":"../static/nodeGraphs.html","edge":"5to8","edgeRT":"11223","skip":"false","flipped":"False","index":"20","edgeClickLog":"[{\"edgeSelection\":\"0to1\",\"edgeRTMS\":3175},{\"edgeSelection\":\"2to4\",\"edgeRTMS\":7186},{\"edgeSelection\":\"1to5\",\"edgeRTMS\":9707},{\"edgeSelection\":\"5to8\",\"edgeRTMS\":11223}]","trial_id":"test_0","congruency":"I","task":"experiment","subjectId":"kqsp3uwpeeb82y1","trial_type":"external-html","trial_index":28,"time_elapsed":752564,"internal_node_id":"0.0-9.0-0.20"},{"rt":8319,"url":"../static/nodeGraphs.html","edge":"6to9","edgeRT":"5697","skip":"false","flipped":"False","index":"21","edgeClickLog":"[{\"edgeSelection\":\"0to3\",\"edgeRTMS\":3236},{\"edgeSelection\":\"3to6\",\"edgeRTMS\":4581},{\"edgeSelection\":\"6to9\",\"edgeRTMS\":5456},{\"edgeSelection\":\"6to9\",\"edgeRTMS\":5697}]","trial_id":"test_1","congruency":"I","task":"experiment","subjectId":"kqsp3uwpeeb82y1","trial_type":"external-html","trial_index":29,"time_elapsed":761563,"internal_node_id":"0.0-9.0-0.21"},{"rt":9404,"url":"../static/nodeGraphs.html","edge":"6to8","edgeRT":"8083","skip":"false","flipped":"False","index":"22","edgeClickLog":"[{\"edgeSelection\":\"0to3\",\"edgeRTMS\":4860},{\"edgeSelection\":\"3to6\",\"edgeRTMS\":6482},{\"edgeSelection\":\"6to8\",\"edgeRTMS\":8083}]","trial_id":"test_2","congruency":"I","task":"experiment","subjectId":"kqsp3uwpeeb82y1","trial_type":"external-html","trial_index":30,"time_elapsed":771616,"internal_node_id":"0.0-9.0-0.22"},{"rt":15588,"url":"../static/nodeGraphs.html","edge":"5to7","edgeRT":"14378","skip":"false","flipped":"False","index":"23","edgeClickLog":"[{\"edgeSelection\":\"0to2\",\"edgeRTMS\":8606},{\"edgeSelection\":\"2to5\",\"edgeRTMS\":10486},{\"edgeSelection\":\"5to7\",\"edgeRTMS\":14378}]","trial_id":"test_3","congruency":"I","task":"experiment","subjectId":"kqsp3uwpeeb82y1","trial_type":"external-html","trial_index":31,"time_elapsed":787856,"internal_node_id":"0.0-9.0-0.23"},{"rt":16168,"url":"../static/nodeGraphs.html","edge":"5to9","edgeRT":"15057","skip":"false","flipped":"False","index":"24","edgeClickLog":"[{\"edgeSelection\":\"0to1\",\"edgeRTMS\":11686},{\"edgeSelection\":\"1to5\",\"edgeRTMS\":13006},{\"edgeSelection\":\"5to9\",\"edgeRTMS\":15057}]","trial_id":"test_4","congruency":"I","task":"experiment","subjectId":"kqsp3uwpeeb82y1","trial_type":"external-html","trial_index":32,"time_elapsed":804678,"internal_node_id":"0.0-9.0-0.24"},{"rt":46661,"response":{"P0_Q0":null,"P0_Q1":5,"P0_Q2":5,"P0_Q3":6,"P0_Q4":null,"P0_Q5":3,"strategies":"Whatever makes more points","feedback":"It was interesting"},"accuracy":[],"trial_type":"survey","trial_index":33,"time_elapsed":852018,"internal_node_id":"0.0-10.0"},{"rt":6747,"stimulus":"<p>Thanks for your time!</p>        <p>We need to manually calculate your bonus pay, please give us up to 7 days.</p><p>Press any key to conclude.</p>","response":" ","task":"end","subjectId":"kqsp3uwpeeb82y1","trial_type":"html-keyboard-response","trial_index":34,"time_elapsed":858769,"internal_node_id":"0.0-11.0","interactions":"[{\"event\":\"fullscreenenter\",\"trial\":1,\"time\":4378},{\"event\":\"blur\",\"trial\":4,\"time\":172216},{\"event\":\"focus\",\"trial\":4,\"time\":172217},{\"event\":\"fullscreenexit\",\"trial\":4,\"time\":172262},{\"event\":\"blur\",\"trial\":4,\"time\":180026},{\"event\":\"focus\",\"trial\":4,\"time\":180026}]"}]