[{"success":true,"timeout":false,"failed_images":[],"failed_audio":[],"failed_video":[],"trial_type":"preload","trial_index":0,"time_elapsed":1013,"internal_node_id":"0.0-0.0"},{"success":true,"trial_type":"fullscreen","trial_index":1,"time_elapsed":3632,"internal_node_id":"0.0-1.0"},{"rt":2152,"stimulus":"Welcome to the experiment. Press any key to begin.","response":" ","trial_type":"html-keyboard-response","trial_index":2,"time_elapsed":5792,"internal_node_id":"0.0-2.0"},{"view_history":[{"page_index":0,"viewing_time":11185},{"page_index":1,"viewing_time":5268},{"page_index":2,"viewing_time":17708},{"page_index":3,"viewing_time":4541},{"page_index":4,"viewing_time":865},{"page_index":5,"viewing_time":479},{"page_index":6,"viewing_time":5259},{"page_index":7,"viewing_time":6076},{"page_index":8,"viewing_time":11199},{"page_index":9,"viewing_time":5500},{"page_index":10,"viewing_time":1095},{"page_index":11,"viewing_time":507},{"page_index":12,"viewing_time":498},{"page_index":13,"viewing_time":4032},{"page_index":14,"viewing_time":2612},{"page_index":15,"viewing_time":5310},{"page_index":16,"viewing_time":1016},{"page_index":17,"viewing_time":757},{"page_index":18,"viewing_time":811},{"page_index":19,"viewing_time":4701},{"page_index":20,"viewing_time":6098},{"page_index":21,"viewing_time":4346}],"rt":99862,"trial_type":"instructions","trial_index":3,"time_elapsed":105658,"internal_node_id":"0.0-3.0"},{"rt":129121,"url":"../static/nodeGraphsTraining.html","skip":[],"edgeClickLog":[],"trial_type":"external-html","trial_index":4,"time_elapsed":234982,"internal_node_id":"0.0-4.0"},{"rt":26561,"response":{"q1":"The goal is to help the student to get the most points","q2":"False","q3":"Possible paths you, as the teacher, can choose to teach the learner.","q4":"Paths that the student took before."},"question_order":[0,1,2,3],"trial_type":"survey-multi-choice","trial_index":5,"time_elapsed":261557,"internal_node_id":"0.0-5.0"},{"rt":3715,"stimulus":"<p>You can take a 60 second break before starting the experiment.</p><br><br><p>This page will advance in 60 seconds or you can press any key to advance now.</p>","response":"arrowright","trial_type":"html-keyboard-response","trial_index":6,"time_elapsed":265289,"internal_node_id":"0.0-7.0"},{"view_history":[{"page_index":0,"viewing_time":20119}],"rt":20122,"trial_type":"instructions","trial_index":7,"time_elapsed":285416,"internal_node_id":"0.0-8.0"},{"rt":22618,"url":"../static/nodeGraphs.html","edge":"0to2","edgeRT":"20896","skip":"false","flipped":"True","index":"17","edgeClickLog":"[{\"edgeSelection\":\"0to2\",\"edgeRTMS\":6912},{\"edgeSelection\":\"2to5\",\"edgeRTMS\":19354},{\"edgeSelection\":\"0to2\",\"edgeRTMS\":20896}]","trial_id":"incong_7_flipped","congruency":"I","task":"experiment","subjectId":"12lue2lye0dukr2","trial_type":"external-html","trial_index":8,"time_elapsed":308232,"internal_node_id":"0.0-9.0-0.0"},{"rt":24874,"url":"../static/nodeGraphs.html","edge":"5to9","edgeRT":"16272","skip":"false","flipped":"True","index":"13","edgeClickLog":"[{\"edgeSelection\":\"0to2\",\"edgeRTMS\":11037},{\"edgeSelection\":\"5to9\",\"edgeRTMS\":16272}]","trial_id":"incong_3_flipped","congruency":"I","task":"experiment","subjectId":"12lue2lye0dukr2","trial_type":"external-html","trial_index":9,"time_elapsed":333809,"internal_node_id":"0.0-9.0-0.1"},{"rt":6474,"url":"../static/nodeGraphs.html","edge":"4to8","edgeRT":"2716","skip":"false","flipped":"False","index":"9","edgeClickLog":"[{\"edgeSelection\":\"4to8\",\"edgeRTMS\":2716}]","trial_id":"incong_9","congruency":"I","task":"experiment","subjectId":"12lue2lye0dukr2","trial_type":"external-html","trial_index":10,"time_elapsed":340988,"internal_node_id":"0.0-9.0-0.2"},{"rt":30003,"url":"../static/nodeGraphs.html","edge":"3to6","edgeRT":"22228","skip":"true","flipped":"False","index":"5","edgeClickLog":"[{\"edgeSelection\":\"3to6\",\"edgeRTMS\":7957},{\"edgeSelection\":\"1to5\",\"edgeRTMS\":14203},{\"edgeSelection\":\"3to5\",\"edgeRTMS\":18270},{\"edgeSelection\":\"3to6\",\"edgeRTMS\":22228}]","trial_id":"incong_5","congruency":"I","task":"experiment","subjectId":"12lue2lye0dukr2","trial_type":"external-html","trial_index":11,"time_elapsed":371689,"internal_node_id":"0.0-9.0-0.3"},{"rt":9570,"url":"../static/nodeGraphs.html","edge":"6to9","edgeRT":"6478","skip":"false","flipped":"False","index":"1","edgeClickLog":"[{\"edgeSelection\":\"6to9\",\"edgeRTMS\":6478}]","trial_id":"incong_1","congruency":"I","task":"experiment","subjectId":"12lue2lye0dukr2","trial_type":"external-html","trial_index":12,"time_elapsed":381956,"internal_node_id":"0.0-9.0-0.4"},{"rt":8584,"url":"../static/nodeGraphs.html","edge":"6to8","edgeRT":"5278","skip":"false","flipped":"False","index":"0","edgeClickLog":"[{\"edgeSelection\":\"6to8\",\"edgeRTMS\":5278}]","trial_id":"incong_0","congruency":"I","task":"experiment","subjectId":"12lue2lye0dukr2","trial_type":"external-html","trial_index":13,"time_elapsed":391249,"internal_node_id":"0.0-9.0-0.5"},{"rt":10180,"url":"../static/nodeGraphs.html","edge":"6to8","edgeRT":"6727","skip":"false","flipped":"True","index":"14","edgeClickLog":"[{\"edgeSelection\":\"2to5\",\"edgeRTMS\":4220},{\"edgeSelection\":\"6to8\",\"edgeRTMS\":6727}]","trial_id":"incong_4_flipped","congruency":"I","task":"experiment","subjectId":"12lue2lye0dukr2","trial_type":"external-html","trial_index":14,"time_elapsed":402128,"internal_node_id":"0.0-9.0-0.6"},{"rt":6367,"url":"../static/nodeGraphs.html","edge":"5to8","edgeRT":"3392","skip":"false","flipped":"False","index":"7","edgeClickLog":"[{\"edgeSelection\":\"5to8\",\"edgeRTMS\":3392}]","trial_id":"incong_7","congruency":"I","task":"experiment","subjectId":"12lue2lye0dukr2","trial_type":"external-html","trial_index":15,"time_elapsed":409197,"internal_node_id":"0.0-9.0-0.7"},{"rt":15554,"url":"../static/nodeGraphs.html","edge":"1to4","edgeRT":"9602","skip":"false","flipped":"True","index":"12","edgeClickLog":"[{\"edgeSelection\":\"1to4\",\"edgeRTMS\":9602}]","trial_id":"incong_2_flipped","congruency":"I","task":"experiment","subjectId":"12lue2lye0dukr2","trial_type":"external-html","trial_index":16,"time_elapsed":425451,"internal_node_id":"0.0-9.0-0.8"},{"rt":8151,"url":"../static/nodeGraphs.html","edge":"2to5","edgeRT":"2691","skip":"false","flipped":"False","index":"4","edgeClickLog":"[{\"edgeSelection\":\"2to5\",\"edgeRTMS\":2691}]","trial_id":"incong_4","congruency":"I","task":"experiment","subjectId":"12lue2lye0dukr2","trial_type":"external-html","trial_index":17,"time_elapsed":434299,"internal_node_id":"0.0-9.0-0.9"},{"rt":8817,"url":"../static/nodeGraphs.html","edge":"0to3","edgeRT":"5327","skip":"false","flipped":"True","index":"10","edgeClickLog":"[{\"edgeSelection\":\"0to2\",\"edgeRTMS\":3461},{\"edgeSelection\":\"0to3\",\"edgeRTMS\":5327}]","trial_id":"incong_0_flipped","congruency":"I","task":"experiment","subjectId":"12lue2lye0dukr2","trial_type":"external-html","trial_index":18,"time_elapsed":443828,"internal_node_id":"0.0-9.0-0.10"},{"rt":8983,"url":"../static/nodeGraphs.html","edge":"5to8","edgeRT":"5400","skip":"false","flipped":"True","index":"18","edgeClickLog":"[{\"edgeSelection\":\"0to3\",\"edgeRTMS\":1378},{\"edgeSelection\":\"5to8\",\"edgeRTMS\":5400}]","trial_id":"incong_8_flipped","congruency":"I","task":"experiment","subjectId":"12lue2lye0dukr2","trial_type":"external-html","trial_index":19,"time_elapsed":453522,"internal_node_id":"0.0-9.0-0.11"},{"rt":6477,"url":"../static/nodeGraphs.html","edge":"0to3","edgeRT":"3029","skip":"false","flipped":"True","index":"16","edgeClickLog":"[{\"edgeSelection\":\"0to3\",\"edgeRTMS\":3029}]","trial_id":"incong_6_flipped","congruency":"I","task":"experiment","subjectId":"12lue2lye0dukr2","trial_type":"external-html","trial_index":20,"time_elapsed":460708,"internal_node_id":"0.0-9.0-0.12"},{"rt":6648,"url":"../static/nodeGraphs.html","edge":"0to1","edgeRT":"3508","skip":"false","flipped":"False","index":"6","edgeClickLog":"[{\"edgeSelection\":\"0to1\",\"edgeRTMS\":3508}]","trial_id":"incong_6","congruency":"I","task":"experiment","subjectId":"12lue2lye0dukr2","trial_type":"external-html","trial_index":21,"time_elapsed":468058,"internal_node_id":"0.0-9.0-0.13"},{"rt":9202,"url":"../static/nodeGraphs.html","edge":"5to7","edgeRT":"6317","skip":"false","flipped":"False","index":"3","edgeClickLog":"[{\"edgeSelection\":\"5to7\",\"edgeRTMS\":6317}]","trial_id":"incong_3","congruency":"I","task":"experiment","subjectId":"12lue2lye0dukr2","trial_type":"external-html","trial_index":22,"time_elapsed":478098,"internal_node_id":"0.0-9.0-0.14"},{"rt":10633,"url":"../static/nodeGraphs.html","edge":"1to4","edgeRT":"6968","skip":"false","flipped":"True","index":"15","edgeClickLog":"[{\"edgeSelection\":\"1to4\",\"edgeRTMS\":6968}]","trial_id":"incong_5_flipped","congruency":"I","task":"experiment","subjectId":"12lue2lye0dukr2","trial_type":"external-html","trial_index":23,"time_elapsed":489434,"internal_node_id":"0.0-9.0-0.15"},{"rt":10800,"url":"../static/nodeGraphs.html","edge":"0to2","edgeRT":"8956","skip":"false","flipped":"False","index":"2","edgeClickLog":"[{\"edgeSelection\":\"0to2\",\"edgeRTMS\":8956}]","trial_id":"incong_2","congruency":"I","task":"experiment","subjectId":"12lue2lye0dukr2","trial_type":"external-html","trial_index":24,"time_elapsed":500930,"internal_node_id":"0.0-9.0-0.16"},{"rt":3545,"url":"../static/nodeGraphs.html","edge":"6to8","edgeRT":"2218","skip":"false","flipped":"True","index":"19","edgeClickLog":"[{\"edgeSelection\":\"6to8\",\"edgeRTMS\":2218}]","trial_id":"incong_9_flipped","congruency":"I","task":"experiment","subjectId":"12lue2lye0dukr2","trial_type":"external-html","trial_index":25,"time_elapsed":505169,"internal_node_id":"0.0-9.0-0.17"},{"rt":5432,"url":"../static/nodeGraphs.html","edge":"4to7","edgeRT":"4244","skip":"false","flipped":"True","index":"11","edgeClickLog":"[{\"edgeSelection\":\"4to7\",\"edgeRTMS\":4244}]","trial_id":"incong_1_flipped","congruency":"I","task":"experiment","subjectId":"12lue2lye0dukr2","trial_type":"external-html","trial_index":26,"time_elapsed":511297,"internal_node_id":"0.0-9.0-0.18"},{"rt":3798,"url":"../static/nodeGraphs.html","edge":"5to8","edgeRT":"2793","skip":"false","flipped":"False","index":"8","edgeClickLog":"[{\"edgeSelection\":\"5to8\",\"edgeRTMS\":2793}]","trial_id":"incong_8","congruency":"I","task":"experiment","subjectId":"12lue2lye0dukr2","trial_type":"external-html","trial_index":27,"time_elapsed":515807,"internal_node_id":"0.0-9.0-0.19"},{"rt":4182,"url":"../static/nodeGraphs.html","edge":"5to8","edgeRT":"3045","skip":"false","flipped":"False","index":"20","edgeClickLog":"[{\"edgeSelection\":\"5to8\",\"edgeRTMS\":3045}]","trial_id":"test_0","congruency":"I","task":"experiment","subjectId":"12lue2lye0dukr2","trial_type":"external-html","trial_index":28,"time_elapsed":520679,"internal_node_id":"0.0-9.0-0.20"},{"rt":5264,"url":"../static/nodeGraphs.html","edge":"4to7","edgeRT":"3812","skip":"false","flipped":"False","index":"21","edgeClickLog":"[{\"edgeSelection\":\"4to7\",\"edgeRTMS\":3812}]","trial_id":"test_1","congruency":"I","task":"experiment","subjectId":"12lue2lye0dukr2","trial_type":"external-html","trial_index":29,"time_elapsed":526635,"internal_node_id":"0.0-9.0-0.21"},{"rt":5412,"url":"../static/nodeGraphs.html","edge":"6to8","edgeRT":"4302","skip":"false","flipped":"False","index":"22","edgeClickLog":"[{\"edgeSelection\":\"6to8\",\"edgeRTMS\":4302}]","trial_id":"test_2","congruency":"I","task":"experiment","subjectId":"12lue2lye0dukr2","trial_type":"external-html","trial_index":30,"time_elapsed":532750,"internal_node_id":"0.0-9.0-0.22"},{"rt":5981,"url":"../static/nodeGraphs.html","edge":"5to9","edgeRT":"3195","skip":"false","flipped":"False","index":"23","edgeClickLog":"[{\"edgeSelection\":\"5to9\",\"edgeRTMS\":3195}]","trial_id":"test_3","congruency":"I","task":"experiment","subjectId":"12lue2lye0dukr2","trial_type":"external-html","trial_index":31,"time_elapsed":539441,"internal_node_id":"0.0-9.0-0.23"},{"rt":16854,"url":"../static/nodeGraphs.html","edge":"1to5","edgeRT":"15502","skip":"false","flipped":"False","index":"24","edgeClickLog":"[{\"edgeSelection\":\"0to2\",\"edgeRTMS\":13472},{\"edgeSelection\":\"1to5\",\"edgeRTMS\":15502}]","trial_id":"test_4","congruency":"I","task":"experiment","subjectId":"12lue2lye0dukr2","trial_type":"external-html","trial_index":32,"time_elapsed":556995,"internal_node_id":"0.0-9.0-0.24"},{"rt":49479,"response":{"P0_Q0":null,"P0_Q1":2,"P0_Q2":6,"P0_Q3":6,"P0_Q4":3,"P0_Q5":1,"strategies":"I picked the route that would reward more points but built on what the student already knew.","feedback":""},"accuracy":[],"trial_type":"survey","trial_index":33,"time_elapsed":607338,"internal_node_id":"0.0-10.0"},{"rt":3160,"stimulus":"<p>Thanks for your time!</p>        <p>We need to manually calculate your bonus pay, please give us up to 7 days.</p><p>Press any key to conclude.</p>","response":" ","task":"end","subjectId":"12lue2lye0dukr2","trial_type":"html-keyboard-response","trial_index":34,"time_elapsed":610509,"internal_node_id":"0.0-11.0","interactions":"[{\"event\":\"fullscreenenter\",\"trial\":1,\"time\":2713},{\"event\":\"blur\",\"trial\":4,\"time\":120567},{\"event\":\"focus\",\"trial\":4,\"time\":120568},{\"event\":\"fullscreenexit\",\"trial\":4,\"time\":120618}]"}]