[{"success":true,"timeout":false,"failed_images":[],"failed_audio":[],"failed_video":[],"trial_type":"preload","trial_index":0,"time_elapsed":224,"internal_node_id":"0.0-0.0"},{"success":true,"trial_type":"fullscreen","trial_index":1,"time_elapsed":2808,"internal_node_id":"0.0-1.0"},{"rt":1522,"stimulus":"Welcome to the experiment. Press any key to begin.","response":" ","trial_type":"html-keyboard-response","trial_index":2,"time_elapsed":4331,"internal_node_id":"0.0-2.0"},{"view_history":[{"page_index":0,"viewing_time":3072},{"page_index":1,"viewing_time":5590},{"page_index":2,"viewing_time":21450},{"page_index":3,"viewing_time":7549},{"page_index":2,"viewing_time":2316},{"page_index":3,"viewing_time":4155},{"page_index":4,"viewing_time":1011},{"page_index":5,"viewing_time":1026},{"page_index":6,"viewing_time":2059},{"page_index":7,"viewing_time":5221},{"page_index":8,"viewing_time":9515},{"page_index":9,"viewing_time":5838},{"page_index":10,"viewing_time":1693},{"page_index":11,"viewing_time":583},{"page_index":12,"viewing_time":381},{"page_index":13,"viewing_time":805},{"page_index":14,"viewing_time":2733},{"page_index":15,"viewing_time":3524},{"page_index":16,"viewing_time":1260},{"page_index":17,"viewing_time":666},{"page_index":18,"viewing_time":728},{"page_index":19,"viewing_time":2473},{"page_index":20,"viewing_time":4514},{"page_index":21,"viewing_time":2922}],"rt":91083,"trial_type":"instructions","trial_index":3,"time_elapsed":95425,"internal_node_id":"0.0-3.0"},{"rt":39526,"url":"../static/nodeGraphsTraining.html","skip":[],"edgeClickLog":[],"trial_type":"external-html","trial_index":4,"time_elapsed":135043,"internal_node_id":"0.0-4.0"},{"rt":23576,"response":{"q1":"The goal is to help the student to get the most points","q2":"False","q3":"Possible paths you, as the teacher, can choose to teach the learner.","q4":"Paths that the student took before."},"question_order":[0,1,2,3],"trial_type":"survey-multi-choice","trial_index":5,"time_elapsed":158621,"internal_node_id":"0.0-5.0"},{"rt":3121,"stimulus":"<p>You can take a 60 second break before starting the experiment.</p><br><br><p>This page will advance in 60 seconds or you can press any key to advance now.</p>","response":"arrowright","trial_type":"html-keyboard-response","trial_index":6,"time_elapsed":161744,"internal_node_id":"0.0-7.0"},{"view_history":[{"page_index":0,"viewing_time":13298}],"rt":13298,"trial_type":"instructions","trial_index":7,"time_elapsed":175043,"internal_node_id":"0.0-8.0"},{"rt":20592,"url":"../static/nodeGraphs.html","edge":"4to7","edgeRT":"12805","skip":"false","flipped":"False","index":"8","edgeClickLog":"[{\"edgeSelection\":\"1to4\",\"edgeRTMS\":11092},{\"edgeSelection\":\"4to7\",\"edgeRTMS\":12805}]","trial_id":"cong_8","congruency":"C","task":"experiment","subjectId":"tnwvxjgc1xuubez","trial_type":"external-html","trial_index":8,"time_elapsed":195717,"internal_node_id":"0.0-9.0-0.0"},{"rt":19831,"url":"../static/nodeGraphs.html","edge":"5to9","edgeRT":"13550","skip":"false","flipped":"False","index":"3","edgeClickLog":"[{\"edgeSelection\":\"5to9\",\"edgeRTMS\":13550}]","trial_id":"cong_3","congruency":"C","task":"experiment","subjectId":"tnwvxjgc1xuubez","trial_type":"external-html","trial_index":9,"time_elapsed":216143,"internal_node_id":"0.0-9.0-0.1"},{"rt":13830,"url":"../static/nodeGraphs.html","edge":"2to5","edgeRT":"12109","skip":"false","flipped":"True","index":"16","edgeClickLog":"[{\"edgeSelection\":\"2to5\",\"edgeRTMS\":12109}]","trial_id":"cong_6_flipped","congruency":"C","task":"experiment","subjectId":"tnwvxjgc1xuubez","trial_type":"external-html","trial_index":10,"time_elapsed":230554,"internal_node_id":"0.0-9.0-0.2"},{"rt":7836,"url":"../static/nodeGraphs.html","edge":"2to6","edgeRT":"5522","skip":"false","flipped":"True","index":"14","edgeClickLog":"[{\"edgeSelection\":\"2to6\",\"edgeRTMS\":5522}]","trial_id":"cong_4_flipped","congruency":"C","task":"experiment","subjectId":"tnwvxjgc1xuubez","trial_type":"external-html","trial_index":11,"time_elapsed":238987,"internal_node_id":"0.0-9.0-0.3"},{"rt":20502,"url":"../static/nodeGraphs.html","edge":"1to4","edgeRT":"17578","skip":"false","flipped":"False","index":"5","edgeClickLog":"[{\"edgeSelection\":\"0to1\",\"edgeRTMS\":8880},{\"edgeSelection\":\"1to4\",\"edgeRTMS\":17578}]","trial_id":"cong_5","congruency":"C","task":"experiment","subjectId":"tnwvxjgc1xuubez","trial_type":"external-html","trial_index":12,"time_elapsed":260072,"internal_node_id":"0.0-9.0-0.4"},{"rt":12496,"url":"../static/nodeGraphs.html","edge":"3to6","edgeRT":"9034","skip":"false","flipped":"True","index":"15","edgeClickLog":"[{\"edgeSelection\":\"0to3\",\"edgeRTMS\":5236},{\"edgeSelection\":\"3to6\",\"edgeRTMS\":9034}]","trial_id":"cong_5_flipped","congruency":"C","task":"experiment","subjectId":"tnwvxjgc1xuubez","trial_type":"external-html","trial_index":13,"time_elapsed":273151,"internal_node_id":"0.0-9.0-0.5"},{"rt":6394,"url":"../static/nodeGraphs.html","edge":"2to6","edgeRT":"3354","skip":"false","flipped":"False","index":"1","edgeClickLog":"[{\"edgeSelection\":\"2to6\",\"edgeRTMS\":3354}]","trial_id":"cong_1","congruency":"C","task":"experiment","subjectId":"tnwvxjgc1xuubez","trial_type":"external-html","trial_index":14,"time_elapsed":280127,"internal_node_id":"0.0-9.0-0.6"},{"rt":30010,"url":"../static/nodeGraphs.html","edge":"2to5","edgeRT":"13166","skip":"true","flipped":"False","index":"6","edgeClickLog":"[{\"edgeSelection\":\"2to5\",\"edgeRTMS\":13166}]","trial_id":"cong_6","congruency":"C","task":"experiment","subjectId":"tnwvxjgc1xuubez","trial_type":"external-html","trial_index":15,"time_elapsed":310717,"internal_node_id":"0.0-9.0-0.7"},{"rt":15487,"url":"../static/nodeGraphs.html","edge":"2to4","edgeRT":"13793","skip":"false","flipped":"False","index":"7","edgeClickLog":"[{\"edgeSelection\":\"2to4\",\"edgeRTMS\":13793}]","trial_id":"cong_7","congruency":"C","task":"experiment","subjectId":"tnwvxjgc1xuubez","trial_type":"external-html","trial_index":16,"time_elapsed":326813,"internal_node_id":"0.0-9.0-0.8"},{"rt":10506,"url":"../static/nodeGraphs.html","edge":"3to6","edgeRT":"4515","skip":"false","flipped":"True","index":"10","edgeClickLog":"[{\"edgeSelection\":\"3to6\",\"edgeRTMS\":4515}]","trial_id":"cong_0_flipped","congruency":"C","task":"experiment","subjectId":"tnwvxjgc1xuubez","trial_type":"external-html","trial_index":17,"time_elapsed":337898,"internal_node_id":"0.0-9.0-0.9"},{"rt":10375,"url":"../static/nodeGraphs.html","edge":"2to4","edgeRT":"4912","skip":"false","flipped":"True","index":"11","edgeClickLog":"[{\"edgeSelection\":\"2to4\",\"edgeRTMS\":4912}]","trial_id":"cong_1_flipped","congruency":"C","task":"experiment","subjectId":"tnwvxjgc1xuubez","trial_type":"external-html","trial_index":18,"time_elapsed":348852,"internal_node_id":"0.0-9.0-0.10"},{"rt":13962,"url":"../static/nodeGraphs.html","edge":"5to9","edgeRT":"7767","skip":"false","flipped":"False","index":"9","edgeClickLog":"[{\"edgeSelection\":\"5to9\",\"edgeRTMS\":7767}]","trial_id":"cong_9","congruency":"C","task":"experiment","subjectId":"tnwvxjgc1xuubez","trial_type":"external-html","trial_index":19,"time_elapsed":363393,"internal_node_id":"0.0-9.0-0.11"},{"rt":10431,"url":"../static/nodeGraphs.html","edge":"2to6","edgeRT":"7502","skip":"false","flipped":"True","index":"17","edgeClickLog":"[{\"edgeSelection\":\"2to6\",\"edgeRTMS\":7502}]","trial_id":"cong_7_flipped","congruency":"C","task":"experiment","subjectId":"tnwvxjgc1xuubez","trial_type":"external-html","trial_index":20,"time_elapsed":374407,"internal_node_id":"0.0-9.0-0.12"},{"rt":14411,"url":"../static/nodeGraphs.html","edge":"5to7","edgeRT":"11003","skip":"false","flipped":"True","index":"12","edgeClickLog":"[{\"edgeSelection\":\"5to7\",\"edgeRTMS\":11003}]","trial_id":"cong_2_flipped","congruency":"C","task":"experiment","subjectId":"tnwvxjgc1xuubez","trial_type":"external-html","trial_index":21,"time_elapsed":389415,"internal_node_id":"0.0-9.0-0.13"},{"rt":12351,"url":"../static/nodeGraphs.html","edge":"6to9","edgeRT":"8255","skip":"false","flipped":"True","index":"18","edgeClickLog":"[{\"edgeSelection\":\"6to9\",\"edgeRTMS\":8255}]","trial_id":"cong_8_flipped","congruency":"C","task":"experiment","subjectId":"tnwvxjgc1xuubez","trial_type":"external-html","trial_index":22,"time_elapsed":402378,"internal_node_id":"0.0-9.0-0.14"},{"rt":14896,"url":"../static/nodeGraphs.html","edge":"2to5","edgeRT":"11739","skip":"false","flipped":"True","index":"19","edgeClickLog":"[{\"edgeSelection\":\"5to7\",\"edgeRTMS\":8091},{\"edgeSelection\":\"2to5\",\"edgeRTMS\":11739}]","trial_id":"cong_9_flipped","congruency":"C","task":"experiment","subjectId":"tnwvxjgc1xuubez","trial_type":"external-html","trial_index":23,"time_elapsed":417851,"internal_node_id":"0.0-9.0-0.15"},{"rt":7497,"url":"../static/nodeGraphs.html","edge":"2to4","edgeRT":"4128","skip":"false","flipped":"False","index":"4","edgeClickLog":"[{\"edgeSelection\":\"2to4\",\"edgeRTMS\":4128}]","trial_id":"cong_4","congruency":"C","task":"experiment","subjectId":"tnwvxjgc1xuubez","trial_type":"external-html","trial_index":24,"time_elapsed":425945,"internal_node_id":"0.0-9.0-0.16"},{"rt":10632,"url":"../static/nodeGraphs.html","edge":"4to8","edgeRT":"6833","skip":"false","flipped":"False","index":"0","edgeClickLog":"[{\"edgeSelection\":\"1to4\",\"edgeRTMS\":4321},{\"edgeSelection\":\"4to8\",\"edgeRTMS\":6833}]","trial_id":"cong_0","congruency":"C","task":"experiment","subjectId":"tnwvxjgc1xuubez","trial_type":"external-html","trial_index":25,"time_elapsed":437168,"internal_node_id":"0.0-9.0-0.17"},{"rt":10410,"url":"../static/nodeGraphs.html","edge":"5to9","edgeRT":"6026","skip":"false","flipped":"False","index":"2","edgeClickLog":"[{\"edgeSelection\":\"5to9\",\"edgeRTMS\":6026}]","trial_id":"cong_2","congruency":"C","task":"experiment","subjectId":"tnwvxjgc1xuubez","trial_type":"external-html","trial_index":26,"time_elapsed":448159,"internal_node_id":"0.0-9.0-0.18"},{"rt":20123,"url":"../static/nodeGraphs.html","edge":"5to7","edgeRT":"5339","skip":"false","flipped":"True","index":"13","edgeClickLog":"[{\"edgeSelection\":\"5to7\",\"edgeRTMS\":5339}]","trial_id":"cong_3_flipped","congruency":"C","task":"experiment","subjectId":"tnwvxjgc1xuubez","trial_type":"external-html","trial_index":27,"time_elapsed":468890,"internal_node_id":"0.0-9.0-0.19"},{"rt":12111,"url":"../static/nodeGraphs.html","edge":"6to8","edgeRT":"5302","skip":"false","flipped":"False","index":"20","edgeClickLog":"[{\"edgeSelection\":\"6to8\",\"edgeRTMS\":5302}]","trial_id":"test_0","congruency":"I","task":"experiment","subjectId":"tnwvxjgc1xuubez","trial_type":"external-html","trial_index":28,"time_elapsed":481587,"internal_node_id":"0.0-9.0-0.20"},{"rt":9757,"url":"../static/nodeGraphs.html","edge":"3to6","edgeRT":"6618","skip":"false","flipped":"False","index":"21","edgeClickLog":"[{\"edgeSelection\":\"3to6\",\"edgeRTMS\":6618}]","trial_id":"test_1","congruency":"I","task":"experiment","subjectId":"tnwvxjgc1xuubez","trial_type":"external-html","trial_index":29,"time_elapsed":491930,"internal_node_id":"0.0-9.0-0.21"},{"rt":30021,"url":"../static/nodeGraphs.html","edge":"3to6","edgeRT":"20118","skip":"true","flipped":"False","index":"22","edgeClickLog":"[{\"edgeSelection\":\"3to6\",\"edgeRTMS\":20118}]","trial_id":"test_2","congruency":"I","task":"experiment","subjectId":"tnwvxjgc1xuubez","trial_type":"external-html","trial_index":30,"time_elapsed":522537,"internal_node_id":"0.0-9.0-0.22"},{"rt":14504,"url":"../static/nodeGraphs.html","edge":"1to5","edgeRT":"10122","skip":"false","flipped":"False","index":"23","edgeClickLog":"[{\"edgeSelection\":\"1to5\",\"edgeRTMS\":10122}]","trial_id":"test_3","congruency":"I","task":"experiment","subjectId":"tnwvxjgc1xuubez","trial_type":"external-html","trial_index":31,"time_elapsed":537631,"internal_node_id":"0.0-9.0-0.23"},{"rt":13494,"url":"../static/nodeGraphs.html","edge":"6to9","edgeRT":"12105","skip":"false","flipped":"False","index":"24","edgeClickLog":"[{\"edgeSelection\":\"6to9\",\"edgeRTMS\":12105}]","trial_id":"test_4","congruency":"I","task":"experiment","subjectId":"tnwvxjgc1xuubez","trial_type":"external-html","trial_index":32,"time_elapsed":551722,"internal_node_id":"0.0-9.0-0.24"},{"rt":33435,"response":{"P0_Q0":null,"P0_Q1":3,"P0_Q2":7,"P0_Q3":6,"P0_Q4":3,"P0_Q5":1,"strategies":"Tried to pick out the path that gave the most points between two spots","feedback":""},"accuracy":[],"trial_type":"survey","trial_index":33,"time_elapsed":585744,"internal_node_id":"0.0-10.0"},{"rt":2696,"stimulus":"<p>Thanks for your time!</p>        <p>We need to manually calculate your bonus pay, please give us up to 7 days.</p><p>Press any key to conclude.</p>","response":" ","task":"end","subjectId":"tnwvxjgc1xuubez","trial_type":"html-keyboard-response","trial_index":34,"time_elapsed":588442,"internal_node_id":"0.0-11.0","interactions":"[{\"event\":\"fullscreenenter\",\"trial\":1,\"time\":1828}]"}]