[{"success":true,"timeout":false,"failed_images":[],"failed_audio":[],"failed_video":[],"trial_type":"preload","trial_index":0,"time_elapsed":387,"internal_node_id":"0.0-0.0"},{"success":true,"trial_type":"fullscreen","trial_index":1,"time_elapsed":3128,"internal_node_id":"0.0-1.0"},{"rt":1715,"stimulus":"Welcome to the experiment. Press any key to begin.","response":"n","trial_type":"html-keyboard-response","trial_index":2,"time_elapsed":4845,"internal_node_id":"0.0-2.0"},{"view_history":[{"page_index":0,"viewing_time":2272},{"page_index":1,"viewing_time":3615},{"page_index":2,"viewing_time":18561},{"page_index":3,"viewing_time":1758},{"page_index":4,"viewing_time":1198},{"page_index":5,"viewing_time":1121},{"page_index":6,"viewing_time":2477},{"page_index":7,"viewing_time":10578},{"page_index":6,"viewing_time":756},{"page_index":7,"viewing_time":539},{"page_index":8,"viewing_time":8541},{"page_index":9,"viewing_time":10169},{"page_index":10,"viewing_time":1443},{"page_index":11,"viewing_time":819},{"page_index":12,"viewing_time":443},{"page_index":13,"viewing_time":1145},{"page_index":14,"viewing_time":1496},{"page_index":15,"viewing_time":3486},{"page_index":16,"viewing_time":1038},{"page_index":17,"viewing_time":1222},{"page_index":18,"viewing_time":776},{"page_index":19,"viewing_time":6188},{"page_index":20,"viewing_time":4223},{"page_index":21,"viewing_time":2833}],"rt":86698,"trial_type":"instructions","trial_index":3,"time_elapsed":91542,"internal_node_id":"0.0-3.0"},{"rt":51662,"url":"../static/nodeGraphsTraining.html","skip":[],"edgeClickLog":[],"trial_type":"external-html","trial_index":4,"time_elapsed":143355,"internal_node_id":"0.0-4.0"},{"rt":17663,"response":{"q1":"The goal is to help the student to get the most points","q2":"False","q3":"Possible paths you, as the teacher, can choose to teach the learner.","q4":"Paths that the student took before."},"question_order":[0,1,2,3],"trial_type":"survey-multi-choice","trial_index":5,"time_elapsed":161033,"internal_node_id":"0.0-5.0"},{"rt":null,"stimulus":"<p>You can take a 60 second break before starting the experiment.</p><br><br><p>This page will advance in 60 seconds or you can press any key to advance now.</p>","response":null,"trial_type":"html-keyboard-response","trial_index":6,"time_elapsed":221056,"internal_node_id":"0.0-7.0"},{"view_history":[{"page_index":0,"viewing_time":16582}],"rt":16582,"trial_type":"instructions","trial_index":7,"time_elapsed":237639,"internal_node_id":"0.0-8.0"},{"rt":7676,"url":"../static/nodeGraphs.html","edge":"6to8","edgeRT":"6322","skip":"false","flipped":"True","index":"16","edgeClickLog":"[{\"edgeSelection\":\"6to8\",\"edgeRTMS\":6322}]","trial_id":"incong_6_flipped","congruency":"I","task":"experiment","subjectId":"kxe8m922oqf5cfd","trial_type":"external-html","trial_index":8,"time_elapsed":245526,"internal_node_id":"0.0-9.0-0.0"},{"rt":5033,"url":"../static/nodeGraphs.html","edge":"2to4","edgeRT":"4026","skip":"false","flipped":"True","index":"13","edgeClickLog":"[{\"edgeSelection\":\"2to4\",\"edgeRTMS\":4026}]","trial_id":"incong_3_flipped","congruency":"I","task":"experiment","subjectId":"kxe8m922oqf5cfd","trial_type":"external-html","trial_index":9,"time_elapsed":251165,"internal_node_id":"0.0-9.0-0.1"},{"rt":5031,"url":"../static/nodeGraphs.html","edge":"5to9","edgeRT":"3839","skip":"false","flipped":"False","index":"9","edgeClickLog":"[{\"edgeSelection\":\"5to9\",\"edgeRTMS\":3839}]","trial_id":"incong_9","congruency":"I","task":"experiment","subjectId":"kxe8m922oqf5cfd","trial_type":"external-html","trial_index":10,"time_elapsed":256799,"internal_node_id":"0.0-9.0-0.2"},{"rt":4370,"url":"../static/nodeGraphs.html","edge":"4to8","edgeRT":"3501","skip":"false","flipped":"True","index":"17","edgeClickLog":"[{\"edgeSelection\":\"4to8\",\"edgeRTMS\":3501}]","trial_id":"incong_7_flipped","congruency":"I","task":"experiment","subjectId":"kxe8m922oqf5cfd","trial_type":"external-html","trial_index":11,"time_elapsed":261772,"internal_node_id":"0.0-9.0-0.3"},{"rt":3220,"url":"../static/nodeGraphs.html","edge":"4to8","edgeRT":"2397","skip":"false","flipped":"False","index":"6","edgeClickLog":"[{\"edgeSelection\":\"4to8\",\"edgeRTMS\":2397}]","trial_id":"incong_6","congruency":"I","task":"experiment","subjectId":"kxe8m922oqf5cfd","trial_type":"external-html","trial_index":12,"time_elapsed":265659,"internal_node_id":"0.0-9.0-0.4"},{"rt":3318,"url":"../static/nodeGraphs.html","edge":"4to8","edgeRT":"2405","skip":"false","flipped":"True","index":"15","edgeClickLog":"[{\"edgeSelection\":\"4to8\",\"edgeRTMS\":2405}]","trial_id":"incong_5_flipped","congruency":"I","task":"experiment","subjectId":"kxe8m922oqf5cfd","trial_type":"external-html","trial_index":13,"time_elapsed":269644,"internal_node_id":"0.0-9.0-0.5"},{"rt":2523,"url":"../static/nodeGraphs.html","edge":"5to7","edgeRT":"1652","skip":"false","flipped":"True","index":"14","edgeClickLog":"[{\"edgeSelection\":\"5to7\",\"edgeRTMS\":1652}]","trial_id":"incong_4_flipped","congruency":"I","task":"experiment","subjectId":"kxe8m922oqf5cfd","trial_type":"external-html","trial_index":14,"time_elapsed":272765,"internal_node_id":"0.0-9.0-0.6"},{"rt":4525,"url":"../static/nodeGraphs.html","edge":"1to5","edgeRT":"3173","skip":"false","flipped":"False","index":"8","edgeClickLog":"[{\"edgeSelection\":\"1to5\",\"edgeRTMS\":3173}]","trial_id":"incong_8","congruency":"I","task":"experiment","subjectId":"kxe8m922oqf5cfd","trial_type":"external-html","trial_index":15,"time_elapsed":277900,"internal_node_id":"0.0-9.0-0.7"},{"rt":4805,"url":"../static/nodeGraphs.html","edge":"2to4","edgeRT":"3358","skip":"false","flipped":"False","index":"1","edgeClickLog":"[{\"edgeSelection\":\"1to5\",\"edgeRTMS\":2049},{\"edgeSelection\":\"2to4\",\"edgeRTMS\":3358}]","trial_id":"incong_1","congruency":"I","task":"experiment","subjectId":"kxe8m922oqf5cfd","trial_type":"external-html","trial_index":16,"time_elapsed":283312,"internal_node_id":"0.0-9.0-0.8"},{"rt":2824,"url":"../static/nodeGraphs.html","edge":"4to8","edgeRT":"1905","skip":"false","flipped":"False","index":"2","edgeClickLog":"[{\"edgeSelection\":\"4to8\",\"edgeRTMS\":1905}]","trial_id":"incong_2","congruency":"I","task":"experiment","subjectId":"kxe8m922oqf5cfd","trial_type":"external-html","trial_index":17,"time_elapsed":286803,"internal_node_id":"0.0-9.0-0.9"},{"rt":5437,"url":"../static/nodeGraphs.html","edge":"6to8","edgeRT":"4457","skip":"false","flipped":"False","index":"7","edgeClickLog":"[{\"edgeSelection\":\"6to8\",\"edgeRTMS\":3469},{\"edgeSelection\":\"6to8\",\"edgeRTMS\":4457}]","trial_id":"incong_7","congruency":"I","task":"experiment","subjectId":"kxe8m922oqf5cfd","trial_type":"external-html","trial_index":18,"time_elapsed":292932,"internal_node_id":"0.0-9.0-0.10"},{"rt":4155,"url":"../static/nodeGraphs.html","edge":"2to6","edgeRT":"3061","skip":"false","flipped":"True","index":"11","edgeClickLog":"[{\"edgeSelection\":\"2to6\",\"edgeRTMS\":3061}]","trial_id":"incong_1_flipped","congruency":"I","task":"experiment","subjectId":"kxe8m922oqf5cfd","trial_type":"external-html","trial_index":19,"time_elapsed":297708,"internal_node_id":"0.0-9.0-0.11"},{"rt":3280,"url":"../static/nodeGraphs.html","edge":"4to8","edgeRT":"2323","skip":"false","flipped":"False","index":"0","edgeClickLog":"[{\"edgeSelection\":\"4to8\",\"edgeRTMS\":2323}]","trial_id":"incong_0","congruency":"I","task":"experiment","subjectId":"kxe8m922oqf5cfd","trial_type":"external-html","trial_index":20,"time_elapsed":301596,"internal_node_id":"0.0-9.0-0.12"},{"rt":3613,"url":"../static/nodeGraphs.html","edge":"3to5","edgeRT":"2524","skip":"false","flipped":"True","index":"18","edgeClickLog":"[{\"edgeSelection\":\"3to5\",\"edgeRTMS\":2524}]","trial_id":"incong_8_flipped","congruency":"I","task":"experiment","subjectId":"kxe8m922oqf5cfd","trial_type":"external-html","trial_index":21,"time_elapsed":305822,"internal_node_id":"0.0-9.0-0.13"},{"rt":2333,"url":"../static/nodeGraphs.html","edge":"6to8","edgeRT":"1284","skip":"false","flipped":"True","index":"12","edgeClickLog":"[{\"edgeSelection\":\"6to8\",\"edgeRTMS\":1284}]","trial_id":"incong_2_flipped","congruency":"I","task":"experiment","subjectId":"kxe8m922oqf5cfd","trial_type":"external-html","trial_index":22,"time_elapsed":308754,"internal_node_id":"0.0-9.0-0.14"},{"rt":2920,"url":"../static/nodeGraphs.html","edge":"6to8","edgeRT":"2091","skip":"false","flipped":"True","index":"10","edgeClickLog":"[{\"edgeSelection\":\"6to8\",\"edgeRTMS\":2091}]","trial_id":"incong_0_flipped","congruency":"I","task":"experiment","subjectId":"kxe8m922oqf5cfd","trial_type":"external-html","trial_index":23,"time_elapsed":312281,"internal_node_id":"0.0-9.0-0.15"},{"rt":4030,"url":"../static/nodeGraphs.html","edge":"2to6","edgeRT":"3166","skip":"false","flipped":"False","index":"3","edgeClickLog":"[{\"edgeSelection\":\"2to6\",\"edgeRTMS\":3166}]","trial_id":"incong_3","congruency":"I","task":"experiment","subjectId":"kxe8m922oqf5cfd","trial_type":"external-html","trial_index":24,"time_elapsed":316980,"internal_node_id":"0.0-9.0-0.16"},{"rt":2931,"url":"../static/nodeGraphs.html","edge":"5to7","edgeRT":"2148","skip":"false","flipped":"True","index":"19","edgeClickLog":"[{\"edgeSelection\":\"5to7\",\"edgeRTMS\":2148}]","trial_id":"incong_9_flipped","congruency":"I","task":"experiment","subjectId":"kxe8m922oqf5cfd","trial_type":"external-html","trial_index":25,"time_elapsed":320523,"internal_node_id":"0.0-9.0-0.17"},{"rt":5154,"url":"../static/nodeGraphs.html","edge":"5to9","edgeRT":"4289","skip":"false","flipped":"False","index":"4","edgeClickLog":"[{\"edgeSelection\":\"6to8\",\"edgeRTMS\":2673},{\"edgeSelection\":\"5to9\",\"edgeRTMS\":4289}]","trial_id":"incong_4","congruency":"I","task":"experiment","subjectId":"kxe8m922oqf5cfd","trial_type":"external-html","trial_index":26,"time_elapsed":326366,"internal_node_id":"0.0-9.0-0.18"},{"rt":3018,"url":"../static/nodeGraphs.html","edge":"4to8","edgeRT":"2108","skip":"false","flipped":"False","index":"5","edgeClickLog":"[{\"edgeSelection\":\"4to8\",\"edgeRTMS\":2108}]","trial_id":"incong_5","congruency":"I","task":"experiment","subjectId":"kxe8m922oqf5cfd","trial_type":"external-html","trial_index":27,"time_elapsed":330002,"internal_node_id":"0.0-9.0-0.19"},{"rt":8110,"url":"../static/nodeGraphs.html","edge":"6to8","edgeRT":"7204","skip":"false","flipped":"False","index":"20","edgeClickLog":"[{\"edgeSelection\":\"6to8\",\"edgeRTMS\":7204}]","trial_id":"test_0","congruency":"I","task":"experiment","subjectId":"kxe8m922oqf5cfd","trial_type":"external-html","trial_index":28,"time_elapsed":338710,"internal_node_id":"0.0-9.0-0.20"},{"rt":7544,"url":"../static/nodeGraphs.html","edge":"2to6","edgeRT":"3864","skip":"false","flipped":"False","index":"21","edgeClickLog":"[{\"edgeSelection\":\"2to6\",\"edgeRTMS\":3864}]","trial_id":"test_1","congruency":"I","task":"experiment","subjectId":"kxe8m922oqf5cfd","trial_type":"external-html","trial_index":29,"time_elapsed":346865,"internal_node_id":"0.0-9.0-0.21"},{"rt":3898,"url":"../static/nodeGraphs.html","edge":"5to7","edgeRT":"3053","skip":"false","flipped":"False","index":"22","edgeClickLog":"[{\"edgeSelection\":\"5to7\",\"edgeRTMS\":3053}]","trial_id":"test_2","congruency":"I","task":"experiment","subjectId":"kxe8m922oqf5cfd","trial_type":"external-html","trial_index":30,"time_elapsed":351811,"internal_node_id":"0.0-9.0-0.22"},{"rt":4937,"url":"../static/nodeGraphs.html","edge":"1to5","edgeRT":"4020","skip":"false","flipped":"False","index":"23","edgeClickLog":"[{\"edgeSelection\":\"1to5\",\"edgeRTMS\":4020}]","trial_id":"test_3","congruency":"I","task":"experiment","subjectId":"kxe8m922oqf5cfd","trial_type":"external-html","trial_index":31,"time_elapsed":357445,"internal_node_id":"0.0-9.0-0.23"},{"rt":3262,"url":"../static/nodeGraphs.html","edge":"6to9","edgeRT":"2167","skip":"false","flipped":"False","index":"24","edgeClickLog":"[{\"edgeSelection\":\"6to9\",\"edgeRTMS\":2167}]","trial_id":"test_4","congruency":"I","task":"experiment","subjectId":"kxe8m922oqf5cfd","trial_type":"external-html","trial_index":32,"time_elapsed":361332,"internal_node_id":"0.0-9.0-0.24"},{"rt":21323,"response":{"P0_Q0":null,"P0_Q1":2,"P0_Q2":4,"P0_Q3":4,"P0_Q4":2,"P0_Q5":2,"strategies":"higher numbers","feedback":"no"},"accuracy":[],"trial_type":"survey","trial_index":33,"time_elapsed":383265,"internal_node_id":"0.0-10.0"},{"rt":2464,"stimulus":"<p>Thanks for your time!</p>        <p>We need to manually calculate your bonus pay, please give us up to 7 days.</p><p>Press any key to conclude.</p>","response":"n","task":"end","subjectId":"kxe8m922oqf5cfd","trial_type":"html-keyboard-response","trial_index":34,"time_elapsed":385734,"internal_node_id":"0.0-11.0","interactions":"[{\"event\":\"fullscreenenter\",\"trial\":1,\"time\":2143}]"}]