[{"success":true,"timeout":false,"failed_images":[],"failed_audio":[],"failed_video":[],"trial_type":"preload","trial_index":0,"time_elapsed":589,"internal_node_id":"0.0-0.0"},{"success":true,"trial_type":"fullscreen","trial_index":1,"time_elapsed":5014,"internal_node_id":"0.0-1.0"},{"rt":2005,"stimulus":"Welcome to the experiment. Press any key to begin.","response":" ","trial_type":"html-keyboard-response","trial_index":2,"time_elapsed":7020,"internal_node_id":"0.0-2.0"},{"view_history":[{"page_index":0,"viewing_time":3793},{"page_index":1,"viewing_time":3912},{"page_index":2,"viewing_time":21604},{"page_index":3,"viewing_time":5283},{"page_index":4,"viewing_time":1600},{"page_index":5,"viewing_time":697},{"page_index":6,"viewing_time":2407},{"page_index":7,"viewing_time":8175},{"page_index":8,"viewing_time":15463},{"page_index":9,"viewing_time":8548},{"page_index":10,"viewing_time":1232},{"page_index":11,"viewing_time":620},{"page_index":12,"viewing_time":812},{"page_index":13,"viewing_time":1576},{"page_index":14,"viewing_time":1924},{"page_index":15,"viewing_time":5381},{"page_index":16,"viewing_time":179271},{"page_index":17,"viewing_time":512},{"page_index":18,"viewing_time":576},{"page_index":19,"viewing_time":1336},{"page_index":20,"viewing_time":3184},{"page_index":21,"viewing_time":2928}],"rt":270831,"trial_type":"instructions","trial_index":3,"time_elapsed":277852,"internal_node_id":"0.0-3.0"},{"rt":54764,"url":"../static/nodeGraphsTraining.html","skip":[],"edgeClickLog":[],"trial_type":"external-html","trial_index":4,"time_elapsed":332699,"internal_node_id":"0.0-4.0"},{"rt":26454,"response":{"q1":"The goal is to help the student to get the most points","q2":"False","q3":"Possible paths you, as the teacher, can choose to teach the learner.","q4":"Paths that the student took before."},"question_order":[0,1,2,3],"trial_type":"survey-multi-choice","trial_index":5,"time_elapsed":359156,"internal_node_id":"0.0-5.0"},{"rt":17614,"stimulus":"<p>You can take a 60 second break before starting the experiment.</p><br><br><p>This page will advance in 60 seconds or you can press any key to advance now.</p>","response":"arrowright","trial_type":"html-keyboard-response","trial_index":6,"time_elapsed":376772,"internal_node_id":"0.0-7.0"},{"view_history":[{"page_index":0,"viewing_time":22799}],"rt":22799,"trial_type":"instructions","trial_index":7,"time_elapsed":399572,"internal_node_id":"0.0-8.0"},{"rt":6889,"url":"../static/nodeGraphs.html","edge":"2to4","edgeRT":"5817","skip":"false","flipped":"False","index":"4","edgeClickLog":"[{\"edgeSelection\":\"2to4\",\"edgeRTMS\":5817}]","trial_id":"cong_4","congruency":"C","task":"experiment","subjectId":"205cs1fjuujxlpt","trial_type":"external-html","trial_index":8,"time_elapsed":406500,"internal_node_id":"0.0-9.0-0.0"},{"rt":11117,"url":"../static/nodeGraphs.html","edge":"0to3","edgeRT":"10105","skip":"false","flipped":"True","index":"15","edgeClickLog":"[{\"edgeSelection\":\"0to3\",\"edgeRTMS\":10105}]","trial_id":"cong_5_flipped","congruency":"C","task":"experiment","subjectId":"205cs1fjuujxlpt","trial_type":"external-html","trial_index":9,"time_elapsed":418164,"internal_node_id":"0.0-9.0-0.1"},{"rt":5752,"url":"../static/nodeGraphs.html","edge":"1to4","edgeRT":"4476","skip":"false","flipped":"False","index":"0","edgeClickLog":"[{\"edgeSelection\":\"1to4\",\"edgeRTMS\":4476}]","trial_id":"cong_0","congruency":"C","task":"experiment","subjectId":"205cs1fjuujxlpt","trial_type":"external-html","trial_index":10,"time_elapsed":424460,"internal_node_id":"0.0-9.0-0.2"},{"rt":2615,"url":"../static/nodeGraphs.html","edge":"2to5","edgeRT":"1869","skip":"false","flipped":"False","index":"6","edgeClickLog":"[{\"edgeSelection\":\"2to5\",\"edgeRTMS\":1869}]","trial_id":"cong_6","congruency":"C","task":"experiment","subjectId":"205cs1fjuujxlpt","trial_type":"external-html","trial_index":11,"time_elapsed":427620,"internal_node_id":"0.0-9.0-0.3"},{"rt":7171,"url":"../static/nodeGraphs.html","edge":"5to7","edgeRT":"5742","skip":"false","flipped":"True","index":"12","edgeClickLog":"[{\"edgeSelection\":\"2to5\",\"edgeRTMS\":4540},{\"edgeSelection\":\"5to7\",\"edgeRTMS\":5742}]","trial_id":"cong_2_flipped","congruency":"C","task":"experiment","subjectId":"205cs1fjuujxlpt","trial_type":"external-html","trial_index":12,"time_elapsed":435340,"internal_node_id":"0.0-9.0-0.4"},{"rt":4650,"url":"../static/nodeGraphs.html","edge":"2to6","edgeRT":"2348","skip":"false","flipped":"False","index":"1","edgeClickLog":"[{\"edgeSelection\":\"2to6\",\"edgeRTMS\":2348}]","trial_id":"cong_1","congruency":"C","task":"experiment","subjectId":"205cs1fjuujxlpt","trial_type":"external-html","trial_index":13,"time_elapsed":440532,"internal_node_id":"0.0-9.0-0.5"},{"rt":7873,"url":"../static/nodeGraphs.html","edge":"5to7","edgeRT":"5976","skip":"false","flipped":"True","index":"13","edgeClickLog":"[{\"edgeSelection\":\"5to7\",\"edgeRTMS\":5976}]","trial_id":"cong_3_flipped","congruency":"C","task":"experiment","subjectId":"205cs1fjuujxlpt","trial_type":"external-html","trial_index":14,"time_elapsed":448948,"internal_node_id":"0.0-9.0-0.6"},{"rt":4091,"url":"../static/nodeGraphs.html","edge":"2to5","edgeRT":"2603","skip":"false","flipped":"False","index":"9","edgeClickLog":"[{\"edgeSelection\":\"2to5\",\"edgeRTMS\":2603}]","trial_id":"cong_9","congruency":"C","task":"experiment","subjectId":"205cs1fjuujxlpt","trial_type":"external-html","trial_index":15,"time_elapsed":453588,"internal_node_id":"0.0-9.0-0.7"},{"rt":2483,"url":"../static/nodeGraphs.html","edge":"2to6","edgeRT":"1411","skip":"false","flipped":"True","index":"14","edgeClickLog":"[{\"edgeSelection\":\"2to6\",\"edgeRTMS\":1411}]","trial_id":"cong_4_flipped","congruency":"C","task":"experiment","subjectId":"205cs1fjuujxlpt","trial_type":"external-html","trial_index":16,"time_elapsed":456628,"internal_node_id":"0.0-9.0-0.8"},{"rt":5528,"url":"../static/nodeGraphs.html","edge":"6to9","edgeRT":"3475","skip":"false","flipped":"True","index":"18","edgeClickLog":"[{\"edgeSelection\":\"6to9\",\"edgeRTMS\":3475}]","trial_id":"cong_8_flipped","congruency":"C","task":"experiment","subjectId":"205cs1fjuujxlpt","trial_type":"external-html","trial_index":17,"time_elapsed":462700,"internal_node_id":"0.0-9.0-0.9"},{"rt":2714,"url":"../static/nodeGraphs.html","edge":"2to5","edgeRT":"1912","skip":"false","flipped":"True","index":"19","edgeClickLog":"[{\"edgeSelection\":\"2to5\",\"edgeRTMS\":1912}]","trial_id":"cong_9_flipped","congruency":"C","task":"experiment","subjectId":"205cs1fjuujxlpt","trial_type":"external-html","trial_index":18,"time_elapsed":465956,"internal_node_id":"0.0-9.0-0.10"},{"rt":4401,"url":"../static/nodeGraphs.html","edge":"3to5","edgeRT":"1264","skip":"false","flipped":"False","index":"3","edgeClickLog":"[{\"edgeSelection\":\"3to5\",\"edgeRTMS\":1264}]","trial_id":"cong_3","congruency":"C","task":"experiment","subjectId":"205cs1fjuujxlpt","trial_type":"external-html","trial_index":19,"time_elapsed":470900,"internal_node_id":"0.0-9.0-0.11"},{"rt":2471,"url":"../static/nodeGraphs.html","edge":"2to4","edgeRT":"1407","skip":"false","flipped":"True","index":"11","edgeClickLog":"[{\"edgeSelection\":\"2to4\",\"edgeRTMS\":1407}]","trial_id":"cong_1_flipped","congruency":"C","task":"experiment","subjectId":"205cs1fjuujxlpt","trial_type":"external-html","trial_index":20,"time_elapsed":473916,"internal_node_id":"0.0-9.0-0.12"},{"rt":5448,"url":"../static/nodeGraphs.html","edge":"5to9","edgeRT":"4468","skip":"false","flipped":"False","index":"2","edgeClickLog":"[{\"edgeSelection\":\"5to9\",\"edgeRTMS\":4468}]","trial_id":"cong_2","congruency":"C","task":"experiment","subjectId":"205cs1fjuujxlpt","trial_type":"external-html","trial_index":21,"time_elapsed":479916,"internal_node_id":"0.0-9.0-0.13"},{"rt":6090,"url":"../static/nodeGraphs.html","edge":"2to4","edgeRT":"4495","skip":"false","flipped":"False","index":"7","edgeClickLog":"[{\"edgeSelection\":\"2to4\",\"edgeRTMS\":4495}]","trial_id":"cong_7","congruency":"C","task":"experiment","subjectId":"205cs1fjuujxlpt","trial_type":"external-html","trial_index":22,"time_elapsed":486572,"internal_node_id":"0.0-9.0-0.14"},{"rt":4552,"url":"../static/nodeGraphs.html","edge":"3to6","edgeRT":"3483","skip":"false","flipped":"True","index":"10","edgeClickLog":"[{\"edgeSelection\":\"2to6\",\"edgeRTMS\":1371},{\"edgeSelection\":\"3to6\",\"edgeRTMS\":3483}]","trial_id":"cong_0_flipped","congruency":"C","task":"experiment","subjectId":"205cs1fjuujxlpt","trial_type":"external-html","trial_index":23,"time_elapsed":491668,"internal_node_id":"0.0-9.0-0.15"},{"rt":5922,"url":"../static/nodeGraphs.html","edge":"2to5","edgeRT":"2215","skip":"false","flipped":"True","index":"16","edgeClickLog":"[{\"edgeSelection\":\"2to5\",\"edgeRTMS\":2215}]","trial_id":"cong_6_flipped","congruency":"C","task":"experiment","subjectId":"205cs1fjuujxlpt","trial_type":"external-html","trial_index":24,"time_elapsed":498148,"internal_node_id":"0.0-9.0-0.16"},{"rt":15586,"url":"../static/nodeGraphs.html","edge":"2to6","edgeRT":"14209","skip":"false","flipped":"True","index":"17","edgeClickLog":"[{\"edgeSelection\":\"3to5\",\"edgeRTMS\":12932},{\"edgeSelection\":\"3to5\",\"edgeRTMS\":13509},{\"edgeSelection\":\"2to6\",\"edgeRTMS\":14209}]","trial_id":"cong_7_flipped","congruency":"C","task":"experiment","subjectId":"205cs1fjuujxlpt","trial_type":"external-html","trial_index":25,"time_elapsed":514284,"internal_node_id":"0.0-9.0-0.17"},{"rt":6559,"url":"../static/nodeGraphs.html","edge":"4to7","edgeRT":"4750","skip":"false","flipped":"False","index":"8","edgeClickLog":"[{\"edgeSelection\":\"1to4\",\"edgeRTMS\":3171},{\"edgeSelection\":\"4to7\",\"edgeRTMS\":4105},{\"edgeSelection\":\"4to7\",\"edgeRTMS\":4750}]","trial_id":"cong_8","congruency":"C","task":"experiment","subjectId":"205cs1fjuujxlpt","trial_type":"external-html","trial_index":26,"time_elapsed":521388,"internal_node_id":"0.0-9.0-0.18"},{"rt":6512,"url":"../static/nodeGraphs.html","edge":"1to4","edgeRT":"5192","skip":"false","flipped":"False","index":"5","edgeClickLog":"[{\"edgeSelection\":\"1to4\",\"edgeRTMS\":5192}]","trial_id":"cong_5","congruency":"C","task":"experiment","subjectId":"205cs1fjuujxlpt","trial_type":"external-html","trial_index":27,"time_elapsed":528444,"internal_node_id":"0.0-9.0-0.19"},{"rt":6449,"url":"../static/nodeGraphs.html","edge":"6to8","edgeRT":"5489","skip":"false","flipped":"False","index":"20","edgeClickLog":"[{\"edgeSelection\":\"2to6\",\"edgeRTMS\":1566},{\"edgeSelection\":\"6to8\",\"edgeRTMS\":5489}]","trial_id":"test_0","congruency":"I","task":"experiment","subjectId":"205cs1fjuujxlpt","trial_type":"external-html","trial_index":28,"time_elapsed":535436,"internal_node_id":"0.0-9.0-0.20"},{"rt":3852,"url":"../static/nodeGraphs.html","edge":"3to6","edgeRT":"2452","skip":"false","flipped":"False","index":"21","edgeClickLog":"[{\"edgeSelection\":\"3to6\",\"edgeRTMS\":2452}]","trial_id":"test_1","congruency":"I","task":"experiment","subjectId":"205cs1fjuujxlpt","trial_type":"external-html","trial_index":29,"time_elapsed":539828,"internal_node_id":"0.0-9.0-0.21"},{"rt":8278,"url":"../static/nodeGraphs.html","edge":"0to3","edgeRT":"7018","skip":"false","flipped":"False","index":"22","edgeClickLog":"[{\"edgeSelection\":\"3to6\",\"edgeRTMS\":1666},{\"edgeSelection\":\"0to3\",\"edgeRTMS\":5081},{\"edgeSelection\":\"0to3\",\"edgeRTMS\":7018}]","trial_id":"test_2","congruency":"I","task":"experiment","subjectId":"205cs1fjuujxlpt","trial_type":"external-html","trial_index":30,"time_elapsed":548644,"internal_node_id":"0.0-9.0-0.22"},{"rt":3183,"url":"../static/nodeGraphs.html","edge":"1to5","edgeRT":"1503","skip":"false","flipped":"False","index":"23","edgeClickLog":"[{\"edgeSelection\":\"1to5\",\"edgeRTMS\":1503}]","trial_id":"test_3","congruency":"I","task":"experiment","subjectId":"205cs1fjuujxlpt","trial_type":"external-html","trial_index":31,"time_elapsed":552372,"internal_node_id":"0.0-9.0-0.23"},{"rt":4105,"url":"../static/nodeGraphs.html","edge":"1to5","edgeRT":"3030","skip":"false","flipped":"False","index":"24","edgeClickLog":"[{\"edgeSelection\":\"1to5\",\"edgeRTMS\":3030}]","trial_id":"test_4","congruency":"I","task":"experiment","subjectId":"205cs1fjuujxlpt","trial_type":"external-html","trial_index":32,"time_elapsed":557019,"internal_node_id":"0.0-9.0-0.24"},{"rt":42726,"response":{"P0_Q0":null,"P0_Q1":7,"P0_Q2":7,"P0_Q3":6,"P0_Q4":6,"P0_Q5":1,"strategies":"the path that would most likely help the student pick the highest paying route","feedback":"No"},"accuracy":[],"trial_type":"survey","trial_index":33,"time_elapsed":600314,"internal_node_id":"0.0-10.0"},{"rt":6533,"stimulus":"<p>Thanks for your time!</p>        <p>We need to manually calculate your bonus pay, please give us up to 7 days.</p><p>Press any key to conclude.</p>","response":" ","task":"end","subjectId":"205cs1fjuujxlpt","trial_type":"html-keyboard-response","trial_index":34,"time_elapsed":606851,"internal_node_id":"0.0-11.0","interactions":"[{\"event\":\"fullscreenenter\",\"trial\":1,\"time\":4035},{\"event\":\"fullscreenexit\",\"trial\":2,\"time\":5411},{\"event\":\"blur\",\"trial\":6,\"time\":369981},{\"event\":\"focus\",\"trial\":6,\"time\":370920},{\"event\":\"blur\",\"trial\":6,\"time\":371463},{\"event\":\"focus\",\"trial\":6,\"time\":375085},{\"event\":\"blur\",\"trial\":9,\"time\":416029},{\"event\":\"focus\",\"trial\":9,\"time\":416029},{\"event\":\"blur\",\"trial\":30,\"time\":544172},{\"event\":\"focus\",\"trial\":30,\"time\":544172}]"}]