[{"success":true,"timeout":false,"failed_images":[],"failed_audio":[],"failed_video":[],"trial_type":"preload","trial_index":0,"time_elapsed":387,"internal_node_id":"0.0-0.0"},{"success":true,"trial_type":"fullscreen","trial_index":1,"time_elapsed":3781,"internal_node_id":"0.0-1.0"},{"rt":1799,"stimulus":"Welcome to the experiment. Press any key to begin.","response":" ","trial_type":"html-keyboard-response","trial_index":2,"time_elapsed":5581,"internal_node_id":"0.0-2.0"},{"view_history":[{"page_index":0,"viewing_time":3642},{"page_index":1,"viewing_time":5059},{"page_index":2,"viewing_time":26466},{"page_index":3,"viewing_time":2193},{"page_index":4,"viewing_time":1272},{"page_index":5,"viewing_time":714},{"page_index":6,"viewing_time":3381},{"page_index":7,"viewing_time":10423},{"page_index":8,"viewing_time":21374},{"page_index":9,"viewing_time":8787},{"page_index":10,"viewing_time":1274},{"page_index":11,"viewing_time":603},{"page_index":12,"viewing_time":439},{"page_index":13,"viewing_time":2064},{"page_index":14,"viewing_time":4098},{"page_index":15,"viewing_time":6970},{"page_index":16,"viewing_time":1715},{"page_index":17,"viewing_time":799},{"page_index":18,"viewing_time":582},{"page_index":19,"viewing_time":5598},{"page_index":20,"viewing_time":5675},{"page_index":21,"viewing_time":5218}],"rt":118346,"trial_type":"instructions","trial_index":3,"time_elapsed":123930,"internal_node_id":"0.0-3.0"},{"rt":73021,"url":"../static/nodeGraphsTraining.html","skip":[],"edgeClickLog":[],"trial_type":"external-html","trial_index":4,"time_elapsed":197045,"internal_node_id":"0.0-4.0"},{"rt":35902,"response":{"q1":"The goal is to help the student to get the most points","q2":"False","q3":"Possible paths you, as the teacher, can choose to teach the learner.","q4":"Paths that the student took before."},"question_order":[0,1,2,3],"trial_type":"survey-multi-choice","trial_index":5,"time_elapsed":232956,"internal_node_id":"0.0-5.0"},{"rt":4860,"stimulus":"<p>You can take a 60 second break before starting the experiment.</p><br><br><p>This page will advance in 60 seconds or you can press any key to advance now.</p>","response":" ","trial_type":"html-keyboard-response","trial_index":6,"time_elapsed":237821,"internal_node_id":"0.0-7.0"},{"view_history":[{"page_index":0,"viewing_time":24430}],"rt":24430,"trial_type":"instructions","trial_index":7,"time_elapsed":262252,"internal_node_id":"0.0-8.0"},{"rt":16495,"url":"../static/nodeGraphs.html","edge":"1to5","edgeRT":"14186","skip":"false","flipped":"True","index":"13","edgeClickLog":"[{\"edgeSelection\":\"1to5\",\"edgeRTMS\":14186}]","trial_id":"cong_3_flipped","congruency":"C","task":"experiment","subjectId":"sa94d06gzfvesty","trial_type":"external-html","trial_index":8,"time_elapsed":278829,"internal_node_id":"0.0-9.0-0.0"},{"rt":8271,"url":"../static/nodeGraphs.html","edge":"0to3","edgeRT":"7150","skip":"false","flipped":"True","index":"15","edgeClickLog":"[{\"edgeSelection\":\"0to3\",\"edgeRTMS\":7150}]","trial_id":"cong_5_flipped","congruency":"C","task":"experiment","subjectId":"sa94d06gzfvesty","trial_type":"external-html","trial_index":9,"time_elapsed":287686,"internal_node_id":"0.0-9.0-0.1"},{"rt":11128,"url":"../static/nodeGraphs.html","edge":"1to4","edgeRT":"8556","skip":"false","flipped":"False","index":"8","edgeClickLog":"[{\"edgeSelection\":\"1to4\",\"edgeRTMS\":8556}]","trial_id":"cong_8","congruency":"C","task":"experiment","subjectId":"sa94d06gzfvesty","trial_type":"external-html","trial_index":10,"time_elapsed":299401,"internal_node_id":"0.0-9.0-0.2"},{"rt":6774,"url":"../static/nodeGraphs.html","edge":"3to6","edgeRT":"4983","skip":"false","flipped":"True","index":"18","edgeClickLog":"[{\"edgeSelection\":\"3to6\",\"edgeRTMS\":4983}]","trial_id":"cong_8_flipped","congruency":"C","task":"experiment","subjectId":"sa94d06gzfvesty","trial_type":"external-html","trial_index":11,"time_elapsed":306771,"internal_node_id":"0.0-9.0-0.3"},{"rt":10205,"url":"../static/nodeGraphs.html","edge":"2to4","edgeRT":"8653","skip":"false","flipped":"True","index":"11","edgeClickLog":"[{\"edgeSelection\":\"2to4\",\"edgeRTMS\":8653}]","trial_id":"cong_1_flipped","congruency":"C","task":"experiment","subjectId":"sa94d06gzfvesty","trial_type":"external-html","trial_index":12,"time_elapsed":317566,"internal_node_id":"0.0-9.0-0.4"},{"rt":5797,"url":"../static/nodeGraphs.html","edge":"0to1","edgeRT":"3391","skip":"false","flipped":"False","index":"5","edgeClickLog":"[{\"edgeSelection\":\"0to1\",\"edgeRTMS\":3391}]","trial_id":"cong_5","congruency":"C","task":"experiment","subjectId":"sa94d06gzfvesty","trial_type":"external-html","trial_index":13,"time_elapsed":323950,"internal_node_id":"0.0-9.0-0.5"},{"rt":7202,"url":"../static/nodeGraphs.html","edge":"2to6","edgeRT":"4980","skip":"false","flipped":"False","index":"1","edgeClickLog":"[{\"edgeSelection\":\"2to6\",\"edgeRTMS\":4980}]","trial_id":"cong_1","congruency":"C","task":"experiment","subjectId":"sa94d06gzfvesty","trial_type":"external-html","trial_index":14,"time_elapsed":331771,"internal_node_id":"0.0-9.0-0.6"},{"rt":15854,"url":"../static/nodeGraphs.html","edge":"4to7","edgeRT":"11630","skip":"false","flipped":"False","index":"6","edgeClickLog":"[{\"edgeSelection\":\"4to7\",\"edgeRTMS\":11630}]","trial_id":"cong_6","congruency":"C","task":"experiment","subjectId":"sa94d06gzfvesty","trial_type":"external-html","trial_index":15,"time_elapsed":348215,"internal_node_id":"0.0-9.0-0.7"},{"rt":16591,"url":"../static/nodeGraphs.html","edge":"2to5","edgeRT":"14619","skip":"false","flipped":"False","index":"2","edgeClickLog":"[{\"edgeSelection\":\"2to5\",\"edgeRTMS\":14619}]","trial_id":"cong_2","congruency":"C","task":"experiment","subjectId":"sa94d06gzfvesty","trial_type":"external-html","trial_index":16,"time_elapsed":365395,"internal_node_id":"0.0-9.0-0.8"},{"rt":10480,"url":"../static/nodeGraphs.html","edge":"2to4","edgeRT":"7807","skip":"false","flipped":"False","index":"4","edgeClickLog":"[{\"edgeSelection\":\"2to4\",\"edgeRTMS\":7807}]","trial_id":"cong_4","congruency":"C","task":"experiment","subjectId":"sa94d06gzfvesty","trial_type":"external-html","trial_index":17,"time_elapsed":376475,"internal_node_id":"0.0-9.0-0.9"},{"rt":6014,"url":"../static/nodeGraphs.html","edge":"2to5","edgeRT":"4729","skip":"false","flipped":"True","index":"16","edgeClickLog":"[{\"edgeSelection\":\"2to5\",\"edgeRTMS\":4729}]","trial_id":"cong_6_flipped","congruency":"C","task":"experiment","subjectId":"sa94d06gzfvesty","trial_type":"external-html","trial_index":18,"time_elapsed":383092,"internal_node_id":"0.0-9.0-0.10"},{"rt":6266,"url":"../static/nodeGraphs.html","edge":"2to5","edgeRT":"3361","skip":"false","flipped":"False","index":"9","edgeClickLog":"[{\"edgeSelection\":\"2to5\",\"edgeRTMS\":3361}]","trial_id":"cong_9","congruency":"C","task":"experiment","subjectId":"sa94d06gzfvesty","trial_type":"external-html","trial_index":19,"time_elapsed":389961,"internal_node_id":"0.0-9.0-0.11"},{"rt":28257,"url":"../static/nodeGraphs.html","edge":"0to2","edgeRT":"26854","skip":"false","flipped":"True","index":"17","edgeClickLog":"[{\"edgeSelection\":\"0to2\",\"edgeRTMS\":26854}]","trial_id":"cong_7_flipped","congruency":"C","task":"experiment","subjectId":"sa94d06gzfvesty","trial_type":"external-html","trial_index":20,"time_elapsed":418805,"internal_node_id":"0.0-9.0-0.12"},{"rt":13316,"url":"../static/nodeGraphs.html","edge":"3to5","edgeRT":"12033","skip":"false","flipped":"False","index":"3","edgeClickLog":"[{\"edgeSelection\":\"3to5\",\"edgeRTMS\":12033}]","trial_id":"cong_3","congruency":"C","task":"experiment","subjectId":"sa94d06gzfvesty","trial_type":"external-html","trial_index":21,"time_elapsed":432709,"internal_node_id":"0.0-9.0-0.13"},{"rt":9181,"url":"../static/nodeGraphs.html","edge":"0to2","edgeRT":"7395","skip":"false","flipped":"False","index":"7","edgeClickLog":"[{\"edgeSelection\":\"0to2\",\"edgeRTMS\":7395}]","trial_id":"cong_7","congruency":"C","task":"experiment","subjectId":"sa94d06gzfvesty","trial_type":"external-html","trial_index":22,"time_elapsed":442469,"internal_node_id":"0.0-9.0-0.14"},{"rt":4249,"url":"../static/nodeGraphs.html","edge":"1to4","edgeRT":"2764","skip":"false","flipped":"False","index":"0","edgeClickLog":"[{\"edgeSelection\":\"1to4\",\"edgeRTMS\":2764}]","trial_id":"cong_0","congruency":"C","task":"experiment","subjectId":"sa94d06gzfvesty","trial_type":"external-html","trial_index":23,"time_elapsed":447315,"internal_node_id":"0.0-9.0-0.15"},{"rt":4927,"url":"../static/nodeGraphs.html","edge":"2to6","edgeRT":"2926","skip":"false","flipped":"True","index":"14","edgeClickLog":"[{\"edgeSelection\":\"2to6\",\"edgeRTMS\":2926}]","trial_id":"cong_4_flipped","congruency":"C","task":"experiment","subjectId":"sa94d06gzfvesty","trial_type":"external-html","trial_index":24,"time_elapsed":452830,"internal_node_id":"0.0-9.0-0.16"},{"rt":4614,"url":"../static/nodeGraphs.html","edge":"3to6","edgeRT":"3078","skip":"false","flipped":"True","index":"10","edgeClickLog":"[{\"edgeSelection\":\"3to6\",\"edgeRTMS\":3078}]","trial_id":"cong_0_flipped","congruency":"C","task":"experiment","subjectId":"sa94d06gzfvesty","trial_type":"external-html","trial_index":25,"time_elapsed":458027,"internal_node_id":"0.0-9.0-0.17"},{"rt":18211,"url":"../static/nodeGraphs.html","edge":"2to5","edgeRT":"16291","skip":"false","flipped":"True","index":"12","edgeClickLog":"[{\"edgeSelection\":\"2to5\",\"edgeRTMS\":16291}]","trial_id":"cong_2_flipped","congruency":"C","task":"experiment","subjectId":"sa94d06gzfvesty","trial_type":"external-html","trial_index":26,"time_elapsed":476828,"internal_node_id":"0.0-9.0-0.18"},{"rt":4423,"url":"../static/nodeGraphs.html","edge":"2to5","edgeRT":"2804","skip":"false","flipped":"True","index":"19","edgeClickLog":"[{\"edgeSelection\":\"2to5\",\"edgeRTMS\":2804}]","trial_id":"cong_9_flipped","congruency":"C","task":"experiment","subjectId":"sa94d06gzfvesty","trial_type":"external-html","trial_index":27,"time_elapsed":481841,"internal_node_id":"0.0-9.0-0.19"},{"rt":22798,"url":"../static/nodeGraphs.html","edge":"0to1","edgeRT":"21431","skip":"false","flipped":"False","index":"20","edgeClickLog":"[{\"edgeSelection\":\"0to1\",\"edgeRTMS\":21431}]","trial_id":"test_0","congruency":"I","task":"experiment","subjectId":"sa94d06gzfvesty","trial_type":"external-html","trial_index":28,"time_elapsed":505221,"internal_node_id":"0.0-9.0-0.20"},{"rt":4809,"url":"../static/nodeGraphs.html","edge":"0to3","edgeRT":"3241","skip":"false","flipped":"False","index":"21","edgeClickLog":"[{\"edgeSelection\":\"0to3\",\"edgeRTMS\":3241}]","trial_id":"test_1","congruency":"I","task":"experiment","subjectId":"sa94d06gzfvesty","trial_type":"external-html","trial_index":29,"time_elapsed":510618,"internal_node_id":"0.0-9.0-0.21"},{"rt":3918,"url":"../static/nodeGraphs.html","edge":"0to3","edgeRT":"2402","skip":"false","flipped":"False","index":"22","edgeClickLog":"[{\"edgeSelection\":\"0to3\",\"edgeRTMS\":2402}]","trial_id":"test_2","congruency":"I","task":"experiment","subjectId":"sa94d06gzfvesty","trial_type":"external-html","trial_index":30,"time_elapsed":515115,"internal_node_id":"0.0-9.0-0.22"},{"rt":10808,"url":"../static/nodeGraphs.html","edge":"0to1","edgeRT":"9576","skip":"false","flipped":"False","index":"23","edgeClickLog":"[{\"edgeSelection\":\"0to1\",\"edgeRTMS\":9576}]","trial_id":"test_3","congruency":"I","task":"experiment","subjectId":"sa94d06gzfvesty","trial_type":"external-html","trial_index":31,"time_elapsed":526512,"internal_node_id":"0.0-9.0-0.23"},{"rt":13268,"url":"../static/nodeGraphs.html","edge":"1to5","edgeRT":"11464","skip":"false","flipped":"False","index":"24","edgeClickLog":"[{\"edgeSelection\":\"1to5\",\"edgeRTMS\":11464}]","trial_id":"test_4","congruency":"I","task":"experiment","subjectId":"sa94d06gzfvesty","trial_type":"external-html","trial_index":32,"time_elapsed":540367,"internal_node_id":"0.0-9.0-0.24"},{"rt":61597,"response":{"P0_Q0":null,"P0_Q1":5,"P0_Q2":7,"P0_Q3":6,"P0_Q4":3,"P0_Q5":1,"strategies":"The path that is known to give more points. If not, the path that has the potential to unlock more points","feedback":"Very fun game to play"},"accuracy":[],"trial_type":"survey","trial_index":33,"time_elapsed":602574,"internal_node_id":"0.0-10.0"},{"rt":3522,"stimulus":"<p>Thanks for your time!</p>        <p>We need to manually calculate your bonus pay, please give us up to 7 days.</p><p>Press any key to conclude.</p>","response":" ","task":"end","subjectId":"sa94d06gzfvesty","trial_type":"html-keyboard-response","trial_index":34,"time_elapsed":606102,"internal_node_id":"0.0-11.0","interactions":"[{\"event\":\"fullscreenenter\",\"trial\":1,\"time\":2786}]"}]