[{"success":true,"timeout":false,"failed_images":[],"failed_audio":[],"failed_video":[],"trial_type":"preload","trial_index":0,"time_elapsed":981,"internal_node_id":"0.0-0.0"},{"success":true,"trial_type":"fullscreen","trial_index":1,"time_elapsed":60137,"internal_node_id":"0.0-1.0"},{"rt":9577,"stimulus":"Welcome to the experiment. Press any key to begin.","response":" ","trial_type":"html-keyboard-response","trial_index":2,"time_elapsed":69717,"internal_node_id":"0.0-2.0"},{"view_history":[{"page_index":0,"viewing_time":14733},{"page_index":1,"viewing_time":6024},{"page_index":2,"viewing_time":58895},{"page_index":3,"viewing_time":13012},{"page_index":4,"viewing_time":1499},{"page_index":5,"viewing_time":899},{"page_index":6,"viewing_time":3487},{"page_index":7,"viewing_time":14023},{"page_index":8,"viewing_time":27552},{"page_index":9,"viewing_time":183015},{"page_index":10,"viewing_time":1821},{"page_index":11,"viewing_time":904},{"page_index":12,"viewing_time":538},{"page_index":13,"viewing_time":1652},{"page_index":14,"viewing_time":30981},{"page_index":15,"viewing_time":13958},{"page_index":16,"viewing_time":861},{"page_index":17,"viewing_time":522},{"page_index":18,"viewing_time":960},{"page_index":19,"viewing_time":4380},{"page_index":20,"viewing_time":7822},{"page_index":21,"viewing_time":6069}],"rt":393608,"trial_type":"instructions","trial_index":3,"time_elapsed":463326,"internal_node_id":"0.0-3.0"},{"rt":212901,"url":"../static/nodeGraphsTraining.html","skip":[],"edgeClickLog":[],"trial_type":"external-html","trial_index":4,"time_elapsed":676576,"internal_node_id":"0.0-4.0"},{"rt":89124,"response":{"q1":"The goal is to help the student to get the most points","q2":"False","q3":"Possible paths you, as the teacher, can choose to teach the learner.","q4":"Paths that the student took before."},"question_order":[0,1,2,3],"trial_type":"survey-multi-choice","trial_index":5,"time_elapsed":765705,"internal_node_id":"0.0-5.0"},{"rt":20917,"stimulus":"<p>You can take a 60 second break before starting the experiment.</p><br><br><p>This page will advance in 60 seconds or you can press any key to advance now.</p>","response":"arrowright","trial_type":"html-keyboard-response","trial_index":6,"time_elapsed":786625,"internal_node_id":"0.0-7.0"},{"view_history":[{"page_index":0,"viewing_time":32227}],"rt":32228,"trial_type":"instructions","trial_index":7,"time_elapsed":818853,"internal_node_id":"0.0-8.0"},{"rt":13033,"url":"../static/nodeGraphs.html","edge":"2to5","edgeRT":"10637","skip":"false","flipped":"True","index":"14","edgeClickLog":"[{\"edgeSelection\":\"2to5\",\"edgeRTMS\":10637}]","trial_id":"incong_4_flipped","congruency":"I","task":"experiment","subjectId":"ue9hn2embf2fzkm","trial_type":"external-html","trial_index":8,"time_elapsed":832234,"internal_node_id":"0.0-9.0-0.0"},{"rt":12842,"url":"../static/nodeGraphs.html","edge":"2to6","edgeRT":"7850","skip":"false","flipped":"True","index":"15","edgeClickLog":"[{\"edgeSelection\":\"2to6\",\"edgeRTMS\":7850}]","trial_id":"incong_5_flipped","congruency":"I","task":"experiment","subjectId":"ue9hn2embf2fzkm","trial_type":"external-html","trial_index":9,"time_elapsed":845761,"internal_node_id":"0.0-9.0-0.1"},{"rt":25201,"url":"../static/nodeGraphs.html","edge":"6to8","edgeRT":"23256","skip":"false","flipped":"False","index":"1","edgeClickLog":"[{\"edgeSelection\":\"2to4\",\"edgeRTMS\":10241},{\"edgeSelection\":\"4to8\",\"edgeRTMS\":20910},{\"edgeSelection\":\"6to8\",\"edgeRTMS\":23256}]","trial_id":"incong_1","congruency":"I","task":"experiment","subjectId":"ue9hn2embf2fzkm","trial_type":"external-html","trial_index":10,"time_elapsed":871639,"internal_node_id":"0.0-9.0-0.2"},{"rt":10582,"url":"../static/nodeGraphs.html","edge":"2to5","edgeRT":"5524","skip":"false","flipped":"False","index":"4","edgeClickLog":"[{\"edgeSelection\":\"2to5\",\"edgeRTMS\":5524}]","trial_id":"incong_4","congruency":"I","task":"experiment","subjectId":"ue9hn2embf2fzkm","trial_type":"external-html","trial_index":11,"time_elapsed":882900,"internal_node_id":"0.0-9.0-0.3"},{"rt":7636,"url":"../static/nodeGraphs.html","edge":"0to1","edgeRT":"5887","skip":"false","flipped":"False","index":"6","edgeClickLog":"[{\"edgeSelection\":\"0to1\",\"edgeRTMS\":5887}]","trial_id":"incong_6","congruency":"I","task":"experiment","subjectId":"ue9hn2embf2fzkm","trial_type":"external-html","trial_index":12,"time_elapsed":891211,"internal_node_id":"0.0-9.0-0.4"},{"rt":9931,"url":"../static/nodeGraphs.html","edge":"1to4","edgeRT":"4891","skip":"false","flipped":"False","index":"0","edgeClickLog":"[{\"edgeSelection\":\"1to4\",\"edgeRTMS\":4891}]","trial_id":"incong_0","congruency":"I","task":"experiment","subjectId":"ue9hn2embf2fzkm","trial_type":"external-html","trial_index":13,"time_elapsed":901820,"internal_node_id":"0.0-9.0-0.5"},{"rt":14328,"url":"../static/nodeGraphs.html","edge":"5to9","edgeRT":"10293","skip":"false","flipped":"False","index":"9","edgeClickLog":"[{\"edgeSelection\":\"5to9\",\"edgeRTMS\":10293}]","trial_id":"incong_9","congruency":"I","task":"experiment","subjectId":"ue9hn2embf2fzkm","trial_type":"external-html","trial_index":14,"time_elapsed":916828,"internal_node_id":"0.0-9.0-0.6"},{"rt":9073,"url":"../static/nodeGraphs.html","edge":"0to3","edgeRT":"4212","skip":"false","flipped":"True","index":"16","edgeClickLog":"[{\"edgeSelection\":\"0to3\",\"edgeRTMS\":4212}]","trial_id":"incong_6_flipped","congruency":"I","task":"experiment","subjectId":"ue9hn2embf2fzkm","trial_type":"external-html","trial_index":15,"time_elapsed":926574,"internal_node_id":"0.0-9.0-0.7"},{"rt":16335,"url":"../static/nodeGraphs.html","edge":"4to8","edgeRT":"14549","skip":"false","flipped":"True","index":"11","edgeClickLog":"[{\"edgeSelection\":\"4to8\",\"edgeRTMS\":14549}]","trial_id":"incong_1_flipped","congruency":"I","task":"experiment","subjectId":"ue9hn2embf2fzkm","trial_type":"external-html","trial_index":16,"time_elapsed":943591,"internal_node_id":"0.0-9.0-0.8"},{"rt":8431,"url":"../static/nodeGraphs.html","edge":"0to3","edgeRT":"6657","skip":"false","flipped":"True","index":"12","edgeClickLog":"[{\"edgeSelection\":\"0to3\",\"edgeRTMS\":6657}]","trial_id":"incong_2_flipped","congruency":"I","task":"experiment","subjectId":"ue9hn2embf2fzkm","trial_type":"external-html","trial_index":17,"time_elapsed":952701,"internal_node_id":"0.0-9.0-0.9"},{"rt":7382,"url":"../static/nodeGraphs.html","edge":"0to1","edgeRT":"5330","skip":"false","flipped":"False","index":"8","edgeClickLog":"[{\"edgeSelection\":\"0to1\",\"edgeRTMS\":5330}]","trial_id":"incong_8","congruency":"I","task":"experiment","subjectId":"ue9hn2embf2fzkm","trial_type":"external-html","trial_index":18,"time_elapsed":960757,"internal_node_id":"0.0-9.0-0.10"},{"rt":5833,"url":"../static/nodeGraphs.html","edge":"0to2","edgeRT":"4193","skip":"false","flipped":"False","index":"7","edgeClickLog":"[{\"edgeSelection\":\"0to2\",\"edgeRTMS\":4193}]","trial_id":"incong_7","congruency":"I","task":"experiment","subjectId":"ue9hn2embf2fzkm","trial_type":"external-html","trial_index":19,"time_elapsed":967265,"internal_node_id":"0.0-9.0-0.11"},{"rt":11357,"url":"../static/nodeGraphs.html","edge":"0to2","edgeRT":"9150","skip":"false","flipped":"True","index":"13","edgeClickLog":"[{\"edgeSelection\":\"0to2\",\"edgeRTMS\":9150}]","trial_id":"incong_3_flipped","congruency":"I","task":"experiment","subjectId":"ue9hn2embf2fzkm","trial_type":"external-html","trial_index":20,"time_elapsed":979300,"internal_node_id":"0.0-9.0-0.12"},{"rt":8802,"url":"../static/nodeGraphs.html","edge":"3to6","edgeRT":"6865","skip":"false","flipped":"True","index":"19","edgeClickLog":"[{\"edgeSelection\":\"3to6\",\"edgeRTMS\":6865}]","trial_id":"incong_9_flipped","congruency":"I","task":"experiment","subjectId":"ue9hn2embf2fzkm","trial_type":"external-html","trial_index":21,"time_elapsed":988779,"internal_node_id":"0.0-9.0-0.13"},{"rt":8381,"url":"../static/nodeGraphs.html","edge":"0to2","edgeRT":"7032","skip":"false","flipped":"False","index":"3","edgeClickLog":"[{\"edgeSelection\":\"0to2\",\"edgeRTMS\":7032}]","trial_id":"incong_3","congruency":"I","task":"experiment","subjectId":"ue9hn2embf2fzkm","trial_type":"external-html","trial_index":22,"time_elapsed":997836,"internal_node_id":"0.0-9.0-0.14"},{"rt":8211,"url":"../static/nodeGraphs.html","edge":"2to4","edgeRT":"6580","skip":"false","flipped":"False","index":"5","edgeClickLog":"[{\"edgeSelection\":\"2to4\",\"edgeRTMS\":6580}]","trial_id":"incong_5","congruency":"I","task":"experiment","subjectId":"ue9hn2embf2fzkm","trial_type":"external-html","trial_index":23,"time_elapsed":1006724,"internal_node_id":"0.0-9.0-0.15"},{"rt":8782,"url":"../static/nodeGraphs.html","edge":"4to8","edgeRT":"7417","skip":"false","flipped":"False","index":"2","edgeClickLog":"[{\"edgeSelection\":\"4to8\",\"edgeRTMS\":7417}]","trial_id":"incong_2","congruency":"I","task":"experiment","subjectId":"ue9hn2embf2fzkm","trial_type":"external-html","trial_index":24,"time_elapsed":1016181,"internal_node_id":"0.0-9.0-0.16"},{"rt":7735,"url":"../static/nodeGraphs.html","edge":"5to8","edgeRT":"3189","skip":"false","flipped":"True","index":"17","edgeClickLog":"[{\"edgeSelection\":\"5to8\",\"edgeRTMS\":3189}]","trial_id":"incong_7_flipped","congruency":"I","task":"experiment","subjectId":"ue9hn2embf2fzkm","trial_type":"external-html","trial_index":25,"time_elapsed":1024589,"internal_node_id":"0.0-9.0-0.17"},{"rt":8204,"url":"../static/nodeGraphs.html","edge":"0to3","edgeRT":"4245","skip":"false","flipped":"True","index":"18","edgeClickLog":"[{\"edgeSelection\":\"0to3\",\"edgeRTMS\":4245}]","trial_id":"incong_8_flipped","congruency":"I","task":"experiment","subjectId":"ue9hn2embf2fzkm","trial_type":"external-html","trial_index":26,"time_elapsed":1033479,"internal_node_id":"0.0-9.0-0.18"},{"rt":18744,"url":"../static/nodeGraphs.html","edge":"0to1","edgeRT":"15373","skip":"false","flipped":"True","index":"10","edgeClickLog":"[{\"edgeSelection\":\"0to1\",\"edgeRTMS\":15079},{\"edgeSelection\":\"0to1\",\"edgeRTMS\":15373}]","trial_id":"incong_0_flipped","congruency":"I","task":"experiment","subjectId":"ue9hn2embf2fzkm","trial_type":"external-html","trial_index":27,"time_elapsed":1052903,"internal_node_id":"0.0-9.0-0.19"},{"rt":14385,"url":"../static/nodeGraphs.html","edge":"4to8","edgeRT":"12840","skip":"false","flipped":"False","index":"20","edgeClickLog":"[{\"edgeSelection\":\"0to1\",\"edgeRTMS\":3862},{\"edgeSelection\":\"4to8\",\"edgeRTMS\":12840}]","trial_id":"test_0","congruency":"I","task":"experiment","subjectId":"ue9hn2embf2fzkm","trial_type":"external-html","trial_index":28,"time_elapsed":1067974,"internal_node_id":"0.0-9.0-0.20"},{"rt":10706,"url":"../static/nodeGraphs.html","edge":"0to3","edgeRT":"4920","skip":"false","flipped":"False","index":"21","edgeClickLog":"[{\"edgeSelection\":\"0to3\",\"edgeRTMS\":4920}]","trial_id":"test_1","congruency":"I","task":"experiment","subjectId":"ue9hn2embf2fzkm","trial_type":"external-html","trial_index":29,"time_elapsed":1079361,"internal_node_id":"0.0-9.0-0.21"},{"rt":12018,"url":"../static/nodeGraphs.html","edge":"6to9","edgeRT":"8091","skip":"false","flipped":"False","index":"22","edgeClickLog":"[{\"edgeSelection\":\"6to9\",\"edgeRTMS\":8091}]","trial_id":"test_2","congruency":"I","task":"experiment","subjectId":"ue9hn2embf2fzkm","trial_type":"external-html","trial_index":30,"time_elapsed":1092058,"internal_node_id":"0.0-9.0-0.22"},{"rt":22217,"url":"../static/nodeGraphs.html","edge":"5to8","edgeRT":"19882","skip":"false","flipped":"False","index":"23","edgeClickLog":"[{\"edgeSelection\":\"0to1\",\"edgeRTMS\":15367},{\"edgeSelection\":\"5to8\",\"edgeRTMS\":19882}]","trial_id":"test_3","congruency":"I","task":"experiment","subjectId":"ue9hn2embf2fzkm","trial_type":"external-html","trial_index":31,"time_elapsed":1114952,"internal_node_id":"0.0-9.0-0.23"},{"rt":15798,"url":"../static/nodeGraphs.html","edge":"6to9","edgeRT":"14346","skip":"false","flipped":"False","index":"24","edgeClickLog":"[{\"edgeSelection\":\"6to9\",\"edgeRTMS\":14346}]","trial_id":"test_4","congruency":"I","task":"experiment","subjectId":"ue9hn2embf2fzkm","trial_type":"external-html","trial_index":32,"time_elapsed":1131708,"internal_node_id":"0.0-9.0-0.24"},{"rt":49614,"response":{"P0_Q0":null,"P0_Q1":2,"P0_Q2":6,"P0_Q3":6,"P0_Q4":2,"P0_Q5":1,"strategies":"best guess","feedback":"none"},"accuracy":[],"trial_type":"survey","trial_index":33,"time_elapsed":1181976,"internal_node_id":"0.0-10.0"},{"rt":20014,"stimulus":"<p>Thanks for your time!</p>        <p>We need to manually calculate your bonus pay, please give us up to 7 days.</p><p>Press any key to conclude.</p>","response":"arrowright","task":"end","subjectId":"ue9hn2embf2fzkm","trial_type":"html-keyboard-response","trial_index":34,"time_elapsed":1201995,"internal_node_id":"0.0-11.0","interactions":"[{\"event\":\"fullscreenenter\",\"trial\":1,\"time\":59157},{\"event\":\"blur\",\"trial\":27,\"time\":1041228},{\"event\":\"focus\",\"trial\":27,\"time\":1041239},{\"event\":\"fullscreenexit\",\"trial\":27,\"time\":1041243}]"}]