[{"success":true,"timeout":false,"failed_images":[],"failed_audio":[],"failed_video":[],"trial_type":"preload","trial_index":0,"time_elapsed":703,"internal_node_id":"0.0-0.0"},{"success":true,"trial_type":"fullscreen","trial_index":1,"time_elapsed":3714,"internal_node_id":"0.0-1.0"},{"rt":2271,"stimulus":"Welcome to the experiment. Press any key to begin.","response":" ","trial_type":"html-keyboard-response","trial_index":2,"time_elapsed":5987,"internal_node_id":"0.0-2.0"},{"view_history":[{"page_index":0,"viewing_time":5193},{"page_index":1,"viewing_time":9095},{"page_index":2,"viewing_time":27486},{"page_index":3,"viewing_time":4403},{"page_index":4,"viewing_time":1662},{"page_index":5,"viewing_time":896},{"page_index":6,"viewing_time":3512},{"page_index":7,"viewing_time":10513},{"page_index":8,"viewing_time":29519},{"page_index":9,"viewing_time":14218},{"page_index":10,"viewing_time":3578},{"page_index":11,"viewing_time":1393},{"page_index":12,"viewing_time":716},{"page_index":13,"viewing_time":1681},{"page_index":14,"viewing_time":4313},{"page_index":15,"viewing_time":5991},{"page_index":16,"viewing_time":1819},{"page_index":17,"viewing_time":753},{"page_index":18,"viewing_time":842},{"page_index":19,"viewing_time":6965},{"page_index":20,"viewing_time":18729},{"page_index":21,"viewing_time":10227}],"rt":163504,"trial_type":"instructions","trial_index":3,"time_elapsed":169492,"internal_node_id":"0.0-3.0"},{"rt":112787,"url":"../static/nodeGraphsTraining.html","skip":[],"edgeClickLog":[],"trial_type":"external-html","trial_index":4,"time_elapsed":282355,"internal_node_id":"0.0-4.0"},{"rt":22610,"response":{"q1":"The goal is to help the student to get the most points","q2":"False","q3":"Possible paths you, as the teacher, can choose to teach the learner.","q4":"Paths that the student took before."},"question_order":[0,1,2,3],"trial_type":"survey-multi-choice","trial_index":5,"time_elapsed":304971,"internal_node_id":"0.0-5.0"},{"rt":null,"stimulus":"<p>You can take a 60 second break before starting the experiment.</p><br><br><p>This page will advance in 60 seconds or you can press any key to advance now.</p>","response":null,"trial_type":"html-keyboard-response","trial_index":6,"time_elapsed":364982,"internal_node_id":"0.0-7.0"},{"view_history":[{"page_index":0,"viewing_time":25764}],"rt":25765,"trial_type":"instructions","trial_index":7,"time_elapsed":390749,"internal_node_id":"0.0-8.0"},{"rt":18710,"url":"../static/nodeGraphs.html","edge":"5to7","edgeRT":"16110","skip":"false","flipped":"True","index":"11","edgeClickLog":"[{\"edgeSelection\":\"2to4\",\"edgeRTMS\":8168},{\"edgeSelection\":\"4to7\",\"edgeRTMS\":9517},{\"edgeSelection\":\"5to8\",\"edgeRTMS\":15209},{\"edgeSelection\":\"5to7\",\"edgeRTMS\":16110}]","trial_id":"cong_1_flipped","congruency":"C","task":"experiment","subjectId":"1ortyeeyun1cmne","trial_type":"external-html","trial_index":8,"time_elapsed":409590,"internal_node_id":"0.0-9.0-0.0"},{"rt":21642,"url":"../static/nodeGraphs.html","edge":"4to7","edgeRT":"19372","skip":"false","flipped":"False","index":"6","edgeClickLog":"[{\"edgeSelection\":\"2to5\",\"edgeRTMS\":17632},{\"edgeSelection\":\"2to5\",\"edgeRTMS\":18450},{\"edgeSelection\":\"4to7\",\"edgeRTMS\":19372}]","trial_id":"cong_6","congruency":"C","task":"experiment","subjectId":"1ortyeeyun1cmne","trial_type":"external-html","trial_index":9,"time_elapsed":431812,"internal_node_id":"0.0-9.0-0.1"},{"rt":10991,"url":"../static/nodeGraphs.html","edge":"5to8","edgeRT":"9298","skip":"false","flipped":"True","index":"10","edgeClickLog":"[{\"edgeSelection\":\"5to9\",\"edgeRTMS\":7652},{\"edgeSelection\":\"5to8\",\"edgeRTMS\":9298}]","trial_id":"cong_0_flipped","congruency":"C","task":"experiment","subjectId":"1ortyeeyun1cmne","trial_type":"external-html","trial_index":10,"time_elapsed":443375,"internal_node_id":"0.0-9.0-0.2"},{"rt":9023,"url":"../static/nodeGraphs.html","edge":"6to9","edgeRT":"6843","skip":"false","flipped":"False","index":"3","edgeClickLog":"[{\"edgeSelection\":\"6to9\",\"edgeRTMS\":6843}]","trial_id":"cong_3","congruency":"C","task":"experiment","subjectId":"1ortyeeyun1cmne","trial_type":"external-html","trial_index":11,"time_elapsed":452967,"internal_node_id":"0.0-9.0-0.3"},{"rt":4486,"url":"../static/nodeGraphs.html","edge":"5to8","edgeRT":"2782","skip":"false","flipped":"True","index":"14","edgeClickLog":"[{\"edgeSelection\":\"5to8\",\"edgeRTMS\":2782}]","trial_id":"cong_4_flipped","congruency":"C","task":"experiment","subjectId":"1ortyeeyun1cmne","trial_type":"external-html","trial_index":12,"time_elapsed":458030,"internal_node_id":"0.0-9.0-0.4"},{"rt":9338,"url":"../static/nodeGraphs.html","edge":"4to8","edgeRT":"5915","skip":"false","flipped":"False","index":"2","edgeClickLog":"[{\"edgeSelection\":\"4to8\",\"edgeRTMS\":5915}]","trial_id":"cong_2","congruency":"C","task":"experiment","subjectId":"1ortyeeyun1cmne","trial_type":"external-html","trial_index":13,"time_elapsed":467953,"internal_node_id":"0.0-9.0-0.5"},{"rt":4895,"url":"../static/nodeGraphs.html","edge":"5to7","edgeRT":"3871","skip":"false","flipped":"False","index":"8","edgeClickLog":"[{\"edgeSelection\":\"5to7\",\"edgeRTMS\":3871}]","trial_id":"cong_8","congruency":"C","task":"experiment","subjectId":"1ortyeeyun1cmne","trial_type":"external-html","trial_index":14,"time_elapsed":473420,"internal_node_id":"0.0-9.0-0.6"},{"rt":7759,"url":"../static/nodeGraphs.html","edge":"6to8","edgeRT":"2819","skip":"false","flipped":"True","index":"15","edgeClickLog":"[{\"edgeSelection\":\"6to8\",\"edgeRTMS\":2819}]","trial_id":"cong_5_flipped","congruency":"C","task":"experiment","subjectId":"1ortyeeyun1cmne","trial_type":"external-html","trial_index":15,"time_elapsed":481756,"internal_node_id":"0.0-9.0-0.7"},{"rt":7126,"url":"../static/nodeGraphs.html","edge":"6to8","edgeRT":"6312","skip":"false","flipped":"False","index":"9","edgeClickLog":"[{\"edgeSelection\":\"6to8\",\"edgeRTMS\":6312}]","trial_id":"cong_9","congruency":"C","task":"experiment","subjectId":"1ortyeeyun1cmne","trial_type":"external-html","trial_index":16,"time_elapsed":489455,"internal_node_id":"0.0-9.0-0.8"},{"rt":5453,"url":"../static/nodeGraphs.html","edge":"5to8","edgeRT":"4422","skip":"false","flipped":"False","index":"4","edgeClickLog":"[{\"edgeSelection\":\"5to8\",\"edgeRTMS\":4422}]","trial_id":"cong_4","congruency":"C","task":"experiment","subjectId":"1ortyeeyun1cmne","trial_type":"external-html","trial_index":17,"time_elapsed":495484,"internal_node_id":"0.0-9.0-0.9"},{"rt":9404,"url":"../static/nodeGraphs.html","edge":"4to8","edgeRT":"7982","skip":"false","flipped":"False","index":"5","edgeClickLog":"[{\"edgeSelection\":\"4to8\",\"edgeRTMS\":7982}]","trial_id":"cong_5","congruency":"C","task":"experiment","subjectId":"1ortyeeyun1cmne","trial_type":"external-html","trial_index":18,"time_elapsed":505465,"internal_node_id":"0.0-9.0-0.10"},{"rt":5999,"url":"../static/nodeGraphs.html","edge":"4to7","edgeRT":"5008","skip":"false","flipped":"True","index":"13","edgeClickLog":"[{\"edgeSelection\":\"4to7\",\"edgeRTMS\":5008}]","trial_id":"cong_3_flipped","congruency":"C","task":"experiment","subjectId":"1ortyeeyun1cmne","trial_type":"external-html","trial_index":19,"time_elapsed":512043,"internal_node_id":"0.0-9.0-0.11"},{"rt":12057,"url":"../static/nodeGraphs.html","edge":"4to8","edgeRT":"10344","skip":"false","flipped":"True","index":"19","edgeClickLog":"[{\"edgeSelection\":\"4to7\",\"edgeRTMS\":2251},{\"edgeSelection\":\"2to5\",\"edgeRTMS\":5943},{\"edgeSelection\":\"5to8\",\"edgeRTMS\":6729},{\"edgeSelection\":\"4to7\",\"edgeRTMS\":8622},{\"edgeSelection\":\"4to8\",\"edgeRTMS\":10344}]","trial_id":"cong_9_flipped","congruency":"C","task":"experiment","subjectId":"1ortyeeyun1cmne","trial_type":"external-html","trial_index":20,"time_elapsed":524672,"internal_node_id":"0.0-9.0-0.12"},{"rt":9962,"url":"../static/nodeGraphs.html","edge":"5to8","edgeRT":"9019","skip":"false","flipped":"True","index":"17","edgeClickLog":"[{\"edgeSelection\":\"5to8\",\"edgeRTMS\":9019}]","trial_id":"cong_7_flipped","congruency":"C","task":"experiment","subjectId":"1ortyeeyun1cmne","trial_type":"external-html","trial_index":21,"time_elapsed":535202,"internal_node_id":"0.0-9.0-0.13"},{"rt":5726,"url":"../static/nodeGraphs.html","edge":"5to9","edgeRT":"4882","skip":"false","flipped":"True","index":"18","edgeClickLog":"[{\"edgeSelection\":\"5to9\",\"edgeRTMS\":4882}]","trial_id":"cong_8_flipped","congruency":"C","task":"experiment","subjectId":"1ortyeeyun1cmne","trial_type":"external-html","trial_index":22,"time_elapsed":541495,"internal_node_id":"0.0-9.0-0.14"},{"rt":2944,"url":"../static/nodeGraphs.html","edge":"5to8","edgeRT":"2038","skip":"false","flipped":"False","index":"0","edgeClickLog":"[{\"edgeSelection\":\"5to8\",\"edgeRTMS\":2038}]","trial_id":"cong_0","congruency":"C","task":"experiment","subjectId":"1ortyeeyun1cmne","trial_type":"external-html","trial_index":23,"time_elapsed":545017,"internal_node_id":"0.0-9.0-0.15"},{"rt":3948,"url":"../static/nodeGraphs.html","edge":"6to9","edgeRT":"2404","skip":"false","flipped":"True","index":"16","edgeClickLog":"[{\"edgeSelection\":\"6to9\",\"edgeRTMS\":2404}]","trial_id":"cong_6_flipped","congruency":"C","task":"experiment","subjectId":"1ortyeeyun1cmne","trial_type":"external-html","trial_index":24,"time_elapsed":549548,"internal_node_id":"0.0-9.0-0.16"},{"rt":6245,"url":"../static/nodeGraphs.html","edge":"5to8","edgeRT":"4443","skip":"false","flipped":"False","index":"7","edgeClickLog":"[{\"edgeSelection\":\"5to8\",\"edgeRTMS\":4443}]","trial_id":"cong_7","congruency":"C","task":"experiment","subjectId":"1ortyeeyun1cmne","trial_type":"external-html","trial_index":25,"time_elapsed":556370,"internal_node_id":"0.0-9.0-0.17"},{"rt":4114,"url":"../static/nodeGraphs.html","edge":"5to7","edgeRT":"3053","skip":"false","flipped":"False","index":"1","edgeClickLog":"[{\"edgeSelection\":\"5to7\",\"edgeRTMS\":3053}]","trial_id":"cong_1","congruency":"C","task":"experiment","subjectId":"1ortyeeyun1cmne","trial_type":"external-html","trial_index":26,"time_elapsed":561060,"internal_node_id":"0.0-9.0-0.18"},{"rt":3610,"url":"../static/nodeGraphs.html","edge":"6to9","edgeRT":"2394","skip":"false","flipped":"True","index":"12","edgeClickLog":"[{\"edgeSelection\":\"6to9\",\"edgeRTMS\":2394}]","trial_id":"cong_2_flipped","congruency":"C","task":"experiment","subjectId":"1ortyeeyun1cmne","trial_type":"external-html","trial_index":27,"time_elapsed":565263,"internal_node_id":"0.0-9.0-0.19"},{"rt":4161,"url":"../static/nodeGraphs.html","edge":"5to8","edgeRT":"2923","skip":"false","flipped":"False","index":"20","edgeClickLog":"[{\"edgeSelection\":\"5to8\",\"edgeRTMS\":2923}]","trial_id":"test_0","congruency":"I","task":"experiment","subjectId":"1ortyeeyun1cmne","trial_type":"external-html","trial_index":28,"time_elapsed":570004,"internal_node_id":"0.0-9.0-0.20"},{"rt":2706,"url":"../static/nodeGraphs.html","edge":"4to7","edgeRT":"1717","skip":"false","flipped":"False","index":"21","edgeClickLog":"[{\"edgeSelection\":\"4to7\",\"edgeRTMS\":1717}]","trial_id":"test_1","congruency":"I","task":"experiment","subjectId":"1ortyeeyun1cmne","trial_type":"external-html","trial_index":29,"time_elapsed":573287,"internal_node_id":"0.0-9.0-0.21"},{"rt":3636,"url":"../static/nodeGraphs.html","edge":"6to8","edgeRT":"1694","skip":"false","flipped":"False","index":"22","edgeClickLog":"[{\"edgeSelection\":\"6to8\",\"edgeRTMS\":1694}]","trial_id":"test_2","congruency":"I","task":"experiment","subjectId":"1ortyeeyun1cmne","trial_type":"external-html","trial_index":30,"time_elapsed":577498,"internal_node_id":"0.0-9.0-0.22"},{"rt":3387,"url":"../static/nodeGraphs.html","edge":"5to9","edgeRT":"2301","skip":"false","flipped":"False","index":"23","edgeClickLog":"[{\"edgeSelection\":\"5to9\",\"edgeRTMS\":2301}]","trial_id":"test_3","congruency":"I","task":"experiment","subjectId":"1ortyeeyun1cmne","trial_type":"external-html","trial_index":31,"time_elapsed":581456,"internal_node_id":"0.0-9.0-0.23"},{"rt":3558,"url":"../static/nodeGraphs.html","edge":"4to7","edgeRT":"2732","skip":"false","flipped":"False","index":"24","edgeClickLog":"[{\"edgeSelection\":\"4to7\",\"edgeRTMS\":2732}]","trial_id":"test_4","congruency":"I","task":"experiment","subjectId":"1ortyeeyun1cmne","trial_type":"external-html","trial_index":32,"time_elapsed":585591,"internal_node_id":"0.0-9.0-0.24"},{"rt":29205,"response":{"P0_Q0":null,"P0_Q1":6,"P0_Q2":3,"P0_Q3":3,"P0_Q4":5,"P0_Q5":5,"strategies":"Just considered the last line","feedback":""},"accuracy":[],"trial_type":"survey","trial_index":33,"time_elapsed":615403,"internal_node_id":"0.0-10.0"},{"rt":5090,"stimulus":"<p>Thanks for your time!</p>        <p>We need to manually calculate your bonus pay, please give us up to 7 days.</p><p>Press any key to conclude.</p>","response":" ","task":"end","subjectId":"1ortyeeyun1cmne","trial_type":"html-keyboard-response","trial_index":34,"time_elapsed":620497,"internal_node_id":"0.0-11.0","interactions":"[{\"event\":\"fullscreenenter\",\"trial\":1,\"time\":2797},{\"event\":\"blur\",\"trial\":18,\"time\":501279},{\"event\":\"focus\",\"trial\":18,\"time\":501280},{\"event\":\"fullscreenexit\",\"trial\":18,\"time\":501317},{\"event\":\"blur\",\"trial\":21,\"time\":532978},{\"event\":\"focus\",\"trial\":21,\"time\":532978},{\"event\":\"blur\",\"trial\":22,\"time\":538584},{\"event\":\"focus\",\"trial\":22,\"time\":540635}]"}]