[{"success":true,"timeout":false,"failed_images":[],"failed_audio":[],"failed_video":[],"trial_type":"preload","trial_index":0,"time_elapsed":835,"internal_node_id":"0.0-0.0"},{"success":true,"trial_type":"fullscreen","trial_index":1,"time_elapsed":5879,"internal_node_id":"0.0-1.0"},{"rt":2396,"stimulus":"Welcome to the experiment. Press any key to begin.","response":"enter","trial_type":"html-keyboard-response","trial_index":2,"time_elapsed":8276,"internal_node_id":"0.0-2.0"},{"view_history":[{"page_index":0,"viewing_time":7016},{"page_index":1,"viewing_time":3952},{"page_index":2,"viewing_time":37408},{"page_index":3,"viewing_time":10816},{"page_index":4,"viewing_time":3407},{"page_index":5,"viewing_time":3216},{"page_index":6,"viewing_time":2136},{"page_index":7,"viewing_time":7986},{"page_index":8,"viewing_time":11840},{"page_index":9,"viewing_time":9944},{"page_index":10,"viewing_time":4136},{"page_index":9,"viewing_time":3239},{"page_index":10,"viewing_time":2240},{"page_index":11,"viewing_time":2600},{"page_index":12,"viewing_time":1088},{"page_index":11,"viewing_time":712},{"page_index":12,"viewing_time":5473},{"page_index":13,"viewing_time":8191},{"page_index":14,"viewing_time":6193},{"page_index":15,"viewing_time":4991},{"page_index":16,"viewing_time":2264},{"page_index":17,"viewing_time":2672},{"page_index":18,"viewing_time":1169},{"page_index":19,"viewing_time":5023},{"page_index":20,"viewing_time":4024},{"page_index":21,"viewing_time":3897}],"rt":155633,"trial_type":"instructions","trial_index":3,"time_elapsed":163910,"internal_node_id":"0.0-3.0"},{"rt":111063,"url":"../static/nodeGraphsTraining.html","skip":[],"edgeClickLog":[],"trial_type":"external-html","trial_index":4,"time_elapsed":275148,"internal_node_id":"0.0-4.0"},{"rt":29293,"response":{"q1":"The goal is to help the student to get the most points","q2":"False","q3":"Possible paths you, as the teacher, can choose to teach the learner.","q4":"Paths that the student took before."},"question_order":[0,1,2,3],"trial_type":"survey-multi-choice","trial_index":5,"time_elapsed":304445,"internal_node_id":"0.0-5.0"},{"rt":4526,"stimulus":"<p>You can take a 60 second break before starting the experiment.</p><br><br><p>This page will advance in 60 seconds or you can press any key to advance now.</p>","response":"arrowright","trial_type":"html-keyboard-response","trial_index":6,"time_elapsed":308975,"internal_node_id":"0.0-7.0"},{"view_history":[{"page_index":0,"viewing_time":29779}],"rt":29779,"trial_type":"instructions","trial_index":7,"time_elapsed":338756,"internal_node_id":"0.0-8.0"},{"rt":15229,"url":"../static/nodeGraphs.html","edge":"5to7","edgeRT":"13790","skip":"false","flipped":"False","index":"4","edgeClickLog":"[{\"edgeSelection\":\"5to7\",\"edgeRTMS\":13790}]","trial_id":"incong_4","congruency":"I","task":"experiment","subjectId":"njd7fwz48rvj5qw","trial_type":"external-html","trial_index":8,"time_elapsed":354141,"internal_node_id":"0.0-9.0-0.0"},{"rt":15547,"url":"../static/nodeGraphs.html","edge":"0to3","edgeRT":"14287","skip":"false","flipped":"True","index":"11","edgeClickLog":"[{\"edgeSelection\":\"0to3\",\"edgeRTMS\":14287}]","trial_id":"incong_1_flipped","congruency":"I","task":"experiment","subjectId":"njd7fwz48rvj5qw","trial_type":"external-html","trial_index":9,"time_elapsed":370348,"internal_node_id":"0.0-9.0-0.1"},{"rt":5510,"url":"../static/nodeGraphs.html","edge":"0to2","edgeRT":"4104","skip":"false","flipped":"True","index":"13","edgeClickLog":"[{\"edgeSelection\":\"0to2\",\"edgeRTMS\":4104}]","trial_id":"incong_3_flipped","congruency":"I","task":"experiment","subjectId":"njd7fwz48rvj5qw","trial_type":"external-html","trial_index":10,"time_elapsed":376516,"internal_node_id":"0.0-9.0-0.2"},{"rt":4326,"url":"../static/nodeGraphs.html","edge":"0to2","edgeRT":"1973","skip":"false","flipped":"False","index":"3","edgeClickLog":"[{\"edgeSelection\":\"0to2\",\"edgeRTMS\":1973}]","trial_id":"incong_3","congruency":"I","task":"experiment","subjectId":"njd7fwz48rvj5qw","trial_type":"external-html","trial_index":11,"time_elapsed":381500,"internal_node_id":"0.0-9.0-0.3"},{"rt":7176,"url":"../static/nodeGraphs.html","edge":"5to8","edgeRT":"5629","skip":"false","flipped":"False","index":"7","edgeClickLog":"[{\"edgeSelection\":\"5to8\",\"edgeRTMS\":5629}]","trial_id":"incong_7","congruency":"I","task":"experiment","subjectId":"njd7fwz48rvj5qw","trial_type":"external-html","trial_index":12,"time_elapsed":389340,"internal_node_id":"0.0-9.0-0.4"},{"rt":5048,"url":"../static/nodeGraphs.html","edge":"5to8","edgeRT":"3407","skip":"false","flipped":"False","index":"9","edgeClickLog":"[{\"edgeSelection\":\"5to8\",\"edgeRTMS\":3407}]","trial_id":"incong_9","congruency":"I","task":"experiment","subjectId":"njd7fwz48rvj5qw","trial_type":"external-html","trial_index":13,"time_elapsed":395044,"internal_node_id":"0.0-9.0-0.5"},{"rt":8958,"url":"../static/nodeGraphs.html","edge":"2to6","edgeRT":"7360","skip":"false","flipped":"True","index":"12","edgeClickLog":"[{\"edgeSelection\":\"2to6\",\"edgeRTMS\":7360}]","trial_id":"incong_2_flipped","congruency":"I","task":"experiment","subjectId":"njd7fwz48rvj5qw","trial_type":"external-html","trial_index":14,"time_elapsed":404660,"internal_node_id":"0.0-9.0-0.6"},{"rt":6823,"url":"../static/nodeGraphs.html","edge":"2to4","edgeRT":"5391","skip":"false","flipped":"False","index":"6","edgeClickLog":"[{\"edgeSelection\":\"2to4\",\"edgeRTMS\":2949},{\"edgeSelection\":\"2to4\",\"edgeRTMS\":4126},{\"edgeSelection\":\"2to4\",\"edgeRTMS\":5391}]","trial_id":"incong_6","congruency":"I","task":"experiment","subjectId":"njd7fwz48rvj5qw","trial_type":"external-html","trial_index":15,"time_elapsed":412140,"internal_node_id":"0.0-9.0-0.7"},{"rt":7621,"url":"../static/nodeGraphs.html","edge":"1to4","edgeRT":"6397","skip":"false","flipped":"False","index":"1","edgeClickLog":"[{\"edgeSelection\":\"1to4\",\"edgeRTMS\":6397}]","trial_id":"incong_1","congruency":"I","task":"experiment","subjectId":"njd7fwz48rvj5qw","trial_type":"external-html","trial_index":16,"time_elapsed":420420,"internal_node_id":"0.0-9.0-0.8"},{"rt":9563,"url":"../static/nodeGraphs.html","edge":"5to8","edgeRT":"8267","skip":"false","flipped":"True","index":"19","edgeClickLog":"[{\"edgeSelection\":\"5to8\",\"edgeRTMS\":8267}]","trial_id":"incong_9_flipped","congruency":"I","task":"experiment","subjectId":"njd7fwz48rvj5qw","trial_type":"external-html","trial_index":17,"time_elapsed":430644,"internal_node_id":"0.0-9.0-0.9"},{"rt":3605,"url":"../static/nodeGraphs.html","edge":"5to8","edgeRT":"2319","skip":"false","flipped":"True","index":"17","edgeClickLog":"[{\"edgeSelection\":\"5to8\",\"edgeRTMS\":2319}]","trial_id":"incong_7_flipped","congruency":"I","task":"experiment","subjectId":"njd7fwz48rvj5qw","trial_type":"external-html","trial_index":18,"time_elapsed":434908,"internal_node_id":"0.0-9.0-0.10"},{"rt":7431,"url":"../static/nodeGraphs.html","edge":"2to6","edgeRT":"5894","skip":"false","flipped":"True","index":"16","edgeClickLog":"[{\"edgeSelection\":\"2to6\",\"edgeRTMS\":4972},{\"edgeSelection\":\"2to6\",\"edgeRTMS\":5894}]","trial_id":"incong_6_flipped","congruency":"I","task":"experiment","subjectId":"njd7fwz48rvj5qw","trial_type":"external-html","trial_index":19,"time_elapsed":442996,"internal_node_id":"0.0-9.0-0.11"},{"rt":3134,"url":"../static/nodeGraphs.html","edge":"2to4","edgeRT":"1801","skip":"false","flipped":"False","index":"5","edgeClickLog":"[{\"edgeSelection\":\"2to4\",\"edgeRTMS\":1801}]","trial_id":"incong_5","congruency":"I","task":"experiment","subjectId":"njd7fwz48rvj5qw","trial_type":"external-html","trial_index":20,"time_elapsed":446780,"internal_node_id":"0.0-9.0-0.12"},{"rt":6687,"url":"../static/nodeGraphs.html","edge":"0to3","edgeRT":"4486","skip":"false","flipped":"True","index":"18","edgeClickLog":"[{\"edgeSelection\":\"0to3\",\"edgeRTMS\":2244},{\"edgeSelection\":\"0to3\",\"edgeRTMS\":4486}]","trial_id":"incong_8_flipped","congruency":"I","task":"experiment","subjectId":"njd7fwz48rvj5qw","trial_type":"external-html","trial_index":21,"time_elapsed":454124,"internal_node_id":"0.0-9.0-0.13"},{"rt":5493,"url":"../static/nodeGraphs.html","edge":"3to6","edgeRT":"3812","skip":"false","flipped":"True","index":"10","edgeClickLog":"[{\"edgeSelection\":\"3to6\",\"edgeRTMS\":2706},{\"edgeSelection\":\"3to6\",\"edgeRTMS\":3812}]","trial_id":"incong_0_flipped","congruency":"I","task":"experiment","subjectId":"njd7fwz48rvj5qw","trial_type":"external-html","trial_index":22,"time_elapsed":460276,"internal_node_id":"0.0-9.0-0.14"},{"rt":11725,"url":"../static/nodeGraphs.html","edge":"3to6","edgeRT":"8576","skip":"false","flipped":"True","index":"15","edgeClickLog":"[{\"edgeSelection\":\"3to6\",\"edgeRTMS\":8576}]","trial_id":"incong_5_flipped","congruency":"I","task":"experiment","subjectId":"njd7fwz48rvj5qw","trial_type":"external-html","trial_index":23,"time_elapsed":472660,"internal_node_id":"0.0-9.0-0.15"},{"rt":11493,"url":"../static/nodeGraphs.html","edge":"0to1","edgeRT":"8336","skip":"false","flipped":"True","index":"14","edgeClickLog":"[{\"edgeSelection\":\"0to1\",\"edgeRTMS\":8336}]","trial_id":"incong_4_flipped","congruency":"I","task":"experiment","subjectId":"njd7fwz48rvj5qw","trial_type":"external-html","trial_index":24,"time_elapsed":484812,"internal_node_id":"0.0-9.0-0.16"},{"rt":7238,"url":"../static/nodeGraphs.html","edge":"1to5","edgeRT":"5732","skip":"false","flipped":"False","index":"8","edgeClickLog":"[{\"edgeSelection\":\"0to1\",\"edgeRTMS\":3074},{\"edgeSelection\":\"1to5\",\"edgeRTMS\":5732}]","trial_id":"incong_8","congruency":"I","task":"experiment","subjectId":"njd7fwz48rvj5qw","trial_type":"external-html","trial_index":25,"time_elapsed":492708,"internal_node_id":"0.0-9.0-0.17"},{"rt":4138,"url":"../static/nodeGraphs.html","edge":"4to8","edgeRT":"2981","skip":"false","flipped":"False","index":"2","edgeClickLog":"[{\"edgeSelection\":\"4to8\",\"edgeRTMS\":1821},{\"edgeSelection\":\"4to8\",\"edgeRTMS\":2981}]","trial_id":"incong_2","congruency":"I","task":"experiment","subjectId":"njd7fwz48rvj5qw","trial_type":"external-html","trial_index":26,"time_elapsed":497508,"internal_node_id":"0.0-9.0-0.18"},{"rt":5405,"url":"../static/nodeGraphs.html","edge":"2to4","edgeRT":"4057","skip":"false","flipped":"False","index":"0","edgeClickLog":"[{\"edgeSelection\":\"2to4\",\"edgeRTMS\":4057}]","trial_id":"incong_0","congruency":"I","task":"experiment","subjectId":"njd7fwz48rvj5qw","trial_type":"external-html","trial_index":27,"time_elapsed":503571,"internal_node_id":"0.0-9.0-0.19"},{"rt":3392,"url":"../static/nodeGraphs.html","edge":"6to8","edgeRT":"2112","skip":"false","flipped":"False","index":"20","edgeClickLog":"[{\"edgeSelection\":\"6to8\",\"edgeRTMS\":2112}]","trial_id":"test_0","congruency":"I","task":"experiment","subjectId":"njd7fwz48rvj5qw","trial_type":"external-html","trial_index":28,"time_elapsed":507627,"internal_node_id":"0.0-9.0-0.20"},{"rt":8487,"url":"../static/nodeGraphs.html","edge":"2to6","edgeRT":"6679","skip":"false","flipped":"False","index":"21","edgeClickLog":"[{\"edgeSelection\":\"2to6\",\"edgeRTMS\":6679}]","trial_id":"test_1","congruency":"I","task":"experiment","subjectId":"njd7fwz48rvj5qw","trial_type":"external-html","trial_index":29,"time_elapsed":516772,"internal_node_id":"0.0-9.0-0.21"},{"rt":15945,"url":"../static/nodeGraphs.html","edge":"5to7","edgeRT":"13421","skip":"false","flipped":"False","index":"22","edgeClickLog":"[{\"edgeSelection\":\"3to6\",\"edgeRTMS\":10811},{\"edgeSelection\":\"5to7\",\"edgeRTMS\":13421}]","trial_id":"test_2","congruency":"I","task":"experiment","subjectId":"njd7fwz48rvj5qw","trial_type":"external-html","trial_index":30,"time_elapsed":533412,"internal_node_id":"0.0-9.0-0.22"},{"rt":7750,"url":"../static/nodeGraphs.html","edge":"1to5","edgeRT":"6334","skip":"false","flipped":"False","index":"23","edgeClickLog":"[{\"edgeSelection\":\"1to5\",\"edgeRTMS\":3322},{\"edgeSelection\":\"1to5\",\"edgeRTMS\":4090},{\"edgeSelection\":\"1to5\",\"edgeRTMS\":4578},{\"edgeSelection\":\"2to4\",\"edgeRTMS\":5322},{\"edgeSelection\":\"1to5\",\"edgeRTMS\":5939},{\"edgeSelection\":\"1to5\",\"edgeRTMS\":6334}]","trial_id":"test_3","congruency":"I","task":"experiment","subjectId":"njd7fwz48rvj5qw","trial_type":"external-html","trial_index":31,"time_elapsed":541819,"internal_node_id":"0.0-9.0-0.23"},{"rt":2687,"url":"../static/nodeGraphs.html","edge":"6to9","edgeRT":"1542","skip":"false","flipped":"False","index":"24","edgeClickLog":"[{\"edgeSelection\":\"6to9\",\"edgeRTMS\":1542}]","trial_id":"test_4","congruency":"I","task":"experiment","subjectId":"njd7fwz48rvj5qw","trial_type":"external-html","trial_index":32,"time_elapsed":545163,"internal_node_id":"0.0-9.0-0.24"},{"rt":49667,"response":{"P0_Q0":null,"P0_Q1":4,"P0_Q2":6,"P0_Q3":6,"P0_Q4":4,"P0_Q5":2,"strategies":"Tried to come up with the best possible point combinations.","feedback":"Thanks so much for inviting me to participate!"},"accuracy":[],"trial_type":"survey","trial_index":33,"time_elapsed":595430,"internal_node_id":"0.0-10.0"},{"rt":4617,"stimulus":"<p>Thanks for your time!</p>        <p>We need to manually calculate your bonus pay, please give us up to 7 days.</p><p>Press any key to conclude.</p>","response":"enter","task":"end","subjectId":"njd7fwz48rvj5qw","trial_type":"html-keyboard-response","trial_index":34,"time_elapsed":600051,"internal_node_id":"0.0-11.0","interactions":"[{\"event\":\"fullscreenenter\",\"trial\":1,\"time\":4921},{\"event\":\"blur\",\"trial\":4,\"time\":182534},{\"event\":\"focus\",\"trial\":4,\"time\":182534},{\"event\":\"fullscreenexit\",\"trial\":4,\"time\":182549},{\"event\":\"blur\",\"trial\":4,\"time\":190866},{\"event\":\"focus\",\"trial\":4,\"time\":190866},{\"event\":\"blur\",\"trial\":4,\"time\":204592},{\"event\":\"focus\",\"trial\":4,\"time\":204592},{\"event\":\"blur\",\"trial\":4,\"time\":217157},{\"event\":\"focus\",\"trial\":4,\"time\":217157},{\"event\":\"blur\",\"trial\":4,\"time\":258040},{\"event\":\"focus\",\"trial\":4,\"time\":258040}]"}]