[{"success":true,"timeout":false,"failed_images":[],"failed_audio":[],"failed_video":[],"trial_type":"preload","trial_index":0,"time_elapsed":261,"internal_node_id":"0.0-0.0"},{"success":true,"trial_type":"fullscreen","trial_index":1,"time_elapsed":7830,"internal_node_id":"0.0-1.0"},{"rt":1873,"stimulus":"Welcome to the experiment. Press any key to begin.","response":" ","trial_type":"html-keyboard-response","trial_index":2,"time_elapsed":9705,"internal_node_id":"0.0-2.0"},{"view_history":[{"page_index":0,"viewing_time":4180},{"page_index":1,"viewing_time":6733},{"page_index":2,"viewing_time":24051},{"page_index":3,"viewing_time":5517},{"page_index":4,"viewing_time":1850},{"page_index":5,"viewing_time":1216},{"page_index":6,"viewing_time":2268},{"page_index":7,"viewing_time":11234},{"page_index":8,"viewing_time":15584},{"page_index":9,"viewing_time":11651},{"page_index":10,"viewing_time":1066},{"page_index":11,"viewing_time":683},{"page_index":12,"viewing_time":801},{"page_index":13,"viewing_time":1817},{"page_index":14,"viewing_time":3434},{"page_index":15,"viewing_time":7533},{"page_index":16,"viewing_time":2067},{"page_index":17,"viewing_time":900},{"page_index":18,"viewing_time":1400},{"page_index":19,"viewing_time":6834},{"page_index":20,"viewing_time":7533},{"page_index":21,"viewing_time":5517}],"rt":123867,"trial_type":"instructions","trial_index":3,"time_elapsed":133569,"internal_node_id":"0.0-3.0"},{"rt":100572,"url":"../static/nodeGraphsTraining.html","skip":[],"edgeClickLog":[],"trial_type":"external-html","trial_index":4,"time_elapsed":234203,"internal_node_id":"0.0-4.0"},{"rt":34797,"response":{"q1":"The goal is to help the student to get the most points","q2":"False","q3":"Possible paths you, as the teacher, can choose to teach the learner.","q4":"Paths that the student took before."},"question_order":[0,1,2,3],"trial_type":"survey-multi-choice","trial_index":5,"time_elapsed":269003,"internal_node_id":"0.0-5.0"},{"rt":5769,"stimulus":"<p>You can take a 60 second break before starting the experiment.</p><br><br><p>This page will advance in 60 seconds or you can press any key to advance now.</p>","response":" ","trial_type":"html-keyboard-response","trial_index":6,"time_elapsed":274775,"internal_node_id":"0.0-7.0"},{"view_history":[{"page_index":0,"viewing_time":21392}],"rt":21393,"trial_type":"instructions","trial_index":7,"time_elapsed":296168,"internal_node_id":"0.0-8.0"},{"rt":14019,"url":"../static/nodeGraphs.html","edge":"0to2","edgeRT":"12119","skip":"false","flipped":"True","index":"14","edgeClickLog":"[{\"edgeSelection\":\"0to2\",\"edgeRTMS\":12119}]","trial_id":"cong_4_flipped","congruency":"C","task":"experiment","subjectId":"yfgsqxn0knfx8ld","trial_type":"external-html","trial_index":8,"time_elapsed":310253,"internal_node_id":"0.0-9.0-0.0"},{"rt":22246,"url":"../static/nodeGraphs.html","edge":"0to2","edgeRT":"17163","skip":"false","flipped":"False","index":"4","edgeClickLog":"[{\"edgeSelection\":\"0to2\",\"edgeRTMS\":17163}]","trial_id":"cong_4","congruency":"C","task":"experiment","subjectId":"yfgsqxn0knfx8ld","trial_type":"external-html","trial_index":9,"time_elapsed":333069,"internal_node_id":"0.0-9.0-0.1"},{"rt":11398,"url":"../static/nodeGraphs.html","edge":"2to5","edgeRT":"10250","skip":"false","flipped":"True","index":"19","edgeClickLog":"[{\"edgeSelection\":\"2to5\",\"edgeRTMS\":10250}]","trial_id":"cong_9_flipped","congruency":"C","task":"experiment","subjectId":"yfgsqxn0knfx8ld","trial_type":"external-html","trial_index":10,"time_elapsed":345036,"internal_node_id":"0.0-9.0-0.2"},{"rt":18476,"url":"../static/nodeGraphs.html","edge":"2to5","edgeRT":"13711","skip":"false","flipped":"True","index":"12","edgeClickLog":"[{\"edgeSelection\":\"2to5\",\"edgeRTMS\":13711}]","trial_id":"cong_2_flipped","congruency":"C","task":"experiment","subjectId":"yfgsqxn0knfx8ld","trial_type":"external-html","trial_index":11,"time_elapsed":364085,"internal_node_id":"0.0-9.0-0.3"},{"rt":20565,"url":"../static/nodeGraphs.html","edge":"3to6","edgeRT":"17685","skip":"false","flipped":"True","index":"18","edgeClickLog":"[{\"edgeSelection\":\"3to6\",\"edgeRTMS\":17685}]","trial_id":"cong_8_flipped","congruency":"C","task":"experiment","subjectId":"yfgsqxn0knfx8ld","trial_type":"external-html","trial_index":12,"time_elapsed":385268,"internal_node_id":"0.0-9.0-0.4"},{"rt":16795,"url":"../static/nodeGraphs.html","edge":"2to6","edgeRT":"13050","skip":"false","flipped":"False","index":"1","edgeClickLog":"[{\"edgeSelection\":\"3to5\",\"edgeRTMS\":11164},{\"edgeSelection\":\"2to6\",\"edgeRTMS\":13050}]","trial_id":"cong_1","congruency":"C","task":"experiment","subjectId":"yfgsqxn0knfx8ld","trial_type":"external-html","trial_index":13,"time_elapsed":402635,"internal_node_id":"0.0-9.0-0.5"},{"rt":10982,"url":"../static/nodeGraphs.html","edge":"2to5","edgeRT":"8817","skip":"false","flipped":"True","index":"16","edgeClickLog":"[{\"edgeSelection\":\"2to5\",\"edgeRTMS\":8817}]","trial_id":"cong_6_flipped","congruency":"C","task":"experiment","subjectId":"yfgsqxn0knfx8ld","trial_type":"external-html","trial_index":14,"time_elapsed":414185,"internal_node_id":"0.0-9.0-0.6"},{"rt":8124,"url":"../static/nodeGraphs.html","edge":"0to3","edgeRT":"6543","skip":"false","flipped":"True","index":"15","edgeClickLog":"[{\"edgeSelection\":\"0to3\",\"edgeRTMS\":6543}]","trial_id":"cong_5_flipped","congruency":"C","task":"experiment","subjectId":"yfgsqxn0knfx8ld","trial_type":"external-html","trial_index":15,"time_elapsed":422869,"internal_node_id":"0.0-9.0-0.7"},{"rt":8796,"url":"../static/nodeGraphs.html","edge":"2to4","edgeRT":"6847","skip":"false","flipped":"True","index":"11","edgeClickLog":"[{\"edgeSelection\":\"2to4\",\"edgeRTMS\":6847}]","trial_id":"cong_1_flipped","congruency":"C","task":"experiment","subjectId":"yfgsqxn0knfx8ld","trial_type":"external-html","trial_index":16,"time_elapsed":432235,"internal_node_id":"0.0-9.0-0.8"},{"rt":8555,"url":"../static/nodeGraphs.html","edge":"3to6","edgeRT":"4076","skip":"false","flipped":"True","index":"10","edgeClickLog":"[{\"edgeSelection\":\"3to6\",\"edgeRTMS\":4076}]","trial_id":"cong_0_flipped","congruency":"C","task":"experiment","subjectId":"yfgsqxn0knfx8ld","trial_type":"external-html","trial_index":17,"time_elapsed":441368,"internal_node_id":"0.0-9.0-0.9"},{"rt":7912,"url":"../static/nodeGraphs.html","edge":"2to5","edgeRT":"6314","skip":"false","flipped":"False","index":"9","edgeClickLog":"[{\"edgeSelection\":\"2to5\",\"edgeRTMS\":6314}]","trial_id":"cong_9","congruency":"C","task":"experiment","subjectId":"yfgsqxn0knfx8ld","trial_type":"external-html","trial_index":18,"time_elapsed":449852,"internal_node_id":"0.0-9.0-0.10"},{"rt":8508,"url":"../static/nodeGraphs.html","edge":"3to5","edgeRT":"6797","skip":"false","flipped":"False","index":"3","edgeClickLog":"[{\"edgeSelection\":\"3to5\",\"edgeRTMS\":6797}]","trial_id":"cong_3","congruency":"C","task":"experiment","subjectId":"yfgsqxn0knfx8ld","trial_type":"external-html","trial_index":19,"time_elapsed":458935,"internal_node_id":"0.0-9.0-0.11"},{"rt":18410,"url":"../static/nodeGraphs.html","edge":"0to3","edgeRT":"15080","skip":"false","flipped":"False","index":"2","edgeClickLog":"[{\"edgeSelection\":\"0to3\",\"edgeRTMS\":15080}]","trial_id":"cong_2","congruency":"C","task":"experiment","subjectId":"yfgsqxn0knfx8ld","trial_type":"external-html","trial_index":20,"time_elapsed":477918,"internal_node_id":"0.0-9.0-0.12"},{"rt":10586,"url":"../static/nodeGraphs.html","edge":"2to5","edgeRT":"8739","skip":"false","flipped":"False","index":"6","edgeClickLog":"[{\"edgeSelection\":\"2to5\",\"edgeRTMS\":8739}]","trial_id":"cong_6","congruency":"C","task":"experiment","subjectId":"yfgsqxn0knfx8ld","trial_type":"external-html","trial_index":21,"time_elapsed":489068,"internal_node_id":"0.0-9.0-0.13"},{"rt":14377,"url":"../static/nodeGraphs.html","edge":"0to2","edgeRT":"11074","skip":"false","flipped":"False","index":"7","edgeClickLog":"[{\"edgeSelection\":\"0to2\",\"edgeRTMS\":11074}]","trial_id":"cong_7","congruency":"C","task":"experiment","subjectId":"yfgsqxn0knfx8ld","trial_type":"external-html","trial_index":22,"time_elapsed":504011,"internal_node_id":"0.0-9.0-0.14"},{"rt":19624,"url":"../static/nodeGraphs.html","edge":"1to4","edgeRT":"17186","skip":"false","flipped":"False","index":"8","edgeClickLog":"[{\"edgeSelection\":\"1to4\",\"edgeRTMS\":17186}]","trial_id":"cong_8","congruency":"C","task":"experiment","subjectId":"yfgsqxn0knfx8ld","trial_type":"external-html","trial_index":23,"time_elapsed":524202,"internal_node_id":"0.0-9.0-0.15"},{"rt":9452,"url":"../static/nodeGraphs.html","edge":"0to2","edgeRT":"8088","skip":"false","flipped":"True","index":"17","edgeClickLog":"[{\"edgeSelection\":\"0to2\",\"edgeRTMS\":8088}]","trial_id":"cong_7_flipped","congruency":"C","task":"experiment","subjectId":"yfgsqxn0knfx8ld","trial_type":"external-html","trial_index":24,"time_elapsed":534232,"internal_node_id":"0.0-9.0-0.16"},{"rt":5331,"url":"../static/nodeGraphs.html","edge":"1to4","edgeRT":"3634","skip":"false","flipped":"False","index":"0","edgeClickLog":"[{\"edgeSelection\":\"1to4\",\"edgeRTMS\":3634}]","trial_id":"cong_0","congruency":"C","task":"experiment","subjectId":"yfgsqxn0knfx8ld","trial_type":"external-html","trial_index":25,"time_elapsed":540149,"internal_node_id":"0.0-9.0-0.17"},{"rt":7071,"url":"../static/nodeGraphs.html","edge":"1to5","edgeRT":"6009","skip":"false","flipped":"True","index":"13","edgeClickLog":"[{\"edgeSelection\":\"1to5\",\"edgeRTMS\":6009}]","trial_id":"cong_3_flipped","congruency":"C","task":"experiment","subjectId":"yfgsqxn0knfx8ld","trial_type":"external-html","trial_index":26,"time_elapsed":547799,"internal_node_id":"0.0-9.0-0.18"},{"rt":15242,"url":"../static/nodeGraphs.html","edge":"0to1","edgeRT":"13795","skip":"false","flipped":"False","index":"5","edgeClickLog":"[{\"edgeSelection\":\"0to1\",\"edgeRTMS\":13795}]","trial_id":"cong_5","congruency":"C","task":"experiment","subjectId":"yfgsqxn0knfx8ld","trial_type":"external-html","trial_index":27,"time_elapsed":563615,"internal_node_id":"0.0-9.0-0.19"},{"rt":21977,"url":"../static/nodeGraphs.html","edge":"0to1","edgeRT":"20462","skip":"false","flipped":"False","index":"20","edgeClickLog":"[{\"edgeSelection\":\"0to1\",\"edgeRTMS\":20462}]","trial_id":"test_0","congruency":"I","task":"experiment","subjectId":"yfgsqxn0knfx8ld","trial_type":"external-html","trial_index":28,"time_elapsed":586165,"internal_node_id":"0.0-9.0-0.20"},{"rt":15875,"url":"../static/nodeGraphs.html","edge":"0to3","edgeRT":"14062","skip":"false","flipped":"False","index":"21","edgeClickLog":"[{\"edgeSelection\":\"0to3\",\"edgeRTMS\":14062}]","trial_id":"test_1","congruency":"I","task":"experiment","subjectId":"yfgsqxn0knfx8ld","trial_type":"external-html","trial_index":29,"time_elapsed":602614,"internal_node_id":"0.0-9.0-0.21"},{"rt":5929,"url":"../static/nodeGraphs.html","edge":"0to3","edgeRT":"4633","skip":"false","flipped":"False","index":"22","edgeClickLog":"[{\"edgeSelection\":\"0to3\",\"edgeRTMS\":4633}]","trial_id":"test_2","congruency":"I","task":"experiment","subjectId":"yfgsqxn0knfx8ld","trial_type":"external-html","trial_index":30,"time_elapsed":609114,"internal_node_id":"0.0-9.0-0.22"},{"rt":5372,"url":"../static/nodeGraphs.html","edge":"0to1","edgeRT":"3659","skip":"false","flipped":"False","index":"23","edgeClickLog":"[{\"edgeSelection\":\"0to1\",\"edgeRTMS\":3659}]","trial_id":"test_3","congruency":"I","task":"experiment","subjectId":"yfgsqxn0knfx8ld","trial_type":"external-html","trial_index":31,"time_elapsed":615064,"internal_node_id":"0.0-9.0-0.23"},{"rt":5715,"url":"../static/nodeGraphs.html","edge":"0to1","edgeRT":"4204","skip":"false","flipped":"False","index":"24","edgeClickLog":"[{\"edgeSelection\":\"0to1\",\"edgeRTMS\":4204}]","trial_id":"test_4","congruency":"I","task":"experiment","subjectId":"yfgsqxn0knfx8ld","trial_type":"external-html","trial_index":32,"time_elapsed":621348,"internal_node_id":"0.0-9.0-0.24"},{"rt":31330,"response":{"P0_Q0":null,"P0_Q1":6,"P0_Q2":5,"P0_Q3":5,"P0_Q4":6,"P0_Q5":3,"strategies":"Not sure","feedback":""},"accuracy":[],"trial_type":"survey","trial_index":33,"time_elapsed":653243,"internal_node_id":"0.0-10.0"},{"rt":4581,"stimulus":"<p>Thanks for your time!</p>        <p>We need to manually calculate your bonus pay, please give us up to 7 days.</p><p>Press any key to conclude.</p>","response":" ","task":"end","subjectId":"yfgsqxn0knfx8ld","trial_type":"html-keyboard-response","trial_index":34,"time_elapsed":657825,"internal_node_id":"0.0-11.0","interactions":"[{\"event\":\"fullscreenenter\",\"trial\":1,\"time\":6850}]"}]