[{"success":true,"timeout":false,"failed_images":[],"failed_audio":[],"failed_video":[],"trial_type":"preload","trial_index":0,"time_elapsed":699,"internal_node_id":"0.0-0.0"},{"success":true,"trial_type":"fullscreen","trial_index":1,"time_elapsed":549696,"internal_node_id":"0.0-1.0"},{"rt":2320,"stimulus":"Welcome to the experiment. Press any key to begin.","response":" ","trial_type":"html-keyboard-response","trial_index":2,"time_elapsed":552022,"internal_node_id":"0.0-2.0"},{"view_history":[{"page_index":0,"viewing_time":3587},{"page_index":1,"viewing_time":4293},{"page_index":2,"viewing_time":23503},{"page_index":3,"viewing_time":7457},{"page_index":2,"viewing_time":3936},{"page_index":3,"viewing_time":1216},{"page_index":4,"viewing_time":1344},{"page_index":5,"viewing_time":775},{"page_index":6,"viewing_time":1601},{"page_index":7,"viewing_time":7616},{"page_index":8,"viewing_time":11407},{"page_index":9,"viewing_time":8985},{"page_index":10,"viewing_time":984},{"page_index":11,"viewing_time":368},{"page_index":12,"viewing_time":399},{"page_index":13,"viewing_time":6705},{"page_index":14,"viewing_time":3465},{"page_index":15,"viewing_time":5712},{"page_index":16,"viewing_time":784},{"page_index":17,"viewing_time":392},{"page_index":18,"viewing_time":776},{"page_index":19,"viewing_time":2000},{"page_index":20,"viewing_time":6888},{"page_index":21,"viewing_time":3936}],"rt":108129,"trial_type":"instructions","trial_index":3,"time_elapsed":660152,"internal_node_id":"0.0-3.0"},{"rt":50087,"url":"../static/nodeGraphsTraining.html","edgeClickLog":[],"trial_type":"external-html","trial_index":4,"time_elapsed":710383,"internal_node_id":"0.0-4.0"},{"rt":21382,"response":{"q1":"The goal is to help the student to get the most points","q2":"False","q3":"Possible paths the student can take.","q4":"Paths that the student took before."},"question_order":[0,1,2,3],"trial_type":"survey-multi-choice","trial_index":5,"time_elapsed":731767,"internal_node_id":"0.0-5.0"},{"rt":3686,"stimulus":"<p>You can take a 60 second break before starting the experiment.</p><br><br><p>This page will advance in 60 seconds or you can press any key to advance now.</p>","response":"arrowright","trial_type":"html-keyboard-response","trial_index":6,"time_elapsed":735456,"internal_node_id":"0.0-7.0"},{"view_history":[{"page_index":0,"viewing_time":14766}],"rt":14766,"trial_type":"instructions","trial_index":7,"time_elapsed":750223,"internal_node_id":"0.0-8.0"},{"rt":6251,"url":"../static/nodeGraphs.html","edge":"6to8","edgeRT":"5279","flipped":"TRUE","correct_edge":"6to8","index":"21","edgeClickLog":"[{\"edgeSelection\":\"6to8\",\"edgeRTMS\":5279}]","seed":" 32816305","task":"experiment","subjectId":"tcbrcg8hl5ewkl1","trial_type":"external-html","trial_index":8,"time_elapsed":756575,"internal_node_id":"0.0-9.0-0.0"},{"rt":5279,"url":"../static/nodeGraphs.html","edge":"1to4","edgeRT":"4363","flipped":"FALSE","correct_edge":"1to4","index":"2","edgeClickLog":"[{\"edgeSelection\":\"1to4\",\"edgeRTMS\":4363}]","seed":" 22809663","task":"experiment","subjectId":"tcbrcg8hl5ewkl1","trial_type":"external-html","trial_index":9,"time_elapsed":762439,"internal_node_id":"0.0-9.0-0.1"},{"rt":7574,"url":"../static/nodeGraphs.html","edge":"2to6","edgeRT":"6561","flipped":"TRUE","correct_edge":"2to6","index":"25","edgeClickLog":"[{\"edgeSelection\":\"3to5\",\"edgeRTMS\":5326},{\"edgeSelection\":\"2to6\",\"edgeRTMS\":6561}]","seed":" 10409262","task":"experiment","subjectId":"tcbrcg8hl5ewkl1","trial_type":"external-html","trial_index":10,"time_elapsed":770583,"internal_node_id":"0.0-9.0-0.2"},{"rt":11584,"url":"../static/nodeGraphs.html","edge":"5to9","edgeRT":"10204","flipped":"TRUE","correct_edge":"0to1","index":"29","edgeClickLog":"[{\"edgeSelection\":\"5to9\",\"edgeRTMS\":10204}]","seed":" 61187187","task":"experiment","subjectId":"tcbrcg8hl5ewkl1","trial_type":"external-html","trial_index":11,"time_elapsed":782743,"internal_node_id":"0.0-9.0-0.3"},{"rt":3598,"url":"../static/nodeGraphs.html","edge":"5to8","edgeRT":"2566","flipped":"TRUE","correct_edge":"5to8","index":"23","edgeClickLog":"[{\"edgeSelection\":\"5to8\",\"edgeRTMS\":2566}]","seed":" 46003743","task":"experiment","subjectId":"tcbrcg8hl5ewkl1","trial_type":"external-html","trial_index":12,"time_elapsed":786927,"internal_node_id":"0.0-9.0-0.4"},{"rt":7024,"url":"../static/nodeGraphs.html","edge":"2to4","edgeRT":"5506","flipped":"TRUE","correct_edge":"2to4","index":"35","edgeClickLog":"[{\"edgeSelection\":\"2to4\",\"edgeRTMS\":4433},{\"edgeSelection\":\"2to4\",\"edgeRTMS\":5506}]","seed":" 53220770","task":"experiment","subjectId":"tcbrcg8hl5ewkl1","trial_type":"external-html","trial_index":13,"time_elapsed":794527,"internal_node_id":"0.0-9.0-0.5"},{"rt":7817,"url":"../static/nodeGraphs.html","edge":"5to7","edgeRT":"6065","flipped":"FALSE","correct_edge":"0to3","index":"9","edgeClickLog":"[{\"edgeSelection\":\"5to7\",\"edgeRTMS\":6065}]","seed":" 61187187","task":"experiment","subjectId":"tcbrcg8hl5ewkl1","trial_type":"external-html","trial_index":14,"time_elapsed":802920,"internal_node_id":"0.0-9.0-0.6"},{"rt":15650,"url":"../static/nodeGraphs.html","edge":"5to9","edgeRT":"14754","flipped":"FALSE","correct_edge":"0to2","index":"13","edgeClickLog":"[{\"edgeSelection\":\"5to9\",\"edgeRTMS\":14754}]","seed":" 49587019","task":"experiment","subjectId":"tcbrcg8hl5ewkl1","trial_type":"external-html","trial_index":15,"time_elapsed":819152,"internal_node_id":"0.0-9.0-0.7"},{"rt":12393,"url":"../static/nodeGraphs.html","edge":"1to5","edgeRT":"11474","flipped":"TRUE","correct_edge":"0to2","index":"27","edgeClickLog":"[{\"edgeSelection\":\"1to5\",\"edgeRTMS\":11474}]","seed":" 85614324","task":"experiment","subjectId":"tcbrcg8hl5ewkl1","trial_type":"external-html","trial_index":16,"time_elapsed":832128,"internal_node_id":"0.0-9.0-0.8"},{"rt":4161,"url":"../static/nodeGraphs.html","edge":"0to2","edgeRT":"3003","flipped":"TRUE","correct_edge":"0to2","index":"31","edgeClickLog":"[{\"edgeSelection\":\"0to2\",\"edgeRTMS\":3003}]","seed":" 63833578","task":"experiment","subjectId":"tcbrcg8hl5ewkl1","trial_type":"external-html","trial_index":17,"time_elapsed":836872,"internal_node_id":"0.0-9.0-0.9"},{"rt":5893,"url":"../static/nodeGraphs.html","edge":"2to6","edgeRT":"3673","flipped":"TRUE","correct_edge":"2to6","index":"24","edgeClickLog":"[{\"edgeSelection\":\"2to6\",\"edgeRTMS\":3673}]","seed":" 36501291","task":"experiment","subjectId":"tcbrcg8hl5ewkl1","trial_type":"external-html","trial_index":18,"time_elapsed":843344,"internal_node_id":"0.0-9.0-0.10"},{"rt":5307,"url":"../static/nodeGraphs.html","edge":"3to6","edgeRT":"3099","flipped":"TRUE","correct_edge":"3to6","index":"22","edgeClickLog":"[{\"edgeSelection\":\"3to6\",\"edgeRTMS\":3099}]","seed":" 22809663","task":"experiment","subjectId":"tcbrcg8hl5ewkl1","trial_type":"external-html","trial_index":19,"time_elapsed":849224,"internal_node_id":"0.0-9.0-0.11"},{"rt":8803,"url":"../static/nodeGraphs.html","edge":"4to8","edgeRT":"7990","flipped":"TRUE","correct_edge":"0to2","index":"30","edgeClickLog":"[{\"edgeSelection\":\"4to8\",\"edgeRTMS\":7990}]","seed":" 39688702","task":"experiment","subjectId":"tcbrcg8hl5ewkl1","trial_type":"external-html","trial_index":20,"time_elapsed":858608,"internal_node_id":"0.0-9.0-0.12"},{"rt":7809,"url":"../static/nodeGraphs.html","edge":"0to2","edgeRT":"5774","flipped":"FALSE","correct_edge":"0to2","index":"7","edgeClickLog":"[{\"edgeSelection\":\"0to2\",\"edgeRTMS\":5774}]","seed":" 85614324","task":"experiment","subjectId":"tcbrcg8hl5ewkl1","trial_type":"external-html","trial_index":21,"time_elapsed":867096,"internal_node_id":"0.0-9.0-0.13"},{"rt":6529,"url":"../static/nodeGraphs.html","edge":"0to3","edgeRT":"5488","flipped":"TRUE","correct_edge":"0to3","index":"20","edgeClickLog":"[{\"edgeSelection\":\"0to3\",\"edgeRTMS\":5488}]","seed":" 21745736","task":"experiment","subjectId":"tcbrcg8hl5ewkl1","trial_type":"external-html","trial_index":22,"time_elapsed":874200,"internal_node_id":"0.0-9.0-0.14"},{"rt":10705,"url":"../static/nodeGraphs.html","edge":"0to2","edgeRT":"9343","flipped":"FALSE","correct_edge":"0to2","index":"10","edgeClickLog":"[{\"edgeSelection\":\"0to2\",\"edgeRTMS\":9343}]","seed":" 39688702","task":"experiment","subjectId":"tcbrcg8hl5ewkl1","trial_type":"external-html","trial_index":23,"time_elapsed":885480,"internal_node_id":"0.0-9.0-0.15"},{"rt":6519,"url":"../static/nodeGraphs.html","edge":"2to4","edgeRT":"5383","flipped":"FALSE","correct_edge":"2to4","index":"5","edgeClickLog":"[{\"edgeSelection\":\"5to8\",\"edgeRTMS\":3109},{\"edgeSelection\":\"2to4\",\"edgeRTMS\":5383}]","seed":" 10409262","task":"experiment","subjectId":"tcbrcg8hl5ewkl1","trial_type":"external-html","trial_index":24,"time_elapsed":892576,"internal_node_id":"0.0-9.0-0.16"},{"rt":8443,"url":"../static/nodeGraphs.html","edge":"0to3","edgeRT":"7598","flipped":"TRUE","correct_edge":"0to3","index":"39","edgeClickLog":"[{\"edgeSelection\":\"0to3\",\"edgeRTMS\":7598}]","seed":" 37422119","task":"experiment","subjectId":"tcbrcg8hl5ewkl1","trial_type":"external-html","trial_index":25,"time_elapsed":901600,"internal_node_id":"0.0-9.0-0.17"},{"rt":6196,"url":"../static/nodeGraphs.html","edge":"3to5","edgeRT":"4622","flipped":"FALSE","correct_edge":"0to3","index":"12","edgeClickLog":"[{\"edgeSelection\":\"3to5\",\"edgeRTMS\":4622}]","seed":" 36895371","task":"experiment","subjectId":"tcbrcg8hl5ewkl1","trial_type":"external-html","trial_index":26,"time_elapsed":908376,"internal_node_id":"0.0-9.0-0.18"},{"rt":11252,"url":"../static/nodeGraphs.html","edge":"5to7","edgeRT":"10333","flipped":"TRUE","correct_edge":"0to2","index":"33","edgeClickLog":"[{\"edgeSelection\":\"5to7\",\"edgeRTMS\":8316},{\"edgeSelection\":\"5to7\",\"edgeRTMS\":9827},{\"edgeSelection\":\"5to7\",\"edgeRTMS\":10333}]","seed":" 49587019","task":"experiment","subjectId":"tcbrcg8hl5ewkl1","trial_type":"external-html","trial_index":27,"time_elapsed":920200,"internal_node_id":"0.0-9.0-0.19"},{"rt":4503,"url":"../static/nodeGraphs.html","edge":"0to1","edgeRT":"3239","flipped":"TRUE","correct_edge":"0to1","index":"32","edgeClickLog":"[{\"edgeSelection\":\"0to1\",\"edgeRTMS\":3239}]","seed":" 36895371","task":"experiment","subjectId":"tcbrcg8hl5ewkl1","trial_type":"external-html","trial_index":28,"time_elapsed":925288,"internal_node_id":"0.0-9.0-0.20"},{"rt":5238,"url":"../static/nodeGraphs.html","edge":"0to2","edgeRT":"4057","flipped":"FALSE","correct_edge":"0to2","index":"11","edgeClickLog":"[{\"edgeSelection\":\"0to2\",\"edgeRTMS\":4057}]","seed":" 63833578","task":"experiment","subjectId":"tcbrcg8hl5ewkl1","trial_type":"external-html","trial_index":29,"time_elapsed":931096,"internal_node_id":"0.0-9.0-0.21"},{"rt":8621,"url":"../static/nodeGraphs.html","edge":"0to2","edgeRT":"6768","flipped":"FALSE","correct_edge":"0to2","index":"8","edgeClickLog":"[{\"edgeSelection\":\"0to2\",\"edgeRTMS\":4301},{\"edgeSelection\":\"2to5\",\"edgeRTMS\":5654},{\"edgeSelection\":\"0to2\",\"edgeRTMS\":6768}]","seed":" 8396978","task":"experiment","subjectId":"tcbrcg8hl5ewkl1","trial_type":"external-html","trial_index":30,"time_elapsed":940296,"internal_node_id":"0.0-9.0-0.22"},{"rt":9086,"url":"../static/nodeGraphs.html","edge":"2to6","edgeRT":"7868","flipped":"TRUE","correct_edge":"0to2","index":"34","edgeClickLog":"[{\"edgeSelection\":\"2to6\",\"edgeRTMS\":7435},{\"edgeSelection\":\"2to6\",\"edgeRTMS\":7868}]","seed":" 21083760","task":"experiment","subjectId":"tcbrcg8hl5ewkl1","trial_type":"external-html","trial_index":31,"time_elapsed":949960,"internal_node_id":"0.0-9.0-0.23"},{"rt":5411,"url":"../static/nodeGraphs.html","edge":"3to5","edgeRT":"3738","flipped":"FALSE","correct_edge":"3to5","index":"18","edgeClickLog":"[{\"edgeSelection\":\"3to5\",\"edgeRTMS\":3738}]","seed":" 22181670","task":"experiment","subjectId":"tcbrcg8hl5ewkl1","trial_type":"external-html","trial_index":32,"time_elapsed":955952,"internal_node_id":"0.0-9.0-0.24"},{"rt":7266,"url":"../static/nodeGraphs.html","edge":"5to8","edgeRT":"6240","flipped":"TRUE","correct_edge":"1to5","index":"38","edgeClickLog":"[{\"edgeSelection\":\"5to8\",\"edgeRTMS\":5623},{\"edgeSelection\":\"5to8\",\"edgeRTMS\":6240}]","seed":" 22181670","task":"experiment","subjectId":"tcbrcg8hl5ewkl1","trial_type":"external-html","trial_index":33,"time_elapsed":963800,"internal_node_id":"0.0-9.0-0.25"},{"rt":10230,"url":"../static/nodeGraphs.html","edge":"2to4","edgeRT":"9390","flipped":"FALSE","correct_edge":"2to4","index":"4","edgeClickLog":"[{\"edgeSelection\":\"2to4\",\"edgeRTMS\":9390}]","seed":" 36501291","task":"experiment","subjectId":"tcbrcg8hl5ewkl1","trial_type":"external-html","trial_index":34,"time_elapsed":974624,"internal_node_id":"0.0-9.0-0.26"},{"rt":3171,"url":"../static/nodeGraphs.html","edge":"5to8","edgeRT":"2370","flipped":"FALSE","correct_edge":"5to8","index":"3","edgeClickLog":"[{\"edgeSelection\":\"5to8\",\"edgeRTMS\":2370}]","seed":" 46003743","task":"experiment","subjectId":"tcbrcg8hl5ewkl1","trial_type":"external-html","trial_index":35,"time_elapsed":978376,"internal_node_id":"0.0-9.0-0.27"},{"rt":5141,"url":"../static/nodeGraphs.html","edge":"2to6","edgeRT":"4179","flipped":"FALSE","correct_edge":"2to6","index":"15","edgeClickLog":"[{\"edgeSelection\":\"2to6\",\"edgeRTMS\":4179}]","seed":" 53220770","task":"experiment","subjectId":"tcbrcg8hl5ewkl1","trial_type":"external-html","trial_index":36,"time_elapsed":984096,"internal_node_id":"0.0-9.0-0.28"},{"rt":4706,"url":"../static/nodeGraphs.html","edge":"0to2","edgeRT":"3894","flipped":"TRUE","correct_edge":"0to2","index":"28","edgeClickLog":"[{\"edgeSelection\":\"0to2\",\"edgeRTMS\":2869},{\"edgeSelection\":\"0to2\",\"edgeRTMS\":3894}]","seed":" 8396978","task":"experiment","subjectId":"tcbrcg8hl5ewkl1","trial_type":"external-html","trial_index":37,"time_elapsed":989376,"internal_node_id":"0.0-9.0-0.29"},{"rt":4076,"url":"../static/nodeGraphs.html","edge":"0to1","edgeRT":"3066","flipped":"FALSE","correct_edge":"0to1","index":"0","edgeClickLog":"[{\"edgeSelection\":\"0to1\",\"edgeRTMS\":3066}]","seed":" 21745736","task":"experiment","subjectId":"tcbrcg8hl5ewkl1","trial_type":"external-html","trial_index":38,"time_elapsed":994032,"internal_node_id":"0.0-9.0-0.30"},{"rt":5172,"url":"../static/nodeGraphs.html","edge":"0to2","edgeRT":"3418","flipped":"FALSE","correct_edge":"0to1","index":"19","edgeClickLog":"[{\"edgeSelection\":\"0to2\",\"edgeRTMS\":3418}]","seed":" 37422119","task":"experiment","subjectId":"tcbrcg8hl5ewkl1","trial_type":"external-html","trial_index":39,"time_elapsed":999784,"internal_node_id":"0.0-9.0-0.31"},{"rt":6852,"url":"../static/nodeGraphs.html","edge":"3to5","edgeRT":"6099","flipped":"FALSE","correct_edge":"5to9","index":"16","edgeClickLog":"[{\"edgeSelection\":\"3to5\",\"edgeRTMS\":6099}]","seed":" 5655743","task":"experiment","subjectId":"tcbrcg8hl5ewkl1","trial_type":"external-html","trial_index":40,"time_elapsed":1007216,"internal_node_id":"0.0-9.0-0.32"},{"rt":4036,"url":"../static/nodeGraphs.html","edge":"6to9","edgeRT":"3100","flipped":"TRUE","correct_edge":"6to9","index":"26","edgeClickLog":"[{\"edgeSelection\":\"6to9\",\"edgeRTMS\":3100}]","seed":" 13523788","task":"experiment","subjectId":"tcbrcg8hl5ewkl1","trial_type":"external-html","trial_index":41,"time_elapsed":1011832,"internal_node_id":"0.0-9.0-0.33"},{"rt":5642,"url":"../static/nodeGraphs.html","edge":"1to5","edgeRT":"4647","flipped":"TRUE","correct_edge":"5to7","index":"36","edgeClickLog":"[{\"edgeSelection\":\"1to5\",\"edgeRTMS\":4647}]","seed":" 5655743","task":"experiment","subjectId":"tcbrcg8hl5ewkl1","trial_type":"external-html","trial_index":42,"time_elapsed":1018056,"internal_node_id":"0.0-9.0-0.34"},{"rt":8742,"url":"../static/nodeGraphs.html","edge":"5to8","edgeRT":"6697","flipped":"TRUE","correct_edge":"0to2","index":"37","edgeClickLog":"[{\"edgeSelection\":\"0to2\",\"edgeRTMS\":3474},{\"edgeSelection\":\"2to5\",\"edgeRTMS\":5452},{\"edgeSelection\":\"5to8\",\"edgeRTMS\":6697}]","seed":" 21211189","task":"experiment","subjectId":"tcbrcg8hl5ewkl1","trial_type":"external-html","trial_index":43,"time_elapsed":1027378,"internal_node_id":"0.0-9.0-0.35"},{"rt":5524,"url":"../static/nodeGraphs.html","edge":"4to8","edgeRT":"4126","flipped":"FALSE","correct_edge":"4to8","index":"1","edgeClickLog":"[{\"edgeSelection\":\"4to8\",\"edgeRTMS\":2293},{\"edgeSelection\":\"4to8\",\"edgeRTMS\":4126}]","seed":" 32816305","task":"experiment","subjectId":"tcbrcg8hl5ewkl1","trial_type":"external-html","trial_index":44,"time_elapsed":1033496,"internal_node_id":"0.0-9.0-0.36"},{"rt":4156,"url":"../static/nodeGraphs.html","edge":"1to5","edgeRT":"3395","flipped":"FALSE","correct_edge":"0to2","index":"17","edgeClickLog":"[{\"edgeSelection\":\"1to5\",\"edgeRTMS\":3395}]","seed":" 21211189","task":"experiment","subjectId":"tcbrcg8hl5ewkl1","trial_type":"external-html","trial_index":45,"time_elapsed":1038232,"internal_node_id":"0.0-9.0-0.37"},{"rt":9499,"url":"../static/nodeGraphs.html","edge":"0to1","edgeRT":"8366","flipped":"FALSE","correct_edge":"0to2","index":"14","edgeClickLog":"[{\"edgeSelection\":\"0to1\",\"edgeRTMS\":8366}]","seed":" 21083760","task":"experiment","subjectId":"tcbrcg8hl5ewkl1","trial_type":"external-html","trial_index":46,"time_elapsed":1048314,"internal_node_id":"0.0-9.0-0.38"},{"rt":6165,"url":"../static/nodeGraphs.html","edge":"0to3","edgeRT":"5084","flipped":"FALSE","correct_edge":"4to7","index":"6","edgeClickLog":"[{\"edgeSelection\":\"0to2\",\"edgeRTMS\":3778},{\"edgeSelection\":\"0to3\",\"edgeRTMS\":5084}]","seed":" 13523788","task":"experiment","subjectId":"tcbrcg8hl5ewkl1","trial_type":"external-html","trial_index":47,"time_elapsed":1055057,"internal_node_id":"0.0-9.0-0.39"},{"rt":48786,"response":{"P0_Q0":null,"P0_Q1":3,"P0_Q2":6,"P0_Q3":6,"P0_Q4":4,"P0_Q5":2,"strategies":"Trying to imagine what information the student must have been missing to choose the path that they did, rather than the path with the higher point total","feedback":""},"accuracy":[],"trial_type":"survey","trial_index":48,"time_elapsed":1104469,"internal_node_id":"0.0-10.0"},{"rt":2795,"stimulus":"<p>Thanks for your time!</p>        <p>We need to manually calculate your bonus pay, please give us up to 7 days.</p><p>Press any key to conclude.</p>","response":" ","task":"end","subjectId":"tcbrcg8hl5ewkl1","trial_type":"html-keyboard-response","trial_index":49,"time_elapsed":1107266,"internal_node_id":"0.0-11.0","interactions":"[{\"event\":\"blur\",\"trial\":1,\"time\":3028},{\"event\":\"focus\",\"trial\":1,\"time\":58405},{\"event\":\"blur\",\"trial\":1,\"time\":62467},{\"event\":\"focus\",\"trial\":1,\"time\":374979},{\"event\":\"blur\",\"trial\":1,\"time\":377070},{\"event\":\"focus\",\"trial\":1,\"time\":377998},{\"event\":\"blur\",\"trial\":1,\"time\":379154},{\"event\":\"focus\",\"trial\":1,\"time\":547469},{\"event\":\"fullscreenenter\",\"trial\":1,\"time\":548714}]"}]