[{"success":true,"timeout":false,"failed_images":[],"failed_audio":[],"failed_video":[],"trial_type":"preload","trial_index":0,"time_elapsed":1365,"internal_node_id":"0.0-0.0"},{"success":true,"trial_type":"fullscreen","trial_index":1,"time_elapsed":3618,"internal_node_id":"0.0-1.0"},{"rt":1249,"stimulus":"Welcome to the experiment. Press any key to begin.","response":" ","trial_type":"html-keyboard-response","trial_index":2,"time_elapsed":4870,"internal_node_id":"0.0-2.0"},{"view_history":[{"page_index":0,"viewing_time":2796},{"page_index":1,"viewing_time":3153},{"page_index":2,"viewing_time":29539},{"page_index":3,"viewing_time":1782},{"page_index":4,"viewing_time":901},{"page_index":5,"viewing_time":560},{"page_index":6,"viewing_time":1417},{"page_index":7,"viewing_time":8749},{"page_index":8,"viewing_time":74},{"page_index":9,"viewing_time":6428},{"page_index":10,"viewing_time":551},{"page_index":11,"viewing_time":377},{"page_index":12,"viewing_time":364},{"page_index":13,"viewing_time":1516},{"page_index":14,"viewing_time":3057},{"page_index":15,"viewing_time":6390},{"page_index":16,"viewing_time":656},{"page_index":17,"viewing_time":428},{"page_index":18,"viewing_time":652},{"page_index":19,"viewing_time":3228},{"page_index":20,"viewing_time":5114},{"page_index":21,"viewing_time":3311}],"rt":81042,"trial_type":"instructions","trial_index":3,"time_elapsed":85912,"internal_node_id":"0.0-3.0"},{"rt":76592,"url":"../static/nodeGraphsTraining.html","edgeClickLog":[],"trial_type":"external-html","trial_index":4,"time_elapsed":162779,"internal_node_id":"0.0-4.0"},{"rt":19725,"response":{"q1":"The goal is to help the student to get the most points","q2":"False","q3":"Possible paths the student can take.","q4":"Paths that the student took before."},"question_order":[0,1,2,3],"trial_type":"survey-multi-choice","trial_index":5,"time_elapsed":182510,"internal_node_id":"0.0-5.0"},{"rt":3168,"stimulus":"<p>You can take a 60 second break before starting the experiment.</p><br><br><p>This page will advance in 60 seconds or you can press any key to advance now.</p>","response":" ","trial_type":"html-keyboard-response","trial_index":6,"time_elapsed":185682,"internal_node_id":"0.0-7.0"},{"view_history":[{"page_index":0,"viewing_time":11927}],"rt":11927,"trial_type":"instructions","trial_index":7,"time_elapsed":197610,"internal_node_id":"0.0-8.0"},{"rt":10404,"url":"../static/nodeGraphs.html","edge":"3to6","edgeRT":"8950","flipped":"TRUE","correct_edge":"3to6","index":"22","edgeClickLog":"[{\"edgeSelection\":\"3to6\",\"edgeRTMS\":8950}]","seed":" 22809663","task":"experiment","subjectId":"xbl93xqs9hhbyh4","trial_type":"external-html","trial_index":8,"time_elapsed":208201,"internal_node_id":"0.0-9.0-0.0"},{"rt":24225,"url":"../static/nodeGraphs.html","edge":"5to9","edgeRT":"22977","flipped":"FALSE","correct_edge":"5to9","index":"16","edgeClickLog":"[{\"edgeSelection\":\"5to9\",\"edgeRTMS\":22977}]","seed":" 5655743","task":"experiment","subjectId":"xbl93xqs9hhbyh4","trial_type":"external-html","trial_index":9,"time_elapsed":233128,"internal_node_id":"0.0-9.0-0.1"},{"rt":13125,"url":"../static/nodeGraphs.html","edge":"0to3","edgeRT":"10851","flipped":"FALSE","correct_edge":"0to3","index":"9","edgeClickLog":"[{\"edgeSelection\":\"0to3\",\"edgeRTMS\":10851}]","seed":" 61187187","task":"experiment","subjectId":"xbl93xqs9hhbyh4","trial_type":"external-html","trial_index":10,"time_elapsed":246942,"internal_node_id":"0.0-9.0-0.2"},{"rt":15673,"url":"../static/nodeGraphs.html","edge":"0to2","edgeRT":"13180","flipped":"FALSE","correct_edge":"3to5","index":"18","edgeClickLog":"[{\"edgeSelection\":\"0to2\",\"edgeRTMS\":13180}]","seed":" 22181670","task":"experiment","subjectId":"xbl93xqs9hhbyh4","trial_type":"external-html","trial_index":11,"time_elapsed":263295,"internal_node_id":"0.0-9.0-0.3"},{"rt":11886,"url":"../static/nodeGraphs.html","edge":"6to8","edgeRT":"10319","flipped":"TRUE","correct_edge":"6to8","index":"21","edgeClickLog":"[{\"edgeSelection\":\"6to8\",\"edgeRTMS\":10319}]","seed":" 32816305","task":"experiment","subjectId":"xbl93xqs9hhbyh4","trial_type":"external-html","trial_index":12,"time_elapsed":275882,"internal_node_id":"0.0-9.0-0.4"},{"rt":23742,"url":"../static/nodeGraphs.html","edge":"0to3","edgeRT":"20978","flipped":"TRUE","correct_edge":"0to2","index":"30","edgeClickLog":"[{\"edgeSelection\":\"0to3\",\"edgeRTMS\":20978}]","seed":" 39688702","task":"experiment","subjectId":"xbl93xqs9hhbyh4","trial_type":"external-html","trial_index":13,"time_elapsed":300330,"internal_node_id":"0.0-9.0-0.5"},{"rt":14152,"url":"../static/nodeGraphs.html","edge":"1to5","edgeRT":"11893","flipped":"TRUE","correct_edge":"5to7","index":"36","edgeClickLog":"[{\"edgeSelection\":\"1to5\",\"edgeRTMS\":11893}]","seed":" 5655743","task":"experiment","subjectId":"xbl93xqs9hhbyh4","trial_type":"external-html","trial_index":14,"time_elapsed":315178,"internal_node_id":"0.0-9.0-0.6"},{"rt":7362,"url":"../static/nodeGraphs.html","edge":"1to4","edgeRT":"5561","flipped":"FALSE","correct_edge":"1to4","index":"2","edgeClickLog":"[{\"edgeSelection\":\"1to4\",\"edgeRTMS\":5561}]","seed":" 22809663","task":"experiment","subjectId":"xbl93xqs9hhbyh4","trial_type":"external-html","trial_index":15,"time_elapsed":323236,"internal_node_id":"0.0-9.0-0.7"},{"rt":9658,"url":"../static/nodeGraphs.html","edge":"4to8","edgeRT":"8572","flipped":"FALSE","correct_edge":"4to8","index":"1","edgeClickLog":"[{\"edgeSelection\":\"4to8\",\"edgeRTMS\":8572}]","seed":" 32816305","task":"experiment","subjectId":"xbl93xqs9hhbyh4","trial_type":"external-html","trial_index":16,"time_elapsed":333588,"internal_node_id":"0.0-9.0-0.8"},{"rt":17415,"url":"../static/nodeGraphs.html","edge":"2to6","edgeRT":"16159","flipped":"FALSE","correct_edge":"0to2","index":"13","edgeClickLog":"[{\"edgeSelection\":\"2to6\",\"edgeRTMS\":16159}]","seed":" 49587019","task":"experiment","subjectId":"xbl93xqs9hhbyh4","trial_type":"external-html","trial_index":17,"time_elapsed":351694,"internal_node_id":"0.0-9.0-0.9"},{"rt":13705,"url":"../static/nodeGraphs.html","edge":"0to3","edgeRT":"12848","flipped":"FALSE","correct_edge":"4to7","index":"6","edgeClickLog":"[{\"edgeSelection\":\"0to3\",\"edgeRTMS\":12848}]","seed":" 13523788","task":"experiment","subjectId":"xbl93xqs9hhbyh4","trial_type":"external-html","trial_index":18,"time_elapsed":366092,"internal_node_id":"0.0-9.0-0.10"},{"rt":6606,"url":"../static/nodeGraphs.html","edge":"5to8","edgeRT":"5112","flipped":"TRUE","correct_edge":"5to8","index":"23","edgeClickLog":"[{\"edgeSelection\":\"5to8\",\"edgeRTMS\":5112}]","seed":" 46003743","task":"experiment","subjectId":"xbl93xqs9hhbyh4","trial_type":"external-html","trial_index":19,"time_elapsed":373394,"internal_node_id":"0.0-9.0-0.11"},{"rt":68104,"url":"../static/nodeGraphs.html","edge":"0to2","edgeRT":"67228","flipped":"TRUE","correct_edge":"0to2","index":"33","edgeClickLog":"[{\"edgeSelection\":\"0to2\",\"edgeRTMS\":67228}]","seed":" 49587019","task":"experiment","subjectId":"xbl93xqs9hhbyh4","trial_type":"external-html","trial_index":20,"time_elapsed":442201,"internal_node_id":"0.0-9.0-0.12"},{"rt":17063,"url":"../static/nodeGraphs.html","edge":"3to5","edgeRT":"15766","flipped":"FALSE","correct_edge":"0to2","index":"7","edgeClickLog":"[{\"edgeSelection\":\"3to5\",\"edgeRTMS\":15766}]","seed":" 85614324","task":"experiment","subjectId":"xbl93xqs9hhbyh4","trial_type":"external-html","trial_index":21,"time_elapsed":459952,"internal_node_id":"0.0-9.0-0.13"},{"rt":6921,"url":"../static/nodeGraphs.html","edge":"0to1","edgeRT":"3511","flipped":"FALSE","correct_edge":"0to1","index":"0","edgeClickLog":"[{\"edgeSelection\":\"0to1\",\"edgeRTMS\":3511}]","seed":" 21745736","task":"experiment","subjectId":"xbl93xqs9hhbyh4","trial_type":"external-html","trial_index":22,"time_elapsed":467563,"internal_node_id":"0.0-9.0-0.14"},{"rt":32412,"url":"../static/nodeGraphs.html","edge":"0to1","edgeRT":"31261","flipped":"TRUE","correct_edge":"0to1","index":"32","edgeClickLog":"[{\"edgeSelection\":\"0to1\",\"edgeRTMS\":31261}]","seed":" 36895371","task":"experiment","subjectId":"xbl93xqs9hhbyh4","trial_type":"external-html","trial_index":23,"time_elapsed":500662,"internal_node_id":"0.0-9.0-0.15"},{"rt":8702,"url":"../static/nodeGraphs.html","edge":"0to3","edgeRT":"7070","flipped":"TRUE","correct_edge":"0to3","index":"20","edgeClickLog":"[{\"edgeSelection\":\"0to3\",\"edgeRTMS\":7070}]","seed":" 21745736","task":"experiment","subjectId":"xbl93xqs9hhbyh4","trial_type":"external-html","trial_index":24,"time_elapsed":510048,"internal_node_id":"0.0-9.0-0.16"},{"rt":9432,"url":"../static/nodeGraphs.html","edge":"0to1","edgeRT":"8307","flipped":"FALSE","correct_edge":"0to2","index":"10","edgeClickLog":"[{\"edgeSelection\":\"0to1\",\"edgeRTMS\":8307}]","seed":" 39688702","task":"experiment","subjectId":"xbl93xqs9hhbyh4","trial_type":"external-html","trial_index":25,"time_elapsed":520233,"internal_node_id":"0.0-9.0-0.17"},{"rt":6589,"url":"../static/nodeGraphs.html","edge":"1to5","edgeRT":"4859","flipped":"TRUE","correct_edge":"0to2","index":"27","edgeClickLog":"[{\"edgeSelection\":\"1to5\",\"edgeRTMS\":4859}]","seed":" 85614324","task":"experiment","subjectId":"xbl93xqs9hhbyh4","trial_type":"external-html","trial_index":26,"time_elapsed":527515,"internal_node_id":"0.0-9.0-0.18"},{"rt":22850,"url":"../static/nodeGraphs.html","edge":"2to6","edgeRT":"18754","flipped":"TRUE","correct_edge":"2to6","index":"25","edgeClickLog":"[{\"edgeSelection\":\"2to6\",\"edgeRTMS\":18754}]","seed":" 10409262","task":"experiment","subjectId":"xbl93xqs9hhbyh4","trial_type":"external-html","trial_index":27,"time_elapsed":551052,"internal_node_id":"0.0-9.0-0.19"},{"rt":9469,"url":"../static/nodeGraphs.html","edge":"2to4","edgeRT":"6749","flipped":"FALSE","correct_edge":"2to4","index":"5","edgeClickLog":"[{\"edgeSelection\":\"2to4\",\"edgeRTMS\":6749}]","seed":" 10409262","task":"experiment","subjectId":"xbl93xqs9hhbyh4","trial_type":"external-html","trial_index":28,"time_elapsed":561213,"internal_node_id":"0.0-9.0-0.20"},{"rt":7710,"url":"../static/nodeGraphs.html","edge":"1to5","edgeRT":"6518","flipped":"TRUE","correct_edge":"1to5","index":"38","edgeClickLog":"[{\"edgeSelection\":\"1to5\",\"edgeRTMS\":6518}]","seed":" 22181670","task":"experiment","subjectId":"xbl93xqs9hhbyh4","trial_type":"external-html","trial_index":29,"time_elapsed":569635,"internal_node_id":"0.0-9.0-0.21"},{"rt":16313,"url":"../static/nodeGraphs.html","edge":"2to4","edgeRT":"14797","flipped":"FALSE","correct_edge":"0to2","index":"8","edgeClickLog":"[{\"edgeSelection\":\"0to2\",\"edgeRTMS\":10785},{\"edgeSelection\":\"2to4\",\"edgeRTMS\":14797}]","seed":" 8396978","task":"experiment","subjectId":"xbl93xqs9hhbyh4","trial_type":"external-html","trial_index":30,"time_elapsed":586647,"internal_node_id":"0.0-9.0-0.22"},{"rt":10257,"url":"../static/nodeGraphs.html","edge":"1to4","edgeRT":"8101","flipped":"FALSE","correct_edge":"0to2","index":"11","edgeClickLog":"[{\"edgeSelection\":\"1to4\",\"edgeRTMS\":8101}]","seed":" 63833578","task":"experiment","subjectId":"xbl93xqs9hhbyh4","trial_type":"external-html","trial_index":31,"time_elapsed":597591,"internal_node_id":"0.0-9.0-0.23"},{"rt":4269,"url":"../static/nodeGraphs.html","edge":"5to8","edgeRT":"3025","flipped":"FALSE","correct_edge":"5to8","index":"3","edgeClickLog":"[{\"edgeSelection\":\"5to8\",\"edgeRTMS\":3025}]","seed":" 46003743","task":"experiment","subjectId":"xbl93xqs9hhbyh4","trial_type":"external-html","trial_index":32,"time_elapsed":602563,"internal_node_id":"0.0-9.0-0.24"},{"rt":9469,"url":"../static/nodeGraphs.html","edge":"5to7","edgeRT":"5978","flipped":"FALSE","correct_edge":"0to1","index":"19","edgeClickLog":"[{\"edgeSelection\":\"5to7\",\"edgeRTMS\":5978}]","seed":" 37422119","task":"experiment","subjectId":"xbl93xqs9hhbyh4","trial_type":"external-html","trial_index":33,"time_elapsed":612724,"internal_node_id":"0.0-9.0-0.25"},{"rt":6234,"url":"../static/nodeGraphs.html","edge":"5to9","edgeRT":"4271","flipped":"TRUE","correct_edge":"0to1","index":"29","edgeClickLog":"[{\"edgeSelection\":\"5to9\",\"edgeRTMS\":4271}]","seed":" 61187187","task":"experiment","subjectId":"xbl93xqs9hhbyh4","trial_type":"external-html","trial_index":34,"time_elapsed":619727,"internal_node_id":"0.0-9.0-0.26"},{"rt":11154,"url":"../static/nodeGraphs.html","edge":"3to5","edgeRT":"8304","flipped":"TRUE","correct_edge":"0to2","index":"37","edgeClickLog":"[{\"edgeSelection\":\"3to5\",\"edgeRTMS\":8304}]","seed":" 21211189","task":"experiment","subjectId":"xbl93xqs9hhbyh4","trial_type":"external-html","trial_index":35,"time_elapsed":631573,"internal_node_id":"0.0-9.0-0.27"},{"rt":10659,"url":"../static/nodeGraphs.html","edge":"3to6","edgeRT":"7524","flipped":"TRUE","correct_edge":"0to2","index":"31","edgeClickLog":"[{\"edgeSelection\":\"3to6\",\"edgeRTMS\":7524}]","seed":" 63833578","task":"experiment","subjectId":"xbl93xqs9hhbyh4","trial_type":"external-html","trial_index":36,"time_elapsed":642929,"internal_node_id":"0.0-9.0-0.28"},{"rt":9033,"url":"../static/nodeGraphs.html","edge":"6to9","edgeRT":"7898","flipped":"TRUE","correct_edge":"6to9","index":"26","edgeClickLog":"[{\"edgeSelection\":\"6to9\",\"edgeRTMS\":7898}]","seed":" 13523788","task":"experiment","subjectId":"xbl93xqs9hhbyh4","trial_type":"external-html","trial_index":37,"time_elapsed":652657,"internal_node_id":"0.0-9.0-0.29"},{"rt":10302,"url":"../static/nodeGraphs.html","edge":"0to3","edgeRT":"8419","flipped":"FALSE","correct_edge":"0to3","index":"12","edgeClickLog":"[{\"edgeSelection\":\"0to3\",\"edgeRTMS\":8419}]","seed":" 36895371","task":"experiment","subjectId":"xbl93xqs9hhbyh4","trial_type":"external-html","trial_index":38,"time_elapsed":663650,"internal_node_id":"0.0-9.0-0.30"},{"rt":8673,"url":"../static/nodeGraphs.html","edge":"2to4","edgeRT":"6331","flipped":"TRUE","correct_edge":"2to4","index":"35","edgeClickLog":"[{\"edgeSelection\":\"2to4\",\"edgeRTMS\":6331}]","seed":" 53220770","task":"experiment","subjectId":"xbl93xqs9hhbyh4","trial_type":"external-html","trial_index":39,"time_elapsed":673021,"internal_node_id":"0.0-9.0-0.31"},{"rt":13383,"url":"../static/nodeGraphs.html","edge":"2to4","edgeRT":"6287","flipped":"FALSE","correct_edge":"2to4","index":"4","edgeClickLog":"[{\"edgeSelection\":\"2to4\",\"edgeRTMS\":6287}]","seed":" 36501291","task":"experiment","subjectId":"xbl93xqs9hhbyh4","trial_type":"external-html","trial_index":40,"time_elapsed":687093,"internal_node_id":"0.0-9.0-0.32"},{"rt":5497,"url":"../static/nodeGraphs.html","edge":"2to6","edgeRT":"4489","flipped":"TRUE","correct_edge":"2to6","index":"24","edgeClickLog":"[{\"edgeSelection\":\"2to6\",\"edgeRTMS\":4489}]","seed":" 36501291","task":"experiment","subjectId":"xbl93xqs9hhbyh4","trial_type":"external-html","trial_index":41,"time_elapsed":693281,"internal_node_id":"0.0-9.0-0.33"},{"rt":13742,"url":"../static/nodeGraphs.html","edge":"0to2","edgeRT":"10873","flipped":"TRUE","correct_edge":"0to2","index":"28","edgeClickLog":"[{\"edgeSelection\":\"0to2\",\"edgeRTMS\":10873}]","seed":" 8396978","task":"experiment","subjectId":"xbl93xqs9hhbyh4","trial_type":"external-html","trial_index":42,"time_elapsed":707717,"internal_node_id":"0.0-9.0-0.34"},{"rt":6962,"url":"../static/nodeGraphs.html","edge":"2to6","edgeRT":"3820","flipped":"FALSE","correct_edge":"2to6","index":"15","edgeClickLog":"[{\"edgeSelection\":\"2to6\",\"edgeRTMS\":3820}]","seed":" 53220770","task":"experiment","subjectId":"xbl93xqs9hhbyh4","trial_type":"external-html","trial_index":43,"time_elapsed":715361,"internal_node_id":"0.0-9.0-0.35"},{"rt":17562,"url":"../static/nodeGraphs.html","edge":"0to2","edgeRT":"15338","flipped":"TRUE","correct_edge":"0to2","index":"34","edgeClickLog":"[{\"edgeSelection\":\"0to2\",\"edgeRTMS\":15338}]","seed":" 21083760","task":"experiment","subjectId":"xbl93xqs9hhbyh4","trial_type":"external-html","trial_index":44,"time_elapsed":733614,"internal_node_id":"0.0-9.0-0.36"},{"rt":10628,"url":"../static/nodeGraphs.html","edge":"1to5","edgeRT":"7893","flipped":"FALSE","correct_edge":"0to2","index":"17","edgeClickLog":"[{\"edgeSelection\":\"1to5\",\"edgeRTMS\":7893}]","seed":" 21211189","task":"experiment","subjectId":"xbl93xqs9hhbyh4","trial_type":"external-html","trial_index":45,"time_elapsed":744941,"internal_node_id":"0.0-9.0-0.37"},{"rt":14223,"url":"../static/nodeGraphs.html","edge":"0to1","edgeRT":"12834","flipped":"FALSE","correct_edge":"0to2","index":"14","edgeClickLog":"[{\"edgeSelection\":\"0to1\",\"edgeRTMS\":12834}]","seed":" 21083760","task":"experiment","subjectId":"xbl93xqs9hhbyh4","trial_type":"external-html","trial_index":46,"time_elapsed":759868,"internal_node_id":"0.0-9.0-0.38"},{"rt":7586,"url":"../static/nodeGraphs.html","edge":"5to9","edgeRT":"6333","flipped":"TRUE","correct_edge":"0to3","index":"39","edgeClickLog":"[{\"edgeSelection\":\"5to9\",\"edgeRTMS\":6333}]","seed":" 37422119","task":"experiment","subjectId":"xbl93xqs9hhbyh4","trial_type":"external-html","trial_index":47,"time_elapsed":768139,"internal_node_id":"0.0-9.0-0.39"},{"rt":77563,"response":{"P0_Q0":null,"P0_Q1":2,"P0_Q2":7,"P0_Q3":7,"P0_Q4":1,"P0_Q5":1,"strategies":"First finding out how many points the student received first, then looking at the path they took, I chose a path they are likely to use depending on where they started that will get the most points","feedback":""},"accuracy":[],"trial_type":"survey","trial_index":48,"time_elapsed":846273,"internal_node_id":"0.0-10.0"},{"rt":2163,"stimulus":"<p>Thanks for your time!</p>        <p>We need to manually calculate your bonus pay, please give us up to 7 days.</p><p>Press any key to conclude.</p>","response":" ","task":"end","subjectId":"xbl93xqs9hhbyh4","trial_type":"html-keyboard-response","trial_index":49,"time_elapsed":848439,"internal_node_id":"0.0-11.0","interactions":"[{\"event\":\"fullscreenenter\",\"trial\":1,\"time\":2626},{\"event\":\"blur\",\"trial\":11,\"time\":259149},{\"event\":\"fullscreenexit\",\"trial\":11,\"time\":259156},{\"event\":\"focus\",\"trial\":11,\"time\":259297},{\"event\":\"blur\",\"trial\":20,\"time\":406721},{\"event\":\"focus\",\"trial\":20,\"time\":414069},{\"event\":\"blur\",\"trial\":23,\"time\":470586},{\"event\":\"focus\",\"trial\":23,\"time\":487667},{\"event\":\"blur\",\"trial\":44,\"time\":717961},{\"event\":\"focus\",\"trial\":44,\"time\":722926}]"}]