[{"success":true,"timeout":false,"failed_images":[],"failed_audio":[],"failed_video":[],"trial_type":"preload","trial_index":0,"time_elapsed":1444,"internal_node_id":"0.0-0.0"},{"success":true,"trial_type":"fullscreen","trial_index":1,"time_elapsed":4908,"internal_node_id":"0.0-1.0"},{"rt":2235,"stimulus":"Welcome to the experiment. Press any key to begin.","response":" ","trial_type":"html-keyboard-response","trial_index":2,"time_elapsed":7146,"internal_node_id":"0.0-2.0"},{"view_history":[{"page_index":0,"viewing_time":6384},{"page_index":1,"viewing_time":5116},{"page_index":2,"viewing_time":21833},{"page_index":3,"viewing_time":3417},{"page_index":4,"viewing_time":1918},{"page_index":5,"viewing_time":1167},{"page_index":6,"viewing_time":4766},{"page_index":7,"viewing_time":8616},{"page_index":8,"viewing_time":29683},{"page_index":9,"viewing_time":19600},{"page_index":10,"viewing_time":4083},{"page_index":11,"viewing_time":900},{"page_index":12,"viewing_time":717},{"page_index":13,"viewing_time":2067},{"page_index":14,"viewing_time":6550},{"page_index":15,"viewing_time":8817},{"page_index":16,"viewing_time":2816},{"page_index":17,"viewing_time":534},{"page_index":18,"viewing_time":617},{"page_index":19,"viewing_time":4417},{"page_index":20,"viewing_time":7299},{"page_index":21,"viewing_time":4550}],"rt":145868,"trial_type":"instructions","trial_index":3,"time_elapsed":153014,"internal_node_id":"0.0-3.0"},{"rt":100128,"url":"../static/nodeGraphsTraining.html","edgeClickLog":[],"trial_type":"external-html","trial_index":4,"time_elapsed":253565,"internal_node_id":"0.0-4.0"},{"rt":27478,"response":{"q1":"The goal is to help the student to get the most points","q2":"False","q3":"Possible paths the student can take.","q4":"Paths that the student took before."},"question_order":[0,1,2,3],"trial_type":"survey-multi-choice","trial_index":5,"time_elapsed":281048,"internal_node_id":"0.0-5.0"},{"rt":null,"stimulus":"<p>You can take a 60 second break before starting the experiment.</p><br><br><p>This page will advance in 60 seconds or you can press any key to advance now.</p>","response":null,"trial_type":"html-keyboard-response","trial_index":6,"time_elapsed":341056,"internal_node_id":"0.0-7.0"},{"view_history":[{"page_index":0,"viewing_time":24320}],"rt":24321,"trial_type":"instructions","trial_index":7,"time_elapsed":365378,"internal_node_id":"0.0-8.0"},{"rt":20486,"url":"../static/nodeGraphs.html","edge":"3to6","edgeRT":"11442","flipped":"TRUE","correct_edge":"3to6","index":"22","edgeClickLog":"[{\"edgeSelection\":\"3to6\",\"edgeRTMS\":11442}]","seed":" 22809663","task":"experiment","subjectId":"bt53h3xkoa94den","trial_type":"external-html","trial_index":8,"time_elapsed":386229,"internal_node_id":"0.0-9.0-0.0"},{"rt":25537,"url":"../static/nodeGraphs.html","edge":"6to9","edgeRT":"21705","flipped":"TRUE","correct_edge":"6to9","index":"26","edgeClickLog":"[{\"edgeSelection\":\"6to9\",\"edgeRTMS\":21705}]","seed":" 13523788","task":"experiment","subjectId":"bt53h3xkoa94den","trial_type":"external-html","trial_index":9,"time_elapsed":412627,"internal_node_id":"0.0-9.0-0.1"},{"rt":18141,"url":"../static/nodeGraphs.html","edge":"0to2","edgeRT":"16976","flipped":"FALSE","correct_edge":"0to2","index":"11","edgeClickLog":"[{\"edgeSelection\":\"0to2\",\"edgeRTMS\":16976}]","seed":" 63833578","task":"experiment","subjectId":"bt53h3xkoa94den","trial_type":"external-html","trial_index":10,"time_elapsed":431594,"internal_node_id":"0.0-9.0-0.2"},{"rt":5583,"url":"../static/nodeGraphs.html","edge":"4to8","edgeRT":"4216","flipped":"FALSE","correct_edge":"4to8","index":"1","edgeClickLog":"[{\"edgeSelection\":\"4to8\",\"edgeRTMS\":4216}]","seed":" 32816305","task":"experiment","subjectId":"bt53h3xkoa94den","trial_type":"external-html","trial_index":11,"time_elapsed":437811,"internal_node_id":"0.0-9.0-0.3"},{"rt":10774,"url":"../static/nodeGraphs.html","edge":"3to5","edgeRT":"7440","flipped":"FALSE","correct_edge":"5to9","index":"16","edgeClickLog":"[{\"edgeSelection\":\"3to5\",\"edgeRTMS\":7440}]","seed":" 5655743","task":"experiment","subjectId":"bt53h3xkoa94den","trial_type":"external-html","trial_index":12,"time_elapsed":449212,"internal_node_id":"0.0-9.0-0.4"},{"rt":13145,"url":"../static/nodeGraphs.html","edge":"2to6","edgeRT":"11380","flipped":"TRUE","correct_edge":"2to6","index":"24","edgeClickLog":"[{\"edgeSelection\":\"2to6\",\"edgeRTMS\":11380}]","seed":" 36501291","task":"experiment","subjectId":"bt53h3xkoa94den","trial_type":"external-html","trial_index":13,"time_elapsed":463227,"internal_node_id":"0.0-9.0-0.5"},{"rt":11549,"url":"../static/nodeGraphs.html","edge":"3to5","edgeRT":"6534","flipped":"FALSE","correct_edge":"3to5","index":"18","edgeClickLog":"[{\"edgeSelection\":\"3to5\",\"edgeRTMS\":6534}]","seed":" 22181670","task":"experiment","subjectId":"bt53h3xkoa94den","trial_type":"external-html","trial_index":14,"time_elapsed":475410,"internal_node_id":"0.0-9.0-0.6"},{"rt":23981,"url":"../static/nodeGraphs.html","edge":"0to3","edgeRT":"14087","flipped":"TRUE","correct_edge":"0to2","index":"34","edgeClickLog":"[{\"edgeSelection\":\"0to3\",\"edgeRTMS\":14087}]","seed":" 21083760","task":"experiment","subjectId":"bt53h3xkoa94den","trial_type":"external-html","trial_index":15,"time_elapsed":500056,"internal_node_id":"0.0-9.0-0.7"},{"rt":11164,"url":"../static/nodeGraphs.html","edge":"0to3","edgeRT":"10002","flipped":"TRUE","correct_edge":"0to2","index":"27","edgeClickLog":"[{\"edgeSelection\":\"0to3\",\"edgeRTMS\":10002}]","seed":" 85614324","task":"experiment","subjectId":"bt53h3xkoa94den","trial_type":"external-html","trial_index":16,"time_elapsed":512078,"internal_node_id":"0.0-9.0-0.8"},{"rt":7279,"url":"../static/nodeGraphs.html","edge":"0to1","edgeRT":"5431","flipped":"FALSE","correct_edge":"0to1","index":"19","edgeClickLog":"[{\"edgeSelection\":\"0to1\",\"edgeRTMS\":5431}]","seed":" 37422119","task":"experiment","subjectId":"bt53h3xkoa94den","trial_type":"external-html","trial_index":17,"time_elapsed":520212,"internal_node_id":"0.0-9.0-0.9"},{"rt":16429,"url":"../static/nodeGraphs.html","edge":"2to4","edgeRT":"14863","flipped":"TRUE","correct_edge":"2to4","index":"35","edgeClickLog":"[{\"edgeSelection\":\"0to1\",\"edgeRTMS\":9679},{\"edgeSelection\":\"2to4\",\"edgeRTMS\":14863}]","seed":" 53220770","task":"experiment","subjectId":"bt53h3xkoa94den","trial_type":"external-html","trial_index":18,"time_elapsed":537281,"internal_node_id":"0.0-9.0-0.10"},{"rt":13699,"url":"../static/nodeGraphs.html","edge":"3to5","edgeRT":"12813","flipped":"TRUE","correct_edge":"0to2","index":"37","edgeClickLog":"[{\"edgeSelection\":\"3to5\",\"edgeRTMS\":12399},{\"edgeSelection\":\"3to5\",\"edgeRTMS\":12813}]","seed":" 21211189","task":"experiment","subjectId":"bt53h3xkoa94den","trial_type":"external-html","trial_index":19,"time_elapsed":551831,"internal_node_id":"0.0-9.0-0.11"},{"rt":11439,"url":"../static/nodeGraphs.html","edge":"3to6","edgeRT":"9707","flipped":"TRUE","correct_edge":"0to1","index":"29","edgeClickLog":"[{\"edgeSelection\":\"3to6\",\"edgeRTMS\":9707}]","seed":" 61187187","task":"experiment","subjectId":"bt53h3xkoa94den","trial_type":"external-html","trial_index":20,"time_elapsed":563897,"internal_node_id":"0.0-9.0-0.12"},{"rt":16633,"url":"../static/nodeGraphs.html","edge":"1to4","edgeRT":"7235","flipped":"FALSE","correct_edge":"0to3","index":"9","edgeClickLog":"[{\"edgeSelection\":\"1to4\",\"edgeRTMS\":7235}]","seed":" 61187187","task":"experiment","subjectId":"bt53h3xkoa94den","trial_type":"external-html","trial_index":21,"time_elapsed":581364,"internal_node_id":"0.0-9.0-0.13"},{"rt":21134,"url":"../static/nodeGraphs.html","edge":"0to1","edgeRT":"19737","flipped":"FALSE","correct_edge":"0to2","index":"10","edgeClickLog":"[{\"edgeSelection\":\"0to1\",\"edgeRTMS\":19737}]","seed":" 39688702","task":"experiment","subjectId":"bt53h3xkoa94den","trial_type":"external-html","trial_index":22,"time_elapsed":603348,"internal_node_id":"0.0-9.0-0.14"},{"rt":12051,"url":"../static/nodeGraphs.html","edge":"2to4","edgeRT":"10369","flipped":"FALSE","correct_edge":"2to4","index":"5","edgeClickLog":"[{\"edgeSelection\":\"2to4\",\"edgeRTMS\":10369}]","seed":" 10409262","task":"experiment","subjectId":"bt53h3xkoa94den","trial_type":"external-html","trial_index":23,"time_elapsed":616031,"internal_node_id":"0.0-9.0-0.15"},{"rt":11458,"url":"../static/nodeGraphs.html","edge":"0to3","edgeRT":"8393","flipped":"TRUE","correct_edge":"0to3","index":"39","edgeClickLog":"[{\"edgeSelection\":\"0to3\",\"edgeRTMS\":8393}]","seed":" 37422119","task":"experiment","subjectId":"bt53h3xkoa94den","trial_type":"external-html","trial_index":24,"time_elapsed":628114,"internal_node_id":"0.0-9.0-0.16"},{"rt":14748,"url":"../static/nodeGraphs.html","edge":"0to1","edgeRT":"10184","flipped":"TRUE","correct_edge":"0to1","index":"32","edgeClickLog":"[{\"edgeSelection\":\"0to1\",\"edgeRTMS\":10184}]","seed":" 36895371","task":"experiment","subjectId":"bt53h3xkoa94den","trial_type":"external-html","trial_index":25,"time_elapsed":643498,"internal_node_id":"0.0-9.0-0.17"},{"rt":7381,"url":"../static/nodeGraphs.html","edge":"1to5","edgeRT":"5500","flipped":"TRUE","correct_edge":"5to7","index":"36","edgeClickLog":"[{\"edgeSelection\":\"1to5\",\"edgeRTMS\":5500}]","seed":" 5655743","task":"experiment","subjectId":"bt53h3xkoa94den","trial_type":"external-html","trial_index":26,"time_elapsed":651514,"internal_node_id":"0.0-9.0-0.18"},{"rt":21807,"url":"../static/nodeGraphs.html","edge":"0to3","edgeRT":"17496","flipped":"FALSE","correct_edge":"0to2","index":"13","edgeClickLog":"[{\"edgeSelection\":\"0to3\",\"edgeRTMS\":17496}]","seed":" 49587019","task":"experiment","subjectId":"bt53h3xkoa94den","trial_type":"external-html","trial_index":27,"time_elapsed":673947,"internal_node_id":"0.0-9.0-0.19"},{"rt":17397,"url":"../static/nodeGraphs.html","edge":"0to2","edgeRT":"3881","flipped":"FALSE","correct_edge":"0to2","index":"8","edgeClickLog":"[{\"edgeSelection\":\"0to2\",\"edgeRTMS\":3881}]","seed":" 8396978","task":"experiment","subjectId":"bt53h3xkoa94den","trial_type":"external-html","trial_index":28,"time_elapsed":692181,"internal_node_id":"0.0-9.0-0.20"},{"rt":15374,"url":"../static/nodeGraphs.html","edge":"0to2","edgeRT":"3827","flipped":"TRUE","correct_edge":"1to5","index":"38","edgeClickLog":"[{\"edgeSelection\":\"0to2\",\"edgeRTMS\":3827}]","seed":" 22181670","task":"experiment","subjectId":"bt53h3xkoa94den","trial_type":"external-html","trial_index":29,"time_elapsed":708179,"internal_node_id":"0.0-9.0-0.21"},{"rt":7112,"url":"../static/nodeGraphs.html","edge":"5to8","edgeRT":"6048","flipped":"FALSE","correct_edge":"5to8","index":"3","edgeClickLog":"[{\"edgeSelection\":\"5to8\",\"edgeRTMS\":6048}]","seed":" 46003743","task":"experiment","subjectId":"bt53h3xkoa94den","trial_type":"external-html","trial_index":30,"time_elapsed":715914,"internal_node_id":"0.0-9.0-0.22"},{"rt":15284,"url":"../static/nodeGraphs.html","edge":"2to6","edgeRT":"9103","flipped":"TRUE","correct_edge":"2to6","index":"25","edgeClickLog":"[{\"edgeSelection\":\"2to6\",\"edgeRTMS\":7884},{\"edgeSelection\":\"2to6\",\"edgeRTMS\":9103}]","seed":" 10409262","task":"experiment","subjectId":"bt53h3xkoa94den","trial_type":"external-html","trial_index":31,"time_elapsed":731831,"internal_node_id":"0.0-9.0-0.23"},{"rt":10667,"url":"../static/nodeGraphs.html","edge":"6to8","edgeRT":"8837","flipped":"TRUE","correct_edge":"6to8","index":"21","edgeClickLog":"[{\"edgeSelection\":\"6to8\",\"edgeRTMS\":8837}]","seed":" 32816305","task":"experiment","subjectId":"bt53h3xkoa94den","trial_type":"external-html","trial_index":32,"time_elapsed":743130,"internal_node_id":"0.0-9.0-0.24"},{"rt":10027,"url":"../static/nodeGraphs.html","edge":"0to1","edgeRT":"7915","flipped":"FALSE","correct_edge":"0to2","index":"14","edgeClickLog":"[{\"edgeSelection\":\"0to1\",\"edgeRTMS\":7915}]","seed":" 21083760","task":"experiment","subjectId":"bt53h3xkoa94den","trial_type":"external-html","trial_index":33,"time_elapsed":753797,"internal_node_id":"0.0-9.0-0.25"},{"rt":8468,"url":"../static/nodeGraphs.html","edge":"5to8","edgeRT":"7055","flipped":"TRUE","correct_edge":"5to8","index":"23","edgeClickLog":"[{\"edgeSelection\":\"5to8\",\"edgeRTMS\":7055}]","seed":" 46003743","task":"experiment","subjectId":"bt53h3xkoa94den","trial_type":"external-html","trial_index":34,"time_elapsed":762898,"internal_node_id":"0.0-9.0-0.26"},{"rt":10977,"url":"../static/nodeGraphs.html","edge":"1to4","edgeRT":"7228","flipped":"FALSE","correct_edge":"1to4","index":"2","edgeClickLog":"[{\"edgeSelection\":\"1to4\",\"edgeRTMS\":7228}]","seed":" 22809663","task":"experiment","subjectId":"bt53h3xkoa94den","trial_type":"external-html","trial_index":35,"time_elapsed":774513,"internal_node_id":"0.0-9.0-0.27"},{"rt":28987,"url":"../static/nodeGraphs.html","edge":"2to4","edgeRT":"22906","flipped":"TRUE","correct_edge":"0to2","index":"33","edgeClickLog":"[{\"edgeSelection\":\"2to4\",\"edgeRTMS\":22906}]","seed":" 49587019","task":"experiment","subjectId":"bt53h3xkoa94den","trial_type":"external-html","trial_index":36,"time_elapsed":804347,"internal_node_id":"0.0-9.0-0.28"},{"rt":27719,"url":"../static/nodeGraphs.html","edge":"0to3","edgeRT":"26252","flipped":"TRUE","correct_edge":"0to2","index":"30","edgeClickLog":"[{\"edgeSelection\":\"0to3\",\"edgeRTMS\":26252}]","seed":" 39688702","task":"experiment","subjectId":"bt53h3xkoa94den","trial_type":"external-html","trial_index":37,"time_elapsed":832698,"internal_node_id":"0.0-9.0-0.29"},{"rt":7379,"url":"../static/nodeGraphs.html","edge":"1to5","edgeRT":"5145","flipped":"FALSE","correct_edge":"0to2","index":"17","edgeClickLog":"[{\"edgeSelection\":\"1to5\",\"edgeRTMS\":5145}]","seed":" 21211189","task":"experiment","subjectId":"bt53h3xkoa94den","trial_type":"external-html","trial_index":38,"time_elapsed":840931,"internal_node_id":"0.0-9.0-0.30"},{"rt":7770,"url":"../static/nodeGraphs.html","edge":"3to6","edgeRT":"6206","flipped":"TRUE","correct_edge":"0to2","index":"28","edgeClickLog":"[{\"edgeSelection\":\"3to6\",\"edgeRTMS\":6206}]","seed":" 8396978","task":"experiment","subjectId":"bt53h3xkoa94den","trial_type":"external-html","trial_index":39,"time_elapsed":849331,"internal_node_id":"0.0-9.0-0.31"},{"rt":9967,"url":"../static/nodeGraphs.html","edge":"0to3","edgeRT":"2654","flipped":"TRUE","correct_edge":"0to3","index":"20","edgeClickLog":"[{\"edgeSelection\":\"0to3\",\"edgeRTMS\":2654}]","seed":" 21745736","task":"experiment","subjectId":"bt53h3xkoa94den","trial_type":"external-html","trial_index":40,"time_elapsed":859930,"internal_node_id":"0.0-9.0-0.32"},{"rt":7537,"url":"../static/nodeGraphs.html","edge":"0to3","edgeRT":"6090","flipped":"FALSE","correct_edge":"0to3","index":"12","edgeClickLog":"[{\"edgeSelection\":\"0to3\",\"edgeRTMS\":6090}]","seed":" 36895371","task":"experiment","subjectId":"bt53h3xkoa94den","trial_type":"external-html","trial_index":41,"time_elapsed":868097,"internal_node_id":"0.0-9.0-0.33"},{"rt":25483,"url":"../static/nodeGraphs.html","edge":"2to6","edgeRT":"20223","flipped":"FALSE","correct_edge":"2to6","index":"15","edgeClickLog":"[{\"edgeSelection\":\"0to3\",\"edgeRTMS\":9804},{\"edgeSelection\":\"2to6\",\"edgeRTMS\":20223}]","seed":" 53220770","task":"experiment","subjectId":"bt53h3xkoa94den","trial_type":"external-html","trial_index":42,"time_elapsed":894213,"internal_node_id":"0.0-9.0-0.34"},{"rt":7880,"url":"../static/nodeGraphs.html","edge":"0to1","edgeRT":"6028","flipped":"FALSE","correct_edge":"0to1","index":"0","edgeClickLog":"[{\"edgeSelection\":\"0to1\",\"edgeRTMS\":6028}]","seed":" 21745736","task":"experiment","subjectId":"bt53h3xkoa94den","trial_type":"external-html","trial_index":43,"time_elapsed":902947,"internal_node_id":"0.0-9.0-0.35"},{"rt":9043,"url":"../static/nodeGraphs.html","edge":"1to5","edgeRT":"4064","flipped":"FALSE","correct_edge":"4to7","index":"6","edgeClickLog":"[{\"edgeSelection\":\"1to5\",\"edgeRTMS\":4064}]","seed":" 13523788","task":"experiment","subjectId":"bt53h3xkoa94den","trial_type":"external-html","trial_index":44,"time_elapsed":912847,"internal_node_id":"0.0-9.0-0.36"},{"rt":12338,"url":"../static/nodeGraphs.html","edge":"0to2","edgeRT":"3606","flipped":"TRUE","correct_edge":"0to2","index":"31","edgeClickLog":"[{\"edgeSelection\":\"0to2\",\"edgeRTMS\":3606}]","seed":" 63833578","task":"experiment","subjectId":"bt53h3xkoa94den","trial_type":"external-html","trial_index":45,"time_elapsed":925814,"internal_node_id":"0.0-9.0-0.37"},{"rt":9144,"url":"../static/nodeGraphs.html","edge":"2to4","edgeRT":"6832","flipped":"FALSE","correct_edge":"2to4","index":"4","edgeClickLog":"[{\"edgeSelection\":\"2to4\",\"edgeRTMS\":6832}]","seed":" 36501291","task":"experiment","subjectId":"bt53h3xkoa94den","trial_type":"external-html","trial_index":46,"time_elapsed":935796,"internal_node_id":"0.0-9.0-0.38"},{"rt":13863,"url":"../static/nodeGraphs.html","edge":"3to5","edgeRT":"6768","flipped":"FALSE","correct_edge":"0to2","index":"7","edgeClickLog":"[{\"edgeSelection\":\"3to5\",\"edgeRTMS\":6768}]","seed":" 85614324","task":"experiment","subjectId":"bt53h3xkoa94den","trial_type":"external-html","trial_index":47,"time_elapsed":950296,"internal_node_id":"0.0-9.0-0.39"},{"rt":45953,"response":{"P0_Q0":null,"P0_Q1":2,"P0_Q2":7,"P0_Q3":6,"P0_Q4":4,"P0_Q5":1,"strategies":"I tried to pick the best option based on the information I knew the student already had access to (aka the solid black lines).","feedback":"no"},"accuracy":[],"trial_type":"survey","trial_index":48,"time_elapsed":996814,"internal_node_id":"0.0-10.0"},{"rt":4829,"stimulus":"<p>Thanks for your time!</p>        <p>We need to manually calculate your bonus pay, please give us up to 7 days.</p><p>Press any key to conclude.</p>","response":"arrowright","task":"end","subjectId":"bt53h3xkoa94den","trial_type":"html-keyboard-response","trial_index":49,"time_elapsed":1001646,"internal_node_id":"0.0-11.0","interactions":"[{\"event\":\"fullscreenenter\",\"trial\":1,\"time\":3931}]"}]