[{"success":true,"timeout":false,"failed_images":[],"failed_audio":[],"failed_video":[],"trial_type":"preload","trial_index":0,"time_elapsed":2052,"internal_node_id":"0.0-0.0"},{"success":true,"trial_type":"fullscreen","trial_index":1,"time_elapsed":6085,"internal_node_id":"0.0-1.0"},{"rt":2285,"stimulus":"Welcome to the experiment. Press any key to begin.","response":" ","trial_type":"html-keyboard-response","trial_index":2,"time_elapsed":8374,"internal_node_id":"0.0-2.0"},{"view_history":[{"page_index":0,"viewing_time":3891},{"page_index":1,"viewing_time":6018},{"page_index":2,"viewing_time":47262},{"page_index":3,"viewing_time":16825},{"page_index":4,"viewing_time":2298},{"page_index":5,"viewing_time":5722},{"page_index":6,"viewing_time":2209},{"page_index":7,"viewing_time":11857},{"page_index":8,"viewing_time":14532},{"page_index":9,"viewing_time":20622},{"page_index":10,"viewing_time":3539},{"page_index":11,"viewing_time":1838},{"page_index":12,"viewing_time":3381},{"page_index":13,"viewing_time":1789},{"page_index":14,"viewing_time":3987},{"page_index":15,"viewing_time":14200},{"page_index":16,"viewing_time":2072},{"page_index":17,"viewing_time":1358},{"page_index":18,"viewing_time":1026},{"page_index":19,"viewing_time":4369},{"page_index":20,"viewing_time":6753},{"page_index":21,"viewing_time":4924}],"rt":180474,"trial_type":"instructions","trial_index":3,"time_elapsed":188850,"internal_node_id":"0.0-3.0"},{"rt":69306,"url":"../static/nodeGraphsTraining.html","edgeClickLog":[],"trial_type":"external-html","trial_index":4,"time_elapsed":258322,"internal_node_id":"0.0-4.0"},{"rt":48614,"response":{"q1":"The goal is to help the student to get the most points","q2":"False","q3":"Possible paths the student can take.","q4":"Paths that the student took before."},"question_order":[0,1,2,3],"trial_type":"survey-multi-choice","trial_index":5,"time_elapsed":306949,"internal_node_id":"0.0-5.0"},{"rt":4902,"stimulus":"<p>You can take a 60 second break before starting the experiment.</p><br><br><p>This page will advance in 60 seconds or you can press any key to advance now.</p>","response":" ","trial_type":"html-keyboard-response","trial_index":6,"time_elapsed":311869,"internal_node_id":"0.0-7.0"},{"view_history":[{"page_index":0,"viewing_time":6812}],"rt":6813,"trial_type":"instructions","trial_index":7,"time_elapsed":318689,"internal_node_id":"0.0-8.0"},{"rt":15663,"url":"../static/nodeGraphs.html","edge":"1to5","edgeRT":"11811","flipped":"TRUE","correct_edge":"5to7","index":"36","edgeClickLog":"[{\"edgeSelection\":\"1to5\",\"edgeRTMS\":11811}]","seed":" 5655743","task":"experiment","subjectId":"13hf4g4xq04cyw9","trial_type":"external-html","trial_index":8,"time_elapsed":335242,"internal_node_id":"0.0-9.0-0.0"},{"rt":36791,"url":"../static/nodeGraphs.html","edge":"0to1","edgeRT":"19923","flipped":"TRUE","correct_edge":"0to1","index":"32","edgeClickLog":"[{\"edgeSelection\":\"0to1\",\"edgeRTMS\":19923}]","seed":" 36895371","task":"experiment","subjectId":"13hf4g4xq04cyw9","trial_type":"external-html","trial_index":9,"time_elapsed":374010,"internal_node_id":"0.0-9.0-0.1"},{"rt":14353,"url":"../static/nodeGraphs.html","edge":"0to1","edgeRT":"10812","flipped":"FALSE","correct_edge":"0to2","index":"14","edgeClickLog":"[{\"edgeSelection\":\"0to1\",\"edgeRTMS\":10812}]","seed":" 21083760","task":"experiment","subjectId":"13hf4g4xq04cyw9","trial_type":"external-html","trial_index":10,"time_elapsed":393400,"internal_node_id":"0.0-9.0-0.2"},{"rt":34049,"url":"../static/nodeGraphs.html","edge":"0to1","edgeRT":"31856","flipped":"FALSE","correct_edge":"0to1","index":"0","edgeClickLog":"[{\"edgeSelection\":\"0to1\",\"edgeRTMS\":31856}]","seed":" 21745736","task":"experiment","subjectId":"13hf4g4xq04cyw9","trial_type":"external-html","trial_index":11,"time_elapsed":429439,"internal_node_id":"0.0-9.0-0.3"},{"rt":10362,"url":"../static/nodeGraphs.html","edge":"2to4","edgeRT":"7761","flipped":"FALSE","correct_edge":"2to4","index":"4","edgeClickLog":"[{\"edgeSelection\":\"2to4\",\"edgeRTMS\":7761}]","seed":" 36501291","task":"experiment","subjectId":"13hf4g4xq04cyw9","trial_type":"external-html","trial_index":12,"time_elapsed":442369,"internal_node_id":"0.0-9.0-0.4"},{"rt":19141,"url":"../static/nodeGraphs.html","edge":"4to7","edgeRT":"15233","flipped":"FALSE","correct_edge":"4to7","index":"6","edgeClickLog":"[{\"edgeSelection\":\"0to3\",\"edgeRTMS\":9663},{\"edgeSelection\":\"0to3\",\"edgeRTMS\":13228},{\"edgeSelection\":\"4to7\",\"edgeRTMS\":15233}]","seed":" 13523788","task":"experiment","subjectId":"13hf4g4xq04cyw9","trial_type":"external-html","trial_index":13,"time_elapsed":463369,"internal_node_id":"0.0-9.0-0.5"},{"rt":11916,"url":"../static/nodeGraphs.html","edge":"2to6","edgeRT":"4757","flipped":"FALSE","correct_edge":"2to6","index":"15","edgeClickLog":"[{\"edgeSelection\":\"2to6\",\"edgeRTMS\":4757}]","seed":" 53220770","task":"experiment","subjectId":"13hf4g4xq04cyw9","trial_type":"external-html","trial_index":14,"time_elapsed":478280,"internal_node_id":"0.0-9.0-0.6"},{"rt":10076,"url":"../static/nodeGraphs.html","edge":"2to6","edgeRT":"3572","flipped":"TRUE","correct_edge":"2to6","index":"25","edgeClickLog":"[{\"edgeSelection\":\"2to6\",\"edgeRTMS\":3572}]","seed":" 10409262","task":"experiment","subjectId":"13hf4g4xq04cyw9","trial_type":"external-html","trial_index":15,"time_elapsed":489776,"internal_node_id":"0.0-9.0-0.7"},{"rt":14952,"url":"../static/nodeGraphs.html","edge":"0to3","edgeRT":"8594","flipped":"TRUE","correct_edge":"0to2","index":"30","edgeClickLog":"[{\"edgeSelection\":\"0to3\",\"edgeRTMS\":8594}]","seed":" 39688702","task":"experiment","subjectId":"13hf4g4xq04cyw9","trial_type":"external-html","trial_index":16,"time_elapsed":515702,"internal_node_id":"0.0-9.0-0.8"},{"rt":16674,"url":"../static/nodeGraphs.html","edge":"6to8","edgeRT":"12921","flipped":"TRUE","correct_edge":"6to8","index":"21","edgeClickLog":"[{\"edgeSelection\":\"6to8\",\"edgeRTMS\":12921}]","seed":" 32816305","task":"experiment","subjectId":"13hf4g4xq04cyw9","trial_type":"external-html","trial_index":17,"time_elapsed":534278,"internal_node_id":"0.0-9.0-0.9"},{"rt":20956,"url":"../static/nodeGraphs.html","edge":"0to2","edgeRT":"18631","flipped":"TRUE","correct_edge":"0to2","index":"31","edgeClickLog":"[{\"edgeSelection\":\"0to2\",\"edgeRTMS\":18631}]","seed":" 63833578","task":"experiment","subjectId":"13hf4g4xq04cyw9","trial_type":"external-html","trial_index":18,"time_elapsed":557510,"internal_node_id":"0.0-9.0-0.10"},{"rt":6515,"url":"../static/nodeGraphs.html","edge":"0to2","edgeRT":"3521","flipped":"FALSE","correct_edge":"0to2","index":"11","edgeClickLog":"[{\"edgeSelection\":\"0to2\",\"edgeRTMS\":3521}]","seed":" 63833578","task":"experiment","subjectId":"13hf4g4xq04cyw9","trial_type":"external-html","trial_index":19,"time_elapsed":565610,"internal_node_id":"0.0-9.0-0.11"},{"rt":28444,"url":"../static/nodeGraphs.html","edge":"0to2","edgeRT":"9525","flipped":"TRUE","correct_edge":"0to2","index":"37","edgeClickLog":"[{\"edgeSelection\":\"0to2\",\"edgeRTMS\":9525}]","seed":" 21211189","task":"experiment","subjectId":"13hf4g4xq04cyw9","trial_type":"external-html","trial_index":20,"time_elapsed":595675,"internal_node_id":"0.0-9.0-0.12"},{"rt":8135,"url":"../static/nodeGraphs.html","edge":"2to4","edgeRT":"6157","flipped":"FALSE","correct_edge":"2to4","index":"5","edgeClickLog":"[{\"edgeSelection\":\"2to4\",\"edgeRTMS\":6157}]","seed":" 10409262","task":"experiment","subjectId":"13hf4g4xq04cyw9","trial_type":"external-html","trial_index":21,"time_elapsed":605648,"internal_node_id":"0.0-9.0-0.13"},{"rt":28686,"url":"../static/nodeGraphs.html","edge":"3to6","edgeRT":"25971","flipped":"TRUE","correct_edge":"0to2","index":"28","edgeClickLog":"[{\"edgeSelection\":\"3to6\",\"edgeRTMS\":25971}]","seed":" 8396978","task":"experiment","subjectId":"13hf4g4xq04cyw9","trial_type":"external-html","trial_index":22,"time_elapsed":637709,"internal_node_id":"0.0-9.0-0.14"},{"rt":12660,"url":"../static/nodeGraphs.html","edge":"2to4","edgeRT":"10263","flipped":"TRUE","correct_edge":"2to4","index":"35","edgeClickLog":"[{\"edgeSelection\":\"2to4\",\"edgeRTMS\":10263}]","seed":" 53220770","task":"experiment","subjectId":"13hf4g4xq04cyw9","trial_type":"external-html","trial_index":23,"time_elapsed":651945,"internal_node_id":"0.0-9.0-0.15"},{"rt":22157,"url":"../static/nodeGraphs.html","edge":"0to2","edgeRT":"18765","flipped":"TRUE","correct_edge":"0to2","index":"33","edgeClickLog":"[{\"edgeSelection\":\"0to2\",\"edgeRTMS\":18765}]","seed":" 49587019","task":"experiment","subjectId":"13hf4g4xq04cyw9","trial_type":"external-html","trial_index":24,"time_elapsed":677037,"internal_node_id":"0.0-9.0-0.16"},{"rt":8585,"url":"../static/nodeGraphs.html","edge":"3to6","edgeRT":"7193","flipped":"TRUE","correct_edge":"3to6","index":"22","edgeClickLog":"[{\"edgeSelection\":\"3to6\",\"edgeRTMS\":7193}]","seed":" 22809663","task":"experiment","subjectId":"13hf4g4xq04cyw9","trial_type":"external-html","trial_index":25,"time_elapsed":687474,"internal_node_id":"0.0-9.0-0.17"},{"rt":14820,"url":"../static/nodeGraphs.html","edge":"3to5","edgeRT":"9586","flipped":"FALSE","correct_edge":"0to2","index":"7","edgeClickLog":"[{\"edgeSelection\":\"3to5\",\"edgeRTMS\":9586}]","seed":" 85614324","task":"experiment","subjectId":"13hf4g4xq04cyw9","trial_type":"external-html","trial_index":26,"time_elapsed":705093,"internal_node_id":"0.0-9.0-0.18"},{"rt":11781,"url":"../static/nodeGraphs.html","edge":"0to3","edgeRT":"7786","flipped":"TRUE","correct_edge":"0to3","index":"20","edgeClickLog":"[{\"edgeSelection\":\"0to3\",\"edgeRTMS\":7786}]","seed":" 21745736","task":"experiment","subjectId":"13hf4g4xq04cyw9","trial_type":"external-html","trial_index":27,"time_elapsed":718391,"internal_node_id":"0.0-9.0-0.19"},{"rt":24917,"url":"../static/nodeGraphs.html","edge":"5to7","edgeRT":"17725","flipped":"FALSE","correct_edge":"0to3","index":"9","edgeClickLog":"[{\"edgeSelection\":\"5to7\",\"edgeRTMS\":17725}]","seed":" 61187187","task":"experiment","subjectId":"13hf4g4xq04cyw9","trial_type":"external-html","trial_index":28,"time_elapsed":748854,"internal_node_id":"0.0-9.0-0.20"},{"rt":29820,"url":"../static/nodeGraphs.html","edge":"0to1","edgeRT":"20336","flipped":"TRUE","correct_edge":"0to1","index":"29","edgeClickLog":"[{\"edgeSelection\":\"0to1\",\"edgeRTMS\":20336}]","seed":" 61187187","task":"experiment","subjectId":"13hf4g4xq04cyw9","trial_type":"external-html","trial_index":29,"time_elapsed":780645,"internal_node_id":"0.0-9.0-0.21"},{"rt":10695,"url":"../static/nodeGraphs.html","edge":"1to4","edgeRT":"7850","flipped":"FALSE","correct_edge":"0to2","index":"8","edgeClickLog":"[{\"edgeSelection\":\"1to4\",\"edgeRTMS\":7850}]","seed":" 8396978","task":"experiment","subjectId":"13hf4g4xq04cyw9","trial_type":"external-html","trial_index":30,"time_elapsed":794350,"internal_node_id":"0.0-9.0-0.22"},{"rt":9278,"url":"../static/nodeGraphs.html","edge":"4to8","edgeRT":"7462","flipped":"FALSE","correct_edge":"4to8","index":"1","edgeClickLog":"[{\"edgeSelection\":\"4to8\",\"edgeRTMS\":7462}]","seed":" 32816305","task":"experiment","subjectId":"13hf4g4xq04cyw9","trial_type":"external-html","trial_index":31,"time_elapsed":808511,"internal_node_id":"0.0-9.0-0.23"},{"rt":12624,"url":"../static/nodeGraphs.html","edge":"1to4","edgeRT":"10776","flipped":"FALSE","correct_edge":"1to4","index":"2","edgeClickLog":"[{\"edgeSelection\":\"1to4\",\"edgeRTMS\":10776}]","seed":" 22809663","task":"experiment","subjectId":"13hf4g4xq04cyw9","trial_type":"external-html","trial_index":32,"time_elapsed":824021,"internal_node_id":"0.0-9.0-0.24"},{"rt":11940,"url":"../static/nodeGraphs.html","edge":"6to9","edgeRT":"9745","flipped":"TRUE","correct_edge":"6to9","index":"26","edgeClickLog":"[{\"edgeSelection\":\"6to9\",\"edgeRTMS\":9745}]","seed":" 13523788","task":"experiment","subjectId":"13hf4g4xq04cyw9","trial_type":"external-html","trial_index":33,"time_elapsed":838095,"internal_node_id":"0.0-9.0-0.25"},{"rt":21170,"url":"../static/nodeGraphs.html","edge":"0to3","edgeRT":"18064","flipped":"TRUE","correct_edge":"0to2","index":"34","edgeClickLog":"[{\"edgeSelection\":\"0to3\",\"edgeRTMS\":18064}]","seed":" 21083760","task":"experiment","subjectId":"13hf4g4xq04cyw9","trial_type":"external-html","trial_index":34,"time_elapsed":865117,"internal_node_id":"0.0-9.0-0.26"},{"rt":5509,"url":"../static/nodeGraphs.html","edge":"5to8","edgeRT":"3323","flipped":"TRUE","correct_edge":"5to8","index":"23","edgeClickLog":"[{\"edgeSelection\":\"5to8\",\"edgeRTMS\":3323}]","seed":" 46003743","task":"experiment","subjectId":"13hf4g4xq04cyw9","trial_type":"external-html","trial_index":35,"time_elapsed":872091,"internal_node_id":"0.0-9.0-0.27"},{"rt":11261,"url":"../static/nodeGraphs.html","edge":"1to5","edgeRT":"7457","flipped":"FALSE","correct_edge":"0to2","index":"17","edgeClickLog":"[{\"edgeSelection\":\"1to5\",\"edgeRTMS\":7457}]","seed":" 21211189","task":"experiment","subjectId":"13hf4g4xq04cyw9","trial_type":"external-html","trial_index":36,"time_elapsed":886993,"internal_node_id":"0.0-9.0-0.28"},{"rt":20354,"url":"../static/nodeGraphs.html","edge":"0to3","edgeRT":"18248","flipped":"FALSE","correct_edge":"0to3","index":"12","edgeClickLog":"[{\"edgeSelection\":\"0to3\",\"edgeRTMS\":18248}]","seed":" 36895371","task":"experiment","subjectId":"13hf4g4xq04cyw9","trial_type":"external-html","trial_index":37,"time_elapsed":912428,"internal_node_id":"0.0-9.0-0.29"},{"rt":17225,"url":"../static/nodeGraphs.html","edge":"1to5","edgeRT":"13096","flipped":"TRUE","correct_edge":"1to5","index":"38","edgeClickLog":"[{\"edgeSelection\":\"1to5\",\"edgeRTMS\":13096}]","seed":" 22181670","task":"experiment","subjectId":"13hf4g4xq04cyw9","trial_type":"external-html","trial_index":38,"time_elapsed":932934,"internal_node_id":"0.0-9.0-0.30"},{"rt":31300,"url":"../static/nodeGraphs.html","edge":"3to5","edgeRT":"29329","flipped":"FALSE","correct_edge":"5to9","index":"16","edgeClickLog":"[{\"edgeSelection\":\"3to5\",\"edgeRTMS\":29329}]","seed":" 5655743","task":"experiment","subjectId":"13hf4g4xq04cyw9","trial_type":"external-html","trial_index":39,"time_elapsed":965713,"internal_node_id":"0.0-9.0-0.31"},{"rt":8321,"url":"../static/nodeGraphs.html","edge":"3to5","edgeRT":"6399","flipped":"FALSE","correct_edge":"3to5","index":"18","edgeClickLog":"[{\"edgeSelection\":\"3to5\",\"edgeRTMS\":6399}]","seed":" 22181670","task":"experiment","subjectId":"13hf4g4xq04cyw9","trial_type":"external-html","trial_index":40,"time_elapsed":976323,"internal_node_id":"0.0-9.0-0.32"},{"rt":29762,"url":"../static/nodeGraphs.html","edge":"0to3","edgeRT":"27868","flipped":"FALSE","correct_edge":"0to2","index":"13","edgeClickLog":"[{\"edgeSelection\":\"0to3\",\"edgeRTMS\":27868}]","seed":" 49587019","task":"experiment","subjectId":"13hf4g4xq04cyw9","trial_type":"external-html","trial_index":41,"time_elapsed":1009613,"internal_node_id":"0.0-9.0-0.33"},{"rt":6154,"url":"../static/nodeGraphs.html","edge":"5to9","edgeRT":"4472","flipped":"TRUE","correct_edge":"0to3","index":"39","edgeClickLog":"[{\"edgeSelection\":\"5to9\",\"edgeRTMS\":4472}]","seed":" 37422119","task":"experiment","subjectId":"13hf4g4xq04cyw9","trial_type":"external-html","trial_index":42,"time_elapsed":1017984,"internal_node_id":"0.0-9.0-0.34"},{"rt":23529,"url":"../static/nodeGraphs.html","edge":"2to6","edgeRT":"20870","flipped":"TRUE","correct_edge":"2to6","index":"24","edgeClickLog":"[{\"edgeSelection\":\"2to6\",\"edgeRTMS\":20870}]","seed":" 36501291","task":"experiment","subjectId":"13hf4g4xq04cyw9","trial_type":"external-html","trial_index":43,"time_elapsed":1044790,"internal_node_id":"0.0-9.0-0.35"},{"rt":7726,"url":"../static/nodeGraphs.html","edge":"5to7","edgeRT":"5394","flipped":"FALSE","correct_edge":"0to1","index":"19","edgeClickLog":"[{\"edgeSelection\":\"5to7\",\"edgeRTMS\":5394}]","seed":" 37422119","task":"experiment","subjectId":"13hf4g4xq04cyw9","trial_type":"external-html","trial_index":44,"time_elapsed":1055955,"internal_node_id":"0.0-9.0-0.36"},{"rt":9355,"url":"../static/nodeGraphs.html","edge":"5to8","edgeRT":"3941","flipped":"FALSE","correct_edge":"5to8","index":"3","edgeClickLog":"[{\"edgeSelection\":\"5to8\",\"edgeRTMS\":3941}]","seed":" 46003743","task":"experiment","subjectId":"13hf4g4xq04cyw9","trial_type":"external-html","trial_index":45,"time_elapsed":1070095,"internal_node_id":"0.0-9.0-0.37"},{"rt":27558,"url":"../static/nodeGraphs.html","edge":"1to5","edgeRT":"25699","flipped":"TRUE","correct_edge":"0to2","index":"27","edgeClickLog":"[{\"edgeSelection\":\"1to5\",\"edgeRTMS\":25699}]","seed":" 85614324","task":"experiment","subjectId":"13hf4g4xq04cyw9","trial_type":"external-html","trial_index":46,"time_elapsed":1100869,"internal_node_id":"0.0-9.0-0.38"},{"rt":29415,"url":"../static/nodeGraphs.html","edge":"0to2","edgeRT":"22460","flipped":"FALSE","correct_edge":"0to2","index":"10","edgeClickLog":"[{\"edgeSelection\":\"0to2\",\"edgeRTMS\":22460}]","seed":" 39688702","task":"experiment","subjectId":"13hf4g4xq04cyw9","trial_type":"external-html","trial_index":47,"time_elapsed":1131565,"internal_node_id":"0.0-9.0-0.39"},{"rt":50973,"response":{"P0_Q0":null,"P0_Q1":4,"P0_Q2":7,"P0_Q3":4,"P0_Q4":4,"P0_Q5":2,"strategies":"I just tried to choose a path that would increase the outcome.","feedback":""},"accuracy":[],"trial_type":"survey","trial_index":48,"time_elapsed":1183354,"internal_node_id":"0.0-10.0"},{"rt":2285,"stimulus":"<p>Thanks for your time!</p>        <p>We need to manually calculate your bonus pay, please give us up to 7 days.</p><p>Press any key to conclude.</p>","response":" ","task":"end","subjectId":"13hf4g4xq04cyw9","trial_type":"html-keyboard-response","trial_index":49,"time_elapsed":1185650,"internal_node_id":"0.0-11.0","interactions":"[{\"event\":\"fullscreenenter\",\"trial\":1,\"time\":5511},{\"event\":\"blur\",\"trial\":11,\"time\":414930},{\"event\":\"focus\",\"trial\":11,\"time\":414930},{\"event\":\"fullscreenexit\",\"trial\":11,\"time\":414963}]"}]