[{"success":true,"timeout":false,"failed_images":[],"failed_audio":[],"failed_video":[],"trial_type":"preload","trial_index":0,"time_elapsed":1332,"internal_node_id":"0.0-0.0"},{"success":true,"trial_type":"fullscreen","trial_index":1,"time_elapsed":3885,"internal_node_id":"0.0-1.0"},{"rt":3429,"stimulus":"Welcome to the experiment. Press any key to begin.","response":"k","trial_type":"html-keyboard-response","trial_index":2,"time_elapsed":7316,"internal_node_id":"0.0-2.0"},{"view_history":[{"page_index":0,"viewing_time":3431},{"page_index":1,"viewing_time":4599},{"page_index":2,"viewing_time":40193},{"page_index":3,"viewing_time":12384},{"page_index":4,"viewing_time":1999},{"page_index":5,"viewing_time":2952},{"page_index":6,"viewing_time":4392},{"page_index":7,"viewing_time":9569},{"page_index":8,"viewing_time":32256},{"page_index":9,"viewing_time":18112},{"page_index":10,"viewing_time":1129},{"page_index":11,"viewing_time":1262},{"page_index":12,"viewing_time":848},{"page_index":13,"viewing_time":2816},{"page_index":14,"viewing_time":5496},{"page_index":15,"viewing_time":13321},{"page_index":16,"viewing_time":887},{"page_index":17,"viewing_time":784},{"page_index":18,"viewing_time":584},{"page_index":19,"viewing_time":6208},{"page_index":20,"viewing_time":5256},{"page_index":21,"viewing_time":2968}],"rt":171446,"trial_type":"instructions","trial_index":3,"time_elapsed":178755,"internal_node_id":"0.0-3.0"},{"rt":174756,"url":"../static/nodeGraphsTraining.html","edgeClickLog":[],"trial_type":"external-html","trial_index":4,"time_elapsed":353771,"internal_node_id":"0.0-4.0"},{"rt":36439,"response":{"q1":"The goal is to help the student to get the most points","q2":"False","q3":"Possible paths the student can take.","q4":"Paths that the student took before."},"question_order":[0,1,2,3],"trial_type":"survey-multi-choice","trial_index":5,"time_elapsed":390211,"internal_node_id":"0.0-5.0"},{"rt":3861,"stimulus":"<p>You can take a 60 second break before starting the experiment.</p><br><br><p>This page will advance in 60 seconds or you can press any key to advance now.</p>","response":"arrowright","trial_type":"html-keyboard-response","trial_index":6,"time_elapsed":394074,"internal_node_id":"0.0-7.0"},{"view_history":[{"page_index":0,"viewing_time":11510}],"rt":11510,"trial_type":"instructions","trial_index":7,"time_elapsed":405584,"internal_node_id":"0.0-8.0"},{"rt":25006,"url":"../static/nodeGraphs.html","edge":"0to3","edgeRT":"22903","flipped":"FALSE","correct_edge":"0to1","index":"0","edgeClickLog":"[{\"edgeSelection\":\"0to3\",\"edgeRTMS\":22903}]","seed":" 21745736","task":"experiment","subjectId":"5c9qrdpd8mlpr2k","trial_type":"external-html","trial_index":8,"time_elapsed":430776,"internal_node_id":"0.0-9.0-0.0"},{"rt":20418,"url":"../static/nodeGraphs.html","edge":"5to8","edgeRT":"18854","flipped":"TRUE","correct_edge":"5to8","index":"23","edgeClickLog":"[{\"edgeSelection\":\"5to8\",\"edgeRTMS\":16509},{\"edgeSelection\":\"5to8\",\"edgeRTMS\":18854}]","seed":" 46003743","task":"experiment","subjectId":"5c9qrdpd8mlpr2k","trial_type":"external-html","trial_index":9,"time_elapsed":451878,"internal_node_id":"0.0-9.0-0.1"},{"rt":40348,"url":"../static/nodeGraphs.html","edge":"0to1","edgeRT":"38266","flipped":"FALSE","correct_edge":"0to2","index":"14","edgeClickLog":"[{\"edgeSelection\":\"2to4\",\"edgeRTMS\":11376},{\"edgeSelection\":\"0to2\",\"edgeRTMS\":19765},{\"edgeSelection\":\"0to1\",\"edgeRTMS\":38266}]","seed":" 21083760","task":"experiment","subjectId":"5c9qrdpd8mlpr2k","trial_type":"external-html","trial_index":10,"time_elapsed":492909,"internal_node_id":"0.0-9.0-0.2"},{"rt":28437,"url":"../static/nodeGraphs.html","edge":"4to8","edgeRT":"26953","flipped":"FALSE","correct_edge":"4to8","index":"1","edgeClickLog":"[{\"edgeSelection\":\"4to8\",\"edgeRTMS\":26953}]","seed":" 32816305","task":"experiment","subjectId":"5c9qrdpd8mlpr2k","trial_type":"external-html","trial_index":11,"time_elapsed":522027,"internal_node_id":"0.0-9.0-0.3"},{"rt":24395,"url":"../static/nodeGraphs.html","edge":"0to1","edgeRT":"21607","flipped":"FALSE","correct_edge":"0to2","index":"10","edgeClickLog":"[{\"edgeSelection\":\"0to1\",\"edgeRTMS\":20245},{\"edgeSelection\":\"0to1\",\"edgeRTMS\":21607}]","seed":" 39688702","task":"experiment","subjectId":"5c9qrdpd8mlpr2k","trial_type":"external-html","trial_index":12,"time_elapsed":547106,"internal_node_id":"0.0-9.0-0.4"},{"rt":10701,"url":"../static/nodeGraphs.html","edge":"3to6","edgeRT":"9234","flipped":"TRUE","correct_edge":"3to6","index":"22","edgeClickLog":"[{\"edgeSelection\":\"3to6\",\"edgeRTMS\":7929},{\"edgeSelection\":\"3to6\",\"edgeRTMS\":9234}]","seed":" 22809663","task":"experiment","subjectId":"5c9qrdpd8mlpr2k","trial_type":"external-html","trial_index":13,"time_elapsed":558490,"internal_node_id":"0.0-9.0-0.5"},{"rt":8219,"url":"../static/nodeGraphs.html","edge":"0to2","edgeRT":"6290","flipped":"FALSE","correct_edge":"0to2","index":"7","edgeClickLog":"[{\"edgeSelection\":\"0to2\",\"edgeRTMS\":6290}]","seed":" 85614324","task":"experiment","subjectId":"5c9qrdpd8mlpr2k","trial_type":"external-html","trial_index":14,"time_elapsed":567393,"internal_node_id":"0.0-9.0-0.6"},{"rt":13285,"url":"../static/nodeGraphs.html","edge":"2to4","edgeRT":"11739","flipped":"FALSE","correct_edge":"2to4","index":"4","edgeClickLog":"[{\"edgeSelection\":\"2to4\",\"edgeRTMS\":11739}]","seed":" 36501291","task":"experiment","subjectId":"5c9qrdpd8mlpr2k","trial_type":"external-html","trial_index":15,"time_elapsed":581361,"internal_node_id":"0.0-9.0-0.7"},{"rt":19805,"url":"../static/nodeGraphs.html","edge":"0to2","edgeRT":"18413","flipped":"FALSE","correct_edge":"0to2","index":"17","edgeClickLog":"[{\"edgeSelection\":\"0to2\",\"edgeRTMS\":18413}]","seed":" 21211189","task":"experiment","subjectId":"5c9qrdpd8mlpr2k","trial_type":"external-html","trial_index":16,"time_elapsed":601848,"internal_node_id":"0.0-9.0-0.8"},{"rt":8637,"url":"../static/nodeGraphs.html","edge":"0to3","edgeRT":"7188","flipped":"FALSE","correct_edge":"2to6","index":"15","edgeClickLog":"[{\"edgeSelection\":\"0to3\",\"edgeRTMS\":7188}]","seed":" 53220770","task":"experiment","subjectId":"5c9qrdpd8mlpr2k","trial_type":"external-html","trial_index":17,"time_elapsed":611168,"internal_node_id":"0.0-9.0-0.9"},{"rt":8997,"url":"../static/nodeGraphs.html","edge":"0to3","edgeRT":"7541","flipped":"TRUE","correct_edge":"0to2","index":"34","edgeClickLog":"[{\"edgeSelection\":\"0to3\",\"edgeRTMS\":7541}]","seed":" 21083760","task":"experiment","subjectId":"5c9qrdpd8mlpr2k","trial_type":"external-html","trial_index":18,"time_elapsed":620847,"internal_node_id":"0.0-9.0-0.10"},{"rt":34572,"url":"../static/nodeGraphs.html","edge":"0to2","edgeRT":"33340","flipped":"FALSE","correct_edge":"0to2","index":"13","edgeClickLog":"[{\"edgeSelection\":\"0to2\",\"edgeRTMS\":31921},{\"edgeSelection\":\"0to2\",\"edgeRTMS\":33340}]","seed":" 49587019","task":"experiment","subjectId":"5c9qrdpd8mlpr2k","trial_type":"external-html","trial_index":19,"time_elapsed":656103,"internal_node_id":"0.0-9.0-0.11"},{"rt":8170,"url":"../static/nodeGraphs.html","edge":"0to3","edgeRT":"6312","flipped":"TRUE","correct_edge":"0to3","index":"39","edgeClickLog":"[{\"edgeSelection\":\"0to3\",\"edgeRTMS\":6312}]","seed":" 37422119","task":"experiment","subjectId":"5c9qrdpd8mlpr2k","trial_type":"external-html","trial_index":20,"time_elapsed":664957,"internal_node_id":"0.0-9.0-0.12"},{"rt":8024,"url":"../static/nodeGraphs.html","edge":"0to1","edgeRT":"5959","flipped":"FALSE","correct_edge":"0to1","index":"19","edgeClickLog":"[{\"edgeSelection\":\"0to1\",\"edgeRTMS\":4854},{\"edgeSelection\":\"0to1\",\"edgeRTMS\":5959}]","seed":" 37422119","task":"experiment","subjectId":"5c9qrdpd8mlpr2k","trial_type":"external-html","trial_index":21,"time_elapsed":673669,"internal_node_id":"0.0-9.0-0.13"},{"rt":9311,"url":"../static/nodeGraphs.html","edge":"0to3","edgeRT":"7776","flipped":"TRUE","correct_edge":"0to3","index":"20","edgeClickLog":"[{\"edgeSelection\":\"0to3\",\"edgeRTMS\":7776}]","seed":" 21745736","task":"experiment","subjectId":"5c9qrdpd8mlpr2k","trial_type":"external-html","trial_index":22,"time_elapsed":683660,"internal_node_id":"0.0-9.0-0.14"},{"rt":14340,"url":"../static/nodeGraphs.html","edge":"5to8","edgeRT":"12525","flipped":"FALSE","correct_edge":"5to8","index":"3","edgeClickLog":"[{\"edgeSelection\":\"5to8\",\"edgeRTMS\":12525}]","seed":" 46003743","task":"experiment","subjectId":"5c9qrdpd8mlpr2k","trial_type":"external-html","trial_index":23,"time_elapsed":698684,"internal_node_id":"0.0-9.0-0.15"},{"rt":21800,"url":"../static/nodeGraphs.html","edge":"6to9","edgeRT":"20279","flipped":"TRUE","correct_edge":"6to9","index":"26","edgeClickLog":"[{\"edgeSelection\":\"6to9\",\"edgeRTMS\":20279}]","seed":" 13523788","task":"experiment","subjectId":"5c9qrdpd8mlpr2k","trial_type":"external-html","trial_index":24,"time_elapsed":721163,"internal_node_id":"0.0-9.0-0.16"},{"rt":7077,"url":"../static/nodeGraphs.html","edge":"0to2","edgeRT":"5884","flipped":"TRUE","correct_edge":"0to2","index":"27","edgeClickLog":"[{\"edgeSelection\":\"0to2\",\"edgeRTMS\":5884}]","seed":" 85614324","task":"experiment","subjectId":"5c9qrdpd8mlpr2k","trial_type":"external-html","trial_index":25,"time_elapsed":728923,"internal_node_id":"0.0-9.0-0.17"},{"rt":11035,"url":"../static/nodeGraphs.html","edge":"2to6","edgeRT":"9669","flipped":"TRUE","correct_edge":"2to6","index":"25","edgeClickLog":"[{\"edgeSelection\":\"2to6\",\"edgeRTMS\":9669}]","seed":" 10409262","task":"experiment","subjectId":"5c9qrdpd8mlpr2k","trial_type":"external-html","trial_index":26,"time_elapsed":740642,"internal_node_id":"0.0-9.0-0.18"},{"rt":10600,"url":"../static/nodeGraphs.html","edge":"0to1","edgeRT":"9312","flipped":"TRUE","correct_edge":"2to4","index":"35","edgeClickLog":"[{\"edgeSelection\":\"0to1\",\"edgeRTMS\":7526},{\"edgeSelection\":\"0to1\",\"edgeRTMS\":9312}]","seed":" 53220770","task":"experiment","subjectId":"5c9qrdpd8mlpr2k","trial_type":"external-html","trial_index":27,"time_elapsed":751929,"internal_node_id":"0.0-9.0-0.19"},{"rt":13520,"url":"../static/nodeGraphs.html","edge":"0to1","edgeRT":"10424","flipped":"TRUE","correct_edge":"0to1","index":"32","edgeClickLog":"[{\"edgeSelection\":\"0to1\",\"edgeRTMS\":10424}]","seed":" 36895371","task":"experiment","subjectId":"5c9qrdpd8mlpr2k","trial_type":"external-html","trial_index":28,"time_elapsed":766136,"internal_node_id":"0.0-9.0-0.20"},{"rt":20093,"url":"../static/nodeGraphs.html","edge":"0to3","edgeRT":"18468","flipped":"TRUE","correct_edge":"6to8","index":"21","edgeClickLog":"[{\"edgeSelection\":\"0to3\",\"edgeRTMS\":18468}]","seed":" 32816305","task":"experiment","subjectId":"5c9qrdpd8mlpr2k","trial_type":"external-html","trial_index":29,"time_elapsed":786912,"internal_node_id":"0.0-9.0-0.21"},{"rt":8879,"url":"../static/nodeGraphs.html","edge":"0to2","edgeRT":"7615","flipped":"TRUE","correct_edge":"0to2","index":"31","edgeClickLog":"[{\"edgeSelection\":\"0to2\",\"edgeRTMS\":7615}]","seed":" 63833578","task":"experiment","subjectId":"5c9qrdpd8mlpr2k","trial_type":"external-html","trial_index":30,"time_elapsed":796472,"internal_node_id":"0.0-9.0-0.22"},{"rt":7898,"url":"../static/nodeGraphs.html","edge":"0to2","edgeRT":"6819","flipped":"TRUE","correct_edge":"0to2","index":"37","edgeClickLog":"[{\"edgeSelection\":\"0to2\",\"edgeRTMS\":6057},{\"edgeSelection\":\"0to2\",\"edgeRTMS\":6819}]","seed":" 21211189","task":"experiment","subjectId":"5c9qrdpd8mlpr2k","trial_type":"external-html","trial_index":31,"time_elapsed":805055,"internal_node_id":"0.0-9.0-0.23"},{"rt":7686,"url":"../static/nodeGraphs.html","edge":"0to2","edgeRT":"6437","flipped":"TRUE","correct_edge":"1to5","index":"38","edgeClickLog":"[{\"edgeSelection\":\"0to2\",\"edgeRTMS\":6437}]","seed":" 22181670","task":"experiment","subjectId":"5c9qrdpd8mlpr2k","trial_type":"external-html","trial_index":32,"time_elapsed":813430,"internal_node_id":"0.0-9.0-0.24"},{"rt":33208,"url":"../static/nodeGraphs.html","edge":"3to5","edgeRT":"31975","flipped":"FALSE","correct_edge":"5to9","index":"16","edgeClickLog":"[{\"edgeSelection\":\"3to5\",\"edgeRTMS\":30164},{\"edgeSelection\":\"3to5\",\"edgeRTMS\":31163},{\"edgeSelection\":\"3to5\",\"edgeRTMS\":31975}]","seed":" 5655743","task":"experiment","subjectId":"5c9qrdpd8mlpr2k","trial_type":"external-html","trial_index":33,"time_elapsed":847327,"internal_node_id":"0.0-9.0-0.25"},{"rt":17772,"url":"../static/nodeGraphs.html","edge":"1to4","edgeRT":"16432","flipped":"FALSE","correct_edge":"0to2","index":"8","edgeClickLog":"[{\"edgeSelection\":\"1to4\",\"edgeRTMS\":16432}]","seed":" 8396978","task":"experiment","subjectId":"5c9qrdpd8mlpr2k","trial_type":"external-html","trial_index":34,"time_elapsed":865788,"internal_node_id":"0.0-9.0-0.26"},{"rt":24473,"url":"../static/nodeGraphs.html","edge":"1to5","edgeRT":"23256","flipped":"TRUE","correct_edge":"5to7","index":"36","edgeClickLog":"[{\"edgeSelection\":\"1to5\",\"edgeRTMS\":23256}]","seed":" 5655743","task":"experiment","subjectId":"5c9qrdpd8mlpr2k","trial_type":"external-html","trial_index":35,"time_elapsed":891163,"internal_node_id":"0.0-9.0-0.27"},{"rt":9043,"url":"../static/nodeGraphs.html","edge":"0to3","edgeRT":"7612","flipped":"FALSE","correct_edge":"4to7","index":"6","edgeClickLog":"[{\"edgeSelection\":\"0to3\",\"edgeRTMS\":7612}]","seed":" 13523788","task":"experiment","subjectId":"5c9qrdpd8mlpr2k","trial_type":"external-html","trial_index":36,"time_elapsed":900891,"internal_node_id":"0.0-9.0-0.28"},{"rt":9623,"url":"../static/nodeGraphs.html","edge":"0to2","edgeRT":"7672","flipped":"FALSE","correct_edge":"0to2","index":"11","edgeClickLog":"[{\"edgeSelection\":\"0to2\",\"edgeRTMS\":7672}]","seed":" 63833578","task":"experiment","subjectId":"5c9qrdpd8mlpr2k","trial_type":"external-html","trial_index":37,"time_elapsed":911194,"internal_node_id":"0.0-9.0-0.29"},{"rt":7973,"url":"../static/nodeGraphs.html","edge":"0to2","edgeRT":"6846","flipped":"FALSE","correct_edge":"3to5","index":"18","edgeClickLog":"[{\"edgeSelection\":\"0to2\",\"edgeRTMS\":6846}]","seed":" 22181670","task":"experiment","subjectId":"5c9qrdpd8mlpr2k","trial_type":"external-html","trial_index":38,"time_elapsed":919850,"internal_node_id":"0.0-9.0-0.30"},{"rt":6597,"url":"../static/nodeGraphs.html","edge":"0to1","edgeRT":"4974","flipped":"TRUE","correct_edge":"0to1","index":"29","edgeClickLog":"[{\"edgeSelection\":\"0to1\",\"edgeRTMS\":4974}]","seed":" 61187187","task":"experiment","subjectId":"5c9qrdpd8mlpr2k","trial_type":"external-html","trial_index":39,"time_elapsed":927130,"internal_node_id":"0.0-9.0-0.31"},{"rt":8666,"url":"../static/nodeGraphs.html","edge":"0to3","edgeRT":"7445","flipped":"FALSE","correct_edge":"0to3","index":"12","edgeClickLog":"[{\"edgeSelection\":\"0to3\",\"edgeRTMS\":7445}]","seed":" 36895371","task":"experiment","subjectId":"5c9qrdpd8mlpr2k","trial_type":"external-html","trial_index":40,"time_elapsed":936481,"internal_node_id":"0.0-9.0-0.32"},{"rt":8990,"url":"../static/nodeGraphs.html","edge":"1to4","edgeRT":"7560","flipped":"FALSE","correct_edge":"1to4","index":"2","edgeClickLog":"[{\"edgeSelection\":\"1to4\",\"edgeRTMS\":7560}]","seed":" 22809663","task":"experiment","subjectId":"5c9qrdpd8mlpr2k","trial_type":"external-html","trial_index":41,"time_elapsed":946160,"internal_node_id":"0.0-9.0-0.33"},{"rt":29766,"url":"../static/nodeGraphs.html","edge":"2to4","edgeRT":"28632","flipped":"FALSE","correct_edge":"2to4","index":"5","edgeClickLog":"[{\"edgeSelection\":\"2to4\",\"edgeRTMS\":28632}]","seed":" 10409262","task":"experiment","subjectId":"5c9qrdpd8mlpr2k","trial_type":"external-html","trial_index":42,"time_elapsed":976607,"internal_node_id":"0.0-9.0-0.34"},{"rt":10757,"url":"../static/nodeGraphs.html","edge":"0to3","edgeRT":"9576","flipped":"TRUE","correct_edge":"0to2","index":"30","edgeClickLog":"[{\"edgeSelection\":\"0to3\",\"edgeRTMS\":9576}]","seed":" 39688702","task":"experiment","subjectId":"5c9qrdpd8mlpr2k","trial_type":"external-html","trial_index":43,"time_elapsed":988047,"internal_node_id":"0.0-9.0-0.35"},{"rt":13255,"url":"../static/nodeGraphs.html","edge":"0to2","edgeRT":"11849","flipped":"TRUE","correct_edge":"0to2","index":"33","edgeClickLog":"[{\"edgeSelection\":\"0to2\",\"edgeRTMS\":11849}]","seed":" 49587019","task":"experiment","subjectId":"5c9qrdpd8mlpr2k","trial_type":"external-html","trial_index":44,"time_elapsed":1001982,"internal_node_id":"0.0-9.0-0.36"},{"rt":5391,"url":"../static/nodeGraphs.html","edge":"0to3","edgeRT":"4008","flipped":"FALSE","correct_edge":"0to3","index":"9","edgeClickLog":"[{\"edgeSelection\":\"0to3\",\"edgeRTMS\":4008}]","seed":" 61187187","task":"experiment","subjectId":"5c9qrdpd8mlpr2k","trial_type":"external-html","trial_index":45,"time_elapsed":1008062,"internal_node_id":"0.0-9.0-0.37"},{"rt":10766,"url":"../static/nodeGraphs.html","edge":"0to2","edgeRT":"9288","flipped":"TRUE","correct_edge":"0to2","index":"28","edgeClickLog":"[{\"edgeSelection\":\"0to2\",\"edgeRTMS\":9288}]","seed":" 8396978","task":"experiment","subjectId":"5c9qrdpd8mlpr2k","trial_type":"external-html","trial_index":46,"time_elapsed":1019510,"internal_node_id":"0.0-9.0-0.38"},{"rt":9467,"url":"../static/nodeGraphs.html","edge":"2to6","edgeRT":"6557","flipped":"TRUE","correct_edge":"2to6","index":"24","edgeClickLog":"[{\"edgeSelection\":\"2to6\",\"edgeRTMS\":6557}]","seed":" 36501291","task":"experiment","subjectId":"5c9qrdpd8mlpr2k","trial_type":"external-html","trial_index":47,"time_elapsed":1029661,"internal_node_id":"0.0-9.0-0.39"},{"rt":38091,"response":{"P0_Q0":null,"P0_Q1":5,"P0_Q2":5,"P0_Q3":6,"P0_Q4":5,"P0_Q5":4,"strategies":"Tried to pick one that had possibility of giving the greatest number of points","feedback":""},"accuracy":[],"trial_type":"survey","trial_index":48,"time_elapsed":1068324,"internal_node_id":"0.0-10.0"},{"rt":3674,"stimulus":"<p>Thanks for your time!</p>        <p>We need to manually calculate your bonus pay, please give us up to 7 days.</p><p>Press any key to conclude.</p>","response":"k","task":"end","subjectId":"5c9qrdpd8mlpr2k","trial_type":"html-keyboard-response","trial_index":49,"time_elapsed":1071999,"internal_node_id":"0.0-11.0","interactions":"[{\"event\":\"fullscreenenter\",\"trial\":1,\"time\":3121},{\"event\":\"blur\",\"trial\":4,\"time\":205086},{\"event\":\"focus\",\"trial\":4,\"time\":205086},{\"event\":\"blur\",\"trial\":4,\"time\":253083},{\"event\":\"focus\",\"trial\":4,\"time\":253083},{\"event\":\"blur\",\"trial\":4,\"time\":273188},{\"event\":\"focus\",\"trial\":4,\"time\":273189}]"}]