[{"success":true,"timeout":false,"failed_images":[],"failed_audio":[],"failed_video":[],"trial_type":"preload","trial_index":0,"time_elapsed":369,"internal_node_id":"0.0-0.0"},{"success":true,"trial_type":"fullscreen","trial_index":1,"time_elapsed":3529,"internal_node_id":"0.0-1.0"},{"rt":1343,"stimulus":"Welcome to the experiment. Press any key to begin.","response":" ","trial_type":"html-keyboard-response","trial_index":2,"time_elapsed":4873,"internal_node_id":"0.0-2.0"},{"view_history":[{"page_index":0,"viewing_time":5120},{"page_index":1,"viewing_time":3829},{"page_index":2,"viewing_time":29291},{"page_index":3,"viewing_time":14494},{"page_index":4,"viewing_time":1506},{"page_index":5,"viewing_time":830},{"page_index":6,"viewing_time":1630},{"page_index":7,"viewing_time":5842},{"page_index":8,"viewing_time":17430},{"page_index":7,"viewing_time":11629},{"page_index":8,"viewing_time":18451},{"page_index":9,"viewing_time":9694},{"page_index":10,"viewing_time":1667},{"page_index":11,"viewing_time":548},{"page_index":12,"viewing_time":840},{"page_index":13,"viewing_time":1530},{"page_index":14,"viewing_time":2400},{"page_index":15,"viewing_time":5480},{"page_index":16,"viewing_time":2690},{"page_index":17,"viewing_time":940},{"page_index":18,"viewing_time":1160},{"page_index":19,"viewing_time":8594},{"page_index":18,"viewing_time":266},{"page_index":17,"viewing_time":600},{"page_index":16,"viewing_time":600},{"page_index":15,"viewing_time":5081},{"page_index":16,"viewing_time":360},{"page_index":17,"viewing_time":1380},{"page_index":18,"viewing_time":420},{"page_index":19,"viewing_time":320},{"page_index":20,"viewing_time":9341},{"page_index":21,"viewing_time":5903}],"rt":169885,"trial_type":"instructions","trial_index":3,"time_elapsed":174775,"internal_node_id":"0.0-3.0"},{"rt":55416,"url":"../static/nodeGraphsTraining.html","edgeClickLog":[],"trial_type":"external-html","trial_index":4,"time_elapsed":230419,"internal_node_id":"0.0-4.0"},{"rt":30172,"response":{"q1":"The goal is to help the student to get the most points","q2":"False","q3":"Possible paths the student can take.","q4":"Paths that the student took before."},"question_order":[0,1,2,3],"trial_type":"survey-multi-choice","trial_index":5,"time_elapsed":260607,"internal_node_id":"0.0-5.0"},{"rt":5540,"stimulus":"<p>You can take a 60 second break before starting the experiment.</p><br><br><p>This page will advance in 60 seconds or you can press any key to advance now.</p>","response":" ","trial_type":"html-keyboard-response","trial_index":6,"time_elapsed":266153,"internal_node_id":"0.0-7.0"},{"view_history":[{"page_index":0,"viewing_time":16361}],"rt":16363,"trial_type":"instructions","trial_index":7,"time_elapsed":282517,"internal_node_id":"0.0-8.0"},{"rt":9755,"url":"../static/nodeGraphs.html","edge":"0to3","edgeRT":"7435","flipped":"FALSE","correct_edge":"2to6","index":"15","edgeClickLog":"[{\"edgeSelection\":\"0to3\",\"edgeRTMS\":7435}]","seed":" 53220770","task":"experiment","subjectId":"qv5je8p0yj517nx","trial_type":"external-html","trial_index":8,"time_elapsed":292355,"internal_node_id":"0.0-9.0-0.0"},{"rt":10206,"url":"../static/nodeGraphs.html","edge":"0to2","edgeRT":"8400","flipped":"TRUE","correct_edge":"0to2","index":"27","edgeClickLog":"[{\"edgeSelection\":\"0to2\",\"edgeRTMS\":8400}]","seed":" 85614324","task":"experiment","subjectId":"qv5je8p0yj517nx","trial_type":"external-html","trial_index":9,"time_elapsed":303120,"internal_node_id":"0.0-9.0-0.1"},{"rt":20866,"url":"../static/nodeGraphs.html","edge":"2to6","edgeRT":"17636","flipped":"TRUE","correct_edge":"2to6","index":"24","edgeClickLog":"[{\"edgeSelection\":\"2to6\",\"edgeRTMS\":17636}]","seed":" 36501291","task":"experiment","subjectId":"qv5je8p0yj517nx","trial_type":"external-html","trial_index":10,"time_elapsed":324557,"internal_node_id":"0.0-9.0-0.2"},{"rt":9897,"url":"../static/nodeGraphs.html","edge":"0to1","edgeRT":"8401","flipped":"FALSE","correct_edge":"0to1","index":"0","edgeClickLog":"[{\"edgeSelection\":\"0to1\",\"edgeRTMS\":8401}]","seed":" 21745736","task":"experiment","subjectId":"qv5je8p0yj517nx","trial_type":"external-html","trial_index":11,"time_elapsed":335025,"internal_node_id":"0.0-9.0-0.3"},{"rt":7159,"url":"../static/nodeGraphs.html","edge":"0to3","edgeRT":"5423","flipped":"TRUE","correct_edge":"0to3","index":"39","edgeClickLog":"[{\"edgeSelection\":\"0to3\",\"edgeRTMS\":5423}]","seed":" 37422119","task":"experiment","subjectId":"qv5je8p0yj517nx","trial_type":"external-html","trial_index":12,"time_elapsed":342751,"internal_node_id":"0.0-9.0-0.4"},{"rt":8478,"url":"../static/nodeGraphs.html","edge":"0to2","edgeRT":"5583","flipped":"FALSE","correct_edge":"0to2","index":"17","edgeClickLog":"[{\"edgeSelection\":\"0to2\",\"edgeRTMS\":5583}]","seed":" 21211189","task":"experiment","subjectId":"qv5je8p0yj517nx","trial_type":"external-html","trial_index":13,"time_elapsed":351792,"internal_node_id":"0.0-9.0-0.5"},{"rt":5926,"url":"../static/nodeGraphs.html","edge":"0to3","edgeRT":"4574","flipped":"TRUE","correct_edge":"0to2","index":"30","edgeClickLog":"[{\"edgeSelection\":\"0to3\",\"edgeRTMS\":4574}]","seed":" 39688702","task":"experiment","subjectId":"qv5je8p0yj517nx","trial_type":"external-html","trial_index":14,"time_elapsed":358291,"internal_node_id":"0.0-9.0-0.6"},{"rt":9922,"url":"../static/nodeGraphs.html","edge":"0to2","edgeRT":"6239","flipped":"FALSE","correct_edge":"0to2","index":"7","edgeClickLog":"[{\"edgeSelection\":\"0to2\",\"edgeRTMS\":6239}]","seed":" 85614324","task":"experiment","subjectId":"qv5je8p0yj517nx","trial_type":"external-html","trial_index":15,"time_elapsed":368781,"internal_node_id":"0.0-9.0-0.7"},{"rt":14464,"url":"../static/nodeGraphs.html","edge":"0to3","edgeRT":"13253","flipped":"TRUE","correct_edge":"5to7","index":"36","edgeClickLog":"[{\"edgeSelection\":\"0to3\",\"edgeRTMS\":7315},{\"edgeSelection\":\"3to5\",\"edgeRTMS\":11492},{\"edgeSelection\":\"0to3\",\"edgeRTMS\":13253}]","seed":" 5655743","task":"experiment","subjectId":"qv5je8p0yj517nx","trial_type":"external-html","trial_index":16,"time_elapsed":383804,"internal_node_id":"0.0-9.0-0.8"},{"rt":12566,"url":"../static/nodeGraphs.html","edge":"0to2","edgeRT":"5698","flipped":"FALSE","correct_edge":"0to2","index":"8","edgeClickLog":"[{\"edgeSelection\":\"0to2\",\"edgeRTMS\":3939},{\"edgeSelection\":\"0to2\",\"edgeRTMS\":5698}]","seed":" 8396978","task":"experiment","subjectId":"qv5je8p0yj517nx","trial_type":"external-html","trial_index":17,"time_elapsed":396917,"internal_node_id":"0.0-9.0-0.9"},{"rt":12151,"url":"../static/nodeGraphs.html","edge":"0to3","edgeRT":"3144","flipped":"FALSE","correct_edge":"0to3","index":"12","edgeClickLog":"[{\"edgeSelection\":\"0to3\",\"edgeRTMS\":3144}]","seed":" 36895371","task":"experiment","subjectId":"qv5je8p0yj517nx","trial_type":"external-html","trial_index":18,"time_elapsed":409623,"internal_node_id":"0.0-9.0-0.10"},{"rt":13453,"url":"../static/nodeGraphs.html","edge":"0to3","edgeRT":"3590","flipped":"FALSE","correct_edge":"0to3","index":"9","edgeClickLog":"[{\"edgeSelection\":\"0to3\",\"edgeRTMS\":3590}]","seed":" 61187187","task":"experiment","subjectId":"qv5je8p0yj517nx","trial_type":"external-html","trial_index":19,"time_elapsed":423652,"internal_node_id":"0.0-9.0-0.11"},{"rt":6304,"url":"../static/nodeGraphs.html","edge":"0to2","edgeRT":"3138","flipped":"TRUE","correct_edge":"0to2","index":"37","edgeClickLog":"[{\"edgeSelection\":\"0to2\",\"edgeRTMS\":3138}]","seed":" 21211189","task":"experiment","subjectId":"qv5je8p0yj517nx","trial_type":"external-html","trial_index":20,"time_elapsed":430528,"internal_node_id":"0.0-9.0-0.12"},{"rt":10453,"url":"../static/nodeGraphs.html","edge":"0to2","edgeRT":"3777","flipped":"TRUE","correct_edge":"0to2","index":"31","edgeClickLog":"[{\"edgeSelection\":\"0to2\",\"edgeRTMS\":3777}]","seed":" 63833578","task":"experiment","subjectId":"qv5je8p0yj517nx","trial_type":"external-html","trial_index":21,"time_elapsed":441552,"internal_node_id":"0.0-9.0-0.13"},{"rt":7833,"url":"../static/nodeGraphs.html","edge":"0to1","edgeRT":"5293","flipped":"TRUE","correct_edge":"0to1","index":"32","edgeClickLog":"[{\"edgeSelection\":\"0to1\",\"edgeRTMS\":5293}]","seed":" 36895371","task":"experiment","subjectId":"qv5je8p0yj517nx","trial_type":"external-html","trial_index":22,"time_elapsed":449957,"internal_node_id":"0.0-9.0-0.14"},{"rt":15817,"url":"../static/nodeGraphs.html","edge":"0to2","edgeRT":"2602","flipped":"TRUE","correct_edge":"0to2","index":"28","edgeClickLog":"[{\"edgeSelection\":\"0to2\",\"edgeRTMS\":2602}]","seed":" 8396978","task":"experiment","subjectId":"qv5je8p0yj517nx","trial_type":"external-html","trial_index":23,"time_elapsed":466328,"internal_node_id":"0.0-9.0-0.15"},{"rt":10223,"url":"../static/nodeGraphs.html","edge":"2to4","edgeRT":"5267","flipped":"FALSE","correct_edge":"2to4","index":"4","edgeClickLog":"[{\"edgeSelection\":\"2to4\",\"edgeRTMS\":5267}]","seed":" 36501291","task":"experiment","subjectId":"qv5je8p0yj517nx","trial_type":"external-html","trial_index":24,"time_elapsed":477107,"internal_node_id":"0.0-9.0-0.16"},{"rt":12091,"url":"../static/nodeGraphs.html","edge":"2to6","edgeRT":"8713","flipped":"TRUE","correct_edge":"0to2","index":"34","edgeClickLog":"[{\"edgeSelection\":\"2to6\",\"edgeRTMS\":8713}]","seed":" 21083760","task":"experiment","subjectId":"qv5je8p0yj517nx","trial_type":"external-html","trial_index":25,"time_elapsed":489752,"internal_node_id":"0.0-9.0-0.17"},{"rt":9623,"url":"../static/nodeGraphs.html","edge":"2to5","edgeRT":"3495","flipped":"FALSE","correct_edge":"3to5","index":"18","edgeClickLog":"[{\"edgeSelection\":\"2to5\",\"edgeRTMS\":3495}]","seed":" 22181670","task":"experiment","subjectId":"qv5je8p0yj517nx","trial_type":"external-html","trial_index":26,"time_elapsed":499930,"internal_node_id":"0.0-9.0-0.18"},{"rt":7609,"url":"../static/nodeGraphs.html","edge":"2to6","edgeRT":"4416","flipped":"FALSE","correct_edge":"0to2","index":"13","edgeClickLog":"[{\"edgeSelection\":\"2to6\",\"edgeRTMS\":4416}]","seed":" 49587019","task":"experiment","subjectId":"qv5je8p0yj517nx","trial_type":"external-html","trial_index":27,"time_elapsed":508099,"internal_node_id":"0.0-9.0-0.19"},{"rt":20148,"url":"../static/nodeGraphs.html","edge":"1to4","edgeRT":"15477","flipped":"TRUE","correct_edge":"0to1","index":"29","edgeClickLog":"[{\"edgeSelection\":\"1to4\",\"edgeRTMS\":15477}]","seed":" 61187187","task":"experiment","subjectId":"qv5je8p0yj517nx","trial_type":"external-html","trial_index":28,"time_elapsed":528797,"internal_node_id":"0.0-9.0-0.20"},{"rt":10014,"url":"../static/nodeGraphs.html","edge":"2to4","edgeRT":"4011","flipped":"FALSE","correct_edge":"2to4","index":"5","edgeClickLog":"[{\"edgeSelection\":\"2to4\",\"edgeRTMS\":4011}]","seed":" 10409262","task":"experiment","subjectId":"qv5je8p0yj517nx","trial_type":"external-html","trial_index":29,"time_elapsed":539382,"internal_node_id":"0.0-9.0-0.21"},{"rt":13522,"url":"../static/nodeGraphs.html","edge":"1to5","edgeRT":"12036","flipped":"TRUE","correct_edge":"6to9","index":"26","edgeClickLog":"[{\"edgeSelection\":\"1to5\",\"edgeRTMS\":12036}]","seed":" 13523788","task":"experiment","subjectId":"qv5je8p0yj517nx","trial_type":"external-html","trial_index":30,"time_elapsed":553473,"internal_node_id":"0.0-9.0-0.22"},{"rt":12546,"url":"../static/nodeGraphs.html","edge":"1to4","edgeRT":"8154","flipped":"FALSE","correct_edge":"0to2","index":"14","edgeClickLog":"[{\"edgeSelection\":\"1to4\",\"edgeRTMS\":8154}]","seed":" 21083760","task":"experiment","subjectId":"qv5je8p0yj517nx","trial_type":"external-html","trial_index":31,"time_elapsed":566589,"internal_node_id":"0.0-9.0-0.23"},{"rt":8530,"url":"../static/nodeGraphs.html","edge":"3to6","edgeRT":"7144","flipped":"TRUE","correct_edge":"0to3","index":"20","edgeClickLog":"[{\"edgeSelection\":\"3to6\",\"edgeRTMS\":7144}]","seed":" 21745736","task":"experiment","subjectId":"qv5je8p0yj517nx","trial_type":"external-html","trial_index":32,"time_elapsed":575684,"internal_node_id":"0.0-9.0-0.24"},{"rt":12232,"url":"../static/nodeGraphs.html","edge":"4to8","edgeRT":"10018","flipped":"FALSE","correct_edge":"0to2","index":"10","edgeClickLog":"[{\"edgeSelection\":\"4to7\",\"edgeRTMS\":7764},{\"edgeSelection\":\"4to8\",\"edgeRTMS\":10018}]","seed":" 39688702","task":"experiment","subjectId":"qv5je8p0yj517nx","trial_type":"external-html","trial_index":33,"time_elapsed":588488,"internal_node_id":"0.0-9.0-0.25"},{"rt":9136,"url":"../static/nodeGraphs.html","edge":"1to4","edgeRT":"6603","flipped":"FALSE","correct_edge":"1to4","index":"2","edgeClickLog":"[{\"edgeSelection\":\"1to4\",\"edgeRTMS\":6603}]","seed":" 22809663","task":"experiment","subjectId":"qv5je8p0yj517nx","trial_type":"external-html","trial_index":34,"time_elapsed":598183,"internal_node_id":"0.0-9.0-0.26"},{"rt":17111,"url":"../static/nodeGraphs.html","edge":"3to5","edgeRT":"15920","flipped":"FALSE","correct_edge":"5to9","index":"16","edgeClickLog":"[{\"edgeSelection\":\"5to9\",\"edgeRTMS\":10070},{\"edgeSelection\":\"3to5\",\"edgeRTMS\":15920}]","seed":" 5655743","task":"experiment","subjectId":"qv5je8p0yj517nx","trial_type":"external-html","trial_index":35,"time_elapsed":615914,"internal_node_id":"0.0-9.0-0.27"},{"rt":7250,"url":"../static/nodeGraphs.html","edge":"2to4","edgeRT":"5124","flipped":"FALSE","correct_edge":"0to2","index":"11","edgeClickLog":"[{\"edgeSelection\":\"2to4\",\"edgeRTMS\":5124}]","seed":" 63833578","task":"experiment","subjectId":"qv5je8p0yj517nx","trial_type":"external-html","trial_index":36,"time_elapsed":623745,"internal_node_id":"0.0-9.0-0.28"},{"rt":17801,"url":"../static/nodeGraphs.html","edge":"1to5","edgeRT":"16369","flipped":"FALSE","correct_edge":"5to8","index":"3","edgeClickLog":"[{\"edgeSelection\":\"5to8\",\"edgeRTMS\":6238},{\"edgeSelection\":\"1to5\",\"edgeRTMS\":16369}]","seed":" 46003743","task":"experiment","subjectId":"qv5je8p0yj517nx","trial_type":"external-html","trial_index":37,"time_elapsed":642106,"internal_node_id":"0.0-9.0-0.29"},{"rt":27430,"url":"../static/nodeGraphs.html","edge":"4to8","edgeRT":"26093","flipped":"FALSE","correct_edge":"4to8","index":"1","edgeClickLog":"[{\"edgeSelection\":\"4to8\",\"edgeRTMS\":26093}]","seed":" 32816305","task":"experiment","subjectId":"qv5je8p0yj517nx","trial_type":"external-html","trial_index":38,"time_elapsed":670094,"internal_node_id":"0.0-9.0-0.30"},{"rt":11137,"url":"../static/nodeGraphs.html","edge":"2to4","edgeRT":"9054","flipped":"TRUE","correct_edge":"0to2","index":"33","edgeClickLog":"[{\"edgeSelection\":\"2to4\",\"edgeRTMS\":9054}]","seed":" 49587019","task":"experiment","subjectId":"qv5je8p0yj517nx","trial_type":"external-html","trial_index":39,"time_elapsed":681802,"internal_node_id":"0.0-9.0-0.31"},{"rt":7426,"url":"../static/nodeGraphs.html","edge":"5to8","edgeRT":"5138","flipped":"TRUE","correct_edge":"5to8","index":"23","edgeClickLog":"[{\"edgeSelection\":\"5to8\",\"edgeRTMS\":5138}]","seed":" 46003743","task":"experiment","subjectId":"qv5je8p0yj517nx","trial_type":"external-html","trial_index":40,"time_elapsed":689783,"internal_node_id":"0.0-9.0-0.32"},{"rt":27129,"url":"../static/nodeGraphs.html","edge":"6to8","edgeRT":"18779","flipped":"TRUE","correct_edge":"6to8","index":"21","edgeClickLog":"[{\"edgeSelection\":\"1to5\",\"edgeRTMS\":15514},{\"edgeSelection\":\"6to8\",\"edgeRTMS\":18779}]","seed":" 32816305","task":"experiment","subjectId":"qv5je8p0yj517nx","trial_type":"external-html","trial_index":41,"time_elapsed":717484,"internal_node_id":"0.0-9.0-0.33"},{"rt":5968,"url":"../static/nodeGraphs.html","edge":"2to6","edgeRT":"3574","flipped":"TRUE","correct_edge":"2to6","index":"25","edgeClickLog":"[{\"edgeSelection\":\"2to6\",\"edgeRTMS\":3574}]","seed":" 10409262","task":"experiment","subjectId":"qv5je8p0yj517nx","trial_type":"external-html","trial_index":42,"time_elapsed":724014,"internal_node_id":"0.0-9.0-0.34"},{"rt":8479,"url":"../static/nodeGraphs.html","edge":"3to6","edgeRT":"5840","flipped":"TRUE","correct_edge":"3to6","index":"22","edgeClickLog":"[{\"edgeSelection\":\"3to6\",\"edgeRTMS\":5840}]","seed":" 22809663","task":"experiment","subjectId":"qv5je8p0yj517nx","trial_type":"external-html","trial_index":43,"time_elapsed":733068,"internal_node_id":"0.0-9.0-0.35"},{"rt":12045,"url":"../static/nodeGraphs.html","edge":"1to4","edgeRT":"8639","flipped":"TRUE","correct_edge":"2to4","index":"35","edgeClickLog":"[{\"edgeSelection\":\"4to7\",\"edgeRTMS\":5446},{\"edgeSelection\":\"1to4\",\"edgeRTMS\":8639}]","seed":" 53220770","task":"experiment","subjectId":"qv5je8p0yj517nx","trial_type":"external-html","trial_index":44,"time_elapsed":745683,"internal_node_id":"0.0-9.0-0.36"},{"rt":7706,"url":"../static/nodeGraphs.html","edge":"2to5","edgeRT":"5914","flipped":"TRUE","correct_edge":"1to5","index":"38","edgeClickLog":"[{\"edgeSelection\":\"2to5\",\"edgeRTMS\":5914}]","seed":" 22181670","task":"experiment","subjectId":"qv5je8p0yj517nx","trial_type":"external-html","trial_index":45,"time_elapsed":753962,"internal_node_id":"0.0-9.0-0.37"},{"rt":9619,"url":"../static/nodeGraphs.html","edge":"0to1","edgeRT":"6963","flipped":"FALSE","correct_edge":"0to1","index":"19","edgeClickLog":"[{\"edgeSelection\":\"0to1\",\"edgeRTMS\":6963}]","seed":" 37422119","task":"experiment","subjectId":"qv5je8p0yj517nx","trial_type":"external-html","trial_index":46,"time_elapsed":764150,"internal_node_id":"0.0-9.0-0.38"},{"rt":28580,"url":"../static/nodeGraphs.html","edge":"6to8","edgeRT":"18323","flipped":"FALSE","correct_edge":"4to7","index":"6","edgeClickLog":"[{\"edgeSelection\":\"0to3\",\"edgeRTMS\":4195},{\"edgeSelection\":\"6to8\",\"edgeRTMS\":18323}]","seed":" 13523788","task":"experiment","subjectId":"qv5je8p0yj517nx","trial_type":"external-html","trial_index":47,"time_elapsed":793285,"internal_node_id":"0.0-9.0-0.39"},{"rt":142571,"response":{"P0_Q0":null,"P0_Q1":4,"P0_Q2":7,"P0_Q3":6,"P0_Q4":4,"P0_Q5":1,"strategies":"Looking at which direction they decided to go initially and why they possibly took that path. I also calculated how many points they had, and how many I could achieve them to get.","feedback":"Interesting task, thank you. All the best on your study."},"accuracy":[],"trial_type":"survey","trial_index":48,"time_elapsed":936504,"internal_node_id":"0.0-10.0"},{"rt":4477,"stimulus":"<p>Thanks for your time!</p>        <p>We need to manually calculate your bonus pay, please give us up to 7 days.</p><p>Press any key to conclude.</p>","response":" ","task":"end","subjectId":"qv5je8p0yj517nx","trial_type":"html-keyboard-response","trial_index":49,"time_elapsed":940990,"internal_node_id":"0.0-11.0","interactions":"[{\"event\":\"fullscreenenter\",\"trial\":1,\"time\":2540}]"}]