[{"success":true,"timeout":false,"failed_images":[],"failed_audio":[],"failed_video":[],"trial_type":"preload","trial_index":0,"time_elapsed":1641,"internal_node_id":"0.0-0.0"},{"success":true,"trial_type":"fullscreen","trial_index":1,"time_elapsed":1538449,"internal_node_id":"0.0-1.0"},{"rt":2054,"stimulus":"Welcome to the experiment. Press any key to begin.","response":"v","trial_type":"html-keyboard-response","trial_index":2,"time_elapsed":1540504,"internal_node_id":"0.0-2.0"},{"view_history":[{"page_index":0,"viewing_time":1779},{"page_index":1,"viewing_time":36055},{"page_index":2,"viewing_time":21612},{"page_index":3,"viewing_time":3647},{"page_index":4,"viewing_time":1325},{"page_index":5,"viewing_time":857},{"page_index":6,"viewing_time":9048},{"page_index":7,"viewing_time":8641},{"page_index":8,"viewing_time":77325},{"page_index":9,"viewing_time":6036},{"page_index":10,"viewing_time":1771},{"page_index":11,"viewing_time":833},{"page_index":12,"viewing_time":296},{"page_index":13,"viewing_time":1402},{"page_index":14,"viewing_time":18285},{"page_index":15,"viewing_time":9068},{"page_index":16,"viewing_time":984},{"page_index":17,"viewing_time":494},{"page_index":18,"viewing_time":489},{"page_index":19,"viewing_time":2468},{"page_index":20,"viewing_time":6391},{"page_index":21,"viewing_time":3386}],"rt":212192,"trial_type":"instructions","trial_index":3,"time_elapsed":1752698,"internal_node_id":"0.0-3.0"},{"rt":62103,"url":"../static/nodeGraphsTraining.html","edgeClickLog":[],"trial_type":"external-html","trial_index":4,"time_elapsed":1815054,"internal_node_id":"0.0-4.0"},{"rt":24111,"response":{"q1":"The goal is to help the student to get the most points","q2":"False","q3":"Possible paths the student can take.","q4":"Paths that the student took before."},"question_order":[0,1,2,3],"trial_type":"survey-multi-choice","trial_index":5,"time_elapsed":1839167,"internal_node_id":"0.0-5.0"},{"rt":3173,"stimulus":"<p>You can take a 60 second break before starting the experiment.</p><br><br><p>This page will advance in 60 seconds or you can press any key to advance now.</p>","response":" ","trial_type":"html-keyboard-response","trial_index":6,"time_elapsed":1842344,"internal_node_id":"0.0-7.0"},{"view_history":[{"page_index":0,"viewing_time":42073}],"rt":42073,"trial_type":"instructions","trial_index":7,"time_elapsed":1884418,"internal_node_id":"0.0-8.0"},{"rt":36715,"url":"../static/nodeGraphs.html","edge":"3to6","edgeRT":"35668","flipped":"TRUE","correct_edge":"0to2","index":"31","edgeClickLog":"[{\"edgeSelection\":\"3to6\",\"edgeRTMS\":35668}]","seed":" 63833578","task":"experiment","subjectId":"bpeqgh1xeypmndo","trial_type":"external-html","trial_index":8,"time_elapsed":1921236,"internal_node_id":"0.0-9.0-0.0"},{"rt":9038,"url":"../static/nodeGraphs.html","edge":"3to6","edgeRT":"8038","flipped":"TRUE","correct_edge":"3to6","index":"22","edgeClickLog":"[{\"edgeSelection\":\"3to6\",\"edgeRTMS\":8038}]","seed":" 22809663","task":"experiment","subjectId":"bpeqgh1xeypmndo","trial_type":"external-html","trial_index":9,"time_elapsed":1930866,"internal_node_id":"0.0-9.0-0.1"},{"rt":80407,"url":"../static/nodeGraphs.html","edge":"3to6","edgeRT":"79712","flipped":"TRUE","correct_edge":"0to2","index":"34","edgeClickLog":"[{\"edgeSelection\":\"3to6\",\"edgeRTMS\":79712}]","seed":" 21083760","task":"experiment","subjectId":"bpeqgh1xeypmndo","trial_type":"external-html","trial_index":10,"time_elapsed":2011873,"internal_node_id":"0.0-9.0-0.2"},{"rt":12295,"url":"../static/nodeGraphs.html","edge":"1to5","edgeRT":"10749","flipped":"TRUE","correct_edge":"1to5","index":"38","edgeClickLog":"[{\"edgeSelection\":\"1to5\",\"edgeRTMS\":10749}]","seed":" 22181670","task":"experiment","subjectId":"bpeqgh1xeypmndo","trial_type":"external-html","trial_index":11,"time_elapsed":2024764,"internal_node_id":"0.0-9.0-0.3"},{"rt":5576,"url":"../static/nodeGraphs.html","edge":"0to3","edgeRT":"4087","flipped":"TRUE","correct_edge":"2to6","index":"24","edgeClickLog":"[{\"edgeSelection\":\"0to3\",\"edgeRTMS\":4087}]","seed":" 36501291","task":"experiment","subjectId":"bpeqgh1xeypmndo","trial_type":"external-html","trial_index":12,"time_elapsed":2030941,"internal_node_id":"0.0-9.0-0.4"},{"rt":29859,"url":"../static/nodeGraphs.html","edge":"6to8","edgeRT":"29118","flipped":"TRUE","correct_edge":"6to8","index":"21","edgeClickLog":"[{\"edgeSelection\":\"6to8\",\"edgeRTMS\":29118}]","seed":" 32816305","task":"experiment","subjectId":"bpeqgh1xeypmndo","trial_type":"external-html","trial_index":13,"time_elapsed":2061392,"internal_node_id":"0.0-9.0-0.5"},{"rt":62192,"url":"../static/nodeGraphs.html","edge":"2to4","edgeRT":"61597","flipped":"FALSE","correct_edge":"2to4","index":"4","edgeClickLog":"[{\"edgeSelection\":\"2to4\",\"edgeRTMS\":61597}]","seed":" 36501291","task":"experiment","subjectId":"bpeqgh1xeypmndo","trial_type":"external-html","trial_index":14,"time_elapsed":2124194,"internal_node_id":"0.0-9.0-0.6"},{"rt":9634,"url":"../static/nodeGraphs.html","edge":"5to8","edgeRT":"8862","flipped":"TRUE","correct_edge":"5to8","index":"23","edgeClickLog":"[{\"edgeSelection\":\"5to8\",\"edgeRTMS\":8862}]","seed":" 46003743","task":"experiment","subjectId":"bpeqgh1xeypmndo","trial_type":"external-html","trial_index":15,"time_elapsed":2134425,"internal_node_id":"0.0-9.0-0.7"},{"rt":11231,"url":"../static/nodeGraphs.html","edge":"0to1","edgeRT":"10564","flipped":"FALSE","correct_edge":"0to1","index":"0","edgeClickLog":"[{\"edgeSelection\":\"0to1\",\"edgeRTMS\":10564}]","seed":" 21745736","task":"experiment","subjectId":"bpeqgh1xeypmndo","trial_type":"external-html","trial_index":16,"time_elapsed":2146253,"internal_node_id":"0.0-9.0-0.8"},{"rt":6127,"url":"../static/nodeGraphs.html","edge":"4to7","edgeRT":"5281","flipped":"FALSE","correct_edge":"4to7","index":"6","edgeClickLog":"[{\"edgeSelection\":\"4to7\",\"edgeRTMS\":5281}]","seed":" 13523788","task":"experiment","subjectId":"bpeqgh1xeypmndo","trial_type":"external-html","trial_index":17,"time_elapsed":2152994,"internal_node_id":"0.0-9.0-0.9"},{"rt":7363,"url":"../static/nodeGraphs.html","edge":"5to8","edgeRT":"2654","flipped":"FALSE","correct_edge":"5to8","index":"3","edgeClickLog":"[{\"edgeSelection\":\"5to8\",\"edgeRTMS\":2654}]","seed":" 46003743","task":"experiment","subjectId":"bpeqgh1xeypmndo","trial_type":"external-html","trial_index":18,"time_elapsed":2160964,"internal_node_id":"0.0-9.0-0.10"},{"rt":15837,"url":"../static/nodeGraphs.html","edge":"2to6","edgeRT":"14086","flipped":"FALSE","correct_edge":"2to6","index":"15","edgeClickLog":"[{\"edgeSelection\":\"5to8\",\"edgeRTMS\":7898},{\"edgeSelection\":\"5to8\",\"edgeRTMS\":11730},{\"edgeSelection\":\"2to6\",\"edgeRTMS\":14086}]","seed":" 53220770","task":"experiment","subjectId":"bpeqgh1xeypmndo","trial_type":"external-html","trial_index":19,"time_elapsed":2177408,"internal_node_id":"0.0-9.0-0.11"},{"rt":4742,"url":"../static/nodeGraphs.html","edge":"6to8","edgeRT":"3939","flipped":"FALSE","correct_edge":"0to2","index":"10","edgeClickLog":"[{\"edgeSelection\":\"6to8\",\"edgeRTMS\":3939}]","seed":" 39688702","task":"experiment","subjectId":"bpeqgh1xeypmndo","trial_type":"external-html","trial_index":20,"time_elapsed":2182750,"internal_node_id":"0.0-9.0-0.12"},{"rt":10981,"url":"../static/nodeGraphs.html","edge":"3to6","edgeRT":"9651","flipped":"TRUE","correct_edge":"0to1","index":"29","edgeClickLog":"[{\"edgeSelection\":\"3to6\",\"edgeRTMS\":9651}]","seed":" 61187187","task":"experiment","subjectId":"bpeqgh1xeypmndo","trial_type":"external-html","trial_index":21,"time_elapsed":2194327,"internal_node_id":"0.0-9.0-0.13"},{"rt":9701,"url":"../static/nodeGraphs.html","edge":"2to6","edgeRT":"7587","flipped":"TRUE","correct_edge":"2to6","index":"25","edgeClickLog":"[{\"edgeSelection\":\"5to8\",\"edgeRTMS\":3785},{\"edgeSelection\":\"5to8\",\"edgeRTMS\":6577},{\"edgeSelection\":\"2to6\",\"edgeRTMS\":7077},{\"edgeSelection\":\"2to6\",\"edgeRTMS\":7587}]","seed":" 10409262","task":"experiment","subjectId":"bpeqgh1xeypmndo","trial_type":"external-html","trial_index":22,"time_elapsed":2204645,"internal_node_id":"0.0-9.0-0.14"},{"rt":8944,"url":"../static/nodeGraphs.html","edge":"0to1","edgeRT":"5000","flipped":"TRUE","correct_edge":"0to1","index":"32","edgeClickLog":"[{\"edgeSelection\":\"0to1\",\"edgeRTMS\":5000}]","seed":" 36895371","task":"experiment","subjectId":"bpeqgh1xeypmndo","trial_type":"external-html","trial_index":23,"time_elapsed":2214182,"internal_node_id":"0.0-9.0-0.15"},{"rt":72338,"url":"../static/nodeGraphs.html","edge":"2to4","edgeRT":"71202","flipped":"FALSE","correct_edge":"2to4","index":"5","edgeClickLog":"[{\"edgeSelection\":\"5to8\",\"edgeRTMS\":60631},{\"edgeSelection\":\"2to4\",\"edgeRTMS\":71202}]","seed":" 10409262","task":"experiment","subjectId":"bpeqgh1xeypmndo","trial_type":"external-html","trial_index":24,"time_elapsed":2287122,"internal_node_id":"0.0-9.0-0.16"},{"rt":2667,"url":"../static/nodeGraphs.html","edge":"4to8","edgeRT":"1987","flipped":"FALSE","correct_edge":"4to8","index":"1","edgeClickLog":"[{\"edgeSelection\":\"4to8\",\"edgeRTMS\":1987}]","seed":" 32816305","task":"experiment","subjectId":"bpeqgh1xeypmndo","trial_type":"external-html","trial_index":25,"time_elapsed":2290402,"internal_node_id":"0.0-9.0-0.17"},{"rt":10118,"url":"../static/nodeGraphs.html","edge":"1to5","edgeRT":"9532","flipped":"TRUE","correct_edge":"5to7","index":"36","edgeClickLog":"[{\"edgeSelection\":\"1to5\",\"edgeRTMS\":9532}]","seed":" 5655743","task":"experiment","subjectId":"bpeqgh1xeypmndo","trial_type":"external-html","trial_index":26,"time_elapsed":2301121,"internal_node_id":"0.0-9.0-0.18"},{"rt":5174,"url":"../static/nodeGraphs.html","edge":"0to2","edgeRT":"4153","flipped":"FALSE","correct_edge":"0to2","index":"17","edgeClickLog":"[{\"edgeSelection\":\"0to2\",\"edgeRTMS\":3141},{\"edgeSelection\":\"0to2\",\"edgeRTMS\":3858},{\"edgeSelection\":\"0to2\",\"edgeRTMS\":4153}]","seed":" 21211189","task":"experiment","subjectId":"bpeqgh1xeypmndo","trial_type":"external-html","trial_index":27,"time_elapsed":2306896,"internal_node_id":"0.0-9.0-0.19"},{"rt":3437,"url":"../static/nodeGraphs.html","edge":"0to2","edgeRT":"1937","flipped":"FALSE","correct_edge":"0to2","index":"7","edgeClickLog":"[{\"edgeSelection\":\"0to2\",\"edgeRTMS\":1937}]","seed":" 85614324","task":"experiment","subjectId":"bpeqgh1xeypmndo","trial_type":"external-html","trial_index":28,"time_elapsed":2310930,"internal_node_id":"0.0-9.0-0.20"},{"rt":4623,"url":"../static/nodeGraphs.html","edge":"3to5","edgeRT":"3573","flipped":"FALSE","correct_edge":"5to9","index":"16","edgeClickLog":"[{\"edgeSelection\":\"3to5\",\"edgeRTMS\":3573}]","seed":" 5655743","task":"experiment","subjectId":"bpeqgh1xeypmndo","trial_type":"external-html","trial_index":29,"time_elapsed":2316167,"internal_node_id":"0.0-9.0-0.21"},{"rt":5009,"url":"../static/nodeGraphs.html","edge":"1to4","edgeRT":"3964","flipped":"FALSE","correct_edge":"0to3","index":"9","edgeClickLog":"[{\"edgeSelection\":\"1to4\",\"edgeRTMS\":3964}]","seed":" 61187187","task":"experiment","subjectId":"bpeqgh1xeypmndo","trial_type":"external-html","trial_index":30,"time_elapsed":2321773,"internal_node_id":"0.0-9.0-0.22"},{"rt":9374,"url":"../static/nodeGraphs.html","edge":"0to3","edgeRT":"7408","flipped":"FALSE","correct_edge":"0to3","index":"12","edgeClickLog":"[{\"edgeSelection\":\"5to9\",\"edgeRTMS\":5175},{\"edgeSelection\":\"5to9\",\"edgeRTMS\":6223},{\"edgeSelection\":\"0to3\",\"edgeRTMS\":7408}]","seed":" 36895371","task":"experiment","subjectId":"bpeqgh1xeypmndo","trial_type":"external-html","trial_index":31,"time_elapsed":2331739,"internal_node_id":"0.0-9.0-0.23"},{"rt":4774,"url":"../static/nodeGraphs.html","edge":"3to5","edgeRT":"4135","flipped":"FALSE","correct_edge":"3to5","index":"18","edgeClickLog":"[{\"edgeSelection\":\"3to5\",\"edgeRTMS\":4135}]","seed":" 22181670","task":"experiment","subjectId":"bpeqgh1xeypmndo","trial_type":"external-html","trial_index":32,"time_elapsed":2337121,"internal_node_id":"0.0-9.0-0.24"},{"rt":5406,"url":"../static/nodeGraphs.html","edge":"0to2","edgeRT":"2371","flipped":"TRUE","correct_edge":"0to2","index":"37","edgeClickLog":"[{\"edgeSelection\":\"0to2\",\"edgeRTMS\":2371}]","seed":" 21211189","task":"experiment","subjectId":"bpeqgh1xeypmndo","trial_type":"external-html","trial_index":33,"time_elapsed":2343117,"internal_node_id":"0.0-9.0-0.25"},{"rt":3782,"url":"../static/nodeGraphs.html","edge":"2to4","edgeRT":"2966","flipped":"TRUE","correct_edge":"2to4","index":"35","edgeClickLog":"[{\"edgeSelection\":\"2to4\",\"edgeRTMS\":2966}]","seed":" 53220770","task":"experiment","subjectId":"bpeqgh1xeypmndo","trial_type":"external-html","trial_index":34,"time_elapsed":2347511,"internal_node_id":"0.0-9.0-0.26"},{"rt":16820,"url":"../static/nodeGraphs.html","edge":"2to4","edgeRT":"15788","flipped":"TRUE","correct_edge":"0to2","index":"33","edgeClickLog":"[{\"edgeSelection\":\"5to7\",\"edgeRTMS\":4138},{\"edgeSelection\":\"2to4\",\"edgeRTMS\":15788}]","seed":" 49587019","task":"experiment","subjectId":"bpeqgh1xeypmndo","trial_type":"external-html","trial_index":35,"time_elapsed":2364926,"internal_node_id":"0.0-9.0-0.27"},{"rt":5016,"url":"../static/nodeGraphs.html","edge":"5to9","edgeRT":"3384","flipped":"FALSE","correct_edge":"0to1","index":"19","edgeClickLog":"[{\"edgeSelection\":\"5to9\",\"edgeRTMS\":3384}]","seed":" 37422119","task":"experiment","subjectId":"bpeqgh1xeypmndo","trial_type":"external-html","trial_index":36,"time_elapsed":2370548,"internal_node_id":"0.0-9.0-0.28"},{"rt":4903,"url":"../static/nodeGraphs.html","edge":"3to6","edgeRT":"3569","flipped":"TRUE","correct_edge":"0to2","index":"28","edgeClickLog":"[{\"edgeSelection\":\"3to6\",\"edgeRTMS\":3569}]","seed":" 8396978","task":"experiment","subjectId":"bpeqgh1xeypmndo","trial_type":"external-html","trial_index":37,"time_elapsed":2376051,"internal_node_id":"0.0-9.0-0.29"},{"rt":5659,"url":"../static/nodeGraphs.html","edge":"6to9","edgeRT":"4613","flipped":"TRUE","correct_edge":"6to9","index":"26","edgeClickLog":"[{\"edgeSelection\":\"6to9\",\"edgeRTMS\":4613}]","seed":" 13523788","task":"experiment","subjectId":"bpeqgh1xeypmndo","trial_type":"external-html","trial_index":38,"time_elapsed":2382302,"internal_node_id":"0.0-9.0-0.30"},{"rt":6784,"url":"../static/nodeGraphs.html","edge":"5to9","edgeRT":"1900","flipped":"FALSE","correct_edge":"0to2","index":"13","edgeClickLog":"[{\"edgeSelection\":\"5to9\",\"edgeRTMS\":1900}]","seed":" 49587019","task":"experiment","subjectId":"bpeqgh1xeypmndo","trial_type":"external-html","trial_index":39,"time_elapsed":2389686,"internal_node_id":"0.0-9.0-0.31"},{"rt":4385,"url":"../static/nodeGraphs.html","edge":"0to1","edgeRT":"3772","flipped":"FALSE","correct_edge":"0to2","index":"14","edgeClickLog":"[{\"edgeSelection\":\"0to1\",\"edgeRTMS\":3772}]","seed":" 21083760","task":"experiment","subjectId":"bpeqgh1xeypmndo","trial_type":"external-html","trial_index":40,"time_elapsed":2394669,"internal_node_id":"0.0-9.0-0.32"},{"rt":5197,"url":"../static/nodeGraphs.html","edge":"1to4","edgeRT":"4404","flipped":"FALSE","correct_edge":"0to2","index":"8","edgeClickLog":"[{\"edgeSelection\":\"1to4\",\"edgeRTMS\":4404}]","seed":" 8396978","task":"experiment","subjectId":"bpeqgh1xeypmndo","trial_type":"external-html","trial_index":41,"time_elapsed":2400458,"internal_node_id":"0.0-9.0-0.33"},{"rt":4862,"url":"../static/nodeGraphs.html","edge":"0to2","edgeRT":"3765","flipped":"FALSE","correct_edge":"0to2","index":"11","edgeClickLog":"[{\"edgeSelection\":\"0to2\",\"edgeRTMS\":3765}]","seed":" 63833578","task":"experiment","subjectId":"bpeqgh1xeypmndo","trial_type":"external-html","trial_index":42,"time_elapsed":2405914,"internal_node_id":"0.0-9.0-0.34"},{"rt":3081,"url":"../static/nodeGraphs.html","edge":"0to3","edgeRT":"2456","flipped":"TRUE","correct_edge":"0to2","index":"27","edgeClickLog":"[{\"edgeSelection\":\"0to3\",\"edgeRTMS\":2456}]","seed":" 85614324","task":"experiment","subjectId":"bpeqgh1xeypmndo","trial_type":"external-html","trial_index":43,"time_elapsed":2409592,"internal_node_id":"0.0-9.0-0.35"},{"rt":3179,"url":"../static/nodeGraphs.html","edge":"5to9","edgeRT":"2452","flipped":"TRUE","correct_edge":"0to3","index":"39","edgeClickLog":"[{\"edgeSelection\":\"5to9\",\"edgeRTMS\":2452}]","seed":" 37422119","task":"experiment","subjectId":"bpeqgh1xeypmndo","trial_type":"external-html","trial_index":44,"time_elapsed":2413366,"internal_node_id":"0.0-9.0-0.36"},{"rt":7629,"url":"../static/nodeGraphs.html","edge":"0to3","edgeRT":"6257","flipped":"TRUE","correct_edge":"0to2","index":"30","edgeClickLog":"[{\"edgeSelection\":\"4to8\",\"edgeRTMS\":2828},{\"edgeSelection\":\"0to3\",\"edgeRTMS\":6257}]","seed":" 39688702","task":"experiment","subjectId":"bpeqgh1xeypmndo","trial_type":"external-html","trial_index":45,"time_elapsed":2421583,"internal_node_id":"0.0-9.0-0.37"},{"rt":4361,"url":"../static/nodeGraphs.html","edge":"0to3","edgeRT":"3216","flipped":"TRUE","correct_edge":"0to3","index":"20","edgeClickLog":"[{\"edgeSelection\":\"0to3\",\"edgeRTMS\":3216}]","seed":" 21745736","task":"experiment","subjectId":"bpeqgh1xeypmndo","trial_type":"external-html","trial_index":46,"time_elapsed":2426537,"internal_node_id":"0.0-9.0-0.38"},{"rt":3359,"url":"../static/nodeGraphs.html","edge":"1to4","edgeRT":"2689","flipped":"FALSE","correct_edge":"1to4","index":"2","edgeClickLog":"[{\"edgeSelection\":\"1to4\",\"edgeRTMS\":2689}]","seed":" 22809663","task":"experiment","subjectId":"bpeqgh1xeypmndo","trial_type":"external-html","trial_index":47,"time_elapsed":2430485,"internal_node_id":"0.0-9.0-0.39"},{"rt":38731,"response":{"P0_Q0":null,"P0_Q1":5,"P0_Q2":4,"P0_Q3":6,"P0_Q4":5,"P0_Q5":4,"strategies":"I checked to see if higher value balls could be chosen in place of the lower value balls. ","feedback":"n/a"},"accuracy":[],"trial_type":"survey","trial_index":48,"time_elapsed":2469762,"internal_node_id":"0.0-10.0"},{"rt":3894,"stimulus":"<p>Thanks for your time!</p>        <p>We need to manually calculate your bonus pay, please give us up to 7 days.</p><p>Press any key to conclude.</p>","response":" ","task":"end","subjectId":"bpeqgh1xeypmndo","trial_type":"html-keyboard-response","trial_index":49,"time_elapsed":2473658,"internal_node_id":"0.0-11.0","interactions":"[{\"event\":\"focus\",\"trial\":0,\"time\":1440},{\"event\":\"blur\",\"trial\":1,\"time\":4721},{\"event\":\"focus\",\"trial\":1,\"time\":6219},{\"event\":\"blur\",\"trial\":1,\"time\":8038},{\"event\":\"focus\",\"trial\":1,\"time\":13591},{\"event\":\"blur\",\"trial\":1,\"time\":14468},{\"event\":\"focus\",\"trial\":1,\"time\":36941},{\"event\":\"blur\",\"trial\":1,\"time\":37785},{\"event\":\"focus\",\"trial\":1,\"time\":116822},{\"event\":\"blur\",\"trial\":1,\"time\":117309},{\"event\":\"focus\",\"trial\":1,\"time\":117749},{\"event\":\"blur\",\"trial\":1,\"time\":118014},{\"event\":\"focus\",\"trial\":1,\"time\":145561},{\"event\":\"blur\",\"trial\":1,\"time\":147078},{\"event\":\"focus\",\"trial\":1,\"time\":468617},{\"event\":\"blur\",\"trial\":1,\"time\":469122},{\"event\":\"focus\",\"trial\":1,\"time\":470148},{\"event\":\"blur\",\"trial\":1,\"time\":471117},{\"event\":\"focus\",\"trial\":1,\"time\":637852},{\"event\":\"blur\",\"trial\":1,\"time\":639057},{\"event\":\"focus\",\"trial\":1,\"time\":1162885},{\"event\":\"blur\",\"trial\":1,\"time\":1163349},{\"event\":\"focus\",\"trial\":1,\"time\":1164959},{\"event\":\"blur\",\"trial\":1,\"time\":1165501},{\"event\":\"focus\",\"trial\":1,\"time\":1536474},{\"event\":\"fullscreenenter\",\"trial\":1,\"time\":1537462},{\"event\":\"blur\",\"trial\":3,\"time\":1549356},{\"event\":\"focus\",\"trial\":3,\"time\":1549889},{\"event\":\"fullscreenexit\",\"trial\":3,\"time\":1551056},{\"event\":\"blur\",\"trial\":3,\"time\":1552291},{\"event\":\"focus\",\"trial\":3,\"time\":1575304},{\"event\":\"blur\",\"trial\":3,\"time\":1643644},{\"event\":\"focus\",\"trial\":3,\"time\":1645539},{\"event\":\"blur\",\"trial\":4,\"time\":1759352},{\"event\":\"focus\",\"trial\":4,\"time\":1759352},{\"event\":\"blur\",\"trial\":7,\"time\":1860616},{\"event\":\"focus\",\"trial\":7,\"time\":1861244},{\"event\":\"blur\",\"trial\":7,\"time\":1862468},{\"event\":\"focus\",\"trial\":7,\"time\":1884377},{\"event\":\"blur\",\"trial\":10,\"time\":1944919},{\"event\":\"focus\",\"trial\":10,\"time\":1988288},{\"event\":\"blur\",\"trial\":14,\"time\":2064492},{\"event\":\"focus\",\"trial\":14,\"time\":2121067},{\"event\":\"blur\",\"trial\":24,\"time\":2223664},{\"event\":\"focus\",\"trial\":24,\"time\":2234296},{\"event\":\"blur\",\"trial\":24,\"time\":2234371},{\"event\":\"focus\",\"trial\":24,\"time\":2273389}]"}]