[{"success":true,"timeout":false,"failed_images":[],"failed_audio":[],"failed_video":[],"trial_type":"preload","trial_index":0,"time_elapsed":1552,"internal_node_id":"0.0-0.0"},{"success":true,"trial_type":"fullscreen","trial_index":1,"time_elapsed":5754,"internal_node_id":"0.0-1.0"},{"rt":2767,"stimulus":"Welcome to the experiment. Press any key to begin.","response":" ","trial_type":"html-keyboard-response","trial_index":2,"time_elapsed":8523,"internal_node_id":"0.0-2.0"},{"view_history":[{"page_index":0,"viewing_time":2888},{"page_index":1,"viewing_time":4631},{"page_index":2,"viewing_time":14399},{"page_index":3,"viewing_time":1640},{"page_index":4,"viewing_time":1020},{"page_index":5,"viewing_time":899},{"page_index":6,"viewing_time":2331},{"page_index":7,"viewing_time":7771},{"page_index":8,"viewing_time":17500},{"page_index":9,"viewing_time":12080},{"page_index":10,"viewing_time":679},{"page_index":11,"viewing_time":441},{"page_index":12,"viewing_time":340},{"page_index":13,"viewing_time":2660},{"page_index":14,"viewing_time":1720},{"page_index":15,"viewing_time":4281},{"page_index":16,"viewing_time":599},{"page_index":17,"viewing_time":350},{"page_index":18,"viewing_time":350},{"page_index":19,"viewing_time":6051},{"page_index":20,"viewing_time":9610},{"page_index":21,"viewing_time":3040}],"rt":95279,"trial_type":"instructions","trial_index":3,"time_elapsed":103811,"internal_node_id":"0.0-3.0"},{"rt":55987,"url":"../static/nodeGraphsTraining.html","edgeClickLog":[],"trial_type":"external-html","trial_index":4,"time_elapsed":160094,"internal_node_id":"0.0-4.0"},{"rt":31033,"response":{"q1":"The goal is to help the student to get the most points","q2":"False","q3":"Possible paths you, as the teacher, can take.","q4":"Possible paths the student can take."},"question_order":[0,1,2,3],"trial_type":"survey-multi-choice","trial_index":5,"time_elapsed":191133,"internal_node_id":"0.0-5.0"},{"rt":28394,"response":{"q1":"The goal is to help the student to get the most points","q2":"False","q3":"Possible paths the student can take.","q4":"Paths that the student took before."},"question_order":[0,1,2,3],"trial_type":"survey-multi-choice","trial_index":6,"time_elapsed":219533,"internal_node_id":"0.0-6.0-0.0"},{"rt":31273,"stimulus":"<p>You can take a 60 second break before starting the experiment.</p><br><br><p>This page will advance in 60 seconds or you can press any key to advance now.</p>","response":"arrowright","trial_type":"html-keyboard-response","trial_index":7,"time_elapsed":250809,"internal_node_id":"0.0-7.0"},{"view_history":[{"page_index":0,"viewing_time":12529}],"rt":12530,"trial_type":"instructions","trial_index":8,"time_elapsed":263341,"internal_node_id":"0.0-8.0"},{"rt":16467,"url":"../static/nodeGraphs.html","edge":"0to3","edgeRT":"13792","flipped":"TRUE","correct_edge":"0to3","index":"39","edgeClickLog":"[{\"edgeSelection\":\"0to3\",\"edgeRTMS\":13792}]","seed":" 37422119","task":"experiment","subjectId":"8fk5x05lvdocve9","trial_type":"external-html","trial_index":9,"time_elapsed":280057,"internal_node_id":"0.0-9.0-0.0"},{"rt":6367,"url":"../static/nodeGraphs.html","edge":"0to3","edgeRT":"3517","flipped":"FALSE","correct_edge":"0to3","index":"9","edgeClickLog":"[{\"edgeSelection\":\"0to3\",\"edgeRTMS\":3517}]","seed":" 61187187","task":"experiment","subjectId":"8fk5x05lvdocve9","trial_type":"external-html","trial_index":10,"time_elapsed":287134,"internal_node_id":"0.0-9.0-0.1"},{"rt":11813,"url":"../static/nodeGraphs.html","edge":"0to1","edgeRT":"6330","flipped":"TRUE","correct_edge":"0to1","index":"29","edgeClickLog":"[{\"edgeSelection\":\"0to1\",\"edgeRTMS\":6330}]","seed":" 61187187","task":"experiment","subjectId":"8fk5x05lvdocve9","trial_type":"external-html","trial_index":11,"time_elapsed":299649,"internal_node_id":"0.0-9.0-0.2"},{"rt":24895,"url":"../static/nodeGraphs.html","edge":"2to4","edgeRT":"23524","flipped":"FALSE","correct_edge":"0to2","index":"14","edgeClickLog":"[{\"edgeSelection\":\"2to4\",\"edgeRTMS\":23524}]","seed":" 21083760","task":"experiment","subjectId":"8fk5x05lvdocve9","trial_type":"external-html","trial_index":12,"time_elapsed":325311,"internal_node_id":"0.0-9.0-0.3"},{"rt":21263,"url":"../static/nodeGraphs.html","edge":"0to1","edgeRT":"19040","flipped":"TRUE","correct_edge":"2to4","index":"35","edgeClickLog":"[{\"edgeSelection\":\"2to4\",\"edgeRTMS\":12722},{\"edgeSelection\":\"0to1\",\"edgeRTMS\":19040}]","seed":" 53220770","task":"experiment","subjectId":"8fk5x05lvdocve9","trial_type":"external-html","trial_index":13,"time_elapsed":347349,"internal_node_id":"0.0-9.0-0.4"},{"rt":7588,"url":"../static/nodeGraphs.html","edge":"5to8","edgeRT":"4471","flipped":"TRUE","correct_edge":"5to8","index":"23","edgeClickLog":"[{\"edgeSelection\":\"5to8\",\"edgeRTMS\":4471}]","seed":" 46003743","task":"experiment","subjectId":"8fk5x05lvdocve9","trial_type":"external-html","trial_index":14,"time_elapsed":355647,"internal_node_id":"0.0-9.0-0.5"},{"rt":8983,"url":"../static/nodeGraphs.html","edge":"1to5","edgeRT":"7206","flipped":"TRUE","correct_edge":"5to7","index":"36","edgeClickLog":"[{\"edgeSelection\":\"1to5\",\"edgeRTMS\":7206}]","seed":" 5655743","task":"experiment","subjectId":"8fk5x05lvdocve9","trial_type":"external-html","trial_index":15,"time_elapsed":365487,"internal_node_id":"0.0-9.0-0.6"},{"rt":19249,"url":"../static/nodeGraphs.html","edge":"0to2","edgeRT":"17859","flipped":"TRUE","correct_edge":"0to2","index":"33","edgeClickLog":"[{\"edgeSelection\":\"0to2\",\"edgeRTMS\":17859}]","seed":" 49587019","task":"experiment","subjectId":"8fk5x05lvdocve9","trial_type":"external-html","trial_index":16,"time_elapsed":385567,"internal_node_id":"0.0-9.0-0.7"},{"rt":4455,"url":"../static/nodeGraphs.html","edge":"0to2","edgeRT":"2891","flipped":"FALSE","correct_edge":"0to2","index":"17","edgeClickLog":"[{\"edgeSelection\":\"0to2\",\"edgeRTMS\":2891}]","seed":" 21211189","task":"experiment","subjectId":"8fk5x05lvdocve9","trial_type":"external-html","trial_index":17,"time_elapsed":390738,"internal_node_id":"0.0-9.0-0.8"},{"rt":14083,"url":"../static/nodeGraphs.html","edge":"2to6","edgeRT":"9446","flipped":"TRUE","correct_edge":"0to2","index":"34","edgeClickLog":"[{\"edgeSelection\":\"2to6\",\"edgeRTMS\":9446}]","seed":" 21083760","task":"experiment","subjectId":"8fk5x05lvdocve9","trial_type":"external-html","trial_index":18,"time_elapsed":405522,"internal_node_id":"0.0-9.0-0.9"},{"rt":10482,"url":"../static/nodeGraphs.html","edge":"0to2","edgeRT":"8920","flipped":"TRUE","correct_edge":"0to2","index":"28","edgeClickLog":"[{\"edgeSelection\":\"0to2\",\"edgeRTMS\":8920}]","seed":" 8396978","task":"experiment","subjectId":"8fk5x05lvdocve9","trial_type":"external-html","trial_index":19,"time_elapsed":416732,"internal_node_id":"0.0-9.0-0.10"},{"rt":3972,"url":"../static/nodeGraphs.html","edge":"5to8","edgeRT":"2784","flipped":"FALSE","correct_edge":"5to8","index":"3","edgeClickLog":"[{\"edgeSelection\":\"5to8\",\"edgeRTMS\":2784}]","seed":" 46003743","task":"experiment","subjectId":"8fk5x05lvdocve9","trial_type":"external-html","trial_index":20,"time_elapsed":421403,"internal_node_id":"0.0-9.0-0.11"},{"rt":4844,"url":"../static/nodeGraphs.html","edge":"0to2","edgeRT":"2714","flipped":"TRUE","correct_edge":"0to2","index":"37","edgeClickLog":"[{\"edgeSelection\":\"0to2\",\"edgeRTMS\":2714}]","seed":" 21211189","task":"experiment","subjectId":"8fk5x05lvdocve9","trial_type":"external-html","trial_index":21,"time_elapsed":426962,"internal_node_id":"0.0-9.0-0.12"},{"rt":4421,"url":"../static/nodeGraphs.html","edge":"0to1","edgeRT":"2737","flipped":"TRUE","correct_edge":"6to9","index":"26","edgeClickLog":"[{\"edgeSelection\":\"0to1\",\"edgeRTMS\":2737}]","seed":" 13523788","task":"experiment","subjectId":"8fk5x05lvdocve9","trial_type":"external-html","trial_index":22,"time_elapsed":432089,"internal_node_id":"0.0-9.0-0.13"},{"rt":5950,"url":"../static/nodeGraphs.html","edge":"0to3","edgeRT":"3701","flipped":"FALSE","correct_edge":"0to3","index":"12","edgeClickLog":"[{\"edgeSelection\":\"0to3\",\"edgeRTMS\":3701}]","seed":" 36895371","task":"experiment","subjectId":"8fk5x05lvdocve9","trial_type":"external-html","trial_index":23,"time_elapsed":438759,"internal_node_id":"0.0-9.0-0.14"},{"rt":7651,"url":"../static/nodeGraphs.html","edge":"3to5","edgeRT":"4232","flipped":"FALSE","correct_edge":"5to9","index":"16","edgeClickLog":"[{\"edgeSelection\":\"3to5\",\"edgeRTMS\":4232}]","seed":" 5655743","task":"experiment","subjectId":"8fk5x05lvdocve9","trial_type":"external-html","trial_index":24,"time_elapsed":447114,"internal_node_id":"0.0-9.0-0.15"},{"rt":8369,"url":"../static/nodeGraphs.html","edge":"2to4","edgeRT":"4509","flipped":"FALSE","correct_edge":"2to4","index":"4","edgeClickLog":"[{\"edgeSelection\":\"2to4\",\"edgeRTMS\":4509}]","seed":" 36501291","task":"experiment","subjectId":"8fk5x05lvdocve9","trial_type":"external-html","trial_index":25,"time_elapsed":456194,"internal_node_id":"0.0-9.0-0.16"},{"rt":6265,"url":"../static/nodeGraphs.html","edge":"0to3","edgeRT":"4396","flipped":"TRUE","correct_edge":"0to3","index":"20","edgeClickLog":"[{\"edgeSelection\":\"0to3\",\"edgeRTMS\":4396}]","seed":" 21745736","task":"experiment","subjectId":"8fk5x05lvdocve9","trial_type":"external-html","trial_index":26,"time_elapsed":463216,"internal_node_id":"0.0-9.0-0.17"},{"rt":4127,"url":"../static/nodeGraphs.html","edge":"0to2","edgeRT":"2556","flipped":"TRUE","correct_edge":"1to5","index":"38","edgeClickLog":"[{\"edgeSelection\":\"0to2\",\"edgeRTMS\":2556}]","seed":" 22181670","task":"experiment","subjectId":"8fk5x05lvdocve9","trial_type":"external-html","trial_index":27,"time_elapsed":468037,"internal_node_id":"0.0-9.0-0.18"},{"rt":4687,"url":"../static/nodeGraphs.html","edge":"2to6","edgeRT":"3420","flipped":"TRUE","correct_edge":"2to6","index":"25","edgeClickLog":"[{\"edgeSelection\":\"2to6\",\"edgeRTMS\":3420}]","seed":" 10409262","task":"experiment","subjectId":"8fk5x05lvdocve9","trial_type":"external-html","trial_index":28,"time_elapsed":473432,"internal_node_id":"0.0-9.0-0.19"},{"rt":8725,"url":"../static/nodeGraphs.html","edge":"6to8","edgeRT":"6705","flipped":"TRUE","correct_edge":"6to8","index":"21","edgeClickLog":"[{\"edgeSelection\":\"6to8\",\"edgeRTMS\":6705}]","seed":" 32816305","task":"experiment","subjectId":"8fk5x05lvdocve9","trial_type":"external-html","trial_index":29,"time_elapsed":482899,"internal_node_id":"0.0-9.0-0.20"},{"rt":4584,"url":"../static/nodeGraphs.html","edge":"2to4","edgeRT":"2958","flipped":"FALSE","correct_edge":"2to4","index":"5","edgeClickLog":"[{\"edgeSelection\":\"2to4\",\"edgeRTMS\":2958}]","seed":" 10409262","task":"experiment","subjectId":"8fk5x05lvdocve9","trial_type":"external-html","trial_index":30,"time_elapsed":488184,"internal_node_id":"0.0-9.0-0.21"},{"rt":4516,"url":"../static/nodeGraphs.html","edge":"1to4","edgeRT":"2165","flipped":"FALSE","correct_edge":"1to4","index":"2","edgeClickLog":"[{\"edgeSelection\":\"1to4\",\"edgeRTMS\":2165}]","seed":" 22809663","task":"experiment","subjectId":"8fk5x05lvdocve9","trial_type":"external-html","trial_index":31,"time_elapsed":493455,"internal_node_id":"0.0-9.0-0.22"},{"rt":5760,"url":"../static/nodeGraphs.html","edge":"0to2","edgeRT":"3304","flipped":"TRUE","correct_edge":"0to2","index":"31","edgeClickLog":"[{\"edgeSelection\":\"0to2\",\"edgeRTMS\":3304}]","seed":" 63833578","task":"experiment","subjectId":"8fk5x05lvdocve9","trial_type":"external-html","trial_index":32,"time_elapsed":499918,"internal_node_id":"0.0-9.0-0.23"},{"rt":6311,"url":"../static/nodeGraphs.html","edge":"4to8","edgeRT":"4073","flipped":"FALSE","correct_edge":"4to8","index":"1","edgeClickLog":"[{\"edgeSelection\":\"4to8\",\"edgeRTMS\":4073}]","seed":" 32816305","task":"experiment","subjectId":"8fk5x05lvdocve9","trial_type":"external-html","trial_index":33,"time_elapsed":506938,"internal_node_id":"0.0-9.0-0.24"},{"rt":5149,"url":"../static/nodeGraphs.html","edge":"0to2","edgeRT":"3023","flipped":"FALSE","correct_edge":"0to2","index":"11","edgeClickLog":"[{\"edgeSelection\":\"0to2\",\"edgeRTMS\":3023}]","seed":" 63833578","task":"experiment","subjectId":"8fk5x05lvdocve9","trial_type":"external-html","trial_index":34,"time_elapsed":512791,"internal_node_id":"0.0-9.0-0.25"},{"rt":4464,"url":"../static/nodeGraphs.html","edge":"0to2","edgeRT":"2676","flipped":"FALSE","correct_edge":"0to2","index":"7","edgeClickLog":"[{\"edgeSelection\":\"0to2\",\"edgeRTMS\":2676}]","seed":" 85614324","task":"experiment","subjectId":"8fk5x05lvdocve9","trial_type":"external-html","trial_index":35,"time_elapsed":518037,"internal_node_id":"0.0-9.0-0.26"},{"rt":6253,"url":"../static/nodeGraphs.html","edge":"0to3","edgeRT":"4285","flipped":"FALSE","correct_edge":"4to7","index":"6","edgeClickLog":"[{\"edgeSelection\":\"0to3\",\"edgeRTMS\":3628},{\"edgeSelection\":\"0to3\",\"edgeRTMS\":4285}]","seed":" 13523788","task":"experiment","subjectId":"8fk5x05lvdocve9","trial_type":"external-html","trial_index":36,"time_elapsed":524994,"internal_node_id":"0.0-9.0-0.27"},{"rt":4171,"url":"../static/nodeGraphs.html","edge":"0to3","edgeRT":"2195","flipped":"FALSE","correct_edge":"2to6","index":"15","edgeClickLog":"[{\"edgeSelection\":\"0to3\",\"edgeRTMS\":2195}]","seed":" 53220770","task":"experiment","subjectId":"8fk5x05lvdocve9","trial_type":"external-html","trial_index":37,"time_elapsed":529881,"internal_node_id":"0.0-9.0-0.28"},{"rt":3425,"url":"../static/nodeGraphs.html","edge":"0to1","edgeRT":"1836","flipped":"FALSE","correct_edge":"0to1","index":"19","edgeClickLog":"[{\"edgeSelection\":\"0to1\",\"edgeRTMS\":1836}]","seed":" 37422119","task":"experiment","subjectId":"8fk5x05lvdocve9","trial_type":"external-html","trial_index":38,"time_elapsed":534040,"internal_node_id":"0.0-9.0-0.29"},{"rt":4663,"url":"../static/nodeGraphs.html","edge":"0to1","edgeRT":"3028","flipped":"FALSE","correct_edge":"0to2","index":"10","edgeClickLog":"[{\"edgeSelection\":\"0to1\",\"edgeRTMS\":3028}]","seed":" 39688702","task":"experiment","subjectId":"8fk5x05lvdocve9","trial_type":"external-html","trial_index":39,"time_elapsed":539427,"internal_node_id":"0.0-9.0-0.30"},{"rt":6876,"url":"../static/nodeGraphs.html","edge":"0to2","edgeRT":"5455","flipped":"FALSE","correct_edge":"0to2","index":"8","edgeClickLog":"[{\"edgeSelection\":\"0to2\",\"edgeRTMS\":5455}]","seed":" 8396978","task":"experiment","subjectId":"8fk5x05lvdocve9","trial_type":"external-html","trial_index":40,"time_elapsed":547024,"internal_node_id":"0.0-9.0-0.31"},{"rt":3971,"url":"../static/nodeGraphs.html","edge":"3to6","edgeRT":"2657","flipped":"TRUE","correct_edge":"3to6","index":"22","edgeClickLog":"[{\"edgeSelection\":\"3to6\",\"edgeRTMS\":2657}]","seed":" 22809663","task":"experiment","subjectId":"8fk5x05lvdocve9","trial_type":"external-html","trial_index":41,"time_elapsed":551702,"internal_node_id":"0.0-9.0-0.32"},{"rt":11198,"url":"../static/nodeGraphs.html","edge":"0to3","edgeRT":"8759","flipped":"TRUE","correct_edge":"0to2","index":"30","edgeClickLog":"[{\"edgeSelection\":\"0to3\",\"edgeRTMS\":8759}]","seed":" 39688702","task":"experiment","subjectId":"8fk5x05lvdocve9","trial_type":"external-html","trial_index":42,"time_elapsed":563606,"internal_node_id":"0.0-9.0-0.33"},{"rt":5070,"url":"../static/nodeGraphs.html","edge":"0to2","edgeRT":"2606","flipped":"FALSE","correct_edge":"3to5","index":"18","edgeClickLog":"[{\"edgeSelection\":\"0to2\",\"edgeRTMS\":2606}]","seed":" 22181670","task":"experiment","subjectId":"8fk5x05lvdocve9","trial_type":"external-html","trial_index":43,"time_elapsed":569434,"internal_node_id":"0.0-9.0-0.34"},{"rt":7542,"url":"../static/nodeGraphs.html","edge":"0to2","edgeRT":"3485","flipped":"FALSE","correct_edge":"0to2","index":"13","edgeClickLog":"[{\"edgeSelection\":\"0to2\",\"edgeRTMS\":3485}]","seed":" 49587019","task":"experiment","subjectId":"8fk5x05lvdocve9","trial_type":"external-html","trial_index":44,"time_elapsed":577732,"internal_node_id":"0.0-9.0-0.35"},{"rt":3548,"url":"../static/nodeGraphs.html","edge":"2to6","edgeRT":"2514","flipped":"TRUE","correct_edge":"2to6","index":"24","edgeClickLog":"[{\"edgeSelection\":\"2to6\",\"edgeRTMS\":2514}]","seed":" 36501291","task":"experiment","subjectId":"8fk5x05lvdocve9","trial_type":"external-html","trial_index":45,"time_elapsed":581982,"internal_node_id":"0.0-9.0-0.36"},{"rt":8317,"url":"../static/nodeGraphs.html","edge":"0to1","edgeRT":"6606","flipped":"FALSE","correct_edge":"0to1","index":"0","edgeClickLog":"[{\"edgeSelection\":\"0to1\",\"edgeRTMS\":6606}]","seed":" 21745736","task":"experiment","subjectId":"8fk5x05lvdocve9","trial_type":"external-html","trial_index":46,"time_elapsed":591116,"internal_node_id":"0.0-9.0-0.37"},{"rt":4101,"url":"../static/nodeGraphs.html","edge":"0to2","edgeRT":"2695","flipped":"TRUE","correct_edge":"0to2","index":"27","edgeClickLog":"[{\"edgeSelection\":\"0to2\",\"edgeRTMS\":2695}]","seed":" 85614324","task":"experiment","subjectId":"8fk5x05lvdocve9","trial_type":"external-html","trial_index":47,"time_elapsed":595937,"internal_node_id":"0.0-9.0-0.38"},{"rt":4895,"url":"../static/nodeGraphs.html","edge":"0to1","edgeRT":"3007","flipped":"TRUE","correct_edge":"0to1","index":"32","edgeClickLog":"[{\"edgeSelection\":\"0to1\",\"edgeRTMS\":3007}]","seed":" 36895371","task":"experiment","subjectId":"8fk5x05lvdocve9","trial_type":"external-html","trial_index":48,"time_elapsed":601532,"internal_node_id":"0.0-9.0-0.39"},{"rt":36041,"response":{"P0_Q0":null,"P0_Q1":2,"P0_Q2":6,"P0_Q3":6,"P0_Q4":2,"P0_Q5":4,"strategies":"Chose the top path first to the maximum number of points, then looked at the rest for the most points","feedback":""},"accuracy":[],"trial_type":"survey","trial_index":49,"time_elapsed":638179,"internal_node_id":"0.0-10.0"},{"rt":2733,"stimulus":"<p>Thanks for your time!</p>        <p>We need to manually calculate your bonus pay, please give us up to 7 days.</p><p>Press any key to conclude.</p>","response":" ","task":"end","subjectId":"8fk5x05lvdocve9","trial_type":"html-keyboard-response","trial_index":50,"time_elapsed":640916,"internal_node_id":"0.0-11.0","interactions":"[{\"event\":\"fullscreenenter\",\"trial\":1,\"time\":4826}]"}]