[{"success":true,"timeout":false,"failed_images":[],"failed_audio":[],"failed_video":[],"trial_type":"preload","trial_index":0,"time_elapsed":884,"internal_node_id":"0.0-0.0"},{"success":true,"trial_type":"fullscreen","trial_index":1,"time_elapsed":1136499,"internal_node_id":"0.0-1.0"},{"rt":250432,"stimulus":"Welcome to the experiment. Press any key to begin.","response":" ","trial_type":"html-keyboard-response","trial_index":2,"time_elapsed":1386936,"internal_node_id":"0.0-2.0"},{"view_history":[{"page_index":0,"viewing_time":7734},{"page_index":1,"viewing_time":15120},{"page_index":2,"viewing_time":164808},{"page_index":3,"viewing_time":6896},{"page_index":4,"viewing_time":2416},{"page_index":5,"viewing_time":1048},{"page_index":6,"viewing_time":1792},{"page_index":7,"viewing_time":40},{"page_index":8,"viewing_time":8089},{"page_index":9,"viewing_time":5184},{"page_index":10,"viewing_time":1384},{"page_index":11,"viewing_time":2056},{"page_index":12,"viewing_time":936},{"page_index":13,"viewing_time":6456},{"page_index":14,"viewing_time":2656},{"page_index":15,"viewing_time":6992},{"page_index":16,"viewing_time":1800},{"page_index":17,"viewing_time":440},{"page_index":18,"viewing_time":2024},{"page_index":19,"viewing_time":2944},{"page_index":20,"viewing_time":58769},{"page_index":21,"viewing_time":2952}],"rt":302535,"trial_type":"instructions","trial_index":3,"time_elapsed":1689473,"internal_node_id":"0.0-3.0"},{"rt":51155,"url":"../static/nodeGraphsTraining.html","edgeClickLog":[],"trial_type":"external-html","trial_index":4,"time_elapsed":1740818,"internal_node_id":"0.0-4.0"},{"rt":20902,"response":{"q1":"The goal is to help the student to get the most points","q2":"False","q3":"Possible paths the student can take.","q4":"Paths that the student took before."},"question_order":[0,1,2,3],"trial_type":"survey-multi-choice","trial_index":5,"time_elapsed":1761722,"internal_node_id":"0.0-5.0"},{"rt":null,"stimulus":"<p>You can take a 60 second break before starting the experiment.</p><br><br><p>This page will advance in 60 seconds or you can press any key to advance now.</p>","response":null,"trial_type":"html-keyboard-response","trial_index":6,"time_elapsed":1821739,"internal_node_id":"0.0-7.0"},{"view_history":[{"page_index":0,"viewing_time":51132}],"rt":51132,"trial_type":"instructions","trial_index":7,"time_elapsed":1872873,"internal_node_id":"0.0-8.0"},{"rt":12419,"url":"../static/nodeGraphs.html","edge":"6to8","edgeRT":"10985","flipped":"TRUE","correct_edge":"2to6","index":"24","edgeClickLog":"[{\"edgeSelection\":\"0to2\",\"edgeRTMS\":3839},{\"edgeSelection\":\"2to6\",\"edgeRTMS\":8937},{\"edgeSelection\":\"6to8\",\"edgeRTMS\":10985}]","seed":" 36501291","task":"experiment","subjectId":"ez11umfwkth0bro","trial_type":"external-html","trial_index":8,"time_elapsed":1885426,"internal_node_id":"0.0-9.0-0.0"},{"rt":6762,"url":"../static/nodeGraphs.html","edge":"5to8","edgeRT":"5238","flipped":"FALSE","correct_edge":"0to2","index":"17","edgeClickLog":"[{\"edgeSelection\":\"0to2\",\"edgeRTMS\":1882},{\"edgeSelection\":\"2to5\",\"edgeRTMS\":2669},{\"edgeSelection\":\"5to8\",\"edgeRTMS\":3857},{\"edgeSelection\":\"5to8\",\"edgeRTMS\":5238}]","seed":" 21211189","task":"experiment","subjectId":"ez11umfwkth0bro","trial_type":"external-html","trial_index":9,"time_elapsed":1892841,"internal_node_id":"0.0-9.0-0.1"},{"rt":9179,"url":"../static/nodeGraphs.html","edge":"4to8","edgeRT":"7890","flipped":"FALSE","correct_edge":"0to2","index":"14","edgeClickLog":"[{\"edgeSelection\":\"0to2\",\"edgeRTMS\":5463},{\"edgeSelection\":\"2to4\",\"edgeRTMS\":6706},{\"edgeSelection\":\"4to8\",\"edgeRTMS\":7890}]","seed":" 21083760","task":"experiment","subjectId":"ez11umfwkth0bro","trial_type":"external-html","trial_index":10,"time_elapsed":1902665,"internal_node_id":"0.0-9.0-0.2"},{"rt":12544,"url":"../static/nodeGraphs.html","edge":"5to9","edgeRT":"11200","flipped":"FALSE","correct_edge":"0to3","index":"12","edgeClickLog":"[{\"edgeSelection\":\"0to3\",\"edgeRTMS\":6964},{\"edgeSelection\":\"3to5\",\"edgeRTMS\":8135},{\"edgeSelection\":\"5to9\",\"edgeRTMS\":11200}]","seed":" 36895371","task":"experiment","subjectId":"ez11umfwkth0bro","trial_type":"external-html","trial_index":11,"time_elapsed":1915857,"internal_node_id":"0.0-9.0-0.3"},{"rt":10092,"url":"../static/nodeGraphs.html","edge":"4to8","edgeRT":"8635","flipped":"FALSE","correct_edge":"0to2","index":"8","edgeClickLog":"[{\"edgeSelection\":\"0to2\",\"edgeRTMS\":1848},{\"edgeSelection\":\"0to2\",\"edgeRTMS\":6512},{\"edgeSelection\":\"2to4\",\"edgeRTMS\":7563},{\"edgeSelection\":\"4to8\",\"edgeRTMS\":8635}]","seed":" 8396978","task":"experiment","subjectId":"ez11umfwkth0bro","trial_type":"external-html","trial_index":12,"time_elapsed":1926585,"internal_node_id":"0.0-9.0-0.4"},{"rt":8244,"url":"../static/nodeGraphs.html","edge":"5to7","edgeRT":"6611","flipped":"FALSE","correct_edge":"4to7","index":"6","edgeClickLog":"[{\"edgeSelection\":\"0to3\",\"edgeRTMS\":2329},{\"edgeSelection\":\"3to5\",\"edgeRTMS\":4387},{\"edgeSelection\":\"5to7\",\"edgeRTMS\":6611}]","seed":" 13523788","task":"experiment","subjectId":"ez11umfwkth0bro","trial_type":"external-html","trial_index":13,"time_elapsed":1935481,"internal_node_id":"0.0-9.0-0.5"},{"rt":18666,"url":"../static/nodeGraphs.html","edge":"4to8","edgeRT":"17414","flipped":"FALSE","correct_edge":"0to2","index":"10","edgeClickLog":"[{\"edgeSelection\":\"0to2\",\"edgeRTMS\":12834},{\"edgeSelection\":\"0to2\",\"edgeRTMS\":14620},{\"edgeSelection\":\"2to4\",\"edgeRTMS\":15934},{\"edgeSelection\":\"4to8\",\"edgeRTMS\":17414}]","seed":" 39688702","task":"experiment","subjectId":"ez11umfwkth0bro","trial_type":"external-html","trial_index":14,"time_elapsed":1954802,"internal_node_id":"0.0-9.0-0.6"},{"rt":6021,"url":"../static/nodeGraphs.html","edge":"6to8","edgeRT":"4603","flipped":"TRUE","correct_edge":"3to6","index":"22","edgeClickLog":"[{\"edgeSelection\":\"0to3\",\"edgeRTMS\":1792},{\"edgeSelection\":\"3to6\",\"edgeRTMS\":3688},{\"edgeSelection\":\"6to8\",\"edgeRTMS\":4603}]","seed":" 22809663","task":"experiment","subjectId":"ez11umfwkth0bro","trial_type":"external-html","trial_index":15,"time_elapsed":1961466,"internal_node_id":"0.0-9.0-0.7"},{"rt":6475,"url":"../static/nodeGraphs.html","edge":"6to8","edgeRT":"5312","flipped":"TRUE","correct_edge":"6to8","index":"21","edgeClickLog":"[{\"edgeSelection\":\"0to2\",\"edgeRTMS\":2846},{\"edgeSelection\":\"2to6\",\"edgeRTMS\":3808},{\"edgeSelection\":\"6to8\",\"edgeRTMS\":5312}]","seed":" 32816305","task":"experiment","subjectId":"ez11umfwkth0bro","trial_type":"external-html","trial_index":16,"time_elapsed":1968585,"internal_node_id":"0.0-9.0-0.8"},{"rt":9419,"url":"../static/nodeGraphs.html","edge":"5to9","edgeRT":"8387","flipped":"TRUE","correct_edge":"0to3","index":"20","edgeClickLog":"[{\"edgeSelection\":\"0to3\",\"edgeRTMS\":1975},{\"edgeSelection\":\"0to3\",\"edgeRTMS\":3297},{\"edgeSelection\":\"3to5\",\"edgeRTMS\":6892},{\"edgeSelection\":\"5to9\",\"edgeRTMS\":8387}]","seed":" 21745736","task":"experiment","subjectId":"ez11umfwkth0bro","trial_type":"external-html","trial_index":17,"time_elapsed":1978642,"internal_node_id":"0.0-9.0-0.9"},{"rt":5679,"url":"../static/nodeGraphs.html","edge":"6to8","edgeRT":"4552","flipped":"FALSE","correct_edge":"0to3","index":"9","edgeClickLog":"[{\"edgeSelection\":\"0to3\",\"edgeRTMS\":1734},{\"edgeSelection\":\"3to6\",\"edgeRTMS\":3248},{\"edgeSelection\":\"6to8\",\"edgeRTMS\":4552}]","seed":" 61187187","task":"experiment","subjectId":"ez11umfwkth0bro","trial_type":"external-html","trial_index":18,"time_elapsed":1984961,"internal_node_id":"0.0-9.0-0.10"},{"rt":8484,"url":"../static/nodeGraphs.html","edge":"6to9","edgeRT":"6967","flipped":"FALSE","correct_edge":"0to2","index":"13","edgeClickLog":"[{\"edgeSelection\":\"0to2\",\"edgeRTMS\":4588},{\"edgeSelection\":\"2to6\",\"edgeRTMS\":5480},{\"edgeSelection\":\"6to9\",\"edgeRTMS\":6967}]","seed":" 49587019","task":"experiment","subjectId":"ez11umfwkth0bro","trial_type":"external-html","trial_index":19,"time_elapsed":1994089,"internal_node_id":"0.0-9.0-0.11"},{"rt":8220,"url":"../static/nodeGraphs.html","edge":"5to7","edgeRT":"6558","flipped":"FALSE","correct_edge":"0to1","index":"0","edgeClickLog":"[{\"edgeSelection\":\"0to1\",\"edgeRTMS\":3627},{\"edgeSelection\":\"1to5\",\"edgeRTMS\":5790},{\"edgeSelection\":\"5to7\",\"edgeRTMS\":6558}]","seed":" 21745736","task":"experiment","subjectId":"ez11umfwkth0bro","trial_type":"external-html","trial_index":20,"time_elapsed":2002937,"internal_node_id":"0.0-9.0-0.12"},{"rt":5939,"url":"../static/nodeGraphs.html","edge":"4to8","edgeRT":"4177","flipped":"TRUE","correct_edge":"0to2","index":"37","edgeClickLog":"[{\"edgeSelection\":\"0to2\",\"edgeRTMS\":1958},{\"edgeSelection\":\"2to4\",\"edgeRTMS\":3448},{\"edgeSelection\":\"4to8\",\"edgeRTMS\":4177}]","seed":" 21211189","task":"experiment","subjectId":"ez11umfwkth0bro","trial_type":"external-html","trial_index":21,"time_elapsed":2009530,"internal_node_id":"0.0-9.0-0.13"},{"rt":4083,"url":"../static/nodeGraphs.html","edge":"6to9","edgeRT":"3167","flipped":"TRUE","correct_edge":"0to3","index":"39","edgeClickLog":"[{\"edgeSelection\":\"0to3\",\"edgeRTMS\":1476},{\"edgeSelection\":\"3to6\",\"edgeRTMS\":2439},{\"edgeSelection\":\"6to9\",\"edgeRTMS\":3167}]","seed":" 37422119","task":"experiment","subjectId":"ez11umfwkth0bro","trial_type":"external-html","trial_index":22,"time_elapsed":2014257,"internal_node_id":"0.0-9.0-0.14"},{"rt":6252,"url":"../static/nodeGraphs.html","edge":"4to7","edgeRT":"4270","flipped":"FALSE","correct_edge":"0to1","index":"19","edgeClickLog":"[{\"edgeSelection\":\"0to1\",\"edgeRTMS\":1427},{\"edgeSelection\":\"1to4\",\"edgeRTMS\":2878},{\"edgeSelection\":\"4to7\",\"edgeRTMS\":4270}]","seed":" 37422119","task":"experiment","subjectId":"ez11umfwkth0bro","trial_type":"external-html","trial_index":23,"time_elapsed":2021137,"internal_node_id":"0.0-9.0-0.15"},{"rt":7038,"url":"../static/nodeGraphs.html","edge":"5to9","edgeRT":"6013","flipped":"TRUE","correct_edge":"1to5","index":"38","edgeClickLog":"[{\"edgeSelection\":\"0to2\",\"edgeRTMS\":3745},{\"edgeSelection\":\"2to5\",\"edgeRTMS\":4764},{\"edgeSelection\":\"5to9\",\"edgeRTMS\":6013}]","seed":" 22181670","task":"experiment","subjectId":"ez11umfwkth0bro","trial_type":"external-html","trial_index":24,"time_elapsed":2028809,"internal_node_id":"0.0-9.0-0.16"},{"rt":5906,"url":"../static/nodeGraphs.html","edge":"6to8","edgeRT":"4948","flipped":"TRUE","correct_edge":"0to2","index":"27","edgeClickLog":"[{\"edgeSelection\":\"0to3\",\"edgeRTMS\":1963},{\"edgeSelection\":\"3to6\",\"edgeRTMS\":3685},{\"edgeSelection\":\"6to8\",\"edgeRTMS\":4948}]","seed":" 85614324","task":"experiment","subjectId":"ez11umfwkth0bro","trial_type":"external-html","trial_index":25,"time_elapsed":2035353,"internal_node_id":"0.0-9.0-0.17"},{"rt":8692,"url":"../static/nodeGraphs.html","edge":"5to9","edgeRT":"7826","flipped":"FALSE","correct_edge":"5to9","index":"16","edgeClickLog":"[{\"edgeSelection\":\"0to3\",\"edgeRTMS\":3231},{\"edgeSelection\":\"3to5\",\"edgeRTMS\":4449},{\"edgeSelection\":\"5to9\",\"edgeRTMS\":7826}]","seed":" 5655743","task":"experiment","subjectId":"ez11umfwkth0bro","trial_type":"external-html","trial_index":26,"time_elapsed":2044682,"internal_node_id":"0.0-9.0-0.18"},{"rt":6316,"url":"../static/nodeGraphs.html","edge":"5to8","edgeRT":"5255","flipped":"FALSE","correct_edge":"0to2","index":"7","edgeClickLog":"[{\"edgeSelection\":\"0to1\",\"edgeRTMS\":2909},{\"edgeSelection\":\"1to5\",\"edgeRTMS\":4039},{\"edgeSelection\":\"5to8\",\"edgeRTMS\":5255}]","seed":" 85614324","task":"experiment","subjectId":"ez11umfwkth0bro","trial_type":"external-html","trial_index":27,"time_elapsed":2051641,"internal_node_id":"0.0-9.0-0.19"},{"rt":5766,"url":"../static/nodeGraphs.html","edge":"5to7","edgeRT":"4527","flipped":"TRUE","correct_edge":"0to1","index":"32","edgeClickLog":"[{\"edgeSelection\":\"0to1\",\"edgeRTMS\":2366},{\"edgeSelection\":\"1to5\",\"edgeRTMS\":3302},{\"edgeSelection\":\"5to7\",\"edgeRTMS\":4527}]","seed":" 36895371","task":"experiment","subjectId":"ez11umfwkth0bro","trial_type":"external-html","trial_index":28,"time_elapsed":2058042,"internal_node_id":"0.0-9.0-0.20"},{"rt":16198,"url":"../static/nodeGraphs.html","edge":"5to9","edgeRT":"14440","flipped":"TRUE","correct_edge":"6to9","index":"26","edgeClickLog":"[{\"edgeSelection\":\"0to1\",\"edgeRTMS\":2494},{\"edgeSelection\":\"1to4\",\"edgeRTMS\":3624},{\"edgeSelection\":\"0to1\",\"edgeRTMS\":8470},{\"edgeSelection\":\"1to5\",\"edgeRTMS\":9736},{\"edgeSelection\":\"5to9\",\"edgeRTMS\":14440}]","seed":" 13523788","task":"experiment","subjectId":"ez11umfwkth0bro","trial_type":"external-html","trial_index":29,"time_elapsed":2074874,"internal_node_id":"0.0-9.0-0.21"},{"rt":4986,"url":"../static/nodeGraphs.html","edge":"6to8","edgeRT":"3724","flipped":"TRUE","correct_edge":"0to2","index":"28","edgeClickLog":"[{\"edgeSelection\":\"0to2\",\"edgeRTMS\":1930},{\"edgeSelection\":\"2to6\",\"edgeRTMS\":2748},{\"edgeSelection\":\"6to8\",\"edgeRTMS\":3724}]","seed":" 8396978","task":"experiment","subjectId":"ez11umfwkth0bro","trial_type":"external-html","trial_index":30,"time_elapsed":2080506,"internal_node_id":"0.0-9.0-0.22"},{"rt":6788,"url":"../static/nodeGraphs.html","edge":"6to9","edgeRT":"5925","flipped":"TRUE","correct_edge":"0to2","index":"31","edgeClickLog":"[{\"edgeSelection\":\"0to2\",\"edgeRTMS\":3283},{\"edgeSelection\":\"2to6\",\"edgeRTMS\":4861},{\"edgeSelection\":\"6to9\",\"edgeRTMS\":5925}]","seed":" 63833578","task":"experiment","subjectId":"ez11umfwkth0bro","trial_type":"external-html","trial_index":31,"time_elapsed":2087938,"internal_node_id":"0.0-9.0-0.23"},{"rt":7690,"url":"../static/nodeGraphs.html","edge":"6to8","edgeRT":"6677","flipped":"TRUE","correct_edge":"0to2","index":"34","edgeClickLog":"[{\"edgeSelection\":\"0to2\",\"edgeRTMS\":2227},{\"edgeSelection\":\"2to6\",\"edgeRTMS\":5541},{\"edgeSelection\":\"6to8\",\"edgeRTMS\":6677}]","seed":" 21083760","task":"experiment","subjectId":"ez11umfwkth0bro","trial_type":"external-html","trial_index":32,"time_elapsed":2096266,"internal_node_id":"0.0-9.0-0.24"},{"rt":4820,"url":"../static/nodeGraphs.html","edge":"5to7","edgeRT":"3777","flipped":"FALSE","correct_edge":"3to5","index":"18","edgeClickLog":"[{\"edgeSelection\":\"0to2\",\"edgeRTMS\":1023},{\"edgeSelection\":\"2to5\",\"edgeRTMS\":2401},{\"edgeSelection\":\"5to7\",\"edgeRTMS\":3777}]","seed":" 22181670","task":"experiment","subjectId":"ez11umfwkth0bro","trial_type":"external-html","trial_index":33,"time_elapsed":2101730,"internal_node_id":"0.0-9.0-0.25"},{"rt":8710,"url":"../static/nodeGraphs.html","edge":"4to8","edgeRT":"7587","flipped":"FALSE","correct_edge":"2to4","index":"4","edgeClickLog":"[{\"edgeSelection\":\"0to2\",\"edgeRTMS\":2865},{\"edgeSelection\":\"2to4\",\"edgeRTMS\":4155},{\"edgeSelection\":\"4to8\",\"edgeRTMS\":7587}]","seed":" 36501291","task":"experiment","subjectId":"ez11umfwkth0bro","trial_type":"external-html","trial_index":34,"time_elapsed":2111082,"internal_node_id":"0.0-9.0-0.26"},{"rt":5913,"url":"../static/nodeGraphs.html","edge":"6to8","edgeRT":"4759","flipped":"TRUE","correct_edge":"2to6","index":"25","edgeClickLog":"[{\"edgeSelection\":\"0to2\",\"edgeRTMS\":2685},{\"edgeSelection\":\"2to6\",\"edgeRTMS\":3991},{\"edgeSelection\":\"6to8\",\"edgeRTMS\":4759}]","seed":" 10409262","task":"experiment","subjectId":"ez11umfwkth0bro","trial_type":"external-html","trial_index":35,"time_elapsed":2117642,"internal_node_id":"0.0-9.0-0.27"},{"rt":6613,"url":"../static/nodeGraphs.html","edge":"4to7","edgeRT":"5350","flipped":"FALSE","correct_edge":"0to2","index":"11","edgeClickLog":"[{\"edgeSelection\":\"0to2\",\"edgeRTMS\":1508},{\"edgeSelection\":\"2to4\",\"edgeRTMS\":2814},{\"edgeSelection\":\"4to7\",\"edgeRTMS\":5350}]","seed":" 63833578","task":"experiment","subjectId":"ez11umfwkth0bro","trial_type":"external-html","trial_index":36,"time_elapsed":2124882,"internal_node_id":"0.0-9.0-0.28"},{"rt":4902,"url":"../static/nodeGraphs.html","edge":"4to8","edgeRT":"4028","flipped":"FALSE","correct_edge":"1to4","index":"2","edgeClickLog":"[{\"edgeSelection\":\"0to1\",\"edgeRTMS\":2169},{\"edgeSelection\":\"1to4\",\"edgeRTMS\":2861},{\"edgeSelection\":\"4to8\",\"edgeRTMS\":4028}]","seed":" 22809663","task":"experiment","subjectId":"ez11umfwkth0bro","trial_type":"external-html","trial_index":37,"time_elapsed":2130434,"internal_node_id":"0.0-9.0-0.29"},{"rt":5621,"url":"../static/nodeGraphs.html","edge":"4to7","edgeRT":"4345","flipped":"TRUE","correct_edge":"2to4","index":"35","edgeClickLog":"[{\"edgeSelection\":\"0to1\",\"edgeRTMS\":1710},{\"edgeSelection\":\"1to4\",\"edgeRTMS\":2968},{\"edgeSelection\":\"4to7\",\"edgeRTMS\":4345}]","seed":" 53220770","task":"experiment","subjectId":"ez11umfwkth0bro","trial_type":"external-html","trial_index":38,"time_elapsed":2136697,"internal_node_id":"0.0-9.0-0.30"},{"rt":7428,"url":"../static/nodeGraphs.html","edge":"6to9","edgeRT":"5929","flipped":"FALSE","correct_edge":"2to6","index":"15","edgeClickLog":"[{\"edgeSelection\":\"0to3\",\"edgeRTMS\":2894},{\"edgeSelection\":\"3to6\",\"edgeRTMS\":4480},{\"edgeSelection\":\"6to9\",\"edgeRTMS\":5929}]","seed":" 53220770","task":"experiment","subjectId":"ez11umfwkth0bro","trial_type":"external-html","trial_index":39,"time_elapsed":2144778,"internal_node_id":"0.0-9.0-0.31"},{"rt":4769,"url":"../static/nodeGraphs.html","edge":"4to7","edgeRT":"4040","flipped":"FALSE","correct_edge":"2to4","index":"5","edgeClickLog":"[{\"edgeSelection\":\"0to2\",\"edgeRTMS\":1845},{\"edgeSelection\":\"2to4\",\"edgeRTMS\":2856},{\"edgeSelection\":\"4to7\",\"edgeRTMS\":4040}]","seed":" 10409262","task":"experiment","subjectId":"ez11umfwkth0bro","trial_type":"external-html","trial_index":40,"time_elapsed":2150185,"internal_node_id":"0.0-9.0-0.32"},{"rt":5586,"url":"../static/nodeGraphs.html","edge":"6to8","edgeRT":"4653","flipped":"TRUE","correct_edge":"0to2","index":"30","edgeClickLog":"[{\"edgeSelection\":\"0to3\",\"edgeRTMS\":2707},{\"edgeSelection\":\"3to6\",\"edgeRTMS\":3485},{\"edgeSelection\":\"6to8\",\"edgeRTMS\":4653}]","seed":" 39688702","task":"experiment","subjectId":"ez11umfwkth0bro","trial_type":"external-html","trial_index":41,"time_elapsed":2156401,"internal_node_id":"0.0-9.0-0.33"},{"rt":4199,"url":"../static/nodeGraphs.html","edge":"4to7","edgeRT":"3301","flipped":"TRUE","correct_edge":"0to2","index":"33","edgeClickLog":"[{\"edgeSelection\":\"0to2\",\"edgeRTMS\":1506},{\"edgeSelection\":\"2to4\",\"edgeRTMS\":2557},{\"edgeSelection\":\"4to7\",\"edgeRTMS\":3301}]","seed":" 49587019","task":"experiment","subjectId":"ez11umfwkth0bro","trial_type":"external-html","trial_index":42,"time_elapsed":2161241,"internal_node_id":"0.0-9.0-0.34"},{"rt":5478,"url":"../static/nodeGraphs.html","edge":"5to7","edgeRT":"4054","flipped":"TRUE","correct_edge":"5to7","index":"36","edgeClickLog":"[{\"edgeSelection\":\"0to1\",\"edgeRTMS\":2147},{\"edgeSelection\":\"1to5\",\"edgeRTMS\":3157},{\"edgeSelection\":\"5to7\",\"edgeRTMS\":4054}]","seed":" 5655743","task":"experiment","subjectId":"ez11umfwkth0bro","trial_type":"external-html","trial_index":43,"time_elapsed":2167353,"internal_node_id":"0.0-9.0-0.35"},{"rt":5125,"url":"../static/nodeGraphs.html","edge":"5to8","edgeRT":"4141","flipped":"TRUE","correct_edge":"5to8","index":"23","edgeClickLog":"[{\"edgeSelection\":\"0to3\",\"edgeRTMS\":1618},{\"edgeSelection\":\"3to5\",\"edgeRTMS\":3277},{\"edgeSelection\":\"5to8\",\"edgeRTMS\":4141}]","seed":" 46003743","task":"experiment","subjectId":"ez11umfwkth0bro","trial_type":"external-html","trial_index":44,"time_elapsed":2173121,"internal_node_id":"0.0-9.0-0.36"},{"rt":7698,"url":"../static/nodeGraphs.html","edge":"4to8","edgeRT":"6520","flipped":"FALSE","correct_edge":"4to8","index":"1","edgeClickLog":"[{\"edgeSelection\":\"0to3\",\"edgeRTMS\":1158},{\"edgeSelection\":\"0to2\",\"edgeRTMS\":4657},{\"edgeSelection\":\"2to4\",\"edgeRTMS\":5809},{\"edgeSelection\":\"4to8\",\"edgeRTMS\":6520}]","seed":" 32816305","task":"experiment","subjectId":"ez11umfwkth0bro","trial_type":"external-html","trial_index":45,"time_elapsed":2181465,"internal_node_id":"0.0-9.0-0.37"},{"rt":9337,"url":"../static/nodeGraphs.html","edge":"5to8","edgeRT":"8104","flipped":"FALSE","correct_edge":"5to8","index":"3","edgeClickLog":"[{\"edgeSelection\":\"0to1\",\"edgeRTMS\":1965},{\"edgeSelection\":\"1to5\",\"edgeRTMS\":6784},{\"edgeSelection\":\"5to8\",\"edgeRTMS\":8104}]","seed":" 46003743","task":"experiment","subjectId":"ez11umfwkth0bro","trial_type":"external-html","trial_index":46,"time_elapsed":2191449,"internal_node_id":"0.0-9.0-0.38"},{"rt":9949,"url":"../static/nodeGraphs.html","edge":"4to8","edgeRT":"9002","flipped":"TRUE","correct_edge":"0to1","index":"29","edgeClickLog":"[{\"edgeSelection\":\"0to1\",\"edgeRTMS\":4217},{\"edgeSelection\":\"1to4\",\"edgeRTMS\":7490},{\"edgeSelection\":\"4to8\",\"edgeRTMS\":9002}]","seed":" 61187187","task":"experiment","subjectId":"ez11umfwkth0bro","trial_type":"external-html","trial_index":47,"time_elapsed":2202042,"internal_node_id":"0.0-9.0-0.39"},{"rt":139421,"response":{"P0_Q0":null,"P0_Q1":4,"P0_Q2":6,"P0_Q3":6,"P0_Q4":5,"P0_Q5":3,"strategies":"No real strategy I just tried to choose the best route for the most reward.","feedback":"No, it was an interesting activity."},"accuracy":[],"trial_type":"survey","trial_index":48,"time_elapsed":2342058,"internal_node_id":"0.0-10.0"},{"rt":5895,"stimulus":"<p>Thanks for your time!</p>        <p>We need to manually calculate your bonus pay, please give us up to 7 days.</p><p>Press any key to conclude.</p>","response":" ","task":"end","subjectId":"ez11umfwkth0bro","trial_type":"html-keyboard-response","trial_index":49,"time_elapsed":2347955,"internal_node_id":"0.0-11.0","interactions":"[{\"event\":\"blur\",\"trial\":1,\"time\":2907},{\"event\":\"focus\",\"trial\":1,\"time\":3528},{\"event\":\"blur\",\"trial\":1,\"time\":5303},{\"event\":\"focus\",\"trial\":1,\"time\":35776},{\"event\":\"blur\",\"trial\":1,\"time\":35778},{\"event\":\"focus\",\"trial\":1,\"time\":36213},{\"event\":\"blur\",\"trial\":1,\"time\":37817},{\"event\":\"focus\",\"trial\":1,\"time\":110370},{\"event\":\"blur\",\"trial\":1,\"time\":111612},{\"event\":\"focus\",\"trial\":1,\"time\":119148},{\"event\":\"blur\",\"trial\":1,\"time\":160461},{\"event\":\"focus\",\"trial\":1,\"time\":161720},{\"event\":\"blur\",\"trial\":1,\"time\":199201},{\"event\":\"focus\",\"trial\":1,\"time\":202730},{\"event\":\"blur\",\"trial\":1,\"time\":203387},{\"event\":\"focus\",\"trial\":1,\"time\":203895},{\"event\":\"blur\",\"trial\":1,\"time\":204460},{\"event\":\"focus\",\"trial\":1,\"time\":204953},{\"event\":\"blur\",\"trial\":1,\"time\":205723},{\"event\":\"focus\",\"trial\":1,\"time\":206660},{\"event\":\"blur\",\"trial\":1,\"time\":232236},{\"event\":\"focus\",\"trial\":1,\"time\":234378},{\"event\":\"blur\",\"trial\":1,\"time\":243963},{\"event\":\"focus\",\"trial\":1,\"time\":245145},{\"event\":\"blur\",\"trial\":1,\"time\":247287},{\"event\":\"focus\",\"trial\":1,\"time\":388079},{\"event\":\"blur\",\"trial\":1,\"time\":388086},{\"event\":\"focus\",\"trial\":1,\"time\":388653},{\"event\":\"blur\",\"trial\":1,\"time\":389451},{\"event\":\"focus\",\"trial\":1,\"time\":390196},{\"event\":\"blur\",\"trial\":1,\"time\":392273},{\"event\":\"focus\",\"trial\":1,\"time\":397690},{\"event\":\"blur\",\"trial\":1,\"time\":1130499},{\"event\":\"focus\",\"trial\":1,\"time\":1131676},{\"event\":\"fullscreenenter\",\"trial\":1,\"time\":1135516},{\"event\":\"blur\",\"trial\":4,\"time\":1704798},{\"event\":\"focus\",\"trial\":4,\"time\":1704798},{\"event\":\"fullscreenexit\",\"trial\":4,\"time\":1704804},{\"event\":\"blur\",\"trial\":6,\"time\":1766420},{\"event\":\"focus\",\"trial\":6,\"time\":1769252},{\"event\":\"blur\",\"trial\":48,\"time\":2309244},{\"event\":\"focus\",\"trial\":48,\"time\":2309988}]"}]