[{"success":true,"timeout":false,"failed_images":[],"failed_audio":[],"failed_video":[],"trial_type":"preload","trial_index":0,"time_elapsed":2014,"internal_node_id":"0.0-0.0"},{"success":true,"trial_type":"fullscreen","trial_index":1,"time_elapsed":17199,"internal_node_id":"0.0-1.0"},{"rt":3570,"stimulus":"Welcome to the experiment. Press any key to begin.","response":"j","trial_type":"html-keyboard-response","trial_index":2,"time_elapsed":20769,"internal_node_id":"0.0-2.0"},{"view_history":[{"page_index":0,"viewing_time":4917},{"page_index":1,"viewing_time":4475},{"page_index":2,"viewing_time":22907},{"page_index":3,"viewing_time":2160},{"page_index":4,"viewing_time":1573},{"page_index":5,"viewing_time":686},{"page_index":6,"viewing_time":2462},{"page_index":7,"viewing_time":11646},{"page_index":8,"viewing_time":16643},{"page_index":9,"viewing_time":12216},{"page_index":10,"viewing_time":799},{"page_index":11,"viewing_time":379},{"page_index":12,"viewing_time":455},{"page_index":13,"viewing_time":1327},{"page_index":14,"viewing_time":4118},{"page_index":15,"viewing_time":4579},{"page_index":16,"viewing_time":783},{"page_index":17,"viewing_time":435},{"page_index":18,"viewing_time":1832},{"page_index":19,"viewing_time":5832},{"page_index":20,"viewing_time":9423},{"page_index":21,"viewing_time":3682}],"rt":113329,"trial_type":"instructions","trial_index":3,"time_elapsed":134104,"internal_node_id":"0.0-3.0"},{"rt":69058,"url":"../static/nodeGraphsTraining.html","edgeClickLog":[],"trial_type":"external-html","trial_index":4,"time_elapsed":203443,"internal_node_id":"0.0-4.0"},{"rt":19887,"response":{"q1":"The goal is to help the student to get the most points","q2":"False","q3":"Possible paths the student can take.","q4":"Paths that the student took before."},"question_order":[0,1,2,3],"trial_type":"survey-multi-choice","trial_index":5,"time_elapsed":223334,"internal_node_id":"0.0-5.0"},{"rt":5783,"stimulus":"<p>You can take a 60 second break before starting the experiment.</p><br><br><p>This page will advance in 60 seconds or you can press any key to advance now.</p>","response":"j","trial_type":"html-keyboard-response","trial_index":6,"time_elapsed":229124,"internal_node_id":"0.0-7.0"},{"view_history":[{"page_index":0,"viewing_time":24861}],"rt":24861,"trial_type":"instructions","trial_index":7,"time_elapsed":253985,"internal_node_id":"0.0-8.0"},{"rt":18875,"url":"../static/nodeGraphs.html","edge":"5to8","edgeRT":"17103","flipped":"TRUE","correct_edge":"0to2","index":"37","edgeClickLog":"[{\"edgeSelection\":\"5to8\",\"edgeRTMS\":17103}]","seed":" 21211189","task":"experiment","subjectId":"5qbjcshvetr915t","trial_type":"external-html","trial_index":8,"time_elapsed":273042,"internal_node_id":"0.0-9.0-0.0"},{"rt":12913,"url":"../static/nodeGraphs.html","edge":"6to9","edgeRT":"9710","flipped":"TRUE","correct_edge":"0to2","index":"28","edgeClickLog":"[{\"edgeSelection\":\"6to9\",\"edgeRTMS\":9710}]","seed":" 8396978","task":"experiment","subjectId":"5qbjcshvetr915t","trial_type":"external-html","trial_index":9,"time_elapsed":286688,"internal_node_id":"0.0-9.0-0.1"},{"rt":59602,"url":"../static/nodeGraphs.html","edge":"6to8","edgeRT":"35996","flipped":"TRUE","correct_edge":"5to8","index":"23","edgeClickLog":"[{\"edgeSelection\":\"6to8\",\"edgeRTMS\":31480},{\"edgeSelection\":\"6to8\",\"edgeRTMS\":32760},{\"edgeSelection\":\"6to8\",\"edgeRTMS\":33539},{\"edgeSelection\":\"5to8\",\"edgeRTMS\":35021},{\"edgeSelection\":\"6to8\",\"edgeRTMS\":35996}]","seed":" 46003743","task":"experiment","subjectId":"5qbjcshvetr915t","trial_type":"external-html","trial_index":10,"time_elapsed":346980,"internal_node_id":"0.0-9.0-0.2"},{"rt":41978,"url":"../static/nodeGraphs.html","edge":"4to7","edgeRT":"40384","flipped":"FALSE","correct_edge":"0to1","index":"19","edgeClickLog":"[{\"edgeSelection\":\"4to7\",\"edgeRTMS\":38679},{\"edgeSelection\":\"4to7\",\"edgeRTMS\":40384}]","seed":" 37422119","task":"experiment","subjectId":"5qbjcshvetr915t","trial_type":"external-html","trial_index":11,"time_elapsed":389723,"internal_node_id":"0.0-9.0-0.3"},{"rt":21601,"url":"../static/nodeGraphs.html","edge":"3to5","edgeRT":"19964","flipped":"TRUE","correct_edge":"5to7","index":"36","edgeClickLog":"[{\"edgeSelection\":\"3to5\",\"edgeRTMS\":19964}]","seed":" 5655743","task":"experiment","subjectId":"5qbjcshvetr915t","trial_type":"external-html","trial_index":12,"time_elapsed":412037,"internal_node_id":"0.0-9.0-0.4"},{"rt":15843,"url":"../static/nodeGraphs.html","edge":"2to4","edgeRT":"13305","flipped":"FALSE","correct_edge":"0to2","index":"11","edgeClickLog":"[{\"edgeSelection\":\"2to4\",\"edgeRTMS\":13305}]","seed":" 63833578","task":"experiment","subjectId":"5qbjcshvetr915t","trial_type":"external-html","trial_index":13,"time_elapsed":428582,"internal_node_id":"0.0-9.0-0.5"},{"rt":34586,"url":"../static/nodeGraphs.html","edge":"3to6","edgeRT":"28823","flipped":"TRUE","correct_edge":"0to3","index":"20","edgeClickLog":"[{\"edgeSelection\":\"3to6\",\"edgeRTMS\":28823}]","seed":" 21745736","task":"experiment","subjectId":"5qbjcshvetr915t","trial_type":"external-html","trial_index":14,"time_elapsed":463862,"internal_node_id":"0.0-9.0-0.6"},{"rt":30052,"url":"../static/nodeGraphs.html","edge":"2to5","edgeRT":"28053","flipped":"TRUE","correct_edge":"1to5","index":"38","edgeClickLog":"[{\"edgeSelection\":\"2to5\",\"edgeRTMS\":28053}]","seed":" 22181670","task":"experiment","subjectId":"5qbjcshvetr915t","trial_type":"external-html","trial_index":15,"time_elapsed":494637,"internal_node_id":"0.0-9.0-0.7"},{"rt":22873,"url":"../static/nodeGraphs.html","edge":"3to6","edgeRT":"10709","flipped":"FALSE","correct_edge":"2to6","index":"15","edgeClickLog":"[{\"edgeSelection\":\"3to6\",\"edgeRTMS\":10709}]","seed":" 53220770","task":"experiment","subjectId":"5qbjcshvetr915t","trial_type":"external-html","trial_index":16,"time_elapsed":518210,"internal_node_id":"0.0-9.0-0.8"},{"rt":14048,"url":"../static/nodeGraphs.html","edge":"2to5","edgeRT":"7652","flipped":"FALSE","correct_edge":"3to5","index":"18","edgeClickLog":"[{\"edgeSelection\":\"2to5\",\"edgeRTMS\":7652}]","seed":" 22181670","task":"experiment","subjectId":"5qbjcshvetr915t","trial_type":"external-html","trial_index":17,"time_elapsed":532948,"internal_node_id":"0.0-9.0-0.9"},{"rt":24817,"url":"../static/nodeGraphs.html","edge":"1to4","edgeRT":"15469","flipped":"TRUE","correct_edge":"2to4","index":"35","edgeClickLog":"[{\"edgeSelection\":\"1to4\",\"edgeRTMS\":15469}]","seed":" 53220770","task":"experiment","subjectId":"5qbjcshvetr915t","trial_type":"external-html","trial_index":18,"time_elapsed":558498,"internal_node_id":"0.0-9.0-0.10"},{"rt":38213,"url":"../static/nodeGraphs.html","edge":"3to6","edgeRT":"31040","flipped":"TRUE","correct_edge":"0to3","index":"39","edgeClickLog":"[{\"edgeSelection\":\"3to6\",\"edgeRTMS\":31040}]","seed":" 37422119","task":"experiment","subjectId":"5qbjcshvetr915t","trial_type":"external-html","trial_index":19,"time_elapsed":597419,"internal_node_id":"0.0-9.0-0.11"},{"rt":20243,"url":"../static/nodeGraphs.html","edge":"2to6","edgeRT":"11349","flipped":"TRUE","correct_edge":"2to6","index":"25","edgeClickLog":"[{\"edgeSelection\":\"2to6\",\"edgeRTMS\":11349}]","seed":" 10409262","task":"experiment","subjectId":"5qbjcshvetr915t","trial_type":"external-html","trial_index":20,"time_elapsed":618355,"internal_node_id":"0.0-9.0-0.12"},{"rt":28386,"url":"../static/nodeGraphs.html","edge":"2to6","edgeRT":"8649","flipped":"TRUE","correct_edge":"0to2","index":"34","edgeClickLog":"[{\"edgeSelection\":\"2to6\",\"edgeRTMS\":8649}]","seed":" 21083760","task":"experiment","subjectId":"5qbjcshvetr915t","trial_type":"external-html","trial_index":21,"time_elapsed":647439,"internal_node_id":"0.0-9.0-0.13"},{"rt":45435,"url":"../static/nodeGraphs.html","edge":"2to6","edgeRT":"25755","flipped":"FALSE","correct_edge":"0to2","index":"17","edgeClickLog":"[{\"edgeSelection\":\"2to5\",\"edgeRTMS\":3876},{\"edgeSelection\":\"2to6\",\"edgeRTMS\":25755}]","seed":" 21211189","task":"experiment","subjectId":"5qbjcshvetr915t","trial_type":"external-html","trial_index":22,"time_elapsed":693580,"internal_node_id":"0.0-9.0-0.14"},{"rt":40671,"url":"../static/nodeGraphs.html","edge":"0to1","edgeRT":"17363","flipped":"TRUE","correct_edge":"0to1","index":"32","edgeClickLog":"[{\"edgeSelection\":\"0to1\",\"edgeRTMS\":17363}]","seed":" 36895371","task":"experiment","subjectId":"5qbjcshvetr915t","trial_type":"external-html","trial_index":23,"time_elapsed":734938,"internal_node_id":"0.0-9.0-0.15"},{"rt":40252,"url":"../static/nodeGraphs.html","edge":"2to6","edgeRT":"35972","flipped":"TRUE","correct_edge":"0to2","index":"31","edgeClickLog":"[{\"edgeSelection\":\"2to6\",\"edgeRTMS\":35972}]","seed":" 63833578","task":"experiment","subjectId":"5qbjcshvetr915t","trial_type":"external-html","trial_index":24,"time_elapsed":775906,"internal_node_id":"0.0-9.0-0.16"},{"rt":11829,"url":"../static/nodeGraphs.html","edge":"4to8","edgeRT":"7126","flipped":"FALSE","correct_edge":"1to4","index":"2","edgeClickLog":"[{\"edgeSelection\":\"4to8\",\"edgeRTMS\":7126}]","seed":" 22809663","task":"experiment","subjectId":"5qbjcshvetr915t","trial_type":"external-html","trial_index":25,"time_elapsed":788422,"internal_node_id":"0.0-9.0-0.17"},{"rt":16949,"url":"../static/nodeGraphs.html","edge":"6to8","edgeRT":"5511","flipped":"TRUE","correct_edge":"6to8","index":"21","edgeClickLog":"[{\"edgeSelection\":\"6to8\",\"edgeRTMS\":5511}]","seed":" 32816305","task":"experiment","subjectId":"5qbjcshvetr915t","trial_type":"external-html","trial_index":26,"time_elapsed":806709,"internal_node_id":"0.0-9.0-0.18"},{"rt":38691,"url":"../static/nodeGraphs.html","edge":"6to8","edgeRT":"31766","flipped":"TRUE","correct_edge":"0to2","index":"30","edgeClickLog":"[{\"edgeSelection\":\"2to6\",\"edgeRTMS\":22024},{\"edgeSelection\":\"6to8\",\"edgeRTMS\":31766}]","seed":" 39688702","task":"experiment","subjectId":"5qbjcshvetr915t","trial_type":"external-html","trial_index":27,"time_elapsed":846087,"internal_node_id":"0.0-9.0-0.19"},{"rt":31232,"url":"../static/nodeGraphs.html","edge":"3to5","edgeRT":"22750","flipped":"FALSE","correct_edge":"0to3","index":"12","edgeClickLog":"[{\"edgeSelection\":\"6to9\",\"edgeRTMS\":7716},{\"edgeSelection\":\"3to6\",\"edgeRTMS\":11349},{\"edgeSelection\":\"3to5\",\"edgeRTMS\":15308},{\"edgeSelection\":\"0to3\",\"edgeRTMS\":21199},{\"edgeSelection\":\"3to5\",\"edgeRTMS\":22750}]","seed":" 36895371","task":"experiment","subjectId":"5qbjcshvetr915t","trial_type":"external-html","trial_index":28,"time_elapsed":878012,"internal_node_id":"0.0-9.0-0.20"},{"rt":15074,"url":"../static/nodeGraphs.html","edge":"2to4","edgeRT":"6480","flipped":"FALSE","correct_edge":"0to2","index":"8","edgeClickLog":"[{\"edgeSelection\":\"2to4\",\"edgeRTMS\":6480}]","seed":" 8396978","task":"experiment","subjectId":"5qbjcshvetr915t","trial_type":"external-html","trial_index":29,"time_elapsed":893771,"internal_node_id":"0.0-9.0-0.21"},{"rt":54819,"url":"../static/nodeGraphs.html","edge":"1to5","edgeRT":"17198","flipped":"TRUE","correct_edge":"6to9","index":"26","edgeClickLog":"[{\"edgeSelection\":\"1to5\",\"edgeRTMS\":5833},{\"edgeSelection\":\"5to9\",\"edgeRTMS\":13214},{\"edgeSelection\":\"1to5\",\"edgeRTMS\":17198}]","seed":" 13523788","task":"experiment","subjectId":"5qbjcshvetr915t","trial_type":"external-html","trial_index":30,"time_elapsed":949292,"internal_node_id":"0.0-9.0-0.22"},{"rt":23873,"url":"../static/nodeGraphs.html","edge":"4to7","edgeRT":"15584","flipped":"TRUE","correct_edge":"0to2","index":"33","edgeClickLog":"[{\"edgeSelection\":\"2to5\",\"edgeRTMS\":13047},{\"edgeSelection\":\"4to7\",\"edgeRTMS\":15584}]","seed":" 49587019","task":"experiment","subjectId":"5qbjcshvetr915t","trial_type":"external-html","trial_index":31,"time_elapsed":973859,"internal_node_id":"0.0-9.0-0.23"},{"rt":12083,"url":"../static/nodeGraphs.html","edge":"1to4","edgeRT":"4540","flipped":"TRUE","correct_edge":"0to1","index":"29","edgeClickLog":"[{\"edgeSelection\":\"1to4\",\"edgeRTMS\":4540}]","seed":" 61187187","task":"experiment","subjectId":"5qbjcshvetr915t","trial_type":"external-html","trial_index":32,"time_elapsed":986633,"internal_node_id":"0.0-9.0-0.24"},{"rt":9625,"url":"../static/nodeGraphs.html","edge":"1to4","edgeRT":"4042","flipped":"FALSE","correct_edge":"0to2","index":"14","edgeClickLog":"[{\"edgeSelection\":\"1to4\",\"edgeRTMS\":4042}]","seed":" 21083760","task":"experiment","subjectId":"5qbjcshvetr915t","trial_type":"external-html","trial_index":33,"time_elapsed":996951,"internal_node_id":"0.0-9.0-0.25"},{"rt":20138,"url":"../static/nodeGraphs.html","edge":"3to6","edgeRT":"4306","flipped":"FALSE","correct_edge":"0to3","index":"9","edgeClickLog":"[{\"edgeSelection\":\"3to6\",\"edgeRTMS\":4306}]","seed":" 61187187","task":"experiment","subjectId":"5qbjcshvetr915t","trial_type":"external-html","trial_index":34,"time_elapsed":1017810,"internal_node_id":"0.0-9.0-0.26"},{"rt":35598,"url":"../static/nodeGraphs.html","edge":"2to4","edgeRT":"27444","flipped":"FALSE","correct_edge":"2to4","index":"5","edgeClickLog":"[{\"edgeSelection\":\"4to8\",\"edgeRTMS\":2873},{\"edgeSelection\":\"2to4\",\"edgeRTMS\":6954},{\"edgeSelection\":\"3to6\",\"edgeRTMS\":16285},{\"edgeSelection\":\"2to4\",\"edgeRTMS\":26844},{\"edgeSelection\":\"2to4\",\"edgeRTMS\":27444}]","seed":" 10409262","task":"experiment","subjectId":"5qbjcshvetr915t","trial_type":"external-html","trial_index":35,"time_elapsed":1054101,"internal_node_id":"0.0-9.0-0.27"},{"rt":40815,"url":"../static/nodeGraphs.html","edge":"3to6","edgeRT":"11240","flipped":"FALSE","correct_edge":"4to7","index":"6","edgeClickLog":"[{\"edgeSelection\":\"3to6\",\"edgeRTMS\":11240}]","seed":" 13523788","task":"experiment","subjectId":"5qbjcshvetr915t","trial_type":"external-html","trial_index":36,"time_elapsed":1095609,"internal_node_id":"0.0-9.0-0.28"},{"rt":23501,"url":"../static/nodeGraphs.html","edge":"6to8","edgeRT":"7313","flipped":"TRUE","correct_edge":"3to6","index":"22","edgeClickLog":"[{\"edgeSelection\":\"6to8\",\"edgeRTMS\":7313}]","seed":" 22809663","task":"experiment","subjectId":"5qbjcshvetr915t","trial_type":"external-html","trial_index":37,"time_elapsed":1119806,"internal_node_id":"0.0-9.0-0.29"},{"rt":19394,"url":"../static/nodeGraphs.html","edge":"3to5","edgeRT":"7101","flipped":"FALSE","correct_edge":"5to9","index":"16","edgeClickLog":"[{\"edgeSelection\":\"3to5\",\"edgeRTMS\":7101}]","seed":" 5655743","task":"experiment","subjectId":"5qbjcshvetr915t","trial_type":"external-html","trial_index":38,"time_elapsed":1139891,"internal_node_id":"0.0-9.0-0.30"},{"rt":20064,"url":"../static/nodeGraphs.html","edge":"4to8","edgeRT":"7450","flipped":"FALSE","correct_edge":"0to2","index":"10","edgeClickLog":"[{\"edgeSelection\":\"6to8\",\"edgeRTMS\":4985},{\"edgeSelection\":\"6to8\",\"edgeRTMS\":5082},{\"edgeSelection\":\"6to8\",\"edgeRTMS\":5230},{\"edgeSelection\":\"4to8\",\"edgeRTMS\":7450}]","seed":" 39688702","task":"experiment","subjectId":"5qbjcshvetr915t","trial_type":"external-html","trial_index":39,"time_elapsed":1160710,"internal_node_id":"0.0-9.0-0.31"},{"rt":17507,"url":"../static/nodeGraphs.html","edge":"4to8","edgeRT":"10385","flipped":"FALSE","correct_edge":"4to8","index":"1","edgeClickLog":"[{\"edgeSelection\":\"4to8\",\"edgeRTMS\":10385}]","seed":" 32816305","task":"experiment","subjectId":"5qbjcshvetr915t","trial_type":"external-html","trial_index":40,"time_elapsed":1178915,"internal_node_id":"0.0-9.0-0.32"},{"rt":52388,"url":"../static/nodeGraphs.html","edge":"6to9","edgeRT":"13989","flipped":"FALSE","correct_edge":"0to2","index":"13","edgeClickLog":"[{\"edgeSelection\":\"2to6\",\"edgeRTMS\":12346},{\"edgeSelection\":\"6to9\",\"edgeRTMS\":13989}]","seed":" 49587019","task":"experiment","subjectId":"5qbjcshvetr915t","trial_type":"external-html","trial_index":41,"time_elapsed":1232001,"internal_node_id":"0.0-9.0-0.33"},{"rt":14090,"url":"../static/nodeGraphs.html","edge":"2to4","edgeRT":"3052","flipped":"FALSE","correct_edge":"2to4","index":"4","edgeClickLog":"[{\"edgeSelection\":\"2to4\",\"edgeRTMS\":3052}]","seed":" 36501291","task":"experiment","subjectId":"5qbjcshvetr915t","trial_type":"external-html","trial_index":42,"time_elapsed":1246812,"internal_node_id":"0.0-9.0-0.34"},{"rt":24386,"url":"../static/nodeGraphs.html","edge":"3to5","edgeRT":"21793","flipped":"TRUE","correct_edge":"0to2","index":"27","edgeClickLog":"[{\"edgeSelection\":\"3to5\",\"edgeRTMS\":21793}]","seed":" 85614324","task":"experiment","subjectId":"5qbjcshvetr915t","trial_type":"external-html","trial_index":43,"time_elapsed":1271947,"internal_node_id":"0.0-9.0-0.35"},{"rt":19343,"url":"../static/nodeGraphs.html","edge":"1to4","edgeRT":"12601","flipped":"FALSE","correct_edge":"0to1","index":"0","edgeClickLog":"[{\"edgeSelection\":\"1to4\",\"edgeRTMS\":12601}]","seed":" 21745736","task":"experiment","subjectId":"5qbjcshvetr915t","trial_type":"external-html","trial_index":44,"time_elapsed":1291978,"internal_node_id":"0.0-9.0-0.36"},{"rt":18064,"url":"../static/nodeGraphs.html","edge":"2to6","edgeRT":"8069","flipped":"TRUE","correct_edge":"2to6","index":"24","edgeClickLog":"[{\"edgeSelection\":\"2to6\",\"edgeRTMS\":8069}]","seed":" 36501291","task":"experiment","subjectId":"5qbjcshvetr915t","trial_type":"external-html","trial_index":45,"time_elapsed":1310748,"internal_node_id":"0.0-9.0-0.37"},{"rt":20291,"url":"../static/nodeGraphs.html","edge":"5to8","edgeRT":"8921","flipped":"FALSE","correct_edge":"5to8","index":"3","edgeClickLog":"[{\"edgeSelection\":\"5to8\",\"edgeRTMS\":8446},{\"edgeSelection\":\"5to8\",\"edgeRTMS\":8921}]","seed":" 46003743","task":"experiment","subjectId":"5qbjcshvetr915t","trial_type":"external-html","trial_index":46,"time_elapsed":1331742,"internal_node_id":"0.0-9.0-0.38"},{"rt":15008,"url":"../static/nodeGraphs.html","edge":"2to5","edgeRT":"8174","flipped":"FALSE","correct_edge":"0to2","index":"7","edgeClickLog":"[{\"edgeSelection\":\"2to5\",\"edgeRTMS\":8174}]","seed":" 85614324","task":"experiment","subjectId":"5qbjcshvetr915t","trial_type":"external-html","trial_index":47,"time_elapsed":1347464,"internal_node_id":"0.0-9.0-0.39"},{"rt":102188,"response":{"P0_Q0":null,"P0_Q1":5,"P0_Q2":7,"P0_Q3":6,"P0_Q4":5,"P0_Q5":1,"strategies":"Trying to account for what the student already knows and guiding them in a logical manner to a better path (usually assuming that they'll take the same paths as before)","feedback":"None"},"accuracy":[],"trial_type":"survey","trial_index":48,"time_elapsed":1450230,"internal_node_id":"0.0-10.0"},{"rt":5726,"stimulus":"<p>Thanks for your time!</p>        <p>We need to manually calculate your bonus pay, please give us up to 7 days.</p><p>Press any key to conclude.</p>","response":"k","task":"end","subjectId":"5qbjcshvetr915t","trial_type":"html-keyboard-response","trial_index":49,"time_elapsed":1455959,"internal_node_id":"0.0-11.0","interactions":"[{\"event\":\"blur\",\"trial\":1,\"time\":6520},{\"event\":\"focus\",\"trial\":1,\"time\":14341},{\"event\":\"fullscreenenter\",\"trial\":1,\"time\":16225},{\"event\":\"blur\",\"trial\":4,\"time\":153857},{\"event\":\"focus\",\"trial\":4,\"time\":153857},{\"event\":\"fullscreenexit\",\"trial\":4,\"time\":153869}]"}]