[{"success":true,"timeout":false,"failed_images":[],"failed_audio":[],"failed_video":[],"trial_type":"preload","trial_index":0,"time_elapsed":1123,"internal_node_id":"0.0-0.0"},{"success":true,"trial_type":"fullscreen","trial_index":1,"time_elapsed":6432,"internal_node_id":"0.0-1.0"},{"rt":3686,"stimulus":"Welcome to the experiment. Press any key to begin.","response":" ","trial_type":"html-keyboard-response","trial_index":2,"time_elapsed":10120,"internal_node_id":"0.0-2.0"},{"view_history":[{"page_index":0,"viewing_time":3797},{"page_index":1,"viewing_time":6414},{"page_index":2,"viewing_time":29825},{"page_index":3,"viewing_time":4143},{"page_index":4,"viewing_time":1768},{"page_index":5,"viewing_time":5136},{"page_index":6,"viewing_time":2296},{"page_index":7,"viewing_time":12417},{"page_index":8,"viewing_time":24239},{"page_index":9,"viewing_time":9864},{"page_index":10,"viewing_time":888},{"page_index":11,"viewing_time":535},{"page_index":12,"viewing_time":528},{"page_index":13,"viewing_time":3216},{"page_index":14,"viewing_time":3272},{"page_index":15,"viewing_time":5016},{"page_index":16,"viewing_time":1264},{"page_index":17,"viewing_time":568},{"page_index":18,"viewing_time":800},{"page_index":19,"viewing_time":4784},{"page_index":20,"viewing_time":5576},{"page_index":21,"viewing_time":4240}],"rt":130586,"trial_type":"instructions","trial_index":3,"time_elapsed":140712,"internal_node_id":"0.0-3.0"},{"rt":62983,"url":"../static/nodeGraphsTraining.html","edgeClickLog":[],"trial_type":"external-html","trial_index":4,"time_elapsed":203939,"internal_node_id":"0.0-4.0"},{"rt":26912,"response":{"q1":"The goal is to help the student to get the most points","q2":"False","q3":"Possible paths the student can take.","q4":"Paths that the student took before."},"question_order":[0,1,2,3],"trial_type":"survey-multi-choice","trial_index":5,"time_elapsed":230858,"internal_node_id":"0.0-5.0"},{"rt":7510,"stimulus":"<p>You can take a 60 second break before starting the experiment.</p><br><br><p>This page will advance in 60 seconds or you can press any key to advance now.</p>","response":"arrowright","trial_type":"html-keyboard-response","trial_index":6,"time_elapsed":238372,"internal_node_id":"0.0-7.0"},{"view_history":[{"page_index":0,"viewing_time":16264}],"rt":16264,"trial_type":"instructions","trial_index":7,"time_elapsed":254640,"internal_node_id":"0.0-8.0"},{"rt":12383,"url":"../static/nodeGraphs.html","edge":"2to6","edgeRT":"6879","flipped":"TRUE","correct_edge":"2to6","index":"25","edgeClickLog":"[{\"edgeSelection\":\"2to6\",\"edgeRTMS\":6879}]","seed":" 10409262","task":"experiment","subjectId":"hu028j7jnc6he66","trial_type":"external-html","trial_index":8,"time_elapsed":267181,"internal_node_id":"0.0-9.0-0.0"},{"rt":8313,"url":"../static/nodeGraphs.html","edge":"4to7","edgeRT":"6379","flipped":"TRUE","correct_edge":"2to4","index":"35","edgeClickLog":"[{\"edgeSelection\":\"2to4\",\"edgeRTMS\":5038},{\"edgeSelection\":\"4to7\",\"edgeRTMS\":6379}]","seed":" 53220770","task":"experiment","subjectId":"hu028j7jnc6he66","trial_type":"external-html","trial_index":9,"time_elapsed":276156,"internal_node_id":"0.0-9.0-0.1"},{"rt":13157,"url":"../static/nodeGraphs.html","edge":"5to9","edgeRT":"7594","flipped":"TRUE","correct_edge":"0to1","index":"29","edgeClickLog":"[{\"edgeSelection\":\"5to9\",\"edgeRTMS\":5826},{\"edgeSelection\":\"5to9\",\"edgeRTMS\":7594}]","seed":" 61187187","task":"experiment","subjectId":"hu028j7jnc6he66","trial_type":"external-html","trial_index":10,"time_elapsed":289974,"internal_node_id":"0.0-9.0-0.2"},{"rt":7222,"url":"../static/nodeGraphs.html","edge":"0to3","edgeRT":"4968","flipped":"FALSE","correct_edge":"0to3","index":"12","edgeClickLog":"[{\"edgeSelection\":\"0to3\",\"edgeRTMS\":4968}]","seed":" 36895371","task":"experiment","subjectId":"hu028j7jnc6he66","trial_type":"external-html","trial_index":11,"time_elapsed":297856,"internal_node_id":"0.0-9.0-0.3"},{"rt":5715,"url":"../static/nodeGraphs.html","edge":"5to8","edgeRT":"3633","flipped":"TRUE","correct_edge":"5to8","index":"23","edgeClickLog":"[{\"edgeSelection\":\"5to8\",\"edgeRTMS\":3633}]","seed":" 46003743","task":"experiment","subjectId":"hu028j7jnc6he66","trial_type":"external-html","trial_index":12,"time_elapsed":304233,"internal_node_id":"0.0-9.0-0.4"},{"rt":7393,"url":"../static/nodeGraphs.html","edge":"0to1","edgeRT":"6286","flipped":"TRUE","correct_edge":"6to9","index":"26","edgeClickLog":"[{\"edgeSelection\":\"0to1\",\"edgeRTMS\":6286}]","seed":" 13523788","task":"experiment","subjectId":"hu028j7jnc6he66","trial_type":"external-html","trial_index":13,"time_elapsed":312287,"internal_node_id":"0.0-9.0-0.5"},{"rt":9900,"url":"../static/nodeGraphs.html","edge":"4to8","edgeRT":"8468","flipped":"FALSE","correct_edge":"0to2","index":"10","edgeClickLog":"[{\"edgeSelection\":\"6to8\",\"edgeRTMS\":4128},{\"edgeSelection\":\"4to8\",\"edgeRTMS\":8468}]","seed":" 39688702","task":"experiment","subjectId":"hu028j7jnc6he66","trial_type":"external-html","trial_index":14,"time_elapsed":322849,"internal_node_id":"0.0-9.0-0.6"},{"rt":4654,"url":"../static/nodeGraphs.html","edge":"0to2","edgeRT":"3555","flipped":"TRUE","correct_edge":"0to2","index":"27","edgeClickLog":"[{\"edgeSelection\":\"0to3\",\"edgeRTMS\":2100},{\"edgeSelection\":\"0to2\",\"edgeRTMS\":3555}]","seed":" 85614324","task":"experiment","subjectId":"hu028j7jnc6he66","trial_type":"external-html","trial_index":15,"time_elapsed":328169,"internal_node_id":"0.0-9.0-0.7"},{"rt":10278,"url":"../static/nodeGraphs.html","edge":"4to8","edgeRT":"9116","flipped":"FALSE","correct_edge":"4to8","index":"1","edgeClickLog":"[{\"edgeSelection\":\"5to8\",\"edgeRTMS\":5792},{\"edgeSelection\":\"4to8\",\"edgeRTMS\":9116}]","seed":" 32816305","task":"experiment","subjectId":"hu028j7jnc6he66","trial_type":"external-html","trial_index":16,"time_elapsed":339107,"internal_node_id":"0.0-9.0-0.8"},{"rt":6273,"url":"../static/nodeGraphs.html","edge":"2to6","edgeRT":"5192","flipped":"TRUE","correct_edge":"0to2","index":"28","edgeClickLog":"[{\"edgeSelection\":\"2to6\",\"edgeRTMS\":5192}]","seed":" 8396978","task":"experiment","subjectId":"hu028j7jnc6he66","trial_type":"external-html","trial_index":17,"time_elapsed":346043,"internal_node_id":"0.0-9.0-0.9"},{"rt":9643,"url":"../static/nodeGraphs.html","edge":"0to1","edgeRT":"7453","flipped":"FALSE","correct_edge":"0to1","index":"0","edgeClickLog":"[{\"edgeSelection\":\"0to1\",\"edgeRTMS\":7453}]","seed":" 21745736","task":"experiment","subjectId":"hu028j7jnc6he66","trial_type":"external-html","trial_index":18,"time_elapsed":356347,"internal_node_id":"0.0-9.0-0.10"},{"rt":6996,"url":"../static/nodeGraphs.html","edge":"2to5","edgeRT":"5418","flipped":"FALSE","correct_edge":"0to2","index":"17","edgeClickLog":"[{\"edgeSelection\":\"0to2\",\"edgeRTMS\":3271},{\"edgeSelection\":\"2to5\",\"edgeRTMS\":5418}]","seed":" 21211189","task":"experiment","subjectId":"hu028j7jnc6he66","trial_type":"external-html","trial_index":19,"time_elapsed":364005,"internal_node_id":"0.0-9.0-0.11"},{"rt":6145,"url":"../static/nodeGraphs.html","edge":"5to8","edgeRT":"4436","flipped":"TRUE","correct_edge":"1to5","index":"38","edgeClickLog":"[{\"edgeSelection\":\"5to9\",\"edgeRTMS\":1777},{\"edgeSelection\":\"5to8\",\"edgeRTMS\":4436}]","seed":" 22181670","task":"experiment","subjectId":"hu028j7jnc6he66","trial_type":"external-html","trial_index":20,"time_elapsed":370811,"internal_node_id":"0.0-9.0-0.12"},{"rt":8518,"url":"../static/nodeGraphs.html","edge":"2to6","edgeRT":"5967","flipped":"TRUE","correct_edge":"0to2","index":"34","edgeClickLog":"[{\"edgeSelection\":\"2to6\",\"edgeRTMS\":5967}]","seed":" 21083760","task":"experiment","subjectId":"hu028j7jnc6he66","trial_type":"external-html","trial_index":21,"time_elapsed":379989,"internal_node_id":"0.0-9.0-0.13"},{"rt":6483,"url":"../static/nodeGraphs.html","edge":"4to7","edgeRT":"4734","flipped":"FALSE","correct_edge":"0to1","index":"19","edgeClickLog":"[{\"edgeSelection\":\"4to7\",\"edgeRTMS\":4734}]","seed":" 37422119","task":"experiment","subjectId":"hu028j7jnc6he66","trial_type":"external-html","trial_index":22,"time_elapsed":387129,"internal_node_id":"0.0-9.0-0.14"},{"rt":5223,"url":"../static/nodeGraphs.html","edge":"2to6","edgeRT":"4124","flipped":"TRUE","correct_edge":"2to6","index":"24","edgeClickLog":"[{\"edgeSelection\":\"2to6\",\"edgeRTMS\":4124}]","seed":" 36501291","task":"experiment","subjectId":"hu028j7jnc6he66","trial_type":"external-html","trial_index":23,"time_elapsed":393013,"internal_node_id":"0.0-9.0-0.15"},{"rt":3192,"url":"../static/nodeGraphs.html","edge":"2to5","edgeRT":"1927","flipped":"TRUE","correct_edge":"0to2","index":"37","edgeClickLog":"[{\"edgeSelection\":\"2to5\",\"edgeRTMS\":1927}]","seed":" 21211189","task":"experiment","subjectId":"hu028j7jnc6he66","trial_type":"external-html","trial_index":24,"time_elapsed":396871,"internal_node_id":"0.0-9.0-0.16"},{"rt":4341,"url":"../static/nodeGraphs.html","edge":"2to4","edgeRT":"3277","flipped":"FALSE","correct_edge":"0to2","index":"14","edgeClickLog":"[{\"edgeSelection\":\"2to4\",\"edgeRTMS\":3277}]","seed":" 21083760","task":"experiment","subjectId":"hu028j7jnc6he66","trial_type":"external-html","trial_index":25,"time_elapsed":401871,"internal_node_id":"0.0-9.0-0.17"},{"rt":3762,"url":"../static/nodeGraphs.html","edge":"2to6","edgeRT":"2830","flipped":"FALSE","correct_edge":"0to2","index":"13","edgeClickLog":"[{\"edgeSelection\":\"2to6\",\"edgeRTMS\":2830}]","seed":" 49587019","task":"experiment","subjectId":"hu028j7jnc6he66","trial_type":"external-html","trial_index":26,"time_elapsed":406300,"internal_node_id":"0.0-9.0-0.18"},{"rt":2586,"url":"../static/nodeGraphs.html","edge":"2to6","edgeRT":"1588","flipped":"TRUE","correct_edge":"0to2","index":"31","edgeClickLog":"[{\"edgeSelection\":\"2to6\",\"edgeRTMS\":1588}]","seed":" 63833578","task":"experiment","subjectId":"hu028j7jnc6he66","trial_type":"external-html","trial_index":27,"time_elapsed":409543,"internal_node_id":"0.0-9.0-0.19"},{"rt":3744,"url":"../static/nodeGraphs.html","edge":"2to5","edgeRT":"2569","flipped":"FALSE","correct_edge":"3to5","index":"18","edgeClickLog":"[{\"edgeSelection\":\"2to5\",\"edgeRTMS\":2569}]","seed":" 22181670","task":"experiment","subjectId":"hu028j7jnc6he66","trial_type":"external-html","trial_index":28,"time_elapsed":413949,"internal_node_id":"0.0-9.0-0.20"},{"rt":5962,"url":"../static/nodeGraphs.html","edge":"6to8","edgeRT":"2163","flipped":"FALSE","correct_edge":"2to6","index":"15","edgeClickLog":"[{\"edgeSelection\":\"6to8\",\"edgeRTMS\":2163}]","seed":" 53220770","task":"experiment","subjectId":"hu028j7jnc6he66","trial_type":"external-html","trial_index":29,"time_elapsed":420574,"internal_node_id":"0.0-9.0-0.21"},{"rt":2317,"url":"../static/nodeGraphs.html","edge":"6to8","edgeRT":"1493","flipped":"TRUE","correct_edge":"0to2","index":"30","edgeClickLog":"[{\"edgeSelection\":\"6to8\",\"edgeRTMS\":1493}]","seed":" 39688702","task":"experiment","subjectId":"hu028j7jnc6he66","trial_type":"external-html","trial_index":30,"time_elapsed":423552,"internal_node_id":"0.0-9.0-0.22"},{"rt":3431,"url":"../static/nodeGraphs.html","edge":"3to5","edgeRT":"2337","flipped":"FALSE","correct_edge":"5to9","index":"16","edgeClickLog":"[{\"edgeSelection\":\"3to5\",\"edgeRTMS\":2337}]","seed":" 5655743","task":"experiment","subjectId":"hu028j7jnc6he66","trial_type":"external-html","trial_index":31,"time_elapsed":427644,"internal_node_id":"0.0-9.0-0.23"},{"rt":50744,"url":"../static/nodeGraphs.html","edge":"2to4","edgeRT":"49200","flipped":"FALSE","correct_edge":"0to2","index":"8","edgeClickLog":"[{\"edgeSelection\":\"2to4\",\"edgeRTMS\":49200}]","seed":" 8396978","task":"experiment","subjectId":"hu028j7jnc6he66","trial_type":"external-html","trial_index":32,"time_elapsed":479060,"internal_node_id":"0.0-9.0-0.24"},{"rt":9870,"url":"../static/nodeGraphs.html","edge":"5to7","edgeRT":"8819","flipped":"TRUE","correct_edge":"0to1","index":"32","edgeClickLog":"[{\"edgeSelection\":\"5to7\",\"edgeRTMS\":8819}]","seed":" 36895371","task":"experiment","subjectId":"hu028j7jnc6he66","trial_type":"external-html","trial_index":33,"time_elapsed":489592,"internal_node_id":"0.0-9.0-0.25"},{"rt":6051,"url":"../static/nodeGraphs.html","edge":"5to7","edgeRT":"4341","flipped":"TRUE","correct_edge":"0to3","index":"39","edgeClickLog":"[{\"edgeSelection\":\"5to7\",\"edgeRTMS\":4341}]","seed":" 37422119","task":"experiment","subjectId":"hu028j7jnc6he66","trial_type":"external-html","trial_index":34,"time_elapsed":496304,"internal_node_id":"0.0-9.0-0.26"},{"rt":3950,"url":"../static/nodeGraphs.html","edge":"3to5","edgeRT":"2907","flipped":"TRUE","correct_edge":"5to7","index":"36","edgeClickLog":"[{\"edgeSelection\":\"3to5\",\"edgeRTMS\":2907}]","seed":" 5655743","task":"experiment","subjectId":"hu028j7jnc6he66","trial_type":"external-html","trial_index":35,"time_elapsed":500912,"internal_node_id":"0.0-9.0-0.27"},{"rt":2825,"url":"../static/nodeGraphs.html","edge":"2to4","edgeRT":"1968","flipped":"FALSE","correct_edge":"2to4","index":"5","edgeClickLog":"[{\"edgeSelection\":\"2to4\",\"edgeRTMS\":1968}]","seed":" 10409262","task":"experiment","subjectId":"hu028j7jnc6he66","trial_type":"external-html","trial_index":36,"time_elapsed":504396,"internal_node_id":"0.0-9.0-0.28"},{"rt":2072,"url":"../static/nodeGraphs.html","edge":"2to4","edgeRT":"1212","flipped":"FALSE","correct_edge":"2to4","index":"4","edgeClickLog":"[{\"edgeSelection\":\"2to4\",\"edgeRTMS\":1212}]","seed":" 36501291","task":"experiment","subjectId":"hu028j7jnc6he66","trial_type":"external-html","trial_index":37,"time_elapsed":507138,"internal_node_id":"0.0-9.0-0.29"},{"rt":5620,"url":"../static/nodeGraphs.html","edge":"6to8","edgeRT":"4878","flipped":"TRUE","correct_edge":"6to8","index":"21","edgeClickLog":"[{\"edgeSelection\":\"6to8\",\"edgeRTMS\":4878}]","seed":" 32816305","task":"experiment","subjectId":"hu028j7jnc6he66","trial_type":"external-html","trial_index":38,"time_elapsed":513420,"internal_node_id":"0.0-9.0-0.30"},{"rt":1846,"url":"../static/nodeGraphs.html","edge":"2to4","edgeRT":"1112","flipped":"FALSE","correct_edge":"0to2","index":"11","edgeClickLog":"[{\"edgeSelection\":\"2to4\",\"edgeRTMS\":1112}]","seed":" 63833578","task":"experiment","subjectId":"hu028j7jnc6he66","trial_type":"external-html","trial_index":39,"time_elapsed":515926,"internal_node_id":"0.0-9.0-0.31"},{"rt":5277,"url":"../static/nodeGraphs.html","edge":"1to5","edgeRT":"4201","flipped":"FALSE","correct_edge":"0to2","index":"7","edgeClickLog":"[{\"edgeSelection\":\"1to5\",\"edgeRTMS\":4201}]","seed":" 85614324","task":"experiment","subjectId":"hu028j7jnc6he66","trial_type":"external-html","trial_index":40,"time_elapsed":521864,"internal_node_id":"0.0-9.0-0.32"},{"rt":2855,"url":"../static/nodeGraphs.html","edge":"1to4","edgeRT":"2009","flipped":"FALSE","correct_edge":"1to4","index":"2","edgeClickLog":"[{\"edgeSelection\":\"1to4\",\"edgeRTMS\":2009}]","seed":" 22809663","task":"experiment","subjectId":"hu028j7jnc6he66","trial_type":"external-html","trial_index":41,"time_elapsed":525380,"internal_node_id":"0.0-9.0-0.33"},{"rt":8474,"url":"../static/nodeGraphs.html","edge":"1to5","edgeRT":"4558","flipped":"TRUE","correct_edge":"0to3","index":"20","edgeClickLog":"[{\"edgeSelection\":\"1to5\",\"edgeRTMS\":4558}]","seed":" 21745736","task":"experiment","subjectId":"hu028j7jnc6he66","trial_type":"external-html","trial_index":42,"time_elapsed":534512,"internal_node_id":"0.0-9.0-0.34"},{"rt":3469,"url":"../static/nodeGraphs.html","edge":"2to4","edgeRT":"2750","flipped":"TRUE","correct_edge":"0to2","index":"33","edgeClickLog":"[{\"edgeSelection\":\"2to4\",\"edgeRTMS\":2750}]","seed":" 49587019","task":"experiment","subjectId":"hu028j7jnc6he66","trial_type":"external-html","trial_index":43,"time_elapsed":538638,"internal_node_id":"0.0-9.0-0.35"},{"rt":7697,"url":"../static/nodeGraphs.html","edge":"4to8","edgeRT":"6481","flipped":"FALSE","correct_edge":"5to8","index":"3","edgeClickLog":"[{\"edgeSelection\":\"2to4\",\"edgeRTMS\":4994},{\"edgeSelection\":\"4to8\",\"edgeRTMS\":6481}]","seed":" 46003743","task":"experiment","subjectId":"hu028j7jnc6he66","trial_type":"external-html","trial_index":44,"time_elapsed":546998,"internal_node_id":"0.0-9.0-0.36"},{"rt":3212,"url":"../static/nodeGraphs.html","edge":"3to6","edgeRT":"2195","flipped":"TRUE","correct_edge":"3to6","index":"22","edgeClickLog":"[{\"edgeSelection\":\"3to6\",\"edgeRTMS\":2195}]","seed":" 22809663","task":"experiment","subjectId":"hu028j7jnc6he66","trial_type":"external-html","trial_index":45,"time_elapsed":550872,"internal_node_id":"0.0-9.0-0.37"},{"rt":5268,"url":"../static/nodeGraphs.html","edge":"3to5","edgeRT":"3365","flipped":"FALSE","correct_edge":"4to7","index":"6","edgeClickLog":"[{\"edgeSelection\":\"3to5\",\"edgeRTMS\":3365}]","seed":" 13523788","task":"experiment","subjectId":"hu028j7jnc6he66","trial_type":"external-html","trial_index":46,"time_elapsed":556802,"internal_node_id":"0.0-9.0-0.38"},{"rt":2511,"url":"../static/nodeGraphs.html","edge":"3to6","edgeRT":"1566","flipped":"FALSE","correct_edge":"0to3","index":"9","edgeClickLog":"[{\"edgeSelection\":\"3to6\",\"edgeRTMS\":1566}]","seed":" 61187187","task":"experiment","subjectId":"hu028j7jnc6he66","trial_type":"external-html","trial_index":47,"time_elapsed":559974,"internal_node_id":"0.0-9.0-0.39"},{"rt":22639,"response":{"P0_Q0":null,"P0_Q1":3,"P0_Q2":7,"P0_Q3":5,"P0_Q4":3,"P0_Q5":1,"strategies":"","feedback":""},"accuracy":[],"trial_type":"survey","trial_index":48,"time_elapsed":583213,"internal_node_id":"0.0-10.0"},{"rt":4444,"stimulus":"<p>Thanks for your time!</p>        <p>We need to manually calculate your bonus pay, please give us up to 7 days.</p><p>Press any key to conclude.</p>","response":" ","task":"end","subjectId":"hu028j7jnc6he66","trial_type":"html-keyboard-response","trial_index":49,"time_elapsed":587662,"internal_node_id":"0.0-11.0","interactions":"[{\"event\":\"fullscreenenter\",\"trial\":1,\"time\":5438},{\"event\":\"fullscreenexit\",\"trial\":32,\"time\":430960},{\"event\":\"blur\",\"trial\":32,\"time\":432862},{\"event\":\"focus\",\"trial\":32,\"time\":475099}]"}]