[{"success":true,"timeout":false,"failed_images":[],"failed_audio":[],"failed_video":[],"trial_type":"preload","trial_index":0,"time_elapsed":871,"internal_node_id":"0.0-0.0"},{"success":true,"trial_type":"fullscreen","trial_index":1,"time_elapsed":3306,"internal_node_id":"0.0-1.0"},{"rt":1985,"stimulus":"Welcome to the experiment. Press any key to begin.","response":"j","trial_type":"html-keyboard-response","trial_index":2,"time_elapsed":5292,"internal_node_id":"0.0-2.0"},{"view_history":[{"page_index":0,"viewing_time":2642},{"page_index":1,"viewing_time":3141},{"page_index":2,"viewing_time":15105},{"page_index":3,"viewing_time":2488},{"page_index":4,"viewing_time":843},{"page_index":5,"viewing_time":721},{"page_index":6,"viewing_time":1971},{"page_index":7,"viewing_time":6526},{"page_index":8,"viewing_time":27491},{"page_index":9,"viewing_time":6712},{"page_index":10,"viewing_time":736},{"page_index":11,"viewing_time":226},{"page_index":12,"viewing_time":183},{"page_index":13,"viewing_time":237},{"page_index":14,"viewing_time":1481},{"page_index":15,"viewing_time":5291},{"page_index":16,"viewing_time":1649},{"page_index":17,"viewing_time":429},{"page_index":18,"viewing_time":607},{"page_index":19,"viewing_time":2389},{"page_index":20,"viewing_time":2444},{"page_index":21,"viewing_time":3102}],"rt":86415,"trial_type":"instructions","trial_index":3,"time_elapsed":91708,"internal_node_id":"0.0-3.0"},{"rt":45143,"url":"../static/nodeGraphsTraining.html","edgeClickLog":[],"trial_type":"external-html","trial_index":4,"time_elapsed":137037,"internal_node_id":"0.0-4.0"},{"rt":16975,"response":{"q1":"The goal is to help the student to get the most points","q2":"False","q3":"Possible paths the student can take.","q4":"Paths that the student took before."},"question_order":[0,1,2,3],"trial_type":"survey-multi-choice","trial_index":5,"time_elapsed":154019,"internal_node_id":"0.0-5.0"},{"rt":11041,"stimulus":"<p>You can take a 60 second break before starting the experiment.</p><br><br><p>This page will advance in 60 seconds or you can press any key to advance now.</p>","response":" ","trial_type":"html-keyboard-response","trial_index":6,"time_elapsed":165068,"internal_node_id":"0.0-7.0"},{"view_history":[{"page_index":0,"viewing_time":9903}],"rt":9904,"trial_type":"instructions","trial_index":7,"time_elapsed":174972,"internal_node_id":"0.0-8.0"},{"rt":8868,"url":"../static/nodeGraphs.html","edge":"0to2","edgeRT":"6289","flipped":"TRUE","correct_edge":"0to2","index":"27","edgeClickLog":"[{\"edgeSelection\":\"0to2\",\"edgeRTMS\":6289}]","seed":" 85614324","task":"experiment","subjectId":"38hvd1tv1nungyv","trial_type":"external-html","trial_index":8,"time_elapsed":183963,"internal_node_id":"0.0-9.0-0.0"},{"rt":9219,"url":"../static/nodeGraphs.html","edge":"5to7","edgeRT":"8237","flipped":"TRUE","correct_edge":"0to1","index":"32","edgeClickLog":"[{\"edgeSelection\":\"5to7\",\"edgeRTMS\":8237}]","seed":" 36895371","task":"experiment","subjectId":"38hvd1tv1nungyv","trial_type":"external-html","trial_index":9,"time_elapsed":193804,"internal_node_id":"0.0-9.0-0.1"},{"rt":4671,"url":"../static/nodeGraphs.html","edge":"0to1","edgeRT":"3454","flipped":"TRUE","correct_edge":"2to4","index":"35","edgeClickLog":"[{\"edgeSelection\":\"0to1\",\"edgeRTMS\":3454}]","seed":" 53220770","task":"experiment","subjectId":"38hvd1tv1nungyv","trial_type":"external-html","trial_index":10,"time_elapsed":199095,"internal_node_id":"0.0-9.0-0.2"},{"rt":8922,"url":"../static/nodeGraphs.html","edge":"2to4","edgeRT":"4971","flipped":"FALSE","correct_edge":"2to4","index":"4","edgeClickLog":"[{\"edgeSelection\":\"2to4\",\"edgeRTMS\":4971}]","seed":" 36501291","task":"experiment","subjectId":"38hvd1tv1nungyv","trial_type":"external-html","trial_index":11,"time_elapsed":208637,"internal_node_id":"0.0-9.0-0.3"},{"rt":9850,"url":"../static/nodeGraphs.html","edge":"2to4","edgeRT":"7681","flipped":"FALSE","correct_edge":"0to2","index":"8","edgeClickLog":"[{\"edgeSelection\":\"2to4\",\"edgeRTMS\":7681}]","seed":" 8396978","task":"experiment","subjectId":"38hvd1tv1nungyv","trial_type":"external-html","trial_index":12,"time_elapsed":219107,"internal_node_id":"0.0-9.0-0.4"},{"rt":5061,"url":"../static/nodeGraphs.html","edge":"1to5","edgeRT":"2404","flipped":"TRUE","correct_edge":"5to7","index":"36","edgeClickLog":"[{\"edgeSelection\":\"1to5\",\"edgeRTMS\":2404}]","seed":" 5655743","task":"experiment","subjectId":"38hvd1tv1nungyv","trial_type":"external-html","trial_index":13,"time_elapsed":224796,"internal_node_id":"0.0-9.0-0.5"},{"rt":6512,"url":"../static/nodeGraphs.html","edge":"0to1","edgeRT":"3232","flipped":"FALSE","correct_edge":"0to1","index":"0","edgeClickLog":"[{\"edgeSelection\":\"0to1\",\"edgeRTMS\":3232}]","seed":" 21745736","task":"experiment","subjectId":"38hvd1tv1nungyv","trial_type":"external-html","trial_index":14,"time_elapsed":231930,"internal_node_id":"0.0-9.0-0.6"},{"rt":12474,"url":"../static/nodeGraphs.html","edge":"2to4","edgeRT":"11632","flipped":"FALSE","correct_edge":"0to2","index":"14","edgeClickLog":"[{\"edgeSelection\":\"2to4\",\"edgeRTMS\":11632}]","seed":" 21083760","task":"experiment","subjectId":"38hvd1tv1nungyv","trial_type":"external-html","trial_index":15,"time_elapsed":245031,"internal_node_id":"0.0-9.0-0.7"},{"rt":10448,"url":"../static/nodeGraphs.html","edge":"4to7","edgeRT":"9346","flipped":"FALSE","correct_edge":"4to7","index":"6","edgeClickLog":"[{\"edgeSelection\":\"4to7\",\"edgeRTMS\":9346}]","seed":" 13523788","task":"experiment","subjectId":"38hvd1tv1nungyv","trial_type":"external-html","trial_index":16,"time_elapsed":256111,"internal_node_id":"0.0-9.0-0.8"},{"rt":4641,"url":"../static/nodeGraphs.html","edge":"3to6","edgeRT":"2567","flipped":"TRUE","correct_edge":"3to6","index":"22","edgeClickLog":"[{\"edgeSelection\":\"3to6\",\"edgeRTMS\":2567}]","seed":" 22809663","task":"experiment","subjectId":"38hvd1tv1nungyv","trial_type":"external-html","trial_index":17,"time_elapsed":261378,"internal_node_id":"0.0-9.0-0.9"},{"rt":7735,"url":"../static/nodeGraphs.html","edge":"5to7","edgeRT":"2257","flipped":"TRUE","correct_edge":"0to2","index":"30","edgeClickLog":"[{\"edgeSelection\":\"5to7\",\"edgeRTMS\":2257}]","seed":" 39688702","task":"experiment","subjectId":"38hvd1tv1nungyv","trial_type":"external-html","trial_index":18,"time_elapsed":269737,"internal_node_id":"0.0-9.0-0.10"},{"rt":11496,"url":"../static/nodeGraphs.html","edge":"4to8","edgeRT":"10071","flipped":"FALSE","correct_edge":"0to2","index":"10","edgeClickLog":"[{\"edgeSelection\":\"4to8\",\"edgeRTMS\":10071}]","seed":" 39688702","task":"experiment","subjectId":"38hvd1tv1nungyv","trial_type":"external-html","trial_index":19,"time_elapsed":281866,"internal_node_id":"0.0-9.0-0.11"},{"rt":6906,"url":"../static/nodeGraphs.html","edge":"0to3","edgeRT":"5491","flipped":"FALSE","correct_edge":"0to3","index":"9","edgeClickLog":"[{\"edgeSelection\":\"5to7\",\"edgeRTMS\":3744},{\"edgeSelection\":\"0to3\",\"edgeRTMS\":5491}]","seed":" 61187187","task":"experiment","subjectId":"38hvd1tv1nungyv","trial_type":"external-html","trial_index":20,"time_elapsed":289390,"internal_node_id":"0.0-9.0-0.12"},{"rt":7089,"url":"../static/nodeGraphs.html","edge":"4to8","edgeRT":"6101","flipped":"FALSE","correct_edge":"4to8","index":"1","edgeClickLog":"[{\"edgeSelection\":\"0to3\",\"edgeRTMS\":3944},{\"edgeSelection\":\"4to8\",\"edgeRTMS\":6101}]","seed":" 32816305","task":"experiment","subjectId":"38hvd1tv1nungyv","trial_type":"external-html","trial_index":21,"time_elapsed":297110,"internal_node_id":"0.0-9.0-0.13"},{"rt":8029,"url":"../static/nodeGraphs.html","edge":"0to3","edgeRT":"6774","flipped":"FALSE","correct_edge":"0to3","index":"12","edgeClickLog":"[{\"edgeSelection\":\"0to3\",\"edgeRTMS\":6774}]","seed":" 36895371","task":"experiment","subjectId":"38hvd1tv1nungyv","trial_type":"external-html","trial_index":22,"time_elapsed":305766,"internal_node_id":"0.0-9.0-0.14"},{"rt":9711,"url":"../static/nodeGraphs.html","edge":"6to8","edgeRT":"8616","flipped":"TRUE","correct_edge":"6to8","index":"21","edgeClickLog":"[{\"edgeSelection\":\"6to8\",\"edgeRTMS\":8616}]","seed":" 32816305","task":"experiment","subjectId":"38hvd1tv1nungyv","trial_type":"external-html","trial_index":23,"time_elapsed":316110,"internal_node_id":"0.0-9.0-0.15"},{"rt":5040,"url":"../static/nodeGraphs.html","edge":"0to1","edgeRT":"3705","flipped":"FALSE","correct_edge":"0to1","index":"19","edgeClickLog":"[{\"edgeSelection\":\"0to1\",\"edgeRTMS\":3705}]","seed":" 37422119","task":"experiment","subjectId":"38hvd1tv1nungyv","trial_type":"external-html","trial_index":24,"time_elapsed":321778,"internal_node_id":"0.0-9.0-0.16"},{"rt":5126,"url":"../static/nodeGraphs.html","edge":"2to4","edgeRT":"3604","flipped":"FALSE","correct_edge":"2to4","index":"5","edgeClickLog":"[{\"edgeSelection\":\"2to4\",\"edgeRTMS\":3604}]","seed":" 10409262","task":"experiment","subjectId":"38hvd1tv1nungyv","trial_type":"external-html","trial_index":25,"time_elapsed":327531,"internal_node_id":"0.0-9.0-0.17"},{"rt":7457,"url":"../static/nodeGraphs.html","edge":"2to6","edgeRT":"6420","flipped":"FALSE","correct_edge":"0to2","index":"13","edgeClickLog":"[{\"edgeSelection\":\"2to6\",\"edgeRTMS\":6420}]","seed":" 49587019","task":"experiment","subjectId":"38hvd1tv1nungyv","trial_type":"external-html","trial_index":26,"time_elapsed":335613,"internal_node_id":"0.0-9.0-0.18"},{"rt":3013,"url":"../static/nodeGraphs.html","edge":"2to6","edgeRT":"1953","flipped":"TRUE","correct_edge":"0to2","index":"31","edgeClickLog":"[{\"edgeSelection\":\"2to6\",\"edgeRTMS\":1953}]","seed":" 63833578","task":"experiment","subjectId":"38hvd1tv1nungyv","trial_type":"external-html","trial_index":27,"time_elapsed":339256,"internal_node_id":"0.0-9.0-0.19"},{"rt":3906,"url":"../static/nodeGraphs.html","edge":"2to6","edgeRT":"2887","flipped":"TRUE","correct_edge":"2to6","index":"25","edgeClickLog":"[{\"edgeSelection\":\"2to6\",\"edgeRTMS\":2887}]","seed":" 10409262","task":"experiment","subjectId":"38hvd1tv1nungyv","trial_type":"external-html","trial_index":28,"time_elapsed":343783,"internal_node_id":"0.0-9.0-0.20"},{"rt":6810,"url":"../static/nodeGraphs.html","edge":"2to4","edgeRT":"5173","flipped":"FALSE","correct_edge":"0to2","index":"11","edgeClickLog":"[{\"edgeSelection\":\"0to2\",\"edgeRTMS\":1698},{\"edgeSelection\":\"2to4\",\"edgeRTMS\":5173}]","seed":" 63833578","task":"experiment","subjectId":"38hvd1tv1nungyv","trial_type":"external-html","trial_index":29,"time_elapsed":351222,"internal_node_id":"0.0-9.0-0.21"},{"rt":5324,"url":"../static/nodeGraphs.html","edge":"2to4","edgeRT":"4238","flipped":"TRUE","correct_edge":"0to2","index":"33","edgeClickLog":"[{\"edgeSelection\":\"2to4\",\"edgeRTMS\":4238}]","seed":" 49587019","task":"experiment","subjectId":"38hvd1tv1nungyv","trial_type":"external-html","trial_index":30,"time_elapsed":357178,"internal_node_id":"0.0-9.0-0.22"},{"rt":3625,"url":"../static/nodeGraphs.html","edge":"0to1","edgeRT":"2635","flipped":"TRUE","correct_edge":"0to1","index":"29","edgeClickLog":"[{\"edgeSelection\":\"0to1\",\"edgeRTMS\":2635}]","seed":" 61187187","task":"experiment","subjectId":"38hvd1tv1nungyv","trial_type":"external-html","trial_index":31,"time_elapsed":361429,"internal_node_id":"0.0-9.0-0.23"},{"rt":5670,"url":"../static/nodeGraphs.html","edge":"5to8","edgeRT":"4327","flipped":"FALSE","correct_edge":"5to8","index":"3","edgeClickLog":"[{\"edgeSelection\":\"5to8\",\"edgeRTMS\":4327}]","seed":" 46003743","task":"experiment","subjectId":"38hvd1tv1nungyv","trial_type":"external-html","trial_index":32,"time_elapsed":367727,"internal_node_id":"0.0-9.0-0.24"},{"rt":3017,"url":"../static/nodeGraphs.html","edge":"3to5","edgeRT":"1716","flipped":"FALSE","correct_edge":"5to9","index":"16","edgeClickLog":"[{\"edgeSelection\":\"3to5\",\"edgeRTMS\":1716}]","seed":" 5655743","task":"experiment","subjectId":"38hvd1tv1nungyv","trial_type":"external-html","trial_index":33,"time_elapsed":371369,"internal_node_id":"0.0-9.0-0.25"},{"rt":4786,"url":"../static/nodeGraphs.html","edge":"5to8","edgeRT":"3907","flipped":"TRUE","correct_edge":"5to8","index":"23","edgeClickLog":"[{\"edgeSelection\":\"5to8\",\"edgeRTMS\":3907}]","seed":" 46003743","task":"experiment","subjectId":"38hvd1tv1nungyv","trial_type":"external-html","trial_index":34,"time_elapsed":376784,"internal_node_id":"0.0-9.0-0.26"},{"rt":3844,"url":"../static/nodeGraphs.html","edge":"0to3","edgeRT":"2507","flipped":"FALSE","correct_edge":"2to6","index":"15","edgeClickLog":"[{\"edgeSelection\":\"0to3\",\"edgeRTMS\":2507}]","seed":" 53220770","task":"experiment","subjectId":"38hvd1tv1nungyv","trial_type":"external-html","trial_index":35,"time_elapsed":381257,"internal_node_id":"0.0-9.0-0.27"},{"rt":4363,"url":"../static/nodeGraphs.html","edge":"2to6","edgeRT":"2566","flipped":"TRUE","correct_edge":"0to2","index":"28","edgeClickLog":"[{\"edgeSelection\":\"2to6\",\"edgeRTMS\":2566}]","seed":" 8396978","task":"experiment","subjectId":"38hvd1tv1nungyv","trial_type":"external-html","trial_index":36,"time_elapsed":386243,"internal_node_id":"0.0-9.0-0.28"},{"rt":8723,"url":"../static/nodeGraphs.html","edge":"0to2","edgeRT":"7735","flipped":"FALSE","correct_edge":"0to2","index":"17","edgeClickLog":"[{\"edgeSelection\":\"0to2\",\"edgeRTMS\":1277},{\"edgeSelection\":\"2to6\",\"edgeRTMS\":4163},{\"edgeSelection\":\"0to2\",\"edgeRTMS\":7735}]","seed":" 21211189","task":"experiment","subjectId":"38hvd1tv1nungyv","trial_type":"external-html","trial_index":37,"time_elapsed":395591,"internal_node_id":"0.0-9.0-0.29"},{"rt":8613,"url":"../static/nodeGraphs.html","edge":"0to1","edgeRT":"7282","flipped":"TRUE","correct_edge":"6to9","index":"26","edgeClickLog":"[{\"edgeSelection\":\"0to1\",\"edgeRTMS\":7282}]","seed":" 13523788","task":"experiment","subjectId":"38hvd1tv1nungyv","trial_type":"external-html","trial_index":38,"time_elapsed":404826,"internal_node_id":"0.0-9.0-0.30"},{"rt":3434,"url":"../static/nodeGraphs.html","edge":"2to6","edgeRT":"2472","flipped":"TRUE","correct_edge":"2to6","index":"24","edgeClickLog":"[{\"edgeSelection\":\"3to5\",\"edgeRTMS\":1318},{\"edgeSelection\":\"2to6\",\"edgeRTMS\":2472}]","seed":" 36501291","task":"experiment","subjectId":"38hvd1tv1nungyv","trial_type":"external-html","trial_index":39,"time_elapsed":408884,"internal_node_id":"0.0-9.0-0.31"},{"rt":5556,"url":"../static/nodeGraphs.html","edge":"0to2","edgeRT":"4205","flipped":"FALSE","correct_edge":"0to2","index":"7","edgeClickLog":"[{\"edgeSelection\":\"0to2\",\"edgeRTMS\":4205}]","seed":" 85614324","task":"experiment","subjectId":"38hvd1tv1nungyv","trial_type":"external-html","trial_index":40,"time_elapsed":415072,"internal_node_id":"0.0-9.0-0.32"},{"rt":4255,"url":"../static/nodeGraphs.html","edge":"0to2","edgeRT":"1236","flipped":"FALSE","correct_edge":"3to5","index":"18","edgeClickLog":"[{\"edgeSelection\":\"0to2\",\"edgeRTMS\":1236}]","seed":" 22181670","task":"experiment","subjectId":"38hvd1tv1nungyv","trial_type":"external-html","trial_index":41,"time_elapsed":419949,"internal_node_id":"0.0-9.0-0.33"},{"rt":2029,"url":"../static/nodeGraphs.html","edge":"0to2","edgeRT":"991","flipped":"TRUE","correct_edge":"1to5","index":"38","edgeClickLog":"[{\"edgeSelection\":\"0to2\",\"edgeRTMS\":991}]","seed":" 22181670","task":"experiment","subjectId":"38hvd1tv1nungyv","trial_type":"external-html","trial_index":42,"time_elapsed":422601,"internal_node_id":"0.0-9.0-0.34"},{"rt":7079,"url":"../static/nodeGraphs.html","edge":"2to6","edgeRT":"6105","flipped":"TRUE","correct_edge":"0to2","index":"34","edgeClickLog":"[{\"edgeSelection\":\"0to3\",\"edgeRTMS\":3394},{\"edgeSelection\":\"2to6\",\"edgeRTMS\":6105}]","seed":" 21083760","task":"experiment","subjectId":"38hvd1tv1nungyv","trial_type":"external-html","trial_index":43,"time_elapsed":430310,"internal_node_id":"0.0-9.0-0.35"},{"rt":5786,"url":"../static/nodeGraphs.html","edge":"3to6","edgeRT":"4210","flipped":"TRUE","correct_edge":"0to3","index":"39","edgeClickLog":"[{\"edgeSelection\":\"3to6\",\"edgeRTMS\":4210}]","seed":" 37422119","task":"experiment","subjectId":"38hvd1tv1nungyv","trial_type":"external-html","trial_index":44,"time_elapsed":436721,"internal_node_id":"0.0-9.0-0.36"},{"rt":4083,"url":"../static/nodeGraphs.html","edge":"2to5","edgeRT":"3291","flipped":"TRUE","correct_edge":"0to2","index":"37","edgeClickLog":"[{\"edgeSelection\":\"2to5\",\"edgeRTMS\":3291}]","seed":" 21211189","task":"experiment","subjectId":"38hvd1tv1nungyv","trial_type":"external-html","trial_index":45,"time_elapsed":441427,"internal_node_id":"0.0-9.0-0.37"},{"rt":3847,"url":"../static/nodeGraphs.html","edge":"0to3","edgeRT":"1838","flipped":"TRUE","correct_edge":"0to3","index":"20","edgeClickLog":"[{\"edgeSelection\":\"0to3\",\"edgeRTMS\":1838}]","seed":" 21745736","task":"experiment","subjectId":"38hvd1tv1nungyv","trial_type":"external-html","trial_index":46,"time_elapsed":445900,"internal_node_id":"0.0-9.0-0.38"},{"rt":3139,"url":"../static/nodeGraphs.html","edge":"1to4","edgeRT":"1885","flipped":"FALSE","correct_edge":"1to4","index":"2","edgeClickLog":"[{\"edgeSelection\":\"1to4\",\"edgeRTMS\":1885}]","seed":" 22809663","task":"experiment","subjectId":"38hvd1tv1nungyv","trial_type":"external-html","trial_index":47,"time_elapsed":449661,"internal_node_id":"0.0-9.0-0.39"},{"rt":19148,"response":{"P0_Q0":null,"P0_Q1":2,"P0_Q2":6,"P0_Q3":6,"P0_Q4":2,"P0_Q5":2,"strategies":"connect the 3s","feedback":""},"accuracy":[],"trial_type":"survey","trial_index":48,"time_elapsed":469394,"internal_node_id":"0.0-10.0"},{"rt":2566,"stimulus":"<p>Thanks for your time!</p>        <p>We need to manually calculate your bonus pay, please give us up to 7 days.</p><p>Press any key to conclude.</p>","response":"k","task":"end","subjectId":"38hvd1tv1nungyv","trial_type":"html-keyboard-response","trial_index":49,"time_elapsed":471964,"internal_node_id":"0.0-11.0","interactions":"[{\"event\":\"fullscreenenter\",\"trial\":1,\"time\":2346}]"}]