[{"success":true,"timeout":false,"failed_images":[],"failed_audio":[],"failed_video":[],"trial_type":"preload","trial_index":0,"time_elapsed":966,"internal_node_id":"0.0-0.0"},{"success":true,"trial_type":"fullscreen","trial_index":1,"time_elapsed":7501,"internal_node_id":"0.0-1.0"},{"rt":5326,"stimulus":"Welcome to the experiment. Press any key to begin.","response":" ","trial_type":"html-keyboard-response","trial_index":2,"time_elapsed":12829,"internal_node_id":"0.0-2.0"},{"view_history":[{"page_index":0,"viewing_time":6926},{"page_index":1,"viewing_time":3059},{"page_index":2,"viewing_time":20730},{"page_index":3,"viewing_time":42857},{"page_index":4,"viewing_time":1077},{"page_index":5,"viewing_time":375},{"page_index":6,"viewing_time":3388},{"page_index":7,"viewing_time":15728},{"page_index":8,"viewing_time":18873},{"page_index":9,"viewing_time":8307},{"page_index":10,"viewing_time":1005},{"page_index":11,"viewing_time":566},{"page_index":12,"viewing_time":723},{"page_index":13,"viewing_time":1723},{"page_index":14,"viewing_time":2382},{"page_index":15,"viewing_time":5777},{"page_index":16,"viewing_time":818},{"page_index":17,"viewing_time":1690},{"page_index":18,"viewing_time":3886},{"page_index":19,"viewing_time":5400},{"page_index":20,"viewing_time":14856},{"page_index":21,"viewing_time":2616}],"rt":162761,"trial_type":"instructions","trial_index":3,"time_elapsed":175592,"internal_node_id":"0.0-3.0"},{"rt":131982,"url":"../static/nodeGraphsTraining.html","edgeClickLog":[],"trial_type":"external-html","trial_index":4,"time_elapsed":307879,"internal_node_id":"0.0-4.0"},{"rt":36514,"response":{"q1":"The goal is to help the student to get the most points","q2":"False","q3":"Possible paths the student can take.","q4":"Paths that the student took before."},"question_order":[0,1,2,3],"trial_type":"survey-multi-choice","trial_index":5,"time_elapsed":344400,"internal_node_id":"0.0-5.0"},{"rt":5804,"stimulus":"<p>You can take a 60 second break before starting the experiment.</p><br><br><p>This page will advance in 60 seconds or you can press any key to advance now.</p>","response":" ","trial_type":"html-keyboard-response","trial_index":6,"time_elapsed":350209,"internal_node_id":"0.0-7.0"},{"view_history":[{"page_index":0,"viewing_time":10717}],"rt":10718,"trial_type":"instructions","trial_index":7,"time_elapsed":360928,"internal_node_id":"0.0-8.0"},{"rt":23535,"url":"../static/nodeGraphs.html","edge":"4to7","edgeRT":"19737","flipped":"TRUE","correct_edge":"0to2","index":"33","edgeClickLog":"[{\"edgeSelection\":\"0to2\",\"edgeRTMS\":8674},{\"edgeSelection\":\"2to5\",\"edgeRTMS\":11970},{\"edgeSelection\":\"2to4\",\"edgeRTMS\":18320},{\"edgeSelection\":\"4to7\",\"edgeRTMS\":19737}]","seed":" 49587019","task":"experiment","subjectId":"dwynaddvzkapgf8","trial_type":"external-html","trial_index":8,"time_elapsed":384779,"internal_node_id":"0.0-9.0-0.0"},{"rt":18104,"url":"../static/nodeGraphs.html","edge":"5to8","edgeRT":"16764","flipped":"TRUE","correct_edge":"0to2","index":"27","edgeClickLog":"[{\"edgeSelection\":\"0to2\",\"edgeRTMS\":13788},{\"edgeSelection\":\"2to5\",\"edgeRTMS\":15085},{\"edgeSelection\":\"5to8\",\"edgeRTMS\":16764}]","seed":" 85614324","task":"experiment","subjectId":"dwynaddvzkapgf8","trial_type":"external-html","trial_index":9,"time_elapsed":403616,"internal_node_id":"0.0-9.0-0.1"},{"rt":36944,"url":"../static/nodeGraphs.html","edge":"5to8","edgeRT":"35923","flipped":"TRUE","correct_edge":"1to5","index":"38","edgeClickLog":"[{\"edgeSelection\":\"0to2\",\"edgeRTMS\":13814},{\"edgeSelection\":\"2to5\",\"edgeRTMS\":16567},{\"edgeSelection\":\"5to8\",\"edgeRTMS\":18074},{\"edgeSelection\":\"0to2\",\"edgeRTMS\":27872},{\"edgeSelection\":\"2to5\",\"edgeRTMS\":33993},{\"edgeSelection\":\"5to8\",\"edgeRTMS\":35923}]","seed":" 22181670","task":"experiment","subjectId":"dwynaddvzkapgf8","trial_type":"external-html","trial_index":10,"time_elapsed":441302,"internal_node_id":"0.0-9.0-0.2"},{"rt":23355,"url":"../static/nodeGraphs.html","edge":"4to7","edgeRT":"22059","flipped":"FALSE","correct_edge":"0to2","index":"11","edgeClickLog":"[{\"edgeSelection\":\"0to2\",\"edgeRTMS\":15949},{\"edgeSelection\":\"2to4\",\"edgeRTMS\":17630},{\"edgeSelection\":\"4to7\",\"edgeRTMS\":22059}]","seed":" 63833578","task":"experiment","subjectId":"dwynaddvzkapgf8","trial_type":"external-html","trial_index":11,"time_elapsed":465395,"internal_node_id":"0.0-9.0-0.3"},{"rt":12676,"url":"../static/nodeGraphs.html","edge":"6to9","edgeRT":"11599","flipped":"TRUE","correct_edge":"0to3","index":"39","edgeClickLog":"[{\"edgeSelection\":\"0to3\",\"edgeRTMS\":7087},{\"edgeSelection\":\"3to6\",\"edgeRTMS\":9181},{\"edgeSelection\":\"6to9\",\"edgeRTMS\":11599}]","seed":" 37422119","task":"experiment","subjectId":"dwynaddvzkapgf8","trial_type":"external-html","trial_index":12,"time_elapsed":478776,"internal_node_id":"0.0-9.0-0.4"},{"rt":28732,"url":"../static/nodeGraphs.html","edge":"6to9","edgeRT":"27829","flipped":"FALSE","correct_edge":"0to2","index":"14","edgeClickLog":"[{\"edgeSelection\":\"0to1\",\"edgeRTMS\":14639},{\"edgeSelection\":\"1to4\",\"edgeRTMS\":19419},{\"edgeSelection\":\"2to4\",\"edgeRTMS\":23359},{\"edgeSelection\":\"2to6\",\"edgeRTMS\":26601},{\"edgeSelection\":\"6to9\",\"edgeRTMS\":27829}]","seed":" 21083760","task":"experiment","subjectId":"dwynaddvzkapgf8","trial_type":"external-html","trial_index":13,"time_elapsed":508207,"internal_node_id":"0.0-9.0-0.5"},{"rt":21640,"url":"../static/nodeGraphs.html","edge":"4to7","edgeRT":"18478","flipped":"FALSE","correct_edge":"2to4","index":"5","edgeClickLog":"[{\"edgeSelection\":\"0to2\",\"edgeRTMS\":12333},{\"edgeSelection\":\"2to4\",\"edgeRTMS\":14962},{\"edgeSelection\":\"4to7\",\"edgeRTMS\":18478}]","seed":" 10409262","task":"experiment","subjectId":"dwynaddvzkapgf8","trial_type":"external-html","trial_index":14,"time_elapsed":530544,"internal_node_id":"0.0-9.0-0.6"},{"rt":13101,"url":"../static/nodeGraphs.html","edge":"5to9","edgeRT":"11845","flipped":"TRUE","correct_edge":"0to1","index":"32","edgeClickLog":"[{\"edgeSelection\":\"0to1\",\"edgeRTMS\":8606},{\"edgeSelection\":\"1to5\",\"edgeRTMS\":10740},{\"edgeSelection\":\"5to9\",\"edgeRTMS\":11845}]","seed":" 36895371","task":"experiment","subjectId":"dwynaddvzkapgf8","trial_type":"external-html","trial_index":15,"time_elapsed":544440,"internal_node_id":"0.0-9.0-0.7"},{"rt":12015,"url":"../static/nodeGraphs.html","edge":"6to9","edgeRT":"9978","flipped":"TRUE","correct_edge":"0to2","index":"28","edgeClickLog":"[{\"edgeSelection\":\"0to2\",\"edgeRTMS\":6350},{\"edgeSelection\":\"2to6\",\"edgeRTMS\":8472},{\"edgeSelection\":\"6to9\",\"edgeRTMS\":9978}]","seed":" 8396978","task":"experiment","subjectId":"dwynaddvzkapgf8","trial_type":"external-html","trial_index":16,"time_elapsed":557089,"internal_node_id":"0.0-9.0-0.8"},{"rt":10621,"url":"../static/nodeGraphs.html","edge":"5to7","edgeRT":"9549","flipped":"FALSE","correct_edge":"0to3","index":"12","edgeClickLog":"[{\"edgeSelection\":\"0to3\",\"edgeRTMS\":6165},{\"edgeSelection\":\"3to5\",\"edgeRTMS\":8589},{\"edgeSelection\":\"5to7\",\"edgeRTMS\":9549}]","seed":" 36895371","task":"experiment","subjectId":"dwynaddvzkapgf8","trial_type":"external-html","trial_index":17,"time_elapsed":568473,"internal_node_id":"0.0-9.0-0.9"},{"rt":14948,"url":"../static/nodeGraphs.html","edge":"4to7","edgeRT":"13408","flipped":"FALSE","correct_edge":"0to1","index":"19","edgeClickLog":"[{\"edgeSelection\":\"0to1\",\"edgeRTMS\":5745},{\"edgeSelection\":\"1to4\",\"edgeRTMS\":12256},{\"edgeSelection\":\"4to7\",\"edgeRTMS\":13408}]","seed":" 37422119","task":"experiment","subjectId":"dwynaddvzkapgf8","trial_type":"external-html","trial_index":18,"time_elapsed":584170,"internal_node_id":"0.0-9.0-0.10"},{"rt":9269,"url":"../static/nodeGraphs.html","edge":"5to8","edgeRT":"8000","flipped":"FALSE","correct_edge":"0to2","index":"17","edgeClickLog":"[{\"edgeSelection\":\"0to2\",\"edgeRTMS\":5547},{\"edgeSelection\":\"2to5\",\"edgeRTMS\":6702},{\"edgeSelection\":\"5to8\",\"edgeRTMS\":8000}]","seed":" 21211189","task":"experiment","subjectId":"dwynaddvzkapgf8","trial_type":"external-html","trial_index":19,"time_elapsed":594154,"internal_node_id":"0.0-9.0-0.11"},{"rt":17810,"url":"../static/nodeGraphs.html","edge":"6to9","edgeRT":"16493","flipped":"TRUE","correct_edge":"5to7","index":"36","edgeClickLog":"[{\"edgeSelection\":\"0to1\",\"edgeRTMS\":8517},{\"edgeSelection\":\"0to1\",\"edgeRTMS\":11011},{\"edgeSelection\":\"1to5\",\"edgeRTMS\":11863},{\"edgeSelection\":\"3to5\",\"edgeRTMS\":14024},{\"edgeSelection\":\"3to6\",\"edgeRTMS\":15180},{\"edgeSelection\":\"6to9\",\"edgeRTMS\":16493}]","seed":" 5655743","task":"experiment","subjectId":"dwynaddvzkapgf8","trial_type":"external-html","trial_index":20,"time_elapsed":612692,"internal_node_id":"0.0-9.0-0.12"},{"rt":12237,"url":"../static/nodeGraphs.html","edge":"4to8","edgeRT":"10651","flipped":"FALSE","correct_edge":"1to4","index":"2","edgeClickLog":"[{\"edgeSelection\":\"0to1\",\"edgeRTMS\":5759},{\"edgeSelection\":\"1to4\",\"edgeRTMS\":8463},{\"edgeSelection\":\"4to8\",\"edgeRTMS\":10651}]","seed":" 22809663","task":"experiment","subjectId":"dwynaddvzkapgf8","trial_type":"external-html","trial_index":21,"time_elapsed":625578,"internal_node_id":"0.0-9.0-0.13"},{"rt":10831,"url":"../static/nodeGraphs.html","edge":"6to9","edgeRT":"9776","flipped":"FALSE","correct_edge":"0to2","index":"13","edgeClickLog":"[{\"edgeSelection\":\"0to2\",\"edgeRTMS\":7394},{\"edgeSelection\":\"2to6\",\"edgeRTMS\":8759},{\"edgeSelection\":\"6to9\",\"edgeRTMS\":9776}]","seed":" 49587019","task":"experiment","subjectId":"dwynaddvzkapgf8","trial_type":"external-html","trial_index":22,"time_elapsed":637193,"internal_node_id":"0.0-9.0-0.14"},{"rt":16697,"url":"../static/nodeGraphs.html","edge":"6to8","edgeRT":"15646","flipped":"TRUE","correct_edge":"3to6","index":"22","edgeClickLog":"[{\"edgeSelection\":\"0to3\",\"edgeRTMS\":5826},{\"edgeSelection\":\"3to6\",\"edgeRTMS\":9774},{\"edgeSelection\":\"6to9\",\"edgeRTMS\":11312},{\"edgeSelection\":\"0to3\",\"edgeRTMS\":13070},{\"edgeSelection\":\"3to6\",\"edgeRTMS\":14458},{\"edgeSelection\":\"6to8\",\"edgeRTMS\":15646}]","seed":" 22809663","task":"experiment","subjectId":"dwynaddvzkapgf8","trial_type":"external-html","trial_index":23,"time_elapsed":654627,"internal_node_id":"0.0-9.0-0.15"},{"rt":10829,"url":"../static/nodeGraphs.html","edge":"6to8","edgeRT":"9455","flipped":"TRUE","correct_edge":"0to2","index":"30","edgeClickLog":"[{\"edgeSelection\":\"0to3\",\"edgeRTMS\":6385},{\"edgeSelection\":\"3to6\",\"edgeRTMS\":8049},{\"edgeSelection\":\"6to8\",\"edgeRTMS\":9455}]","seed":" 39688702","task":"experiment","subjectId":"dwynaddvzkapgf8","trial_type":"external-html","trial_index":24,"time_elapsed":666165,"internal_node_id":"0.0-9.0-0.16"},{"rt":30813,"url":"../static/nodeGraphs.html","edge":"6to9","edgeRT":"29286","flipped":"TRUE","correct_edge":"2to6","index":"25","edgeClickLog":"[{\"edgeSelection\":\"0to1\",\"edgeRTMS\":13632},{\"edgeSelection\":\"1to5\",\"edgeRTMS\":17367},{\"edgeSelection\":\"2to5\",\"edgeRTMS\":18882},{\"edgeSelection\":\"3to5\",\"edgeRTMS\":19979},{\"edgeSelection\":\"0to1\",\"edgeRTMS\":23213},{\"edgeSelection\":\"1to5\",\"edgeRTMS\":24712},{\"edgeSelection\":\"2to5\",\"edgeRTMS\":26180},{\"edgeSelection\":\"2to6\",\"edgeRTMS\":27805},{\"edgeSelection\":\"6to9\",\"edgeRTMS\":29286}]","seed":" 10409262","task":"experiment","subjectId":"dwynaddvzkapgf8","trial_type":"external-html","trial_index":25,"time_elapsed":697722,"internal_node_id":"0.0-9.0-0.17"},{"rt":17411,"url":"../static/nodeGraphs.html","edge":"5to7","edgeRT":"16137","flipped":"TRUE","correct_edge":"2to4","index":"35","edgeClickLog":"[{\"edgeSelection\":\"0to1\",\"edgeRTMS\":6512},{\"edgeSelection\":\"1to4\",\"edgeRTMS\":9029},{\"edgeSelection\":\"2to4\",\"edgeRTMS\":12795},{\"edgeSelection\":\"2to5\",\"edgeRTMS\":14092},{\"edgeSelection\":\"5to7\",\"edgeRTMS\":16137}]","seed":" 53220770","task":"experiment","subjectId":"dwynaddvzkapgf8","trial_type":"external-html","trial_index":26,"time_elapsed":715818,"internal_node_id":"0.0-9.0-0.18"},{"rt":18486,"url":"../static/nodeGraphs.html","edge":"6to8","edgeRT":"16705","flipped":"TRUE","correct_edge":"5to8","index":"23","edgeClickLog":"[{\"edgeSelection\":\"0to3\",\"edgeRTMS\":7934},{\"edgeSelection\":\"3to5\",\"edgeRTMS\":10029},{\"edgeSelection\":\"2to5\",\"edgeRTMS\":11437},{\"edgeSelection\":\"2to6\",\"edgeRTMS\":13138},{\"edgeSelection\":\"6to8\",\"edgeRTMS\":16705}]","seed":" 46003743","task":"experiment","subjectId":"dwynaddvzkapgf8","trial_type":"external-html","trial_index":27,"time_elapsed":735060,"internal_node_id":"0.0-9.0-0.19"},{"rt":24865,"url":"../static/nodeGraphs.html","edge":"5to7","edgeRT":"23219","flipped":"TRUE","correct_edge":"0to2","index":"34","edgeClickLog":"[{\"edgeSelection\":\"0to1\",\"edgeRTMS\":9663},{\"edgeSelection\":\"1to5\",\"edgeRTMS\":11504},{\"edgeSelection\":\"2to5\",\"edgeRTMS\":12695},{\"edgeSelection\":\"0to2\",\"edgeRTMS\":18684},{\"edgeSelection\":\"0to3\",\"edgeRTMS\":20039},{\"edgeSelection\":\"3to5\",\"edgeRTMS\":21482},{\"edgeSelection\":\"5to7\",\"edgeRTMS\":23219}]","seed":" 21083760","task":"experiment","subjectId":"dwynaddvzkapgf8","trial_type":"external-html","trial_index":28,"time_elapsed":760691,"internal_node_id":"0.0-9.0-0.20"},{"rt":17665,"url":"../static/nodeGraphs.html","edge":"6to8","edgeRT":"16490","flipped":"TRUE","correct_edge":"6to9","index":"26","edgeClickLog":"[{\"edgeSelection\":\"0to1\",\"edgeRTMS\":6724},{\"edgeSelection\":\"1to4\",\"edgeRTMS\":8701},{\"edgeSelection\":\"2to4\",\"edgeRTMS\":10185},{\"edgeSelection\":\"2to5\",\"edgeRTMS\":11747},{\"edgeSelection\":\"3to5\",\"edgeRTMS\":13712},{\"edgeSelection\":\"3to6\",\"edgeRTMS\":15149},{\"edgeSelection\":\"6to8\",\"edgeRTMS\":16490}]","seed":" 13523788","task":"experiment","subjectId":"dwynaddvzkapgf8","trial_type":"external-html","trial_index":29,"time_elapsed":779090,"internal_node_id":"0.0-9.0-0.21"},{"rt":20450,"url":"../static/nodeGraphs.html","edge":"6to9","edgeRT":"19122","flipped":"FALSE","correct_edge":"0to3","index":"9","edgeClickLog":"[{\"edgeSelection\":\"0to3\",\"edgeRTMS\":10496},{\"edgeSelection\":\"3to6\",\"edgeRTMS\":17818},{\"edgeSelection\":\"6to9\",\"edgeRTMS\":19122}]","seed":" 61187187","task":"experiment","subjectId":"dwynaddvzkapgf8","trial_type":"external-html","trial_index":30,"time_elapsed":800310,"internal_node_id":"0.0-9.0-0.22"},{"rt":29560,"url":"../static/nodeGraphs.html","edge":"4to8","edgeRT":"27703","flipped":"FALSE","correct_edge":"4to8","index":"1","edgeClickLog":"[{\"edgeSelection\":\"0to3\",\"edgeRTMS\":8804},{\"edgeSelection\":\"3to5\",\"edgeRTMS\":19549},{\"edgeSelection\":\"2to5\",\"edgeRTMS\":23106},{\"edgeSelection\":\"2to4\",\"edgeRTMS\":24622},{\"edgeSelection\":\"5to7\",\"edgeRTMS\":26294},{\"edgeSelection\":\"4to8\",\"edgeRTMS\":27703}]","seed":" 32816305","task":"experiment","subjectId":"dwynaddvzkapgf8","trial_type":"external-html","trial_index":31,"time_elapsed":830617,"internal_node_id":"0.0-9.0-0.23"},{"rt":12881,"url":"../static/nodeGraphs.html","edge":"5to9","edgeRT":"11611","flipped":"FALSE","correct_edge":"5to9","index":"16","edgeClickLog":"[{\"edgeSelection\":\"0to2\",\"edgeRTMS\":3072},{\"edgeSelection\":\"0to1\",\"edgeRTMS\":5011},{\"edgeSelection\":\"1to5\",\"edgeRTMS\":9392},{\"edgeSelection\":\"5to9\",\"edgeRTMS\":11611}]","seed":" 5655743","task":"experiment","subjectId":"dwynaddvzkapgf8","trial_type":"external-html","trial_index":32,"time_elapsed":844248,"internal_node_id":"0.0-9.0-0.24"},{"rt":11245,"url":"../static/nodeGraphs.html","edge":"6to9","edgeRT":"8988","flipped":"TRUE","correct_edge":"0to3","index":"20","edgeClickLog":"[{\"edgeSelection\":\"0to3\",\"edgeRTMS\":6052},{\"edgeSelection\":\"3to6\",\"edgeRTMS\":7746},{\"edgeSelection\":\"6to9\",\"edgeRTMS\":8988}]","seed":" 21745736","task":"experiment","subjectId":"dwynaddvzkapgf8","trial_type":"external-html","trial_index":33,"time_elapsed":856231,"internal_node_id":"0.0-9.0-0.25"},{"rt":16983,"url":"../static/nodeGraphs.html","edge":"5to8","edgeRT":"15440","flipped":"FALSE","correct_edge":"5to8","index":"3","edgeClickLog":"[{\"edgeSelection\":\"0to1\",\"edgeRTMS\":6523},{\"edgeSelection\":\"1to4\",\"edgeRTMS\":10061},{\"edgeSelection\":\"2to4\",\"edgeRTMS\":11481},{\"edgeSelection\":\"2to5\",\"edgeRTMS\":13090},{\"edgeSelection\":\"5to8\",\"edgeRTMS\":15440}]","seed":" 46003743","task":"experiment","subjectId":"dwynaddvzkapgf8","trial_type":"external-html","trial_index":34,"time_elapsed":873950,"internal_node_id":"0.0-9.0-0.26"},{"rt":12748,"url":"../static/nodeGraphs.html","edge":"6to9","edgeRT":"11392","flipped":"TRUE","correct_edge":"0to1","index":"29","edgeClickLog":"[{\"edgeSelection\":\"0to1\",\"edgeRTMS\":3468},{\"edgeSelection\":\"1to4\",\"edgeRTMS\":5118},{\"edgeSelection\":\"2to4\",\"edgeRTMS\":7780},{\"edgeSelection\":\"2to6\",\"edgeRTMS\":10157},{\"edgeSelection\":\"6to9\",\"edgeRTMS\":11392}]","seed":" 61187187","task":"experiment","subjectId":"dwynaddvzkapgf8","trial_type":"external-html","trial_index":35,"time_elapsed":887431,"internal_node_id":"0.0-9.0-0.27"},{"rt":11859,"url":"../static/nodeGraphs.html","edge":"4to7","edgeRT":"10644","flipped":"FALSE","correct_edge":"4to7","index":"6","edgeClickLog":"[{\"edgeSelection\":\"0to3\",\"edgeRTMS\":2847},{\"edgeSelection\":\"3to6\",\"edgeRTMS\":6402},{\"edgeSelection\":\"2to6\",\"edgeRTMS\":7861},{\"edgeSelection\":\"2to4\",\"edgeRTMS\":9437},{\"edgeSelection\":\"4to7\",\"edgeRTMS\":10644}]","seed":" 13523788","task":"experiment","subjectId":"dwynaddvzkapgf8","trial_type":"external-html","trial_index":36,"time_elapsed":900061,"internal_node_id":"0.0-9.0-0.28"},{"rt":10621,"url":"../static/nodeGraphs.html","edge":"5to8","edgeRT":"9678","flipped":"TRUE","correct_edge":"0to2","index":"37","edgeClickLog":"[{\"edgeSelection\":\"0to2\",\"edgeRTMS\":4121},{\"edgeSelection\":\"2to5\",\"edgeRTMS\":8313},{\"edgeSelection\":\"5to8\",\"edgeRTMS\":9678}]","seed":" 21211189","task":"experiment","subjectId":"dwynaddvzkapgf8","trial_type":"external-html","trial_index":37,"time_elapsed":911416,"internal_node_id":"0.0-9.0-0.29"},{"rt":11289,"url":"../static/nodeGraphs.html","edge":"4to7","edgeRT":"10143","flipped":"FALSE","correct_edge":"2to4","index":"4","edgeClickLog":"[{\"edgeSelection\":\"0to2\",\"edgeRTMS\":3431},{\"edgeSelection\":\"2to4\",\"edgeRTMS\":6202},{\"edgeSelection\":\"4to7\",\"edgeRTMS\":10143}]","seed":" 36501291","task":"experiment","subjectId":"dwynaddvzkapgf8","trial_type":"external-html","trial_index":38,"time_elapsed":923453,"internal_node_id":"0.0-9.0-0.30"},{"rt":6465,"url":"../static/nodeGraphs.html","edge":"5to8","edgeRT":"5430","flipped":"FALSE","correct_edge":"3to5","index":"18","edgeClickLog":"[{\"edgeSelection\":\"0to2\",\"edgeRTMS\":2569},{\"edgeSelection\":\"2to5\",\"edgeRTMS\":4205},{\"edgeSelection\":\"5to8\",\"edgeRTMS\":5430}]","seed":" 22181670","task":"experiment","subjectId":"dwynaddvzkapgf8","trial_type":"external-html","trial_index":39,"time_elapsed":930607,"internal_node_id":"0.0-9.0-0.31"},{"rt":7265,"url":"../static/nodeGraphs.html","edge":"4to8","edgeRT":"5964","flipped":"FALSE","correct_edge":"0to2","index":"8","edgeClickLog":"[{\"edgeSelection\":\"0to2\",\"edgeRTMS\":2991},{\"edgeSelection\":\"2to4\",\"edgeRTMS\":4831},{\"edgeSelection\":\"4to8\",\"edgeRTMS\":5964}]","seed":" 8396978","task":"experiment","subjectId":"dwynaddvzkapgf8","trial_type":"external-html","trial_index":40,"time_elapsed":938531,"internal_node_id":"0.0-9.0-0.32"},{"rt":7674,"url":"../static/nodeGraphs.html","edge":"5to8","edgeRT":"6686","flipped":"FALSE","correct_edge":"0to2","index":"7","edgeClickLog":"[{\"edgeSelection\":\"0to1\",\"edgeRTMS\":4118},{\"edgeSelection\":\"1to5\",\"edgeRTMS\":5462},{\"edgeSelection\":\"5to8\",\"edgeRTMS\":6686}]","seed":" 85614324","task":"experiment","subjectId":"dwynaddvzkapgf8","trial_type":"external-html","trial_index":41,"time_elapsed":946976,"internal_node_id":"0.0-9.0-0.33"},{"rt":7545,"url":"../static/nodeGraphs.html","edge":"4to8","edgeRT":"6476","flipped":"FALSE","correct_edge":"0to2","index":"10","edgeClickLog":"[{\"edgeSelection\":\"0to1\",\"edgeRTMS\":4071},{\"edgeSelection\":\"1to4\",\"edgeRTMS\":5340},{\"edgeSelection\":\"4to8\",\"edgeRTMS\":6476}]","seed":" 39688702","task":"experiment","subjectId":"dwynaddvzkapgf8","trial_type":"external-html","trial_index":42,"time_elapsed":955241,"internal_node_id":"0.0-9.0-0.34"},{"rt":7459,"url":"../static/nodeGraphs.html","edge":"6to9","edgeRT":"6174","flipped":"TRUE","correct_edge":"0to2","index":"31","edgeClickLog":"[{\"edgeSelection\":\"0to2\",\"edgeRTMS\":2330},{\"edgeSelection\":\"2to6\",\"edgeRTMS\":4869},{\"edgeSelection\":\"6to9\",\"edgeRTMS\":6174}]","seed":" 63833578","task":"experiment","subjectId":"dwynaddvzkapgf8","trial_type":"external-html","trial_index":43,"time_elapsed":963448,"internal_node_id":"0.0-9.0-0.35"},{"rt":9764,"url":"../static/nodeGraphs.html","edge":"4to7","edgeRT":"8016","flipped":"FALSE","correct_edge":"0to1","index":"0","edgeClickLog":"[{\"edgeSelection\":\"0to1\",\"edgeRTMS\":5411},{\"edgeSelection\":\"1to4\",\"edgeRTMS\":6894},{\"edgeSelection\":\"4to7\",\"edgeRTMS\":8016}]","seed":" 21745736","task":"experiment","subjectId":"dwynaddvzkapgf8","trial_type":"external-html","trial_index":44,"time_elapsed":973950,"internal_node_id":"0.0-9.0-0.36"},{"rt":8516,"url":"../static/nodeGraphs.html","edge":"6to8","edgeRT":"7445","flipped":"TRUE","correct_edge":"2to6","index":"24","edgeClickLog":"[{\"edgeSelection\":\"0to2\",\"edgeRTMS\":1735},{\"edgeSelection\":\"2to6\",\"edgeRTMS\":4075},{\"edgeSelection\":\"6to8\",\"edgeRTMS\":7445}]","seed":" 36501291","task":"experiment","subjectId":"dwynaddvzkapgf8","trial_type":"external-html","trial_index":45,"time_elapsed":983246,"internal_node_id":"0.0-9.0-0.37"},{"rt":12334,"url":"../static/nodeGraphs.html","edge":"6to9","edgeRT":"10832","flipped":"FALSE","correct_edge":"2to6","index":"15","edgeClickLog":"[{\"edgeSelection\":\"0to3\",\"edgeRTMS\":4192},{\"edgeSelection\":\"3to6\",\"edgeRTMS\":6748},{\"edgeSelection\":\"6to9\",\"edgeRTMS\":9627},{\"edgeSelection\":\"6to9\",\"edgeRTMS\":10832}]","seed":" 53220770","task":"experiment","subjectId":"dwynaddvzkapgf8","trial_type":"external-html","trial_index":46,"time_elapsed":996281,"internal_node_id":"0.0-9.0-0.38"},{"rt":13234,"url":"../static/nodeGraphs.html","edge":"6to9","edgeRT":"12125","flipped":"TRUE","correct_edge":"6to8","index":"21","edgeClickLog":"[{\"edgeSelection\":\"0to1\",\"edgeRTMS\":3504},{\"edgeSelection\":\"1to5\",\"edgeRTMS\":7627},{\"edgeSelection\":\"3to5\",\"edgeRTMS\":9644},{\"edgeSelection\":\"3to6\",\"edgeRTMS\":11098},{\"edgeSelection\":\"6to9\",\"edgeRTMS\":12125}]","seed":" 32816305","task":"experiment","subjectId":"dwynaddvzkapgf8","trial_type":"external-html","trial_index":47,"time_elapsed":1010287,"internal_node_id":"0.0-9.0-0.39"},{"rt":83400,"response":{"P0_Q0":null,"P0_Q1":6,"P0_Q2":5,"P0_Q3":5,"P0_Q4":5,"P0_Q5":2,"strategies":"Use the points with highest values.","feedback":"I was wondering whether I could criss-cross paths to go through as many of the points as possible before I get to the lowest point."},"accuracy":[],"trial_type":"survey","trial_index":48,"time_elapsed":1094312,"internal_node_id":"0.0-10.0"},{"rt":4004,"stimulus":"<p>Thanks for your time!</p>        <p>We need to manually calculate your bonus pay, please give us up to 7 days.</p><p>Press any key to conclude.</p>","response":" ","task":"end","subjectId":"dwynaddvzkapgf8","trial_type":"html-keyboard-response","trial_index":49,"time_elapsed":1098320,"internal_node_id":"0.0-11.0","interactions":"[{\"event\":\"fullscreenenter\",\"trial\":1,\"time\":6539},{\"event\":\"blur\",\"trial\":4,\"time\":195144},{\"event\":\"focus\",\"trial\":4,\"time\":195144},{\"event\":\"fullscreenexit\",\"trial\":4,\"time\":195165},{\"event\":\"blur\",\"trial\":4,\"time\":214282},{\"event\":\"focus\",\"trial\":4,\"time\":214283},{\"event\":\"blur\",\"trial\":4,\"time\":228735},{\"event\":\"focus\",\"trial\":4,\"time\":228735}]"}]