[{"success":true,"timeout":false,"failed_images":[],"failed_audio":[],"failed_video":[],"trial_type":"preload","trial_index":0,"time_elapsed":570,"internal_node_id":"0.0-0.0"},{"success":true,"trial_type":"fullscreen","trial_index":1,"time_elapsed":3914,"internal_node_id":"0.0-1.0"},{"rt":3693,"stimulus":"Welcome to the experiment. Press any key to begin.","response":" ","trial_type":"html-keyboard-response","trial_index":2,"time_elapsed":7611,"internal_node_id":"0.0-2.0"},{"view_history":[{"page_index":0,"viewing_time":3288},{"page_index":1,"viewing_time":3757},{"page_index":2,"viewing_time":14890},{"page_index":3,"viewing_time":5610},{"page_index":4,"viewing_time":3130},{"page_index":5,"viewing_time":2820},{"page_index":6,"viewing_time":2430},{"page_index":7,"viewing_time":7691},{"page_index":8,"viewing_time":13869},{"page_index":9,"viewing_time":9019},{"page_index":10,"viewing_time":3121},{"page_index":11,"viewing_time":859},{"page_index":12,"viewing_time":801},{"page_index":13,"viewing_time":1489},{"page_index":14,"viewing_time":41934},{"page_index":15,"viewing_time":7583},{"page_index":16,"viewing_time":1994},{"page_index":17,"viewing_time":964},{"page_index":18,"viewing_time":895},{"page_index":19,"viewing_time":6469},{"page_index":20,"viewing_time":4421},{"page_index":21,"viewing_time":138530}],"rt":275564,"trial_type":"instructions","trial_index":3,"time_elapsed":283176,"internal_node_id":"0.0-3.0"},{"rt":73444,"url":"../static/nodeGraphsTraining.html","edgeClickLog":[],"trial_type":"external-html","trial_index":4,"time_elapsed":356737,"internal_node_id":"0.0-4.0"},{"rt":21832,"response":{"q1":"The goal is to help the student to get the most points","q2":"False","q3":"Possible paths the student can take.","q4":"Possible paths the student can take."},"question_order":[0,1,2,3],"trial_type":"survey-multi-choice","trial_index":5,"time_elapsed":378574,"internal_node_id":"0.0-5.0"},{"rt":35133,"response":{"q1":"The goal is to help the student to get the most points","q2":"False","q3":"Possible paths the student can take.","q4":"Paths that the student took before."},"question_order":[0,1,2,3],"trial_type":"survey-multi-choice","trial_index":6,"time_elapsed":413713,"internal_node_id":"0.0-6.0-0.0"},{"rt":null,"stimulus":"<p>You can take a 60 second break before starting the experiment.</p><br><br><p>This page will advance in 60 seconds or you can press any key to advance now.</p>","response":null,"trial_type":"html-keyboard-response","trial_index":7,"time_elapsed":473726,"internal_node_id":"0.0-7.0"},{"view_history":[{"page_index":0,"viewing_time":22971}],"rt":22971,"trial_type":"instructions","trial_index":8,"time_elapsed":496697,"internal_node_id":"0.0-8.0"},{"rt":41692,"url":"../static/nodeGraphs.html","edge":"2to6","edgeRT":"30103","flipped":"TRUE","correct_edge":"0to2","index":"28","edgeClickLog":"[{\"edgeSelection\":\"6to8\",\"edgeRTMS\":17060},{\"edgeSelection\":\"2to6\",\"edgeRTMS\":30103}]","seed":" 8396978","task":"experiment","subjectId":"55bbnt20rwy66gt","trial_type":"external-html","trial_index":9,"time_elapsed":538472,"internal_node_id":"0.0-9.0-0.0"},{"rt":14636,"url":"../static/nodeGraphs.html","edge":"3to5","edgeRT":"9620","flipped":"FALSE","correct_edge":"5to9","index":"16","edgeClickLog":"[{\"edgeSelection\":\"3to5\",\"edgeRTMS\":9620}]","seed":" 5655743","task":"experiment","subjectId":"55bbnt20rwy66gt","trial_type":"external-html","trial_index":10,"time_elapsed":553703,"internal_node_id":"0.0-9.0-0.1"},{"rt":90365,"url":"../static/nodeGraphs.html","edge":"0to1","edgeRT":"87240","flipped":"FALSE","correct_edge":"0to2","index":"7","edgeClickLog":"[{\"edgeSelection\":\"0to1\",\"edgeRTMS\":87240}]","seed":" 85614324","task":"experiment","subjectId":"55bbnt20rwy66gt","trial_type":"external-html","trial_index":11,"time_elapsed":644649,"internal_node_id":"0.0-9.0-0.2"},{"rt":20436,"url":"../static/nodeGraphs.html","edge":"0to3","edgeRT":"18249","flipped":"TRUE","correct_edge":"0to3","index":"20","edgeClickLog":"[{\"edgeSelection\":\"0to3\",\"edgeRTMS\":18249}]","seed":" 21745736","task":"experiment","subjectId":"55bbnt20rwy66gt","trial_type":"external-html","trial_index":12,"time_elapsed":665676,"internal_node_id":"0.0-9.0-0.3"},{"rt":41841,"url":"../static/nodeGraphs.html","edge":"5to7","edgeRT":"39964","flipped":"TRUE","correct_edge":"0to1","index":"32","edgeClickLog":"[{\"edgeSelection\":\"5to7\",\"edgeRTMS\":39964}]","seed":" 36895371","task":"experiment","subjectId":"55bbnt20rwy66gt","trial_type":"external-html","trial_index":13,"time_elapsed":708112,"internal_node_id":"0.0-9.0-0.4"},{"rt":26735,"url":"../static/nodeGraphs.html","edge":"1to5","edgeRT":"20234","flipped":"TRUE","correct_edge":"1to5","index":"38","edgeClickLog":"[{\"edgeSelection\":\"1to5\",\"edgeRTMS\":20234}]","seed":" 22181670","task":"experiment","subjectId":"55bbnt20rwy66gt","trial_type":"external-html","trial_index":14,"time_elapsed":735678,"internal_node_id":"0.0-9.0-0.5"},{"rt":64022,"url":"../static/nodeGraphs.html","edge":"3to5","edgeRT":"59093","flipped":"TRUE","correct_edge":"0to2","index":"37","edgeClickLog":"[{\"edgeSelection\":\"2to6\",\"edgeRTMS\":48313},{\"edgeSelection\":\"3to5\",\"edgeRTMS\":59093}]","seed":" 21211189","task":"experiment","subjectId":"55bbnt20rwy66gt","trial_type":"external-html","trial_index":15,"time_elapsed":800312,"internal_node_id":"0.0-9.0-0.6"},{"rt":8860,"url":"../static/nodeGraphs.html","edge":"5to9","edgeRT":"7413","flipped":"TRUE","correct_edge":"0to3","index":"39","edgeClickLog":"[{\"edgeSelection\":\"5to9\",\"edgeRTMS\":7413}]","seed":" 37422119","task":"experiment","subjectId":"55bbnt20rwy66gt","trial_type":"external-html","trial_index":16,"time_elapsed":809766,"internal_node_id":"0.0-9.0-0.7"},{"rt":6480,"url":"../static/nodeGraphs.html","edge":"5to9","edgeRT":"5089","flipped":"FALSE","correct_edge":"0to2","index":"13","edgeClickLog":"[{\"edgeSelection\":\"5to9\",\"edgeRTMS\":5089}]","seed":" 49587019","task":"experiment","subjectId":"55bbnt20rwy66gt","trial_type":"external-html","trial_index":17,"time_elapsed":816842,"internal_node_id":"0.0-9.0-0.8"},{"rt":19665,"url":"../static/nodeGraphs.html","edge":"3to6","edgeRT":"13093","flipped":"TRUE","correct_edge":"3to6","index":"22","edgeClickLog":"[{\"edgeSelection\":\"3to6\",\"edgeRTMS\":13093}]","seed":" 22809663","task":"experiment","subjectId":"55bbnt20rwy66gt","trial_type":"external-html","trial_index":18,"time_elapsed":837099,"internal_node_id":"0.0-9.0-0.9"},{"rt":15043,"url":"../static/nodeGraphs.html","edge":"5to9","edgeRT":"13646","flipped":"FALSE","correct_edge":"0to3","index":"12","edgeClickLog":"[{\"edgeSelection\":\"0to3\",\"edgeRTMS\":10162},{\"edgeSelection\":\"5to9\",\"edgeRTMS\":13646}]","seed":" 36895371","task":"experiment","subjectId":"55bbnt20rwy66gt","trial_type":"external-html","trial_index":19,"time_elapsed":852739,"internal_node_id":"0.0-9.0-0.10"},{"rt":34322,"url":"../static/nodeGraphs.html","edge":"1to5","edgeRT":"30761","flipped":"TRUE","correct_edge":"0to2","index":"27","edgeClickLog":"[{\"edgeSelection\":\"1to5\",\"edgeRTMS\":30761}]","seed":" 85614324","task":"experiment","subjectId":"55bbnt20rwy66gt","trial_type":"external-html","trial_index":20,"time_elapsed":887658,"internal_node_id":"0.0-9.0-0.11"},{"rt":34481,"url":"../static/nodeGraphs.html","edge":"4to7","edgeRT":"32281","flipped":"FALSE","correct_edge":"4to7","index":"6","edgeClickLog":"[{\"edgeSelection\":\"4to7\",\"edgeRTMS\":32281}]","seed":" 13523788","task":"experiment","subjectId":"55bbnt20rwy66gt","trial_type":"external-html","trial_index":21,"time_elapsed":922728,"internal_node_id":"0.0-9.0-0.12"},{"rt":17753,"url":"../static/nodeGraphs.html","edge":"5to8","edgeRT":"15517","flipped":"FALSE","correct_edge":"2to4","index":"5","edgeClickLog":"[{\"edgeSelection\":\"5to9\",\"edgeRTMS\":10022},{\"edgeSelection\":\"5to8\",\"edgeRTMS\":15517}]","seed":" 10409262","task":"experiment","subjectId":"55bbnt20rwy66gt","trial_type":"external-html","trial_index":22,"time_elapsed":941078,"internal_node_id":"0.0-9.0-0.13"},{"rt":52043,"url":"../static/nodeGraphs.html","edge":"3to6","edgeRT":"37770","flipped":"TRUE","correct_edge":"0to2","index":"31","edgeClickLog":"[{\"edgeSelection\":\"5to9\",\"edgeRTMS\":34363},{\"edgeSelection\":\"5to9\",\"edgeRTMS\":35227},{\"edgeSelection\":\"3to6\",\"edgeRTMS\":37770}]","seed":" 63833578","task":"experiment","subjectId":"55bbnt20rwy66gt","trial_type":"external-html","trial_index":23,"time_elapsed":993718,"internal_node_id":"0.0-9.0-0.14"},{"rt":26079,"url":"../static/nodeGraphs.html","edge":"2to6","edgeRT":"22080","flipped":"FALSE","correct_edge":"2to6","index":"15","edgeClickLog":"[{\"edgeSelection\":\"2to6\",\"edgeRTMS\":22080}]","seed":" 53220770","task":"experiment","subjectId":"55bbnt20rwy66gt","trial_type":"external-html","trial_index":24,"time_elapsed":1020389,"internal_node_id":"0.0-9.0-0.15"},{"rt":18733,"url":"../static/nodeGraphs.html","edge":"0to2","edgeRT":"15436","flipped":"FALSE","correct_edge":"0to2","index":"11","edgeClickLog":"[{\"edgeSelection\":\"1to4\",\"edgeRTMS\":10341},{\"edgeSelection\":\"0to2\",\"edgeRTMS\":15436}]","seed":" 63833578","task":"experiment","subjectId":"55bbnt20rwy66gt","trial_type":"external-html","trial_index":25,"time_elapsed":1039720,"internal_node_id":"0.0-9.0-0.16"},{"rt":15146,"url":"../static/nodeGraphs.html","edge":"0to1","edgeRT":"12446","flipped":"FALSE","correct_edge":"0to1","index":"0","edgeClickLog":"[{\"edgeSelection\":\"0to1\",\"edgeRTMS\":12446}]","seed":" 21745736","task":"experiment","subjectId":"55bbnt20rwy66gt","trial_type":"external-html","trial_index":26,"time_elapsed":1055458,"internal_node_id":"0.0-9.0-0.17"},{"rt":48367,"url":"../static/nodeGraphs.html","edge":"2to4","edgeRT":"44636","flipped":"TRUE","correct_edge":"2to4","index":"35","edgeClickLog":"[{\"edgeSelection\":\"2to4\",\"edgeRTMS\":44636}]","seed":" 53220770","task":"experiment","subjectId":"55bbnt20rwy66gt","trial_type":"external-html","trial_index":27,"time_elapsed":1104418,"internal_node_id":"0.0-9.0-0.18"},{"rt":18115,"url":"../static/nodeGraphs.html","edge":"2to6","edgeRT":"14493","flipped":"TRUE","correct_edge":"0to2","index":"34","edgeClickLog":"[{\"edgeSelection\":\"2to6\",\"edgeRTMS\":14493}]","seed":" 21083760","task":"experiment","subjectId":"55bbnt20rwy66gt","trial_type":"external-html","trial_index":28,"time_elapsed":1123129,"internal_node_id":"0.0-9.0-0.19"},{"rt":200461,"url":"../static/nodeGraphs.html","edge":"4to8","edgeRT":"197918","flipped":"FALSE","correct_edge":"4to8","index":"1","edgeClickLog":"[{\"edgeSelection\":\"4to8\",\"edgeRTMS\":197918}]","seed":" 32816305","task":"experiment","subjectId":"55bbnt20rwy66gt","trial_type":"external-html","trial_index":29,"time_elapsed":1324188,"internal_node_id":"0.0-9.0-0.20"},{"rt":7148,"url":"../static/nodeGraphs.html","edge":"6to8","edgeRT":"5647","flipped":"TRUE","correct_edge":"6to8","index":"21","edgeClickLog":"[{\"edgeSelection\":\"6to8\",\"edgeRTMS\":5647}]","seed":" 32816305","task":"experiment","subjectId":"55bbnt20rwy66gt","trial_type":"external-html","trial_index":30,"time_elapsed":1331938,"internal_node_id":"0.0-9.0-0.21"},{"rt":8400,"url":"../static/nodeGraphs.html","edge":"5to9","edgeRT":"7128","flipped":"FALSE","correct_edge":"0to2","index":"8","edgeClickLog":"[{\"edgeSelection\":\"5to9\",\"edgeRTMS\":7128}]","seed":" 8396978","task":"experiment","subjectId":"55bbnt20rwy66gt","trial_type":"external-html","trial_index":31,"time_elapsed":1340938,"internal_node_id":"0.0-9.0-0.22"},{"rt":5763,"url":"../static/nodeGraphs.html","edge":"5to9","edgeRT":"3361","flipped":"TRUE","correct_edge":"0to1","index":"29","edgeClickLog":"[{\"edgeSelection\":\"5to9\",\"edgeRTMS\":3361}]","seed":" 61187187","task":"experiment","subjectId":"55bbnt20rwy66gt","trial_type":"external-html","trial_index":32,"time_elapsed":1347288,"internal_node_id":"0.0-9.0-0.23"},{"rt":49832,"url":"../static/nodeGraphs.html","edge":"5to8","edgeRT":"48054","flipped":"TRUE","correct_edge":"2to6","index":"25","edgeClickLog":"[{\"edgeSelection\":\"5to8\",\"edgeRTMS\":48054}]","seed":" 10409262","task":"experiment","subjectId":"55bbnt20rwy66gt","trial_type":"external-html","trial_index":33,"time_elapsed":1397719,"internal_node_id":"0.0-9.0-0.24"},{"rt":7894,"url":"../static/nodeGraphs.html","edge":"2to6","edgeRT":"5962","flipped":"TRUE","correct_edge":"2to6","index":"24","edgeClickLog":"[{\"edgeSelection\":\"2to6\",\"edgeRTMS\":5962}]","seed":" 36501291","task":"experiment","subjectId":"55bbnt20rwy66gt","trial_type":"external-html","trial_index":34,"time_elapsed":1406229,"internal_node_id":"0.0-9.0-0.25"},{"rt":14553,"url":"../static/nodeGraphs.html","edge":"5to7","edgeRT":"10602","flipped":"TRUE","correct_edge":"0to2","index":"33","edgeClickLog":"[{\"edgeSelection\":\"5to7\",\"edgeRTMS\":10602}]","seed":" 49587019","task":"experiment","subjectId":"55bbnt20rwy66gt","trial_type":"external-html","trial_index":35,"time_elapsed":1421378,"internal_node_id":"0.0-9.0-0.26"},{"rt":10209,"url":"../static/nodeGraphs.html","edge":"6to9","edgeRT":"7000","flipped":"TRUE","correct_edge":"6to9","index":"26","edgeClickLog":"[{\"edgeSelection\":\"6to9\",\"edgeRTMS\":7000}]","seed":" 13523788","task":"experiment","subjectId":"55bbnt20rwy66gt","trial_type":"external-html","trial_index":36,"time_elapsed":1432370,"internal_node_id":"0.0-9.0-0.27"},{"rt":21407,"url":"../static/nodeGraphs.html","edge":"0to2","edgeRT":"19100","flipped":"FALSE","correct_edge":"3to5","index":"18","edgeClickLog":"[{\"edgeSelection\":\"0to2\",\"edgeRTMS\":19100}]","seed":" 22181670","task":"experiment","subjectId":"55bbnt20rwy66gt","trial_type":"external-html","trial_index":37,"time_elapsed":1454378,"internal_node_id":"0.0-9.0-0.28"},{"rt":11010,"url":"../static/nodeGraphs.html","edge":"5to7","edgeRT":"9370","flipped":"FALSE","correct_edge":"0to3","index":"9","edgeClickLog":"[{\"edgeSelection\":\"5to7\",\"edgeRTMS\":9370}]","seed":" 61187187","task":"experiment","subjectId":"55bbnt20rwy66gt","trial_type":"external-html","trial_index":38,"time_elapsed":1465990,"internal_node_id":"0.0-9.0-0.29"},{"rt":11250,"url":"../static/nodeGraphs.html","edge":"1to5","edgeRT":"9651","flipped":"TRUE","correct_edge":"5to7","index":"36","edgeClickLog":"[{\"edgeSelection\":\"1to5\",\"edgeRTMS\":9651}]","seed":" 5655743","task":"experiment","subjectId":"55bbnt20rwy66gt","trial_type":"external-html","trial_index":39,"time_elapsed":1477839,"internal_node_id":"0.0-9.0-0.30"},{"rt":4733,"url":"../static/nodeGraphs.html","edge":"6to8","edgeRT":"3093","flipped":"FALSE","correct_edge":"0to2","index":"10","edgeClickLog":"[{\"edgeSelection\":\"6to8\",\"edgeRTMS\":3093}]","seed":" 39688702","task":"experiment","subjectId":"55bbnt20rwy66gt","trial_type":"external-html","trial_index":40,"time_elapsed":1483168,"internal_node_id":"0.0-9.0-0.31"},{"rt":8406,"url":"../static/nodeGraphs.html","edge":"0to1","edgeRT":"6349","flipped":"FALSE","correct_edge":"0to2","index":"14","edgeClickLog":"[{\"edgeSelection\":\"0to1\",\"edgeRTMS\":6349}]","seed":" 21083760","task":"experiment","subjectId":"55bbnt20rwy66gt","trial_type":"external-html","trial_index":41,"time_elapsed":1492179,"internal_node_id":"0.0-9.0-0.32"},{"rt":6534,"url":"../static/nodeGraphs.html","edge":"5to8","edgeRT":"4539","flipped":"FALSE","correct_edge":"5to8","index":"3","edgeClickLog":"[{\"edgeSelection\":\"5to8\",\"edgeRTMS\":4539}]","seed":" 46003743","task":"experiment","subjectId":"55bbnt20rwy66gt","trial_type":"external-html","trial_index":42,"time_elapsed":1499424,"internal_node_id":"0.0-9.0-0.33"},{"rt":6697,"url":"../static/nodeGraphs.html","edge":"2to4","edgeRT":"5027","flipped":"FALSE","correct_edge":"2to4","index":"4","edgeClickLog":"[{\"edgeSelection\":\"2to4\",\"edgeRTMS\":5027}]","seed":" 36501291","task":"experiment","subjectId":"55bbnt20rwy66gt","trial_type":"external-html","trial_index":43,"time_elapsed":1506718,"internal_node_id":"0.0-9.0-0.34"},{"rt":11668,"url":"../static/nodeGraphs.html","edge":"0to2","edgeRT":"6097","flipped":"FALSE","correct_edge":"0to2","index":"17","edgeClickLog":"[{\"edgeSelection\":\"1to5\",\"edgeRTMS\":3403},{\"edgeSelection\":\"0to2\",\"edgeRTMS\":6097}]","seed":" 21211189","task":"experiment","subjectId":"55bbnt20rwy66gt","trial_type":"external-html","trial_index":44,"time_elapsed":1518985,"internal_node_id":"0.0-9.0-0.35"},{"rt":6832,"url":"../static/nodeGraphs.html","edge":"4to8","edgeRT":"5382","flipped":"TRUE","correct_edge":"0to2","index":"30","edgeClickLog":"[{\"edgeSelection\":\"4to8\",\"edgeRTMS\":5382}]","seed":" 39688702","task":"experiment","subjectId":"55bbnt20rwy66gt","trial_type":"external-html","trial_index":45,"time_elapsed":1526408,"internal_node_id":"0.0-9.0-0.36"},{"rt":10663,"url":"../static/nodeGraphs.html","edge":"5to8","edgeRT":"9000","flipped":"TRUE","correct_edge":"5to8","index":"23","edgeClickLog":"[{\"edgeSelection\":\"5to8\",\"edgeRTMS\":9000}]","seed":" 46003743","task":"experiment","subjectId":"55bbnt20rwy66gt","trial_type":"external-html","trial_index":46,"time_elapsed":1537678,"internal_node_id":"0.0-9.0-0.37"},{"rt":5700,"url":"../static/nodeGraphs.html","edge":"1to4","edgeRT":"4199","flipped":"FALSE","correct_edge":"1to4","index":"2","edgeClickLog":"[{\"edgeSelection\":\"1to4\",\"edgeRTMS\":4199}]","seed":" 22809663","task":"experiment","subjectId":"55bbnt20rwy66gt","trial_type":"external-html","trial_index":47,"time_elapsed":1543980,"internal_node_id":"0.0-9.0-0.38"},{"rt":8087,"url":"../static/nodeGraphs.html","edge":"5to7","edgeRT":"6629","flipped":"FALSE","correct_edge":"0to1","index":"19","edgeClickLog":"[{\"edgeSelection\":\"5to7\",\"edgeRTMS\":6629}]","seed":" 37422119","task":"experiment","subjectId":"55bbnt20rwy66gt","trial_type":"external-html","trial_index":48,"time_elapsed":1552668,"internal_node_id":"0.0-9.0-0.39"},{"rt":210549,"response":{"P0_Q0":null,"P0_Q1":5,"P0_Q2":5,"P0_Q3":4,"P0_Q4":5,"P0_Q5":4,"strategies":"I looked for paths that would change the student's chosen path when possible. Whenever there was a +3, I tried to steer the student to it.","feedback":""},"accuracy":[],"trial_type":"survey","trial_index":49,"time_elapsed":1763809,"internal_node_id":"0.0-10.0"},{"rt":2666,"stimulus":"<p>Thanks for your time!</p>        <p>We need to manually calculate your bonus pay, please give us up to 7 days.</p><p>Press any key to conclude.</p>","response":" ","task":"end","subjectId":"55bbnt20rwy66gt","trial_type":"html-keyboard-response","trial_index":50,"time_elapsed":1766478,"internal_node_id":"0.0-11.0","interactions":"[{\"event\":\"fullscreenenter\",\"trial\":1,\"time\":3137}]"}]