[{"success":true,"timeout":false,"failed_images":[],"failed_audio":[],"failed_video":[],"trial_type":"preload","trial_index":0,"time_elapsed":1203,"internal_node_id":"0.0-0.0"},{"success":true,"trial_type":"fullscreen","trial_index":1,"time_elapsed":17892,"internal_node_id":"0.0-1.0"},{"rt":8758,"stimulus":"Welcome to the experiment. Press any key to begin.","response":" ","trial_type":"html-keyboard-response","trial_index":2,"time_elapsed":26652,"internal_node_id":"0.0-2.0"},{"view_history":[{"page_index":0,"viewing_time":2789},{"page_index":1,"viewing_time":5952},{"page_index":2,"viewing_time":37608},{"page_index":3,"viewing_time":1904},{"page_index":4,"viewing_time":1216},{"page_index":5,"viewing_time":1144},{"page_index":6,"viewing_time":2160},{"page_index":7,"viewing_time":11656},{"page_index":8,"viewing_time":15008},{"page_index":9,"viewing_time":12784},{"page_index":10,"viewing_time":1736},{"page_index":11,"viewing_time":848},{"page_index":12,"viewing_time":800},{"page_index":13,"viewing_time":1672},{"page_index":14,"viewing_time":5584},{"page_index":15,"viewing_time":6688},{"page_index":16,"viewing_time":3840},{"page_index":17,"viewing_time":864},{"page_index":18,"viewing_time":1096},{"page_index":19,"viewing_time":8000},{"page_index":20,"viewing_time":8512},{"page_index":21,"viewing_time":7128}],"rt":138989,"trial_type":"instructions","trial_index":3,"time_elapsed":165641,"internal_node_id":"0.0-3.0"},{"rt":99306,"url":"../static/nodeGraphsTraining.html","edgeClickLog":[],"trial_type":"external-html","trial_index":4,"time_elapsed":265184,"internal_node_id":"0.0-4.0"},{"rt":31213,"response":{"q1":"The goal is to help the student to get the most points","q2":"False","q3":"Possible paths the student can take.","q4":"Paths that the student took before."},"question_order":[0,1,2,3],"trial_type":"survey-multi-choice","trial_index":5,"time_elapsed":296400,"internal_node_id":"0.0-5.0"},{"rt":6070,"stimulus":"<p>You can take a 60 second break before starting the experiment.</p><br><br><p>This page will advance in 60 seconds or you can press any key to advance now.</p>","response":" ","trial_type":"html-keyboard-response","trial_index":6,"time_elapsed":302472,"internal_node_id":"0.0-7.0"},{"view_history":[{"page_index":0,"viewing_time":16967}],"rt":16967,"trial_type":"instructions","trial_index":7,"time_elapsed":319440,"internal_node_id":"0.0-8.0"},{"rt":28198,"url":"../static/nodeGraphs.html","edge":"2to4","edgeRT":"25906","flipped":"FALSE","correct_edge":"2to4","index":"5","edgeClickLog":"[{\"edgeSelection\":\"2to4\",\"edgeRTMS\":25906}]","seed":" 10409262","task":"experiment","subjectId":"n6z8bgotfbpvxhs","trial_type":"external-html","trial_index":8,"time_elapsed":347808,"internal_node_id":"0.0-9.0-0.0"},{"rt":18157,"url":"../static/nodeGraphs.html","edge":"2to4","edgeRT":"15282","flipped":"FALSE","correct_edge":"2to4","index":"4","edgeClickLog":"[{\"edgeSelection\":\"2to4\",\"edgeRTMS\":15282}]","seed":" 36501291","task":"experiment","subjectId":"n6z8bgotfbpvxhs","trial_type":"external-html","trial_index":9,"time_elapsed":366632,"internal_node_id":"0.0-9.0-0.1"},{"rt":16658,"url":"../static/nodeGraphs.html","edge":"0to2","edgeRT":"13587","flipped":"TRUE","correct_edge":"0to2","index":"37","edgeClickLog":"[{\"edgeSelection\":\"0to2\",\"edgeRTMS\":13587}]","seed":" 21211189","task":"experiment","subjectId":"n6z8bgotfbpvxhs","trial_type":"external-html","trial_index":10,"time_elapsed":383952,"internal_node_id":"0.0-9.0-0.2"},{"rt":16337,"url":"../static/nodeGraphs.html","edge":"0to3","edgeRT":"13301","flipped":"TRUE","correct_edge":"0to2","index":"30","edgeClickLog":"[{\"edgeSelection\":\"0to3\",\"edgeRTMS\":13301}]","seed":" 39688702","task":"experiment","subjectId":"n6z8bgotfbpvxhs","trial_type":"external-html","trial_index":11,"time_elapsed":400944,"internal_node_id":"0.0-9.0-0.3"},{"rt":16391,"url":"../static/nodeGraphs.html","edge":"2to6","edgeRT":"14491","flipped":"TRUE","correct_edge":"2to6","index":"24","edgeClickLog":"[{\"edgeSelection\":\"2to6\",\"edgeRTMS\":14491}]","seed":" 36501291","task":"experiment","subjectId":"n6z8bgotfbpvxhs","trial_type":"external-html","trial_index":12,"time_elapsed":418000,"internal_node_id":"0.0-9.0-0.4"},{"rt":13116,"url":"../static/nodeGraphs.html","edge":"0to2","edgeRT":"11835","flipped":"FALSE","correct_edge":"0to2","index":"13","edgeClickLog":"[{\"edgeSelection\":\"0to2\",\"edgeRTMS\":11835}]","seed":" 49587019","task":"experiment","subjectId":"n6z8bgotfbpvxhs","trial_type":"external-html","trial_index":13,"time_elapsed":431776,"internal_node_id":"0.0-9.0-0.5"},{"rt":8392,"url":"../static/nodeGraphs.html","edge":"0to3","edgeRT":"3956","flipped":"FALSE","correct_edge":"2to6","index":"15","edgeClickLog":"[{\"edgeSelection\":\"0to3\",\"edgeRTMS\":3956}]","seed":" 53220770","task":"experiment","subjectId":"n6z8bgotfbpvxhs","trial_type":"external-html","trial_index":14,"time_elapsed":440832,"internal_node_id":"0.0-9.0-0.6"},{"rt":23058,"url":"../static/nodeGraphs.html","edge":"0to2","edgeRT":"21789","flipped":"TRUE","correct_edge":"1to5","index":"38","edgeClickLog":"[{\"edgeSelection\":\"0to2\",\"edgeRTMS\":21789}]","seed":" 22181670","task":"experiment","subjectId":"n6z8bgotfbpvxhs","trial_type":"external-html","trial_index":15,"time_elapsed":464560,"internal_node_id":"0.0-9.0-0.7"},{"rt":14753,"url":"../static/nodeGraphs.html","edge":"4to8","edgeRT":"10807","flipped":"FALSE","correct_edge":"4to8","index":"1","edgeClickLog":"[{\"edgeSelection\":\"4to8\",\"edgeRTMS\":10807}]","seed":" 32816305","task":"experiment","subjectId":"n6z8bgotfbpvxhs","trial_type":"external-html","trial_index":16,"time_elapsed":479984,"internal_node_id":"0.0-9.0-0.8"},{"rt":35401,"url":"../static/nodeGraphs.html","edge":"0to2","edgeRT":"32454","flipped":"TRUE","correct_edge":"0to2","index":"34","edgeClickLog":"[{\"edgeSelection\":\"0to2\",\"edgeRTMS\":32454}]","seed":" 21083760","task":"experiment","subjectId":"n6z8bgotfbpvxhs","trial_type":"external-html","trial_index":17,"time_elapsed":516040,"internal_node_id":"0.0-9.0-0.9"},{"rt":11482,"url":"../static/nodeGraphs.html","edge":"0to2","edgeRT":"7128","flipped":"FALSE","correct_edge":"0to2","index":"7","edgeClickLog":"[{\"edgeSelection\":\"0to2\",\"edgeRTMS\":7128}]","seed":" 85614324","task":"experiment","subjectId":"n6z8bgotfbpvxhs","trial_type":"external-html","trial_index":18,"time_elapsed":528192,"internal_node_id":"0.0-9.0-0.10"},{"rt":19428,"url":"../static/nodeGraphs.html","edge":"0to3","edgeRT":"15410","flipped":"FALSE","correct_edge":"0to3","index":"12","edgeClickLog":"[{\"edgeSelection\":\"0to3\",\"edgeRTMS\":15410}]","seed":" 36895371","task":"experiment","subjectId":"n6z8bgotfbpvxhs","trial_type":"external-html","trial_index":19,"time_elapsed":548280,"internal_node_id":"0.0-9.0-0.11"},{"rt":8627,"url":"../static/nodeGraphs.html","edge":"0to1","edgeRT":"7217","flipped":"TRUE","correct_edge":"0to1","index":"29","edgeClickLog":"[{\"edgeSelection\":\"0to1\",\"edgeRTMS\":7217}]","seed":" 61187187","task":"experiment","subjectId":"n6z8bgotfbpvxhs","trial_type":"external-html","trial_index":20,"time_elapsed":557568,"internal_node_id":"0.0-9.0-0.12"},{"rt":22387,"url":"../static/nodeGraphs.html","edge":"1to5","edgeRT":"16288","flipped":"TRUE","correct_edge":"5to7","index":"36","edgeClickLog":"[{\"edgeSelection\":\"1to5\",\"edgeRTMS\":14766},{\"edgeSelection\":\"1to5\",\"edgeRTMS\":16288}]","seed":" 5655743","task":"experiment","subjectId":"n6z8bgotfbpvxhs","trial_type":"external-html","trial_index":21,"time_elapsed":580616,"internal_node_id":"0.0-9.0-0.13"},{"rt":16401,"url":"../static/nodeGraphs.html","edge":"0to3","edgeRT":"14201","flipped":"TRUE","correct_edge":"0to3","index":"20","edgeClickLog":"[{\"edgeSelection\":\"0to3\",\"edgeRTMS\":13375},{\"edgeSelection\":\"0to3\",\"edgeRTMS\":14201}]","seed":" 21745736","task":"experiment","subjectId":"n6z8bgotfbpvxhs","trial_type":"external-html","trial_index":22,"time_elapsed":597687,"internal_node_id":"0.0-9.0-0.14"},{"rt":8941,"url":"../static/nodeGraphs.html","edge":"0to1","edgeRT":"6682","flipped":"FALSE","correct_edge":"0to1","index":"0","edgeClickLog":"[{\"edgeSelection\":\"0to1\",\"edgeRTMS\":6682}]","seed":" 21745736","task":"experiment","subjectId":"n6z8bgotfbpvxhs","trial_type":"external-html","trial_index":23,"time_elapsed":607287,"internal_node_id":"0.0-9.0-0.15"},{"rt":11319,"url":"../static/nodeGraphs.html","edge":"0to2","edgeRT":"8246","flipped":"FALSE","correct_edge":"0to2","index":"17","edgeClickLog":"[{\"edgeSelection\":\"0to2\",\"edgeRTMS\":7501},{\"edgeSelection\":\"0to2\",\"edgeRTMS\":8246}]","seed":" 21211189","task":"experiment","subjectId":"n6z8bgotfbpvxhs","trial_type":"external-html","trial_index":24,"time_elapsed":619271,"internal_node_id":"0.0-9.0-0.16"},{"rt":8484,"url":"../static/nodeGraphs.html","edge":"3to5","edgeRT":"6705","flipped":"FALSE","correct_edge":"5to9","index":"16","edgeClickLog":"[{\"edgeSelection\":\"3to5\",\"edgeRTMS\":6705}]","seed":" 5655743","task":"experiment","subjectId":"n6z8bgotfbpvxhs","trial_type":"external-html","trial_index":25,"time_elapsed":628431,"internal_node_id":"0.0-9.0-0.17"},{"rt":38345,"url":"../static/nodeGraphs.html","edge":"0to2","edgeRT":"30980","flipped":"TRUE","correct_edge":"0to2","index":"28","edgeClickLog":"[{\"edgeSelection\":\"0to2\",\"edgeRTMS\":7241},{\"edgeSelection\":\"0to2\",\"edgeRTMS\":27685},{\"edgeSelection\":\"3to6\",\"edgeRTMS\":28884},{\"edgeSelection\":\"0to2\",\"edgeRTMS\":30980}]","seed":" 8396978","task":"experiment","subjectId":"n6z8bgotfbpvxhs","trial_type":"external-html","trial_index":26,"time_elapsed":667432,"internal_node_id":"0.0-9.0-0.18"},{"rt":22385,"url":"../static/nodeGraphs.html","edge":"0to2","edgeRT":"16606","flipped":"TRUE","correct_edge":"0to2","index":"33","edgeClickLog":"[{\"edgeSelection\":\"0to2\",\"edgeRTMS\":16606}]","seed":" 49587019","task":"experiment","subjectId":"n6z8bgotfbpvxhs","trial_type":"external-html","trial_index":27,"time_elapsed":690488,"internal_node_id":"0.0-9.0-0.19"},{"rt":18791,"url":"../static/nodeGraphs.html","edge":"5to9","edgeRT":"17805","flipped":"FALSE","correct_edge":"0to1","index":"19","edgeClickLog":"[{\"edgeSelection\":\"5to9\",\"edgeRTMS\":17805}]","seed":" 37422119","task":"experiment","subjectId":"n6z8bgotfbpvxhs","trial_type":"external-html","trial_index":28,"time_elapsed":709943,"internal_node_id":"0.0-9.0-0.20"},{"rt":23879,"url":"../static/nodeGraphs.html","edge":"0to1","edgeRT":"22838","flipped":"FALSE","correct_edge":"0to2","index":"10","edgeClickLog":"[{\"edgeSelection\":\"0to1\",\"edgeRTMS\":22838}]","seed":" 39688702","task":"experiment","subjectId":"n6z8bgotfbpvxhs","trial_type":"external-html","trial_index":29,"time_elapsed":734487,"internal_node_id":"0.0-9.0-0.21"},{"rt":13576,"url":"../static/nodeGraphs.html","edge":"0to1","edgeRT":"12344","flipped":"TRUE","correct_edge":"0to1","index":"32","edgeClickLog":"[{\"edgeSelection\":\"0to1\",\"edgeRTMS\":12344}]","seed":" 36895371","task":"experiment","subjectId":"n6z8bgotfbpvxhs","trial_type":"external-html","trial_index":30,"time_elapsed":748727,"internal_node_id":"0.0-9.0-0.22"},{"rt":11264,"url":"../static/nodeGraphs.html","edge":"6to9","edgeRT":"10406","flipped":"TRUE","correct_edge":"6to9","index":"26","edgeClickLog":"[{\"edgeSelection\":\"6to9\",\"edgeRTMS\":10406}]","seed":" 13523788","task":"experiment","subjectId":"n6z8bgotfbpvxhs","trial_type":"external-html","trial_index":31,"time_elapsed":760663,"internal_node_id":"0.0-9.0-0.23"},{"rt":22322,"url":"../static/nodeGraphs.html","edge":"0to1","edgeRT":"21033","flipped":"FALSE","correct_edge":"0to2","index":"14","edgeClickLog":"[{\"edgeSelection\":\"0to1\",\"edgeRTMS\":21033}]","seed":" 21083760","task":"experiment","subjectId":"n6z8bgotfbpvxhs","trial_type":"external-html","trial_index":32,"time_elapsed":783639,"internal_node_id":"0.0-9.0-0.24"},{"rt":19335,"url":"../static/nodeGraphs.html","edge":"0to3","edgeRT":"18144","flipped":"FALSE","correct_edge":"4to7","index":"6","edgeClickLog":"[{\"edgeSelection\":\"0to3\",\"edgeRTMS\":16814},{\"edgeSelection\":\"0to3\",\"edgeRTMS\":18144}]","seed":" 13523788","task":"experiment","subjectId":"n6z8bgotfbpvxhs","trial_type":"external-html","trial_index":33,"time_elapsed":803639,"internal_node_id":"0.0-9.0-0.25"},{"rt":13275,"url":"../static/nodeGraphs.html","edge":"0to3","edgeRT":"11477","flipped":"FALSE","correct_edge":"0to3","index":"9","edgeClickLog":"[{\"edgeSelection\":\"0to3\",\"edgeRTMS\":11477}]","seed":" 61187187","task":"experiment","subjectId":"n6z8bgotfbpvxhs","trial_type":"external-html","trial_index":34,"time_elapsed":817575,"internal_node_id":"0.0-9.0-0.26"},{"rt":15361,"url":"../static/nodeGraphs.html","edge":"5to8","edgeRT":"13024","flipped":"TRUE","correct_edge":"5to8","index":"23","edgeClickLog":"[{\"edgeSelection\":\"5to8\",\"edgeRTMS\":13024}]","seed":" 46003743","task":"experiment","subjectId":"n6z8bgotfbpvxhs","trial_type":"external-html","trial_index":35,"time_elapsed":833591,"internal_node_id":"0.0-9.0-0.27"},{"rt":20759,"url":"../static/nodeGraphs.html","edge":"1to4","edgeRT":"19967","flipped":"FALSE","correct_edge":"0to2","index":"8","edgeClickLog":"[{\"edgeSelection\":\"1to4\",\"edgeRTMS\":19967}]","seed":" 8396978","task":"experiment","subjectId":"n6z8bgotfbpvxhs","trial_type":"external-html","trial_index":36,"time_elapsed":855015,"internal_node_id":"0.0-9.0-0.28"},{"rt":17938,"url":"../static/nodeGraphs.html","edge":"0to1","edgeRT":"16913","flipped":"TRUE","correct_edge":"2to4","index":"35","edgeClickLog":"[{\"edgeSelection\":\"0to1\",\"edgeRTMS\":16913}]","seed":" 53220770","task":"experiment","subjectId":"n6z8bgotfbpvxhs","trial_type":"external-html","trial_index":37,"time_elapsed":873607,"internal_node_id":"0.0-9.0-0.29"},{"rt":10657,"url":"../static/nodeGraphs.html","edge":"0to2","edgeRT":"9657","flipped":"TRUE","correct_edge":"0to2","index":"31","edgeClickLog":"[{\"edgeSelection\":\"0to2\",\"edgeRTMS\":9657}]","seed":" 63833578","task":"experiment","subjectId":"n6z8bgotfbpvxhs","trial_type":"external-html","trial_index":38,"time_elapsed":884935,"internal_node_id":"0.0-9.0-0.30"},{"rt":9542,"url":"../static/nodeGraphs.html","edge":"1to4","edgeRT":"7654","flipped":"FALSE","correct_edge":"1to4","index":"2","edgeClickLog":"[{\"edgeSelection\":\"1to4\",\"edgeRTMS\":7654}]","seed":" 22809663","task":"experiment","subjectId":"n6z8bgotfbpvxhs","trial_type":"external-html","trial_index":39,"time_elapsed":895143,"internal_node_id":"0.0-9.0-0.31"},{"rt":12952,"url":"../static/nodeGraphs.html","edge":"0to2","edgeRT":"12008","flipped":"TRUE","correct_edge":"0to2","index":"27","edgeClickLog":"[{\"edgeSelection\":\"0to2\",\"edgeRTMS\":12008}]","seed":" 85614324","task":"experiment","subjectId":"n6z8bgotfbpvxhs","trial_type":"external-html","trial_index":40,"time_elapsed":908767,"internal_node_id":"0.0-9.0-0.32"},{"rt":10971,"url":"../static/nodeGraphs.html","edge":"0to2","edgeRT":"9722","flipped":"FALSE","correct_edge":"3to5","index":"18","edgeClickLog":"[{\"edgeSelection\":\"0to2\",\"edgeRTMS\":9722}]","seed":" 22181670","task":"experiment","subjectId":"n6z8bgotfbpvxhs","trial_type":"external-html","trial_index":41,"time_elapsed":920391,"internal_node_id":"0.0-9.0-0.33"},{"rt":10932,"url":"../static/nodeGraphs.html","edge":"3to6","edgeRT":"9372","flipped":"TRUE","correct_edge":"3to6","index":"22","edgeClickLog":"[{\"edgeSelection\":\"3to6\",\"edgeRTMS\":9372}]","seed":" 22809663","task":"experiment","subjectId":"n6z8bgotfbpvxhs","trial_type":"external-html","trial_index":42,"time_elapsed":931983,"internal_node_id":"0.0-9.0-0.34"},{"rt":11073,"url":"../static/nodeGraphs.html","edge":"5to9","edgeRT":"10113","flipped":"TRUE","correct_edge":"0to3","index":"39","edgeClickLog":"[{\"edgeSelection\":\"5to9\",\"edgeRTMS\":10113}]","seed":" 37422119","task":"experiment","subjectId":"n6z8bgotfbpvxhs","trial_type":"external-html","trial_index":43,"time_elapsed":943711,"internal_node_id":"0.0-9.0-0.35"},{"rt":13992,"url":"../static/nodeGraphs.html","edge":"5to8","edgeRT":"12825","flipped":"FALSE","correct_edge":"5to8","index":"3","edgeClickLog":"[{\"edgeSelection\":\"5to8\",\"edgeRTMS\":12825}]","seed":" 46003743","task":"experiment","subjectId":"n6z8bgotfbpvxhs","trial_type":"external-html","trial_index":44,"time_elapsed":958375,"internal_node_id":"0.0-9.0-0.36"},{"rt":12371,"url":"../static/nodeGraphs.html","edge":"0to2","edgeRT":"11203","flipped":"FALSE","correct_edge":"0to2","index":"11","edgeClickLog":"[{\"edgeSelection\":\"0to2\",\"edgeRTMS\":11203}]","seed":" 63833578","task":"experiment","subjectId":"n6z8bgotfbpvxhs","trial_type":"external-html","trial_index":45,"time_elapsed":971407,"internal_node_id":"0.0-9.0-0.37"},{"rt":10603,"url":"../static/nodeGraphs.html","edge":"2to6","edgeRT":"9579","flipped":"TRUE","correct_edge":"2to6","index":"25","edgeClickLog":"[{\"edgeSelection\":\"2to6\",\"edgeRTMS\":9579}]","seed":" 10409262","task":"experiment","subjectId":"n6z8bgotfbpvxhs","trial_type":"external-html","trial_index":46,"time_elapsed":982663,"internal_node_id":"0.0-9.0-0.38"},{"rt":7388,"url":"../static/nodeGraphs.html","edge":"6to8","edgeRT":"5508","flipped":"TRUE","correct_edge":"6to8","index":"21","edgeClickLog":"[{\"edgeSelection\":\"6to8\",\"edgeRTMS\":5508}]","seed":" 32816305","task":"experiment","subjectId":"n6z8bgotfbpvxhs","trial_type":"external-html","trial_index":47,"time_elapsed":990711,"internal_node_id":"0.0-9.0-0.39"},{"rt":146982,"response":{"P0_Q0":null,"P0_Q1":6,"P0_Q2":7,"P0_Q3":6,"P0_Q4":5,"P0_Q5":2,"strategies":"Sometimes I would pick an early path increase hoping for bigger gains (risky).  Sometimes I would pick an ending path with a guaranteed increase (safe, but smaller gain).  Sometimes I'd pick a middle path because nothing else would get me gains.","feedback":""},"accuracy":[],"trial_type":"survey","trial_index":48,"time_elapsed":1138293,"internal_node_id":"0.0-10.0"},{"rt":3704,"stimulus":"<p>Thanks for your time!</p>        <p>We need to manually calculate your bonus pay, please give us up to 7 days.</p><p>Press any key to conclude.</p>","response":" ","task":"end","subjectId":"n6z8bgotfbpvxhs","trial_type":"html-keyboard-response","trial_index":49,"time_elapsed":1141999,"internal_node_id":"0.0-11.0","interactions":"[{\"event\":\"blur\",\"trial\":1,\"time\":5554},{\"event\":\"focus\",\"trial\":1,\"time\":14084},{\"event\":\"blur\",\"trial\":1,\"time\":14084},{\"event\":\"focus\",\"trial\":1,\"time\":16013},{\"event\":\"fullscreenenter\",\"trial\":1,\"time\":16905}]"}]