[{"success":true,"timeout":false,"failed_images":[],"failed_audio":[],"failed_video":[],"trial_type":"preload","trial_index":0,"time_elapsed":369,"internal_node_id":"0.0-0.0"},{"success":true,"trial_type":"fullscreen","trial_index":1,"time_elapsed":5852,"internal_node_id":"0.0-1.0"},{"rt":2086,"stimulus":"Welcome to the experiment. Press any key to begin.","response":" ","trial_type":"html-keyboard-response","trial_index":2,"time_elapsed":7940,"internal_node_id":"0.0-2.0"},{"view_history":[{"page_index":0,"viewing_time":5535},{"page_index":1,"viewing_time":8904},{"page_index":2,"viewing_time":31943},{"page_index":3,"viewing_time":7601},{"page_index":2,"viewing_time":1331},{"page_index":3,"viewing_time":356},{"page_index":4,"viewing_time":1456},{"page_index":5,"viewing_time":926},{"page_index":6,"viewing_time":2377},{"page_index":7,"viewing_time":20598},{"page_index":8,"viewing_time":15991},{"page_index":9,"viewing_time":13743},{"page_index":10,"viewing_time":960},{"page_index":11,"viewing_time":553},{"page_index":12,"viewing_time":428},{"page_index":13,"viewing_time":1984},{"page_index":14,"viewing_time":5177},{"page_index":15,"viewing_time":4794},{"page_index":16,"viewing_time":601},{"page_index":17,"viewing_time":424},{"page_index":18,"viewing_time":1171},{"page_index":19,"viewing_time":4353},{"page_index":20,"viewing_time":11980},{"page_index":21,"viewing_time":6088}],"rt":149273,"trial_type":"instructions","trial_index":3,"time_elapsed":157214,"internal_node_id":"0.0-3.0"},{"rt":80194,"url":"../static/nodeGraphsTraining.html","edgeClickLog":[],"trial_type":"external-html","trial_index":4,"time_elapsed":237552,"internal_node_id":"0.0-4.0"},{"rt":97648,"response":{"q1":"The goal is to help the student to get the most points","q2":"False","q3":"Possible paths the student can take.","q4":"Paths that the student took before."},"question_order":[0,1,2,3],"trial_type":"survey-multi-choice","trial_index":5,"time_elapsed":335202,"internal_node_id":"0.0-5.0"},{"rt":7623,"stimulus":"<p>You can take a 60 second break before starting the experiment.</p><br><br><p>This page will advance in 60 seconds or you can press any key to advance now.</p>","response":"arrowright","trial_type":"html-keyboard-response","trial_index":6,"time_elapsed":342828,"internal_node_id":"0.0-7.0"},{"view_history":[{"page_index":0,"viewing_time":22363}],"rt":22363,"trial_type":"instructions","trial_index":7,"time_elapsed":365192,"internal_node_id":"0.0-8.0"},{"rt":21739,"url":"../static/nodeGraphs.html","edge":"5to8","edgeRT":"18937","flipped":"TRUE","correct_edge":"5to8","index":"23","edgeClickLog":"[{\"edgeSelection\":\"5to8\",\"edgeRTMS\":6611},{\"edgeSelection\":\"3to5\",\"edgeRTMS\":7936},{\"edgeSelection\":\"5to8\",\"edgeRTMS\":11183},{\"edgeSelection\":\"0to3\",\"edgeRTMS\":16948},{\"edgeSelection\":\"3to5\",\"edgeRTMS\":17854},{\"edgeSelection\":\"5to8\",\"edgeRTMS\":18937}]","seed":" 46003743","task":"experiment","subjectId":"r0cyj4ae5yewe26","trial_type":"external-html","trial_index":8,"time_elapsed":386983,"internal_node_id":"0.0-9.0-0.0"},{"rt":27923,"url":"../static/nodeGraphs.html","edge":"1to4","edgeRT":"20916","flipped":"FALSE","correct_edge":"1to4","index":"2","edgeClickLog":"[{\"edgeSelection\":\"1to4\",\"edgeRTMS\":18576},{\"edgeSelection\":\"4to8\",\"edgeRTMS\":19727},{\"edgeSelection\":\"1to4\",\"edgeRTMS\":20916}]","seed":" 22809663","task":"experiment","subjectId":"r0cyj4ae5yewe26","trial_type":"external-html","trial_index":9,"time_elapsed":415548,"internal_node_id":"0.0-9.0-0.1"},{"rt":26121,"url":"../static/nodeGraphs.html","edge":"2to6","edgeRT":"13774","flipped":"FALSE","correct_edge":"2to6","index":"15","edgeClickLog":"[{\"edgeSelection\":\"2to6\",\"edgeRTMS\":13774}]","seed":" 53220770","task":"experiment","subjectId":"r0cyj4ae5yewe26","trial_type":"external-html","trial_index":10,"time_elapsed":442231,"internal_node_id":"0.0-9.0-0.2"},{"rt":29233,"url":"../static/nodeGraphs.html","edge":"2to6","edgeRT":"24597","flipped":"TRUE","correct_edge":"2to6","index":"25","edgeClickLog":"[{\"edgeSelection\":\"0to2\",\"edgeRTMS\":8378},{\"edgeSelection\":\"0to2\",\"edgeRTMS\":9247},{\"edgeSelection\":\"2to5\",\"edgeRTMS\":10392},{\"edgeSelection\":\"5to8\",\"edgeRTMS\":13027},{\"edgeSelection\":\"5to8\",\"edgeRTMS\":13629},{\"edgeSelection\":\"2to6\",\"edgeRTMS\":24597}]","seed":" 10409262","task":"experiment","subjectId":"r0cyj4ae5yewe26","trial_type":"external-html","trial_index":11,"time_elapsed":472040,"internal_node_id":"0.0-9.0-0.3"},{"rt":25173,"url":"../static/nodeGraphs.html","edge":"0to2","edgeRT":"12341","flipped":"FALSE","correct_edge":"0to2","index":"8","edgeClickLog":"[{\"edgeSelection\":\"0to2\",\"edgeRTMS\":12341}]","seed":" 8396978","task":"experiment","subjectId":"r0cyj4ae5yewe26","trial_type":"external-html","trial_index":12,"time_elapsed":497839,"internal_node_id":"0.0-9.0-0.4"},{"rt":16000,"url":"../static/nodeGraphs.html","edge":"2to4","edgeRT":"11873","flipped":"FALSE","correct_edge":"2to4","index":"5","edgeClickLog":"[{\"edgeSelection\":\"5to8\",\"edgeRTMS\":2145},{\"edgeSelection\":\"5to9\",\"edgeRTMS\":3097},{\"edgeSelection\":\"2to4\",\"edgeRTMS\":11873}]","seed":" 10409262","task":"experiment","subjectId":"r0cyj4ae5yewe26","trial_type":"external-html","trial_index":13,"time_elapsed":514389,"internal_node_id":"0.0-9.0-0.5"},{"rt":9799,"url":"../static/nodeGraphs.html","edge":"3to6","edgeRT":"8611","flipped":"TRUE","correct_edge":"0to1","index":"29","edgeClickLog":"[{\"edgeSelection\":\"3to6\",\"edgeRTMS\":8611}]","seed":" 61187187","task":"experiment","subjectId":"r0cyj4ae5yewe26","trial_type":"external-html","trial_index":14,"time_elapsed":524796,"internal_node_id":"0.0-9.0-0.6"},{"rt":17773,"url":"../static/nodeGraphs.html","edge":"0to3","edgeRT":"16428","flipped":"FALSE","correct_edge":"0to3","index":"12","edgeClickLog":"[{\"edgeSelection\":\"0to3\",\"edgeRTMS\":16428}]","seed":" 36895371","task":"experiment","subjectId":"r0cyj4ae5yewe26","trial_type":"external-html","trial_index":15,"time_elapsed":543188,"internal_node_id":"0.0-9.0-0.7"},{"rt":10017,"url":"../static/nodeGraphs.html","edge":"4to8","edgeRT":"8726","flipped":"FALSE","correct_edge":"4to8","index":"1","edgeClickLog":"[{\"edgeSelection\":\"4to8\",\"edgeRTMS\":8726}]","seed":" 32816305","task":"experiment","subjectId":"r0cyj4ae5yewe26","trial_type":"external-html","trial_index":16,"time_elapsed":553838,"internal_node_id":"0.0-9.0-0.8"},{"rt":12891,"url":"../static/nodeGraphs.html","edge":"2to6","edgeRT":"11452","flipped":"TRUE","correct_edge":"2to6","index":"24","edgeClickLog":"[{\"edgeSelection\":\"2to6\",\"edgeRTMS\":11452}]","seed":" 36501291","task":"experiment","subjectId":"r0cyj4ae5yewe26","trial_type":"external-html","trial_index":17,"time_elapsed":567288,"internal_node_id":"0.0-9.0-0.9"},{"rt":9152,"url":"../static/nodeGraphs.html","edge":"0to3","edgeRT":"7618","flipped":"FALSE","correct_edge":"4to7","index":"6","edgeClickLog":"[{\"edgeSelection\":\"0to3\",\"edgeRTMS\":7618}]","seed":" 13523788","task":"experiment","subjectId":"r0cyj4ae5yewe26","trial_type":"external-html","trial_index":18,"time_elapsed":576995,"internal_node_id":"0.0-9.0-0.10"},{"rt":15732,"url":"../static/nodeGraphs.html","edge":"0to2","edgeRT":"10422","flipped":"TRUE","correct_edge":"0to2","index":"37","edgeClickLog":"[{\"edgeSelection\":\"2to5\",\"edgeRTMS\":9414},{\"edgeSelection\":\"0to2\",\"edgeRTMS\":10422}]","seed":" 21211189","task":"experiment","subjectId":"r0cyj4ae5yewe26","trial_type":"external-html","trial_index":19,"time_elapsed":593277,"internal_node_id":"0.0-9.0-0.11"},{"rt":8643,"url":"../static/nodeGraphs.html","edge":"0to2","edgeRT":"6448","flipped":"TRUE","correct_edge":"0to2","index":"28","edgeClickLog":"[{\"edgeSelection\":\"0to2\",\"edgeRTMS\":6448}]","seed":" 8396978","task":"experiment","subjectId":"r0cyj4ae5yewe26","trial_type":"external-html","trial_index":20,"time_elapsed":602511,"internal_node_id":"0.0-9.0-0.12"},{"rt":14551,"url":"../static/nodeGraphs.html","edge":"0to1","edgeRT":"3645","flipped":"FALSE","correct_edge":"0to2","index":"10","edgeClickLog":"[{\"edgeSelection\":\"0to1\",\"edgeRTMS\":3645}]","seed":" 39688702","task":"experiment","subjectId":"r0cyj4ae5yewe26","trial_type":"external-html","trial_index":21,"time_elapsed":617620,"internal_node_id":"0.0-9.0-0.13"},{"rt":11642,"url":"../static/nodeGraphs.html","edge":"0to1","edgeRT":"6393","flipped":"TRUE","correct_edge":"0to3","index":"20","edgeClickLog":"[{\"edgeSelection\":\"0to1\",\"edgeRTMS\":6393}]","seed":" 21745736","task":"experiment","subjectId":"r0cyj4ae5yewe26","trial_type":"external-html","trial_index":22,"time_elapsed":629976,"internal_node_id":"0.0-9.0-0.14"},{"rt":8110,"url":"../static/nodeGraphs.html","edge":"6to8","edgeRT":"7180","flipped":"TRUE","correct_edge":"6to8","index":"21","edgeClickLog":"[{\"edgeSelection\":\"6to8\",\"edgeRTMS\":7180}]","seed":" 32816305","task":"experiment","subjectId":"r0cyj4ae5yewe26","trial_type":"external-html","trial_index":23,"time_elapsed":638643,"internal_node_id":"0.0-9.0-0.15"},{"rt":15220,"url":"../static/nodeGraphs.html","edge":"0to3","edgeRT":"14176","flipped":"TRUE","correct_edge":"0to2","index":"33","edgeClickLog":"[{\"edgeSelection\":\"0to2\",\"edgeRTMS\":8974},{\"edgeSelection\":\"0to3\",\"edgeRTMS\":14176}]","seed":" 49587019","task":"experiment","subjectId":"r0cyj4ae5yewe26","trial_type":"external-html","trial_index":24,"time_elapsed":654509,"internal_node_id":"0.0-9.0-0.16"},{"rt":5772,"url":"../static/nodeGraphs.html","edge":"5to7","edgeRT":"4766","flipped":"TRUE","correct_edge":"0to3","index":"39","edgeClickLog":"[{\"edgeSelection\":\"5to7\",\"edgeRTMS\":4766}]","seed":" 37422119","task":"experiment","subjectId":"r0cyj4ae5yewe26","trial_type":"external-html","trial_index":25,"time_elapsed":660902,"internal_node_id":"0.0-9.0-0.17"},{"rt":7015,"url":"../static/nodeGraphs.html","edge":"3to6","edgeRT":"4759","flipped":"TRUE","correct_edge":"3to6","index":"22","edgeClickLog":"[{\"edgeSelection\":\"3to6\",\"edgeRTMS\":4759}]","seed":" 22809663","task":"experiment","subjectId":"r0cyj4ae5yewe26","trial_type":"external-html","trial_index":26,"time_elapsed":668469,"internal_node_id":"0.0-9.0-0.18"},{"rt":14278,"url":"../static/nodeGraphs.html","edge":"0to1","edgeRT":"12869","flipped":"FALSE","correct_edge":"0to1","index":"0","edgeClickLog":"[{\"edgeSelection\":\"0to3\",\"edgeRTMS\":6891},{\"edgeSelection\":\"0to1\",\"edgeRTMS\":12869}]","seed":" 21745736","task":"experiment","subjectId":"r0cyj4ae5yewe26","trial_type":"external-html","trial_index":27,"time_elapsed":683334,"internal_node_id":"0.0-9.0-0.19"},{"rt":13090,"url":"../static/nodeGraphs.html","edge":"0to2","edgeRT":"9912","flipped":"FALSE","correct_edge":"0to2","index":"13","edgeClickLog":"[{\"edgeSelection\":\"0to2\",\"edgeRTMS\":9912}]","seed":" 49587019","task":"experiment","subjectId":"r0cyj4ae5yewe26","trial_type":"external-html","trial_index":28,"time_elapsed":697001,"internal_node_id":"0.0-9.0-0.20"},{"rt":7242,"url":"../static/nodeGraphs.html","edge":"5to8","edgeRT":"6119","flipped":"FALSE","correct_edge":"5to8","index":"3","edgeClickLog":"[{\"edgeSelection\":\"5to8\",\"edgeRTMS\":6119}]","seed":" 46003743","task":"experiment","subjectId":"r0cyj4ae5yewe26","trial_type":"external-html","trial_index":29,"time_elapsed":704801,"internal_node_id":"0.0-9.0-0.21"},{"rt":7886,"url":"../static/nodeGraphs.html","edge":"0to3","edgeRT":"4349","flipped":"TRUE","correct_edge":"0to2","index":"27","edgeClickLog":"[{\"edgeSelection\":\"0to3\",\"edgeRTMS\":4349}]","seed":" 85614324","task":"experiment","subjectId":"r0cyj4ae5yewe26","trial_type":"external-html","trial_index":30,"time_elapsed":713451,"internal_node_id":"0.0-9.0-0.22"},{"rt":11895,"url":"../static/nodeGraphs.html","edge":"0to1","edgeRT":"10340","flipped":"TRUE","correct_edge":"0to2","index":"34","edgeClickLog":"[{\"edgeSelection\":\"0to1\",\"edgeRTMS\":10340}]","seed":" 21083760","task":"experiment","subjectId":"r0cyj4ae5yewe26","trial_type":"external-html","trial_index":31,"time_elapsed":726034,"internal_node_id":"0.0-9.0-0.23"},{"rt":13052,"url":"../static/nodeGraphs.html","edge":"0to2","edgeRT":"7496","flipped":"FALSE","correct_edge":"0to2","index":"11","edgeClickLog":"[{\"edgeSelection\":\"0to2\",\"edgeRTMS\":7496}]","seed":" 63833578","task":"experiment","subjectId":"r0cyj4ae5yewe26","trial_type":"external-html","trial_index":32,"time_elapsed":739783,"internal_node_id":"0.0-9.0-0.24"},{"rt":10295,"url":"../static/nodeGraphs.html","edge":"0to2","edgeRT":"7776","flipped":"TRUE","correct_edge":"0to2","index":"31","edgeClickLog":"[{\"edgeSelection\":\"0to2\",\"edgeRTMS\":7776}]","seed":" 63833578","task":"experiment","subjectId":"r0cyj4ae5yewe26","trial_type":"external-html","trial_index":33,"time_elapsed":750773,"internal_node_id":"0.0-9.0-0.25"},{"rt":10976,"url":"../static/nodeGraphs.html","edge":"6to9","edgeRT":"9821","flipped":"TRUE","correct_edge":"6to9","index":"26","edgeClickLog":"[{\"edgeSelection\":\"6to9\",\"edgeRTMS\":9821}]","seed":" 13523788","task":"experiment","subjectId":"r0cyj4ae5yewe26","trial_type":"external-html","trial_index":34,"time_elapsed":762466,"internal_node_id":"0.0-9.0-0.26"},{"rt":8660,"url":"../static/nodeGraphs.html","edge":"0to3","edgeRT":"7255","flipped":"FALSE","correct_edge":"0to2","index":"14","edgeClickLog":"[{\"edgeSelection\":\"0to3\",\"edgeRTMS\":7255}]","seed":" 21083760","task":"experiment","subjectId":"r0cyj4ae5yewe26","trial_type":"external-html","trial_index":35,"time_elapsed":771682,"internal_node_id":"0.0-9.0-0.27"},{"rt":16788,"url":"../static/nodeGraphs.html","edge":"3to5","edgeRT":"14162","flipped":"FALSE","correct_edge":"3to5","index":"18","edgeClickLog":"[{\"edgeSelection\":\"3to5\",\"edgeRTMS\":14162}]","seed":" 22181670","task":"experiment","subjectId":"r0cyj4ae5yewe26","trial_type":"external-html","trial_index":36,"time_elapsed":789254,"internal_node_id":"0.0-9.0-0.28"},{"rt":10342,"url":"../static/nodeGraphs.html","edge":"2to4","edgeRT":"8756","flipped":"TRUE","correct_edge":"2to4","index":"35","edgeClickLog":"[{\"edgeSelection\":\"2to4\",\"edgeRTMS\":8756}]","seed":" 53220770","task":"experiment","subjectId":"r0cyj4ae5yewe26","trial_type":"external-html","trial_index":37,"time_elapsed":800156,"internal_node_id":"0.0-9.0-0.29"},{"rt":10298,"url":"../static/nodeGraphs.html","edge":"0to2","edgeRT":"9152","flipped":"TRUE","correct_edge":"0to2","index":"30","edgeClickLog":"[{\"edgeSelection\":\"0to2\",\"edgeRTMS\":9152}]","seed":" 39688702","task":"experiment","subjectId":"r0cyj4ae5yewe26","trial_type":"external-html","trial_index":38,"time_elapsed":811074,"internal_node_id":"0.0-9.0-0.30"},{"rt":8066,"url":"../static/nodeGraphs.html","edge":"0to3","edgeRT":"6895","flipped":"FALSE","correct_edge":"0to2","index":"17","edgeClickLog":"[{\"edgeSelection\":\"0to3\",\"edgeRTMS\":6895}]","seed":" 21211189","task":"experiment","subjectId":"r0cyj4ae5yewe26","trial_type":"external-html","trial_index":39,"time_elapsed":819848,"internal_node_id":"0.0-9.0-0.31"},{"rt":7447,"url":"../static/nodeGraphs.html","edge":"0to1","edgeRT":"6184","flipped":"FALSE","correct_edge":"0to1","index":"19","edgeClickLog":"[{\"edgeSelection\":\"0to1\",\"edgeRTMS\":2684},{\"edgeSelection\":\"1to4\",\"edgeRTMS\":4979},{\"edgeSelection\":\"0to1\",\"edgeRTMS\":6184}]","seed":" 37422119","task":"experiment","subjectId":"r0cyj4ae5yewe26","trial_type":"external-html","trial_index":40,"time_elapsed":827872,"internal_node_id":"0.0-9.0-0.32"},{"rt":8156,"url":"../static/nodeGraphs.html","edge":"0to1","edgeRT":"5098","flipped":"FALSE","correct_edge":"0to2","index":"7","edgeClickLog":"[{\"edgeSelection\":\"0to1\",\"edgeRTMS\":5098}]","seed":" 85614324","task":"experiment","subjectId":"r0cyj4ae5yewe26","trial_type":"external-html","trial_index":41,"time_elapsed":836714,"internal_node_id":"0.0-9.0-0.33"},{"rt":7760,"url":"../static/nodeGraphs.html","edge":"2to4","edgeRT":"5548","flipped":"FALSE","correct_edge":"2to4","index":"4","edgeClickLog":"[{\"edgeSelection\":\"2to4\",\"edgeRTMS\":5548}]","seed":" 36501291","task":"experiment","subjectId":"r0cyj4ae5yewe26","trial_type":"external-html","trial_index":42,"time_elapsed":845230,"internal_node_id":"0.0-9.0-0.34"},{"rt":5699,"url":"../static/nodeGraphs.html","edge":"1to5","edgeRT":"2864","flipped":"TRUE","correct_edge":"5to7","index":"36","edgeClickLog":"[{\"edgeSelection\":\"1to5\",\"edgeRTMS\":2864}]","seed":" 5655743","task":"experiment","subjectId":"r0cyj4ae5yewe26","trial_type":"external-html","trial_index":43,"time_elapsed":851555,"internal_node_id":"0.0-9.0-0.35"},{"rt":9772,"url":"../static/nodeGraphs.html","edge":"0to1","edgeRT":"8505","flipped":"TRUE","correct_edge":"0to1","index":"32","edgeClickLog":"[{\"edgeSelection\":\"0to1\",\"edgeRTMS\":8505}]","seed":" 36895371","task":"experiment","subjectId":"r0cyj4ae5yewe26","trial_type":"external-html","trial_index":44,"time_elapsed":861921,"internal_node_id":"0.0-9.0-0.36"},{"rt":10492,"url":"../static/nodeGraphs.html","edge":"3to5","edgeRT":"8978","flipped":"FALSE","correct_edge":"5to9","index":"16","edgeClickLog":"[{\"edgeSelection\":\"3to5\",\"edgeRTMS\":8978}]","seed":" 5655743","task":"experiment","subjectId":"r0cyj4ae5yewe26","trial_type":"external-html","trial_index":45,"time_elapsed":873152,"internal_node_id":"0.0-9.0-0.37"},{"rt":8782,"url":"../static/nodeGraphs.html","edge":"1to5","edgeRT":"7498","flipped":"TRUE","correct_edge":"1to5","index":"38","edgeClickLog":"[{\"edgeSelection\":\"1to5\",\"edgeRTMS\":7498}]","seed":" 22181670","task":"experiment","subjectId":"r0cyj4ae5yewe26","trial_type":"external-html","trial_index":46,"time_elapsed":882486,"internal_node_id":"0.0-9.0-0.38"},{"rt":7304,"url":"../static/nodeGraphs.html","edge":"1to4","edgeRT":"4961","flipped":"FALSE","correct_edge":"0to3","index":"9","edgeClickLog":"[{\"edgeSelection\":\"1to4\",\"edgeRTMS\":4961}]","seed":" 61187187","task":"experiment","subjectId":"r0cyj4ae5yewe26","trial_type":"external-html","trial_index":47,"time_elapsed":890353,"internal_node_id":"0.0-9.0-0.39"},{"rt":95301,"response":{"P0_Q0":null,"P0_Q1":5,"P0_Q2":7,"P0_Q3":7,"P0_Q4":5,"P0_Q5":4,"strategies":"finding out the paths that yields the largest number","feedback":""},"accuracy":[],"trial_type":"survey","trial_index":48,"time_elapsed":986214,"internal_node_id":"0.0-10.0"},{"rt":4829,"stimulus":"<p>Thanks for your time!</p>        <p>We need to manually calculate your bonus pay, please give us up to 7 days.</p><p>Press any key to conclude.</p>","response":" ","task":"end","subjectId":"r0cyj4ae5yewe26","trial_type":"html-keyboard-response","trial_index":49,"time_elapsed":991045,"internal_node_id":"0.0-11.0","interactions":"[{\"event\":\"fullscreenenter\",\"trial\":1,\"time\":4870}]"}]