[{"success":true,"timeout":false,"failed_images":[],"failed_audio":[],"failed_video":[],"trial_type":"preload","trial_index":0,"time_elapsed":1523,"internal_node_id":"0.0-0.0"},{"success":true,"trial_type":"fullscreen","trial_index":1,"time_elapsed":3825,"internal_node_id":"0.0-1.0"},{"rt":1670,"stimulus":"Welcome to the experiment. Press any key to begin.","response":" ","trial_type":"html-keyboard-response","trial_index":2,"time_elapsed":5497,"internal_node_id":"0.0-2.0"},{"view_history":[{"page_index":0,"viewing_time":3690},{"page_index":1,"viewing_time":2950},{"page_index":2,"viewing_time":7593},{"page_index":3,"viewing_time":1310},{"page_index":4,"viewing_time":2737},{"page_index":5,"viewing_time":1057},{"page_index":6,"viewing_time":1823},{"page_index":7,"viewing_time":6720},{"page_index":8,"viewing_time":72418},{"page_index":9,"viewing_time":6206},{"page_index":10,"viewing_time":1577},{"page_index":11,"viewing_time":751},{"page_index":12,"viewing_time":728},{"page_index":13,"viewing_time":1536},{"page_index":14,"viewing_time":2713},{"page_index":15,"viewing_time":8216},{"page_index":16,"viewing_time":1232},{"page_index":17,"viewing_time":848},{"page_index":18,"viewing_time":753},{"page_index":19,"viewing_time":2815},{"page_index":20,"viewing_time":3352},{"page_index":21,"viewing_time":3377}],"rt":134400,"trial_type":"instructions","trial_index":3,"time_elapsed":139893,"internal_node_id":"0.0-3.0"},{"rt":110427,"url":"../static/nodeGraphsTraining.html","edgeClickLog":[],"trial_type":"external-html","trial_index":4,"time_elapsed":250591,"internal_node_id":"0.0-4.0"},{"rt":174504,"response":{"q1":"The goal is to help the student to get the most points","q2":"False","q3":"Possible paths the student can take.","q4":"Paths that the student took before."},"question_order":[0,1,2,3],"trial_type":"survey-multi-choice","trial_index":5,"time_elapsed":425091,"internal_node_id":"0.0-5.0"},{"rt":6282,"stimulus":"<p>You can take a 60 second break before starting the experiment.</p><br><br><p>This page will advance in 60 seconds or you can press any key to advance now.</p>","response":" ","trial_type":"html-keyboard-response","trial_index":6,"time_elapsed":431378,"internal_node_id":"0.0-7.0"},{"view_history":[{"page_index":0,"viewing_time":10351}],"rt":10351,"trial_type":"instructions","trial_index":7,"time_elapsed":441730,"internal_node_id":"0.0-8.0"},{"rt":22674,"url":"../static/nodeGraphs.html","edge":"4to7","edgeRT":"19639","flipped":"FALSE","correct_edge":"0to2","index":"11","edgeClickLog":"[{\"edgeSelection\":\"0to2\",\"edgeRTMS\":6747},{\"edgeSelection\":\"2to4\",\"edgeRTMS\":8347},{\"edgeSelection\":\"4to7\",\"edgeRTMS\":10537},{\"edgeSelection\":\"0to1\",\"edgeRTMS\":13296},{\"edgeSelection\":\"0to2\",\"edgeRTMS\":16123},{\"edgeSelection\":\"0to2\",\"edgeRTMS\":16618},{\"edgeSelection\":\"0to2\",\"edgeRTMS\":16819},{\"edgeSelection\":\"0to2\",\"edgeRTMS\":17023},{\"edgeSelection\":\"2to4\",\"edgeRTMS\":18210},{\"edgeSelection\":\"2to4\",\"edgeRTMS\":18388},{\"edgeSelection\":\"4to7\",\"edgeRTMS\":19445},{\"edgeSelection\":\"4to7\",\"edgeRTMS\":19639}]","seed":" 63833578","task":"experiment","subjectId":"smlo0rmgpfn2a4s","trial_type":"external-html","trial_index":8,"time_elapsed":464867,"internal_node_id":"0.0-9.0-0.0"},{"rt":25875,"url":"../static/nodeGraphs.html","edge":"0to2","edgeRT":"24739","flipped":"TRUE","correct_edge":"0to2","index":"27","edgeClickLog":"[{\"edgeSelection\":\"0to2\",\"edgeRTMS\":2533},{\"edgeSelection\":\"2to5\",\"edgeRTMS\":3361},{\"edgeSelection\":\"5to8\",\"edgeRTMS\":4203},{\"edgeSelection\":\"5to8\",\"edgeRTMS\":4683},{\"edgeSelection\":\"5to8\",\"edgeRTMS\":4853},{\"edgeSelection\":\"0to2\",\"edgeRTMS\":6540},{\"edgeSelection\":\"2to5\",\"edgeRTMS\":8831},{\"edgeSelection\":\"5to8\",\"edgeRTMS\":9779},{\"edgeSelection\":\"5to8\",\"edgeRTMS\":17040},{\"edgeSelection\":\"5to8\",\"edgeRTMS\":17402},{\"edgeSelection\":\"5to8\",\"edgeRTMS\":17595},{\"edgeSelection\":\"5to8\",\"edgeRTMS\":17784},{\"edgeSelection\":\"2to5\",\"edgeRTMS\":18324},{\"edgeSelection\":\"0to2\",\"edgeRTMS\":18991},{\"edgeSelection\":\"2to5\",\"edgeRTMS\":19924},{\"edgeSelection\":\"5to8\",\"edgeRTMS\":21291},{\"edgeSelection\":\"2to5\",\"edgeRTMS\":22593},{\"edgeSelection\":\"0to2\",\"edgeRTMS\":24739}]","seed":" 85614324","task":"experiment","subjectId":"smlo0rmgpfn2a4s","trial_type":"external-html","trial_index":9,"time_elapsed":491414,"internal_node_id":"0.0-9.0-0.1"},{"rt":12182,"url":"../static/nodeGraphs.html","edge":"4to7","edgeRT":"10767","flipped":"FALSE","correct_edge":"0to2","index":"10","edgeClickLog":"[{\"edgeSelection\":\"0to1\",\"edgeRTMS\":2789},{\"edgeSelection\":\"1to4\",\"edgeRTMS\":4267},{\"edgeSelection\":\"4to7\",\"edgeRTMS\":6358},{\"edgeSelection\":\"4to7\",\"edgeRTMS\":7030},{\"edgeSelection\":\"4to7\",\"edgeRTMS\":7482},{\"edgeSelection\":\"0to1\",\"edgeRTMS\":8728},{\"edgeSelection\":\"1to4\",\"edgeRTMS\":9920},{\"edgeSelection\":\"4to7\",\"edgeRTMS\":10767}]","seed":" 39688702","task":"experiment","subjectId":"smlo0rmgpfn2a4s","trial_type":"external-html","trial_index":10,"time_elapsed":504277,"internal_node_id":"0.0-9.0-0.2"},{"rt":9049,"url":"../static/nodeGraphs.html","edge":"6to9","edgeRT":"8189","flipped":"FALSE","correct_edge":"0to3","index":"12","edgeClickLog":"[{\"edgeSelection\":\"0to3\",\"edgeRTMS\":6107},{\"edgeSelection\":\"3to6\",\"edgeRTMS\":7055},{\"edgeSelection\":\"6to9\",\"edgeRTMS\":8189}]","seed":" 36895371","task":"experiment","subjectId":"smlo0rmgpfn2a4s","trial_type":"external-html","trial_index":11,"time_elapsed":513998,"internal_node_id":"0.0-9.0-0.3"},{"rt":7453,"url":"../static/nodeGraphs.html","edge":"5to8","edgeRT":"5708","flipped":"TRUE","correct_edge":"5to8","index":"23","edgeClickLog":"[{\"edgeSelection\":\"0to2\",\"edgeRTMS\":3120},{\"edgeSelection\":\"2to5\",\"edgeRTMS\":4473},{\"edgeSelection\":\"5to8\",\"edgeRTMS\":5708}]","seed":" 46003743","task":"experiment","subjectId":"smlo0rmgpfn2a4s","trial_type":"external-html","trial_index":12,"time_elapsed":522601,"internal_node_id":"0.0-9.0-0.4"},{"rt":8802,"url":"../static/nodeGraphs.html","edge":"6to9","edgeRT":"6925","flipped":"FALSE","correct_edge":"0to3","index":"9","edgeClickLog":"[{\"edgeSelection\":\"0to3\",\"edgeRTMS\":4143},{\"edgeSelection\":\"3to6\",\"edgeRTMS\":5587},{\"edgeSelection\":\"6to9\",\"edgeRTMS\":6925}]","seed":" 61187187","task":"experiment","subjectId":"smlo0rmgpfn2a4s","trial_type":"external-html","trial_index":13,"time_elapsed":532012,"internal_node_id":"0.0-9.0-0.5"},{"rt":7731,"url":"../static/nodeGraphs.html","edge":"5to8","edgeRT":"6352","flipped":"FALSE","correct_edge":"0to2","index":"7","edgeClickLog":"[{\"edgeSelection\":\"0to2\",\"edgeRTMS\":3858},{\"edgeSelection\":\"0to2\",\"edgeRTMS\":4357},{\"edgeSelection\":\"2to5\",\"edgeRTMS\":5422},{\"edgeSelection\":\"5to8\",\"edgeRTMS\":6352}]","seed":" 85614324","task":"experiment","subjectId":"smlo0rmgpfn2a4s","trial_type":"external-html","trial_index":14,"time_elapsed":540420,"internal_node_id":"0.0-9.0-0.6"},{"rt":7271,"url":"../static/nodeGraphs.html","edge":"6to9","edgeRT":"6366","flipped":"TRUE","correct_edge":"0to2","index":"31","edgeClickLog":"[{\"edgeSelection\":\"0to2\",\"edgeRTMS\":3327},{\"edgeSelection\":\"2to6\",\"edgeRTMS\":5276},{\"edgeSelection\":\"6to9\",\"edgeRTMS\":6366}]","seed":" 63833578","task":"experiment","subjectId":"smlo0rmgpfn2a4s","trial_type":"external-html","trial_index":15,"time_elapsed":548371,"internal_node_id":"0.0-9.0-0.7"},{"rt":9648,"url":"../static/nodeGraphs.html","edge":"6to8","edgeRT":"8746","flipped":"TRUE","correct_edge":"0to2","index":"30","edgeClickLog":"[{\"edgeSelection\":\"0to3\",\"edgeRTMS\":4276},{\"edgeSelection\":\"3to6\",\"edgeRTMS\":5592},{\"edgeSelection\":\"6to8\",\"edgeRTMS\":7654},{\"edgeSelection\":\"6to8\",\"edgeRTMS\":8746}]","seed":" 39688702","task":"experiment","subjectId":"smlo0rmgpfn2a4s","trial_type":"external-html","trial_index":16,"time_elapsed":558697,"internal_node_id":"0.0-9.0-0.8"},{"rt":27981,"url":"../static/nodeGraphs.html","edge":"6to9","edgeRT":"26752","flipped":"TRUE","correct_edge":"2to6","index":"25","edgeClickLog":"[{\"edgeSelection\":\"0to2\",\"edgeRTMS\":24451},{\"edgeSelection\":\"2to6\",\"edgeRTMS\":25563},{\"edgeSelection\":\"6to9\",\"edgeRTMS\":26752}]","seed":" 10409262","task":"experiment","subjectId":"smlo0rmgpfn2a4s","trial_type":"external-html","trial_index":17,"time_elapsed":587348,"internal_node_id":"0.0-9.0-0.9"},{"rt":6643,"url":"../static/nodeGraphs.html","edge":"5to8","edgeRT":"5656","flipped":"TRUE","correct_edge":"1to5","index":"38","edgeClickLog":"[{\"edgeSelection\":\"0to2\",\"edgeRTMS\":3922},{\"edgeSelection\":\"2to5\",\"edgeRTMS\":4847},{\"edgeSelection\":\"5to8\",\"edgeRTMS\":5656}]","seed":" 22181670","task":"experiment","subjectId":"smlo0rmgpfn2a4s","trial_type":"external-html","trial_index":18,"time_elapsed":594682,"internal_node_id":"0.0-9.0-0.10"},{"rt":13066,"url":"../static/nodeGraphs.html","edge":"4to7","edgeRT":"11623","flipped":"FALSE","correct_edge":"2to4","index":"4","edgeClickLog":"[{\"edgeSelection\":\"0to2\",\"edgeRTMS\":2714},{\"edgeSelection\":\"2to4\",\"edgeRTMS\":10135},{\"edgeSelection\":\"4to7\",\"edgeRTMS\":11623}]","seed":" 36501291","task":"experiment","subjectId":"smlo0rmgpfn2a4s","trial_type":"external-html","trial_index":19,"time_elapsed":608421,"internal_node_id":"0.0-9.0-0.11"},{"rt":13117,"url":"../static/nodeGraphs.html","edge":"4to7","edgeRT":"12308","flipped":"FALSE","correct_edge":"0to1","index":"0","edgeClickLog":"[{\"edgeSelection\":\"0to3\",\"edgeRTMS\":5137},{\"edgeSelection\":\"3to6\",\"edgeRTMS\":6635},{\"edgeSelection\":\"0to1\",\"edgeRTMS\":8760},{\"edgeSelection\":\"0to1\",\"edgeRTMS\":9392},{\"edgeSelection\":\"0to1\",\"edgeRTMS\":9577},{\"edgeSelection\":\"0to1\",\"edgeRTMS\":9801},{\"edgeSelection\":\"1to4\",\"edgeRTMS\":11428},{\"edgeSelection\":\"4to7\",\"edgeRTMS\":12308}]","seed":" 21745736","task":"experiment","subjectId":"smlo0rmgpfn2a4s","trial_type":"external-html","trial_index":20,"time_elapsed":622212,"internal_node_id":"0.0-9.0-0.12"},{"rt":15426,"url":"../static/nodeGraphs.html","edge":"5to8","edgeRT":"13730","flipped":"FALSE","correct_edge":"5to8","index":"3","edgeClickLog":"[{\"edgeSelection\":\"0to1\",\"edgeRTMS\":8520},{\"edgeSelection\":\"1to5\",\"edgeRTMS\":9631},{\"edgeSelection\":\"1to5\",\"edgeRTMS\":10565},{\"edgeSelection\":\"1to5\",\"edgeRTMS\":11817},{\"edgeSelection\":\"1to5\",\"edgeRTMS\":12171},{\"edgeSelection\":\"5to8\",\"edgeRTMS\":13033},{\"edgeSelection\":\"5to8\",\"edgeRTMS\":13730}]","seed":" 46003743","task":"experiment","subjectId":"smlo0rmgpfn2a4s","trial_type":"external-html","trial_index":21,"time_elapsed":638312,"internal_node_id":"0.0-9.0-0.13"},{"rt":13841,"url":"../static/nodeGraphs.html","edge":"4to7","edgeRT":"12797","flipped":"FALSE","correct_edge":"0to2","index":"14","edgeClickLog":"[{\"edgeSelection\":\"0to3\",\"edgeRTMS\":2998},{\"edgeSelection\":\"0to1\",\"edgeRTMS\":9582},{\"edgeSelection\":\"0to1\",\"edgeRTMS\":10273},{\"edgeSelection\":\"0to1\",\"edgeRTMS\":10848},{\"edgeSelection\":\"1to4\",\"edgeRTMS\":11747},{\"edgeSelection\":\"4to7\",\"edgeRTMS\":12797}]","seed":" 21083760","task":"experiment","subjectId":"smlo0rmgpfn2a4s","trial_type":"external-html","trial_index":22,"time_elapsed":653834,"internal_node_id":"0.0-9.0-0.14"},{"rt":8054,"url":"../static/nodeGraphs.html","edge":"4to7","edgeRT":"7118","flipped":"FALSE","correct_edge":"0to2","index":"8","edgeClickLog":"[{\"edgeSelection\":\"0to2\",\"edgeRTMS\":3112},{\"edgeSelection\":\"0to2\",\"edgeRTMS\":3959},{\"edgeSelection\":\"2to4\",\"edgeRTMS\":4900},{\"edgeSelection\":\"2to4\",\"edgeRTMS\":5979},{\"edgeSelection\":\"4to7\",\"edgeRTMS\":7118}]","seed":" 8396978","task":"experiment","subjectId":"smlo0rmgpfn2a4s","trial_type":"external-html","trial_index":23,"time_elapsed":662483,"internal_node_id":"0.0-9.0-0.15"},{"rt":11637,"url":"../static/nodeGraphs.html","edge":"6to8","edgeRT":"8047","flipped":"FALSE","correct_edge":"4to7","index":"6","edgeClickLog":"[{\"edgeSelection\":\"0to3\",\"edgeRTMS\":3151},{\"edgeSelection\":\"3to6\",\"edgeRTMS\":5207},{\"edgeSelection\":\"3to6\",\"edgeRTMS\":6294},{\"edgeSelection\":\"6to8\",\"edgeRTMS\":8047}]","seed":" 13523788","task":"experiment","subjectId":"smlo0rmgpfn2a4s","trial_type":"external-html","trial_index":24,"time_elapsed":675041,"internal_node_id":"0.0-9.0-0.16"},{"rt":9144,"url":"../static/nodeGraphs.html","edge":"6to9","edgeRT":"7847","flipped":"TRUE","correct_edge":"0to3","index":"20","edgeClickLog":"[{\"edgeSelection\":\"0to3\",\"edgeRTMS\":5655},{\"edgeSelection\":\"3to6\",\"edgeRTMS\":6796},{\"edgeSelection\":\"6to9\",\"edgeRTMS\":7847}]","seed":" 21745736","task":"experiment","subjectId":"smlo0rmgpfn2a4s","trial_type":"external-html","trial_index":25,"time_elapsed":684783,"internal_node_id":"0.0-9.0-0.17"},{"rt":7144,"url":"../static/nodeGraphs.html","edge":"4to8","edgeRT":"5979","flipped":"TRUE","correct_edge":"0to1","index":"29","edgeClickLog":"[{\"edgeSelection\":\"0to1\",\"edgeRTMS\":3661},{\"edgeSelection\":\"1to4\",\"edgeRTMS\":4657},{\"edgeSelection\":\"4to8\",\"edgeRTMS\":5979}]","seed":" 61187187","task":"experiment","subjectId":"smlo0rmgpfn2a4s","trial_type":"external-html","trial_index":26,"time_elapsed":692602,"internal_node_id":"0.0-9.0-0.18"},{"rt":7256,"url":"../static/nodeGraphs.html","edge":"4to7","edgeRT":"6066","flipped":"FALSE","correct_edge":"0to1","index":"19","edgeClickLog":"[{\"edgeSelection\":\"0to1\",\"edgeRTMS\":2235},{\"edgeSelection\":\"1to4\",\"edgeRTMS\":4813},{\"edgeSelection\":\"4to7\",\"edgeRTMS\":6066}]","seed":" 37422119","task":"experiment","subjectId":"smlo0rmgpfn2a4s","trial_type":"external-html","trial_index":27,"time_elapsed":700539,"internal_node_id":"0.0-9.0-0.19"},{"rt":4667,"url":"../static/nodeGraphs.html","edge":"6to9","edgeRT":"3903","flipped":"FALSE","correct_edge":"2to6","index":"15","edgeClickLog":"[{\"edgeSelection\":\"0to3\",\"edgeRTMS\":1612},{\"edgeSelection\":\"3to6\",\"edgeRTMS\":2769},{\"edgeSelection\":\"6to9\",\"edgeRTMS\":3903}]","seed":" 53220770","task":"experiment","subjectId":"smlo0rmgpfn2a4s","trial_type":"external-html","trial_index":28,"time_elapsed":705880,"internal_node_id":"0.0-9.0-0.20"},{"rt":4513,"url":"../static/nodeGraphs.html","edge":"6to8","edgeRT":"3695","flipped":"TRUE","correct_edge":"3to6","index":"22","edgeClickLog":"[{\"edgeSelection\":\"0to3\",\"edgeRTMS\":1757},{\"edgeSelection\":\"3to6\",\"edgeRTMS\":2664},{\"edgeSelection\":\"6to8\",\"edgeRTMS\":3695}]","seed":" 22809663","task":"experiment","subjectId":"smlo0rmgpfn2a4s","trial_type":"external-html","trial_index":29,"time_elapsed":711376,"internal_node_id":"0.0-9.0-0.21"},{"rt":7388,"url":"../static/nodeGraphs.html","edge":"6to9","edgeRT":"5277","flipped":"TRUE","correct_edge":"0to3","index":"39","edgeClickLog":"[{\"edgeSelection\":\"0to3\",\"edgeRTMS\":2979},{\"edgeSelection\":\"3to6\",\"edgeRTMS\":4417},{\"edgeSelection\":\"6to9\",\"edgeRTMS\":5277}]","seed":" 37422119","task":"experiment","subjectId":"smlo0rmgpfn2a4s","trial_type":"external-html","trial_index":30,"time_elapsed":719444,"internal_node_id":"0.0-9.0-0.22"},{"rt":184217,"url":"../static/nodeGraphs.html","edge":"4to7","edgeRT":"183334","flipped":"TRUE","correct_edge":"0to1","index":"32","edgeClickLog":"[{\"edgeSelection\":\"0to1\",\"edgeRTMS\":181066},{\"edgeSelection\":\"1to4\",\"edgeRTMS\":182686},{\"edgeSelection\":\"4to7\",\"edgeRTMS\":183334}]","seed":" 36895371","task":"experiment","subjectId":"smlo0rmgpfn2a4s","trial_type":"external-html","trial_index":31,"time_elapsed":904327,"internal_node_id":"0.0-9.0-0.23"},{"rt":8063,"url":"../static/nodeGraphs.html","edge":"5to7","edgeRT":"6951","flipped":"TRUE","correct_edge":"5to7","index":"36","edgeClickLog":"[{\"edgeSelection\":\"0to1\",\"edgeRTMS\":3238},{\"edgeSelection\":\"0to1\",\"edgeRTMS\":4502},{\"edgeSelection\":\"1to5\",\"edgeRTMS\":5435},{\"edgeSelection\":\"5to7\",\"edgeRTMS\":6951}]","seed":" 5655743","task":"experiment","subjectId":"smlo0rmgpfn2a4s","trial_type":"external-html","trial_index":32,"time_elapsed":913086,"internal_node_id":"0.0-9.0-0.24"},{"rt":85932,"url":"../static/nodeGraphs.html","edge":"5to8","edgeRT":"83750","flipped":"TRUE","correct_edge":"2to6","index":"24","edgeClickLog":"[{\"edgeSelection\":\"0to2\",\"edgeRTMS\":81157},{\"edgeSelection\":\"2to5\",\"edgeRTMS\":82229},{\"edgeSelection\":\"5to8\",\"edgeRTMS\":83750}]","seed":" 36501291","task":"experiment","subjectId":"smlo0rmgpfn2a4s","trial_type":"external-html","trial_index":33,"time_elapsed":999700,"internal_node_id":"0.0-9.0-0.25"},{"rt":234646,"url":"../static/nodeGraphs.html","edge":"4to8","edgeRT":"233784","flipped":"TRUE","correct_edge":"6to9","index":"26","edgeClickLog":"[{\"edgeSelection\":\"0to1\",\"edgeRTMS\":229564},{\"edgeSelection\":\"1to4\",\"edgeRTMS\":231071},{\"edgeSelection\":\"0to1\",\"edgeRTMS\":231831},{\"edgeSelection\":\"1to4\",\"edgeRTMS\":232792},{\"edgeSelection\":\"4to8\",\"edgeRTMS\":233784}]","seed":" 13523788","task":"experiment","subjectId":"smlo0rmgpfn2a4s","trial_type":"external-html","trial_index":34,"time_elapsed":1235283,"internal_node_id":"0.0-9.0-0.26"},{"rt":8043,"url":"../static/nodeGraphs.html","edge":"4to8","edgeRT":"6944","flipped":"FALSE","correct_edge":"4to8","index":"1","edgeClickLog":"[{\"edgeSelection\":\"0to1\",\"edgeRTMS\":4856},{\"edgeSelection\":\"1to4\",\"edgeRTMS\":5569},{\"edgeSelection\":\"4to8\",\"edgeRTMS\":6944}]","seed":" 32816305","task":"experiment","subjectId":"smlo0rmgpfn2a4s","trial_type":"external-html","trial_index":35,"time_elapsed":1244005,"internal_node_id":"0.0-9.0-0.27"},{"rt":5205,"url":"../static/nodeGraphs.html","edge":"4to7","edgeRT":"4242","flipped":"FALSE","correct_edge":"2to4","index":"5","edgeClickLog":"[{\"edgeSelection\":\"0to2\",\"edgeRTMS\":1815},{\"edgeSelection\":\"2to4\",\"edgeRTMS\":3090},{\"edgeSelection\":\"4to7\",\"edgeRTMS\":4242}]","seed":" 10409262","task":"experiment","subjectId":"smlo0rmgpfn2a4s","trial_type":"external-html","trial_index":36,"time_elapsed":1249891,"internal_node_id":"0.0-9.0-0.28"},{"rt":4086,"url":"../static/nodeGraphs.html","edge":"4to8","edgeRT":"3012","flipped":"TRUE","correct_edge":"0to2","index":"37","edgeClickLog":"[{\"edgeSelection\":\"0to2\",\"edgeRTMS\":1169},{\"edgeSelection\":\"2to4\",\"edgeRTMS\":2209},{\"edgeSelection\":\"4to8\",\"edgeRTMS\":3012}]","seed":" 21211189","task":"experiment","subjectId":"smlo0rmgpfn2a4s","trial_type":"external-html","trial_index":37,"time_elapsed":1254657,"internal_node_id":"0.0-9.0-0.29"},{"rt":3701,"url":"../static/nodeGraphs.html","edge":"4to7","edgeRT":"2786","flipped":"TRUE","correct_edge":"2to4","index":"35","edgeClickLog":"[{\"edgeSelection\":\"0to1\",\"edgeRTMS\":1035},{\"edgeSelection\":\"1to4\",\"edgeRTMS\":1888},{\"edgeSelection\":\"4to7\",\"edgeRTMS\":2786}]","seed":" 53220770","task":"experiment","subjectId":"smlo0rmgpfn2a4s","trial_type":"external-html","trial_index":38,"time_elapsed":1259305,"internal_node_id":"0.0-9.0-0.30"},{"rt":8263,"url":"../static/nodeGraphs.html","edge":"6to9","edgeRT":"6886","flipped":"FALSE","correct_edge":"0to2","index":"13","edgeClickLog":"[{\"edgeSelection\":\"0to1\",\"edgeRTMS\":2402},{\"edgeSelection\":\"0to2\",\"edgeRTMS\":4299},{\"edgeSelection\":\"0to2\",\"edgeRTMS\":4757},{\"edgeSelection\":\"2to6\",\"edgeRTMS\":5767},{\"edgeSelection\":\"6to9\",\"edgeRTMS\":6886}]","seed":" 49587019","task":"experiment","subjectId":"smlo0rmgpfn2a4s","trial_type":"external-html","trial_index":39,"time_elapsed":1268241,"internal_node_id":"0.0-9.0-0.31"},{"rt":10130,"url":"../static/nodeGraphs.html","edge":"6to8","edgeRT":"9398","flipped":"TRUE","correct_edge":"0to2","index":"34","edgeClickLog":"[{\"edgeSelection\":\"0to3\",\"edgeRTMS\":6075},{\"edgeSelection\":\"3to6\",\"edgeRTMS\":8261},{\"edgeSelection\":\"6to8\",\"edgeRTMS\":9398}]","seed":" 21083760","task":"experiment","subjectId":"smlo0rmgpfn2a4s","trial_type":"external-html","trial_index":40,"time_elapsed":1279065,"internal_node_id":"0.0-9.0-0.32"},{"rt":5524,"url":"../static/nodeGraphs.html","edge":"5to8","edgeRT":"4633","flipped":"FALSE","correct_edge":"3to5","index":"18","edgeClickLog":"[{\"edgeSelection\":\"0to2\",\"edgeRTMS\":1611},{\"edgeSelection\":\"2to5\",\"edgeRTMS\":2455},{\"edgeSelection\":\"2to5\",\"edgeRTMS\":3897},{\"edgeSelection\":\"5to8\",\"edgeRTMS\":4633}]","seed":" 22181670","task":"experiment","subjectId":"smlo0rmgpfn2a4s","trial_type":"external-html","trial_index":41,"time_elapsed":1285529,"internal_node_id":"0.0-9.0-0.33"},{"rt":6448,"url":"../static/nodeGraphs.html","edge":"6to8","edgeRT":"5246","flipped":"TRUE","correct_edge":"6to8","index":"21","edgeClickLog":"[{\"edgeSelection\":\"0to2\",\"edgeRTMS\":2944},{\"edgeSelection\":\"2to6\",\"edgeRTMS\":3668},{\"edgeSelection\":\"6to8\",\"edgeRTMS\":5246}]","seed":" 32816305","task":"experiment","subjectId":"smlo0rmgpfn2a4s","trial_type":"external-html","trial_index":42,"time_elapsed":1292661,"internal_node_id":"0.0-9.0-0.34"},{"rt":6118,"url":"../static/nodeGraphs.html","edge":"4to8","edgeRT":"5155","flipped":"FALSE","correct_edge":"1to4","index":"2","edgeClickLog":"[{\"edgeSelection\":\"0to1\",\"edgeRTMS\":1834},{\"edgeSelection\":\"0to1\",\"edgeRTMS\":3329},{\"edgeSelection\":\"1to4\",\"edgeRTMS\":4244},{\"edgeSelection\":\"4to8\",\"edgeRTMS\":5155}]","seed":" 22809663","task":"experiment","subjectId":"smlo0rmgpfn2a4s","trial_type":"external-html","trial_index":43,"time_elapsed":1299461,"internal_node_id":"0.0-9.0-0.35"},{"rt":7661,"url":"../static/nodeGraphs.html","edge":"4to7","edgeRT":"5185","flipped":"TRUE","correct_edge":"0to2","index":"33","edgeClickLog":"[{\"edgeSelection\":\"0to2\",\"edgeRTMS\":2373},{\"edgeSelection\":\"2to4\",\"edgeRTMS\":3612},{\"edgeSelection\":\"4to7\",\"edgeRTMS\":4466},{\"edgeSelection\":\"4to7\",\"edgeRTMS\":5185}]","seed":" 49587019","task":"experiment","subjectId":"smlo0rmgpfn2a4s","trial_type":"external-html","trial_index":44,"time_elapsed":1307800,"internal_node_id":"0.0-9.0-0.36"},{"rt":4134,"url":"../static/nodeGraphs.html","edge":"5to8","edgeRT":"3170","flipped":"FALSE","correct_edge":"0to2","index":"17","edgeClickLog":"[{\"edgeSelection\":\"0to2\",\"edgeRTMS\":1549},{\"edgeSelection\":\"2to5\",\"edgeRTMS\":2312},{\"edgeSelection\":\"5to8\",\"edgeRTMS\":3170}]","seed":" 21211189","task":"experiment","subjectId":"smlo0rmgpfn2a4s","trial_type":"external-html","trial_index":45,"time_elapsed":1312624,"internal_node_id":"0.0-9.0-0.37"},{"rt":4475,"url":"../static/nodeGraphs.html","edge":"6to9","edgeRT":"3734","flipped":"TRUE","correct_edge":"0to2","index":"28","edgeClickLog":"[{\"edgeSelection\":\"0to2\",\"edgeRTMS\":1799},{\"edgeSelection\":\"2to6\",\"edgeRTMS\":2757},{\"edgeSelection\":\"6to9\",\"edgeRTMS\":3734}]","seed":" 8396978","task":"experiment","subjectId":"smlo0rmgpfn2a4s","trial_type":"external-html","trial_index":46,"time_elapsed":1317808,"internal_node_id":"0.0-9.0-0.38"},{"rt":4016,"url":"../static/nodeGraphs.html","edge":"5to9","edgeRT":"3143","flipped":"FALSE","correct_edge":"5to9","index":"16","edgeClickLog":"[{\"edgeSelection\":\"0to1\",\"edgeRTMS\":1107},{\"edgeSelection\":\"1to5\",\"edgeRTMS\":1987},{\"edgeSelection\":\"5to9\",\"edgeRTMS\":3143}]","seed":" 5655743","task":"experiment","subjectId":"smlo0rmgpfn2a4s","trial_type":"external-html","trial_index":47,"time_elapsed":1322747,"internal_node_id":"0.0-9.0-0.39"},{"rt":38102,"response":{"P0_Q0":null,"P0_Q1":4,"P0_Q2":7,"P0_Q3":6,"P0_Q4":6,"P0_Q5":2,"strategies":"Try to go to the next path with the most points in their respective paths and then see the overall total pointts.","feedback":""},"accuracy":[],"trial_type":"survey","trial_index":48,"time_elapsed":1361423,"internal_node_id":"0.0-10.0"},{"rt":2230,"stimulus":"<p>Thanks for your time!</p>        <p>We need to manually calculate your bonus pay, please give us up to 7 days.</p><p>Press any key to conclude.</p>","response":" ","task":"end","subjectId":"smlo0rmgpfn2a4s","trial_type":"html-keyboard-response","trial_index":49,"time_elapsed":1363655,"internal_node_id":"0.0-11.0","interactions":"[{\"event\":\"focus\",\"trial\":0,\"time\":7},{\"event\":\"fullscreenenter\",\"trial\":1,\"time\":2883},{\"event\":\"blur\",\"trial\":4,\"time\":155005},{\"event\":\"fullscreenexit\",\"trial\":4,\"time\":155009},{\"event\":\"focus\",\"trial\":4,\"time\":155176},{\"event\":\"blur\",\"trial\":4,\"time\":172795},{\"event\":\"focus\",\"trial\":4,\"time\":172976},{\"event\":\"blur\",\"trial\":4,\"time\":176335},{\"event\":\"focus\",\"trial\":4,\"time\":176510},{\"event\":\"blur\",\"trial\":5,\"time\":398794},{\"event\":\"focus\",\"trial\":5,\"time\":406460},{\"event\":\"blur\",\"trial\":17,\"time\":561402},{\"event\":\"focus\",\"trial\":17,\"time\":563965},{\"event\":\"blur\",\"trial\":17,\"time\":574606},{\"event\":\"focus\",\"trial\":17,\"time\":580808},{\"event\":\"blur\",\"trial\":33,\"time\":916046},{\"event\":\"focus\",\"trial\":33,\"time\":993496},{\"event\":\"blur\",\"trial\":34,\"time\":1001106},{\"event\":\"focus\",\"trial\":34,\"time\":1228190}]"}]