[{"success":true,"timeout":false,"failed_images":[],"failed_audio":[],"failed_video":[],"trial_type":"preload","trial_index":0,"time_elapsed":649,"internal_node_id":"0.0-0.0"},{"success":true,"trial_type":"fullscreen","trial_index":1,"time_elapsed":3485,"internal_node_id":"0.0-1.0"},{"rt":1145,"stimulus":"Welcome to the experiment. Press any key to begin.","response":" ","trial_type":"html-keyboard-response","trial_index":2,"time_elapsed":4631,"internal_node_id":"0.0-2.0"},{"view_history":[{"page_index":0,"viewing_time":2221},{"page_index":1,"viewing_time":2084},{"page_index":2,"viewing_time":15261},{"page_index":3,"viewing_time":2548},{"page_index":4,"viewing_time":635},{"page_index":5,"viewing_time":470},{"page_index":6,"viewing_time":5979},{"page_index":7,"viewing_time":5460},{"page_index":8,"viewing_time":7356},{"page_index":9,"viewing_time":3739},{"page_index":10,"viewing_time":493},{"page_index":11,"viewing_time":288},{"page_index":12,"viewing_time":300},{"page_index":13,"viewing_time":915},{"page_index":14,"viewing_time":1838},{"page_index":15,"viewing_time":1532},{"page_index":16,"viewing_time":501},{"page_index":17,"viewing_time":309},{"page_index":18,"viewing_time":419},{"page_index":19,"viewing_time":1490},{"page_index":20,"viewing_time":3165},{"page_index":21,"viewing_time":3036}],"rt":60039,"trial_type":"instructions","trial_index":3,"time_elapsed":64670,"internal_node_id":"0.0-3.0"},{"rt":42487,"url":"../static/nodeGraphsTraining.html","edgeClickLog":[],"trial_type":"external-html","trial_index":4,"time_elapsed":107289,"internal_node_id":"0.0-4.0"},{"rt":11890,"response":{"q1":"The goal is to help the student to get the most points","q2":"False","q3":"Possible paths the student can take.","q4":"Paths that the student took before."},"question_order":[0,1,2,3],"trial_type":"survey-multi-choice","trial_index":5,"time_elapsed":119183,"internal_node_id":"0.0-5.0"},{"rt":42816,"stimulus":"<p>You can take a 60 second break before starting the experiment.</p><br><br><p>This page will advance in 60 seconds or you can press any key to advance now.</p>","response":" ","trial_type":"html-keyboard-response","trial_index":6,"time_elapsed":162005,"internal_node_id":"0.0-7.0"},{"view_history":[{"page_index":0,"viewing_time":14347}],"rt":14347,"trial_type":"instructions","trial_index":7,"time_elapsed":176353,"internal_node_id":"0.0-8.0"},{"rt":20901,"url":"../static/nodeGraphs.html","edge":"0to2","edgeRT":"20148","flipped":"FALSE","correct_edge":"0to2","index":"13","edgeClickLog":"[{\"edgeSelection\":\"0to2\",\"edgeRTMS\":20148}]","seed":" 49587019","task":"experiment","subjectId":"qwsze6zxukvnk94","trial_type":"external-html","trial_index":8,"time_elapsed":197332,"internal_node_id":"0.0-9.0-0.0"},{"rt":15970,"url":"../static/nodeGraphs.html","edge":"0to2","edgeRT":"14927","flipped":"TRUE","correct_edge":"0to2","index":"30","edgeClickLog":"[{\"edgeSelection\":\"0to2\",\"edgeRTMS\":13737},{\"edgeSelection\":\"0to2\",\"edgeRTMS\":14927}]","seed":" 39688702","task":"experiment","subjectId":"qwsze6zxukvnk94","trial_type":"external-html","trial_index":9,"time_elapsed":213881,"internal_node_id":"0.0-9.0-0.1"},{"rt":10167,"url":"../static/nodeGraphs.html","edge":"5to8","edgeRT":"9504","flipped":"FALSE","correct_edge":"5to8","index":"3","edgeClickLog":"[{\"edgeSelection\":\"5to8\",\"edgeRTMS\":9504}]","seed":" 46003743","task":"experiment","subjectId":"qwsze6zxukvnk94","trial_type":"external-html","trial_index":10,"time_elapsed":224629,"internal_node_id":"0.0-9.0-0.2"},{"rt":7069,"url":"../static/nodeGraphs.html","edge":"1to4","edgeRT":"6129","flipped":"FALSE","correct_edge":"0to2","index":"8","edgeClickLog":"[{\"edgeSelection\":\"1to4\",\"edgeRTMS\":6129}]","seed":" 8396978","task":"experiment","subjectId":"qwsze6zxukvnk94","trial_type":"external-html","trial_index":11,"time_elapsed":232275,"internal_node_id":"0.0-9.0-0.3"},{"rt":5527,"url":"../static/nodeGraphs.html","edge":"4to8","edgeRT":"3595","flipped":"FALSE","correct_edge":"4to8","index":"1","edgeClickLog":"[{\"edgeSelection\":\"4to8\",\"edgeRTMS\":3595}]","seed":" 32816305","task":"experiment","subjectId":"qwsze6zxukvnk94","trial_type":"external-html","trial_index":12,"time_elapsed":238380,"internal_node_id":"0.0-9.0-0.4"},{"rt":12497,"url":"../static/nodeGraphs.html","edge":"5to7","edgeRT":"11688","flipped":"TRUE","correct_edge":"0to3","index":"39","edgeClickLog":"[{\"edgeSelection\":\"5to7\",\"edgeRTMS\":11688}]","seed":" 37422119","task":"experiment","subjectId":"qwsze6zxukvnk94","trial_type":"external-html","trial_index":13,"time_elapsed":251456,"internal_node_id":"0.0-9.0-0.5"},{"rt":9596,"url":"../static/nodeGraphs.html","edge":"3to6","edgeRT":"8365","flipped":"TRUE","correct_edge":"0to1","index":"29","edgeClickLog":"[{\"edgeSelection\":\"3to6\",\"edgeRTMS\":8365}]","seed":" 61187187","task":"experiment","subjectId":"qwsze6zxukvnk94","trial_type":"external-html","trial_index":14,"time_elapsed":261628,"internal_node_id":"0.0-9.0-0.6"},{"rt":5440,"url":"../static/nodeGraphs.html","edge":"3to6","edgeRT":"4721","flipped":"TRUE","correct_edge":"3to6","index":"22","edgeClickLog":"[{\"edgeSelection\":\"3to6\",\"edgeRTMS\":4721}]","seed":" 22809663","task":"experiment","subjectId":"qwsze6zxukvnk94","trial_type":"external-html","trial_index":15,"time_elapsed":267647,"internal_node_id":"0.0-9.0-0.7"},{"rt":7090,"url":"../static/nodeGraphs.html","edge":"2to4","edgeRT":"6112","flipped":"TRUE","correct_edge":"2to4","index":"35","edgeClickLog":"[{\"edgeSelection\":\"2to4\",\"edgeRTMS\":6112}]","seed":" 53220770","task":"experiment","subjectId":"qwsze6zxukvnk94","trial_type":"external-html","trial_index":16,"time_elapsed":275318,"internal_node_id":"0.0-9.0-0.8"},{"rt":17434,"url":"../static/nodeGraphs.html","edge":"0to3","edgeRT":"11438","flipped":"TRUE","correct_edge":"0to2","index":"34","edgeClickLog":"[{\"edgeSelection\":\"0to3\",\"edgeRTMS\":11438}]","seed":" 21083760","task":"experiment","subjectId":"qwsze6zxukvnk94","trial_type":"external-html","trial_index":17,"time_elapsed":293332,"internal_node_id":"0.0-9.0-0.9"},{"rt":6330,"url":"../static/nodeGraphs.html","edge":"1to5","edgeRT":"5085","flipped":"TRUE","correct_edge":"5to7","index":"36","edgeClickLog":"[{\"edgeSelection\":\"1to5\",\"edgeRTMS\":5085}]","seed":" 5655743","task":"experiment","subjectId":"qwsze6zxukvnk94","trial_type":"external-html","trial_index":18,"time_elapsed":300239,"internal_node_id":"0.0-9.0-0.10"},{"rt":6231,"url":"../static/nodeGraphs.html","edge":"1to5","edgeRT":"4631","flipped":"FALSE","correct_edge":"0to2","index":"17","edgeClickLog":"[{\"edgeSelection\":\"1to5\",\"edgeRTMS\":4631}]","seed":" 21211189","task":"experiment","subjectId":"qwsze6zxukvnk94","trial_type":"external-html","trial_index":19,"time_elapsed":307049,"internal_node_id":"0.0-9.0-0.11"},{"rt":9507,"url":"../static/nodeGraphs.html","edge":"2to6","edgeRT":"7445","flipped":"FALSE","correct_edge":"2to6","index":"15","edgeClickLog":"[{\"edgeSelection\":\"2to6\",\"edgeRTMS\":7445}]","seed":" 53220770","task":"experiment","subjectId":"qwsze6zxukvnk94","trial_type":"external-html","trial_index":20,"time_elapsed":317134,"internal_node_id":"0.0-9.0-0.12"},{"rt":7308,"url":"../static/nodeGraphs.html","edge":"0to1","edgeRT":"5724","flipped":"TRUE","correct_edge":"0to1","index":"32","edgeClickLog":"[{\"edgeSelection\":\"0to1\",\"edgeRTMS\":5724}]","seed":" 36895371","task":"experiment","subjectId":"qwsze6zxukvnk94","trial_type":"external-html","trial_index":21,"time_elapsed":325018,"internal_node_id":"0.0-9.0-0.13"},{"rt":7164,"url":"../static/nodeGraphs.html","edge":"0to2","edgeRT":"6123","flipped":"TRUE","correct_edge":"0to2","index":"27","edgeClickLog":"[{\"edgeSelection\":\"0to3\",\"edgeRTMS\":3154},{\"edgeSelection\":\"0to2\",\"edgeRTMS\":6123}]","seed":" 85614324","task":"experiment","subjectId":"qwsze6zxukvnk94","trial_type":"external-html","trial_index":22,"time_elapsed":332761,"internal_node_id":"0.0-9.0-0.14"},{"rt":5874,"url":"../static/nodeGraphs.html","edge":"3to5","edgeRT":"5002","flipped":"FALSE","correct_edge":"3to5","index":"18","edgeClickLog":"[{\"edgeSelection\":\"3to5\",\"edgeRTMS\":5002}]","seed":" 22181670","task":"experiment","subjectId":"qwsze6zxukvnk94","trial_type":"external-html","trial_index":23,"time_elapsed":339210,"internal_node_id":"0.0-9.0-0.15"},{"rt":3953,"url":"../static/nodeGraphs.html","edge":"2to6","edgeRT":"3205","flipped":"TRUE","correct_edge":"2to6","index":"25","edgeClickLog":"[{\"edgeSelection\":\"2to6\",\"edgeRTMS\":3205}]","seed":" 10409262","task":"experiment","subjectId":"qwsze6zxukvnk94","trial_type":"external-html","trial_index":24,"time_elapsed":343739,"internal_node_id":"0.0-9.0-0.16"},{"rt":9150,"url":"../static/nodeGraphs.html","edge":"2to4","edgeRT":"7614","flipped":"TRUE","correct_edge":"0to2","index":"33","edgeClickLog":"[{\"edgeSelection\":\"2to4\",\"edgeRTMS\":7614}]","seed":" 49587019","task":"experiment","subjectId":"qwsze6zxukvnk94","trial_type":"external-html","trial_index":25,"time_elapsed":353465,"internal_node_id":"0.0-9.0-0.17"},{"rt":4413,"url":"../static/nodeGraphs.html","edge":"0to1","edgeRT":"3602","flipped":"FALSE","correct_edge":"0to1","index":"0","edgeClickLog":"[{\"edgeSelection\":\"0to1\",\"edgeRTMS\":3602}]","seed":" 21745736","task":"experiment","subjectId":"qwsze6zxukvnk94","trial_type":"external-html","trial_index":26,"time_elapsed":358457,"internal_node_id":"0.0-9.0-0.18"},{"rt":8126,"url":"../static/nodeGraphs.html","edge":"4to7","edgeRT":"6048","flipped":"FALSE","correct_edge":"4to7","index":"6","edgeClickLog":"[{\"edgeSelection\":\"4to7\",\"edgeRTMS\":6048}]","seed":" 13523788","task":"experiment","subjectId":"qwsze6zxukvnk94","trial_type":"external-html","trial_index":27,"time_elapsed":367163,"internal_node_id":"0.0-9.0-0.19"},{"rt":13308,"url":"../static/nodeGraphs.html","edge":"0to2","edgeRT":"12096","flipped":"TRUE","correct_edge":"0to2","index":"31","edgeClickLog":"[{\"edgeSelection\":\"2to6\",\"edgeRTMS\":8287},{\"edgeSelection\":\"0to2\",\"edgeRTMS\":12096}]","seed":" 63833578","task":"experiment","subjectId":"qwsze6zxukvnk94","trial_type":"external-html","trial_index":28,"time_elapsed":381049,"internal_node_id":"0.0-9.0-0.20"},{"rt":5612,"url":"../static/nodeGraphs.html","edge":"0to3","edgeRT":"2969","flipped":"FALSE","correct_edge":"0to3","index":"12","edgeClickLog":"[{\"edgeSelection\":\"0to3\",\"edgeRTMS\":2969}]","seed":" 36895371","task":"experiment","subjectId":"qwsze6zxukvnk94","trial_type":"external-html","trial_index":29,"time_elapsed":387240,"internal_node_id":"0.0-9.0-0.21"},{"rt":4572,"url":"../static/nodeGraphs.html","edge":"6to9","edgeRT":"3069","flipped":"TRUE","correct_edge":"6to9","index":"26","edgeClickLog":"[{\"edgeSelection\":\"6to9\",\"edgeRTMS\":3069}]","seed":" 13523788","task":"experiment","subjectId":"qwsze6zxukvnk94","trial_type":"external-html","trial_index":30,"time_elapsed":392390,"internal_node_id":"0.0-9.0-0.22"},{"rt":5014,"url":"../static/nodeGraphs.html","edge":"0to3","edgeRT":"2275","flipped":"TRUE","correct_edge":"0to3","index":"20","edgeClickLog":"[{\"edgeSelection\":\"0to3\",\"edgeRTMS\":2275}]","seed":" 21745736","task":"experiment","subjectId":"qwsze6zxukvnk94","trial_type":"external-html","trial_index":31,"time_elapsed":397981,"internal_node_id":"0.0-9.0-0.23"},{"rt":21768,"url":"../static/nodeGraphs.html","edge":"0to2","edgeRT":"20884","flipped":"TRUE","correct_edge":"1to5","index":"38","edgeClickLog":"[{\"edgeSelection\":\"0to2\",\"edgeRTMS\":18458},{\"edgeSelection\":\"0to2\",\"edgeRTMS\":20097},{\"edgeSelection\":\"0to2\",\"edgeRTMS\":20884}]","seed":" 22181670","task":"experiment","subjectId":"qwsze6zxukvnk94","trial_type":"external-html","trial_index":32,"time_elapsed":420328,"internal_node_id":"0.0-9.0-0.24"},{"rt":5603,"url":"../static/nodeGraphs.html","edge":"0to2","edgeRT":"4816","flipped":"FALSE","correct_edge":"0to2","index":"7","edgeClickLog":"[{\"edgeSelection\":\"0to1\",\"edgeRTMS\":3602},{\"edgeSelection\":\"0to2\",\"edgeRTMS\":4816}]","seed":" 85614324","task":"experiment","subjectId":"qwsze6zxukvnk94","trial_type":"external-html","trial_index":33,"time_elapsed":426510,"internal_node_id":"0.0-9.0-0.25"},{"rt":6052,"url":"../static/nodeGraphs.html","edge":"3to6","edgeRT":"5205","flipped":"TRUE","correct_edge":"0to2","index":"28","edgeClickLog":"[{\"edgeSelection\":\"3to6\",\"edgeRTMS\":5205}]","seed":" 8396978","task":"experiment","subjectId":"qwsze6zxukvnk94","trial_type":"external-html","trial_index":34,"time_elapsed":433141,"internal_node_id":"0.0-9.0-0.26"},{"rt":4335,"url":"../static/nodeGraphs.html","edge":"2to4","edgeRT":"3532","flipped":"FALSE","correct_edge":"2to4","index":"5","edgeClickLog":"[{\"edgeSelection\":\"2to4\",\"edgeRTMS\":3532}]","seed":" 10409262","task":"experiment","subjectId":"qwsze6zxukvnk94","trial_type":"external-html","trial_index":35,"time_elapsed":438055,"internal_node_id":"0.0-9.0-0.27"},{"rt":10637,"url":"../static/nodeGraphs.html","edge":"5to7","edgeRT":"7661","flipped":"FALSE","correct_edge":"0to1","index":"19","edgeClickLog":"[{\"edgeSelection\":\"5to7\",\"edgeRTMS\":7661}]","seed":" 37422119","task":"experiment","subjectId":"qwsze6zxukvnk94","trial_type":"external-html","trial_index":36,"time_elapsed":449269,"internal_node_id":"0.0-9.0-0.28"},{"rt":21056,"url":"../static/nodeGraphs.html","edge":"5to8","edgeRT":"19732","flipped":"TRUE","correct_edge":"5to8","index":"23","edgeClickLog":"[{\"edgeSelection\":\"5to8\",\"edgeRTMS\":19732}]","seed":" 46003743","task":"experiment","subjectId":"qwsze6zxukvnk94","trial_type":"external-html","trial_index":37,"time_elapsed":470902,"internal_node_id":"0.0-9.0-0.29"},{"rt":4060,"url":"../static/nodeGraphs.html","edge":"6to8","edgeRT":"2954","flipped":"TRUE","correct_edge":"6to8","index":"21","edgeClickLog":"[{\"edgeSelection\":\"6to8\",\"edgeRTMS\":2954}]","seed":" 32816305","task":"experiment","subjectId":"qwsze6zxukvnk94","trial_type":"external-html","trial_index":38,"time_elapsed":475543,"internal_node_id":"0.0-9.0-0.30"},{"rt":7491,"url":"../static/nodeGraphs.html","edge":"2to6","edgeRT":"5441","flipped":"TRUE","correct_edge":"2to6","index":"24","edgeClickLog":"[{\"edgeSelection\":\"2to6\",\"edgeRTMS\":5441}]","seed":" 36501291","task":"experiment","subjectId":"qwsze6zxukvnk94","trial_type":"external-html","trial_index":39,"time_elapsed":483612,"internal_node_id":"0.0-9.0-0.31"},{"rt":6938,"url":"../static/nodeGraphs.html","edge":"0to2","edgeRT":"6223","flipped":"FALSE","correct_edge":"0to2","index":"10","edgeClickLog":"[{\"edgeSelection\":\"0to2\",\"edgeRTMS\":6223}]","seed":" 39688702","task":"experiment","subjectId":"qwsze6zxukvnk94","trial_type":"external-html","trial_index":40,"time_elapsed":491129,"internal_node_id":"0.0-9.0-0.32"},{"rt":6375,"url":"../static/nodeGraphs.html","edge":"2to4","edgeRT":"5429","flipped":"FALSE","correct_edge":"2to4","index":"4","edgeClickLog":"[{\"edgeSelection\":\"2to4\",\"edgeRTMS\":5429}]","seed":" 36501291","task":"experiment","subjectId":"qwsze6zxukvnk94","trial_type":"external-html","trial_index":41,"time_elapsed":498081,"internal_node_id":"0.0-9.0-0.33"},{"rt":6272,"url":"../static/nodeGraphs.html","edge":"5to7","edgeRT":"5251","flipped":"FALSE","correct_edge":"0to3","index":"9","edgeClickLog":"[{\"edgeSelection\":\"5to7\",\"edgeRTMS\":5251}]","seed":" 61187187","task":"experiment","subjectId":"qwsze6zxukvnk94","trial_type":"external-html","trial_index":42,"time_elapsed":504930,"internal_node_id":"0.0-9.0-0.34"},{"rt":7994,"url":"../static/nodeGraphs.html","edge":"4to8","edgeRT":"7251","flipped":"FALSE","correct_edge":"1to4","index":"2","edgeClickLog":"[{\"edgeSelection\":\"4to8\",\"edgeRTMS\":7251}]","seed":" 22809663","task":"experiment","subjectId":"qwsze6zxukvnk94","trial_type":"external-html","trial_index":43,"time_elapsed":513502,"internal_node_id":"0.0-9.0-0.35"},{"rt":10077,"url":"../static/nodeGraphs.html","edge":"2to5","edgeRT":"9069","flipped":"TRUE","correct_edge":"0to2","index":"37","edgeClickLog":"[{\"edgeSelection\":\"2to5\",\"edgeRTMS\":9069}]","seed":" 21211189","task":"experiment","subjectId":"qwsze6zxukvnk94","trial_type":"external-html","trial_index":44,"time_elapsed":524156,"internal_node_id":"0.0-9.0-0.36"},{"rt":7168,"url":"../static/nodeGraphs.html","edge":"0to2","edgeRT":"4949","flipped":"FALSE","correct_edge":"0to2","index":"11","edgeClickLog":"[{\"edgeSelection\":\"0to2\",\"edgeRTMS\":4949}]","seed":" 63833578","task":"experiment","subjectId":"qwsze6zxukvnk94","trial_type":"external-html","trial_index":45,"time_elapsed":531902,"internal_node_id":"0.0-9.0-0.37"},{"rt":3394,"url":"../static/nodeGraphs.html","edge":"0to1","edgeRT":"2749","flipped":"FALSE","correct_edge":"0to2","index":"14","edgeClickLog":"[{\"edgeSelection\":\"0to1\",\"edgeRTMS\":2749}]","seed":" 21083760","task":"experiment","subjectId":"qwsze6zxukvnk94","trial_type":"external-html","trial_index":46,"time_elapsed":535876,"internal_node_id":"0.0-9.0-0.38"},{"rt":5494,"url":"../static/nodeGraphs.html","edge":"3to5","edgeRT":"4135","flipped":"FALSE","correct_edge":"5to9","index":"16","edgeClickLog":"[{\"edgeSelection\":\"3to5\",\"edgeRTMS\":4135}]","seed":" 5655743","task":"experiment","subjectId":"qwsze6zxukvnk94","trial_type":"external-html","trial_index":47,"time_elapsed":541949,"internal_node_id":"0.0-9.0-0.39"},{"rt":46957,"response":{"P0_Q0":null,"P0_Q1":3,"P0_Q2":7,"P0_Q3":5,"P0_Q4":4,"P0_Q5":1,"strategies":"Picked the route that guaranteed giving additional points, if not, picked a route close to the middle or top that could lead to more points","feedback":""},"accuracy":[],"trial_type":"survey","trial_index":48,"time_elapsed":589478,"internal_node_id":"0.0-10.0"},{"rt":2212,"stimulus":"<p>Thanks for your time!</p>        <p>We need to manually calculate your bonus pay, please give us up to 7 days.</p><p>Press any key to conclude.</p>","response":" ","task":"end","subjectId":"qwsze6zxukvnk94","trial_type":"html-keyboard-response","trial_index":49,"time_elapsed":591692,"internal_node_id":"0.0-11.0","interactions":"[{\"event\":\"fullscreenenter\",\"trial\":1,\"time\":2509}]"}]