[{"success":true,"timeout":false,"failed_images":[],"failed_audio":[],"failed_video":[],"trial_type":"preload","trial_index":0,"time_elapsed":1187,"internal_node_id":"0.0-0.0"},{"success":true,"trial_type":"fullscreen","trial_index":1,"time_elapsed":6018,"internal_node_id":"0.0-1.0"},{"rt":3835,"stimulus":"Welcome to the experiment. Press any key to begin.","response":" ","trial_type":"html-keyboard-response","trial_index":2,"time_elapsed":9863,"internal_node_id":"0.0-2.0"},{"view_history":[{"page_index":0,"viewing_time":10522},{"page_index":1,"viewing_time":9058},{"page_index":2,"viewing_time":74116},{"page_index":3,"viewing_time":6793},{"page_index":4,"viewing_time":4964},{"page_index":5,"viewing_time":2343},{"page_index":6,"viewing_time":2253},{"page_index":7,"viewing_time":11991},{"page_index":8,"viewing_time":103013},{"page_index":9,"viewing_time":19226},{"page_index":10,"viewing_time":5120},{"page_index":11,"viewing_time":2877},{"page_index":12,"viewing_time":2416},{"page_index":13,"viewing_time":2119},{"page_index":14,"viewing_time":6814},{"page_index":15,"viewing_time":11070},{"page_index":16,"viewing_time":4262},{"page_index":17,"viewing_time":1990},{"page_index":18,"viewing_time":2753},{"page_index":19,"viewing_time":8776},{"page_index":20,"viewing_time":13752},{"page_index":21,"viewing_time":6930}],"rt":313160,"trial_type":"instructions","trial_index":3,"time_elapsed":323025,"internal_node_id":"0.0-3.0"},{"rt":141120,"url":"../static/nodeGraphsTraining.html","edgeClickLog":[],"trial_type":"external-html","trial_index":4,"time_elapsed":464274,"internal_node_id":"0.0-4.0"},{"rt":39836,"response":{"q1":"The goal is to help the student to get the most points","q2":"False","q3":"Possible paths the student can take.","q4":"Paths that the student took before."},"question_order":[0,1,2,3],"trial_type":"survey-multi-choice","trial_index":5,"time_elapsed":504114,"internal_node_id":"0.0-5.0"},{"rt":10005,"stimulus":"<p>You can take a 60 second break before starting the experiment.</p><br><br><p>This page will advance in 60 seconds or you can press any key to advance now.</p>","response":" ","trial_type":"html-keyboard-response","trial_index":6,"time_elapsed":514123,"internal_node_id":"0.0-7.0"},{"view_history":[{"page_index":0,"viewing_time":22545}],"rt":22546,"trial_type":"instructions","trial_index":7,"time_elapsed":536670,"internal_node_id":"0.0-8.0"},{"rt":27286,"url":"../static/nodeGraphs.html","edge":"4to8","edgeRT":"24353","flipped":"FALSE","correct_edge":"0to2","index":"14","edgeClickLog":"[{\"edgeSelection\":\"0to1\",\"edgeRTMS\":16846},{\"edgeSelection\":\"1to4\",\"edgeRTMS\":19421},{\"edgeSelection\":\"4to8\",\"edgeRTMS\":24353}]","seed":" 21083760","task":"experiment","subjectId":"cymnddw7k7370tu","trial_type":"external-html","trial_index":8,"time_elapsed":564092,"internal_node_id":"0.0-9.0-0.0"},{"rt":26277,"url":"../static/nodeGraphs.html","edge":"6to9","edgeRT":"21246","flipped":"TRUE","correct_edge":"0to3","index":"39","edgeClickLog":"[{\"edgeSelection\":\"0to3\",\"edgeRTMS\":12136},{\"edgeSelection\":\"3to6\",\"edgeRTMS\":18206},{\"edgeSelection\":\"6to9\",\"edgeRTMS\":21246}]","seed":" 37422119","task":"experiment","subjectId":"cymnddw7k7370tu","trial_type":"external-html","trial_index":9,"time_elapsed":590975,"internal_node_id":"0.0-9.0-0.1"},{"rt":33865,"url":"../static/nodeGraphs.html","edge":"6to8","edgeRT":"30391","flipped":"TRUE","correct_edge":"0to2","index":"34","edgeClickLog":"[{\"edgeSelection\":\"0to3\",\"edgeRTMS\":15981},{\"edgeSelection\":\"0to3\",\"edgeRTMS\":18316},{\"edgeSelection\":\"3to6\",\"edgeRTMS\":20438},{\"edgeSelection\":\"6to8\",\"edgeRTMS\":30391}]","seed":" 21083760","task":"experiment","subjectId":"cymnddw7k7370tu","trial_type":"external-html","trial_index":10,"time_elapsed":625450,"internal_node_id":"0.0-9.0-0.2"},{"rt":50910,"url":"../static/nodeGraphs.html","edge":"5to9","edgeRT":"48618","flipped":"TRUE","correct_edge":"6to9","index":"26","edgeClickLog":"[{\"edgeSelection\":\"0to1\",\"edgeRTMS\":37437},{\"edgeSelection\":\"1to5\",\"edgeRTMS\":46509},{\"edgeSelection\":\"5to9\",\"edgeRTMS\":48618}]","seed":" 13523788","task":"experiment","subjectId":"cymnddw7k7370tu","trial_type":"external-html","trial_index":11,"time_elapsed":676964,"internal_node_id":"0.0-9.0-0.3"},{"rt":52003,"url":"../static/nodeGraphs.html","edge":"6to8","edgeRT":"48982","flipped":"TRUE","correct_edge":"6to8","index":"21","edgeClickLog":"[{\"edgeSelection\":\"0to2\",\"edgeRTMS\":43203},{\"edgeSelection\":\"2to6\",\"edgeRTMS\":46723},{\"edgeSelection\":\"6to8\",\"edgeRTMS\":48982}]","seed":" 32816305","task":"experiment","subjectId":"cymnddw7k7370tu","trial_type":"external-html","trial_index":12,"time_elapsed":729574,"internal_node_id":"0.0-9.0-0.4"},{"rt":24632,"url":"../static/nodeGraphs.html","edge":"5to8","edgeRT":"18650","flipped":"TRUE","correct_edge":"0to2","index":"27","edgeClickLog":"[{\"edgeSelection\":\"0to2\",\"edgeRTMS\":14573},{\"edgeSelection\":\"2to5\",\"edgeRTMS\":16215},{\"edgeSelection\":\"5to8\",\"edgeRTMS\":18650}]","seed":" 85614324","task":"experiment","subjectId":"cymnddw7k7370tu","trial_type":"external-html","trial_index":13,"time_elapsed":754809,"internal_node_id":"0.0-9.0-0.5"},{"rt":18528,"url":"../static/nodeGraphs.html","edge":"5to8","edgeRT":"17132","flipped":"FALSE","correct_edge":"3to5","index":"18","edgeClickLog":"[{\"edgeSelection\":\"0to2\",\"edgeRTMS\":14030},{\"edgeSelection\":\"2to5\",\"edgeRTMS\":15685},{\"edgeSelection\":\"5to8\",\"edgeRTMS\":17026},{\"edgeSelection\":\"5to8\",\"edgeRTMS\":17132}]","seed":" 22181670","task":"experiment","subjectId":"cymnddw7k7370tu","trial_type":"external-html","trial_index":14,"time_elapsed":773941,"internal_node_id":"0.0-9.0-0.6"},{"rt":25859,"url":"../static/nodeGraphs.html","edge":"4to8","edgeRT":"23823","flipped":"FALSE","correct_edge":"0to2","index":"10","edgeClickLog":"[{\"edgeSelection\":\"0to1\",\"edgeRTMS\":17964},{\"edgeSelection\":\"1to4\",\"edgeRTMS\":19798},{\"edgeSelection\":\"1to4\",\"edgeRTMS\":21718},{\"edgeSelection\":\"4to8\",\"edgeRTMS\":23823}]","seed":" 39688702","task":"experiment","subjectId":"cymnddw7k7370tu","trial_type":"external-html","trial_index":15,"time_elapsed":800406,"internal_node_id":"0.0-9.0-0.7"},{"rt":28833,"url":"../static/nodeGraphs.html","edge":"6to9","edgeRT":"26937","flipped":"FALSE","correct_edge":"0to3","index":"12","edgeClickLog":"[{\"edgeSelection\":\"0to3\",\"edgeRTMS\":17207},{\"edgeSelection\":\"3to6\",\"edgeRTMS\":25470},{\"edgeSelection\":\"6to9\",\"edgeRTMS\":26937}]","seed":" 36895371","task":"experiment","subjectId":"cymnddw7k7370tu","trial_type":"external-html","trial_index":16,"time_elapsed":829843,"internal_node_id":"0.0-9.0-0.8"},{"rt":48319,"url":"../static/nodeGraphs.html","edge":"4to8","edgeRT":"45885","flipped":"FALSE","correct_edge":"2to4","index":"5","edgeClickLog":"[{\"edgeSelection\":\"0to2\",\"edgeRTMS\":37555},{\"edgeSelection\":\"2to4\",\"edgeRTMS\":40821},{\"edgeSelection\":\"4to8\",\"edgeRTMS\":43204},{\"edgeSelection\":\"4to8\",\"edgeRTMS\":45524},{\"edgeSelection\":\"4to8\",\"edgeRTMS\":45885}]","seed":" 10409262","task":"experiment","subjectId":"cymnddw7k7370tu","trial_type":"external-html","trial_index":17,"time_elapsed":878768,"internal_node_id":"0.0-9.0-0.9"},{"rt":27824,"url":"../static/nodeGraphs.html","edge":"6to9","edgeRT":"22712","flipped":"FALSE","correct_edge":"0to2","index":"13","edgeClickLog":"[{\"edgeSelection\":\"0to2\",\"edgeRTMS\":18592},{\"edgeSelection\":\"2to6\",\"edgeRTMS\":20752},{\"edgeSelection\":\"6to9\",\"edgeRTMS\":22712}]","seed":" 49587019","task":"experiment","subjectId":"cymnddw7k7370tu","trial_type":"external-html","trial_index":18,"time_elapsed":907201,"internal_node_id":"0.0-9.0-0.10"},{"rt":20358,"url":"../static/nodeGraphs.html","edge":"4to7","edgeRT":"17502","flipped":"TRUE","correct_edge":"2to4","index":"35","edgeClickLog":"[{\"edgeSelection\":\"0to1\",\"edgeRTMS\":10671},{\"edgeSelection\":\"0to1\",\"edgeRTMS\":12100},{\"edgeSelection\":\"1to4\",\"edgeRTMS\":14044},{\"edgeSelection\":\"1to4\",\"edgeRTMS\":14151},{\"edgeSelection\":\"4to7\",\"edgeRTMS\":17502}]","seed":" 53220770","task":"experiment","subjectId":"cymnddw7k7370tu","trial_type":"external-html","trial_index":19,"time_elapsed":928164,"internal_node_id":"0.0-9.0-0.11"},{"rt":25401,"url":"../static/nodeGraphs.html","edge":"6to8","edgeRT":"23101","flipped":"FALSE","correct_edge":"0to3","index":"9","edgeClickLog":"[{\"edgeSelection\":\"0to3\",\"edgeRTMS\":17413},{\"edgeSelection\":\"0to3\",\"edgeRTMS\":18394},{\"edgeSelection\":\"3to6\",\"edgeRTMS\":20338},{\"edgeSelection\":\"6to8\",\"edgeRTMS\":23101}]","seed":" 61187187","task":"experiment","subjectId":"cymnddw7k7370tu","trial_type":"external-html","trial_index":20,"time_elapsed":954169,"internal_node_id":"0.0-9.0-0.12"},{"rt":23549,"url":"../static/nodeGraphs.html","edge":"6to9","edgeRT":"20909","flipped":"TRUE","correct_edge":"0to2","index":"28","edgeClickLog":"[{\"edgeSelection\":\"0to2\",\"edgeRTMS\":13944},{\"edgeSelection\":\"2to6\",\"edgeRTMS\":16618},{\"edgeSelection\":\"6to9\",\"edgeRTMS\":20909}]","seed":" 8396978","task":"experiment","subjectId":"cymnddw7k7370tu","trial_type":"external-html","trial_index":21,"time_elapsed":978325,"internal_node_id":"0.0-9.0-0.13"},{"rt":16290,"url":"../static/nodeGraphs.html","edge":"5to8","edgeRT":"14491","flipped":"FALSE","correct_edge":"0to2","index":"17","edgeClickLog":"[{\"edgeSelection\":\"0to2\",\"edgeRTMS\":8976},{\"edgeSelection\":\"2to5\",\"edgeRTMS\":10701},{\"edgeSelection\":\"2to5\",\"edgeRTMS\":11734},{\"edgeSelection\":\"5to8\",\"edgeRTMS\":14491}]","seed":" 21211189","task":"experiment","subjectId":"cymnddw7k7370tu","trial_type":"external-html","trial_index":22,"time_elapsed":995215,"internal_node_id":"0.0-9.0-0.14"},{"rt":26131,"url":"../static/nodeGraphs.html","edge":"5to7","edgeRT":"23106","flipped":"TRUE","correct_edge":"5to7","index":"36","edgeClickLog":"[{\"edgeSelection\":\"0to3\",\"edgeRTMS\":17425},{\"edgeSelection\":\"3to5\",\"edgeRTMS\":19394},{\"edgeSelection\":\"5to7\",\"edgeRTMS\":23106}]","seed":" 5655743","task":"experiment","subjectId":"cymnddw7k7370tu","trial_type":"external-html","trial_index":23,"time_elapsed":1021954,"internal_node_id":"0.0-9.0-0.15"},{"rt":21488,"url":"../static/nodeGraphs.html","edge":"4to7","edgeRT":"19730","flipped":"FALSE","correct_edge":"0to2","index":"11","edgeClickLog":"[{\"edgeSelection\":\"0to2\",\"edgeRTMS\":7500},{\"edgeSelection\":\"2to4\",\"edgeRTMS\":14362},{\"edgeSelection\":\"4to7\",\"edgeRTMS\":17710},{\"edgeSelection\":\"4to7\",\"edgeRTMS\":18406},{\"edgeSelection\":\"4to7\",\"edgeRTMS\":19730}]","seed":" 63833578","task":"experiment","subjectId":"cymnddw7k7370tu","trial_type":"external-html","trial_index":24,"time_elapsed":1044048,"internal_node_id":"0.0-9.0-0.16"},{"rt":37395,"url":"../static/nodeGraphs.html","edge":"6to9","edgeRT":"35873","flipped":"TRUE","correct_edge":"2to6","index":"25","edgeClickLog":"[{\"edgeSelection\":\"0to2\",\"edgeRTMS\":31211},{\"edgeSelection\":\"2to6\",\"edgeRTMS\":33481},{\"edgeSelection\":\"6to9\",\"edgeRTMS\":35873}]","seed":" 10409262","task":"experiment","subjectId":"cymnddw7k7370tu","trial_type":"external-html","trial_index":25,"time_elapsed":1082049,"internal_node_id":"0.0-9.0-0.17"},{"rt":21949,"url":"../static/nodeGraphs.html","edge":"4to8","edgeRT":"19161","flipped":"FALSE","correct_edge":"5to8","index":"3","edgeClickLog":"[{\"edgeSelection\":\"0to1\",\"edgeRTMS\":12836},{\"edgeSelection\":\"1to4\",\"edgeRTMS\":16811},{\"edgeSelection\":\"4to8\",\"edgeRTMS\":19161}]","seed":" 46003743","task":"experiment","subjectId":"cymnddw7k7370tu","trial_type":"external-html","trial_index":26,"time_elapsed":1104600,"internal_node_id":"0.0-9.0-0.18"},{"rt":16341,"url":"../static/nodeGraphs.html","edge":"5to8","edgeRT":"13662","flipped":"TRUE","correct_edge":"1to5","index":"38","edgeClickLog":"[{\"edgeSelection\":\"0to2\",\"edgeRTMS\":6756},{\"edgeSelection\":\"0to2\",\"edgeRTMS\":8415},{\"edgeSelection\":\"2to5\",\"edgeRTMS\":10784},{\"edgeSelection\":\"5to8\",\"edgeRTMS\":13662}]","seed":" 22181670","task":"experiment","subjectId":"cymnddw7k7370tu","trial_type":"external-html","trial_index":27,"time_elapsed":1121565,"internal_node_id":"0.0-9.0-0.19"},{"rt":23549,"url":"../static/nodeGraphs.html","edge":"4to7","edgeRT":"20984","flipped":"TRUE","correct_edge":"0to2","index":"33","edgeClickLog":"[{\"edgeSelection\":\"0to2\",\"edgeRTMS\":12287},{\"edgeSelection\":\"2to4\",\"edgeRTMS\":14101},{\"edgeSelection\":\"4to7\",\"edgeRTMS\":20984}]","seed":" 49587019","task":"experiment","subjectId":"cymnddw7k7370tu","trial_type":"external-html","trial_index":28,"time_elapsed":1145719,"internal_node_id":"0.0-9.0-0.20"},{"rt":20921,"url":"../static/nodeGraphs.html","edge":"4to7","edgeRT":"19554","flipped":"FALSE","correct_edge":"0to1","index":"0","edgeClickLog":"[{\"edgeSelection\":\"0to1\",\"edgeRTMS\":15946},{\"edgeSelection\":\"1to4\",\"edgeRTMS\":18085},{\"edgeSelection\":\"4to7\",\"edgeRTMS\":19554}]","seed":" 21745736","task":"experiment","subjectId":"cymnddw7k7370tu","trial_type":"external-html","trial_index":29,"time_elapsed":1167240,"internal_node_id":"0.0-9.0-0.21"},{"rt":21938,"url":"../static/nodeGraphs.html","edge":"5to9","edgeRT":"19894","flipped":"FALSE","correct_edge":"5to9","index":"16","edgeClickLog":"[{\"edgeSelection\":\"0to3\",\"edgeRTMS\":14045},{\"edgeSelection\":\"3to5\",\"edgeRTMS\":16582},{\"edgeSelection\":\"5to9\",\"edgeRTMS\":19799},{\"edgeSelection\":\"5to9\",\"edgeRTMS\":19894}]","seed":" 5655743","task":"experiment","subjectId":"cymnddw7k7370tu","trial_type":"external-html","trial_index":30,"time_elapsed":1189778,"internal_node_id":"0.0-9.0-0.22"},{"rt":14952,"url":"../static/nodeGraphs.html","edge":"6to9","edgeRT":"13237","flipped":"TRUE","correct_edge":"0to2","index":"31","edgeClickLog":"[{\"edgeSelection\":\"0to2\",\"edgeRTMS\":7712},{\"edgeSelection\":\"2to6\",\"edgeRTMS\":9666},{\"edgeSelection\":\"6to9\",\"edgeRTMS\":13237}]","seed":" 63833578","task":"experiment","subjectId":"cymnddw7k7370tu","trial_type":"external-html","trial_index":31,"time_elapsed":1205344,"internal_node_id":"0.0-9.0-0.23"},{"rt":15065,"url":"../static/nodeGraphs.html","edge":"6to9","edgeRT":"13353","flipped":"TRUE","correct_edge":"0to3","index":"20","edgeClickLog":"[{\"edgeSelection\":\"0to3\",\"edgeRTMS\":9976},{\"edgeSelection\":\"3to6\",\"edgeRTMS\":11448},{\"edgeSelection\":\"3to6\",\"edgeRTMS\":11552},{\"edgeSelection\":\"6to9\",\"edgeRTMS\":13353}]","seed":" 21745736","task":"experiment","subjectId":"cymnddw7k7370tu","trial_type":"external-html","trial_index":32,"time_elapsed":1221012,"internal_node_id":"0.0-9.0-0.24"},{"rt":19334,"url":"../static/nodeGraphs.html","edge":"4to7","edgeRT":"12366","flipped":"TRUE","correct_edge":"0to1","index":"32","edgeClickLog":"[{\"edgeSelection\":\"0to1\",\"edgeRTMS\":8465},{\"edgeSelection\":\"0to1\",\"edgeRTMS\":8568},{\"edgeSelection\":\"1to4\",\"edgeRTMS\":10720},{\"edgeSelection\":\"4to7\",\"edgeRTMS\":12366}]","seed":" 36895371","task":"experiment","subjectId":"cymnddw7k7370tu","trial_type":"external-html","trial_index":33,"time_elapsed":1240948,"internal_node_id":"0.0-9.0-0.25"},{"rt":13172,"url":"../static/nodeGraphs.html","edge":"6to8","edgeRT":"11778","flipped":"TRUE","correct_edge":"3to6","index":"22","edgeClickLog":"[{\"edgeSelection\":\"0to3\",\"edgeRTMS\":7780},{\"edgeSelection\":\"0to3\",\"edgeRTMS\":7905},{\"edgeSelection\":\"3to6\",\"edgeRTMS\":9586},{\"edgeSelection\":\"6to8\",\"edgeRTMS\":11778}]","seed":" 22809663","task":"experiment","subjectId":"cymnddw7k7370tu","trial_type":"external-html","trial_index":34,"time_elapsed":1254721,"internal_node_id":"0.0-9.0-0.26"},{"rt":30782,"url":"../static/nodeGraphs.html","edge":"4to8","edgeRT":"27981","flipped":"FALSE","correct_edge":"4to8","index":"1","edgeClickLog":"[{\"edgeSelection\":\"0to2\",\"edgeRTMS\":22554},{\"edgeSelection\":\"2to4\",\"edgeRTMS\":24952},{\"edgeSelection\":\"4to8\",\"edgeRTMS\":27981}]","seed":" 32816305","task":"experiment","subjectId":"cymnddw7k7370tu","trial_type":"external-html","trial_index":35,"time_elapsed":1286111,"internal_node_id":"0.0-9.0-0.27"},{"rt":20885,"url":"../static/nodeGraphs.html","edge":"5to8","edgeRT":"19297","flipped":"FALSE","correct_edge":"0to2","index":"7","edgeClickLog":"[{\"edgeSelection\":\"0to2\",\"edgeRTMS\":10992},{\"edgeSelection\":\"2to5\",\"edgeRTMS\":14735},{\"edgeSelection\":\"2to5\",\"edgeRTMS\":15890},{\"edgeSelection\":\"5to8\",\"edgeRTMS\":18080},{\"edgeSelection\":\"5to8\",\"edgeRTMS\":19297}]","seed":" 85614324","task":"experiment","subjectId":"cymnddw7k7370tu","trial_type":"external-html","trial_index":36,"time_elapsed":1307601,"internal_node_id":"0.0-9.0-0.28"},{"rt":18798,"url":"../static/nodeGraphs.html","edge":"4to8","edgeRT":"16848","flipped":"FALSE","correct_edge":"0to2","index":"8","edgeClickLog":"[{\"edgeSelection\":\"0to2\",\"edgeRTMS\":10799},{\"edgeSelection\":\"2to4\",\"edgeRTMS\":12645},{\"edgeSelection\":\"4to8\",\"edgeRTMS\":16848}]","seed":" 8396978","task":"experiment","subjectId":"cymnddw7k7370tu","trial_type":"external-html","trial_index":37,"time_elapsed":1327003,"internal_node_id":"0.0-9.0-0.29"},{"rt":12924,"url":"../static/nodeGraphs.html","edge":"4to8","edgeRT":"10914","flipped":"FALSE","correct_edge":"1to4","index":"2","edgeClickLog":"[{\"edgeSelection\":\"0to1\",\"edgeRTMS\":7246},{\"edgeSelection\":\"1to4\",\"edgeRTMS\":8963},{\"edgeSelection\":\"4to8\",\"edgeRTMS\":10914}]","seed":" 22809663","task":"experiment","subjectId":"cymnddw7k7370tu","trial_type":"external-html","trial_index":38,"time_elapsed":1340572,"internal_node_id":"0.0-9.0-0.30"},{"rt":38055,"url":"../static/nodeGraphs.html","edge":"5to7","edgeRT":"35612","flipped":"FALSE","correct_edge":"4to7","index":"6","edgeClickLog":"[{\"edgeSelection\":\"0to3\",\"edgeRTMS\":30057},{\"edgeSelection\":\"3to5\",\"edgeRTMS\":31849},{\"edgeSelection\":\"5to7\",\"edgeRTMS\":34535},{\"edgeSelection\":\"5to7\",\"edgeRTMS\":35612}]","seed":" 13523788","task":"experiment","subjectId":"cymnddw7k7370tu","trial_type":"external-html","trial_index":39,"time_elapsed":1379243,"internal_node_id":"0.0-9.0-0.31"},{"rt":12829,"url":"../static/nodeGraphs.html","edge":"5to8","edgeRT":"10361","flipped":"TRUE","correct_edge":"0to2","index":"37","edgeClickLog":"[{\"edgeSelection\":\"0to2\",\"edgeRTMS\":7485},{\"edgeSelection\":\"2to5\",\"edgeRTMS\":8914},{\"edgeSelection\":\"5to8\",\"edgeRTMS\":10361}]","seed":" 21211189","task":"experiment","subjectId":"cymnddw7k7370tu","trial_type":"external-html","trial_index":40,"time_elapsed":1392688,"internal_node_id":"0.0-9.0-0.32"},{"rt":14770,"url":"../static/nodeGraphs.html","edge":"6to9","edgeRT":"12797","flipped":"TRUE","correct_edge":"2to6","index":"24","edgeClickLog":"[{\"edgeSelection\":\"0to2\",\"edgeRTMS\":7529},{\"edgeSelection\":\"2to6\",\"edgeRTMS\":9913},{\"edgeSelection\":\"6to9\",\"edgeRTMS\":12797}]","seed":" 36501291","task":"experiment","subjectId":"cymnddw7k7370tu","trial_type":"external-html","trial_index":41,"time_elapsed":1408062,"internal_node_id":"0.0-9.0-0.33"},{"rt":39124,"url":"../static/nodeGraphs.html","edge":"4to8","edgeRT":"37253","flipped":"FALSE","correct_edge":"2to4","index":"4","edgeClickLog":"[{\"edgeSelection\":\"0to2\",\"edgeRTMS\":27163},{\"edgeSelection\":\"2to4\",\"edgeRTMS\":29569},{\"edgeSelection\":\"4to8\",\"edgeRTMS\":35812},{\"edgeSelection\":\"4to8\",\"edgeRTMS\":37253}]","seed":" 36501291","task":"experiment","subjectId":"cymnddw7k7370tu","trial_type":"external-html","trial_index":42,"time_elapsed":1447785,"internal_node_id":"0.0-9.0-0.34"},{"rt":17173,"url":"../static/nodeGraphs.html","edge":"4to8","edgeRT":"15500","flipped":"TRUE","correct_edge":"0to2","index":"30","edgeClickLog":"[{\"edgeSelection\":\"0to2\",\"edgeRTMS\":9718},{\"edgeSelection\":\"2to4\",\"edgeRTMS\":11553},{\"edgeSelection\":\"4to8\",\"edgeRTMS\":15500}]","seed":" 39688702","task":"experiment","subjectId":"cymnddw7k7370tu","trial_type":"external-html","trial_index":43,"time_elapsed":1465658,"internal_node_id":"0.0-9.0-0.35"},{"rt":19809,"url":"../static/nodeGraphs.html","edge":"6to8","edgeRT":"18082","flipped":"TRUE","correct_edge":"5to8","index":"23","edgeClickLog":"[{\"edgeSelection\":\"0to3\",\"edgeRTMS\":12006},{\"edgeSelection\":\"3to6\",\"edgeRTMS\":14044},{\"edgeSelection\":\"6to8\",\"edgeRTMS\":18082}]","seed":" 46003743","task":"experiment","subjectId":"cymnddw7k7370tu","trial_type":"external-html","trial_index":44,"time_elapsed":1486156,"internal_node_id":"0.0-9.0-0.36"},{"rt":26701,"url":"../static/nodeGraphs.html","edge":"6to9","edgeRT":"24106","flipped":"FALSE","correct_edge":"2to6","index":"15","edgeClickLog":"[{\"edgeSelection\":\"0to3\",\"edgeRTMS\":20737},{\"edgeSelection\":\"3to6\",\"edgeRTMS\":22429},{\"edgeSelection\":\"6to9\",\"edgeRTMS\":24106}]","seed":" 53220770","task":"experiment","subjectId":"cymnddw7k7370tu","trial_type":"external-html","trial_index":45,"time_elapsed":1513471,"internal_node_id":"0.0-9.0-0.37"},{"rt":32865,"url":"../static/nodeGraphs.html","edge":"4to8","edgeRT":"30922","flipped":"TRUE","correct_edge":"0to1","index":"29","edgeClickLog":"[{\"edgeSelection\":\"0to1\",\"edgeRTMS\":26031},{\"edgeSelection\":\"1to4\",\"edgeRTMS\":28151},{\"edgeSelection\":\"4to8\",\"edgeRTMS\":30043},{\"edgeSelection\":\"4to8\",\"edgeRTMS\":30922}]","seed":" 61187187","task":"experiment","subjectId":"cymnddw7k7370tu","trial_type":"external-html","trial_index":46,"time_elapsed":1546944,"internal_node_id":"0.0-9.0-0.38"},{"rt":15365,"url":"../static/nodeGraphs.html","edge":"4to7","edgeRT":"13406","flipped":"FALSE","correct_edge":"0to1","index":"19","edgeClickLog":"[{\"edgeSelection\":\"0to1\",\"edgeRTMS\":9849},{\"edgeSelection\":\"1to4\",\"edgeRTMS\":11769},{\"edgeSelection\":\"4to7\",\"edgeRTMS\":13406}]","seed":" 37422119","task":"experiment","subjectId":"cymnddw7k7370tu","trial_type":"external-html","trial_index":47,"time_elapsed":1562913,"internal_node_id":"0.0-9.0-0.39"},{"rt":161930,"response":{"P0_Q0":null,"P0_Q1":5,"P0_Q2":6,"P0_Q3":6,"P0_Q4":6,"P0_Q5":1,"strategies":"Moving from the top down, find the largest number on each level and navigate a path to the next level down that leads to the best total score for all three levels.","feedback":"It would have been nice to leave the solid orange path in place on each level, so the teacher could see their completed path."},"accuracy":[],"trial_type":"survey","trial_index":48,"time_elapsed":1725528,"internal_node_id":"0.0-10.0"},{"rt":7528,"stimulus":"<p>Thanks for your time!</p>        <p>We need to manually calculate your bonus pay, please give us up to 7 days.</p><p>Press any key to conclude.</p>","response":" ","task":"end","subjectId":"cymnddw7k7370tu","trial_type":"html-keyboard-response","trial_index":49,"time_elapsed":1733062,"internal_node_id":"0.0-11.0","interactions":"[{\"event\":\"fullscreenenter\",\"trial\":1,\"time\":5288},{\"event\":\"blur\",\"trial\":42,\"time\":1434648},{\"event\":\"fullscreenexit\",\"trial\":42,\"time\":1434694},{\"event\":\"focus\",\"trial\":42,\"time\":1435722}]"}]