[{"success":true,"timeout":false,"failed_images":[],"failed_audio":[],"failed_video":[],"trial_type":"preload","trial_index":0,"time_elapsed":690,"internal_node_id":"0.0-0.0"},{"success":true,"trial_type":"fullscreen","trial_index":1,"time_elapsed":74114,"internal_node_id":"0.0-1.0"},{"rt":1515,"stimulus":"Welcome to the experiment. Press any key to begin.","response":" ","trial_type":"html-keyboard-response","trial_index":2,"time_elapsed":75631,"internal_node_id":"0.0-2.0"},{"view_history":[{"page_index":0,"viewing_time":1527},{"page_index":1,"viewing_time":4635},{"page_index":2,"viewing_time":26930},{"page_index":3,"viewing_time":2540},{"page_index":4,"viewing_time":1119},{"page_index":5,"viewing_time":482},{"page_index":6,"viewing_time":4218},{"page_index":7,"viewing_time":5763},{"page_index":8,"viewing_time":11331},{"page_index":9,"viewing_time":11141},{"page_index":10,"viewing_time":1601},{"page_index":11,"viewing_time":1322},{"page_index":12,"viewing_time":460},{"page_index":13,"viewing_time":1478},{"page_index":14,"viewing_time":1778},{"page_index":15,"viewing_time":2957},{"page_index":16,"viewing_time":2947},{"page_index":17,"viewing_time":526},{"page_index":18,"viewing_time":439},{"page_index":19,"viewing_time":2175},{"page_index":20,"viewing_time":2589},{"page_index":21,"viewing_time":2898}],"rt":90857,"trial_type":"instructions","trial_index":3,"time_elapsed":166488,"internal_node_id":"0.0-3.0"},{"rt":61479,"url":"../static/nodeGraphsTraining.html","edgeClickLog":[],"trial_type":"external-html","trial_index":4,"time_elapsed":228098,"internal_node_id":"0.0-4.0"},{"rt":20366,"response":{"q1":"The goal is to help the student to get the most points","q2":"False","q3":"Possible paths the student can take.","q4":"Paths that the student took before."},"question_order":[0,1,2,3],"trial_type":"survey-multi-choice","trial_index":5,"time_elapsed":248466,"internal_node_id":"0.0-5.0"},{"rt":null,"stimulus":"<p>You can take a 60 second break before starting the experiment.</p><br><br><p>This page will advance in 60 seconds or you can press any key to advance now.</p>","response":null,"trial_type":"html-keyboard-response","trial_index":6,"time_elapsed":308471,"internal_node_id":"0.0-7.0"},{"view_history":[{"page_index":0,"viewing_time":8503}],"rt":8503,"trial_type":"instructions","trial_index":7,"time_elapsed":316975,"internal_node_id":"0.0-8.0"},{"rt":18368,"url":"../static/nodeGraphs.html","edge":"0to2","edgeRT":"14005","flipped":"FALSE","correct_edge":"0to2","index":"17","edgeClickLog":"[{\"edgeSelection\":\"0to2\",\"edgeRTMS\":11812},{\"edgeSelection\":\"2to5\",\"edgeRTMS\":12951},{\"edgeSelection\":\"0to2\",\"edgeRTMS\":14005}]","seed":" 21211189","task":"experiment","subjectId":"nb4rwgyvdjpzl01","trial_type":"external-html","trial_index":8,"time_elapsed":335429,"internal_node_id":"0.0-9.0-0.0"},{"rt":10393,"url":"../static/nodeGraphs.html","edge":"0to2","edgeRT":"9187","flipped":"TRUE","correct_edge":"0to2","index":"31","edgeClickLog":"[{\"edgeSelection\":\"0to2\",\"edgeRTMS\":9187}]","seed":" 63833578","task":"experiment","subjectId":"nb4rwgyvdjpzl01","trial_type":"external-html","trial_index":9,"time_elapsed":346429,"internal_node_id":"0.0-9.0-0.1"},{"rt":21956,"url":"../static/nodeGraphs.html","edge":"0to2","edgeRT":"20529","flipped":"FALSE","correct_edge":"0to2","index":"13","edgeClickLog":"[{\"edgeSelection\":\"0to2\",\"edgeRTMS\":20529}]","seed":" 49587019","task":"experiment","subjectId":"nb4rwgyvdjpzl01","trial_type":"external-html","trial_index":10,"time_elapsed":368979,"internal_node_id":"0.0-9.0-0.2"},{"rt":12854,"url":"../static/nodeGraphs.html","edge":"0to2","edgeRT":"11865","flipped":"FALSE","correct_edge":"0to2","index":"14","edgeClickLog":"[{\"edgeSelection\":\"0to2\",\"edgeRTMS\":11865}]","seed":" 21083760","task":"experiment","subjectId":"nb4rwgyvdjpzl01","trial_type":"external-html","trial_index":11,"time_elapsed":382424,"internal_node_id":"0.0-9.0-0.3"},{"rt":18524,"url":"../static/nodeGraphs.html","edge":"0to2","edgeRT":"16578","flipped":"FALSE","correct_edge":"0to2","index":"7","edgeClickLog":"[{\"edgeSelection\":\"0to2\",\"edgeRTMS\":16578}]","seed":" 85614324","task":"experiment","subjectId":"nb4rwgyvdjpzl01","trial_type":"external-html","trial_index":12,"time_elapsed":401532,"internal_node_id":"0.0-9.0-0.4"},{"rt":51161,"url":"../static/nodeGraphs.html","edge":"4to8","edgeRT":"10778","flipped":"FALSE","correct_edge":"4to8","index":"1","edgeClickLog":"[{\"edgeSelection\":\"4to8\",\"edgeRTMS\":10778}]","seed":" 32816305","task":"experiment","subjectId":"nb4rwgyvdjpzl01","trial_type":"external-html","trial_index":13,"time_elapsed":453276,"internal_node_id":"0.0-9.0-0.5"},{"rt":6651,"url":"../static/nodeGraphs.html","edge":"0to3","edgeRT":"5086","flipped":"TRUE","correct_edge":"0to3","index":"39","edgeClickLog":"[{\"edgeSelection\":\"0to3\",\"edgeRTMS\":5086}]","seed":" 37422119","task":"experiment","subjectId":"nb4rwgyvdjpzl01","trial_type":"external-html","trial_index":14,"time_elapsed":460524,"internal_node_id":"0.0-9.0-0.6"},{"rt":4692,"url":"../static/nodeGraphs.html","edge":"0to3","edgeRT":"3611","flipped":"FALSE","correct_edge":"4to7","index":"6","edgeClickLog":"[{\"edgeSelection\":\"0to3\",\"edgeRTMS\":3611}]","seed":" 13523788","task":"experiment","subjectId":"nb4rwgyvdjpzl01","trial_type":"external-html","trial_index":15,"time_elapsed":465810,"internal_node_id":"0.0-9.0-0.7"},{"rt":3392,"url":"../static/nodeGraphs.html","edge":"0to2","edgeRT":"2479","flipped":"TRUE","correct_edge":"0to2","index":"37","edgeClickLog":"[{\"edgeSelection\":\"0to2\",\"edgeRTMS\":2479}]","seed":" 21211189","task":"experiment","subjectId":"nb4rwgyvdjpzl01","trial_type":"external-html","trial_index":16,"time_elapsed":469804,"internal_node_id":"0.0-9.0-0.8"},{"rt":6275,"url":"../static/nodeGraphs.html","edge":"0to1","edgeRT":"4266","flipped":"TRUE","correct_edge":"0to1","index":"29","edgeClickLog":"[{\"edgeSelection\":\"0to1\",\"edgeRTMS\":4266}]","seed":" 61187187","task":"experiment","subjectId":"nb4rwgyvdjpzl01","trial_type":"external-html","trial_index":17,"time_elapsed":476665,"internal_node_id":"0.0-9.0-0.9"},{"rt":6289,"url":"../static/nodeGraphs.html","edge":"0to3","edgeRT":"2022","flipped":"FALSE","correct_edge":"0to3","index":"12","edgeClickLog":"[{\"edgeSelection\":\"0to3\",\"edgeRTMS\":2022}]","seed":" 36895371","task":"experiment","subjectId":"nb4rwgyvdjpzl01","trial_type":"external-html","trial_index":18,"time_elapsed":483543,"internal_node_id":"0.0-9.0-0.10"},{"rt":8798,"url":"../static/nodeGraphs.html","edge":"5to8","edgeRT":"7373","flipped":"FALSE","correct_edge":"5to8","index":"3","edgeClickLog":"[{\"edgeSelection\":\"5to8\",\"edgeRTMS\":7373}]","seed":" 46003743","task":"experiment","subjectId":"nb4rwgyvdjpzl01","trial_type":"external-html","trial_index":19,"time_elapsed":492938,"internal_node_id":"0.0-9.0-0.11"},{"rt":4928,"url":"../static/nodeGraphs.html","edge":"1to4","edgeRT":"2306","flipped":"FALSE","correct_edge":"1to4","index":"2","edgeClickLog":"[{\"edgeSelection\":\"1to4\",\"edgeRTMS\":2306}]","seed":" 22809663","task":"experiment","subjectId":"nb4rwgyvdjpzl01","trial_type":"external-html","trial_index":20,"time_elapsed":498462,"internal_node_id":"0.0-9.0-0.12"},{"rt":6232,"url":"../static/nodeGraphs.html","edge":"0to2","edgeRT":"5201","flipped":"TRUE","correct_edge":"0to2","index":"33","edgeClickLog":"[{\"edgeSelection\":\"0to2\",\"edgeRTMS\":5201}]","seed":" 49587019","task":"experiment","subjectId":"nb4rwgyvdjpzl01","trial_type":"external-html","trial_index":21,"time_elapsed":505288,"internal_node_id":"0.0-9.0-0.13"},{"rt":5366,"url":"../static/nodeGraphs.html","edge":"5to8","edgeRT":"2567","flipped":"TRUE","correct_edge":"5to8","index":"23","edgeClickLog":"[{\"edgeSelection\":\"5to8\",\"edgeRTMS\":2567}]","seed":" 46003743","task":"experiment","subjectId":"nb4rwgyvdjpzl01","trial_type":"external-html","trial_index":22,"time_elapsed":511256,"internal_node_id":"0.0-9.0-0.14"},{"rt":5720,"url":"../static/nodeGraphs.html","edge":"0to2","edgeRT":"4220","flipped":"FALSE","correct_edge":"3to5","index":"18","edgeClickLog":"[{\"edgeSelection\":\"0to2\",\"edgeRTMS\":4220}]","seed":" 22181670","task":"experiment","subjectId":"nb4rwgyvdjpzl01","trial_type":"external-html","trial_index":23,"time_elapsed":517567,"internal_node_id":"0.0-9.0-0.15"},{"rt":10045,"url":"../static/nodeGraphs.html","edge":"0to1","edgeRT":"8427","flipped":"TRUE","correct_edge":"2to4","index":"35","edgeClickLog":"[{\"edgeSelection\":\"0to1\",\"edgeRTMS\":8427}]","seed":" 53220770","task":"experiment","subjectId":"nb4rwgyvdjpzl01","trial_type":"external-html","trial_index":24,"time_elapsed":528193,"internal_node_id":"0.0-9.0-0.16"},{"rt":236031,"url":"../static/nodeGraphs.html","edge":"0to1","edgeRT":"235149","flipped":"FALSE","correct_edge":"0to1","index":"0","edgeClickLog":"[{\"edgeSelection\":\"0to1\",\"edgeRTMS\":235149}]","seed":" 21745736","task":"experiment","subjectId":"nb4rwgyvdjpzl01","trial_type":"external-html","trial_index":25,"time_elapsed":764822,"internal_node_id":"0.0-9.0-0.17"},{"rt":6787,"url":"../static/nodeGraphs.html","edge":"0to2","edgeRT":"6004","flipped":"TRUE","correct_edge":"0to2","index":"28","edgeClickLog":"[{\"edgeSelection\":\"0to2\",\"edgeRTMS\":6004}]","seed":" 8396978","task":"experiment","subjectId":"nb4rwgyvdjpzl01","trial_type":"external-html","trial_index":26,"time_elapsed":772196,"internal_node_id":"0.0-9.0-0.18"},{"rt":6707,"url":"../static/nodeGraphs.html","edge":"1to5","edgeRT":"5375","flipped":"TRUE","correct_edge":"5to7","index":"36","edgeClickLog":"[{\"edgeSelection\":\"1to5\",\"edgeRTMS\":5375}]","seed":" 5655743","task":"experiment","subjectId":"nb4rwgyvdjpzl01","trial_type":"external-html","trial_index":27,"time_elapsed":779504,"internal_node_id":"0.0-9.0-0.19"},{"rt":3888,"url":"../static/nodeGraphs.html","edge":"0to2","edgeRT":"2250","flipped":"FALSE","correct_edge":"0to2","index":"11","edgeClickLog":"[{\"edgeSelection\":\"0to2\",\"edgeRTMS\":2250}]","seed":" 63833578","task":"experiment","subjectId":"nb4rwgyvdjpzl01","trial_type":"external-html","trial_index":28,"time_elapsed":783989,"internal_node_id":"0.0-9.0-0.20"},{"rt":8958,"url":"../static/nodeGraphs.html","edge":"6to8","edgeRT":"8089","flipped":"TRUE","correct_edge":"6to8","index":"21","edgeClickLog":"[{\"edgeSelection\":\"6to8\",\"edgeRTMS\":8089}]","seed":" 32816305","task":"experiment","subjectId":"nb4rwgyvdjpzl01","trial_type":"external-html","trial_index":29,"time_elapsed":793539,"internal_node_id":"0.0-9.0-0.21"},{"rt":7912,"url":"../static/nodeGraphs.html","edge":"0to3","edgeRT":"6816","flipped":"TRUE","correct_edge":"0to3","index":"20","edgeClickLog":"[{\"edgeSelection\":\"0to3\",\"edgeRTMS\":5707},{\"edgeSelection\":\"0to3\",\"edgeRTMS\":6816}]","seed":" 21745736","task":"experiment","subjectId":"nb4rwgyvdjpzl01","trial_type":"external-html","trial_index":30,"time_elapsed":802051,"internal_node_id":"0.0-9.0-0.22"},{"rt":6298,"url":"../static/nodeGraphs.html","edge":"0to3","edgeRT":"5388","flipped":"FALSE","correct_edge":"2to6","index":"15","edgeClickLog":"[{\"edgeSelection\":\"0to3\",\"edgeRTMS\":5388}]","seed":" 53220770","task":"experiment","subjectId":"nb4rwgyvdjpzl01","trial_type":"external-html","trial_index":31,"time_elapsed":808941,"internal_node_id":"0.0-9.0-0.23"},{"rt":7986,"url":"../static/nodeGraphs.html","edge":"0to3","edgeRT":"5801","flipped":"TRUE","correct_edge":"0to2","index":"30","edgeClickLog":"[{\"edgeSelection\":\"0to3\",\"edgeRTMS\":5801}]","seed":" 39688702","task":"experiment","subjectId":"nb4rwgyvdjpzl01","trial_type":"external-html","trial_index":32,"time_elapsed":817525,"internal_node_id":"0.0-9.0-0.24"},{"rt":11128,"url":"../static/nodeGraphs.html","edge":"0to2","edgeRT":"8916","flipped":"FALSE","correct_edge":"0to2","index":"10","edgeClickLog":"[{\"edgeSelection\":\"0to2\",\"edgeRTMS\":8916}]","seed":" 39688702","task":"experiment","subjectId":"nb4rwgyvdjpzl01","trial_type":"external-html","trial_index":33,"time_elapsed":829256,"internal_node_id":"0.0-9.0-0.25"},{"rt":3710,"url":"../static/nodeGraphs.html","edge":"0to2","edgeRT":"2138","flipped":"FALSE","correct_edge":"0to2","index":"8","edgeClickLog":"[{\"edgeSelection\":\"0to2\",\"edgeRTMS\":2138}]","seed":" 8396978","task":"experiment","subjectId":"nb4rwgyvdjpzl01","trial_type":"external-html","trial_index":34,"time_elapsed":833568,"internal_node_id":"0.0-9.0-0.26"},{"rt":3611,"url":"../static/nodeGraphs.html","edge":"0to3","edgeRT":"2432","flipped":"FALSE","correct_edge":"0to3","index":"9","edgeClickLog":"[{\"edgeSelection\":\"0to3\",\"edgeRTMS\":2432}]","seed":" 61187187","task":"experiment","subjectId":"nb4rwgyvdjpzl01","trial_type":"external-html","trial_index":35,"time_elapsed":837769,"internal_node_id":"0.0-9.0-0.27"},{"rt":11768,"url":"../static/nodeGraphs.html","edge":"2to4","edgeRT":"8160","flipped":"FALSE","correct_edge":"2to4","index":"5","edgeClickLog":"[{\"edgeSelection\":\"0to2\",\"edgeRTMS\":2066},{\"edgeSelection\":\"0to2\",\"edgeRTMS\":5823},{\"edgeSelection\":\"0to3\",\"edgeRTMS\":6457},{\"edgeSelection\":\"2to4\",\"edgeRTMS\":8160}]","seed":" 10409262","task":"experiment","subjectId":"nb4rwgyvdjpzl01","trial_type":"external-html","trial_index":36,"time_elapsed":850128,"internal_node_id":"0.0-9.0-0.28"},{"rt":5648,"url":"../static/nodeGraphs.html","edge":"0to3","edgeRT":"4000","flipped":"TRUE","correct_edge":"0to2","index":"34","edgeClickLog":"[{\"edgeSelection\":\"0to3\",\"edgeRTMS\":4000}]","seed":" 21083760","task":"experiment","subjectId":"nb4rwgyvdjpzl01","trial_type":"external-html","trial_index":37,"time_elapsed":856372,"internal_node_id":"0.0-9.0-0.29"},{"rt":70397,"url":"../static/nodeGraphs.html","edge":"0to1","edgeRT":"67936","flipped":"TRUE","correct_edge":"6to9","index":"26","edgeClickLog":"[{\"edgeSelection\":\"0to1\",\"edgeRTMS\":67936}]","seed":" 13523788","task":"experiment","subjectId":"nb4rwgyvdjpzl01","trial_type":"external-html","trial_index":38,"time_elapsed":927360,"internal_node_id":"0.0-9.0-0.30"},{"rt":8055,"url":"../static/nodeGraphs.html","edge":"0to1","edgeRT":"6356","flipped":"TRUE","correct_edge":"0to1","index":"32","edgeClickLog":"[{\"edgeSelection\":\"0to1\",\"edgeRTMS\":6356}]","seed":" 36895371","task":"experiment","subjectId":"nb4rwgyvdjpzl01","trial_type":"external-html","trial_index":39,"time_elapsed":936007,"internal_node_id":"0.0-9.0-0.31"},{"rt":3461,"url":"../static/nodeGraphs.html","edge":"2to6","edgeRT":"2454","flipped":"TRUE","correct_edge":"2to6","index":"25","edgeClickLog":"[{\"edgeSelection\":\"2to6\",\"edgeRTMS\":2454}]","seed":" 10409262","task":"experiment","subjectId":"nb4rwgyvdjpzl01","trial_type":"external-html","trial_index":40,"time_elapsed":940058,"internal_node_id":"0.0-9.0-0.32"},{"rt":2686,"url":"../static/nodeGraphs.html","edge":"2to6","edgeRT":"1681","flipped":"TRUE","correct_edge":"2to6","index":"24","edgeClickLog":"[{\"edgeSelection\":\"2to6\",\"edgeRTMS\":1681}]","seed":" 36501291","task":"experiment","subjectId":"nb4rwgyvdjpzl01","trial_type":"external-html","trial_index":41,"time_elapsed":943350,"internal_node_id":"0.0-9.0-0.33"},{"rt":2390,"url":"../static/nodeGraphs.html","edge":"0to2","edgeRT":"1273","flipped":"TRUE","correct_edge":"1to5","index":"38","edgeClickLog":"[{\"edgeSelection\":\"0to2\",\"edgeRTMS\":1273}]","seed":" 22181670","task":"experiment","subjectId":"nb4rwgyvdjpzl01","trial_type":"external-html","trial_index":42,"time_elapsed":946340,"internal_node_id":"0.0-9.0-0.34"},{"rt":4102,"url":"../static/nodeGraphs.html","edge":"0to1","edgeRT":"2473","flipped":"FALSE","correct_edge":"0to1","index":"19","edgeClickLog":"[{\"edgeSelection\":\"0to1\",\"edgeRTMS\":2473}]","seed":" 37422119","task":"experiment","subjectId":"nb4rwgyvdjpzl01","trial_type":"external-html","trial_index":43,"time_elapsed":951041,"internal_node_id":"0.0-9.0-0.35"},{"rt":3192,"url":"../static/nodeGraphs.html","edge":"2to4","edgeRT":"2071","flipped":"FALSE","correct_edge":"2to4","index":"4","edgeClickLog":"[{\"edgeSelection\":\"2to4\",\"edgeRTMS\":2071}]","seed":" 36501291","task":"experiment","subjectId":"nb4rwgyvdjpzl01","trial_type":"external-html","trial_index":44,"time_elapsed":954825,"internal_node_id":"0.0-9.0-0.36"},{"rt":2357,"url":"../static/nodeGraphs.html","edge":"3to6","edgeRT":"1410","flipped":"TRUE","correct_edge":"3to6","index":"22","edgeClickLog":"[{\"edgeSelection\":\"3to6\",\"edgeRTMS\":1410}]","seed":" 22809663","task":"experiment","subjectId":"nb4rwgyvdjpzl01","trial_type":"external-html","trial_index":45,"time_elapsed":957780,"internal_node_id":"0.0-9.0-0.37"},{"rt":3455,"url":"../static/nodeGraphs.html","edge":"3to5","edgeRT":"1279","flipped":"FALSE","correct_edge":"5to9","index":"16","edgeClickLog":"[{\"edgeSelection\":\"3to5\",\"edgeRTMS\":1279}]","seed":" 5655743","task":"experiment","subjectId":"nb4rwgyvdjpzl01","trial_type":"external-html","trial_index":46,"time_elapsed":961828,"internal_node_id":"0.0-9.0-0.38"},{"rt":4078,"url":"../static/nodeGraphs.html","edge":"0to2","edgeRT":"3144","flipped":"TRUE","correct_edge":"0to2","index":"27","edgeClickLog":"[{\"edgeSelection\":\"0to2\",\"edgeRTMS\":3144}]","seed":" 85614324","task":"experiment","subjectId":"nb4rwgyvdjpzl01","trial_type":"external-html","trial_index":47,"time_elapsed":966498,"internal_node_id":"0.0-9.0-0.39"},{"rt":51089,"response":{"P0_Q0":null,"P0_Q1":5,"P0_Q2":6,"P0_Q3":6,"P0_Q4":5,"P0_Q5":2,"strategies":"Find the max sum from each map, then choose the earliest unknown path along that route","feedback":"I enjoyed this one"},"accuracy":[],"trial_type":"survey","trial_index":48,"time_elapsed":1018158,"internal_node_id":"0.0-10.0"},{"rt":2601,"stimulus":"<p>Thanks for your time!</p>        <p>We need to manually calculate your bonus pay, please give us up to 7 days.</p><p>Press any key to conclude.</p>","response":" ","task":"end","subjectId":"nb4rwgyvdjpzl01","trial_type":"html-keyboard-response","trial_index":49,"time_elapsed":1020762,"internal_node_id":"0.0-11.0","interactions":"[{\"event\":\"fullscreenenter\",\"trial\":1,\"time\":73127}]"}]