[{"success":true,"timeout":false,"failed_images":[],"failed_audio":[],"failed_video":[],"trial_type":"preload","trial_index":0,"time_elapsed":1229,"internal_node_id":"0.0-0.0"},{"success":true,"trial_type":"fullscreen","trial_index":1,"time_elapsed":9042,"internal_node_id":"0.0-1.0"},{"rt":1495,"stimulus":"Welcome to the experiment. Press any key to begin.","response":" ","trial_type":"html-keyboard-response","trial_index":2,"time_elapsed":10538,"internal_node_id":"0.0-2.0"},{"view_history":[{"page_index":0,"viewing_time":2846},{"page_index":1,"viewing_time":3400},{"page_index":2,"viewing_time":22536},{"page_index":3,"viewing_time":4919},{"page_index":4,"viewing_time":833},{"page_index":5,"viewing_time":735},{"page_index":6,"viewing_time":1376},{"page_index":7,"viewing_time":5240},{"page_index":8,"viewing_time":12329},{"page_index":9,"viewing_time":9808},{"page_index":10,"viewing_time":1296},{"page_index":11,"viewing_time":440},{"page_index":12,"viewing_time":288},{"page_index":13,"viewing_time":1088},{"page_index":14,"viewing_time":1736},{"page_index":15,"viewing_time":3791},{"page_index":16,"viewing_time":1769},{"page_index":17,"viewing_time":416},{"page_index":18,"viewing_time":424},{"page_index":19,"viewing_time":2448},{"page_index":20,"viewing_time":5096},{"page_index":21,"viewing_time":3647}],"rt":86461,"trial_type":"instructions","trial_index":3,"time_elapsed":97001,"internal_node_id":"0.0-3.0"},{"rt":66141,"url":"../static/nodeGraphsTraining.html","edgeClickLog":[],"trial_type":"external-html","trial_index":4,"time_elapsed":163328,"internal_node_id":"0.0-4.0"},{"rt":15841,"response":{"q1":"The goal is to help the student to get the most points","q2":"False","q3":"Possible paths the student can take.","q4":"Paths that the student took before."},"question_order":[0,1,2,3],"trial_type":"survey-multi-choice","trial_index":5,"time_elapsed":179171,"internal_node_id":"0.0-5.0"},{"rt":13436,"stimulus":"<p>You can take a 60 second break before starting the experiment.</p><br><br><p>This page will advance in 60 seconds or you can press any key to advance now.</p>","response":" ","trial_type":"html-keyboard-response","trial_index":6,"time_elapsed":192609,"internal_node_id":"0.0-7.0"},{"view_history":[{"page_index":0,"viewing_time":10466}],"rt":10466,"trial_type":"instructions","trial_index":7,"time_elapsed":203075,"internal_node_id":"0.0-8.0"},{"rt":7017,"url":"../static/nodeGraphs.html","edge":"1to5","edgeRT":"5728","flipped":"TRUE","correct_edge":"1to5","index":"38","edgeClickLog":"[{\"edgeSelection\":\"1to5\",\"edgeRTMS\":5728}]","seed":" 22181670","task":"experiment","subjectId":"0h56y933lbhdyl9","trial_type":"external-html","trial_index":8,"time_elapsed":210220,"internal_node_id":"0.0-9.0-0.0"},{"rt":9735,"url":"../static/nodeGraphs.html","edge":"5to8","edgeRT":"8738","flipped":"TRUE","correct_edge":"5to8","index":"23","edgeClickLog":"[{\"edgeSelection\":\"5to8\",\"edgeRTMS\":8738}]","seed":" 46003743","task":"experiment","subjectId":"0h56y933lbhdyl9","trial_type":"external-html","trial_index":9,"time_elapsed":220596,"internal_node_id":"0.0-9.0-0.1"},{"rt":13894,"url":"../static/nodeGraphs.html","edge":"0to1","edgeRT":"12206","flipped":"FALSE","correct_edge":"0to2","index":"14","edgeClickLog":"[{\"edgeSelection\":\"0to1\",\"edgeRTMS\":12206}]","seed":" 21083760","task":"experiment","subjectId":"0h56y933lbhdyl9","trial_type":"external-html","trial_index":10,"time_elapsed":235124,"internal_node_id":"0.0-9.0-0.2"},{"rt":41351,"url":"../static/nodeGraphs.html","edge":"0to2","edgeRT":"33385","flipped":"TRUE","correct_edge":"0to2","index":"33","edgeClickLog":"[{\"edgeSelection\":\"0to2\",\"edgeRTMS\":13853},{\"edgeSelection\":\"0to2\",\"edgeRTMS\":14751},{\"edgeSelection\":\"2to4\",\"edgeRTMS\":17845},{\"edgeSelection\":\"0to2\",\"edgeRTMS\":33385}]","seed":" 49587019","task":"experiment","subjectId":"0h56y933lbhdyl9","trial_type":"external-html","trial_index":11,"time_elapsed":277117,"internal_node_id":"0.0-9.0-0.3"},{"rt":10362,"url":"../static/nodeGraphs.html","edge":"4to7","edgeRT":"9661","flipped":"FALSE","correct_edge":"4to7","index":"6","edgeClickLog":"[{\"edgeSelection\":\"4to7\",\"edgeRTMS\":9661}]","seed":" 13523788","task":"experiment","subjectId":"0h56y933lbhdyl9","trial_type":"external-html","trial_index":12,"time_elapsed":288113,"internal_node_id":"0.0-9.0-0.4"},{"rt":4877,"url":"../static/nodeGraphs.html","edge":"2to6","edgeRT":"3587","flipped":"TRUE","correct_edge":"2to6","index":"24","edgeClickLog":"[{\"edgeSelection\":\"2to6\",\"edgeRTMS\":3587}]","seed":" 36501291","task":"experiment","subjectId":"0h56y933lbhdyl9","trial_type":"external-html","trial_index":13,"time_elapsed":293626,"internal_node_id":"0.0-9.0-0.5"},{"rt":8165,"url":"../static/nodeGraphs.html","edge":"5to8","edgeRT":"5305","flipped":"FALSE","correct_edge":"5to8","index":"3","edgeClickLog":"[{\"edgeSelection\":\"5to8\",\"edgeRTMS\":3533},{\"edgeSelection\":\"5to8\",\"edgeRTMS\":5305}]","seed":" 46003743","task":"experiment","subjectId":"0h56y933lbhdyl9","trial_type":"external-html","trial_index":14,"time_elapsed":302423,"internal_node_id":"0.0-9.0-0.6"},{"rt":4312,"url":"../static/nodeGraphs.html","edge":"4to8","edgeRT":"3190","flipped":"FALSE","correct_edge":"4to8","index":"1","edgeClickLog":"[{\"edgeSelection\":\"4to8\",\"edgeRTMS\":3190}]","seed":" 32816305","task":"experiment","subjectId":"0h56y933lbhdyl9","trial_type":"external-html","trial_index":15,"time_elapsed":307377,"internal_node_id":"0.0-9.0-0.7"},{"rt":7003,"url":"../static/nodeGraphs.html","edge":"0to1","edgeRT":"5418","flipped":"TRUE","correct_edge":"0to1","index":"29","edgeClickLog":"[{\"edgeSelection\":\"0to1\",\"edgeRTMS\":5418}]","seed":" 61187187","task":"experiment","subjectId":"0h56y933lbhdyl9","trial_type":"external-html","trial_index":16,"time_elapsed":315016,"internal_node_id":"0.0-9.0-0.8"},{"rt":12759,"url":"../static/nodeGraphs.html","edge":"3to6","edgeRT":"9655","flipped":"TRUE","correct_edge":"0to2","index":"31","edgeClickLog":"[{\"edgeSelection\":\"3to6\",\"edgeRTMS\":9655}]","seed":" 63833578","task":"experiment","subjectId":"0h56y933lbhdyl9","trial_type":"external-html","trial_index":17,"time_elapsed":328425,"internal_node_id":"0.0-9.0-0.9"},{"rt":9957,"url":"../static/nodeGraphs.html","edge":"0to3","edgeRT":"5195","flipped":"FALSE","correct_edge":"0to3","index":"9","edgeClickLog":"[{\"edgeSelection\":\"0to3\",\"edgeRTMS\":5195}]","seed":" 61187187","task":"experiment","subjectId":"0h56y933lbhdyl9","trial_type":"external-html","trial_index":18,"time_elapsed":339027,"internal_node_id":"0.0-9.0-0.10"},{"rt":5429,"url":"../static/nodeGraphs.html","edge":"0to3","edgeRT":"4201","flipped":"TRUE","correct_edge":"0to2","index":"30","edgeClickLog":"[{\"edgeSelection\":\"0to3\",\"edgeRTMS\":4201}]","seed":" 39688702","task":"experiment","subjectId":"0h56y933lbhdyl9","trial_type":"external-html","trial_index":19,"time_elapsed":345102,"internal_node_id":"0.0-9.0-0.11"},{"rt":13282,"url":"../static/nodeGraphs.html","edge":"0to3","edgeRT":"9226","flipped":"FALSE","correct_edge":"0to3","index":"12","edgeClickLog":"[{\"edgeSelection\":\"5to9\",\"edgeRTMS\":3834},{\"edgeSelection\":\"0to3\",\"edgeRTMS\":9226}]","seed":" 36895371","task":"experiment","subjectId":"0h56y933lbhdyl9","trial_type":"external-html","trial_index":20,"time_elapsed":359038,"internal_node_id":"0.0-9.0-0.12"},{"rt":4676,"url":"../static/nodeGraphs.html","edge":"0to1","edgeRT":"2815","flipped":"FALSE","correct_edge":"0to1","index":"19","edgeClickLog":"[{\"edgeSelection\":\"0to1\",\"edgeRTMS\":2815}]","seed":" 37422119","task":"experiment","subjectId":"0h56y933lbhdyl9","trial_type":"external-html","trial_index":21,"time_elapsed":364353,"internal_node_id":"0.0-9.0-0.13"},{"rt":12271,"url":"../static/nodeGraphs.html","edge":"2to4","edgeRT":"11096","flipped":"TRUE","correct_edge":"2to4","index":"35","edgeClickLog":"[{\"edgeSelection\":\"0to1\",\"edgeRTMS\":2195},{\"edgeSelection\":\"2to4\",\"edgeRTMS\":11096}]","seed":" 53220770","task":"experiment","subjectId":"0h56y933lbhdyl9","trial_type":"external-html","trial_index":22,"time_elapsed":377288,"internal_node_id":"0.0-9.0-0.14"},{"rt":13442,"url":"../static/nodeGraphs.html","edge":"0to2","edgeRT":"8711","flipped":"FALSE","correct_edge":"0to2","index":"13","edgeClickLog":"[{\"edgeSelection\":\"0to2\",\"edgeRTMS\":8711}]","seed":" 49587019","task":"experiment","subjectId":"0h56y933lbhdyl9","trial_type":"external-html","trial_index":23,"time_elapsed":391366,"internal_node_id":"0.0-9.0-0.15"},{"rt":2814,"url":"../static/nodeGraphs.html","edge":"1to4","edgeRT":"1945","flipped":"FALSE","correct_edge":"1to4","index":"2","edgeClickLog":"[{\"edgeSelection\":\"1to4\",\"edgeRTMS\":1945}]","seed":" 22809663","task":"experiment","subjectId":"0h56y933lbhdyl9","trial_type":"external-html","trial_index":24,"time_elapsed":394833,"internal_node_id":"0.0-9.0-0.16"},{"rt":4319,"url":"../static/nodeGraphs.html","edge":"0to2","edgeRT":"2039","flipped":"FALSE","correct_edge":"0to2","index":"11","edgeClickLog":"[{\"edgeSelection\":\"0to2\",\"edgeRTMS\":2039}]","seed":" 63833578","task":"experiment","subjectId":"0h56y933lbhdyl9","trial_type":"external-html","trial_index":25,"time_elapsed":399800,"internal_node_id":"0.0-9.0-0.17"},{"rt":3794,"url":"../static/nodeGraphs.html","edge":"2to4","edgeRT":"2330","flipped":"FALSE","correct_edge":"2to4","index":"4","edgeClickLog":"[{\"edgeSelection\":\"2to4\",\"edgeRTMS\":2330}]","seed":" 36501291","task":"experiment","subjectId":"0h56y933lbhdyl9","trial_type":"external-html","trial_index":26,"time_elapsed":404241,"internal_node_id":"0.0-9.0-0.18"},{"rt":4434,"url":"../static/nodeGraphs.html","edge":"0to2","edgeRT":"2802","flipped":"FALSE","correct_edge":"0to2","index":"7","edgeClickLog":"[{\"edgeSelection\":\"0to2\",\"edgeRTMS\":2802}]","seed":" 85614324","task":"experiment","subjectId":"0h56y933lbhdyl9","trial_type":"external-html","trial_index":27,"time_elapsed":409321,"internal_node_id":"0.0-9.0-0.19"},{"rt":6604,"url":"../static/nodeGraphs.html","edge":"0to2","edgeRT":"1860","flipped":"FALSE","correct_edge":"0to2","index":"17","edgeClickLog":"[{\"edgeSelection\":\"0to2\",\"edgeRTMS\":1860}]","seed":" 21211189","task":"experiment","subjectId":"0h56y933lbhdyl9","trial_type":"external-html","trial_index":28,"time_elapsed":416568,"internal_node_id":"0.0-9.0-0.20"},{"rt":8094,"url":"../static/nodeGraphs.html","edge":"0to2","edgeRT":"6733","flipped":"TRUE","correct_edge":"0to2","index":"34","edgeClickLog":"[{\"edgeSelection\":\"0to2\",\"edgeRTMS\":6733}]","seed":" 21083760","task":"experiment","subjectId":"0h56y933lbhdyl9","trial_type":"external-html","trial_index":29,"time_elapsed":425316,"internal_node_id":"0.0-9.0-0.21"},{"rt":10571,"url":"../static/nodeGraphs.html","edge":"0to1","edgeRT":"8023","flipped":"TRUE","correct_edge":"6to9","index":"26","edgeClickLog":"[{\"edgeSelection\":\"0to1\",\"edgeRTMS\":8023}]","seed":" 13523788","task":"experiment","subjectId":"0h56y933lbhdyl9","trial_type":"external-html","trial_index":30,"time_elapsed":436533,"internal_node_id":"0.0-9.0-0.22"},{"rt":6127,"url":"../static/nodeGraphs.html","edge":"0to2","edgeRT":"4531","flipped":"TRUE","correct_edge":"0to2","index":"27","edgeClickLog":"[{\"edgeSelection\":\"0to2\",\"edgeRTMS\":4531}]","seed":" 85614324","task":"experiment","subjectId":"0h56y933lbhdyl9","trial_type":"external-html","trial_index":31,"time_elapsed":443300,"internal_node_id":"0.0-9.0-0.23"},{"rt":4497,"url":"../static/nodeGraphs.html","edge":"2to4","edgeRT":"2469","flipped":"FALSE","correct_edge":"2to4","index":"5","edgeClickLog":"[{\"edgeSelection\":\"1to5\",\"edgeRTMS\":1618},{\"edgeSelection\":\"2to4\",\"edgeRTMS\":2469}]","seed":" 10409262","task":"experiment","subjectId":"0h56y933lbhdyl9","trial_type":"external-html","trial_index":32,"time_elapsed":448446,"internal_node_id":"0.0-9.0-0.24"},{"rt":10230,"url":"../static/nodeGraphs.html","edge":"0to1","edgeRT":"6517","flipped":"TRUE","correct_edge":"0to1","index":"32","edgeClickLog":"[{\"edgeSelection\":\"0to1\",\"edgeRTMS\":6517}]","seed":" 36895371","task":"experiment","subjectId":"0h56y933lbhdyl9","trial_type":"external-html","trial_index":33,"time_elapsed":459314,"internal_node_id":"0.0-9.0-0.25"},{"rt":3294,"url":"../static/nodeGraphs.html","edge":"0to1","edgeRT":"1778","flipped":"FALSE","correct_edge":"0to1","index":"0","edgeClickLog":"[{\"edgeSelection\":\"0to1\",\"edgeRTMS\":1778}]","seed":" 21745736","task":"experiment","subjectId":"0h56y933lbhdyl9","trial_type":"external-html","trial_index":34,"time_elapsed":463277,"internal_node_id":"0.0-9.0-0.26"},{"rt":3131,"url":"../static/nodeGraphs.html","edge":"0to3","edgeRT":"2160","flipped":"FALSE","correct_edge":"2to6","index":"15","edgeClickLog":"[{\"edgeSelection\":\"0to3\",\"edgeRTMS\":2160}]","seed":" 53220770","task":"experiment","subjectId":"0h56y933lbhdyl9","trial_type":"external-html","trial_index":35,"time_elapsed":467049,"internal_node_id":"0.0-9.0-0.27"},{"rt":5302,"url":"../static/nodeGraphs.html","edge":"0to3","edgeRT":"4068","flipped":"TRUE","correct_edge":"0to3","index":"20","edgeClickLog":"[{\"edgeSelection\":\"0to3\",\"edgeRTMS\":2676},{\"edgeSelection\":\"0to3\",\"edgeRTMS\":4068}]","seed":" 21745736","task":"experiment","subjectId":"0h56y933lbhdyl9","trial_type":"external-html","trial_index":36,"time_elapsed":472991,"internal_node_id":"0.0-9.0-0.28"},{"rt":5345,"url":"../static/nodeGraphs.html","edge":"0to2","edgeRT":"2908","flipped":"FALSE","correct_edge":"0to2","index":"8","edgeClickLog":"[{\"edgeSelection\":\"0to2\",\"edgeRTMS\":2908}]","seed":" 8396978","task":"experiment","subjectId":"0h56y933lbhdyl9","trial_type":"external-html","trial_index":37,"time_elapsed":478991,"internal_node_id":"0.0-9.0-0.29"},{"rt":9963,"url":"../static/nodeGraphs.html","edge":"1to5","edgeRT":"8565","flipped":"TRUE","correct_edge":"5to7","index":"36","edgeClickLog":"[{\"edgeSelection\":\"1to5\",\"edgeRTMS\":8565}]","seed":" 5655743","task":"experiment","subjectId":"0h56y933lbhdyl9","trial_type":"external-html","trial_index":38,"time_elapsed":489587,"internal_node_id":"0.0-9.0-0.30"},{"rt":4497,"url":"../static/nodeGraphs.html","edge":"0to3","edgeRT":"3365","flipped":"TRUE","correct_edge":"0to3","index":"39","edgeClickLog":"[{\"edgeSelection\":\"0to3\",\"edgeRTMS\":3365}]","seed":" 37422119","task":"experiment","subjectId":"0h56y933lbhdyl9","trial_type":"external-html","trial_index":39,"time_elapsed":494730,"internal_node_id":"0.0-9.0-0.31"},{"rt":9738,"url":"../static/nodeGraphs.html","edge":"3to6","edgeRT":"6468","flipped":"TRUE","correct_edge":"3to6","index":"22","edgeClickLog":"[{\"edgeSelection\":\"6to8\",\"edgeRTMS\":2783},{\"edgeSelection\":\"3to6\",\"edgeRTMS\":6468}]","seed":" 22809663","task":"experiment","subjectId":"0h56y933lbhdyl9","trial_type":"external-html","trial_index":40,"time_elapsed":505102,"internal_node_id":"0.0-9.0-0.32"},{"rt":3861,"url":"../static/nodeGraphs.html","edge":"0to2","edgeRT":"1389","flipped":"FALSE","correct_edge":"3to5","index":"18","edgeClickLog":"[{\"edgeSelection\":\"0to2\",\"edgeRTMS\":1389}]","seed":" 22181670","task":"experiment","subjectId":"0h56y933lbhdyl9","trial_type":"external-html","trial_index":41,"time_elapsed":509604,"internal_node_id":"0.0-9.0-0.33"},{"rt":5389,"url":"../static/nodeGraphs.html","edge":"0to2","edgeRT":"2903","flipped":"TRUE","correct_edge":"0to2","index":"28","edgeClickLog":"[{\"edgeSelection\":\"0to2\",\"edgeRTMS\":2903}]","seed":" 8396978","task":"experiment","subjectId":"0h56y933lbhdyl9","trial_type":"external-html","trial_index":42,"time_elapsed":515630,"internal_node_id":"0.0-9.0-0.34"},{"rt":20796,"url":"../static/nodeGraphs.html","edge":"0to1","edgeRT":"19800","flipped":"FALSE","correct_edge":"5to9","index":"16","edgeClickLog":"[{\"edgeSelection\":\"3to5\",\"edgeRTMS\":2297},{\"edgeSelection\":\"0to1\",\"edgeRTMS\":19800}]","seed":" 5655743","task":"experiment","subjectId":"0h56y933lbhdyl9","trial_type":"external-html","trial_index":43,"time_elapsed":537068,"internal_node_id":"0.0-9.0-0.35"},{"rt":7083,"url":"../static/nodeGraphs.html","edge":"6to8","edgeRT":"5494","flipped":"TRUE","correct_edge":"6to8","index":"21","edgeClickLog":"[{\"edgeSelection\":\"6to8\",\"edgeRTMS\":5494}]","seed":" 32816305","task":"experiment","subjectId":"0h56y933lbhdyl9","trial_type":"external-html","trial_index":44,"time_elapsed":544788,"internal_node_id":"0.0-9.0-0.36"},{"rt":3366,"url":"../static/nodeGraphs.html","edge":"0to2","edgeRT":"2449","flipped":"TRUE","correct_edge":"0to2","index":"37","edgeClickLog":"[{\"edgeSelection\":\"0to2\",\"edgeRTMS\":2449}]","seed":" 21211189","task":"experiment","subjectId":"0h56y933lbhdyl9","trial_type":"external-html","trial_index":45,"time_elapsed":548790,"internal_node_id":"0.0-9.0-0.37"},{"rt":16471,"url":"../static/nodeGraphs.html","edge":"0to1","edgeRT":"11903","flipped":"FALSE","correct_edge":"0to2","index":"10","edgeClickLog":"[{\"edgeSelection\":\"0to1\",\"edgeRTMS\":11903}]","seed":" 39688702","task":"experiment","subjectId":"0h56y933lbhdyl9","trial_type":"external-html","trial_index":46,"time_elapsed":565885,"internal_node_id":"0.0-9.0-0.38"},{"rt":5774,"url":"../static/nodeGraphs.html","edge":"2to6","edgeRT":"3818","flipped":"TRUE","correct_edge":"2to6","index":"25","edgeClickLog":"[{\"edgeSelection\":\"2to6\",\"edgeRTMS\":3818}]","seed":" 10409262","task":"experiment","subjectId":"0h56y933lbhdyl9","trial_type":"external-html","trial_index":47,"time_elapsed":572300,"internal_node_id":"0.0-9.0-0.39"},{"rt":73026,"response":{"P0_Q0":null,"P0_Q1":5,"P0_Q2":7,"P0_Q3":6,"P0_Q4":5,"P0_Q5":2,"strategies":"I assumed that the open paths would be closer to the student's known path, so I looked for connections that would allow the student to maximize their previous path but 'unlock' new parts of the grid","feedback":"I had fun :)"},"accuracy":[],"trial_type":"survey","trial_index":48,"time_elapsed":645866,"internal_node_id":"0.0-10.0"},{"rt":3748,"stimulus":"<p>Thanks for your time!</p>        <p>We need to manually calculate your bonus pay, please give us up to 7 days.</p><p>Press any key to conclude.</p>","response":" ","task":"end","subjectId":"0h56y933lbhdyl9","trial_type":"html-keyboard-response","trial_index":49,"time_elapsed":649615,"internal_node_id":"0.0-11.0","interactions":"[{\"event\":\"focus\",\"trial\":0,\"time\":1},{\"event\":\"blur\",\"trial\":1,\"time\":3965},{\"event\":\"focus\",\"trial\":1,\"time\":5222},{\"event\":\"fullscreenenter\",\"trial\":1,\"time\":8245}]"}]