[{"success":true,"timeout":false,"failed_images":[],"failed_audio":[],"failed_video":[],"trial_type":"preload","trial_index":0,"time_elapsed":1265,"internal_node_id":"0.0-0.0"},{"success":true,"trial_type":"fullscreen","trial_index":1,"time_elapsed":4482,"internal_node_id":"0.0-1.0"},{"rt":1557,"stimulus":"Welcome to the experiment. Press any key to begin.","response":"d","trial_type":"html-keyboard-response","trial_index":2,"time_elapsed":6041,"internal_node_id":"0.0-2.0"},{"view_history":[{"page_index":0,"viewing_time":2156},{"page_index":1,"viewing_time":2629},{"page_index":2,"viewing_time":28059},{"page_index":3,"viewing_time":3444},{"page_index":4,"viewing_time":1013},{"page_index":5,"viewing_time":916},{"page_index":6,"viewing_time":4525},{"page_index":7,"viewing_time":7499},{"page_index":8,"viewing_time":45995},{"page_index":9,"viewing_time":5257},{"page_index":10,"viewing_time":956},{"page_index":11,"viewing_time":412},{"page_index":12,"viewing_time":317},{"page_index":13,"viewing_time":900},{"page_index":14,"viewing_time":2685},{"page_index":15,"viewing_time":10510},{"page_index":16,"viewing_time":1552},{"page_index":17,"viewing_time":526},{"page_index":18,"viewing_time":580},{"page_index":19,"viewing_time":6376},{"page_index":20,"viewing_time":2396},{"page_index":21,"viewing_time":2768}],"rt":131470,"trial_type":"instructions","trial_index":3,"time_elapsed":137515,"internal_node_id":"0.0-3.0"},{"rt":121255,"url":"../static/nodeGraphsTraining.html","edgeClickLog":[],"trial_type":"external-html","trial_index":4,"time_elapsed":259047,"internal_node_id":"0.0-4.0"},{"rt":142679,"response":{"q1":"The goal is to help the student to get the most points","q2":"False","q3":"Possible paths the student can take.","q4":"Paths that the student took before."},"question_order":[0,1,2,3],"trial_type":"survey-multi-choice","trial_index":5,"time_elapsed":401738,"internal_node_id":"0.0-5.0"},{"rt":20778,"stimulus":"<p>You can take a 60 second break before starting the experiment.</p><br><br><p>This page will advance in 60 seconds or you can press any key to advance now.</p>","response":" ","trial_type":"html-keyboard-response","trial_index":6,"time_elapsed":422528,"internal_node_id":"0.0-7.0"},{"view_history":[{"page_index":0,"viewing_time":14960}],"rt":14961,"trial_type":"instructions","trial_index":7,"time_elapsed":437491,"internal_node_id":"0.0-8.0"},{"rt":24689,"url":"../static/nodeGraphs.html","edge":"5to8","edgeRT":"19343","flipped":"TRUE","correct_edge":"5to8","index":"23","edgeClickLog":"[{\"edgeSelection\":\"5to8\",\"edgeRTMS\":17274},{\"edgeSelection\":\"5to8\",\"edgeRTMS\":18008},{\"edgeSelection\":\"5to8\",\"edgeRTMS\":19343}]","seed":" 46003743","task":"experiment","subjectId":"edrm26r47gdw0uy","trial_type":"external-html","trial_index":8,"time_elapsed":462363,"internal_node_id":"0.0-9.0-0.0"},{"rt":25943,"url":"../static/nodeGraphs.html","edge":"2to5","edgeRT":"15987","flipped":"FALSE","correct_edge":"0to2","index":"7","edgeClickLog":"[{\"edgeSelection\":\"0to2\",\"edgeRTMS\":14375},{\"edgeSelection\":\"2to5\",\"edgeRTMS\":15987}]","seed":" 85614324","task":"experiment","subjectId":"edrm26r47gdw0uy","trial_type":"external-html","trial_index":9,"time_elapsed":488997,"internal_node_id":"0.0-9.0-0.1"},{"rt":21311,"url":"../static/nodeGraphs.html","edge":"0to3","edgeRT":"18467","flipped":"TRUE","correct_edge":"0to3","index":"20","edgeClickLog":"[{\"edgeSelection\":\"0to3\",\"edgeRTMS\":10226},{\"edgeSelection\":\"0to3\",\"edgeRTMS\":11533},{\"edgeSelection\":\"3to6\",\"edgeRTMS\":12498},{\"edgeSelection\":\"6to9\",\"edgeRTMS\":15346},{\"edgeSelection\":\"3to6\",\"edgeRTMS\":16818},{\"edgeSelection\":\"0to3\",\"edgeRTMS\":18467}]","seed":" 21745736","task":"experiment","subjectId":"edrm26r47gdw0uy","trial_type":"external-html","trial_index":10,"time_elapsed":510991,"internal_node_id":"0.0-9.0-0.2"},{"rt":15116,"url":"../static/nodeGraphs.html","edge":"2to5","edgeRT":"11876","flipped":"TRUE","correct_edge":"0to2","index":"37","edgeClickLog":"[{\"edgeSelection\":\"0to2\",\"edgeRTMS\":7096},{\"edgeSelection\":\"2to5\",\"edgeRTMS\":8160},{\"edgeSelection\":\"5to8\",\"edgeRTMS\":9790},{\"edgeSelection\":\"5to8\",\"edgeRTMS\":10529},{\"edgeSelection\":\"2to5\",\"edgeRTMS\":11876}]","seed":" 21211189","task":"experiment","subjectId":"edrm26r47gdw0uy","trial_type":"external-html","trial_index":11,"time_elapsed":526800,"internal_node_id":"0.0-9.0-0.3"},{"rt":10132,"url":"../static/nodeGraphs.html","edge":"1to4","edgeRT":"8744","flipped":"FALSE","correct_edge":"1to4","index":"2","edgeClickLog":"[{\"edgeSelection\":\"1to4\",\"edgeRTMS\":7795},{\"edgeSelection\":\"1to4\",\"edgeRTMS\":8744}]","seed":" 22809663","task":"experiment","subjectId":"edrm26r47gdw0uy","trial_type":"external-html","trial_index":12,"time_elapsed":537620,"internal_node_id":"0.0-9.0-0.4"},{"rt":20044,"url":"../static/nodeGraphs.html","edge":"2to6","edgeRT":"10379","flipped":"FALSE","correct_edge":"0to2","index":"13","edgeClickLog":"[{\"edgeSelection\":\"2to6\",\"edgeRTMS\":10379}]","seed":" 49587019","task":"experiment","subjectId":"edrm26r47gdw0uy","trial_type":"external-html","trial_index":13,"time_elapsed":558349,"internal_node_id":"0.0-9.0-0.5"},{"rt":28768,"url":"../static/nodeGraphs.html","edge":"1to4","edgeRT":"25256","flipped":"FALSE","correct_edge":"0to1","index":"0","edgeClickLog":"[{\"edgeSelection\":\"1to4\",\"edgeRTMS\":24429},{\"edgeSelection\":\"1to4\",\"edgeRTMS\":25256}]","seed":" 21745736","task":"experiment","subjectId":"edrm26r47gdw0uy","trial_type":"external-html","trial_index":14,"time_elapsed":587807,"internal_node_id":"0.0-9.0-0.6"},{"rt":49509,"url":"../static/nodeGraphs.html","edge":"3to5","edgeRT":"48674","flipped":"FALSE","correct_edge":"5to9","index":"16","edgeClickLog":"[{\"edgeSelection\":\"3to5\",\"edgeRTMS\":39076},{\"edgeSelection\":\"5to9\",\"edgeRTMS\":47879},{\"edgeSelection\":\"3to5\",\"edgeRTMS\":48674}]","seed":" 5655743","task":"experiment","subjectId":"edrm26r47gdw0uy","trial_type":"external-html","trial_index":15,"time_elapsed":638002,"internal_node_id":"0.0-9.0-0.7"},{"rt":20972,"url":"../static/nodeGraphs.html","edge":"2to4","edgeRT":"16017","flipped":"FALSE","correct_edge":"0to2","index":"14","edgeClickLog":"[{\"edgeSelection\":\"2to4\",\"edgeRTMS\":16017}]","seed":" 21083760","task":"experiment","subjectId":"edrm26r47gdw0uy","trial_type":"external-html","trial_index":16,"time_elapsed":659662,"internal_node_id":"0.0-9.0-0.8"},{"rt":25539,"url":"../static/nodeGraphs.html","edge":"2to5","edgeRT":"11975","flipped":"TRUE","correct_edge":"1to5","index":"38","edgeClickLog":"[{\"edgeSelection\":\"2to5\",\"edgeRTMS\":11054},{\"edgeSelection\":\"2to5\",\"edgeRTMS\":11975}]","seed":" 22181670","task":"experiment","subjectId":"edrm26r47gdw0uy","trial_type":"external-html","trial_index":17,"time_elapsed":685884,"internal_node_id":"0.0-9.0-0.9"},{"rt":36557,"url":"../static/nodeGraphs.html","edge":"4to8","edgeRT":"33576","flipped":"FALSE","correct_edge":"4to8","index":"1","edgeClickLog":"[{\"edgeSelection\":\"0to3\",\"edgeRTMS\":10132},{\"edgeSelection\":\"0to3\",\"edgeRTMS\":10855},{\"edgeSelection\":\"4to8\",\"edgeRTMS\":33576}]","seed":" 32816305","task":"experiment","subjectId":"edrm26r47gdw0uy","trial_type":"external-html","trial_index":18,"time_elapsed":723128,"internal_node_id":"0.0-9.0-0.10"},{"rt":33178,"url":"../static/nodeGraphs.html","edge":"3to6","edgeRT":"31223","flipped":"FALSE","correct_edge":"0to3","index":"9","edgeClickLog":"[{\"edgeSelection\":\"3to6\",\"edgeRTMS\":29520},{\"edgeSelection\":\"3to6\",\"edgeRTMS\":31223}]","seed":" 61187187","task":"experiment","subjectId":"edrm26r47gdw0uy","trial_type":"external-html","trial_index":19,"time_elapsed":756992,"internal_node_id":"0.0-9.0-0.11"},{"rt":29210,"url":"../static/nodeGraphs.html","edge":"2to6","edgeRT":"26492","flipped":"FALSE","correct_edge":"2to6","index":"15","edgeClickLog":"[{\"edgeSelection\":\"2to6\",\"edgeRTMS\":6758},{\"edgeSelection\":\"0to3\",\"edgeRTMS\":11328},{\"edgeSelection\":\"3to6\",\"edgeRTMS\":23234},{\"edgeSelection\":\"5to8\",\"edgeRTMS\":25739},{\"edgeSelection\":\"2to6\",\"edgeRTMS\":26492}]","seed":" 53220770","task":"experiment","subjectId":"edrm26r47gdw0uy","trial_type":"external-html","trial_index":20,"time_elapsed":786891,"internal_node_id":"0.0-9.0-0.12"},{"rt":45728,"url":"../static/nodeGraphs.html","edge":"0to3","edgeRT":"44467","flipped":"TRUE","correct_edge":"0to3","index":"39","edgeClickLog":"[{\"edgeSelection\":\"5to7\",\"edgeRTMS\":9845},{\"edgeSelection\":\"6to8\",\"edgeRTMS\":11334},{\"edgeSelection\":\"5to9\",\"edgeRTMS\":12786},{\"edgeSelection\":\"6to9\",\"edgeRTMS\":25277},{\"edgeSelection\":\"5to9\",\"edgeRTMS\":28226},{\"edgeSelection\":\"0to3\",\"edgeRTMS\":44467}]","seed":" 37422119","task":"experiment","subjectId":"edrm26r47gdw0uy","trial_type":"external-html","trial_index":21,"time_elapsed":833328,"internal_node_id":"0.0-9.0-0.13"},{"rt":29685,"url":"../static/nodeGraphs.html","edge":"5to7","edgeRT":"28916","flipped":"FALSE","correct_edge":"0to1","index":"19","edgeClickLog":"[{\"edgeSelection\":\"1to4\",\"edgeRTMS\":18393},{\"edgeSelection\":\"5to7\",\"edgeRTMS\":28916}]","seed":" 37422119","task":"experiment","subjectId":"edrm26r47gdw0uy","trial_type":"external-html","trial_index":22,"time_elapsed":863698,"internal_node_id":"0.0-9.0-0.14"},{"rt":13732,"url":"../static/nodeGraphs.html","edge":"2to6","edgeRT":"10669","flipped":"TRUE","correct_edge":"2to6","index":"24","edgeClickLog":"[{\"edgeSelection\":\"2to6\",\"edgeRTMS\":10669}]","seed":" 36501291","task":"experiment","subjectId":"edrm26r47gdw0uy","trial_type":"external-html","trial_index":23,"time_elapsed":878117,"internal_node_id":"0.0-9.0-0.15"},{"rt":7862,"url":"../static/nodeGraphs.html","edge":"2to5","edgeRT":"5903","flipped":"TRUE","correct_edge":"0to2","index":"28","edgeClickLog":"[{\"edgeSelection\":\"2to5\",\"edgeRTMS\":5220},{\"edgeSelection\":\"2to5\",\"edgeRTMS\":5903}]","seed":" 8396978","task":"experiment","subjectId":"edrm26r47gdw0uy","trial_type":"external-html","trial_index":24,"time_elapsed":886682,"internal_node_id":"0.0-9.0-0.16"},{"rt":6365,"url":"../static/nodeGraphs.html","edge":"1to5","edgeRT":"2880","flipped":"TRUE","correct_edge":"5to7","index":"36","edgeClickLog":"[{\"edgeSelection\":\"1to5\",\"edgeRTMS\":2880}]","seed":" 5655743","task":"experiment","subjectId":"edrm26r47gdw0uy","trial_type":"external-html","trial_index":25,"time_elapsed":893732,"internal_node_id":"0.0-9.0-0.17"},{"rt":11681,"url":"../static/nodeGraphs.html","edge":"2to4","edgeRT":"10669","flipped":"FALSE","correct_edge":"2to4","index":"5","edgeClickLog":"[{\"edgeSelection\":\"2to4\",\"edgeRTMS\":9608},{\"edgeSelection\":\"2to4\",\"edgeRTMS\":10669}]","seed":" 10409262","task":"experiment","subjectId":"edrm26r47gdw0uy","trial_type":"external-html","trial_index":26,"time_elapsed":906092,"internal_node_id":"0.0-9.0-0.18"},{"rt":19203,"url":"../static/nodeGraphs.html","edge":"0to2","edgeRT":"15547","flipped":"TRUE","correct_edge":"0to2","index":"27","edgeClickLog":"[{\"edgeSelection\":\"0to2\",\"edgeRTMS\":4911},{\"edgeSelection\":\"1to5\",\"edgeRTMS\":13249},{\"edgeSelection\":\"0to2\",\"edgeRTMS\":15547}]","seed":" 85614324","task":"experiment","subjectId":"edrm26r47gdw0uy","trial_type":"external-html","trial_index":27,"time_elapsed":925985,"internal_node_id":"0.0-9.0-0.19"},{"rt":10075,"url":"../static/nodeGraphs.html","edge":"5to8","edgeRT":"4220","flipped":"FALSE","correct_edge":"5to8","index":"3","edgeClickLog":"[{\"edgeSelection\":\"5to8\",\"edgeRTMS\":4220}]","seed":" 46003743","task":"experiment","subjectId":"edrm26r47gdw0uy","trial_type":"external-html","trial_index":28,"time_elapsed":936748,"internal_node_id":"0.0-9.0-0.20"},{"rt":12206,"url":"../static/nodeGraphs.html","edge":"2to4","edgeRT":"9201","flipped":"TRUE","correct_edge":"2to4","index":"35","edgeClickLog":"[{\"edgeSelection\":\"2to4\",\"edgeRTMS\":9201}]","seed":" 53220770","task":"experiment","subjectId":"edrm26r47gdw0uy","trial_type":"external-html","trial_index":29,"time_elapsed":949792,"internal_node_id":"0.0-9.0-0.21"},{"rt":11017,"url":"../static/nodeGraphs.html","edge":"0to2","edgeRT":"7909","flipped":"FALSE","correct_edge":"3to5","index":"18","edgeClickLog":"[{\"edgeSelection\":\"0to2\",\"edgeRTMS\":7909}]","seed":" 22181670","task":"experiment","subjectId":"edrm26r47gdw0uy","trial_type":"external-html","trial_index":30,"time_elapsed":961495,"internal_node_id":"0.0-9.0-0.22"},{"rt":11765,"url":"../static/nodeGraphs.html","edge":"2to6","edgeRT":"9653","flipped":"TRUE","correct_edge":"2to6","index":"25","edgeClickLog":"[{\"edgeSelection\":\"2to6\",\"edgeRTMS\":9653}]","seed":" 10409262","task":"experiment","subjectId":"edrm26r47gdw0uy","trial_type":"external-html","trial_index":31,"time_elapsed":973945,"internal_node_id":"0.0-9.0-0.23"},{"rt":16388,"url":"../static/nodeGraphs.html","edge":"2to6","edgeRT":"13000","flipped":"TRUE","correct_edge":"0to2","index":"34","edgeClickLog":"[{\"edgeSelection\":\"0to2\",\"edgeRTMS\":11839},{\"edgeSelection\":\"2to6\",\"edgeRTMS\":13000}]","seed":" 21083760","task":"experiment","subjectId":"edrm26r47gdw0uy","trial_type":"external-html","trial_index":32,"time_elapsed":991014,"internal_node_id":"0.0-9.0-0.24"},{"rt":8872,"url":"../static/nodeGraphs.html","edge":"3to6","edgeRT":"7685","flipped":"TRUE","correct_edge":"3to6","index":"22","edgeClickLog":"[{\"edgeSelection\":\"3to6\",\"edgeRTMS\":7685}]","seed":" 22809663","task":"experiment","subjectId":"edrm26r47gdw0uy","trial_type":"external-html","trial_index":33,"time_elapsed":1000573,"internal_node_id":"0.0-9.0-0.25"},{"rt":16278,"url":"../static/nodeGraphs.html","edge":"4to7","edgeRT":"15312","flipped":"TRUE","correct_edge":"0to2","index":"33","edgeClickLog":"[{\"edgeSelection\":\"2to4\",\"edgeRTMS\":10234},{\"edgeSelection\":\"2to4\",\"edgeRTMS\":11145},{\"edgeSelection\":\"4to7\",\"edgeRTMS\":15312}]","seed":" 49587019","task":"experiment","subjectId":"edrm26r47gdw0uy","trial_type":"external-html","trial_index":34,"time_elapsed":1017538,"internal_node_id":"0.0-9.0-0.26"},{"rt":17125,"url":"../static/nodeGraphs.html","edge":"2to6","edgeRT":"11476","flipped":"TRUE","correct_edge":"0to2","index":"31","edgeClickLog":"[{\"edgeSelection\":\"2to6\",\"edgeRTMS\":11476}]","seed":" 63833578","task":"experiment","subjectId":"edrm26r47gdw0uy","trial_type":"external-html","trial_index":35,"time_elapsed":1035348,"internal_node_id":"0.0-9.0-0.27"},{"rt":17402,"url":"../static/nodeGraphs.html","edge":"3to5","edgeRT":"7425","flipped":"FALSE","correct_edge":"0to3","index":"12","edgeClickLog":"[{\"edgeSelection\":\"3to5\",\"edgeRTMS\":7425}]","seed":" 36895371","task":"experiment","subjectId":"edrm26r47gdw0uy","trial_type":"external-html","trial_index":36,"time_elapsed":1053438,"internal_node_id":"0.0-9.0-0.28"},{"rt":19534,"url":"../static/nodeGraphs.html","edge":"3to6","edgeRT":"13751","flipped":"FALSE","correct_edge":"4to7","index":"6","edgeClickLog":"[{\"edgeSelection\":\"3to6\",\"edgeRTMS\":13751}]","seed":" 13523788","task":"experiment","subjectId":"edrm26r47gdw0uy","trial_type":"external-html","trial_index":37,"time_elapsed":1073666,"internal_node_id":"0.0-9.0-0.29"},{"rt":10170,"url":"../static/nodeGraphs.html","edge":"2to4","edgeRT":"8823","flipped":"FALSE","correct_edge":"0to2","index":"8","edgeClickLog":"[{\"edgeSelection\":\"2to4\",\"edgeRTMS\":8823}]","seed":" 8396978","task":"experiment","subjectId":"edrm26r47gdw0uy","trial_type":"external-html","trial_index":38,"time_elapsed":1084539,"internal_node_id":"0.0-9.0-0.30"},{"rt":10212,"url":"../static/nodeGraphs.html","edge":"2to4","edgeRT":"6541","flipped":"FALSE","correct_edge":"0to2","index":"11","edgeClickLog":"[{\"edgeSelection\":\"2to4\",\"edgeRTMS\":6541}]","seed":" 63833578","task":"experiment","subjectId":"edrm26r47gdw0uy","trial_type":"external-html","trial_index":39,"time_elapsed":1095442,"internal_node_id":"0.0-9.0-0.31"},{"rt":17842,"url":"../static/nodeGraphs.html","edge":"2to6","edgeRT":"16922","flipped":"FALSE","correct_edge":"0to2","index":"17","edgeClickLog":"[{\"edgeSelection\":\"2to5\",\"edgeRTMS\":4006},{\"edgeSelection\":\"2to6\",\"edgeRTMS\":16922}]","seed":" 21211189","task":"experiment","subjectId":"edrm26r47gdw0uy","trial_type":"external-html","trial_index":40,"time_elapsed":1113975,"internal_node_id":"0.0-9.0-0.32"},{"rt":17177,"url":"../static/nodeGraphs.html","edge":"6to8","edgeRT":"9571","flipped":"TRUE","correct_edge":"6to8","index":"21","edgeClickLog":"[{\"edgeSelection\":\"6to8\",\"edgeRTMS\":8135},{\"edgeSelection\":\"6to8\",\"edgeRTMS\":9571}]","seed":" 32816305","task":"experiment","subjectId":"edrm26r47gdw0uy","trial_type":"external-html","trial_index":41,"time_elapsed":1131840,"internal_node_id":"0.0-9.0-0.33"},{"rt":12666,"url":"../static/nodeGraphs.html","edge":"2to4","edgeRT":"6251","flipped":"FALSE","correct_edge":"0to2","index":"10","edgeClickLog":"[{\"edgeSelection\":\"2to4\",\"edgeRTMS\":6251}]","seed":" 39688702","task":"experiment","subjectId":"edrm26r47gdw0uy","trial_type":"external-html","trial_index":42,"time_elapsed":1145192,"internal_node_id":"0.0-9.0-0.34"},{"rt":17317,"url":"../static/nodeGraphs.html","edge":"3to6","edgeRT":"7101","flipped":"TRUE","correct_edge":"0to2","index":"30","edgeClickLog":"[{\"edgeSelection\":\"3to6\",\"edgeRTMS\":5763},{\"edgeSelection\":\"3to6\",\"edgeRTMS\":6681},{\"edgeSelection\":\"3to6\",\"edgeRTMS\":7101}]","seed":" 39688702","task":"experiment","subjectId":"edrm26r47gdw0uy","trial_type":"external-html","trial_index":43,"time_elapsed":1163279,"internal_node_id":"0.0-9.0-0.35"},{"rt":10426,"url":"../static/nodeGraphs.html","edge":"1to5","edgeRT":"4875","flipped":"TRUE","correct_edge":"6to9","index":"26","edgeClickLog":"[{\"edgeSelection\":\"1to5\",\"edgeRTMS\":4875}]","seed":" 13523788","task":"experiment","subjectId":"edrm26r47gdw0uy","trial_type":"external-html","trial_index":44,"time_elapsed":1174385,"internal_node_id":"0.0-9.0-0.36"},{"rt":21228,"url":"../static/nodeGraphs.html","edge":"1to4","edgeRT":"19865","flipped":"TRUE","correct_edge":"0to1","index":"32","edgeClickLog":"[{\"edgeSelection\":\"4to7\",\"edgeRTMS\":7787},{\"edgeSelection\":\"1to4\",\"edgeRTMS\":19865}]","seed":" 36895371","task":"experiment","subjectId":"edrm26r47gdw0uy","trial_type":"external-html","trial_index":45,"time_elapsed":1196300,"internal_node_id":"0.0-9.0-0.37"},{"rt":5891,"url":"../static/nodeGraphs.html","edge":"1to4","edgeRT":"5263","flipped":"TRUE","correct_edge":"0to1","index":"29","edgeClickLog":"[{\"edgeSelection\":\"1to4\",\"edgeRTMS\":4347},{\"edgeSelection\":\"1to4\",\"edgeRTMS\":5263}]","seed":" 61187187","task":"experiment","subjectId":"edrm26r47gdw0uy","trial_type":"external-html","trial_index":46,"time_elapsed":1202877,"internal_node_id":"0.0-9.0-0.38"},{"rt":5702,"url":"../static/nodeGraphs.html","edge":"2to4","edgeRT":"4586","flipped":"FALSE","correct_edge":"2to4","index":"4","edgeClickLog":"[{\"edgeSelection\":\"2to4\",\"edgeRTMS\":4586}]","seed":" 36501291","task":"experiment","subjectId":"edrm26r47gdw0uy","trial_type":"external-html","trial_index":47,"time_elapsed":1209270,"internal_node_id":"0.0-9.0-0.39"},{"rt":48082,"response":{"P0_Q0":null,"P0_Q1":1,"P0_Q2":7,"P0_Q3":6,"P0_Q4":2,"P0_Q5":1,"strategies":"look at each of the 3 tiers and see which number is greatest then compute the paths","feedback":""},"accuracy":[],"trial_type":"survey","trial_index":48,"time_elapsed":1257968,"internal_node_id":"0.0-10.0"},{"rt":5106,"stimulus":"<p>Thanks for your time!</p>        <p>We need to manually calculate your bonus pay, please give us up to 7 days.</p><p>Press any key to conclude.</p>","response":"n","task":"end","subjectId":"edrm26r47gdw0uy","trial_type":"html-keyboard-response","trial_index":49,"time_elapsed":1263079,"internal_node_id":"0.0-11.0","interactions":"[{\"event\":\"fullscreenenter\",\"trial\":1,\"time\":3592},{\"event\":\"blur\",\"trial\":3,\"time\":66021},{\"event\":\"focus\",\"trial\":3,\"time\":94760},{\"event\":\"blur\",\"trial\":4,\"time\":167180},{\"event\":\"fullscreenexit\",\"trial\":4,\"time\":167195},{\"event\":\"focus\",\"trial\":4,\"time\":167359},{\"event\":\"blur\",\"trial\":4,\"time\":171333},{\"event\":\"focus\",\"trial\":4,\"time\":171512},{\"event\":\"blur\",\"trial\":4,\"time\":175632},{\"event\":\"focus\",\"trial\":4,\"time\":175810},{\"event\":\"blur\",\"trial\":4,\"time\":179663},{\"event\":\"focus\",\"trial\":4,\"time\":179844},{\"event\":\"blur\",\"trial\":4,\"time\":183677},{\"event\":\"focus\",\"trial\":4,\"time\":183847},{\"event\":\"blur\",\"trial\":5,\"time\":280963},{\"event\":\"focus\",\"trial\":5,\"time\":388534},{\"event\":\"blur\",\"trial\":15,\"time\":593137},{\"event\":\"focus\",\"trial\":15,\"time\":617718},{\"event\":\"blur\",\"trial\":16,\"time\":646729},{\"event\":\"focus\",\"trial\":16,\"time\":646910}]"}]