[{"success":true,"timeout":false,"failed_images":[],"failed_audio":[],"failed_video":[],"trial_type":"preload","trial_index":0,"time_elapsed":585,"internal_node_id":"0.0-0.0"},{"success":true,"trial_type":"fullscreen","trial_index":1,"time_elapsed":3472,"internal_node_id":"0.0-1.0"},{"rt":2727,"stimulus":"Welcome to the experiment. Press any key to begin.","response":"arrowdown","trial_type":"html-keyboard-response","trial_index":2,"time_elapsed":6201,"internal_node_id":"0.0-2.0"},{"view_history":[{"page_index":0,"viewing_time":3557},{"page_index":1,"viewing_time":4610},{"page_index":2,"viewing_time":38040},{"page_index":3,"viewing_time":6352},{"page_index":4,"viewing_time":2176},{"page_index":5,"viewing_time":1138},{"page_index":6,"viewing_time":4082},{"page_index":7,"viewing_time":8218},{"page_index":8,"viewing_time":13078},{"page_index":9,"viewing_time":6712},{"page_index":10,"viewing_time":774},{"page_index":11,"viewing_time":588},{"page_index":12,"viewing_time":498},{"page_index":13,"viewing_time":2314},{"page_index":14,"viewing_time":3214},{"page_index":15,"viewing_time":4376},{"page_index":16,"viewing_time":1476},{"page_index":17,"viewing_time":566},{"page_index":18,"viewing_time":846},{"page_index":19,"viewing_time":12314},{"page_index":20,"viewing_time":6156},{"page_index":21,"viewing_time":4244}],"rt":125329,"trial_type":"instructions","trial_index":3,"time_elapsed":131532,"internal_node_id":"0.0-3.0"},{"rt":71698,"url":"../static/nodeGraphsTraining.html","edgeClickLog":[],"trial_type":"external-html","trial_index":4,"time_elapsed":203345,"internal_node_id":"0.0-4.0"},{"rt":23812,"response":{"q1":"The goal is to help the student to get the most points","q2":"False","q3":"Possible paths the student can take.","q4":"Paths that the student took before."},"question_order":[0,1,2,3],"trial_type":"survey-multi-choice","trial_index":5,"time_elapsed":227159,"internal_node_id":"0.0-5.0"},{"rt":4398,"stimulus":"<p>You can take a 60 second break before starting the experiment.</p><br><br><p>This page will advance in 60 seconds or you can press any key to advance now.</p>","response":"arrowright","trial_type":"html-keyboard-response","trial_index":6,"time_elapsed":231562,"internal_node_id":"0.0-7.0"},{"view_history":[{"page_index":0,"viewing_time":14114}],"rt":14114,"trial_type":"instructions","trial_index":7,"time_elapsed":245678,"internal_node_id":"0.0-8.0"},{"rt":28072,"url":"../static/nodeGraphs.html","edge":"5to7","edgeRT":"16419","flipped":"FALSE","correct_edge":"0to1","index":"19","edgeClickLog":"[{\"edgeSelection\":\"5to9\",\"edgeRTMS\":12136},{\"edgeSelection\":\"5to7\",\"edgeRTMS\":13734},{\"edgeSelection\":\"5to9\",\"edgeRTMS\":14718},{\"edgeSelection\":\"5to9\",\"edgeRTMS\":15258},{\"edgeSelection\":\"5to7\",\"edgeRTMS\":16419}]","seed":" 37422119","task":"experiment","subjectId":"q6xmy0c4tuw1tka","trial_type":"external-html","trial_index":8,"time_elapsed":273826,"internal_node_id":"0.0-9.0-0.0"},{"rt":8910,"url":"../static/nodeGraphs.html","edge":"2to4","edgeRT":"5315","flipped":"FALSE","correct_edge":"2to4","index":"5","edgeClickLog":"[{\"edgeSelection\":\"2to4\",\"edgeRTMS\":5315}]","seed":" 10409262","task":"experiment","subjectId":"q6xmy0c4tuw1tka","trial_type":"external-html","trial_index":9,"time_elapsed":283338,"internal_node_id":"0.0-9.0-0.1"},{"rt":14321,"url":"../static/nodeGraphs.html","edge":"6to8","edgeRT":"12606","flipped":"TRUE","correct_edge":"0to2","index":"28","edgeClickLog":"[{\"edgeSelection\":\"3to6\",\"edgeRTMS\":7007},{\"edgeSelection\":\"6to8\",\"edgeRTMS\":12606}]","seed":" 8396978","task":"experiment","subjectId":"q6xmy0c4tuw1tka","trial_type":"external-html","trial_index":10,"time_elapsed":298250,"internal_node_id":"0.0-9.0-0.2"},{"rt":6940,"url":"../static/nodeGraphs.html","edge":"0to3","edgeRT":"4494","flipped":"TRUE","correct_edge":"0to3","index":"20","edgeClickLog":"[{\"edgeSelection\":\"0to3\",\"edgeRTMS\":4494}]","seed":" 21745736","task":"experiment","subjectId":"q6xmy0c4tuw1tka","trial_type":"external-html","trial_index":11,"time_elapsed":305794,"internal_node_id":"0.0-9.0-0.3"},{"rt":14387,"url":"../static/nodeGraphs.html","edge":"2to4","edgeRT":"12716","flipped":"FALSE","correct_edge":"0to2","index":"14","edgeClickLog":"[{\"edgeSelection\":\"2to4\",\"edgeRTMS\":12716}]","seed":" 21083760","task":"experiment","subjectId":"q6xmy0c4tuw1tka","trial_type":"external-html","trial_index":12,"time_elapsed":320780,"internal_node_id":"0.0-9.0-0.4"},{"rt":7883,"url":"../static/nodeGraphs.html","edge":"0to2","edgeRT":"5637","flipped":"TRUE","correct_edge":"0to2","index":"37","edgeClickLog":"[{\"edgeSelection\":\"0to2\",\"edgeRTMS\":5637}]","seed":" 21211189","task":"experiment","subjectId":"q6xmy0c4tuw1tka","trial_type":"external-html","trial_index":13,"time_elapsed":329262,"internal_node_id":"0.0-9.0-0.5"},{"rt":20619,"url":"../static/nodeGraphs.html","edge":"0to3","edgeRT":"15475","flipped":"FALSE","correct_edge":"4to7","index":"6","edgeClickLog":"[{\"edgeSelection\":\"4to7\",\"edgeRTMS\":4610},{\"edgeSelection\":\"4to7\",\"edgeRTMS\":6117},{\"edgeSelection\":\"0to3\",\"edgeRTMS\":15475}]","seed":" 13523788","task":"experiment","subjectId":"q6xmy0c4tuw1tka","trial_type":"external-html","trial_index":14,"time_elapsed":350482,"internal_node_id":"0.0-9.0-0.6"},{"rt":15045,"url":"../static/nodeGraphs.html","edge":"1to4","edgeRT":"11995","flipped":"TRUE","correct_edge":"0to1","index":"29","edgeClickLog":"[{\"edgeSelection\":\"1to4\",\"edgeRTMS\":11995}]","seed":" 61187187","task":"experiment","subjectId":"q6xmy0c4tuw1tka","trial_type":"external-html","trial_index":15,"time_elapsed":366134,"internal_node_id":"0.0-9.0-0.7"},{"rt":16288,"url":"../static/nodeGraphs.html","edge":"2to6","edgeRT":"11627","flipped":"FALSE","correct_edge":"0to2","index":"13","edgeClickLog":"[{\"edgeSelection\":\"2to6\",\"edgeRTMS\":11627}]","seed":" 49587019","task":"experiment","subjectId":"q6xmy0c4tuw1tka","trial_type":"external-html","trial_index":16,"time_elapsed":383022,"internal_node_id":"0.0-9.0-0.8"},{"rt":11362,"url":"../static/nodeGraphs.html","edge":"2to5","edgeRT":"10462","flipped":"FALSE","correct_edge":"3to5","index":"18","edgeClickLog":"[{\"edgeSelection\":\"2to5\",\"edgeRTMS\":10462}]","seed":" 22181670","task":"experiment","subjectId":"q6xmy0c4tuw1tka","trial_type":"external-html","trial_index":17,"time_elapsed":394970,"internal_node_id":"0.0-9.0-0.9"},{"rt":9166,"url":"../static/nodeGraphs.html","edge":"3to5","edgeRT":"8117","flipped":"FALSE","correct_edge":"5to9","index":"16","edgeClickLog":"[{\"edgeSelection\":\"3to5\",\"edgeRTMS\":8117}]","seed":" 5655743","task":"experiment","subjectId":"q6xmy0c4tuw1tka","trial_type":"external-html","trial_index":18,"time_elapsed":404736,"internal_node_id":"0.0-9.0-0.10"},{"rt":8583,"url":"../static/nodeGraphs.html","edge":"0to1","edgeRT":"5279","flipped":"TRUE","correct_edge":"2to4","index":"35","edgeClickLog":"[{\"edgeSelection\":\"0to1\",\"edgeRTMS\":5279}]","seed":" 53220770","task":"experiment","subjectId":"q6xmy0c4tuw1tka","trial_type":"external-html","trial_index":19,"time_elapsed":413918,"internal_node_id":"0.0-9.0-0.11"},{"rt":9194,"url":"../static/nodeGraphs.html","edge":"0to2","edgeRT":"7779","flipped":"FALSE","correct_edge":"0to2","index":"17","edgeClickLog":"[{\"edgeSelection\":\"0to2\",\"edgeRTMS\":7779}]","seed":" 21211189","task":"experiment","subjectId":"q6xmy0c4tuw1tka","trial_type":"external-html","trial_index":20,"time_elapsed":423717,"internal_node_id":"0.0-9.0-0.12"},{"rt":5436,"url":"../static/nodeGraphs.html","edge":"5to8","edgeRT":"3879","flipped":"FALSE","correct_edge":"5to8","index":"3","edgeClickLog":"[{\"edgeSelection\":\"5to8\",\"edgeRTMS\":3879}]","seed":" 46003743","task":"experiment","subjectId":"q6xmy0c4tuw1tka","trial_type":"external-html","trial_index":21,"time_elapsed":429755,"internal_node_id":"0.0-9.0-0.13"},{"rt":5968,"url":"../static/nodeGraphs.html","edge":"6to8","edgeRT":"4565","flipped":"TRUE","correct_edge":"6to8","index":"21","edgeClickLog":"[{\"edgeSelection\":\"6to8\",\"edgeRTMS\":4565}]","seed":" 32816305","task":"experiment","subjectId":"q6xmy0c4tuw1tka","trial_type":"external-html","trial_index":22,"time_elapsed":436322,"internal_node_id":"0.0-9.0-0.14"},{"rt":12664,"url":"../static/nodeGraphs.html","edge":"3to5","edgeRT":"7982","flipped":"FALSE","correct_edge":"0to3","index":"12","edgeClickLog":"[{\"edgeSelection\":\"3to5\",\"edgeRTMS\":7982}]","seed":" 36895371","task":"experiment","subjectId":"q6xmy0c4tuw1tka","trial_type":"external-html","trial_index":23,"time_elapsed":449579,"internal_node_id":"0.0-9.0-0.15"},{"rt":4867,"url":"../static/nodeGraphs.html","edge":"1to4","edgeRT":"3240","flipped":"FALSE","correct_edge":"1to4","index":"2","edgeClickLog":"[{\"edgeSelection\":\"1to4\",\"edgeRTMS\":3240}]","seed":" 22809663","task":"experiment","subjectId":"q6xmy0c4tuw1tka","trial_type":"external-html","trial_index":24,"time_elapsed":455041,"internal_node_id":"0.0-9.0-0.16"},{"rt":8235,"url":"../static/nodeGraphs.html","edge":"1to5","edgeRT":"6440","flipped":"TRUE","correct_edge":"6to9","index":"26","edgeClickLog":"[{\"edgeSelection\":\"1to5\",\"edgeRTMS\":6440}]","seed":" 13523788","task":"experiment","subjectId":"q6xmy0c4tuw1tka","trial_type":"external-html","trial_index":25,"time_elapsed":463988,"internal_node_id":"0.0-9.0-0.17"},{"rt":12973,"url":"../static/nodeGraphs.html","edge":"0to3","edgeRT":"12148","flipped":"FALSE","correct_edge":"2to6","index":"15","edgeClickLog":"[{\"edgeSelection\":\"3to6\",\"edgeRTMS\":5376},{\"edgeSelection\":\"0to3\",\"edgeRTMS\":12148}]","seed":" 53220770","task":"experiment","subjectId":"q6xmy0c4tuw1tka","trial_type":"external-html","trial_index":26,"time_elapsed":477558,"internal_node_id":"0.0-9.0-0.18"},{"rt":7129,"url":"../static/nodeGraphs.html","edge":"0to1","edgeRT":"5975","flipped":"FALSE","correct_edge":"0to2","index":"7","edgeClickLog":"[{\"edgeSelection\":\"0to1\",\"edgeRTMS\":5975}]","seed":" 85614324","task":"experiment","subjectId":"q6xmy0c4tuw1tka","trial_type":"external-html","trial_index":27,"time_elapsed":485285,"internal_node_id":"0.0-9.0-0.19"},{"rt":4478,"url":"../static/nodeGraphs.html","edge":"2to6","edgeRT":"3331","flipped":"TRUE","correct_edge":"2to6","index":"24","edgeClickLog":"[{\"edgeSelection\":\"2to6\",\"edgeRTMS\":3331}]","seed":" 36501291","task":"experiment","subjectId":"q6xmy0c4tuw1tka","trial_type":"external-html","trial_index":28,"time_elapsed":490366,"internal_node_id":"0.0-9.0-0.20"},{"rt":11301,"url":"../static/nodeGraphs.html","edge":"2to6","edgeRT":"10402","flipped":"TRUE","correct_edge":"0to2","index":"31","edgeClickLog":"[{\"edgeSelection\":\"2to6\",\"edgeRTMS\":10402}]","seed":" 63833578","task":"experiment","subjectId":"q6xmy0c4tuw1tka","trial_type":"external-html","trial_index":29,"time_elapsed":502253,"internal_node_id":"0.0-9.0-0.21"},{"rt":10710,"url":"../static/nodeGraphs.html","edge":"0to2","edgeRT":"9734","flipped":"FALSE","correct_edge":"0to2","index":"8","edgeClickLog":"[{\"edgeSelection\":\"0to2\",\"edgeRTMS\":9734}]","seed":" 8396978","task":"experiment","subjectId":"q6xmy0c4tuw1tka","trial_type":"external-html","trial_index":30,"time_elapsed":513559,"internal_node_id":"0.0-9.0-0.22"},{"rt":5249,"url":"../static/nodeGraphs.html","edge":"4to8","edgeRT":"3862","flipped":"FALSE","correct_edge":"4to8","index":"1","edgeClickLog":"[{\"edgeSelection\":\"4to8\",\"edgeRTMS\":3862}]","seed":" 32816305","task":"experiment","subjectId":"q6xmy0c4tuw1tka","trial_type":"external-html","trial_index":31,"time_elapsed":519401,"internal_node_id":"0.0-9.0-0.23"},{"rt":4920,"url":"../static/nodeGraphs.html","edge":"3to6","edgeRT":"3524","flipped":"TRUE","correct_edge":"3to6","index":"22","edgeClickLog":"[{\"edgeSelection\":\"3to6\",\"edgeRTMS\":3524}]","seed":" 22809663","task":"experiment","subjectId":"q6xmy0c4tuw1tka","trial_type":"external-html","trial_index":32,"time_elapsed":524911,"internal_node_id":"0.0-9.0-0.24"},{"rt":4995,"url":"../static/nodeGraphs.html","edge":"1to5","edgeRT":"3836","flipped":"TRUE","correct_edge":"5to7","index":"36","edgeClickLog":"[{\"edgeSelection\":\"1to5\",\"edgeRTMS\":3836}]","seed":" 5655743","task":"experiment","subjectId":"q6xmy0c4tuw1tka","trial_type":"external-html","trial_index":33,"time_elapsed":530495,"internal_node_id":"0.0-9.0-0.25"},{"rt":6487,"url":"../static/nodeGraphs.html","edge":"2to6","edgeRT":"3936","flipped":"TRUE","correct_edge":"2to6","index":"25","edgeClickLog":"[{\"edgeSelection\":\"2to6\",\"edgeRTMS\":3936}]","seed":" 10409262","task":"experiment","subjectId":"q6xmy0c4tuw1tka","trial_type":"external-html","trial_index":34,"time_elapsed":537588,"internal_node_id":"0.0-9.0-0.26"},{"rt":5751,"url":"../static/nodeGraphs.html","edge":"0to2","edgeRT":"3008","flipped":"TRUE","correct_edge":"1to5","index":"38","edgeClickLog":"[{\"edgeSelection\":\"0to2\",\"edgeRTMS\":3008}]","seed":" 22181670","task":"experiment","subjectId":"q6xmy0c4tuw1tka","trial_type":"external-html","trial_index":35,"time_elapsed":543926,"internal_node_id":"0.0-9.0-0.27"},{"rt":9562,"url":"../static/nodeGraphs.html","edge":"0to1","edgeRT":"6830","flipped":"TRUE","correct_edge":"0to1","index":"32","edgeClickLog":"[{\"edgeSelection\":\"0to1\",\"edgeRTMS\":6830}]","seed":" 36895371","task":"experiment","subjectId":"q6xmy0c4tuw1tka","trial_type":"external-html","trial_index":36,"time_elapsed":554090,"internal_node_id":"0.0-9.0-0.28"},{"rt":29855,"url":"../static/nodeGraphs.html","edge":"2to4","edgeRT":"28873","flipped":"FALSE","correct_edge":"0to2","index":"10","edgeClickLog":"[{\"edgeSelection\":\"0to1\",\"edgeRTMS\":6803},{\"edgeSelection\":\"2to4\",\"edgeRTMS\":28873}]","seed":" 39688702","task":"experiment","subjectId":"q6xmy0c4tuw1tka","trial_type":"external-html","trial_index":37,"time_elapsed":584548,"internal_node_id":"0.0-9.0-0.29"},{"rt":8883,"url":"../static/nodeGraphs.html","edge":"3to6","edgeRT":"6895","flipped":"TRUE","correct_edge":"0to2","index":"34","edgeClickLog":"[{\"edgeSelection\":\"3to6\",\"edgeRTMS\":6895}]","seed":" 21083760","task":"experiment","subjectId":"q6xmy0c4tuw1tka","trial_type":"external-html","trial_index":38,"time_elapsed":594026,"internal_node_id":"0.0-9.0-0.30"},{"rt":11007,"url":"../static/nodeGraphs.html","edge":"0to3","edgeRT":"10166","flipped":"TRUE","correct_edge":"0to3","index":"39","edgeClickLog":"[{\"edgeSelection\":\"0to3\",\"edgeRTMS\":10166}]","seed":" 37422119","task":"experiment","subjectId":"q6xmy0c4tuw1tka","trial_type":"external-html","trial_index":39,"time_elapsed":605618,"internal_node_id":"0.0-9.0-0.31"},{"rt":5028,"url":"../static/nodeGraphs.html","edge":"0to1","edgeRT":"2912","flipped":"FALSE","correct_edge":"0to1","index":"0","edgeClickLog":"[{\"edgeSelection\":\"0to1\",\"edgeRTMS\":2912}]","seed":" 21745736","task":"experiment","subjectId":"q6xmy0c4tuw1tka","trial_type":"external-html","trial_index":40,"time_elapsed":611246,"internal_node_id":"0.0-9.0-0.32"},{"rt":6292,"url":"../static/nodeGraphs.html","edge":"2to4","edgeRT":"5512","flipped":"TRUE","correct_edge":"0to2","index":"33","edgeClickLog":"[{\"edgeSelection\":\"2to4\",\"edgeRTMS\":5512}]","seed":" 49587019","task":"experiment","subjectId":"q6xmy0c4tuw1tka","trial_type":"external-html","trial_index":41,"time_elapsed":618136,"internal_node_id":"0.0-9.0-0.33"},{"rt":4879,"url":"../static/nodeGraphs.html","edge":"5to8","edgeRT":"3628","flipped":"TRUE","correct_edge":"5to8","index":"23","edgeClickLog":"[{\"edgeSelection\":\"5to8\",\"edgeRTMS\":3628}]","seed":" 46003743","task":"experiment","subjectId":"q6xmy0c4tuw1tka","trial_type":"external-html","trial_index":42,"time_elapsed":623604,"internal_node_id":"0.0-9.0-0.34"},{"rt":4215,"url":"../static/nodeGraphs.html","edge":"0to3","edgeRT":"2597","flipped":"FALSE","correct_edge":"0to3","index":"9","edgeClickLog":"[{\"edgeSelection\":\"0to3\",\"edgeRTMS\":2597}]","seed":" 61187187","task":"experiment","subjectId":"q6xmy0c4tuw1tka","trial_type":"external-html","trial_index":43,"time_elapsed":628417,"internal_node_id":"0.0-9.0-0.35"},{"rt":7096,"url":"../static/nodeGraphs.html","edge":"0to2","edgeRT":"4309","flipped":"FALSE","correct_edge":"0to2","index":"11","edgeClickLog":"[{\"edgeSelection\":\"0to2\",\"edgeRTMS\":4309}]","seed":" 63833578","task":"experiment","subjectId":"q6xmy0c4tuw1tka","trial_type":"external-html","trial_index":44,"time_elapsed":636116,"internal_node_id":"0.0-9.0-0.36"},{"rt":9083,"url":"../static/nodeGraphs.html","edge":"6to8","edgeRT":"8216","flipped":"TRUE","correct_edge":"0to2","index":"30","edgeClickLog":"[{\"edgeSelection\":\"6to8\",\"edgeRTMS\":8216}]","seed":" 39688702","task":"experiment","subjectId":"q6xmy0c4tuw1tka","trial_type":"external-html","trial_index":45,"time_elapsed":645792,"internal_node_id":"0.0-9.0-0.37"},{"rt":3474,"url":"../static/nodeGraphs.html","edge":"0to2","edgeRT":"2582","flipped":"TRUE","correct_edge":"0to2","index":"27","edgeClickLog":"[{\"edgeSelection\":\"0to2\",\"edgeRTMS\":2582}]","seed":" 85614324","task":"experiment","subjectId":"q6xmy0c4tuw1tka","trial_type":"external-html","trial_index":46,"time_elapsed":649870,"internal_node_id":"0.0-9.0-0.38"},{"rt":4912,"url":"../static/nodeGraphs.html","edge":"2to4","edgeRT":"3898","flipped":"FALSE","correct_edge":"2to4","index":"4","edgeClickLog":"[{\"edgeSelection\":\"2to4\",\"edgeRTMS\":3898}]","seed":" 36501291","task":"experiment","subjectId":"q6xmy0c4tuw1tka","trial_type":"external-html","trial_index":47,"time_elapsed":655364,"internal_node_id":"0.0-9.0-0.39"},{"rt":49974,"response":{"P0_Q0":null,"P0_Q1":2,"P0_Q2":7,"P0_Q3":4,"P0_Q4":3,"P0_Q5":2,"strategies":"I looked for the highest possible numbers and then chose the path that seemed likely to be the bottleneck or reason the student didn't go that way.","feedback":""},"accuracy":[],"trial_type":"survey","trial_index":48,"time_elapsed":705983,"internal_node_id":"0.0-10.0"},{"rt":5457,"stimulus":"<p>Thanks for your time!</p>        <p>We need to manually calculate your bonus pay, please give us up to 7 days.</p><p>Press any key to conclude.</p>","response":"arrowdown","task":"end","subjectId":"q6xmy0c4tuw1tka","trial_type":"html-keyboard-response","trial_index":49,"time_elapsed":711442,"internal_node_id":"0.0-11.0","interactions":"[{\"event\":\"fullscreenenter\",\"trial\":1,\"time\":2492}]"}]