[{"success":true,"timeout":false,"failed_images":[],"failed_audio":[],"failed_video":[],"trial_type":"preload","trial_index":0,"time_elapsed":1531,"internal_node_id":"0.0-0.0"},{"success":true,"trial_type":"fullscreen","trial_index":1,"time_elapsed":5864,"internal_node_id":"0.0-1.0"},{"rt":2604,"stimulus":"Welcome to the experiment. Press any key to begin.","response":" ","trial_type":"html-keyboard-response","trial_index":2,"time_elapsed":8470,"internal_node_id":"0.0-2.0"},{"view_history":[{"page_index":0,"viewing_time":4686},{"page_index":1,"viewing_time":5876},{"page_index":2,"viewing_time":31915},{"page_index":3,"viewing_time":7029},{"page_index":4,"viewing_time":1693},{"page_index":5,"viewing_time":1217},{"page_index":6,"viewing_time":2421},{"page_index":7,"viewing_time":11346},{"page_index":8,"viewing_time":19738},{"page_index":9,"viewing_time":9143},{"page_index":10,"viewing_time":1556},{"page_index":11,"viewing_time":564},{"page_index":12,"viewing_time":552},{"page_index":13,"viewing_time":1831},{"page_index":14,"viewing_time":4701},{"page_index":15,"viewing_time":6423},{"page_index":16,"viewing_time":2278},{"page_index":17,"viewing_time":549},{"page_index":18,"viewing_time":585},{"page_index":19,"viewing_time":4229},{"page_index":20,"viewing_time":6165},{"page_index":21,"viewing_time":5726}],"rt":130222,"trial_type":"instructions","trial_index":3,"time_elapsed":138694,"internal_node_id":"0.0-3.0"},{"rt":67445,"url":"../static/nodeGraphsTraining.html","edgeClickLog":[],"trial_type":"external-html","trial_index":4,"time_elapsed":206455,"internal_node_id":"0.0-4.0"},{"rt":35786,"response":{"q1":"The goal is to help the student to get the most points","q2":"False","q3":"Possible paths the student can take.","q4":"Paths that the student took before."},"question_order":[0,1,2,3],"trial_type":"survey-multi-choice","trial_index":5,"time_elapsed":242250,"internal_node_id":"0.0-5.0"},{"rt":4048,"stimulus":"<p>You can take a 60 second break before starting the experiment.</p><br><br><p>This page will advance in 60 seconds or you can press any key to advance now.</p>","response":" ","trial_type":"html-keyboard-response","trial_index":6,"time_elapsed":246307,"internal_node_id":"0.0-7.0"},{"view_history":[{"page_index":0,"viewing_time":19303}],"rt":19304,"trial_type":"instructions","trial_index":7,"time_elapsed":265613,"internal_node_id":"0.0-8.0"},{"rt":31975,"url":"../static/nodeGraphs.html","edge":"1to5","edgeRT":"21236","flipped":"TRUE","correct_edge":"0to1","index":"32","edgeClickLog":"[{\"edgeSelection\":\"5to7\",\"edgeRTMS\":7397},{\"edgeSelection\":\"1to5\",\"edgeRTMS\":21236}]","seed":" 36895371","task":"experiment","subjectId":"ur2n948h2a0xgnl","trial_type":"external-html","trial_index":8,"time_elapsed":297801,"internal_node_id":"0.0-9.0-0.0"},{"rt":16551,"url":"../static/nodeGraphs.html","edge":"2to6","edgeRT":"8198","flipped":"TRUE","correct_edge":"2to6","index":"25","edgeClickLog":"[{\"edgeSelection\":\"2to6\",\"edgeRTMS\":8198}]","seed":" 10409262","task":"experiment","subjectId":"ur2n948h2a0xgnl","trial_type":"external-html","trial_index":9,"time_elapsed":315072,"internal_node_id":"0.0-9.0-0.1"},{"rt":19977,"url":"../static/nodeGraphs.html","edge":"2to6","edgeRT":"11103","flipped":"TRUE","correct_edge":"6to9","index":"26","edgeClickLog":"[{\"edgeSelection\":\"2to6\",\"edgeRTMS\":11103}]","seed":" 13523788","task":"experiment","subjectId":"ur2n948h2a0xgnl","trial_type":"external-html","trial_index":10,"time_elapsed":335772,"internal_node_id":"0.0-9.0-0.2"},{"rt":27762,"url":"../static/nodeGraphs.html","edge":"2to6","edgeRT":"26029","flipped":"FALSE","correct_edge":"0to2","index":"13","edgeClickLog":"[{\"edgeSelection\":\"2to6\",\"edgeRTMS\":26029}]","seed":" 49587019","task":"experiment","subjectId":"ur2n948h2a0xgnl","trial_type":"external-html","trial_index":11,"time_elapsed":364247,"internal_node_id":"0.0-9.0-0.3"},{"rt":12455,"url":"../static/nodeGraphs.html","edge":"0to1","edgeRT":"8361","flipped":"FALSE","correct_edge":"0to1","index":"0","edgeClickLog":"[{\"edgeSelection\":\"0to1\",\"edgeRTMS\":8361}]","seed":" 21745736","task":"experiment","subjectId":"ur2n948h2a0xgnl","trial_type":"external-html","trial_index":12,"time_elapsed":377425,"internal_node_id":"0.0-9.0-0.4"},{"rt":28971,"url":"../static/nodeGraphs.html","edge":"5to8","edgeRT":"26768","flipped":"FALSE","correct_edge":"3to5","index":"18","edgeClickLog":"[{\"edgeSelection\":\"3to5\",\"edgeRTMS\":21044},{\"edgeSelection\":\"5to8\",\"edgeRTMS\":26768}]","seed":" 22181670","task":"experiment","subjectId":"ur2n948h2a0xgnl","trial_type":"external-html","trial_index":13,"time_elapsed":407109,"internal_node_id":"0.0-9.0-0.5"},{"rt":7459,"url":"../static/nodeGraphs.html","edge":"6to8","edgeRT":"4022","flipped":"TRUE","correct_edge":"6to8","index":"21","edgeClickLog":"[{\"edgeSelection\":\"6to8\",\"edgeRTMS\":4022}]","seed":" 32816305","task":"experiment","subjectId":"ur2n948h2a0xgnl","trial_type":"external-html","trial_index":14,"time_elapsed":415283,"internal_node_id":"0.0-9.0-0.6"},{"rt":6089,"url":"../static/nodeGraphs.html","edge":"2to6","edgeRT":"3708","flipped":"TRUE","correct_edge":"2to6","index":"24","edgeClickLog":"[{\"edgeSelection\":\"2to6\",\"edgeRTMS\":3708}]","seed":" 36501291","task":"experiment","subjectId":"ur2n948h2a0xgnl","trial_type":"external-html","trial_index":15,"time_elapsed":422094,"internal_node_id":"0.0-9.0-0.7"},{"rt":15516,"url":"../static/nodeGraphs.html","edge":"0to2","edgeRT":"9341","flipped":"FALSE","correct_edge":"0to2","index":"10","edgeClickLog":"[{\"edgeSelection\":\"0to2\",\"edgeRTMS\":9341}]","seed":" 39688702","task":"experiment","subjectId":"ur2n948h2a0xgnl","trial_type":"external-html","trial_index":16,"time_elapsed":438533,"internal_node_id":"0.0-9.0-0.8"},{"rt":8049,"url":"../static/nodeGraphs.html","edge":"0to2","edgeRT":"5476","flipped":"TRUE","correct_edge":"0to2","index":"30","edgeClickLog":"[{\"edgeSelection\":\"0to2\",\"edgeRTMS\":5476}]","seed":" 39688702","task":"experiment","subjectId":"ur2n948h2a0xgnl","trial_type":"external-html","trial_index":17,"time_elapsed":447209,"internal_node_id":"0.0-9.0-0.9"},{"rt":4237,"url":"../static/nodeGraphs.html","edge":"0to1","edgeRT":"2390","flipped":"FALSE","correct_edge":"0to1","index":"19","edgeClickLog":"[{\"edgeSelection\":\"0to1\",\"edgeRTMS\":2390}]","seed":" 37422119","task":"experiment","subjectId":"ur2n948h2a0xgnl","trial_type":"external-html","trial_index":18,"time_elapsed":452158,"internal_node_id":"0.0-9.0-0.10"},{"rt":12068,"url":"../static/nodeGraphs.html","edge":"0to2","edgeRT":"4109","flipped":"FALSE","correct_edge":"0to2","index":"7","edgeClickLog":"[{\"edgeSelection\":\"0to2\",\"edgeRTMS\":4109}]","seed":" 85614324","task":"experiment","subjectId":"ur2n948h2a0xgnl","trial_type":"external-html","trial_index":19,"time_elapsed":464935,"internal_node_id":"0.0-9.0-0.11"},{"rt":17561,"url":"../static/nodeGraphs.html","edge":"2to4","edgeRT":"12960","flipped":"TRUE","correct_edge":"0to2","index":"33","edgeClickLog":"[{\"edgeSelection\":\"2to4\",\"edgeRTMS\":12960}]","seed":" 49587019","task":"experiment","subjectId":"ur2n948h2a0xgnl","trial_type":"external-html","trial_index":20,"time_elapsed":483213,"internal_node_id":"0.0-9.0-0.12"},{"rt":5939,"url":"../static/nodeGraphs.html","edge":"2to4","edgeRT":"2784","flipped":"FALSE","correct_edge":"2to4","index":"4","edgeClickLog":"[{\"edgeSelection\":\"2to4\",\"edgeRTMS\":2784}]","seed":" 36501291","task":"experiment","subjectId":"ur2n948h2a0xgnl","trial_type":"external-html","trial_index":21,"time_elapsed":489870,"internal_node_id":"0.0-9.0-0.13"},{"rt":5016,"url":"../static/nodeGraphs.html","edge":"0to3","edgeRT":"3413","flipped":"TRUE","correct_edge":"0to3","index":"20","edgeClickLog":"[{\"edgeSelection\":\"0to3\",\"edgeRTMS\":3413}]","seed":" 21745736","task":"experiment","subjectId":"ur2n948h2a0xgnl","trial_type":"external-html","trial_index":22,"time_elapsed":495610,"internal_node_id":"0.0-9.0-0.14"},{"rt":26097,"url":"../static/nodeGraphs.html","edge":"2to4","edgeRT":"21692","flipped":"FALSE","correct_edge":"0to2","index":"14","edgeClickLog":"[{\"edgeSelection\":\"1to4\",\"edgeRTMS\":14908},{\"edgeSelection\":\"2to4\",\"edgeRTMS\":21692}]","seed":" 21083760","task":"experiment","subjectId":"ur2n948h2a0xgnl","trial_type":"external-html","trial_index":23,"time_elapsed":522423,"internal_node_id":"0.0-9.0-0.15"},{"rt":13049,"url":"../static/nodeGraphs.html","edge":"0to1","edgeRT":"4406","flipped":"TRUE","correct_edge":"2to4","index":"35","edgeClickLog":"[{\"edgeSelection\":\"0to1\",\"edgeRTMS\":4406}]","seed":" 53220770","task":"experiment","subjectId":"ur2n948h2a0xgnl","trial_type":"external-html","trial_index":24,"time_elapsed":536202,"internal_node_id":"0.0-9.0-0.16"},{"rt":6789,"url":"../static/nodeGraphs.html","edge":"0to2","edgeRT":"5120","flipped":"FALSE","correct_edge":"0to2","index":"17","edgeClickLog":"[{\"edgeSelection\":\"0to2\",\"edgeRTMS\":5120}]","seed":" 21211189","task":"experiment","subjectId":"ur2n948h2a0xgnl","trial_type":"external-html","trial_index":25,"time_elapsed":543712,"internal_node_id":"0.0-9.0-0.17"},{"rt":5516,"url":"../static/nodeGraphs.html","edge":"0to3","edgeRT":"3738","flipped":"TRUE","correct_edge":"0to3","index":"39","edgeClickLog":"[{\"edgeSelection\":\"0to3\",\"edgeRTMS\":3738}]","seed":" 37422119","task":"experiment","subjectId":"ur2n948h2a0xgnl","trial_type":"external-html","trial_index":26,"time_elapsed":549949,"internal_node_id":"0.0-9.0-0.18"},{"rt":6167,"url":"../static/nodeGraphs.html","edge":"3to6","edgeRT":"4896","flipped":"TRUE","correct_edge":"0to2","index":"34","edgeClickLog":"[{\"edgeSelection\":\"3to6\",\"edgeRTMS\":4896}]","seed":" 21083760","task":"experiment","subjectId":"ur2n948h2a0xgnl","trial_type":"external-html","trial_index":27,"time_elapsed":556832,"internal_node_id":"0.0-9.0-0.19"},{"rt":7155,"url":"../static/nodeGraphs.html","edge":"3to5","edgeRT":"5596","flipped":"TRUE","correct_edge":"5to7","index":"36","edgeClickLog":"[{\"edgeSelection\":\"3to5\",\"edgeRTMS\":5596}]","seed":" 5655743","task":"experiment","subjectId":"ur2n948h2a0xgnl","trial_type":"external-html","trial_index":28,"time_elapsed":564730,"internal_node_id":"0.0-9.0-0.20"},{"rt":10029,"url":"../static/nodeGraphs.html","edge":"0to2","edgeRT":"4780","flipped":"TRUE","correct_edge":"0to2","index":"28","edgeClickLog":"[{\"edgeSelection\":\"0to2\",\"edgeRTMS\":4780}]","seed":" 8396978","task":"experiment","subjectId":"ur2n948h2a0xgnl","trial_type":"external-html","trial_index":29,"time_elapsed":575475,"internal_node_id":"0.0-9.0-0.21"},{"rt":4143,"url":"../static/nodeGraphs.html","edge":"3to5","edgeRT":"2859","flipped":"FALSE","correct_edge":"5to9","index":"16","edgeClickLog":"[{\"edgeSelection\":\"3to5\",\"edgeRTMS\":2859}]","seed":" 5655743","task":"experiment","subjectId":"ur2n948h2a0xgnl","trial_type":"external-html","trial_index":30,"time_elapsed":580338,"internal_node_id":"0.0-9.0-0.22"},{"rt":17045,"url":"../static/nodeGraphs.html","edge":"0to2","edgeRT":"10730","flipped":"TRUE","correct_edge":"0to2","index":"37","edgeClickLog":"[{\"edgeSelection\":\"0to2\",\"edgeRTMS\":10730}]","seed":" 21211189","task":"experiment","subjectId":"ur2n948h2a0xgnl","trial_type":"external-html","trial_index":31,"time_elapsed":598097,"internal_node_id":"0.0-9.0-0.23"},{"rt":4727,"url":"../static/nodeGraphs.html","edge":"2to4","edgeRT":"3212","flipped":"FALSE","correct_edge":"2to4","index":"5","edgeClickLog":"[{\"edgeSelection\":\"2to4\",\"edgeRTMS\":3212}]","seed":" 10409262","task":"experiment","subjectId":"ur2n948h2a0xgnl","trial_type":"external-html","trial_index":32,"time_elapsed":603540,"internal_node_id":"0.0-9.0-0.24"},{"rt":7449,"url":"../static/nodeGraphs.html","edge":"3to6","edgeRT":"6066","flipped":"FALSE","correct_edge":"4to7","index":"6","edgeClickLog":"[{\"edgeSelection\":\"3to6\",\"edgeRTMS\":6066}]","seed":" 13523788","task":"experiment","subjectId":"ur2n948h2a0xgnl","trial_type":"external-html","trial_index":33,"time_elapsed":611728,"internal_node_id":"0.0-9.0-0.25"},{"rt":13392,"url":"../static/nodeGraphs.html","edge":"2to6","edgeRT":"6416","flipped":"TRUE","correct_edge":"0to2","index":"31","edgeClickLog":"[{\"edgeSelection\":\"0to2\",\"edgeRTMS\":2908},{\"edgeSelection\":\"2to6\",\"edgeRTMS\":6416}]","seed":" 63833578","task":"experiment","subjectId":"ur2n948h2a0xgnl","trial_type":"external-html","trial_index":34,"time_elapsed":625831,"internal_node_id":"0.0-9.0-0.26"},{"rt":4282,"url":"../static/nodeGraphs.html","edge":"3to6","edgeRT":"2210","flipped":"TRUE","correct_edge":"3to6","index":"22","edgeClickLog":"[{\"edgeSelection\":\"3to6\",\"edgeRTMS\":2210}]","seed":" 22809663","task":"experiment","subjectId":"ur2n948h2a0xgnl","trial_type":"external-html","trial_index":35,"time_elapsed":630821,"internal_node_id":"0.0-9.0-0.27"},{"rt":5374,"url":"../static/nodeGraphs.html","edge":"5to8","edgeRT":"3647","flipped":"FALSE","correct_edge":"5to8","index":"3","edgeClickLog":"[{\"edgeSelection\":\"5to8\",\"edgeRTMS\":3647}]","seed":" 46003743","task":"experiment","subjectId":"ur2n948h2a0xgnl","trial_type":"external-html","trial_index":36,"time_elapsed":636916,"internal_node_id":"0.0-9.0-0.28"},{"rt":7697,"url":"../static/nodeGraphs.html","edge":"0to3","edgeRT":"5606","flipped":"FALSE","correct_edge":"2to6","index":"15","edgeClickLog":"[{\"edgeSelection\":\"0to3\",\"edgeRTMS\":5606}]","seed":" 53220770","task":"experiment","subjectId":"ur2n948h2a0xgnl","trial_type":"external-html","trial_index":37,"time_elapsed":645327,"internal_node_id":"0.0-9.0-0.29"},{"rt":12832,"url":"../static/nodeGraphs.html","edge":"2to5","edgeRT":"11849","flipped":"TRUE","correct_edge":"1to5","index":"38","edgeClickLog":"[{\"edgeSelection\":\"2to5\",\"edgeRTMS\":4517},{\"edgeSelection\":\"5to8\",\"edgeRTMS\":7541},{\"edgeSelection\":\"2to5\",\"edgeRTMS\":11849}]","seed":" 22181670","task":"experiment","subjectId":"ur2n948h2a0xgnl","trial_type":"external-html","trial_index":38,"time_elapsed":658880,"internal_node_id":"0.0-9.0-0.30"},{"rt":8410,"url":"../static/nodeGraphs.html","edge":"0to3","edgeRT":"4828","flipped":"FALSE","correct_edge":"0to3","index":"9","edgeClickLog":"[{\"edgeSelection\":\"0to3\",\"edgeRTMS\":4828}]","seed":" 61187187","task":"experiment","subjectId":"ur2n948h2a0xgnl","trial_type":"external-html","trial_index":39,"time_elapsed":667997,"internal_node_id":"0.0-9.0-0.31"},{"rt":5319,"url":"../static/nodeGraphs.html","edge":"1to4","edgeRT":"4189","flipped":"FALSE","correct_edge":"1to4","index":"2","edgeClickLog":"[{\"edgeSelection\":\"1to4\",\"edgeRTMS\":4189}]","seed":" 22809663","task":"experiment","subjectId":"ur2n948h2a0xgnl","trial_type":"external-html","trial_index":40,"time_elapsed":674023,"internal_node_id":"0.0-9.0-0.32"},{"rt":5110,"url":"../static/nodeGraphs.html","edge":"0to1","edgeRT":"2419","flipped":"TRUE","correct_edge":"0to1","index":"29","edgeClickLog":"[{\"edgeSelection\":\"0to1\",\"edgeRTMS\":2419}]","seed":" 61187187","task":"experiment","subjectId":"ur2n948h2a0xgnl","trial_type":"external-html","trial_index":41,"time_elapsed":679852,"internal_node_id":"0.0-9.0-0.33"},{"rt":9298,"url":"../static/nodeGraphs.html","edge":"3to5","edgeRT":"7267","flipped":"FALSE","correct_edge":"0to3","index":"12","edgeClickLog":"[{\"edgeSelection\":\"5to9\",\"edgeRTMS\":2151},{\"edgeSelection\":\"3to5\",\"edgeRTMS\":7267}]","seed":" 36895371","task":"experiment","subjectId":"ur2n948h2a0xgnl","trial_type":"external-html","trial_index":42,"time_elapsed":689865,"internal_node_id":"0.0-9.0-0.34"},{"rt":8157,"url":"../static/nodeGraphs.html","edge":"0to3","edgeRT":"2254","flipped":"TRUE","correct_edge":"0to2","index":"27","edgeClickLog":"[{\"edgeSelection\":\"0to3\",\"edgeRTMS\":2254}]","seed":" 85614324","task":"experiment","subjectId":"ur2n948h2a0xgnl","trial_type":"external-html","trial_index":43,"time_elapsed":698741,"internal_node_id":"0.0-9.0-0.35"},{"rt":8265,"url":"../static/nodeGraphs.html","edge":"2to4","edgeRT":"6477","flipped":"FALSE","correct_edge":"0to2","index":"8","edgeClickLog":"[{\"edgeSelection\":\"2to4\",\"edgeRTMS\":6477}]","seed":" 8396978","task":"experiment","subjectId":"ur2n948h2a0xgnl","trial_type":"external-html","trial_index":44,"time_elapsed":707722,"internal_node_id":"0.0-9.0-0.36"},{"rt":5818,"url":"../static/nodeGraphs.html","edge":"2to4","edgeRT":"4403","flipped":"FALSE","correct_edge":"0to2","index":"11","edgeClickLog":"[{\"edgeSelection\":\"2to4\",\"edgeRTMS\":4403}]","seed":" 63833578","task":"experiment","subjectId":"ur2n948h2a0xgnl","trial_type":"external-html","trial_index":45,"time_elapsed":714252,"internal_node_id":"0.0-9.0-0.37"},{"rt":6461,"url":"../static/nodeGraphs.html","edge":"5to8","edgeRT":"3715","flipped":"TRUE","correct_edge":"5to8","index":"23","edgeClickLog":"[{\"edgeSelection\":\"5to8\",\"edgeRTMS\":3715}]","seed":" 46003743","task":"experiment","subjectId":"ur2n948h2a0xgnl","trial_type":"external-html","trial_index":46,"time_elapsed":721458,"internal_node_id":"0.0-9.0-0.38"},{"rt":8153,"url":"../static/nodeGraphs.html","edge":"4to8","edgeRT":"4479","flipped":"FALSE","correct_edge":"4to8","index":"1","edgeClickLog":"[{\"edgeSelection\":\"4to8\",\"edgeRTMS\":4479}]","seed":" 32816305","task":"experiment","subjectId":"ur2n948h2a0xgnl","trial_type":"external-html","trial_index":47,"time_elapsed":730322,"internal_node_id":"0.0-9.0-0.39"},{"rt":32447,"response":{"P0_Q0":null,"P0_Q1":3,"P0_Q2":4,"P0_Q3":4,"P0_Q4":5,"P0_Q5":5,"strategies":"most points","feedback":""},"accuracy":[],"trial_type":"survey","trial_index":48,"time_elapsed":763467,"internal_node_id":"0.0-10.0"},{"rt":3995,"stimulus":"<p>Thanks for your time!</p>        <p>We need to manually calculate your bonus pay, please give us up to 7 days.</p><p>Press any key to conclude.</p>","response":" ","task":"end","subjectId":"ur2n948h2a0xgnl","trial_type":"html-keyboard-response","trial_index":49,"time_elapsed":767469,"internal_node_id":"0.0-11.0","interactions":"[{\"event\":\"fullscreenenter\",\"trial\":1,\"time\":4914},{\"event\":\"blur\",\"trial\":31,\"time\":589925},{\"event\":\"focus\",\"trial\":31,\"time\":589925},{\"event\":\"fullscreenexit\",\"trial\":31,\"time\":589945}]"}]