[{"success":true,"timeout":false,"failed_images":[],"failed_audio":[],"failed_video":[],"trial_type":"preload","trial_index":0,"time_elapsed":784,"internal_node_id":"0.0-0.0"},{"success":true,"trial_type":"fullscreen","trial_index":1,"time_elapsed":3789,"internal_node_id":"0.0-1.0"},{"rt":1508,"stimulus":"Welcome to the experiment. Press any key to begin.","response":" ","trial_type":"html-keyboard-response","trial_index":2,"time_elapsed":5299,"internal_node_id":"0.0-2.0"},{"view_history":[{"page_index":0,"viewing_time":3816},{"page_index":1,"viewing_time":4391},{"page_index":2,"viewing_time":18543},{"page_index":3,"viewing_time":3843},{"page_index":4,"viewing_time":1305},{"page_index":5,"viewing_time":841},{"page_index":6,"viewing_time":2343},{"page_index":7,"viewing_time":8641},{"page_index":8,"viewing_time":22986},{"page_index":9,"viewing_time":11221},{"page_index":10,"viewing_time":2042},{"page_index":11,"viewing_time":703},{"page_index":12,"viewing_time":455},{"page_index":13,"viewing_time":1455},{"page_index":14,"viewing_time":3522},{"page_index":15,"viewing_time":12365},{"page_index":16,"viewing_time":1145},{"page_index":17,"viewing_time":687},{"page_index":18,"viewing_time":1003},{"page_index":19,"viewing_time":6024},{"page_index":20,"viewing_time":7370},{"page_index":21,"viewing_time":3716}],"rt":118416,"trial_type":"instructions","trial_index":3,"time_elapsed":123724,"internal_node_id":"0.0-3.0"},{"rt":54404,"url":"../static/nodeGraphsTraining.html","edgeClickLog":[],"trial_type":"external-html","trial_index":4,"time_elapsed":178278,"internal_node_id":"0.0-4.0"},{"rt":22769,"response":{"q1":"The goal is to help the student to get the most points","q2":"False","q3":"Possible paths the student can take.","q4":"Paths that the student took before."},"question_order":[0,1,2,3],"trial_type":"survey-multi-choice","trial_index":5,"time_elapsed":201051,"internal_node_id":"0.0-5.0"},{"rt":4275,"stimulus":"<p>You can take a 60 second break before starting the experiment.</p><br><br><p>This page will advance in 60 seconds or you can press any key to advance now.</p>","response":" ","trial_type":"html-keyboard-response","trial_index":6,"time_elapsed":205331,"internal_node_id":"0.0-7.0"},{"view_history":[{"page_index":0,"viewing_time":12437}],"rt":12437,"trial_type":"instructions","trial_index":7,"time_elapsed":217769,"internal_node_id":"0.0-8.0"},{"rt":14439,"url":"../static/nodeGraphs.html","edge":"1to4","edgeRT":"12216","flipped":"FALSE","correct_edge":"0to1","index":"0","edgeClickLog":"[{\"edgeSelection\":\"1to4\",\"edgeRTMS\":12216}]","seed":" 21745736","task":"experiment","subjectId":"7ucqnvjfvx2d2ga","trial_type":"external-html","trial_index":8,"time_elapsed":232316,"internal_node_id":"0.0-9.0-0.0"},{"rt":8035,"url":"../static/nodeGraphs.html","edge":"6to9","edgeRT":"7132","flipped":"TRUE","correct_edge":"6to9","index":"26","edgeClickLog":"[{\"edgeSelection\":\"6to9\",\"edgeRTMS\":7132}]","seed":" 13523788","task":"experiment","subjectId":"7ucqnvjfvx2d2ga","trial_type":"external-html","trial_index":9,"time_elapsed":240955,"internal_node_id":"0.0-9.0-0.1"},{"rt":8970,"url":"../static/nodeGraphs.html","edge":"3to6","edgeRT":"7773","flipped":"TRUE","correct_edge":"0to2","index":"30","edgeClickLog":"[{\"edgeSelection\":\"3to6\",\"edgeRTMS\":7773}]","seed":" 39688702","task":"experiment","subjectId":"7ucqnvjfvx2d2ga","trial_type":"external-html","trial_index":10,"time_elapsed":250538,"internal_node_id":"0.0-9.0-0.2"},{"rt":5603,"url":"../static/nodeGraphs.html","edge":"5to8","edgeRT":"4585","flipped":"FALSE","correct_edge":"5to8","index":"3","edgeClickLog":"[{\"edgeSelection\":\"5to8\",\"edgeRTMS\":4585}]","seed":" 46003743","task":"experiment","subjectId":"7ucqnvjfvx2d2ga","trial_type":"external-html","trial_index":11,"time_elapsed":256751,"internal_node_id":"0.0-9.0-0.3"},{"rt":8059,"url":"../static/nodeGraphs.html","edge":"3to6","edgeRT":"4180","flipped":"TRUE","correct_edge":"0to2","index":"34","edgeClickLog":"[{\"edgeSelection\":\"3to6\",\"edgeRTMS\":4180}]","seed":" 21083760","task":"experiment","subjectId":"7ucqnvjfvx2d2ga","trial_type":"external-html","trial_index":12,"time_elapsed":265417,"internal_node_id":"0.0-9.0-0.4"},{"rt":12881,"url":"../static/nodeGraphs.html","edge":"2to6","edgeRT":"9041","flipped":"TRUE","correct_edge":"0to2","index":"28","edgeClickLog":"[{\"edgeSelection\":\"2to6\",\"edgeRTMS\":9041}]","seed":" 8396978","task":"experiment","subjectId":"7ucqnvjfvx2d2ga","trial_type":"external-html","trial_index":13,"time_elapsed":278913,"internal_node_id":"0.0-9.0-0.5"},{"rt":8134,"url":"../static/nodeGraphs.html","edge":"5to8","edgeRT":"7163","flipped":"TRUE","correct_edge":"5to8","index":"23","edgeClickLog":"[{\"edgeSelection\":\"5to8\",\"edgeRTMS\":7163}]","seed":" 46003743","task":"experiment","subjectId":"7ucqnvjfvx2d2ga","trial_type":"external-html","trial_index":14,"time_elapsed":287653,"internal_node_id":"0.0-9.0-0.6"},{"rt":7372,"url":"../static/nodeGraphs.html","edge":"2to5","edgeRT":"5076","flipped":"TRUE","correct_edge":"0to2","index":"37","edgeClickLog":"[{\"edgeSelection\":\"2to5\",\"edgeRTMS\":5076}]","seed":" 21211189","task":"experiment","subjectId":"7ucqnvjfvx2d2ga","trial_type":"external-html","trial_index":15,"time_elapsed":295630,"internal_node_id":"0.0-9.0-0.7"},{"rt":9423,"url":"../static/nodeGraphs.html","edge":"2to6","edgeRT":"7794","flipped":"TRUE","correct_edge":"2to6","index":"24","edgeClickLog":"[{\"edgeSelection\":\"2to6\",\"edgeRTMS\":7794}]","seed":" 36501291","task":"experiment","subjectId":"7ucqnvjfvx2d2ga","trial_type":"external-html","trial_index":16,"time_elapsed":305657,"internal_node_id":"0.0-9.0-0.8"},{"rt":14914,"url":"../static/nodeGraphs.html","edge":"2to4","edgeRT":"11014","flipped":"TRUE","correct_edge":"0to2","index":"33","edgeClickLog":"[{\"edgeSelection\":\"2to4\",\"edgeRTMS\":11014}]","seed":" 49587019","task":"experiment","subjectId":"7ucqnvjfvx2d2ga","trial_type":"external-html","trial_index":17,"time_elapsed":321177,"internal_node_id":"0.0-9.0-0.9"},{"rt":10034,"url":"../static/nodeGraphs.html","edge":"2to4","edgeRT":"8730","flipped":"FALSE","correct_edge":"0to2","index":"8","edgeClickLog":"[{\"edgeSelection\":\"2to4\",\"edgeRTMS\":8730}]","seed":" 8396978","task":"experiment","subjectId":"7ucqnvjfvx2d2ga","trial_type":"external-html","trial_index":18,"time_elapsed":331817,"internal_node_id":"0.0-9.0-0.10"},{"rt":11277,"url":"../static/nodeGraphs.html","edge":"3to6","edgeRT":"10109","flipped":"TRUE","correct_edge":"0to3","index":"20","edgeClickLog":"[{\"edgeSelection\":\"3to6\",\"edgeRTMS\":10109}]","seed":" 21745736","task":"experiment","subjectId":"7ucqnvjfvx2d2ga","trial_type":"external-html","trial_index":19,"time_elapsed":343701,"internal_node_id":"0.0-9.0-0.11"},{"rt":7489,"url":"../static/nodeGraphs.html","edge":"6to8","edgeRT":"6732","flipped":"TRUE","correct_edge":"6to8","index":"21","edgeClickLog":"[{\"edgeSelection\":\"6to8\",\"edgeRTMS\":6732}]","seed":" 32816305","task":"experiment","subjectId":"7ucqnvjfvx2d2ga","trial_type":"external-html","trial_index":20,"time_elapsed":351800,"internal_node_id":"0.0-9.0-0.12"},{"rt":7259,"url":"../static/nodeGraphs.html","edge":"2to4","edgeRT":"6332","flipped":"FALSE","correct_edge":"2to4","index":"5","edgeClickLog":"[{\"edgeSelection\":\"2to4\",\"edgeRTMS\":6332}]","seed":" 10409262","task":"experiment","subjectId":"7ucqnvjfvx2d2ga","trial_type":"external-html","trial_index":21,"time_elapsed":359672,"internal_node_id":"0.0-9.0-0.13"},{"rt":14143,"url":"../static/nodeGraphs.html","edge":"5to8","edgeRT":"7111","flipped":"TRUE","correct_edge":"1to5","index":"38","edgeClickLog":"[{\"edgeSelection\":\"2to5\",\"edgeRTMS\":4361},{\"edgeSelection\":\"5to8\",\"edgeRTMS\":7111}]","seed":" 22181670","task":"experiment","subjectId":"7ucqnvjfvx2d2ga","trial_type":"external-html","trial_index":22,"time_elapsed":374425,"internal_node_id":"0.0-9.0-0.14"},{"rt":8152,"url":"../static/nodeGraphs.html","edge":"3to6","edgeRT":"3605","flipped":"FALSE","correct_edge":"2to6","index":"15","edgeClickLog":"[{\"edgeSelection\":\"3to6\",\"edgeRTMS\":3605}]","seed":" 53220770","task":"experiment","subjectId":"7ucqnvjfvx2d2ga","trial_type":"external-html","trial_index":23,"time_elapsed":383184,"internal_node_id":"0.0-9.0-0.15"},{"rt":7664,"url":"../static/nodeGraphs.html","edge":"2to5","edgeRT":"6640","flipped":"FALSE","correct_edge":"0to2","index":"7","edgeClickLog":"[{\"edgeSelection\":\"2to5\",\"edgeRTMS\":6640}]","seed":" 85614324","task":"experiment","subjectId":"7ucqnvjfvx2d2ga","trial_type":"external-html","trial_index":24,"time_elapsed":391449,"internal_node_id":"0.0-9.0-0.16"},{"rt":9364,"url":"../static/nodeGraphs.html","edge":"1to4","edgeRT":"8413","flipped":"FALSE","correct_edge":"0to2","index":"10","edgeClickLog":"[{\"edgeSelection\":\"1to4\",\"edgeRTMS\":8413}]","seed":" 39688702","task":"experiment","subjectId":"7ucqnvjfvx2d2ga","trial_type":"external-html","trial_index":25,"time_elapsed":401420,"internal_node_id":"0.0-9.0-0.17"},{"rt":15445,"url":"../static/nodeGraphs.html","edge":"2to6","edgeRT":"14376","flipped":"TRUE","correct_edge":"0to2","index":"31","edgeClickLog":"[{\"edgeSelection\":\"2to6\",\"edgeRTMS\":14376}]","seed":" 63833578","task":"experiment","subjectId":"7ucqnvjfvx2d2ga","trial_type":"external-html","trial_index":26,"time_elapsed":417470,"internal_node_id":"0.0-9.0-0.18"},{"rt":8081,"url":"../static/nodeGraphs.html","edge":"4to8","edgeRT":"6810","flipped":"FALSE","correct_edge":"1to4","index":"2","edgeClickLog":"[{\"edgeSelection\":\"4to8\",\"edgeRTMS\":6810}]","seed":" 22809663","task":"experiment","subjectId":"7ucqnvjfvx2d2ga","trial_type":"external-html","trial_index":27,"time_elapsed":426156,"internal_node_id":"0.0-9.0-0.19"},{"rt":7054,"url":"../static/nodeGraphs.html","edge":"3to6","edgeRT":"5442","flipped":"TRUE","correct_edge":"0to3","index":"39","edgeClickLog":"[{\"edgeSelection\":\"3to6\",\"edgeRTMS\":5442}]","seed":" 37422119","task":"experiment","subjectId":"7ucqnvjfvx2d2ga","trial_type":"external-html","trial_index":28,"time_elapsed":433819,"internal_node_id":"0.0-9.0-0.20"},{"rt":3500,"url":"../static/nodeGraphs.html","edge":"2to5","edgeRT":"2468","flipped":"FALSE","correct_edge":"3to5","index":"18","edgeClickLog":"[{\"edgeSelection\":\"2to5\",\"edgeRTMS\":2468}]","seed":" 22181670","task":"experiment","subjectId":"7ucqnvjfvx2d2ga","trial_type":"external-html","trial_index":29,"time_elapsed":437927,"internal_node_id":"0.0-9.0-0.21"},{"rt":22718,"url":"../static/nodeGraphs.html","edge":"5to7","edgeRT":"21572","flipped":"FALSE","correct_edge":"2to4","index":"4","edgeClickLog":"[{\"edgeSelection\":\"5to7\",\"edgeRTMS\":21572}]","seed":" 36501291","task":"experiment","subjectId":"7ucqnvjfvx2d2ga","trial_type":"external-html","trial_index":30,"time_elapsed":461255,"internal_node_id":"0.0-9.0-0.22"},{"rt":12942,"url":"../static/nodeGraphs.html","edge":"1to5","edgeRT":"11273","flipped":"FALSE","correct_edge":"5to9","index":"16","edgeClickLog":"[{\"edgeSelection\":\"1to5\",\"edgeRTMS\":11273}]","seed":" 5655743","task":"experiment","subjectId":"7ucqnvjfvx2d2ga","trial_type":"external-html","trial_index":31,"time_elapsed":474821,"internal_node_id":"0.0-9.0-0.23"},{"rt":7039,"url":"../static/nodeGraphs.html","edge":"4to8","edgeRT":"6254","flipped":"FALSE","correct_edge":"4to8","index":"1","edgeClickLog":"[{\"edgeSelection\":\"4to8\",\"edgeRTMS\":6254}]","seed":" 32816305","task":"experiment","subjectId":"7ucqnvjfvx2d2ga","trial_type":"external-html","trial_index":32,"time_elapsed":482465,"internal_node_id":"0.0-9.0-0.24"},{"rt":4428,"url":"../static/nodeGraphs.html","edge":"1to4","edgeRT":"3107","flipped":"FALSE","correct_edge":"0to1","index":"19","edgeClickLog":"[{\"edgeSelection\":\"1to4\",\"edgeRTMS\":3107}]","seed":" 37422119","task":"experiment","subjectId":"7ucqnvjfvx2d2ga","trial_type":"external-html","trial_index":33,"time_elapsed":487751,"internal_node_id":"0.0-9.0-0.25"},{"rt":7102,"url":"../static/nodeGraphs.html","edge":"2to6","edgeRT":"4546","flipped":"TRUE","correct_edge":"2to6","index":"25","edgeClickLog":"[{\"edgeSelection\":\"2to6\",\"edgeRTMS\":4546}]","seed":" 10409262","task":"experiment","subjectId":"7ucqnvjfvx2d2ga","trial_type":"external-html","trial_index":34,"time_elapsed":495416,"internal_node_id":"0.0-9.0-0.26"},{"rt":15519,"url":"../static/nodeGraphs.html","edge":"3to5","edgeRT":"11252","flipped":"FALSE","correct_edge":"0to3","index":"12","edgeClickLog":"[{\"edgeSelection\":\"3to5\",\"edgeRTMS\":11252}]","seed":" 36895371","task":"experiment","subjectId":"7ucqnvjfvx2d2ga","trial_type":"external-html","trial_index":35,"time_elapsed":511538,"internal_node_id":"0.0-9.0-0.27"},{"rt":8558,"url":"../static/nodeGraphs.html","edge":"2to4","edgeRT":"7114","flipped":"FALSE","correct_edge":"0to2","index":"11","edgeClickLog":"[{\"edgeSelection\":\"2to4\",\"edgeRTMS\":7114}]","seed":" 63833578","task":"experiment","subjectId":"7ucqnvjfvx2d2ga","trial_type":"external-html","trial_index":36,"time_elapsed":520703,"internal_node_id":"0.0-9.0-0.28"},{"rt":8727,"url":"../static/nodeGraphs.html","edge":"6to9","edgeRT":"7914","flipped":"FALSE","correct_edge":"0to2","index":"14","edgeClickLog":"[{\"edgeSelection\":\"6to9\",\"edgeRTMS\":7914}]","seed":" 21083760","task":"experiment","subjectId":"7ucqnvjfvx2d2ga","trial_type":"external-html","trial_index":37,"time_elapsed":530032,"internal_node_id":"0.0-9.0-0.29"},{"rt":14542,"url":"../static/nodeGraphs.html","edge":"5to7","edgeRT":"13768","flipped":"FALSE","correct_edge":"4to7","index":"6","edgeClickLog":"[{\"edgeSelection\":\"5to7\",\"edgeRTMS\":13768}]","seed":" 13523788","task":"experiment","subjectId":"7ucqnvjfvx2d2ga","trial_type":"external-html","trial_index":38,"time_elapsed":545181,"internal_node_id":"0.0-9.0-0.30"},{"rt":10389,"url":"../static/nodeGraphs.html","edge":"2to5","edgeRT":"6104","flipped":"FALSE","correct_edge":"0to2","index":"17","edgeClickLog":"[{\"edgeSelection\":\"2to5\",\"edgeRTMS\":6104}]","seed":" 21211189","task":"experiment","subjectId":"7ucqnvjfvx2d2ga","trial_type":"external-html","trial_index":39,"time_elapsed":556175,"internal_node_id":"0.0-9.0-0.31"},{"rt":5216,"url":"../static/nodeGraphs.html","edge":"3to6","edgeRT":"4242","flipped":"TRUE","correct_edge":"3to6","index":"22","edgeClickLog":"[{\"edgeSelection\":\"3to6\",\"edgeRTMS\":4242}]","seed":" 22809663","task":"experiment","subjectId":"7ucqnvjfvx2d2ga","trial_type":"external-html","trial_index":40,"time_elapsed":561996,"internal_node_id":"0.0-9.0-0.32"},{"rt":17338,"url":"../static/nodeGraphs.html","edge":"4to7","edgeRT":"13354","flipped":"TRUE","correct_edge":"0to1","index":"32","edgeClickLog":"[{\"edgeSelection\":\"4to7\",\"edgeRTMS\":13354}]","seed":" 36895371","task":"experiment","subjectId":"7ucqnvjfvx2d2ga","trial_type":"external-html","trial_index":41,"time_elapsed":579939,"internal_node_id":"0.0-9.0-0.33"},{"rt":4995,"url":"../static/nodeGraphs.html","edge":"2to5","edgeRT":"3692","flipped":"TRUE","correct_edge":"0to2","index":"27","edgeClickLog":"[{\"edgeSelection\":\"2to5\",\"edgeRTMS\":3692}]","seed":" 85614324","task":"experiment","subjectId":"7ucqnvjfvx2d2ga","trial_type":"external-html","trial_index":42,"time_elapsed":585538,"internal_node_id":"0.0-9.0-0.34"},{"rt":2958,"url":"../static/nodeGraphs.html","edge":"1to4","edgeRT":"1904","flipped":"TRUE","correct_edge":"0to1","index":"29","edgeClickLog":"[{\"edgeSelection\":\"1to4\",\"edgeRTMS\":1904}]","seed":" 61187187","task":"experiment","subjectId":"7ucqnvjfvx2d2ga","trial_type":"external-html","trial_index":43,"time_elapsed":589103,"internal_node_id":"0.0-9.0-0.35"},{"rt":9013,"url":"../static/nodeGraphs.html","edge":"4to7","edgeRT":"5225","flipped":"TRUE","correct_edge":"2to4","index":"35","edgeClickLog":"[{\"edgeSelection\":\"4to7\",\"edgeRTMS\":5225}]","seed":" 53220770","task":"experiment","subjectId":"7ucqnvjfvx2d2ga","trial_type":"external-html","trial_index":44,"time_elapsed":598731,"internal_node_id":"0.0-9.0-0.36"},{"rt":29664,"url":"../static/nodeGraphs.html","edge":"2to6","edgeRT":"26977","flipped":"FALSE","correct_edge":"0to2","index":"13","edgeClickLog":"[{\"edgeSelection\":\"2to6\",\"edgeRTMS\":26977}]","seed":" 49587019","task":"experiment","subjectId":"7ucqnvjfvx2d2ga","trial_type":"external-html","trial_index":45,"time_elapsed":629001,"internal_node_id":"0.0-9.0-0.37"},{"rt":16211,"url":"../static/nodeGraphs.html","edge":"3to5","edgeRT":"15179","flipped":"TRUE","correct_edge":"5to7","index":"36","edgeClickLog":"[{\"edgeSelection\":\"3to5\",\"edgeRTMS\":15179}]","seed":" 5655743","task":"experiment","subjectId":"7ucqnvjfvx2d2ga","trial_type":"external-html","trial_index":46,"time_elapsed":645816,"internal_node_id":"0.0-9.0-0.38"},{"rt":8223,"url":"../static/nodeGraphs.html","edge":"3to6","edgeRT":"3909","flipped":"FALSE","correct_edge":"0to3","index":"9","edgeClickLog":"[{\"edgeSelection\":\"3to6\",\"edgeRTMS\":3909}]","seed":" 61187187","task":"experiment","subjectId":"7ucqnvjfvx2d2ga","trial_type":"external-html","trial_index":47,"time_elapsed":654928,"internal_node_id":"0.0-9.0-0.39"},{"rt":38566,"response":{"P0_Q0":null,"P0_Q1":2,"P0_Q2":7,"P0_Q3":6,"P0_Q4":4,"P0_Q5":1,"strategies":"Figure out the path that would give the most points","feedback":""},"accuracy":[],"trial_type":"survey","trial_index":48,"time_elapsed":694056,"internal_node_id":"0.0-10.0"},{"rt":5524,"stimulus":"<p>Thanks for your time!</p>        <p>We need to manually calculate your bonus pay, please give us up to 7 days.</p><p>Press any key to conclude.</p>","response":" ","task":"end","subjectId":"7ucqnvjfvx2d2ga","trial_type":"html-keyboard-response","trial_index":49,"time_elapsed":699583,"internal_node_id":"0.0-11.0","interactions":"[{\"event\":\"fullscreenenter\",\"trial\":1,\"time\":2833},{\"event\":\"fullscreenexit\",\"trial\":49,\"time\":697792}]"}]