[{"success":true,"timeout":false,"failed_images":[],"failed_audio":[],"failed_video":[],"trial_type":"preload","trial_index":0,"time_elapsed":465,"internal_node_id":"0.0-0.0"},{"success":true,"trial_type":"fullscreen","trial_index":1,"time_elapsed":4240,"internal_node_id":"0.0-1.0"},{"rt":1649,"stimulus":"Welcome to the experiment. Press any key to begin.","response":"n","trial_type":"html-keyboard-response","trial_index":2,"time_elapsed":5892,"internal_node_id":"0.0-2.0"},{"view_history":[{"page_index":0,"viewing_time":4286},{"page_index":1,"viewing_time":8688},{"page_index":2,"viewing_time":21306},{"page_index":3,"viewing_time":3021},{"page_index":4,"viewing_time":1175},{"page_index":5,"viewing_time":1063},{"page_index":6,"viewing_time":1779},{"page_index":7,"viewing_time":5901},{"page_index":8,"viewing_time":23138},{"page_index":9,"viewing_time":13832},{"page_index":10,"viewing_time":1074},{"page_index":11,"viewing_time":354},{"page_index":12,"viewing_time":423},{"page_index":13,"viewing_time":1502},{"page_index":14,"viewing_time":3210},{"page_index":15,"viewing_time":8213},{"page_index":16,"viewing_time":1002},{"page_index":17,"viewing_time":418},{"page_index":18,"viewing_time":564},{"page_index":19,"viewing_time":3349},{"page_index":20,"viewing_time":7745},{"page_index":21,"viewing_time":7648}],"rt":119691,"trial_type":"instructions","trial_index":3,"time_elapsed":125582,"internal_node_id":"0.0-3.0"},{"rt":63573,"url":"../static/nodeGraphsTraining.html","edgeClickLog":[],"trial_type":"external-html","trial_index":4,"time_elapsed":189261,"internal_node_id":"0.0-4.0"},{"rt":20028,"response":{"q1":"The goal is to help the student to get the most points","q2":"False","q3":"Possible paths the student can take.","q4":"Paths that the student took before."},"question_order":[0,1,2,3],"trial_type":"survey-multi-choice","trial_index":5,"time_elapsed":209294,"internal_node_id":"0.0-5.0"},{"rt":4317,"stimulus":"<p>You can take a 60 second break before starting the experiment.</p><br><br><p>This page will advance in 60 seconds or you can press any key to advance now.</p>","response":" ","trial_type":"html-keyboard-response","trial_index":6,"time_elapsed":213616,"internal_node_id":"0.0-7.0"},{"view_history":[{"page_index":0,"viewing_time":24845}],"rt":24845,"trial_type":"instructions","trial_index":7,"time_elapsed":238462,"internal_node_id":"0.0-8.0"},{"rt":15437,"url":"../static/nodeGraphs.html","edge":"5to9","edgeRT":"11225","flipped":"FALSE","correct_edge":"0to2","index":"13","edgeClickLog":"[{\"edgeSelection\":\"5to9\",\"edgeRTMS\":11225}]","seed":" 49587019","task":"experiment","subjectId":"p3sfuqbhjb4u9bk","trial_type":"external-html","trial_index":8,"time_elapsed":253979,"internal_node_id":"0.0-9.0-0.0"},{"rt":9670,"url":"../static/nodeGraphs.html","edge":"5to7","edgeRT":"8226","flipped":"FALSE","correct_edge":"0to2","index":"8","edgeClickLog":"[{\"edgeSelection\":\"5to7\",\"edgeRTMS\":8226}]","seed":" 8396978","task":"experiment","subjectId":"p3sfuqbhjb4u9bk","trial_type":"external-html","trial_index":9,"time_elapsed":264224,"internal_node_id":"0.0-9.0-0.1"},{"rt":4446,"url":"../static/nodeGraphs.html","edge":"6to9","edgeRT":"2960","flipped":"TRUE","correct_edge":"6to9","index":"26","edgeClickLog":"[{\"edgeSelection\":\"6to9\",\"edgeRTMS\":2960}]","seed":" 13523788","task":"experiment","subjectId":"p3sfuqbhjb4u9bk","trial_type":"external-html","trial_index":10,"time_elapsed":269253,"internal_node_id":"0.0-9.0-0.2"},{"rt":7729,"url":"../static/nodeGraphs.html","edge":"3to5","edgeRT":"6084","flipped":"TRUE","correct_edge":"0to2","index":"37","edgeClickLog":"[{\"edgeSelection\":\"3to5\",\"edgeRTMS\":6084}]","seed":" 21211189","task":"experiment","subjectId":"p3sfuqbhjb4u9bk","trial_type":"external-html","trial_index":11,"time_elapsed":277556,"internal_node_id":"0.0-9.0-0.3"},{"rt":8728,"url":"../static/nodeGraphs.html","edge":"5to7","edgeRT":"7729","flipped":"TRUE","correct_edge":"0to2","index":"28","edgeClickLog":"[{\"edgeSelection\":\"5to7\",\"edgeRTMS\":7729}]","seed":" 8396978","task":"experiment","subjectId":"p3sfuqbhjb4u9bk","trial_type":"external-html","trial_index":12,"time_elapsed":286865,"internal_node_id":"0.0-9.0-0.4"},{"rt":4534,"url":"../static/nodeGraphs.html","edge":"5to7","edgeRT":"2828","flipped":"TRUE","correct_edge":"0to3","index":"39","edgeClickLog":"[{\"edgeSelection\":\"5to7\",\"edgeRTMS\":2828}]","seed":" 37422119","task":"experiment","subjectId":"p3sfuqbhjb4u9bk","trial_type":"external-html","trial_index":13,"time_elapsed":291977,"internal_node_id":"0.0-9.0-0.5"},{"rt":14666,"url":"../static/nodeGraphs.html","edge":"5to7","edgeRT":"13850","flipped":"FALSE","correct_edge":"0to2","index":"11","edgeClickLog":"[{\"edgeSelection\":\"2to5\",\"edgeRTMS\":5840},{\"edgeSelection\":\"5to7\",\"edgeRTMS\":8433},{\"edgeSelection\":\"2to5\",\"edgeRTMS\":10099},{\"edgeSelection\":\"5to7\",\"edgeRTMS\":13850}]","seed":" 63833578","task":"experiment","subjectId":"p3sfuqbhjb4u9bk","trial_type":"external-html","trial_index":14,"time_elapsed":307225,"internal_node_id":"0.0-9.0-0.6"},{"rt":4571,"url":"../static/nodeGraphs.html","edge":"5to8","edgeRT":"2714","flipped":"TRUE","correct_edge":"5to8","index":"23","edgeClickLog":"[{\"edgeSelection\":\"5to8\",\"edgeRTMS\":2714}]","seed":" 46003743","task":"experiment","subjectId":"p3sfuqbhjb4u9bk","trial_type":"external-html","trial_index":15,"time_elapsed":312367,"internal_node_id":"0.0-9.0-0.7"},{"rt":9778,"url":"../static/nodeGraphs.html","edge":"3to6","edgeRT":"7265","flipped":"TRUE","correct_edge":"0to3","index":"20","edgeClickLog":"[{\"edgeSelection\":\"3to6\",\"edgeRTMS\":7265}]","seed":" 21745736","task":"experiment","subjectId":"p3sfuqbhjb4u9bk","trial_type":"external-html","trial_index":16,"time_elapsed":322721,"internal_node_id":"0.0-9.0-0.8"},{"rt":6560,"url":"../static/nodeGraphs.html","edge":"3to5","edgeRT":"5456","flipped":"FALSE","correct_edge":"3to5","index":"18","edgeClickLog":"[{\"edgeSelection\":\"3to5\",\"edgeRTMS\":5456}]","seed":" 22181670","task":"experiment","subjectId":"p3sfuqbhjb4u9bk","trial_type":"external-html","trial_index":17,"time_elapsed":329863,"internal_node_id":"0.0-9.0-0.9"},{"rt":6504,"url":"../static/nodeGraphs.html","edge":"1to5","edgeRT":"4188","flipped":"TRUE","correct_edge":"1to5","index":"38","edgeClickLog":"[{\"edgeSelection\":\"1to5\",\"edgeRTMS\":4188}]","seed":" 22181670","task":"experiment","subjectId":"p3sfuqbhjb4u9bk","trial_type":"external-html","trial_index":18,"time_elapsed":336948,"internal_node_id":"0.0-9.0-0.10"},{"rt":2941,"url":"../static/nodeGraphs.html","edge":"5to8","edgeRT":"1956","flipped":"FALSE","correct_edge":"5to8","index":"3","edgeClickLog":"[{\"edgeSelection\":\"5to8\",\"edgeRTMS\":1956}]","seed":" 46003743","task":"experiment","subjectId":"p3sfuqbhjb4u9bk","trial_type":"external-html","trial_index":19,"time_elapsed":340474,"internal_node_id":"0.0-9.0-0.11"},{"rt":11069,"url":"../static/nodeGraphs.html","edge":"5to7","edgeRT":"10180","flipped":"TRUE","correct_edge":"0to1","index":"32","edgeClickLog":"[{\"edgeSelection\":\"0to1\",\"edgeRTMS\":7016},{\"edgeSelection\":\"5to7\",\"edgeRTMS\":10180}]","seed":" 36895371","task":"experiment","subjectId":"p3sfuqbhjb4u9bk","trial_type":"external-html","trial_index":20,"time_elapsed":352122,"internal_node_id":"0.0-9.0-0.12"},{"rt":4974,"url":"../static/nodeGraphs.html","edge":"4to8","edgeRT":"3936","flipped":"TRUE","correct_edge":"0to2","index":"30","edgeClickLog":"[{\"edgeSelection\":\"4to8\",\"edgeRTMS\":3936}]","seed":" 39688702","task":"experiment","subjectId":"p3sfuqbhjb4u9bk","trial_type":"external-html","trial_index":21,"time_elapsed":357676,"internal_node_id":"0.0-9.0-0.13"},{"rt":4610,"url":"../static/nodeGraphs.html","edge":"2to4","edgeRT":"3335","flipped":"FALSE","correct_edge":"2to4","index":"5","edgeClickLog":"[{\"edgeSelection\":\"2to4\",\"edgeRTMS\":3335}]","seed":" 10409262","task":"experiment","subjectId":"p3sfuqbhjb4u9bk","trial_type":"external-html","trial_index":22,"time_elapsed":362865,"internal_node_id":"0.0-9.0-0.14"},{"rt":5770,"url":"../static/nodeGraphs.html","edge":"0to1","edgeRT":"3770","flipped":"FALSE","correct_edge":"0to2","index":"14","edgeClickLog":"[{\"edgeSelection\":\"0to1\",\"edgeRTMS\":3770}]","seed":" 21083760","task":"experiment","subjectId":"p3sfuqbhjb4u9bk","trial_type":"external-html","trial_index":23,"time_elapsed":369222,"internal_node_id":"0.0-9.0-0.15"},{"rt":6880,"url":"../static/nodeGraphs.html","edge":"5to7","edgeRT":"5936","flipped":"FALSE","correct_edge":"0to3","index":"9","edgeClickLog":"[{\"edgeSelection\":\"0to3\",\"edgeRTMS\":3381},{\"edgeSelection\":\"5to7\",\"edgeRTMS\":5936}]","seed":" 61187187","task":"experiment","subjectId":"p3sfuqbhjb4u9bk","trial_type":"external-html","trial_index":24,"time_elapsed":376684,"internal_node_id":"0.0-9.0-0.16"},{"rt":9526,"url":"../static/nodeGraphs.html","edge":"2to4","edgeRT":"8460","flipped":"TRUE","correct_edge":"0to2","index":"33","edgeClickLog":"[{\"edgeSelection\":\"0to2\",\"edgeRTMS\":2892},{\"edgeSelection\":\"2to4\",\"edgeRTMS\":8460}]","seed":" 49587019","task":"experiment","subjectId":"p3sfuqbhjb4u9bk","trial_type":"external-html","trial_index":25,"time_elapsed":386792,"internal_node_id":"0.0-9.0-0.17"},{"rt":6511,"url":"../static/nodeGraphs.html","edge":"2to6","edgeRT":"2950","flipped":"TRUE","correct_edge":"0to2","index":"31","edgeClickLog":"[{\"edgeSelection\":\"2to6\",\"edgeRTMS\":2950}]","seed":" 63833578","task":"experiment","subjectId":"p3sfuqbhjb4u9bk","trial_type":"external-html","trial_index":26,"time_elapsed":393908,"internal_node_id":"0.0-9.0-0.18"},{"rt":3775,"url":"../static/nodeGraphs.html","edge":"4to7","edgeRT":"2687","flipped":"FALSE","correct_edge":"4to7","index":"6","edgeClickLog":"[{\"edgeSelection\":\"4to7\",\"edgeRTMS\":2687}]","seed":" 13523788","task":"experiment","subjectId":"p3sfuqbhjb4u9bk","trial_type":"external-html","trial_index":27,"time_elapsed":398263,"internal_node_id":"0.0-9.0-0.19"},{"rt":4717,"url":"../static/nodeGraphs.html","edge":"5to7","edgeRT":"3258","flipped":"FALSE","correct_edge":"0to1","index":"19","edgeClickLog":"[{\"edgeSelection\":\"5to7\",\"edgeRTMS\":3258}]","seed":" 37422119","task":"experiment","subjectId":"p3sfuqbhjb4u9bk","trial_type":"external-html","trial_index":28,"time_elapsed":403560,"internal_node_id":"0.0-9.0-0.20"},{"rt":4216,"url":"../static/nodeGraphs.html","edge":"0to1","edgeRT":"2597","flipped":"FALSE","correct_edge":"0to2","index":"7","edgeClickLog":"[{\"edgeSelection\":\"0to1\",\"edgeRTMS\":2597}]","seed":" 85614324","task":"experiment","subjectId":"p3sfuqbhjb4u9bk","trial_type":"external-html","trial_index":29,"time_elapsed":408355,"internal_node_id":"0.0-9.0-0.21"},{"rt":4649,"url":"../static/nodeGraphs.html","edge":"2to4","edgeRT":"3396","flipped":"FALSE","correct_edge":"2to4","index":"4","edgeClickLog":"[{\"edgeSelection\":\"2to4\",\"edgeRTMS\":3396}]","seed":" 36501291","task":"experiment","subjectId":"p3sfuqbhjb4u9bk","trial_type":"external-html","trial_index":30,"time_elapsed":413583,"internal_node_id":"0.0-9.0-0.22"},{"rt":5265,"url":"../static/nodeGraphs.html","edge":"0to3","edgeRT":"3985","flipped":"TRUE","correct_edge":"0to2","index":"27","edgeClickLog":"[{\"edgeSelection\":\"0to3\",\"edgeRTMS\":3985}]","seed":" 85614324","task":"experiment","subjectId":"p3sfuqbhjb4u9bk","trial_type":"external-html","trial_index":31,"time_elapsed":419430,"internal_node_id":"0.0-9.0-0.23"},{"rt":3703,"url":"../static/nodeGraphs.html","edge":"6to8","edgeRT":"2781","flipped":"TRUE","correct_edge":"6to8","index":"21","edgeClickLog":"[{\"edgeSelection\":\"6to8\",\"edgeRTMS\":2781}]","seed":" 32816305","task":"experiment","subjectId":"p3sfuqbhjb4u9bk","trial_type":"external-html","trial_index":32,"time_elapsed":423714,"internal_node_id":"0.0-9.0-0.24"},{"rt":3933,"url":"../static/nodeGraphs.html","edge":"2to6","edgeRT":"2678","flipped":"TRUE","correct_edge":"2to6","index":"24","edgeClickLog":"[{\"edgeSelection\":\"2to6\",\"edgeRTMS\":2678}]","seed":" 36501291","task":"experiment","subjectId":"p3sfuqbhjb4u9bk","trial_type":"external-html","trial_index":33,"time_elapsed":428228,"internal_node_id":"0.0-9.0-0.25"},{"rt":5504,"url":"../static/nodeGraphs.html","edge":"0to1","edgeRT":"3018","flipped":"FALSE","correct_edge":"0to2","index":"10","edgeClickLog":"[{\"edgeSelection\":\"0to1\",\"edgeRTMS\":3018}]","seed":" 39688702","task":"experiment","subjectId":"p3sfuqbhjb4u9bk","trial_type":"external-html","trial_index":34,"time_elapsed":434333,"internal_node_id":"0.0-9.0-0.26"},{"rt":5251,"url":"../static/nodeGraphs.html","edge":"2to6","edgeRT":"2839","flipped":"FALSE","correct_edge":"2to6","index":"15","edgeClickLog":"[{\"edgeSelection\":\"2to6\",\"edgeRTMS\":2839}]","seed":" 53220770","task":"experiment","subjectId":"p3sfuqbhjb4u9bk","trial_type":"external-html","trial_index":35,"time_elapsed":440166,"internal_node_id":"0.0-9.0-0.27"},{"rt":4408,"url":"../static/nodeGraphs.html","edge":"3to6","edgeRT":"2338","flipped":"TRUE","correct_edge":"3to6","index":"22","edgeClickLog":"[{\"edgeSelection\":\"3to6\",\"edgeRTMS\":2338}]","seed":" 22809663","task":"experiment","subjectId":"p3sfuqbhjb4u9bk","trial_type":"external-html","trial_index":36,"time_elapsed":445153,"internal_node_id":"0.0-9.0-0.28"},{"rt":3886,"url":"../static/nodeGraphs.html","edge":"2to6","edgeRT":"2146","flipped":"TRUE","correct_edge":"2to6","index":"25","edgeClickLog":"[{\"edgeSelection\":\"2to6\",\"edgeRTMS\":2146}]","seed":" 10409262","task":"experiment","subjectId":"p3sfuqbhjb4u9bk","trial_type":"external-html","trial_index":37,"time_elapsed":449616,"internal_node_id":"0.0-9.0-0.29"},{"rt":3419,"url":"../static/nodeGraphs.html","edge":"5to9","edgeRT":"2424","flipped":"TRUE","correct_edge":"0to1","index":"29","edgeClickLog":"[{\"edgeSelection\":\"5to9\",\"edgeRTMS\":2424}]","seed":" 61187187","task":"experiment","subjectId":"p3sfuqbhjb4u9bk","trial_type":"external-html","trial_index":38,"time_elapsed":453612,"internal_node_id":"0.0-9.0-0.30"},{"rt":5009,"url":"../static/nodeGraphs.html","edge":"0to3","edgeRT":"3331","flipped":"FALSE","correct_edge":"0to3","index":"12","edgeClickLog":"[{\"edgeSelection\":\"0to3\",\"edgeRTMS\":3331}]","seed":" 36895371","task":"experiment","subjectId":"p3sfuqbhjb4u9bk","trial_type":"external-html","trial_index":39,"time_elapsed":459201,"internal_node_id":"0.0-9.0-0.31"},{"rt":4391,"url":"../static/nodeGraphs.html","edge":"0to1","edgeRT":"3035","flipped":"FALSE","correct_edge":"0to1","index":"0","edgeClickLog":"[{\"edgeSelection\":\"0to1\",\"edgeRTMS\":3035}]","seed":" 21745736","task":"experiment","subjectId":"p3sfuqbhjb4u9bk","trial_type":"external-html","trial_index":40,"time_elapsed":464181,"internal_node_id":"0.0-9.0-0.32"},{"rt":5389,"url":"../static/nodeGraphs.html","edge":"1to5","edgeRT":"2912","flipped":"FALSE","correct_edge":"0to2","index":"17","edgeClickLog":"[{\"edgeSelection\":\"1to5\",\"edgeRTMS\":2912}]","seed":" 21211189","task":"experiment","subjectId":"p3sfuqbhjb4u9bk","trial_type":"external-html","trial_index":41,"time_elapsed":470144,"internal_node_id":"0.0-9.0-0.33"},{"rt":5021,"url":"../static/nodeGraphs.html","edge":"1to4","edgeRT":"3810","flipped":"FALSE","correct_edge":"1to4","index":"2","edgeClickLog":"[{\"edgeSelection\":\"1to4\",\"edgeRTMS\":3810}]","seed":" 22809663","task":"experiment","subjectId":"p3sfuqbhjb4u9bk","trial_type":"external-html","trial_index":42,"time_elapsed":475745,"internal_node_id":"0.0-9.0-0.34"},{"rt":5101,"url":"../static/nodeGraphs.html","edge":"2to4","edgeRT":"3020","flipped":"TRUE","correct_edge":"2to4","index":"35","edgeClickLog":"[{\"edgeSelection\":\"2to4\",\"edgeRTMS\":3020}]","seed":" 53220770","task":"experiment","subjectId":"p3sfuqbhjb4u9bk","trial_type":"external-html","trial_index":43,"time_elapsed":481428,"internal_node_id":"0.0-9.0-0.35"},{"rt":2689,"url":"../static/nodeGraphs.html","edge":"4to8","edgeRT":"1715","flipped":"FALSE","correct_edge":"4to8","index":"1","edgeClickLog":"[{\"edgeSelection\":\"4to8\",\"edgeRTMS\":1715}]","seed":" 32816305","task":"experiment","subjectId":"p3sfuqbhjb4u9bk","trial_type":"external-html","trial_index":44,"time_elapsed":484699,"internal_node_id":"0.0-9.0-0.36"},{"rt":3482,"url":"../static/nodeGraphs.html","edge":"3to5","edgeRT":"2363","flipped":"FALSE","correct_edge":"5to9","index":"16","edgeClickLog":"[{\"edgeSelection\":\"3to5\",\"edgeRTMS\":2363}]","seed":" 5655743","task":"experiment","subjectId":"p3sfuqbhjb4u9bk","trial_type":"external-html","trial_index":45,"time_elapsed":488752,"internal_node_id":"0.0-9.0-0.37"},{"rt":3337,"url":"../static/nodeGraphs.html","edge":"1to5","edgeRT":"1969","flipped":"TRUE","correct_edge":"5to7","index":"36","edgeClickLog":"[{\"edgeSelection\":\"1to5\",\"edgeRTMS\":1969}]","seed":" 5655743","task":"experiment","subjectId":"p3sfuqbhjb4u9bk","trial_type":"external-html","trial_index":46,"time_elapsed":492667,"internal_node_id":"0.0-9.0-0.38"},{"rt":11526,"url":"../static/nodeGraphs.html","edge":"3to6","edgeRT":"10512","flipped":"TRUE","correct_edge":"0to2","index":"34","edgeClickLog":"[{\"edgeSelection\":\"4to8\",\"edgeRTMS\":4282},{\"edgeSelection\":\"6to8\",\"edgeRTMS\":9886},{\"edgeSelection\":\"3to6\",\"edgeRTMS\":10512}]","seed":" 21083760","task":"experiment","subjectId":"p3sfuqbhjb4u9bk","trial_type":"external-html","trial_index":47,"time_elapsed":504775,"internal_node_id":"0.0-9.0-0.39"},{"rt":23903,"response":{"P0_Q0":null,"P0_Q1":5,"P0_Q2":7,"P0_Q3":6,"P0_Q4":6,"P0_Q5":2,"strategies":"Tried to maximize total point potential on that path","feedback":"No"},"accuracy":[],"trial_type":"survey","trial_index":48,"time_elapsed":529316,"internal_node_id":"0.0-10.0"},{"rt":2854,"stimulus":"<p>Thanks for your time!</p>        <p>We need to manually calculate your bonus pay, please give us up to 7 days.</p><p>Press any key to conclude.</p>","response":" ","task":"end","subjectId":"p3sfuqbhjb4u9bk","trial_type":"html-keyboard-response","trial_index":49,"time_elapsed":532172,"internal_node_id":"0.0-11.0","interactions":"[{\"event\":\"fullscreenenter\",\"trial\":1,\"time\":3317}]"}]