[{"success":true,"timeout":false,"failed_images":[],"failed_audio":[],"failed_video":[],"trial_type":"preload","trial_index":0,"time_elapsed":266,"internal_node_id":"0.0-0.0"},{"success":true,"trial_type":"fullscreen","trial_index":1,"time_elapsed":3464,"internal_node_id":"0.0-1.0"},{"rt":2059,"stimulus":"Welcome to the experiment. Press any key to begin.","response":"arrowup","trial_type":"html-keyboard-response","trial_index":2,"time_elapsed":5524,"internal_node_id":"0.0-2.0"},{"view_history":[{"page_index":0,"viewing_time":2876},{"page_index":1,"viewing_time":4020},{"page_index":2,"viewing_time":21245},{"page_index":3,"viewing_time":1507},{"page_index":4,"viewing_time":973},{"page_index":5,"viewing_time":3023},{"page_index":6,"viewing_time":1422},{"page_index":7,"viewing_time":6002},{"page_index":8,"viewing_time":27776},{"page_index":9,"viewing_time":5688},{"page_index":10,"viewing_time":1038},{"page_index":11,"viewing_time":386},{"page_index":12,"viewing_time":338},{"page_index":13,"viewing_time":1181},{"page_index":14,"viewing_time":2797},{"page_index":15,"viewing_time":4230},{"page_index":16,"viewing_time":7103},{"page_index":17,"viewing_time":966},{"page_index":18,"viewing_time":561},{"page_index":19,"viewing_time":2272},{"page_index":20,"viewing_time":4582},{"page_index":21,"viewing_time":3365}],"rt":103352,"trial_type":"instructions","trial_index":3,"time_elapsed":108877,"internal_node_id":"0.0-3.0"},{"rt":58700,"url":"../static/nodeGraphsTraining.html","edgeClickLog":[],"trial_type":"external-html","trial_index":4,"time_elapsed":167623,"internal_node_id":"0.0-4.0"},{"rt":43446,"response":{"q1":"The goal is to help the student to get the most points","q2":"False","q3":"Possible paths the student can take.","q4":"Paths that the student took before."},"question_order":[0,1,2,3],"trial_type":"survey-multi-choice","trial_index":5,"time_elapsed":211071,"internal_node_id":"0.0-5.0"},{"rt":3380,"stimulus":"<p>You can take a 60 second break before starting the experiment.</p><br><br><p>This page will advance in 60 seconds or you can press any key to advance now.</p>","response":"arrowup","trial_type":"html-keyboard-response","trial_index":6,"time_elapsed":214453,"internal_node_id":"0.0-7.0"},{"view_history":[{"page_index":0,"viewing_time":8372}],"rt":8373,"trial_type":"instructions","trial_index":7,"time_elapsed":222826,"internal_node_id":"0.0-8.0"},{"rt":23157,"url":"../static/nodeGraphs.html","edge":"0to1","edgeRT":"14649","flipped":"TRUE","correct_edge":"0to1","index":"32","edgeClickLog":"[{\"edgeSelection\":\"0to1\",\"edgeRTMS\":14649}]","seed":" 36895371","task":"experiment","subjectId":"c92lfdjfwe7olob","trial_type":"external-html","trial_index":8,"time_elapsed":246022,"internal_node_id":"0.0-9.0-0.0"},{"rt":26292,"url":"../static/nodeGraphs.html","edge":"0to3","edgeRT":"11820","flipped":"TRUE","correct_edge":"0to3","index":"39","edgeClickLog":"[{\"edgeSelection\":\"0to3\",\"edgeRTMS\":11567},{\"edgeSelection\":\"0to3\",\"edgeRTMS\":11820}]","seed":" 37422119","task":"experiment","subjectId":"c92lfdjfwe7olob","trial_type":"external-html","trial_index":9,"time_elapsed":272856,"internal_node_id":"0.0-9.0-0.1"},{"rt":14097,"url":"../static/nodeGraphs.html","edge":"0to2","edgeRT":"9040","flipped":"FALSE","correct_edge":"0to2","index":"8","edgeClickLog":"[{\"edgeSelection\":\"0to2\",\"edgeRTMS\":9040}]","seed":" 8396978","task":"experiment","subjectId":"c92lfdjfwe7olob","trial_type":"external-html","trial_index":10,"time_elapsed":287487,"internal_node_id":"0.0-9.0-0.2"},{"rt":23115,"url":"../static/nodeGraphs.html","edge":"6to8","edgeRT":"22153","flipped":"TRUE","correct_edge":"6to8","index":"21","edgeClickLog":"[{\"edgeSelection\":\"6to8\",\"edgeRTMS\":22153}]","seed":" 32816305","task":"experiment","subjectId":"c92lfdjfwe7olob","trial_type":"external-html","trial_index":11,"time_elapsed":311140,"internal_node_id":"0.0-9.0-0.3"},{"rt":15412,"url":"../static/nodeGraphs.html","edge":"2to6","edgeRT":"10002","flipped":"TRUE","correct_edge":"2to6","index":"25","edgeClickLog":"[{\"edgeSelection\":\"2to6\",\"edgeRTMS\":10002}]","seed":" 10409262","task":"experiment","subjectId":"c92lfdjfwe7olob","trial_type":"external-html","trial_index":12,"time_elapsed":327098,"internal_node_id":"0.0-9.0-0.4"},{"rt":12472,"url":"../static/nodeGraphs.html","edge":"2to4","edgeRT":"8255","flipped":"FALSE","correct_edge":"2to4","index":"5","edgeClickLog":"[{\"edgeSelection\":\"2to4\",\"edgeRTMS\":8255}]","seed":" 10409262","task":"experiment","subjectId":"c92lfdjfwe7olob","trial_type":"external-html","trial_index":13,"time_elapsed":340112,"internal_node_id":"0.0-9.0-0.5"},{"rt":27164,"url":"../static/nodeGraphs.html","edge":"3to5","edgeRT":"8151","flipped":"FALSE","correct_edge":"3to5","index":"18","edgeClickLog":"[{\"edgeSelection\":\"3to5\",\"edgeRTMS\":8151}]","seed":" 22181670","task":"experiment","subjectId":"c92lfdjfwe7olob","trial_type":"external-html","trial_index":14,"time_elapsed":367812,"internal_node_id":"0.0-9.0-0.6"},{"rt":14408,"url":"../static/nodeGraphs.html","edge":"2to4","edgeRT":"8178","flipped":"TRUE","correct_edge":"2to4","index":"35","edgeClickLog":"[{\"edgeSelection\":\"2to4\",\"edgeRTMS\":8178}]","seed":" 53220770","task":"experiment","subjectId":"c92lfdjfwe7olob","trial_type":"external-html","trial_index":15,"time_elapsed":382753,"internal_node_id":"0.0-9.0-0.7"},{"rt":11462,"url":"../static/nodeGraphs.html","edge":"3to6","edgeRT":"7142","flipped":"TRUE","correct_edge":"3to6","index":"22","edgeClickLog":"[{\"edgeSelection\":\"3to6\",\"edgeRTMS\":7142}]","seed":" 22809663","task":"experiment","subjectId":"c92lfdjfwe7olob","trial_type":"external-html","trial_index":16,"time_elapsed":394751,"internal_node_id":"0.0-9.0-0.8"},{"rt":13353,"url":"../static/nodeGraphs.html","edge":"5to8","edgeRT":"4104","flipped":"TRUE","correct_edge":"5to8","index":"23","edgeClickLog":"[{\"edgeSelection\":\"5to8\",\"edgeRTMS\":4104}]","seed":" 46003743","task":"experiment","subjectId":"c92lfdjfwe7olob","trial_type":"external-html","trial_index":17,"time_elapsed":408644,"internal_node_id":"0.0-9.0-0.9"},{"rt":67859,"url":"../static/nodeGraphs.html","edge":"1to4","edgeRT":"63974","flipped":"TRUE","correct_edge":"0to1","index":"29","edgeClickLog":"[{\"edgeSelection\":\"2to4\",\"edgeRTMS\":15176},{\"edgeSelection\":\"0to1\",\"edgeRTMS\":60609},{\"edgeSelection\":\"1to4\",\"edgeRTMS\":63974}]","seed":" 61187187","task":"experiment","subjectId":"c92lfdjfwe7olob","trial_type":"external-html","trial_index":18,"time_elapsed":477041,"internal_node_id":"0.0-9.0-0.10"},{"rt":8363,"url":"../static/nodeGraphs.html","edge":"5to8","edgeRT":"5090","flipped":"FALSE","correct_edge":"5to8","index":"3","edgeClickLog":"[{\"edgeSelection\":\"5to8\",\"edgeRTMS\":5090}]","seed":" 46003743","task":"experiment","subjectId":"c92lfdjfwe7olob","trial_type":"external-html","trial_index":19,"time_elapsed":485939,"internal_node_id":"0.0-9.0-0.11"},{"rt":19522,"url":"../static/nodeGraphs.html","edge":"3to6","edgeRT":"8021","flipped":"TRUE","correct_edge":"0to2","index":"34","edgeClickLog":"[{\"edgeSelection\":\"3to6\",\"edgeRTMS\":8021}]","seed":" 21083760","task":"experiment","subjectId":"c92lfdjfwe7olob","trial_type":"external-html","trial_index":20,"time_elapsed":505993,"internal_node_id":"0.0-9.0-0.12"},{"rt":25694,"url":"../static/nodeGraphs.html","edge":"2to6","edgeRT":"9642","flipped":"FALSE","correct_edge":"2to6","index":"15","edgeClickLog":"[{\"edgeSelection\":\"2to6\",\"edgeRTMS\":9642}]","seed":" 53220770","task":"experiment","subjectId":"c92lfdjfwe7olob","trial_type":"external-html","trial_index":21,"time_elapsed":532224,"internal_node_id":"0.0-9.0-0.13"},{"rt":15894,"url":"../static/nodeGraphs.html","edge":"0to2","edgeRT":"6214","flipped":"FALSE","correct_edge":"0to2","index":"11","edgeClickLog":"[{\"edgeSelection\":\"0to2\",\"edgeRTMS\":6214}]","seed":" 63833578","task":"experiment","subjectId":"c92lfdjfwe7olob","trial_type":"external-html","trial_index":22,"time_elapsed":548651,"internal_node_id":"0.0-9.0-0.14"},{"rt":40758,"url":"../static/nodeGraphs.html","edge":"2to6","edgeRT":"19776","flipped":"FALSE","correct_edge":"0to3","index":"9","edgeClickLog":"[{\"edgeSelection\":\"2to6\",\"edgeRTMS\":19776}]","seed":" 61187187","task":"experiment","subjectId":"c92lfdjfwe7olob","trial_type":"external-html","trial_index":23,"time_elapsed":589948,"internal_node_id":"0.0-9.0-0.15"},{"rt":16288,"url":"../static/nodeGraphs.html","edge":"2to6","edgeRT":"11814","flipped":"TRUE","correct_edge":"2to6","index":"24","edgeClickLog":"[{\"edgeSelection\":\"2to6\",\"edgeRTMS\":11814}]","seed":" 36501291","task":"experiment","subjectId":"c92lfdjfwe7olob","trial_type":"external-html","trial_index":24,"time_elapsed":606773,"internal_node_id":"0.0-9.0-0.16"},{"rt":15703,"url":"../static/nodeGraphs.html","edge":"1to5","edgeRT":"5857","flipped":"TRUE","correct_edge":"5to7","index":"36","edgeClickLog":"[{\"edgeSelection\":\"1to5\",\"edgeRTMS\":5857}]","seed":" 5655743","task":"experiment","subjectId":"c92lfdjfwe7olob","trial_type":"external-html","trial_index":25,"time_elapsed":623010,"internal_node_id":"0.0-9.0-0.17"},{"rt":7888,"url":"../static/nodeGraphs.html","edge":"1to4","edgeRT":"3644","flipped":"FALSE","correct_edge":"1to4","index":"2","edgeClickLog":"[{\"edgeSelection\":\"1to4\",\"edgeRTMS\":3644}]","seed":" 22809663","task":"experiment","subjectId":"c92lfdjfwe7olob","trial_type":"external-html","trial_index":26,"time_elapsed":631432,"internal_node_id":"0.0-9.0-0.18"},{"rt":24978,"url":"../static/nodeGraphs.html","edge":"0to2","edgeRT":"19747","flipped":"TRUE","correct_edge":"0to2","index":"30","edgeClickLog":"[{\"edgeSelection\":\"0to3\",\"edgeRTMS\":12224},{\"edgeSelection\":\"0to2\",\"edgeRTMS\":19747}]","seed":" 39688702","task":"experiment","subjectId":"c92lfdjfwe7olob","trial_type":"external-html","trial_index":27,"time_elapsed":656946,"internal_node_id":"0.0-9.0-0.19"},{"rt":13783,"url":"../static/nodeGraphs.html","edge":"0to2","edgeRT":"10909","flipped":"TRUE","correct_edge":"0to2","index":"27","edgeClickLog":"[{\"edgeSelection\":\"0to2\",\"edgeRTMS\":10909}]","seed":" 85614324","task":"experiment","subjectId":"c92lfdjfwe7olob","trial_type":"external-html","trial_index":28,"time_elapsed":671269,"internal_node_id":"0.0-9.0-0.20"},{"rt":23384,"url":"../static/nodeGraphs.html","edge":"0to1","edgeRT":"11520","flipped":"FALSE","correct_edge":"0to1","index":"0","edgeClickLog":"[{\"edgeSelection\":\"0to1\",\"edgeRTMS\":6836},{\"edgeSelection\":\"1to5\",\"edgeRTMS\":9272},{\"edgeSelection\":\"0to1\",\"edgeRTMS\":11520}]","seed":" 21745736","task":"experiment","subjectId":"c92lfdjfwe7olob","trial_type":"external-html","trial_index":29,"time_elapsed":695193,"internal_node_id":"0.0-9.0-0.21"},{"rt":29447,"url":"../static/nodeGraphs.html","edge":"1to5","edgeRT":"15522","flipped":"FALSE","correct_edge":"0to2","index":"17","edgeClickLog":"[{\"edgeSelection\":\"0to2\",\"edgeRTMS\":10626},{\"edgeSelection\":\"1to5\",\"edgeRTMS\":15522}]","seed":" 21211189","task":"experiment","subjectId":"c92lfdjfwe7olob","trial_type":"external-html","trial_index":30,"time_elapsed":725181,"internal_node_id":"0.0-9.0-0.22"},{"rt":44938,"url":"../static/nodeGraphs.html","edge":"4to7","edgeRT":"14661","flipped":"FALSE","correct_edge":"4to7","index":"6","edgeClickLog":"[{\"edgeSelection\":\"4to7\",\"edgeRTMS\":14661}]","seed":" 13523788","task":"experiment","subjectId":"c92lfdjfwe7olob","trial_type":"external-html","trial_index":31,"time_elapsed":770656,"internal_node_id":"0.0-9.0-0.23"},{"rt":31534,"url":"../static/nodeGraphs.html","edge":"3to5","edgeRT":"11792","flipped":"TRUE","correct_edge":"0to2","index":"37","edgeClickLog":"[{\"edgeSelection\":\"3to5\",\"edgeRTMS\":11792}]","seed":" 21211189","task":"experiment","subjectId":"c92lfdjfwe7olob","trial_type":"external-html","trial_index":32,"time_elapsed":802732,"internal_node_id":"0.0-9.0-0.24"},{"rt":20405,"url":"../static/nodeGraphs.html","edge":"0to3","edgeRT":"9648","flipped":"TRUE","correct_edge":"0to3","index":"20","edgeClickLog":"[{\"edgeSelection\":\"0to3\",\"edgeRTMS\":9648}]","seed":" 21745736","task":"experiment","subjectId":"c92lfdjfwe7olob","trial_type":"external-html","trial_index":33,"time_elapsed":823678,"internal_node_id":"0.0-9.0-0.25"},{"rt":31176,"url":"../static/nodeGraphs.html","edge":"6to9","edgeRT":"10428","flipped":"TRUE","correct_edge":"6to9","index":"26","edgeClickLog":"[{\"edgeSelection\":\"6to9\",\"edgeRTMS\":10428}]","seed":" 13523788","task":"experiment","subjectId":"c92lfdjfwe7olob","trial_type":"external-html","trial_index":34,"time_elapsed":855389,"internal_node_id":"0.0-9.0-0.26"},{"rt":40352,"url":"../static/nodeGraphs.html","edge":"0to2","edgeRT":"28212","flipped":"TRUE","correct_edge":"0to2","index":"31","edgeClickLog":"[{\"edgeSelection\":\"0to2\",\"edgeRTMS\":28212}]","seed":" 63833578","task":"experiment","subjectId":"c92lfdjfwe7olob","trial_type":"external-html","trial_index":35,"time_elapsed":896280,"internal_node_id":"0.0-9.0-0.27"},{"rt":8664,"url":"../static/nodeGraphs.html","edge":"5to9","edgeRT":"3708","flipped":"FALSE","correct_edge":"0to1","index":"19","edgeClickLog":"[{\"edgeSelection\":\"5to9\",\"edgeRTMS\":3708}]","seed":" 37422119","task":"experiment","subjectId":"c92lfdjfwe7olob","trial_type":"external-html","trial_index":36,"time_elapsed":905479,"internal_node_id":"0.0-9.0-0.28"},{"rt":15278,"url":"../static/nodeGraphs.html","edge":"2to4","edgeRT":"10902","flipped":"FALSE","correct_edge":"2to4","index":"4","edgeClickLog":"[{\"edgeSelection\":\"2to4\",\"edgeRTMS\":10902}]","seed":" 36501291","task":"experiment","subjectId":"c92lfdjfwe7olob","trial_type":"external-html","trial_index":37,"time_elapsed":921290,"internal_node_id":"0.0-9.0-0.29"},{"rt":22135,"url":"../static/nodeGraphs.html","edge":"2to4","edgeRT":"14629","flipped":"FALSE","correct_edge":"0to2","index":"10","edgeClickLog":"[{\"edgeSelection\":\"2to4\",\"edgeRTMS\":14629}]","seed":" 39688702","task":"experiment","subjectId":"c92lfdjfwe7olob","trial_type":"external-html","trial_index":38,"time_elapsed":943966,"internal_node_id":"0.0-9.0-0.30"},{"rt":21379,"url":"../static/nodeGraphs.html","edge":"1to5","edgeRT":"10490","flipped":"TRUE","correct_edge":"1to5","index":"38","edgeClickLog":"[{\"edgeSelection\":\"1to5\",\"edgeRTMS\":10490}]","seed":" 22181670","task":"experiment","subjectId":"c92lfdjfwe7olob","trial_type":"external-html","trial_index":39,"time_elapsed":965882,"internal_node_id":"0.0-9.0-0.31"},{"rt":16373,"url":"../static/nodeGraphs.html","edge":"2to4","edgeRT":"9482","flipped":"FALSE","correct_edge":"0to2","index":"14","edgeClickLog":"[{\"edgeSelection\":\"2to4\",\"edgeRTMS\":7700},{\"edgeSelection\":\"2to4\",\"edgeRTMS\":9482}]","seed":" 21083760","task":"experiment","subjectId":"c92lfdjfwe7olob","trial_type":"external-html","trial_index":40,"time_elapsed":982793,"internal_node_id":"0.0-9.0-0.32"},{"rt":17636,"url":"../static/nodeGraphs.html","edge":"2to6","edgeRT":"7864","flipped":"FALSE","correct_edge":"0to2","index":"13","edgeClickLog":"[{\"edgeSelection\":\"2to6\",\"edgeRTMS\":7864}]","seed":" 49587019","task":"experiment","subjectId":"c92lfdjfwe7olob","trial_type":"external-html","trial_index":41,"time_elapsed":1000976,"internal_node_id":"0.0-9.0-0.33"},{"rt":17641,"url":"../static/nodeGraphs.html","edge":"3to5","edgeRT":"13985","flipped":"FALSE","correct_edge":"0to3","index":"12","edgeClickLog":"[{\"edgeSelection\":\"0to3\",\"edgeRTMS\":11847},{\"edgeSelection\":\"3to5\",\"edgeRTMS\":13985}]","seed":" 36895371","task":"experiment","subjectId":"c92lfdjfwe7olob","trial_type":"external-html","trial_index":42,"time_elapsed":1019154,"internal_node_id":"0.0-9.0-0.34"},{"rt":11489,"url":"../static/nodeGraphs.html","edge":"4to8","edgeRT":"7555","flipped":"FALSE","correct_edge":"4to8","index":"1","edgeClickLog":"[{\"edgeSelection\":\"4to8\",\"edgeRTMS\":7555}]","seed":" 32816305","task":"experiment","subjectId":"c92lfdjfwe7olob","trial_type":"external-html","trial_index":43,"time_elapsed":1031182,"internal_node_id":"0.0-9.0-0.35"},{"rt":33499,"url":"../static/nodeGraphs.html","edge":"2to4","edgeRT":"8950","flipped":"TRUE","correct_edge":"0to2","index":"33","edgeClickLog":"[{\"edgeSelection\":\"2to4\",\"edgeRTMS\":8950}]","seed":" 49587019","task":"experiment","subjectId":"c92lfdjfwe7olob","trial_type":"external-html","trial_index":44,"time_elapsed":1065223,"internal_node_id":"0.0-9.0-0.36"},{"rt":14354,"url":"../static/nodeGraphs.html","edge":"3to6","edgeRT":"4357","flipped":"TRUE","correct_edge":"0to2","index":"28","edgeClickLog":"[{\"edgeSelection\":\"3to6\",\"edgeRTMS\":4357}]","seed":" 8396978","task":"experiment","subjectId":"c92lfdjfwe7olob","trial_type":"external-html","trial_index":45,"time_elapsed":1080112,"internal_node_id":"0.0-9.0-0.37"},{"rt":55079,"url":"../static/nodeGraphs.html","edge":"0to2","edgeRT":"24355","flipped":"FALSE","correct_edge":"0to2","index":"7","edgeClickLog":"[{\"edgeSelection\":\"3to5\",\"edgeRTMS\":14230},{\"edgeSelection\":\"0to2\",\"edgeRTMS\":24355}]","seed":" 85614324","task":"experiment","subjectId":"c92lfdjfwe7olob","trial_type":"external-html","trial_index":46,"time_elapsed":1135726,"internal_node_id":"0.0-9.0-0.38"},{"rt":5397,"url":"../static/nodeGraphs.html","edge":"3to5","edgeRT":"3113","flipped":"FALSE","correct_edge":"5to9","index":"16","edgeClickLog":"[{\"edgeSelection\":\"3to5\",\"edgeRTMS\":3113}]","seed":" 5655743","task":"experiment","subjectId":"c92lfdjfwe7olob","trial_type":"external-html","trial_index":47,"time_elapsed":1141669,"internal_node_id":"0.0-9.0-0.39"},{"rt":137621,"response":{"P0_Q0":null,"P0_Q1":6,"P0_Q2":7,"P0_Q3":5,"P0_Q4":6,"P0_Q5":3,"strategies":"If there was an easy path to get more points (e.g. more points at the very bottom of the path), then I took it. But if it was less clear, I just chose a path that would lead to a higher value and hoped that the student could see a better path.","feedback":"No, everything went well"},"accuracy":[],"trial_type":"survey","trial_index":48,"time_elapsed":1279853,"internal_node_id":"0.0-10.0"},{"rt":5245,"stimulus":"<p>Thanks for your time!</p>        <p>We need to manually calculate your bonus pay, please give us up to 7 days.</p><p>Press any key to conclude.</p>","response":"arrowup","task":"end","subjectId":"c92lfdjfwe7olob","trial_type":"html-keyboard-response","trial_index":49,"time_elapsed":1285100,"internal_node_id":"0.0-11.0","interactions":"[{\"event\":\"fullscreenenter\",\"trial\":1,\"time\":2476}]"}]