[{"success":true,"timeout":false,"failed_images":[],"failed_audio":[],"failed_video":[],"trial_type":"preload","trial_index":0,"time_elapsed":881,"internal_node_id":"0.0-0.0"},{"success":true,"trial_type":"fullscreen","trial_index":1,"time_elapsed":11790,"internal_node_id":"0.0-1.0"},{"rt":1874,"stimulus":"Welcome to the experiment. Press any key to begin.","response":" ","trial_type":"html-keyboard-response","trial_index":2,"time_elapsed":13664,"internal_node_id":"0.0-2.0"},{"view_history":[{"page_index":0,"viewing_time":5169},{"page_index":1,"viewing_time":7248},{"page_index":2,"viewing_time":40992},{"page_index":3,"viewing_time":9485},{"page_index":4,"viewing_time":3666},{"page_index":5,"viewing_time":2080},{"page_index":6,"viewing_time":2898},{"page_index":7,"viewing_time":8358},{"page_index":8,"viewing_time":19599},{"page_index":9,"viewing_time":15078},{"page_index":10,"viewing_time":1728},{"page_index":11,"viewing_time":887},{"page_index":12,"viewing_time":732},{"page_index":13,"viewing_time":3726},{"page_index":14,"viewing_time":6836},{"page_index":15,"viewing_time":8446},{"page_index":16,"viewing_time":1846},{"page_index":17,"viewing_time":1256},{"page_index":18,"viewing_time":2966},{"page_index":19,"viewing_time":8283},{"page_index":20,"viewing_time":11219},{"page_index":21,"viewing_time":8385},{"page_index":20,"viewing_time":809},{"page_index":19,"viewing_time":1553},{"page_index":18,"viewing_time":913},{"page_index":17,"viewing_time":759},{"page_index":16,"viewing_time":843},{"page_index":15,"viewing_time":7400},{"page_index":14,"viewing_time":3348},{"page_index":15,"viewing_time":778},{"page_index":16,"viewing_time":960},{"page_index":17,"viewing_time":772},{"page_index":18,"viewing_time":671},{"page_index":19,"viewing_time":890},{"page_index":20,"viewing_time":3713},{"page_index":21,"viewing_time":1210}],"rt":195502,"trial_type":"instructions","trial_index":3,"time_elapsed":209169,"internal_node_id":"0.0-3.0"},{"rt":94472,"url":"../static/nodeGraphsTraining.html","edgeClickLog":[],"trial_type":"external-html","trial_index":4,"time_elapsed":303809,"internal_node_id":"0.0-4.0"},{"rt":24399,"response":{"q1":"The goal is to help the student to get the most points","q2":"False","q3":"Possible paths the student can take.","q4":"Paths that the student took before."},"question_order":[0,1,2,3],"trial_type":"survey-multi-choice","trial_index":5,"time_elapsed":328212,"internal_node_id":"0.0-5.0"},{"rt":8602,"stimulus":"<p>You can take a 60 second break before starting the experiment.</p><br><br><p>This page will advance in 60 seconds or you can press any key to advance now.</p>","response":" ","trial_type":"html-keyboard-response","trial_index":6,"time_elapsed":336816,"internal_node_id":"0.0-7.0"},{"view_history":[{"page_index":0,"viewing_time":19450}],"rt":19450,"trial_type":"instructions","trial_index":7,"time_elapsed":356267,"internal_node_id":"0.0-8.0"},{"rt":14483,"url":"../static/nodeGraphs.html","edge":"2to4","edgeRT":"12789","flipped":"FALSE","correct_edge":"0to2","index":"8","edgeClickLog":"[{\"edgeSelection\":\"2to4\",\"edgeRTMS\":12789}]","seed":" 8396978","task":"experiment","subjectId":"sstfwr03ooowl8j","trial_type":"external-html","trial_index":8,"time_elapsed":370881,"internal_node_id":"0.0-9.0-0.0"},{"rt":14299,"url":"../static/nodeGraphs.html","edge":"0to3","edgeRT":"12556","flipped":"FALSE","correct_edge":"0to3","index":"9","edgeClickLog":"[{\"edgeSelection\":\"0to3\",\"edgeRTMS\":12556}]","seed":" 61187187","task":"experiment","subjectId":"sstfwr03ooowl8j","trial_type":"external-html","trial_index":9,"time_elapsed":386244,"internal_node_id":"0.0-9.0-0.1"},{"rt":9684,"url":"../static/nodeGraphs.html","edge":"2to5","edgeRT":"6529","flipped":"TRUE","correct_edge":"1to5","index":"38","edgeClickLog":"[{\"edgeSelection\":\"2to5\",\"edgeRTMS\":6529}]","seed":" 22181670","task":"experiment","subjectId":"sstfwr03ooowl8j","trial_type":"external-html","trial_index":10,"time_elapsed":396521,"internal_node_id":"0.0-9.0-0.2"},{"rt":10476,"url":"../static/nodeGraphs.html","edge":"6to9","edgeRT":"9315","flipped":"FALSE","correct_edge":"2to6","index":"15","edgeClickLog":"[{\"edgeSelection\":\"6to9\",\"edgeRTMS\":9315}]","seed":" 53220770","task":"experiment","subjectId":"sstfwr03ooowl8j","trial_type":"external-html","trial_index":11,"time_elapsed":407598,"internal_node_id":"0.0-9.0-0.3"},{"rt":13117,"url":"../static/nodeGraphs.html","edge":"2to6","edgeRT":"11503","flipped":"TRUE","correct_edge":"2to6","index":"24","edgeClickLog":"[{\"edgeSelection\":\"2to6\",\"edgeRTMS\":11503}]","seed":" 36501291","task":"experiment","subjectId":"sstfwr03ooowl8j","trial_type":"external-html","trial_index":12,"time_elapsed":421315,"internal_node_id":"0.0-9.0-0.4"},{"rt":22270,"url":"../static/nodeGraphs.html","edge":"4to8","edgeRT":"21224","flipped":"TRUE","correct_edge":"0to2","index":"30","edgeClickLog":"[{\"edgeSelection\":\"4to8\",\"edgeRTMS\":21224}]","seed":" 39688702","task":"experiment","subjectId":"sstfwr03ooowl8j","trial_type":"external-html","trial_index":13,"time_elapsed":444180,"internal_node_id":"0.0-9.0-0.5"},{"rt":19239,"url":"../static/nodeGraphs.html","edge":"6to8","edgeRT":"16918","flipped":"TRUE","correct_edge":"6to8","index":"21","edgeClickLog":"[{\"edgeSelection\":\"6to8\",\"edgeRTMS\":16918}]","seed":" 32816305","task":"experiment","subjectId":"sstfwr03ooowl8j","trial_type":"external-html","trial_index":14,"time_elapsed":464049,"internal_node_id":"0.0-9.0-0.6"},{"rt":8910,"url":"../static/nodeGraphs.html","edge":"5to8","edgeRT":"7063","flipped":"FALSE","correct_edge":"5to8","index":"3","edgeClickLog":"[{\"edgeSelection\":\"5to8\",\"edgeRTMS\":7063}]","seed":" 46003743","task":"experiment","subjectId":"sstfwr03ooowl8j","trial_type":"external-html","trial_index":15,"time_elapsed":473557,"internal_node_id":"0.0-9.0-0.7"},{"rt":15001,"url":"../static/nodeGraphs.html","edge":"4to8","edgeRT":"12970","flipped":"FALSE","correct_edge":"0to2","index":"10","edgeClickLog":"[{\"edgeSelection\":\"4to8\",\"edgeRTMS\":12970}]","seed":" 39688702","task":"experiment","subjectId":"sstfwr03ooowl8j","trial_type":"external-html","trial_index":16,"time_elapsed":489150,"internal_node_id":"0.0-9.0-0.8"},{"rt":15689,"url":"../static/nodeGraphs.html","edge":"1to4","edgeRT":"11092","flipped":"TRUE","correct_edge":"0to1","index":"29","edgeClickLog":"[{\"edgeSelection\":\"1to4\",\"edgeRTMS\":11092}]","seed":" 61187187","task":"experiment","subjectId":"sstfwr03ooowl8j","trial_type":"external-html","trial_index":17,"time_elapsed":505428,"internal_node_id":"0.0-9.0-0.9"},{"rt":14424,"url":"../static/nodeGraphs.html","edge":"1to4","edgeRT":"9169","flipped":"TRUE","correct_edge":"6to9","index":"26","edgeClickLog":"[{\"edgeSelection\":\"1to4\",\"edgeRTMS\":9169}]","seed":" 13523788","task":"experiment","subjectId":"sstfwr03ooowl8j","trial_type":"external-html","trial_index":18,"time_elapsed":520445,"internal_node_id":"0.0-9.0-0.10"},{"rt":18808,"url":"../static/nodeGraphs.html","edge":"3to5","edgeRT":"15987","flipped":"TRUE","correct_edge":"5to7","index":"36","edgeClickLog":"[{\"edgeSelection\":\"3to5\",\"edgeRTMS\":15987}]","seed":" 5655743","task":"experiment","subjectId":"sstfwr03ooowl8j","trial_type":"external-html","trial_index":19,"time_elapsed":539857,"internal_node_id":"0.0-9.0-0.11"},{"rt":8815,"url":"../static/nodeGraphs.html","edge":"2to5","edgeRT":"5740","flipped":"FALSE","correct_edge":"3to5","index":"18","edgeClickLog":"[{\"edgeSelection\":\"2to5\",\"edgeRTMS\":5740}]","seed":" 22181670","task":"experiment","subjectId":"sstfwr03ooowl8j","trial_type":"external-html","trial_index":20,"time_elapsed":549271,"internal_node_id":"0.0-9.0-0.12"},{"rt":11405,"url":"../static/nodeGraphs.html","edge":"2to6","edgeRT":"9134","flipped":"FALSE","correct_edge":"0to2","index":"13","edgeClickLog":"[{\"edgeSelection\":\"2to6\",\"edgeRTMS\":9134}]","seed":" 49587019","task":"experiment","subjectId":"sstfwr03ooowl8j","trial_type":"external-html","trial_index":21,"time_elapsed":561278,"internal_node_id":"0.0-9.0-0.13"},{"rt":8845,"url":"../static/nodeGraphs.html","edge":"2to4","edgeRT":"7481","flipped":"FALSE","correct_edge":"0to2","index":"11","edgeClickLog":"[{\"edgeSelection\":\"2to4\",\"edgeRTMS\":7481}]","seed":" 63833578","task":"experiment","subjectId":"sstfwr03ooowl8j","trial_type":"external-html","trial_index":22,"time_elapsed":570713,"internal_node_id":"0.0-9.0-0.14"},{"rt":7620,"url":"../static/nodeGraphs.html","edge":"2to4","edgeRT":"5539","flipped":"FALSE","correct_edge":"2to4","index":"5","edgeClickLog":"[{\"edgeSelection\":\"2to4\",\"edgeRTMS\":5539}]","seed":" 10409262","task":"experiment","subjectId":"sstfwr03ooowl8j","trial_type":"external-html","trial_index":23,"time_elapsed":578937,"internal_node_id":"0.0-9.0-0.15"},{"rt":7913,"url":"../static/nodeGraphs.html","edge":"5to8","edgeRT":"6685","flipped":"TRUE","correct_edge":"5to8","index":"23","edgeClickLog":"[{\"edgeSelection\":\"5to8\",\"edgeRTMS\":6685}]","seed":" 46003743","task":"experiment","subjectId":"sstfwr03ooowl8j","trial_type":"external-html","trial_index":24,"time_elapsed":587454,"internal_node_id":"0.0-9.0-0.16"},{"rt":7710,"url":"../static/nodeGraphs.html","edge":"2to6","edgeRT":"5411","flipped":"TRUE","correct_edge":"0to2","index":"31","edgeClickLog":"[{\"edgeSelection\":\"2to6\",\"edgeRTMS\":4319},{\"edgeSelection\":\"2to6\",\"edgeRTMS\":5411}]","seed":" 63833578","task":"experiment","subjectId":"sstfwr03ooowl8j","trial_type":"external-html","trial_index":25,"time_elapsed":595749,"internal_node_id":"0.0-9.0-0.17"},{"rt":6998,"url":"../static/nodeGraphs.html","edge":"1to4","edgeRT":"5299","flipped":"FALSE","correct_edge":"1to4","index":"2","edgeClickLog":"[{\"edgeSelection\":\"1to4\",\"edgeRTMS\":5299}]","seed":" 22809663","task":"experiment","subjectId":"sstfwr03ooowl8j","trial_type":"external-html","trial_index":26,"time_elapsed":603358,"internal_node_id":"0.0-9.0-0.18"},{"rt":14902,"url":"../static/nodeGraphs.html","edge":"3to6","edgeRT":"11917","flipped":"TRUE","correct_edge":"0to2","index":"34","edgeClickLog":"[{\"edgeSelection\":\"3to6\",\"edgeRTMS\":11917}]","seed":" 21083760","task":"experiment","subjectId":"sstfwr03ooowl8j","trial_type":"external-html","trial_index":27,"time_elapsed":618857,"internal_node_id":"0.0-9.0-0.19"},{"rt":13510,"url":"../static/nodeGraphs.html","edge":"3to5","edgeRT":"11387","flipped":"FALSE","correct_edge":"5to9","index":"16","edgeClickLog":"[{\"edgeSelection\":\"3to5\",\"edgeRTMS\":11387}]","seed":" 5655743","task":"experiment","subjectId":"sstfwr03ooowl8j","trial_type":"external-html","trial_index":28,"time_elapsed":632963,"internal_node_id":"0.0-9.0-0.20"},{"rt":7204,"url":"../static/nodeGraphs.html","edge":"1to4","edgeRT":"5680","flipped":"FALSE","correct_edge":"0to2","index":"14","edgeClickLog":"[{\"edgeSelection\":\"1to4\",\"edgeRTMS\":5680}]","seed":" 21083760","task":"experiment","subjectId":"sstfwr03ooowl8j","trial_type":"external-html","trial_index":29,"time_elapsed":640782,"internal_node_id":"0.0-9.0-0.21"},{"rt":10837,"url":"../static/nodeGraphs.html","edge":"4to7","edgeRT":"9420","flipped":"TRUE","correct_edge":"0to1","index":"32","edgeClickLog":"[{\"edgeSelection\":\"4to7\",\"edgeRTMS\":9420}]","seed":" 36895371","task":"experiment","subjectId":"sstfwr03ooowl8j","trial_type":"external-html","trial_index":30,"time_elapsed":652208,"internal_node_id":"0.0-9.0-0.22"},{"rt":9319,"url":"../static/nodeGraphs.html","edge":"2to6","edgeRT":"7178","flipped":"TRUE","correct_edge":"0to2","index":"28","edgeClickLog":"[{\"edgeSelection\":\"2to6\",\"edgeRTMS\":7178}]","seed":" 8396978","task":"experiment","subjectId":"sstfwr03ooowl8j","trial_type":"external-html","trial_index":31,"time_elapsed":662121,"internal_node_id":"0.0-9.0-0.23"},{"rt":5222,"url":"../static/nodeGraphs.html","edge":"2to6","edgeRT":"3306","flipped":"TRUE","correct_edge":"2to6","index":"25","edgeClickLog":"[{\"edgeSelection\":\"2to6\",\"edgeRTMS\":3306}]","seed":" 10409262","task":"experiment","subjectId":"sstfwr03ooowl8j","trial_type":"external-html","trial_index":32,"time_elapsed":667936,"internal_node_id":"0.0-9.0-0.24"},{"rt":18940,"url":"../static/nodeGraphs.html","edge":"5to8","edgeRT":"17454","flipped":"FALSE","correct_edge":"4to8","index":"1","edgeClickLog":"[{\"edgeSelection\":\"5to8\",\"edgeRTMS\":17454}]","seed":" 32816305","task":"experiment","subjectId":"sstfwr03ooowl8j","trial_type":"external-html","trial_index":33,"time_elapsed":687469,"internal_node_id":"0.0-9.0-0.25"},{"rt":9726,"url":"../static/nodeGraphs.html","edge":"3to6","edgeRT":"8015","flipped":"TRUE","correct_edge":"0to3","index":"20","edgeClickLog":"[{\"edgeSelection\":\"3to6\",\"edgeRTMS\":8015}]","seed":" 21745736","task":"experiment","subjectId":"sstfwr03ooowl8j","trial_type":"external-html","trial_index":34,"time_elapsed":697787,"internal_node_id":"0.0-9.0-0.26"},{"rt":9026,"url":"../static/nodeGraphs.html","edge":"6to9","edgeRT":"7770","flipped":"TRUE","correct_edge":"0to3","index":"39","edgeClickLog":"[{\"edgeSelection\":\"6to9\",\"edgeRTMS\":7770}]","seed":" 37422119","task":"experiment","subjectId":"sstfwr03ooowl8j","trial_type":"external-html","trial_index":35,"time_elapsed":707411,"internal_node_id":"0.0-9.0-0.27"},{"rt":9780,"url":"../static/nodeGraphs.html","edge":"2to5","edgeRT":"8429","flipped":"TRUE","correct_edge":"0to2","index":"27","edgeClickLog":"[{\"edgeSelection\":\"2to5\",\"edgeRTMS\":8429}]","seed":" 85614324","task":"experiment","subjectId":"sstfwr03ooowl8j","trial_type":"external-html","trial_index":36,"time_elapsed":717791,"internal_node_id":"0.0-9.0-0.28"},{"rt":4165,"url":"../static/nodeGraphs.html","edge":"2to5","edgeRT":"1920","flipped":"TRUE","correct_edge":"0to2","index":"37","edgeClickLog":"[{\"edgeSelection\":\"2to5\",\"edgeRTMS\":1920}]","seed":" 21211189","task":"experiment","subjectId":"sstfwr03ooowl8j","trial_type":"external-html","trial_index":37,"time_elapsed":722552,"internal_node_id":"0.0-9.0-0.29"},{"rt":13046,"url":"../static/nodeGraphs.html","edge":"3to6","edgeRT":"11797","flipped":"FALSE","correct_edge":"4to7","index":"6","edgeClickLog":"[{\"edgeSelection\":\"3to6\",\"edgeRTMS\":11797}]","seed":" 13523788","task":"experiment","subjectId":"sstfwr03ooowl8j","trial_type":"external-html","trial_index":38,"time_elapsed":736201,"internal_node_id":"0.0-9.0-0.30"},{"rt":12308,"url":"../static/nodeGraphs.html","edge":"6to9","edgeRT":"11236","flipped":"FALSE","correct_edge":"0to3","index":"12","edgeClickLog":"[{\"edgeSelection\":\"6to9\",\"edgeRTMS\":11236}]","seed":" 36895371","task":"experiment","subjectId":"sstfwr03ooowl8j","trial_type":"external-html","trial_index":39,"time_elapsed":749110,"internal_node_id":"0.0-9.0-0.31"},{"rt":8272,"url":"../static/nodeGraphs.html","edge":"4to7","edgeRT":"3826","flipped":"TRUE","correct_edge":"2to4","index":"35","edgeClickLog":"[{\"edgeSelection\":\"4to7\",\"edgeRTMS\":3826}]","seed":" 53220770","task":"experiment","subjectId":"sstfwr03ooowl8j","trial_type":"external-html","trial_index":40,"time_elapsed":757979,"internal_node_id":"0.0-9.0-0.32"},{"rt":10303,"url":"../static/nodeGraphs.html","edge":"4to7","edgeRT":"8602","flipped":"FALSE","correct_edge":"0to1","index":"0","edgeClickLog":"[{\"edgeSelection\":\"4to7\",\"edgeRTMS\":8602}]","seed":" 21745736","task":"experiment","subjectId":"sstfwr03ooowl8j","trial_type":"external-html","trial_index":41,"time_elapsed":768896,"internal_node_id":"0.0-9.0-0.33"},{"rt":6481,"url":"../static/nodeGraphs.html","edge":"6to9","edgeRT":"5220","flipped":"TRUE","correct_edge":"3to6","index":"22","edgeClickLog":"[{\"edgeSelection\":\"6to9\",\"edgeRTMS\":5220}]","seed":" 22809663","task":"experiment","subjectId":"sstfwr03ooowl8j","trial_type":"external-html","trial_index":42,"time_elapsed":775983,"internal_node_id":"0.0-9.0-0.34"},{"rt":18577,"url":"../static/nodeGraphs.html","edge":"6to8","edgeRT":"14454","flipped":"FALSE","correct_edge":"0to2","index":"17","edgeClickLog":"[{\"edgeSelection\":\"6to8\",\"edgeRTMS\":14454}]","seed":" 21211189","task":"experiment","subjectId":"sstfwr03ooowl8j","trial_type":"external-html","trial_index":43,"time_elapsed":795161,"internal_node_id":"0.0-9.0-0.35"},{"rt":12361,"url":"../static/nodeGraphs.html","edge":"2to4","edgeRT":"10221","flipped":"FALSE","correct_edge":"2to4","index":"4","edgeClickLog":"[{\"edgeSelection\":\"2to4\",\"edgeRTMS\":10221}]","seed":" 36501291","task":"experiment","subjectId":"sstfwr03ooowl8j","trial_type":"external-html","trial_index":44,"time_elapsed":808147,"internal_node_id":"0.0-9.0-0.36"},{"rt":8666,"url":"../static/nodeGraphs.html","edge":"4to7","edgeRT":"7132","flipped":"FALSE","correct_edge":"0to1","index":"19","edgeClickLog":"[{\"edgeSelection\":\"4to7\",\"edgeRTMS\":7132}]","seed":" 37422119","task":"experiment","subjectId":"sstfwr03ooowl8j","trial_type":"external-html","trial_index":45,"time_elapsed":817412,"internal_node_id":"0.0-9.0-0.37"},{"rt":9459,"url":"../static/nodeGraphs.html","edge":"2to4","edgeRT":"8095","flipped":"TRUE","correct_edge":"0to2","index":"33","edgeClickLog":"[{\"edgeSelection\":\"2to4\",\"edgeRTMS\":8095}]","seed":" 49587019","task":"experiment","subjectId":"sstfwr03ooowl8j","trial_type":"external-html","trial_index":46,"time_elapsed":827478,"internal_node_id":"0.0-9.0-0.38"},{"rt":10155,"url":"../static/nodeGraphs.html","edge":"2to5","edgeRT":"8613","flipped":"FALSE","correct_edge":"0to2","index":"7","edgeClickLog":"[{\"edgeSelection\":\"2to5\",\"edgeRTMS\":8613}]","seed":" 85614324","task":"experiment","subjectId":"sstfwr03ooowl8j","trial_type":"external-html","trial_index":47,"time_elapsed":838226,"internal_node_id":"0.0-9.0-0.39"},{"rt":72756,"response":{"P0_Q0":null,"P0_Q1":6,"P0_Q2":7,"P0_Q3":6,"P0_Q4":7,"P0_Q5":1,"strategies":"I did not use any strategies during the task, I just mentally drew the lines and added up the points trying to guage which way the student might go from the line I drew","feedback":"thank you for the opportunity to participate in this study."},"accuracy":[],"trial_type":"survey","trial_index":48,"time_elapsed":911552,"internal_node_id":"0.0-10.0"},{"rt":8045,"stimulus":"<p>Thanks for your time!</p>        <p>We need to manually calculate your bonus pay, please give us up to 7 days.</p><p>Press any key to conclude.</p>","response":" ","task":"end","subjectId":"sstfwr03ooowl8j","trial_type":"html-keyboard-response","trial_index":49,"time_elapsed":919599,"internal_node_id":"0.0-11.0","interactions":"[{\"event\":\"fullscreenenter\",\"trial\":1,\"time\":11001},{\"event\":\"blur\",\"trial\":4,\"time\":233296},{\"event\":\"focus\",\"trial\":4,\"time\":233296}]"}]