[{"success":true,"timeout":false,"failed_images":[],"failed_audio":[],"failed_video":[],"trial_type":"preload","trial_index":0,"time_elapsed":867,"internal_node_id":"0.0-0.0"},{"success":true,"trial_type":"fullscreen","trial_index":1,"time_elapsed":173525,"internal_node_id":"0.0-1.0"},{"rt":4181,"stimulus":"Welcome to the experiment. Press any key to begin.","response":" ","trial_type":"html-keyboard-response","trial_index":2,"time_elapsed":177708,"internal_node_id":"0.0-2.0"},{"view_history":[{"page_index":0,"viewing_time":3196},{"page_index":1,"viewing_time":4624},{"page_index":2,"viewing_time":37264},{"page_index":3,"viewing_time":4336},{"page_index":4,"viewing_time":1032},{"page_index":5,"viewing_time":600},{"page_index":6,"viewing_time":3640},{"page_index":7,"viewing_time":10928},{"page_index":8,"viewing_time":15736},{"page_index":9,"viewing_time":12200},{"page_index":10,"viewing_time":1784},{"page_index":11,"viewing_time":360},{"page_index":12,"viewing_time":392},{"page_index":13,"viewing_time":2048},{"page_index":14,"viewing_time":5520},{"page_index":15,"viewing_time":57160},{"page_index":16,"viewing_time":1952},{"page_index":17,"viewing_time":409},{"page_index":18,"viewing_time":671},{"page_index":19,"viewing_time":3760},{"page_index":20,"viewing_time":5096},{"page_index":21,"viewing_time":3729}],"rt":176437,"trial_type":"instructions","trial_index":3,"time_elapsed":354149,"internal_node_id":"0.0-3.0"},{"rt":57187,"url":"../static/nodeGraphsTraining.html","edgeClickLog":[],"trial_type":"external-html","trial_index":4,"time_elapsed":411734,"internal_node_id":"0.0-4.0"},{"rt":25541,"response":{"q1":"The goal is to help the student to get the most points","q2":"False","q3":"Possible paths the student can take.","q4":"Paths that the student took before."},"question_order":[0,1,2,3],"trial_type":"survey-multi-choice","trial_index":5,"time_elapsed":437278,"internal_node_id":"0.0-5.0"},{"rt":null,"stimulus":"<p>You can take a 60 second break before starting the experiment.</p><br><br><p>This page will advance in 60 seconds or you can press any key to advance now.</p>","response":null,"trial_type":"html-keyboard-response","trial_index":6,"time_elapsed":498054,"internal_node_id":"0.0-7.0"},{"view_history":[{"page_index":0,"viewing_time":39415}],"rt":39415,"trial_type":"instructions","trial_index":7,"time_elapsed":537470,"internal_node_id":"0.0-8.0"},{"rt":17122,"url":"../static/nodeGraphs.html","edge":"2to6","edgeRT":"7399","flipped":"TRUE","correct_edge":"0to2","index":"34","edgeClickLog":"[{\"edgeSelection\":\"0to2\",\"edgeRTMS\":5676},{\"edgeSelection\":\"2to6\",\"edgeRTMS\":6882},{\"edgeSelection\":\"2to6\",\"edgeRTMS\":7399}]","seed":" 21083760","task":"experiment","subjectId":"t8gd1rc6j2ct0t3","trial_type":"external-html","trial_index":8,"time_elapsed":554736,"internal_node_id":"0.0-9.0-0.0"},{"rt":12561,"url":"../static/nodeGraphs.html","edge":"2to5","edgeRT":"11176","flipped":"TRUE","correct_edge":"0to2","index":"27","edgeClickLog":"[{\"edgeSelection\":\"3to5\",\"edgeRTMS\":9933},{\"edgeSelection\":\"2to5\",\"edgeRTMS\":11176}]","seed":" 85614324","task":"experiment","subjectId":"t8gd1rc6j2ct0t3","trial_type":"external-html","trial_index":9,"time_elapsed":567943,"internal_node_id":"0.0-9.0-0.1"},{"rt":11447,"url":"../static/nodeGraphs.html","edge":"0to1","edgeRT":"6814","flipped":"FALSE","correct_edge":"0to2","index":"14","edgeClickLog":"[{\"edgeSelection\":\"0to1\",\"edgeRTMS\":6814}]","seed":" 21083760","task":"experiment","subjectId":"t8gd1rc6j2ct0t3","trial_type":"external-html","trial_index":10,"time_elapsed":580039,"internal_node_id":"0.0-9.0-0.2"},{"rt":8125,"url":"../static/nodeGraphs.html","edge":"0to1","edgeRT":"5136","flipped":"TRUE","correct_edge":"0to1","index":"32","edgeClickLog":"[{\"edgeSelection\":\"0to1\",\"edgeRTMS\":5136}]","seed":" 36895371","task":"experiment","subjectId":"t8gd1rc6j2ct0t3","trial_type":"external-html","trial_index":11,"time_elapsed":588791,"internal_node_id":"0.0-9.0-0.3"},{"rt":29907,"url":"../static/nodeGraphs.html","edge":"1to5","edgeRT":"26823","flipped":"TRUE","correct_edge":"5to7","index":"36","edgeClickLog":"[{\"edgeSelection\":\"2to4\",\"edgeRTMS\":3836},{\"edgeSelection\":\"1to5\",\"edgeRTMS\":4530},{\"edgeSelection\":\"0to1\",\"edgeRTMS\":14373},{\"edgeSelection\":\"0to3\",\"edgeRTMS\":22556},{\"edgeSelection\":\"1to5\",\"edgeRTMS\":26823}]","seed":" 5655743","task":"experiment","subjectId":"t8gd1rc6j2ct0t3","trial_type":"external-html","trial_index":12,"time_elapsed":619336,"internal_node_id":"0.0-9.0-0.4"},{"rt":8107,"url":"../static/nodeGraphs.html","edge":"2to4","edgeRT":"4472","flipped":"FALSE","correct_edge":"2to4","index":"5","edgeClickLog":"[{\"edgeSelection\":\"2to4\",\"edgeRTMS\":4472}]","seed":" 10409262","task":"experiment","subjectId":"t8gd1rc6j2ct0t3","trial_type":"external-html","trial_index":13,"time_elapsed":628089,"internal_node_id":"0.0-9.0-0.5"},{"rt":6180,"url":"../static/nodeGraphs.html","edge":"0to1","edgeRT":"3848","flipped":"TRUE","correct_edge":"6to9","index":"26","edgeClickLog":"[{\"edgeSelection\":\"0to1\",\"edgeRTMS\":3848}]","seed":" 13523788","task":"experiment","subjectId":"t8gd1rc6j2ct0t3","trial_type":"external-html","trial_index":14,"time_elapsed":634920,"internal_node_id":"0.0-9.0-0.6"},{"rt":15281,"url":"../static/nodeGraphs.html","edge":"6to8","edgeRT":"14223","flipped":"TRUE","correct_edge":"6to8","index":"21","edgeClickLog":"[{\"edgeSelection\":\"6to8\",\"edgeRTMS\":14223}]","seed":" 32816305","task":"experiment","subjectId":"t8gd1rc6j2ct0t3","trial_type":"external-html","trial_index":15,"time_elapsed":650848,"internal_node_id":"0.0-9.0-0.7"},{"rt":4531,"url":"../static/nodeGraphs.html","edge":"1to4","edgeRT":"3399","flipped":"FALSE","correct_edge":"1to4","index":"2","edgeClickLog":"[{\"edgeSelection\":\"1to4\",\"edgeRTMS\":3399}]","seed":" 22809663","task":"experiment","subjectId":"t8gd1rc6j2ct0t3","trial_type":"external-html","trial_index":16,"time_elapsed":656016,"internal_node_id":"0.0-9.0-0.8"},{"rt":8127,"url":"../static/nodeGraphs.html","edge":"0to1","edgeRT":"3573","flipped":"TRUE","correct_edge":"0to1","index":"29","edgeClickLog":"[{\"edgeSelection\":\"0to1\",\"edgeRTMS\":3573}]","seed":" 61187187","task":"experiment","subjectId":"t8gd1rc6j2ct0t3","trial_type":"external-html","trial_index":17,"time_elapsed":664976,"internal_node_id":"0.0-9.0-0.9"},{"rt":3695,"url":"../static/nodeGraphs.html","edge":"0to2","edgeRT":"2430","flipped":"FALSE","correct_edge":"0to2","index":"11","edgeClickLog":"[{\"edgeSelection\":\"0to2\",\"edgeRTMS\":2430}]","seed":" 63833578","task":"experiment","subjectId":"t8gd1rc6j2ct0t3","trial_type":"external-html","trial_index":18,"time_elapsed":669315,"internal_node_id":"0.0-9.0-0.10"},{"rt":5347,"url":"../static/nodeGraphs.html","edge":"0to3","edgeRT":"2708","flipped":"FALSE","correct_edge":"4to7","index":"6","edgeClickLog":"[{\"edgeSelection\":\"0to3\",\"edgeRTMS\":2708}]","seed":" 13523788","task":"experiment","subjectId":"t8gd1rc6j2ct0t3","trial_type":"external-html","trial_index":19,"time_elapsed":675320,"internal_node_id":"0.0-9.0-0.11"},{"rt":6285,"url":"../static/nodeGraphs.html","edge":"5to8","edgeRT":"4769","flipped":"TRUE","correct_edge":"5to8","index":"23","edgeClickLog":"[{\"edgeSelection\":\"5to8\",\"edgeRTMS\":4769}]","seed":" 46003743","task":"experiment","subjectId":"t8gd1rc6j2ct0t3","trial_type":"external-html","trial_index":20,"time_elapsed":682248,"internal_node_id":"0.0-9.0-0.12"},{"rt":8887,"url":"../static/nodeGraphs.html","edge":"0to1","edgeRT":"5490","flipped":"FALSE","correct_edge":"0to1","index":"0","edgeClickLog":"[{\"edgeSelection\":\"0to1\",\"edgeRTMS\":5490}]","seed":" 21745736","task":"experiment","subjectId":"t8gd1rc6j2ct0t3","trial_type":"external-html","trial_index":21,"time_elapsed":691776,"internal_node_id":"0.0-9.0-0.13"},{"rt":3040,"url":"../static/nodeGraphs.html","edge":"0to3","edgeRT":"2268","flipped":"TRUE","correct_edge":"0to3","index":"20","edgeClickLog":"[{\"edgeSelection\":\"0to3\",\"edgeRTMS\":2268}]","seed":" 21745736","task":"experiment","subjectId":"t8gd1rc6j2ct0t3","trial_type":"external-html","trial_index":22,"time_elapsed":695456,"internal_node_id":"0.0-9.0-0.14"},{"rt":10650,"url":"../static/nodeGraphs.html","edge":"0to3","edgeRT":"5519","flipped":"TRUE","correct_edge":"0to2","index":"30","edgeClickLog":"[{\"edgeSelection\":\"0to3\",\"edgeRTMS\":5519}]","seed":" 39688702","task":"experiment","subjectId":"t8gd1rc6j2ct0t3","trial_type":"external-html","trial_index":23,"time_elapsed":706752,"internal_node_id":"0.0-9.0-0.15"},{"rt":6262,"url":"../static/nodeGraphs.html","edge":"0to1","edgeRT":"3852","flipped":"TRUE","correct_edge":"2to4","index":"35","edgeClickLog":"[{\"edgeSelection\":\"0to1\",\"edgeRTMS\":3852}]","seed":" 53220770","task":"experiment","subjectId":"t8gd1rc6j2ct0t3","trial_type":"external-html","trial_index":24,"time_elapsed":713664,"internal_node_id":"0.0-9.0-0.16"},{"rt":2650,"url":"../static/nodeGraphs.html","edge":"0to2","edgeRT":"1449","flipped":"TRUE","correct_edge":"0to2","index":"37","edgeClickLog":"[{\"edgeSelection\":\"0to2\",\"edgeRTMS\":1449}]","seed":" 21211189","task":"experiment","subjectId":"t8gd1rc6j2ct0t3","trial_type":"external-html","trial_index":25,"time_elapsed":716960,"internal_node_id":"0.0-9.0-0.17"},{"rt":8747,"url":"../static/nodeGraphs.html","edge":"3to5","edgeRT":"7636","flipped":"FALSE","correct_edge":"5to9","index":"16","edgeClickLog":"[{\"edgeSelection\":\"3to5\",\"edgeRTMS\":7636}]","seed":" 5655743","task":"experiment","subjectId":"t8gd1rc6j2ct0t3","trial_type":"external-html","trial_index":26,"time_elapsed":726352,"internal_node_id":"0.0-9.0-0.18"},{"rt":5804,"url":"../static/nodeGraphs.html","edge":"0to3","edgeRT":"4528","flipped":"FALSE","correct_edge":"2to6","index":"15","edgeClickLog":"[{\"edgeSelection\":\"0to3\",\"edgeRTMS\":4528}]","seed":" 53220770","task":"experiment","subjectId":"t8gd1rc6j2ct0t3","trial_type":"external-html","trial_index":27,"time_elapsed":732800,"internal_node_id":"0.0-9.0-0.19"},{"rt":5473,"url":"../static/nodeGraphs.html","edge":"2to4","edgeRT":"3346","flipped":"FALSE","correct_edge":"2to4","index":"4","edgeClickLog":"[{\"edgeSelection\":\"2to4\",\"edgeRTMS\":3346}]","seed":" 36501291","task":"experiment","subjectId":"t8gd1rc6j2ct0t3","trial_type":"external-html","trial_index":28,"time_elapsed":738920,"internal_node_id":"0.0-9.0-0.20"},{"rt":3622,"url":"../static/nodeGraphs.html","edge":"2to6","edgeRT":"2660","flipped":"TRUE","correct_edge":"2to6","index":"24","edgeClickLog":"[{\"edgeSelection\":\"3to5\",\"edgeRTMS\":1339},{\"edgeSelection\":\"2to6\",\"edgeRTMS\":2660}]","seed":" 36501291","task":"experiment","subjectId":"t8gd1rc6j2ct0t3","trial_type":"external-html","trial_index":29,"time_elapsed":743176,"internal_node_id":"0.0-9.0-0.21"},{"rt":6405,"url":"../static/nodeGraphs.html","edge":"0to1","edgeRT":"5610","flipped":"FALSE","correct_edge":"0to2","index":"10","edgeClickLog":"[{\"edgeSelection\":\"0to2\",\"edgeRTMS\":2934},{\"edgeSelection\":\"0to1\",\"edgeRTMS\":5610}]","seed":" 39688702","task":"experiment","subjectId":"t8gd1rc6j2ct0t3","trial_type":"external-html","trial_index":30,"time_elapsed":750224,"internal_node_id":"0.0-9.0-0.22"},{"rt":6523,"url":"../static/nodeGraphs.html","edge":"0to2","edgeRT":"5670","flipped":"FALSE","correct_edge":"0to2","index":"8","edgeClickLog":"[{\"edgeSelection\":\"0to2\",\"edgeRTMS\":1587},{\"edgeSelection\":\"2to4\",\"edgeRTMS\":3990},{\"edgeSelection\":\"0to2\",\"edgeRTMS\":4802},{\"edgeSelection\":\"0to2\",\"edgeRTMS\":5670}]","seed":" 8396978","task":"experiment","subjectId":"t8gd1rc6j2ct0t3","trial_type":"external-html","trial_index":31,"time_elapsed":757392,"internal_node_id":"0.0-9.0-0.23"},{"rt":3956,"url":"../static/nodeGraphs.html","edge":"0to1","edgeRT":"2938","flipped":"FALSE","correct_edge":"0to1","index":"19","edgeClickLog":"[{\"edgeSelection\":\"0to1\",\"edgeRTMS\":2938}]","seed":" 37422119","task":"experiment","subjectId":"t8gd1rc6j2ct0t3","trial_type":"external-html","trial_index":32,"time_elapsed":761993,"internal_node_id":"0.0-9.0-0.24"},{"rt":9730,"url":"../static/nodeGraphs.html","edge":"4to8","edgeRT":"6151","flipped":"FALSE","correct_edge":"4to8","index":"1","edgeClickLog":"[{\"edgeSelection\":\"4to8\",\"edgeRTMS\":6151}]","seed":" 32816305","task":"experiment","subjectId":"t8gd1rc6j2ct0t3","trial_type":"external-html","trial_index":33,"time_elapsed":772368,"internal_node_id":"0.0-9.0-0.25"},{"rt":7351,"url":"../static/nodeGraphs.html","edge":"2to6","edgeRT":"5866","flipped":"TRUE","correct_edge":"2to6","index":"25","edgeClickLog":"[{\"edgeSelection\":\"2to6\",\"edgeRTMS\":5866}]","seed":" 10409262","task":"experiment","subjectId":"t8gd1rc6j2ct0t3","trial_type":"external-html","trial_index":34,"time_elapsed":780368,"internal_node_id":"0.0-9.0-0.26"},{"rt":5674,"url":"../static/nodeGraphs.html","edge":"5to8","edgeRT":"4792","flipped":"FALSE","correct_edge":"5to8","index":"3","edgeClickLog":"[{\"edgeSelection\":\"5to8\",\"edgeRTMS\":4792}]","seed":" 46003743","task":"experiment","subjectId":"t8gd1rc6j2ct0t3","trial_type":"external-html","trial_index":35,"time_elapsed":786681,"internal_node_id":"0.0-9.0-0.27"},{"rt":2700,"url":"../static/nodeGraphs.html","edge":"0to2","edgeRT":"1861","flipped":"TRUE","correct_edge":"1to5","index":"38","edgeClickLog":"[{\"edgeSelection\":\"0to2\",\"edgeRTMS\":1861}]","seed":" 22181670","task":"experiment","subjectId":"t8gd1rc6j2ct0t3","trial_type":"external-html","trial_index":36,"time_elapsed":790025,"internal_node_id":"0.0-9.0-0.28"},{"rt":4523,"url":"../static/nodeGraphs.html","edge":"2to4","edgeRT":"3367","flipped":"TRUE","correct_edge":"0to2","index":"33","edgeClickLog":"[{\"edgeSelection\":\"2to4\",\"edgeRTMS\":3367}]","seed":" 49587019","task":"experiment","subjectId":"t8gd1rc6j2ct0t3","trial_type":"external-html","trial_index":37,"time_elapsed":795193,"internal_node_id":"0.0-9.0-0.29"},{"rt":3190,"url":"../static/nodeGraphs.html","edge":"2to6","edgeRT":"2220","flipped":"FALSE","correct_edge":"0to2","index":"17","edgeClickLog":"[{\"edgeSelection\":\"2to6\",\"edgeRTMS\":2220}]","seed":" 21211189","task":"experiment","subjectId":"t8gd1rc6j2ct0t3","trial_type":"external-html","trial_index":38,"time_elapsed":799033,"internal_node_id":"0.0-9.0-0.30"},{"rt":4445,"url":"../static/nodeGraphs.html","edge":"3to6","edgeRT":"2149","flipped":"FALSE","correct_edge":"0to3","index":"9","edgeClickLog":"[{\"edgeSelection\":\"3to6\",\"edgeRTMS\":2149}]","seed":" 61187187","task":"experiment","subjectId":"t8gd1rc6j2ct0t3","trial_type":"external-html","trial_index":39,"time_elapsed":804121,"internal_node_id":"0.0-9.0-0.31"},{"rt":4932,"url":"../static/nodeGraphs.html","edge":"3to5","edgeRT":"3771","flipped":"FALSE","correct_edge":"0to3","index":"12","edgeClickLog":"[{\"edgeSelection\":\"3to5\",\"edgeRTMS\":3771}]","seed":" 36895371","task":"experiment","subjectId":"t8gd1rc6j2ct0t3","trial_type":"external-html","trial_index":40,"time_elapsed":809697,"internal_node_id":"0.0-9.0-0.32"},{"rt":3515,"url":"../static/nodeGraphs.html","edge":"0to2","edgeRT":"2626","flipped":"FALSE","correct_edge":"3to5","index":"18","edgeClickLog":"[{\"edgeSelection\":\"0to2\",\"edgeRTMS\":2626}]","seed":" 22181670","task":"experiment","subjectId":"t8gd1rc6j2ct0t3","trial_type":"external-html","trial_index":41,"time_elapsed":813841,"internal_node_id":"0.0-9.0-0.33"},{"rt":5372,"url":"../static/nodeGraphs.html","edge":"2to6","edgeRT":"3769","flipped":"FALSE","correct_edge":"0to2","index":"13","edgeClickLog":"[{\"edgeSelection\":\"2to6\",\"edgeRTMS\":3769}]","seed":" 49587019","task":"experiment","subjectId":"t8gd1rc6j2ct0t3","trial_type":"external-html","trial_index":42,"time_elapsed":819857,"internal_node_id":"0.0-9.0-0.34"},{"rt":3155,"url":"../static/nodeGraphs.html","edge":"0to3","edgeRT":"1684","flipped":"TRUE","correct_edge":"0to3","index":"39","edgeClickLog":"[{\"edgeSelection\":\"0to3\",\"edgeRTMS\":1684}]","seed":" 37422119","task":"experiment","subjectId":"t8gd1rc6j2ct0t3","trial_type":"external-html","trial_index":43,"time_elapsed":823657,"internal_node_id":"0.0-9.0-0.35"},{"rt":6099,"url":"../static/nodeGraphs.html","edge":"0to2","edgeRT":"4938","flipped":"FALSE","correct_edge":"0to2","index":"7","edgeClickLog":"[{\"edgeSelection\":\"0to2\",\"edgeRTMS\":4938}]","seed":" 85614324","task":"experiment","subjectId":"t8gd1rc6j2ct0t3","trial_type":"external-html","trial_index":44,"time_elapsed":830393,"internal_node_id":"0.0-9.0-0.36"},{"rt":2747,"url":"../static/nodeGraphs.html","edge":"3to6","edgeRT":"2043","flipped":"TRUE","correct_edge":"3to6","index":"22","edgeClickLog":"[{\"edgeSelection\":\"3to6\",\"edgeRTMS\":2043}]","seed":" 22809663","task":"experiment","subjectId":"t8gd1rc6j2ct0t3","trial_type":"external-html","trial_index":45,"time_elapsed":833793,"internal_node_id":"0.0-9.0-0.37"},{"rt":2570,"url":"../static/nodeGraphs.html","edge":"2to6","edgeRT":"1641","flipped":"TRUE","correct_edge":"0to2","index":"31","edgeClickLog":"[{\"edgeSelection\":\"2to6\",\"edgeRTMS\":1641}]","seed":" 63833578","task":"experiment","subjectId":"t8gd1rc6j2ct0t3","trial_type":"external-html","trial_index":46,"time_elapsed":837001,"internal_node_id":"0.0-9.0-0.38"},{"rt":1837,"url":"../static/nodeGraphs.html","edge":"2to6","edgeRT":"988","flipped":"TRUE","correct_edge":"0to2","index":"28","edgeClickLog":"[{\"edgeSelection\":\"2to6\",\"edgeRTMS\":988}]","seed":" 8396978","task":"experiment","subjectId":"t8gd1rc6j2ct0t3","trial_type":"external-html","trial_index":47,"time_elapsed":839481,"internal_node_id":"0.0-9.0-0.39"},{"rt":37465,"response":{"P0_Q0":null,"P0_Q1":2,"P0_Q2":7,"P0_Q3":5,"P0_Q4":3,"P0_Q5":2,"strategies":"Choose high values","feedback":"no"},"accuracy":[],"trial_type":"survey","trial_index":48,"time_elapsed":877559,"internal_node_id":"0.0-10.0"},{"rt":4857,"stimulus":"<p>Thanks for your time!</p>        <p>We need to manually calculate your bonus pay, please give us up to 7 days.</p><p>Press any key to conclude.</p>","response":"d","task":"end","subjectId":"t8gd1rc6j2ct0t3","trial_type":"html-keyboard-response","trial_index":49,"time_elapsed":882419,"internal_node_id":"0.0-11.0","interactions":"[{\"event\":\"blur\",\"trial\":1,\"time\":7588},{\"event\":\"focus\",\"trial\":1,\"time\":10079},{\"event\":\"blur\",\"trial\":1,\"time\":11835},{\"event\":\"focus\",\"trial\":1,\"time\":146606},{\"event\":\"fullscreenenter\",\"trial\":1,\"time\":172577},{\"event\":\"fullscreenexit\",\"trial\":2,\"time\":174260},{\"event\":\"blur\",\"trial\":6,\"time\":486065},{\"event\":\"focus\",\"trial\":7,\"time\":519017}]"}]