[{"success":true,"timeout":false,"failed_images":[],"failed_audio":[],"failed_video":[],"trial_type":"preload","trial_index":0,"time_elapsed":859,"internal_node_id":"0.0-0.0"},{"success":true,"trial_type":"fullscreen","trial_index":1,"time_elapsed":6455,"internal_node_id":"0.0-1.0"},{"rt":1956,"stimulus":"Welcome to the experiment. Press any key to begin.","response":" ","trial_type":"html-keyboard-response","trial_index":2,"time_elapsed":8418,"internal_node_id":"0.0-2.0"},{"view_history":[{"page_index":0,"viewing_time":5931},{"page_index":1,"viewing_time":8887},{"page_index":2,"viewing_time":45182},{"page_index":3,"viewing_time":2861},{"page_index":4,"viewing_time":1397},{"page_index":5,"viewing_time":723},{"page_index":6,"viewing_time":1897},{"page_index":7,"viewing_time":15149},{"page_index":8,"viewing_time":24220},{"page_index":9,"viewing_time":13788},{"page_index":10,"viewing_time":6363},{"page_index":11,"viewing_time":1040},{"page_index":12,"viewing_time":586},{"page_index":13,"viewing_time":1429},{"page_index":14,"viewing_time":2613},{"page_index":15,"viewing_time":4821},{"page_index":16,"viewing_time":1723},{"page_index":17,"viewing_time":426},{"page_index":18,"viewing_time":505},{"page_index":19,"viewing_time":2226},{"page_index":20,"viewing_time":4697},{"page_index":21,"viewing_time":6645}],"rt":153110,"trial_type":"instructions","trial_index":3,"time_elapsed":161531,"internal_node_id":"0.0-3.0"},{"rt":53742,"url":"../static/nodeGraphsTraining.html","edgeClickLog":[],"trial_type":"external-html","trial_index":4,"time_elapsed":215453,"internal_node_id":"0.0-4.0"},{"rt":39588,"response":{"q1":"The goal is to help the student to get the most points","q2":"False","q3":"Possible paths the student can take.","q4":"Paths that the student took before."},"question_order":[0,1,2,3],"trial_type":"survey-multi-choice","trial_index":5,"time_elapsed":255045,"internal_node_id":"0.0-5.0"},{"rt":null,"stimulus":"<p>You can take a 60 second break before starting the experiment.</p><br><br><p>This page will advance in 60 seconds or you can press any key to advance now.</p>","response":null,"trial_type":"html-keyboard-response","trial_index":6,"time_elapsed":315061,"internal_node_id":"0.0-7.0"},{"view_history":[{"page_index":0,"viewing_time":42326}],"rt":42327,"trial_type":"instructions","trial_index":7,"time_elapsed":357391,"internal_node_id":"0.0-8.0"},{"rt":133622,"url":"../static/nodeGraphs.html","edge":"0to1","edgeRT":"131710","flipped":"TRUE","correct_edge":"0to2","index":"37","edgeClickLog":"[{\"edgeSelection\":\"0to1\",\"edgeRTMS\":131710}]","seed":" 21211189","task":"experiment","subjectId":"ofje99spbtfk7vc","trial_type":"external-html","trial_index":8,"time_elapsed":491152,"internal_node_id":"0.0-9.0-0.0"},{"rt":137249,"url":"../static/nodeGraphs.html","edge":"3to6","edgeRT":"84292","flipped":"TRUE","correct_edge":"0to1","index":"29","edgeClickLog":"[{\"edgeSelection\":\"3to6\",\"edgeRTMS\":84292}]","seed":" 61187187","task":"experiment","subjectId":"ofje99spbtfk7vc","trial_type":"external-html","trial_index":9,"time_elapsed":629048,"internal_node_id":"0.0-9.0-0.1"},{"rt":12788,"url":"../static/nodeGraphs.html","edge":"4to8","edgeRT":"10560","flipped":"FALSE","correct_edge":"4to8","index":"1","edgeClickLog":"[{\"edgeSelection\":\"4to8\",\"edgeRTMS\":10560}]","seed":" 32816305","task":"experiment","subjectId":"ofje99spbtfk7vc","trial_type":"external-html","trial_index":10,"time_elapsed":642481,"internal_node_id":"0.0-9.0-0.2"},{"rt":12144,"url":"../static/nodeGraphs.html","edge":"0to1","edgeRT":"10228","flipped":"FALSE","correct_edge":"0to1","index":"19","edgeClickLog":"[{\"edgeSelection\":\"0to1\",\"edgeRTMS\":10228}]","seed":" 37422119","task":"experiment","subjectId":"ofje99spbtfk7vc","trial_type":"external-html","trial_index":11,"time_elapsed":655266,"internal_node_id":"0.0-9.0-0.3"},{"rt":60887,"url":"../static/nodeGraphs.html","edge":"0to2","edgeRT":"59229","flipped":"FALSE","correct_edge":"0to2","index":"17","edgeClickLog":"[{\"edgeSelection\":\"0to2\",\"edgeRTMS\":59229}]","seed":" 21211189","task":"experiment","subjectId":"ofje99spbtfk7vc","trial_type":"external-html","trial_index":12,"time_elapsed":716822,"internal_node_id":"0.0-9.0-0.4"},{"rt":41089,"url":"../static/nodeGraphs.html","edge":"0to1","edgeRT":"19421","flipped":"FALSE","correct_edge":"0to2","index":"7","edgeClickLog":"[{\"edgeSelection\":\"0to1\",\"edgeRTMS\":19421}]","seed":" 85614324","task":"experiment","subjectId":"ofje99spbtfk7vc","trial_type":"external-html","trial_index":13,"time_elapsed":758545,"internal_node_id":"0.0-9.0-0.5"},{"rt":13101,"url":"../static/nodeGraphs.html","edge":"3to6","edgeRT":"9522","flipped":"TRUE","correct_edge":"3to6","index":"22","edgeClickLog":"[{\"edgeSelection\":\"3to6\",\"edgeRTMS\":9522}]","seed":" 22809663","task":"experiment","subjectId":"ofje99spbtfk7vc","trial_type":"external-html","trial_index":14,"time_elapsed":772300,"internal_node_id":"0.0-9.0-0.6"},{"rt":14569,"url":"../static/nodeGraphs.html","edge":"0to1","edgeRT":"12858","flipped":"FALSE","correct_edge":"0to2","index":"14","edgeClickLog":"[{\"edgeSelection\":\"0to1\",\"edgeRTMS\":12858}]","seed":" 21083760","task":"experiment","subjectId":"ofje99spbtfk7vc","trial_type":"external-html","trial_index":15,"time_elapsed":787513,"internal_node_id":"0.0-9.0-0.7"},{"rt":7950,"url":"../static/nodeGraphs.html","edge":"0to3","edgeRT":"4790","flipped":"TRUE","correct_edge":"0to3","index":"39","edgeClickLog":"[{\"edgeSelection\":\"0to3\",\"edgeRTMS\":4790}]","seed":" 37422119","task":"experiment","subjectId":"ofje99spbtfk7vc","trial_type":"external-html","trial_index":16,"time_elapsed":796099,"internal_node_id":"0.0-9.0-0.8"},{"rt":44696,"url":"../static/nodeGraphs.html","edge":"0to2","edgeRT":"43137","flipped":"FALSE","correct_edge":"0to2","index":"13","edgeClickLog":"[{\"edgeSelection\":\"0to2\",\"edgeRTMS\":43137}]","seed":" 49587019","task":"experiment","subjectId":"ofje99spbtfk7vc","trial_type":"external-html","trial_index":17,"time_elapsed":841432,"internal_node_id":"0.0-9.0-0.9"},{"rt":9672,"url":"../static/nodeGraphs.html","edge":"3to5","edgeRT":"4847","flipped":"FALSE","correct_edge":"5to9","index":"16","edgeClickLog":"[{\"edgeSelection\":\"3to5\",\"edgeRTMS\":4847}]","seed":" 5655743","task":"experiment","subjectId":"ofje99spbtfk7vc","trial_type":"external-html","trial_index":18,"time_elapsed":851765,"internal_node_id":"0.0-9.0-0.10"},{"rt":7950,"url":"../static/nodeGraphs.html","edge":"0to1","edgeRT":"6383","flipped":"FALSE","correct_edge":"0to1","index":"0","edgeClickLog":"[{\"edgeSelection\":\"0to1\",\"edgeRTMS\":6383}]","seed":" 21745736","task":"experiment","subjectId":"ofje99spbtfk7vc","trial_type":"external-html","trial_index":19,"time_elapsed":860350,"internal_node_id":"0.0-9.0-0.11"},{"rt":5529,"url":"../static/nodeGraphs.html","edge":"0to2","edgeRT":"3477","flipped":"FALSE","correct_edge":"3to5","index":"18","edgeClickLog":"[{\"edgeSelection\":\"0to2\",\"edgeRTMS\":3477}]","seed":" 22181670","task":"experiment","subjectId":"ofje99spbtfk7vc","trial_type":"external-html","trial_index":20,"time_elapsed":866611,"internal_node_id":"0.0-9.0-0.12"},{"rt":6391,"url":"../static/nodeGraphs.html","edge":"0to2","edgeRT":"3681","flipped":"TRUE","correct_edge":"0to2","index":"27","edgeClickLog":"[{\"edgeSelection\":\"0to2\",\"edgeRTMS\":3681}]","seed":" 85614324","task":"experiment","subjectId":"ofje99spbtfk7vc","trial_type":"external-html","trial_index":21,"time_elapsed":873649,"internal_node_id":"0.0-9.0-0.13"},{"rt":19626,"url":"../static/nodeGraphs.html","edge":"0to2","edgeRT":"17474","flipped":"TRUE","correct_edge":"0to2","index":"34","edgeClickLog":"[{\"edgeSelection\":\"0to2\",\"edgeRTMS\":17474}]","seed":" 21083760","task":"experiment","subjectId":"ofje99spbtfk7vc","trial_type":"external-html","trial_index":22,"time_elapsed":893917,"internal_node_id":"0.0-9.0-0.14"},{"rt":5246,"url":"../static/nodeGraphs.html","edge":"0to3","edgeRT":"3729","flipped":"TRUE","correct_edge":"0to3","index":"20","edgeClickLog":"[{\"edgeSelection\":\"0to3\",\"edgeRTMS\":3729}]","seed":" 21745736","task":"experiment","subjectId":"ofje99spbtfk7vc","trial_type":"external-html","trial_index":23,"time_elapsed":899808,"internal_node_id":"0.0-9.0-0.15"},{"rt":10336,"url":"../static/nodeGraphs.html","edge":"0to1","edgeRT":"8808","flipped":"TRUE","correct_edge":"0to1","index":"32","edgeClickLog":"[{\"edgeSelection\":\"0to1\",\"edgeRTMS\":8808}]","seed":" 36895371","task":"experiment","subjectId":"ofje99spbtfk7vc","trial_type":"external-html","trial_index":24,"time_elapsed":910788,"internal_node_id":"0.0-9.0-0.16"},{"rt":5054,"url":"../static/nodeGraphs.html","edge":"1to4","edgeRT":"3644","flipped":"FALSE","correct_edge":"1to4","index":"2","edgeClickLog":"[{\"edgeSelection\":\"1to4\",\"edgeRTMS\":3644}]","seed":" 22809663","task":"experiment","subjectId":"ofje99spbtfk7vc","trial_type":"external-html","trial_index":25,"time_elapsed":916492,"internal_node_id":"0.0-9.0-0.17"},{"rt":6144,"url":"../static/nodeGraphs.html","edge":"0to2","edgeRT":"4527","flipped":"TRUE","correct_edge":"0to2","index":"31","edgeClickLog":"[{\"edgeSelection\":\"0to2\",\"edgeRTMS\":4527}]","seed":" 63833578","task":"experiment","subjectId":"ofje99spbtfk7vc","trial_type":"external-html","trial_index":26,"time_elapsed":923276,"internal_node_id":"0.0-9.0-0.18"},{"rt":6032,"url":"../static/nodeGraphs.html","edge":"5to8","edgeRT":"3731","flipped":"TRUE","correct_edge":"5to8","index":"23","edgeClickLog":"[{\"edgeSelection\":\"5to8\",\"edgeRTMS\":3731}]","seed":" 46003743","task":"experiment","subjectId":"ofje99spbtfk7vc","trial_type":"external-html","trial_index":27,"time_elapsed":929950,"internal_node_id":"0.0-9.0-0.19"},{"rt":6046,"url":"../static/nodeGraphs.html","edge":"0to3","edgeRT":"3125","flipped":"FALSE","correct_edge":"2to6","index":"15","edgeClickLog":"[{\"edgeSelection\":\"0to3\",\"edgeRTMS\":3125}]","seed":" 53220770","task":"experiment","subjectId":"ofje99spbtfk7vc","trial_type":"external-html","trial_index":28,"time_elapsed":936653,"internal_node_id":"0.0-9.0-0.20"},{"rt":4091,"url":"../static/nodeGraphs.html","edge":"0to3","edgeRT":"2425","flipped":"FALSE","correct_edge":"0to3","index":"9","edgeClickLog":"[{\"edgeSelection\":\"0to3\",\"edgeRTMS\":2425}]","seed":" 61187187","task":"experiment","subjectId":"ofje99spbtfk7vc","trial_type":"external-html","trial_index":29,"time_elapsed":941396,"internal_node_id":"0.0-9.0-0.21"},{"rt":10072,"url":"../static/nodeGraphs.html","edge":"0to3","edgeRT":"7358","flipped":"TRUE","correct_edge":"0to2","index":"30","edgeClickLog":"[{\"edgeSelection\":\"0to3\",\"edgeRTMS\":7358}]","seed":" 39688702","task":"experiment","subjectId":"ofje99spbtfk7vc","trial_type":"external-html","trial_index":30,"time_elapsed":952092,"internal_node_id":"0.0-9.0-0.22"},{"rt":4144,"url":"../static/nodeGraphs.html","edge":"0to2","edgeRT":"2361","flipped":"FALSE","correct_edge":"0to2","index":"8","edgeClickLog":"[{\"edgeSelection\":\"0to2\",\"edgeRTMS\":2361}]","seed":" 8396978","task":"experiment","subjectId":"ofje99spbtfk7vc","trial_type":"external-html","trial_index":31,"time_elapsed":956906,"internal_node_id":"0.0-9.0-0.23"},{"rt":8464,"url":"../static/nodeGraphs.html","edge":"0to2","edgeRT":"6872","flipped":"TRUE","correct_edge":"1to5","index":"38","edgeClickLog":"[{\"edgeSelection\":\"0to2\",\"edgeRTMS\":6872}]","seed":" 22181670","task":"experiment","subjectId":"ofje99spbtfk7vc","trial_type":"external-html","trial_index":32,"time_elapsed":966013,"internal_node_id":"0.0-9.0-0.24"},{"rt":8176,"url":"../static/nodeGraphs.html","edge":"0to2","edgeRT":"3576","flipped":"TRUE","correct_edge":"0to2","index":"28","edgeClickLog":"[{\"edgeSelection\":\"0to2\",\"edgeRTMS\":3576}]","seed":" 8396978","task":"experiment","subjectId":"ofje99spbtfk7vc","trial_type":"external-html","trial_index":33,"time_elapsed":974825,"internal_node_id":"0.0-9.0-0.25"},{"rt":7075,"url":"../static/nodeGraphs.html","edge":"0to3","edgeRT":"5014","flipped":"FALSE","correct_edge":"0to3","index":"12","edgeClickLog":"[{\"edgeSelection\":\"0to3\",\"edgeRTMS\":5014}]","seed":" 36895371","task":"experiment","subjectId":"ofje99spbtfk7vc","trial_type":"external-html","trial_index":34,"time_elapsed":982565,"internal_node_id":"0.0-9.0-0.26"},{"rt":6614,"url":"../static/nodeGraphs.html","edge":"0to1","edgeRT":"5138","flipped":"TRUE","correct_edge":"6to9","index":"26","edgeClickLog":"[{\"edgeSelection\":\"0to1\",\"edgeRTMS\":5138}]","seed":" 13523788","task":"experiment","subjectId":"ofje99spbtfk7vc","trial_type":"external-html","trial_index":35,"time_elapsed":989842,"internal_node_id":"0.0-9.0-0.27"},{"rt":8387,"url":"../static/nodeGraphs.html","edge":"2to6","edgeRT":"6735","flipped":"TRUE","correct_edge":"2to6","index":"25","edgeClickLog":"[{\"edgeSelection\":\"2to6\",\"edgeRTMS\":6735}]","seed":" 10409262","task":"experiment","subjectId":"ofje99spbtfk7vc","trial_type":"external-html","trial_index":36,"time_elapsed":998880,"internal_node_id":"0.0-9.0-0.28"},{"rt":8887,"url":"../static/nodeGraphs.html","edge":"1to5","edgeRT":"7241","flipped":"TRUE","correct_edge":"5to7","index":"36","edgeClickLog":"[{\"edgeSelection\":\"1to5\",\"edgeRTMS\":7241}]","seed":" 5655743","task":"experiment","subjectId":"ofje99spbtfk7vc","trial_type":"external-html","trial_index":37,"time_elapsed":1008430,"internal_node_id":"0.0-9.0-0.29"},{"rt":9935,"url":"../static/nodeGraphs.html","edge":"2to6","edgeRT":"8207","flipped":"TRUE","correct_edge":"2to6","index":"24","edgeClickLog":"[{\"edgeSelection\":\"2to6\",\"edgeRTMS\":8207}]","seed":" 36501291","task":"experiment","subjectId":"ofje99spbtfk7vc","trial_type":"external-html","trial_index":38,"time_elapsed":1019023,"internal_node_id":"0.0-9.0-0.30"},{"rt":4019,"url":"../static/nodeGraphs.html","edge":"2to4","edgeRT":"2194","flipped":"FALSE","correct_edge":"2to4","index":"4","edgeClickLog":"[{\"edgeSelection\":\"2to4\",\"edgeRTMS\":2194}]","seed":" 36501291","task":"experiment","subjectId":"ofje99spbtfk7vc","trial_type":"external-html","trial_index":39,"time_elapsed":1023694,"internal_node_id":"0.0-9.0-0.31"},{"rt":4830,"url":"../static/nodeGraphs.html","edge":"0to1","edgeRT":"3267","flipped":"TRUE","correct_edge":"2to4","index":"35","edgeClickLog":"[{\"edgeSelection\":\"0to1\",\"edgeRTMS\":3267}]","seed":" 53220770","task":"experiment","subjectId":"ofje99spbtfk7vc","trial_type":"external-html","trial_index":40,"time_elapsed":1029175,"internal_node_id":"0.0-9.0-0.32"},{"rt":16086,"url":"../static/nodeGraphs.html","edge":"0to2","edgeRT":"14300","flipped":"TRUE","correct_edge":"0to2","index":"33","edgeClickLog":"[{\"edgeSelection\":\"0to2\",\"edgeRTMS\":14300}]","seed":" 49587019","task":"experiment","subjectId":"ofje99spbtfk7vc","trial_type":"external-html","trial_index":41,"time_elapsed":1045902,"internal_node_id":"0.0-9.0-0.33"},{"rt":5713,"url":"../static/nodeGraphs.html","edge":"0to3","edgeRT":"4279","flipped":"FALSE","correct_edge":"4to7","index":"6","edgeClickLog":"[{\"edgeSelection\":\"0to3\",\"edgeRTMS\":4279}]","seed":" 13523788","task":"experiment","subjectId":"ofje99spbtfk7vc","trial_type":"external-html","trial_index":42,"time_elapsed":1052247,"internal_node_id":"0.0-9.0-0.34"},{"rt":8735,"url":"../static/nodeGraphs.html","edge":"0to1","edgeRT":"7566","flipped":"FALSE","correct_edge":"0to2","index":"10","edgeClickLog":"[{\"edgeSelection\":\"0to1\",\"edgeRTMS\":7566}]","seed":" 39688702","task":"experiment","subjectId":"ofje99spbtfk7vc","trial_type":"external-html","trial_index":43,"time_elapsed":1061620,"internal_node_id":"0.0-9.0-0.35"},{"rt":4488,"url":"../static/nodeGraphs.html","edge":"5to8","edgeRT":"2806","flipped":"FALSE","correct_edge":"5to8","index":"3","edgeClickLog":"[{\"edgeSelection\":\"5to8\",\"edgeRTMS\":2806}]","seed":" 46003743","task":"experiment","subjectId":"ofje99spbtfk7vc","trial_type":"external-html","trial_index":44,"time_elapsed":1066762,"internal_node_id":"0.0-9.0-0.36"},{"rt":5356,"url":"../static/nodeGraphs.html","edge":"2to4","edgeRT":"3768","flipped":"FALSE","correct_edge":"2to4","index":"5","edgeClickLog":"[{\"edgeSelection\":\"2to4\",\"edgeRTMS\":3768}]","seed":" 10409262","task":"experiment","subjectId":"ofje99spbtfk7vc","trial_type":"external-html","trial_index":45,"time_elapsed":1072753,"internal_node_id":"0.0-9.0-0.37"},{"rt":8190,"url":"../static/nodeGraphs.html","edge":"6to8","edgeRT":"6838","flipped":"TRUE","correct_edge":"6to8","index":"21","edgeClickLog":"[{\"edgeSelection\":\"6to8\",\"edgeRTMS\":6838}]","seed":" 32816305","task":"experiment","subjectId":"ofje99spbtfk7vc","trial_type":"external-html","trial_index":46,"time_elapsed":1081586,"internal_node_id":"0.0-9.0-0.38"},{"rt":6490,"url":"../static/nodeGraphs.html","edge":"0to2","edgeRT":"4693","flipped":"FALSE","correct_edge":"0to2","index":"11","edgeClickLog":"[{\"edgeSelection\":\"0to2\",\"edgeRTMS\":4693}]","seed":" 63833578","task":"experiment","subjectId":"ofje99spbtfk7vc","trial_type":"external-html","trial_index":47,"time_elapsed":1088720,"internal_node_id":"0.0-9.0-0.39"},{"rt":76044,"response":{"P0_Q0":null,"P0_Q1":4,"P0_Q2":7,"P0_Q3":6,"P0_Q4":4,"P0_Q5":1,"strategies":"The top has the most options if other paths are available  ","feedback":""},"accuracy":[],"trial_type":"survey","trial_index":48,"time_elapsed":1165438,"internal_node_id":"0.0-10.0"},{"rt":8914,"stimulus":"<p>Thanks for your time!</p>        <p>We need to manually calculate your bonus pay, please give us up to 7 days.</p><p>Press any key to conclude.</p>","response":" ","task":"end","subjectId":"ofje99spbtfk7vc","trial_type":"html-keyboard-response","trial_index":49,"time_elapsed":1174355,"internal_node_id":"0.0-11.0","interactions":"[{\"event\":\"fullscreenenter\",\"trial\":1,\"time\":5456},{\"event\":\"fullscreenexit\",\"trial\":49,\"time\":1171412}]"}]