[{"success":true,"timeout":false,"failed_images":[],"failed_audio":[],"failed_video":[],"trial_type":"preload","trial_index":0,"time_elapsed":894,"internal_node_id":"0.0-0.0"},{"success":true,"trial_type":"fullscreen","trial_index":1,"time_elapsed":4217,"internal_node_id":"0.0-1.0"},{"rt":3520,"stimulus":"Welcome to the experiment. Press any key to begin.","response":" ","trial_type":"html-keyboard-response","trial_index":2,"time_elapsed":7739,"internal_node_id":"0.0-2.0"},{"view_history":[{"page_index":0,"viewing_time":2792},{"page_index":1,"viewing_time":5864},{"page_index":2,"viewing_time":22728},{"page_index":3,"viewing_time":1888},{"page_index":4,"viewing_time":1368},{"page_index":5,"viewing_time":600},{"page_index":6,"viewing_time":1568},{"page_index":7,"viewing_time":11792},{"page_index":8,"viewing_time":9520},{"page_index":9,"viewing_time":8008},{"page_index":10,"viewing_time":1216},{"page_index":11,"viewing_time":496},{"page_index":12,"viewing_time":344},{"page_index":13,"viewing_time":952},{"page_index":14,"viewing_time":2192},{"page_index":15,"viewing_time":2936},{"page_index":16,"viewing_time":1816},{"page_index":17,"viewing_time":552},{"page_index":18,"viewing_time":416},{"page_index":19,"viewing_time":1985},{"page_index":20,"viewing_time":3464},{"page_index":21,"viewing_time":3440}],"rt":85936,"trial_type":"instructions","trial_index":3,"time_elapsed":93674,"internal_node_id":"0.0-3.0"},{"rt":43987,"url":"../static/nodeGraphsTraining.html","edgeClickLog":[],"trial_type":"external-html","trial_index":4,"time_elapsed":137827,"internal_node_id":"0.0-4.0"},{"rt":47551,"response":{"q1":"The goal is to help the student to get the most points","q2":"False","q3":"Possible paths the student can take.","q4":"Paths that the student took before."},"question_order":[0,1,2,3],"trial_type":"survey-multi-choice","trial_index":5,"time_elapsed":185380,"internal_node_id":"0.0-5.0"},{"rt":24100,"stimulus":"<p>You can take a 60 second break before starting the experiment.</p><br><br><p>This page will advance in 60 seconds or you can press any key to advance now.</p>","response":" ","trial_type":"html-keyboard-response","trial_index":6,"time_elapsed":209483,"internal_node_id":"0.0-6.0"},{"view_history":[{"page_index":0,"viewing_time":12959}],"rt":12959,"trial_type":"instructions","trial_index":7,"time_elapsed":222442,"internal_node_id":"0.0-7.0"},{"rt":14149,"url":"../static/nodeGraphs.html","edge":"6to8","edgeRT":"10045","flipped":"TRUE","correct_edge":"2to6","index":"25","edgeClickLog":"[{\"edgeSelection\":\"0to2\",\"edgeRTMS\":3699},{\"edgeSelection\":\"2to6\",\"edgeRTMS\":8717},{\"edgeSelection\":\"6to8\",\"edgeRTMS\":10045}]","seed":" 10409262","task":"experiment","subjectId":"8phuc2uoezdh5cb","trial_type":"external-html","trial_index":8,"time_elapsed":236708,"internal_node_id":"0.0-8.0-0.0"},{"rt":34609,"url":"../static/nodeGraphs.html","edge":"5to7","edgeRT":"31634","flipped":"FALSE","correct_edge":"0to3","index":"9","edgeClickLog":"[{\"edgeSelection\":\"0to3\",\"edgeRTMS\":3160},{\"edgeSelection\":\"3to6\",\"edgeRTMS\":4265},{\"edgeSelection\":\"6to8\",\"edgeRTMS\":5474},{\"edgeSelection\":\"6to8\",\"edgeRTMS\":10554},{\"edgeSelection\":\"6to8\",\"edgeRTMS\":10993},{\"edgeSelection\":\"0to3\",\"edgeRTMS\":13402},{\"edgeSelection\":\"3to6\",\"edgeRTMS\":16283},{\"edgeSelection\":\"0to1\",\"edgeRTMS\":20143},{\"edgeSelection\":\"0to3\",\"edgeRTMS\":22527},{\"edgeSelection\":\"3to5\",\"edgeRTMS\":24001},{\"edgeSelection\":\"5to8\",\"edgeRTMS\":26130},{\"edgeSelection\":\"5to7\",\"edgeRTMS\":31634}]","seed":" 61187187","task":"experiment","subjectId":"8phuc2uoezdh5cb","trial_type":"external-html","trial_index":9,"time_elapsed":271939,"internal_node_id":"0.0-8.0-0.1"},{"rt":39403,"url":"../static/nodeGraphs.html","edge":"6to9","edgeRT":"38041","flipped":"TRUE","correct_edge":"0to2","index":"31","edgeClickLog":"[{\"edgeSelection\":\"0to1\",\"edgeRTMS\":6783},{\"edgeSelection\":\"0to2\",\"edgeRTMS\":11042},{\"edgeSelection\":\"3to5\",\"edgeRTMS\":13401},{\"edgeSelection\":\"6to9\",\"edgeRTMS\":14740},{\"edgeSelection\":\"2to6\",\"edgeRTMS\":20082},{\"edgeSelection\":\"0to2\",\"edgeRTMS\":22676},{\"edgeSelection\":\"5to7\",\"edgeRTMS\":26330},{\"edgeSelection\":\"3to5\",\"edgeRTMS\":27721},{\"edgeSelection\":\"0to3\",\"edgeRTMS\":28807},{\"edgeSelection\":\"0to2\",\"edgeRTMS\":30953},{\"edgeSelection\":\"2to5\",\"edgeRTMS\":33857},{\"edgeSelection\":\"2to6\",\"edgeRTMS\":36810},{\"edgeSelection\":\"6to9\",\"edgeRTMS\":38041}]","seed":" 63833578","task":"experiment","subjectId":"8phuc2uoezdh5cb","trial_type":"external-html","trial_index":10,"time_elapsed":311963,"internal_node_id":"0.0-8.0-0.2"},{"rt":15716,"url":"../static/nodeGraphs.html","edge":"5to7","edgeRT":"14636","flipped":"FALSE","correct_edge":"0to2","index":"11","edgeClickLog":"[{\"edgeSelection\":\"0to2\",\"edgeRTMS\":6777},{\"edgeSelection\":\"2to5\",\"edgeRTMS\":13750},{\"edgeSelection\":\"5to7\",\"edgeRTMS\":14636}]","seed":" 63833578","task":"experiment","subjectId":"8phuc2uoezdh5cb","trial_type":"external-html","trial_index":11,"time_elapsed":328299,"internal_node_id":"0.0-8.0-0.3"},{"rt":7168,"url":"../static/nodeGraphs.html","edge":"5to9","edgeRT":"4900","flipped":"FALSE","correct_edge":"0to3","index":"12","edgeClickLog":"[{\"edgeSelection\":\"5to9\",\"edgeRTMS\":4900}]","seed":" 36895371","task":"experiment","subjectId":"8phuc2uoezdh5cb","trial_type":"external-html","trial_index":12,"time_elapsed":336083,"internal_node_id":"0.0-8.0-0.4"},{"rt":7701,"url":"../static/nodeGraphs.html","edge":"6to9","edgeRT":"5511","flipped":"TRUE","correct_edge":"2to6","index":"24","edgeClickLog":"[{\"edgeSelection\":\"2to6\",\"edgeRTMS\":3811},{\"edgeSelection\":\"6to9\",\"edgeRTMS\":5511}]","seed":" 36501291","task":"experiment","subjectId":"8phuc2uoezdh5cb","trial_type":"external-html","trial_index":13,"time_elapsed":344395,"internal_node_id":"0.0-8.0-0.5"},{"rt":4461,"url":"../static/nodeGraphs.html","edge":"6to8","edgeRT":"3258","flipped":"FALSE","correct_edge":"0to2","index":"10","edgeClickLog":"[{\"edgeSelection\":\"6to8\",\"edgeRTMS\":3258}]","seed":" 39688702","task":"experiment","subjectId":"8phuc2uoezdh5cb","trial_type":"external-html","trial_index":14,"time_elapsed":349467,"internal_node_id":"0.0-8.0-0.6"},{"rt":9510,"url":"../static/nodeGraphs.html","edge":"5to8","edgeRT":"8600","flipped":"FALSE","correct_edge":"0to2","index":"7","edgeClickLog":"[{\"edgeSelection\":\"0to2\",\"edgeRTMS\":4318},{\"edgeSelection\":\"2to5\",\"edgeRTMS\":5485},{\"edgeSelection\":\"2to5\",\"edgeRTMS\":5962},{\"edgeSelection\":\"5to8\",\"edgeRTMS\":7405},{\"edgeSelection\":\"5to8\",\"edgeRTMS\":8600}]","seed":" 85614324","task":"experiment","subjectId":"8phuc2uoezdh5cb","trial_type":"external-html","trial_index":15,"time_elapsed":359595,"internal_node_id":"0.0-8.0-0.7"},{"rt":18088,"url":"../static/nodeGraphs.html","edge":"4to8","edgeRT":"17135","flipped":"FALSE","correct_edge":"0to2","index":"14","edgeClickLog":"[{\"edgeSelection\":\"0to1\",\"edgeRTMS\":13102},{\"edgeSelection\":\"1to4\",\"edgeRTMS\":14506},{\"edgeSelection\":\"4to8\",\"edgeRTMS\":17135}]","seed":" 21083760","task":"experiment","subjectId":"8phuc2uoezdh5cb","trial_type":"external-html","trial_index":16,"time_elapsed":378299,"internal_node_id":"0.0-8.0-0.8"},{"rt":7571,"url":"../static/nodeGraphs.html","edge":"5to8","edgeRT":"5805","flipped":"TRUE","correct_edge":"0to2","index":"27","edgeClickLog":"[{\"edgeSelection\":\"0to3\",\"edgeRTMS\":3401},{\"edgeSelection\":\"3to5\",\"edgeRTMS\":4875},{\"edgeSelection\":\"5to8\",\"edgeRTMS\":5805}]","seed":" 85614324","task":"experiment","subjectId":"8phuc2uoezdh5cb","trial_type":"external-html","trial_index":17,"time_elapsed":386483,"internal_node_id":"0.0-8.0-0.9"},{"rt":10876,"url":"../static/nodeGraphs.html","edge":"5to7","edgeRT":"9846","flipped":"FALSE","correct_edge":"2to4","index":"4","edgeClickLog":"[{\"edgeSelection\":\"0to2\",\"edgeRTMS\":8580},{\"edgeSelection\":\"2to5\",\"edgeRTMS\":9229},{\"edgeSelection\":\"5to7\",\"edgeRTMS\":9846}]","seed":" 36501291","task":"experiment","subjectId":"8phuc2uoezdh5cb","trial_type":"external-html","trial_index":18,"time_elapsed":397971,"internal_node_id":"0.0-8.0-0.10"},{"rt":5537,"url":"../static/nodeGraphs.html","edge":"6to9","edgeRT":"4441","flipped":"FALSE","correct_edge":"2to6","index":"15","edgeClickLog":"[{\"edgeSelection\":\"0to3\",\"edgeRTMS\":1809},{\"edgeSelection\":\"3to6\",\"edgeRTMS\":3611},{\"edgeSelection\":\"6to9\",\"edgeRTMS\":4441}]","seed":" 53220770","task":"experiment","subjectId":"8phuc2uoezdh5cb","trial_type":"external-html","trial_index":19,"time_elapsed":404123,"internal_node_id":"0.0-8.0-0.11"},{"rt":9497,"url":"../static/nodeGraphs.html","edge":"5to8","edgeRT":"8130","flipped":"FALSE","correct_edge":"5to9","index":"16","edgeClickLog":"[{\"edgeSelection\":\"3to5\",\"edgeRTMS\":6432},{\"edgeSelection\":\"5to8\",\"edgeRTMS\":8130}]","seed":" 5655743","task":"experiment","subjectId":"8phuc2uoezdh5cb","trial_type":"external-html","trial_index":20,"time_elapsed":414235,"internal_node_id":"0.0-8.0-0.12"},{"rt":15660,"url":"../static/nodeGraphs.html","edge":"3to6","edgeRT":"12460","flipped":"TRUE","correct_edge":"0to3","index":"20","edgeClickLog":"[{\"edgeSelection\":\"0to3\",\"edgeRTMS\":11562},{\"edgeSelection\":\"3to6\",\"edgeRTMS\":12460}]","seed":" 21745736","task":"experiment","subjectId":"8phuc2uoezdh5cb","trial_type":"external-html","trial_index":21,"time_elapsed":430515,"internal_node_id":"0.0-8.0-0.13"},{"rt":10389,"url":"../static/nodeGraphs.html","edge":"4to7","edgeRT":"8845","flipped":"TRUE","correct_edge":"0to1","index":"29","edgeClickLog":"[{\"edgeSelection\":\"3to6\",\"edgeRTMS\":2748},{\"edgeSelection\":\"0to1\",\"edgeRTMS\":6611},{\"edgeSelection\":\"1to4\",\"edgeRTMS\":8110},{\"edgeSelection\":\"4to7\",\"edgeRTMS\":8845}]","seed":" 61187187","task":"experiment","subjectId":"8phuc2uoezdh5cb","trial_type":"external-html","trial_index":22,"time_elapsed":441515,"internal_node_id":"0.0-8.0-0.14"},{"rt":13301,"url":"../static/nodeGraphs.html","edge":"4to8","edgeRT":"12374","flipped":"FALSE","correct_edge":"2to4","index":"5","edgeClickLog":"[{\"edgeSelection\":\"5to8\",\"edgeRTMS\":2620},{\"edgeSelection\":\"2to4\",\"edgeRTMS\":11462},{\"edgeSelection\":\"4to8\",\"edgeRTMS\":12374}]","seed":" 10409262","task":"experiment","subjectId":"8phuc2uoezdh5cb","trial_type":"external-html","trial_index":23,"time_elapsed":455435,"internal_node_id":"0.0-8.0-0.15"},{"rt":8676,"url":"../static/nodeGraphs.html","edge":"6to9","edgeRT":"7964","flipped":"FALSE","correct_edge":"0to2","index":"13","edgeClickLog":"[{\"edgeSelection\":\"0to2\",\"edgeRTMS\":6330},{\"edgeSelection\":\"2to6\",\"edgeRTMS\":7140},{\"edgeSelection\":\"6to9\",\"edgeRTMS\":7964}]","seed":" 49587019","task":"experiment","subjectId":"8phuc2uoezdh5cb","trial_type":"external-html","trial_index":24,"time_elapsed":464723,"internal_node_id":"0.0-8.0-0.16"},{"rt":6963,"url":"../static/nodeGraphs.html","edge":"5to8","edgeRT":"6004","flipped":"TRUE","correct_edge":"0to2","index":"37","edgeClickLog":"[{\"edgeSelection\":\"0to2\",\"edgeRTMS\":2770},{\"edgeSelection\":\"2to5\",\"edgeRTMS\":3573},{\"edgeSelection\":\"5to8\",\"edgeRTMS\":4225},{\"edgeSelection\":\"5to8\",\"edgeRTMS\":5473},{\"edgeSelection\":\"5to8\",\"edgeRTMS\":6004}]","seed":" 21211189","task":"experiment","subjectId":"8phuc2uoezdh5cb","trial_type":"external-html","trial_index":25,"time_elapsed":472299,"internal_node_id":"0.0-8.0-0.17"},{"rt":33585,"url":"../static/nodeGraphs.html","edge":"5to9","edgeRT":"29698","flipped":"TRUE","correct_edge":"6to9","index":"26","edgeClickLog":"[{\"edgeSelection\":\"0to2\",\"edgeRTMS\":26640},{\"edgeSelection\":\"2to5\",\"edgeRTMS\":28643},{\"edgeSelection\":\"5to9\",\"edgeRTMS\":29698}]","seed":" 13523788","task":"experiment","subjectId":"8phuc2uoezdh5cb","trial_type":"external-html","trial_index":26,"time_elapsed":506498,"internal_node_id":"0.0-8.0-0.18"},{"rt":19409,"url":"../static/nodeGraphs.html","edge":"6to8","edgeRT":"18359","flipped":"TRUE","correct_edge":"6to8","index":"21","edgeClickLog":"[{\"edgeSelection\":\"6to8\",\"edgeRTMS\":18359}]","seed":" 32816305","task":"experiment","subjectId":"8phuc2uoezdh5cb","trial_type":"external-html","trial_index":27,"time_elapsed":526522,"internal_node_id":"0.0-8.0-0.19"},{"rt":6289,"url":"../static/nodeGraphs.html","edge":"4to7","edgeRT":"5369","flipped":"TRUE","correct_edge":"2to4","index":"35","edgeClickLog":"[{\"edgeSelection\":\"0to1\",\"edgeRTMS\":2001},{\"edgeSelection\":\"1to4\",\"edgeRTMS\":2866},{\"edgeSelection\":\"4to7\",\"edgeRTMS\":3871},{\"edgeSelection\":\"4to7\",\"edgeRTMS\":5369}]","seed":" 53220770","task":"experiment","subjectId":"8phuc2uoezdh5cb","trial_type":"external-html","trial_index":28,"time_elapsed":533426,"internal_node_id":"0.0-8.0-0.20"},{"rt":9545,"url":"../static/nodeGraphs.html","edge":"6to9","edgeRT":"8578","flipped":"TRUE","correct_edge":"0to2","index":"30","edgeClickLog":"[{\"edgeSelection\":\"4to7\",\"edgeRTMS\":4000},{\"edgeSelection\":\"0to3\",\"edgeRTMS\":6466},{\"edgeSelection\":\"3to6\",\"edgeRTMS\":7218},{\"edgeSelection\":\"6to9\",\"edgeRTMS\":8578}]","seed":" 39688702","task":"experiment","subjectId":"8phuc2uoezdh5cb","trial_type":"external-html","trial_index":29,"time_elapsed":543587,"internal_node_id":"0.0-8.0-0.21"},{"rt":5168,"url":"../static/nodeGraphs.html","edge":"6to9","edgeRT":"4417","flipped":"TRUE","correct_edge":"0to2","index":"28","edgeClickLog":"[{\"edgeSelection\":\"0to2\",\"edgeRTMS\":2455},{\"edgeSelection\":\"2to6\",\"edgeRTMS\":3186},{\"edgeSelection\":\"6to9\",\"edgeRTMS\":4417}]","seed":" 8396978","task":"experiment","subjectId":"8phuc2uoezdh5cb","trial_type":"external-html","trial_index":30,"time_elapsed":549370,"internal_node_id":"0.0-8.0-0.22"},{"rt":12383,"url":"../static/nodeGraphs.html","edge":"6to8","edgeRT":"8608","flipped":"TRUE","correct_edge":"0to2","index":"34","edgeClickLog":"[{\"edgeSelection\":\"0to3\",\"edgeRTMS\":4191},{\"edgeSelection\":\"3to6\",\"edgeRTMS\":5904},{\"edgeSelection\":\"6to8\",\"edgeRTMS\":8608}]","seed":" 21083760","task":"experiment","subjectId":"8phuc2uoezdh5cb","trial_type":"external-html","trial_index":31,"time_elapsed":562370,"internal_node_id":"0.0-8.0-0.23"},{"rt":7427,"url":"../static/nodeGraphs.html","edge":"5to7","edgeRT":"4409","flipped":"TRUE","correct_edge":"0to2","index":"33","edgeClickLog":"[{\"edgeSelection\":\"5to7\",\"edgeRTMS\":4409}]","seed":" 49587019","task":"experiment","subjectId":"8phuc2uoezdh5cb","trial_type":"external-html","trial_index":32,"time_elapsed":570410,"internal_node_id":"0.0-8.0-0.24"},{"rt":9801,"url":"../static/nodeGraphs.html","edge":"5to9","edgeRT":"8731","flipped":"FALSE","correct_edge":"0to2","index":"8","edgeClickLog":"[{\"edgeSelection\":\"5to9\",\"edgeRTMS\":2930},{\"edgeSelection\":\"0to2\",\"edgeRTMS\":4907},{\"edgeSelection\":\"2to5\",\"edgeRTMS\":7451},{\"edgeSelection\":\"5to9\",\"edgeRTMS\":8731}]","seed":" 8396978","task":"experiment","subjectId":"8phuc2uoezdh5cb","trial_type":"external-html","trial_index":33,"time_elapsed":580826,"internal_node_id":"0.0-8.0-0.25"},{"rt":6250,"url":"../static/nodeGraphs.html","edge":"5to9","edgeRT":"5558","flipped":"TRUE","correct_edge":"5to7","index":"36","edgeClickLog":"[{\"edgeSelection\":\"1to5\",\"edgeRTMS\":3084},{\"edgeSelection\":\"5to9\",\"edgeRTMS\":5558}]","seed":" 5655743","task":"experiment","subjectId":"8phuc2uoezdh5cb","trial_type":"external-html","trial_index":34,"time_elapsed":587691,"internal_node_id":"0.0-8.0-0.26"},{"rt":3482,"url":"../static/nodeGraphs.html","edge":"6to8","edgeRT":"2499","flipped":"TRUE","correct_edge":"3to6","index":"22","edgeClickLog":"[{\"edgeSelection\":\"3to6\",\"edgeRTMS\":1434},{\"edgeSelection\":\"6to8\",\"edgeRTMS\":2499}]","seed":" 22809663","task":"experiment","subjectId":"8phuc2uoezdh5cb","trial_type":"external-html","trial_index":35,"time_elapsed":591787,"internal_node_id":"0.0-8.0-0.27"},{"rt":5279,"url":"../static/nodeGraphs.html","edge":"5to8","edgeRT":"4512","flipped":"FALSE","correct_edge":"0to2","index":"17","edgeClickLog":"[{\"edgeSelection\":\"0to2\",\"edgeRTMS\":1607},{\"edgeSelection\":\"2to5\",\"edgeRTMS\":2109},{\"edgeSelection\":\"5to8\",\"edgeRTMS\":2608},{\"edgeSelection\":\"2to5\",\"edgeRTMS\":3640},{\"edgeSelection\":\"5to8\",\"edgeRTMS\":4512}]","seed":" 21211189","task":"experiment","subjectId":"8phuc2uoezdh5cb","trial_type":"external-html","trial_index":36,"time_elapsed":597683,"internal_node_id":"0.0-8.0-0.28"},{"rt":15014,"url":"../static/nodeGraphs.html","edge":"6to8","edgeRT":"13639","flipped":"TRUE","correct_edge":"5to8","index":"23","edgeClickLog":"[{\"edgeSelection\":\"0to3\",\"edgeRTMS\":5260},{\"edgeSelection\":\"0to3\",\"edgeRTMS\":6581},{\"edgeSelection\":\"0to3\",\"edgeRTMS\":8317},{\"edgeSelection\":\"3to6\",\"edgeRTMS\":9524},{\"edgeSelection\":\"3to6\",\"edgeRTMS\":10143},{\"edgeSelection\":\"6to8\",\"edgeRTMS\":11292},{\"edgeSelection\":\"6to8\",\"edgeRTMS\":12620},{\"edgeSelection\":\"6to8\",\"edgeRTMS\":13639}]","seed":" 46003743","task":"experiment","subjectId":"8phuc2uoezdh5cb","trial_type":"external-html","trial_index":37,"time_elapsed":613306,"internal_node_id":"0.0-8.0-0.29"},{"rt":6450,"url":"../static/nodeGraphs.html","edge":"6to9","edgeRT":"5395","flipped":"TRUE","correct_edge":"0to3","index":"39","edgeClickLog":"[{\"edgeSelection\":\"0to3\",\"edgeRTMS\":1498},{\"edgeSelection\":\"3to6\",\"edgeRTMS\":2432},{\"edgeSelection\":\"3to6\",\"edgeRTMS\":2896},{\"edgeSelection\":\"3to6\",\"edgeRTMS\":3826},{\"edgeSelection\":\"6to9\",\"edgeRTMS\":4761},{\"edgeSelection\":\"6to9\",\"edgeRTMS\":5395}]","seed":" 37422119","task":"experiment","subjectId":"8phuc2uoezdh5cb","trial_type":"external-html","trial_index":38,"time_elapsed":620371,"internal_node_id":"0.0-8.0-0.30"},{"rt":7299,"url":"../static/nodeGraphs.html","edge":"4to7","edgeRT":"6428","flipped":"FALSE","correct_edge":"0to1","index":"0","edgeClickLog":"[{\"edgeSelection\":\"0to1\",\"edgeRTMS\":4914},{\"edgeSelection\":\"1to4\",\"edgeRTMS\":5764},{\"edgeSelection\":\"4to7\",\"edgeRTMS\":6428}]","seed":" 21745736","task":"experiment","subjectId":"8phuc2uoezdh5cb","trial_type":"external-html","trial_index":39,"time_elapsed":628283,"internal_node_id":"0.0-8.0-0.31"},{"rt":9787,"url":"../static/nodeGraphs.html","edge":"4to8","edgeRT":"8956","flipped":"FALSE","correct_edge":"4to8","index":"1","edgeClickLog":"[{\"edgeSelection\":\"0to1\",\"edgeRTMS\":3187},{\"edgeSelection\":\"1to4\",\"edgeRTMS\":3972},{\"edgeSelection\":\"4to7\",\"edgeRTMS\":4780},{\"edgeSelection\":\"0to1\",\"edgeRTMS\":7316},{\"edgeSelection\":\"1to4\",\"edgeRTMS\":8068},{\"edgeSelection\":\"4to8\",\"edgeRTMS\":8956}]","seed":" 32816305","task":"experiment","subjectId":"8phuc2uoezdh5cb","trial_type":"external-html","trial_index":40,"time_elapsed":638691,"internal_node_id":"0.0-8.0-0.32"},{"rt":5367,"url":"../static/nodeGraphs.html","edge":"5to8","edgeRT":"4663","flipped":"TRUE","correct_edge":"1to5","index":"38","edgeClickLog":"[{\"edgeSelection\":\"0to2\",\"edgeRTMS\":3509},{\"edgeSelection\":\"2to5\",\"edgeRTMS\":4182},{\"edgeSelection\":\"5to8\",\"edgeRTMS\":4663}]","seed":" 22181670","task":"experiment","subjectId":"8phuc2uoezdh5cb","trial_type":"external-html","trial_index":41,"time_elapsed":645186,"internal_node_id":"0.0-8.0-0.33"},{"rt":10756,"url":"../static/nodeGraphs.html","edge":"5to9","edgeRT":"9653","flipped":"TRUE","correct_edge":"0to1","index":"32","edgeClickLog":"[{\"edgeSelection\":\"0to1\",\"edgeRTMS\":3299},{\"edgeSelection\":\"1to5\",\"edgeRTMS\":4108},{\"edgeSelection\":\"6to8\",\"edgeRTMS\":5149},{\"edgeSelection\":\"0to1\",\"edgeRTMS\":6852},{\"edgeSelection\":\"1to5\",\"edgeRTMS\":7661},{\"edgeSelection\":\"5to9\",\"edgeRTMS\":9026},{\"edgeSelection\":\"5to9\",\"edgeRTMS\":9653}]","seed":" 36895371","task":"experiment","subjectId":"8phuc2uoezdh5cb","trial_type":"external-html","trial_index":42,"time_elapsed":656554,"internal_node_id":"0.0-8.0-0.34"},{"rt":4894,"url":"../static/nodeGraphs.html","edge":"4to8","edgeRT":"3920","flipped":"FALSE","correct_edge":"1to4","index":"2","edgeClickLog":"[{\"edgeSelection\":\"0to1\",\"edgeRTMS\":1279},{\"edgeSelection\":\"1to4\",\"edgeRTMS\":2801},{\"edgeSelection\":\"4to8\",\"edgeRTMS\":3920}]","seed":" 22809663","task":"experiment","subjectId":"8phuc2uoezdh5cb","trial_type":"external-html","trial_index":43,"time_elapsed":662058,"internal_node_id":"0.0-8.0-0.35"},{"rt":11450,"url":"../static/nodeGraphs.html","edge":"5to8","edgeRT":"10645","flipped":"FALSE","correct_edge":"5to8","index":"3","edgeClickLog":"[{\"edgeSelection\":\"0to1\",\"edgeRTMS\":2465},{\"edgeSelection\":\"1to5\",\"edgeRTMS\":4386},{\"edgeSelection\":\"5to8\",\"edgeRTMS\":6032},{\"edgeSelection\":\"5to8\",\"edgeRTMS\":7689},{\"edgeSelection\":\"0to1\",\"edgeRTMS\":8915},{\"edgeSelection\":\"1to5\",\"edgeRTMS\":9900},{\"edgeSelection\":\"5to8\",\"edgeRTMS\":10645}]","seed":" 46003743","task":"experiment","subjectId":"8phuc2uoezdh5cb","trial_type":"external-html","trial_index":44,"time_elapsed":674130,"internal_node_id":"0.0-8.0-0.36"},{"rt":3523,"url":"../static/nodeGraphs.html","edge":"5to8","edgeRT":"2541","flipped":"FALSE","correct_edge":"3to5","index":"18","edgeClickLog":"[{\"edgeSelection\":\"0to2\",\"edgeRTMS\":1227},{\"edgeSelection\":\"2to5\",\"edgeRTMS\":1933},{\"edgeSelection\":\"5to8\",\"edgeRTMS\":2541}]","seed":" 22181670","task":"experiment","subjectId":"8phuc2uoezdh5cb","trial_type":"external-html","trial_index":45,"time_elapsed":678266,"internal_node_id":"0.0-8.0-0.37"},{"rt":3897,"url":"../static/nodeGraphs.html","edge":"4to7","edgeRT":"2796","flipped":"FALSE","correct_edge":"0to1","index":"19","edgeClickLog":"[{\"edgeSelection\":\"0to1\",\"edgeRTMS\":1378},{\"edgeSelection\":\"1to4\",\"edgeRTMS\":2156},{\"edgeSelection\":\"4to7\",\"edgeRTMS\":2796}]","seed":" 37422119","task":"experiment","subjectId":"8phuc2uoezdh5cb","trial_type":"external-html","trial_index":46,"time_elapsed":682778,"internal_node_id":"0.0-8.0-0.38"},{"rt":7461,"url":"../static/nodeGraphs.html","edge":"5to8","edgeRT":"6719","flipped":"FALSE","correct_edge":"4to7","index":"6","edgeClickLog":"[{\"edgeSelection\":\"0to3\",\"edgeRTMS\":2197},{\"edgeSelection\":\"3to5\",\"edgeRTMS\":5775},{\"edgeSelection\":\"5to8\",\"edgeRTMS\":6719}]","seed":" 13523788","task":"experiment","subjectId":"8phuc2uoezdh5cb","trial_type":"external-html","trial_index":47,"time_elapsed":690850,"internal_node_id":"0.0-8.0-0.39"},{"rt":324688,"response":{"P0_Q0":null,"P0_Q1":4,"P0_Q2":5,"P0_Q3":3,"P0_Q4":6,"P0_Q5":6,"strategies":"I always tried to maximize the amount of money the students would get by picking the path with the biggest numbers","feedback":"I did get a little confused as to why I could only highlight one area of dotted lines when I wanted to map out a new path"},"accuracy":[],"trial_type":"survey","trial_index":48,"time_elapsed":1016086,"internal_node_id":"0.0-9.0"},{"rt":2819,"stimulus":"<p>Thanks for your time!</p>        <p>We need to manually calculate your bonus pay, please give us up to 7 days.</p><p>Press any key to conclude.</p>","response":" ","task":"end","subjectId":"8phuc2uoezdh5cb","trial_type":"html-keyboard-response","trial_index":49,"time_elapsed":1018906,"internal_node_id":"0.0-10.0","interactions":"[{\"event\":\"fullscreenenter\",\"trial\":1,\"time\":3226},{\"event\":\"fullscreenexit\",\"trial\":2,\"time\":6499},{\"event\":\"blur\",\"trial\":4,\"time\":102423},{\"event\":\"focus\",\"trial\":4,\"time\":102423},{\"event\":\"blur\",\"trial\":11,\"time\":318307},{\"event\":\"focus\",\"trial\":11,\"time\":318307},{\"event\":\"blur\",\"trial\":18,\"time\":394571},{\"event\":\"focus\",\"trial\":18,\"time\":394571},{\"event\":\"blur\",\"trial\":48,\"time\":753308},{\"event\":\"focus\",\"trial\":48,\"time\":1014983}]"}]