[{"success":true,"timeout":false,"failed_images":[],"failed_audio":[],"failed_video":[],"trial_type":"preload","trial_index":0,"time_elapsed":1893,"internal_node_id":"0.0-0.0"},{"success":true,"trial_type":"fullscreen","trial_index":1,"time_elapsed":8664,"internal_node_id":"0.0-1.0"},{"rt":1388,"stimulus":"Welcome to the experiment. Press any key to begin.","response":" ","trial_type":"html-keyboard-response","trial_index":2,"time_elapsed":10053,"internal_node_id":"0.0-2.0"},{"view_history":[{"page_index":0,"viewing_time":3378},{"page_index":1,"viewing_time":5173},{"page_index":2,"viewing_time":18375},{"page_index":3,"viewing_time":4294},{"page_index":4,"viewing_time":822},{"page_index":5,"viewing_time":1938},{"page_index":6,"viewing_time":3717},{"page_index":7,"viewing_time":12230},{"page_index":8,"viewing_time":14765},{"page_index":9,"viewing_time":7770},{"page_index":10,"viewing_time":1139},{"page_index":11,"viewing_time":593},{"page_index":12,"viewing_time":403},{"page_index":13,"viewing_time":1495},{"page_index":14,"viewing_time":2491},{"page_index":15,"viewing_time":6342},{"page_index":16,"viewing_time":1590},{"page_index":17,"viewing_time":570},{"page_index":18,"viewing_time":735},{"page_index":19,"viewing_time":2334},{"page_index":20,"viewing_time":7776},{"page_index":21,"viewing_time":5829}],"rt":103757,"trial_type":"instructions","trial_index":3,"time_elapsed":113807,"internal_node_id":"0.0-3.0"},{"rt":69409,"url":"../static/nodeGraphsTraining.html","edgeClickLog":[],"trial_type":"external-html","trial_index":4,"time_elapsed":183356,"internal_node_id":"0.0-4.0"},{"rt":38318,"response":{"q1":"The goal is to help the student to get the most points","q2":"False","q3":"Possible paths the student can take.","q4":"Paths that the student took before."},"question_order":[0,1,2,3],"trial_type":"survey-multi-choice","trial_index":5,"time_elapsed":221676,"internal_node_id":"0.0-5.0"},{"rt":4583,"stimulus":"<p>You can take a 60 second break before starting the experiment.</p><br><br><p>This page will advance in 60 seconds or you can press any key to advance now.</p>","response":" ","trial_type":"html-keyboard-response","trial_index":6,"time_elapsed":226266,"internal_node_id":"0.0-7.0"},{"view_history":[{"page_index":0,"viewing_time":13416}],"rt":13417,"trial_type":"instructions","trial_index":7,"time_elapsed":239682,"internal_node_id":"0.0-8.0"},{"rt":30162,"url":"../static/nodeGraphs.html","edge":"6to9","edgeRT":"24907","flipped":"TRUE","correct_edge":"0to2","index":"31","edgeClickLog":"[{\"edgeSelection\":\"5to8\",\"edgeRTMS\":13136},{\"edgeSelection\":\"5to8\",\"edgeRTMS\":14558},{\"edgeSelection\":\"5to8\",\"edgeRTMS\":15314},{\"edgeSelection\":\"5to8\",\"edgeRTMS\":15947},{\"edgeSelection\":\"2to6\",\"edgeRTMS\":19798},{\"edgeSelection\":\"6to9\",\"edgeRTMS\":24907}]","seed":" 63833578","task":"experiment","subjectId":"mpbtat9szuxy2hc","trial_type":"external-html","trial_index":8,"time_elapsed":269944,"internal_node_id":"0.0-9.0-0.0"},{"rt":24284,"url":"../static/nodeGraphs.html","edge":"1to5","edgeRT":"15568","flipped":"TRUE","correct_edge":"1to5","index":"38","edgeClickLog":"[{\"edgeSelection\":\"1to5\",\"edgeRTMS\":10743},{\"edgeSelection\":\"5to8\",\"edgeRTMS\":14762},{\"edgeSelection\":\"1to5\",\"edgeRTMS\":15568}]","seed":" 22181670","task":"experiment","subjectId":"mpbtat9szuxy2hc","trial_type":"external-html","trial_index":9,"time_elapsed":294821,"internal_node_id":"0.0-9.0-0.1"},{"rt":5650,"url":"../static/nodeGraphs.html","edge":"2to4","edgeRT":"4248","flipped":"FALSE","correct_edge":"2to4","index":"4","edgeClickLog":"[{\"edgeSelection\":\"2to4\",\"edgeRTMS\":4248}]","seed":" 36501291","task":"experiment","subjectId":"mpbtat9szuxy2hc","trial_type":"external-html","trial_index":10,"time_elapsed":301065,"internal_node_id":"0.0-9.0-0.2"},{"rt":7421,"url":"../static/nodeGraphs.html","edge":"1to4","edgeRT":"5687","flipped":"FALSE","correct_edge":"1to4","index":"2","edgeClickLog":"[{\"edgeSelection\":\"1to4\",\"edgeRTMS\":5687}]","seed":" 22809663","task":"experiment","subjectId":"mpbtat9szuxy2hc","trial_type":"external-html","trial_index":11,"time_elapsed":309076,"internal_node_id":"0.0-9.0-0.3"},{"rt":42702,"url":"../static/nodeGraphs.html","edge":"0to2","edgeRT":"40871","flipped":"FALSE","correct_edge":"0to2","index":"10","edgeClickLog":"[{\"edgeSelection\":\"0to2\",\"edgeRTMS\":39415},{\"edgeSelection\":\"0to2\",\"edgeRTMS\":40871}]","seed":" 39688702","task":"experiment","subjectId":"mpbtat9szuxy2hc","trial_type":"external-html","trial_index":12,"time_elapsed":352376,"internal_node_id":"0.0-9.0-0.4"},{"rt":7459,"url":"../static/nodeGraphs.html","edge":"3to6","edgeRT":"5538","flipped":"TRUE","correct_edge":"0to2","index":"28","edgeClickLog":"[{\"edgeSelection\":\"3to6\",\"edgeRTMS\":5538}]","seed":" 8396978","task":"experiment","subjectId":"mpbtat9szuxy2hc","trial_type":"external-html","trial_index":13,"time_elapsed":360431,"internal_node_id":"0.0-9.0-0.5"},{"rt":12578,"url":"../static/nodeGraphs.html","edge":"3to5","edgeRT":"10757","flipped":"FALSE","correct_edge":"3to5","index":"18","edgeClickLog":"[{\"edgeSelection\":\"3to5\",\"edgeRTMS\":6080},{\"edgeSelection\":\"5to8\",\"edgeRTMS\":9357},{\"edgeSelection\":\"3to5\",\"edgeRTMS\":10757}]","seed":" 22181670","task":"experiment","subjectId":"mpbtat9szuxy2hc","trial_type":"external-html","trial_index":14,"time_elapsed":373603,"internal_node_id":"0.0-9.0-0.6"},{"rt":6904,"url":"../static/nodeGraphs.html","edge":"3to5","edgeRT":"6000","flipped":"TRUE","correct_edge":"0to2","index":"37","edgeClickLog":"[{\"edgeSelection\":\"3to5\",\"edgeRTMS\":6000}]","seed":" 21211189","task":"experiment","subjectId":"mpbtat9szuxy2hc","trial_type":"external-html","trial_index":15,"time_elapsed":381098,"internal_node_id":"0.0-9.0-0.7"},{"rt":18064,"url":"../static/nodeGraphs.html","edge":"4to7","edgeRT":"14005","flipped":"FALSE","correct_edge":"0to3","index":"9","edgeClickLog":"[{\"edgeSelection\":\"4to7\",\"edgeRTMS\":14005}]","seed":" 61187187","task":"experiment","subjectId":"mpbtat9szuxy2hc","trial_type":"external-html","trial_index":16,"time_elapsed":399758,"internal_node_id":"0.0-9.0-0.8"},{"rt":6281,"url":"../static/nodeGraphs.html","edge":"2to4","edgeRT":"4789","flipped":"TRUE","correct_edge":"2to4","index":"35","edgeClickLog":"[{\"edgeSelection\":\"1to5\",\"edgeRTMS\":3527},{\"edgeSelection\":\"2to4\",\"edgeRTMS\":4789}]","seed":" 53220770","task":"experiment","subjectId":"mpbtat9szuxy2hc","trial_type":"external-html","trial_index":17,"time_elapsed":406638,"internal_node_id":"0.0-9.0-0.9"},{"rt":6959,"url":"../static/nodeGraphs.html","edge":"5to8","edgeRT":"3546","flipped":"TRUE","correct_edge":"5to8","index":"23","edgeClickLog":"[{\"edgeSelection\":\"5to8\",\"edgeRTMS\":3546}]","seed":" 46003743","task":"experiment","subjectId":"mpbtat9szuxy2hc","trial_type":"external-html","trial_index":18,"time_elapsed":414188,"internal_node_id":"0.0-9.0-0.10"},{"rt":5357,"url":"../static/nodeGraphs.html","edge":"1to5","edgeRT":"4399","flipped":"TRUE","correct_edge":"0to2","index":"27","edgeClickLog":"[{\"edgeSelection\":\"1to5\",\"edgeRTMS\":4399}]","seed":" 85614324","task":"experiment","subjectId":"mpbtat9szuxy2hc","trial_type":"external-html","trial_index":19,"time_elapsed":420143,"internal_node_id":"0.0-9.0-0.11"},{"rt":7513,"url":"../static/nodeGraphs.html","edge":"0to2","edgeRT":"5716","flipped":"TRUE","correct_edge":"6to9","index":"26","edgeClickLog":"[{\"edgeSelection\":\"0to2\",\"edgeRTMS\":5716}]","seed":" 13523788","task":"experiment","subjectId":"mpbtat9szuxy2hc","trial_type":"external-html","trial_index":20,"time_elapsed":428250,"internal_node_id":"0.0-9.0-0.12"},{"rt":6950,"url":"../static/nodeGraphs.html","edge":"2to6","edgeRT":"5580","flipped":"FALSE","correct_edge":"2to6","index":"15","edgeClickLog":"[{\"edgeSelection\":\"2to6\",\"edgeRTMS\":5580}]","seed":" 53220770","task":"experiment","subjectId":"mpbtat9szuxy2hc","trial_type":"external-html","trial_index":21,"time_elapsed":435793,"internal_node_id":"0.0-9.0-0.13"},{"rt":9445,"url":"../static/nodeGraphs.html","edge":"0to3","edgeRT":"7843","flipped":"TRUE","correct_edge":"0to2","index":"30","edgeClickLog":"[{\"edgeSelection\":\"0to2\",\"edgeRTMS\":6044},{\"edgeSelection\":\"0to3\",\"edgeRTMS\":7843}]","seed":" 39688702","task":"experiment","subjectId":"mpbtat9szuxy2hc","trial_type":"external-html","trial_index":22,"time_elapsed":445820,"internal_node_id":"0.0-9.0-0.14"},{"rt":7153,"url":"../static/nodeGraphs.html","edge":"0to3","edgeRT":"5077","flipped":"TRUE","correct_edge":"0to2","index":"34","edgeClickLog":"[{\"edgeSelection\":\"0to3\",\"edgeRTMS\":5077}]","seed":" 21083760","task":"experiment","subjectId":"mpbtat9szuxy2hc","trial_type":"external-html","trial_index":23,"time_elapsed":453569,"internal_node_id":"0.0-9.0-0.15"},{"rt":11283,"url":"../static/nodeGraphs.html","edge":"0to1","edgeRT":"6749","flipped":"FALSE","correct_edge":"0to1","index":"0","edgeClickLog":"[{\"edgeSelection\":\"0to1\",\"edgeRTMS\":6749}]","seed":" 21745736","task":"experiment","subjectId":"mpbtat9szuxy2hc","trial_type":"external-html","trial_index":24,"time_elapsed":465439,"internal_node_id":"0.0-9.0-0.16"},{"rt":10430,"url":"../static/nodeGraphs.html","edge":"1to5","edgeRT":"8592","flipped":"TRUE","correct_edge":"5to7","index":"36","edgeClickLog":"[{\"edgeSelection\":\"1to5\",\"edgeRTMS\":3422},{\"edgeSelection\":\"1to5\",\"edgeRTMS\":8592}]","seed":" 5655743","task":"experiment","subjectId":"mpbtat9szuxy2hc","trial_type":"external-html","trial_index":25,"time_elapsed":476460,"internal_node_id":"0.0-9.0-0.17"},{"rt":7511,"url":"../static/nodeGraphs.html","edge":"1to4","edgeRT":"6416","flipped":"FALSE","correct_edge":"0to2","index":"8","edgeClickLog":"[{\"edgeSelection\":\"1to4\",\"edgeRTMS\":6416}]","seed":" 8396978","task":"experiment","subjectId":"mpbtat9szuxy2hc","trial_type":"external-html","trial_index":26,"time_elapsed":484570,"internal_node_id":"0.0-9.0-0.18"},{"rt":5142,"url":"../static/nodeGraphs.html","edge":"2to4","edgeRT":"3909","flipped":"FALSE","correct_edge":"2to4","index":"5","edgeClickLog":"[{\"edgeSelection\":\"5to8\",\"edgeRTMS\":2095},{\"edgeSelection\":\"5to8\",\"edgeRTMS\":2938},{\"edgeSelection\":\"2to4\",\"edgeRTMS\":3909}]","seed":" 10409262","task":"experiment","subjectId":"mpbtat9szuxy2hc","trial_type":"external-html","trial_index":27,"time_elapsed":490296,"internal_node_id":"0.0-9.0-0.19"},{"rt":4461,"url":"../static/nodeGraphs.html","edge":"6to8","edgeRT":"3855","flipped":"TRUE","correct_edge":"6to8","index":"21","edgeClickLog":"[{\"edgeSelection\":\"6to8\",\"edgeRTMS\":3855}]","seed":" 32816305","task":"experiment","subjectId":"mpbtat9szuxy2hc","trial_type":"external-html","trial_index":28,"time_elapsed":495357,"internal_node_id":"0.0-9.0-0.20"},{"rt":4834,"url":"../static/nodeGraphs.html","edge":"0to3","edgeRT":"3410","flipped":"TRUE","correct_edge":"0to3","index":"20","edgeClickLog":"[{\"edgeSelection\":\"0to3\",\"edgeRTMS\":3410}]","seed":" 21745736","task":"experiment","subjectId":"mpbtat9szuxy2hc","trial_type":"external-html","trial_index":29,"time_elapsed":500798,"internal_node_id":"0.0-9.0-0.21"},{"rt":8021,"url":"../static/nodeGraphs.html","edge":"5to9","edgeRT":"5881","flipped":"FALSE","correct_edge":"0to1","index":"19","edgeClickLog":"[{\"edgeSelection\":\"5to9\",\"edgeRTMS\":5881}]","seed":" 37422119","task":"experiment","subjectId":"mpbtat9szuxy2hc","trial_type":"external-html","trial_index":30,"time_elapsed":509411,"internal_node_id":"0.0-9.0-0.22"},{"rt":8536,"url":"../static/nodeGraphs.html","edge":"0to2","edgeRT":"5488","flipped":"TRUE","correct_edge":"0to2","index":"33","edgeClickLog":"[{\"edgeSelection\":\"0to2\",\"edgeRTMS\":5488}]","seed":" 49587019","task":"experiment","subjectId":"mpbtat9szuxy2hc","trial_type":"external-html","trial_index":31,"time_elapsed":518553,"internal_node_id":"0.0-9.0-0.23"},{"rt":7995,"url":"../static/nodeGraphs.html","edge":"2to6","edgeRT":"6963","flipped":"TRUE","correct_edge":"2to6","index":"24","edgeClickLog":"[{\"edgeSelection\":\"3to5\",\"edgeRTMS\":4781},{\"edgeSelection\":\"2to6\",\"edgeRTMS\":6963}]","seed":" 36501291","task":"experiment","subjectId":"mpbtat9szuxy2hc","trial_type":"external-html","trial_index":32,"time_elapsed":527141,"internal_node_id":"0.0-9.0-0.24"},{"rt":7294,"url":"../static/nodeGraphs.html","edge":"5to9","edgeRT":"6483","flipped":"TRUE","correct_edge":"0to1","index":"29","edgeClickLog":"[{\"edgeSelection\":\"5to9\",\"edgeRTMS\":6483}]","seed":" 61187187","task":"experiment","subjectId":"mpbtat9szuxy2hc","trial_type":"external-html","trial_index":33,"time_elapsed":535017,"internal_node_id":"0.0-9.0-0.25"},{"rt":12933,"url":"../static/nodeGraphs.html","edge":"3to5","edgeRT":"11067","flipped":"FALSE","correct_edge":"0to2","index":"7","edgeClickLog":"[{\"edgeSelection\":\"3to6\",\"edgeRTMS\":4880},{\"edgeSelection\":\"3to6\",\"edgeRTMS\":6520},{\"edgeSelection\":\"3to5\",\"edgeRTMS\":11067}]","seed":" 85614324","task":"experiment","subjectId":"mpbtat9szuxy2hc","trial_type":"external-html","trial_index":34,"time_elapsed":548544,"internal_node_id":"0.0-9.0-0.26"},{"rt":6853,"url":"../static/nodeGraphs.html","edge":"2to4","edgeRT":"5958","flipped":"FALSE","correct_edge":"0to2","index":"14","edgeClickLog":"[{\"edgeSelection\":\"2to4\",\"edgeRTMS\":5958}]","seed":" 21083760","task":"experiment","subjectId":"mpbtat9szuxy2hc","trial_type":"external-html","trial_index":35,"time_elapsed":555989,"internal_node_id":"0.0-9.0-0.27"},{"rt":4623,"url":"../static/nodeGraphs.html","edge":"4to8","edgeRT":"2422","flipped":"FALSE","correct_edge":"4to8","index":"1","edgeClickLog":"[{\"edgeSelection\":\"4to8\",\"edgeRTMS\":2422}]","seed":" 32816305","task":"experiment","subjectId":"mpbtat9szuxy2hc","trial_type":"external-html","trial_index":36,"time_elapsed":561208,"internal_node_id":"0.0-9.0-0.28"},{"rt":17368,"url":"../static/nodeGraphs.html","edge":"4to7","edgeRT":"16434","flipped":"FALSE","correct_edge":"4to7","index":"6","edgeClickLog":"[{\"edgeSelection\":\"4to7\",\"edgeRTMS\":16434}]","seed":" 13523788","task":"experiment","subjectId":"mpbtat9szuxy2hc","trial_type":"external-html","trial_index":37,"time_elapsed":579509,"internal_node_id":"0.0-9.0-0.29"},{"rt":9102,"url":"../static/nodeGraphs.html","edge":"3to5","edgeRT":"3662","flipped":"FALSE","correct_edge":"5to9","index":"16","edgeClickLog":"[{\"edgeSelection\":\"3to5\",\"edgeRTMS\":3662}]","seed":" 5655743","task":"experiment","subjectId":"mpbtat9szuxy2hc","trial_type":"external-html","trial_index":38,"time_elapsed":589223,"internal_node_id":"0.0-9.0-0.30"},{"rt":10730,"url":"../static/nodeGraphs.html","edge":"2to5","edgeRT":"4695","flipped":"FALSE","correct_edge":"0to2","index":"11","edgeClickLog":"[{\"edgeSelection\":\"2to5\",\"edgeRTMS\":4695}]","seed":" 63833578","task":"experiment","subjectId":"mpbtat9szuxy2hc","trial_type":"external-html","trial_index":39,"time_elapsed":600550,"internal_node_id":"0.0-9.0-0.31"},{"rt":7592,"url":"../static/nodeGraphs.html","edge":"5to9","edgeRT":"4318","flipped":"TRUE","correct_edge":"0to3","index":"39","edgeClickLog":"[{\"edgeSelection\":\"5to9\",\"edgeRTMS\":4318}]","seed":" 37422119","task":"experiment","subjectId":"mpbtat9szuxy2hc","trial_type":"external-html","trial_index":40,"time_elapsed":608734,"internal_node_id":"0.0-9.0-0.32"},{"rt":15186,"url":"../static/nodeGraphs.html","edge":"2to6","edgeRT":"14106","flipped":"FALSE","correct_edge":"0to2","index":"13","edgeClickLog":"[{\"edgeSelection\":\"3to5\",\"edgeRTMS\":13201},{\"edgeSelection\":\"2to6\",\"edgeRTMS\":14106}]","seed":" 49587019","task":"experiment","subjectId":"mpbtat9szuxy2hc","trial_type":"external-html","trial_index":41,"time_elapsed":624516,"internal_node_id":"0.0-9.0-0.33"},{"rt":13410,"url":"../static/nodeGraphs.html","edge":"3to6","edgeRT":"12142","flipped":"TRUE","correct_edge":"3to6","index":"22","edgeClickLog":"[{\"edgeSelection\":\"3to6\",\"edgeRTMS\":12142}]","seed":" 22809663","task":"experiment","subjectId":"mpbtat9szuxy2hc","trial_type":"external-html","trial_index":42,"time_elapsed":638516,"internal_node_id":"0.0-9.0-0.34"},{"rt":9337,"url":"../static/nodeGraphs.html","edge":"3to5","edgeRT":"6665","flipped":"FALSE","correct_edge":"0to3","index":"12","edgeClickLog":"[{\"edgeSelection\":\"3to5\",\"edgeRTMS\":6665}]","seed":" 36895371","task":"experiment","subjectId":"mpbtat9szuxy2hc","trial_type":"external-html","trial_index":43,"time_elapsed":648438,"internal_node_id":"0.0-9.0-0.35"},{"rt":6038,"url":"../static/nodeGraphs.html","edge":"2to6","edgeRT":"4416","flipped":"TRUE","correct_edge":"2to6","index":"25","edgeClickLog":"[{\"edgeSelection\":\"2to6\",\"edgeRTMS\":4416}]","seed":" 10409262","task":"experiment","subjectId":"mpbtat9szuxy2hc","trial_type":"external-html","trial_index":44,"time_elapsed":655073,"internal_node_id":"0.0-9.0-0.36"},{"rt":3564,"url":"../static/nodeGraphs.html","edge":"5to8","edgeRT":"1911","flipped":"FALSE","correct_edge":"5to8","index":"3","edgeClickLog":"[{\"edgeSelection\":\"5to8\",\"edgeRTMS\":1911}]","seed":" 46003743","task":"experiment","subjectId":"mpbtat9szuxy2hc","trial_type":"external-html","trial_index":45,"time_elapsed":659231,"internal_node_id":"0.0-9.0-0.37"},{"rt":5332,"url":"../static/nodeGraphs.html","edge":"1to5","edgeRT":"4170","flipped":"FALSE","correct_edge":"0to2","index":"17","edgeClickLog":"[{\"edgeSelection\":\"1to5\",\"edgeRTMS\":4170}]","seed":" 21211189","task":"experiment","subjectId":"mpbtat9szuxy2hc","trial_type":"external-html","trial_index":46,"time_elapsed":665154,"internal_node_id":"0.0-9.0-0.38"},{"rt":9493,"url":"../static/nodeGraphs.html","edge":"1to5","edgeRT":"8116","flipped":"TRUE","correct_edge":"0to1","index":"32","edgeClickLog":"[{\"edgeSelection\":\"1to5\",\"edgeRTMS\":8116}]","seed":" 36895371","task":"experiment","subjectId":"mpbtat9szuxy2hc","trial_type":"external-html","trial_index":47,"time_elapsed":675244,"internal_node_id":"0.0-9.0-0.39"},{"rt":13775,"response":{"P0_Q0":null,"P0_Q1":5,"P0_Q2":6,"P0_Q3":6,"P0_Q4":6,"P0_Q5":3,"strategies":"","feedback":""},"accuracy":[],"trial_type":"survey","trial_index":48,"time_elapsed":689587,"internal_node_id":"0.0-10.0"},{"rt":51612,"stimulus":"<p>Thanks for your time!</p>        <p>We need to manually calculate your bonus pay, please give us up to 7 days.</p><p>Press any key to conclude.</p>","response":" ","task":"end","subjectId":"mpbtat9szuxy2hc","trial_type":"html-keyboard-response","trial_index":49,"time_elapsed":741200,"internal_node_id":"0.0-11.0","interactions":"[{\"event\":\"focus\",\"trial\":1,\"time\":2069},{\"event\":\"fullscreenenter\",\"trial\":1,\"time\":7705}]"}]