[{"success":true,"timeout":false,"failed_images":[],"failed_audio":[],"failed_video":[],"trial_type":"preload","trial_index":0,"time_elapsed":956,"internal_node_id":"0.0-0.0"},{"success":true,"trial_type":"fullscreen","trial_index":1,"time_elapsed":3841,"internal_node_id":"0.0-1.0"},{"rt":2308,"stimulus":"Welcome to the experiment. Press any key to begin.","response":"enter","trial_type":"html-keyboard-response","trial_index":2,"time_elapsed":6151,"internal_node_id":"0.0-2.0"},{"view_history":[{"page_index":0,"viewing_time":163824},{"page_index":1,"viewing_time":46504},{"page_index":2,"viewing_time":27375},{"page_index":3,"viewing_time":3326},{"page_index":4,"viewing_time":924},{"page_index":5,"viewing_time":2618},{"page_index":6,"viewing_time":1593},{"page_index":7,"viewing_time":6313},{"page_index":8,"viewing_time":15941},{"page_index":9,"viewing_time":15176},{"page_index":10,"viewing_time":2508},{"page_index":11,"viewing_time":473},{"page_index":12,"viewing_time":364},{"page_index":13,"viewing_time":1252},{"page_index":14,"viewing_time":1460},{"page_index":15,"viewing_time":3558},{"page_index":16,"viewing_time":912},{"page_index":17,"viewing_time":516},{"page_index":18,"viewing_time":1066},{"page_index":19,"viewing_time":5822},{"page_index":20,"viewing_time":1832},{"page_index":19,"viewing_time":702},{"page_index":18,"viewing_time":418},{"page_index":17,"viewing_time":241},{"page_index":16,"viewing_time":338},{"page_index":15,"viewing_time":2396},{"page_index":16,"viewing_time":1204},{"page_index":17,"viewing_time":370},{"page_index":18,"viewing_time":562},{"page_index":19,"viewing_time":526},{"page_index":20,"viewing_time":6702},{"page_index":21,"viewing_time":2748}],"rt":319561,"trial_type":"instructions","trial_index":3,"time_elapsed":325712,"internal_node_id":"0.0-3.0"},{"rt":47229,"url":"../static/nodeGraphsTraining.html","edgeClickLog":[],"trial_type":"external-html","trial_index":4,"time_elapsed":373199,"internal_node_id":"0.0-4.0"},{"rt":24094,"response":{"q1":"The goal is to help the student to get the most points","q2":"False","q3":"Possible paths the student can take.","q4":"Paths that the student took before."},"question_order":[0,1,2,3],"trial_type":"survey-multi-choice","trial_index":5,"time_elapsed":397296,"internal_node_id":"0.0-5.0"},{"rt":4661,"stimulus":"<p>You can take a 60 second break before starting the experiment.</p><br><br><p>This page will advance in 60 seconds or you can press any key to advance now.</p>","response":"enter","trial_type":"html-keyboard-response","trial_index":6,"time_elapsed":401962,"internal_node_id":"0.0-7.0"},{"view_history":[{"page_index":0,"viewing_time":23988}],"rt":23989,"trial_type":"instructions","trial_index":7,"time_elapsed":425951,"internal_node_id":"0.0-8.0"},{"rt":28054,"url":"../static/nodeGraphs.html","edge":"2to4","edgeRT":"20044","flipped":"FALSE","correct_edge":"0to2","index":"14","edgeClickLog":"[{\"edgeSelection\":\"2to4\",\"edgeRTMS\":20044}]","seed":" 21083760","task":"experiment","subjectId":"01xe2zodkk4ojts","trial_type":"external-html","trial_index":8,"time_elapsed":454103,"internal_node_id":"0.0-9.0-0.0"},{"rt":46177,"url":"../static/nodeGraphs.html","edge":"4to7","edgeRT":"37876","flipped":"TRUE","correct_edge":"0to2","index":"33","edgeClickLog":"[{\"edgeSelection\":\"2to4\",\"edgeRTMS\":19259},{\"edgeSelection\":\"3to5\",\"edgeRTMS\":28504},{\"edgeSelection\":\"2to4\",\"edgeRTMS\":33152},{\"edgeSelection\":\"4to7\",\"edgeRTMS\":37876}]","seed":" 49587019","task":"experiment","subjectId":"01xe2zodkk4ojts","trial_type":"external-html","trial_index":9,"time_elapsed":500878,"internal_node_id":"0.0-9.0-0.1"},{"rt":24348,"url":"../static/nodeGraphs.html","edge":"5to8","edgeRT":"21955","flipped":"TRUE","correct_edge":"5to8","index":"23","edgeClickLog":"[{\"edgeSelection\":\"5to8\",\"edgeRTMS\":3184},{\"edgeSelection\":\"0to3\",\"edgeRTMS\":5967},{\"edgeSelection\":\"6to8\",\"edgeRTMS\":17000},{\"edgeSelection\":\"5to8\",\"edgeRTMS\":21422},{\"edgeSelection\":\"5to8\",\"edgeRTMS\":21955}]","seed":" 46003743","task":"experiment","subjectId":"01xe2zodkk4ojts","trial_type":"external-html","trial_index":10,"time_elapsed":525826,"internal_node_id":"0.0-9.0-0.2"},{"rt":24909,"url":"../static/nodeGraphs.html","edge":"3to5","edgeRT":"11722","flipped":"TRUE","correct_edge":"0to2","index":"27","edgeClickLog":"[{\"edgeSelection\":\"3to5\",\"edgeRTMS\":11722}]","seed":" 85614324","task":"experiment","subjectId":"01xe2zodkk4ojts","trial_type":"external-html","trial_index":11,"time_elapsed":551325,"internal_node_id":"0.0-9.0-0.3"},{"rt":37947,"url":"../static/nodeGraphs.html","edge":"2to5","edgeRT":"33800","flipped":"FALSE","correct_edge":"0to2","index":"7","edgeClickLog":"[{\"edgeSelection\":\"2to5\",\"edgeRTMS\":10636},{\"edgeSelection\":\"5to8\",\"edgeRTMS\":13622},{\"edgeSelection\":\"0to2\",\"edgeRTMS\":15427},{\"edgeSelection\":\"2to4\",\"edgeRTMS\":27745},{\"edgeSelection\":\"2to5\",\"edgeRTMS\":33077},{\"edgeSelection\":\"2to5\",\"edgeRTMS\":33800}]","seed":" 85614324","task":"experiment","subjectId":"01xe2zodkk4ojts","trial_type":"external-html","trial_index":12,"time_elapsed":589877,"internal_node_id":"0.0-9.0-0.4"},{"rt":15675,"url":"../static/nodeGraphs.html","edge":"0to3","edgeRT":"9340","flipped":"FALSE","correct_edge":"0to3","index":"12","edgeClickLog":"[{\"edgeSelection\":\"0to3\",\"edgeRTMS\":9340}]","seed":" 36895371","task":"experiment","subjectId":"01xe2zodkk4ojts","trial_type":"external-html","trial_index":13,"time_elapsed":606146,"internal_node_id":"0.0-9.0-0.5"},{"rt":15339,"url":"../static/nodeGraphs.html","edge":"1to4","edgeRT":"11834","flipped":"FALSE","correct_edge":"1to4","index":"2","edgeClickLog":"[{\"edgeSelection\":\"1to4\",\"edgeRTMS\":11834}]","seed":" 22809663","task":"experiment","subjectId":"01xe2zodkk4ojts","trial_type":"external-html","trial_index":14,"time_elapsed":622072,"internal_node_id":"0.0-9.0-0.6"},{"rt":17915,"url":"../static/nodeGraphs.html","edge":"6to9","edgeRT":"14204","flipped":"TRUE","correct_edge":"0to3","index":"39","edgeClickLog":"[{\"edgeSelection\":\"0to3\",\"edgeRTMS\":5810},{\"edgeSelection\":\"6to9\",\"edgeRTMS\":13610},{\"edgeSelection\":\"6to9\",\"edgeRTMS\":14204}]","seed":" 37422119","task":"experiment","subjectId":"01xe2zodkk4ojts","trial_type":"external-html","trial_index":15,"time_elapsed":640568,"internal_node_id":"0.0-9.0-0.7"},{"rt":50107,"url":"../static/nodeGraphs.html","edge":"4to8","edgeRT":"41927","flipped":"FALSE","correct_edge":"5to8","index":"3","edgeClickLog":"[{\"edgeSelection\":\"0to2\",\"edgeRTMS\":10213},{\"edgeSelection\":\"0to1\",\"edgeRTMS\":15583},{\"edgeSelection\":\"0to1\",\"edgeRTMS\":15891},{\"edgeSelection\":\"5to8\",\"edgeRTMS\":23972},{\"edgeSelection\":\"1to4\",\"edgeRTMS\":40059},{\"edgeSelection\":\"4to8\",\"edgeRTMS\":41927}]","seed":" 46003743","task":"experiment","subjectId":"01xe2zodkk4ojts","trial_type":"external-html","trial_index":16,"time_elapsed":691268,"internal_node_id":"0.0-9.0-0.8"},{"rt":35670,"url":"../static/nodeGraphs.html","edge":"6to8","edgeRT":"13404","flipped":"FALSE","correct_edge":"4to7","index":"6","edgeClickLog":"[{\"edgeSelection\":\"6to8\",\"edgeRTMS\":13404}]","seed":" 13523788","task":"experiment","subjectId":"01xe2zodkk4ojts","trial_type":"external-html","trial_index":17,"time_elapsed":727544,"internal_node_id":"0.0-9.0-0.9"},{"rt":23470,"url":"../static/nodeGraphs.html","edge":"6to8","edgeRT":"19703","flipped":"TRUE","correct_edge":"0to2","index":"30","edgeClickLog":"[{\"edgeSelection\":\"6to9\",\"edgeRTMS\":10769},{\"edgeSelection\":\"6to8\",\"edgeRTMS\":19703}]","seed":" 39688702","task":"experiment","subjectId":"01xe2zodkk4ojts","trial_type":"external-html","trial_index":18,"time_elapsed":751624,"internal_node_id":"0.0-9.0-0.10"},{"rt":8883,"url":"../static/nodeGraphs.html","edge":"2to6","edgeRT":"6769","flipped":"TRUE","correct_edge":"2to6","index":"25","edgeClickLog":"[{\"edgeSelection\":\"2to6\",\"edgeRTMS\":6769}]","seed":" 10409262","task":"experiment","subjectId":"01xe2zodkk4ojts","trial_type":"external-html","trial_index":19,"time_elapsed":761107,"internal_node_id":"0.0-9.0-0.11"},{"rt":9310,"url":"../static/nodeGraphs.html","edge":"2to4","edgeRT":"3731","flipped":"FALSE","correct_edge":"2to4","index":"5","edgeClickLog":"[{\"edgeSelection\":\"2to4\",\"edgeRTMS\":3731}]","seed":" 10409262","task":"experiment","subjectId":"01xe2zodkk4ojts","trial_type":"external-html","trial_index":20,"time_elapsed":771013,"internal_node_id":"0.0-9.0-0.12"},{"rt":44790,"url":"../static/nodeGraphs.html","edge":"3to6","edgeRT":"39765","flipped":"TRUE","correct_edge":"0to3","index":"20","edgeClickLog":"[{\"edgeSelection\":\"3to6\",\"edgeRTMS\":8464},{\"edgeSelection\":\"6to9\",\"edgeRTMS\":33259},{\"edgeSelection\":\"6to9\",\"edgeRTMS\":36629},{\"edgeSelection\":\"3to6\",\"edgeRTMS\":39765}]","seed":" 21745736","task":"experiment","subjectId":"01xe2zodkk4ojts","trial_type":"external-html","trial_index":21,"time_elapsed":816396,"internal_node_id":"0.0-9.0-0.13"},{"rt":16304,"url":"../static/nodeGraphs.html","edge":"2to4","edgeRT":"12941","flipped":"FALSE","correct_edge":"0to2","index":"11","edgeClickLog":"[{\"edgeSelection\":\"0to2\",\"edgeRTMS\":7494},{\"edgeSelection\":\"2to5\",\"edgeRTMS\":11639},{\"edgeSelection\":\"2to4\",\"edgeRTMS\":12941}]","seed":" 63833578","task":"experiment","subjectId":"01xe2zodkk4ojts","trial_type":"external-html","trial_index":22,"time_elapsed":833296,"internal_node_id":"0.0-9.0-0.14"},{"rt":30710,"url":"../static/nodeGraphs.html","edge":"2to6","edgeRT":"28592","flipped":"TRUE","correct_edge":"0to2","index":"34","edgeClickLog":"[{\"edgeSelection\":\"3to6\",\"edgeRTMS\":4820},{\"edgeSelection\":\"2to6\",\"edgeRTMS\":28592}]","seed":" 21083760","task":"experiment","subjectId":"01xe2zodkk4ojts","trial_type":"external-html","trial_index":23,"time_elapsed":864598,"internal_node_id":"0.0-9.0-0.15"},{"rt":21813,"url":"../static/nodeGraphs.html","edge":"4to8","edgeRT":"19688","flipped":"FALSE","correct_edge":"4to8","index":"1","edgeClickLog":"[{\"edgeSelection\":\"4to8\",\"edgeRTMS\":19034},{\"edgeSelection\":\"4to8\",\"edgeRTMS\":19688}]","seed":" 32816305","task":"experiment","subjectId":"01xe2zodkk4ojts","trial_type":"external-html","trial_index":24,"time_elapsed":886994,"internal_node_id":"0.0-9.0-0.16"},{"rt":49469,"url":"../static/nodeGraphs.html","edge":"2to4","edgeRT":"27689","flipped":"TRUE","correct_edge":"0to2","index":"37","edgeClickLog":"[{\"edgeSelection\":\"5to8\",\"edgeRTMS\":5377},{\"edgeSelection\":\"2to5\",\"edgeRTMS\":9231},{\"edgeSelection\":\"2to4\",\"edgeRTMS\":27689}]","seed":" 21211189","task":"experiment","subjectId":"01xe2zodkk4ojts","trial_type":"external-html","trial_index":25,"time_elapsed":937058,"internal_node_id":"0.0-9.0-0.17"},{"rt":6320,"url":"../static/nodeGraphs.html","edge":"2to5","edgeRT":"4535","flipped":"FALSE","correct_edge":"3to5","index":"18","edgeClickLog":"[{\"edgeSelection\":\"2to5\",\"edgeRTMS\":4535}]","seed":" 22181670","task":"experiment","subjectId":"01xe2zodkk4ojts","trial_type":"external-html","trial_index":26,"time_elapsed":943971,"internal_node_id":"0.0-9.0-0.18"},{"rt":11064,"url":"../static/nodeGraphs.html","edge":"2to6","edgeRT":"4207","flipped":"TRUE","correct_edge":"2to6","index":"24","edgeClickLog":"[{\"edgeSelection\":\"2to6\",\"edgeRTMS\":4207}]","seed":" 36501291","task":"experiment","subjectId":"01xe2zodkk4ojts","trial_type":"external-html","trial_index":27,"time_elapsed":955634,"internal_node_id":"0.0-9.0-0.19"},{"rt":14412,"url":"../static/nodeGraphs.html","edge":"2to6","edgeRT":"6868","flipped":"TRUE","correct_edge":"0to2","index":"28","edgeClickLog":"[{\"edgeSelection\":\"2to6\",\"edgeRTMS\":6868}]","seed":" 8396978","task":"experiment","subjectId":"01xe2zodkk4ojts","trial_type":"external-html","trial_index":28,"time_elapsed":970635,"internal_node_id":"0.0-9.0-0.20"},{"rt":10209,"url":"../static/nodeGraphs.html","edge":"6to8","edgeRT":"3583","flipped":"TRUE","correct_edge":"6to8","index":"21","edgeClickLog":"[{\"edgeSelection\":\"6to8\",\"edgeRTMS\":3583}]","seed":" 32816305","task":"experiment","subjectId":"01xe2zodkk4ojts","trial_type":"external-html","trial_index":29,"time_elapsed":981436,"internal_node_id":"0.0-9.0-0.21"},{"rt":55686,"url":"../static/nodeGraphs.html","edge":"1to4","edgeRT":"44928","flipped":"TRUE","correct_edge":"6to9","index":"26","edgeClickLog":"[{\"edgeSelection\":\"4to8\",\"edgeRTMS\":17797},{\"edgeSelection\":\"4to8\",\"edgeRTMS\":18746},{\"edgeSelection\":\"4to8\",\"edgeRTMS\":19197},{\"edgeSelection\":\"1to4\",\"edgeRTMS\":44928}]","seed":" 13523788","task":"experiment","subjectId":"01xe2zodkk4ojts","trial_type":"external-html","trial_index":30,"time_elapsed":1037720,"internal_node_id":"0.0-9.0-0.22"},{"rt":12596,"url":"../static/nodeGraphs.html","edge":"4to8","edgeRT":"5443","flipped":"FALSE","correct_edge":"0to2","index":"10","edgeClickLog":"[{\"edgeSelection\":\"4to8\",\"edgeRTMS\":5443}]","seed":" 39688702","task":"experiment","subjectId":"01xe2zodkk4ojts","trial_type":"external-html","trial_index":31,"time_elapsed":1050899,"internal_node_id":"0.0-9.0-0.23"},{"rt":6348,"url":"../static/nodeGraphs.html","edge":"3to6","edgeRT":"2365","flipped":"TRUE","correct_edge":"3to6","index":"22","edgeClickLog":"[{\"edgeSelection\":\"3to6\",\"edgeRTMS\":2365}]","seed":" 22809663","task":"experiment","subjectId":"01xe2zodkk4ojts","trial_type":"external-html","trial_index":32,"time_elapsed":1057844,"internal_node_id":"0.0-9.0-0.24"},{"rt":16091,"url":"../static/nodeGraphs.html","edge":"1to4","edgeRT":"7898","flipped":"TRUE","correct_edge":"2to4","index":"35","edgeClickLog":"[{\"edgeSelection\":\"1to4\",\"edgeRTMS\":7898}]","seed":" 53220770","task":"experiment","subjectId":"01xe2zodkk4ojts","trial_type":"external-html","trial_index":33,"time_elapsed":1074523,"internal_node_id":"0.0-9.0-0.25"},{"rt":6546,"url":"../static/nodeGraphs.html","edge":"2to6","edgeRT":"3878","flipped":"TRUE","correct_edge":"0to2","index":"31","edgeClickLog":"[{\"edgeSelection\":\"2to6\",\"edgeRTMS\":3878}]","seed":" 63833578","task":"experiment","subjectId":"01xe2zodkk4ojts","trial_type":"external-html","trial_index":34,"time_elapsed":1081667,"internal_node_id":"0.0-9.0-0.26"},{"rt":3870,"url":"../static/nodeGraphs.html","edge":"2to4","edgeRT":"2750","flipped":"FALSE","correct_edge":"2to4","index":"4","edgeClickLog":"[{\"edgeSelection\":\"2to4\",\"edgeRTMS\":2750}]","seed":" 36501291","task":"experiment","subjectId":"01xe2zodkk4ojts","trial_type":"external-html","trial_index":35,"time_elapsed":1086123,"internal_node_id":"0.0-9.0-0.27"},{"rt":22162,"url":"../static/nodeGraphs.html","edge":"5to9","edgeRT":"9323","flipped":"FALSE","correct_edge":"5to9","index":"16","edgeClickLog":"[{\"edgeSelection\":\"3to5\",\"edgeRTMS\":1606},{\"edgeSelection\":\"5to9\",\"edgeRTMS\":9323}]","seed":" 5655743","task":"experiment","subjectId":"01xe2zodkk4ojts","trial_type":"external-html","trial_index":36,"time_elapsed":1108875,"internal_node_id":"0.0-9.0-0.28"},{"rt":9194,"url":"../static/nodeGraphs.html","edge":"1to4","edgeRT":"4836","flipped":"TRUE","correct_edge":"0to1","index":"29","edgeClickLog":"[{\"edgeSelection\":\"1to4\",\"edgeRTMS\":4836}]","seed":" 61187187","task":"experiment","subjectId":"01xe2zodkk4ojts","trial_type":"external-html","trial_index":37,"time_elapsed":1118665,"internal_node_id":"0.0-9.0-0.29"},{"rt":40074,"url":"../static/nodeGraphs.html","edge":"5to7","edgeRT":"34021","flipped":"TRUE","correct_edge":"5to7","index":"36","edgeClickLog":"[{\"edgeSelection\":\"3to5\",\"edgeRTMS\":3912},{\"edgeSelection\":\"5to7\",\"edgeRTMS\":22446},{\"edgeSelection\":\"3to5\",\"edgeRTMS\":30670},{\"edgeSelection\":\"5to7\",\"edgeRTMS\":34021}]","seed":" 5655743","task":"experiment","subjectId":"01xe2zodkk4ojts","trial_type":"external-html","trial_index":38,"time_elapsed":1159325,"internal_node_id":"0.0-9.0-0.30"},{"rt":10040,"url":"../static/nodeGraphs.html","edge":"3to6","edgeRT":"5094","flipped":"FALSE","correct_edge":"2to6","index":"15","edgeClickLog":"[{\"edgeSelection\":\"3to6\",\"edgeRTMS\":5094}]","seed":" 53220770","task":"experiment","subjectId":"01xe2zodkk4ojts","trial_type":"external-html","trial_index":39,"time_elapsed":1169953,"internal_node_id":"0.0-9.0-0.31"},{"rt":10122,"url":"../static/nodeGraphs.html","edge":"1to4","edgeRT":"6293","flipped":"FALSE","correct_edge":"0to1","index":"0","edgeClickLog":"[{\"edgeSelection\":\"1to4\",\"edgeRTMS\":6293}]","seed":" 21745736","task":"experiment","subjectId":"01xe2zodkk4ojts","trial_type":"external-html","trial_index":40,"time_elapsed":1180674,"internal_node_id":"0.0-9.0-0.32"},{"rt":10533,"url":"../static/nodeGraphs.html","edge":"2to5","edgeRT":"5819","flipped":"TRUE","correct_edge":"1to5","index":"38","edgeClickLog":"[{\"edgeSelection\":\"2to5\",\"edgeRTMS\":5819}]","seed":" 22181670","task":"experiment","subjectId":"01xe2zodkk4ojts","trial_type":"external-html","trial_index":41,"time_elapsed":1191792,"internal_node_id":"0.0-9.0-0.33"},{"rt":12871,"url":"../static/nodeGraphs.html","edge":"4to7","edgeRT":"7336","flipped":"TRUE","correct_edge":"0to1","index":"32","edgeClickLog":"[{\"edgeSelection\":\"4to7\",\"edgeRTMS\":7336}]","seed":" 36895371","task":"experiment","subjectId":"01xe2zodkk4ojts","trial_type":"external-html","trial_index":42,"time_elapsed":1205264,"internal_node_id":"0.0-9.0-0.34"},{"rt":7886,"url":"../static/nodeGraphs.html","edge":"3to6","edgeRT":"5837","flipped":"FALSE","correct_edge":"0to3","index":"9","edgeClickLog":"[{\"edgeSelection\":\"3to6\",\"edgeRTMS\":5837}]","seed":" 61187187","task":"experiment","subjectId":"01xe2zodkk4ojts","trial_type":"external-html","trial_index":43,"time_elapsed":1213752,"internal_node_id":"0.0-9.0-0.35"},{"rt":31892,"url":"../static/nodeGraphs.html","edge":"4to7","edgeRT":"4853","flipped":"FALSE","correct_edge":"0to1","index":"19","edgeClickLog":"[{\"edgeSelection\":\"4to7\",\"edgeRTMS\":4853}]","seed":" 37422119","task":"experiment","subjectId":"01xe2zodkk4ojts","trial_type":"external-html","trial_index":44,"time_elapsed":1246240,"internal_node_id":"0.0-9.0-0.36"},{"rt":20325,"url":"../static/nodeGraphs.html","edge":"2to5","edgeRT":"17754","flipped":"FALSE","correct_edge":"0to2","index":"13","edgeClickLog":"[{\"edgeSelection\":\"0to2\",\"edgeRTMS\":6354},{\"edgeSelection\":\"3to6\",\"edgeRTMS\":10648},{\"edgeSelection\":\"2to5\",\"edgeRTMS\":17754}]","seed":" 49587019","task":"experiment","subjectId":"01xe2zodkk4ojts","trial_type":"external-html","trial_index":45,"time_elapsed":1267164,"internal_node_id":"0.0-9.0-0.37"},{"rt":12507,"url":"../static/nodeGraphs.html","edge":"2to5","edgeRT":"7868","flipped":"FALSE","correct_edge":"0to2","index":"17","edgeClickLog":"[{\"edgeSelection\":\"0to2\",\"edgeRTMS\":5030},{\"edgeSelection\":\"2to5\",\"edgeRTMS\":7868}]","seed":" 21211189","task":"experiment","subjectId":"01xe2zodkk4ojts","trial_type":"external-html","trial_index":46,"time_elapsed":1280270,"internal_node_id":"0.0-9.0-0.38"},{"rt":46177,"url":"../static/nodeGraphs.html","edge":"2to4","edgeRT":"42626","flipped":"FALSE","correct_edge":"0to2","index":"8","edgeClickLog":"[{\"edgeSelection\":\"2to4\",\"edgeRTMS\":42626}]","seed":" 8396978","task":"experiment","subjectId":"01xe2zodkk4ojts","trial_type":"external-html","trial_index":47,"time_elapsed":1327045,"internal_node_id":"0.0-9.0-0.39"},{"rt":21105,"response":{"P0_Q0":null,"P0_Q1":5,"P0_Q2":5,"P0_Q3":6,"P0_Q4":6,"P0_Q5":2,"strategies":"","feedback":""},"accuracy":[],"trial_type":"survey","trial_index":48,"time_elapsed":1348721,"internal_node_id":"0.0-10.0"},{"rt":2937,"stimulus":"<p>Thanks for your time!</p>        <p>We need to manually calculate your bonus pay, please give us up to 7 days.</p><p>Press any key to conclude.</p>","response":"enter","task":"end","subjectId":"01xe2zodkk4ojts","trial_type":"html-keyboard-response","trial_index":49,"time_elapsed":1351659,"internal_node_id":"0.0-11.0","interactions":"[{\"event\":\"fullscreenenter\",\"trial\":1,\"time\":2863}]"}]