[{"success":true,"timeout":false,"failed_images":[],"failed_audio":[],"failed_video":[],"trial_type":"preload","trial_index":0,"time_elapsed":370,"internal_node_id":"0.0-0.0"},{"success":true,"trial_type":"fullscreen","trial_index":1,"time_elapsed":3142,"internal_node_id":"0.0-1.0"},{"rt":1632,"stimulus":"Welcome to the experiment. Press any key to begin.","response":"h","trial_type":"html-keyboard-response","trial_index":2,"time_elapsed":4777,"internal_node_id":"0.0-2.0"},{"view_history":[{"page_index":0,"viewing_time":2542},{"page_index":1,"viewing_time":2687},{"page_index":2,"viewing_time":11464},{"page_index":3,"viewing_time":1471},{"page_index":4,"viewing_time":876},{"page_index":5,"viewing_time":737},{"page_index":6,"viewing_time":1825},{"page_index":7,"viewing_time":5630},{"page_index":8,"viewing_time":9936},{"page_index":9,"viewing_time":7743},{"page_index":10,"viewing_time":836},{"page_index":11,"viewing_time":602},{"page_index":12,"viewing_time":411},{"page_index":13,"viewing_time":1913},{"page_index":14,"viewing_time":2314},{"page_index":15,"viewing_time":4132},{"page_index":16,"viewing_time":545},{"page_index":17,"viewing_time":415},{"page_index":18,"viewing_time":760},{"page_index":19,"viewing_time":2575},{"page_index":20,"viewing_time":3579},{"page_index":21,"viewing_time":2487}],"rt":65480,"trial_type":"instructions","trial_index":3,"time_elapsed":70258,"internal_node_id":"0.0-3.0"},{"rt":54565,"url":"../static/nodeGraphsTraining.html","edgeClickLog":[],"trial_type":"external-html","trial_index":4,"time_elapsed":124912,"internal_node_id":"0.0-4.0"},{"rt":19215,"response":{"q1":"The goal is to help the student to get the most points","q2":"False","q3":"Possible paths the student can take.","q4":"Paths that the student took before."},"question_order":[0,1,2,3],"trial_type":"survey-multi-choice","trial_index":5,"time_elapsed":144131,"internal_node_id":"0.0-5.0"},{"rt":3496,"stimulus":"<p>You can take a 60 second break before starting the experiment.</p><br><br><p>This page will advance in 60 seconds or you can press any key to advance now.</p>","response":"j","trial_type":"html-keyboard-response","trial_index":6,"time_elapsed":147637,"internal_node_id":"0.0-7.0"},{"view_history":[{"page_index":0,"viewing_time":13657}],"rt":13658,"trial_type":"instructions","trial_index":7,"time_elapsed":161297,"internal_node_id":"0.0-8.0"},{"rt":14563,"url":"../static/nodeGraphs.html","edge":"5to9","edgeRT":"13305","flipped":"FALSE","correct_edge":"0to3","index":"12","edgeClickLog":"[{\"edgeSelection\":\"5to9\",\"edgeRTMS\":13305}]","seed":" 36895371","task":"experiment","subjectId":"vdo7cuvqcyopa26","trial_type":"external-html","trial_index":8,"time_elapsed":175931,"internal_node_id":"0.0-9.0-0.0"},{"rt":8238,"url":"../static/nodeGraphs.html","edge":"5to7","edgeRT":"6955","flipped":"TRUE","correct_edge":"0to2","index":"33","edgeClickLog":"[{\"edgeSelection\":\"5to7\",\"edgeRTMS\":6955}]","seed":" 49587019","task":"experiment","subjectId":"vdo7cuvqcyopa26","trial_type":"external-html","trial_index":9,"time_elapsed":184732,"internal_node_id":"0.0-9.0-0.1"},{"rt":12064,"url":"../static/nodeGraphs.html","edge":"4to8","edgeRT":"9115","flipped":"TRUE","correct_edge":"0to2","index":"30","edgeClickLog":"[{\"edgeSelection\":\"4to8\",\"edgeRTMS\":9115}]","seed":" 39688702","task":"experiment","subjectId":"vdo7cuvqcyopa26","trial_type":"external-html","trial_index":10,"time_elapsed":197364,"internal_node_id":"0.0-9.0-0.2"},{"rt":82817,"url":"../static/nodeGraphs.html","edge":"6to9","edgeRT":"24065","flipped":"TRUE","correct_edge":"6to9","index":"26","edgeClickLog":"[{\"edgeSelection\":\"6to9\",\"edgeRTMS\":11534},{\"edgeSelection\":\"6to9\",\"edgeRTMS\":24065}]","seed":" 13523788","task":"experiment","subjectId":"vdo7cuvqcyopa26","trial_type":"external-html","trial_index":11,"time_elapsed":280748,"internal_node_id":"0.0-9.0-0.3"},{"rt":10338,"url":"../static/nodeGraphs.html","edge":"5to8","edgeRT":"9197","flipped":"TRUE","correct_edge":"2to6","index":"25","edgeClickLog":"[{\"edgeSelection\":\"5to8\",\"edgeRTMS\":9197}]","seed":" 10409262","task":"experiment","subjectId":"vdo7cuvqcyopa26","trial_type":"external-html","trial_index":12,"time_elapsed":291648,"internal_node_id":"0.0-9.0-0.4"},{"rt":7926,"url":"../static/nodeGraphs.html","edge":"5to8","edgeRT":"7079","flipped":"FALSE","correct_edge":"2to6","index":"15","edgeClickLog":"[{\"edgeSelection\":\"5to8\",\"edgeRTMS\":7079}]","seed":" 53220770","task":"experiment","subjectId":"vdo7cuvqcyopa26","trial_type":"external-html","trial_index":13,"time_elapsed":300148,"internal_node_id":"0.0-9.0-0.5"},{"rt":16441,"url":"../static/nodeGraphs.html","edge":"6to9","edgeRT":"14743","flipped":"TRUE","correct_edge":"0to2","index":"37","edgeClickLog":"[{\"edgeSelection\":\"6to9\",\"edgeRTMS\":14743}]","seed":" 21211189","task":"experiment","subjectId":"vdo7cuvqcyopa26","trial_type":"external-html","trial_index":14,"time_elapsed":317148,"internal_node_id":"0.0-9.0-0.6"},{"rt":5629,"url":"../static/nodeGraphs.html","edge":"5to8","edgeRT":"4616","flipped":"FALSE","correct_edge":"2to4","index":"5","edgeClickLog":"[{\"edgeSelection\":\"5to8\",\"edgeRTMS\":4616}]","seed":" 10409262","task":"experiment","subjectId":"vdo7cuvqcyopa26","trial_type":"external-html","trial_index":15,"time_elapsed":323348,"internal_node_id":"0.0-9.0-0.7"},{"rt":15233,"url":"../static/nodeGraphs.html","edge":"4to7","edgeRT":"14470","flipped":"TRUE","correct_edge":"0to2","index":"27","edgeClickLog":"[{\"edgeSelection\":\"4to7\",\"edgeRTMS\":14470}]","seed":" 85614324","task":"experiment","subjectId":"vdo7cuvqcyopa26","trial_type":"external-html","trial_index":16,"time_elapsed":339148,"internal_node_id":"0.0-9.0-0.8"},{"rt":8734,"url":"../static/nodeGraphs.html","edge":"5to9","edgeRT":"5107","flipped":"TRUE","correct_edge":"0to2","index":"31","edgeClickLog":"[{\"edgeSelection\":\"6to8\",\"edgeRTMS\":3987},{\"edgeSelection\":\"5to9\",\"edgeRTMS\":5107}]","seed":" 63833578","task":"experiment","subjectId":"vdo7cuvqcyopa26","trial_type":"external-html","trial_index":17,"time_elapsed":348448,"internal_node_id":"0.0-9.0-0.9"},{"rt":13015,"url":"../static/nodeGraphs.html","edge":"5to8","edgeRT":"12153","flipped":"FALSE","correct_edge":"0to2","index":"7","edgeClickLog":"[{\"edgeSelection\":\"5to8\",\"edgeRTMS\":12153}]","seed":" 85614324","task":"experiment","subjectId":"vdo7cuvqcyopa26","trial_type":"external-html","trial_index":18,"time_elapsed":362031,"internal_node_id":"0.0-9.0-0.10"},{"rt":8761,"url":"../static/nodeGraphs.html","edge":"5to7","edgeRT":"6211","flipped":"TRUE","correct_edge":"0to3","index":"39","edgeClickLog":"[{\"edgeSelection\":\"5to7\",\"edgeRTMS\":6211}]","seed":" 37422119","task":"experiment","subjectId":"vdo7cuvqcyopa26","trial_type":"external-html","trial_index":19,"time_elapsed":371365,"internal_node_id":"0.0-9.0-0.11"},{"rt":11574,"url":"../static/nodeGraphs.html","edge":"5to8","edgeRT":"10441","flipped":"TRUE","correct_edge":"1to5","index":"38","edgeClickLog":"[{\"edgeSelection\":\"5to8\",\"edgeRTMS\":10441}]","seed":" 22181670","task":"experiment","subjectId":"vdo7cuvqcyopa26","trial_type":"external-html","trial_index":20,"time_elapsed":383499,"internal_node_id":"0.0-9.0-0.12"},{"rt":17531,"url":"../static/nodeGraphs.html","edge":"5to9","edgeRT":"16316","flipped":"TRUE","correct_edge":"0to3","index":"20","edgeClickLog":"[{\"edgeSelection\":\"5to9\",\"edgeRTMS\":16316}]","seed":" 21745736","task":"experiment","subjectId":"vdo7cuvqcyopa26","trial_type":"external-html","trial_index":21,"time_elapsed":401598,"internal_node_id":"0.0-9.0-0.13"},{"rt":4155,"url":"../static/nodeGraphs.html","edge":"5to7","edgeRT":"3174","flipped":"FALSE","correct_edge":"0to2","index":"11","edgeClickLog":"[{\"edgeSelection\":\"5to7\",\"edgeRTMS\":3174}]","seed":" 63833578","task":"experiment","subjectId":"vdo7cuvqcyopa26","trial_type":"external-html","trial_index":22,"time_elapsed":406314,"internal_node_id":"0.0-9.0-0.14"},{"rt":3720,"url":"../static/nodeGraphs.html","edge":"6to8","edgeRT":"2687","flipped":"FALSE","correct_edge":"0to2","index":"10","edgeClickLog":"[{\"edgeSelection\":\"6to8\",\"edgeRTMS\":2687}]","seed":" 39688702","task":"experiment","subjectId":"vdo7cuvqcyopa26","trial_type":"external-html","trial_index":23,"time_elapsed":410599,"internal_node_id":"0.0-9.0-0.15"},{"rt":5686,"url":"../static/nodeGraphs.html","edge":"5to8","edgeRT":"4671","flipped":"FALSE","correct_edge":"0to2","index":"17","edgeClickLog":"[{\"edgeSelection\":\"5to8\",\"edgeRTMS\":4671}]","seed":" 21211189","task":"experiment","subjectId":"vdo7cuvqcyopa26","trial_type":"external-html","trial_index":24,"time_elapsed":416848,"internal_node_id":"0.0-9.0-0.16"},{"rt":3798,"url":"../static/nodeGraphs.html","edge":"5to8","edgeRT":"2852","flipped":"TRUE","correct_edge":"2to4","index":"35","edgeClickLog":"[{\"edgeSelection\":\"5to8\",\"edgeRTMS\":2852}]","seed":" 53220770","task":"experiment","subjectId":"vdo7cuvqcyopa26","trial_type":"external-html","trial_index":25,"time_elapsed":421214,"internal_node_id":"0.0-9.0-0.17"},{"rt":6580,"url":"../static/nodeGraphs.html","edge":"6to8","edgeRT":"5486","flipped":"TRUE","correct_edge":"3to6","index":"22","edgeClickLog":"[{\"edgeSelection\":\"6to8\",\"edgeRTMS\":5486}]","seed":" 22809663","task":"experiment","subjectId":"vdo7cuvqcyopa26","trial_type":"external-html","trial_index":26,"time_elapsed":428365,"internal_node_id":"0.0-9.0-0.18"},{"rt":4757,"url":"../static/nodeGraphs.html","edge":"5to7","edgeRT":"3623","flipped":"FALSE","correct_edge":"0to1","index":"19","edgeClickLog":"[{\"edgeSelection\":\"5to7\",\"edgeRTMS\":3623}]","seed":" 37422119","task":"experiment","subjectId":"vdo7cuvqcyopa26","trial_type":"external-html","trial_index":27,"time_elapsed":433682,"internal_node_id":"0.0-9.0-0.19"},{"rt":3482,"url":"../static/nodeGraphs.html","edge":"5to7","edgeRT":"2720","flipped":"TRUE","correct_edge":"0to1","index":"32","edgeClickLog":"[{\"edgeSelection\":\"5to7\",\"edgeRTMS\":2720}]","seed":" 36895371","task":"experiment","subjectId":"vdo7cuvqcyopa26","trial_type":"external-html","trial_index":28,"time_elapsed":437731,"internal_node_id":"0.0-9.0-0.20"},{"rt":10849,"url":"../static/nodeGraphs.html","edge":"5to7","edgeRT":"2601","flipped":"TRUE","correct_edge":"0to2","index":"34","edgeClickLog":"[{\"edgeSelection\":\"5to7\",\"edgeRTMS\":2601}]","seed":" 21083760","task":"experiment","subjectId":"vdo7cuvqcyopa26","trial_type":"external-html","trial_index":29,"time_elapsed":449148,"internal_node_id":"0.0-9.0-0.21"},{"rt":5645,"url":"../static/nodeGraphs.html","edge":"5to8","edgeRT":"3847","flipped":"FALSE","correct_edge":"2to4","index":"4","edgeClickLog":"[{\"edgeSelection\":\"5to8\",\"edgeRTMS\":3847}]","seed":" 36501291","task":"experiment","subjectId":"vdo7cuvqcyopa26","trial_type":"external-html","trial_index":30,"time_elapsed":455365,"internal_node_id":"0.0-9.0-0.22"},{"rt":3131,"url":"../static/nodeGraphs.html","edge":"4to8","edgeRT":"1967","flipped":"FALSE","correct_edge":"4to8","index":"1","edgeClickLog":"[{\"edgeSelection\":\"4to8\",\"edgeRTMS\":1967}]","seed":" 32816305","task":"experiment","subjectId":"vdo7cuvqcyopa26","trial_type":"external-html","trial_index":31,"time_elapsed":459065,"internal_node_id":"0.0-9.0-0.23"},{"rt":3498,"url":"../static/nodeGraphs.html","edge":"6to8","edgeRT":"2385","flipped":"TRUE","correct_edge":"6to8","index":"21","edgeClickLog":"[{\"edgeSelection\":\"6to8\",\"edgeRTMS\":2385}]","seed":" 32816305","task":"experiment","subjectId":"vdo7cuvqcyopa26","trial_type":"external-html","trial_index":32,"time_elapsed":463131,"internal_node_id":"0.0-9.0-0.24"},{"rt":12167,"url":"../static/nodeGraphs.html","edge":"5to8","edgeRT":"11103","flipped":"FALSE","correct_edge":"3to5","index":"18","edgeClickLog":"[{\"edgeSelection\":\"5to8\",\"edgeRTMS\":11103}]","seed":" 22181670","task":"experiment","subjectId":"vdo7cuvqcyopa26","trial_type":"external-html","trial_index":33,"time_elapsed":475865,"internal_node_id":"0.0-9.0-0.25"},{"rt":4295,"url":"../static/nodeGraphs.html","edge":"5to9","edgeRT":"3248","flipped":"FALSE","correct_edge":"5to9","index":"16","edgeClickLog":"[{\"edgeSelection\":\"5to9\",\"edgeRTMS\":3248}]","seed":" 5655743","task":"experiment","subjectId":"vdo7cuvqcyopa26","trial_type":"external-html","trial_index":34,"time_elapsed":480731,"internal_node_id":"0.0-9.0-0.26"},{"rt":3426,"url":"../static/nodeGraphs.html","edge":"5to8","edgeRT":"2329","flipped":"TRUE","correct_edge":"5to8","index":"23","edgeClickLog":"[{\"edgeSelection\":\"5to8\",\"edgeRTMS\":2329}]","seed":" 46003743","task":"experiment","subjectId":"vdo7cuvqcyopa26","trial_type":"external-html","trial_index":35,"time_elapsed":484715,"internal_node_id":"0.0-9.0-0.27"},{"rt":4866,"url":"../static/nodeGraphs.html","edge":"5to7","edgeRT":"3921","flipped":"FALSE","correct_edge":"0to2","index":"8","edgeClickLog":"[{\"edgeSelection\":\"5to7\",\"edgeRTMS\":3921}]","seed":" 8396978","task":"experiment","subjectId":"vdo7cuvqcyopa26","trial_type":"external-html","trial_index":36,"time_elapsed":490148,"internal_node_id":"0.0-9.0-0.28"},{"rt":4499,"url":"../static/nodeGraphs.html","edge":"5to7","edgeRT":"3234","flipped":"TRUE","correct_edge":"5to7","index":"36","edgeClickLog":"[{\"edgeSelection\":\"5to7\",\"edgeRTMS\":3234}]","seed":" 5655743","task":"experiment","subjectId":"vdo7cuvqcyopa26","trial_type":"external-html","trial_index":37,"time_elapsed":495216,"internal_node_id":"0.0-9.0-0.29"},{"rt":2965,"url":"../static/nodeGraphs.html","edge":"5to7","edgeRT":"2205","flipped":"TRUE","correct_edge":"0to2","index":"28","edgeClickLog":"[{\"edgeSelection\":\"5to7\",\"edgeRTMS\":2205}]","seed":" 8396978","task":"experiment","subjectId":"vdo7cuvqcyopa26","trial_type":"external-html","trial_index":38,"time_elapsed":498748,"internal_node_id":"0.0-9.0-0.30"},{"rt":5448,"url":"../static/nodeGraphs.html","edge":"5to8","edgeRT":"4301","flipped":"TRUE","correct_edge":"2to6","index":"24","edgeClickLog":"[{\"edgeSelection\":\"5to8\",\"edgeRTMS\":4301}]","seed":" 36501291","task":"experiment","subjectId":"vdo7cuvqcyopa26","trial_type":"external-html","trial_index":39,"time_elapsed":504764,"internal_node_id":"0.0-9.0-0.31"},{"rt":3427,"url":"../static/nodeGraphs.html","edge":"5to9","edgeRT":"2480","flipped":"TRUE","correct_edge":"0to1","index":"29","edgeClickLog":"[{\"edgeSelection\":\"5to9\",\"edgeRTMS\":2480}]","seed":" 61187187","task":"experiment","subjectId":"vdo7cuvqcyopa26","trial_type":"external-html","trial_index":40,"time_elapsed":508764,"internal_node_id":"0.0-9.0-0.32"},{"rt":4451,"url":"../static/nodeGraphs.html","edge":"4to7","edgeRT":"3491","flipped":"FALSE","correct_edge":"4to7","index":"6","edgeClickLog":"[{\"edgeSelection\":\"4to7\",\"edgeRTMS\":2355},{\"edgeSelection\":\"4to7\",\"edgeRTMS\":3491}]","seed":" 13523788","task":"experiment","subjectId":"vdo7cuvqcyopa26","trial_type":"external-html","trial_index":41,"time_elapsed":513781,"internal_node_id":"0.0-9.0-0.33"},{"rt":3178,"url":"../static/nodeGraphs.html","edge":"5to7","edgeRT":"2349","flipped":"FALSE","correct_edge":"0to3","index":"9","edgeClickLog":"[{\"edgeSelection\":\"5to7\",\"edgeRTMS\":2349}]","seed":" 61187187","task":"experiment","subjectId":"vdo7cuvqcyopa26","trial_type":"external-html","trial_index":42,"time_elapsed":517532,"internal_node_id":"0.0-9.0-0.34"},{"rt":4898,"url":"../static/nodeGraphs.html","edge":"5to9","edgeRT":"3534","flipped":"FALSE","correct_edge":"0to2","index":"14","edgeClickLog":"[{\"edgeSelection\":\"5to9\",\"edgeRTMS\":3534}]","seed":" 21083760","task":"experiment","subjectId":"vdo7cuvqcyopa26","trial_type":"external-html","trial_index":43,"time_elapsed":522998,"internal_node_id":"0.0-9.0-0.35"},{"rt":8098,"url":"../static/nodeGraphs.html","edge":"5to7","edgeRT":"6454","flipped":"FALSE","correct_edge":"0to1","index":"0","edgeClickLog":"[{\"edgeSelection\":\"5to7\",\"edgeRTMS\":6454}]","seed":" 21745736","task":"experiment","subjectId":"vdo7cuvqcyopa26","trial_type":"external-html","trial_index":44,"time_elapsed":531665,"internal_node_id":"0.0-9.0-0.36"},{"rt":20141,"url":"../static/nodeGraphs.html","edge":"5to9","edgeRT":"19260","flipped":"FALSE","correct_edge":"0to2","index":"13","edgeClickLog":"[{\"edgeSelection\":\"5to9\",\"edgeRTMS\":19260}]","seed":" 49587019","task":"experiment","subjectId":"vdo7cuvqcyopa26","trial_type":"external-html","trial_index":45,"time_elapsed":552366,"internal_node_id":"0.0-9.0-0.37"},{"rt":10930,"url":"../static/nodeGraphs.html","edge":"5to9","edgeRT":"10052","flipped":"FALSE","correct_edge":"5to8","index":"3","edgeClickLog":"[{\"edgeSelection\":\"6to8\",\"edgeRTMS\":9330},{\"edgeSelection\":\"5to9\",\"edgeRTMS\":10052}]","seed":" 46003743","task":"experiment","subjectId":"vdo7cuvqcyopa26","trial_type":"external-html","trial_index":46,"time_elapsed":563866,"internal_node_id":"0.0-9.0-0.38"},{"rt":4163,"url":"../static/nodeGraphs.html","edge":"6to8","edgeRT":"3201","flipped":"FALSE","correct_edge":"1to4","index":"2","edgeClickLog":"[{\"edgeSelection\":\"6to8\",\"edgeRTMS\":3201}]","seed":" 22809663","task":"experiment","subjectId":"vdo7cuvqcyopa26","trial_type":"external-html","trial_index":47,"time_elapsed":568597,"internal_node_id":"0.0-9.0-0.39"},{"rt":27047,"response":{"P0_Q0":null,"P0_Q1":3,"P0_Q2":6,"P0_Q3":5,"P0_Q4":2,"P0_Q5":2,"strategies":"Choose the path with the most or equal amount of money.","feedback":"No"},"accuracy":[],"trial_type":"survey","trial_index":48,"time_elapsed":596207,"internal_node_id":"0.0-10.0"},{"rt":3948,"stimulus":"<p>Thanks for your time!</p>        <p>We need to manually calculate your bonus pay, please give us up to 7 days.</p><p>Press any key to conclude.</p>","response":"j","task":"end","subjectId":"vdo7cuvqcyopa26","trial_type":"html-keyboard-response","trial_index":49,"time_elapsed":600159,"internal_node_id":"0.0-11.0","interactions":"[{\"event\":\"fullscreenenter\",\"trial\":1,\"time\":2163},{\"event\":\"blur\",\"trial\":16,\"time\":334365},{\"event\":\"fullscreenexit\",\"trial\":16,\"time\":334374},{\"event\":\"focus\",\"trial\":16,\"time\":334536}]"}]