[{"success":true,"timeout":false,"failed_images":[],"failed_audio":[],"failed_video":[],"trial_type":"preload","trial_index":0,"time_elapsed":363,"internal_node_id":"0.0-0.0"},{"success":true,"trial_type":"fullscreen","trial_index":1,"time_elapsed":3311,"internal_node_id":"0.0-1.0"},{"rt":2018,"stimulus":"Welcome to the experiment. Press any key to begin.","response":" ","trial_type":"html-keyboard-response","trial_index":2,"time_elapsed":5330,"internal_node_id":"0.0-2.0"},{"view_history":[{"page_index":0,"viewing_time":2163},{"page_index":1,"viewing_time":283695},{"page_index":2,"viewing_time":29344},{"page_index":3,"viewing_time":1673},{"page_index":4,"viewing_time":1582},{"page_index":5,"viewing_time":594},{"page_index":6,"viewing_time":2507},{"page_index":7,"viewing_time":6297},{"page_index":8,"viewing_time":9767},{"page_index":9,"viewing_time":5966},{"page_index":10,"viewing_time":2321},{"page_index":11,"viewing_time":539},{"page_index":12,"viewing_time":353},{"page_index":13,"viewing_time":985},{"page_index":14,"viewing_time":2009},{"page_index":15,"viewing_time":1334},{"page_index":16,"viewing_time":868},{"page_index":17,"viewing_time":407},{"page_index":18,"viewing_time":530},{"page_index":19,"viewing_time":1041},{"page_index":20,"viewing_time":4243},{"page_index":21,"viewing_time":2605}],"rt":360821,"trial_type":"instructions","trial_index":3,"time_elapsed":366143,"internal_node_id":"0.0-3.0"},{"rt":79589,"url":"../static/nodeGraphsTraining.html","edgeClickLog":[],"trial_type":"external-html","trial_index":4,"time_elapsed":445822,"internal_node_id":"0.0-4.0"},{"rt":22064,"response":{"q1":"The goal is to help the student to get the most points","q2":"False","q3":"Possible paths the student can take.","q4":"Paths that the student took before."},"question_order":[0,1,2,3],"trial_type":"survey-multi-choice","trial_index":5,"time_elapsed":467890,"internal_node_id":"0.0-5.0"},{"rt":5560,"stimulus":"<p>You can take a 60 second break before starting the experiment.</p><br><br><p>This page will advance in 60 seconds or you can press any key to advance now.</p>","response":" ","trial_type":"html-keyboard-response","trial_index":6,"time_elapsed":473460,"internal_node_id":"0.0-7.0"},{"view_history":[{"page_index":0,"viewing_time":2859}],"rt":2860,"trial_type":"instructions","trial_index":7,"time_elapsed":476321,"internal_node_id":"0.0-8.0"},{"rt":32668,"url":"../static/nodeGraphs.html","edge":"1to4","edgeRT":"30006","flipped":"FALSE","correct_edge":"1to4","index":"2","edgeClickLog":"[{\"edgeSelection\":\"1to4\",\"edgeRTMS\":27238},{\"edgeSelection\":\"4to8\",\"edgeRTMS\":29318},{\"edgeSelection\":\"1to4\",\"edgeRTMS\":30006}]","seed":" 22809663","task":"experiment","subjectId":"cfnabgjuozaa7jn","trial_type":"external-html","trial_index":8,"time_elapsed":509054,"internal_node_id":"0.0-9.0-0.0"},{"rt":6995,"url":"../static/nodeGraphs.html","edge":"1to5","edgeRT":"6080","flipped":"TRUE","correct_edge":"5to7","index":"36","edgeClickLog":"[{\"edgeSelection\":\"1to5\",\"edgeRTMS\":6080}]","seed":" 5655743","task":"experiment","subjectId":"cfnabgjuozaa7jn","trial_type":"external-html","trial_index":9,"time_elapsed":516621,"internal_node_id":"0.0-9.0-0.1"},{"rt":9027,"url":"../static/nodeGraphs.html","edge":"0to1","edgeRT":"7030","flipped":"FALSE","correct_edge":"0to1","index":"19","edgeClickLog":"[{\"edgeSelection\":\"0to1\",\"edgeRTMS\":7030}]","seed":" 37422119","task":"experiment","subjectId":"cfnabgjuozaa7jn","trial_type":"external-html","trial_index":10,"time_elapsed":526221,"internal_node_id":"0.0-9.0-0.2"},{"rt":8532,"url":"../static/nodeGraphs.html","edge":"0to2","edgeRT":"7485","flipped":"TRUE","correct_edge":"0to2","index":"37","edgeClickLog":"[{\"edgeSelection\":\"0to2\",\"edgeRTMS\":3878},{\"edgeSelection\":\"2to5\",\"edgeRTMS\":5918},{\"edgeSelection\":\"0to2\",\"edgeRTMS\":6776},{\"edgeSelection\":\"0to2\",\"edgeRTMS\":7485}]","seed":" 21211189","task":"experiment","subjectId":"cfnabgjuozaa7jn","trial_type":"external-html","trial_index":11,"time_elapsed":535322,"internal_node_id":"0.0-9.0-0.3"},{"rt":11752,"url":"../static/nodeGraphs.html","edge":"6to8","edgeRT":"10759","flipped":"TRUE","correct_edge":"6to8","index":"21","edgeClickLog":"[{\"edgeSelection\":\"6to8\",\"edgeRTMS\":10759}]","seed":" 32816305","task":"experiment","subjectId":"cfnabgjuozaa7jn","trial_type":"external-html","trial_index":12,"time_elapsed":547721,"internal_node_id":"0.0-9.0-0.4"},{"rt":9979,"url":"../static/nodeGraphs.html","edge":"3to5","edgeRT":"8064","flipped":"FALSE","correct_edge":"5to9","index":"16","edgeClickLog":"[{\"edgeSelection\":\"3to5\",\"edgeRTMS\":8064}]","seed":" 5655743","task":"experiment","subjectId":"cfnabgjuozaa7jn","trial_type":"external-html","trial_index":13,"time_elapsed":558272,"internal_node_id":"0.0-9.0-0.5"},{"rt":13772,"url":"../static/nodeGraphs.html","edge":"2to6","edgeRT":"11278","flipped":"FALSE","correct_edge":"0to2","index":"13","edgeClickLog":"[{\"edgeSelection\":\"0to2\",\"edgeRTMS\":9825},{\"edgeSelection\":\"2to6\",\"edgeRTMS\":11278}]","seed":" 49587019","task":"experiment","subjectId":"cfnabgjuozaa7jn","trial_type":"external-html","trial_index":14,"time_elapsed":572622,"internal_node_id":"0.0-9.0-0.6"},{"rt":4628,"url":"../static/nodeGraphs.html","edge":"2to6","edgeRT":"2262","flipped":"TRUE","correct_edge":"2to6","index":"24","edgeClickLog":"[{\"edgeSelection\":\"2to6\",\"edgeRTMS\":2262}]","seed":" 36501291","task":"experiment","subjectId":"cfnabgjuozaa7jn","trial_type":"external-html","trial_index":15,"time_elapsed":577822,"internal_node_id":"0.0-9.0-0.7"},{"rt":6979,"url":"../static/nodeGraphs.html","edge":"4to8","edgeRT":"3847","flipped":"FALSE","correct_edge":"4to8","index":"1","edgeClickLog":"[{\"edgeSelection\":\"4to8\",\"edgeRTMS\":3847}]","seed":" 32816305","task":"experiment","subjectId":"cfnabgjuozaa7jn","trial_type":"external-html","trial_index":16,"time_elapsed":585372,"internal_node_id":"0.0-9.0-0.8"},{"rt":3880,"url":"../static/nodeGraphs.html","edge":"2to6","edgeRT":"2510","flipped":"TRUE","correct_edge":"2to6","index":"25","edgeClickLog":"[{\"edgeSelection\":\"2to6\",\"edgeRTMS\":2510}]","seed":" 10409262","task":"experiment","subjectId":"cfnabgjuozaa7jn","trial_type":"external-html","trial_index":17,"time_elapsed":589821,"internal_node_id":"0.0-9.0-0.9"},{"rt":4582,"url":"../static/nodeGraphs.html","edge":"0to2","edgeRT":"3384","flipped":"TRUE","correct_edge":"0to2","index":"31","edgeClickLog":"[{\"edgeSelection\":\"0to2\",\"edgeRTMS\":3384}]","seed":" 63833578","task":"experiment","subjectId":"cfnabgjuozaa7jn","trial_type":"external-html","trial_index":18,"time_elapsed":594972,"internal_node_id":"0.0-9.0-0.10"},{"rt":7315,"url":"../static/nodeGraphs.html","edge":"0to1","edgeRT":"4387","flipped":"TRUE","correct_edge":"6to9","index":"26","edgeClickLog":"[{\"edgeSelection\":\"0to1\",\"edgeRTMS\":4387}]","seed":" 13523788","task":"experiment","subjectId":"cfnabgjuozaa7jn","trial_type":"external-html","trial_index":19,"time_elapsed":602856,"internal_node_id":"0.0-9.0-0.11"},{"rt":14889,"url":"../static/nodeGraphs.html","edge":"0to2","edgeRT":"12207","flipped":"FALSE","correct_edge":"0to2","index":"11","edgeClickLog":"[{\"edgeSelection\":\"0to2\",\"edgeRTMS\":12207}]","seed":" 63833578","task":"experiment","subjectId":"cfnabgjuozaa7jn","trial_type":"external-html","trial_index":20,"time_elapsed":618306,"internal_node_id":"0.0-9.0-0.12"},{"rt":4544,"url":"../static/nodeGraphs.html","edge":"0to2","edgeRT":"2130","flipped":"FALSE","correct_edge":"0to2","index":"17","edgeClickLog":"[{\"edgeSelection\":\"0to2\",\"edgeRTMS\":2130}]","seed":" 21211189","task":"experiment","subjectId":"cfnabgjuozaa7jn","trial_type":"external-html","trial_index":21,"time_elapsed":623422,"internal_node_id":"0.0-9.0-0.13"},{"rt":5246,"url":"../static/nodeGraphs.html","edge":"2to4","edgeRT":"1666","flipped":"FALSE","correct_edge":"2to4","index":"4","edgeClickLog":"[{\"edgeSelection\":\"2to4\",\"edgeRTMS\":1666}]","seed":" 36501291","task":"experiment","subjectId":"cfnabgjuozaa7jn","trial_type":"external-html","trial_index":22,"time_elapsed":629239,"internal_node_id":"0.0-9.0-0.14"},{"rt":3048,"url":"../static/nodeGraphs.html","edge":"0to2","edgeRT":"1584","flipped":"TRUE","correct_edge":"0to2","index":"27","edgeClickLog":"[{\"edgeSelection\":\"0to2\",\"edgeRTMS\":1584}]","seed":" 85614324","task":"experiment","subjectId":"cfnabgjuozaa7jn","trial_type":"external-html","trial_index":23,"time_elapsed":632855,"internal_node_id":"0.0-9.0-0.15"},{"rt":4901,"url":"../static/nodeGraphs.html","edge":"0to3","edgeRT":"3922","flipped":"FALSE","correct_edge":"4to7","index":"6","edgeClickLog":"[{\"edgeSelection\":\"0to3\",\"edgeRTMS\":3922}]","seed":" 13523788","task":"experiment","subjectId":"cfnabgjuozaa7jn","trial_type":"external-html","trial_index":24,"time_elapsed":638323,"internal_node_id":"0.0-9.0-0.16"},{"rt":5774,"url":"../static/nodeGraphs.html","edge":"0to2","edgeRT":"3527","flipped":"TRUE","correct_edge":"0to2","index":"33","edgeClickLog":"[{\"edgeSelection\":\"0to2\",\"edgeRTMS\":3527}]","seed":" 49587019","task":"experiment","subjectId":"cfnabgjuozaa7jn","trial_type":"external-html","trial_index":25,"time_elapsed":644673,"internal_node_id":"0.0-9.0-0.17"},{"rt":6063,"url":"../static/nodeGraphs.html","edge":"0to3","edgeRT":"4666","flipped":"TRUE","correct_edge":"0to3","index":"20","edgeClickLog":"[{\"edgeSelection\":\"0to3\",\"edgeRTMS\":4666}]","seed":" 21745736","task":"experiment","subjectId":"cfnabgjuozaa7jn","trial_type":"external-html","trial_index":26,"time_elapsed":651306,"internal_node_id":"0.0-9.0-0.18"},{"rt":3099,"url":"../static/nodeGraphs.html","edge":"0to2","edgeRT":"2204","flipped":"FALSE","correct_edge":"0to2","index":"8","edgeClickLog":"[{\"edgeSelection\":\"0to2\",\"edgeRTMS\":2204}]","seed":" 8396978","task":"experiment","subjectId":"cfnabgjuozaa7jn","trial_type":"external-html","trial_index":27,"time_elapsed":654972,"internal_node_id":"0.0-9.0-0.19"},{"rt":3347,"url":"../static/nodeGraphs.html","edge":"0to1","edgeRT":"2016","flipped":"TRUE","correct_edge":"0to1","index":"32","edgeClickLog":"[{\"edgeSelection\":\"0to1\",\"edgeRTMS\":2016}]","seed":" 36895371","task":"experiment","subjectId":"cfnabgjuozaa7jn","trial_type":"external-html","trial_index":28,"time_elapsed":658889,"internal_node_id":"0.0-9.0-0.20"},{"rt":7530,"url":"../static/nodeGraphs.html","edge":"0to3","edgeRT":"5184","flipped":"TRUE","correct_edge":"0to3","index":"39","edgeClickLog":"[{\"edgeSelection\":\"0to3\",\"edgeRTMS\":5184}]","seed":" 37422119","task":"experiment","subjectId":"cfnabgjuozaa7jn","trial_type":"external-html","trial_index":29,"time_elapsed":666990,"internal_node_id":"0.0-9.0-0.21"},{"rt":3929,"url":"../static/nodeGraphs.html","edge":"0to3","edgeRT":"2117","flipped":"FALSE","correct_edge":"0to3","index":"9","edgeClickLog":"[{\"edgeSelection\":\"0to3\",\"edgeRTMS\":2117}]","seed":" 61187187","task":"experiment","subjectId":"cfnabgjuozaa7jn","trial_type":"external-html","trial_index":30,"time_elapsed":671489,"internal_node_id":"0.0-9.0-0.22"},{"rt":3127,"url":"../static/nodeGraphs.html","edge":"0to2","edgeRT":"1764","flipped":"TRUE","correct_edge":"1to5","index":"38","edgeClickLog":"[{\"edgeSelection\":\"0to2\",\"edgeRTMS\":1764}]","seed":" 22181670","task":"experiment","subjectId":"cfnabgjuozaa7jn","trial_type":"external-html","trial_index":31,"time_elapsed":675190,"internal_node_id":"0.0-9.0-0.23"},{"rt":4333,"url":"../static/nodeGraphs.html","edge":"0to1","edgeRT":"2875","flipped":"TRUE","correct_edge":"0to1","index":"29","edgeClickLog":"[{\"edgeSelection\":\"0to1\",\"edgeRTMS\":2875}]","seed":" 61187187","task":"experiment","subjectId":"cfnabgjuozaa7jn","trial_type":"external-html","trial_index":32,"time_elapsed":680090,"internal_node_id":"0.0-9.0-0.24"},{"rt":8328,"url":"../static/nodeGraphs.html","edge":"0to2","edgeRT":"7248","flipped":"TRUE","correct_edge":"0to2","index":"30","edgeClickLog":"[{\"edgeSelection\":\"0to2\",\"edgeRTMS\":5796},{\"edgeSelection\":\"0to2\",\"edgeRTMS\":7248}]","seed":" 39688702","task":"experiment","subjectId":"cfnabgjuozaa7jn","trial_type":"external-html","trial_index":33,"time_elapsed":688989,"internal_node_id":"0.0-9.0-0.25"},{"rt":2326,"url":"../static/nodeGraphs.html","edge":"0to2","edgeRT":"1492","flipped":"FALSE","correct_edge":"3to5","index":"18","edgeClickLog":"[{\"edgeSelection\":\"0to2\",\"edgeRTMS\":1492}]","seed":" 22181670","task":"experiment","subjectId":"cfnabgjuozaa7jn","trial_type":"external-html","trial_index":34,"time_elapsed":691889,"internal_node_id":"0.0-9.0-0.26"},{"rt":9334,"url":"../static/nodeGraphs.html","edge":"0to2","edgeRT":"8171","flipped":"FALSE","correct_edge":"0to2","index":"14","edgeClickLog":"[{\"edgeSelection\":\"0to2\",\"edgeRTMS\":8171}]","seed":" 21083760","task":"experiment","subjectId":"cfnabgjuozaa7jn","trial_type":"external-html","trial_index":35,"time_elapsed":701790,"internal_node_id":"0.0-9.0-0.27"},{"rt":5561,"url":"../static/nodeGraphs.html","edge":"0to2","edgeRT":"3930","flipped":"TRUE","correct_edge":"0to2","index":"28","edgeClickLog":"[{\"edgeSelection\":\"0to2\",\"edgeRTMS\":3930}]","seed":" 8396978","task":"experiment","subjectId":"cfnabgjuozaa7jn","trial_type":"external-html","trial_index":36,"time_elapsed":707924,"internal_node_id":"0.0-9.0-0.28"},{"rt":6007,"url":"../static/nodeGraphs.html","edge":"0to2","edgeRT":"3080","flipped":"FALSE","correct_edge":"0to2","index":"10","edgeClickLog":"[{\"edgeSelection\":\"0to2\",\"edgeRTMS\":3080}]","seed":" 39688702","task":"experiment","subjectId":"cfnabgjuozaa7jn","trial_type":"external-html","trial_index":37,"time_elapsed":714507,"internal_node_id":"0.0-9.0-0.29"},{"rt":5658,"url":"../static/nodeGraphs.html","edge":"2to4","edgeRT":"4177","flipped":"FALSE","correct_edge":"2to4","index":"5","edgeClickLog":"[{\"edgeSelection\":\"2to4\",\"edgeRTMS\":4177}]","seed":" 10409262","task":"experiment","subjectId":"cfnabgjuozaa7jn","trial_type":"external-html","trial_index":38,"time_elapsed":720739,"internal_node_id":"0.0-9.0-0.30"},{"rt":5216,"url":"../static/nodeGraphs.html","edge":"5to8","edgeRT":"3005","flipped":"FALSE","correct_edge":"5to8","index":"3","edgeClickLog":"[{\"edgeSelection\":\"5to8\",\"edgeRTMS\":3005}]","seed":" 46003743","task":"experiment","subjectId":"cfnabgjuozaa7jn","trial_type":"external-html","trial_index":39,"time_elapsed":726523,"internal_node_id":"0.0-9.0-0.31"},{"rt":3697,"url":"../static/nodeGraphs.html","edge":"0to3","edgeRT":"2601","flipped":"FALSE","correct_edge":"0to3","index":"12","edgeClickLog":"[{\"edgeSelection\":\"0to3\",\"edgeRTMS\":2601}]","seed":" 36895371","task":"experiment","subjectId":"cfnabgjuozaa7jn","trial_type":"external-html","trial_index":40,"time_elapsed":730790,"internal_node_id":"0.0-9.0-0.32"},{"rt":4731,"url":"../static/nodeGraphs.html","edge":"0to1","edgeRT":"3685","flipped":"FALSE","correct_edge":"0to1","index":"0","edgeClickLog":"[{\"edgeSelection\":\"0to1\",\"edgeRTMS\":3685}]","seed":" 21745736","task":"experiment","subjectId":"cfnabgjuozaa7jn","trial_type":"external-html","trial_index":41,"time_elapsed":736091,"internal_node_id":"0.0-9.0-0.33"},{"rt":6496,"url":"../static/nodeGraphs.html","edge":"3to6","edgeRT":"4418","flipped":"TRUE","correct_edge":"3to6","index":"22","edgeClickLog":"[{\"edgeSelection\":\"3to6\",\"edgeRTMS\":2599},{\"edgeSelection\":\"3to6\",\"edgeRTMS\":4418}]","seed":" 22809663","task":"experiment","subjectId":"cfnabgjuozaa7jn","trial_type":"external-html","trial_index":42,"time_elapsed":743156,"internal_node_id":"0.0-9.0-0.34"},{"rt":5649,"url":"../static/nodeGraphs.html","edge":"0to2","edgeRT":"4587","flipped":"TRUE","correct_edge":"0to2","index":"34","edgeClickLog":"[{\"edgeSelection\":\"0to2\",\"edgeRTMS\":4587}]","seed":" 21083760","task":"experiment","subjectId":"cfnabgjuozaa7jn","trial_type":"external-html","trial_index":43,"time_elapsed":749375,"internal_node_id":"0.0-9.0-0.35"},{"rt":4870,"url":"../static/nodeGraphs.html","edge":"0to2","edgeRT":"3410","flipped":"FALSE","correct_edge":"0to2","index":"7","edgeClickLog":"[{\"edgeSelection\":\"0to2\",\"edgeRTMS\":3410}]","seed":" 85614324","task":"experiment","subjectId":"cfnabgjuozaa7jn","trial_type":"external-html","trial_index":44,"time_elapsed":754807,"internal_node_id":"0.0-9.0-0.36"},{"rt":2580,"url":"../static/nodeGraphs.html","edge":"0to3","edgeRT":"1751","flipped":"FALSE","correct_edge":"2to6","index":"15","edgeClickLog":"[{\"edgeSelection\":\"0to3\",\"edgeRTMS\":1751}]","seed":" 53220770","task":"experiment","subjectId":"cfnabgjuozaa7jn","trial_type":"external-html","trial_index":45,"time_elapsed":757957,"internal_node_id":"0.0-9.0-0.37"},{"rt":3505,"url":"../static/nodeGraphs.html","edge":"0to1","edgeRT":"2160","flipped":"TRUE","correct_edge":"2to4","index":"35","edgeClickLog":"[{\"edgeSelection\":\"0to1\",\"edgeRTMS\":2160}]","seed":" 53220770","task":"experiment","subjectId":"cfnabgjuozaa7jn","trial_type":"external-html","trial_index":46,"time_elapsed":762023,"internal_node_id":"0.0-9.0-0.38"},{"rt":4380,"url":"../static/nodeGraphs.html","edge":"5to8","edgeRT":"2769","flipped":"TRUE","correct_edge":"5to8","index":"23","edgeClickLog":"[{\"edgeSelection\":\"5to8\",\"edgeRTMS\":2769}]","seed":" 46003743","task":"experiment","subjectId":"cfnabgjuozaa7jn","trial_type":"external-html","trial_index":47,"time_elapsed":766974,"internal_node_id":"0.0-9.0-0.39"},{"rt":45548,"response":{"P0_Q0":null,"P0_Q1":2,"P0_Q2":7,"P0_Q3":7,"P0_Q4":1,"P0_Q5":1,"strategies":"take the path leading to higher points from the beginning","feedback":""},"accuracy":[],"trial_type":"survey","trial_index":48,"time_elapsed":813082,"internal_node_id":"0.0-10.0"},{"rt":5537,"stimulus":"<p>Thanks for your time!</p>        <p>We need to manually calculate your bonus pay, please give us up to 7 days.</p><p>Press any key to conclude.</p>","response":" ","task":"end","subjectId":"cfnabgjuozaa7jn","trial_type":"html-keyboard-response","trial_index":49,"time_elapsed":818622,"internal_node_id":"0.0-11.0","interactions":"[{\"event\":\"fullscreenenter\",\"trial\":1,\"time\":2318},{\"event\":\"blur\",\"trial\":8,\"time\":492639},{\"event\":\"fullscreenexit\",\"trial\":8,\"time\":492647},{\"event\":\"focus\",\"trial\":8,\"time\":492808},{\"event\":\"blur\",\"trial\":29,\"time\":663832},{\"event\":\"focus\",\"trial\":29,\"time\":663992}]"}]