[{"success":true,"timeout":false,"failed_images":[],"failed_audio":[],"failed_video":[],"trial_type":"preload","trial_index":0,"time_elapsed":989,"internal_node_id":"0.0-0.0"},{"success":true,"trial_type":"fullscreen","trial_index":1,"time_elapsed":4424,"internal_node_id":"0.0-1.0"},{"rt":3196,"stimulus":"Welcome to the experiment. Press any key to begin.","response":" ","trial_type":"html-keyboard-response","trial_index":2,"time_elapsed":7622,"internal_node_id":"0.0-2.0"},{"view_history":[{"page_index":0,"viewing_time":2970},{"page_index":1,"viewing_time":5488},{"page_index":2,"viewing_time":27320},{"page_index":3,"viewing_time":6671},{"page_index":4,"viewing_time":2816},{"page_index":5,"viewing_time":803},{"page_index":6,"viewing_time":2507},{"page_index":7,"viewing_time":18750},{"page_index":8,"viewing_time":20369},{"page_index":9,"viewing_time":6562},{"page_index":10,"viewing_time":3108},{"page_index":11,"viewing_time":1538},{"page_index":12,"viewing_time":537},{"page_index":13,"viewing_time":1341},{"page_index":14,"viewing_time":3226},{"page_index":15,"viewing_time":5391},{"page_index":16,"viewing_time":4299},{"page_index":17,"viewing_time":1132},{"page_index":18,"viewing_time":699},{"page_index":19,"viewing_time":3589},{"page_index":20,"viewing_time":4547},{"page_index":21,"viewing_time":3780}],"rt":127443,"trial_type":"instructions","trial_index":3,"time_elapsed":135066,"internal_node_id":"0.0-3.0"},{"rt":72026,"url":"../static/nodeGraphsTraining.html","edgeClickLog":[],"trial_type":"external-html","trial_index":4,"time_elapsed":207202,"internal_node_id":"0.0-4.0"},{"rt":40649,"response":{"q1":"The goal is to help the student to get the most points","q2":"False","q3":"Possible paths the student can take.","q4":"Paths that the student took before."},"question_order":[0,1,2,3],"trial_type":"survey-multi-choice","trial_index":5,"time_elapsed":247854,"internal_node_id":"0.0-5.0"},{"rt":5342,"stimulus":"<p>You can take a 60 second break before starting the experiment.</p><br><br><p>This page will advance in 60 seconds or you can press any key to advance now.</p>","response":" ","trial_type":"html-keyboard-response","trial_index":6,"time_elapsed":253197,"internal_node_id":"0.0-7.0"},{"view_history":[{"page_index":0,"viewing_time":9312}],"rt":9313,"trial_type":"instructions","trial_index":7,"time_elapsed":262510,"internal_node_id":"0.0-8.0"},{"rt":16048,"url":"../static/nodeGraphs.html","edge":"5to7","edgeRT":"7634","flipped":"FALSE","correct_edge":"0to3","index":"9","edgeClickLog":"[{\"edgeSelection\":\"5to7\",\"edgeRTMS\":7634}]","seed":" 61187187","task":"experiment","subjectId":"2sclpl7n8ypoyhe","trial_type":"external-html","trial_index":8,"time_elapsed":278648,"internal_node_id":"0.0-9.0-0.0"},{"rt":12325,"url":"../static/nodeGraphs.html","edge":"0to1","edgeRT":"6715","flipped":"FALSE","correct_edge":"0to1","index":"19","edgeClickLog":"[{\"edgeSelection\":\"0to1\",\"edgeRTMS\":6715}]","seed":" 37422119","task":"experiment","subjectId":"2sclpl7n8ypoyhe","trial_type":"external-html","trial_index":9,"time_elapsed":291561,"internal_node_id":"0.0-9.0-0.1"},{"rt":7094,"url":"../static/nodeGraphs.html","edge":"0to2","edgeRT":"4293","flipped":"FALSE","correct_edge":"3to5","index":"18","edgeClickLog":"[{\"edgeSelection\":\"0to2\",\"edgeRTMS\":4293}]","seed":" 22181670","task":"experiment","subjectId":"2sclpl7n8ypoyhe","trial_type":"external-html","trial_index":10,"time_elapsed":299257,"internal_node_id":"0.0-9.0-0.2"},{"rt":9759,"url":"../static/nodeGraphs.html","edge":"2to4","edgeRT":"6147","flipped":"FALSE","correct_edge":"2to4","index":"5","edgeClickLog":"[{\"edgeSelection\":\"2to4\",\"edgeRTMS\":6147}]","seed":" 10409262","task":"experiment","subjectId":"2sclpl7n8ypoyhe","trial_type":"external-html","trial_index":11,"time_elapsed":309612,"internal_node_id":"0.0-9.0-0.3"},{"rt":16690,"url":"../static/nodeGraphs.html","edge":"0to2","edgeRT":"13989","flipped":"TRUE","correct_edge":"0to2","index":"28","edgeClickLog":"[{\"edgeSelection\":\"0to2\",\"edgeRTMS\":13989}]","seed":" 8396978","task":"experiment","subjectId":"2sclpl7n8ypoyhe","trial_type":"external-html","trial_index":12,"time_elapsed":326889,"internal_node_id":"0.0-9.0-0.4"},{"rt":16304,"url":"../static/nodeGraphs.html","edge":"0to2","edgeRT":"10365","flipped":"FALSE","correct_edge":"0to2","index":"8","edgeClickLog":"[{\"edgeSelection\":\"0to2\",\"edgeRTMS\":10365}]","seed":" 8396978","task":"experiment","subjectId":"2sclpl7n8ypoyhe","trial_type":"external-html","trial_index":13,"time_elapsed":343781,"internal_node_id":"0.0-9.0-0.5"},{"rt":18847,"url":"../static/nodeGraphs.html","edge":"2to6","edgeRT":"14363","flipped":"TRUE","correct_edge":"2to4","index":"35","edgeClickLog":"[{\"edgeSelection\":\"2to6\",\"edgeRTMS\":14363}]","seed":" 53220770","task":"experiment","subjectId":"2sclpl7n8ypoyhe","trial_type":"external-html","trial_index":14,"time_elapsed":363217,"internal_node_id":"0.0-9.0-0.6"},{"rt":15959,"url":"../static/nodeGraphs.html","edge":"2to6","edgeRT":"13213","flipped":"TRUE","correct_edge":"2to6","index":"24","edgeClickLog":"[{\"edgeSelection\":\"2to6\",\"edgeRTMS\":13213}]","seed":" 36501291","task":"experiment","subjectId":"2sclpl7n8ypoyhe","trial_type":"external-html","trial_index":15,"time_elapsed":379763,"internal_node_id":"0.0-9.0-0.7"},{"rt":11582,"url":"../static/nodeGraphs.html","edge":"0to1","edgeRT":"8612","flipped":"TRUE","correct_edge":"6to9","index":"26","edgeClickLog":"[{\"edgeSelection\":\"0to1\",\"edgeRTMS\":8612}]","seed":" 13523788","task":"experiment","subjectId":"2sclpl7n8ypoyhe","trial_type":"external-html","trial_index":16,"time_elapsed":391931,"internal_node_id":"0.0-9.0-0.8"},{"rt":4885,"url":"../static/nodeGraphs.html","edge":"0to3","edgeRT":"3102","flipped":"FALSE","correct_edge":"4to7","index":"6","edgeClickLog":"[{\"edgeSelection\":\"0to3\",\"edgeRTMS\":3102}]","seed":" 13523788","task":"experiment","subjectId":"2sclpl7n8ypoyhe","trial_type":"external-html","trial_index":17,"time_elapsed":397404,"internal_node_id":"0.0-9.0-0.9"},{"rt":9790,"url":"../static/nodeGraphs.html","edge":"3to6","edgeRT":"7187","flipped":"TRUE","correct_edge":"3to6","index":"22","edgeClickLog":"[{\"edgeSelection\":\"3to6\",\"edgeRTMS\":7187}]","seed":" 22809663","task":"experiment","subjectId":"2sclpl7n8ypoyhe","trial_type":"external-html","trial_index":18,"time_elapsed":407779,"internal_node_id":"0.0-9.0-0.10"},{"rt":23778,"url":"../static/nodeGraphs.html","edge":"4to8","edgeRT":"20834","flipped":"FALSE","correct_edge":"4to8","index":"1","edgeClickLog":"[{\"edgeSelection\":\"4to8\",\"edgeRTMS\":20834}]","seed":" 32816305","task":"experiment","subjectId":"2sclpl7n8ypoyhe","trial_type":"external-html","trial_index":19,"time_elapsed":432152,"internal_node_id":"0.0-9.0-0.11"},{"rt":23517,"url":"../static/nodeGraphs.html","edge":"0to2","edgeRT":"17479","flipped":"FALSE","correct_edge":"0to2","index":"13","edgeClickLog":"[{\"edgeSelection\":\"0to2\",\"edgeRTMS\":17479}]","seed":" 49587019","task":"experiment","subjectId":"2sclpl7n8ypoyhe","trial_type":"external-html","trial_index":20,"time_elapsed":456251,"internal_node_id":"0.0-9.0-0.12"},{"rt":10677,"url":"../static/nodeGraphs.html","edge":"0to2","edgeRT":"8244","flipped":"FALSE","correct_edge":"0to2","index":"17","edgeClickLog":"[{\"edgeSelection\":\"0to2\",\"edgeRTMS\":8244}]","seed":" 21211189","task":"experiment","subjectId":"2sclpl7n8ypoyhe","trial_type":"external-html","trial_index":21,"time_elapsed":467524,"internal_node_id":"0.0-9.0-0.13"},{"rt":10777,"url":"../static/nodeGraphs.html","edge":"0to2","edgeRT":"7429","flipped":"TRUE","correct_edge":"0to2","index":"27","edgeClickLog":"[{\"edgeSelection\":\"0to2\",\"edgeRTMS\":7429}]","seed":" 85614324","task":"experiment","subjectId":"2sclpl7n8ypoyhe","trial_type":"external-html","trial_index":22,"time_elapsed":478891,"internal_node_id":"0.0-9.0-0.14"},{"rt":11328,"url":"../static/nodeGraphs.html","edge":"0to2","edgeRT":"9208","flipped":"TRUE","correct_edge":"0to2","index":"30","edgeClickLog":"[{\"edgeSelection\":\"0to2\",\"edgeRTMS\":9208}]","seed":" 39688702","task":"experiment","subjectId":"2sclpl7n8ypoyhe","trial_type":"external-html","trial_index":23,"time_elapsed":490815,"internal_node_id":"0.0-9.0-0.15"},{"rt":18910,"url":"../static/nodeGraphs.html","edge":"0to3","edgeRT":"15767","flipped":"TRUE","correct_edge":"0to3","index":"20","edgeClickLog":"[{\"edgeSelection\":\"0to1\",\"edgeRTMS\":8025},{\"edgeSelection\":\"0to3\",\"edgeRTMS\":15767}]","seed":" 21745736","task":"experiment","subjectId":"2sclpl7n8ypoyhe","trial_type":"external-html","trial_index":24,"time_elapsed":510313,"internal_node_id":"0.0-9.0-0.16"},{"rt":11114,"url":"../static/nodeGraphs.html","edge":"0to3","edgeRT":"7919","flipped":"FALSE","correct_edge":"2to6","index":"15","edgeClickLog":"[{\"edgeSelection\":\"0to3\",\"edgeRTMS\":7919}]","seed":" 53220770","task":"experiment","subjectId":"2sclpl7n8ypoyhe","trial_type":"external-html","trial_index":25,"time_elapsed":522019,"internal_node_id":"0.0-9.0-0.17"},{"rt":8085,"url":"../static/nodeGraphs.html","edge":"2to4","edgeRT":"5936","flipped":"FALSE","correct_edge":"2to4","index":"4","edgeClickLog":"[{\"edgeSelection\":\"2to4\",\"edgeRTMS\":5936}]","seed":" 36501291","task":"experiment","subjectId":"2sclpl7n8ypoyhe","trial_type":"external-html","trial_index":26,"time_elapsed":530688,"internal_node_id":"0.0-9.0-0.18"},{"rt":9757,"url":"../static/nodeGraphs.html","edge":"0to2","edgeRT":"7729","flipped":"TRUE","correct_edge":"0to2","index":"33","edgeClickLog":"[{\"edgeSelection\":\"0to2\",\"edgeRTMS\":7729}]","seed":" 49587019","task":"experiment","subjectId":"2sclpl7n8ypoyhe","trial_type":"external-html","trial_index":27,"time_elapsed":541036,"internal_node_id":"0.0-9.0-0.19"},{"rt":8609,"url":"../static/nodeGraphs.html","edge":"3to5","edgeRT":"6040","flipped":"FALSE","correct_edge":"5to9","index":"16","edgeClickLog":"[{\"edgeSelection\":\"3to5\",\"edgeRTMS\":6040}]","seed":" 5655743","task":"experiment","subjectId":"2sclpl7n8ypoyhe","trial_type":"external-html","trial_index":28,"time_elapsed":550233,"internal_node_id":"0.0-9.0-0.20"},{"rt":14740,"url":"../static/nodeGraphs.html","edge":"0to2","edgeRT":"11554","flipped":"FALSE","correct_edge":"0to2","index":"10","edgeClickLog":"[{\"edgeSelection\":\"0to1\",\"edgeRTMS\":2652},{\"edgeSelection\":\"0to2\",\"edgeRTMS\":11554}]","seed":" 39688702","task":"experiment","subjectId":"2sclpl7n8ypoyhe","trial_type":"external-html","trial_index":29,"time_elapsed":565562,"internal_node_id":"0.0-9.0-0.21"},{"rt":4863,"url":"../static/nodeGraphs.html","edge":"0to3","edgeRT":"2188","flipped":"FALSE","correct_edge":"0to3","index":"12","edgeClickLog":"[{\"edgeSelection\":\"0to3\",\"edgeRTMS\":2188}]","seed":" 36895371","task":"experiment","subjectId":"2sclpl7n8ypoyhe","trial_type":"external-html","trial_index":30,"time_elapsed":571024,"internal_node_id":"0.0-9.0-0.22"},{"rt":3284,"url":"../static/nodeGraphs.html","edge":"0to1","edgeRT":"1459","flipped":"FALSE","correct_edge":"5to8","index":"3","edgeClickLog":"[{\"edgeSelection\":\"0to1\",\"edgeRTMS\":1459}]","seed":" 46003743","task":"experiment","subjectId":"2sclpl7n8ypoyhe","trial_type":"external-html","trial_index":31,"time_elapsed":574890,"internal_node_id":"0.0-9.0-0.23"},{"rt":12699,"url":"../static/nodeGraphs.html","edge":"1to5","edgeRT":"10245","flipped":"TRUE","correct_edge":"5to7","index":"36","edgeClickLog":"[{\"edgeSelection\":\"1to5\",\"edgeRTMS\":10245}]","seed":" 5655743","task":"experiment","subjectId":"2sclpl7n8ypoyhe","trial_type":"external-html","trial_index":32,"time_elapsed":588177,"internal_node_id":"0.0-9.0-0.24"},{"rt":23224,"url":"../static/nodeGraphs.html","edge":"0to2","edgeRT":"15349","flipped":"FALSE","correct_edge":"0to2","index":"14","edgeClickLog":"[{\"edgeSelection\":\"0to1\",\"edgeRTMS\":10149},{\"edgeSelection\":\"0to2\",\"edgeRTMS\":15349}]","seed":" 21083760","task":"experiment","subjectId":"2sclpl7n8ypoyhe","trial_type":"external-html","trial_index":33,"time_elapsed":612002,"internal_node_id":"0.0-9.0-0.25"},{"rt":3776,"url":"../static/nodeGraphs.html","edge":"0to3","edgeRT":"2147","flipped":"TRUE","correct_edge":"0to3","index":"39","edgeClickLog":"[{\"edgeSelection\":\"0to3\",\"edgeRTMS\":2147}]","seed":" 37422119","task":"experiment","subjectId":"2sclpl7n8ypoyhe","trial_type":"external-html","trial_index":34,"time_elapsed":616371,"internal_node_id":"0.0-9.0-0.26"},{"rt":3405,"url":"../static/nodeGraphs.html","edge":"0to1","edgeRT":"1963","flipped":"TRUE","correct_edge":"0to1","index":"29","edgeClickLog":"[{\"edgeSelection\":\"0to1\",\"edgeRTMS\":1963}]","seed":" 61187187","task":"experiment","subjectId":"2sclpl7n8ypoyhe","trial_type":"external-html","trial_index":35,"time_elapsed":620356,"internal_node_id":"0.0-9.0-0.27"},{"rt":7770,"url":"../static/nodeGraphs.html","edge":"0to2","edgeRT":"4024","flipped":"FALSE","correct_edge":"0to2","index":"11","edgeClickLog":"[{\"edgeSelection\":\"0to2\",\"edgeRTMS\":4024}]","seed":" 63833578","task":"experiment","subjectId":"2sclpl7n8ypoyhe","trial_type":"external-html","trial_index":36,"time_elapsed":628707,"internal_node_id":"0.0-9.0-0.28"},{"rt":5520,"url":"../static/nodeGraphs.html","edge":"0to1","edgeRT":"2006","flipped":"FALSE","correct_edge":"0to2","index":"7","edgeClickLog":"[{\"edgeSelection\":\"0to1\",\"edgeRTMS\":2006}]","seed":" 85614324","task":"experiment","subjectId":"2sclpl7n8ypoyhe","trial_type":"external-html","trial_index":37,"time_elapsed":634824,"internal_node_id":"0.0-9.0-0.29"},{"rt":3892,"url":"../static/nodeGraphs.html","edge":"0to2","edgeRT":"1753","flipped":"TRUE","correct_edge":"0to2","index":"37","edgeClickLog":"[{\"edgeSelection\":\"0to2\",\"edgeRTMS\":1753}]","seed":" 21211189","task":"experiment","subjectId":"2sclpl7n8ypoyhe","trial_type":"external-html","trial_index":38,"time_elapsed":639311,"internal_node_id":"0.0-9.0-0.30"},{"rt":7402,"url":"../static/nodeGraphs.html","edge":"5to8","edgeRT":"5382","flipped":"TRUE","correct_edge":"5to8","index":"23","edgeClickLog":"[{\"edgeSelection\":\"5to8\",\"edgeRTMS\":5382}]","seed":" 46003743","task":"experiment","subjectId":"2sclpl7n8ypoyhe","trial_type":"external-html","trial_index":39,"time_elapsed":647315,"internal_node_id":"0.0-9.0-0.31"},{"rt":5770,"url":"../static/nodeGraphs.html","edge":"1to4","edgeRT":"2516","flipped":"FALSE","correct_edge":"1to4","index":"2","edgeClickLog":"[{\"edgeSelection\":\"1to4\",\"edgeRTMS\":2516}]","seed":" 22809663","task":"experiment","subjectId":"2sclpl7n8ypoyhe","trial_type":"external-html","trial_index":40,"time_elapsed":653708,"internal_node_id":"0.0-9.0-0.32"},{"rt":6551,"url":"../static/nodeGraphs.html","edge":"2to6","edgeRT":"4772","flipped":"TRUE","correct_edge":"2to6","index":"25","edgeClickLog":"[{\"edgeSelection\":\"2to6\",\"edgeRTMS\":4772}]","seed":" 10409262","task":"experiment","subjectId":"2sclpl7n8ypoyhe","trial_type":"external-html","trial_index":41,"time_elapsed":660841,"internal_node_id":"0.0-9.0-0.33"},{"rt":14141,"url":"../static/nodeGraphs.html","edge":"0to2","edgeRT":"11411","flipped":"TRUE","correct_edge":"0to2","index":"31","edgeClickLog":"[{\"edgeSelection\":\"0to2\",\"edgeRTMS\":11411}]","seed":" 63833578","task":"experiment","subjectId":"2sclpl7n8ypoyhe","trial_type":"external-html","trial_index":42,"time_elapsed":675564,"internal_node_id":"0.0-9.0-0.34"},{"rt":6230,"url":"../static/nodeGraphs.html","edge":"0to2","edgeRT":"2538","flipped":"TRUE","correct_edge":"1to5","index":"38","edgeClickLog":"[{\"edgeSelection\":\"0to2\",\"edgeRTMS\":2538}]","seed":" 22181670","task":"experiment","subjectId":"2sclpl7n8ypoyhe","trial_type":"external-html","trial_index":43,"time_elapsed":682381,"internal_node_id":"0.0-9.0-0.35"},{"rt":8491,"url":"../static/nodeGraphs.html","edge":"0to1","edgeRT":"6216","flipped":"TRUE","correct_edge":"0to1","index":"32","edgeClickLog":"[{\"edgeSelection\":\"0to1\",\"edgeRTMS\":6216}]","seed":" 36895371","task":"experiment","subjectId":"2sclpl7n8ypoyhe","trial_type":"external-html","trial_index":44,"time_elapsed":691452,"internal_node_id":"0.0-9.0-0.36"},{"rt":7438,"url":"../static/nodeGraphs.html","edge":"6to8","edgeRT":"5172","flipped":"TRUE","correct_edge":"6to8","index":"21","edgeClickLog":"[{\"edgeSelection\":\"6to8\",\"edgeRTMS\":5172}]","seed":" 32816305","task":"experiment","subjectId":"2sclpl7n8ypoyhe","trial_type":"external-html","trial_index":45,"time_elapsed":699487,"internal_node_id":"0.0-9.0-0.37"},{"rt":9173,"url":"../static/nodeGraphs.html","edge":"0to3","edgeRT":"6771","flipped":"TRUE","correct_edge":"0to2","index":"34","edgeClickLog":"[{\"edgeSelection\":\"0to3\",\"edgeRTMS\":6771}]","seed":" 21083760","task":"experiment","subjectId":"2sclpl7n8ypoyhe","trial_type":"external-html","trial_index":46,"time_elapsed":709262,"internal_node_id":"0.0-9.0-0.38"},{"rt":6409,"url":"../static/nodeGraphs.html","edge":"0to1","edgeRT":"4720","flipped":"FALSE","correct_edge":"0to1","index":"0","edgeClickLog":"[{\"edgeSelection\":\"0to1\",\"edgeRTMS\":4720}]","seed":" 21745736","task":"experiment","subjectId":"2sclpl7n8ypoyhe","trial_type":"external-html","trial_index":47,"time_elapsed":716256,"internal_node_id":"0.0-9.0-0.39"},{"rt":58470,"response":{"P0_Q0":null,"P0_Q1":2,"P0_Q2":7,"P0_Q3":6,"P0_Q4":2,"P0_Q5":1,"strategies":"intuition","feedback":"none"},"accuracy":[],"trial_type":"survey","trial_index":48,"time_elapsed":775320,"internal_node_id":"0.0-10.0"},{"rt":3025,"stimulus":"<p>Thanks for your time!</p>        <p>We need to manually calculate your bonus pay, please give us up to 7 days.</p><p>Press any key to conclude.</p>","response":" ","task":"end","subjectId":"2sclpl7n8ypoyhe","trial_type":"html-keyboard-response","trial_index":49,"time_elapsed":778346,"internal_node_id":"0.0-11.0","interactions":"[{\"event\":\"fullscreenenter\",\"trial\":1,\"time\":3625},{\"event\":\"blur\",\"trial\":48,\"time\":748146},{\"event\":\"focus\",\"trial\":48,\"time\":750892}]"}]