[{"success":true,"timeout":false,"failed_images":[],"failed_audio":[],"failed_video":[],"trial_type":"preload","trial_index":0,"time_elapsed":2692,"internal_node_id":"0.0-0.0"},{"success":true,"trial_type":"fullscreen","trial_index":1,"time_elapsed":7052,"internal_node_id":"0.0-1.0"},{"rt":2492,"stimulus":"Welcome to the experiment. Press any key to begin.","response":"v","trial_type":"html-keyboard-response","trial_index":2,"time_elapsed":9545,"internal_node_id":"0.0-2.0"},{"view_history":[{"page_index":0,"viewing_time":2950},{"page_index":1,"viewing_time":2474},{"page_index":2,"viewing_time":35364},{"page_index":3,"viewing_time":2371},{"page_index":4,"viewing_time":1509},{"page_index":5,"viewing_time":809},{"page_index":6,"viewing_time":7251},{"page_index":7,"viewing_time":5510},{"page_index":8,"viewing_time":8313},{"page_index":9,"viewing_time":5683},{"page_index":10,"viewing_time":1909},{"page_index":11,"viewing_time":852},{"page_index":12,"viewing_time":583},{"page_index":13,"viewing_time":1466},{"page_index":14,"viewing_time":1825},{"page_index":15,"viewing_time":5914},{"page_index":16,"viewing_time":1744},{"page_index":17,"viewing_time":713},{"page_index":18,"viewing_time":770},{"page_index":19,"viewing_time":4171},{"page_index":20,"viewing_time":3339},{"page_index":21,"viewing_time":2642}],"rt":98162,"trial_type":"instructions","trial_index":3,"time_elapsed":107707,"internal_node_id":"0.0-3.0"},{"rt":98137,"url":"../static/nodeGraphsTraining.html","edgeClickLog":[],"trial_type":"external-html","trial_index":4,"time_elapsed":206058,"internal_node_id":"0.0-4.0"},{"rt":23086,"response":{"q1":"The goal is to help the student to get the most points","q2":"False","q3":"Possible paths you, as the teacher, can take.","q4":"Possible paths the student can take."},"question_order":[0,1,2,3],"trial_type":"survey-multi-choice","trial_index":5,"time_elapsed":229147,"internal_node_id":"0.0-5.0"},{"rt":26069,"response":{"q1":"The goal is to help the student to get the most points","q2":"False","q3":"Possible paths the student can take.","q4":"Paths that the student took before."},"question_order":[0,1,2,3],"trial_type":"survey-multi-choice","trial_index":6,"time_elapsed":255219,"internal_node_id":"0.0-6.0-0.0"},{"rt":4962,"stimulus":"<p>You can take a 60 second break before starting the experiment.</p><br><br><p>This page will advance in 60 seconds or you can press any key to advance now.</p>","response":"f","trial_type":"html-keyboard-response","trial_index":7,"time_elapsed":260182,"internal_node_id":"0.0-7.0"},{"view_history":[{"page_index":0,"viewing_time":53884}],"rt":53884,"trial_type":"instructions","trial_index":8,"time_elapsed":314067,"internal_node_id":"0.0-8.0"},{"rt":39687,"url":"../static/nodeGraphs.html","edge":"5to9","edgeRT":"37302","flipped":"FALSE","correct_edge":"5to9","index":"16","edgeClickLog":"[{\"edgeSelection\":\"0to3\",\"edgeRTMS\":29429},{\"edgeSelection\":\"3to5\",\"edgeRTMS\":33966},{\"edgeSelection\":\"5to9\",\"edgeRTMS\":37302}]","seed":" 5655743","task":"experiment","subjectId":"3vw3jbv40nepxo6","trial_type":"external-html","trial_index":9,"time_elapsed":353894,"internal_node_id":"0.0-9.0-0.0"},{"rt":31555,"url":"../static/nodeGraphs.html","edge":"4to7","edgeRT":"30090","flipped":"TRUE","correct_edge":"0to1","index":"32","edgeClickLog":"[{\"edgeSelection\":\"0to1\",\"edgeRTMS\":23723},{\"edgeSelection\":\"1to4\",\"edgeRTMS\":28086},{\"edgeSelection\":\"4to7\",\"edgeRTMS\":30090}]","seed":" 36895371","task":"experiment","subjectId":"3vw3jbv40nepxo6","trial_type":"external-html","trial_index":10,"time_elapsed":386116,"internal_node_id":"0.0-9.0-0.1"},{"rt":17264,"url":"../static/nodeGraphs.html","edge":"6to9","edgeRT":"15422","flipped":"FALSE","correct_edge":"0to2","index":"13","edgeClickLog":"[{\"edgeSelection\":\"0to2\",\"edgeRTMS\":10690},{\"edgeSelection\":\"2to6\",\"edgeRTMS\":12977},{\"edgeSelection\":\"6to9\",\"edgeRTMS\":15422}]","seed":" 49587019","task":"experiment","subjectId":"3vw3jbv40nepxo6","trial_type":"external-html","trial_index":11,"time_elapsed":404029,"internal_node_id":"0.0-9.0-0.2"},{"rt":15340,"url":"../static/nodeGraphs.html","edge":"4to8","edgeRT":"13684","flipped":"FALSE","correct_edge":"0to2","index":"10","edgeClickLog":"[{\"edgeSelection\":\"0to1\",\"edgeRTMS\":6965},{\"edgeSelection\":\"1to4\",\"edgeRTMS\":11549},{\"edgeSelection\":\"4to8\",\"edgeRTMS\":13684}]","seed":" 39688702","task":"experiment","subjectId":"3vw3jbv40nepxo6","trial_type":"external-html","trial_index":12,"time_elapsed":420018,"internal_node_id":"0.0-9.0-0.3"},{"rt":12988,"url":"../static/nodeGraphs.html","edge":"5to8","edgeRT":"11460","flipped":"FALSE","correct_edge":"0to2","index":"7","edgeClickLog":"[{\"edgeSelection\":\"0to2\",\"edgeRTMS\":9175},{\"edgeSelection\":\"2to5\",\"edgeRTMS\":10355},{\"edgeSelection\":\"5to8\",\"edgeRTMS\":11460}]","seed":" 85614324","task":"experiment","subjectId":"3vw3jbv40nepxo6","trial_type":"external-html","trial_index":13,"time_elapsed":433652,"internal_node_id":"0.0-9.0-0.4"},{"rt":10897,"url":"../static/nodeGraphs.html","edge":"4to7","edgeRT":"9040","flipped":"FALSE","correct_edge":"2to4","index":"5","edgeClickLog":"[{\"edgeSelection\":\"0to2\",\"edgeRTMS\":5861},{\"edgeSelection\":\"2to4\",\"edgeRTMS\":7478},{\"edgeSelection\":\"4to7\",\"edgeRTMS\":9040}]","seed":" 10409262","task":"experiment","subjectId":"3vw3jbv40nepxo6","trial_type":"external-html","trial_index":14,"time_elapsed":445195,"internal_node_id":"0.0-9.0-0.5"},{"rt":18475,"url":"../static/nodeGraphs.html","edge":"4to7","edgeRT":"16583","flipped":"TRUE","correct_edge":"0to2","index":"33","edgeClickLog":"[{\"edgeSelection\":\"0to2\",\"edgeRTMS\":12349},{\"edgeSelection\":\"2to4\",\"edgeRTMS\":14294},{\"edgeSelection\":\"4to7\",\"edgeRTMS\":16583}]","seed":" 49587019","task":"experiment","subjectId":"3vw3jbv40nepxo6","trial_type":"external-html","trial_index":15,"time_elapsed":464305,"internal_node_id":"0.0-9.0-0.6"},{"rt":9048,"url":"../static/nodeGraphs.html","edge":"5to8","edgeRT":"7389","flipped":"TRUE","correct_edge":"0to2","index":"37","edgeClickLog":"[{\"edgeSelection\":\"0to2\",\"edgeRTMS\":4449},{\"edgeSelection\":\"2to5\",\"edgeRTMS\":6066},{\"edgeSelection\":\"5to8\",\"edgeRTMS\":7389}]","seed":" 21211189","task":"experiment","subjectId":"3vw3jbv40nepxo6","trial_type":"external-html","trial_index":16,"time_elapsed":473994,"internal_node_id":"0.0-9.0-0.7"},{"rt":15842,"url":"../static/nodeGraphs.html","edge":"4to8","edgeRT":"14003","flipped":"TRUE","correct_edge":"0to1","index":"29","edgeClickLog":"[{\"edgeSelection\":\"0to1\",\"edgeRTMS\":10701},{\"edgeSelection\":\"1to4\",\"edgeRTMS\":12178},{\"edgeSelection\":\"4to8\",\"edgeRTMS\":14003}]","seed":" 61187187","task":"experiment","subjectId":"3vw3jbv40nepxo6","trial_type":"external-html","trial_index":17,"time_elapsed":490475,"internal_node_id":"0.0-9.0-0.8"},{"rt":17438,"url":"../static/nodeGraphs.html","edge":"6to9","edgeRT":"15752","flipped":"TRUE","correct_edge":"0to3","index":"39","edgeClickLog":"[{\"edgeSelection\":\"0to3\",\"edgeRTMS\":12382},{\"edgeSelection\":\"3to6\",\"edgeRTMS\":14172},{\"edgeSelection\":\"6to9\",\"edgeRTMS\":15752}]","seed":" 37422119","task":"experiment","subjectId":"3vw3jbv40nepxo6","trial_type":"external-html","trial_index":18,"time_elapsed":508551,"internal_node_id":"0.0-9.0-0.9"},{"rt":18284,"url":"../static/nodeGraphs.html","edge":"4to7","edgeRT":"11599","flipped":"TRUE","correct_edge":"0to3","index":"20","edgeClickLog":"[{\"edgeSelection\":\"0to1\",\"edgeRTMS\":8643},{\"edgeSelection\":\"1to4\",\"edgeRTMS\":10189},{\"edgeSelection\":\"4to7\",\"edgeRTMS\":11599}]","seed":" 21745736","task":"experiment","subjectId":"3vw3jbv40nepxo6","trial_type":"external-html","trial_index":19,"time_elapsed":527456,"internal_node_id":"0.0-9.0-0.10"},{"rt":33234,"url":"../static/nodeGraphs.html","edge":"4to8","edgeRT":"31737","flipped":"FALSE","correct_edge":"0to2","index":"14","edgeClickLog":"[{\"edgeSelection\":\"0to1\",\"edgeRTMS\":27384},{\"edgeSelection\":\"1to4\",\"edgeRTMS\":29266},{\"edgeSelection\":\"4to8\",\"edgeRTMS\":31737}]","seed":" 21083760","task":"experiment","subjectId":"3vw3jbv40nepxo6","trial_type":"external-html","trial_index":20,"time_elapsed":561325,"internal_node_id":"0.0-9.0-0.11"},{"rt":7112,"url":"../static/nodeGraphs.html","edge":"5to8","edgeRT":"5829","flipped":"FALSE","correct_edge":"0to2","index":"17","edgeClickLog":"[{\"edgeSelection\":\"0to2\",\"edgeRTMS\":3262},{\"edgeSelection\":\"2to5\",\"edgeRTMS\":4789},{\"edgeSelection\":\"5to8\",\"edgeRTMS\":5829}]","seed":" 21211189","task":"experiment","subjectId":"3vw3jbv40nepxo6","trial_type":"external-html","trial_index":21,"time_elapsed":569082,"internal_node_id":"0.0-9.0-0.12"},{"rt":9924,"url":"../static/nodeGraphs.html","edge":"4to7","edgeRT":"8342","flipped":"TRUE","correct_edge":"2to4","index":"35","edgeClickLog":"[{\"edgeSelection\":\"0to1\",\"edgeRTMS\":2372},{\"edgeSelection\":\"1to4\",\"edgeRTMS\":4160},{\"edgeSelection\":\"4to7\",\"edgeRTMS\":8342}]","seed":" 53220770","task":"experiment","subjectId":"3vw3jbv40nepxo6","trial_type":"external-html","trial_index":22,"time_elapsed":579669,"internal_node_id":"0.0-9.0-0.13"},{"rt":11316,"url":"../static/nodeGraphs.html","edge":"6to8","edgeRT":"9666","flipped":"TRUE","correct_edge":"3to6","index":"22","edgeClickLog":"[{\"edgeSelection\":\"0to3\",\"edgeRTMS\":3471},{\"edgeSelection\":\"3to6\",\"edgeRTMS\":6912},{\"edgeSelection\":\"6to8\",\"edgeRTMS\":9666}]","seed":" 22809663","task":"experiment","subjectId":"3vw3jbv40nepxo6","trial_type":"external-html","trial_index":23,"time_elapsed":591640,"internal_node_id":"0.0-9.0-0.14"},{"rt":12750,"url":"../static/nodeGraphs.html","edge":"4to8","edgeRT":"11171","flipped":"FALSE","correct_edge":"5to8","index":"3","edgeClickLog":"[{\"edgeSelection\":\"0to1\",\"edgeRTMS\":7737},{\"edgeSelection\":\"1to4\",\"edgeRTMS\":9603},{\"edgeSelection\":\"4to8\",\"edgeRTMS\":11171}]","seed":" 46003743","task":"experiment","subjectId":"3vw3jbv40nepxo6","trial_type":"external-html","trial_index":24,"time_elapsed":605038,"internal_node_id":"0.0-9.0-0.15"},{"rt":6998,"url":"../static/nodeGraphs.html","edge":"5to8","edgeRT":"5466","flipped":"TRUE","correct_edge":"1to5","index":"38","edgeClickLog":"[{\"edgeSelection\":\"0to2\",\"edgeRTMS\":2922},{\"edgeSelection\":\"2to5\",\"edgeRTMS\":4102},{\"edgeSelection\":\"5to8\",\"edgeRTMS\":5466}]","seed":" 22181670","task":"experiment","subjectId":"3vw3jbv40nepxo6","trial_type":"external-html","trial_index":25,"time_elapsed":612707,"internal_node_id":"0.0-9.0-0.16"},{"rt":13458,"url":"../static/nodeGraphs.html","edge":"4to7","edgeRT":"9793","flipped":"FALSE","correct_edge":"2to4","index":"4","edgeClickLog":"[{\"edgeSelection\":\"0to2\",\"edgeRTMS\":2992},{\"edgeSelection\":\"2to4\",\"edgeRTMS\":5930},{\"edgeSelection\":\"4to7\",\"edgeRTMS\":9793}]","seed":" 36501291","task":"experiment","subjectId":"3vw3jbv40nepxo6","trial_type":"external-html","trial_index":26,"time_elapsed":626804,"internal_node_id":"0.0-9.0-0.17"},{"rt":13420,"url":"../static/nodeGraphs.html","edge":"6to9","edgeRT":"12132","flipped":"FALSE","correct_edge":"0to3","index":"12","edgeClickLog":"[{\"edgeSelection\":\"0to3\",\"edgeRTMS\":9080},{\"edgeSelection\":\"3to6\",\"edgeRTMS\":10882},{\"edgeSelection\":\"6to9\",\"edgeRTMS\":12132}]","seed":" 36895371","task":"experiment","subjectId":"3vw3jbv40nepxo6","trial_type":"external-html","trial_index":27,"time_elapsed":640865,"internal_node_id":"0.0-9.0-0.18"},{"rt":13903,"url":"../static/nodeGraphs.html","edge":"6to9","edgeRT":"11214","flipped":"TRUE","correct_edge":"2to6","index":"24","edgeClickLog":"[{\"edgeSelection\":\"0to2\",\"edgeRTMS\":5847},{\"edgeSelection\":\"2to6\",\"edgeRTMS\":8839},{\"edgeSelection\":\"6to9\",\"edgeRTMS\":11214}]","seed":" 36501291","task":"experiment","subjectId":"3vw3jbv40nepxo6","trial_type":"external-html","trial_index":28,"time_elapsed":655423,"internal_node_id":"0.0-9.0-0.19"},{"rt":12260,"url":"../static/nodeGraphs.html","edge":"6to8","edgeRT":"10872","flipped":"FALSE","correct_edge":"0to3","index":"9","edgeClickLog":"[{\"edgeSelection\":\"0to3\",\"edgeRTMS\":6044},{\"edgeSelection\":\"3to6\",\"edgeRTMS\":9358},{\"edgeSelection\":\"6to8\",\"edgeRTMS\":10872}]","seed":" 61187187","task":"experiment","subjectId":"3vw3jbv40nepxo6","trial_type":"external-html","trial_index":29,"time_elapsed":668340,"internal_node_id":"0.0-9.0-0.20"},{"rt":8537,"url":"../static/nodeGraphs.html","edge":"4to8","edgeRT":"7097","flipped":"FALSE","correct_edge":"1to4","index":"2","edgeClickLog":"[{\"edgeSelection\":\"0to1\",\"edgeRTMS\":3279},{\"edgeSelection\":\"1to4\",\"edgeRTMS\":5508},{\"edgeSelection\":\"4to8\",\"edgeRTMS\":7097}]","seed":" 22809663","task":"experiment","subjectId":"3vw3jbv40nepxo6","trial_type":"external-html","trial_index":30,"time_elapsed":677521,"internal_node_id":"0.0-9.0-0.21"},{"rt":8537,"url":"../static/nodeGraphs.html","edge":"6to9","edgeRT":"6806","flipped":"TRUE","correct_edge":"0to2","index":"28","edgeClickLog":"[{\"edgeSelection\":\"0to2\",\"edgeRTMS\":3414},{\"edgeSelection\":\"2to6\",\"edgeRTMS\":5019},{\"edgeSelection\":\"6to9\",\"edgeRTMS\":6806}]","seed":" 8396978","task":"experiment","subjectId":"3vw3jbv40nepxo6","trial_type":"external-html","trial_index":31,"time_elapsed":686723,"internal_node_id":"0.0-9.0-0.22"},{"rt":12999,"url":"../static/nodeGraphs.html","edge":"5to9","edgeRT":"11574","flipped":"TRUE","correct_edge":"6to9","index":"26","edgeClickLog":"[{\"edgeSelection\":\"0to1\",\"edgeRTMS\":6670},{\"edgeSelection\":\"1to5\",\"edgeRTMS\":9925},{\"edgeSelection\":\"5to9\",\"edgeRTMS\":11574}]","seed":" 13523788","task":"experiment","subjectId":"3vw3jbv40nepxo6","trial_type":"external-html","trial_index":32,"time_elapsed":700357,"internal_node_id":"0.0-9.0-0.23"},{"rt":9488,"url":"../static/nodeGraphs.html","edge":"6to9","edgeRT":"8174","flipped":"TRUE","correct_edge":"0to2","index":"31","edgeClickLog":"[{\"edgeSelection\":\"0to2\",\"edgeRTMS\":5002},{\"edgeSelection\":\"2to6\",\"edgeRTMS\":6359},{\"edgeSelection\":\"6to9\",\"edgeRTMS\":8174}]","seed":" 63833578","task":"experiment","subjectId":"3vw3jbv40nepxo6","trial_type":"external-html","trial_index":33,"time_elapsed":710496,"internal_node_id":"0.0-9.0-0.24"},{"rt":8551,"url":"../static/nodeGraphs.html","edge":"4to7","edgeRT":"7165","flipped":"FALSE","correct_edge":"0to1","index":"19","edgeClickLog":"[{\"edgeSelection\":\"0to1\",\"edgeRTMS\":3126},{\"edgeSelection\":\"1to4\",\"edgeRTMS\":5396},{\"edgeSelection\":\"4to7\",\"edgeRTMS\":7165}]","seed":" 37422119","task":"experiment","subjectId":"3vw3jbv40nepxo6","trial_type":"external-html","trial_index":34,"time_elapsed":719679,"internal_node_id":"0.0-9.0-0.25"},{"rt":18578,"url":"../static/nodeGraphs.html","edge":"6to8","edgeRT":"17213","flipped":"TRUE","correct_edge":"6to8","index":"21","edgeClickLog":"[{\"edgeSelection\":\"0to2\",\"edgeRTMS\":12491},{\"edgeSelection\":\"2to6\",\"edgeRTMS\":16019},{\"edgeSelection\":\"6to8\",\"edgeRTMS\":17213}]","seed":" 32816305","task":"experiment","subjectId":"3vw3jbv40nepxo6","trial_type":"external-html","trial_index":35,"time_elapsed":738895,"internal_node_id":"0.0-9.0-0.26"},{"rt":14172,"url":"../static/nodeGraphs.html","edge":"6to8","edgeRT":"12422","flipped":"TRUE","correct_edge":"0to2","index":"30","edgeClickLog":"[{\"edgeSelection\":\"0to2\",\"edgeRTMS\":8584},{\"edgeSelection\":\"2to6\",\"edgeRTMS\":10433},{\"edgeSelection\":\"6to8\",\"edgeRTMS\":12422}]","seed":" 39688702","task":"experiment","subjectId":"3vw3jbv40nepxo6","trial_type":"external-html","trial_index":36,"time_elapsed":753703,"internal_node_id":"0.0-9.0-0.27"},{"rt":8570,"url":"../static/nodeGraphs.html","edge":"5to8","edgeRT":"7147","flipped":"TRUE","correct_edge":"0to2","index":"27","edgeClickLog":"[{\"edgeSelection\":\"0to2\",\"edgeRTMS\":3686},{\"edgeSelection\":\"2to5\",\"edgeRTMS\":5297},{\"edgeSelection\":\"5to8\",\"edgeRTMS\":7147}]","seed":" 85614324","task":"experiment","subjectId":"3vw3jbv40nepxo6","trial_type":"external-html","trial_index":37,"time_elapsed":762909,"internal_node_id":"0.0-9.0-0.28"},{"rt":22967,"url":"../static/nodeGraphs.html","edge":"6to8","edgeRT":"21155","flipped":"TRUE","correct_edge":"0to2","index":"34","edgeClickLog":"[{\"edgeSelection\":\"0to2\",\"edgeRTMS\":13679},{\"edgeSelection\":\"2to6\",\"edgeRTMS\":18372},{\"edgeSelection\":\"6to8\",\"edgeRTMS\":21155}]","seed":" 21083760","task":"experiment","subjectId":"3vw3jbv40nepxo6","trial_type":"external-html","trial_index":38,"time_elapsed":786574,"internal_node_id":"0.0-9.0-0.29"},{"rt":9262,"url":"../static/nodeGraphs.html","edge":"5to7","edgeRT":"7730","flipped":"FALSE","correct_edge":"3to5","index":"18","edgeClickLog":"[{\"edgeSelection\":\"0to2\",\"edgeRTMS\":4580},{\"edgeSelection\":\"2to5\",\"edgeRTMS\":6270},{\"edgeSelection\":\"5to7\",\"edgeRTMS\":7730}]","seed":" 22181670","task":"experiment","subjectId":"3vw3jbv40nepxo6","trial_type":"external-html","trial_index":39,"time_elapsed":796473,"internal_node_id":"0.0-9.0-0.30"},{"rt":13743,"url":"../static/nodeGraphs.html","edge":"6to9","edgeRT":"10619","flipped":"TRUE","correct_edge":"2to6","index":"25","edgeClickLog":"[{\"edgeSelection\":\"0to2\",\"edgeRTMS\":6131},{\"edgeSelection\":\"2to6\",\"edgeRTMS\":8938},{\"edgeSelection\":\"6to9\",\"edgeRTMS\":10619}]","seed":" 10409262","task":"experiment","subjectId":"3vw3jbv40nepxo6","trial_type":"external-html","trial_index":40,"time_elapsed":810874,"internal_node_id":"0.0-9.0-0.31"},{"rt":13183,"url":"../static/nodeGraphs.html","edge":"5to7","edgeRT":"10629","flipped":"TRUE","correct_edge":"5to7","index":"36","edgeClickLog":"[{\"edgeSelection\":\"0to3\",\"edgeRTMS\":3735},{\"edgeSelection\":\"3to5\",\"edgeRTMS\":6131},{\"edgeSelection\":\"5to7\",\"edgeRTMS\":10629}]","seed":" 5655743","task":"experiment","subjectId":"3vw3jbv40nepxo6","trial_type":"external-html","trial_index":41,"time_elapsed":824708,"internal_node_id":"0.0-9.0-0.32"},{"rt":13665,"url":"../static/nodeGraphs.html","edge":"4to8","edgeRT":"12166","flipped":"FALSE","correct_edge":"4to8","index":"1","edgeClickLog":"[{\"edgeSelection\":\"0to2\",\"edgeRTMS\":9062},{\"edgeSelection\":\"2to4\",\"edgeRTMS\":10494},{\"edgeSelection\":\"4to8\",\"edgeRTMS\":12166}]","seed":" 32816305","task":"experiment","subjectId":"3vw3jbv40nepxo6","trial_type":"external-html","trial_index":42,"time_elapsed":839017,"internal_node_id":"0.0-9.0-0.33"},{"rt":8202,"url":"../static/nodeGraphs.html","edge":"6to9","edgeRT":"5819","flipped":"FALSE","correct_edge":"2to6","index":"15","edgeClickLog":"[{\"edgeSelection\":\"0to3\",\"edgeRTMS\":3007},{\"edgeSelection\":\"3to6\",\"edgeRTMS\":4606},{\"edgeSelection\":\"6to9\",\"edgeRTMS\":5819}]","seed":" 53220770","task":"experiment","subjectId":"3vw3jbv40nepxo6","trial_type":"external-html","trial_index":43,"time_elapsed":847849,"internal_node_id":"0.0-9.0-0.34"},{"rt":21752,"url":"../static/nodeGraphs.html","edge":"5to7","edgeRT":"18660","flipped":"FALSE","correct_edge":"0to1","index":"0","edgeClickLog":"[{\"edgeSelection\":\"0to3\",\"edgeRTMS\":13332},{\"edgeSelection\":\"3to5\",\"edgeRTMS\":15445},{\"edgeSelection\":\"5to7\",\"edgeRTMS\":18660}]","seed":" 21745736","task":"experiment","subjectId":"3vw3jbv40nepxo6","trial_type":"external-html","trial_index":44,"time_elapsed":870237,"internal_node_id":"0.0-9.0-0.35"},{"rt":10193,"url":"../static/nodeGraphs.html","edge":"4to7","edgeRT":"8449","flipped":"FALSE","correct_edge":"0to2","index":"11","edgeClickLog":"[{\"edgeSelection\":\"0to2\",\"edgeRTMS\":5684},{\"edgeSelection\":\"2to4\",\"edgeRTMS\":7099},{\"edgeSelection\":\"4to7\",\"edgeRTMS\":8449}]","seed":" 63833578","task":"experiment","subjectId":"3vw3jbv40nepxo6","trial_type":"external-html","trial_index":45,"time_elapsed":881084,"internal_node_id":"0.0-9.0-0.36"},{"rt":13915,"url":"../static/nodeGraphs.html","edge":"5to7","edgeRT":"12041","flipped":"FALSE","correct_edge":"4to7","index":"6","edgeClickLog":"[{\"edgeSelection\":\"0to3\",\"edgeRTMS\":8596},{\"edgeSelection\":\"3to5\",\"edgeRTMS\":10332},{\"edgeSelection\":\"5to7\",\"edgeRTMS\":12041}]","seed":" 13523788","task":"experiment","subjectId":"3vw3jbv40nepxo6","trial_type":"external-html","trial_index":46,"time_elapsed":895630,"internal_node_id":"0.0-9.0-0.37"},{"rt":13375,"url":"../static/nodeGraphs.html","edge":"5to8","edgeRT":"11951","flipped":"TRUE","correct_edge":"5to8","index":"23","edgeClickLog":"[{\"edgeSelection\":\"0to3\",\"edgeRTMS\":7400},{\"edgeSelection\":\"3to5\",\"edgeRTMS\":10060},{\"edgeSelection\":\"5to8\",\"edgeRTMS\":11951}]","seed":" 46003743","task":"experiment","subjectId":"3vw3jbv40nepxo6","trial_type":"external-html","trial_index":47,"time_elapsed":909640,"internal_node_id":"0.0-9.0-0.38"},{"rt":24407,"url":"../static/nodeGraphs.html","edge":"6to9","edgeRT":"22903","flipped":"FALSE","correct_edge":"0to2","index":"8","edgeClickLog":"[{\"edgeSelection\":\"0to2\",\"edgeRTMS\":17127},{\"edgeSelection\":\"2to6\",\"edgeRTMS\":21286},{\"edgeSelection\":\"6to9\",\"edgeRTMS\":22903}]","seed":" 8396978","task":"experiment","subjectId":"3vw3jbv40nepxo6","trial_type":"external-html","trial_index":48,"time_elapsed":934690,"internal_node_id":"0.0-9.0-0.39"},{"rt":44994,"response":{"P0_Q0":null,"P0_Q1":5,"P0_Q2":7,"P0_Q3":7,"P0_Q4":6,"P0_Q5":1,"strategies":"I used the strategy of looking at which circle had the highest number and chose each one for the best path.","feedback":"no"},"accuracy":[],"trial_type":"survey","trial_index":49,"time_elapsed":980234,"internal_node_id":"0.0-10.0"},{"rt":3046,"stimulus":"<p>Thanks for your time!</p>        <p>We need to manually calculate your bonus pay, please give us up to 7 days.</p><p>Press any key to conclude.</p>","response":"j","task":"end","subjectId":"3vw3jbv40nepxo6","trial_type":"html-keyboard-response","trial_index":50,"time_elapsed":983282,"internal_node_id":"0.0-11.0","interactions":"[{\"event\":\"fullscreenenter\",\"trial\":1,\"time\":6073},{\"event\":\"blur\",\"trial\":4,\"time\":130111},{\"event\":\"focus\",\"trial\":4,\"time\":130111},{\"event\":\"fullscreenexit\",\"trial\":4,\"time\":130118}]"}]