[{"success":true,"timeout":false,"failed_images":[],"failed_audio":[],"failed_video":[],"trial_type":"preload","trial_index":0,"time_elapsed":2099,"internal_node_id":"0.0-0.0"},{"success":true,"trial_type":"fullscreen","trial_index":1,"time_elapsed":4234,"internal_node_id":"0.0-1.0"},{"rt":1565,"stimulus":"Welcome to the experiment. Press any key to begin.","response":" ","trial_type":"html-keyboard-response","trial_index":2,"time_elapsed":5804,"internal_node_id":"0.0-2.0"},{"view_history":[{"page_index":0,"viewing_time":1415},{"page_index":1,"viewing_time":2445},{"page_index":2,"viewing_time":9731},{"page_index":3,"viewing_time":1988},{"page_index":4,"viewing_time":1312},{"page_index":5,"viewing_time":812},{"page_index":6,"viewing_time":4148},{"page_index":7,"viewing_time":4092},{"page_index":8,"viewing_time":5559},{"page_index":9,"viewing_time":5783},{"page_index":10,"viewing_time":724},{"page_index":11,"viewing_time":437},{"page_index":12,"viewing_time":369},{"page_index":13,"viewing_time":657},{"page_index":14,"viewing_time":1055},{"page_index":15,"viewing_time":1908},{"page_index":16,"viewing_time":1058},{"page_index":17,"viewing_time":747},{"page_index":18,"viewing_time":778},{"page_index":19,"viewing_time":3281},{"page_index":20,"viewing_time":1982},{"page_index":19,"viewing_time":345},{"page_index":18,"viewing_time":374},{"page_index":17,"viewing_time":344},{"page_index":16,"viewing_time":539},{"page_index":17,"viewing_time":498},{"page_index":16,"viewing_time":252},{"page_index":15,"viewing_time":3178},{"page_index":16,"viewing_time":358},{"page_index":17,"viewing_time":376},{"page_index":18,"viewing_time":427},{"page_index":19,"viewing_time":2796},{"page_index":20,"viewing_time":1167},{"page_index":21,"viewing_time":2847}],"rt":63782,"trial_type":"instructions","trial_index":3,"time_elapsed":69589,"internal_node_id":"0.0-3.0"},{"rt":63100,"url":"../static/nodeGraphsTraining.html","edgeClickLog":[],"trial_type":"external-html","trial_index":4,"time_elapsed":133133,"internal_node_id":"0.0-4.0"},{"rt":14389,"response":{"q1":"The goal is to help the student to get the most points","q2":"False","q3":"Possible paths the student can take.","q4":"Paths that the student took before."},"question_order":[0,1,2,3],"trial_type":"survey-multi-choice","trial_index":5,"time_elapsed":147527,"internal_node_id":"0.0-5.0"},{"rt":2856,"stimulus":"<p>You can take a 60 second break before starting the experiment.</p><br><br><p>This page will advance in 60 seconds or you can press any key to advance now.</p>","response":" ","trial_type":"html-keyboard-response","trial_index":6,"time_elapsed":150387,"internal_node_id":"0.0-7.0"},{"view_history":[{"page_index":0,"viewing_time":6727}],"rt":6727,"trial_type":"instructions","trial_index":7,"time_elapsed":157115,"internal_node_id":"0.0-8.0"},{"rt":20359,"url":"../static/nodeGraphs.html","edge":"2to6","edgeRT":"17737","flipped":"TRUE","correct_edge":"2to6","index":"25","edgeClickLog":"[{\"edgeSelection\":\"2to6\",\"edgeRTMS\":17737}]","seed":" 10409262","task":"experiment","subjectId":"nxajk5cvmtc4djj","trial_type":"external-html","trial_index":8,"time_elapsed":177736,"internal_node_id":"0.0-9.0-0.0"},{"rt":14406,"url":"../static/nodeGraphs.html","edge":"2to5","edgeRT":"10784","flipped":"FALSE","correct_edge":"3to5","index":"18","edgeClickLog":"[{\"edgeSelection\":\"2to5\",\"edgeRTMS\":10784}]","seed":" 22181670","task":"experiment","subjectId":"nxajk5cvmtc4djj","trial_type":"external-html","trial_index":9,"time_elapsed":192886,"internal_node_id":"0.0-9.0-0.1"},{"rt":9178,"url":"../static/nodeGraphs.html","edge":"1to4","edgeRT":"7327","flipped":"TRUE","correct_edge":"2to4","index":"35","edgeClickLog":"[{\"edgeSelection\":\"1to4\",\"edgeRTMS\":7327}]","seed":" 53220770","task":"experiment","subjectId":"nxajk5cvmtc4djj","trial_type":"external-html","trial_index":10,"time_elapsed":202935,"internal_node_id":"0.0-9.0-0.2"},{"rt":22430,"url":"../static/nodeGraphs.html","edge":"2to6","edgeRT":"16682","flipped":"TRUE","correct_edge":"0to2","index":"30","edgeClickLog":"[{\"edgeSelection\":\"2to6\",\"edgeRTMS\":16682}]","seed":" 39688702","task":"experiment","subjectId":"nxajk5cvmtc4djj","trial_type":"external-html","trial_index":11,"time_elapsed":226109,"internal_node_id":"0.0-9.0-0.3"},{"rt":7562,"url":"../static/nodeGraphs.html","edge":"2to5","edgeRT":"6087","flipped":"FALSE","correct_edge":"0to2","index":"7","edgeClickLog":"[{\"edgeSelection\":\"2to5\",\"edgeRTMS\":6087}]","seed":" 85614324","task":"experiment","subjectId":"nxajk5cvmtc4djj","trial_type":"external-html","trial_index":12,"time_elapsed":234407,"internal_node_id":"0.0-9.0-0.4"},{"rt":8066,"url":"../static/nodeGraphs.html","edge":"2to6","edgeRT":"4029","flipped":"TRUE","correct_edge":"0to2","index":"31","edgeClickLog":"[{\"edgeSelection\":\"2to6\",\"edgeRTMS\":4029}]","seed":" 63833578","task":"experiment","subjectId":"nxajk5cvmtc4djj","trial_type":"external-html","trial_index":13,"time_elapsed":243248,"internal_node_id":"0.0-9.0-0.5"},{"rt":15162,"url":"../static/nodeGraphs.html","edge":"6to9","edgeRT":"12878","flipped":"FALSE","correct_edge":"0to3","index":"12","edgeClickLog":"[{\"edgeSelection\":\"6to9\",\"edgeRTMS\":12878}]","seed":" 36895371","task":"experiment","subjectId":"nxajk5cvmtc4djj","trial_type":"external-html","trial_index":14,"time_elapsed":259376,"internal_node_id":"0.0-9.0-0.6"},{"rt":19280,"url":"../static/nodeGraphs.html","edge":"3to6","edgeRT":"15587","flipped":"FALSE","correct_edge":"4to7","index":"6","edgeClickLog":"[{\"edgeSelection\":\"3to6\",\"edgeRTMS\":15587}]","seed":" 13523788","task":"experiment","subjectId":"nxajk5cvmtc4djj","trial_type":"external-html","trial_index":15,"time_elapsed":279429,"internal_node_id":"0.0-9.0-0.7"},{"rt":21029,"url":"../static/nodeGraphs.html","edge":"5to8","edgeRT":"19574","flipped":"FALSE","correct_edge":"5to8","index":"3","edgeClickLog":"[{\"edgeSelection\":\"5to8\",\"edgeRTMS\":19574}]","seed":" 46003743","task":"experiment","subjectId":"nxajk5cvmtc4djj","trial_type":"external-html","trial_index":16,"time_elapsed":301205,"internal_node_id":"0.0-9.0-0.8"},{"rt":10863,"url":"../static/nodeGraphs.html","edge":"4to8","edgeRT":"7116","flipped":"FALSE","correct_edge":"0to2","index":"10","edgeClickLog":"[{\"edgeSelection\":\"4to8\",\"edgeRTMS\":7116}]","seed":" 39688702","task":"experiment","subjectId":"nxajk5cvmtc4djj","trial_type":"external-html","trial_index":17,"time_elapsed":312825,"internal_node_id":"0.0-9.0-0.9"},{"rt":7034,"url":"../static/nodeGraphs.html","edge":"2to4","edgeRT":"4914","flipped":"FALSE","correct_edge":"0to2","index":"11","edgeClickLog":"[{\"edgeSelection\":\"2to4\",\"edgeRTMS\":4914}]","seed":" 63833578","task":"experiment","subjectId":"nxajk5cvmtc4djj","trial_type":"external-html","trial_index":18,"time_elapsed":320628,"internal_node_id":"0.0-9.0-0.10"},{"rt":8544,"url":"../static/nodeGraphs.html","edge":"5to8","edgeRT":"7412","flipped":"TRUE","correct_edge":"5to8","index":"23","edgeClickLog":"[{\"edgeSelection\":\"5to8\",\"edgeRTMS\":7412}]","seed":" 46003743","task":"experiment","subjectId":"nxajk5cvmtc4djj","trial_type":"external-html","trial_index":19,"time_elapsed":329923,"internal_node_id":"0.0-9.0-0.11"},{"rt":12403,"url":"../static/nodeGraphs.html","edge":"2to6","edgeRT":"6502","flipped":"TRUE","correct_edge":"0to2","index":"28","edgeClickLog":"[{\"edgeSelection\":\"2to6\",\"edgeRTMS\":6502}]","seed":" 8396978","task":"experiment","subjectId":"nxajk5cvmtc4djj","trial_type":"external-html","trial_index":20,"time_elapsed":343073,"internal_node_id":"0.0-9.0-0.12"},{"rt":6726,"url":"../static/nodeGraphs.html","edge":"1to4","edgeRT":"4790","flipped":"TRUE","correct_edge":"0to1","index":"29","edgeClickLog":"[{\"edgeSelection\":\"1to4\",\"edgeRTMS\":4790}]","seed":" 61187187","task":"experiment","subjectId":"nxajk5cvmtc4djj","trial_type":"external-html","trial_index":21,"time_elapsed":350550,"internal_node_id":"0.0-9.0-0.13"},{"rt":14295,"url":"../static/nodeGraphs.html","edge":"2to4","edgeRT":"5389","flipped":"FALSE","correct_edge":"2to4","index":"5","edgeClickLog":"[{\"edgeSelection\":\"2to4\",\"edgeRTMS\":5389}]","seed":" 10409262","task":"experiment","subjectId":"nxajk5cvmtc4djj","trial_type":"external-html","trial_index":22,"time_elapsed":365601,"internal_node_id":"0.0-9.0-0.14"},{"rt":15388,"url":"../static/nodeGraphs.html","edge":"3to5","edgeRT":"10259","flipped":"TRUE","correct_edge":"5to7","index":"36","edgeClickLog":"[{\"edgeSelection\":\"3to5\",\"edgeRTMS\":10259}]","seed":" 5655743","task":"experiment","subjectId":"nxajk5cvmtc4djj","trial_type":"external-html","trial_index":23,"time_elapsed":381756,"internal_node_id":"0.0-9.0-0.15"},{"rt":5350,"url":"../static/nodeGraphs.html","edge":"1to4","edgeRT":"4277","flipped":"FALSE","correct_edge":"1to4","index":"2","edgeClickLog":"[{\"edgeSelection\":\"1to4\",\"edgeRTMS\":4277}]","seed":" 22809663","task":"experiment","subjectId":"nxajk5cvmtc4djj","trial_type":"external-html","trial_index":24,"time_elapsed":387850,"internal_node_id":"0.0-9.0-0.16"},{"rt":7827,"url":"../static/nodeGraphs.html","edge":"4to8","edgeRT":"3043","flipped":"FALSE","correct_edge":"4to8","index":"1","edgeClickLog":"[{\"edgeSelection\":\"4to8\",\"edgeRTMS\":3043}]","seed":" 32816305","task":"experiment","subjectId":"nxajk5cvmtc4djj","trial_type":"external-html","trial_index":25,"time_elapsed":396425,"internal_node_id":"0.0-9.0-0.17"},{"rt":9166,"url":"../static/nodeGraphs.html","edge":"2to4","edgeRT":"6439","flipped":"FALSE","correct_edge":"0to2","index":"14","edgeClickLog":"[{\"edgeSelection\":\"2to4\",\"edgeRTMS\":6439}]","seed":" 21083760","task":"experiment","subjectId":"nxajk5cvmtc4djj","trial_type":"external-html","trial_index":26,"time_elapsed":406384,"internal_node_id":"0.0-9.0-0.18"},{"rt":6658,"url":"../static/nodeGraphs.html","edge":"2to5","edgeRT":"5142","flipped":"TRUE","correct_edge":"0to2","index":"37","edgeClickLog":"[{\"edgeSelection\":\"2to5\",\"edgeRTMS\":5142}]","seed":" 21211189","task":"experiment","subjectId":"nxajk5cvmtc4djj","trial_type":"external-html","trial_index":27,"time_elapsed":413811,"internal_node_id":"0.0-9.0-0.19"},{"rt":19289,"url":"../static/nodeGraphs.html","edge":"0to1","edgeRT":"15769","flipped":"TRUE","correct_edge":"0to1","index":"32","edgeClickLog":"[{\"edgeSelection\":\"0to1\",\"edgeRTMS\":15769}]","seed":" 36895371","task":"experiment","subjectId":"nxajk5cvmtc4djj","trial_type":"external-html","trial_index":28,"time_elapsed":433853,"internal_node_id":"0.0-9.0-0.20"},{"rt":7633,"url":"../static/nodeGraphs.html","edge":"3to6","edgeRT":"5416","flipped":"FALSE","correct_edge":"2to6","index":"15","edgeClickLog":"[{\"edgeSelection\":\"3to6\",\"edgeRTMS\":5416}]","seed":" 53220770","task":"experiment","subjectId":"nxajk5cvmtc4djj","trial_type":"external-html","trial_index":29,"time_elapsed":442216,"internal_node_id":"0.0-9.0-0.21"},{"rt":13992,"url":"../static/nodeGraphs.html","edge":"2to6","edgeRT":"10371","flipped":"TRUE","correct_edge":"0to2","index":"34","edgeClickLog":"[{\"edgeSelection\":\"2to6\",\"edgeRTMS\":10371}]","seed":" 21083760","task":"experiment","subjectId":"nxajk5cvmtc4djj","trial_type":"external-html","trial_index":30,"time_elapsed":456980,"internal_node_id":"0.0-9.0-0.22"},{"rt":7236,"url":"../static/nodeGraphs.html","edge":"2to6","edgeRT":"5570","flipped":"TRUE","correct_edge":"2to6","index":"24","edgeClickLog":"[{\"edgeSelection\":\"2to6\",\"edgeRTMS\":5570}]","seed":" 36501291","task":"experiment","subjectId":"nxajk5cvmtc4djj","trial_type":"external-html","trial_index":31,"time_elapsed":465083,"internal_node_id":"0.0-9.0-0.23"},{"rt":15479,"url":"../static/nodeGraphs.html","edge":"6to8","edgeRT":"7264","flipped":"TRUE","correct_edge":"6to8","index":"21","edgeClickLog":"[{\"edgeSelection\":\"6to8\",\"edgeRTMS\":7264}]","seed":" 32816305","task":"experiment","subjectId":"nxajk5cvmtc4djj","trial_type":"external-html","trial_index":32,"time_elapsed":481328,"internal_node_id":"0.0-9.0-0.24"},{"rt":17920,"url":"../static/nodeGraphs.html","edge":"2to4","edgeRT":"13381","flipped":"TRUE","correct_edge":"0to2","index":"33","edgeClickLog":"[{\"edgeSelection\":\"2to4\",\"edgeRTMS\":13381}]","seed":" 49587019","task":"experiment","subjectId":"nxajk5cvmtc4djj","trial_type":"external-html","trial_index":33,"time_elapsed":500210,"internal_node_id":"0.0-9.0-0.25"},{"rt":6109,"url":"../static/nodeGraphs.html","edge":"1to5","edgeRT":"4082","flipped":"FALSE","correct_edge":"5to9","index":"16","edgeClickLog":"[{\"edgeSelection\":\"1to5\",\"edgeRTMS\":4082}]","seed":" 5655743","task":"experiment","subjectId":"nxajk5cvmtc4djj","trial_type":"external-html","trial_index":34,"time_elapsed":508538,"internal_node_id":"0.0-9.0-0.26"},{"rt":18008,"url":"../static/nodeGraphs.html","edge":"4to7","edgeRT":"13286","flipped":"FALSE","correct_edge":"0to1","index":"19","edgeClickLog":"[{\"edgeSelection\":\"4to7\",\"edgeRTMS\":13286}]","seed":" 37422119","task":"experiment","subjectId":"nxajk5cvmtc4djj","trial_type":"external-html","trial_index":35,"time_elapsed":533955,"internal_node_id":"0.0-9.0-0.27"},{"rt":8787,"url":"../static/nodeGraphs.html","edge":"0to3","edgeRT":"6177","flipped":"TRUE","correct_edge":"0to3","index":"20","edgeClickLog":"[{\"edgeSelection\":\"0to3\",\"edgeRTMS\":6177}]","seed":" 21745736","task":"experiment","subjectId":"nxajk5cvmtc4djj","trial_type":"external-html","trial_index":36,"time_elapsed":545836,"internal_node_id":"0.0-9.0-0.28"},{"rt":15179,"url":"../static/nodeGraphs.html","edge":"2to6","edgeRT":"10929","flipped":"FALSE","correct_edge":"0to2","index":"13","edgeClickLog":"[{\"edgeSelection\":\"2to6\",\"edgeRTMS\":10929}]","seed":" 49587019","task":"experiment","subjectId":"nxajk5cvmtc4djj","trial_type":"external-html","trial_index":37,"time_elapsed":561751,"internal_node_id":"0.0-9.0-0.29"},{"rt":6956,"url":"../static/nodeGraphs.html","edge":"2to5","edgeRT":"3880","flipped":"TRUE","correct_edge":"1to5","index":"38","edgeClickLog":"[{\"edgeSelection\":\"2to5\",\"edgeRTMS\":3880}]","seed":" 22181670","task":"experiment","subjectId":"nxajk5cvmtc4djj","trial_type":"external-html","trial_index":38,"time_elapsed":569470,"internal_node_id":"0.0-9.0-0.30"},{"rt":13238,"url":"../static/nodeGraphs.html","edge":"6to9","edgeRT":"11396","flipped":"TRUE","correct_edge":"0to3","index":"39","edgeClickLog":"[{\"edgeSelection\":\"6to9\",\"edgeRTMS\":11396}]","seed":" 37422119","task":"experiment","subjectId":"nxajk5cvmtc4djj","trial_type":"external-html","trial_index":39,"time_elapsed":583470,"internal_node_id":"0.0-9.0-0.31"},{"rt":8132,"url":"../static/nodeGraphs.html","edge":"3to6","edgeRT":"5538","flipped":"FALSE","correct_edge":"0to3","index":"9","edgeClickLog":"[{\"edgeSelection\":\"3to6\",\"edgeRTMS\":5538}]","seed":" 61187187","task":"experiment","subjectId":"nxajk5cvmtc4djj","trial_type":"external-html","trial_index":40,"time_elapsed":592339,"internal_node_id":"0.0-9.0-0.32"},{"rt":4258,"url":"../static/nodeGraphs.html","edge":"2to5","edgeRT":"2286","flipped":"FALSE","correct_edge":"0to2","index":"17","edgeClickLog":"[{\"edgeSelection\":\"2to5\",\"edgeRTMS\":2286}]","seed":" 21211189","task":"experiment","subjectId":"nxajk5cvmtc4djj","trial_type":"external-html","trial_index":41,"time_elapsed":597470,"internal_node_id":"0.0-9.0-0.33"},{"rt":5944,"url":"../static/nodeGraphs.html","edge":"2to5","edgeRT":"4780","flipped":"TRUE","correct_edge":"0to2","index":"27","edgeClickLog":"[{\"edgeSelection\":\"2to5\",\"edgeRTMS\":4780}]","seed":" 85614324","task":"experiment","subjectId":"nxajk5cvmtc4djj","trial_type":"external-html","trial_index":42,"time_elapsed":604187,"internal_node_id":"0.0-9.0-0.34"},{"rt":16534,"url":"../static/nodeGraphs.html","edge":"4to7","edgeRT":"10199","flipped":"FALSE","correct_edge":"2to4","index":"4","edgeClickLog":"[{\"edgeSelection\":\"4to7\",\"edgeRTMS\":10199}]","seed":" 36501291","task":"experiment","subjectId":"nxajk5cvmtc4djj","trial_type":"external-html","trial_index":43,"time_elapsed":621566,"internal_node_id":"0.0-9.0-0.35"},{"rt":8192,"url":"../static/nodeGraphs.html","edge":"1to4","edgeRT":"5497","flipped":"FALSE","correct_edge":"0to1","index":"0","edgeClickLog":"[{\"edgeSelection\":\"1to4\",\"edgeRTMS\":5497}]","seed":" 21745736","task":"experiment","subjectId":"nxajk5cvmtc4djj","trial_type":"external-html","trial_index":44,"time_elapsed":630524,"internal_node_id":"0.0-9.0-0.36"},{"rt":12128,"url":"../static/nodeGraphs.html","edge":"1to4","edgeRT":"10472","flipped":"TRUE","correct_edge":"6to9","index":"26","edgeClickLog":"[{\"edgeSelection\":\"1to4\",\"edgeRTMS\":10472}]","seed":" 13523788","task":"experiment","subjectId":"nxajk5cvmtc4djj","trial_type":"external-html","trial_index":45,"time_elapsed":643486,"internal_node_id":"0.0-9.0-0.37"},{"rt":7951,"url":"../static/nodeGraphs.html","edge":"3to6","edgeRT":"3660","flipped":"TRUE","correct_edge":"3to6","index":"22","edgeClickLog":"[{\"edgeSelection\":\"3to6\",\"edgeRTMS\":3660}]","seed":" 22809663","task":"experiment","subjectId":"nxajk5cvmtc4djj","trial_type":"external-html","trial_index":46,"time_elapsed":652187,"internal_node_id":"0.0-9.0-0.38"},{"rt":22633,"url":"../static/nodeGraphs.html","edge":"2to5","edgeRT":"18574","flipped":"FALSE","correct_edge":"0to2","index":"8","edgeClickLog":"[{\"edgeSelection\":\"4to7\",\"edgeRTMS\":7625},{\"edgeSelection\":\"2to5\",\"edgeRTMS\":18574}]","seed":" 8396978","task":"experiment","subjectId":"nxajk5cvmtc4djj","trial_type":"external-html","trial_index":47,"time_elapsed":675597,"internal_node_id":"0.0-9.0-0.39"},{"rt":25668,"response":{"P0_Q0":null,"P0_Q1":4,"P0_Q2":6,"P0_Q3":6,"P0_Q4":5,"P0_Q5":3,"strategies":"Adding up the numbers of each path","feedback":"Thank you for the opportunity (:"},"accuracy":[],"trial_type":"survey","trial_index":48,"time_elapsed":701834,"internal_node_id":"0.0-10.0"},{"rt":8647,"stimulus":"<p>Thanks for your time!</p>        <p>We need to manually calculate your bonus pay, please give us up to 7 days.</p><p>Press any key to conclude.</p>","response":" ","task":"end","subjectId":"nxajk5cvmtc4djj","trial_type":"html-keyboard-response","trial_index":49,"time_elapsed":710483,"internal_node_id":"0.0-11.0","interactions":"[{\"event\":\"fullscreenenter\",\"trial\":1,\"time\":3519},{\"event\":\"blur\",\"trial\":4,\"time\":105688},{\"event\":\"focus\",\"trial\":4,\"time\":105688},{\"event\":\"fullscreenexit\",\"trial\":35,\"time\":516874},{\"event\":\"blur\",\"trial\":49,\"time\":706339},{\"event\":\"focus\",\"trial\":49,\"time\":710007}]"}]