[{"success":true,"timeout":false,"failed_images":[],"failed_audio":[],"failed_video":[],"trial_type":"preload","trial_index":0,"time_elapsed":700,"internal_node_id":"0.0-0.0"},{"success":true,"trial_type":"fullscreen","trial_index":1,"time_elapsed":3245,"internal_node_id":"0.0-1.0"},{"rt":28171,"stimulus":"Welcome to the experiment. Press any key to begin.","response":"arrowup","trial_type":"html-keyboard-response","trial_index":2,"time_elapsed":31416,"internal_node_id":"0.0-2.0"},{"view_history":[{"page_index":0,"viewing_time":9614},{"page_index":1,"viewing_time":7721},{"page_index":2,"viewing_time":85823},{"page_index":3,"viewing_time":1548},{"page_index":4,"viewing_time":926},{"page_index":5,"viewing_time":806},{"page_index":6,"viewing_time":1480},{"page_index":7,"viewing_time":40802},{"page_index":8,"viewing_time":13516},{"page_index":9,"viewing_time":11000},{"page_index":10,"viewing_time":668},{"page_index":11,"viewing_time":706},{"page_index":12,"viewing_time":455},{"page_index":13,"viewing_time":1537},{"page_index":14,"viewing_time":2678},{"page_index":15,"viewing_time":4078},{"page_index":16,"viewing_time":1555},{"page_index":17,"viewing_time":529},{"page_index":18,"viewing_time":403},{"page_index":19,"viewing_time":5531},{"page_index":20,"viewing_time":4471},{"page_index":21,"viewing_time":3587}],"rt":199434,"trial_type":"instructions","trial_index":3,"time_elapsed":230852,"internal_node_id":"0.0-3.0"},{"rt":39958,"url":"../static/nodeGraphsTraining.html","edgeClickLog":[],"trial_type":"external-html","trial_index":4,"time_elapsed":270933,"internal_node_id":"0.0-4.0"},{"rt":185943,"response":{"q1":"The goal is to help the student to get the most points","q2":"False","q3":"Possible paths the student can take.","q4":"Paths that the student took before."},"question_order":[0,1,2,3],"trial_type":"survey-multi-choice","trial_index":5,"time_elapsed":456877,"internal_node_id":"0.0-5.0"},{"rt":4376,"stimulus":"<p>You can take a 60 second break before starting the experiment.</p><br><br><p>This page will advance in 60 seconds or you can press any key to advance now.</p>","response":"arrowup","trial_type":"html-keyboard-response","trial_index":6,"time_elapsed":461256,"internal_node_id":"0.0-7.0"},{"view_history":[{"page_index":0,"viewing_time":9598}],"rt":9598,"trial_type":"instructions","trial_index":7,"time_elapsed":470854,"internal_node_id":"0.0-8.0"},{"rt":17900,"url":"../static/nodeGraphs.html","edge":"2to4","edgeRT":"17011","flipped":"TRUE","correct_edge":"2to4","index":"35","edgeClickLog":"[{\"edgeSelection\":\"2to4\",\"edgeRTMS\":10591},{\"edgeSelection\":\"4to7\",\"edgeRTMS\":16489},{\"edgeSelection\":\"2to4\",\"edgeRTMS\":17011}]","seed":" 53220770","task":"experiment","subjectId":"cq99oo4yxayzf49","trial_type":"external-html","trial_index":8,"time_elapsed":488834,"internal_node_id":"0.0-9.0-0.0"},{"rt":13518,"url":"../static/nodeGraphs.html","edge":"2to5","edgeRT":"12562","flipped":"FALSE","correct_edge":"0to2","index":"17","edgeClickLog":"[{\"edgeSelection\":\"2to5\",\"edgeRTMS\":12562}]","seed":" 21211189","task":"experiment","subjectId":"cq99oo4yxayzf49","trial_type":"external-html","trial_index":9,"time_elapsed":502941,"internal_node_id":"0.0-9.0-0.1"},{"rt":15325,"url":"../static/nodeGraphs.html","edge":"6to8","edgeRT":"14373","flipped":"TRUE","correct_edge":"0to2","index":"30","edgeClickLog":"[{\"edgeSelection\":\"6to8\",\"edgeRTMS\":14373}]","seed":" 39688702","task":"experiment","subjectId":"cq99oo4yxayzf49","trial_type":"external-html","trial_index":10,"time_elapsed":518850,"internal_node_id":"0.0-9.0-0.2"},{"rt":13567,"url":"../static/nodeGraphs.html","edge":"4to8","edgeRT":"12486","flipped":"FALSE","correct_edge":"4to8","index":"1","edgeClickLog":"[{\"edgeSelection\":\"4to8\",\"edgeRTMS\":12486}]","seed":" 32816305","task":"experiment","subjectId":"cq99oo4yxayzf49","trial_type":"external-html","trial_index":11,"time_elapsed":533009,"internal_node_id":"0.0-9.0-0.3"},{"rt":9398,"url":"../static/nodeGraphs.html","edge":"1to4","edgeRT":"8050","flipped":"FALSE","correct_edge":"0to2","index":"10","edgeClickLog":"[{\"edgeSelection\":\"1to4\",\"edgeRTMS\":8050}]","seed":" 39688702","task":"experiment","subjectId":"cq99oo4yxayzf49","trial_type":"external-html","trial_index":12,"time_elapsed":542999,"internal_node_id":"0.0-9.0-0.4"},{"rt":19523,"url":"../static/nodeGraphs.html","edge":"5to8","edgeRT":"15871","flipped":"TRUE","correct_edge":"5to8","index":"23","edgeClickLog":"[{\"edgeSelection\":\"5to8\",\"edgeRTMS\":15871}]","seed":" 46003743","task":"experiment","subjectId":"cq99oo4yxayzf49","trial_type":"external-html","trial_index":13,"time_elapsed":563111,"internal_node_id":"0.0-9.0-0.5"},{"rt":15063,"url":"../static/nodeGraphs.html","edge":"0to2","edgeRT":"13705","flipped":"TRUE","correct_edge":"0to2","index":"37","edgeClickLog":"[{\"edgeSelection\":\"0to2\",\"edgeRTMS\":13705}]","seed":" 21211189","task":"experiment","subjectId":"cq99oo4yxayzf49","trial_type":"external-html","trial_index":14,"time_elapsed":578767,"internal_node_id":"0.0-9.0-0.6"},{"rt":17462,"url":"../static/nodeGraphs.html","edge":"6to8","edgeRT":"16713","flipped":"TRUE","correct_edge":"3to6","index":"22","edgeClickLog":"[{\"edgeSelection\":\"3to6\",\"edgeRTMS\":13331},{\"edgeSelection\":\"6to8\",\"edgeRTMS\":16713}]","seed":" 22809663","task":"experiment","subjectId":"cq99oo4yxayzf49","trial_type":"external-html","trial_index":15,"time_elapsed":596825,"internal_node_id":"0.0-9.0-0.7"},{"rt":11935,"url":"../static/nodeGraphs.html","edge":"2to5","edgeRT":"9494","flipped":"TRUE","correct_edge":"0to2","index":"27","edgeClickLog":"[{\"edgeSelection\":\"2to5\",\"edgeRTMS\":9494}]","seed":" 85614324","task":"experiment","subjectId":"cq99oo4yxayzf49","trial_type":"external-html","trial_index":16,"time_elapsed":609351,"internal_node_id":"0.0-9.0-0.8"},{"rt":19362,"url":"../static/nodeGraphs.html","edge":"0to3","edgeRT":"18584","flipped":"TRUE","correct_edge":"0to3","index":"20","edgeClickLog":"[{\"edgeSelection\":\"0to3\",\"edgeRTMS\":18584}]","seed":" 21745736","task":"experiment","subjectId":"cq99oo4yxayzf49","trial_type":"external-html","trial_index":17,"time_elapsed":629313,"internal_node_id":"0.0-9.0-0.9"},{"rt":6734,"url":"../static/nodeGraphs.html","edge":"0to2","edgeRT":"4041","flipped":"FALSE","correct_edge":"3to5","index":"18","edgeClickLog":"[{\"edgeSelection\":\"0to2\",\"edgeRTMS\":4041}]","seed":" 22181670","task":"experiment","subjectId":"cq99oo4yxayzf49","trial_type":"external-html","trial_index":18,"time_elapsed":636639,"internal_node_id":"0.0-9.0-0.10"},{"rt":8328,"url":"../static/nodeGraphs.html","edge":"0to1","edgeRT":"6958","flipped":"FALSE","correct_edge":"0to2","index":"14","edgeClickLog":"[{\"edgeSelection\":\"0to1\",\"edgeRTMS\":5372},{\"edgeSelection\":\"0to1\",\"edgeRTMS\":6958}]","seed":" 21083760","task":"experiment","subjectId":"cq99oo4yxayzf49","trial_type":"external-html","trial_index":19,"time_elapsed":645556,"internal_node_id":"0.0-9.0-0.11"},{"rt":11976,"url":"../static/nodeGraphs.html","edge":"2to4","edgeRT":"9673","flipped":"FALSE","correct_edge":"0to2","index":"8","edgeClickLog":"[{\"edgeSelection\":\"2to4\",\"edgeRTMS\":9673}]","seed":" 8396978","task":"experiment","subjectId":"cq99oo4yxayzf49","trial_type":"external-html","trial_index":20,"time_elapsed":658123,"internal_node_id":"0.0-9.0-0.12"},{"rt":8102,"url":"../static/nodeGraphs.html","edge":"6to8","edgeRT":"4912","flipped":"TRUE","correct_edge":"6to8","index":"21","edgeClickLog":"[{\"edgeSelection\":\"6to8\",\"edgeRTMS\":4912}]","seed":" 32816305","task":"experiment","subjectId":"cq99oo4yxayzf49","trial_type":"external-html","trial_index":21,"time_elapsed":666817,"internal_node_id":"0.0-9.0-0.13"},{"rt":16538,"url":"../static/nodeGraphs.html","edge":"2to4","edgeRT":"15546","flipped":"FALSE","correct_edge":"2to4","index":"4","edgeClickLog":"[{\"edgeSelection\":\"2to4\",\"edgeRTMS\":15546}]","seed":" 36501291","task":"experiment","subjectId":"cq99oo4yxayzf49","trial_type":"external-html","trial_index":22,"time_elapsed":683939,"internal_node_id":"0.0-9.0-0.14"},{"rt":5240,"url":"../static/nodeGraphs.html","edge":"0to1","edgeRT":"3927","flipped":"FALSE","correct_edge":"0to1","index":"0","edgeClickLog":"[{\"edgeSelection\":\"0to1\",\"edgeRTMS\":3927}]","seed":" 21745736","task":"experiment","subjectId":"cq99oo4yxayzf49","trial_type":"external-html","trial_index":23,"time_elapsed":689771,"internal_node_id":"0.0-9.0-0.15"},{"rt":8445,"url":"../static/nodeGraphs.html","edge":"2to6","edgeRT":"7642","flipped":"TRUE","correct_edge":"0to2","index":"34","edgeClickLog":"[{\"edgeSelection\":\"2to6\",\"edgeRTMS\":7642}]","seed":" 21083760","task":"experiment","subjectId":"cq99oo4yxayzf49","trial_type":"external-html","trial_index":24,"time_elapsed":698809,"internal_node_id":"0.0-9.0-0.16"},{"rt":8696,"url":"../static/nodeGraphs.html","edge":"2to4","edgeRT":"7458","flipped":"FALSE","correct_edge":"2to4","index":"5","edgeClickLog":"[{\"edgeSelection\":\"2to4\",\"edgeRTMS\":7458}]","seed":" 10409262","task":"experiment","subjectId":"cq99oo4yxayzf49","trial_type":"external-html","trial_index":25,"time_elapsed":708095,"internal_node_id":"0.0-9.0-0.17"},{"rt":8571,"url":"../static/nodeGraphs.html","edge":"4to8","edgeRT":"6799","flipped":"FALSE","correct_edge":"1to4","index":"2","edgeClickLog":"[{\"edgeSelection\":\"4to8\",\"edgeRTMS\":6799}]","seed":" 22809663","task":"experiment","subjectId":"cq99oo4yxayzf49","trial_type":"external-html","trial_index":26,"time_elapsed":717272,"internal_node_id":"0.0-9.0-0.18"},{"rt":27441,"url":"../static/nodeGraphs.html","edge":"2to6","edgeRT":"25425","flipped":"FALSE","correct_edge":"0to2","index":"13","edgeClickLog":"[{\"edgeSelection\":\"2to6\",\"edgeRTMS\":25425}]","seed":" 49587019","task":"experiment","subjectId":"cq99oo4yxayzf49","trial_type":"external-html","trial_index":27,"time_elapsed":745305,"internal_node_id":"0.0-9.0-0.19"},{"rt":8240,"url":"../static/nodeGraphs.html","edge":"0to3","edgeRT":"7139","flipped":"FALSE","correct_edge":"2to6","index":"15","edgeClickLog":"[{\"edgeSelection\":\"0to3\",\"edgeRTMS\":7139}]","seed":" 53220770","task":"experiment","subjectId":"cq99oo4yxayzf49","trial_type":"external-html","trial_index":28,"time_elapsed":754137,"internal_node_id":"0.0-9.0-0.20"},{"rt":10218,"url":"../static/nodeGraphs.html","edge":"6to8","edgeRT":"9007","flipped":"FALSE","correct_edge":"0to3","index":"9","edgeClickLog":"[{\"edgeSelection\":\"6to8\",\"edgeRTMS\":9007}]","seed":" 61187187","task":"experiment","subjectId":"cq99oo4yxayzf49","trial_type":"external-html","trial_index":29,"time_elapsed":764944,"internal_node_id":"0.0-9.0-0.21"},{"rt":20764,"url":"../static/nodeGraphs.html","edge":"2to5","edgeRT":"17617","flipped":"FALSE","correct_edge":"0to2","index":"7","edgeClickLog":"[{\"edgeSelection\":\"2to5\",\"edgeRTMS\":17617}]","seed":" 85614324","task":"experiment","subjectId":"cq99oo4yxayzf49","trial_type":"external-html","trial_index":30,"time_elapsed":786301,"internal_node_id":"0.0-9.0-0.22"},{"rt":11878,"url":"../static/nodeGraphs.html","edge":"1to5","edgeRT":"10394","flipped":"TRUE","correct_edge":"6to9","index":"26","edgeClickLog":"[{\"edgeSelection\":\"1to5\",\"edgeRTMS\":10394}]","seed":" 13523788","task":"experiment","subjectId":"cq99oo4yxayzf49","trial_type":"external-html","trial_index":31,"time_elapsed":798775,"internal_node_id":"0.0-9.0-0.23"},{"rt":9736,"url":"../static/nodeGraphs.html","edge":"1to4","edgeRT":"8733","flipped":"TRUE","correct_edge":"0to1","index":"29","edgeClickLog":"[{\"edgeSelection\":\"1to4\",\"edgeRTMS\":8733}]","seed":" 61187187","task":"experiment","subjectId":"cq99oo4yxayzf49","trial_type":"external-html","trial_index":32,"time_elapsed":809093,"internal_node_id":"0.0-9.0-0.24"},{"rt":11303,"url":"../static/nodeGraphs.html","edge":"6to9","edgeRT":"10034","flipped":"FALSE","correct_edge":"0to3","index":"12","edgeClickLog":"[{\"edgeSelection\":\"6to9\",\"edgeRTMS\":10034}]","seed":" 36895371","task":"experiment","subjectId":"cq99oo4yxayzf49","trial_type":"external-html","trial_index":33,"time_elapsed":820985,"internal_node_id":"0.0-9.0-0.25"},{"rt":9416,"url":"../static/nodeGraphs.html","edge":"4to7","edgeRT":"6189","flipped":"TRUE","correct_edge":"0to1","index":"32","edgeClickLog":"[{\"edgeSelection\":\"4to7\",\"edgeRTMS\":6189}]","seed":" 36895371","task":"experiment","subjectId":"cq99oo4yxayzf49","trial_type":"external-html","trial_index":34,"time_elapsed":830985,"internal_node_id":"0.0-9.0-0.26"},{"rt":15405,"url":"../static/nodeGraphs.html","edge":"2to6","edgeRT":"13924","flipped":"TRUE","correct_edge":"0to2","index":"28","edgeClickLog":"[{\"edgeSelection\":\"2to6\",\"edgeRTMS\":13924}]","seed":" 8396978","task":"experiment","subjectId":"cq99oo4yxayzf49","trial_type":"external-html","trial_index":35,"time_elapsed":846981,"internal_node_id":"0.0-9.0-0.27"},{"rt":3425,"url":"../static/nodeGraphs.html","edge":"2to4","edgeRT":"2242","flipped":"FALSE","correct_edge":"0to2","index":"11","edgeClickLog":"[{\"edgeSelection\":\"2to4\",\"edgeRTMS\":2242}]","seed":" 63833578","task":"experiment","subjectId":"cq99oo4yxayzf49","trial_type":"external-html","trial_index":36,"time_elapsed":850995,"internal_node_id":"0.0-9.0-0.28"},{"rt":5249,"url":"../static/nodeGraphs.html","edge":"1to5","edgeRT":"4325","flipped":"FALSE","correct_edge":"5to9","index":"16","edgeClickLog":"[{\"edgeSelection\":\"1to5\",\"edgeRTMS\":4325}]","seed":" 5655743","task":"experiment","subjectId":"cq99oo4yxayzf49","trial_type":"external-html","trial_index":37,"time_elapsed":856833,"internal_node_id":"0.0-9.0-0.29"},{"rt":6215,"url":"../static/nodeGraphs.html","edge":"3to5","edgeRT":"3274","flipped":"FALSE","correct_edge":"4to7","index":"6","edgeClickLog":"[{\"edgeSelection\":\"3to5\",\"edgeRTMS\":3274}]","seed":" 13523788","task":"experiment","subjectId":"cq99oo4yxayzf49","trial_type":"external-html","trial_index":38,"time_elapsed":863636,"internal_node_id":"0.0-9.0-0.30"},{"rt":3420,"url":"../static/nodeGraphs.html","edge":"2to6","edgeRT":"2476","flipped":"TRUE","correct_edge":"2to6","index":"24","edgeClickLog":"[{\"edgeSelection\":\"2to6\",\"edgeRTMS\":2476}]","seed":" 36501291","task":"experiment","subjectId":"cq99oo4yxayzf49","trial_type":"external-html","trial_index":39,"time_elapsed":867646,"internal_node_id":"0.0-9.0-0.31"},{"rt":5238,"url":"../static/nodeGraphs.html","edge":"2to6","edgeRT":"2750","flipped":"TRUE","correct_edge":"2to6","index":"25","edgeClickLog":"[{\"edgeSelection\":\"2to6\",\"edgeRTMS\":2750}]","seed":" 10409262","task":"experiment","subjectId":"cq99oo4yxayzf49","trial_type":"external-html","trial_index":40,"time_elapsed":873474,"internal_node_id":"0.0-9.0-0.32"},{"rt":2377,"url":"../static/nodeGraphs.html","edge":"2to6","edgeRT":"1554","flipped":"TRUE","correct_edge":"0to2","index":"31","edgeClickLog":"[{\"edgeSelection\":\"2to6\",\"edgeRTMS\":1554}]","seed":" 63833578","task":"experiment","subjectId":"cq99oo4yxayzf49","trial_type":"external-html","trial_index":41,"time_elapsed":876435,"internal_node_id":"0.0-9.0-0.33"},{"rt":6959,"url":"../static/nodeGraphs.html","edge":"4to7","edgeRT":"5151","flipped":"TRUE","correct_edge":"0to2","index":"33","edgeClickLog":"[{\"edgeSelection\":\"4to7\",\"edgeRTMS\":5151}]","seed":" 49587019","task":"experiment","subjectId":"cq99oo4yxayzf49","trial_type":"external-html","trial_index":42,"time_elapsed":883985,"internal_node_id":"0.0-9.0-0.34"},{"rt":6768,"url":"../static/nodeGraphs.html","edge":"5to8","edgeRT":"3709","flipped":"FALSE","correct_edge":"5to8","index":"3","edgeClickLog":"[{\"edgeSelection\":\"5to8\",\"edgeRTMS\":3709}]","seed":" 46003743","task":"experiment","subjectId":"cq99oo4yxayzf49","trial_type":"external-html","trial_index":43,"time_elapsed":891345,"internal_node_id":"0.0-9.0-0.35"},{"rt":13074,"url":"../static/nodeGraphs.html","edge":"3to6","edgeRT":"12132","flipped":"TRUE","correct_edge":"0to3","index":"39","edgeClickLog":"[{\"edgeSelection\":\"3to6\",\"edgeRTMS\":12132}]","seed":" 37422119","task":"experiment","subjectId":"cq99oo4yxayzf49","trial_type":"external-html","trial_index":44,"time_elapsed":905010,"internal_node_id":"0.0-9.0-0.36"},{"rt":7055,"url":"../static/nodeGraphs.html","edge":"2to5","edgeRT":"3733","flipped":"TRUE","correct_edge":"1to5","index":"38","edgeClickLog":"[{\"edgeSelection\":\"2to5\",\"edgeRTMS\":3733}]","seed":" 22181670","task":"experiment","subjectId":"cq99oo4yxayzf49","trial_type":"external-html","trial_index":45,"time_elapsed":912657,"internal_node_id":"0.0-9.0-0.37"},{"rt":11110,"url":"../static/nodeGraphs.html","edge":"1to4","edgeRT":"9802","flipped":"FALSE","correct_edge":"0to1","index":"19","edgeClickLog":"[{\"edgeSelection\":\"1to4\",\"edgeRTMS\":9802}]","seed":" 37422119","task":"experiment","subjectId":"cq99oo4yxayzf49","trial_type":"external-html","trial_index":46,"time_elapsed":924349,"internal_node_id":"0.0-9.0-0.38"},{"rt":5997,"url":"../static/nodeGraphs.html","edge":"3to5","edgeRT":"4080","flipped":"TRUE","correct_edge":"5to7","index":"36","edgeClickLog":"[{\"edgeSelection\":\"3to5\",\"edgeRTMS\":4080}]","seed":" 5655743","task":"experiment","subjectId":"cq99oo4yxayzf49","trial_type":"external-html","trial_index":47,"time_elapsed":930931,"internal_node_id":"0.0-9.0-0.39"},{"rt":36038,"response":{"P0_Q0":null,"P0_Q1":2,"P0_Q2":7,"P0_Q3":7,"P0_Q4":1,"P0_Q5":1,"strategies":"Picked the highest scoring path","feedback":""},"accuracy":[],"trial_type":"survey","trial_index":48,"time_elapsed":967520,"internal_node_id":"0.0-10.0"},{"rt":2151,"stimulus":"<p>Thanks for your time!</p>        <p>We need to manually calculate your bonus pay, please give us up to 7 days.</p><p>Press any key to conclude.</p>","response":"arrowup","task":"end","subjectId":"cq99oo4yxayzf49","trial_type":"html-keyboard-response","trial_index":49,"time_elapsed":969672,"internal_node_id":"0.0-11.0","interactions":"[{\"event\":\"fullscreenenter\",\"trial\":1,\"time\":2457},{\"event\":\"blur\",\"trial\":5,\"time\":273880},{\"event\":\"focus\",\"trial\":5,\"time\":427349},{\"event\":\"blur\",\"trial\":14,\"time\":576852},{\"event\":\"focus\",\"trial\":14,\"time\":576852}]"}]