[{"success":true,"timeout":false,"failed_images":[],"failed_audio":[],"failed_video":[],"trial_type":"preload","trial_index":0,"time_elapsed":672,"internal_node_id":"0.0-0.0"},{"success":true,"trial_type":"fullscreen","trial_index":1,"time_elapsed":6044,"internal_node_id":"0.0-1.0"},{"rt":1816,"stimulus":"Welcome to the experiment. Press any key to begin.","response":"enter","trial_type":"html-keyboard-response","trial_index":2,"time_elapsed":7863,"internal_node_id":"0.0-2.0"},{"view_history":[{"page_index":0,"viewing_time":3969},{"page_index":1,"viewing_time":3538},{"page_index":2,"viewing_time":26033},{"page_index":3,"viewing_time":1424},{"page_index":4,"viewing_time":1704},{"page_index":5,"viewing_time":635},{"page_index":6,"viewing_time":2343},{"page_index":7,"viewing_time":14705},{"page_index":8,"viewing_time":24128},{"page_index":9,"viewing_time":5783},{"page_index":10,"viewing_time":921},{"page_index":11,"viewing_time":399},{"page_index":12,"viewing_time":204},{"page_index":13,"viewing_time":983},{"page_index":14,"viewing_time":1496},{"page_index":15,"viewing_time":2056},{"page_index":16,"viewing_time":733},{"page_index":17,"viewing_time":293},{"page_index":18,"viewing_time":345},{"page_index":19,"viewing_time":3120},{"page_index":20,"viewing_time":2969},{"page_index":21,"viewing_time":3361}],"rt":101142,"trial_type":"instructions","trial_index":3,"time_elapsed":109005,"internal_node_id":"0.0-3.0"},{"rt":74634,"url":"../static/nodeGraphsTraining.html","edgeClickLog":[],"trial_type":"external-html","trial_index":4,"time_elapsed":183826,"internal_node_id":"0.0-4.0"},{"rt":22901,"response":{"q1":"The goal is to help the student to get the most points","q2":"False","q3":"Possible paths the student can take.","q4":"Paths that the student took before."},"question_order":[0,1,2,3],"trial_type":"survey-multi-choice","trial_index":5,"time_elapsed":206730,"internal_node_id":"0.0-5.0"},{"rt":3498,"stimulus":"<p>You can take a 60 second break before starting the experiment.</p><br><br><p>This page will advance in 60 seconds or you can press any key to advance now.</p>","response":"arrowright","trial_type":"html-keyboard-response","trial_index":6,"time_elapsed":210232,"internal_node_id":"0.0-7.0"},{"view_history":[{"page_index":0,"viewing_time":11508}],"rt":11508,"trial_type":"instructions","trial_index":7,"time_elapsed":221742,"internal_node_id":"0.0-8.0"},{"rt":18906,"url":"../static/nodeGraphs.html","edge":"0to1","edgeRT":"9995","flipped":"TRUE","correct_edge":"2to4","index":"35","edgeClickLog":"[{\"edgeSelection\":\"0to1\",\"edgeRTMS\":9995}]","seed":" 53220770","task":"experiment","subjectId":"t92v9cs8bkmvr68","trial_type":"external-html","trial_index":8,"time_elapsed":240776,"internal_node_id":"0.0-9.0-0.0"},{"rt":20216,"url":"../static/nodeGraphs.html","edge":"0to1","edgeRT":"17248","flipped":"FALSE","correct_edge":"0to1","index":"0","edgeClickLog":"[{\"edgeSelection\":\"0to1\",\"edgeRTMS\":17248}]","seed":" 21745736","task":"experiment","subjectId":"t92v9cs8bkmvr68","trial_type":"external-html","trial_index":9,"time_elapsed":261610,"internal_node_id":"0.0-9.0-0.1"},{"rt":18686,"url":"../static/nodeGraphs.html","edge":"0to1","edgeRT":"11532","flipped":"FALSE","correct_edge":"0to1","index":"19","edgeClickLog":"[{\"edgeSelection\":\"0to1\",\"edgeRTMS\":11532}]","seed":" 37422119","task":"experiment","subjectId":"t92v9cs8bkmvr68","trial_type":"external-html","trial_index":10,"time_elapsed":280926,"internal_node_id":"0.0-9.0-0.2"},{"rt":17032,"url":"../static/nodeGraphs.html","edge":"0to3","edgeRT":"13448","flipped":"TRUE","correct_edge":"0to2","index":"30","edgeClickLog":"[{\"edgeSelection\":\"0to3\",\"edgeRTMS\":8363},{\"edgeSelection\":\"3to6\",\"edgeRTMS\":11127},{\"edgeSelection\":\"3to6\",\"edgeRTMS\":12529},{\"edgeSelection\":\"0to3\",\"edgeRTMS\":13448}]","seed":" 39688702","task":"experiment","subjectId":"t92v9cs8bkmvr68","trial_type":"external-html","trial_index":11,"time_elapsed":298577,"internal_node_id":"0.0-9.0-0.3"},{"rt":16205,"url":"../static/nodeGraphs.html","edge":"0to1","edgeRT":"4004","flipped":"TRUE","correct_edge":"0to1","index":"32","edgeClickLog":"[{\"edgeSelection\":\"0to1\",\"edgeRTMS\":4004}]","seed":" 36895371","task":"experiment","subjectId":"t92v9cs8bkmvr68","trial_type":"external-html","trial_index":12,"time_elapsed":315410,"internal_node_id":"0.0-9.0-0.4"},{"rt":6007,"url":"../static/nodeGraphs.html","edge":"0to2","edgeRT":"3824","flipped":"TRUE","correct_edge":"0to2","index":"28","edgeClickLog":"[{\"edgeSelection\":\"0to2\",\"edgeRTMS\":3824}]","seed":" 8396978","task":"experiment","subjectId":"t92v9cs8bkmvr68","trial_type":"external-html","trial_index":13,"time_elapsed":322042,"internal_node_id":"0.0-9.0-0.5"},{"rt":8380,"url":"../static/nodeGraphs.html","edge":"3to6","edgeRT":"6546","flipped":"TRUE","correct_edge":"3to6","index":"22","edgeClickLog":"[{\"edgeSelection\":\"3to6\",\"edgeRTMS\":6546}]","seed":" 22809663","task":"experiment","subjectId":"t92v9cs8bkmvr68","trial_type":"external-html","trial_index":14,"time_elapsed":331043,"internal_node_id":"0.0-9.0-0.6"},{"rt":6932,"url":"../static/nodeGraphs.html","edge":"0to2","edgeRT":"4248","flipped":"FALSE","correct_edge":"0to2","index":"8","edgeClickLog":"[{\"edgeSelection\":\"0to2\",\"edgeRTMS\":3496},{\"edgeSelection\":\"0to2\",\"edgeRTMS\":4248}]","seed":" 8396978","task":"experiment","subjectId":"t92v9cs8bkmvr68","trial_type":"external-html","trial_index":15,"time_elapsed":338611,"internal_node_id":"0.0-9.0-0.7"},{"rt":19127,"url":"../static/nodeGraphs.html","edge":"0to3","edgeRT":"10658","flipped":"TRUE","correct_edge":"0to2","index":"34","edgeClickLog":"[{\"edgeSelection\":\"0to3\",\"edgeRTMS\":10658}]","seed":" 21083760","task":"experiment","subjectId":"t92v9cs8bkmvr68","trial_type":"external-html","trial_index":16,"time_elapsed":358362,"internal_node_id":"0.0-9.0-0.8"},{"rt":24500,"url":"../static/nodeGraphs.html","edge":"0to3","edgeRT":"21562","flipped":"FALSE","correct_edge":"0to3","index":"9","edgeClickLog":"[{\"edgeSelection\":\"0to3\",\"edgeRTMS\":21562}]","seed":" 61187187","task":"experiment","subjectId":"t92v9cs8bkmvr68","trial_type":"external-html","trial_index":17,"time_elapsed":383492,"internal_node_id":"0.0-9.0-0.9"},{"rt":19228,"url":"../static/nodeGraphs.html","edge":"2to4","edgeRT":"9275","flipped":"FALSE","correct_edge":"2to4","index":"4","edgeClickLog":"[{\"edgeSelection\":\"2to4\",\"edgeRTMS\":9275}]","seed":" 36501291","task":"experiment","subjectId":"t92v9cs8bkmvr68","trial_type":"external-html","trial_index":18,"time_elapsed":403360,"internal_node_id":"0.0-9.0-0.10"},{"rt":11184,"url":"../static/nodeGraphs.html","edge":"0to1","edgeRT":"6636","flipped":"TRUE","correct_edge":"0to1","index":"29","edgeClickLog":"[{\"edgeSelection\":\"0to1\",\"edgeRTMS\":6636}]","seed":" 61187187","task":"experiment","subjectId":"t92v9cs8bkmvr68","trial_type":"external-html","trial_index":19,"time_elapsed":415159,"internal_node_id":"0.0-9.0-0.11"},{"rt":15339,"url":"../static/nodeGraphs.html","edge":"2to6","edgeRT":"11073","flipped":"TRUE","correct_edge":"2to6","index":"24","edgeClickLog":"[{\"edgeSelection\":\"2to6\",\"edgeRTMS\":11073}]","seed":" 36501291","task":"experiment","subjectId":"t92v9cs8bkmvr68","trial_type":"external-html","trial_index":20,"time_elapsed":431127,"internal_node_id":"0.0-9.0-0.12"},{"rt":4456,"url":"../static/nodeGraphs.html","edge":"0to2","edgeRT":"1571","flipped":"TRUE","correct_edge":"1to5","index":"38","edgeClickLog":"[{\"edgeSelection\":\"0to2\",\"edgeRTMS\":1571}]","seed":" 22181670","task":"experiment","subjectId":"t92v9cs8bkmvr68","trial_type":"external-html","trial_index":21,"time_elapsed":436209,"internal_node_id":"0.0-9.0-0.13"},{"rt":27576,"url":"../static/nodeGraphs.html","edge":"0to3","edgeRT":"5696","flipped":"FALSE","correct_edge":"4to7","index":"6","edgeClickLog":"[{\"edgeSelection\":\"0to3\",\"edgeRTMS\":5696}]","seed":" 13523788","task":"experiment","subjectId":"t92v9cs8bkmvr68","trial_type":"external-html","trial_index":22,"time_elapsed":464410,"internal_node_id":"0.0-9.0-0.14"},{"rt":8998,"url":"../static/nodeGraphs.html","edge":"0to2","edgeRT":"3262","flipped":"FALSE","correct_edge":"0to2","index":"13","edgeClickLog":"[{\"edgeSelection\":\"0to2\",\"edgeRTMS\":3262}]","seed":" 49587019","task":"experiment","subjectId":"t92v9cs8bkmvr68","trial_type":"external-html","trial_index":23,"time_elapsed":474043,"internal_node_id":"0.0-9.0-0.15"},{"rt":10249,"url":"../static/nodeGraphs.html","edge":"0to1","edgeRT":"4013","flipped":"FALSE","correct_edge":"5to9","index":"16","edgeClickLog":"[{\"edgeSelection\":\"0to1\",\"edgeRTMS\":4013}]","seed":" 5655743","task":"experiment","subjectId":"t92v9cs8bkmvr68","trial_type":"external-html","trial_index":24,"time_elapsed":484900,"internal_node_id":"0.0-9.0-0.16"},{"rt":4003,"url":"../static/nodeGraphs.html","edge":"0to2","edgeRT":"2122","flipped":"TRUE","correct_edge":"0to2","index":"37","edgeClickLog":"[{\"edgeSelection\":\"0to2\",\"edgeRTMS\":2122}]","seed":" 21211189","task":"experiment","subjectId":"t92v9cs8bkmvr68","trial_type":"external-html","trial_index":25,"time_elapsed":489529,"internal_node_id":"0.0-9.0-0.17"},{"rt":15580,"url":"../static/nodeGraphs.html","edge":"5to8","edgeRT":"13410","flipped":"TRUE","correct_edge":"5to8","index":"23","edgeClickLog":"[{\"edgeSelection\":\"5to8\",\"edgeRTMS\":13410}]","seed":" 46003743","task":"experiment","subjectId":"t92v9cs8bkmvr68","trial_type":"external-html","trial_index":26,"time_elapsed":505722,"internal_node_id":"0.0-9.0-0.18"},{"rt":15826,"url":"../static/nodeGraphs.html","edge":"0to1","edgeRT":"9910","flipped":"FALSE","correct_edge":"0to2","index":"10","edgeClickLog":"[{\"edgeSelection\":\"0to1\",\"edgeRTMS\":9910}]","seed":" 39688702","task":"experiment","subjectId":"t92v9cs8bkmvr68","trial_type":"external-html","trial_index":27,"time_elapsed":522169,"internal_node_id":"0.0-9.0-0.19"},{"rt":2926,"url":"../static/nodeGraphs.html","edge":"0to2","edgeRT":"1576","flipped":"FALSE","correct_edge":"3to5","index":"18","edgeClickLog":"[{\"edgeSelection\":\"0to2\",\"edgeRTMS\":1576}]","seed":" 22181670","task":"experiment","subjectId":"t92v9cs8bkmvr68","trial_type":"external-html","trial_index":28,"time_elapsed":525722,"internal_node_id":"0.0-9.0-0.20"},{"rt":5587,"url":"../static/nodeGraphs.html","edge":"0to3","edgeRT":"2840","flipped":"TRUE","correct_edge":"0to3","index":"39","edgeClickLog":"[{\"edgeSelection\":\"0to3\",\"edgeRTMS\":2840}]","seed":" 37422119","task":"experiment","subjectId":"t92v9cs8bkmvr68","trial_type":"external-html","trial_index":29,"time_elapsed":531936,"internal_node_id":"0.0-9.0-0.21"},{"rt":27184,"url":"../static/nodeGraphs.html","edge":"6to8","edgeRT":"24321","flipped":"TRUE","correct_edge":"6to8","index":"21","edgeClickLog":"[{\"edgeSelection\":\"0to1\",\"edgeRTMS\":6152},{\"edgeSelection\":\"6to8\",\"edgeRTMS\":24321}]","seed":" 32816305","task":"experiment","subjectId":"t92v9cs8bkmvr68","trial_type":"external-html","trial_index":30,"time_elapsed":559738,"internal_node_id":"0.0-9.0-0.22"},{"rt":11442,"url":"../static/nodeGraphs.html","edge":"0to1","edgeRT":"4455","flipped":"TRUE","correct_edge":"6to9","index":"26","edgeClickLog":"[{\"edgeSelection\":\"0to1\",\"edgeRTMS\":4455}]","seed":" 13523788","task":"experiment","subjectId":"t92v9cs8bkmvr68","trial_type":"external-html","trial_index":31,"time_elapsed":571802,"internal_node_id":"0.0-9.0-0.23"},{"rt":6429,"url":"../static/nodeGraphs.html","edge":"2to6","edgeRT":"4847","flipped":"TRUE","correct_edge":"2to6","index":"25","edgeClickLog":"[{\"edgeSelection\":\"2to6\",\"edgeRTMS\":4847}]","seed":" 10409262","task":"experiment","subjectId":"t92v9cs8bkmvr68","trial_type":"external-html","trial_index":32,"time_elapsed":578853,"internal_node_id":"0.0-9.0-0.24"},{"rt":22960,"url":"../static/nodeGraphs.html","edge":"0to1","edgeRT":"14742","flipped":"FALSE","correct_edge":"0to2","index":"14","edgeClickLog":"[{\"edgeSelection\":\"0to1\",\"edgeRTMS\":14742}]","seed":" 21083760","task":"experiment","subjectId":"t92v9cs8bkmvr68","trial_type":"external-html","trial_index":33,"time_elapsed":602437,"internal_node_id":"0.0-9.0-0.25"},{"rt":16482,"url":"../static/nodeGraphs.html","edge":"1to5","edgeRT":"9483","flipped":"TRUE","correct_edge":"5to7","index":"36","edgeClickLog":"[{\"edgeSelection\":\"1to5\",\"edgeRTMS\":9483}]","seed":" 5655743","task":"experiment","subjectId":"t92v9cs8bkmvr68","trial_type":"external-html","trial_index":34,"time_elapsed":619536,"internal_node_id":"0.0-9.0-0.26"},{"rt":3049,"url":"../static/nodeGraphs.html","edge":"0to2","edgeRT":"1603","flipped":"FALSE","correct_edge":"0to2","index":"17","edgeClickLog":"[{\"edgeSelection\":\"0to2\",\"edgeRTMS\":1603}]","seed":" 21211189","task":"experiment","subjectId":"t92v9cs8bkmvr68","trial_type":"external-html","trial_index":35,"time_elapsed":623218,"internal_node_id":"0.0-9.0-0.27"},{"rt":8999,"url":"../static/nodeGraphs.html","edge":"0to2","edgeRT":"7088","flipped":"FALSE","correct_edge":"0to2","index":"7","edgeClickLog":"[{\"edgeSelection\":\"0to1\",\"edgeRTMS\":3186},{\"edgeSelection\":\"0to2\",\"edgeRTMS\":7088}]","seed":" 85614324","task":"experiment","subjectId":"t92v9cs8bkmvr68","trial_type":"external-html","trial_index":36,"time_elapsed":632835,"internal_node_id":"0.0-9.0-0.28"},{"rt":8907,"url":"../static/nodeGraphs.html","edge":"0to2","edgeRT":"3050","flipped":"TRUE","correct_edge":"0to2","index":"31","edgeClickLog":"[{\"edgeSelection\":\"0to2\",\"edgeRTMS\":3050}]","seed":" 63833578","task":"experiment","subjectId":"t92v9cs8bkmvr68","trial_type":"external-html","trial_index":37,"time_elapsed":642370,"internal_node_id":"0.0-9.0-0.29"},{"rt":5431,"url":"../static/nodeGraphs.html","edge":"0to2","edgeRT":"3315","flipped":"TRUE","correct_edge":"0to2","index":"27","edgeClickLog":"[{\"edgeSelection\":\"0to2\",\"edgeRTMS\":3315}]","seed":" 85614324","task":"experiment","subjectId":"t92v9cs8bkmvr68","trial_type":"external-html","trial_index":38,"time_elapsed":648419,"internal_node_id":"0.0-9.0-0.30"},{"rt":6757,"url":"../static/nodeGraphs.html","edge":"0to2","edgeRT":"3462","flipped":"FALSE","correct_edge":"0to2","index":"11","edgeClickLog":"[{\"edgeSelection\":\"0to2\",\"edgeRTMS\":3462}]","seed":" 63833578","task":"experiment","subjectId":"t92v9cs8bkmvr68","trial_type":"external-html","trial_index":39,"time_elapsed":655801,"internal_node_id":"0.0-9.0-0.31"},{"rt":19097,"url":"../static/nodeGraphs.html","edge":"4to8","edgeRT":"16084","flipped":"FALSE","correct_edge":"4to8","index":"1","edgeClickLog":"[{\"edgeSelection\":\"0to1\",\"edgeRTMS\":13247},{\"edgeSelection\":\"4to8\",\"edgeRTMS\":16084}]","seed":" 32816305","task":"experiment","subjectId":"t92v9cs8bkmvr68","trial_type":"external-html","trial_index":40,"time_elapsed":675518,"internal_node_id":"0.0-9.0-0.32"},{"rt":9436,"url":"../static/nodeGraphs.html","edge":"0to3","edgeRT":"6955","flipped":"TRUE","correct_edge":"0to3","index":"20","edgeClickLog":"[{\"edgeSelection\":\"0to3\",\"edgeRTMS\":6955}]","seed":" 21745736","task":"experiment","subjectId":"t92v9cs8bkmvr68","trial_type":"external-html","trial_index":41,"time_elapsed":685602,"internal_node_id":"0.0-9.0-0.33"},{"rt":7102,"url":"../static/nodeGraphs.html","edge":"5to8","edgeRT":"4888","flipped":"FALSE","correct_edge":"5to8","index":"3","edgeClickLog":"[{\"edgeSelection\":\"5to8\",\"edgeRTMS\":4888}]","seed":" 46003743","task":"experiment","subjectId":"t92v9cs8bkmvr68","trial_type":"external-html","trial_index":42,"time_elapsed":693335,"internal_node_id":"0.0-9.0-0.34"},{"rt":10552,"url":"../static/nodeGraphs.html","edge":"0to2","edgeRT":"6086","flipped":"TRUE","correct_edge":"0to2","index":"33","edgeClickLog":"[{\"edgeSelection\":\"0to2\",\"edgeRTMS\":6086}]","seed":" 49587019","task":"experiment","subjectId":"t92v9cs8bkmvr68","trial_type":"external-html","trial_index":43,"time_elapsed":704519,"internal_node_id":"0.0-9.0-0.35"},{"rt":5127,"url":"../static/nodeGraphs.html","edge":"2to4","edgeRT":"3211","flipped":"FALSE","correct_edge":"2to4","index":"5","edgeClickLog":"[{\"edgeSelection\":\"2to4\",\"edgeRTMS\":3211}]","seed":" 10409262","task":"experiment","subjectId":"t92v9cs8bkmvr68","trial_type":"external-html","trial_index":44,"time_elapsed":710269,"internal_node_id":"0.0-9.0-0.36"},{"rt":11997,"url":"../static/nodeGraphs.html","edge":"0to3","edgeRT":"8544","flipped":"FALSE","correct_edge":"0to3","index":"12","edgeClickLog":"[{\"edgeSelection\":\"0to3\",\"edgeRTMS\":5993},{\"edgeSelection\":\"0to3\",\"edgeRTMS\":6810},{\"edgeSelection\":\"0to3\",\"edgeRTMS\":8544}]","seed":" 36895371","task":"experiment","subjectId":"t92v9cs8bkmvr68","trial_type":"external-html","trial_index":45,"time_elapsed":722919,"internal_node_id":"0.0-9.0-0.37"},{"rt":6092,"url":"../static/nodeGraphs.html","edge":"1to4","edgeRT":"3992","flipped":"FALSE","correct_edge":"1to4","index":"2","edgeClickLog":"[{\"edgeSelection\":\"1to4\",\"edgeRTMS\":3992}]","seed":" 22809663","task":"experiment","subjectId":"t92v9cs8bkmvr68","trial_type":"external-html","trial_index":46,"time_elapsed":729653,"internal_node_id":"0.0-9.0-0.38"},{"rt":3464,"url":"../static/nodeGraphs.html","edge":"0to3","edgeRT":"1580","flipped":"FALSE","correct_edge":"2to6","index":"15","edgeClickLog":"[{\"edgeSelection\":\"0to3\",\"edgeRTMS\":1580}]","seed":" 53220770","task":"experiment","subjectId":"t92v9cs8bkmvr68","trial_type":"external-html","trial_index":47,"time_elapsed":733753,"internal_node_id":"0.0-9.0-0.39"},{"rt":59702,"response":{"P0_Q0":null,"P0_Q1":1,"P0_Q2":6,"P0_Q3":7,"P0_Q4":1,"P0_Q5":1,"strategies":"I mainly looked at the paths as three \"rows\" and chose what added up to the highest possible number","feedback":"N/A"},"accuracy":[],"trial_type":"survey","trial_index":48,"time_elapsed":794034,"internal_node_id":"0.0-10.0"},{"rt":3435,"stimulus":"<p>Thanks for your time!</p>        <p>We need to manually calculate your bonus pay, please give us up to 7 days.</p><p>Press any key to conclude.</p>","response":"enter","task":"end","subjectId":"t92v9cs8bkmvr68","trial_type":"html-keyboard-response","trial_index":49,"time_elapsed":797471,"internal_node_id":"0.0-11.0","interactions":"[{\"event\":\"fullscreenenter\",\"trial\":1,\"time\":5081}]"}]