[{"success":true,"timeout":false,"failed_images":[],"failed_audio":[],"failed_video":[],"trial_type":"preload","trial_index":0,"time_elapsed":1230,"internal_node_id":"0.0-0.0"},{"success":true,"trial_type":"fullscreen","trial_index":1,"time_elapsed":3953,"internal_node_id":"0.0-1.0"},{"rt":1493,"stimulus":"Welcome to the experiment. Press any key to begin.","response":" ","trial_type":"html-keyboard-response","trial_index":2,"time_elapsed":5448,"internal_node_id":"0.0-2.0"},{"view_history":[{"page_index":0,"viewing_time":4356},{"page_index":1,"viewing_time":3699},{"page_index":2,"viewing_time":26410},{"page_index":3,"viewing_time":2506},{"page_index":4,"viewing_time":3176},{"page_index":5,"viewing_time":733},{"page_index":6,"viewing_time":1171},{"page_index":7,"viewing_time":7928},{"page_index":8,"viewing_time":13552},{"page_index":9,"viewing_time":5684},{"page_index":10,"viewing_time":1061},{"page_index":11,"viewing_time":387},{"page_index":12,"viewing_time":398},{"page_index":13,"viewing_time":1098},{"page_index":14,"viewing_time":3544},{"page_index":15,"viewing_time":3305},{"page_index":16,"viewing_time":917},{"page_index":17,"viewing_time":497},{"page_index":18,"viewing_time":1638},{"page_index":19,"viewing_time":3967},{"page_index":20,"viewing_time":5573},{"page_index":21,"viewing_time":8209}],"rt":99808,"trial_type":"instructions","trial_index":3,"time_elapsed":105258,"internal_node_id":"0.0-3.0"},{"rt":62394,"url":"../static/nodeGraphsTraining.html","edgeClickLog":[],"trial_type":"external-html","trial_index":4,"time_elapsed":167900,"internal_node_id":"0.0-4.0"},{"rt":18918,"response":{"q1":"The goal is to help the student to get the most points","q2":"False","q3":"Possible paths the student can take.","q4":"Paths that the student took before."},"question_order":[0,1,2,3],"trial_type":"survey-multi-choice","trial_index":5,"time_elapsed":186823,"internal_node_id":"0.0-5.0"},{"rt":2191,"stimulus":"<p>You can take a 60 second break before starting the experiment.</p><br><br><p>This page will advance in 60 seconds or you can press any key to advance now.</p>","response":" ","trial_type":"html-keyboard-response","trial_index":6,"time_elapsed":189021,"internal_node_id":"0.0-7.0"},{"view_history":[{"page_index":0,"viewing_time":11255}],"rt":11255,"trial_type":"instructions","trial_index":7,"time_elapsed":200277,"internal_node_id":"0.0-8.0"},{"rt":7248,"url":"../static/nodeGraphs.html","edge":"0to1","edgeRT":"5732","flipped":"FALSE","correct_edge":"0to1","index":"0","edgeClickLog":"[{\"edgeSelection\":\"0to1\",\"edgeRTMS\":5732}]","seed":" 21745736","task":"experiment","subjectId":"vxsgna45w6xzr73","trial_type":"external-html","trial_index":8,"time_elapsed":207694,"internal_node_id":"0.0-9.0-0.0"},{"rt":16466,"url":"../static/nodeGraphs.html","edge":"0to1","edgeRT":"15280","flipped":"FALSE","correct_edge":"0to2","index":"10","edgeClickLog":"[{\"edgeSelection\":\"0to1\",\"edgeRTMS\":15280}]","seed":" 39688702","task":"experiment","subjectId":"vxsgna45w6xzr73","trial_type":"external-html","trial_index":9,"time_elapsed":224837,"internal_node_id":"0.0-9.0-0.1"},{"rt":8661,"url":"../static/nodeGraphs.html","edge":"1to5","edgeRT":"7621","flipped":"TRUE","correct_edge":"5to7","index":"36","edgeClickLog":"[{\"edgeSelection\":\"1to5\",\"edgeRTMS\":7621}]","seed":" 5655743","task":"experiment","subjectId":"vxsgna45w6xzr73","trial_type":"external-html","trial_index":10,"time_elapsed":234168,"internal_node_id":"0.0-9.0-0.2"},{"rt":6683,"url":"../static/nodeGraphs.html","edge":"0to2","edgeRT":"5538","flipped":"FALSE","correct_edge":"0to2","index":"11","edgeClickLog":"[{\"edgeSelection\":\"0to2\",\"edgeRTMS\":5538}]","seed":" 63833578","task":"experiment","subjectId":"vxsgna45w6xzr73","trial_type":"external-html","trial_index":11,"time_elapsed":241519,"internal_node_id":"0.0-9.0-0.3"},{"rt":15467,"url":"../static/nodeGraphs.html","edge":"2to4","edgeRT":"14106","flipped":"FALSE","correct_edge":"2to4","index":"4","edgeClickLog":"[{\"edgeSelection\":\"2to4\",\"edgeRTMS\":14106}]","seed":" 36501291","task":"experiment","subjectId":"vxsgna45w6xzr73","trial_type":"external-html","trial_index":12,"time_elapsed":257664,"internal_node_id":"0.0-9.0-0.4"},{"rt":5168,"url":"../static/nodeGraphs.html","edge":"2to6","edgeRT":"3850","flipped":"TRUE","correct_edge":"2to6","index":"24","edgeClickLog":"[{\"edgeSelection\":\"2to6\",\"edgeRTMS\":3850}]","seed":" 36501291","task":"experiment","subjectId":"vxsgna45w6xzr73","trial_type":"external-html","trial_index":13,"time_elapsed":263510,"internal_node_id":"0.0-9.0-0.5"},{"rt":4748,"url":"../static/nodeGraphs.html","edge":"0to2","edgeRT":"3743","flipped":"TRUE","correct_edge":"0to2","index":"28","edgeClickLog":"[{\"edgeSelection\":\"0to2\",\"edgeRTMS\":3743}]","seed":" 8396978","task":"experiment","subjectId":"vxsgna45w6xzr73","trial_type":"external-html","trial_index":14,"time_elapsed":268925,"internal_node_id":"0.0-9.0-0.6"},{"rt":3035,"url":"../static/nodeGraphs.html","edge":"0to2","edgeRT":"1807","flipped":"TRUE","correct_edge":"1to5","index":"38","edgeClickLog":"[{\"edgeSelection\":\"0to2\",\"edgeRTMS\":1807}]","seed":" 22181670","task":"experiment","subjectId":"vxsgna45w6xzr73","trial_type":"external-html","trial_index":15,"time_elapsed":272637,"internal_node_id":"0.0-9.0-0.7"},{"rt":3348,"url":"../static/nodeGraphs.html","edge":"1to4","edgeRT":"2097","flipped":"FALSE","correct_edge":"1to4","index":"2","edgeClickLog":"[{\"edgeSelection\":\"1to4\",\"edgeRTMS\":2097}]","seed":" 22809663","task":"experiment","subjectId":"vxsgna45w6xzr73","trial_type":"external-html","trial_index":16,"time_elapsed":276662,"internal_node_id":"0.0-9.0-0.8"},{"rt":5435,"url":"../static/nodeGraphs.html","edge":"0to3","edgeRT":"4320","flipped":"TRUE","correct_edge":"0to3","index":"20","edgeClickLog":"[{\"edgeSelection\":\"0to3\",\"edgeRTMS\":4320}]","seed":" 21745736","task":"experiment","subjectId":"vxsgna45w6xzr73","trial_type":"external-html","trial_index":17,"time_elapsed":282768,"internal_node_id":"0.0-9.0-0.9"},{"rt":3321,"url":"../static/nodeGraphs.html","edge":"0to2","edgeRT":"2240","flipped":"TRUE","correct_edge":"0to2","index":"37","edgeClickLog":"[{\"edgeSelection\":\"0to2\",\"edgeRTMS\":2240}]","seed":" 21211189","task":"experiment","subjectId":"vxsgna45w6xzr73","trial_type":"external-html","trial_index":18,"time_elapsed":286769,"internal_node_id":"0.0-9.0-0.10"},{"rt":5274,"url":"../static/nodeGraphs.html","edge":"2to4","edgeRT":"4343","flipped":"FALSE","correct_edge":"2to4","index":"5","edgeClickLog":"[{\"edgeSelection\":\"2to4\",\"edgeRTMS\":4343}]","seed":" 10409262","task":"experiment","subjectId":"vxsgna45w6xzr73","trial_type":"external-html","trial_index":19,"time_elapsed":292716,"internal_node_id":"0.0-9.0-0.11"},{"rt":6421,"url":"../static/nodeGraphs.html","edge":"2to6","edgeRT":"5456","flipped":"TRUE","correct_edge":"2to6","index":"25","edgeClickLog":"[{\"edgeSelection\":\"2to6\",\"edgeRTMS\":5456}]","seed":" 10409262","task":"experiment","subjectId":"vxsgna45w6xzr73","trial_type":"external-html","trial_index":20,"time_elapsed":299816,"internal_node_id":"0.0-9.0-0.12"},{"rt":5157,"url":"../static/nodeGraphs.html","edge":"6to8","edgeRT":"3773","flipped":"TRUE","correct_edge":"6to8","index":"21","edgeClickLog":"[{\"edgeSelection\":\"6to8\",\"edgeRTMS\":3773}]","seed":" 32816305","task":"experiment","subjectId":"vxsgna45w6xzr73","trial_type":"external-html","trial_index":21,"time_elapsed":305643,"internal_node_id":"0.0-9.0-0.13"},{"rt":9596,"url":"../static/nodeGraphs.html","edge":"5to8","edgeRT":"6531","flipped":"TRUE","correct_edge":"5to8","index":"23","edgeClickLog":"[{\"edgeSelection\":\"5to8\",\"edgeRTMS\":3771},{\"edgeSelection\":\"6to8\",\"edgeRTMS\":5763},{\"edgeSelection\":\"5to8\",\"edgeRTMS\":6531}]","seed":" 46003743","task":"experiment","subjectId":"vxsgna45w6xzr73","trial_type":"external-html","trial_index":22,"time_elapsed":315915,"internal_node_id":"0.0-9.0-0.14"},{"rt":3160,"url":"../static/nodeGraphs.html","edge":"3to6","edgeRT":"2171","flipped":"TRUE","correct_edge":"3to6","index":"22","edgeClickLog":"[{\"edgeSelection\":\"3to6\",\"edgeRTMS\":2171}]","seed":" 22809663","task":"experiment","subjectId":"vxsgna45w6xzr73","trial_type":"external-html","trial_index":23,"time_elapsed":319745,"internal_node_id":"0.0-9.0-0.15"},{"rt":3560,"url":"../static/nodeGraphs.html","edge":"0to3","edgeRT":"2371","flipped":"TRUE","correct_edge":"0to3","index":"39","edgeClickLog":"[{\"edgeSelection\":\"0to3\",\"edgeRTMS\":2371}]","seed":" 37422119","task":"experiment","subjectId":"vxsgna45w6xzr73","trial_type":"external-html","trial_index":24,"time_elapsed":323978,"internal_node_id":"0.0-9.0-0.16"},{"rt":5527,"url":"../static/nodeGraphs.html","edge":"0to2","edgeRT":"4319","flipped":"FALSE","correct_edge":"0to2","index":"13","edgeClickLog":"[{\"edgeSelection\":\"0to2\",\"edgeRTMS\":4319}]","seed":" 49587019","task":"experiment","subjectId":"vxsgna45w6xzr73","trial_type":"external-html","trial_index":25,"time_elapsed":330173,"internal_node_id":"0.0-9.0-0.17"},{"rt":4438,"url":"../static/nodeGraphs.html","edge":"3to5","edgeRT":"2971","flipped":"FALSE","correct_edge":"5to9","index":"16","edgeClickLog":"[{\"edgeSelection\":\"3to5\",\"edgeRTMS\":2971}]","seed":" 5655743","task":"experiment","subjectId":"vxsgna45w6xzr73","trial_type":"external-html","trial_index":26,"time_elapsed":335293,"internal_node_id":"0.0-9.0-0.18"},{"rt":2289,"url":"../static/nodeGraphs.html","edge":"0to2","edgeRT":"1450","flipped":"FALSE","correct_edge":"0to2","index":"17","edgeClickLog":"[{\"edgeSelection\":\"0to2\",\"edgeRTMS\":1450}]","seed":" 21211189","task":"experiment","subjectId":"vxsgna45w6xzr73","trial_type":"external-html","trial_index":27,"time_elapsed":338261,"internal_node_id":"0.0-9.0-0.19"},{"rt":5259,"url":"../static/nodeGraphs.html","edge":"0to3","edgeRT":"3705","flipped":"FALSE","correct_edge":"0to3","index":"12","edgeClickLog":"[{\"edgeSelection\":\"0to3\",\"edgeRTMS\":3705}]","seed":" 36895371","task":"experiment","subjectId":"vxsgna45w6xzr73","trial_type":"external-html","trial_index":28,"time_elapsed":344197,"internal_node_id":"0.0-9.0-0.20"},{"rt":3126,"url":"../static/nodeGraphs.html","edge":"0to2","edgeRT":"2282","flipped":"FALSE","correct_edge":"3to5","index":"18","edgeClickLog":"[{\"edgeSelection\":\"0to2\",\"edgeRTMS\":2282}]","seed":" 22181670","task":"experiment","subjectId":"vxsgna45w6xzr73","trial_type":"external-html","trial_index":29,"time_elapsed":347992,"internal_node_id":"0.0-9.0-0.21"},{"rt":4006,"url":"../static/nodeGraphs.html","edge":"0to1","edgeRT":"2376","flipped":"TRUE","correct_edge":"2to4","index":"35","edgeClickLog":"[{\"edgeSelection\":\"0to1\",\"edgeRTMS\":2376}]","seed":" 53220770","task":"experiment","subjectId":"vxsgna45w6xzr73","trial_type":"external-html","trial_index":30,"time_elapsed":352666,"internal_node_id":"0.0-9.0-0.22"},{"rt":7448,"url":"../static/nodeGraphs.html","edge":"0to3","edgeRT":"4320","flipped":"TRUE","correct_edge":"0to2","index":"34","edgeClickLog":"[{\"edgeSelection\":\"0to3\",\"edgeRTMS\":4320}]","seed":" 21083760","task":"experiment","subjectId":"vxsgna45w6xzr73","trial_type":"external-html","trial_index":31,"time_elapsed":360785,"internal_node_id":"0.0-9.0-0.23"},{"rt":5551,"url":"../static/nodeGraphs.html","edge":"0to1","edgeRT":"2401","flipped":"FALSE","correct_edge":"0to2","index":"14","edgeClickLog":"[{\"edgeSelection\":\"0to1\",\"edgeRTMS\":2401}]","seed":" 21083760","task":"experiment","subjectId":"vxsgna45w6xzr73","trial_type":"external-html","trial_index":32,"time_elapsed":367008,"internal_node_id":"0.0-9.0-0.24"},{"rt":5217,"url":"../static/nodeGraphs.html","edge":"0to3","edgeRT":"1855","flipped":"FALSE","correct_edge":"0to3","index":"9","edgeClickLog":"[{\"edgeSelection\":\"0to3\",\"edgeRTMS\":1855}]","seed":" 61187187","task":"experiment","subjectId":"vxsgna45w6xzr73","trial_type":"external-html","trial_index":33,"time_elapsed":372896,"internal_node_id":"0.0-9.0-0.25"},{"rt":6738,"url":"../static/nodeGraphs.html","edge":"0to2","edgeRT":"4788","flipped":"TRUE","correct_edge":"0to2","index":"33","edgeClickLog":"[{\"edgeSelection\":\"0to2\",\"edgeRTMS\":4788}]","seed":" 49587019","task":"experiment","subjectId":"vxsgna45w6xzr73","trial_type":"external-html","trial_index":34,"time_elapsed":380304,"internal_node_id":"0.0-9.0-0.26"},{"rt":24755,"url":"../static/nodeGraphs.html","edge":"0to2","edgeRT":"19520","flipped":"TRUE","correct_edge":"0to2","index":"27","edgeClickLog":"[{\"edgeSelection\":\"0to2\",\"edgeRTMS\":19520}]","seed":" 85614324","task":"experiment","subjectId":"vxsgna45w6xzr73","trial_type":"external-html","trial_index":35,"time_elapsed":405733,"internal_node_id":"0.0-9.0-0.27"},{"rt":7891,"url":"../static/nodeGraphs.html","edge":"4to8","edgeRT":"6632","flipped":"FALSE","correct_edge":"4to8","index":"1","edgeClickLog":"[{\"edgeSelection\":\"4to8\",\"edgeRTMS\":6632}]","seed":" 32816305","task":"experiment","subjectId":"vxsgna45w6xzr73","trial_type":"external-html","trial_index":36,"time_elapsed":414296,"internal_node_id":"0.0-9.0-0.28"},{"rt":21461,"url":"../static/nodeGraphs.html","edge":"1to5","edgeRT":"14133","flipped":"TRUE","correct_edge":"6to9","index":"26","edgeClickLog":"[{\"edgeSelection\":\"0to1\",\"edgeRTMS\":4663},{\"edgeSelection\":\"1to5\",\"edgeRTMS\":14133}]","seed":" 13523788","task":"experiment","subjectId":"vxsgna45w6xzr73","trial_type":"external-html","trial_index":37,"time_elapsed":436427,"internal_node_id":"0.0-9.0-0.29"},{"rt":4622,"url":"../static/nodeGraphs.html","edge":"3to6","edgeRT":"2017","flipped":"FALSE","correct_edge":"2to6","index":"15","edgeClickLog":"[{\"edgeSelection\":\"3to6\",\"edgeRTMS\":2017}]","seed":" 53220770","task":"experiment","subjectId":"vxsgna45w6xzr73","trial_type":"external-html","trial_index":38,"time_elapsed":441723,"internal_node_id":"0.0-9.0-0.30"},{"rt":9253,"url":"../static/nodeGraphs.html","edge":"5to8","edgeRT":"6661","flipped":"FALSE","correct_edge":"5to8","index":"3","edgeClickLog":"[{\"edgeSelection\":\"1to4\",\"edgeRTMS\":2380},{\"edgeSelection\":\"5to8\",\"edgeRTMS\":6661}]","seed":" 46003743","task":"experiment","subjectId":"vxsgna45w6xzr73","trial_type":"external-html","trial_index":39,"time_elapsed":451658,"internal_node_id":"0.0-9.0-0.31"},{"rt":6328,"url":"../static/nodeGraphs.html","edge":"1to4","edgeRT":"5206","flipped":"TRUE","correct_edge":"0to1","index":"29","edgeClickLog":"[{\"edgeSelection\":\"1to4\",\"edgeRTMS\":5206}]","seed":" 61187187","task":"experiment","subjectId":"vxsgna45w6xzr73","trial_type":"external-html","trial_index":40,"time_elapsed":458657,"internal_node_id":"0.0-9.0-0.32"},{"rt":11240,"url":"../static/nodeGraphs.html","edge":"3to5","edgeRT":"6024","flipped":"FALSE","correct_edge":"4to7","index":"6","edgeClickLog":"[{\"edgeSelection\":\"3to6\",\"edgeRTMS\":3144},{\"edgeSelection\":\"3to5\",\"edgeRTMS\":6024}]","seed":" 13523788","task":"experiment","subjectId":"vxsgna45w6xzr73","trial_type":"external-html","trial_index":41,"time_elapsed":470576,"internal_node_id":"0.0-9.0-0.33"},{"rt":17659,"url":"../static/nodeGraphs.html","edge":"4to7","edgeRT":"16648","flipped":"TRUE","correct_edge":"0to1","index":"32","edgeClickLog":"[{\"edgeSelection\":\"1to4\",\"edgeRTMS\":8641},{\"edgeSelection\":\"4to7\",\"edgeRTMS\":16648}]","seed":" 36895371","task":"experiment","subjectId":"vxsgna45w6xzr73","trial_type":"external-html","trial_index":42,"time_elapsed":488911,"internal_node_id":"0.0-9.0-0.34"},{"rt":4968,"url":"../static/nodeGraphs.html","edge":"2to5","edgeRT":"3887","flipped":"FALSE","correct_edge":"0to2","index":"7","edgeClickLog":"[{\"edgeSelection\":\"2to5\",\"edgeRTMS\":3887}]","seed":" 85614324","task":"experiment","subjectId":"vxsgna45w6xzr73","trial_type":"external-html","trial_index":43,"time_elapsed":494550,"internal_node_id":"0.0-9.0-0.35"},{"rt":4665,"url":"../static/nodeGraphs.html","edge":"2to6","edgeRT":"3599","flipped":"TRUE","correct_edge":"0to2","index":"31","edgeClickLog":"[{\"edgeSelection\":\"2to6\",\"edgeRTMS\":3599}]","seed":" 63833578","task":"experiment","subjectId":"vxsgna45w6xzr73","trial_type":"external-html","trial_index":44,"time_elapsed":499891,"internal_node_id":"0.0-9.0-0.36"},{"rt":14016,"url":"../static/nodeGraphs.html","edge":"6to8","edgeRT":"12413","flipped":"TRUE","correct_edge":"0to2","index":"30","edgeClickLog":"[{\"edgeSelection\":\"6to8\",\"edgeRTMS\":12413}]","seed":" 39688702","task":"experiment","subjectId":"vxsgna45w6xzr73","trial_type":"external-html","trial_index":45,"time_elapsed":514577,"internal_node_id":"0.0-9.0-0.37"},{"rt":5907,"url":"../static/nodeGraphs.html","edge":"4to7","edgeRT":"4214","flipped":"FALSE","correct_edge":"0to1","index":"19","edgeClickLog":"[{\"edgeSelection\":\"4to7\",\"edgeRTMS\":4214}]","seed":" 37422119","task":"experiment","subjectId":"vxsgna45w6xzr73","trial_type":"external-html","trial_index":46,"time_elapsed":521160,"internal_node_id":"0.0-9.0-0.38"},{"rt":5729,"url":"../static/nodeGraphs.html","edge":"2to4","edgeRT":"2935","flipped":"FALSE","correct_edge":"0to2","index":"8","edgeClickLog":"[{\"edgeSelection\":\"2to4\",\"edgeRTMS\":2935}]","seed":" 8396978","task":"experiment","subjectId":"vxsgna45w6xzr73","trial_type":"external-html","trial_index":47,"time_elapsed":527568,"internal_node_id":"0.0-9.0-0.39"},{"rt":34870,"response":{"P0_Q0":null,"P0_Q1":4,"P0_Q2":5,"P0_Q3":5,"P0_Q4":5,"P0_Q5":1,"strategies":"Finding the path that collected the most points","feedback":""},"accuracy":[],"trial_type":"survey","trial_index":48,"time_elapsed":563051,"internal_node_id":"0.0-10.0"},{"rt":2626,"stimulus":"<p>Thanks for your time!</p>        <p>We need to manually calculate your bonus pay, please give us up to 7 days.</p><p>Press any key to conclude.</p>","response":" ","task":"end","subjectId":"vxsgna45w6xzr73","trial_type":"html-keyboard-response","trial_index":49,"time_elapsed":565679,"internal_node_id":"0.0-11.0","interactions":"[{\"event\":\"fullscreenenter\",\"trial\":1,\"time\":2982}]"}]