[{"success":true,"timeout":false,"failed_images":[],"failed_audio":[],"failed_video":[],"trial_type":"preload","trial_index":0,"time_elapsed":594,"internal_node_id":"0.0-0.0"},{"success":true,"trial_type":"fullscreen","trial_index":1,"time_elapsed":2996,"internal_node_id":"0.0-1.0"},{"rt":2516,"stimulus":"Welcome to the experiment. Press any key to begin.","response":"j","trial_type":"html-keyboard-response","trial_index":2,"time_elapsed":5514,"internal_node_id":"0.0-2.0"},{"view_history":[{"page_index":0,"viewing_time":4157},{"page_index":1,"viewing_time":4107},{"page_index":2,"viewing_time":30439},{"page_index":3,"viewing_time":3097},{"page_index":4,"viewing_time":884},{"page_index":5,"viewing_time":371},{"page_index":6,"viewing_time":1418},{"page_index":7,"viewing_time":2950},{"page_index":8,"viewing_time":9502},{"page_index":9,"viewing_time":8944},{"page_index":10,"viewing_time":783},{"page_index":11,"viewing_time":231},{"page_index":12,"viewing_time":356},{"page_index":13,"viewing_time":1659},{"page_index":14,"viewing_time":2675},{"page_index":15,"viewing_time":5326},{"page_index":16,"viewing_time":646},{"page_index":17,"viewing_time":342},{"page_index":18,"viewing_time":352},{"page_index":19,"viewing_time":2578},{"page_index":20,"viewing_time":7368},{"page_index":21,"viewing_time":3785}],"rt":91968,"trial_type":"instructions","trial_index":3,"time_elapsed":97482,"internal_node_id":"0.0-3.0"},{"rt":45627,"url":"../static/nodeGraphsTraining.html","edgeClickLog":[],"trial_type":"external-html","trial_index":4,"time_elapsed":143219,"internal_node_id":"0.0-4.0"},{"rt":19891,"response":{"q1":"The goal is to help the student to get the most points","q2":"False","q3":"Possible paths the student can take.","q4":"Paths that the student took before."},"question_order":[0,1,2,3],"trial_type":"survey-multi-choice","trial_index":5,"time_elapsed":163114,"internal_node_id":"0.0-5.0"},{"rt":4411,"stimulus":"<p>You can take a 60 second break before starting the experiment.</p><br><br><p>This page will advance in 60 seconds or you can press any key to advance now.</p>","response":"l","trial_type":"html-keyboard-response","trial_index":6,"time_elapsed":167528,"internal_node_id":"0.0-7.0"},{"view_history":[{"page_index":0,"viewing_time":10138}],"rt":10138,"trial_type":"instructions","trial_index":7,"time_elapsed":177667,"internal_node_id":"0.0-8.0"},{"rt":19853,"url":"../static/nodeGraphs.html","edge":"3to6","edgeRT":"18675","flipped":"TRUE","correct_edge":"0to2","index":"28","edgeClickLog":"[{\"edgeSelection\":\"0to2\",\"edgeRTMS\":5471},{\"edgeSelection\":\"0to2\",\"edgeRTMS\":11359},{\"edgeSelection\":\"3to6\",\"edgeRTMS\":18675}]","seed":" 8396978","task":"experiment","subjectId":"mggb4n1eoy231ns","trial_type":"external-html","trial_index":8,"time_elapsed":197609,"internal_node_id":"0.0-9.0-0.0"},{"rt":5523,"url":"../static/nodeGraphs.html","edge":"1to5","edgeRT":"3431","flipped":"TRUE","correct_edge":"0to2","index":"27","edgeClickLog":"[{\"edgeSelection\":\"1to5\",\"edgeRTMS\":3431}]","seed":" 85614324","task":"experiment","subjectId":"mggb4n1eoy231ns","trial_type":"external-html","trial_index":9,"time_elapsed":203760,"internal_node_id":"0.0-9.0-0.1"},{"rt":4704,"url":"../static/nodeGraphs.html","edge":"2to4","edgeRT":"3435","flipped":"FALSE","correct_edge":"2to4","index":"5","edgeClickLog":"[{\"edgeSelection\":\"2to4\",\"edgeRTMS\":3435}]","seed":" 10409262","task":"experiment","subjectId":"mggb4n1eoy231ns","trial_type":"external-html","trial_index":10,"time_elapsed":209050,"internal_node_id":"0.0-9.0-0.2"},{"rt":3061,"url":"../static/nodeGraphs.html","edge":"2to4","edgeRT":"2097","flipped":"TRUE","correct_edge":"2to4","index":"35","edgeClickLog":"[{\"edgeSelection\":\"2to4\",\"edgeRTMS\":2097}]","seed":" 53220770","task":"experiment","subjectId":"mggb4n1eoy231ns","trial_type":"external-html","trial_index":11,"time_elapsed":212704,"internal_node_id":"0.0-9.0-0.3"},{"rt":6824,"url":"../static/nodeGraphs.html","edge":"0to1","edgeRT":"5352","flipped":"FALSE","correct_edge":"0to1","index":"0","edgeClickLog":"[{\"edgeSelection\":\"0to1\",\"edgeRTMS\":5352}]","seed":" 21745736","task":"experiment","subjectId":"mggb4n1eoy231ns","trial_type":"external-html","trial_index":12,"time_elapsed":220106,"internal_node_id":"0.0-9.0-0.4"},{"rt":4411,"url":"../static/nodeGraphs.html","edge":"0to3","edgeRT":"2551","flipped":"FALSE","correct_edge":"0to3","index":"9","edgeClickLog":"[{\"edgeSelection\":\"0to3\",\"edgeRTMS\":2551}]","seed":" 61187187","task":"experiment","subjectId":"mggb4n1eoy231ns","trial_type":"external-html","trial_index":13,"time_elapsed":225246,"internal_node_id":"0.0-9.0-0.5"},{"rt":4550,"url":"../static/nodeGraphs.html","edge":"4to8","edgeRT":"3621","flipped":"FALSE","correct_edge":"4to8","index":"1","edgeClickLog":"[{\"edgeSelection\":\"4to8\",\"edgeRTMS\":3621}]","seed":" 32816305","task":"experiment","subjectId":"mggb4n1eoy231ns","trial_type":"external-html","trial_index":14,"time_elapsed":230478,"internal_node_id":"0.0-9.0-0.6"},{"rt":7292,"url":"../static/nodeGraphs.html","edge":"0to1","edgeRT":"5993","flipped":"TRUE","correct_edge":"0to1","index":"32","edgeClickLog":"[{\"edgeSelection\":\"0to1\",\"edgeRTMS\":5993}]","seed":" 36895371","task":"experiment","subjectId":"mggb4n1eoy231ns","trial_type":"external-html","trial_index":15,"time_elapsed":238382,"internal_node_id":"0.0-9.0-0.7"},{"rt":6079,"url":"../static/nodeGraphs.html","edge":"2to6","edgeRT":"5161","flipped":"TRUE","correct_edge":"2to6","index":"25","edgeClickLog":"[{\"edgeSelection\":\"2to6\",\"edgeRTMS\":5161}]","seed":" 10409262","task":"experiment","subjectId":"mggb4n1eoy231ns","trial_type":"external-html","trial_index":16,"time_elapsed":245186,"internal_node_id":"0.0-9.0-0.8"},{"rt":5940,"url":"../static/nodeGraphs.html","edge":"0to3","edgeRT":"4253","flipped":"FALSE","correct_edge":"2to6","index":"15","edgeClickLog":"[{\"edgeSelection\":\"0to3\",\"edgeRTMS\":4253}]","seed":" 53220770","task":"experiment","subjectId":"mggb4n1eoy231ns","trial_type":"external-html","trial_index":17,"time_elapsed":251996,"internal_node_id":"0.0-9.0-0.9"},{"rt":4404,"url":"../static/nodeGraphs.html","edge":"0to3","edgeRT":"3124","flipped":"FALSE","correct_edge":"4to7","index":"6","edgeClickLog":"[{\"edgeSelection\":\"0to3\",\"edgeRTMS\":3124}]","seed":" 13523788","task":"experiment","subjectId":"mggb4n1eoy231ns","trial_type":"external-html","trial_index":18,"time_elapsed":257029,"internal_node_id":"0.0-9.0-0.10"},{"rt":4725,"url":"../static/nodeGraphs.html","edge":"0to1","edgeRT":"3718","flipped":"FALSE","correct_edge":"2to4","index":"4","edgeClickLog":"[{\"edgeSelection\":\"0to1\",\"edgeRTMS\":3718}]","seed":" 36501291","task":"experiment","subjectId":"mggb4n1eoy231ns","trial_type":"external-html","trial_index":19,"time_elapsed":262367,"internal_node_id":"0.0-9.0-0.11"},{"rt":3815,"url":"../static/nodeGraphs.html","edge":"2to6","edgeRT":"2641","flipped":"TRUE","correct_edge":"5to8","index":"23","edgeClickLog":"[{\"edgeSelection\":\"2to6\",\"edgeRTMS\":2641}]","seed":" 46003743","task":"experiment","subjectId":"mggb4n1eoy231ns","trial_type":"external-html","trial_index":20,"time_elapsed":266774,"internal_node_id":"0.0-9.0-0.12"},{"rt":3620,"url":"../static/nodeGraphs.html","edge":"0to3","edgeRT":"2678","flipped":"TRUE","correct_edge":"0to3","index":"39","edgeClickLog":"[{\"edgeSelection\":\"0to3\",\"edgeRTMS\":2678}]","seed":" 37422119","task":"experiment","subjectId":"mggb4n1eoy231ns","trial_type":"external-html","trial_index":21,"time_elapsed":270974,"internal_node_id":"0.0-9.0-0.13"},{"rt":2920,"url":"../static/nodeGraphs.html","edge":"3to6","edgeRT":"1941","flipped":"TRUE","correct_edge":"3to6","index":"22","edgeClickLog":"[{\"edgeSelection\":\"3to6\",\"edgeRTMS\":1941}]","seed":" 22809663","task":"experiment","subjectId":"mggb4n1eoy231ns","trial_type":"external-html","trial_index":22,"time_elapsed":274501,"internal_node_id":"0.0-9.0-0.14"},{"rt":22131,"url":"../static/nodeGraphs.html","edge":"6to8","edgeRT":"21183","flipped":"TRUE","correct_edge":"6to8","index":"21","edgeClickLog":"[{\"edgeSelection\":\"6to8\",\"edgeRTMS\":21183}]","seed":" 32816305","task":"experiment","subjectId":"mggb4n1eoy231ns","trial_type":"external-html","trial_index":23,"time_elapsed":297214,"internal_node_id":"0.0-9.0-0.15"},{"rt":6297,"url":"../static/nodeGraphs.html","edge":"3to5","edgeRT":"2731","flipped":"TRUE","correct_edge":"0to2","index":"37","edgeClickLog":"[{\"edgeSelection\":\"3to5\",\"edgeRTMS\":2731}]","seed":" 21211189","task":"experiment","subjectId":"mggb4n1eoy231ns","trial_type":"external-html","trial_index":24,"time_elapsed":304114,"internal_node_id":"0.0-9.0-0.16"},{"rt":5362,"url":"../static/nodeGraphs.html","edge":"5to8","edgeRT":"4035","flipped":"FALSE","correct_edge":"5to8","index":"3","edgeClickLog":"[{\"edgeSelection\":\"5to8\",\"edgeRTMS\":4035}]","seed":" 46003743","task":"experiment","subjectId":"mggb4n1eoy231ns","trial_type":"external-html","trial_index":25,"time_elapsed":310073,"internal_node_id":"0.0-9.0-0.17"},{"rt":9722,"url":"../static/nodeGraphs.html","edge":"0to3","edgeRT":"8764","flipped":"TRUE","correct_edge":"0to3","index":"20","edgeClickLog":"[{\"edgeSelection\":\"0to3\",\"edgeRTMS\":8764}]","seed":" 21745736","task":"experiment","subjectId":"mggb4n1eoy231ns","trial_type":"external-html","trial_index":26,"time_elapsed":320378,"internal_node_id":"0.0-9.0-0.18"},{"rt":10640,"url":"../static/nodeGraphs.html","edge":"0to3","edgeRT":"9768","flipped":"FALSE","correct_edge":"0to3","index":"12","edgeClickLog":"[{\"edgeSelection\":\"0to3\",\"edgeRTMS\":9768}]","seed":" 36895371","task":"experiment","subjectId":"mggb4n1eoy231ns","trial_type":"external-html","trial_index":27,"time_elapsed":331668,"internal_node_id":"0.0-9.0-0.19"},{"rt":7762,"url":"../static/nodeGraphs.html","edge":"0to2","edgeRT":"6647","flipped":"FALSE","correct_edge":"0to2","index":"11","edgeClickLog":"[{\"edgeSelection\":\"0to2\",\"edgeRTMS\":6647}]","seed":" 63833578","task":"experiment","subjectId":"mggb4n1eoy231ns","trial_type":"external-html","trial_index":28,"time_elapsed":340026,"internal_node_id":"0.0-9.0-0.20"},{"rt":15116,"url":"../static/nodeGraphs.html","edge":"0to2","edgeRT":"14204","flipped":"TRUE","correct_edge":"0to2","index":"33","edgeClickLog":"[{\"edgeSelection\":\"0to2\",\"edgeRTMS\":14204}]","seed":" 49587019","task":"experiment","subjectId":"mggb4n1eoy231ns","trial_type":"external-html","trial_index":29,"time_elapsed":355730,"internal_node_id":"0.0-9.0-0.21"},{"rt":6206,"url":"../static/nodeGraphs.html","edge":"0to1","edgeRT":"2500","flipped":"TRUE","correct_edge":"0to1","index":"29","edgeClickLog":"[{\"edgeSelection\":\"0to1\",\"edgeRTMS\":2500}]","seed":" 61187187","task":"experiment","subjectId":"mggb4n1eoy231ns","trial_type":"external-html","trial_index":30,"time_elapsed":362526,"internal_node_id":"0.0-9.0-0.22"},{"rt":3963,"url":"../static/nodeGraphs.html","edge":"0to1","edgeRT":"2987","flipped":"FALSE","correct_edge":"0to1","index":"19","edgeClickLog":"[{\"edgeSelection\":\"0to1\",\"edgeRTMS\":2987}]","seed":" 37422119","task":"experiment","subjectId":"mggb4n1eoy231ns","trial_type":"external-html","trial_index":31,"time_elapsed":367128,"internal_node_id":"0.0-9.0-0.23"},{"rt":4079,"url":"../static/nodeGraphs.html","edge":"0to1","edgeRT":"3156","flipped":"FALSE","correct_edge":"0to2","index":"10","edgeClickLog":"[{\"edgeSelection\":\"0to1\",\"edgeRTMS\":3156}]","seed":" 39688702","task":"experiment","subjectId":"mggb4n1eoy231ns","trial_type":"external-html","trial_index":32,"time_elapsed":371822,"internal_node_id":"0.0-9.0-0.24"},{"rt":4774,"url":"../static/nodeGraphs.html","edge":"0to1","edgeRT":"3839","flipped":"FALSE","correct_edge":"5to9","index":"16","edgeClickLog":"[{\"edgeSelection\":\"0to1\",\"edgeRTMS\":3839}]","seed":" 5655743","task":"experiment","subjectId":"mggb4n1eoy231ns","trial_type":"external-html","trial_index":33,"time_elapsed":377238,"internal_node_id":"0.0-9.0-0.25"},{"rt":2933,"url":"../static/nodeGraphs.html","edge":"0to3","edgeRT":"2043","flipped":"TRUE","correct_edge":"0to2","index":"30","edgeClickLog":"[{\"edgeSelection\":\"0to3\",\"edgeRTMS\":2043}]","seed":" 39688702","task":"experiment","subjectId":"mggb4n1eoy231ns","trial_type":"external-html","trial_index":34,"time_elapsed":380743,"internal_node_id":"0.0-9.0-0.26"},{"rt":4305,"url":"../static/nodeGraphs.html","edge":"1to5","edgeRT":"3309","flipped":"FALSE","correct_edge":"0to2","index":"17","edgeClickLog":"[{\"edgeSelection\":\"1to5\",\"edgeRTMS\":3309}]","seed":" 21211189","task":"experiment","subjectId":"mggb4n1eoy231ns","trial_type":"external-html","trial_index":35,"time_elapsed":385645,"internal_node_id":"0.0-9.0-0.27"},{"rt":5340,"url":"../static/nodeGraphs.html","edge":"1to5","edgeRT":"4370","flipped":"TRUE","correct_edge":"1to5","index":"38","edgeClickLog":"[{\"edgeSelection\":\"1to5\",\"edgeRTMS\":4370}]","seed":" 22181670","task":"experiment","subjectId":"mggb4n1eoy231ns","trial_type":"external-html","trial_index":36,"time_elapsed":391571,"internal_node_id":"0.0-9.0-0.28"},{"rt":13539,"url":"../static/nodeGraphs.html","edge":"0to1","edgeRT":"12621","flipped":"FALSE","correct_edge":"0to2","index":"7","edgeClickLog":"[{\"edgeSelection\":\"0to1\",\"edgeRTMS\":3504},{\"edgeSelection\":\"0to1\",\"edgeRTMS\":12621}]","seed":" 85614324","task":"experiment","subjectId":"mggb4n1eoy231ns","trial_type":"external-html","trial_index":37,"time_elapsed":405693,"internal_node_id":"0.0-9.0-0.29"},{"rt":5650,"url":"../static/nodeGraphs.html","edge":"1to5","edgeRT":"4321","flipped":"TRUE","correct_edge":"5to7","index":"36","edgeClickLog":"[{\"edgeSelection\":\"1to5\",\"edgeRTMS\":4321}]","seed":" 5655743","task":"experiment","subjectId":"mggb4n1eoy231ns","trial_type":"external-html","trial_index":38,"time_elapsed":411955,"internal_node_id":"0.0-9.0-0.30"},{"rt":8429,"url":"../static/nodeGraphs.html","edge":"2to6","edgeRT":"6854","flipped":"TRUE","correct_edge":"2to6","index":"24","edgeClickLog":"[{\"edgeSelection\":\"2to6\",\"edgeRTMS\":6854}]","seed":" 36501291","task":"experiment","subjectId":"mggb4n1eoy231ns","trial_type":"external-html","trial_index":39,"time_elapsed":420979,"internal_node_id":"0.0-9.0-0.31"},{"rt":11731,"url":"../static/nodeGraphs.html","edge":"0to2","edgeRT":"10287","flipped":"FALSE","correct_edge":"0to2","index":"8","edgeClickLog":"[{\"edgeSelection\":\"0to2\",\"edgeRTMS\":10287}]","seed":" 8396978","task":"experiment","subjectId":"mggb4n1eoy231ns","trial_type":"external-html","trial_index":40,"time_elapsed":433312,"internal_node_id":"0.0-9.0-0.32"},{"rt":6858,"url":"../static/nodeGraphs.html","edge":"1to4","edgeRT":"3769","flipped":"FALSE","correct_edge":"1to4","index":"2","edgeClickLog":"[{\"edgeSelection\":\"1to4\",\"edgeRTMS\":3769}]","seed":" 22809663","task":"experiment","subjectId":"mggb4n1eoy231ns","trial_type":"external-html","trial_index":41,"time_elapsed":440772,"internal_node_id":"0.0-9.0-0.33"},{"rt":8358,"url":"../static/nodeGraphs.html","edge":"0to1","edgeRT":"6414","flipped":"TRUE","correct_edge":"6to9","index":"26","edgeClickLog":"[{\"edgeSelection\":\"0to1\",\"edgeRTMS\":6414}]","seed":" 13523788","task":"experiment","subjectId":"mggb4n1eoy231ns","trial_type":"external-html","trial_index":42,"time_elapsed":449730,"internal_node_id":"0.0-9.0-0.34"},{"rt":3578,"url":"../static/nodeGraphs.html","edge":"0to2","edgeRT":"2915","flipped":"FALSE","correct_edge":"3to5","index":"18","edgeClickLog":"[{\"edgeSelection\":\"0to2\",\"edgeRTMS\":2915}]","seed":" 22181670","task":"experiment","subjectId":"mggb4n1eoy231ns","trial_type":"external-html","trial_index":43,"time_elapsed":453910,"internal_node_id":"0.0-9.0-0.35"},{"rt":8218,"url":"../static/nodeGraphs.html","edge":"0to1","edgeRT":"2436","flipped":"FALSE","correct_edge":"0to2","index":"14","edgeClickLog":"[{\"edgeSelection\":\"0to1\",\"edgeRTMS\":2436}]","seed":" 21083760","task":"experiment","subjectId":"mggb4n1eoy231ns","trial_type":"external-html","trial_index":44,"time_elapsed":462724,"internal_node_id":"0.0-9.0-0.36"},{"rt":14793,"url":"../static/nodeGraphs.html","edge":"0to2","edgeRT":"9438","flipped":"FALSE","correct_edge":"0to2","index":"13","edgeClickLog":"[{\"edgeSelection\":\"5to9\",\"edgeRTMS\":2550},{\"edgeSelection\":\"0to2\",\"edgeRTMS\":9438}]","seed":" 49587019","task":"experiment","subjectId":"mggb4n1eoy231ns","trial_type":"external-html","trial_index":45,"time_elapsed":478114,"internal_node_id":"0.0-9.0-0.37"},{"rt":4733,"url":"../static/nodeGraphs.html","edge":"0to3","edgeRT":"3470","flipped":"TRUE","correct_edge":"0to2","index":"34","edgeClickLog":"[{\"edgeSelection\":\"0to3\",\"edgeRTMS\":3470}]","seed":" 21083760","task":"experiment","subjectId":"mggb4n1eoy231ns","trial_type":"external-html","trial_index":46,"time_elapsed":483458,"internal_node_id":"0.0-9.0-0.38"},{"rt":13519,"url":"../static/nodeGraphs.html","edge":"0to2","edgeRT":"12691","flipped":"TRUE","correct_edge":"0to2","index":"31","edgeClickLog":"[{\"edgeSelection\":\"0to2\",\"edgeRTMS\":12691}]","seed":" 63833578","task":"experiment","subjectId":"mggb4n1eoy231ns","trial_type":"external-html","trial_index":47,"time_elapsed":497569,"internal_node_id":"0.0-9.0-0.39"},{"rt":47088,"response":{"P0_Q0":null,"P0_Q1":4,"P0_Q2":7,"P0_Q3":7,"P0_Q4":5,"P0_Q5":1,"strategies":"I tried to choose the path closest to the beginning because it seemed to best dictate outcomes and points down the line.","feedback":"This was fun! Thank you for the opportunity!"},"accuracy":[],"trial_type":"survey","trial_index":48,"time_elapsed":545197,"internal_node_id":"0.0-10.0"},{"rt":2500,"stimulus":"<p>Thanks for your time!</p>        <p>We need to manually calculate your bonus pay, please give us up to 7 days.</p><p>Press any key to conclude.</p>","response":" ","task":"end","subjectId":"mggb4n1eoy231ns","trial_type":"html-keyboard-response","trial_index":49,"time_elapsed":547700,"internal_node_id":"0.0-11.0","interactions":"[{\"event\":\"fullscreenenter\",\"trial\":1,\"time\":2008}]"}]