[{"success":true,"timeout":false,"failed_images":[],"failed_audio":[],"failed_video":[],"trial_type":"preload","trial_index":0,"time_elapsed":889,"internal_node_id":"0.0-0.0"},{"success":true,"trial_type":"fullscreen","trial_index":1,"time_elapsed":3892,"internal_node_id":"0.0-1.0"},{"rt":1706,"stimulus":"Welcome to the experiment. Press any key to begin.","response":" ","trial_type":"html-keyboard-response","trial_index":2,"time_elapsed":5599,"internal_node_id":"0.0-2.0"},{"view_history":[{"page_index":0,"viewing_time":4393},{"page_index":1,"viewing_time":6815},{"page_index":2,"viewing_time":25389},{"page_index":3,"viewing_time":8095},{"page_index":4,"viewing_time":1242},{"page_index":5,"viewing_time":1421},{"page_index":6,"viewing_time":2310},{"page_index":7,"viewing_time":9179},{"page_index":8,"viewing_time":14022},{"page_index":9,"viewing_time":15875},{"page_index":10,"viewing_time":657},{"page_index":11,"viewing_time":432},{"page_index":12,"viewing_time":458},{"page_index":13,"viewing_time":958},{"page_index":14,"viewing_time":2353},{"page_index":15,"viewing_time":10975},{"page_index":16,"viewing_time":900},{"page_index":17,"viewing_time":375},{"page_index":18,"viewing_time":342},{"page_index":19,"viewing_time":3167},{"page_index":20,"viewing_time":6894},{"page_index":21,"viewing_time":4359}],"rt":120612,"trial_type":"instructions","trial_index":3,"time_elapsed":126214,"internal_node_id":"0.0-3.0"},{"rt":82794,"url":"../static/nodeGraphsTraining.html","edgeClickLog":[],"trial_type":"external-html","trial_index":4,"time_elapsed":209203,"internal_node_id":"0.0-4.0"},{"rt":24958,"response":{"q1":"The goal is to help the student to get the most points","q2":"False","q3":"Possible paths the student can take.","q4":"Paths that the student took before."},"question_order":[0,1,2,3],"trial_type":"survey-multi-choice","trial_index":5,"time_elapsed":234168,"internal_node_id":"0.0-5.0"},{"rt":4396,"stimulus":"<p>You can take a 60 second break before starting the experiment.</p><br><br><p>This page will advance in 60 seconds or you can press any key to advance now.</p>","response":" ","trial_type":"html-keyboard-response","trial_index":6,"time_elapsed":238571,"internal_node_id":"0.0-7.0"},{"view_history":[{"page_index":0,"viewing_time":20140}],"rt":20140,"trial_type":"instructions","trial_index":7,"time_elapsed":258713,"internal_node_id":"0.0-8.0"},{"rt":25472,"url":"../static/nodeGraphs.html","edge":"2to6","edgeRT":"24226","flipped":"TRUE","correct_edge":"2to6","index":"25","edgeClickLog":"[{\"edgeSelection\":\"2to6\",\"edgeRTMS\":24226}]","seed":" 10409262","task":"experiment","subjectId":"6rt2lsysvw8p1ul","trial_type":"external-html","trial_index":8,"time_elapsed":284304,"internal_node_id":"0.0-9.0-0.0"},{"rt":4484,"url":"../static/nodeGraphs.html","edge":"5to8","edgeRT":"3482","flipped":"FALSE","correct_edge":"5to8","index":"3","edgeClickLog":"[{\"edgeSelection\":\"5to8\",\"edgeRTMS\":3482}]","seed":" 46003743","task":"experiment","subjectId":"6rt2lsysvw8p1ul","trial_type":"external-html","trial_index":9,"time_elapsed":289414,"internal_node_id":"0.0-9.0-0.1"},{"rt":21745,"url":"../static/nodeGraphs.html","edge":"1to5","edgeRT":"20442","flipped":"TRUE","correct_edge":"0to2","index":"27","edgeClickLog":"[{\"edgeSelection\":\"1to5\",\"edgeRTMS\":10054},{\"edgeSelection\":\"5to8\",\"edgeRTMS\":14174},{\"edgeSelection\":\"1to5\",\"edgeRTMS\":15591},{\"edgeSelection\":\"5to8\",\"edgeRTMS\":17047},{\"edgeSelection\":\"1to5\",\"edgeRTMS\":20442}]","seed":" 85614324","task":"experiment","subjectId":"6rt2lsysvw8p1ul","trial_type":"external-html","trial_index":10,"time_elapsed":311775,"internal_node_id":"0.0-9.0-0.2"},{"rt":27376,"url":"../static/nodeGraphs.html","edge":"2to4","edgeRT":"25893","flipped":"FALSE","correct_edge":"2to4","index":"4","edgeClickLog":"[{\"edgeSelection\":\"2to4\",\"edgeRTMS\":25893}]","seed":" 36501291","task":"experiment","subjectId":"6rt2lsysvw8p1ul","trial_type":"external-html","trial_index":11,"time_elapsed":339767,"internal_node_id":"0.0-9.0-0.3"},{"rt":44369,"url":"../static/nodeGraphs.html","edge":"2to6","edgeRT":"41812","flipped":"FALSE","correct_edge":"0to2","index":"13","edgeClickLog":"[{\"edgeSelection\":\"2to6\",\"edgeRTMS\":41812}]","seed":" 49587019","task":"experiment","subjectId":"6rt2lsysvw8p1ul","trial_type":"external-html","trial_index":12,"time_elapsed":384755,"internal_node_id":"0.0-9.0-0.4"},{"rt":4714,"url":"../static/nodeGraphs.html","edge":"5to8","edgeRT":"3849","flipped":"TRUE","correct_edge":"5to8","index":"23","edgeClickLog":"[{\"edgeSelection\":\"5to8\",\"edgeRTMS\":3849}]","seed":" 46003743","task":"experiment","subjectId":"6rt2lsysvw8p1ul","trial_type":"external-html","trial_index":13,"time_elapsed":390119,"internal_node_id":"0.0-9.0-0.5"},{"rt":24042,"url":"../static/nodeGraphs.html","edge":"0to2","edgeRT":"19319","flipped":"TRUE","correct_edge":"0to2","index":"37","edgeClickLog":"[{\"edgeSelection\":\"0to2\",\"edgeRTMS\":19319}]","seed":" 21211189","task":"experiment","subjectId":"6rt2lsysvw8p1ul","trial_type":"external-html","trial_index":14,"time_elapsed":414787,"internal_node_id":"0.0-9.0-0.6"},{"rt":16067,"url":"../static/nodeGraphs.html","edge":"0to3","edgeRT":"13657","flipped":"TRUE","correct_edge":"0to3","index":"20","edgeClickLog":"[{\"edgeSelection\":\"0to3\",\"edgeRTMS\":4302},{\"edgeSelection\":\"0to3\",\"edgeRTMS\":13657}]","seed":" 21745736","task":"experiment","subjectId":"6rt2lsysvw8p1ul","trial_type":"external-html","trial_index":15,"time_elapsed":431497,"internal_node_id":"0.0-9.0-0.7"},{"rt":10413,"url":"../static/nodeGraphs.html","edge":"2to4","edgeRT":"7659","flipped":"FALSE","correct_edge":"2to4","index":"5","edgeClickLog":"[{\"edgeSelection\":\"2to4\",\"edgeRTMS\":7659}]","seed":" 10409262","task":"experiment","subjectId":"6rt2lsysvw8p1ul","trial_type":"external-html","trial_index":16,"time_elapsed":442544,"internal_node_id":"0.0-9.0-0.8"},{"rt":5183,"url":"../static/nodeGraphs.html","edge":"0to2","edgeRT":"4244","flipped":"FALSE","correct_edge":"3to5","index":"18","edgeClickLog":"[{\"edgeSelection\":\"0to2\",\"edgeRTMS\":4244}]","seed":" 22181670","task":"experiment","subjectId":"6rt2lsysvw8p1ul","trial_type":"external-html","trial_index":17,"time_elapsed":448343,"internal_node_id":"0.0-9.0-0.9"},{"rt":8422,"url":"../static/nodeGraphs.html","edge":"0to3","edgeRT":"6232","flipped":"FALSE","correct_edge":"0to3","index":"12","edgeClickLog":"[{\"edgeSelection\":\"0to3\",\"edgeRTMS\":6232}]","seed":" 36895371","task":"experiment","subjectId":"6rt2lsysvw8p1ul","trial_type":"external-html","trial_index":18,"time_elapsed":457399,"internal_node_id":"0.0-9.0-0.10"},{"rt":7095,"url":"../static/nodeGraphs.html","edge":"6to9","edgeRT":"4120","flipped":"TRUE","correct_edge":"6to9","index":"26","edgeClickLog":"[{\"edgeSelection\":\"6to9\",\"edgeRTMS\":4120}]","seed":" 13523788","task":"experiment","subjectId":"6rt2lsysvw8p1ul","trial_type":"external-html","trial_index":19,"time_elapsed":465273,"internal_node_id":"0.0-9.0-0.11"},{"rt":10120,"url":"../static/nodeGraphs.html","edge":"5to7","edgeRT":"8748","flipped":"FALSE","correct_edge":"0to1","index":"0","edgeClickLog":"[{\"edgeSelection\":\"5to9\",\"edgeRTMS\":6305},{\"edgeSelection\":\"5to7\",\"edgeRTMS\":8748}]","seed":" 21745736","task":"experiment","subjectId":"6rt2lsysvw8p1ul","trial_type":"external-html","trial_index":20,"time_elapsed":476017,"internal_node_id":"0.0-9.0-0.12"},{"rt":6375,"url":"../static/nodeGraphs.html","edge":"2to6","edgeRT":"5267","flipped":"TRUE","correct_edge":"2to6","index":"24","edgeClickLog":"[{\"edgeSelection\":\"2to6\",\"edgeRTMS\":5267}]","seed":" 36501291","task":"experiment","subjectId":"6rt2lsysvw8p1ul","trial_type":"external-html","trial_index":21,"time_elapsed":483019,"internal_node_id":"0.0-9.0-0.13"},{"rt":4602,"url":"../static/nodeGraphs.html","edge":"0to2","edgeRT":"3381","flipped":"TRUE","correct_edge":"1to5","index":"38","edgeClickLog":"[{\"edgeSelection\":\"0to2\",\"edgeRTMS\":3381}]","seed":" 22181670","task":"experiment","subjectId":"6rt2lsysvw8p1ul","trial_type":"external-html","trial_index":22,"time_elapsed":488399,"internal_node_id":"0.0-9.0-0.14"},{"rt":5396,"url":"../static/nodeGraphs.html","edge":"0to2","edgeRT":"3288","flipped":"FALSE","correct_edge":"0to2","index":"8","edgeClickLog":"[{\"edgeSelection\":\"0to2\",\"edgeRTMS\":3288}]","seed":" 8396978","task":"experiment","subjectId":"6rt2lsysvw8p1ul","trial_type":"external-html","trial_index":23,"time_elapsed":494969,"internal_node_id":"0.0-9.0-0.15"},{"rt":7238,"url":"../static/nodeGraphs.html","edge":"0to2","edgeRT":"5996","flipped":"TRUE","correct_edge":"0to2","index":"28","edgeClickLog":"[{\"edgeSelection\":\"0to2\",\"edgeRTMS\":5996}]","seed":" 8396978","task":"experiment","subjectId":"6rt2lsysvw8p1ul","trial_type":"external-html","trial_index":24,"time_elapsed":502839,"internal_node_id":"0.0-9.0-0.16"},{"rt":6157,"url":"../static/nodeGraphs.html","edge":"0to2","edgeRT":"3180","flipped":"FALSE","correct_edge":"0to2","index":"7","edgeClickLog":"[{\"edgeSelection\":\"0to2\",\"edgeRTMS\":3180}]","seed":" 85614324","task":"experiment","subjectId":"6rt2lsysvw8p1ul","trial_type":"external-html","trial_index":25,"time_elapsed":509606,"internal_node_id":"0.0-9.0-0.17"},{"rt":4409,"url":"../static/nodeGraphs.html","edge":"0to3","edgeRT":"2718","flipped":"FALSE","correct_edge":"2to6","index":"15","edgeClickLog":"[{\"edgeSelection\":\"0to3\",\"edgeRTMS\":2718}]","seed":" 53220770","task":"experiment","subjectId":"6rt2lsysvw8p1ul","trial_type":"external-html","trial_index":26,"time_elapsed":514620,"internal_node_id":"0.0-9.0-0.18"},{"rt":5702,"url":"../static/nodeGraphs.html","edge":"0to1","edgeRT":"3947","flipped":"TRUE","correct_edge":"0to1","index":"29","edgeClickLog":"[{\"edgeSelection\":\"0to1\",\"edgeRTMS\":3947}]","seed":" 61187187","task":"experiment","subjectId":"6rt2lsysvw8p1ul","trial_type":"external-html","trial_index":27,"time_elapsed":521005,"internal_node_id":"0.0-9.0-0.19"},{"rt":5628,"url":"../static/nodeGraphs.html","edge":"3to6","edgeRT":"3868","flipped":"TRUE","correct_edge":"3to6","index":"22","edgeClickLog":"[{\"edgeSelection\":\"3to6\",\"edgeRTMS\":3868}]","seed":" 22809663","task":"experiment","subjectId":"6rt2lsysvw8p1ul","trial_type":"external-html","trial_index":28,"time_elapsed":527255,"internal_node_id":"0.0-9.0-0.20"},{"rt":5431,"url":"../static/nodeGraphs.html","edge":"0to1","edgeRT":"3704","flipped":"FALSE","correct_edge":"0to1","index":"19","edgeClickLog":"[{\"edgeSelection\":\"0to1\",\"edgeRTMS\":3704}]","seed":" 37422119","task":"experiment","subjectId":"6rt2lsysvw8p1ul","trial_type":"external-html","trial_index":29,"time_elapsed":533307,"internal_node_id":"0.0-9.0-0.21"},{"rt":6403,"url":"../static/nodeGraphs.html","edge":"4to8","edgeRT":"4666","flipped":"FALSE","correct_edge":"4to8","index":"1","edgeClickLog":"[{\"edgeSelection\":\"4to8\",\"edgeRTMS\":4666}]","seed":" 32816305","task":"experiment","subjectId":"6rt2lsysvw8p1ul","trial_type":"external-html","trial_index":30,"time_elapsed":540324,"internal_node_id":"0.0-9.0-0.22"},{"rt":5748,"url":"../static/nodeGraphs.html","edge":"1to5","edgeRT":"3999","flipped":"TRUE","correct_edge":"5to7","index":"36","edgeClickLog":"[{\"edgeSelection\":\"1to5\",\"edgeRTMS\":3999}]","seed":" 5655743","task":"experiment","subjectId":"6rt2lsysvw8p1ul","trial_type":"external-html","trial_index":31,"time_elapsed":546689,"internal_node_id":"0.0-9.0-0.23"},{"rt":5617,"url":"../static/nodeGraphs.html","edge":"0to3","edgeRT":"2641","flipped":"TRUE","correct_edge":"0to3","index":"39","edgeClickLog":"[{\"edgeSelection\":\"0to3\",\"edgeRTMS\":2641}]","seed":" 37422119","task":"experiment","subjectId":"6rt2lsysvw8p1ul","trial_type":"external-html","trial_index":32,"time_elapsed":552924,"internal_node_id":"0.0-9.0-0.24"},{"rt":7916,"url":"../static/nodeGraphs.html","edge":"0to1","edgeRT":"5735","flipped":"TRUE","correct_edge":"2to4","index":"35","edgeClickLog":"[{\"edgeSelection\":\"5to8\",\"edgeRTMS\":2453},{\"edgeSelection\":\"5to8\",\"edgeRTMS\":3278},{\"edgeSelection\":\"0to1\",\"edgeRTMS\":5735}]","seed":" 53220770","task":"experiment","subjectId":"6rt2lsysvw8p1ul","trial_type":"external-html","trial_index":33,"time_elapsed":561682,"internal_node_id":"0.0-9.0-0.25"},{"rt":4422,"url":"../static/nodeGraphs.html","edge":"0to3","edgeRT":"1937","flipped":"FALSE","correct_edge":"4to7","index":"6","edgeClickLog":"[{\"edgeSelection\":\"0to3\",\"edgeRTMS\":1937}]","seed":" 13523788","task":"experiment","subjectId":"6rt2lsysvw8p1ul","trial_type":"external-html","trial_index":34,"time_elapsed":567948,"internal_node_id":"0.0-9.0-0.26"},{"rt":7888,"url":"../static/nodeGraphs.html","edge":"0to3","edgeRT":"5352","flipped":"TRUE","correct_edge":"0to2","index":"30","edgeClickLog":"[{\"edgeSelection\":\"0to3\",\"edgeRTMS\":5352}]","seed":" 39688702","task":"experiment","subjectId":"6rt2lsysvw8p1ul","trial_type":"external-html","trial_index":35,"time_elapsed":576455,"internal_node_id":"0.0-9.0-0.27"},{"rt":10875,"url":"../static/nodeGraphs.html","edge":"2to4","edgeRT":"8427","flipped":"TRUE","correct_edge":"0to2","index":"33","edgeClickLog":"[{\"edgeSelection\":\"0to2\",\"edgeRTMS\":3339},{\"edgeSelection\":\"2to4\",\"edgeRTMS\":8427}]","seed":" 49587019","task":"experiment","subjectId":"6rt2lsysvw8p1ul","trial_type":"external-html","trial_index":36,"time_elapsed":588169,"internal_node_id":"0.0-9.0-0.28"},{"rt":9424,"url":"../static/nodeGraphs.html","edge":"0to3","edgeRT":"7203","flipped":"TRUE","correct_edge":"0to2","index":"34","edgeClickLog":"[{\"edgeSelection\":\"0to3\",\"edgeRTMS\":7203}]","seed":" 21083760","task":"experiment","subjectId":"6rt2lsysvw8p1ul","trial_type":"external-html","trial_index":37,"time_elapsed":598231,"internal_node_id":"0.0-9.0-0.29"},{"rt":5897,"url":"../static/nodeGraphs.html","edge":"0to2","edgeRT":"2998","flipped":"FALSE","correct_edge":"0to2","index":"11","edgeClickLog":"[{\"edgeSelection\":\"0to2\",\"edgeRTMS\":2998}]","seed":" 63833578","task":"experiment","subjectId":"6rt2lsysvw8p1ul","trial_type":"external-html","trial_index":38,"time_elapsed":604747,"internal_node_id":"0.0-9.0-0.30"},{"rt":5449,"url":"../static/nodeGraphs.html","edge":"0to1","edgeRT":"3760","flipped":"FALSE","correct_edge":"0to2","index":"10","edgeClickLog":"[{\"edgeSelection\":\"0to1\",\"edgeRTMS\":3760}]","seed":" 39688702","task":"experiment","subjectId":"6rt2lsysvw8p1ul","trial_type":"external-html","trial_index":39,"time_elapsed":610812,"internal_node_id":"0.0-9.0-0.31"},{"rt":4116,"url":"../static/nodeGraphs.html","edge":"1to4","edgeRT":"2480","flipped":"FALSE","correct_edge":"1to4","index":"2","edgeClickLog":"[{\"edgeSelection\":\"1to4\",\"edgeRTMS\":2480}]","seed":" 22809663","task":"experiment","subjectId":"6rt2lsysvw8p1ul","trial_type":"external-html","trial_index":40,"time_elapsed":615560,"internal_node_id":"0.0-9.0-0.32"},{"rt":4072,"url":"../static/nodeGraphs.html","edge":"0to1","edgeRT":"2222","flipped":"TRUE","correct_edge":"0to1","index":"32","edgeClickLog":"[{\"edgeSelection\":\"0to1\",\"edgeRTMS\":2222}]","seed":" 36895371","task":"experiment","subjectId":"6rt2lsysvw8p1ul","trial_type":"external-html","trial_index":41,"time_elapsed":620440,"internal_node_id":"0.0-9.0-0.33"},{"rt":6850,"url":"../static/nodeGraphs.html","edge":"3to5","edgeRT":"5539","flipped":"FALSE","correct_edge":"5to9","index":"16","edgeClickLog":"[{\"edgeSelection\":\"0to2\",\"edgeRTMS\":2478},{\"edgeSelection\":\"3to5\",\"edgeRTMS\":5539}]","seed":" 5655743","task":"experiment","subjectId":"6rt2lsysvw8p1ul","trial_type":"external-html","trial_index":42,"time_elapsed":627908,"internal_node_id":"0.0-9.0-0.34"},{"rt":5992,"url":"../static/nodeGraphs.html","edge":"0to3","edgeRT":"3109","flipped":"FALSE","correct_edge":"0to3","index":"9","edgeClickLog":"[{\"edgeSelection\":\"0to3\",\"edgeRTMS\":3109}]","seed":" 61187187","task":"experiment","subjectId":"6rt2lsysvw8p1ul","trial_type":"external-html","trial_index":43,"time_elapsed":634622,"internal_node_id":"0.0-9.0-0.35"},{"rt":11139,"url":"../static/nodeGraphs.html","edge":"0to1","edgeRT":"9238","flipped":"FALSE","correct_edge":"0to2","index":"14","edgeClickLog":"[{\"edgeSelection\":\"0to1\",\"edgeRTMS\":9238}]","seed":" 21083760","task":"experiment","subjectId":"6rt2lsysvw8p1ul","trial_type":"external-html","trial_index":44,"time_elapsed":646375,"internal_node_id":"0.0-9.0-0.36"},{"rt":3866,"url":"../static/nodeGraphs.html","edge":"0to2","edgeRT":"2164","flipped":"FALSE","correct_edge":"0to2","index":"17","edgeClickLog":"[{\"edgeSelection\":\"0to2\",\"edgeRTMS\":2164}]","seed":" 21211189","task":"experiment","subjectId":"6rt2lsysvw8p1ul","trial_type":"external-html","trial_index":45,"time_elapsed":650853,"internal_node_id":"0.0-9.0-0.37"},{"rt":5835,"url":"../static/nodeGraphs.html","edge":"0to2","edgeRT":"3687","flipped":"TRUE","correct_edge":"0to2","index":"31","edgeClickLog":"[{\"edgeSelection\":\"0to2\",\"edgeRTMS\":3687}]","seed":" 63833578","task":"experiment","subjectId":"6rt2lsysvw8p1ul","trial_type":"external-html","trial_index":46,"time_elapsed":657305,"internal_node_id":"0.0-9.0-0.38"},{"rt":8442,"url":"../static/nodeGraphs.html","edge":"6to8","edgeRT":"6994","flipped":"TRUE","correct_edge":"6to8","index":"21","edgeClickLog":"[{\"edgeSelection\":\"6to8\",\"edgeRTMS\":6994}]","seed":" 32816305","task":"experiment","subjectId":"6rt2lsysvw8p1ul","trial_type":"external-html","trial_index":47,"time_elapsed":666362,"internal_node_id":"0.0-9.0-0.39"},{"rt":33565,"response":{"P0_Q0":null,"P0_Q1":6,"P0_Q2":5,"P0_Q3":5,"P0_Q4":5,"P0_Q5":1,"strategies":"looking for the path with most points ","feedback":"fun!"},"accuracy":[],"trial_type":"survey","trial_index":48,"time_elapsed":700517,"internal_node_id":"0.0-10.0"},{"rt":4602,"stimulus":"<p>Thanks for your time!</p>        <p>We need to manually calculate your bonus pay, please give us up to 7 days.</p><p>Press any key to conclude.</p>","response":" ","task":"end","subjectId":"6rt2lsysvw8p1ul","trial_type":"html-keyboard-response","trial_index":49,"time_elapsed":705121,"internal_node_id":"0.0-11.0","interactions":"[{\"event\":\"fullscreenenter\",\"trial\":1,\"time\":2932},{\"event\":\"blur\",\"trial\":14,\"time\":402744},{\"event\":\"fullscreenexit\",\"trial\":14,\"time\":402751},{\"event\":\"focus\",\"trial\":14,\"time\":402894},{\"event\":\"blur\",\"trial\":15,\"time\":422662},{\"event\":\"focus\",\"trial\":15,\"time\":422821}]"}]