[{"success":true,"timeout":false,"failed_images":[],"failed_audio":[],"failed_video":[],"trial_type":"preload","trial_index":0,"time_elapsed":1458,"internal_node_id":"0.0-0.0"},{"success":true,"trial_type":"fullscreen","trial_index":1,"time_elapsed":6691,"internal_node_id":"0.0-1.0"},{"rt":16079,"stimulus":"Welcome to the experiment. Press any key to begin.","response":"unidentified","trial_type":"html-keyboard-response","trial_index":2,"time_elapsed":22772,"internal_node_id":"0.0-2.0"},{"view_history":[{"page_index":0,"viewing_time":4768},{"page_index":1,"viewing_time":5982},{"page_index":2,"viewing_time":28507},{"page_index":3,"viewing_time":15024},{"page_index":4,"viewing_time":1760},{"page_index":5,"viewing_time":1192},{"page_index":6,"viewing_time":4032},{"page_index":7,"viewing_time":11824},{"page_index":8,"viewing_time":21320},{"page_index":9,"viewing_time":6992},{"page_index":10,"viewing_time":3464},{"page_index":11,"viewing_time":713},{"page_index":12,"viewing_time":582},{"page_index":13,"viewing_time":2560},{"page_index":14,"viewing_time":3674},{"page_index":15,"viewing_time":9646},{"page_index":16,"viewing_time":2682},{"page_index":17,"viewing_time":494},{"page_index":18,"viewing_time":544},{"page_index":19,"viewing_time":14280},{"page_index":20,"viewing_time":5840},{"page_index":21,"viewing_time":4536}],"rt":150417,"trial_type":"instructions","trial_index":3,"time_elapsed":173190,"internal_node_id":"0.0-3.0"},{"rt":82079,"url":"../static/nodeGraphsTraining.html","edgeClickLog":[],"trial_type":"external-html","trial_index":4,"time_elapsed":255558,"internal_node_id":"0.0-4.0"},{"rt":34092,"response":{"q1":"The goal is to help the student to get the most points","q2":"False","q3":"Possible paths the student can take.","q4":"Paths that the student took before."},"question_order":[0,1,2,3],"trial_type":"survey-multi-choice","trial_index":5,"time_elapsed":289654,"internal_node_id":"0.0-5.0"},{"rt":4886,"stimulus":"<p>You can take a 60 second break before starting the experiment.</p><br><br><p>This page will advance in 60 seconds or you can press any key to advance now.</p>","response":"unidentified","trial_type":"html-keyboard-response","trial_index":6,"time_elapsed":294542,"internal_node_id":"0.0-7.0"},{"view_history":[{"page_index":0,"viewing_time":15590}],"rt":15590,"trial_type":"instructions","trial_index":7,"time_elapsed":310133,"internal_node_id":"0.0-8.0"},{"rt":40347,"url":"../static/nodeGraphs.html","edge":"0to2","edgeRT":"22643","flipped":"FALSE","correct_edge":"0to2","index":"13","edgeClickLog":"[{\"edgeSelection\":\"0to2\",\"edgeRTMS\":22080},{\"edgeSelection\":\"0to2\",\"edgeRTMS\":22643}]","seed":" 49587019","task":"experiment","subjectId":"70mxptmoct2r9ms","trial_type":"external-html","trial_index":8,"time_elapsed":350678,"internal_node_id":"0.0-9.0-0.0"},{"rt":23736,"url":"../static/nodeGraphs.html","edge":"0to1","edgeRT":"17599","flipped":"TRUE","correct_edge":"0to3","index":"20","edgeClickLog":"[{\"edgeSelection\":\"0to1\",\"edgeRTMS\":17599}]","seed":" 21745736","task":"experiment","subjectId":"70mxptmoct2r9ms","trial_type":"external-html","trial_index":9,"time_elapsed":375109,"internal_node_id":"0.0-9.0-0.1"},{"rt":19188,"url":"../static/nodeGraphs.html","edge":"0to2","edgeRT":"14754","flipped":"FALSE","correct_edge":"0to2","index":"17","edgeClickLog":"[{\"edgeSelection\":\"0to2\",\"edgeRTMS\":14176},{\"edgeSelection\":\"0to2\",\"edgeRTMS\":14754}]","seed":" 21211189","task":"experiment","subjectId":"70mxptmoct2r9ms","trial_type":"external-html","trial_index":10,"time_elapsed":394997,"internal_node_id":"0.0-9.0-0.2"},{"rt":35547,"url":"../static/nodeGraphs.html","edge":"4to8","edgeRT":"22591","flipped":"FALSE","correct_edge":"4to8","index":"1","edgeClickLog":"[{\"edgeSelection\":\"4to8\",\"edgeRTMS\":21979},{\"edgeSelection\":\"4to8\",\"edgeRTMS\":22591}]","seed":" 32816305","task":"experiment","subjectId":"70mxptmoct2r9ms","trial_type":"external-html","trial_index":11,"time_elapsed":431246,"internal_node_id":"0.0-9.0-0.3"},{"rt":25088,"url":"../static/nodeGraphs.html","edge":"0to3","edgeRT":"18798","flipped":"TRUE","correct_edge":"5to8","index":"23","edgeClickLog":"[{\"edgeSelection\":\"0to3\",\"edgeRTMS\":18798}]","seed":" 46003743","task":"experiment","subjectId":"70mxptmoct2r9ms","trial_type":"external-html","trial_index":12,"time_elapsed":457038,"internal_node_id":"0.0-9.0-0.4"},{"rt":26159,"url":"../static/nodeGraphs.html","edge":"0to2","edgeRT":"22723","flipped":"TRUE","correct_edge":"0to2","index":"31","edgeClickLog":"[{\"edgeSelection\":\"0to2\",\"edgeRTMS\":22249},{\"edgeSelection\":\"0to2\",\"edgeRTMS\":22723}]","seed":" 63833578","task":"experiment","subjectId":"70mxptmoct2r9ms","trial_type":"external-html","trial_index":13,"time_elapsed":483893,"internal_node_id":"0.0-9.0-0.5"},{"rt":20918,"url":"../static/nodeGraphs.html","edge":"0to2","edgeRT":"9345","flipped":"FALSE","correct_edge":"0to2","index":"8","edgeClickLog":"[{\"edgeSelection\":\"0to2\",\"edgeRTMS\":9345}]","seed":" 8396978","task":"experiment","subjectId":"70mxptmoct2r9ms","trial_type":"external-html","trial_index":14,"time_elapsed":505510,"internal_node_id":"0.0-9.0-0.6"},{"rt":36320,"url":"../static/nodeGraphs.html","edge":"3to5","edgeRT":"25147","flipped":"FALSE","correct_edge":"5to9","index":"16","edgeClickLog":"[{\"edgeSelection\":\"3to5\",\"edgeRTMS\":25147}]","seed":" 5655743","task":"experiment","subjectId":"70mxptmoct2r9ms","trial_type":"external-html","trial_index":15,"time_elapsed":542533,"internal_node_id":"0.0-9.0-0.7"},{"rt":14776,"url":"../static/nodeGraphs.html","edge":"0to1","edgeRT":"8933","flipped":"TRUE","correct_edge":"0to1","index":"29","edgeClickLog":"[{\"edgeSelection\":\"0to1\",\"edgeRTMS\":8933}]","seed":" 61187187","task":"experiment","subjectId":"70mxptmoct2r9ms","trial_type":"external-html","trial_index":16,"time_elapsed":558012,"internal_node_id":"0.0-9.0-0.8"},{"rt":20925,"url":"../static/nodeGraphs.html","edge":"2to4","edgeRT":"14086","flipped":"TRUE","correct_edge":"0to2","index":"33","edgeClickLog":"[{\"edgeSelection\":\"2to4\",\"edgeRTMS\":14086}]","seed":" 49587019","task":"experiment","subjectId":"70mxptmoct2r9ms","trial_type":"external-html","trial_index":17,"time_elapsed":579638,"internal_node_id":"0.0-9.0-0.9"},{"rt":12205,"url":"../static/nodeGraphs.html","edge":"0to2","edgeRT":"4352","flipped":"TRUE","correct_edge":"0to2","index":"37","edgeClickLog":"[{\"edgeSelection\":\"0to2\",\"edgeRTMS\":4352}]","seed":" 21211189","task":"experiment","subjectId":"70mxptmoct2r9ms","trial_type":"external-html","trial_index":18,"time_elapsed":592540,"internal_node_id":"0.0-9.0-0.10"},{"rt":15811,"url":"../static/nodeGraphs.html","edge":"0to1","edgeRT":"12962","flipped":"TRUE","correct_edge":"2to4","index":"35","edgeClickLog":"[{\"edgeSelection\":\"0to1\",\"edgeRTMS\":4674},{\"edgeSelection\":\"1to4\",\"edgeRTMS\":11070},{\"edgeSelection\":\"0to1\",\"edgeRTMS\":12962}]","seed":" 53220770","task":"experiment","subjectId":"70mxptmoct2r9ms","trial_type":"external-html","trial_index":19,"time_elapsed":609046,"internal_node_id":"0.0-9.0-0.11"},{"rt":14917,"url":"../static/nodeGraphs.html","edge":"0to2","edgeRT":"4960","flipped":"FALSE","correct_edge":"3to5","index":"18","edgeClickLog":"[{\"edgeSelection\":\"0to2\",\"edgeRTMS\":4960}]","seed":" 22181670","task":"experiment","subjectId":"70mxptmoct2r9ms","trial_type":"external-html","trial_index":20,"time_elapsed":624652,"internal_node_id":"0.0-9.0-0.12"},{"rt":18323,"url":"../static/nodeGraphs.html","edge":"0to2","edgeRT":"12636","flipped":"TRUE","correct_edge":"0to2","index":"28","edgeClickLog":"[{\"edgeSelection\":\"0to2\",\"edgeRTMS\":12636}]","seed":" 8396978","task":"experiment","subjectId":"70mxptmoct2r9ms","trial_type":"external-html","trial_index":21,"time_elapsed":643675,"internal_node_id":"0.0-9.0-0.13"},{"rt":19065,"url":"../static/nodeGraphs.html","edge":"0to1","edgeRT":"14052","flipped":"TRUE","correct_edge":"6to9","index":"26","edgeClickLog":"[{\"edgeSelection\":\"0to1\",\"edgeRTMS\":14052}]","seed":" 13523788","task":"experiment","subjectId":"70mxptmoct2r9ms","trial_type":"external-html","trial_index":22,"time_elapsed":663443,"internal_node_id":"0.0-9.0-0.14"},{"rt":18979,"url":"../static/nodeGraphs.html","edge":"0to1","edgeRT":"14310","flipped":"TRUE","correct_edge":"0to1","index":"32","edgeClickLog":"[{\"edgeSelection\":\"0to1\",\"edgeRTMS\":14310}]","seed":" 36895371","task":"experiment","subjectId":"70mxptmoct2r9ms","trial_type":"external-html","trial_index":23,"time_elapsed":683124,"internal_node_id":"0.0-9.0-0.15"},{"rt":23673,"url":"../static/nodeGraphs.html","edge":"5to8","edgeRT":"13889","flipped":"FALSE","correct_edge":"5to8","index":"3","edgeClickLog":"[{\"edgeSelection\":\"5to8\",\"edgeRTMS\":13889}]","seed":" 46003743","task":"experiment","subjectId":"70mxptmoct2r9ms","trial_type":"external-html","trial_index":24,"time_elapsed":707499,"internal_node_id":"0.0-9.0-0.16"},{"rt":14682,"url":"../static/nodeGraphs.html","edge":"0to2","edgeRT":"8428","flipped":"FALSE","correct_edge":"0to2","index":"14","edgeClickLog":"[{\"edgeSelection\":\"0to2\",\"edgeRTMS\":8428}]","seed":" 21083760","task":"experiment","subjectId":"70mxptmoct2r9ms","trial_type":"external-html","trial_index":25,"time_elapsed":722877,"internal_node_id":"0.0-9.0-0.17"},{"rt":15919,"url":"../static/nodeGraphs.html","edge":"0to3","edgeRT":"6293","flipped":"FALSE","correct_edge":"0to3","index":"9","edgeClickLog":"[{\"edgeSelection\":\"0to3\",\"edgeRTMS\":6293}]","seed":" 61187187","task":"experiment","subjectId":"70mxptmoct2r9ms","trial_type":"external-html","trial_index":26,"time_elapsed":739490,"internal_node_id":"0.0-9.0-0.18"},{"rt":12666,"url":"../static/nodeGraphs.html","edge":"0to1","edgeRT":"7254","flipped":"FALSE","correct_edge":"0to2","index":"7","edgeClickLog":"[{\"edgeSelection\":\"0to1\",\"edgeRTMS\":7254}]","seed":" 85614324","task":"experiment","subjectId":"70mxptmoct2r9ms","trial_type":"external-html","trial_index":27,"time_elapsed":752859,"internal_node_id":"0.0-9.0-0.19"},{"rt":13652,"url":"../static/nodeGraphs.html","edge":"0to3","edgeRT":"6903","flipped":"TRUE","correct_edge":"0to2","index":"34","edgeClickLog":"[{\"edgeSelection\":\"0to3\",\"edgeRTMS\":6903}]","seed":" 21083760","task":"experiment","subjectId":"70mxptmoct2r9ms","trial_type":"external-html","trial_index":28,"time_elapsed":767211,"internal_node_id":"0.0-9.0-0.20"},{"rt":13123,"url":"../static/nodeGraphs.html","edge":"0to1","edgeRT":"8478","flipped":"FALSE","correct_edge":"0to1","index":"0","edgeClickLog":"[{\"edgeSelection\":\"0to1\",\"edgeRTMS\":8478}]","seed":" 21745736","task":"experiment","subjectId":"70mxptmoct2r9ms","trial_type":"external-html","trial_index":29,"time_elapsed":781027,"internal_node_id":"0.0-9.0-0.21"},{"rt":305769,"url":"../static/nodeGraphs.html","edge":"2to6","edgeRT":"18982","flipped":"TRUE","correct_edge":"2to6","index":"24","edgeClickLog":"[{\"edgeSelection\":\"2to6\",\"edgeRTMS\":18982}]","seed":" 36501291","task":"experiment","subjectId":"70mxptmoct2r9ms","trial_type":"external-html","trial_index":30,"time_elapsed":1087506,"internal_node_id":"0.0-9.0-0.22"},{"rt":15296,"url":"../static/nodeGraphs.html","edge":"1to5","edgeRT":"8943","flipped":"TRUE","correct_edge":"5to7","index":"36","edgeClickLog":"[{\"edgeSelection\":\"1to5\",\"edgeRTMS\":8069},{\"edgeSelection\":\"1to5\",\"edgeRTMS\":8943}]","seed":" 5655743","task":"experiment","subjectId":"70mxptmoct2r9ms","trial_type":"external-html","trial_index":31,"time_elapsed":1103498,"internal_node_id":"0.0-9.0-0.23"},{"rt":10281,"url":"../static/nodeGraphs.html","edge":"3to6","edgeRT":"5453","flipped":"TRUE","correct_edge":"3to6","index":"22","edgeClickLog":"[{\"edgeSelection\":\"3to6\",\"edgeRTMS\":5453}]","seed":" 22809663","task":"experiment","subjectId":"70mxptmoct2r9ms","trial_type":"external-html","trial_index":32,"time_elapsed":1114474,"internal_node_id":"0.0-9.0-0.24"},{"rt":19100,"url":"../static/nodeGraphs.html","edge":"0to2","edgeRT":"8118","flipped":"TRUE","correct_edge":"0to2","index":"30","edgeClickLog":"[{\"edgeSelection\":\"0to2\",\"edgeRTMS\":8118}]","seed":" 39688702","task":"experiment","subjectId":"70mxptmoct2r9ms","trial_type":"external-html","trial_index":33,"time_elapsed":1134268,"internal_node_id":"0.0-9.0-0.25"},{"rt":12119,"url":"../static/nodeGraphs.html","edge":"2to4","edgeRT":"7835","flipped":"FALSE","correct_edge":"2to4","index":"5","edgeClickLog":"[{\"edgeSelection\":\"2to4\",\"edgeRTMS\":7835}]","seed":" 10409262","task":"experiment","subjectId":"70mxptmoct2r9ms","trial_type":"external-html","trial_index":34,"time_elapsed":1147082,"internal_node_id":"0.0-9.0-0.26"},{"rt":12179,"url":"../static/nodeGraphs.html","edge":"1to4","edgeRT":"6503","flipped":"FALSE","correct_edge":"1to4","index":"2","edgeClickLog":"[{\"edgeSelection\":\"1to4\",\"edgeRTMS\":6503}]","seed":" 22809663","task":"experiment","subjectId":"70mxptmoct2r9ms","trial_type":"external-html","trial_index":35,"time_elapsed":1159962,"internal_node_id":"0.0-9.0-0.27"},{"rt":12329,"url":"../static/nodeGraphs.html","edge":"2to6","edgeRT":"6206","flipped":"TRUE","correct_edge":"2to6","index":"25","edgeClickLog":"[{\"edgeSelection\":\"2to6\",\"edgeRTMS\":6206}]","seed":" 10409262","task":"experiment","subjectId":"70mxptmoct2r9ms","trial_type":"external-html","trial_index":36,"time_elapsed":1172986,"internal_node_id":"0.0-9.0-0.28"},{"rt":14391,"url":"../static/nodeGraphs.html","edge":"0to2","edgeRT":"9883","flipped":"TRUE","correct_edge":"0to2","index":"27","edgeClickLog":"[{\"edgeSelection\":\"0to2\",\"edgeRTMS\":9883}]","seed":" 85614324","task":"experiment","subjectId":"70mxptmoct2r9ms","trial_type":"external-html","trial_index":37,"time_elapsed":1188074,"internal_node_id":"0.0-9.0-0.29"},{"rt":13540,"url":"../static/nodeGraphs.html","edge":"0to2","edgeRT":"8553","flipped":"TRUE","correct_edge":"1to5","index":"38","edgeClickLog":"[{\"edgeSelection\":\"0to2\",\"edgeRTMS\":8029},{\"edgeSelection\":\"0to2\",\"edgeRTMS\":8553}]","seed":" 22181670","task":"experiment","subjectId":"70mxptmoct2r9ms","trial_type":"external-html","trial_index":38,"time_elapsed":1202314,"internal_node_id":"0.0-9.0-0.30"},{"rt":9870,"url":"../static/nodeGraphs.html","edge":"0to1","edgeRT":"5855","flipped":"FALSE","correct_edge":"0to1","index":"19","edgeClickLog":"[{\"edgeSelection\":\"0to1\",\"edgeRTMS\":5855}]","seed":" 37422119","task":"experiment","subjectId":"70mxptmoct2r9ms","trial_type":"external-html","trial_index":39,"time_elapsed":1212884,"internal_node_id":"0.0-9.0-0.31"},{"rt":33185,"url":"../static/nodeGraphs.html","edge":"6to8","edgeRT":"23185","flipped":"TRUE","correct_edge":"6to8","index":"21","edgeClickLog":"[{\"edgeSelection\":\"0to3\",\"edgeRTMS\":8877},{\"edgeSelection\":\"0to3\",\"edgeRTMS\":19536},{\"edgeSelection\":\"0to3\",\"edgeRTMS\":20048},{\"edgeSelection\":\"0to3\",\"edgeRTMS\":20576},{\"edgeSelection\":\"0to3\",\"edgeRTMS\":21035},{\"edgeSelection\":\"0to3\",\"edgeRTMS\":21392},{\"edgeSelection\":\"6to8\",\"edgeRTMS\":23185}]","seed":" 32816305","task":"experiment","subjectId":"70mxptmoct2r9ms","trial_type":"external-html","trial_index":40,"time_elapsed":1246771,"internal_node_id":"0.0-9.0-0.32"},{"rt":8070,"url":"../static/nodeGraphs.html","edge":"0to3","edgeRT":"4713","flipped":"FALSE","correct_edge":"2to6","index":"15","edgeClickLog":"[{\"edgeSelection\":\"0to3\",\"edgeRTMS\":4713}]","seed":" 53220770","task":"experiment","subjectId":"70mxptmoct2r9ms","trial_type":"external-html","trial_index":41,"time_elapsed":1255540,"internal_node_id":"0.0-9.0-0.33"},{"rt":13639,"url":"../static/nodeGraphs.html","edge":"2to4","edgeRT":"9275","flipped":"FALSE","correct_edge":"2to4","index":"4","edgeClickLog":"[{\"edgeSelection\":\"2to4\",\"edgeRTMS\":9275}]","seed":" 36501291","task":"experiment","subjectId":"70mxptmoct2r9ms","trial_type":"external-html","trial_index":42,"time_elapsed":1269874,"internal_node_id":"0.0-9.0-0.34"},{"rt":12793,"url":"../static/nodeGraphs.html","edge":"0to2","edgeRT":"6685","flipped":"FALSE","correct_edge":"0to2","index":"11","edgeClickLog":"[{\"edgeSelection\":\"0to2\",\"edgeRTMS\":6685}]","seed":" 63833578","task":"experiment","subjectId":"70mxptmoct2r9ms","trial_type":"external-html","trial_index":43,"time_elapsed":1283361,"internal_node_id":"0.0-9.0-0.35"},{"rt":12054,"url":"../static/nodeGraphs.html","edge":"0to3","edgeRT":"6602","flipped":"FALSE","correct_edge":"0to3","index":"12","edgeClickLog":"[{\"edgeSelection\":\"0to3\",\"edgeRTMS\":6602}]","seed":" 36895371","task":"experiment","subjectId":"70mxptmoct2r9ms","trial_type":"external-html","trial_index":44,"time_elapsed":1296113,"internal_node_id":"0.0-9.0-0.36"},{"rt":10996,"url":"../static/nodeGraphs.html","edge":"0to3","edgeRT":"6295","flipped":"TRUE","correct_edge":"0to3","index":"39","edgeClickLog":"[{\"edgeSelection\":\"0to3\",\"edgeRTMS\":6295}]","seed":" 37422119","task":"experiment","subjectId":"70mxptmoct2r9ms","trial_type":"external-html","trial_index":45,"time_elapsed":1307809,"internal_node_id":"0.0-9.0-0.37"},{"rt":14011,"url":"../static/nodeGraphs.html","edge":"0to3","edgeRT":"6830","flipped":"FALSE","correct_edge":"4to7","index":"6","edgeClickLog":"[{\"edgeSelection\":\"0to3\",\"edgeRTMS\":6830}]","seed":" 13523788","task":"experiment","subjectId":"70mxptmoct2r9ms","trial_type":"external-html","trial_index":46,"time_elapsed":1322521,"internal_node_id":"0.0-9.0-0.38"},{"rt":16386,"url":"../static/nodeGraphs.html","edge":"0to1","edgeRT":"7662","flipped":"FALSE","correct_edge":"0to2","index":"10","edgeClickLog":"[{\"edgeSelection\":\"0to1\",\"edgeRTMS\":7662}]","seed":" 39688702","task":"experiment","subjectId":"70mxptmoct2r9ms","trial_type":"external-html","trial_index":47,"time_elapsed":1339609,"internal_node_id":"0.0-9.0-0.39"},{"rt":130038,"response":{"P0_Q0":null,"P0_Q1":2,"P0_Q2":7,"P0_Q3":7,"P0_Q4":2,"P0_Q5":1,"strategies":"Work out how many points the student had currently and then try and work out which path would give them more","feedback":""},"accuracy":[],"trial_type":"survey","trial_index":48,"time_elapsed":1470219,"internal_node_id":"0.0-10.0"},{"rt":4624,"stimulus":"<p>Thanks for your time!</p>        <p>We need to manually calculate your bonus pay, please give us up to 7 days.</p><p>Press any key to conclude.</p>","response":"unidentified","task":"end","subjectId":"70mxptmoct2r9ms","trial_type":"html-keyboard-response","trial_index":49,"time_elapsed":1474845,"internal_node_id":"0.0-11.0","interactions":"[{\"event\":\"fullscreenenter\",\"trial\":1,\"time\":5705},{\"event\":\"fullscreenexit\",\"trial\":2,\"time\":12273}]"}]