[{"success":true,"timeout":false,"failed_images":[],"failed_audio":[],"failed_video":[],"trial_type":"preload","trial_index":0,"time_elapsed":1340,"internal_node_id":"0.0-0.0"},{"success":true,"trial_type":"fullscreen","trial_index":1,"time_elapsed":108931,"internal_node_id":"0.0-1.0"},{"rt":2441,"stimulus":"Welcome to the experiment. Press any key to begin.","response":" ","trial_type":"html-keyboard-response","trial_index":2,"time_elapsed":111374,"internal_node_id":"0.0-2.0"},{"view_history":[{"page_index":0,"viewing_time":3290},{"page_index":1,"viewing_time":10929},{"page_index":2,"viewing_time":113340},{"page_index":3,"viewing_time":5152},{"page_index":4,"viewing_time":3104},{"page_index":5,"viewing_time":1768},{"page_index":6,"viewing_time":3457},{"page_index":7,"viewing_time":12449},{"page_index":8,"viewing_time":222400},{"page_index":9,"viewing_time":128311},{"page_index":10,"viewing_time":356653},{"page_index":11,"viewing_time":5169},{"page_index":12,"viewing_time":1912},{"page_index":13,"viewing_time":6257},{"page_index":14,"viewing_time":381258},{"page_index":15,"viewing_time":57070},{"page_index":16,"viewing_time":20139},{"page_index":17,"viewing_time":2138},{"page_index":18,"viewing_time":2718},{"page_index":19,"viewing_time":14242},{"page_index":20,"viewing_time":8838},{"page_index":21,"viewing_time":6762},{"page_index":20,"viewing_time":1376},{"page_index":19,"viewing_time":1367},{"page_index":18,"viewing_time":1056},{"page_index":17,"viewing_time":624},{"page_index":16,"viewing_time":536},{"page_index":15,"viewing_time":5401},{"page_index":14,"viewing_time":49667},{"page_index":13,"viewing_time":1233},{"page_index":12,"viewing_time":991},{"page_index":11,"viewing_time":482},{"page_index":10,"viewing_time":1446},{"page_index":9,"viewing_time":5322},{"page_index":8,"viewing_time":22931},{"page_index":9,"viewing_time":6153},{"page_index":10,"viewing_time":888},{"page_index":11,"viewing_time":433},{"page_index":12,"viewing_time":351},{"page_index":13,"viewing_time":1144},{"page_index":14,"viewing_time":4737},{"page_index":15,"viewing_time":12330},{"page_index":16,"viewing_time":2896},{"page_index":17,"viewing_time":736},{"page_index":18,"viewing_time":449},{"page_index":19,"viewing_time":1097},{"page_index":20,"viewing_time":4136},{"page_index":21,"viewing_time":60572}],"rt":1555707,"trial_type":"instructions","trial_index":3,"time_elapsed":1667083,"internal_node_id":"0.0-3.0"},{"rt":115262,"url":"../static/nodeGraphsTraining.html","edgeClickLog":[],"trial_type":"external-html","trial_index":4,"time_elapsed":1783182,"internal_node_id":"0.0-4.0"},{"rt":49132,"response":{"q1":"The goal is to help the student to get the most points","q2":"False","q3":"Possible paths the student can take.","q4":"Paths that the student took before."},"question_order":[0,1,2,3],"trial_type":"survey-multi-choice","trial_index":5,"time_elapsed":1832320,"internal_node_id":"0.0-5.0"},{"rt":null,"stimulus":"<p>You can take a 60 second break before starting the experiment.</p><br><br><p>This page will advance in 60 seconds or you can press any key to advance now.</p>","response":null,"trial_type":"html-keyboard-response","trial_index":6,"time_elapsed":1892330,"internal_node_id":"0.0-7.0"},{"view_history":[{"page_index":0,"viewing_time":90058}],"rt":90059,"trial_type":"instructions","trial_index":7,"time_elapsed":1982386,"internal_node_id":"0.0-8.0"},{"rt":33808,"url":"../static/nodeGraphs.html","edge":"3to6","edgeRT":"18778","flipped":"TRUE","correct_edge":"0to2","index":"28","edgeClickLog":"[{\"edgeSelection\":\"3to6\",\"edgeRTMS\":18778}]","seed":" 8396978","task":"experiment","subjectId":"mvpwr016rwh74zq","trial_type":"external-html","trial_index":8,"time_elapsed":2016655,"internal_node_id":"0.0-9.0-0.0"},{"rt":21449,"url":"../static/nodeGraphs.html","edge":"2to6","edgeRT":"14506","flipped":"FALSE","correct_edge":"2to6","index":"15","edgeClickLog":"[{\"edgeSelection\":\"2to6\",\"edgeRTMS\":14506}]","seed":" 53220770","task":"experiment","subjectId":"mvpwr016rwh74zq","trial_type":"external-html","trial_index":9,"time_elapsed":2039001,"internal_node_id":"0.0-9.0-0.1"},{"rt":51214,"url":"../static/nodeGraphs.html","edge":"0to1","edgeRT":"32331","flipped":"TRUE","correct_edge":"0to1","index":"29","edgeClickLog":"[{\"edgeSelection\":\"0to1\",\"edgeRTMS\":32331}]","seed":" 61187187","task":"experiment","subjectId":"mvpwr016rwh74zq","trial_type":"external-html","trial_index":10,"time_elapsed":2091077,"internal_node_id":"0.0-9.0-0.2"},{"rt":62460,"url":"../static/nodeGraphs.html","edge":"6to9","edgeRT":"49276","flipped":"FALSE","correct_edge":"0to3","index":"12","edgeClickLog":"[{\"edgeSelection\":\"6to9\",\"edgeRTMS\":39888},{\"edgeSelection\":\"3to6\",\"edgeRTMS\":44148},{\"edgeSelection\":\"6to9\",\"edgeRTMS\":49276}]","seed":" 36895371","task":"experiment","subjectId":"mvpwr016rwh74zq","trial_type":"external-html","trial_index":11,"time_elapsed":2154565,"internal_node_id":"0.0-9.0-0.3"},{"rt":44090,"url":"../static/nodeGraphs.html","edge":"3to6","edgeRT":"23831","flipped":"TRUE","correct_edge":"3to6","index":"22","edgeClickLog":"[{\"edgeSelection\":\"3to6\",\"edgeRTMS\":23831}]","seed":" 22809663","task":"experiment","subjectId":"mvpwr016rwh74zq","trial_type":"external-html","trial_index":12,"time_elapsed":2199698,"internal_node_id":"0.0-9.0-0.4"},{"rt":92509,"url":"../static/nodeGraphs.html","edge":"0to2","edgeRT":"89865","flipped":"FALSE","correct_edge":"3to5","index":"18","edgeClickLog":"[{\"edgeSelection\":\"2to5\",\"edgeRTMS\":13329},{\"edgeSelection\":\"0to2\",\"edgeRTMS\":45590},{\"edgeSelection\":\"2to5\",\"edgeRTMS\":78842},{\"edgeSelection\":\"0to2\",\"edgeRTMS\":88338},{\"edgeSelection\":\"0to2\",\"edgeRTMS\":89865}]","seed":" 22181670","task":"experiment","subjectId":"mvpwr016rwh74zq","trial_type":"external-html","trial_index":13,"time_elapsed":2293060,"internal_node_id":"0.0-9.0-0.5"},{"rt":22859,"url":"../static/nodeGraphs.html","edge":"0to1","edgeRT":"16855","flipped":"FALSE","correct_edge":"0to1","index":"0","edgeClickLog":"[{\"edgeSelection\":\"0to1\",\"edgeRTMS\":16855}]","seed":" 21745736","task":"experiment","subjectId":"mvpwr016rwh74zq","trial_type":"external-html","trial_index":14,"time_elapsed":2316912,"internal_node_id":"0.0-9.0-0.6"},{"rt":52737,"url":"../static/nodeGraphs.html","edge":"0to2","edgeRT":"36836","flipped":"TRUE","correct_edge":"0to2","index":"27","edgeClickLog":"[{\"edgeSelection\":\"2to5\",\"edgeRTMS\":18435},{\"edgeSelection\":\"0to2\",\"edgeRTMS\":25079},{\"edgeSelection\":\"2to5\",\"edgeRTMS\":33047},{\"edgeSelection\":\"0to2\",\"edgeRTMS\":36836}]","seed":" 85614324","task":"experiment","subjectId":"mvpwr016rwh74zq","trial_type":"external-html","trial_index":15,"time_elapsed":2370645,"internal_node_id":"0.0-9.0-0.7"},{"rt":35513,"url":"../static/nodeGraphs.html","edge":"0to3","edgeRT":"32386","flipped":"FALSE","correct_edge":"5to9","index":"16","edgeClickLog":"[{\"edgeSelection\":\"0to3\",\"edgeRTMS\":32386}]","seed":" 5655743","task":"experiment","subjectId":"mvpwr016rwh74zq","trial_type":"external-html","trial_index":16,"time_elapsed":2407137,"internal_node_id":"0.0-9.0-0.8"},{"rt":46554,"url":"../static/nodeGraphs.html","edge":"2to4","edgeRT":"38483","flipped":"FALSE","correct_edge":"0to2","index":"11","edgeClickLog":"[{\"edgeSelection\":\"2to4\",\"edgeRTMS\":18911},{\"edgeSelection\":\"0to2\",\"edgeRTMS\":22041},{\"edgeSelection\":\"2to4\",\"edgeRTMS\":38483}]","seed":" 63833578","task":"experiment","subjectId":"mvpwr016rwh74zq","trial_type":"external-html","trial_index":17,"time_elapsed":2454474,"internal_node_id":"0.0-9.0-0.9"},{"rt":45979,"url":"../static/nodeGraphs.html","edge":"1to4","edgeRT":"44901","flipped":"TRUE","correct_edge":"2to4","index":"35","edgeClickLog":"[{\"edgeSelection\":\"1to4\",\"edgeRTMS\":15076},{\"edgeSelection\":\"4to7\",\"edgeRTMS\":44083},{\"edgeSelection\":\"1to4\",\"edgeRTMS\":44901}]","seed":" 53220770","task":"experiment","subjectId":"mvpwr016rwh74zq","trial_type":"external-html","trial_index":18,"time_elapsed":2501203,"internal_node_id":"0.0-9.0-0.10"},{"rt":93794,"url":"../static/nodeGraphs.html","edge":"3to6","edgeRT":"64747","flipped":"TRUE","correct_edge":"0to2","index":"30","edgeClickLog":"[{\"edgeSelection\":\"3to6\",\"edgeRTMS\":63553},{\"edgeSelection\":\"3to6\",\"edgeRTMS\":64747}]","seed":" 39688702","task":"experiment","subjectId":"mvpwr016rwh74zq","trial_type":"external-html","trial_index":19,"time_elapsed":2595820,"internal_node_id":"0.0-9.0-0.11"},{"rt":17824,"url":"../static/nodeGraphs.html","edge":"5to8","edgeRT":"15533","flipped":"TRUE","correct_edge":"5to8","index":"23","edgeClickLog":"[{\"edgeSelection\":\"5to8\",\"edgeRTMS\":15533}]","seed":" 46003743","task":"experiment","subjectId":"mvpwr016rwh74zq","trial_type":"external-html","trial_index":20,"time_elapsed":2614676,"internal_node_id":"0.0-9.0-0.12"},{"rt":16591,"url":"../static/nodeGraphs.html","edge":"2to4","edgeRT":"12416","flipped":"FALSE","correct_edge":"2to4","index":"4","edgeClickLog":"[{\"edgeSelection\":\"2to4\",\"edgeRTMS\":11182},{\"edgeSelection\":\"2to4\",\"edgeRTMS\":12416}]","seed":" 36501291","task":"experiment","subjectId":"mvpwr016rwh74zq","trial_type":"external-html","trial_index":21,"time_elapsed":2632078,"internal_node_id":"0.0-9.0-0.13"},{"rt":25737,"url":"../static/nodeGraphs.html","edge":"1to4","edgeRT":"17647","flipped":"FALSE","correct_edge":"1to4","index":"2","edgeClickLog":"[{\"edgeSelection\":\"1to4\",\"edgeRTMS\":17647}]","seed":" 22809663","task":"experiment","subjectId":"mvpwr016rwh74zq","trial_type":"external-html","trial_index":22,"time_elapsed":2658730,"internal_node_id":"0.0-9.0-0.14"},{"rt":32207,"url":"../static/nodeGraphs.html","edge":"4to8","edgeRT":"21274","flipped":"FALSE","correct_edge":"0to2","index":"10","edgeClickLog":"[{\"edgeSelection\":\"4to8\",\"edgeRTMS\":21274}]","seed":" 39688702","task":"experiment","subjectId":"mvpwr016rwh74zq","trial_type":"external-html","trial_index":23,"time_elapsed":2691619,"internal_node_id":"0.0-9.0-0.15"},{"rt":13847,"url":"../static/nodeGraphs.html","edge":"1to5","edgeRT":"8350","flipped":"TRUE","correct_edge":"1to5","index":"38","edgeClickLog":"[{\"edgeSelection\":\"1to5\",\"edgeRTMS\":8350}]","seed":" 22181670","task":"experiment","subjectId":"mvpwr016rwh74zq","trial_type":"external-html","trial_index":24,"time_elapsed":2706238,"internal_node_id":"0.0-9.0-0.16"},{"rt":28033,"url":"../static/nodeGraphs.html","edge":"2to5","edgeRT":"11845","flipped":"TRUE","correct_edge":"0to2","index":"37","edgeClickLog":"[{\"edgeSelection\":\"2to5\",\"edgeRTMS\":11845}]","seed":" 21211189","task":"experiment","subjectId":"mvpwr016rwh74zq","trial_type":"external-html","trial_index":25,"time_elapsed":2735074,"internal_node_id":"0.0-9.0-0.17"},{"rt":16161,"url":"../static/nodeGraphs.html","edge":"5to9","edgeRT":"13769","flipped":"TRUE","correct_edge":"0to1","index":"32","edgeClickLog":"[{\"edgeSelection\":\"5to9\",\"edgeRTMS\":12400},{\"edgeSelection\":\"5to9\",\"edgeRTMS\":13769}]","seed":" 36895371","task":"experiment","subjectId":"mvpwr016rwh74zq","trial_type":"external-html","trial_index":26,"time_elapsed":2752177,"internal_node_id":"0.0-9.0-0.18"},{"rt":11925,"url":"../static/nodeGraphs.html","edge":"5to9","edgeRT":"9297","flipped":"TRUE","correct_edge":"0to3","index":"39","edgeClickLog":"[{\"edgeSelection\":\"5to9\",\"edgeRTMS\":9297}]","seed":" 37422119","task":"experiment","subjectId":"mvpwr016rwh74zq","trial_type":"external-html","trial_index":27,"time_elapsed":2764755,"internal_node_id":"0.0-9.0-0.19"},{"rt":28983,"url":"../static/nodeGraphs.html","edge":"1to4","edgeRT":"16631","flipped":"FALSE","correct_edge":"0to2","index":"14","edgeClickLog":"[{\"edgeSelection\":\"1to4\",\"edgeRTMS\":16631}]","seed":" 21083760","task":"experiment","subjectId":"mvpwr016rwh74zq","trial_type":"external-html","trial_index":28,"time_elapsed":2794677,"internal_node_id":"0.0-9.0-0.20"},{"rt":34664,"url":"../static/nodeGraphs.html","edge":"2to4","edgeRT":"30172","flipped":"TRUE","correct_edge":"0to2","index":"33","edgeClickLog":"[{\"edgeSelection\":\"2to4\",\"edgeRTMS\":30172}]","seed":" 49587019","task":"experiment","subjectId":"mvpwr016rwh74zq","trial_type":"external-html","trial_index":29,"time_elapsed":2830271,"internal_node_id":"0.0-9.0-0.21"},{"rt":19628,"url":"../static/nodeGraphs.html","edge":"2to4","edgeRT":"17595","flipped":"FALSE","correct_edge":"2to4","index":"5","edgeClickLog":"[{\"edgeSelection\":\"2to4\",\"edgeRTMS\":17595}]","seed":" 10409262","task":"experiment","subjectId":"mvpwr016rwh74zq","trial_type":"external-html","trial_index":30,"time_elapsed":2850770,"internal_node_id":"0.0-9.0-0.22"},{"rt":7858,"url":"../static/nodeGraphs.html","edge":"5to8","edgeRT":"6717","flipped":"FALSE","correct_edge":"5to8","index":"3","edgeClickLog":"[{\"edgeSelection\":\"5to8\",\"edgeRTMS\":6717}]","seed":" 46003743","task":"experiment","subjectId":"mvpwr016rwh74zq","trial_type":"external-html","trial_index":31,"time_elapsed":2859682,"internal_node_id":"0.0-9.0-0.23"},{"rt":34760,"url":"../static/nodeGraphs.html","edge":"2to4","edgeRT":"22552","flipped":"FALSE","correct_edge":"0to2","index":"8","edgeClickLog":"[{\"edgeSelection\":\"1to4\",\"edgeRTMS\":19277},{\"edgeSelection\":\"2to4\",\"edgeRTMS\":22552}]","seed":" 8396978","task":"experiment","subjectId":"mvpwr016rwh74zq","trial_type":"external-html","trial_index":32,"time_elapsed":2895179,"internal_node_id":"0.0-9.0-0.24"},{"rt":41356,"url":"../static/nodeGraphs.html","edge":"2to6","edgeRT":"8885","flipped":"TRUE","correct_edge":"0to2","index":"34","edgeClickLog":"[{\"edgeSelection\":\"2to6\",\"edgeRTMS\":8885}]","seed":" 21083760","task":"experiment","subjectId":"mvpwr016rwh74zq","trial_type":"external-html","trial_index":33,"time_elapsed":2937317,"internal_node_id":"0.0-9.0-0.25"},{"rt":27772,"url":"../static/nodeGraphs.html","edge":"0to3","edgeRT":"18395","flipped":"FALSE","correct_edge":"4to7","index":"6","edgeClickLog":"[{\"edgeSelection\":\"4to7\",\"edgeRTMS\":9040},{\"edgeSelection\":\"0to3\",\"edgeRTMS\":18395}]","seed":" 13523788","task":"experiment","subjectId":"mvpwr016rwh74zq","trial_type":"external-html","trial_index":34,"time_elapsed":2968056,"internal_node_id":"0.0-9.0-0.26"},{"rt":14628,"url":"../static/nodeGraphs.html","edge":"0to2","edgeRT":"11617","flipped":"FALSE","correct_edge":"0to2","index":"7","edgeClickLog":"[{\"edgeSelection\":\"0to2\",\"edgeRTMS\":11617}]","seed":" 85614324","task":"experiment","subjectId":"mvpwr016rwh74zq","trial_type":"external-html","trial_index":35,"time_elapsed":2983506,"internal_node_id":"0.0-9.0-0.27"},{"rt":25778,"url":"../static/nodeGraphs.html","edge":"3to5","edgeRT":"18728","flipped":"TRUE","correct_edge":"5to7","index":"36","edgeClickLog":"[{\"edgeSelection\":\"3to5\",\"edgeRTMS\":18728}]","seed":" 5655743","task":"experiment","subjectId":"mvpwr016rwh74zq","trial_type":"external-html","trial_index":36,"time_elapsed":3010112,"internal_node_id":"0.0-9.0-0.28"},{"rt":50959,"url":"../static/nodeGraphs.html","edge":"3to6","edgeRT":"45052","flipped":"FALSE","correct_edge":"0to3","index":"9","edgeClickLog":"[{\"edgeSelection\":\"3to6\",\"edgeRTMS\":45052}]","seed":" 61187187","task":"experiment","subjectId":"mvpwr016rwh74zq","trial_type":"external-html","trial_index":37,"time_elapsed":3061918,"internal_node_id":"0.0-9.0-0.29"},{"rt":29016,"url":"../static/nodeGraphs.html","edge":"2to6","edgeRT":"26704","flipped":"TRUE","correct_edge":"2to6","index":"24","edgeClickLog":"[{\"edgeSelection\":\"2to6\",\"edgeRTMS\":26704}]","seed":" 36501291","task":"experiment","subjectId":"mvpwr016rwh74zq","trial_type":"external-html","trial_index":38,"time_elapsed":3091892,"internal_node_id":"0.0-9.0-0.30"},{"rt":28879,"url":"../static/nodeGraphs.html","edge":"2to6","edgeRT":"18283","flipped":"FALSE","correct_edge":"0to2","index":"13","edgeClickLog":"[{\"edgeSelection\":\"2to6\",\"edgeRTMS\":18283}]","seed":" 49587019","task":"experiment","subjectId":"mvpwr016rwh74zq","trial_type":"external-html","trial_index":39,"time_elapsed":3121754,"internal_node_id":"0.0-9.0-0.31"},{"rt":79991,"url":"../static/nodeGraphs.html","edge":"2to6","edgeRT":"30145","flipped":"TRUE","correct_edge":"2to6","index":"25","edgeClickLog":"[{\"edgeSelection\":\"2to6\",\"edgeRTMS\":30145}]","seed":" 10409262","task":"experiment","subjectId":"mvpwr016rwh74zq","trial_type":"external-html","trial_index":40,"time_elapsed":3202778,"internal_node_id":"0.0-9.0-0.32"},{"rt":20832,"url":"../static/nodeGraphs.html","edge":"6to8","edgeRT":"18886","flipped":"TRUE","correct_edge":"6to8","index":"21","edgeClickLog":"[{\"edgeSelection\":\"6to8\",\"edgeRTMS\":18886}]","seed":" 32816305","task":"experiment","subjectId":"mvpwr016rwh74zq","trial_type":"external-html","trial_index":41,"time_elapsed":3224420,"internal_node_id":"0.0-9.0-0.33"},{"rt":38818,"url":"../static/nodeGraphs.html","edge":"1to4","edgeRT":"17966","flipped":"FALSE","correct_edge":"0to1","index":"19","edgeClickLog":"[{\"edgeSelection\":\"1to4\",\"edgeRTMS\":17966}]","seed":" 37422119","task":"experiment","subjectId":"mvpwr016rwh74zq","trial_type":"external-html","trial_index":42,"time_elapsed":3264302,"internal_node_id":"0.0-9.0-0.34"},{"rt":13837,"url":"../static/nodeGraphs.html","edge":"3to6","edgeRT":"9797","flipped":"TRUE","correct_edge":"0to3","index":"20","edgeClickLog":"[{\"edgeSelection\":\"3to6\",\"edgeRTMS\":9797}]","seed":" 21745736","task":"experiment","subjectId":"mvpwr016rwh74zq","trial_type":"external-html","trial_index":43,"time_elapsed":3279055,"internal_node_id":"0.0-9.0-0.35"},{"rt":7709,"url":"../static/nodeGraphs.html","edge":"4to8","edgeRT":"6357","flipped":"FALSE","correct_edge":"4to8","index":"1","edgeClickLog":"[{\"edgeSelection\":\"4to8\",\"edgeRTMS\":6357}]","seed":" 32816305","task":"experiment","subjectId":"mvpwr016rwh74zq","trial_type":"external-html","trial_index":44,"time_elapsed":3287576,"internal_node_id":"0.0-9.0-0.36"},{"rt":10407,"url":"../static/nodeGraphs.html","edge":"2to5","edgeRT":"4998","flipped":"FALSE","correct_edge":"0to2","index":"17","edgeClickLog":"[{\"edgeSelection\":\"2to5\",\"edgeRTMS\":4998}]","seed":" 21211189","task":"experiment","subjectId":"mvpwr016rwh74zq","trial_type":"external-html","trial_index":45,"time_elapsed":3298985,"internal_node_id":"0.0-9.0-0.37"},{"rt":26819,"url":"../static/nodeGraphs.html","edge":"1to4","edgeRT":"22506","flipped":"TRUE","correct_edge":"6to9","index":"26","edgeClickLog":"[{\"edgeSelection\":\"1to4\",\"edgeRTMS\":22506}]","seed":" 13523788","task":"experiment","subjectId":"mvpwr016rwh74zq","trial_type":"external-html","trial_index":46,"time_elapsed":3326654,"internal_node_id":"0.0-9.0-0.38"},{"rt":9452,"url":"../static/nodeGraphs.html","edge":"2to6","edgeRT":"7277","flipped":"TRUE","correct_edge":"0to2","index":"31","edgeClickLog":"[{\"edgeSelection\":\"2to6\",\"edgeRTMS\":7277}]","seed":" 63833578","task":"experiment","subjectId":"mvpwr016rwh74zq","trial_type":"external-html","trial_index":47,"time_elapsed":3336950,"internal_node_id":"0.0-9.0-0.39"},{"rt":67229,"response":{"P0_Q0":null,"P0_Q1":2,"P0_Q2":7,"P0_Q3":7,"P0_Q4":3,"P0_Q5":1,"strategies":"Looked for the path that gave more points","feedback":"No"},"accuracy":[],"trial_type":"survey","trial_index":48,"time_elapsed":3404742,"internal_node_id":"0.0-10.0"},{"rt":4533,"stimulus":"<p>Thanks for your time!</p>        <p>We need to manually calculate your bonus pay, please give us up to 7 days.</p><p>Press any key to conclude.</p>","response":"enter","task":"end","subjectId":"mvpwr016rwh74zq","trial_type":"html-keyboard-response","trial_index":49,"time_elapsed":3409277,"internal_node_id":"0.0-11.0","interactions":"[{\"event\":\"blur\",\"trial\":1,\"time\":105184},{\"event\":\"focus\",\"trial\":1,\"time\":106944},{\"event\":\"fullscreenenter\",\"trial\":1,\"time\":107952},{\"event\":\"blur\",\"trial\":22,\"time\":2648643},{\"event\":\"focus\",\"trial\":22,\"time\":2648643},{\"event\":\"fullscreenexit\",\"trial\":22,\"time\":2648651},{\"event\":\"blur\",\"trial\":39,\"time\":3099316},{\"event\":\"focus\",\"trial\":39,\"time\":3100063}]"}]