[{"success":true,"timeout":false,"failed_images":[],"failed_audio":[],"failed_video":[],"trial_type":"preload","trial_index":0,"time_elapsed":845,"internal_node_id":"0.0-0.0"},{"success":true,"trial_type":"fullscreen","trial_index":1,"time_elapsed":2792,"internal_node_id":"0.0-1.0"},{"rt":2407,"stimulus":"Welcome to the experiment. Press any key to begin.","response":" ","trial_type":"html-keyboard-response","trial_index":2,"time_elapsed":5200,"internal_node_id":"0.0-2.0"},{"view_history":[{"page_index":0,"viewing_time":2919},{"page_index":1,"viewing_time":2444},{"page_index":2,"viewing_time":23026},{"page_index":3,"viewing_time":2170},{"page_index":4,"viewing_time":1387},{"page_index":5,"viewing_time":610},{"page_index":6,"viewing_time":1605},{"page_index":7,"viewing_time":8111},{"page_index":8,"viewing_time":8353},{"page_index":9,"viewing_time":5849},{"page_index":10,"viewing_time":1375},{"page_index":11,"viewing_time":397},{"page_index":12,"viewing_time":425},{"page_index":13,"viewing_time":799},{"page_index":14,"viewing_time":2278},{"page_index":15,"viewing_time":5842},{"page_index":16,"viewing_time":1799},{"page_index":17,"viewing_time":451},{"page_index":18,"viewing_time":792},{"page_index":19,"viewing_time":3873},{"page_index":20,"viewing_time":3021},{"page_index":21,"viewing_time":2723}],"rt":80249,"trial_type":"instructions","trial_index":3,"time_elapsed":85451,"internal_node_id":"0.0-3.0"},{"rt":54648,"url":"../static/nodeGraphsTraining.html","edgeClickLog":[],"trial_type":"external-html","trial_index":4,"time_elapsed":140323,"internal_node_id":"0.0-4.0"},{"rt":18560,"response":{"q1":"The goal is to help the student to get the most points","q2":"False","q3":"Possible paths the student can take.","q4":"Paths that the student took before."},"question_order":[0,1,2,3],"trial_type":"survey-multi-choice","trial_index":5,"time_elapsed":158885,"internal_node_id":"0.0-5.0"},{"rt":4586,"stimulus":"<p>You can take a 60 second break before starting the experiment.</p><br><br><p>This page will advance in 60 seconds or you can press any key to advance now.</p>","response":" ","trial_type":"html-keyboard-response","trial_index":6,"time_elapsed":163472,"internal_node_id":"0.0-7.0"},{"view_history":[{"page_index":0,"viewing_time":9426}],"rt":9426,"trial_type":"instructions","trial_index":7,"time_elapsed":172898,"internal_node_id":"0.0-8.0"},{"rt":42131,"url":"../static/nodeGraphs.html","edge":"0to1","edgeRT":"40501","flipped":"FALSE","correct_edge":"0to2","index":"10","edgeClickLog":"[{\"edgeSelection\":\"0to1\",\"edgeRTMS\":12575},{\"edgeSelection\":\"0to1\",\"edgeRTMS\":22196},{\"edgeSelection\":\"1to4\",\"edgeRTMS\":38046},{\"edgeSelection\":\"0to1\",\"edgeRTMS\":39356},{\"edgeSelection\":\"0to1\",\"edgeRTMS\":40501}]","seed":" 39688702","task":"experiment","subjectId":"y805h1rkrjgbxwz","trial_type":"external-html","trial_index":8,"time_elapsed":215097,"internal_node_id":"0.0-9.0-0.0"},{"rt":6326,"url":"../static/nodeGraphs.html","edge":"0to2","edgeRT":"3757","flipped":"FALSE","correct_edge":"0to2","index":"7","edgeClickLog":"[{\"edgeSelection\":\"0to2\",\"edgeRTMS\":3757}]","seed":" 85614324","task":"experiment","subjectId":"y805h1rkrjgbxwz","trial_type":"external-html","trial_index":9,"time_elapsed":221993,"internal_node_id":"0.0-9.0-0.1"},{"rt":12444,"url":"../static/nodeGraphs.html","edge":"3to6","edgeRT":"10076","flipped":"TRUE","correct_edge":"3to6","index":"22","edgeClickLog":"[{\"edgeSelection\":\"3to6\",\"edgeRTMS\":10076}]","seed":" 22809663","task":"experiment","subjectId":"y805h1rkrjgbxwz","trial_type":"external-html","trial_index":10,"time_elapsed":235004,"internal_node_id":"0.0-9.0-0.2"},{"rt":10641,"url":"../static/nodeGraphs.html","edge":"0to3","edgeRT":"5731","flipped":"FALSE","correct_edge":"2to6","index":"15","edgeClickLog":"[{\"edgeSelection\":\"0to3\",\"edgeRTMS\":5731}]","seed":" 53220770","task":"experiment","subjectId":"y805h1rkrjgbxwz","trial_type":"external-html","trial_index":11,"time_elapsed":246215,"internal_node_id":"0.0-9.0-0.3"},{"rt":10351,"url":"../static/nodeGraphs.html","edge":"2to6","edgeRT":"6935","flipped":"TRUE","correct_edge":"2to6","index":"24","edgeClickLog":"[{\"edgeSelection\":\"2to6\",\"edgeRTMS\":6935}]","seed":" 36501291","task":"experiment","subjectId":"y805h1rkrjgbxwz","trial_type":"external-html","trial_index":12,"time_elapsed":257145,"internal_node_id":"0.0-9.0-0.4"},{"rt":8294,"url":"../static/nodeGraphs.html","edge":"0to2","edgeRT":"4397","flipped":"TRUE","correct_edge":"0to2","index":"37","edgeClickLog":"[{\"edgeSelection\":\"0to2\",\"edgeRTMS\":4397}]","seed":" 21211189","task":"experiment","subjectId":"y805h1rkrjgbxwz","trial_type":"external-html","trial_index":13,"time_elapsed":266016,"internal_node_id":"0.0-9.0-0.5"},{"rt":12237,"url":"../static/nodeGraphs.html","edge":"6to8","edgeRT":"6744","flipped":"TRUE","correct_edge":"6to8","index":"21","edgeClickLog":"[{\"edgeSelection\":\"6to8\",\"edgeRTMS\":6744}]","seed":" 32816305","task":"experiment","subjectId":"y805h1rkrjgbxwz","trial_type":"external-html","trial_index":14,"time_elapsed":278839,"internal_node_id":"0.0-9.0-0.6"},{"rt":19682,"url":"../static/nodeGraphs.html","edge":"2to4","edgeRT":"3407","flipped":"FALSE","correct_edge":"2to4","index":"4","edgeClickLog":"[{\"edgeSelection\":\"2to4\",\"edgeRTMS\":3407}]","seed":" 36501291","task":"experiment","subjectId":"y805h1rkrjgbxwz","trial_type":"external-html","trial_index":15,"time_elapsed":299087,"internal_node_id":"0.0-9.0-0.7"},{"rt":11304,"url":"../static/nodeGraphs.html","edge":"0to1","edgeRT":"3845","flipped":"TRUE","correct_edge":"6to9","index":"26","edgeClickLog":"[{\"edgeSelection\":\"0to1\",\"edgeRTMS\":3845}]","seed":" 13523788","task":"experiment","subjectId":"y805h1rkrjgbxwz","trial_type":"external-html","trial_index":16,"time_elapsed":310962,"internal_node_id":"0.0-9.0-0.8"},{"rt":12945,"url":"../static/nodeGraphs.html","edge":"4to8","edgeRT":"7297","flipped":"FALSE","correct_edge":"4to8","index":"1","edgeClickLog":"[{\"edgeSelection\":\"4to8\",\"edgeRTMS\":7297}]","seed":" 32816305","task":"experiment","subjectId":"y805h1rkrjgbxwz","trial_type":"external-html","trial_index":17,"time_elapsed":324480,"internal_node_id":"0.0-9.0-0.9"},{"rt":13501,"url":"../static/nodeGraphs.html","edge":"0to2","edgeRT":"7969","flipped":"TRUE","correct_edge":"0to2","index":"27","edgeClickLog":"[{\"edgeSelection\":\"0to3\",\"edgeRTMS\":3967},{\"edgeSelection\":\"0to2\",\"edgeRTMS\":7969}]","seed":" 85614324","task":"experiment","subjectId":"y805h1rkrjgbxwz","trial_type":"external-html","trial_index":18,"time_elapsed":338545,"internal_node_id":"0.0-9.0-0.10"},{"rt":16288,"url":"../static/nodeGraphs.html","edge":"0to1","edgeRT":"14435","flipped":"TRUE","correct_edge":"0to1","index":"29","edgeClickLog":"[{\"edgeSelection\":\"0to1\",\"edgeRTMS\":14435}]","seed":" 61187187","task":"experiment","subjectId":"y805h1rkrjgbxwz","trial_type":"external-html","trial_index":19,"time_elapsed":355408,"internal_node_id":"0.0-9.0-0.11"},{"rt":20555,"url":"../static/nodeGraphs.html","edge":"2to6","edgeRT":"12756","flipped":"FALSE","correct_edge":"0to2","index":"13","edgeClickLog":"[{\"edgeSelection\":\"2to6\",\"edgeRTMS\":10534},{\"edgeSelection\":\"0to2\",\"edgeRTMS\":11646},{\"edgeSelection\":\"2to6\",\"edgeRTMS\":12756}]","seed":" 49587019","task":"experiment","subjectId":"y805h1rkrjgbxwz","trial_type":"external-html","trial_index":20,"time_elapsed":376537,"internal_node_id":"0.0-9.0-0.12"},{"rt":13129,"url":"../static/nodeGraphs.html","edge":"3to6","edgeRT":"8748","flipped":"TRUE","correct_edge":"0to2","index":"34","edgeClickLog":"[{\"edgeSelection\":\"0to3\",\"edgeRTMS\":7759},{\"edgeSelection\":\"3to6\",\"edgeRTMS\":8748}]","seed":" 21083760","task":"experiment","subjectId":"y805h1rkrjgbxwz","trial_type":"external-html","trial_index":21,"time_elapsed":390242,"internal_node_id":"0.0-9.0-0.13"},{"rt":12418,"url":"../static/nodeGraphs.html","edge":"1to4","edgeRT":"9176","flipped":"TRUE","correct_edge":"2to4","index":"35","edgeClickLog":"[{\"edgeSelection\":\"0to1\",\"edgeRTMS\":4703},{\"edgeSelection\":\"1to4\",\"edgeRTMS\":8404},{\"edgeSelection\":\"1to4\",\"edgeRTMS\":9176}]","seed":" 53220770","task":"experiment","subjectId":"y805h1rkrjgbxwz","trial_type":"external-html","trial_index":22,"time_elapsed":403240,"internal_node_id":"0.0-9.0-0.14"},{"rt":14656,"url":"../static/nodeGraphs.html","edge":"0to1","edgeRT":"8189","flipped":"FALSE","correct_edge":"0to1","index":"0","edgeClickLog":"[{\"edgeSelection\":\"0to1\",\"edgeRTMS\":7769},{\"edgeSelection\":\"0to1\",\"edgeRTMS\":8189}]","seed":" 21745736","task":"experiment","subjectId":"y805h1rkrjgbxwz","trial_type":"external-html","trial_index":23,"time_elapsed":418458,"internal_node_id":"0.0-9.0-0.15"},{"rt":13143,"url":"../static/nodeGraphs.html","edge":"2to6","edgeRT":"7466","flipped":"TRUE","correct_edge":"0to2","index":"31","edgeClickLog":"[{\"edgeSelection\":\"0to2\",\"edgeRTMS\":5849},{\"edgeSelection\":\"2to6\",\"edgeRTMS\":7466}]","seed":" 63833578","task":"experiment","subjectId":"y805h1rkrjgbxwz","trial_type":"external-html","trial_index":24,"time_elapsed":432174,"internal_node_id":"0.0-9.0-0.16"},{"rt":6540,"url":"../static/nodeGraphs.html","edge":"2to4","edgeRT":"3715","flipped":"FALSE","correct_edge":"0to2","index":"8","edgeClickLog":"[{\"edgeSelection\":\"2to4\",\"edgeRTMS\":3715}]","seed":" 8396978","task":"experiment","subjectId":"y805h1rkrjgbxwz","trial_type":"external-html","trial_index":25,"time_elapsed":439278,"internal_node_id":"0.0-9.0-0.17"},{"rt":20120,"url":"../static/nodeGraphs.html","edge":"5to8","edgeRT":"14455","flipped":"TRUE","correct_edge":"5to8","index":"23","edgeClickLog":"[{\"edgeSelection\":\"5to8\",\"edgeRTMS\":14455}]","seed":" 46003743","task":"experiment","subjectId":"y805h1rkrjgbxwz","trial_type":"external-html","trial_index":26,"time_elapsed":459969,"internal_node_id":"0.0-9.0-0.18"},{"rt":13313,"url":"../static/nodeGraphs.html","edge":"3to5","edgeRT":"7493","flipped":"FALSE","correct_edge":"5to9","index":"16","edgeClickLog":"[{\"edgeSelection\":\"3to5\",\"edgeRTMS\":7493}]","seed":" 5655743","task":"experiment","subjectId":"y805h1rkrjgbxwz","trial_type":"external-html","trial_index":27,"time_elapsed":473858,"internal_node_id":"0.0-9.0-0.19"},{"rt":17761,"url":"../static/nodeGraphs.html","edge":"0to2","edgeRT":"9709","flipped":"TRUE","correct_edge":"1to5","index":"38","edgeClickLog":"[{\"edgeSelection\":\"2to5\",\"edgeRTMS\":7736},{\"edgeSelection\":\"0to2\",\"edgeRTMS\":9709}]","seed":" 22181670","task":"experiment","subjectId":"y805h1rkrjgbxwz","trial_type":"external-html","trial_index":28,"time_elapsed":492193,"internal_node_id":"0.0-9.0-0.20"},{"rt":4750,"url":"../static/nodeGraphs.html","edge":"1to4","edgeRT":"3077","flipped":"FALSE","correct_edge":"1to4","index":"2","edgeClickLog":"[{\"edgeSelection\":\"1to4\",\"edgeRTMS\":3077}]","seed":" 22809663","task":"experiment","subjectId":"y805h1rkrjgbxwz","trial_type":"external-html","trial_index":29,"time_elapsed":497516,"internal_node_id":"0.0-9.0-0.21"},{"rt":5682,"url":"../static/nodeGraphs.html","edge":"2to6","edgeRT":"3088","flipped":"TRUE","correct_edge":"2to6","index":"25","edgeClickLog":"[{\"edgeSelection\":\"2to6\",\"edgeRTMS\":3088}]","seed":" 10409262","task":"experiment","subjectId":"y805h1rkrjgbxwz","trial_type":"external-html","trial_index":30,"time_elapsed":503758,"internal_node_id":"0.0-9.0-0.22"},{"rt":6806,"url":"../static/nodeGraphs.html","edge":"0to2","edgeRT":"1829","flipped":"FALSE","correct_edge":"0to2","index":"17","edgeClickLog":"[{\"edgeSelection\":\"0to2\",\"edgeRTMS\":1829}]","seed":" 21211189","task":"experiment","subjectId":"y805h1rkrjgbxwz","trial_type":"external-html","trial_index":31,"time_elapsed":511139,"internal_node_id":"0.0-9.0-0.23"},{"rt":10229,"url":"../static/nodeGraphs.html","edge":"2to4","edgeRT":"8559","flipped":"TRUE","correct_edge":"0to2","index":"33","edgeClickLog":"[{\"edgeSelection\":\"2to4\",\"edgeRTMS\":8559}]","seed":" 49587019","task":"experiment","subjectId":"y805h1rkrjgbxwz","trial_type":"external-html","trial_index":32,"time_elapsed":521941,"internal_node_id":"0.0-9.0-0.24"},{"rt":8336,"url":"../static/nodeGraphs.html","edge":"2to4","edgeRT":"4767","flipped":"FALSE","correct_edge":"0to2","index":"11","edgeClickLog":"[{\"edgeSelection\":\"0to2\",\"edgeRTMS\":1808},{\"edgeSelection\":\"2to4\",\"edgeRTMS\":4767}]","seed":" 63833578","task":"experiment","subjectId":"y805h1rkrjgbxwz","trial_type":"external-html","trial_index":33,"time_elapsed":530847,"internal_node_id":"0.0-9.0-0.25"},{"rt":15528,"url":"../static/nodeGraphs.html","edge":"1to5","edgeRT":"4373","flipped":"TRUE","correct_edge":"5to7","index":"36","edgeClickLog":"[{\"edgeSelection\":\"1to5\",\"edgeRTMS\":4373}]","seed":" 5655743","task":"experiment","subjectId":"y805h1rkrjgbxwz","trial_type":"external-html","trial_index":34,"time_elapsed":546948,"internal_node_id":"0.0-9.0-0.26"},{"rt":13855,"url":"../static/nodeGraphs.html","edge":"3to6","edgeRT":"8190","flipped":"FALSE","correct_edge":"0to3","index":"9","edgeClickLog":"[{\"edgeSelection\":\"0to3\",\"edgeRTMS\":6260},{\"edgeSelection\":\"3to6\",\"edgeRTMS\":8190}]","seed":" 61187187","task":"experiment","subjectId":"y805h1rkrjgbxwz","trial_type":"external-html","trial_index":35,"time_elapsed":561367,"internal_node_id":"0.0-9.0-0.27"},{"rt":6719,"url":"../static/nodeGraphs.html","edge":"2to6","edgeRT":"4702","flipped":"TRUE","correct_edge":"0to2","index":"28","edgeClickLog":"[{\"edgeSelection\":\"2to6\",\"edgeRTMS\":4702}]","seed":" 8396978","task":"experiment","subjectId":"y805h1rkrjgbxwz","trial_type":"external-html","trial_index":36,"time_elapsed":568659,"internal_node_id":"0.0-9.0-0.28"},{"rt":8013,"url":"../static/nodeGraphs.html","edge":"1to4","edgeRT":"3258","flipped":"FALSE","correct_edge":"0to1","index":"19","edgeClickLog":"[{\"edgeSelection\":\"1to4\",\"edgeRTMS\":3258}]","seed":" 37422119","task":"experiment","subjectId":"y805h1rkrjgbxwz","trial_type":"external-html","trial_index":37,"time_elapsed":577234,"internal_node_id":"0.0-9.0-0.29"},{"rt":7930,"url":"../static/nodeGraphs.html","edge":"3to6","edgeRT":"5051","flipped":"TRUE","correct_edge":"0to3","index":"39","edgeClickLog":"[{\"edgeSelection\":\"3to6\",\"edgeRTMS\":5051}]","seed":" 37422119","task":"experiment","subjectId":"y805h1rkrjgbxwz","trial_type":"external-html","trial_index":38,"time_elapsed":585734,"internal_node_id":"0.0-9.0-0.30"},{"rt":12977,"url":"../static/nodeGraphs.html","edge":"3to5","edgeRT":"8752","flipped":"FALSE","correct_edge":"4to7","index":"6","edgeClickLog":"[{\"edgeSelection\":\"3to5\",\"edgeRTMS\":8752}]","seed":" 13523788","task":"experiment","subjectId":"y805h1rkrjgbxwz","trial_type":"external-html","trial_index":39,"time_elapsed":599291,"internal_node_id":"0.0-9.0-0.31"},{"rt":8833,"url":"../static/nodeGraphs.html","edge":"5to8","edgeRT":"6924","flipped":"FALSE","correct_edge":"5to8","index":"3","edgeClickLog":"[{\"edgeSelection\":\"5to8\",\"edgeRTMS\":6924}]","seed":" 46003743","task":"experiment","subjectId":"y805h1rkrjgbxwz","trial_type":"external-html","trial_index":40,"time_elapsed":608706,"internal_node_id":"0.0-9.0-0.32"},{"rt":9972,"url":"../static/nodeGraphs.html","edge":"2to5","edgeRT":"7441","flipped":"FALSE","correct_edge":"3to5","index":"18","edgeClickLog":"[{\"edgeSelection\":\"2to5\",\"edgeRTMS\":5219},{\"edgeSelection\":\"2to5\",\"edgeRTMS\":7441}]","seed":" 22181670","task":"experiment","subjectId":"y805h1rkrjgbxwz","trial_type":"external-html","trial_index":41,"time_elapsed":619256,"internal_node_id":"0.0-9.0-0.33"},{"rt":17099,"url":"../static/nodeGraphs.html","edge":"1to4","edgeRT":"9599","flipped":"FALSE","correct_edge":"0to2","index":"14","edgeClickLog":"[{\"edgeSelection\":\"1to4\",\"edgeRTMS\":9599}]","seed":" 21083760","task":"experiment","subjectId":"y805h1rkrjgbxwz","trial_type":"external-html","trial_index":42,"time_elapsed":636924,"internal_node_id":"0.0-9.0-0.34"},{"rt":10572,"url":"../static/nodeGraphs.html","edge":"0to3","edgeRT":"7987","flipped":"TRUE","correct_edge":"0to3","index":"20","edgeClickLog":"[{\"edgeSelection\":\"0to3\",\"edgeRTMS\":7987}]","seed":" 21745736","task":"experiment","subjectId":"y805h1rkrjgbxwz","trial_type":"external-html","trial_index":43,"time_elapsed":648074,"internal_node_id":"0.0-9.0-0.35"},{"rt":8021,"url":"../static/nodeGraphs.html","edge":"2to4","edgeRT":"4180","flipped":"FALSE","correct_edge":"2to4","index":"5","edgeClickLog":"[{\"edgeSelection\":\"2to4\",\"edgeRTMS\":4180}]","seed":" 10409262","task":"experiment","subjectId":"y805h1rkrjgbxwz","trial_type":"external-html","trial_index":44,"time_elapsed":656673,"internal_node_id":"0.0-9.0-0.36"},{"rt":8803,"url":"../static/nodeGraphs.html","edge":"0to3","edgeRT":"4670","flipped":"FALSE","correct_edge":"0to3","index":"12","edgeClickLog":"[{\"edgeSelection\":\"0to3\",\"edgeRTMS\":4670}]","seed":" 36895371","task":"experiment","subjectId":"y805h1rkrjgbxwz","trial_type":"external-html","trial_index":45,"time_elapsed":666054,"internal_node_id":"0.0-9.0-0.37"},{"rt":12250,"url":"../static/nodeGraphs.html","edge":"6to8","edgeRT":"8982","flipped":"TRUE","correct_edge":"0to2","index":"30","edgeClickLog":"[{\"edgeSelection\":\"6to8\",\"edgeRTMS\":8982}]","seed":" 39688702","task":"experiment","subjectId":"y805h1rkrjgbxwz","trial_type":"external-html","trial_index":46,"time_elapsed":678881,"internal_node_id":"0.0-9.0-0.38"},{"rt":10496,"url":"../static/nodeGraphs.html","edge":"1to5","edgeRT":"8018","flipped":"TRUE","correct_edge":"0to1","index":"32","edgeClickLog":"[{\"edgeSelection\":\"1to5\",\"edgeRTMS\":7407},{\"edgeSelection\":\"1to5\",\"edgeRTMS\":8018}]","seed":" 36895371","task":"experiment","subjectId":"y805h1rkrjgbxwz","trial_type":"external-html","trial_index":47,"time_elapsed":689950,"internal_node_id":"0.0-9.0-0.39"},{"rt":63573,"response":{"P0_Q0":null,"P0_Q1":1,"P0_Q2":null,"P0_Q3":5,"P0_Q4":2,"P0_Q5":1,"strategies":"I chose paths that make the student choose certain paths before and after when applicable","feedback":""},"accuracy":[],"trial_type":"survey","trial_index":48,"time_elapsed":754062,"internal_node_id":"0.0-10.0"},{"rt":2038,"stimulus":"<p>Thanks for your time!</p>        <p>We need to manually calculate your bonus pay, please give us up to 7 days.</p><p>Press any key to conclude.</p>","response":"f","task":"end","subjectId":"y805h1rkrjgbxwz","trial_type":"html-keyboard-response","trial_index":49,"time_elapsed":756102,"internal_node_id":"0.0-11.0","interactions":"[{\"event\":\"fullscreenenter\",\"trial\":1,\"time\":1792},{\"event\":\"blur\",\"trial\":19,\"time\":352654},{\"event\":\"focus\",\"trial\":19,\"time\":352654},{\"event\":\"fullscreenexit\",\"trial\":19,\"time\":352657}]"}]