[{"success":true,"timeout":false,"failed_images":[],"failed_audio":[],"failed_video":[],"trial_type":"preload","trial_index":0,"time_elapsed":1339,"internal_node_id":"0.0-0.0"},{"success":true,"trial_type":"fullscreen","trial_index":1,"time_elapsed":10399,"internal_node_id":"0.0-1.0"},{"rt":1877,"stimulus":"Welcome to the experiment. Press any key to begin.","response":" ","trial_type":"html-keyboard-response","trial_index":2,"time_elapsed":12277,"internal_node_id":"0.0-2.0"},{"view_history":[{"page_index":0,"viewing_time":7362},{"page_index":1,"viewing_time":5049},{"page_index":2,"viewing_time":39542},{"page_index":3,"viewing_time":3357},{"page_index":4,"viewing_time":10421},{"page_index":5,"viewing_time":1490},{"page_index":6,"viewing_time":2449},{"page_index":7,"viewing_time":13296},{"page_index":8,"viewing_time":31849},{"page_index":9,"viewing_time":9020},{"page_index":10,"viewing_time":1031},{"page_index":11,"viewing_time":491},{"page_index":12,"viewing_time":337},{"page_index":13,"viewing_time":1475},{"page_index":14,"viewing_time":2846},{"page_index":15,"viewing_time":14469},{"page_index":16,"viewing_time":1398},{"page_index":17,"viewing_time":200},{"page_index":18,"viewing_time":169},{"page_index":19,"viewing_time":154},{"page_index":20,"viewing_time":2401},{"page_index":19,"viewing_time":3077},{"page_index":20,"viewing_time":7249},{"page_index":21,"viewing_time":4046}],"rt":163177,"trial_type":"instructions","trial_index":3,"time_elapsed":175455,"internal_node_id":"0.0-3.0"},{"rt":80476,"url":"../static/nodeGraphsTraining.html","edgeClickLog":[],"trial_type":"external-html","trial_index":4,"time_elapsed":256207,"internal_node_id":"0.0-4.0"},{"rt":33449,"response":{"q1":"The goal is to help the student to get the most points","q2":"False","q3":"Possible paths the student can take.","q4":"Paths that the student took before."},"question_order":[0,1,2,3],"trial_type":"survey-multi-choice","trial_index":5,"time_elapsed":289659,"internal_node_id":"0.0-5.0"},{"rt":29220,"stimulus":"<p>You can take a 60 second break before starting the experiment.</p><br><br><p>This page will advance in 60 seconds or you can press any key to advance now.</p>","response":" ","trial_type":"html-keyboard-response","trial_index":6,"time_elapsed":318882,"internal_node_id":"0.0-7.0"},{"view_history":[{"page_index":0,"viewing_time":33338}],"rt":33338,"trial_type":"instructions","trial_index":7,"time_elapsed":352221,"internal_node_id":"0.0-8.0"},{"rt":51517,"url":"../static/nodeGraphs.html","edge":"5to7","edgeRT":"49297","flipped":"TRUE","correct_edge":"5to7","index":"36","edgeClickLog":"[{\"edgeSelection\":\"0to1\",\"edgeRTMS\":11523},{\"edgeSelection\":\"1to5\",\"edgeRTMS\":12971},{\"edgeSelection\":\"5to7\",\"edgeRTMS\":16403},{\"edgeSelection\":\"2to4\",\"edgeRTMS\":20621},{\"edgeSelection\":\"1to5\",\"edgeRTMS\":21763},{\"edgeSelection\":\"5to7\",\"edgeRTMS\":23977},{\"edgeSelection\":\"1to5\",\"edgeRTMS\":26958},{\"edgeSelection\":\"5to7\",\"edgeRTMS\":35886},{\"edgeSelection\":\"0to2\",\"edgeRTMS\":46776},{\"edgeSelection\":\"2to5\",\"edgeRTMS\":47744},{\"edgeSelection\":\"5to7\",\"edgeRTMS\":49297}]","seed":" 5655743","task":"experiment","subjectId":"k1qlozkrkb1o61t","trial_type":"external-html","trial_index":8,"time_elapsed":403931,"internal_node_id":"0.0-9.0-0.0"},{"rt":18159,"url":"../static/nodeGraphs.html","edge":"6to8","edgeRT":"14152","flipped":"FALSE","correct_edge":"0to3","index":"9","edgeClickLog":"[{\"edgeSelection\":\"0to3\",\"edgeRTMS\":7748},{\"edgeSelection\":\"3to6\",\"edgeRTMS\":10134},{\"edgeSelection\":\"6to8\",\"edgeRTMS\":11544},{\"edgeSelection\":\"6to8\",\"edgeRTMS\":14152}]","seed":" 61187187","task":"experiment","subjectId":"k1qlozkrkb1o61t","trial_type":"external-html","trial_index":9,"time_elapsed":422791,"internal_node_id":"0.0-9.0-0.1"},{"rt":35120,"url":"../static/nodeGraphs.html","edge":"5to9","edgeRT":"34171","flipped":"FALSE","correct_edge":"0to2","index":"13","edgeClickLog":"[{\"edgeSelection\":\"0to2\",\"edgeRTMS\":17542},{\"edgeSelection\":\"2to5\",\"edgeRTMS\":19055},{\"edgeSelection\":\"5to9\",\"edgeRTMS\":24222},{\"edgeSelection\":\"2to5\",\"edgeRTMS\":27373},{\"edgeSelection\":\"2to5\",\"edgeRTMS\":27558},{\"edgeSelection\":\"6to8\",\"edgeRTMS\":28435},{\"edgeSelection\":\"0to2\",\"edgeRTMS\":31002},{\"edgeSelection\":\"0to2\",\"edgeRTMS\":31187},{\"edgeSelection\":\"2to5\",\"edgeRTMS\":32248},{\"edgeSelection\":\"2to5\",\"edgeRTMS\":32449},{\"edgeSelection\":\"5to9\",\"edgeRTMS\":34002},{\"edgeSelection\":\"5to9\",\"edgeRTMS\":34171}]","seed":" 49587019","task":"experiment","subjectId":"k1qlozkrkb1o61t","trial_type":"external-html","trial_index":10,"time_elapsed":458588,"internal_node_id":"0.0-9.0-0.2"},{"rt":20752,"url":"../static/nodeGraphs.html","edge":"6to9","edgeRT":"19235","flipped":"TRUE","correct_edge":"0to3","index":"20","edgeClickLog":"[{\"edgeSelection\":\"0to1\",\"edgeRTMS\":3098},{\"edgeSelection\":\"0to1\",\"edgeRTMS\":3301},{\"edgeSelection\":\"1to4\",\"edgeRTMS\":13847},{\"edgeSelection\":\"0to3\",\"edgeRTMS\":16155},{\"edgeSelection\":\"3to6\",\"edgeRTMS\":17491},{\"edgeSelection\":\"3to6\",\"edgeRTMS\":18077},{\"edgeSelection\":\"6to9\",\"edgeRTMS\":19235}]","seed":" 21745736","task":"experiment","subjectId":"k1qlozkrkb1o61t","trial_type":"external-html","trial_index":11,"time_elapsed":480029,"internal_node_id":"0.0-9.0-0.3"},{"rt":10521,"url":"../static/nodeGraphs.html","edge":"5to8","edgeRT":"7248","flipped":"FALSE","correct_edge":"5to8","index":"3","edgeClickLog":"[{\"edgeSelection\":\"0to2\",\"edgeRTMS\":5550},{\"edgeSelection\":\"2to5\",\"edgeRTMS\":6380},{\"edgeSelection\":\"5to8\",\"edgeRTMS\":7248}]","seed":" 46003743","task":"experiment","subjectId":"k1qlozkrkb1o61t","trial_type":"external-html","trial_index":12,"time_elapsed":491231,"internal_node_id":"0.0-9.0-0.4"},{"rt":27880,"url":"../static/nodeGraphs.html","edge":"4to7","edgeRT":"25496","flipped":"TRUE","correct_edge":"2to4","index":"35","edgeClickLog":"[{\"edgeSelection\":\"0to1\",\"edgeRTMS\":4412},{\"edgeSelection\":\"1to4\",\"edgeRTMS\":5672},{\"edgeSelection\":\"0to2\",\"edgeRTMS\":11264},{\"edgeSelection\":\"2to4\",\"edgeRTMS\":13984},{\"edgeSelection\":\"4to7\",\"edgeRTMS\":17509},{\"edgeSelection\":\"0to1\",\"edgeRTMS\":22071},{\"edgeSelection\":\"0to1\",\"edgeRTMS\":22597},{\"edgeSelection\":\"1to4\",\"edgeRTMS\":24016},{\"edgeSelection\":\"4to7\",\"edgeRTMS\":25496}]","seed":" 53220770","task":"experiment","subjectId":"k1qlozkrkb1o61t","trial_type":"external-html","trial_index":13,"time_elapsed":519812,"internal_node_id":"0.0-9.0-0.5"},{"rt":21021,"url":"../static/nodeGraphs.html","edge":"5to7","edgeRT":"18322","flipped":"FALSE","correct_edge":"0to3","index":"12","edgeClickLog":"[{\"edgeSelection\":\"0to3\",\"edgeRTMS\":14043},{\"edgeSelection\":\"3to5\",\"edgeRTMS\":16674},{\"edgeSelection\":\"5to7\",\"edgeRTMS\":18322}]","seed":" 36895371","task":"experiment","subjectId":"k1qlozkrkb1o61t","trial_type":"external-html","trial_index":14,"time_elapsed":541514,"internal_node_id":"0.0-9.0-0.6"},{"rt":29999,"url":"../static/nodeGraphs.html","edge":"5to8","edgeRT":"24071","flipped":"FALSE","correct_edge":"4to8","index":"1","edgeClickLog":"[{\"edgeSelection\":\"0to3\",\"edgeRTMS\":12295},{\"edgeSelection\":\"3to5\",\"edgeRTMS\":19867},{\"edgeSelection\":\"3to5\",\"edgeRTMS\":21497},{\"edgeSelection\":\"3to5\",\"edgeRTMS\":22759},{\"edgeSelection\":\"5to8\",\"edgeRTMS\":24071}]","seed":" 32816305","task":"experiment","subjectId":"k1qlozkrkb1o61t","trial_type":"external-html","trial_index":15,"time_elapsed":572207,"internal_node_id":"0.0-9.0-0.7"},{"rt":12221,"url":"../static/nodeGraphs.html","edge":"5to8","edgeRT":"10023","flipped":"TRUE","correct_edge":"0to2","index":"27","edgeClickLog":"[{\"edgeSelection\":\"0to2\",\"edgeRTMS\":7879},{\"edgeSelection\":\"2to5\",\"edgeRTMS\":8807},{\"edgeSelection\":\"5to8\",\"edgeRTMS\":10023}]","seed":" 85614324","task":"experiment","subjectId":"k1qlozkrkb1o61t","trial_type":"external-html","trial_index":16,"time_elapsed":585118,"internal_node_id":"0.0-9.0-0.8"},{"rt":6978,"url":"../static/nodeGraphs.html","edge":"5to8","edgeRT":"5154","flipped":"FALSE","correct_edge":"3to5","index":"18","edgeClickLog":"[{\"edgeSelection\":\"0to2\",\"edgeRTMS\":2996},{\"edgeSelection\":\"2to5\",\"edgeRTMS\":4047},{\"edgeSelection\":\"5to8\",\"edgeRTMS\":5154}]","seed":" 22181670","task":"experiment","subjectId":"k1qlozkrkb1o61t","trial_type":"external-html","trial_index":17,"time_elapsed":592783,"internal_node_id":"0.0-9.0-0.9"},{"rt":6908,"url":"../static/nodeGraphs.html","edge":"4to8","edgeRT":"5840","flipped":"FALSE","correct_edge":"1to4","index":"2","edgeClickLog":"[{\"edgeSelection\":\"0to1\",\"edgeRTMS\":4206},{\"edgeSelection\":\"1to4\",\"edgeRTMS\":5025},{\"edgeSelection\":\"4to8\",\"edgeRTMS\":5840}]","seed":" 22809663","task":"experiment","subjectId":"k1qlozkrkb1o61t","trial_type":"external-html","trial_index":18,"time_elapsed":600370,"internal_node_id":"0.0-9.0-0.10"},{"rt":10111,"url":"../static/nodeGraphs.html","edge":"4to8","edgeRT":"8748","flipped":"TRUE","correct_edge":"0to2","index":"30","edgeClickLog":"[{\"edgeSelection\":\"0to2\",\"edgeRTMS\":5790},{\"edgeSelection\":\"2to4\",\"edgeRTMS\":7301},{\"edgeSelection\":\"4to8\",\"edgeRTMS\":8748}]","seed":" 39688702","task":"experiment","subjectId":"k1qlozkrkb1o61t","trial_type":"external-html","trial_index":19,"time_elapsed":611178,"internal_node_id":"0.0-9.0-0.11"},{"rt":7052,"url":"../static/nodeGraphs.html","edge":"5to8","edgeRT":"5399","flipped":"TRUE","correct_edge":"5to8","index":"23","edgeClickLog":"[{\"edgeSelection\":\"0to2\",\"edgeRTMS\":3611},{\"edgeSelection\":\"2to5\",\"edgeRTMS\":4521},{\"edgeSelection\":\"5to8\",\"edgeRTMS\":5399}]","seed":" 46003743","task":"experiment","subjectId":"k1qlozkrkb1o61t","trial_type":"external-html","trial_index":20,"time_elapsed":618913,"internal_node_id":"0.0-9.0-0.12"},{"rt":8423,"url":"../static/nodeGraphs.html","edge":"5to9","edgeRT":"6055","flipped":"FALSE","correct_edge":"5to9","index":"16","edgeClickLog":"[{\"edgeSelection\":\"0to3\",\"edgeRTMS\":3448},{\"edgeSelection\":\"3to5\",\"edgeRTMS\":4819},{\"edgeSelection\":\"5to9\",\"edgeRTMS\":6055}]","seed":" 5655743","task":"experiment","subjectId":"k1qlozkrkb1o61t","trial_type":"external-html","trial_index":21,"time_elapsed":628032,"internal_node_id":"0.0-9.0-0.13"},{"rt":7068,"url":"../static/nodeGraphs.html","edge":"6to8","edgeRT":"5943","flipped":"TRUE","correct_edge":"6to8","index":"21","edgeClickLog":"[{\"edgeSelection\":\"0to3\",\"edgeRTMS\":3817},{\"edgeSelection\":\"3to6\",\"edgeRTMS\":4929},{\"edgeSelection\":\"6to8\",\"edgeRTMS\":5943}]","seed":" 32816305","task":"experiment","subjectId":"k1qlozkrkb1o61t","trial_type":"external-html","trial_index":22,"time_elapsed":635792,"internal_node_id":"0.0-9.0-0.14"},{"rt":15397,"url":"../static/nodeGraphs.html","edge":"6to8","edgeRT":"13955","flipped":"TRUE","correct_edge":"0to2","index":"28","edgeClickLog":"[{\"edgeSelection\":\"0to2\",\"edgeRTMS\":3348},{\"edgeSelection\":\"2to6\",\"edgeRTMS\":6073},{\"edgeSelection\":\"6to9\",\"edgeRTMS\":7115},{\"edgeSelection\":\"6to9\",\"edgeRTMS\":7929},{\"edgeSelection\":\"6to9\",\"edgeRTMS\":8575},{\"edgeSelection\":\"6to9\",\"edgeRTMS\":8930},{\"edgeSelection\":\"6to9\",\"edgeRTMS\":10717},{\"edgeSelection\":\"6to8\",\"edgeRTMS\":13955}]","seed":" 8396978","task":"experiment","subjectId":"k1qlozkrkb1o61t","trial_type":"external-html","trial_index":23,"time_elapsed":651869,"internal_node_id":"0.0-9.0-0.15"},{"rt":7960,"url":"../static/nodeGraphs.html","edge":"5to8","edgeRT":"6891","flipped":"TRUE","correct_edge":"2to6","index":"25","edgeClickLog":"[{\"edgeSelection\":\"0to2\",\"edgeRTMS\":2648},{\"edgeSelection\":\"2to5\",\"edgeRTMS\":3761},{\"edgeSelection\":\"5to8\",\"edgeRTMS\":6891}]","seed":" 10409262","task":"experiment","subjectId":"k1qlozkrkb1o61t","trial_type":"external-html","trial_index":24,"time_elapsed":660515,"internal_node_id":"0.0-9.0-0.16"},{"rt":6337,"url":"../static/nodeGraphs.html","edge":"5to8","edgeRT":"5281","flipped":"TRUE","correct_edge":"0to2","index":"37","edgeClickLog":"[{\"edgeSelection\":\"0to2\",\"edgeRTMS\":2691},{\"edgeSelection\":\"2to5\",\"edgeRTMS\":3863},{\"edgeSelection\":\"5to8\",\"edgeRTMS\":5281}]","seed":" 21211189","task":"experiment","subjectId":"k1qlozkrkb1o61t","trial_type":"external-html","trial_index":25,"time_elapsed":667536,"internal_node_id":"0.0-9.0-0.17"},{"rt":11802,"url":"../static/nodeGraphs.html","edge":"5to7","edgeRT":"10639","flipped":"FALSE","correct_edge":"4to7","index":"6","edgeClickLog":"[{\"edgeSelection\":\"0to3\",\"edgeRTMS\":8470},{\"edgeSelection\":\"3to5\",\"edgeRTMS\":9501},{\"edgeSelection\":\"5to7\",\"edgeRTMS\":10639}]","seed":" 13523788","task":"experiment","subjectId":"k1qlozkrkb1o61t","trial_type":"external-html","trial_index":26,"time_elapsed":680021,"internal_node_id":"0.0-9.0-0.18"},{"rt":6615,"url":"../static/nodeGraphs.html","edge":"6to9","edgeRT":"5620","flipped":"TRUE","correct_edge":"0to2","index":"31","edgeClickLog":"[{\"edgeSelection\":\"0to2\",\"edgeRTMS\":2065},{\"edgeSelection\":\"2to6\",\"edgeRTMS\":4341},{\"edgeSelection\":\"6to9\",\"edgeRTMS\":5620}]","seed":" 63833578","task":"experiment","subjectId":"k1qlozkrkb1o61t","trial_type":"external-html","trial_index":27,"time_elapsed":687316,"internal_node_id":"0.0-9.0-0.19"},{"rt":6872,"url":"../static/nodeGraphs.html","edge":"5to8","edgeRT":"5775","flipped":"FALSE","correct_edge":"0to2","index":"17","edgeClickLog":"[{\"edgeSelection\":\"0to2\",\"edgeRTMS\":3806},{\"edgeSelection\":\"2to5\",\"edgeRTMS\":4653},{\"edgeSelection\":\"5to8\",\"edgeRTMS\":5775}]","seed":" 21211189","task":"experiment","subjectId":"k1qlozkrkb1o61t","trial_type":"external-html","trial_index":28,"time_elapsed":694880,"internal_node_id":"0.0-9.0-0.20"},{"rt":7288,"url":"../static/nodeGraphs.html","edge":"4to7","edgeRT":"6192","flipped":"TRUE","correct_edge":"0to2","index":"33","edgeClickLog":"[{\"edgeSelection\":\"0to2\",\"edgeRTMS\":2881},{\"edgeSelection\":\"2to4\",\"edgeRTMS\":4403},{\"edgeSelection\":\"4to7\",\"edgeRTMS\":6192}]","seed":" 49587019","task":"experiment","subjectId":"k1qlozkrkb1o61t","trial_type":"external-html","trial_index":29,"time_elapsed":702863,"internal_node_id":"0.0-9.0-0.21"},{"rt":9232,"url":"../static/nodeGraphs.html","edge":"5to8","edgeRT":"8279","flipped":"FALSE","correct_edge":"0to2","index":"7","edgeClickLog":"[{\"edgeSelection\":\"0to2\",\"edgeRTMS\":6187},{\"edgeSelection\":\"2to5\",\"edgeRTMS\":7111},{\"edgeSelection\":\"5to8\",\"edgeRTMS\":8279}]","seed":" 85614324","task":"experiment","subjectId":"k1qlozkrkb1o61t","trial_type":"external-html","trial_index":30,"time_elapsed":712788,"internal_node_id":"0.0-9.0-0.22"},{"rt":9295,"url":"../static/nodeGraphs.html","edge":"5to7","edgeRT":"8182","flipped":"FALSE","correct_edge":"0to1","index":"0","edgeClickLog":"[{\"edgeSelection\":\"0to3\",\"edgeRTMS\":5205},{\"edgeSelection\":\"3to5\",\"edgeRTMS\":6971},{\"edgeSelection\":\"5to7\",\"edgeRTMS\":8182}]","seed":" 21745736","task":"experiment","subjectId":"k1qlozkrkb1o61t","trial_type":"external-html","trial_index":31,"time_elapsed":722773,"internal_node_id":"0.0-9.0-0.23"},{"rt":17070,"url":"../static/nodeGraphs.html","edge":"6to8","edgeRT":"15706","flipped":"TRUE","correct_edge":"2to6","index":"24","edgeClickLog":"[{\"edgeSelection\":\"0to2\",\"edgeRTMS\":5354},{\"edgeSelection\":\"3to5\",\"edgeRTMS\":10025},{\"edgeSelection\":\"0to2\",\"edgeRTMS\":11928},{\"edgeSelection\":\"2to6\",\"edgeRTMS\":12910},{\"edgeSelection\":\"6to8\",\"edgeRTMS\":15706}]","seed":" 36501291","task":"experiment","subjectId":"k1qlozkrkb1o61t","trial_type":"external-html","trial_index":32,"time_elapsed":740528,"internal_node_id":"0.0-9.0-0.24"},{"rt":9057,"url":"../static/nodeGraphs.html","edge":"4to8","edgeRT":"7918","flipped":"FALSE","correct_edge":"0to2","index":"10","edgeClickLog":"[{\"edgeSelection\":\"0to1\",\"edgeRTMS\":5338},{\"edgeSelection\":\"1to4\",\"edgeRTMS\":6200},{\"edgeSelection\":\"4to8\",\"edgeRTMS\":7918}]","seed":" 39688702","task":"experiment","subjectId":"k1qlozkrkb1o61t","trial_type":"external-html","trial_index":33,"time_elapsed":750279,"internal_node_id":"0.0-9.0-0.25"},{"rt":5798,"url":"../static/nodeGraphs.html","edge":"4to7","edgeRT":"5024","flipped":"FALSE","correct_edge":"0to2","index":"11","edgeClickLog":"[{\"edgeSelection\":\"0to2\",\"edgeRTMS\":2008},{\"edgeSelection\":\"2to4\",\"edgeRTMS\":3225},{\"edgeSelection\":\"4to7\",\"edgeRTMS\":5024}]","seed":" 63833578","task":"experiment","subjectId":"k1qlozkrkb1o61t","trial_type":"external-html","trial_index":34,"time_elapsed":756769,"internal_node_id":"0.0-9.0-0.26"},{"rt":12062,"url":"../static/nodeGraphs.html","edge":"6to9","edgeRT":"10997","flipped":"TRUE","correct_edge":"0to2","index":"34","edgeClickLog":"[{\"edgeSelection\":\"0to3\",\"edgeRTMS\":3575},{\"edgeSelection\":\"3to6\",\"edgeRTMS\":8865},{\"edgeSelection\":\"6to9\",\"edgeRTMS\":10997}]","seed":" 21083760","task":"experiment","subjectId":"k1qlozkrkb1o61t","trial_type":"external-html","trial_index":35,"time_elapsed":769513,"internal_node_id":"0.0-9.0-0.27"},{"rt":37782,"url":"../static/nodeGraphs.html","edge":"4to7","edgeRT":"36555","flipped":"TRUE","correct_edge":"0to1","index":"32","edgeClickLog":"[{\"edgeSelection\":\"0to1\",\"edgeRTMS\":5035},{\"edgeSelection\":\"1to5\",\"edgeRTMS\":6650},{\"edgeSelection\":\"5to9\",\"edgeRTMS\":8585},{\"edgeSelection\":\"0to1\",\"edgeRTMS\":18227},{\"edgeSelection\":\"1to5\",\"edgeRTMS\":19732},{\"edgeSelection\":\"5to9\",\"edgeRTMS\":21453},{\"edgeSelection\":\"0to1\",\"edgeRTMS\":31353},{\"edgeSelection\":\"1to4\",\"edgeRTMS\":32815},{\"edgeSelection\":\"4to7\",\"edgeRTMS\":34225},{\"edgeSelection\":\"4to7\",\"edgeRTMS\":36555}]","seed":" 36895371","task":"experiment","subjectId":"k1qlozkrkb1o61t","trial_type":"external-html","trial_index":36,"time_elapsed":807990,"internal_node_id":"0.0-9.0-0.28"},{"rt":6112,"url":"../static/nodeGraphs.html","edge":"5to8","edgeRT":"4883","flipped":"FALSE","correct_edge":"2to4","index":"5","edgeClickLog":"[{\"edgeSelection\":\"0to2\",\"edgeRTMS\":2790},{\"edgeSelection\":\"2to5\",\"edgeRTMS\":4068},{\"edgeSelection\":\"5to8\",\"edgeRTMS\":4883}]","seed":" 10409262","task":"experiment","subjectId":"k1qlozkrkb1o61t","trial_type":"external-html","trial_index":37,"time_elapsed":814787,"internal_node_id":"0.0-9.0-0.29"},{"rt":11407,"url":"../static/nodeGraphs.html","edge":"4to7","edgeRT":"10148","flipped":"FALSE","correct_edge":"0to2","index":"14","edgeClickLog":"[{\"edgeSelection\":\"0to1\",\"edgeRTMS\":3537},{\"edgeSelection\":\"1to4\",\"edgeRTMS\":9053},{\"edgeSelection\":\"4to7\",\"edgeRTMS\":10148}]","seed":" 21083760","task":"experiment","subjectId":"k1qlozkrkb1o61t","trial_type":"external-html","trial_index":38,"time_elapsed":826880,"internal_node_id":"0.0-9.0-0.30"},{"rt":6538,"url":"../static/nodeGraphs.html","edge":"4to7","edgeRT":"5518","flipped":"FALSE","correct_edge":"0to2","index":"8","edgeClickLog":"[{\"edgeSelection\":\"0to2\",\"edgeRTMS\":2892},{\"edgeSelection\":\"2to4\",\"edgeRTMS\":4413},{\"edgeSelection\":\"4to7\",\"edgeRTMS\":5518}]","seed":" 8396978","task":"experiment","subjectId":"k1qlozkrkb1o61t","trial_type":"external-html","trial_index":39,"time_elapsed":834116,"internal_node_id":"0.0-9.0-0.31"},{"rt":8268,"url":"../static/nodeGraphs.html","edge":"6to8","edgeRT":"7240","flipped":"TRUE","correct_edge":"3to6","index":"22","edgeClickLog":"[{\"edgeSelection\":\"0to3\",\"edgeRTMS\":3538},{\"edgeSelection\":\"3to6\",\"edgeRTMS\":5369},{\"edgeSelection\":\"6to8\",\"edgeRTMS\":7240}]","seed":" 22809663","task":"experiment","subjectId":"k1qlozkrkb1o61t","trial_type":"external-html","trial_index":40,"time_elapsed":843069,"internal_node_id":"0.0-9.0-0.32"},{"rt":9375,"url":"../static/nodeGraphs.html","edge":"5to8","edgeRT":"7804","flipped":"TRUE","correct_edge":"1to5","index":"38","edgeClickLog":"[{\"edgeSelection\":\"0to2\",\"edgeRTMS\":5559},{\"edgeSelection\":\"2to5\",\"edgeRTMS\":6469},{\"edgeSelection\":\"5to8\",\"edgeRTMS\":7804}]","seed":" 22181670","task":"experiment","subjectId":"k1qlozkrkb1o61t","trial_type":"external-html","trial_index":41,"time_elapsed":853138,"internal_node_id":"0.0-9.0-0.33"},{"rt":4812,"url":"../static/nodeGraphs.html","edge":"4to7","edgeRT":"3751","flipped":"FALSE","correct_edge":"0to1","index":"19","edgeClickLog":"[{\"edgeSelection\":\"0to1\",\"edgeRTMS\":2058},{\"edgeSelection\":\"1to4\",\"edgeRTMS\":2857},{\"edgeSelection\":\"4to7\",\"edgeRTMS\":3751}]","seed":" 37422119","task":"experiment","subjectId":"k1qlozkrkb1o61t","trial_type":"external-html","trial_index":42,"time_elapsed":858638,"internal_node_id":"0.0-9.0-0.34"},{"rt":5447,"url":"../static/nodeGraphs.html","edge":"6to9","edgeRT":"4262","flipped":"FALSE","correct_edge":"2to6","index":"15","edgeClickLog":"[{\"edgeSelection\":\"0to3\",\"edgeRTMS\":2196},{\"edgeSelection\":\"3to6\",\"edgeRTMS\":3275},{\"edgeSelection\":\"6to9\",\"edgeRTMS\":4262}]","seed":" 53220770","task":"experiment","subjectId":"k1qlozkrkb1o61t","trial_type":"external-html","trial_index":43,"time_elapsed":864774,"internal_node_id":"0.0-9.0-0.35"},{"rt":6504,"url":"../static/nodeGraphs.html","edge":"4to8","edgeRT":"5196","flipped":"TRUE","correct_edge":"0to1","index":"29","edgeClickLog":"[{\"edgeSelection\":\"0to1\",\"edgeRTMS\":3026},{\"edgeSelection\":\"1to4\",\"edgeRTMS\":4198},{\"edgeSelection\":\"4to8\",\"edgeRTMS\":5196}]","seed":" 61187187","task":"experiment","subjectId":"k1qlozkrkb1o61t","trial_type":"external-html","trial_index":44,"time_elapsed":871962,"internal_node_id":"0.0-9.0-0.36"},{"rt":17820,"url":"../static/nodeGraphs.html","edge":"4to8","edgeRT":"16868","flipped":"TRUE","correct_edge":"6to9","index":"26","edgeClickLog":"[{\"edgeSelection\":\"0to1\",\"edgeRTMS\":7117},{\"edgeSelection\":\"1to4\",\"edgeRTMS\":16086},{\"edgeSelection\":\"4to8\",\"edgeRTMS\":16868}]","seed":" 13523788","task":"experiment","subjectId":"k1qlozkrkb1o61t","trial_type":"external-html","trial_index":45,"time_elapsed":890471,"internal_node_id":"0.0-9.0-0.37"},{"rt":5244,"url":"../static/nodeGraphs.html","edge":"6to9","edgeRT":"4362","flipped":"TRUE","correct_edge":"0to3","index":"39","edgeClickLog":"[{\"edgeSelection\":\"0to3\",\"edgeRTMS\":2516},{\"edgeSelection\":\"3to6\",\"edgeRTMS\":3472},{\"edgeSelection\":\"6to9\",\"edgeRTMS\":4362}]","seed":" 37422119","task":"experiment","subjectId":"k1qlozkrkb1o61t","trial_type":"external-html","trial_index":46,"time_elapsed":896405,"internal_node_id":"0.0-9.0-0.38"},{"rt":10740,"url":"../static/nodeGraphs.html","edge":"5to8","edgeRT":"9898","flipped":"FALSE","correct_edge":"2to4","index":"4","edgeClickLog":"[{\"edgeSelection\":\"0to2\",\"edgeRTMS\":2310},{\"edgeSelection\":\"2to5\",\"edgeRTMS\":3725},{\"edgeSelection\":\"5to8\",\"edgeRTMS\":9898}]","seed":" 36501291","task":"experiment","subjectId":"k1qlozkrkb1o61t","trial_type":"external-html","trial_index":47,"time_elapsed":907835,"internal_node_id":"0.0-9.0-0.39"},{"rt":102621,"response":{"P0_Q0":null,"P0_Q1":1,"P0_Q2":7,"P0_Q3":7,"P0_Q4":7,"P0_Q5":1,"strategies":"I looked at which lines connected that would give me the most possible points with each move.","feedback":"I am a bit concerned that the lines didn't \"solidify\" as I was clicking them during the main task. The lines did \"solidify\" as I was doing the training / practice task. I hope the fact that the lines didn't solidify during the main task, hasn't caused my data / selections not be captured. If this is the case, please let me know in a private message so I can withdraw my participation from the study. Thank you. "},"accuracy":[],"trial_type":"survey","trial_index":48,"time_elapsed":1011030,"internal_node_id":"0.0-10.0"},{"rt":4441,"stimulus":"<p>Thanks for your time!</p>        <p>We need to manually calculate your bonus pay, please give us up to 7 days.</p><p>Press any key to conclude.</p>","response":" ","task":"end","subjectId":"k1qlozkrkb1o61t","trial_type":"html-keyboard-response","trial_index":49,"time_elapsed":1015474,"internal_node_id":"0.0-11.0","interactions":"[{\"event\":\"blur\",\"trial\":1,\"time\":4652},{\"event\":\"focus\",\"trial\":1,\"time\":7258},{\"event\":\"fullscreenenter\",\"trial\":1,\"time\":9404},{\"event\":\"blur\",\"trial\":3,\"time\":14189},{\"event\":\"focus\",\"trial\":3,\"time\":19552},{\"event\":\"blur\",\"trial\":3,\"time\":48906},{\"event\":\"focus\",\"trial\":3,\"time\":53284},{\"event\":\"blur\",\"trial\":3,\"time\":57475},{\"event\":\"focus\",\"trial\":3,\"time\":64119},{\"event\":\"blur\",\"trial\":3,\"time\":71216},{\"event\":\"focus\",\"trial\":3,\"time\":77918},{\"event\":\"blur\",\"trial\":3,\"time\":101539},{\"event\":\"focus\",\"trial\":3,\"time\":110902},{\"event\":\"blur\",\"trial\":3,\"time\":115907},{\"event\":\"focus\",\"trial\":3,\"time\":126985},{\"event\":\"blur\",\"trial\":3,\"time\":128454},{\"event\":\"focus\",\"trial\":3,\"time\":136050},{\"event\":\"blur\",\"trial\":3,\"time\":143291},{\"event\":\"focus\",\"trial\":3,\"time\":156649},{\"event\":\"blur\",\"trial\":3,\"time\":165663},{\"event\":\"focus\",\"trial\":3,\"time\":171327},{\"event\":\"blur\",\"trial\":4,\"time\":184598},{\"event\":\"focus\",\"trial\":4,\"time\":184598},{\"event\":\"fullscreenexit\",\"trial\":4,\"time\":184604},{\"event\":\"blur\",\"trial\":4,\"time\":191744},{\"event\":\"focus\",\"trial\":4,\"time\":201226},{\"event\":\"blur\",\"trial\":4,\"time\":242737},{\"event\":\"focus\",\"trial\":4,\"time\":245649},{\"event\":\"blur\",\"trial\":5,\"time\":257410},{\"event\":\"focus\",\"trial\":5,\"time\":264377},{\"event\":\"blur\",\"trial\":5,\"time\":265798},{\"event\":\"focus\",\"trial\":5,\"time\":270927},{\"event\":\"blur\",\"trial\":6,\"time\":293074},{\"event\":\"focus\",\"trial\":6,\"time\":318133},{\"event\":\"blur\",\"trial\":7,\"time\":328694},{\"event\":\"focus\",\"trial\":7,\"time\":352118},{\"event\":\"blur\",\"trial\":8,\"time\":353755},{\"event\":\"focus\",\"trial\":8,\"time\":363884},{\"event\":\"blur\",\"trial\":10,\"time\":424858},{\"event\":\"focus\",\"trial\":10,\"time\":440881},{\"event\":\"blur\",\"trial\":11,\"time\":463675},{\"event\":\"focus\",\"trial\":11,\"time\":473062},{\"event\":\"blur\",\"trial\":14,\"time\":529102},{\"event\":\"focus\",\"trial\":14,\"time\":534433},{\"event\":\"blur\",\"trial\":15,\"time\":550377},{\"event\":\"focus\",\"trial\":15,\"time\":554462},{\"event\":\"blur\",\"trial\":15,\"time\":567528},{\"event\":\"focus\",\"trial\":15,\"time\":572071},{\"event\":\"blur\",\"trial\":16,\"time\":575451},{\"event\":\"focus\",\"trial\":16,\"time\":580707},{\"event\":\"blur\",\"trial\":36,\"time\":786195},{\"event\":\"focus\",\"trial\":36,\"time\":786195},{\"event\":\"blur\",\"trial\":36,\"time\":794299},{\"event\":\"focus\",\"trial\":36,\"time\":794299}]"}]