[{"success":true,"timeout":false,"failed_images":[],"failed_audio":[],"failed_video":[],"trial_type":"preload","trial_index":0,"time_elapsed":1816,"internal_node_id":"0.0-0.0"},{"success":true,"trial_type":"fullscreen","trial_index":1,"time_elapsed":8345,"internal_node_id":"0.0-1.0"},{"rt":2385,"stimulus":"Welcome to the experiment. Press any key to begin.","response":"p","trial_type":"html-keyboard-response","trial_index":2,"time_elapsed":10741,"internal_node_id":"0.0-2.0"},{"view_history":[{"page_index":0,"viewing_time":2163},{"page_index":1,"viewing_time":1775},{"page_index":2,"viewing_time":13558},{"page_index":3,"viewing_time":3576},{"page_index":4,"viewing_time":1000},{"page_index":5,"viewing_time":1048},{"page_index":6,"viewing_time":10286},{"page_index":7,"viewing_time":6856},{"page_index":8,"viewing_time":8527},{"page_index":9,"viewing_time":5689},{"page_index":10,"viewing_time":1015},{"page_index":11,"viewing_time":600},{"page_index":12,"viewing_time":496},{"page_index":13,"viewing_time":1399},{"page_index":14,"viewing_time":2176},{"page_index":15,"viewing_time":3025},{"page_index":16,"viewing_time":1214},{"page_index":17,"viewing_time":608},{"page_index":18,"viewing_time":999},{"page_index":19,"viewing_time":2440},{"page_index":20,"viewing_time":4255},{"page_index":21,"viewing_time":4727}],"rt":77433,"trial_type":"instructions","trial_index":3,"time_elapsed":88176,"internal_node_id":"0.0-3.0"},{"rt":46181,"url":"../static/nodeGraphsTraining.html","edgeClickLog":[],"trial_type":"external-html","trial_index":4,"time_elapsed":134746,"internal_node_id":"0.0-4.0"},{"rt":23923,"response":{"q1":"The goal is to help the student to get the most points","q2":"False","q3":"Possible paths the student can take.","q4":"Paths that the student took before."},"question_order":[0,1,2,3],"trial_type":"survey-multi-choice","trial_index":5,"time_elapsed":158677,"internal_node_id":"0.0-5.0"},{"rt":null,"stimulus":"<p>You can take a 60 second break before starting the experiment.</p><br><br><p>This page will advance in 60 seconds or you can press any key to advance now.</p>","response":null,"trial_type":"html-keyboard-response","trial_index":6,"time_elapsed":218690,"internal_node_id":"0.0-7.0"},{"view_history":[{"page_index":0,"viewing_time":55431}],"rt":55432,"trial_type":"instructions","trial_index":7,"time_elapsed":274123,"internal_node_id":"0.0-8.0"},{"rt":21936,"url":"../static/nodeGraphs.html","edge":"3to6","edgeRT":"19008","flipped":"TRUE","correct_edge":"0to2","index":"28","edgeClickLog":"[{\"edgeSelection\":\"3to6\",\"edgeRTMS\":19008}]","seed":" 8396978","task":"experiment","subjectId":"asyyuhbmrs76vqh","trial_type":"external-html","trial_index":8,"time_elapsed":296334,"internal_node_id":"0.0-9.0-0.0"},{"rt":10827,"url":"../static/nodeGraphs.html","edge":"5to7","edgeRT":"8482","flipped":"FALSE","correct_edge":"0to3","index":"9","edgeClickLog":"[{\"edgeSelection\":\"5to7\",\"edgeRTMS\":8482}]","seed":" 61187187","task":"experiment","subjectId":"asyyuhbmrs76vqh","trial_type":"external-html","trial_index":9,"time_elapsed":307940,"internal_node_id":"0.0-9.0-0.1"},{"rt":3496,"url":"../static/nodeGraphs.html","edge":"4to8","edgeRT":"2457","flipped":"FALSE","correct_edge":"4to8","index":"1","edgeClickLog":"[{\"edgeSelection\":\"4to8\",\"edgeRTMS\":2457}]","seed":" 32816305","task":"experiment","subjectId":"asyyuhbmrs76vqh","trial_type":"external-html","trial_index":10,"time_elapsed":312219,"internal_node_id":"0.0-9.0-0.2"},{"rt":11088,"url":"../static/nodeGraphs.html","edge":"1to5","edgeRT":"8150","flipped":"TRUE","correct_edge":"0to2","index":"27","edgeClickLog":"[{\"edgeSelection\":\"1to5\",\"edgeRTMS\":8150}]","seed":" 85614324","task":"experiment","subjectId":"asyyuhbmrs76vqh","trial_type":"external-html","trial_index":11,"time_elapsed":324081,"internal_node_id":"0.0-9.0-0.3"},{"rt":93326,"url":"../static/nodeGraphs.html","edge":"0to2","edgeRT":"91236","flipped":"FALSE","correct_edge":"0to2","index":"11","edgeClickLog":"[{\"edgeSelection\":\"1to4\",\"edgeRTMS\":7169},{\"edgeSelection\":\"0to2\",\"edgeRTMS\":91236}]","seed":" 63833578","task":"experiment","subjectId":"asyyuhbmrs76vqh","trial_type":"external-html","trial_index":12,"time_elapsed":418183,"internal_node_id":"0.0-9.0-0.4"},{"rt":22567,"url":"../static/nodeGraphs.html","edge":"1to5","edgeRT":"4807","flipped":"FALSE","correct_edge":"0to2","index":"17","edgeClickLog":"[{\"edgeSelection\":\"1to5\",\"edgeRTMS\":4807}]","seed":" 21211189","task":"experiment","subjectId":"asyyuhbmrs76vqh","trial_type":"external-html","trial_index":13,"time_elapsed":441553,"internal_node_id":"0.0-9.0-0.5"},{"rt":8555,"url":"../static/nodeGraphs.html","edge":"6to8","edgeRT":"3338","flipped":"TRUE","correct_edge":"6to8","index":"21","edgeClickLog":"[{\"edgeSelection\":\"6to8\",\"edgeRTMS\":3338}]","seed":" 32816305","task":"experiment","subjectId":"asyyuhbmrs76vqh","trial_type":"external-html","trial_index":14,"time_elapsed":450872,"internal_node_id":"0.0-9.0-0.6"},{"rt":13357,"url":"../static/nodeGraphs.html","edge":"3to5","edgeRT":"10369","flipped":"FALSE","correct_edge":"3to5","index":"18","edgeClickLog":"[{\"edgeSelection\":\"3to5\",\"edgeRTMS\":10369}]","seed":" 22181670","task":"experiment","subjectId":"asyyuhbmrs76vqh","trial_type":"external-html","trial_index":15,"time_elapsed":464990,"internal_node_id":"0.0-9.0-0.7"},{"rt":13930,"url":"../static/nodeGraphs.html","edge":"0to3","edgeRT":"11899","flipped":"TRUE","correct_edge":"0to2","index":"34","edgeClickLog":"[{\"edgeSelection\":\"0to3\",\"edgeRTMS\":11899}]","seed":" 21083760","task":"experiment","subjectId":"asyyuhbmrs76vqh","trial_type":"external-html","trial_index":16,"time_elapsed":479717,"internal_node_id":"0.0-9.0-0.8"},{"rt":29460,"url":"../static/nodeGraphs.html","edge":"6to9","edgeRT":"20444","flipped":"FALSE","correct_edge":"0to2","index":"10","edgeClickLog":"[{\"edgeSelection\":\"0to1\",\"edgeRTMS\":3117},{\"edgeSelection\":\"6to9\",\"edgeRTMS\":20444}]","seed":" 39688702","task":"experiment","subjectId":"asyyuhbmrs76vqh","trial_type":"external-html","trial_index":17,"time_elapsed":509976,"internal_node_id":"0.0-9.0-0.9"},{"rt":6534,"url":"../static/nodeGraphs.html","edge":"3to5","edgeRT":"5481","flipped":"FALSE","correct_edge":"0to2","index":"7","edgeClickLog":"[{\"edgeSelection\":\"3to5\",\"edgeRTMS\":3211},{\"edgeSelection\":\"3to5\",\"edgeRTMS\":4707},{\"edgeSelection\":\"3to5\",\"edgeRTMS\":5481}]","seed":" 85614324","task":"experiment","subjectId":"asyyuhbmrs76vqh","trial_type":"external-html","trial_index":18,"time_elapsed":517248,"internal_node_id":"0.0-9.0-0.10"},{"rt":12230,"url":"../static/nodeGraphs.html","edge":"0to2","edgeRT":"9787","flipped":"FALSE","correct_edge":"0to2","index":"8","edgeClickLog":"[{\"edgeSelection\":\"1to4\",\"edgeRTMS\":4131},{\"edgeSelection\":\"0to2\",\"edgeRTMS\":9787}]","seed":" 8396978","task":"experiment","subjectId":"asyyuhbmrs76vqh","trial_type":"external-html","trial_index":19,"time_elapsed":530294,"internal_node_id":"0.0-9.0-0.11"},{"rt":9691,"url":"../static/nodeGraphs.html","edge":"0to3","edgeRT":"6143","flipped":"TRUE","correct_edge":"0to3","index":"20","edgeClickLog":"[{\"edgeSelection\":\"0to3\",\"edgeRTMS\":6143}]","seed":" 21745736","task":"experiment","subjectId":"asyyuhbmrs76vqh","trial_type":"external-html","trial_index":20,"time_elapsed":540731,"internal_node_id":"0.0-9.0-0.12"},{"rt":30801,"url":"../static/nodeGraphs.html","edge":"5to9","edgeRT":"29143","flipped":"FALSE","correct_edge":"0to2","index":"13","edgeClickLog":"[{\"edgeSelection\":\"5to7\",\"edgeRTMS\":27545},{\"edgeSelection\":\"5to9\",\"edgeRTMS\":28620},{\"edgeSelection\":\"5to9\",\"edgeRTMS\":29143}]","seed":" 49587019","task":"experiment","subjectId":"asyyuhbmrs76vqh","trial_type":"external-html","trial_index":21,"time_elapsed":572280,"internal_node_id":"0.0-9.0-0.13"},{"rt":5068,"url":"../static/nodeGraphs.html","edge":"5to8","edgeRT":"3304","flipped":"FALSE","correct_edge":"5to8","index":"3","edgeClickLog":"[{\"edgeSelection\":\"5to9\",\"edgeRTMS\":2153},{\"edgeSelection\":\"5to8\",\"edgeRTMS\":3304}]","seed":" 46003743","task":"experiment","subjectId":"asyyuhbmrs76vqh","trial_type":"external-html","trial_index":22,"time_elapsed":578094,"internal_node_id":"0.0-9.0-0.14"},{"rt":10225,"url":"../static/nodeGraphs.html","edge":"5to7","edgeRT":"7507","flipped":"TRUE","correct_edge":"0to1","index":"32","edgeClickLog":"[{\"edgeSelection\":\"5to7\",\"edgeRTMS\":2794},{\"edgeSelection\":\"5to7\",\"edgeRTMS\":7507}]","seed":" 36895371","task":"experiment","subjectId":"asyyuhbmrs76vqh","trial_type":"external-html","trial_index":23,"time_elapsed":589092,"internal_node_id":"0.0-9.0-0.15"},{"rt":4432,"url":"../static/nodeGraphs.html","edge":"1to5","edgeRT":"3171","flipped":"TRUE","correct_edge":"1to5","index":"38","edgeClickLog":"[{\"edgeSelection\":\"1to5\",\"edgeRTMS\":3171}]","seed":" 22181670","task":"experiment","subjectId":"asyyuhbmrs76vqh","trial_type":"external-html","trial_index":24,"time_elapsed":594276,"internal_node_id":"0.0-9.0-0.16"},{"rt":6037,"url":"../static/nodeGraphs.html","edge":"0to2","edgeRT":"4777","flipped":"TRUE","correct_edge":"0to2","index":"31","edgeClickLog":"[{\"edgeSelection\":\"0to2\",\"edgeRTMS\":2797},{\"edgeSelection\":\"0to2\",\"edgeRTMS\":3709},{\"edgeSelection\":\"0to2\",\"edgeRTMS\":4777}]","seed":" 63833578","task":"experiment","subjectId":"asyyuhbmrs76vqh","trial_type":"external-html","trial_index":25,"time_elapsed":601091,"internal_node_id":"0.0-9.0-0.17"},{"rt":97193,"url":"../static/nodeGraphs.html","edge":"3to6","edgeRT":"94084","flipped":"TRUE","correct_edge":"3to6","index":"22","edgeClickLog":"[{\"edgeSelection\":\"3to6\",\"edgeRTMS\":94084}]","seed":" 22809663","task":"experiment","subjectId":"asyyuhbmrs76vqh","trial_type":"external-html","trial_index":26,"time_elapsed":699071,"internal_node_id":"0.0-9.0-0.18"},{"rt":5901,"url":"../static/nodeGraphs.html","edge":"0to2","edgeRT":"2950","flipped":"TRUE","correct_edge":"0to2","index":"37","edgeClickLog":"[{\"edgeSelection\":\"0to2\",\"edgeRTMS\":2950}]","seed":" 21211189","task":"experiment","subjectId":"asyyuhbmrs76vqh","trial_type":"external-html","trial_index":27,"time_elapsed":705758,"internal_node_id":"0.0-9.0-0.19"},{"rt":7646,"url":"../static/nodeGraphs.html","edge":"3to5","edgeRT":"3019","flipped":"FALSE","correct_edge":"5to9","index":"16","edgeClickLog":"[{\"edgeSelection\":\"3to5\",\"edgeRTMS\":3019}]","seed":" 5655743","task":"experiment","subjectId":"asyyuhbmrs76vqh","trial_type":"external-html","trial_index":28,"time_elapsed":714156,"internal_node_id":"0.0-9.0-0.20"},{"rt":9676,"url":"../static/nodeGraphs.html","edge":"0to2","edgeRT":"6661","flipped":"TRUE","correct_edge":"0to2","index":"33","edgeClickLog":"[{\"edgeSelection\":\"0to2\",\"edgeRTMS\":6661}]","seed":" 49587019","task":"experiment","subjectId":"asyyuhbmrs76vqh","trial_type":"external-html","trial_index":29,"time_elapsed":724578,"internal_node_id":"0.0-9.0-0.21"},{"rt":6376,"url":"../static/nodeGraphs.html","edge":"2to6","edgeRT":"3402","flipped":"TRUE","correct_edge":"2to6","index":"24","edgeClickLog":"[{\"edgeSelection\":\"2to6\",\"edgeRTMS\":3402}]","seed":" 36501291","task":"experiment","subjectId":"asyyuhbmrs76vqh","trial_type":"external-html","trial_index":30,"time_elapsed":731721,"internal_node_id":"0.0-9.0-0.22"},{"rt":10944,"url":"../static/nodeGraphs.html","edge":"2to6","edgeRT":"8190","flipped":"FALSE","correct_edge":"2to6","index":"15","edgeClickLog":"[{\"edgeSelection\":\"2to6\",\"edgeRTMS\":8190}]","seed":" 53220770","task":"experiment","subjectId":"asyyuhbmrs76vqh","trial_type":"external-html","trial_index":31,"time_elapsed":743449,"internal_node_id":"0.0-9.0-0.23"},{"rt":6187,"url":"../static/nodeGraphs.html","edge":"5to9","edgeRT":"4431","flipped":"TRUE","correct_edge":"0to1","index":"29","edgeClickLog":"[{\"edgeSelection\":\"5to9\",\"edgeRTMS\":4431}]","seed":" 61187187","task":"experiment","subjectId":"asyyuhbmrs76vqh","trial_type":"external-html","trial_index":32,"time_elapsed":750415,"internal_node_id":"0.0-9.0-0.24"},{"rt":5621,"url":"../static/nodeGraphs.html","edge":"2to4","edgeRT":"2533","flipped":"FALSE","correct_edge":"2to4","index":"4","edgeClickLog":"[{\"edgeSelection\":\"2to4\",\"edgeRTMS\":2533}]","seed":" 36501291","task":"experiment","subjectId":"asyyuhbmrs76vqh","trial_type":"external-html","trial_index":33,"time_elapsed":756796,"internal_node_id":"0.0-9.0-0.25"},{"rt":6900,"url":"../static/nodeGraphs.html","edge":"5to9","edgeRT":"2941","flipped":"FALSE","correct_edge":"0to1","index":"19","edgeClickLog":"[{\"edgeSelection\":\"5to9\",\"edgeRTMS\":2304},{\"edgeSelection\":\"5to9\",\"edgeRTMS\":2941}]","seed":" 37422119","task":"experiment","subjectId":"asyyuhbmrs76vqh","trial_type":"external-html","trial_index":34,"time_elapsed":764454,"internal_node_id":"0.0-9.0-0.26"},{"rt":5186,"url":"../static/nodeGraphs.html","edge":"2to4","edgeRT":"3500","flipped":"TRUE","correct_edge":"2to4","index":"35","edgeClickLog":"[{\"edgeSelection\":\"2to4\",\"edgeRTMS\":3500}]","seed":" 53220770","task":"experiment","subjectId":"asyyuhbmrs76vqh","trial_type":"external-html","trial_index":35,"time_elapsed":770413,"internal_node_id":"0.0-9.0-0.27"},{"rt":2534,"url":"../static/nodeGraphs.html","edge":"5to8","edgeRT":"1679","flipped":"TRUE","correct_edge":"5to8","index":"23","edgeClickLog":"[{\"edgeSelection\":\"5to8\",\"edgeRTMS\":1679}]","seed":" 46003743","task":"experiment","subjectId":"asyyuhbmrs76vqh","trial_type":"external-html","trial_index":36,"time_elapsed":773733,"internal_node_id":"0.0-9.0-0.28"},{"rt":5236,"url":"../static/nodeGraphs.html","edge":"0to1","edgeRT":"3666","flipped":"FALSE","correct_edge":"0to1","index":"0","edgeClickLog":"[{\"edgeSelection\":\"0to1\",\"edgeRTMS\":3666}]","seed":" 21745736","task":"experiment","subjectId":"asyyuhbmrs76vqh","trial_type":"external-html","trial_index":37,"time_elapsed":779771,"internal_node_id":"0.0-9.0-0.29"},{"rt":3891,"url":"../static/nodeGraphs.html","edge":"2to6","edgeRT":"2868","flipped":"TRUE","correct_edge":"2to6","index":"25","edgeClickLog":"[{\"edgeSelection\":\"2to6\",\"edgeRTMS\":2868}]","seed":" 10409262","task":"experiment","subjectId":"asyyuhbmrs76vqh","trial_type":"external-html","trial_index":38,"time_elapsed":784434,"internal_node_id":"0.0-9.0-0.30"},{"rt":6185,"url":"../static/nodeGraphs.html","edge":"1to5","edgeRT":"1782","flipped":"TRUE","correct_edge":"5to7","index":"36","edgeClickLog":"[{\"edgeSelection\":\"1to5\",\"edgeRTMS\":1782}]","seed":" 5655743","task":"experiment","subjectId":"asyyuhbmrs76vqh","trial_type":"external-html","trial_index":39,"time_elapsed":791390,"internal_node_id":"0.0-9.0-0.31"},{"rt":5845,"url":"../static/nodeGraphs.html","edge":"6to9","edgeRT":"4233","flipped":"TRUE","correct_edge":"6to9","index":"26","edgeClickLog":"[{\"edgeSelection\":\"6to9\",\"edgeRTMS\":4233}]","seed":" 13523788","task":"experiment","subjectId":"asyyuhbmrs76vqh","trial_type":"external-html","trial_index":40,"time_elapsed":798041,"internal_node_id":"0.0-9.0-0.32"},{"rt":10151,"url":"../static/nodeGraphs.html","edge":"0to2","edgeRT":"5035","flipped":"TRUE","correct_edge":"0to2","index":"30","edgeClickLog":"[{\"edgeSelection\":\"0to2\",\"edgeRTMS\":4431},{\"edgeSelection\":\"0to2\",\"edgeRTMS\":5035}]","seed":" 39688702","task":"experiment","subjectId":"asyyuhbmrs76vqh","trial_type":"external-html","trial_index":41,"time_elapsed":808961,"internal_node_id":"0.0-9.0-0.33"},{"rt":3817,"url":"../static/nodeGraphs.html","edge":"1to4","edgeRT":"2348","flipped":"FALSE","correct_edge":"1to4","index":"2","edgeClickLog":"[{\"edgeSelection\":\"1to4\",\"edgeRTMS\":2348}]","seed":" 22809663","task":"experiment","subjectId":"asyyuhbmrs76vqh","trial_type":"external-html","trial_index":42,"time_elapsed":813543,"internal_node_id":"0.0-9.0-0.34"},{"rt":6283,"url":"../static/nodeGraphs.html","edge":"0to3","edgeRT":"4548","flipped":"FALSE","correct_edge":"0to3","index":"12","edgeClickLog":"[{\"edgeSelection\":\"0to3\",\"edgeRTMS\":4548}]","seed":" 36895371","task":"experiment","subjectId":"asyyuhbmrs76vqh","trial_type":"external-html","trial_index":43,"time_elapsed":820607,"internal_node_id":"0.0-9.0-0.35"},{"rt":21310,"url":"../static/nodeGraphs.html","edge":"3to5","edgeRT":"19610","flipped":"FALSE","correct_edge":"0to2","index":"14","edgeClickLog":"[{\"edgeSelection\":\"3to6\",\"edgeRTMS\":11814},{\"edgeSelection\":\"3to6\",\"edgeRTMS\":14247},{\"edgeSelection\":\"3to6\",\"edgeRTMS\":15070},{\"edgeSelection\":\"3to5\",\"edgeRTMS\":16902},{\"edgeSelection\":\"3to6\",\"edgeRTMS\":18411},{\"edgeSelection\":\"3to5\",\"edgeRTMS\":19610}]","seed":" 21083760","task":"experiment","subjectId":"asyyuhbmrs76vqh","trial_type":"external-html","trial_index":44,"time_elapsed":842725,"internal_node_id":"0.0-9.0-0.36"},{"rt":4354,"url":"../static/nodeGraphs.html","edge":"2to4","edgeRT":"3125","flipped":"FALSE","correct_edge":"2to4","index":"5","edgeClickLog":"[{\"edgeSelection\":\"5to8\",\"edgeRTMS\":1622},{\"edgeSelection\":\"2to4\",\"edgeRTMS\":3125}]","seed":" 10409262","task":"experiment","subjectId":"asyyuhbmrs76vqh","trial_type":"external-html","trial_index":45,"time_elapsed":847850,"internal_node_id":"0.0-9.0-0.37"},{"rt":4033,"url":"../static/nodeGraphs.html","edge":"5to7","edgeRT":"3148","flipped":"TRUE","correct_edge":"0to3","index":"39","edgeClickLog":"[{\"edgeSelection\":\"5to7\",\"edgeRTMS\":3148}]","seed":" 37422119","task":"experiment","subjectId":"asyyuhbmrs76vqh","trial_type":"external-html","trial_index":46,"time_elapsed":852677,"internal_node_id":"0.0-9.0-0.38"},{"rt":3813,"url":"../static/nodeGraphs.html","edge":"4to7","edgeRT":"2923","flipped":"FALSE","correct_edge":"4to7","index":"6","edgeClickLog":"[{\"edgeSelection\":\"4to7\",\"edgeRTMS\":2923}]","seed":" 13523788","task":"experiment","subjectId":"asyyuhbmrs76vqh","trial_type":"external-html","trial_index":47,"time_elapsed":857265,"internal_node_id":"0.0-9.0-0.39"},{"rt":99363,"response":{"P0_Q0":null,"P0_Q1":5,"P0_Q2":6,"P0_Q3":5,"P0_Q4":6,"P0_Q5":6,"strategies":"look for guaranteed more points, or work backwards to guess what the student can see and choose a path with more potential","feedback":""},"accuracy":[],"trial_type":"survey","trial_index":48,"time_elapsed":957328,"internal_node_id":"0.0-10.0"},{"rt":5248,"stimulus":"<p>Thanks for your time!</p>        <p>We need to manually calculate your bonus pay, please give us up to 7 days.</p><p>Press any key to conclude.</p>","response":"enter","task":"end","subjectId":"asyyuhbmrs76vqh","trial_type":"html-keyboard-response","trial_index":49,"time_elapsed":962585,"internal_node_id":"0.0-11.0","interactions":"[{\"event\":\"blur\",\"trial\":1,\"time\":3026},{\"event\":\"focus\",\"trial\":1,\"time\":7241},{\"event\":\"fullscreenenter\",\"trial\":1,\"time\":7359},{\"event\":\"blur\",\"trial\":31,\"time\":739697},{\"event\":\"focus\",\"trial\":31,\"time\":739698},{\"event\":\"fullscreenexit\",\"trial\":31,\"time\":739739},{\"event\":\"blur\",\"trial\":48,\"time\":871652},{\"event\":\"focus\",\"trial\":48,\"time\":872685},{\"event\":\"blur\",\"trial\":48,\"time\":943256},{\"event\":\"focus\",\"trial\":48,\"time\":943537},{\"event\":\"blur\",\"trial\":49,\"time\":958399},{\"event\":\"focus\",\"trial\":49,\"time\":958547},{\"event\":\"blur\",\"trial\":49,\"time\":961666},{\"event\":\"focus\",\"trial\":49,\"time\":962190}]"}]