[{"success":true,"timeout":false,"failed_images":[],"failed_audio":[],"failed_video":[],"trial_type":"preload","trial_index":0,"time_elapsed":697,"internal_node_id":"0.0-0.0"},{"success":true,"trial_type":"fullscreen","trial_index":1,"time_elapsed":3530,"internal_node_id":"0.0-1.0"},{"rt":1589,"stimulus":"Welcome to the experiment. Press any key to begin.","response":" ","trial_type":"html-keyboard-response","trial_index":2,"time_elapsed":5122,"internal_node_id":"0.0-2.0"},{"view_history":[{"page_index":0,"viewing_time":2727},{"page_index":1,"viewing_time":4257},{"page_index":2,"viewing_time":18786},{"page_index":3,"viewing_time":4221},{"page_index":4,"viewing_time":2438},{"page_index":5,"viewing_time":3976},{"page_index":6,"viewing_time":4017},{"page_index":7,"viewing_time":7976},{"page_index":8,"viewing_time":8792},{"page_index":9,"viewing_time":7808},{"page_index":10,"viewing_time":1024},{"page_index":11,"viewing_time":685},{"page_index":12,"viewing_time":689},{"page_index":13,"viewing_time":1603},{"page_index":14,"viewing_time":2114},{"page_index":15,"viewing_time":6391},{"page_index":16,"viewing_time":1433},{"page_index":17,"viewing_time":632},{"page_index":18,"viewing_time":689},{"page_index":19,"viewing_time":4065},{"page_index":20,"viewing_time":7486},{"page_index":21,"viewing_time":3387}],"rt":95197,"trial_type":"instructions","trial_index":3,"time_elapsed":100317,"internal_node_id":"0.0-3.0"},{"rt":79792,"url":"../static/nodeGraphsTraining.html","edgeClickLog":[],"trial_type":"external-html","trial_index":4,"time_elapsed":180272,"internal_node_id":"0.0-4.0"},{"rt":29321,"response":{"q1":"The goal is to help the student to get the most points","q2":"False","q3":"Possible paths the student can take.","q4":"Paths that the student took before."},"question_order":[0,1,2,3],"trial_type":"survey-multi-choice","trial_index":5,"time_elapsed":209597,"internal_node_id":"0.0-5.0"},{"rt":2638,"stimulus":"<p>You can take a 60 second break before starting the experiment.</p><br><br><p>This page will advance in 60 seconds or you can press any key to advance now.</p>","response":" ","trial_type":"html-keyboard-response","trial_index":6,"time_elapsed":212240,"internal_node_id":"0.0-7.0"},{"view_history":[{"page_index":0,"viewing_time":10834}],"rt":10835,"trial_type":"instructions","trial_index":7,"time_elapsed":223075,"internal_node_id":"0.0-8.0"},{"rt":17650,"url":"../static/nodeGraphs.html","edge":"0to1","edgeRT":"14770","flipped":"FALSE","correct_edge":"0to1","index":"0","edgeClickLog":"[{\"edgeSelection\":\"0to1\",\"edgeRTMS\":14770}]","seed":" 21745736","task":"experiment","subjectId":"wzjapm9o1q7cqdv","trial_type":"external-html","trial_index":8,"time_elapsed":241000,"internal_node_id":"0.0-9.0-0.0"},{"rt":9470,"url":"../static/nodeGraphs.html","edge":"0to2","edgeRT":"8239","flipped":"FALSE","correct_edge":"3to5","index":"18","edgeClickLog":"[{\"edgeSelection\":\"0to2\",\"edgeRTMS\":8239}]","seed":" 22181670","task":"experiment","subjectId":"wzjapm9o1q7cqdv","trial_type":"external-html","trial_index":9,"time_elapsed":251085,"internal_node_id":"0.0-9.0-0.1"},{"rt":42658,"url":"../static/nodeGraphs.html","edge":"0to1","edgeRT":"29045","flipped":"FALSE","correct_edge":"4to8","index":"1","edgeClickLog":"[{\"edgeSelection\":\"0to1\",\"edgeRTMS\":29045}]","seed":" 32816305","task":"experiment","subjectId":"wzjapm9o1q7cqdv","trial_type":"external-html","trial_index":10,"time_elapsed":294343,"internal_node_id":"0.0-9.0-0.2"},{"rt":19962,"url":"../static/nodeGraphs.html","edge":"0to1","edgeRT":"8477","flipped":"FALSE","correct_edge":"0to2","index":"10","edgeClickLog":"[{\"edgeSelection\":\"0to1\",\"edgeRTMS\":8477}]","seed":" 39688702","task":"experiment","subjectId":"wzjapm9o1q7cqdv","trial_type":"external-html","trial_index":11,"time_elapsed":314919,"internal_node_id":"0.0-9.0-0.3"},{"rt":6932,"url":"../static/nodeGraphs.html","edge":"0to2","edgeRT":"5256","flipped":"TRUE","correct_edge":"0to2","index":"37","edgeClickLog":"[{\"edgeSelection\":\"0to2\",\"edgeRTMS\":5256}]","seed":" 21211189","task":"experiment","subjectId":"wzjapm9o1q7cqdv","trial_type":"external-html","trial_index":12,"time_elapsed":322452,"internal_node_id":"0.0-9.0-0.4"},{"rt":11408,"url":"../static/nodeGraphs.html","edge":"0to1","edgeRT":"4614","flipped":"FALSE","correct_edge":"0to2","index":"14","edgeClickLog":"[{\"edgeSelection\":\"0to1\",\"edgeRTMS\":4614}]","seed":" 21083760","task":"experiment","subjectId":"wzjapm9o1q7cqdv","trial_type":"external-html","trial_index":13,"time_elapsed":334462,"internal_node_id":"0.0-9.0-0.5"},{"rt":17668,"url":"../static/nodeGraphs.html","edge":"5to8","edgeRT":"13711","flipped":"FALSE","correct_edge":"5to8","index":"3","edgeClickLog":"[{\"edgeSelection\":\"0to1\",\"edgeRTMS\":8799},{\"edgeSelection\":\"5to8\",\"edgeRTMS\":13711}]","seed":" 46003743","task":"experiment","subjectId":"wzjapm9o1q7cqdv","trial_type":"external-html","trial_index":14,"time_elapsed":352745,"internal_node_id":"0.0-9.0-0.6"},{"rt":14543,"url":"../static/nodeGraphs.html","edge":"0to2","edgeRT":"13099","flipped":"FALSE","correct_edge":"0to2","index":"11","edgeClickLog":"[{\"edgeSelection\":\"0to2\",\"edgeRTMS\":13099}]","seed":" 63833578","task":"experiment","subjectId":"wzjapm9o1q7cqdv","trial_type":"external-html","trial_index":15,"time_elapsed":367886,"internal_node_id":"0.0-9.0-0.7"},{"rt":25711,"url":"../static/nodeGraphs.html","edge":"2to4","edgeRT":"22108","flipped":"FALSE","correct_edge":"2to4","index":"4","edgeClickLog":"[{\"edgeSelection\":\"2to4\",\"edgeRTMS\":22108}]","seed":" 36501291","task":"experiment","subjectId":"wzjapm9o1q7cqdv","trial_type":"external-html","trial_index":16,"time_elapsed":394197,"internal_node_id":"0.0-9.0-0.8"},{"rt":13654,"url":"../static/nodeGraphs.html","edge":"2to4","edgeRT":"12375","flipped":"TRUE","correct_edge":"0to2","index":"33","edgeClickLog":"[{\"edgeSelection\":\"2to4\",\"edgeRTMS\":12375}]","seed":" 49587019","task":"experiment","subjectId":"wzjapm9o1q7cqdv","trial_type":"external-html","trial_index":17,"time_elapsed":408461,"internal_node_id":"0.0-9.0-0.9"},{"rt":6539,"url":"../static/nodeGraphs.html","edge":"0to3","edgeRT":"4799","flipped":"TRUE","correct_edge":"0to3","index":"39","edgeClickLog":"[{\"edgeSelection\":\"0to3\",\"edgeRTMS\":4799}]","seed":" 37422119","task":"experiment","subjectId":"wzjapm9o1q7cqdv","trial_type":"external-html","trial_index":18,"time_elapsed":415604,"internal_node_id":"0.0-9.0-0.10"},{"rt":10591,"url":"../static/nodeGraphs.html","edge":"0to2","edgeRT":"9523","flipped":"TRUE","correct_edge":"0to2","index":"28","edgeClickLog":"[{\"edgeSelection\":\"0to2\",\"edgeRTMS\":9523}]","seed":" 8396978","task":"experiment","subjectId":"wzjapm9o1q7cqdv","trial_type":"external-html","trial_index":19,"time_elapsed":426800,"internal_node_id":"0.0-9.0-0.11"},{"rt":7433,"url":"../static/nodeGraphs.html","edge":"0to3","edgeRT":"6275","flipped":"TRUE","correct_edge":"0to3","index":"20","edgeClickLog":"[{\"edgeSelection\":\"0to3\",\"edgeRTMS\":6275}]","seed":" 21745736","task":"experiment","subjectId":"wzjapm9o1q7cqdv","trial_type":"external-html","trial_index":20,"time_elapsed":434846,"internal_node_id":"0.0-9.0-0.12"},{"rt":7710,"url":"../static/nodeGraphs.html","edge":"2to6","edgeRT":"6522","flipped":"FALSE","correct_edge":"0to2","index":"13","edgeClickLog":"[{\"edgeSelection\":\"2to6\",\"edgeRTMS\":6522}]","seed":" 49587019","task":"experiment","subjectId":"wzjapm9o1q7cqdv","trial_type":"external-html","trial_index":21,"time_elapsed":443165,"internal_node_id":"0.0-9.0-0.13"},{"rt":10476,"url":"../static/nodeGraphs.html","edge":"1to4","edgeRT":"9367","flipped":"FALSE","correct_edge":"1to4","index":"2","edgeClickLog":"[{\"edgeSelection\":\"1to4\",\"edgeRTMS\":9367}]","seed":" 22809663","task":"experiment","subjectId":"wzjapm9o1q7cqdv","trial_type":"external-html","trial_index":22,"time_elapsed":454241,"internal_node_id":"0.0-9.0-0.14"},{"rt":25928,"url":"../static/nodeGraphs.html","edge":"6to8","edgeRT":"18747","flipped":"TRUE","correct_edge":"6to8","index":"21","edgeClickLog":"[{\"edgeSelection\":\"6to8\",\"edgeRTMS\":18747}]","seed":" 32816305","task":"experiment","subjectId":"wzjapm9o1q7cqdv","trial_type":"external-html","trial_index":23,"time_elapsed":480772,"internal_node_id":"0.0-9.0-0.15"},{"rt":4562,"url":"../static/nodeGraphs.html","edge":"0to2","edgeRT":"2810","flipped":"FALSE","correct_edge":"0to2","index":"17","edgeClickLog":"[{\"edgeSelection\":\"0to2\",\"edgeRTMS\":2810}]","seed":" 21211189","task":"experiment","subjectId":"wzjapm9o1q7cqdv","trial_type":"external-html","trial_index":24,"time_elapsed":485946,"internal_node_id":"0.0-9.0-0.16"},{"rt":13044,"url":"../static/nodeGraphs.html","edge":"0to3","edgeRT":"9190","flipped":"FALSE","correct_edge":"4to7","index":"6","edgeClickLog":"[{\"edgeSelection\":\"0to3\",\"edgeRTMS\":7551},{\"edgeSelection\":\"0to3\",\"edgeRTMS\":9190}]","seed":" 13523788","task":"experiment","subjectId":"wzjapm9o1q7cqdv","trial_type":"external-html","trial_index":25,"time_elapsed":499594,"internal_node_id":"0.0-9.0-0.17"},{"rt":8714,"url":"../static/nodeGraphs.html","edge":"5to8","edgeRT":"6351","flipped":"TRUE","correct_edge":"5to8","index":"23","edgeClickLog":"[{\"edgeSelection\":\"5to8\",\"edgeRTMS\":6351}]","seed":" 46003743","task":"experiment","subjectId":"wzjapm9o1q7cqdv","trial_type":"external-html","trial_index":26,"time_elapsed":508909,"internal_node_id":"0.0-9.0-0.18"},{"rt":4797,"url":"../static/nodeGraphs.html","edge":"0to2","edgeRT":"2528","flipped":"TRUE","correct_edge":"0to2","index":"27","edgeClickLog":"[{\"edgeSelection\":\"0to2\",\"edgeRTMS\":2528}]","seed":" 85614324","task":"experiment","subjectId":"wzjapm9o1q7cqdv","trial_type":"external-html","trial_index":27,"time_elapsed":514303,"internal_node_id":"0.0-9.0-0.19"},{"rt":6514,"url":"../static/nodeGraphs.html","edge":"0to1","edgeRT":"3353","flipped":"FALSE","correct_edge":"0to1","index":"19","edgeClickLog":"[{\"edgeSelection\":\"0to1\",\"edgeRTMS\":3353}]","seed":" 37422119","task":"experiment","subjectId":"wzjapm9o1q7cqdv","trial_type":"external-html","trial_index":28,"time_elapsed":521421,"internal_node_id":"0.0-9.0-0.20"},{"rt":8076,"url":"../static/nodeGraphs.html","edge":"3to6","edgeRT":"5183","flipped":"TRUE","correct_edge":"3to6","index":"22","edgeClickLog":"[{\"edgeSelection\":\"3to6\",\"edgeRTMS\":5183}]","seed":" 22809663","task":"experiment","subjectId":"wzjapm9o1q7cqdv","trial_type":"external-html","trial_index":29,"time_elapsed":530259,"internal_node_id":"0.0-9.0-0.21"},{"rt":5002,"url":"../static/nodeGraphs.html","edge":"0to2","edgeRT":"2904","flipped":"TRUE","correct_edge":"1to5","index":"38","edgeClickLog":"[{\"edgeSelection\":\"0to2\",\"edgeRTMS\":2904}]","seed":" 22181670","task":"experiment","subjectId":"wzjapm9o1q7cqdv","trial_type":"external-html","trial_index":30,"time_elapsed":535871,"internal_node_id":"0.0-9.0-0.22"},{"rt":9247,"url":"../static/nodeGraphs.html","edge":"0to2","edgeRT":"8085","flipped":"FALSE","correct_edge":"0to2","index":"7","edgeClickLog":"[{\"edgeSelection\":\"0to2\",\"edgeRTMS\":2518},{\"edgeSelection\":\"2to5\",\"edgeRTMS\":3413},{\"edgeSelection\":\"0to2\",\"edgeRTMS\":8085}]","seed":" 85614324","task":"experiment","subjectId":"wzjapm9o1q7cqdv","trial_type":"external-html","trial_index":31,"time_elapsed":545719,"internal_node_id":"0.0-9.0-0.23"},{"rt":7697,"url":"../static/nodeGraphs.html","edge":"2to6","edgeRT":"4831","flipped":"TRUE","correct_edge":"2to6","index":"25","edgeClickLog":"[{\"edgeSelection\":\"2to6\",\"edgeRTMS\":4831}]","seed":" 10409262","task":"experiment","subjectId":"wzjapm9o1q7cqdv","trial_type":"external-html","trial_index":32,"time_elapsed":554031,"internal_node_id":"0.0-9.0-0.24"},{"rt":13755,"url":"../static/nodeGraphs.html","edge":"0to1","edgeRT":"9290","flipped":"TRUE","correct_edge":"2to4","index":"35","edgeClickLog":"[{\"edgeSelection\":\"2to4\",\"edgeRTMS\":6872},{\"edgeSelection\":\"0to1\",\"edgeRTMS\":9290}]","seed":" 53220770","task":"experiment","subjectId":"wzjapm9o1q7cqdv","trial_type":"external-html","trial_index":33,"time_elapsed":568389,"internal_node_id":"0.0-9.0-0.25"},{"rt":11103,"url":"../static/nodeGraphs.html","edge":"2to6","edgeRT":"9922","flipped":"TRUE","correct_edge":"2to6","index":"24","edgeClickLog":"[{\"edgeSelection\":\"2to6\",\"edgeRTMS\":9922}]","seed":" 36501291","task":"experiment","subjectId":"wzjapm9o1q7cqdv","trial_type":"external-html","trial_index":34,"time_elapsed":580092,"internal_node_id":"0.0-9.0-0.26"},{"rt":5515,"url":"../static/nodeGraphs.html","edge":"0to2","edgeRT":"3379","flipped":"TRUE","correct_edge":"0to2","index":"31","edgeClickLog":"[{\"edgeSelection\":\"0to2\",\"edgeRTMS\":3379}]","seed":" 63833578","task":"experiment","subjectId":"wzjapm9o1q7cqdv","trial_type":"external-html","trial_index":35,"time_elapsed":586465,"internal_node_id":"0.0-9.0-0.27"},{"rt":10485,"url":"../static/nodeGraphs.html","edge":"2to4","edgeRT":"7654","flipped":"FALSE","correct_edge":"2to4","index":"5","edgeClickLog":"[{\"edgeSelection\":\"2to4\",\"edgeRTMS\":7654}]","seed":" 10409262","task":"experiment","subjectId":"wzjapm9o1q7cqdv","trial_type":"external-html","trial_index":36,"time_elapsed":597510,"internal_node_id":"0.0-9.0-0.28"},{"rt":10389,"url":"../static/nodeGraphs.html","edge":"3to5","edgeRT":"8706","flipped":"FALSE","correct_edge":"5to9","index":"16","edgeClickLog":"[{\"edgeSelection\":\"3to5\",\"edgeRTMS\":8706}]","seed":" 5655743","task":"experiment","subjectId":"wzjapm9o1q7cqdv","trial_type":"external-html","trial_index":37,"time_elapsed":608507,"internal_node_id":"0.0-9.0-0.29"},{"rt":9791,"url":"../static/nodeGraphs.html","edge":"0to1","edgeRT":"8415","flipped":"TRUE","correct_edge":"0to1","index":"32","edgeClickLog":"[{\"edgeSelection\":\"0to1\",\"edgeRTMS\":8415}]","seed":" 36895371","task":"experiment","subjectId":"wzjapm9o1q7cqdv","trial_type":"external-html","trial_index":38,"time_elapsed":618902,"internal_node_id":"0.0-9.0-0.30"},{"rt":20043,"url":"../static/nodeGraphs.html","edge":"2to6","edgeRT":"11839","flipped":"TRUE","correct_edge":"0to2","index":"34","edgeClickLog":"[{\"edgeSelection\":\"2to6\",\"edgeRTMS\":11839}]","seed":" 21083760","task":"experiment","subjectId":"wzjapm9o1q7cqdv","trial_type":"external-html","trial_index":39,"time_elapsed":639547,"internal_node_id":"0.0-9.0-0.31"},{"rt":12674,"url":"../static/nodeGraphs.html","edge":"0to3","edgeRT":"7096","flipped":"FALSE","correct_edge":"0to3","index":"9","edgeClickLog":"[{\"edgeSelection\":\"0to3\",\"edgeRTMS\":7096}]","seed":" 61187187","task":"experiment","subjectId":"wzjapm9o1q7cqdv","trial_type":"external-html","trial_index":40,"time_elapsed":652832,"internal_node_id":"0.0-9.0-0.32"},{"rt":14468,"url":"../static/nodeGraphs.html","edge":"3to6","edgeRT":"10410","flipped":"FALSE","correct_edge":"2to6","index":"15","edgeClickLog":"[{\"edgeSelection\":\"0to3\",\"edgeRTMS\":2404},{\"edgeSelection\":\"0to3\",\"edgeRTMS\":3621},{\"edgeSelection\":\"3to6\",\"edgeRTMS\":10410}]","seed":" 53220770","task":"experiment","subjectId":"wzjapm9o1q7cqdv","trial_type":"external-html","trial_index":41,"time_elapsed":667910,"internal_node_id":"0.0-9.0-0.33"},{"rt":10074,"url":"../static/nodeGraphs.html","edge":"0to3","edgeRT":"8465","flipped":"TRUE","correct_edge":"0to2","index":"30","edgeClickLog":"[{\"edgeSelection\":\"0to3\",\"edgeRTMS\":8465}]","seed":" 39688702","task":"experiment","subjectId":"wzjapm9o1q7cqdv","trial_type":"external-html","trial_index":42,"time_elapsed":678581,"internal_node_id":"0.0-9.0-0.34"},{"rt":18745,"url":"../static/nodeGraphs.html","edge":"1to4","edgeRT":"16034","flipped":"FALSE","correct_edge":"0to2","index":"8","edgeClickLog":"[{\"edgeSelection\":\"0to2\",\"edgeRTMS\":3123},{\"edgeSelection\":\"1to4\",\"edgeRTMS\":16034}]","seed":" 8396978","task":"experiment","subjectId":"wzjapm9o1q7cqdv","trial_type":"external-html","trial_index":43,"time_elapsed":697934,"internal_node_id":"0.0-9.0-0.35"},{"rt":20685,"url":"../static/nodeGraphs.html","edge":"0to1","edgeRT":"14206","flipped":"TRUE","correct_edge":"6to9","index":"26","edgeClickLog":"[{\"edgeSelection\":\"0to1\",\"edgeRTMS\":14206}]","seed":" 13523788","task":"experiment","subjectId":"wzjapm9o1q7cqdv","trial_type":"external-html","trial_index":44,"time_elapsed":719218,"internal_node_id":"0.0-9.0-0.36"},{"rt":7974,"url":"../static/nodeGraphs.html","edge":"0to3","edgeRT":"6942","flipped":"FALSE","correct_edge":"0to3","index":"12","edgeClickLog":"[{\"edgeSelection\":\"0to3\",\"edgeRTMS\":6942}]","seed":" 36895371","task":"experiment","subjectId":"wzjapm9o1q7cqdv","trial_type":"external-html","trial_index":45,"time_elapsed":727804,"internal_node_id":"0.0-9.0-0.37"},{"rt":30518,"url":"../static/nodeGraphs.html","edge":"1to5","edgeRT":"26330","flipped":"TRUE","correct_edge":"5to7","index":"36","edgeClickLog":"[{\"edgeSelection\":\"1to5\",\"edgeRTMS\":26330}]","seed":" 5655743","task":"experiment","subjectId":"wzjapm9o1q7cqdv","trial_type":"external-html","trial_index":46,"time_elapsed":759023,"internal_node_id":"0.0-9.0-0.38"},{"rt":3927,"url":"../static/nodeGraphs.html","edge":"0to1","edgeRT":"2921","flipped":"TRUE","correct_edge":"0to1","index":"29","edgeClickLog":"[{\"edgeSelection\":\"0to1\",\"edgeRTMS\":2921}]","seed":" 61187187","task":"experiment","subjectId":"wzjapm9o1q7cqdv","trial_type":"external-html","trial_index":47,"time_elapsed":763567,"internal_node_id":"0.0-9.0-0.39"},{"rt":54619,"response":{"P0_Q0":null,"P0_Q1":5,"P0_Q2":7,"P0_Q3":4,"P0_Q4":6,"P0_Q5":3,"strategies":"i tried to direct them towards any 3s I could see while also taking into account what they already knew so they could incorporate it into their next move ","feedback":"nope"},"accuracy":[],"trial_type":"survey","trial_index":48,"time_elapsed":818751,"internal_node_id":"0.0-10.0"},{"rt":3981,"stimulus":"<p>Thanks for your time!</p>        <p>We need to manually calculate your bonus pay, please give us up to 7 days.</p><p>Press any key to conclude.</p>","response":" ","task":"end","subjectId":"wzjapm9o1q7cqdv","trial_type":"html-keyboard-response","trial_index":49,"time_elapsed":822735,"internal_node_id":"0.0-11.0","interactions":"[{\"event\":\"fullscreenenter\",\"trial\":1,\"time\":2549},{\"event\":\"blur\",\"trial\":4,\"time\":126776},{\"event\":\"fullscreenexit\",\"trial\":4,\"time\":126779},{\"event\":\"focus\",\"trial\":4,\"time\":126944},{\"event\":\"blur\",\"trial\":8,\"time\":237134},{\"event\":\"focus\",\"trial\":8,\"time\":237312}]"}]