[{"success":true,"timeout":false,"failed_images":[],"failed_audio":[],"failed_video":[],"trial_type":"preload","trial_index":0,"time_elapsed":1482,"internal_node_id":"0.0-0.0"},{"success":true,"trial_type":"fullscreen","trial_index":1,"time_elapsed":4913,"internal_node_id":"0.0-1.0"},{"rt":4985,"stimulus":"Welcome to the experiment. Press any key to begin.","response":" ","trial_type":"html-keyboard-response","trial_index":2,"time_elapsed":9899,"internal_node_id":"0.0-2.0"},{"view_history":[{"page_index":0,"viewing_time":5693},{"page_index":1,"viewing_time":7281},{"page_index":2,"viewing_time":29556},{"page_index":3,"viewing_time":5144},{"page_index":4,"viewing_time":1800},{"page_index":5,"viewing_time":2289},{"page_index":6,"viewing_time":2352},{"page_index":7,"viewing_time":20659},{"page_index":8,"viewing_time":16545},{"page_index":9,"viewing_time":6994},{"page_index":10,"viewing_time":8928},{"page_index":11,"viewing_time":1920},{"page_index":12,"viewing_time":824},{"page_index":13,"viewing_time":1281},{"page_index":14,"viewing_time":2056},{"page_index":15,"viewing_time":3672},{"page_index":16,"viewing_time":1337},{"page_index":17,"viewing_time":719},{"page_index":18,"viewing_time":1001},{"page_index":19,"viewing_time":832},{"page_index":20,"viewing_time":2376},{"page_index":21,"viewing_time":2929}],"rt":126188,"trial_type":"instructions","trial_index":3,"time_elapsed":136088,"internal_node_id":"0.0-3.0"},{"rt":99559,"url":"../static/nodeGraphsTraining.html","edgeClickLog":[],"trial_type":"external-html","trial_index":4,"time_elapsed":235933,"internal_node_id":"0.0-4.0"},{"rt":55892,"response":{"q1":"The goal is for you, as the teacher, to get the most points.","q2":"False","q3":"Possible paths the student can take.","q4":"Paths that the student took before."},"question_order":[0,1,2,3],"trial_type":"survey-multi-choice","trial_index":5,"time_elapsed":291828,"internal_node_id":"0.0-5.0"},{"rt":42362,"response":{"q1":"The goal is to help the student to get the most points","q2":"False","q3":"Possible paths the student can take.","q4":"Paths that the student took before."},"question_order":[0,1,2,3],"trial_type":"survey-multi-choice","trial_index":6,"time_elapsed":334193,"internal_node_id":"0.0-6.0-0.0"},{"rt":5511,"stimulus":"<p>You can take a 60 second break before starting the experiment.</p><br><br><p>This page will advance in 60 seconds or you can press any key to advance now.</p>","response":" ","trial_type":"html-keyboard-response","trial_index":7,"time_elapsed":339706,"internal_node_id":"0.0-7.0"},{"view_history":[{"page_index":0,"viewing_time":15143}],"rt":15143,"trial_type":"instructions","trial_index":8,"time_elapsed":354851,"internal_node_id":"0.0-8.0"},{"rt":26568,"url":"../static/nodeGraphs.html","edge":"0to2","edgeRT":"24028","flipped":"TRUE","correct_edge":"0to2","index":"33","edgeClickLog":"[{\"edgeSelection\":\"0to2\",\"edgeRTMS\":17590},{\"edgeSelection\":\"2to4\",\"edgeRTMS\":18680},{\"edgeSelection\":\"4to7\",\"edgeRTMS\":21854},{\"edgeSelection\":\"2to4\",\"edgeRTMS\":22729},{\"edgeSelection\":\"0to2\",\"edgeRTMS\":24028}]","seed":" 49587019","task":"experiment","subjectId":"1ug016f4q5ruyw4","trial_type":"external-html","trial_index":9,"time_elapsed":381606,"internal_node_id":"0.0-9.0-0.0"},{"rt":6515,"url":"../static/nodeGraphs.html","edge":"0to3","edgeRT":"5129","flipped":"TRUE","correct_edge":"0to3","index":"39","edgeClickLog":"[{\"edgeSelection\":\"0to3\",\"edgeRTMS\":5129}]","seed":" 37422119","task":"experiment","subjectId":"1ug016f4q5ruyw4","trial_type":"external-html","trial_index":10,"time_elapsed":388808,"internal_node_id":"0.0-9.0-0.1"},{"rt":11646,"url":"../static/nodeGraphs.html","edge":"0to3","edgeRT":"10215","flipped":"FALSE","correct_edge":"5to9","index":"16","edgeClickLog":"[{\"edgeSelection\":\"0to3\",\"edgeRTMS\":10215}]","seed":" 5655743","task":"experiment","subjectId":"1ug016f4q5ruyw4","trial_type":"external-html","trial_index":11,"time_elapsed":401265,"internal_node_id":"0.0-9.0-0.2"},{"rt":12603,"url":"../static/nodeGraphs.html","edge":"0to2","edgeRT":"11807","flipped":"FALSE","correct_edge":"5to8","index":"3","edgeClickLog":"[{\"edgeSelection\":\"0to2\",\"edgeRTMS\":6324},{\"edgeSelection\":\"2to5\",\"edgeRTMS\":10503},{\"edgeSelection\":\"0to2\",\"edgeRTMS\":11807}]","seed":" 46003743","task":"experiment","subjectId":"1ug016f4q5ruyw4","trial_type":"external-html","trial_index":12,"time_elapsed":414562,"internal_node_id":"0.0-9.0-0.3"},{"rt":9294,"url":"../static/nodeGraphs.html","edge":"0to3","edgeRT":"7438","flipped":"FALSE","correct_edge":"0to3","index":"12","edgeClickLog":"[{\"edgeSelection\":\"0to3\",\"edgeRTMS\":7438}]","seed":" 36895371","task":"experiment","subjectId":"1ug016f4q5ruyw4","trial_type":"external-html","trial_index":13,"time_elapsed":424547,"internal_node_id":"0.0-9.0-0.4"},{"rt":4827,"url":"../static/nodeGraphs.html","edge":"0to2","edgeRT":"3730","flipped":"TRUE","correct_edge":"0to2","index":"28","edgeClickLog":"[{\"edgeSelection\":\"0to2\",\"edgeRTMS\":3730}]","seed":" 8396978","task":"experiment","subjectId":"1ug016f4q5ruyw4","trial_type":"external-html","trial_index":14,"time_elapsed":430061,"internal_node_id":"0.0-9.0-0.5"},{"rt":15130,"url":"../static/nodeGraphs.html","edge":"0to2","edgeRT":"13081","flipped":"TRUE","correct_edge":"6to8","index":"21","edgeClickLog":"[{\"edgeSelection\":\"0to2\",\"edgeRTMS\":13081}]","seed":" 32816305","task":"experiment","subjectId":"1ug016f4q5ruyw4","trial_type":"external-html","trial_index":15,"time_elapsed":445878,"internal_node_id":"0.0-9.0-0.6"},{"rt":7416,"url":"../static/nodeGraphs.html","edge":"0to3","edgeRT":"6076","flipped":"TRUE","correct_edge":"0to2","index":"34","edgeClickLog":"[{\"edgeSelection\":\"0to3\",\"edgeRTMS\":6076}]","seed":" 21083760","task":"experiment","subjectId":"1ug016f4q5ruyw4","trial_type":"external-html","trial_index":16,"time_elapsed":453983,"internal_node_id":"0.0-9.0-0.7"},{"rt":7792,"url":"../static/nodeGraphs.html","edge":"0to2","edgeRT":"6765","flipped":"TRUE","correct_edge":"0to2","index":"27","edgeClickLog":"[{\"edgeSelection\":\"0to3\",\"edgeRTMS\":5033},{\"edgeSelection\":\"0to2\",\"edgeRTMS\":6765}]","seed":" 85614324","task":"experiment","subjectId":"1ug016f4q5ruyw4","trial_type":"external-html","trial_index":17,"time_elapsed":462464,"internal_node_id":"0.0-9.0-0.8"},{"rt":3541,"url":"../static/nodeGraphs.html","edge":"0to2","edgeRT":"2230","flipped":"TRUE","correct_edge":"0to2","index":"37","edgeClickLog":"[{\"edgeSelection\":\"0to2\",\"edgeRTMS\":2230}]","seed":" 21211189","task":"experiment","subjectId":"1ug016f4q5ruyw4","trial_type":"external-html","trial_index":18,"time_elapsed":466696,"internal_node_id":"0.0-9.0-0.9"},{"rt":3333,"url":"../static/nodeGraphs.html","edge":"0to1","edgeRT":"2065","flipped":"FALSE","correct_edge":"0to1","index":"19","edgeClickLog":"[{\"edgeSelection\":\"0to1\",\"edgeRTMS\":2065}]","seed":" 37422119","task":"experiment","subjectId":"1ug016f4q5ruyw4","trial_type":"external-html","trial_index":19,"time_elapsed":470713,"internal_node_id":"0.0-9.0-0.10"},{"rt":10124,"url":"../static/nodeGraphs.html","edge":"0to2","edgeRT":"9121","flipped":"TRUE","correct_edge":"2to6","index":"25","edgeClickLog":"[{\"edgeSelection\":\"0to2\",\"edgeRTMS\":9121}]","seed":" 10409262","task":"experiment","subjectId":"1ug016f4q5ruyw4","trial_type":"external-html","trial_index":20,"time_elapsed":481530,"internal_node_id":"0.0-9.0-0.11"},{"rt":10576,"url":"../static/nodeGraphs.html","edge":"0to2","edgeRT":"9683","flipped":"FALSE","correct_edge":"0to2","index":"8","edgeClickLog":"[{\"edgeSelection\":\"0to2\",\"edgeRTMS\":9683}]","seed":" 8396978","task":"experiment","subjectId":"1ug016f4q5ruyw4","trial_type":"external-html","trial_index":21,"time_elapsed":492795,"internal_node_id":"0.0-9.0-0.12"},{"rt":7845,"url":"../static/nodeGraphs.html","edge":"0to2","edgeRT":"6414","flipped":"FALSE","correct_edge":"2to4","index":"4","edgeClickLog":"[{\"edgeSelection\":\"0to2\",\"edgeRTMS\":6414}]","seed":" 36501291","task":"experiment","subjectId":"1ug016f4q5ruyw4","trial_type":"external-html","trial_index":22,"time_elapsed":501325,"internal_node_id":"0.0-9.0-0.13"},{"rt":8073,"url":"../static/nodeGraphs.html","edge":"0to2","edgeRT":"6082","flipped":"FALSE","correct_edge":"2to4","index":"5","edgeClickLog":"[{\"edgeSelection\":\"0to2\",\"edgeRTMS\":6082}]","seed":" 10409262","task":"experiment","subjectId":"1ug016f4q5ruyw4","trial_type":"external-html","trial_index":23,"time_elapsed":510086,"internal_node_id":"0.0-9.0-0.14"},{"rt":4908,"url":"../static/nodeGraphs.html","edge":"0to3","edgeRT":"4097","flipped":"FALSE","correct_edge":"0to3","index":"9","edgeClickLog":"[{\"edgeSelection\":\"0to3\",\"edgeRTMS\":4097}]","seed":" 61187187","task":"experiment","subjectId":"1ug016f4q5ruyw4","trial_type":"external-html","trial_index":24,"time_elapsed":515686,"internal_node_id":"0.0-9.0-0.15"},{"rt":4162,"url":"../static/nodeGraphs.html","edge":"0to1","edgeRT":"3125","flipped":"FALSE","correct_edge":"1to4","index":"2","edgeClickLog":"[{\"edgeSelection\":\"0to1\",\"edgeRTMS\":3125}]","seed":" 22809663","task":"experiment","subjectId":"1ug016f4q5ruyw4","trial_type":"external-html","trial_index":25,"time_elapsed":520535,"internal_node_id":"0.0-9.0-0.16"},{"rt":7809,"url":"../static/nodeGraphs.html","edge":"0to2","edgeRT":"6763","flipped":"TRUE","correct_edge":"2to6","index":"24","edgeClickLog":"[{\"edgeSelection\":\"0to2\",\"edgeRTMS\":6763}]","seed":" 36501291","task":"experiment","subjectId":"1ug016f4q5ruyw4","trial_type":"external-html","trial_index":26,"time_elapsed":529033,"internal_node_id":"0.0-9.0-0.17"},{"rt":6360,"url":"../static/nodeGraphs.html","edge":"0to2","edgeRT":"5217","flipped":"FALSE","correct_edge":"4to8","index":"1","edgeClickLog":"[{\"edgeSelection\":\"0to2\",\"edgeRTMS\":5217}]","seed":" 32816305","task":"experiment","subjectId":"1ug016f4q5ruyw4","trial_type":"external-html","trial_index":27,"time_elapsed":536080,"internal_node_id":"0.0-9.0-0.18"},{"rt":7089,"url":"../static/nodeGraphs.html","edge":"0to1","edgeRT":"4220","flipped":"TRUE","correct_edge":"2to4","index":"35","edgeClickLog":"[{\"edgeSelection\":\"0to1\",\"edgeRTMS\":4220}]","seed":" 53220770","task":"experiment","subjectId":"1ug016f4q5ruyw4","trial_type":"external-html","trial_index":28,"time_elapsed":543858,"internal_node_id":"0.0-9.0-0.19"},{"rt":4761,"url":"../static/nodeGraphs.html","edge":"0to1","edgeRT":"2477","flipped":"TRUE","correct_edge":"0to1","index":"29","edgeClickLog":"[{\"edgeSelection\":\"0to1\",\"edgeRTMS\":2477}]","seed":" 61187187","task":"experiment","subjectId":"1ug016f4q5ruyw4","trial_type":"external-html","trial_index":29,"time_elapsed":549305,"internal_node_id":"0.0-9.0-0.20"},{"rt":4114,"url":"../static/nodeGraphs.html","edge":"0to1","edgeRT":"3056","flipped":"FALSE","correct_edge":"0to2","index":"14","edgeClickLog":"[{\"edgeSelection\":\"0to1\",\"edgeRTMS\":3056}]","seed":" 21083760","task":"experiment","subjectId":"1ug016f4q5ruyw4","trial_type":"external-html","trial_index":30,"time_elapsed":554107,"internal_node_id":"0.0-9.0-0.21"},{"rt":7892,"url":"../static/nodeGraphs.html","edge":"0to3","edgeRT":"5841","flipped":"FALSE","correct_edge":"4to7","index":"6","edgeClickLog":"[{\"edgeSelection\":\"0to3\",\"edgeRTMS\":5841}]","seed":" 13523788","task":"experiment","subjectId":"1ug016f4q5ruyw4","trial_type":"external-html","trial_index":31,"time_elapsed":562692,"internal_node_id":"0.0-9.0-0.22"},{"rt":3030,"url":"../static/nodeGraphs.html","edge":"0to3","edgeRT":"1805","flipped":"FALSE","correct_edge":"2to6","index":"15","edgeClickLog":"[{\"edgeSelection\":\"0to3\",\"edgeRTMS\":1805}]","seed":" 53220770","task":"experiment","subjectId":"1ug016f4q5ruyw4","trial_type":"external-html","trial_index":32,"time_elapsed":566403,"internal_node_id":"0.0-9.0-0.23"},{"rt":2489,"url":"../static/nodeGraphs.html","edge":"0to1","edgeRT":"1432","flipped":"FALSE","correct_edge":"0to1","index":"0","edgeClickLog":"[{\"edgeSelection\":\"0to1\",\"edgeRTMS\":1432}]","seed":" 21745736","task":"experiment","subjectId":"1ug016f4q5ruyw4","trial_type":"external-html","trial_index":33,"time_elapsed":569580,"internal_node_id":"0.0-9.0-0.24"},{"rt":6577,"url":"../static/nodeGraphs.html","edge":"0to1","edgeRT":"5532","flipped":"TRUE","correct_edge":"5to7","index":"36","edgeClickLog":"[{\"edgeSelection\":\"0to1\",\"edgeRTMS\":5532}]","seed":" 5655743","task":"experiment","subjectId":"1ug016f4q5ruyw4","trial_type":"external-html","trial_index":34,"time_elapsed":576846,"internal_node_id":"0.0-9.0-0.25"},{"rt":5705,"url":"../static/nodeGraphs.html","edge":"0to1","edgeRT":"3582","flipped":"TRUE","correct_edge":"0to1","index":"32","edgeClickLog":"[{\"edgeSelection\":\"0to1\",\"edgeRTMS\":3582}]","seed":" 36895371","task":"experiment","subjectId":"1ug016f4q5ruyw4","trial_type":"external-html","trial_index":35,"time_elapsed":583238,"internal_node_id":"0.0-9.0-0.26"},{"rt":3196,"url":"../static/nodeGraphs.html","edge":"0to2","edgeRT":"2200","flipped":"TRUE","correct_edge":"1to5","index":"38","edgeClickLog":"[{\"edgeSelection\":\"0to2\",\"edgeRTMS\":2200}]","seed":" 22181670","task":"experiment","subjectId":"1ug016f4q5ruyw4","trial_type":"external-html","trial_index":36,"time_elapsed":587143,"internal_node_id":"0.0-9.0-0.27"},{"rt":5748,"url":"../static/nodeGraphs.html","edge":"0to3","edgeRT":"3576","flipped":"FALSE","correct_edge":"0to2","index":"13","edgeClickLog":"[{\"edgeSelection\":\"0to3\",\"edgeRTMS\":3576}]","seed":" 49587019","task":"experiment","subjectId":"1ug016f4q5ruyw4","trial_type":"external-html","trial_index":37,"time_elapsed":593584,"internal_node_id":"0.0-9.0-0.28"},{"rt":2895,"url":"../static/nodeGraphs.html","edge":"0to3","edgeRT":"1882","flipped":"TRUE","correct_edge":"3to6","index":"22","edgeClickLog":"[{\"edgeSelection\":\"0to3\",\"edgeRTMS\":1882}]","seed":" 22809663","task":"experiment","subjectId":"1ug016f4q5ruyw4","trial_type":"external-html","trial_index":38,"time_elapsed":597168,"internal_node_id":"0.0-9.0-0.29"},{"rt":5136,"url":"../static/nodeGraphs.html","edge":"0to2","edgeRT":"4374","flipped":"FALSE","correct_edge":"0to2","index":"7","edgeClickLog":"[{\"edgeSelection\":\"0to1\",\"edgeRTMS\":2179},{\"edgeSelection\":\"0to2\",\"edgeRTMS\":4374}]","seed":" 85614324","task":"experiment","subjectId":"1ug016f4q5ruyw4","trial_type":"external-html","trial_index":39,"time_elapsed":603104,"internal_node_id":"0.0-9.0-0.30"},{"rt":8689,"url":"../static/nodeGraphs.html","edge":"0to1","edgeRT":"4759","flipped":"FALSE","correct_edge":"0to2","index":"10","edgeClickLog":"[{\"edgeSelection\":\"0to1\",\"edgeRTMS\":4759}]","seed":" 39688702","task":"experiment","subjectId":"1ug016f4q5ruyw4","trial_type":"external-html","trial_index":40,"time_elapsed":612482,"internal_node_id":"0.0-9.0-0.31"},{"rt":5057,"url":"../static/nodeGraphs.html","edge":"0to3","edgeRT":"3893","flipped":"TRUE","correct_edge":"0to3","index":"20","edgeClickLog":"[{\"edgeSelection\":\"0to3\",\"edgeRTMS\":3893}]","seed":" 21745736","task":"experiment","subjectId":"1ug016f4q5ruyw4","trial_type":"external-html","trial_index":41,"time_elapsed":618227,"internal_node_id":"0.0-9.0-0.32"},{"rt":4238,"url":"../static/nodeGraphs.html","edge":"0to3","edgeRT":"2538","flipped":"TRUE","correct_edge":"0to2","index":"30","edgeClickLog":"[{\"edgeSelection\":\"0to3\",\"edgeRTMS\":2538}]","seed":" 39688702","task":"experiment","subjectId":"1ug016f4q5ruyw4","trial_type":"external-html","trial_index":42,"time_elapsed":623156,"internal_node_id":"0.0-9.0-0.33"},{"rt":2144,"url":"../static/nodeGraphs.html","edge":"0to2","edgeRT":"1389","flipped":"FALSE","correct_edge":"0to2","index":"17","edgeClickLog":"[{\"edgeSelection\":\"0to2\",\"edgeRTMS\":1389}]","seed":" 21211189","task":"experiment","subjectId":"1ug016f4q5ruyw4","trial_type":"external-html","trial_index":43,"time_elapsed":625987,"internal_node_id":"0.0-9.0-0.34"},{"rt":7593,"url":"../static/nodeGraphs.html","edge":"0to2","edgeRT":"6381","flipped":"TRUE","correct_edge":"0to2","index":"31","edgeClickLog":"[{\"edgeSelection\":\"0to2\",\"edgeRTMS\":6381}]","seed":" 63833578","task":"experiment","subjectId":"1ug016f4q5ruyw4","trial_type":"external-html","trial_index":44,"time_elapsed":634268,"internal_node_id":"0.0-9.0-0.35"},{"rt":7857,"url":"../static/nodeGraphs.html","edge":"0to2","edgeRT":"3531","flipped":"FALSE","correct_edge":"0to2","index":"11","edgeClickLog":"[{\"edgeSelection\":\"0to2\",\"edgeRTMS\":3531}]","seed":" 63833578","task":"experiment","subjectId":"1ug016f4q5ruyw4","trial_type":"external-html","trial_index":45,"time_elapsed":642814,"internal_node_id":"0.0-9.0-0.36"},{"rt":4928,"url":"../static/nodeGraphs.html","edge":"0to2","edgeRT":"2802","flipped":"TRUE","correct_edge":"6to9","index":"26","edgeClickLog":"[{\"edgeSelection\":\"0to2\",\"edgeRTMS\":2802}]","seed":" 13523788","task":"experiment","subjectId":"1ug016f4q5ruyw4","trial_type":"external-html","trial_index":46,"time_elapsed":648431,"internal_node_id":"0.0-9.0-0.37"},{"rt":2897,"url":"../static/nodeGraphs.html","edge":"0to2","edgeRT":"1804","flipped":"FALSE","correct_edge":"3to5","index":"18","edgeClickLog":"[{\"edgeSelection\":\"0to2\",\"edgeRTMS\":1804}]","seed":" 22181670","task":"experiment","subjectId":"1ug016f4q5ruyw4","trial_type":"external-html","trial_index":47,"time_elapsed":652015,"internal_node_id":"0.0-9.0-0.38"},{"rt":2447,"url":"../static/nodeGraphs.html","edge":"0to2","edgeRT":"1201","flipped":"TRUE","correct_edge":"5to8","index":"23","edgeClickLog":"[{\"edgeSelection\":\"0to2\",\"edgeRTMS\":1201}]","seed":" 46003743","task":"experiment","subjectId":"1ug016f4q5ruyw4","trial_type":"external-html","trial_index":48,"time_elapsed":655151,"internal_node_id":"0.0-9.0-0.39"},{"rt":34996,"response":{"P0_Q0":null,"P0_Q1":3,"P0_Q2":5,"P0_Q3":7,"P0_Q4":3,"P0_Q5":1,"strategies":"Looking at the colors","feedback":""},"accuracy":[],"trial_type":"survey","trial_index":49,"time_elapsed":690717,"internal_node_id":"0.0-10.0"},{"rt":3571,"stimulus":"<p>Thanks for your time!</p>        <p>We need to manually calculate your bonus pay, please give us up to 7 days.</p><p>Press any key to conclude.</p>","response":" ","task":"end","subjectId":"1ug016f4q5ruyw4","trial_type":"html-keyboard-response","trial_index":50,"time_elapsed":694291,"internal_node_id":"0.0-11.0","interactions":"[{\"event\":\"fullscreenenter\",\"trial\":1,\"time\":4148},{\"event\":\"blur\",\"trial\":4,\"time\":171107},{\"event\":\"focus\",\"trial\":4,\"time\":171107},{\"event\":\"fullscreenexit\",\"trial\":4,\"time\":171118},{\"event\":\"blur\",\"trial\":4,\"time\":173867},{\"event\":\"focus\",\"trial\":4,\"time\":173867},{\"event\":\"blur\",\"trial\":4,\"time\":184372},{\"event\":\"focus\",\"trial\":4,\"time\":184372},{\"event\":\"blur\",\"trial\":4,\"time\":190507},{\"event\":\"focus\",\"trial\":4,\"time\":190507},{\"event\":\"blur\",\"trial\":4,\"time\":200061},{\"event\":\"focus\",\"trial\":4,\"time\":200062},{\"event\":\"blur\",\"trial\":9,\"time\":366613},{\"event\":\"focus\",\"trial\":9,\"time\":366613}]"}]