[{"success":true,"timeout":false,"failed_images":[],"failed_audio":[],"failed_video":[],"trial_type":"preload","trial_index":0,"time_elapsed":1259,"internal_node_id":"0.0-0.0"},{"success":true,"trial_type":"fullscreen","trial_index":1,"time_elapsed":4637,"internal_node_id":"0.0-1.0"},{"rt":15140,"stimulus":"Welcome to the experiment. Press any key to begin.","response":" ","trial_type":"html-keyboard-response","trial_index":2,"time_elapsed":19788,"internal_node_id":"0.0-2.0"},{"view_history":[{"page_index":0,"viewing_time":84740},{"page_index":1,"viewing_time":13768},{"page_index":2,"viewing_time":30314},{"page_index":3,"viewing_time":17624},{"page_index":4,"viewing_time":2804},{"page_index":5,"viewing_time":892},{"page_index":6,"viewing_time":4907},{"page_index":7,"viewing_time":18790},{"page_index":8,"viewing_time":23480},{"page_index":9,"viewing_time":11449},{"page_index":10,"viewing_time":2789},{"page_index":11,"viewing_time":1163},{"page_index":12,"viewing_time":1197},{"page_index":13,"viewing_time":3152},{"page_index":14,"viewing_time":1947},{"page_index":15,"viewing_time":11524},{"page_index":16,"viewing_time":2254},{"page_index":17,"viewing_time":1635},{"page_index":18,"viewing_time":1501},{"page_index":19,"viewing_time":5165},{"page_index":20,"viewing_time":4083},{"page_index":21,"viewing_time":2999}],"rt":248187,"trial_type":"instructions","trial_index":3,"time_elapsed":267977,"internal_node_id":"0.0-3.0"},{"rt":141216,"url":"../static/nodeGraphsTraining.html","edgeClickLog":[],"trial_type":"external-html","trial_index":4,"time_elapsed":409394,"internal_node_id":"0.0-4.0"},{"rt":66013,"response":{"q1":"The goal is to help the student to get the most points","q2":"False","q3":"Possible paths the student can take.","q4":"Paths that the student took before."},"question_order":[0,1,2,3],"trial_type":"survey-multi-choice","trial_index":5,"time_elapsed":475444,"internal_node_id":"0.0-5.0"},{"rt":4004,"stimulus":"<p>You can take a 60 second break before starting the experiment.</p><br><br><p>This page will advance in 60 seconds or you can press any key to advance now.</p>","response":" ","trial_type":"html-keyboard-response","trial_index":6,"time_elapsed":479480,"internal_node_id":"0.0-7.0"},{"view_history":[{"page_index":0,"viewing_time":18316}],"rt":18320,"trial_type":"instructions","trial_index":7,"time_elapsed":497806,"internal_node_id":"0.0-8.0"},{"rt":38922,"url":"../static/nodeGraphs.html","edge":"6to9","edgeRT":"37347","flipped":"TRUE","correct_edge":"0to3","index":"39","edgeClickLog":"[{\"edgeSelection\":\"0to3\",\"edgeRTMS\":31046},{\"edgeSelection\":\"3to6\",\"edgeRTMS\":32776},{\"edgeSelection\":\"0to3\",\"edgeRTMS\":34590},{\"edgeSelection\":\"3to6\",\"edgeRTMS\":36081},{\"edgeSelection\":\"6to9\",\"edgeRTMS\":37347}]","seed":" 37422119","task":"experiment","subjectId":"ryaegfqc4j5sqa8","trial_type":"external-html","trial_index":8,"time_elapsed":536887,"internal_node_id":"0.0-9.0-0.0"},{"rt":18105,"url":"../static/nodeGraphs.html","edge":"4to8","edgeRT":"16413","flipped":"FALSE","correct_edge":"0to2","index":"14","edgeClickLog":"[{\"edgeSelection\":\"0to1\",\"edgeRTMS\":9937},{\"edgeSelection\":\"1to4\",\"edgeRTMS\":13455},{\"edgeSelection\":\"4to8\",\"edgeRTMS\":16413}]","seed":" 21083760","task":"experiment","subjectId":"ryaegfqc4j5sqa8","trial_type":"external-html","trial_index":9,"time_elapsed":555636,"internal_node_id":"0.0-9.0-0.1"},{"rt":18769,"url":"../static/nodeGraphs.html","edge":"6to8","edgeRT":"15392","flipped":"FALSE","correct_edge":"0to3","index":"9","edgeClickLog":"[{\"edgeSelection\":\"0to3\",\"edgeRTMS\":11452},{\"edgeSelection\":\"3to6\",\"edgeRTMS\":12876},{\"edgeSelection\":\"6to8\",\"edgeRTMS\":15392}]","seed":" 61187187","task":"experiment","subjectId":"ryaegfqc4j5sqa8","trial_type":"external-html","trial_index":10,"time_elapsed":575082,"internal_node_id":"0.0-9.0-0.2"},{"rt":14979,"url":"../static/nodeGraphs.html","edge":"6to9","edgeRT":"13531","flipped":"TRUE","correct_edge":"0to2","index":"31","edgeClickLog":"[{\"edgeSelection\":\"0to2\",\"edgeRTMS\":10564},{\"edgeSelection\":\"2to6\",\"edgeRTMS\":11989},{\"edgeSelection\":\"6to9\",\"edgeRTMS\":13531}]","seed":" 63833578","task":"experiment","subjectId":"ryaegfqc4j5sqa8","trial_type":"external-html","trial_index":11,"time_elapsed":590707,"internal_node_id":"0.0-9.0-0.3"},{"rt":11783,"url":"../static/nodeGraphs.html","edge":"4to8","edgeRT":"9864","flipped":"FALSE","correct_edge":"4to8","index":"1","edgeClickLog":"[{\"edgeSelection\":\"0to1\",\"edgeRTMS\":6413},{\"edgeSelection\":\"1to4\",\"edgeRTMS\":8334},{\"edgeSelection\":\"4to8\",\"edgeRTMS\":9864}]","seed":" 32816305","task":"experiment","subjectId":"ryaegfqc4j5sqa8","trial_type":"external-html","trial_index":12,"time_elapsed":603156,"internal_node_id":"0.0-9.0-0.4"},{"rt":8224,"url":"../static/nodeGraphs.html","edge":"5to8","edgeRT":"6574","flipped":"FALSE","correct_edge":"0to2","index":"17","edgeClickLog":"[{\"edgeSelection\":\"0to2\",\"edgeRTMS\":4158},{\"edgeSelection\":\"2to5\",\"edgeRTMS\":5458},{\"edgeSelection\":\"5to8\",\"edgeRTMS\":6574}]","seed":" 21211189","task":"experiment","subjectId":"ryaegfqc4j5sqa8","trial_type":"external-html","trial_index":13,"time_elapsed":612036,"internal_node_id":"0.0-9.0-0.5"},{"rt":9720,"url":"../static/nodeGraphs.html","edge":"5to8","edgeRT":"8015","flipped":"TRUE","correct_edge":"0to2","index":"37","edgeClickLog":"[{\"edgeSelection\":\"0to2\",\"edgeRTMS\":5211},{\"edgeSelection\":\"2to5\",\"edgeRTMS\":6791},{\"edgeSelection\":\"5to8\",\"edgeRTMS\":8015}]","seed":" 21211189","task":"experiment","subjectId":"ryaegfqc4j5sqa8","trial_type":"external-html","trial_index":14,"time_elapsed":622399,"internal_node_id":"0.0-9.0-0.6"},{"rt":26523,"url":"../static/nodeGraphs.html","edge":"6to9","edgeRT":"24754","flipped":"FALSE","correct_edge":"0to2","index":"13","edgeClickLog":"[{\"edgeSelection\":\"0to2\",\"edgeRTMS\":21837},{\"edgeSelection\":\"2to6\",\"edgeRTMS\":23307},{\"edgeSelection\":\"6to9\",\"edgeRTMS\":24754}]","seed":" 49587019","task":"experiment","subjectId":"ryaegfqc4j5sqa8","trial_type":"external-html","trial_index":15,"time_elapsed":649581,"internal_node_id":"0.0-9.0-0.7"},{"rt":22912,"url":"../static/nodeGraphs.html","edge":"5to9","edgeRT":"21424","flipped":"TRUE","correct_edge":"6to9","index":"26","edgeClickLog":"[{\"edgeSelection\":\"0to1\",\"edgeRTMS\":18450},{\"edgeSelection\":\"1to5\",\"edgeRTMS\":19870},{\"edgeSelection\":\"5to9\",\"edgeRTMS\":21424}]","seed":" 13523788","task":"experiment","subjectId":"ryaegfqc4j5sqa8","trial_type":"external-html","trial_index":16,"time_elapsed":673164,"internal_node_id":"0.0-9.0-0.8"},{"rt":53766,"url":"../static/nodeGraphs.html","edge":"6to8","edgeRT":"51425","flipped":"TRUE","correct_edge":"2to6","index":"25","edgeClickLog":"[{\"edgeSelection\":\"0to2\",\"edgeRTMS\":38302},{\"edgeSelection\":\"2to6\",\"edgeRTMS\":40888},{\"edgeSelection\":\"6to8\",\"edgeRTMS\":51425}]","seed":" 10409262","task":"experiment","subjectId":"ryaegfqc4j5sqa8","trial_type":"external-html","trial_index":17,"time_elapsed":727586,"internal_node_id":"0.0-9.0-0.9"},{"rt":23352,"url":"../static/nodeGraphs.html","edge":"5to7","edgeRT":"21393","flipped":"TRUE","correct_edge":"5to7","index":"36","edgeClickLog":"[{\"edgeSelection\":\"0to3\",\"edgeRTMS\":18176},{\"edgeSelection\":\"3to5\",\"edgeRTMS\":20035},{\"edgeSelection\":\"5to7\",\"edgeRTMS\":21393}]","seed":" 5655743","task":"experiment","subjectId":"ryaegfqc4j5sqa8","trial_type":"external-html","trial_index":18,"time_elapsed":751571,"internal_node_id":"0.0-9.0-0.10"},{"rt":13073,"url":"../static/nodeGraphs.html","edge":"4to7","edgeRT":"11614","flipped":"FALSE","correct_edge":"0to2","index":"11","edgeClickLog":"[{\"edgeSelection\":\"0to2\",\"edgeRTMS\":7384},{\"edgeSelection\":\"2to4\",\"edgeRTMS\":8871},{\"edgeSelection\":\"4to7\",\"edgeRTMS\":11614}]","seed":" 63833578","task":"experiment","subjectId":"ryaegfqc4j5sqa8","trial_type":"external-html","trial_index":19,"time_elapsed":765307,"internal_node_id":"0.0-9.0-0.11"},{"rt":12499,"url":"../static/nodeGraphs.html","edge":"6to8","edgeRT":"9228","flipped":"TRUE","correct_edge":"6to8","index":"21","edgeClickLog":"[{\"edgeSelection\":\"0to3\",\"edgeRTMS\":6527},{\"edgeSelection\":\"3to6\",\"edgeRTMS\":7983},{\"edgeSelection\":\"6to8\",\"edgeRTMS\":9228}]","seed":" 32816305","task":"experiment","subjectId":"ryaegfqc4j5sqa8","trial_type":"external-html","trial_index":20,"time_elapsed":778464,"internal_node_id":"0.0-9.0-0.12"},{"rt":10628,"url":"../static/nodeGraphs.html","edge":"6to8","edgeRT":"8390","flipped":"TRUE","correct_edge":"3to6","index":"22","edgeClickLog":"[{\"edgeSelection\":\"0to3\",\"edgeRTMS\":5318},{\"edgeSelection\":\"3to6\",\"edgeRTMS\":6798},{\"edgeSelection\":\"6to8\",\"edgeRTMS\":8390}]","seed":" 22809663","task":"experiment","subjectId":"ryaegfqc4j5sqa8","trial_type":"external-html","trial_index":21,"time_elapsed":789727,"internal_node_id":"0.0-9.0-0.13"},{"rt":7686,"url":"../static/nodeGraphs.html","edge":"5to8","edgeRT":"6313","flipped":"TRUE","correct_edge":"1to5","index":"38","edgeClickLog":"[{\"edgeSelection\":\"0to2\",\"edgeRTMS\":3691},{\"edgeSelection\":\"2to5\",\"edgeRTMS\":4847},{\"edgeSelection\":\"5to8\",\"edgeRTMS\":6313}]","seed":" 22181670","task":"experiment","subjectId":"ryaegfqc4j5sqa8","trial_type":"external-html","trial_index":22,"time_elapsed":798092,"internal_node_id":"0.0-9.0-0.14"},{"rt":13570,"url":"../static/nodeGraphs.html","edge":"4to7","edgeRT":"11809","flipped":"TRUE","correct_edge":"0to2","index":"33","edgeClickLog":"[{\"edgeSelection\":\"0to2\",\"edgeRTMS\":9174},{\"edgeSelection\":\"2to4\",\"edgeRTMS\":10435},{\"edgeSelection\":\"4to7\",\"edgeRTMS\":11809}]","seed":" 49587019","task":"experiment","subjectId":"ryaegfqc4j5sqa8","trial_type":"external-html","trial_index":23,"time_elapsed":812337,"internal_node_id":"0.0-9.0-0.15"},{"rt":13243,"url":"../static/nodeGraphs.html","edge":"4to8","edgeRT":"10773","flipped":"FALSE","correct_edge":"0to2","index":"10","edgeClickLog":"[{\"edgeSelection\":\"0to2\",\"edgeRTMS\":8352},{\"edgeSelection\":\"2to4\",\"edgeRTMS\":9581},{\"edgeSelection\":\"4to8\",\"edgeRTMS\":10773}]","seed":" 39688702","task":"experiment","subjectId":"ryaegfqc4j5sqa8","trial_type":"external-html","trial_index":24,"time_elapsed":826232,"internal_node_id":"0.0-9.0-0.16"},{"rt":15500,"url":"../static/nodeGraphs.html","edge":"6to9","edgeRT":"14222","flipped":"FALSE","correct_edge":"0to3","index":"12","edgeClickLog":"[{\"edgeSelection\":\"0to3\",\"edgeRTMS\":7850},{\"edgeSelection\":\"3to6\",\"edgeRTMS\":13128},{\"edgeSelection\":\"6to9\",\"edgeRTMS\":14222}]","seed":" 36895371","task":"experiment","subjectId":"ryaegfqc4j5sqa8","trial_type":"external-html","trial_index":25,"time_elapsed":842391,"internal_node_id":"0.0-9.0-0.17"},{"rt":13341,"url":"../static/nodeGraphs.html","edge":"4to8","edgeRT":"11486","flipped":"TRUE","correct_edge":"0to1","index":"29","edgeClickLog":"[{\"edgeSelection\":\"0to1\",\"edgeRTMS\":8730},{\"edgeSelection\":\"1to4\",\"edgeRTMS\":10125},{\"edgeSelection\":\"4to8\",\"edgeRTMS\":11486}]","seed":" 61187187","task":"experiment","subjectId":"ryaegfqc4j5sqa8","trial_type":"external-html","trial_index":26,"time_elapsed":856363,"internal_node_id":"0.0-9.0-0.18"},{"rt":19461,"url":"../static/nodeGraphs.html","edge":"5to8","edgeRT":"17706","flipped":"TRUE","correct_edge":"0to2","index":"27","edgeClickLog":"[{\"edgeSelection\":\"0to2\",\"edgeRTMS\":15170},{\"edgeSelection\":\"2to5\",\"edgeRTMS\":16367},{\"edgeSelection\":\"5to8\",\"edgeRTMS\":17706}]","seed":" 85614324","task":"experiment","subjectId":"ryaegfqc4j5sqa8","trial_type":"external-html","trial_index":27,"time_elapsed":876459,"internal_node_id":"0.0-9.0-0.19"},{"rt":14857,"url":"../static/nodeGraphs.html","edge":"6to9","edgeRT":"13122","flipped":"FALSE","correct_edge":"2to6","index":"15","edgeClickLog":"[{\"edgeSelection\":\"0to3\",\"edgeRTMS\":8824},{\"edgeSelection\":\"3to6\",\"edgeRTMS\":10058},{\"edgeSelection\":\"6to9\",\"edgeRTMS\":13122}]","seed":" 53220770","task":"experiment","subjectId":"ryaegfqc4j5sqa8","trial_type":"external-html","trial_index":28,"time_elapsed":891967,"internal_node_id":"0.0-9.0-0.20"},{"rt":9444,"url":"../static/nodeGraphs.html","edge":"4to7","edgeRT":"7529","flipped":"TRUE","correct_edge":"0to1","index":"32","edgeClickLog":"[{\"edgeSelection\":\"0to1\",\"edgeRTMS\":4608},{\"edgeSelection\":\"1to4\",\"edgeRTMS\":6187},{\"edgeSelection\":\"4to7\",\"edgeRTMS\":7529}]","seed":" 36895371","task":"experiment","subjectId":"ryaegfqc4j5sqa8","trial_type":"external-html","trial_index":29,"time_elapsed":902079,"internal_node_id":"0.0-9.0-0.21"},{"rt":6957,"url":"../static/nodeGraphs.html","edge":"5to8","edgeRT":"5268","flipped":"FALSE","correct_edge":"3to5","index":"18","edgeClickLog":"[{\"edgeSelection\":\"0to2\",\"edgeRTMS\":2636},{\"edgeSelection\":\"2to5\",\"edgeRTMS\":3903},{\"edgeSelection\":\"5to8\",\"edgeRTMS\":5268}]","seed":" 22181670","task":"experiment","subjectId":"ryaegfqc4j5sqa8","trial_type":"external-html","trial_index":30,"time_elapsed":909701,"internal_node_id":"0.0-9.0-0.22"},{"rt":7780,"url":"../static/nodeGraphs.html","edge":"4to7","edgeRT":"6097","flipped":"FALSE","correct_edge":"0to1","index":"19","edgeClickLog":"[{\"edgeSelection\":\"0to1\",\"edgeRTMS\":3158},{\"edgeSelection\":\"1to4\",\"edgeRTMS\":4552},{\"edgeSelection\":\"4to7\",\"edgeRTMS\":6097}]","seed":" 37422119","task":"experiment","subjectId":"ryaegfqc4j5sqa8","trial_type":"external-html","trial_index":31,"time_elapsed":918136,"internal_node_id":"0.0-9.0-0.23"},{"rt":11950,"url":"../static/nodeGraphs.html","edge":"4to8","edgeRT":"10091","flipped":"FALSE","correct_edge":"1to4","index":"2","edgeClickLog":"[{\"edgeSelection\":\"0to1\",\"edgeRTMS\":7415},{\"edgeSelection\":\"1to4\",\"edgeRTMS\":8707},{\"edgeSelection\":\"4to8\",\"edgeRTMS\":10091}]","seed":" 22809663","task":"experiment","subjectId":"ryaegfqc4j5sqa8","trial_type":"external-html","trial_index":32,"time_elapsed":930726,"internal_node_id":"0.0-9.0-0.24"},{"rt":8504,"url":"../static/nodeGraphs.html","edge":"6to8","edgeRT":"6542","flipped":"TRUE","correct_edge":"5to8","index":"23","edgeClickLog":"[{\"edgeSelection\":\"0to3\",\"edgeRTMS\":2764},{\"edgeSelection\":\"3to6\",\"edgeRTMS\":5033},{\"edgeSelection\":\"6to8\",\"edgeRTMS\":6542}]","seed":" 46003743","task":"experiment","subjectId":"ryaegfqc4j5sqa8","trial_type":"external-html","trial_index":33,"time_elapsed":939894,"internal_node_id":"0.0-9.0-0.25"},{"rt":8494,"url":"../static/nodeGraphs.html","edge":"6to9","edgeRT":"7211","flipped":"TRUE","correct_edge":"0to3","index":"20","edgeClickLog":"[{\"edgeSelection\":\"0to3\",\"edgeRTMS\":4735},{\"edgeSelection\":\"3to6\",\"edgeRTMS\":5933},{\"edgeSelection\":\"6to9\",\"edgeRTMS\":7211}]","seed":" 21745736","task":"experiment","subjectId":"ryaegfqc4j5sqa8","trial_type":"external-html","trial_index":34,"time_elapsed":949038,"internal_node_id":"0.0-9.0-0.26"},{"rt":30369,"url":"../static/nodeGraphs.html","edge":"4to8","edgeRT":"28559","flipped":"FALSE","correct_edge":"2to4","index":"4","edgeClickLog":"[{\"edgeSelection\":\"0to2\",\"edgeRTMS\":25390},{\"edgeSelection\":\"2to4\",\"edgeRTMS\":26927},{\"edgeSelection\":\"4to8\",\"edgeRTMS\":28559}]","seed":" 36501291","task":"experiment","subjectId":"ryaegfqc4j5sqa8","trial_type":"external-html","trial_index":35,"time_elapsed":980040,"internal_node_id":"0.0-9.0-0.27"},{"rt":14307,"url":"../static/nodeGraphs.html","edge":"6to8","edgeRT":"11543","flipped":"TRUE","correct_edge":"0to2","index":"30","edgeClickLog":"[{\"edgeSelection\":\"0to3\",\"edgeRTMS\":7816},{\"edgeSelection\":\"3to6\",\"edgeRTMS\":9185},{\"edgeSelection\":\"6to8\",\"edgeRTMS\":11543}]","seed":" 39688702","task":"experiment","subjectId":"ryaegfqc4j5sqa8","trial_type":"external-html","trial_index":36,"time_elapsed":995050,"internal_node_id":"0.0-9.0-0.28"},{"rt":14850,"url":"../static/nodeGraphs.html","edge":"4to7","edgeRT":"13588","flipped":"FALSE","correct_edge":"0to2","index":"8","edgeClickLog":"[{\"edgeSelection\":\"0to2\",\"edgeRTMS\":10942},{\"edgeSelection\":\"2to4\",\"edgeRTMS\":12180},{\"edgeSelection\":\"4to7\",\"edgeRTMS\":13588}]","seed":" 8396978","task":"experiment","subjectId":"ryaegfqc4j5sqa8","trial_type":"external-html","trial_index":37,"time_elapsed":1010550,"internal_node_id":"0.0-9.0-0.29"},{"rt":7548,"url":"../static/nodeGraphs.html","edge":"5to8","edgeRT":"6095","flipped":"FALSE","correct_edge":"0to2","index":"7","edgeClickLog":"[{\"edgeSelection\":\"0to2\",\"edgeRTMS\":3045},{\"edgeSelection\":\"2to5\",\"edgeRTMS\":4235},{\"edgeSelection\":\"5to8\",\"edgeRTMS\":6095}]","seed":" 85614324","task":"experiment","subjectId":"ryaegfqc4j5sqa8","trial_type":"external-html","trial_index":38,"time_elapsed":1018751,"internal_node_id":"0.0-9.0-0.30"},{"rt":8734,"url":"../static/nodeGraphs.html","edge":"4to8","edgeRT":"6866","flipped":"FALSE","correct_edge":"2to4","index":"5","edgeClickLog":"[{\"edgeSelection\":\"0to2\",\"edgeRTMS\":3498},{\"edgeSelection\":\"2to4\",\"edgeRTMS\":5067},{\"edgeSelection\":\"4to8\",\"edgeRTMS\":6866}]","seed":" 10409262","task":"experiment","subjectId":"ryaegfqc4j5sqa8","trial_type":"external-html","trial_index":39,"time_elapsed":1028115,"internal_node_id":"0.0-9.0-0.31"},{"rt":11105,"url":"../static/nodeGraphs.html","edge":"5to7","edgeRT":"9426","flipped":"FALSE","correct_edge":"4to7","index":"6","edgeClickLog":"[{\"edgeSelection\":\"0to3\",\"edgeRTMS\":3656},{\"edgeSelection\":\"3to5\",\"edgeRTMS\":7496},{\"edgeSelection\":\"5to7\",\"edgeRTMS\":9426}]","seed":" 13523788","task":"experiment","subjectId":"ryaegfqc4j5sqa8","trial_type":"external-html","trial_index":40,"time_elapsed":1039895,"internal_node_id":"0.0-9.0-0.32"},{"rt":9180,"url":"../static/nodeGraphs.html","edge":"6to8","edgeRT":"7356","flipped":"TRUE","correct_edge":"0to2","index":"28","edgeClickLog":"[{\"edgeSelection\":\"0to2\",\"edgeRTMS\":4383},{\"edgeSelection\":\"2to6\",\"edgeRTMS\":5864},{\"edgeSelection\":\"6to8\",\"edgeRTMS\":7356}]","seed":" 8396978","task":"experiment","subjectId":"ryaegfqc4j5sqa8","trial_type":"external-html","trial_index":41,"time_elapsed":1049726,"internal_node_id":"0.0-9.0-0.33"},{"rt":7734,"url":"../static/nodeGraphs.html","edge":"6to9","edgeRT":"6473","flipped":"TRUE","correct_edge":"0to2","index":"34","edgeClickLog":"[{\"edgeSelection\":\"0to3\",\"edgeRTMS\":3442},{\"edgeSelection\":\"3to6\",\"edgeRTMS\":4773},{\"edgeSelection\":\"6to9\",\"edgeRTMS\":6473}]","seed":" 21083760","task":"experiment","subjectId":"ryaegfqc4j5sqa8","trial_type":"external-html","trial_index":42,"time_elapsed":1058142,"internal_node_id":"0.0-9.0-0.34"},{"rt":7271,"url":"../static/nodeGraphs.html","edge":"4to8","edgeRT":"5610","flipped":"FALSE","correct_edge":"5to8","index":"3","edgeClickLog":"[{\"edgeSelection\":\"0to1\",\"edgeRTMS\":3115},{\"edgeSelection\":\"1to4\",\"edgeRTMS\":4276},{\"edgeSelection\":\"4to8\",\"edgeRTMS\":5610}]","seed":" 46003743","task":"experiment","subjectId":"ryaegfqc4j5sqa8","trial_type":"external-html","trial_index":43,"time_elapsed":1066076,"internal_node_id":"0.0-9.0-0.35"},{"rt":11224,"url":"../static/nodeGraphs.html","edge":"6to8","edgeRT":"8896","flipped":"TRUE","correct_edge":"2to6","index":"24","edgeClickLog":"[{\"edgeSelection\":\"0to2\",\"edgeRTMS\":5583},{\"edgeSelection\":\"2to6\",\"edgeRTMS\":6753},{\"edgeSelection\":\"6to8\",\"edgeRTMS\":8896}]","seed":" 36501291","task":"experiment","subjectId":"ryaegfqc4j5sqa8","trial_type":"external-html","trial_index":44,"time_elapsed":1077936,"internal_node_id":"0.0-9.0-0.36"},{"rt":7958,"url":"../static/nodeGraphs.html","edge":"4to7","edgeRT":"6292","flipped":"TRUE","correct_edge":"2to4","index":"35","edgeClickLog":"[{\"edgeSelection\":\"0to1\",\"edgeRTMS\":3864},{\"edgeSelection\":\"1to4\",\"edgeRTMS\":5026},{\"edgeSelection\":\"4to7\",\"edgeRTMS\":6292}]","seed":" 53220770","task":"experiment","subjectId":"ryaegfqc4j5sqa8","trial_type":"external-html","trial_index":45,"time_elapsed":1086534,"internal_node_id":"0.0-9.0-0.37"},{"rt":15612,"url":"../static/nodeGraphs.html","edge":"5to9","edgeRT":"14365","flipped":"FALSE","correct_edge":"5to9","index":"16","edgeClickLog":"[{\"edgeSelection\":\"0to1\",\"edgeRTMS\":11023},{\"edgeSelection\":\"1to5\",\"edgeRTMS\":12598},{\"edgeSelection\":\"5to9\",\"edgeRTMS\":14365}]","seed":" 5655743","task":"experiment","subjectId":"ryaegfqc4j5sqa8","trial_type":"external-html","trial_index":46,"time_elapsed":1102811,"internal_node_id":"0.0-9.0-0.38"},{"rt":9347,"url":"../static/nodeGraphs.html","edge":"4to7","edgeRT":"7161","flipped":"FALSE","correct_edge":"0to1","index":"0","edgeClickLog":"[{\"edgeSelection\":\"0to1\",\"edgeRTMS\":4778},{\"edgeSelection\":\"1to4\",\"edgeRTMS\":5984},{\"edgeSelection\":\"4to7\",\"edgeRTMS\":7161}]","seed":" 21745736","task":"experiment","subjectId":"ryaegfqc4j5sqa8","trial_type":"external-html","trial_index":47,"time_elapsed":1112791,"internal_node_id":"0.0-9.0-0.39"},{"rt":38359,"response":{"P0_Q0":null,"P0_Q1":3,"P0_Q2":4,"P0_Q3":3,"P0_Q4":4,"P0_Q5":4,"strategies":"Adding up possible numbers compared to the student","feedback":"N/A"},"accuracy":[],"trial_type":"survey","trial_index":48,"time_elapsed":1151990,"internal_node_id":"0.0-10.0"},{"rt":3829,"stimulus":"<p>Thanks for your time!</p>        <p>We need to manually calculate your bonus pay, please give us up to 7 days.</p><p>Press any key to conclude.</p>","response":" ","task":"end","subjectId":"ryaegfqc4j5sqa8","trial_type":"html-keyboard-response","trial_index":49,"time_elapsed":1155830,"internal_node_id":"0.0-11.0","interactions":"[{\"event\":\"fullscreenenter\",\"trial\":1,\"time\":3739},{\"event\":\"blur\",\"trial\":4,\"time\":291874},{\"event\":\"focus\",\"trial\":4,\"time\":291874},{\"event\":\"fullscreenexit\",\"trial\":4,\"time\":291933}]"}]