[{"success":true,"timeout":false,"failed_images":[],"failed_audio":[],"failed_video":[],"trial_type":"preload","trial_index":0,"time_elapsed":1685,"internal_node_id":"0.0-0.0"},{"success":true,"trial_type":"fullscreen","trial_index":1,"time_elapsed":6183,"internal_node_id":"0.0-1.0"},{"rt":5536,"stimulus":"Welcome to the experiment. Press any key to begin.","response":" ","trial_type":"html-keyboard-response","trial_index":2,"time_elapsed":11720,"internal_node_id":"0.0-2.0"},{"view_history":[{"page_index":0,"viewing_time":4015},{"page_index":1,"viewing_time":3951},{"page_index":2,"viewing_time":20976},{"page_index":3,"viewing_time":6863},{"page_index":4,"viewing_time":800},{"page_index":5,"viewing_time":656},{"page_index":6,"viewing_time":5048},{"page_index":7,"viewing_time":6320},{"page_index":8,"viewing_time":11705},{"page_index":9,"viewing_time":6319},{"page_index":10,"viewing_time":1776},{"page_index":11,"viewing_time":408},{"page_index":12,"viewing_time":386},{"page_index":13,"viewing_time":1390},{"page_index":14,"viewing_time":2128},{"page_index":15,"viewing_time":8296},{"page_index":16,"viewing_time":1296},{"page_index":17,"viewing_time":400},{"page_index":18,"viewing_time":506},{"page_index":19,"viewing_time":3782},{"page_index":20,"viewing_time":4811},{"page_index":21,"viewing_time":4062}],"rt":95895,"trial_type":"instructions","trial_index":3,"time_elapsed":107616,"internal_node_id":"0.0-3.0"},{"rt":69415,"url":"../static/nodeGraphsTraining.html","edgeClickLog":[],"trial_type":"external-html","trial_index":4,"time_elapsed":177366,"internal_node_id":"0.0-4.0"},{"rt":18033,"response":{"q1":"The goal is to help the student to get the most points","q2":"False","q3":"Possible paths the student can take.","q4":"Paths that the student took before."},"question_order":[0,1,2,3],"trial_type":"survey-multi-choice","trial_index":5,"time_elapsed":195403,"internal_node_id":"0.0-5.0"},{"rt":5804,"stimulus":"<p>You can take a 60 second break before starting the experiment.</p><br><br><p>This page will advance in 60 seconds or you can press any key to advance now.</p>","response":" ","trial_type":"html-keyboard-response","trial_index":6,"time_elapsed":201210,"internal_node_id":"0.0-7.0"},{"view_history":[{"page_index":0,"viewing_time":11007}],"rt":11007,"trial_type":"instructions","trial_index":7,"time_elapsed":212219,"internal_node_id":"0.0-8.0"},{"rt":12948,"url":"../static/nodeGraphs.html","edge":"5to9","edgeRT":"11271","flipped":"TRUE","correct_edge":"6to9","index":"26","edgeClickLog":"[{\"edgeSelection\":\"0to2\",\"edgeRTMS\":9190},{\"edgeSelection\":\"2to5\",\"edgeRTMS\":10567},{\"edgeSelection\":\"5to9\",\"edgeRTMS\":11271}]","seed":" 13523788","task":"experiment","subjectId":"jpleyd90yfmt57m","trial_type":"external-html","trial_index":8,"time_elapsed":225393,"internal_node_id":"0.0-9.0-0.0"},{"rt":13036,"url":"../static/nodeGraphs.html","edge":"4to7","edgeRT":"11936","flipped":"FALSE","correct_edge":"0to1","index":"0","edgeClickLog":"[{\"edgeSelection\":\"0to1\",\"edgeRTMS\":7970},{\"edgeSelection\":\"0to1\",\"edgeRTMS\":9588},{\"edgeSelection\":\"1to4\",\"edgeRTMS\":10839},{\"edgeSelection\":\"4to7\",\"edgeRTMS\":11936}]","seed":" 21745736","task":"experiment","subjectId":"jpleyd90yfmt57m","trial_type":"external-html","trial_index":9,"time_elapsed":239174,"internal_node_id":"0.0-9.0-0.1"},{"rt":11814,"url":"../static/nodeGraphs.html","edge":"5to8","edgeRT":"10091","flipped":"FALSE","correct_edge":"5to8","index":"3","edgeClickLog":"[{\"edgeSelection\":\"0to2\",\"edgeRTMS\":8457},{\"edgeSelection\":\"2to5\",\"edgeRTMS\":9248},{\"edgeSelection\":\"5to8\",\"edgeRTMS\":10091}]","seed":" 46003743","task":"experiment","subjectId":"jpleyd90yfmt57m","trial_type":"external-html","trial_index":10,"time_elapsed":251707,"internal_node_id":"0.0-9.0-0.2"},{"rt":6482,"url":"../static/nodeGraphs.html","edge":"5to8","edgeRT":"5348","flipped":"TRUE","correct_edge":"0to2","index":"37","edgeClickLog":"[{\"edgeSelection\":\"0to2\",\"edgeRTMS\":3400},{\"edgeSelection\":\"2to5\",\"edgeRTMS\":4257},{\"edgeSelection\":\"5to8\",\"edgeRTMS\":5348}]","seed":" 21211189","task":"experiment","subjectId":"jpleyd90yfmt57m","trial_type":"external-html","trial_index":11,"time_elapsed":258930,"internal_node_id":"0.0-9.0-0.3"},{"rt":13134,"url":"../static/nodeGraphs.html","edge":"6to8","edgeRT":"12088","flipped":"TRUE","correct_edge":"0to2","index":"30","edgeClickLog":"[{\"edgeSelection\":\"0to3\",\"edgeRTMS\":9680},{\"edgeSelection\":\"3to6\",\"edgeRTMS\":10976},{\"edgeSelection\":\"6to8\",\"edgeRTMS\":12088}]","seed":" 39688702","task":"experiment","subjectId":"jpleyd90yfmt57m","trial_type":"external-html","trial_index":12,"time_elapsed":272801,"internal_node_id":"0.0-9.0-0.4"},{"rt":12051,"url":"../static/nodeGraphs.html","edge":"4to8","edgeRT":"10901","flipped":"FALSE","correct_edge":"0to2","index":"14","edgeClickLog":"[{\"edgeSelection\":\"0to2\",\"edgeRTMS\":8063},{\"edgeSelection\":\"2to4\",\"edgeRTMS\":9551},{\"edgeSelection\":\"4to8\",\"edgeRTMS\":10901}]","seed":" 21083760","task":"experiment","subjectId":"jpleyd90yfmt57m","trial_type":"external-html","trial_index":13,"time_elapsed":285570,"internal_node_id":"0.0-9.0-0.5"},{"rt":12707,"url":"../static/nodeGraphs.html","edge":"6to9","edgeRT":"11403","flipped":"FALSE","correct_edge":"0to2","index":"13","edgeClickLog":"[{\"edgeSelection\":\"0to2\",\"edgeRTMS\":6629},{\"edgeSelection\":\"2to6\",\"edgeRTMS\":8193},{\"edgeSelection\":\"2to6\",\"edgeRTMS\":9793},{\"edgeSelection\":\"6to9\",\"edgeRTMS\":11403}]","seed":" 49587019","task":"experiment","subjectId":"jpleyd90yfmt57m","trial_type":"external-html","trial_index":14,"time_elapsed":299520,"internal_node_id":"0.0-9.0-0.6"},{"rt":15052,"url":"../static/nodeGraphs.html","edge":"6to9","edgeRT":"14173","flipped":"TRUE","correct_edge":"0to2","index":"31","edgeClickLog":"[{\"edgeSelection\":\"0to2\",\"edgeRTMS\":12244},{\"edgeSelection\":\"2to6\",\"edgeRTMS\":13136},{\"edgeSelection\":\"6to9\",\"edgeRTMS\":14173}]","seed":" 63833578","task":"experiment","subjectId":"jpleyd90yfmt57m","trial_type":"external-html","trial_index":15,"time_elapsed":315584,"internal_node_id":"0.0-9.0-0.7"},{"rt":8202,"url":"../static/nodeGraphs.html","edge":"5to8","edgeRT":"7061","flipped":"FALSE","correct_edge":"0to2","index":"7","edgeClickLog":"[{\"edgeSelection\":\"0to2\",\"edgeRTMS\":5445},{\"edgeSelection\":\"2to5\",\"edgeRTMS\":6281},{\"edgeSelection\":\"5to8\",\"edgeRTMS\":7061}]","seed":" 85614324","task":"experiment","subjectId":"jpleyd90yfmt57m","trial_type":"external-html","trial_index":16,"time_elapsed":324506,"internal_node_id":"0.0-9.0-0.8"},{"rt":12564,"url":"../static/nodeGraphs.html","edge":"6to9","edgeRT":"11059","flipped":"TRUE","correct_edge":"2to6","index":"24","edgeClickLog":"[{\"edgeSelection\":\"0to2\",\"edgeRTMS\":8390},{\"edgeSelection\":\"2to6\",\"edgeRTMS\":10296},{\"edgeSelection\":\"6to9\",\"edgeRTMS\":11059}]","seed":" 36501291","task":"experiment","subjectId":"jpleyd90yfmt57m","trial_type":"external-html","trial_index":17,"time_elapsed":337816,"internal_node_id":"0.0-9.0-0.9"},{"rt":8044,"url":"../static/nodeGraphs.html","edge":"6to8","edgeRT":"7099","flipped":"TRUE","correct_edge":"0to2","index":"34","edgeClickLog":"[{\"edgeSelection\":\"0to3\",\"edgeRTMS\":5108},{\"edgeSelection\":\"3to6\",\"edgeRTMS\":6119},{\"edgeSelection\":\"6to8\",\"edgeRTMS\":7099}]","seed":" 21083760","task":"experiment","subjectId":"jpleyd90yfmt57m","trial_type":"external-html","trial_index":18,"time_elapsed":346590,"internal_node_id":"0.0-9.0-0.10"},{"rt":4768,"url":"../static/nodeGraphs.html","edge":"5to8","edgeRT":"3859","flipped":"FALSE","correct_edge":"0to2","index":"17","edgeClickLog":"[{\"edgeSelection\":\"0to2\",\"edgeRTMS\":2112},{\"edgeSelection\":\"2to5\",\"edgeRTMS\":2925},{\"edgeSelection\":\"5to8\",\"edgeRTMS\":3859}]","seed":" 21211189","task":"experiment","subjectId":"jpleyd90yfmt57m","trial_type":"external-html","trial_index":19,"time_elapsed":352094,"internal_node_id":"0.0-9.0-0.11"},{"rt":13106,"url":"../static/nodeGraphs.html","edge":"5to7","edgeRT":"11786","flipped":"FALSE","correct_edge":"4to7","index":"6","edgeClickLog":"[{\"edgeSelection\":\"0to3\",\"edgeRTMS\":9529},{\"edgeSelection\":\"3to5\",\"edgeRTMS\":10480},{\"edgeSelection\":\"5to7\",\"edgeRTMS\":11786}]","seed":" 13523788","task":"experiment","subjectId":"jpleyd90yfmt57m","trial_type":"external-html","trial_index":20,"time_elapsed":365928,"internal_node_id":"0.0-9.0-0.12"},{"rt":6166,"url":"../static/nodeGraphs.html","edge":"6to9","edgeRT":"5090","flipped":"TRUE","correct_edge":"0to3","index":"39","edgeClickLog":"[{\"edgeSelection\":\"0to3\",\"edgeRTMS\":3262},{\"edgeSelection\":\"3to6\",\"edgeRTMS\":4278},{\"edgeSelection\":\"6to9\",\"edgeRTMS\":5090}]","seed":" 37422119","task":"experiment","subjectId":"jpleyd90yfmt57m","trial_type":"external-html","trial_index":21,"time_elapsed":372824,"internal_node_id":"0.0-9.0-0.13"},{"rt":6081,"url":"../static/nodeGraphs.html","edge":"4to7","edgeRT":"5003","flipped":"FALSE","correct_edge":"0to1","index":"19","edgeClickLog":"[{\"edgeSelection\":\"0to1\",\"edgeRTMS\":3064},{\"edgeSelection\":\"1to4\",\"edgeRTMS\":4055},{\"edgeSelection\":\"4to7\",\"edgeRTMS\":5003}]","seed":" 37422119","task":"experiment","subjectId":"jpleyd90yfmt57m","trial_type":"external-html","trial_index":22,"time_elapsed":379619,"internal_node_id":"0.0-9.0-0.14"},{"rt":6490,"url":"../static/nodeGraphs.html","edge":"4to8","edgeRT":"5580","flipped":"FALSE","correct_edge":"1to4","index":"2","edgeClickLog":"[{\"edgeSelection\":\"0to1\",\"edgeRTMS\":3064},{\"edgeSelection\":\"1to4\",\"edgeRTMS\":4481},{\"edgeSelection\":\"4to8\",\"edgeRTMS\":5580}]","seed":" 22809663","task":"experiment","subjectId":"jpleyd90yfmt57m","trial_type":"external-html","trial_index":23,"time_elapsed":386853,"internal_node_id":"0.0-9.0-0.15"},{"rt":6555,"url":"../static/nodeGraphs.html","edge":"5to8","edgeRT":"5658","flipped":"TRUE","correct_edge":"0to2","index":"27","edgeClickLog":"[{\"edgeSelection\":\"0to2\",\"edgeRTMS\":4000},{\"edgeSelection\":\"2to5\",\"edgeRTMS\":4746},{\"edgeSelection\":\"5to8\",\"edgeRTMS\":5658}]","seed":" 85614324","task":"experiment","subjectId":"jpleyd90yfmt57m","trial_type":"external-html","trial_index":24,"time_elapsed":394143,"internal_node_id":"0.0-9.0-0.16"},{"rt":9033,"url":"../static/nodeGraphs.html","edge":"6to9","edgeRT":"7932","flipped":"TRUE","correct_edge":"0to3","index":"20","edgeClickLog":"[{\"edgeSelection\":\"0to3\",\"edgeRTMS\":3700},{\"edgeSelection\":\"3to6\",\"edgeRTMS\":5364},{\"edgeSelection\":\"6to9\",\"edgeRTMS\":6043},{\"edgeSelection\":\"6to9\",\"edgeRTMS\":7932}]","seed":" 21745736","task":"experiment","subjectId":"jpleyd90yfmt57m","trial_type":"external-html","trial_index":25,"time_elapsed":403897,"internal_node_id":"0.0-9.0-0.17"},{"rt":12298,"url":"../static/nodeGraphs.html","edge":"5to9","edgeRT":"11299","flipped":"FALSE","correct_edge":"5to9","index":"16","edgeClickLog":"[{\"edgeSelection\":\"0to1\",\"edgeRTMS\":8482},{\"edgeSelection\":\"1to5\",\"edgeRTMS\":10202},{\"edgeSelection\":\"5to9\",\"edgeRTMS\":11299}]","seed":" 5655743","task":"experiment","subjectId":"jpleyd90yfmt57m","trial_type":"external-html","trial_index":26,"time_elapsed":416935,"internal_node_id":"0.0-9.0-0.18"},{"rt":5367,"url":"../static/nodeGraphs.html","edge":"5to8","edgeRT":"3687","flipped":"FALSE","correct_edge":"3to5","index":"18","edgeClickLog":"[{\"edgeSelection\":\"0to2\",\"edgeRTMS\":1589},{\"edgeSelection\":\"2to5\",\"edgeRTMS\":2619},{\"edgeSelection\":\"5to8\",\"edgeRTMS\":3687}]","seed":" 22181670","task":"experiment","subjectId":"jpleyd90yfmt57m","trial_type":"external-html","trial_index":27,"time_elapsed":423044,"internal_node_id":"0.0-9.0-0.19"},{"rt":13542,"url":"../static/nodeGraphs.html","edge":"6to8","edgeRT":"9840","flipped":"TRUE","correct_edge":"6to8","index":"21","edgeClickLog":"[{\"edgeSelection\":\"0to2\",\"edgeRTMS\":4777},{\"edgeSelection\":\"3to5\",\"edgeRTMS\":5804},{\"edgeSelection\":\"2to6\",\"edgeRTMS\":7031},{\"edgeSelection\":\"6to8\",\"edgeRTMS\":9840}]","seed":" 32816305","task":"experiment","subjectId":"jpleyd90yfmt57m","trial_type":"external-html","trial_index":28,"time_elapsed":437320,"internal_node_id":"0.0-9.0-0.20"},{"rt":16335,"url":"../static/nodeGraphs.html","edge":"4to7","edgeRT":"11690","flipped":"TRUE","correct_edge":"0to2","index":"33","edgeClickLog":"[{\"edgeSelection\":\"0to2\",\"edgeRTMS\":8752},{\"edgeSelection\":\"2to4\",\"edgeRTMS\":9789},{\"edgeSelection\":\"4to7\",\"edgeRTMS\":11690}]","seed":" 49587019","task":"experiment","subjectId":"jpleyd90yfmt57m","trial_type":"external-html","trial_index":29,"time_elapsed":454375,"internal_node_id":"0.0-9.0-0.21"},{"rt":15040,"url":"../static/nodeGraphs.html","edge":"4to7","edgeRT":"13737","flipped":"TRUE","correct_edge":"0to1","index":"32","edgeClickLog":"[{\"edgeSelection\":\"5to8\",\"edgeRTMS\":3227},{\"edgeSelection\":\"0to1\",\"edgeRTMS\":10138},{\"edgeSelection\":\"1to4\",\"edgeRTMS\":11566},{\"edgeSelection\":\"4to7\",\"edgeRTMS\":13737}]","seed":" 36895371","task":"experiment","subjectId":"jpleyd90yfmt57m","trial_type":"external-html","trial_index":30,"time_elapsed":470137,"internal_node_id":"0.0-9.0-0.22"},{"rt":19242,"url":"../static/nodeGraphs.html","edge":"6to8","edgeRT":"9944","flipped":"TRUE","correct_edge":"3to6","index":"22","edgeClickLog":"[{\"edgeSelection\":\"0to3\",\"edgeRTMS\":7364},{\"edgeSelection\":\"3to6\",\"edgeRTMS\":8605},{\"edgeSelection\":\"6to8\",\"edgeRTMS\":9944}]","seed":" 22809663","task":"experiment","subjectId":"jpleyd90yfmt57m","trial_type":"external-html","trial_index":31,"time_elapsed":490117,"internal_node_id":"0.0-9.0-0.23"},{"rt":8749,"url":"../static/nodeGraphs.html","edge":"4to7","edgeRT":"7391","flipped":"FALSE","correct_edge":"2to4","index":"5","edgeClickLog":"[{\"edgeSelection\":\"0to2\",\"edgeRTMS\":4711},{\"edgeSelection\":\"2to4\",\"edgeRTMS\":6362},{\"edgeSelection\":\"4to7\",\"edgeRTMS\":7391}]","seed":" 10409262","task":"experiment","subjectId":"jpleyd90yfmt57m","trial_type":"external-html","trial_index":32,"time_elapsed":499601,"internal_node_id":"0.0-9.0-0.24"},{"rt":7464,"url":"../static/nodeGraphs.html","edge":"5to8","edgeRT":"6383","flipped":"TRUE","correct_edge":"1to5","index":"38","edgeClickLog":"[{\"edgeSelection\":\"0to2\",\"edgeRTMS\":3499},{\"edgeSelection\":\"2to5\",\"edgeRTMS\":4267},{\"edgeSelection\":\"5to8\",\"edgeRTMS\":5730},{\"edgeSelection\":\"5to8\",\"edgeRTMS\":6383}]","seed":" 22181670","task":"experiment","subjectId":"jpleyd90yfmt57m","trial_type":"external-html","trial_index":33,"time_elapsed":507802,"internal_node_id":"0.0-9.0-0.25"},{"rt":11507,"url":"../static/nodeGraphs.html","edge":"4to8","edgeRT":"8440","flipped":"FALSE","correct_edge":"2to4","index":"4","edgeClickLog":"[{\"edgeSelection\":\"0to2\",\"edgeRTMS\":6124},{\"edgeSelection\":\"2to4\",\"edgeRTMS\":7432},{\"edgeSelection\":\"4to8\",\"edgeRTMS\":8440}]","seed":" 36501291","task":"experiment","subjectId":"jpleyd90yfmt57m","trial_type":"external-html","trial_index":34,"time_elapsed":520054,"internal_node_id":"0.0-9.0-0.26"},{"rt":6310,"url":"../static/nodeGraphs.html","edge":"6to9","edgeRT":"4961","flipped":"FALSE","correct_edge":"2to6","index":"15","edgeClickLog":"[{\"edgeSelection\":\"0to3\",\"edgeRTMS\":2762},{\"edgeSelection\":\"3to6\",\"edgeRTMS\":3889},{\"edgeSelection\":\"6to9\",\"edgeRTMS\":4961}]","seed":" 53220770","task":"experiment","subjectId":"jpleyd90yfmt57m","trial_type":"external-html","trial_index":35,"time_elapsed":527085,"internal_node_id":"0.0-9.0-0.27"},{"rt":7403,"url":"../static/nodeGraphs.html","edge":"6to9","edgeRT":"6447","flipped":"TRUE","correct_edge":"2to6","index":"25","edgeClickLog":"[{\"edgeSelection\":\"0to2\",\"edgeRTMS\":4127},{\"edgeSelection\":\"2to6\",\"edgeRTMS\":5401},{\"edgeSelection\":\"6to9\",\"edgeRTMS\":6447}]","seed":" 10409262","task":"experiment","subjectId":"jpleyd90yfmt57m","trial_type":"external-html","trial_index":36,"time_elapsed":535207,"internal_node_id":"0.0-9.0-0.28"},{"rt":6946,"url":"../static/nodeGraphs.html","edge":"4to7","edgeRT":"5227","flipped":"FALSE","correct_edge":"0to2","index":"11","edgeClickLog":"[{\"edgeSelection\":\"0to2\",\"edgeRTMS\":2614},{\"edgeSelection\":\"2to4\",\"edgeRTMS\":3516},{\"edgeSelection\":\"4to7\",\"edgeRTMS\":5227}]","seed":" 63833578","task":"experiment","subjectId":"jpleyd90yfmt57m","trial_type":"external-html","trial_index":37,"time_elapsed":542891,"internal_node_id":"0.0-9.0-0.29"},{"rt":7160,"url":"../static/nodeGraphs.html","edge":"4to8","edgeRT":"5418","flipped":"FALSE","correct_edge":"0to2","index":"8","edgeClickLog":"[{\"edgeSelection\":\"0to2\",\"edgeRTMS\":2175},{\"edgeSelection\":\"2to4\",\"edgeRTMS\":3101},{\"edgeSelection\":\"4to8\",\"edgeRTMS\":5418}]","seed":" 8396978","task":"experiment","subjectId":"jpleyd90yfmt57m","trial_type":"external-html","trial_index":38,"time_elapsed":550777,"internal_node_id":"0.0-9.0-0.30"},{"rt":10260,"url":"../static/nodeGraphs.html","edge":"5to7","edgeRT":"7873","flipped":"FALSE","correct_edge":"0to3","index":"12","edgeClickLog":"[{\"edgeSelection\":\"0to3\",\"edgeRTMS\":4185},{\"edgeSelection\":\"3to5\",\"edgeRTMS\":6604},{\"edgeSelection\":\"5to7\",\"edgeRTMS\":7873}]","seed":" 36895371","task":"experiment","subjectId":"jpleyd90yfmt57m","trial_type":"external-html","trial_index":39,"time_elapsed":561757,"internal_node_id":"0.0-9.0-0.31"},{"rt":10313,"url":"../static/nodeGraphs.html","edge":"6to8","edgeRT":"8815","flipped":"FALSE","correct_edge":"0to3","index":"9","edgeClickLog":"[{\"edgeSelection\":\"0to3\",\"edgeRTMS\":4516},{\"edgeSelection\":\"3to6\",\"edgeRTMS\":7578},{\"edgeSelection\":\"6to8\",\"edgeRTMS\":8407},{\"edgeSelection\":\"6to8\",\"edgeRTMS\":8815}]","seed":" 61187187","task":"experiment","subjectId":"jpleyd90yfmt57m","trial_type":"external-html","trial_index":40,"time_elapsed":572816,"internal_node_id":"0.0-9.0-0.32"},{"rt":7996,"url":"../static/nodeGraphs.html","edge":"5to7","edgeRT":"6716","flipped":"TRUE","correct_edge":"5to7","index":"36","edgeClickLog":"[{\"edgeSelection\":\"0to1\",\"edgeRTMS\":4451},{\"edgeSelection\":\"1to5\",\"edgeRTMS\":5628},{\"edgeSelection\":\"5to7\",\"edgeRTMS\":6716}]","seed":" 5655743","task":"experiment","subjectId":"jpleyd90yfmt57m","trial_type":"external-html","trial_index":41,"time_elapsed":581558,"internal_node_id":"0.0-9.0-0.33"},{"rt":7939,"url":"../static/nodeGraphs.html","edge":"4to8","edgeRT":"7109","flipped":"FALSE","correct_edge":"0to2","index":"10","edgeClickLog":"[{\"edgeSelection\":\"0to1\",\"edgeRTMS\":4377},{\"edgeSelection\":\"1to4\",\"edgeRTMS\":5075},{\"edgeSelection\":\"4to8\",\"edgeRTMS\":7109}]","seed":" 39688702","task":"experiment","subjectId":"jpleyd90yfmt57m","trial_type":"external-html","trial_index":42,"time_elapsed":590242,"internal_node_id":"0.0-9.0-0.34"},{"rt":6472,"url":"../static/nodeGraphs.html","edge":"6to8","edgeRT":"5365","flipped":"TRUE","correct_edge":"0to2","index":"28","edgeClickLog":"[{\"edgeSelection\":\"0to2\",\"edgeRTMS\":3592},{\"edgeSelection\":\"2to6\",\"edgeRTMS\":4697},{\"edgeSelection\":\"6to8\",\"edgeRTMS\":5365}]","seed":" 8396978","task":"experiment","subjectId":"jpleyd90yfmt57m","trial_type":"external-html","trial_index":43,"time_elapsed":597443,"internal_node_id":"0.0-9.0-0.35"},{"rt":5901,"url":"../static/nodeGraphs.html","edge":"5to8","edgeRT":"4748","flipped":"TRUE","correct_edge":"5to8","index":"23","edgeClickLog":"[{\"edgeSelection\":\"2to5\",\"edgeRTMS\":3657},{\"edgeSelection\":\"5to8\",\"edgeRTMS\":4748}]","seed":" 46003743","task":"experiment","subjectId":"jpleyd90yfmt57m","trial_type":"external-html","trial_index":44,"time_elapsed":604080,"internal_node_id":"0.0-9.0-0.36"},{"rt":5374,"url":"../static/nodeGraphs.html","edge":"4to8","edgeRT":"3971","flipped":"FALSE","correct_edge":"4to8","index":"1","edgeClickLog":"[{\"edgeSelection\":\"0to2\",\"edgeRTMS\":2350},{\"edgeSelection\":\"2to4\",\"edgeRTMS\":3151},{\"edgeSelection\":\"4to8\",\"edgeRTMS\":3971}]","seed":" 32816305","task":"experiment","subjectId":"jpleyd90yfmt57m","trial_type":"external-html","trial_index":45,"time_elapsed":610191,"internal_node_id":"0.0-9.0-0.37"},{"rt":5867,"url":"../static/nodeGraphs.html","edge":"4to7","edgeRT":"4608","flipped":"TRUE","correct_edge":"2to4","index":"35","edgeClickLog":"[{\"edgeSelection\":\"0to1\",\"edgeRTMS\":2223},{\"edgeSelection\":\"1to4\",\"edgeRTMS\":3652},{\"edgeSelection\":\"4to7\",\"edgeRTMS\":4608}]","seed":" 53220770","task":"experiment","subjectId":"jpleyd90yfmt57m","trial_type":"external-html","trial_index":46,"time_elapsed":616770,"internal_node_id":"0.0-9.0-0.38"},{"rt":5953,"url":"../static/nodeGraphs.html","edge":"4to8","edgeRT":"5081","flipped":"TRUE","correct_edge":"0to1","index":"29","edgeClickLog":"[{\"edgeSelection\":\"0to1\",\"edgeRTMS\":2468},{\"edgeSelection\":\"1to4\",\"edgeRTMS\":3506},{\"edgeSelection\":\"4to8\",\"edgeRTMS\":5081}]","seed":" 61187187","task":"experiment","subjectId":"jpleyd90yfmt57m","trial_type":"external-html","trial_index":47,"time_elapsed":623464,"internal_node_id":"0.0-9.0-0.39"},{"rt":29421,"response":{"P0_Q0":null,"P0_Q1":3,"P0_Q2":2,"P0_Q3":5,"P0_Q4":5,"P0_Q5":2,"strategies":"Try to go through a \"3\" if possible","feedback":""},"accuracy":[],"trial_type":"survey","trial_index":48,"time_elapsed":653476,"internal_node_id":"0.0-10.0"},{"rt":2554,"stimulus":"<p>Thanks for your time!</p>        <p>We need to manually calculate your bonus pay, please give us up to 7 days.</p><p>Press any key to conclude.</p>","response":" ","task":"end","subjectId":"jpleyd90yfmt57m","trial_type":"html-keyboard-response","trial_index":49,"time_elapsed":656032,"internal_node_id":"0.0-11.0","interactions":"[{\"event\":\"fullscreenenter\",\"trial\":1,\"time\":5201},{\"event\":\"blur\",\"trial\":2,\"time\":8241},{\"event\":\"focus\",\"trial\":2,\"time\":8948},{\"event\":\"blur\",\"trial\":4,\"time\":125128},{\"event\":\"focus\",\"trial\":4,\"time\":125128},{\"event\":\"fullscreenexit\",\"trial\":4,\"time\":125136},{\"event\":\"blur\",\"trial\":4,\"time\":132497},{\"event\":\"focus\",\"trial\":4,\"time\":132497}]"}]