[{"success":true,"timeout":false,"failed_images":[],"failed_audio":[],"failed_video":[],"trial_type":"preload","trial_index":0,"time_elapsed":569,"internal_node_id":"0.0-0.0"},{"success":true,"trial_type":"fullscreen","trial_index":1,"time_elapsed":2779,"internal_node_id":"0.0-1.0"},{"rt":3674,"stimulus":"Welcome to the experiment. Press any key to begin.","response":" ","trial_type":"html-keyboard-response","trial_index":2,"time_elapsed":6454,"internal_node_id":"0.0-2.0"},{"view_history":[{"page_index":0,"viewing_time":5747},{"page_index":1,"viewing_time":4720},{"page_index":2,"viewing_time":30048},{"page_index":3,"viewing_time":3331},{"page_index":4,"viewing_time":2766},{"page_index":5,"viewing_time":1137},{"page_index":6,"viewing_time":2171},{"page_index":7,"viewing_time":8128},{"page_index":8,"viewing_time":17927},{"page_index":9,"viewing_time":18989},{"page_index":10,"viewing_time":2139},{"page_index":11,"viewing_time":744},{"page_index":12,"viewing_time":795},{"page_index":13,"viewing_time":1696},{"page_index":14,"viewing_time":3186},{"page_index":15,"viewing_time":6256},{"page_index":16,"viewing_time":1290},{"page_index":17,"viewing_time":677},{"page_index":18,"viewing_time":1952},{"page_index":19,"viewing_time":7455},{"page_index":20,"viewing_time":7968},{"page_index":21,"viewing_time":4209}],"rt":133331,"trial_type":"instructions","trial_index":3,"time_elapsed":139785,"internal_node_id":"0.0-3.0"},{"rt":83192,"url":"../static/nodeGraphsTraining.html","edgeClickLog":[],"trial_type":"external-html","trial_index":4,"time_elapsed":223049,"internal_node_id":"0.0-4.0"},{"rt":26127,"response":{"q1":"The goal is to help the student to get the most points","q2":"False","q3":"Possible paths the student can take.","q4":"Paths that the student took before."},"question_order":[0,1,2,3],"trial_type":"survey-multi-choice","trial_index":5,"time_elapsed":249178,"internal_node_id":"0.0-5.0"},{"rt":9991,"stimulus":"<p>You can take a 60 second break before starting the experiment.</p><br><br><p>This page will advance in 60 seconds or you can press any key to advance now.</p>","response":"arrowright","trial_type":"html-keyboard-response","trial_index":6,"time_elapsed":259171,"internal_node_id":"0.0-7.0"},{"view_history":[{"page_index":0,"viewing_time":17149}],"rt":17149,"trial_type":"instructions","trial_index":7,"time_elapsed":276320,"internal_node_id":"0.0-8.0"},{"rt":47910,"url":"../static/nodeGraphs.html","edge":"0to2","edgeRT":"46587","flipped":"FALSE","correct_edge":"3to5","index":"18","edgeClickLog":"[{\"edgeSelection\":\"0to2\",\"edgeRTMS\":46587}]","seed":" 22181670","task":"experiment","subjectId":"ytj5qfj1622vf7f","trial_type":"external-html","trial_index":8,"time_elapsed":324284,"internal_node_id":"0.0-9.0-0.0"},{"rt":35264,"url":"../static/nodeGraphs.html","edge":"0to2","edgeRT":"33934","flipped":"FALSE","correct_edge":"0to2","index":"8","edgeClickLog":"[{\"edgeSelection\":\"0to2\",\"edgeRTMS\":33934}]","seed":" 8396978","task":"experiment","subjectId":"ytj5qfj1622vf7f","trial_type":"external-html","trial_index":9,"time_elapsed":360108,"internal_node_id":"0.0-9.0-0.1"},{"rt":50949,"url":"../static/nodeGraphs.html","edge":"0to3","edgeRT":"48363","flipped":"FALSE","correct_edge":"4to7","index":"6","edgeClickLog":"[{\"edgeSelection\":\"0to3\",\"edgeRTMS\":48363}]","seed":" 13523788","task":"experiment","subjectId":"ytj5qfj1622vf7f","trial_type":"external-html","trial_index":10,"time_elapsed":411619,"internal_node_id":"0.0-9.0-0.2"},{"rt":56997,"url":"../static/nodeGraphs.html","edge":"1to4","edgeRT":"55008","flipped":"FALSE","correct_edge":"0to2","index":"14","edgeClickLog":"[{\"edgeSelection\":\"1to4\",\"edgeRTMS\":55008}]","seed":" 21083760","task":"experiment","subjectId":"ytj5qfj1622vf7f","trial_type":"external-html","trial_index":11,"time_elapsed":469198,"internal_node_id":"0.0-9.0-0.3"},{"rt":27469,"url":"../static/nodeGraphs.html","edge":"0to1","edgeRT":"25590","flipped":"FALSE","correct_edge":"0to2","index":"7","edgeClickLog":"[{\"edgeSelection\":\"0to1\",\"edgeRTMS\":25590}]","seed":" 85614324","task":"experiment","subjectId":"ytj5qfj1622vf7f","trial_type":"external-html","trial_index":12,"time_elapsed":497224,"internal_node_id":"0.0-9.0-0.4"},{"rt":37502,"url":"../static/nodeGraphs.html","edge":"5to7","edgeRT":"36360","flipped":"FALSE","correct_edge":"0to3","index":"9","edgeClickLog":"[{\"edgeSelection\":\"5to7\",\"edgeRTMS\":36310},{\"edgeSelection\":\"5to7\",\"edgeRTMS\":36360}]","seed":" 61187187","task":"experiment","subjectId":"ytj5qfj1622vf7f","trial_type":"external-html","trial_index":13,"time_elapsed":535340,"internal_node_id":"0.0-9.0-0.5"},{"rt":18923,"url":"../static/nodeGraphs.html","edge":"5to7","edgeRT":"17573","flipped":"TRUE","correct_edge":"0to1","index":"32","edgeClickLog":"[{\"edgeSelection\":\"5to7\",\"edgeRTMS\":17573}]","seed":" 36895371","task":"experiment","subjectId":"ytj5qfj1622vf7f","trial_type":"external-html","trial_index":14,"time_elapsed":554829,"internal_node_id":"0.0-9.0-0.6"},{"rt":34397,"url":"../static/nodeGraphs.html","edge":"3to6","edgeRT":"17812","flipped":"TRUE","correct_edge":"0to2","index":"28","edgeClickLog":"[{\"edgeSelection\":\"3to6\",\"edgeRTMS\":17812}]","seed":" 8396978","task":"experiment","subjectId":"ytj5qfj1622vf7f","trial_type":"external-html","trial_index":15,"time_elapsed":589795,"internal_node_id":"0.0-9.0-0.7"},{"rt":24715,"url":"../static/nodeGraphs.html","edge":"3to6","edgeRT":"22390","flipped":"TRUE","correct_edge":"3to6","index":"22","edgeClickLog":"[{\"edgeSelection\":\"3to6\",\"edgeRTMS\":22390}]","seed":" 22809663","task":"experiment","subjectId":"ytj5qfj1622vf7f","trial_type":"external-html","trial_index":16,"time_elapsed":615067,"internal_node_id":"0.0-9.0-0.8"},{"rt":34055,"url":"../static/nodeGraphs.html","edge":"0to3","edgeRT":"32683","flipped":"FALSE","correct_edge":"0to2","index":"17","edgeClickLog":"[{\"edgeSelection\":\"0to3\",\"edgeRTMS\":32683}]","seed":" 21211189","task":"experiment","subjectId":"ytj5qfj1622vf7f","trial_type":"external-html","trial_index":17,"time_elapsed":649700,"internal_node_id":"0.0-9.0-0.9"},{"rt":17123,"url":"../static/nodeGraphs.html","edge":"5to8","edgeRT":"16053","flipped":"FALSE","correct_edge":"5to8","index":"3","edgeClickLog":"[{\"edgeSelection\":\"5to8\",\"edgeRTMS\":16053}]","seed":" 46003743","task":"experiment","subjectId":"ytj5qfj1622vf7f","trial_type":"external-html","trial_index":18,"time_elapsed":667380,"internal_node_id":"0.0-9.0-0.10"},{"rt":18518,"url":"../static/nodeGraphs.html","edge":"6to8","edgeRT":"15183","flipped":"TRUE","correct_edge":"6to8","index":"21","edgeClickLog":"[{\"edgeSelection\":\"6to8\",\"edgeRTMS\":15183}]","seed":" 32816305","task":"experiment","subjectId":"ytj5qfj1622vf7f","trial_type":"external-html","trial_index":19,"time_elapsed":686476,"internal_node_id":"0.0-9.0-0.11"},{"rt":16313,"url":"../static/nodeGraphs.html","edge":"2to4","edgeRT":"11737","flipped":"FALSE","correct_edge":"2to4","index":"4","edgeClickLog":"[{\"edgeSelection\":\"2to4\",\"edgeRTMS\":11737}]","seed":" 36501291","task":"experiment","subjectId":"ytj5qfj1622vf7f","trial_type":"external-html","trial_index":20,"time_elapsed":703357,"internal_node_id":"0.0-9.0-0.12"},{"rt":37554,"url":"../static/nodeGraphs.html","edge":"0to1","edgeRT":"36226","flipped":"FALSE","correct_edge":"0to1","index":"0","edgeClickLog":"[{\"edgeSelection\":\"0to1\",\"edgeRTMS\":36226}]","seed":" 21745736","task":"experiment","subjectId":"ytj5qfj1622vf7f","trial_type":"external-html","trial_index":21,"time_elapsed":741477,"internal_node_id":"0.0-9.0-0.13"},{"rt":28570,"url":"../static/nodeGraphs.html","edge":"2to6","edgeRT":"27226","flipped":"FALSE","correct_edge":"0to2","index":"13","edgeClickLog":"[{\"edgeSelection\":\"2to6\",\"edgeRTMS\":27226}]","seed":" 49587019","task":"experiment","subjectId":"ytj5qfj1622vf7f","trial_type":"external-html","trial_index":22,"time_elapsed":770611,"internal_node_id":"0.0-9.0-0.14"},{"rt":63410,"url":"../static/nodeGraphs.html","edge":"0to2","edgeRT":"61483","flipped":"TRUE","correct_edge":"0to2","index":"30","edgeClickLog":"[{\"edgeSelection\":\"0to2\",\"edgeRTMS\":61483}]","seed":" 39688702","task":"experiment","subjectId":"ytj5qfj1622vf7f","trial_type":"external-html","trial_index":23,"time_elapsed":834583,"internal_node_id":"0.0-9.0-0.15"},{"rt":26543,"url":"../static/nodeGraphs.html","edge":"2to6","edgeRT":"25546","flipped":"FALSE","correct_edge":"2to6","index":"15","edgeClickLog":"[{\"edgeSelection\":\"2to6\",\"edgeRTMS\":25546}]","seed":" 53220770","task":"experiment","subjectId":"ytj5qfj1622vf7f","trial_type":"external-html","trial_index":24,"time_elapsed":861691,"internal_node_id":"0.0-9.0-0.16"},{"rt":17182,"url":"../static/nodeGraphs.html","edge":"1to5","edgeRT":"15583","flipped":"TRUE","correct_edge":"1to5","index":"38","edgeClickLog":"[{\"edgeSelection\":\"1to5\",\"edgeRTMS\":15583}]","seed":" 22181670","task":"experiment","subjectId":"ytj5qfj1622vf7f","trial_type":"external-html","trial_index":25,"time_elapsed":879443,"internal_node_id":"0.0-9.0-0.17"},{"rt":10367,"url":"../static/nodeGraphs.html","edge":"0to1","edgeRT":"9245","flipped":"FALSE","correct_edge":"0to2","index":"10","edgeClickLog":"[{\"edgeSelection\":\"0to1\",\"edgeRTMS\":9245}]","seed":" 39688702","task":"experiment","subjectId":"ytj5qfj1622vf7f","trial_type":"external-html","trial_index":26,"time_elapsed":890375,"internal_node_id":"0.0-9.0-0.18"},{"rt":11171,"url":"../static/nodeGraphs.html","edge":"0to3","edgeRT":"10215","flipped":"TRUE","correct_edge":"0to3","index":"20","edgeClickLog":"[{\"edgeSelection\":\"0to3\",\"edgeRTMS\":10215}]","seed":" 21745736","task":"experiment","subjectId":"ytj5qfj1622vf7f","trial_type":"external-html","trial_index":27,"time_elapsed":902108,"internal_node_id":"0.0-9.0-0.19"},{"rt":23516,"url":"../static/nodeGraphs.html","edge":"3to5","edgeRT":"22086","flipped":"FALSE","correct_edge":"5to9","index":"16","edgeClickLog":"[{\"edgeSelection\":\"3to5\",\"edgeRTMS\":22086}]","seed":" 5655743","task":"experiment","subjectId":"ytj5qfj1622vf7f","trial_type":"external-html","trial_index":28,"time_elapsed":926179,"internal_node_id":"0.0-9.0-0.20"},{"rt":12548,"url":"../static/nodeGraphs.html","edge":"6to9","edgeRT":"11628","flipped":"TRUE","correct_edge":"6to9","index":"26","edgeClickLog":"[{\"edgeSelection\":\"6to9\",\"edgeRTMS\":11628}]","seed":" 13523788","task":"experiment","subjectId":"ytj5qfj1622vf7f","trial_type":"external-html","trial_index":29,"time_elapsed":939296,"internal_node_id":"0.0-9.0-0.21"},{"rt":9325,"url":"../static/nodeGraphs.html","edge":"0to1","edgeRT":"8069","flipped":"TRUE","correct_edge":"2to4","index":"35","edgeClickLog":"[{\"edgeSelection\":\"0to1\",\"edgeRTMS\":8069}]","seed":" 53220770","task":"experiment","subjectId":"ytj5qfj1622vf7f","trial_type":"external-html","trial_index":30,"time_elapsed":949192,"internal_node_id":"0.0-9.0-0.22"},{"rt":8489,"url":"../static/nodeGraphs.html","edge":"0to3","edgeRT":"7265","flipped":"TRUE","correct_edge":"5to8","index":"23","edgeClickLog":"[{\"edgeSelection\":\"0to3\",\"edgeRTMS\":7265}]","seed":" 46003743","task":"experiment","subjectId":"ytj5qfj1622vf7f","trial_type":"external-html","trial_index":31,"time_elapsed":958235,"internal_node_id":"0.0-9.0-0.23"},{"rt":10203,"url":"../static/nodeGraphs.html","edge":"0to2","edgeRT":"9161","flipped":"TRUE","correct_edge":"0to2","index":"31","edgeClickLog":"[{\"edgeSelection\":\"0to2\",\"edgeRTMS\":9161}]","seed":" 63833578","task":"experiment","subjectId":"ytj5qfj1622vf7f","trial_type":"external-html","trial_index":32,"time_elapsed":969010,"internal_node_id":"0.0-9.0-0.24"},{"rt":14758,"url":"../static/nodeGraphs.html","edge":"2to4","edgeRT":"12989","flipped":"FALSE","correct_edge":"2to4","index":"5","edgeClickLog":"[{\"edgeSelection\":\"2to4\",\"edgeRTMS\":12989}]","seed":" 10409262","task":"experiment","subjectId":"ytj5qfj1622vf7f","trial_type":"external-html","trial_index":33,"time_elapsed":984349,"internal_node_id":"0.0-9.0-0.25"},{"rt":11280,"url":"../static/nodeGraphs.html","edge":"0to3","edgeRT":"4407","flipped":"TRUE","correct_edge":"0to3","index":"39","edgeClickLog":"[{\"edgeSelection\":\"0to3\",\"edgeRTMS\":4407}]","seed":" 37422119","task":"experiment","subjectId":"ytj5qfj1622vf7f","trial_type":"external-html","trial_index":34,"time_elapsed":996204,"internal_node_id":"0.0-9.0-0.26"},{"rt":7397,"url":"../static/nodeGraphs.html","edge":"0to2","edgeRT":"6155","flipped":"TRUE","correct_edge":"0to2","index":"37","edgeClickLog":"[{\"edgeSelection\":\"0to2\",\"edgeRTMS\":6155}]","seed":" 21211189","task":"experiment","subjectId":"ytj5qfj1622vf7f","trial_type":"external-html","trial_index":35,"time_elapsed":1004179,"internal_node_id":"0.0-9.0-0.27"},{"rt":10141,"url":"../static/nodeGraphs.html","edge":"0to2","edgeRT":"5916","flipped":"TRUE","correct_edge":"0to2","index":"33","edgeClickLog":"[{\"edgeSelection\":\"0to2\",\"edgeRTMS\":5916}]","seed":" 49587019","task":"experiment","subjectId":"ytj5qfj1622vf7f","trial_type":"external-html","trial_index":36,"time_elapsed":1014887,"internal_node_id":"0.0-9.0-0.28"},{"rt":9865,"url":"../static/nodeGraphs.html","edge":"4to8","edgeRT":"7866","flipped":"FALSE","correct_edge":"4to8","index":"1","edgeClickLog":"[{\"edgeSelection\":\"4to8\",\"edgeRTMS\":7866}]","seed":" 32816305","task":"experiment","subjectId":"ytj5qfj1622vf7f","trial_type":"external-html","trial_index":37,"time_elapsed":1025342,"internal_node_id":"0.0-9.0-0.29"},{"rt":12217,"url":"../static/nodeGraphs.html","edge":"2to6","edgeRT":"10903","flipped":"TRUE","correct_edge":"2to6","index":"24","edgeClickLog":"[{\"edgeSelection\":\"2to6\",\"edgeRTMS\":10903}]","seed":" 36501291","task":"experiment","subjectId":"ytj5qfj1622vf7f","trial_type":"external-html","trial_index":38,"time_elapsed":1038118,"internal_node_id":"0.0-9.0-0.30"},{"rt":14582,"url":"../static/nodeGraphs.html","edge":"1to5","edgeRT":"12598","flipped":"TRUE","correct_edge":"0to2","index":"34","edgeClickLog":"[{\"edgeSelection\":\"1to5\",\"edgeRTMS\":12598}]","seed":" 21083760","task":"experiment","subjectId":"ytj5qfj1622vf7f","trial_type":"external-html","trial_index":39,"time_elapsed":1053261,"internal_node_id":"0.0-9.0-0.31"},{"rt":9560,"url":"../static/nodeGraphs.html","edge":"1to5","edgeRT":"7827","flipped":"TRUE","correct_edge":"5to7","index":"36","edgeClickLog":"[{\"edgeSelection\":\"2to4\",\"edgeRTMS\":6932},{\"edgeSelection\":\"1to5\",\"edgeRTMS\":7827}]","seed":" 5655743","task":"experiment","subjectId":"ytj5qfj1622vf7f","trial_type":"external-html","trial_index":40,"time_elapsed":1063383,"internal_node_id":"0.0-9.0-0.32"},{"rt":13572,"url":"../static/nodeGraphs.html","edge":"0to3","edgeRT":"12225","flipped":"TRUE","correct_edge":"0to2","index":"27","edgeClickLog":"[{\"edgeSelection\":\"0to3\",\"edgeRTMS\":12225}]","seed":" 85614324","task":"experiment","subjectId":"ytj5qfj1622vf7f","trial_type":"external-html","trial_index":41,"time_elapsed":1077525,"internal_node_id":"0.0-9.0-0.33"},{"rt":55275,"url":"../static/nodeGraphs.html","edge":"0to1","edgeRT":"54068","flipped":"FALSE","correct_edge":"0to1","index":"19","edgeClickLog":"[{\"edgeSelection\":\"0to1\",\"edgeRTMS\":54068}]","seed":" 37422119","task":"experiment","subjectId":"ytj5qfj1622vf7f","trial_type":"external-html","trial_index":42,"time_elapsed":1133389,"internal_node_id":"0.0-9.0-0.34"},{"rt":13594,"url":"../static/nodeGraphs.html","edge":"2to6","edgeRT":"11251","flipped":"TRUE","correct_edge":"2to6","index":"25","edgeClickLog":"[{\"edgeSelection\":\"2to6\",\"edgeRTMS\":11251}]","seed":" 10409262","task":"experiment","subjectId":"ytj5qfj1622vf7f","trial_type":"external-html","trial_index":43,"time_elapsed":1147660,"internal_node_id":"0.0-9.0-0.35"},{"rt":10262,"url":"../static/nodeGraphs.html","edge":"5to9","edgeRT":"9178","flipped":"TRUE","correct_edge":"0to1","index":"29","edgeClickLog":"[{\"edgeSelection\":\"5to9\",\"edgeRTMS\":9178}]","seed":" 61187187","task":"experiment","subjectId":"ytj5qfj1622vf7f","trial_type":"external-html","trial_index":44,"time_elapsed":1158541,"internal_node_id":"0.0-9.0-0.36"},{"rt":20329,"url":"../static/nodeGraphs.html","edge":"0to2","edgeRT":"19178","flipped":"FALSE","correct_edge":"0to2","index":"11","edgeClickLog":"[{\"edgeSelection\":\"0to2\",\"edgeRTMS\":19178}]","seed":" 63833578","task":"experiment","subjectId":"ytj5qfj1622vf7f","trial_type":"external-html","trial_index":45,"time_elapsed":1179436,"internal_node_id":"0.0-9.0-0.37"},{"rt":9721,"url":"../static/nodeGraphs.html","edge":"5to9","edgeRT":"8787","flipped":"FALSE","correct_edge":"0to3","index":"12","edgeClickLog":"[{\"edgeSelection\":\"5to9\",\"edgeRTMS\":8787}]","seed":" 36895371","task":"experiment","subjectId":"ytj5qfj1622vf7f","trial_type":"external-html","trial_index":46,"time_elapsed":1189756,"internal_node_id":"0.0-9.0-0.38"},{"rt":8334,"url":"../static/nodeGraphs.html","edge":"1to4","edgeRT":"7527","flipped":"FALSE","correct_edge":"1to4","index":"2","edgeClickLog":"[{\"edgeSelection\":\"1to4\",\"edgeRTMS\":7527}]","seed":" 22809663","task":"experiment","subjectId":"ytj5qfj1622vf7f","trial_type":"external-html","trial_index":47,"time_elapsed":1198661,"internal_node_id":"0.0-9.0-0.39"},{"rt":40086,"response":{"P0_Q0":null,"P0_Q1":5,"P0_Q2":6,"P0_Q3":4,"P0_Q4":5,"P0_Q5":6,"strategies":"choosing the path with the most potential points.","feedback":""},"accuracy":[],"trial_type":"survey","trial_index":48,"time_elapsed":1239306,"internal_node_id":"0.0-10.0"},{"rt":3802,"stimulus":"<p>Thanks for your time!</p>        <p>We need to manually calculate your bonus pay, please give us up to 7 days.</p><p>Press any key to conclude.</p>","response":" ","task":"end","subjectId":"ytj5qfj1622vf7f","trial_type":"html-keyboard-response","trial_index":49,"time_elapsed":1243110,"internal_node_id":"0.0-11.0","interactions":"[{\"event\":\"fullscreenenter\",\"trial\":1,\"time\":2037},{\"event\":\"blur\",\"trial\":23,\"time\":810240},{\"event\":\"focus\",\"trial\":23,\"time\":817869}]"}]