[{"success":true,"timeout":false,"failed_images":[],"failed_audio":[],"failed_video":[],"trial_type":"preload","trial_index":0,"time_elapsed":2117,"internal_node_id":"0.0-0.0"},{"success":true,"trial_type":"fullscreen","trial_index":1,"time_elapsed":8042,"internal_node_id":"0.0-1.0"},{"rt":6725,"stimulus":"Welcome to the experiment. Press any key to begin.","response":" ","trial_type":"html-keyboard-response","trial_index":2,"time_elapsed":14770,"internal_node_id":"0.0-2.0"},{"view_history":[{"page_index":0,"viewing_time":5858},{"page_index":1,"viewing_time":8452},{"page_index":2,"viewing_time":28986},{"page_index":3,"viewing_time":3756},{"page_index":4,"viewing_time":2735},{"page_index":5,"viewing_time":1048},{"page_index":6,"viewing_time":2849},{"page_index":7,"viewing_time":9977},{"page_index":8,"viewing_time":15926},{"page_index":9,"viewing_time":12382},{"page_index":10,"viewing_time":1938},{"page_index":11,"viewing_time":894},{"page_index":12,"viewing_time":889},{"page_index":13,"viewing_time":2556},{"page_index":14,"viewing_time":3972},{"page_index":15,"viewing_time":15107},{"page_index":16,"viewing_time":2708},{"page_index":17,"viewing_time":1270},{"page_index":18,"viewing_time":2063},{"page_index":19,"viewing_time":6311},{"page_index":20,"viewing_time":8356},{"page_index":21,"viewing_time":5242}],"rt":143276,"trial_type":"instructions","trial_index":3,"time_elapsed":158048,"internal_node_id":"0.0-3.0"},{"rt":109055,"url":"../static/nodeGraphsTraining.html","edgeClickLog":[],"trial_type":"external-html","trial_index":4,"time_elapsed":267319,"internal_node_id":"0.0-4.0"},{"rt":50131,"response":{"q1":"The goal is to help the student to get the most points","q2":"False","q3":"Possible paths the student can take.","q4":"Paths that the student took before."},"question_order":[0,1,2,3],"trial_type":"survey-multi-choice","trial_index":5,"time_elapsed":317459,"internal_node_id":"0.0-5.0"},{"rt":5258,"stimulus":"<p>You can take a 60 second break before starting the experiment.</p><br><br><p>This page will advance in 60 seconds or you can press any key to advance now.</p>","response":" ","trial_type":"html-keyboard-response","trial_index":6,"time_elapsed":322721,"internal_node_id":"0.0-7.0"},{"view_history":[{"page_index":0,"viewing_time":22583}],"rt":22584,"trial_type":"instructions","trial_index":7,"time_elapsed":345306,"internal_node_id":"0.0-8.0"},{"rt":35203,"url":"../static/nodeGraphs.html","edge":"0to2","edgeRT":"28659","flipped":"FALSE","correct_edge":"3to5","index":"18","edgeClickLog":"[{\"edgeSelection\":\"0to2\",\"edgeRTMS\":14991},{\"edgeSelection\":\"2to5\",\"edgeRTMS\":17266},{\"edgeSelection\":\"0to2\",\"edgeRTMS\":20094},{\"edgeSelection\":\"2to5\",\"edgeRTMS\":26758},{\"edgeSelection\":\"0to2\",\"edgeRTMS\":28659}]","seed":" 22181670","task":"experiment","subjectId":"eqwxqcaw6k2qebk","trial_type":"external-html","trial_index":8,"time_elapsed":380664,"internal_node_id":"0.0-9.0-0.0"},{"rt":17071,"url":"../static/nodeGraphs.html","edge":"4to8","edgeRT":"5924","flipped":"FALSE","correct_edge":"4to8","index":"1","edgeClickLog":"[{\"edgeSelection\":\"4to8\",\"edgeRTMS\":5924}]","seed":" 32816305","task":"experiment","subjectId":"eqwxqcaw6k2qebk","trial_type":"external-html","trial_index":9,"time_elapsed":398396,"internal_node_id":"0.0-9.0-0.1"},{"rt":27485,"url":"../static/nodeGraphs.html","edge":"0to3","edgeRT":"17059","flipped":"FALSE","correct_edge":"4to7","index":"6","edgeClickLog":"[{\"edgeSelection\":\"0to3\",\"edgeRTMS\":10393},{\"edgeSelection\":\"3to5\",\"edgeRTMS\":12592},{\"edgeSelection\":\"0to3\",\"edgeRTMS\":17059}]","seed":" 13523788","task":"experiment","subjectId":"eqwxqcaw6k2qebk","trial_type":"external-html","trial_index":10,"time_elapsed":426553,"internal_node_id":"0.0-9.0-0.2"},{"rt":13471,"url":"../static/nodeGraphs.html","edge":"2to4","edgeRT":"10296","flipped":"FALSE","correct_edge":"2to4","index":"4","edgeClickLog":"[{\"edgeSelection\":\"2to4\",\"edgeRTMS\":8311},{\"edgeSelection\":\"2to4\",\"edgeRTMS\":10296}]","seed":" 36501291","task":"experiment","subjectId":"eqwxqcaw6k2qebk","trial_type":"external-html","trial_index":11,"time_elapsed":442229,"internal_node_id":"0.0-9.0-0.3"},{"rt":10636,"url":"../static/nodeGraphs.html","edge":"0to2","edgeRT":"5348","flipped":"TRUE","correct_edge":"1to5","index":"38","edgeClickLog":"[{\"edgeSelection\":\"0to2\",\"edgeRTMS\":5348}]","seed":" 22181670","task":"experiment","subjectId":"eqwxqcaw6k2qebk","trial_type":"external-html","trial_index":12,"time_elapsed":453509,"internal_node_id":"0.0-9.0-0.4"},{"rt":23407,"url":"../static/nodeGraphs.html","edge":"0to2","edgeRT":"20921","flipped":"TRUE","correct_edge":"0to2","index":"31","edgeClickLog":"[{\"edgeSelection\":\"2to5\",\"edgeRTMS\":16456},{\"edgeSelection\":\"0to2\",\"edgeRTMS\":20921}]","seed":" 63833578","task":"experiment","subjectId":"eqwxqcaw6k2qebk","trial_type":"external-html","trial_index":13,"time_elapsed":477582,"internal_node_id":"0.0-9.0-0.5"},{"rt":8114,"url":"../static/nodeGraphs.html","edge":"0to3","edgeRT":"5235","flipped":"FALSE","correct_edge":"0to3","index":"9","edgeClickLog":"[{\"edgeSelection\":\"0to3\",\"edgeRTMS\":5235}]","seed":" 61187187","task":"experiment","subjectId":"eqwxqcaw6k2qebk","trial_type":"external-html","trial_index":14,"time_elapsed":486353,"internal_node_id":"0.0-9.0-0.6"},{"rt":12922,"url":"../static/nodeGraphs.html","edge":"0to2","edgeRT":"10617","flipped":"TRUE","correct_edge":"0to2","index":"27","edgeClickLog":"[{\"edgeSelection\":\"0to3\",\"edgeRTMS\":5150},{\"edgeSelection\":\"0to2\",\"edgeRTMS\":10617}]","seed":" 85614324","task":"experiment","subjectId":"eqwxqcaw6k2qebk","trial_type":"external-html","trial_index":15,"time_elapsed":499931,"internal_node_id":"0.0-9.0-0.7"},{"rt":9677,"url":"../static/nodeGraphs.html","edge":"0to1","edgeRT":"7184","flipped":"TRUE","correct_edge":"0to1","index":"32","edgeClickLog":"[{\"edgeSelection\":\"0to1\",\"edgeRTMS\":7184}]","seed":" 36895371","task":"experiment","subjectId":"eqwxqcaw6k2qebk","trial_type":"external-html","trial_index":16,"time_elapsed":510261,"internal_node_id":"0.0-9.0-0.8"},{"rt":10475,"url":"../static/nodeGraphs.html","edge":"3to6","edgeRT":"7481","flipped":"TRUE","correct_edge":"0to2","index":"28","edgeClickLog":"[{\"edgeSelection\":\"3to6\",\"edgeRTMS\":7481}]","seed":" 8396978","task":"experiment","subjectId":"eqwxqcaw6k2qebk","trial_type":"external-html","trial_index":17,"time_elapsed":521393,"internal_node_id":"0.0-9.0-0.9"},{"rt":21674,"url":"../static/nodeGraphs.html","edge":"6to8","edgeRT":"18991","flipped":"TRUE","correct_edge":"6to8","index":"21","edgeClickLog":"[{\"edgeSelection\":\"0to3\",\"edgeRTMS\":14971},{\"edgeSelection\":\"6to8\",\"edgeRTMS\":18991}]","seed":" 32816305","task":"experiment","subjectId":"eqwxqcaw6k2qebk","trial_type":"external-html","trial_index":18,"time_elapsed":543725,"internal_node_id":"0.0-9.0-0.10"},{"rt":9410,"url":"../static/nodeGraphs.html","edge":"1to4","edgeRT":"6625","flipped":"FALSE","correct_edge":"1to4","index":"2","edgeClickLog":"[{\"edgeSelection\":\"1to4\",\"edgeRTMS\":6625}]","seed":" 22809663","task":"experiment","subjectId":"eqwxqcaw6k2qebk","trial_type":"external-html","trial_index":19,"time_elapsed":553798,"internal_node_id":"0.0-9.0-0.11"},{"rt":8211,"url":"../static/nodeGraphs.html","edge":"0to1","edgeRT":"5502","flipped":"FALSE","correct_edge":"0to2","index":"14","edgeClickLog":"[{\"edgeSelection\":\"0to1\",\"edgeRTMS\":5502}]","seed":" 21083760","task":"experiment","subjectId":"eqwxqcaw6k2qebk","trial_type":"external-html","trial_index":20,"time_elapsed":562659,"internal_node_id":"0.0-9.0-0.12"},{"rt":5829,"url":"../static/nodeGraphs.html","edge":"0to1","edgeRT":"3877","flipped":"TRUE","correct_edge":"0to1","index":"29","edgeClickLog":"[{\"edgeSelection\":\"0to1\",\"edgeRTMS\":3877}]","seed":" 61187187","task":"experiment","subjectId":"eqwxqcaw6k2qebk","trial_type":"external-html","trial_index":21,"time_elapsed":569147,"internal_node_id":"0.0-9.0-0.13"},{"rt":5767,"url":"../static/nodeGraphs.html","edge":"0to1","edgeRT":"2957","flipped":"TRUE","correct_edge":"2to4","index":"35","edgeClickLog":"[{\"edgeSelection\":\"0to1\",\"edgeRTMS\":2957}]","seed":" 53220770","task":"experiment","subjectId":"eqwxqcaw6k2qebk","trial_type":"external-html","trial_index":22,"time_elapsed":575562,"internal_node_id":"0.0-9.0-0.14"},{"rt":9433,"url":"../static/nodeGraphs.html","edge":"0to3","edgeRT":"7139","flipped":"FALSE","correct_edge":"0to3","index":"12","edgeClickLog":"[{\"edgeSelection\":\"0to3\",\"edgeRTMS\":7139}]","seed":" 36895371","task":"experiment","subjectId":"eqwxqcaw6k2qebk","trial_type":"external-html","trial_index":23,"time_elapsed":585649,"internal_node_id":"0.0-9.0-0.15"},{"rt":6740,"url":"../static/nodeGraphs.html","edge":"0to3","edgeRT":"4584","flipped":"TRUE","correct_edge":"0to2","index":"34","edgeClickLog":"[{\"edgeSelection\":\"0to3\",\"edgeRTMS\":4584}]","seed":" 21083760","task":"experiment","subjectId":"eqwxqcaw6k2qebk","trial_type":"external-html","trial_index":24,"time_elapsed":593048,"internal_node_id":"0.0-9.0-0.16"},{"rt":13481,"url":"../static/nodeGraphs.html","edge":"0to3","edgeRT":"11836","flipped":"TRUE","correct_edge":"0to3","index":"39","edgeClickLog":"[{\"edgeSelection\":\"0to3\",\"edgeRTMS\":4992},{\"edgeSelection\":\"3to6\",\"edgeRTMS\":10104},{\"edgeSelection\":\"0to3\",\"edgeRTMS\":11836}]","seed":" 37422119","task":"experiment","subjectId":"eqwxqcaw6k2qebk","trial_type":"external-html","trial_index":25,"time_elapsed":607194,"internal_node_id":"0.0-9.0-0.17"},{"rt":5992,"url":"../static/nodeGraphs.html","edge":"0to3","edgeRT":"3768","flipped":"FALSE","correct_edge":"0to1","index":"0","edgeClickLog":"[{\"edgeSelection\":\"0to3\",\"edgeRTMS\":3768}]","seed":" 21745736","task":"experiment","subjectId":"eqwxqcaw6k2qebk","trial_type":"external-html","trial_index":26,"time_elapsed":613842,"internal_node_id":"0.0-9.0-0.18"},{"rt":8203,"url":"../static/nodeGraphs.html","edge":"2to4","edgeRT":"6246","flipped":"FALSE","correct_edge":"2to4","index":"5","edgeClickLog":"[{\"edgeSelection\":\"2to4\",\"edgeRTMS\":6246}]","seed":" 10409262","task":"experiment","subjectId":"eqwxqcaw6k2qebk","trial_type":"external-html","trial_index":27,"time_elapsed":622689,"internal_node_id":"0.0-9.0-0.19"},{"rt":8008,"url":"../static/nodeGraphs.html","edge":"0to3","edgeRT":"4939","flipped":"TRUE","correct_edge":"0to3","index":"20","edgeClickLog":"[{\"edgeSelection\":\"0to3\",\"edgeRTMS\":4939}]","seed":" 21745736","task":"experiment","subjectId":"eqwxqcaw6k2qebk","trial_type":"external-html","trial_index":28,"time_elapsed":631355,"internal_node_id":"0.0-9.0-0.20"},{"rt":28189,"url":"../static/nodeGraphs.html","edge":"2to6","edgeRT":"4830","flipped":"TRUE","correct_edge":"2to6","index":"24","edgeClickLog":"[{\"edgeSelection\":\"2to6\",\"edgeRTMS\":4830}]","seed":" 36501291","task":"experiment","subjectId":"eqwxqcaw6k2qebk","trial_type":"external-html","trial_index":29,"time_elapsed":660200,"internal_node_id":"0.0-9.0-0.21"},{"rt":5582,"url":"../static/nodeGraphs.html","edge":"0to2","edgeRT":"2649","flipped":"TRUE","correct_edge":"0to2","index":"37","edgeClickLog":"[{\"edgeSelection\":\"0to2\",\"edgeRTMS\":2649}]","seed":" 21211189","task":"experiment","subjectId":"eqwxqcaw6k2qebk","trial_type":"external-html","trial_index":30,"time_elapsed":666430,"internal_node_id":"0.0-9.0-0.22"},{"rt":23987,"url":"../static/nodeGraphs.html","edge":"0to2","edgeRT":"13027","flipped":"FALSE","correct_edge":"0to2","index":"11","edgeClickLog":"[{\"edgeSelection\":\"2to4\",\"edgeRTMS\":10312},{\"edgeSelection\":\"0to2\",\"edgeRTMS\":13027}]","seed":" 63833578","task":"experiment","subjectId":"eqwxqcaw6k2qebk","trial_type":"external-html","trial_index":31,"time_elapsed":691067,"internal_node_id":"0.0-9.0-0.23"},{"rt":5935,"url":"../static/nodeGraphs.html","edge":"0to1","edgeRT":"2938","flipped":"FALSE","correct_edge":"0to1","index":"19","edgeClickLog":"[{\"edgeSelection\":\"0to1\",\"edgeRTMS\":2938}]","seed":" 37422119","task":"experiment","subjectId":"eqwxqcaw6k2qebk","trial_type":"external-html","trial_index":32,"time_elapsed":697665,"internal_node_id":"0.0-9.0-0.24"},{"rt":9555,"url":"../static/nodeGraphs.html","edge":"5to8","edgeRT":"5387","flipped":"FALSE","correct_edge":"5to8","index":"3","edgeClickLog":"[{\"edgeSelection\":\"5to8\",\"edgeRTMS\":5387}]","seed":" 46003743","task":"experiment","subjectId":"eqwxqcaw6k2qebk","trial_type":"external-html","trial_index":33,"time_elapsed":707877,"internal_node_id":"0.0-9.0-0.25"},{"rt":6733,"url":"../static/nodeGraphs.html","edge":"0to2","edgeRT":"3837","flipped":"FALSE","correct_edge":"0to2","index":"17","edgeClickLog":"[{\"edgeSelection\":\"0to2\",\"edgeRTMS\":3837}]","seed":" 21211189","task":"experiment","subjectId":"eqwxqcaw6k2qebk","trial_type":"external-html","trial_index":34,"time_elapsed":715266,"internal_node_id":"0.0-9.0-0.26"},{"rt":5546,"url":"../static/nodeGraphs.html","edge":"3to6","edgeRT":"3421","flipped":"TRUE","correct_edge":"3to6","index":"22","edgeClickLog":"[{\"edgeSelection\":\"3to6\",\"edgeRTMS\":3421}]","seed":" 22809663","task":"experiment","subjectId":"eqwxqcaw6k2qebk","trial_type":"external-html","trial_index":35,"time_elapsed":721473,"internal_node_id":"0.0-9.0-0.27"},{"rt":7792,"url":"../static/nodeGraphs.html","edge":"1to4","edgeRT":"3458","flipped":"FALSE","correct_edge":"0to2","index":"8","edgeClickLog":"[{\"edgeSelection\":\"1to4\",\"edgeRTMS\":3458}]","seed":" 8396978","task":"experiment","subjectId":"eqwxqcaw6k2qebk","trial_type":"external-html","trial_index":36,"time_elapsed":729917,"internal_node_id":"0.0-9.0-0.28"},{"rt":5648,"url":"../static/nodeGraphs.html","edge":"0to2","edgeRT":"3419","flipped":"FALSE","correct_edge":"0to2","index":"7","edgeClickLog":"[{\"edgeSelection\":\"0to2\",\"edgeRTMS\":3419}]","seed":" 85614324","task":"experiment","subjectId":"eqwxqcaw6k2qebk","trial_type":"external-html","trial_index":37,"time_elapsed":736215,"internal_node_id":"0.0-9.0-0.29"},{"rt":9108,"url":"../static/nodeGraphs.html","edge":"5to8","edgeRT":"3890","flipped":"TRUE","correct_edge":"5to8","index":"23","edgeClickLog":"[{\"edgeSelection\":\"5to8\",\"edgeRTMS\":3890}]","seed":" 46003743","task":"experiment","subjectId":"eqwxqcaw6k2qebk","trial_type":"external-html","trial_index":38,"time_elapsed":745989,"internal_node_id":"0.0-9.0-0.30"},{"rt":4988,"url":"../static/nodeGraphs.html","edge":"0to3","edgeRT":"2989","flipped":"FALSE","correct_edge":"2to6","index":"15","edgeClickLog":"[{\"edgeSelection\":\"0to3\",\"edgeRTMS\":2989}]","seed":" 53220770","task":"experiment","subjectId":"eqwxqcaw6k2qebk","trial_type":"external-html","trial_index":39,"time_elapsed":751633,"internal_node_id":"0.0-9.0-0.31"},{"rt":18143,"url":"../static/nodeGraphs.html","edge":"2to6","edgeRT":"15830","flipped":"TRUE","correct_edge":"2to6","index":"25","edgeClickLog":"[{\"edgeSelection\":\"5to8\",\"edgeRTMS\":8925},{\"edgeSelection\":\"2to6\",\"edgeRTMS\":15830}]","seed":" 10409262","task":"experiment","subjectId":"eqwxqcaw6k2qebk","trial_type":"external-html","trial_index":40,"time_elapsed":770432,"internal_node_id":"0.0-9.0-0.32"},{"rt":13435,"url":"../static/nodeGraphs.html","edge":"0to3","edgeRT":"11389","flipped":"TRUE","correct_edge":"0to2","index":"30","edgeClickLog":"[{\"edgeSelection\":\"0to3\",\"edgeRTMS\":11389}]","seed":" 39688702","task":"experiment","subjectId":"eqwxqcaw6k2qebk","trial_type":"external-html","trial_index":41,"time_elapsed":784521,"internal_node_id":"0.0-9.0-0.33"},{"rt":13285,"url":"../static/nodeGraphs.html","edge":"0to1","edgeRT":"10248","flipped":"FALSE","correct_edge":"0to2","index":"10","edgeClickLog":"[{\"edgeSelection\":\"0to1\",\"edgeRTMS\":10248}]","seed":" 39688702","task":"experiment","subjectId":"eqwxqcaw6k2qebk","trial_type":"external-html","trial_index":42,"time_elapsed":798459,"internal_node_id":"0.0-9.0-0.34"},{"rt":33480,"url":"../static/nodeGraphs.html","edge":"3to5","edgeRT":"24353","flipped":"FALSE","correct_edge":"5to9","index":"16","edgeClickLog":"[{\"edgeSelection\":\"0to1\",\"edgeRTMS\":19865},{\"edgeSelection\":\"3to5\",\"edgeRTMS\":24353}]","seed":" 5655743","task":"experiment","subjectId":"eqwxqcaw6k2qebk","trial_type":"external-html","trial_index":43,"time_elapsed":832596,"internal_node_id":"0.0-9.0-0.35"},{"rt":20899,"url":"../static/nodeGraphs.html","edge":"1to5","edgeRT":"11737","flipped":"TRUE","correct_edge":"5to7","index":"36","edgeClickLog":"[{\"edgeSelection\":\"1to5\",\"edgeRTMS\":11737}]","seed":" 5655743","task":"experiment","subjectId":"eqwxqcaw6k2qebk","trial_type":"external-html","trial_index":44,"time_elapsed":854152,"internal_node_id":"0.0-9.0-0.36"},{"rt":10064,"url":"../static/nodeGraphs.html","edge":"0to2","edgeRT":"7585","flipped":"TRUE","correct_edge":"0to2","index":"33","edgeClickLog":"[{\"edgeSelection\":\"0to2\",\"edgeRTMS\":7585}]","seed":" 49587019","task":"experiment","subjectId":"eqwxqcaw6k2qebk","trial_type":"external-html","trial_index":45,"time_elapsed":864876,"internal_node_id":"0.0-9.0-0.37"},{"rt":13019,"url":"../static/nodeGraphs.html","edge":"0to1","edgeRT":"9597","flipped":"TRUE","correct_edge":"6to9","index":"26","edgeClickLog":"[{\"edgeSelection\":\"0to1\",\"edgeRTMS\":9597}]","seed":" 13523788","task":"experiment","subjectId":"eqwxqcaw6k2qebk","trial_type":"external-html","trial_index":46,"time_elapsed":878545,"internal_node_id":"0.0-9.0-0.38"},{"rt":14642,"url":"../static/nodeGraphs.html","edge":"0to2","edgeRT":"10089","flipped":"FALSE","correct_edge":"0to2","index":"13","edgeClickLog":"[{\"edgeSelection\":\"0to2\",\"edgeRTMS\":10089}]","seed":" 49587019","task":"experiment","subjectId":"eqwxqcaw6k2qebk","trial_type":"external-html","trial_index":47,"time_elapsed":893843,"internal_node_id":"0.0-9.0-0.39"},{"rt":54230,"response":{"P0_Q0":null,"P0_Q1":3,"P0_Q2":4,"P0_Q3":7,"P0_Q4":3,"P0_Q5":3,"strategies":"The path that had potential to earn the student the most points.","feedback":"n/a"},"accuracy":[],"trial_type":"survey","trial_index":48,"time_elapsed":948647,"internal_node_id":"0.0-10.0"},{"rt":4659,"stimulus":"<p>Thanks for your time!</p>        <p>We need to manually calculate your bonus pay, please give us up to 7 days.</p><p>Press any key to conclude.</p>","response":" ","task":"end","subjectId":"eqwxqcaw6k2qebk","trial_type":"html-keyboard-response","trial_index":49,"time_elapsed":953308,"internal_node_id":"0.0-11.0","interactions":"[{\"event\":\"fullscreenenter\",\"trial\":1,\"time\":7061}]"}]