[{"success":true,"timeout":false,"failed_images":[],"failed_audio":[],"failed_video":[],"trial_type":"preload","trial_index":0,"time_elapsed":40852,"internal_node_id":"0.0-0.0"},{"success":true,"trial_type":"fullscreen","trial_index":1,"time_elapsed":187599,"internal_node_id":"0.0-1.0"},{"rt":4974,"stimulus":"Welcome to the experiment. Press any key to begin.","response":" ","trial_type":"html-keyboard-response","trial_index":2,"time_elapsed":192576,"internal_node_id":"0.0-2.0"},{"view_history":[{"page_index":0,"viewing_time":17549},{"page_index":1,"viewing_time":9636},{"page_index":2,"viewing_time":56396},{"page_index":3,"viewing_time":8961},{"page_index":4,"viewing_time":3935},{"page_index":5,"viewing_time":1369},{"page_index":6,"viewing_time":6000},{"page_index":7,"viewing_time":22890},{"page_index":8,"viewing_time":26822},{"page_index":9,"viewing_time":16504},{"page_index":10,"viewing_time":2384},{"page_index":11,"viewing_time":895},{"page_index":12,"viewing_time":928},{"page_index":13,"viewing_time":2873},{"page_index":14,"viewing_time":6296},{"page_index":15,"viewing_time":14552},{"page_index":16,"viewing_time":2935},{"page_index":17,"viewing_time":1473},{"page_index":18,"viewing_time":591},{"page_index":19,"viewing_time":5153},{"page_index":20,"viewing_time":11823},{"page_index":21,"viewing_time":86922}],"rt":306887,"trial_type":"instructions","trial_index":3,"time_elapsed":499464,"internal_node_id":"0.0-3.0"},{"rt":129527,"url":"../static/nodeGraphsTraining.html","edgeClickLog":[],"trial_type":"external-html","trial_index":4,"time_elapsed":637562,"internal_node_id":"0.0-4.0"},{"rt":49974,"response":{"q1":"The goal is to help the student to get the most points","q2":"False","q3":"Possible paths the student can take.","q4":"Paths that the student took before."},"question_order":[0,1,2,3],"trial_type":"survey-multi-choice","trial_index":5,"time_elapsed":687542,"internal_node_id":"0.0-5.0"},{"rt":8421,"stimulus":"<p>You can take a 60 second break before starting the experiment.</p><br><br><p>This page will advance in 60 seconds or you can press any key to advance now.</p>","response":"arrowright","trial_type":"html-keyboard-response","trial_index":6,"time_elapsed":695967,"internal_node_id":"0.0-6.0"},{"view_history":[{"page_index":0,"viewing_time":19679}],"rt":19679,"trial_type":"instructions","trial_index":7,"time_elapsed":715650,"internal_node_id":"0.0-7.0"},{"rt":19322,"url":"../static/nodeGraphs.html","edge":"4to8","edgeRT":"14950","flipped":"TRUE","correct_edge":"5to7","index":"36","edgeClickLog":"[{\"edgeSelection\":\"4to8\",\"edgeRTMS\":14950}]","seed":" 5655743","task":"experiment","subjectId":"1xqcanbnfqjagjg","trial_type":"external-html","trial_index":8,"time_elapsed":741739,"internal_node_id":"0.0-8.0-0.0"},{"rt":18222,"url":"../static/nodeGraphs.html","edge":"0to2","edgeRT":"15975","flipped":"TRUE","correct_edge":"0to2","index":"33","edgeClickLog":"[{\"edgeSelection\":\"0to2\",\"edgeRTMS\":15975}]","seed":" 49587019","task":"experiment","subjectId":"1xqcanbnfqjagjg","trial_type":"external-html","trial_index":9,"time_elapsed":766946,"internal_node_id":"0.0-8.0-0.1"},{"rt":32245,"url":"../static/nodeGraphs.html","edge":"0to3","edgeRT":"30779","flipped":"FALSE","correct_edge":"0to3","index":"12","edgeClickLog":"[{\"edgeSelection\":\"0to3\",\"edgeRTMS\":30779}]","seed":" 36895371","task":"experiment","subjectId":"1xqcanbnfqjagjg","trial_type":"external-html","trial_index":10,"time_elapsed":809715,"internal_node_id":"0.0-8.0-0.2"},{"rt":15357,"url":"../static/nodeGraphs.html","edge":"5to7","edgeRT":"12575","flipped":"TRUE","correct_edge":"0to1","index":"32","edgeClickLog":"[{\"edgeSelection\":\"5to7\",\"edgeRTMS\":12575}]","seed":" 36895371","task":"experiment","subjectId":"1xqcanbnfqjagjg","trial_type":"external-html","trial_index":11,"time_elapsed":833226,"internal_node_id":"0.0-8.0-0.3"},{"rt":22391,"url":"../static/nodeGraphs.html","edge":"5to8","edgeRT":"20583","flipped":"TRUE","correct_edge":"5to8","index":"23","edgeClickLog":"[{\"edgeSelection\":\"5to8\",\"edgeRTMS\":20583}]","seed":" 46003743","task":"experiment","subjectId":"1xqcanbnfqjagjg","trial_type":"external-html","trial_index":12,"time_elapsed":863338,"internal_node_id":"0.0-8.0-0.4"},{"rt":34159,"url":"../static/nodeGraphs.html","edge":"2to4","edgeRT":"29773","flipped":"FALSE","correct_edge":"2to4","index":"4","edgeClickLog":"[{\"edgeSelection\":\"2to4\",\"edgeRTMS\":29773}]","seed":" 36501291","task":"experiment","subjectId":"1xqcanbnfqjagjg","trial_type":"external-html","trial_index":13,"time_elapsed":906771,"internal_node_id":"0.0-8.0-0.5"},{"rt":22633,"url":"../static/nodeGraphs.html","edge":"0to3","edgeRT":"21483","flipped":"TRUE","correct_edge":"0to3","index":"20","edgeClickLog":"[{\"edgeSelection\":\"0to3\",\"edgeRTMS\":21483}]","seed":" 21745736","task":"experiment","subjectId":"1xqcanbnfqjagjg","trial_type":"external-html","trial_index":14,"time_elapsed":935762,"internal_node_id":"0.0-8.0-0.6"},{"rt":16931,"url":"../static/nodeGraphs.html","edge":"0to1","edgeRT":"15143","flipped":"TRUE","correct_edge":"2to4","index":"35","edgeClickLog":"[{\"edgeSelection\":\"0to1\",\"edgeRTMS\":15143}]","seed":" 53220770","task":"experiment","subjectId":"1xqcanbnfqjagjg","trial_type":"external-html","trial_index":15,"time_elapsed":961867,"internal_node_id":"0.0-8.0-0.7"},{"rt":16353,"url":"../static/nodeGraphs.html","edge":"0to3","edgeRT":"14609","flipped":"FALSE","correct_edge":"0to2","index":"13","edgeClickLog":"[{\"edgeSelection\":\"0to3\",\"edgeRTMS\":14609}]","seed":" 49587019","task":"experiment","subjectId":"1xqcanbnfqjagjg","trial_type":"external-html","trial_index":16,"time_elapsed":987890,"internal_node_id":"0.0-8.0-0.8"},{"rt":55695,"url":"../static/nodeGraphs.html","edge":"4to8","edgeRT":"52745","flipped":"FALSE","correct_edge":"0to2","index":"10","edgeClickLog":"[{\"edgeSelection\":\"2to4\",\"edgeRTMS\":46308},{\"edgeSelection\":\"4to8\",\"edgeRTMS\":52745}]","seed":" 39688702","task":"experiment","subjectId":"1xqcanbnfqjagjg","trial_type":"external-html","trial_index":17,"time_elapsed":1054804,"internal_node_id":"0.0-8.0-0.9"},{"rt":9242,"url":"../static/nodeGraphs.html","edge":"2to6","edgeRT":"7861","flipped":"TRUE","correct_edge":"0to2","index":"34","edgeClickLog":"[{\"edgeSelection\":\"2to6\",\"edgeRTMS\":7861}]","seed":" 21083760","task":"experiment","subjectId":"1xqcanbnfqjagjg","trial_type":"external-html","trial_index":18,"time_elapsed":1068283,"internal_node_id":"0.0-8.0-0.10"},{"rt":14106,"url":"../static/nodeGraphs.html","edge":"2to6","edgeRT":"12758","flipped":"TRUE","correct_edge":"0to2","index":"28","edgeClickLog":"[{\"edgeSelection\":\"2to6\",\"edgeRTMS\":12758}]","seed":" 8396978","task":"experiment","subjectId":"1xqcanbnfqjagjg","trial_type":"external-html","trial_index":19,"time_elapsed":1086883,"internal_node_id":"0.0-8.0-0.11"},{"rt":10865,"url":"../static/nodeGraphs.html","edge":"5to8","edgeRT":"9686","flipped":"TRUE","correct_edge":"1to5","index":"38","edgeClickLog":"[{\"edgeSelection\":\"5to8\",\"edgeRTMS\":9686}]","seed":" 22181670","task":"experiment","subjectId":"1xqcanbnfqjagjg","trial_type":"external-html","trial_index":20,"time_elapsed":1101723,"internal_node_id":"0.0-8.0-0.12"},{"rt":13008,"url":"../static/nodeGraphs.html","edge":"5to8","edgeRT":"10927","flipped":"FALSE","correct_edge":"5to8","index":"3","edgeClickLog":"[{\"edgeSelection\":\"5to8\",\"edgeRTMS\":10927}]","seed":" 46003743","task":"experiment","subjectId":"1xqcanbnfqjagjg","trial_type":"external-html","trial_index":21,"time_elapsed":1120339,"internal_node_id":"0.0-8.0-0.13"},{"rt":7070,"url":"../static/nodeGraphs.html","edge":"1to4","edgeRT":"3720","flipped":"FALSE","correct_edge":"1to4","index":"2","edgeClickLog":"[{\"edgeSelection\":\"1to4\",\"edgeRTMS\":3720}]","seed":" 22809663","task":"experiment","subjectId":"1xqcanbnfqjagjg","trial_type":"external-html","trial_index":22,"time_elapsed":1130194,"internal_node_id":"0.0-8.0-0.14"},{"rt":7400,"url":"../static/nodeGraphs.html","edge":"2to6","edgeRT":"2633","flipped":"TRUE","correct_edge":"0to2","index":"31","edgeClickLog":"[{\"edgeSelection\":\"2to6\",\"edgeRTMS\":2633}]","seed":" 63833578","task":"experiment","subjectId":"1xqcanbnfqjagjg","trial_type":"external-html","trial_index":23,"time_elapsed":1141587,"internal_node_id":"0.0-8.0-0.15"},{"rt":3507,"url":"../static/nodeGraphs.html","edge":"4to8","edgeRT":"2402","flipped":"FALSE","correct_edge":"4to8","index":"1","edgeClickLog":"[{\"edgeSelection\":\"4to8\",\"edgeRTMS\":2402}]","seed":" 32816305","task":"experiment","subjectId":"1xqcanbnfqjagjg","trial_type":"external-html","trial_index":24,"time_elapsed":1147290,"internal_node_id":"0.0-8.0-0.16"},{"rt":5948,"url":"../static/nodeGraphs.html","edge":"1to5","edgeRT":"4269","flipped":"FALSE","correct_edge":"5to9","index":"16","edgeClickLog":"[{\"edgeSelection\":\"1to5\",\"edgeRTMS\":4269}]","seed":" 5655743","task":"experiment","subjectId":"1xqcanbnfqjagjg","trial_type":"external-html","trial_index":25,"time_elapsed":1155850,"internal_node_id":"0.0-8.0-0.17"},{"rt":4687,"url":"../static/nodeGraphs.html","edge":"2to6","edgeRT":"3069","flipped":"TRUE","correct_edge":"2to6","index":"24","edgeClickLog":"[{\"edgeSelection\":\"2to6\",\"edgeRTMS\":3069}]","seed":" 36501291","task":"experiment","subjectId":"1xqcanbnfqjagjg","trial_type":"external-html","trial_index":26,"time_elapsed":1163739,"internal_node_id":"0.0-8.0-0.18"},{"rt":12699,"url":"../static/nodeGraphs.html","edge":"3to5","edgeRT":"10944","flipped":"TRUE","correct_edge":"6to9","index":"26","edgeClickLog":"[{\"edgeSelection\":\"3to5\",\"edgeRTMS\":10944}]","seed":" 13523788","task":"experiment","subjectId":"1xqcanbnfqjagjg","trial_type":"external-html","trial_index":27,"time_elapsed":1179611,"internal_node_id":"0.0-8.0-0.19"},{"rt":152136,"url":"../static/nodeGraphs.html","edge":"4to8","edgeRT":"151066","flipped":"TRUE","correct_edge":"0to2","index":"30","edgeClickLog":"[{\"edgeSelection\":\"4to8\",\"edgeRTMS\":151066}]","seed":" 39688702","task":"experiment","subjectId":"1xqcanbnfqjagjg","trial_type":"external-html","trial_index":28,"time_elapsed":1335099,"internal_node_id":"0.0-8.0-0.20"},{"rt":6413,"url":"../static/nodeGraphs.html","edge":"1to5","edgeRT":"5300","flipped":"FALSE","correct_edge":"4to7","index":"6","edgeClickLog":"[{\"edgeSelection\":\"1to5\",\"edgeRTMS\":5300}]","seed":" 13523788","task":"experiment","subjectId":"1xqcanbnfqjagjg","trial_type":"external-html","trial_index":29,"time_elapsed":1345091,"internal_node_id":"0.0-8.0-0.21"},{"rt":5395,"url":"../static/nodeGraphs.html","edge":"2to5","edgeRT":"4178","flipped":"FALSE","correct_edge":"0to2","index":"17","edgeClickLog":"[{\"edgeSelection\":\"2to5\",\"edgeRTMS\":4178}]","seed":" 21211189","task":"experiment","subjectId":"1xqcanbnfqjagjg","trial_type":"external-html","trial_index":30,"time_elapsed":1353460,"internal_node_id":"0.0-8.0-0.22"},{"rt":14121,"url":"../static/nodeGraphs.html","edge":"3to5","edgeRT":"12780","flipped":"TRUE","correct_edge":"0to2","index":"27","edgeClickLog":"[{\"edgeSelection\":\"3to5\",\"edgeRTMS\":12780}]","seed":" 85614324","task":"experiment","subjectId":"1xqcanbnfqjagjg","trial_type":"external-html","trial_index":31,"time_elapsed":1370092,"internal_node_id":"0.0-8.0-0.23"},{"rt":5646,"url":"../static/nodeGraphs.html","edge":"0to1","edgeRT":"4512","flipped":"FALSE","correct_edge":"0to1","index":"0","edgeClickLog":"[{\"edgeSelection\":\"0to1\",\"edgeRTMS\":4512}]","seed":" 21745736","task":"experiment","subjectId":"1xqcanbnfqjagjg","trial_type":"external-html","trial_index":32,"time_elapsed":1380882,"internal_node_id":"0.0-8.0-0.24"},{"rt":6989,"url":"../static/nodeGraphs.html","edge":"2to5","edgeRT":"3888","flipped":"FALSE","correct_edge":"3to5","index":"18","edgeClickLog":"[{\"edgeSelection\":\"2to5\",\"edgeRTMS\":3888}]","seed":" 22181670","task":"experiment","subjectId":"1xqcanbnfqjagjg","trial_type":"external-html","trial_index":33,"time_elapsed":1394755,"internal_node_id":"0.0-8.0-0.25"},{"rt":5189,"url":"../static/nodeGraphs.html","edge":"3to6","edgeRT":"3691","flipped":"FALSE","correct_edge":"0to3","index":"9","edgeClickLog":"[{\"edgeSelection\":\"3to6\",\"edgeRTMS\":3691}]","seed":" 61187187","task":"experiment","subjectId":"1xqcanbnfqjagjg","trial_type":"external-html","trial_index":34,"time_elapsed":1408635,"internal_node_id":"0.0-8.0-0.26"},{"rt":11530,"url":"../static/nodeGraphs.html","edge":"3to6","edgeRT":"10168","flipped":"TRUE","correct_edge":"0to3","index":"39","edgeClickLog":"[{\"edgeSelection\":\"3to6\",\"edgeRTMS\":10168}]","seed":" 37422119","task":"experiment","subjectId":"1xqcanbnfqjagjg","trial_type":"external-html","trial_index":35,"time_elapsed":1423555,"internal_node_id":"0.0-8.0-0.27"},{"rt":11753,"url":"../static/nodeGraphs.html","edge":"0to2","edgeRT":"8867","flipped":"FALSE","correct_edge":"0to2","index":"7","edgeClickLog":"[{\"edgeSelection\":\"0to2\",\"edgeRTMS\":8867}]","seed":" 85614324","task":"experiment","subjectId":"1xqcanbnfqjagjg","trial_type":"external-html","trial_index":36,"time_elapsed":1442731,"internal_node_id":"0.0-8.0-0.28"},{"rt":9221,"url":"../static/nodeGraphs.html","edge":"4to7","edgeRT":"7594","flipped":"FALSE","correct_edge":"0to2","index":"8","edgeClickLog":"[{\"edgeSelection\":\"4to7\",\"edgeRTMS\":7594}]","seed":" 8396978","task":"experiment","subjectId":"1xqcanbnfqjagjg","trial_type":"external-html","trial_index":37,"time_elapsed":1460027,"internal_node_id":"0.0-8.0-0.29"},{"rt":24583,"url":"../static/nodeGraphs.html","edge":"3to6","edgeRT":"20146","flipped":"TRUE","correct_edge":"3to6","index":"22","edgeClickLog":"[{\"edgeSelection\":\"3to6\",\"edgeRTMS\":20146}]","seed":" 22809663","task":"experiment","subjectId":"1xqcanbnfqjagjg","trial_type":"external-html","trial_index":38,"time_elapsed":1499603,"internal_node_id":"0.0-8.0-0.30"},{"rt":20510,"url":"../static/nodeGraphs.html","edge":"2to4","edgeRT":"18435","flipped":"FALSE","correct_edge":"0to2","index":"14","edgeClickLog":"[{\"edgeSelection\":\"2to4\",\"edgeRTMS\":18435}]","seed":" 21083760","task":"experiment","subjectId":"1xqcanbnfqjagjg","trial_type":"external-html","trial_index":39,"time_elapsed":1523571,"internal_node_id":"0.0-8.0-0.31"},{"rt":45340,"url":"../static/nodeGraphs.html","edge":"1to4","edgeRT":"43373","flipped":"FALSE","correct_edge":"0to1","index":"19","edgeClickLog":"[{\"edgeSelection\":\"0to1\",\"edgeRTMS\":37101},{\"edgeSelection\":\"1to4\",\"edgeRTMS\":43373}]","seed":" 37422119","task":"experiment","subjectId":"1xqcanbnfqjagjg","trial_type":"external-html","trial_index":40,"time_elapsed":1571567,"internal_node_id":"0.0-8.0-0.32"},{"rt":21663,"url":"../static/nodeGraphs.html","edge":"2to6","edgeRT":"20293","flipped":"TRUE","correct_edge":"2to6","index":"25","edgeClickLog":"[{\"edgeSelection\":\"2to6\",\"edgeRTMS\":20293}]","seed":" 10409262","task":"experiment","subjectId":"1xqcanbnfqjagjg","trial_type":"external-html","trial_index":41,"time_elapsed":1607828,"internal_node_id":"0.0-8.0-0.33"},{"rt":13303,"url":"../static/nodeGraphs.html","edge":"2to4","edgeRT":"11961","flipped":"FALSE","correct_edge":"0to2","index":"11","edgeClickLog":"[{\"edgeSelection\":\"2to4\",\"edgeRTMS\":11961}]","seed":" 63833578","task":"experiment","subjectId":"1xqcanbnfqjagjg","trial_type":"external-html","trial_index":42,"time_elapsed":1629716,"internal_node_id":"0.0-8.0-0.34"},{"rt":11478,"url":"../static/nodeGraphs.html","edge":"1to4","edgeRT":"10365","flipped":"TRUE","correct_edge":"0to1","index":"29","edgeClickLog":"[{\"edgeSelection\":\"1to4\",\"edgeRTMS\":10365}]","seed":" 61187187","task":"experiment","subjectId":"1xqcanbnfqjagjg","trial_type":"external-html","trial_index":43,"time_elapsed":1648596,"internal_node_id":"0.0-8.0-0.35"},{"rt":14995,"url":"../static/nodeGraphs.html","edge":"1to5","edgeRT":"13583","flipped":"TRUE","correct_edge":"6to8","index":"21","edgeClickLog":"[{\"edgeSelection\":\"1to5\",\"edgeRTMS\":13583}]","seed":" 32816305","task":"experiment","subjectId":"1xqcanbnfqjagjg","trial_type":"external-html","trial_index":44,"time_elapsed":1670564,"internal_node_id":"0.0-8.0-0.36"},{"rt":22256,"url":"../static/nodeGraphs.html","edge":"2to4","edgeRT":"19471","flipped":"FALSE","correct_edge":"2to4","index":"5","edgeClickLog":"[{\"edgeSelection\":\"2to4\",\"edgeRTMS\":19471}]","seed":" 10409262","task":"experiment","subjectId":"1xqcanbnfqjagjg","trial_type":"external-html","trial_index":45,"time_elapsed":1698348,"internal_node_id":"0.0-8.0-0.37"},{"rt":10375,"url":"../static/nodeGraphs.html","edge":"3to6","edgeRT":"6799","flipped":"FALSE","correct_edge":"2to6","index":"15","edgeClickLog":"[{\"edgeSelection\":\"3to6\",\"edgeRTMS\":6799}]","seed":" 53220770","task":"experiment","subjectId":"1xqcanbnfqjagjg","trial_type":"external-html","trial_index":46,"time_elapsed":1714620,"internal_node_id":"0.0-8.0-0.38"},{"rt":36390,"url":"../static/nodeGraphs.html","edge":"2to5","edgeRT":"29992","flipped":"TRUE","correct_edge":"0to2","index":"37","edgeClickLog":"[{\"edgeSelection\":\"2to5\",\"edgeRTMS\":29992}]","seed":" 21211189","task":"experiment","subjectId":"1xqcanbnfqjagjg","trial_type":"external-html","trial_index":47,"time_elapsed":1757468,"internal_node_id":"0.0-8.0-0.39"},{"rt":156199,"response":{"P0_Q0":null,"P0_Q1":5,"P0_Q2":7,"P0_Q3":6,"P0_Q4":5,"P0_Q5":3,"strategies":"yes if two 3 points circle in same level i choose the path which connect to one of them but if they in different level i choose the path wich connect them","feedback":"no thank you"},"accuracy":[],"trial_type":"survey","trial_index":48,"time_elapsed":1914345,"internal_node_id":"0.0-9.0"},{"rt":7946,"stimulus":"<p>Thanks for your time!</p>        <p>We need to manually calculate your bonus pay, please give us up to 7 days.</p><p>Press any key to conclude.</p>","response":" ","task":"end","subjectId":"1xqcanbnfqjagjg","trial_type":"html-keyboard-response","trial_index":49,"time_elapsed":1922296,"internal_node_id":"0.0-10.0","interactions":"[{\"event\":\"focus\",\"trial\":1,\"time\":184593},{\"event\":\"fullscreenenter\",\"trial\":1,\"time\":187015}]"}]