[{"success":true,"timeout":false,"failed_images":[],"failed_audio":[],"failed_video":[],"trial_type":"preload","trial_index":0,"time_elapsed":699,"internal_node_id":"0.0-0.0"},{"success":true,"trial_type":"fullscreen","trial_index":1,"time_elapsed":3349,"internal_node_id":"0.0-1.0"},{"rt":31851,"stimulus":"Welcome to the experiment. Press any key to begin.","response":" ","trial_type":"html-keyboard-response","trial_index":2,"time_elapsed":35200,"internal_node_id":"0.0-2.0"},{"view_history":[{"page_index":0,"viewing_time":5360},{"page_index":1,"viewing_time":3503},{"page_index":2,"viewing_time":10353},{"page_index":3,"viewing_time":5353},{"page_index":4,"viewing_time":1851},{"page_index":5,"viewing_time":1842},{"page_index":6,"viewing_time":2571},{"page_index":7,"viewing_time":5568},{"page_index":8,"viewing_time":6939},{"page_index":9,"viewing_time":4594},{"page_index":10,"viewing_time":932},{"page_index":11,"viewing_time":387},{"page_index":12,"viewing_time":662},{"page_index":13,"viewing_time":1503},{"page_index":14,"viewing_time":2367},{"page_index":15,"viewing_time":4586},{"page_index":16,"viewing_time":1029},{"page_index":17,"viewing_time":694},{"page_index":18,"viewing_time":1015},{"page_index":19,"viewing_time":1786},{"page_index":20,"viewing_time":6005},{"page_index":21,"viewing_time":7298}],"rt":76197,"trial_type":"instructions","trial_index":3,"time_elapsed":111399,"internal_node_id":"0.0-3.0"},{"rt":44167,"url":"../static/nodeGraphsTraining.html","edgeClickLog":[],"trial_type":"external-html","trial_index":4,"time_elapsed":155702,"internal_node_id":"0.0-4.0"},{"rt":14020,"response":{"q1":"The goal is to help the student to get the most points","q2":"False","q3":"Possible paths the student can take.","q4":"Paths that the student took before."},"question_order":[0,1,2,3],"trial_type":"survey-multi-choice","trial_index":5,"time_elapsed":169726,"internal_node_id":"0.0-5.0"},{"rt":43784,"stimulus":"<p>You can take a 60 second break before starting the experiment.</p><br><br><p>This page will advance in 60 seconds or you can press any key to advance now.</p>","response":"arrowright","trial_type":"html-keyboard-response","trial_index":6,"time_elapsed":213512,"internal_node_id":"0.0-7.0"},{"view_history":[{"page_index":0,"viewing_time":8544}],"rt":8544,"trial_type":"instructions","trial_index":7,"time_elapsed":222057,"internal_node_id":"0.0-8.0"},{"rt":28904,"url":"../static/nodeGraphs.html","edge":"1to5","edgeRT":"27332","flipped":"FALSE","correct_edge":"5to9","index":"16","edgeClickLog":"[{\"edgeSelection\":\"2to4\",\"edgeRTMS\":25575},{\"edgeSelection\":\"1to5\",\"edgeRTMS\":26923},{\"edgeSelection\":\"1to5\",\"edgeRTMS\":27332}]","seed":" 5655743","task":"experiment","subjectId":"n47q96mgc51s4z8","trial_type":"external-html","trial_index":8,"time_elapsed":251065,"internal_node_id":"0.0-9.0-0.0"},{"rt":8317,"url":"../static/nodeGraphs.html","edge":"0to3","edgeRT":"6425","flipped":"TRUE","correct_edge":"0to3","index":"39","edgeClickLog":"[{\"edgeSelection\":\"0to3\",\"edgeRTMS\":5779},{\"edgeSelection\":\"0to3\",\"edgeRTMS\":6425}]","seed":" 37422119","task":"experiment","subjectId":"n47q96mgc51s4z8","trial_type":"external-html","trial_index":9,"time_elapsed":259990,"internal_node_id":"0.0-9.0-0.1"},{"rt":14563,"url":"../static/nodeGraphs.html","edge":"2to6","edgeRT":"12705","flipped":"FALSE","correct_edge":"0to2","index":"13","edgeClickLog":"[{\"edgeSelection\":\"2to6\",\"edgeRTMS\":12705}]","seed":" 49587019","task":"experiment","subjectId":"n47q96mgc51s4z8","trial_type":"external-html","trial_index":10,"time_elapsed":275154,"internal_node_id":"0.0-9.0-0.2"},{"rt":8739,"url":"../static/nodeGraphs.html","edge":"0to3","edgeRT":"6267","flipped":"FALSE","correct_edge":"4to7","index":"6","edgeClickLog":"[{\"edgeSelection\":\"0to3\",\"edgeRTMS\":6267}]","seed":" 13523788","task":"experiment","subjectId":"n47q96mgc51s4z8","trial_type":"external-html","trial_index":11,"time_elapsed":284490,"internal_node_id":"0.0-9.0-0.3"},{"rt":10428,"url":"../static/nodeGraphs.html","edge":"1to4","edgeRT":"8764","flipped":"FALSE","correct_edge":"0to3","index":"9","edgeClickLog":"[{\"edgeSelection\":\"1to4\",\"edgeRTMS\":8764}]","seed":" 61187187","task":"experiment","subjectId":"n47q96mgc51s4z8","trial_type":"external-html","trial_index":12,"time_elapsed":295516,"internal_node_id":"0.0-9.0-0.4"},{"rt":15679,"url":"../static/nodeGraphs.html","edge":"4to8","edgeRT":"14447","flipped":"TRUE","correct_edge":"2to4","index":"35","edgeClickLog":"[{\"edgeSelection\":\"0to1\",\"edgeRTMS\":5017},{\"edgeSelection\":\"0to1\",\"edgeRTMS\":7196},{\"edgeSelection\":\"0to1\",\"edgeRTMS\":8213},{\"edgeSelection\":\"0to1\",\"edgeRTMS\":8732},{\"edgeSelection\":\"0to1\",\"edgeRTMS\":9773},{\"edgeSelection\":\"1to4\",\"edgeRTMS\":11084},{\"edgeSelection\":\"4to7\",\"edgeRTMS\":13227},{\"edgeSelection\":\"4to8\",\"edgeRTMS\":14447}]","seed":" 53220770","task":"experiment","subjectId":"n47q96mgc51s4z8","trial_type":"external-html","trial_index":13,"time_elapsed":311798,"internal_node_id":"0.0-9.0-0.5"},{"rt":6559,"url":"../static/nodeGraphs.html","edge":"1to4","edgeRT":"4434","flipped":"FALSE","correct_edge":"0to2","index":"8","edgeClickLog":"[{\"edgeSelection\":\"1to4\",\"edgeRTMS\":4434}]","seed":" 8396978","task":"experiment","subjectId":"n47q96mgc51s4z8","trial_type":"external-html","trial_index":14,"time_elapsed":318967,"internal_node_id":"0.0-9.0-0.6"},{"rt":7339,"url":"../static/nodeGraphs.html","edge":"4to8","edgeRT":"6263","flipped":"FALSE","correct_edge":"4to8","index":"1","edgeClickLog":"[{\"edgeSelection\":\"4to8\",\"edgeRTMS\":6263}]","seed":" 32816305","task":"experiment","subjectId":"n47q96mgc51s4z8","trial_type":"external-html","trial_index":15,"time_elapsed":326900,"internal_node_id":"0.0-9.0-0.7"},{"rt":13695,"url":"../static/nodeGraphs.html","edge":"0to1","edgeRT":"12281","flipped":"FALSE","correct_edge":"0to2","index":"10","edgeClickLog":"[{\"edgeSelection\":\"0to1\",\"edgeRTMS\":12281}]","seed":" 39688702","task":"experiment","subjectId":"n47q96mgc51s4z8","trial_type":"external-html","trial_index":16,"time_elapsed":341194,"internal_node_id":"0.0-9.0-0.8"},{"rt":4864,"url":"../static/nodeGraphs.html","edge":"0to2","edgeRT":"3807","flipped":"FALSE","correct_edge":"0to2","index":"17","edgeClickLog":"[{\"edgeSelection\":\"0to2\",\"edgeRTMS\":3807}]","seed":" 21211189","task":"experiment","subjectId":"n47q96mgc51s4z8","trial_type":"external-html","trial_index":17,"time_elapsed":346664,"internal_node_id":"0.0-9.0-0.9"},{"rt":6284,"url":"../static/nodeGraphs.html","edge":"0to1","edgeRT":"3076","flipped":"FALSE","correct_edge":"0to1","index":"19","edgeClickLog":"[{\"edgeSelection\":\"0to1\",\"edgeRTMS\":3076}]","seed":" 37422119","task":"experiment","subjectId":"n47q96mgc51s4z8","trial_type":"external-html","trial_index":18,"time_elapsed":353548,"internal_node_id":"0.0-9.0-0.10"},{"rt":4373,"url":"../static/nodeGraphs.html","edge":"0to1","edgeRT":"3453","flipped":"TRUE","correct_edge":"0to2","index":"31","edgeClickLog":"[{\"edgeSelection\":\"0to1\",\"edgeRTMS\":3453}]","seed":" 63833578","task":"experiment","subjectId":"n47q96mgc51s4z8","trial_type":"external-html","trial_index":19,"time_elapsed":358516,"internal_node_id":"0.0-9.0-0.11"},{"rt":5343,"url":"../static/nodeGraphs.html","edge":"0to2","edgeRT":"3003","flipped":"TRUE","correct_edge":"0to2","index":"28","edgeClickLog":"[{\"edgeSelection\":\"0to2\",\"edgeRTMS\":3003}]","seed":" 8396978","task":"experiment","subjectId":"n47q96mgc51s4z8","trial_type":"external-html","trial_index":20,"time_elapsed":364460,"internal_node_id":"0.0-9.0-0.12"},{"rt":5158,"url":"../static/nodeGraphs.html","edge":"0to3","edgeRT":"3830","flipped":"FALSE","correct_edge":"0to3","index":"12","edgeClickLog":"[{\"edgeSelection\":\"0to3\",\"edgeRTMS\":3830}]","seed":" 36895371","task":"experiment","subjectId":"n47q96mgc51s4z8","trial_type":"external-html","trial_index":21,"time_elapsed":370223,"internal_node_id":"0.0-9.0-0.13"},{"rt":3906,"url":"../static/nodeGraphs.html","edge":"0to2","edgeRT":"2762","flipped":"TRUE","correct_edge":"1to5","index":"38","edgeClickLog":"[{\"edgeSelection\":\"0to2\",\"edgeRTMS\":2762}]","seed":" 22181670","task":"experiment","subjectId":"n47q96mgc51s4z8","trial_type":"external-html","trial_index":22,"time_elapsed":374734,"internal_node_id":"0.0-9.0-0.14"},{"rt":4228,"url":"../static/nodeGraphs.html","edge":"0to1","edgeRT":"3269","flipped":"TRUE","correct_edge":"0to1","index":"29","edgeClickLog":"[{\"edgeSelection\":\"0to1\",\"edgeRTMS\":3269}]","seed":" 61187187","task":"experiment","subjectId":"n47q96mgc51s4z8","trial_type":"external-html","trial_index":23,"time_elapsed":379569,"internal_node_id":"0.0-9.0-0.15"},{"rt":5395,"url":"../static/nodeGraphs.html","edge":"2to4","edgeRT":"4085","flipped":"FALSE","correct_edge":"2to4","index":"5","edgeClickLog":"[{\"edgeSelection\":\"2to4\",\"edgeRTMS\":4085}]","seed":" 10409262","task":"experiment","subjectId":"n47q96mgc51s4z8","trial_type":"external-html","trial_index":24,"time_elapsed":385566,"internal_node_id":"0.0-9.0-0.16"},{"rt":5488,"url":"../static/nodeGraphs.html","edge":"0to1","edgeRT":"4577","flipped":"FALSE","correct_edge":"0to1","index":"0","edgeClickLog":"[{\"edgeSelection\":\"0to1\",\"edgeRTMS\":4577}]","seed":" 21745736","task":"experiment","subjectId":"n47q96mgc51s4z8","trial_type":"external-html","trial_index":25,"time_elapsed":391672,"internal_node_id":"0.0-9.0-0.17"},{"rt":4107,"url":"../static/nodeGraphs.html","edge":"5to8","edgeRT":"3383","flipped":"TRUE","correct_edge":"5to8","index":"23","edgeClickLog":"[{\"edgeSelection\":\"5to8\",\"edgeRTMS\":3383}]","seed":" 46003743","task":"experiment","subjectId":"n47q96mgc51s4z8","trial_type":"external-html","trial_index":26,"time_elapsed":396382,"internal_node_id":"0.0-9.0-0.18"},{"rt":12208,"url":"../static/nodeGraphs.html","edge":"0to3","edgeRT":"10385","flipped":"FALSE","correct_edge":"2to6","index":"15","edgeClickLog":"[{\"edgeSelection\":\"0to3\",\"edgeRTMS\":3956},{\"edgeSelection\":\"0to3\",\"edgeRTMS\":5243},{\"edgeSelection\":\"0to3\",\"edgeRTMS\":5694},{\"edgeSelection\":\"0to3\",\"edgeRTMS\":6585},{\"edgeSelection\":\"3to5\",\"edgeRTMS\":7480},{\"edgeSelection\":\"3to5\",\"edgeRTMS\":8687},{\"edgeSelection\":\"2to6\",\"edgeRTMS\":9112},{\"edgeSelection\":\"0to3\",\"edgeRTMS\":10385}]","seed":" 53220770","task":"experiment","subjectId":"n47q96mgc51s4z8","trial_type":"external-html","trial_index":27,"time_elapsed":409183,"internal_node_id":"0.0-9.0-0.19"},{"rt":6494,"url":"../static/nodeGraphs.html","edge":"0to3","edgeRT":"5068","flipped":"TRUE","correct_edge":"0to2","index":"34","edgeClickLog":"[{\"edgeSelection\":\"0to3\",\"edgeRTMS\":5068}]","seed":" 21083760","task":"experiment","subjectId":"n47q96mgc51s4z8","trial_type":"external-html","trial_index":28,"time_elapsed":416284,"internal_node_id":"0.0-9.0-0.20"},{"rt":4017,"url":"../static/nodeGraphs.html","edge":"2to4","edgeRT":"3004","flipped":"FALSE","correct_edge":"2to4","index":"4","edgeClickLog":"[{\"edgeSelection\":\"2to4\",\"edgeRTMS\":3004}]","seed":" 36501291","task":"experiment","subjectId":"n47q96mgc51s4z8","trial_type":"external-html","trial_index":29,"time_elapsed":420910,"internal_node_id":"0.0-9.0-0.21"},{"rt":5888,"url":"../static/nodeGraphs.html","edge":"3to6","edgeRT":"5034","flipped":"TRUE","correct_edge":"3to6","index":"22","edgeClickLog":"[{\"edgeSelection\":\"3to6\",\"edgeRTMS\":5034}]","seed":" 22809663","task":"experiment","subjectId":"n47q96mgc51s4z8","trial_type":"external-html","trial_index":30,"time_elapsed":427389,"internal_node_id":"0.0-9.0-0.22"},{"rt":7414,"url":"../static/nodeGraphs.html","edge":"6to8","edgeRT":"6193","flipped":"TRUE","correct_edge":"6to8","index":"21","edgeClickLog":"[{\"edgeSelection\":\"6to8\",\"edgeRTMS\":6193}]","seed":" 32816305","task":"experiment","subjectId":"n47q96mgc51s4z8","trial_type":"external-html","trial_index":31,"time_elapsed":435398,"internal_node_id":"0.0-9.0-0.23"},{"rt":10834,"url":"../static/nodeGraphs.html","edge":"0to2","edgeRT":"9636","flipped":"FALSE","correct_edge":"0to2","index":"11","edgeClickLog":"[{\"edgeSelection\":\"0to2\",\"edgeRTMS\":9636}]","seed":" 63833578","task":"experiment","subjectId":"n47q96mgc51s4z8","trial_type":"external-html","trial_index":32,"time_elapsed":446828,"internal_node_id":"0.0-9.0-0.24"},{"rt":4205,"url":"../static/nodeGraphs.html","edge":"0to1","edgeRT":"3289","flipped":"TRUE","correct_edge":"6to9","index":"26","edgeClickLog":"[{\"edgeSelection\":\"0to1\",\"edgeRTMS\":3289}]","seed":" 13523788","task":"experiment","subjectId":"n47q96mgc51s4z8","trial_type":"external-html","trial_index":33,"time_elapsed":451630,"internal_node_id":"0.0-9.0-0.25"},{"rt":7006,"url":"../static/nodeGraphs.html","edge":"2to6","edgeRT":"5993","flipped":"TRUE","correct_edge":"2to6","index":"24","edgeClickLog":"[{\"edgeSelection\":\"3to5\",\"edgeRTMS\":4288},{\"edgeSelection\":\"2to6\",\"edgeRTMS\":5993}]","seed":" 36501291","task":"experiment","subjectId":"n47q96mgc51s4z8","trial_type":"external-html","trial_index":34,"time_elapsed":459236,"internal_node_id":"0.0-9.0-0.26"},{"rt":5615,"url":"../static/nodeGraphs.html","edge":"3to5","edgeRT":"4550","flipped":"FALSE","correct_edge":"3to5","index":"18","edgeClickLog":"[{\"edgeSelection\":\"3to5\",\"edgeRTMS\":4550}]","seed":" 22181670","task":"experiment","subjectId":"n47q96mgc51s4z8","trial_type":"external-html","trial_index":35,"time_elapsed":465443,"internal_node_id":"0.0-9.0-0.27"},{"rt":4513,"url":"../static/nodeGraphs.html","edge":"0to2","edgeRT":"3524","flipped":"TRUE","correct_edge":"0to2","index":"27","edgeClickLog":"[{\"edgeSelection\":\"0to2\",\"edgeRTMS\":3524}]","seed":" 85614324","task":"experiment","subjectId":"n47q96mgc51s4z8","trial_type":"external-html","trial_index":36,"time_elapsed":470558,"internal_node_id":"0.0-9.0-0.28"},{"rt":4988,"url":"../static/nodeGraphs.html","edge":"1to5","edgeRT":"3837","flipped":"TRUE","correct_edge":"5to7","index":"36","edgeClickLog":"[{\"edgeSelection\":\"1to5\",\"edgeRTMS\":2555},{\"edgeSelection\":\"1to5\",\"edgeRTMS\":3837}]","seed":" 5655743","task":"experiment","subjectId":"n47q96mgc51s4z8","trial_type":"external-html","trial_index":37,"time_elapsed":476138,"internal_node_id":"0.0-9.0-0.29"},{"rt":5470,"url":"../static/nodeGraphs.html","edge":"0to3","edgeRT":"3878","flipped":"TRUE","correct_edge":"0to3","index":"20","edgeClickLog":"[{\"edgeSelection\":\"0to3\",\"edgeRTMS\":3878}]","seed":" 21745736","task":"experiment","subjectId":"n47q96mgc51s4z8","trial_type":"external-html","trial_index":38,"time_elapsed":482207,"internal_node_id":"0.0-9.0-0.30"},{"rt":6185,"url":"../static/nodeGraphs.html","edge":"5to8","edgeRT":"5364","flipped":"FALSE","correct_edge":"5to8","index":"3","edgeClickLog":"[{\"edgeSelection\":\"5to8\",\"edgeRTMS\":5364}]","seed":" 46003743","task":"experiment","subjectId":"n47q96mgc51s4z8","trial_type":"external-html","trial_index":39,"time_elapsed":488987,"internal_node_id":"0.0-9.0-0.31"},{"rt":3395,"url":"../static/nodeGraphs.html","edge":"0to2","edgeRT":"2278","flipped":"TRUE","correct_edge":"0to2","index":"37","edgeClickLog":"[{\"edgeSelection\":\"0to2\",\"edgeRTMS\":2278}]","seed":" 21211189","task":"experiment","subjectId":"n47q96mgc51s4z8","trial_type":"external-html","trial_index":40,"time_elapsed":492984,"internal_node_id":"0.0-9.0-0.32"},{"rt":14821,"url":"../static/nodeGraphs.html","edge":"0to1","edgeRT":"13780","flipped":"FALSE","correct_edge":"0to2","index":"14","edgeClickLog":"[{\"edgeSelection\":\"0to1\",\"edgeRTMS\":13780}]","seed":" 21083760","task":"experiment","subjectId":"n47q96mgc51s4z8","trial_type":"external-html","trial_index":41,"time_elapsed":508411,"internal_node_id":"0.0-9.0-0.33"},{"rt":5315,"url":"../static/nodeGraphs.html","edge":"0to1","edgeRT":"4297","flipped":"TRUE","correct_edge":"0to1","index":"32","edgeClickLog":"[{\"edgeSelection\":\"0to1\",\"edgeRTMS\":4297}]","seed":" 36895371","task":"experiment","subjectId":"n47q96mgc51s4z8","trial_type":"external-html","trial_index":42,"time_elapsed":514324,"internal_node_id":"0.0-9.0-0.34"},{"rt":3552,"url":"../static/nodeGraphs.html","edge":"1to4","edgeRT":"2535","flipped":"FALSE","correct_edge":"1to4","index":"2","edgeClickLog":"[{\"edgeSelection\":\"1to4\",\"edgeRTMS\":2535}]","seed":" 22809663","task":"experiment","subjectId":"n47q96mgc51s4z8","trial_type":"external-html","trial_index":43,"time_elapsed":518474,"internal_node_id":"0.0-9.0-0.35"},{"rt":10445,"url":"../static/nodeGraphs.html","edge":"0to3","edgeRT":"9305","flipped":"TRUE","correct_edge":"0to2","index":"30","edgeClickLog":"[{\"edgeSelection\":\"0to3\",\"edgeRTMS\":9305}]","seed":" 39688702","task":"experiment","subjectId":"n47q96mgc51s4z8","trial_type":"external-html","trial_index":44,"time_elapsed":529517,"internal_node_id":"0.0-9.0-0.36"},{"rt":6130,"url":"../static/nodeGraphs.html","edge":"0to1","edgeRT":"4941","flipped":"FALSE","correct_edge":"0to2","index":"7","edgeClickLog":"[{\"edgeSelection\":\"0to1\",\"edgeRTMS\":4941}]","seed":" 85614324","task":"experiment","subjectId":"n47q96mgc51s4z8","trial_type":"external-html","trial_index":45,"time_elapsed":536252,"internal_node_id":"0.0-9.0-0.37"},{"rt":6159,"url":"../static/nodeGraphs.html","edge":"2to6","edgeRT":"5210","flipped":"TRUE","correct_edge":"2to6","index":"25","edgeClickLog":"[{\"edgeSelection\":\"2to6\",\"edgeRTMS\":5210}]","seed":" 10409262","task":"experiment","subjectId":"n47q96mgc51s4z8","trial_type":"external-html","trial_index":46,"time_elapsed":543013,"internal_node_id":"0.0-9.0-0.38"},{"rt":10618,"url":"../static/nodeGraphs.html","edge":"0to2","edgeRT":"9617","flipped":"TRUE","correct_edge":"0to2","index":"33","edgeClickLog":"[{\"edgeSelection\":\"0to2\",\"edgeRTMS\":9617}]","seed":" 49587019","task":"experiment","subjectId":"n47q96mgc51s4z8","trial_type":"external-html","trial_index":47,"time_elapsed":554232,"internal_node_id":"0.0-9.0-0.39"},{"rt":33781,"response":{"P0_Q0":null,"P0_Q1":4,"P0_Q2":7,"P0_Q3":4,"P0_Q4":5,"P0_Q5":2,"strategies":"Create an opening for the student to get at least 1 extra point on the first, second, or third go","feedback":""},"accuracy":[],"trial_type":"survey","trial_index":48,"time_elapsed":588578,"internal_node_id":"0.0-10.0"},{"rt":4562,"stimulus":"<p>Thanks for your time!</p>        <p>We need to manually calculate your bonus pay, please give us up to 7 days.</p><p>Press any key to conclude.</p>","response":"enter","task":"end","subjectId":"n47q96mgc51s4z8","trial_type":"html-keyboard-response","trial_index":49,"time_elapsed":593142,"internal_node_id":"0.0-11.0","interactions":"[{\"event\":\"fullscreenenter\",\"trial\":1,\"time\":2363},{\"event\":\"blur\",\"trial\":6,\"time\":189543},{\"event\":\"focus\",\"trial\":6,\"time\":210170}]"}]