[{"success":true,"timeout":false,"failed_images":[],"failed_audio":[],"failed_video":[],"trial_type":"preload","trial_index":0,"time_elapsed":1007,"internal_node_id":"0.0-0.0"},{"success":true,"trial_type":"fullscreen","trial_index":1,"time_elapsed":3778,"internal_node_id":"0.0-1.0"},{"rt":2269,"stimulus":"Welcome to the experiment. Press any key to begin.","response":" ","trial_type":"html-keyboard-response","trial_index":2,"time_elapsed":6052,"internal_node_id":"0.0-2.0"},{"view_history":[{"page_index":0,"viewing_time":4253},{"page_index":1,"viewing_time":4425},{"page_index":2,"viewing_time":38502},{"page_index":3,"viewing_time":2712},{"page_index":4,"viewing_time":1114},{"page_index":5,"viewing_time":921},{"page_index":6,"viewing_time":2171},{"page_index":7,"viewing_time":8110},{"page_index":8,"viewing_time":19212},{"page_index":9,"viewing_time":7908},{"page_index":10,"viewing_time":2258},{"page_index":11,"viewing_time":3214},{"page_index":12,"viewing_time":884},{"page_index":13,"viewing_time":1890},{"page_index":14,"viewing_time":3686},{"page_index":15,"viewing_time":4238},{"page_index":16,"viewing_time":1888},{"page_index":17,"viewing_time":890},{"page_index":18,"viewing_time":768},{"page_index":19,"viewing_time":6060},{"page_index":20,"viewing_time":6116},{"page_index":21,"viewing_time":4032}],"rt":125253,"trial_type":"instructions","trial_index":3,"time_elapsed":131308,"internal_node_id":"0.0-3.0"},{"rt":76273,"url":"../static/nodeGraphsTraining.html","edgeClickLog":[],"trial_type":"external-html","trial_index":4,"time_elapsed":207711,"internal_node_id":"0.0-4.0"},{"rt":46180,"response":{"q1":"The goal is to help the student to get the most points","q2":"False","q3":"Possible paths the student can take.","q4":"Paths that the student took before."},"question_order":[0,1,2,3],"trial_type":"survey-multi-choice","trial_index":5,"time_elapsed":253894,"internal_node_id":"0.0-5.0"},{"rt":22704,"stimulus":"<p>You can take a 60 second break before starting the experiment.</p><br><br><p>This page will advance in 60 seconds or you can press any key to advance now.</p>","response":" ","trial_type":"html-keyboard-response","trial_index":6,"time_elapsed":276605,"internal_node_id":"0.0-7.0"},{"view_history":[{"page_index":0,"viewing_time":13089}],"rt":13089,"trial_type":"instructions","trial_index":7,"time_elapsed":289698,"internal_node_id":"0.0-8.0"},{"rt":19421,"url":"../static/nodeGraphs.html","edge":"2to4","edgeRT":"17413","flipped":"FALSE","correct_edge":"2to4","index":"5","edgeClickLog":"[{\"edgeSelection\":\"2to4\",\"edgeRTMS\":17413}]","seed":" 10409262","task":"experiment","subjectId":"a3m2hy8wab18cms","trial_type":"external-html","trial_index":8,"time_elapsed":309223,"internal_node_id":"0.0-9.0-0.0"},{"rt":16239,"url":"../static/nodeGraphs.html","edge":"0to3","edgeRT":"13348","flipped":"TRUE","correct_edge":"0to3","index":"20","edgeClickLog":"[{\"edgeSelection\":\"0to3\",\"edgeRTMS\":13348}]","seed":" 21745736","task":"experiment","subjectId":"a3m2hy8wab18cms","trial_type":"external-html","trial_index":9,"time_elapsed":326093,"internal_node_id":"0.0-9.0-0.1"},{"rt":26333,"url":"../static/nodeGraphs.html","edge":"0to3","edgeRT":"23559","flipped":"TRUE","correct_edge":"0to3","index":"39","edgeClickLog":"[{\"edgeSelection\":\"0to3\",\"edgeRTMS\":23559}]","seed":" 37422119","task":"experiment","subjectId":"a3m2hy8wab18cms","trial_type":"external-html","trial_index":10,"time_elapsed":353090,"internal_node_id":"0.0-9.0-0.2"},{"rt":32047,"url":"../static/nodeGraphs.html","edge":"3to5","edgeRT":"30738","flipped":"FALSE","correct_edge":"0to2","index":"7","edgeClickLog":"[{\"edgeSelection\":\"3to5\",\"edgeRTMS\":30738}]","seed":" 85614324","task":"experiment","subjectId":"a3m2hy8wab18cms","trial_type":"external-html","trial_index":11,"time_elapsed":385771,"internal_node_id":"0.0-9.0-0.3"},{"rt":9431,"url":"../static/nodeGraphs.html","edge":"0to1","edgeRT":"7746","flipped":"FALSE","correct_edge":"0to1","index":"0","edgeClickLog":"[{\"edgeSelection\":\"0to1\",\"edgeRTMS\":7746}]","seed":" 21745736","task":"experiment","subjectId":"a3m2hy8wab18cms","trial_type":"external-html","trial_index":12,"time_elapsed":395858,"internal_node_id":"0.0-9.0-0.4"},{"rt":9841,"url":"../static/nodeGraphs.html","edge":"3to5","edgeRT":"7586","flipped":"TRUE","correct_edge":"0to2","index":"37","edgeClickLog":"[{\"edgeSelection\":\"3to5\",\"edgeRTMS\":7586}]","seed":" 21211189","task":"experiment","subjectId":"a3m2hy8wab18cms","trial_type":"external-html","trial_index":13,"time_elapsed":406378,"internal_node_id":"0.0-9.0-0.5"},{"rt":29300,"url":"../static/nodeGraphs.html","edge":"0to2","edgeRT":"27611","flipped":"TRUE","correct_edge":"1to5","index":"38","edgeClickLog":"[{\"edgeSelection\":\"0to2\",\"edgeRTMS\":27611}]","seed":" 22181670","task":"experiment","subjectId":"a3m2hy8wab18cms","trial_type":"external-html","trial_index":14,"time_elapsed":436364,"internal_node_id":"0.0-9.0-0.6"},{"rt":27791,"url":"../static/nodeGraphs.html","edge":"0to1","edgeRT":"25743","flipped":"TRUE","correct_edge":"0to1","index":"32","edgeClickLog":"[{\"edgeSelection\":\"0to1\",\"edgeRTMS\":25743}]","seed":" 36895371","task":"experiment","subjectId":"a3m2hy8wab18cms","trial_type":"external-html","trial_index":15,"time_elapsed":464777,"internal_node_id":"0.0-9.0-0.7"},{"rt":21124,"url":"../static/nodeGraphs.html","edge":"0to2","edgeRT":"19098","flipped":"TRUE","correct_edge":"0to2","index":"27","edgeClickLog":"[{\"edgeSelection\":\"0to2\",\"edgeRTMS\":19098}]","seed":" 85614324","task":"experiment","subjectId":"a3m2hy8wab18cms","trial_type":"external-html","trial_index":16,"time_elapsed":486899,"internal_node_id":"0.0-9.0-0.8"},{"rt":64585,"url":"../static/nodeGraphs.html","edge":"3to5","edgeRT":"58252","flipped":"TRUE","correct_edge":"5to7","index":"36","edgeClickLog":"[{\"edgeSelection\":\"3to5\",\"edgeRTMS\":58252}]","seed":" 5655743","task":"experiment","subjectId":"a3m2hy8wab18cms","trial_type":"external-html","trial_index":17,"time_elapsed":552094,"internal_node_id":"0.0-9.0-0.9"},{"rt":40927,"url":"../static/nodeGraphs.html","edge":"1to5","edgeRT":"36150","flipped":"FALSE","correct_edge":"0to2","index":"17","edgeClickLog":"[{\"edgeSelection\":\"1to5\",\"edgeRTMS\":36150}]","seed":" 21211189","task":"experiment","subjectId":"a3m2hy8wab18cms","trial_type":"external-html","trial_index":18,"time_elapsed":593750,"internal_node_id":"0.0-9.0-0.10"},{"rt":13817,"url":"../static/nodeGraphs.html","edge":"0to2","edgeRT":"10041","flipped":"TRUE","correct_edge":"0to2","index":"30","edgeClickLog":"[{\"edgeSelection\":\"0to2\",\"edgeRTMS\":10041}]","seed":" 39688702","task":"experiment","subjectId":"a3m2hy8wab18cms","trial_type":"external-html","trial_index":19,"time_elapsed":608219,"internal_node_id":"0.0-9.0-0.11"},{"rt":39102,"url":"../static/nodeGraphs.html","edge":"2to6","edgeRT":"37684","flipped":"TRUE","correct_edge":"2to6","index":"24","edgeClickLog":"[{\"edgeSelection\":\"2to6\",\"edgeRTMS\":37684}]","seed":" 36501291","task":"experiment","subjectId":"a3m2hy8wab18cms","trial_type":"external-html","trial_index":20,"time_elapsed":647931,"internal_node_id":"0.0-9.0-0.12"},{"rt":23128,"url":"../static/nodeGraphs.html","edge":"5to7","edgeRT":"21367","flipped":"FALSE","correct_edge":"0to1","index":"19","edgeClickLog":"[{\"edgeSelection\":\"5to7\",\"edgeRTMS\":21367}]","seed":" 37422119","task":"experiment","subjectId":"a3m2hy8wab18cms","trial_type":"external-html","trial_index":21,"time_elapsed":671674,"internal_node_id":"0.0-9.0-0.13"},{"rt":40648,"url":"../static/nodeGraphs.html","edge":"0to2","edgeRT":"39122","flipped":"FALSE","correct_edge":"0to2","index":"8","edgeClickLog":"[{\"edgeSelection\":\"0to2\",\"edgeRTMS\":39122}]","seed":" 8396978","task":"experiment","subjectId":"a3m2hy8wab18cms","trial_type":"external-html","trial_index":22,"time_elapsed":712966,"internal_node_id":"0.0-9.0-0.14"},{"rt":26442,"url":"../static/nodeGraphs.html","edge":"5to8","edgeRT":"13023","flipped":"FALSE","correct_edge":"5to8","index":"3","edgeClickLog":"[{\"edgeSelection\":\"5to8\",\"edgeRTMS\":13023}]","seed":" 46003743","task":"experiment","subjectId":"a3m2hy8wab18cms","trial_type":"external-html","trial_index":23,"time_elapsed":740081,"internal_node_id":"0.0-9.0-0.15"},{"rt":33105,"url":"../static/nodeGraphs.html","edge":"0to2","edgeRT":"10098","flipped":"TRUE","correct_edge":"0to2","index":"28","edgeClickLog":"[{\"edgeSelection\":\"0to2\",\"edgeRTMS\":10098}]","seed":" 8396978","task":"experiment","subjectId":"a3m2hy8wab18cms","trial_type":"external-html","trial_index":24,"time_elapsed":773785,"internal_node_id":"0.0-9.0-0.16"},{"rt":17409,"url":"../static/nodeGraphs.html","edge":"3to6","edgeRT":"15359","flipped":"TRUE","correct_edge":"3to6","index":"22","edgeClickLog":"[{\"edgeSelection\":\"3to6\",\"edgeRTMS\":15359}]","seed":" 22809663","task":"experiment","subjectId":"a3m2hy8wab18cms","trial_type":"external-html","trial_index":25,"time_elapsed":791900,"internal_node_id":"0.0-9.0-0.17"},{"rt":34555,"url":"../static/nodeGraphs.html","edge":"5to8","edgeRT":"25113","flipped":"TRUE","correct_edge":"5to8","index":"23","edgeClickLog":"[{\"edgeSelection\":\"5to8\",\"edgeRTMS\":25113}]","seed":" 46003743","task":"experiment","subjectId":"a3m2hy8wab18cms","trial_type":"external-html","trial_index":26,"time_elapsed":827159,"internal_node_id":"0.0-9.0-0.18"},{"rt":52231,"url":"../static/nodeGraphs.html","edge":"0to3","edgeRT":"17908","flipped":"FALSE","correct_edge":"0to3","index":"9","edgeClickLog":"[{\"edgeSelection\":\"0to3\",\"edgeRTMS\":17908}]","seed":" 61187187","task":"experiment","subjectId":"a3m2hy8wab18cms","trial_type":"external-html","trial_index":27,"time_elapsed":880104,"internal_node_id":"0.0-9.0-0.19"},{"rt":38874,"url":"../static/nodeGraphs.html","edge":"0to2","edgeRT":"30654","flipped":"FALSE","correct_edge":"4to7","index":"6","edgeClickLog":"[{\"edgeSelection\":\"0to2\",\"edgeRTMS\":30654}]","seed":" 13523788","task":"experiment","subjectId":"a3m2hy8wab18cms","trial_type":"external-html","trial_index":28,"time_elapsed":919609,"internal_node_id":"0.0-9.0-0.20"},{"rt":83640,"url":"../static/nodeGraphs.html","edge":"5to9","edgeRT":"80141","flipped":"FALSE","correct_edge":"5to9","index":"16","edgeClickLog":"[{\"edgeSelection\":\"3to5\",\"edgeRTMS\":10603},{\"edgeSelection\":\"5to9\",\"edgeRTMS\":80141}]","seed":" 5655743","task":"experiment","subjectId":"a3m2hy8wab18cms","trial_type":"external-html","trial_index":29,"time_elapsed":1003935,"internal_node_id":"0.0-9.0-0.21"},{"rt":71535,"url":"../static/nodeGraphs.html","edge":"3to5","edgeRT":"40662","flipped":"FALSE","correct_edge":"3to5","index":"18","edgeClickLog":"[{\"edgeSelection\":\"3to5\",\"edgeRTMS\":40662}]","seed":" 22181670","task":"experiment","subjectId":"a3m2hy8wab18cms","trial_type":"external-html","trial_index":30,"time_elapsed":1076144,"internal_node_id":"0.0-9.0-0.22"},{"rt":20224,"url":"../static/nodeGraphs.html","edge":"0to1","edgeRT":"18405","flipped":"TRUE","correct_edge":"2to4","index":"35","edgeClickLog":"[{\"edgeSelection\":\"0to1\",\"edgeRTMS\":18405}]","seed":" 53220770","task":"experiment","subjectId":"a3m2hy8wab18cms","trial_type":"external-html","trial_index":31,"time_elapsed":1097021,"internal_node_id":"0.0-9.0-0.23"},{"rt":34284,"url":"../static/nodeGraphs.html","edge":"0to2","edgeRT":"32719","flipped":"FALSE","correct_edge":"0to2","index":"13","edgeClickLog":"[{\"edgeSelection\":\"0to2\",\"edgeRTMS\":32719}]","seed":" 49587019","task":"experiment","subjectId":"a3m2hy8wab18cms","trial_type":"external-html","trial_index":32,"time_elapsed":1131935,"internal_node_id":"0.0-9.0-0.24"},{"rt":31094,"url":"../static/nodeGraphs.html","edge":"6to8","edgeRT":"27553","flipped":"TRUE","correct_edge":"6to8","index":"21","edgeClickLog":"[{\"edgeSelection\":\"6to8\",\"edgeRTMS\":27553}]","seed":" 32816305","task":"experiment","subjectId":"a3m2hy8wab18cms","trial_type":"external-html","trial_index":33,"time_elapsed":1163636,"internal_node_id":"0.0-9.0-0.25"},{"rt":61001,"url":"../static/nodeGraphs.html","edge":"4to8","edgeRT":"49536","flipped":"FALSE","correct_edge":"0to2","index":"10","edgeClickLog":"[{\"edgeSelection\":\"4to8\",\"edgeRTMS\":49536}]","seed":" 39688702","task":"experiment","subjectId":"a3m2hy8wab18cms","trial_type":"external-html","trial_index":34,"time_elapsed":1225266,"internal_node_id":"0.0-9.0-0.26"},{"rt":11948,"url":"../static/nodeGraphs.html","edge":"2to4","edgeRT":"10549","flipped":"FALSE","correct_edge":"2to4","index":"4","edgeClickLog":"[{\"edgeSelection\":\"2to4\",\"edgeRTMS\":10549}]","seed":" 36501291","task":"experiment","subjectId":"a3m2hy8wab18cms","trial_type":"external-html","trial_index":35,"time_elapsed":1238005,"internal_node_id":"0.0-9.0-0.27"},{"rt":21094,"url":"../static/nodeGraphs.html","edge":"0to3","edgeRT":"19245","flipped":"FALSE","correct_edge":"2to6","index":"15","edgeClickLog":"[{\"edgeSelection\":\"0to3\",\"edgeRTMS\":19245}]","seed":" 53220770","task":"experiment","subjectId":"a3m2hy8wab18cms","trial_type":"external-html","trial_index":36,"time_elapsed":1259883,"internal_node_id":"0.0-9.0-0.28"},{"rt":15367,"url":"../static/nodeGraphs.html","edge":"0to1","edgeRT":"11637","flipped":"FALSE","correct_edge":"0to2","index":"14","edgeClickLog":"[{\"edgeSelection\":\"0to1\",\"edgeRTMS\":11637}]","seed":" 21083760","task":"experiment","subjectId":"a3m2hy8wab18cms","trial_type":"external-html","trial_index":37,"time_elapsed":1275969,"internal_node_id":"0.0-9.0-0.29"},{"rt":36017,"url":"../static/nodeGraphs.html","edge":"3to6","edgeRT":"13938","flipped":"TRUE","correct_edge":"0to2","index":"34","edgeClickLog":"[{\"edgeSelection\":\"3to6\",\"edgeRTMS\":13938}]","seed":" 21083760","task":"experiment","subjectId":"a3m2hy8wab18cms","trial_type":"external-html","trial_index":38,"time_elapsed":1312742,"internal_node_id":"0.0-9.0-0.30"},{"rt":27751,"url":"../static/nodeGraphs.html","edge":"2to6","edgeRT":"26196","flipped":"TRUE","correct_edge":"2to6","index":"25","edgeClickLog":"[{\"edgeSelection\":\"2to6\",\"edgeRTMS\":26196}]","seed":" 10409262","task":"experiment","subjectId":"a3m2hy8wab18cms","trial_type":"external-html","trial_index":39,"time_elapsed":1341157,"internal_node_id":"0.0-9.0-0.31"},{"rt":15917,"url":"../static/nodeGraphs.html","edge":"0to1","edgeRT":"11790","flipped":"TRUE","correct_edge":"0to1","index":"29","edgeClickLog":"[{\"edgeSelection\":\"0to1\",\"edgeRTMS\":11790}]","seed":" 61187187","task":"experiment","subjectId":"a3m2hy8wab18cms","trial_type":"external-html","trial_index":40,"time_elapsed":1357666,"internal_node_id":"0.0-9.0-0.32"},{"rt":11040,"url":"../static/nodeGraphs.html","edge":"1to4","edgeRT":"9696","flipped":"FALSE","correct_edge":"1to4","index":"2","edgeClickLog":"[{\"edgeSelection\":\"1to4\",\"edgeRTMS\":9696}]","seed":" 22809663","task":"experiment","subjectId":"a3m2hy8wab18cms","trial_type":"external-html","trial_index":41,"time_elapsed":1369310,"internal_node_id":"0.0-9.0-0.33"},{"rt":17304,"url":"../static/nodeGraphs.html","edge":"6to9","edgeRT":"14731","flipped":"TRUE","correct_edge":"6to9","index":"26","edgeClickLog":"[{\"edgeSelection\":\"6to9\",\"edgeRTMS\":14731}]","seed":" 13523788","task":"experiment","subjectId":"a3m2hy8wab18cms","trial_type":"external-html","trial_index":42,"time_elapsed":1387431,"internal_node_id":"0.0-9.0-0.34"},{"rt":22627,"url":"../static/nodeGraphs.html","edge":"0to2","edgeRT":"20868","flipped":"FALSE","correct_edge":"0to2","index":"11","edgeClickLog":"[{\"edgeSelection\":\"0to2\",\"edgeRTMS\":20868}]","seed":" 63833578","task":"experiment","subjectId":"a3m2hy8wab18cms","trial_type":"external-html","trial_index":43,"time_elapsed":1410666,"internal_node_id":"0.0-9.0-0.35"},{"rt":15176,"url":"../static/nodeGraphs.html","edge":"4to8","edgeRT":"13304","flipped":"FALSE","correct_edge":"4to8","index":"1","edgeClickLog":"[{\"edgeSelection\":\"4to8\",\"edgeRTMS\":13304}]","seed":" 32816305","task":"experiment","subjectId":"a3m2hy8wab18cms","trial_type":"external-html","trial_index":44,"time_elapsed":1426455,"internal_node_id":"0.0-9.0-0.36"},{"rt":21895,"url":"../static/nodeGraphs.html","edge":"2to4","edgeRT":"20439","flipped":"TRUE","correct_edge":"0to2","index":"33","edgeClickLog":"[{\"edgeSelection\":\"2to4\",\"edgeRTMS\":20439}]","seed":" 49587019","task":"experiment","subjectId":"a3m2hy8wab18cms","trial_type":"external-html","trial_index":45,"time_elapsed":1449128,"internal_node_id":"0.0-9.0-0.37"},{"rt":48622,"url":"../static/nodeGraphs.html","edge":"0to3","edgeRT":"47029","flipped":"FALSE","correct_edge":"0to3","index":"12","edgeClickLog":"[{\"edgeSelection\":\"3to5\",\"edgeRTMS\":43779},{\"edgeSelection\":\"0to3\",\"edgeRTMS\":47029}]","seed":" 36895371","task":"experiment","subjectId":"a3m2hy8wab18cms","trial_type":"external-html","trial_index":46,"time_elapsed":1498352,"internal_node_id":"0.0-9.0-0.38"},{"rt":89368,"url":"../static/nodeGraphs.html","edge":"0to1","edgeRT":"65534","flipped":"TRUE","correct_edge":"0to2","index":"31","edgeClickLog":"[{\"edgeSelection\":\"0to2\",\"edgeRTMS\":37184},{\"edgeSelection\":\"2to5\",\"edgeRTMS\":42900},{\"edgeSelection\":\"0to1\",\"edgeRTMS\":65534}]","seed":" 63833578","task":"experiment","subjectId":"a3m2hy8wab18cms","trial_type":"external-html","trial_index":47,"time_elapsed":1588423,"internal_node_id":"0.0-9.0-0.39"},{"rt":95327,"response":{"P0_Q0":null,"P0_Q1":7,"P0_Q2":6,"P0_Q3":6,"P0_Q4":7,"P0_Q5":6,"strategies":"I tried to find a path that connected the closest to a known number.","feedback":""},"accuracy":[],"trial_type":"survey","trial_index":48,"time_elapsed":1684341,"internal_node_id":"0.0-10.0"},{"rt":3200,"stimulus":"<p>Thanks for your time!</p>        <p>We need to manually calculate your bonus pay, please give us up to 7 days.</p><p>Press any key to conclude.</p>","response":" ","task":"end","subjectId":"a3m2hy8wab18cms","trial_type":"html-keyboard-response","trial_index":49,"time_elapsed":1687544,"internal_node_id":"0.0-11.0","interactions":"[{\"event\":\"fullscreenenter\",\"trial\":1,\"time\":2796}]"}]