[{"success":true,"timeout":false,"failed_images":[],"failed_audio":[],"failed_video":[],"trial_type":"preload","trial_index":0,"time_elapsed":1187,"internal_node_id":"0.0-0.0"},{"success":true,"trial_type":"fullscreen","trial_index":1,"time_elapsed":15808,"internal_node_id":"0.0-1.0"},{"rt":2946,"stimulus":"Welcome to the experiment. Press any key to begin.","response":" ","trial_type":"html-keyboard-response","trial_index":2,"time_elapsed":18755,"internal_node_id":"0.0-2.0"},{"view_history":[{"page_index":0,"viewing_time":4053},{"page_index":1,"viewing_time":6118},{"page_index":2,"viewing_time":31904},{"page_index":3,"viewing_time":8775},{"page_index":4,"viewing_time":994},{"page_index":5,"viewing_time":943},{"page_index":6,"viewing_time":2001},{"page_index":7,"viewing_time":18127},{"page_index":8,"viewing_time":16069},{"page_index":9,"viewing_time":13304},{"page_index":10,"viewing_time":1104},{"page_index":11,"viewing_time":607},{"page_index":12,"viewing_time":543},{"page_index":13,"viewing_time":4474},{"page_index":14,"viewing_time":4573},{"page_index":15,"viewing_time":3183},{"page_index":16,"viewing_time":1525},{"page_index":17,"viewing_time":473},{"page_index":18,"viewing_time":984},{"page_index":19,"viewing_time":4407},{"page_index":20,"viewing_time":5418},{"page_index":21,"viewing_time":3382}],"rt":132959,"trial_type":"instructions","trial_index":3,"time_elapsed":151714,"internal_node_id":"0.0-3.0"},{"rt":99996,"url":"../static/nodeGraphsTraining.html","edgeClickLog":[],"trial_type":"external-html","trial_index":4,"time_elapsed":251968,"internal_node_id":"0.0-4.0"},{"rt":23267,"response":{"q1":"The goal is to help the student to get the most points","q2":"False","q3":"Possible paths the student can take.","q4":"Paths that the student took before."},"question_order":[0,1,2,3],"trial_type":"survey-multi-choice","trial_index":5,"time_elapsed":275236,"internal_node_id":"0.0-5.0"},{"rt":3631,"stimulus":"<p>You can take a 60 second break before starting the experiment.</p><br><br><p>This page will advance in 60 seconds or you can press any key to advance now.</p>","response":" ","trial_type":"html-keyboard-response","trial_index":6,"time_elapsed":278869,"internal_node_id":"0.0-7.0"},{"view_history":[{"page_index":0,"viewing_time":13795}],"rt":13795,"trial_type":"instructions","trial_index":7,"time_elapsed":292664,"internal_node_id":"0.0-8.0"},{"rt":23698,"url":"../static/nodeGraphs.html","edge":"2to5","edgeRT":"21877","flipped":"TRUE","correct_edge":"0to2","index":"27","edgeClickLog":"[{\"edgeSelection\":\"2to5\",\"edgeRTMS\":21877}]","seed":" 85614324","task":"experiment","subjectId":"1s274u6ecm4ahsa","trial_type":"external-html","trial_index":8,"time_elapsed":316522,"internal_node_id":"0.0-9.0-0.0"},{"rt":18153,"url":"../static/nodeGraphs.html","edge":"1to4","edgeRT":"14764","flipped":"FALSE","correct_edge":"0to2","index":"10","edgeClickLog":"[{\"edgeSelection\":\"1to4\",\"edgeRTMS\":14764}]","seed":" 39688702","task":"experiment","subjectId":"1s274u6ecm4ahsa","trial_type":"external-html","trial_index":9,"time_elapsed":335346,"internal_node_id":"0.0-9.0-0.1"},{"rt":21523,"url":"../static/nodeGraphs.html","edge":"1to5","edgeRT":"20226","flipped":"FALSE","correct_edge":"5to9","index":"16","edgeClickLog":"[{\"edgeSelection\":\"1to5\",\"edgeRTMS\":20226}]","seed":" 5655743","task":"experiment","subjectId":"1s274u6ecm4ahsa","trial_type":"external-html","trial_index":10,"time_elapsed":357526,"internal_node_id":"0.0-9.0-0.2"},{"rt":18093,"url":"../static/nodeGraphs.html","edge":"1to5","edgeRT":"17201","flipped":"TRUE","correct_edge":"6to9","index":"26","edgeClickLog":"[{\"edgeSelection\":\"1to5\",\"edgeRTMS\":17201}]","seed":" 13523788","task":"experiment","subjectId":"1s274u6ecm4ahsa","trial_type":"external-html","trial_index":11,"time_elapsed":376294,"internal_node_id":"0.0-9.0-0.3"},{"rt":8370,"url":"../static/nodeGraphs.html","edge":"2to6","edgeRT":"7581","flipped":"TRUE","correct_edge":"2to6","index":"24","edgeClickLog":"[{\"edgeSelection\":\"2to6\",\"edgeRTMS\":7581}]","seed":" 36501291","task":"experiment","subjectId":"1s274u6ecm4ahsa","trial_type":"external-html","trial_index":12,"time_elapsed":385327,"internal_node_id":"0.0-9.0-0.4"},{"rt":15649,"url":"../static/nodeGraphs.html","edge":"6to8","edgeRT":"14076","flipped":"TRUE","correct_edge":"6to8","index":"21","edgeClickLog":"[{\"edgeSelection\":\"6to8\",\"edgeRTMS\":14076}]","seed":" 32816305","task":"experiment","subjectId":"1s274u6ecm4ahsa","trial_type":"external-html","trial_index":13,"time_elapsed":401650,"internal_node_id":"0.0-9.0-0.5"},{"rt":10949,"url":"../static/nodeGraphs.html","edge":"2to6","edgeRT":"8292","flipped":"TRUE","correct_edge":"0to2","index":"31","edgeClickLog":"[{\"edgeSelection\":\"2to6\",\"edgeRTMS\":8292}]","seed":" 63833578","task":"experiment","subjectId":"1s274u6ecm4ahsa","trial_type":"external-html","trial_index":14,"time_elapsed":413268,"internal_node_id":"0.0-9.0-0.6"},{"rt":11375,"url":"../static/nodeGraphs.html","edge":"1to4","edgeRT":"10258","flipped":"FALSE","correct_edge":"0to1","index":"19","edgeClickLog":"[{\"edgeSelection\":\"1to4\",\"edgeRTMS\":10258}]","seed":" 37422119","task":"experiment","subjectId":"1s274u6ecm4ahsa","trial_type":"external-html","trial_index":15,"time_elapsed":425312,"internal_node_id":"0.0-9.0-0.7"},{"rt":20972,"url":"../static/nodeGraphs.html","edge":"3to6","edgeRT":"8432","flipped":"TRUE","correct_edge":"0to3","index":"39","edgeClickLog":"[{\"edgeSelection\":\"3to6\",\"edgeRTMS\":8432}]","seed":" 37422119","task":"experiment","subjectId":"1s274u6ecm4ahsa","trial_type":"external-html","trial_index":16,"time_elapsed":446947,"internal_node_id":"0.0-9.0-0.8"},{"rt":24860,"url":"../static/nodeGraphs.html","edge":"2to5","edgeRT":"22621","flipped":"TRUE","correct_edge":"1to5","index":"38","edgeClickLog":"[{\"edgeSelection\":\"2to5\",\"edgeRTMS\":18978},{\"edgeSelection\":\"2to6\",\"edgeRTMS\":20938},{\"edgeSelection\":\"2to6\",\"edgeRTMS\":21813},{\"edgeSelection\":\"2to5\",\"edgeRTMS\":22621}]","seed":" 22181670","task":"experiment","subjectId":"1s274u6ecm4ahsa","trial_type":"external-html","trial_index":17,"time_elapsed":472466,"internal_node_id":"0.0-9.0-0.9"},{"rt":28137,"url":"../static/nodeGraphs.html","edge":"6to8","edgeRT":"23234","flipped":"TRUE","correct_edge":"0to2","index":"30","edgeClickLog":"[{\"edgeSelection\":\"6to8\",\"edgeRTMS\":23234}]","seed":" 39688702","task":"experiment","subjectId":"1s274u6ecm4ahsa","trial_type":"external-html","trial_index":18,"time_elapsed":501260,"internal_node_id":"0.0-9.0-0.10"},{"rt":19934,"url":"../static/nodeGraphs.html","edge":"5to8","edgeRT":"19244","flipped":"TRUE","correct_edge":"0to2","index":"37","edgeClickLog":"[{\"edgeSelection\":\"5to8\",\"edgeRTMS\":19244}]","seed":" 21211189","task":"experiment","subjectId":"1s274u6ecm4ahsa","trial_type":"external-html","trial_index":19,"time_elapsed":521849,"internal_node_id":"0.0-9.0-0.11"},{"rt":21862,"url":"../static/nodeGraphs.html","edge":"4to8","edgeRT":"12258","flipped":"FALSE","correct_edge":"1to4","index":"2","edgeClickLog":"[{\"edgeSelection\":\"4to8\",\"edgeRTMS\":12258}]","seed":" 22809663","task":"experiment","subjectId":"1s274u6ecm4ahsa","trial_type":"external-html","trial_index":20,"time_elapsed":544387,"internal_node_id":"0.0-9.0-0.12"},{"rt":11492,"url":"../static/nodeGraphs.html","edge":"3to5","edgeRT":"10317","flipped":"FALSE","correct_edge":"0to3","index":"12","edgeClickLog":"[{\"edgeSelection\":\"3to5\",\"edgeRTMS\":10317}]","seed":" 36895371","task":"experiment","subjectId":"1s274u6ecm4ahsa","trial_type":"external-html","trial_index":21,"time_elapsed":556558,"internal_node_id":"0.0-9.0-0.13"},{"rt":22433,"url":"../static/nodeGraphs.html","edge":"3to5","edgeRT":"20567","flipped":"FALSE","correct_edge":"0to1","index":"0","edgeClickLog":"[{\"edgeSelection\":\"3to5\",\"edgeRTMS\":20567}]","seed":" 21745736","task":"experiment","subjectId":"1s274u6ecm4ahsa","trial_type":"external-html","trial_index":22,"time_elapsed":579666,"internal_node_id":"0.0-9.0-0.14"},{"rt":17734,"url":"../static/nodeGraphs.html","edge":"2to4","edgeRT":"17103","flipped":"FALSE","correct_edge":"0to2","index":"11","edgeClickLog":"[{\"edgeSelection\":\"2to4\",\"edgeRTMS\":17103}]","seed":" 63833578","task":"experiment","subjectId":"1s274u6ecm4ahsa","trial_type":"external-html","trial_index":23,"time_elapsed":598056,"internal_node_id":"0.0-9.0-0.15"},{"rt":19043,"url":"../static/nodeGraphs.html","edge":"6to8","edgeRT":"18210","flipped":"FALSE","correct_edge":"0to2","index":"17","edgeClickLog":"[{\"edgeSelection\":\"6to8\",\"edgeRTMS\":18210}]","seed":" 21211189","task":"experiment","subjectId":"1s274u6ecm4ahsa","trial_type":"external-html","trial_index":24,"time_elapsed":617767,"internal_node_id":"0.0-9.0-0.16"},{"rt":8762,"url":"../static/nodeGraphs.html","edge":"2to6","edgeRT":"7573","flipped":"TRUE","correct_edge":"0to2","index":"34","edgeClickLog":"[{\"edgeSelection\":\"2to6\",\"edgeRTMS\":7573}]","seed":" 21083760","task":"experiment","subjectId":"1s274u6ecm4ahsa","trial_type":"external-html","trial_index":25,"time_elapsed":627198,"internal_node_id":"0.0-9.0-0.17"},{"rt":17426,"url":"../static/nodeGraphs.html","edge":"1to5","edgeRT":"16794","flipped":"TRUE","correct_edge":"0to1","index":"32","edgeClickLog":"[{\"edgeSelection\":\"1to5\",\"edgeRTMS\":16794}]","seed":" 36895371","task":"experiment","subjectId":"1s274u6ecm4ahsa","trial_type":"external-html","trial_index":26,"time_elapsed":645281,"internal_node_id":"0.0-9.0-0.18"},{"rt":38001,"url":"../static/nodeGraphs.html","edge":"3to5","edgeRT":"23753","flipped":"FALSE","correct_edge":"4to7","index":"6","edgeClickLog":"[{\"edgeSelection\":\"3to5\",\"edgeRTMS\":23753}]","seed":" 13523788","task":"experiment","subjectId":"1s274u6ecm4ahsa","trial_type":"external-html","trial_index":27,"time_elapsed":683958,"internal_node_id":"0.0-9.0-0.19"},{"rt":12187,"url":"../static/nodeGraphs.html","edge":"3to6","edgeRT":"11234","flipped":"TRUE","correct_edge":"3to6","index":"22","edgeClickLog":"[{\"edgeSelection\":\"3to6\",\"edgeRTMS\":11234}]","seed":" 22809663","task":"experiment","subjectId":"1s274u6ecm4ahsa","trial_type":"external-html","trial_index":28,"time_elapsed":696808,"internal_node_id":"0.0-9.0-0.20"},{"rt":9140,"url":"../static/nodeGraphs.html","edge":"2to6","edgeRT":"3709","flipped":"TRUE","correct_edge":"2to6","index":"25","edgeClickLog":"[{\"edgeSelection\":\"2to6\",\"edgeRTMS\":3709}]","seed":" 10409262","task":"experiment","subjectId":"1s274u6ecm4ahsa","trial_type":"external-html","trial_index":29,"time_elapsed":706610,"internal_node_id":"0.0-9.0-0.21"},{"rt":8425,"url":"../static/nodeGraphs.html","edge":"2to4","edgeRT":"3543","flipped":"FALSE","correct_edge":"0to2","index":"8","edgeClickLog":"[{\"edgeSelection\":\"2to4\",\"edgeRTMS\":3543}]","seed":" 8396978","task":"experiment","subjectId":"1s274u6ecm4ahsa","trial_type":"external-html","trial_index":30,"time_elapsed":715701,"internal_node_id":"0.0-9.0-0.22"},{"rt":29189,"url":"../static/nodeGraphs.html","edge":"4to8","edgeRT":"28392","flipped":"FALSE","correct_edge":"0to2","index":"7","edgeClickLog":"[{\"edgeSelection\":\"4to8\",\"edgeRTMS\":28392}]","seed":" 85614324","task":"experiment","subjectId":"1s274u6ecm4ahsa","trial_type":"external-html","trial_index":31,"time_elapsed":745554,"internal_node_id":"0.0-9.0-0.23"},{"rt":34494,"url":"../static/nodeGraphs.html","edge":"5to7","edgeRT":"33473","flipped":"FALSE","correct_edge":"0to2","index":"13","edgeClickLog":"[{\"edgeSelection\":\"2to5\",\"edgeRTMS\":16820},{\"edgeSelection\":\"2to5\",\"edgeRTMS\":20810},{\"edgeSelection\":\"1to5\",\"edgeRTMS\":21347},{\"edgeSelection\":\"5to7\",\"edgeRTMS\":23810},{\"edgeSelection\":\"2to5\",\"edgeRTMS\":26423},{\"edgeSelection\":\"2to5\",\"edgeRTMS\":28428},{\"edgeSelection\":\"1to5\",\"edgeRTMS\":28965},{\"edgeSelection\":\"2to5\",\"edgeRTMS\":30569},{\"edgeSelection\":\"2to5\",\"edgeRTMS\":32350},{\"edgeSelection\":\"5to7\",\"edgeRTMS\":33473}]","seed":" 49587019","task":"experiment","subjectId":"1s274u6ecm4ahsa","trial_type":"external-html","trial_index":32,"time_elapsed":780707,"internal_node_id":"0.0-9.0-0.24"},{"rt":10922,"url":"../static/nodeGraphs.html","edge":"0to2","edgeRT":"3668","flipped":"FALSE","correct_edge":"3to5","index":"18","edgeClickLog":"[{\"edgeSelection\":\"2to5\",\"edgeRTMS\":2652},{\"edgeSelection\":\"0to2\",\"edgeRTMS\":3668}]","seed":" 22181670","task":"experiment","subjectId":"1s274u6ecm4ahsa","trial_type":"external-html","trial_index":33,"time_elapsed":792298,"internal_node_id":"0.0-9.0-0.25"},{"rt":7343,"url":"../static/nodeGraphs.html","edge":"2to4","edgeRT":"5932","flipped":"FALSE","correct_edge":"2to4","index":"5","edgeClickLog":"[{\"edgeSelection\":\"2to4\",\"edgeRTMS\":5932}]","seed":" 10409262","task":"experiment","subjectId":"1s274u6ecm4ahsa","trial_type":"external-html","trial_index":34,"time_elapsed":800299,"internal_node_id":"0.0-9.0-0.26"},{"rt":6547,"url":"../static/nodeGraphs.html","edge":"3to6","edgeRT":"5125","flipped":"FALSE","correct_edge":"0to3","index":"9","edgeClickLog":"[{\"edgeSelection\":\"3to6\",\"edgeRTMS\":5125}]","seed":" 61187187","task":"experiment","subjectId":"1s274u6ecm4ahsa","trial_type":"external-html","trial_index":35,"time_elapsed":807521,"internal_node_id":"0.0-9.0-0.27"},{"rt":25400,"url":"../static/nodeGraphs.html","edge":"1to5","edgeRT":"24604","flipped":"TRUE","correct_edge":"5to7","index":"36","edgeClickLog":"[{\"edgeSelection\":\"1to5\",\"edgeRTMS\":3561},{\"edgeSelection\":\"5to7\",\"edgeRTMS\":11578},{\"edgeSelection\":\"1to5\",\"edgeRTMS\":13620},{\"edgeSelection\":\"3to5\",\"edgeRTMS\":14991},{\"edgeSelection\":\"5to7\",\"edgeRTMS\":16650},{\"edgeSelection\":\"5to7\",\"edgeRTMS\":17092},{\"edgeSelection\":\"1to5\",\"edgeRTMS\":24604}]","seed":" 5655743","task":"experiment","subjectId":"1s274u6ecm4ahsa","trial_type":"external-html","trial_index":36,"time_elapsed":833577,"internal_node_id":"0.0-9.0-0.28"},{"rt":10463,"url":"../static/nodeGraphs.html","edge":"5to8","edgeRT":"6884","flipped":"TRUE","correct_edge":"5to8","index":"23","edgeClickLog":"[{\"edgeSelection\":\"5to8\",\"edgeRTMS\":6884}]","seed":" 46003743","task":"experiment","subjectId":"1s274u6ecm4ahsa","trial_type":"external-html","trial_index":37,"time_elapsed":844705,"internal_node_id":"0.0-9.0-0.29"},{"rt":8008,"url":"../static/nodeGraphs.html","edge":"2to4","edgeRT":"5809","flipped":"FALSE","correct_edge":"2to4","index":"4","edgeClickLog":"[{\"edgeSelection\":\"2to4\",\"edgeRTMS\":5809}]","seed":" 36501291","task":"experiment","subjectId":"1s274u6ecm4ahsa","trial_type":"external-html","trial_index":38,"time_elapsed":853379,"internal_node_id":"0.0-9.0-0.30"},{"rt":18549,"url":"../static/nodeGraphs.html","edge":"2to4","edgeRT":"12483","flipped":"FALSE","correct_edge":"0to2","index":"14","edgeClickLog":"[{\"edgeSelection\":\"2to4\",\"edgeRTMS\":6966},{\"edgeSelection\":\"1to4\",\"edgeRTMS\":10175},{\"edgeSelection\":\"2to4\",\"edgeRTMS\":12483}]","seed":" 21083760","task":"experiment","subjectId":"1s274u6ecm4ahsa","trial_type":"external-html","trial_index":39,"time_elapsed":872585,"internal_node_id":"0.0-9.0-0.31"},{"rt":12546,"url":"../static/nodeGraphs.html","edge":"1to4","edgeRT":"10141","flipped":"FALSE","correct_edge":"5to8","index":"3","edgeClickLog":"[{\"edgeSelection\":\"1to4\",\"edgeRTMS\":10141}]","seed":" 46003743","task":"experiment","subjectId":"1s274u6ecm4ahsa","trial_type":"external-html","trial_index":40,"time_elapsed":885787,"internal_node_id":"0.0-9.0-0.32"},{"rt":7630,"url":"../static/nodeGraphs.html","edge":"1to4","edgeRT":"2357","flipped":"TRUE","correct_edge":"0to1","index":"29","edgeClickLog":"[{\"edgeSelection\":\"1to4\",\"edgeRTMS\":2357}]","seed":" 61187187","task":"experiment","subjectId":"1s274u6ecm4ahsa","trial_type":"external-html","trial_index":41,"time_elapsed":894080,"internal_node_id":"0.0-9.0-0.33"},{"rt":11917,"url":"../static/nodeGraphs.html","edge":"1to5","edgeRT":"8685","flipped":"TRUE","correct_edge":"0to3","index":"20","edgeClickLog":"[{\"edgeSelection\":\"1to5\",\"edgeRTMS\":8685}]","seed":" 21745736","task":"experiment","subjectId":"1s274u6ecm4ahsa","trial_type":"external-html","trial_index":42,"time_elapsed":906662,"internal_node_id":"0.0-9.0-0.34"},{"rt":14783,"url":"../static/nodeGraphs.html","edge":"2to4","edgeRT":"9561","flipped":"TRUE","correct_edge":"0to2","index":"33","edgeClickLog":"[{\"edgeSelection\":\"2to4\",\"edgeRTMS\":9561}]","seed":" 49587019","task":"experiment","subjectId":"1s274u6ecm4ahsa","trial_type":"external-html","trial_index":43,"time_elapsed":922102,"internal_node_id":"0.0-9.0-0.35"},{"rt":6204,"url":"../static/nodeGraphs.html","edge":"2to6","edgeRT":"2953","flipped":"TRUE","correct_edge":"0to2","index":"28","edgeClickLog":"[{\"edgeSelection\":\"2to6\",\"edgeRTMS\":2953}]","seed":" 8396978","task":"experiment","subjectId":"1s274u6ecm4ahsa","trial_type":"external-html","trial_index":44,"time_elapsed":928964,"internal_node_id":"0.0-9.0-0.36"},{"rt":9083,"url":"../static/nodeGraphs.html","edge":"4to8","edgeRT":"7175","flipped":"FALSE","correct_edge":"4to8","index":"1","edgeClickLog":"[{\"edgeSelection\":\"4to8\",\"edgeRTMS\":7175}]","seed":" 32816305","task":"experiment","subjectId":"1s274u6ecm4ahsa","trial_type":"external-html","trial_index":45,"time_elapsed":938705,"internal_node_id":"0.0-9.0-0.37"},{"rt":8344,"url":"../static/nodeGraphs.html","edge":"3to6","edgeRT":"3909","flipped":"FALSE","correct_edge":"2to6","index":"15","edgeClickLog":"[{\"edgeSelection\":\"3to6\",\"edgeRTMS\":3909}]","seed":" 53220770","task":"experiment","subjectId":"1s274u6ecm4ahsa","trial_type":"external-html","trial_index":46,"time_elapsed":947719,"internal_node_id":"0.0-9.0-0.38"},{"rt":14564,"url":"../static/nodeGraphs.html","edge":"1to4","edgeRT":"12703","flipped":"TRUE","correct_edge":"2to4","index":"35","edgeClickLog":"[{\"edgeSelection\":\"1to4\",\"edgeRTMS\":2269},{\"edgeSelection\":\"4to7\",\"edgeRTMS\":8675},{\"edgeSelection\":\"1to4\",\"edgeRTMS\":12703}]","seed":" 53220770","task":"experiment","subjectId":"1s274u6ecm4ahsa","trial_type":"external-html","trial_index":47,"time_elapsed":962938,"internal_node_id":"0.0-9.0-0.39"},{"rt":33876,"response":{"P0_Q0":null,"P0_Q1":3,"P0_Q2":6,"P0_Q3":6,"P0_Q4":3,"P0_Q5":2,"strategies":"Which path connects to the highest expected points","feedback":""},"accuracy":[],"trial_type":"survey","trial_index":48,"time_elapsed":997350,"internal_node_id":"0.0-10.0"},{"rt":2650,"stimulus":"<p>Thanks for your time!</p>        <p>We need to manually calculate your bonus pay, please give us up to 7 days.</p><p>Press any key to conclude.</p>","response":" ","task":"end","subjectId":"1s274u6ecm4ahsa","trial_type":"html-keyboard-response","trial_index":49,"time_elapsed":1000001,"internal_node_id":"0.0-11.0","interactions":"[{\"event\":\"fullscreenenter\",\"trial\":1,\"time\":14801}]"}]