[{"success":true,"timeout":false,"failed_images":[],"failed_audio":[],"failed_video":[],"trial_type":"preload","trial_index":0,"time_elapsed":1282,"internal_node_id":"0.0-0.0"},{"success":true,"trial_type":"fullscreen","trial_index":1,"time_elapsed":3859,"internal_node_id":"0.0-1.0"},{"rt":3245,"stimulus":"Welcome to the experiment. Press any key to begin.","response":"arrowright","trial_type":"html-keyboard-response","trial_index":2,"time_elapsed":7106,"internal_node_id":"0.0-2.0"},{"view_history":[{"page_index":0,"viewing_time":5353},{"page_index":1,"viewing_time":4607},{"page_index":2,"viewing_time":48512},{"page_index":3,"viewing_time":5155},{"page_index":4,"viewing_time":2222},{"page_index":5,"viewing_time":814},{"page_index":6,"viewing_time":2882},{"page_index":7,"viewing_time":16209},{"page_index":8,"viewing_time":11396},{"page_index":9,"viewing_time":11872},{"page_index":10,"viewing_time":3251},{"page_index":11,"viewing_time":3773},{"page_index":12,"viewing_time":2162},{"page_index":13,"viewing_time":1598},{"page_index":14,"viewing_time":2545},{"page_index":15,"viewing_time":8709},{"page_index":16,"viewing_time":5764},{"page_index":17,"viewing_time":836},{"page_index":18,"viewing_time":614},{"page_index":19,"viewing_time":3773},{"page_index":20,"viewing_time":3816},{"page_index":21,"viewing_time":3296}],"rt":149159,"trial_type":"instructions","trial_index":3,"time_elapsed":156265,"internal_node_id":"0.0-3.0"},{"rt":71490,"url":"../static/nodeGraphsTraining.html","edgeClickLog":[],"trial_type":"external-html","trial_index":4,"time_elapsed":228020,"internal_node_id":"0.0-4.0"},{"rt":24087,"response":{"q1":"The goal is to help the student to get the most points","q2":"False","q3":"Possible paths the student can take.","q4":"Paths that the student took before."},"question_order":[0,1,2,3],"trial_type":"survey-multi-choice","trial_index":5,"time_elapsed":252109,"internal_node_id":"0.0-5.0"},{"rt":5472,"stimulus":"<p>You can take a 60 second break before starting the experiment.</p><br><br><p>This page will advance in 60 seconds or you can press any key to advance now.</p>","response":"arrowright","trial_type":"html-keyboard-response","trial_index":6,"time_elapsed":257583,"internal_node_id":"0.0-7.0"},{"view_history":[{"page_index":0,"viewing_time":11181}],"rt":11182,"trial_type":"instructions","trial_index":7,"time_elapsed":268765,"internal_node_id":"0.0-8.0"},{"rt":15892,"url":"../static/nodeGraphs.html","edge":"2to6","edgeRT":"13640","flipped":"TRUE","correct_edge":"2to6","index":"24","edgeClickLog":"[{\"edgeSelection\":\"2to6\",\"edgeRTMS\":11199},{\"edgeSelection\":\"2to6\",\"edgeRTMS\":13640}]","seed":" 36501291","task":"experiment","subjectId":"z9fqbwkzxaag2xl","trial_type":"external-html","trial_index":8,"time_elapsed":284833,"internal_node_id":"0.0-9.0-0.0"},{"rt":7880,"url":"../static/nodeGraphs.html","edge":"1to5","edgeRT":"3504","flipped":"TRUE","correct_edge":"5to7","index":"36","edgeClickLog":"[{\"edgeSelection\":\"1to5\",\"edgeRTMS\":3504}]","seed":" 5655743","task":"experiment","subjectId":"z9fqbwkzxaag2xl","trial_type":"external-html","trial_index":9,"time_elapsed":293395,"internal_node_id":"0.0-9.0-0.1"},{"rt":5630,"url":"../static/nodeGraphs.html","edge":"3to5","edgeRT":"3586","flipped":"FALSE","correct_edge":"5to9","index":"16","edgeClickLog":"[{\"edgeSelection\":\"3to5\",\"edgeRTMS\":3586}]","seed":" 5655743","task":"experiment","subjectId":"z9fqbwkzxaag2xl","trial_type":"external-html","trial_index":10,"time_elapsed":299718,"internal_node_id":"0.0-9.0-0.2"},{"rt":26335,"url":"../static/nodeGraphs.html","edge":"2to4","edgeRT":"17076","flipped":"TRUE","correct_edge":"0to2","index":"33","edgeClickLog":"[{\"edgeSelection\":\"2to4\",\"edgeRTMS\":17076}]","seed":" 49587019","task":"experiment","subjectId":"z9fqbwkzxaag2xl","trial_type":"external-html","trial_index":11,"time_elapsed":326734,"internal_node_id":"0.0-9.0-0.3"},{"rt":7229,"url":"../static/nodeGraphs.html","edge":"1to4","edgeRT":"3852","flipped":"FALSE","correct_edge":"1to4","index":"2","edgeClickLog":"[{\"edgeSelection\":\"1to4\",\"edgeRTMS\":3852}]","seed":" 22809663","task":"experiment","subjectId":"z9fqbwkzxaag2xl","trial_type":"external-html","trial_index":12,"time_elapsed":334648,"internal_node_id":"0.0-9.0-0.4"},{"rt":37443,"url":"../static/nodeGraphs.html","edge":"5to9","edgeRT":"35826","flipped":"TRUE","correct_edge":"0to1","index":"29","edgeClickLog":"[{\"edgeSelection\":\"5to9\",\"edgeRTMS\":12698},{\"edgeSelection\":\"5to9\",\"edgeRTMS\":24312},{\"edgeSelection\":\"5to9\",\"edgeRTMS\":25885},{\"edgeSelection\":\"0to1\",\"edgeRTMS\":34147},{\"edgeSelection\":\"5to9\",\"edgeRTMS\":35826}]","seed":" 61187187","task":"experiment","subjectId":"z9fqbwkzxaag2xl","trial_type":"external-html","trial_index":13,"time_elapsed":372769,"internal_node_id":"0.0-9.0-0.5"},{"rt":8660,"url":"../static/nodeGraphs.html","edge":"0to2","edgeRT":"6152","flipped":"FALSE","correct_edge":"0to2","index":"7","edgeClickLog":"[{\"edgeSelection\":\"0to1\",\"edgeRTMS\":5014},{\"edgeSelection\":\"0to2\",\"edgeRTMS\":6152}]","seed":" 85614324","task":"experiment","subjectId":"z9fqbwkzxaag2xl","trial_type":"external-html","trial_index":14,"time_elapsed":382113,"internal_node_id":"0.0-9.0-0.6"},{"rt":15893,"url":"../static/nodeGraphs.html","edge":"2to4","edgeRT":"11931","flipped":"FALSE","correct_edge":"0to2","index":"8","edgeClickLog":"[{\"edgeSelection\":\"0to2\",\"edgeRTMS\":2055},{\"edgeSelection\":\"0to2\",\"edgeRTMS\":2846},{\"edgeSelection\":\"0to2\",\"edgeRTMS\":3432},{\"edgeSelection\":\"2to4\",\"edgeRTMS\":11931}]","seed":" 8396978","task":"experiment","subjectId":"z9fqbwkzxaag2xl","trial_type":"external-html","trial_index":15,"time_elapsed":398686,"internal_node_id":"0.0-9.0-0.7"},{"rt":29288,"url":"../static/nodeGraphs.html","edge":"6to8","edgeRT":"27205","flipped":"TRUE","correct_edge":"0to2","index":"30","edgeClickLog":"[{\"edgeSelection\":\"4to8\",\"edgeRTMS\":2671},{\"edgeSelection\":\"0to3\",\"edgeRTMS\":6351},{\"edgeSelection\":\"3to6\",\"edgeRTMS\":12097},{\"edgeSelection\":\"3to6\",\"edgeRTMS\":13715},{\"edgeSelection\":\"6to8\",\"edgeRTMS\":27205}]","seed":" 39688702","task":"experiment","subjectId":"z9fqbwkzxaag2xl","trial_type":"external-html","trial_index":16,"time_elapsed":428653,"internal_node_id":"0.0-9.0-0.8"},{"rt":20735,"url":"../static/nodeGraphs.html","edge":"5to9","edgeRT":"18808","flipped":"FALSE","correct_edge":"0to1","index":"19","edgeClickLog":"[{\"edgeSelection\":\"5to9\",\"edgeRTMS\":5330},{\"edgeSelection\":\"4to7\",\"edgeRTMS\":15419},{\"edgeSelection\":\"4to7\",\"edgeRTMS\":16187},{\"edgeSelection\":\"5to9\",\"edgeRTMS\":18808}]","seed":" 37422119","task":"experiment","subjectId":"z9fqbwkzxaag2xl","trial_type":"external-html","trial_index":17,"time_elapsed":450071,"internal_node_id":"0.0-9.0-0.9"},{"rt":11684,"url":"../static/nodeGraphs.html","edge":"5to9","edgeRT":"7051","flipped":"TRUE","correct_edge":"0to3","index":"39","edgeClickLog":"[{\"edgeSelection\":\"5to7\",\"edgeRTMS\":2331},{\"edgeSelection\":\"5to9\",\"edgeRTMS\":7051}]","seed":" 37422119","task":"experiment","subjectId":"z9fqbwkzxaag2xl","trial_type":"external-html","trial_index":18,"time_elapsed":462436,"internal_node_id":"0.0-9.0-0.10"},{"rt":17687,"url":"../static/nodeGraphs.html","edge":"1to4","edgeRT":"6306","flipped":"FALSE","correct_edge":"0to1","index":"0","edgeClickLog":"[{\"edgeSelection\":\"5to7\",\"edgeRTMS\":3077},{\"edgeSelection\":\"1to4\",\"edgeRTMS\":6306}]","seed":" 21745736","task":"experiment","subjectId":"z9fqbwkzxaag2xl","trial_type":"external-html","trial_index":19,"time_elapsed":480809,"internal_node_id":"0.0-9.0-0.11"},{"rt":8493,"url":"../static/nodeGraphs.html","edge":"1to4","edgeRT":"4860","flipped":"FALSE","correct_edge":"0to2","index":"14","edgeClickLog":"[{\"edgeSelection\":\"1to4\",\"edgeRTMS\":4860}]","seed":" 21083760","task":"experiment","subjectId":"z9fqbwkzxaag2xl","trial_type":"external-html","trial_index":20,"time_elapsed":489981,"internal_node_id":"0.0-9.0-0.12"},{"rt":8947,"url":"../static/nodeGraphs.html","edge":"5to8","edgeRT":"3771","flipped":"TRUE","correct_edge":"0to2","index":"37","edgeClickLog":"[{\"edgeSelection\":\"5to8\",\"edgeRTMS\":3771}]","seed":" 21211189","task":"experiment","subjectId":"z9fqbwkzxaag2xl","trial_type":"external-html","trial_index":21,"time_elapsed":499606,"internal_node_id":"0.0-9.0-0.13"},{"rt":8403,"url":"../static/nodeGraphs.html","edge":"4to7","edgeRT":"7040","flipped":"FALSE","correct_edge":"4to7","index":"6","edgeClickLog":"[{\"edgeSelection\":\"4to7\",\"edgeRTMS\":7040}]","seed":" 13523788","task":"experiment","subjectId":"z9fqbwkzxaag2xl","trial_type":"external-html","trial_index":22,"time_elapsed":508690,"internal_node_id":"0.0-9.0-0.14"},{"rt":6368,"url":"../static/nodeGraphs.html","edge":"6to8","edgeRT":"5109","flipped":"TRUE","correct_edge":"6to8","index":"21","edgeClickLog":"[{\"edgeSelection\":\"6to8\",\"edgeRTMS\":5109}]","seed":" 32816305","task":"experiment","subjectId":"z9fqbwkzxaag2xl","trial_type":"external-html","trial_index":23,"time_elapsed":515740,"internal_node_id":"0.0-9.0-0.15"},{"rt":7398,"url":"../static/nodeGraphs.html","edge":"3to6","edgeRT":"5637","flipped":"TRUE","correct_edge":"3to6","index":"22","edgeClickLog":"[{\"edgeSelection\":\"3to6\",\"edgeRTMS\":5637}]","seed":" 22809663","task":"experiment","subjectId":"z9fqbwkzxaag2xl","trial_type":"external-html","trial_index":24,"time_elapsed":523818,"internal_node_id":"0.0-9.0-0.16"},{"rt":39674,"url":"../static/nodeGraphs.html","edge":"6to9","edgeRT":"38425","flipped":"FALSE","correct_edge":"0to2","index":"13","edgeClickLog":"[{\"edgeSelection\":\"6to9\",\"edgeRTMS\":7984},{\"edgeSelection\":\"2to6\",\"edgeRTMS\":29458},{\"edgeSelection\":\"6to9\",\"edgeRTMS\":38425}]","seed":" 49587019","task":"experiment","subjectId":"z9fqbwkzxaag2xl","trial_type":"external-html","trial_index":25,"time_elapsed":564174,"internal_node_id":"0.0-9.0-0.17"},{"rt":16842,"url":"../static/nodeGraphs.html","edge":"5to8","edgeRT":"11947","flipped":"TRUE","correct_edge":"1to5","index":"38","edgeClickLog":"[{\"edgeSelection\":\"2to5\",\"edgeRTMS\":4007},{\"edgeSelection\":\"2to5\",\"edgeRTMS\":10711},{\"edgeSelection\":\"5to8\",\"edgeRTMS\":11947}]","seed":" 22181670","task":"experiment","subjectId":"z9fqbwkzxaag2xl","trial_type":"external-html","trial_index":26,"time_elapsed":581692,"internal_node_id":"0.0-9.0-0.18"},{"rt":10052,"url":"../static/nodeGraphs.html","edge":"2to5","edgeRT":"8116","flipped":"TRUE","correct_edge":"0to2","index":"27","edgeClickLog":"[{\"edgeSelection\":\"0to2\",\"edgeRTMS\":3602},{\"edgeSelection\":\"2to5\",\"edgeRTMS\":7642},{\"edgeSelection\":\"2to5\",\"edgeRTMS\":8116}]","seed":" 85614324","task":"experiment","subjectId":"z9fqbwkzxaag2xl","trial_type":"external-html","trial_index":27,"time_elapsed":592421,"internal_node_id":"0.0-9.0-0.19"},{"rt":10366,"url":"../static/nodeGraphs.html","edge":"0to3","edgeRT":"2540","flipped":"TRUE","correct_edge":"0to3","index":"20","edgeClickLog":"[{\"edgeSelection\":\"0to3\",\"edgeRTMS\":2540}]","seed":" 21745736","task":"experiment","subjectId":"z9fqbwkzxaag2xl","trial_type":"external-html","trial_index":28,"time_elapsed":603479,"internal_node_id":"0.0-9.0-0.20"},{"rt":10528,"url":"../static/nodeGraphs.html","edge":"0to3","edgeRT":"8209","flipped":"FALSE","correct_edge":"0to3","index":"12","edgeClickLog":"[{\"edgeSelection\":\"0to3\",\"edgeRTMS\":7619},{\"edgeSelection\":\"0to3\",\"edgeRTMS\":8209}]","seed":" 36895371","task":"experiment","subjectId":"z9fqbwkzxaag2xl","trial_type":"external-html","trial_index":29,"time_elapsed":614710,"internal_node_id":"0.0-9.0-0.21"},{"rt":8128,"url":"../static/nodeGraphs.html","edge":"5to8","edgeRT":"6868","flipped":"TRUE","correct_edge":"5to8","index":"23","edgeClickLog":"[{\"edgeSelection\":\"5to8\",\"edgeRTMS\":6203},{\"edgeSelection\":\"5to8\",\"edgeRTMS\":6868}]","seed":" 46003743","task":"experiment","subjectId":"z9fqbwkzxaag2xl","trial_type":"external-html","trial_index":30,"time_elapsed":623520,"internal_node_id":"0.0-9.0-0.22"},{"rt":5168,"url":"../static/nodeGraphs.html","edge":"5to8","edgeRT":"3104","flipped":"FALSE","correct_edge":"5to8","index":"3","edgeClickLog":"[{\"edgeSelection\":\"5to8\",\"edgeRTMS\":3104}]","seed":" 46003743","task":"experiment","subjectId":"z9fqbwkzxaag2xl","trial_type":"external-html","trial_index":31,"time_elapsed":629381,"internal_node_id":"0.0-9.0-0.23"},{"rt":13615,"url":"../static/nodeGraphs.html","edge":"4to7","edgeRT":"11697","flipped":"FALSE","correct_edge":"0to3","index":"9","edgeClickLog":"[{\"edgeSelection\":\"4to7\",\"edgeRTMS\":11697}]","seed":" 61187187","task":"experiment","subjectId":"z9fqbwkzxaag2xl","trial_type":"external-html","trial_index":32,"time_elapsed":643680,"internal_node_id":"0.0-9.0-0.24"},{"rt":18549,"url":"../static/nodeGraphs.html","edge":"0to1","edgeRT":"6374","flipped":"TRUE","correct_edge":"0to1","index":"32","edgeClickLog":"[{\"edgeSelection\":\"0to1\",\"edgeRTMS\":6374}]","seed":" 36895371","task":"experiment","subjectId":"z9fqbwkzxaag2xl","trial_type":"external-html","trial_index":33,"time_elapsed":662929,"internal_node_id":"0.0-9.0-0.25"},{"rt":10274,"url":"../static/nodeGraphs.html","edge":"2to6","edgeRT":"8945","flipped":"TRUE","correct_edge":"0to2","index":"34","edgeClickLog":"[{\"edgeSelection\":\"2to6\",\"edgeRTMS\":8945}]","seed":" 21083760","task":"experiment","subjectId":"z9fqbwkzxaag2xl","trial_type":"external-html","trial_index":34,"time_elapsed":673899,"internal_node_id":"0.0-9.0-0.26"},{"rt":5950,"url":"../static/nodeGraphs.html","edge":"2to6","edgeRT":"3159","flipped":"TRUE","correct_edge":"0to2","index":"31","edgeClickLog":"[{\"edgeSelection\":\"2to6\",\"edgeRTMS\":3159}]","seed":" 63833578","task":"experiment","subjectId":"z9fqbwkzxaag2xl","trial_type":"external-html","trial_index":35,"time_elapsed":680525,"internal_node_id":"0.0-9.0-0.27"},{"rt":9628,"url":"../static/nodeGraphs.html","edge":"4to7","edgeRT":"5428","flipped":"TRUE","correct_edge":"2to4","index":"35","edgeClickLog":"[{\"edgeSelection\":\"4to7\",\"edgeRTMS\":5428}]","seed":" 53220770","task":"experiment","subjectId":"z9fqbwkzxaag2xl","trial_type":"external-html","trial_index":36,"time_elapsed":690832,"internal_node_id":"0.0-9.0-0.28"},{"rt":7125,"url":"../static/nodeGraphs.html","edge":"2to4","edgeRT":"2543","flipped":"FALSE","correct_edge":"0to2","index":"11","edgeClickLog":"[{\"edgeSelection\":\"2to4\",\"edgeRTMS\":2543}]","seed":" 63833578","task":"experiment","subjectId":"z9fqbwkzxaag2xl","trial_type":"external-html","trial_index":37,"time_elapsed":698638,"internal_node_id":"0.0-9.0-0.29"},{"rt":5794,"url":"../static/nodeGraphs.html","edge":"2to5","edgeRT":"2824","flipped":"FALSE","correct_edge":"0to2","index":"17","edgeClickLog":"[{\"edgeSelection\":\"2to5\",\"edgeRTMS\":2824}]","seed":" 21211189","task":"experiment","subjectId":"z9fqbwkzxaag2xl","trial_type":"external-html","trial_index":38,"time_elapsed":705118,"internal_node_id":"0.0-9.0-0.30"},{"rt":10855,"url":"../static/nodeGraphs.html","edge":"6to9","edgeRT":"9525","flipped":"FALSE","correct_edge":"2to6","index":"15","edgeClickLog":"[{\"edgeSelection\":\"3to6\",\"edgeRTMS\":6780},{\"edgeSelection\":\"6to9\",\"edgeRTMS\":9525}]","seed":" 53220770","task":"experiment","subjectId":"z9fqbwkzxaag2xl","trial_type":"external-html","trial_index":39,"time_elapsed":716653,"internal_node_id":"0.0-9.0-0.31"},{"rt":8427,"url":"../static/nodeGraphs.html","edge":"2to6","edgeRT":"6612","flipped":"TRUE","correct_edge":"0to2","index":"28","edgeClickLog":"[{\"edgeSelection\":\"0to2\",\"edgeRTMS\":5437},{\"edgeSelection\":\"2to6\",\"edgeRTMS\":6203},{\"edgeSelection\":\"2to6\",\"edgeRTMS\":6612}]","seed":" 8396978","task":"experiment","subjectId":"z9fqbwkzxaag2xl","trial_type":"external-html","trial_index":40,"time_elapsed":725760,"internal_node_id":"0.0-9.0-0.32"},{"rt":24367,"url":"../static/nodeGraphs.html","edge":"4to8","edgeRT":"20026","flipped":"FALSE","correct_edge":"0to2","index":"10","edgeClickLog":"[{\"edgeSelection\":\"6to8\",\"edgeRTMS\":3246},{\"edgeSelection\":\"6to8\",\"edgeRTMS\":3653},{\"edgeSelection\":\"2to4\",\"edgeRTMS\":13192},{\"edgeSelection\":\"2to4\",\"edgeRTMS\":13737},{\"edgeSelection\":\"4to8\",\"edgeRTMS\":20026}]","seed":" 39688702","task":"experiment","subjectId":"z9fqbwkzxaag2xl","trial_type":"external-html","trial_index":41,"time_elapsed":750823,"internal_node_id":"0.0-9.0-0.33"},{"rt":17320,"url":"../static/nodeGraphs.html","edge":"2to5","edgeRT":"9278","flipped":"FALSE","correct_edge":"3to5","index":"18","edgeClickLog":"[{\"edgeSelection\":\"2to5\",\"edgeRTMS\":9278}]","seed":" 22181670","task":"experiment","subjectId":"z9fqbwkzxaag2xl","trial_type":"external-html","trial_index":42,"time_elapsed":768831,"internal_node_id":"0.0-9.0-0.34"},{"rt":5465,"url":"../static/nodeGraphs.html","edge":"2to4","edgeRT":"3479","flipped":"FALSE","correct_edge":"2to4","index":"4","edgeClickLog":"[{\"edgeSelection\":\"2to4\",\"edgeRTMS\":3479}]","seed":" 36501291","task":"experiment","subjectId":"z9fqbwkzxaag2xl","trial_type":"external-html","trial_index":43,"time_elapsed":774972,"internal_node_id":"0.0-9.0-0.35"},{"rt":10949,"url":"../static/nodeGraphs.html","edge":"1to4","edgeRT":"4181","flipped":"TRUE","correct_edge":"6to9","index":"26","edgeClickLog":"[{\"edgeSelection\":\"1to4\",\"edgeRTMS\":4181}]","seed":" 13523788","task":"experiment","subjectId":"z9fqbwkzxaag2xl","trial_type":"external-html","trial_index":44,"time_elapsed":786611,"internal_node_id":"0.0-9.0-0.36"},{"rt":4302,"url":"../static/nodeGraphs.html","edge":"4to8","edgeRT":"3350","flipped":"FALSE","correct_edge":"4to8","index":"1","edgeClickLog":"[{\"edgeSelection\":\"4to8\",\"edgeRTMS\":3350}]","seed":" 32816305","task":"experiment","subjectId":"z9fqbwkzxaag2xl","trial_type":"external-html","trial_index":45,"time_elapsed":791594,"internal_node_id":"0.0-9.0-0.37"},{"rt":4018,"url":"../static/nodeGraphs.html","edge":"2to4","edgeRT":"2221","flipped":"FALSE","correct_edge":"2to4","index":"5","edgeClickLog":"[{\"edgeSelection\":\"2to4\",\"edgeRTMS\":2221}]","seed":" 10409262","task":"experiment","subjectId":"z9fqbwkzxaag2xl","trial_type":"external-html","trial_index":46,"time_elapsed":796297,"internal_node_id":"0.0-9.0-0.38"},{"rt":4237,"url":"../static/nodeGraphs.html","edge":"2to6","edgeRT":"1643","flipped":"TRUE","correct_edge":"2to6","index":"25","edgeClickLog":"[{\"edgeSelection\":\"2to6\",\"edgeRTMS\":1643}]","seed":" 10409262","task":"experiment","subjectId":"z9fqbwkzxaag2xl","trial_type":"external-html","trial_index":47,"time_elapsed":801218,"internal_node_id":"0.0-9.0-0.39"},{"rt":21320,"response":{"P0_Q0":null,"P0_Q1":1,"P0_Q2":7,"P0_Q3":5,"P0_Q4":4,"P0_Q5":1,"strategies":"no","feedback":"no"},"accuracy":[],"trial_type":"survey","trial_index":48,"time_elapsed":823096,"internal_node_id":"0.0-10.0"},{"rt":4289,"stimulus":"<p>Thanks for your time!</p>        <p>We need to manually calculate your bonus pay, please give us up to 7 days.</p><p>Press any key to conclude.</p>","response":"enter","task":"end","subjectId":"z9fqbwkzxaag2xl","trial_type":"html-keyboard-response","trial_index":49,"time_elapsed":827388,"internal_node_id":"0.0-11.0","interactions":"[{\"event\":\"fullscreenenter\",\"trial\":1,\"time\":2875},{\"event\":\"blur\",\"trial\":4,\"time\":182610},{\"event\":\"focus\",\"trial\":4,\"time\":182611},{\"event\":\"fullscreenexit\",\"trial\":4,\"time\":182617},{\"event\":\"blur\",\"trial\":13,\"time\":346298},{\"event\":\"focus\",\"trial\":13,\"time\":346298},{\"event\":\"blur\",\"trial\":42,\"time\":758541},{\"event\":\"focus\",\"trial\":42,\"time\":758541}]"}]