[{"success":true,"timeout":false,"failed_images":[],"failed_audio":[],"failed_video":[],"trial_type":"preload","trial_index":0,"time_elapsed":854,"internal_node_id":"0.0-0.0"},{"success":true,"trial_type":"fullscreen","trial_index":1,"time_elapsed":4080,"internal_node_id":"0.0-1.0"},{"rt":4392,"stimulus":"Welcome to the experiment. Press any key to begin.","response":" ","trial_type":"html-keyboard-response","trial_index":2,"time_elapsed":8473,"internal_node_id":"0.0-2.0"},{"view_history":[{"page_index":0,"viewing_time":3942},{"page_index":1,"viewing_time":7285},{"page_index":2,"viewing_time":18032},{"page_index":3,"viewing_time":3269},{"page_index":4,"viewing_time":1289},{"page_index":5,"viewing_time":689},{"page_index":6,"viewing_time":4100},{"page_index":7,"viewing_time":12500},{"page_index":8,"viewing_time":8940},{"page_index":9,"viewing_time":10966},{"page_index":10,"viewing_time":1333},{"page_index":11,"viewing_time":433},{"page_index":12,"viewing_time":424},{"page_index":13,"viewing_time":3393},{"page_index":14,"viewing_time":3470},{"page_index":15,"viewing_time":6693},{"page_index":16,"viewing_time":689},{"page_index":17,"viewing_time":428},{"page_index":18,"viewing_time":615},{"page_index":19,"viewing_time":4386},{"page_index":20,"viewing_time":7299},{"page_index":21,"viewing_time":4254}],"rt":104429,"trial_type":"instructions","trial_index":3,"time_elapsed":112904,"internal_node_id":"0.0-3.0"},{"rt":81955,"url":"../static/nodeGraphsTraining.html","edgeClickLog":[],"trial_type":"external-html","trial_index":4,"time_elapsed":195019,"internal_node_id":"0.0-4.0"},{"rt":31537,"response":{"q1":"The goal is to help the student to get the most points","q2":"False","q3":"Possible paths the student can take.","q4":"Paths that the student took before."},"question_order":[0,1,2,3],"trial_type":"survey-multi-choice","trial_index":5,"time_elapsed":226559,"internal_node_id":"0.0-5.0"},{"rt":4354,"stimulus":"<p>You can take a 60 second break before starting the experiment.</p><br><br><p>This page will advance in 60 seconds or you can press any key to advance now.</p>","response":"arrowright","trial_type":"html-keyboard-response","trial_index":6,"time_elapsed":230918,"internal_node_id":"0.0-7.0"},{"view_history":[{"page_index":0,"viewing_time":6818}],"rt":6818,"trial_type":"instructions","trial_index":7,"time_elapsed":237737,"internal_node_id":"0.0-8.0"},{"rt":15149,"url":"../static/nodeGraphs.html","edge":"6to9","edgeRT":"7858","flipped":"FALSE","correct_edge":"0to2","index":"13","edgeClickLog":"[{\"edgeSelection\":\"0to2\",\"edgeRTMS\":5182},{\"edgeSelection\":\"2to6\",\"edgeRTMS\":6979},{\"edgeSelection\":\"6to9\",\"edgeRTMS\":7858}]","seed":" 49587019","task":"experiment","subjectId":"emjja939v375xt1","trial_type":"external-html","trial_index":8,"time_elapsed":252996,"internal_node_id":"0.0-9.0-0.0"},{"rt":16090,"url":"../static/nodeGraphs.html","edge":"0to1","edgeRT":"15177","flipped":"TRUE","correct_edge":"0to1","index":"32","edgeClickLog":"[{\"edgeSelection\":\"0to1\",\"edgeRTMS\":12579},{\"edgeSelection\":\"1to5\",\"edgeRTMS\":14042},{\"edgeSelection\":\"0to1\",\"edgeRTMS\":15177}]","seed":" 36895371","task":"experiment","subjectId":"emjja939v375xt1","trial_type":"external-html","trial_index":9,"time_elapsed":270781,"internal_node_id":"0.0-9.0-0.1"},{"rt":11660,"url":"../static/nodeGraphs.html","edge":"0to3","edgeRT":"10112","flipped":"TRUE","correct_edge":"0to3","index":"20","edgeClickLog":"[{\"edgeSelection\":\"0to3\",\"edgeRTMS\":6430},{\"edgeSelection\":\"3to6\",\"edgeRTMS\":9560},{\"edgeSelection\":\"0to3\",\"edgeRTMS\":10112}]","seed":" 21745736","task":"experiment","subjectId":"emjja939v375xt1","trial_type":"external-html","trial_index":10,"time_elapsed":283005,"internal_node_id":"0.0-9.0-0.2"},{"rt":15366,"url":"../static/nodeGraphs.html","edge":"0to2","edgeRT":"12353","flipped":"TRUE","correct_edge":"1to5","index":"38","edgeClickLog":"[{\"edgeSelection\":\"0to2\",\"edgeRTMS\":12353}]","seed":" 22181670","task":"experiment","subjectId":"emjja939v375xt1","trial_type":"external-html","trial_index":11,"time_elapsed":299029,"internal_node_id":"0.0-9.0-0.3"},{"rt":8750,"url":"../static/nodeGraphs.html","edge":"0to1","edgeRT":"5359","flipped":"TRUE","correct_edge":"2to4","index":"35","edgeClickLog":"[{\"edgeSelection\":\"0to1\",\"edgeRTMS\":5359}]","seed":" 53220770","task":"experiment","subjectId":"emjja939v375xt1","trial_type":"external-html","trial_index":12,"time_elapsed":308395,"internal_node_id":"0.0-9.0-0.4"},{"rt":11806,"url":"../static/nodeGraphs.html","edge":"0to3","edgeRT":"9678","flipped":"TRUE","correct_edge":"0to2","index":"34","edgeClickLog":"[{\"edgeSelection\":\"0to3\",\"edgeRTMS\":4552},{\"edgeSelection\":\"0to3\",\"edgeRTMS\":9678}]","seed":" 21083760","task":"experiment","subjectId":"emjja939v375xt1","trial_type":"external-html","trial_index":13,"time_elapsed":320806,"internal_node_id":"0.0-9.0-0.5"},{"rt":5444,"url":"../static/nodeGraphs.html","edge":"0to3","edgeRT":"3937","flipped":"TRUE","correct_edge":"0to2","index":"30","edgeClickLog":"[{\"edgeSelection\":\"0to3\",\"edgeRTMS\":3937}]","seed":" 39688702","task":"experiment","subjectId":"emjja939v375xt1","trial_type":"external-html","trial_index":14,"time_elapsed":326862,"internal_node_id":"0.0-9.0-0.6"},{"rt":13736,"url":"../static/nodeGraphs.html","edge":"0to2","edgeRT":"11745","flipped":"FALSE","correct_edge":"3to5","index":"18","edgeClickLog":"[{\"edgeSelection\":\"0to2\",\"edgeRTMS\":8170},{\"edgeSelection\":\"2to5\",\"edgeRTMS\":9919},{\"edgeSelection\":\"0to2\",\"edgeRTMS\":10513},{\"edgeSelection\":\"0to2\",\"edgeRTMS\":11745}]","seed":" 22181670","task":"experiment","subjectId":"emjja939v375xt1","trial_type":"external-html","trial_index":15,"time_elapsed":341205,"internal_node_id":"0.0-9.0-0.7"},{"rt":11839,"url":"../static/nodeGraphs.html","edge":"2to4","edgeRT":"9756","flipped":"FALSE","correct_edge":"2to4","index":"5","edgeClickLog":"[{\"edgeSelection\":\"2to4\",\"edgeRTMS\":9756}]","seed":" 10409262","task":"experiment","subjectId":"emjja939v375xt1","trial_type":"external-html","trial_index":16,"time_elapsed":353655,"internal_node_id":"0.0-9.0-0.8"},{"rt":8633,"url":"../static/nodeGraphs.html","edge":"0to2","edgeRT":"6867","flipped":"FALSE","correct_edge":"0to2","index":"11","edgeClickLog":"[{\"edgeSelection\":\"0to2\",\"edgeRTMS\":6867}]","seed":" 63833578","task":"experiment","subjectId":"emjja939v375xt1","trial_type":"external-html","trial_index":17,"time_elapsed":362912,"internal_node_id":"0.0-9.0-0.9"},{"rt":9574,"url":"../static/nodeGraphs.html","edge":"2to6","edgeRT":"7752","flipped":"TRUE","correct_edge":"2to6","index":"25","edgeClickLog":"[{\"edgeSelection\":\"2to6\",\"edgeRTMS\":7752}]","seed":" 10409262","task":"experiment","subjectId":"emjja939v375xt1","trial_type":"external-html","trial_index":18,"time_elapsed":373092,"internal_node_id":"0.0-9.0-0.10"},{"rt":4931,"url":"../static/nodeGraphs.html","edge":"1to4","edgeRT":"3223","flipped":"FALSE","correct_edge":"1to4","index":"2","edgeClickLog":"[{\"edgeSelection\":\"1to4\",\"edgeRTMS\":3223}]","seed":" 22809663","task":"experiment","subjectId":"emjja939v375xt1","trial_type":"external-html","trial_index":19,"time_elapsed":378634,"internal_node_id":"0.0-9.0-0.11"},{"rt":7910,"url":"../static/nodeGraphs.html","edge":"4to8","edgeRT":"6910","flipped":"FALSE","correct_edge":"4to8","index":"1","edgeClickLog":"[{\"edgeSelection\":\"4to8\",\"edgeRTMS\":5662},{\"edgeSelection\":\"4to8\",\"edgeRTMS\":6910}]","seed":" 32816305","task":"experiment","subjectId":"emjja939v375xt1","trial_type":"external-html","trial_index":20,"time_elapsed":387153,"internal_node_id":"0.0-9.0-0.12"},{"rt":7954,"url":"../static/nodeGraphs.html","edge":"0to3","edgeRT":"6248","flipped":"FALSE","correct_edge":"2to6","index":"15","edgeClickLog":"[{\"edgeSelection\":\"0to3\",\"edgeRTMS\":6248}]","seed":" 53220770","task":"experiment","subjectId":"emjja939v375xt1","trial_type":"external-html","trial_index":21,"time_elapsed":395712,"internal_node_id":"0.0-9.0-0.13"},{"rt":10448,"url":"../static/nodeGraphs.html","edge":"0to1","edgeRT":"4127","flipped":"FALSE","correct_edge":"0to2","index":"10","edgeClickLog":"[{\"edgeSelection\":\"0to1\",\"edgeRTMS\":4127}]","seed":" 39688702","task":"experiment","subjectId":"emjja939v375xt1","trial_type":"external-html","trial_index":22,"time_elapsed":406765,"internal_node_id":"0.0-9.0-0.14"},{"rt":16780,"url":"../static/nodeGraphs.html","edge":"0to2","edgeRT":"14847","flipped":"TRUE","correct_edge":"0to2","index":"28","edgeClickLog":"[{\"edgeSelection\":\"0to2\",\"edgeRTMS\":14847}]","seed":" 8396978","task":"experiment","subjectId":"emjja939v375xt1","trial_type":"external-html","trial_index":23,"time_elapsed":424155,"internal_node_id":"0.0-9.0-0.15"},{"rt":12437,"url":"../static/nodeGraphs.html","edge":"2to6","edgeRT":"11715","flipped":"TRUE","correct_edge":"2to6","index":"24","edgeClickLog":"[{\"edgeSelection\":\"2to6\",\"edgeRTMS\":11715}]","seed":" 36501291","task":"experiment","subjectId":"emjja939v375xt1","trial_type":"external-html","trial_index":24,"time_elapsed":437199,"internal_node_id":"0.0-9.0-0.16"},{"rt":8131,"url":"../static/nodeGraphs.html","edge":"0to2","edgeRT":"5891","flipped":"FALSE","correct_edge":"0to2","index":"7","edgeClickLog":"[{\"edgeSelection\":\"0to2\",\"edgeRTMS\":4922},{\"edgeSelection\":\"0to2\",\"edgeRTMS\":5891}]","seed":" 85614324","task":"experiment","subjectId":"emjja939v375xt1","trial_type":"external-html","trial_index":25,"time_elapsed":445946,"internal_node_id":"0.0-9.0-0.17"},{"rt":8545,"url":"../static/nodeGraphs.html","edge":"0to1","edgeRT":"6761","flipped":"FALSE","correct_edge":"0to2","index":"14","edgeClickLog":"[{\"edgeSelection\":\"0to1\",\"edgeRTMS\":6761}]","seed":" 21083760","task":"experiment","subjectId":"emjja939v375xt1","trial_type":"external-html","trial_index":26,"time_elapsed":455103,"internal_node_id":"0.0-9.0-0.18"},{"rt":16300,"url":"../static/nodeGraphs.html","edge":"0to1","edgeRT":"14422","flipped":"FALSE","correct_edge":"0to1","index":"0","edgeClickLog":"[{\"edgeSelection\":\"0to1\",\"edgeRTMS\":14422}]","seed":" 21745736","task":"experiment","subjectId":"emjja939v375xt1","trial_type":"external-html","trial_index":27,"time_elapsed":472088,"internal_node_id":"0.0-9.0-0.19"},{"rt":8558,"url":"../static/nodeGraphs.html","edge":"6to8","edgeRT":"6447","flipped":"TRUE","correct_edge":"6to8","index":"21","edgeClickLog":"[{\"edgeSelection\":\"6to8\",\"edgeRTMS\":6447}]","seed":" 32816305","task":"experiment","subjectId":"emjja939v375xt1","trial_type":"external-html","trial_index":28,"time_elapsed":481256,"internal_node_id":"0.0-9.0-0.20"},{"rt":15991,"url":"../static/nodeGraphs.html","edge":"1to5","edgeRT":"14221","flipped":"TRUE","correct_edge":"5to7","index":"36","edgeClickLog":"[{\"edgeSelection\":\"1to5\",\"edgeRTMS\":14221}]","seed":" 5655743","task":"experiment","subjectId":"emjja939v375xt1","trial_type":"external-html","trial_index":29,"time_elapsed":497857,"internal_node_id":"0.0-9.0-0.21"},{"rt":8683,"url":"../static/nodeGraphs.html","edge":"3to6","edgeRT":"7557","flipped":"TRUE","correct_edge":"3to6","index":"22","edgeClickLog":"[{\"edgeSelection\":\"3to6\",\"edgeRTMS\":7557}]","seed":" 22809663","task":"experiment","subjectId":"emjja939v375xt1","trial_type":"external-html","trial_index":30,"time_elapsed":507146,"internal_node_id":"0.0-9.0-0.22"},{"rt":9964,"url":"../static/nodeGraphs.html","edge":"0to2","edgeRT":"8205","flipped":"FALSE","correct_edge":"0to2","index":"8","edgeClickLog":"[{\"edgeSelection\":\"0to2\",\"edgeRTMS\":8205}]","seed":" 8396978","task":"experiment","subjectId":"emjja939v375xt1","trial_type":"external-html","trial_index":31,"time_elapsed":517716,"internal_node_id":"0.0-9.0-0.23"},{"rt":15795,"url":"../static/nodeGraphs.html","edge":"0to1","edgeRT":"10072","flipped":"TRUE","correct_edge":"6to9","index":"26","edgeClickLog":"[{\"edgeSelection\":\"0to1\",\"edgeRTMS\":10072}]","seed":" 13523788","task":"experiment","subjectId":"emjja939v375xt1","trial_type":"external-html","trial_index":32,"time_elapsed":534116,"internal_node_id":"0.0-9.0-0.24"},{"rt":11919,"url":"../static/nodeGraphs.html","edge":"0to2","edgeRT":"8726","flipped":"TRUE","correct_edge":"0to2","index":"31","edgeClickLog":"[{\"edgeSelection\":\"0to2\",\"edgeRTMS\":8726}]","seed":" 63833578","task":"experiment","subjectId":"emjja939v375xt1","trial_type":"external-html","trial_index":33,"time_elapsed":546644,"internal_node_id":"0.0-9.0-0.25"},{"rt":3575,"url":"../static/nodeGraphs.html","edge":"0to2","edgeRT":"2152","flipped":"FALSE","correct_edge":"0to2","index":"17","edgeClickLog":"[{\"edgeSelection\":\"0to2\",\"edgeRTMS\":2152}]","seed":" 21211189","task":"experiment","subjectId":"emjja939v375xt1","trial_type":"external-html","trial_index":34,"time_elapsed":550828,"internal_node_id":"0.0-9.0-0.26"},{"rt":4703,"url":"../static/nodeGraphs.html","edge":"0to2","edgeRT":"2347","flipped":"TRUE","correct_edge":"0to2","index":"37","edgeClickLog":"[{\"edgeSelection\":\"0to2\",\"edgeRTMS\":2347}]","seed":" 21211189","task":"experiment","subjectId":"emjja939v375xt1","trial_type":"external-html","trial_index":35,"time_elapsed":556139,"internal_node_id":"0.0-9.0-0.27"},{"rt":11993,"url":"../static/nodeGraphs.html","edge":"0to2","edgeRT":"11140","flipped":"TRUE","correct_edge":"0to2","index":"27","edgeClickLog":"[{\"edgeSelection\":\"0to2\",\"edgeRTMS\":9937},{\"edgeSelection\":\"0to2\",\"edgeRTMS\":11140}]","seed":" 85614324","task":"experiment","subjectId":"emjja939v375xt1","trial_type":"external-html","trial_index":36,"time_elapsed":568738,"internal_node_id":"0.0-9.0-0.28"},{"rt":10940,"url":"../static/nodeGraphs.html","edge":"0to1","edgeRT":"8260","flipped":"TRUE","correct_edge":"0to1","index":"29","edgeClickLog":"[{\"edgeSelection\":\"0to1\",\"edgeRTMS\":8260}]","seed":" 61187187","task":"experiment","subjectId":"emjja939v375xt1","trial_type":"external-html","trial_index":37,"time_elapsed":580285,"internal_node_id":"0.0-9.0-0.29"},{"rt":6710,"url":"../static/nodeGraphs.html","edge":"0to1","edgeRT":"5313","flipped":"FALSE","correct_edge":"0to1","index":"19","edgeClickLog":"[{\"edgeSelection\":\"0to1\",\"edgeRTMS\":5313}]","seed":" 37422119","task":"experiment","subjectId":"emjja939v375xt1","trial_type":"external-html","trial_index":38,"time_elapsed":587636,"internal_node_id":"0.0-9.0-0.30"},{"rt":12417,"url":"../static/nodeGraphs.html","edge":"3to5","edgeRT":"11030","flipped":"FALSE","correct_edge":"5to9","index":"16","edgeClickLog":"[{\"edgeSelection\":\"3to5\",\"edgeRTMS\":11030}]","seed":" 5655743","task":"experiment","subjectId":"emjja939v375xt1","trial_type":"external-html","trial_index":39,"time_elapsed":600661,"internal_node_id":"0.0-9.0-0.31"},{"rt":11870,"url":"../static/nodeGraphs.html","edge":"0to3","edgeRT":"10718","flipped":"FALSE","correct_edge":"4to7","index":"6","edgeClickLog":"[{\"edgeSelection\":\"0to3\",\"edgeRTMS\":10718}]","seed":" 13523788","task":"experiment","subjectId":"emjja939v375xt1","trial_type":"external-html","trial_index":40,"time_elapsed":613142,"internal_node_id":"0.0-9.0-0.32"},{"rt":14288,"url":"../static/nodeGraphs.html","edge":"5to8","edgeRT":"13664","flipped":"TRUE","correct_edge":"5to8","index":"23","edgeClickLog":"[{\"edgeSelection\":\"5to8\",\"edgeRTMS\":13664}]","seed":" 46003743","task":"experiment","subjectId":"emjja939v375xt1","trial_type":"external-html","trial_index":41,"time_elapsed":628042,"internal_node_id":"0.0-9.0-0.33"},{"rt":5870,"url":"../static/nodeGraphs.html","edge":"0to3","edgeRT":"2299","flipped":"FALSE","correct_edge":"0to3","index":"9","edgeClickLog":"[{\"edgeSelection\":\"0to3\",\"edgeRTMS\":2299}]","seed":" 61187187","task":"experiment","subjectId":"emjja939v375xt1","trial_type":"external-html","trial_index":42,"time_elapsed":634518,"internal_node_id":"0.0-9.0-0.34"},{"rt":7081,"url":"../static/nodeGraphs.html","edge":"0to2","edgeRT":"5596","flipped":"TRUE","correct_edge":"0to2","index":"33","edgeClickLog":"[{\"edgeSelection\":\"0to2\",\"edgeRTMS\":5596}]","seed":" 49587019","task":"experiment","subjectId":"emjja939v375xt1","trial_type":"external-html","trial_index":43,"time_elapsed":642206,"internal_node_id":"0.0-9.0-0.35"},{"rt":15632,"url":"../static/nodeGraphs.html","edge":"0to3","edgeRT":"11920","flipped":"FALSE","correct_edge":"0to3","index":"12","edgeClickLog":"[{\"edgeSelection\":\"0to2\",\"edgeRTMS\":2927},{\"edgeSelection\":\"2to5\",\"edgeRTMS\":3756},{\"edgeSelection\":\"2to5\",\"edgeRTMS\":4350},{\"edgeSelection\":\"0to2\",\"edgeRTMS\":5378},{\"edgeSelection\":\"0to2\",\"edgeRTMS\":6061},{\"edgeSelection\":\"2to5\",\"edgeRTMS\":7078},{\"edgeSelection\":\"2to5\",\"edgeRTMS\":8616},{\"edgeSelection\":\"0to2\",\"edgeRTMS\":9744},{\"edgeSelection\":\"0to3\",\"edgeRTMS\":11920}]","seed":" 36895371","task":"experiment","subjectId":"emjja939v375xt1","trial_type":"external-html","trial_index":44,"time_elapsed":658444,"internal_node_id":"0.0-9.0-0.36"},{"rt":5007,"url":"../static/nodeGraphs.html","edge":"5to8","edgeRT":"3746","flipped":"FALSE","correct_edge":"5to8","index":"3","edgeClickLog":"[{\"edgeSelection\":\"5to8\",\"edgeRTMS\":3746}]","seed":" 46003743","task":"experiment","subjectId":"emjja939v375xt1","trial_type":"external-html","trial_index":45,"time_elapsed":664062,"internal_node_id":"0.0-9.0-0.37"},{"rt":5976,"url":"../static/nodeGraphs.html","edge":"2to4","edgeRT":"2792","flipped":"FALSE","correct_edge":"2to4","index":"4","edgeClickLog":"[{\"edgeSelection\":\"2to4\",\"edgeRTMS\":2792}]","seed":" 36501291","task":"experiment","subjectId":"emjja939v375xt1","trial_type":"external-html","trial_index":46,"time_elapsed":670643,"internal_node_id":"0.0-9.0-0.38"},{"rt":4949,"url":"../static/nodeGraphs.html","edge":"0to3","edgeRT":"3993","flipped":"TRUE","correct_edge":"0to3","index":"39","edgeClickLog":"[{\"edgeSelection\":\"0to3\",\"edgeRTMS\":3993}]","seed":" 37422119","task":"experiment","subjectId":"emjja939v375xt1","trial_type":"external-html","trial_index":47,"time_elapsed":676198,"internal_node_id":"0.0-9.0-0.39"},{"rt":30692,"response":{"P0_Q0":null,"P0_Q1":3,"P0_Q2":6,"P0_Q3":6,"P0_Q4":6,"P0_Q5":2,"strategies":"Finding the highest total while away from their set path","feedback":""},"accuracy":[],"trial_type":"survey","trial_index":48,"time_elapsed":707511,"internal_node_id":"0.0-10.0"},{"rt":3836,"stimulus":"<p>Thanks for your time!</p>        <p>We need to manually calculate your bonus pay, please give us up to 7 days.</p><p>Press any key to conclude.</p>","response":"enter","task":"end","subjectId":"emjja939v375xt1","trial_type":"html-keyboard-response","trial_index":49,"time_elapsed":711350,"internal_node_id":"0.0-11.0","interactions":"[{\"event\":\"fullscreenenter\",\"trial\":1,\"time\":3146},{\"event\":\"fullscreenexit\",\"trial\":2,\"time\":4889},{\"event\":\"blur\",\"trial\":4,\"time\":127480},{\"event\":\"focus\",\"trial\":4,\"time\":129532},{\"event\":\"blur\",\"trial\":13,\"time\":317615},{\"event\":\"focus\",\"trial\":13,\"time\":318622}]"}]