[{"success":true,"timeout":false,"failed_images":[],"failed_audio":[],"failed_video":[],"trial_type":"preload","trial_index":0,"time_elapsed":1441,"internal_node_id":"0.0-0.0"},{"success":true,"trial_type":"fullscreen","trial_index":1,"time_elapsed":4589,"internal_node_id":"0.0-1.0"},{"rt":10771,"stimulus":"Welcome to the experiment. Press any key to begin.","response":" ","trial_type":"html-keyboard-response","trial_index":2,"time_elapsed":15360,"internal_node_id":"0.0-2.0"},{"view_history":[{"page_index":0,"viewing_time":2493},{"page_index":1,"viewing_time":2567},{"page_index":2,"viewing_time":7900},{"page_index":3,"viewing_time":6275},{"page_index":2,"viewing_time":9967},{"page_index":3,"viewing_time":1020},{"page_index":4,"viewing_time":608},{"page_index":5,"viewing_time":394},{"page_index":6,"viewing_time":1986},{"page_index":7,"viewing_time":5067},{"page_index":8,"viewing_time":5725},{"page_index":9,"viewing_time":1942},{"page_index":10,"viewing_time":677},{"page_index":11,"viewing_time":411},{"page_index":12,"viewing_time":952},{"page_index":13,"viewing_time":1035},{"page_index":14,"viewing_time":1976},{"page_index":15,"viewing_time":3116},{"page_index":16,"viewing_time":904},{"page_index":17,"viewing_time":286},{"page_index":18,"viewing_time":554},{"page_index":19,"viewing_time":1209},{"page_index":20,"viewing_time":3541},{"page_index":21,"viewing_time":3309}],"rt":63912,"trial_type":"instructions","trial_index":3,"time_elapsed":79273,"internal_node_id":"0.0-3.0"},{"rt":29577,"url":"../static/nodeGraphsTraining.html","edgeClickLog":[],"trial_type":"external-html","trial_index":4,"time_elapsed":109050,"internal_node_id":"0.0-4.0"},{"rt":28688,"response":{"q1":"The goal is to help the student to get the most points","q2":"False","q3":"Possible paths the student can take.","q4":"Paths that the student took before."},"question_order":[0,1,2,3],"trial_type":"survey-multi-choice","trial_index":5,"time_elapsed":137740,"internal_node_id":"0.0-5.0"},{"rt":2538,"stimulus":"<p>You can take a 60 second break before starting the experiment.</p><br><br><p>This page will advance in 60 seconds or you can press any key to advance now.</p>","response":"arrowright","trial_type":"html-keyboard-response","trial_index":6,"time_elapsed":140280,"internal_node_id":"0.0-7.0"},{"view_history":[{"page_index":0,"viewing_time":5876}],"rt":5876,"trial_type":"instructions","trial_index":7,"time_elapsed":146156,"internal_node_id":"0.0-8.0"},{"rt":6048,"url":"../static/nodeGraphs.html","edge":"6to8","edgeRT":"5499","flipped":"TRUE","correct_edge":"5to8","index":"23","edgeClickLog":"[{\"edgeSelection\":\"6to8\",\"edgeRTMS\":5499}]","seed":" 46003743","task":"experiment","subjectId":"l7ew9m0ttdc8mbp","trial_type":"external-html","trial_index":8,"time_elapsed":152337,"internal_node_id":"0.0-9.0-0.0"},{"rt":8049,"url":"../static/nodeGraphs.html","edge":"1to5","edgeRT":"7337","flipped":"FALSE","correct_edge":"0to2","index":"17","edgeClickLog":"[{\"edgeSelection\":\"1to5\",\"edgeRTMS\":7337}]","seed":" 21211189","task":"experiment","subjectId":"l7ew9m0ttdc8mbp","trial_type":"external-html","trial_index":9,"time_elapsed":161020,"internal_node_id":"0.0-9.0-0.1"},{"rt":5232,"url":"../static/nodeGraphs.html","edge":"3to5","edgeRT":"4498","flipped":"FALSE","correct_edge":"3to5","index":"18","edgeClickLog":"[{\"edgeSelection\":\"3to5\",\"edgeRTMS\":4498}]","seed":" 22181670","task":"experiment","subjectId":"l7ew9m0ttdc8mbp","trial_type":"external-html","trial_index":10,"time_elapsed":166887,"internal_node_id":"0.0-9.0-0.2"},{"rt":8157,"url":"../static/nodeGraphs.html","edge":"5to8","edgeRT":"7336","flipped":"FALSE","correct_edge":"5to8","index":"3","edgeClickLog":"[{\"edgeSelection\":\"3to5\",\"edgeRTMS\":1160},{\"edgeSelection\":\"5to9\",\"edgeRTMS\":1771},{\"edgeSelection\":\"5to8\",\"edgeRTMS\":7336}]","seed":" 46003743","task":"experiment","subjectId":"l7ew9m0ttdc8mbp","trial_type":"external-html","trial_index":11,"time_elapsed":175679,"internal_node_id":"0.0-9.0-0.3"},{"rt":7379,"url":"../static/nodeGraphs.html","edge":"5to7","edgeRT":"6839","flipped":"TRUE","correct_edge":"0to2","index":"33","edgeClickLog":"[{\"edgeSelection\":\"5to7\",\"edgeRTMS\":6839}]","seed":" 49587019","task":"experiment","subjectId":"l7ew9m0ttdc8mbp","trial_type":"external-html","trial_index":12,"time_elapsed":183695,"internal_node_id":"0.0-9.0-0.4"},{"rt":3758,"url":"../static/nodeGraphs.html","edge":"2to4","edgeRT":"2906","flipped":"TRUE","correct_edge":"2to4","index":"35","edgeClickLog":"[{\"edgeSelection\":\"2to4\",\"edgeRTMS\":2906}]","seed":" 53220770","task":"experiment","subjectId":"l7ew9m0ttdc8mbp","trial_type":"external-html","trial_index":13,"time_elapsed":188094,"internal_node_id":"0.0-9.0-0.5"},{"rt":8739,"url":"../static/nodeGraphs.html","edge":"3to5","edgeRT":"7251","flipped":"TRUE","correct_edge":"6to9","index":"26","edgeClickLog":"[{\"edgeSelection\":\"3to5\",\"edgeRTMS\":7251}]","seed":" 13523788","task":"experiment","subjectId":"l7ew9m0ttdc8mbp","trial_type":"external-html","trial_index":14,"time_elapsed":197473,"internal_node_id":"0.0-9.0-0.6"},{"rt":7168,"url":"../static/nodeGraphs.html","edge":"5to9","edgeRT":"6620","flipped":"FALSE","correct_edge":"0to2","index":"13","edgeClickLog":"[{\"edgeSelection\":\"5to9\",\"edgeRTMS\":6620}]","seed":" 49587019","task":"experiment","subjectId":"l7ew9m0ttdc8mbp","trial_type":"external-html","trial_index":15,"time_elapsed":205280,"internal_node_id":"0.0-9.0-0.7"},{"rt":5151,"url":"../static/nodeGraphs.html","edge":"0to2","edgeRT":"4504","flipped":"FALSE","correct_edge":"0to2","index":"14","edgeClickLog":"[{\"edgeSelection\":\"0to2\",\"edgeRTMS\":4504}]","seed":" 21083760","task":"experiment","subjectId":"l7ew9m0ttdc8mbp","trial_type":"external-html","trial_index":16,"time_elapsed":211069,"internal_node_id":"0.0-9.0-0.8"},{"rt":3794,"url":"../static/nodeGraphs.html","edge":"3to5","edgeRT":"2834","flipped":"FALSE","correct_edge":"0to2","index":"7","edgeClickLog":"[{\"edgeSelection\":\"3to5\",\"edgeRTMS\":2834}]","seed":" 85614324","task":"experiment","subjectId":"l7ew9m0ttdc8mbp","trial_type":"external-html","trial_index":17,"time_elapsed":215497,"internal_node_id":"0.0-9.0-0.9"},{"rt":6305,"url":"../static/nodeGraphs.html","edge":"0to2","edgeRT":"4665","flipped":"FALSE","correct_edge":"0to2","index":"8","edgeClickLog":"[{\"edgeSelection\":\"0to2\",\"edgeRTMS\":4665}]","seed":" 8396978","task":"experiment","subjectId":"l7ew9m0ttdc8mbp","trial_type":"external-html","trial_index":18,"time_elapsed":222435,"internal_node_id":"0.0-9.0-0.10"},{"rt":4958,"url":"../static/nodeGraphs.html","edge":"1to5","edgeRT":"4259","flipped":"TRUE","correct_edge":"0to2","index":"34","edgeClickLog":"[{\"edgeSelection\":\"1to5\",\"edgeRTMS\":4259}]","seed":" 21083760","task":"experiment","subjectId":"l7ew9m0ttdc8mbp","trial_type":"external-html","trial_index":19,"time_elapsed":228032,"internal_node_id":"0.0-9.0-0.11"},{"rt":6151,"url":"../static/nodeGraphs.html","edge":"5to7","edgeRT":"5542","flipped":"TRUE","correct_edge":"0to1","index":"32","edgeClickLog":"[{\"edgeSelection\":\"5to7\",\"edgeRTMS\":5542}]","seed":" 36895371","task":"experiment","subjectId":"l7ew9m0ttdc8mbp","trial_type":"external-html","trial_index":20,"time_elapsed":234818,"internal_node_id":"0.0-9.0-0.12"},{"rt":8322,"url":"../static/nodeGraphs.html","edge":"3to6","edgeRT":"7014","flipped":"TRUE","correct_edge":"0to2","index":"28","edgeClickLog":"[{\"edgeSelection\":\"0to2\",\"edgeRTMS\":3609},{\"edgeSelection\":\"0to2\",\"edgeRTMS\":4080},{\"edgeSelection\":\"0to2\",\"edgeRTMS\":6293},{\"edgeSelection\":\"3to6\",\"edgeRTMS\":7014}]","seed":" 8396978","task":"experiment","subjectId":"l7ew9m0ttdc8mbp","trial_type":"external-html","trial_index":21,"time_elapsed":243778,"internal_node_id":"0.0-9.0-0.13"},{"rt":3481,"url":"../static/nodeGraphs.html","edge":"1to4","edgeRT":"2482","flipped":"FALSE","correct_edge":"1to4","index":"2","edgeClickLog":"[{\"edgeSelection\":\"1to4\",\"edgeRTMS\":2482}]","seed":" 22809663","task":"experiment","subjectId":"l7ew9m0ttdc8mbp","trial_type":"external-html","trial_index":22,"time_elapsed":247898,"internal_node_id":"0.0-9.0-0.14"},{"rt":5198,"url":"../static/nodeGraphs.html","edge":"3to5","edgeRT":"4433","flipped":"TRUE","correct_edge":"0to2","index":"37","edgeClickLog":"[{\"edgeSelection\":\"3to5\",\"edgeRTMS\":4433}]","seed":" 21211189","task":"experiment","subjectId":"l7ew9m0ttdc8mbp","trial_type":"external-html","trial_index":23,"time_elapsed":253733,"internal_node_id":"0.0-9.0-0.15"},{"rt":3681,"url":"../static/nodeGraphs.html","edge":"3to6","edgeRT":"2926","flipped":"TRUE","correct_edge":"3to6","index":"22","edgeClickLog":"[{\"edgeSelection\":\"3to6\",\"edgeRTMS\":1789},{\"edgeSelection\":\"3to6\",\"edgeRTMS\":2926}]","seed":" 22809663","task":"experiment","subjectId":"l7ew9m0ttdc8mbp","trial_type":"external-html","trial_index":24,"time_elapsed":258047,"internal_node_id":"0.0-9.0-0.16"},{"rt":7992,"url":"../static/nodeGraphs.html","edge":"3to6","edgeRT":"7120","flipped":"TRUE","correct_edge":"0to2","index":"31","edgeClickLog":"[{\"edgeSelection\":\"3to6\",\"edgeRTMS\":5717},{\"edgeSelection\":\"3to6\",\"edgeRTMS\":7120}]","seed":" 63833578","task":"experiment","subjectId":"l7ew9m0ttdc8mbp","trial_type":"external-html","trial_index":25,"time_elapsed":266678,"internal_node_id":"0.0-9.0-0.17"},{"rt":4108,"url":"../static/nodeGraphs.html","edge":"6to8","edgeRT":"3356","flipped":"FALSE","correct_edge":"0to2","index":"10","edgeClickLog":"[{\"edgeSelection\":\"6to8\",\"edgeRTMS\":3356}]","seed":" 39688702","task":"experiment","subjectId":"l7ew9m0ttdc8mbp","trial_type":"external-html","trial_index":26,"time_elapsed":271424,"internal_node_id":"0.0-9.0-0.18"},{"rt":4195,"url":"../static/nodeGraphs.html","edge":"3to5","edgeRT":"2315","flipped":"FALSE","correct_edge":"5to9","index":"16","edgeClickLog":"[{\"edgeSelection\":\"3to5\",\"edgeRTMS\":2315}]","seed":" 5655743","task":"experiment","subjectId":"l7ew9m0ttdc8mbp","trial_type":"external-html","trial_index":27,"time_elapsed":276260,"internal_node_id":"0.0-9.0-0.19"},{"rt":2763,"url":"../static/nodeGraphs.html","edge":"1to5","edgeRT":"2131","flipped":"TRUE","correct_edge":"5to7","index":"36","edgeClickLog":"[{\"edgeSelection\":\"1to5\",\"edgeRTMS\":2131}]","seed":" 5655743","task":"experiment","subjectId":"l7ew9m0ttdc8mbp","trial_type":"external-html","trial_index":28,"time_elapsed":279659,"internal_node_id":"0.0-9.0-0.20"},{"rt":7723,"url":"../static/nodeGraphs.html","edge":"5to8","edgeRT":"6596","flipped":"FALSE","correct_edge":"0to3","index":"12","edgeClickLog":"[{\"edgeSelection\":\"5to8\",\"edgeRTMS\":6596}]","seed":" 36895371","task":"experiment","subjectId":"l7ew9m0ttdc8mbp","trial_type":"external-html","trial_index":29,"time_elapsed":288022,"internal_node_id":"0.0-9.0-0.21"},{"rt":5116,"url":"../static/nodeGraphs.html","edge":"1to5","edgeRT":"3817","flipped":"TRUE","correct_edge":"0to2","index":"27","edgeClickLog":"[{\"edgeSelection\":\"1to5\",\"edgeRTMS\":3817}]","seed":" 85614324","task":"experiment","subjectId":"l7ew9m0ttdc8mbp","trial_type":"external-html","trial_index":30,"time_elapsed":293776,"internal_node_id":"0.0-9.0-0.22"},{"rt":3202,"url":"../static/nodeGraphs.html","edge":"2to4","edgeRT":"2184","flipped":"FALSE","correct_edge":"2to4","index":"5","edgeClickLog":"[{\"edgeSelection\":\"2to4\",\"edgeRTMS\":2184}]","seed":" 10409262","task":"experiment","subjectId":"l7ew9m0ttdc8mbp","trial_type":"external-html","trial_index":31,"time_elapsed":297616,"internal_node_id":"0.0-9.0-0.23"},{"rt":6060,"url":"../static/nodeGraphs.html","edge":"6to8","edgeRT":"5335","flipped":"TRUE","correct_edge":"6to8","index":"21","edgeClickLog":"[{\"edgeSelection\":\"0to1\",\"edgeRTMS\":2233},{\"edgeSelection\":\"6to8\",\"edgeRTMS\":5335}]","seed":" 32816305","task":"experiment","subjectId":"l7ew9m0ttdc8mbp","trial_type":"external-html","trial_index":32,"time_elapsed":304310,"internal_node_id":"0.0-9.0-0.24"},{"rt":5366,"url":"../static/nodeGraphs.html","edge":"2to6","edgeRT":"3674","flipped":"TRUE","correct_edge":"2to6","index":"24","edgeClickLog":"[{\"edgeSelection\":\"2to6\",\"edgeRTMS\":3674}]","seed":" 36501291","task":"experiment","subjectId":"l7ew9m0ttdc8mbp","trial_type":"external-html","trial_index":33,"time_elapsed":310313,"internal_node_id":"0.0-9.0-0.25"},{"rt":3548,"url":"../static/nodeGraphs.html","edge":"1to4","edgeRT":"2266","flipped":"FALSE","correct_edge":"0to3","index":"9","edgeClickLog":"[{\"edgeSelection\":\"1to4\",\"edgeRTMS\":2266}]","seed":" 61187187","task":"experiment","subjectId":"l7ew9m0ttdc8mbp","trial_type":"external-html","trial_index":34,"time_elapsed":314492,"internal_node_id":"0.0-9.0-0.26"},{"rt":2418,"url":"../static/nodeGraphs.html","edge":"0to1","edgeRT":"1561","flipped":"FALSE","correct_edge":"0to1","index":"0","edgeClickLog":"[{\"edgeSelection\":\"0to1\",\"edgeRTMS\":1561}]","seed":" 21745736","task":"experiment","subjectId":"l7ew9m0ttdc8mbp","trial_type":"external-html","trial_index":35,"time_elapsed":317548,"internal_node_id":"0.0-9.0-0.27"},{"rt":2845,"url":"../static/nodeGraphs.html","edge":"4to8","edgeRT":"2399","flipped":"FALSE","correct_edge":"4to8","index":"1","edgeClickLog":"[{\"edgeSelection\":\"4to8\",\"edgeRTMS\":2399}]","seed":" 32816305","task":"experiment","subjectId":"l7ew9m0ttdc8mbp","trial_type":"external-html","trial_index":36,"time_elapsed":321029,"internal_node_id":"0.0-9.0-0.28"},{"rt":2906,"url":"../static/nodeGraphs.html","edge":"0to3","edgeRT":"2091","flipped":"TRUE","correct_edge":"0to3","index":"20","edgeClickLog":"[{\"edgeSelection\":\"0to3\",\"edgeRTMS\":1621},{\"edgeSelection\":\"0to3\",\"edgeRTMS\":2091}]","seed":" 21745736","task":"experiment","subjectId":"l7ew9m0ttdc8mbp","trial_type":"external-html","trial_index":37,"time_elapsed":324568,"internal_node_id":"0.0-9.0-0.29"},{"rt":3151,"url":"../static/nodeGraphs.html","edge":"2to4","edgeRT":"2301","flipped":"FALSE","correct_edge":"2to4","index":"4","edgeClickLog":"[{\"edgeSelection\":\"2to4\",\"edgeRTMS\":2301}]","seed":" 36501291","task":"experiment","subjectId":"l7ew9m0ttdc8mbp","trial_type":"external-html","trial_index":38,"time_elapsed":328356,"internal_node_id":"0.0-9.0-0.30"},{"rt":6045,"url":"../static/nodeGraphs.html","edge":"2to6","edgeRT":"5281","flipped":"TRUE","correct_edge":"2to6","index":"25","edgeClickLog":"[{\"edgeSelection\":\"2to6\",\"edgeRTMS\":5281}]","seed":" 10409262","task":"experiment","subjectId":"l7ew9m0ttdc8mbp","trial_type":"external-html","trial_index":39,"time_elapsed":335041,"internal_node_id":"0.0-9.0-0.31"},{"rt":2261,"url":"../static/nodeGraphs.html","edge":"4to7","edgeRT":"1667","flipped":"FALSE","correct_edge":"4to7","index":"6","edgeClickLog":"[{\"edgeSelection\":\"4to7\",\"edgeRTMS\":1667}]","seed":" 13523788","task":"experiment","subjectId":"l7ew9m0ttdc8mbp","trial_type":"external-html","trial_index":40,"time_elapsed":337941,"internal_node_id":"0.0-9.0-0.32"},{"rt":4257,"url":"../static/nodeGraphs.html","edge":"3to6","edgeRT":"3098","flipped":"TRUE","correct_edge":"0to1","index":"29","edgeClickLog":"[{\"edgeSelection\":\"3to6\",\"edgeRTMS\":3098}]","seed":" 61187187","task":"experiment","subjectId":"l7ew9m0ttdc8mbp","trial_type":"external-html","trial_index":41,"time_elapsed":342840,"internal_node_id":"0.0-9.0-0.33"},{"rt":3244,"url":"../static/nodeGraphs.html","edge":"5to7","edgeRT":"2541","flipped":"TRUE","correct_edge":"0to3","index":"39","edgeClickLog":"[{\"edgeSelection\":\"5to7\",\"edgeRTMS\":2541}]","seed":" 37422119","task":"experiment","subjectId":"l7ew9m0ttdc8mbp","trial_type":"external-html","trial_index":42,"time_elapsed":346727,"internal_node_id":"0.0-9.0-0.34"},{"rt":2646,"url":"../static/nodeGraphs.html","edge":"5to7","edgeRT":"1912","flipped":"FALSE","correct_edge":"0to1","index":"19","edgeClickLog":"[{\"edgeSelection\":\"5to7\",\"edgeRTMS\":1912}]","seed":" 37422119","task":"experiment","subjectId":"l7ew9m0ttdc8mbp","trial_type":"external-html","trial_index":43,"time_elapsed":350010,"internal_node_id":"0.0-9.0-0.35"},{"rt":3117,"url":"../static/nodeGraphs.html","edge":"4to8","edgeRT":"2569","flipped":"TRUE","correct_edge":"0to2","index":"30","edgeClickLog":"[{\"edgeSelection\":\"4to8\",\"edgeRTMS\":2569}]","seed":" 39688702","task":"experiment","subjectId":"l7ew9m0ttdc8mbp","trial_type":"external-html","trial_index":44,"time_elapsed":353764,"internal_node_id":"0.0-9.0-0.36"},{"rt":6858,"url":"../static/nodeGraphs.html","edge":"2to6","edgeRT":"6094","flipped":"FALSE","correct_edge":"2to6","index":"15","edgeClickLog":"[{\"edgeSelection\":\"2to6\",\"edgeRTMS\":4660},{\"edgeSelection\":\"2to6\",\"edgeRTMS\":6094}]","seed":" 53220770","task":"experiment","subjectId":"l7ew9m0ttdc8mbp","trial_type":"external-html","trial_index":45,"time_elapsed":361259,"internal_node_id":"0.0-9.0-0.37"},{"rt":4224,"url":"../static/nodeGraphs.html","edge":"1to5","edgeRT":"3634","flipped":"TRUE","correct_edge":"1to5","index":"38","edgeClickLog":"[{\"edgeSelection\":\"1to5\",\"edgeRTMS\":3634}]","seed":" 22181670","task":"experiment","subjectId":"l7ew9m0ttdc8mbp","trial_type":"external-html","trial_index":46,"time_elapsed":366117,"internal_node_id":"0.0-9.0-0.38"},{"rt":5199,"url":"../static/nodeGraphs.html","edge":"0to2","edgeRT":"4442","flipped":"FALSE","correct_edge":"0to2","index":"11","edgeClickLog":"[{\"edgeSelection\":\"0to2\",\"edgeRTMS\":4442}]","seed":" 63833578","task":"experiment","subjectId":"l7ew9m0ttdc8mbp","trial_type":"external-html","trial_index":47,"time_elapsed":371953,"internal_node_id":"0.0-9.0-0.39"},{"rt":17182,"response":{"P0_Q0":null,"P0_Q1":5,"P0_Q2":7,"P0_Q3":7,"P0_Q4":5,"P0_Q5":1,"strategies":"looking at the numbers","feedback":"na"},"accuracy":[],"trial_type":"survey","trial_index":48,"time_elapsed":389681,"internal_node_id":"0.0-10.0"},{"rt":3015,"stimulus":"<p>Thanks for your time!</p>        <p>We need to manually calculate your bonus pay, please give us up to 7 days.</p><p>Press any key to conclude.</p>","response":" ","task":"end","subjectId":"l7ew9m0ttdc8mbp","trial_type":"html-keyboard-response","trial_index":49,"time_elapsed":392698,"internal_node_id":"0.0-11.0","interactions":"[{\"event\":\"fullscreenenter\",\"trial\":1,\"time\":3597}]"}]