[{"success":true,"timeout":false,"failed_images":[],"failed_audio":[],"failed_video":[],"trial_type":"preload","trial_index":0,"time_elapsed":809,"internal_node_id":"0.0-0.0"},{"success":true,"trial_type":"fullscreen","trial_index":1,"time_elapsed":6105,"internal_node_id":"0.0-1.0"},{"rt":3117,"stimulus":"Welcome to the experiment. Press any key to begin.","response":" ","trial_type":"html-keyboard-response","trial_index":2,"time_elapsed":9226,"internal_node_id":"0.0-2.0"},{"view_history":[{"page_index":0,"viewing_time":7610},{"page_index":1,"viewing_time":8458},{"page_index":2,"viewing_time":47865},{"page_index":3,"viewing_time":7019},{"page_index":4,"viewing_time":1753},{"page_index":5,"viewing_time":1241},{"page_index":6,"viewing_time":3626},{"page_index":7,"viewing_time":15328},{"page_index":8,"viewing_time":27750},{"page_index":9,"viewing_time":14600},{"page_index":10,"viewing_time":1280},{"page_index":11,"viewing_time":769},{"page_index":12,"viewing_time":1000},{"page_index":13,"viewing_time":1961},{"page_index":14,"viewing_time":2413},{"page_index":15,"viewing_time":4503},{"page_index":16,"viewing_time":1344},{"page_index":17,"viewing_time":601},{"page_index":18,"viewing_time":1152},{"page_index":19,"viewing_time":6187},{"page_index":20,"viewing_time":7492},{"page_index":21,"viewing_time":6338}],"rt":170289,"trial_type":"instructions","trial_index":3,"time_elapsed":179518,"internal_node_id":"0.0-3.0"},{"rt":96862,"url":"../static/nodeGraphsTraining.html","edgeClickLog":[],"trial_type":"external-html","trial_index":4,"time_elapsed":276553,"internal_node_id":"0.0-4.0"},{"rt":37514,"response":{"q1":"The goal is to help the student to get the most points","q2":"False","q3":"Possible paths the student can take.","q4":"Paths that the student took before."},"question_order":[0,1,2,3],"trial_type":"survey-multi-choice","trial_index":5,"time_elapsed":314070,"internal_node_id":"0.0-5.0"},{"rt":26914,"stimulus":"<p>You can take a 60 second break before starting the experiment.</p><br><br><p>This page will advance in 60 seconds or you can press any key to advance now.</p>","response":" ","trial_type":"html-keyboard-response","trial_index":6,"time_elapsed":340992,"internal_node_id":"0.0-7.0"},{"view_history":[{"page_index":0,"viewing_time":30142}],"rt":30142,"trial_type":"instructions","trial_index":7,"time_elapsed":371136,"internal_node_id":"0.0-8.0"},{"rt":28798,"url":"../static/nodeGraphs.html","edge":"2to4","edgeRT":"25242","flipped":"FALSE","correct_edge":"2to4","index":"5","edgeClickLog":"[{\"edgeSelection\":\"2to4\",\"edgeRTMS\":12476},{\"edgeSelection\":\"4to7\",\"edgeRTMS\":23232},{\"edgeSelection\":\"2to4\",\"edgeRTMS\":25242}]","seed":" 10409262","task":"experiment","subjectId":"7nbh2tw84qndcgb","trial_type":"external-html","trial_index":8,"time_elapsed":400054,"internal_node_id":"0.0-9.0-0.0"},{"rt":13502,"url":"../static/nodeGraphs.html","edge":"4to8","edgeRT":"5565","flipped":"FALSE","correct_edge":"4to8","index":"1","edgeClickLog":"[{\"edgeSelection\":\"4to8\",\"edgeRTMS\":5565}]","seed":" 32816305","task":"experiment","subjectId":"7nbh2tw84qndcgb","trial_type":"external-html","trial_index":9,"time_elapsed":414182,"internal_node_id":"0.0-9.0-0.1"},{"rt":15235,"url":"../static/nodeGraphs.html","edge":"0to2","edgeRT":"6829","flipped":"TRUE","correct_edge":"0to2","index":"37","edgeClickLog":"[{\"edgeSelection\":\"0to2\",\"edgeRTMS\":6829}]","seed":" 21211189","task":"experiment","subjectId":"7nbh2tw84qndcgb","trial_type":"external-html","trial_index":10,"time_elapsed":430043,"internal_node_id":"0.0-9.0-0.2"},{"rt":12479,"url":"../static/nodeGraphs.html","edge":"0to1","edgeRT":"7867","flipped":"TRUE","correct_edge":"6to9","index":"26","edgeClickLog":"[{\"edgeSelection\":\"0to1\",\"edgeRTMS\":7867}]","seed":" 13523788","task":"experiment","subjectId":"7nbh2tw84qndcgb","trial_type":"external-html","trial_index":11,"time_elapsed":443143,"internal_node_id":"0.0-9.0-0.3"},{"rt":8702,"url":"../static/nodeGraphs.html","edge":"0to2","edgeRT":"6465","flipped":"TRUE","correct_edge":"0to2","index":"27","edgeClickLog":"[{\"edgeSelection\":\"0to2\",\"edgeRTMS\":6465}]","seed":" 85614324","task":"experiment","subjectId":"7nbh2tw84qndcgb","trial_type":"external-html","trial_index":12,"time_elapsed":452479,"internal_node_id":"0.0-9.0-0.4"},{"rt":10076,"url":"../static/nodeGraphs.html","edge":"0to2","edgeRT":"6344","flipped":"FALSE","correct_edge":"0to2","index":"11","edgeClickLog":"[{\"edgeSelection\":\"0to2\",\"edgeRTMS\":6344}]","seed":" 63833578","task":"experiment","subjectId":"7nbh2tw84qndcgb","trial_type":"external-html","trial_index":13,"time_elapsed":463177,"internal_node_id":"0.0-9.0-0.5"},{"rt":16885,"url":"../static/nodeGraphs.html","edge":"0to2","edgeRT":"14544","flipped":"TRUE","correct_edge":"0to2","index":"30","edgeClickLog":"[{\"edgeSelection\":\"0to2\",\"edgeRTMS\":14544}]","seed":" 39688702","task":"experiment","subjectId":"7nbh2tw84qndcgb","trial_type":"external-html","trial_index":14,"time_elapsed":480689,"internal_node_id":"0.0-9.0-0.6"},{"rt":8989,"url":"../static/nodeGraphs.html","edge":"0to2","edgeRT":"6177","flipped":"FALSE","correct_edge":"0to2","index":"17","edgeClickLog":"[{\"edgeSelection\":\"0to2\",\"edgeRTMS\":6177}]","seed":" 21211189","task":"experiment","subjectId":"7nbh2tw84qndcgb","trial_type":"external-html","trial_index":15,"time_elapsed":490301,"internal_node_id":"0.0-9.0-0.7"},{"rt":11963,"url":"../static/nodeGraphs.html","edge":"2to6","edgeRT":"7424","flipped":"TRUE","correct_edge":"2to6","index":"25","edgeClickLog":"[{\"edgeSelection\":\"3to5\",\"edgeRTMS\":5358},{\"edgeSelection\":\"2to6\",\"edgeRTMS\":7424}]","seed":" 10409262","task":"experiment","subjectId":"7nbh2tw84qndcgb","trial_type":"external-html","trial_index":16,"time_elapsed":502883,"internal_node_id":"0.0-9.0-0.8"},{"rt":10715,"url":"../static/nodeGraphs.html","edge":"1to4","edgeRT":"8806","flipped":"FALSE","correct_edge":"1to4","index":"2","edgeClickLog":"[{\"edgeSelection\":\"1to4\",\"edgeRTMS\":8806}]","seed":" 22809663","task":"experiment","subjectId":"7nbh2tw84qndcgb","trial_type":"external-html","trial_index":17,"time_elapsed":514223,"internal_node_id":"0.0-9.0-0.9"},{"rt":11602,"url":"../static/nodeGraphs.html","edge":"0to3","edgeRT":"9749","flipped":"FALSE","correct_edge":"4to7","index":"6","edgeClickLog":"[{\"edgeSelection\":\"0to2\",\"edgeRTMS\":6010},{\"edgeSelection\":\"0to3\",\"edgeRTMS\":9749}]","seed":" 13523788","task":"experiment","subjectId":"7nbh2tw84qndcgb","trial_type":"external-html","trial_index":18,"time_elapsed":526449,"internal_node_id":"0.0-9.0-0.10"},{"rt":21381,"url":"../static/nodeGraphs.html","edge":"0to3","edgeRT":"19424","flipped":"TRUE","correct_edge":"0to2","index":"34","edgeClickLog":"[{\"edgeSelection\":\"0to3\",\"edgeRTMS\":18652},{\"edgeSelection\":\"0to3\",\"edgeRTMS\":19424}]","seed":" 21083760","task":"experiment","subjectId":"7nbh2tw84qndcgb","trial_type":"external-html","trial_index":19,"time_elapsed":548473,"internal_node_id":"0.0-9.0-0.11"},{"rt":9679,"url":"../static/nodeGraphs.html","edge":"0to2","edgeRT":"7623","flipped":"FALSE","correct_edge":"0to2","index":"14","edgeClickLog":"[{\"edgeSelection\":\"0to2\",\"edgeRTMS\":7623}]","seed":" 21083760","task":"experiment","subjectId":"7nbh2tw84qndcgb","trial_type":"external-html","trial_index":20,"time_elapsed":558774,"internal_node_id":"0.0-9.0-0.12"},{"rt":24305,"url":"../static/nodeGraphs.html","edge":"0to2","edgeRT":"22575","flipped":"FALSE","correct_edge":"0to2","index":"13","edgeClickLog":"[{\"edgeSelection\":\"0to2\",\"edgeRTMS\":22575}]","seed":" 49587019","task":"experiment","subjectId":"7nbh2tw84qndcgb","trial_type":"external-html","trial_index":21,"time_elapsed":583706,"internal_node_id":"0.0-9.0-0.13"},{"rt":16110,"url":"../static/nodeGraphs.html","edge":"0to1","edgeRT":"12275","flipped":"TRUE","correct_edge":"0to1","index":"29","edgeClickLog":"[{\"edgeSelection\":\"0to1\",\"edgeRTMS\":12275}]","seed":" 61187187","task":"experiment","subjectId":"7nbh2tw84qndcgb","trial_type":"external-html","trial_index":22,"time_elapsed":600441,"internal_node_id":"0.0-9.0-0.14"},{"rt":6833,"url":"../static/nodeGraphs.html","edge":"5to8","edgeRT":"3494","flipped":"TRUE","correct_edge":"5to8","index":"23","edgeClickLog":"[{\"edgeSelection\":\"5to8\",\"edgeRTMS\":3494}]","seed":" 46003743","task":"experiment","subjectId":"7nbh2tw84qndcgb","trial_type":"external-html","trial_index":23,"time_elapsed":607895,"internal_node_id":"0.0-9.0-0.15"},{"rt":9598,"url":"../static/nodeGraphs.html","edge":"0to2","edgeRT":"5867","flipped":"TRUE","correct_edge":"0to2","index":"28","edgeClickLog":"[{\"edgeSelection\":\"0to2\",\"edgeRTMS\":5867}]","seed":" 8396978","task":"experiment","subjectId":"7nbh2tw84qndcgb","trial_type":"external-html","trial_index":24,"time_elapsed":618110,"internal_node_id":"0.0-9.0-0.16"},{"rt":10481,"url":"../static/nodeGraphs.html","edge":"0to2","edgeRT":"7211","flipped":"FALSE","correct_edge":"0to2","index":"10","edgeClickLog":"[{\"edgeSelection\":\"0to2\",\"edgeRTMS\":7211}]","seed":" 39688702","task":"experiment","subjectId":"7nbh2tw84qndcgb","trial_type":"external-html","trial_index":25,"time_elapsed":629215,"internal_node_id":"0.0-9.0-0.17"},{"rt":9586,"url":"../static/nodeGraphs.html","edge":"0to1","edgeRT":"6433","flipped":"FALSE","correct_edge":"0to1","index":"0","edgeClickLog":"[{\"edgeSelection\":\"0to1\",\"edgeRTMS\":6433}]","seed":" 21745736","task":"experiment","subjectId":"7nbh2tw84qndcgb","trial_type":"external-html","trial_index":26,"time_elapsed":639423,"internal_node_id":"0.0-9.0-0.18"},{"rt":8998,"url":"../static/nodeGraphs.html","edge":"0to3","edgeRT":"6505","flipped":"TRUE","correct_edge":"0to3","index":"39","edgeClickLog":"[{\"edgeSelection\":\"0to3\",\"edgeRTMS\":6505}]","seed":" 37422119","task":"experiment","subjectId":"7nbh2tw84qndcgb","trial_type":"external-html","trial_index":27,"time_elapsed":649042,"internal_node_id":"0.0-9.0-0.19"},{"rt":11637,"url":"../static/nodeGraphs.html","edge":"0to2","edgeRT":"9078","flipped":"TRUE","correct_edge":"0to2","index":"33","edgeClickLog":"[{\"edgeSelection\":\"0to2\",\"edgeRTMS\":9078}]","seed":" 49587019","task":"experiment","subjectId":"7nbh2tw84qndcgb","trial_type":"external-html","trial_index":28,"time_elapsed":661300,"internal_node_id":"0.0-9.0-0.20"},{"rt":26735,"url":"../static/nodeGraphs.html","edge":"0to2","edgeRT":"19350","flipped":"FALSE","correct_edge":"0to2","index":"7","edgeClickLog":"[{\"edgeSelection\":\"0to2\",\"edgeRTMS\":16344},{\"edgeSelection\":\"0to2\",\"edgeRTMS\":18427},{\"edgeSelection\":\"0to2\",\"edgeRTMS\":18931},{\"edgeSelection\":\"0to2\",\"edgeRTMS\":19350}]","seed":" 85614324","task":"experiment","subjectId":"7nbh2tw84qndcgb","trial_type":"external-html","trial_index":29,"time_elapsed":688658,"internal_node_id":"0.0-9.0-0.21"},{"rt":17306,"url":"../static/nodeGraphs.html","edge":"0to2","edgeRT":"15888","flipped":"FALSE","correct_edge":"3to5","index":"18","edgeClickLog":"[{\"edgeSelection\":\"0to2\",\"edgeRTMS\":7771},{\"edgeSelection\":\"3to5\",\"edgeRTMS\":12609},{\"edgeSelection\":\"0to2\",\"edgeRTMS\":15888}]","seed":" 22181670","task":"experiment","subjectId":"7nbh2tw84qndcgb","trial_type":"external-html","trial_index":30,"time_elapsed":706585,"internal_node_id":"0.0-9.0-0.22"},{"rt":17255,"url":"../static/nodeGraphs.html","edge":"6to8","edgeRT":"14967","flipped":"TRUE","correct_edge":"6to8","index":"21","edgeClickLog":"[{\"edgeSelection\":\"0to1\",\"edgeRTMS\":8202},{\"edgeSelection\":\"6to8\",\"edgeRTMS\":14967}]","seed":" 32816305","task":"experiment","subjectId":"7nbh2tw84qndcgb","trial_type":"external-html","trial_index":31,"time_elapsed":724456,"internal_node_id":"0.0-9.0-0.23"},{"rt":13421,"url":"../static/nodeGraphs.html","edge":"1to5","edgeRT":"9922","flipped":"TRUE","correct_edge":"1to5","index":"38","edgeClickLog":"[{\"edgeSelection\":\"1to5\",\"edgeRTMS\":9922}]","seed":" 22181670","task":"experiment","subjectId":"7nbh2tw84qndcgb","trial_type":"external-html","trial_index":32,"time_elapsed":738505,"internal_node_id":"0.0-9.0-0.24"},{"rt":13577,"url":"../static/nodeGraphs.html","edge":"0to3","edgeRT":"11436","flipped":"TRUE","correct_edge":"0to3","index":"20","edgeClickLog":"[{\"edgeSelection\":\"0to1\",\"edgeRTMS\":5932},{\"edgeSelection\":\"0to3\",\"edgeRTMS\":11436}]","seed":" 21745736","task":"experiment","subjectId":"7nbh2tw84qndcgb","trial_type":"external-html","trial_index":33,"time_elapsed":752702,"internal_node_id":"0.0-9.0-0.25"},{"rt":20750,"url":"../static/nodeGraphs.html","edge":"3to5","edgeRT":"12184","flipped":"FALSE","correct_edge":"5to9","index":"16","edgeClickLog":"[{\"edgeSelection\":\"0to1\",\"edgeRTMS\":7683},{\"edgeSelection\":\"3to5\",\"edgeRTMS\":12184}]","seed":" 5655743","task":"experiment","subjectId":"7nbh2tw84qndcgb","trial_type":"external-html","trial_index":34,"time_elapsed":774077,"internal_node_id":"0.0-9.0-0.26"},{"rt":9002,"url":"../static/nodeGraphs.html","edge":"5to8","edgeRT":"7279","flipped":"FALSE","correct_edge":"5to8","index":"3","edgeClickLog":"[{\"edgeSelection\":\"5to8\",\"edgeRTMS\":7279}]","seed":" 46003743","task":"experiment","subjectId":"7nbh2tw84qndcgb","trial_type":"external-html","trial_index":35,"time_elapsed":783712,"internal_node_id":"0.0-9.0-0.27"},{"rt":9561,"url":"../static/nodeGraphs.html","edge":"5to9","edgeRT":"7488","flipped":"FALSE","correct_edge":"0to1","index":"19","edgeClickLog":"[{\"edgeSelection\":\"5to9\",\"edgeRTMS\":7488}]","seed":" 37422119","task":"experiment","subjectId":"7nbh2tw84qndcgb","trial_type":"external-html","trial_index":36,"time_elapsed":793896,"internal_node_id":"0.0-9.0-0.28"},{"rt":37829,"url":"../static/nodeGraphs.html","edge":"2to5","edgeRT":"17920","flipped":"TRUE","correct_edge":"0to2","index":"31","edgeClickLog":"[{\"edgeSelection\":\"2to5\",\"edgeRTMS\":17920}]","seed":" 63833578","task":"experiment","subjectId":"7nbh2tw84qndcgb","trial_type":"external-html","trial_index":37,"time_elapsed":832356,"internal_node_id":"0.0-9.0-0.29"},{"rt":10807,"url":"../static/nodeGraphs.html","edge":"0to1","edgeRT":"9059","flipped":"TRUE","correct_edge":"0to1","index":"32","edgeClickLog":"[{\"edgeSelection\":\"0to1\",\"edgeRTMS\":9059}]","seed":" 36895371","task":"experiment","subjectId":"7nbh2tw84qndcgb","trial_type":"external-html","trial_index":38,"time_elapsed":843794,"internal_node_id":"0.0-9.0-0.30"},{"rt":9484,"url":"../static/nodeGraphs.html","edge":"3to6","edgeRT":"6152","flipped":"TRUE","correct_edge":"3to6","index":"22","edgeClickLog":"[{\"edgeSelection\":\"3to6\",\"edgeRTMS\":6152}]","seed":" 22809663","task":"experiment","subjectId":"7nbh2tw84qndcgb","trial_type":"external-html","trial_index":39,"time_elapsed":853908,"internal_node_id":"0.0-9.0-0.31"},{"rt":8168,"url":"../static/nodeGraphs.html","edge":"0to3","edgeRT":"5137","flipped":"FALSE","correct_edge":"0to3","index":"12","edgeClickLog":"[{\"edgeSelection\":\"0to3\",\"edgeRTMS\":5137}]","seed":" 36895371","task":"experiment","subjectId":"7nbh2tw84qndcgb","trial_type":"external-html","trial_index":40,"time_elapsed":862707,"internal_node_id":"0.0-9.0-0.32"},{"rt":9899,"url":"../static/nodeGraphs.html","edge":"2to4","edgeRT":"7260","flipped":"FALSE","correct_edge":"2to4","index":"4","edgeClickLog":"[{\"edgeSelection\":\"2to4\",\"edgeRTMS\":7260}]","seed":" 36501291","task":"experiment","subjectId":"7nbh2tw84qndcgb","trial_type":"external-html","trial_index":41,"time_elapsed":873229,"internal_node_id":"0.0-9.0-0.33"},{"rt":10150,"url":"../static/nodeGraphs.html","edge":"2to6","edgeRT":"7287","flipped":"TRUE","correct_edge":"2to6","index":"24","edgeClickLog":"[{\"edgeSelection\":\"2to6\",\"edgeRTMS\":7287}]","seed":" 36501291","task":"experiment","subjectId":"7nbh2tw84qndcgb","trial_type":"external-html","trial_index":42,"time_elapsed":884002,"internal_node_id":"0.0-9.0-0.34"},{"rt":15620,"url":"../static/nodeGraphs.html","edge":"0to2","edgeRT":"10345","flipped":"FALSE","correct_edge":"0to2","index":"8","edgeClickLog":"[{\"edgeSelection\":\"0to2\",\"edgeRTMS\":10345}]","seed":" 8396978","task":"experiment","subjectId":"7nbh2tw84qndcgb","trial_type":"external-html","trial_index":43,"time_elapsed":900263,"internal_node_id":"0.0-9.0-0.35"},{"rt":8833,"url":"../static/nodeGraphs.html","edge":"2to6","edgeRT":"6105","flipped":"FALSE","correct_edge":"2to6","index":"15","edgeClickLog":"[{\"edgeSelection\":\"2to6\",\"edgeRTMS\":6105}]","seed":" 53220770","task":"experiment","subjectId":"7nbh2tw84qndcgb","trial_type":"external-html","trial_index":44,"time_elapsed":909730,"internal_node_id":"0.0-9.0-0.36"},{"rt":16754,"url":"../static/nodeGraphs.html","edge":"5to7","edgeRT":"15026","flipped":"FALSE","correct_edge":"0to3","index":"9","edgeClickLog":"[{\"edgeSelection\":\"5to7\",\"edgeRTMS\":15026}]","seed":" 61187187","task":"experiment","subjectId":"7nbh2tw84qndcgb","trial_type":"external-html","trial_index":45,"time_elapsed":927105,"internal_node_id":"0.0-9.0-0.37"},{"rt":7299,"url":"../static/nodeGraphs.html","edge":"1to5","edgeRT":"5839","flipped":"TRUE","correct_edge":"5to7","index":"36","edgeClickLog":"[{\"edgeSelection\":\"1to5\",\"edgeRTMS\":5839}]","seed":" 5655743","task":"experiment","subjectId":"7nbh2tw84qndcgb","trial_type":"external-html","trial_index":46,"time_elapsed":935042,"internal_node_id":"0.0-9.0-0.38"},{"rt":12418,"url":"../static/nodeGraphs.html","edge":"2to4","edgeRT":"10609","flipped":"TRUE","correct_edge":"2to4","index":"35","edgeClickLog":"[{\"edgeSelection\":\"2to4\",\"edgeRTMS\":10609}]","seed":" 53220770","task":"experiment","subjectId":"7nbh2tw84qndcgb","trial_type":"external-html","trial_index":47,"time_elapsed":948086,"internal_node_id":"0.0-9.0-0.39"},{"rt":60896,"response":{"P0_Q0":null,"P0_Q1":4,"P0_Q2":6,"P0_Q3":6,"P0_Q4":5,"P0_Q5":3,"strategies":"Trying to open a new path that may not have existed before that would hopefully lead to more points overall. ","feedback":"none"},"accuracy":[],"trial_type":"survey","trial_index":48,"time_elapsed":1009583,"internal_node_id":"0.0-10.0"},{"rt":2696,"stimulus":"<p>Thanks for your time!</p>        <p>We need to manually calculate your bonus pay, please give us up to 7 days.</p><p>Press any key to conclude.</p>","response":" ","task":"end","subjectId":"7nbh2tw84qndcgb","trial_type":"html-keyboard-response","trial_index":49,"time_elapsed":1012282,"internal_node_id":"0.0-11.0","interactions":"[{\"event\":\"fullscreenenter\",\"trial\":1,\"time\":5123},{\"event\":\"blur\",\"trial\":29,\"time\":676359},{\"event\":\"focus\",\"trial\":29,\"time\":676359},{\"event\":\"fullscreenexit\",\"trial\":29,\"time\":676375}]"}]