[{"success":true,"timeout":false,"failed_images":[],"failed_audio":[],"failed_video":[],"trial_type":"preload","trial_index":0,"time_elapsed":1013,"internal_node_id":"0.0-0.0"},{"success":true,"trial_type":"fullscreen","trial_index":1,"time_elapsed":7042,"internal_node_id":"0.0-1.0"},{"rt":3194,"stimulus":"Welcome to the experiment. Press any key to begin.","response":" ","trial_type":"html-keyboard-response","trial_index":2,"time_elapsed":10238,"internal_node_id":"0.0-2.0"},{"view_history":[{"page_index":0,"viewing_time":4771},{"page_index":1,"viewing_time":8188},{"page_index":2,"viewing_time":43559},{"page_index":3,"viewing_time":16160},{"page_index":4,"viewing_time":2998},{"page_index":5,"viewing_time":5442},{"page_index":6,"viewing_time":4940},{"page_index":7,"viewing_time":48928},{"page_index":8,"viewing_time":20966},{"page_index":9,"viewing_time":14236},{"page_index":10,"viewing_time":2259},{"page_index":11,"viewing_time":820},{"page_index":12,"viewing_time":780},{"page_index":13,"viewing_time":1920},{"page_index":14,"viewing_time":6050},{"page_index":15,"viewing_time":7503},{"page_index":16,"viewing_time":3338},{"page_index":17,"viewing_time":1177},{"page_index":18,"viewing_time":1162},{"page_index":19,"viewing_time":11788},{"page_index":20,"viewing_time":9413},{"page_index":21,"viewing_time":7104}],"rt":223502,"trial_type":"instructions","trial_index":3,"time_elapsed":233742,"internal_node_id":"0.0-3.0"},{"rt":150405,"url":"../static/nodeGraphsTraining.html","edgeClickLog":[],"trial_type":"external-html","trial_index":4,"time_elapsed":384279,"internal_node_id":"0.0-4.0"},{"rt":40388,"response":{"q1":"The goal is to help the student to get the most points","q2":"False","q3":"Possible paths the student can take.","q4":"Paths that the student took before."},"question_order":[0,1,2,3],"trial_type":"survey-multi-choice","trial_index":5,"time_elapsed":424670,"internal_node_id":"0.0-5.0"},{"rt":55755,"stimulus":"<p>You can take a 60 second break before starting the experiment.</p><br><br><p>This page will advance in 60 seconds or you can press any key to advance now.</p>","response":" ","trial_type":"html-keyboard-response","trial_index":6,"time_elapsed":480426,"internal_node_id":"0.0-7.0"},{"view_history":[{"page_index":0,"viewing_time":22111}],"rt":22111,"trial_type":"instructions","trial_index":7,"time_elapsed":502537,"internal_node_id":"0.0-8.0"},{"rt":26000,"url":"../static/nodeGraphs.html","edge":"6to8","edgeRT":"23262","flipped":"TRUE","correct_edge":"0to2","index":"30","edgeClickLog":"[{\"edgeSelection\":\"0to3\",\"edgeRTMS\":18410},{\"edgeSelection\":\"3to6\",\"edgeRTMS\":21022},{\"edgeSelection\":\"6to8\",\"edgeRTMS\":23262}]","seed":" 39688702","task":"experiment","subjectId":"fdsdrq3uyor6lf0","trial_type":"external-html","trial_index":8,"time_elapsed":528629,"internal_node_id":"0.0-9.0-0.0"},{"rt":24950,"url":"../static/nodeGraphs.html","edge":"4to7","edgeRT":"23058","flipped":"FALSE","correct_edge":"4to8","index":"1","edgeClickLog":"[{\"edgeSelection\":\"0to2\",\"edgeRTMS\":19342},{\"edgeSelection\":\"2to4\",\"edgeRTMS\":21108},{\"edgeSelection\":\"4to7\",\"edgeRTMS\":23058}]","seed":" 32816305","task":"experiment","subjectId":"fdsdrq3uyor6lf0","trial_type":"external-html","trial_index":9,"time_elapsed":554189,"internal_node_id":"0.0-9.0-0.1"},{"rt":14504,"url":"../static/nodeGraphs.html","edge":"5to8","edgeRT":"12632","flipped":"FALSE","correct_edge":"0to2","index":"7","edgeClickLog":"[{\"edgeSelection\":\"0to2\",\"edgeRTMS\":9138},{\"edgeSelection\":\"2to5\",\"edgeRTMS\":10702},{\"edgeSelection\":\"5to8\",\"edgeRTMS\":12632}]","seed":" 85614324","task":"experiment","subjectId":"fdsdrq3uyor6lf0","trial_type":"external-html","trial_index":10,"time_elapsed":569289,"internal_node_id":"0.0-9.0-0.2"},{"rt":17829,"url":"../static/nodeGraphs.html","edge":"4to8","edgeRT":"14664","flipped":"TRUE","correct_edge":"0to1","index":"29","edgeClickLog":"[{\"edgeSelection\":\"0to1\",\"edgeRTMS\":9372},{\"edgeSelection\":\"1to4\",\"edgeRTMS\":12020},{\"edgeSelection\":\"4to8\",\"edgeRTMS\":14664}]","seed":" 61187187","task":"experiment","subjectId":"fdsdrq3uyor6lf0","trial_type":"external-html","trial_index":11,"time_elapsed":587729,"internal_node_id":"0.0-9.0-0.3"},{"rt":29431,"url":"../static/nodeGraphs.html","edge":"5to7","edgeRT":"27699","flipped":"FALSE","correct_edge":"0to3","index":"12","edgeClickLog":"[{\"edgeSelection\":\"0to3\",\"edgeRTMS\":21615},{\"edgeSelection\":\"3to5\",\"edgeRTMS\":25558},{\"edgeSelection\":\"5to7\",\"edgeRTMS\":27699}]","seed":" 36895371","task":"experiment","subjectId":"fdsdrq3uyor6lf0","trial_type":"external-html","trial_index":12,"time_elapsed":617779,"internal_node_id":"0.0-9.0-0.4"},{"rt":15720,"url":"../static/nodeGraphs.html","edge":"6to9","edgeRT":"13698","flipped":"FALSE","correct_edge":"5to9","index":"16","edgeClickLog":"[{\"edgeSelection\":\"0to3\",\"edgeRTMS\":10404},{\"edgeSelection\":\"3to6\",\"edgeRTMS\":11996},{\"edgeSelection\":\"6to9\",\"edgeRTMS\":13698}]","seed":" 5655743","task":"experiment","subjectId":"fdsdrq3uyor6lf0","trial_type":"external-html","trial_index":13,"time_elapsed":634112,"internal_node_id":"0.0-9.0-0.5"},{"rt":29836,"url":"../static/nodeGraphs.html","edge":"4to8","edgeRT":"27325","flipped":"FALSE","correct_edge":"0to2","index":"8","edgeClickLog":"[{\"edgeSelection\":\"0to2\",\"edgeRTMS\":17882},{\"edgeSelection\":\"2to4\",\"edgeRTMS\":22364},{\"edgeSelection\":\"4to8\",\"edgeRTMS\":27325}]","seed":" 8396978","task":"experiment","subjectId":"fdsdrq3uyor6lf0","trial_type":"external-html","trial_index":14,"time_elapsed":664559,"internal_node_id":"0.0-9.0-0.6"},{"rt":18607,"url":"../static/nodeGraphs.html","edge":"6to9","edgeRT":"16816","flipped":"TRUE","correct_edge":"0to2","index":"34","edgeClickLog":"[{\"edgeSelection\":\"0to3\",\"edgeRTMS\":7755},{\"edgeSelection\":\"3to6\",\"edgeRTMS\":13857},{\"edgeSelection\":\"6to9\",\"edgeRTMS\":16816}]","seed":" 21083760","task":"experiment","subjectId":"fdsdrq3uyor6lf0","trial_type":"external-html","trial_index":15,"time_elapsed":683775,"internal_node_id":"0.0-9.0-0.7"},{"rt":17872,"url":"../static/nodeGraphs.html","edge":"4to8","edgeRT":"15640","flipped":"FALSE","correct_edge":"0to2","index":"10","edgeClickLog":"[{\"edgeSelection\":\"0to1\",\"edgeRTMS\":8937},{\"edgeSelection\":\"1to4\",\"edgeRTMS\":11600},{\"edgeSelection\":\"4to8\",\"edgeRTMS\":15640}]","seed":" 39688702","task":"experiment","subjectId":"fdsdrq3uyor6lf0","trial_type":"external-html","trial_index":16,"time_elapsed":702260,"internal_node_id":"0.0-9.0-0.8"},{"rt":25551,"url":"../static/nodeGraphs.html","edge":"4to7","edgeRT":"16651","flipped":"FALSE","correct_edge":"2to4","index":"4","edgeClickLog":"[{\"edgeSelection\":\"0to2\",\"edgeRTMS\":8330},{\"edgeSelection\":\"2to4\",\"edgeRTMS\":10292},{\"edgeSelection\":\"4to7\",\"edgeRTMS\":16651}]","seed":" 36501291","task":"experiment","subjectId":"fdsdrq3uyor6lf0","trial_type":"external-html","trial_index":17,"time_elapsed":728428,"internal_node_id":"0.0-9.0-0.9"},{"rt":9193,"url":"../static/nodeGraphs.html","edge":"5to8","edgeRT":"7326","flipped":"FALSE","correct_edge":"0to2","index":"17","edgeClickLog":"[{\"edgeSelection\":\"0to2\",\"edgeRTMS\":3472},{\"edgeSelection\":\"2to5\",\"edgeRTMS\":4944},{\"edgeSelection\":\"5to8\",\"edgeRTMS\":7326}]","seed":" 21211189","task":"experiment","subjectId":"fdsdrq3uyor6lf0","trial_type":"external-html","trial_index":18,"time_elapsed":738399,"internal_node_id":"0.0-9.0-0.10"},{"rt":17390,"url":"../static/nodeGraphs.html","edge":"4to7","edgeRT":"15560","flipped":"FALSE","correct_edge":"0to1","index":"0","edgeClickLog":"[{\"edgeSelection\":\"0to1\",\"edgeRTMS\":10476},{\"edgeSelection\":\"1to4\",\"edgeRTMS\":12820},{\"edgeSelection\":\"4to7\",\"edgeRTMS\":15560}]","seed":" 21745736","task":"experiment","subjectId":"fdsdrq3uyor6lf0","trial_type":"external-html","trial_index":19,"time_elapsed":756389,"internal_node_id":"0.0-9.0-0.11"},{"rt":10822,"url":"../static/nodeGraphs.html","edge":"4to7","edgeRT":"8669","flipped":"TRUE","correct_edge":"5to7","index":"36","edgeClickLog":"[{\"edgeSelection\":\"0to1\",\"edgeRTMS\":4984},{\"edgeSelection\":\"1to4\",\"edgeRTMS\":6709},{\"edgeSelection\":\"4to7\",\"edgeRTMS\":8669}]","seed":" 5655743","task":"experiment","subjectId":"fdsdrq3uyor6lf0","trial_type":"external-html","trial_index":20,"time_elapsed":767889,"internal_node_id":"0.0-9.0-0.12"},{"rt":18943,"url":"../static/nodeGraphs.html","edge":"6to9","edgeRT":"16970","flipped":"TRUE","correct_edge":"0to3","index":"39","edgeClickLog":"[{\"edgeSelection\":\"0to3\",\"edgeRTMS\":10828},{\"edgeSelection\":\"3to6\",\"edgeRTMS\":15463},{\"edgeSelection\":\"6to9\",\"edgeRTMS\":16970}]","seed":" 37422119","task":"experiment","subjectId":"fdsdrq3uyor6lf0","trial_type":"external-html","trial_index":21,"time_elapsed":787429,"internal_node_id":"0.0-9.0-0.13"},{"rt":14308,"url":"../static/nodeGraphs.html","edge":"5to8","edgeRT":"10970","flipped":"TRUE","correct_edge":"0to2","index":"37","edgeClickLog":"[{\"edgeSelection\":\"0to2\",\"edgeRTMS\":7277},{\"edgeSelection\":\"2to5\",\"edgeRTMS\":8778},{\"edgeSelection\":\"5to8\",\"edgeRTMS\":10970}]","seed":" 21211189","task":"experiment","subjectId":"fdsdrq3uyor6lf0","trial_type":"external-html","trial_index":22,"time_elapsed":802358,"internal_node_id":"0.0-9.0-0.14"},{"rt":8020,"url":"../static/nodeGraphs.html","edge":"5to8","edgeRT":"6372","flipped":"TRUE","correct_edge":"1to5","index":"38","edgeClickLog":"[{\"edgeSelection\":\"0to2\",\"edgeRTMS\":3200},{\"edgeSelection\":\"2to5\",\"edgeRTMS\":4811},{\"edgeSelection\":\"5to8\",\"edgeRTMS\":6372}]","seed":" 22181670","task":"experiment","subjectId":"fdsdrq3uyor6lf0","trial_type":"external-html","trial_index":23,"time_elapsed":810989,"internal_node_id":"0.0-9.0-0.15"},{"rt":12229,"url":"../static/nodeGraphs.html","edge":"4to7","edgeRT":"10712","flipped":"TRUE","correct_edge":"0to2","index":"33","edgeClickLog":"[{\"edgeSelection\":\"0to2\",\"edgeRTMS\":7083},{\"edgeSelection\":\"2to4\",\"edgeRTMS\":9111},{\"edgeSelection\":\"4to7\",\"edgeRTMS\":10712}]","seed":" 49587019","task":"experiment","subjectId":"fdsdrq3uyor6lf0","trial_type":"external-html","trial_index":24,"time_elapsed":823839,"internal_node_id":"0.0-9.0-0.16"},{"rt":9752,"url":"../static/nodeGraphs.html","edge":"6to9","edgeRT":"7913","flipped":"TRUE","correct_edge":"0to2","index":"31","edgeClickLog":"[{\"edgeSelection\":\"0to2\",\"edgeRTMS\":3452},{\"edgeSelection\":\"2to6\",\"edgeRTMS\":5783},{\"edgeSelection\":\"6to9\",\"edgeRTMS\":7913}]","seed":" 63833578","task":"experiment","subjectId":"fdsdrq3uyor6lf0","trial_type":"external-html","trial_index":25,"time_elapsed":834209,"internal_node_id":"0.0-9.0-0.17"},{"rt":19917,"url":"../static/nodeGraphs.html","edge":"6to9","edgeRT":"18088","flipped":"TRUE","correct_edge":"2to6","index":"24","edgeClickLog":"[{\"edgeSelection\":\"0to2\",\"edgeRTMS\":8405},{\"edgeSelection\":\"2to6\",\"edgeRTMS\":16180},{\"edgeSelection\":\"6to9\",\"edgeRTMS\":18088}]","seed":" 36501291","task":"experiment","subjectId":"fdsdrq3uyor6lf0","trial_type":"external-html","trial_index":26,"time_elapsed":854899,"internal_node_id":"0.0-9.0-0.18"},{"rt":12138,"url":"../static/nodeGraphs.html","edge":"6to8","edgeRT":"10318","flipped":"TRUE","correct_edge":"0to2","index":"28","edgeClickLog":"[{\"edgeSelection\":\"0to2\",\"edgeRTMS\":5017},{\"edgeSelection\":\"2to6\",\"edgeRTMS\":7860},{\"edgeSelection\":\"6to8\",\"edgeRTMS\":10318}]","seed":" 8396978","task":"experiment","subjectId":"fdsdrq3uyor6lf0","trial_type":"external-html","trial_index":27,"time_elapsed":867648,"internal_node_id":"0.0-9.0-0.19"},{"rt":11043,"url":"../static/nodeGraphs.html","edge":"6to9","edgeRT":"8838","flipped":"TRUE","correct_edge":"2to6","index":"25","edgeClickLog":"[{\"edgeSelection\":\"0to2\",\"edgeRTMS\":3098},{\"edgeSelection\":\"2to6\",\"edgeRTMS\":5523},{\"edgeSelection\":\"6to9\",\"edgeRTMS\":8838}]","seed":" 10409262","task":"experiment","subjectId":"fdsdrq3uyor6lf0","trial_type":"external-html","trial_index":28,"time_elapsed":879288,"internal_node_id":"0.0-9.0-0.20"},{"rt":17997,"url":"../static/nodeGraphs.html","edge":"5to8","edgeRT":"15888","flipped":"FALSE","correct_edge":"5to8","index":"3","edgeClickLog":"[{\"edgeSelection\":\"0to2\",\"edgeRTMS\":10467},{\"edgeSelection\":\"2to5\",\"edgeRTMS\":14028},{\"edgeSelection\":\"5to8\",\"edgeRTMS\":15888}]","seed":" 46003743","task":"experiment","subjectId":"fdsdrq3uyor6lf0","trial_type":"external-html","trial_index":29,"time_elapsed":897889,"internal_node_id":"0.0-9.0-0.21"},{"rt":14314,"url":"../static/nodeGraphs.html","edge":"4to7","edgeRT":"12725","flipped":"TRUE","correct_edge":"2to4","index":"35","edgeClickLog":"[{\"edgeSelection\":\"0to1\",\"edgeRTMS\":9552},{\"edgeSelection\":\"1to4\",\"edgeRTMS\":11093},{\"edgeSelection\":\"4to7\",\"edgeRTMS\":12725}]","seed":" 53220770","task":"experiment","subjectId":"fdsdrq3uyor6lf0","trial_type":"external-html","trial_index":30,"time_elapsed":912799,"internal_node_id":"0.0-9.0-0.22"},{"rt":14505,"url":"../static/nodeGraphs.html","edge":"4to7","edgeRT":"12333","flipped":"TRUE","correct_edge":"0to1","index":"32","edgeClickLog":"[{\"edgeSelection\":\"0to1\",\"edgeRTMS\":7860},{\"edgeSelection\":\"1to4\",\"edgeRTMS\":10323},{\"edgeSelection\":\"4to7\",\"edgeRTMS\":12333}]","seed":" 36895371","task":"experiment","subjectId":"fdsdrq3uyor6lf0","trial_type":"external-html","trial_index":31,"time_elapsed":927912,"internal_node_id":"0.0-9.0-0.23"},{"rt":13123,"url":"../static/nodeGraphs.html","edge":"6to9","edgeRT":"11263","flipped":"FALSE","correct_edge":"0to2","index":"13","edgeClickLog":"[{\"edgeSelection\":\"0to2\",\"edgeRTMS\":7482},{\"edgeSelection\":\"2to6\",\"edgeRTMS\":9543},{\"edgeSelection\":\"6to9\",\"edgeRTMS\":11263}]","seed":" 49587019","task":"experiment","subjectId":"fdsdrq3uyor6lf0","trial_type":"external-html","trial_index":32,"time_elapsed":941641,"internal_node_id":"0.0-9.0-0.24"},{"rt":15748,"url":"../static/nodeGraphs.html","edge":"5to9","edgeRT":"13930","flipped":"TRUE","correct_edge":"6to9","index":"26","edgeClickLog":"[{\"edgeSelection\":\"0to1\",\"edgeRTMS\":7155},{\"edgeSelection\":\"1to5\",\"edgeRTMS\":10000},{\"edgeSelection\":\"5to9\",\"edgeRTMS\":13930}]","seed":" 13523788","task":"experiment","subjectId":"fdsdrq3uyor6lf0","trial_type":"external-html","trial_index":33,"time_elapsed":958199,"internal_node_id":"0.0-9.0-0.25"},{"rt":11040,"url":"../static/nodeGraphs.html","edge":"5to8","edgeRT":"9511","flipped":"TRUE","correct_edge":"0to2","index":"27","edgeClickLog":"[{\"edgeSelection\":\"0to2\",\"edgeRTMS\":6829},{\"edgeSelection\":\"2to5\",\"edgeRTMS\":8221},{\"edgeSelection\":\"5to8\",\"edgeRTMS\":9511}]","seed":" 85614324","task":"experiment","subjectId":"fdsdrq3uyor6lf0","trial_type":"external-html","trial_index":34,"time_elapsed":969849,"internal_node_id":"0.0-9.0-0.26"},{"rt":10876,"url":"../static/nodeGraphs.html","edge":"4to7","edgeRT":"9114","flipped":"FALSE","correct_edge":"0to1","index":"19","edgeClickLog":"[{\"edgeSelection\":\"0to1\",\"edgeRTMS\":4051},{\"edgeSelection\":\"1to4\",\"edgeRTMS\":7634},{\"edgeSelection\":\"4to7\",\"edgeRTMS\":9114}]","seed":" 37422119","task":"experiment","subjectId":"fdsdrq3uyor6lf0","trial_type":"external-html","trial_index":35,"time_elapsed":981329,"internal_node_id":"0.0-9.0-0.27"},{"rt":11166,"url":"../static/nodeGraphs.html","edge":"4to7","edgeRT":"9525","flipped":"FALSE","correct_edge":"0to2","index":"11","edgeClickLog":"[{\"edgeSelection\":\"0to2\",\"edgeRTMS\":5311},{\"edgeSelection\":\"2to4\",\"edgeRTMS\":7854},{\"edgeSelection\":\"4to7\",\"edgeRTMS\":9525}]","seed":" 63833578","task":"experiment","subjectId":"fdsdrq3uyor6lf0","trial_type":"external-html","trial_index":36,"time_elapsed":993109,"internal_node_id":"0.0-9.0-0.28"},{"rt":9907,"url":"../static/nodeGraphs.html","edge":"6to8","edgeRT":"8289","flipped":"FALSE","correct_edge":"0to3","index":"9","edgeClickLog":"[{\"edgeSelection\":\"0to3\",\"edgeRTMS\":3955},{\"edgeSelection\":\"3to6\",\"edgeRTMS\":6316},{\"edgeSelection\":\"6to8\",\"edgeRTMS\":8289}]","seed":" 61187187","task":"experiment","subjectId":"fdsdrq3uyor6lf0","trial_type":"external-html","trial_index":37,"time_elapsed":1003620,"internal_node_id":"0.0-9.0-0.29"},{"rt":11256,"url":"../static/nodeGraphs.html","edge":"4to8","edgeRT":"9216","flipped":"FALSE","correct_edge":"1to4","index":"2","edgeClickLog":"[{\"edgeSelection\":\"0to1\",\"edgeRTMS\":5473},{\"edgeSelection\":\"1to4\",\"edgeRTMS\":7147},{\"edgeSelection\":\"4to8\",\"edgeRTMS\":9216}]","seed":" 22809663","task":"experiment","subjectId":"fdsdrq3uyor6lf0","trial_type":"external-html","trial_index":38,"time_elapsed":1015489,"internal_node_id":"0.0-9.0-0.30"},{"rt":8863,"url":"../static/nodeGraphs.html","edge":"5to8","edgeRT":"7093","flipped":"FALSE","correct_edge":"3to5","index":"18","edgeClickLog":"[{\"edgeSelection\":\"0to2\",\"edgeRTMS\":3519},{\"edgeSelection\":\"2to5\",\"edgeRTMS\":5172},{\"edgeSelection\":\"5to8\",\"edgeRTMS\":7093}]","seed":" 22181670","task":"experiment","subjectId":"fdsdrq3uyor6lf0","trial_type":"external-html","trial_index":39,"time_elapsed":1024959,"internal_node_id":"0.0-9.0-0.31"},{"rt":9529,"url":"../static/nodeGraphs.html","edge":"6to9","edgeRT":"7629","flipped":"FALSE","correct_edge":"2to6","index":"15","edgeClickLog":"[{\"edgeSelection\":\"0to3\",\"edgeRTMS\":3827},{\"edgeSelection\":\"3to6\",\"edgeRTMS\":6040},{\"edgeSelection\":\"6to9\",\"edgeRTMS\":7629}]","seed":" 53220770","task":"experiment","subjectId":"fdsdrq3uyor6lf0","trial_type":"external-html","trial_index":40,"time_elapsed":1035099,"internal_node_id":"0.0-9.0-0.32"},{"rt":10824,"url":"../static/nodeGraphs.html","edge":"6to8","edgeRT":"9304","flipped":"FALSE","correct_edge":"4to7","index":"6","edgeClickLog":"[{\"edgeSelection\":\"0to3\",\"edgeRTMS\":4431},{\"edgeSelection\":\"3to6\",\"edgeRTMS\":7304},{\"edgeSelection\":\"6to8\",\"edgeRTMS\":9304}]","seed":" 13523788","task":"experiment","subjectId":"fdsdrq3uyor6lf0","trial_type":"external-html","trial_index":41,"time_elapsed":1046720,"internal_node_id":"0.0-9.0-0.33"},{"rt":20092,"url":"../static/nodeGraphs.html","edge":"6to8","edgeRT":"17819","flipped":"TRUE","correct_edge":"3to6","index":"22","edgeClickLog":"[{\"edgeSelection\":\"0to3\",\"edgeRTMS\":3223},{\"edgeSelection\":\"0to3\",\"edgeRTMS\":10719},{\"edgeSelection\":\"3to6\",\"edgeRTMS\":13261},{\"edgeSelection\":\"6to8\",\"edgeRTMS\":17819}]","seed":" 22809663","task":"experiment","subjectId":"fdsdrq3uyor6lf0","trial_type":"external-html","trial_index":42,"time_elapsed":1067408,"internal_node_id":"0.0-9.0-0.34"},{"rt":12286,"url":"../static/nodeGraphs.html","edge":"4to7","edgeRT":"9843","flipped":"FALSE","correct_edge":"2to4","index":"5","edgeClickLog":"[{\"edgeSelection\":\"0to2\",\"edgeRTMS\":3406},{\"edgeSelection\":\"2to4\",\"edgeRTMS\":7729},{\"edgeSelection\":\"4to7\",\"edgeRTMS\":9843}]","seed":" 10409262","task":"experiment","subjectId":"fdsdrq3uyor6lf0","trial_type":"external-html","trial_index":43,"time_elapsed":1080306,"internal_node_id":"0.0-9.0-0.35"},{"rt":18511,"url":"../static/nodeGraphs.html","edge":"5to8","edgeRT":"16803","flipped":"TRUE","correct_edge":"5to8","index":"23","edgeClickLog":"[{\"edgeSelection\":\"0to2\",\"edgeRTMS\":5430},{\"edgeSelection\":\"2to5\",\"edgeRTMS\":11592},{\"edgeSelection\":\"5to8\",\"edgeRTMS\":16803}]","seed":" 46003743","task":"experiment","subjectId":"fdsdrq3uyor6lf0","trial_type":"external-html","trial_index":44,"time_elapsed":1099425,"internal_node_id":"0.0-9.0-0.36"},{"rt":15567,"url":"../static/nodeGraphs.html","edge":"6to8","edgeRT":"13738","flipped":"TRUE","correct_edge":"6to8","index":"21","edgeClickLog":"[{\"edgeSelection\":\"0to2\",\"edgeRTMS\":9116},{\"edgeSelection\":\"2to6\",\"edgeRTMS\":11869},{\"edgeSelection\":\"6to8\",\"edgeRTMS\":13738}]","seed":" 32816305","task":"experiment","subjectId":"fdsdrq3uyor6lf0","trial_type":"external-html","trial_index":45,"time_elapsed":1115595,"internal_node_id":"0.0-9.0-0.37"},{"rt":13587,"url":"../static/nodeGraphs.html","edge":"6to9","edgeRT":"12028","flipped":"TRUE","correct_edge":"0to3","index":"20","edgeClickLog":"[{\"edgeSelection\":\"0to3\",\"edgeRTMS\":6985},{\"edgeSelection\":\"3to6\",\"edgeRTMS\":10058},{\"edgeSelection\":\"6to9\",\"edgeRTMS\":12028}]","seed":" 21745736","task":"experiment","subjectId":"fdsdrq3uyor6lf0","trial_type":"external-html","trial_index":46,"time_elapsed":1129786,"internal_node_id":"0.0-9.0-0.38"},{"rt":13301,"url":"../static/nodeGraphs.html","edge":"4to7","edgeRT":"11492","flipped":"FALSE","correct_edge":"0to2","index":"14","edgeClickLog":"[{\"edgeSelection\":\"0to2\",\"edgeRTMS\":7415},{\"edgeSelection\":\"2to4\",\"edgeRTMS\":9662},{\"edgeSelection\":\"4to7\",\"edgeRTMS\":11492}]","seed":" 21083760","task":"experiment","subjectId":"fdsdrq3uyor6lf0","trial_type":"external-html","trial_index":47,"time_elapsed":1143693,"internal_node_id":"0.0-9.0-0.39"},{"rt":112909,"response":{"P0_Q0":null,"P0_Q1":4,"P0_Q2":7,"P0_Q3":5,"P0_Q4":5,"P0_Q5":2,"strategies":"I used the paths the students had already known","feedback":"Thank you!"},"accuracy":[],"trial_type":"survey","trial_index":48,"time_elapsed":1257175,"internal_node_id":"0.0-10.0"},{"rt":4474,"stimulus":"<p>Thanks for your time!</p>        <p>We need to manually calculate your bonus pay, please give us up to 7 days.</p><p>Press any key to conclude.</p>","response":" ","task":"end","subjectId":"fdsdrq3uyor6lf0","trial_type":"html-keyboard-response","trial_index":49,"time_elapsed":1261652,"internal_node_id":"0.0-11.0","interactions":"[{\"event\":\"fullscreenenter\",\"trial\":1,\"time\":6251},{\"event\":\"blur\",\"trial\":4,\"time\":291577},{\"event\":\"focus\",\"trial\":4,\"time\":291577},{\"event\":\"blur\",\"trial\":42,\"time\":1056309},{\"event\":\"focus\",\"trial\":42,\"time\":1056309}]"}]