[{"success":true,"timeout":false,"failed_images":[],"failed_audio":[],"failed_video":[],"trial_type":"preload","trial_index":0,"time_elapsed":1406,"internal_node_id":"0.0-0.0"},{"success":true,"trial_type":"fullscreen","trial_index":1,"time_elapsed":5530,"internal_node_id":"0.0-1.0"},{"rt":2250,"stimulus":"Welcome to the experiment. Press any key to begin.","response":" ","trial_type":"html-keyboard-response","trial_index":2,"time_elapsed":7782,"internal_node_id":"0.0-2.0"},{"view_history":[{"page_index":0,"viewing_time":4095},{"page_index":1,"viewing_time":8312},{"page_index":2,"viewing_time":34375},{"page_index":3,"viewing_time":1872},{"page_index":4,"viewing_time":1752},{"page_index":5,"viewing_time":2584},{"page_index":6,"viewing_time":5080},{"page_index":7,"viewing_time":12713},{"page_index":8,"viewing_time":31304},{"page_index":9,"viewing_time":17280},{"page_index":10,"viewing_time":1472},{"page_index":11,"viewing_time":624},{"page_index":12,"viewing_time":777},{"page_index":13,"viewing_time":1239},{"page_index":14,"viewing_time":3017},{"page_index":15,"viewing_time":5096},{"page_index":16,"viewing_time":7128},{"page_index":17,"viewing_time":792},{"page_index":18,"viewing_time":3065},{"page_index":19,"viewing_time":7287},{"page_index":20,"viewing_time":8673},{"page_index":21,"viewing_time":3944}],"rt":162478,"trial_type":"instructions","trial_index":3,"time_elapsed":170261,"internal_node_id":"0.0-3.0"},{"rt":83233,"url":"../static/nodeGraphsTraining.html","edgeClickLog":[],"trial_type":"external-html","trial_index":4,"time_elapsed":253822,"internal_node_id":"0.0-4.0"},{"rt":22517,"response":{"q1":"The goal is to help the student to get the most points","q2":"False","q3":"Possible paths the student can take.","q4":"Possible paths the student can take."},"question_order":[0,1,2,3],"trial_type":"survey-multi-choice","trial_index":5,"time_elapsed":276342,"internal_node_id":"0.0-5.0"},{"rt":23458,"response":{"q1":"The goal is to help the student to get the most points","q2":"False","q3":"Possible paths the student can take.","q4":"Paths that the student took before."},"question_order":[0,1,2,3],"trial_type":"survey-multi-choice","trial_index":6,"time_elapsed":299805,"internal_node_id":"0.0-6.0-0.0"},{"rt":39076,"stimulus":"<p>You can take a 60 second break before starting the experiment.</p><br><br><p>This page will advance in 60 seconds or you can press any key to advance now.</p>","response":" ","trial_type":"html-keyboard-response","trial_index":7,"time_elapsed":338887,"internal_node_id":"0.0-7.0"},{"view_history":[{"page_index":0,"viewing_time":19765}],"rt":19766,"trial_type":"instructions","trial_index":8,"time_elapsed":358653,"internal_node_id":"0.0-8.0"},{"rt":15102,"url":"../static/nodeGraphs.html","edge":"2to4","edgeRT":"13366","flipped":"FALSE","correct_edge":"2to4","index":"4","edgeClickLog":"[{\"edgeSelection\":\"2to4\",\"edgeRTMS\":13366}]","seed":" 36501291","task":"experiment","subjectId":"en7hrunuvcwsf7g","trial_type":"external-html","trial_index":9,"time_elapsed":373925,"internal_node_id":"0.0-9.0-0.0"},{"rt":23432,"url":"../static/nodeGraphs.html","edge":"1to4","edgeRT":"9358","flipped":"FALSE","correct_edge":"0to2","index":"8","edgeClickLog":"[{\"edgeSelection\":\"1to4\",\"edgeRTMS\":6420},{\"edgeSelection\":\"4to7\",\"edgeRTMS\":7454},{\"edgeSelection\":\"1to4\",\"edgeRTMS\":9358}]","seed":" 8396978","task":"experiment","subjectId":"en7hrunuvcwsf7g","trial_type":"external-html","trial_index":10,"time_elapsed":398037,"internal_node_id":"0.0-9.0-0.1"},{"rt":9204,"url":"../static/nodeGraphs.html","edge":"5to9","edgeRT":"4210","flipped":"TRUE","correct_edge":"0to1","index":"29","edgeClickLog":"[{\"edgeSelection\":\"5to9\",\"edgeRTMS\":4210}]","seed":" 61187187","task":"experiment","subjectId":"en7hrunuvcwsf7g","trial_type":"external-html","trial_index":11,"time_elapsed":407926,"internal_node_id":"0.0-9.0-0.2"},{"rt":26046,"url":"../static/nodeGraphs.html","edge":"3to6","edgeRT":"23036","flipped":"TRUE","correct_edge":"0to2","index":"31","edgeClickLog":"[{\"edgeSelection\":\"3to6\",\"edgeRTMS\":23036}]","seed":" 63833578","task":"experiment","subjectId":"en7hrunuvcwsf7g","trial_type":"external-html","trial_index":12,"time_elapsed":434654,"internal_node_id":"0.0-9.0-0.3"},{"rt":22152,"url":"../static/nodeGraphs.html","edge":"3to5","edgeRT":"21266","flipped":"FALSE","correct_edge":"3to5","index":"18","edgeClickLog":"[{\"edgeSelection\":\"3to5\",\"edgeRTMS\":16256},{\"edgeSelection\":\"5to8\",\"edgeRTMS\":20170},{\"edgeSelection\":\"3to5\",\"edgeRTMS\":21266}]","seed":" 22181670","task":"experiment","subjectId":"en7hrunuvcwsf7g","trial_type":"external-html","trial_index":13,"time_elapsed":457486,"internal_node_id":"0.0-9.0-0.4"},{"rt":11478,"url":"../static/nodeGraphs.html","edge":"3to6","edgeRT":"5812","flipped":"TRUE","correct_edge":"3to6","index":"22","edgeClickLog":"[{\"edgeSelection\":\"3to6\",\"edgeRTMS\":5812}]","seed":" 22809663","task":"experiment","subjectId":"en7hrunuvcwsf7g","trial_type":"external-html","trial_index":14,"time_elapsed":469646,"internal_node_id":"0.0-9.0-0.5"},{"rt":17399,"url":"../static/nodeGraphs.html","edge":"5to8","edgeRT":"14447","flipped":"TRUE","correct_edge":"5to8","index":"23","edgeClickLog":"[{\"edgeSelection\":\"5to7\",\"edgeRTMS\":7085},{\"edgeSelection\":\"5to8\",\"edgeRTMS\":13827},{\"edgeSelection\":\"5to8\",\"edgeRTMS\":14447}]","seed":" 46003743","task":"experiment","subjectId":"en7hrunuvcwsf7g","trial_type":"external-html","trial_index":15,"time_elapsed":487742,"internal_node_id":"0.0-9.0-0.6"},{"rt":19751,"url":"../static/nodeGraphs.html","edge":"2to4","edgeRT":"18086","flipped":"FALSE","correct_edge":"2to4","index":"5","edgeClickLog":"[{\"edgeSelection\":\"2to4\",\"edgeRTMS\":8605},{\"edgeSelection\":\"2to4\",\"edgeRTMS\":17500},{\"edgeSelection\":\"2to4\",\"edgeRTMS\":18086}]","seed":" 10409262","task":"experiment","subjectId":"en7hrunuvcwsf7g","trial_type":"external-html","trial_index":16,"time_elapsed":508174,"internal_node_id":"0.0-9.0-0.7"},{"rt":6749,"url":"../static/nodeGraphs.html","edge":"2to6","edgeRT":"4780","flipped":"TRUE","correct_edge":"2to6","index":"24","edgeClickLog":"[{\"edgeSelection\":\"2to6\",\"edgeRTMS\":4780}]","seed":" 36501291","task":"experiment","subjectId":"en7hrunuvcwsf7g","trial_type":"external-html","trial_index":17,"time_elapsed":515614,"internal_node_id":"0.0-9.0-0.8"},{"rt":10151,"url":"../static/nodeGraphs.html","edge":"0to2","edgeRT":"8542","flipped":"TRUE","correct_edge":"0to2","index":"27","edgeClickLog":"[{\"edgeSelection\":\"0to2\",\"edgeRTMS\":8542}]","seed":" 85614324","task":"experiment","subjectId":"en7hrunuvcwsf7g","trial_type":"external-html","trial_index":18,"time_elapsed":526446,"internal_node_id":"0.0-9.0-0.9"},{"rt":6074,"url":"../static/nodeGraphs.html","edge":"1to4","edgeRT":"3787","flipped":"FALSE","correct_edge":"1to4","index":"2","edgeClickLog":"[{\"edgeSelection\":\"1to4\",\"edgeRTMS\":3787}]","seed":" 22809663","task":"experiment","subjectId":"en7hrunuvcwsf7g","trial_type":"external-html","trial_index":19,"time_elapsed":533205,"internal_node_id":"0.0-9.0-0.10"},{"rt":11520,"url":"../static/nodeGraphs.html","edge":"0to2","edgeRT":"8413","flipped":"FALSE","correct_edge":"0to2","index":"7","edgeClickLog":"[{\"edgeSelection\":\"0to2\",\"edgeRTMS\":8413}]","seed":" 85614324","task":"experiment","subjectId":"en7hrunuvcwsf7g","trial_type":"external-html","trial_index":20,"time_elapsed":545414,"internal_node_id":"0.0-9.0-0.11"},{"rt":9209,"url":"../static/nodeGraphs.html","edge":"1to4","edgeRT":"7790","flipped":"FALSE","correct_edge":"0to2","index":"11","edgeClickLog":"[{\"edgeSelection\":\"1to4\",\"edgeRTMS\":7790}]","seed":" 63833578","task":"experiment","subjectId":"en7hrunuvcwsf7g","trial_type":"external-html","trial_index":21,"time_elapsed":555301,"internal_node_id":"0.0-9.0-0.12"},{"rt":15463,"url":"../static/nodeGraphs.html","edge":"0to1","edgeRT":"11381","flipped":"FALSE","correct_edge":"0to1","index":"0","edgeClickLog":"[{\"edgeSelection\":\"0to1\",\"edgeRTMS\":11381}]","seed":" 21745736","task":"experiment","subjectId":"en7hrunuvcwsf7g","trial_type":"external-html","trial_index":22,"time_elapsed":571445,"internal_node_id":"0.0-9.0-0.13"},{"rt":9890,"url":"../static/nodeGraphs.html","edge":"1to5","edgeRT":"8490","flipped":"FALSE","correct_edge":"0to2","index":"17","edgeClickLog":"[{\"edgeSelection\":\"1to5\",\"edgeRTMS\":8490}]","seed":" 21211189","task":"experiment","subjectId":"en7hrunuvcwsf7g","trial_type":"external-html","trial_index":23,"time_elapsed":582021,"internal_node_id":"0.0-9.0-0.14"},{"rt":14485,"url":"../static/nodeGraphs.html","edge":"0to3","edgeRT":"12552","flipped":"FALSE","correct_edge":"2to6","index":"15","edgeClickLog":"[{\"edgeSelection\":\"0to3\",\"edgeRTMS\":7729},{\"edgeSelection\":\"0to3\",\"edgeRTMS\":12552}]","seed":" 53220770","task":"experiment","subjectId":"en7hrunuvcwsf7g","trial_type":"external-html","trial_index":24,"time_elapsed":597189,"internal_node_id":"0.0-9.0-0.15"},{"rt":17868,"url":"../static/nodeGraphs.html","edge":"2to4","edgeRT":"13352","flipped":"TRUE","correct_edge":"0to2","index":"33","edgeClickLog":"[{\"edgeSelection\":\"2to4\",\"edgeRTMS\":13352}]","seed":" 49587019","task":"experiment","subjectId":"en7hrunuvcwsf7g","trial_type":"external-html","trial_index":25,"time_elapsed":615774,"internal_node_id":"0.0-9.0-0.16"},{"rt":4840,"url":"../static/nodeGraphs.html","edge":"6to8","edgeRT":"3108","flipped":"TRUE","correct_edge":"6to8","index":"21","edgeClickLog":"[{\"edgeSelection\":\"6to8\",\"edgeRTMS\":3108}]","seed":" 32816305","task":"experiment","subjectId":"en7hrunuvcwsf7g","trial_type":"external-html","trial_index":26,"time_elapsed":621294,"internal_node_id":"0.0-9.0-0.17"},{"rt":9665,"url":"../static/nodeGraphs.html","edge":"0to3","edgeRT":"7701","flipped":"FALSE","correct_edge":"0to3","index":"12","edgeClickLog":"[{\"edgeSelection\":\"0to3\",\"edgeRTMS\":7701}]","seed":" 36895371","task":"experiment","subjectId":"en7hrunuvcwsf7g","trial_type":"external-html","trial_index":27,"time_elapsed":631638,"internal_node_id":"0.0-9.0-0.18"},{"rt":6257,"url":"../static/nodeGraphs.html","edge":"5to7","edgeRT":"4830","flipped":"FALSE","correct_edge":"0to1","index":"19","edgeClickLog":"[{\"edgeSelection\":\"5to7\",\"edgeRTMS\":4830}]","seed":" 37422119","task":"experiment","subjectId":"en7hrunuvcwsf7g","trial_type":"external-html","trial_index":28,"time_elapsed":638582,"internal_node_id":"0.0-9.0-0.19"},{"rt":4351,"url":"../static/nodeGraphs.html","edge":"4to8","edgeRT":"2825","flipped":"FALSE","correct_edge":"4to8","index":"1","edgeClickLog":"[{\"edgeSelection\":\"4to8\",\"edgeRTMS\":2825}]","seed":" 32816305","task":"experiment","subjectId":"en7hrunuvcwsf7g","trial_type":"external-html","trial_index":29,"time_elapsed":643629,"internal_node_id":"0.0-9.0-0.20"},{"rt":4339,"url":"../static/nodeGraphs.html","edge":"5to8","edgeRT":"2694","flipped":"FALSE","correct_edge":"5to8","index":"3","edgeClickLog":"[{\"edgeSelection\":\"5to8\",\"edgeRTMS\":2694}]","seed":" 46003743","task":"experiment","subjectId":"en7hrunuvcwsf7g","trial_type":"external-html","trial_index":30,"time_elapsed":648653,"internal_node_id":"0.0-9.0-0.21"},{"rt":9152,"url":"../static/nodeGraphs.html","edge":"1to5","edgeRT":"7760","flipped":"TRUE","correct_edge":"5to7","index":"36","edgeClickLog":"[{\"edgeSelection\":\"1to5\",\"edgeRTMS\":7760}]","seed":" 5655743","task":"experiment","subjectId":"en7hrunuvcwsf7g","trial_type":"external-html","trial_index":31,"time_elapsed":658485,"internal_node_id":"0.0-9.0-0.22"},{"rt":5415,"url":"../static/nodeGraphs.html","edge":"3to5","edgeRT":"4159","flipped":"TRUE","correct_edge":"0to2","index":"37","edgeClickLog":"[{\"edgeSelection\":\"3to5\",\"edgeRTMS\":4159}]","seed":" 21211189","task":"experiment","subjectId":"en7hrunuvcwsf7g","trial_type":"external-html","trial_index":32,"time_elapsed":664581,"internal_node_id":"0.0-9.0-0.23"},{"rt":5835,"url":"../static/nodeGraphs.html","edge":"3to5","edgeRT":"4172","flipped":"FALSE","correct_edge":"5to9","index":"16","edgeClickLog":"[{\"edgeSelection\":\"3to5\",\"edgeRTMS\":4172}]","seed":" 5655743","task":"experiment","subjectId":"en7hrunuvcwsf7g","trial_type":"external-html","trial_index":33,"time_elapsed":671093,"internal_node_id":"0.0-9.0-0.24"},{"rt":8525,"url":"../static/nodeGraphs.html","edge":"2to6","edgeRT":"7322","flipped":"TRUE","correct_edge":"2to6","index":"25","edgeClickLog":"[{\"edgeSelection\":\"2to6\",\"edgeRTMS\":7322}]","seed":" 10409262","task":"experiment","subjectId":"en7hrunuvcwsf7g","trial_type":"external-html","trial_index":34,"time_elapsed":680302,"internal_node_id":"0.0-9.0-0.25"},{"rt":21397,"url":"../static/nodeGraphs.html","edge":"0to3","edgeRT":"15878","flipped":"TRUE","correct_edge":"0to2","index":"34","edgeClickLog":"[{\"edgeSelection\":\"0to3\",\"edgeRTMS\":15878}]","seed":" 21083760","task":"experiment","subjectId":"en7hrunuvcwsf7g","trial_type":"external-html","trial_index":35,"time_elapsed":702381,"internal_node_id":"0.0-9.0-0.26"},{"rt":16640,"url":"../static/nodeGraphs.html","edge":"0to2","edgeRT":"9999","flipped":"FALSE","correct_edge":"0to2","index":"13","edgeClickLog":"[{\"edgeSelection\":\"0to2\",\"edgeRTMS\":9999}]","seed":" 49587019","task":"experiment","subjectId":"en7hrunuvcwsf7g","trial_type":"external-html","trial_index":36,"time_elapsed":719701,"internal_node_id":"0.0-9.0-0.27"},{"rt":13087,"url":"../static/nodeGraphs.html","edge":"1to5","edgeRT":"5445","flipped":"TRUE","correct_edge":"1to5","index":"38","edgeClickLog":"[{\"edgeSelection\":\"1to5\",\"edgeRTMS\":5445}]","seed":" 22181670","task":"experiment","subjectId":"en7hrunuvcwsf7g","trial_type":"external-html","trial_index":37,"time_elapsed":733518,"internal_node_id":"0.0-9.0-0.28"},{"rt":7638,"url":"../static/nodeGraphs.html","edge":"2to4","edgeRT":"4795","flipped":"TRUE","correct_edge":"2to4","index":"35","edgeClickLog":"[{\"edgeSelection\":\"2to4\",\"edgeRTMS\":4795}]","seed":" 53220770","task":"experiment","subjectId":"en7hrunuvcwsf7g","trial_type":"external-html","trial_index":38,"time_elapsed":741837,"internal_node_id":"0.0-9.0-0.29"},{"rt":8539,"url":"../static/nodeGraphs.html","edge":"0to3","edgeRT":"6577","flipped":"TRUE","correct_edge":"0to3","index":"20","edgeClickLog":"[{\"edgeSelection\":\"0to3\",\"edgeRTMS\":6577}]","seed":" 21745736","task":"experiment","subjectId":"en7hrunuvcwsf7g","trial_type":"external-html","trial_index":39,"time_elapsed":751053,"internal_node_id":"0.0-9.0-0.30"},{"rt":17328,"url":"../static/nodeGraphs.html","edge":"0to1","edgeRT":"16026","flipped":"TRUE","correct_edge":"0to1","index":"32","edgeClickLog":"[{\"edgeSelection\":\"0to1\",\"edgeRTMS\":16026}]","seed":" 36895371","task":"experiment","subjectId":"en7hrunuvcwsf7g","trial_type":"external-html","trial_index":40,"time_elapsed":769061,"internal_node_id":"0.0-9.0-0.31"},{"rt":5022,"url":"../static/nodeGraphs.html","edge":"5to7","edgeRT":"2925","flipped":"FALSE","correct_edge":"0to3","index":"9","edgeClickLog":"[{\"edgeSelection\":\"5to7\",\"edgeRTMS\":2925}]","seed":" 61187187","task":"experiment","subjectId":"en7hrunuvcwsf7g","trial_type":"external-html","trial_index":41,"time_elapsed":774765,"internal_node_id":"0.0-9.0-0.32"},{"rt":13679,"url":"../static/nodeGraphs.html","edge":"0to3","edgeRT":"12386","flipped":"TRUE","correct_edge":"0to2","index":"30","edgeClickLog":"[{\"edgeSelection\":\"0to3\",\"edgeRTMS\":12386}]","seed":" 39688702","task":"experiment","subjectId":"en7hrunuvcwsf7g","trial_type":"external-html","trial_index":42,"time_elapsed":789165,"internal_node_id":"0.0-9.0-0.33"},{"rt":10504,"url":"../static/nodeGraphs.html","edge":"0to1","edgeRT":"9307","flipped":"FALSE","correct_edge":"0to2","index":"14","edgeClickLog":"[{\"edgeSelection\":\"0to1\",\"edgeRTMS\":9307}]","seed":" 21083760","task":"experiment","subjectId":"en7hrunuvcwsf7g","trial_type":"external-html","trial_index":43,"time_elapsed":800357,"internal_node_id":"0.0-9.0-0.34"},{"rt":3219,"url":"../static/nodeGraphs.html","edge":"4to7","edgeRT":"2260","flipped":"FALSE","correct_edge":"4to7","index":"6","edgeClickLog":"[{\"edgeSelection\":\"4to7\",\"edgeRTMS\":2260}]","seed":" 13523788","task":"experiment","subjectId":"en7hrunuvcwsf7g","trial_type":"external-html","trial_index":44,"time_elapsed":804269,"internal_node_id":"0.0-9.0-0.35"},{"rt":7139,"url":"../static/nodeGraphs.html","edge":"3to6","edgeRT":"5302","flipped":"TRUE","correct_edge":"0to2","index":"28","edgeClickLog":"[{\"edgeSelection\":\"3to6\",\"edgeRTMS\":5302}]","seed":" 8396978","task":"experiment","subjectId":"en7hrunuvcwsf7g","trial_type":"external-html","trial_index":45,"time_elapsed":812093,"internal_node_id":"0.0-9.0-0.36"},{"rt":4194,"url":"../static/nodeGraphs.html","edge":"6to9","edgeRT":"3223","flipped":"TRUE","correct_edge":"6to9","index":"26","edgeClickLog":"[{\"edgeSelection\":\"6to9\",\"edgeRTMS\":3223}]","seed":" 13523788","task":"experiment","subjectId":"en7hrunuvcwsf7g","trial_type":"external-html","trial_index":46,"time_elapsed":816965,"internal_node_id":"0.0-9.0-0.37"},{"rt":3640,"url":"../static/nodeGraphs.html","edge":"5to7","edgeRT":"2545","flipped":"TRUE","correct_edge":"0to3","index":"39","edgeClickLog":"[{\"edgeSelection\":\"5to7\",\"edgeRTMS\":2545}]","seed":" 37422119","task":"experiment","subjectId":"en7hrunuvcwsf7g","trial_type":"external-html","trial_index":47,"time_elapsed":821286,"internal_node_id":"0.0-9.0-0.38"},{"rt":14291,"url":"../static/nodeGraphs.html","edge":"0to1","edgeRT":"12557","flipped":"FALSE","correct_edge":"0to2","index":"10","edgeClickLog":"[{\"edgeSelection\":\"0to1\",\"edgeRTMS\":12557}]","seed":" 39688702","task":"experiment","subjectId":"en7hrunuvcwsf7g","trial_type":"external-html","trial_index":48,"time_elapsed":836262,"internal_node_id":"0.0-9.0-0.39"},{"rt":28870,"response":{"P0_Q0":null,"P0_Q1":5,"P0_Q2":7,"P0_Q3":5,"P0_Q4":4,"P0_Q5":1,"strategies":"Tried to determine what paths the student would have seen","feedback":"No"},"accuracy":[],"trial_type":"survey","trial_index":49,"time_elapsed":865673,"internal_node_id":"0.0-10.0"},{"rt":8424,"stimulus":"<p>Thanks for your time!</p>        <p>We need to manually calculate your bonus pay, please give us up to 7 days.</p><p>Press any key to conclude.</p>","response":" ","task":"end","subjectId":"en7hrunuvcwsf7g","trial_type":"html-keyboard-response","trial_index":50,"time_elapsed":874102,"internal_node_id":"0.0-11.0","interactions":"[{\"event\":\"fullscreenenter\",\"trial\":1,\"time\":4524},{\"event\":\"blur\",\"trial\":12,\"time\":421567},{\"event\":\"focus\",\"trial\":12,\"time\":421567},{\"event\":\"fullscreenexit\",\"trial\":12,\"time\":421570},{\"event\":\"blur\",\"trial\":16,\"time\":504813},{\"event\":\"focus\",\"trial\":16,\"time\":504813},{\"event\":\"blur\",\"trial\":24,\"time\":594180},{\"event\":\"focus\",\"trial\":24,\"time\":594180},{\"event\":\"blur\",\"trial\":50,\"time\":873223},{\"event\":\"focus\",\"trial\":50,\"time\":873227}]"}]