[{"success":true,"timeout":false,"failed_images":[],"failed_audio":[],"failed_video":[],"trial_type":"preload","trial_index":0,"time_elapsed":1969,"internal_node_id":"0.0-0.0"},{"success":true,"trial_type":"fullscreen","trial_index":1,"time_elapsed":6653,"internal_node_id":"0.0-1.0"},{"rt":3088,"stimulus":"Welcome to the experiment. Press any key to begin.","response":"j","trial_type":"html-keyboard-response","trial_index":2,"time_elapsed":9742,"internal_node_id":"0.0-2.0"},{"view_history":[{"page_index":0,"viewing_time":5781},{"page_index":1,"viewing_time":4814},{"page_index":2,"viewing_time":44808},{"page_index":3,"viewing_time":4583},{"page_index":4,"viewing_time":1777},{"page_index":5,"viewing_time":728},{"page_index":6,"viewing_time":2488},{"page_index":7,"viewing_time":11816},{"page_index":8,"viewing_time":19968},{"page_index":9,"viewing_time":14422},{"page_index":10,"viewing_time":2312},{"page_index":11,"viewing_time":664},{"page_index":12,"viewing_time":521},{"page_index":13,"viewing_time":1952},{"page_index":14,"viewing_time":5437},{"page_index":15,"viewing_time":5619},{"page_index":16,"viewing_time":1744},{"page_index":17,"viewing_time":839},{"page_index":18,"viewing_time":1905},{"page_index":19,"viewing_time":7375},{"page_index":20,"viewing_time":8201},{"page_index":21,"viewing_time":5016}],"rt":152771,"trial_type":"instructions","trial_index":3,"time_elapsed":162623,"internal_node_id":"0.0-3.0"},{"rt":101153,"url":"../static/nodeGraphsTraining.html","edgeClickLog":[],"trial_type":"external-html","trial_index":4,"time_elapsed":268919,"internal_node_id":"0.0-4.0"},{"rt":29257,"response":{"q1":"The goal is to help the student to get the most points","q2":"False","q3":"Possible paths the student can take.","q4":"Paths that the student took before."},"question_order":[0,1,2,3],"trial_type":"survey-multi-choice","trial_index":5,"time_elapsed":298181,"internal_node_id":"0.0-5.0"},{"rt":4333,"stimulus":"<p>You can take a 60 second break before starting the experiment.</p><br><br><p>This page will advance in 60 seconds or you can press any key to advance now.</p>","response":"arrowright","trial_type":"html-keyboard-response","trial_index":6,"time_elapsed":302520,"internal_node_id":"0.0-7.0"},{"view_history":[{"page_index":0,"viewing_time":21522}],"rt":21523,"trial_type":"instructions","trial_index":7,"time_elapsed":324044,"internal_node_id":"0.0-8.0"},{"rt":27354,"url":"../static/nodeGraphs.html","edge":"2to4","edgeRT":"12320","flipped":"FALSE","correct_edge":"2to4","index":"4","edgeClickLog":"[{\"edgeSelection\":\"2to4\",\"edgeRTMS\":9674},{\"edgeSelection\":\"4to7\",\"edgeRTMS\":11089},{\"edgeSelection\":\"2to4\",\"edgeRTMS\":12320}]","seed":" 36501291","task":"experiment","subjectId":"bn235wk6ag3dz7k","trial_type":"external-html","trial_index":8,"time_elapsed":351540,"internal_node_id":"0.0-9.0-0.0"},{"rt":12225,"url":"../static/nodeGraphs.html","edge":"0to2","edgeRT":"6835","flipped":"TRUE","correct_edge":"0to2","index":"27","edgeClickLog":"[{\"edgeSelection\":\"0to2\",\"edgeRTMS\":6835}]","seed":" 85614324","task":"experiment","subjectId":"bn235wk6ag3dz7k","trial_type":"external-html","trial_index":9,"time_elapsed":364323,"internal_node_id":"0.0-9.0-0.1"},{"rt":58597,"url":"../static/nodeGraphs.html","edge":"0to3","edgeRT":"50459","flipped":"FALSE","correct_edge":"4to7","index":"6","edgeClickLog":"[{\"edgeSelection\":\"0to3\",\"edgeRTMS\":8357},{\"edgeSelection\":\"3to5\",\"edgeRTMS\":13802},{\"edgeSelection\":\"0to3\",\"edgeRTMS\":50459}]","seed":" 13523788","task":"experiment","subjectId":"bn235wk6ag3dz7k","trial_type":"external-html","trial_index":10,"time_elapsed":423475,"internal_node_id":"0.0-9.0-0.2"},{"rt":26061,"url":"../static/nodeGraphs.html","edge":"2to5","edgeRT":"15482","flipped":"TRUE","correct_edge":"1to5","index":"38","edgeClickLog":"[{\"edgeSelection\":\"2to5\",\"edgeRTMS\":15482}]","seed":" 22181670","task":"experiment","subjectId":"bn235wk6ag3dz7k","trial_type":"external-html","trial_index":11,"time_elapsed":450090,"internal_node_id":"0.0-9.0-0.3"},{"rt":15594,"url":"../static/nodeGraphs.html","edge":"4to8","edgeRT":"14109","flipped":"FALSE","correct_edge":"4to8","index":"1","edgeClickLog":"[{\"edgeSelection\":\"4to8\",\"edgeRTMS\":14109}]","seed":" 32816305","task":"experiment","subjectId":"bn235wk6ag3dz7k","trial_type":"external-html","trial_index":12,"time_elapsed":466242,"internal_node_id":"0.0-9.0-0.4"},{"rt":23156,"url":"../static/nodeGraphs.html","edge":"3to6","edgeRT":"15293","flipped":"TRUE","correct_edge":"0to3","index":"39","edgeClickLog":"[{\"edgeSelection\":\"0to3\",\"edgeRTMS\":7752},{\"edgeSelection\":\"3to6\",\"edgeRTMS\":15293}]","seed":" 37422119","task":"experiment","subjectId":"bn235wk6ag3dz7k","trial_type":"external-html","trial_index":13,"time_elapsed":489953,"internal_node_id":"0.0-9.0-0.5"},{"rt":17772,"url":"../static/nodeGraphs.html","edge":"2to6","edgeRT":"9336","flipped":"FALSE","correct_edge":"0to2","index":"13","edgeClickLog":"[{\"edgeSelection\":\"3to5\",\"edgeRTMS\":7818},{\"edgeSelection\":\"2to6\",\"edgeRTMS\":9336}]","seed":" 49587019","task":"experiment","subjectId":"bn235wk6ag3dz7k","trial_type":"external-html","trial_index":14,"time_elapsed":508306,"internal_node_id":"0.0-9.0-0.6"},{"rt":9656,"url":"../static/nodeGraphs.html","edge":"6to8","edgeRT":"7165","flipped":"TRUE","correct_edge":"3to6","index":"22","edgeClickLog":"[{\"edgeSelection\":\"6to8\",\"edgeRTMS\":7165}]","seed":" 22809663","task":"experiment","subjectId":"bn235wk6ag3dz7k","trial_type":"external-html","trial_index":15,"time_elapsed":518561,"internal_node_id":"0.0-9.0-0.7"},{"rt":10779,"url":"../static/nodeGraphs.html","edge":"3to6","edgeRT":"9577","flipped":"TRUE","correct_edge":"0to2","index":"34","edgeClickLog":"[{\"edgeSelection\":\"3to6\",\"edgeRTMS\":9577}]","seed":" 21083760","task":"experiment","subjectId":"bn235wk6ag3dz7k","trial_type":"external-html","trial_index":16,"time_elapsed":529905,"internal_node_id":"0.0-9.0-0.8"},{"rt":19618,"url":"../static/nodeGraphs.html","edge":"2to4","edgeRT":"14328","flipped":"FALSE","correct_edge":"2to4","index":"5","edgeClickLog":"[{\"edgeSelection\":\"2to4\",\"edgeRTMS\":14328}]","seed":" 10409262","task":"experiment","subjectId":"bn235wk6ag3dz7k","trial_type":"external-html","trial_index":17,"time_elapsed":550089,"internal_node_id":"0.0-9.0-0.9"},{"rt":17640,"url":"../static/nodeGraphs.html","edge":"2to4","edgeRT":"16368","flipped":"FALSE","correct_edge":"0to2","index":"11","edgeClickLog":"[{\"edgeSelection\":\"2to4\",\"edgeRTMS\":16368}]","seed":" 63833578","task":"experiment","subjectId":"bn235wk6ag3dz7k","trial_type":"external-html","trial_index":18,"time_elapsed":568289,"internal_node_id":"0.0-9.0-0.10"},{"rt":20234,"url":"../static/nodeGraphs.html","edge":"5to8","edgeRT":"16468","flipped":"TRUE","correct_edge":"5to8","index":"23","edgeClickLog":"[{\"edgeSelection\":\"5to8\",\"edgeRTMS\":16468}]","seed":" 46003743","task":"experiment","subjectId":"bn235wk6ag3dz7k","trial_type":"external-html","trial_index":19,"time_elapsed":589080,"internal_node_id":"0.0-9.0-0.11"},{"rt":102667,"url":"../static/nodeGraphs.html","edge":"0to2","edgeRT":"76112","flipped":"TRUE","correct_edge":"0to2","index":"33","edgeClickLog":"[{\"edgeSelection\":\"2to4\",\"edgeRTMS\":14737},{\"edgeSelection\":\"5to7\",\"edgeRTMS\":63806},{\"edgeSelection\":\"0to2\",\"edgeRTMS\":76112}]","seed":" 49587019","task":"experiment","subjectId":"bn235wk6ag3dz7k","trial_type":"external-html","trial_index":20,"time_elapsed":692318,"internal_node_id":"0.0-9.0-0.12"},{"rt":17713,"url":"../static/nodeGraphs.html","edge":"0to1","edgeRT":"9614","flipped":"FALSE","correct_edge":"0to1","index":"0","edgeClickLog":"[{\"edgeSelection\":\"0to1\",\"edgeRTMS\":9614}]","seed":" 21745736","task":"experiment","subjectId":"bn235wk6ag3dz7k","trial_type":"external-html","trial_index":21,"time_elapsed":710614,"internal_node_id":"0.0-9.0-0.13"},{"rt":12189,"url":"../static/nodeGraphs.html","edge":"2to6","edgeRT":"7095","flipped":"TRUE","correct_edge":"0to2","index":"31","edgeClickLog":"[{\"edgeSelection\":\"2to6\",\"edgeRTMS\":7095}]","seed":" 63833578","task":"experiment","subjectId":"bn235wk6ag3dz7k","trial_type":"external-html","trial_index":22,"time_elapsed":723375,"internal_node_id":"0.0-9.0-0.14"},{"rt":7843,"url":"../static/nodeGraphs.html","edge":"6to8","edgeRT":"6803","flipped":"TRUE","correct_edge":"6to8","index":"21","edgeClickLog":"[{\"edgeSelection\":\"6to8\",\"edgeRTMS\":6803}]","seed":" 32816305","task":"experiment","subjectId":"bn235wk6ag3dz7k","trial_type":"external-html","trial_index":23,"time_elapsed":731789,"internal_node_id":"0.0-9.0-0.15"},{"rt":6914,"url":"../static/nodeGraphs.html","edge":"2to6","edgeRT":"4494","flipped":"TRUE","correct_edge":"2to6","index":"24","edgeClickLog":"[{\"edgeSelection\":\"2to6\",\"edgeRTMS\":4494}]","seed":" 36501291","task":"experiment","subjectId":"bn235wk6ag3dz7k","trial_type":"external-html","trial_index":24,"time_elapsed":739293,"internal_node_id":"0.0-9.0-0.16"},{"rt":24235,"url":"../static/nodeGraphs.html","edge":"1to4","edgeRT":"21748","flipped":"FALSE","correct_edge":"1to4","index":"2","edgeClickLog":"[{\"edgeSelection\":\"1to4\",\"edgeRTMS\":10839},{\"edgeSelection\":\"4to8\",\"edgeRTMS\":12197},{\"edgeSelection\":\"1to4\",\"edgeRTMS\":21748}]","seed":" 22809663","task":"experiment","subjectId":"bn235wk6ag3dz7k","trial_type":"external-html","trial_index":25,"time_elapsed":764101,"internal_node_id":"0.0-9.0-0.17"},{"rt":5794,"url":"../static/nodeGraphs.html","edge":"5to8","edgeRT":"4999","flipped":"FALSE","correct_edge":"5to8","index":"3","edgeClickLog":"[{\"edgeSelection\":\"5to8\",\"edgeRTMS\":4999}]","seed":" 46003743","task":"experiment","subjectId":"bn235wk6ag3dz7k","trial_type":"external-html","trial_index":26,"time_elapsed":770469,"internal_node_id":"0.0-9.0-0.18"},{"rt":32774,"url":"../static/nodeGraphs.html","edge":"4to8","edgeRT":"22871","flipped":"FALSE","correct_edge":"0to2","index":"10","edgeClickLog":"[{\"edgeSelection\":\"4to8\",\"edgeRTMS\":22114},{\"edgeSelection\":\"4to8\",\"edgeRTMS\":22871}]","seed":" 39688702","task":"experiment","subjectId":"bn235wk6ag3dz7k","trial_type":"external-html","trial_index":27,"time_elapsed":803805,"internal_node_id":"0.0-9.0-0.19"},{"rt":8688,"url":"../static/nodeGraphs.html","edge":"2to5","edgeRT":"7104","flipped":"FALSE","correct_edge":"0to2","index":"17","edgeClickLog":"[{\"edgeSelection\":\"2to5\",\"edgeRTMS\":7104}]","seed":" 21211189","task":"experiment","subjectId":"bn235wk6ag3dz7k","trial_type":"external-html","trial_index":28,"time_elapsed":813060,"internal_node_id":"0.0-9.0-0.20"},{"rt":7611,"url":"../static/nodeGraphs.html","edge":"3to6","edgeRT":"3914","flipped":"FALSE","correct_edge":"2to6","index":"15","edgeClickLog":"[{\"edgeSelection\":\"3to6\",\"edgeRTMS\":3914}]","seed":" 53220770","task":"experiment","subjectId":"bn235wk6ag3dz7k","trial_type":"external-html","trial_index":29,"time_elapsed":821236,"internal_node_id":"0.0-9.0-0.21"},{"rt":11045,"url":"../static/nodeGraphs.html","edge":"1to4","edgeRT":"9734","flipped":"FALSE","correct_edge":"0to1","index":"19","edgeClickLog":"[{\"edgeSelection\":\"1to4\",\"edgeRTMS\":9734}]","seed":" 37422119","task":"experiment","subjectId":"bn235wk6ag3dz7k","trial_type":"external-html","trial_index":30,"time_elapsed":832900,"internal_node_id":"0.0-9.0-0.22"},{"rt":11878,"url":"../static/nodeGraphs.html","edge":"2to5","edgeRT":"4714","flipped":"TRUE","correct_edge":"0to2","index":"37","edgeClickLog":"[{\"edgeSelection\":\"2to5\",\"edgeRTMS\":4714}]","seed":" 21211189","task":"experiment","subjectId":"bn235wk6ag3dz7k","trial_type":"external-html","trial_index":31,"time_elapsed":845341,"internal_node_id":"0.0-9.0-0.23"},{"rt":16367,"url":"../static/nodeGraphs.html","edge":"1to4","edgeRT":"11248","flipped":"FALSE","correct_edge":"0to2","index":"14","edgeClickLog":"[{\"edgeSelection\":\"1to4\",\"edgeRTMS\":11248}]","seed":" 21083760","task":"experiment","subjectId":"bn235wk6ag3dz7k","trial_type":"external-html","trial_index":32,"time_elapsed":862276,"internal_node_id":"0.0-9.0-0.24"},{"rt":6931,"url":"../static/nodeGraphs.html","edge":"2to5","edgeRT":"5593","flipped":"FALSE","correct_edge":"0to2","index":"7","edgeClickLog":"[{\"edgeSelection\":\"2to5\",\"edgeRTMS\":5593}]","seed":" 85614324","task":"experiment","subjectId":"bn235wk6ag3dz7k","trial_type":"external-html","trial_index":33,"time_elapsed":869765,"internal_node_id":"0.0-9.0-0.25"},{"rt":27924,"url":"../static/nodeGraphs.html","edge":"4to7","edgeRT":"26652","flipped":"TRUE","correct_edge":"0to1","index":"32","edgeClickLog":"[{\"edgeSelection\":\"4to7\",\"edgeRTMS\":26652}]","seed":" 36895371","task":"experiment","subjectId":"bn235wk6ag3dz7k","trial_type":"external-html","trial_index":34,"time_elapsed":898251,"internal_node_id":"0.0-9.0-0.26"},{"rt":6840,"url":"../static/nodeGraphs.html","edge":"3to6","edgeRT":"4062","flipped":"TRUE","correct_edge":"0to3","index":"20","edgeClickLog":"[{\"edgeSelection\":\"3to6\",\"edgeRTMS\":4062}]","seed":" 21745736","task":"experiment","subjectId":"bn235wk6ag3dz7k","trial_type":"external-html","trial_index":35,"time_elapsed":905651,"internal_node_id":"0.0-9.0-0.27"},{"rt":12807,"url":"../static/nodeGraphs.html","edge":"1to4","edgeRT":"5834","flipped":"TRUE","correct_edge":"0to1","index":"29","edgeClickLog":"[{\"edgeSelection\":\"1to4\",\"edgeRTMS\":5834}]","seed":" 61187187","task":"experiment","subjectId":"bn235wk6ag3dz7k","trial_type":"external-html","trial_index":36,"time_elapsed":919018,"internal_node_id":"0.0-9.0-0.28"},{"rt":8329,"url":"../static/nodeGraphs.html","edge":"1to4","edgeRT":"4370","flipped":"TRUE","correct_edge":"2to4","index":"35","edgeClickLog":"[{\"edgeSelection\":\"1to4\",\"edgeRTMS\":4370}]","seed":" 53220770","task":"experiment","subjectId":"bn235wk6ag3dz7k","trial_type":"external-html","trial_index":37,"time_elapsed":927906,"internal_node_id":"0.0-9.0-0.29"},{"rt":8148,"url":"../static/nodeGraphs.html","edge":"2to5","edgeRT":"6970","flipped":"FALSE","correct_edge":"0to2","index":"8","edgeClickLog":"[{\"edgeSelection\":\"2to5\",\"edgeRTMS\":6970}]","seed":" 8396978","task":"experiment","subjectId":"bn235wk6ag3dz7k","trial_type":"external-html","trial_index":38,"time_elapsed":936635,"internal_node_id":"0.0-9.0-0.30"},{"rt":11235,"url":"../static/nodeGraphs.html","edge":"2to6","edgeRT":"7509","flipped":"TRUE","correct_edge":"0to2","index":"28","edgeClickLog":"[{\"edgeSelection\":\"2to6\",\"edgeRTMS\":7509}]","seed":" 8396978","task":"experiment","subjectId":"bn235wk6ag3dz7k","trial_type":"external-html","trial_index":39,"time_elapsed":948435,"internal_node_id":"0.0-9.0-0.31"},{"rt":41776,"url":"../static/nodeGraphs.html","edge":"5to9","edgeRT":"38376","flipped":"FALSE","correct_edge":"5to9","index":"16","edgeClickLog":"[{\"edgeSelection\":\"5to9\",\"edgeRTMS\":38376}]","seed":" 5655743","task":"experiment","subjectId":"bn235wk6ag3dz7k","trial_type":"external-html","trial_index":40,"time_elapsed":990804,"internal_node_id":"0.0-9.0-0.32"},{"rt":44658,"url":"../static/nodeGraphs.html","edge":"1to5","edgeRT":"37332","flipped":"TRUE","correct_edge":"6to9","index":"26","edgeClickLog":"[{\"edgeSelection\":\"1to5\",\"edgeRTMS\":37332}]","seed":" 13523788","task":"experiment","subjectId":"bn235wk6ag3dz7k","trial_type":"external-html","trial_index":41,"time_elapsed":1036017,"internal_node_id":"0.0-9.0-0.33"},{"rt":10340,"url":"../static/nodeGraphs.html","edge":"6to8","edgeRT":"7726","flipped":"TRUE","correct_edge":"0to2","index":"30","edgeClickLog":"[{\"edgeSelection\":\"6to8\",\"edgeRTMS\":7726}]","seed":" 39688702","task":"experiment","subjectId":"bn235wk6ag3dz7k","trial_type":"external-html","trial_index":42,"time_elapsed":1046921,"internal_node_id":"0.0-9.0-0.34"},{"rt":10960,"url":"../static/nodeGraphs.html","edge":"2to6","edgeRT":"7390","flipped":"TRUE","correct_edge":"2to6","index":"25","edgeClickLog":"[{\"edgeSelection\":\"2to6\",\"edgeRTMS\":7390}]","seed":" 10409262","task":"experiment","subjectId":"bn235wk6ag3dz7k","trial_type":"external-html","trial_index":43,"time_elapsed":1058440,"internal_node_id":"0.0-9.0-0.35"},{"rt":10475,"url":"../static/nodeGraphs.html","edge":"3to6","edgeRT":"8546","flipped":"FALSE","correct_edge":"0to3","index":"9","edgeClickLog":"[{\"edgeSelection\":\"3to6\",\"edgeRTMS\":8546}]","seed":" 61187187","task":"experiment","subjectId":"bn235wk6ag3dz7k","trial_type":"external-html","trial_index":44,"time_elapsed":1069529,"internal_node_id":"0.0-9.0-0.36"},{"rt":21969,"url":"../static/nodeGraphs.html","edge":"0to3","edgeRT":"19804","flipped":"FALSE","correct_edge":"0to3","index":"12","edgeClickLog":"[{\"edgeSelection\":\"0to3\",\"edgeRTMS\":19804}]","seed":" 36895371","task":"experiment","subjectId":"bn235wk6ag3dz7k","trial_type":"external-html","trial_index":45,"time_elapsed":1092065,"internal_node_id":"0.0-9.0-0.37"},{"rt":10334,"url":"../static/nodeGraphs.html","edge":"2to5","edgeRT":"5549","flipped":"FALSE","correct_edge":"3to5","index":"18","edgeClickLog":"[{\"edgeSelection\":\"2to5\",\"edgeRTMS\":5549}]","seed":" 22181670","task":"experiment","subjectId":"bn235wk6ag3dz7k","trial_type":"external-html","trial_index":46,"time_elapsed":1102961,"internal_node_id":"0.0-9.0-0.38"},{"rt":20918,"url":"../static/nodeGraphs.html","edge":"5to7","edgeRT":"19814","flipped":"TRUE","correct_edge":"5to7","index":"36","edgeClickLog":"[{\"edgeSelection\":\"5to7\",\"edgeRTMS\":19814}]","seed":" 5655743","task":"experiment","subjectId":"bn235wk6ag3dz7k","trial_type":"external-html","trial_index":47,"time_elapsed":1124448,"internal_node_id":"0.0-9.0-0.39"},{"rt":150126,"response":{"P0_Q0":null,"P0_Q1":3,"P0_Q2":6,"P0_Q3":4,"P0_Q4":2,"P0_Q5":2,"strategies":"I tried to choose paths that would imply other new and better paths too, to maximize points.","feedback":"No"},"accuracy":[],"trial_type":"survey","trial_index":48,"time_elapsed":1275893,"internal_node_id":"0.0-10.0"},{"rt":6463,"stimulus":"<p>Thanks for your time!</p>        <p>We need to manually calculate your bonus pay, please give us up to 7 days.</p><p>Press any key to conclude.</p>","response":"k","task":"end","subjectId":"bn235wk6ag3dz7k","trial_type":"html-keyboard-response","trial_index":49,"time_elapsed":1282362,"internal_node_id":"0.0-11.0","interactions":"[{\"event\":\"blur\",\"trial\":0,\"time\":323},{\"event\":\"focus\",\"trial\":1,\"time\":5272},{\"event\":\"fullscreenenter\",\"trial\":1,\"time\":6318},{\"event\":\"blur\",\"trial\":20,\"time\":664066},{\"event\":\"focus\",\"trial\":20,\"time\":664067},{\"event\":\"fullscreenexit\",\"trial\":20,\"time\":664261},{\"event\":\"blur\",\"trial\":40,\"time\":989539},{\"event\":\"focus\",\"trial\":40,\"time\":990738}]"}]