[{"success":true,"timeout":false,"failed_images":[],"failed_audio":[],"failed_video":[],"trial_type":"preload","trial_index":0,"time_elapsed":3337,"internal_node_id":"0.0-0.0"},{"success":true,"trial_type":"fullscreen","trial_index":1,"time_elapsed":6918,"internal_node_id":"0.0-1.0"},{"rt":1773,"stimulus":"Welcome to the experiment. Press any key to begin.","response":"enter","trial_type":"html-keyboard-response","trial_index":2,"time_elapsed":8693,"internal_node_id":"0.0-2.0"},{"view_history":[{"page_index":0,"viewing_time":2479},{"page_index":1,"viewing_time":1791},{"page_index":2,"viewing_time":11000},{"page_index":3,"viewing_time":3144},{"page_index":4,"viewing_time":1288},{"page_index":5,"viewing_time":1032},{"page_index":6,"viewing_time":1712},{"page_index":7,"viewing_time":4992},{"page_index":8,"viewing_time":8951},{"page_index":9,"viewing_time":6481},{"page_index":10,"viewing_time":720},{"page_index":11,"viewing_time":328},{"page_index":12,"viewing_time":288},{"page_index":13,"viewing_time":896},{"page_index":14,"viewing_time":1656},{"page_index":15,"viewing_time":4896},{"page_index":16,"viewing_time":936},{"page_index":17,"viewing_time":585},{"page_index":18,"viewing_time":783},{"page_index":19,"viewing_time":4177},{"page_index":20,"viewing_time":3168},{"page_index":21,"viewing_time":2632}],"rt":63936,"trial_type":"instructions","trial_index":3,"time_elapsed":72628,"internal_node_id":"0.0-3.0"},{"rt":39090,"url":"../static/nodeGraphsTraining.html","edgeClickLog":[],"trial_type":"external-html","trial_index":4,"time_elapsed":112640,"internal_node_id":"0.0-4.0"},{"rt":13263,"response":{"q1":"The goal is to help the student to get the most points","q2":"False","q3":"Possible paths the student can take.","q4":"Paths that the student took before."},"question_order":[0,1,2,3],"trial_type":"survey-multi-choice","trial_index":5,"time_elapsed":125905,"internal_node_id":"0.0-5.0"},{"rt":3704,"stimulus":"<p>You can take a 60 second break before starting the experiment.</p><br><br><p>This page will advance in 60 seconds or you can press any key to advance now.</p>","response":"arrowright","trial_type":"html-keyboard-response","trial_index":6,"time_elapsed":129611,"internal_node_id":"0.0-7.0"},{"view_history":[{"page_index":0,"viewing_time":6133}],"rt":6133,"trial_type":"instructions","trial_index":7,"time_elapsed":135745,"internal_node_id":"0.0-8.0"},{"rt":9654,"url":"../static/nodeGraphs.html","edge":"1to4","edgeRT":"8314","flipped":"FALSE","correct_edge":"1to4","index":"2","edgeClickLog":"[{\"edgeSelection\":\"1to4\",\"edgeRTMS\":8314}]","seed":" 22809663","task":"experiment","subjectId":"twuf0wzbxfbpuq3","trial_type":"external-html","trial_index":8,"time_elapsed":146543,"internal_node_id":"0.0-9.0-0.0"},{"rt":22905,"url":"../static/nodeGraphs.html","edge":"5to7","edgeRT":"22015","flipped":"TRUE","correct_edge":"0to2","index":"33","edgeClickLog":"[{\"edgeSelection\":\"5to7\",\"edgeRTMS\":22015}]","seed":" 49587019","task":"experiment","subjectId":"twuf0wzbxfbpuq3","trial_type":"external-html","trial_index":9,"time_elapsed":172535,"internal_node_id":"0.0-9.0-0.1"},{"rt":4913,"url":"../static/nodeGraphs.html","edge":"0to1","edgeRT":"3032","flipped":"TRUE","correct_edge":"0to1","index":"32","edgeClickLog":"[{\"edgeSelection\":\"0to1\",\"edgeRTMS\":3032}]","seed":" 36895371","task":"experiment","subjectId":"twuf0wzbxfbpuq3","trial_type":"external-html","trial_index":10,"time_elapsed":180658,"internal_node_id":"0.0-9.0-0.2"},{"rt":4217,"url":"../static/nodeGraphs.html","edge":"0to3","edgeRT":"2542","flipped":"TRUE","correct_edge":"0to2","index":"30","edgeClickLog":"[{\"edgeSelection\":\"0to3\",\"edgeRTMS\":2542}]","seed":" 39688702","task":"experiment","subjectId":"twuf0wzbxfbpuq3","trial_type":"external-html","trial_index":11,"time_elapsed":187539,"internal_node_id":"0.0-9.0-0.3"},{"rt":4559,"url":"../static/nodeGraphs.html","edge":"0to1","edgeRT":"2014","flipped":"FALSE","correct_edge":"0to1","index":"19","edgeClickLog":"[{\"edgeSelection\":\"0to1\",\"edgeRTMS\":2014}]","seed":" 37422119","task":"experiment","subjectId":"twuf0wzbxfbpuq3","trial_type":"external-html","trial_index":12,"time_elapsed":194740,"internal_node_id":"0.0-9.0-0.4"},{"rt":8206,"url":"../static/nodeGraphs.html","edge":"5to9","edgeRT":"7440","flipped":"FALSE","correct_edge":"0to2","index":"13","edgeClickLog":"[{\"edgeSelection\":\"5to9\",\"edgeRTMS\":7440}]","seed":" 49587019","task":"experiment","subjectId":"twuf0wzbxfbpuq3","trial_type":"external-html","trial_index":13,"time_elapsed":205351,"internal_node_id":"0.0-9.0-0.5"},{"rt":5202,"url":"../static/nodeGraphs.html","edge":"3to6","edgeRT":"4020","flipped":"TRUE","correct_edge":"0to2","index":"28","edgeClickLog":"[{\"edgeSelection\":\"3to6\",\"edgeRTMS\":4020}]","seed":" 8396978","task":"experiment","subjectId":"twuf0wzbxfbpuq3","trial_type":"external-html","trial_index":14,"time_elapsed":212792,"internal_node_id":"0.0-9.0-0.6"},{"rt":3904,"url":"../static/nodeGraphs.html","edge":"0to2","edgeRT":"2093","flipped":"FALSE","correct_edge":"0to2","index":"11","edgeClickLog":"[{\"edgeSelection\":\"0to2\",\"edgeRTMS\":2093}]","seed":" 63833578","task":"experiment","subjectId":"twuf0wzbxfbpuq3","trial_type":"external-html","trial_index":15,"time_elapsed":219585,"internal_node_id":"0.0-9.0-0.7"},{"rt":3407,"url":"../static/nodeGraphs.html","edge":"3to5","edgeRT":"2075","flipped":"FALSE","correct_edge":"5to9","index":"16","edgeClickLog":"[{\"edgeSelection\":\"3to5\",\"edgeRTMS\":2075}]","seed":" 5655743","task":"experiment","subjectId":"twuf0wzbxfbpuq3","trial_type":"external-html","trial_index":16,"time_elapsed":223643,"internal_node_id":"0.0-9.0-0.8"},{"rt":2332,"url":"../static/nodeGraphs.html","edge":"0to3","edgeRT":"1388","flipped":"FALSE","correct_edge":"2to6","index":"15","edgeClickLog":"[{\"edgeSelection\":\"0to3\",\"edgeRTMS\":1388}]","seed":" 53220770","task":"experiment","subjectId":"twuf0wzbxfbpuq3","trial_type":"external-html","trial_index":17,"time_elapsed":228663,"internal_node_id":"0.0-9.0-0.9"},{"rt":2497,"url":"../static/nodeGraphs.html","edge":"0to2","edgeRT":"1513","flipped":"TRUE","correct_edge":"0to2","index":"37","edgeClickLog":"[{\"edgeSelection\":\"0to2\",\"edgeRTMS\":1513}]","seed":" 21211189","task":"experiment","subjectId":"twuf0wzbxfbpuq3","trial_type":"external-html","trial_index":18,"time_elapsed":232053,"internal_node_id":"0.0-9.0-0.10"},{"rt":5766,"url":"../static/nodeGraphs.html","edge":"0to1","edgeRT":"4744","flipped":"TRUE","correct_edge":"2to4","index":"35","edgeClickLog":"[{\"edgeSelection\":\"0to1\",\"edgeRTMS\":1680},{\"edgeSelection\":\"0to1\",\"edgeRTMS\":4744}]","seed":" 53220770","task":"experiment","subjectId":"twuf0wzbxfbpuq3","trial_type":"external-html","trial_index":19,"time_elapsed":241202,"internal_node_id":"0.0-9.0-0.11"},{"rt":4553,"url":"../static/nodeGraphs.html","edge":"5to8","edgeRT":"3505","flipped":"FALSE","correct_edge":"5to8","index":"3","edgeClickLog":"[{\"edgeSelection\":\"5to8\",\"edgeRTMS\":3505}]","seed":" 46003743","task":"experiment","subjectId":"twuf0wzbxfbpuq3","trial_type":"external-html","trial_index":20,"time_elapsed":248291,"internal_node_id":"0.0-9.0-0.12"},{"rt":3720,"url":"../static/nodeGraphs.html","edge":"6to8","edgeRT":"2880","flipped":"TRUE","correct_edge":"6to8","index":"21","edgeClickLog":"[{\"edgeSelection\":\"6to8\",\"edgeRTMS\":2880}]","seed":" 32816305","task":"experiment","subjectId":"twuf0wzbxfbpuq3","trial_type":"external-html","trial_index":21,"time_elapsed":254324,"internal_node_id":"0.0-9.0-0.13"},{"rt":4576,"url":"../static/nodeGraphs.html","edge":"2to6","edgeRT":"3643","flipped":"TRUE","correct_edge":"2to6","index":"25","edgeClickLog":"[{\"edgeSelection\":\"2to6\",\"edgeRTMS\":3643}]","seed":" 10409262","task":"experiment","subjectId":"twuf0wzbxfbpuq3","trial_type":"external-html","trial_index":22,"time_elapsed":261525,"internal_node_id":"0.0-9.0-0.14"},{"rt":8120,"url":"../static/nodeGraphs.html","edge":"1to4","edgeRT":"6500","flipped":"FALSE","correct_edge":"0to2","index":"8","edgeClickLog":"[{\"edgeSelection\":\"1to4\",\"edgeRTMS\":6500}]","seed":" 8396978","task":"experiment","subjectId":"twuf0wzbxfbpuq3","trial_type":"external-html","trial_index":23,"time_elapsed":272867,"internal_node_id":"0.0-9.0-0.15"},{"rt":4932,"url":"../static/nodeGraphs.html","edge":"0to3","edgeRT":"3527","flipped":"TRUE","correct_edge":"0to3","index":"20","edgeClickLog":"[{\"edgeSelection\":\"0to3\",\"edgeRTMS\":3527}]","seed":" 21745736","task":"experiment","subjectId":"twuf0wzbxfbpuq3","trial_type":"external-html","trial_index":24,"time_elapsed":280415,"internal_node_id":"0.0-9.0-0.16"},{"rt":3629,"url":"../static/nodeGraphs.html","edge":"0to2","edgeRT":"2649","flipped":"TRUE","correct_edge":"0to2","index":"31","edgeClickLog":"[{\"edgeSelection\":\"0to2\",\"edgeRTMS\":2649}]","seed":" 63833578","task":"experiment","subjectId":"twuf0wzbxfbpuq3","trial_type":"external-html","trial_index":25,"time_elapsed":284788,"internal_node_id":"0.0-9.0-0.17"},{"rt":3441,"url":"../static/nodeGraphs.html","edge":"5to8","edgeRT":"2528","flipped":"TRUE","correct_edge":"5to8","index":"23","edgeClickLog":"[{\"edgeSelection\":\"5to8\",\"edgeRTMS\":2528}]","seed":" 46003743","task":"experiment","subjectId":"twuf0wzbxfbpuq3","trial_type":"external-html","trial_index":26,"time_elapsed":291007,"internal_node_id":"0.0-9.0-0.18"},{"rt":4713,"url":"../static/nodeGraphs.html","edge":"4to8","edgeRT":"3870","flipped":"FALSE","correct_edge":"4to8","index":"1","edgeClickLog":"[{\"edgeSelection\":\"5to7\",\"edgeRTMS\":2932},{\"edgeSelection\":\"4to8\",\"edgeRTMS\":3870}]","seed":" 32816305","task":"experiment","subjectId":"twuf0wzbxfbpuq3","trial_type":"external-html","trial_index":27,"time_elapsed":298732,"internal_node_id":"0.0-9.0-0.19"},{"rt":4818,"url":"../static/nodeGraphs.html","edge":"0to3","edgeRT":"3678","flipped":"FALSE","correct_edge":"0to3","index":"12","edgeClickLog":"[{\"edgeSelection\":\"0to3\",\"edgeRTMS\":3678}]","seed":" 36895371","task":"experiment","subjectId":"twuf0wzbxfbpuq3","trial_type":"external-html","trial_index":28,"time_elapsed":306314,"internal_node_id":"0.0-9.0-0.20"},{"rt":4481,"url":"../static/nodeGraphs.html","edge":"1to5","edgeRT":"3413","flipped":"FALSE","correct_edge":"0to2","index":"17","edgeClickLog":"[{\"edgeSelection\":\"1to5\",\"edgeRTMS\":3413}]","seed":" 21211189","task":"experiment","subjectId":"twuf0wzbxfbpuq3","trial_type":"external-html","trial_index":29,"time_elapsed":311509,"internal_node_id":"0.0-9.0-0.21"},{"rt":4629,"url":"../static/nodeGraphs.html","edge":"0to2","edgeRT":"3770","flipped":"FALSE","correct_edge":"0to2","index":"10","edgeClickLog":"[{\"edgeSelection\":\"0to2\",\"edgeRTMS\":3770}]","seed":" 39688702","task":"experiment","subjectId":"twuf0wzbxfbpuq3","trial_type":"external-html","trial_index":30,"time_elapsed":318821,"internal_node_id":"0.0-9.0-0.22"},{"rt":3277,"url":"../static/nodeGraphs.html","edge":"2to4","edgeRT":"2433","flipped":"FALSE","correct_edge":"2to4","index":"4","edgeClickLog":"[{\"edgeSelection\":\"2to4\",\"edgeRTMS\":2433}]","seed":" 36501291","task":"experiment","subjectId":"twuf0wzbxfbpuq3","trial_type":"external-html","trial_index":31,"time_elapsed":325355,"internal_node_id":"0.0-9.0-0.23"},{"rt":4688,"url":"../static/nodeGraphs.html","edge":"1to5","edgeRT":"3483","flipped":"TRUE","correct_edge":"1to5","index":"38","edgeClickLog":"[{\"edgeSelection\":\"1to5\",\"edgeRTMS\":3483}]","seed":" 22181670","task":"experiment","subjectId":"twuf0wzbxfbpuq3","trial_type":"external-html","trial_index":32,"time_elapsed":331627,"internal_node_id":"0.0-9.0-0.24"},{"rt":10361,"url":"../static/nodeGraphs.html","edge":"0to2","edgeRT":"9565","flipped":"FALSE","correct_edge":"0to2","index":"14","edgeClickLog":"[{\"edgeSelection\":\"0to2\",\"edgeRTMS\":9565}]","seed":" 21083760","task":"experiment","subjectId":"twuf0wzbxfbpuq3","trial_type":"external-html","trial_index":33,"time_elapsed":344317,"internal_node_id":"0.0-9.0-0.25"},{"rt":2757,"url":"../static/nodeGraphs.html","edge":"0to3","edgeRT":"1754","flipped":"FALSE","correct_edge":"0to1","index":"0","edgeClickLog":"[{\"edgeSelection\":\"0to3\",\"edgeRTMS\":1754}]","seed":" 21745736","task":"experiment","subjectId":"twuf0wzbxfbpuq3","trial_type":"external-html","trial_index":34,"time_elapsed":349513,"internal_node_id":"0.0-9.0-0.26"},{"rt":3228,"url":"../static/nodeGraphs.html","edge":"5to7","edgeRT":"2407","flipped":"FALSE","correct_edge":"0to3","index":"9","edgeClickLog":"[{\"edgeSelection\":\"5to7\",\"edgeRTMS\":2407}]","seed":" 61187187","task":"experiment","subjectId":"twuf0wzbxfbpuq3","trial_type":"external-html","trial_index":35,"time_elapsed":356947,"internal_node_id":"0.0-9.0-0.27"},{"rt":3728,"url":"../static/nodeGraphs.html","edge":"0to2","edgeRT":"2747","flipped":"TRUE","correct_edge":"0to2","index":"27","edgeClickLog":"[{\"edgeSelection\":\"0to2\",\"edgeRTMS\":2747}]","seed":" 85614324","task":"experiment","subjectId":"twuf0wzbxfbpuq3","trial_type":"external-html","trial_index":36,"time_elapsed":361288,"internal_node_id":"0.0-9.0-0.28"},{"rt":4303,"url":"../static/nodeGraphs.html","edge":"4to7","edgeRT":"3442","flipped":"FALSE","correct_edge":"4to7","index":"6","edgeClickLog":"[{\"edgeSelection\":\"4to7\",\"edgeRTMS\":3442}]","seed":" 13523788","task":"experiment","subjectId":"twuf0wzbxfbpuq3","trial_type":"external-html","trial_index":37,"time_elapsed":366433,"internal_node_id":"0.0-9.0-0.29"},{"rt":5071,"url":"../static/nodeGraphs.html","edge":"2to4","edgeRT":"4125","flipped":"FALSE","correct_edge":"2to4","index":"5","edgeClickLog":"[{\"edgeSelection\":\"2to4\",\"edgeRTMS\":4125}]","seed":" 10409262","task":"experiment","subjectId":"twuf0wzbxfbpuq3","trial_type":"external-html","trial_index":38,"time_elapsed":373843,"internal_node_id":"0.0-9.0-0.30"},{"rt":8213,"url":"../static/nodeGraphs.html","edge":"0to2","edgeRT":"7175","flipped":"TRUE","correct_edge":"0to2","index":"34","edgeClickLog":"[{\"edgeSelection\":\"0to2\",\"edgeRTMS\":7175}]","seed":" 21083760","task":"experiment","subjectId":"twuf0wzbxfbpuq3","trial_type":"external-html","trial_index":39,"time_elapsed":382721,"internal_node_id":"0.0-9.0-0.31"},{"rt":2818,"url":"../static/nodeGraphs.html","edge":"5to9","edgeRT":"1903","flipped":"TRUE","correct_edge":"0to1","index":"29","edgeClickLog":"[{\"edgeSelection\":\"5to9\",\"edgeRTMS\":1903}]","seed":" 61187187","task":"experiment","subjectId":"twuf0wzbxfbpuq3","trial_type":"external-html","trial_index":40,"time_elapsed":387975,"internal_node_id":"0.0-9.0-0.32"},{"rt":6732,"url":"../static/nodeGraphs.html","edge":"1to5","edgeRT":"5892","flipped":"TRUE","correct_edge":"5to7","index":"36","edgeClickLog":"[{\"edgeSelection\":\"1to5\",\"edgeRTMS\":5892}]","seed":" 5655743","task":"experiment","subjectId":"twuf0wzbxfbpuq3","trial_type":"external-html","trial_index":41,"time_elapsed":397319,"internal_node_id":"0.0-9.0-0.33"},{"rt":3509,"url":"../static/nodeGraphs.html","edge":"2to6","edgeRT":"2357","flipped":"TRUE","correct_edge":"2to6","index":"24","edgeClickLog":"[{\"edgeSelection\":\"2to6\",\"edgeRTMS\":2357}]","seed":" 36501291","task":"experiment","subjectId":"twuf0wzbxfbpuq3","trial_type":"external-html","trial_index":42,"time_elapsed":403923,"internal_node_id":"0.0-9.0-0.34"},{"rt":2292,"url":"../static/nodeGraphs.html","edge":"6to9","edgeRT":"1391","flipped":"TRUE","correct_edge":"6to9","index":"26","edgeClickLog":"[{\"edgeSelection\":\"6to9\",\"edgeRTMS\":1391}]","seed":" 13523788","task":"experiment","subjectId":"twuf0wzbxfbpuq3","trial_type":"external-html","trial_index":43,"time_elapsed":407929,"internal_node_id":"0.0-9.0-0.35"},{"rt":6179,"url":"../static/nodeGraphs.html","edge":"3to6","edgeRT":"4335","flipped":"TRUE","correct_edge":"3to6","index":"22","edgeClickLog":"[{\"edgeSelection\":\"3to6\",\"edgeRTMS\":4335}]","seed":" 22809663","task":"experiment","subjectId":"twuf0wzbxfbpuq3","trial_type":"external-html","trial_index":44,"time_elapsed":417551,"internal_node_id":"0.0-9.0-0.36"},{"rt":2141,"url":"../static/nodeGraphs.html","edge":"5to9","edgeRT":"1310","flipped":"TRUE","correct_edge":"0to3","index":"39","edgeClickLog":"[{\"edgeSelection\":\"5to9\",\"edgeRTMS\":1310}]","seed":" 37422119","task":"experiment","subjectId":"twuf0wzbxfbpuq3","trial_type":"external-html","trial_index":45,"time_elapsed":420377,"internal_node_id":"0.0-9.0-0.37"},{"rt":4410,"url":"../static/nodeGraphs.html","edge":"3to5","edgeRT":"3570","flipped":"FALSE","correct_edge":"0to2","index":"7","edgeClickLog":"[{\"edgeSelection\":\"3to5\",\"edgeRTMS\":3570}]","seed":" 85614324","task":"experiment","subjectId":"twuf0wzbxfbpuq3","trial_type":"external-html","trial_index":46,"time_elapsed":428688,"internal_node_id":"0.0-9.0-0.38"},{"rt":3441,"url":"../static/nodeGraphs.html","edge":"3to5","edgeRT":"2627","flipped":"FALSE","correct_edge":"3to5","index":"18","edgeClickLog":"[{\"edgeSelection\":\"3to5\",\"edgeRTMS\":2627}]","seed":" 22181670","task":"experiment","subjectId":"twuf0wzbxfbpuq3","trial_type":"external-html","trial_index":47,"time_elapsed":434680,"internal_node_id":"0.0-9.0-0.39"},{"rt":18117,"response":{"P0_Q0":null,"P0_Q1":2,"P0_Q2":6,"P0_Q3":6,"P0_Q4":4,"P0_Q5":2,"strategies":"Most points possible","feedback":""},"accuracy":[],"trial_type":"survey","trial_index":48,"time_elapsed":453344,"internal_node_id":"0.0-10.0"},{"rt":1825,"stimulus":"<p>Thanks for your time!</p>        <p>We need to manually calculate your bonus pay, please give us up to 7 days.</p><p>Press any key to conclude.</p>","response":"enter","task":"end","subjectId":"twuf0wzbxfbpuq3","trial_type":"html-keyboard-response","trial_index":49,"time_elapsed":455170,"internal_node_id":"0.0-11.0","interactions":"[{\"event\":\"fullscreenenter\",\"trial\":1,\"time\":5931},{\"event\":\"blur\",\"trial\":4,\"time\":99859},{\"event\":\"focus\",\"trial\":4,\"time\":99859},{\"event\":\"fullscreenexit\",\"trial\":4,\"time\":99865},{\"event\":\"blur\",\"trial\":8,\"time\":143320},{\"event\":\"focus\",\"trial\":8,\"time\":143320},{\"event\":\"blur\",\"trial\":41,\"time\":395675},{\"event\":\"focus\",\"trial\":41,\"time\":395675}]"}]