[{"success":true,"timeout":false,"failed_images":[],"failed_audio":[],"failed_video":[],"trial_type":"preload","trial_index":0,"time_elapsed":815,"internal_node_id":"0.0-0.0"},{"success":true,"trial_type":"fullscreen","trial_index":1,"time_elapsed":4024,"internal_node_id":"0.0-1.0"},{"rt":1431,"stimulus":"Welcome to the experiment. Press any key to begin.","response":" ","trial_type":"html-keyboard-response","trial_index":2,"time_elapsed":5458,"internal_node_id":"0.0-2.0"},{"view_history":[{"page_index":0,"viewing_time":2219},{"page_index":1,"viewing_time":4847},{"page_index":2,"viewing_time":29895},{"page_index":3,"viewing_time":4872},{"page_index":4,"viewing_time":2129},{"page_index":5,"viewing_time":5879},{"page_index":6,"viewing_time":1927},{"page_index":7,"viewing_time":8240},{"page_index":8,"viewing_time":15483},{"page_index":9,"viewing_time":10309},{"page_index":10,"viewing_time":3104},{"page_index":11,"viewing_time":577},{"page_index":12,"viewing_time":553},{"page_index":13,"viewing_time":1512},{"page_index":14,"viewing_time":3940},{"page_index":15,"viewing_time":6758},{"page_index":16,"viewing_time":1195},{"page_index":17,"viewing_time":515},{"page_index":18,"viewing_time":1074},{"page_index":19,"viewing_time":13847},{"page_index":20,"viewing_time":8469},{"page_index":21,"viewing_time":3254}],"rt":130599,"trial_type":"instructions","trial_index":3,"time_elapsed":136064,"internal_node_id":"0.0-3.0"},{"rt":89344,"url":"../static/nodeGraphsTraining.html","edgeClickLog":[],"trial_type":"external-html","trial_index":4,"time_elapsed":225709,"internal_node_id":"0.0-4.0"},{"rt":20637,"response":{"q1":"The goal is to help the student to get the most points","q2":"False","q3":"Possible paths the student can take.","q4":"Paths that the student took before."},"question_order":[0,1,2,3],"trial_type":"survey-multi-choice","trial_index":5,"time_elapsed":246351,"internal_node_id":"0.0-5.0"},{"rt":59758,"stimulus":"<p>You can take a 60 second break before starting the experiment.</p><br><br><p>This page will advance in 60 seconds or you can press any key to advance now.</p>","response":" ","trial_type":"html-keyboard-response","trial_index":6,"time_elapsed":306117,"internal_node_id":"0.0-7.0"},{"view_history":[{"page_index":0,"viewing_time":14944}],"rt":14945,"trial_type":"instructions","trial_index":7,"time_elapsed":321064,"internal_node_id":"0.0-8.0"},{"rt":23496,"url":"../static/nodeGraphs.html","edge":"6to8","edgeRT":"21060","flipped":"FALSE","correct_edge":"0to3","index":"9","edgeClickLog":"[{\"edgeSelection\":\"6to8\",\"edgeRTMS\":21060}]","seed":" 61187187","task":"experiment","subjectId":"d88j3neyccd349u","trial_type":"external-html","trial_index":8,"time_elapsed":344655,"internal_node_id":"0.0-9.0-0.0"},{"rt":32161,"url":"../static/nodeGraphs.html","edge":"2to6","edgeRT":"29018","flipped":"TRUE","correct_edge":"2to6","index":"24","edgeClickLog":"[{\"edgeSelection\":\"2to6\",\"edgeRTMS\":29018}]","seed":" 36501291","task":"experiment","subjectId":"d88j3neyccd349u","trial_type":"external-html","trial_index":9,"time_elapsed":377413,"internal_node_id":"0.0-9.0-0.1"},{"rt":16397,"url":"../static/nodeGraphs.html","edge":"2to4","edgeRT":"11753","flipped":"FALSE","correct_edge":"2to4","index":"4","edgeClickLog":"[{\"edgeSelection\":\"2to4\",\"edgeRTMS\":11753}]","seed":" 36501291","task":"experiment","subjectId":"d88j3neyccd349u","trial_type":"external-html","trial_index":10,"time_elapsed":394409,"internal_node_id":"0.0-9.0-0.2"},{"rt":19214,"url":"../static/nodeGraphs.html","edge":"2to4","edgeRT":"17884","flipped":"FALSE","correct_edge":"2to4","index":"5","edgeClickLog":"[{\"edgeSelection\":\"2to4\",\"edgeRTMS\":17884}]","seed":" 10409262","task":"experiment","subjectId":"d88j3neyccd349u","trial_type":"external-html","trial_index":11,"time_elapsed":414225,"internal_node_id":"0.0-9.0-0.3"},{"rt":14371,"url":"../static/nodeGraphs.html","edge":"0to1","edgeRT":"12452","flipped":"FALSE","correct_edge":"0to2","index":"10","edgeClickLog":"[{\"edgeSelection\":\"0to1\",\"edgeRTMS\":12452}]","seed":" 39688702","task":"experiment","subjectId":"d88j3neyccd349u","trial_type":"external-html","trial_index":12,"time_elapsed":429186,"internal_node_id":"0.0-9.0-0.4"},{"rt":17230,"url":"../static/nodeGraphs.html","edge":"3to6","edgeRT":"16092","flipped":"TRUE","correct_edge":"0to2","index":"30","edgeClickLog":"[{\"edgeSelection\":\"3to6\",\"edgeRTMS\":16092}]","seed":" 39688702","task":"experiment","subjectId":"d88j3neyccd349u","trial_type":"external-html","trial_index":13,"time_elapsed":447016,"internal_node_id":"0.0-9.0-0.5"},{"rt":11889,"url":"../static/nodeGraphs.html","edge":"2to6","edgeRT":"10109","flipped":"TRUE","correct_edge":"2to6","index":"25","edgeClickLog":"[{\"edgeSelection\":\"2to6\",\"edgeRTMS\":10109}]","seed":" 10409262","task":"experiment","subjectId":"d88j3neyccd349u","trial_type":"external-html","trial_index":14,"time_elapsed":459506,"internal_node_id":"0.0-9.0-0.6"},{"rt":12825,"url":"../static/nodeGraphs.html","edge":"0to2","edgeRT":"11641","flipped":"FALSE","correct_edge":"3to5","index":"18","edgeClickLog":"[{\"edgeSelection\":\"0to2\",\"edgeRTMS\":10428},{\"edgeSelection\":\"0to2\",\"edgeRTMS\":11641}]","seed":" 22181670","task":"experiment","subjectId":"d88j3neyccd349u","trial_type":"external-html","trial_index":15,"time_elapsed":472926,"internal_node_id":"0.0-9.0-0.7"},{"rt":26884,"url":"../static/nodeGraphs.html","edge":"2to6","edgeRT":"25458","flipped":"FALSE","correct_edge":"0to2","index":"13","edgeClickLog":"[{\"edgeSelection\":\"2to6\",\"edgeRTMS\":25458}]","seed":" 49587019","task":"experiment","subjectId":"d88j3neyccd349u","trial_type":"external-html","trial_index":16,"time_elapsed":500405,"internal_node_id":"0.0-9.0-0.8"},{"rt":14341,"url":"../static/nodeGraphs.html","edge":"1to4","edgeRT":"12592","flipped":"FALSE","correct_edge":"0to1","index":"19","edgeClickLog":"[{\"edgeSelection\":\"1to4\",\"edgeRTMS\":12592}]","seed":" 37422119","task":"experiment","subjectId":"d88j3neyccd349u","trial_type":"external-html","trial_index":17,"time_elapsed":515344,"internal_node_id":"0.0-9.0-0.9"},{"rt":6568,"url":"../static/nodeGraphs.html","edge":"0to2","edgeRT":"5158","flipped":"TRUE","correct_edge":"1to5","index":"38","edgeClickLog":"[{\"edgeSelection\":\"0to2\",\"edgeRTMS\":5158}]","seed":" 22181670","task":"experiment","subjectId":"d88j3neyccd349u","trial_type":"external-html","trial_index":18,"time_elapsed":522505,"internal_node_id":"0.0-9.0-0.10"},{"rt":27143,"url":"../static/nodeGraphs.html","edge":"0to1","edgeRT":"26103","flipped":"FALSE","correct_edge":"0to1","index":"0","edgeClickLog":"[{\"edgeSelection\":\"0to1\",\"edgeRTMS\":6291},{\"edgeSelection\":\"4to7\",\"edgeRTMS\":12299},{\"edgeSelection\":\"1to4\",\"edgeRTMS\":13929},{\"edgeSelection\":\"0to1\",\"edgeRTMS\":26103}]","seed":" 21745736","task":"experiment","subjectId":"d88j3neyccd349u","trial_type":"external-html","trial_index":19,"time_elapsed":550237,"internal_node_id":"0.0-9.0-0.11"},{"rt":30922,"url":"../static/nodeGraphs.html","edge":"1to5","edgeRT":"3795","flipped":"TRUE","correct_edge":"5to7","index":"36","edgeClickLog":"[{\"edgeSelection\":\"1to5\",\"edgeRTMS\":3795}]","seed":" 5655743","task":"experiment","subjectId":"d88j3neyccd349u","trial_type":"external-html","trial_index":20,"time_elapsed":581767,"internal_node_id":"0.0-9.0-0.12"},{"rt":12266,"url":"../static/nodeGraphs.html","edge":"0to3","edgeRT":"9774","flipped":"TRUE","correct_edge":"0to3","index":"39","edgeClickLog":"[{\"edgeSelection\":\"0to3\",\"edgeRTMS\":9774}]","seed":" 37422119","task":"experiment","subjectId":"d88j3neyccd349u","trial_type":"external-html","trial_index":21,"time_elapsed":594642,"internal_node_id":"0.0-9.0-0.13"},{"rt":19990,"url":"../static/nodeGraphs.html","edge":"4to8","edgeRT":"9677","flipped":"FALSE","correct_edge":"4to8","index":"1","edgeClickLog":"[{\"edgeSelection\":\"5to7\",\"edgeRTMS\":8796},{\"edgeSelection\":\"4to8\",\"edgeRTMS\":9677}]","seed":" 32816305","task":"experiment","subjectId":"d88j3neyccd349u","trial_type":"external-html","trial_index":22,"time_elapsed":615222,"internal_node_id":"0.0-9.0-0.14"},{"rt":13547,"url":"../static/nodeGraphs.html","edge":"5to9","edgeRT":"11609","flipped":"TRUE","correct_edge":"0to1","index":"29","edgeClickLog":"[{\"edgeSelection\":\"5to9\",\"edgeRTMS\":11609}]","seed":" 61187187","task":"experiment","subjectId":"d88j3neyccd349u","trial_type":"external-html","trial_index":23,"time_elapsed":629361,"internal_node_id":"0.0-9.0-0.15"},{"rt":11246,"url":"../static/nodeGraphs.html","edge":"0to1","edgeRT":"7981","flipped":"TRUE","correct_edge":"0to1","index":"32","edgeClickLog":"[{\"edgeSelection\":\"0to1\",\"edgeRTMS\":7981}]","seed":" 36895371","task":"experiment","subjectId":"d88j3neyccd349u","trial_type":"external-html","trial_index":24,"time_elapsed":641204,"internal_node_id":"0.0-9.0-0.16"},{"rt":16467,"url":"../static/nodeGraphs.html","edge":"3to5","edgeRT":"8353","flipped":"FALSE","correct_edge":"0to2","index":"7","edgeClickLog":"[{\"edgeSelection\":\"3to5\",\"edgeRTMS\":8353}]","seed":" 85614324","task":"experiment","subjectId":"d88j3neyccd349u","trial_type":"external-html","trial_index":25,"time_elapsed":658265,"internal_node_id":"0.0-9.0-0.17"},{"rt":17921,"url":"../static/nodeGraphs.html","edge":"0to3","edgeRT":"13228","flipped":"FALSE","correct_edge":"4to7","index":"6","edgeClickLog":"[{\"edgeSelection\":\"0to3\",\"edgeRTMS\":13228}]","seed":" 13523788","task":"experiment","subjectId":"d88j3neyccd349u","trial_type":"external-html","trial_index":26,"time_elapsed":676789,"internal_node_id":"0.0-9.0-0.18"},{"rt":30370,"url":"../static/nodeGraphs.html","edge":"0to2","edgeRT":"24842","flipped":"TRUE","correct_edge":"0to2","index":"33","edgeClickLog":"[{\"edgeSelection\":\"0to2\",\"edgeRTMS\":20612},{\"edgeSelection\":\"2to4\",\"edgeRTMS\":21819},{\"edgeSelection\":\"0to2\",\"edgeRTMS\":23718},{\"edgeSelection\":\"0to2\",\"edgeRTMS\":24842}]","seed":" 49587019","task":"experiment","subjectId":"d88j3neyccd349u","trial_type":"external-html","trial_index":27,"time_elapsed":707756,"internal_node_id":"0.0-9.0-0.19"},{"rt":19326,"url":"../static/nodeGraphs.html","edge":"0to1","edgeRT":"15340","flipped":"TRUE","correct_edge":"0to3","index":"20","edgeClickLog":"[{\"edgeSelection\":\"0to1\",\"edgeRTMS\":15340}]","seed":" 21745736","task":"experiment","subjectId":"d88j3neyccd349u","trial_type":"external-html","trial_index":28,"time_elapsed":727679,"internal_node_id":"0.0-9.0-0.20"},{"rt":11588,"url":"../static/nodeGraphs.html","edge":"0to1","edgeRT":"6147","flipped":"TRUE","correct_edge":"0to2","index":"37","edgeClickLog":"[{\"edgeSelection\":\"0to1\",\"edgeRTMS\":6147}]","seed":" 21211189","task":"experiment","subjectId":"d88j3neyccd349u","trial_type":"external-html","trial_index":29,"time_elapsed":739861,"internal_node_id":"0.0-9.0-0.21"},{"rt":7735,"url":"../static/nodeGraphs.html","edge":"3to6","edgeRT":"5868","flipped":"TRUE","correct_edge":"3to6","index":"22","edgeClickLog":"[{\"edgeSelection\":\"3to6\",\"edgeRTMS\":5868}]","seed":" 22809663","task":"experiment","subjectId":"d88j3neyccd349u","trial_type":"external-html","trial_index":30,"time_elapsed":748199,"internal_node_id":"0.0-9.0-0.22"},{"rt":21095,"url":"../static/nodeGraphs.html","edge":"3to5","edgeRT":"5390","flipped":"FALSE","correct_edge":"5to9","index":"16","edgeClickLog":"[{\"edgeSelection\":\"3to5\",\"edgeRTMS\":5390}]","seed":" 5655743","task":"experiment","subjectId":"d88j3neyccd349u","trial_type":"external-html","trial_index":31,"time_elapsed":769896,"internal_node_id":"0.0-9.0-0.23"},{"rt":10442,"url":"../static/nodeGraphs.html","edge":"1to5","edgeRT":"8802","flipped":"FALSE","correct_edge":"0to2","index":"17","edgeClickLog":"[{\"edgeSelection\":\"1to5\",\"edgeRTMS\":8802}]","seed":" 21211189","task":"experiment","subjectId":"d88j3neyccd349u","trial_type":"external-html","trial_index":32,"time_elapsed":780956,"internal_node_id":"0.0-9.0-0.24"},{"rt":24336,"url":"../static/nodeGraphs.html","edge":"0to2","edgeRT":"20066","flipped":"FALSE","correct_edge":"0to2","index":"11","edgeClickLog":"[{\"edgeSelection\":\"0to3\",\"edgeRTMS\":4010},{\"edgeSelection\":\"0to3\",\"edgeRTMS\":5228},{\"edgeSelection\":\"3to5\",\"edgeRTMS\":7828},{\"edgeSelection\":\"0to2\",\"edgeRTMS\":20066}]","seed":" 63833578","task":"experiment","subjectId":"d88j3neyccd349u","trial_type":"external-html","trial_index":33,"time_elapsed":805891,"internal_node_id":"0.0-9.0-0.25"},{"rt":22754,"url":"../static/nodeGraphs.html","edge":"2to6","edgeRT":"17797","flipped":"FALSE","correct_edge":"2to6","index":"15","edgeClickLog":"[{\"edgeSelection\":\"0to3\",\"edgeRTMS\":7109},{\"edgeSelection\":\"2to6\",\"edgeRTMS\":17797}]","seed":" 53220770","task":"experiment","subjectId":"d88j3neyccd349u","trial_type":"external-html","trial_index":34,"time_elapsed":829548,"internal_node_id":"0.0-9.0-0.26"},{"rt":81917,"url":"../static/nodeGraphs.html","edge":"2to6","edgeRT":"75004","flipped":"TRUE","correct_edge":"2to4","index":"35","edgeClickLog":"[{\"edgeSelection\":\"3to5\",\"edgeRTMS\":74034},{\"edgeSelection\":\"2to6\",\"edgeRTMS\":75004}]","seed":" 53220770","task":"experiment","subjectId":"d88j3neyccd349u","trial_type":"external-html","trial_index":35,"time_elapsed":912074,"internal_node_id":"0.0-9.0-0.27"},{"rt":20084,"url":"../static/nodeGraphs.html","edge":"0to1","edgeRT":"5757","flipped":"TRUE","correct_edge":"6to9","index":"26","edgeClickLog":"[{\"edgeSelection\":\"0to1\",\"edgeRTMS\":5757}]","seed":" 13523788","task":"experiment","subjectId":"d88j3neyccd349u","trial_type":"external-html","trial_index":36,"time_elapsed":932757,"internal_node_id":"0.0-9.0-0.28"},{"rt":10652,"url":"../static/nodeGraphs.html","edge":"3to6","edgeRT":"6213","flipped":"TRUE","correct_edge":"0to2","index":"28","edgeClickLog":"[{\"edgeSelection\":\"3to6\",\"edgeRTMS\":6213}]","seed":" 8396978","task":"experiment","subjectId":"d88j3neyccd349u","trial_type":"external-html","trial_index":37,"time_elapsed":944007,"internal_node_id":"0.0-9.0-0.29"},{"rt":9269,"url":"../static/nodeGraphs.html","edge":"6to8","edgeRT":"4734","flipped":"TRUE","correct_edge":"6to8","index":"21","edgeClickLog":"[{\"edgeSelection\":\"6to8\",\"edgeRTMS\":4734}]","seed":" 32816305","task":"experiment","subjectId":"d88j3neyccd349u","trial_type":"external-html","trial_index":38,"time_elapsed":953883,"internal_node_id":"0.0-9.0-0.30"},{"rt":10629,"url":"../static/nodeGraphs.html","edge":"0to2","edgeRT":"3739","flipped":"TRUE","correct_edge":"0to2","index":"31","edgeClickLog":"[{\"edgeSelection\":\"0to2\",\"edgeRTMS\":3739}]","seed":" 63833578","task":"experiment","subjectId":"d88j3neyccd349u","trial_type":"external-html","trial_index":39,"time_elapsed":965150,"internal_node_id":"0.0-9.0-0.31"},{"rt":12226,"url":"../static/nodeGraphs.html","edge":"0to3","edgeRT":"8802","flipped":"TRUE","correct_edge":"0to2","index":"27","edgeClickLog":"[{\"edgeSelection\":\"0to3\",\"edgeRTMS\":8802}]","seed":" 85614324","task":"experiment","subjectId":"d88j3neyccd349u","trial_type":"external-html","trial_index":40,"time_elapsed":978059,"internal_node_id":"0.0-9.0-0.32"},{"rt":29253,"url":"../static/nodeGraphs.html","edge":"0to1","edgeRT":"9329","flipped":"FALSE","correct_edge":"0to2","index":"14","edgeClickLog":"[{\"edgeSelection\":\"0to1\",\"edgeRTMS\":9329}]","seed":" 21083760","task":"experiment","subjectId":"d88j3neyccd349u","trial_type":"external-html","trial_index":41,"time_elapsed":1007936,"internal_node_id":"0.0-9.0-0.33"},{"rt":41362,"url":"../static/nodeGraphs.html","edge":"0to3","edgeRT":"24671","flipped":"TRUE","correct_edge":"0to2","index":"34","edgeClickLog":"[{\"edgeSelection\":\"0to3\",\"edgeRTMS\":9153},{\"edgeSelection\":\"0to1\",\"edgeRTMS\":12968},{\"edgeSelection\":\"1to4\",\"edgeRTMS\":14220},{\"edgeSelection\":\"0to3\",\"edgeRTMS\":24671}]","seed":" 21083760","task":"experiment","subjectId":"d88j3neyccd349u","trial_type":"external-html","trial_index":42,"time_elapsed":1049914,"internal_node_id":"0.0-9.0-0.34"},{"rt":7825,"url":"../static/nodeGraphs.html","edge":"0to3","edgeRT":"3497","flipped":"FALSE","correct_edge":"0to3","index":"12","edgeClickLog":"[{\"edgeSelection\":\"0to3\",\"edgeRTMS\":3497}]","seed":" 36895371","task":"experiment","subjectId":"d88j3neyccd349u","trial_type":"external-html","trial_index":43,"time_elapsed":1058401,"internal_node_id":"0.0-9.0-0.35"},{"rt":9166,"url":"../static/nodeGraphs.html","edge":"1to4","edgeRT":"4523","flipped":"FALSE","correct_edge":"1to4","index":"2","edgeClickLog":"[{\"edgeSelection\":\"1to4\",\"edgeRTMS\":4523}]","seed":" 22809663","task":"experiment","subjectId":"d88j3neyccd349u","trial_type":"external-html","trial_index":44,"time_elapsed":1068258,"internal_node_id":"0.0-9.0-0.36"},{"rt":9912,"url":"../static/nodeGraphs.html","edge":"5to8","edgeRT":"8362","flipped":"TRUE","correct_edge":"5to8","index":"23","edgeClickLog":"[{\"edgeSelection\":\"5to8\",\"edgeRTMS\":8362}]","seed":" 46003743","task":"experiment","subjectId":"d88j3neyccd349u","trial_type":"external-html","trial_index":45,"time_elapsed":1078779,"internal_node_id":"0.0-9.0-0.37"},{"rt":18595,"url":"../static/nodeGraphs.html","edge":"0to2","edgeRT":"7482","flipped":"FALSE","correct_edge":"0to2","index":"8","edgeClickLog":"[{\"edgeSelection\":\"0to2\",\"edgeRTMS\":7482}]","seed":" 8396978","task":"experiment","subjectId":"d88j3neyccd349u","trial_type":"external-html","trial_index":46,"time_elapsed":1097970,"internal_node_id":"0.0-9.0-0.38"},{"rt":6688,"url":"../static/nodeGraphs.html","edge":"5to8","edgeRT":"3574","flipped":"FALSE","correct_edge":"5to8","index":"3","edgeClickLog":"[{\"edgeSelection\":\"5to8\",\"edgeRTMS\":3574}]","seed":" 46003743","task":"experiment","subjectId":"d88j3neyccd349u","trial_type":"external-html","trial_index":47,"time_elapsed":1105257,"internal_node_id":"0.0-9.0-0.39"},{"rt":19031,"response":{"P0_Q0":null,"P0_Q1":5,"P0_Q2":7,"P0_Q3":6,"P0_Q4":5,"P0_Q5":2,"strategies":"","feedback":""},"accuracy":[],"trial_type":"survey","trial_index":48,"time_elapsed":1124875,"internal_node_id":"0.0-10.0"},{"rt":3536,"stimulus":"<p>Thanks for your time!</p>        <p>We need to manually calculate your bonus pay, please give us up to 7 days.</p><p>Press any key to conclude.</p>","response":" ","task":"end","subjectId":"d88j3neyccd349u","trial_type":"html-keyboard-response","trial_index":49,"time_elapsed":1128414,"internal_node_id":"0.0-11.0","interactions":"[{\"event\":\"fullscreenenter\",\"trial\":1,\"time\":3031}]"}]