[{"success":true,"timeout":false,"failed_images":[],"failed_audio":[],"failed_video":[],"trial_type":"preload","trial_index":0,"time_elapsed":533,"internal_node_id":"0.0-0.0"},{"success":true,"trial_type":"fullscreen","trial_index":1,"time_elapsed":4559,"internal_node_id":"0.0-1.0"},{"rt":4023,"stimulus":"Welcome to the experiment. Press any key to begin.","response":"5","trial_type":"html-keyboard-response","trial_index":2,"time_elapsed":8586,"internal_node_id":"0.0-2.0"},{"view_history":[{"page_index":0,"viewing_time":4090},{"page_index":1,"viewing_time":9269},{"page_index":2,"viewing_time":34222},{"page_index":3,"viewing_time":13545},{"page_index":4,"viewing_time":832},{"page_index":5,"viewing_time":1958},{"page_index":6,"viewing_time":2902},{"page_index":7,"viewing_time":24189},{"page_index":8,"viewing_time":27517},{"page_index":9,"viewing_time":10710},{"page_index":10,"viewing_time":1282},{"page_index":11,"viewing_time":427},{"page_index":12,"viewing_time":428},{"page_index":13,"viewing_time":2227},{"page_index":14,"viewing_time":2858},{"page_index":15,"viewing_time":8888},{"page_index":16,"viewing_time":1599},{"page_index":17,"viewing_time":561},{"page_index":18,"viewing_time":1688},{"page_index":19,"viewing_time":4927},{"page_index":20,"viewing_time":7470},{"page_index":21,"viewing_time":5872}],"rt":167461,"trial_type":"instructions","trial_index":3,"time_elapsed":176051,"internal_node_id":"0.0-3.0"},{"rt":91096,"url":"../static/nodeGraphsTraining.html","edgeClickLog":[],"trial_type":"external-html","trial_index":4,"time_elapsed":267234,"internal_node_id":"0.0-4.0"},{"rt":34967,"response":{"q1":"The goal is to help the student to get the most points","q2":"False","q3":"Possible paths the student can take.","q4":"Paths that the student took before."},"question_order":[0,1,2,3],"trial_type":"survey-multi-choice","trial_index":5,"time_elapsed":302210,"internal_node_id":"0.0-5.0"},{"rt":5073,"stimulus":"<p>You can take a 60 second break before starting the experiment.</p><br><br><p>This page will advance in 60 seconds or you can press any key to advance now.</p>","response":"5","trial_type":"html-keyboard-response","trial_index":6,"time_elapsed":307292,"internal_node_id":"0.0-7.0"},{"view_history":[{"page_index":0,"viewing_time":20247}],"rt":20248,"trial_type":"instructions","trial_index":7,"time_elapsed":327543,"internal_node_id":"0.0-8.0"},{"rt":52388,"url":"../static/nodeGraphs.html","edge":"0to3","edgeRT":"50215","flipped":"TRUE","correct_edge":"0to2","index":"30","edgeClickLog":"[{\"edgeSelection\":\"0to3\",\"edgeRTMS\":27835},{\"edgeSelection\":\"3to6\",\"edgeRTMS\":29074},{\"edgeSelection\":\"0to3\",\"edgeRTMS\":48732},{\"edgeSelection\":\"0to3\",\"edgeRTMS\":50215}]","seed":" 39688702","task":"experiment","subjectId":"60orwf1h1fdrgb0","trial_type":"external-html","trial_index":8,"time_elapsed":380005,"internal_node_id":"0.0-9.0-0.0"},{"rt":24669,"url":"../static/nodeGraphs.html","edge":"1to5","edgeRT":"20838","flipped":"TRUE","correct_edge":"1to5","index":"38","edgeClickLog":"[{\"edgeSelection\":\"1to5\",\"edgeRTMS\":8411},{\"edgeSelection\":\"5to8\",\"edgeRTMS\":9382},{\"edgeSelection\":\"1to5\",\"edgeRTMS\":20838}]","seed":" 22181670","task":"experiment","subjectId":"60orwf1h1fdrgb0","trial_type":"external-html","trial_index":9,"time_elapsed":405247,"internal_node_id":"0.0-9.0-0.1"},{"rt":34949,"url":"../static/nodeGraphs.html","edge":"2to4","edgeRT":"27257","flipped":"TRUE","correct_edge":"0to2","index":"33","edgeClickLog":"[{\"edgeSelection\":\"2to4\",\"edgeRTMS\":27257}]","seed":" 49587019","task":"experiment","subjectId":"60orwf1h1fdrgb0","trial_type":"external-html","trial_index":10,"time_elapsed":440763,"internal_node_id":"0.0-9.0-0.2"},{"rt":15240,"url":"../static/nodeGraphs.html","edge":"1to5","edgeRT":"13750","flipped":"TRUE","correct_edge":"5to7","index":"36","edgeClickLog":"[{\"edgeSelection\":\"1to5\",\"edgeRTMS\":8555},{\"edgeSelection\":\"1to5\",\"edgeRTMS\":10002},{\"edgeSelection\":\"3to5\",\"edgeRTMS\":11965},{\"edgeSelection\":\"3to5\",\"edgeRTMS\":12773},{\"edgeSelection\":\"1to5\",\"edgeRTMS\":13750}]","seed":" 5655743","task":"experiment","subjectId":"60orwf1h1fdrgb0","trial_type":"external-html","trial_index":11,"time_elapsed":456569,"internal_node_id":"0.0-9.0-0.3"},{"rt":9516,"url":"../static/nodeGraphs.html","edge":"0to3","edgeRT":"5407","flipped":"TRUE","correct_edge":"0to3","index":"39","edgeClickLog":"[{\"edgeSelection\":\"0to3\",\"edgeRTMS\":5407}]","seed":" 37422119","task":"experiment","subjectId":"60orwf1h1fdrgb0","trial_type":"external-html","trial_index":12,"time_elapsed":466661,"internal_node_id":"0.0-9.0-0.4"},{"rt":13151,"url":"../static/nodeGraphs.html","edge":"0to2","edgeRT":"10485","flipped":"TRUE","correct_edge":"0to2","index":"27","edgeClickLog":"[{\"edgeSelection\":\"0to2\",\"edgeRTMS\":10485}]","seed":" 85614324","task":"experiment","subjectId":"60orwf1h1fdrgb0","trial_type":"external-html","trial_index":13,"time_elapsed":480385,"internal_node_id":"0.0-9.0-0.5"},{"rt":10642,"url":"../static/nodeGraphs.html","edge":"6to8","edgeRT":"7078","flipped":"TRUE","correct_edge":"6to8","index":"21","edgeClickLog":"[{\"edgeSelection\":\"6to8\",\"edgeRTMS\":7078}]","seed":" 32816305","task":"experiment","subjectId":"60orwf1h1fdrgb0","trial_type":"external-html","trial_index":14,"time_elapsed":491602,"internal_node_id":"0.0-9.0-0.6"},{"rt":11008,"url":"../static/nodeGraphs.html","edge":"3to6","edgeRT":"3950","flipped":"TRUE","correct_edge":"3to6","index":"22","edgeClickLog":"[{\"edgeSelection\":\"3to6\",\"edgeRTMS\":3950}]","seed":" 22809663","task":"experiment","subjectId":"60orwf1h1fdrgb0","trial_type":"external-html","trial_index":15,"time_elapsed":503179,"internal_node_id":"0.0-9.0-0.7"},{"rt":11416,"url":"../static/nodeGraphs.html","edge":"3to5","edgeRT":"9575","flipped":"FALSE","correct_edge":"5to9","index":"16","edgeClickLog":"[{\"edgeSelection\":\"3to5\",\"edgeRTMS\":9575}]","seed":" 5655743","task":"experiment","subjectId":"60orwf1h1fdrgb0","trial_type":"external-html","trial_index":16,"time_elapsed":515162,"internal_node_id":"0.0-9.0-0.8"},{"rt":15349,"url":"../static/nodeGraphs.html","edge":"2to4","edgeRT":"11967","flipped":"TRUE","correct_edge":"2to4","index":"35","edgeClickLog":"[{\"edgeSelection\":\"2to4\",\"edgeRTMS\":11967}]","seed":" 53220770","task":"experiment","subjectId":"60orwf1h1fdrgb0","trial_type":"external-html","trial_index":17,"time_elapsed":531079,"internal_node_id":"0.0-9.0-0.9"},{"rt":7779,"url":"../static/nodeGraphs.html","edge":"0to2","edgeRT":"6443","flipped":"FALSE","correct_edge":"0to2","index":"8","edgeClickLog":"[{\"edgeSelection\":\"0to2\",\"edgeRTMS\":6443}]","seed":" 8396978","task":"experiment","subjectId":"60orwf1h1fdrgb0","trial_type":"external-html","trial_index":18,"time_elapsed":539426,"internal_node_id":"0.0-9.0-0.10"},{"rt":5588,"url":"../static/nodeGraphs.html","edge":"5to8","edgeRT":"2477","flipped":"FALSE","correct_edge":"5to8","index":"3","edgeClickLog":"[{\"edgeSelection\":\"5to8\",\"edgeRTMS\":2477}]","seed":" 46003743","task":"experiment","subjectId":"60orwf1h1fdrgb0","trial_type":"external-html","trial_index":19,"time_elapsed":545581,"internal_node_id":"0.0-9.0-0.11"},{"rt":16120,"url":"../static/nodeGraphs.html","edge":"3to6","edgeRT":"13091","flipped":"TRUE","correct_edge":"0to2","index":"34","edgeClickLog":"[{\"edgeSelection\":\"0to3\",\"edgeRTMS\":6123},{\"edgeSelection\":\"0to3\",\"edgeRTMS\":7277},{\"edgeSelection\":\"3to6\",\"edgeRTMS\":13091}]","seed":" 21083760","task":"experiment","subjectId":"60orwf1h1fdrgb0","trial_type":"external-html","trial_index":20,"time_elapsed":562264,"internal_node_id":"0.0-9.0-0.12"},{"rt":10904,"url":"../static/nodeGraphs.html","edge":"0to3","edgeRT":"6431","flipped":"FALSE","correct_edge":"2to6","index":"15","edgeClickLog":"[{\"edgeSelection\":\"0to3\",\"edgeRTMS\":6431}]","seed":" 53220770","task":"experiment","subjectId":"60orwf1h1fdrgb0","trial_type":"external-html","trial_index":21,"time_elapsed":573739,"internal_node_id":"0.0-9.0-0.13"},{"rt":10794,"url":"../static/nodeGraphs.html","edge":"1to4","edgeRT":"5783","flipped":"FALSE","correct_edge":"0to2","index":"14","edgeClickLog":"[{\"edgeSelection\":\"1to4\",\"edgeRTMS\":5783}]","seed":" 21083760","task":"experiment","subjectId":"60orwf1h1fdrgb0","trial_type":"external-html","trial_index":22,"time_elapsed":585100,"internal_node_id":"0.0-9.0-0.14"},{"rt":7755,"url":"../static/nodeGraphs.html","edge":"0to1","edgeRT":"5897","flipped":"FALSE","correct_edge":"0to1","index":"0","edgeClickLog":"[{\"edgeSelection\":\"0to1\",\"edgeRTMS\":5897}]","seed":" 21745736","task":"experiment","subjectId":"60orwf1h1fdrgb0","trial_type":"external-html","trial_index":23,"time_elapsed":593426,"internal_node_id":"0.0-9.0-0.15"},{"rt":7957,"url":"../static/nodeGraphs.html","edge":"0to1","edgeRT":"6308","flipped":"FALSE","correct_edge":"0to1","index":"19","edgeClickLog":"[{\"edgeSelection\":\"0to1\",\"edgeRTMS\":6308}]","seed":" 37422119","task":"experiment","subjectId":"60orwf1h1fdrgb0","trial_type":"external-html","trial_index":24,"time_elapsed":601953,"internal_node_id":"0.0-9.0-0.16"},{"rt":8778,"url":"../static/nodeGraphs.html","edge":"2to4","edgeRT":"5866","flipped":"FALSE","correct_edge":"2to4","index":"4","edgeClickLog":"[{\"edgeSelection\":\"2to4\",\"edgeRTMS\":5866}]","seed":" 36501291","task":"experiment","subjectId":"60orwf1h1fdrgb0","trial_type":"external-html","trial_index":25,"time_elapsed":611301,"internal_node_id":"0.0-9.0-0.17"},{"rt":19523,"url":"../static/nodeGraphs.html","edge":"0to2","edgeRT":"17533","flipped":"FALSE","correct_edge":"0to2","index":"7","edgeClickLog":"[{\"edgeSelection\":\"0to2\",\"edgeRTMS\":17533}]","seed":" 85614324","task":"experiment","subjectId":"60orwf1h1fdrgb0","trial_type":"external-html","trial_index":26,"time_elapsed":631393,"internal_node_id":"0.0-9.0-0.18"},{"rt":5081,"url":"../static/nodeGraphs.html","edge":"2to6","edgeRT":"3222","flipped":"TRUE","correct_edge":"2to6","index":"24","edgeClickLog":"[{\"edgeSelection\":\"2to6\",\"edgeRTMS\":3222}]","seed":" 36501291","task":"experiment","subjectId":"60orwf1h1fdrgb0","trial_type":"external-html","trial_index":27,"time_elapsed":637041,"internal_node_id":"0.0-9.0-0.19"},{"rt":9724,"url":"../static/nodeGraphs.html","edge":"3to6","edgeRT":"8039","flipped":"FALSE","correct_edge":"0to3","index":"9","edgeClickLog":"[{\"edgeSelection\":\"3to6\",\"edgeRTMS\":8039}]","seed":" 61187187","task":"experiment","subjectId":"60orwf1h1fdrgb0","trial_type":"external-html","trial_index":28,"time_elapsed":647339,"internal_node_id":"0.0-9.0-0.20"},{"rt":8431,"url":"../static/nodeGraphs.html","edge":"4to8","edgeRT":"6844","flipped":"FALSE","correct_edge":"4to8","index":"1","edgeClickLog":"[{\"edgeSelection\":\"4to8\",\"edgeRTMS\":6844}]","seed":" 32816305","task":"experiment","subjectId":"60orwf1h1fdrgb0","trial_type":"external-html","trial_index":29,"time_elapsed":656335,"internal_node_id":"0.0-9.0-0.21"},{"rt":12358,"url":"../static/nodeGraphs.html","edge":"2to6","edgeRT":"6624","flipped":"TRUE","correct_edge":"2to6","index":"25","edgeClickLog":"[{\"edgeSelection\":\"2to6\",\"edgeRTMS\":6624}]","seed":" 10409262","task":"experiment","subjectId":"60orwf1h1fdrgb0","trial_type":"external-html","trial_index":30,"time_elapsed":669261,"internal_node_id":"0.0-9.0-0.22"},{"rt":11544,"url":"../static/nodeGraphs.html","edge":"0to3","edgeRT":"7288","flipped":"TRUE","correct_edge":"0to3","index":"20","edgeClickLog":"[{\"edgeSelection\":\"0to3\",\"edgeRTMS\":7288}]","seed":" 21745736","task":"experiment","subjectId":"60orwf1h1fdrgb0","trial_type":"external-html","trial_index":31,"time_elapsed":681378,"internal_node_id":"0.0-9.0-0.23"},{"rt":17868,"url":"../static/nodeGraphs.html","edge":"2to6","edgeRT":"13941","flipped":"FALSE","correct_edge":"0to2","index":"13","edgeClickLog":"[{\"edgeSelection\":\"2to6\",\"edgeRTMS\":13941}]","seed":" 49587019","task":"experiment","subjectId":"60orwf1h1fdrgb0","trial_type":"external-html","trial_index":32,"time_elapsed":699817,"internal_node_id":"0.0-9.0-0.24"},{"rt":10367,"url":"../static/nodeGraphs.html","edge":"1to5","edgeRT":"6024","flipped":"FALSE","correct_edge":"0to2","index":"17","edgeClickLog":"[{\"edgeSelection\":\"1to5\",\"edgeRTMS\":6024}]","seed":" 21211189","task":"experiment","subjectId":"60orwf1h1fdrgb0","trial_type":"external-html","trial_index":33,"time_elapsed":710753,"internal_node_id":"0.0-9.0-0.25"},{"rt":6661,"url":"../static/nodeGraphs.html","edge":"2to4","edgeRT":"3947","flipped":"FALSE","correct_edge":"2to4","index":"5","edgeClickLog":"[{\"edgeSelection\":\"2to4\",\"edgeRTMS\":3947}]","seed":" 10409262","task":"experiment","subjectId":"60orwf1h1fdrgb0","trial_type":"external-html","trial_index":34,"time_elapsed":717986,"internal_node_id":"0.0-9.0-0.26"},{"rt":4073,"url":"../static/nodeGraphs.html","edge":"1to4","edgeRT":"2893","flipped":"FALSE","correct_edge":"1to4","index":"2","edgeClickLog":"[{\"edgeSelection\":\"1to4\",\"edgeRTMS\":2893}]","seed":" 22809663","task":"experiment","subjectId":"60orwf1h1fdrgb0","trial_type":"external-html","trial_index":35,"time_elapsed":722632,"internal_node_id":"0.0-9.0-0.27"},{"rt":10594,"url":"../static/nodeGraphs.html","edge":"0to1","edgeRT":"7897","flipped":"TRUE","correct_edge":"0to1","index":"29","edgeClickLog":"[{\"edgeSelection\":\"0to1\",\"edgeRTMS\":7897}]","seed":" 61187187","task":"experiment","subjectId":"60orwf1h1fdrgb0","trial_type":"external-html","trial_index":36,"time_elapsed":733791,"internal_node_id":"0.0-9.0-0.28"},{"rt":17015,"url":"../static/nodeGraphs.html","edge":"5to8","edgeRT":"15584","flipped":"TRUE","correct_edge":"0to2","index":"37","edgeClickLog":"[{\"edgeSelection\":\"2to5\",\"edgeRTMS\":11458},{\"edgeSelection\":\"5to8\",\"edgeRTMS\":15584}]","seed":" 21211189","task":"experiment","subjectId":"60orwf1h1fdrgb0","trial_type":"external-html","trial_index":37,"time_elapsed":751375,"internal_node_id":"0.0-9.0-0.29"},{"rt":5291,"url":"../static/nodeGraphs.html","edge":"5to8","edgeRT":"3474","flipped":"TRUE","correct_edge":"5to8","index":"23","edgeClickLog":"[{\"edgeSelection\":\"5to8\",\"edgeRTMS\":3474}]","seed":" 46003743","task":"experiment","subjectId":"60orwf1h1fdrgb0","trial_type":"external-html","trial_index":38,"time_elapsed":757235,"internal_node_id":"0.0-9.0-0.30"},{"rt":8265,"url":"../static/nodeGraphs.html","edge":"0to2","edgeRT":"6764","flipped":"FALSE","correct_edge":"0to2","index":"10","edgeClickLog":"[{\"edgeSelection\":\"0to2\",\"edgeRTMS\":6764}]","seed":" 39688702","task":"experiment","subjectId":"60orwf1h1fdrgb0","trial_type":"external-html","trial_index":39,"time_elapsed":766067,"internal_node_id":"0.0-9.0-0.31"},{"rt":8257,"url":"../static/nodeGraphs.html","edge":"0to1","edgeRT":"6287","flipped":"TRUE","correct_edge":"0to1","index":"32","edgeClickLog":"[{\"edgeSelection\":\"0to1\",\"edgeRTMS\":6287}]","seed":" 36895371","task":"experiment","subjectId":"60orwf1h1fdrgb0","trial_type":"external-html","trial_index":40,"time_elapsed":774890,"internal_node_id":"0.0-9.0-0.32"},{"rt":18182,"url":"../static/nodeGraphs.html","edge":"6to9","edgeRT":"17090","flipped":"TRUE","correct_edge":"6to9","index":"26","edgeClickLog":"[{\"edgeSelection\":\"6to9\",\"edgeRTMS\":17090}]","seed":" 13523788","task":"experiment","subjectId":"60orwf1h1fdrgb0","trial_type":"external-html","trial_index":41,"time_elapsed":793641,"internal_node_id":"0.0-9.0-0.33"},{"rt":11209,"url":"../static/nodeGraphs.html","edge":"0to2","edgeRT":"8614","flipped":"TRUE","correct_edge":"0to2","index":"31","edgeClickLog":"[{\"edgeSelection\":\"0to2\",\"edgeRTMS\":8614}]","seed":" 63833578","task":"experiment","subjectId":"60orwf1h1fdrgb0","trial_type":"external-html","trial_index":42,"time_elapsed":805420,"internal_node_id":"0.0-9.0-0.34"},{"rt":6621,"url":"../static/nodeGraphs.html","edge":"3to5","edgeRT":"4696","flipped":"FALSE","correct_edge":"3to5","index":"18","edgeClickLog":"[{\"edgeSelection\":\"3to5\",\"edgeRTMS\":4696}]","seed":" 22181670","task":"experiment","subjectId":"60orwf1h1fdrgb0","trial_type":"external-html","trial_index":43,"time_elapsed":812632,"internal_node_id":"0.0-9.0-0.35"},{"rt":7127,"url":"../static/nodeGraphs.html","edge":"0to3","edgeRT":"4506","flipped":"FALSE","correct_edge":"0to3","index":"12","edgeClickLog":"[{\"edgeSelection\":\"0to3\",\"edgeRTMS\":4506}]","seed":" 36895371","task":"experiment","subjectId":"60orwf1h1fdrgb0","trial_type":"external-html","trial_index":44,"time_elapsed":820326,"internal_node_id":"0.0-9.0-0.36"},{"rt":7428,"url":"../static/nodeGraphs.html","edge":"3to6","edgeRT":"6133","flipped":"TRUE","correct_edge":"0to2","index":"28","edgeClickLog":"[{\"edgeSelection\":\"3to6\",\"edgeRTMS\":6133}]","seed":" 8396978","task":"experiment","subjectId":"60orwf1h1fdrgb0","trial_type":"external-html","trial_index":45,"time_elapsed":828324,"internal_node_id":"0.0-9.0-0.37"},{"rt":12178,"url":"../static/nodeGraphs.html","edge":"0to2","edgeRT":"10381","flipped":"FALSE","correct_edge":"0to2","index":"11","edgeClickLog":"[{\"edgeSelection\":\"0to2\",\"edgeRTMS\":10381}]","seed":" 63833578","task":"experiment","subjectId":"60orwf1h1fdrgb0","trial_type":"external-html","trial_index":46,"time_elapsed":841072,"internal_node_id":"0.0-9.0-0.38"},{"rt":7415,"url":"../static/nodeGraphs.html","edge":"4to7","edgeRT":"6432","flipped":"FALSE","correct_edge":"4to7","index":"6","edgeClickLog":"[{\"edgeSelection\":\"4to7\",\"edgeRTMS\":6432}]","seed":" 13523788","task":"experiment","subjectId":"60orwf1h1fdrgb0","trial_type":"external-html","trial_index":47,"time_elapsed":849059,"internal_node_id":"0.0-9.0-0.39"},{"rt":51600,"response":{"P0_Q0":null,"P0_Q1":2,"P0_Q2":7,"P0_Q3":6,"P0_Q4":3,"P0_Q5":2,"strategies":"Trying to at least increase a point to the student","feedback":"It would have been great to see some of the results after the new path"},"accuracy":[],"trial_type":"survey","trial_index":48,"time_elapsed":901458,"internal_node_id":"0.0-10.0"},{"rt":4504,"stimulus":"<p>Thanks for your time!</p>        <p>We need to manually calculate your bonus pay, please give us up to 7 days.</p><p>Press any key to conclude.</p>","response":"5","task":"end","subjectId":"60orwf1h1fdrgb0","trial_type":"html-keyboard-response","trial_index":49,"time_elapsed":905971,"internal_node_id":"0.0-11.0","interactions":"[{\"event\":\"fullscreenenter\",\"trial\":1,\"time\":3615}]"}]