[{"success":true,"timeout":false,"failed_images":[],"failed_audio":[],"failed_video":[],"trial_type":"preload","trial_index":0,"time_elapsed":818,"internal_node_id":"0.0-0.0"},{"success":true,"trial_type":"fullscreen","trial_index":1,"time_elapsed":5341,"internal_node_id":"0.0-1.0"},{"rt":2824,"stimulus":"Welcome to the experiment. Press any key to begin.","response":" ","trial_type":"html-keyboard-response","trial_index":2,"time_elapsed":8170,"internal_node_id":"0.0-2.0"},{"view_history":[{"page_index":0,"viewing_time":3873},{"page_index":1,"viewing_time":8503},{"page_index":2,"viewing_time":36141},{"page_index":3,"viewing_time":6323},{"page_index":4,"viewing_time":948},{"page_index":5,"viewing_time":1062},{"page_index":6,"viewing_time":3150},{"page_index":7,"viewing_time":12432},{"page_index":8,"viewing_time":29256},{"page_index":9,"viewing_time":21153},{"page_index":10,"viewing_time":803},{"page_index":11,"viewing_time":328},{"page_index":12,"viewing_time":353},{"page_index":13,"viewing_time":975},{"page_index":14,"viewing_time":3868},{"page_index":15,"viewing_time":7053},{"page_index":16,"viewing_time":1230},{"page_index":17,"viewing_time":754},{"page_index":18,"viewing_time":780},{"page_index":19,"viewing_time":7248},{"page_index":20,"viewing_time":8385},{"page_index":21,"viewing_time":5290}],"rt":159907,"trial_type":"instructions","trial_index":3,"time_elapsed":168080,"internal_node_id":"0.0-3.0"},{"rt":151050,"url":"../static/nodeGraphsTraining.html","edgeClickLog":[],"trial_type":"external-html","trial_index":4,"time_elapsed":319320,"internal_node_id":"0.0-4.0"},{"rt":50606,"response":{"q1":"The goal is to help the student to get the most points","q2":"False","q3":"Possible paths the student can take.","q4":"Paths that the student took before."},"question_order":[0,1,2,3],"trial_type":"survey-multi-choice","trial_index":5,"time_elapsed":369928,"internal_node_id":"0.0-5.0"},{"rt":14581,"stimulus":"<p>You can take a 60 second break before starting the experiment.</p><br><br><p>This page will advance in 60 seconds or you can press any key to advance now.</p>","response":" ","trial_type":"html-keyboard-response","trial_index":6,"time_elapsed":384514,"internal_node_id":"0.0-7.0"},{"view_history":[{"page_index":0,"viewing_time":16403}],"rt":16403,"trial_type":"instructions","trial_index":7,"time_elapsed":400918,"internal_node_id":"0.0-8.0"},{"rt":27314,"url":"../static/nodeGraphs.html","edge":"0to3","edgeRT":"22516","flipped":"TRUE","correct_edge":"0to2","index":"37","edgeClickLog":"[{\"edgeSelection\":\"0to3\",\"edgeRTMS\":18311},{\"edgeSelection\":\"3to6\",\"edgeRTMS\":21647},{\"edgeSelection\":\"0to3\",\"edgeRTMS\":22516}]","seed":" 21211189","task":"experiment","subjectId":"mcqae0cr1p4k2sq","trial_type":"external-html","trial_index":8,"time_elapsed":428382,"internal_node_id":"0.0-9.0-0.0"},{"rt":22923,"url":"../static/nodeGraphs.html","edge":"0to2","edgeRT":"21210","flipped":"TRUE","correct_edge":"0to3","index":"20","edgeClickLog":"[{\"edgeSelection\":\"0to2\",\"edgeRTMS\":21210}]","seed":" 21745736","task":"experiment","subjectId":"mcqae0cr1p4k2sq","trial_type":"external-html","trial_index":9,"time_elapsed":451940,"internal_node_id":"0.0-9.0-0.1"},{"rt":15787,"url":"../static/nodeGraphs.html","edge":"0to1","edgeRT":"13359","flipped":"TRUE","correct_edge":"0to3","index":"39","edgeClickLog":"[{\"edgeSelection\":\"0to1\",\"edgeRTMS\":13359}]","seed":" 37422119","task":"experiment","subjectId":"mcqae0cr1p4k2sq","trial_type":"external-html","trial_index":10,"time_elapsed":468366,"internal_node_id":"0.0-9.0-0.2"},{"rt":7435,"url":"../static/nodeGraphs.html","edge":"0to3","edgeRT":"4400","flipped":"FALSE","correct_edge":"0to2","index":"7","edgeClickLog":"[{\"edgeSelection\":\"0to3\",\"edgeRTMS\":4400}]","seed":" 85614324","task":"experiment","subjectId":"mcqae0cr1p4k2sq","trial_type":"external-html","trial_index":11,"time_elapsed":476409,"internal_node_id":"0.0-9.0-0.3"},{"rt":10845,"url":"../static/nodeGraphs.html","edge":"2to5","edgeRT":"9523","flipped":"TRUE","correct_edge":"2to6","index":"25","edgeClickLog":"[{\"edgeSelection\":\"2to5\",\"edgeRTMS\":9523}]","seed":" 10409262","task":"experiment","subjectId":"mcqae0cr1p4k2sq","trial_type":"external-html","trial_index":12,"time_elapsed":487860,"internal_node_id":"0.0-9.0-0.4"},{"rt":6499,"url":"../static/nodeGraphs.html","edge":"5to9","edgeRT":"5651","flipped":"TRUE","correct_edge":"5to8","index":"23","edgeClickLog":"[{\"edgeSelection\":\"5to9\",\"edgeRTMS\":5651}]","seed":" 46003743","task":"experiment","subjectId":"mcqae0cr1p4k2sq","trial_type":"external-html","trial_index":13,"time_elapsed":495000,"internal_node_id":"0.0-9.0-0.5"},{"rt":20477,"url":"../static/nodeGraphs.html","edge":"4to7","edgeRT":"19063","flipped":"FALSE","correct_edge":"4to8","index":"1","edgeClickLog":"[{\"edgeSelection\":\"4to7\",\"edgeRTMS\":19063}]","seed":" 32816305","task":"experiment","subjectId":"mcqae0cr1p4k2sq","trial_type":"external-html","trial_index":14,"time_elapsed":516081,"internal_node_id":"0.0-9.0-0.6"},{"rt":7675,"url":"../static/nodeGraphs.html","edge":"3to6","edgeRT":"6682","flipped":"FALSE","correct_edge":"5to9","index":"16","edgeClickLog":"[{\"edgeSelection\":\"3to6\",\"edgeRTMS\":6682}]","seed":" 5655743","task":"experiment","subjectId":"mcqae0cr1p4k2sq","trial_type":"external-html","trial_index":15,"time_elapsed":524417,"internal_node_id":"0.0-9.0-0.7"},{"rt":6650,"url":"../static/nodeGraphs.html","edge":"0to1","edgeRT":"4371","flipped":"FALSE","correct_edge":"0to2","index":"11","edgeClickLog":"[{\"edgeSelection\":\"0to1\",\"edgeRTMS\":4371}]","seed":" 63833578","task":"experiment","subjectId":"mcqae0cr1p4k2sq","trial_type":"external-html","trial_index":16,"time_elapsed":531694,"internal_node_id":"0.0-9.0-0.8"},{"rt":3373,"url":"../static/nodeGraphs.html","edge":"0to3","edgeRT":"1886","flipped":"FALSE","correct_edge":"0to1","index":"19","edgeClickLog":"[{\"edgeSelection\":\"0to3\",\"edgeRTMS\":1886}]","seed":" 37422119","task":"experiment","subjectId":"mcqae0cr1p4k2sq","trial_type":"external-html","trial_index":17,"time_elapsed":535701,"internal_node_id":"0.0-9.0-0.9"},{"rt":13236,"url":"../static/nodeGraphs.html","edge":"3to5","edgeRT":"12510","flipped":"TRUE","correct_edge":"3to6","index":"22","edgeClickLog":"[{\"edgeSelection\":\"3to5\",\"edgeRTMS\":12510}]","seed":" 22809663","task":"experiment","subjectId":"mcqae0cr1p4k2sq","trial_type":"external-html","trial_index":18,"time_elapsed":549565,"internal_node_id":"0.0-9.0-0.10"},{"rt":13910,"url":"../static/nodeGraphs.html","edge":"3to6","edgeRT":"12669","flipped":"FALSE","correct_edge":"3to5","index":"18","edgeClickLog":"[{\"edgeSelection\":\"3to6\",\"edgeRTMS\":4945},{\"edgeSelection\":\"0to3\",\"edgeRTMS\":10966},{\"edgeSelection\":\"3to6\",\"edgeRTMS\":12669}]","seed":" 22181670","task":"experiment","subjectId":"mcqae0cr1p4k2sq","trial_type":"external-html","trial_index":19,"time_elapsed":564080,"internal_node_id":"0.0-9.0-0.11"},{"rt":15403,"url":"../static/nodeGraphs.html","edge":"0to1","edgeRT":"10643","flipped":"FALSE","correct_edge":"0to1","index":"0","edgeClickLog":"[{\"edgeSelection\":\"0to1\",\"edgeRTMS\":7948},{\"edgeSelection\":\"0to2\",\"edgeRTMS\":9200},{\"edgeSelection\":\"0to1\",\"edgeRTMS\":10643}]","seed":" 21745736","task":"experiment","subjectId":"mcqae0cr1p4k2sq","trial_type":"external-html","trial_index":20,"time_elapsed":580102,"internal_node_id":"0.0-9.0-0.12"},{"rt":22954,"url":"../static/nodeGraphs.html","edge":"0to3","edgeRT":"15701","flipped":"FALSE","correct_edge":"0to3","index":"12","edgeClickLog":"[{\"edgeSelection\":\"0to3\",\"edgeRTMS\":15701}]","seed":" 36895371","task":"experiment","subjectId":"mcqae0cr1p4k2sq","trial_type":"external-html","trial_index":21,"time_elapsed":603679,"internal_node_id":"0.0-9.0-0.13"},{"rt":13572,"url":"../static/nodeGraphs.html","edge":"5to7","edgeRT":"12317","flipped":"TRUE","correct_edge":"0to2","index":"33","edgeClickLog":"[{\"edgeSelection\":\"5to7\",\"edgeRTMS\":12317}]","seed":" 49587019","task":"experiment","subjectId":"mcqae0cr1p4k2sq","trial_type":"external-html","trial_index":22,"time_elapsed":617869,"internal_node_id":"0.0-9.0-0.14"},{"rt":11585,"url":"../static/nodeGraphs.html","edge":"0to2","edgeRT":"9763","flipped":"TRUE","correct_edge":"0to2","index":"31","edgeClickLog":"[{\"edgeSelection\":\"0to2\",\"edgeRTMS\":6959},{\"edgeSelection\":\"2to5\",\"edgeRTMS\":7743},{\"edgeSelection\":\"0to2\",\"edgeRTMS\":8901},{\"edgeSelection\":\"0to2\",\"edgeRTMS\":9763}]","seed":" 63833578","task":"experiment","subjectId":"mcqae0cr1p4k2sq","trial_type":"external-html","trial_index":23,"time_elapsed":630067,"internal_node_id":"0.0-9.0-0.15"},{"rt":9648,"url":"../static/nodeGraphs.html","edge":"0to3","edgeRT":"6293","flipped":"FALSE","correct_edge":"0to3","index":"9","edgeClickLog":"[{\"edgeSelection\":\"0to3\",\"edgeRTMS\":5689},{\"edgeSelection\":\"0to3\",\"edgeRTMS\":6293}]","seed":" 61187187","task":"experiment","subjectId":"mcqae0cr1p4k2sq","trial_type":"external-html","trial_index":24,"time_elapsed":640347,"internal_node_id":"0.0-9.0-0.16"},{"rt":5282,"url":"../static/nodeGraphs.html","edge":"5to8","edgeRT":"3544","flipped":"FALSE","correct_edge":"5to8","index":"3","edgeClickLog":"[{\"edgeSelection\":\"5to8\",\"edgeRTMS\":3544}]","seed":" 46003743","task":"experiment","subjectId":"mcqae0cr1p4k2sq","trial_type":"external-html","trial_index":25,"time_elapsed":646233,"internal_node_id":"0.0-9.0-0.17"},{"rt":9562,"url":"../static/nodeGraphs.html","edge":"0to3","edgeRT":"5219","flipped":"TRUE","correct_edge":"0to2","index":"27","edgeClickLog":"[{\"edgeSelection\":\"0to3\",\"edgeRTMS\":5219}]","seed":" 85614324","task":"experiment","subjectId":"mcqae0cr1p4k2sq","trial_type":"external-html","trial_index":26,"time_elapsed":656418,"internal_node_id":"0.0-9.0-0.18"},{"rt":22578,"url":"../static/nodeGraphs.html","edge":"0to2","edgeRT":"20611","flipped":"TRUE","correct_edge":"0to2","index":"28","edgeClickLog":"[{\"edgeSelection\":\"0to2\",\"edgeRTMS\":4618},{\"edgeSelection\":\"3to6\",\"edgeRTMS\":9381},{\"edgeSelection\":\"0to2\",\"edgeRTMS\":15500},{\"edgeSelection\":\"3to6\",\"edgeRTMS\":17683},{\"edgeSelection\":\"0to2\",\"edgeRTMS\":20611}]","seed":" 8396978","task":"experiment","subjectId":"mcqae0cr1p4k2sq","trial_type":"external-html","trial_index":27,"time_elapsed":679664,"internal_node_id":"0.0-9.0-0.19"},{"rt":5864,"url":"../static/nodeGraphs.html","edge":"2to4","edgeRT":"4345","flipped":"FALSE","correct_edge":"2to4","index":"4","edgeClickLog":"[{\"edgeSelection\":\"2to4\",\"edgeRTMS\":4345}]","seed":" 36501291","task":"experiment","subjectId":"mcqae0cr1p4k2sq","trial_type":"external-html","trial_index":28,"time_elapsed":686161,"internal_node_id":"0.0-9.0-0.20"},{"rt":6851,"url":"../static/nodeGraphs.html","edge":"2to4","edgeRT":"5603","flipped":"FALSE","correct_edge":"2to4","index":"5","edgeClickLog":"[{\"edgeSelection\":\"2to4\",\"edgeRTMS\":4468},{\"edgeSelection\":\"2to4\",\"edgeRTMS\":5603}]","seed":" 10409262","task":"experiment","subjectId":"mcqae0cr1p4k2sq","trial_type":"external-html","trial_index":29,"time_elapsed":693625,"internal_node_id":"0.0-9.0-0.21"},{"rt":7027,"url":"../static/nodeGraphs.html","edge":"0to1","edgeRT":"3629","flipped":"TRUE","correct_edge":"0to1","index":"29","edgeClickLog":"[{\"edgeSelection\":\"0to1\",\"edgeRTMS\":3629}]","seed":" 61187187","task":"experiment","subjectId":"mcqae0cr1p4k2sq","trial_type":"external-html","trial_index":30,"time_elapsed":701273,"internal_node_id":"0.0-9.0-0.22"},{"rt":20616,"url":"../static/nodeGraphs.html","edge":"2to6","edgeRT":"19631","flipped":"FALSE","correct_edge":"0to2","index":"13","edgeClickLog":"[{\"edgeSelection\":\"2to6\",\"edgeRTMS\":7954},{\"edgeSelection\":\"2to6\",\"edgeRTMS\":18681},{\"edgeSelection\":\"2to6\",\"edgeRTMS\":19631}]","seed":" 49587019","task":"experiment","subjectId":"mcqae0cr1p4k2sq","trial_type":"external-html","trial_index":31,"time_elapsed":722497,"internal_node_id":"0.0-9.0-0.23"},{"rt":12009,"url":"../static/nodeGraphs.html","edge":"6to8","edgeRT":"10473","flipped":"TRUE","correct_edge":"0to2","index":"30","edgeClickLog":"[{\"edgeSelection\":\"6to8\",\"edgeRTMS\":6649},{\"edgeSelection\":\"2to6\",\"edgeRTMS\":9022},{\"edgeSelection\":\"6to8\",\"edgeRTMS\":10473}]","seed":" 39688702","task":"experiment","subjectId":"mcqae0cr1p4k2sq","trial_type":"external-html","trial_index":32,"time_elapsed":735112,"internal_node_id":"0.0-9.0-0.24"},{"rt":4640,"url":"../static/nodeGraphs.html","edge":"1to4","edgeRT":"3565","flipped":"FALSE","correct_edge":"1to4","index":"2","edgeClickLog":"[{\"edgeSelection\":\"1to4\",\"edgeRTMS\":2539},{\"edgeSelection\":\"1to4\",\"edgeRTMS\":3565}]","seed":" 22809663","task":"experiment","subjectId":"mcqae0cr1p4k2sq","trial_type":"external-html","trial_index":33,"time_elapsed":740362,"internal_node_id":"0.0-9.0-0.25"},{"rt":10955,"url":"../static/nodeGraphs.html","edge":"0to1","edgeRT":"6530","flipped":"TRUE","correct_edge":"2to4","index":"35","edgeClickLog":"[{\"edgeSelection\":\"0to1\",\"edgeRTMS\":6530}]","seed":" 53220770","task":"experiment","subjectId":"mcqae0cr1p4k2sq","trial_type":"external-html","trial_index":34,"time_elapsed":751932,"internal_node_id":"0.0-9.0-0.26"},{"rt":8782,"url":"../static/nodeGraphs.html","edge":"0to1","edgeRT":"6851","flipped":"TRUE","correct_edge":"6to9","index":"26","edgeClickLog":"[{\"edgeSelection\":\"0to1\",\"edgeRTMS\":6851}]","seed":" 13523788","task":"experiment","subjectId":"mcqae0cr1p4k2sq","trial_type":"external-html","trial_index":35,"time_elapsed":761394,"internal_node_id":"0.0-9.0-0.27"},{"rt":15303,"url":"../static/nodeGraphs.html","edge":"2to6","edgeRT":"9763","flipped":"FALSE","correct_edge":"0to2","index":"10","edgeClickLog":"[{\"edgeSelection\":\"6to9\",\"edgeRTMS\":2715},{\"edgeSelection\":\"5to8\",\"edgeRTMS\":7717},{\"edgeSelection\":\"3to5\",\"edgeRTMS\":9110},{\"edgeSelection\":\"2to6\",\"edgeRTMS\":9763}]","seed":" 39688702","task":"experiment","subjectId":"mcqae0cr1p4k2sq","trial_type":"external-html","trial_index":36,"time_elapsed":777308,"internal_node_id":"0.0-9.0-0.28"},{"rt":6517,"url":"../static/nodeGraphs.html","edge":"2to6","edgeRT":"5246","flipped":"FALSE","correct_edge":"2to6","index":"15","edgeClickLog":"[{\"edgeSelection\":\"2to6\",\"edgeRTMS\":5246}]","seed":" 53220770","task":"experiment","subjectId":"mcqae0cr1p4k2sq","trial_type":"external-html","trial_index":37,"time_elapsed":784429,"internal_node_id":"0.0-9.0-0.29"},{"rt":12488,"url":"../static/nodeGraphs.html","edge":"1to5","edgeRT":"8381","flipped":"TRUE","correct_edge":"1to5","index":"38","edgeClickLog":"[{\"edgeSelection\":\"0to2\",\"edgeRTMS\":4988},{\"edgeSelection\":\"1to5\",\"edgeRTMS\":8381}]","seed":" 22181670","task":"experiment","subjectId":"mcqae0cr1p4k2sq","trial_type":"external-html","trial_index":38,"time_elapsed":797526,"internal_node_id":"0.0-9.0-0.30"},{"rt":15723,"url":"../static/nodeGraphs.html","edge":"6to8","edgeRT":"14709","flipped":"TRUE","correct_edge":"6to8","index":"21","edgeClickLog":"[{\"edgeSelection\":\"0to1\",\"edgeRTMS\":3837},{\"edgeSelection\":\"6to8\",\"edgeRTMS\":14709}]","seed":" 32816305","task":"experiment","subjectId":"mcqae0cr1p4k2sq","trial_type":"external-html","trial_index":39,"time_elapsed":813854,"internal_node_id":"0.0-9.0-0.31"},{"rt":6928,"url":"../static/nodeGraphs.html","edge":"2to6","edgeRT":"5820","flipped":"TRUE","correct_edge":"2to6","index":"24","edgeClickLog":"[{\"edgeSelection\":\"2to6\",\"edgeRTMS\":5820}]","seed":" 36501291","task":"experiment","subjectId":"mcqae0cr1p4k2sq","trial_type":"external-html","trial_index":40,"time_elapsed":821414,"internal_node_id":"0.0-9.0-0.32"},{"rt":4836,"url":"../static/nodeGraphs.html","edge":"1to5","edgeRT":"2864","flipped":"TRUE","correct_edge":"5to7","index":"36","edgeClickLog":"[{\"edgeSelection\":\"1to5\",\"edgeRTMS\":2411},{\"edgeSelection\":\"1to5\",\"edgeRTMS\":2864}]","seed":" 5655743","task":"experiment","subjectId":"mcqae0cr1p4k2sq","trial_type":"external-html","trial_index":41,"time_elapsed":826858,"internal_node_id":"0.0-9.0-0.33"},{"rt":11343,"url":"../static/nodeGraphs.html","edge":"2to4","edgeRT":"8658","flipped":"FALSE","correct_edge":"0to2","index":"8","edgeClickLog":"[{\"edgeSelection\":\"0to2\",\"edgeRTMS\":6983},{\"edgeSelection\":\"2to4\",\"edgeRTMS\":8658}]","seed":" 8396978","task":"experiment","subjectId":"mcqae0cr1p4k2sq","trial_type":"external-html","trial_index":42,"time_elapsed":838809,"internal_node_id":"0.0-9.0-0.34"},{"rt":23036,"url":"../static/nodeGraphs.html","edge":"0to3","edgeRT":"16300","flipped":"FALSE","correct_edge":"4to7","index":"6","edgeClickLog":"[{\"edgeSelection\":\"0to3\",\"edgeRTMS\":16300}]","seed":" 13523788","task":"experiment","subjectId":"mcqae0cr1p4k2sq","trial_type":"external-html","trial_index":43,"time_elapsed":862452,"internal_node_id":"0.0-9.0-0.35"},{"rt":11918,"url":"../static/nodeGraphs.html","edge":"3to6","edgeRT":"10764","flipped":"TRUE","correct_edge":"0to2","index":"34","edgeClickLog":"[{\"edgeSelection\":\"3to6\",\"edgeRTMS\":9728},{\"edgeSelection\":\"3to6\",\"edgeRTMS\":10764}]","seed":" 21083760","task":"experiment","subjectId":"mcqae0cr1p4k2sq","trial_type":"external-html","trial_index":44,"time_elapsed":874977,"internal_node_id":"0.0-9.0-0.36"},{"rt":4462,"url":"../static/nodeGraphs.html","edge":"2to5","edgeRT":"2274","flipped":"FALSE","correct_edge":"0to2","index":"17","edgeClickLog":"[{\"edgeSelection\":\"2to5\",\"edgeRTMS\":2274}]","seed":" 21211189","task":"experiment","subjectId":"mcqae0cr1p4k2sq","trial_type":"external-html","trial_index":45,"time_elapsed":880045,"internal_node_id":"0.0-9.0-0.37"},{"rt":15688,"url":"../static/nodeGraphs.html","edge":"1to5","edgeRT":"11599","flipped":"TRUE","correct_edge":"0to1","index":"32","edgeClickLog":"[{\"edgeSelection\":\"1to5\",\"edgeRTMS\":11599}]","seed":" 36895371","task":"experiment","subjectId":"mcqae0cr1p4k2sq","trial_type":"external-html","trial_index":46,"time_elapsed":896356,"internal_node_id":"0.0-9.0-0.38"},{"rt":4885,"url":"../static/nodeGraphs.html","edge":"2to4","edgeRT":"3778","flipped":"FALSE","correct_edge":"0to2","index":"14","edgeClickLog":"[{\"edgeSelection\":\"1to5\",\"edgeRTMS\":2976},{\"edgeSelection\":\"2to4\",\"edgeRTMS\":3778}]","seed":" 21083760","task":"experiment","subjectId":"mcqae0cr1p4k2sq","trial_type":"external-html","trial_index":47,"time_elapsed":901844,"internal_node_id":"0.0-9.0-0.39"},{"rt":98748,"response":{"P0_Q0":null,"P0_Q1":4,"P0_Q2":4,"P0_Q3":5,"P0_Q4":5,"P0_Q5":4,"strategies":"Choose the path with the most points","feedback":"everything is good"},"accuracy":[],"trial_type":"survey","trial_index":48,"time_elapsed":1001257,"internal_node_id":"0.0-10.0"},{"rt":4471,"stimulus":"<p>Thanks for your time!</p>        <p>We need to manually calculate your bonus pay, please give us up to 7 days.</p><p>Press any key to conclude.</p>","response":"enter","task":"end","subjectId":"mcqae0cr1p4k2sq","trial_type":"html-keyboard-response","trial_index":49,"time_elapsed":1005730,"internal_node_id":"0.0-11.0","interactions":"[{\"event\":\"fullscreenenter\",\"trial\":1,\"time\":4376},{\"event\":\"blur\",\"trial\":4,\"time\":191560},{\"event\":\"focus\",\"trial\":4,\"time\":191561},{\"event\":\"fullscreenexit\",\"trial\":4,\"time\":191579},{\"event\":\"blur\",\"trial\":4,\"time\":198960},{\"event\":\"focus\",\"trial\":4,\"time\":198960},{\"event\":\"blur\",\"trial\":4,\"time\":213991},{\"event\":\"focus\",\"trial\":4,\"time\":213991},{\"event\":\"blur\",\"trial\":4,\"time\":217440},{\"event\":\"focus\",\"trial\":4,\"time\":217440},{\"event\":\"blur\",\"trial\":4,\"time\":299265},{\"event\":\"focus\",\"trial\":4,\"time\":300235},{\"event\":\"blur\",\"trial\":4,\"time\":303082},{\"event\":\"focus\",\"trial\":4,\"time\":317549},{\"event\":\"blur\",\"trial\":5,\"time\":351014},{\"event\":\"focus\",\"trial\":5,\"time\":356511},{\"event\":\"blur\",\"trial\":7,\"time\":388387},{\"event\":\"focus\",\"trial\":7,\"time\":399741},{\"event\":\"blur\",\"trial\":27,\"time\":665278},{\"event\":\"focus\",\"trial\":27,\"time\":665278},{\"event\":\"blur\",\"trial\":48,\"time\":952498},{\"event\":\"focus\",\"trial\":48,\"time\":956315},{\"event\":\"blur\",\"trial\":48,\"time\":956391},{\"event\":\"focus\",\"trial\":48,\"time\":980418}]"}]