[{"success":true,"timeout":false,"failed_images":[],"failed_audio":[],"failed_video":[],"trial_type":"preload","trial_index":0,"time_elapsed":361,"internal_node_id":"0.0-0.0"},{"success":true,"trial_type":"fullscreen","trial_index":1,"time_elapsed":2866,"internal_node_id":"0.0-1.0"},{"rt":1832,"stimulus":"Welcome to the experiment. Press any key to begin.","response":"arrowleft","trial_type":"html-keyboard-response","trial_index":2,"time_elapsed":4699,"internal_node_id":"0.0-2.0"},{"view_history":[{"page_index":0,"viewing_time":3199},{"page_index":1,"viewing_time":2654},{"page_index":2,"viewing_time":18010},{"page_index":3,"viewing_time":3261},{"page_index":4,"viewing_time":1006},{"page_index":5,"viewing_time":964},{"page_index":6,"viewing_time":1378},{"page_index":7,"viewing_time":4974},{"page_index":8,"viewing_time":9694},{"page_index":9,"viewing_time":8202},{"page_index":10,"viewing_time":2618},{"page_index":11,"viewing_time":1133},{"page_index":12,"viewing_time":852},{"page_index":13,"viewing_time":1274},{"page_index":14,"viewing_time":1882},{"page_index":15,"viewing_time":3284},{"page_index":16,"viewing_time":2192},{"page_index":17,"viewing_time":660},{"page_index":18,"viewing_time":1608},{"page_index":19,"viewing_time":3198},{"page_index":20,"viewing_time":2616},{"page_index":21,"viewing_time":1792}],"rt":76449,"trial_type":"instructions","trial_index":3,"time_elapsed":81149,"internal_node_id":"0.0-3.0"},{"rt":43134,"url":"../static/nodeGraphsTraining.html","edgeClickLog":[],"trial_type":"external-html","trial_index":4,"time_elapsed":124375,"internal_node_id":"0.0-4.0"},{"rt":19516,"response":{"q1":"The goal is to help the student to get the most points","q2":"False","q3":"Possible paths the student can take.","q4":"Paths that the student took before."},"question_order":[0,1,2,3],"trial_type":"survey-multi-choice","trial_index":5,"time_elapsed":143893,"internal_node_id":"0.0-5.0"},{"rt":2665,"stimulus":"<p>You can take a 60 second break before starting the experiment.</p><br><br><p>This page will advance in 60 seconds or you can press any key to advance now.</p>","response":"arrowup","trial_type":"html-keyboard-response","trial_index":6,"time_elapsed":146564,"internal_node_id":"0.0-7.0"},{"view_history":[{"page_index":0,"viewing_time":6214}],"rt":6215,"trial_type":"instructions","trial_index":7,"time_elapsed":152781,"internal_node_id":"0.0-8.0"},{"rt":29043,"url":"../static/nodeGraphs.html","edge":"0to2","edgeRT":"18532","flipped":"FALSE","correct_edge":"0to2","index":"10","edgeClickLog":"[{\"edgeSelection\":\"2to6\",\"edgeRTMS\":10729},{\"edgeSelection\":\"2to4\",\"edgeRTMS\":11648},{\"edgeSelection\":\"0to2\",\"edgeRTMS\":17446},{\"edgeSelection\":\"0to2\",\"edgeRTMS\":18532}]","seed":" 39688702","task":"experiment","subjectId":"b9fmvq26cpssfut","trial_type":"external-html","trial_index":8,"time_elapsed":181898,"internal_node_id":"0.0-9.0-0.0"},{"rt":4939,"url":"../static/nodeGraphs.html","edge":"0to2","edgeRT":"3768","flipped":"TRUE","correct_edge":"0to2","index":"31","edgeClickLog":"[{\"edgeSelection\":\"0to2\",\"edgeRTMS\":3768}]","seed":" 63833578","task":"experiment","subjectId":"b9fmvq26cpssfut","trial_type":"external-html","trial_index":9,"time_elapsed":187397,"internal_node_id":"0.0-9.0-0.1"},{"rt":5986,"url":"../static/nodeGraphs.html","edge":"0to2","edgeRT":"3648","flipped":"FALSE","correct_edge":"0to2","index":"7","edgeClickLog":"[{\"edgeSelection\":\"0to2\",\"edgeRTMS\":1530},{\"edgeSelection\":\"2to5\",\"edgeRTMS\":2421},{\"edgeSelection\":\"0to2\",\"edgeRTMS\":3648}]","seed":" 85614324","task":"experiment","subjectId":"b9fmvq26cpssfut","trial_type":"external-html","trial_index":10,"time_elapsed":193951,"internal_node_id":"0.0-9.0-0.2"},{"rt":7643,"url":"../static/nodeGraphs.html","edge":"0to1","edgeRT":"6571","flipped":"FALSE","correct_edge":"4to8","index":"1","edgeClickLog":"[{\"edgeSelection\":\"0to3\",\"edgeRTMS\":2273},{\"edgeSelection\":\"0to1\",\"edgeRTMS\":6571}]","seed":" 32816305","task":"experiment","subjectId":"b9fmvq26cpssfut","trial_type":"external-html","trial_index":11,"time_elapsed":202155,"internal_node_id":"0.0-9.0-0.3"},{"rt":5476,"url":"../static/nodeGraphs.html","edge":"0to3","edgeRT":"4456","flipped":"TRUE","correct_edge":"5to8","index":"23","edgeClickLog":"[{\"edgeSelection\":\"0to3\",\"edgeRTMS\":4456}]","seed":" 46003743","task":"experiment","subjectId":"b9fmvq26cpssfut","trial_type":"external-html","trial_index":12,"time_elapsed":208197,"internal_node_id":"0.0-9.0-0.4"},{"rt":6366,"url":"../static/nodeGraphs.html","edge":"0to1","edgeRT":"2759","flipped":"FALSE","correct_edge":"0to1","index":"19","edgeClickLog":"[{\"edgeSelection\":\"0to1\",\"edgeRTMS\":2759}]","seed":" 37422119","task":"experiment","subjectId":"b9fmvq26cpssfut","trial_type":"external-html","trial_index":13,"time_elapsed":215119,"internal_node_id":"0.0-9.0-0.5"},{"rt":6067,"url":"../static/nodeGraphs.html","edge":"0to2","edgeRT":"5168","flipped":"TRUE","correct_edge":"0to2","index":"33","edgeClickLog":"[{\"edgeSelection\":\"0to2\",\"edgeRTMS\":5168}]","seed":" 49587019","task":"experiment","subjectId":"b9fmvq26cpssfut","trial_type":"external-html","trial_index":14,"time_elapsed":221759,"internal_node_id":"0.0-9.0-0.6"},{"rt":3225,"url":"../static/nodeGraphs.html","edge":"0to2","edgeRT":"2075","flipped":"TRUE","correct_edge":"0to2","index":"37","edgeClickLog":"[{\"edgeSelection\":\"0to2\",\"edgeRTMS\":2075}]","seed":" 21211189","task":"experiment","subjectId":"b9fmvq26cpssfut","trial_type":"external-html","trial_index":15,"time_elapsed":225545,"internal_node_id":"0.0-9.0-0.7"},{"rt":3983,"url":"../static/nodeGraphs.html","edge":"0to3","edgeRT":"1780","flipped":"FALSE","correct_edge":"0to3","index":"12","edgeClickLog":"[{\"edgeSelection\":\"0to3\",\"edgeRTMS\":1780}]","seed":" 36895371","task":"experiment","subjectId":"b9fmvq26cpssfut","trial_type":"external-html","trial_index":16,"time_elapsed":230081,"internal_node_id":"0.0-9.0-0.8"},{"rt":10487,"url":"../static/nodeGraphs.html","edge":"2to6","edgeRT":"9612","flipped":"TRUE","correct_edge":"2to6","index":"24","edgeClickLog":"[{\"edgeSelection\":\"2to6\",\"edgeRTMS\":9612}]","seed":" 36501291","task":"experiment","subjectId":"b9fmvq26cpssfut","trial_type":"external-html","trial_index":17,"time_elapsed":241119,"internal_node_id":"0.0-9.0-0.9"},{"rt":4654,"url":"../static/nodeGraphs.html","edge":"0to3","edgeRT":"3603","flipped":"TRUE","correct_edge":"0to3","index":"20","edgeClickLog":"[{\"edgeSelection\":\"0to3\",\"edgeRTMS\":3603}]","seed":" 21745736","task":"experiment","subjectId":"b9fmvq26cpssfut","trial_type":"external-html","trial_index":18,"time_elapsed":246339,"internal_node_id":"0.0-9.0-0.10"},{"rt":5921,"url":"../static/nodeGraphs.html","edge":"2to4","edgeRT":"4549","flipped":"FALSE","correct_edge":"2to4","index":"5","edgeClickLog":"[{\"edgeSelection\":\"2to4\",\"edgeRTMS\":4549}]","seed":" 10409262","task":"experiment","subjectId":"b9fmvq26cpssfut","trial_type":"external-html","trial_index":19,"time_elapsed":252833,"internal_node_id":"0.0-9.0-0.11"},{"rt":10080,"url":"../static/nodeGraphs.html","edge":"0to2","edgeRT":"9250","flipped":"FALSE","correct_edge":"3to5","index":"18","edgeClickLog":"[{\"edgeSelection\":\"0to2\",\"edgeRTMS\":9250}]","seed":" 22181670","task":"experiment","subjectId":"b9fmvq26cpssfut","trial_type":"external-html","trial_index":20,"time_elapsed":263471,"internal_node_id":"0.0-9.0-0.12"},{"rt":3902,"url":"../static/nodeGraphs.html","edge":"0to3","edgeRT":"2238","flipped":"TRUE","correct_edge":"0to2","index":"34","edgeClickLog":"[{\"edgeSelection\":\"0to3\",\"edgeRTMS\":2238}]","seed":" 21083760","task":"experiment","subjectId":"b9fmvq26cpssfut","trial_type":"external-html","trial_index":21,"time_elapsed":267947,"internal_node_id":"0.0-9.0-0.13"},{"rt":8026,"url":"../static/nodeGraphs.html","edge":"0to1","edgeRT":"7076","flipped":"TRUE","correct_edge":"0to1","index":"32","edgeClickLog":"[{\"edgeSelection\":\"0to1\",\"edgeRTMS\":7076}]","seed":" 36895371","task":"experiment","subjectId":"b9fmvq26cpssfut","trial_type":"external-html","trial_index":22,"time_elapsed":276525,"internal_node_id":"0.0-9.0-0.14"},{"rt":3192,"url":"../static/nodeGraphs.html","edge":"0to2","edgeRT":"2363","flipped":"FALSE","correct_edge":"0to2","index":"17","edgeClickLog":"[{\"edgeSelection\":\"0to2\",\"edgeRTMS\":2363}]","seed":" 21211189","task":"experiment","subjectId":"b9fmvq26cpssfut","trial_type":"external-html","trial_index":23,"time_elapsed":280287,"internal_node_id":"0.0-9.0-0.15"},{"rt":7217,"url":"../static/nodeGraphs.html","edge":"0to2","edgeRT":"5983","flipped":"FALSE","correct_edge":"0to2","index":"8","edgeClickLog":"[{\"edgeSelection\":\"0to2\",\"edgeRTMS\":5983}]","seed":" 8396978","task":"experiment","subjectId":"b9fmvq26cpssfut","trial_type":"external-html","trial_index":24,"time_elapsed":288063,"internal_node_id":"0.0-9.0-0.16"},{"rt":4391,"url":"../static/nodeGraphs.html","edge":"0to3","edgeRT":"3059","flipped":"FALSE","correct_edge":"2to6","index":"15","edgeClickLog":"[{\"edgeSelection\":\"0to3\",\"edgeRTMS\":3059}]","seed":" 53220770","task":"experiment","subjectId":"b9fmvq26cpssfut","trial_type":"external-html","trial_index":25,"time_elapsed":293017,"internal_node_id":"0.0-9.0-0.17"},{"rt":8088,"url":"../static/nodeGraphs.html","edge":"6to8","edgeRT":"6004","flipped":"TRUE","correct_edge":"6to8","index":"21","edgeClickLog":"[{\"edgeSelection\":\"0to3\",\"edgeRTMS\":3382},{\"edgeSelection\":\"6to8\",\"edgeRTMS\":6004}]","seed":" 32816305","task":"experiment","subjectId":"b9fmvq26cpssfut","trial_type":"external-html","trial_index":26,"time_elapsed":301671,"internal_node_id":"0.0-9.0-0.18"},{"rt":9905,"url":"../static/nodeGraphs.html","edge":"2to6","edgeRT":"8638","flipped":"TRUE","correct_edge":"2to6","index":"25","edgeClickLog":"[{\"edgeSelection\":\"2to6\",\"edgeRTMS\":8638}]","seed":" 10409262","task":"experiment","subjectId":"b9fmvq26cpssfut","trial_type":"external-html","trial_index":27,"time_elapsed":312137,"internal_node_id":"0.0-9.0-0.19"},{"rt":8149,"url":"../static/nodeGraphs.html","edge":"0to1","edgeRT":"2477","flipped":"TRUE","correct_edge":"0to1","index":"29","edgeClickLog":"[{\"edgeSelection\":\"0to1\",\"edgeRTMS\":2477}]","seed":" 61187187","task":"experiment","subjectId":"b9fmvq26cpssfut","trial_type":"external-html","trial_index":28,"time_elapsed":320851,"internal_node_id":"0.0-9.0-0.20"},{"rt":8848,"url":"../static/nodeGraphs.html","edge":"0to2","edgeRT":"8124","flipped":"TRUE","correct_edge":"0to2","index":"28","edgeClickLog":"[{\"edgeSelection\":\"0to2\",\"edgeRTMS\":8124}]","seed":" 8396978","task":"experiment","subjectId":"b9fmvq26cpssfut","trial_type":"external-html","trial_index":29,"time_elapsed":330261,"internal_node_id":"0.0-9.0-0.21"},{"rt":4453,"url":"../static/nodeGraphs.html","edge":"1to4","edgeRT":"3210","flipped":"FALSE","correct_edge":"1to4","index":"2","edgeClickLog":"[{\"edgeSelection\":\"1to4\",\"edgeRTMS\":3210}]","seed":" 22809663","task":"experiment","subjectId":"b9fmvq26cpssfut","trial_type":"external-html","trial_index":30,"time_elapsed":335273,"internal_node_id":"0.0-9.0-0.22"},{"rt":4731,"url":"../static/nodeGraphs.html","edge":"0to2","edgeRT":"3748","flipped":"TRUE","correct_edge":"0to2","index":"27","edgeClickLog":"[{\"edgeSelection\":\"0to2\",\"edgeRTMS\":3748}]","seed":" 85614324","task":"experiment","subjectId":"b9fmvq26cpssfut","trial_type":"external-html","trial_index":31,"time_elapsed":340559,"internal_node_id":"0.0-9.0-0.23"},{"rt":10395,"url":"../static/nodeGraphs.html","edge":"0to1","edgeRT":"2546","flipped":"TRUE","correct_edge":"6to9","index":"26","edgeClickLog":"[{\"edgeSelection\":\"0to1\",\"edgeRTMS\":2546}]","seed":" 13523788","task":"experiment","subjectId":"b9fmvq26cpssfut","trial_type":"external-html","trial_index":32,"time_elapsed":351513,"internal_node_id":"0.0-9.0-0.24"},{"rt":6238,"url":"../static/nodeGraphs.html","edge":"0to3","edgeRT":"5375","flipped":"TRUE","correct_edge":"0to2","index":"30","edgeClickLog":"[{\"edgeSelection\":\"0to3\",\"edgeRTMS\":5375}]","seed":" 39688702","task":"experiment","subjectId":"b9fmvq26cpssfut","trial_type":"external-html","trial_index":33,"time_elapsed":358308,"internal_node_id":"0.0-9.0-0.25"},{"rt":10510,"url":"../static/nodeGraphs.html","edge":"0to2","edgeRT":"7872","flipped":"FALSE","correct_edge":"0to2","index":"14","edgeClickLog":"[{\"edgeSelection\":\"0to2\",\"edgeRTMS\":7872}]","seed":" 21083760","task":"experiment","subjectId":"b9fmvq26cpssfut","trial_type":"external-html","trial_index":34,"time_elapsed":369375,"internal_node_id":"0.0-9.0-0.26"},{"rt":6118,"url":"../static/nodeGraphs.html","edge":"5to8","edgeRT":"5300","flipped":"FALSE","correct_edge":"5to8","index":"3","edgeClickLog":"[{\"edgeSelection\":\"5to8\",\"edgeRTMS\":5300}]","seed":" 46003743","task":"experiment","subjectId":"b9fmvq26cpssfut","trial_type":"external-html","trial_index":35,"time_elapsed":376051,"internal_node_id":"0.0-9.0-0.27"},{"rt":8126,"url":"../static/nodeGraphs.html","edge":"0to2","edgeRT":"5871","flipped":"FALSE","correct_edge":"0to2","index":"11","edgeClickLog":"[{\"edgeSelection\":\"0to2\",\"edgeRTMS\":5871}]","seed":" 63833578","task":"experiment","subjectId":"b9fmvq26cpssfut","trial_type":"external-html","trial_index":36,"time_elapsed":384732,"internal_node_id":"0.0-9.0-0.28"},{"rt":8708,"url":"../static/nodeGraphs.html","edge":"1to5","edgeRT":"4285","flipped":"TRUE","correct_edge":"5to7","index":"36","edgeClickLog":"[{\"edgeSelection\":\"1to5\",\"edgeRTMS\":4285}]","seed":" 5655743","task":"experiment","subjectId":"b9fmvq26cpssfut","trial_type":"external-html","trial_index":37,"time_elapsed":394004,"internal_node_id":"0.0-9.0-0.29"},{"rt":6756,"url":"../static/nodeGraphs.html","edge":"0to3","edgeRT":"4571","flipped":"FALSE","correct_edge":"4to7","index":"6","edgeClickLog":"[{\"edgeSelection\":\"0to3\",\"edgeRTMS\":4571}]","seed":" 13523788","task":"experiment","subjectId":"b9fmvq26cpssfut","trial_type":"external-html","trial_index":38,"time_elapsed":401328,"internal_node_id":"0.0-9.0-0.30"},{"rt":6880,"url":"../static/nodeGraphs.html","edge":"0to1","edgeRT":"5722","flipped":"FALSE","correct_edge":"0to1","index":"0","edgeClickLog":"[{\"edgeSelection\":\"0to1\",\"edgeRTMS\":5722}]","seed":" 21745736","task":"experiment","subjectId":"b9fmvq26cpssfut","trial_type":"external-html","trial_index":39,"time_elapsed":408772,"internal_node_id":"0.0-9.0-0.31"},{"rt":3182,"url":"../static/nodeGraphs.html","edge":"0to3","edgeRT":"2426","flipped":"TRUE","correct_edge":"0to3","index":"39","edgeClickLog":"[{\"edgeSelection\":\"0to3\",\"edgeRTMS\":2426}]","seed":" 37422119","task":"experiment","subjectId":"b9fmvq26cpssfut","trial_type":"external-html","trial_index":40,"time_elapsed":412509,"internal_node_id":"0.0-9.0-0.32"},{"rt":3180,"url":"../static/nodeGraphs.html","edge":"0to1","edgeRT":"2294","flipped":"TRUE","correct_edge":"2to4","index":"35","edgeClickLog":"[{\"edgeSelection\":\"0to1\",\"edgeRTMS\":2294}]","seed":" 53220770","task":"experiment","subjectId":"b9fmvq26cpssfut","trial_type":"external-html","trial_index":41,"time_elapsed":416246,"internal_node_id":"0.0-9.0-0.33"},{"rt":9293,"url":"../static/nodeGraphs.html","edge":"0to2","edgeRT":"8390","flipped":"FALSE","correct_edge":"0to2","index":"13","edgeClickLog":"[{\"edgeSelection\":\"0to2\",\"edgeRTMS\":8390}]","seed":" 49587019","task":"experiment","subjectId":"b9fmvq26cpssfut","trial_type":"external-html","trial_index":42,"time_elapsed":426095,"internal_node_id":"0.0-9.0-0.34"},{"rt":4665,"url":"../static/nodeGraphs.html","edge":"3to5","edgeRT":"2956","flipped":"FALSE","correct_edge":"5to9","index":"16","edgeClickLog":"[{\"edgeSelection\":\"3to5\",\"edgeRTMS\":2956}]","seed":" 5655743","task":"experiment","subjectId":"b9fmvq26cpssfut","trial_type":"external-html","trial_index":43,"time_elapsed":431317,"internal_node_id":"0.0-9.0-0.35"},{"rt":3546,"url":"../static/nodeGraphs.html","edge":"0to2","edgeRT":"2727","flipped":"TRUE","correct_edge":"1to5","index":"38","edgeClickLog":"[{\"edgeSelection\":\"0to2\",\"edgeRTMS\":2727}]","seed":" 22181670","task":"experiment","subjectId":"b9fmvq26cpssfut","trial_type":"external-html","trial_index":44,"time_elapsed":435428,"internal_node_id":"0.0-9.0-0.36"},{"rt":4846,"url":"../static/nodeGraphs.html","edge":"2to4","edgeRT":"3949","flipped":"FALSE","correct_edge":"2to4","index":"4","edgeClickLog":"[{\"edgeSelection\":\"2to4\",\"edgeRTMS\":3949}]","seed":" 36501291","task":"experiment","subjectId":"b9fmvq26cpssfut","trial_type":"external-html","trial_index":45,"time_elapsed":440831,"internal_node_id":"0.0-9.0-0.37"},{"rt":4075,"url":"../static/nodeGraphs.html","edge":"3to6","edgeRT":"3223","flipped":"TRUE","correct_edge":"3to6","index":"22","edgeClickLog":"[{\"edgeSelection\":\"3to6\",\"edgeRTMS\":3223}]","seed":" 22809663","task":"experiment","subjectId":"b9fmvq26cpssfut","trial_type":"external-html","trial_index":46,"time_elapsed":445459,"internal_node_id":"0.0-9.0-0.38"},{"rt":2855,"url":"../static/nodeGraphs.html","edge":"0to3","edgeRT":"1888","flipped":"FALSE","correct_edge":"0to3","index":"9","edgeClickLog":"[{\"edgeSelection\":\"0to3\",\"edgeRTMS\":1888}]","seed":" 61187187","task":"experiment","subjectId":"b9fmvq26cpssfut","trial_type":"external-html","trial_index":47,"time_elapsed":448868,"internal_node_id":"0.0-9.0-0.39"},{"rt":61221,"response":{"P0_Q0":null,"P0_Q1":1,"P0_Q2":7,"P0_Q3":6,"P0_Q4":2,"P0_Q5":1,"strategies":"If the first connection, was 0, I picked a path with the highest number. If it wasnt 0, Then i looked around for the 2nd path and chose the biggest number","feedback":"n/a"},"accuracy":[],"trial_type":"survey","trial_index":48,"time_elapsed":510632,"internal_node_id":"0.0-10.0"},{"rt":252584,"stimulus":"<p>Thanks for your time!</p>        <p>We need to manually calculate your bonus pay, please give us up to 7 days.</p><p>Press any key to conclude.</p>","response":"arrowright","task":"end","subjectId":"b9fmvq26cpssfut","trial_type":"html-keyboard-response","trial_index":49,"time_elapsed":763218,"internal_node_id":"0.0-11.0","interactions":"[{\"event\":\"fullscreenenter\",\"trial\":1,\"time\":1875},{\"event\":\"blur\",\"trial\":4,\"time\":90755},{\"event\":\"focus\",\"trial\":4,\"time\":90755},{\"event\":\"fullscreenexit\",\"trial\":4,\"time\":90759},{\"event\":\"blur\",\"trial\":13,\"time\":214195},{\"event\":\"focus\",\"trial\":13,\"time\":214195},{\"event\":\"blur\",\"trial\":39,\"time\":406953},{\"event\":\"focus\",\"trial\":39,\"time\":406953},{\"event\":\"blur\",\"trial\":48,\"time\":502575},{\"event\":\"focus\",\"trial\":48,\"time\":510585},{\"event\":\"blur\",\"trial\":49,\"time\":514117},{\"event\":\"focus\",\"trial\":49,\"time\":514749},{\"event\":\"blur\",\"trial\":49,\"time\":515267},{\"event\":\"focus\",\"trial\":49,\"time\":515753},{\"event\":\"blur\",\"trial\":49,\"time\":517211},{\"event\":\"focus\",\"trial\":49,\"time\":517507},{\"event\":\"blur\",\"trial\":49,\"time\":519012},{\"event\":\"focus\",\"trial\":49,\"time\":519133},{\"event\":\"blur\",\"trial\":49,\"time\":519146},{\"event\":\"focus\",\"trial\":49,\"time\":592690},{\"event\":\"blur\",\"trial\":49,\"time\":592691},{\"event\":\"focus\",\"trial\":49,\"time\":692661},{\"event\":\"blur\",\"trial\":49,\"time\":693720},{\"event\":\"focus\",\"trial\":49,\"time\":760723}]"}]