[{"success":true,"timeout":false,"failed_images":[],"failed_audio":[],"failed_video":[],"trial_type":"preload","trial_index":0,"time_elapsed":1257,"internal_node_id":"0.0-0.0"},{"success":true,"trial_type":"fullscreen","trial_index":1,"time_elapsed":5216,"internal_node_id":"0.0-1.0"},{"rt":2115,"stimulus":"Welcome to the experiment. Press any key to begin.","response":" ","trial_type":"html-keyboard-response","trial_index":2,"time_elapsed":7333,"internal_node_id":"0.0-2.0"},{"view_history":[{"page_index":0,"viewing_time":5843},{"page_index":1,"viewing_time":4913},{"page_index":2,"viewing_time":25383},{"page_index":3,"viewing_time":3228},{"page_index":4,"viewing_time":2725},{"page_index":5,"viewing_time":1700},{"page_index":6,"viewing_time":3646},{"page_index":7,"viewing_time":6372},{"page_index":8,"viewing_time":11452},{"page_index":9,"viewing_time":7376},{"page_index":10,"viewing_time":1159},{"page_index":11,"viewing_time":641},{"page_index":12,"viewing_time":424},{"page_index":13,"viewing_time":1148},{"page_index":14,"viewing_time":1726},{"page_index":15,"viewing_time":4839},{"page_index":16,"viewing_time":1278},{"page_index":17,"viewing_time":483},{"page_index":18,"viewing_time":728},{"page_index":19,"viewing_time":5200},{"page_index":20,"viewing_time":7066},{"page_index":21,"viewing_time":3620}],"rt":100950,"trial_type":"instructions","trial_index":3,"time_elapsed":108288,"internal_node_id":"0.0-3.0"},{"rt":78319,"url":"../static/nodeGraphsTraining.html","edgeClickLog":[],"trial_type":"external-html","trial_index":4,"time_elapsed":186862,"internal_node_id":"0.0-4.0"},{"rt":38085,"response":{"q1":"The goal is to help the student to get the most points","q2":"False","q3":"Possible paths the student can take.","q4":"Paths that the student took before."},"question_order":[0,1,2,3],"trial_type":"survey-multi-choice","trial_index":5,"time_elapsed":224955,"internal_node_id":"0.0-5.0"},{"rt":4450,"stimulus":"<p>You can take a 60 second break before starting the experiment.</p><br><br><p>This page will advance in 60 seconds or you can press any key to advance now.</p>","response":" ","trial_type":"html-keyboard-response","trial_index":6,"time_elapsed":229415,"internal_node_id":"0.0-7.0"},{"view_history":[{"page_index":0,"viewing_time":20333}],"rt":20334,"trial_type":"instructions","trial_index":7,"time_elapsed":249752,"internal_node_id":"0.0-8.0"},{"rt":17447,"url":"../static/nodeGraphs.html","edge":"0to3","edgeRT":"15941","flipped":"FALSE","correct_edge":"4to7","index":"6","edgeClickLog":"[{\"edgeSelection\":\"0to3\",\"edgeRTMS\":15941}]","seed":" 13523788","task":"experiment","subjectId":"nvo80rqtezycp42","trial_type":"external-html","trial_index":8,"time_elapsed":267370,"internal_node_id":"0.0-9.0-0.0"},{"rt":14034,"url":"../static/nodeGraphs.html","edge":"0to3","edgeRT":"12204","flipped":"TRUE","correct_edge":"0to2","index":"34","edgeClickLog":"[{\"edgeSelection\":\"0to3\",\"edgeRTMS\":12204}]","seed":" 21083760","task":"experiment","subjectId":"nvo80rqtezycp42","trial_type":"external-html","trial_index":9,"time_elapsed":282075,"internal_node_id":"0.0-9.0-0.1"},{"rt":14656,"url":"../static/nodeGraphs.html","edge":"0to3","edgeRT":"12177","flipped":"TRUE","correct_edge":"0to2","index":"27","edgeClickLog":"[{\"edgeSelection\":\"0to3\",\"edgeRTMS\":12177}]","seed":" 85614324","task":"experiment","subjectId":"nvo80rqtezycp42","trial_type":"external-html","trial_index":10,"time_elapsed":297404,"internal_node_id":"0.0-9.0-0.2"},{"rt":20926,"url":"../static/nodeGraphs.html","edge":"2to4","edgeRT":"16759","flipped":"FALSE","correct_edge":"0to2","index":"10","edgeClickLog":"[{\"edgeSelection\":\"2to4\",\"edgeRTMS\":16759}]","seed":" 39688702","task":"experiment","subjectId":"nvo80rqtezycp42","trial_type":"external-html","trial_index":11,"time_elapsed":319003,"internal_node_id":"0.0-9.0-0.3"},{"rt":9094,"url":"../static/nodeGraphs.html","edge":"0to3","edgeRT":"5411","flipped":"FALSE","correct_edge":"0to3","index":"12","edgeClickLog":"[{\"edgeSelection\":\"0to3\",\"edgeRTMS\":5411}]","seed":" 36895371","task":"experiment","subjectId":"nvo80rqtezycp42","trial_type":"external-html","trial_index":12,"time_elapsed":328769,"internal_node_id":"0.0-9.0-0.4"},{"rt":7489,"url":"../static/nodeGraphs.html","edge":"0to2","edgeRT":"3369","flipped":"FALSE","correct_edge":"3to5","index":"18","edgeClickLog":"[{\"edgeSelection\":\"0to2\",\"edgeRTMS\":3369}]","seed":" 22181670","task":"experiment","subjectId":"nvo80rqtezycp42","trial_type":"external-html","trial_index":13,"time_elapsed":336930,"internal_node_id":"0.0-9.0-0.5"},{"rt":6546,"url":"../static/nodeGraphs.html","edge":"0to1","edgeRT":"4416","flipped":"FALSE","correct_edge":"0to2","index":"7","edgeClickLog":"[{\"edgeSelection\":\"0to1\",\"edgeRTMS\":4416}]","seed":" 85614324","task":"experiment","subjectId":"nvo80rqtezycp42","trial_type":"external-html","trial_index":14,"time_elapsed":344147,"internal_node_id":"0.0-9.0-0.6"},{"rt":13008,"url":"../static/nodeGraphs.html","edge":"6to8","edgeRT":"11394","flipped":"TRUE","correct_edge":"6to8","index":"21","edgeClickLog":"[{\"edgeSelection\":\"6to8\",\"edgeRTMS\":11394}]","seed":" 32816305","task":"experiment","subjectId":"nvo80rqtezycp42","trial_type":"external-html","trial_index":15,"time_elapsed":357827,"internal_node_id":"0.0-9.0-0.7"},{"rt":5999,"url":"../static/nodeGraphs.html","edge":"1to4","edgeRT":"4899","flipped":"FALSE","correct_edge":"1to4","index":"2","edgeClickLog":"[{\"edgeSelection\":\"1to4\",\"edgeRTMS\":4899}]","seed":" 22809663","task":"experiment","subjectId":"nvo80rqtezycp42","trial_type":"external-html","trial_index":16,"time_elapsed":364504,"internal_node_id":"0.0-9.0-0.8"},{"rt":22266,"url":"../static/nodeGraphs.html","edge":"1to4","edgeRT":"20536","flipped":"FALSE","correct_edge":"0to2","index":"14","edgeClickLog":"[{\"edgeSelection\":\"1to4\",\"edgeRTMS\":20536}]","seed":" 21083760","task":"experiment","subjectId":"nvo80rqtezycp42","trial_type":"external-html","trial_index":17,"time_elapsed":387446,"internal_node_id":"0.0-9.0-0.9"},{"rt":5764,"url":"../static/nodeGraphs.html","edge":"0to3","edgeRT":"4207","flipped":"TRUE","correct_edge":"0to3","index":"20","edgeClickLog":"[{\"edgeSelection\":\"0to3\",\"edgeRTMS\":4207}]","seed":" 21745736","task":"experiment","subjectId":"nvo80rqtezycp42","trial_type":"external-html","trial_index":18,"time_elapsed":393882,"internal_node_id":"0.0-9.0-0.10"},{"rt":23851,"url":"../static/nodeGraphs.html","edge":"1to5","edgeRT":"21088","flipped":"FALSE","correct_edge":"0to2","index":"17","edgeClickLog":"[{\"edgeSelection\":\"0to2\",\"edgeRTMS\":6310},{\"edgeSelection\":\"5to8\",\"edgeRTMS\":8892},{\"edgeSelection\":\"0to2\",\"edgeRTMS\":10038},{\"edgeSelection\":\"1to5\",\"edgeRTMS\":21088}]","seed":" 21211189","task":"experiment","subjectId":"nvo80rqtezycp42","trial_type":"external-html","trial_index":19,"time_elapsed":418403,"internal_node_id":"0.0-9.0-0.11"},{"rt":11230,"url":"../static/nodeGraphs.html","edge":"1to5","edgeRT":"5912","flipped":"TRUE","correct_edge":"5to7","index":"36","edgeClickLog":"[{\"edgeSelection\":\"1to5\",\"edgeRTMS\":5912}]","seed":" 5655743","task":"experiment","subjectId":"nvo80rqtezycp42","trial_type":"external-html","trial_index":20,"time_elapsed":430301,"internal_node_id":"0.0-9.0-0.12"},{"rt":13745,"url":"../static/nodeGraphs.html","edge":"0to2","edgeRT":"4894","flipped":"TRUE","correct_edge":"1to5","index":"38","edgeClickLog":"[{\"edgeSelection\":\"0to2\",\"edgeRTMS\":4894}]","seed":" 22181670","task":"experiment","subjectId":"nvo80rqtezycp42","trial_type":"external-html","trial_index":21,"time_elapsed":444720,"internal_node_id":"0.0-9.0-0.13"},{"rt":16807,"url":"../static/nodeGraphs.html","edge":"4to8","edgeRT":"13046","flipped":"FALSE","correct_edge":"4to8","index":"1","edgeClickLog":"[{\"edgeSelection\":\"0to3\",\"edgeRTMS\":4231},{\"edgeSelection\":\"4to8\",\"edgeRTMS\":13046}]","seed":" 32816305","task":"experiment","subjectId":"nvo80rqtezycp42","trial_type":"external-html","trial_index":22,"time_elapsed":462198,"internal_node_id":"0.0-9.0-0.14"},{"rt":6727,"url":"../static/nodeGraphs.html","edge":"5to8","edgeRT":"5057","flipped":"FALSE","correct_edge":"5to8","index":"3","edgeClickLog":"[{\"edgeSelection\":\"5to8\",\"edgeRTMS\":5057}]","seed":" 46003743","task":"experiment","subjectId":"nvo80rqtezycp42","trial_type":"external-html","trial_index":23,"time_elapsed":469600,"internal_node_id":"0.0-9.0-0.15"},{"rt":17537,"url":"../static/nodeGraphs.html","edge":"2to6","edgeRT":"10884","flipped":"FALSE","correct_edge":"0to2","index":"13","edgeClickLog":"[{\"edgeSelection\":\"2to6\",\"edgeRTMS\":10884}]","seed":" 49587019","task":"experiment","subjectId":"nvo80rqtezycp42","trial_type":"external-html","trial_index":24,"time_elapsed":487805,"internal_node_id":"0.0-9.0-0.16"},{"rt":6410,"url":"../static/nodeGraphs.html","edge":"0to2","edgeRT":"3124","flipped":"TRUE","correct_edge":"0to2","index":"37","edgeClickLog":"[{\"edgeSelection\":\"0to2\",\"edgeRTMS\":3124}]","seed":" 21211189","task":"experiment","subjectId":"nvo80rqtezycp42","trial_type":"external-html","trial_index":25,"time_elapsed":494884,"internal_node_id":"0.0-9.0-0.17"},{"rt":5863,"url":"../static/nodeGraphs.html","edge":"0to3","edgeRT":"3158","flipped":"FALSE","correct_edge":"2to6","index":"15","edgeClickLog":"[{\"edgeSelection\":\"0to3\",\"edgeRTMS\":3158}]","seed":" 53220770","task":"experiment","subjectId":"nvo80rqtezycp42","trial_type":"external-html","trial_index":26,"time_elapsed":501415,"internal_node_id":"0.0-9.0-0.18"},{"rt":5648,"url":"../static/nodeGraphs.html","edge":"0to2","edgeRT":"4343","flipped":"FALSE","correct_edge":"0to2","index":"11","edgeClickLog":"[{\"edgeSelection\":\"0to2\",\"edgeRTMS\":4343}]","seed":" 63833578","task":"experiment","subjectId":"nvo80rqtezycp42","trial_type":"external-html","trial_index":27,"time_elapsed":507738,"internal_node_id":"0.0-9.0-0.19"},{"rt":4813,"url":"../static/nodeGraphs.html","edge":"3to6","edgeRT":"3241","flipped":"TRUE","correct_edge":"3to6","index":"22","edgeClickLog":"[{\"edgeSelection\":\"3to6\",\"edgeRTMS\":3241}]","seed":" 22809663","task":"experiment","subjectId":"nvo80rqtezycp42","trial_type":"external-html","trial_index":28,"time_elapsed":513223,"internal_node_id":"0.0-9.0-0.20"},{"rt":8243,"url":"../static/nodeGraphs.html","edge":"2to6","edgeRT":"6234","flipped":"TRUE","correct_edge":"2to6","index":"25","edgeClickLog":"[{\"edgeSelection\":\"3to5\",\"edgeRTMS\":5447},{\"edgeSelection\":\"2to6\",\"edgeRTMS\":6234}]","seed":" 10409262","task":"experiment","subjectId":"nvo80rqtezycp42","trial_type":"external-html","trial_index":29,"time_elapsed":522140,"internal_node_id":"0.0-9.0-0.21"},{"rt":8875,"url":"../static/nodeGraphs.html","edge":"0to1","edgeRT":"4942","flipped":"TRUE","correct_edge":"0to1","index":"32","edgeClickLog":"[{\"edgeSelection\":\"0to1\",\"edgeRTMS\":4942}]","seed":" 36895371","task":"experiment","subjectId":"nvo80rqtezycp42","trial_type":"external-html","trial_index":30,"time_elapsed":531687,"internal_node_id":"0.0-9.0-0.22"},{"rt":7535,"url":"../static/nodeGraphs.html","edge":"0to3","edgeRT":"4686","flipped":"TRUE","correct_edge":"0to3","index":"39","edgeClickLog":"[{\"edgeSelection\":\"0to3\",\"edgeRTMS\":4686}]","seed":" 37422119","task":"experiment","subjectId":"nvo80rqtezycp42","trial_type":"external-html","trial_index":31,"time_elapsed":539891,"internal_node_id":"0.0-9.0-0.23"},{"rt":5913,"url":"../static/nodeGraphs.html","edge":"0to2","edgeRT":"2593","flipped":"FALSE","correct_edge":"0to2","index":"8","edgeClickLog":"[{\"edgeSelection\":\"0to2\",\"edgeRTMS\":2593}]","seed":" 8396978","task":"experiment","subjectId":"nvo80rqtezycp42","trial_type":"external-html","trial_index":32,"time_elapsed":546477,"internal_node_id":"0.0-9.0-0.24"},{"rt":15408,"url":"../static/nodeGraphs.html","edge":"2to4","edgeRT":"11734","flipped":"TRUE","correct_edge":"2to4","index":"35","edgeClickLog":"[{\"edgeSelection\":\"2to4\",\"edgeRTMS\":10982},{\"edgeSelection\":\"2to4\",\"edgeRTMS\":11734}]","seed":" 53220770","task":"experiment","subjectId":"nvo80rqtezycp42","trial_type":"external-html","trial_index":33,"time_elapsed":562556,"internal_node_id":"0.0-9.0-0.25"},{"rt":5623,"url":"../static/nodeGraphs.html","edge":"2to4","edgeRT":"3579","flipped":"FALSE","correct_edge":"2to4","index":"5","edgeClickLog":"[{\"edgeSelection\":\"2to4\",\"edgeRTMS\":3579}]","seed":" 10409262","task":"experiment","subjectId":"nvo80rqtezycp42","trial_type":"external-html","trial_index":34,"time_elapsed":568852,"internal_node_id":"0.0-9.0-0.26"},{"rt":8353,"url":"../static/nodeGraphs.html","edge":"0to2","edgeRT":"6887","flipped":"TRUE","correct_edge":"0to2","index":"28","edgeClickLog":"[{\"edgeSelection\":\"0to2\",\"edgeRTMS\":6887}]","seed":" 8396978","task":"experiment","subjectId":"nvo80rqtezycp42","trial_type":"external-html","trial_index":35,"time_elapsed":577875,"internal_node_id":"0.0-9.0-0.27"},{"rt":15430,"url":"../static/nodeGraphs.html","edge":"2to4","edgeRT":"5807","flipped":"FALSE","correct_edge":"2to4","index":"4","edgeClickLog":"[{\"edgeSelection\":\"2to4\",\"edgeRTMS\":5807}]","seed":" 36501291","task":"experiment","subjectId":"nvo80rqtezycp42","trial_type":"external-html","trial_index":36,"time_elapsed":593975,"internal_node_id":"0.0-9.0-0.28"},{"rt":13769,"url":"../static/nodeGraphs.html","edge":"0to2","edgeRT":"6084","flipped":"TRUE","correct_edge":"0to2","index":"33","edgeClickLog":"[{\"edgeSelection\":\"0to2\",\"edgeRTMS\":6084}]","seed":" 49587019","task":"experiment","subjectId":"nvo80rqtezycp42","trial_type":"external-html","trial_index":37,"time_elapsed":608412,"internal_node_id":"0.0-9.0-0.29"},{"rt":6154,"url":"../static/nodeGraphs.html","edge":"0to1","edgeRT":"4700","flipped":"TRUE","correct_edge":"0to1","index":"29","edgeClickLog":"[{\"edgeSelection\":\"0to1\",\"edgeRTMS\":4700}]","seed":" 61187187","task":"experiment","subjectId":"nvo80rqtezycp42","trial_type":"external-html","trial_index":38,"time_elapsed":615235,"internal_node_id":"0.0-9.0-0.30"},{"rt":10726,"url":"../static/nodeGraphs.html","edge":"0to1","edgeRT":"7025","flipped":"FALSE","correct_edge":"0to1","index":"0","edgeClickLog":"[{\"edgeSelection\":\"0to1\",\"edgeRTMS\":7025}]","seed":" 21745736","task":"experiment","subjectId":"nvo80rqtezycp42","trial_type":"external-html","trial_index":39,"time_elapsed":626628,"internal_node_id":"0.0-9.0-0.31"},{"rt":15658,"url":"../static/nodeGraphs.html","edge":"0to1","edgeRT":"13663","flipped":"TRUE","correct_edge":"6to9","index":"26","edgeClickLog":"[{\"edgeSelection\":\"0to1\",\"edgeRTMS\":13663}]","seed":" 13523788","task":"experiment","subjectId":"nvo80rqtezycp42","trial_type":"external-html","trial_index":40,"time_elapsed":642958,"internal_node_id":"0.0-9.0-0.32"},{"rt":9134,"url":"../static/nodeGraphs.html","edge":"0to2","edgeRT":"7204","flipped":"TRUE","correct_edge":"0to2","index":"31","edgeClickLog":"[{\"edgeSelection\":\"0to2\",\"edgeRTMS\":7204}]","seed":" 63833578","task":"experiment","subjectId":"nvo80rqtezycp42","trial_type":"external-html","trial_index":41,"time_elapsed":652762,"internal_node_id":"0.0-9.0-0.33"},{"rt":8622,"url":"../static/nodeGraphs.html","edge":"0to3","edgeRT":"3610","flipped":"FALSE","correct_edge":"0to3","index":"9","edgeClickLog":"[{\"edgeSelection\":\"0to3\",\"edgeRTMS\":3610}]","seed":" 61187187","task":"experiment","subjectId":"nvo80rqtezycp42","trial_type":"external-html","trial_index":42,"time_elapsed":662059,"internal_node_id":"0.0-9.0-0.34"},{"rt":7253,"url":"../static/nodeGraphs.html","edge":"5to8","edgeRT":"5453","flipped":"TRUE","correct_edge":"5to8","index":"23","edgeClickLog":"[{\"edgeSelection\":\"5to8\",\"edgeRTMS\":5453}]","seed":" 46003743","task":"experiment","subjectId":"nvo80rqtezycp42","trial_type":"external-html","trial_index":43,"time_elapsed":669983,"internal_node_id":"0.0-9.0-0.35"},{"rt":10942,"url":"../static/nodeGraphs.html","edge":"2to6","edgeRT":"4907","flipped":"TRUE","correct_edge":"2to6","index":"24","edgeClickLog":"[{\"edgeSelection\":\"2to6\",\"edgeRTMS\":4907}]","seed":" 36501291","task":"experiment","subjectId":"nvo80rqtezycp42","trial_type":"external-html","trial_index":44,"time_elapsed":681594,"internal_node_id":"0.0-9.0-0.36"},{"rt":8787,"url":"../static/nodeGraphs.html","edge":"0to3","edgeRT":"4590","flipped":"TRUE","correct_edge":"0to2","index":"30","edgeClickLog":"[{\"edgeSelection\":\"0to3\",\"edgeRTMS\":4590}]","seed":" 39688702","task":"experiment","subjectId":"nvo80rqtezycp42","trial_type":"external-html","trial_index":45,"time_elapsed":691050,"internal_node_id":"0.0-9.0-0.37"},{"rt":3648,"url":"../static/nodeGraphs.html","edge":"0to1","edgeRT":"2539","flipped":"FALSE","correct_edge":"0to1","index":"19","edgeClickLog":"[{\"edgeSelection\":\"0to1\",\"edgeRTMS\":2539}]","seed":" 37422119","task":"experiment","subjectId":"nvo80rqtezycp42","trial_type":"external-html","trial_index":46,"time_elapsed":695370,"internal_node_id":"0.0-9.0-0.38"},{"rt":6689,"url":"../static/nodeGraphs.html","edge":"3to5","edgeRT":"5310","flipped":"FALSE","correct_edge":"5to9","index":"16","edgeClickLog":"[{\"edgeSelection\":\"3to5\",\"edgeRTMS\":5310}]","seed":" 5655743","task":"experiment","subjectId":"nvo80rqtezycp42","trial_type":"external-html","trial_index":47,"time_elapsed":702733,"internal_node_id":"0.0-9.0-0.39"},{"rt":94871,"response":{"P0_Q0":null,"P0_Q1":4,"P0_Q2":2,"P0_Q3":6,"P0_Q4":7,"P0_Q5":3,"strategies":"I started by looking at the first branch to see if there was a higher option. I assumed that if they chose a lower options then the other path wasn't visible. If they chose the higher option, I would look for the branches after that initial option that would have a higher yield.","feedback":"One of the early questions about \"if there was a right path\" was a little bit confusing"},"accuracy":[],"trial_type":"survey","trial_index":48,"time_elapsed":798198,"internal_node_id":"0.0-10.0"},{"rt":3219,"stimulus":"<p>Thanks for your time!</p>        <p>We need to manually calculate your bonus pay, please give us up to 7 days.</p><p>Press any key to conclude.</p>","response":"g","task":"end","subjectId":"nvo80rqtezycp42","trial_type":"html-keyboard-response","trial_index":49,"time_elapsed":801419,"internal_node_id":"0.0-11.0","interactions":"[{\"event\":\"fullscreenenter\",\"trial\":1,\"time\":4263}]"}]