[{"success":true,"timeout":false,"failed_images":[],"failed_audio":[],"failed_video":[],"trial_type":"preload","trial_index":0,"time_elapsed":1007,"internal_node_id":"0.0-0.0"},{"success":true,"trial_type":"fullscreen","trial_index":1,"time_elapsed":3699,"internal_node_id":"0.0-1.0"},{"rt":4998,"stimulus":"Welcome to the experiment. Press any key to begin.","response":" ","trial_type":"html-keyboard-response","trial_index":2,"time_elapsed":8697,"internal_node_id":"0.0-2.0"},{"view_history":[{"page_index":0,"viewing_time":2744},{"page_index":1,"viewing_time":3160},{"page_index":2,"viewing_time":13271},{"page_index":3,"viewing_time":11019},{"page_index":4,"viewing_time":1947},{"page_index":5,"viewing_time":1566},{"page_index":6,"viewing_time":4197},{"page_index":7,"viewing_time":6749},{"page_index":8,"viewing_time":9791},{"page_index":9,"viewing_time":9771},{"page_index":10,"viewing_time":4108},{"page_index":11,"viewing_time":1556},{"page_index":12,"viewing_time":1271},{"page_index":13,"viewing_time":2347},{"page_index":14,"viewing_time":3977},{"page_index":15,"viewing_time":3221},{"page_index":16,"viewing_time":3256},{"page_index":17,"viewing_time":1227},{"page_index":18,"viewing_time":1093},{"page_index":19,"viewing_time":2872},{"page_index":20,"viewing_time":3243},{"page_index":21,"viewing_time":2815}],"rt":95201,"trial_type":"instructions","trial_index":3,"time_elapsed":103900,"internal_node_id":"0.0-3.0"},{"rt":55955,"url":"../static/nodeGraphsTraining.html","edgeClickLog":[],"trial_type":"external-html","trial_index":4,"time_elapsed":160060,"internal_node_id":"0.0-4.0"},{"rt":14944,"response":{"q1":"The goal is to help the student to get the most points","q2":"False","q3":"Possible paths the student can take.","q4":"Paths that the student took before."},"question_order":[0,1,2,3],"trial_type":"survey-multi-choice","trial_index":5,"time_elapsed":175004,"internal_node_id":"0.0-5.0"},{"rt":34138,"stimulus":"<p>You can take a 60 second break before starting the experiment.</p><br><br><p>This page will advance in 60 seconds or you can press any key to advance now.</p>","response":" ","trial_type":"html-keyboard-response","trial_index":6,"time_elapsed":209144,"internal_node_id":"0.0-7.0"},{"view_history":[{"page_index":0,"viewing_time":9762}],"rt":9762,"trial_type":"instructions","trial_index":7,"time_elapsed":218907,"internal_node_id":"0.0-8.0"},{"rt":16478,"url":"../static/nodeGraphs.html","edge":"2to6","edgeRT":"15579","flipped":"TRUE","correct_edge":"2to6","index":"25","edgeClickLog":"[{\"edgeSelection\":\"2to6\",\"edgeRTMS\":15579}]","seed":" 10409262","task":"experiment","subjectId":"qnxqjo7hxx0y05q","trial_type":"external-html","trial_index":8,"time_elapsed":235523,"internal_node_id":"0.0-9.0-0.0"},{"rt":12550,"url":"../static/nodeGraphs.html","edge":"0to1","edgeRT":"10373","flipped":"TRUE","correct_edge":"0to1","index":"32","edgeClickLog":"[{\"edgeSelection\":\"0to1\",\"edgeRTMS\":10373}]","seed":" 36895371","task":"experiment","subjectId":"qnxqjo7hxx0y05q","trial_type":"external-html","trial_index":9,"time_elapsed":248724,"internal_node_id":"0.0-9.0-0.1"},{"rt":13051,"url":"../static/nodeGraphs.html","edge":"2to6","edgeRT":"8282","flipped":"FALSE","correct_edge":"0to2","index":"10","edgeClickLog":"[{\"edgeSelection\":\"2to6\",\"edgeRTMS\":8282}]","seed":" 39688702","task":"experiment","subjectId":"qnxqjo7hxx0y05q","trial_type":"external-html","trial_index":10,"time_elapsed":262411,"internal_node_id":"0.0-9.0-0.2"},{"rt":15555,"url":"../static/nodeGraphs.html","edge":"0to1","edgeRT":"14489","flipped":"TRUE","correct_edge":"6to9","index":"26","edgeClickLog":"[{\"edgeSelection\":\"0to1\",\"edgeRTMS\":14489}]","seed":" 13523788","task":"experiment","subjectId":"qnxqjo7hxx0y05q","trial_type":"external-html","trial_index":11,"time_elapsed":278611,"internal_node_id":"0.0-9.0-0.3"},{"rt":18010,"url":"../static/nodeGraphs.html","edge":"1to5","edgeRT":"15231","flipped":"TRUE","correct_edge":"5to7","index":"36","edgeClickLog":"[{\"edgeSelection\":\"1to5\",\"edgeRTMS\":15231}]","seed":" 5655743","task":"experiment","subjectId":"qnxqjo7hxx0y05q","trial_type":"external-html","trial_index":12,"time_elapsed":297267,"internal_node_id":"0.0-9.0-0.4"},{"rt":8368,"url":"../static/nodeGraphs.html","edge":"0to3","edgeRT":"7208","flipped":"TRUE","correct_edge":"0to3","index":"39","edgeClickLog":"[{\"edgeSelection\":\"0to3\",\"edgeRTMS\":7208}]","seed":" 37422119","task":"experiment","subjectId":"qnxqjo7hxx0y05q","trial_type":"external-html","trial_index":13,"time_elapsed":306275,"internal_node_id":"0.0-9.0-0.5"},{"rt":10200,"url":"../static/nodeGraphs.html","edge":"0to1","edgeRT":"8104","flipped":"TRUE","correct_edge":"0to1","index":"29","edgeClickLog":"[{\"edgeSelection\":\"0to1\",\"edgeRTMS\":8104}]","seed":" 61187187","task":"experiment","subjectId":"qnxqjo7hxx0y05q","trial_type":"external-html","trial_index":14,"time_elapsed":317107,"internal_node_id":"0.0-9.0-0.6"},{"rt":6036,"url":"../static/nodeGraphs.html","edge":"0to2","edgeRT":"5010","flipped":"FALSE","correct_edge":"0to2","index":"8","edgeClickLog":"[{\"edgeSelection\":\"0to2\",\"edgeRTMS\":5010}]","seed":" 8396978","task":"experiment","subjectId":"qnxqjo7hxx0y05q","trial_type":"external-html","trial_index":15,"time_elapsed":323795,"internal_node_id":"0.0-9.0-0.7"},{"rt":5555,"url":"../static/nodeGraphs.html","edge":"0to3","edgeRT":"4573","flipped":"TRUE","correct_edge":"0to3","index":"20","edgeClickLog":"[{\"edgeSelection\":\"0to3\",\"edgeRTMS\":4573}]","seed":" 21745736","task":"experiment","subjectId":"qnxqjo7hxx0y05q","trial_type":"external-html","trial_index":16,"time_elapsed":329987,"internal_node_id":"0.0-9.0-0.8"},{"rt":7778,"url":"../static/nodeGraphs.html","edge":"0to2","edgeRT":"6754","flipped":"TRUE","correct_edge":"0to2","index":"28","edgeClickLog":"[{\"edgeSelection\":\"0to2\",\"edgeRTMS\":6754}]","seed":" 8396978","task":"experiment","subjectId":"qnxqjo7hxx0y05q","trial_type":"external-html","trial_index":17,"time_elapsed":338403,"internal_node_id":"0.0-9.0-0.9"},{"rt":12368,"url":"../static/nodeGraphs.html","edge":"1to4","edgeRT":"11225","flipped":"FALSE","correct_edge":"1to4","index":"2","edgeClickLog":"[{\"edgeSelection\":\"1to4\",\"edgeRTMS\":11225}]","seed":" 22809663","task":"experiment","subjectId":"qnxqjo7hxx0y05q","trial_type":"external-html","trial_index":18,"time_elapsed":351411,"internal_node_id":"0.0-9.0-0.10"},{"rt":11016,"url":"../static/nodeGraphs.html","edge":"2to4","edgeRT":"8377","flipped":"FALSE","correct_edge":"2to4","index":"4","edgeClickLog":"[{\"edgeSelection\":\"2to4\",\"edgeRTMS\":8377}]","seed":" 36501291","task":"experiment","subjectId":"qnxqjo7hxx0y05q","trial_type":"external-html","trial_index":19,"time_elapsed":363067,"internal_node_id":"0.0-9.0-0.11"},{"rt":7225,"url":"../static/nodeGraphs.html","edge":"0to2","edgeRT":"5610","flipped":"TRUE","correct_edge":"0to2","index":"31","edgeClickLog":"[{\"edgeSelection\":\"0to2\",\"edgeRTMS\":5610}]","seed":" 63833578","task":"experiment","subjectId":"qnxqjo7hxx0y05q","trial_type":"external-html","trial_index":20,"time_elapsed":370930,"internal_node_id":"0.0-9.0-0.12"},{"rt":10992,"url":"../static/nodeGraphs.html","edge":"3to5","edgeRT":"9201","flipped":"TRUE","correct_edge":"0to2","index":"37","edgeClickLog":"[{\"edgeSelection\":\"3to5\",\"edgeRTMS\":9201}]","seed":" 21211189","task":"experiment","subjectId":"qnxqjo7hxx0y05q","trial_type":"external-html","trial_index":21,"time_elapsed":383147,"internal_node_id":"0.0-9.0-0.13"},{"rt":10095,"url":"../static/nodeGraphs.html","edge":"3to5","edgeRT":"8817","flipped":"FALSE","correct_edge":"3to5","index":"18","edgeClickLog":"[{\"edgeSelection\":\"3to5\",\"edgeRTMS\":8817}]","seed":" 22181670","task":"experiment","subjectId":"qnxqjo7hxx0y05q","trial_type":"external-html","trial_index":22,"time_elapsed":393890,"internal_node_id":"0.0-9.0-0.14"},{"rt":11840,"url":"../static/nodeGraphs.html","edge":"0to1","edgeRT":"9218","flipped":"FALSE","correct_edge":"0to1","index":"0","edgeClickLog":"[{\"edgeSelection\":\"0to1\",\"edgeRTMS\":9218}]","seed":" 21745736","task":"experiment","subjectId":"qnxqjo7hxx0y05q","trial_type":"external-html","trial_index":23,"time_elapsed":406370,"internal_node_id":"0.0-9.0-0.15"},{"rt":16979,"url":"../static/nodeGraphs.html","edge":"2to5","edgeRT":"15372","flipped":"TRUE","correct_edge":"0to2","index":"27","edgeClickLog":"[{\"edgeSelection\":\"2to5\",\"edgeRTMS\":15372}]","seed":" 85614324","task":"experiment","subjectId":"qnxqjo7hxx0y05q","trial_type":"external-html","trial_index":24,"time_elapsed":423987,"internal_node_id":"0.0-9.0-0.16"},{"rt":6622,"url":"../static/nodeGraphs.html","edge":"3to6","edgeRT":"5670","flipped":"TRUE","correct_edge":"3to6","index":"22","edgeClickLog":"[{\"edgeSelection\":\"3to6\",\"edgeRTMS\":5670}]","seed":" 22809663","task":"experiment","subjectId":"qnxqjo7hxx0y05q","trial_type":"external-html","trial_index":25,"time_elapsed":431243,"internal_node_id":"0.0-9.0-0.17"},{"rt":10474,"url":"../static/nodeGraphs.html","edge":"4to8","edgeRT":"9650","flipped":"FALSE","correct_edge":"4to8","index":"1","edgeClickLog":"[{\"edgeSelection\":\"4to8\",\"edgeRTMS\":9650}]","seed":" 32816305","task":"experiment","subjectId":"qnxqjo7hxx0y05q","trial_type":"external-html","trial_index":26,"time_elapsed":442354,"internal_node_id":"0.0-9.0-0.18"},{"rt":19511,"url":"../static/nodeGraphs.html","edge":"2to6","edgeRT":"16976","flipped":"FALSE","correct_edge":"0to2","index":"13","edgeClickLog":"[{\"edgeSelection\":\"2to6\",\"edgeRTMS\":16976}]","seed":" 49587019","task":"experiment","subjectId":"qnxqjo7hxx0y05q","trial_type":"external-html","trial_index":27,"time_elapsed":462498,"internal_node_id":"0.0-9.0-0.19"},{"rt":13279,"url":"../static/nodeGraphs.html","edge":"6to8","edgeRT":"12311","flipped":"TRUE","correct_edge":"6to8","index":"21","edgeClickLog":"[{\"edgeSelection\":\"6to8\",\"edgeRTMS\":12311}]","seed":" 32816305","task":"experiment","subjectId":"qnxqjo7hxx0y05q","trial_type":"external-html","trial_index":28,"time_elapsed":476410,"internal_node_id":"0.0-9.0-0.20"},{"rt":12857,"url":"../static/nodeGraphs.html","edge":"2to4","edgeRT":"11610","flipped":"FALSE","correct_edge":"0to2","index":"11","edgeClickLog":"[{\"edgeSelection\":\"2to4\",\"edgeRTMS\":11610}]","seed":" 63833578","task":"experiment","subjectId":"qnxqjo7hxx0y05q","trial_type":"external-html","trial_index":29,"time_elapsed":489914,"internal_node_id":"0.0-9.0-0.21"},{"rt":15442,"url":"../static/nodeGraphs.html","edge":"2to4","edgeRT":"12810","flipped":"TRUE","correct_edge":"2to4","index":"35","edgeClickLog":"[{\"edgeSelection\":\"2to4\",\"edgeRTMS\":12810}]","seed":" 53220770","task":"experiment","subjectId":"qnxqjo7hxx0y05q","trial_type":"external-html","trial_index":30,"time_elapsed":505994,"internal_node_id":"0.0-9.0-0.22"},{"rt":27005,"url":"../static/nodeGraphs.html","edge":"2to6","edgeRT":"23310","flipped":"TRUE","correct_edge":"0to2","index":"30","edgeClickLog":"[{\"edgeSelection\":\"0to3\",\"edgeRTMS\":12126},{\"edgeSelection\":\"2to6\",\"edgeRTMS\":23310}]","seed":" 39688702","task":"experiment","subjectId":"qnxqjo7hxx0y05q","trial_type":"external-html","trial_index":31,"time_elapsed":533651,"internal_node_id":"0.0-9.0-0.23"},{"rt":7177,"url":"../static/nodeGraphs.html","edge":"2to5","edgeRT":"5930","flipped":"FALSE","correct_edge":"0to2","index":"17","edgeClickLog":"[{\"edgeSelection\":\"2to5\",\"edgeRTMS\":5930}]","seed":" 21211189","task":"experiment","subjectId":"qnxqjo7hxx0y05q","trial_type":"external-html","trial_index":32,"time_elapsed":541482,"internal_node_id":"0.0-9.0-0.24"},{"rt":9296,"url":"../static/nodeGraphs.html","edge":"3to6","edgeRT":"4977","flipped":"FALSE","correct_edge":"2to6","index":"15","edgeClickLog":"[{\"edgeSelection\":\"3to6\",\"edgeRTMS\":4977}]","seed":" 53220770","task":"experiment","subjectId":"qnxqjo7hxx0y05q","trial_type":"external-html","trial_index":33,"time_elapsed":551427,"internal_node_id":"0.0-9.0-0.25"},{"rt":7297,"url":"../static/nodeGraphs.html","edge":"5to8","edgeRT":"6257","flipped":"TRUE","correct_edge":"5to8","index":"23","edgeClickLog":"[{\"edgeSelection\":\"5to8\",\"edgeRTMS\":6257}]","seed":" 46003743","task":"experiment","subjectId":"qnxqjo7hxx0y05q","trial_type":"external-html","trial_index":34,"time_elapsed":559362,"internal_node_id":"0.0-9.0-0.26"},{"rt":7524,"url":"../static/nodeGraphs.html","edge":"2to5","edgeRT":"5972","flipped":"TRUE","correct_edge":"1to5","index":"38","edgeClickLog":"[{\"edgeSelection\":\"2to5\",\"edgeRTMS\":5972}]","seed":" 22181670","task":"experiment","subjectId":"qnxqjo7hxx0y05q","trial_type":"external-html","trial_index":35,"time_elapsed":567530,"internal_node_id":"0.0-9.0-0.27"},{"rt":10336,"url":"../static/nodeGraphs.html","edge":"3to5","edgeRT":"8785","flipped":"FALSE","correct_edge":"5to9","index":"16","edgeClickLog":"[{\"edgeSelection\":\"3to5\",\"edgeRTMS\":8785}]","seed":" 5655743","task":"experiment","subjectId":"qnxqjo7hxx0y05q","trial_type":"external-html","trial_index":36,"time_elapsed":578514,"internal_node_id":"0.0-9.0-0.28"},{"rt":12834,"url":"../static/nodeGraphs.html","edge":"2to6","edgeRT":"6931","flipped":"TRUE","correct_edge":"0to2","index":"34","edgeClickLog":"[{\"edgeSelection\":\"2to6\",\"edgeRTMS\":6931}]","seed":" 21083760","task":"experiment","subjectId":"qnxqjo7hxx0y05q","trial_type":"external-html","trial_index":37,"time_elapsed":591994,"internal_node_id":"0.0-9.0-0.29"},{"rt":7586,"url":"../static/nodeGraphs.html","edge":"2to5","edgeRT":"6218","flipped":"FALSE","correct_edge":"0to2","index":"7","edgeClickLog":"[{\"edgeSelection\":\"2to5\",\"edgeRTMS\":6218}]","seed":" 85614324","task":"experiment","subjectId":"qnxqjo7hxx0y05q","trial_type":"external-html","trial_index":38,"time_elapsed":600218,"internal_node_id":"0.0-9.0-0.30"},{"rt":9901,"url":"../static/nodeGraphs.html","edge":"3to5","edgeRT":"7822","flipped":"FALSE","correct_edge":"0to3","index":"12","edgeClickLog":"[{\"edgeSelection\":\"3to5\",\"edgeRTMS\":7822}]","seed":" 36895371","task":"experiment","subjectId":"qnxqjo7hxx0y05q","trial_type":"external-html","trial_index":39,"time_elapsed":610762,"internal_node_id":"0.0-9.0-0.31"},{"rt":11827,"url":"../static/nodeGraphs.html","edge":"5to8","edgeRT":"10116","flipped":"FALSE","correct_edge":"5to8","index":"3","edgeClickLog":"[{\"edgeSelection\":\"5to8\",\"edgeRTMS\":10116}]","seed":" 46003743","task":"experiment","subjectId":"qnxqjo7hxx0y05q","trial_type":"external-html","trial_index":40,"time_elapsed":623242,"internal_node_id":"0.0-9.0-0.32"},{"rt":8736,"url":"../static/nodeGraphs.html","edge":"1to5","edgeRT":"7794","flipped":"FALSE","correct_edge":"0to1","index":"19","edgeClickLog":"[{\"edgeSelection\":\"1to5\",\"edgeRTMS\":7794}]","seed":" 37422119","task":"experiment","subjectId":"qnxqjo7hxx0y05q","trial_type":"external-html","trial_index":41,"time_elapsed":632626,"internal_node_id":"0.0-9.0-0.33"},{"rt":8625,"url":"../static/nodeGraphs.html","edge":"2to4","edgeRT":"6803","flipped":"FALSE","correct_edge":"2to4","index":"5","edgeClickLog":"[{\"edgeSelection\":\"2to4\",\"edgeRTMS\":6803}]","seed":" 10409262","task":"experiment","subjectId":"qnxqjo7hxx0y05q","trial_type":"external-html","trial_index":42,"time_elapsed":641898,"internal_node_id":"0.0-9.0-0.34"},{"rt":6167,"url":"../static/nodeGraphs.html","edge":"2to6","edgeRT":"3081","flipped":"TRUE","correct_edge":"2to6","index":"24","edgeClickLog":"[{\"edgeSelection\":\"2to6\",\"edgeRTMS\":3081}]","seed":" 36501291","task":"experiment","subjectId":"qnxqjo7hxx0y05q","trial_type":"external-html","trial_index":43,"time_elapsed":648714,"internal_node_id":"0.0-9.0-0.35"},{"rt":13944,"url":"../static/nodeGraphs.html","edge":"3to5","edgeRT":"11008","flipped":"FALSE","correct_edge":"4to7","index":"6","edgeClickLog":"[{\"edgeSelection\":\"3to5\",\"edgeRTMS\":11008}]","seed":" 13523788","task":"experiment","subjectId":"qnxqjo7hxx0y05q","trial_type":"external-html","trial_index":44,"time_elapsed":663297,"internal_node_id":"0.0-9.0-0.36"},{"rt":19358,"url":"../static/nodeGraphs.html","edge":"4to7","edgeRT":"18344","flipped":"TRUE","correct_edge":"0to2","index":"33","edgeClickLog":"[{\"edgeSelection\":\"2to4\",\"edgeRTMS\":8831},{\"edgeSelection\":\"4to7\",\"edgeRTMS\":18344}]","seed":" 49587019","task":"experiment","subjectId":"qnxqjo7hxx0y05q","trial_type":"external-html","trial_index":45,"time_elapsed":683298,"internal_node_id":"0.0-9.0-0.37"},{"rt":4436,"url":"../static/nodeGraphs.html","edge":"2to4","edgeRT":"3582","flipped":"FALSE","correct_edge":"0to2","index":"14","edgeClickLog":"[{\"edgeSelection\":\"2to4\",\"edgeRTMS\":3582}]","seed":" 21083760","task":"experiment","subjectId":"qnxqjo7hxx0y05q","trial_type":"external-html","trial_index":46,"time_elapsed":688370,"internal_node_id":"0.0-9.0-0.38"},{"rt":10704,"url":"../static/nodeGraphs.html","edge":"3to6","edgeRT":"9649","flipped":"FALSE","correct_edge":"0to3","index":"9","edgeClickLog":"[{\"edgeSelection\":\"3to6\",\"edgeRTMS\":9649}]","seed":" 61187187","task":"experiment","subjectId":"qnxqjo7hxx0y05q","trial_type":"external-html","trial_index":47,"time_elapsed":699714,"internal_node_id":"0.0-9.0-0.39"},{"rt":58195,"response":{"P0_Q0":null,"P0_Q1":5,"P0_Q2":7,"P0_Q3":6,"P0_Q4":5,"P0_Q5":1,"strategies":"I tried to pick the best possible path by comparing rows, looking at what would give the student the best points, and trying to decide what would be the most helpful path to reveal","feedback":"No, that was interesting. "},"accuracy":[],"trial_type":"survey","trial_index":48,"time_elapsed":758458,"internal_node_id":"0.0-10.0"},{"rt":3486,"stimulus":"<p>Thanks for your time!</p>        <p>We need to manually calculate your bonus pay, please give us up to 7 days.</p><p>Press any key to conclude.</p>","response":" ","task":"end","subjectId":"qnxqjo7hxx0y05q","trial_type":"html-keyboard-response","trial_index":49,"time_elapsed":761946,"internal_node_id":"0.0-11.0","interactions":"[{\"event\":\"fullscreenenter\",\"trial\":1,\"time\":2878},{\"event\":\"blur\",\"trial\":8,\"time\":227622},{\"event\":\"focus\",\"trial\":8,\"time\":227622}]"}]