[{"success":true,"timeout":false,"failed_images":[],"failed_audio":[],"failed_video":[],"trial_type":"preload","trial_index":0,"time_elapsed":1565,"internal_node_id":"0.0-0.0"},{"success":true,"trial_type":"fullscreen","trial_index":1,"time_elapsed":4764,"internal_node_id":"0.0-1.0"},{"rt":5719,"stimulus":"Welcome to the experiment. Press any key to begin.","response":" ","trial_type":"html-keyboard-response","trial_index":2,"time_elapsed":10485,"internal_node_id":"0.0-2.0"},{"view_history":[{"page_index":0,"viewing_time":2963},{"page_index":1,"viewing_time":4533},{"page_index":2,"viewing_time":15364},{"page_index":3,"viewing_time":3571},{"page_index":4,"viewing_time":836},{"page_index":5,"viewing_time":405},{"page_index":6,"viewing_time":2561},{"page_index":7,"viewing_time":9557},{"page_index":8,"viewing_time":16912},{"page_index":9,"viewing_time":12063},{"page_index":10,"viewing_time":1450},{"page_index":11,"viewing_time":433},{"page_index":12,"viewing_time":337},{"page_index":13,"viewing_time":844},{"page_index":14,"viewing_time":2651},{"page_index":15,"viewing_time":2482},{"page_index":16,"viewing_time":852},{"page_index":17,"viewing_time":720},{"page_index":18,"viewing_time":1234},{"page_index":19,"viewing_time":4444},{"page_index":20,"viewing_time":4117},{"page_index":21,"viewing_time":3274}],"rt":91605,"trial_type":"instructions","trial_index":3,"time_elapsed":102092,"internal_node_id":"0.0-3.0"},{"rt":44305,"url":"../static/nodeGraphsTraining.html","edgeClickLog":[],"trial_type":"external-html","trial_index":4,"time_elapsed":146685,"internal_node_id":"0.0-4.0"},{"rt":36900,"response":{"q1":"The goal is to help the student to get the most points","q2":"False","q3":"Possible paths the student can take.","q4":"Paths that the student took before."},"question_order":[0,1,2,3],"trial_type":"survey-multi-choice","trial_index":5,"time_elapsed":183588,"internal_node_id":"0.0-5.0"},{"rt":4567,"stimulus":"<p>You can take a 60 second break before starting the experiment.</p><br><br><p>This page will advance in 60 seconds or you can press any key to advance now.</p>","response":" ","trial_type":"html-keyboard-response","trial_index":6,"time_elapsed":188158,"internal_node_id":"0.0-7.0"},{"view_history":[{"page_index":0,"viewing_time":32565}],"rt":32565,"trial_type":"instructions","trial_index":7,"time_elapsed":220724,"internal_node_id":"0.0-8.0"},{"rt":19211,"url":"../static/nodeGraphs.html","edge":"0to2","edgeRT":"16450","flipped":"FALSE","correct_edge":"0to2","index":"17","edgeClickLog":"[{\"edgeSelection\":\"0to2\",\"edgeRTMS\":16450}]","seed":" 21211189","task":"experiment","subjectId":"y8jqgzv3p59uokh","trial_type":"external-html","trial_index":8,"time_elapsed":240277,"internal_node_id":"0.0-9.0-0.0"},{"rt":7842,"url":"../static/nodeGraphs.html","edge":"0to3","edgeRT":"5356","flipped":"FALSE","correct_edge":"0to3","index":"9","edgeClickLog":"[{\"edgeSelection\":\"0to3\",\"edgeRTMS\":5356}]","seed":" 61187187","task":"experiment","subjectId":"y8jqgzv3p59uokh","trial_type":"external-html","trial_index":9,"time_elapsed":248812,"internal_node_id":"0.0-9.0-0.1"},{"rt":12956,"url":"../static/nodeGraphs.html","edge":"2to4","edgeRT":"11065","flipped":"FALSE","correct_edge":"2to4","index":"5","edgeClickLog":"[{\"edgeSelection\":\"2to4\",\"edgeRTMS\":11065}]","seed":" 10409262","task":"experiment","subjectId":"y8jqgzv3p59uokh","trial_type":"external-html","trial_index":10,"time_elapsed":262468,"internal_node_id":"0.0-9.0-0.2"},{"rt":14176,"url":"../static/nodeGraphs.html","edge":"0to1","edgeRT":"10690","flipped":"TRUE","correct_edge":"6to9","index":"26","edgeClickLog":"[{\"edgeSelection\":\"0to1\",\"edgeRTMS\":10690}]","seed":" 13523788","task":"experiment","subjectId":"y8jqgzv3p59uokh","trial_type":"external-html","trial_index":11,"time_elapsed":277341,"internal_node_id":"0.0-9.0-0.3"},{"rt":14934,"url":"../static/nodeGraphs.html","edge":"0to3","edgeRT":"13879","flipped":"TRUE","correct_edge":"0to2","index":"30","edgeClickLog":"[{\"edgeSelection\":\"0to3\",\"edgeRTMS\":13879}]","seed":" 39688702","task":"experiment","subjectId":"y8jqgzv3p59uokh","trial_type":"external-html","trial_index":12,"time_elapsed":292972,"internal_node_id":"0.0-9.0-0.4"},{"rt":15327,"url":"../static/nodeGraphs.html","edge":"3to6","edgeRT":"13897","flipped":"TRUE","correct_edge":"0to2","index":"28","edgeClickLog":"[{\"edgeSelection\":\"3to6\",\"edgeRTMS\":13897}]","seed":" 8396978","task":"experiment","subjectId":"y8jqgzv3p59uokh","trial_type":"external-html","trial_index":13,"time_elapsed":308997,"internal_node_id":"0.0-9.0-0.5"},{"rt":4727,"url":"../static/nodeGraphs.html","edge":"0to1","edgeRT":"3249","flipped":"FALSE","correct_edge":"0to1","index":"19","edgeClickLog":"[{\"edgeSelection\":\"0to1\",\"edgeRTMS\":3249}]","seed":" 37422119","task":"experiment","subjectId":"y8jqgzv3p59uokh","trial_type":"external-html","trial_index":14,"time_elapsed":314500,"internal_node_id":"0.0-9.0-0.6"},{"rt":51373,"url":"../static/nodeGraphs.html","edge":"0to1","edgeRT":"49806","flipped":"TRUE","correct_edge":"0to1","index":"32","edgeClickLog":"[{\"edgeSelection\":\"0to1\",\"edgeRTMS\":49806}]","seed":" 36895371","task":"experiment","subjectId":"y8jqgzv3p59uokh","trial_type":"external-html","trial_index":15,"time_elapsed":366556,"internal_node_id":"0.0-9.0-0.7"},{"rt":8425,"url":"../static/nodeGraphs.html","edge":"2to6","edgeRT":"6854","flipped":"TRUE","correct_edge":"2to6","index":"25","edgeClickLog":"[{\"edgeSelection\":\"2to6\",\"edgeRTMS\":6854}]","seed":" 10409262","task":"experiment","subjectId":"y8jqgzv3p59uokh","trial_type":"external-html","trial_index":16,"time_elapsed":375677,"internal_node_id":"0.0-9.0-0.8"},{"rt":19543,"url":"../static/nodeGraphs.html","edge":"0to2","edgeRT":"18098","flipped":"FALSE","correct_edge":"0to2","index":"10","edgeClickLog":"[{\"edgeSelection\":\"0to2\",\"edgeRTMS\":18098}]","seed":" 39688702","task":"experiment","subjectId":"y8jqgzv3p59uokh","trial_type":"external-html","trial_index":17,"time_elapsed":395916,"internal_node_id":"0.0-9.0-0.9"},{"rt":15988,"url":"../static/nodeGraphs.html","edge":"0to3","edgeRT":"14039","flipped":"FALSE","correct_edge":"0to3","index":"12","edgeClickLog":"[{\"edgeSelection\":\"0to3\",\"edgeRTMS\":14039}]","seed":" 36895371","task":"experiment","subjectId":"y8jqgzv3p59uokh","trial_type":"external-html","trial_index":18,"time_elapsed":412620,"internal_node_id":"0.0-9.0-0.10"},{"rt":13863,"url":"../static/nodeGraphs.html","edge":"5to8","edgeRT":"11368","flipped":"FALSE","correct_edge":"5to8","index":"3","edgeClickLog":"[{\"edgeSelection\":\"5to8\",\"edgeRTMS\":11368}]","seed":" 46003743","task":"experiment","subjectId":"y8jqgzv3p59uokh","trial_type":"external-html","trial_index":19,"time_elapsed":427165,"internal_node_id":"0.0-9.0-0.11"},{"rt":16260,"url":"../static/nodeGraphs.html","edge":"3to5","edgeRT":"13966","flipped":"FALSE","correct_edge":"5to9","index":"16","edgeClickLog":"[{\"edgeSelection\":\"3to5\",\"edgeRTMS\":13966}]","seed":" 5655743","task":"experiment","subjectId":"y8jqgzv3p59uokh","trial_type":"external-html","trial_index":20,"time_elapsed":444117,"internal_node_id":"0.0-9.0-0.12"},{"rt":20494,"url":"../static/nodeGraphs.html","edge":"2to4","edgeRT":"18017","flipped":"TRUE","correct_edge":"0to2","index":"33","edgeClickLog":"[{\"edgeSelection\":\"2to4\",\"edgeRTMS\":18017}]","seed":" 49587019","task":"experiment","subjectId":"y8jqgzv3p59uokh","trial_type":"external-html","trial_index":21,"time_elapsed":465308,"internal_node_id":"0.0-9.0-0.13"},{"rt":11094,"url":"../static/nodeGraphs.html","edge":"1to4","edgeRT":"9258","flipped":"FALSE","correct_edge":"1to4","index":"2","edgeClickLog":"[{\"edgeSelection\":\"1to4\",\"edgeRTMS\":9258}]","seed":" 22809663","task":"experiment","subjectId":"y8jqgzv3p59uokh","trial_type":"external-html","trial_index":22,"time_elapsed":477115,"internal_node_id":"0.0-9.0-0.14"},{"rt":16950,"url":"../static/nodeGraphs.html","edge":"0to3","edgeRT":"8371","flipped":"TRUE","correct_edge":"0to3","index":"20","edgeClickLog":"[{\"edgeSelection\":\"0to3\",\"edgeRTMS\":8371}]","seed":" 21745736","task":"experiment","subjectId":"y8jqgzv3p59uokh","trial_type":"external-html","trial_index":23,"time_elapsed":494756,"internal_node_id":"0.0-9.0-0.15"},{"rt":12067,"url":"../static/nodeGraphs.html","edge":"0to3","edgeRT":"9620","flipped":"TRUE","correct_edge":"0to2","index":"27","edgeClickLog":"[{\"edgeSelection\":\"0to3\",\"edgeRTMS\":9620}]","seed":" 85614324","task":"experiment","subjectId":"y8jqgzv3p59uokh","trial_type":"external-html","trial_index":24,"time_elapsed":507532,"internal_node_id":"0.0-9.0-0.16"},{"rt":12351,"url":"../static/nodeGraphs.html","edge":"2to4","edgeRT":"10191","flipped":"TRUE","correct_edge":"2to4","index":"35","edgeClickLog":"[{\"edgeSelection\":\"2to4\",\"edgeRTMS\":10191}]","seed":" 53220770","task":"experiment","subjectId":"y8jqgzv3p59uokh","trial_type":"external-html","trial_index":25,"time_elapsed":520580,"internal_node_id":"0.0-9.0-0.17"},{"rt":14437,"url":"../static/nodeGraphs.html","edge":"2to6","edgeRT":"10655","flipped":"FALSE","correct_edge":"2to6","index":"15","edgeClickLog":"[{\"edgeSelection\":\"2to6\",\"edgeRTMS\":10655}]","seed":" 53220770","task":"experiment","subjectId":"y8jqgzv3p59uokh","trial_type":"external-html","trial_index":26,"time_elapsed":535708,"internal_node_id":"0.0-9.0-0.18"},{"rt":13827,"url":"../static/nodeGraphs.html","edge":"2to4","edgeRT":"12590","flipped":"FALSE","correct_edge":"2to4","index":"4","edgeClickLog":"[{\"edgeSelection\":\"2to4\",\"edgeRTMS\":12590}]","seed":" 36501291","task":"experiment","subjectId":"y8jqgzv3p59uokh","trial_type":"external-html","trial_index":27,"time_elapsed":550237,"internal_node_id":"0.0-9.0-0.19"},{"rt":24927,"url":"../static/nodeGraphs.html","edge":"3to6","edgeRT":"23218","flipped":"TRUE","correct_edge":"3to6","index":"22","edgeClickLog":"[{\"edgeSelection\":\"3to6\",\"edgeRTMS\":23218}]","seed":" 22809663","task":"experiment","subjectId":"y8jqgzv3p59uokh","trial_type":"external-html","trial_index":28,"time_elapsed":575861,"internal_node_id":"0.0-9.0-0.20"},{"rt":14536,"url":"../static/nodeGraphs.html","edge":"6to8","edgeRT":"10913","flipped":"TRUE","correct_edge":"6to8","index":"21","edgeClickLog":"[{\"edgeSelection\":\"6to8\",\"edgeRTMS\":10913}]","seed":" 32816305","task":"experiment","subjectId":"y8jqgzv3p59uokh","trial_type":"external-html","trial_index":29,"time_elapsed":591084,"internal_node_id":"0.0-9.0-0.21"},{"rt":8697,"url":"../static/nodeGraphs.html","edge":"1to5","edgeRT":"6797","flipped":"TRUE","correct_edge":"1to5","index":"38","edgeClickLog":"[{\"edgeSelection\":\"1to5\",\"edgeRTMS\":6797}]","seed":" 22181670","task":"experiment","subjectId":"y8jqgzv3p59uokh","trial_type":"external-html","trial_index":30,"time_elapsed":600476,"internal_node_id":"0.0-9.0-0.22"},{"rt":20181,"url":"../static/nodeGraphs.html","edge":"0to2","edgeRT":"18681","flipped":"TRUE","correct_edge":"0to2","index":"31","edgeClickLog":"[{\"edgeSelection\":\"0to2\",\"edgeRTMS\":18681}]","seed":" 63833578","task":"experiment","subjectId":"y8jqgzv3p59uokh","trial_type":"external-html","trial_index":31,"time_elapsed":621372,"internal_node_id":"0.0-9.0-0.23"},{"rt":11321,"url":"../static/nodeGraphs.html","edge":"3to5","edgeRT":"8044","flipped":"FALSE","correct_edge":"3to5","index":"18","edgeClickLog":"[{\"edgeSelection\":\"3to5\",\"edgeRTMS\":8044}]","seed":" 22181670","task":"experiment","subjectId":"y8jqgzv3p59uokh","trial_type":"external-html","trial_index":32,"time_elapsed":633396,"internal_node_id":"0.0-9.0-0.24"},{"rt":20099,"url":"../static/nodeGraphs.html","edge":"0to3","edgeRT":"9630","flipped":"TRUE","correct_edge":"5to8","index":"23","edgeClickLog":"[{\"edgeSelection\":\"0to3\",\"edgeRTMS\":9630}]","seed":" 46003743","task":"experiment","subjectId":"y8jqgzv3p59uokh","trial_type":"external-html","trial_index":33,"time_elapsed":654196,"internal_node_id":"0.0-9.0-0.25"},{"rt":10847,"url":"../static/nodeGraphs.html","edge":"0to2","edgeRT":"6386","flipped":"FALSE","correct_edge":"0to2","index":"11","edgeClickLog":"[{\"edgeSelection\":\"0to2\",\"edgeRTMS\":6386}]","seed":" 63833578","task":"experiment","subjectId":"y8jqgzv3p59uokh","trial_type":"external-html","trial_index":34,"time_elapsed":665739,"internal_node_id":"0.0-9.0-0.26"},{"rt":38791,"url":"../static/nodeGraphs.html","edge":"3to6","edgeRT":"37598","flipped":"TRUE","correct_edge":"0to2","index":"34","edgeClickLog":"[{\"edgeSelection\":\"3to6\",\"edgeRTMS\":37598}]","seed":" 21083760","task":"experiment","subjectId":"y8jqgzv3p59uokh","trial_type":"external-html","trial_index":35,"time_elapsed":705228,"internal_node_id":"0.0-9.0-0.27"},{"rt":71845,"url":"../static/nodeGraphs.html","edge":"1to5","edgeRT":"70356","flipped":"TRUE","correct_edge":"5to7","index":"36","edgeClickLog":"[{\"edgeSelection\":\"1to5\",\"edgeRTMS\":70356}]","seed":" 5655743","task":"experiment","subjectId":"y8jqgzv3p59uokh","trial_type":"external-html","trial_index":36,"time_elapsed":777772,"internal_node_id":"0.0-9.0-0.28"},{"rt":14486,"url":"../static/nodeGraphs.html","edge":"0to2","edgeRT":"12976","flipped":"TRUE","correct_edge":"0to2","index":"37","edgeClickLog":"[{\"edgeSelection\":\"0to2\",\"edgeRTMS\":12976}]","seed":" 21211189","task":"experiment","subjectId":"y8jqgzv3p59uokh","trial_type":"external-html","trial_index":37,"time_elapsed":792947,"internal_node_id":"0.0-9.0-0.29"},{"rt":62380,"url":"../static/nodeGraphs.html","edge":"2to4","edgeRT":"61255","flipped":"FALSE","correct_edge":"0to2","index":"14","edgeClickLog":"[{\"edgeSelection\":\"2to4\",\"edgeRTMS\":61255}]","seed":" 21083760","task":"experiment","subjectId":"y8jqgzv3p59uokh","trial_type":"external-html","trial_index":38,"time_elapsed":856020,"internal_node_id":"0.0-9.0-0.30"},{"rt":10984,"url":"../static/nodeGraphs.html","edge":"0to3","edgeRT":"8695","flipped":"TRUE","correct_edge":"0to3","index":"39","edgeClickLog":"[{\"edgeSelection\":\"0to3\",\"edgeRTMS\":8695}]","seed":" 37422119","task":"experiment","subjectId":"y8jqgzv3p59uokh","trial_type":"external-html","trial_index":39,"time_elapsed":867708,"internal_node_id":"0.0-9.0-0.31"},{"rt":15606,"url":"../static/nodeGraphs.html","edge":"2to6","edgeRT":"8082","flipped":"TRUE","correct_edge":"2to6","index":"24","edgeClickLog":"[{\"edgeSelection\":\"2to6\",\"edgeRTMS\":8082}]","seed":" 36501291","task":"experiment","subjectId":"y8jqgzv3p59uokh","trial_type":"external-html","trial_index":40,"time_elapsed":884011,"internal_node_id":"0.0-9.0-0.32"},{"rt":34773,"url":"../static/nodeGraphs.html","edge":"0to1","edgeRT":"33422","flipped":"TRUE","correct_edge":"0to1","index":"29","edgeClickLog":"[{\"edgeSelection\":\"0to1\",\"edgeRTMS\":33422}]","seed":" 61187187","task":"experiment","subjectId":"y8jqgzv3p59uokh","trial_type":"external-html","trial_index":41,"time_elapsed":919492,"internal_node_id":"0.0-9.0-0.33"},{"rt":16311,"url":"../static/nodeGraphs.html","edge":"0to1","edgeRT":"13799","flipped":"FALSE","correct_edge":"0to2","index":"7","edgeClickLog":"[{\"edgeSelection\":\"0to1\",\"edgeRTMS\":13799}]","seed":" 85614324","task":"experiment","subjectId":"y8jqgzv3p59uokh","trial_type":"external-html","trial_index":42,"time_elapsed":936508,"internal_node_id":"0.0-9.0-0.34"},{"rt":73246,"url":"../static/nodeGraphs.html","edge":"0to1","edgeRT":"69841","flipped":"FALSE","correct_edge":"0to1","index":"0","edgeClickLog":"[{\"edgeSelection\":\"0to1\",\"edgeRTMS\":69841}]","seed":" 21745736","task":"experiment","subjectId":"y8jqgzv3p59uokh","trial_type":"external-html","trial_index":43,"time_elapsed":1010452,"internal_node_id":"0.0-9.0-0.35"},{"rt":18852,"url":"../static/nodeGraphs.html","edge":"0to3","edgeRT":"17923","flipped":"FALSE","correct_edge":"0to2","index":"13","edgeClickLog":"[{\"edgeSelection\":\"0to3\",\"edgeRTMS\":16497},{\"edgeSelection\":\"0to3\",\"edgeRTMS\":17923}]","seed":" 49587019","task":"experiment","subjectId":"y8jqgzv3p59uokh","trial_type":"external-html","trial_index":44,"time_elapsed":1030019,"internal_node_id":"0.0-9.0-0.36"},{"rt":7568,"url":"../static/nodeGraphs.html","edge":"4to8","edgeRT":"6429","flipped":"FALSE","correct_edge":"4to8","index":"1","edgeClickLog":"[{\"edgeSelection\":\"5to7\",\"edgeRTMS\":4124},{\"edgeSelection\":\"4to8\",\"edgeRTMS\":5194},{\"edgeSelection\":\"4to8\",\"edgeRTMS\":6429}]","seed":" 32816305","task":"experiment","subjectId":"y8jqgzv3p59uokh","trial_type":"external-html","trial_index":45,"time_elapsed":1038299,"internal_node_id":"0.0-9.0-0.37"},{"rt":7620,"url":"../static/nodeGraphs.html","edge":"0to3","edgeRT":"3200","flipped":"FALSE","correct_edge":"4to7","index":"6","edgeClickLog":"[{\"edgeSelection\":\"0to3\",\"edgeRTMS\":3200}]","seed":" 13523788","task":"experiment","subjectId":"y8jqgzv3p59uokh","trial_type":"external-html","trial_index":46,"time_elapsed":1046612,"internal_node_id":"0.0-9.0-0.38"},{"rt":6148,"url":"../static/nodeGraphs.html","edge":"0to2","edgeRT":"4800","flipped":"FALSE","correct_edge":"0to2","index":"8","edgeClickLog":"[{\"edgeSelection\":\"0to2\",\"edgeRTMS\":4800}]","seed":" 8396978","task":"experiment","subjectId":"y8jqgzv3p59uokh","trial_type":"external-html","trial_index":47,"time_elapsed":1053452,"internal_node_id":"0.0-9.0-0.39"},{"rt":55191,"response":{"P0_Q0":null,"P0_Q1":3,"P0_Q2":7,"P0_Q3":6,"P0_Q4":6,"P0_Q5":2,"strategies":"looked to see which paths had higher value daughter nodes","feedback":""},"accuracy":[],"trial_type":"survey","trial_index":48,"time_elapsed":1109182,"internal_node_id":"0.0-10.0"},{"rt":3747,"stimulus":"<p>Thanks for your time!</p>        <p>We need to manually calculate your bonus pay, please give us up to 7 days.</p><p>Press any key to conclude.</p>","response":"k","task":"end","subjectId":"y8jqgzv3p59uokh","trial_type":"html-keyboard-response","trial_index":49,"time_elapsed":1112931,"internal_node_id":"0.0-11.0","interactions":"[{\"event\":\"fullscreenenter\",\"trial\":1,\"time\":3762},{\"event\":\"blur\",\"trial\":15,\"time\":364003},{\"event\":\"focus\",\"trial\":15,\"time\":364003},{\"event\":\"fullscreenexit\",\"trial\":15,\"time\":364007}]"}]