[{"success":true,"timeout":false,"failed_images":[],"failed_audio":[],"failed_video":[],"trial_type":"preload","trial_index":0,"time_elapsed":312,"internal_node_id":"0.0-0.0"},{"success":true,"trial_type":"fullscreen","trial_index":1,"time_elapsed":10111,"internal_node_id":"0.0-1.0"},{"rt":3939,"stimulus":"Welcome to the experiment. Press any key to begin.","response":" ","trial_type":"html-keyboard-response","trial_index":2,"time_elapsed":14051,"internal_node_id":"0.0-2.0"},{"view_history":[{"page_index":0,"viewing_time":6467},{"page_index":1,"viewing_time":9042},{"page_index":2,"viewing_time":38978},{"page_index":3,"viewing_time":5454},{"page_index":4,"viewing_time":1082},{"page_index":5,"viewing_time":801},{"page_index":6,"viewing_time":2975},{"page_index":7,"viewing_time":36567},{"page_index":8,"viewing_time":27568},{"page_index":9,"viewing_time":18381},{"page_index":10,"viewing_time":1203},{"page_index":11,"viewing_time":446},{"page_index":12,"viewing_time":748},{"page_index":13,"viewing_time":2738},{"page_index":14,"viewing_time":5702},{"page_index":15,"viewing_time":9277},{"page_index":16,"viewing_time":1853},{"page_index":17,"viewing_time":1020},{"page_index":18,"viewing_time":3469},{"page_index":19,"viewing_time":2783},{"page_index":18,"viewing_time":513},{"page_index":17,"viewing_time":276},{"page_index":16,"viewing_time":219},{"page_index":15,"viewing_time":11093},{"page_index":16,"viewing_time":1632},{"page_index":17,"viewing_time":466},{"page_index":18,"viewing_time":371},{"page_index":19,"viewing_time":4396},{"page_index":20,"viewing_time":13159},{"page_index":21,"viewing_time":6098}],"rt":214777,"trial_type":"instructions","trial_index":3,"time_elapsed":228829,"internal_node_id":"0.0-3.0"},{"rt":74753,"url":"../static/nodeGraphsTraining.html","edgeClickLog":[],"trial_type":"external-html","trial_index":4,"time_elapsed":303641,"internal_node_id":"0.0-4.0"},{"rt":53905,"response":{"q1":"The goal is to help the student to get the most points","q2":"False","q3":"Possible paths the student can take.","q4":"Paths that the student took before."},"question_order":[0,1,2,3],"trial_type":"survey-multi-choice","trial_index":5,"time_elapsed":357548,"internal_node_id":"0.0-5.0"},{"rt":12576,"stimulus":"<p>You can take a 60 second break before starting the experiment.</p><br><br><p>This page will advance in 60 seconds or you can press any key to advance now.</p>","response":" ","trial_type":"html-keyboard-response","trial_index":6,"time_elapsed":370129,"internal_node_id":"0.0-7.0"},{"view_history":[{"page_index":0,"viewing_time":23883}],"rt":23883,"trial_type":"instructions","trial_index":7,"time_elapsed":394011,"internal_node_id":"0.0-8.0"},{"rt":57410,"url":"../static/nodeGraphs.html","edge":"1to4","edgeRT":"56378","flipped":"FALSE","correct_edge":"0to2","index":"8","edgeClickLog":"[{\"edgeSelection\":\"1to4\",\"edgeRTMS\":49751},{\"edgeSelection\":\"4to8\",\"edgeRTMS\":51261},{\"edgeSelection\":\"1to4\",\"edgeRTMS\":56378}]","seed":" 8396978","task":"experiment","subjectId":"zedp8t1yjb5g6g0","trial_type":"external-html","trial_index":8,"time_elapsed":451464,"internal_node_id":"0.0-9.0-0.0"},{"rt":22308,"url":"../static/nodeGraphs.html","edge":"0to2","edgeRT":"19799","flipped":"FALSE","correct_edge":"0to2","index":"13","edgeClickLog":"[{\"edgeSelection\":\"0to2\",\"edgeRTMS\":19799}]","seed":" 49587019","task":"experiment","subjectId":"zedp8t1yjb5g6g0","trial_type":"external-html","trial_index":9,"time_elapsed":474314,"internal_node_id":"0.0-9.0-0.1"},{"rt":17834,"url":"../static/nodeGraphs.html","edge":"0to1","edgeRT":"9661","flipped":"FALSE","correct_edge":"0to2","index":"14","edgeClickLog":"[{\"edgeSelection\":\"0to1\",\"edgeRTMS\":7976},{\"edgeSelection\":\"0to1\",\"edgeRTMS\":9661}]","seed":" 21083760","task":"experiment","subjectId":"zedp8t1yjb5g6g0","trial_type":"external-html","trial_index":10,"time_elapsed":492691,"internal_node_id":"0.0-9.0-0.2"},{"rt":11252,"url":"../static/nodeGraphs.html","edge":"0to3","edgeRT":"6762","flipped":"FALSE","correct_edge":"4to7","index":"6","edgeClickLog":"[{\"edgeSelection\":\"0to3\",\"edgeRTMS\":6762}]","seed":" 13523788","task":"experiment","subjectId":"zedp8t1yjb5g6g0","trial_type":"external-html","trial_index":11,"time_elapsed":504484,"internal_node_id":"0.0-9.0-0.3"},{"rt":9460,"url":"../static/nodeGraphs.html","edge":"0to1","edgeRT":"8462","flipped":"FALSE","correct_edge":"4to8","index":"1","edgeClickLog":"[{\"edgeSelection\":\"0to1\",\"edgeRTMS\":8462}]","seed":" 32816305","task":"experiment","subjectId":"zedp8t1yjb5g6g0","trial_type":"external-html","trial_index":12,"time_elapsed":514485,"internal_node_id":"0.0-9.0-0.4"},{"rt":19476,"url":"../static/nodeGraphs.html","edge":"3to6","edgeRT":"15449","flipped":"TRUE","correct_edge":"0to1","index":"29","edgeClickLog":"[{\"edgeSelection\":\"0to1\",\"edgeRTMS\":5600},{\"edgeSelection\":\"3to6\",\"edgeRTMS\":15449}]","seed":" 61187187","task":"experiment","subjectId":"zedp8t1yjb5g6g0","trial_type":"external-html","trial_index":13,"time_elapsed":534517,"internal_node_id":"0.0-9.0-0.5"},{"rt":10838,"url":"../static/nodeGraphs.html","edge":"0to2","edgeRT":"5421","flipped":"TRUE","correct_edge":"0to2","index":"31","edgeClickLog":"[{\"edgeSelection\":\"0to2\",\"edgeRTMS\":5421}]","seed":" 63833578","task":"experiment","subjectId":"zedp8t1yjb5g6g0","trial_type":"external-html","trial_index":14,"time_elapsed":545897,"internal_node_id":"0.0-9.0-0.6"},{"rt":9427,"url":"../static/nodeGraphs.html","edge":"0to1","edgeRT":"7458","flipped":"TRUE","correct_edge":"0to1","index":"32","edgeClickLog":"[{\"edgeSelection\":\"0to1\",\"edgeRTMS\":7458}]","seed":" 36895371","task":"experiment","subjectId":"zedp8t1yjb5g6g0","trial_type":"external-html","trial_index":15,"time_elapsed":555866,"internal_node_id":"0.0-9.0-0.7"},{"rt":13686,"url":"../static/nodeGraphs.html","edge":"0to1","edgeRT":"2668","flipped":"FALSE","correct_edge":"0to1","index":"19","edgeClickLog":"[{\"edgeSelection\":\"0to1\",\"edgeRTMS\":2668}]","seed":" 37422119","task":"experiment","subjectId":"zedp8t1yjb5g6g0","trial_type":"external-html","trial_index":16,"time_elapsed":570093,"internal_node_id":"0.0-9.0-0.8"},{"rt":20416,"url":"../static/nodeGraphs.html","edge":"6to8","edgeRT":"17692","flipped":"TRUE","correct_edge":"6to8","index":"21","edgeClickLog":"[{\"edgeSelection\":\"6to8\",\"edgeRTMS\":16818},{\"edgeSelection\":\"6to8\",\"edgeRTMS\":17692}]","seed":" 32816305","task":"experiment","subjectId":"zedp8t1yjb5g6g0","trial_type":"external-html","trial_index":17,"time_elapsed":591055,"internal_node_id":"0.0-9.0-0.9"},{"rt":8484,"url":"../static/nodeGraphs.html","edge":"0to1","edgeRT":"3978","flipped":"TRUE","correct_edge":"0to3","index":"20","edgeClickLog":"[{\"edgeSelection\":\"0to1\",\"edgeRTMS\":3978}]","seed":" 21745736","task":"experiment","subjectId":"zedp8t1yjb5g6g0","trial_type":"external-html","trial_index":18,"time_elapsed":600080,"internal_node_id":"0.0-9.0-0.10"},{"rt":21147,"url":"../static/nodeGraphs.html","edge":"1to5","edgeRT":"8038","flipped":"TRUE","correct_edge":"5to7","index":"36","edgeClickLog":"[{\"edgeSelection\":\"1to5\",\"edgeRTMS\":8038}]","seed":" 5655743","task":"experiment","subjectId":"zedp8t1yjb5g6g0","trial_type":"external-html","trial_index":19,"time_elapsed":621770,"internal_node_id":"0.0-9.0-0.11"},{"rt":6453,"url":"../static/nodeGraphs.html","edge":"0to1","edgeRT":"4867","flipped":"TRUE","correct_edge":"2to4","index":"35","edgeClickLog":"[{\"edgeSelection\":\"0to1\",\"edgeRTMS\":4867}]","seed":" 53220770","task":"experiment","subjectId":"zedp8t1yjb5g6g0","trial_type":"external-html","trial_index":20,"time_elapsed":628764,"internal_node_id":"0.0-9.0-0.12"},{"rt":6116,"url":"../static/nodeGraphs.html","edge":"0to1","edgeRT":"5127","flipped":"FALSE","correct_edge":"0to1","index":"0","edgeClickLog":"[{\"edgeSelection\":\"0to1\",\"edgeRTMS\":5127}]","seed":" 21745736","task":"experiment","subjectId":"zedp8t1yjb5g6g0","trial_type":"external-html","trial_index":21,"time_elapsed":635422,"internal_node_id":"0.0-9.0-0.13"},{"rt":10889,"url":"../static/nodeGraphs.html","edge":"3to5","edgeRT":"9357","flipped":"TRUE","correct_edge":"0to2","index":"37","edgeClickLog":"[{\"edgeSelection\":\"3to5\",\"edgeRTMS\":9357}]","seed":" 21211189","task":"experiment","subjectId":"zedp8t1yjb5g6g0","trial_type":"external-html","trial_index":22,"time_elapsed":646854,"internal_node_id":"0.0-9.0-0.14"},{"rt":3454,"url":"../static/nodeGraphs.html","edge":"0to3","edgeRT":"1895","flipped":"FALSE","correct_edge":"2to6","index":"15","edgeClickLog":"[{\"edgeSelection\":\"0to3\",\"edgeRTMS\":1895}]","seed":" 53220770","task":"experiment","subjectId":"zedp8t1yjb5g6g0","trial_type":"external-html","trial_index":23,"time_elapsed":650851,"internal_node_id":"0.0-9.0-0.15"},{"rt":14544,"url":"../static/nodeGraphs.html","edge":"0to1","edgeRT":"11135","flipped":"FALSE","correct_edge":"0to2","index":"10","edgeClickLog":"[{\"edgeSelection\":\"0to1\",\"edgeRTMS\":11135}]","seed":" 39688702","task":"experiment","subjectId":"zedp8t1yjb5g6g0","trial_type":"external-html","trial_index":24,"time_elapsed":665936,"internal_node_id":"0.0-9.0-0.16"},{"rt":24555,"url":"../static/nodeGraphs.html","edge":"2to4","edgeRT":"23235","flipped":"TRUE","correct_edge":"0to2","index":"33","edgeClickLog":"[{\"edgeSelection\":\"2to4\",\"edgeRTMS\":23235}]","seed":" 49587019","task":"experiment","subjectId":"zedp8t1yjb5g6g0","trial_type":"external-html","trial_index":25,"time_elapsed":691033,"internal_node_id":"0.0-9.0-0.17"},{"rt":8844,"url":"../static/nodeGraphs.html","edge":"5to8","edgeRT":"5586","flipped":"FALSE","correct_edge":"5to8","index":"3","edgeClickLog":"[{\"edgeSelection\":\"0to1\",\"edgeRTMS\":1577},{\"edgeSelection\":\"5to8\",\"edgeRTMS\":5586}]","seed":" 46003743","task":"experiment","subjectId":"zedp8t1yjb5g6g0","trial_type":"external-html","trial_index":26,"time_elapsed":700418,"internal_node_id":"0.0-9.0-0.18"},{"rt":8605,"url":"../static/nodeGraphs.html","edge":"5to8","edgeRT":"4097","flipped":"TRUE","correct_edge":"5to8","index":"23","edgeClickLog":"[{\"edgeSelection\":\"5to8\",\"edgeRTMS\":4097}]","seed":" 46003743","task":"experiment","subjectId":"zedp8t1yjb5g6g0","trial_type":"external-html","trial_index":27,"time_elapsed":709565,"internal_node_id":"0.0-9.0-0.19"},{"rt":9367,"url":"../static/nodeGraphs.html","edge":"0to3","edgeRT":"8398","flipped":"FALSE","correct_edge":"0to3","index":"12","edgeClickLog":"[{\"edgeSelection\":\"0to3\",\"edgeRTMS\":8398}]","seed":" 36895371","task":"experiment","subjectId":"zedp8t1yjb5g6g0","trial_type":"external-html","trial_index":28,"time_elapsed":719474,"internal_node_id":"0.0-9.0-0.20"},{"rt":6652,"url":"../static/nodeGraphs.html","edge":"0to3","edgeRT":"2398","flipped":"FALSE","correct_edge":"0to3","index":"9","edgeClickLog":"[{\"edgeSelection\":\"0to3\",\"edgeRTMS\":2398}]","seed":" 61187187","task":"experiment","subjectId":"zedp8t1yjb5g6g0","trial_type":"external-html","trial_index":29,"time_elapsed":726668,"internal_node_id":"0.0-9.0-0.21"},{"rt":16447,"url":"../static/nodeGraphs.html","edge":"3to5","edgeRT":"9294","flipped":"FALSE","correct_edge":"3to5","index":"18","edgeClickLog":"[{\"edgeSelection\":\"0to2\",\"edgeRTMS\":3286},{\"edgeSelection\":\"3to5\",\"edgeRTMS\":9294}]","seed":" 22181670","task":"experiment","subjectId":"zedp8t1yjb5g6g0","trial_type":"external-html","trial_index":30,"time_elapsed":743657,"internal_node_id":"0.0-9.0-0.22"},{"rt":5816,"url":"../static/nodeGraphs.html","edge":"3to6","edgeRT":"3435","flipped":"TRUE","correct_edge":"3to6","index":"22","edgeClickLog":"[{\"edgeSelection\":\"3to6\",\"edgeRTMS\":3435}]","seed":" 22809663","task":"experiment","subjectId":"zedp8t1yjb5g6g0","trial_type":"external-html","trial_index":31,"time_elapsed":750015,"internal_node_id":"0.0-9.0-0.23"},{"rt":6743,"url":"../static/nodeGraphs.html","edge":"1to5","edgeRT":"3527","flipped":"TRUE","correct_edge":"1to5","index":"38","edgeClickLog":"[{\"edgeSelection\":\"1to5\",\"edgeRTMS\":3527}]","seed":" 22181670","task":"experiment","subjectId":"zedp8t1yjb5g6g0","trial_type":"external-html","trial_index":32,"time_elapsed":757302,"internal_node_id":"0.0-9.0-0.24"},{"rt":3225,"url":"../static/nodeGraphs.html","edge":"1to4","edgeRT":"2529","flipped":"FALSE","correct_edge":"1to4","index":"2","edgeClickLog":"[{\"edgeSelection\":\"1to4\",\"edgeRTMS\":2529}]","seed":" 22809663","task":"experiment","subjectId":"zedp8t1yjb5g6g0","trial_type":"external-html","trial_index":33,"time_elapsed":761068,"internal_node_id":"0.0-9.0-0.25"},{"rt":6024,"url":"../static/nodeGraphs.html","edge":"2to4","edgeRT":"3819","flipped":"FALSE","correct_edge":"2to4","index":"4","edgeClickLog":"[{\"edgeSelection\":\"2to4\",\"edgeRTMS\":3819}]","seed":" 36501291","task":"experiment","subjectId":"zedp8t1yjb5g6g0","trial_type":"external-html","trial_index":34,"time_elapsed":767634,"internal_node_id":"0.0-9.0-0.26"},{"rt":3487,"url":"../static/nodeGraphs.html","edge":"2to6","edgeRT":"2072","flipped":"TRUE","correct_edge":"2to6","index":"24","edgeClickLog":"[{\"edgeSelection\":\"2to6\",\"edgeRTMS\":2072}]","seed":" 36501291","task":"experiment","subjectId":"zedp8t1yjb5g6g0","trial_type":"external-html","trial_index":35,"time_elapsed":771663,"internal_node_id":"0.0-9.0-0.27"},{"rt":7934,"url":"../static/nodeGraphs.html","edge":"3to5","edgeRT":"6647","flipped":"FALSE","correct_edge":"5to9","index":"16","edgeClickLog":"[{\"edgeSelection\":\"3to5\",\"edgeRTMS\":6647}]","seed":" 5655743","task":"experiment","subjectId":"zedp8t1yjb5g6g0","trial_type":"external-html","trial_index":36,"time_elapsed":780140,"internal_node_id":"0.0-9.0-0.28"},{"rt":6125,"url":"../static/nodeGraphs.html","edge":"3to6","edgeRT":"4337","flipped":"TRUE","correct_edge":"0to2","index":"28","edgeClickLog":"[{\"edgeSelection\":\"3to6\",\"edgeRTMS\":4337}]","seed":" 8396978","task":"experiment","subjectId":"zedp8t1yjb5g6g0","trial_type":"external-html","trial_index":37,"time_elapsed":786806,"internal_node_id":"0.0-9.0-0.29"},{"rt":9500,"url":"../static/nodeGraphs.html","edge":"2to4","edgeRT":"6771","flipped":"FALSE","correct_edge":"2to4","index":"5","edgeClickLog":"[{\"edgeSelection\":\"2to4\",\"edgeRTMS\":6771}]","seed":" 10409262","task":"experiment","subjectId":"zedp8t1yjb5g6g0","trial_type":"external-html","trial_index":38,"time_elapsed":796847,"internal_node_id":"0.0-9.0-0.30"},{"rt":8722,"url":"../static/nodeGraphs.html","edge":"5to9","edgeRT":"3731","flipped":"TRUE","correct_edge":"0to3","index":"39","edgeClickLog":"[{\"edgeSelection\":\"5to9\",\"edgeRTMS\":3731}]","seed":" 37422119","task":"experiment","subjectId":"zedp8t1yjb5g6g0","trial_type":"external-html","trial_index":39,"time_elapsed":806111,"internal_node_id":"0.0-9.0-0.31"},{"rt":17054,"url":"../static/nodeGraphs.html","edge":"0to3","edgeRT":"16054","flipped":"TRUE","correct_edge":"0to2","index":"30","edgeClickLog":"[{\"edgeSelection\":\"0to3\",\"edgeRTMS\":16054}]","seed":" 39688702","task":"experiment","subjectId":"zedp8t1yjb5g6g0","trial_type":"external-html","trial_index":40,"time_elapsed":823706,"internal_node_id":"0.0-9.0-0.32"},{"rt":6349,"url":"../static/nodeGraphs.html","edge":"2to6","edgeRT":"4347","flipped":"TRUE","correct_edge":"2to6","index":"25","edgeClickLog":"[{\"edgeSelection\":\"2to6\",\"edgeRTMS\":4347}]","seed":" 10409262","task":"experiment","subjectId":"zedp8t1yjb5g6g0","trial_type":"external-html","trial_index":41,"time_elapsed":830596,"internal_node_id":"0.0-9.0-0.33"},{"rt":7361,"url":"../static/nodeGraphs.html","edge":"0to2","edgeRT":"6058","flipped":"FALSE","correct_edge":"0to2","index":"11","edgeClickLog":"[{\"edgeSelection\":\"0to2\",\"edgeRTMS\":6058}]","seed":" 63833578","task":"experiment","subjectId":"zedp8t1yjb5g6g0","trial_type":"external-html","trial_index":42,"time_elapsed":838497,"internal_node_id":"0.0-9.0-0.34"},{"rt":11820,"url":"../static/nodeGraphs.html","edge":"0to2","edgeRT":"6031","flipped":"FALSE","correct_edge":"0to2","index":"7","edgeClickLog":"[{\"edgeSelection\":\"0to2\",\"edgeRTMS\":6031}]","seed":" 85614324","task":"experiment","subjectId":"zedp8t1yjb5g6g0","trial_type":"external-html","trial_index":43,"time_elapsed":850859,"internal_node_id":"0.0-9.0-0.35"},{"rt":3398,"url":"../static/nodeGraphs.html","edge":"1to5","edgeRT":"2283","flipped":"FALSE","correct_edge":"0to2","index":"17","edgeClickLog":"[{\"edgeSelection\":\"1to5\",\"edgeRTMS\":2283}]","seed":" 21211189","task":"experiment","subjectId":"zedp8t1yjb5g6g0","trial_type":"external-html","trial_index":44,"time_elapsed":854799,"internal_node_id":"0.0-9.0-0.36"},{"rt":7447,"url":"../static/nodeGraphs.html","edge":"0to2","edgeRT":"1646","flipped":"TRUE","correct_edge":"0to2","index":"27","edgeClickLog":"[{\"edgeSelection\":\"0to2\",\"edgeRTMS\":1646}]","seed":" 85614324","task":"experiment","subjectId":"zedp8t1yjb5g6g0","trial_type":"external-html","trial_index":45,"time_elapsed":862795,"internal_node_id":"0.0-9.0-0.37"},{"rt":9103,"url":"../static/nodeGraphs.html","edge":"0to1","edgeRT":"8034","flipped":"TRUE","correct_edge":"6to9","index":"26","edgeClickLog":"[{\"edgeSelection\":\"0to2\",\"edgeRTMS\":5815},{\"edgeSelection\":\"0to1\",\"edgeRTMS\":8034}]","seed":" 13523788","task":"experiment","subjectId":"zedp8t1yjb5g6g0","trial_type":"external-html","trial_index":46,"time_elapsed":872440,"internal_node_id":"0.0-9.0-0.38"},{"rt":19794,"url":"../static/nodeGraphs.html","edge":"0to3","edgeRT":"11234","flipped":"TRUE","correct_edge":"0to2","index":"34","edgeClickLog":"[{\"edgeSelection\":\"0to3\",\"edgeRTMS\":11234}]","seed":" 21083760","task":"experiment","subjectId":"zedp8t1yjb5g6g0","trial_type":"external-html","trial_index":47,"time_elapsed":892777,"internal_node_id":"0.0-9.0-0.39"},{"rt":92932,"response":{"P0_Q0":null,"P0_Q1":2,"P0_Q2":4,"P0_Q3":6,"P0_Q4":2,"P0_Q5":1,"strategies":"I went for the highest points near to the student path","feedback":""},"accuracy":[],"trial_type":"survey","trial_index":48,"time_elapsed":986266,"internal_node_id":"0.0-10.0"},{"rt":5592,"stimulus":"<p>Thanks for your time!</p>        <p>We need to manually calculate your bonus pay, please give us up to 7 days.</p><p>Press any key to conclude.</p>","response":" ","task":"end","subjectId":"zedp8t1yjb5g6g0","trial_type":"html-keyboard-response","trial_index":49,"time_elapsed":991859,"internal_node_id":"0.0-11.0","interactions":"[{\"event\":\"blur\",\"trial\":1,\"time\":3945},{\"event\":\"focus\",\"trial\":1,\"time\":6460},{\"event\":\"fullscreenenter\",\"trial\":1,\"time\":9121}]"}]