[{"success":true,"timeout":false,"failed_images":[],"failed_audio":[],"failed_video":[],"trial_type":"preload","trial_index":0,"time_elapsed":1391,"internal_node_id":"0.0-0.0"},{"success":true,"trial_type":"fullscreen","trial_index":1,"time_elapsed":7015,"internal_node_id":"0.0-1.0"},{"rt":6033,"stimulus":"Welcome to the experiment. Press any key to begin.","response":" ","trial_type":"html-keyboard-response","trial_index":2,"time_elapsed":13056,"internal_node_id":"0.0-2.0"},{"view_history":[{"page_index":0,"viewing_time":28931},{"page_index":1,"viewing_time":10577},{"page_index":2,"viewing_time":75114},{"page_index":3,"viewing_time":11125},{"page_index":4,"viewing_time":14520},{"page_index":5,"viewing_time":3545},{"page_index":6,"viewing_time":5289},{"page_index":7,"viewing_time":21569},{"page_index":8,"viewing_time":73425},{"page_index":9,"viewing_time":44539},{"page_index":10,"viewing_time":1897},{"page_index":11,"viewing_time":1597},{"page_index":12,"viewing_time":2041},{"page_index":13,"viewing_time":2963},{"page_index":14,"viewing_time":9164},{"page_index":15,"viewing_time":13555},{"page_index":16,"viewing_time":2069},{"page_index":17,"viewing_time":1729},{"page_index":18,"viewing_time":1666},{"page_index":19,"viewing_time":5566},{"page_index":20,"viewing_time":11313},{"page_index":21,"viewing_time":11568}],"rt":353762,"trial_type":"instructions","trial_index":3,"time_elapsed":366822,"internal_node_id":"0.0-3.0"},{"rt":185421,"url":"../static/nodeGraphsTraining.html","edgeClickLog":[],"trial_type":"external-html","trial_index":4,"time_elapsed":552579,"internal_node_id":"0.0-4.0"},{"rt":63576,"response":{"q1":"The goal is to help the student to get the most points","q2":"False","q3":"Possible paths the student can take.","q4":"Paths that the student took before."},"question_order":[0,1,2,3],"trial_type":"survey-multi-choice","trial_index":5,"time_elapsed":616171,"internal_node_id":"0.0-5.0"},{"rt":7983,"stimulus":"<p>You can take a 60 second break before starting the experiment.</p><br><br><p>This page will advance in 60 seconds or you can press any key to advance now.</p>","response":" ","trial_type":"html-keyboard-response","trial_index":6,"time_elapsed":624167,"internal_node_id":"0.0-7.0"},{"view_history":[{"page_index":0,"viewing_time":29677}],"rt":29678,"trial_type":"instructions","trial_index":7,"time_elapsed":653848,"internal_node_id":"0.0-8.0"},{"rt":24523,"url":"../static/nodeGraphs.html","edge":"4to7","edgeRT":"20343","flipped":"TRUE","correct_edge":"2to4","index":"35","edgeClickLog":"[{\"edgeSelection\":\"0to1\",\"edgeRTMS\":17202},{\"edgeSelection\":\"1to4\",\"edgeRTMS\":18527},{\"edgeSelection\":\"4to7\",\"edgeRTMS\":20343}]","seed":" 53220770","task":"experiment","subjectId":"to1s6b4mrxe3md1","trial_type":"external-html","trial_index":8,"time_elapsed":678576,"internal_node_id":"0.0-9.0-0.0"},{"rt":33264,"url":"../static/nodeGraphs.html","edge":"6to8","edgeRT":"26092","flipped":"TRUE","correct_edge":"6to8","index":"21","edgeClickLog":"[{\"edgeSelection\":\"0to3\",\"edgeRTMS\":14136},{\"edgeSelection\":\"3to6\",\"edgeRTMS\":17638},{\"edgeSelection\":\"6to8\",\"edgeRTMS\":26092}]","seed":" 32816305","task":"experiment","subjectId":"to1s6b4mrxe3md1","trial_type":"external-html","trial_index":9,"time_elapsed":712558,"internal_node_id":"0.0-9.0-0.1"},{"rt":25155,"url":"../static/nodeGraphs.html","edge":"6to8","edgeRT":"19582","flipped":"TRUE","correct_edge":"0to2","index":"30","edgeClickLog":"[{\"edgeSelection\":\"0to3\",\"edgeRTMS\":13908},{\"edgeSelection\":\"3to6\",\"edgeRTMS\":15849},{\"edgeSelection\":\"6to8\",\"edgeRTMS\":19582}]","seed":" 39688702","task":"experiment","subjectId":"to1s6b4mrxe3md1","trial_type":"external-html","trial_index":10,"time_elapsed":738433,"internal_node_id":"0.0-9.0-0.2"},{"rt":29353,"url":"../static/nodeGraphs.html","edge":"4to8","edgeRT":"25586","flipped":"FALSE","correct_edge":"4to8","index":"1","edgeClickLog":"[{\"edgeSelection\":\"0to1\",\"edgeRTMS\":21561},{\"edgeSelection\":\"1to4\",\"edgeRTMS\":23676},{\"edgeSelection\":\"4to8\",\"edgeRTMS\":25586}]","seed":" 32816305","task":"experiment","subjectId":"to1s6b4mrxe3md1","trial_type":"external-html","trial_index":11,"time_elapsed":768492,"internal_node_id":"0.0-9.0-0.3"},{"rt":19011,"url":"../static/nodeGraphs.html","edge":"5to8","edgeRT":"14288","flipped":"FALSE","correct_edge":"0to2","index":"17","edgeClickLog":"[{\"edgeSelection\":\"0to2\",\"edgeRTMS\":10637},{\"edgeSelection\":\"2to5\",\"edgeRTMS\":12339},{\"edgeSelection\":\"5to8\",\"edgeRTMS\":14288}]","seed":" 21211189","task":"experiment","subjectId":"to1s6b4mrxe3md1","trial_type":"external-html","trial_index":12,"time_elapsed":788208,"internal_node_id":"0.0-9.0-0.4"},{"rt":15167,"url":"../static/nodeGraphs.html","edge":"6to9","edgeRT":"11623","flipped":"FALSE","correct_edge":"2to6","index":"15","edgeClickLog":"[{\"edgeSelection\":\"0to3\",\"edgeRTMS\":8363},{\"edgeSelection\":\"3to6\",\"edgeRTMS\":9879},{\"edgeSelection\":\"6to9\",\"edgeRTMS\":11623}]","seed":" 53220770","task":"experiment","subjectId":"to1s6b4mrxe3md1","trial_type":"external-html","trial_index":13,"time_elapsed":804081,"internal_node_id":"0.0-9.0-0.5"},{"rt":36397,"url":"../static/nodeGraphs.html","edge":"6to9","edgeRT":"33089","flipped":"TRUE","correct_edge":"0to2","index":"34","edgeClickLog":"[{\"edgeSelection\":\"0to3\",\"edgeRTMS\":13808},{\"edgeSelection\":\"3to6\",\"edgeRTMS\":21051},{\"edgeSelection\":\"6to9\",\"edgeRTMS\":33089}]","seed":" 21083760","task":"experiment","subjectId":"to1s6b4mrxe3md1","trial_type":"external-html","trial_index":14,"time_elapsed":841190,"internal_node_id":"0.0-9.0-0.6"},{"rt":32915,"url":"../static/nodeGraphs.html","edge":"5to9","edgeRT":"29001","flipped":"FALSE","correct_edge":"5to9","index":"16","edgeClickLog":"[{\"edgeSelection\":\"0to1\",\"edgeRTMS\":18271},{\"edgeSelection\":\"2to4\",\"edgeRTMS\":20007},{\"edgeSelection\":\"0to1\",\"edgeRTMS\":25170},{\"edgeSelection\":\"1to5\",\"edgeRTMS\":26875},{\"edgeSelection\":\"5to9\",\"edgeRTMS\":29001}]","seed":" 5655743","task":"experiment","subjectId":"to1s6b4mrxe3md1","trial_type":"external-html","trial_index":15,"time_elapsed":874804,"internal_node_id":"0.0-9.0-0.7"},{"rt":14001,"url":"../static/nodeGraphs.html","edge":"5to8","edgeRT":"10644","flipped":"TRUE","correct_edge":"0to2","index":"37","edgeClickLog":"[{\"edgeSelection\":\"0to2\",\"edgeRTMS\":7169},{\"edgeSelection\":\"2to5\",\"edgeRTMS\":8891},{\"edgeSelection\":\"5to8\",\"edgeRTMS\":10644}]","seed":" 21211189","task":"experiment","subjectId":"to1s6b4mrxe3md1","trial_type":"external-html","trial_index":16,"time_elapsed":889578,"internal_node_id":"0.0-9.0-0.8"},{"rt":26618,"url":"../static/nodeGraphs.html","edge":"4to7","edgeRT":"22779","flipped":"FALSE","correct_edge":"2to4","index":"4","edgeClickLog":"[{\"edgeSelection\":\"0to2\",\"edgeRTMS\":16028},{\"edgeSelection\":\"2to4\",\"edgeRTMS\":20844},{\"edgeSelection\":\"4to7\",\"edgeRTMS\":22779}]","seed":" 36501291","task":"experiment","subjectId":"to1s6b4mrxe3md1","trial_type":"external-html","trial_index":17,"time_elapsed":916902,"internal_node_id":"0.0-9.0-0.9"},{"rt":23918,"url":"../static/nodeGraphs.html","edge":"4to8","edgeRT":"20989","flipped":"FALSE","correct_edge":"0to2","index":"10","edgeClickLog":"[{\"edgeSelection\":\"0to1\",\"edgeRTMS\":9107},{\"edgeSelection\":\"1to4\",\"edgeRTMS\":10841},{\"edgeSelection\":\"4to7\",\"edgeRTMS\":12577},{\"edgeSelection\":\"0to1\",\"edgeRTMS\":16867},{\"edgeSelection\":\"1to4\",\"edgeRTMS\":18814},{\"edgeSelection\":\"4to8\",\"edgeRTMS\":20989}]","seed":" 39688702","task":"experiment","subjectId":"to1s6b4mrxe3md1","trial_type":"external-html","trial_index":18,"time_elapsed":941534,"internal_node_id":"0.0-9.0-0.10"},{"rt":23539,"url":"../static/nodeGraphs.html","edge":"4to7","edgeRT":"19285","flipped":"FALSE","correct_edge":"0to1","index":"0","edgeClickLog":"[{\"edgeSelection\":\"0to1\",\"edgeRTMS\":15979},{\"edgeSelection\":\"1to4\",\"edgeRTMS\":17755},{\"edgeSelection\":\"4to7\",\"edgeRTMS\":19285}]","seed":" 21745736","task":"experiment","subjectId":"to1s6b4mrxe3md1","trial_type":"external-html","trial_index":19,"time_elapsed":965789,"internal_node_id":"0.0-9.0-0.11"},{"rt":24692,"url":"../static/nodeGraphs.html","edge":"4to7","edgeRT":"20971","flipped":"TRUE","correct_edge":"0to1","index":"32","edgeClickLog":"[{\"edgeSelection\":\"0to1\",\"edgeRTMS\":11295},{\"edgeSelection\":\"1to4\",\"edgeRTMS\":19351},{\"edgeSelection\":\"4to7\",\"edgeRTMS\":20971}]","seed":" 36895371","task":"experiment","subjectId":"to1s6b4mrxe3md1","trial_type":"external-html","trial_index":20,"time_elapsed":991197,"internal_node_id":"0.0-9.0-0.12"},{"rt":15901,"url":"../static/nodeGraphs.html","edge":"4to7","edgeRT":"12592","flipped":"FALSE","correct_edge":"0to1","index":"19","edgeClickLog":"[{\"edgeSelection\":\"0to1\",\"edgeRTMS\":8485},{\"edgeSelection\":\"1to4\",\"edgeRTMS\":9939},{\"edgeSelection\":\"4to7\",\"edgeRTMS\":12592}]","seed":" 37422119","task":"experiment","subjectId":"to1s6b4mrxe3md1","trial_type":"external-html","trial_index":21,"time_elapsed":1007815,"internal_node_id":"0.0-9.0-0.13"},{"rt":26080,"url":"../static/nodeGraphs.html","edge":"4to7","edgeRT":"19430","flipped":"FALSE","correct_edge":"2to4","index":"5","edgeClickLog":"[{\"edgeSelection\":\"0to2\",\"edgeRTMS\":15743},{\"edgeSelection\":\"2to4\",\"edgeRTMS\":17749},{\"edgeSelection\":\"4to7\",\"edgeRTMS\":19430}]","seed":" 10409262","task":"experiment","subjectId":"to1s6b4mrxe3md1","trial_type":"external-html","trial_index":22,"time_elapsed":1034606,"internal_node_id":"0.0-9.0-0.14"},{"rt":15686,"url":"../static/nodeGraphs.html","edge":"6to8","edgeRT":"12773","flipped":"FALSE","correct_edge":"0to3","index":"9","edgeClickLog":"[{\"edgeSelection\":\"0to3\",\"edgeRTMS\":8869},{\"edgeSelection\":\"3to6\",\"edgeRTMS\":10970},{\"edgeSelection\":\"6to8\",\"edgeRTMS\":12773}]","seed":" 61187187","task":"experiment","subjectId":"to1s6b4mrxe3md1","trial_type":"external-html","trial_index":23,"time_elapsed":1051007,"internal_node_id":"0.0-9.0-0.15"},{"rt":16694,"url":"../static/nodeGraphs.html","edge":"6to9","edgeRT":"13702","flipped":"FALSE","correct_edge":"0to2","index":"13","edgeClickLog":"[{\"edgeSelection\":\"0to2\",\"edgeRTMS\":9168},{\"edgeSelection\":\"2to6\",\"edgeRTMS\":11340},{\"edgeSelection\":\"6to9\",\"edgeRTMS\":13702}]","seed":" 49587019","task":"experiment","subjectId":"to1s6b4mrxe3md1","trial_type":"external-html","trial_index":24,"time_elapsed":1068418,"internal_node_id":"0.0-9.0-0.16"},{"rt":14607,"url":"../static/nodeGraphs.html","edge":"6to9","edgeRT":"11200","flipped":"TRUE","correct_edge":"0to3","index":"20","edgeClickLog":"[{\"edgeSelection\":\"0to3\",\"edgeRTMS\":7275},{\"edgeSelection\":\"3to6\",\"edgeRTMS\":9739},{\"edgeSelection\":\"6to9\",\"edgeRTMS\":11200}]","seed":" 21745736","task":"experiment","subjectId":"to1s6b4mrxe3md1","trial_type":"external-html","trial_index":25,"time_elapsed":1083744,"internal_node_id":"0.0-9.0-0.17"},{"rt":17163,"url":"../static/nodeGraphs.html","edge":"5to8","edgeRT":"13201","flipped":"TRUE","correct_edge":"0to2","index":"27","edgeClickLog":"[{\"edgeSelection\":\"0to2\",\"edgeRTMS\":10252},{\"edgeSelection\":\"2to5\",\"edgeRTMS\":11856},{\"edgeSelection\":\"5to8\",\"edgeRTMS\":13201}]","seed":" 85614324","task":"experiment","subjectId":"to1s6b4mrxe3md1","trial_type":"external-html","trial_index":26,"time_elapsed":1101633,"internal_node_id":"0.0-9.0-0.18"},{"rt":30566,"url":"../static/nodeGraphs.html","edge":"5to9","edgeRT":"26911","flipped":"TRUE","correct_edge":"6to9","index":"26","edgeClickLog":"[{\"edgeSelection\":\"0to1\",\"edgeRTMS\":23544},{\"edgeSelection\":\"1to5\",\"edgeRTMS\":25331},{\"edgeSelection\":\"5to9\",\"edgeRTMS\":26911}]","seed":" 13523788","task":"experiment","subjectId":"to1s6b4mrxe3md1","trial_type":"external-html","trial_index":27,"time_elapsed":1132914,"internal_node_id":"0.0-9.0-0.19"},{"rt":14268,"url":"../static/nodeGraphs.html","edge":"5to8","edgeRT":"10946","flipped":"FALSE","correct_edge":"3to5","index":"18","edgeClickLog":"[{\"edgeSelection\":\"0to2\",\"edgeRTMS\":7630},{\"edgeSelection\":\"2to5\",\"edgeRTMS\":9055},{\"edgeSelection\":\"5to8\",\"edgeRTMS\":10946}]","seed":" 22181670","task":"experiment","subjectId":"to1s6b4mrxe3md1","trial_type":"external-html","trial_index":28,"time_elapsed":1147885,"internal_node_id":"0.0-9.0-0.20"},{"rt":16364,"url":"../static/nodeGraphs.html","edge":"6to9","edgeRT":"12625","flipped":"TRUE","correct_edge":"0to2","index":"31","edgeClickLog":"[{\"edgeSelection\":\"0to2\",\"edgeRTMS\":9257},{\"edgeSelection\":\"2to6\",\"edgeRTMS\":10874},{\"edgeSelection\":\"6to9\",\"edgeRTMS\":12625}]","seed":" 63833578","task":"experiment","subjectId":"to1s6b4mrxe3md1","trial_type":"external-html","trial_index":29,"time_elapsed":1164955,"internal_node_id":"0.0-9.0-0.21"},{"rt":29124,"url":"../static/nodeGraphs.html","edge":"4to7","edgeRT":"14302","flipped":"FALSE","correct_edge":"0to2","index":"14","edgeClickLog":"[{\"edgeSelection\":\"0to2\",\"edgeRTMS\":9654},{\"edgeSelection\":\"2to4\",\"edgeRTMS\":12344},{\"edgeSelection\":\"4to7\",\"edgeRTMS\":14302}]","seed":" 21083760","task":"experiment","subjectId":"to1s6b4mrxe3md1","trial_type":"external-html","trial_index":30,"time_elapsed":1194778,"internal_node_id":"0.0-9.0-0.22"},{"rt":19552,"url":"../static/nodeGraphs.html","edge":"5to7","edgeRT":"15275","flipped":"FALSE","correct_edge":"4to7","index":"6","edgeClickLog":"[{\"edgeSelection\":\"0to3\",\"edgeRTMS\":12000},{\"edgeSelection\":\"3to5\",\"edgeRTMS\":13722},{\"edgeSelection\":\"5to7\",\"edgeRTMS\":15275}]","seed":" 13523788","task":"experiment","subjectId":"to1s6b4mrxe3md1","trial_type":"external-html","trial_index":31,"time_elapsed":1215031,"internal_node_id":"0.0-9.0-0.23"},{"rt":31387,"url":"../static/nodeGraphs.html","edge":"6to9","edgeRT":"25740","flipped":"TRUE","correct_edge":"2to6","index":"24","edgeClickLog":"[{\"edgeSelection\":\"0to2\",\"edgeRTMS\":18063},{\"edgeSelection\":\"2to6\",\"edgeRTMS\":20239},{\"edgeSelection\":\"6to9\",\"edgeRTMS\":25740}]","seed":" 36501291","task":"experiment","subjectId":"to1s6b4mrxe3md1","trial_type":"external-html","trial_index":32,"time_elapsed":1247140,"internal_node_id":"0.0-9.0-0.24"},{"rt":15965,"url":"../static/nodeGraphs.html","edge":"6to8","edgeRT":"12248","flipped":"TRUE","correct_edge":"3to6","index":"22","edgeClickLog":"[{\"edgeSelection\":\"0to3\",\"edgeRTMS\":9229},{\"edgeSelection\":\"3to6\",\"edgeRTMS\":10713},{\"edgeSelection\":\"6to8\",\"edgeRTMS\":12248}]","seed":" 22809663","task":"experiment","subjectId":"to1s6b4mrxe3md1","trial_type":"external-html","trial_index":33,"time_elapsed":1263861,"internal_node_id":"0.0-9.0-0.25"},{"rt":18207,"url":"../static/nodeGraphs.html","edge":"6to9","edgeRT":"14855","flipped":"TRUE","correct_edge":"0to3","index":"39","edgeClickLog":"[{\"edgeSelection\":\"0to3\",\"edgeRTMS\":7788},{\"edgeSelection\":\"3to6\",\"edgeRTMS\":9176},{\"edgeSelection\":\"6to9\",\"edgeRTMS\":14855}]","seed":" 37422119","task":"experiment","subjectId":"to1s6b4mrxe3md1","trial_type":"external-html","trial_index":34,"time_elapsed":1282784,"internal_node_id":"0.0-9.0-0.26"},{"rt":17808,"url":"../static/nodeGraphs.html","edge":"6to9","edgeRT":"14504","flipped":"TRUE","correct_edge":"0to2","index":"28","edgeClickLog":"[{\"edgeSelection\":\"0to2\",\"edgeRTMS\":11136},{\"edgeSelection\":\"2to6\",\"edgeRTMS\":13019},{\"edgeSelection\":\"6to9\",\"edgeRTMS\":14504}]","seed":" 8396978","task":"experiment","subjectId":"to1s6b4mrxe3md1","trial_type":"external-html","trial_index":35,"time_elapsed":1301300,"internal_node_id":"0.0-9.0-0.27"},{"rt":15644,"url":"../static/nodeGraphs.html","edge":"4to7","edgeRT":"11949","flipped":"FALSE","correct_edge":"0to2","index":"11","edgeClickLog":"[{\"edgeSelection\":\"0to2\",\"edgeRTMS\":6965},{\"edgeSelection\":\"2to4\",\"edgeRTMS\":9232},{\"edgeSelection\":\"4to7\",\"edgeRTMS\":11949}]","seed":" 63833578","task":"experiment","subjectId":"to1s6b4mrxe3md1","trial_type":"external-html","trial_index":36,"time_elapsed":1317671,"internal_node_id":"0.0-9.0-0.28"},{"rt":14197,"url":"../static/nodeGraphs.html","edge":"5to8","edgeRT":"11044","flipped":"FALSE","correct_edge":"0to2","index":"7","edgeClickLog":"[{\"edgeSelection\":\"0to2\",\"edgeRTMS\":8229},{\"edgeSelection\":\"2to5\",\"edgeRTMS\":9542},{\"edgeSelection\":\"5to8\",\"edgeRTMS\":11044}]","seed":" 85614324","task":"experiment","subjectId":"to1s6b4mrxe3md1","trial_type":"external-html","trial_index":37,"time_elapsed":1332594,"internal_node_id":"0.0-9.0-0.29"},{"rt":13314,"url":"../static/nodeGraphs.html","edge":"4to8","edgeRT":"10332","flipped":"FALSE","correct_edge":"1to4","index":"2","edgeClickLog":"[{\"edgeSelection\":\"0to1\",\"edgeRTMS\":6691},{\"edgeSelection\":\"1to4\",\"edgeRTMS\":8734},{\"edgeSelection\":\"4to8\",\"edgeRTMS\":10332}]","seed":" 22809663","task":"experiment","subjectId":"to1s6b4mrxe3md1","trial_type":"external-html","trial_index":38,"time_elapsed":1346620,"internal_node_id":"0.0-9.0-0.30"},{"rt":20345,"url":"../static/nodeGraphs.html","edge":"6to9","edgeRT":"17303","flipped":"TRUE","correct_edge":"2to6","index":"25","edgeClickLog":"[{\"edgeSelection\":\"0to2\",\"edgeRTMS\":13665},{\"edgeSelection\":\"2to6\",\"edgeRTMS\":15400},{\"edgeSelection\":\"6to9\",\"edgeRTMS\":17303}]","seed":" 10409262","task":"experiment","subjectId":"to1s6b4mrxe3md1","trial_type":"external-html","trial_index":39,"time_elapsed":1367677,"internal_node_id":"0.0-9.0-0.31"},{"rt":18758,"url":"../static/nodeGraphs.html","edge":"4to8","edgeRT":"15251","flipped":"FALSE","correct_edge":"0to2","index":"8","edgeClickLog":"[{\"edgeSelection\":\"0to2\",\"edgeRTMS\":9520},{\"edgeSelection\":\"2to4\",\"edgeRTMS\":13146},{\"edgeSelection\":\"4to8\",\"edgeRTMS\":15251}]","seed":" 8396978","task":"experiment","subjectId":"to1s6b4mrxe3md1","trial_type":"external-html","trial_index":40,"time_elapsed":1387149,"internal_node_id":"0.0-9.0-0.32"},{"rt":19382,"url":"../static/nodeGraphs.html","edge":"5to8","edgeRT":"11851","flipped":"TRUE","correct_edge":"1to5","index":"38","edgeClickLog":"[{\"edgeSelection\":\"0to2\",\"edgeRTMS\":7305},{\"edgeSelection\":\"2to5\",\"edgeRTMS\":10101},{\"edgeSelection\":\"5to8\",\"edgeRTMS\":11851}]","seed":" 22181670","task":"experiment","subjectId":"to1s6b4mrxe3md1","trial_type":"external-html","trial_index":41,"time_elapsed":1407234,"internal_node_id":"0.0-9.0-0.33"},{"rt":14529,"url":"../static/nodeGraphs.html","edge":"4to8","edgeRT":"10883","flipped":"TRUE","correct_edge":"0to1","index":"29","edgeClickLog":"[{\"edgeSelection\":\"0to1\",\"edgeRTMS\":6760},{\"edgeSelection\":\"1to4\",\"edgeRTMS\":9214},{\"edgeSelection\":\"4to8\",\"edgeRTMS\":10883}]","seed":" 61187187","task":"experiment","subjectId":"to1s6b4mrxe3md1","trial_type":"external-html","trial_index":42,"time_elapsed":1422465,"internal_node_id":"0.0-9.0-0.34"},{"rt":29776,"url":"../static/nodeGraphs.html","edge":"5to8","edgeRT":"26552","flipped":"FALSE","correct_edge":"5to8","index":"3","edgeClickLog":"[{\"edgeSelection\":\"0to2\",\"edgeRTMS\":23417},{\"edgeSelection\":\"2to5\",\"edgeRTMS\":25003},{\"edgeSelection\":\"5to8\",\"edgeRTMS\":26552}]","seed":" 46003743","task":"experiment","subjectId":"to1s6b4mrxe3md1","trial_type":"external-html","trial_index":43,"time_elapsed":1452954,"internal_node_id":"0.0-9.0-0.35"},{"rt":39926,"url":"../static/nodeGraphs.html","edge":"6to9","edgeRT":"36986","flipped":"FALSE","correct_edge":"0to3","index":"12","edgeClickLog":"[{\"edgeSelection\":\"0to3\",\"edgeRTMS\":31941},{\"edgeSelection\":\"3to6\",\"edgeRTMS\":35079},{\"edgeSelection\":\"6to9\",\"edgeRTMS\":36986}]","seed":" 36895371","task":"experiment","subjectId":"to1s6b4mrxe3md1","trial_type":"external-html","trial_index":44,"time_elapsed":1493588,"internal_node_id":"0.0-9.0-0.36"},{"rt":16565,"url":"../static/nodeGraphs.html","edge":"5to8","edgeRT":"12015","flipped":"TRUE","correct_edge":"5to8","index":"23","edgeClickLog":"[{\"edgeSelection\":\"0to2\",\"edgeRTMS\":8734},{\"edgeSelection\":\"2to5\",\"edgeRTMS\":10331},{\"edgeSelection\":\"5to8\",\"edgeRTMS\":12015}]","seed":" 46003743","task":"experiment","subjectId":"to1s6b4mrxe3md1","trial_type":"external-html","trial_index":45,"time_elapsed":1510858,"internal_node_id":"0.0-9.0-0.37"},{"rt":24747,"url":"../static/nodeGraphs.html","edge":"4to7","edgeRT":"21330","flipped":"TRUE","correct_edge":"0to2","index":"33","edgeClickLog":"[{\"edgeSelection\":\"0to2\",\"edgeRTMS\":14281},{\"edgeSelection\":\"2to4\",\"edgeRTMS\":19618},{\"edgeSelection\":\"4to7\",\"edgeRTMS\":21330}]","seed":" 49587019","task":"experiment","subjectId":"to1s6b4mrxe3md1","trial_type":"external-html","trial_index":46,"time_elapsed":1536322,"internal_node_id":"0.0-9.0-0.38"},{"rt":18625,"url":"../static/nodeGraphs.html","edge":"5to7","edgeRT":"15558","flipped":"TRUE","correct_edge":"5to7","index":"36","edgeClickLog":"[{\"edgeSelection\":\"0to1\",\"edgeRTMS\":11478},{\"edgeSelection\":\"1to5\",\"edgeRTMS\":13630},{\"edgeSelection\":\"5to7\",\"edgeRTMS\":15558}]","seed":" 5655743","task":"experiment","subjectId":"to1s6b4mrxe3md1","trial_type":"external-html","trial_index":47,"time_elapsed":1555658,"internal_node_id":"0.0-9.0-0.39"},{"rt":66717,"response":{"P0_Q0":null,"P0_Q1":2,"P0_Q2":6,"P0_Q3":7,"P0_Q4":2,"P0_Q5":2,"strategies":"More marks and shorter paths if possible","feedback":"NA"},"accuracy":[],"trial_type":"survey","trial_index":48,"time_elapsed":1623130,"internal_node_id":"0.0-10.0"},{"rt":9312,"stimulus":"<p>Thanks for your time!</p>        <p>We need to manually calculate your bonus pay, please give us up to 7 days.</p><p>Press any key to conclude.</p>","response":" ","task":"end","subjectId":"to1s6b4mrxe3md1","trial_type":"html-keyboard-response","trial_index":49,"time_elapsed":1632449,"internal_node_id":"0.0-11.0","interactions":"[{\"event\":\"fullscreenenter\",\"trial\":1,\"time\":6130},{\"event\":\"blur\",\"trial\":4,\"time\":400482},{\"event\":\"focus\",\"trial\":4,\"time\":400482},{\"event\":\"fullscreenexit\",\"trial\":4,\"time\":400620}]"}]