[{"success":true,"timeout":false,"failed_images":[],"failed_audio":[],"failed_video":[],"trial_type":"preload","trial_index":0,"time_elapsed":469,"internal_node_id":"0.0-0.0"},{"success":true,"trial_type":"fullscreen","trial_index":1,"time_elapsed":3873,"internal_node_id":"0.0-1.0"},{"rt":1542,"stimulus":"Welcome to the experiment. Press any key to begin.","response":" ","trial_type":"html-keyboard-response","trial_index":2,"time_elapsed":5417,"internal_node_id":"0.0-2.0"},{"view_history":[{"page_index":0,"viewing_time":4615},{"page_index":1,"viewing_time":6629},{"page_index":2,"viewing_time":22754},{"page_index":3,"viewing_time":2183},{"page_index":4,"viewing_time":1809},{"page_index":5,"viewing_time":4935},{"page_index":6,"viewing_time":7714},{"page_index":7,"viewing_time":8058},{"page_index":8,"viewing_time":31780},{"page_index":9,"viewing_time":11967},{"page_index":10,"viewing_time":1021},{"page_index":11,"viewing_time":655},{"page_index":12,"viewing_time":824},{"page_index":13,"viewing_time":1372},{"page_index":14,"viewing_time":3611},{"page_index":15,"viewing_time":5846},{"page_index":16,"viewing_time":945},{"page_index":17,"viewing_time":650},{"page_index":18,"viewing_time":629},{"page_index":19,"viewing_time":4548},{"page_index":20,"viewing_time":8691},{"page_index":21,"viewing_time":4593}],"rt":135829,"trial_type":"instructions","trial_index":3,"time_elapsed":141246,"internal_node_id":"0.0-3.0"},{"rt":62152,"url":"../static/nodeGraphsTraining.html","edgeClickLog":[],"trial_type":"external-html","trial_index":4,"time_elapsed":203619,"internal_node_id":"0.0-4.0"},{"rt":22605,"response":{"q1":"The goal is to help the student to get the most points","q2":"False","q3":"Possible paths you, as the teacher, can take.","q4":"Paths that the student took before."},"question_order":[0,1,2,3],"trial_type":"survey-multi-choice","trial_index":5,"time_elapsed":226229,"internal_node_id":"0.0-5.0"},{"rt":17973,"response":{"q1":"The goal is to help the student to get the most points","q2":"False","q3":"Possible paths the student can take.","q4":"Paths that the student took before."},"question_order":[0,1,2,3],"trial_type":"survey-multi-choice","trial_index":6,"time_elapsed":244210,"internal_node_id":"0.0-6.0-0.0"},{"rt":5152,"stimulus":"<p>You can take a 60 second break before starting the experiment.</p><br><br><p>This page will advance in 60 seconds or you can press any key to advance now.</p>","response":"arrowright","trial_type":"html-keyboard-response","trial_index":7,"time_elapsed":249366,"internal_node_id":"0.0-7.0"},{"view_history":[{"page_index":0,"viewing_time":15602}],"rt":15602,"trial_type":"instructions","trial_index":8,"time_elapsed":264970,"internal_node_id":"0.0-8.0"},{"rt":26521,"url":"../static/nodeGraphs.html","edge":"4to7","edgeRT":"25347","flipped":"FALSE","correct_edge":"4to7","index":"6","edgeClickLog":"[{\"edgeSelection\":\"4to7\",\"edgeRTMS\":25347}]","seed":" 13523788","task":"experiment","subjectId":"19pey8o42qswzld","trial_type":"external-html","trial_index":9,"time_elapsed":291624,"internal_node_id":"0.0-9.0-0.0"},{"rt":6495,"url":"../static/nodeGraphs.html","edge":"4to8","edgeRT":"4553","flipped":"FALSE","correct_edge":"4to8","index":"1","edgeClickLog":"[{\"edgeSelection\":\"4to8\",\"edgeRTMS\":4553}]","seed":" 32816305","task":"experiment","subjectId":"19pey8o42qswzld","trial_type":"external-html","trial_index":10,"time_elapsed":298738,"internal_node_id":"0.0-9.0-0.1"},{"rt":7840,"url":"../static/nodeGraphs.html","edge":"6to9","edgeRT":"6414","flipped":"TRUE","correct_edge":"6to9","index":"26","edgeClickLog":"[{\"edgeSelection\":\"6to9\",\"edgeRTMS\":6414}]","seed":" 13523788","task":"experiment","subjectId":"19pey8o42qswzld","trial_type":"external-html","trial_index":11,"time_elapsed":307201,"internal_node_id":"0.0-9.0-0.2"},{"rt":9779,"url":"../static/nodeGraphs.html","edge":"3to5","edgeRT":"7297","flipped":"FALSE","correct_edge":"3to5","index":"18","edgeClickLog":"[{\"edgeSelection\":\"3to5\",\"edgeRTMS\":7297}]","seed":" 22181670","task":"experiment","subjectId":"19pey8o42qswzld","trial_type":"external-html","trial_index":12,"time_elapsed":317596,"internal_node_id":"0.0-9.0-0.3"},{"rt":10896,"url":"../static/nodeGraphs.html","edge":"1to5","edgeRT":"8769","flipped":"TRUE","correct_edge":"5to7","index":"36","edgeClickLog":"[{\"edgeSelection\":\"1to5\",\"edgeRTMS\":8769}]","seed":" 5655743","task":"experiment","subjectId":"19pey8o42qswzld","trial_type":"external-html","trial_index":13,"time_elapsed":329105,"internal_node_id":"0.0-9.0-0.4"},{"rt":9603,"url":"../static/nodeGraphs.html","edge":"1to5","edgeRT":"6072","flipped":"TRUE","correct_edge":"1to5","index":"38","edgeClickLog":"[{\"edgeSelection\":\"1to5\",\"edgeRTMS\":6072}]","seed":" 22181670","task":"experiment","subjectId":"19pey8o42qswzld","trial_type":"external-html","trial_index":14,"time_elapsed":339321,"internal_node_id":"0.0-9.0-0.5"},{"rt":30488,"url":"../static/nodeGraphs.html","edge":"0to3","edgeRT":"16694","flipped":"TRUE","correct_edge":"0to2","index":"30","edgeClickLog":"[{\"edgeSelection\":\"0to3\",\"edgeRTMS\":16694}]","seed":" 39688702","task":"experiment","subjectId":"19pey8o42qswzld","trial_type":"external-html","trial_index":15,"time_elapsed":370435,"internal_node_id":"0.0-9.0-0.6"},{"rt":33483,"url":"../static/nodeGraphs.html","edge":"0to1","edgeRT":"32107","flipped":"TRUE","correct_edge":"2to4","index":"35","edgeClickLog":"[{\"edgeSelection\":\"0to1\",\"edgeRTMS\":32107}]","seed":" 53220770","task":"experiment","subjectId":"19pey8o42qswzld","trial_type":"external-html","trial_index":16,"time_elapsed":404552,"internal_node_id":"0.0-9.0-0.7"},{"rt":5885,"url":"../static/nodeGraphs.html","edge":"5to8","edgeRT":"3440","flipped":"TRUE","correct_edge":"5to8","index":"23","edgeClickLog":"[{\"edgeSelection\":\"5to8\",\"edgeRTMS\":3440}]","seed":" 46003743","task":"experiment","subjectId":"19pey8o42qswzld","trial_type":"external-html","trial_index":17,"time_elapsed":411073,"internal_node_id":"0.0-9.0-0.8"},{"rt":9822,"url":"../static/nodeGraphs.html","edge":"0to3","edgeRT":"7644","flipped":"FALSE","correct_edge":"0to3","index":"12","edgeClickLog":"[{\"edgeSelection\":\"0to3\",\"edgeRTMS\":7644}]","seed":" 36895371","task":"experiment","subjectId":"19pey8o42qswzld","trial_type":"external-html","trial_index":18,"time_elapsed":421525,"internal_node_id":"0.0-9.0-0.9"},{"rt":16590,"url":"../static/nodeGraphs.html","edge":"0to2","edgeRT":"14991","flipped":"FALSE","correct_edge":"0to2","index":"14","edgeClickLog":"[{\"edgeSelection\":\"0to2\",\"edgeRTMS\":14991}]","seed":" 21083760","task":"experiment","subjectId":"19pey8o42qswzld","trial_type":"external-html","trial_index":19,"time_elapsed":438738,"internal_node_id":"0.0-9.0-0.10"},{"rt":14806,"url":"../static/nodeGraphs.html","edge":"1to4","edgeRT":"13354","flipped":"FALSE","correct_edge":"0to3","index":"9","edgeClickLog":"[{\"edgeSelection\":\"1to4\",\"edgeRTMS\":13354}]","seed":" 61187187","task":"experiment","subjectId":"19pey8o42qswzld","trial_type":"external-html","trial_index":20,"time_elapsed":454158,"internal_node_id":"0.0-9.0-0.11"},{"rt":7666,"url":"../static/nodeGraphs.html","edge":"2to6","edgeRT":"4206","flipped":"FALSE","correct_edge":"2to6","index":"15","edgeClickLog":"[{\"edgeSelection\":\"2to6\",\"edgeRTMS\":4206}]","seed":" 53220770","task":"experiment","subjectId":"19pey8o42qswzld","trial_type":"external-html","trial_index":21,"time_elapsed":462458,"internal_node_id":"0.0-9.0-0.12"},{"rt":8965,"url":"../static/nodeGraphs.html","edge":"0to1","edgeRT":"7671","flipped":"TRUE","correct_edge":"0to1","index":"32","edgeClickLog":"[{\"edgeSelection\":\"0to1\",\"edgeRTMS\":7671}]","seed":" 36895371","task":"experiment","subjectId":"19pey8o42qswzld","trial_type":"external-html","trial_index":22,"time_elapsed":472034,"internal_node_id":"0.0-9.0-0.13"},{"rt":6783,"url":"../static/nodeGraphs.html","edge":"0to3","edgeRT":"5351","flipped":"TRUE","correct_edge":"0to3","index":"20","edgeClickLog":"[{\"edgeSelection\":\"0to3\",\"edgeRTMS\":5351}]","seed":" 21745736","task":"experiment","subjectId":"19pey8o42qswzld","trial_type":"external-html","trial_index":23,"time_elapsed":479437,"internal_node_id":"0.0-9.0-0.14"},{"rt":10745,"url":"../static/nodeGraphs.html","edge":"6to8","edgeRT":"8984","flipped":"TRUE","correct_edge":"6to8","index":"21","edgeClickLog":"[{\"edgeSelection\":\"6to8\",\"edgeRTMS\":8984}]","seed":" 32816305","task":"experiment","subjectId":"19pey8o42qswzld","trial_type":"external-html","trial_index":24,"time_elapsed":490785,"internal_node_id":"0.0-9.0-0.15"},{"rt":5367,"url":"../static/nodeGraphs.html","edge":"1to4","edgeRT":"3858","flipped":"FALSE","correct_edge":"1to4","index":"2","edgeClickLog":"[{\"edgeSelection\":\"1to4\",\"edgeRTMS\":3858}]","seed":" 22809663","task":"experiment","subjectId":"19pey8o42qswzld","trial_type":"external-html","trial_index":25,"time_elapsed":496783,"internal_node_id":"0.0-9.0-0.16"},{"rt":30965,"url":"../static/nodeGraphs.html","edge":"4to7","edgeRT":"23035","flipped":"TRUE","correct_edge":"0to2","index":"33","edgeClickLog":"[{\"edgeSelection\":\"2to4\",\"edgeRTMS\":15206},{\"edgeSelection\":\"4to7\",\"edgeRTMS\":23035}]","seed":" 49587019","task":"experiment","subjectId":"19pey8o42qswzld","trial_type":"external-html","trial_index":26,"time_elapsed":528365,"internal_node_id":"0.0-9.0-0.17"},{"rt":6448,"url":"../static/nodeGraphs.html","edge":"2to6","edgeRT":"3415","flipped":"TRUE","correct_edge":"2to6","index":"25","edgeClickLog":"[{\"edgeSelection\":\"2to6\",\"edgeRTMS\":3415}]","seed":" 10409262","task":"experiment","subjectId":"19pey8o42qswzld","trial_type":"external-html","trial_index":27,"time_elapsed":535424,"internal_node_id":"0.0-9.0-0.18"},{"rt":5883,"url":"../static/nodeGraphs.html","edge":"2to4","edgeRT":"4522","flipped":"FALSE","correct_edge":"2to4","index":"4","edgeClickLog":"[{\"edgeSelection\":\"2to4\",\"edgeRTMS\":4522}]","seed":" 36501291","task":"experiment","subjectId":"19pey8o42qswzld","trial_type":"external-html","trial_index":28,"time_elapsed":541922,"internal_node_id":"0.0-9.0-0.19"},{"rt":9855,"url":"../static/nodeGraphs.html","edge":"0to2","edgeRT":"8903","flipped":"FALSE","correct_edge":"0to2","index":"17","edgeClickLog":"[{\"edgeSelection\":\"0to2\",\"edgeRTMS\":8903}]","seed":" 21211189","task":"experiment","subjectId":"19pey8o42qswzld","trial_type":"external-html","trial_index":29,"time_elapsed":552397,"internal_node_id":"0.0-9.0-0.20"},{"rt":9817,"url":"../static/nodeGraphs.html","edge":"3to6","edgeRT":"8570","flipped":"TRUE","correct_edge":"0to2","index":"34","edgeClickLog":"[{\"edgeSelection\":\"3to6\",\"edgeRTMS\":8570}]","seed":" 21083760","task":"experiment","subjectId":"19pey8o42qswzld","trial_type":"external-html","trial_index":30,"time_elapsed":562826,"internal_node_id":"0.0-9.0-0.21"},{"rt":11332,"url":"../static/nodeGraphs.html","edge":"5to7","edgeRT":"9450","flipped":"TRUE","correct_edge":"0to3","index":"39","edgeClickLog":"[{\"edgeSelection\":\"0to3\",\"edgeRTMS\":5816},{\"edgeSelection\":\"5to7\",\"edgeRTMS\":9450}]","seed":" 37422119","task":"experiment","subjectId":"19pey8o42qswzld","trial_type":"external-html","trial_index":31,"time_elapsed":574771,"internal_node_id":"0.0-9.0-0.22"},{"rt":5219,"url":"../static/nodeGraphs.html","edge":"5to9","edgeRT":"2621","flipped":"TRUE","correct_edge":"0to1","index":"29","edgeClickLog":"[{\"edgeSelection\":\"5to9\",\"edgeRTMS\":2621}]","seed":" 61187187","task":"experiment","subjectId":"19pey8o42qswzld","trial_type":"external-html","trial_index":32,"time_elapsed":580608,"internal_node_id":"0.0-9.0-0.23"},{"rt":13328,"url":"../static/nodeGraphs.html","edge":"0to2","edgeRT":"12213","flipped":"FALSE","correct_edge":"0to2","index":"11","edgeClickLog":"[{\"edgeSelection\":\"0to2\",\"edgeRTMS\":12213}]","seed":" 63833578","task":"experiment","subjectId":"19pey8o42qswzld","trial_type":"external-html","trial_index":33,"time_elapsed":594558,"internal_node_id":"0.0-9.0-0.24"},{"rt":6783,"url":"../static/nodeGraphs.html","edge":"3to5","edgeRT":"5108","flipped":"TRUE","correct_edge":"0to2","index":"37","edgeClickLog":"[{\"edgeSelection\":\"3to5\",\"edgeRTMS\":5108}]","seed":" 21211189","task":"experiment","subjectId":"19pey8o42qswzld","trial_type":"external-html","trial_index":34,"time_elapsed":601961,"internal_node_id":"0.0-9.0-0.25"},{"rt":8610,"url":"../static/nodeGraphs.html","edge":"3to6","edgeRT":"7500","flipped":"TRUE","correct_edge":"3to6","index":"22","edgeClickLog":"[{\"edgeSelection\":\"3to6\",\"edgeRTMS\":7500}]","seed":" 22809663","task":"experiment","subjectId":"19pey8o42qswzld","trial_type":"external-html","trial_index":35,"time_elapsed":611183,"internal_node_id":"0.0-9.0-0.26"},{"rt":17996,"url":"../static/nodeGraphs.html","edge":"2to6","edgeRT":"16754","flipped":"FALSE","correct_edge":"0to2","index":"13","edgeClickLog":"[{\"edgeSelection\":\"2to6\",\"edgeRTMS\":16754}]","seed":" 49587019","task":"experiment","subjectId":"19pey8o42qswzld","trial_type":"external-html","trial_index":36,"time_elapsed":629794,"internal_node_id":"0.0-9.0-0.27"},{"rt":22271,"url":"../static/nodeGraphs.html","edge":"3to5","edgeRT":"20425","flipped":"TRUE","correct_edge":"0to2","index":"27","edgeClickLog":"[{\"edgeSelection\":\"3to5\",\"edgeRTMS\":20425}]","seed":" 85614324","task":"experiment","subjectId":"19pey8o42qswzld","trial_type":"external-html","trial_index":37,"time_elapsed":652718,"internal_node_id":"0.0-9.0-0.28"},{"rt":4851,"url":"../static/nodeGraphs.html","edge":"5to9","edgeRT":"3135","flipped":"FALSE","correct_edge":"0to1","index":"19","edgeClickLog":"[{\"edgeSelection\":\"5to9\",\"edgeRTMS\":3135}]","seed":" 37422119","task":"experiment","subjectId":"19pey8o42qswzld","trial_type":"external-html","trial_index":38,"time_elapsed":658187,"internal_node_id":"0.0-9.0-0.29"},{"rt":3169,"url":"../static/nodeGraphs.html","edge":"5to8","edgeRT":"2175","flipped":"FALSE","correct_edge":"5to8","index":"3","edgeClickLog":"[{\"edgeSelection\":\"5to8\",\"edgeRTMS\":2175}]","seed":" 46003743","task":"experiment","subjectId":"19pey8o42qswzld","trial_type":"external-html","trial_index":39,"time_elapsed":661995,"internal_node_id":"0.0-9.0-0.30"},{"rt":9171,"url":"../static/nodeGraphs.html","edge":"0to1","edgeRT":"7114","flipped":"FALSE","correct_edge":"0to1","index":"0","edgeClickLog":"[{\"edgeSelection\":\"0to1\",\"edgeRTMS\":7114}]","seed":" 21745736","task":"experiment","subjectId":"19pey8o42qswzld","trial_type":"external-html","trial_index":40,"time_elapsed":671777,"internal_node_id":"0.0-9.0-0.31"},{"rt":5371,"url":"../static/nodeGraphs.html","edge":"2to4","edgeRT":"4219","flipped":"FALSE","correct_edge":"2to4","index":"5","edgeClickLog":"[{\"edgeSelection\":\"2to4\",\"edgeRTMS\":4219}]","seed":" 10409262","task":"experiment","subjectId":"19pey8o42qswzld","trial_type":"external-html","trial_index":41,"time_elapsed":677768,"internal_node_id":"0.0-9.0-0.32"},{"rt":5360,"url":"../static/nodeGraphs.html","edge":"3to6","edgeRT":"4053","flipped":"TRUE","correct_edge":"0to2","index":"31","edgeClickLog":"[{\"edgeSelection\":\"3to6\",\"edgeRTMS\":4053}]","seed":" 63833578","task":"experiment","subjectId":"19pey8o42qswzld","trial_type":"external-html","trial_index":42,"time_elapsed":683780,"internal_node_id":"0.0-9.0-0.33"},{"rt":5493,"url":"../static/nodeGraphs.html","edge":"3to5","edgeRT":"4049","flipped":"FALSE","correct_edge":"0to2","index":"7","edgeClickLog":"[{\"edgeSelection\":\"3to5\",\"edgeRTMS\":4049}]","seed":" 85614324","task":"experiment","subjectId":"19pey8o42qswzld","trial_type":"external-html","trial_index":43,"time_elapsed":689910,"internal_node_id":"0.0-9.0-0.34"},{"rt":7154,"url":"../static/nodeGraphs.html","edge":"3to5","edgeRT":"4500","flipped":"FALSE","correct_edge":"5to9","index":"16","edgeClickLog":"[{\"edgeSelection\":\"3to5\",\"edgeRTMS\":4500}]","seed":" 5655743","task":"experiment","subjectId":"19pey8o42qswzld","trial_type":"external-html","trial_index":44,"time_elapsed":697678,"internal_node_id":"0.0-9.0-0.35"},{"rt":4748,"url":"../static/nodeGraphs.html","edge":"3to6","edgeRT":"3548","flipped":"TRUE","correct_edge":"0to2","index":"28","edgeClickLog":"[{\"edgeSelection\":\"3to6\",\"edgeRTMS\":3548}]","seed":" 8396978","task":"experiment","subjectId":"19pey8o42qswzld","trial_type":"external-html","trial_index":45,"time_elapsed":703041,"internal_node_id":"0.0-9.0-0.36"},{"rt":9896,"url":"../static/nodeGraphs.html","edge":"2to5","edgeRT":"8126","flipped":"FALSE","correct_edge":"0to2","index":"8","edgeClickLog":"[{\"edgeSelection\":\"2to5\",\"edgeRTMS\":8126}]","seed":" 8396978","task":"experiment","subjectId":"19pey8o42qswzld","trial_type":"external-html","trial_index":46,"time_elapsed":713548,"internal_node_id":"0.0-9.0-0.37"},{"rt":4525,"url":"../static/nodeGraphs.html","edge":"2to6","edgeRT":"3533","flipped":"TRUE","correct_edge":"2to6","index":"24","edgeClickLog":"[{\"edgeSelection\":\"2to6\",\"edgeRTMS\":3533}]","seed":" 36501291","task":"experiment","subjectId":"19pey8o42qswzld","trial_type":"external-html","trial_index":47,"time_elapsed":718711,"internal_node_id":"0.0-9.0-0.38"},{"rt":6342,"url":"../static/nodeGraphs.html","edge":"2to6","edgeRT":"4354","flipped":"FALSE","correct_edge":"0to2","index":"10","edgeClickLog":"[{\"edgeSelection\":\"2to6\",\"edgeRTMS\":4354}]","seed":" 39688702","task":"experiment","subjectId":"19pey8o42qswzld","trial_type":"external-html","trial_index":48,"time_elapsed":725665,"internal_node_id":"0.0-9.0-0.39"},{"rt":61116,"response":{"P0_Q0":null,"P0_Q1":3,"P0_Q2":7,"P0_Q3":5,"P0_Q4":4,"P0_Q5":3,"strategies":"If there was a better option for the last path I went with that. If the last move could not have been better I tried to make it the second move depending on what options were available.","feedback":""},"accuracy":[],"trial_type":"survey","trial_index":49,"time_elapsed":787386,"internal_node_id":"0.0-10.0"},{"rt":5189,"stimulus":"<p>Thanks for your time!</p>        <p>We need to manually calculate your bonus pay, please give us up to 7 days.</p><p>Press any key to conclude.</p>","response":" ","task":"end","subjectId":"19pey8o42qswzld","trial_type":"html-keyboard-response","trial_index":50,"time_elapsed":792573,"internal_node_id":"0.0-11.0","interactions":"[{\"event\":\"fullscreenenter\",\"trial\":1,\"time\":2895},{\"event\":\"blur\",\"trial\":49,\"time\":741414},{\"event\":\"fullscreenexit\",\"trial\":49,\"time\":741421},{\"event\":\"focus\",\"trial\":49,\"time\":743320}]"}]