[{"success":true,"timeout":false,"failed_images":[],"failed_audio":[],"failed_video":[],"trial_type":"preload","trial_index":0,"time_elapsed":1637,"internal_node_id":"0.0-0.0"},{"success":true,"trial_type":"fullscreen","trial_index":1,"time_elapsed":4292,"internal_node_id":"0.0-1.0"},{"rt":1745,"stimulus":"Welcome to the experiment. Press any key to begin.","response":"k","trial_type":"html-keyboard-response","trial_index":2,"time_elapsed":6040,"internal_node_id":"0.0-2.0"},{"view_history":[{"page_index":0,"viewing_time":2438},{"page_index":1,"viewing_time":3217},{"page_index":2,"viewing_time":29863},{"page_index":3,"viewing_time":12538},{"page_index":4,"viewing_time":1204},{"page_index":5,"viewing_time":1091},{"page_index":6,"viewing_time":3559},{"page_index":7,"viewing_time":7281},{"page_index":8,"viewing_time":20478},{"page_index":9,"viewing_time":8484},{"page_index":10,"viewing_time":2761},{"page_index":11,"viewing_time":3002},{"page_index":12,"viewing_time":718},{"page_index":13,"viewing_time":1335},{"page_index":14,"viewing_time":2164},{"page_index":15,"viewing_time":6653},{"page_index":16,"viewing_time":1294},{"page_index":17,"viewing_time":476},{"page_index":18,"viewing_time":1102},{"page_index":19,"viewing_time":4621},{"page_index":20,"viewing_time":8309},{"page_index":21,"viewing_time":104599}],"rt":227186,"trial_type":"instructions","trial_index":3,"time_elapsed":233229,"internal_node_id":"0.0-3.0"},{"rt":82597,"url":"../static/nodeGraphsTraining.html","edgeClickLog":[],"trial_type":"external-html","trial_index":4,"time_elapsed":315942,"internal_node_id":"0.0-4.0"},{"rt":27074,"response":{"q1":"The goal is to help the student to get the most points","q2":"False","q3":"Possible paths the student can take.","q4":"Paths that the student took before."},"question_order":[0,1,2,3],"trial_type":"survey-multi-choice","trial_index":5,"time_elapsed":343019,"internal_node_id":"0.0-5.0"},{"rt":7756,"stimulus":"<p>You can take a 60 second break before starting the experiment.</p><br><br><p>This page will advance in 60 seconds or you can press any key to advance now.</p>","response":",","trial_type":"html-keyboard-response","trial_index":6,"time_elapsed":350778,"internal_node_id":"0.0-7.0"},{"view_history":[{"page_index":0,"viewing_time":16647}],"rt":16647,"trial_type":"instructions","trial_index":7,"time_elapsed":367427,"internal_node_id":"0.0-8.0"},{"rt":15085,"url":"../static/nodeGraphs.html","edge":"0to3","edgeRT":"14016","flipped":"TRUE","correct_edge":"0to2","index":"27","edgeClickLog":"[{\"edgeSelection\":\"0to3\",\"edgeRTMS\":9949},{\"edgeSelection\":\"3to5\",\"edgeRTMS\":12752},{\"edgeSelection\":\"0to3\",\"edgeRTMS\":14016}]","seed":" 85614324","task":"experiment","subjectId":"zrkll4frhdcjfmf","trial_type":"external-html","trial_index":8,"time_elapsed":383016,"internal_node_id":"0.0-9.0-0.0"},{"rt":4293,"url":"../static/nodeGraphs.html","edge":"0to2","edgeRT":"3068","flipped":"FALSE","correct_edge":"0to2","index":"8","edgeClickLog":"[{\"edgeSelection\":\"0to2\",\"edgeRTMS\":3068}]","seed":" 8396978","task":"experiment","subjectId":"zrkll4frhdcjfmf","trial_type":"external-html","trial_index":9,"time_elapsed":387909,"internal_node_id":"0.0-9.0-0.1"},{"rt":6279,"url":"../static/nodeGraphs.html","edge":"0to1","edgeRT":"5170","flipped":"FALSE","correct_edge":"0to1","index":"0","edgeClickLog":"[{\"edgeSelection\":\"0to1\",\"edgeRTMS\":3853},{\"edgeSelection\":\"0to1\",\"edgeRTMS\":5170}]","seed":" 21745736","task":"experiment","subjectId":"zrkll4frhdcjfmf","trial_type":"external-html","trial_index":10,"time_elapsed":394784,"internal_node_id":"0.0-9.0-0.2"},{"rt":4298,"url":"../static/nodeGraphs.html","edge":"0to2","edgeRT":"2972","flipped":"TRUE","correct_edge":"0to2","index":"37","edgeClickLog":"[{\"edgeSelection\":\"0to2\",\"edgeRTMS\":2972}]","seed":" 21211189","task":"experiment","subjectId":"zrkll4frhdcjfmf","trial_type":"external-html","trial_index":11,"time_elapsed":399677,"internal_node_id":"0.0-9.0-0.3"},{"rt":7697,"url":"../static/nodeGraphs.html","edge":"0to1","edgeRT":"2939","flipped":"TRUE","correct_edge":"0to1","index":"29","edgeClickLog":"[{\"edgeSelection\":\"0to1\",\"edgeRTMS\":2939}]","seed":" 61187187","task":"experiment","subjectId":"zrkll4frhdcjfmf","trial_type":"external-html","trial_index":12,"time_elapsed":407967,"internal_node_id":"0.0-9.0-0.4"},{"rt":11345,"url":"../static/nodeGraphs.html","edge":"5to8","edgeRT":"9951","flipped":"FALSE","correct_edge":"5to8","index":"3","edgeClickLog":"[{\"edgeSelection\":\"5to8\",\"edgeRTMS\":7727},{\"edgeSelection\":\"5to8\",\"edgeRTMS\":9334},{\"edgeSelection\":\"5to8\",\"edgeRTMS\":9951}]","seed":" 46003743","task":"experiment","subjectId":"zrkll4frhdcjfmf","trial_type":"external-html","trial_index":13,"time_elapsed":419918,"internal_node_id":"0.0-9.0-0.5"},{"rt":24193,"url":"../static/nodeGraphs.html","edge":"1to5","edgeRT":"21165","flipped":"TRUE","correct_edge":"1to5","index":"38","edgeClickLog":"[{\"edgeSelection\":\"1to5\",\"edgeRTMS\":15815},{\"edgeSelection\":\"1to5\",\"edgeRTMS\":21165}]","seed":" 22181670","task":"experiment","subjectId":"zrkll4frhdcjfmf","trial_type":"external-html","trial_index":14,"time_elapsed":444718,"internal_node_id":"0.0-9.0-0.6"},{"rt":23740,"url":"../static/nodeGraphs.html","edge":"0to1","edgeRT":"22428","flipped":"FALSE","correct_edge":"0to2","index":"10","edgeClickLog":"[{\"edgeSelection\":\"0to1\",\"edgeRTMS\":21406},{\"edgeSelection\":\"0to1\",\"edgeRTMS\":22428}]","seed":" 39688702","task":"experiment","subjectId":"zrkll4frhdcjfmf","trial_type":"external-html","trial_index":15,"time_elapsed":469056,"internal_node_id":"0.0-9.0-0.7"},{"rt":16003,"url":"../static/nodeGraphs.html","edge":"1to5","edgeRT":"14515","flipped":"TRUE","correct_edge":"5to7","index":"36","edgeClickLog":"[{\"edgeSelection\":\"1to5\",\"edgeRTMS\":14515}]","seed":" 5655743","task":"experiment","subjectId":"zrkll4frhdcjfmf","trial_type":"external-html","trial_index":16,"time_elapsed":485666,"internal_node_id":"0.0-9.0-0.8"},{"rt":4727,"url":"../static/nodeGraphs.html","edge":"0to3","edgeRT":"3420","flipped":"FALSE","correct_edge":"2to6","index":"15","edgeClickLog":"[{\"edgeSelection\":\"0to3\",\"edgeRTMS\":3420}]","seed":" 53220770","task":"experiment","subjectId":"zrkll4frhdcjfmf","trial_type":"external-html","trial_index":17,"time_elapsed":490982,"internal_node_id":"0.0-9.0-0.9"},{"rt":5515,"url":"../static/nodeGraphs.html","edge":"4to8","edgeRT":"4242","flipped":"FALSE","correct_edge":"4to8","index":"1","edgeClickLog":"[{\"edgeSelection\":\"4to8\",\"edgeRTMS\":4242}]","seed":" 32816305","task":"experiment","subjectId":"zrkll4frhdcjfmf","trial_type":"external-html","trial_index":18,"time_elapsed":497101,"internal_node_id":"0.0-9.0-0.10"},{"rt":6115,"url":"../static/nodeGraphs.html","edge":"0to1","edgeRT":"4409","flipped":"FALSE","correct_edge":"0to1","index":"19","edgeClickLog":"[{\"edgeSelection\":\"0to1\",\"edgeRTMS\":4409}]","seed":" 37422119","task":"experiment","subjectId":"zrkll4frhdcjfmf","trial_type":"external-html","trial_index":19,"time_elapsed":503822,"internal_node_id":"0.0-9.0-0.11"},{"rt":9315,"url":"../static/nodeGraphs.html","edge":"3to6","edgeRT":"7839","flipped":"TRUE","correct_edge":"0to2","index":"28","edgeClickLog":"[{\"edgeSelection\":\"3to6\",\"edgeRTMS\":7839}]","seed":" 8396978","task":"experiment","subjectId":"zrkll4frhdcjfmf","trial_type":"external-html","trial_index":20,"time_elapsed":513742,"internal_node_id":"0.0-9.0-0.12"},{"rt":10576,"url":"../static/nodeGraphs.html","edge":"0to3","edgeRT":"9536","flipped":"FALSE","correct_edge":"0to3","index":"9","edgeClickLog":"[{\"edgeSelection\":\"0to3\",\"edgeRTMS\":9536}]","seed":" 61187187","task":"experiment","subjectId":"zrkll4frhdcjfmf","trial_type":"external-html","trial_index":21,"time_elapsed":524965,"internal_node_id":"0.0-9.0-0.13"},{"rt":13358,"url":"../static/nodeGraphs.html","edge":"0to3","edgeRT":"9445","flipped":"FALSE","correct_edge":"4to7","index":"6","edgeClickLog":"[{\"edgeSelection\":\"0to3\",\"edgeRTMS\":8530},{\"edgeSelection\":\"0to3\",\"edgeRTMS\":9445}]","seed":" 13523788","task":"experiment","subjectId":"zrkll4frhdcjfmf","trial_type":"external-html","trial_index":22,"time_elapsed":538939,"internal_node_id":"0.0-9.0-0.14"},{"rt":14026,"url":"../static/nodeGraphs.html","edge":"2to4","edgeRT":"12442","flipped":"FALSE","correct_edge":"2to4","index":"5","edgeClickLog":"[{\"edgeSelection\":\"2to4\",\"edgeRTMS\":12442}]","seed":" 10409262","task":"experiment","subjectId":"zrkll4frhdcjfmf","trial_type":"external-html","trial_index":23,"time_elapsed":553569,"internal_node_id":"0.0-9.0-0.15"},{"rt":6363,"url":"../static/nodeGraphs.html","edge":"0to3","edgeRT":"4920","flipped":"TRUE","correct_edge":"0to3","index":"20","edgeClickLog":"[{\"edgeSelection\":\"0to3\",\"edgeRTMS\":4920}]","seed":" 21745736","task":"experiment","subjectId":"zrkll4frhdcjfmf","trial_type":"external-html","trial_index":24,"time_elapsed":560536,"internal_node_id":"0.0-9.0-0.16"},{"rt":9009,"url":"../static/nodeGraphs.html","edge":"0to3","edgeRT":"6685","flipped":"FALSE","correct_edge":"0to3","index":"12","edgeClickLog":"[{\"edgeSelection\":\"0to3\",\"edgeRTMS\":6685}]","seed":" 36895371","task":"experiment","subjectId":"zrkll4frhdcjfmf","trial_type":"external-html","trial_index":25,"time_elapsed":570141,"internal_node_id":"0.0-9.0-0.17"},{"rt":29084,"url":"../static/nodeGraphs.html","edge":"2to6","edgeRT":"26620","flipped":"FALSE","correct_edge":"0to2","index":"13","edgeClickLog":"[{\"edgeSelection\":\"2to6\",\"edgeRTMS\":26620}]","seed":" 49587019","task":"experiment","subjectId":"zrkll4frhdcjfmf","trial_type":"external-html","trial_index":26,"time_elapsed":599855,"internal_node_id":"0.0-9.0-0.18"},{"rt":6240,"url":"../static/nodeGraphs.html","edge":"5to8","edgeRT":"5077","flipped":"TRUE","correct_edge":"5to8","index":"23","edgeClickLog":"[{\"edgeSelection\":\"5to8\",\"edgeRTMS\":5077}]","seed":" 46003743","task":"experiment","subjectId":"zrkll4frhdcjfmf","trial_type":"external-html","trial_index":27,"time_elapsed":606700,"internal_node_id":"0.0-9.0-0.19"},{"rt":7007,"url":"../static/nodeGraphs.html","edge":"1to4","edgeRT":"5625","flipped":"FALSE","correct_edge":"1to4","index":"2","edgeClickLog":"[{\"edgeSelection\":\"1to4\",\"edgeRTMS\":5625}]","seed":" 22809663","task":"experiment","subjectId":"zrkll4frhdcjfmf","trial_type":"external-html","trial_index":28,"time_elapsed":614312,"internal_node_id":"0.0-9.0-0.20"},{"rt":3520,"url":"../static/nodeGraphs.html","edge":"3to6","edgeRT":"2474","flipped":"TRUE","correct_edge":"3to6","index":"22","edgeClickLog":"[{\"edgeSelection\":\"3to6\",\"edgeRTMS\":2474}]","seed":" 22809663","task":"experiment","subjectId":"zrkll4frhdcjfmf","trial_type":"external-html","trial_index":29,"time_elapsed":618430,"internal_node_id":"0.0-9.0-0.21"},{"rt":8495,"url":"../static/nodeGraphs.html","edge":"2to4","edgeRT":"7440","flipped":"FALSE","correct_edge":"2to4","index":"4","edgeClickLog":"[{\"edgeSelection\":\"2to4\",\"edgeRTMS\":6367},{\"edgeSelection\":\"2to4\",\"edgeRTMS\":7440}]","seed":" 36501291","task":"experiment","subjectId":"zrkll4frhdcjfmf","trial_type":"external-html","trial_index":30,"time_elapsed":627537,"internal_node_id":"0.0-9.0-0.22"},{"rt":15938,"url":"../static/nodeGraphs.html","edge":"0to2","edgeRT":"14440","flipped":"FALSE","correct_edge":"0to2","index":"11","edgeClickLog":"[{\"edgeSelection\":\"0to2\",\"edgeRTMS\":10025},{\"edgeSelection\":\"0to2\",\"edgeRTMS\":14438},{\"edgeSelection\":\"0to2\",\"edgeRTMS\":14440}]","seed":" 63833578","task":"experiment","subjectId":"zrkll4frhdcjfmf","trial_type":"external-html","trial_index":31,"time_elapsed":644078,"internal_node_id":"0.0-9.0-0.23"},{"rt":8083,"url":"../static/nodeGraphs.html","edge":"0to2","edgeRT":"6766","flipped":"TRUE","correct_edge":"0to2","index":"30","edgeClickLog":"[{\"edgeSelection\":\"0to2\",\"edgeRTMS\":6766}]","seed":" 39688702","task":"experiment","subjectId":"zrkll4frhdcjfmf","trial_type":"external-html","trial_index":32,"time_elapsed":652764,"internal_node_id":"0.0-9.0-0.24"},{"rt":17763,"url":"../static/nodeGraphs.html","edge":"0to1","edgeRT":"15838","flipped":"TRUE","correct_edge":"2to4","index":"35","edgeClickLog":"[{\"edgeSelection\":\"0to1\",\"edgeRTMS\":8603},{\"edgeSelection\":\"1to4\",\"edgeRTMS\":9488},{\"edgeSelection\":\"0to1\",\"edgeRTMS\":10381},{\"edgeSelection\":\"0to1\",\"edgeRTMS\":13114},{\"edgeSelection\":\"0to1\",\"edgeRTMS\":14669},{\"edgeSelection\":\"0to1\",\"edgeRTMS\":15234},{\"edgeSelection\":\"0to1\",\"edgeRTMS\":15838}]","seed":" 53220770","task":"experiment","subjectId":"zrkll4frhdcjfmf","trial_type":"external-html","trial_index":33,"time_elapsed":671482,"internal_node_id":"0.0-9.0-0.25"},{"rt":8374,"url":"../static/nodeGraphs.html","edge":"2to6","edgeRT":"5378","flipped":"TRUE","correct_edge":"2to6","index":"24","edgeClickLog":"[{\"edgeSelection\":\"2to6\",\"edgeRTMS\":4151},{\"edgeSelection\":\"2to6\",\"edgeRTMS\":5378}]","seed":" 36501291","task":"experiment","subjectId":"zrkll4frhdcjfmf","trial_type":"external-html","trial_index":34,"time_elapsed":680439,"internal_node_id":"0.0-9.0-0.26"},{"rt":8847,"url":"../static/nodeGraphs.html","edge":"3to5","edgeRT":"7706","flipped":"FALSE","correct_edge":"3to5","index":"18","edgeClickLog":"[{\"edgeSelection\":\"3to5\",\"edgeRTMS\":7706}]","seed":" 22181670","task":"experiment","subjectId":"zrkll4frhdcjfmf","trial_type":"external-html","trial_index":35,"time_elapsed":689881,"internal_node_id":"0.0-9.0-0.27"},{"rt":19516,"url":"../static/nodeGraphs.html","edge":"0to3","edgeRT":"12864","flipped":"TRUE","correct_edge":"0to2","index":"34","edgeClickLog":"[{\"edgeSelection\":\"3to6\",\"edgeRTMS\":9174},{\"edgeSelection\":\"0to3\",\"edgeRTMS\":12317},{\"edgeSelection\":\"0to3\",\"edgeRTMS\":12864}]","seed":" 21083760","task":"experiment","subjectId":"zrkll4frhdcjfmf","trial_type":"external-html","trial_index":36,"time_elapsed":710012,"internal_node_id":"0.0-9.0-0.28"},{"rt":12566,"url":"../static/nodeGraphs.html","edge":"0to2","edgeRT":"7227","flipped":"TRUE","correct_edge":"0to2","index":"31","edgeClickLog":"[{\"edgeSelection\":\"0to2\",\"edgeRTMS\":7227}]","seed":" 63833578","task":"experiment","subjectId":"zrkll4frhdcjfmf","trial_type":"external-html","trial_index":37,"time_elapsed":723164,"internal_node_id":"0.0-9.0-0.29"},{"rt":11796,"url":"../static/nodeGraphs.html","edge":"0to2","edgeRT":"4972","flipped":"FALSE","correct_edge":"0to2","index":"17","edgeClickLog":"[{\"edgeSelection\":\"0to2\",\"edgeRTMS\":4972}]","seed":" 21211189","task":"experiment","subjectId":"zrkll4frhdcjfmf","trial_type":"external-html","trial_index":38,"time_elapsed":735791,"internal_node_id":"0.0-9.0-0.30"},{"rt":4383,"url":"../static/nodeGraphs.html","edge":"2to6","edgeRT":"3249","flipped":"TRUE","correct_edge":"2to6","index":"25","edgeClickLog":"[{\"edgeSelection\":\"2to6\",\"edgeRTMS\":3249}]","seed":" 10409262","task":"experiment","subjectId":"zrkll4frhdcjfmf","trial_type":"external-html","trial_index":39,"time_elapsed":740776,"internal_node_id":"0.0-9.0-0.31"},{"rt":29590,"url":"../static/nodeGraphs.html","edge":"0to2","edgeRT":"24527","flipped":"TRUE","correct_edge":"0to2","index":"33","edgeClickLog":"[{\"edgeSelection\":\"2to4\",\"edgeRTMS\":15755},{\"edgeSelection\":\"0to2\",\"edgeRTMS\":23749},{\"edgeSelection\":\"0to2\",\"edgeRTMS\":24527}]","seed":" 49587019","task":"experiment","subjectId":"zrkll4frhdcjfmf","trial_type":"external-html","trial_index":40,"time_elapsed":770966,"internal_node_id":"0.0-9.0-0.32"},{"rt":7757,"url":"../static/nodeGraphs.html","edge":"0to1","edgeRT":"6578","flipped":"TRUE","correct_edge":"0to1","index":"32","edgeClickLog":"[{\"edgeSelection\":\"0to1\",\"edgeRTMS\":6578}]","seed":" 36895371","task":"experiment","subjectId":"zrkll4frhdcjfmf","trial_type":"external-html","trial_index":41,"time_elapsed":779329,"internal_node_id":"0.0-9.0-0.33"},{"rt":4387,"url":"../static/nodeGraphs.html","edge":"6to8","edgeRT":"3485","flipped":"TRUE","correct_edge":"6to8","index":"21","edgeClickLog":"[{\"edgeSelection\":\"6to8\",\"edgeRTMS\":2845},{\"edgeSelection\":\"6to8\",\"edgeRTMS\":3485}]","seed":" 32816305","task":"experiment","subjectId":"zrkll4frhdcjfmf","trial_type":"external-html","trial_index":42,"time_elapsed":784323,"internal_node_id":"0.0-9.0-0.34"},{"rt":8603,"url":"../static/nodeGraphs.html","edge":"0to3","edgeRT":"5716","flipped":"TRUE","correct_edge":"0to3","index":"39","edgeClickLog":"[{\"edgeSelection\":\"0to3\",\"edgeRTMS\":5716}]","seed":" 37422119","task":"experiment","subjectId":"zrkll4frhdcjfmf","trial_type":"external-html","trial_index":43,"time_elapsed":793525,"internal_node_id":"0.0-9.0-0.35"},{"rt":8477,"url":"../static/nodeGraphs.html","edge":"3to5","edgeRT":"4068","flipped":"FALSE","correct_edge":"5to9","index":"16","edgeClickLog":"[{\"edgeSelection\":\"3to5\",\"edgeRTMS\":4068}]","seed":" 5655743","task":"experiment","subjectId":"zrkll4frhdcjfmf","trial_type":"external-html","trial_index":44,"time_elapsed":802643,"internal_node_id":"0.0-9.0-0.36"},{"rt":9105,"url":"../static/nodeGraphs.html","edge":"0to1","edgeRT":"5134","flipped":"FALSE","correct_edge":"0to2","index":"14","edgeClickLog":"[{\"edgeSelection\":\"0to1\",\"edgeRTMS\":5134}]","seed":" 21083760","task":"experiment","subjectId":"zrkll4frhdcjfmf","trial_type":"external-html","trial_index":45,"time_elapsed":812342,"internal_node_id":"0.0-9.0-0.37"},{"rt":6399,"url":"../static/nodeGraphs.html","edge":"0to1","edgeRT":"4931","flipped":"FALSE","correct_edge":"0to2","index":"7","edgeClickLog":"[{\"edgeSelection\":\"0to1\",\"edgeRTMS\":4931}]","seed":" 85614324","task":"experiment","subjectId":"zrkll4frhdcjfmf","trial_type":"external-html","trial_index":46,"time_elapsed":819347,"internal_node_id":"0.0-9.0-0.38"},{"rt":16220,"url":"../static/nodeGraphs.html","edge":"0to1","edgeRT":"14067","flipped":"TRUE","correct_edge":"6to9","index":"26","edgeClickLog":"[{\"edgeSelection\":\"0to1\",\"edgeRTMS\":14067}]","seed":" 13523788","task":"experiment","subjectId":"zrkll4frhdcjfmf","trial_type":"external-html","trial_index":47,"time_elapsed":836191,"internal_node_id":"0.0-9.0-0.39"},{"rt":114688,"response":{"P0_Q0":null,"P0_Q1":4,"P0_Q2":6,"P0_Q3":6,"P0_Q4":4,"P0_Q5":2,"strategies":"Sometimes, there was simply a small detour they had to make to earn a few more points. Other times, I tried to direct the student in a general path that had the potential to earn many points, though whether they take all the correct routes on that path is up to the student.","feedback":"There were no problems, everything worked fine."},"accuracy":[],"trial_type":"survey","trial_index":48,"time_elapsed":951462,"internal_node_id":"0.0-10.0"},{"rt":4773,"stimulus":"<p>Thanks for your time!</p>        <p>We need to manually calculate your bonus pay, please give us up to 7 days.</p><p>Press any key to conclude.</p>","response":"k","task":"end","subjectId":"zrkll4frhdcjfmf","trial_type":"html-keyboard-response","trial_index":49,"time_elapsed":956238,"internal_node_id":"0.0-11.0","interactions":"[{\"event\":\"fullscreenenter\",\"trial\":1,\"time\":3310},{\"event\":\"blur\",\"trial\":4,\"time\":243076},{\"event\":\"focus\",\"trial\":4,\"time\":243076},{\"event\":\"fullscreenexit\",\"trial\":4,\"time\":243084}]"}]