[{"success":true,"timeout":false,"failed_images":[],"failed_audio":[],"failed_video":[],"trial_type":"preload","trial_index":0,"time_elapsed":957,"internal_node_id":"0.0-0.0"},{"success":true,"trial_type":"fullscreen","trial_index":1,"time_elapsed":3610,"internal_node_id":"0.0-1.0"},{"rt":1936,"stimulus":"Welcome to the experiment. Press any key to begin.","response":" ","trial_type":"html-keyboard-response","trial_index":2,"time_elapsed":5547,"internal_node_id":"0.0-2.0"},{"view_history":[{"page_index":0,"viewing_time":4288},{"page_index":1,"viewing_time":5117},{"page_index":2,"viewing_time":6450},{"page_index":3,"viewing_time":1755},{"page_index":4,"viewing_time":1726},{"page_index":5,"viewing_time":1289},{"page_index":6,"viewing_time":2055},{"page_index":7,"viewing_time":7845},{"page_index":8,"viewing_time":3195},{"page_index":9,"viewing_time":6391},{"page_index":10,"viewing_time":1154},{"page_index":11,"viewing_time":1574},{"page_index":12,"viewing_time":465},{"page_index":13,"viewing_time":1500},{"page_index":14,"viewing_time":2280},{"page_index":15,"viewing_time":2805},{"page_index":16,"viewing_time":884},{"page_index":17,"viewing_time":346},{"page_index":18,"viewing_time":795},{"page_index":19,"viewing_time":2821},{"page_index":20,"viewing_time":2069},{"page_index":21,"viewing_time":661}],"rt":57465,"trial_type":"instructions","trial_index":3,"time_elapsed":63013,"internal_node_id":"0.0-3.0"},{"rt":80458,"url":"../static/nodeGraphsTraining.html","edgeClickLog":[],"trial_type":"external-html","trial_index":4,"time_elapsed":143630,"internal_node_id":"0.0-4.0"},{"rt":32838,"response":{"q1":"The goal is to help the student to get the most points","q2":"False","q3":"Possible paths the student can take.","q4":"Paths that the student took before."},"question_order":[0,1,2,3],"trial_type":"survey-multi-choice","trial_index":5,"time_elapsed":176470,"internal_node_id":"0.0-5.0"},{"rt":3615,"stimulus":"<p>You can take a 60 second break before starting the experiment.</p><br><br><p>This page will advance in 60 seconds or you can press any key to advance now.</p>","response":" ","trial_type":"html-keyboard-response","trial_index":6,"time_elapsed":180088,"internal_node_id":"0.0-7.0"},{"view_history":[{"page_index":0,"viewing_time":39597}],"rt":39597,"trial_type":"instructions","trial_index":7,"time_elapsed":219686,"internal_node_id":"0.0-8.0"},{"rt":8248,"url":"../static/nodeGraphs.html","edge":"2to4","edgeRT":"6801","flipped":"FALSE","correct_edge":"0to2","index":"11","edgeClickLog":"[{\"edgeSelection\":\"2to4\",\"edgeRTMS\":6801}]","seed":" 63833578","task":"experiment","subjectId":"uum4cnmgsdly402","trial_type":"external-html","trial_index":8,"time_elapsed":228030,"internal_node_id":"0.0-9.0-0.0"},{"rt":6133,"url":"../static/nodeGraphs.html","edge":"2to4","edgeRT":"4742","flipped":"FALSE","correct_edge":"2to4","index":"5","edgeClickLog":"[{\"edgeSelection\":\"2to4\",\"edgeRTMS\":4742}]","seed":" 10409262","task":"experiment","subjectId":"uum4cnmgsdly402","trial_type":"external-html","trial_index":9,"time_elapsed":234765,"internal_node_id":"0.0-9.0-0.1"},{"rt":56886,"url":"../static/nodeGraphs.html","edge":"5to9","edgeRT":"55387","flipped":"FALSE","correct_edge":"5to9","index":"16","edgeClickLog":"[{\"edgeSelection\":\"5to9\",\"edgeRTMS\":55387}]","seed":" 5655743","task":"experiment","subjectId":"uum4cnmgsdly402","trial_type":"external-html","trial_index":10,"time_elapsed":292269,"internal_node_id":"0.0-9.0-0.2"},{"rt":5221,"url":"../static/nodeGraphs.html","edge":"4to7","edgeRT":"4451","flipped":"FALSE","correct_edge":"0to2","index":"10","edgeClickLog":"[{\"edgeSelection\":\"4to7\",\"edgeRTMS\":4451}]","seed":" 39688702","task":"experiment","subjectId":"uum4cnmgsdly402","trial_type":"external-html","trial_index":11,"time_elapsed":298101,"internal_node_id":"0.0-9.0-0.3"},{"rt":79917,"url":"../static/nodeGraphs.html","edge":"1to4","edgeRT":"78698","flipped":"FALSE","correct_edge":"0to2","index":"14","edgeClickLog":"[{\"edgeSelection\":\"1to4\",\"edgeRTMS\":78698}]","seed":" 21083760","task":"experiment","subjectId":"uum4cnmgsdly402","trial_type":"external-html","trial_index":12,"time_elapsed":378620,"internal_node_id":"0.0-9.0-0.4"},{"rt":14351,"url":"../static/nodeGraphs.html","edge":"4to8","edgeRT":"13482","flipped":"FALSE","correct_edge":"4to8","index":"1","edgeClickLog":"[{\"edgeSelection\":\"4to8\",\"edgeRTMS\":13482}]","seed":" 32816305","task":"experiment","subjectId":"uum4cnmgsdly402","trial_type":"external-html","trial_index":13,"time_elapsed":393580,"internal_node_id":"0.0-9.0-0.5"},{"rt":35636,"url":"../static/nodeGraphs.html","edge":"3to5","edgeRT":"34256","flipped":"TRUE","correct_edge":"5to7","index":"36","edgeClickLog":"[{\"edgeSelection\":\"3to5\",\"edgeRTMS\":34256}]","seed":" 5655743","task":"experiment","subjectId":"uum4cnmgsdly402","trial_type":"external-html","trial_index":14,"time_elapsed":429836,"internal_node_id":"0.0-9.0-0.6"},{"rt":6429,"url":"../static/nodeGraphs.html","edge":"4to7","edgeRT":"5106","flipped":"FALSE","correct_edge":"0to3","index":"9","edgeClickLog":"[{\"edgeSelection\":\"4to7\",\"edgeRTMS\":5106}]","seed":" 61187187","task":"experiment","subjectId":"uum4cnmgsdly402","trial_type":"external-html","trial_index":15,"time_elapsed":436892,"internal_node_id":"0.0-9.0-0.7"},{"rt":5095,"url":"../static/nodeGraphs.html","edge":"6to8","edgeRT":"2599","flipped":"TRUE","correct_edge":"3to6","index":"22","edgeClickLog":"[{\"edgeSelection\":\"6to8\",\"edgeRTMS\":2599}]","seed":" 22809663","task":"experiment","subjectId":"uum4cnmgsdly402","trial_type":"external-html","trial_index":16,"time_elapsed":442594,"internal_node_id":"0.0-9.0-0.8"},{"rt":47585,"url":"../static/nodeGraphs.html","edge":"5to8","edgeRT":"46447","flipped":"TRUE","correct_edge":"5to8","index":"23","edgeClickLog":"[{\"edgeSelection\":\"5to8\",\"edgeRTMS\":46447}]","seed":" 46003743","task":"experiment","subjectId":"uum4cnmgsdly402","trial_type":"external-html","trial_index":17,"time_elapsed":490780,"internal_node_id":"0.0-9.0-0.9"},{"rt":3188,"url":"../static/nodeGraphs.html","edge":"5to8","edgeRT":"1721","flipped":"FALSE","correct_edge":"3to5","index":"18","edgeClickLog":"[{\"edgeSelection\":\"5to8\",\"edgeRTMS\":1721}]","seed":" 22181670","task":"experiment","subjectId":"uum4cnmgsdly402","trial_type":"external-html","trial_index":18,"time_elapsed":494580,"internal_node_id":"0.0-9.0-0.10"},{"rt":7025,"url":"../static/nodeGraphs.html","edge":"1to4","edgeRT":"6028","flipped":"TRUE","correct_edge":"0to1","index":"32","edgeClickLog":"[{\"edgeSelection\":\"1to4\",\"edgeRTMS\":6028}]","seed":" 36895371","task":"experiment","subjectId":"uum4cnmgsdly402","trial_type":"external-html","trial_index":19,"time_elapsed":502260,"internal_node_id":"0.0-9.0-0.11"},{"rt":4309,"url":"../static/nodeGraphs.html","edge":"4to7","edgeRT":"2506","flipped":"TRUE","correct_edge":"0to2","index":"33","edgeClickLog":"[{\"edgeSelection\":\"4to7\",\"edgeRTMS\":2506}]","seed":" 49587019","task":"experiment","subjectId":"uum4cnmgsdly402","trial_type":"external-html","trial_index":20,"time_elapsed":507212,"internal_node_id":"0.0-9.0-0.12"},{"rt":4789,"url":"../static/nodeGraphs.html","edge":"6to9","edgeRT":"3090","flipped":"FALSE","correct_edge":"0to1","index":"0","edgeClickLog":"[{\"edgeSelection\":\"6to9\",\"edgeRTMS\":3090}]","seed":" 21745736","task":"experiment","subjectId":"uum4cnmgsdly402","trial_type":"external-html","trial_index":21,"time_elapsed":512732,"internal_node_id":"0.0-9.0-0.13"},{"rt":19604,"url":"../static/nodeGraphs.html","edge":"6to9","edgeRT":"18730","flipped":"TRUE","correct_edge":"0to2","index":"28","edgeClickLog":"[{\"edgeSelection\":\"6to9\",\"edgeRTMS\":18730}]","seed":" 8396978","task":"experiment","subjectId":"uum4cnmgsdly402","trial_type":"external-html","trial_index":22,"time_elapsed":532963,"internal_node_id":"0.0-9.0-0.14"},{"rt":26439,"url":"../static/nodeGraphs.html","edge":"4to7","edgeRT":"25678","flipped":"FALSE","correct_edge":"0to2","index":"8","edgeClickLog":"[{\"edgeSelection\":\"4to7\",\"edgeRTMS\":25678}]","seed":" 8396978","task":"experiment","subjectId":"uum4cnmgsdly402","trial_type":"external-html","trial_index":23,"time_elapsed":560010,"internal_node_id":"0.0-9.0-0.15"},{"rt":3509,"url":"../static/nodeGraphs.html","edge":"6to9","edgeRT":"2209","flipped":"TRUE","correct_edge":"6to9","index":"26","edgeClickLog":"[{\"edgeSelection\":\"6to9\",\"edgeRTMS\":2209}]","seed":" 13523788","task":"experiment","subjectId":"uum4cnmgsdly402","trial_type":"external-html","trial_index":24,"time_elapsed":564163,"internal_node_id":"0.0-9.0-0.16"},{"rt":64301,"url":"../static/nodeGraphs.html","edge":"5to8","edgeRT":"63133","flipped":"TRUE","correct_edge":"0to2","index":"37","edgeClickLog":"[{\"edgeSelection\":\"5to8\",\"edgeRTMS\":63133}]","seed":" 21211189","task":"experiment","subjectId":"uum4cnmgsdly402","trial_type":"external-html","trial_index":25,"time_elapsed":629083,"internal_node_id":"0.0-9.0-0.17"},{"rt":3709,"url":"../static/nodeGraphs.html","edge":"6to9","edgeRT":"3056","flipped":"TRUE","correct_edge":"2to6","index":"24","edgeClickLog":"[{\"edgeSelection\":\"6to9\",\"edgeRTMS\":3056}]","seed":" 36501291","task":"experiment","subjectId":"uum4cnmgsdly402","trial_type":"external-html","trial_index":26,"time_elapsed":633395,"internal_node_id":"0.0-9.0-0.18"},{"rt":3017,"url":"../static/nodeGraphs.html","edge":"5to8","edgeRT":"2375","flipped":"FALSE","correct_edge":"0to2","index":"7","edgeClickLog":"[{\"edgeSelection\":\"5to8\",\"edgeRTMS\":2375}]","seed":" 85614324","task":"experiment","subjectId":"uum4cnmgsdly402","trial_type":"external-html","trial_index":27,"time_elapsed":637050,"internal_node_id":"0.0-9.0-0.19"},{"rt":123278,"url":"../static/nodeGraphs.html","edge":"6to8","edgeRT":"122364","flipped":"TRUE","correct_edge":"6to8","index":"21","edgeClickLog":"[{\"edgeSelection\":\"6to8\",\"edgeRTMS\":122364}]","seed":" 32816305","task":"experiment","subjectId":"uum4cnmgsdly402","trial_type":"external-html","trial_index":28,"time_elapsed":760946,"internal_node_id":"0.0-9.0-0.20"},{"rt":2973,"url":"../static/nodeGraphs.html","edge":"5to8","edgeRT":"1712","flipped":"TRUE","correct_edge":"1to5","index":"38","edgeClickLog":"[{\"edgeSelection\":\"5to8\",\"edgeRTMS\":1712}]","seed":" 22181670","task":"experiment","subjectId":"uum4cnmgsdly402","trial_type":"external-html","trial_index":29,"time_elapsed":764522,"internal_node_id":"0.0-9.0-0.21"},{"rt":8980,"url":"../static/nodeGraphs.html","edge":"6to9","edgeRT":"8032","flipped":"FALSE","correct_edge":"0to3","index":"12","edgeClickLog":"[{\"edgeSelection\":\"6to9\",\"edgeRTMS\":8032}]","seed":" 36895371","task":"experiment","subjectId":"uum4cnmgsdly402","trial_type":"external-html","trial_index":30,"time_elapsed":774162,"internal_node_id":"0.0-9.0-0.22"},{"rt":7159,"url":"../static/nodeGraphs.html","edge":"2to6","edgeRT":"5968","flipped":"TRUE","correct_edge":"0to2","index":"31","edgeClickLog":"[{\"edgeSelection\":\"6to9\",\"edgeRTMS\":1990},{\"edgeSelection\":\"2to6\",\"edgeRTMS\":5968}]","seed":" 63833578","task":"experiment","subjectId":"uum4cnmgsdly402","trial_type":"external-html","trial_index":31,"time_elapsed":781922,"internal_node_id":"0.0-9.0-0.23"},{"rt":3678,"url":"../static/nodeGraphs.html","edge":"2to6","edgeRT":"2762","flipped":"TRUE","correct_edge":"2to6","index":"25","edgeClickLog":"[{\"edgeSelection\":\"2to6\",\"edgeRTMS\":2762}]","seed":" 10409262","task":"experiment","subjectId":"uum4cnmgsdly402","trial_type":"external-html","trial_index":32,"time_elapsed":786202,"internal_node_id":"0.0-9.0-0.24"},{"rt":13119,"url":"../static/nodeGraphs.html","edge":"5to7","edgeRT":"12252","flipped":"FALSE","correct_edge":"4to7","index":"6","edgeClickLog":"[{\"edgeSelection\":\"5to7\",\"edgeRTMS\":12252}]","seed":" 13523788","task":"experiment","subjectId":"uum4cnmgsdly402","trial_type":"external-html","trial_index":33,"time_elapsed":799922,"internal_node_id":"0.0-9.0-0.25"},{"rt":131198,"url":"../static/nodeGraphs.html","edge":"4to7","edgeRT":"130507","flipped":"FALSE","correct_edge":"0to1","index":"19","edgeClickLog":"[{\"edgeSelection\":\"4to7\",\"edgeRTMS\":130026},{\"edgeSelection\":\"4to7\",\"edgeRTMS\":130507}]","seed":" 37422119","task":"experiment","subjectId":"uum4cnmgsdly402","trial_type":"external-html","trial_index":34,"time_elapsed":931738,"internal_node_id":"0.0-9.0-0.26"},{"rt":4298,"url":"../static/nodeGraphs.html","edge":"6to9","edgeRT":"3055","flipped":"FALSE","correct_edge":"0to2","index":"13","edgeClickLog":"[{\"edgeSelection\":\"6to9\",\"edgeRTMS\":3055}]","seed":" 49587019","task":"experiment","subjectId":"uum4cnmgsdly402","trial_type":"external-html","trial_index":35,"time_elapsed":936633,"internal_node_id":"0.0-9.0-0.27"},{"rt":5989,"url":"../static/nodeGraphs.html","edge":"4to8","edgeRT":"4938","flipped":"FALSE","correct_edge":"1to4","index":"2","edgeClickLog":"[{\"edgeSelection\":\"4to8\",\"edgeRTMS\":4464},{\"edgeSelection\":\"4to8\",\"edgeRTMS\":4938}]","seed":" 22809663","task":"experiment","subjectId":"uum4cnmgsdly402","trial_type":"external-html","trial_index":36,"time_elapsed":943233,"internal_node_id":"0.0-9.0-0.28"},{"rt":3403,"url":"../static/nodeGraphs.html","edge":"6to9","edgeRT":"2464","flipped":"FALSE","correct_edge":"2to6","index":"15","edgeClickLog":"[{\"edgeSelection\":\"6to9\",\"edgeRTMS\":2464}]","seed":" 53220770","task":"experiment","subjectId":"uum4cnmgsdly402","trial_type":"external-html","trial_index":37,"time_elapsed":947273,"internal_node_id":"0.0-9.0-0.29"},{"rt":81438,"url":"../static/nodeGraphs.html","edge":"3to6","edgeRT":"80014","flipped":"TRUE","correct_edge":"0to2","index":"34","edgeClickLog":"[{\"edgeSelection\":\"3to6\",\"edgeRTMS\":80014}]","seed":" 21083760","task":"experiment","subjectId":"uum4cnmgsdly402","trial_type":"external-html","trial_index":38,"time_elapsed":1029320,"internal_node_id":"0.0-9.0-0.30"},{"rt":25785,"url":"../static/nodeGraphs.html","edge":"5to8","edgeRT":"24943","flipped":"FALSE","correct_edge":"0to2","index":"17","edgeClickLog":"[{\"edgeSelection\":\"5to8\",\"edgeRTMS\":24943}]","seed":" 21211189","task":"experiment","subjectId":"uum4cnmgsdly402","trial_type":"external-html","trial_index":39,"time_elapsed":1055710,"internal_node_id":"0.0-9.0-0.31"},{"rt":6795,"url":"../static/nodeGraphs.html","edge":"6to9","edgeRT":"5716","flipped":"TRUE","correct_edge":"0to3","index":"39","edgeClickLog":"[{\"edgeSelection\":\"6to9\",\"edgeRTMS\":5716}]","seed":" 37422119","task":"experiment","subjectId":"uum4cnmgsdly402","trial_type":"external-html","trial_index":40,"time_elapsed":1063140,"internal_node_id":"0.0-9.0-0.32"},{"rt":17986,"url":"../static/nodeGraphs.html","edge":"4to7","edgeRT":"17178","flipped":"TRUE","correct_edge":"2to4","index":"35","edgeClickLog":"[{\"edgeSelection\":\"4to7\",\"edgeRTMS\":17178}]","seed":" 53220770","task":"experiment","subjectId":"uum4cnmgsdly402","trial_type":"external-html","trial_index":41,"time_elapsed":1081737,"internal_node_id":"0.0-9.0-0.33"},{"rt":15127,"url":"../static/nodeGraphs.html","edge":"5to8","edgeRT":"13985","flipped":"FALSE","correct_edge":"5to8","index":"3","edgeClickLog":"[{\"edgeSelection\":\"5to8\",\"edgeRTMS\":13985}]","seed":" 46003743","task":"experiment","subjectId":"uum4cnmgsdly402","trial_type":"external-html","trial_index":42,"time_elapsed":1097468,"internal_node_id":"0.0-9.0-0.34"},{"rt":6170,"url":"../static/nodeGraphs.html","edge":"2to4","edgeRT":"5312","flipped":"FALSE","correct_edge":"2to4","index":"4","edgeClickLog":"[{\"edgeSelection\":\"2to4\",\"edgeRTMS\":5312}]","seed":" 36501291","task":"experiment","subjectId":"uum4cnmgsdly402","trial_type":"external-html","trial_index":43,"time_elapsed":1104236,"internal_node_id":"0.0-9.0-0.35"},{"rt":18288,"url":"../static/nodeGraphs.html","edge":"4to8","edgeRT":"16958","flipped":"TRUE","correct_edge":"0to1","index":"29","edgeClickLog":"[{\"edgeSelection\":\"4to8\",\"edgeRTMS\":16958}]","seed":" 61187187","task":"experiment","subjectId":"uum4cnmgsdly402","trial_type":"external-html","trial_index":44,"time_elapsed":1123126,"internal_node_id":"0.0-9.0-0.36"},{"rt":50206,"url":"../static/nodeGraphs.html","edge":"6to8","edgeRT":"16829","flipped":"TRUE","correct_edge":"0to2","index":"30","edgeClickLog":"[{\"edgeSelection\":\"6to8\",\"edgeRTMS\":2866},{\"edgeSelection\":\"6to8\",\"edgeRTMS\":15325},{\"edgeSelection\":\"6to8\",\"edgeRTMS\":15998},{\"edgeSelection\":\"6to8\",\"edgeRTMS\":16829}]","seed":" 39688702","task":"experiment","subjectId":"uum4cnmgsdly402","trial_type":"external-html","trial_index":45,"time_elapsed":1173944,"internal_node_id":"0.0-9.0-0.37"},{"rt":5818,"url":"../static/nodeGraphs.html","edge":"2to6","edgeRT":"4202","flipped":"TRUE","correct_edge":"0to2","index":"27","edgeClickLog":"[{\"edgeSelection\":\"2to6\",\"edgeRTMS\":4202}]","seed":" 85614324","task":"experiment","subjectId":"uum4cnmgsdly402","trial_type":"external-html","trial_index":46,"time_elapsed":1180398,"internal_node_id":"0.0-9.0-0.38"},{"rt":8502,"url":"../static/nodeGraphs.html","edge":"0to3","edgeRT":"7469","flipped":"TRUE","correct_edge":"0to3","index":"20","edgeClickLog":"[{\"edgeSelection\":\"0to3\",\"edgeRTMS\":7469}]","seed":" 21745736","task":"experiment","subjectId":"uum4cnmgsdly402","trial_type":"external-html","trial_index":47,"time_elapsed":1189509,"internal_node_id":"0.0-9.0-0.39"},{"rt":26713,"response":{"P0_Q0":null,"P0_Q1":4,"P0_Q2":7,"P0_Q3":7,"P0_Q4":7,"P0_Q5":2,"strategies":"Trying to show another path to a higher amount.","feedback":""},"accuracy":[],"trial_type":"survey","trial_index":48,"time_elapsed":1216789,"internal_node_id":"0.0-10.0"},{"rt":30367,"stimulus":"<p>Thanks for your time!</p>        <p>We need to manually calculate your bonus pay, please give us up to 7 days.</p><p>Press any key to conclude.</p>","response":"v","task":"end","subjectId":"uum4cnmgsdly402","trial_type":"html-keyboard-response","trial_index":49,"time_elapsed":1247158,"internal_node_id":"0.0-11.0","interactions":"[{\"event\":\"fullscreenenter\",\"trial\":1,\"time\":2632},{\"event\":\"blur\",\"trial\":4,\"time\":71396},{\"event\":\"focus\",\"trial\":4,\"time\":83160},{\"event\":\"blur\",\"trial\":4,\"time\":90964},{\"event\":\"fullscreenexit\",\"trial\":4,\"time\":90967},{\"event\":\"focus\",\"trial\":4,\"time\":91133},{\"event\":\"blur\",\"trial\":4,\"time\":118646},{\"event\":\"focus\",\"trial\":4,\"time\":133400},{\"event\":\"blur\",\"trial\":7,\"time\":181171},{\"event\":\"focus\",\"trial\":7,\"time\":218488},{\"event\":\"blur\",\"trial\":10,\"time\":237962},{\"event\":\"focus\",\"trial\":10,\"time\":290254},{\"event\":\"blur\",\"trial\":12,\"time\":299274},{\"event\":\"focus\",\"trial\":12,\"time\":376743},{\"event\":\"blur\",\"trial\":14,\"time\":396964},{\"event\":\"focus\",\"trial\":14,\"time\":426591},{\"event\":\"blur\",\"trial\":17,\"time\":444204},{\"event\":\"focus\",\"trial\":17,\"time\":489054},{\"event\":\"blur\",\"trial\":22,\"time\":514194},{\"event\":\"focus\",\"trial\":22,\"time\":531341},{\"event\":\"blur\",\"trial\":23,\"time\":534601},{\"event\":\"focus\",\"trial\":23,\"time\":558869},{\"event\":\"blur\",\"trial\":25,\"time\":567793},{\"event\":\"focus\",\"trial\":25,\"time\":627445},{\"event\":\"blur\",\"trial\":28,\"time\":638065},{\"event\":\"focus\",\"trial\":28,\"time\":758261},{\"event\":\"blur\",\"trial\":33,\"time\":788011},{\"event\":\"focus\",\"trial\":33,\"time\":795356},{\"event\":\"blur\",\"trial\":34,\"time\":800772},{\"event\":\"focus\",\"trial\":34,\"time\":926604},{\"event\":\"blur\",\"trial\":34,\"time\":929681},{\"event\":\"focus\",\"trial\":34,\"time\":929858},{\"event\":\"blur\",\"trial\":38,\"time\":949094},{\"event\":\"focus\",\"trial\":38,\"time\":1027362},{\"event\":\"blur\",\"trial\":39,\"time\":1030156},{\"event\":\"focus\",\"trial\":39,\"time\":1054427},{\"event\":\"blur\",\"trial\":40,\"time\":1059865},{\"event\":\"focus\",\"trial\":40,\"time\":1061571},{\"event\":\"blur\",\"trial\":41,\"time\":1067324},{\"event\":\"focus\",\"trial\":41,\"time\":1080370},{\"event\":\"blur\",\"trial\":42,\"time\":1090080},{\"event\":\"focus\",\"trial\":42,\"time\":1095647},{\"event\":\"blur\",\"trial\":44,\"time\":1108314},{\"event\":\"focus\",\"trial\":44,\"time\":1120921},{\"event\":\"blur\",\"trial\":45,\"time\":1128555},{\"event\":\"focus\",\"trial\":45,\"time\":1138606},{\"event\":\"blur\",\"trial\":45,\"time\":1162761},{\"event\":\"focus\",\"trial\":45,\"time\":1173384},{\"event\":\"blur\",\"trial\":49,\"time\":1218995},{\"event\":\"focus\",\"trial\":49,\"time\":1246341},{\"event\":\"blur\",\"trial\":49,\"time\":1246512},{\"event\":\"focus\",\"trial\":49,\"time\":1246589}]"}]