[{"success":true,"timeout":false,"failed_images":[],"failed_audio":[],"failed_video":[],"trial_type":"preload","trial_index":0,"time_elapsed":619,"internal_node_id":"0.0-0.0"},{"success":true,"trial_type":"fullscreen","trial_index":1,"time_elapsed":4012,"internal_node_id":"0.0-1.0"},{"rt":8267,"stimulus":"Welcome to the experiment. Press any key to begin.","response":" ","trial_type":"html-keyboard-response","trial_index":2,"time_elapsed":12296,"internal_node_id":"0.0-2.0"},{"view_history":[{"page_index":0,"viewing_time":2845},{"page_index":1,"viewing_time":5245},{"page_index":2,"viewing_time":35055},{"page_index":3,"viewing_time":5191},{"page_index":4,"viewing_time":1352},{"page_index":5,"viewing_time":626},{"page_index":6,"viewing_time":1597},{"page_index":7,"viewing_time":6961},{"page_index":8,"viewing_time":12586},{"page_index":9,"viewing_time":7552},{"page_index":10,"viewing_time":2276},{"page_index":11,"viewing_time":642},{"page_index":12,"viewing_time":407},{"page_index":13,"viewing_time":653},{"page_index":14,"viewing_time":3940},{"page_index":15,"viewing_time":8049},{"page_index":16,"viewing_time":1781},{"page_index":17,"viewing_time":858},{"page_index":18,"viewing_time":624},{"page_index":19,"viewing_time":4020},{"page_index":20,"viewing_time":4702},{"page_index":21,"viewing_time":4223}],"rt":111185,"trial_type":"instructions","trial_index":3,"time_elapsed":123483,"internal_node_id":"0.0-3.0"},{"rt":63019,"url":"../static/nodeGraphsTraining.html","edgeClickLog":[],"trial_type":"external-html","trial_index":4,"time_elapsed":186698,"internal_node_id":"0.0-4.0"},{"rt":18622,"response":{"q1":"The goal is to help the student to get the most points","q2":"False","q3":"Possible paths the student can take.","q4":"Paths that the student took before."},"question_order":[0,1,2,3],"trial_type":"survey-multi-choice","trial_index":5,"time_elapsed":205331,"internal_node_id":"0.0-5.0"},{"rt":5134,"stimulus":"<p>You can take a 60 second break before starting the experiment.</p><br><br><p>This page will advance in 60 seconds or you can press any key to advance now.</p>","response":" ","trial_type":"html-keyboard-response","trial_index":6,"time_elapsed":210489,"internal_node_id":"0.0-7.0"},{"view_history":[{"page_index":0,"viewing_time":14681}],"rt":14684,"trial_type":"instructions","trial_index":7,"time_elapsed":225175,"internal_node_id":"0.0-8.0"},{"rt":41032,"url":"../static/nodeGraphs.html","edge":"2to6","edgeRT":"39178","flipped":"FALSE","correct_edge":"0to2","index":"13","edgeClickLog":"[{\"edgeSelection\":\"2to6\",\"edgeRTMS\":39178}]","seed":" 49587019","task":"experiment","subjectId":"zljadgxwuv4amfm","trial_type":"external-html","trial_index":8,"time_elapsed":266317,"internal_node_id":"0.0-9.0-0.0"},{"rt":14079,"url":"../static/nodeGraphs.html","edge":"0to3","edgeRT":"12242","flipped":"TRUE","correct_edge":"0to3","index":"20","edgeClickLog":"[{\"edgeSelection\":\"0to3\",\"edgeRTMS\":12242}]","seed":" 21745736","task":"experiment","subjectId":"zljadgxwuv4amfm","trial_type":"external-html","trial_index":9,"time_elapsed":281014,"internal_node_id":"0.0-9.0-0.1"},{"rt":25930,"url":"../static/nodeGraphs.html","edge":"3to6","edgeRT":"24803","flipped":"TRUE","correct_edge":"0to2","index":"31","edgeClickLog":"[{\"edgeSelection\":\"3to6\",\"edgeRTMS\":24803}]","seed":" 63833578","task":"experiment","subjectId":"zljadgxwuv4amfm","trial_type":"external-html","trial_index":10,"time_elapsed":307550,"internal_node_id":"0.0-9.0-0.2"},{"rt":18640,"url":"../static/nodeGraphs.html","edge":"0to2","edgeRT":"17232","flipped":"TRUE","correct_edge":"0to2","index":"27","edgeClickLog":"[{\"edgeSelection\":\"0to2\",\"edgeRTMS\":17232}]","seed":" 85614324","task":"experiment","subjectId":"zljadgxwuv4amfm","trial_type":"external-html","trial_index":11,"time_elapsed":327267,"internal_node_id":"0.0-9.0-0.3"},{"rt":14888,"url":"../static/nodeGraphs.html","edge":"0to2","edgeRT":"13631","flipped":"FALSE","correct_edge":"0to2","index":"11","edgeClickLog":"[{\"edgeSelection\":\"0to2\",\"edgeRTMS\":13631}]","seed":" 63833578","task":"experiment","subjectId":"zljadgxwuv4amfm","trial_type":"external-html","trial_index":12,"time_elapsed":342766,"internal_node_id":"0.0-9.0-0.4"},{"rt":10908,"url":"../static/nodeGraphs.html","edge":"0to2","edgeRT":"9476","flipped":"TRUE","correct_edge":"1to5","index":"38","edgeClickLog":"[{\"edgeSelection\":\"0to2\",\"edgeRTMS\":9476}]","seed":" 22181670","task":"experiment","subjectId":"zljadgxwuv4amfm","trial_type":"external-html","trial_index":13,"time_elapsed":354291,"internal_node_id":"0.0-9.0-0.5"},{"rt":6966,"url":"../static/nodeGraphs.html","edge":"0to2","edgeRT":"5617","flipped":"TRUE","correct_edge":"0to2","index":"37","edgeClickLog":"[{\"edgeSelection\":\"0to2\",\"edgeRTMS\":5617}]","seed":" 21211189","task":"experiment","subjectId":"zljadgxwuv4amfm","trial_type":"external-html","trial_index":14,"time_elapsed":361865,"internal_node_id":"0.0-9.0-0.6"},{"rt":12290,"url":"../static/nodeGraphs.html","edge":"3to5","edgeRT":"10917","flipped":"FALSE","correct_edge":"5to9","index":"16","edgeClickLog":"[{\"edgeSelection\":\"3to5\",\"edgeRTMS\":10917}]","seed":" 5655743","task":"experiment","subjectId":"zljadgxwuv4amfm","trial_type":"external-html","trial_index":15,"time_elapsed":374763,"internal_node_id":"0.0-9.0-0.7"},{"rt":12069,"url":"../static/nodeGraphs.html","edge":"2to4","edgeRT":"9008","flipped":"FALSE","correct_edge":"0to2","index":"14","edgeClickLog":"[{\"edgeSelection\":\"2to4\",\"edgeRTMS\":9008}]","seed":" 21083760","task":"experiment","subjectId":"zljadgxwuv4amfm","trial_type":"external-html","trial_index":16,"time_elapsed":387481,"internal_node_id":"0.0-9.0-0.8"},{"rt":10229,"url":"../static/nodeGraphs.html","edge":"0to2","edgeRT":"8799","flipped":"FALSE","correct_edge":"0to2","index":"17","edgeClickLog":"[{\"edgeSelection\":\"0to2\",\"edgeRTMS\":8799}]","seed":" 21211189","task":"experiment","subjectId":"zljadgxwuv4amfm","trial_type":"external-html","trial_index":17,"time_elapsed":398364,"internal_node_id":"0.0-9.0-0.9"},{"rt":14299,"url":"../static/nodeGraphs.html","edge":"0to2","edgeRT":"12127","flipped":"TRUE","correct_edge":"0to2","index":"28","edgeClickLog":"[{\"edgeSelection\":\"0to2\",\"edgeRTMS\":12127}]","seed":" 8396978","task":"experiment","subjectId":"zljadgxwuv4amfm","trial_type":"external-html","trial_index":18,"time_elapsed":413272,"internal_node_id":"0.0-9.0-0.10"},{"rt":8309,"url":"../static/nodeGraphs.html","edge":"1to5","edgeRT":"6359","flipped":"TRUE","correct_edge":"5to7","index":"36","edgeClickLog":"[{\"edgeSelection\":\"1to5\",\"edgeRTMS\":6359}]","seed":" 5655743","task":"experiment","subjectId":"zljadgxwuv4amfm","trial_type":"external-html","trial_index":19,"time_elapsed":422773,"internal_node_id":"0.0-9.0-0.11"},{"rt":7012,"url":"../static/nodeGraphs.html","edge":"4to8","edgeRT":"4669","flipped":"FALSE","correct_edge":"4to8","index":"1","edgeClickLog":"[{\"edgeSelection\":\"4to8\",\"edgeRTMS\":4669}]","seed":" 32816305","task":"experiment","subjectId":"zljadgxwuv4amfm","trial_type":"external-html","trial_index":20,"time_elapsed":430390,"internal_node_id":"0.0-9.0-0.12"},{"rt":4774,"url":"../static/nodeGraphs.html","edge":"6to8","edgeRT":"3405","flipped":"TRUE","correct_edge":"6to8","index":"21","edgeClickLog":"[{\"edgeSelection\":\"6to8\",\"edgeRTMS\":3405}]","seed":" 32816305","task":"experiment","subjectId":"zljadgxwuv4amfm","trial_type":"external-html","trial_index":21,"time_elapsed":435768,"internal_node_id":"0.0-9.0-0.13"},{"rt":8554,"url":"../static/nodeGraphs.html","edge":"0to1","edgeRT":"7399","flipped":"FALSE","correct_edge":"0to1","index":"19","edgeClickLog":"[{\"edgeSelection\":\"0to1\",\"edgeRTMS\":7399}]","seed":" 37422119","task":"experiment","subjectId":"zljadgxwuv4amfm","trial_type":"external-html","trial_index":22,"time_elapsed":444972,"internal_node_id":"0.0-9.0-0.14"},{"rt":8202,"url":"../static/nodeGraphs.html","edge":"4to7","edgeRT":"6999","flipped":"FALSE","correct_edge":"4to7","index":"6","edgeClickLog":"[{\"edgeSelection\":\"4to7\",\"edgeRTMS\":6999}]","seed":" 13523788","task":"experiment","subjectId":"zljadgxwuv4amfm","trial_type":"external-html","trial_index":23,"time_elapsed":453805,"internal_node_id":"0.0-9.0-0.15"},{"rt":9329,"url":"../static/nodeGraphs.html","edge":"0to2","edgeRT":"7081","flipped":"FALSE","correct_edge":"0to2","index":"8","edgeClickLog":"[{\"edgeSelection\":\"0to2\",\"edgeRTMS\":7081}]","seed":" 8396978","task":"experiment","subjectId":"zljadgxwuv4amfm","trial_type":"external-html","trial_index":24,"time_elapsed":463741,"internal_node_id":"0.0-9.0-0.16"},{"rt":6555,"url":"../static/nodeGraphs.html","edge":"3to6","edgeRT":"5390","flipped":"TRUE","correct_edge":"3to6","index":"22","edgeClickLog":"[{\"edgeSelection\":\"3to6\",\"edgeRTMS\":5390}]","seed":" 22809663","task":"experiment","subjectId":"zljadgxwuv4amfm","trial_type":"external-html","trial_index":25,"time_elapsed":470909,"internal_node_id":"0.0-9.0-0.17"},{"rt":4922,"url":"../static/nodeGraphs.html","edge":"1to4","edgeRT":"3241","flipped":"FALSE","correct_edge":"1to4","index":"2","edgeClickLog":"[{\"edgeSelection\":\"1to4\",\"edgeRTMS\":3241}]","seed":" 22809663","task":"experiment","subjectId":"zljadgxwuv4amfm","trial_type":"external-html","trial_index":26,"time_elapsed":476459,"internal_node_id":"0.0-9.0-0.18"},{"rt":13520,"url":"../static/nodeGraphs.html","edge":"0to3","edgeRT":"10498","flipped":"TRUE","correct_edge":"0to2","index":"34","edgeClickLog":"[{\"edgeSelection\":\"0to3\",\"edgeRTMS\":10498}]","seed":" 21083760","task":"experiment","subjectId":"zljadgxwuv4amfm","trial_type":"external-html","trial_index":27,"time_elapsed":491358,"internal_node_id":"0.0-9.0-0.19"},{"rt":5394,"url":"../static/nodeGraphs.html","edge":"0to3","edgeRT":"3716","flipped":"TRUE","correct_edge":"0to3","index":"39","edgeClickLog":"[{\"edgeSelection\":\"0to3\",\"edgeRTMS\":3716}]","seed":" 37422119","task":"experiment","subjectId":"zljadgxwuv4amfm","trial_type":"external-html","trial_index":28,"time_elapsed":497359,"internal_node_id":"0.0-9.0-0.20"},{"rt":3839,"url":"../static/nodeGraphs.html","edge":"0to3","edgeRT":"2593","flipped":"FALSE","correct_edge":"0to3","index":"9","edgeClickLog":"[{\"edgeSelection\":\"0to3\",\"edgeRTMS\":2593}]","seed":" 61187187","task":"experiment","subjectId":"zljadgxwuv4amfm","trial_type":"external-html","trial_index":29,"time_elapsed":501813,"internal_node_id":"0.0-9.0-0.21"},{"rt":3913,"url":"../static/nodeGraphs.html","edge":"5to8","edgeRT":"2941","flipped":"FALSE","correct_edge":"5to8","index":"3","edgeClickLog":"[{\"edgeSelection\":\"5to8\",\"edgeRTMS\":2941}]","seed":" 46003743","task":"experiment","subjectId":"zljadgxwuv4amfm","trial_type":"external-html","trial_index":30,"time_elapsed":506351,"internal_node_id":"0.0-9.0-0.22"},{"rt":5574,"url":"../static/nodeGraphs.html","edge":"2to6","edgeRT":"3642","flipped":"TRUE","correct_edge":"2to6","index":"25","edgeClickLog":"[{\"edgeSelection\":\"2to6\",\"edgeRTMS\":3642}]","seed":" 10409262","task":"experiment","subjectId":"zljadgxwuv4amfm","trial_type":"external-html","trial_index":31,"time_elapsed":512525,"internal_node_id":"0.0-9.0-0.23"},{"rt":7263,"url":"../static/nodeGraphs.html","edge":"0to2","edgeRT":"5766","flipped":"FALSE","correct_edge":"0to2","index":"10","edgeClickLog":"[{\"edgeSelection\":\"0to2\",\"edgeRTMS\":5766}]","seed":" 39688702","task":"experiment","subjectId":"zljadgxwuv4amfm","trial_type":"external-html","trial_index":32,"time_elapsed":520400,"internal_node_id":"0.0-9.0-0.24"},{"rt":10529,"url":"../static/nodeGraphs.html","edge":"6to9","edgeRT":"7016","flipped":"FALSE","correct_edge":"0to3","index":"12","edgeClickLog":"[{\"edgeSelection\":\"6to9\",\"edgeRTMS\":7016}]","seed":" 36895371","task":"experiment","subjectId":"zljadgxwuv4amfm","trial_type":"external-html","trial_index":33,"time_elapsed":532023,"internal_node_id":"0.0-9.0-0.25"},{"rt":5869,"url":"../static/nodeGraphs.html","edge":"0to2","edgeRT":"4578","flipped":"FALSE","correct_edge":"3to5","index":"18","edgeClickLog":"[{\"edgeSelection\":\"0to2\",\"edgeRTMS\":4578}]","seed":" 22181670","task":"experiment","subjectId":"zljadgxwuv4amfm","trial_type":"external-html","trial_index":34,"time_elapsed":538544,"internal_node_id":"0.0-9.0-0.26"},{"rt":5805,"url":"../static/nodeGraphs.html","edge":"2to6","edgeRT":"4235","flipped":"TRUE","correct_edge":"2to6","index":"24","edgeClickLog":"[{\"edgeSelection\":\"2to6\",\"edgeRTMS\":4235}]","seed":" 36501291","task":"experiment","subjectId":"zljadgxwuv4amfm","trial_type":"external-html","trial_index":35,"time_elapsed":544958,"internal_node_id":"0.0-9.0-0.27"},{"rt":4348,"url":"../static/nodeGraphs.html","edge":"0to2","edgeRT":"3132","flipped":"FALSE","correct_edge":"0to2","index":"7","edgeClickLog":"[{\"edgeSelection\":\"0to2\",\"edgeRTMS\":3132}]","seed":" 85614324","task":"experiment","subjectId":"zljadgxwuv4amfm","trial_type":"external-html","trial_index":36,"time_elapsed":549913,"internal_node_id":"0.0-9.0-0.28"},{"rt":15620,"url":"../static/nodeGraphs.html","edge":"0to1","edgeRT":"14784","flipped":"TRUE","correct_edge":"6to9","index":"26","edgeClickLog":"[{\"edgeSelection\":\"2to5\",\"edgeRTMS\":6862},{\"edgeSelection\":\"0to1\",\"edgeRTMS\":14784}]","seed":" 13523788","task":"experiment","subjectId":"zljadgxwuv4amfm","trial_type":"external-html","trial_index":37,"time_elapsed":566139,"internal_node_id":"0.0-9.0-0.29"},{"rt":3348,"url":"../static/nodeGraphs.html","edge":"5to8","edgeRT":"2526","flipped":"TRUE","correct_edge":"5to8","index":"23","edgeClickLog":"[{\"edgeSelection\":\"5to8\",\"edgeRTMS\":2526}]","seed":" 46003743","task":"experiment","subjectId":"zljadgxwuv4amfm","trial_type":"external-html","trial_index":38,"time_elapsed":570093,"internal_node_id":"0.0-9.0-0.30"},{"rt":4134,"url":"../static/nodeGraphs.html","edge":"0to2","edgeRT":"3074","flipped":"TRUE","correct_edge":"0to2","index":"30","edgeClickLog":"[{\"edgeSelection\":\"0to2\",\"edgeRTMS\":3074}]","seed":" 39688702","task":"experiment","subjectId":"zljadgxwuv4amfm","trial_type":"external-html","trial_index":39,"time_elapsed":574831,"internal_node_id":"0.0-9.0-0.31"},{"rt":4030,"url":"../static/nodeGraphs.html","edge":"2to4","edgeRT":"2884","flipped":"TRUE","correct_edge":"2to4","index":"35","edgeClickLog":"[{\"edgeSelection\":\"2to4\",\"edgeRTMS\":2884}]","seed":" 53220770","task":"experiment","subjectId":"zljadgxwuv4amfm","trial_type":"external-html","trial_index":40,"time_elapsed":579466,"internal_node_id":"0.0-9.0-0.32"},{"rt":21808,"url":"../static/nodeGraphs.html","edge":"1to5","edgeRT":"20233","flipped":"TRUE","correct_edge":"0to1","index":"32","edgeClickLog":"[{\"edgeSelection\":\"0to1\",\"edgeRTMS\":7149},{\"edgeSelection\":\"4to7\",\"edgeRTMS\":11601},{\"edgeSelection\":\"1to5\",\"edgeRTMS\":20233}]","seed":" 36895371","task":"experiment","subjectId":"zljadgxwuv4amfm","trial_type":"external-html","trial_index":41,"time_elapsed":602537,"internal_node_id":"0.0-9.0-0.33"},{"rt":6240,"url":"../static/nodeGraphs.html","edge":"0to3","edgeRT":"4789","flipped":"FALSE","correct_edge":"0to1","index":"0","edgeClickLog":"[{\"edgeSelection\":\"0to3\",\"edgeRTMS\":4789}]","seed":" 21745736","task":"experiment","subjectId":"zljadgxwuv4amfm","trial_type":"external-html","trial_index":42,"time_elapsed":609398,"internal_node_id":"0.0-9.0-0.34"},{"rt":12017,"url":"../static/nodeGraphs.html","edge":"0to1","edgeRT":"10681","flipped":"TRUE","correct_edge":"0to1","index":"29","edgeClickLog":"[{\"edgeSelection\":\"3to6\",\"edgeRTMS\":8883},{\"edgeSelection\":\"0to1\",\"edgeRTMS\":10681}]","seed":" 61187187","task":"experiment","subjectId":"zljadgxwuv4amfm","trial_type":"external-html","trial_index":43,"time_elapsed":622027,"internal_node_id":"0.0-9.0-0.35"},{"rt":3491,"url":"../static/nodeGraphs.html","edge":"0to3","edgeRT":"2506","flipped":"FALSE","correct_edge":"2to6","index":"15","edgeClickLog":"[{\"edgeSelection\":\"0to3\",\"edgeRTMS\":2506}]","seed":" 53220770","task":"experiment","subjectId":"zljadgxwuv4amfm","trial_type":"external-html","trial_index":44,"time_elapsed":626124,"internal_node_id":"0.0-9.0-0.36"},{"rt":5317,"url":"../static/nodeGraphs.html","edge":"2to4","edgeRT":"4415","flipped":"FALSE","correct_edge":"2to4","index":"5","edgeClickLog":"[{\"edgeSelection\":\"2to4\",\"edgeRTMS\":4415}]","seed":" 10409262","task":"experiment","subjectId":"zljadgxwuv4amfm","trial_type":"external-html","trial_index":45,"time_elapsed":632063,"internal_node_id":"0.0-9.0-0.37"},{"rt":4613,"url":"../static/nodeGraphs.html","edge":"2to4","edgeRT":"2705","flipped":"FALSE","correct_edge":"2to4","index":"4","edgeClickLog":"[{\"edgeSelection\":\"2to4\",\"edgeRTMS\":2705}]","seed":" 36501291","task":"experiment","subjectId":"zljadgxwuv4amfm","trial_type":"external-html","trial_index":46,"time_elapsed":637280,"internal_node_id":"0.0-9.0-0.38"},{"rt":11051,"url":"../static/nodeGraphs.html","edge":"0to2","edgeRT":"10089","flipped":"TRUE","correct_edge":"0to2","index":"33","edgeClickLog":"[{\"edgeSelection\":\"0to1\",\"edgeRTMS\":8709},{\"edgeSelection\":\"0to2\",\"edgeRTMS\":10089}]","seed":" 49587019","task":"experiment","subjectId":"zljadgxwuv4amfm","trial_type":"external-html","trial_index":47,"time_elapsed":648946,"internal_node_id":"0.0-9.0-0.39"},{"rt":65280,"response":{"P0_Q0":null,"P0_Q1":5,"P0_Q2":7,"P0_Q3":6,"P0_Q4":4,"P0_Q5":3,"strategies":"I tried to choose a path that would give a lot of options to getting more points, since I didn't know what other paths they knew. Or if there was a clear way of them getting more points with just one change, I chose that one.","feedback":""},"accuracy":[],"trial_type":"survey","trial_index":48,"time_elapsed":714913,"internal_node_id":"0.0-10.0"},{"rt":3749,"stimulus":"<p>Thanks for your time!</p>        <p>We need to manually calculate your bonus pay, please give us up to 7 days.</p><p>Press any key to conclude.</p>","response":" ","task":"end","subjectId":"zljadgxwuv4amfm","trial_type":"html-keyboard-response","trial_index":49,"time_elapsed":718667,"internal_node_id":"0.0-11.0","interactions":"[{\"event\":\"fullscreenenter\",\"trial\":1,\"time\":3157},{\"event\":\"blur\",\"trial\":3,\"time\":20963},{\"event\":\"focus\",\"trial\":3,\"time\":21091},{\"event\":\"blur\",\"trial\":11,\"time\":324420},{\"event\":\"focus\",\"trial\":11,\"time\":324421},{\"event\":\"fullscreenexit\",\"trial\":11,\"time\":324434}]"}]