[{"success":true,"timeout":false,"failed_images":[],"failed_audio":[],"failed_video":[],"trial_type":"preload","trial_index":0,"time_elapsed":1064,"internal_node_id":"0.0-0.0"},{"success":true,"trial_type":"fullscreen","trial_index":1,"time_elapsed":3607,"internal_node_id":"0.0-1.0"},{"rt":1400,"stimulus":"Welcome to the experiment. Press any key to begin.","response":" ","trial_type":"html-keyboard-response","trial_index":2,"time_elapsed":5009,"internal_node_id":"0.0-2.0"},{"view_history":[{"page_index":0,"viewing_time":2705},{"page_index":1,"viewing_time":4251},{"page_index":2,"viewing_time":27273},{"page_index":3,"viewing_time":1427},{"page_index":4,"viewing_time":1097},{"page_index":5,"viewing_time":1035},{"page_index":6,"viewing_time":6546},{"page_index":7,"viewing_time":11353},{"page_index":8,"viewing_time":14032},{"page_index":9,"viewing_time":6461},{"page_index":10,"viewing_time":2901},{"page_index":11,"viewing_time":1368},{"page_index":12,"viewing_time":668},{"page_index":13,"viewing_time":1826},{"page_index":14,"viewing_time":2910},{"page_index":15,"viewing_time":4136},{"page_index":16,"viewing_time":1103},{"page_index":17,"viewing_time":458},{"page_index":18,"viewing_time":640},{"page_index":19,"viewing_time":3779},{"page_index":20,"viewing_time":5013},{"page_index":21,"viewing_time":5430}],"rt":106413,"trial_type":"instructions","trial_index":3,"time_elapsed":111427,"internal_node_id":"0.0-3.0"},{"rt":75313,"url":"../static/nodeGraphsTraining.html","edgeClickLog":[],"trial_type":"external-html","trial_index":4,"time_elapsed":186874,"internal_node_id":"0.0-4.0"},{"rt":23263,"response":{"q1":"The goal is to help the student to get the most points","q2":"False","q3":"Possible paths the student can take.","q4":"Paths that the student took before."},"question_order":[0,1,2,3],"trial_type":"survey-multi-choice","trial_index":5,"time_elapsed":210143,"internal_node_id":"0.0-5.0"},{"rt":3516,"stimulus":"<p>You can take a 60 second break before starting the experiment.</p><br><br><p>This page will advance in 60 seconds or you can press any key to advance now.</p>","response":"arrowright","trial_type":"html-keyboard-response","trial_index":6,"time_elapsed":213662,"internal_node_id":"0.0-7.0"},{"view_history":[{"page_index":0,"viewing_time":1984}],"rt":1985,"trial_type":"instructions","trial_index":7,"time_elapsed":215648,"internal_node_id":"0.0-8.0"},{"rt":15232,"url":"../static/nodeGraphs.html","edge":"0to2","edgeRT":"12239","flipped":"TRUE","correct_edge":"1to5","index":"38","edgeClickLog":"[{\"edgeSelection\":\"1to5\",\"edgeRTMS\":4917},{\"edgeSelection\":\"5to8\",\"edgeRTMS\":7726},{\"edgeSelection\":\"1to5\",\"edgeRTMS\":8855},{\"edgeSelection\":\"0to2\",\"edgeRTMS\":12239}]","seed":" 22181670","task":"experiment","subjectId":"kdy6zby3dm6vswk","trial_type":"external-html","trial_index":8,"time_elapsed":231361,"internal_node_id":"0.0-9.0-0.0"},{"rt":10711,"url":"../static/nodeGraphs.html","edge":"0to1","edgeRT":"8410","flipped":"FALSE","correct_edge":"0to2","index":"14","edgeClickLog":"[{\"edgeSelection\":\"0to1\",\"edgeRTMS\":8410}]","seed":" 21083760","task":"experiment","subjectId":"kdy6zby3dm6vswk","trial_type":"external-html","trial_index":9,"time_elapsed":242962,"internal_node_id":"0.0-9.0-0.1"},{"rt":12791,"url":"../static/nodeGraphs.html","edge":"2to6","edgeRT":"11041","flipped":"TRUE","correct_edge":"2to6","index":"24","edgeClickLog":"[{\"edgeSelection\":\"2to6\",\"edgeRTMS\":11041}]","seed":" 36501291","task":"experiment","subjectId":"kdy6zby3dm6vswk","trial_type":"external-html","trial_index":10,"time_elapsed":256513,"internal_node_id":"0.0-9.0-0.2"},{"rt":8222,"url":"../static/nodeGraphs.html","edge":"0to2","edgeRT":"4796","flipped":"FALSE","correct_edge":"0to2","index":"11","edgeClickLog":"[{\"edgeSelection\":\"1to4\",\"edgeRTMS\":2587},{\"edgeSelection\":\"0to2\",\"edgeRTMS\":4796}]","seed":" 63833578","task":"experiment","subjectId":"kdy6zby3dm6vswk","trial_type":"external-html","trial_index":11,"time_elapsed":265464,"internal_node_id":"0.0-9.0-0.3"},{"rt":9931,"url":"../static/nodeGraphs.html","edge":"0to2","edgeRT":"4310","flipped":"FALSE","correct_edge":"0to2","index":"8","edgeClickLog":"[{\"edgeSelection\":\"0to2\",\"edgeRTMS\":4310}]","seed":" 8396978","task":"experiment","subjectId":"kdy6zby3dm6vswk","trial_type":"external-html","trial_index":12,"time_elapsed":276181,"internal_node_id":"0.0-9.0-0.4"},{"rt":10909,"url":"../static/nodeGraphs.html","edge":"3to6","edgeRT":"5194","flipped":"TRUE","correct_edge":"0to2","index":"30","edgeClickLog":"[{\"edgeSelection\":\"3to6\",\"edgeRTMS\":5194}]","seed":" 39688702","task":"experiment","subjectId":"kdy6zby3dm6vswk","trial_type":"external-html","trial_index":13,"time_elapsed":287816,"internal_node_id":"0.0-9.0-0.5"},{"rt":24024,"url":"../static/nodeGraphs.html","edge":"1to4","edgeRT":"19300","flipped":"FALSE","correct_edge":"0to1","index":"0","edgeClickLog":"[{\"edgeSelection\":\"1to4\",\"edgeRTMS\":19300}]","seed":" 21745736","task":"experiment","subjectId":"kdy6zby3dm6vswk","trial_type":"external-html","trial_index":14,"time_elapsed":312670,"internal_node_id":"0.0-9.0-0.6"},{"rt":9681,"url":"../static/nodeGraphs.html","edge":"0to2","edgeRT":"5257","flipped":"TRUE","correct_edge":"0to2","index":"31","edgeClickLog":"[{\"edgeSelection\":\"0to2\",\"edgeRTMS\":5257}]","seed":" 63833578","task":"experiment","subjectId":"kdy6zby3dm6vswk","trial_type":"external-html","trial_index":15,"time_elapsed":323237,"internal_node_id":"0.0-9.0-0.7"},{"rt":7732,"url":"../static/nodeGraphs.html","edge":"2to6","edgeRT":"3197","flipped":"FALSE","correct_edge":"2to6","index":"15","edgeClickLog":"[{\"edgeSelection\":\"2to6\",\"edgeRTMS\":3197}]","seed":" 53220770","task":"experiment","subjectId":"kdy6zby3dm6vswk","trial_type":"external-html","trial_index":16,"time_elapsed":331737,"internal_node_id":"0.0-9.0-0.8"},{"rt":8769,"url":"../static/nodeGraphs.html","edge":"2to6","edgeRT":"7020","flipped":"FALSE","correct_edge":"0to2","index":"13","edgeClickLog":"[{\"edgeSelection\":\"2to6\",\"edgeRTMS\":7020}]","seed":" 49587019","task":"experiment","subjectId":"kdy6zby3dm6vswk","trial_type":"external-html","trial_index":17,"time_elapsed":341238,"internal_node_id":"0.0-9.0-0.9"},{"rt":5146,"url":"../static/nodeGraphs.html","edge":"1to4","edgeRT":"3411","flipped":"TRUE","correct_edge":"2to4","index":"35","edgeClickLog":"[{\"edgeSelection\":\"1to4\",\"edgeRTMS\":3411}]","seed":" 53220770","task":"experiment","subjectId":"kdy6zby3dm6vswk","trial_type":"external-html","trial_index":18,"time_elapsed":347373,"internal_node_id":"0.0-9.0-0.10"},{"rt":8682,"url":"../static/nodeGraphs.html","edge":"0to1","edgeRT":"4813","flipped":"FALSE","correct_edge":"5to8","index":"3","edgeClickLog":"[{\"edgeSelection\":\"0to1\",\"edgeRTMS\":4813}]","seed":" 46003743","task":"experiment","subjectId":"kdy6zby3dm6vswk","trial_type":"external-html","trial_index":19,"time_elapsed":357056,"internal_node_id":"0.0-9.0-0.11"},{"rt":3826,"url":"../static/nodeGraphs.html","edge":"0to1","edgeRT":"2561","flipped":"FALSE","correct_edge":"0to1","index":"19","edgeClickLog":"[{\"edgeSelection\":\"0to1\",\"edgeRTMS\":2561}]","seed":" 37422119","task":"experiment","subjectId":"kdy6zby3dm6vswk","trial_type":"external-html","trial_index":20,"time_elapsed":361824,"internal_node_id":"0.0-9.0-0.12"},{"rt":6282,"url":"../static/nodeGraphs.html","edge":"4to8","edgeRT":"4849","flipped":"FALSE","correct_edge":"4to8","index":"1","edgeClickLog":"[{\"edgeSelection\":\"4to8\",\"edgeRTMS\":4849}]","seed":" 32816305","task":"experiment","subjectId":"kdy6zby3dm6vswk","trial_type":"external-html","trial_index":21,"time_elapsed":368991,"internal_node_id":"0.0-9.0-0.13"},{"rt":9882,"url":"../static/nodeGraphs.html","edge":"2to6","edgeRT":"7483","flipped":"TRUE","correct_edge":"2to6","index":"25","edgeClickLog":"[{\"edgeSelection\":\"2to6\",\"edgeRTMS\":7483}]","seed":" 10409262","task":"experiment","subjectId":"kdy6zby3dm6vswk","trial_type":"external-html","trial_index":22,"time_elapsed":379625,"internal_node_id":"0.0-9.0-0.14"},{"rt":16468,"url":"../static/nodeGraphs.html","edge":"1to4","edgeRT":"12739","flipped":"TRUE","correct_edge":"0to3","index":"20","edgeClickLog":"[{\"edgeSelection\":\"0to3\",\"edgeRTMS\":6400},{\"edgeSelection\":\"0to1\",\"edgeRTMS\":10939},{\"edgeSelection\":\"1to4\",\"edgeRTMS\":12739}]","seed":" 21745736","task":"experiment","subjectId":"kdy6zby3dm6vswk","trial_type":"external-html","trial_index":23,"time_elapsed":396861,"internal_node_id":"0.0-9.0-0.15"},{"rt":6781,"url":"../static/nodeGraphs.html","edge":"3to6","edgeRT":"3833","flipped":"TRUE","correct_edge":"0to3","index":"39","edgeClickLog":"[{\"edgeSelection\":\"3to6\",\"edgeRTMS\":3833}]","seed":" 37422119","task":"experiment","subjectId":"kdy6zby3dm6vswk","trial_type":"external-html","trial_index":24,"time_elapsed":404377,"internal_node_id":"0.0-9.0-0.16"},{"rt":22340,"url":"../static/nodeGraphs.html","edge":"6to9","edgeRT":"15431","flipped":"FALSE","correct_edge":"0to3","index":"12","edgeClickLog":"[{\"edgeSelection\":\"5to7\",\"edgeRTMS\":10039},{\"edgeSelection\":\"6to9\",\"edgeRTMS\":15431}]","seed":" 36895371","task":"experiment","subjectId":"kdy6zby3dm6vswk","trial_type":"external-html","trial_index":25,"time_elapsed":427447,"internal_node_id":"0.0-9.0-0.17"},{"rt":7403,"url":"../static/nodeGraphs.html","edge":"2to6","edgeRT":"6154","flipped":"FALSE","correct_edge":"0to2","index":"17","edgeClickLog":"[{\"edgeSelection\":\"0to2\",\"edgeRTMS\":3001},{\"edgeSelection\":\"2to6\",\"edgeRTMS\":6154}]","seed":" 21211189","task":"experiment","subjectId":"kdy6zby3dm6vswk","trial_type":"external-html","trial_index":26,"time_elapsed":435585,"internal_node_id":"0.0-9.0-0.18"},{"rt":11238,"url":"../static/nodeGraphs.html","edge":"6to9","edgeRT":"5223","flipped":"TRUE","correct_edge":"0to2","index":"28","edgeClickLog":"[{\"edgeSelection\":\"6to9\",\"edgeRTMS\":5223}]","seed":" 8396978","task":"experiment","subjectId":"kdy6zby3dm6vswk","trial_type":"external-html","trial_index":27,"time_elapsed":447615,"internal_node_id":"0.0-9.0-0.19"},{"rt":3896,"url":"../static/nodeGraphs.html","edge":"1to4","edgeRT":"1560","flipped":"FALSE","correct_edge":"1to4","index":"2","edgeClickLog":"[{\"edgeSelection\":\"1to4\",\"edgeRTMS\":1560}]","seed":" 22809663","task":"experiment","subjectId":"kdy6zby3dm6vswk","trial_type":"external-html","trial_index":28,"time_elapsed":452283,"internal_node_id":"0.0-9.0-0.20"},{"rt":6999,"url":"../static/nodeGraphs.html","edge":"2to4","edgeRT":"4881","flipped":"FALSE","correct_edge":"2to4","index":"4","edgeClickLog":"[{\"edgeSelection\":\"2to4\",\"edgeRTMS\":4881}]","seed":" 36501291","task":"experiment","subjectId":"kdy6zby3dm6vswk","trial_type":"external-html","trial_index":29,"time_elapsed":460033,"internal_node_id":"0.0-9.0-0.21"},{"rt":3503,"url":"../static/nodeGraphs.html","edge":"3to6","edgeRT":"1971","flipped":"TRUE","correct_edge":"3to6","index":"22","edgeClickLog":"[{\"edgeSelection\":\"3to6\",\"edgeRTMS\":1971}]","seed":" 22809663","task":"experiment","subjectId":"kdy6zby3dm6vswk","trial_type":"external-html","trial_index":30,"time_elapsed":464317,"internal_node_id":"0.0-9.0-0.22"},{"rt":4289,"url":"../static/nodeGraphs.html","edge":"6to8","edgeRT":"2240","flipped":"TRUE","correct_edge":"6to8","index":"21","edgeClickLog":"[{\"edgeSelection\":\"6to8\",\"edgeRTMS\":2240}]","seed":" 32816305","task":"experiment","subjectId":"kdy6zby3dm6vswk","trial_type":"external-html","trial_index":31,"time_elapsed":469335,"internal_node_id":"0.0-9.0-0.23"},{"rt":9434,"url":"../static/nodeGraphs.html","edge":"3to5","edgeRT":"6101","flipped":"FALSE","correct_edge":"5to9","index":"16","edgeClickLog":"[{\"edgeSelection\":\"3to5\",\"edgeRTMS\":6101}]","seed":" 5655743","task":"experiment","subjectId":"kdy6zby3dm6vswk","trial_type":"external-html","trial_index":32,"time_elapsed":479669,"internal_node_id":"0.0-9.0-0.24"},{"rt":6728,"url":"../static/nodeGraphs.html","edge":"5to8","edgeRT":"5120","flipped":"TRUE","correct_edge":"5to8","index":"23","edgeClickLog":"[{\"edgeSelection\":\"0to3\",\"edgeRTMS\":1767},{\"edgeSelection\":\"5to8\",\"edgeRTMS\":5120}]","seed":" 46003743","task":"experiment","subjectId":"kdy6zby3dm6vswk","trial_type":"external-html","trial_index":33,"time_elapsed":487402,"internal_node_id":"0.0-9.0-0.25"},{"rt":20986,"url":"../static/nodeGraphs.html","edge":"4to8","edgeRT":"15611","flipped":"FALSE","correct_edge":"0to2","index":"10","edgeClickLog":"[{\"edgeSelection\":\"6to8\",\"edgeRTMS\":1670},{\"edgeSelection\":\"2to6\",\"edgeRTMS\":4894},{\"edgeSelection\":\"1to4\",\"edgeRTMS\":7544},{\"edgeSelection\":\"4to8\",\"edgeRTMS\":15611}]","seed":" 39688702","task":"experiment","subjectId":"kdy6zby3dm6vswk","trial_type":"external-html","trial_index":34,"time_elapsed":509107,"internal_node_id":"0.0-9.0-0.26"},{"rt":5340,"url":"../static/nodeGraphs.html","edge":"2to6","edgeRT":"4026","flipped":"TRUE","correct_edge":"0to2","index":"34","edgeClickLog":"[{\"edgeSelection\":\"2to6\",\"edgeRTMS\":4026}]","seed":" 21083760","task":"experiment","subjectId":"kdy6zby3dm6vswk","trial_type":"external-html","trial_index":35,"time_elapsed":515173,"internal_node_id":"0.0-9.0-0.27"},{"rt":22633,"url":"../static/nodeGraphs.html","edge":"5to7","edgeRT":"21605","flipped":"TRUE","correct_edge":"0to2","index":"33","edgeClickLog":"[{\"edgeSelection\":\"5to7\",\"edgeRTMS\":21605}]","seed":" 49587019","task":"experiment","subjectId":"kdy6zby3dm6vswk","trial_type":"external-html","trial_index":36,"time_elapsed":538391,"internal_node_id":"0.0-9.0-0.28"},{"rt":12022,"url":"../static/nodeGraphs.html","edge":"1to5","edgeRT":"2372","flipped":"TRUE","correct_edge":"5to7","index":"36","edgeClickLog":"[{\"edgeSelection\":\"1to5\",\"edgeRTMS\":2372}]","seed":" 5655743","task":"experiment","subjectId":"kdy6zby3dm6vswk","trial_type":"external-html","trial_index":37,"time_elapsed":551210,"internal_node_id":"0.0-9.0-0.29"},{"rt":7361,"url":"../static/nodeGraphs.html","edge":"2to4","edgeRT":"4919","flipped":"FALSE","correct_edge":"2to4","index":"5","edgeClickLog":"[{\"edgeSelection\":\"5to8\",\"edgeRTMS\":2614},{\"edgeSelection\":\"2to4\",\"edgeRTMS\":4919}]","seed":" 10409262","task":"experiment","subjectId":"kdy6zby3dm6vswk","trial_type":"external-html","trial_index":38,"time_elapsed":559510,"internal_node_id":"0.0-9.0-0.30"},{"rt":12038,"url":"../static/nodeGraphs.html","edge":"5to8","edgeRT":"11030","flipped":"TRUE","correct_edge":"0to2","index":"37","edgeClickLog":"[{\"edgeSelection\":\"0to2\",\"edgeRTMS\":1989},{\"edgeSelection\":\"2to5\",\"edgeRTMS\":3678},{\"edgeSelection\":\"2to5\",\"edgeRTMS\":3845},{\"edgeSelection\":\"5to8\",\"edgeRTMS\":11030}]","seed":" 21211189","task":"experiment","subjectId":"kdy6zby3dm6vswk","trial_type":"external-html","trial_index":39,"time_elapsed":572395,"internal_node_id":"0.0-9.0-0.31"},{"rt":10510,"url":"../static/nodeGraphs.html","edge":"1to5","edgeRT":"8796","flipped":"TRUE","correct_edge":"0to2","index":"27","edgeClickLog":"[{\"edgeSelection\":\"0to3\",\"edgeRTMS\":4161},{\"edgeSelection\":\"0to2\",\"edgeRTMS\":5459},{\"edgeSelection\":\"1to5\",\"edgeRTMS\":8796}]","seed":" 85614324","task":"experiment","subjectId":"kdy6zby3dm6vswk","trial_type":"external-html","trial_index":40,"time_elapsed":583696,"internal_node_id":"0.0-9.0-0.32"},{"rt":14082,"url":"../static/nodeGraphs.html","edge":"4to7","edgeRT":"13035","flipped":"FALSE","correct_edge":"4to7","index":"6","edgeClickLog":"[{\"edgeSelection\":\"0to3\",\"edgeRTMS\":7365},{\"edgeSelection\":\"4to7\",\"edgeRTMS\":13035}]","seed":" 13523788","task":"experiment","subjectId":"kdy6zby3dm6vswk","trial_type":"external-html","trial_index":41,"time_elapsed":598597,"internal_node_id":"0.0-9.0-0.33"},{"rt":6240,"url":"../static/nodeGraphs.html","edge":"6to9","edgeRT":"4661","flipped":"TRUE","correct_edge":"6to9","index":"26","edgeClickLog":"[{\"edgeSelection\":\"6to9\",\"edgeRTMS\":4661}]","seed":" 13523788","task":"experiment","subjectId":"kdy6zby3dm6vswk","trial_type":"external-html","trial_index":42,"time_elapsed":605698,"internal_node_id":"0.0-9.0-0.34"},{"rt":5468,"url":"../static/nodeGraphs.html","edge":"5to9","edgeRT":"3320","flipped":"TRUE","correct_edge":"0to1","index":"29","edgeClickLog":"[{\"edgeSelection\":\"0to1\",\"edgeRTMS\":1822},{\"edgeSelection\":\"5to9\",\"edgeRTMS\":3320}]","seed":" 61187187","task":"experiment","subjectId":"kdy6zby3dm6vswk","trial_type":"external-html","trial_index":43,"time_elapsed":611965,"internal_node_id":"0.0-9.0-0.35"},{"rt":11086,"url":"../static/nodeGraphs.html","edge":"5to9","edgeRT":"10025","flipped":"TRUE","correct_edge":"0to1","index":"32","edgeClickLog":"[{\"edgeSelection\":\"5to7\",\"edgeRTMS\":4837},{\"edgeSelection\":\"5to9\",\"edgeRTMS\":10025}]","seed":" 36895371","task":"experiment","subjectId":"kdy6zby3dm6vswk","trial_type":"external-html","trial_index":44,"time_elapsed":623916,"internal_node_id":"0.0-9.0-0.36"},{"rt":7916,"url":"../static/nodeGraphs.html","edge":"0to1","edgeRT":"6029","flipped":"FALSE","correct_edge":"0to2","index":"7","edgeClickLog":"[{\"edgeSelection\":\"0to2\",\"edgeRTMS\":2874},{\"edgeSelection\":\"0to1\",\"edgeRTMS\":6029}]","seed":" 85614324","task":"experiment","subjectId":"kdy6zby3dm6vswk","trial_type":"external-html","trial_index":45,"time_elapsed":632583,"internal_node_id":"0.0-9.0-0.37"},{"rt":5090,"url":"../static/nodeGraphs.html","edge":"3to5","edgeRT":"3432","flipped":"FALSE","correct_edge":"3to5","index":"18","edgeClickLog":"[{\"edgeSelection\":\"0to2\",\"edgeRTMS\":1456},{\"edgeSelection\":\"3to5\",\"edgeRTMS\":3432}]","seed":" 22181670","task":"experiment","subjectId":"kdy6zby3dm6vswk","trial_type":"external-html","trial_index":46,"time_elapsed":638567,"internal_node_id":"0.0-9.0-0.38"},{"rt":6669,"url":"../static/nodeGraphs.html","edge":"5to7","edgeRT":"4727","flipped":"FALSE","correct_edge":"0to3","index":"9","edgeClickLog":"[{\"edgeSelection\":\"0to3\",\"edgeRTMS\":2388},{\"edgeSelection\":\"5to7\",\"edgeRTMS\":4727}]","seed":" 61187187","task":"experiment","subjectId":"kdy6zby3dm6vswk","trial_type":"external-html","trial_index":47,"time_elapsed":646117,"internal_node_id":"0.0-9.0-0.39"},{"rt":59553,"response":{"P0_Q0":null,"P0_Q1":3,"P0_Q2":7,"P0_Q3":5,"P0_Q4":4,"P0_Q5":2,"strategies":"I tried to make the student at minimum gain an extra point no matter what their decision was afterwards. ","feedback":"n/a"},"accuracy":[],"trial_type":"survey","trial_index":48,"time_elapsed":706264,"internal_node_id":"0.0-10.0"},{"rt":2177,"stimulus":"<p>Thanks for your time!</p>        <p>We need to manually calculate your bonus pay, please give us up to 7 days.</p><p>Press any key to conclude.</p>","response":"arrowright","task":"end","subjectId":"kdy6zby3dm6vswk","trial_type":"html-keyboard-response","trial_index":49,"time_elapsed":708444,"internal_node_id":"0.0-11.0","interactions":"[{\"event\":\"fullscreenenter\",\"trial\":1,\"time\":2660},{\"event\":\"blur\",\"trial\":4,\"time\":133596},{\"event\":\"fullscreenexit\",\"trial\":4,\"time\":133604},{\"event\":\"focus\",\"trial\":4,\"time\":133749}]"}]