[{"success":true,"timeout":false,"failed_images":[],"failed_audio":[],"failed_video":[],"trial_type":"preload","trial_index":0,"time_elapsed":1155,"internal_node_id":"0.0-0.0"},{"success":true,"trial_type":"fullscreen","trial_index":1,"time_elapsed":4122,"internal_node_id":"0.0-1.0"},{"rt":1498,"stimulus":"Welcome to the experiment. Press any key to begin.","response":" ","trial_type":"html-keyboard-response","trial_index":2,"time_elapsed":5621,"internal_node_id":"0.0-2.0"},{"view_history":[{"page_index":0,"viewing_time":3227},{"page_index":1,"viewing_time":3021},{"page_index":2,"viewing_time":21096},{"page_index":3,"viewing_time":1579},{"page_index":4,"viewing_time":2745},{"page_index":5,"viewing_time":1639},{"page_index":6,"viewing_time":3397},{"page_index":7,"viewing_time":6451},{"page_index":8,"viewing_time":9587},{"page_index":9,"viewing_time":4046},{"page_index":10,"viewing_time":1251},{"page_index":9,"viewing_time":1820},{"page_index":10,"viewing_time":269},{"page_index":11,"viewing_time":261},{"page_index":12,"viewing_time":268},{"page_index":13,"viewing_time":1103},{"page_index":14,"viewing_time":1361},{"page_index":15,"viewing_time":3367},{"page_index":16,"viewing_time":497},{"page_index":15,"viewing_time":7018},{"page_index":16,"viewing_time":852},{"page_index":17,"viewing_time":332},{"page_index":18,"viewing_time":618},{"page_index":19,"viewing_time":4099},{"page_index":18,"viewing_time":467},{"page_index":17,"viewing_time":582},{"page_index":18,"viewing_time":185},{"page_index":19,"viewing_time":170},{"page_index":20,"viewing_time":5657},{"page_index":21,"viewing_time":2652}],"rt":89616,"trial_type":"instructions","trial_index":3,"time_elapsed":95237,"internal_node_id":"0.0-3.0"},{"rt":65799,"url":"../static/nodeGraphsTraining.html","edgeClickLog":[],"trial_type":"external-html","trial_index":4,"time_elapsed":161260,"internal_node_id":"0.0-4.0"},{"rt":41983,"response":{"q1":"The goal is to help the student to get the most points","q2":"False","q3":"Possible paths the student can take.","q4":"Paths that the student took before."},"question_order":[0,1,2,3],"trial_type":"survey-multi-choice","trial_index":5,"time_elapsed":203245,"internal_node_id":"0.0-5.0"},{"rt":3484,"stimulus":"<p>You can take a 60 second break before starting the experiment.</p><br><br><p>This page will advance in 60 seconds or you can press any key to advance now.</p>","response":"arrowright","trial_type":"html-keyboard-response","trial_index":6,"time_elapsed":206735,"internal_node_id":"0.0-7.0"},{"view_history":[{"page_index":0,"viewing_time":9246}],"rt":9247,"trial_type":"instructions","trial_index":7,"time_elapsed":215982,"internal_node_id":"0.0-8.0"},{"rt":16385,"url":"../static/nodeGraphs.html","edge":"0to2","edgeRT":"11417","flipped":"TRUE","correct_edge":"0to2","index":"28","edgeClickLog":"[{\"edgeSelection\":\"0to2\",\"edgeRTMS\":5857},{\"edgeSelection\":\"2to6\",\"edgeRTMS\":8930},{\"edgeSelection\":\"0to2\",\"edgeRTMS\":11417}]","seed":" 8396978","task":"experiment","subjectId":"jajpj1f2fe6vwh5","trial_type":"external-html","trial_index":8,"time_elapsed":232516,"internal_node_id":"0.0-9.0-0.0"},{"rt":11868,"url":"../static/nodeGraphs.html","edge":"0to1","edgeRT":"6091","flipped":"FALSE","correct_edge":"0to1","index":"0","edgeClickLog":"[{\"edgeSelection\":\"0to1\",\"edgeRTMS\":6091}]","seed":" 21745736","task":"experiment","subjectId":"jajpj1f2fe6vwh5","trial_type":"external-html","trial_index":9,"time_elapsed":245038,"internal_node_id":"0.0-9.0-0.1"},{"rt":11887,"url":"../static/nodeGraphs.html","edge":"0to1","edgeRT":"6145","flipped":"FALSE","correct_edge":"0to2","index":"10","edgeClickLog":"[{\"edgeSelection\":\"1to4\",\"edgeRTMS\":1719},{\"edgeSelection\":\"1to5\",\"edgeRTMS\":2585},{\"edgeSelection\":\"0to1\",\"edgeRTMS\":6145}]","seed":" 39688702","task":"experiment","subjectId":"jajpj1f2fe6vwh5","trial_type":"external-html","trial_index":10,"time_elapsed":257596,"internal_node_id":"0.0-9.0-0.2"},{"rt":5931,"url":"../static/nodeGraphs.html","edge":"0to2","edgeRT":"3318","flipped":"TRUE","correct_edge":"0to2","index":"37","edgeClickLog":"[{\"edgeSelection\":\"0to2\",\"edgeRTMS\":3318}]","seed":" 21211189","task":"experiment","subjectId":"jajpj1f2fe6vwh5","trial_type":"external-html","trial_index":11,"time_elapsed":264176,"internal_node_id":"0.0-9.0-0.3"},{"rt":25239,"url":"../static/nodeGraphs.html","edge":"0to3","edgeRT":"10038","flipped":"TRUE","correct_edge":"0to2","index":"33","edgeClickLog":"[{\"edgeSelection\":\"0to3\",\"edgeRTMS\":10038}]","seed":" 49587019","task":"experiment","subjectId":"jajpj1f2fe6vwh5","trial_type":"external-html","trial_index":12,"time_elapsed":290063,"internal_node_id":"0.0-9.0-0.4"},{"rt":4770,"url":"../static/nodeGraphs.html","edge":"0to2","edgeRT":"2857","flipped":"TRUE","correct_edge":"0to2","index":"27","edgeClickLog":"[{\"edgeSelection\":\"0to2\",\"edgeRTMS\":2857}]","seed":" 85614324","task":"experiment","subjectId":"jajpj1f2fe6vwh5","trial_type":"external-html","trial_index":13,"time_elapsed":295506,"internal_node_id":"0.0-9.0-0.5"},{"rt":6528,"url":"../static/nodeGraphs.html","edge":"0to3","edgeRT":"4034","flipped":"TRUE","correct_edge":"0to3","index":"39","edgeClickLog":"[{\"edgeSelection\":\"0to3\",\"edgeRTMS\":4034}]","seed":" 37422119","task":"experiment","subjectId":"jajpj1f2fe6vwh5","trial_type":"external-html","trial_index":14,"time_elapsed":302708,"internal_node_id":"0.0-9.0-0.6"},{"rt":3961,"url":"../static/nodeGraphs.html","edge":"0to2","edgeRT":"2758","flipped":"TRUE","correct_edge":"1to5","index":"38","edgeClickLog":"[{\"edgeSelection\":\"0to2\",\"edgeRTMS\":2758}]","seed":" 22181670","task":"experiment","subjectId":"jajpj1f2fe6vwh5","trial_type":"external-html","trial_index":15,"time_elapsed":307320,"internal_node_id":"0.0-9.0-0.7"},{"rt":7780,"url":"../static/nodeGraphs.html","edge":"0to1","edgeRT":"5337","flipped":"FALSE","correct_edge":"0to2","index":"14","edgeClickLog":"[{\"edgeSelection\":\"0to1\",\"edgeRTMS\":5337}]","seed":" 21083760","task":"experiment","subjectId":"jajpj1f2fe6vwh5","trial_type":"external-html","trial_index":16,"time_elapsed":315771,"internal_node_id":"0.0-9.0-0.8"},{"rt":6345,"url":"../static/nodeGraphs.html","edge":"1to4","edgeRT":"4006","flipped":"FALSE","correct_edge":"0to2","index":"8","edgeClickLog":"[{\"edgeSelection\":\"1to4\",\"edgeRTMS\":4006}]","seed":" 8396978","task":"experiment","subjectId":"jajpj1f2fe6vwh5","trial_type":"external-html","trial_index":17,"time_elapsed":322765,"internal_node_id":"0.0-9.0-0.9"},{"rt":12103,"url":"../static/nodeGraphs.html","edge":"0to3","edgeRT":"9840","flipped":"FALSE","correct_edge":"0to3","index":"12","edgeClickLog":"[{\"edgeSelection\":\"0to3\",\"edgeRTMS\":9840}]","seed":" 36895371","task":"experiment","subjectId":"jajpj1f2fe6vwh5","trial_type":"external-html","trial_index":18,"time_elapsed":335516,"internal_node_id":"0.0-9.0-0.10"},{"rt":6913,"url":"../static/nodeGraphs.html","edge":"1to4","edgeRT":"5214","flipped":"FALSE","correct_edge":"1to4","index":"2","edgeClickLog":"[{\"edgeSelection\":\"1to4\",\"edgeRTMS\":5214}]","seed":" 22809663","task":"experiment","subjectId":"jajpj1f2fe6vwh5","trial_type":"external-html","trial_index":19,"time_elapsed":343098,"internal_node_id":"0.0-9.0-0.11"},{"rt":8010,"url":"../static/nodeGraphs.html","edge":"0to3","edgeRT":"6778","flipped":"TRUE","correct_edge":"0to3","index":"20","edgeClickLog":"[{\"edgeSelection\":\"0to3\",\"edgeRTMS\":6778}]","seed":" 21745736","task":"experiment","subjectId":"jajpj1f2fe6vwh5","trial_type":"external-html","trial_index":20,"time_elapsed":351781,"internal_node_id":"0.0-9.0-0.12"},{"rt":6299,"url":"../static/nodeGraphs.html","edge":"0to2","edgeRT":"4301","flipped":"TRUE","correct_edge":"0to2","index":"30","edgeClickLog":"[{\"edgeSelection\":\"0to2\",\"edgeRTMS\":4301}]","seed":" 39688702","task":"experiment","subjectId":"jajpj1f2fe6vwh5","trial_type":"external-html","trial_index":21,"time_elapsed":358732,"internal_node_id":"0.0-9.0-0.13"},{"rt":12271,"url":"../static/nodeGraphs.html","edge":"0to2","edgeRT":"8669","flipped":"TRUE","correct_edge":"6to8","index":"21","edgeClickLog":"[{\"edgeSelection\":\"0to2\",\"edgeRTMS\":8669}]","seed":" 32816305","task":"experiment","subjectId":"jajpj1f2fe6vwh5","trial_type":"external-html","trial_index":22,"time_elapsed":371674,"internal_node_id":"0.0-9.0-0.14"},{"rt":4348,"url":"../static/nodeGraphs.html","edge":"0to1","edgeRT":"3009","flipped":"TRUE","correct_edge":"0to1","index":"29","edgeClickLog":"[{\"edgeSelection\":\"0to1\",\"edgeRTMS\":3009}]","seed":" 61187187","task":"experiment","subjectId":"jajpj1f2fe6vwh5","trial_type":"external-html","trial_index":23,"time_elapsed":376694,"internal_node_id":"0.0-9.0-0.15"},{"rt":13348,"url":"../static/nodeGraphs.html","edge":"0to3","edgeRT":"11813","flipped":"TRUE","correct_edge":"0to2","index":"34","edgeClickLog":"[{\"edgeSelection\":\"0to2\",\"edgeRTMS\":10481},{\"edgeSelection\":\"0to3\",\"edgeRTMS\":11813}]","seed":" 21083760","task":"experiment","subjectId":"jajpj1f2fe6vwh5","trial_type":"external-html","trial_index":24,"time_elapsed":390691,"internal_node_id":"0.0-9.0-0.16"},{"rt":5851,"url":"../static/nodeGraphs.html","edge":"3to6","edgeRT":"3808","flipped":"TRUE","correct_edge":"3to6","index":"22","edgeClickLog":"[{\"edgeSelection\":\"3to6\",\"edgeRTMS\":3808}]","seed":" 22809663","task":"experiment","subjectId":"jajpj1f2fe6vwh5","trial_type":"external-html","trial_index":25,"time_elapsed":397211,"internal_node_id":"0.0-9.0-0.17"},{"rt":5803,"url":"../static/nodeGraphs.html","edge":"0to1","edgeRT":"3914","flipped":"TRUE","correct_edge":"5to7","index":"36","edgeClickLog":"[{\"edgeSelection\":\"0to1\",\"edgeRTMS\":3914}]","seed":" 5655743","task":"experiment","subjectId":"jajpj1f2fe6vwh5","trial_type":"external-html","trial_index":26,"time_elapsed":403685,"internal_node_id":"0.0-9.0-0.18"},{"rt":3883,"url":"../static/nodeGraphs.html","edge":"0to2","edgeRT":"2132","flipped":"FALSE","correct_edge":"0to2","index":"7","edgeClickLog":"[{\"edgeSelection\":\"0to2\",\"edgeRTMS\":2132}]","seed":" 85614324","task":"experiment","subjectId":"jajpj1f2fe6vwh5","trial_type":"external-html","trial_index":27,"time_elapsed":408223,"internal_node_id":"0.0-9.0-0.19"},{"rt":5197,"url":"../static/nodeGraphs.html","edge":"5to8","edgeRT":"3443","flipped":"TRUE","correct_edge":"5to8","index":"23","edgeClickLog":"[{\"edgeSelection\":\"5to8\",\"edgeRTMS\":3443}]","seed":" 46003743","task":"experiment","subjectId":"jajpj1f2fe6vwh5","trial_type":"external-html","trial_index":28,"time_elapsed":414089,"internal_node_id":"0.0-9.0-0.20"},{"rt":7626,"url":"../static/nodeGraphs.html","edge":"2to4","edgeRT":"3519","flipped":"FALSE","correct_edge":"2to4","index":"4","edgeClickLog":"[{\"edgeSelection\":\"2to4\",\"edgeRTMS\":3519}]","seed":" 36501291","task":"experiment","subjectId":"jajpj1f2fe6vwh5","trial_type":"external-html","trial_index":29,"time_elapsed":422383,"internal_node_id":"0.0-9.0-0.21"},{"rt":5160,"url":"../static/nodeGraphs.html","edge":"0to3","edgeRT":"2748","flipped":"FALSE","correct_edge":"2to6","index":"15","edgeClickLog":"[{\"edgeSelection\":\"0to3\",\"edgeRTMS\":2748}]","seed":" 53220770","task":"experiment","subjectId":"jajpj1f2fe6vwh5","trial_type":"external-html","trial_index":30,"time_elapsed":428212,"internal_node_id":"0.0-9.0-0.22"},{"rt":57548,"url":"../static/nodeGraphs.html","edge":"0to2","edgeRT":"54468","flipped":"FALSE","correct_edge":"0to2","index":"17","edgeClickLog":"[{\"edgeSelection\":\"0to2\",\"edgeRTMS\":54468}]","seed":" 21211189","task":"experiment","subjectId":"jajpj1f2fe6vwh5","trial_type":"external-html","trial_index":31,"time_elapsed":486427,"internal_node_id":"0.0-9.0-0.23"},{"rt":4930,"url":"../static/nodeGraphs.html","edge":"0to1","edgeRT":"2397","flipped":"FALSE","correct_edge":"0to1","index":"19","edgeClickLog":"[{\"edgeSelection\":\"0to1\",\"edgeRTMS\":2397}]","seed":" 37422119","task":"experiment","subjectId":"jajpj1f2fe6vwh5","trial_type":"external-html","trial_index":32,"time_elapsed":492029,"internal_node_id":"0.0-9.0-0.24"},{"rt":5861,"url":"../static/nodeGraphs.html","edge":"2to6","edgeRT":"3917","flipped":"TRUE","correct_edge":"2to6","index":"24","edgeClickLog":"[{\"edgeSelection\":\"2to6\",\"edgeRTMS\":3917}]","seed":" 36501291","task":"experiment","subjectId":"jajpj1f2fe6vwh5","trial_type":"external-html","trial_index":33,"time_elapsed":498544,"internal_node_id":"0.0-9.0-0.25"},{"rt":14308,"url":"../static/nodeGraphs.html","edge":"0to2","edgeRT":"1922","flipped":"FALSE","correct_edge":"0to2","index":"11","edgeClickLog":"[{\"edgeSelection\":\"0to2\",\"edgeRTMS\":1922}]","seed":" 63833578","task":"experiment","subjectId":"jajpj1f2fe6vwh5","trial_type":"external-html","trial_index":34,"time_elapsed":513524,"internal_node_id":"0.0-9.0-0.26"},{"rt":10208,"url":"../static/nodeGraphs.html","edge":"2to4","edgeRT":"7478","flipped":"FALSE","correct_edge":"5to8","index":"3","edgeClickLog":"[{\"edgeSelection\":\"2to4\",\"edgeRTMS\":7478}]","seed":" 46003743","task":"experiment","subjectId":"jajpj1f2fe6vwh5","trial_type":"external-html","trial_index":35,"time_elapsed":524404,"internal_node_id":"0.0-9.0-0.27"},{"rt":17123,"url":"../static/nodeGraphs.html","edge":"0to3","edgeRT":"4055","flipped":"FALSE","correct_edge":"4to7","index":"6","edgeClickLog":"[{\"edgeSelection\":\"0to3\",\"edgeRTMS\":4055}]","seed":" 13523788","task":"experiment","subjectId":"jajpj1f2fe6vwh5","trial_type":"external-html","trial_index":36,"time_elapsed":542194,"internal_node_id":"0.0-9.0-0.28"},{"rt":5021,"url":"../static/nodeGraphs.html","edge":"3to5","edgeRT":"2023","flipped":"FALSE","correct_edge":"5to9","index":"16","edgeClickLog":"[{\"edgeSelection\":\"3to5\",\"edgeRTMS\":2023}]","seed":" 5655743","task":"experiment","subjectId":"jajpj1f2fe6vwh5","trial_type":"external-html","trial_index":37,"time_elapsed":547882,"internal_node_id":"0.0-9.0-0.29"},{"rt":5417,"url":"../static/nodeGraphs.html","edge":"0to2","edgeRT":"2664","flipped":"TRUE","correct_edge":"0to2","index":"31","edgeClickLog":"[{\"edgeSelection\":\"0to2\",\"edgeRTMS\":2664}]","seed":" 63833578","task":"experiment","subjectId":"jajpj1f2fe6vwh5","trial_type":"external-html","trial_index":38,"time_elapsed":553948,"internal_node_id":"0.0-9.0-0.30"},{"rt":18342,"url":"../static/nodeGraphs.html","edge":"2to4","edgeRT":"16091","flipped":"FALSE","correct_edge":"2to4","index":"5","edgeClickLog":"[{\"edgeSelection\":\"5to8\",\"edgeRTMS\":4185},{\"edgeSelection\":\"2to4\",\"edgeRTMS\":16091}]","seed":" 10409262","task":"experiment","subjectId":"jajpj1f2fe6vwh5","trial_type":"external-html","trial_index":39,"time_elapsed":572957,"internal_node_id":"0.0-9.0-0.31"},{"rt":4852,"url":"../static/nodeGraphs.html","edge":"0to3","edgeRT":"2181","flipped":"FALSE","correct_edge":"0to3","index":"9","edgeClickLog":"[{\"edgeSelection\":\"0to3\",\"edgeRTMS\":2181}]","seed":" 61187187","task":"experiment","subjectId":"jajpj1f2fe6vwh5","trial_type":"external-html","trial_index":40,"time_elapsed":578482,"internal_node_id":"0.0-9.0-0.32"},{"rt":5956,"url":"../static/nodeGraphs.html","edge":"2to6","edgeRT":"3190","flipped":"TRUE","correct_edge":"2to6","index":"25","edgeClickLog":"[{\"edgeSelection\":\"2to6\",\"edgeRTMS\":3190}]","seed":" 10409262","task":"experiment","subjectId":"jajpj1f2fe6vwh5","trial_type":"external-html","trial_index":41,"time_elapsed":585090,"internal_node_id":"0.0-9.0-0.33"},{"rt":6137,"url":"../static/nodeGraphs.html","edge":"0to2","edgeRT":"4586","flipped":"FALSE","correct_edge":"3to5","index":"18","edgeClickLog":"[{\"edgeSelection\":\"0to2\",\"edgeRTMS\":4586}]","seed":" 22181670","task":"experiment","subjectId":"jajpj1f2fe6vwh5","trial_type":"external-html","trial_index":42,"time_elapsed":591876,"internal_node_id":"0.0-9.0-0.34"},{"rt":6972,"url":"../static/nodeGraphs.html","edge":"0to1","edgeRT":"3902","flipped":"TRUE","correct_edge":"0to1","index":"32","edgeClickLog":"[{\"edgeSelection\":\"0to1\",\"edgeRTMS\":3902}]","seed":" 36895371","task":"experiment","subjectId":"jajpj1f2fe6vwh5","trial_type":"external-html","trial_index":43,"time_elapsed":599517,"internal_node_id":"0.0-9.0-0.35"},{"rt":11004,"url":"../static/nodeGraphs.html","edge":"5to9","edgeRT":"3909","flipped":"FALSE","correct_edge":"0to2","index":"13","edgeClickLog":"[{\"edgeSelection\":\"5to9\",\"edgeRTMS\":3909}]","seed":" 49587019","task":"experiment","subjectId":"jajpj1f2fe6vwh5","trial_type":"external-html","trial_index":44,"time_elapsed":611174,"internal_node_id":"0.0-9.0-0.36"},{"rt":5379,"url":"../static/nodeGraphs.html","edge":"0to1","edgeRT":"3177","flipped":"TRUE","correct_edge":"2to4","index":"35","edgeClickLog":"[{\"edgeSelection\":\"0to1\",\"edgeRTMS\":3177}]","seed":" 53220770","task":"experiment","subjectId":"jajpj1f2fe6vwh5","trial_type":"external-html","trial_index":45,"time_elapsed":617226,"internal_node_id":"0.0-9.0-0.37"},{"rt":34256,"url":"../static/nodeGraphs.html","edge":"0to1","edgeRT":"32944","flipped":"FALSE","correct_edge":"4to8","index":"1","edgeClickLog":"[{\"edgeSelection\":\"0to1\",\"edgeRTMS\":9170},{\"edgeSelection\":\"0to1\",\"edgeRTMS\":32944}]","seed":" 32816305","task":"experiment","subjectId":"jajpj1f2fe6vwh5","trial_type":"external-html","trial_index":46,"time_elapsed":652154,"internal_node_id":"0.0-9.0-0.38"},{"rt":12841,"url":"../static/nodeGraphs.html","edge":"0to1","edgeRT":"11320","flipped":"TRUE","correct_edge":"6to9","index":"26","edgeClickLog":"[{\"edgeSelection\":\"0to1\",\"edgeRTMS\":11320}]","seed":" 13523788","task":"experiment","subjectId":"jajpj1f2fe6vwh5","trial_type":"external-html","trial_index":47,"time_elapsed":665668,"internal_node_id":"0.0-9.0-0.39"},{"rt":52978,"response":{"P0_Q0":null,"P0_Q1":3,"P0_Q2":5,"P0_Q3":6,"P0_Q4":4,"P0_Q5":2,"strategies":"No.","feedback":"I appreciate being allowed to participate in this study, it was interesting. Thank you!"},"accuracy":[],"trial_type":"survey","trial_index":48,"time_elapsed":719249,"internal_node_id":"0.0-10.0"},{"rt":2692,"stimulus":"<p>Thanks for your time!</p>        <p>We need to manually calculate your bonus pay, please give us up to 7 days.</p><p>Press any key to conclude.</p>","response":" ","task":"end","subjectId":"jajpj1f2fe6vwh5","trial_type":"html-keyboard-response","trial_index":49,"time_elapsed":721944,"internal_node_id":"0.0-11.0","interactions":"[{\"event\":\"fullscreenenter\",\"trial\":1,\"time\":3150},{\"event\":\"blur\",\"trial\":46,\"time\":638428},{\"event\":\"focus\",\"trial\":46,\"time\":638429},{\"event\":\"fullscreenexit\",\"trial\":46,\"time\":638442},{\"event\":\"blur\",\"trial\":46,\"time\":642617},{\"event\":\"focus\",\"trial\":46,\"time\":642617}]"}]