[{"success":true,"timeout":false,"failed_images":[],"failed_audio":[],"failed_video":[],"trial_type":"preload","trial_index":0,"time_elapsed":1729,"internal_node_id":"0.0-0.0"},{"success":true,"trial_type":"fullscreen","trial_index":1,"time_elapsed":4718,"internal_node_id":"0.0-1.0"},{"rt":2661,"stimulus":"Welcome to the experiment. Press any key to begin.","response":"enter","trial_type":"html-keyboard-response","trial_index":2,"time_elapsed":7383,"internal_node_id":"0.0-2.0"},{"view_history":[{"page_index":0,"viewing_time":5243},{"page_index":1,"viewing_time":6677},{"page_index":2,"viewing_time":43672},{"page_index":3,"viewing_time":6536},{"page_index":4,"viewing_time":2504},{"page_index":5,"viewing_time":672},{"page_index":6,"viewing_time":3064},{"page_index":7,"viewing_time":9536},{"page_index":8,"viewing_time":18352},{"page_index":9,"viewing_time":11264},{"page_index":10,"viewing_time":928},{"page_index":11,"viewing_time":984},{"page_index":12,"viewing_time":728},{"page_index":13,"viewing_time":1200},{"page_index":14,"viewing_time":3024},{"page_index":15,"viewing_time":5296},{"page_index":16,"viewing_time":640},{"page_index":17,"viewing_time":584},{"page_index":18,"viewing_time":824},{"page_index":19,"viewing_time":2936},{"page_index":20,"viewing_time":3632},{"page_index":21,"viewing_time":2656}],"rt":130953,"trial_type":"instructions","trial_index":3,"time_elapsed":138336,"internal_node_id":"0.0-3.0"},{"rt":97567,"url":"../static/nodeGraphsTraining.html","edgeClickLog":[],"trial_type":"external-html","trial_index":4,"time_elapsed":236038,"internal_node_id":"0.0-4.0"},{"rt":49071,"response":{"q1":"The goal is to help the student to get the most points","q2":"False","q3":"Possible paths the student can take.","q4":"Paths that the student took before."},"question_order":[0,1,2,3],"trial_type":"survey-multi-choice","trial_index":5,"time_elapsed":285111,"internal_node_id":"0.0-5.0"},{"rt":5331,"stimulus":"<p>You can take a 60 second break before starting the experiment.</p><br><br><p>This page will advance in 60 seconds or you can press any key to advance now.</p>","response":"enter","trial_type":"html-keyboard-response","trial_index":6,"time_elapsed":290446,"internal_node_id":"0.0-7.0"},{"view_history":[{"page_index":0,"viewing_time":7837}],"rt":7837,"trial_type":"instructions","trial_index":7,"time_elapsed":298284,"internal_node_id":"0.0-8.0"},{"rt":49022,"url":"../static/nodeGraphs.html","edge":"5to7","edgeRT":"46601","flipped":"TRUE","correct_edge":"0to3","index":"39","edgeClickLog":"[{\"edgeSelection\":\"5to7\",\"edgeRTMS\":46601}]","seed":" 37422119","task":"experiment","subjectId":"q3xuy08n4zzqcb7","trial_type":"external-html","trial_index":8,"time_elapsed":347409,"internal_node_id":"0.0-9.0-0.0"},{"rt":97565,"url":"../static/nodeGraphs.html","edge":"1to5","edgeRT":"94517","flipped":"TRUE","correct_edge":"0to2","index":"34","edgeClickLog":"[{\"edgeSelection\":\"1to5\",\"edgeRTMS\":94517}]","seed":" 21083760","task":"experiment","subjectId":"q3xuy08n4zzqcb7","trial_type":"external-html","trial_index":9,"time_elapsed":445575,"internal_node_id":"0.0-9.0-0.1"},{"rt":33361,"url":"../static/nodeGraphs.html","edge":"2to4","edgeRT":"24407","flipped":"TRUE","correct_edge":"2to4","index":"35","edgeClickLog":"[{\"edgeSelection\":\"2to4\",\"edgeRTMS\":24407}]","seed":" 53220770","task":"experiment","subjectId":"q3xuy08n4zzqcb7","trial_type":"external-html","trial_index":10,"time_elapsed":479537,"internal_node_id":"0.0-9.0-0.2"},{"rt":13313,"url":"../static/nodeGraphs.html","edge":"4to8","edgeRT":"7354","flipped":"FALSE","correct_edge":"4to8","index":"1","edgeClickLog":"[{\"edgeSelection\":\"4to8\",\"edgeRTMS\":7354}]","seed":" 32816305","task":"experiment","subjectId":"q3xuy08n4zzqcb7","trial_type":"external-html","trial_index":11,"time_elapsed":493449,"internal_node_id":"0.0-9.0-0.3"},{"rt":35188,"url":"../static/nodeGraphs.html","edge":"1to4","edgeRT":"26593","flipped":"FALSE","correct_edge":"0to2","index":"8","edgeClickLog":"[{\"edgeSelection\":\"1to4\",\"edgeRTMS\":26593}]","seed":" 8396978","task":"experiment","subjectId":"q3xuy08n4zzqcb7","trial_type":"external-html","trial_index":12,"time_elapsed":529809,"internal_node_id":"0.0-9.0-0.4"},{"rt":12234,"url":"../static/nodeGraphs.html","edge":"1to5","edgeRT":"7771","flipped":"TRUE","correct_edge":"5to7","index":"36","edgeClickLog":"[{\"edgeSelection\":\"1to5\",\"edgeRTMS\":7771}]","seed":" 5655743","task":"experiment","subjectId":"q3xuy08n4zzqcb7","trial_type":"external-html","trial_index":13,"time_elapsed":542637,"internal_node_id":"0.0-9.0-0.5"},{"rt":27223,"url":"../static/nodeGraphs.html","edge":"0to3","edgeRT":"14252","flipped":"FALSE","correct_edge":"0to3","index":"12","edgeClickLog":"[{\"edgeSelection\":\"0to3\",\"edgeRTMS\":14252}]","seed":" 36895371","task":"experiment","subjectId":"q3xuy08n4zzqcb7","trial_type":"external-html","trial_index":14,"time_elapsed":570463,"internal_node_id":"0.0-9.0-0.6"},{"rt":17962,"url":"../static/nodeGraphs.html","edge":"2to6","edgeRT":"10476","flipped":"FALSE","correct_edge":"2to6","index":"15","edgeClickLog":"[{\"edgeSelection\":\"2to6\",\"edgeRTMS\":10476}]","seed":" 53220770","task":"experiment","subjectId":"q3xuy08n4zzqcb7","trial_type":"external-html","trial_index":15,"time_elapsed":589025,"internal_node_id":"0.0-9.0-0.7"},{"rt":26056,"url":"../static/nodeGraphs.html","edge":"5to9","edgeRT":"20633","flipped":"FALSE","correct_edge":"0to2","index":"13","edgeClickLog":"[{\"edgeSelection\":\"5to9\",\"edgeRTMS\":20633}]","seed":" 49587019","task":"experiment","subjectId":"q3xuy08n4zzqcb7","trial_type":"external-html","trial_index":16,"time_elapsed":615677,"internal_node_id":"0.0-9.0-0.8"},{"rt":13264,"url":"../static/nodeGraphs.html","edge":"5to7","edgeRT":"7865","flipped":"FALSE","correct_edge":"0to3","index":"9","edgeClickLog":"[{\"edgeSelection\":\"5to7\",\"edgeRTMS\":7865}]","seed":" 61187187","task":"experiment","subjectId":"q3xuy08n4zzqcb7","trial_type":"external-html","trial_index":17,"time_elapsed":629537,"internal_node_id":"0.0-9.0-0.9"},{"rt":32849,"url":"../static/nodeGraphs.html","edge":"1to5","edgeRT":"12469","flipped":"TRUE","correct_edge":"1to5","index":"38","edgeClickLog":"[{\"edgeSelection\":\"1to5\",\"edgeRTMS\":12469}]","seed":" 22181670","task":"experiment","subjectId":"q3xuy08n4zzqcb7","trial_type":"external-html","trial_index":18,"time_elapsed":662984,"internal_node_id":"0.0-9.0-0.10"},{"rt":23203,"url":"../static/nodeGraphs.html","edge":"6to9","edgeRT":"18715","flipped":"TRUE","correct_edge":"6to9","index":"26","edgeClickLog":"[{\"edgeSelection\":\"6to9\",\"edgeRTMS\":18715}]","seed":" 13523788","task":"experiment","subjectId":"q3xuy08n4zzqcb7","trial_type":"external-html","trial_index":19,"time_elapsed":686787,"internal_node_id":"0.0-9.0-0.11"},{"rt":48616,"url":"../static/nodeGraphs.html","edge":"5to9","edgeRT":"43468","flipped":"TRUE","correct_edge":"0to2","index":"28","edgeClickLog":"[{\"edgeSelection\":\"0to2\",\"edgeRTMS\":23140},{\"edgeSelection\":\"5to9\",\"edgeRTMS\":43468}]","seed":" 8396978","task":"experiment","subjectId":"q3xuy08n4zzqcb7","trial_type":"external-html","trial_index":20,"time_elapsed":736000,"internal_node_id":"0.0-9.0-0.12"},{"rt":30806,"url":"../static/nodeGraphs.html","edge":"3to5","edgeRT":"23448","flipped":"FALSE","correct_edge":"3to5","index":"18","edgeClickLog":"[{\"edgeSelection\":\"3to5\",\"edgeRTMS\":23448}]","seed":" 22181670","task":"experiment","subjectId":"q3xuy08n4zzqcb7","trial_type":"external-html","trial_index":21,"time_elapsed":767410,"internal_node_id":"0.0-9.0-0.13"},{"rt":14906,"url":"../static/nodeGraphs.html","edge":"2to4","edgeRT":"9243","flipped":"FALSE","correct_edge":"2to4","index":"5","edgeClickLog":"[{\"edgeSelection\":\"2to4\",\"edgeRTMS\":9243}]","seed":" 10409262","task":"experiment","subjectId":"q3xuy08n4zzqcb7","trial_type":"external-html","trial_index":22,"time_elapsed":782921,"internal_node_id":"0.0-9.0-0.14"},{"rt":14412,"url":"../static/nodeGraphs.html","edge":"1to5","edgeRT":"9278","flipped":"FALSE","correct_edge":"0to2","index":"17","edgeClickLog":"[{\"edgeSelection\":\"1to5\",\"edgeRTMS\":9278}]","seed":" 21211189","task":"experiment","subjectId":"q3xuy08n4zzqcb7","trial_type":"external-html","trial_index":23,"time_elapsed":797919,"internal_node_id":"0.0-9.0-0.15"},{"rt":10511,"url":"../static/nodeGraphs.html","edge":"3to5","edgeRT":"6073","flipped":"TRUE","correct_edge":"0to2","index":"37","edgeClickLog":"[{\"edgeSelection\":\"3to5\",\"edgeRTMS\":6073}]","seed":" 21211189","task":"experiment","subjectId":"q3xuy08n4zzqcb7","trial_type":"external-html","trial_index":24,"time_elapsed":809029,"internal_node_id":"0.0-9.0-0.16"},{"rt":10011,"url":"../static/nodeGraphs.html","edge":"0to3","edgeRT":"5708","flipped":"TRUE","correct_edge":"0to3","index":"20","edgeClickLog":"[{\"edgeSelection\":\"0to3\",\"edgeRTMS\":5708}]","seed":" 21745736","task":"experiment","subjectId":"q3xuy08n4zzqcb7","trial_type":"external-html","trial_index":25,"time_elapsed":819637,"internal_node_id":"0.0-9.0-0.17"},{"rt":21572,"url":"../static/nodeGraphs.html","edge":"0to2","edgeRT":"15885","flipped":"TRUE","correct_edge":"0to2","index":"31","edgeClickLog":"[{\"edgeSelection\":\"0to2\",\"edgeRTMS\":15885}]","seed":" 63833578","task":"experiment","subjectId":"q3xuy08n4zzqcb7","trial_type":"external-html","trial_index":26,"time_elapsed":841807,"internal_node_id":"0.0-9.0-0.18"},{"rt":15325,"url":"../static/nodeGraphs.html","edge":"3to5","edgeRT":"11398","flipped":"FALSE","correct_edge":"5to9","index":"16","edgeClickLog":"[{\"edgeSelection\":\"3to5\",\"edgeRTMS\":11398}]","seed":" 5655743","task":"experiment","subjectId":"q3xuy08n4zzqcb7","trial_type":"external-html","trial_index":27,"time_elapsed":857728,"internal_node_id":"0.0-9.0-0.19"},{"rt":13083,"url":"../static/nodeGraphs.html","edge":"2to4","edgeRT":"6855","flipped":"FALSE","correct_edge":"2to4","index":"4","edgeClickLog":"[{\"edgeSelection\":\"2to4\",\"edgeRTMS\":6855}]","seed":" 36501291","task":"experiment","subjectId":"q3xuy08n4zzqcb7","trial_type":"external-html","trial_index":28,"time_elapsed":871417,"internal_node_id":"0.0-9.0-0.20"},{"rt":30255,"url":"../static/nodeGraphs.html","edge":"0to2","edgeRT":"28270","flipped":"FALSE","correct_edge":"0to2","index":"11","edgeClickLog":"[{\"edgeSelection\":\"0to2\",\"edgeRTMS\":27797},{\"edgeSelection\":\"0to2\",\"edgeRTMS\":28270}]","seed":" 63833578","task":"experiment","subjectId":"q3xuy08n4zzqcb7","trial_type":"external-html","trial_index":29,"time_elapsed":902283,"internal_node_id":"0.0-9.0-0.21"},{"rt":13859,"url":"../static/nodeGraphs.html","edge":"6to8","edgeRT":"7913","flipped":"FALSE","correct_edge":"0to2","index":"10","edgeClickLog":"[{\"edgeSelection\":\"6to8\",\"edgeRTMS\":7913}]","seed":" 39688702","task":"experiment","subjectId":"q3xuy08n4zzqcb7","trial_type":"external-html","trial_index":30,"time_elapsed":916737,"internal_node_id":"0.0-9.0-0.22"},{"rt":200843,"url":"../static/nodeGraphs.html","edge":"3to6","edgeRT":"188055","flipped":"TRUE","correct_edge":"3to6","index":"22","edgeClickLog":"[{\"edgeSelection\":\"3to6\",\"edgeRTMS\":188055}]","seed":" 22809663","task":"experiment","subjectId":"q3xuy08n4zzqcb7","trial_type":"external-html","trial_index":31,"time_elapsed":1118180,"internal_node_id":"0.0-9.0-0.23"},{"rt":64535,"url":"../static/nodeGraphs.html","edge":"3to5","edgeRT":"59175","flipped":"FALSE","correct_edge":"0to2","index":"7","edgeClickLog":"[{\"edgeSelection\":\"0to2\",\"edgeRTMS\":52471},{\"edgeSelection\":\"3to5\",\"edgeRTMS\":58735},{\"edgeSelection\":\"3to5\",\"edgeRTMS\":59175}]","seed":" 85614324","task":"experiment","subjectId":"q3xuy08n4zzqcb7","trial_type":"external-html","trial_index":32,"time_elapsed":1183314,"internal_node_id":"0.0-9.0-0.24"},{"rt":8295,"url":"../static/nodeGraphs.html","edge":"6to8","edgeRT":"3810","flipped":"TRUE","correct_edge":"6to8","index":"21","edgeClickLog":"[{\"edgeSelection\":\"6to8\",\"edgeRTMS\":3810}]","seed":" 32816305","task":"experiment","subjectId":"q3xuy08n4zzqcb7","trial_type":"external-html","trial_index":33,"time_elapsed":1192211,"internal_node_id":"0.0-9.0-0.25"},{"rt":12755,"url":"../static/nodeGraphs.html","edge":"5to7","edgeRT":"8444","flipped":"TRUE","correct_edge":"0to2","index":"33","edgeClickLog":"[{\"edgeSelection\":\"5to7\",\"edgeRTMS\":8444}]","seed":" 49587019","task":"experiment","subjectId":"q3xuy08n4zzqcb7","trial_type":"external-html","trial_index":34,"time_elapsed":1205561,"internal_node_id":"0.0-9.0-0.26"},{"rt":12798,"url":"../static/nodeGraphs.html","edge":"0to1","edgeRT":"8388","flipped":"FALSE","correct_edge":"0to1","index":"0","edgeClickLog":"[{\"edgeSelection\":\"0to1\",\"edgeRTMS\":8388}]","seed":" 21745736","task":"experiment","subjectId":"q3xuy08n4zzqcb7","trial_type":"external-html","trial_index":35,"time_elapsed":1218967,"internal_node_id":"0.0-9.0-0.27"},{"rt":14165,"url":"../static/nodeGraphs.html","edge":"1to4","edgeRT":"8853","flipped":"FALSE","correct_edge":"1to4","index":"2","edgeClickLog":"[{\"edgeSelection\":\"1to4\",\"edgeRTMS\":8853}]","seed":" 22809663","task":"experiment","subjectId":"q3xuy08n4zzqcb7","trial_type":"external-html","trial_index":36,"time_elapsed":1233735,"internal_node_id":"0.0-9.0-0.28"},{"rt":22444,"url":"../static/nodeGraphs.html","edge":"0to1","edgeRT":"17948","flipped":"TRUE","correct_edge":"0to1","index":"32","edgeClickLog":"[{\"edgeSelection\":\"0to1\",\"edgeRTMS\":10806},{\"edgeSelection\":\"0to1\",\"edgeRTMS\":17948}]","seed":" 36895371","task":"experiment","subjectId":"q3xuy08n4zzqcb7","trial_type":"external-html","trial_index":37,"time_elapsed":1256775,"internal_node_id":"0.0-9.0-0.29"},{"rt":28994,"url":"../static/nodeGraphs.html","edge":"3to5","edgeRT":"25101","flipped":"FALSE","correct_edge":"0to2","index":"14","edgeClickLog":"[{\"edgeSelection\":\"3to5\",\"edgeRTMS\":25101}]","seed":" 21083760","task":"experiment","subjectId":"q3xuy08n4zzqcb7","trial_type":"external-html","trial_index":38,"time_elapsed":1286370,"internal_node_id":"0.0-9.0-0.30"},{"rt":50225,"url":"../static/nodeGraphs.html","edge":"2to6","edgeRT":"45643","flipped":"TRUE","correct_edge":"2to6","index":"25","edgeClickLog":"[{\"edgeSelection\":\"2to6\",\"edgeRTMS\":45643}]","seed":" 10409262","task":"experiment","subjectId":"q3xuy08n4zzqcb7","trial_type":"external-html","trial_index":39,"time_elapsed":1337192,"internal_node_id":"0.0-9.0-0.31"},{"rt":7767,"url":"../static/nodeGraphs.html","edge":"5to8","edgeRT":"4306","flipped":"FALSE","correct_edge":"5to8","index":"3","edgeClickLog":"[{\"edgeSelection\":\"5to8\",\"edgeRTMS\":4306}]","seed":" 46003743","task":"experiment","subjectId":"q3xuy08n4zzqcb7","trial_type":"external-html","trial_index":40,"time_elapsed":1345553,"internal_node_id":"0.0-9.0-0.32"},{"rt":17506,"url":"../static/nodeGraphs.html","edge":"1to5","edgeRT":"10712","flipped":"TRUE","correct_edge":"0to2","index":"27","edgeClickLog":"[{\"edgeSelection\":\"1to5\",\"edgeRTMS\":10712}]","seed":" 85614324","task":"experiment","subjectId":"q3xuy08n4zzqcb7","trial_type":"external-html","trial_index":41,"time_elapsed":1363652,"internal_node_id":"0.0-9.0-0.33"},{"rt":23441,"url":"../static/nodeGraphs.html","edge":"5to9","edgeRT":"21540","flipped":"FALSE","correct_edge":"0to1","index":"19","edgeClickLog":"[{\"edgeSelection\":\"5to9\",\"edgeRTMS\":15724},{\"edgeSelection\":\"5to9\",\"edgeRTMS\":21540}]","seed":" 37422119","task":"experiment","subjectId":"q3xuy08n4zzqcb7","trial_type":"external-html","trial_index":42,"time_elapsed":1387695,"internal_node_id":"0.0-9.0-0.34"},{"rt":9866,"url":"../static/nodeGraphs.html","edge":"5to8","edgeRT":"5695","flipped":"TRUE","correct_edge":"5to8","index":"23","edgeClickLog":"[{\"edgeSelection\":\"5to8\",\"edgeRTMS\":5695}]","seed":" 46003743","task":"experiment","subjectId":"q3xuy08n4zzqcb7","trial_type":"external-html","trial_index":43,"time_elapsed":1398158,"internal_node_id":"0.0-9.0-0.35"},{"rt":13766,"url":"../static/nodeGraphs.html","edge":"4to7","edgeRT":"9904","flipped":"FALSE","correct_edge":"4to7","index":"6","edgeClickLog":"[{\"edgeSelection\":\"4to7\",\"edgeRTMS\":6172},{\"edgeSelection\":\"4to7\",\"edgeRTMS\":9904}]","seed":" 13523788","task":"experiment","subjectId":"q3xuy08n4zzqcb7","trial_type":"external-html","trial_index":44,"time_elapsed":1412530,"internal_node_id":"0.0-9.0-0.36"},{"rt":34994,"url":"../static/nodeGraphs.html","edge":"4to8","edgeRT":"26181","flipped":"TRUE","correct_edge":"0to2","index":"30","edgeClickLog":"[{\"edgeSelection\":\"4to8\",\"edgeRTMS\":26181}]","seed":" 39688702","task":"experiment","subjectId":"q3xuy08n4zzqcb7","trial_type":"external-html","trial_index":45,"time_elapsed":1448111,"internal_node_id":"0.0-9.0-0.37"},{"rt":9538,"url":"../static/nodeGraphs.html","edge":"5to9","edgeRT":"7341","flipped":"TRUE","correct_edge":"0to1","index":"29","edgeClickLog":"[{\"edgeSelection\":\"5to9\",\"edgeRTMS\":3230},{\"edgeSelection\":\"5to9\",\"edgeRTMS\":7341}]","seed":" 61187187","task":"experiment","subjectId":"q3xuy08n4zzqcb7","trial_type":"external-html","trial_index":46,"time_elapsed":1458250,"internal_node_id":"0.0-9.0-0.38"},{"rt":20800,"url":"../static/nodeGraphs.html","edge":"2to6","edgeRT":"14042","flipped":"TRUE","correct_edge":"2to6","index":"24","edgeClickLog":"[{\"edgeSelection\":\"2to6\",\"edgeRTMS\":7384},{\"edgeSelection\":\"2to6\",\"edgeRTMS\":14042}]","seed":" 36501291","task":"experiment","subjectId":"q3xuy08n4zzqcb7","trial_type":"external-html","trial_index":47,"time_elapsed":1479650,"internal_node_id":"0.0-9.0-0.39"},{"rt":66530,"response":{"P0_Q0":null,"P0_Q1":6,"P0_Q2":5,"P0_Q3":2,"P0_Q4":6,"P0_Q5":6,"strategies":"Whatever path would get the most points.","feedback":""},"accuracy":[],"trial_type":"survey","trial_index":48,"time_elapsed":1546803,"internal_node_id":"0.0-10.0"},{"rt":4977,"stimulus":"<p>Thanks for your time!</p>        <p>We need to manually calculate your bonus pay, please give us up to 7 days.</p><p>Press any key to conclude.</p>","response":"enter","task":"end","subjectId":"q3xuy08n4zzqcb7","trial_type":"html-keyboard-response","trial_index":49,"time_elapsed":1551783,"internal_node_id":"0.0-11.0","interactions":"[{\"event\":\"fullscreenenter\",\"trial\":1,\"time\":3739},{\"event\":\"blur\",\"trial\":8,\"time\":315059},{\"event\":\"focus\",\"trial\":8,\"time\":315059},{\"event\":\"fullscreenexit\",\"trial\":8,\"time\":315063},{\"event\":\"blur\",\"trial\":8,\"time\":339212},{\"event\":\"focus\",\"trial\":8,\"time\":339212},{\"event\":\"blur\",\"trial\":9,\"time\":433725},{\"event\":\"focus\",\"trial\":9,\"time\":433725},{\"event\":\"blur\",\"trial\":14,\"time\":552044},{\"event\":\"focus\",\"trial\":14,\"time\":552044}]"}]