[{"success":true,"timeout":false,"failed_images":[],"failed_audio":[],"failed_video":[],"trial_type":"preload","trial_index":0,"time_elapsed":1277,"internal_node_id":"0.0-0.0"},{"success":true,"trial_type":"fullscreen","trial_index":1,"time_elapsed":7470,"internal_node_id":"0.0-1.0"},{"rt":2879,"stimulus":"Welcome to the experiment. Press any key to begin.","response":" ","trial_type":"html-keyboard-response","trial_index":2,"time_elapsed":10354,"internal_node_id":"0.0-2.0"},{"view_history":[{"page_index":0,"viewing_time":3155},{"page_index":1,"viewing_time":2881},{"page_index":2,"viewing_time":22544},{"page_index":3,"viewing_time":2127},{"page_index":4,"viewing_time":2097},{"page_index":5,"viewing_time":408},{"page_index":6,"viewing_time":1023},{"page_index":7,"viewing_time":20290},{"page_index":8,"viewing_time":17777},{"page_index":7,"viewing_time":3078},{"page_index":8,"viewing_time":4665},{"page_index":7,"viewing_time":3214},{"page_index":6,"viewing_time":1505},{"page_index":5,"viewing_time":520},{"page_index":4,"viewing_time":383},{"page_index":3,"viewing_time":1048},{"page_index":2,"viewing_time":3440},{"page_index":3,"viewing_time":224},{"page_index":4,"viewing_time":833},{"page_index":5,"viewing_time":848},{"page_index":6,"viewing_time":287},{"page_index":7,"viewing_time":640},{"page_index":8,"viewing_time":2480},{"page_index":9,"viewing_time":10065},{"page_index":10,"viewing_time":1367},{"page_index":11,"viewing_time":865},{"page_index":12,"viewing_time":527},{"page_index":13,"viewing_time":1200},{"page_index":14,"viewing_time":1736},{"page_index":15,"viewing_time":8265},{"page_index":16,"viewing_time":2432},{"page_index":17,"viewing_time":568},{"page_index":18,"viewing_time":552},{"page_index":19,"viewing_time":3631},{"page_index":20,"viewing_time":5952},{"page_index":21,"viewing_time":2936}],"rt":135565,"trial_type":"instructions","trial_index":3,"time_elapsed":145921,"internal_node_id":"0.0-3.0"},{"rt":95897,"url":"../static/nodeGraphsTraining.html","edgeClickLog":[],"trial_type":"external-html","trial_index":4,"time_elapsed":242086,"internal_node_id":"0.0-4.0"},{"rt":30620,"response":{"q1":"The goal is to help the student to get the most points","q2":"False","q3":"Possible paths the student can take.","q4":"Paths that the student took before."},"question_order":[0,1,2,3],"trial_type":"survey-multi-choice","trial_index":5,"time_elapsed":272709,"internal_node_id":"0.0-5.0"},{"rt":null,"stimulus":"<p>You can take a 60 second break before starting the experiment.</p><br><br><p>This page will advance in 60 seconds or you can press any key to advance now.</p>","response":null,"trial_type":"html-keyboard-response","trial_index":6,"time_elapsed":332720,"internal_node_id":"0.0-7.0"},{"view_history":[{"page_index":0,"viewing_time":90279}],"rt":90279,"trial_type":"instructions","trial_index":7,"time_elapsed":423000,"internal_node_id":"0.0-8.0"},{"rt":63155,"url":"../static/nodeGraphs.html","edge":"0to3","edgeRT":"57817","flipped":"FALSE","correct_edge":"0to1","index":"0","edgeClickLog":"[{\"edgeSelection\":\"0to3\",\"edgeRTMS\":17603},{\"edgeSelection\":\"3to6\",\"edgeRTMS\":20006},{\"edgeSelection\":\"0to3\",\"edgeRTMS\":23006},{\"edgeSelection\":\"3to5\",\"edgeRTMS\":24390},{\"edgeSelection\":\"5to7\",\"edgeRTMS\":26037},{\"edgeSelection\":\"0to3\",\"edgeRTMS\":31319},{\"edgeSelection\":\"3to5\",\"edgeRTMS\":37386},{\"edgeSelection\":\"0to3\",\"edgeRTMS\":42737},{\"edgeSelection\":\"3to5\",\"edgeRTMS\":44695},{\"edgeSelection\":\"0to1\",\"edgeRTMS\":45731},{\"edgeSelection\":\"1to4\",\"edgeRTMS\":46423},{\"edgeSelection\":\"0to1\",\"edgeRTMS\":48083},{\"edgeSelection\":\"0to3\",\"edgeRTMS\":57817}]","seed":" 21745736","task":"experiment","subjectId":"gzbn5up0d2622pn","trial_type":"external-html","trial_index":8,"time_elapsed":486334,"internal_node_id":"0.0-9.0-0.0"},{"rt":14230,"url":"../static/nodeGraphs.html","edge":"0to1","edgeRT":"11828","flipped":"TRUE","correct_edge":"0to1","index":"29","edgeClickLog":"[{\"edgeSelection\":\"0to1\",\"edgeRTMS\":7214},{\"edgeSelection\":\"1to4\",\"edgeRTMS\":9924},{\"edgeSelection\":\"0to1\",\"edgeRTMS\":11828}]","seed":" 61187187","task":"experiment","subjectId":"gzbn5up0d2622pn","trial_type":"external-html","trial_index":9,"time_elapsed":501268,"internal_node_id":"0.0-9.0-0.1"},{"rt":6103,"url":"../static/nodeGraphs.html","edge":"0to3","edgeRT":"4277","flipped":"TRUE","correct_edge":"0to2","index":"30","edgeClickLog":"[{\"edgeSelection\":\"0to3\",\"edgeRTMS\":4277}]","seed":" 39688702","task":"experiment","subjectId":"gzbn5up0d2622pn","trial_type":"external-html","trial_index":10,"time_elapsed":508058,"internal_node_id":"0.0-9.0-0.2"},{"rt":4696,"url":"../static/nodeGraphs.html","edge":"0to2","edgeRT":"2913","flipped":"FALSE","correct_edge":"0to2","index":"7","edgeClickLog":"[{\"edgeSelection\":\"0to2\",\"edgeRTMS\":2913}]","seed":" 85614324","task":"experiment","subjectId":"gzbn5up0d2622pn","trial_type":"external-html","trial_index":11,"time_elapsed":513452,"internal_node_id":"0.0-9.0-0.3"},{"rt":37478,"url":"../static/nodeGraphs.html","edge":"1to5","edgeRT":"35790","flipped":"TRUE","correct_edge":"5to7","index":"36","edgeClickLog":"[{\"edgeSelection\":\"2to5\",\"edgeRTMS\":4746},{\"edgeSelection\":\"0to3\",\"edgeRTMS\":7331},{\"edgeSelection\":\"0to3\",\"edgeRTMS\":14232},{\"edgeSelection\":\"0to3\",\"edgeRTMS\":14912},{\"edgeSelection\":\"0to1\",\"edgeRTMS\":15938},{\"edgeSelection\":\"1to5\",\"edgeRTMS\":35259},{\"edgeSelection\":\"1to5\",\"edgeRTMS\":35790}]","seed":" 5655743","task":"experiment","subjectId":"gzbn5up0d2622pn","trial_type":"external-html","trial_index":12,"time_elapsed":551714,"internal_node_id":"0.0-9.0-0.4"},{"rt":7817,"url":"../static/nodeGraphs.html","edge":"0to3","edgeRT":"5390","flipped":"TRUE","correct_edge":"0to3","index":"20","edgeClickLog":"[{\"edgeSelection\":\"0to1\",\"edgeRTMS\":3416},{\"edgeSelection\":\"0to3\",\"edgeRTMS\":5390}]","seed":" 21745736","task":"experiment","subjectId":"gzbn5up0d2622pn","trial_type":"external-html","trial_index":13,"time_elapsed":560237,"internal_node_id":"0.0-9.0-0.5"},{"rt":16638,"url":"../static/nodeGraphs.html","edge":"3to6","edgeRT":"15246","flipped":"TRUE","correct_edge":"0to2","index":"28","edgeClickLog":"[{\"edgeSelection\":\"3to6\",\"edgeRTMS\":15246}]","seed":" 8396978","task":"experiment","subjectId":"gzbn5up0d2622pn","trial_type":"external-html","trial_index":14,"time_elapsed":577711,"internal_node_id":"0.0-9.0-0.6"},{"rt":5356,"url":"../static/nodeGraphs.html","edge":"0to3","edgeRT":"3236","flipped":"TRUE","correct_edge":"0to3","index":"39","edgeClickLog":"[{\"edgeSelection\":\"0to3\",\"edgeRTMS\":3236}]","seed":" 37422119","task":"experiment","subjectId":"gzbn5up0d2622pn","trial_type":"external-html","trial_index":15,"time_elapsed":583754,"internal_node_id":"0.0-9.0-0.7"},{"rt":23417,"url":"../static/nodeGraphs.html","edge":"0to2","edgeRT":"22006","flipped":"FALSE","correct_edge":"0to2","index":"13","edgeClickLog":"[{\"edgeSelection\":\"0to2\",\"edgeRTMS\":12286},{\"edgeSelection\":\"2to6\",\"edgeRTMS\":14491},{\"edgeSelection\":\"0to2\",\"edgeRTMS\":16245},{\"edgeSelection\":\"0to2\",\"edgeRTMS\":18194},{\"edgeSelection\":\"0to2\",\"edgeRTMS\":22006}]","seed":" 49587019","task":"experiment","subjectId":"gzbn5up0d2622pn","trial_type":"external-html","trial_index":16,"time_elapsed":607873,"internal_node_id":"0.0-9.0-0.8"},{"rt":19505,"url":"../static/nodeGraphs.html","edge":"0to2","edgeRT":"14021","flipped":"FALSE","correct_edge":"0to2","index":"8","edgeClickLog":"[{\"edgeSelection\":\"0to2\",\"edgeRTMS\":14021}]","seed":" 8396978","task":"experiment","subjectId":"gzbn5up0d2622pn","trial_type":"external-html","trial_index":17,"time_elapsed":628261,"internal_node_id":"0.0-9.0-0.9"},{"rt":10109,"url":"../static/nodeGraphs.html","edge":"0to1","edgeRT":"5188","flipped":"FALSE","correct_edge":"0to2","index":"14","edgeClickLog":"[{\"edgeSelection\":\"0to1\",\"edgeRTMS\":5188}]","seed":" 21083760","task":"experiment","subjectId":"gzbn5up0d2622pn","trial_type":"external-html","trial_index":18,"time_elapsed":639189,"internal_node_id":"0.0-9.0-0.10"},{"rt":4538,"url":"../static/nodeGraphs.html","edge":"0to2","edgeRT":"3102","flipped":"TRUE","correct_edge":"1to5","index":"38","edgeClickLog":"[{\"edgeSelection\":\"0to2\",\"edgeRTMS\":3102}]","seed":" 22181670","task":"experiment","subjectId":"gzbn5up0d2622pn","trial_type":"external-html","trial_index":19,"time_elapsed":644426,"internal_node_id":"0.0-9.0-0.11"},{"rt":4308,"url":"../static/nodeGraphs.html","edge":"0to2","edgeRT":"2551","flipped":"FALSE","correct_edge":"0to2","index":"17","edgeClickLog":"[{\"edgeSelection\":\"0to2\",\"edgeRTMS\":2551}]","seed":" 21211189","task":"experiment","subjectId":"gzbn5up0d2622pn","trial_type":"external-html","trial_index":20,"time_elapsed":649436,"internal_node_id":"0.0-9.0-0.12"},{"rt":9122,"url":"../static/nodeGraphs.html","edge":"0to2","edgeRT":"7198","flipped":"TRUE","correct_edge":"0to2","index":"33","edgeClickLog":"[{\"edgeSelection\":\"0to2\",\"edgeRTMS\":7198}]","seed":" 49587019","task":"experiment","subjectId":"gzbn5up0d2622pn","trial_type":"external-html","trial_index":21,"time_elapsed":659256,"internal_node_id":"0.0-9.0-0.13"},{"rt":4958,"url":"../static/nodeGraphs.html","edge":"3to6","edgeRT":"3226","flipped":"TRUE","correct_edge":"3to6","index":"22","edgeClickLog":"[{\"edgeSelection\":\"3to6\",\"edgeRTMS\":3226}]","seed":" 22809663","task":"experiment","subjectId":"gzbn5up0d2622pn","trial_type":"external-html","trial_index":22,"time_elapsed":664912,"internal_node_id":"0.0-9.0-0.14"},{"rt":8506,"url":"../static/nodeGraphs.html","edge":"5to8","edgeRT":"5542","flipped":"FALSE","correct_edge":"5to8","index":"3","edgeClickLog":"[{\"edgeSelection\":\"5to8\",\"edgeRTMS\":5542}]","seed":" 46003743","task":"experiment","subjectId":"gzbn5up0d2622pn","trial_type":"external-html","trial_index":23,"time_elapsed":674118,"internal_node_id":"0.0-9.0-0.15"},{"rt":11814,"url":"../static/nodeGraphs.html","edge":"6to8","edgeRT":"9598","flipped":"TRUE","correct_edge":"6to8","index":"21","edgeClickLog":"[{\"edgeSelection\":\"6to8\",\"edgeRTMS\":9598}]","seed":" 32816305","task":"experiment","subjectId":"gzbn5up0d2622pn","trial_type":"external-html","trial_index":24,"time_elapsed":686709,"internal_node_id":"0.0-9.0-0.16"},{"rt":7662,"url":"../static/nodeGraphs.html","edge":"2to4","edgeRT":"4722","flipped":"FALSE","correct_edge":"2to4","index":"5","edgeClickLog":"[{\"edgeSelection\":\"2to4\",\"edgeRTMS\":4722}]","seed":" 10409262","task":"experiment","subjectId":"gzbn5up0d2622pn","trial_type":"external-html","trial_index":25,"time_elapsed":695072,"internal_node_id":"0.0-9.0-0.17"},{"rt":5946,"url":"../static/nodeGraphs.html","edge":"0to2","edgeRT":"4140","flipped":"FALSE","correct_edge":"0to2","index":"11","edgeClickLog":"[{\"edgeSelection\":\"0to2\",\"edgeRTMS\":4140}]","seed":" 63833578","task":"experiment","subjectId":"gzbn5up0d2622pn","trial_type":"external-html","trial_index":26,"time_elapsed":701893,"internal_node_id":"0.0-9.0-0.18"},{"rt":6195,"url":"../static/nodeGraphs.html","edge":"2to4","edgeRT":"2716","flipped":"FALSE","correct_edge":"2to4","index":"4","edgeClickLog":"[{\"edgeSelection\":\"2to4\",\"edgeRTMS\":2716}]","seed":" 36501291","task":"experiment","subjectId":"gzbn5up0d2622pn","trial_type":"external-html","trial_index":27,"time_elapsed":708865,"internal_node_id":"0.0-9.0-0.19"},{"rt":13873,"url":"../static/nodeGraphs.html","edge":"4to8","edgeRT":"12781","flipped":"FALSE","correct_edge":"4to8","index":"1","edgeClickLog":"[{\"edgeSelection\":\"4to8\",\"edgeRTMS\":12781}]","seed":" 32816305","task":"experiment","subjectId":"gzbn5up0d2622pn","trial_type":"external-html","trial_index":28,"time_elapsed":723532,"internal_node_id":"0.0-9.0-0.20"},{"rt":6005,"url":"../static/nodeGraphs.html","edge":"0to1","edgeRT":"3280","flipped":"TRUE","correct_edge":"2to4","index":"35","edgeClickLog":"[{\"edgeSelection\":\"0to1\",\"edgeRTMS\":3280}]","seed":" 53220770","task":"experiment","subjectId":"gzbn5up0d2622pn","trial_type":"external-html","trial_index":29,"time_elapsed":730236,"internal_node_id":"0.0-9.0-0.21"},{"rt":6734,"url":"../static/nodeGraphs.html","edge":"5to8","edgeRT":"5492","flipped":"TRUE","correct_edge":"5to8","index":"23","edgeClickLog":"[{\"edgeSelection\":\"5to8\",\"edgeRTMS\":5492}]","seed":" 46003743","task":"experiment","subjectId":"gzbn5up0d2622pn","trial_type":"external-html","trial_index":30,"time_elapsed":737662,"internal_node_id":"0.0-9.0-0.22"},{"rt":10248,"url":"../static/nodeGraphs.html","edge":"0to2","edgeRT":"6451","flipped":"TRUE","correct_edge":"0to2","index":"31","edgeClickLog":"[{\"edgeSelection\":\"0to2\",\"edgeRTMS\":6451}]","seed":" 63833578","task":"experiment","subjectId":"gzbn5up0d2622pn","trial_type":"external-html","trial_index":31,"time_elapsed":748606,"internal_node_id":"0.0-9.0-0.23"},{"rt":7199,"url":"../static/nodeGraphs.html","edge":"0to1","edgeRT":"3111","flipped":"TRUE","correct_edge":"6to9","index":"26","edgeClickLog":"[{\"edgeSelection\":\"0to1\",\"edgeRTMS\":3111}]","seed":" 13523788","task":"experiment","subjectId":"gzbn5up0d2622pn","trial_type":"external-html","trial_index":32,"time_elapsed":756708,"internal_node_id":"0.0-9.0-0.24"},{"rt":6573,"url":"../static/nodeGraphs.html","edge":"1to4","edgeRT":"5216","flipped":"FALSE","correct_edge":"1to4","index":"2","edgeClickLog":"[{\"edgeSelection\":\"1to4\",\"edgeRTMS\":3979},{\"edgeSelection\":\"1to4\",\"edgeRTMS\":4647},{\"edgeSelection\":\"1to4\",\"edgeRTMS\":5216}]","seed":" 22809663","task":"experiment","subjectId":"gzbn5up0d2622pn","trial_type":"external-html","trial_index":33,"time_elapsed":763989,"internal_node_id":"0.0-9.0-0.25"},{"rt":3269,"url":"../static/nodeGraphs.html","edge":"0to2","edgeRT":"1945","flipped":"TRUE","correct_edge":"0to2","index":"37","edgeClickLog":"[{\"edgeSelection\":\"0to2\",\"edgeRTMS\":1945}]","seed":" 21211189","task":"experiment","subjectId":"gzbn5up0d2622pn","trial_type":"external-html","trial_index":34,"time_elapsed":767945,"internal_node_id":"0.0-9.0-0.26"},{"rt":3157,"url":"../static/nodeGraphs.html","edge":"0to2","edgeRT":"1625","flipped":"FALSE","correct_edge":"3to5","index":"18","edgeClickLog":"[{\"edgeSelection\":\"0to2\",\"edgeRTMS\":1625}]","seed":" 22181670","task":"experiment","subjectId":"gzbn5up0d2622pn","trial_type":"external-html","trial_index":35,"time_elapsed":771791,"internal_node_id":"0.0-9.0-0.27"},{"rt":8469,"url":"../static/nodeGraphs.html","edge":"0to3","edgeRT":"7119","flipped":"FALSE","correct_edge":"0to3","index":"12","edgeClickLog":"[{\"edgeSelection\":\"0to3\",\"edgeRTMS\":7119}]","seed":" 36895371","task":"experiment","subjectId":"gzbn5up0d2622pn","trial_type":"external-html","trial_index":36,"time_elapsed":780966,"internal_node_id":"0.0-9.0-0.28"},{"rt":14610,"url":"../static/nodeGraphs.html","edge":"2to6","edgeRT":"2702","flipped":"TRUE","correct_edge":"2to6","index":"24","edgeClickLog":"[{\"edgeSelection\":\"2to6\",\"edgeRTMS\":2702}]","seed":" 36501291","task":"experiment","subjectId":"gzbn5up0d2622pn","trial_type":"external-html","trial_index":37,"time_elapsed":796266,"internal_node_id":"0.0-9.0-0.29"},{"rt":4175,"url":"../static/nodeGraphs.html","edge":"0to3","edgeRT":"2110","flipped":"FALSE","correct_edge":"2to6","index":"15","edgeClickLog":"[{\"edgeSelection\":\"0to3\",\"edgeRTMS\":2110}]","seed":" 53220770","task":"experiment","subjectId":"gzbn5up0d2622pn","trial_type":"external-html","trial_index":38,"time_elapsed":801401,"internal_node_id":"0.0-9.0-0.30"},{"rt":8225,"url":"../static/nodeGraphs.html","edge":"0to3","edgeRT":"6938","flipped":"TRUE","correct_edge":"0to2","index":"34","edgeClickLog":"[{\"edgeSelection\":\"0to3\",\"edgeRTMS\":6938}]","seed":" 21083760","task":"experiment","subjectId":"gzbn5up0d2622pn","trial_type":"external-html","trial_index":39,"time_elapsed":810245,"internal_node_id":"0.0-9.0-0.31"},{"rt":8576,"url":"../static/nodeGraphs.html","edge":"0to3","edgeRT":"2491","flipped":"FALSE","correct_edge":"0to3","index":"9","edgeClickLog":"[{\"edgeSelection\":\"0to3\",\"edgeRTMS\":2491}]","seed":" 61187187","task":"experiment","subjectId":"gzbn5up0d2622pn","trial_type":"external-html","trial_index":40,"time_elapsed":819551,"internal_node_id":"0.0-9.0-0.32"},{"rt":8126,"url":"../static/nodeGraphs.html","edge":"0to1","edgeRT":"6610","flipped":"FALSE","correct_edge":"0to2","index":"10","edgeClickLog":"[{\"edgeSelection\":\"0to1\",\"edgeRTMS\":6610}]","seed":" 39688702","task":"experiment","subjectId":"gzbn5up0d2622pn","trial_type":"external-html","trial_index":41,"time_elapsed":828366,"internal_node_id":"0.0-9.0-0.33"},{"rt":3993,"url":"../static/nodeGraphs.html","edge":"2to6","edgeRT":"2609","flipped":"TRUE","correct_edge":"2to6","index":"25","edgeClickLog":"[{\"edgeSelection\":\"2to6\",\"edgeRTMS\":2609}]","seed":" 10409262","task":"experiment","subjectId":"gzbn5up0d2622pn","trial_type":"external-html","trial_index":42,"time_elapsed":833102,"internal_node_id":"0.0-9.0-0.34"},{"rt":6520,"url":"../static/nodeGraphs.html","edge":"0to1","edgeRT":"4918","flipped":"TRUE","correct_edge":"0to1","index":"32","edgeClickLog":"[{\"edgeSelection\":\"0to1\",\"edgeRTMS\":4918}]","seed":" 36895371","task":"experiment","subjectId":"gzbn5up0d2622pn","trial_type":"external-html","trial_index":43,"time_elapsed":840324,"internal_node_id":"0.0-9.0-0.35"},{"rt":8046,"url":"../static/nodeGraphs.html","edge":"0to3","edgeRT":"6708","flipped":"FALSE","correct_edge":"4to7","index":"6","edgeClickLog":"[{\"edgeSelection\":\"0to3\",\"edgeRTMS\":6708}]","seed":" 13523788","task":"experiment","subjectId":"gzbn5up0d2622pn","trial_type":"external-html","trial_index":44,"time_elapsed":849064,"internal_node_id":"0.0-9.0-0.36"},{"rt":10082,"url":"../static/nodeGraphs.html","edge":"3to5","edgeRT":"8472","flipped":"FALSE","correct_edge":"5to9","index":"16","edgeClickLog":"[{\"edgeSelection\":\"3to5\",\"edgeRTMS\":8472}]","seed":" 5655743","task":"experiment","subjectId":"gzbn5up0d2622pn","trial_type":"external-html","trial_index":45,"time_elapsed":859945,"internal_node_id":"0.0-9.0-0.37"},{"rt":4948,"url":"../static/nodeGraphs.html","edge":"0to1","edgeRT":"2609","flipped":"FALSE","correct_edge":"0to1","index":"19","edgeClickLog":"[{\"edgeSelection\":\"0to1\",\"edgeRTMS\":2609}]","seed":" 37422119","task":"experiment","subjectId":"gzbn5up0d2622pn","trial_type":"external-html","trial_index":46,"time_elapsed":865578,"internal_node_id":"0.0-9.0-0.38"},{"rt":5092,"url":"../static/nodeGraphs.html","edge":"0to2","edgeRT":"3446","flipped":"TRUE","correct_edge":"0to2","index":"27","edgeClickLog":"[{\"edgeSelection\":\"0to2\",\"edgeRTMS\":3446}]","seed":" 85614324","task":"experiment","subjectId":"gzbn5up0d2622pn","trial_type":"external-html","trial_index":47,"time_elapsed":871365,"internal_node_id":"0.0-9.0-0.39"},{"rt":24003,"response":{"P0_Q0":null,"P0_Q1":3,"P0_Q2":7,"P0_Q3":7,"P0_Q4":1,"P0_Q5":1,"strategies":"no","feedback":"no"},"accuracy":[],"trial_type":"survey","trial_index":48,"time_elapsed":895979,"internal_node_id":"0.0-10.0"},{"rt":3220,"stimulus":"<p>Thanks for your time!</p>        <p>We need to manually calculate your bonus pay, please give us up to 7 days.</p><p>Press any key to conclude.</p>","response":" ","task":"end","subjectId":"gzbn5up0d2622pn","trial_type":"html-keyboard-response","trial_index":49,"time_elapsed":899203,"internal_node_id":"0.0-11.0","interactions":"[{\"event\":\"fullscreenenter\",\"trial\":1,\"time\":6718},{\"event\":\"blur\",\"trial\":4,\"time\":190598},{\"event\":\"focus\",\"trial\":4,\"time\":190599}]"}]