[{"success":true,"timeout":false,"failed_images":[],"failed_audio":[],"failed_video":[],"trial_type":"preload","trial_index":0,"time_elapsed":1265,"internal_node_id":"0.0-0.0"},{"success":true,"trial_type":"fullscreen","trial_index":1,"time_elapsed":3512,"internal_node_id":"0.0-1.0"},{"rt":1320,"stimulus":"Welcome to the experiment. Press any key to begin.","response":" ","trial_type":"html-keyboard-response","trial_index":2,"time_elapsed":4835,"internal_node_id":"0.0-2.0"},{"view_history":[{"page_index":0,"viewing_time":1774},{"page_index":1,"viewing_time":2273},{"page_index":2,"viewing_time":20421},{"page_index":3,"viewing_time":2341},{"page_index":4,"viewing_time":516},{"page_index":5,"viewing_time":484},{"page_index":6,"viewing_time":728},{"page_index":7,"viewing_time":3069},{"page_index":8,"viewing_time":5019},{"page_index":9,"viewing_time":10567},{"page_index":10,"viewing_time":579},{"page_index":11,"viewing_time":314},{"page_index":12,"viewing_time":299},{"page_index":13,"viewing_time":4310},{"page_index":14,"viewing_time":2552},{"page_index":15,"viewing_time":7660},{"page_index":16,"viewing_time":1121},{"page_index":17,"viewing_time":348},{"page_index":18,"viewing_time":296},{"page_index":19,"viewing_time":3390},{"page_index":20,"viewing_time":5324},{"page_index":21,"viewing_time":2323}],"rt":75707,"trial_type":"instructions","trial_index":3,"time_elapsed":80542,"internal_node_id":"0.0-3.0"},{"rt":67766,"url":"../static/nodeGraphsTraining.html","edgeClickLog":[],"trial_type":"external-html","trial_index":4,"time_elapsed":148547,"internal_node_id":"0.0-4.0"},{"rt":16893,"response":{"q1":"The goal is to help the student to get the most points","q2":"False","q3":"Possible paths the student can take.","q4":"Paths that the student took before."},"question_order":[0,1,2,3],"trial_type":"survey-multi-choice","trial_index":5,"time_elapsed":165444,"internal_node_id":"0.0-5.0"},{"rt":3249,"stimulus":"<p>You can take a 60 second break before starting the experiment.</p><br><br><p>This page will advance in 60 seconds or you can press any key to advance now.</p>","response":" ","trial_type":"html-keyboard-response","trial_index":6,"time_elapsed":168705,"internal_node_id":"0.0-7.0"},{"view_history":[{"page_index":0,"viewing_time":12210}],"rt":12210,"trial_type":"instructions","trial_index":7,"time_elapsed":180916,"internal_node_id":"0.0-8.0"},{"rt":10946,"url":"../static/nodeGraphs.html","edge":"2to6","edgeRT":"9416","flipped":"FALSE","correct_edge":"2to6","index":"15","edgeClickLog":"[{\"edgeSelection\":\"2to6\",\"edgeRTMS\":9416}]","seed":" 53220770","task":"experiment","subjectId":"k1m9ajqxvc7xcvc","trial_type":"external-html","trial_index":8,"time_elapsed":192095,"internal_node_id":"0.0-9.0-0.0"},{"rt":18028,"url":"../static/nodeGraphs.html","edge":"0to3","edgeRT":"9381","flipped":"TRUE","correct_edge":"0to2","index":"27","edgeClickLog":"[{\"edgeSelection\":\"0to3\",\"edgeRTMS\":9381}]","seed":" 85614324","task":"experiment","subjectId":"k1m9ajqxvc7xcvc","trial_type":"external-html","trial_index":9,"time_elapsed":210863,"internal_node_id":"0.0-9.0-0.1"},{"rt":7994,"url":"../static/nodeGraphs.html","edge":"2to6","edgeRT":"6948","flipped":"TRUE","correct_edge":"2to6","index":"25","edgeClickLog":"[{\"edgeSelection\":\"2to6\",\"edgeRTMS\":6948}]","seed":" 10409262","task":"experiment","subjectId":"k1m9ajqxvc7xcvc","trial_type":"external-html","trial_index":10,"time_elapsed":219597,"internal_node_id":"0.0-9.0-0.2"},{"rt":18135,"url":"../static/nodeGraphs.html","edge":"1to5","edgeRT":"9793","flipped":"TRUE","correct_edge":"5to7","index":"36","edgeClickLog":"[{\"edgeSelection\":\"1to5\",\"edgeRTMS\":9793}]","seed":" 5655743","task":"experiment","subjectId":"k1m9ajqxvc7xcvc","trial_type":"external-html","trial_index":11,"time_elapsed":238467,"internal_node_id":"0.0-9.0-0.3"},{"rt":9226,"url":"../static/nodeGraphs.html","edge":"0to1","edgeRT":"8084","flipped":"FALSE","correct_edge":"0to1","index":"0","edgeClickLog":"[{\"edgeSelection\":\"0to1\",\"edgeRTMS\":8084}]","seed":" 21745736","task":"experiment","subjectId":"k1m9ajqxvc7xcvc","trial_type":"external-html","trial_index":12,"time_elapsed":248430,"internal_node_id":"0.0-9.0-0.4"},{"rt":9274,"url":"../static/nodeGraphs.html","edge":"2to4","edgeRT":"8193","flipped":"FALSE","correct_edge":"2to4","index":"5","edgeClickLog":"[{\"edgeSelection\":\"2to4\",\"edgeRTMS\":8193}]","seed":" 10409262","task":"experiment","subjectId":"k1m9ajqxvc7xcvc","trial_type":"external-html","trial_index":13,"time_elapsed":258443,"internal_node_id":"0.0-9.0-0.5"},{"rt":14667,"url":"../static/nodeGraphs.html","edge":"1to4","edgeRT":"12936","flipped":"FALSE","correct_edge":"0to2","index":"8","edgeClickLog":"[{\"edgeSelection\":\"1to4\",\"edgeRTMS\":12410},{\"edgeSelection\":\"1to4\",\"edgeRTMS\":12936}]","seed":" 8396978","task":"experiment","subjectId":"k1m9ajqxvc7xcvc","trial_type":"external-html","trial_index":14,"time_elapsed":273846,"internal_node_id":"0.0-9.0-0.6"},{"rt":12602,"url":"../static/nodeGraphs.html","edge":"0to2","edgeRT":"9741","flipped":"TRUE","correct_edge":"0to2","index":"31","edgeClickLog":"[{\"edgeSelection\":\"0to2\",\"edgeRTMS\":9741}]","seed":" 63833578","task":"experiment","subjectId":"k1m9ajqxvc7xcvc","trial_type":"external-html","trial_index":15,"time_elapsed":287202,"internal_node_id":"0.0-9.0-0.7"},{"rt":9382,"url":"../static/nodeGraphs.html","edge":"3to5","edgeRT":"7011","flipped":"FALSE","correct_edge":"5to9","index":"16","edgeClickLog":"[{\"edgeSelection\":\"3to5\",\"edgeRTMS\":7011}]","seed":" 5655743","task":"experiment","subjectId":"k1m9ajqxvc7xcvc","trial_type":"external-html","trial_index":16,"time_elapsed":297439,"internal_node_id":"0.0-9.0-0.8"},{"rt":8621,"url":"../static/nodeGraphs.html","edge":"0to2","edgeRT":"6986","flipped":"FALSE","correct_edge":"0to2","index":"11","edgeClickLog":"[{\"edgeSelection\":\"0to2\",\"edgeRTMS\":6986}]","seed":" 63833578","task":"experiment","subjectId":"k1m9ajqxvc7xcvc","trial_type":"external-html","trial_index":17,"time_elapsed":306872,"internal_node_id":"0.0-9.0-0.9"},{"rt":4796,"url":"../static/nodeGraphs.html","edge":"5to8","edgeRT":"3021","flipped":"TRUE","correct_edge":"5to8","index":"23","edgeClickLog":"[{\"edgeSelection\":\"5to8\",\"edgeRTMS\":3021}]","seed":" 46003743","task":"experiment","subjectId":"k1m9ajqxvc7xcvc","trial_type":"external-html","trial_index":18,"time_elapsed":312483,"internal_node_id":"0.0-9.0-0.10"},{"rt":41763,"url":"../static/nodeGraphs.html","edge":"1to5","edgeRT":"40405","flipped":"FALSE","correct_edge":"0to2","index":"17","edgeClickLog":"[{\"edgeSelection\":\"2to5\",\"edgeRTMS\":5320},{\"edgeSelection\":\"0to2\",\"edgeRTMS\":7996},{\"edgeSelection\":\"1to5\",\"edgeRTMS\":39439},{\"edgeSelection\":\"1to5\",\"edgeRTMS\":39942},{\"edgeSelection\":\"1to5\",\"edgeRTMS\":40405}]","seed":" 21211189","task":"experiment","subjectId":"k1m9ajqxvc7xcvc","trial_type":"external-html","trial_index":19,"time_elapsed":354994,"internal_node_id":"0.0-9.0-0.11"},{"rt":11498,"url":"../static/nodeGraphs.html","edge":"0to3","edgeRT":"10198","flipped":"FALSE","correct_edge":"4to7","index":"6","edgeClickLog":"[{\"edgeSelection\":\"0to3\",\"edgeRTMS\":10198}]","seed":" 13523788","task":"experiment","subjectId":"k1m9ajqxvc7xcvc","trial_type":"external-html","trial_index":20,"time_elapsed":367228,"internal_node_id":"0.0-9.0-0.12"},{"rt":10948,"url":"../static/nodeGraphs.html","edge":"0to1","edgeRT":"6699","flipped":"TRUE","correct_edge":"0to1","index":"29","edgeClickLog":"[{\"edgeSelection\":\"0to1\",\"edgeRTMS\":6699}]","seed":" 61187187","task":"experiment","subjectId":"k1m9ajqxvc7xcvc","trial_type":"external-html","trial_index":21,"time_elapsed":378914,"internal_node_id":"0.0-9.0-0.13"},{"rt":10894,"url":"../static/nodeGraphs.html","edge":"0to1","edgeRT":"5179","flipped":"FALSE","correct_edge":"0to2","index":"14","edgeClickLog":"[{\"edgeSelection\":\"0to1\",\"edgeRTMS\":5179}]","seed":" 21083760","task":"experiment","subjectId":"k1m9ajqxvc7xcvc","trial_type":"external-html","trial_index":22,"time_elapsed":390546,"internal_node_id":"0.0-9.0-0.14"},{"rt":20944,"url":"../static/nodeGraphs.html","edge":"3to5","edgeRT":"15116","flipped":"FALSE","correct_edge":"3to5","index":"18","edgeClickLog":"[{\"edgeSelection\":\"3to5\",\"edgeRTMS\":15116}]","seed":" 22181670","task":"experiment","subjectId":"k1m9ajqxvc7xcvc","trial_type":"external-html","trial_index":23,"time_elapsed":412228,"internal_node_id":"0.0-9.0-0.15"},{"rt":16166,"url":"../static/nodeGraphs.html","edge":"0to1","edgeRT":"14408","flipped":"FALSE","correct_edge":"0to2","index":"7","edgeClickLog":"[{\"edgeSelection\":\"0to1\",\"edgeRTMS\":14408}]","seed":" 85614324","task":"experiment","subjectId":"k1m9ajqxvc7xcvc","trial_type":"external-html","trial_index":24,"time_elapsed":429129,"internal_node_id":"0.0-9.0-0.16"},{"rt":9715,"url":"../static/nodeGraphs.html","edge":"2to6","edgeRT":"8016","flipped":"TRUE","correct_edge":"2to6","index":"24","edgeClickLog":"[{\"edgeSelection\":\"2to6\",\"edgeRTMS\":8016}]","seed":" 36501291","task":"experiment","subjectId":"k1m9ajqxvc7xcvc","trial_type":"external-html","trial_index":25,"time_elapsed":439581,"internal_node_id":"0.0-9.0-0.17"},{"rt":4596,"url":"../static/nodeGraphs.html","edge":"2to4","edgeRT":"3185","flipped":"TRUE","correct_edge":"2to4","index":"35","edgeClickLog":"[{\"edgeSelection\":\"2to4\",\"edgeRTMS\":3185}]","seed":" 53220770","task":"experiment","subjectId":"k1m9ajqxvc7xcvc","trial_type":"external-html","trial_index":26,"time_elapsed":444913,"internal_node_id":"0.0-9.0-0.18"},{"rt":21440,"url":"../static/nodeGraphs.html","edge":"1to5","edgeRT":"20461","flipped":"TRUE","correct_edge":"1to5","index":"38","edgeClickLog":"[{\"edgeSelection\":\"1to5\",\"edgeRTMS\":18742},{\"edgeSelection\":\"1to5\",\"edgeRTMS\":20461}]","seed":" 22181670","task":"experiment","subjectId":"k1m9ajqxvc7xcvc","trial_type":"external-html","trial_index":27,"time_elapsed":467096,"internal_node_id":"0.0-9.0-0.19"},{"rt":16270,"url":"../static/nodeGraphs.html","edge":"0to1","edgeRT":"15054","flipped":"TRUE","correct_edge":"6to9","index":"26","edgeClickLog":"[{\"edgeSelection\":\"0to1\",\"edgeRTMS\":15054}]","seed":" 13523788","task":"experiment","subjectId":"k1m9ajqxvc7xcvc","trial_type":"external-html","trial_index":28,"time_elapsed":484109,"internal_node_id":"0.0-9.0-0.20"},{"rt":10699,"url":"../static/nodeGraphs.html","edge":"0to1","edgeRT":"5755","flipped":"FALSE","correct_edge":"0to1","index":"19","edgeClickLog":"[{\"edgeSelection\":\"0to1\",\"edgeRTMS\":5755}]","seed":" 37422119","task":"experiment","subjectId":"k1m9ajqxvc7xcvc","trial_type":"external-html","trial_index":29,"time_elapsed":495546,"internal_node_id":"0.0-9.0-0.21"},{"rt":10570,"url":"../static/nodeGraphs.html","edge":"0to2","edgeRT":"8295","flipped":"TRUE","correct_edge":"0to2","index":"28","edgeClickLog":"[{\"edgeSelection\":\"0to2\",\"edgeRTMS\":8295}]","seed":" 8396978","task":"experiment","subjectId":"k1m9ajqxvc7xcvc","trial_type":"external-html","trial_index":30,"time_elapsed":506858,"internal_node_id":"0.0-9.0-0.22"},{"rt":9958,"url":"../static/nodeGraphs.html","edge":"6to8","edgeRT":"7462","flipped":"TRUE","correct_edge":"6to8","index":"21","edgeClickLog":"[{\"edgeSelection\":\"6to8\",\"edgeRTMS\":7462}]","seed":" 32816305","task":"experiment","subjectId":"k1m9ajqxvc7xcvc","trial_type":"external-html","trial_index":31,"time_elapsed":517554,"internal_node_id":"0.0-9.0-0.23"},{"rt":35212,"url":"../static/nodeGraphs.html","edge":"0to3","edgeRT":"32219","flipped":"FALSE","correct_edge":"0to3","index":"12","edgeClickLog":"[{\"edgeSelection\":\"5to7\",\"edgeRTMS\":13636},{\"edgeSelection\":\"0to3\",\"edgeRTMS\":32219}]","seed":" 36895371","task":"experiment","subjectId":"k1m9ajqxvc7xcvc","trial_type":"external-html","trial_index":32,"time_elapsed":553503,"internal_node_id":"0.0-9.0-0.24"},{"rt":8317,"url":"../static/nodeGraphs.html","edge":"4to8","edgeRT":"6273","flipped":"FALSE","correct_edge":"4to8","index":"1","edgeClickLog":"[{\"edgeSelection\":\"4to8\",\"edgeRTMS\":6273}]","seed":" 32816305","task":"experiment","subjectId":"k1m9ajqxvc7xcvc","trial_type":"external-html","trial_index":33,"time_elapsed":562558,"internal_node_id":"0.0-9.0-0.25"},{"rt":13509,"url":"../static/nodeGraphs.html","edge":"5to9","edgeRT":"12798","flipped":"TRUE","correct_edge":"0to2","index":"33","edgeClickLog":"[{\"edgeSelection\":\"5to9\",\"edgeRTMS\":12798}]","seed":" 49587019","task":"experiment","subjectId":"k1m9ajqxvc7xcvc","trial_type":"external-html","trial_index":34,"time_elapsed":576804,"internal_node_id":"0.0-9.0-0.26"},{"rt":6691,"url":"../static/nodeGraphs.html","edge":"2to4","edgeRT":"5268","flipped":"FALSE","correct_edge":"2to4","index":"4","edgeClickLog":"[{\"edgeSelection\":\"2to4\",\"edgeRTMS\":5268}]","seed":" 36501291","task":"experiment","subjectId":"k1m9ajqxvc7xcvc","trial_type":"external-html","trial_index":35,"time_elapsed":584234,"internal_node_id":"0.0-9.0-0.27"},{"rt":22790,"url":"../static/nodeGraphs.html","edge":"0to1","edgeRT":"19963","flipped":"TRUE","correct_edge":"0to2","index":"34","edgeClickLog":"[{\"edgeSelection\":\"0to3\",\"edgeRTMS\":7282},{\"edgeSelection\":\"0to3\",\"edgeRTMS\":8083},{\"edgeSelection\":\"0to1\",\"edgeRTMS\":19963}]","seed":" 21083760","task":"experiment","subjectId":"k1m9ajqxvc7xcvc","trial_type":"external-html","trial_index":36,"time_elapsed":607763,"internal_node_id":"0.0-9.0-0.28"},{"rt":37260,"url":"../static/nodeGraphs.html","edge":"5to7","edgeRT":"36340","flipped":"FALSE","correct_edge":"0to2","index":"13","edgeClickLog":"[{\"edgeSelection\":\"0to3\",\"edgeRTMS\":34436},{\"edgeSelection\":\"5to7\",\"edgeRTMS\":36340}]","seed":" 49587019","task":"experiment","subjectId":"k1m9ajqxvc7xcvc","trial_type":"external-html","trial_index":37,"time_elapsed":645765,"internal_node_id":"0.0-9.0-0.29"},{"rt":6453,"url":"../static/nodeGraphs.html","edge":"3to6","edgeRT":"4287","flipped":"TRUE","correct_edge":"3to6","index":"22","edgeClickLog":"[{\"edgeSelection\":\"3to6\",\"edgeRTMS\":4287}]","seed":" 22809663","task":"experiment","subjectId":"k1m9ajqxvc7xcvc","trial_type":"external-html","trial_index":38,"time_elapsed":652956,"internal_node_id":"0.0-9.0-0.30"},{"rt":21191,"url":"../static/nodeGraphs.html","edge":"0to3","edgeRT":"5141","flipped":"TRUE","correct_edge":"0to2","index":"30","edgeClickLog":"[{\"edgeSelection\":\"0to3\",\"edgeRTMS\":5141}]","seed":" 39688702","task":"experiment","subjectId":"k1m9ajqxvc7xcvc","trial_type":"external-html","trial_index":39,"time_elapsed":674879,"internal_node_id":"0.0-9.0-0.31"},{"rt":13980,"url":"../static/nodeGraphs.html","edge":"0to2","edgeRT":"12661","flipped":"TRUE","correct_edge":"0to2","index":"37","edgeClickLog":"[{\"edgeSelection\":\"0to2\",\"edgeRTMS\":12661}]","seed":" 21211189","task":"experiment","subjectId":"k1m9ajqxvc7xcvc","trial_type":"external-html","trial_index":40,"time_elapsed":689597,"internal_node_id":"0.0-9.0-0.32"},{"rt":17557,"url":"../static/nodeGraphs.html","edge":"0to3","edgeRT":"16545","flipped":"FALSE","correct_edge":"0to3","index":"9","edgeClickLog":"[{\"edgeSelection\":\"0to3\",\"edgeRTMS\":16545}]","seed":" 61187187","task":"experiment","subjectId":"k1m9ajqxvc7xcvc","trial_type":"external-html","trial_index":41,"time_elapsed":707889,"internal_node_id":"0.0-9.0-0.33"},{"rt":14151,"url":"../static/nodeGraphs.html","edge":"5to9","edgeRT":"13094","flipped":"TRUE","correct_edge":"0to1","index":"32","edgeClickLog":"[{\"edgeSelection\":\"0to1\",\"edgeRTMS\":3927},{\"edgeSelection\":\"0to1\",\"edgeRTMS\":10888},{\"edgeSelection\":\"6to8\",\"edgeRTMS\":11786},{\"edgeSelection\":\"5to9\",\"edgeRTMS\":12418},{\"edgeSelection\":\"5to9\",\"edgeRTMS\":13094}]","seed":" 36895371","task":"experiment","subjectId":"k1m9ajqxvc7xcvc","trial_type":"external-html","trial_index":42,"time_elapsed":722778,"internal_node_id":"0.0-9.0-0.34"},{"rt":15797,"url":"../static/nodeGraphs.html","edge":"0to3","edgeRT":"14892","flipped":"TRUE","correct_edge":"0to3","index":"20","edgeClickLog":"[{\"edgeSelection\":\"0to3\",\"edgeRTMS\":12476},{\"edgeSelection\":\"0to3\",\"edgeRTMS\":14892}]","seed":" 21745736","task":"experiment","subjectId":"k1m9ajqxvc7xcvc","trial_type":"external-html","trial_index":43,"time_elapsed":739314,"internal_node_id":"0.0-9.0-0.35"},{"rt":6837,"url":"../static/nodeGraphs.html","edge":"5to8","edgeRT":"5511","flipped":"FALSE","correct_edge":"5to8","index":"3","edgeClickLog":"[{\"edgeSelection\":\"5to8\",\"edgeRTMS\":4877},{\"edgeSelection\":\"5to8\",\"edgeRTMS\":5511}]","seed":" 46003743","task":"experiment","subjectId":"k1m9ajqxvc7xcvc","trial_type":"external-html","trial_index":44,"time_elapsed":746890,"internal_node_id":"0.0-9.0-0.36"},{"rt":26027,"url":"../static/nodeGraphs.html","edge":"0to1","edgeRT":"13521","flipped":"FALSE","correct_edge":"0to2","index":"10","edgeClickLog":"[{\"edgeSelection\":\"0to1\",\"edgeRTMS\":13521}]","seed":" 39688702","task":"experiment","subjectId":"k1m9ajqxvc7xcvc","trial_type":"external-html","trial_index":45,"time_elapsed":773656,"internal_node_id":"0.0-9.0-0.37"},{"rt":5136,"url":"../static/nodeGraphs.html","edge":"1to4","edgeRT":"3518","flipped":"FALSE","correct_edge":"1to4","index":"2","edgeClickLog":"[{\"edgeSelection\":\"1to4\",\"edgeRTMS\":3518}]","seed":" 22809663","task":"experiment","subjectId":"k1m9ajqxvc7xcvc","trial_type":"external-html","trial_index":46,"time_elapsed":779533,"internal_node_id":"0.0-9.0-0.38"},{"rt":9994,"url":"../static/nodeGraphs.html","edge":"0to3","edgeRT":"6853","flipped":"TRUE","correct_edge":"0to3","index":"39","edgeClickLog":"[{\"edgeSelection\":\"0to3\",\"edgeRTMS\":6853}]","seed":" 37422119","task":"experiment","subjectId":"k1m9ajqxvc7xcvc","trial_type":"external-html","trial_index":47,"time_elapsed":790264,"internal_node_id":"0.0-9.0-0.39"},{"rt":43998,"response":{"P0_Q0":null,"P0_Q1":5,"P0_Q2":5,"P0_Q3":4,"P0_Q4":5,"P0_Q5":3,"strategies":"I based it off my instincts and simple calculations (what score is the student's original path versus what the score is when following my path)","feedback":""},"accuracy":[],"trial_type":"survey","trial_index":48,"time_elapsed":834834,"internal_node_id":"0.0-10.0"},{"rt":2005,"stimulus":"<p>Thanks for your time!</p>        <p>We need to manually calculate your bonus pay, please give us up to 7 days.</p><p>Press any key to conclude.</p>","response":" ","task":"end","subjectId":"k1m9ajqxvc7xcvc","trial_type":"html-keyboard-response","trial_index":49,"time_elapsed":836841,"internal_node_id":"0.0-11.0","interactions":"[{\"event\":\"fullscreenenter\",\"trial\":1,\"time\":2531},{\"event\":\"blur\",\"trial\":4,\"time\":86882},{\"event\":\"fullscreenexit\",\"trial\":4,\"time\":86889},{\"event\":\"focus\",\"trial\":4,\"time\":87038},{\"event\":\"blur\",\"trial\":4,\"time\":97438},{\"event\":\"focus\",\"trial\":4,\"time\":97590},{\"event\":\"blur\",\"trial\":4,\"time\":113783},{\"event\":\"focus\",\"trial\":4,\"time\":113954},{\"event\":\"blur\",\"trial\":32,\"time\":530859},{\"event\":\"focus\",\"trial\":32,\"time\":531029}]"}]