[{"success":true,"timeout":false,"failed_images":[],"failed_audio":[],"failed_video":[],"trial_type":"preload","trial_index":0,"time_elapsed":1308,"internal_node_id":"0.0-0.0"},{"success":true,"trial_type":"fullscreen","trial_index":1,"time_elapsed":12690,"internal_node_id":"0.0-1.0"},{"rt":9487,"stimulus":"Welcome to the experiment. Press any key to begin.","response":" ","trial_type":"html-keyboard-response","trial_index":2,"time_elapsed":22178,"internal_node_id":"0.0-2.0"},{"view_history":[{"page_index":0,"viewing_time":3155},{"page_index":1,"viewing_time":5455},{"page_index":2,"viewing_time":1747},{"page_index":1,"viewing_time":6592},{"page_index":2,"viewing_time":39515},{"page_index":3,"viewing_time":3005},{"page_index":4,"viewing_time":1494},{"page_index":5,"viewing_time":1642},{"page_index":6,"viewing_time":3109},{"page_index":7,"viewing_time":26909},{"page_index":8,"viewing_time":17794},{"page_index":9,"viewing_time":12477},{"page_index":10,"viewing_time":869},{"page_index":11,"viewing_time":439},{"page_index":12,"viewing_time":447},{"page_index":13,"viewing_time":1690},{"page_index":14,"viewing_time":3651},{"page_index":15,"viewing_time":3357},{"page_index":16,"viewing_time":769},{"page_index":17,"viewing_time":455},{"page_index":18,"viewing_time":1178},{"page_index":17,"viewing_time":210},{"page_index":16,"viewing_time":348},{"page_index":15,"viewing_time":5225},{"page_index":16,"viewing_time":427},{"page_index":17,"viewing_time":566},{"page_index":18,"viewing_time":1209},{"page_index":19,"viewing_time":5169},{"page_index":18,"viewing_time":161},{"page_index":17,"viewing_time":138},{"page_index":16,"viewing_time":299},{"page_index":15,"viewing_time":5758},{"page_index":16,"viewing_time":303},{"page_index":17,"viewing_time":244},{"page_index":18,"viewing_time":303},{"page_index":19,"viewing_time":1204},{"page_index":20,"viewing_time":7326},{"page_index":21,"viewing_time":5501}],"rt":170139,"trial_type":"instructions","trial_index":3,"time_elapsed":192319,"internal_node_id":"0.0-3.0"},{"rt":78058,"url":"../static/nodeGraphsTraining.html","edgeClickLog":[],"trial_type":"external-html","trial_index":4,"time_elapsed":270646,"internal_node_id":"0.0-4.0"},{"rt":45912,"response":{"q1":"The goal is to help the student to get the most points","q2":"False","q3":"Possible paths the student can take.","q4":"Paths that the student took before."},"question_order":[0,1,2,3],"trial_type":"survey-multi-choice","trial_index":5,"time_elapsed":316561,"internal_node_id":"0.0-5.0"},{"rt":5050,"stimulus":"<p>You can take a 60 second break before starting the experiment.</p><br><br><p>This page will advance in 60 seconds or you can press any key to advance now.</p>","response":" ","trial_type":"html-keyboard-response","trial_index":6,"time_elapsed":321614,"internal_node_id":"0.0-7.0"},{"view_history":[{"page_index":0,"viewing_time":18930}],"rt":18931,"trial_type":"instructions","trial_index":7,"time_elapsed":340546,"internal_node_id":"0.0-8.0"},{"rt":19315,"url":"../static/nodeGraphs.html","edge":"2to5","edgeRT":"15710","flipped":"FALSE","correct_edge":"3to5","index":"18","edgeClickLog":"[{\"edgeSelection\":\"2to5\",\"edgeRTMS\":12691},{\"edgeSelection\":\"0to2\",\"edgeRTMS\":13674},{\"edgeSelection\":\"2to5\",\"edgeRTMS\":15710}]","seed":" 22181670","task":"experiment","subjectId":"m3xsezp2dpz0v85","trial_type":"external-html","trial_index":8,"time_elapsed":360049,"internal_node_id":"0.0-9.0-0.0"},{"rt":11763,"url":"../static/nodeGraphs.html","edge":"2to5","edgeRT":"9413","flipped":"TRUE","correct_edge":"0to2","index":"37","edgeClickLog":"[{\"edgeSelection\":\"2to5\",\"edgeRTMS\":9413}]","seed":" 21211189","task":"experiment","subjectId":"m3xsezp2dpz0v85","trial_type":"external-html","trial_index":9,"time_elapsed":372498,"internal_node_id":"0.0-9.0-0.1"},{"rt":18919,"url":"../static/nodeGraphs.html","edge":"2to4","edgeRT":"9763","flipped":"FALSE","correct_edge":"2to4","index":"4","edgeClickLog":"[{\"edgeSelection\":\"2to4\",\"edgeRTMS\":9763}]","seed":" 36501291","task":"experiment","subjectId":"m3xsezp2dpz0v85","trial_type":"external-html","trial_index":10,"time_elapsed":392095,"internal_node_id":"0.0-9.0-0.2"},{"rt":36383,"url":"../static/nodeGraphs.html","edge":"2to5","edgeRT":"35374","flipped":"TRUE","correct_edge":"0to2","index":"28","edgeClickLog":"[{\"edgeSelection\":\"0to2\",\"edgeRTMS\":13422},{\"edgeSelection\":\"2to5\",\"edgeRTMS\":35374}]","seed":" 8396978","task":"experiment","subjectId":"m3xsezp2dpz0v85","trial_type":"external-html","trial_index":11,"time_elapsed":429164,"internal_node_id":"0.0-9.0-0.3"},{"rt":11914,"url":"../static/nodeGraphs.html","edge":"0to2","edgeRT":"5526","flipped":"TRUE","correct_edge":"0to2","index":"27","edgeClickLog":"[{\"edgeSelection\":\"0to2\",\"edgeRTMS\":5526}]","seed":" 85614324","task":"experiment","subjectId":"m3xsezp2dpz0v85","trial_type":"external-html","trial_index":12,"time_elapsed":441762,"internal_node_id":"0.0-9.0-0.4"},{"rt":17577,"url":"../static/nodeGraphs.html","edge":"0to1","edgeRT":"6836","flipped":"TRUE","correct_edge":"0to1","index":"29","edgeClickLog":"[{\"edgeSelection\":\"0to1\",\"edgeRTMS\":6836}]","seed":" 61187187","task":"experiment","subjectId":"m3xsezp2dpz0v85","trial_type":"external-html","trial_index":13,"time_elapsed":460027,"internal_node_id":"0.0-9.0-0.5"},{"rt":7280,"url":"../static/nodeGraphs.html","edge":"0to3","edgeRT":"2306","flipped":"FALSE","correct_edge":"2to6","index":"15","edgeClickLog":"[{\"edgeSelection\":\"0to3\",\"edgeRTMS\":2306}]","seed":" 53220770","task":"experiment","subjectId":"m3xsezp2dpz0v85","trial_type":"external-html","trial_index":14,"time_elapsed":467996,"internal_node_id":"0.0-9.0-0.6"},{"rt":19184,"url":"../static/nodeGraphs.html","edge":"5to8","edgeRT":"11940","flipped":"TRUE","correct_edge":"5to8","index":"23","edgeClickLog":"[{\"edgeSelection\":\"5to8\",\"edgeRTMS\":11940}]","seed":" 46003743","task":"experiment","subjectId":"m3xsezp2dpz0v85","trial_type":"external-html","trial_index":15,"time_elapsed":487864,"internal_node_id":"0.0-9.0-0.7"},{"rt":26717,"url":"../static/nodeGraphs.html","edge":"3to6","edgeRT":"25744","flipped":"FALSE","correct_edge":"0to3","index":"9","edgeClickLog":"[{\"edgeSelection\":\"0to3\",\"edgeRTMS\":13003},{\"edgeSelection\":\"3to6\",\"edgeRTMS\":16309},{\"edgeSelection\":\"0to3\",\"edgeRTMS\":19843},{\"edgeSelection\":\"3to6\",\"edgeRTMS\":25744}]","seed":" 61187187","task":"experiment","subjectId":"m3xsezp2dpz0v85","trial_type":"external-html","trial_index":16,"time_elapsed":515264,"internal_node_id":"0.0-9.0-0.8"},{"rt":16907,"url":"../static/nodeGraphs.html","edge":"2to4","edgeRT":"15327","flipped":"TRUE","correct_edge":"0to2","index":"33","edgeClickLog":"[{\"edgeSelection\":\"2to4\",\"edgeRTMS\":15327}]","seed":" 49587019","task":"experiment","subjectId":"m3xsezp2dpz0v85","trial_type":"external-html","trial_index":17,"time_elapsed":532862,"internal_node_id":"0.0-9.0-0.9"},{"rt":41184,"url":"../static/nodeGraphs.html","edge":"1to5","edgeRT":"36881","flipped":"FALSE","correct_edge":"5to9","index":"16","edgeClickLog":"[{\"edgeSelection\":\"1to5\",\"edgeRTMS\":36881}]","seed":" 5655743","task":"experiment","subjectId":"m3xsezp2dpz0v85","trial_type":"external-html","trial_index":18,"time_elapsed":574729,"internal_node_id":"0.0-9.0-0.10"},{"rt":18963,"url":"../static/nodeGraphs.html","edge":"3to6","edgeRT":"12921","flipped":"TRUE","correct_edge":"0to2","index":"34","edgeClickLog":"[{\"edgeSelection\":\"0to3\",\"edgeRTMS\":4883},{\"edgeSelection\":\"3to6\",\"edgeRTMS\":12921}]","seed":" 21083760","task":"experiment","subjectId":"m3xsezp2dpz0v85","trial_type":"external-html","trial_index":19,"time_elapsed":594379,"internal_node_id":"0.0-9.0-0.11"},{"rt":26943,"url":"../static/nodeGraphs.html","edge":"2to6","edgeRT":"23005","flipped":"TRUE","correct_edge":"2to6","index":"25","edgeClickLog":"[{\"edgeSelection\":\"5to8\",\"edgeRTMS\":17169},{\"edgeSelection\":\"2to6\",\"edgeRTMS\":23005}]","seed":" 10409262","task":"experiment","subjectId":"m3xsezp2dpz0v85","trial_type":"external-html","trial_index":20,"time_elapsed":622013,"internal_node_id":"0.0-9.0-0.12"},{"rt":35215,"url":"../static/nodeGraphs.html","edge":"3to6","edgeRT":"22742","flipped":"FALSE","correct_edge":"0to3","index":"12","edgeClickLog":"[{\"edgeSelection\":\"6to9\",\"edgeRTMS\":15173},{\"edgeSelection\":\"3to6\",\"edgeRTMS\":22742}]","seed":" 36895371","task":"experiment","subjectId":"m3xsezp2dpz0v85","trial_type":"external-html","trial_index":21,"time_elapsed":657915,"internal_node_id":"0.0-9.0-0.13"},{"rt":24690,"url":"../static/nodeGraphs.html","edge":"0to2","edgeRT":"6830","flipped":"TRUE","correct_edge":"0to2","index":"31","edgeClickLog":"[{\"edgeSelection\":\"0to2\",\"edgeRTMS\":6830}]","seed":" 63833578","task":"experiment","subjectId":"m3xsezp2dpz0v85","trial_type":"external-html","trial_index":22,"time_elapsed":683298,"internal_node_id":"0.0-9.0-0.14"},{"rt":29382,"url":"../static/nodeGraphs.html","edge":"0to3","edgeRT":"24344","flipped":"TRUE","correct_edge":"0to2","index":"30","edgeClickLog":"[{\"edgeSelection\":\"3to6\",\"edgeRTMS\":13141},{\"edgeSelection\":\"0to3\",\"edgeRTMS\":18261},{\"edgeSelection\":\"3to6\",\"edgeRTMS\":22062},{\"edgeSelection\":\"0to3\",\"edgeRTMS\":24344}]","seed":" 39688702","task":"experiment","subjectId":"m3xsezp2dpz0v85","trial_type":"external-html","trial_index":23,"time_elapsed":713430,"internal_node_id":"0.0-9.0-0.15"},{"rt":20739,"url":"../static/nodeGraphs.html","edge":"3to6","edgeRT":"18580","flipped":"TRUE","correct_edge":"0to3","index":"39","edgeClickLog":"[{\"edgeSelection\":\"0to3\",\"edgeRTMS\":4778},{\"edgeSelection\":\"3to6\",\"edgeRTMS\":11510},{\"edgeSelection\":\"0to3\",\"edgeRTMS\":13061},{\"edgeSelection\":\"3to6\",\"edgeRTMS\":18580}]","seed":" 37422119","task":"experiment","subjectId":"m3xsezp2dpz0v85","trial_type":"external-html","trial_index":24,"time_elapsed":734849,"internal_node_id":"0.0-9.0-0.16"},{"rt":14349,"url":"../static/nodeGraphs.html","edge":"4to7","edgeRT":"12475","flipped":"TRUE","correct_edge":"0to1","index":"32","edgeClickLog":"[{\"edgeSelection\":\"0to1\",\"edgeRTMS\":9892},{\"edgeSelection\":\"4to7\",\"edgeRTMS\":12475}]","seed":" 36895371","task":"experiment","subjectId":"m3xsezp2dpz0v85","trial_type":"external-html","trial_index":25,"time_elapsed":749879,"internal_node_id":"0.0-9.0-0.17"},{"rt":13765,"url":"../static/nodeGraphs.html","edge":"2to4","edgeRT":"10431","flipped":"FALSE","correct_edge":"2to4","index":"5","edgeClickLog":"[{\"edgeSelection\":\"5to8\",\"edgeRTMS\":6507},{\"edgeSelection\":\"2to4\",\"edgeRTMS\":10431}]","seed":" 10409262","task":"experiment","subjectId":"m3xsezp2dpz0v85","trial_type":"external-html","trial_index":26,"time_elapsed":764328,"internal_node_id":"0.0-9.0-0.18"},{"rt":7913,"url":"../static/nodeGraphs.html","edge":"0to1","edgeRT":"5807","flipped":"FALSE","correct_edge":"0to1","index":"0","edgeClickLog":"[{\"edgeSelection\":\"0to1\",\"edgeRTMS\":5807}]","seed":" 21745736","task":"experiment","subjectId":"m3xsezp2dpz0v85","trial_type":"external-html","trial_index":27,"time_elapsed":772913,"internal_node_id":"0.0-9.0-0.19"},{"rt":30255,"url":"../static/nodeGraphs.html","edge":"5to7","edgeRT":"19225","flipped":"FALSE","correct_edge":"4to7","index":"6","edgeClickLog":"[{\"edgeSelection\":\"5to7\",\"edgeRTMS\":17611},{\"edgeSelection\":\"5to8\",\"edgeRTMS\":18644},{\"edgeSelection\":\"5to7\",\"edgeRTMS\":19225}]","seed":" 13523788","task":"experiment","subjectId":"m3xsezp2dpz0v85","trial_type":"external-html","trial_index":28,"time_elapsed":803852,"internal_node_id":"0.0-9.0-0.20"},{"rt":14212,"url":"../static/nodeGraphs.html","edge":"0to2","edgeRT":"9992","flipped":"FALSE","correct_edge":"0to2","index":"17","edgeClickLog":"[{\"edgeSelection\":\"0to2\",\"edgeRTMS\":9992}]","seed":" 21211189","task":"experiment","subjectId":"m3xsezp2dpz0v85","trial_type":"external-html","trial_index":29,"time_elapsed":818745,"internal_node_id":"0.0-9.0-0.21"},{"rt":10541,"url":"../static/nodeGraphs.html","edge":"3to5","edgeRT":"8495","flipped":"TRUE","correct_edge":"5to7","index":"36","edgeClickLog":"[{\"edgeSelection\":\"3to5\",\"edgeRTMS\":8495}]","seed":" 5655743","task":"experiment","subjectId":"m3xsezp2dpz0v85","trial_type":"external-html","trial_index":30,"time_elapsed":829968,"internal_node_id":"0.0-9.0-0.22"},{"rt":14846,"url":"../static/nodeGraphs.html","edge":"2to6","edgeRT":"12341","flipped":"FALSE","correct_edge":"0to2","index":"13","edgeClickLog":"[{\"edgeSelection\":\"2to6\",\"edgeRTMS\":12341}]","seed":" 49587019","task":"experiment","subjectId":"m3xsezp2dpz0v85","trial_type":"external-html","trial_index":31,"time_elapsed":845499,"internal_node_id":"0.0-9.0-0.23"},{"rt":78399,"url":"../static/nodeGraphs.html","edge":"4to8","edgeRT":"73560","flipped":"FALSE","correct_edge":"4to8","index":"1","edgeClickLog":"[{\"edgeSelection\":\"0to2\",\"edgeRTMS\":53399},{\"edgeSelection\":\"2to4\",\"edgeRTMS\":56128},{\"edgeSelection\":\"4to8\",\"edgeRTMS\":73560}]","seed":" 32816305","task":"experiment","subjectId":"m3xsezp2dpz0v85","trial_type":"external-html","trial_index":32,"time_elapsed":924581,"internal_node_id":"0.0-9.0-0.24"},{"rt":21577,"url":"../static/nodeGraphs.html","edge":"2to5","edgeRT":"19212","flipped":"FALSE","correct_edge":"0to2","index":"7","edgeClickLog":"[{\"edgeSelection\":\"2to5\",\"edgeRTMS\":6277},{\"edgeSelection\":\"0to1\",\"edgeRTMS\":11432},{\"edgeSelection\":\"2to5\",\"edgeRTMS\":19212}]","seed":" 85614324","task":"experiment","subjectId":"m3xsezp2dpz0v85","trial_type":"external-html","trial_index":33,"time_elapsed":946847,"internal_node_id":"0.0-9.0-0.25"},{"rt":29450,"url":"../static/nodeGraphs.html","edge":"0to2","edgeRT":"14935","flipped":"FALSE","correct_edge":"0to2","index":"11","edgeClickLog":"[{\"edgeSelection\":\"0to2\",\"edgeRTMS\":14935}]","seed":" 63833578","task":"experiment","subjectId":"m3xsezp2dpz0v85","trial_type":"external-html","trial_index":34,"time_elapsed":976984,"internal_node_id":"0.0-9.0-0.26"},{"rt":31169,"url":"../static/nodeGraphs.html","edge":"5to9","edgeRT":"29332","flipped":"TRUE","correct_edge":"6to9","index":"26","edgeClickLog":"[{\"edgeSelection\":\"1to5\",\"edgeRTMS\":26305},{\"edgeSelection\":\"5to9\",\"edgeRTMS\":29332}]","seed":" 13523788","task":"experiment","subjectId":"m3xsezp2dpz0v85","trial_type":"external-html","trial_index":35,"time_elapsed":1008830,"internal_node_id":"0.0-9.0-0.27"},{"rt":12349,"url":"../static/nodeGraphs.html","edge":"2to6","edgeRT":"11338","flipped":"TRUE","correct_edge":"2to6","index":"24","edgeClickLog":"[{\"edgeSelection\":\"2to6\",\"edgeRTMS\":11338}]","seed":" 36501291","task":"experiment","subjectId":"m3xsezp2dpz0v85","trial_type":"external-html","trial_index":36,"time_elapsed":1021862,"internal_node_id":"0.0-9.0-0.28"},{"rt":8699,"url":"../static/nodeGraphs.html","edge":"6to8","edgeRT":"6612","flipped":"TRUE","correct_edge":"3to6","index":"22","edgeClickLog":"[{\"edgeSelection\":\"6to8\",\"edgeRTMS\":6612}]","seed":" 22809663","task":"experiment","subjectId":"m3xsezp2dpz0v85","trial_type":"external-html","trial_index":37,"time_elapsed":1031245,"internal_node_id":"0.0-9.0-0.29"},{"rt":18928,"url":"../static/nodeGraphs.html","edge":"0to1","edgeRT":"13805","flipped":"FALSE","correct_edge":"0to2","index":"14","edgeClickLog":"[{\"edgeSelection\":\"2to4\",\"edgeRTMS\":11803},{\"edgeSelection\":\"0to1\",\"edgeRTMS\":13805}]","seed":" 21083760","task":"experiment","subjectId":"m3xsezp2dpz0v85","trial_type":"external-html","trial_index":38,"time_elapsed":1050847,"internal_node_id":"0.0-9.0-0.30"},{"rt":8554,"url":"../static/nodeGraphs.html","edge":"2to5","edgeRT":"6743","flipped":"TRUE","correct_edge":"1to5","index":"38","edgeClickLog":"[{\"edgeSelection\":\"0to2\",\"edgeRTMS\":5739},{\"edgeSelection\":\"2to5\",\"edgeRTMS\":6743}]","seed":" 22181670","task":"experiment","subjectId":"m3xsezp2dpz0v85","trial_type":"external-html","trial_index":39,"time_elapsed":1060079,"internal_node_id":"0.0-9.0-0.31"},{"rt":16205,"url":"../static/nodeGraphs.html","edge":"4to8","edgeRT":"15215","flipped":"FALSE","correct_edge":"0to2","index":"10","edgeClickLog":"[{\"edgeSelection\":\"4to8\",\"edgeRTMS\":15215}]","seed":" 39688702","task":"experiment","subjectId":"m3xsezp2dpz0v85","trial_type":"external-html","trial_index":40,"time_elapsed":1076964,"internal_node_id":"0.0-9.0-0.32"},{"rt":8243,"url":"../static/nodeGraphs.html","edge":"1to4","edgeRT":"5643","flipped":"TRUE","correct_edge":"2to4","index":"35","edgeClickLog":"[{\"edgeSelection\":\"1to4\",\"edgeRTMS\":4905},{\"edgeSelection\":\"1to4\",\"edgeRTMS\":5643}]","seed":" 53220770","task":"experiment","subjectId":"m3xsezp2dpz0v85","trial_type":"external-html","trial_index":41,"time_elapsed":1085895,"internal_node_id":"0.0-9.0-0.33"},{"rt":5113,"url":"../static/nodeGraphs.html","edge":"1to4","edgeRT":"4202","flipped":"FALSE","correct_edge":"1to4","index":"2","edgeClickLog":"[{\"edgeSelection\":\"1to4\",\"edgeRTMS\":4202}]","seed":" 22809663","task":"experiment","subjectId":"m3xsezp2dpz0v85","trial_type":"external-html","trial_index":42,"time_elapsed":1091698,"internal_node_id":"0.0-9.0-0.34"},{"rt":7699,"url":"../static/nodeGraphs.html","edge":"5to8","edgeRT":"6522","flipped":"FALSE","correct_edge":"5to8","index":"3","edgeClickLog":"[{\"edgeSelection\":\"5to8\",\"edgeRTMS\":6522}]","seed":" 46003743","task":"experiment","subjectId":"m3xsezp2dpz0v85","trial_type":"external-html","trial_index":43,"time_elapsed":1100082,"internal_node_id":"0.0-9.0-0.35"},{"rt":12483,"url":"../static/nodeGraphs.html","edge":"2to4","edgeRT":"9590","flipped":"FALSE","correct_edge":"0to2","index":"8","edgeClickLog":"[{\"edgeSelection\":\"0to2\",\"edgeRTMS\":7004},{\"edgeSelection\":\"2to4\",\"edgeRTMS\":9590}]","seed":" 8396978","task":"experiment","subjectId":"m3xsezp2dpz0v85","trial_type":"external-html","trial_index":44,"time_elapsed":1113249,"internal_node_id":"0.0-9.0-0.36"},{"rt":12214,"url":"../static/nodeGraphs.html","edge":"6to8","edgeRT":"10370","flipped":"TRUE","correct_edge":"6to8","index":"21","edgeClickLog":"[{\"edgeSelection\":\"6to8\",\"edgeRTMS\":9469},{\"edgeSelection\":\"6to8\",\"edgeRTMS\":10370}]","seed":" 32816305","task":"experiment","subjectId":"m3xsezp2dpz0v85","trial_type":"external-html","trial_index":45,"time_elapsed":1126150,"internal_node_id":"0.0-9.0-0.37"},{"rt":9615,"url":"../static/nodeGraphs.html","edge":"3to6","edgeRT":"7878","flipped":"TRUE","correct_edge":"0to3","index":"20","edgeClickLog":"[{\"edgeSelection\":\"3to6\",\"edgeRTMS\":7878}]","seed":" 21745736","task":"experiment","subjectId":"m3xsezp2dpz0v85","trial_type":"external-html","trial_index":46,"time_elapsed":1136447,"internal_node_id":"0.0-9.0-0.38"},{"rt":22704,"url":"../static/nodeGraphs.html","edge":"0to1","edgeRT":"17691","flipped":"FALSE","correct_edge":"0to1","index":"19","edgeClickLog":"[{\"edgeSelection\":\"1to5\",\"edgeRTMS\":6873},{\"edgeSelection\":\"1to4\",\"edgeRTMS\":10824},{\"edgeSelection\":\"0to1\",\"edgeRTMS\":17691}]","seed":" 37422119","task":"experiment","subjectId":"m3xsezp2dpz0v85","trial_type":"external-html","trial_index":47,"time_elapsed":1159856,"internal_node_id":"0.0-9.0-0.39"},{"rt":40326,"response":{"P0_Q0":null,"P0_Q1":4,"P0_Q2":5,"P0_Q3":5,"P0_Q4":5,"P0_Q5":3,"strategies":"I chose the path that would help guide the student into the right path","feedback":""},"accuracy":[],"trial_type":"survey","trial_index":48,"time_elapsed":1200741,"internal_node_id":"0.0-10.0"},{"rt":4981,"stimulus":"<p>Thanks for your time!</p>        <p>We need to manually calculate your bonus pay, please give us up to 7 days.</p><p>Press any key to conclude.</p>","response":" ","task":"end","subjectId":"m3xsezp2dpz0v85","trial_type":"html-keyboard-response","trial_index":49,"time_elapsed":1205724,"internal_node_id":"0.0-11.0","interactions":"[{\"event\":\"blur\",\"trial\":1,\"time\":7827},{\"event\":\"focus\",\"trial\":1,\"time\":7906},{\"event\":\"blur\",\"trial\":1,\"time\":9601},{\"event\":\"focus\",\"trial\":1,\"time\":10964},{\"event\":\"fullscreenenter\",\"trial\":1,\"time\":11704},{\"event\":\"blur\",\"trial\":2,\"time\":14420},{\"event\":\"focus\",\"trial\":2,\"time\":20765},{\"event\":\"blur\",\"trial\":5,\"time\":306650},{\"event\":\"focus\",\"trial\":5,\"time\":312864},{\"event\":\"blur\",\"trial\":29,\"time\":813340},{\"event\":\"fullscreenexit\",\"trial\":29,\"time\":813349},{\"event\":\"focus\",\"trial\":29,\"time\":813499}]"}]