[{"success":true,"timeout":false,"failed_images":[],"failed_audio":[],"failed_video":[],"trial_type":"preload","trial_index":0,"time_elapsed":1399,"internal_node_id":"0.0-0.0"},{"success":true,"trial_type":"fullscreen","trial_index":1,"time_elapsed":6861,"internal_node_id":"0.0-1.0"},{"rt":3474,"stimulus":"Welcome to the experiment. Press any key to begin.","response":" ","trial_type":"html-keyboard-response","trial_index":2,"time_elapsed":10336,"internal_node_id":"0.0-2.0"},{"view_history":[{"page_index":0,"viewing_time":2611},{"page_index":1,"viewing_time":2408},{"page_index":2,"viewing_time":5009},{"page_index":3,"viewing_time":1647},{"page_index":4,"viewing_time":2341},{"page_index":5,"viewing_time":3239},{"page_index":6,"viewing_time":1686},{"page_index":5,"viewing_time":1507},{"page_index":6,"viewing_time":2568},{"page_index":7,"viewing_time":3888},{"page_index":8,"viewing_time":3951},{"page_index":9,"viewing_time":4875},{"page_index":10,"viewing_time":916},{"page_index":11,"viewing_time":462},{"page_index":12,"viewing_time":429},{"page_index":13,"viewing_time":883},{"page_index":14,"viewing_time":1564},{"page_index":15,"viewing_time":1175},{"page_index":16,"viewing_time":875},{"page_index":17,"viewing_time":527},{"page_index":18,"viewing_time":462},{"page_index":19,"viewing_time":3113},{"page_index":18,"viewing_time":404},{"page_index":17,"viewing_time":471},{"page_index":16,"viewing_time":453},{"page_index":15,"viewing_time":1151},{"page_index":16,"viewing_time":867},{"page_index":17,"viewing_time":188},{"page_index":18,"viewing_time":372},{"page_index":19,"viewing_time":340},{"page_index":20,"viewing_time":2464},{"page_index":21,"viewing_time":1451}],"rt":54300,"trial_type":"instructions","trial_index":3,"time_elapsed":64636,"internal_node_id":"0.0-3.0"},{"rt":56493,"url":"../static/nodeGraphsTraining.html","edgeClickLog":[],"trial_type":"external-html","trial_index":4,"time_elapsed":121407,"internal_node_id":"0.0-4.0"},{"rt":11651,"response":{"q1":"The goal is to help the student to get the most points","q2":"False","q3":"Possible paths the student can take.","q4":"Paths that the student took before."},"question_order":[0,1,2,3],"trial_type":"survey-multi-choice","trial_index":5,"time_elapsed":133061,"internal_node_id":"0.0-5.0"},{"rt":2455,"stimulus":"<p>You can take a 60 second break before starting the experiment.</p><br><br><p>This page will advance in 60 seconds or you can press any key to advance now.</p>","response":" ","trial_type":"html-keyboard-response","trial_index":6,"time_elapsed":135518,"internal_node_id":"0.0-7.0"},{"view_history":[{"page_index":0,"viewing_time":3152}],"rt":3152,"trial_type":"instructions","trial_index":7,"time_elapsed":138671,"internal_node_id":"0.0-8.0"},{"rt":5268,"url":"../static/nodeGraphs.html","edge":"5to7","edgeRT":"4347","flipped":"FALSE","correct_edge":"0to2","index":"11","edgeClickLog":"[{\"edgeSelection\":\"5to7\",\"edgeRTMS\":4347}]","seed":" 63833578","task":"experiment","subjectId":"wfn0pxf4m8zgg3z","trial_type":"external-html","trial_index":8,"time_elapsed":144129,"internal_node_id":"0.0-9.0-0.0"},{"rt":6019,"url":"../static/nodeGraphs.html","edge":"5to9","edgeRT":"5198","flipped":"TRUE","correct_edge":"0to2","index":"31","edgeClickLog":"[{\"edgeSelection\":\"5to9\",\"edgeRTMS\":5198}]","seed":" 63833578","task":"experiment","subjectId":"wfn0pxf4m8zgg3z","trial_type":"external-html","trial_index":9,"time_elapsed":150859,"internal_node_id":"0.0-9.0-0.1"},{"rt":11466,"url":"../static/nodeGraphs.html","edge":"5to9","edgeRT":"9976","flipped":"FALSE","correct_edge":"2to4","index":"5","edgeClickLog":"[{\"edgeSelection\":\"5to9\",\"edgeRTMS\":9976}]","seed":" 10409262","task":"experiment","subjectId":"wfn0pxf4m8zgg3z","trial_type":"external-html","trial_index":10,"time_elapsed":163020,"internal_node_id":"0.0-9.0-0.2"},{"rt":6365,"url":"../static/nodeGraphs.html","edge":"5to7","edgeRT":"4838","flipped":"FALSE","correct_edge":"0to1","index":"19","edgeClickLog":"[{\"edgeSelection\":\"5to7\",\"edgeRTMS\":4838}]","seed":" 37422119","task":"experiment","subjectId":"wfn0pxf4m8zgg3z","trial_type":"external-html","trial_index":11,"time_elapsed":170080,"internal_node_id":"0.0-9.0-0.3"},{"rt":18095,"url":"../static/nodeGraphs.html","edge":"6to9","edgeRT":"16285","flipped":"TRUE","correct_edge":"2to6","index":"24","edgeClickLog":"[{\"edgeSelection\":\"2to5\",\"edgeRTMS\":10034},{\"edgeSelection\":\"0to2\",\"edgeRTMS\":11113},{\"edgeSelection\":\"6to9\",\"edgeRTMS\":16285}]","seed":" 36501291","task":"experiment","subjectId":"wfn0pxf4m8zgg3z","trial_type":"external-html","trial_index":12,"time_elapsed":188865,"internal_node_id":"0.0-9.0-0.4"},{"rt":74256,"url":"../static/nodeGraphs.html","edge":"5to8","edgeRT":"73279","flipped":"FALSE","correct_edge":"3to5","index":"18","edgeClickLog":"[{\"edgeSelection\":\"6to8\",\"edgeRTMS\":67860},{\"edgeSelection\":\"5to8\",\"edgeRTMS\":73279}]","seed":" 22181670","task":"experiment","subjectId":"wfn0pxf4m8zgg3z","trial_type":"external-html","trial_index":13,"time_elapsed":264077,"internal_node_id":"0.0-9.0-0.5"},{"rt":5930,"url":"../static/nodeGraphs.html","edge":"5to8","edgeRT":"5042","flipped":"TRUE","correct_edge":"1to5","index":"38","edgeClickLog":"[{\"edgeSelection\":\"5to8\",\"edgeRTMS\":5042}]","seed":" 22181670","task":"experiment","subjectId":"wfn0pxf4m8zgg3z","trial_type":"external-html","trial_index":14,"time_elapsed":270701,"internal_node_id":"0.0-9.0-0.6"},{"rt":9424,"url":"../static/nodeGraphs.html","edge":"0to3","edgeRT":"8021","flipped":"FALSE","correct_edge":"0to2","index":"14","edgeClickLog":"[{\"edgeSelection\":\"3to6\",\"edgeRTMS\":5992},{\"edgeSelection\":\"0to3\",\"edgeRTMS\":6785},{\"edgeSelection\":\"0to3\",\"edgeRTMS\":8021}]","seed":" 21083760","task":"experiment","subjectId":"wfn0pxf4m8zgg3z","trial_type":"external-html","trial_index":15,"time_elapsed":280811,"internal_node_id":"0.0-9.0-0.7"},{"rt":9930,"url":"../static/nodeGraphs.html","edge":"2to4","edgeRT":"8277","flipped":"FALSE","correct_edge":"2to6","index":"15","edgeClickLog":"[{\"edgeSelection\":\"6to8\",\"edgeRTMS\":3063},{\"edgeSelection\":\"5to9\",\"edgeRTMS\":3917},{\"edgeSelection\":\"2to4\",\"edgeRTMS\":7567},{\"edgeSelection\":\"2to4\",\"edgeRTMS\":8277}]","seed":" 53220770","task":"experiment","subjectId":"wfn0pxf4m8zgg3z","trial_type":"external-html","trial_index":16,"time_elapsed":291432,"internal_node_id":"0.0-9.0-0.8"},{"rt":3129,"url":"../static/nodeGraphs.html","edge":"6to8","edgeRT":"2015","flipped":"FALSE","correct_edge":"4to7","index":"6","edgeClickLog":"[{\"edgeSelection\":\"6to8\",\"edgeRTMS\":2015}]","seed":" 13523788","task":"experiment","subjectId":"wfn0pxf4m8zgg3z","trial_type":"external-html","trial_index":17,"time_elapsed":295256,"internal_node_id":"0.0-9.0-0.9"},{"rt":4531,"url":"../static/nodeGraphs.html","edge":"6to9","edgeRT":"3005","flipped":"TRUE","correct_edge":"2to6","index":"25","edgeClickLog":"[{\"edgeSelection\":\"6to9\",\"edgeRTMS\":3005}]","seed":" 10409262","task":"experiment","subjectId":"wfn0pxf4m8zgg3z","trial_type":"external-html","trial_index":18,"time_elapsed":300474,"internal_node_id":"0.0-9.0-0.10"},{"rt":117187,"url":"../static/nodeGraphs.html","edge":"4to8","edgeRT":"116207","flipped":"FALSE","correct_edge":"1to4","index":"2","edgeClickLog":"[{\"edgeSelection\":\"4to8\",\"edgeRTMS\":116207}]","seed":" 22809663","task":"experiment","subjectId":"wfn0pxf4m8zgg3z","trial_type":"external-html","trial_index":19,"time_elapsed":418357,"internal_node_id":"0.0-9.0-0.11"},{"rt":6814,"url":"../static/nodeGraphs.html","edge":"5to9","edgeRT":"4376","flipped":"FALSE","correct_edge":"0to3","index":"12","edgeClickLog":"[{\"edgeSelection\":\"5to9\",\"edgeRTMS\":4376}]","seed":" 36895371","task":"experiment","subjectId":"wfn0pxf4m8zgg3z","trial_type":"external-html","trial_index":20,"time_elapsed":425862,"internal_node_id":"0.0-9.0-0.12"},{"rt":4239,"url":"../static/nodeGraphs.html","edge":"4to8","edgeRT":"3248","flipped":"TRUE","correct_edge":"0to1","index":"29","edgeClickLog":"[{\"edgeSelection\":\"4to8\",\"edgeRTMS\":3248}]","seed":" 61187187","task":"experiment","subjectId":"wfn0pxf4m8zgg3z","trial_type":"external-html","trial_index":21,"time_elapsed":430784,"internal_node_id":"0.0-9.0-0.13"},{"rt":5365,"url":"../static/nodeGraphs.html","edge":"0to2","edgeRT":"3802","flipped":"FALSE","correct_edge":"0to2","index":"7","edgeClickLog":"[{\"edgeSelection\":\"4to8\",\"edgeRTMS\":2390},{\"edgeSelection\":\"0to2\",\"edgeRTMS\":3802}]","seed":" 85614324","task":"experiment","subjectId":"wfn0pxf4m8zgg3z","trial_type":"external-html","trial_index":22,"time_elapsed":436844,"internal_node_id":"0.0-9.0-0.14"},{"rt":3032,"url":"../static/nodeGraphs.html","edge":"0to2","edgeRT":"1767","flipped":"TRUE","correct_edge":"0to2","index":"28","edgeClickLog":"[{\"edgeSelection\":\"0to2\",\"edgeRTMS\":1767}]","seed":" 8396978","task":"experiment","subjectId":"wfn0pxf4m8zgg3z","trial_type":"external-html","trial_index":23,"time_elapsed":440564,"internal_node_id":"0.0-9.0-0.15"},{"rt":4208,"url":"../static/nodeGraphs.html","edge":"5to8","edgeRT":"3371","flipped":"TRUE","correct_edge":"2to4","index":"35","edgeClickLog":"[{\"edgeSelection\":\"5to8\",\"edgeRTMS\":3371}]","seed":" 53220770","task":"experiment","subjectId":"wfn0pxf4m8zgg3z","trial_type":"external-html","trial_index":24,"time_elapsed":445468,"internal_node_id":"0.0-9.0-0.16"},{"rt":6544,"url":"../static/nodeGraphs.html","edge":"4to8","edgeRT":"5813","flipped":"FALSE","correct_edge":"4to8","index":"1","edgeClickLog":"[{\"edgeSelection\":\"4to8\",\"edgeRTMS\":4872},{\"edgeSelection\":\"4to8\",\"edgeRTMS\":5813}]","seed":" 32816305","task":"experiment","subjectId":"wfn0pxf4m8zgg3z","trial_type":"external-html","trial_index":25,"time_elapsed":452702,"internal_node_id":"0.0-9.0-0.17"},{"rt":6287,"url":"../static/nodeGraphs.html","edge":"5to8","edgeRT":"4632","flipped":"FALSE","correct_edge":"5to8","index":"3","edgeClickLog":"[{\"edgeSelection\":\"5to8\",\"edgeRTMS\":3787},{\"edgeSelection\":\"5to8\",\"edgeRTMS\":4632}]","seed":" 46003743","task":"experiment","subjectId":"wfn0pxf4m8zgg3z","trial_type":"external-html","trial_index":26,"time_elapsed":459680,"internal_node_id":"0.0-9.0-0.18"},{"rt":7427,"url":"../static/nodeGraphs.html","edge":"5to7","edgeRT":"5949","flipped":"TRUE","correct_edge":"0to1","index":"32","edgeClickLog":"[{\"edgeSelection\":\"5to7\",\"edgeRTMS\":3295},{\"edgeSelection\":\"5to7\",\"edgeRTMS\":4325},{\"edgeSelection\":\"5to7\",\"edgeRTMS\":5168},{\"edgeSelection\":\"5to7\",\"edgeRTMS\":5949}]","seed":" 36895371","task":"experiment","subjectId":"wfn0pxf4m8zgg3z","trial_type":"external-html","trial_index":27,"time_elapsed":467795,"internal_node_id":"0.0-9.0-0.19"},{"rt":23599,"url":"../static/nodeGraphs.html","edge":"5to9","edgeRT":"22015","flipped":"FALSE","correct_edge":"5to9","index":"16","edgeClickLog":"[{\"edgeSelection\":\"5to9\",\"edgeRTMS\":22015}]","seed":" 5655743","task":"experiment","subjectId":"wfn0pxf4m8zgg3z","trial_type":"external-html","trial_index":28,"time_elapsed":492084,"internal_node_id":"0.0-9.0-0.20"},{"rt":2494,"url":"../static/nodeGraphs.html","edge":"6to8","edgeRT":"1850","flipped":"TRUE","correct_edge":"0to2","index":"27","edgeClickLog":"[{\"edgeSelection\":\"6to8\",\"edgeRTMS\":1850}]","seed":" 85614324","task":"experiment","subjectId":"wfn0pxf4m8zgg3z","trial_type":"external-html","trial_index":29,"time_elapsed":495281,"internal_node_id":"0.0-9.0-0.21"},{"rt":3938,"url":"../static/nodeGraphs.html","edge":"5to7","edgeRT":"2594","flipped":"TRUE","correct_edge":"0to3","index":"39","edgeClickLog":"[{\"edgeSelection\":\"6to8\",\"edgeRTMS\":1619},{\"edgeSelection\":\"5to7\",\"edgeRTMS\":2594}]","seed":" 37422119","task":"experiment","subjectId":"wfn0pxf4m8zgg3z","trial_type":"external-html","trial_index":30,"time_elapsed":499905,"internal_node_id":"0.0-9.0-0.22"},{"rt":4104,"url":"../static/nodeGraphs.html","edge":"5to7","edgeRT":"3039","flipped":"FALSE","correct_edge":"0to2","index":"8","edgeClickLog":"[{\"edgeSelection\":\"5to7\",\"edgeRTMS\":2397},{\"edgeSelection\":\"5to7\",\"edgeRTMS\":3039}]","seed":" 8396978","task":"experiment","subjectId":"wfn0pxf4m8zgg3z","trial_type":"external-html","trial_index":31,"time_elapsed":504705,"internal_node_id":"0.0-9.0-0.23"},{"rt":9343,"url":"../static/nodeGraphs.html","edge":"5to7","edgeRT":"3188","flipped":"TRUE","correct_edge":"5to7","index":"36","edgeClickLog":"[{\"edgeSelection\":\"5to7\",\"edgeRTMS\":1558},{\"edgeSelection\":\"5to7\",\"edgeRTMS\":2490},{\"edgeSelection\":\"5to7\",\"edgeRTMS\":3188}]","seed":" 5655743","task":"experiment","subjectId":"wfn0pxf4m8zgg3z","trial_type":"external-html","trial_index":32,"time_elapsed":514739,"internal_node_id":"0.0-9.0-0.24"},{"rt":5761,"url":"../static/nodeGraphs.html","edge":"6to8","edgeRT":"3424","flipped":"TRUE","correct_edge":"3to6","index":"22","edgeClickLog":"[{\"edgeSelection\":\"6to8\",\"edgeRTMS\":3424}]","seed":" 22809663","task":"experiment","subjectId":"wfn0pxf4m8zgg3z","trial_type":"external-html","trial_index":33,"time_elapsed":521188,"internal_node_id":"0.0-9.0-0.25"},{"rt":51767,"url":"../static/nodeGraphs.html","edge":"6to8","edgeRT":"50890","flipped":"TRUE","correct_edge":"6to8","index":"21","edgeClickLog":"[{\"edgeSelection\":\"6to8\",\"edgeRTMS\":50890}]","seed":" 32816305","task":"experiment","subjectId":"wfn0pxf4m8zgg3z","trial_type":"external-html","trial_index":34,"time_elapsed":573651,"internal_node_id":"0.0-9.0-0.26"},{"rt":5534,"url":"../static/nodeGraphs.html","edge":"0to3","edgeRT":"4606","flipped":"FALSE","correct_edge":"0to1","index":"0","edgeClickLog":"[{\"edgeSelection\":\"0to3\",\"edgeRTMS\":3324},{\"edgeSelection\":\"0to3\",\"edgeRTMS\":4606}]","seed":" 21745736","task":"experiment","subjectId":"wfn0pxf4m8zgg3z","trial_type":"external-html","trial_index":35,"time_elapsed":579875,"internal_node_id":"0.0-9.0-0.27"},{"rt":18571,"url":"../static/nodeGraphs.html","edge":"0to1","edgeRT":"17314","flipped":"TRUE","correct_edge":"0to2","index":"34","edgeClickLog":"[{\"edgeSelection\":\"0to2\",\"edgeRTMS\":6364},{\"edgeSelection\":\"0to1\",\"edgeRTMS\":13710},{\"edgeSelection\":\"0to1\",\"edgeRTMS\":15762},{\"edgeSelection\":\"0to1\",\"edgeRTMS\":17314}]","seed":" 21083760","task":"experiment","subjectId":"wfn0pxf4m8zgg3z","trial_type":"external-html","trial_index":36,"time_elapsed":599140,"internal_node_id":"0.0-9.0-0.28"},{"rt":4731,"url":"../static/nodeGraphs.html","edge":"3to5","edgeRT":"3690","flipped":"TRUE","correct_edge":"6to9","index":"26","edgeClickLog":"[{\"edgeSelection\":\"6to8\",\"edgeRTMS\":1977},{\"edgeSelection\":\"3to5\",\"edgeRTMS\":3064},{\"edgeSelection\":\"3to5\",\"edgeRTMS\":3690}]","seed":" 13523788","task":"experiment","subjectId":"wfn0pxf4m8zgg3z","trial_type":"external-html","trial_index":37,"time_elapsed":604567,"internal_node_id":"0.0-9.0-0.29"},{"rt":4090,"url":"../static/nodeGraphs.html","edge":"4to8","edgeRT":"3182","flipped":"TRUE","correct_edge":"0to2","index":"30","edgeClickLog":"[{\"edgeSelection\":\"4to7\",\"edgeRTMS\":1356},{\"edgeSelection\":\"5to7\",\"edgeRTMS\":2412},{\"edgeSelection\":\"4to8\",\"edgeRTMS\":3182}]","seed":" 39688702","task":"experiment","subjectId":"wfn0pxf4m8zgg3z","trial_type":"external-html","trial_index":38,"time_elapsed":609358,"internal_node_id":"0.0-9.0-0.30"},{"rt":3503,"url":"../static/nodeGraphs.html","edge":"5to8","edgeRT":"2690","flipped":"TRUE","correct_edge":"0to2","index":"37","edgeClickLog":"[{\"edgeSelection\":\"5to8\",\"edgeRTMS\":2690}]","seed":" 21211189","task":"experiment","subjectId":"wfn0pxf4m8zgg3z","trial_type":"external-html","trial_index":39,"time_elapsed":613694,"internal_node_id":"0.0-9.0-0.31"},{"rt":6911,"url":"../static/nodeGraphs.html","edge":"5to7","edgeRT":"6058","flipped":"TRUE","correct_edge":"0to2","index":"33","edgeClickLog":"[{\"edgeSelection\":\"5to7\",\"edgeRTMS\":5336},{\"edgeSelection\":\"5to7\",\"edgeRTMS\":6058}]","seed":" 49587019","task":"experiment","subjectId":"wfn0pxf4m8zgg3z","trial_type":"external-html","trial_index":40,"time_elapsed":621297,"internal_node_id":"0.0-9.0-0.32"},{"rt":2773,"url":"../static/nodeGraphs.html","edge":"6to8","edgeRT":"1822","flipped":"FALSE","correct_edge":"0to3","index":"9","edgeClickLog":"[{\"edgeSelection\":\"6to8\",\"edgeRTMS\":1822}]","seed":" 61187187","task":"experiment","subjectId":"wfn0pxf4m8zgg3z","trial_type":"external-html","trial_index":41,"time_elapsed":624767,"internal_node_id":"0.0-9.0-0.33"},{"rt":16392,"url":"../static/nodeGraphs.html","edge":"6to8","edgeRT":"3093","flipped":"FALSE","correct_edge":"0to2","index":"10","edgeClickLog":"[{\"edgeSelection\":\"6to8\",\"edgeRTMS\":3093}]","seed":" 39688702","task":"experiment","subjectId":"wfn0pxf4m8zgg3z","trial_type":"external-html","trial_index":42,"time_elapsed":641850,"internal_node_id":"0.0-9.0-0.34"},{"rt":6688,"url":"../static/nodeGraphs.html","edge":"5to9","edgeRT":"5337","flipped":"FALSE","correct_edge":"0to2","index":"13","edgeClickLog":"[{\"edgeSelection\":\"5to9\",\"edgeRTMS\":5337}]","seed":" 49587019","task":"experiment","subjectId":"wfn0pxf4m8zgg3z","trial_type":"external-html","trial_index":43,"time_elapsed":649244,"internal_node_id":"0.0-9.0-0.35"},{"rt":6316,"url":"../static/nodeGraphs.html","edge":"0to3","edgeRT":"4607","flipped":"TRUE","correct_edge":"0to3","index":"20","edgeClickLog":"[{\"edgeSelection\":\"3to6\",\"edgeRTMS\":2535},{\"edgeSelection\":\"3to6\",\"edgeRTMS\":3224},{\"edgeSelection\":\"0to3\",\"edgeRTMS\":4607}]","seed":" 21745736","task":"experiment","subjectId":"wfn0pxf4m8zgg3z","trial_type":"external-html","trial_index":44,"time_elapsed":656278,"internal_node_id":"0.0-9.0-0.36"},{"rt":4221,"url":"../static/nodeGraphs.html","edge":"3to5","edgeRT":"2914","flipped":"TRUE","correct_edge":"5to8","index":"23","edgeClickLog":"[{\"edgeSelection\":\"3to5\",\"edgeRTMS\":2914}]","seed":" 46003743","task":"experiment","subjectId":"wfn0pxf4m8zgg3z","trial_type":"external-html","trial_index":45,"time_elapsed":661195,"internal_node_id":"0.0-9.0-0.37"},{"rt":2739,"url":"../static/nodeGraphs.html","edge":"5to8","edgeRT":"1991","flipped":"FALSE","correct_edge":"0to2","index":"17","edgeClickLog":"[{\"edgeSelection\":\"5to8\",\"edgeRTMS\":1991}]","seed":" 21211189","task":"experiment","subjectId":"wfn0pxf4m8zgg3z","trial_type":"external-html","trial_index":46,"time_elapsed":664631,"internal_node_id":"0.0-9.0-0.38"},{"rt":4986,"url":"../static/nodeGraphs.html","edge":"4to7","edgeRT":"3843","flipped":"FALSE","correct_edge":"2to4","index":"4","edgeClickLog":"[{\"edgeSelection\":\"4to7\",\"edgeRTMS\":3265},{\"edgeSelection\":\"4to7\",\"edgeRTMS\":3843}]","seed":" 36501291","task":"experiment","subjectId":"wfn0pxf4m8zgg3z","trial_type":"external-html","trial_index":47,"time_elapsed":670306,"internal_node_id":"0.0-9.0-0.39"},{"rt":35580,"response":{"P0_Q0":null,"P0_Q1":2,"P0_Q2":6,"P0_Q3":6,"P0_Q4":1,"P0_Q5":1,"strategies":"Tried to find a path/alternate paths to the highest cost node","feedback":""},"accuracy":[],"trial_type":"survey","trial_index":48,"time_elapsed":706454,"internal_node_id":"0.0-10.0"},{"rt":2207,"stimulus":"<p>Thanks for your time!</p>        <p>We need to manually calculate your bonus pay, please give us up to 7 days.</p><p>Press any key to conclude.</p>","response":" ","task":"end","subjectId":"wfn0pxf4m8zgg3z","trial_type":"html-keyboard-response","trial_index":49,"time_elapsed":708663,"internal_node_id":"0.0-11.0","interactions":"[{\"event\":\"fullscreenenter\",\"trial\":1,\"time\":5880},{\"event\":\"fullscreenexit\",\"trial\":2,\"time\":8552},{\"event\":\"blur\",\"trial\":4,\"time\":87771},{\"event\":\"focus\",\"trial\":4,\"time\":96598},{\"event\":\"blur\",\"trial\":13,\"time\":208734},{\"event\":\"focus\",\"trial\":13,\"time\":211622},{\"event\":\"blur\",\"trial\":13,\"time\":215304},{\"event\":\"focus\",\"trial\":13,\"time\":254648},{\"event\":\"blur\",\"trial\":19,\"time\":303661},{\"event\":\"focus\",\"trial\":19,\"time\":405229},{\"event\":\"blur\",\"trial\":28,\"time\":468741},{\"event\":\"focus\",\"trial\":28,\"time\":488639},{\"event\":\"blur\",\"trial\":32,\"time\":509789},{\"event\":\"focus\",\"trial\":32,\"time\":512370},{\"event\":\"blur\",\"trial\":34,\"time\":522362},{\"event\":\"focus\",\"trial\":34,\"time\":570646},{\"event\":\"blur\",\"trial\":42,\"time\":630260},{\"event\":\"focus\",\"trial\":42,\"time\":639186},{\"event\":\"blur\",\"trial\":43,\"time\":642908},{\"event\":\"focus\",\"trial\":43,\"time\":645864},{\"event\":\"blur\",\"trial\":48,\"time\":680759},{\"event\":\"focus\",\"trial\":48,\"time\":686086}]"}]