[{"success":true,"timeout":false,"failed_images":[],"failed_audio":[],"failed_video":[],"trial_type":"preload","trial_index":0,"time_elapsed":1270,"internal_node_id":"0.0-0.0"},{"success":true,"trial_type":"fullscreen","trial_index":1,"time_elapsed":4373,"internal_node_id":"0.0-1.0"},{"rt":2688,"stimulus":"Welcome to the experiment. Press any key to begin.","response":" ","trial_type":"html-keyboard-response","trial_index":2,"time_elapsed":7063,"internal_node_id":"0.0-2.0"},{"view_history":[{"page_index":0,"viewing_time":5015},{"page_index":1,"viewing_time":4049},{"page_index":2,"viewing_time":27751},{"page_index":3,"viewing_time":1968},{"page_index":4,"viewing_time":1313},{"page_index":5,"viewing_time":1151},{"page_index":6,"viewing_time":2112},{"page_index":7,"viewing_time":9857},{"page_index":8,"viewing_time":15463},{"page_index":9,"viewing_time":6865},{"page_index":10,"viewing_time":1398},{"page_index":11,"viewing_time":1042},{"page_index":12,"viewing_time":655},{"page_index":13,"viewing_time":1385},{"page_index":14,"viewing_time":2263},{"page_index":15,"viewing_time":7888},{"page_index":16,"viewing_time":2712},{"page_index":17,"viewing_time":976},{"page_index":18,"viewing_time":2704},{"page_index":19,"viewing_time":4072},{"page_index":20,"viewing_time":4664},{"page_index":21,"viewing_time":3480}],"rt":108783,"trial_type":"instructions","trial_index":3,"time_elapsed":115846,"internal_node_id":"0.0-3.0"},{"rt":84378,"url":"../static/nodeGraphsTraining.html","edgeClickLog":[],"trial_type":"external-html","trial_index":4,"time_elapsed":200471,"internal_node_id":"0.0-4.0"},{"rt":20287,"response":{"q1":"The goal is to help the student to get the most points","q2":"False","q3":"Possible paths the student can take.","q4":"Paths that the student took before."},"question_order":[0,1,2,3],"trial_type":"survey-multi-choice","trial_index":5,"time_elapsed":220758,"internal_node_id":"0.0-5.0"},{"rt":5174,"stimulus":"<p>You can take a 60 second break before starting the experiment.</p><br><br><p>This page will advance in 60 seconds or you can press any key to advance now.</p>","response":"arrowright","trial_type":"html-keyboard-response","trial_index":6,"time_elapsed":225934,"internal_node_id":"0.0-7.0"},{"view_history":[{"page_index":0,"viewing_time":14292}],"rt":14292,"trial_type":"instructions","trial_index":7,"time_elapsed":240225,"internal_node_id":"0.0-8.0"},{"rt":43828,"url":"../static/nodeGraphs.html","edge":"0to1","edgeRT":"39931","flipped":"FALSE","correct_edge":"0to2","index":"14","edgeClickLog":"[{\"edgeSelection\":\"0to1\",\"edgeRTMS\":22536},{\"edgeSelection\":\"1to4\",\"edgeRTMS\":24039},{\"edgeSelection\":\"0to1\",\"edgeRTMS\":25569},{\"edgeSelection\":\"0to1\",\"edgeRTMS\":39931}]","seed":" 21083760","task":"experiment","subjectId":"61ux1w0b0bebt70","trial_type":"external-html","trial_index":8,"time_elapsed":284225,"internal_node_id":"0.0-9.0-0.0"},{"rt":29510,"url":"../static/nodeGraphs.html","edge":"0to3","edgeRT":"7591","flipped":"FALSE","correct_edge":"0to3","index":"9","edgeClickLog":"[{\"edgeSelection\":\"0to3\",\"edgeRTMS\":7591}]","seed":" 61187187","task":"experiment","subjectId":"61ux1w0b0bebt70","trial_type":"external-html","trial_index":9,"time_elapsed":314415,"internal_node_id":"0.0-9.0-0.1"},{"rt":13800,"url":"../static/nodeGraphs.html","edge":"0to1","edgeRT":"10987","flipped":"TRUE","correct_edge":"0to1","index":"29","edgeClickLog":"[{\"edgeSelection\":\"0to1\",\"edgeRTMS\":3793},{\"edgeSelection\":\"1to5\",\"edgeRTMS\":8266},{\"edgeSelection\":\"0to1\",\"edgeRTMS\":10987}]","seed":" 61187187","task":"experiment","subjectId":"61ux1w0b0bebt70","trial_type":"external-html","trial_index":10,"time_elapsed":328964,"internal_node_id":"0.0-9.0-0.2"},{"rt":9748,"url":"../static/nodeGraphs.html","edge":"5to8","edgeRT":"5019","flipped":"FALSE","correct_edge":"5to8","index":"3","edgeClickLog":"[{\"edgeSelection\":\"5to8\",\"edgeRTMS\":5019}]","seed":" 46003743","task":"experiment","subjectId":"61ux1w0b0bebt70","trial_type":"external-html","trial_index":11,"time_elapsed":339384,"internal_node_id":"0.0-9.0-0.3"},{"rt":10945,"url":"../static/nodeGraphs.html","edge":"4to8","edgeRT":"8277","flipped":"FALSE","correct_edge":"4to8","index":"1","edgeClickLog":"[{\"edgeSelection\":\"4to8\",\"edgeRTMS\":8277}]","seed":" 32816305","task":"experiment","subjectId":"61ux1w0b0bebt70","trial_type":"external-html","trial_index":12,"time_elapsed":351013,"internal_node_id":"0.0-9.0-0.4"},{"rt":20149,"url":"../static/nodeGraphs.html","edge":"0to2","edgeRT":"17690","flipped":"TRUE","correct_edge":"1to5","index":"38","edgeClickLog":"[{\"edgeSelection\":\"1to5\",\"edgeRTMS\":2475},{\"edgeSelection\":\"0to2\",\"edgeRTMS\":17690}]","seed":" 22181670","task":"experiment","subjectId":"61ux1w0b0bebt70","trial_type":"external-html","trial_index":13,"time_elapsed":371838,"internal_node_id":"0.0-9.0-0.5"},{"rt":26734,"url":"../static/nodeGraphs.html","edge":"2to4","edgeRT":"2780","flipped":"FALSE","correct_edge":"2to4","index":"4","edgeClickLog":"[{\"edgeSelection\":\"2to4\",\"edgeRTMS\":2780}]","seed":" 36501291","task":"experiment","subjectId":"61ux1w0b0bebt70","trial_type":"external-html","trial_index":14,"time_elapsed":399247,"internal_node_id":"0.0-9.0-0.6"},{"rt":10541,"url":"../static/nodeGraphs.html","edge":"2to6","edgeRT":"8065","flipped":"TRUE","correct_edge":"2to6","index":"25","edgeClickLog":"[{\"edgeSelection\":\"2to6\",\"edgeRTMS\":4398},{\"edgeSelection\":\"6to8\",\"edgeRTMS\":7436},{\"edgeSelection\":\"2to6\",\"edgeRTMS\":8065}]","seed":" 10409262","task":"experiment","subjectId":"61ux1w0b0bebt70","trial_type":"external-html","trial_index":15,"time_elapsed":410475,"internal_node_id":"0.0-9.0-0.7"},{"rt":9325,"url":"../static/nodeGraphs.html","edge":"0to3","edgeRT":"5336","flipped":"TRUE","correct_edge":"0to2","index":"34","edgeClickLog":"[{\"edgeSelection\":\"0to3\",\"edgeRTMS\":5336}]","seed":" 21083760","task":"experiment","subjectId":"61ux1w0b0bebt70","trial_type":"external-html","trial_index":16,"time_elapsed":420471,"internal_node_id":"0.0-9.0-0.8"},{"rt":14798,"url":"../static/nodeGraphs.html","edge":"0to3","edgeRT":"8769","flipped":"TRUE","correct_edge":"0to2","index":"30","edgeClickLog":"[{\"edgeSelection\":\"3to6\",\"edgeRTMS\":7629},{\"edgeSelection\":\"0to3\",\"edgeRTMS\":8769}]","seed":" 39688702","task":"experiment","subjectId":"61ux1w0b0bebt70","trial_type":"external-html","trial_index":17,"time_elapsed":435953,"internal_node_id":"0.0-9.0-0.9"},{"rt":15145,"url":"../static/nodeGraphs.html","edge":"0to3","edgeRT":"10851","flipped":"TRUE","correct_edge":"5to7","index":"36","edgeClickLog":"[{\"edgeSelection\":\"1to5\",\"edgeRTMS\":3061},{\"edgeSelection\":\"1to5\",\"edgeRTMS\":7781},{\"edgeSelection\":\"0to3\",\"edgeRTMS\":10851}]","seed":" 5655743","task":"experiment","subjectId":"61ux1w0b0bebt70","trial_type":"external-html","trial_index":18,"time_elapsed":451777,"internal_node_id":"0.0-9.0-0.10"},{"rt":20829,"url":"../static/nodeGraphs.html","edge":"2to6","edgeRT":"5343","flipped":"TRUE","correct_edge":"2to6","index":"24","edgeClickLog":"[{\"edgeSelection\":\"2to6\",\"edgeRTMS\":5343}]","seed":" 36501291","task":"experiment","subjectId":"61ux1w0b0bebt70","trial_type":"external-html","trial_index":19,"time_elapsed":473277,"internal_node_id":"0.0-9.0-0.11"},{"rt":11560,"url":"../static/nodeGraphs.html","edge":"2to6","edgeRT":"6040","flipped":"FALSE","correct_edge":"2to6","index":"15","edgeClickLog":"[{\"edgeSelection\":\"2to6\",\"edgeRTMS\":6040}]","seed":" 53220770","task":"experiment","subjectId":"61ux1w0b0bebt70","trial_type":"external-html","trial_index":20,"time_elapsed":485514,"internal_node_id":"0.0-9.0-0.12"},{"rt":13760,"url":"../static/nodeGraphs.html","edge":"0to3","edgeRT":"12400","flipped":"TRUE","correct_edge":"0to2","index":"27","edgeClickLog":"[{\"edgeSelection\":\"0to3\",\"edgeRTMS\":12400}]","seed":" 85614324","task":"experiment","subjectId":"61ux1w0b0bebt70","trial_type":"external-html","trial_index":21,"time_elapsed":499983,"internal_node_id":"0.0-9.0-0.13"},{"rt":7592,"url":"../static/nodeGraphs.html","edge":"0to1","edgeRT":"4106","flipped":"TRUE","correct_edge":"0to3","index":"20","edgeClickLog":"[{\"edgeSelection\":\"0to1\",\"edgeRTMS\":4106}]","seed":" 21745736","task":"experiment","subjectId":"61ux1w0b0bebt70","trial_type":"external-html","trial_index":22,"time_elapsed":508248,"internal_node_id":"0.0-9.0-0.14"},{"rt":10874,"url":"../static/nodeGraphs.html","edge":"1to4","edgeRT":"8662","flipped":"FALSE","correct_edge":"1to4","index":"2","edgeClickLog":"[{\"edgeSelection\":\"1to4\",\"edgeRTMS\":6657},{\"edgeSelection\":\"1to4\",\"edgeRTMS\":8662}]","seed":" 22809663","task":"experiment","subjectId":"61ux1w0b0bebt70","trial_type":"external-html","trial_index":23,"time_elapsed":519877,"internal_node_id":"0.0-9.0-0.15"},{"rt":17891,"url":"../static/nodeGraphs.html","edge":"0to2","edgeRT":"14658","flipped":"FALSE","correct_edge":"0to2","index":"13","edgeClickLog":"[{\"edgeSelection\":\"0to2\",\"edgeRTMS\":14658}]","seed":" 49587019","task":"experiment","subjectId":"61ux1w0b0bebt70","trial_type":"external-html","trial_index":24,"time_elapsed":538445,"internal_node_id":"0.0-9.0-0.16"},{"rt":7229,"url":"../static/nodeGraphs.html","edge":"0to2","edgeRT":"3594","flipped":"FALSE","correct_edge":"0to2","index":"8","edgeClickLog":"[{\"edgeSelection\":\"0to2\",\"edgeRTMS\":3594}]","seed":" 8396978","task":"experiment","subjectId":"61ux1w0b0bebt70","trial_type":"external-html","trial_index":25,"time_elapsed":546345,"internal_node_id":"0.0-9.0-0.17"},{"rt":10941,"url":"../static/nodeGraphs.html","edge":"0to2","edgeRT":"2214","flipped":"TRUE","correct_edge":"0to2","index":"31","edgeClickLog":"[{\"edgeSelection\":\"0to2\",\"edgeRTMS\":2214}]","seed":" 63833578","task":"experiment","subjectId":"61ux1w0b0bebt70","trial_type":"external-html","trial_index":26,"time_elapsed":557962,"internal_node_id":"0.0-9.0-0.18"},{"rt":4446,"url":"../static/nodeGraphs.html","edge":"2to4","edgeRT":"3263","flipped":"FALSE","correct_edge":"2to4","index":"5","edgeClickLog":"[{\"edgeSelection\":\"2to4\",\"edgeRTMS\":3263}]","seed":" 10409262","task":"experiment","subjectId":"61ux1w0b0bebt70","trial_type":"external-html","trial_index":27,"time_elapsed":563194,"internal_node_id":"0.0-9.0-0.19"},{"rt":9314,"url":"../static/nodeGraphs.html","edge":"0to3","edgeRT":"8025","flipped":"FALSE","correct_edge":"0to3","index":"12","edgeClickLog":"[{\"edgeSelection\":\"0to3\",\"edgeRTMS\":7448},{\"edgeSelection\":\"0to3\",\"edgeRTMS\":8025}]","seed":" 36895371","task":"experiment","subjectId":"61ux1w0b0bebt70","trial_type":"external-html","trial_index":28,"time_elapsed":573183,"internal_node_id":"0.0-9.0-0.20"},{"rt":11207,"url":"../static/nodeGraphs.html","edge":"0to1","edgeRT":"7109","flipped":"FALSE","correct_edge":"0to2","index":"10","edgeClickLog":"[{\"edgeSelection\":\"0to1\",\"edgeRTMS\":7109}]","seed":" 39688702","task":"experiment","subjectId":"61ux1w0b0bebt70","trial_type":"external-html","trial_index":29,"time_elapsed":585068,"internal_node_id":"0.0-9.0-0.21"},{"rt":9191,"url":"../static/nodeGraphs.html","edge":"0to1","edgeRT":"6840","flipped":"FALSE","correct_edge":"0to1","index":"0","edgeClickLog":"[{\"edgeSelection\":\"0to1\",\"edgeRTMS\":6840}]","seed":" 21745736","task":"experiment","subjectId":"61ux1w0b0bebt70","trial_type":"external-html","trial_index":30,"time_elapsed":594944,"internal_node_id":"0.0-9.0-0.22"},{"rt":13594,"url":"../static/nodeGraphs.html","edge":"0to3","edgeRT":"12195","flipped":"TRUE","correct_edge":"6to8","index":"21","edgeClickLog":"[{\"edgeSelection\":\"0to3\",\"edgeRTMS\":6468},{\"edgeSelection\":\"0to3\",\"edgeRTMS\":12195}]","seed":" 32816305","task":"experiment","subjectId":"61ux1w0b0bebt70","trial_type":"external-html","trial_index":31,"time_elapsed":609215,"internal_node_id":"0.0-9.0-0.23"},{"rt":12259,"url":"../static/nodeGraphs.html","edge":"0to1","edgeRT":"3330","flipped":"FALSE","correct_edge":"5to9","index":"16","edgeClickLog":"[{\"edgeSelection\":\"0to1\",\"edgeRTMS\":3330}]","seed":" 5655743","task":"experiment","subjectId":"61ux1w0b0bebt70","trial_type":"external-html","trial_index":32,"time_elapsed":622145,"internal_node_id":"0.0-9.0-0.24"},{"rt":12145,"url":"../static/nodeGraphs.html","edge":"0to1","edgeRT":"11174","flipped":"FALSE","correct_edge":"0to1","index":"19","edgeClickLog":"[{\"edgeSelection\":\"0to1\",\"edgeRTMS\":2042},{\"edgeSelection\":\"1to4\",\"edgeRTMS\":5717},{\"edgeSelection\":\"0to1\",\"edgeRTMS\":6533},{\"edgeSelection\":\"0to1\",\"edgeRTMS\":7128},{\"edgeSelection\":\"1to4\",\"edgeRTMS\":8867},{\"edgeSelection\":\"1to4\",\"edgeRTMS\":10399},{\"edgeSelection\":\"0to1\",\"edgeRTMS\":11174}]","seed":" 37422119","task":"experiment","subjectId":"61ux1w0b0bebt70","trial_type":"external-html","trial_index":33,"time_elapsed":634962,"internal_node_id":"0.0-9.0-0.25"},{"rt":5245,"url":"../static/nodeGraphs.html","edge":"0to2","edgeRT":"2695","flipped":"FALSE","correct_edge":"0to2","index":"11","edgeClickLog":"[{\"edgeSelection\":\"0to2\",\"edgeRTMS\":2695}]","seed":" 63833578","task":"experiment","subjectId":"61ux1w0b0bebt70","trial_type":"external-html","trial_index":34,"time_elapsed":640874,"internal_node_id":"0.0-9.0-0.26"},{"rt":5814,"url":"../static/nodeGraphs.html","edge":"0to2","edgeRT":"1925","flipped":"TRUE","correct_edge":"0to2","index":"37","edgeClickLog":"[{\"edgeSelection\":\"0to2\",\"edgeRTMS\":1925}]","seed":" 21211189","task":"experiment","subjectId":"61ux1w0b0bebt70","trial_type":"external-html","trial_index":35,"time_elapsed":647372,"internal_node_id":"0.0-9.0-0.27"},{"rt":8943,"url":"../static/nodeGraphs.html","edge":"0to2","edgeRT":"6555","flipped":"FALSE","correct_edge":"0to2","index":"7","edgeClickLog":"[{\"edgeSelection\":\"0to2\",\"edgeRTMS\":6555}]","seed":" 85614324","task":"experiment","subjectId":"61ux1w0b0bebt70","trial_type":"external-html","trial_index":36,"time_elapsed":656987,"internal_node_id":"0.0-9.0-0.28"},{"rt":3103,"url":"../static/nodeGraphs.html","edge":"0to3","edgeRT":"1939","flipped":"TRUE","correct_edge":"0to3","index":"39","edgeClickLog":"[{\"edgeSelection\":\"0to3\",\"edgeRTMS\":1939}]","seed":" 37422119","task":"experiment","subjectId":"61ux1w0b0bebt70","trial_type":"external-html","trial_index":37,"time_elapsed":660768,"internal_node_id":"0.0-9.0-0.29"},{"rt":5805,"url":"../static/nodeGraphs.html","edge":"0to3","edgeRT":"2467","flipped":"FALSE","correct_edge":"4to7","index":"6","edgeClickLog":"[{\"edgeSelection\":\"0to3\",\"edgeRTMS\":2467}]","seed":" 13523788","task":"experiment","subjectId":"61ux1w0b0bebt70","trial_type":"external-html","trial_index":38,"time_elapsed":667239,"internal_node_id":"0.0-9.0-0.30"},{"rt":6113,"url":"../static/nodeGraphs.html","edge":"0to2","edgeRT":"4872","flipped":"TRUE","correct_edge":"0to2","index":"33","edgeClickLog":"[{\"edgeSelection\":\"0to2\",\"edgeRTMS\":4872}]","seed":" 49587019","task":"experiment","subjectId":"61ux1w0b0bebt70","trial_type":"external-html","trial_index":39,"time_elapsed":674037,"internal_node_id":"0.0-9.0-0.31"},{"rt":4847,"url":"../static/nodeGraphs.html","edge":"0to1","edgeRT":"3396","flipped":"TRUE","correct_edge":"6to9","index":"26","edgeClickLog":"[{\"edgeSelection\":\"0to1\",\"edgeRTMS\":3396}]","seed":" 13523788","task":"experiment","subjectId":"61ux1w0b0bebt70","trial_type":"external-html","trial_index":40,"time_elapsed":679560,"internal_node_id":"0.0-9.0-0.32"},{"rt":4378,"url":"../static/nodeGraphs.html","edge":"0to2","edgeRT":"3214","flipped":"FALSE","correct_edge":"3to5","index":"18","edgeClickLog":"[{\"edgeSelection\":\"0to2\",\"edgeRTMS\":1732},{\"edgeSelection\":\"0to2\",\"edgeRTMS\":3214}]","seed":" 22181670","task":"experiment","subjectId":"61ux1w0b0bebt70","trial_type":"external-html","trial_index":41,"time_elapsed":684621,"internal_node_id":"0.0-9.0-0.33"},{"rt":4098,"url":"../static/nodeGraphs.html","edge":"0to1","edgeRT":"2272","flipped":"TRUE","correct_edge":"2to4","index":"35","edgeClickLog":"[{\"edgeSelection\":\"0to1\",\"edgeRTMS\":2272}]","seed":" 53220770","task":"experiment","subjectId":"61ux1w0b0bebt70","trial_type":"external-html","trial_index":42,"time_elapsed":689403,"internal_node_id":"0.0-9.0-0.34"},{"rt":9358,"url":"../static/nodeGraphs.html","edge":"0to2","edgeRT":"6220","flipped":"TRUE","correct_edge":"0to2","index":"28","edgeClickLog":"[{\"edgeSelection\":\"0to3\",\"edgeRTMS\":3823},{\"edgeSelection\":\"0to3\",\"edgeRTMS\":4456},{\"edgeSelection\":\"0to3\",\"edgeRTMS\":4864},{\"edgeSelection\":\"0to2\",\"edgeRTMS\":6220}]","seed":" 8396978","task":"experiment","subjectId":"61ux1w0b0bebt70","trial_type":"external-html","trial_index":43,"time_elapsed":699443,"internal_node_id":"0.0-9.0-0.35"},{"rt":4871,"url":"../static/nodeGraphs.html","edge":"3to6","edgeRT":"2859","flipped":"TRUE","correct_edge":"3to6","index":"22","edgeClickLog":"[{\"edgeSelection\":\"3to6\",\"edgeRTMS\":2859}]","seed":" 22809663","task":"experiment","subjectId":"61ux1w0b0bebt70","trial_type":"external-html","trial_index":44,"time_elapsed":704996,"internal_node_id":"0.0-9.0-0.36"},{"rt":4794,"url":"../static/nodeGraphs.html","edge":"0to1","edgeRT":"2403","flipped":"TRUE","correct_edge":"0to1","index":"32","edgeClickLog":"[{\"edgeSelection\":\"0to1\",\"edgeRTMS\":2403}]","seed":" 36895371","task":"experiment","subjectId":"61ux1w0b0bebt70","trial_type":"external-html","trial_index":45,"time_elapsed":710463,"internal_node_id":"0.0-9.0-0.37"},{"rt":3615,"url":"../static/nodeGraphs.html","edge":"0to2","edgeRT":"2402","flipped":"FALSE","correct_edge":"0to2","index":"17","edgeClickLog":"[{\"edgeSelection\":\"0to2\",\"edgeRTMS\":2402}]","seed":" 21211189","task":"experiment","subjectId":"61ux1w0b0bebt70","trial_type":"external-html","trial_index":46,"time_elapsed":714749,"internal_node_id":"0.0-9.0-0.38"},{"rt":3814,"url":"../static/nodeGraphs.html","edge":"0to3","edgeRT":"2135","flipped":"TRUE","correct_edge":"5to8","index":"23","edgeClickLog":"[{\"edgeSelection\":\"0to3\",\"edgeRTMS\":2135}]","seed":" 46003743","task":"experiment","subjectId":"61ux1w0b0bebt70","trial_type":"external-html","trial_index":47,"time_elapsed":719234,"internal_node_id":"0.0-9.0-0.39"},{"rt":61996,"response":{"P0_Q0":null,"P0_Q1":4,"P0_Q2":5,"P0_Q3":7,"P0_Q4":5,"P0_Q5":3,"strategies":"Don't miss numbers up high. ","feedback":""},"accuracy":[],"trial_type":"survey","trial_index":48,"time_elapsed":781776,"internal_node_id":"0.0-10.0"},{"rt":2693,"stimulus":"<p>Thanks for your time!</p>        <p>We need to manually calculate your bonus pay, please give us up to 7 days.</p><p>Press any key to conclude.</p>","response":" ","task":"end","subjectId":"61ux1w0b0bebt70","trial_type":"html-keyboard-response","trial_index":49,"time_elapsed":784470,"internal_node_id":"0.0-11.0","interactions":"[{\"event\":\"fullscreenenter\",\"trial\":1,\"time\":3603},{\"event\":\"blur\",\"trial\":4,\"time\":130844},{\"event\":\"focus\",\"trial\":4,\"time\":130844},{\"event\":\"blur\",\"trial\":8,\"time\":274443},{\"event\":\"focus\",\"trial\":8,\"time\":274443},{\"event\":\"blur\",\"trial\":21,\"time\":488903},{\"event\":\"focus\",\"trial\":21,\"time\":492015}]"}]