[{"success":true,"timeout":false,"failed_images":[],"failed_audio":[],"failed_video":[],"trial_type":"preload","trial_index":0,"time_elapsed":887,"internal_node_id":"0.0-0.0"},{"success":true,"trial_type":"fullscreen","trial_index":1,"time_elapsed":3331,"internal_node_id":"0.0-1.0"},{"rt":1441,"stimulus":"Welcome to the experiment. Press any key to begin.","response":" ","trial_type":"html-keyboard-response","trial_index":2,"time_elapsed":4773,"internal_node_id":"0.0-2.0"},{"view_history":[{"page_index":0,"viewing_time":4955},{"page_index":1,"viewing_time":5121},{"page_index":2,"viewing_time":26700},{"page_index":3,"viewing_time":7020},{"page_index":4,"viewing_time":1622},{"page_index":5,"viewing_time":842},{"page_index":6,"viewing_time":1573},{"page_index":7,"viewing_time":8787},{"page_index":8,"viewing_time":24690},{"page_index":9,"viewing_time":54141},{"page_index":10,"viewing_time":1445},{"page_index":11,"viewing_time":415},{"page_index":12,"viewing_time":446},{"page_index":13,"viewing_time":1110},{"page_index":14,"viewing_time":2048},{"page_index":15,"viewing_time":7798},{"page_index":16,"viewing_time":2308},{"page_index":17,"viewing_time":385},{"page_index":18,"viewing_time":426},{"page_index":19,"viewing_time":10929},{"page_index":20,"viewing_time":6587},{"page_index":21,"viewing_time":5599}],"rt":174946,"trial_type":"instructions","trial_index":3,"time_elapsed":179720,"internal_node_id":"0.0-3.0"},{"rt":75481,"url":"../static/nodeGraphsTraining.html","edgeClickLog":[],"trial_type":"external-html","trial_index":4,"time_elapsed":255361,"internal_node_id":"0.0-4.0"},{"rt":31478,"response":{"q1":"The goal is to help the student to get the most points","q2":"False","q3":"Possible paths the student can take.","q4":"Paths that the student took before."},"question_order":[0,1,2,3],"trial_type":"survey-multi-choice","trial_index":5,"time_elapsed":286842,"internal_node_id":"0.0-5.0"},{"rt":5679,"stimulus":"<p>You can take a 60 second break before starting the experiment.</p><br><br><p>This page will advance in 60 seconds or you can press any key to advance now.</p>","response":" ","trial_type":"html-keyboard-response","trial_index":6,"time_elapsed":292525,"internal_node_id":"0.0-7.0"},{"view_history":[{"page_index":0,"viewing_time":26427}],"rt":26428,"trial_type":"instructions","trial_index":7,"time_elapsed":318954,"internal_node_id":"0.0-8.0"},{"rt":25799,"url":"../static/nodeGraphs.html","edge":"3to6","edgeRT":"15336","flipped":"TRUE","correct_edge":"0to2","index":"28","edgeClickLog":"[{\"edgeSelection\":\"3to6\",\"edgeRTMS\":15336}]","seed":" 8396978","task":"experiment","subjectId":"slz3ubon9xrqkd2","trial_type":"external-html","trial_index":8,"time_elapsed":344868,"internal_node_id":"0.0-9.0-0.0"},{"rt":10565,"url":"../static/nodeGraphs.html","edge":"0to3","edgeRT":"9556","flipped":"FALSE","correct_edge":"0to3","index":"12","edgeClickLog":"[{\"edgeSelection\":\"0to3\",\"edgeRTMS\":9556}]","seed":" 36895371","task":"experiment","subjectId":"slz3ubon9xrqkd2","trial_type":"external-html","trial_index":9,"time_elapsed":356101,"internal_node_id":"0.0-9.0-0.1"},{"rt":5649,"url":"../static/nodeGraphs.html","edge":"5to9","edgeRT":"4698","flipped":"TRUE","correct_edge":"0to1","index":"29","edgeClickLog":"[{\"edgeSelection\":\"5to9\",\"edgeRTMS\":4698}]","seed":" 61187187","task":"experiment","subjectId":"slz3ubon9xrqkd2","trial_type":"external-html","trial_index":10,"time_elapsed":362361,"internal_node_id":"0.0-9.0-0.2"},{"rt":8605,"url":"../static/nodeGraphs.html","edge":"0to3","edgeRT":"7257","flipped":"TRUE","correct_edge":"0to3","index":"20","edgeClickLog":"[{\"edgeSelection\":\"0to3\",\"edgeRTMS\":7257}]","seed":" 21745736","task":"experiment","subjectId":"slz3ubon9xrqkd2","trial_type":"external-html","trial_index":11,"time_elapsed":371573,"internal_node_id":"0.0-9.0-0.3"},{"rt":13867,"url":"../static/nodeGraphs.html","edge":"0to3","edgeRT":"12763","flipped":"TRUE","correct_edge":"0to2","index":"34","edgeClickLog":"[{\"edgeSelection\":\"0to3\",\"edgeRTMS\":12763}]","seed":" 21083760","task":"experiment","subjectId":"slz3ubon9xrqkd2","trial_type":"external-html","trial_index":12,"time_elapsed":386057,"internal_node_id":"0.0-9.0-0.4"},{"rt":5764,"url":"../static/nodeGraphs.html","edge":"5to7","edgeRT":"4663","flipped":"TRUE","correct_edge":"0to2","index":"33","edgeClickLog":"[{\"edgeSelection\":\"5to7\",\"edgeRTMS\":4663}]","seed":" 49587019","task":"experiment","subjectId":"slz3ubon9xrqkd2","trial_type":"external-html","trial_index":13,"time_elapsed":392439,"internal_node_id":"0.0-9.0-0.5"},{"rt":5834,"url":"../static/nodeGraphs.html","edge":"0to3","edgeRT":"4897","flipped":"FALSE","correct_edge":"4to7","index":"6","edgeClickLog":"[{\"edgeSelection\":\"0to3\",\"edgeRTMS\":4897}]","seed":" 13523788","task":"experiment","subjectId":"slz3ubon9xrqkd2","trial_type":"external-html","trial_index":14,"time_elapsed":398879,"internal_node_id":"0.0-9.0-0.6"},{"rt":5018,"url":"../static/nodeGraphs.html","edge":"5to8","edgeRT":"4266","flipped":"FALSE","correct_edge":"5to8","index":"3","edgeClickLog":"[{\"edgeSelection\":\"5to8\",\"edgeRTMS\":4266}]","seed":" 46003743","task":"experiment","subjectId":"slz3ubon9xrqkd2","trial_type":"external-html","trial_index":15,"time_elapsed":404541,"internal_node_id":"0.0-9.0-0.7"},{"rt":8252,"url":"../static/nodeGraphs.html","edge":"0to2","edgeRT":"6700","flipped":"TRUE","correct_edge":"0to2","index":"30","edgeClickLog":"[{\"edgeSelection\":\"0to2\",\"edgeRTMS\":6700}]","seed":" 39688702","task":"experiment","subjectId":"slz3ubon9xrqkd2","trial_type":"external-html","trial_index":16,"time_elapsed":413443,"internal_node_id":"0.0-9.0-0.8"},{"rt":5854,"url":"../static/nodeGraphs.html","edge":"3to5","edgeRT":"4724","flipped":"FALSE","correct_edge":"0to2","index":"7","edgeClickLog":"[{\"edgeSelection\":\"3to5\",\"edgeRTMS\":3294},{\"edgeSelection\":\"3to5\",\"edgeRTMS\":4724}]","seed":" 85614324","task":"experiment","subjectId":"slz3ubon9xrqkd2","trial_type":"external-html","trial_index":17,"time_elapsed":419907,"internal_node_id":"0.0-9.0-0.9"},{"rt":7056,"url":"../static/nodeGraphs.html","edge":"2to4","edgeRT":"5222","flipped":"FALSE","correct_edge":"2to4","index":"4","edgeClickLog":"[{\"edgeSelection\":\"2to4\",\"edgeRTMS\":5222}]","seed":" 36501291","task":"experiment","subjectId":"slz3ubon9xrqkd2","trial_type":"external-html","trial_index":18,"time_elapsed":427587,"internal_node_id":"0.0-9.0-0.10"},{"rt":4135,"url":"../static/nodeGraphs.html","edge":"2to4","edgeRT":"2857","flipped":"TRUE","correct_edge":"2to4","index":"35","edgeClickLog":"[{\"edgeSelection\":\"2to4\",\"edgeRTMS\":2857}]","seed":" 53220770","task":"experiment","subjectId":"slz3ubon9xrqkd2","trial_type":"external-html","trial_index":19,"time_elapsed":432335,"internal_node_id":"0.0-9.0-0.11"},{"rt":6566,"url":"../static/nodeGraphs.html","edge":"2to6","edgeRT":"2697","flipped":"TRUE","correct_edge":"2to6","index":"24","edgeClickLog":"[{\"edgeSelection\":\"2to6\",\"edgeRTMS\":2697}]","seed":" 36501291","task":"experiment","subjectId":"slz3ubon9xrqkd2","trial_type":"external-html","trial_index":20,"time_elapsed":439510,"internal_node_id":"0.0-9.0-0.12"},{"rt":6855,"url":"../static/nodeGraphs.html","edge":"3to6","edgeRT":"5775","flipped":"TRUE","correct_edge":"3to6","index":"22","edgeClickLog":"[{\"edgeSelection\":\"3to6\",\"edgeRTMS\":5775}]","seed":" 22809663","task":"experiment","subjectId":"slz3ubon9xrqkd2","trial_type":"external-html","trial_index":21,"time_elapsed":446983,"internal_node_id":"0.0-9.0-0.13"},{"rt":7191,"url":"../static/nodeGraphs.html","edge":"3to5","edgeRT":"6414","flipped":"FALSE","correct_edge":"5to9","index":"16","edgeClickLog":"[{\"edgeSelection\":\"3to5\",\"edgeRTMS\":6414}]","seed":" 5655743","task":"experiment","subjectId":"slz3ubon9xrqkd2","trial_type":"external-html","trial_index":22,"time_elapsed":454787,"internal_node_id":"0.0-9.0-0.14"},{"rt":7303,"url":"../static/nodeGraphs.html","edge":"5to7","edgeRT":"6188","flipped":"FALSE","correct_edge":"0to3","index":"9","edgeClickLog":"[{\"edgeSelection\":\"5to7\",\"edgeRTMS\":6188}]","seed":" 61187187","task":"experiment","subjectId":"slz3ubon9xrqkd2","trial_type":"external-html","trial_index":23,"time_elapsed":462718,"internal_node_id":"0.0-9.0-0.15"},{"rt":3090,"url":"../static/nodeGraphs.html","edge":"6to8","edgeRT":"2103","flipped":"TRUE","correct_edge":"6to8","index":"21","edgeClickLog":"[{\"edgeSelection\":\"6to8\",\"edgeRTMS\":2103}]","seed":" 32816305","task":"experiment","subjectId":"slz3ubon9xrqkd2","trial_type":"external-html","trial_index":24,"time_elapsed":466415,"internal_node_id":"0.0-9.0-0.16"},{"rt":3602,"url":"../static/nodeGraphs.html","edge":"2to6","edgeRT":"2731","flipped":"TRUE","correct_edge":"2to6","index":"25","edgeClickLog":"[{\"edgeSelection\":\"2to6\",\"edgeRTMS\":2731}]","seed":" 10409262","task":"experiment","subjectId":"slz3ubon9xrqkd2","trial_type":"external-html","trial_index":25,"time_elapsed":470619,"internal_node_id":"0.0-9.0-0.17"},{"rt":7164,"url":"../static/nodeGraphs.html","edge":"3to5","edgeRT":"4821","flipped":"TRUE","correct_edge":"0to2","index":"37","edgeClickLog":"[{\"edgeSelection\":\"3to5\",\"edgeRTMS\":4821}]","seed":" 21211189","task":"experiment","subjectId":"slz3ubon9xrqkd2","trial_type":"external-html","trial_index":26,"time_elapsed":478395,"internal_node_id":"0.0-9.0-0.18"},{"rt":10145,"url":"../static/nodeGraphs.html","edge":"2to6","edgeRT":"7761","flipped":"FALSE","correct_edge":"2to6","index":"15","edgeClickLog":"[{\"edgeSelection\":\"2to6\",\"edgeRTMS\":7761}]","seed":" 53220770","task":"experiment","subjectId":"slz3ubon9xrqkd2","trial_type":"external-html","trial_index":27,"time_elapsed":489155,"internal_node_id":"0.0-9.0-0.19"},{"rt":8409,"url":"../static/nodeGraphs.html","edge":"0to2","edgeRT":"4857","flipped":"FALSE","correct_edge":"0to2","index":"17","edgeClickLog":"[{\"edgeSelection\":\"0to2\",\"edgeRTMS\":4857}]","seed":" 21211189","task":"experiment","subjectId":"slz3ubon9xrqkd2","trial_type":"external-html","trial_index":28,"time_elapsed":498173,"internal_node_id":"0.0-9.0-0.20"},{"rt":5097,"url":"../static/nodeGraphs.html","edge":"0to1","edgeRT":"3726","flipped":"FALSE","correct_edge":"0to1","index":"0","edgeClickLog":"[{\"edgeSelection\":\"0to1\",\"edgeRTMS\":3726}]","seed":" 21745736","task":"experiment","subjectId":"slz3ubon9xrqkd2","trial_type":"external-html","trial_index":29,"time_elapsed":503875,"internal_node_id":"0.0-9.0-0.21"},{"rt":8229,"url":"../static/nodeGraphs.html","edge":"1to4","edgeRT":"7501","flipped":"FALSE","correct_edge":"0to2","index":"8","edgeClickLog":"[{\"edgeSelection\":\"1to4\",\"edgeRTMS\":7501}]","seed":" 8396978","task":"experiment","subjectId":"slz3ubon9xrqkd2","trial_type":"external-html","trial_index":30,"time_elapsed":513002,"internal_node_id":"0.0-9.0-0.22"},{"rt":3939,"url":"../static/nodeGraphs.html","edge":"2to4","edgeRT":"2197","flipped":"FALSE","correct_edge":"2to4","index":"5","edgeClickLog":"[{\"edgeSelection\":\"2to4\",\"edgeRTMS\":2197}]","seed":" 10409262","task":"experiment","subjectId":"slz3ubon9xrqkd2","trial_type":"external-html","trial_index":31,"time_elapsed":517620,"internal_node_id":"0.0-9.0-0.23"},{"rt":7290,"url":"../static/nodeGraphs.html","edge":"0to1","edgeRT":"6291","flipped":"TRUE","correct_edge":"0to2","index":"31","edgeClickLog":"[{\"edgeSelection\":\"0to1\",\"edgeRTMS\":6291}]","seed":" 63833578","task":"experiment","subjectId":"slz3ubon9xrqkd2","trial_type":"external-html","trial_index":32,"time_elapsed":525517,"internal_node_id":"0.0-9.0-0.24"},{"rt":7600,"url":"../static/nodeGraphs.html","edge":"5to8","edgeRT":"4722","flipped":"TRUE","correct_edge":"5to8","index":"23","edgeClickLog":"[{\"edgeSelection\":\"5to8\",\"edgeRTMS\":4722}]","seed":" 46003743","task":"experiment","subjectId":"slz3ubon9xrqkd2","trial_type":"external-html","trial_index":33,"time_elapsed":533723,"internal_node_id":"0.0-9.0-0.25"},{"rt":5482,"url":"../static/nodeGraphs.html","edge":"1to4","edgeRT":"4305","flipped":"FALSE","correct_edge":"1to4","index":"2","edgeClickLog":"[{\"edgeSelection\":\"1to4\",\"edgeRTMS\":3653},{\"edgeSelection\":\"1to4\",\"edgeRTMS\":4305}]","seed":" 22809663","task":"experiment","subjectId":"slz3ubon9xrqkd2","trial_type":"external-html","trial_index":34,"time_elapsed":539813,"internal_node_id":"0.0-9.0-0.26"},{"rt":5189,"url":"../static/nodeGraphs.html","edge":"0to2","edgeRT":"3894","flipped":"TRUE","correct_edge":"1to5","index":"38","edgeClickLog":"[{\"edgeSelection\":\"0to2\",\"edgeRTMS\":3894}]","seed":" 22181670","task":"experiment","subjectId":"slz3ubon9xrqkd2","trial_type":"external-html","trial_index":35,"time_elapsed":545619,"internal_node_id":"0.0-9.0-0.27"},{"rt":4094,"url":"../static/nodeGraphs.html","edge":"0to2","edgeRT":"3147","flipped":"TRUE","correct_edge":"0to2","index":"27","edgeClickLog":"[{\"edgeSelection\":\"0to2\",\"edgeRTMS\":1610},{\"edgeSelection\":\"0to2\",\"edgeRTMS\":3147}]","seed":" 85614324","task":"experiment","subjectId":"slz3ubon9xrqkd2","trial_type":"external-html","trial_index":36,"time_elapsed":550337,"internal_node_id":"0.0-9.0-0.28"},{"rt":4371,"url":"../static/nodeGraphs.html","edge":"4to8","edgeRT":"3308","flipped":"FALSE","correct_edge":"4to8","index":"1","edgeClickLog":"[{\"edgeSelection\":\"5to7\",\"edgeRTMS\":2688},{\"edgeSelection\":\"4to8\",\"edgeRTMS\":3308}]","seed":" 32816305","task":"experiment","subjectId":"slz3ubon9xrqkd2","trial_type":"external-html","trial_index":37,"time_elapsed":555327,"internal_node_id":"0.0-9.0-0.29"},{"rt":16613,"url":"../static/nodeGraphs.html","edge":"5to7","edgeRT":"15951","flipped":"FALSE","correct_edge":"0to2","index":"13","edgeClickLog":"[{\"edgeSelection\":\"5to7\",\"edgeRTMS\":15951}]","seed":" 49587019","task":"experiment","subjectId":"slz3ubon9xrqkd2","trial_type":"external-html","trial_index":38,"time_elapsed":572546,"internal_node_id":"0.0-9.0-0.30"},{"rt":4751,"url":"../static/nodeGraphs.html","edge":"5to9","edgeRT":"2389","flipped":"TRUE","correct_edge":"0to3","index":"39","edgeClickLog":"[{\"edgeSelection\":\"5to9\",\"edgeRTMS\":2389}]","seed":" 37422119","task":"experiment","subjectId":"slz3ubon9xrqkd2","trial_type":"external-html","trial_index":39,"time_elapsed":577920,"internal_node_id":"0.0-9.0-0.31"},{"rt":7440,"url":"../static/nodeGraphs.html","edge":"1to5","edgeRT":"4863","flipped":"TRUE","correct_edge":"5to7","index":"36","edgeClickLog":"[{\"edgeSelection\":\"1to5\",\"edgeRTMS\":4863}]","seed":" 5655743","task":"experiment","subjectId":"slz3ubon9xrqkd2","trial_type":"external-html","trial_index":40,"time_elapsed":585973,"internal_node_id":"0.0-9.0-0.32"},{"rt":7825,"url":"../static/nodeGraphs.html","edge":"0to1","edgeRT":"6856","flipped":"FALSE","correct_edge":"0to2","index":"14","edgeClickLog":"[{\"edgeSelection\":\"0to1\",\"edgeRTMS\":5061},{\"edgeSelection\":\"0to1\",\"edgeRTMS\":6856}]","seed":" 21083760","task":"experiment","subjectId":"slz3ubon9xrqkd2","trial_type":"external-html","trial_index":41,"time_elapsed":594411,"internal_node_id":"0.0-9.0-0.33"},{"rt":3507,"url":"../static/nodeGraphs.html","edge":"5to7","edgeRT":"2456","flipped":"FALSE","correct_edge":"0to1","index":"19","edgeClickLog":"[{\"edgeSelection\":\"5to7\",\"edgeRTMS\":2456}]","seed":" 37422119","task":"experiment","subjectId":"slz3ubon9xrqkd2","trial_type":"external-html","trial_index":42,"time_elapsed":598543,"internal_node_id":"0.0-9.0-0.34"},{"rt":6145,"url":"../static/nodeGraphs.html","edge":"0to2","edgeRT":"5191","flipped":"FALSE","correct_edge":"0to2","index":"10","edgeClickLog":"[{\"edgeSelection\":\"0to2\",\"edgeRTMS\":5191}]","seed":" 39688702","task":"experiment","subjectId":"slz3ubon9xrqkd2","trial_type":"external-html","trial_index":43,"time_elapsed":605295,"internal_node_id":"0.0-9.0-0.35"},{"rt":9897,"url":"../static/nodeGraphs.html","edge":"3to5","edgeRT":"8795","flipped":"FALSE","correct_edge":"3to5","index":"18","edgeClickLog":"[{\"edgeSelection\":\"0to2\",\"edgeRTMS\":5336},{\"edgeSelection\":\"3to5\",\"edgeRTMS\":8795}]","seed":" 22181670","task":"experiment","subjectId":"slz3ubon9xrqkd2","trial_type":"external-html","trial_index":44,"time_elapsed":615822,"internal_node_id":"0.0-9.0-0.36"},{"rt":17143,"url":"../static/nodeGraphs.html","edge":"5to9","edgeRT":"16174","flipped":"TRUE","correct_edge":"6to9","index":"26","edgeClickLog":"[{\"edgeSelection\":\"0to1\",\"edgeRTMS\":8400},{\"edgeSelection\":\"3to5\",\"edgeRTMS\":11421},{\"edgeSelection\":\"5to9\",\"edgeRTMS\":16174}]","seed":" 13523788","task":"experiment","subjectId":"slz3ubon9xrqkd2","trial_type":"external-html","trial_index":45,"time_elapsed":633564,"internal_node_id":"0.0-9.0-0.37"},{"rt":16913,"url":"../static/nodeGraphs.html","edge":"0to1","edgeRT":"10884","flipped":"TRUE","correct_edge":"0to1","index":"32","edgeClickLog":"[{\"edgeSelection\":\"0to1\",\"edgeRTMS\":9398},{\"edgeSelection\":\"0to1\",\"edgeRTMS\":10884}]","seed":" 36895371","task":"experiment","subjectId":"slz3ubon9xrqkd2","trial_type":"external-html","trial_index":46,"time_elapsed":651087,"internal_node_id":"0.0-9.0-0.38"},{"rt":7377,"url":"../static/nodeGraphs.html","edge":"1to4","edgeRT":"3183","flipped":"FALSE","correct_edge":"0to2","index":"11","edgeClickLog":"[{\"edgeSelection\":\"1to4\",\"edgeRTMS\":3183}]","seed":" 63833578","task":"experiment","subjectId":"slz3ubon9xrqkd2","trial_type":"external-html","trial_index":47,"time_elapsed":659077,"internal_node_id":"0.0-9.0-0.39"},{"rt":80892,"response":{"P0_Q0":null,"P0_Q1":5,"P0_Q2":6,"P0_Q3":6,"P0_Q4":6,"P0_Q5":2,"strategies":"I tried to show the clearest path to the most points by picking a high point option around their choices.","feedback":""},"accuracy":[],"trial_type":"survey","trial_index":48,"time_elapsed":740538,"internal_node_id":"0.0-10.0"},{"rt":4574,"stimulus":"<p>Thanks for your time!</p>        <p>We need to manually calculate your bonus pay, please give us up to 7 days.</p><p>Press any key to conclude.</p>","response":" ","task":"end","subjectId":"slz3ubon9xrqkd2","trial_type":"html-keyboard-response","trial_index":49,"time_elapsed":745114,"internal_node_id":"0.0-11.0","interactions":"[{\"event\":\"fullscreenenter\",\"trial\":1,\"time\":2352}]"}]