[{"success":true,"timeout":false,"failed_images":[],"failed_audio":[],"failed_video":[],"trial_type":"preload","trial_index":0,"time_elapsed":996,"internal_node_id":"0.0-0.0"},{"success":true,"trial_type":"fullscreen","trial_index":1,"time_elapsed":4175,"internal_node_id":"0.0-1.0"},{"rt":1650,"stimulus":"Welcome to the experiment. Press any key to begin.","response":" ","trial_type":"html-keyboard-response","trial_index":2,"time_elapsed":5828,"internal_node_id":"0.0-2.0"},{"view_history":[{"page_index":0,"viewing_time":2876},{"page_index":1,"viewing_time":6123},{"page_index":2,"viewing_time":28546},{"page_index":3,"viewing_time":3576},{"page_index":4,"viewing_time":1050},{"page_index":5,"viewing_time":594},{"page_index":6,"viewing_time":3681},{"page_index":7,"viewing_time":7679},{"page_index":8,"viewing_time":9810},{"page_index":9,"viewing_time":5372},{"page_index":10,"viewing_time":1360},{"page_index":11,"viewing_time":724},{"page_index":12,"viewing_time":682},{"page_index":13,"viewing_time":1445},{"page_index":14,"viewing_time":1614},{"page_index":15,"viewing_time":3713},{"page_index":16,"viewing_time":1896},{"page_index":17,"viewing_time":530},{"page_index":18,"viewing_time":914},{"page_index":19,"viewing_time":3770},{"page_index":20,"viewing_time":5673},{"page_index":21,"viewing_time":3461}],"rt":95088,"trial_type":"instructions","trial_index":3,"time_elapsed":100917,"internal_node_id":"0.0-3.0"},{"rt":39039,"url":"../static/nodeGraphsTraining.html","edgeClickLog":[],"trial_type":"external-html","trial_index":4,"time_elapsed":140162,"internal_node_id":"0.0-4.0"},{"rt":19112,"response":{"q1":"The goal is to help the student to get the most points","q2":"False","q3":"Possible paths the student can take.","q4":"Paths that the student took before."},"question_order":[0,1,2,3],"trial_type":"survey-multi-choice","trial_index":5,"time_elapsed":159280,"internal_node_id":"0.0-5.0"},{"rt":47225,"stimulus":"<p>You can take a 60 second break before starting the experiment.</p><br><br><p>This page will advance in 60 seconds or you can press any key to advance now.</p>","response":" ","trial_type":"html-keyboard-response","trial_index":6,"time_elapsed":206509,"internal_node_id":"0.0-7.0"},{"view_history":[{"page_index":0,"viewing_time":12287}],"rt":12288,"trial_type":"instructions","trial_index":7,"time_elapsed":218799,"internal_node_id":"0.0-8.0"},{"rt":27178,"url":"../static/nodeGraphs.html","edge":"1to5","edgeRT":"9325","flipped":"TRUE","correct_edge":"5to7","index":"36","edgeClickLog":"[{\"edgeSelection\":\"1to5\",\"edgeRTMS\":9325}]","seed":" 5655743","task":"experiment","subjectId":"og7uwpq3r3dgk0l","trial_type":"external-html","trial_index":8,"time_elapsed":246165,"internal_node_id":"0.0-9.0-0.0"},{"rt":15323,"url":"../static/nodeGraphs.html","edge":"0to2","edgeRT":"7973","flipped":"FALSE","correct_edge":"0to2","index":"8","edgeClickLog":"[{\"edgeSelection\":\"0to2\",\"edgeRTMS\":7973}]","seed":" 8396978","task":"experiment","subjectId":"og7uwpq3r3dgk0l","trial_type":"external-html","trial_index":9,"time_elapsed":262133,"internal_node_id":"0.0-9.0-0.1"},{"rt":17992,"url":"../static/nodeGraphs.html","edge":"5to8","edgeRT":"7828","flipped":"FALSE","correct_edge":"0to2","index":"17","edgeClickLog":"[{\"edgeSelection\":\"5to8\",\"edgeRTMS\":7828}]","seed":" 21211189","task":"experiment","subjectId":"og7uwpq3r3dgk0l","trial_type":"external-html","trial_index":10,"time_elapsed":280778,"internal_node_id":"0.0-9.0-0.2"},{"rt":16079,"url":"../static/nodeGraphs.html","edge":"5to8","edgeRT":"6980","flipped":"TRUE","correct_edge":"5to8","index":"23","edgeClickLog":"[{\"edgeSelection\":\"5to8\",\"edgeRTMS\":6980}]","seed":" 46003743","task":"experiment","subjectId":"og7uwpq3r3dgk0l","trial_type":"external-html","trial_index":11,"time_elapsed":297494,"internal_node_id":"0.0-9.0-0.3"},{"rt":8321,"url":"../static/nodeGraphs.html","edge":"6to8","edgeRT":"5245","flipped":"TRUE","correct_edge":"6to8","index":"21","edgeClickLog":"[{\"edgeSelection\":\"6to8\",\"edgeRTMS\":5245}]","seed":" 32816305","task":"experiment","subjectId":"og7uwpq3r3dgk0l","trial_type":"external-html","trial_index":12,"time_elapsed":306454,"internal_node_id":"0.0-9.0-0.4"},{"rt":15655,"url":"../static/nodeGraphs.html","edge":"2to4","edgeRT":"11803","flipped":"TRUE","correct_edge":"0to2","index":"33","edgeClickLog":"[{\"edgeSelection\":\"2to4\",\"edgeRTMS\":11803}]","seed":" 49587019","task":"experiment","subjectId":"og7uwpq3r3dgk0l","trial_type":"external-html","trial_index":13,"time_elapsed":322762,"internal_node_id":"0.0-9.0-0.5"},{"rt":25562,"url":"../static/nodeGraphs.html","edge":"5to8","edgeRT":"21939","flipped":"TRUE","correct_edge":"0to2","index":"27","edgeClickLog":"[{\"edgeSelection\":\"2to6\",\"edgeRTMS\":17481},{\"edgeSelection\":\"5to8\",\"edgeRTMS\":21939}]","seed":" 85614324","task":"experiment","subjectId":"og7uwpq3r3dgk0l","trial_type":"external-html","trial_index":14,"time_elapsed":348972,"internal_node_id":"0.0-9.0-0.6"},{"rt":18479,"url":"../static/nodeGraphs.html","edge":"0to2","edgeRT":"9743","flipped":"TRUE","correct_edge":"0to2","index":"31","edgeClickLog":"[{\"edgeSelection\":\"0to2\",\"edgeRTMS\":9743}]","seed":" 63833578","task":"experiment","subjectId":"og7uwpq3r3dgk0l","trial_type":"external-html","trial_index":15,"time_elapsed":368545,"internal_node_id":"0.0-9.0-0.7"},{"rt":11014,"url":"../static/nodeGraphs.html","edge":"1to4","edgeRT":"5920","flipped":"FALSE","correct_edge":"1to4","index":"2","edgeClickLog":"[{\"edgeSelection\":\"1to4\",\"edgeRTMS\":5920}]","seed":" 22809663","task":"experiment","subjectId":"og7uwpq3r3dgk0l","trial_type":"external-html","trial_index":16,"time_elapsed":380204,"internal_node_id":"0.0-9.0-0.8"},{"rt":18921,"url":"../static/nodeGraphs.html","edge":"3to6","edgeRT":"14738","flipped":"TRUE","correct_edge":"0to2","index":"34","edgeClickLog":"[{\"edgeSelection\":\"3to6\",\"edgeRTMS\":7190},{\"edgeSelection\":\"3to6\",\"edgeRTMS\":14738}]","seed":" 21083760","task":"experiment","subjectId":"og7uwpq3r3dgk0l","trial_type":"external-html","trial_index":17,"time_elapsed":399767,"internal_node_id":"0.0-9.0-0.9"},{"rt":23459,"url":"../static/nodeGraphs.html","edge":"1to5","edgeRT":"18872","flipped":"TRUE","correct_edge":"6to9","index":"26","edgeClickLog":"[{\"edgeSelection\":\"1to5\",\"edgeRTMS\":18872}]","seed":" 13523788","task":"experiment","subjectId":"og7uwpq3r3dgk0l","trial_type":"external-html","trial_index":18,"time_elapsed":423875,"internal_node_id":"0.0-9.0-0.10"},{"rt":16832,"url":"../static/nodeGraphs.html","edge":"2to5","edgeRT":"13644","flipped":"FALSE","correct_edge":"3to5","index":"18","edgeClickLog":"[{\"edgeSelection\":\"2to5\",\"edgeRTMS\":13644}]","seed":" 22181670","task":"experiment","subjectId":"og7uwpq3r3dgk0l","trial_type":"external-html","trial_index":19,"time_elapsed":441350,"internal_node_id":"0.0-9.0-0.11"},{"rt":10692,"url":"../static/nodeGraphs.html","edge":"4to8","edgeRT":"8413","flipped":"FALSE","correct_edge":"0to2","index":"10","edgeClickLog":"[{\"edgeSelection\":\"4to8\",\"edgeRTMS\":8413}]","seed":" 39688702","task":"experiment","subjectId":"og7uwpq3r3dgk0l","trial_type":"external-html","trial_index":20,"time_elapsed":452697,"internal_node_id":"0.0-9.0-0.12"},{"rt":30388,"url":"../static/nodeGraphs.html","edge":"3to6","edgeRT":"25758","flipped":"FALSE","correct_edge":"2to6","index":"15","edgeClickLog":"[{\"edgeSelection\":\"0to3\",\"edgeRTMS\":7089},{\"edgeSelection\":\"3to6\",\"edgeRTMS\":25758}]","seed":" 53220770","task":"experiment","subjectId":"og7uwpq3r3dgk0l","trial_type":"external-html","trial_index":21,"time_elapsed":483728,"internal_node_id":"0.0-9.0-0.13"},{"rt":23882,"url":"../static/nodeGraphs.html","edge":"0to1","edgeRT":"22273","flipped":"TRUE","correct_edge":"0to1","index":"32","edgeClickLog":"[{\"edgeSelection\":\"4to7\",\"edgeRTMS\":14559},{\"edgeSelection\":\"4to7\",\"edgeRTMS\":21396},{\"edgeSelection\":\"0to1\",\"edgeRTMS\":22273}]","seed":" 36895371","task":"experiment","subjectId":"og7uwpq3r3dgk0l","trial_type":"external-html","trial_index":22,"time_elapsed":508253,"internal_node_id":"0.0-9.0-0.14"},{"rt":14573,"url":"../static/nodeGraphs.html","edge":"5to8","edgeRT":"11952","flipped":"TRUE","correct_edge":"1to5","index":"38","edgeClickLog":"[{\"edgeSelection\":\"5to8\",\"edgeRTMS\":11952}]","seed":" 22181670","task":"experiment","subjectId":"og7uwpq3r3dgk0l","trial_type":"external-html","trial_index":23,"time_elapsed":523468,"internal_node_id":"0.0-9.0-0.15"},{"rt":11005,"url":"../static/nodeGraphs.html","edge":"1to4","edgeRT":"9703","flipped":"TRUE","correct_edge":"2to4","index":"35","edgeClickLog":"[{\"edgeSelection\":\"0to1\",\"edgeRTMS\":5631},{\"edgeSelection\":\"1to4\",\"edgeRTMS\":9703}]","seed":" 53220770","task":"experiment","subjectId":"og7uwpq3r3dgk0l","trial_type":"external-html","trial_index":24,"time_elapsed":535113,"internal_node_id":"0.0-9.0-0.16"},{"rt":9776,"url":"../static/nodeGraphs.html","edge":"0to3","edgeRT":"7484","flipped":"FALSE","correct_edge":"4to7","index":"6","edgeClickLog":"[{\"edgeSelection\":\"0to3\",\"edgeRTMS\":7484}]","seed":" 13523788","task":"experiment","subjectId":"og7uwpq3r3dgk0l","trial_type":"external-html","trial_index":25,"time_elapsed":545534,"internal_node_id":"0.0-9.0-0.17"},{"rt":9013,"url":"../static/nodeGraphs.html","edge":"0to2","edgeRT":"6517","flipped":"FALSE","correct_edge":"0to2","index":"13","edgeClickLog":"[{\"edgeSelection\":\"0to2\",\"edgeRTMS\":6517}]","seed":" 49587019","task":"experiment","subjectId":"og7uwpq3r3dgk0l","trial_type":"external-html","trial_index":26,"time_elapsed":555187,"internal_node_id":"0.0-9.0-0.18"},{"rt":4692,"url":"../static/nodeGraphs.html","edge":"0to3","edgeRT":"2702","flipped":"FALSE","correct_edge":"0to3","index":"9","edgeClickLog":"[{\"edgeSelection\":\"0to3\",\"edgeRTMS\":2702}]","seed":" 61187187","task":"experiment","subjectId":"og7uwpq3r3dgk0l","trial_type":"external-html","trial_index":27,"time_elapsed":560525,"internal_node_id":"0.0-9.0-0.19"},{"rt":9168,"url":"../static/nodeGraphs.html","edge":"2to6","edgeRT":"8055","flipped":"TRUE","correct_edge":"2to6","index":"25","edgeClickLog":"[{\"edgeSelection\":\"2to6\",\"edgeRTMS\":8055}]","seed":" 10409262","task":"experiment","subjectId":"og7uwpq3r3dgk0l","trial_type":"external-html","trial_index":28,"time_elapsed":570336,"internal_node_id":"0.0-9.0-0.20"},{"rt":7680,"url":"../static/nodeGraphs.html","edge":"2to6","edgeRT":"5576","flipped":"TRUE","correct_edge":"2to6","index":"24","edgeClickLog":"[{\"edgeSelection\":\"2to6\",\"edgeRTMS\":5576}]","seed":" 36501291","task":"experiment","subjectId":"og7uwpq3r3dgk0l","trial_type":"external-html","trial_index":29,"time_elapsed":578685,"internal_node_id":"0.0-9.0-0.21"},{"rt":5312,"url":"../static/nodeGraphs.html","edge":"1to5","edgeRT":"3584","flipped":"FALSE","correct_edge":"5to9","index":"16","edgeClickLog":"[{\"edgeSelection\":\"1to5\",\"edgeRTMS\":3584}]","seed":" 5655743","task":"experiment","subjectId":"og7uwpq3r3dgk0l","trial_type":"external-html","trial_index":30,"time_elapsed":584646,"internal_node_id":"0.0-9.0-0.22"},{"rt":9119,"url":"../static/nodeGraphs.html","edge":"1to4","edgeRT":"3577","flipped":"TRUE","correct_edge":"0to1","index":"29","edgeClickLog":"[{\"edgeSelection\":\"1to4\",\"edgeRTMS\":3577}]","seed":" 61187187","task":"experiment","subjectId":"og7uwpq3r3dgk0l","trial_type":"external-html","trial_index":31,"time_elapsed":594411,"internal_node_id":"0.0-9.0-0.23"},{"rt":12169,"url":"../static/nodeGraphs.html","edge":"0to3","edgeRT":"5795","flipped":"FALSE","correct_edge":"0to1","index":"0","edgeClickLog":"[{\"edgeSelection\":\"0to3\",\"edgeRTMS\":5795}]","seed":" 21745736","task":"experiment","subjectId":"og7uwpq3r3dgk0l","trial_type":"external-html","trial_index":32,"time_elapsed":607237,"internal_node_id":"0.0-9.0-0.24"},{"rt":7302,"url":"../static/nodeGraphs.html","edge":"2to5","edgeRT":"3771","flipped":"FALSE","correct_edge":"0to2","index":"7","edgeClickLog":"[{\"edgeSelection\":\"2to5\",\"edgeRTMS\":3771}]","seed":" 85614324","task":"experiment","subjectId":"og7uwpq3r3dgk0l","trial_type":"external-html","trial_index":33,"time_elapsed":615187,"internal_node_id":"0.0-9.0-0.25"},{"rt":12916,"url":"../static/nodeGraphs.html","edge":"1to4","edgeRT":"8850","flipped":"FALSE","correct_edge":"0to1","index":"19","edgeClickLog":"[{\"edgeSelection\":\"1to4\",\"edgeRTMS\":8850}]","seed":" 37422119","task":"experiment","subjectId":"og7uwpq3r3dgk0l","trial_type":"external-html","trial_index":34,"time_elapsed":628744,"internal_node_id":"0.0-9.0-0.26"},{"rt":7014,"url":"../static/nodeGraphs.html","edge":"2to4","edgeRT":"5757","flipped":"FALSE","correct_edge":"0to2","index":"11","edgeClickLog":"[{\"edgeSelection\":\"2to4\",\"edgeRTMS\":5757}]","seed":" 63833578","task":"experiment","subjectId":"og7uwpq3r3dgk0l","trial_type":"external-html","trial_index":35,"time_elapsed":636407,"internal_node_id":"0.0-9.0-0.27"},{"rt":5789,"url":"../static/nodeGraphs.html","edge":"5to8","edgeRT":"4722","flipped":"FALSE","correct_edge":"5to8","index":"3","edgeClickLog":"[{\"edgeSelection\":\"5to8\",\"edgeRTMS\":4722}]","seed":" 46003743","task":"experiment","subjectId":"og7uwpq3r3dgk0l","trial_type":"external-html","trial_index":36,"time_elapsed":642840,"internal_node_id":"0.0-9.0-0.28"},{"rt":7220,"url":"../static/nodeGraphs.html","edge":"2to6","edgeRT":"5867","flipped":"TRUE","correct_edge":"0to2","index":"28","edgeClickLog":"[{\"edgeSelection\":\"2to6\",\"edgeRTMS\":5867}]","seed":" 8396978","task":"experiment","subjectId":"og7uwpq3r3dgk0l","trial_type":"external-html","trial_index":37,"time_elapsed":650711,"internal_node_id":"0.0-9.0-0.29"},{"rt":11086,"url":"../static/nodeGraphs.html","edge":"0to3","edgeRT":"9135","flipped":"TRUE","correct_edge":"0to3","index":"20","edgeClickLog":"[{\"edgeSelection\":\"0to3\",\"edgeRTMS\":9135}]","seed":" 21745736","task":"experiment","subjectId":"og7uwpq3r3dgk0l","trial_type":"external-html","trial_index":38,"time_elapsed":662449,"internal_node_id":"0.0-9.0-0.30"},{"rt":8400,"url":"../static/nodeGraphs.html","edge":"2to5","edgeRT":"4057","flipped":"TRUE","correct_edge":"0to2","index":"37","edgeClickLog":"[{\"edgeSelection\":\"2to5\",\"edgeRTMS\":4057}]","seed":" 21211189","task":"experiment","subjectId":"og7uwpq3r3dgk0l","trial_type":"external-html","trial_index":39,"time_elapsed":671491,"internal_node_id":"0.0-9.0-0.31"},{"rt":12028,"url":"../static/nodeGraphs.html","edge":"6to8","edgeRT":"11073","flipped":"TRUE","correct_edge":"0to2","index":"30","edgeClickLog":"[{\"edgeSelection\":\"6to8\",\"edgeRTMS\":11073}]","seed":" 39688702","task":"experiment","subjectId":"og7uwpq3r3dgk0l","trial_type":"external-html","trial_index":40,"time_elapsed":684155,"internal_node_id":"0.0-9.0-0.32"},{"rt":9136,"url":"../static/nodeGraphs.html","edge":"2to4","edgeRT":"2722","flipped":"FALSE","correct_edge":"2to4","index":"4","edgeClickLog":"[{\"edgeSelection\":\"2to4\",\"edgeRTMS\":2722}]","seed":" 36501291","task":"experiment","subjectId":"og7uwpq3r3dgk0l","trial_type":"external-html","trial_index":41,"time_elapsed":693935,"internal_node_id":"0.0-9.0-0.33"},{"rt":7648,"url":"../static/nodeGraphs.html","edge":"0to3","edgeRT":"4070","flipped":"TRUE","correct_edge":"0to3","index":"39","edgeClickLog":"[{\"edgeSelection\":\"0to3\",\"edgeRTMS\":4070}]","seed":" 37422119","task":"experiment","subjectId":"og7uwpq3r3dgk0l","trial_type":"external-html","trial_index":42,"time_elapsed":702230,"internal_node_id":"0.0-9.0-0.34"},{"rt":8184,"url":"../static/nodeGraphs.html","edge":"0to3","edgeRT":"5693","flipped":"FALSE","correct_edge":"0to3","index":"12","edgeClickLog":"[{\"edgeSelection\":\"0to3\",\"edgeRTMS\":5693}]","seed":" 36895371","task":"experiment","subjectId":"og7uwpq3r3dgk0l","trial_type":"external-html","trial_index":43,"time_elapsed":711057,"internal_node_id":"0.0-9.0-0.35"},{"rt":14673,"url":"../static/nodeGraphs.html","edge":"4to8","edgeRT":"13751","flipped":"FALSE","correct_edge":"4to8","index":"1","edgeClickLog":"[{\"edgeSelection\":\"4to8\",\"edgeRTMS\":13751}]","seed":" 32816305","task":"experiment","subjectId":"og7uwpq3r3dgk0l","trial_type":"external-html","trial_index":44,"time_elapsed":726373,"internal_node_id":"0.0-9.0-0.36"},{"rt":4747,"url":"../static/nodeGraphs.html","edge":"3to6","edgeRT":"3009","flipped":"TRUE","correct_edge":"3to6","index":"22","edgeClickLog":"[{\"edgeSelection\":\"3to6\",\"edgeRTMS\":3009}]","seed":" 22809663","task":"experiment","subjectId":"og7uwpq3r3dgk0l","trial_type":"external-html","trial_index":45,"time_elapsed":731760,"internal_node_id":"0.0-9.0-0.37"},{"rt":24834,"url":"../static/nodeGraphs.html","edge":"2to4","edgeRT":"18299","flipped":"FALSE","correct_edge":"0to2","index":"14","edgeClickLog":"[{\"edgeSelection\":\"2to4\",\"edgeRTMS\":4798},{\"edgeSelection\":\"2to4\",\"edgeRTMS\":7191},{\"edgeSelection\":\"1to4\",\"edgeRTMS\":8180},{\"edgeSelection\":\"2to4\",\"edgeRTMS\":18299}]","seed":" 21083760","task":"experiment","subjectId":"og7uwpq3r3dgk0l","trial_type":"external-html","trial_index":46,"time_elapsed":757253,"internal_node_id":"0.0-9.0-0.38"},{"rt":9629,"url":"../static/nodeGraphs.html","edge":"2to4","edgeRT":"7639","flipped":"FALSE","correct_edge":"2to4","index":"5","edgeClickLog":"[{\"edgeSelection\":\"2to4\",\"edgeRTMS\":7639}]","seed":" 10409262","task":"experiment","subjectId":"og7uwpq3r3dgk0l","trial_type":"external-html","trial_index":47,"time_elapsed":767522,"internal_node_id":"0.0-9.0-0.39"},{"rt":47889,"response":{"P0_Q0":null,"P0_Q1":7,"P0_Q2":7,"P0_Q3":6,"P0_Q4":7,"P0_Q5":4,"strategies":"I added up possible points in my head and assumed the student would use logic and whatever knowledge they already had to fill in the blanks.","feedback":"No"},"accuracy":[],"trial_type":"survey","trial_index":48,"time_elapsed":816043,"internal_node_id":"0.0-10.0"},{"rt":3027,"stimulus":"<p>Thanks for your time!</p>        <p>We need to manually calculate your bonus pay, please give us up to 7 days.</p><p>Press any key to conclude.</p>","response":" ","task":"end","subjectId":"og7uwpq3r3dgk0l","trial_type":"html-keyboard-response","trial_index":49,"time_elapsed":819075,"internal_node_id":"0.0-11.0","interactions":"[{\"event\":\"fullscreenenter\",\"trial\":1,\"time\":3178}]"}]