[{"success":true,"timeout":false,"failed_images":[],"failed_audio":[],"failed_video":[],"trial_type":"preload","trial_index":0,"time_elapsed":833,"internal_node_id":"0.0-0.0"},{"success":true,"trial_type":"fullscreen","trial_index":1,"time_elapsed":24837,"internal_node_id":"0.0-1.0"},{"rt":4484,"stimulus":"Welcome to the experiment. Press any key to begin.","response":" ","trial_type":"html-keyboard-response","trial_index":2,"time_elapsed":29335,"internal_node_id":"0.0-2.0"},{"view_history":[{"page_index":0,"viewing_time":2899},{"page_index":1,"viewing_time":2961},{"page_index":2,"viewing_time":17666},{"page_index":3,"viewing_time":38999},{"page_index":4,"viewing_time":1554},{"page_index":5,"viewing_time":1338},{"page_index":6,"viewing_time":2246},{"page_index":7,"viewing_time":8037},{"page_index":8,"viewing_time":16449},{"page_index":9,"viewing_time":7220},{"page_index":10,"viewing_time":1737},{"page_index":11,"viewing_time":625},{"page_index":12,"viewing_time":567},{"page_index":13,"viewing_time":35926},{"page_index":14,"viewing_time":4420},{"page_index":15,"viewing_time":3845},{"page_index":16,"viewing_time":1052},{"page_index":17,"viewing_time":603},{"page_index":18,"viewing_time":917},{"page_index":19,"viewing_time":3303},{"page_index":20,"viewing_time":4310},{"page_index":21,"viewing_time":3201}],"rt":159876,"trial_type":"instructions","trial_index":3,"time_elapsed":189220,"internal_node_id":"0.0-3.0"},{"rt":233926,"url":"../static/nodeGraphsTraining.html","edgeClickLog":[],"trial_type":"external-html","trial_index":4,"time_elapsed":423355,"internal_node_id":"0.0-4.0"},{"rt":15149,"response":{"q1":"The goal is to help the student to get the most points","q2":"False","q3":"Possible paths the student can take.","q4":"Paths that the student took before."},"question_order":[0,1,2,3],"trial_type":"survey-multi-choice","trial_index":5,"time_elapsed":438517,"internal_node_id":"0.0-5.0"},{"rt":43848,"stimulus":"<p>You can take a 60 second break before starting the experiment.</p><br><br><p>This page will advance in 60 seconds or you can press any key to advance now.</p>","response":" ","trial_type":"html-keyboard-response","trial_index":6,"time_elapsed":482374,"internal_node_id":"0.0-7.0"},{"view_history":[{"page_index":0,"viewing_time":9807}],"rt":9808,"trial_type":"instructions","trial_index":7,"time_elapsed":492186,"internal_node_id":"0.0-8.0"},{"rt":23452,"url":"../static/nodeGraphs.html","edge":"4to7","edgeRT":"21773","flipped":"TRUE","correct_edge":"0to2","index":"30","edgeClickLog":"[{\"edgeSelection\":\"0to2\",\"edgeRTMS\":5975},{\"edgeSelection\":\"2to6\",\"edgeRTMS\":12395},{\"edgeSelection\":\"6to8\",\"edgeRTMS\":15641},{\"edgeSelection\":\"4to8\",\"edgeRTMS\":18175},{\"edgeSelection\":\"4to7\",\"edgeRTMS\":21028},{\"edgeSelection\":\"4to7\",\"edgeRTMS\":21773}]","seed":" 39688702","task":"experiment","subjectId":"4wfplx1pkfjtgh5","trial_type":"external-html","trial_index":8,"time_elapsed":515774,"internal_node_id":"0.0-9.0-0.0"},{"rt":16199,"url":"../static/nodeGraphs.html","edge":"5to8","edgeRT":"14638","flipped":"TRUE","correct_edge":"5to8","index":"23","edgeClickLog":"[{\"edgeSelection\":\"0to2\",\"edgeRTMS\":9868},{\"edgeSelection\":\"2to5\",\"edgeRTMS\":12717},{\"edgeSelection\":\"5to8\",\"edgeRTMS\":14638}]","seed":" 46003743","task":"experiment","subjectId":"4wfplx1pkfjtgh5","trial_type":"external-html","trial_index":9,"time_elapsed":532591,"internal_node_id":"0.0-9.0-0.1"},{"rt":17008,"url":"../static/nodeGraphs.html","edge":"5to7","edgeRT":"15500","flipped":"FALSE","correct_edge":"0to3","index":"12","edgeClickLog":"[{\"edgeSelection\":\"0to3\",\"edgeRTMS\":1954},{\"edgeSelection\":\"3to5\",\"edgeRTMS\":7105},{\"edgeSelection\":\"5to7\",\"edgeRTMS\":15500}]","seed":" 36895371","task":"experiment","subjectId":"4wfplx1pkfjtgh5","trial_type":"external-html","trial_index":10,"time_elapsed":550231,"internal_node_id":"0.0-9.0-0.2"},{"rt":10106,"url":"../static/nodeGraphs.html","edge":"6to8","edgeRT":"8770","flipped":"TRUE","correct_edge":"2to6","index":"24","edgeClickLog":"[{\"edgeSelection\":\"0to2\",\"edgeRTMS\":2502},{\"edgeSelection\":\"2to6\",\"edgeRTMS\":4408},{\"edgeSelection\":\"6to8\",\"edgeRTMS\":8770}]","seed":" 36501291","task":"experiment","subjectId":"4wfplx1pkfjtgh5","trial_type":"external-html","trial_index":11,"time_elapsed":560951,"internal_node_id":"0.0-9.0-0.3"},{"rt":12615,"url":"../static/nodeGraphs.html","edge":"4to7","edgeRT":"10685","flipped":"TRUE","correct_edge":"0to2","index":"33","edgeClickLog":"[{\"edgeSelection\":\"0to3\",\"edgeRTMS\":2469},{\"edgeSelection\":\"0to2\",\"edgeRTMS\":3837},{\"edgeSelection\":\"2to4\",\"edgeRTMS\":8337},{\"edgeSelection\":\"4to7\",\"edgeRTMS\":10685}]","seed":" 49587019","task":"experiment","subjectId":"4wfplx1pkfjtgh5","trial_type":"external-html","trial_index":12,"time_elapsed":574180,"internal_node_id":"0.0-9.0-0.4"},{"rt":12645,"url":"../static/nodeGraphs.html","edge":"4to8","edgeRT":"11512","flipped":"FALSE","correct_edge":"0to2","index":"10","edgeClickLog":"[{\"edgeSelection\":\"0to2\",\"edgeRTMS\":6162},{\"edgeSelection\":\"2to4\",\"edgeRTMS\":8596},{\"edgeSelection\":\"4to8\",\"edgeRTMS\":10182},{\"edgeSelection\":\"4to8\",\"edgeRTMS\":11512}]","seed":" 39688702","task":"experiment","subjectId":"4wfplx1pkfjtgh5","trial_type":"external-html","trial_index":13,"time_elapsed":587564,"internal_node_id":"0.0-9.0-0.5"},{"rt":14777,"url":"../static/nodeGraphs.html","edge":"4to7","edgeRT":"10193","flipped":"FALSE","correct_edge":"0to1","index":"0","edgeClickLog":"[{\"edgeSelection\":\"0to1\",\"edgeRTMS\":6009},{\"edgeSelection\":\"1to4\",\"edgeRTMS\":7670},{\"edgeSelection\":\"1to4\",\"edgeRTMS\":8542},{\"edgeSelection\":\"4to7\",\"edgeRTMS\":10193}]","seed":" 21745736","task":"experiment","subjectId":"4wfplx1pkfjtgh5","trial_type":"external-html","trial_index":14,"time_elapsed":602960,"internal_node_id":"0.0-9.0-0.6"},{"rt":6999,"url":"../static/nodeGraphs.html","edge":"6to8","edgeRT":"5539","flipped":"TRUE","correct_edge":"2to6","index":"25","edgeClickLog":"[{\"edgeSelection\":\"0to2\",\"edgeRTMS\":2687},{\"edgeSelection\":\"2to6\",\"edgeRTMS\":4174},{\"edgeSelection\":\"6to8\",\"edgeRTMS\":5539}]","seed":" 10409262","task":"experiment","subjectId":"4wfplx1pkfjtgh5","trial_type":"external-html","trial_index":15,"time_elapsed":610578,"internal_node_id":"0.0-9.0-0.7"},{"rt":8106,"url":"../static/nodeGraphs.html","edge":"6to8","edgeRT":"6840","flipped":"TRUE","correct_edge":"0to2","index":"28","edgeClickLog":"[{\"edgeSelection\":\"0to2\",\"edgeRTMS\":3714},{\"edgeSelection\":\"2to6\",\"edgeRTMS\":5420},{\"edgeSelection\":\"6to8\",\"edgeRTMS\":6840}]","seed":" 8396978","task":"experiment","subjectId":"4wfplx1pkfjtgh5","trial_type":"external-html","trial_index":16,"time_elapsed":619301,"internal_node_id":"0.0-9.0-0.8"},{"rt":9289,"url":"../static/nodeGraphs.html","edge":"5to8","edgeRT":"8048","flipped":"TRUE","correct_edge":"0to2","index":"27","edgeClickLog":"[{\"edgeSelection\":\"0to3\",\"edgeRTMS\":5287},{\"edgeSelection\":\"3to5\",\"edgeRTMS\":7115},{\"edgeSelection\":\"5to8\",\"edgeRTMS\":8048}]","seed":" 85614324","task":"experiment","subjectId":"4wfplx1pkfjtgh5","trial_type":"external-html","trial_index":17,"time_elapsed":629208,"internal_node_id":"0.0-9.0-0.9"},{"rt":8810,"url":"../static/nodeGraphs.html","edge":"6to8","edgeRT":"7615","flipped":"TRUE","correct_edge":"6to8","index":"21","edgeClickLog":"[{\"edgeSelection\":\"0to2\",\"edgeRTMS\":4966},{\"edgeSelection\":\"2to6\",\"edgeRTMS\":6594},{\"edgeSelection\":\"6to8\",\"edgeRTMS\":7615}]","seed":" 32816305","task":"experiment","subjectId":"4wfplx1pkfjtgh5","trial_type":"external-html","trial_index":18,"time_elapsed":638631,"internal_node_id":"0.0-9.0-0.10"},{"rt":8784,"url":"../static/nodeGraphs.html","edge":"4to7","edgeRT":"7930","flipped":"TRUE","correct_edge":"2to4","index":"35","edgeClickLog":"[{\"edgeSelection\":\"0to1\",\"edgeRTMS\":2693},{\"edgeSelection\":\"1to4\",\"edgeRTMS\":4644},{\"edgeSelection\":\"4to7\",\"edgeRTMS\":6734},{\"edgeSelection\":\"4to7\",\"edgeRTMS\":7930}]","seed":" 53220770","task":"experiment","subjectId":"4wfplx1pkfjtgh5","trial_type":"external-html","trial_index":19,"time_elapsed":648031,"internal_node_id":"0.0-9.0-0.11"},{"rt":8301,"url":"../static/nodeGraphs.html","edge":"4to8","edgeRT":"7285","flipped":"TRUE","correct_edge":"0to1","index":"29","edgeClickLog":"[{\"edgeSelection\":\"0to1\",\"edgeRTMS\":2983},{\"edgeSelection\":\"1to4\",\"edgeRTMS\":5524},{\"edgeSelection\":\"4to8\",\"edgeRTMS\":7285}]","seed":" 61187187","task":"experiment","subjectId":"4wfplx1pkfjtgh5","trial_type":"external-html","trial_index":20,"time_elapsed":657153,"internal_node_id":"0.0-9.0-0.12"},{"rt":8007,"url":"../static/nodeGraphs.html","edge":"4to8","edgeRT":"6777","flipped":"FALSE","correct_edge":"2to4","index":"5","edgeClickLog":"[{\"edgeSelection\":\"0to2\",\"edgeRTMS\":2777},{\"edgeSelection\":\"2to4\",\"edgeRTMS\":4273},{\"edgeSelection\":\"4to8\",\"edgeRTMS\":5472},{\"edgeSelection\":\"4to8\",\"edgeRTMS\":6777}]","seed":" 10409262","task":"experiment","subjectId":"4wfplx1pkfjtgh5","trial_type":"external-html","trial_index":21,"time_elapsed":665731,"internal_node_id":"0.0-9.0-0.13"},{"rt":9712,"url":"../static/nodeGraphs.html","edge":"5to8","edgeRT":"8876","flipped":"FALSE","correct_edge":"4to8","index":"1","edgeClickLog":"[{\"edgeSelection\":\"0to3\",\"edgeRTMS\":5716},{\"edgeSelection\":\"3to5\",\"edgeRTMS\":7777},{\"edgeSelection\":\"5to8\",\"edgeRTMS\":8876}]","seed":" 32816305","task":"experiment","subjectId":"4wfplx1pkfjtgh5","trial_type":"external-html","trial_index":22,"time_elapsed":676060,"internal_node_id":"0.0-9.0-0.14"},{"rt":10978,"url":"../static/nodeGraphs.html","edge":"5to8","edgeRT":"9405","flipped":"TRUE","correct_edge":"0to2","index":"37","edgeClickLog":"[{\"edgeSelection\":\"0to2\",\"edgeRTMS\":2248},{\"edgeSelection\":\"2to5\",\"edgeRTMS\":3628},{\"edgeSelection\":\"5to8\",\"edgeRTMS\":4619},{\"edgeSelection\":\"5to8\",\"edgeRTMS\":5651},{\"edgeSelection\":\"5to8\",\"edgeRTMS\":6927},{\"edgeSelection\":\"5to8\",\"edgeRTMS\":7435},{\"edgeSelection\":\"5to8\",\"edgeRTMS\":7855},{\"edgeSelection\":\"5to8\",\"edgeRTMS\":8291},{\"edgeSelection\":\"5to8\",\"edgeRTMS\":9405}]","seed":" 21211189","task":"experiment","subjectId":"4wfplx1pkfjtgh5","trial_type":"external-html","trial_index":23,"time_elapsed":687652,"internal_node_id":"0.0-9.0-0.15"},{"rt":15125,"url":"../static/nodeGraphs.html","edge":"5to7","edgeRT":"13421","flipped":"TRUE","correct_edge":"0to1","index":"32","edgeClickLog":"[{\"edgeSelection\":\"0to1\",\"edgeRTMS\":5874},{\"edgeSelection\":\"1to5\",\"edgeRTMS\":7887},{\"edgeSelection\":\"1to5\",\"edgeRTMS\":8903},{\"edgeSelection\":\"5to9\",\"edgeRTMS\":9906},{\"edgeSelection\":\"1to5\",\"edgeRTMS\":12102},{\"edgeSelection\":\"1to5\",\"edgeRTMS\":12637},{\"edgeSelection\":\"5to7\",\"edgeRTMS\":13421}]","seed":" 36895371","task":"experiment","subjectId":"4wfplx1pkfjtgh5","trial_type":"external-html","trial_index":24,"time_elapsed":703395,"internal_node_id":"0.0-9.0-0.16"},{"rt":8593,"url":"../static/nodeGraphs.html","edge":"4to8","edgeRT":"7471","flipped":"FALSE","correct_edge":"1to4","index":"2","edgeClickLog":"[{\"edgeSelection\":\"0to1\",\"edgeRTMS\":2333},{\"edgeSelection\":\"0to1\",\"edgeRTMS\":3312},{\"edgeSelection\":\"1to4\",\"edgeRTMS\":5098},{\"edgeSelection\":\"1to4\",\"edgeRTMS\":5599},{\"edgeSelection\":\"4to8\",\"edgeRTMS\":6775},{\"edgeSelection\":\"4to8\",\"edgeRTMS\":7186},{\"edgeSelection\":\"4to8\",\"edgeRTMS\":7471}]","seed":" 22809663","task":"experiment","subjectId":"4wfplx1pkfjtgh5","trial_type":"external-html","trial_index":25,"time_elapsed":712603,"internal_node_id":"0.0-9.0-0.17"},{"rt":10977,"url":"../static/nodeGraphs.html","edge":"5to9","edgeRT":"10155","flipped":"FALSE","correct_edge":"0to2","index":"14","edgeClickLog":"[{\"edgeSelection\":\"0to3\",\"edgeRTMS\":3507},{\"edgeSelection\":\"3to5\",\"edgeRTMS\":5612},{\"edgeSelection\":\"5to9\",\"edgeRTMS\":10155}]","seed":" 21083760","task":"experiment","subjectId":"4wfplx1pkfjtgh5","trial_type":"external-html","trial_index":26,"time_elapsed":724197,"internal_node_id":"0.0-9.0-0.18"},{"rt":7121,"url":"../static/nodeGraphs.html","edge":"6to8","edgeRT":"5809","flipped":"TRUE","correct_edge":"3to6","index":"22","edgeClickLog":"[{\"edgeSelection\":\"0to3\",\"edgeRTMS\":2182},{\"edgeSelection\":\"0to3\",\"edgeRTMS\":3281},{\"edgeSelection\":\"3to6\",\"edgeRTMS\":3895},{\"edgeSelection\":\"6to8\",\"edgeRTMS\":5809}]","seed":" 22809663","task":"experiment","subjectId":"4wfplx1pkfjtgh5","trial_type":"external-html","trial_index":27,"time_elapsed":731934,"internal_node_id":"0.0-9.0-0.19"},{"rt":7933,"url":"../static/nodeGraphs.html","edge":"5to8","edgeRT":"6517","flipped":"FALSE","correct_edge":"3to5","index":"18","edgeClickLog":"[{\"edgeSelection\":\"0to2\",\"edgeRTMS\":2440},{\"edgeSelection\":\"2to5\",\"edgeRTMS\":3393},{\"edgeSelection\":\"2to5\",\"edgeRTMS\":4011},{\"edgeSelection\":\"2to5\",\"edgeRTMS\":4447},{\"edgeSelection\":\"2to5\",\"edgeRTMS\":4823},{\"edgeSelection\":\"2to5\",\"edgeRTMS\":5300},{\"edgeSelection\":\"2to5\",\"edgeRTMS\":5667},{\"edgeSelection\":\"5to8\",\"edgeRTMS\":6517}]","seed":" 22181670","task":"experiment","subjectId":"4wfplx1pkfjtgh5","trial_type":"external-html","trial_index":28,"time_elapsed":740495,"internal_node_id":"0.0-9.0-0.20"},{"rt":8206,"url":"../static/nodeGraphs.html","edge":"5to9","edgeRT":"7128","flipped":"TRUE","correct_edge":"6to9","index":"26","edgeClickLog":"[{\"edgeSelection\":\"0to1\",\"edgeRTMS\":3481},{\"edgeSelection\":\"1to5\",\"edgeRTMS\":5635},{\"edgeSelection\":\"5to9\",\"edgeRTMS\":7128}]","seed":" 13523788","task":"experiment","subjectId":"4wfplx1pkfjtgh5","trial_type":"external-html","trial_index":29,"time_elapsed":749328,"internal_node_id":"0.0-9.0-0.21"},{"rt":5850,"url":"../static/nodeGraphs.html","edge":"5to8","edgeRT":"4655","flipped":"TRUE","correct_edge":"1to5","index":"38","edgeClickLog":"[{\"edgeSelection\":\"0to2\",\"edgeRTMS\":2666},{\"edgeSelection\":\"2to5\",\"edgeRTMS\":3403},{\"edgeSelection\":\"5to8\",\"edgeRTMS\":4312},{\"edgeSelection\":\"5to8\",\"edgeRTMS\":4655}]","seed":" 22181670","task":"experiment","subjectId":"4wfplx1pkfjtgh5","trial_type":"external-html","trial_index":30,"time_elapsed":755790,"internal_node_id":"0.0-9.0-0.22"},{"rt":42119,"url":"../static/nodeGraphs.html","edge":"6to9","edgeRT":"41008","flipped":"TRUE","correct_edge":"0to2","index":"31","edgeClickLog":"[{\"edgeSelection\":\"0to2\",\"edgeRTMS\":36214},{\"edgeSelection\":\"2to6\",\"edgeRTMS\":38719},{\"edgeSelection\":\"6to9\",\"edgeRTMS\":40451},{\"edgeSelection\":\"6to9\",\"edgeRTMS\":41008}]","seed":" 63833578","task":"experiment","subjectId":"4wfplx1pkfjtgh5","trial_type":"external-html","trial_index":31,"time_elapsed":798530,"internal_node_id":"0.0-9.0-0.23"},{"rt":16783,"url":"../static/nodeGraphs.html","edge":"6to9","edgeRT":"14861","flipped":"TRUE","correct_edge":"0to3","index":"20","edgeClickLog":"[{\"edgeSelection\":\"0to3\",\"edgeRTMS\":10640},{\"edgeSelection\":\"0to3\",\"edgeRTMS\":11448},{\"edgeSelection\":\"3to6\",\"edgeRTMS\":13179},{\"edgeSelection\":\"3to6\",\"edgeRTMS\":14092},{\"edgeSelection\":\"6to9\",\"edgeRTMS\":14861}]","seed":" 21745736","task":"experiment","subjectId":"4wfplx1pkfjtgh5","trial_type":"external-html","trial_index":32,"time_elapsed":815927,"internal_node_id":"0.0-9.0-0.24"},{"rt":8322,"url":"../static/nodeGraphs.html","edge":"4to7","edgeRT":"7088","flipped":"FALSE","correct_edge":"0to2","index":"11","edgeClickLog":"[{\"edgeSelection\":\"0to2\",\"edgeRTMS\":1793},{\"edgeSelection\":\"2to4\",\"edgeRTMS\":3543},{\"edgeSelection\":\"4to7\",\"edgeRTMS\":5104},{\"edgeSelection\":\"4to7\",\"edgeRTMS\":5744},{\"edgeSelection\":\"4to7\",\"edgeRTMS\":6216},{\"edgeSelection\":\"4to7\",\"edgeRTMS\":6611},{\"edgeSelection\":\"4to7\",\"edgeRTMS\":7088}]","seed":" 63833578","task":"experiment","subjectId":"4wfplx1pkfjtgh5","trial_type":"external-html","trial_index":33,"time_elapsed":824862,"internal_node_id":"0.0-9.0-0.25"},{"rt":9025,"url":"../static/nodeGraphs.html","edge":"6to9","edgeRT":"8014","flipped":"FALSE","correct_edge":"0to2","index":"13","edgeClickLog":"[{\"edgeSelection\":\"0to2\",\"edgeRTMS\":4854},{\"edgeSelection\":\"2to6\",\"edgeRTMS\":5926},{\"edgeSelection\":\"6to9\",\"edgeRTMS\":6913},{\"edgeSelection\":\"6to9\",\"edgeRTMS\":8014}]","seed":" 49587019","task":"experiment","subjectId":"4wfplx1pkfjtgh5","trial_type":"external-html","trial_index":34,"time_elapsed":834509,"internal_node_id":"0.0-9.0-0.26"},{"rt":5477,"url":"../static/nodeGraphs.html","edge":"4to8","edgeRT":"4377","flipped":"FALSE","correct_edge":"2to4","index":"4","edgeClickLog":"[{\"edgeSelection\":\"0to2\",\"edgeRTMS\":1541},{\"edgeSelection\":\"2to4\",\"edgeRTMS\":2818},{\"edgeSelection\":\"4to8\",\"edgeRTMS\":4377}]","seed":" 36501291","task":"experiment","subjectId":"4wfplx1pkfjtgh5","trial_type":"external-html","trial_index":35,"time_elapsed":840632,"internal_node_id":"0.0-9.0-0.27"},{"rt":6745,"url":"../static/nodeGraphs.html","edge":"5to8","edgeRT":"5869","flipped":"FALSE","correct_edge":"0to2","index":"17","edgeClickLog":"[{\"edgeSelection\":\"0to2\",\"edgeRTMS\":1477},{\"edgeSelection\":\"0to2\",\"edgeRTMS\":2604},{\"edgeSelection\":\"2to5\",\"edgeRTMS\":3497},{\"edgeSelection\":\"2to5\",\"edgeRTMS\":3854},{\"edgeSelection\":\"5to8\",\"edgeRTMS\":4737},{\"edgeSelection\":\"5to8\",\"edgeRTMS\":5287},{\"edgeSelection\":\"5to8\",\"edgeRTMS\":5869}]","seed":" 21211189","task":"experiment","subjectId":"4wfplx1pkfjtgh5","trial_type":"external-html","trial_index":36,"time_elapsed":847998,"internal_node_id":"0.0-9.0-0.28"},{"rt":12600,"url":"../static/nodeGraphs.html","edge":"5to7","edgeRT":"11393","flipped":"TRUE","correct_edge":"5to7","index":"36","edgeClickLog":"[{\"edgeSelection\":\"0to3\",\"edgeRTMS\":8356},{\"edgeSelection\":\"3to5\",\"edgeRTMS\":10082},{\"edgeSelection\":\"5to7\",\"edgeRTMS\":11393}]","seed":" 5655743","task":"experiment","subjectId":"4wfplx1pkfjtgh5","trial_type":"external-html","trial_index":37,"time_elapsed":861244,"internal_node_id":"0.0-9.0-0.29"},{"rt":8392,"url":"../static/nodeGraphs.html","edge":"6to8","edgeRT":"7084","flipped":"FALSE","correct_edge":"0to3","index":"9","edgeClickLog":"[{\"edgeSelection\":\"0to3\",\"edgeRTMS\":2966},{\"edgeSelection\":\"3to6\",\"edgeRTMS\":5535},{\"edgeSelection\":\"6to8\",\"edgeRTMS\":7084}]","seed":" 61187187","task":"experiment","subjectId":"4wfplx1pkfjtgh5","trial_type":"external-html","trial_index":38,"time_elapsed":870248,"internal_node_id":"0.0-9.0-0.30"},{"rt":5741,"url":"../static/nodeGraphs.html","edge":"5to8","edgeRT":"4750","flipped":"FALSE","correct_edge":"5to8","index":"3","edgeClickLog":"[{\"edgeSelection\":\"0to2\",\"edgeRTMS\":1853},{\"edgeSelection\":\"2to5\",\"edgeRTMS\":3061},{\"edgeSelection\":\"5to8\",\"edgeRTMS\":4217},{\"edgeSelection\":\"5to8\",\"edgeRTMS\":4750}]","seed":" 46003743","task":"experiment","subjectId":"4wfplx1pkfjtgh5","trial_type":"external-html","trial_index":39,"time_elapsed":876615,"internal_node_id":"0.0-9.0-0.31"},{"rt":5849,"url":"../static/nodeGraphs.html","edge":"6to9","edgeRT":"4682","flipped":"TRUE","correct_edge":"0to3","index":"39","edgeClickLog":"[{\"edgeSelection\":\"0to3\",\"edgeRTMS\":1444},{\"edgeSelection\":\"3to6\",\"edgeRTMS\":3223},{\"edgeSelection\":\"3to6\",\"edgeRTMS\":3926},{\"edgeSelection\":\"6to9\",\"edgeRTMS\":4682}]","seed":" 37422119","task":"experiment","subjectId":"4wfplx1pkfjtgh5","trial_type":"external-html","trial_index":40,"time_elapsed":883073,"internal_node_id":"0.0-9.0-0.32"},{"rt":4920,"url":"../static/nodeGraphs.html","edge":"4to8","edgeRT":"3923","flipped":"FALSE","correct_edge":"0to2","index":"8","edgeClickLog":"[{\"edgeSelection\":\"0to2\",\"edgeRTMS\":1291},{\"edgeSelection\":\"2to4\",\"edgeRTMS\":2437},{\"edgeSelection\":\"4to8\",\"edgeRTMS\":3923}]","seed":" 8396978","task":"experiment","subjectId":"4wfplx1pkfjtgh5","trial_type":"external-html","trial_index":41,"time_elapsed":888607,"internal_node_id":"0.0-9.0-0.33"},{"rt":7888,"url":"../static/nodeGraphs.html","edge":"4to7","edgeRT":"6678","flipped":"FALSE","correct_edge":"0to1","index":"19","edgeClickLog":"[{\"edgeSelection\":\"0to1\",\"edgeRTMS\":2250},{\"edgeSelection\":\"1to4\",\"edgeRTMS\":4300},{\"edgeSelection\":\"1to4\",\"edgeRTMS\":4910},{\"edgeSelection\":\"1to4\",\"edgeRTMS\":5362},{\"edgeSelection\":\"1to4\",\"edgeRTMS\":5726},{\"edgeSelection\":\"4to7\",\"edgeRTMS\":6678}]","seed":" 37422119","task":"experiment","subjectId":"4wfplx1pkfjtgh5","trial_type":"external-html","trial_index":42,"time_elapsed":897255,"internal_node_id":"0.0-9.0-0.34"},{"rt":11123,"url":"../static/nodeGraphs.html","edge":"5to7","edgeRT":"10040","flipped":"FALSE","correct_edge":"4to7","index":"6","edgeClickLog":"[{\"edgeSelection\":\"0to3\",\"edgeRTMS\":2142},{\"edgeSelection\":\"3to5\",\"edgeRTMS\":7249},{\"edgeSelection\":\"5to7\",\"edgeRTMS\":8903},{\"edgeSelection\":\"5to7\",\"edgeRTMS\":10040}]","seed":" 13523788","task":"experiment","subjectId":"4wfplx1pkfjtgh5","trial_type":"external-html","trial_index":43,"time_elapsed":908998,"internal_node_id":"0.0-9.0-0.35"},{"rt":40927,"url":"../static/nodeGraphs.html","edge":"6to8","edgeRT":"39837","flipped":"TRUE","correct_edge":"0to2","index":"34","edgeClickLog":"[{\"edgeSelection\":\"0to1\",\"edgeRTMS\":30640},{\"edgeSelection\":\"0to2\",\"edgeRTMS\":35685},{\"edgeSelection\":\"0to2\",\"edgeRTMS\":36242},{\"edgeSelection\":\"2to6\",\"edgeRTMS\":37981},{\"edgeSelection\":\"6to8\",\"edgeRTMS\":39837}]","seed":" 21083760","task":"experiment","subjectId":"4wfplx1pkfjtgh5","trial_type":"external-html","trial_index":44,"time_elapsed":950565,"internal_node_id":"0.0-9.0-0.36"},{"rt":15104,"url":"../static/nodeGraphs.html","edge":"6to8","edgeRT":"13841","flipped":"FALSE","correct_edge":"2to6","index":"15","edgeClickLog":"[{\"edgeSelection\":\"0to3\",\"edgeRTMS\":9559},{\"edgeSelection\":\"0to3\",\"edgeRTMS\":10010},{\"edgeSelection\":\"3to6\",\"edgeRTMS\":11051},{\"edgeSelection\":\"3to6\",\"edgeRTMS\":11705},{\"edgeSelection\":\"3to6\",\"edgeRTMS\":12128},{\"edgeSelection\":\"6to8\",\"edgeRTMS\":13841}]","seed":" 53220770","task":"experiment","subjectId":"4wfplx1pkfjtgh5","trial_type":"external-html","trial_index":45,"time_elapsed":966287,"internal_node_id":"0.0-9.0-0.37"},{"rt":8104,"url":"../static/nodeGraphs.html","edge":"5to9","edgeRT":"6973","flipped":"FALSE","correct_edge":"5to9","index":"16","edgeClickLog":"[{\"edgeSelection\":\"0to1\",\"edgeRTMS\":4839},{\"edgeSelection\":\"1to5\",\"edgeRTMS\":5728},{\"edgeSelection\":\"5to9\",\"edgeRTMS\":6973}]","seed":" 5655743","task":"experiment","subjectId":"4wfplx1pkfjtgh5","trial_type":"external-html","trial_index":46,"time_elapsed":974998,"internal_node_id":"0.0-9.0-0.38"},{"rt":9522,"url":"../static/nodeGraphs.html","edge":"5to8","edgeRT":"8459","flipped":"FALSE","correct_edge":"0to2","index":"7","edgeClickLog":"[{\"edgeSelection\":\"0to1\",\"edgeRTMS\":1410},{\"edgeSelection\":\"1to4\",\"edgeRTMS\":6262},{\"edgeSelection\":\"1to5\",\"edgeRTMS\":7648},{\"edgeSelection\":\"5to8\",\"edgeRTMS\":8459}]","seed":" 85614324","task":"experiment","subjectId":"4wfplx1pkfjtgh5","trial_type":"external-html","trial_index":47,"time_elapsed":985141,"internal_node_id":"0.0-9.0-0.39"},{"rt":37208,"response":{"P0_Q0":null,"P0_Q1":5,"P0_Q2":5,"P0_Q3":6,"P0_Q4":5,"P0_Q5":5,"strategies":"I tried to map out my entire path before I highlighted each section. ","feedback":"Nothing to add."},"accuracy":[],"trial_type":"survey","trial_index":48,"time_elapsed":1022960,"internal_node_id":"0.0-10.0"},{"rt":6056,"stimulus":"<p>Thanks for your time!</p>        <p>We need to manually calculate your bonus pay, please give us up to 7 days.</p><p>Press any key to conclude.</p>","response":" ","task":"end","subjectId":"4wfplx1pkfjtgh5","trial_type":"html-keyboard-response","trial_index":49,"time_elapsed":1029023,"internal_node_id":"0.0-11.0","interactions":"[{\"event\":\"blur\",\"trial\":1,\"time\":5787},{\"event\":\"focus\",\"trial\":1,\"time\":22695},{\"event\":\"fullscreenenter\",\"trial\":1,\"time\":23805},{\"event\":\"blur\",\"trial\":4,\"time\":205056},{\"event\":\"fullscreenexit\",\"trial\":4,\"time\":205074},{\"event\":\"focus\",\"trial\":4,\"time\":205204},{\"event\":\"blur\",\"trial\":4,\"time\":223392},{\"event\":\"focus\",\"trial\":4,\"time\":223544},{\"event\":\"blur\",\"trial\":4,\"time\":235149},{\"event\":\"focus\",\"trial\":4,\"time\":235311},{\"event\":\"blur\",\"trial\":4,\"time\":242071},{\"event\":\"focus\",\"trial\":4,\"time\":242226},{\"event\":\"blur\",\"trial\":4,\"time\":243991},{\"event\":\"focus\",\"trial\":4,\"time\":244142},{\"event\":\"blur\",\"trial\":4,\"time\":246667},{\"event\":\"focus\",\"trial\":4,\"time\":246835},{\"event\":\"blur\",\"trial\":4,\"time\":248452},{\"event\":\"focus\",\"trial\":4,\"time\":248610},{\"event\":\"blur\",\"trial\":4,\"time\":261864},{\"event\":\"focus\",\"trial\":4,\"time\":261864},{\"event\":\"blur\",\"trial\":4,\"time\":261864},{\"event\":\"focus\",\"trial\":4,\"time\":262034},{\"event\":\"blur\",\"trial\":4,\"time\":287907},{\"event\":\"focus\",\"trial\":4,\"time\":288078},{\"event\":\"blur\",\"trial\":4,\"time\":337155},{\"event\":\"focus\",\"trial\":4,\"time\":337315},{\"event\":\"blur\",\"trial\":4,\"time\":416424},{\"event\":\"focus\",\"trial\":4,\"time\":418461},{\"event\":\"blur\",\"trial\":6,\"time\":444082},{\"event\":\"focus\",\"trial\":6,\"time\":445680}]"}]