[{"success":true,"timeout":false,"failed_images":[],"failed_audio":[],"failed_video":[],"trial_type":"preload","trial_index":0,"time_elapsed":1312,"internal_node_id":"0.0-0.0"},{"success":true,"trial_type":"fullscreen","trial_index":1,"time_elapsed":3494,"internal_node_id":"0.0-1.0"},{"rt":1236,"stimulus":"Welcome to the experiment. Press any key to begin.","response":" ","trial_type":"html-keyboard-response","trial_index":2,"time_elapsed":4733,"internal_node_id":"0.0-2.0"},{"view_history":[{"page_index":0,"viewing_time":3899},{"page_index":1,"viewing_time":3604},{"page_index":2,"viewing_time":27461},{"page_index":3,"viewing_time":2208},{"page_index":4,"viewing_time":1337},{"page_index":5,"viewing_time":818},{"page_index":6,"viewing_time":2344},{"page_index":7,"viewing_time":9755},{"page_index":6,"viewing_time":667},{"page_index":5,"viewing_time":452},{"page_index":4,"viewing_time":389},{"page_index":3,"viewing_time":336},{"page_index":2,"viewing_time":10262},{"page_index":3,"viewing_time":455},{"page_index":4,"viewing_time":520},{"page_index":5,"viewing_time":565},{"page_index":6,"viewing_time":1245},{"page_index":7,"viewing_time":2432},{"page_index":8,"viewing_time":14672},{"page_index":9,"viewing_time":9704},{"page_index":10,"viewing_time":1218},{"page_index":11,"viewing_time":339},{"page_index":12,"viewing_time":296},{"page_index":13,"viewing_time":1155},{"page_index":14,"viewing_time":2533},{"page_index":15,"viewing_time":3895},{"page_index":16,"viewing_time":821},{"page_index":17,"viewing_time":338},{"page_index":18,"viewing_time":786},{"page_index":19,"viewing_time":6704},{"page_index":18,"viewing_time":324},{"page_index":17,"viewing_time":260},{"page_index":16,"viewing_time":387},{"page_index":15,"viewing_time":1260},{"page_index":16,"viewing_time":270},{"page_index":17,"viewing_time":211},{"page_index":18,"viewing_time":185},{"page_index":19,"viewing_time":461},{"page_index":20,"viewing_time":6597},{"page_index":21,"viewing_time":2767}],"rt":123931,"trial_type":"instructions","trial_index":3,"time_elapsed":128664,"internal_node_id":"0.0-3.0"},{"rt":87510,"url":"../static/nodeGraphsTraining.html","edgeClickLog":[],"trial_type":"external-html","trial_index":4,"time_elapsed":216434,"internal_node_id":"0.0-4.0"},{"rt":19120,"response":{"q1":"The goal is to help the student to get the most points","q2":"False","q3":"Possible paths the student can take.","q4":"Possible paths the student can take."},"question_order":[0,1,2,3],"trial_type":"survey-multi-choice","trial_index":5,"time_elapsed":235558,"internal_node_id":"0.0-5.0"},{"rt":23930,"response":{"q1":"The goal is to help the student to get the most points","q2":"False","q3":"Possible paths the student can take.","q4":"Paths that the student took before."},"question_order":[0,1,2,3],"trial_type":"survey-multi-choice","trial_index":6,"time_elapsed":259497,"internal_node_id":"0.0-6.0-0.0"},{"rt":4250,"stimulus":"<p>You can take a 60 second break before starting the experiment.</p><br><br><p>This page will advance in 60 seconds or you can press any key to advance now.</p>","response":" ","trial_type":"html-keyboard-response","trial_index":7,"time_elapsed":263760,"internal_node_id":"0.0-7.0"},{"view_history":[{"page_index":0,"viewing_time":12617}],"rt":12618,"trial_type":"instructions","trial_index":8,"time_elapsed":276378,"internal_node_id":"0.0-8.0"},{"rt":15225,"url":"../static/nodeGraphs.html","edge":"3to5","edgeRT":"11981","flipped":"FALSE","correct_edge":"5to9","index":"16","edgeClickLog":"[{\"edgeSelection\":\"3to5\",\"edgeRTMS\":5424},{\"edgeSelection\":\"5to9\",\"edgeRTMS\":8709},{\"edgeSelection\":\"3to5\",\"edgeRTMS\":11981}]","seed":" 5655743","task":"experiment","subjectId":"jayel2dphn5wk1j","trial_type":"external-html","trial_index":9,"time_elapsed":291783,"internal_node_id":"0.0-9.0-0.0"},{"rt":8491,"url":"../static/nodeGraphs.html","edge":"2to6","edgeRT":"7196","flipped":"TRUE","correct_edge":"2to6","index":"24","edgeClickLog":"[{\"edgeSelection\":\"2to6\",\"edgeRTMS\":4502},{\"edgeSelection\":\"6to9\",\"edgeRTMS\":6266},{\"edgeSelection\":\"2to6\",\"edgeRTMS\":7196}]","seed":" 36501291","task":"experiment","subjectId":"jayel2dphn5wk1j","trial_type":"external-html","trial_index":10,"time_elapsed":300962,"internal_node_id":"0.0-9.0-0.1"},{"rt":5443,"url":"../static/nodeGraphs.html","edge":"0to2","edgeRT":"3680","flipped":"TRUE","correct_edge":"0to2","index":"27","edgeClickLog":"[{\"edgeSelection\":\"0to2\",\"edgeRTMS\":3680}]","seed":" 85614324","task":"experiment","subjectId":"jayel2dphn5wk1j","trial_type":"external-html","trial_index":11,"time_elapsed":307096,"internal_node_id":"0.0-9.0-0.2"},{"rt":4320,"url":"../static/nodeGraphs.html","edge":"1to4","edgeRT":"2889","flipped":"FALSE","correct_edge":"1to4","index":"2","edgeClickLog":"[{\"edgeSelection\":\"1to4\",\"edgeRTMS\":2889}]","seed":" 22809663","task":"experiment","subjectId":"jayel2dphn5wk1j","trial_type":"external-html","trial_index":12,"time_elapsed":312105,"internal_node_id":"0.0-9.0-0.3"},{"rt":3752,"url":"../static/nodeGraphs.html","edge":"0to2","edgeRT":"2537","flipped":"FALSE","correct_edge":"0to2","index":"7","edgeClickLog":"[{\"edgeSelection\":\"0to2\",\"edgeRTMS\":2537}]","seed":" 85614324","task":"experiment","subjectId":"jayel2dphn5wk1j","trial_type":"external-html","trial_index":13,"time_elapsed":316538,"internal_node_id":"0.0-9.0-0.4"},{"rt":5486,"url":"../static/nodeGraphs.html","edge":"0to1","edgeRT":"2987","flipped":"FALSE","correct_edge":"0to2","index":"10","edgeClickLog":"[{\"edgeSelection\":\"0to1\",\"edgeRTMS\":2987}]","seed":" 39688702","task":"experiment","subjectId":"jayel2dphn5wk1j","trial_type":"external-html","trial_index":14,"time_elapsed":322706,"internal_node_id":"0.0-9.0-0.5"},{"rt":6102,"url":"../static/nodeGraphs.html","edge":"0to2","edgeRT":"2260","flipped":"TRUE","correct_edge":"0to2","index":"28","edgeClickLog":"[{\"edgeSelection\":\"0to2\",\"edgeRTMS\":2260}]","seed":" 8396978","task":"experiment","subjectId":"jayel2dphn5wk1j","trial_type":"external-html","trial_index":15,"time_elapsed":329497,"internal_node_id":"0.0-9.0-0.6"},{"rt":8456,"url":"../static/nodeGraphs.html","edge":"0to2","edgeRT":"4018","flipped":"TRUE","correct_edge":"0to2","index":"30","edgeClickLog":"[{\"edgeSelection\":\"0to3\",\"edgeRTMS\":2191},{\"edgeSelection\":\"0to2\",\"edgeRTMS\":4018}]","seed":" 39688702","task":"experiment","subjectId":"jayel2dphn5wk1j","trial_type":"external-html","trial_index":16,"time_elapsed":338642,"internal_node_id":"0.0-9.0-0.7"},{"rt":7379,"url":"../static/nodeGraphs.html","edge":"0to2","edgeRT":"4251","flipped":"FALSE","correct_edge":"0to2","index":"13","edgeClickLog":"[{\"edgeSelection\":\"0to2\",\"edgeRTMS\":3330},{\"edgeSelection\":\"0to2\",\"edgeRTMS\":4251}]","seed":" 49587019","task":"experiment","subjectId":"jayel2dphn5wk1j","trial_type":"external-html","trial_index":17,"time_elapsed":346707,"internal_node_id":"0.0-9.0-0.8"},{"rt":3863,"url":"../static/nodeGraphs.html","edge":"4to8","edgeRT":"2703","flipped":"FALSE","correct_edge":"4to8","index":"1","edgeClickLog":"[{\"edgeSelection\":\"4to8\",\"edgeRTMS\":2703}]","seed":" 32816305","task":"experiment","subjectId":"jayel2dphn5wk1j","trial_type":"external-html","trial_index":18,"time_elapsed":351253,"internal_node_id":"0.0-9.0-0.9"},{"rt":3115,"url":"../static/nodeGraphs.html","edge":"1to5","edgeRT":"1916","flipped":"TRUE","correct_edge":"5to7","index":"36","edgeClickLog":"[{\"edgeSelection\":\"1to5\",\"edgeRTMS\":1916}]","seed":" 5655743","task":"experiment","subjectId":"jayel2dphn5wk1j","trial_type":"external-html","trial_index":19,"time_elapsed":355052,"internal_node_id":"0.0-9.0-0.10"},{"rt":7097,"url":"../static/nodeGraphs.html","edge":"0to1","edgeRT":"5940","flipped":"FALSE","correct_edge":"0to1","index":"0","edgeClickLog":"[{\"edgeSelection\":\"0to1\",\"edgeRTMS\":5940}]","seed":" 21745736","task":"experiment","subjectId":"jayel2dphn5wk1j","trial_type":"external-html","trial_index":20,"time_elapsed":362838,"internal_node_id":"0.0-9.0-0.11"},{"rt":4906,"url":"../static/nodeGraphs.html","edge":"0to2","edgeRT":"1821","flipped":"FALSE","correct_edge":"0to2","index":"8","edgeClickLog":"[{\"edgeSelection\":\"0to2\",\"edgeRTMS\":1821}]","seed":" 8396978","task":"experiment","subjectId":"jayel2dphn5wk1j","trial_type":"external-html","trial_index":21,"time_elapsed":368438,"internal_node_id":"0.0-9.0-0.12"},{"rt":3697,"url":"../static/nodeGraphs.html","edge":"0to3","edgeRT":"1735","flipped":"TRUE","correct_edge":"0to3","index":"39","edgeClickLog":"[{\"edgeSelection\":\"0to3\",\"edgeRTMS\":1735}]","seed":" 37422119","task":"experiment","subjectId":"jayel2dphn5wk1j","trial_type":"external-html","trial_index":22,"time_elapsed":372814,"internal_node_id":"0.0-9.0-0.13"},{"rt":3037,"url":"../static/nodeGraphs.html","edge":"0to3","edgeRT":"1387","flipped":"FALSE","correct_edge":"0to3","index":"12","edgeClickLog":"[{\"edgeSelection\":\"0to3\",\"edgeRTMS\":1387}]","seed":" 36895371","task":"experiment","subjectId":"jayel2dphn5wk1j","trial_type":"external-html","trial_index":23,"time_elapsed":376534,"internal_node_id":"0.0-9.0-0.14"},{"rt":6005,"url":"../static/nodeGraphs.html","edge":"0to2","edgeRT":"1863","flipped":"TRUE","correct_edge":"1to5","index":"38","edgeClickLog":"[{\"edgeSelection\":\"0to2\",\"edgeRTMS\":1863}]","seed":" 22181670","task":"experiment","subjectId":"jayel2dphn5wk1j","trial_type":"external-html","trial_index":24,"time_elapsed":383224,"internal_node_id":"0.0-9.0-0.15"},{"rt":2526,"url":"../static/nodeGraphs.html","edge":"0to2","edgeRT":"1433","flipped":"FALSE","correct_edge":"0to2","index":"17","edgeClickLog":"[{\"edgeSelection\":\"0to2\",\"edgeRTMS\":1433}]","seed":" 21211189","task":"experiment","subjectId":"jayel2dphn5wk1j","trial_type":"external-html","trial_index":25,"time_elapsed":386433,"internal_node_id":"0.0-9.0-0.16"},{"rt":5221,"url":"../static/nodeGraphs.html","edge":"0to1","edgeRT":"3398","flipped":"TRUE","correct_edge":"0to1","index":"32","edgeClickLog":"[{\"edgeSelection\":\"0to1\",\"edgeRTMS\":3398}]","seed":" 36895371","task":"experiment","subjectId":"jayel2dphn5wk1j","trial_type":"external-html","trial_index":26,"time_elapsed":392346,"internal_node_id":"0.0-9.0-0.17"},{"rt":7293,"url":"../static/nodeGraphs.html","edge":"2to4","edgeRT":"5104","flipped":"FALSE","correct_edge":"2to4","index":"4","edgeClickLog":"[{\"edgeSelection\":\"2to4\",\"edgeRTMS\":5104}]","seed":" 36501291","task":"experiment","subjectId":"jayel2dphn5wk1j","trial_type":"external-html","trial_index":27,"time_elapsed":400330,"internal_node_id":"0.0-9.0-0.18"},{"rt":12812,"url":"../static/nodeGraphs.html","edge":"0to2","edgeRT":"9132","flipped":"FALSE","correct_edge":"0to2","index":"14","edgeClickLog":"[{\"edgeSelection\":\"0to2\",\"edgeRTMS\":9132}]","seed":" 21083760","task":"experiment","subjectId":"jayel2dphn5wk1j","trial_type":"external-html","trial_index":28,"time_elapsed":413827,"internal_node_id":"0.0-9.0-0.19"},{"rt":4023,"url":"../static/nodeGraphs.html","edge":"3to6","edgeRT":"2761","flipped":"TRUE","correct_edge":"3to6","index":"22","edgeClickLog":"[{\"edgeSelection\":\"3to6\",\"edgeRTMS\":2761}]","seed":" 22809663","task":"experiment","subjectId":"jayel2dphn5wk1j","trial_type":"external-html","trial_index":29,"time_elapsed":418532,"internal_node_id":"0.0-9.0-0.20"},{"rt":2970,"url":"../static/nodeGraphs.html","edge":"0to3","edgeRT":"1913","flipped":"FALSE","correct_edge":"2to6","index":"15","edgeClickLog":"[{\"edgeSelection\":\"0to3\",\"edgeRTMS\":1913}]","seed":" 53220770","task":"experiment","subjectId":"jayel2dphn5wk1j","trial_type":"external-html","trial_index":30,"time_elapsed":422189,"internal_node_id":"0.0-9.0-0.21"},{"rt":5282,"url":"../static/nodeGraphs.html","edge":"0to3","edgeRT":"3890","flipped":"TRUE","correct_edge":"0to3","index":"20","edgeClickLog":"[{\"edgeSelection\":\"0to3\",\"edgeRTMS\":3890}]","seed":" 21745736","task":"experiment","subjectId":"jayel2dphn5wk1j","trial_type":"external-html","trial_index":31,"time_elapsed":428165,"internal_node_id":"0.0-9.0-0.22"},{"rt":5171,"url":"../static/nodeGraphs.html","edge":"2to4","edgeRT":"2654","flipped":"FALSE","correct_edge":"2to4","index":"5","edgeClickLog":"[{\"edgeSelection\":\"2to4\",\"edgeRTMS\":2654}]","seed":" 10409262","task":"experiment","subjectId":"jayel2dphn5wk1j","trial_type":"external-html","trial_index":32,"time_elapsed":434022,"internal_node_id":"0.0-9.0-0.23"},{"rt":17984,"url":"../static/nodeGraphs.html","edge":"3to6","edgeRT":"15787","flipped":"TRUE","correct_edge":"0to2","index":"34","edgeClickLog":"[{\"edgeSelection\":\"3to6\",\"edgeRTMS\":15787}]","seed":" 21083760","task":"experiment","subjectId":"jayel2dphn5wk1j","trial_type":"external-html","trial_index":33,"time_elapsed":452688,"internal_node_id":"0.0-9.0-0.24"},{"rt":4131,"url":"../static/nodeGraphs.html","edge":"0to3","edgeRT":"2082","flipped":"FALSE","correct_edge":"4to7","index":"6","edgeClickLog":"[{\"edgeSelection\":\"0to3\",\"edgeRTMS\":2082}]","seed":" 13523788","task":"experiment","subjectId":"jayel2dphn5wk1j","trial_type":"external-html","trial_index":34,"time_elapsed":457514,"internal_node_id":"0.0-9.0-0.25"},{"rt":3494,"url":"../static/nodeGraphs.html","edge":"0to2","edgeRT":"2435","flipped":"TRUE","correct_edge":"0to2","index":"37","edgeClickLog":"[{\"edgeSelection\":\"0to2\",\"edgeRTMS\":2435}]","seed":" 21211189","task":"experiment","subjectId":"jayel2dphn5wk1j","trial_type":"external-html","trial_index":35,"time_elapsed":461690,"internal_node_id":"0.0-9.0-0.26"},{"rt":5100,"url":"../static/nodeGraphs.html","edge":"5to8","edgeRT":"3979","flipped":"FALSE","correct_edge":"5to8","index":"3","edgeClickLog":"[{\"edgeSelection\":\"5to8\",\"edgeRTMS\":3979}]","seed":" 46003743","task":"experiment","subjectId":"jayel2dphn5wk1j","trial_type":"external-html","trial_index":36,"time_elapsed":467472,"internal_node_id":"0.0-9.0-0.27"},{"rt":3745,"url":"../static/nodeGraphs.html","edge":"0to2","edgeRT":"2403","flipped":"FALSE","correct_edge":"3to5","index":"18","edgeClickLog":"[{\"edgeSelection\":\"0to2\",\"edgeRTMS\":2403}]","seed":" 22181670","task":"experiment","subjectId":"jayel2dphn5wk1j","trial_type":"external-html","trial_index":37,"time_elapsed":471897,"internal_node_id":"0.0-9.0-0.28"},{"rt":4903,"url":"../static/nodeGraphs.html","edge":"0to2","edgeRT":"1962","flipped":"TRUE","correct_edge":"0to2","index":"31","edgeClickLog":"[{\"edgeSelection\":\"0to2\",\"edgeRTMS\":1962}]","seed":" 63833578","task":"experiment","subjectId":"jayel2dphn5wk1j","trial_type":"external-html","trial_index":38,"time_elapsed":477481,"internal_node_id":"0.0-9.0-0.29"},{"rt":2597,"url":"../static/nodeGraphs.html","edge":"0to2","edgeRT":"1625","flipped":"FALSE","correct_edge":"0to2","index":"11","edgeClickLog":"[{\"edgeSelection\":\"0to2\",\"edgeRTMS\":1625}]","seed":" 63833578","task":"experiment","subjectId":"jayel2dphn5wk1j","trial_type":"external-html","trial_index":39,"time_elapsed":480760,"internal_node_id":"0.0-9.0-0.30"},{"rt":3120,"url":"../static/nodeGraphs.html","edge":"0to1","edgeRT":"1753","flipped":"TRUE","correct_edge":"0to1","index":"29","edgeClickLog":"[{\"edgeSelection\":\"0to1\",\"edgeRTMS\":1753}]","seed":" 61187187","task":"experiment","subjectId":"jayel2dphn5wk1j","trial_type":"external-html","trial_index":40,"time_elapsed":484569,"internal_node_id":"0.0-9.0-0.31"},{"rt":3145,"url":"../static/nodeGraphs.html","edge":"0to1","edgeRT":"1981","flipped":"TRUE","correct_edge":"2to4","index":"35","edgeClickLog":"[{\"edgeSelection\":\"0to1\",\"edgeRTMS\":1981}]","seed":" 53220770","task":"experiment","subjectId":"jayel2dphn5wk1j","trial_type":"external-html","trial_index":41,"time_elapsed":488395,"internal_node_id":"0.0-9.0-0.32"},{"rt":4623,"url":"../static/nodeGraphs.html","edge":"5to8","edgeRT":"3603","flipped":"TRUE","correct_edge":"5to8","index":"23","edgeClickLog":"[{\"edgeSelection\":\"5to8\",\"edgeRTMS\":3603}]","seed":" 46003743","task":"experiment","subjectId":"jayel2dphn5wk1j","trial_type":"external-html","trial_index":42,"time_elapsed":493697,"internal_node_id":"0.0-9.0-0.33"},{"rt":9233,"url":"../static/nodeGraphs.html","edge":"6to8","edgeRT":"6516","flipped":"TRUE","correct_edge":"6to8","index":"21","edgeClickLog":"[{\"edgeSelection\":\"0to1\",\"edgeRTMS\":2075},{\"edgeSelection\":\"0to1\",\"edgeRTMS\":5240},{\"edgeSelection\":\"6to8\",\"edgeRTMS\":6516}]","seed":" 32816305","task":"experiment","subjectId":"jayel2dphn5wk1j","trial_type":"external-html","trial_index":43,"time_elapsed":503618,"internal_node_id":"0.0-9.0-0.34"},{"rt":12078,"url":"../static/nodeGraphs.html","edge":"0to2","edgeRT":"9162","flipped":"TRUE","correct_edge":"0to2","index":"33","edgeClickLog":"[{\"edgeSelection\":\"5to7\",\"edgeRTMS\":2610},{\"edgeSelection\":\"0to2\",\"edgeRTMS\":9162}]","seed":" 49587019","task":"experiment","subjectId":"jayel2dphn5wk1j","trial_type":"external-html","trial_index":44,"time_elapsed":516376,"internal_node_id":"0.0-9.0-0.35"},{"rt":4006,"url":"../static/nodeGraphs.html","edge":"0to1","edgeRT":"2767","flipped":"FALSE","correct_edge":"0to1","index":"19","edgeClickLog":"[{\"edgeSelection\":\"0to1\",\"edgeRTMS\":2767}]","seed":" 37422119","task":"experiment","subjectId":"jayel2dphn5wk1j","trial_type":"external-html","trial_index":45,"time_elapsed":521073,"internal_node_id":"0.0-9.0-0.36"},{"rt":4636,"url":"../static/nodeGraphs.html","edge":"2to6","edgeRT":"3567","flipped":"TRUE","correct_edge":"2to6","index":"25","edgeClickLog":"[{\"edgeSelection\":\"2to6\",\"edgeRTMS\":3567}]","seed":" 10409262","task":"experiment","subjectId":"jayel2dphn5wk1j","trial_type":"external-html","trial_index":46,"time_elapsed":526391,"internal_node_id":"0.0-9.0-0.37"},{"rt":7535,"url":"../static/nodeGraphs.html","edge":"6to9","edgeRT":"6641","flipped":"TRUE","correct_edge":"6to9","index":"26","edgeClickLog":"[{\"edgeSelection\":\"6to9\",\"edgeRTMS\":6641}]","seed":" 13523788","task":"experiment","subjectId":"jayel2dphn5wk1j","trial_type":"external-html","trial_index":47,"time_elapsed":534608,"internal_node_id":"0.0-9.0-0.38"},{"rt":5978,"url":"../static/nodeGraphs.html","edge":"0to3","edgeRT":"4157","flipped":"FALSE","correct_edge":"0to3","index":"9","edgeClickLog":"[{\"edgeSelection\":\"0to3\",\"edgeRTMS\":4157}]","seed":" 61187187","task":"experiment","subjectId":"jayel2dphn5wk1j","trial_type":"external-html","trial_index":48,"time_elapsed":541269,"internal_node_id":"0.0-9.0-0.39"},{"rt":24169,"response":{"P0_Q0":null,"P0_Q1":3,"P0_Q2":1,"P0_Q3":5,"P0_Q4":4,"P0_Q5":6,"strategies":"I tried to find the highest point value from the start.","feedback":""},"accuracy":[],"trial_type":"survey","trial_index":49,"time_elapsed":566004,"internal_node_id":"0.0-10.0"},{"rt":3564,"stimulus":"<p>Thanks for your time!</p>        <p>We need to manually calculate your bonus pay, please give us up to 7 days.</p><p>Press any key to conclude.</p>","response":" ","task":"end","subjectId":"jayel2dphn5wk1j","trial_type":"html-keyboard-response","trial_index":50,"time_elapsed":569570,"internal_node_id":"0.0-11.0","interactions":"[{\"event\":\"fullscreenenter\",\"trial\":1,\"time\":2518}]"}]