[{"success":true,"timeout":false,"failed_images":[],"failed_audio":[],"failed_video":[],"trial_type":"preload","trial_index":0,"time_elapsed":1379,"internal_node_id":"0.0-0.0"},{"success":true,"trial_type":"fullscreen","trial_index":1,"time_elapsed":12752,"internal_node_id":"0.0-1.0"},{"rt":2094,"stimulus":"Welcome to the experiment. Press any key to begin.","response":" ","trial_type":"html-keyboard-response","trial_index":2,"time_elapsed":14847,"internal_node_id":"0.0-2.0"},{"view_history":[{"page_index":0,"viewing_time":3012},{"page_index":1,"viewing_time":4882},{"page_index":2,"viewing_time":18888},{"page_index":3,"viewing_time":3240},{"page_index":4,"viewing_time":1847},{"page_index":5,"viewing_time":1854},{"page_index":6,"viewing_time":2104},{"page_index":7,"viewing_time":12590},{"page_index":8,"viewing_time":16839},{"page_index":9,"viewing_time":5996},{"page_index":10,"viewing_time":4309},{"page_index":11,"viewing_time":810},{"page_index":12,"viewing_time":855},{"page_index":13,"viewing_time":1080},{"page_index":14,"viewing_time":2542},{"page_index":15,"viewing_time":5838},{"page_index":16,"viewing_time":1993},{"page_index":17,"viewing_time":1057},{"page_index":18,"viewing_time":1394},{"page_index":19,"viewing_time":6007},{"page_index":20,"viewing_time":5861},{"page_index":21,"viewing_time":13331}],"rt":116330,"trial_type":"instructions","trial_index":3,"time_elapsed":131176,"internal_node_id":"0.0-3.0"},{"rt":77277,"url":"../static/nodeGraphsTraining.html","edgeClickLog":[],"trial_type":"external-html","trial_index":4,"time_elapsed":208741,"internal_node_id":"0.0-4.0"},{"rt":57584,"response":{"q1":"The goal is to help the student to get the most points","q2":"False","q3":"Possible paths the student can take.","q4":"Paths that the student took before."},"question_order":[0,1,2,3],"trial_type":"survey-multi-choice","trial_index":5,"time_elapsed":266327,"internal_node_id":"0.0-5.0"},{"rt":4384,"stimulus":"<p>You can take a 60 second break before starting the experiment.</p><br><br><p>This page will advance in 60 seconds or you can press any key to advance now.</p>","response":" ","trial_type":"html-keyboard-response","trial_index":6,"time_elapsed":270712,"internal_node_id":"0.0-7.0"},{"view_history":[{"page_index":0,"viewing_time":2992}],"rt":2992,"trial_type":"instructions","trial_index":7,"time_elapsed":273704,"internal_node_id":"0.0-8.0"},{"rt":13705,"url":"../static/nodeGraphs.html","edge":"5to8","edgeRT":"12649","flipped":"FALSE","correct_edge":"0to2","index":"7","edgeClickLog":"[{\"edgeSelection\":\"0to2\",\"edgeRTMS\":9831},{\"edgeSelection\":\"2to5\",\"edgeRTMS\":11701},{\"edgeSelection\":\"5to8\",\"edgeRTMS\":12649}]","seed":" 85614324","task":"experiment","subjectId":"rghchhtl1wp14cy","trial_type":"external-html","trial_index":8,"time_elapsed":287610,"internal_node_id":"0.0-9.0-0.0"},{"rt":16319,"url":"../static/nodeGraphs.html","edge":"4to8","edgeRT":"9816","flipped":"TRUE","correct_edge":"6to9","index":"26","edgeClickLog":"[{\"edgeSelection\":\"0to1\",\"edgeRTMS\":3829},{\"edgeSelection\":\"1to4\",\"edgeRTMS\":6493},{\"edgeSelection\":\"1to4\",\"edgeRTMS\":8263},{\"edgeSelection\":\"4to8\",\"edgeRTMS\":9816}]","seed":" 13523788","task":"experiment","subjectId":"rghchhtl1wp14cy","trial_type":"external-html","trial_index":9,"time_elapsed":304618,"internal_node_id":"0.0-9.0-0.1"},{"rt":60442,"url":"../static/nodeGraphs.html","edge":"0to1","edgeRT":"58448","flipped":"TRUE","correct_edge":"0to1","index":"29","edgeClickLog":"[{\"edgeSelection\":\"0to1\",\"edgeRTMS\":5026},{\"edgeSelection\":\"1to4\",\"edgeRTMS\":6310},{\"edgeSelection\":\"4to8\",\"edgeRTMS\":8695},{\"edgeSelection\":\"0to1\",\"edgeRTMS\":12449},{\"edgeSelection\":\"1to4\",\"edgeRTMS\":13801},{\"edgeSelection\":\"4to8\",\"edgeRTMS\":15029},{\"edgeSelection\":\"0to1\",\"edgeRTMS\":19953},{\"edgeSelection\":\"1to5\",\"edgeRTMS\":21485},{\"edgeSelection\":\"0to1\",\"edgeRTMS\":23478},{\"edgeSelection\":\"0to3\",\"edgeRTMS\":28517},{\"edgeSelection\":\"0to1\",\"edgeRTMS\":29642},{\"edgeSelection\":\"1to5\",\"edgeRTMS\":32207},{\"edgeSelection\":\"0to1\",\"edgeRTMS\":58448}]","seed":" 61187187","task":"experiment","subjectId":"rghchhtl1wp14cy","trial_type":"external-html","trial_index":10,"time_elapsed":365748,"internal_node_id":"0.0-9.0-0.2"},{"rt":10747,"url":"../static/nodeGraphs.html","edge":"0to3","edgeRT":"9195","flipped":"FALSE","correct_edge":"5to9","index":"16","edgeClickLog":"[{\"edgeSelection\":\"0to3\",\"edgeRTMS\":9195}]","seed":" 5655743","task":"experiment","subjectId":"rghchhtl1wp14cy","trial_type":"external-html","trial_index":11,"time_elapsed":377188,"internal_node_id":"0.0-9.0-0.3"},{"rt":5676,"url":"../static/nodeGraphs.html","edge":"0to2","edgeRT":"3456","flipped":"FALSE","correct_edge":"0to2","index":"8","edgeClickLog":"[{\"edgeSelection\":\"0to2\",\"edgeRTMS\":3456}]","seed":" 8396978","task":"experiment","subjectId":"rghchhtl1wp14cy","trial_type":"external-html","trial_index":12,"time_elapsed":383567,"internal_node_id":"0.0-9.0-0.4"},{"rt":6349,"url":"../static/nodeGraphs.html","edge":"0to1","edgeRT":"4520","flipped":"FALSE","correct_edge":"0to2","index":"10","edgeClickLog":"[{\"edgeSelection\":\"0to2\",\"edgeRTMS\":3302},{\"edgeSelection\":\"0to1\",\"edgeRTMS\":4520}]","seed":" 39688702","task":"experiment","subjectId":"rghchhtl1wp14cy","trial_type":"external-html","trial_index":13,"time_elapsed":390608,"internal_node_id":"0.0-9.0-0.5"},{"rt":20334,"url":"../static/nodeGraphs.html","edge":"0to2","edgeRT":"19208","flipped":"FALSE","correct_edge":"3to5","index":"18","edgeClickLog":"[{\"edgeSelection\":\"0to2\",\"edgeRTMS\":19208}]","seed":" 22181670","task":"experiment","subjectId":"rghchhtl1wp14cy","trial_type":"external-html","trial_index":14,"time_elapsed":411633,"internal_node_id":"0.0-9.0-0.6"},{"rt":6394,"url":"../static/nodeGraphs.html","edge":"0to2","edgeRT":"4403","flipped":"TRUE","correct_edge":"0to2","index":"28","edgeClickLog":"[{\"edgeSelection\":\"0to2\",\"edgeRTMS\":4403}]","seed":" 8396978","task":"experiment","subjectId":"rghchhtl1wp14cy","trial_type":"external-html","trial_index":15,"time_elapsed":418731,"internal_node_id":"0.0-9.0-0.7"},{"rt":890721,"url":"../static/nodeGraphs.html","edge":"0to1","edgeRT":"889305","flipped":"TRUE","correct_edge":"2to4","index":"35","edgeClickLog":"[{\"edgeSelection\":\"0to1\",\"edgeRTMS\":887367},{\"edgeSelection\":\"1to4\",\"edgeRTMS\":888450},{\"edgeSelection\":\"0to1\",\"edgeRTMS\":889305}]","seed":" 53220770","task":"experiment","subjectId":"rghchhtl1wp14cy","trial_type":"external-html","trial_index":16,"time_elapsed":1310212,"internal_node_id":"0.0-9.0-0.8"},{"rt":5465,"url":"../static/nodeGraphs.html","edge":"0to2","edgeRT":"4020","flipped":"TRUE","correct_edge":"5to8","index":"23","edgeClickLog":"[{\"edgeSelection\":\"0to2\",\"edgeRTMS\":4020}]","seed":" 46003743","task":"experiment","subjectId":"rghchhtl1wp14cy","trial_type":"external-html","trial_index":17,"time_elapsed":1316374,"internal_node_id":"0.0-9.0-0.9"},{"rt":4014,"url":"../static/nodeGraphs.html","edge":"0to3","edgeRT":"2485","flipped":"FALSE","correct_edge":"4to8","index":"1","edgeClickLog":"[{\"edgeSelection\":\"0to3\",\"edgeRTMS\":2485}]","seed":" 32816305","task":"experiment","subjectId":"rghchhtl1wp14cy","trial_type":"external-html","trial_index":18,"time_elapsed":1321076,"internal_node_id":"0.0-9.0-0.10"},{"rt":4773,"url":"../static/nodeGraphs.html","edge":"0to1","edgeRT":"3089","flipped":"TRUE","correct_edge":"6to8","index":"21","edgeClickLog":"[{\"edgeSelection\":\"0to1\",\"edgeRTMS\":1197},{\"edgeSelection\":\"1to5\",\"edgeRTMS\":2279},{\"edgeSelection\":\"0to1\",\"edgeRTMS\":3089}]","seed":" 32816305","task":"experiment","subjectId":"rghchhtl1wp14cy","trial_type":"external-html","trial_index":19,"time_elapsed":1326543,"internal_node_id":"0.0-9.0-0.11"},{"rt":2664,"url":"../static/nodeGraphs.html","edge":"0to3","edgeRT":"1530","flipped":"TRUE","correct_edge":"0to3","index":"39","edgeClickLog":"[{\"edgeSelection\":\"0to3\",\"edgeRTMS\":1530}]","seed":" 37422119","task":"experiment","subjectId":"rghchhtl1wp14cy","trial_type":"external-html","trial_index":20,"time_elapsed":1329896,"internal_node_id":"0.0-9.0-0.12"},{"rt":2483,"url":"../static/nodeGraphs.html","edge":"0to2","edgeRT":"1383","flipped":"TRUE","correct_edge":"0to2","index":"31","edgeClickLog":"[{\"edgeSelection\":\"0to2\",\"edgeRTMS\":1383}]","seed":" 63833578","task":"experiment","subjectId":"rghchhtl1wp14cy","trial_type":"external-html","trial_index":21,"time_elapsed":1333079,"internal_node_id":"0.0-9.0-0.13"},{"rt":6881,"url":"../static/nodeGraphs.html","edge":"0to2","edgeRT":"4599","flipped":"TRUE","correct_edge":"0to2","index":"33","edgeClickLog":"[{\"edgeSelection\":\"0to2\",\"edgeRTMS\":4599}]","seed":" 49587019","task":"experiment","subjectId":"rghchhtl1wp14cy","trial_type":"external-html","trial_index":22,"time_elapsed":1340661,"internal_node_id":"0.0-9.0-0.14"},{"rt":6895,"url":"../static/nodeGraphs.html","edge":"0to1","edgeRT":"1404","flipped":"TRUE","correct_edge":"0to1","index":"32","edgeClickLog":"[{\"edgeSelection\":\"0to1\",\"edgeRTMS\":1404}]","seed":" 36895371","task":"experiment","subjectId":"rghchhtl1wp14cy","trial_type":"external-html","trial_index":23,"time_elapsed":1348255,"internal_node_id":"0.0-9.0-0.15"},{"rt":4694,"url":"../static/nodeGraphs.html","edge":"0to3","edgeRT":"3018","flipped":"FALSE","correct_edge":"2to6","index":"15","edgeClickLog":"[{\"edgeSelection\":\"0to3\",\"edgeRTMS\":3018}]","seed":" 53220770","task":"experiment","subjectId":"rghchhtl1wp14cy","trial_type":"external-html","trial_index":24,"time_elapsed":1353635,"internal_node_id":"0.0-9.0-0.16"},{"rt":2537,"url":"../static/nodeGraphs.html","edge":"0to2","edgeRT":"1459","flipped":"FALSE","correct_edge":"0to2","index":"11","edgeClickLog":"[{\"edgeSelection\":\"0to2\",\"edgeRTMS\":1459}]","seed":" 63833578","task":"experiment","subjectId":"rghchhtl1wp14cy","trial_type":"external-html","trial_index":25,"time_elapsed":1356861,"internal_node_id":"0.0-9.0-0.17"},{"rt":2385,"url":"../static/nodeGraphs.html","edge":"0to3","edgeRT":"1386","flipped":"FALSE","correct_edge":"0to3","index":"9","edgeClickLog":"[{\"edgeSelection\":\"0to3\",\"edgeRTMS\":1386}]","seed":" 61187187","task":"experiment","subjectId":"rghchhtl1wp14cy","trial_type":"external-html","trial_index":26,"time_elapsed":1359943,"internal_node_id":"0.0-9.0-0.18"},{"rt":8495,"url":"../static/nodeGraphs.html","edge":"0to3","edgeRT":"7169","flipped":"FALSE","correct_edge":"0to2","index":"14","edgeClickLog":"[{\"edgeSelection\":\"6to9\",\"edgeRTMS\":6267},{\"edgeSelection\":\"0to3\",\"edgeRTMS\":7169}]","seed":" 21083760","task":"experiment","subjectId":"rghchhtl1wp14cy","trial_type":"external-html","trial_index":27,"time_elapsed":1369202,"internal_node_id":"0.0-9.0-0.19"},{"rt":12183,"url":"../static/nodeGraphs.html","edge":"0to1","edgeRT":"9025","flipped":"TRUE","correct_edge":"5to7","index":"36","edgeClickLog":"[{\"edgeSelection\":\"0to1\",\"edgeRTMS\":9025}]","seed":" 5655743","task":"experiment","subjectId":"rghchhtl1wp14cy","trial_type":"external-html","trial_index":28,"time_elapsed":1382072,"internal_node_id":"0.0-9.0-0.20"},{"rt":19153,"url":"../static/nodeGraphs.html","edge":"0to3","edgeRT":"4570","flipped":"FALSE","correct_edge":"0to3","index":"12","edgeClickLog":"[{\"edgeSelection\":\"0to3\",\"edgeRTMS\":4570}]","seed":" 36895371","task":"experiment","subjectId":"rghchhtl1wp14cy","trial_type":"external-html","trial_index":29,"time_elapsed":1401916,"internal_node_id":"0.0-9.0-0.21"},{"rt":3027,"url":"../static/nodeGraphs.html","edge":"0to1","edgeRT":"1667","flipped":"FALSE","correct_edge":"1to4","index":"2","edgeClickLog":"[{\"edgeSelection\":\"0to1\",\"edgeRTMS\":1667}]","seed":" 22809663","task":"experiment","subjectId":"rghchhtl1wp14cy","trial_type":"external-html","trial_index":30,"time_elapsed":1405629,"internal_node_id":"0.0-9.0-0.22"},{"rt":19869,"url":"../static/nodeGraphs.html","edge":"0to2","edgeRT":"18474","flipped":"TRUE","correct_edge":"2to6","index":"24","edgeClickLog":"[{\"edgeSelection\":\"0to2\",\"edgeRTMS\":18474}]","seed":" 36501291","task":"experiment","subjectId":"rghchhtl1wp14cy","trial_type":"external-html","trial_index":31,"time_elapsed":1426193,"internal_node_id":"0.0-9.0-0.23"},{"rt":6825,"url":"../static/nodeGraphs.html","edge":"0to3","edgeRT":"5058","flipped":"FALSE","correct_edge":"4to7","index":"6","edgeClickLog":"[{\"edgeSelection\":\"0to3\",\"edgeRTMS\":5058}]","seed":" 13523788","task":"experiment","subjectId":"rghchhtl1wp14cy","trial_type":"external-html","trial_index":32,"time_elapsed":1433787,"internal_node_id":"0.0-9.0-0.24"},{"rt":5867,"url":"../static/nodeGraphs.html","edge":"0to2","edgeRT":"3956","flipped":"TRUE","correct_edge":"0to2","index":"27","edgeClickLog":"[{\"edgeSelection\":\"0to2\",\"edgeRTMS\":2795},{\"edgeSelection\":\"0to2\",\"edgeRTMS\":3719},{\"edgeSelection\":\"0to2\",\"edgeRTMS\":3956}]","seed":" 85614324","task":"experiment","subjectId":"rghchhtl1wp14cy","trial_type":"external-html","trial_index":33,"time_elapsed":1440345,"internal_node_id":"0.0-9.0-0.25"},{"rt":3652,"url":"../static/nodeGraphs.html","edge":"0to2","edgeRT":"2270","flipped":"TRUE","correct_edge":"0to2","index":"30","edgeClickLog":"[{\"edgeSelection\":\"0to2\",\"edgeRTMS\":1763},{\"edgeSelection\":\"0to2\",\"edgeRTMS\":2270}]","seed":" 39688702","task":"experiment","subjectId":"rghchhtl1wp14cy","trial_type":"external-html","trial_index":34,"time_elapsed":1444766,"internal_node_id":"0.0-9.0-0.26"},{"rt":2541,"url":"../static/nodeGraphs.html","edge":"0to2","edgeRT":"1541","flipped":"FALSE","correct_edge":"0to2","index":"17","edgeClickLog":"[{\"edgeSelection\":\"0to2\",\"edgeRTMS\":1541}]","seed":" 21211189","task":"experiment","subjectId":"rghchhtl1wp14cy","trial_type":"external-html","trial_index":35,"time_elapsed":1448096,"internal_node_id":"0.0-9.0-0.27"},{"rt":14699,"url":"../static/nodeGraphs.html","edge":"0to2","edgeRT":"13072","flipped":"FALSE","correct_edge":"0to2","index":"13","edgeClickLog":"[{\"edgeSelection\":\"0to1\",\"edgeRTMS\":11326},{\"edgeSelection\":\"0to2\",\"edgeRTMS\":13072}]","seed":" 49587019","task":"experiment","subjectId":"rghchhtl1wp14cy","trial_type":"external-html","trial_index":36,"time_elapsed":1463485,"internal_node_id":"0.0-9.0-0.28"},{"rt":12268,"url":"../static/nodeGraphs.html","edge":"0to2","edgeRT":"9795","flipped":"TRUE","correct_edge":"0to2","index":"34","edgeClickLog":"[{\"edgeSelection\":\"0to1\",\"edgeRTMS\":7612},{\"edgeSelection\":\"0to2\",\"edgeRTMS\":9795}]","seed":" 21083760","task":"experiment","subjectId":"rghchhtl1wp14cy","trial_type":"external-html","trial_index":37,"time_elapsed":1476445,"internal_node_id":"0.0-9.0-0.29"},{"rt":2376,"url":"../static/nodeGraphs.html","edge":"0to2","edgeRT":"1220","flipped":"TRUE","correct_edge":"1to5","index":"38","edgeClickLog":"[{\"edgeSelection\":\"0to2\",\"edgeRTMS\":1220}]","seed":" 22181670","task":"experiment","subjectId":"rghchhtl1wp14cy","trial_type":"external-html","trial_index":38,"time_elapsed":1479527,"internal_node_id":"0.0-9.0-0.30"},{"rt":7947,"url":"../static/nodeGraphs.html","edge":"0to3","edgeRT":"6979","flipped":"TRUE","correct_edge":"3to6","index":"22","edgeClickLog":"[{\"edgeSelection\":\"0to3\",\"edgeRTMS\":6979}]","seed":" 22809663","task":"experiment","subjectId":"rghchhtl1wp14cy","trial_type":"external-html","trial_index":39,"time_elapsed":1488257,"internal_node_id":"0.0-9.0-0.31"},{"rt":8324,"url":"../static/nodeGraphs.html","edge":"0to2","edgeRT":"6582","flipped":"FALSE","correct_edge":"5to8","index":"3","edgeClickLog":"[{\"edgeSelection\":\"0to2\",\"edgeRTMS\":6582}]","seed":" 46003743","task":"experiment","subjectId":"rghchhtl1wp14cy","trial_type":"external-html","trial_index":40,"time_elapsed":1497279,"internal_node_id":"0.0-9.0-0.32"},{"rt":6962,"url":"../static/nodeGraphs.html","edge":"0to2","edgeRT":"5805","flipped":"FALSE","correct_edge":"2to4","index":"5","edgeClickLog":"[{\"edgeSelection\":\"0to2\",\"edgeRTMS\":5805}]","seed":" 10409262","task":"experiment","subjectId":"rghchhtl1wp14cy","trial_type":"external-html","trial_index":41,"time_elapsed":1504929,"internal_node_id":"0.0-9.0-0.33"},{"rt":5580,"url":"../static/nodeGraphs.html","edge":"0to2","edgeRT":"4626","flipped":"TRUE","correct_edge":"2to6","index":"25","edgeClickLog":"[{\"edgeSelection\":\"0to2\",\"edgeRTMS\":4626}]","seed":" 10409262","task":"experiment","subjectId":"rghchhtl1wp14cy","trial_type":"external-html","trial_index":42,"time_elapsed":1511353,"internal_node_id":"0.0-9.0-0.34"},{"rt":4554,"url":"../static/nodeGraphs.html","edge":"0to1","edgeRT":"3294","flipped":"FALSE","correct_edge":"0to1","index":"19","edgeClickLog":"[{\"edgeSelection\":\"0to1\",\"edgeRTMS\":3294}]","seed":" 37422119","task":"experiment","subjectId":"rghchhtl1wp14cy","trial_type":"external-html","trial_index":43,"time_elapsed":1516707,"internal_node_id":"0.0-9.0-0.35"},{"rt":5701,"url":"../static/nodeGraphs.html","edge":"0to1","edgeRT":"4511","flipped":"FALSE","correct_edge":"0to1","index":"0","edgeClickLog":"[{\"edgeSelection\":\"0to1\",\"edgeRTMS\":4511}]","seed":" 21745736","task":"experiment","subjectId":"rghchhtl1wp14cy","trial_type":"external-html","trial_index":44,"time_elapsed":1523108,"internal_node_id":"0.0-9.0-0.36"},{"rt":3042,"url":"../static/nodeGraphs.html","edge":"0to2","edgeRT":"1955","flipped":"TRUE","correct_edge":"0to2","index":"37","edgeClickLog":"[{\"edgeSelection\":\"0to2\",\"edgeRTMS\":1955}]","seed":" 21211189","task":"experiment","subjectId":"rghchhtl1wp14cy","trial_type":"external-html","trial_index":45,"time_elapsed":1526843,"internal_node_id":"0.0-9.0-0.37"},{"rt":26155,"url":"../static/nodeGraphs.html","edge":"0to3","edgeRT":"24809","flipped":"TRUE","correct_edge":"0to3","index":"20","edgeClickLog":"[{\"edgeSelection\":\"0to3\",\"edgeRTMS\":24809}]","seed":" 21745736","task":"experiment","subjectId":"rghchhtl1wp14cy","trial_type":"external-html","trial_index":46,"time_elapsed":1553685,"internal_node_id":"0.0-9.0-0.38"},{"rt":27562,"url":"../static/nodeGraphs.html","edge":"0to2","edgeRT":"26097","flipped":"FALSE","correct_edge":"2to4","index":"4","edgeClickLog":"[{\"edgeSelection\":\"0to2\",\"edgeRTMS\":26097}]","seed":" 36501291","task":"experiment","subjectId":"rghchhtl1wp14cy","trial_type":"external-html","trial_index":47,"time_elapsed":1581945,"internal_node_id":"0.0-9.0-0.39"},{"rt":27257,"response":{"P0_Q0":null,"P0_Q1":1,"P0_Q2":5,"P0_Q3":6,"P0_Q4":1,"P0_Q5":1,"strategies":"look for the path to get the highest outcome overall","feedback":""},"accuracy":[],"trial_type":"survey","trial_index":48,"time_elapsed":1609777,"internal_node_id":"0.0-10.0"},{"rt":4063,"stimulus":"<p>Thanks for your time!</p>        <p>We need to manually calculate your bonus pay, please give us up to 7 days.</p><p>Press any key to conclude.</p>","response":" ","task":"end","subjectId":"rghchhtl1wp14cy","trial_type":"html-keyboard-response","trial_index":49,"time_elapsed":1613844,"internal_node_id":"0.0-11.0","interactions":"[{\"event\":\"blur\",\"trial\":0,\"time\":485},{\"event\":\"focus\",\"trial\":1,\"time\":10891},{\"event\":\"fullscreenenter\",\"trial\":1,\"time\":11787},{\"event\":\"blur\",\"trial\":4,\"time\":144168},{\"event\":\"fullscreenexit\",\"trial\":4,\"time\":144174},{\"event\":\"focus\",\"trial\":4,\"time\":144305},{\"event\":\"blur\",\"trial\":4,\"time\":150197},{\"event\":\"focus\",\"trial\":4,\"time\":150321},{\"event\":\"blur\",\"trial\":4,\"time\":153119},{\"event\":\"focus\",\"trial\":4,\"time\":153254},{\"event\":\"blur\",\"trial\":4,\"time\":155263},{\"event\":\"focus\",\"trial\":4,\"time\":155387},{\"event\":\"blur\",\"trial\":4,\"time\":168107},{\"event\":\"focus\",\"trial\":4,\"time\":180452},{\"event\":\"blur\",\"trial\":4,\"time\":182229},{\"event\":\"focus\",\"trial\":4,\"time\":182354},{\"event\":\"blur\",\"trial\":5,\"time\":229259},{\"event\":\"focus\",\"trial\":5,\"time\":260682},{\"event\":\"blur\",\"trial\":8,\"time\":282675},{\"event\":\"focus\",\"trial\":8,\"time\":282818},{\"event\":\"blur\",\"trial\":9,\"time\":304947},{\"event\":\"focus\",\"trial\":10,\"time\":307724},{\"event\":\"blur\",\"trial\":10,\"time\":323581},{\"event\":\"focus\",\"trial\":10,\"time\":323716},{\"event\":\"blur\",\"trial\":10,\"time\":362319},{\"event\":\"focus\",\"trial\":10,\"time\":362319},{\"event\":\"blur\",\"trial\":10,\"time\":362319},{\"event\":\"focus\",\"trial\":10,\"time\":362449},{\"event\":\"blur\",\"trial\":14,\"time\":391283},{\"event\":\"focus\",\"trial\":14,\"time\":406350},{\"event\":\"blur\",\"trial\":14,\"time\":412004},{\"event\":\"focus\",\"trial\":15,\"time\":414427},{\"event\":\"blur\",\"trial\":16,\"time\":420057},{\"event\":\"focus\",\"trial\":16,\"time\":1300952},{\"event\":\"blur\",\"trial\":24,\"time\":1348885},{\"event\":\"focus\",\"trial\":24,\"time\":1350656},{\"event\":\"blur\",\"trial\":26,\"time\":1360305},{\"event\":\"focus\",\"trial\":27,\"time\":1362374},{\"event\":\"blur\",\"trial\":27,\"time\":1366023},{\"event\":\"focus\",\"trial\":27,\"time\":1366023},{\"event\":\"blur\",\"trial\":27,\"time\":1366023},{\"event\":\"focus\",\"trial\":27,\"time\":1366166},{\"event\":\"blur\",\"trial\":27,\"time\":1369430},{\"event\":\"focus\",\"trial\":28,\"time\":1373309},{\"event\":\"blur\",\"trial\":29,\"time\":1389415},{\"event\":\"focus\",\"trial\":29,\"time\":1397289},{\"event\":\"blur\",\"trial\":29,\"time\":1397635},{\"event\":\"focus\",\"trial\":29,\"time\":1400725},{\"event\":\"blur\",\"trial\":30,\"time\":1405992},{\"event\":\"focus\",\"trial\":31,\"time\":1423795},{\"event\":\"blur\",\"trial\":32,\"time\":1427668},{\"event\":\"focus\",\"trial\":32,\"time\":1430507},{\"event\":\"blur\",\"trial\":35,\"time\":1448367},{\"event\":\"focus\",\"trial\":36,\"time\":1458575},{\"event\":\"blur\",\"trial\":37,\"time\":1464479},{\"event\":\"focus\",\"trial\":37,\"time\":1470964},{\"event\":\"blur\",\"trial\":38,\"time\":1479844},{\"event\":\"focus\",\"trial\":39,\"time\":1486793},{\"event\":\"blur\",\"trial\":39,\"time\":1488740},{\"event\":\"focus\",\"trial\":40,\"time\":1491979},{\"event\":\"blur\",\"trial\":40,\"time\":1497550},{\"event\":\"focus\",\"trial\":41,\"time\":1502681},{\"event\":\"blur\",\"trial\":42,\"time\":1506394},{\"event\":\"focus\",\"trial\":42,\"time\":1509342},{\"event\":\"blur\",\"trial\":42,\"time\":1511718},{\"event\":\"focus\",\"trial\":43,\"time\":1514427},{\"event\":\"blur\",\"trial\":43,\"time\":1517033},{\"event\":\"focus\",\"trial\":44,\"time\":1519411},{\"event\":\"blur\",\"trial\":44,\"time\":1523446},{\"event\":\"focus\",\"trial\":45,\"time\":1525000},{\"event\":\"blur\",\"trial\":46,\"time\":1528542},{\"event\":\"focus\",\"trial\":46,\"time\":1550054},{\"event\":\"blur\",\"trial\":47,\"time\":1554441},{\"event\":\"focus\",\"trial\":47,\"time\":1577070},{\"event\":\"blur\",\"trial\":47,\"time\":1579349},{\"event\":\"focus\",\"trial\":47,\"time\":1579509},{\"event\":\"blur\",\"trial\":47,\"time\":1582393},{\"event\":\"focus\",\"trial\":48,\"time\":1587690},{\"event\":\"blur\",\"trial\":49,\"time\":1610204},{\"event\":\"focus\",\"trial\":49,\"time\":1612038}]"}]