[{"success":true,"timeout":false,"failed_images":[],"failed_audio":[],"failed_video":[],"trial_type":"preload","trial_index":0,"time_elapsed":843,"internal_node_id":"0.0-0.0"},{"success":true,"trial_type":"fullscreen","trial_index":1,"time_elapsed":3354,"internal_node_id":"0.0-1.0"},{"rt":1973,"stimulus":"Welcome to the experiment. Press any key to begin.","response":"enter","trial_type":"html-keyboard-response","trial_index":2,"time_elapsed":5329,"internal_node_id":"0.0-2.0"},{"view_history":[{"page_index":0,"viewing_time":2025},{"page_index":1,"viewing_time":2746},{"page_index":2,"viewing_time":33932},{"page_index":3,"viewing_time":11538},{"page_index":4,"viewing_time":1437},{"page_index":5,"viewing_time":1116},{"page_index":6,"viewing_time":2152},{"page_index":7,"viewing_time":8112},{"page_index":8,"viewing_time":11466},{"page_index":9,"viewing_time":5197},{"page_index":10,"viewing_time":1156},{"page_index":11,"viewing_time":518},{"page_index":12,"viewing_time":462},{"page_index":13,"viewing_time":840},{"page_index":14,"viewing_time":1674},{"page_index":15,"viewing_time":6030},{"page_index":16,"viewing_time":932},{"page_index":17,"viewing_time":572},{"page_index":18,"viewing_time":662},{"page_index":19,"viewing_time":6616},{"page_index":20,"viewing_time":2206},{"page_index":21,"viewing_time":2736}],"rt":104123,"trial_type":"instructions","trial_index":3,"time_elapsed":109452,"internal_node_id":"0.0-3.0"},{"rt":55204,"url":"../static/nodeGraphsTraining.html","edgeClickLog":[],"trial_type":"external-html","trial_index":4,"time_elapsed":164837,"internal_node_id":"0.0-4.0"},{"rt":40724,"response":{"q1":"The goal is to help the student to get the most points","q2":"False","q3":"Possible paths the student can take.","q4":"Paths that the student took before."},"question_order":[0,1,2,3],"trial_type":"survey-multi-choice","trial_index":5,"time_elapsed":205564,"internal_node_id":"0.0-5.0"},{"rt":2403,"stimulus":"<p>You can take a 60 second break before starting the experiment.</p><br><br><p>This page will advance in 60 seconds or you can press any key to advance now.</p>","response":"enter","trial_type":"html-keyboard-response","trial_index":6,"time_elapsed":207970,"internal_node_id":"0.0-7.0"},{"view_history":[{"page_index":0,"viewing_time":11439}],"rt":11440,"trial_type":"instructions","trial_index":7,"time_elapsed":219411,"internal_node_id":"0.0-8.0"},{"rt":18000,"url":"../static/nodeGraphs.html","edge":"2to6","edgeRT":"9389","flipped":"TRUE","correct_edge":"2to6","index":"25","edgeClickLog":"[{\"edgeSelection\":\"2to6\",\"edgeRTMS\":9389}]","seed":" 10409262","task":"experiment","subjectId":"0svkc3w32my7r9x","trial_type":"external-html","trial_index":8,"time_elapsed":237540,"internal_node_id":"0.0-9.0-0.0"},{"rt":6909,"url":"../static/nodeGraphs.html","edge":"6to9","edgeRT":"5790","flipped":"TRUE","correct_edge":"6to9","index":"26","edgeClickLog":"[{\"edgeSelection\":\"6to9\",\"edgeRTMS\":5790}]","seed":" 13523788","task":"experiment","subjectId":"0svkc3w32my7r9x","trial_type":"external-html","trial_index":9,"time_elapsed":245079,"internal_node_id":"0.0-9.0-0.1"},{"rt":19741,"url":"../static/nodeGraphs.html","edge":"2to4","edgeRT":"17688","flipped":"TRUE","correct_edge":"2to4","index":"35","edgeClickLog":"[{\"edgeSelection\":\"2to4\",\"edgeRTMS\":17688}]","seed":" 53220770","task":"experiment","subjectId":"0svkc3w32my7r9x","trial_type":"external-html","trial_index":10,"time_elapsed":265415,"internal_node_id":"0.0-9.0-0.2"},{"rt":7307,"url":"../static/nodeGraphs.html","edge":"0to1","edgeRT":"6219","flipped":"FALSE","correct_edge":"0to1","index":"0","edgeClickLog":"[{\"edgeSelection\":\"0to1\",\"edgeRTMS\":6219}]","seed":" 21745736","task":"experiment","subjectId":"0svkc3w32my7r9x","trial_type":"external-html","trial_index":11,"time_elapsed":273325,"internal_node_id":"0.0-9.0-0.3"},{"rt":5216,"url":"../static/nodeGraphs.html","edge":"2to6","edgeRT":"4200","flipped":"TRUE","correct_edge":"2to6","index":"24","edgeClickLog":"[{\"edgeSelection\":\"2to6\",\"edgeRTMS\":4200}]","seed":" 36501291","task":"experiment","subjectId":"0svkc3w32my7r9x","trial_type":"external-html","trial_index":12,"time_elapsed":279147,"internal_node_id":"0.0-9.0-0.4"},{"rt":12990,"url":"../static/nodeGraphs.html","edge":"0to2","edgeRT":"11115","flipped":"FALSE","correct_edge":"0to2","index":"10","edgeClickLog":"[{\"edgeSelection\":\"0to2\",\"edgeRTMS\":11115}]","seed":" 39688702","task":"experiment","subjectId":"0svkc3w32my7r9x","trial_type":"external-html","trial_index":13,"time_elapsed":292773,"internal_node_id":"0.0-9.0-0.5"},{"rt":6902,"url":"../static/nodeGraphs.html","edge":"0to2","edgeRT":"4576","flipped":"TRUE","correct_edge":"0to2","index":"27","edgeClickLog":"[{\"edgeSelection\":\"0to2\",\"edgeRTMS\":4576}]","seed":" 85614324","task":"experiment","subjectId":"0svkc3w32my7r9x","trial_type":"external-html","trial_index":14,"time_elapsed":300276,"internal_node_id":"0.0-9.0-0.6"},{"rt":5215,"url":"../static/nodeGraphs.html","edge":"0to2","edgeRT":"4391","flipped":"TRUE","correct_edge":"0to2","index":"30","edgeClickLog":"[{\"edgeSelection\":\"0to2\",\"edgeRTMS\":4391}]","seed":" 39688702","task":"experiment","subjectId":"0svkc3w32my7r9x","trial_type":"external-html","trial_index":15,"time_elapsed":306090,"internal_node_id":"0.0-9.0-0.7"},{"rt":20760,"url":"../static/nodeGraphs.html","edge":"0to2","edgeRT":"17149","flipped":"FALSE","correct_edge":"0to2","index":"13","edgeClickLog":"[{\"edgeSelection\":\"0to2\",\"edgeRTMS\":17149}]","seed":" 49587019","task":"experiment","subjectId":"0svkc3w32my7r9x","trial_type":"external-html","trial_index":16,"time_elapsed":327487,"internal_node_id":"0.0-9.0-0.8"},{"rt":5709,"url":"../static/nodeGraphs.html","edge":"5to9","edgeRT":"4275","flipped":"TRUE","correct_edge":"0to1","index":"29","edgeClickLog":"[{\"edgeSelection\":\"5to9\",\"edgeRTMS\":4275}]","seed":" 61187187","task":"experiment","subjectId":"0svkc3w32my7r9x","trial_type":"external-html","trial_index":17,"time_elapsed":333796,"internal_node_id":"0.0-9.0-0.9"},{"rt":4402,"url":"../static/nodeGraphs.html","edge":"6to8","edgeRT":"3355","flipped":"TRUE","correct_edge":"6to8","index":"21","edgeClickLog":"[{\"edgeSelection\":\"6to8\",\"edgeRTMS\":3355}]","seed":" 32816305","task":"experiment","subjectId":"0svkc3w32my7r9x","trial_type":"external-html","trial_index":18,"time_elapsed":338831,"internal_node_id":"0.0-9.0-0.10"},{"rt":10783,"url":"../static/nodeGraphs.html","edge":"0to2","edgeRT":"9655","flipped":"TRUE","correct_edge":"1to5","index":"38","edgeClickLog":"[{\"edgeSelection\":\"0to2\",\"edgeRTMS\":9655}]","seed":" 22181670","task":"experiment","subjectId":"0svkc3w32my7r9x","trial_type":"external-html","trial_index":19,"time_elapsed":350241,"internal_node_id":"0.0-9.0-0.11"},{"rt":5264,"url":"../static/nodeGraphs.html","edge":"0to3","edgeRT":"4328","flipped":"FALSE","correct_edge":"0to3","index":"12","edgeClickLog":"[{\"edgeSelection\":\"0to3\",\"edgeRTMS\":4328}]","seed":" 36895371","task":"experiment","subjectId":"0svkc3w32my7r9x","trial_type":"external-html","trial_index":20,"time_elapsed":356133,"internal_node_id":"0.0-9.0-0.12"},{"rt":7188,"url":"../static/nodeGraphs.html","edge":"5to7","edgeRT":"4043","flipped":"FALSE","correct_edge":"0to3","index":"9","edgeClickLog":"[{\"edgeSelection\":\"5to7\",\"edgeRTMS\":4043}]","seed":" 61187187","task":"experiment","subjectId":"0svkc3w32my7r9x","trial_type":"external-html","trial_index":21,"time_elapsed":363929,"internal_node_id":"0.0-9.0-0.13"},{"rt":7467,"url":"../static/nodeGraphs.html","edge":"2to4","edgeRT":"6204","flipped":"FALSE","correct_edge":"2to4","index":"5","edgeClickLog":"[{\"edgeSelection\":\"2to4\",\"edgeRTMS\":6204}]","seed":" 10409262","task":"experiment","subjectId":"0svkc3w32my7r9x","trial_type":"external-html","trial_index":22,"time_elapsed":371989,"internal_node_id":"0.0-9.0-0.14"},{"rt":12383,"url":"../static/nodeGraphs.html","edge":"1to5","edgeRT":"9146","flipped":"FALSE","correct_edge":"0to2","index":"17","edgeClickLog":"[{\"edgeSelection\":\"0to2\",\"edgeRTMS\":5958},{\"edgeSelection\":\"1to5\",\"edgeRTMS\":9146}]","seed":" 21211189","task":"experiment","subjectId":"0svkc3w32my7r9x","trial_type":"external-html","trial_index":23,"time_elapsed":384973,"internal_node_id":"0.0-9.0-0.15"},{"rt":10955,"url":"../static/nodeGraphs.html","edge":"1to4","edgeRT":"9192","flipped":"FALSE","correct_edge":"0to2","index":"14","edgeClickLog":"[{\"edgeSelection\":\"1to4\",\"edgeRTMS\":9192}]","seed":" 21083760","task":"experiment","subjectId":"0svkc3w32my7r9x","trial_type":"external-html","trial_index":24,"time_elapsed":396531,"internal_node_id":"0.0-9.0-0.16"},{"rt":4057,"url":"../static/nodeGraphs.html","edge":"0to2","edgeRT":"3273","flipped":"FALSE","correct_edge":"0to2","index":"7","edgeClickLog":"[{\"edgeSelection\":\"0to2\",\"edgeRTMS\":3273}]","seed":" 85614324","task":"experiment","subjectId":"0svkc3w32my7r9x","trial_type":"external-html","trial_index":25,"time_elapsed":401197,"internal_node_id":"0.0-9.0-0.17"},{"rt":3114,"url":"../static/nodeGraphs.html","edge":"3to5","edgeRT":"2282","flipped":"FALSE","correct_edge":"5to9","index":"16","edgeClickLog":"[{\"edgeSelection\":\"3to5\",\"edgeRTMS\":2282}]","seed":" 5655743","task":"experiment","subjectId":"0svkc3w32my7r9x","trial_type":"external-html","trial_index":26,"time_elapsed":404913,"internal_node_id":"0.0-9.0-0.18"},{"rt":4736,"url":"../static/nodeGraphs.html","edge":"0to2","edgeRT":"3525","flipped":"TRUE","correct_edge":"0to2","index":"28","edgeClickLog":"[{\"edgeSelection\":\"0to2\",\"edgeRTMS\":3525}]","seed":" 8396978","task":"experiment","subjectId":"0svkc3w32my7r9x","trial_type":"external-html","trial_index":27,"time_elapsed":410249,"internal_node_id":"0.0-9.0-0.19"},{"rt":4737,"url":"../static/nodeGraphs.html","edge":"1to4","edgeRT":"3237","flipped":"FALSE","correct_edge":"1to4","index":"2","edgeClickLog":"[{\"edgeSelection\":\"1to4\",\"edgeRTMS\":3237}]","seed":" 22809663","task":"experiment","subjectId":"0svkc3w32my7r9x","trial_type":"external-html","trial_index":28,"time_elapsed":415585,"internal_node_id":"0.0-9.0-0.20"},{"rt":3741,"url":"../static/nodeGraphs.html","edge":"5to9","edgeRT":"2759","flipped":"TRUE","correct_edge":"0to3","index":"39","edgeClickLog":"[{\"edgeSelection\":\"5to9\",\"edgeRTMS\":2759}]","seed":" 37422119","task":"experiment","subjectId":"0svkc3w32my7r9x","trial_type":"external-html","trial_index":29,"time_elapsed":419934,"internal_node_id":"0.0-9.0-0.21"},{"rt":6650,"url":"../static/nodeGraphs.html","edge":"2to6","edgeRT":"5134","flipped":"FALSE","correct_edge":"2to6","index":"15","edgeClickLog":"[{\"edgeSelection\":\"0to3\",\"edgeRTMS\":3602},{\"edgeSelection\":\"2to6\",\"edgeRTMS\":5134}]","seed":" 53220770","task":"experiment","subjectId":"0svkc3w32my7r9x","trial_type":"external-html","trial_index":30,"time_elapsed":427183,"internal_node_id":"0.0-9.0-0.22"},{"rt":4673,"url":"../static/nodeGraphs.html","edge":"0to1","edgeRT":"3429","flipped":"TRUE","correct_edge":"0to1","index":"32","edgeClickLog":"[{\"edgeSelection\":\"0to1\",\"edgeRTMS\":3429}]","seed":" 36895371","task":"experiment","subjectId":"0svkc3w32my7r9x","trial_type":"external-html","trial_index":31,"time_elapsed":432457,"internal_node_id":"0.0-9.0-0.23"},{"rt":3096,"url":"../static/nodeGraphs.html","edge":"1to5","edgeRT":"2113","flipped":"TRUE","correct_edge":"5to7","index":"36","edgeClickLog":"[{\"edgeSelection\":\"1to5\",\"edgeRTMS\":2113}]","seed":" 5655743","task":"experiment","subjectId":"0svkc3w32my7r9x","trial_type":"external-html","trial_index":32,"time_elapsed":436159,"internal_node_id":"0.0-9.0-0.24"},{"rt":5703,"url":"../static/nodeGraphs.html","edge":"0to2","edgeRT":"4715","flipped":"FALSE","correct_edge":"0to2","index":"8","edgeClickLog":"[{\"edgeSelection\":\"0to2\",\"edgeRTMS\":4715}]","seed":" 8396978","task":"experiment","subjectId":"0svkc3w32my7r9x","trial_type":"external-html","trial_index":33,"time_elapsed":442490,"internal_node_id":"0.0-9.0-0.25"},{"rt":3742,"url":"../static/nodeGraphs.html","edge":"4to8","edgeRT":"2733","flipped":"FALSE","correct_edge":"4to8","index":"1","edgeClickLog":"[{\"edgeSelection\":\"4to8\",\"edgeRTMS\":2733}]","seed":" 32816305","task":"experiment","subjectId":"0svkc3w32my7r9x","trial_type":"external-html","trial_index":34,"time_elapsed":446861,"internal_node_id":"0.0-9.0-0.26"},{"rt":4656,"url":"../static/nodeGraphs.html","edge":"3to5","edgeRT":"3112","flipped":"FALSE","correct_edge":"3to5","index":"18","edgeClickLog":"[{\"edgeSelection\":\"3to5\",\"edgeRTMS\":3112}]","seed":" 22181670","task":"experiment","subjectId":"0svkc3w32my7r9x","trial_type":"external-html","trial_index":35,"time_elapsed":452121,"internal_node_id":"0.0-9.0-0.27"},{"rt":3132,"url":"../static/nodeGraphs.html","edge":"5to8","edgeRT":"2058","flipped":"TRUE","correct_edge":"5to8","index":"23","edgeClickLog":"[{\"edgeSelection\":\"5to8\",\"edgeRTMS\":2058}]","seed":" 46003743","task":"experiment","subjectId":"0svkc3w32my7r9x","trial_type":"external-html","trial_index":36,"time_elapsed":455877,"internal_node_id":"0.0-9.0-0.28"},{"rt":4486,"url":"../static/nodeGraphs.html","edge":"0to3","edgeRT":"1914","flipped":"TRUE","correct_edge":"0to3","index":"20","edgeClickLog":"[{\"edgeSelection\":\"0to3\",\"edgeRTMS\":1914}]","seed":" 21745736","task":"experiment","subjectId":"0svkc3w32my7r9x","trial_type":"external-html","trial_index":37,"time_elapsed":460989,"internal_node_id":"0.0-9.0-0.29"},{"rt":2789,"url":"../static/nodeGraphs.html","edge":"0to2","edgeRT":"1732","flipped":"TRUE","correct_edge":"0to2","index":"31","edgeClickLog":"[{\"edgeSelection\":\"0to2\",\"edgeRTMS\":1732}]","seed":" 63833578","task":"experiment","subjectId":"0svkc3w32my7r9x","trial_type":"external-html","trial_index":38,"time_elapsed":464404,"internal_node_id":"0.0-9.0-0.30"},{"rt":2822,"url":"../static/nodeGraphs.html","edge":"5to9","edgeRT":"1857","flipped":"FALSE","correct_edge":"0to1","index":"19","edgeClickLog":"[{\"edgeSelection\":\"5to9\",\"edgeRTMS\":1857}]","seed":" 37422119","task":"experiment","subjectId":"0svkc3w32my7r9x","trial_type":"external-html","trial_index":39,"time_elapsed":467851,"internal_node_id":"0.0-9.0-0.31"},{"rt":14902,"url":"../static/nodeGraphs.html","edge":"5to7","edgeRT":"14054","flipped":"TRUE","correct_edge":"0to2","index":"33","edgeClickLog":"[{\"edgeSelection\":\"5to7\",\"edgeRTMS\":14054}]","seed":" 49587019","task":"experiment","subjectId":"0svkc3w32my7r9x","trial_type":"external-html","trial_index":40,"time_elapsed":483384,"internal_node_id":"0.0-9.0-0.32"},{"rt":7288,"url":"../static/nodeGraphs.html","edge":"4to7","edgeRT":"6004","flipped":"FALSE","correct_edge":"4to7","index":"6","edgeClickLog":"[{\"edgeSelection\":\"4to7\",\"edgeRTMS\":6004}]","seed":" 13523788","task":"experiment","subjectId":"0svkc3w32my7r9x","trial_type":"external-html","trial_index":41,"time_elapsed":491280,"internal_node_id":"0.0-9.0-0.33"},{"rt":5541,"url":"../static/nodeGraphs.html","edge":"2to4","edgeRT":"4500","flipped":"FALSE","correct_edge":"2to4","index":"4","edgeClickLog":"[{\"edgeSelection\":\"2to4\",\"edgeRTMS\":4500}]","seed":" 36501291","task":"experiment","subjectId":"0svkc3w32my7r9x","trial_type":"external-html","trial_index":42,"time_elapsed":497424,"internal_node_id":"0.0-9.0-0.34"},{"rt":6639,"url":"../static/nodeGraphs.html","edge":"1to4","edgeRT":"4808","flipped":"FALSE","correct_edge":"0to2","index":"11","edgeClickLog":"[{\"edgeSelection\":\"1to4\",\"edgeRTMS\":4808}]","seed":" 63833578","task":"experiment","subjectId":"0svkc3w32my7r9x","trial_type":"external-html","trial_index":43,"time_elapsed":504666,"internal_node_id":"0.0-9.0-0.35"},{"rt":9109,"url":"../static/nodeGraphs.html","edge":"0to2","edgeRT":"8187","flipped":"TRUE","correct_edge":"0to2","index":"37","edgeClickLog":"[{\"edgeSelection\":\"0to2\",\"edgeRTMS\":4118},{\"edgeSelection\":\"0to2\",\"edgeRTMS\":5683},{\"edgeSelection\":\"3to5\",\"edgeRTMS\":6919},{\"edgeSelection\":\"0to2\",\"edgeRTMS\":8187}]","seed":" 21211189","task":"experiment","subjectId":"0svkc3w32my7r9x","trial_type":"external-html","trial_index":44,"time_elapsed":514412,"internal_node_id":"0.0-9.0-0.36"},{"rt":2477,"url":"../static/nodeGraphs.html","edge":"5to8","edgeRT":"1777","flipped":"FALSE","correct_edge":"5to8","index":"3","edgeClickLog":"[{\"edgeSelection\":\"5to8\",\"edgeRTMS\":1777}]","seed":" 46003743","task":"experiment","subjectId":"0svkc3w32my7r9x","trial_type":"external-html","trial_index":45,"time_elapsed":517498,"internal_node_id":"0.0-9.0-0.37"},{"rt":3343,"url":"../static/nodeGraphs.html","edge":"3to6","edgeRT":"1963","flipped":"TRUE","correct_edge":"3to6","index":"22","edgeClickLog":"[{\"edgeSelection\":\"3to6\",\"edgeRTMS\":1963}]","seed":" 22809663","task":"experiment","subjectId":"0svkc3w32my7r9x","trial_type":"external-html","trial_index":46,"time_elapsed":521446,"internal_node_id":"0.0-9.0-0.38"},{"rt":8060,"url":"../static/nodeGraphs.html","edge":"3to6","edgeRT":"6498","flipped":"TRUE","correct_edge":"0to2","index":"34","edgeClickLog":"[{\"edgeSelection\":\"3to6\",\"edgeRTMS\":6498}]","seed":" 21083760","task":"experiment","subjectId":"0svkc3w32my7r9x","trial_type":"external-html","trial_index":47,"time_elapsed":530112,"internal_node_id":"0.0-9.0-0.39"},{"rt":30722,"response":{"P0_Q0":null,"P0_Q1":4,"P0_Q2":6,"P0_Q3":6,"P0_Q4":5,"P0_Q5":7,"strategies":"","feedback":""},"accuracy":[],"trial_type":"survey","trial_index":48,"time_elapsed":561441,"internal_node_id":"0.0-10.0"},{"rt":2491,"stimulus":"<p>Thanks for your time!</p>        <p>We need to manually calculate your bonus pay, please give us up to 7 days.</p><p>Press any key to conclude.</p>","response":"enter","task":"end","subjectId":"0svkc3w32my7r9x","trial_type":"html-keyboard-response","trial_index":49,"time_elapsed":563936,"internal_node_id":"0.0-11.0","interactions":"[{\"event\":\"fullscreenenter\",\"trial\":1,\"time\":2365},{\"event\":\"blur\",\"trial\":4,\"time\":118914},{\"event\":\"focus\",\"trial\":4,\"time\":118914},{\"event\":\"fullscreenexit\",\"trial\":4,\"time\":118923},{\"event\":\"blur\",\"trial\":16,\"time\":322821},{\"event\":\"focus\",\"trial\":16,\"time\":322821},{\"event\":\"blur\",\"trial\":19,\"time\":340944},{\"event\":\"focus\",\"trial\":19,\"time\":342897}]"}]