[{"success":true,"timeout":false,"failed_images":[],"failed_audio":[],"failed_video":[],"trial_type":"preload","trial_index":0,"time_elapsed":1072,"internal_node_id":"0.0-0.0"},{"success":true,"trial_type":"fullscreen","trial_index":1,"time_elapsed":5877,"internal_node_id":"0.0-1.0"},{"rt":4449,"stimulus":"Welcome to the experiment. Press any key to begin.","response":" ","trial_type":"html-keyboard-response","trial_index":2,"time_elapsed":10327,"internal_node_id":"0.0-2.0"},{"view_history":[{"page_index":0,"viewing_time":8379},{"page_index":1,"viewing_time":18488},{"page_index":2,"viewing_time":39264},{"page_index":3,"viewing_time":10368},{"page_index":4,"viewing_time":1376},{"page_index":5,"viewing_time":1200},{"page_index":6,"viewing_time":3248},{"page_index":7,"viewing_time":13793},{"page_index":8,"viewing_time":29360},{"page_index":9,"viewing_time":14816},{"page_index":10,"viewing_time":3858},{"page_index":11,"viewing_time":486},{"page_index":12,"viewing_time":432},{"page_index":13,"viewing_time":1320},{"page_index":14,"viewing_time":4584},{"page_index":15,"viewing_time":9360},{"page_index":16,"viewing_time":752},{"page_index":17,"viewing_time":400},{"page_index":18,"viewing_time":1544},{"page_index":19,"viewing_time":7568},{"page_index":20,"viewing_time":10912},{"page_index":21,"viewing_time":6457}],"rt":187963,"trial_type":"instructions","trial_index":3,"time_elapsed":198293,"internal_node_id":"0.0-3.0"},{"rt":148125,"url":"../static/nodeGraphsTraining.html","edgeClickLog":[],"trial_type":"external-html","trial_index":4,"time_elapsed":346589,"internal_node_id":"0.0-4.0"},{"rt":40207,"response":{"q1":"The goal is to help the student to get the most points","q2":"False","q3":"Possible paths the student can take.","q4":"Paths that the student took before."},"question_order":[0,1,2,3],"trial_type":"survey-multi-choice","trial_index":5,"time_elapsed":386799,"internal_node_id":"0.0-5.0"},{"rt":null,"stimulus":"<p>You can take a 60 second break before starting the experiment.</p><br><br><p>This page will advance in 60 seconds or you can press any key to advance now.</p>","response":null,"trial_type":"html-keyboard-response","trial_index":6,"time_elapsed":446806,"internal_node_id":"0.0-7.0"},{"view_history":[{"page_index":0,"viewing_time":31103}],"rt":31103,"trial_type":"instructions","trial_index":7,"time_elapsed":477910,"internal_node_id":"0.0-8.0"},{"rt":22827,"url":"../static/nodeGraphs.html","edge":"4to7","edgeRT":"18596","flipped":"FALSE","correct_edge":"2to4","index":"4","edgeClickLog":"[{\"edgeSelection\":\"2to4\",\"edgeRTMS\":14837},{\"edgeSelection\":\"4to7\",\"edgeRTMS\":18596}]","seed":" 36501291","task":"experiment","subjectId":"k8jnfym9z6y2ru8","trial_type":"external-html","trial_index":8,"time_elapsed":500886,"internal_node_id":"0.0-9.0-0.0"},{"rt":36133,"url":"../static/nodeGraphs.html","edge":"5to9","edgeRT":"34554","flipped":"FALSE","correct_edge":"5to9","index":"16","edgeClickLog":"[{\"edgeSelection\":\"0to3\",\"edgeRTMS\":17754},{\"edgeSelection\":\"3to6\",\"edgeRTMS\":18691},{\"edgeSelection\":\"6to9\",\"edgeRTMS\":19339},{\"edgeSelection\":\"0to3\",\"edgeRTMS\":25567},{\"edgeSelection\":\"0to3\",\"edgeRTMS\":26220},{\"edgeSelection\":\"0to3\",\"edgeRTMS\":26901},{\"edgeSelection\":\"0to3\",\"edgeRTMS\":27611},{\"edgeSelection\":\"3to5\",\"edgeRTMS\":31363},{\"edgeSelection\":\"5to9\",\"edgeRTMS\":34554}]","seed":" 5655743","task":"experiment","subjectId":"k8jnfym9z6y2ru8","trial_type":"external-html","trial_index":9,"time_elapsed":537678,"internal_node_id":"0.0-9.0-0.1"},{"rt":34506,"url":"../static/nodeGraphs.html","edge":"6to8","edgeRT":"30289","flipped":"FALSE","correct_edge":"0to3","index":"9","edgeClickLog":"[{\"edgeSelection\":\"0to3\",\"edgeRTMS\":4536},{\"edgeSelection\":\"3to6\",\"edgeRTMS\":5720},{\"edgeSelection\":\"6to8\",\"edgeRTMS\":30289}]","seed":" 61187187","task":"experiment","subjectId":"k8jnfym9z6y2ru8","trial_type":"external-html","trial_index":10,"time_elapsed":572831,"internal_node_id":"0.0-9.0-0.2"},{"rt":28757,"url":"../static/nodeGraphs.html","edge":"6to9","edgeRT":"20540","flipped":"TRUE","correct_edge":"2to6","index":"24","edgeClickLog":"[{\"edgeSelection\":\"3to5\",\"edgeRTMS\":7067},{\"edgeSelection\":\"3to5\",\"edgeRTMS\":8326},{\"edgeSelection\":\"3to5\",\"edgeRTMS\":9390},{\"edgeSelection\":\"3to5\",\"edgeRTMS\":9741},{\"edgeSelection\":\"3to5\",\"edgeRTMS\":10316},{\"edgeSelection\":\"2to6\",\"edgeRTMS\":11291},{\"edgeSelection\":\"6to9\",\"edgeRTMS\":20540}]","seed":" 36501291","task":"experiment","subjectId":"k8jnfym9z6y2ru8","trial_type":"external-html","trial_index":11,"time_elapsed":602215,"internal_node_id":"0.0-9.0-0.3"},{"rt":18561,"url":"../static/nodeGraphs.html","edge":"4to7","edgeRT":"17573","flipped":"TRUE","correct_edge":"0to2","index":"33","edgeClickLog":"[{\"edgeSelection\":\"0to2\",\"edgeRTMS\":15589},{\"edgeSelection\":\"2to4\",\"edgeRTMS\":16541},{\"edgeSelection\":\"4to7\",\"edgeRTMS\":17573}]","seed":" 49587019","task":"experiment","subjectId":"k8jnfym9z6y2ru8","trial_type":"external-html","trial_index":12,"time_elapsed":621446,"internal_node_id":"0.0-9.0-0.4"},{"rt":10754,"url":"../static/nodeGraphs.html","edge":"6to9","edgeRT":"8231","flipped":"FALSE","correct_edge":"0to2","index":"13","edgeClickLog":"[{\"edgeSelection\":\"0to2\",\"edgeRTMS\":6112},{\"edgeSelection\":\"2to6\",\"edgeRTMS\":7152},{\"edgeSelection\":\"6to9\",\"edgeRTMS\":8231}]","seed":" 49587019","task":"experiment","subjectId":"k8jnfym9z6y2ru8","trial_type":"external-html","trial_index":13,"time_elapsed":632847,"internal_node_id":"0.0-9.0-0.5"},{"rt":8264,"url":"../static/nodeGraphs.html","edge":"4to7","edgeRT":"6417","flipped":"FALSE","correct_edge":"2to4","index":"5","edgeClickLog":"[{\"edgeSelection\":\"2to4\",\"edgeRTMS\":5290},{\"edgeSelection\":\"4to7\",\"edgeRTMS\":6417}]","seed":" 10409262","task":"experiment","subjectId":"k8jnfym9z6y2ru8","trial_type":"external-html","trial_index":14,"time_elapsed":641775,"internal_node_id":"0.0-9.0-0.6"},{"rt":13127,"url":"../static/nodeGraphs.html","edge":"5to7","edgeRT":"11468","flipped":"FALSE","correct_edge":"4to7","index":"6","edgeClickLog":"[{\"edgeSelection\":\"0to3\",\"edgeRTMS\":5700},{\"edgeSelection\":\"3to5\",\"edgeRTMS\":7284},{\"edgeSelection\":\"0to3\",\"edgeRTMS\":9364},{\"edgeSelection\":\"3to5\",\"edgeRTMS\":10508},{\"edgeSelection\":\"5to7\",\"edgeRTMS\":11468}]","seed":" 13523788","task":"experiment","subjectId":"k8jnfym9z6y2ru8","trial_type":"external-html","trial_index":15,"time_elapsed":655551,"internal_node_id":"0.0-9.0-0.7"},{"rt":12529,"url":"../static/nodeGraphs.html","edge":"5to8","edgeRT":"11612","flipped":"FALSE","correct_edge":"3to5","index":"18","edgeClickLog":"[{\"edgeSelection\":\"0to2\",\"edgeRTMS\":8011},{\"edgeSelection\":\"0to2\",\"edgeRTMS\":9037},{\"edgeSelection\":\"2to5\",\"edgeRTMS\":10701},{\"edgeSelection\":\"5to8\",\"edgeRTMS\":11612}]","seed":" 22181670","task":"experiment","subjectId":"k8jnfym9z6y2ru8","trial_type":"external-html","trial_index":16,"time_elapsed":668703,"internal_node_id":"0.0-9.0-0.8"},{"rt":7733,"url":"../static/nodeGraphs.html","edge":"6to8","edgeRT":"6491","flipped":"TRUE","correct_edge":"3to6","index":"22","edgeClickLog":"[{\"edgeSelection\":\"3to6\",\"edgeRTMS\":5260},{\"edgeSelection\":\"6to8\",\"edgeRTMS\":6491}]","seed":" 22809663","task":"experiment","subjectId":"k8jnfym9z6y2ru8","trial_type":"external-html","trial_index":17,"time_elapsed":677095,"internal_node_id":"0.0-9.0-0.9"},{"rt":11172,"url":"../static/nodeGraphs.html","edge":"5to9","edgeRT":"10035","flipped":"TRUE","correct_edge":"6to9","index":"26","edgeClickLog":"[{\"edgeSelection\":\"0to1\",\"edgeRTMS\":4740},{\"edgeSelection\":\"1to5\",\"edgeRTMS\":7468},{\"edgeSelection\":\"5to9\",\"edgeRTMS\":10035}]","seed":" 13523788","task":"experiment","subjectId":"k8jnfym9z6y2ru8","trial_type":"external-html","trial_index":18,"time_elapsed":688903,"internal_node_id":"0.0-9.0-0.10"},{"rt":32730,"url":"../static/nodeGraphs.html","edge":"3to6","edgeRT":"30463","flipped":"TRUE","correct_edge":"0to3","index":"20","edgeClickLog":"[{\"edgeSelection\":\"0to3\",\"edgeRTMS\":8680},{\"edgeSelection\":\"3to6\",\"edgeRTMS\":12068},{\"edgeSelection\":\"0to3\",\"edgeRTMS\":16567},{\"edgeSelection\":\"3to6\",\"edgeRTMS\":18167},{\"edgeSelection\":\"6to9\",\"edgeRTMS\":19736},{\"edgeSelection\":\"6to9\",\"edgeRTMS\":24540},{\"edgeSelection\":\"6to9\",\"edgeRTMS\":26665},{\"edgeSelection\":\"6to9\",\"edgeRTMS\":27928},{\"edgeSelection\":\"0to3\",\"edgeRTMS\":29471},{\"edgeSelection\":\"3to6\",\"edgeRTMS\":30463}]","seed":" 21745736","task":"experiment","subjectId":"k8jnfym9z6y2ru8","trial_type":"external-html","trial_index":19,"time_elapsed":722255,"internal_node_id":"0.0-9.0-0.11"},{"rt":11741,"url":"../static/nodeGraphs.html","edge":"6to9","edgeRT":"10547","flipped":"TRUE","correct_edge":"0to3","index":"39","edgeClickLog":"[{\"edgeSelection\":\"0to3\",\"edgeRTMS\":5227},{\"edgeSelection\":\"3to6\",\"edgeRTMS\":8227},{\"edgeSelection\":\"6to9\",\"edgeRTMS\":10547}]","seed":" 37422119","task":"experiment","subjectId":"k8jnfym9z6y2ru8","trial_type":"external-html","trial_index":20,"time_elapsed":734655,"internal_node_id":"0.0-9.0-0.12"},{"rt":28952,"url":"../static/nodeGraphs.html","edge":"4to8","edgeRT":"20472","flipped":"FALSE","correct_edge":"4to8","index":"1","edgeClickLog":"[{\"edgeSelection\":\"0to3\",\"edgeRTMS\":2055},{\"edgeSelection\":\"0to1\",\"edgeRTMS\":11327},{\"edgeSelection\":\"0to1\",\"edgeRTMS\":13969},{\"edgeSelection\":\"0to1\",\"edgeRTMS\":14721},{\"edgeSelection\":\"0to1\",\"edgeRTMS\":15328},{\"edgeSelection\":\"4to8\",\"edgeRTMS\":20472}]","seed":" 32816305","task":"experiment","subjectId":"k8jnfym9z6y2ru8","trial_type":"external-html","trial_index":21,"time_elapsed":764264,"internal_node_id":"0.0-9.0-0.13"},{"rt":15893,"url":"../static/nodeGraphs.html","edge":"4to8","edgeRT":"14812","flipped":"FALSE","correct_edge":"0to2","index":"10","edgeClickLog":"[{\"edgeSelection\":\"0to1\",\"edgeRTMS\":11500},{\"edgeSelection\":\"1to4\",\"edgeRTMS\":13252},{\"edgeSelection\":\"4to8\",\"edgeRTMS\":14812}]","seed":" 39688702","task":"experiment","subjectId":"k8jnfym9z6y2ru8","trial_type":"external-html","trial_index":22,"time_elapsed":780808,"internal_node_id":"0.0-9.0-0.14"},{"rt":13957,"url":"../static/nodeGraphs.html","edge":"6to8","edgeRT":"11611","flipped":"TRUE","correct_edge":"0to2","index":"30","edgeClickLog":"[{\"edgeSelection\":\"0to3\",\"edgeRTMS\":5921},{\"edgeSelection\":\"0to3\",\"edgeRTMS\":7763},{\"edgeSelection\":\"3to6\",\"edgeRTMS\":9883},{\"edgeSelection\":\"6to8\",\"edgeRTMS\":11611}]","seed":" 39688702","task":"experiment","subjectId":"k8jnfym9z6y2ru8","trial_type":"external-html","trial_index":23,"time_elapsed":795392,"internal_node_id":"0.0-9.0-0.15"},{"rt":11223,"url":"../static/nodeGraphs.html","edge":"5to8","edgeRT":"9540","flipped":"TRUE","correct_edge":"0to2","index":"27","edgeClickLog":"[{\"edgeSelection\":\"0to2\",\"edgeRTMS\":7362},{\"edgeSelection\":\"2to5\",\"edgeRTMS\":8292},{\"edgeSelection\":\"5to8\",\"edgeRTMS\":9540}]","seed":" 85614324","task":"experiment","subjectId":"k8jnfym9z6y2ru8","trial_type":"external-html","trial_index":24,"time_elapsed":807240,"internal_node_id":"0.0-9.0-0.16"},{"rt":16064,"url":"../static/nodeGraphs.html","edge":"5to8","edgeRT":"12341","flipped":"FALSE","correct_edge":"0to2","index":"7","edgeClickLog":"[{\"edgeSelection\":\"0to1\",\"edgeRTMS\":3021},{\"edgeSelection\":\"1to5\",\"edgeRTMS\":6005},{\"edgeSelection\":\"5to8\",\"edgeRTMS\":12341}]","seed":" 85614324","task":"experiment","subjectId":"k8jnfym9z6y2ru8","trial_type":"external-html","trial_index":25,"time_elapsed":823936,"internal_node_id":"0.0-9.0-0.17"},{"rt":7555,"url":"../static/nodeGraphs.html","edge":"4to7","edgeRT":"6033","flipped":"FALSE","correct_edge":"0to1","index":"19","edgeClickLog":"[{\"edgeSelection\":\"0to1\",\"edgeRTMS\":2288},{\"edgeSelection\":\"1to4\",\"edgeRTMS\":4920},{\"edgeSelection\":\"4to7\",\"edgeRTMS\":6033}]","seed":" 37422119","task":"experiment","subjectId":"k8jnfym9z6y2ru8","trial_type":"external-html","trial_index":26,"time_elapsed":832144,"internal_node_id":"0.0-9.0-0.18"},{"rt":16290,"url":"../static/nodeGraphs.html","edge":"1to5","edgeRT":"13590","flipped":"TRUE","correct_edge":"0to1","index":"32","edgeClickLog":"[{\"edgeSelection\":\"0to1\",\"edgeRTMS\":5150},{\"edgeSelection\":\"2to4\",\"edgeRTMS\":7151},{\"edgeSelection\":\"2to4\",\"edgeRTMS\":8426},{\"edgeSelection\":\"2to4\",\"edgeRTMS\":9104},{\"edgeSelection\":\"2to4\",\"edgeRTMS\":9823},{\"edgeSelection\":\"0to1\",\"edgeRTMS\":11279},{\"edgeSelection\":\"1to5\",\"edgeRTMS\":13590}]","seed":" 36895371","task":"experiment","subjectId":"k8jnfym9z6y2ru8","trial_type":"external-html","trial_index":27,"time_elapsed":849063,"internal_node_id":"0.0-9.0-0.19"},{"rt":12944,"url":"../static/nodeGraphs.html","edge":"4to7","edgeRT":"11727","flipped":"FALSE","correct_edge":"0to2","index":"14","edgeClickLog":"[{\"edgeSelection\":\"0to1\",\"edgeRTMS\":8727},{\"edgeSelection\":\"1to4\",\"edgeRTMS\":9975},{\"edgeSelection\":\"4to7\",\"edgeRTMS\":11727}]","seed":" 21083760","task":"experiment","subjectId":"k8jnfym9z6y2ru8","trial_type":"external-html","trial_index":28,"time_elapsed":862663,"internal_node_id":"0.0-9.0-0.20"},{"rt":22859,"url":"../static/nodeGraphs.html","edge":"6to9","edgeRT":"21643","flipped":"TRUE","correct_edge":"0to2","index":"31","edgeClickLog":"[{\"edgeSelection\":\"0to2\",\"edgeRTMS\":4226},{\"edgeSelection\":\"2to6\",\"edgeRTMS\":14259},{\"edgeSelection\":\"6to9\",\"edgeRTMS\":21643}]","seed":" 63833578","task":"experiment","subjectId":"k8jnfym9z6y2ru8","trial_type":"external-html","trial_index":29,"time_elapsed":886153,"internal_node_id":"0.0-9.0-0.21"},{"rt":16031,"url":"../static/nodeGraphs.html","edge":"4to8","edgeRT":"7660","flipped":"TRUE","correct_edge":"0to1","index":"29","edgeClickLog":"[{\"edgeSelection\":\"0to1\",\"edgeRTMS\":2356},{\"edgeSelection\":\"1to4\",\"edgeRTMS\":5916},{\"edgeSelection\":\"4to8\",\"edgeRTMS\":7660}]","seed":" 61187187","task":"experiment","subjectId":"k8jnfym9z6y2ru8","trial_type":"external-html","trial_index":30,"time_elapsed":902849,"internal_node_id":"0.0-9.0-0.22"},{"rt":12535,"url":"../static/nodeGraphs.html","edge":"3to5","edgeRT":"8525","flipped":"FALSE","correct_edge":"0to3","index":"12","edgeClickLog":"[{\"edgeSelection\":\"0to3\",\"edgeRTMS\":5941},{\"edgeSelection\":\"3to5\",\"edgeRTMS\":8525}]","seed":" 36895371","task":"experiment","subjectId":"k8jnfym9z6y2ru8","trial_type":"external-html","trial_index":31,"time_elapsed":916033,"internal_node_id":"0.0-9.0-0.23"},{"rt":10429,"url":"../static/nodeGraphs.html","edge":"5to8","edgeRT":"7907","flipped":"TRUE","correct_edge":"0to2","index":"37","edgeClickLog":"[{\"edgeSelection\":\"0to2\",\"edgeRTMS\":4788},{\"edgeSelection\":\"2to5\",\"edgeRTMS\":6947},{\"edgeSelection\":\"5to8\",\"edgeRTMS\":7907}]","seed":" 21211189","task":"experiment","subjectId":"k8jnfym9z6y2ru8","trial_type":"external-html","trial_index":32,"time_elapsed":927121,"internal_node_id":"0.0-9.0-0.24"},{"rt":23789,"url":"../static/nodeGraphs.html","edge":"5to7","edgeRT":"20236","flipped":"TRUE","correct_edge":"5to7","index":"36","edgeClickLog":"[{\"edgeSelection\":\"1to5\",\"edgeRTMS\":18452},{\"edgeSelection\":\"5to7\",\"edgeRTMS\":20236}]","seed":" 5655743","task":"experiment","subjectId":"k8jnfym9z6y2ru8","trial_type":"external-html","trial_index":33,"time_elapsed":951576,"internal_node_id":"0.0-9.0-0.25"},{"rt":8529,"url":"../static/nodeGraphs.html","edge":"5to8","edgeRT":"6937","flipped":"TRUE","correct_edge":"5to8","index":"23","edgeClickLog":"[{\"edgeSelection\":\"5to8\",\"edgeRTMS\":6937}]","seed":" 46003743","task":"experiment","subjectId":"k8jnfym9z6y2ru8","trial_type":"external-html","trial_index":34,"time_elapsed":960736,"internal_node_id":"0.0-9.0-0.26"},{"rt":11795,"url":"../static/nodeGraphs.html","edge":"6to9","edgeRT":"8730","flipped":"TRUE","correct_edge":"2to6","index":"25","edgeClickLog":"[{\"edgeSelection\":\"2to6\",\"edgeRTMS\":7162},{\"edgeSelection\":\"6to9\",\"edgeRTMS\":8730}]","seed":" 10409262","task":"experiment","subjectId":"k8jnfym9z6y2ru8","trial_type":"external-html","trial_index":35,"time_elapsed":973160,"internal_node_id":"0.0-9.0-0.27"},{"rt":22813,"url":"../static/nodeGraphs.html","edge":"6to9","edgeRT":"9668","flipped":"FALSE","correct_edge":"2to6","index":"15","edgeClickLog":"[{\"edgeSelection\":\"0to3\",\"edgeRTMS\":3644},{\"edgeSelection\":\"3to6\",\"edgeRTMS\":6036},{\"edgeSelection\":\"6to9\",\"edgeRTMS\":9668}]","seed":" 53220770","task":"experiment","subjectId":"k8jnfym9z6y2ru8","trial_type":"external-html","trial_index":36,"time_elapsed":996633,"internal_node_id":"0.0-9.0-0.28"},{"rt":10637,"url":"../static/nodeGraphs.html","edge":"4to7","edgeRT":"8627","flipped":"TRUE","correct_edge":"2to4","index":"35","edgeClickLog":"[{\"edgeSelection\":\"0to1\",\"edgeRTMS\":3748},{\"edgeSelection\":\"1to4\",\"edgeRTMS\":6780},{\"edgeSelection\":\"4to7\",\"edgeRTMS\":8627}]","seed":" 53220770","task":"experiment","subjectId":"k8jnfym9z6y2ru8","trial_type":"external-html","trial_index":37,"time_elapsed":1007937,"internal_node_id":"0.0-9.0-0.29"},{"rt":7954,"url":"../static/nodeGraphs.html","edge":"5to8","edgeRT":"7057","flipped":"FALSE","correct_edge":"5to8","index":"3","edgeClickLog":"[{\"edgeSelection\":\"5to8\",\"edgeRTMS\":7057}]","seed":" 46003743","task":"experiment","subjectId":"k8jnfym9z6y2ru8","trial_type":"external-html","trial_index":38,"time_elapsed":1016553,"internal_node_id":"0.0-9.0-0.30"},{"rt":9336,"url":"../static/nodeGraphs.html","edge":"4to8","edgeRT":"8376","flipped":"FALSE","correct_edge":"1to4","index":"2","edgeClickLog":"[{\"edgeSelection\":\"1to4\",\"edgeRTMS\":5679},{\"edgeSelection\":\"4to8\",\"edgeRTMS\":8376}]","seed":" 22809663","task":"experiment","subjectId":"k8jnfym9z6y2ru8","trial_type":"external-html","trial_index":39,"time_elapsed":1026529,"internal_node_id":"0.0-9.0-0.31"},{"rt":18404,"url":"../static/nodeGraphs.html","edge":"6to8","edgeRT":"17395","flipped":"TRUE","correct_edge":"6to8","index":"21","edgeClickLog":"[{\"edgeSelection\":\"0to1\",\"edgeRTMS\":2812},{\"edgeSelection\":\"0to1\",\"edgeRTMS\":10422},{\"edgeSelection\":\"0to1\",\"edgeRTMS\":11540},{\"edgeSelection\":\"6to8\",\"edgeRTMS\":17395}]","seed":" 32816305","task":"experiment","subjectId":"k8jnfym9z6y2ru8","trial_type":"external-html","trial_index":40,"time_elapsed":1045609,"internal_node_id":"0.0-9.0-0.32"},{"rt":11828,"url":"../static/nodeGraphs.html","edge":"6to8","edgeRT":"10253","flipped":"TRUE","correct_edge":"0to2","index":"28","edgeClickLog":"[{\"edgeSelection\":\"0to2\",\"edgeRTMS\":5828},{\"edgeSelection\":\"2to6\",\"edgeRTMS\":8877},{\"edgeSelection\":\"6to8\",\"edgeRTMS\":10253}]","seed":" 8396978","task":"experiment","subjectId":"k8jnfym9z6y2ru8","trial_type":"external-html","trial_index":41,"time_elapsed":1058097,"internal_node_id":"0.0-9.0-0.33"},{"rt":20978,"url":"../static/nodeGraphs.html","edge":"6to9","edgeRT":"20066","flipped":"TRUE","correct_edge":"0to2","index":"34","edgeClickLog":"[{\"edgeSelection\":\"0to2\",\"edgeRTMS\":15610},{\"edgeSelection\":\"2to6\",\"edgeRTMS\":17697},{\"edgeSelection\":\"6to9\",\"edgeRTMS\":20066}]","seed":" 21083760","task":"experiment","subjectId":"k8jnfym9z6y2ru8","trial_type":"external-html","trial_index":42,"time_elapsed":1079737,"internal_node_id":"0.0-9.0-0.34"},{"rt":10173,"url":"../static/nodeGraphs.html","edge":"5to8","edgeRT":"9261","flipped":"FALSE","correct_edge":"0to2","index":"17","edgeClickLog":"[{\"edgeSelection\":\"0to2\",\"edgeRTMS\":6948},{\"edgeSelection\":\"2to5\",\"edgeRTMS\":8237},{\"edgeSelection\":\"5to8\",\"edgeRTMS\":9261}]","seed":" 21211189","task":"experiment","subjectId":"k8jnfym9z6y2ru8","trial_type":"external-html","trial_index":43,"time_elapsed":1090585,"internal_node_id":"0.0-9.0-0.35"},{"rt":9387,"url":"../static/nodeGraphs.html","edge":"4to7","edgeRT":"8587","flipped":"FALSE","correct_edge":"0to2","index":"11","edgeClickLog":"[{\"edgeSelection\":\"0to2\",\"edgeRTMS\":3788},{\"edgeSelection\":\"2to4\",\"edgeRTMS\":6579},{\"edgeSelection\":\"4to7\",\"edgeRTMS\":8587}]","seed":" 63833578","task":"experiment","subjectId":"k8jnfym9z6y2ru8","trial_type":"external-html","trial_index":44,"time_elapsed":1100593,"internal_node_id":"0.0-9.0-0.36"},{"rt":11493,"url":"../static/nodeGraphs.html","edge":"5to8","edgeRT":"9965","flipped":"TRUE","correct_edge":"1to5","index":"38","edgeClickLog":"[{\"edgeSelection\":\"0to2\",\"edgeRTMS\":6358},{\"edgeSelection\":\"2to5\",\"edgeRTMS\":7717},{\"edgeSelection\":\"5to8\",\"edgeRTMS\":9153},{\"edgeSelection\":\"5to8\",\"edgeRTMS\":9965}]","seed":" 22181670","task":"experiment","subjectId":"k8jnfym9z6y2ru8","trial_type":"external-html","trial_index":45,"time_elapsed":1112746,"internal_node_id":"0.0-9.0-0.37"},{"rt":11640,"url":"../static/nodeGraphs.html","edge":"1to4","edgeRT":"8552","flipped":"FALSE","correct_edge":"0to1","index":"0","edgeClickLog":"[{\"edgeSelection\":\"0to1\",\"edgeRTMS\":7016},{\"edgeSelection\":\"1to4\",\"edgeRTMS\":8552}]","seed":" 21745736","task":"experiment","subjectId":"k8jnfym9z6y2ru8","trial_type":"external-html","trial_index":46,"time_elapsed":1125042,"internal_node_id":"0.0-9.0-0.38"},{"rt":11059,"url":"../static/nodeGraphs.html","edge":"4to8","edgeRT":"8259","flipped":"FALSE","correct_edge":"0to2","index":"8","edgeClickLog":"[{\"edgeSelection\":\"0to2\",\"edgeRTMS\":5035},{\"edgeSelection\":\"2to4\",\"edgeRTMS\":6731},{\"edgeSelection\":\"4to8\",\"edgeRTMS\":8259}]","seed":" 8396978","task":"experiment","subjectId":"k8jnfym9z6y2ru8","trial_type":"external-html","trial_index":47,"time_elapsed":1136770,"internal_node_id":"0.0-9.0-0.39"},{"rt":25781,"response":{"P0_Q0":null,"P0_Q1":7,"P0_Q2":7,"P0_Q3":7,"P0_Q4":1,"P0_Q5":1,"strategies":"no","feedback":"no"},"accuracy":[],"trial_type":"survey","trial_index":48,"time_elapsed":1163114,"internal_node_id":"0.0-10.0"},{"rt":4999,"stimulus":"<p>Thanks for your time!</p>        <p>We need to manually calculate your bonus pay, please give us up to 7 days.</p><p>Press any key to conclude.</p>","response":"enter","task":"end","subjectId":"k8jnfym9z6y2ru8","trial_type":"html-keyboard-response","trial_index":49,"time_elapsed":1168114,"internal_node_id":"0.0-11.0","interactions":"[{\"event\":\"focus\",\"trial\":1,\"time\":4750},{\"event\":\"fullscreenenter\",\"trial\":1,\"time\":4908},{\"event\":\"blur\",\"trial\":3,\"time\":29920},{\"event\":\"focus\",\"trial\":3,\"time\":31174},{\"event\":\"blur\",\"trial\":4,\"time\":225956},{\"event\":\"focus\",\"trial\":4,\"time\":225956},{\"event\":\"fullscreenexit\",\"trial\":4,\"time\":225963},{\"event\":\"blur\",\"trial\":4,\"time\":230753},{\"event\":\"focus\",\"trial\":4,\"time\":230753},{\"event\":\"blur\",\"trial\":4,\"time\":236273},{\"event\":\"focus\",\"trial\":4,\"time\":236273},{\"event\":\"blur\",\"trial\":6,\"time\":392807},{\"event\":\"focus\",\"trial\":6,\"time\":424758},{\"event\":\"blur\",\"trial\":6,\"time\":426759},{\"event\":\"focus\",\"trial\":6,\"time\":435760},{\"event\":\"blur\",\"trial\":6,\"time\":436974},{\"event\":\"focus\",\"trial\":7,\"time\":477801},{\"event\":\"blur\",\"trial\":19,\"time\":704606},{\"event\":\"focus\",\"trial\":19,\"time\":704606}]"}]