[{"success":true,"timeout":false,"failed_images":[],"failed_audio":[],"failed_video":[],"trial_type":"preload","trial_index":0,"time_elapsed":590,"internal_node_id":"0.0-0.0"},{"success":true,"trial_type":"fullscreen","trial_index":1,"time_elapsed":66807,"internal_node_id":"0.0-1.0"},{"rt":5332,"stimulus":"Welcome to the experiment. Press any key to begin.","response":"1","trial_type":"html-keyboard-response","trial_index":2,"time_elapsed":72143,"internal_node_id":"0.0-2.0"},{"view_history":[{"page_index":0,"viewing_time":14399},{"page_index":1,"viewing_time":9850},{"page_index":2,"viewing_time":84032},{"page_index":3,"viewing_time":6500},{"page_index":4,"viewing_time":5214},{"page_index":5,"viewing_time":4530},{"page_index":6,"viewing_time":16134},{"page_index":7,"viewing_time":33248},{"page_index":8,"viewing_time":90810},{"page_index":9,"viewing_time":67848},{"page_index":10,"viewing_time":20403},{"page_index":11,"viewing_time":5114},{"page_index":12,"viewing_time":12287},{"page_index":11,"viewing_time":6334},{"page_index":12,"viewing_time":22819},{"page_index":13,"viewing_time":2030},{"page_index":14,"viewing_time":16324},{"page_index":15,"viewing_time":27618},{"page_index":16,"viewing_time":3646},{"page_index":17,"viewing_time":2548},{"page_index":18,"viewing_time":10672},{"page_index":19,"viewing_time":23868},{"page_index":20,"viewing_time":29914},{"page_index":21,"viewing_time":13775}],"rt":529918,"trial_type":"instructions","trial_index":3,"time_elapsed":602064,"internal_node_id":"0.0-3.0"},{"rt":296394,"url":"../static/nodeGraphsTraining.html","edgeClickLog":[],"trial_type":"external-html","trial_index":4,"time_elapsed":898570,"internal_node_id":"0.0-4.0"},{"rt":87897,"response":{"q1":"The goal is to help the student to get the most points","q2":"False","q3":"Possible paths the student can take.","q4":"Paths that the student took before."},"question_order":[0,1,2,3],"trial_type":"survey-multi-choice","trial_index":5,"time_elapsed":986472,"internal_node_id":"0.0-5.0"},{"rt":null,"stimulus":"<p>You can take a 60 second break before starting the experiment.</p><br><br><p>This page will advance in 60 seconds or you can press any key to advance now.</p>","response":null,"trial_type":"html-keyboard-response","trial_index":6,"time_elapsed":1046478,"internal_node_id":"0.0-7.0"},{"view_history":[{"page_index":0,"viewing_time":61372}],"rt":61373,"trial_type":"instructions","trial_index":7,"time_elapsed":1107853,"internal_node_id":"0.0-8.0"},{"rt":43840,"url":"../static/nodeGraphs.html","edge":"6to9","edgeRT":"36871","flipped":"TRUE","correct_edge":"6to9","index":"26","edgeClickLog":"[{\"edgeSelection\":\"6to9\",\"edgeRTMS\":36871}]","seed":" 13523788","task":"experiment","subjectId":"v1e5hk9lzltdae1","trial_type":"external-html","trial_index":8,"time_elapsed":1151933,"internal_node_id":"0.0-9.0-0.0"},{"rt":29572,"url":"../static/nodeGraphs.html","edge":"1to4","edgeRT":"17206","flipped":"FALSE","correct_edge":"0to1","index":"0","edgeClickLog":"[{\"edgeSelection\":\"0to1\",\"edgeRTMS\":10697},{\"edgeSelection\":\"1to4\",\"edgeRTMS\":17206}]","seed":" 21745736","task":"experiment","subjectId":"v1e5hk9lzltdae1","trial_type":"external-html","trial_index":9,"time_elapsed":1182083,"internal_node_id":"0.0-9.0-0.1"},{"rt":56735,"url":"../static/nodeGraphs.html","edge":"5to9","edgeRT":"49649","flipped":"TRUE","correct_edge":"0to2","index":"31","edgeClickLog":"[{\"edgeSelection\":\"0to2\",\"edgeRTMS\":27144},{\"edgeSelection\":\"2to6\",\"edgeRTMS\":28678},{\"edgeSelection\":\"6to9\",\"edgeRTMS\":31436},{\"edgeSelection\":\"5to9\",\"edgeRTMS\":49649}]","seed":" 63833578","task":"experiment","subjectId":"v1e5hk9lzltdae1","trial_type":"external-html","trial_index":10,"time_elapsed":1239401,"internal_node_id":"0.0-9.0-0.2"},{"rt":102754,"url":"../static/nodeGraphs.html","edge":"2to6","edgeRT":"100268","flipped":"TRUE","correct_edge":"2to4","index":"35","edgeClickLog":"[{\"edgeSelection\":\"2to4\",\"edgeRTMS\":24430},{\"edgeSelection\":\"2to6\",\"edgeRTMS\":50255},{\"edgeSelection\":\"6to8\",\"edgeRTMS\":51771},{\"edgeSelection\":\"2to6\",\"edgeRTMS\":100268}]","seed":" 53220770","task":"experiment","subjectId":"v1e5hk9lzltdae1","trial_type":"external-html","trial_index":11,"time_elapsed":1342724,"internal_node_id":"0.0-9.0-0.3"},{"rt":18994,"url":"../static/nodeGraphs.html","edge":"5to8","edgeRT":"13711","flipped":"TRUE","correct_edge":"5to8","index":"23","edgeClickLog":"[{\"edgeSelection\":\"5to8\",\"edgeRTMS\":13711}]","seed":" 46003743","task":"experiment","subjectId":"v1e5hk9lzltdae1","trial_type":"external-html","trial_index":12,"time_elapsed":1362503,"internal_node_id":"0.0-9.0-0.4"},{"rt":14094,"url":"../static/nodeGraphs.html","edge":"5to9","edgeRT":"10151","flipped":"TRUE","correct_edge":"0to1","index":"32","edgeClickLog":"[{\"edgeSelection\":\"5to9\",\"edgeRTMS\":10151}]","seed":" 36895371","task":"experiment","subjectId":"v1e5hk9lzltdae1","trial_type":"external-html","trial_index":13,"time_elapsed":1377164,"internal_node_id":"0.0-9.0-0.5"},{"rt":73050,"url":"../static/nodeGraphs.html","edge":"4to8","edgeRT":"64191","flipped":"TRUE","correct_edge":"1to5","index":"38","edgeClickLog":"[{\"edgeSelection\":\"4to8\",\"edgeRTMS\":64191}]","seed":" 22181670","task":"experiment","subjectId":"v1e5hk9lzltdae1","trial_type":"external-html","trial_index":14,"time_elapsed":1450780,"internal_node_id":"0.0-9.0-0.6"},{"rt":18092,"url":"../static/nodeGraphs.html","edge":"5to9","edgeRT":"15794","flipped":"TRUE","correct_edge":"0to2","index":"33","edgeClickLog":"[{\"edgeSelection\":\"5to9\",\"edgeRTMS\":15794}]","seed":" 49587019","task":"experiment","subjectId":"v1e5hk9lzltdae1","trial_type":"external-html","trial_index":15,"time_elapsed":1469446,"internal_node_id":"0.0-9.0-0.7"},{"rt":13271,"url":"../static/nodeGraphs.html","edge":"6to8","edgeRT":"8613","flipped":"TRUE","correct_edge":"6to8","index":"21","edgeClickLog":"[{\"edgeSelection\":\"6to8\",\"edgeRTMS\":8613}]","seed":" 32816305","task":"experiment","subjectId":"v1e5hk9lzltdae1","trial_type":"external-html","trial_index":16,"time_elapsed":1483354,"internal_node_id":"0.0-9.0-0.8"},{"rt":22601,"url":"../static/nodeGraphs.html","edge":"4to8","edgeRT":"20216","flipped":"FALSE","correct_edge":"4to8","index":"1","edgeClickLog":"[{\"edgeSelection\":\"4to8\",\"edgeRTMS\":20216}]","seed":" 32816305","task":"experiment","subjectId":"v1e5hk9lzltdae1","trial_type":"external-html","trial_index":17,"time_elapsed":1506542,"internal_node_id":"0.0-9.0-0.9"},{"rt":44598,"url":"../static/nodeGraphs.html","edge":"4to7","edgeRT":"40833","flipped":"TRUE","correct_edge":"5to7","index":"36","edgeClickLog":"[{\"edgeSelection\":\"4to7\",\"edgeRTMS\":40833}]","seed":" 5655743","task":"experiment","subjectId":"v1e5hk9lzltdae1","trial_type":"external-html","trial_index":18,"time_elapsed":1551851,"internal_node_id":"0.0-9.0-0.10"},{"rt":88975,"url":"../static/nodeGraphs.html","edge":"5to9","edgeRT":"86982","flipped":"FALSE","correct_edge":"0to3","index":"12","edgeClickLog":"[{\"edgeSelection\":\"5to7\",\"edgeRTMS\":20841},{\"edgeSelection\":\"5to7\",\"edgeRTMS\":36967},{\"edgeSelection\":\"5to7\",\"edgeRTMS\":38906},{\"edgeSelection\":\"5to9\",\"edgeRTMS\":86982}]","seed":" 36895371","task":"experiment","subjectId":"v1e5hk9lzltdae1","trial_type":"external-html","trial_index":19,"time_elapsed":1641485,"internal_node_id":"0.0-9.0-0.11"},{"rt":16807,"url":"../static/nodeGraphs.html","edge":"5to9","edgeRT":"14326","flipped":"FALSE","correct_edge":"0to2","index":"8","edgeClickLog":"[{\"edgeSelection\":\"5to9\",\"edgeRTMS\":14326}]","seed":" 8396978","task":"experiment","subjectId":"v1e5hk9lzltdae1","trial_type":"external-html","trial_index":20,"time_elapsed":1658873,"internal_node_id":"0.0-9.0-0.12"},{"rt":102637,"url":"../static/nodeGraphs.html","edge":"6to8","edgeRT":"97018","flipped":"TRUE","correct_edge":"0to2","index":"37","edgeClickLog":"[{\"edgeSelection\":\"0to2\",\"edgeRTMS\":49505},{\"edgeSelection\":\"2to5\",\"edgeRTMS\":52137},{\"edgeSelection\":\"0to2\",\"edgeRTMS\":53809},{\"edgeSelection\":\"3to5\",\"edgeRTMS\":67041},{\"edgeSelection\":\"3to5\",\"edgeRTMS\":78975},{\"edgeSelection\":\"5to8\",\"edgeRTMS\":82230},{\"edgeSelection\":\"3to5\",\"edgeRTMS\":87945},{\"edgeSelection\":\"6to8\",\"edgeRTMS\":97018}]","seed":" 21211189","task":"experiment","subjectId":"v1e5hk9lzltdae1","trial_type":"external-html","trial_index":21,"time_elapsed":1762131,"internal_node_id":"0.0-9.0-0.13"},{"rt":48190,"url":"../static/nodeGraphs.html","edge":"5to7","edgeRT":"18772","flipped":"FALSE","correct_edge":"0to3","index":"9","edgeClickLog":"[{\"edgeSelection\":\"4to8\",\"edgeRTMS\":14476},{\"edgeSelection\":\"5to7\",\"edgeRTMS\":18772}]","seed":" 61187187","task":"experiment","subjectId":"v1e5hk9lzltdae1","trial_type":"external-html","trial_index":22,"time_elapsed":1811141,"internal_node_id":"0.0-9.0-0.14"},{"rt":12540,"url":"../static/nodeGraphs.html","edge":"4to7","edgeRT":"10503","flipped":"TRUE","correct_edge":"0to2","index":"30","edgeClickLog":"[{\"edgeSelection\":\"4to7\",\"edgeRTMS\":10503}]","seed":" 39688702","task":"experiment","subjectId":"v1e5hk9lzltdae1","trial_type":"external-html","trial_index":23,"time_elapsed":1824259,"internal_node_id":"0.0-9.0-0.15"},{"rt":41643,"url":"../static/nodeGraphs.html","edge":"4to7","edgeRT":"26221","flipped":"FALSE","correct_edge":"4to7","index":"6","edgeClickLog":"[{\"edgeSelection\":\"4to7\",\"edgeRTMS\":26221}]","seed":" 13523788","task":"experiment","subjectId":"v1e5hk9lzltdae1","trial_type":"external-html","trial_index":24,"time_elapsed":1866549,"internal_node_id":"0.0-9.0-0.16"},{"rt":26907,"url":"../static/nodeGraphs.html","edge":"5to7","edgeRT":"24203","flipped":"FALSE","correct_edge":"0to1","index":"19","edgeClickLog":"[{\"edgeSelection\":\"5to7\",\"edgeRTMS\":24203}]","seed":" 37422119","task":"experiment","subjectId":"v1e5hk9lzltdae1","trial_type":"external-html","trial_index":25,"time_elapsed":1894023,"internal_node_id":"0.0-9.0-0.17"},{"rt":28729,"url":"../static/nodeGraphs.html","edge":"5to8","edgeRT":"22449","flipped":"TRUE","correct_edge":"0to2","index":"28","edgeClickLog":"[{\"edgeSelection\":\"5to8\",\"edgeRTMS\":22449}]","seed":" 8396978","task":"experiment","subjectId":"v1e5hk9lzltdae1","trial_type":"external-html","trial_index":26,"time_elapsed":1923330,"internal_node_id":"0.0-9.0-0.18"},{"rt":46174,"url":"../static/nodeGraphs.html","edge":"5to9","edgeRT":"20850","flipped":"FALSE","correct_edge":"0to2","index":"14","edgeClickLog":"[{\"edgeSelection\":\"5to9\",\"edgeRTMS\":20850}]","seed":" 21083760","task":"experiment","subjectId":"v1e5hk9lzltdae1","trial_type":"external-html","trial_index":27,"time_elapsed":1970196,"internal_node_id":"0.0-9.0-0.19"},{"rt":26496,"url":"../static/nodeGraphs.html","edge":"5to7","edgeRT":"22449","flipped":"FALSE","correct_edge":"2to4","index":"5","edgeClickLog":"[{\"edgeSelection\":\"5to7\",\"edgeRTMS\":22449}]","seed":" 10409262","task":"experiment","subjectId":"v1e5hk9lzltdae1","trial_type":"external-html","trial_index":28,"time_elapsed":1997268,"internal_node_id":"0.0-9.0-0.20"},{"rt":18161,"url":"../static/nodeGraphs.html","edge":"5to8","edgeRT":"8451","flipped":"FALSE","correct_edge":"5to8","index":"3","edgeClickLog":"[{\"edgeSelection\":\"5to8\",\"edgeRTMS\":8451}]","seed":" 46003743","task":"experiment","subjectId":"v1e5hk9lzltdae1","trial_type":"external-html","trial_index":29,"time_elapsed":2016141,"internal_node_id":"0.0-9.0-0.21"},{"rt":26852,"url":"../static/nodeGraphs.html","edge":"2to6","edgeRT":"22872","flipped":"TRUE","correct_edge":"2to6","index":"25","edgeClickLog":"[{\"edgeSelection\":\"2to6\",\"edgeRTMS\":11517},{\"edgeSelection\":\"6to9\",\"edgeRTMS\":12868},{\"edgeSelection\":\"2to6\",\"edgeRTMS\":22872}]","seed":" 10409262","task":"experiment","subjectId":"v1e5hk9lzltdae1","trial_type":"external-html","trial_index":30,"time_elapsed":2043653,"internal_node_id":"0.0-9.0-0.22"},{"rt":48632,"url":"../static/nodeGraphs.html","edge":"5to8","edgeRT":"46256","flipped":"FALSE","correct_edge":"2to4","index":"4","edgeClickLog":"[{\"edgeSelection\":\"5to8\",\"edgeRTMS\":46256}]","seed":" 36501291","task":"experiment","subjectId":"v1e5hk9lzltdae1","trial_type":"external-html","trial_index":31,"time_elapsed":2092849,"internal_node_id":"0.0-9.0-0.23"},{"rt":88122,"url":"../static/nodeGraphs.html","edge":"4to8","edgeRT":"77427","flipped":"FALSE","correct_edge":"0to2","index":"17","edgeClickLog":"[{\"edgeSelection\":\"1to5\",\"edgeRTMS\":57768},{\"edgeSelection\":\"5to8\",\"edgeRTMS\":63510},{\"edgeSelection\":\"4to8\",\"edgeRTMS\":77427}]","seed":" 21211189","task":"experiment","subjectId":"v1e5hk9lzltdae1","trial_type":"external-html","trial_index":32,"time_elapsed":2181725,"internal_node_id":"0.0-9.0-0.24"},{"rt":54198,"url":"../static/nodeGraphs.html","edge":"6to8","edgeRT":"50138","flipped":"FALSE","correct_edge":"3to5","index":"18","edgeClickLog":"[{\"edgeSelection\":\"5to9\",\"edgeRTMS\":47458},{\"edgeSelection\":\"6to8\",\"edgeRTMS\":50138}]","seed":" 22181670","task":"experiment","subjectId":"v1e5hk9lzltdae1","trial_type":"external-html","trial_index":33,"time_elapsed":2236584,"internal_node_id":"0.0-9.0-0.25"},{"rt":13399,"url":"../static/nodeGraphs.html","edge":"5to9","edgeRT":"11185","flipped":"FALSE","correct_edge":"2to6","index":"15","edgeClickLog":"[{\"edgeSelection\":\"5to9\",\"edgeRTMS\":11185}]","seed":" 53220770","task":"experiment","subjectId":"v1e5hk9lzltdae1","trial_type":"external-html","trial_index":34,"time_elapsed":2250663,"internal_node_id":"0.0-9.0-0.26"},{"rt":13753,"url":"../static/nodeGraphs.html","edge":"5to9","edgeRT":"9222","flipped":"TRUE","correct_edge":"0to1","index":"29","edgeClickLog":"[{\"edgeSelection\":\"5to9\",\"edgeRTMS\":9222}]","seed":" 61187187","task":"experiment","subjectId":"v1e5hk9lzltdae1","trial_type":"external-html","trial_index":35,"time_elapsed":2265073,"internal_node_id":"0.0-9.0-0.27"},{"rt":38464,"url":"../static/nodeGraphs.html","edge":"6to9","edgeRT":"33425","flipped":"TRUE","correct_edge":"0to3","index":"20","edgeClickLog":"[{\"edgeSelection\":\"6to9\",\"edgeRTMS\":33425}]","seed":" 21745736","task":"experiment","subjectId":"v1e5hk9lzltdae1","trial_type":"external-html","trial_index":36,"time_elapsed":2304108,"internal_node_id":"0.0-9.0-0.28"},{"rt":20358,"url":"../static/nodeGraphs.html","edge":"5to7","edgeRT":"18580","flipped":"FALSE","correct_edge":"0to2","index":"13","edgeClickLog":"[{\"edgeSelection\":\"5to9\",\"edgeRTMS\":14257},{\"edgeSelection\":\"5to7\",\"edgeRTMS\":18580}]","seed":" 49587019","task":"experiment","subjectId":"v1e5hk9lzltdae1","trial_type":"external-html","trial_index":37,"time_elapsed":2325209,"internal_node_id":"0.0-9.0-0.29"},{"rt":41842,"url":"../static/nodeGraphs.html","edge":"5to9","edgeRT":"35573","flipped":"FALSE","correct_edge":"0to2","index":"11","edgeClickLog":"[{\"edgeSelection\":\"5to9\",\"edgeRTMS\":35573}]","seed":" 63833578","task":"experiment","subjectId":"v1e5hk9lzltdae1","trial_type":"external-html","trial_index":38,"time_elapsed":2367616,"internal_node_id":"0.0-9.0-0.30"},{"rt":44401,"url":"../static/nodeGraphs.html","edge":"4to7","edgeRT":"41506","flipped":"TRUE","correct_edge":"0to2","index":"34","edgeClickLog":"[{\"edgeSelection\":\"4to7\",\"edgeRTMS\":41506}]","seed":" 21083760","task":"experiment","subjectId":"v1e5hk9lzltdae1","trial_type":"external-html","trial_index":39,"time_elapsed":2412588,"internal_node_id":"0.0-9.0-0.31"},{"rt":16475,"url":"../static/nodeGraphs.html","edge":"6to9","edgeRT":"13977","flipped":"TRUE","correct_edge":"2to6","index":"24","edgeClickLog":"[{\"edgeSelection\":\"6to9\",\"edgeRTMS\":13977}]","seed":" 36501291","task":"experiment","subjectId":"v1e5hk9lzltdae1","trial_type":"external-html","trial_index":40,"time_elapsed":2429794,"internal_node_id":"0.0-9.0-0.32"},{"rt":75870,"url":"../static/nodeGraphs.html","edge":"4to8","edgeRT":"69850","flipped":"TRUE","correct_edge":"0to2","index":"27","edgeClickLog":"[{\"edgeSelection\":\"0to2\",\"edgeRTMS\":50659},{\"edgeSelection\":\"2to5\",\"edgeRTMS\":53955},{\"edgeSelection\":\"0to2\",\"edgeRTMS\":55657},{\"edgeSelection\":\"2to5\",\"edgeRTMS\":57367},{\"edgeSelection\":\"5to8\",\"edgeRTMS\":66993},{\"edgeSelection\":\"4to8\",\"edgeRTMS\":69850}]","seed":" 85614324","task":"experiment","subjectId":"v1e5hk9lzltdae1","trial_type":"external-html","trial_index":41,"time_elapsed":2506599,"internal_node_id":"0.0-9.0-0.33"},{"rt":13873,"url":"../static/nodeGraphs.html","edge":"5to7","edgeRT":"10309","flipped":"TRUE","correct_edge":"0to3","index":"39","edgeClickLog":"[{\"edgeSelection\":\"5to7\",\"edgeRTMS\":8694},{\"edgeSelection\":\"5to7\",\"edgeRTMS\":10309}]","seed":" 37422119","task":"experiment","subjectId":"v1e5hk9lzltdae1","trial_type":"external-html","trial_index":42,"time_elapsed":2521187,"internal_node_id":"0.0-9.0-0.34"},{"rt":49762,"url":"../static/nodeGraphs.html","edge":"6to8","edgeRT":"46751","flipped":"FALSE","correct_edge":"0to2","index":"10","edgeClickLog":"[{\"edgeSelection\":\"6to8\",\"edgeRTMS\":46751}]","seed":" 39688702","task":"experiment","subjectId":"v1e5hk9lzltdae1","trial_type":"external-html","trial_index":43,"time_elapsed":2571632,"internal_node_id":"0.0-9.0-0.35"},{"rt":17271,"url":"../static/nodeGraphs.html","edge":"6to8","edgeRT":"12243","flipped":"FALSE","correct_edge":"0to2","index":"7","edgeClickLog":"[{\"edgeSelection\":\"6to8\",\"edgeRTMS\":12243}]","seed":" 85614324","task":"experiment","subjectId":"v1e5hk9lzltdae1","trial_type":"external-html","trial_index":44,"time_elapsed":2589599,"internal_node_id":"0.0-9.0-0.36"},{"rt":19504,"url":"../static/nodeGraphs.html","edge":"5to8","edgeRT":"16450","flipped":"FALSE","correct_edge":"1to4","index":"2","edgeClickLog":"[{\"edgeSelection\":\"5to8\",\"edgeRTMS\":16450}]","seed":" 22809663","task":"experiment","subjectId":"v1e5hk9lzltdae1","trial_type":"external-html","trial_index":45,"time_elapsed":2609747,"internal_node_id":"0.0-9.0-0.37"},{"rt":84191,"url":"../static/nodeGraphs.html","edge":"5to8","edgeRT":"81652","flipped":"TRUE","correct_edge":"3to6","index":"22","edgeClickLog":"[{\"edgeSelection\":\"5to8\",\"edgeRTMS\":43792},{\"edgeSelection\":\"4to8\",\"edgeRTMS\":51148},{\"edgeSelection\":\"3to6\",\"edgeRTMS\":55652},{\"edgeSelection\":\"3to6\",\"edgeRTMS\":56610},{\"edgeSelection\":\"6to8\",\"edgeRTMS\":66826},{\"edgeSelection\":\"6to8\",\"edgeRTMS\":71364},{\"edgeSelection\":\"6to8\",\"edgeRTMS\":80062},{\"edgeSelection\":\"5to8\",\"edgeRTMS\":81652}]","seed":" 22809663","task":"experiment","subjectId":"v1e5hk9lzltdae1","trial_type":"external-html","trial_index":46,"time_elapsed":2694943,"internal_node_id":"0.0-9.0-0.38"},{"rt":11990,"url":"../static/nodeGraphs.html","edge":"6to9","edgeRT":"7546","flipped":"FALSE","correct_edge":"5to9","index":"16","edgeClickLog":"[{\"edgeSelection\":\"6to9\",\"edgeRTMS\":7546}]","seed":" 5655743","task":"experiment","subjectId":"v1e5hk9lzltdae1","trial_type":"external-html","trial_index":47,"time_elapsed":2707748,"internal_node_id":"0.0-9.0-0.39"},{"rt":203271,"response":{"P0_Q0":null,"P0_Q1":4,"P0_Q2":3,"P0_Q3":4,"P0_Q4":4,"P0_Q5":2,"strategies":"Work backwards","feedback":"I was not sure if the student path had to land on the last circle at the bottom."},"accuracy":[],"trial_type":"survey","trial_index":48,"time_elapsed":2911759,"internal_node_id":"0.0-10.0"},{"rt":13755,"stimulus":"<p>Thanks for your time!</p>        <p>We need to manually calculate your bonus pay, please give us up to 7 days.</p><p>Press any key to conclude.</p>","response":"p","task":"end","subjectId":"v1e5hk9lzltdae1","trial_type":"html-keyboard-response","trial_index":49,"time_elapsed":2925517,"internal_node_id":"0.0-11.0","interactions":"[{\"event\":\"blur\",\"trial\":1,\"time\":7144},{\"event\":\"focus\",\"trial\":1,\"time\":58561},{\"event\":\"fullscreenenter\",\"trial\":1,\"time\":65822},{\"event\":\"blur\",\"trial\":4,\"time\":645367},{\"event\":\"focus\",\"trial\":4,\"time\":645367},{\"event\":\"fullscreenexit\",\"trial\":4,\"time\":645380},{\"event\":\"blur\",\"trial\":4,\"time\":699937},{\"event\":\"focus\",\"trial\":4,\"time\":699937},{\"event\":\"blur\",\"trial\":4,\"time\":704299},{\"event\":\"focus\",\"trial\":4,\"time\":704299},{\"event\":\"blur\",\"trial\":4,\"time\":707857},{\"event\":\"focus\",\"trial\":4,\"time\":707857},{\"event\":\"blur\",\"trial\":4,\"time\":717543},{\"event\":\"focus\",\"trial\":4,\"time\":717543},{\"event\":\"blur\",\"trial\":10,\"time\":1205809},{\"event\":\"focus\",\"trial\":10,\"time\":1205810},{\"event\":\"blur\",\"trial\":11,\"time\":1262518},{\"event\":\"focus\",\"trial\":11,\"time\":1262518},{\"event\":\"blur\",\"trial\":11,\"time\":1276040},{\"event\":\"focus\",\"trial\":11,\"time\":1276040},{\"event\":\"blur\",\"trial\":12,\"time\":1355680},{\"event\":\"focus\",\"trial\":12,\"time\":1355680},{\"event\":\"blur\",\"trial\":19,\"time\":1582242},{\"event\":\"focus\",\"trial\":19,\"time\":1582242},{\"event\":\"blur\",\"trial\":21,\"time\":1723340},{\"event\":\"focus\",\"trial\":21,\"time\":1723340},{\"event\":\"blur\",\"trial\":21,\"time\":1735089},{\"event\":\"focus\",\"trial\":21,\"time\":1735089},{\"event\":\"blur\",\"trial\":32,\"time\":2148294},{\"event\":\"focus\",\"trial\":32,\"time\":2148294},{\"event\":\"blur\",\"trial\":41,\"time\":2479538},{\"event\":\"focus\",\"trial\":41,\"time\":2479539},{\"event\":\"blur\",\"trial\":42,\"time\":2514213},{\"event\":\"focus\",\"trial\":42,\"time\":2514213},{\"event\":\"blur\",\"trial\":43,\"time\":2556316},{\"event\":\"focus\",\"trial\":43,\"time\":2556316},{\"event\":\"blur\",\"trial\":46,\"time\":2649186},{\"event\":\"focus\",\"trial\":46,\"time\":2649186},{\"event\":\"blur\",\"trial\":46,\"time\":2665088},{\"event\":\"focus\",\"trial\":46,\"time\":2665088}]"}]