[{"success":true,"timeout":false,"failed_images":[],"failed_audio":[],"failed_video":[],"trial_type":"preload","trial_index":0,"time_elapsed":660,"internal_node_id":"0.0-0.0"},{"success":true,"trial_type":"fullscreen","trial_index":1,"time_elapsed":4276,"internal_node_id":"0.0-1.0"},{"rt":1243,"stimulus":"Welcome to the experiment. Press any key to begin.","response":" ","trial_type":"html-keyboard-response","trial_index":2,"time_elapsed":5521,"internal_node_id":"0.0-2.0"},{"view_history":[{"page_index":0,"viewing_time":3429},{"page_index":1,"viewing_time":2859},{"page_index":2,"viewing_time":18219},{"page_index":3,"viewing_time":2270},{"page_index":4,"viewing_time":944},{"page_index":5,"viewing_time":779},{"page_index":6,"viewing_time":1272},{"page_index":7,"viewing_time":8805},{"page_index":8,"viewing_time":10420},{"page_index":9,"viewing_time":6402},{"page_index":10,"viewing_time":1354},{"page_index":11,"viewing_time":755},{"page_index":12,"viewing_time":392},{"page_index":13,"viewing_time":1147},{"page_index":14,"viewing_time":2212},{"page_index":15,"viewing_time":3345},{"page_index":16,"viewing_time":745},{"page_index":17,"viewing_time":339},{"page_index":18,"viewing_time":326},{"page_index":19,"viewing_time":6616},{"page_index":20,"viewing_time":2445},{"page_index":21,"viewing_time":2872}],"rt":77946,"trial_type":"instructions","trial_index":3,"time_elapsed":83468,"internal_node_id":"0.0-3.0"},{"rt":70561,"url":"../static/nodeGraphsTraining.html","edgeClickLog":[],"trial_type":"external-html","trial_index":4,"time_elapsed":154144,"internal_node_id":"0.0-4.0"},{"rt":16901,"response":{"q1":"The goal is to help the student to get the most points","q2":"False","q3":"Possible paths the student can take.","q4":"Paths that the student took before."},"question_order":[0,1,2,3],"trial_type":"survey-multi-choice","trial_index":5,"time_elapsed":171051,"internal_node_id":"0.0-5.0"},{"rt":5858,"stimulus":"<p>You can take a 60 second break before starting the experiment.</p><br><br><p>This page will advance in 60 seconds or you can press any key to advance now.</p>","response":"arrowright","trial_type":"html-keyboard-response","trial_index":6,"time_elapsed":176917,"internal_node_id":"0.0-7.0"},{"view_history":[{"page_index":0,"viewing_time":9034}],"rt":9035,"trial_type":"instructions","trial_index":7,"time_elapsed":185952,"internal_node_id":"0.0-8.0"},{"rt":17165,"url":"../static/nodeGraphs.html","edge":"5to7","edgeRT":"15639","flipped":"FALSE","correct_edge":"0to3","index":"9","edgeClickLog":"[{\"edgeSelection\":\"5to7\",\"edgeRTMS\":15639}]","seed":" 61187187","task":"experiment","subjectId":"wte5ysmjh484qrf","trial_type":"external-html","trial_index":8,"time_elapsed":203208,"internal_node_id":"0.0-9.0-0.0"},{"rt":21041,"url":"../static/nodeGraphs.html","edge":"6to9","edgeRT":"17267","flipped":"FALSE","correct_edge":"0to2","index":"14","edgeClickLog":"[{\"edgeSelection\":\"6to9\",\"edgeRTMS\":17267}]","seed":" 21083760","task":"experiment","subjectId":"wte5ysmjh484qrf","trial_type":"external-html","trial_index":9,"time_elapsed":224831,"internal_node_id":"0.0-9.0-0.1"},{"rt":14385,"url":"../static/nodeGraphs.html","edge":"5to9","edgeRT":"13149","flipped":"FALSE","correct_edge":"0to3","index":"12","edgeClickLog":"[{\"edgeSelection\":\"5to9\",\"edgeRTMS\":13149}]","seed":" 36895371","task":"experiment","subjectId":"wte5ysmjh484qrf","trial_type":"external-html","trial_index":10,"time_elapsed":239808,"internal_node_id":"0.0-9.0-0.2"},{"rt":13593,"url":"../static/nodeGraphs.html","edge":"5to7","edgeRT":"10499","flipped":"FALSE","correct_edge":"0to2","index":"11","edgeClickLog":"[{\"edgeSelection\":\"5to7\",\"edgeRTMS\":10499}]","seed":" 63833578","task":"experiment","subjectId":"wte5ysmjh484qrf","trial_type":"external-html","trial_index":11,"time_elapsed":253984,"internal_node_id":"0.0-9.0-0.3"},{"rt":15550,"url":"../static/nodeGraphs.html","edge":"2to4","edgeRT":"11500","flipped":"TRUE","correct_edge":"2to4","index":"35","edgeClickLog":"[{\"edgeSelection\":\"2to4\",\"edgeRTMS\":11500}]","seed":" 53220770","task":"experiment","subjectId":"wte5ysmjh484qrf","trial_type":"external-html","trial_index":12,"time_elapsed":270109,"internal_node_id":"0.0-9.0-0.4"},{"rt":13413,"url":"../static/nodeGraphs.html","edge":"0to1","edgeRT":"11898","flipped":"FALSE","correct_edge":"0to2","index":"7","edgeClickLog":"[{\"edgeSelection\":\"0to1\",\"edgeRTMS\":11898}]","seed":" 85614324","task":"experiment","subjectId":"wte5ysmjh484qrf","trial_type":"external-html","trial_index":13,"time_elapsed":284106,"internal_node_id":"0.0-9.0-0.5"},{"rt":11397,"url":"../static/nodeGraphs.html","edge":"6to8","edgeRT":"5174","flipped":"FALSE","correct_edge":"0to2","index":"10","edgeClickLog":"[{\"edgeSelection\":\"6to8\",\"edgeRTMS\":5174}]","seed":" 39688702","task":"experiment","subjectId":"wte5ysmjh484qrf","trial_type":"external-html","trial_index":14,"time_elapsed":296077,"internal_node_id":"0.0-9.0-0.6"},{"rt":21832,"url":"../static/nodeGraphs.html","edge":"6to9","edgeRT":"19265","flipped":"FALSE","correct_edge":"5to9","index":"16","edgeClickLog":"[{\"edgeSelection\":\"0to1\",\"edgeRTMS\":4061},{\"edgeSelection\":\"1to4\",\"edgeRTMS\":5376},{\"edgeSelection\":\"6to9\",\"edgeRTMS\":19265}]","seed":" 5655743","task":"experiment","subjectId":"wte5ysmjh484qrf","trial_type":"external-html","trial_index":15,"time_elapsed":318486,"internal_node_id":"0.0-9.0-0.7"},{"rt":8873,"url":"../static/nodeGraphs.html","edge":"5to9","edgeRT":"7246","flipped":"FALSE","correct_edge":"0to2","index":"13","edgeClickLog":"[{\"edgeSelection\":\"5to9\",\"edgeRTMS\":7246}]","seed":" 49587019","task":"experiment","subjectId":"wte5ysmjh484qrf","trial_type":"external-html","trial_index":16,"time_elapsed":327942,"internal_node_id":"0.0-9.0-0.8"},{"rt":8620,"url":"../static/nodeGraphs.html","edge":"0to1","edgeRT":"7346","flipped":"FALSE","correct_edge":"0to1","index":"0","edgeClickLog":"[{\"edgeSelection\":\"0to1\",\"edgeRTMS\":7346}]","seed":" 21745736","task":"experiment","subjectId":"wte5ysmjh484qrf","trial_type":"external-html","trial_index":17,"time_elapsed":337145,"internal_node_id":"0.0-9.0-0.9"},{"rt":12523,"url":"../static/nodeGraphs.html","edge":"5to7","edgeRT":"11397","flipped":"FALSE","correct_edge":"0to2","index":"8","edgeClickLog":"[{\"edgeSelection\":\"5to7\",\"edgeRTMS\":11397}]","seed":" 8396978","task":"experiment","subjectId":"wte5ysmjh484qrf","trial_type":"external-html","trial_index":18,"time_elapsed":350251,"internal_node_id":"0.0-9.0-0.10"},{"rt":6412,"url":"../static/nodeGraphs.html","edge":"5to8","edgeRT":"3546","flipped":"FALSE","correct_edge":"5to8","index":"3","edgeClickLog":"[{\"edgeSelection\":\"5to8\",\"edgeRTMS\":3546}]","seed":" 46003743","task":"experiment","subjectId":"wte5ysmjh484qrf","trial_type":"external-html","trial_index":19,"time_elapsed":357250,"internal_node_id":"0.0-9.0-0.11"},{"rt":17462,"url":"../static/nodeGraphs.html","edge":"1to5","edgeRT":"15578","flipped":"TRUE","correct_edge":"5to7","index":"36","edgeClickLog":"[{\"edgeSelection\":\"1to5\",\"edgeRTMS\":15578}]","seed":" 5655743","task":"experiment","subjectId":"wte5ysmjh484qrf","trial_type":"external-html","trial_index":20,"time_elapsed":375292,"internal_node_id":"0.0-9.0-0.12"},{"rt":9170,"url":"../static/nodeGraphs.html","edge":"4to8","edgeRT":"7867","flipped":"TRUE","correct_edge":"1to5","index":"38","edgeClickLog":"[{\"edgeSelection\":\"4to8\",\"edgeRTMS\":7867}]","seed":" 22181670","task":"experiment","subjectId":"wte5ysmjh484qrf","trial_type":"external-html","trial_index":21,"time_elapsed":385037,"internal_node_id":"0.0-9.0-0.13"},{"rt":8341,"url":"../static/nodeGraphs.html","edge":"4to8","edgeRT":"6531","flipped":"FALSE","correct_edge":"4to8","index":"1","edgeClickLog":"[{\"edgeSelection\":\"4to8\",\"edgeRTMS\":6531}]","seed":" 32816305","task":"experiment","subjectId":"wte5ysmjh484qrf","trial_type":"external-html","trial_index":22,"time_elapsed":393953,"internal_node_id":"0.0-9.0-0.14"},{"rt":6027,"url":"../static/nodeGraphs.html","edge":"6to9","edgeRT":"4614","flipped":"TRUE","correct_edge":"6to9","index":"26","edgeClickLog":"[{\"edgeSelection\":\"6to9\",\"edgeRTMS\":4614}]","seed":" 13523788","task":"experiment","subjectId":"wte5ysmjh484qrf","trial_type":"external-html","trial_index":23,"time_elapsed":400557,"internal_node_id":"0.0-9.0-0.15"},{"rt":4637,"url":"../static/nodeGraphs.html","edge":"5to8","edgeRT":"2910","flipped":"TRUE","correct_edge":"5to8","index":"23","edgeClickLog":"[{\"edgeSelection\":\"5to8\",\"edgeRTMS\":2910}]","seed":" 46003743","task":"experiment","subjectId":"wte5ysmjh484qrf","trial_type":"external-html","trial_index":24,"time_elapsed":405783,"internal_node_id":"0.0-9.0-0.16"},{"rt":6341,"url":"../static/nodeGraphs.html","edge":"4to7","edgeRT":"4571","flipped":"FALSE","correct_edge":"4to7","index":"6","edgeClickLog":"[{\"edgeSelection\":\"4to7\",\"edgeRTMS\":4571}]","seed":" 13523788","task":"experiment","subjectId":"wte5ysmjh484qrf","trial_type":"external-html","trial_index":25,"time_elapsed":412697,"internal_node_id":"0.0-9.0-0.17"},{"rt":13241,"url":"../static/nodeGraphs.html","edge":"6to8","edgeRT":"11851","flipped":"FALSE","correct_edge":"3to5","index":"18","edgeClickLog":"[{\"edgeSelection\":\"6to8\",\"edgeRTMS\":11851}]","seed":" 22181670","task":"experiment","subjectId":"wte5ysmjh484qrf","trial_type":"external-html","trial_index":26,"time_elapsed":426518,"internal_node_id":"0.0-9.0-0.18"},{"rt":9402,"url":"../static/nodeGraphs.html","edge":"1to5","edgeRT":"7479","flipped":"FALSE","correct_edge":"0to2","index":"17","edgeClickLog":"[{\"edgeSelection\":\"1to5\",\"edgeRTMS\":7479}]","seed":" 21211189","task":"experiment","subjectId":"wte5ysmjh484qrf","trial_type":"external-html","trial_index":27,"time_elapsed":436502,"internal_node_id":"0.0-9.0-0.19"},{"rt":10046,"url":"../static/nodeGraphs.html","edge":"2to6","edgeRT":"8735","flipped":"TRUE","correct_edge":"2to6","index":"24","edgeClickLog":"[{\"edgeSelection\":\"2to6\",\"edgeRTMS\":8735}]","seed":" 36501291","task":"experiment","subjectId":"wte5ysmjh484qrf","trial_type":"external-html","trial_index":28,"time_elapsed":447130,"internal_node_id":"0.0-9.0-0.20"},{"rt":8174,"url":"../static/nodeGraphs.html","edge":"1to5","edgeRT":"5935","flipped":"TRUE","correct_edge":"0to2","index":"27","edgeClickLog":"[{\"edgeSelection\":\"1to5\",\"edgeRTMS\":5935}]","seed":" 85614324","task":"experiment","subjectId":"wte5ysmjh484qrf","trial_type":"external-html","trial_index":29,"time_elapsed":455879,"internal_node_id":"0.0-9.0-0.21"},{"rt":5205,"url":"../static/nodeGraphs.html","edge":"6to8","edgeRT":"4021","flipped":"TRUE","correct_edge":"6to8","index":"21","edgeClickLog":"[{\"edgeSelection\":\"6to8\",\"edgeRTMS\":4021}]","seed":" 32816305","task":"experiment","subjectId":"wte5ysmjh484qrf","trial_type":"external-html","trial_index":30,"time_elapsed":461661,"internal_node_id":"0.0-9.0-0.22"},{"rt":20623,"url":"../static/nodeGraphs.html","edge":"0to1","edgeRT":"14902","flipped":"FALSE","correct_edge":"0to1","index":"19","edgeClickLog":"[{\"edgeSelection\":\"5to9\",\"edgeRTMS\":5739},{\"edgeSelection\":\"5to9\",\"edgeRTMS\":13385},{\"edgeSelection\":\"0to1\",\"edgeRTMS\":14902}]","seed":" 37422119","task":"experiment","subjectId":"wte5ysmjh484qrf","trial_type":"external-html","trial_index":31,"time_elapsed":482857,"internal_node_id":"0.0-9.0-0.23"},{"rt":9226,"url":"../static/nodeGraphs.html","edge":"5to7","edgeRT":"8018","flipped":"TRUE","correct_edge":"2to6","index":"25","edgeClickLog":"[{\"edgeSelection\":\"5to7\",\"edgeRTMS\":8018}]","seed":" 10409262","task":"experiment","subjectId":"wte5ysmjh484qrf","trial_type":"external-html","trial_index":32,"time_elapsed":492666,"internal_node_id":"0.0-9.0-0.24"},{"rt":6471,"url":"../static/nodeGraphs.html","edge":"5to8","edgeRT":"5071","flipped":"FALSE","correct_edge":"2to6","index":"15","edgeClickLog":"[{\"edgeSelection\":\"5to8\",\"edgeRTMS\":5071}]","seed":" 53220770","task":"experiment","subjectId":"wte5ysmjh484qrf","trial_type":"external-html","trial_index":33,"time_elapsed":499713,"internal_node_id":"0.0-9.0-0.25"},{"rt":8633,"url":"../static/nodeGraphs.html","edge":"0to3","edgeRT":"4328","flipped":"TRUE","correct_edge":"0to3","index":"20","edgeClickLog":"[{\"edgeSelection\":\"0to3\",\"edgeRTMS\":4328}]","seed":" 21745736","task":"experiment","subjectId":"wte5ysmjh484qrf","trial_type":"external-html","trial_index":34,"time_elapsed":508929,"internal_node_id":"0.0-9.0-0.26"},{"rt":7050,"url":"../static/nodeGraphs.html","edge":"5to8","edgeRT":"5859","flipped":"FALSE","correct_edge":"2to4","index":"5","edgeClickLog":"[{\"edgeSelection\":\"5to8\",\"edgeRTMS\":5859}]","seed":" 10409262","task":"experiment","subjectId":"wte5ysmjh484qrf","trial_type":"external-html","trial_index":35,"time_elapsed":516558,"internal_node_id":"0.0-9.0-0.27"},{"rt":9815,"url":"../static/nodeGraphs.html","edge":"5to8","edgeRT":"7374","flipped":"FALSE","correct_edge":"2to4","index":"4","edgeClickLog":"[{\"edgeSelection\":\"5to8\",\"edgeRTMS\":7374}]","seed":" 36501291","task":"experiment","subjectId":"wte5ysmjh484qrf","trial_type":"external-html","trial_index":36,"time_elapsed":526957,"internal_node_id":"0.0-9.0-0.28"},{"rt":7606,"url":"../static/nodeGraphs.html","edge":"5to9","edgeRT":"5986","flipped":"TRUE","correct_edge":"0to2","index":"28","edgeClickLog":"[{\"edgeSelection\":\"5to9\",\"edgeRTMS\":5986}]","seed":" 8396978","task":"experiment","subjectId":"wte5ysmjh484qrf","trial_type":"external-html","trial_index":37,"time_elapsed":535138,"internal_node_id":"0.0-9.0-0.29"},{"rt":5318,"url":"../static/nodeGraphs.html","edge":"5to7","edgeRT":"4139","flipped":"TRUE","correct_edge":"0to3","index":"39","edgeClickLog":"[{\"edgeSelection\":\"5to7\",\"edgeRTMS\":4139}]","seed":" 37422119","task":"experiment","subjectId":"wte5ysmjh484qrf","trial_type":"external-html","trial_index":38,"time_elapsed":541040,"internal_node_id":"0.0-9.0-0.30"},{"rt":6098,"url":"../static/nodeGraphs.html","edge":"4to8","edgeRT":"4881","flipped":"TRUE","correct_edge":"0to2","index":"30","edgeClickLog":"[{\"edgeSelection\":\"4to8\",\"edgeRTMS\":4881}]","seed":" 39688702","task":"experiment","subjectId":"wte5ysmjh484qrf","trial_type":"external-html","trial_index":39,"time_elapsed":547715,"internal_node_id":"0.0-9.0-0.31"},{"rt":4429,"url":"../static/nodeGraphs.html","edge":"5to9","edgeRT":"3244","flipped":"TRUE","correct_edge":"0to1","index":"29","edgeClickLog":"[{\"edgeSelection\":\"5to9\",\"edgeRTMS\":3244}]","seed":" 61187187","task":"experiment","subjectId":"wte5ysmjh484qrf","trial_type":"external-html","trial_index":40,"time_elapsed":552729,"internal_node_id":"0.0-9.0-0.32"},{"rt":6383,"url":"../static/nodeGraphs.html","edge":"5to7","edgeRT":"3524","flipped":"TRUE","correct_edge":"0to2","index":"33","edgeClickLog":"[{\"edgeSelection\":\"5to7\",\"edgeRTMS\":3524}]","seed":" 49587019","task":"experiment","subjectId":"wte5ysmjh484qrf","trial_type":"external-html","trial_index":41,"time_elapsed":559689,"internal_node_id":"0.0-9.0-0.33"},{"rt":7674,"url":"../static/nodeGraphs.html","edge":"0to2","edgeRT":"4587","flipped":"TRUE","correct_edge":"0to2","index":"31","edgeClickLog":"[{\"edgeSelection\":\"0to2\",\"edgeRTMS\":4587}]","seed":" 63833578","task":"experiment","subjectId":"wte5ysmjh484qrf","trial_type":"external-html","trial_index":42,"time_elapsed":567952,"internal_node_id":"0.0-9.0-0.34"},{"rt":5881,"url":"../static/nodeGraphs.html","edge":"5to7","edgeRT":"4681","flipped":"TRUE","correct_edge":"0to1","index":"32","edgeClickLog":"[{\"edgeSelection\":\"5to7\",\"edgeRTMS\":4681}]","seed":" 36895371","task":"experiment","subjectId":"wte5ysmjh484qrf","trial_type":"external-html","trial_index":43,"time_elapsed":574409,"internal_node_id":"0.0-9.0-0.35"},{"rt":5732,"url":"../static/nodeGraphs.html","edge":"3to5","edgeRT":"3896","flipped":"TRUE","correct_edge":"0to2","index":"37","edgeClickLog":"[{\"edgeSelection\":\"3to5\",\"edgeRTMS\":3896}]","seed":" 21211189","task":"experiment","subjectId":"wte5ysmjh484qrf","trial_type":"external-html","trial_index":44,"time_elapsed":580718,"internal_node_id":"0.0-9.0-0.36"},{"rt":3851,"url":"../static/nodeGraphs.html","edge":"1to4","edgeRT":"2491","flipped":"FALSE","correct_edge":"1to4","index":"2","edgeClickLog":"[{\"edgeSelection\":\"1to4\",\"edgeRTMS\":2491}]","seed":" 22809663","task":"experiment","subjectId":"wte5ysmjh484qrf","trial_type":"external-html","trial_index":45,"time_elapsed":585151,"internal_node_id":"0.0-9.0-0.37"},{"rt":3771,"url":"../static/nodeGraphs.html","edge":"3to6","edgeRT":"2507","flipped":"TRUE","correct_edge":"3to6","index":"22","edgeClickLog":"[{\"edgeSelection\":\"3to6\",\"edgeRTMS\":2507}]","seed":" 22809663","task":"experiment","subjectId":"wte5ysmjh484qrf","trial_type":"external-html","trial_index":46,"time_elapsed":589507,"internal_node_id":"0.0-9.0-0.38"},{"rt":12661,"url":"../static/nodeGraphs.html","edge":"4to7","edgeRT":"6557","flipped":"TRUE","correct_edge":"0to2","index":"34","edgeClickLog":"[{\"edgeSelection\":\"4to7\",\"edgeRTMS\":6557}]","seed":" 21083760","task":"experiment","subjectId":"wte5ysmjh484qrf","trial_type":"external-html","trial_index":47,"time_elapsed":602750,"internal_node_id":"0.0-9.0-0.39"},{"rt":24804,"response":{"P0_Q0":null,"P0_Q1":4,"P0_Q2":4,"P0_Q3":4,"P0_Q4":5,"P0_Q5":6,"strategies":"calculating highest sum","feedback":""},"accuracy":[],"trial_type":"survey","trial_index":48,"time_elapsed":628171,"internal_node_id":"0.0-10.0"},{"rt":3046,"stimulus":"<p>Thanks for your time!</p>        <p>We need to manually calculate your bonus pay, please give us up to 7 days.</p><p>Press any key to conclude.</p>","response":" ","task":"end","subjectId":"wte5ysmjh484qrf","trial_type":"html-keyboard-response","trial_index":49,"time_elapsed":631223,"internal_node_id":"0.0-11.0","interactions":"[{\"event\":\"fullscreenenter\",\"trial\":1,\"time\":3303}]"}]