[{"success":true,"timeout":false,"failed_images":[],"failed_audio":[],"failed_video":[],"trial_type":"preload","trial_index":0,"time_elapsed":1822,"internal_node_id":"0.0-0.0"},{"success":true,"trial_type":"fullscreen","trial_index":1,"time_elapsed":7339,"internal_node_id":"0.0-1.0"},{"rt":2993,"stimulus":"Welcome to the experiment. Press any key to begin.","response":" ","trial_type":"html-keyboard-response","trial_index":2,"time_elapsed":10333,"internal_node_id":"0.0-2.0"},{"view_history":[{"page_index":0,"viewing_time":8575},{"page_index":1,"viewing_time":5318},{"page_index":2,"viewing_time":38345},{"page_index":3,"viewing_time":5431},{"page_index":4,"viewing_time":1207},{"page_index":5,"viewing_time":832},{"page_index":6,"viewing_time":1527},{"page_index":7,"viewing_time":6841},{"page_index":8,"viewing_time":21464},{"page_index":9,"viewing_time":8591},{"page_index":10,"viewing_time":1873},{"page_index":11,"viewing_time":935},{"page_index":12,"viewing_time":944},{"page_index":13,"viewing_time":1769},{"page_index":14,"viewing_time":3632},{"page_index":15,"viewing_time":13497},{"page_index":16,"viewing_time":2888},{"page_index":17,"viewing_time":744},{"page_index":18,"viewing_time":1232},{"page_index":19,"viewing_time":6920},{"page_index":20,"viewing_time":8617},{"page_index":21,"viewing_time":4160}],"rt":145342,"trial_type":"instructions","trial_index":3,"time_elapsed":155676,"internal_node_id":"0.0-3.0"},{"rt":79892,"url":"../static/nodeGraphsTraining.html","edgeClickLog":[],"trial_type":"external-html","trial_index":4,"time_elapsed":235913,"internal_node_id":"0.0-4.0"},{"rt":34800,"response":{"q1":"The goal is to help the student to get the most points","q2":"False","q3":"Possible paths the student can take.","q4":"Possible paths you, as the teacher, can take."},"question_order":[0,1,2,3],"trial_type":"survey-multi-choice","trial_index":5,"time_elapsed":270718,"internal_node_id":"0.0-5.0"},{"rt":59958,"response":{"q1":"The goal is to help the student to get the most points","q2":"False","q3":"Possible paths the student can take.","q4":"Paths that the student took before."},"question_order":[0,1,2,3],"trial_type":"survey-multi-choice","trial_index":6,"time_elapsed":330694,"internal_node_id":"0.0-6.0-0.0"},{"rt":7066,"stimulus":"<p>You can take a 60 second break before starting the experiment.</p><br><br><p>This page will advance in 60 seconds or you can press any key to advance now.</p>","response":"arrowright","trial_type":"html-keyboard-response","trial_index":7,"time_elapsed":337774,"internal_node_id":"0.0-7.0"},{"view_history":[{"page_index":0,"viewing_time":14781}],"rt":14781,"trial_type":"instructions","trial_index":8,"time_elapsed":352557,"internal_node_id":"0.0-8.0"},{"rt":34514,"url":"../static/nodeGraphs.html","edge":"2to4","edgeRT":"32914","flipped":"FALSE","correct_edge":"2to4","index":"4","edgeClickLog":"[{\"edgeSelection\":\"2to4\",\"edgeRTMS\":32914}]","seed":" 36501291","task":"experiment","subjectId":"z31hfgfem6t4jwy","trial_type":"external-html","trial_index":9,"time_elapsed":387294,"internal_node_id":"0.0-9.0-0.0"},{"rt":8917,"url":"../static/nodeGraphs.html","edge":"2to6","edgeRT":"5784","flipped":"TRUE","correct_edge":"2to6","index":"24","edgeClickLog":"[{\"edgeSelection\":\"2to6\",\"edgeRTMS\":5784}]","seed":" 36501291","task":"experiment","subjectId":"z31hfgfem6t4jwy","trial_type":"external-html","trial_index":10,"time_elapsed":396934,"internal_node_id":"0.0-9.0-0.1"},{"rt":13510,"url":"../static/nodeGraphs.html","edge":"0to2","edgeRT":"8557","flipped":"TRUE","correct_edge":"1to5","index":"38","edgeClickLog":"[{\"edgeSelection\":\"0to2\",\"edgeRTMS\":8557}]","seed":" 22181670","task":"experiment","subjectId":"z31hfgfem6t4jwy","trial_type":"external-html","trial_index":11,"time_elapsed":411173,"internal_node_id":"0.0-9.0-0.2"},{"rt":7730,"url":"../static/nodeGraphs.html","edge":"1to4","edgeRT":"6272","flipped":"FALSE","correct_edge":"1to4","index":"2","edgeClickLog":"[{\"edgeSelection\":\"1to4\",\"edgeRTMS\":6272}]","seed":" 22809663","task":"experiment","subjectId":"z31hfgfem6t4jwy","trial_type":"external-html","trial_index":12,"time_elapsed":419629,"internal_node_id":"0.0-9.0-0.3"},{"rt":10794,"url":"../static/nodeGraphs.html","edge":"0to1","edgeRT":"8289","flipped":"TRUE","correct_edge":"0to1","index":"32","edgeClickLog":"[{\"edgeSelection\":\"0to1\",\"edgeRTMS\":8289}]","seed":" 36895371","task":"experiment","subjectId":"z31hfgfem6t4jwy","trial_type":"external-html","trial_index":13,"time_elapsed":431173,"internal_node_id":"0.0-9.0-0.4"},{"rt":6127,"url":"../static/nodeGraphs.html","edge":"0to3","edgeRT":"4571","flipped":"TRUE","correct_edge":"0to3","index":"39","edgeClickLog":"[{\"edgeSelection\":\"0to3\",\"edgeRTMS\":4571}]","seed":" 37422119","task":"experiment","subjectId":"z31hfgfem6t4jwy","trial_type":"external-html","trial_index":14,"time_elapsed":438013,"internal_node_id":"0.0-9.0-0.5"},{"rt":16409,"url":"../static/nodeGraphs.html","edge":"0to1","edgeRT":"14809","flipped":"FALSE","correct_edge":"0to2","index":"14","edgeClickLog":"[{\"edgeSelection\":\"0to1\",\"edgeRTMS\":14809}]","seed":" 21083760","task":"experiment","subjectId":"z31hfgfem6t4jwy","trial_type":"external-html","trial_index":15,"time_elapsed":455134,"internal_node_id":"0.0-9.0-0.6"},{"rt":13545,"url":"../static/nodeGraphs.html","edge":"0to2","edgeRT":"12109","flipped":"TRUE","correct_edge":"0to2","index":"37","edgeClickLog":"[{\"edgeSelection\":\"0to2\",\"edgeRTMS\":3152},{\"edgeSelection\":\"0to2\",\"edgeRTMS\":4077},{\"edgeSelection\":\"2to5\",\"edgeRTMS\":6157},{\"edgeSelection\":\"0to2\",\"edgeRTMS\":7992},{\"edgeSelection\":\"2to5\",\"edgeRTMS\":9192},{\"edgeSelection\":\"2to6\",\"edgeRTMS\":10311},{\"edgeSelection\":\"0to2\",\"edgeRTMS\":11392},{\"edgeSelection\":\"0to2\",\"edgeRTMS\":12109}]","seed":" 21211189","task":"experiment","subjectId":"z31hfgfem6t4jwy","trial_type":"external-html","trial_index":16,"time_elapsed":469398,"internal_node_id":"0.0-9.0-0.7"},{"rt":14274,"url":"../static/nodeGraphs.html","edge":"1to5","edgeRT":"12521","flipped":"TRUE","correct_edge":"5to7","index":"36","edgeClickLog":"[{\"edgeSelection\":\"2to4\",\"edgeRTMS\":11420},{\"edgeSelection\":\"1to5\",\"edgeRTMS\":12521}]","seed":" 5655743","task":"experiment","subjectId":"z31hfgfem6t4jwy","trial_type":"external-html","trial_index":17,"time_elapsed":484414,"internal_node_id":"0.0-9.0-0.8"},{"rt":23788,"url":"../static/nodeGraphs.html","edge":"5to9","edgeRT":"22501","flipped":"TRUE","correct_edge":"6to9","index":"26","edgeClickLog":"[{\"edgeSelection\":\"5to9\",\"edgeRTMS\":22501}]","seed":" 13523788","task":"experiment","subjectId":"z31hfgfem6t4jwy","trial_type":"external-html","trial_index":18,"time_elapsed":508941,"internal_node_id":"0.0-9.0-0.9"},{"rt":8750,"url":"../static/nodeGraphs.html","edge":"0to2","edgeRT":"6001","flipped":"FALSE","correct_edge":"3to5","index":"18","edgeClickLog":"[{\"edgeSelection\":\"0to2\",\"edgeRTMS\":6001}]","seed":" 22181670","task":"experiment","subjectId":"z31hfgfem6t4jwy","trial_type":"external-html","trial_index":19,"time_elapsed":518406,"internal_node_id":"0.0-9.0-0.10"},{"rt":5053,"url":"../static/nodeGraphs.html","edge":"0to1","edgeRT":"3636","flipped":"FALSE","correct_edge":"0to1","index":"19","edgeClickLog":"[{\"edgeSelection\":\"0to1\",\"edgeRTMS\":3636}]","seed":" 37422119","task":"experiment","subjectId":"z31hfgfem6t4jwy","trial_type":"external-html","trial_index":20,"time_elapsed":524165,"internal_node_id":"0.0-9.0-0.11"},{"rt":22824,"url":"../static/nodeGraphs.html","edge":"2to5","edgeRT":"19027","flipped":"TRUE","correct_edge":"0to2","index":"31","edgeClickLog":"[{\"edgeSelection\":\"0to2\",\"edgeRTMS\":12451},{\"edgeSelection\":\"0to2\",\"edgeRTMS\":17356},{\"edgeSelection\":\"2to5\",\"edgeRTMS\":18535},{\"edgeSelection\":\"2to5\",\"edgeRTMS\":19027}]","seed":" 63833578","task":"experiment","subjectId":"z31hfgfem6t4jwy","trial_type":"external-html","trial_index":21,"time_elapsed":547717,"internal_node_id":"0.0-9.0-0.12"},{"rt":15660,"url":"../static/nodeGraphs.html","edge":"1to4","edgeRT":"14471","flipped":"FALSE","correct_edge":"0to1","index":"0","edgeClickLog":"[{\"edgeSelection\":\"1to4\",\"edgeRTMS\":14471}]","seed":" 21745736","task":"experiment","subjectId":"z31hfgfem6t4jwy","trial_type":"external-html","trial_index":22,"time_elapsed":564109,"internal_node_id":"0.0-9.0-0.13"},{"rt":23354,"url":"../static/nodeGraphs.html","edge":"1to4","edgeRT":"21730","flipped":"FALSE","correct_edge":"4to8","index":"1","edgeClickLog":"[{\"edgeSelection\":\"1to4\",\"edgeRTMS\":21730}]","seed":" 32816305","task":"experiment","subjectId":"z31hfgfem6t4jwy","trial_type":"external-html","trial_index":23,"time_elapsed":588157,"internal_node_id":"0.0-9.0-0.14"},{"rt":19907,"url":"../static/nodeGraphs.html","edge":"3to5","edgeRT":"12836","flipped":"FALSE","correct_edge":"4to7","index":"6","edgeClickLog":"[{\"edgeSelection\":\"3to5\",\"edgeRTMS\":12836}]","seed":" 13523788","task":"experiment","subjectId":"z31hfgfem6t4jwy","trial_type":"external-html","trial_index":24,"time_elapsed":608878,"internal_node_id":"0.0-9.0-0.15"},{"rt":11070,"url":"../static/nodeGraphs.html","edge":"2to4","edgeRT":"5971","flipped":"FALSE","correct_edge":"2to4","index":"5","edgeClickLog":"[{\"edgeSelection\":\"2to4\",\"edgeRTMS\":5971}]","seed":" 10409262","task":"experiment","subjectId":"z31hfgfem6t4jwy","trial_type":"external-html","trial_index":25,"time_elapsed":620686,"internal_node_id":"0.0-9.0-0.16"},{"rt":10854,"url":"../static/nodeGraphs.html","edge":"2to5","edgeRT":"9158","flipped":"FALSE","correct_edge":"0to2","index":"17","edgeClickLog":"[{\"edgeSelection\":\"2to5\",\"edgeRTMS\":9158}]","seed":" 21211189","task":"experiment","subjectId":"z31hfgfem6t4jwy","trial_type":"external-html","trial_index":26,"time_elapsed":632278,"internal_node_id":"0.0-9.0-0.17"},{"rt":11743,"url":"../static/nodeGraphs.html","edge":"4to8","edgeRT":"8403","flipped":"FALSE","correct_edge":"0to2","index":"10","edgeClickLog":"[{\"edgeSelection\":\"4to8\",\"edgeRTMS\":7320},{\"edgeSelection\":\"4to8\",\"edgeRTMS\":8403}]","seed":" 39688702","task":"experiment","subjectId":"z31hfgfem6t4jwy","trial_type":"external-html","trial_index":27,"time_elapsed":644734,"internal_node_id":"0.0-9.0-0.18"},{"rt":20739,"url":"../static/nodeGraphs.html","edge":"4to7","edgeRT":"19576","flipped":"TRUE","correct_edge":"2to4","index":"35","edgeClickLog":"[{\"edgeSelection\":\"4to7\",\"edgeRTMS\":16436},{\"edgeSelection\":\"4to7\",\"edgeRTMS\":17228},{\"edgeSelection\":\"4to7\",\"edgeRTMS\":17828},{\"edgeSelection\":\"4to7\",\"edgeRTMS\":19576}]","seed":" 53220770","task":"experiment","subjectId":"z31hfgfem6t4jwy","trial_type":"external-html","trial_index":28,"time_elapsed":666198,"internal_node_id":"0.0-9.0-0.19"},{"rt":13606,"url":"../static/nodeGraphs.html","edge":"3to6","edgeRT":"11428","flipped":"TRUE","correct_edge":"0to2","index":"34","edgeClickLog":"[{\"edgeSelection\":\"3to6\",\"edgeRTMS\":11428}]","seed":" 21083760","task":"experiment","subjectId":"z31hfgfem6t4jwy","trial_type":"external-html","trial_index":29,"time_elapsed":680542,"internal_node_id":"0.0-9.0-0.20"},{"rt":15846,"url":"../static/nodeGraphs.html","edge":"2to4","edgeRT":"13970","flipped":"FALSE","correct_edge":"0to2","index":"11","edgeClickLog":"[{\"edgeSelection\":\"2to4\",\"edgeRTMS\":10950},{\"edgeSelection\":\"2to4\",\"edgeRTMS\":11878},{\"edgeSelection\":\"2to4\",\"edgeRTMS\":13970}]","seed":" 63833578","task":"experiment","subjectId":"z31hfgfem6t4jwy","trial_type":"external-html","trial_index":30,"time_elapsed":697102,"internal_node_id":"0.0-9.0-0.21"},{"rt":12105,"url":"../static/nodeGraphs.html","edge":"3to6","edgeRT":"10897","flipped":"FALSE","correct_edge":"0to3","index":"9","edgeClickLog":"[{\"edgeSelection\":\"3to6\",\"edgeRTMS\":10897}]","seed":" 61187187","task":"experiment","subjectId":"z31hfgfem6t4jwy","trial_type":"external-html","trial_index":31,"time_elapsed":709926,"internal_node_id":"0.0-9.0-0.22"},{"rt":7033,"url":"../static/nodeGraphs.html","edge":"2to6","edgeRT":"5311","flipped":"TRUE","correct_edge":"2to6","index":"25","edgeClickLog":"[{\"edgeSelection\":\"2to6\",\"edgeRTMS\":5311}]","seed":" 10409262","task":"experiment","subjectId":"z31hfgfem6t4jwy","trial_type":"external-html","trial_index":32,"time_elapsed":717670,"internal_node_id":"0.0-9.0-0.23"},{"rt":25603,"url":"../static/nodeGraphs.html","edge":"5to9","edgeRT":"18399","flipped":"FALSE","correct_edge":"5to9","index":"16","edgeClickLog":"[{\"edgeSelection\":\"5to9\",\"edgeRTMS\":18399}]","seed":" 5655743","task":"experiment","subjectId":"z31hfgfem6t4jwy","trial_type":"external-html","trial_index":33,"time_elapsed":743990,"internal_node_id":"0.0-9.0-0.24"},{"rt":11290,"url":"../static/nodeGraphs.html","edge":"5to8","edgeRT":"9166","flipped":"FALSE","correct_edge":"5to8","index":"3","edgeClickLog":"[{\"edgeSelection\":\"5to8\",\"edgeRTMS\":7906},{\"edgeSelection\":\"5to8\",\"edgeRTMS\":8619},{\"edgeSelection\":\"5to8\",\"edgeRTMS\":9166}]","seed":" 46003743","task":"experiment","subjectId":"z31hfgfem6t4jwy","trial_type":"external-html","trial_index":34,"time_elapsed":756014,"internal_node_id":"0.0-9.0-0.25"},{"rt":13509,"url":"../static/nodeGraphs.html","edge":"2to6","edgeRT":"10820","flipped":"FALSE","correct_edge":"0to2","index":"13","edgeClickLog":"[{\"edgeSelection\":\"2to6\",\"edgeRTMS\":10820}]","seed":" 49587019","task":"experiment","subjectId":"z31hfgfem6t4jwy","trial_type":"external-html","trial_index":35,"time_elapsed":770230,"internal_node_id":"0.0-9.0-0.26"},{"rt":26376,"url":"../static/nodeGraphs.html","edge":"1to5","edgeRT":"24743","flipped":"TRUE","correct_edge":"0to3","index":"20","edgeClickLog":"[{\"edgeSelection\":\"1to5\",\"edgeRTMS\":24743}]","seed":" 21745736","task":"experiment","subjectId":"z31hfgfem6t4jwy","trial_type":"external-html","trial_index":36,"time_elapsed":797318,"internal_node_id":"0.0-9.0-0.27"},{"rt":12004,"url":"../static/nodeGraphs.html","edge":"6to8","edgeRT":"11025","flipped":"TRUE","correct_edge":"0to2","index":"30","edgeClickLog":"[{\"edgeSelection\":\"6to8\",\"edgeRTMS\":11025}]","seed":" 39688702","task":"experiment","subjectId":"z31hfgfem6t4jwy","trial_type":"external-html","trial_index":37,"time_elapsed":810046,"internal_node_id":"0.0-9.0-0.28"},{"rt":7874,"url":"../static/nodeGraphs.html","edge":"2to4","edgeRT":"6449","flipped":"FALSE","correct_edge":"0to2","index":"8","edgeClickLog":"[{\"edgeSelection\":\"2to4\",\"edgeRTMS\":6449}]","seed":" 8396978","task":"experiment","subjectId":"z31hfgfem6t4jwy","trial_type":"external-html","trial_index":38,"time_elapsed":818639,"internal_node_id":"0.0-9.0-0.29"},{"rt":25693,"url":"../static/nodeGraphs.html","edge":"6to8","edgeRT":"22988","flipped":"TRUE","correct_edge":"5to8","index":"23","edgeClickLog":"[{\"edgeSelection\":\"6to8\",\"edgeRTMS\":21128},{\"edgeSelection\":\"6to8\",\"edgeRTMS\":22988}]","seed":" 46003743","task":"experiment","subjectId":"z31hfgfem6t4jwy","trial_type":"external-html","trial_index":39,"time_elapsed":845062,"internal_node_id":"0.0-9.0-0.30"},{"rt":25789,"url":"../static/nodeGraphs.html","edge":"2to4","edgeRT":"22397","flipped":"TRUE","correct_edge":"0to2","index":"33","edgeClickLog":"[{\"edgeSelection\":\"2to4\",\"edgeRTMS\":22397}]","seed":" 49587019","task":"experiment","subjectId":"z31hfgfem6t4jwy","trial_type":"external-html","trial_index":40,"time_elapsed":871574,"internal_node_id":"0.0-9.0-0.31"},{"rt":18033,"url":"../static/nodeGraphs.html","edge":"3to5","edgeRT":"17035","flipped":"TRUE","correct_edge":"0to2","index":"27","edgeClickLog":"[{\"edgeSelection\":\"3to5\",\"edgeRTMS\":15478},{\"edgeSelection\":\"3to5\",\"edgeRTMS\":17035}]","seed":" 85614324","task":"experiment","subjectId":"z31hfgfem6t4jwy","trial_type":"external-html","trial_index":41,"time_elapsed":890367,"internal_node_id":"0.0-9.0-0.32"},{"rt":10907,"url":"../static/nodeGraphs.html","edge":"1to5","edgeRT":"9631","flipped":"FALSE","correct_edge":"0to2","index":"7","edgeClickLog":"[{\"edgeSelection\":\"1to5\",\"edgeRTMS\":9631}]","seed":" 85614324","task":"experiment","subjectId":"z31hfgfem6t4jwy","trial_type":"external-html","trial_index":42,"time_elapsed":901998,"internal_node_id":"0.0-9.0-0.33"},{"rt":13802,"url":"../static/nodeGraphs.html","edge":"2to6","edgeRT":"9534","flipped":"FALSE","correct_edge":"2to6","index":"15","edgeClickLog":"[{\"edgeSelection\":\"2to6\",\"edgeRTMS\":9534}]","seed":" 53220770","task":"experiment","subjectId":"z31hfgfem6t4jwy","trial_type":"external-html","trial_index":43,"time_elapsed":916598,"internal_node_id":"0.0-9.0-0.34"},{"rt":16997,"url":"../static/nodeGraphs.html","edge":"0to3","edgeRT":"14873","flipped":"FALSE","correct_edge":"0to3","index":"12","edgeClickLog":"[{\"edgeSelection\":\"0to3\",\"edgeRTMS\":14873}]","seed":" 36895371","task":"experiment","subjectId":"z31hfgfem6t4jwy","trial_type":"external-html","trial_index":44,"time_elapsed":934341,"internal_node_id":"0.0-9.0-0.35"},{"rt":12742,"url":"../static/nodeGraphs.html","edge":"6to8","edgeRT":"11482","flipped":"TRUE","correct_edge":"3to6","index":"22","edgeClickLog":"[{\"edgeSelection\":\"6to8\",\"edgeRTMS\":11482}]","seed":" 22809663","task":"experiment","subjectId":"z31hfgfem6t4jwy","trial_type":"external-html","trial_index":45,"time_elapsed":947838,"internal_node_id":"0.0-9.0-0.36"},{"rt":7649,"url":"../static/nodeGraphs.html","edge":"1to4","edgeRT":"6416","flipped":"TRUE","correct_edge":"0to1","index":"29","edgeClickLog":"[{\"edgeSelection\":\"1to4\",\"edgeRTMS\":6416}]","seed":" 61187187","task":"experiment","subjectId":"z31hfgfem6t4jwy","trial_type":"external-html","trial_index":46,"time_elapsed":956276,"internal_node_id":"0.0-9.0-0.37"},{"rt":28616,"url":"../static/nodeGraphs.html","edge":"6to8","edgeRT":"27476","flipped":"TRUE","correct_edge":"6to8","index":"21","edgeClickLog":"[{\"edgeSelection\":\"6to8\",\"edgeRTMS\":27476}]","seed":" 32816305","task":"experiment","subjectId":"z31hfgfem6t4jwy","trial_type":"external-html","trial_index":47,"time_elapsed":985622,"internal_node_id":"0.0-9.0-0.38"},{"rt":21476,"url":"../static/nodeGraphs.html","edge":"6to8","edgeRT":"19574","flipped":"TRUE","correct_edge":"0to2","index":"28","edgeClickLog":"[{\"edgeSelection\":\"2to6\",\"edgeRTMS\":8438},{\"edgeSelection\":\"6to8\",\"edgeRTMS\":19574}]","seed":" 8396978","task":"experiment","subjectId":"z31hfgfem6t4jwy","trial_type":"external-html","trial_index":48,"time_elapsed":1007854,"internal_node_id":"0.0-9.0-0.39"},{"rt":37614,"response":{"P0_Q0":null,"P0_Q1":5,"P0_Q2":5,"P0_Q3":5,"P0_Q4":5,"P0_Q5":3,"strategies":"Maximize points","feedback":"nope"},"accuracy":[],"trial_type":"survey","trial_index":49,"time_elapsed":1046115,"internal_node_id":"0.0-10.0"},{"rt":4709,"stimulus":"<p>Thanks for your time!</p>        <p>We need to manually calculate your bonus pay, please give us up to 7 days.</p><p>Press any key to conclude.</p>","response":" ","task":"end","subjectId":"z31hfgfem6t4jwy","trial_type":"html-keyboard-response","trial_index":50,"time_elapsed":1050830,"internal_node_id":"0.0-11.0","interactions":"[{\"event\":\"fullscreenenter\",\"trial\":1,\"time\":6398},{\"event\":\"blur\",\"trial\":9,\"time\":381242},{\"event\":\"focus\",\"trial\":9,\"time\":381243},{\"event\":\"fullscreenexit\",\"trial\":9,\"time\":381262}]"}]