[{"success":true,"timeout":false,"failed_images":[],"failed_audio":[],"failed_video":[],"trial_type":"preload","trial_index":0,"time_elapsed":564,"internal_node_id":"0.0-0.0"},{"success":true,"trial_type":"fullscreen","trial_index":1,"time_elapsed":4380,"internal_node_id":"0.0-1.0"},{"rt":2374,"stimulus":"Welcome to the experiment. Press any key to begin.","response":" ","trial_type":"html-keyboard-response","trial_index":2,"time_elapsed":6756,"internal_node_id":"0.0-2.0"},{"view_history":[{"page_index":0,"viewing_time":3957},{"page_index":1,"viewing_time":6290},{"page_index":2,"viewing_time":36287},{"page_index":3,"viewing_time":3548},{"page_index":4,"viewing_time":3989},{"page_index":5,"viewing_time":14291},{"page_index":6,"viewing_time":6910},{"page_index":7,"viewing_time":12180},{"page_index":8,"viewing_time":20781},{"page_index":9,"viewing_time":5560},{"page_index":10,"viewing_time":1860},{"page_index":11,"viewing_time":530},{"page_index":12,"viewing_time":660},{"page_index":13,"viewing_time":1340},{"page_index":14,"viewing_time":4190},{"page_index":15,"viewing_time":7750},{"page_index":16,"viewing_time":1010},{"page_index":17,"viewing_time":660},{"page_index":18,"viewing_time":2870},{"page_index":19,"viewing_time":5461},{"page_index":20,"viewing_time":7300},{"page_index":21,"viewing_time":5810}],"rt":153236,"trial_type":"instructions","trial_index":3,"time_elapsed":160004,"internal_node_id":"0.0-3.0"},{"rt":81558,"url":"../static/nodeGraphsTraining.html","edgeClickLog":[],"trial_type":"external-html","trial_index":4,"time_elapsed":241650,"internal_node_id":"0.0-4.0"},{"rt":33348,"response":{"q1":"The goal is to help the student to get the most points","q2":"False","q3":"Possible paths the student can take.","q4":"Paths that the student took before."},"question_order":[0,1,2,3],"trial_type":"survey-multi-choice","trial_index":5,"time_elapsed":275001,"internal_node_id":"0.0-5.0"},{"rt":59949,"stimulus":"<p>You can take a 60 second break before starting the experiment.</p><br><br><p>This page will advance in 60 seconds or you can press any key to advance now.</p>","response":" ","trial_type":"html-keyboard-response","trial_index":6,"time_elapsed":334954,"internal_node_id":"0.0-7.0"},{"view_history":[{"page_index":0,"viewing_time":16158}],"rt":16158,"trial_type":"instructions","trial_index":7,"time_elapsed":351112,"internal_node_id":"0.0-8.0"},{"rt":20798,"url":"../static/nodeGraphs.html","edge":"5to8","edgeRT":"19227","flipped":"FALSE","correct_edge":"5to8","index":"3","edgeClickLog":"[{\"edgeSelection\":\"5to8\",\"edgeRTMS\":14910},{\"edgeSelection\":\"1to5\",\"edgeRTMS\":17981},{\"edgeSelection\":\"5to8\",\"edgeRTMS\":19227}]","seed":" 46003743","task":"experiment","subjectId":"96c8p5zyqapvbmy","trial_type":"external-html","trial_index":8,"time_elapsed":371992,"internal_node_id":"0.0-9.0-0.0"},{"rt":45165,"url":"../static/nodeGraphs.html","edge":"0to1","edgeRT":"41293","flipped":"FALSE","correct_edge":"0to1","index":"0","edgeClickLog":"[{\"edgeSelection\":\"0to3\",\"edgeRTMS\":14916},{\"edgeSelection\":\"5to7\",\"edgeRTMS\":16883},{\"edgeSelection\":\"0to3\",\"edgeRTMS\":23122},{\"edgeSelection\":\"0to1\",\"edgeRTMS\":41293}]","seed":" 21745736","task":"experiment","subjectId":"96c8p5zyqapvbmy","trial_type":"external-html","trial_index":9,"time_elapsed":417724,"internal_node_id":"0.0-9.0-0.1"},{"rt":23623,"url":"../static/nodeGraphs.html","edge":"5to7","edgeRT":"10926","flipped":"TRUE","correct_edge":"0to1","index":"32","edgeClickLog":"[{\"edgeSelection\":\"5to7\",\"edgeRTMS\":10926}]","seed":" 36895371","task":"experiment","subjectId":"96c8p5zyqapvbmy","trial_type":"external-html","trial_index":10,"time_elapsed":441921,"internal_node_id":"0.0-9.0-0.2"},{"rt":22344,"url":"../static/nodeGraphs.html","edge":"0to2","edgeRT":"15076","flipped":"FALSE","correct_edge":"0to2","index":"10","edgeClickLog":"[{\"edgeSelection\":\"0to2\",\"edgeRTMS\":15076}]","seed":" 39688702","task":"experiment","subjectId":"96c8p5zyqapvbmy","trial_type":"external-html","trial_index":11,"time_elapsed":464845,"internal_node_id":"0.0-9.0-0.3"},{"rt":4709,"url":"../static/nodeGraphs.html","edge":"0to3","edgeRT":"3503","flipped":"TRUE","correct_edge":"0to3","index":"20","edgeClickLog":"[{\"edgeSelection\":\"0to3\",\"edgeRTMS\":3503}]","seed":" 21745736","task":"experiment","subjectId":"96c8p5zyqapvbmy","trial_type":"external-html","trial_index":12,"time_elapsed":470122,"internal_node_id":"0.0-9.0-0.4"},{"rt":10869,"url":"../static/nodeGraphs.html","edge":"0to2","edgeRT":"3403","flipped":"FALSE","correct_edge":"0to2","index":"8","edgeClickLog":"[{\"edgeSelection\":\"0to2\",\"edgeRTMS\":3403}]","seed":" 8396978","task":"experiment","subjectId":"96c8p5zyqapvbmy","trial_type":"external-html","trial_index":13,"time_elapsed":481580,"internal_node_id":"0.0-9.0-0.5"},{"rt":11289,"url":"../static/nodeGraphs.html","edge":"2to4","edgeRT":"10250","flipped":"FALSE","correct_edge":"0to2","index":"14","edgeClickLog":"[{\"edgeSelection\":\"2to4\",\"edgeRTMS\":10250}]","seed":" 21083760","task":"experiment","subjectId":"96c8p5zyqapvbmy","trial_type":"external-html","trial_index":14,"time_elapsed":493441,"internal_node_id":"0.0-9.0-0.6"},{"rt":21733,"url":"../static/nodeGraphs.html","edge":"6to8","edgeRT":"18437","flipped":"TRUE","correct_edge":"0to2","index":"28","edgeClickLog":"[{\"edgeSelection\":\"3to6\",\"edgeRTMS\":6076},{\"edgeSelection\":\"2to6\",\"edgeRTMS\":8432},{\"edgeSelection\":\"6to8\",\"edgeRTMS\":17690},{\"edgeSelection\":\"6to8\",\"edgeRTMS\":18437}]","seed":" 8396978","task":"experiment","subjectId":"96c8p5zyqapvbmy","trial_type":"external-html","trial_index":15,"time_elapsed":515744,"internal_node_id":"0.0-9.0-0.7"},{"rt":4720,"url":"../static/nodeGraphs.html","edge":"1to4","edgeRT":"3895","flipped":"FALSE","correct_edge":"1to4","index":"2","edgeClickLog":"[{\"edgeSelection\":\"1to4\",\"edgeRTMS\":3895}]","seed":" 22809663","task":"experiment","subjectId":"96c8p5zyqapvbmy","trial_type":"external-html","trial_index":16,"time_elapsed":521045,"internal_node_id":"0.0-9.0-0.8"},{"rt":12862,"url":"../static/nodeGraphs.html","edge":"2to6","edgeRT":"7365","flipped":"TRUE","correct_edge":"2to6","index":"24","edgeClickLog":"[{\"edgeSelection\":\"2to6\",\"edgeRTMS\":7365}]","seed":" 36501291","task":"experiment","subjectId":"96c8p5zyqapvbmy","trial_type":"external-html","trial_index":17,"time_elapsed":534472,"internal_node_id":"0.0-9.0-0.9"},{"rt":8144,"url":"../static/nodeGraphs.html","edge":"0to2","edgeRT":"7312","flipped":"TRUE","correct_edge":"1to5","index":"38","edgeClickLog":"[{\"edgeSelection\":\"0to2\",\"edgeRTMS\":7312}]","seed":" 22181670","task":"experiment","subjectId":"96c8p5zyqapvbmy","trial_type":"external-html","trial_index":18,"time_elapsed":543185,"internal_node_id":"0.0-9.0-0.10"},{"rt":12098,"url":"../static/nodeGraphs.html","edge":"0to3","edgeRT":"7082","flipped":"FALSE","correct_edge":"0to3","index":"12","edgeClickLog":"[{\"edgeSelection\":\"0to3\",\"edgeRTMS\":5371},{\"edgeSelection\":\"0to3\",\"edgeRTMS\":7082}]","seed":" 36895371","task":"experiment","subjectId":"96c8p5zyqapvbmy","trial_type":"external-html","trial_index":19,"time_elapsed":555847,"internal_node_id":"0.0-9.0-0.11"},{"rt":9654,"url":"../static/nodeGraphs.html","edge":"0to1","edgeRT":"8561","flipped":"TRUE","correct_edge":"2to4","index":"35","edgeClickLog":"[{\"edgeSelection\":\"0to1\",\"edgeRTMS\":8561}]","seed":" 53220770","task":"experiment","subjectId":"96c8p5zyqapvbmy","trial_type":"external-html","trial_index":20,"time_elapsed":566093,"internal_node_id":"0.0-9.0-0.12"},{"rt":6903,"url":"../static/nodeGraphs.html","edge":"0to2","edgeRT":"5688","flipped":"TRUE","correct_edge":"0to2","index":"37","edgeClickLog":"[{\"edgeSelection\":\"0to2\",\"edgeRTMS\":5688}]","seed":" 21211189","task":"experiment","subjectId":"96c8p5zyqapvbmy","trial_type":"external-html","trial_index":21,"time_elapsed":573572,"internal_node_id":"0.0-9.0-0.13"},{"rt":9162,"url":"../static/nodeGraphs.html","edge":"2to4","edgeRT":"8184","flipped":"TRUE","correct_edge":"0to2","index":"33","edgeClickLog":"[{\"edgeSelection\":\"2to4\",\"edgeRTMS\":8184}]","seed":" 49587019","task":"experiment","subjectId":"96c8p5zyqapvbmy","trial_type":"external-html","trial_index":22,"time_elapsed":583298,"internal_node_id":"0.0-9.0-0.14"},{"rt":4720,"url":"../static/nodeGraphs.html","edge":"0to3","edgeRT":"2930","flipped":"FALSE","correct_edge":"0to3","index":"9","edgeClickLog":"[{\"edgeSelection\":\"0to3\",\"edgeRTMS\":2930}]","seed":" 61187187","task":"experiment","subjectId":"96c8p5zyqapvbmy","trial_type":"external-html","trial_index":23,"time_elapsed":588920,"internal_node_id":"0.0-9.0-0.15"},{"rt":5641,"url":"../static/nodeGraphs.html","edge":"2to4","edgeRT":"4093","flipped":"FALSE","correct_edge":"2to4","index":"5","edgeClickLog":"[{\"edgeSelection\":\"2to4\",\"edgeRTMS\":4093}]","seed":" 10409262","task":"experiment","subjectId":"96c8p5zyqapvbmy","trial_type":"external-html","trial_index":24,"time_elapsed":595112,"internal_node_id":"0.0-9.0-0.16"},{"rt":9475,"url":"../static/nodeGraphs.html","edge":"2to6","edgeRT":"5691","flipped":"TRUE","correct_edge":"0to2","index":"31","edgeClickLog":"[{\"edgeSelection\":\"0to2\",\"edgeRTMS\":1963},{\"edgeSelection\":\"2to6\",\"edgeRTMS\":5691}]","seed":" 63833578","task":"experiment","subjectId":"96c8p5zyqapvbmy","trial_type":"external-html","trial_index":25,"time_elapsed":605158,"internal_node_id":"0.0-9.0-0.17"},{"rt":11106,"url":"../static/nodeGraphs.html","edge":"1to5","edgeRT":"7329","flipped":"TRUE","correct_edge":"6to9","index":"26","edgeClickLog":"[{\"edgeSelection\":\"0to1\",\"edgeRTMS\":3331},{\"edgeSelection\":\"1to4\",\"edgeRTMS\":4507},{\"edgeSelection\":\"1to5\",\"edgeRTMS\":7329}]","seed":" 13523788","task":"experiment","subjectId":"96c8p5zyqapvbmy","trial_type":"external-html","trial_index":26,"time_elapsed":616835,"internal_node_id":"0.0-9.0-0.18"},{"rt":8731,"url":"../static/nodeGraphs.html","edge":"3to5","edgeRT":"6667","flipped":"FALSE","correct_edge":"5to9","index":"16","edgeClickLog":"[{\"edgeSelection\":\"3to5\",\"edgeRTMS\":6667}]","seed":" 5655743","task":"experiment","subjectId":"96c8p5zyqapvbmy","trial_type":"external-html","trial_index":27,"time_elapsed":626136,"internal_node_id":"0.0-9.0-0.19"},{"rt":6219,"url":"../static/nodeGraphs.html","edge":"2to5","edgeRT":"3839","flipped":"FALSE","correct_edge":"0to2","index":"17","edgeClickLog":"[{\"edgeSelection\":\"2to5\",\"edgeRTMS\":3839}]","seed":" 21211189","task":"experiment","subjectId":"96c8p5zyqapvbmy","trial_type":"external-html","trial_index":28,"time_elapsed":632935,"internal_node_id":"0.0-9.0-0.20"},{"rt":9169,"url":"../static/nodeGraphs.html","edge":"2to5","edgeRT":"3674","flipped":"FALSE","correct_edge":"3to5","index":"18","edgeClickLog":"[{\"edgeSelection\":\"2to5\",\"edgeRTMS\":3674}]","seed":" 22181670","task":"experiment","subjectId":"96c8p5zyqapvbmy","trial_type":"external-html","trial_index":29,"time_elapsed":642670,"internal_node_id":"0.0-9.0-0.21"},{"rt":6397,"url":"../static/nodeGraphs.html","edge":"6to8","edgeRT":"5302","flipped":"TRUE","correct_edge":"6to8","index":"21","edgeClickLog":"[{\"edgeSelection\":\"6to8\",\"edgeRTMS\":5302}]","seed":" 32816305","task":"experiment","subjectId":"96c8p5zyqapvbmy","trial_type":"external-html","trial_index":30,"time_elapsed":649638,"internal_node_id":"0.0-9.0-0.22"},{"rt":10652,"url":"../static/nodeGraphs.html","edge":"2to6","edgeRT":"5295","flipped":"TRUE","correct_edge":"0to2","index":"34","edgeClickLog":"[{\"edgeSelection\":\"2to6\",\"edgeRTMS\":5295}]","seed":" 21083760","task":"experiment","subjectId":"96c8p5zyqapvbmy","trial_type":"external-html","trial_index":31,"time_elapsed":660860,"internal_node_id":"0.0-9.0-0.23"},{"rt":19204,"url":"../static/nodeGraphs.html","edge":"2to6","edgeRT":"4675","flipped":"FALSE","correct_edge":"0to2","index":"13","edgeClickLog":"[{\"edgeSelection\":\"2to6\",\"edgeRTMS\":4675}]","seed":" 49587019","task":"experiment","subjectId":"96c8p5zyqapvbmy","trial_type":"external-html","trial_index":32,"time_elapsed":680635,"internal_node_id":"0.0-9.0-0.24"},{"rt":10853,"url":"../static/nodeGraphs.html","edge":"3to6","edgeRT":"9229","flipped":"FALSE","correct_edge":"2to6","index":"15","edgeClickLog":"[{\"edgeSelection\":\"3to6\",\"edgeRTMS\":9229}]","seed":" 53220770","task":"experiment","subjectId":"96c8p5zyqapvbmy","trial_type":"external-html","trial_index":33,"time_elapsed":692056,"internal_node_id":"0.0-9.0-0.25"},{"rt":13095,"url":"../static/nodeGraphs.html","edge":"4to8","edgeRT":"11547","flipped":"TRUE","correct_edge":"0to1","index":"29","edgeClickLog":"[{\"edgeSelection\":\"4to8\",\"edgeRTMS\":11547}]","seed":" 61187187","task":"experiment","subjectId":"96c8p5zyqapvbmy","trial_type":"external-html","trial_index":34,"time_elapsed":705725,"internal_node_id":"0.0-9.0-0.26"},{"rt":5911,"url":"../static/nodeGraphs.html","edge":"1to5","edgeRT":"4459","flipped":"TRUE","correct_edge":"5to7","index":"36","edgeClickLog":"[{\"edgeSelection\":\"1to5\",\"edgeRTMS\":4459}]","seed":" 5655743","task":"experiment","subjectId":"96c8p5zyqapvbmy","trial_type":"external-html","trial_index":35,"time_elapsed":712206,"internal_node_id":"0.0-9.0-0.27"},{"rt":6004,"url":"../static/nodeGraphs.html","edge":"0to1","edgeRT":"4746","flipped":"FALSE","correct_edge":"0to1","index":"19","edgeClickLog":"[{\"edgeSelection\":\"0to1\",\"edgeRTMS\":4746}]","seed":" 37422119","task":"experiment","subjectId":"96c8p5zyqapvbmy","trial_type":"external-html","trial_index":36,"time_elapsed":718784,"internal_node_id":"0.0-9.0-0.28"},{"rt":5002,"url":"../static/nodeGraphs.html","edge":"5to8","edgeRT":"4431","flipped":"TRUE","correct_edge":"5to8","index":"23","edgeClickLog":"[{\"edgeSelection\":\"5to8\",\"edgeRTMS\":4431}]","seed":" 46003743","task":"experiment","subjectId":"96c8p5zyqapvbmy","trial_type":"external-html","trial_index":37,"time_elapsed":724378,"internal_node_id":"0.0-9.0-0.29"},{"rt":6644,"url":"../static/nodeGraphs.html","edge":"3to6","edgeRT":"2046","flipped":"TRUE","correct_edge":"3to6","index":"22","edgeClickLog":"[{\"edgeSelection\":\"3to6\",\"edgeRTMS\":2046}]","seed":" 22809663","task":"experiment","subjectId":"96c8p5zyqapvbmy","trial_type":"external-html","trial_index":38,"time_elapsed":731606,"internal_node_id":"0.0-9.0-0.30"},{"rt":5022,"url":"../static/nodeGraphs.html","edge":"2to6","edgeRT":"4034","flipped":"TRUE","correct_edge":"2to6","index":"25","edgeClickLog":"[{\"edgeSelection\":\"2to6\",\"edgeRTMS\":4034}]","seed":" 10409262","task":"experiment","subjectId":"96c8p5zyqapvbmy","trial_type":"external-html","trial_index":39,"time_elapsed":737199,"internal_node_id":"0.0-9.0-0.31"},{"rt":16785,"url":"../static/nodeGraphs.html","edge":"0to3","edgeRT":"4542","flipped":"FALSE","correct_edge":"4to7","index":"6","edgeClickLog":"[{\"edgeSelection\":\"0to3\",\"edgeRTMS\":4542}]","seed":" 13523788","task":"experiment","subjectId":"96c8p5zyqapvbmy","trial_type":"external-html","trial_index":40,"time_elapsed":754559,"internal_node_id":"0.0-9.0-0.32"},{"rt":3928,"url":"../static/nodeGraphs.html","edge":"0to2","edgeRT":"2904","flipped":"FALSE","correct_edge":"0to2","index":"7","edgeClickLog":"[{\"edgeSelection\":\"0to2\",\"edgeRTMS\":2904}]","seed":" 85614324","task":"experiment","subjectId":"96c8p5zyqapvbmy","trial_type":"external-html","trial_index":41,"time_elapsed":759060,"internal_node_id":"0.0-9.0-0.33"},{"rt":4848,"url":"../static/nodeGraphs.html","edge":"0to2","edgeRT":"3253","flipped":"FALSE","correct_edge":"0to2","index":"11","edgeClickLog":"[{\"edgeSelection\":\"0to2\",\"edgeRTMS\":3253}]","seed":" 63833578","task":"experiment","subjectId":"96c8p5zyqapvbmy","trial_type":"external-html","trial_index":42,"time_elapsed":764479,"internal_node_id":"0.0-9.0-0.34"},{"rt":5999,"url":"../static/nodeGraphs.html","edge":"0to2","edgeRT":"4990","flipped":"TRUE","correct_edge":"0to2","index":"27","edgeClickLog":"[{\"edgeSelection\":\"0to2\",\"edgeRTMS\":4990}]","seed":" 85614324","task":"experiment","subjectId":"96c8p5zyqapvbmy","trial_type":"external-html","trial_index":43,"time_elapsed":771050,"internal_node_id":"0.0-9.0-0.35"},{"rt":12599,"url":"../static/nodeGraphs.html","edge":"4to8","edgeRT":"9354","flipped":"FALSE","correct_edge":"4to8","index":"1","edgeClickLog":"[{\"edgeSelection\":\"0to3\",\"edgeRTMS\":4733},{\"edgeSelection\":\"4to8\",\"edgeRTMS\":9354}]","seed":" 32816305","task":"experiment","subjectId":"96c8p5zyqapvbmy","trial_type":"external-html","trial_index":44,"time_elapsed":784218,"internal_node_id":"0.0-9.0-0.36"},{"rt":10282,"url":"../static/nodeGraphs.html","edge":"2to4","edgeRT":"7639","flipped":"FALSE","correct_edge":"2to4","index":"4","edgeClickLog":"[{\"edgeSelection\":\"2to4\",\"edgeRTMS\":7639}]","seed":" 36501291","task":"experiment","subjectId":"96c8p5zyqapvbmy","trial_type":"external-html","trial_index":45,"time_elapsed":795115,"internal_node_id":"0.0-9.0-0.37"},{"rt":6045,"url":"../static/nodeGraphs.html","edge":"0to3","edgeRT":"4335","flipped":"TRUE","correct_edge":"0to3","index":"39","edgeClickLog":"[{\"edgeSelection\":\"0to3\",\"edgeRTMS\":4335}]","seed":" 37422119","task":"experiment","subjectId":"96c8p5zyqapvbmy","trial_type":"external-html","trial_index":46,"time_elapsed":801787,"internal_node_id":"0.0-9.0-0.38"},{"rt":9735,"url":"../static/nodeGraphs.html","edge":"2to6","edgeRT":"8990","flipped":"TRUE","correct_edge":"0to2","index":"30","edgeClickLog":"[{\"edgeSelection\":\"2to6\",\"edgeRTMS\":8990}]","seed":" 39688702","task":"experiment","subjectId":"96c8p5zyqapvbmy","trial_type":"external-html","trial_index":47,"time_elapsed":812084,"internal_node_id":"0.0-9.0-0.39"},{"rt":40154,"response":{"P0_Q0":null,"P0_Q1":4,"P0_Q2":6,"P0_Q3":6,"P0_Q4":7,"P0_Q5":4,"strategies":"Look for the ways to connect to +3 or add to the highest value","feedback":"n/a"},"accuracy":[],"trial_type":"survey","trial_index":48,"time_elapsed":852810,"internal_node_id":"0.0-10.0"},{"rt":5375,"stimulus":"<p>Thanks for your time!</p>        <p>We need to manually calculate your bonus pay, please give us up to 7 days.</p><p>Press any key to conclude.</p>","response":" ","task":"end","subjectId":"96c8p5zyqapvbmy","trial_type":"html-keyboard-response","trial_index":49,"time_elapsed":858187,"internal_node_id":"0.0-11.0","interactions":"[{\"event\":\"fullscreenenter\",\"trial\":1,\"time\":3396},{\"event\":\"blur\",\"trial\":4,\"time\":183706},{\"event\":\"focus\",\"trial\":4,\"time\":183706},{\"event\":\"fullscreenexit\",\"trial\":4,\"time\":183724},{\"event\":\"blur\",\"trial\":20,\"time\":564316},{\"event\":\"focus\",\"trial\":20,\"time\":564316},{\"event\":\"blur\",\"trial\":33,\"time\":689496},{\"event\":\"focus\",\"trial\":33,\"time\":689496},{\"event\":\"blur\",\"trial\":45,\"time\":791738},{\"event\":\"focus\",\"trial\":45,\"time\":791738}]"}]