[{"success":true,"timeout":false,"failed_images":[],"failed_audio":[],"failed_video":[],"trial_type":"preload","trial_index":0,"time_elapsed":395,"internal_node_id":"0.0-0.0"},{"success":true,"trial_type":"fullscreen","trial_index":1,"time_elapsed":3571,"internal_node_id":"0.0-1.0"},{"rt":2690,"stimulus":"Welcome to the experiment. Press any key to begin.","response":" ","trial_type":"html-keyboard-response","trial_index":2,"time_elapsed":6264,"internal_node_id":"0.0-2.0"},{"view_history":[{"page_index":0,"viewing_time":6065},{"page_index":1,"viewing_time":6950},{"page_index":2,"viewing_time":29715},{"page_index":3,"viewing_time":9933},{"page_index":4,"viewing_time":1382},{"page_index":5,"viewing_time":866},{"page_index":6,"viewing_time":4304},{"page_index":7,"viewing_time":9446},{"page_index":8,"viewing_time":14716},{"page_index":9,"viewing_time":9672},{"page_index":10,"viewing_time":1829},{"page_index":11,"viewing_time":2328},{"page_index":12,"viewing_time":2102},{"page_index":13,"viewing_time":14752},{"page_index":14,"viewing_time":6148},{"page_index":15,"viewing_time":12234},{"page_index":16,"viewing_time":3719},{"page_index":17,"viewing_time":1050},{"page_index":18,"viewing_time":670},{"page_index":19,"viewing_time":3859},{"page_index":20,"viewing_time":3434},{"page_index":21,"viewing_time":3058}],"rt":148229,"trial_type":"instructions","trial_index":3,"time_elapsed":154495,"internal_node_id":"0.0-3.0"},{"rt":65907,"url":"../static/nodeGraphsTraining.html","edgeClickLog":[],"trial_type":"external-html","trial_index":4,"time_elapsed":220489,"internal_node_id":"0.0-4.0"},{"rt":33030,"response":{"q1":"The goal is to help the student to get the most points","q2":"False","q3":"Possible paths the student can take.","q4":"Paths that the student took before."},"question_order":[0,1,2,3],"trial_type":"survey-multi-choice","trial_index":5,"time_elapsed":253522,"internal_node_id":"0.0-5.0"},{"rt":8411,"stimulus":"<p>You can take a 60 second break before starting the experiment.</p><br><br><p>This page will advance in 60 seconds or you can press any key to advance now.</p>","response":"escape","trial_type":"html-keyboard-response","trial_index":6,"time_elapsed":261938,"internal_node_id":"0.0-7.0"},{"view_history":[{"page_index":0,"viewing_time":5876}],"rt":5876,"trial_type":"instructions","trial_index":7,"time_elapsed":267817,"internal_node_id":"0.0-8.0"},{"rt":37653,"url":"../static/nodeGraphs.html","edge":"6to8","edgeRT":"35963","flipped":"TRUE","correct_edge":"0to2","index":"30","edgeClickLog":"[{\"edgeSelection\":\"2to4\",\"edgeRTMS\":23754},{\"edgeSelection\":\"0to2\",\"edgeRTMS\":25416},{\"edgeSelection\":\"2to6\",\"edgeRTMS\":30635},{\"edgeSelection\":\"6to8\",\"edgeRTMS\":35963}]","seed":" 39688702","task":"experiment","subjectId":"7cp3qetvomba9bc","trial_type":"external-html","trial_index":8,"time_elapsed":305529,"internal_node_id":"0.0-9.0-0.0"},{"rt":26263,"url":"../static/nodeGraphs.html","edge":"0to1","edgeRT":"24261","flipped":"FALSE","correct_edge":"0to2","index":"7","edgeClickLog":"[{\"edgeSelection\":\"0to2\",\"edgeRTMS\":12177},{\"edgeSelection\":\"0to2\",\"edgeRTMS\":14866},{\"edgeSelection\":\"0to2\",\"edgeRTMS\":15556},{\"edgeSelection\":\"2to4\",\"edgeRTMS\":17611},{\"edgeSelection\":\"4to8\",\"edgeRTMS\":19157},{\"edgeSelection\":\"0to1\",\"edgeRTMS\":23081},{\"edgeSelection\":\"0to1\",\"edgeRTMS\":24261}]","seed":" 85614324","task":"experiment","subjectId":"7cp3qetvomba9bc","trial_type":"external-html","trial_index":9,"time_elapsed":332360,"internal_node_id":"0.0-9.0-0.1"},{"rt":11149,"url":"../static/nodeGraphs.html","edge":"0to3","edgeRT":"7992","flipped":"FALSE","correct_edge":"4to7","index":"6","edgeClickLog":"[{\"edgeSelection\":\"0to3\",\"edgeRTMS\":7230},{\"edgeSelection\":\"0to3\",\"edgeRTMS\":7992}]","seed":" 13523788","task":"experiment","subjectId":"7cp3qetvomba9bc","trial_type":"external-html","trial_index":10,"time_elapsed":344080,"internal_node_id":"0.0-9.0-0.2"},{"rt":16505,"url":"../static/nodeGraphs.html","edge":"2to6","edgeRT":"15279","flipped":"TRUE","correct_edge":"2to6","index":"24","edgeClickLog":"[{\"edgeSelection\":\"2to4\",\"edgeRTMS\":6559},{\"edgeSelection\":\"2to6\",\"edgeRTMS\":9103},{\"edgeSelection\":\"2to6\",\"edgeRTMS\":15279}]","seed":" 36501291","task":"experiment","subjectId":"7cp3qetvomba9bc","trial_type":"external-html","trial_index":11,"time_elapsed":361153,"internal_node_id":"0.0-9.0-0.3"},{"rt":5804,"url":"../static/nodeGraphs.html","edge":"0to1","edgeRT":"4266","flipped":"TRUE","correct_edge":"0to1","index":"32","edgeClickLog":"[{\"edgeSelection\":\"0to1\",\"edgeRTMS\":4266}]","seed":" 36895371","task":"experiment","subjectId":"7cp3qetvomba9bc","trial_type":"external-html","trial_index":12,"time_elapsed":367525,"internal_node_id":"0.0-9.0-0.4"},{"rt":5360,"url":"../static/nodeGraphs.html","edge":"0to1","edgeRT":"4102","flipped":"FALSE","correct_edge":"0to2","index":"10","edgeClickLog":"[{\"edgeSelection\":\"0to1\",\"edgeRTMS\":4102}]","seed":" 39688702","task":"experiment","subjectId":"7cp3qetvomba9bc","trial_type":"external-html","trial_index":13,"time_elapsed":373455,"internal_node_id":"0.0-9.0-0.5"},{"rt":7376,"url":"../static/nodeGraphs.html","edge":"2to6","edgeRT":"5579","flipped":"TRUE","correct_edge":"2to6","index":"25","edgeClickLog":"[{\"edgeSelection\":\"2to6\",\"edgeRTMS\":5579}]","seed":" 10409262","task":"experiment","subjectId":"7cp3qetvomba9bc","trial_type":"external-html","trial_index":14,"time_elapsed":381397,"internal_node_id":"0.0-9.0-0.6"},{"rt":6107,"url":"../static/nodeGraphs.html","edge":"3to5","edgeRT":"4909","flipped":"TRUE","correct_edge":"0to2","index":"37","edgeClickLog":"[{\"edgeSelection\":\"3to5\",\"edgeRTMS\":4909}]","seed":" 21211189","task":"experiment","subjectId":"7cp3qetvomba9bc","trial_type":"external-html","trial_index":15,"time_elapsed":388072,"internal_node_id":"0.0-9.0-0.7"},{"rt":5132,"url":"../static/nodeGraphs.html","edge":"0to1","edgeRT":"3827","flipped":"TRUE","correct_edge":"2to4","index":"35","edgeClickLog":"[{\"edgeSelection\":\"0to1\",\"edgeRTMS\":3827}]","seed":" 53220770","task":"experiment","subjectId":"7cp3qetvomba9bc","trial_type":"external-html","trial_index":16,"time_elapsed":393772,"internal_node_id":"0.0-9.0-0.8"},{"rt":7661,"url":"../static/nodeGraphs.html","edge":"0to1","edgeRT":"4161","flipped":"FALSE","correct_edge":"0to1","index":"0","edgeClickLog":"[{\"edgeSelection\":\"0to1\",\"edgeRTMS\":4161}]","seed":" 21745736","task":"experiment","subjectId":"7cp3qetvomba9bc","trial_type":"external-html","trial_index":17,"time_elapsed":402003,"internal_node_id":"0.0-9.0-0.9"},{"rt":6921,"url":"../static/nodeGraphs.html","edge":"0to2","edgeRT":"5289","flipped":"TRUE","correct_edge":"0to2","index":"28","edgeClickLog":"[{\"edgeSelection\":\"0to2\",\"edgeRTMS\":5289}]","seed":" 8396978","task":"experiment","subjectId":"7cp3qetvomba9bc","trial_type":"external-html","trial_index":18,"time_elapsed":409488,"internal_node_id":"0.0-9.0-0.10"},{"rt":10488,"url":"../static/nodeGraphs.html","edge":"0to2","edgeRT":"1755","flipped":"FALSE","correct_edge":"2to4","index":"5","edgeClickLog":"[{\"edgeSelection\":\"0to2\",\"edgeRTMS\":1755}]","seed":" 10409262","task":"experiment","subjectId":"7cp3qetvomba9bc","trial_type":"external-html","trial_index":19,"time_elapsed":420539,"internal_node_id":"0.0-9.0-0.11"},{"rt":4124,"url":"../static/nodeGraphs.html","edge":"0to2","edgeRT":"2667","flipped":"FALSE","correct_edge":"0to2","index":"8","edgeClickLog":"[{\"edgeSelection\":\"0to2\",\"edgeRTMS\":2667}]","seed":" 8396978","task":"experiment","subjectId":"7cp3qetvomba9bc","trial_type":"external-html","trial_index":20,"time_elapsed":425227,"internal_node_id":"0.0-9.0-0.12"},{"rt":8632,"url":"../static/nodeGraphs.html","edge":"1to4","edgeRT":"6644","flipped":"FALSE","correct_edge":"0to1","index":"19","edgeClickLog":"[{\"edgeSelection\":\"0to1\",\"edgeRTMS\":3385},{\"edgeSelection\":\"1to4\",\"edgeRTMS\":6644}]","seed":" 37422119","task":"experiment","subjectId":"7cp3qetvomba9bc","trial_type":"external-html","trial_index":21,"time_elapsed":434424,"internal_node_id":"0.0-9.0-0.13"},{"rt":7026,"url":"../static/nodeGraphs.html","edge":"2to5","edgeRT":"5498","flipped":"FALSE","correct_edge":"3to5","index":"18","edgeClickLog":"[{\"edgeSelection\":\"2to5\",\"edgeRTMS\":5498}]","seed":" 22181670","task":"experiment","subjectId":"7cp3qetvomba9bc","trial_type":"external-html","trial_index":22,"time_elapsed":442016,"internal_node_id":"0.0-9.0-0.14"},{"rt":6346,"url":"../static/nodeGraphs.html","edge":"3to6","edgeRT":"4037","flipped":"TRUE","correct_edge":"3to6","index":"22","edgeClickLog":"[{\"edgeSelection\":\"3to6\",\"edgeRTMS\":4037}]","seed":" 22809663","task":"experiment","subjectId":"7cp3qetvomba9bc","trial_type":"external-html","trial_index":23,"time_elapsed":448924,"internal_node_id":"0.0-9.0-0.15"},{"rt":17646,"url":"../static/nodeGraphs.html","edge":"3to6","edgeRT":"15828","flipped":"TRUE","correct_edge":"0to2","index":"34","edgeClickLog":"[{\"edgeSelection\":\"0to3\",\"edgeRTMS\":13964},{\"edgeSelection\":\"3to6\",\"edgeRTMS\":15828}]","seed":" 21083760","task":"experiment","subjectId":"7cp3qetvomba9bc","trial_type":"external-html","trial_index":24,"time_elapsed":467134,"internal_node_id":"0.0-9.0-0.16"},{"rt":9580,"url":"../static/nodeGraphs.html","edge":"2to4","edgeRT":"6358","flipped":"TRUE","correct_edge":"0to2","index":"33","edgeClickLog":"[{\"edgeSelection\":\"2to4\",\"edgeRTMS\":6358}]","seed":" 49587019","task":"experiment","subjectId":"7cp3qetvomba9bc","trial_type":"external-html","trial_index":25,"time_elapsed":477280,"internal_node_id":"0.0-9.0-0.17"},{"rt":16275,"url":"../static/nodeGraphs.html","edge":"1to5","edgeRT":"15079","flipped":"TRUE","correct_edge":"6to9","index":"26","edgeClickLog":"[{\"edgeSelection\":\"1to5\",\"edgeRTMS\":10266},{\"edgeSelection\":\"1to5\",\"edgeRTMS\":15079}]","seed":" 13523788","task":"experiment","subjectId":"7cp3qetvomba9bc","trial_type":"external-html","trial_index":26,"time_elapsed":494120,"internal_node_id":"0.0-9.0-0.18"},{"rt":9386,"url":"../static/nodeGraphs.html","edge":"5to8","edgeRT":"8110","flipped":"FALSE","correct_edge":"5to8","index":"3","edgeClickLog":"[{\"edgeSelection\":\"5to8\",\"edgeRTMS\":8110}]","seed":" 46003743","task":"experiment","subjectId":"7cp3qetvomba9bc","trial_type":"external-html","trial_index":27,"time_elapsed":504071,"internal_node_id":"0.0-9.0-0.19"},{"rt":14600,"url":"../static/nodeGraphs.html","edge":"2to5","edgeRT":"13412","flipped":"TRUE","correct_edge":"0to2","index":"27","edgeClickLog":"[{\"edgeSelection\":\"2to5\",\"edgeRTMS\":13412}]","seed":" 85614324","task":"experiment","subjectId":"7cp3qetvomba9bc","trial_type":"external-html","trial_index":28,"time_elapsed":519231,"internal_node_id":"0.0-9.0-0.20"},{"rt":3639,"url":"../static/nodeGraphs.html","edge":"2to4","edgeRT":"2364","flipped":"FALSE","correct_edge":"0to2","index":"14","edgeClickLog":"[{\"edgeSelection\":\"2to4\",\"edgeRTMS\":2364}]","seed":" 21083760","task":"experiment","subjectId":"7cp3qetvomba9bc","trial_type":"external-html","trial_index":29,"time_elapsed":523437,"internal_node_id":"0.0-9.0-0.21"},{"rt":8666,"url":"../static/nodeGraphs.html","edge":"6to9","edgeRT":"7166","flipped":"TRUE","correct_edge":"0to3","index":"39","edgeClickLog":"[{\"edgeSelection\":\"3to6\",\"edgeRTMS\":2136},{\"edgeSelection\":\"6to9\",\"edgeRTMS\":7166}]","seed":" 37422119","task":"experiment","subjectId":"7cp3qetvomba9bc","trial_type":"external-html","trial_index":30,"time_elapsed":532669,"internal_node_id":"0.0-9.0-0.22"},{"rt":10948,"url":"../static/nodeGraphs.html","edge":"1to4","edgeRT":"9943","flipped":"TRUE","correct_edge":"0to1","index":"29","edgeClickLog":"[{\"edgeSelection\":\"1to4\",\"edgeRTMS\":9943}]","seed":" 61187187","task":"experiment","subjectId":"7cp3qetvomba9bc","trial_type":"external-html","trial_index":31,"time_elapsed":544183,"internal_node_id":"0.0-9.0-0.23"},{"rt":9790,"url":"../static/nodeGraphs.html","edge":"6to8","edgeRT":"8770","flipped":"TRUE","correct_edge":"6to8","index":"21","edgeClickLog":"[{\"edgeSelection\":\"6to8\",\"edgeRTMS\":8770}]","seed":" 32816305","task":"experiment","subjectId":"7cp3qetvomba9bc","trial_type":"external-html","trial_index":32,"time_elapsed":554539,"internal_node_id":"0.0-9.0-0.24"},{"rt":11919,"url":"../static/nodeGraphs.html","edge":"2to4","edgeRT":"4249","flipped":"FALSE","correct_edge":"2to4","index":"4","edgeClickLog":"[{\"edgeSelection\":\"2to4\",\"edgeRTMS\":4249}]","seed":" 36501291","task":"experiment","subjectId":"7cp3qetvomba9bc","trial_type":"external-html","trial_index":33,"time_elapsed":567024,"internal_node_id":"0.0-9.0-0.25"},{"rt":8454,"url":"../static/nodeGraphs.html","edge":"2to4","edgeRT":"6863","flipped":"FALSE","correct_edge":"0to2","index":"11","edgeClickLog":"[{\"edgeSelection\":\"2to4\",\"edgeRTMS\":6863}]","seed":" 63833578","task":"experiment","subjectId":"7cp3qetvomba9bc","trial_type":"external-html","trial_index":34,"time_elapsed":576059,"internal_node_id":"0.0-9.0-0.26"},{"rt":5025,"url":"../static/nodeGraphs.html","edge":"2to6","edgeRT":"3803","flipped":"TRUE","correct_edge":"0to2","index":"31","edgeClickLog":"[{\"edgeSelection\":\"2to6\",\"edgeRTMS\":3803}]","seed":" 63833578","task":"experiment","subjectId":"7cp3qetvomba9bc","trial_type":"external-html","trial_index":35,"time_elapsed":581652,"internal_node_id":"0.0-9.0-0.27"},{"rt":4408,"url":"../static/nodeGraphs.html","edge":"1to4","edgeRT":"3270","flipped":"FALSE","correct_edge":"1to4","index":"2","edgeClickLog":"[{\"edgeSelection\":\"1to4\",\"edgeRTMS\":3270}]","seed":" 22809663","task":"experiment","subjectId":"7cp3qetvomba9bc","trial_type":"external-html","trial_index":36,"time_elapsed":586627,"internal_node_id":"0.0-9.0-0.28"},{"rt":5084,"url":"../static/nodeGraphs.html","edge":"4to8","edgeRT":"4078","flipped":"FALSE","correct_edge":"4to8","index":"1","edgeClickLog":"[{\"edgeSelection\":\"4to8\",\"edgeRTMS\":4078}]","seed":" 32816305","task":"experiment","subjectId":"7cp3qetvomba9bc","trial_type":"external-html","trial_index":37,"time_elapsed":592278,"internal_node_id":"0.0-9.0-0.29"},{"rt":7102,"url":"../static/nodeGraphs.html","edge":"5to8","edgeRT":"5028","flipped":"TRUE","correct_edge":"5to8","index":"23","edgeClickLog":"[{\"edgeSelection\":\"5to8\",\"edgeRTMS\":5028}]","seed":" 46003743","task":"experiment","subjectId":"7cp3qetvomba9bc","trial_type":"external-html","trial_index":38,"time_elapsed":599946,"internal_node_id":"0.0-9.0-0.30"},{"rt":13054,"url":"../static/nodeGraphs.html","edge":"3to6","edgeRT":"11094","flipped":"FALSE","correct_edge":"2to6","index":"15","edgeClickLog":"[{\"edgeSelection\":\"6to9\",\"edgeRTMS\":7148},{\"edgeSelection\":\"3to6\",\"edgeRTMS\":11094}]","seed":" 53220770","task":"experiment","subjectId":"7cp3qetvomba9bc","trial_type":"external-html","trial_index":39,"time_elapsed":613559,"internal_node_id":"0.0-9.0-0.31"},{"rt":6112,"url":"../static/nodeGraphs.html","edge":"1to5","edgeRT":"4668","flipped":"TRUE","correct_edge":"5to7","index":"36","edgeClickLog":"[{\"edgeSelection\":\"1to5\",\"edgeRTMS\":4668}]","seed":" 5655743","task":"experiment","subjectId":"7cp3qetvomba9bc","trial_type":"external-html","trial_index":40,"time_elapsed":620241,"internal_node_id":"0.0-9.0-0.32"},{"rt":6075,"url":"../static/nodeGraphs.html","edge":"5to8","edgeRT":"4665","flipped":"FALSE","correct_edge":"0to2","index":"17","edgeClickLog":"[{\"edgeSelection\":\"2to5\",\"edgeRTMS\":2350},{\"edgeSelection\":\"2to5\",\"edgeRTMS\":2898},{\"edgeSelection\":\"5to8\",\"edgeRTMS\":4665}]","seed":" 21211189","task":"experiment","subjectId":"7cp3qetvomba9bc","trial_type":"external-html","trial_index":41,"time_elapsed":626881,"internal_node_id":"0.0-9.0-0.33"},{"rt":6479,"url":"../static/nodeGraphs.html","edge":"5to8","edgeRT":"5465","flipped":"TRUE","correct_edge":"1to5","index":"38","edgeClickLog":"[{\"edgeSelection\":\"5to8\",\"edgeRTMS\":5465}]","seed":" 22181670","task":"experiment","subjectId":"7cp3qetvomba9bc","trial_type":"external-html","trial_index":42,"time_elapsed":633925,"internal_node_id":"0.0-9.0-0.34"},{"rt":7643,"url":"../static/nodeGraphs.html","edge":"5to9","edgeRT":"6238","flipped":"FALSE","correct_edge":"5to9","index":"16","edgeClickLog":"[{\"edgeSelection\":\"5to9\",\"edgeRTMS\":4297},{\"edgeSelection\":\"6to8\",\"edgeRTMS\":5047},{\"edgeSelection\":\"5to9\",\"edgeRTMS\":6238}]","seed":" 5655743","task":"experiment","subjectId":"7cp3qetvomba9bc","trial_type":"external-html","trial_index":43,"time_elapsed":642141,"internal_node_id":"0.0-9.0-0.35"},{"rt":16431,"url":"../static/nodeGraphs.html","edge":"6to9","edgeRT":"14058","flipped":"FALSE","correct_edge":"0to2","index":"13","edgeClickLog":"[{\"edgeSelection\":\"2to6\",\"edgeRTMS\":7835},{\"edgeSelection\":\"6to9\",\"edgeRTMS\":14058}]","seed":" 49587019","task":"experiment","subjectId":"7cp3qetvomba9bc","trial_type":"external-html","trial_index":44,"time_elapsed":659137,"internal_node_id":"0.0-9.0-0.36"},{"rt":9205,"url":"../static/nodeGraphs.html","edge":"3to6","edgeRT":"7758","flipped":"TRUE","correct_edge":"0to3","index":"20","edgeClickLog":"[{\"edgeSelection\":\"3to6\",\"edgeRTMS\":6791},{\"edgeSelection\":\"3to6\",\"edgeRTMS\":7758}]","seed":" 21745736","task":"experiment","subjectId":"7cp3qetvomba9bc","trial_type":"external-html","trial_index":45,"time_elapsed":668913,"internal_node_id":"0.0-9.0-0.37"},{"rt":20142,"url":"../static/nodeGraphs.html","edge":"3to5","edgeRT":"18097","flipped":"FALSE","correct_edge":"0to3","index":"12","edgeClickLog":"[{\"edgeSelection\":\"3to5\",\"edgeRTMS\":18097}]","seed":" 36895371","task":"experiment","subjectId":"7cp3qetvomba9bc","trial_type":"external-html","trial_index":46,"time_elapsed":689640,"internal_node_id":"0.0-9.0-0.38"},{"rt":9829,"url":"../static/nodeGraphs.html","edge":"6to8","edgeRT":"8478","flipped":"FALSE","correct_edge":"0to3","index":"9","edgeClickLog":"[{\"edgeSelection\":\"6to8\",\"edgeRTMS\":8478}]","seed":" 61187187","task":"experiment","subjectId":"7cp3qetvomba9bc","trial_type":"external-html","trial_index":47,"time_elapsed":700038,"internal_node_id":"0.0-9.0-0.39"},{"rt":32965,"response":{"P0_Q0":null,"P0_Q1":5,"P0_Q2":6,"P0_Q3":6,"P0_Q4":5,"P0_Q5":2,"strategies":"where it would end with the most points","feedback":""},"accuracy":[],"trial_type":"survey","trial_index":48,"time_elapsed":733587,"internal_node_id":"0.0-10.0"},{"rt":5059,"stimulus":"<p>Thanks for your time!</p>        <p>We need to manually calculate your bonus pay, please give us up to 7 days.</p><p>Press any key to conclude.</p>","response":" ","task":"end","subjectId":"7cp3qetvomba9bc","trial_type":"html-keyboard-response","trial_index":49,"time_elapsed":738650,"internal_node_id":"0.0-11.0","interactions":"[{\"event\":\"fullscreenenter\",\"trial\":1,\"time\":2590},{\"event\":\"blur\",\"trial\":4,\"time\":168017},{\"event\":\"focus\",\"trial\":4,\"time\":168017},{\"event\":\"fullscreenexit\",\"trial\":4,\"time\":168024},{\"event\":\"blur\",\"trial\":8,\"time\":288835},{\"event\":\"focus\",\"trial\":8,\"time\":288836},{\"event\":\"blur\",\"trial\":11,\"time\":358683},{\"event\":\"focus\",\"trial\":11,\"time\":358683}]"}]