[{"success":true,"timeout":false,"failed_images":[],"failed_audio":[],"failed_video":[],"trial_type":"preload","trial_index":0,"time_elapsed":1073,"internal_node_id":"0.0-0.0"},{"success":true,"trial_type":"fullscreen","trial_index":1,"time_elapsed":3994,"internal_node_id":"0.0-1.0"},{"rt":1540,"stimulus":"Welcome to the experiment. Press any key to begin.","response":" ","trial_type":"html-keyboard-response","trial_index":2,"time_elapsed":5537,"internal_node_id":"0.0-2.0"},{"view_history":[{"page_index":0,"viewing_time":3464},{"page_index":1,"viewing_time":4063},{"page_index":2,"viewing_time":26074},{"page_index":3,"viewing_time":2032},{"page_index":4,"viewing_time":1527},{"page_index":5,"viewing_time":718},{"page_index":6,"viewing_time":3468},{"page_index":7,"viewing_time":6656},{"page_index":8,"viewing_time":18182},{"page_index":9,"viewing_time":4224},{"page_index":10,"viewing_time":2516},{"page_index":11,"viewing_time":1350},{"page_index":12,"viewing_time":520},{"page_index":13,"viewing_time":1486},{"page_index":14,"viewing_time":8104},{"page_index":15,"viewing_time":5947},{"page_index":16,"viewing_time":3569},{"page_index":17,"viewing_time":818},{"page_index":18,"viewing_time":533},{"page_index":19,"viewing_time":2637},{"page_index":20,"viewing_time":3190},{"page_index":21,"viewing_time":2872}],"rt":103950,"trial_type":"instructions","trial_index":3,"time_elapsed":109490,"internal_node_id":"0.0-3.0"},{"rt":56546,"url":"../static/nodeGraphsTraining.html","edgeClickLog":[],"trial_type":"external-html","trial_index":4,"time_elapsed":166194,"internal_node_id":"0.0-4.0"},{"rt":26946,"response":{"q1":"The goal is to help the student to get the most points","q2":"False","q3":"Possible paths the student can take.","q4":"Paths that the student took before."},"question_order":[0,1,2,3],"trial_type":"survey-multi-choice","trial_index":5,"time_elapsed":193144,"internal_node_id":"0.0-5.0"},{"rt":2610,"stimulus":"<p>You can take a 60 second break before starting the experiment.</p><br><br><p>This page will advance in 60 seconds or you can press any key to advance now.</p>","response":" ","trial_type":"html-keyboard-response","trial_index":6,"time_elapsed":195756,"internal_node_id":"0.0-7.0"},{"view_history":[{"page_index":0,"viewing_time":7858}],"rt":7858,"trial_type":"instructions","trial_index":7,"time_elapsed":203615,"internal_node_id":"0.0-8.0"},{"rt":24539,"url":"../static/nodeGraphs.html","edge":"1to5","edgeRT":"16877","flipped":"TRUE","correct_edge":"1to5","index":"38","edgeClickLog":"[{\"edgeSelection\":\"1to5\",\"edgeRTMS\":16877}]","seed":" 22181670","task":"experiment","subjectId":"75jgqpm7wenwqfn","trial_type":"external-html","trial_index":8,"time_elapsed":228300,"internal_node_id":"0.0-9.0-0.0"},{"rt":17982,"url":"../static/nodeGraphs.html","edge":"5to8","edgeRT":"16404","flipped":"FALSE","correct_edge":"2to4","index":"5","edgeClickLog":"[{\"edgeSelection\":\"5to7\",\"edgeRTMS\":13589},{\"edgeSelection\":\"5to8\",\"edgeRTMS\":16404}]","seed":" 10409262","task":"experiment","subjectId":"75jgqpm7wenwqfn","trial_type":"external-html","trial_index":9,"time_elapsed":246899,"internal_node_id":"0.0-9.0-0.1"},{"rt":11784,"url":"../static/nodeGraphs.html","edge":"3to5","edgeRT":"10855","flipped":"FALSE","correct_edge":"3to5","index":"18","edgeClickLog":"[{\"edgeSelection\":\"3to5\",\"edgeRTMS\":10855}]","seed":" 22181670","task":"experiment","subjectId":"75jgqpm7wenwqfn","trial_type":"external-html","trial_index":10,"time_elapsed":259479,"internal_node_id":"0.0-9.0-0.2"},{"rt":9529,"url":"../static/nodeGraphs.html","edge":"6to9","edgeRT":"8257","flipped":"TRUE","correct_edge":"6to9","index":"26","edgeClickLog":"[{\"edgeSelection\":\"0to1\",\"edgeRTMS\":3632},{\"edgeSelection\":\"0to1\",\"edgeRTMS\":6934},{\"edgeSelection\":\"6to9\",\"edgeRTMS\":8257}]","seed":" 13523788","task":"experiment","subjectId":"75jgqpm7wenwqfn","trial_type":"external-html","trial_index":11,"time_elapsed":269618,"internal_node_id":"0.0-9.0-0.3"},{"rt":8111,"url":"../static/nodeGraphs.html","edge":"3to5","edgeRT":"6919","flipped":"FALSE","correct_edge":"5to9","index":"16","edgeClickLog":"[{\"edgeSelection\":\"3to5\",\"edgeRTMS\":6919}]","seed":" 5655743","task":"experiment","subjectId":"75jgqpm7wenwqfn","trial_type":"external-html","trial_index":12,"time_elapsed":278334,"internal_node_id":"0.0-9.0-0.4"},{"rt":14717,"url":"../static/nodeGraphs.html","edge":"4to8","edgeRT":"13280","flipped":"FALSE","correct_edge":"4to8","index":"1","edgeClickLog":"[{\"edgeSelection\":\"4to8\",\"edgeRTMS\":13280}]","seed":" 32816305","task":"experiment","subjectId":"75jgqpm7wenwqfn","trial_type":"external-html","trial_index":13,"time_elapsed":293659,"internal_node_id":"0.0-9.0-0.5"},{"rt":12489,"url":"../static/nodeGraphs.html","edge":"2to4","edgeRT":"8921","flipped":"TRUE","correct_edge":"0to2","index":"30","edgeClickLog":"[{\"edgeSelection\":\"2to4\",\"edgeRTMS\":8921}]","seed":" 39688702","task":"experiment","subjectId":"75jgqpm7wenwqfn","trial_type":"external-html","trial_index":14,"time_elapsed":306784,"internal_node_id":"0.0-9.0-0.6"},{"rt":12035,"url":"../static/nodeGraphs.html","edge":"2to6","edgeRT":"10352","flipped":"TRUE","correct_edge":"2to6","index":"25","edgeClickLog":"[{\"edgeSelection\":\"2to6\",\"edgeRTMS\":10352}]","seed":" 10409262","task":"experiment","subjectId":"75jgqpm7wenwqfn","trial_type":"external-html","trial_index":15,"time_elapsed":319430,"internal_node_id":"0.0-9.0-0.7"},{"rt":14938,"url":"../static/nodeGraphs.html","edge":"5to9","edgeRT":"13942","flipped":"TRUE","correct_edge":"0to1","index":"29","edgeClickLog":"[{\"edgeSelection\":\"5to9\",\"edgeRTMS\":13942}]","seed":" 61187187","task":"experiment","subjectId":"75jgqpm7wenwqfn","trial_type":"external-html","trial_index":16,"time_elapsed":334984,"internal_node_id":"0.0-9.0-0.8"},{"rt":9039,"url":"../static/nodeGraphs.html","edge":"6to9","edgeRT":"8347","flipped":"FALSE","correct_edge":"0to2","index":"14","edgeClickLog":"[{\"edgeSelection\":\"6to9\",\"edgeRTMS\":8347}]","seed":" 21083760","task":"experiment","subjectId":"75jgqpm7wenwqfn","trial_type":"external-html","trial_index":17,"time_elapsed":344635,"internal_node_id":"0.0-9.0-0.9"},{"rt":11493,"url":"../static/nodeGraphs.html","edge":"0to2","edgeRT":"10659","flipped":"TRUE","correct_edge":"0to2","index":"33","edgeClickLog":"[{\"edgeSelection\":\"0to2\",\"edgeRTMS\":10659}]","seed":" 49587019","task":"experiment","subjectId":"75jgqpm7wenwqfn","trial_type":"external-html","trial_index":18,"time_elapsed":356744,"internal_node_id":"0.0-9.0-0.10"},{"rt":3816,"url":"../static/nodeGraphs.html","edge":"5to8","edgeRT":"2849","flipped":"FALSE","correct_edge":"5to8","index":"3","edgeClickLog":"[{\"edgeSelection\":\"5to8\",\"edgeRTMS\":2849}]","seed":" 46003743","task":"experiment","subjectId":"75jgqpm7wenwqfn","trial_type":"external-html","trial_index":19,"time_elapsed":361170,"internal_node_id":"0.0-9.0-0.11"},{"rt":3357,"url":"../static/nodeGraphs.html","edge":"6to8","edgeRT":"2182","flipped":"TRUE","correct_edge":"6to8","index":"21","edgeClickLog":"[{\"edgeSelection\":\"6to8\",\"edgeRTMS\":2182}]","seed":" 32816305","task":"experiment","subjectId":"75jgqpm7wenwqfn","trial_type":"external-html","trial_index":20,"time_elapsed":365351,"internal_node_id":"0.0-9.0-0.12"},{"rt":11192,"url":"../static/nodeGraphs.html","edge":"1to5","edgeRT":"7035","flipped":"FALSE","correct_edge":"0to2","index":"17","edgeClickLog":"[{\"edgeSelection\":\"1to5\",\"edgeRTMS\":7035}]","seed":" 21211189","task":"experiment","subjectId":"75jgqpm7wenwqfn","trial_type":"external-html","trial_index":21,"time_elapsed":377153,"internal_node_id":"0.0-9.0-0.13"},{"rt":2805,"url":"../static/nodeGraphs.html","edge":"4to7","edgeRT":"2056","flipped":"FALSE","correct_edge":"4to7","index":"6","edgeClickLog":"[{\"edgeSelection\":\"4to7\",\"edgeRTMS\":2056}]","seed":" 13523788","task":"experiment","subjectId":"75jgqpm7wenwqfn","trial_type":"external-html","trial_index":22,"time_elapsed":380578,"internal_node_id":"0.0-9.0-0.14"},{"rt":6858,"url":"../static/nodeGraphs.html","edge":"1to5","edgeRT":"4829","flipped":"TRUE","correct_edge":"5to7","index":"36","edgeClickLog":"[{\"edgeSelection\":\"1to5\",\"edgeRTMS\":4829}]","seed":" 5655743","task":"experiment","subjectId":"75jgqpm7wenwqfn","trial_type":"external-html","trial_index":23,"time_elapsed":388079,"internal_node_id":"0.0-9.0-0.15"},{"rt":17484,"url":"../static/nodeGraphs.html","edge":"6to8","edgeRT":"15772","flipped":"TRUE","correct_edge":"2to6","index":"24","edgeClickLog":"[{\"edgeSelection\":\"6to8\",\"edgeRTMS\":15772}]","seed":" 36501291","task":"experiment","subjectId":"75jgqpm7wenwqfn","trial_type":"external-html","trial_index":24,"time_elapsed":406175,"internal_node_id":"0.0-9.0-0.16"},{"rt":4072,"url":"../static/nodeGraphs.html","edge":"5to7","edgeRT":"3084","flipped":"FALSE","correct_edge":"0to3","index":"9","edgeClickLog":"[{\"edgeSelection\":\"5to7\",\"edgeRTMS\":3084}]","seed":" 61187187","task":"experiment","subjectId":"75jgqpm7wenwqfn","trial_type":"external-html","trial_index":25,"time_elapsed":410861,"internal_node_id":"0.0-9.0-0.17"},{"rt":3631,"url":"../static/nodeGraphs.html","edge":"5to9","edgeRT":"2718","flipped":"TRUE","correct_edge":"0to3","index":"39","edgeClickLog":"[{\"edgeSelection\":\"5to9\",\"edgeRTMS\":2718}]","seed":" 37422119","task":"experiment","subjectId":"75jgqpm7wenwqfn","trial_type":"external-html","trial_index":26,"time_elapsed":415098,"internal_node_id":"0.0-9.0-0.18"},{"rt":8922,"url":"../static/nodeGraphs.html","edge":"2to6","edgeRT":"7007","flipped":"FALSE","correct_edge":"0to2","index":"13","edgeClickLog":"[{\"edgeSelection\":\"2to6\",\"edgeRTMS\":7007}]","seed":" 49587019","task":"experiment","subjectId":"75jgqpm7wenwqfn","trial_type":"external-html","trial_index":27,"time_elapsed":424630,"internal_node_id":"0.0-9.0-0.19"},{"rt":6250,"url":"../static/nodeGraphs.html","edge":"2to6","edgeRT":"5395","flipped":"FALSE","correct_edge":"2to6","index":"15","edgeClickLog":"[{\"edgeSelection\":\"2to6\",\"edgeRTMS\":5395}]","seed":" 53220770","task":"experiment","subjectId":"75jgqpm7wenwqfn","trial_type":"external-html","trial_index":28,"time_elapsed":431501,"internal_node_id":"0.0-9.0-0.20"},{"rt":9723,"url":"../static/nodeGraphs.html","edge":"0to2","edgeRT":"8132","flipped":"TRUE","correct_edge":"0to2","index":"31","edgeClickLog":"[{\"edgeSelection\":\"3to6\",\"edgeRTMS\":4377},{\"edgeSelection\":\"0to2\",\"edgeRTMS\":8132}]","seed":" 63833578","task":"experiment","subjectId":"75jgqpm7wenwqfn","trial_type":"external-html","trial_index":29,"time_elapsed":442041,"internal_node_id":"0.0-9.0-0.21"},{"rt":5132,"url":"../static/nodeGraphs.html","edge":"5to7","edgeRT":"4465","flipped":"FALSE","correct_edge":"0to1","index":"19","edgeClickLog":"[{\"edgeSelection\":\"5to7\",\"edgeRTMS\":4465}]","seed":" 37422119","task":"experiment","subjectId":"75jgqpm7wenwqfn","trial_type":"external-html","trial_index":30,"time_elapsed":447783,"internal_node_id":"0.0-9.0-0.22"},{"rt":4435,"url":"../static/nodeGraphs.html","edge":"0to2","edgeRT":"3360","flipped":"FALSE","correct_edge":"0to2","index":"11","edgeClickLog":"[{\"edgeSelection\":\"0to2\",\"edgeRTMS\":3360}]","seed":" 63833578","task":"experiment","subjectId":"75jgqpm7wenwqfn","trial_type":"external-html","trial_index":31,"time_elapsed":452837,"internal_node_id":"0.0-9.0-0.23"},{"rt":4786,"url":"../static/nodeGraphs.html","edge":"2to4","edgeRT":"3748","flipped":"FALSE","correct_edge":"2to4","index":"4","edgeClickLog":"[{\"edgeSelection\":\"2to4\",\"edgeRTMS\":3748}]","seed":" 36501291","task":"experiment","subjectId":"75jgqpm7wenwqfn","trial_type":"external-html","trial_index":32,"time_elapsed":458235,"internal_node_id":"0.0-9.0-0.24"},{"rt":5198,"url":"../static/nodeGraphs.html","edge":"3to5","edgeRT":"3986","flipped":"TRUE","correct_edge":"0to2","index":"37","edgeClickLog":"[{\"edgeSelection\":\"3to5\",\"edgeRTMS\":3986}]","seed":" 21211189","task":"experiment","subjectId":"75jgqpm7wenwqfn","trial_type":"external-html","trial_index":33,"time_elapsed":464045,"internal_node_id":"0.0-9.0-0.25"},{"rt":5046,"url":"../static/nodeGraphs.html","edge":"0to3","edgeRT":"2920","flipped":"FALSE","correct_edge":"0to3","index":"12","edgeClickLog":"[{\"edgeSelection\":\"0to3\",\"edgeRTMS\":2920}]","seed":" 36895371","task":"experiment","subjectId":"75jgqpm7wenwqfn","trial_type":"external-html","trial_index":34,"time_elapsed":469701,"internal_node_id":"0.0-9.0-0.26"},{"rt":7008,"url":"../static/nodeGraphs.html","edge":"0to3","edgeRT":"3148","flipped":"TRUE","correct_edge":"0to3","index":"20","edgeClickLog":"[{\"edgeSelection\":\"0to3\",\"edgeRTMS\":3148}]","seed":" 21745736","task":"experiment","subjectId":"75jgqpm7wenwqfn","trial_type":"external-html","trial_index":35,"time_elapsed":477318,"internal_node_id":"0.0-9.0-0.27"},{"rt":4556,"url":"../static/nodeGraphs.html","edge":"1to4","edgeRT":"3572","flipped":"FALSE","correct_edge":"1to4","index":"2","edgeClickLog":"[{\"edgeSelection\":\"1to4\",\"edgeRTMS\":3572}]","seed":" 22809663","task":"experiment","subjectId":"75jgqpm7wenwqfn","trial_type":"external-html","trial_index":36,"time_elapsed":482487,"internal_node_id":"0.0-9.0-0.28"},{"rt":2316,"url":"../static/nodeGraphs.html","edge":"5to8","edgeRT":"1266","flipped":"TRUE","correct_edge":"5to8","index":"23","edgeClickLog":"[{\"edgeSelection\":\"5to8\",\"edgeRTMS\":1266}]","seed":" 46003743","task":"experiment","subjectId":"75jgqpm7wenwqfn","trial_type":"external-html","trial_index":37,"time_elapsed":485420,"internal_node_id":"0.0-9.0-0.29"},{"rt":7757,"url":"../static/nodeGraphs.html","edge":"3to6","edgeRT":"6530","flipped":"TRUE","correct_edge":"0to2","index":"28","edgeClickLog":"[{\"edgeSelection\":\"0to2\",\"edgeRTMS\":4189},{\"edgeSelection\":\"3to6\",\"edgeRTMS\":6530}]","seed":" 8396978","task":"experiment","subjectId":"75jgqpm7wenwqfn","trial_type":"external-html","trial_index":38,"time_elapsed":493792,"internal_node_id":"0.0-9.0-0.30"},{"rt":3218,"url":"../static/nodeGraphs.html","edge":"2to4","edgeRT":"2404","flipped":"FALSE","correct_edge":"0to2","index":"8","edgeClickLog":"[{\"edgeSelection\":\"2to4\",\"edgeRTMS\":2404}]","seed":" 8396978","task":"experiment","subjectId":"75jgqpm7wenwqfn","trial_type":"external-html","trial_index":39,"time_elapsed":497621,"internal_node_id":"0.0-9.0-0.31"},{"rt":3872,"url":"../static/nodeGraphs.html","edge":"3to6","edgeRT":"2988","flipped":"TRUE","correct_edge":"3to6","index":"22","edgeClickLog":"[{\"edgeSelection\":\"3to6\",\"edgeRTMS\":2988}]","seed":" 22809663","task":"experiment","subjectId":"75jgqpm7wenwqfn","trial_type":"external-html","trial_index":40,"time_elapsed":502098,"internal_node_id":"0.0-9.0-0.32"},{"rt":5846,"url":"../static/nodeGraphs.html","edge":"2to6","edgeRT":"4634","flipped":"TRUE","correct_edge":"2to4","index":"35","edgeClickLog":"[{\"edgeSelection\":\"2to6\",\"edgeRTMS\":4634}]","seed":" 53220770","task":"experiment","subjectId":"75jgqpm7wenwqfn","trial_type":"external-html","trial_index":41,"time_elapsed":508557,"internal_node_id":"0.0-9.0-0.33"},{"rt":3953,"url":"../static/nodeGraphs.html","edge":"2to6","edgeRT":"3093","flipped":"TRUE","correct_edge":"0to2","index":"27","edgeClickLog":"[{\"edgeSelection\":\"2to6\",\"edgeRTMS\":3093}]","seed":" 85614324","task":"experiment","subjectId":"75jgqpm7wenwqfn","trial_type":"external-html","trial_index":42,"time_elapsed":513115,"internal_node_id":"0.0-9.0-0.34"},{"rt":5379,"url":"../static/nodeGraphs.html","edge":"0to1","edgeRT":"3605","flipped":"FALSE","correct_edge":"0to1","index":"0","edgeClickLog":"[{\"edgeSelection\":\"0to1\",\"edgeRTMS\":3605}]","seed":" 21745736","task":"experiment","subjectId":"75jgqpm7wenwqfn","trial_type":"external-html","trial_index":43,"time_elapsed":519153,"internal_node_id":"0.0-9.0-0.35"},{"rt":23438,"url":"../static/nodeGraphs.html","edge":"2to5","edgeRT":"22524","flipped":"FALSE","correct_edge":"0to2","index":"7","edgeClickLog":"[{\"edgeSelection\":\"2to5\",\"edgeRTMS\":22524}]","seed":" 85614324","task":"experiment","subjectId":"75jgqpm7wenwqfn","trial_type":"external-html","trial_index":44,"time_elapsed":543200,"internal_node_id":"0.0-9.0-0.36"},{"rt":5747,"url":"../static/nodeGraphs.html","edge":"3to6","edgeRT":"4653","flipped":"TRUE","correct_edge":"0to2","index":"34","edgeClickLog":"[{\"edgeSelection\":\"3to6\",\"edgeRTMS\":4653}]","seed":" 21083760","task":"experiment","subjectId":"75jgqpm7wenwqfn","trial_type":"external-html","trial_index":45,"time_elapsed":549566,"internal_node_id":"0.0-9.0-0.37"},{"rt":9505,"url":"../static/nodeGraphs.html","edge":"4to8","edgeRT":"8647","flipped":"FALSE","correct_edge":"0to2","index":"10","edgeClickLog":"[{\"edgeSelection\":\"6to8\",\"edgeRTMS\":7456},{\"edgeSelection\":\"4to8\",\"edgeRTMS\":8647}]","seed":" 39688702","task":"experiment","subjectId":"75jgqpm7wenwqfn","trial_type":"external-html","trial_index":46,"time_elapsed":559678,"internal_node_id":"0.0-9.0-0.38"},{"rt":7367,"url":"../static/nodeGraphs.html","edge":"5to7","edgeRT":"6230","flipped":"TRUE","correct_edge":"0to1","index":"32","edgeClickLog":"[{\"edgeSelection\":\"5to7\",\"edgeRTMS\":6230}]","seed":" 36895371","task":"experiment","subjectId":"75jgqpm7wenwqfn","trial_type":"external-html","trial_index":47,"time_elapsed":567710,"internal_node_id":"0.0-9.0-0.39"},{"rt":64718,"response":{"P0_Q0":null,"P0_Q1":2,"P0_Q2":5,"P0_Q3":4,"P0_Q4":3,"P0_Q5":3,"strategies":"common sense","feedback":"no"},"accuracy":[],"trial_type":"survey","trial_index":48,"time_elapsed":632994,"internal_node_id":"0.0-10.0"},{"rt":2605,"stimulus":"<p>Thanks for your time!</p>        <p>We need to manually calculate your bonus pay, please give us up to 7 days.</p><p>Press any key to conclude.</p>","response":" ","task":"end","subjectId":"75jgqpm7wenwqfn","trial_type":"html-keyboard-response","trial_index":49,"time_elapsed":635600,"internal_node_id":"0.0-11.0","interactions":"[{\"event\":\"fullscreenenter\",\"trial\":1,\"time\":3226},{\"event\":\"blur\",\"trial\":4,\"time\":118172},{\"event\":\"focus\",\"trial\":4,\"time\":118172},{\"event\":\"blur\",\"trial\":21,\"time\":369763},{\"event\":\"focus\",\"trial\":21,\"time\":369763}]"}]